# OSM contributors ODbL; elevations USGS 3DEP
# Centimeters, Z up, OBJ Y = negative Unreal Y.
o Park_Concrete_3_15
v -4077.521342 6169.402082 -330.817404
v -4077.521342 6164.696489 -330.854167
v -4081.790555 6168.965703 -330.620694
v -4123.557375 6164.696489 -329.415541
v -4010.854675 6176.216444 -333.152917
v -4010.854675 6164.696489 -333.197917
v -4021.306312 6175.148125 -332.748823
v -4072.262936 6169.939572 -330.998071
v -3944.188009 6183.030806 -336.179680
v -3944.188009 6164.696489 -336.322917
v -3960.822068 6181.330548 -335.478218
v -4006.465702 6176.665065 -333.356898
v -3877.521342 6177.141420 -339.041661
v -3877.521342 6164.696489 -339.187500
v -3893.046125 6180.221272 -338.399132
v -3940.668468 6183.390557 -336.328100
v -3899.189780 6181.440068 -338.125625
v -3814.789478 6164.696489 -341.147871
v -4544.188009 6101.156599 -320.933905
v -4544.188009 6098.029823 -320.958333
v -4546.674905 6100.516719 -320.938904
v -4556.340244 6098.029823 -320.815924
v -4477.521342 6118.309964 -322.464373
v -4477.521342 6098.029823 -322.781250
v -4493.651251 6114.159731 -322.214183
v -4541.134131 6101.942363 -321.011271
v -4410.854675 6134.595433 -324.318498
v -4410.854675 6098.029823 -324.604167
v -4440.627596 6127.802743 -323.324861
v -4421.898912 6132.621643 -323.945644
v -4344.188009 6142.144635 -325.649696
v -4344.188009 6098.029823 -326.166667
v -4384.211774 6138.053588 -324.915924
v -4401.249105 6136.312110 -324.530217
v -4277.521342 6148.958997 -326.535514
v -4277.521342 6098.029823 -327.729167
v -4323.727531 6144.236011 -326.104730
v -4335.451871 6143.037603 -325.843985
v -4210.854675 6155.773358 -327.417469
v -4210.854675 6098.029823 -328.770833
v -4263.243287 6150.418434 -326.724403
v -4269.654637 6149.763095 -326.639585
v -4144.188009 6162.587720 -328.803783
v -4144.188009 6098.029823 -329.812500
v -4202.759043 6156.600857 -327.524569
v -4203.857403 6156.488588 -327.510038
v -4077.521342 6098.029823 -330.854167
v -4142.274799 6162.783280 -328.830621
v -4138.060169 6163.214080 -328.962328
v -4010.854675 6098.029823 -331.895833
v -3944.188009 6098.029823 -334.500000
v -3877.521342 6098.029823 -337.364583
v -3810.854675 6098.029823 -339.968750
v -3810.854675 6163.915892 -341.255587
v -3744.188009 6150.690363 -343.450449
v -3744.188009 6098.029823 -342.833333
v -3809.880897 6163.722711 -341.293656
v -3677.521342 6137.464835 -345.485169
v -3677.521342 6098.029823 -345.177083
v -3726.715669 6147.224149 -344.024091
v -3728.411982 6147.560669 -343.968399
v -3610.854675 6123.641858 -346.158427
v -3610.854675 6098.029823 -345.958333
v -3643.550441 6130.725588 -345.830615
v -3614.560117 6124.974403 -346.125415
v -3671.486050 6136.267536 -345.546542
v -3551.533782 6098.029823 -346.885222
v -3575.348257 6110.873096 -346.613459
v -4810.854675 6032.543136 -316.549687
v -4810.854675 6031.363156 -316.531250
v -4811.793178 6032.301659 -316.538582
v -4815.440675 6031.363156 -316.459594
v -4744.188009 6049.696502 -317.716146
v -4744.188009 6031.363156 -317.572917
v -4758.769523 6045.944671 -317.572917
v -4779.604569 6040.583803 -317.163606
v -4677.521342 6066.849867 -318.753203
v -4677.521342 6031.363156 -318.614583
v -4705.745869 6059.587683 -318.394079
v -4719.986960 6055.923443 -318.142935
v -4610.854675 6084.003233 -320.122292
v -4610.854675 6031.363156 -319.916667
v -4652.722214 6073.230695 -319.262486
v -4660.369350 6071.263083 -319.105442
v -4544.188009 6031.363156 -320.437500
v -4599.698560 6086.873707 -320.220662
v -4600.751741 6086.602723 -320.211375
v -4477.521342 6031.363156 -321.479167
v -4410.854675 6031.363156 -322.520833
v -4344.188009 6031.363156 -324.343750
v -4277.521342 6031.363156 -330.333333
v -4210.854675 6031.363156 -333.979167
v -4144.188009 6031.363156 -331.635417
v -4077.521342 6031.363156 -330.072917
v -4010.854675 6031.363156 -329.812500
v -3944.188009 6031.363156 -330.593750
v -3877.521342 6031.363156 -332.677083
v -3810.854675 6031.363156 -335.541667
v -3744.188009 6031.363156 -338.406250
v -3677.521342 6031.363156 -341.531250
v -3610.854675 6031.363156 -344.135417
v -3544.188009 6031.363156 -345.958333
v -3544.188009 6094.068208 -346.938100
v -3477.521342 6031.363156 -348.562500
v -3535.588789 6089.430603 -347.201544
v -3521.775186 6081.980854 -347.599877
v -3477.521342 6058.114520 -348.875993
v -3427.917967 6031.363156 -350.306369
v -4944.188009 5981.017100 -314.575421
v -4944.188009 5964.696489 -314.447917
v -4955.515986 5976.024466 -314.359417
v -4981.218468 5964.696489 -314.013966
v -4969.171414 5970.006045 -314.175883
v -4877.521342 6010.399416 -315.407694
v -4877.521342 5964.696489 -315.229167
v -4909.243300 5996.418447 -315.105253
v -4914.985029 5993.887868 -315.018197
v -4810.854675 5964.696489 -316.270833
v -4862.970614 6016.812428 -315.660100
v -4860.798644 6017.769691 -315.697776
v -4839.222179 6025.244163 -316.064105
v -4744.188009 5964.696489 -316.791667
v -4677.521342 5964.696489 -317.052083
v -4610.854675 5964.696489 -318.093750
v -4544.188009 5964.696489 -319.395833
v -4477.521342 5964.696489 -321.479167
v -4410.854675 5964.696489 -323.041667
v -4344.188009 5964.696489 -325.906250
v -4277.521342 5964.696489 -337.104167
v -4210.854675 5964.696489 -345.437500
v -4144.188009 5964.696489 -342.572917
v -4077.521342 5964.696489 -337.364583
v -4010.854675 5964.696489 -334.500000
v -3944.188009 5964.696489 -332.416667
v -3877.521342 5964.696489 -330.593750
v -3810.854675 5964.696489 -332.156250
v -3744.188009 5964.696489 -334.500000
v -3677.521342 5964.696489 -337.364583
v -3610.854675 5964.696489 -341.531250
v -3544.188009 5964.696489 -345.177083
v -3477.521342 5964.696489 -348.041667
v -3410.854675 5964.696489 -350.385417
v -3414.629044 6024.196369 -350.717567
v -3410.854675 6022.160832 -350.834357
v -3344.188009 5986.207144 -352.544437
v -3344.188009 5964.696489 -352.208333
v -3390.879789 6011.388270 -351.296384
v -3304.828627 5964.696489 -353.745809
v -3307.482901 5966.411884 -353.668930
v -5077.521342 5898.029823 -313.145833
v -5094.334044 5914.842524 -313.277183
v -5077.544185 5922.242399 -313.334994
v -5077.521342 5922.252466 -313.335073
v -5132.481028 5898.029823 -312.501775
v -5131.730570 5898.360576 -312.517029
v -5010.854675 5951.634783 -313.717689
v -5010.854675 5898.029823 -313.927083
v -5048.061358 5935.236505 -313.781745
v -4944.188009 5898.029823 -315.229167
v -5001.788672 5955.630486 -313.879151
v -4877.521342 5898.029823 -316.791667
v -4810.854675 5898.029823 -318.093750
v -4744.188009 5898.029823 -319.656250
v -4677.521342 5898.029823 -323.041667
v -4610.854675 5898.029823 -326.427083
v -4544.188009 5898.029823 -329.812500
v -4477.521342 5898.029823 -333.197917
v -4410.854675 5898.029823 -336.062500
v -4344.188009 5898.029823 -337.364583
v -4277.521342 5898.029823 -345.437500
v -4210.854675 5898.029823 -356.114583
v -4144.188009 5898.029823 -357.416667
v -4077.521342 5898.029823 -351.947917
v -4010.854675 5898.029823 -346.218750
v -3944.188009 5901.571887 -341.046983
v -3947.401595 5901.243409 -341.192317
v -3977.993733 5898.116421 -343.892993
v -3978.840946 5898.029823 -343.967785
v -3877.521342 5898.029823 -338.666667
v -3909.505158 5898.029823 -340.040971
v -3933.082091 5902.707084 -340.414573
v -3810.854675 5898.029823 -336.322917
v -3744.188009 5898.029823 -336.583333
v -3677.521342 5898.029823 -339.708333
v -3610.854675 5898.029823 -344.656250
v -3544.188009 5898.029823 -348.302083
v -3477.521342 5898.029823 -349.604167
v -3410.854675 5898.029823 -349.343750
v -3344.188009 5898.029823 -350.645833
v -3277.521342 5898.029823 -353.510417
v -3288.887276 5954.393969 -354.167297
v -3277.521342 5945.701210 -354.441498
v -3241.262767 5917.970358 -356.024406
v -3215.190168 5898.029823 -357.162634
v -5277.521342 5831.363156 -310.802083
v -5283.066047 5836.907861 -310.867060
v -5282.723000 5837.022278 -310.866614
v -5277.521342 5838.757201 -310.859849
v -5299.690219 5831.363156 -310.802083
v -5210.854675 5863.487833 -311.043615
v -5210.854675 5831.363156 -310.541667
v -5233.152102 5853.660582 -310.802965
v -5234.129610 5853.229760 -310.803417
v -5144.188009 5892.870150 -312.283963
v -5144.188009 5831.363156 -311.322917
v -5186.879416 5874.054563 -311.489680
v -5077.521342 5831.363156 -314.187500
v -5140.606730 5894.448544 -312.462509
v -5010.854675 5831.363156 -318.093750
v -4944.188009 5831.363156 -322.781250
v -4877.521342 5831.363156 -327.729167
v -4810.854675 5831.363156 -330.593750
v -4744.188009 5831.363156 -333.197917
v -4677.521342 5831.363156 -338.406250
v -4610.854675 5831.363156 -343.614583
v -4544.188009 5831.363156 -346.739583
v -4477.521342 5831.363156 -348.822917
v -4410.854675 5846.343359 -348.176515
v -4411.744938 5846.114294 -348.191948
v -4422.769252 5843.277733 -348.383067
v -4469.075333 5831.363156 -349.185831
v -4344.188009 5860.685716 -346.554734
v -4362.313602 5858.833001 -346.656661
v -4369.745598 5856.920745 -346.982099
v -4277.521342 5867.500078 -351.042570
v -4306.979902 5864.488959 -348.028145
v -4310.307058 5864.148872 -347.687685
v -4210.854675 5874.314440 -359.542197
v -4241.182668 5871.214451 -355.133025
v -4249.822814 5870.331295 -353.876895
v -4144.188009 5881.128802 -361.047745
v -4175.385434 5877.939944 -361.123527
v -4189.338571 5876.513718 -361.157420
v -4077.521342 5887.943164 -354.430180
v -4109.588201 5884.665436 -357.867293
v -4128.854327 5882.696141 -359.932349
v -4010.854675 5894.757526 -346.972912
v -4043.790967 5891.390929 -350.579270
v -4068.370083 5888.878564 -353.270560
v -4007.885839 5895.060986 -346.705825
v -3877.521342 5891.684780 -340.599922
v -3810.854675 5878.459251 -343.279643
v -3839.823322 5884.206136 -342.255234
v -3869.606038 5890.114518 -341.202038
v -3744.188009 5865.233723 -347.216444
v -3782.897390 5872.913003 -344.575469
v -3786.440810 5873.615957 -344.333716
v -3677.521342 5847.851932 -351.664784
v -3689.712569 5854.426726 -349.526670
v -3703.275582 5857.117396 -348.249768
v -3610.854675 5831.363156 -356.114583
v -3646.947239 5831.363156 -355.832610
v -3654.684314 5835.535801 -354.777901
v -3544.188009 5831.363156 -357.677083
v -3477.521342 5831.363156 -354.552083
v -3410.854675 5831.363156 -350.906250
v -3344.188009 5831.363156 -350.906250
v -3277.521342 5831.363156 -353.510417
v -3210.854675 5831.363156 -357.156250
v -3210.854675 5894.714002 -357.403714
v -3144.188009 5843.726795 -359.432765
v -3144.188009 5831.363156 -359.239583
v -3196.756313 5883.931460 -357.802169
v -3128.022335 5831.363156 -359.555319
v -5477.521342 5772.050669 -310.107015
v -5477.521342 5764.696489 -310.020833
v -5483.036152 5770.211299 -310.042376
v -5499.570695 5764.696489 -309.848573
v -5410.854675 5794.286179 -310.483172
v -5410.854675 5764.696489 -310.020833
v -5433.043626 5786.885440 -310.280860
v -5447.081613 5782.203312 -310.225991
v -5344.188009 5816.521690 -310.570185
v -5344.188009 5764.696489 -309.760417
v -5383.051099 5803.559580 -310.519461
v -5392.295409 5800.476301 -310.507396
v -5277.521342 5764.696489 -309.760417
v -5333.058573 5820.233720 -310.628186
v -5337.509205 5818.749289 -310.604992
v -5210.854675 5764.696489 -311.843750
v -5144.188009 5764.696489 -317.052083
v -5077.521342 5764.696489 -323.822917
v -5010.854675 5764.696489 -329.552083
v -4944.188009 5764.696489 -335.281250
v -4877.521342 5764.696489 -341.270833
v -4810.854675 5764.696489 -345.177083
v -4744.188009 5764.696489 -347.781250
v -4677.521342 5777.729897 -350.348030
v -4687.887525 5775.062673 -350.132046
v -4709.832986 5769.416095 -349.567022
v -4728.175763 5764.696489 -349.094754
v -4610.854675 5794.883262 -352.592057
v -4634.863871 5788.705685 -352.236602
v -4650.215377 5784.755735 -351.556946
v -4544.188009 5812.036628 -351.722204
v -4581.840216 5802.348697 -352.454926
v -4590.597767 5800.095375 -352.496317
v -4477.521342 5829.189994 -349.366207
v -4528.816561 5815.991709 -351.062803
v -4475.792907 5829.634721 -349.322542
v -3610.854675 5811.898244 -360.980811
v -3544.188009 5775.944556 -364.820887
v -3547.538171 5777.751317 -364.509465
v -3568.603456 5789.111937 -362.551292
v -3601.111243 5806.643559 -361.342975
v -3477.521342 5764.696489 -358.718750
v -3523.331424 5764.696489 -363.908173
v -3410.854675 5764.696489 -353.250000
v -3344.188009 5764.696489 -351.947917
v -3277.521342 5764.696489 -354.291667
v -3210.854675 5764.696489 -357.416667
v -3144.188009 5764.696489 -358.718750
v -3077.521342 5764.696489 -359.760417
v -3098.389241 5808.699525 -359.868501
v -3077.521342 5792.739587 -360.089047
v -5677.521342 5704.502162 -307.467232
v -5677.521342 5698.029823 -307.416667
v -5682.349562 5702.858043 -307.378946
v -5696.528405 5698.029823 -306.896942
v -5610.854675 5698.029823 -308.718750
v -5632.617724 5719.792871 -308.463714
v -5615.606931 5725.585435 -308.663060
v -5610.854675 5727.203687 -308.718750
v -5673.727060 5705.794202 -307.551433
v -5544.188009 5749.815158 -309.441870
v -5544.188009 5698.029823 -309.239583
v -5582.885886 5736.727700 -308.937256
v -5557.486803 5745.376668 -309.268687
v -5556.654022 5745.657335 -309.279542
v -5477.521342 5698.029823 -308.979167
v -5533.028678 5753.537159 -309.412818
v -5501.867818 5763.930324 -309.818655
v -5410.854675 5698.029823 -308.197917
v -5344.188009 5698.029823 -309.500000
v -5277.521342 5698.029823 -313.927083
v -5210.854675 5698.029823 -320.697917
v -5144.188009 5698.029823 -328.510417
v -5077.521342 5698.029823 -336.062500
v -5010.854675 5698.029823 -342.052083
v -4944.188009 5698.029823 -348.041667
v -4877.521342 5704.410897 -353.280854
v -4881.950383 5702.458864 -353.271814
v -4891.999606 5698.029823 -353.138190
v -4810.854675 5733.793213 -351.695743
v -4835.677697 5722.852845 -352.549003
v -4856.246902 5713.787282 -352.908761
v -4744.188009 5760.576531 -348.698585
v -4758.356567 5756.930954 -348.956836
v -4789.405012 5743.246826 -350.790863
v -4802.060516 5737.669105 -351.324751
v -4740.911180 5761.419660 -348.754059
v -3477.521342 5739.990868 -361.613940
v -3493.965100 5748.859074 -362.437467
v -3410.854675 5698.029823 -357.937500
v -3414.590995 5698.029823 -358.419135
v -3450.166494 5725.238253 -359.816551
v -3344.188009 5698.029823 -353.510417
v -3277.521342 5698.029823 -354.812500
v -3210.854675 5698.029823 -356.635417
v -3144.188009 5698.029823 -357.937500
v -3077.521342 5698.029823 -360.020833
v -5877.521342 5636.397588 -302.006914
v -5877.521342 5631.363156 -301.947917
v -5881.276915 5635.118729 -301.962587
v -5892.305758 5631.363156 -301.485904
v -5810.854675 5659.099113 -304.031250
v -5810.854675 5631.363156 -304.031250
v -5831.545077 5652.053558 -303.627141
v -5848.087446 5646.420503 -303.044179
v -5744.188009 5681.800637 -305.593750
v -5744.188009 5631.363156 -305.593750
v -5781.813239 5668.988386 -304.711909
v -5789.967317 5666.211736 -304.520797
v -5677.521342 5631.363156 -306.895833
v -5732.081400 5685.923214 -305.830207
v -5731.847188 5686.002969 -305.837235
v -5610.854675 5631.363156 -307.937500
v -5544.188009 5631.363156 -307.416667
v -5477.521342 5631.363156 -307.416667
v -5410.854675 5631.363156 -310.802083
v -5344.188009 5631.363156 -317.052083
v -5277.521342 5631.363156 -324.864583
v -5210.854675 5631.363156 -332.677083
v -5144.188009 5631.363156 -340.750000
v -5077.521342 5631.363156 -348.041667
v -5010.854675 5645.646263 -352.078624
v -5018.806058 5642.141813 -352.035016
v -5020.768441 5641.276922 -352.024253
v -5043.262166 5631.363156 -351.521114
v -4944.188009 5675.028580 -352.534097
v -4964.619672 5666.023636 -352.457218
v -4974.495755 5661.670903 -352.420057
v -4910.433287 5689.905459 -352.893080
v -4928.223069 5682.064883 -352.656532
v -3410.854675 5695.172255 -358.372833
v -3344.188009 5644.185047 -359.189358
v -3363.738636 5659.137526 -358.910622
v -3398.704735 5685.879882 -358.412107
v -3277.521342 5631.363156 -356.375000
v -3327.423161 5631.363156 -359.493864
v -3210.854675 5631.363156 -356.114583
v -3144.188009 5631.363156 -357.937500
v -3077.521342 5631.363156 -361.062500
v -11410.854675 5612.985373 -287.895312
v -11410.854675 5564.696489 -284.500000
v -11460.623342 5614.465156 -288.388177
v -11431.431930 5613.721336 -288.107819
v -11429.940000 5613.675361 -288.092931
v -11477.521342 5564.696489 -285.281250
v -11477.521342 5614.895730 -288.614793
v -11344.188009 5610.575189 -288.327882
v -11344.188009 5564.696489 -285.281250
v -11391.787564 5612.296045 -288.070286
v -11277.521342 5608.165005 -288.779282
v -11277.521342 5564.696489 -286.062500
v -11322.620310 5609.795457 -288.528850
v -11325.926613 5609.914989 -288.498042
v -11210.854675 5605.751369 -288.428338
v -11210.854675 5564.696489 -285.541667
v -11253.453053 5607.294867 -288.536865
v -11221.869533 5606.153031 -288.456580
v -11273.919920 5608.034803 -288.743009
v -11144.188009 5603.320337 -287.887447
v -11144.188009 5564.696489 -285.020833
v -11184.273597 5604.782077 -288.152520
v -11077.521342 5564.696489 -285.020833
v -11115.083894 5602.259041 -287.808679
v -11103.968054 5601.853697 -287.736757
v -11077.521342 5600.889305 -287.565641
v -11010.854675 5598.458273 -287.651778
v -11010.854675 5564.696489 -285.541667
v -11045.894192 5599.736006 -287.731636
v -10944.188009 5596.033637 -287.377828
v -10944.188009 5564.696489 -285.541667
v -10976.705974 5597.214455 -287.574040
v -10986.077244 5597.554752 -287.595308
v -10877.521342 5593.612785 -287.530906
v -10877.521342 5564.696489 -286.062500
v -10907.527235 5594.702383 -287.586237
v -10922.639560 5595.251153 -287.500326
v -10810.854675 5591.191934 -287.564891
v -10810.854675 5564.696489 -286.322917
v -10838.348497 5592.190311 -287.611690
v -10859.191208 5592.947167 -287.568707
v -10744.188009 5588.771082 -287.690122
v -10744.188009 5564.696489 -286.843750
v -10769.169758 5589.678239 -287.819600
v -10795.742856 5590.643182 -287.657229
v -10677.521342 5586.350230 -288.301679
v -10677.521342 5564.696489 -287.625000
v -10699.991019 5587.166167 -288.151633
v -10732.294503 5588.339196 -287.814316
v -10610.854675 5583.929378 -288.746861
v -10610.854675 5564.696489 -288.145833
v -10630.812280 5584.654094 -288.613590
v -10668.846151 5586.035210 -288.359610
v -10544.188009 5581.508527 -289.386787
v -10544.188009 5564.696489 -288.927083
v -10561.633542 5582.142022 -289.267816
v -10605.397799 5583.731224 -288.804617
v -10477.521342 5578.200225 -290.337993
v -10477.521342 5564.696489 -289.968750
v -10491.740277 5578.915424 -290.135378
v -10541.949447 5581.427238 -289.419542
v -10539.996913 5581.342686 -289.447739
v -10410.854675 5574.846956 -290.767135
v -10410.854675 5564.696489 -290.489583
v -10421.542742 5575.384556 -290.698335
v -10473.730674 5578.009558 -290.362394
v -10344.188009 5571.493687 -291.249381
v -10344.188009 5564.696489 -291.010417
v -10351.345207 5571.853687 -291.150206
v -10407.464434 5574.676430 -290.788959
v -10277.521342 5568.140418 -290.884528
v -10277.521342 5564.696489 -290.750000
v -10281.147672 5568.322819 -290.891654
v -10341.198195 5571.343303 -291.232415
v -10210.854675 5564.787149 -290.232000
v -10210.854675 5564.696489 -290.229167
v -10210.950137 5564.791951 -290.233641
v -10274.931955 5568.010175 -290.859211
v -10209.052254 5564.696489 -290.236207
v -6077.521342 5581.836232 -299.871975
v -6077.521342 5564.696489 -299.604167
v -6091.085910 5578.261057 -299.975073
v -6142.551215 5564.696489 -300.874281
v -6133.964685 5566.959617 -300.724256
v -6010.854675 5599.407380 -299.104858
v -6010.854675 5564.696489 -298.562500
v -6038.325229 5592.167043 -299.420955
v -6074.663505 5582.589464 -299.839091
v -5944.188009 5564.696489 -299.083333
v -5985.564548 5606.073029 -299.406588
v -5956.061146 5613.849159 -299.612962
v -5944.188009 5616.978529 -299.696013
v -5877.521342 5564.696489 -301.687500
v -5932.803868 5619.979015 -300.175868
v -5901.534018 5628.220722 -301.185245
v -5810.854675 5564.696489 -304.552083
v -5744.188009 5564.696489 -304.552083
v -5677.521342 5564.696489 -303.510417
v -5610.854675 5564.696489 -303.770833
v -5544.188009 5564.696489 -305.072917
v -5477.521342 5564.696489 -310.020833
v -5410.854675 5564.696489 -321.739583
v -5344.188009 5564.696489 -330.333333
v -5277.521342 5564.696489 -337.625000
v -5210.854675 5565.829142 -344.708719
v -5211.704038 5565.545852 -344.661194
v -5214.250604 5564.696489 -344.545237
v -5144.188009 5588.064653 -348.530200
v -5161.711512 5582.219992 -347.458425
v -5077.521342 5616.263947 -350.813787
v -5113.313813 5600.488961 -349.795174
v -5127.178828 5594.378167 -349.322561
v -5139.345373 5589.679830 -348.788552
v -5067.041127 5620.882941 -351.071104
v -3277.521342 5593.197840 -361.592914
v -3210.854675 5564.696489 -360.281250
v -3240.255327 5564.696489 -362.578176
v -3268.489618 5586.290304 -361.831701
v -3144.188009 5564.696489 -359.500000
v -3077.521342 5564.696489 -361.843750
v -11410.854675 5498.029823 -281.375000
v -11477.521342 5498.029823 -281.114583
v -11344.188009 5498.029823 -281.375000
v -11277.521342 5498.029823 -280.854167
v -11210.854675 5498.029823 -280.333333
v -11144.188009 5498.029823 -280.072917
v -11077.521342 5498.029823 -279.291667
v -11010.854675 5498.029823 -279.031250
v -10944.188009 5498.029823 -279.291667
v -10877.521342 5498.029823 -280.333333
v -10810.854675 5498.029823 -281.114583
v -10744.188009 5498.029823 -281.895833
v -10677.521342 5498.029823 -282.416667
v -10610.854675 5498.029823 -283.197917
v -10544.188009 5498.029823 -284.760417
v -10477.521342 5498.029823 -285.802083
v -10410.854675 5498.029823 -286.583333
v -10344.188009 5498.029823 -287.104167
v -10277.521342 5498.029823 -287.364583
v -10210.854675 5498.029823 -287.364583
v -10144.188009 5498.029823 -287.625000
v -10208.665716 5564.677047 -290.236882
v -10144.188009 5561.433880 -290.349393
v -10077.521342 5558.080611 -290.648611
v -10077.521342 5498.029823 -287.364583
v -10140.752602 5561.261083 -290.328549
v -10142.399476 5561.343919 -290.338541
v -10010.854675 5554.727343 -291.273244
v -10010.854675 5498.029823 -286.843750
v -10070.555067 5557.730215 -290.575024
v -10076.133236 5558.010791 -290.633948
v -9944.188009 5498.029823 -286.843750
v -10000.357532 5554.199346 -291.231994
v -9945.332922 5551.431662 -291.628155
v -9944.188009 5551.402481 -291.638950
v -10009.866997 5554.677663 -291.269363
v -9877.521342 5549.703350 -292.065694
v -9877.521342 5498.029823 -287.625000
v -9930.546315 5551.054796 -291.767576
v -9810.854675 5498.029823 -288.406250
v -9862.136079 5549.311226 -292.212292
v -9824.457212 5548.350906 -292.141018
v -9810.854675 5548.004218 -292.115287
v -9744.188009 5546.305087 -292.204704
v -9744.188009 5498.029823 -289.187500
v -9793.725842 5547.567656 -292.283615
v -9677.521342 5498.029823 -289.708333
v -9725.315606 5545.824087 -292.322082
v -9701.847711 5545.225961 -292.200037
v -9677.521342 5544.605956 -292.073528
v -9610.854675 5542.906824 -292.503008
v -9610.854675 5498.029823 -290.750000
v -9656.905370 5544.080517 -292.368970
v -9544.188009 5498.029823 -291.531250
v -9588.495133 5542.336947 -292.742773
v -9579.238210 5542.101016 -292.806798
v -9544.188009 5541.207693 -293.049222
v -9477.521342 5498.029823 -290.489583
v -9520.084897 5540.593378 -292.651014
v -9518.615099 5540.555917 -292.637921
v -9477.521342 5539.909021 -292.289080
v -9410.854675 5538.859558 -291.680793
v -9410.854675 5498.029823 -289.447917
v -9452.337430 5539.512577 -291.878547
v -9457.612950 5539.595624 -291.964545
v -9344.188009 5537.810094 -290.997542
v -9344.188009 5498.029823 -288.666667
v -9384.604515 5538.446329 -291.350575
v -9395.929023 5538.624599 -291.493033
v -9277.521342 5536.760631 -289.894383
v -9277.521342 5498.029823 -287.625000
v -9316.871600 5537.380081 -290.545527
v -9334.245096 5537.653573 -290.833013
v -9210.854675 5535.711168 -290.319756
v -9210.854675 5498.029823 -288.406250
v -9249.138685 5536.313833 -290.200813
v -9272.561169 5536.682548 -289.947935
v -9144.188009 5498.029823 -291.270833
v -9181.405770 5535.247584 -291.561597
v -9149.193316 5534.740498 -292.672277
v -9144.188009 5534.661704 -292.844859
v -9077.521342 5533.612241 -294.223272
v -9077.521342 5498.029823 -292.833333
v -9113.672856 5534.181336 -293.539418
v -9010.854675 5532.148486 -294.038953
v -9010.854675 5498.029823 -292.572917
v -9045.939941 5533.115088 -294.080487
v -9025.825462 5532.798447 -294.066881
v -9021.261687 5532.652133 -294.060594
v -8944.188009 5528.922155 -294.300482
v -8944.188009 5498.029823 -293.093750
v -8976.651406 5530.493220 -294.235041
v -8877.521342 5498.029823 -293.354167
v -8906.594329 5527.102810 -294.376264
v -8892.041383 5526.398521 -294.297407
v -8877.521342 5525.695824 -294.218729
v -8810.854675 5522.469493 -294.022439
v -8810.854675 5498.029823 -293.354167
v -8836.537253 5523.712400 -294.156747
v -8744.188009 5519.243162 -293.673802
v -8744.188009 5498.029823 -293.093750
v -8766.480177 5520.321991 -293.790380
v -8677.521342 5516.016831 -293.726106
v -8677.521342 5498.029823 -293.093750
v -8696.423101 5516.931581 -293.610595
v -8698.210925 5517.018103 -293.612961
v -8610.854675 5512.790500 -294.075855
v -8610.854675 5498.029823 -293.614583
v -8626.366024 5513.541172 -294.038722
v -8633.600773 5513.891297 -293.994509
v -8544.188009 5509.564170 -294.666170
v -8544.188009 5498.029823 -294.395833
v -8556.308948 5510.150762 -294.632570
v -8568.990620 5510.764491 -294.503136
v -8477.521342 5506.337839 -294.850969
v -8477.521342 5498.029823 -294.656250
v -8486.251872 5506.760352 -294.826768
v -8504.380468 5507.637685 -294.776516
v -8410.854675 5503.111508 -294.815053
v -8410.854675 5498.029823 -294.656250
v -8416.194795 5503.369943 -294.781409
v -8439.770315 5504.510879 -294.808150
v -8344.188009 5500.631163 -295.018282
v -8344.188009 5498.029823 -294.916667
v -8346.857396 5500.699210 -294.989658
v -8376.759327 5501.461465 -294.896674
v -8277.521342 5498.931708 -294.705572
v -8277.521342 5498.029823 -294.656250
v -8278.446820 5498.955300 -294.696017
v -8317.540230 5499.951862 -294.887653
v -8242.141917 5498.029823 -295.209054
v -6410.854675 5498.029823 -298.302083
v -6420.122973 5507.298120 -298.591718
v -6415.251880 5508.139316 -298.573378
v -6410.854675 5508.898675 -298.556822
v -6473.792700 5498.029823 -298.793787
v -6344.188009 5498.029823 -298.822917
v -6363.273687 5517.115501 -299.121130
v -6357.071358 5518.186589 -299.109454
v -6344.188009 5520.411432 -299.085201
v -6277.521342 5531.924189 -300.513433
v -6277.521342 5498.029823 -300.645833
v -6306.424400 5526.932881 -300.194223
v -6210.854675 5498.029823 -301.687500
v -6249.575114 5536.750261 -300.931241
v -6246.694663 5537.247690 -300.961111
v -6210.854675 5546.693936 -301.307312
v -6144.188009 5564.265084 -300.904565
v -6144.188009 5498.029823 -300.645833
v -6196.607271 5550.449085 -301.055359
v -6077.521342 5498.029823 -299.604167
v -6143.846590 5564.355071 -300.899582
v -6010.854675 5498.029823 -298.562500
v -5944.188009 5498.029823 -298.302083
v -5877.521342 5498.029823 -300.125000
v -5810.854675 5498.029823 -300.906250
v -5744.188009 5498.029823 -298.041667
v -5677.521342 5498.029823 -297.260417
v -5610.854675 5498.029823 -300.385417
v -5544.188009 5498.029823 -306.114583
v -5477.521342 5498.029823 -318.354167
v -5410.854675 5499.122610 -335.315425
v -5411.674144 5498.849291 -335.227964
v -5413.276395 5498.314888 -334.881684
v -5414.131079 5498.029823 -334.696969
v -5344.188009 5521.358121 -340.321473
v -5358.490191 5516.587876 -339.577225
v -5361.681617 5515.523431 -339.411151
v -5277.521342 5543.593632 -342.241250
v -5303.703986 5534.860865 -341.287816
v -5311.689091 5532.197572 -340.997041
v -5248.917782 5553.133853 -343.147341
v -5261.696565 5548.871712 -342.632058
v -3210.854675 5542.210632 -363.091982
v -3220.865110 5549.866693 -362.917040
v -3144.188009 5498.029823 -363.406250
v -3171.609928 5498.029823 -365.548587
v -3191.404542 5527.335012 -363.431893
v -3077.521342 5498.029823 -362.625000
v -11410.854675 5431.363156 -287.364583
v -11477.521342 5431.363156 -287.104167
v -11344.188009 5431.363156 -285.020833
v -11277.521342 5431.363156 -280.333333
v -11210.854675 5431.363156 -277.989583
v -11144.188009 5431.363156 -276.687500
v -11077.521342 5431.363156 -275.906250
v -11010.854675 5431.363156 -275.906250
v -10944.188009 5431.363156 -276.166667
v -10877.521342 5431.363156 -275.385417
v -10810.854675 5431.363156 -275.906250
v -10744.188009 5431.363156 -276.947917
v -10677.521342 5431.363156 -277.729167
v -10610.854675 5431.363156 -278.770833
v -10544.188009 5431.363156 -279.812500
v -10477.521342 5431.363156 -282.416667
v -10410.854675 5431.363156 -285.020833
v -10344.188009 5431.363156 -286.062500
v -10277.521342 5431.363156 -285.020833
v -10210.854675 5431.363156 -284.500000
v -10144.188009 5431.363156 -283.718750
v -10077.521342 5431.363156 -282.156250
v -10010.854675 5431.363156 -280.333333
v -9944.188009 5431.363156 -280.593750
v -9877.521342 5431.363156 -281.895833
v -9810.854675 5431.363156 -283.979167
v -9744.188009 5431.363156 -285.281250
v -9677.521342 5431.363156 -286.062500
v -9610.854675 5431.363156 -289.447917
v -9544.188009 5431.363156 -293.354167
v -9477.521342 5431.363156 -291.270833
v -9410.854675 5431.363156 -286.843750
v -9344.188009 5431.363156 -284.239583
v -9277.521342 5431.363156 -283.458333
v -9210.854675 5431.363156 -284.760417
v -9144.188009 5431.363156 -288.145833
v -9077.521342 5431.363156 -289.187500
v -9010.854675 5431.363156 -288.666667
v -8944.188009 5431.363156 -289.187500
v -8877.521342 5431.363156 -289.708333
v -8810.854675 5431.363156 -289.968750
v -8744.188009 5431.363156 -289.708333
v -8677.521342 5431.363156 -289.968750
v -8610.854675 5431.363156 -290.489583
v -8544.188009 5431.363156 -290.750000
v -8477.521342 5431.363156 -290.489583
v -8410.854675 5431.363156 -290.750000
v -8344.188009 5431.363156 -291.010417
v -8277.521342 5431.363156 -291.010417
v -8210.854675 5431.363156 -291.270833
v -8210.854675 5497.232254 -295.644953
v -8144.188009 5495.532800 -297.846587
v -8144.188009 5431.363156 -292.833333
v -8210.036243 5497.211391 -295.662750
v -8077.521342 5493.833346 -299.553126
v -8077.521342 5431.363156 -294.916667
v -8141.625667 5495.467481 -297.921557
v -8010.854675 5492.133888 -300.706047
v -8010.854675 5431.363156 -295.958333
v -8073.215091 5493.723571 -299.612264
v -8013.441984 5492.199846 -300.660666
v -8074.261780 5493.750253 -299.597890
v -7944.188009 5490.434346 -301.496257
v -7944.188009 5431.363156 -295.958333
v -8004.804503 5491.979650 -300.693997
v -7877.521342 5431.363156 -296.479167
v -7936.393834 5490.235648 -301.538521
v -7896.279324 5489.213004 -301.603341
v -7877.521342 5488.734804 -301.633651
v -7810.854675 5487.035262 -301.781590
v -7810.854675 5431.363156 -298.302083
v -7867.983166 5488.491646 -301.872614
v -7744.188009 5485.335721 -301.824128
v -7744.188009 5431.363156 -299.083333
v -7799.572497 5486.747644 -301.895827
v -7677.521342 5431.363156 -298.822917
v -7731.161829 5485.003643 -301.756381
v -7720.535335 5484.732740 -301.782017
v -7677.521342 5483.636179 -301.885789
v -7610.854675 5481.936637 -301.525790
v -7610.854675 5431.363156 -298.562500
v -7662.751160 5483.259641 -301.806030
v -7544.188009 5431.363156 -298.822917
v -7594.340492 5481.515639 -301.565631
v -7547.655590 5480.325495 -301.322831
v -7544.188009 5480.379031 -301.312004
v -7603.372676 5481.745897 -301.543840
v -7477.521342 5481.408296 -302.731283
v -7477.521342 5431.363156 -300.385417
v -7526.805584 5480.647398 -301.733033
v -7410.854675 5482.437561 -303.682594
v -7410.854675 5431.363156 -301.687500
v -7461.152533 5481.661014 -303.062832
v -7344.188009 5431.363156 -301.687500
v -7395.499482 5482.674630 -303.691854
v -7370.884329 5483.054662 -303.609062
v -7344.188009 5483.466826 -303.519270
v -7277.521342 5431.363156 -301.687500
v -7329.846432 5483.688246 -303.527054
v -7311.005630 5483.979128 -303.686747
v -7277.521342 5484.496092 -303.970556
v -7210.854675 5485.525357 -304.324044
v -7210.854675 5431.363156 -302.208333
v -7264.193381 5484.701862 -304.083522
v -7144.188009 5486.554622 -303.367408
v -7144.188009 5431.363156 -301.427083
v -7198.540331 5485.715478 -304.187162
v -7077.521342 5431.363156 -300.645833
v -7132.887280 5486.729094 -303.241112
v -7131.369535 5486.752526 -303.224149
v -7077.521342 5487.583887 -302.622343
v -7010.854675 5486.820680 -303.116345
v -7010.854675 5431.363156 -301.166667
v -7067.168517 5487.676997 -302.706498
v -7071.490836 5487.676992 -302.672730
v -7067.201021 5487.677492 -302.706262
v -6944.188009 5485.806936 -303.553793
v -6944.188009 5431.363156 -301.427083
v -6999.472453 5486.647600 -303.154722
v -7004.280978 5486.720719 -303.138510
v -6877.521342 5484.793192 -303.565900
v -6877.521342 5431.363156 -301.687500
v -6931.776389 5485.618203 -303.594904
v -6941.360935 5485.763947 -303.563157
v -6810.854675 5431.363156 -302.208333
v -6864.080325 5484.588806 -303.663722
v -6815.520849 5483.850403 -303.456730
v -6810.854675 5483.779448 -303.436840
v -6744.188009 5431.363156 -301.947917
v -6796.384261 5483.559409 -303.375158
v -6752.600806 5482.893631 -303.020096
v -6744.188009 5482.765704 -302.951873
v -6677.521342 5481.751960 -302.544486
v -6677.521342 5431.363156 -301.166667
v -6728.688198 5482.530012 -302.765631
v -6610.854675 5431.363156 -299.864583
v -6660.992134 5481.500614 -302.214777
v -6626.760720 5480.980086 -301.663644
v -6610.854675 5480.738216 -301.407554
v -6544.188009 5431.363156 -299.083333
v -6593.296070 5480.471217 -301.193445
v -6576.911642 5480.222073 -300.804569
v -6544.188009 5485.873162 -300.147982
v -6477.521342 5431.363156 -298.302083
v -6533.821546 5487.663360 -300.061465
v -6531.612924 5488.044770 -300.012680
v -6477.521342 5497.385918 -298.817886
v -6410.854675 5431.363156 -297.520833
v -6476.972260 5497.480740 -298.812192
v -6344.188009 5431.363156 -297.520833
v -6277.521342 5431.363156 -299.083333
v -6210.854675 5431.363156 -299.864583
v -6144.188009 5431.363156 -299.083333
v -6077.521342 5431.363156 -298.822917
v -6010.854675 5431.363156 -298.302083
v -5944.188009 5431.363156 -298.041667
v -5877.521342 5431.363156 -298.562500
v -5810.854675 5431.363156 -298.822917
v -5744.188009 5431.363156 -300.385417
v -5677.521342 5431.363156 -302.729167
v -5610.854675 5431.415018 -304.548842
v -5610.893363 5431.401844 -304.547852
v -5611.006976 5431.363156 -304.547919
v -5544.188009 5454.116543 -309.716845
v -5561.161525 5448.336672 -308.732313
v -5583.470076 5440.740100 -306.854244
v -5477.521342 5476.818067 -321.917079
v -5511.429687 5465.271501 -317.631181
v -5461.666670 5482.175151 -325.786044
v -5467.645769 5480.180926 -324.322611
v -3144.188009 5457.432690 -369.273804
v -3077.521342 5431.363156 -365.229167
v -3126.578965 5431.363156 -370.978107
v -3134.445920 5443.009890 -370.216699
v -11410.854675 5364.696489 -299.083333
v -11477.521342 5364.696489 -298.302083
v -11344.188009 5364.696489 -297.000000
v -11277.521342 5364.696489 -289.708333
v -11210.854675 5364.696489 -282.677083
v -11144.188009 5364.696489 -280.593750
v -11077.521342 5364.696489 -282.416667
v -11010.854675 5364.696489 -284.760417
v -10944.188009 5364.696489 -286.062500
v -10877.521342 5364.696489 -281.635417
v -10810.854675 5364.696489 -276.166667
v -10744.188009 5364.696489 -276.947917
v -10677.521342 5364.696489 -278.250000
v -10610.854675 5364.696489 -279.291667
v -10544.188009 5364.696489 -280.854167
v -10477.521342 5364.696489 -289.968750
v -10410.854675 5364.696489 -295.697917
v -10344.188009 5364.696489 -295.437500
v -10277.521342 5364.696489 -289.187500
v -10210.854675 5364.696489 -283.718750
v -10144.188009 5364.696489 -283.458333
v -10077.521342 5364.696489 -281.895833
v -10010.854675 5364.696489 -277.989583
v -9944.188009 5364.696489 -277.729167
v -9877.521342 5364.696489 -279.812500
v -9810.854675 5364.696489 -282.416667
v -9744.188009 5364.696489 -284.500000
v -9677.521342 5364.696489 -288.927083
v -9610.854675 5364.696489 -294.656250
v -9544.188009 5364.696489 -297.520833
v -9477.521342 5364.696489 -294.395833
v -9410.854675 5364.696489 -288.927083
v -9344.188009 5364.696489 -283.718750
v -9277.521342 5364.696489 -280.593750
v -9210.854675 5364.696489 -281.375000
v -9144.188009 5364.696489 -283.718750
v -9077.521342 5364.696489 -283.718750
v -9010.854675 5364.696489 -284.239583
v -8944.188009 5364.696489 -285.281250
v -8877.521342 5364.696489 -285.802083
v -8810.854675 5364.696489 -286.062500
v -8744.188009 5364.696489 -285.802083
v -8677.521342 5364.696489 -285.541667
v -8610.854675 5364.696489 -286.062500
v -8544.188009 5364.696489 -286.062500
v -8477.521342 5364.696489 -286.843750
v -8410.854675 5364.696489 -290.229167
v -8344.188009 5364.696489 -290.750000
v -8277.521342 5364.696489 -288.406250
v -8210.854675 5364.696489 -288.145833
v -8144.188009 5364.696489 -288.666667
v -8077.521342 5364.696489 -289.968750
v -8010.854675 5364.696489 -291.010417
v -7944.188009 5364.696489 -291.270833
v -7877.521342 5364.696489 -292.052083
v -7810.854675 5364.696489 -293.875000
v -7744.188009 5364.696489 -293.875000
v -7677.521342 5364.696489 -292.833333
v -7610.854675 5364.696489 -292.833333
v -7544.188009 5364.696489 -293.354167
v -7477.521342 5364.696489 -294.656250
v -7410.854675 5364.696489 -295.958333
v -7344.188009 5364.696489 -297.520833
v -7277.521342 5364.696489 -300.125000
v -7210.854675 5364.696489 -302.989583
v -7144.188009 5364.696489 -302.989583
v -7077.521342 5364.696489 -301.427083
v -7010.854675 5364.696489 -299.083333
v -6944.188009 5364.696489 -297.000000
v -6877.521342 5364.696489 -297.000000
v -6810.854675 5364.696489 -298.041667
v -6744.188009 5364.696489 -298.302083
v -6677.521342 5364.696489 -297.520833
v -6610.854675 5364.696489 -296.739583
v -6544.188009 5364.696489 -296.479167
v -6477.521342 5364.696489 -296.479167
v -6410.854675 5364.696489 -297.260417
v -6344.188009 5364.696489 -297.781250
v -6277.521342 5364.696489 -297.781250
v -6210.854675 5364.696489 -298.041667
v -6144.188009 5364.696489 -298.302083
v -6077.521342 5364.696489 -298.562500
v -6010.854675 5364.696489 -299.604167
v -5944.188009 5364.696489 -301.687500
v -5877.521342 5364.696489 -305.333333
v -5810.854675 5364.696489 -311.843750
v -5744.188009 5386.011968 -314.203357
v -5757.830462 5381.366401 -315.299058
v -5760.088878 5380.597359 -315.480444
v -5806.784330 5364.696489 -312.384343
v -5677.521342 5408.713493 -310.603464
v -5699.710333 5401.157634 -312.450223
v -5710.357040 5397.532187 -313.336334
v -5660.625201 5414.467015 -308.537215
v -3077.521342 5364.696489 -371.218750
v -3089.928795 5377.103943 -371.558016
v -3099.566762 5391.372594 -371.405516
v -3081.548002 5364.696489 -372.099582
v -11410.854675 5332.802450 -305.810982
v -11439.310322 5333.831200 -305.260516
v -11446.848122 5334.023269 -305.131667
v -11477.521342 5334.804847 -304.373823
v -11344.188009 5330.392266 -304.236047
v -11377.764328 5331.606142 -305.029255
v -11388.049472 5331.977979 -305.272232
v -11277.521342 5327.982081 -298.026441
v -11284.036085 5328.217607 -298.685630
v -11308.597074 5329.105555 -301.170813
v -11210.854675 5325.565269 -292.307032
v -11232.051239 5326.338211 -294.352391
v -11239.429820 5326.604968 -295.064954
v -11144.188009 5323.134236 -289.847845
v -11170.242512 5324.084326 -290.450505
v -11173.122347 5324.189341 -290.582153
v -11077.521342 5320.703204 -291.696500
v -11101.052810 5321.561291 -290.872059
v -11010.854675 5318.272172 -294.734391
v -11031.863107 5319.038255 -293.831225
v -11055.220868 5319.890007 -292.739146
v -10944.188009 5315.849092 -296.747868
v -10962.678728 5316.520542 -296.239842
v -10996.270129 5317.740340 -295.190477
v -10877.521342 5313.428240 -296.254878
v -10893.499988 5314.008469 -297.150504
v -10932.800440 5315.435577 -296.838324
v -10810.854675 5311.007388 -293.783403
v -10824.321249 5311.496397 -294.727627
v -10869.352088 5313.131592 -296.020358
v -10744.188009 5308.586536 -294.043918
v -10755.142511 5308.984325 -293.794344
v -10805.903736 5310.827606 -293.784375
v -10677.521342 5306.165684 -294.254517
v -10679.007032 5306.219634 -294.210748
v -10685.963772 5306.472253 -294.005799
v -10742.455384 5308.523620 -294.042784
v -10610.854675 5303.744833 -296.910505
v -10615.558680 5303.915648 -296.787628
v -10616.785033 5303.960180 -296.755594
v -10544.188009 5301.199519 -299.952865
v -10547.525582 5301.367396 -299.824146
v -10553.086889 5301.647124 -299.547773
v -10477.521342 5298.029823 -305.072917
v -10481.170968 5298.029823 -304.844815
v -10487.796621 5298.363087 -304.330472
v -10410.854675 5298.029823 -309.500000
v -10344.188009 5298.029823 -308.197917
v -10277.521342 5298.029823 -301.427083
v -10210.854675 5298.029823 -292.312500
v -10144.188009 5298.029823 -291.791667
v -10077.521342 5298.029823 -290.489583
v -10010.854675 5298.029823 -286.583333
v -9944.188009 5298.029823 -284.239583
v -9877.521342 5298.029823 -282.677083
v -9810.854675 5298.029823 -282.677083
v -9744.188009 5298.029823 -287.104167
v -9677.521342 5298.029823 -296.218750
v -9610.854675 5298.029823 -300.125000
v -9544.188009 5298.029823 -301.166667
v -9477.521342 5298.029823 -297.260417
v -9410.854675 5298.029823 -292.312500
v -9344.188009 5298.029823 -288.145833
v -9277.521342 5298.029823 -285.020833
v -9210.854675 5298.029823 -279.552083
v -9144.188009 5298.029823 -276.427083
v -9077.521342 5298.029823 -276.687500
v -9010.854675 5298.029823 -278.510417
v -8944.188009 5298.029823 -280.593750
v -8877.521342 5298.029823 -281.895833
v -8810.854675 5298.029823 -281.635417
v -8744.188009 5298.029823 -280.593750
v -8677.521342 5298.029823 -280.593750
v -8610.854675 5298.029823 -281.375000
v -8544.188009 5298.029823 -282.937500
v -8477.521342 5298.029823 -288.927083
v -8410.854675 5298.029823 -297.260417
v -8344.188009 5298.029823 -299.864583
v -8277.521342 5298.029823 -292.312500
v -8210.854675 5298.029823 -286.583333
v -8144.188009 5298.029823 -285.541667
v -8077.521342 5298.029823 -286.062500
v -8010.854675 5298.029823 -286.583333
v -7944.188009 5298.029823 -286.843750
v -7877.521342 5298.029823 -287.104167
v -7810.854675 5298.029823 -287.364583
v -7744.188009 5298.029823 -287.885417
v -7677.521342 5298.029823 -288.927083
v -7610.854675 5298.029823 -290.750000
v -7544.188009 5298.029823 -293.093750
v -7477.521342 5298.029823 -294.135417
v -7410.854675 5298.029823 -296.218750
v -7344.188009 5298.029823 -299.864583
v -7277.521342 5298.029823 -304.031250
v -7210.854675 5298.029823 -307.416667
v -7144.188009 5298.029823 -307.416667
v -7077.521342 5298.029823 -304.812500
v -7010.854675 5298.029823 -300.645833
v -6944.188009 5298.029823 -297.260417
v -6877.521342 5298.029823 -295.958333
v -6810.854675 5298.029823 -294.395833
v -6744.188009 5298.029823 -294.656250
v -6677.521342 5298.029823 -294.395833
v -6610.854675 5298.029823 -294.916667
v -6544.188009 5298.029823 -296.479167
v -6477.521342 5298.029823 -300.645833
v -6410.854675 5298.029823 -306.635417
v -6344.188009 5298.029823 -311.322917
v -6277.521342 5298.029823 -307.937500
v -6210.854675 5298.029823 -304.552083
v -6144.188009 5298.029823 -305.854167
v -6077.521342 5298.029823 -310.020833
v -6010.854675 5309.845183 -312.888467
v -6020.205472 5307.380619 -313.339248
v -6048.853239 5299.830007 -312.175092
v -6048.774502 5298.029823 -312.491265
v -5944.188009 5327.416331 -312.609421
v -5967.444792 5321.286606 -313.678465
v -5877.521342 5344.987479 -311.877341
v -5884.699378 5343.095584 -312.112960
v -5914.684111 5335.192592 -313.097210
v -5944.000558 5327.465737 -312.612520
v -5810.854675 5363.310444 -312.341860
v -5815.950590 5361.575168 -312.467827
v -5825.398198 5358.725432 -312.569333
v -5861.923430 5349.098578 -312.462066
v -5809.820716 5363.662530 -312.364768
v -3077.521342 5358.735169 -371.940629
v -10477.521342 5297.846250 -305.137454
v -10410.854675 5294.492981 -310.467105
v -10421.530382 5295.029959 -309.611342
v -10477.328047 5297.836527 -305.138607
v -10344.188009 5291.139712 -310.351076
v -10355.264142 5291.696831 -310.393307
v -10407.130512 5294.305659 -310.591064
v -10277.521342 5287.786443 -305.628469
v -10288.997903 5288.363703 -306.557291
v -10336.932977 5290.774791 -310.436774
v -10210.854675 5284.433174 -298.154810
v -10222.731663 5285.030575 -299.521921
v -10266.735442 5287.243923 -304.587015
v -10144.188009 5281.079905 -297.287148
v -10156.465424 5281.697447 -297.182846
v -10196.537907 5283.713054 -296.842415
v -10077.521342 5277.726636 -295.168833
v -10090.199184 5278.364319 -295.269481
v -10126.340372 5280.182186 -295.556402
v -10010.854675 5274.373367 -292.405039
v -10023.932944 5275.031192 -293.009458
v -10056.142837 5276.651318 -294.498053
v -9944.188009 5271.311554 -291.754096
v -9954.200749 5271.566748 -292.034333
v -9957.666705 5271.698064 -292.119251
v -9985.945303 5273.120450 -292.713374
v -9877.521342 5269.612423 -290.336461
v -9892.895998 5270.004276 -290.591187
v -9916.770963 5270.612777 -290.986747
v -9810.854675 5267.913291 -289.853288
v -9831.591247 5268.441804 -289.727353
v -9848.360726 5268.869207 -289.625511
v -9744.188009 5266.214160 -293.691003
v -9770.286497 5266.879331 -291.820189
v -9779.950490 5267.125637 -291.127447
v -9677.521342 5264.515028 -300.539016
v -9708.981746 5265.316859 -296.134428
v -9711.540253 5265.382067 -295.776227
v -9610.854675 5262.815897 -302.876088
v -9643.130017 5263.638498 -300.920689
v -9647.676995 5263.754386 -300.870227
v -9544.188009 5261.116766 -303.329541
v -9574.719781 5261.894928 -302.806887
v -9477.521342 5259.874330 -299.645135
v -9506.488516 5260.330330 -301.313930
v -9523.704076 5260.601336 -302.239527
v -9525.067494 5260.629442 -302.312442
v -9410.854675 5258.824867 -296.141109
v -9438.755601 5259.264082 -298.168989
v -9344.188009 5257.775403 -293.649367
v -9371.022686 5258.197833 -295.268780
v -9277.521342 5256.725940 -291.474565
v -9303.289771 5257.131585 -292.619078
v -9210.854675 5255.676477 -284.846252
v -9215.284442 5255.746210 -285.200914
v -9235.556856 5256.065337 -286.823995
v -9144.188009 5254.627013 -277.444337
v -9153.600516 5254.775184 -277.882075
v -9167.823942 5254.999089 -278.543551
v -9077.521342 5253.577550 -275.124725
v -9091.916589 5253.804159 -275.076460
v -9100.091027 5253.932841 -275.049053
v -9010.854675 5251.820787 -275.802856
v -9032.352703 5252.861184 -275.275980
v -9032.515742 5252.869074 -275.275621
v -8944.188009 5248.594456 -278.276467
v -8962.295627 5249.470774 -277.751682
v -8970.186284 5249.852642 -277.435005
v -8877.521342 5245.368126 -280.867285
v -8892.238550 5246.080364 -280.593750
v -8810.854675 5242.141795 -280.980479
v -8822.181474 5242.689955 -281.031148
v -8840.965979 5243.599030 -280.975526
v -8744.188009 5238.915464 -278.977342
v -8752.124398 5239.299545 -279.111850
v -8776.355827 5240.472224 -279.882825
v -8677.521342 5235.689133 -277.428012
v -8682.067321 5235.909135 -277.439184
v -8610.854675 5232.462802 -279.326031
v -8612.010245 5232.518726 -279.314236
v -8647.135522 5234.218612 -278.302894
v -8544.188009 5231.363156 -286.843750
v -8588.132351 5231.363156 -281.865680
v -8477.521342 5231.363156 -296.218750
v -8410.854675 5231.363156 -305.593750
v -8344.188009 5231.363156 -310.802083
v -8277.521342 5231.363156 -303.770833
v -8210.854675 5231.363156 -292.833333
v -8144.188009 5231.363156 -285.802083
v -8077.521342 5231.363156 -284.239583
v -8010.854675 5231.363156 -285.802083
v -7944.188009 5231.363156 -287.364583
v -7877.521342 5231.363156 -289.187500
v -7810.854675 5231.363156 -291.531250
v -7744.188009 5231.363156 -295.697917
v -7677.521342 5231.363156 -300.385417
v -7610.854675 5231.363156 -305.072917
v -7544.188009 5231.363156 -308.458333
v -7477.521342 5231.363156 -307.416667
v -7410.854675 5231.363156 -304.552083
v -7344.188009 5231.363156 -305.333333
v -7277.521342 5231.363156 -308.979167
v -7210.854675 5231.363156 -312.104167
v -7144.188009 5231.363156 -311.062500
v -7077.521342 5231.363156 -307.937500
v -7010.854675 5231.363156 -306.114583
v -6944.188009 5231.363156 -308.979167
v -6877.521342 5231.363156 -310.802083
v -6810.854675 5231.363156 -303.510417
v -6744.188009 5231.363156 -296.479167
v -6677.521342 5231.363156 -296.218750
v -6610.854675 5231.363156 -300.645833
v -6544.188009 5231.363156 -307.416667
v -6477.521342 5231.363156 -315.489583
v -6410.854675 5231.363156 -324.083333
v -6344.188009 5236.266982 -328.934977
v -6348.369694 5235.544841 -328.846875
v -6367.603573 5232.223316 -327.913004
v -6372.584485 5231.363156 -327.671164
v -6277.521342 5231.363156 -327.989583
v -6318.471055 5231.363156 -329.429222
v -6320.975962 5236.733864 -327.985794
v -6321.807724 5240.131864 -327.046075
v -6210.854675 5231.363156 -324.343750
v -6144.188009 5231.363156 -326.687500
v -6077.521342 5231.363156 -333.718750
v -6047.459660 5267.968141 -323.759961
v -6046.618384 5248.733752 -330.682628
v -6052.939248 5231.363156 -336.215369
v -8544.188009 5229.236471 -287.109586
v -8477.521342 5226.010140 -296.866967
v -8517.915217 5227.965000 -290.949857
v -8541.953169 5229.128316 -287.428649
v -8410.854675 5222.783809 -306.699681
v -8453.305065 5224.838194 -300.465272
v -8471.896093 5225.737907 -297.734931
v -8344.188009 5220.540201 -312.535447
v -8385.495233 5221.593197 -309.139676
v -8388.694912 5221.711388 -308.870772
v -8401.839016 5222.347497 -307.742013
v -8277.521342 5218.840747 -306.167701
v -8324.675620 5220.042795 -310.910924
v -8333.081940 5220.257087 -311.756511
v -8210.854675 5217.141292 -295.555487
v -8264.671363 5218.513177 -304.122200
v -8144.188009 5215.441838 -288.600753
v -8196.260787 5216.769268 -293.859466
v -8203.036395 5216.941990 -294.646890
v -8077.521342 5213.742384 -287.956465
v -8081.397170 5213.841186 -288.026464
v -8127.850211 5215.025358 -288.865420
v -8010.854675 5212.042917 -290.556673
v -8020.577648 5212.290786 -290.267792
v -8059.439634 5213.281448 -289.113169
v -7944.188009 5210.343375 -293.030071
v -7961.996411 5210.797367 -292.490322
v -7991.029018 5211.537499 -291.610381
v -7877.521342 5208.643833 -295.754804
v -7903.415082 5209.303945 -294.855959
v -7922.618350 5209.793497 -294.189358
v -7810.854675 5206.944291 -299.257531
v -7844.833752 5207.810524 -297.788873
v -7854.207681 5208.049495 -297.383709
v -7744.188009 5205.244749 -304.063969
v -7785.797012 5206.305493 -301.123637
v -7786.252422 5206.317103 -301.089721
v -7677.521342 5203.545208 -309.295853
v -7717.386344 5204.561491 -306.167317
v -7610.854675 5201.845666 -314.412435
v -7648.975675 5202.817489 -311.424561
v -7669.089763 5203.330260 -309.924613
v -7544.188009 5200.345662 -317.424328
v -7546.198025 5200.314629 -317.331227
v -7551.927103 5200.343418 -317.031976
v -7580.565007 5201.073488 -315.366671
v -7477.521342 5201.374927 -315.148007
v -7486.319327 5201.239095 -315.320495
v -7513.642112 5200.817259 -315.856168
v -7410.854675 5202.404192 -310.886857
v -7447.989061 5201.830875 -312.607888
v -7344.188009 5203.433458 -309.370048
v -7366.561930 5203.088027 -309.157779
v -7382.336011 5202.844492 -309.008125
v -7277.521342 5204.462723 -311.290923
v -7306.683231 5204.012493 -309.734823
v -7316.682960 5203.858108 -309.201231
v -7210.854675 5205.491988 -313.822174
v -7246.804533 5204.936959 -312.173882
v -7251.029910 5204.871724 -311.980149
v -7144.188009 5206.521253 -312.906235
v -7185.376859 5205.885340 -313.597007
v -7077.521342 5207.550519 -311.193134
v -7119.723808 5206.898956 -313.260455
v -7010.854675 5206.788310 -311.490331
v -7053.596434 5207.438248 -312.516877
v -7069.313341 5207.677242 -311.624684
v -6944.188009 5205.774566 -315.576225
v -6945.618167 5205.796313 -315.509166
v -6985.900370 5206.408851 -313.620370
v -7008.538210 5206.753086 -311.688059
v -6877.521342 5204.760822 -318.387905
v -6882.698124 5204.839541 -318.223905
v -6918.204306 5205.379454 -317.099074
v -6810.854675 5203.747078 -312.140441
v -6819.778081 5203.882769 -313.074035
v -6850.508243 5204.350057 -316.289119
v -6744.188009 5202.733334 -303.748457
v -6756.858038 5202.925997 -305.035831
v -6782.812179 5203.320660 -307.672975
v -6677.521342 5201.719590 -302.355894
v -6693.937995 5201.969225 -302.368340
v -6715.116115 5202.291262 -302.384395
v -6610.854675 5200.705846 -307.950895
v -6631.017952 5201.012452 -306.538869
v -6647.420051 5201.261865 -305.390237
v -6544.188009 5201.922035 -315.006956
v -6568.097909 5200.055680 -313.059776
v -6579.723987 5200.232468 -311.833424
v -6477.521342 5213.241468 -320.232369
v -6483.964617 5212.128770 -319.743342
v -6518.917553 5206.092700 -317.090513
v -6542.145139 5202.081497 -315.221203
v -6410.854675 5224.754225 -325.916279
v -6425.784095 5222.176043 -324.706826
v -6462.068267 5215.910081 -321.767395
v -6405.218980 5225.727461 -326.218733
v -6277.521342 5168.569972 -346.386024
v -6297.886502 5187.228317 -341.635675
v -6210.854675 5164.696489 -345.958333
v -6273.293524 5164.696489 -347.421744
v -6144.188009 5164.696489 -350.645833
v -6077.521342 5184.059152 -351.088189
v -6086.779230 5173.954377 -353.822118
v -6095.261209 5164.696489 -356.188322
v -6059.497733 5213.339547 -342.167317
v -6065.297379 5197.401330 -347.430604
v -6210.854675 5133.313761 -356.500969
v -6257.609671 5150.327109 -351.881367
v -6144.188009 5137.540572 -360.404991
v -6151.704134 5134.035040 -361.136314
v -6178.999383 5132.841197 -359.646154
v -6206.277250 5131.648114 -357.489656
v -6125.669262 5146.177742 -359.037141
v -6102.198587 5157.124499 -357.975741
v -8877.521342 711.339261 -251.738090
v -8877.521342 698.029823 -250.906250
v -8885.452350 705.960830 -250.751348
v -8897.147375 698.029823 -249.142974
v -8810.854675 741.904960 -258.603034
v -8810.854675 698.029823 -256.375000
v -8842.472518 729.647665 -255.757464
v -8813.488703 741.886882 -258.416911
v -8863.811228 720.636805 -253.443844
v -8744.188009 736.300194 -262.446513
v -8744.188009 698.029823 -260.802083
v -8788.218511 742.060325 -260.114107
v -8758.864700 742.261796 -261.842714
v -8684.253349 698.029823 -264.079760
v -8708.255227 721.704470 -263.784427
v -8944.188009 666.129111 -242.549036
v -8944.188009 631.363156 -239.968750
v -8964.904815 652.079963 -239.483200
v -8995.453718 631.363156 -234.561820
v -8970.441825 648.325027 -238.591196
v -8877.521342 631.363156 -246.739584
v -8925.178582 679.020396 -245.436455
v -8917.126527 684.480916 -246.501165
v -8810.854675 631.363156 -252.468750
v -8744.188009 631.363156 -257.677083
v -8677.521342 631.363156 -261.843750
v -8677.521342 691.389596 -264.188532
v -8648.103657 631.363156 -263.452530
v -8669.365119 683.344572 -264.320318
v -8648.115043 633.022046 -263.516707
v -9077.521342 575.708813 -220.863038
v -9077.521342 564.696489 -219.916667
v -9084.083514 571.258661 -219.737232
v -9093.760061 564.696489 -218.077124
v -9010.854675 620.918962 -232.080749
v -9010.854675 564.696489 -227.468750
v -9044.357281 598.199095 -226.552663
v -9077.072422 576.013249 -220.940055
v -8944.188009 564.696489 -234.760417
v -9004.631048 625.139529 -233.107677
v -8877.521342 564.696489 -241.791667
v -8810.854675 564.696489 -248.302083
v -8744.188009 564.696489 -254.031250
v -8677.521342 564.696489 -258.718750
v -8647.900352 601.742166 -262.306578
v -8647.740128 578.398043 -261.222336
v -8653.305634 564.696489 -260.232232
v -9144.188009 525.866325 -209.179297
v -9144.188009 498.029823 -206.895833
v -9158.010731 511.852545 -206.625858
v -9169.940789 498.029823 -204.380914
v -9168.747619 500.967253 -204.726920
v -9077.521342 498.029823 -214.187500
v -9123.809747 544.318228 -212.921802
v -9130.387720 539.857360 -211.836405
v -9010.854675 498.029823 -221.739584
v -8944.188009 498.029823 -229.552083
v -8877.521342 498.029823 -236.843750
v -8810.854675 498.029823 -243.875000
v -8744.188009 498.029823 -250.125000
v -8677.521342 518.437190 -256.369645
v -8687.654992 508.163473 -255.135411
v -8697.650485 498.029823 -253.760744
v -8660.300612 547.475759 -259.055092
v -8668.297454 527.788570 -257.493074
v -9277.521342 437.242575 -190.359180
v -9277.521342 431.363156 -189.968750
v -9280.992802 434.834616 -189.941630
v -9285.997468 431.363156 -189.405882
v -9210.854675 479.166613 -198.985413
v -9210.854675 431.363156 -195.437500
v -9241.629959 462.138440 -194.956636
v -9227.536776 471.914101 -196.948358
v -9144.188009 431.363156 -201.687500
v -9197.707273 484.882421 -200.642202
v -9177.440926 493.693177 -203.309677
v -9171.661463 493.793745 -203.881935
v -9077.521342 431.363156 -208.718750
v -9010.854675 431.363156 -216.270833
v -8944.188009 431.363156 -224.083334
v -8877.521342 431.363156 -231.635417
v -8810.854675 431.363156 -239.187500
v -8744.188009 463.446964 -247.828482
v -8759.972651 452.742574 -245.637834
v -8763.306541 450.481688 -245.175144
v -8791.498636 431.363156 -241.077738
v -8723.580308 477.422122 -250.607993
v -8706.657353 488.898462 -252.557712
v -9344.188009 385.418263 -183.208528
v -9344.188009 364.696489 -182.156250
v -9354.368606 374.877087 -182.156250
v -9364.200958 364.696489 -181.296318
v -9277.521342 364.696489 -186.062500
v -9320.355644 407.530791 -185.727857
v -9327.857506 402.327165 -185.024048
v -9210.854675 364.696489 -191.010416
v -9144.188009 364.696489 -196.739584
v -9077.521342 364.696489 -203.510417
v -9010.854675 364.696489 -210.802083
v -8944.188009 364.696489 -218.614583
v -8877.521342 373.026666 -227.077878
v -8882.485240 369.660387 -226.252571
v -8889.804980 364.696489 -224.987594
v -8810.854675 418.236815 -238.213279
v -8813.287949 416.586685 -237.815164
v -8842.759007 396.600821 -232.993320
v -8866.603248 380.430796 -228.935790
v -8803.032774 423.541255 -239.431934
v -9344.188009 298.029823 -179.291667
v -9378.068038 331.909852 -179.291667
v -9365.805544 363.035071 -181.155982
v -9385.581746 298.029823 -177.674724
v -9385.828527 312.211823 -178.219069
v -9277.521342 298.029823 -182.677083
v -9210.854675 298.029823 -187.104167
v -9144.188009 298.029823 -192.312500
v -9077.521342 298.029823 -198.562500
v -9010.854675 298.029823 -205.593750
v -8944.188009 327.816516 -215.589273
v -8961.937706 315.779520 -212.521821
v -8973.233844 308.119018 -210.643703
v -8997.126171 298.029823 -207.148932
v -8922.211473 342.719953 -219.473042
v -9344.188009 231.363156 -176.687500
v -9385.134184 272.309331 -176.687500
v -9373.473978 231.363156 -175.657915
v -9384.878136 257.594801 -176.179194
v -9277.521342 231.363156 -179.812500
v -9210.854675 231.363156 -183.458333
v -9144.188009 231.363156 -188.406250
v -9077.521342 235.205304 -194.390559
v -9079.789910 233.631724 -194.073386
v -9083.060414 231.363156 -193.659402
v -9010.854675 292.232582 -205.163486
v -9023.556370 286.868941 -203.425772
v -9027.754976 286.840124 -202.980811
v -9030.002078 281.136427 -202.320491
v -9045.048552 265.557033 -199.577275
v -9067.950117 241.844333 -195.766122
v -9006.778650 293.953797 -205.752970
v -9344.188009 189.234786 -175.370989
v -9363.099060 207.498952 -175.276902
v -9277.521342 164.696489 -177.208333
v -9311.485246 164.696489 -175.881618
v -9323.806966 169.550913 -175.552002
v -9210.854675 164.696489 -180.593750
v -9144.188009 188.962328 -186.087455
v -9158.515595 179.024075 -184.480581
v -9168.270846 172.257397 -183.580122
v -9185.662315 164.696489 -182.168272
v -9118.110482 207.050865 -189.127769
v -9119.152752 206.327900 -188.993014
v -9277.521342 151.315631 -176.737912
v -9210.854675 153.744158 -180.123142
v -9218.366696 150.478321 -179.601343
v -9262.534608 149.709755 -177.325417
v -9272.983718 149.527930 -176.870040
v -9203.221049 157.062863 -180.713026
vt -20.387607 -30.847010
vt -20.387607 -30.823482
vt -20.408953 -30.844829
vt -20.617787 -30.823482
vt -20.054273 -30.881082
vt -20.054273 -30.823482
vt -20.106532 -30.875741
vt -20.361315 -30.849698
vt -19.720940 -30.915154
vt -19.720940 -30.823482
vt -19.804110 -30.906653
vt -20.032329 -30.883325
vt -19.387607 -30.885707
vt -19.387607 -30.823482
vt -19.465231 -30.901106
vt -19.703342 -30.916953
vt -19.495949 -30.907200
vt -19.073947 -30.823482
vt -22.720940 -30.505783
vt -22.720940 -30.490149
vt -22.733375 -30.502584
vt -22.781701 -30.490149
vt -22.387607 -30.591550
vt -22.387607 -30.490149
vt -22.468256 -30.570799
vt -22.705671 -30.509712
vt -22.054273 -30.672977
vt -22.054273 -30.490149
vt -22.203138 -30.639014
vt -22.109495 -30.663108
vt -21.720940 -30.710723
vt -21.720940 -30.490149
vt -21.921059 -30.690268
vt -22.006246 -30.681561
vt -21.387607 -30.744795
vt -21.387607 -30.490149
vt -21.618638 -30.721180
vt -21.677259 -30.715188
vt -21.054273 -30.778867
vt -21.054273 -30.490149
vt -21.316216 -30.752092
vt -21.348273 -30.748815
vt -20.720940 -30.812939
vt -20.720940 -30.490149
vt -21.013795 -30.783004
vt -21.019287 -30.782443
vt -20.387607 -30.490149
vt -20.711374 -30.813916
vt -20.690301 -30.816070
vt -20.054273 -30.490149
vt -19.720940 -30.490149
vt -19.387607 -30.490149
vt -19.054273 -30.490149
vt -19.054273 -30.819579
vt -18.720940 -30.753452
vt -18.720940 -30.490149
vt -19.049404 -30.818614
vt -18.387607 -30.687324
vt -18.387607 -30.490149
vt -18.633578 -30.736121
vt -18.642060 -30.737803
vt -18.054273 -30.618209
vt -18.054273 -30.490149
vt -18.217752 -30.653628
vt -18.072801 -30.624872
vt -18.357430 -30.681338
vt -17.757669 -30.490149
vt -17.876741 -30.554365
vt -24.054273 -30.162716
vt -24.054273 -30.156816
vt -24.058966 -30.161508
vt -24.077203 -30.156816
vt -23.720940 -30.248483
vt -23.720940 -30.156816
vt -23.793848 -30.229723
vt -23.898023 -30.202919
vt -23.387607 -30.334249
vt -23.387607 -30.156816
vt -23.528729 -30.297938
vt -23.599935 -30.279617
vt -23.054273 -30.420016
vt -23.054273 -30.156816
vt -23.263611 -30.366153
vt -23.301847 -30.356315
vt -22.720940 -30.156816
vt -22.998493 -30.434369
vt -23.003759 -30.433014
vt -22.387607 -30.156816
vt -22.054273 -30.156816
vt -21.720940 -30.156816
vt -21.387607 -30.156816
vt -21.054273 -30.156816
vt -20.720940 -30.156816
vt -20.387607 -30.156816
vt -20.054273 -30.156816
vt -19.720940 -30.156816
vt -19.387607 -30.156816
vt -19.054273 -30.156816
vt -18.720940 -30.156816
vt -18.387607 -30.156816
vt -18.054273 -30.156816
vt -17.720940 -30.156816
vt -17.720940 -30.470341
vt -17.387607 -30.156816
vt -17.677944 -30.447153
vt -17.608876 -30.409904
vt -17.387607 -30.290573
vt -17.139590 -30.156816
vt -24.720940 -29.905085
vt -24.720940 -29.823482
vt -24.777580 -29.880122
vt -24.906092 -29.823482
vt -24.845857 -29.850030
vt -24.387607 -30.051997
vt -24.387607 -29.823482
vt -24.546216 -29.982092
vt -24.574925 -29.969439
vt -24.054273 -29.823482
vt -24.314853 -30.084062
vt -24.303993 -30.088848
vt -24.196111 -30.126221
vt -23.720940 -29.823482
vt -23.387607 -29.823482
vt -23.054273 -29.823482
vt -22.720940 -29.823482
vt -22.387607 -29.823482
vt -22.054273 -29.823482
vt -21.720940 -29.823482
vt -21.387607 -29.823482
vt -21.054273 -29.823482
vt -20.720940 -29.823482
vt -20.387607 -29.823482
vt -20.054273 -29.823482
vt -19.720940 -29.823482
vt -19.387607 -29.823482
vt -19.054273 -29.823482
vt -18.720940 -29.823482
vt -18.387607 -29.823482
vt -18.054273 -29.823482
vt -17.720940 -29.823482
vt -17.387607 -29.823482
vt -17.054273 -29.823482
vt -17.073145 -30.120982
vt -17.054273 -30.110804
vt -16.720940 -29.931036
vt -16.720940 -29.823482
vt -16.954399 -30.056941
vt -16.524143 -29.823482
vt -16.537415 -29.832059
vt -25.387607 -29.490149
vt -25.471670 -29.574213
vt -25.387721 -29.611212
vt -25.387607 -29.611262
vt -25.662405 -29.490149
vt -25.658653 -29.491803
vt -25.054273 -29.758174
vt -25.054273 -29.490149
vt -25.240307 -29.676183
vt -24.720940 -29.490149
vt -25.008943 -29.778152
vt -24.387607 -29.490149
vt -24.054273 -29.490149
vt -23.720940 -29.490149
vt -23.387607 -29.490149
vt -23.054273 -29.490149
vt -22.720940 -29.490149
vt -22.387607 -29.490149
vt -22.054273 -29.490149
vt -21.720940 -29.490149
vt -21.387607 -29.490149
vt -21.054273 -29.490149
vt -20.720940 -29.490149
vt -20.387607 -29.490149
vt -20.054273 -29.490149
vt -19.720940 -29.507859
vt -19.737008 -29.506217
vt -19.889969 -29.490582
vt -19.894205 -29.490149
vt -19.387607 -29.490149
vt -19.547526 -29.490149
vt -19.665410 -29.513535
vt -19.054273 -29.490149
vt -18.720940 -29.490149
vt -18.387607 -29.490149
vt -18.054273 -29.490149
vt -17.720940 -29.490149
vt -17.387607 -29.490149
vt -17.054273 -29.490149
vt -16.720940 -29.490149
vt -16.387607 -29.490149
vt -16.444436 -29.771970
vt -16.387607 -29.728506
vt -16.206314 -29.589852
vt -16.075951 -29.490149
vt -26.387607 -29.156816
vt -26.415330 -29.184539
vt -26.413615 -29.185111
vt -26.387607 -29.193786
vt -26.498451 -29.156816
vt -26.054273 -29.317439
vt -26.054273 -29.156816
vt -26.165761 -29.268303
vt -26.170648 -29.266149
vt -25.720940 -29.464351
vt -25.720940 -29.156816
vt -25.934397 -29.370273
vt -25.387607 -29.156816
vt -25.703034 -29.472243
vt -25.054273 -29.156816
vt -24.720940 -29.156816
vt -24.387607 -29.156816
vt -24.054273 -29.156816
vt -23.720940 -29.156816
vt -23.387607 -29.156816
vt -23.054273 -29.156816
vt -22.720940 -29.156816
vt -22.387607 -29.156816
vt -22.054273 -29.231717
vt -22.058725 -29.230571
vt -22.113846 -29.216389
vt -22.345377 -29.156816
vt -21.720940 -29.303429
vt -21.811568 -29.294165
vt -21.848728 -29.284604
vt -21.387607 -29.337500
vt -21.534900 -29.322445
vt -21.551535 -29.320744
vt -21.054273 -29.371572
vt -21.205913 -29.356072
vt -21.249114 -29.351656
vt -20.720940 -29.405644
vt -20.876927 -29.389700
vt -20.946693 -29.382569
vt -20.387607 -29.439716
vt -20.547941 -29.423327
vt -20.644272 -29.413481
vt -20.054273 -29.473788
vt -20.218955 -29.456955
vt -20.341850 -29.444393
vt -20.039429 -29.475305
vt -19.387607 -29.458424
vt -19.054273 -29.392296
vt -19.199117 -29.421031
vt -19.348030 -29.450573
vt -18.720940 -29.326169
vt -18.914487 -29.364565
vt -18.932204 -29.368080
vt -18.387607 -29.239260
vt -18.448563 -29.272134
vt -18.516378 -29.285587
vt -18.054273 -29.156816
vt -18.234736 -29.156816
vt -18.273422 -29.177679
vt -17.720940 -29.156816
vt -17.387607 -29.156816
vt -17.054273 -29.156816
vt -16.720940 -29.156816
vt -16.387607 -29.156816
vt -16.054273 -29.156816
vt -16.054273 -29.473570
vt -15.720940 -29.218634
vt -15.720940 -29.156816
vt -15.983782 -29.419657
vt -15.640112 -29.156816
vt -27.387607 -28.860253
vt -27.387607 -28.823482
vt -27.415181 -28.851056
vt -27.497853 -28.823482
vt -27.054273 -28.971431
vt -27.054273 -28.823482
vt -27.165218 -28.934427
vt -27.235408 -28.911017
vt -26.720940 -29.082608
vt -26.720940 -28.823482
vt -26.915255 -29.017798
vt -26.961477 -29.002382
vt -26.387607 -28.823482
vt -26.665293 -29.101169
vt -26.687546 -29.093746
vt -26.054273 -28.823482
vt -25.720940 -28.823482
vt -25.387607 -28.823482
vt -25.054273 -28.823482
vt -24.720940 -28.823482
vt -24.387607 -28.823482
vt -24.054273 -28.823482
vt -23.720940 -28.823482
vt -23.387607 -28.888649
vt -23.439438 -28.875313
vt -23.549165 -28.847080
vt -23.640879 -28.823482
vt -23.054273 -28.974416
vt -23.174319 -28.943528
vt -23.251077 -28.923779
vt -22.720940 -29.060183
vt -22.909201 -29.011743
vt -22.952989 -29.000477
vt -22.387607 -29.145950
vt -22.644083 -29.079959
vt -22.378965 -29.148174
vt -18.054273 -29.059491
vt -17.720940 -28.879723
vt -17.737691 -28.888757
vt -17.843017 -28.945560
vt -18.005556 -29.033218
vt -17.387607 -28.823482
vt -17.616657 -28.823482
vt -17.054273 -28.823482
vt -16.720940 -28.823482
vt -16.387607 -28.823482
vt -16.054273 -28.823482
vt -15.720940 -28.823482
vt -15.387607 -28.823482
vt -15.491946 -29.043498
vt -15.387607 -28.963698
vt -28.387607 -28.522511
vt -28.387607 -28.490149
vt -28.411748 -28.514290
vt -28.482642 -28.490149
vt -28.054273 -28.490149
vt -28.163089 -28.598964
vt -28.078035 -28.627927
vt -28.054273 -28.636018
vt -28.368635 -28.528971
vt -27.720940 -28.749076
vt -27.720940 -28.490149
vt -27.914429 -28.683638
vt -27.787434 -28.726883
vt -27.783270 -28.728287
vt -27.387607 -28.490149
vt -27.665143 -28.767686
vt -27.509339 -28.819652
vt -27.054273 -28.490149
vt -26.720940 -28.490149
vt -26.387607 -28.490149
vt -26.054273 -28.490149
vt -25.720940 -28.490149
vt -25.387607 -28.490149
vt -25.054273 -28.490149
vt -24.720940 -28.490149
vt -24.387607 -28.522054
vt -24.409752 -28.512294
vt -24.459998 -28.490149
vt -24.054273 -28.668966
vt -24.178388 -28.614264
vt -24.281235 -28.568936
vt -23.720940 -28.802883
vt -23.791783 -28.784655
vt -23.947025 -28.716234
vt -24.010303 -28.688346
vt -23.704556 -28.807098
vt -17.387607 -28.699954
vt -17.469825 -28.744295
vt -17.054273 -28.490149
vt -17.072955 -28.490149
vt -17.250832 -28.626191
vt -16.720940 -28.490149
vt -16.387607 -28.490149
vt -16.054273 -28.490149
vt -15.720940 -28.490149
vt -15.387607 -28.490149
vt -29.387607 -28.181988
vt -29.387607 -28.156816
vt -29.406385 -28.175594
vt -29.461529 -28.156816
vt -29.054273 -28.295496
vt -29.054273 -28.156816
vt -29.157725 -28.260268
vt -29.240437 -28.232103
vt -28.720940 -28.409003
vt -28.720940 -28.156816
vt -28.909066 -28.344942
vt -28.949837 -28.331059
vt -28.387607 -28.156816
vt -28.660407 -28.429616
vt -28.659236 -28.430015
vt -28.054273 -28.156816
vt -27.720940 -28.156816
vt -27.387607 -28.156816
vt -27.054273 -28.156816
vt -26.720940 -28.156816
vt -26.387607 -28.156816
vt -26.054273 -28.156816
vt -25.720940 -28.156816
vt -25.387607 -28.156816
vt -25.054273 -28.228231
vt -25.094030 -28.210709
vt -25.103842 -28.206385
vt -25.216311 -28.156816
vt -24.720940 -28.375143
vt -24.823098 -28.330118
vt -24.872479 -28.308355
vt -24.552166 -28.449527
vt -24.641115 -28.410324
vt -17.054273 -28.475861
vt -16.720940 -28.220925
vt -16.818693 -28.295688
vt -16.993524 -28.429399
vt -16.387607 -28.156816
vt -16.637116 -28.156816
vt -16.054273 -28.156816
vt -15.720940 -28.156816
vt -15.387607 -28.156816
vt -57.054273 -28.064927
vt -57.054273 -27.823482
vt -57.303117 -28.072326
vt -57.157160 -28.068607
vt -57.149700 -28.068377
vt -57.387607 -27.823482
vt -57.387607 -28.074479
vt -56.720940 -28.052876
vt -56.720940 -27.823482
vt -56.958938 -28.061480
vt -56.387607 -28.040825
vt -56.387607 -27.823482
vt -56.613102 -28.048977
vt -56.629633 -28.049575
vt -56.054273 -28.028757
vt -56.054273 -27.823482
vt -56.267265 -28.036474
vt -56.109348 -28.030765
vt -56.369600 -28.040174
vt -55.720940 -28.016602
vt -55.720940 -27.823482
vt -55.921368 -28.023910
vt -55.387607 -27.823482
vt -55.575419 -28.011295
vt -55.519840 -28.009268
vt -55.387607 -28.004447
vt -55.054273 -27.992291
vt -55.054273 -27.823482
vt -55.229471 -27.998680
vt -54.720940 -27.980168
vt -54.720940 -27.823482
vt -54.883530 -27.986072
vt -54.930386 -27.987774
vt -54.387607 -27.968064
vt -54.387607 -27.823482
vt -54.537636 -27.973512
vt -54.613198 -27.976256
vt -54.054273 -27.955960
vt -54.054273 -27.823482
vt -54.191742 -27.960952
vt -54.295956 -27.964736
vt -53.720940 -27.943855
vt -53.720940 -27.823482
vt -53.845849 -27.948391
vt -53.978714 -27.953216
vt -53.387607 -27.931751
vt -53.387607 -27.823482
vt -53.499955 -27.935831
vt -53.661473 -27.941696
vt -53.054273 -27.919647
vt -53.054273 -27.823482
vt -53.154061 -27.923270
vt -53.344231 -27.930176
vt -52.720940 -27.907543
vt -52.720940 -27.823482
vt -52.808168 -27.910710
vt -53.026989 -27.918656
vt -52.387607 -27.891001
vt -52.387607 -27.823482
vt -52.458701 -27.894577
vt -52.709747 -27.907136
vt -52.699985 -27.906713
vt -52.054273 -27.874235
vt -52.054273 -27.823482
vt -52.107714 -27.876923
vt -52.368653 -27.890048
vt -51.720940 -27.857468
vt -51.720940 -27.823482
vt -51.756726 -27.859268
vt -52.037322 -27.873382
vt -51.387607 -27.840702
vt -51.387607 -27.823482
vt -51.405738 -27.841614
vt -51.705991 -27.856717
vt -51.054273 -27.823936
vt -51.054273 -27.823482
vt -51.054751 -27.823960
vt -51.374660 -27.840051
vt -51.045261 -27.823482
vt -30.387607 -27.909181
vt -30.387607 -27.823482
vt -30.455430 -27.891305
vt -30.712756 -27.823482
vt -30.669823 -27.834798
vt -30.054273 -27.997037
vt -30.054273 -27.823482
vt -30.191626 -27.960835
vt -30.373318 -27.912947
vt -29.720940 -27.823482
vt -29.927823 -28.030365
vt -29.780306 -28.069246
vt -29.720940 -28.084893
vt -29.387607 -27.823482
vt -29.664019 -28.099895
vt -29.507670 -28.141104
vt -29.054273 -27.823482
vt -28.720940 -27.823482
vt -28.387607 -27.823482
vt -28.054273 -27.823482
vt -27.720940 -27.823482
vt -27.387607 -27.823482
vt -27.054273 -27.823482
vt -26.720940 -27.823482
vt -26.387607 -27.823482
vt -26.054273 -27.829146
vt -26.058520 -27.827729
vt -26.071253 -27.823482
vt -25.720940 -27.940323
vt -25.808558 -27.911100
vt -25.387607 -28.081320
vt -25.566569 -28.002445
vt -25.635894 -27.971891
vt -25.696727 -27.948399
vt -25.335206 -28.104415
vt -16.387607 -27.965989
vt -16.054273 -27.823482
vt -16.201277 -27.823482
vt -16.342448 -27.931452
vt -15.720940 -27.823482
vt -15.387607 -27.823482
vt -57.054273 -27.490149
vt -57.387607 -27.490149
vt -56.720940 -27.490149
vt -56.387607 -27.490149
vt -56.054273 -27.490149
vt -55.720940 -27.490149
vt -55.387607 -27.490149
vt -55.054273 -27.490149
vt -54.720940 -27.490149
vt -54.387607 -27.490149
vt -54.054273 -27.490149
vt -53.720940 -27.490149
vt -53.387607 -27.490149
vt -53.054273 -27.490149
vt -52.720940 -27.490149
vt -52.387607 -27.490149
vt -52.054273 -27.490149
vt -51.720940 -27.490149
vt -51.387607 -27.490149
vt -51.054273 -27.490149
vt -50.720940 -27.490149
vt -51.043329 -27.823385
vt -50.720940 -27.807169
vt -50.387607 -27.790403
vt -50.387607 -27.490149
vt -50.703763 -27.806305
vt -50.711997 -27.806720
vt -50.054273 -27.773637
vt -50.054273 -27.490149
vt -50.352775 -27.788651
vt -50.380666 -27.790054
vt -49.720940 -27.490149
vt -50.001788 -27.770997
vt -49.726665 -27.757158
vt -49.720940 -27.757012
vt -50.049335 -27.773388
vt -49.387607 -27.748517
vt -49.387607 -27.490149
vt -49.652732 -27.755274
vt -49.054273 -27.490149
vt -49.310680 -27.746556
vt -49.122286 -27.741755
vt -49.054273 -27.740021
vt -48.720940 -27.731525
vt -48.720940 -27.490149
vt -48.968629 -27.737838
vt -48.387607 -27.490149
vt -48.626578 -27.729120
vt -48.509239 -27.726130
vt -48.387607 -27.723030
vt -48.054273 -27.714534
vt -48.054273 -27.490149
vt -48.284527 -27.720403
vt -47.720940 -27.490149
vt -47.942476 -27.711685
vt -47.896191 -27.710505
vt -47.720940 -27.706038
vt -47.387607 -27.490149
vt -47.600424 -27.702967
vt -47.593075 -27.702780
vt -47.387607 -27.699545
vt -47.054273 -27.694298
vt -47.054273 -27.490149
vt -47.261687 -27.697563
vt -47.288065 -27.697978
vt -46.720940 -27.689050
vt -46.720940 -27.490149
vt -46.923023 -27.692232
vt -46.979645 -27.693123
vt -46.387607 -27.683803
vt -46.387607 -27.490149
vt -46.584358 -27.686900
vt -46.671225 -27.688268
vt -46.054273 -27.678556
vt -46.054273 -27.490149
vt -46.245693 -27.681569
vt -46.362806 -27.683413
vt -45.720940 -27.490149
vt -45.907029 -27.676238
vt -45.745967 -27.673702
vt -45.720940 -27.673309
vt -45.387607 -27.668061
vt -45.387607 -27.490149
vt -45.568364 -27.670907
vt -45.054273 -27.660742
vt -45.054273 -27.490149
vt -45.229700 -27.665575
vt -45.129127 -27.663992
vt -45.106308 -27.663261
vt -44.720940 -27.644611
vt -44.720940 -27.490149
vt -44.883257 -27.652466
vt -44.387607 -27.490149
vt -44.532972 -27.635514
vt -44.460207 -27.631993
vt -44.387607 -27.628479
vt -44.054273 -27.612347
vt -44.054273 -27.490149
vt -44.182686 -27.618562
vt -43.720940 -27.596216
vt -43.720940 -27.490149
vt -43.832401 -27.601610
vt -43.387607 -27.580084
vt -43.387607 -27.490149
vt -43.482116 -27.584658
vt -43.491055 -27.585091
vt -43.054273 -27.563953
vt -43.054273 -27.490149
vt -43.131830 -27.567706
vt -43.168004 -27.569456
vt -42.720940 -27.547821
vt -42.720940 -27.490149
vt -42.781545 -27.550754
vt -42.844953 -27.553822
vt -42.387607 -27.531689
vt -42.387607 -27.490149
vt -42.431259 -27.533802
vt -42.521902 -27.538188
vt -42.054273 -27.515558
vt -42.054273 -27.490149
vt -42.080974 -27.516850
vt -42.198852 -27.522554
vt -41.720940 -27.503156
vt -41.720940 -27.490149
vt -41.734287 -27.503496
vt -41.883797 -27.507307
vt -41.387607 -27.494659
vt -41.387607 -27.490149
vt -41.392234 -27.494777
vt -41.587701 -27.499759
vt -41.210710 -27.490149
vt -32.054273 -27.490149
vt -32.100615 -27.536491
vt -32.076259 -27.540697
vt -32.054273 -27.544493
vt -32.368964 -27.490149
vt -31.720940 -27.490149
vt -31.816368 -27.585578
vt -31.785357 -27.590933
vt -31.720940 -27.602057
vt -31.387607 -27.659621
vt -31.387607 -27.490149
vt -31.532122 -27.634664
vt -31.054273 -27.490149
vt -31.247876 -27.683751
vt -31.233473 -27.686238
vt -31.054273 -27.733470
vt -30.720940 -27.821325
vt -30.720940 -27.490149
vt -30.983036 -27.752245
vt -30.387607 -27.490149
vt -30.719233 -27.821775
vt -30.054273 -27.490149
vt -29.720940 -27.490149
vt -29.387607 -27.490149
vt -29.054273 -27.490149
vt -28.720940 -27.490149
vt -28.387607 -27.490149
vt -28.054273 -27.490149
vt -27.720940 -27.490149
vt -27.387607 -27.490149
vt -27.054273 -27.495613
vt -27.058371 -27.494246
vt -27.066382 -27.491574
vt -27.070655 -27.490149
vt -26.720940 -27.606791
vt -26.792451 -27.582939
vt -26.808408 -27.577617
vt -26.387607 -27.717968
vt -26.518520 -27.674304
vt -26.558445 -27.660988
vt -26.244589 -27.765669
vt -26.308483 -27.744359
vt -16.054273 -27.711053
vt -16.104326 -27.749333
vt -15.720940 -27.490149
vt -15.858050 -27.490149
vt -15.957023 -27.636675
vt -15.387607 -27.490149
vt -57.054273 -27.156816
vt -57.387607 -27.156816
vt -56.720940 -27.156816
vt -56.387607 -27.156816
vt -56.054273 -27.156816
vt -55.720940 -27.156816
vt -55.387607 -27.156816
vt -55.054273 -27.156816
vt -54.720940 -27.156816
vt -54.387607 -27.156816
vt -54.054273 -27.156816
vt -53.720940 -27.156816
vt -53.387607 -27.156816
vt -53.054273 -27.156816
vt -52.720940 -27.156816
vt -52.387607 -27.156816
vt -52.054273 -27.156816
vt -51.720940 -27.156816
vt -51.387607 -27.156816
vt -51.054273 -27.156816
vt -50.720940 -27.156816
vt -50.387607 -27.156816
vt -50.054273 -27.156816
vt -49.720940 -27.156816
vt -49.387607 -27.156816
vt -49.054273 -27.156816
vt -48.720940 -27.156816
vt -48.387607 -27.156816
vt -48.054273 -27.156816
vt -47.720940 -27.156816
vt -47.387607 -27.156816
vt -47.054273 -27.156816
vt -46.720940 -27.156816
vt -46.387607 -27.156816
vt -46.054273 -27.156816
vt -45.720940 -27.156816
vt -45.387607 -27.156816
vt -45.054273 -27.156816
vt -44.720940 -27.156816
vt -44.387607 -27.156816
vt -44.054273 -27.156816
vt -43.720940 -27.156816
vt -43.387607 -27.156816
vt -43.054273 -27.156816
vt -42.720940 -27.156816
vt -42.387607 -27.156816
vt -42.054273 -27.156816
vt -41.720940 -27.156816
vt -41.387607 -27.156816
vt -41.054273 -27.156816
vt -41.054273 -27.486161
vt -40.720940 -27.477664
vt -40.720940 -27.156816
vt -41.050181 -27.486057
vt -40.387607 -27.469167
vt -40.387607 -27.156816
vt -40.708128 -27.477337
vt -40.054273 -27.460669
vt -40.054273 -27.156816
vt -40.366075 -27.468618
vt -40.067210 -27.460999
vt -40.371309 -27.468751
vt -39.720940 -27.452172
vt -39.720940 -27.156816
vt -40.024023 -27.459898
vt -39.387607 -27.156816
vt -39.681969 -27.451178
vt -39.481397 -27.446065
vt -39.387607 -27.443674
vt -39.054273 -27.435176
vt -39.054273 -27.156816
vt -39.339916 -27.442458
vt -38.720940 -27.426679
vt -38.720940 -27.156816
vt -38.997862 -27.433738
vt -38.387607 -27.156816
vt -38.655809 -27.425018
vt -38.602677 -27.423664
vt -38.387607 -27.418181
vt -38.054273 -27.409683
vt -38.054273 -27.156816
vt -38.313756 -27.416298
vt -37.720940 -27.156816
vt -37.971702 -27.407578
vt -37.738278 -27.401627
vt -37.720940 -27.401895
vt -38.016863 -27.408729
vt -37.387607 -27.407041
vt -37.387607 -27.156816
vt -37.634028 -27.403237
vt -37.054273 -27.412188
vt -37.054273 -27.156816
vt -37.305763 -27.408305
vt -36.720940 -27.156816
vt -36.977497 -27.413373
vt -36.854422 -27.415273
vt -36.720940 -27.417334
vt -36.387607 -27.156816
vt -36.649232 -27.418441
vt -36.555028 -27.419896
vt -36.387607 -27.422480
vt -36.054273 -27.427627
vt -36.054273 -27.156816
vt -36.320967 -27.423509
vt -35.720940 -27.432773
vt -35.720940 -27.156816
vt -35.992702 -27.428577
vt -35.387607 -27.156816
vt -35.664436 -27.433645
vt -35.656848 -27.433763
vt -35.387607 -27.437919
vt -35.054273 -27.434103
vt -35.054273 -27.156816
vt -35.335843 -27.438385
vt -35.357454 -27.438385
vt -35.336005 -27.438387
vt -34.720940 -27.429035
vt -34.720940 -27.156816
vt -34.997362 -27.433238
vt -35.021405 -27.433604
vt -34.387607 -27.423966
vt -34.387607 -27.156816
vt -34.658882 -27.428091
vt -34.706805 -27.428820
vt -34.054273 -27.156816
vt -34.320402 -27.422944
vt -34.077604 -27.419252
vt -34.054273 -27.418897
vt -33.720940 -27.156816
vt -33.981921 -27.417797
vt -33.763004 -27.414468
vt -33.720940 -27.413829
vt -33.387607 -27.408760
vt -33.387607 -27.156816
vt -33.643441 -27.412650
vt -33.054273 -27.156816
vt -33.304961 -27.407503
vt -33.133804 -27.404900
vt -33.054273 -27.403691
vt -32.720940 -27.156816
vt -32.966480 -27.402356
vt -32.884558 -27.401110
vt -32.720940 -27.429366
vt -32.387607 -27.156816
vt -32.669108 -27.438317
vt -32.658065 -27.440224
vt -32.387607 -27.486930
vt -32.054273 -27.156816
vt -32.384861 -27.487404
vt -31.720940 -27.156816
vt -31.387607 -27.156816
vt -31.054273 -27.156816
vt -30.720940 -27.156816
vt -30.387607 -27.156816
vt -30.054273 -27.156816
vt -29.720940 -27.156816
vt -29.387607 -27.156816
vt -29.054273 -27.156816
vt -28.720940 -27.156816
vt -28.387607 -27.156816
vt -28.054273 -27.157075
vt -28.054467 -27.157009
vt -28.055035 -27.156816
vt -27.720940 -27.270583
vt -27.805808 -27.241683
vt -27.917350 -27.203701
vt -27.387607 -27.384090
vt -27.557148 -27.326358
vt -27.308333 -27.410876
vt -27.338229 -27.400905
vt -15.720940 -27.287163
vt -15.387607 -27.156816
vt -15.632895 -27.156816
vt -15.672230 -27.215049
vt -57.054273 -26.823482
vt -57.387607 -26.823482
vt -56.720940 -26.823482
vt -56.387607 -26.823482
vt -56.054273 -26.823482
vt -55.720940 -26.823482
vt -55.387607 -26.823482
vt -55.054273 -26.823482
vt -54.720940 -26.823482
vt -54.387607 -26.823482
vt -54.054273 -26.823482
vt -53.720940 -26.823482
vt -53.387607 -26.823482
vt -53.054273 -26.823482
vt -52.720940 -26.823482
vt -52.387607 -26.823482
vt -52.054273 -26.823482
vt -51.720940 -26.823482
vt -51.387607 -26.823482
vt -51.054273 -26.823482
vt -50.720940 -26.823482
vt -50.387607 -26.823482
vt -50.054273 -26.823482
vt -49.720940 -26.823482
vt -49.387607 -26.823482
vt -49.054273 -26.823482
vt -48.720940 -26.823482
vt -48.387607 -26.823482
vt -48.054273 -26.823482
vt -47.720940 -26.823482
vt -47.387607 -26.823482
vt -47.054273 -26.823482
vt -46.720940 -26.823482
vt -46.387607 -26.823482
vt -46.054273 -26.823482
vt -45.720940 -26.823482
vt -45.387607 -26.823482
vt -45.054273 -26.823482
vt -44.720940 -26.823482
vt -44.387607 -26.823482
vt -44.054273 -26.823482
vt -43.720940 -26.823482
vt -43.387607 -26.823482
vt -43.054273 -26.823482
vt -42.720940 -26.823482
vt -42.387607 -26.823482
vt -42.054273 -26.823482
vt -41.720940 -26.823482
vt -41.387607 -26.823482
vt -41.054273 -26.823482
vt -40.720940 -26.823482
vt -40.387607 -26.823482
vt -40.054273 -26.823482
vt -39.720940 -26.823482
vt -39.387607 -26.823482
vt -39.054273 -26.823482
vt -38.720940 -26.823482
vt -38.387607 -26.823482
vt -38.054273 -26.823482
vt -37.720940 -26.823482
vt -37.387607 -26.823482
vt -37.054273 -26.823482
vt -36.720940 -26.823482
vt -36.387607 -26.823482
vt -36.054273 -26.823482
vt -35.720940 -26.823482
vt -35.387607 -26.823482
vt -35.054273 -26.823482
vt -34.720940 -26.823482
vt -34.387607 -26.823482
vt -34.054273 -26.823482
vt -33.720940 -26.823482
vt -33.387607 -26.823482
vt -33.054273 -26.823482
vt -32.720940 -26.823482
vt -32.387607 -26.823482
vt -32.054273 -26.823482
vt -31.720940 -26.823482
vt -31.387607 -26.823482
vt -31.054273 -26.823482
vt -30.720940 -26.823482
vt -30.387607 -26.823482
vt -30.054273 -26.823482
vt -29.720940 -26.823482
vt -29.387607 -26.823482
vt -29.054273 -26.823482
vt -28.720940 -26.930060
vt -28.789152 -26.906832
vt -28.800444 -26.902987
vt -29.033922 -26.823482
vt -28.387607 -27.043567
vt -28.498552 -27.005788
vt -28.551785 -26.987661
vt -28.303126 -27.072335
vt -15.387607 -26.823482
vt -15.449644 -26.885520
vt -15.497834 -26.956863
vt -15.407740 -26.823482
vt -57.054273 -26.664012
vt -57.196552 -26.669156
vt -57.234241 -26.670116
vt -57.387607 -26.674024
vt -56.720940 -26.651961
vt -56.888822 -26.658031
vt -56.940247 -26.659890
vt -56.387607 -26.639910
vt -56.420180 -26.641088
vt -56.542985 -26.645528
vt -56.054273 -26.627826
vt -56.160256 -26.631691
vt -56.197149 -26.633025
vt -55.720940 -26.615671
vt -55.851213 -26.620422
vt -55.865612 -26.620947
vt -55.387607 -26.603516
vt -55.505264 -26.607806
vt -55.054273 -26.591361
vt -55.159316 -26.595191
vt -55.276104 -26.599450
vt -54.720940 -26.579245
vt -54.813394 -26.582603
vt -54.981351 -26.588702
vt -54.387607 -26.567141
vt -54.467500 -26.570042
vt -54.664002 -26.577178
vt -54.054273 -26.555037
vt -54.121606 -26.557482
vt -54.346760 -26.565658
vt -53.720940 -26.542933
vt -53.775713 -26.544922
vt -54.029519 -26.554138
vt -53.387607 -26.530828
vt -53.395035 -26.531098
vt -53.429819 -26.532361
vt -53.712277 -26.542618
vt -53.054273 -26.518724
vt -53.077793 -26.519578
vt -53.083925 -26.519801
vt -52.720940 -26.505998
vt -52.737628 -26.506837
vt -52.765434 -26.508236
vt -52.387607 -26.490149
vt -52.405855 -26.490149
vt -52.438983 -26.491815
vt -52.054273 -26.490149
vt -51.720940 -26.490149
vt -51.387607 -26.490149
vt -51.054273 -26.490149
vt -50.720940 -26.490149
vt -50.387607 -26.490149
vt -50.054273 -26.490149
vt -49.720940 -26.490149
vt -49.387607 -26.490149
vt -49.054273 -26.490149
vt -48.720940 -26.490149
vt -48.387607 -26.490149
vt -48.054273 -26.490149
vt -47.720940 -26.490149
vt -47.387607 -26.490149
vt -47.054273 -26.490149
vt -46.720940 -26.490149
vt -46.387607 -26.490149
vt -46.054273 -26.490149
vt -45.720940 -26.490149
vt -45.387607 -26.490149
vt -45.054273 -26.490149
vt -44.720940 -26.490149
vt -44.387607 -26.490149
vt -44.054273 -26.490149
vt -43.720940 -26.490149
vt -43.387607 -26.490149
vt -43.054273 -26.490149
vt -42.720940 -26.490149
vt -42.387607 -26.490149
vt -42.054273 -26.490149
vt -41.720940 -26.490149
vt -41.387607 -26.490149
vt -41.054273 -26.490149
vt -40.720940 -26.490149
vt -40.387607 -26.490149
vt -40.054273 -26.490149
vt -39.720940 -26.490149
vt -39.387607 -26.490149
vt -39.054273 -26.490149
vt -38.720940 -26.490149
vt -38.387607 -26.490149
vt -38.054273 -26.490149
vt -37.720940 -26.490149
vt -37.387607 -26.490149
vt -37.054273 -26.490149
vt -36.720940 -26.490149
vt -36.387607 -26.490149
vt -36.054273 -26.490149
vt -35.720940 -26.490149
vt -35.387607 -26.490149
vt -35.054273 -26.490149
vt -34.720940 -26.490149
vt -34.387607 -26.490149
vt -34.054273 -26.490149
vt -33.720940 -26.490149
vt -33.387607 -26.490149
vt -33.054273 -26.490149
vt -32.720940 -26.490149
vt -32.387607 -26.490149
vt -32.054273 -26.490149
vt -31.720940 -26.490149
vt -31.387607 -26.490149
vt -31.054273 -26.490149
vt -30.720940 -26.490149
vt -30.387607 -26.490149
vt -30.054273 -26.549226
vt -30.101027 -26.536903
vt -30.244266 -26.499150
vt -30.243873 -26.490149
vt -29.720940 -26.637082
vt -29.837224 -26.606433
vt -29.387607 -26.724937
vt -29.423497 -26.715478
vt -29.573421 -26.675963
vt -29.720003 -26.637329
vt -29.054273 -26.816552
vt -29.079753 -26.807876
vt -29.126991 -26.793627
vt -29.309617 -26.745493
vt -29.049104 -26.818313
vt -15.387607 -26.793676
vt -52.387607 -26.489231
vt -52.054273 -26.472465
vt -52.107652 -26.475150
vt -52.386640 -26.489183
vt -51.720940 -26.455699
vt -51.776321 -26.458484
vt -52.035653 -26.471528
vt -51.387607 -26.438932
vt -51.444990 -26.441819
vt -51.684665 -26.453874
vt -51.054273 -26.422166
vt -51.113658 -26.425153
vt -51.333677 -26.436220
vt -50.720940 -26.405400
vt -50.782327 -26.408487
vt -50.982690 -26.418565
vt -50.387607 -26.388633
vt -50.450996 -26.391822
vt -50.631702 -26.400911
vt -50.054273 -26.371867
vt -50.119665 -26.375156
vt -50.280714 -26.383257
vt -49.720940 -26.356558
vt -49.771004 -26.357834
vt -49.788334 -26.358490
vt -49.929727 -26.365602
vt -49.387607 -26.348062
vt -49.464480 -26.350021
vt -49.583855 -26.353064
vt -49.054273 -26.339566
vt -49.157956 -26.342209
vt -49.241804 -26.344346
vt -48.720940 -26.331071
vt -48.851432 -26.334397
vt -48.899752 -26.335628
vt -48.387607 -26.322575
vt -48.544909 -26.326584
vt -48.557701 -26.326910
vt -48.054273 -26.314079
vt -48.215650 -26.318192
vt -48.238385 -26.318772
vt -47.720940 -26.305584
vt -47.873599 -26.309475
vt -47.387607 -26.299372
vt -47.532443 -26.301652
vt -47.618520 -26.303007
vt -47.625337 -26.303147
vt -47.054273 -26.294124
vt -47.193778 -26.296320
vt -46.720940 -26.288877
vt -46.855113 -26.290989
vt -46.387607 -26.283630
vt -46.516449 -26.285658
vt -46.054273 -26.278382
vt -46.076422 -26.278731
vt -46.177784 -26.280327
vt -45.720940 -26.273135
vt -45.768003 -26.273876
vt -45.839120 -26.274995
vt -45.387607 -26.267888
vt -45.459583 -26.269021
vt -45.500455 -26.269664
vt -45.054273 -26.259104
vt -45.161764 -26.264306
vt -45.162579 -26.264345
vt -44.720940 -26.242972
vt -44.811478 -26.247354
vt -44.850931 -26.249263
vt -44.387607 -26.226841
vt -44.461193 -26.230402
vt -44.054273 -26.210709
vt -44.110907 -26.213450
vt -44.204830 -26.217995
vt -43.720940 -26.194577
vt -43.760622 -26.196498
vt -43.881779 -26.202361
vt -43.387607 -26.178446
vt -43.410337 -26.179546
vt -43.054273 -26.162314
vt -43.060051 -26.162594
vt -43.235678 -26.171093
vt -42.720940 -26.156816
vt -42.940662 -26.156816
vt -42.387607 -26.156816
vt -42.054273 -26.156816
vt -41.720940 -26.156816
vt -41.387607 -26.156816
vt -41.054273 -26.156816
vt -40.720940 -26.156816
vt -40.387607 -26.156816
vt -40.054273 -26.156816
vt -39.720940 -26.156816
vt -39.387607 -26.156816
vt -39.054273 -26.156816
vt -38.720940 -26.156816
vt -38.387607 -26.156816
vt -38.054273 -26.156816
vt -37.720940 -26.156816
vt -37.387607 -26.156816
vt -37.054273 -26.156816
vt -36.720940 -26.156816
vt -36.387607 -26.156816
vt -36.054273 -26.156816
vt -35.720940 -26.156816
vt -35.387607 -26.156816
vt -35.054273 -26.156816
vt -34.720940 -26.156816
vt -34.387607 -26.156816
vt -34.054273 -26.156816
vt -33.720940 -26.156816
vt -33.387607 -26.156816
vt -33.054273 -26.156816
vt -32.720940 -26.156816
vt -32.387607 -26.156816
vt -32.054273 -26.156816
vt -31.720940 -26.181335
vt -31.741848 -26.177724
vt -31.838018 -26.161117
vt -31.862922 -26.156816
vt -31.387607 -26.156816
vt -31.592355 -26.156816
vt -31.604880 -26.183669
vt -31.609039 -26.200659
vt -31.054273 -26.156816
vt -30.720940 -26.156816
vt -30.387607 -26.156816
vt -30.237298 -26.339841
vt -30.233092 -26.243669
vt -30.264696 -26.156816
vt -42.720940 -26.146182
vt -42.387607 -26.130051
vt -42.589576 -26.139825
vt -42.709766 -26.145642
vt -42.054273 -26.113919
vt -42.266525 -26.124191
vt -42.359480 -26.128690
vt -41.720940 -26.102701
vt -41.927476 -26.107966
vt -41.943475 -26.108557
vt -42.009195 -26.111737
vt -41.387607 -26.094204
vt -41.623378 -26.100214
vt -41.665410 -26.101285
vt -41.054273 -26.085706
vt -41.323357 -26.092566
vt -40.720940 -26.077209
vt -40.981304 -26.083846
vt -41.015182 -26.084710
vt -40.387607 -26.068712
vt -40.406986 -26.069206
vt -40.639251 -26.075127
vt -40.054273 -26.060215
vt -40.102888 -26.061454
vt -40.297198 -26.066407
vt -39.720940 -26.051717
vt -39.809982 -26.053987
vt -39.955145 -26.057687
vt -39.387607 -26.043219
vt -39.517075 -26.046520
vt -39.613092 -26.048967
vt -39.054273 -26.034721
vt -39.224169 -26.039053
vt -39.271038 -26.040247
vt -38.720940 -26.026224
vt -38.928985 -26.031527
vt -38.931262 -26.031586
vt -38.387607 -26.017726
vt -38.586932 -26.022807
vt -38.054273 -26.009228
vt -38.244878 -26.014087
vt -38.345449 -26.016651
vt -37.720940 -26.001728
vt -37.730990 -26.001573
vt -37.759636 -26.001717
vt -37.902825 -26.005367
vt -37.387607 -26.006875
vt -37.431597 -26.006195
vt -37.568211 -26.004086
vt -37.054273 -26.012021
vt -37.239945 -26.009154
vt -36.720940 -26.017167
vt -36.832810 -26.015440
vt -36.911680 -26.014222
vt -36.387607 -26.022314
vt -36.533416 -26.020062
vt -36.583415 -26.019291
vt -36.054273 -26.027460
vt -36.234023 -26.024685
vt -36.255150 -26.024359
vt -35.720940 -26.032606
vt -35.926884 -26.029427
vt -35.387607 -26.037753
vt -35.598619 -26.034495
vt -35.054273 -26.033942
vt -35.267982 -26.037191
vt -35.346567 -26.038386
vt -34.720940 -26.028873
vt -34.728091 -26.028982
vt -34.929502 -26.032044
vt -35.042691 -26.033765
vt -34.387607 -26.023804
vt -34.413491 -26.024198
vt -34.591022 -26.026897
vt -34.054273 -26.018735
vt -34.098890 -26.019414
vt -34.252541 -26.021750
vt -33.720940 -26.013667
vt -33.784290 -26.014630
vt -33.914061 -26.016603
vt -33.387607 -26.008598
vt -33.469690 -26.009846
vt -33.575581 -26.011456
vt -33.054273 -26.003529
vt -33.155090 -26.005062
vt -33.237100 -26.006309
vt -32.720940 -26.009610
vt -32.840490 -26.000278
vt -32.898620 -26.001162
vt -32.387607 -26.066207
vt -32.419823 -26.060644
vt -32.594588 -26.030464
vt -32.710726 -26.010407
vt -32.054273 -26.123771
vt -32.128920 -26.110880
vt -32.310341 -26.079550
vt -32.026095 -26.128637
vt -31.387607 -25.842850
vt -31.489433 -25.936142
vt -31.054273 -25.823482
vt -31.366468 -25.823482
vt -30.720940 -25.823482
vt -30.387607 -25.920296
vt -30.433896 -25.869772
vt -30.476306 -25.823482
vt -30.297489 -26.066698
vt -30.326487 -25.987007
vt -31.054273 -25.666569
vt -31.288048 -25.751636
vt -30.720940 -25.687703
vt -30.758521 -25.670175
vt -30.894997 -25.664206
vt -31.031386 -25.658241
vt -30.628346 -25.730889
vt -30.510993 -25.785622
vt -44.387607 -3.556696
vt -44.387607 -3.490149
vt -44.427262 -3.529804
vt -44.485737 -3.490149
vt -44.054273 -3.709525
vt -44.054273 -3.490149
vt -44.212363 -3.648238
vt -44.067444 -3.709434
vt -44.319056 -3.603184
vt -43.720940 -3.681501
vt -43.720940 -3.490149
vt -43.941093 -3.710302
vt -43.794323 -3.711309
vt -43.421267 -3.490149
vt -43.541276 -3.608522
vt -44.720940 -3.330646
vt -44.720940 -3.156816
vt -44.824524 -3.260400
vt -44.977269 -3.156816
vt -44.852209 -3.241625
vt -44.387607 -3.156816
vt -44.625893 -3.395102
vt -44.585633 -3.422405
vt -44.054273 -3.156816
vt -43.720940 -3.156816
vt -43.387607 -3.156816
vt -43.387607 -3.456948
vt -43.240518 -3.156816
vt -43.346826 -3.416723
vt -43.240575 -3.165110
vt -45.387607 -2.878544
vt -45.387607 -2.823482
vt -45.420418 -2.856293
vt -45.468800 -2.823482
vt -45.054273 -3.104595
vt -45.054273 -2.823482
vt -45.221786 -2.990995
vt -45.385362 -2.880066
vt -44.720940 -2.823482
vt -45.023155 -3.125698
vt -44.387607 -2.823482
vt -44.054273 -2.823482
vt -43.720940 -2.823482
vt -43.387607 -2.823482
vt -43.239502 -3.008711
vt -43.238701 -2.891990
vt -43.266528 -2.823482
vt -45.720940 -2.629332
vt -45.720940 -2.490149
vt -45.790054 -2.559263
vt -45.849704 -2.490149
vt -45.843738 -2.504836
vt -45.387607 -2.490149
vt -45.619049 -2.721591
vt -45.651939 -2.699287
vt -45.054273 -2.490149
vt -44.720940 -2.490149
vt -44.387607 -2.490149
vt -44.054273 -2.490149
vt -43.720940 -2.490149
vt -43.387607 -2.592186
vt -43.438275 -2.540817
vt -43.488252 -2.490149
vt -43.301503 -2.737379
vt -43.341487 -2.638943
vt -46.387607 -2.186213
vt -46.387607 -2.156816
vt -46.404964 -2.174173
vt -46.429987 -2.156816
vt -46.054273 -2.395833
vt -46.054273 -2.156816
vt -46.208150 -2.310692
vt -46.137684 -2.359571
vt -45.720940 -2.156816
vt -45.988536 -2.424412
vt -45.887205 -2.468466
vt -45.858307 -2.468969
vt -45.387607 -2.156816
vt -45.054273 -2.156816
vt -44.720940 -2.156816
vt -44.387607 -2.156816
vt -44.054273 -2.156816
vt -43.720940 -2.317235
vt -43.799863 -2.263713
vt -43.816533 -2.252408
vt -43.957493 -2.156816
vt -43.617902 -2.387111
vt -43.533287 -2.444492
vt -46.720940 -1.927091
vt -46.720940 -1.823482
vt -46.771843 -1.874385
vt -46.821005 -1.823482
vt -46.387607 -1.823482
vt -46.601778 -2.037654
vt -46.639288 -2.011636
vt -46.054273 -1.823482
vt -45.720940 -1.823482
vt -45.387607 -1.823482
vt -45.054273 -1.823482
vt -44.720940 -1.823482
vt -44.387607 -1.865133
vt -44.412426 -1.848302
vt -44.449025 -1.823482
vt -44.054273 -2.091184
vt -44.066440 -2.082933
vt -44.213795 -1.983004
vt -44.333016 -1.902154
vt -44.015164 -2.117706
vt -46.720940 -1.490149
vt -46.890340 -1.659549
vt -46.829028 -1.815175
vt -46.927909 -1.490149
vt -46.929143 -1.561059
vt -46.387607 -1.490149
vt -46.054273 -1.490149
vt -45.720940 -1.490149
vt -45.387607 -1.490149
vt -45.054273 -1.490149
vt -44.720940 -1.639083
vt -44.809689 -1.578898
vt -44.866169 -1.540595
vt -44.985631 -1.490149
vt -44.611057 -1.713600
vt -46.720940 -1.156816
vt -46.925671 -1.361547
vt -46.867370 -1.156816
vt -46.924391 -1.287974
vt -46.387607 -1.156816
vt -46.054273 -1.156816
vt -45.720940 -1.156816
vt -45.387607 -1.176027
vt -45.398950 -1.168159
vt -45.415302 -1.156816
vt -45.054273 -1.461163
vt -45.117782 -1.434345
vt -45.138775 -1.434201
vt -45.150010 -1.405682
vt -45.225243 -1.327785
vt -45.339751 -1.209222
vt -45.033893 -1.469769
vt -46.720940 -0.946174
vt -46.815495 -1.037495
vt -46.387607 -0.823482
vt -46.557426 -0.823482
vt -46.619035 -0.847755
vt -46.054273 -0.823482
vt -45.720940 -0.944812
vt -45.792578 -0.895120
vt -45.841354 -0.861287
vt -45.928312 -0.823482
vt -45.590552 -1.035254
vt -45.595764 -1.031639
vt -46.387607 -0.756578
vt -46.054273 -0.768721
vt -46.091833 -0.752392
vt -46.312673 -0.748549
vt -46.364919 -0.747640
vt -46.016105 -0.785314
f 3/3 2/2 1/1
f 4/4 2/2 3/3
f 7/7 6/6 5/5
f 1/1 2/2 6/6
f 8/8 1/1 6/6
f 7/7 8/8 6/6
f 11/11 10/10 9/9
f 5/5 6/6 10/10
f 12/12 5/5 10/10
f 11/11 12/12 10/10
f 15/15 14/14 13/13
f 9/9 10/10 14/14
f 16/16 9/9 14/14
f 17/17 16/16 14/14
f 15/15 17/17 14/14
f 13/13 14/14 18/18
f 21/21 20/20 19/19
f 22/22 20/20 21/21
f 25/25 24/24 23/23
f 19/19 20/20 24/24
f 26/26 19/19 24/24
f 25/25 26/26 24/24
f 29/29 28/28 27/27
f 30/30 29/29 27/27
f 23/23 24/24 28/28
f 29/29 23/23 28/28
f 33/33 32/32 31/31
f 27/27 28/28 32/32
f 34/34 27/27 32/32
f 33/33 34/34 32/32
f 37/37 36/36 35/35
f 31/31 32/32 36/36
f 38/38 31/31 36/36
f 37/37 38/38 36/36
f 41/41 40/40 39/39
f 35/35 36/36 40/40
f 42/42 35/35 40/40
f 41/41 42/42 40/40
f 45/45 44/44 43/43
f 39/39 40/40 44/44
f 46/46 39/39 44/44
f 45/45 46/46 44/44
f 48/48 47/47 2/2
f 49/49 48/48 2/2
f 4/4 49/49 2/2
f 43/43 44/44 47/47
f 48/48 43/43 47/47
f 2/2 50/50 6/6
f 2/2 47/47 50/50
f 6/6 51/51 10/10
f 6/6 50/50 51/51
f 10/10 52/52 14/14
f 10/10 51/51 52/52
f 18/18 14/14 53/53
f 54/54 18/18 53/53
f 14/14 52/52 53/53
f 57/57 56/56 55/55
f 54/54 53/53 56/56
f 57/57 54/54 56/56
f 60/60 59/59 58/58
f 55/55 56/56 59/59
f 61/61 55/55 59/59
f 60/60 61/61 59/59
f 64/64 63/63 62/62
f 65/65 64/64 62/62
f 58/58 59/59 63/63
f 66/66 58/58 63/63
f 64/64 66/66 63/63
f 62/62 63/63 67/67
f 68/68 62/62 67/67
f 71/71 70/70 69/69
f 72/72 70/70 71/71
f 75/75 74/74 73/73
f 69/69 70/70 74/74
f 76/76 69/69 74/74
f 75/75 76/76 74/74
f 79/79 78/78 77/77
f 73/73 74/74 78/78
f 80/80 73/73 78/78
f 79/79 80/80 78/78
f 83/83 82/82 81/81
f 77/77 78/78 82/82
f 84/84 77/77 82/82
f 83/83 84/84 82/82
f 86/86 85/85 20/20
f 22/22 86/86 20/20
f 81/81 82/82 85/85
f 87/87 81/81 85/85
f 86/86 87/87 85/85
f 20/20 88/88 24/24
f 20/20 85/85 88/88
f 24/24 89/89 28/28
f 24/24 88/88 89/89
f 28/28 90/90 32/32
f 28/28 89/89 90/90
f 32/32 91/91 36/36
f 32/32 90/90 91/91
f 36/36 92/92 40/40
f 36/36 91/91 92/92
f 40/40 93/93 44/44
f 40/40 92/92 93/93
f 44/44 94/94 47/47
f 44/44 93/93 94/94
f 47/47 95/95 50/50
f 47/47 94/94 95/95
f 50/50 96/96 51/51
f 50/50 95/95 96/96
f 51/51 97/97 52/52
f 51/51 96/96 97/97
f 52/52 98/98 53/53
f 52/52 97/97 98/98
f 53/53 99/99 56/56
f 53/53 98/98 99/99
f 56/56 100/100 59/59
f 56/56 99/99 100/100
f 59/59 101/101 63/63
f 59/59 100/100 101/101
f 67/67 63/63 102/102
f 103/103 67/67 102/102
f 63/63 101/101 102/102
f 106/106 105/105 104/104
f 107/107 106/106 104/104
f 103/103 102/102 104/104
f 105/105 103/103 104/104
f 107/107 104/104 108/108
f 111/111 110/110 109/109
f 113/113 112/112 110/110
f 111/111 113/113 110/110
f 116/116 115/115 114/114
f 109/109 110/110 115/115
f 117/117 109/109 115/115
f 116/116 117/117 115/115
f 119/119 118/118 70/70
f 120/120 119/119 70/70
f 121/121 120/120 70/70
f 72/72 121/121 70/70
f 114/114 115/115 118/118
f 119/119 114/114 118/118
f 70/70 122/122 74/74
f 70/70 118/118 122/122
f 74/74 123/123 78/78
f 74/74 122/122 123/123
f 78/78 124/124 82/82
f 78/78 123/123 124/124
f 82/82 125/125 85/85
f 82/82 124/124 125/125
f 85/85 126/126 88/88
f 85/85 125/125 126/126
f 88/88 127/127 89/89
f 88/88 126/126 127/127
f 89/89 128/128 90/90
f 89/89 127/127 128/128
f 90/90 129/129 91/91
f 90/90 128/128 129/129
f 91/91 130/130 92/92
f 91/91 129/129 130/130
f 92/92 131/131 93/93
f 92/92 130/130 131/131
f 93/93 132/132 94/94
f 93/93 131/131 132/132
f 94/94 133/133 95/95
f 94/94 132/132 133/133
f 95/95 134/134 96/96
f 95/95 133/133 134/134
f 96/96 135/135 97/97
f 96/96 134/134 135/135
f 97/97 136/136 98/98
f 97/97 135/135 136/136
f 98/98 137/137 99/99
f 98/98 136/136 137/137
f 99/99 138/138 100/100
f 99/99 137/137 138/138
f 100/100 139/139 101/101
f 100/100 138/138 139/139
f 101/101 140/140 102/102
f 101/101 139/139 140/140
f 102/102 141/141 104/104
f 102/102 140/140 141/141
f 108/108 104/104 142/142
f 143/143 108/108 142/142
f 144/144 143/143 142/142
f 104/104 141/141 142/142
f 147/147 146/146 145/145
f 144/144 142/142 146/146
f 147/147 144/144 146/146
f 145/145 146/146 148/148
f 149/149 145/145 148/148
f 152/152 151/151 150/150
f 153/153 152/152 150/150
f 155/155 154/154 150/150
f 151/151 155/155 150/150
f 158/158 157/157 156/156
f 153/153 150/150 157/157
f 158/158 153/153 157/157
f 160/160 159/159 110/110
f 112/112 160/160 110/110
f 156/156 157/157 159/159
f 160/160 156/156 159/159
f 110/110 161/161 115/115
f 110/110 159/159 161/161
f 115/115 162/162 118/118
f 115/115 161/161 162/162
f 118/118 163/163 122/122
f 118/118 162/162 163/163
f 122/122 164/164 123/123
f 122/122 163/163 164/164
f 123/123 165/165 124/124
f 123/123 164/164 165/165
f 124/124 166/166 125/125
f 124/124 165/165 166/166
f 125/125 167/167 126/126
f 125/125 166/166 167/167
f 126/126 168/168 127/127
f 126/126 167/167 168/168
f 127/127 169/169 128/128
f 127/127 168/168 169/169
f 128/128 170/170 129/129
f 128/128 169/169 170/170
f 129/129 171/171 130/130
f 129/129 170/170 171/171
f 130/130 172/172 131/131
f 130/130 171/171 172/172
f 131/131 173/173 132/132
f 131/131 172/172 173/173
f 132/132 174/174 133/133
f 132/132 173/173 174/174
f 175/175 134/134 133/133
f 176/176 175/175 133/133
f 176/176 133/133 174/174
f 177/177 176/176 174/174
f 178/178 177/177 174/174
f 134/134 179/179 135/135
f 180/180 179/179 134/134
f 181/181 180/180 134/134
f 175/175 181/181 134/134
f 135/135 182/182 136/136
f 135/135 179/179 182/182
f 136/136 183/183 137/137
f 136/136 182/182 183/183
f 137/137 184/184 138/138
f 137/137 183/183 184/184
f 138/138 185/185 139/139
f 138/138 184/184 185/185
f 139/139 186/186 140/140
f 139/139 185/185 186/186
f 140/140 187/187 141/141
f 140/140 186/186 187/187
f 141/141 188/188 142/142
f 141/141 187/187 188/188
f 142/142 189/189 146/146
f 142/142 188/188 189/189
f 148/148 146/146 190/190
f 191/191 148/148 190/190
f 192/192 191/191 190/190
f 146/146 189/189 190/190
f 193/193 192/192 190/190
f 194/194 193/193 190/190
f 197/197 196/196 195/195
f 198/198 197/197 195/195
f 199/199 195/195 196/196
f 202/202 201/201 200/200
f 198/198 195/195 201/201
f 203/203 198/198 201/201
f 202/202 203/203 201/201
f 206/206 205/205 204/204
f 200/200 201/201 205/205
f 206/206 200/200 205/205
f 208/208 207/207 150/150
f 154/154 208/208 150/150
f 204/204 205/205 207/207
f 208/208 204/204 207/207
f 150/150 209/209 157/157
f 150/150 207/207 209/209
f 157/157 210/210 159/159
f 157/157 209/209 210/210
f 159/159 211/211 161/161
f 159/159 210/210 211/211
f 161/161 212/212 162/162
f 161/161 211/211 212/212
f 162/162 213/213 163/163
f 162/162 212/212 213/213
f 163/163 214/214 164/164
f 163/163 213/213 214/214
f 164/164 215/215 165/165
f 164/164 214/214 215/215
f 165/165 216/216 166/166
f 165/165 215/215 216/216
f 166/166 217/217 167/167
f 166/166 216/216 217/217
f 218/218 168/168 167/167
f 219/219 218/218 167/167
f 220/220 219/219 167/167
f 220/220 167/167 217/217
f 221/221 220/220 217/217
f 222/222 169/169 168/168
f 223/223 222/222 168/168
f 224/224 223/223 168/168
f 224/224 168/168 218/218
f 225/225 170/170 169/169
f 226/226 225/225 169/169
f 227/227 226/226 169/169
f 227/227 169/169 222/222
f 228/228 171/171 170/170
f 229/229 228/228 170/170
f 230/230 229/229 170/170
f 230/230 170/170 225/225
f 231/231 172/172 171/171
f 232/232 231/231 171/171
f 233/233 232/232 171/171
f 233/233 171/171 228/228
f 234/234 173/173 172/172
f 235/235 234/234 172/172
f 236/236 235/235 172/172
f 236/236 172/172 231/231
f 237/237 174/174 173/173
f 238/238 237/237 173/173
f 239/239 238/238 173/173
f 239/239 173/173 234/234
f 178/178 174/174 240/240
f 240/240 174/174 237/237
f 241/241 179/179 180/180
f 242/242 182/182 179/179
f 243/243 242/242 179/179
f 244/244 243/243 179/179
f 244/244 179/179 241/241
f 245/245 183/183 182/182
f 246/246 245/245 182/182
f 247/247 246/246 182/182
f 247/247 182/182 242/242
f 248/248 184/184 183/183
f 249/249 248/248 183/183
f 250/250 249/249 183/183
f 250/250 183/183 245/245
f 184/184 251/251 185/185
f 252/252 251/251 184/184
f 253/253 252/252 184/184
f 248/248 253/253 184/184
f 185/185 254/254 186/186
f 185/185 251/251 254/254
f 186/186 255/255 187/187
f 186/186 254/254 255/255
f 187/187 256/256 188/188
f 187/187 255/255 256/256
f 188/188 257/257 189/189
f 188/188 256/256 257/257
f 189/189 258/258 190/190
f 189/189 257/257 258/258
f 194/194 190/190 259/259
f 260/260 194/194 259/259
f 190/190 258/258 259/259
f 263/263 262/262 261/261
f 260/260 259/259 262/262
f 263/263 260/260 262/262
f 261/261 262/262 264/264
f 267/267 266/266 265/265
f 268/268 266/266 267/267
f 271/271 270/270 269/269
f 265/265 266/266 270/270
f 272/272 265/265 270/270
f 271/271 272/272 270/270
f 275/275 274/274 273/273
f 269/269 270/270 274/274
f 276/276 269/269 274/274
f 275/275 276/276 274/274
f 278/278 277/277 195/195
f 199/199 278/278 195/195
f 273/273 274/274 277/277
f 279/279 273/273 277/277
f 278/278 279/279 277/277
f 195/195 280/280 201/201
f 195/195 277/277 280/280
f 201/201 281/281 205/205
f 201/201 280/280 281/281
f 205/205 282/282 207/207
f 205/205 281/281 282/282
f 207/207 283/283 209/209
f 207/207 282/282 283/283
f 209/209 284/284 210/210
f 209/209 283/283 284/284
f 210/210 285/285 211/211
f 210/210 284/284 285/285
f 211/211 286/286 212/212
f 211/211 285/285 286/286
f 212/212 287/287 213/213
f 212/212 286/286 287/287
f 288/288 214/214 213/213
f 289/289 288/288 213/213
f 289/289 213/213 287/287
f 290/290 289/289 287/287
f 291/291 290/290 287/287
f 292/292 215/215 214/214
f 293/293 292/292 214/214
f 294/294 293/293 214/214
f 288/288 294/294 214/214
f 295/295 216/216 215/215
f 296/296 295/295 215/215
f 297/297 296/296 215/215
f 292/292 297/297 215/215
f 298/298 217/217 216/216
f 299/299 298/298 216/216
f 299/299 216/216 295/295
f 221/221 217/217 300/300
f 300/300 217/217 298/298
f 301/301 251/251 252/252
f 302/302 254/254 251/251
f 303/303 302/302 251/251
f 304/304 303/303 251/251
f 305/305 304/304 251/251
f 301/301 305/305 251/251
f 254/254 306/306 255/255
f 307/307 306/306 254/254
f 302/302 307/307 254/254
f 255/255 308/308 256/256
f 255/255 306/306 308/308
f 256/256 309/309 257/257
f 256/256 308/308 309/309
f 257/257 310/310 258/258
f 257/257 309/309 310/310
f 258/258 311/311 259/259
f 258/258 310/310 311/311
f 259/259 312/312 262/262
f 259/259 311/311 312/312
f 264/264 262/262 313/313
f 314/314 264/264 313/313
f 315/315 314/314 313/313
f 262/262 312/312 313/313
f 318/318 317/317 316/316
f 319/319 317/317 318/318
f 322/322 321/321 320/320
f 323/323 322/322 320/320
f 316/316 317/317 320/320
f 324/324 316/316 320/320
f 321/321 324/324 320/320
f 327/327 326/326 325/325
f 328/328 327/327 325/325
f 329/329 328/328 325/325
f 323/323 320/320 326/326
f 327/327 323/323 326/326
f 331/331 330/330 266/266
f 332/332 331/331 266/266
f 268/268 332/332 266/266
f 325/325 326/326 330/330
f 331/331 325/325 330/330
f 266/266 333/333 270/270
f 266/266 330/330 333/333
f 270/270 334/334 274/274
f 270/270 333/333 334/334
f 274/274 335/335 277/277
f 274/274 334/334 335/335
f 277/277 336/336 280/280
f 277/277 335/335 336/336
f 280/280 337/337 281/281
f 280/280 336/336 337/337
f 281/281 338/338 282/282
f 281/281 337/337 338/338
f 282/282 339/339 283/283
f 282/282 338/338 339/339
f 283/283 340/340 284/284
f 283/283 339/339 340/340
f 341/341 285/285 284/284
f 342/342 341/341 284/284
f 342/342 284/284 340/340
f 343/343 342/342 340/340
f 344/344 286/286 285/285
f 345/345 344/344 285/285
f 346/346 345/345 285/285
f 341/341 346/346 285/285
f 347/347 287/287 286/286
f 348/348 347/347 286/286
f 349/349 348/348 286/286
f 350/350 349/349 286/286
f 344/344 350/350 286/286
f 291/291 287/287 351/351
f 351/351 287/287 347/347
f 353/353 352/352 306/306
f 307/307 353/353 306/306
f 306/306 354/354 308/308
f 355/355 354/354 306/306
f 356/356 355/355 306/306
f 352/352 356/356 306/306
f 308/308 357/357 309/309
f 308/308 354/354 357/357
f 309/309 358/358 310/310
f 309/309 357/357 358/358
f 310/310 359/359 311/311
f 310/310 358/358 359/359
f 311/311 360/360 312/312
f 311/311 359/359 360/360
f 312/312 361/361 313/313
f 312/312 360/360 361/361
f 364/364 363/363 362/362
f 365/365 363/363 364/364
f 368/368 367/367 366/366
f 362/362 363/363 367/367
f 369/369 362/362 367/367
f 368/368 369/369 367/367
f 372/372 371/371 370/370
f 366/366 367/367 371/371
f 373/373 366/366 371/371
f 372/372 373/373 371/371
f 375/375 374/374 317/317
f 376/376 375/375 317/317
f 319/319 376/376 317/317
f 370/370 371/371 374/374
f 375/375 370/370 374/374
f 317/317 377/377 320/320
f 317/317 374/374 377/377
f 320/320 378/378 326/326
f 320/320 377/377 378/378
f 326/326 379/379 330/330
f 326/326 378/378 379/379
f 330/330 380/380 333/333
f 330/330 379/379 380/380
f 333/333 381/381 334/334
f 333/333 380/380 381/381
f 334/334 382/382 335/335
f 334/334 381/381 382/382
f 335/335 383/383 336/336
f 335/335 382/382 383/383
f 336/336 384/384 337/337
f 336/336 383/383 384/384
f 337/337 385/385 338/338
f 337/337 384/384 385/385
f 386/386 339/339 338/338
f 387/387 386/386 338/338
f 388/388 387/387 338/338
f 388/388 338/338 385/385
f 389/389 388/388 385/385
f 390/390 340/340 339/339
f 391/391 390/390 339/339
f 392/392 391/391 339/339
f 392/392 339/339 386/386
f 393/393 343/343 340/340
f 394/394 393/393 340/340
f 394/394 340/340 390/390
f 395/395 354/354 355/355
f 396/396 357/357 354/354
f 397/397 396/396 354/354
f 398/398 397/397 354/354
f 398/398 354/354 395/395
f 357/357 399/399 358/358
f 400/400 399/399 357/357
f 396/396 400/400 357/357
f 358/358 401/401 359/359
f 358/358 399/399 401/401
f 359/359 402/402 360/360
f 359/359 401/401 402/402
f 360/360 403/403 361/361
f 360/360 402/402 403/403
f 406/406 405/405 404/404
f 407/407 406/406 404/404
f 408/408 407/407 404/404
f 410/410 409/409 405/405
f 406/406 410/410 405/405
f 413/413 412/412 411/411
f 404/404 405/405 412/412
f 413/413 404/404 412/412
f 416/416 415/415 414/414
f 411/411 412/412 415/415
f 417/417 411/411 415/415
f 416/416 417/417 415/415
f 420/420 419/419 418/418
f 421/421 420/420 418/418
f 414/414 415/415 419/419
f 422/422 414/414 419/419
f 420/420 422/422 419/419
f 425/425 424/424 423/423
f 418/418 419/419 424/424
f 425/425 418/418 424/424
f 428/428 427/427 426/426
f 429/429 428/428 426/426
f 423/423 424/424 426/426
f 427/427 423/423 426/426
f 432/432 431/431 430/430
f 429/429 426/426 431/431
f 432/432 429/429 431/431
f 435/435 434/434 433/433
f 430/430 431/431 434/434
f 436/436 430/430 434/434
f 435/435 436/436 434/434
f 439/439 438/438 437/437
f 433/433 434/434 438/438
f 440/440 433/433 438/438
f 439/439 440/440 438/438
f 443/443 442/442 441/441
f 437/437 438/438 442/442
f 444/444 437/437 442/442
f 443/443 444/444 442/442
f 447/447 446/446 445/445
f 441/441 442/442 446/446
f 448/448 441/441 446/446
f 447/447 448/448 446/446
f 451/451 450/450 449/449
f 445/445 446/446 450/450
f 452/452 445/445 450/450
f 451/451 452/452 450/450
f 455/455 454/454 453/453
f 449/449 450/450 454/454
f 456/456 449/449 454/454
f 455/455 456/456 454/454
f 459/459 458/458 457/457
f 453/453 454/454 458/458
f 460/460 453/453 458/458
f 459/459 460/460 458/458
f 463/463 462/462 461/461
f 457/457 458/458 462/462
f 464/464 457/457 462/462
f 465/465 464/464 462/462
f 463/463 465/465 462/462
f 468/468 467/467 466/466
f 461/461 462/462 467/467
f 469/469 461/461 467/467
f 468/468 469/469 467/467
f 472/472 471/471 470/470
f 466/466 467/467 471/471
f 473/473 466/466 471/471
f 472/472 473/473 471/471
f 476/476 475/475 474/474
f 470/470 471/471 475/475
f 477/477 470/470 475/475
f 476/476 477/477 475/475
f 480/480 479/479 478/478
f 474/474 475/475 479/479
f 481/481 474/474 479/479
f 480/480 481/481 479/479
f 478/478 479/479 482/482
f 485/485 484/484 483/483
f 487/487 486/486 484/484
f 485/485 487/487 484/484
f 490/490 489/489 488/488
f 483/483 484/484 489/489
f 491/491 483/483 489/489
f 490/490 491/491 489/489
f 494/494 493/493 492/492
f 495/495 494/494 492/492
f 488/488 489/489 492/492
f 493/493 488/488 492/492
f 497/497 496/496 363/363
f 498/498 497/497 363/363
f 365/365 498/498 363/363
f 495/495 492/492 496/496
f 497/497 495/495 496/496
f 363/363 499/499 367/367
f 363/363 496/496 499/499
f 367/367 500/500 371/371
f 367/367 499/499 500/500
f 371/371 501/501 374/374
f 371/371 500/500 501/501
f 374/374 502/502 377/377
f 374/374 501/501 502/502
f 377/377 503/503 378/378
f 377/377 502/502 503/503
f 378/378 504/504 379/379
f 378/378 503/503 504/504
f 379/379 505/505 380/380
f 379/379 504/504 505/505
f 380/380 506/506 381/381
f 380/380 505/505 506/506
f 381/381 507/507 382/382
f 381/381 506/506 507/507
f 508/508 383/383 382/382
f 509/509 508/508 382/382
f 509/509 382/382 507/507
f 510/510 509/509 507/507
f 511/511 384/384 383/383
f 512/512 511/511 383/383
f 512/512 383/383 508/508
f 513/513 385/385 384/384
f 514/514 513/513 384/384
f 514/514 384/384 511/511
f 515/515 514/514 511/511
f 516/516 515/515 511/511
f 389/389 385/385 517/517
f 517/517 385/385 513/513
f 518/518 399/399 400/400
f 399/399 519/519 401/401
f 520/520 519/519 399/399
f 521/521 520/520 399/399
f 518/518 521/521 399/399
f 401/401 522/522 402/402
f 401/401 519/519 522/522
f 402/402 523/523 403/403
f 402/402 522/522 523/523
f 409/409 524/524 405/405
f 409/409 525/525 524/524
f 405/405 526/526 412/412
f 405/405 524/524 526/526
f 412/412 527/527 415/415
f 412/412 526/526 527/527
f 415/415 528/528 419/419
f 415/415 527/527 528/528
f 419/419 529/529 424/424
f 419/419 528/528 529/529
f 424/424 530/530 426/426
f 424/424 529/529 530/530
f 426/426 531/531 431/431
f 426/426 530/530 531/531
f 431/431 532/532 434/434
f 431/431 531/531 532/532
f 434/434 533/533 438/438
f 434/434 532/532 533/533
f 438/438 534/534 442/442
f 438/438 533/533 534/534
f 442/442 535/535 446/446
f 442/442 534/534 535/535
f 446/446 536/536 450/450
f 446/446 535/535 536/536
f 450/450 537/537 454/454
f 450/450 536/536 537/537
f 454/454 538/538 458/458
f 454/454 537/537 538/538
f 458/458 539/539 462/462
f 458/458 538/538 539/539
f 462/462 540/540 467/467
f 462/462 539/539 540/540
f 467/467 541/541 471/471
f 467/467 540/540 541/541
f 471/471 542/542 475/475
f 471/471 541/541 542/542
f 475/475 543/543 479/479
f 475/475 542/542 543/543
f 482/482 479/479 544/544
f 545/545 482/482 544/544
f 546/546 545/545 544/544
f 479/479 543/543 544/544
f 549/549 548/548 547/547
f 546/546 544/544 548/548
f 550/550 546/546 548/548
f 549/549 550/550 548/548
f 553/553 552/552 551/551
f 547/547 548/548 552/552
f 554/554 547/547 552/552
f 553/553 554/554 552/552
f 557/557 556/556 555/555
f 558/558 557/557 555/555
f 551/551 552/552 555/555
f 559/559 551/551 555/555
f 556/556 559/559 555/555
f 562/562 561/561 560/560
f 558/558 555/555 561/561
f 562/562 558/558 561/561
f 565/565 564/564 563/563
f 566/566 565/565 563/563
f 560/560 561/561 563/563
f 564/564 560/560 563/563
f 569/569 568/568 567/567
f 566/566 563/563 568/568
f 569/569 566/566 568/568
f 572/572 571/571 570/570
f 573/573 572/572 570/570
f 567/567 568/568 570/570
f 571/571 567/567 570/570
f 576/576 575/575 574/574
f 573/573 570/570 575/575
f 576/576 573/573 575/575
f 579/579 578/578 577/577
f 580/580 579/579 577/577
f 574/574 575/575 577/577
f 578/578 574/574 577/577
f 583/583 582/582 581/581
f 584/584 583/583 581/581
f 580/580 577/577 581/581
f 582/582 580/580 581/581
f 587/587 586/586 585/585
f 584/584 581/581 586/586
f 588/588 584/584 586/586
f 587/587 588/588 586/586
f 591/591 590/590 589/589
f 585/585 586/586 590/590
f 592/592 585/585 590/590
f 591/591 592/592 590/590
f 595/595 594/594 593/593
f 589/589 590/590 594/594
f 596/596 589/589 594/594
f 595/595 596/596 594/594
f 599/599 598/598 597/597
f 593/593 594/594 598/598
f 600/600 593/593 598/598
f 599/599 600/600 598/598
f 603/603 602/602 601/601
f 604/604 603/603 601/601
f 597/597 598/598 601/601
f 602/602 597/597 601/601
f 607/607 606/606 605/605
f 604/604 601/601 606/606
f 607/607 604/604 606/606
f 610/610 609/609 608/608
f 611/611 610/610 608/608
f 612/612 611/611 608/608
f 605/605 606/606 609/609
f 610/610 605/605 609/609
f 615/615 614/614 613/613
f 608/608 609/609 614/614
f 615/615 608/608 614/614
f 618/618 617/617 616/616
f 619/619 618/618 616/616
f 613/613 614/614 616/616
f 617/617 613/613 616/616
f 622/622 621/621 620/620
f 619/619 616/616 621/621
f 622/622 619/619 621/621
f 625/625 624/624 623/623
f 620/620 621/621 624/624
f 625/625 620/620 624/624
f 628/628 627/627 626/626
f 623/623 624/624 627/627
f 629/629 623/623 627/627
f 628/628 629/629 627/627
f 632/632 631/631 630/630
f 626/626 627/627 631/631
f 633/633 626/626 631/631
f 632/632 633/633 631/631
f 636/636 635/635 634/634
f 630/630 631/631 635/635
f 637/637 630/630 635/635
f 636/636 637/637 635/635
f 640/640 639/639 638/638
f 634/634 635/635 639/639
f 641/641 634/634 639/639
f 640/640 641/641 639/639
f 644/644 643/643 642/642
f 638/638 639/639 643/643
f 645/645 638/638 643/643
f 644/644 645/645 643/643
f 648/648 647/647 646/646
f 642/642 643/643 647/647
f 649/649 642/642 647/647
f 648/648 649/649 647/647
f 652/652 651/651 650/650
f 646/646 647/647 651/651
f 653/653 646/646 651/651
f 652/652 653/653 651/651
f 650/650 651/651 654/654
f 657/657 656/656 655/655
f 658/658 657/657 655/655
f 659/659 655/655 656/656
f 662/662 661/661 660/660
f 663/663 662/662 660/660
f 658/658 655/655 660/660
f 661/661 658/658 660/660
f 666/666 665/665 664/664
f 663/663 660/660 665/665
f 666/666 663/663 665/665
f 669/669 668/668 667/667
f 670/670 669/669 667/667
f 664/664 665/665 667/667
f 668/668 664/664 667/667
f 673/673 672/672 671/671
f 670/670 667/667 672/672
f 673/673 670/670 672/672
f 675/675 674/674 484/484
f 486/486 675/675 484/484
f 671/671 672/672 674/674
f 675/675 671/671 674/674
f 484/484 676/676 489/489
f 484/484 674/674 676/676
f 489/489 677/677 492/492
f 489/489 676/676 677/677
f 492/492 678/678 496/496
f 492/492 677/677 678/678
f 496/496 679/679 499/499
f 496/496 678/678 679/679
f 499/499 680/680 500/500
f 499/499 679/679 680/680
f 500/500 681/681 501/501
f 500/500 680/680 681/681
f 501/501 682/682 502/502
f 501/501 681/681 682/682
f 502/502 683/683 503/503
f 502/502 682/682 683/683
f 503/503 684/684 504/504
f 503/503 683/683 684/684
f 685/685 505/505 504/504
f 686/686 685/685 504/504
f 686/686 504/504 684/684
f 687/687 686/686 684/684
f 688/688 687/687 684/684
f 689/689 506/506 505/505
f 690/690 689/689 505/505
f 691/691 690/690 505/505
f 691/691 505/505 685/685
f 692/692 507/507 506/506
f 693/693 692/692 506/506
f 694/694 693/693 506/506
f 694/694 506/506 689/689
f 695/695 510/510 507/507
f 696/696 695/695 507/507
f 696/696 507/507 692/692
f 698/698 697/697 519/519
f 520/520 698/698 519/519
f 519/519 699/699 522/522
f 700/700 699/699 519/519
f 701/701 700/700 519/519
f 697/697 701/701 519/519
f 522/522 702/702 523/523
f 522/522 699/699 702/702
f 525/525 703/703 524/524
f 525/525 704/704 703/703
f 524/524 705/705 526/526
f 524/524 703/703 705/705
f 526/526 706/706 527/527
f 526/526 705/705 706/706
f 527/527 707/707 528/528
f 527/527 706/706 707/707
f 528/528 708/708 529/529
f 528/528 707/707 708/708
f 529/529 709/709 530/530
f 529/529 708/708 709/709
f 530/530 710/710 531/531
f 530/530 709/709 710/710
f 531/531 711/711 532/532
f 531/531 710/710 711/711
f 532/532 712/712 533/533
f 532/532 711/711 712/712
f 533/533 713/713 534/534
f 533/533 712/712 713/713
f 534/534 714/714 535/535
f 534/534 713/713 714/714
f 535/535 715/715 536/536
f 535/535 714/714 715/715
f 536/536 716/716 537/537
f 536/536 715/715 716/716
f 537/537 717/717 538/538
f 537/537 716/716 717/717
f 538/538 718/718 539/539
f 538/538 717/717 718/718
f 539/539 719/719 540/540
f 539/539 718/718 719/719
f 540/540 720/720 541/541
f 540/540 719/719 720/720
f 541/541 721/721 542/542
f 541/541 720/720 721/721
f 542/542 722/722 543/543
f 542/542 721/721 722/722
f 543/543 723/723 544/544
f 543/543 722/722 723/723
f 544/544 724/724 548/548
f 544/544 723/723 724/724
f 548/548 725/725 552/552
f 548/548 724/724 725/725
f 552/552 726/726 555/555
f 552/552 725/725 726/726
f 555/555 727/727 561/561
f 555/555 726/726 727/727
f 561/561 728/728 563/563
f 561/561 727/727 728/728
f 563/563 729/729 568/568
f 563/563 728/728 729/729
f 568/568 730/730 570/570
f 568/568 729/729 730/730
f 570/570 731/731 575/575
f 570/570 730/730 731/731
f 575/575 732/732 577/577
f 575/575 731/731 732/732
f 577/577 733/733 581/581
f 577/577 732/732 733/733
f 581/581 734/734 586/586
f 581/581 733/733 734/734
f 586/586 735/735 590/590
f 586/586 734/734 735/735
f 590/590 736/736 594/594
f 590/590 735/735 736/736
f 594/594 737/737 598/598
f 594/594 736/736 737/737
f 598/598 738/738 601/601
f 598/598 737/737 738/738
f 601/601 739/739 606/606
f 601/601 738/738 739/739
f 606/606 740/740 609/609
f 606/606 739/739 740/740
f 609/609 741/741 614/614
f 609/609 740/740 741/741
f 614/614 742/742 616/616
f 614/614 741/741 742/742
f 616/616 743/743 621/621
f 616/616 742/742 743/743
f 621/621 744/744 624/624
f 621/621 743/743 744/744
f 624/624 745/745 627/627
f 624/624 744/744 745/745
f 627/627 746/746 631/631
f 627/627 745/745 746/746
f 631/631 747/747 635/635
f 631/631 746/746 747/747
f 635/635 748/748 639/639
f 635/635 747/747 748/748
f 639/639 749/749 643/643
f 639/639 748/748 749/749
f 643/643 750/750 647/647
f 643/643 749/749 750/750
f 647/647 751/751 651/651
f 647/647 750/750 751/751
f 654/654 651/651 752/752
f 753/753 654/654 752/752
f 651/651 751/751 752/752
f 756/756 755/755 754/754
f 753/753 752/752 755/755
f 756/756 753/753 755/755
f 759/759 758/758 757/757
f 754/754 755/755 758/758
f 759/759 754/754 758/758
f 762/762 761/761 760/760
f 763/763 762/762 760/760
f 757/757 758/758 761/761
f 764/764 757/757 761/761
f 762/762 764/764 761/761
f 767/767 766/766 765/765
f 760/760 761/761 766/766
f 767/767 760/760 766/766
f 770/770 769/769 768/768
f 771/771 770/770 768/768
f 765/765 766/766 768/768
f 769/769 765/765 768/768
f 774/774 773/773 772/772
f 771/771 768/768 773/773
f 774/774 771/771 773/773
f 777/777 776/776 775/775
f 772/772 773/773 776/776
f 777/777 772/772 776/776
f 780/780 779/779 778/778
f 781/781 780/780 778/778
f 775/775 776/776 778/778
f 779/779 775/775 778/778
f 784/784 783/783 782/782
f 781/781 778/778 783/783
f 784/784 781/781 783/783
f 787/787 786/786 785/785
f 788/788 787/787 785/785
f 782/782 783/783 785/785
f 789/789 782/782 785/785
f 786/786 789/789 785/785
f 792/792 791/791 790/790
f 788/788 785/785 791/791
f 792/792 788/788 791/791
f 795/795 794/794 793/793
f 790/790 791/791 794/794
f 795/795 790/790 794/794
f 798/798 797/797 796/796
f 799/799 798/798 796/796
f 793/793 794/794 796/796
f 797/797 793/793 796/796
f 802/802 801/801 800/800
f 803/803 802/802 800/800
f 799/799 796/796 800/800
f 801/801 799/799 800/800
f 806/806 805/805 804/804
f 803/803 800/800 805/805
f 806/806 803/803 805/805
f 809/809 808/808 807/807
f 804/804 805/805 808/808
f 809/809 804/804 808/808
f 812/812 811/811 810/810
f 813/813 812/812 810/810
f 807/807 808/808 810/810
f 811/811 807/807 810/810
f 816/816 815/815 814/814
f 813/813 810/810 815/815
f 817/817 813/813 815/815
f 818/818 817/817 815/815
f 816/816 818/818 815/815
f 821/821 820/820 819/819
f 814/814 815/815 820/820
f 822/822 814/814 820/820
f 821/821 822/822 820/820
f 825/825 824/824 823/823
f 819/819 820/820 824/824
f 826/826 819/819 824/824
f 825/825 826/826 824/824
f 829/829 828/828 827/827
f 830/830 829/829 827/827
f 823/823 824/824 827/827
f 828/828 823/823 827/827
f 833/833 832/832 831/831
f 834/834 833/833 831/831
f 830/830 827/827 831/831
f 832/832 830/830 831/831
f 837/837 836/836 835/835
f 834/834 831/831 836/836
f 837/837 834/834 836/836
f 840/840 839/839 838/838
f 841/841 840/840 838/838
f 835/835 836/836 838/838
f 839/839 835/835 838/838
f 844/844 843/843 842/842
f 845/845 844/844 842/842
f 841/841 838/838 842/842
f 843/843 841/841 842/842
f 848/848 847/847 846/846
f 849/849 848/848 846/846
f 845/845 842/842 846/846
f 847/847 845/845 846/846
f 851/851 850/850 655/655
f 659/659 851/851 655/655
f 849/849 846/846 850/850
f 851/851 849/849 850/850
f 655/655 852/852 660/660
f 655/655 850/850 852/852
f 660/660 853/853 665/665
f 660/660 852/852 853/853
f 665/665 854/854 667/667
f 665/665 853/853 854/854
f 667/667 855/855 672/672
f 667/667 854/854 855/855
f 672/672 856/856 674/674
f 672/672 855/855 856/856
f 674/674 857/857 676/676
f 674/674 856/856 857/857
f 676/676 858/858 677/677
f 676/676 857/857 858/858
f 677/677 859/859 678/678
f 677/677 858/858 859/859
f 678/678 860/860 679/679
f 678/678 859/859 860/860
f 679/679 861/861 680/680
f 679/679 860/860 861/861
f 680/680 862/862 681/681
f 680/680 861/861 862/862
f 863/863 682/682 681/681
f 864/864 863/863 681/681
f 864/864 681/681 862/862
f 865/865 864/864 862/862
f 866/866 683/683 682/682
f 867/867 866/866 682/682
f 868/868 867/867 682/682
f 863/863 868/868 682/682
f 869/869 684/684 683/683
f 870/870 869/869 683/683
f 870/870 683/683 866/866
f 688/688 684/684 871/871
f 872/872 871/871 684/684
f 869/869 872/872 684/684
f 873/873 699/699 700/700
f 699/699 874/874 702/702
f 875/875 874/874 699/699
f 876/876 875/875 699/699
f 873/873 876/876 699/699
f 704/704 877/877 703/703
f 704/704 878/878 877/877
f 703/703 879/879 705/705
f 703/703 877/877 879/879
f 705/705 880/880 706/706
f 705/705 879/879 880/880
f 706/706 881/881 707/707
f 706/706 880/880 881/881
f 707/707 882/882 708/708
f 707/707 881/881 882/882
f 708/708 883/883 709/709
f 708/708 882/882 883/883
f 709/709 884/884 710/710
f 709/709 883/883 884/884
f 710/710 885/885 711/711
f 710/710 884/884 885/885
f 711/711 886/886 712/712
f 711/711 885/885 886/886
f 712/712 887/887 713/713
f 712/712 886/886 887/887
f 713/713 888/888 714/714
f 713/713 887/887 888/888
f 714/714 889/889 715/715
f 714/714 888/888 889/889
f 715/715 890/890 716/716
f 715/715 889/889 890/890
f 716/716 891/891 717/717
f 716/716 890/890 891/891
f 717/717 892/892 718/718
f 717/717 891/891 892/892
f 718/718 893/893 719/719
f 718/718 892/892 893/893
f 719/719 894/894 720/720
f 719/719 893/893 894/894
f 720/720 895/895 721/721
f 720/720 894/894 895/895
f 721/721 896/896 722/722
f 721/721 895/895 896/896
f 722/722 897/897 723/723
f 722/722 896/896 897/897
f 723/723 898/898 724/724
f 723/723 897/897 898/898
f 724/724 899/899 725/725
f 724/724 898/898 899/899
f 725/725 900/900 726/726
f 725/725 899/899 900/900
f 726/726 901/901 727/727
f 726/726 900/900 901/901
f 727/727 902/902 728/728
f 727/727 901/901 902/902
f 728/728 903/903 729/729
f 728/728 902/902 903/903
f 729/729 904/904 730/730
f 729/729 903/903 904/904
f 730/730 905/905 731/731
f 730/730 904/904 905/905
f 731/731 906/906 732/732
f 731/731 905/905 906/906
f 732/732 907/907 733/733
f 732/732 906/906 907/907
f 733/733 908/908 734/734
f 733/733 907/907 908/908
f 734/734 909/909 735/735
f 734/734 908/908 909/909
f 735/735 910/910 736/736
f 735/735 909/909 910/910
f 736/736 911/911 737/737
f 736/736 910/910 911/911
f 737/737 912/912 738/738
f 737/737 911/911 912/912
f 738/738 913/913 739/739
f 738/738 912/912 913/913
f 739/739 914/914 740/740
f 739/739 913/913 914/914
f 740/740 915/915 741/741
f 740/740 914/914 915/915
f 741/741 916/916 742/742
f 741/741 915/915 916/916
f 742/742 917/917 743/743
f 742/742 916/916 917/917
f 743/743 918/918 744/744
f 743/743 917/917 918/918
f 744/744 919/919 745/745
f 744/744 918/918 919/919
f 745/745 920/920 746/746
f 745/745 919/919 920/920
f 746/746 921/921 747/747
f 746/746 920/920 921/921
f 747/747 922/922 748/748
f 747/747 921/921 922/922
f 748/748 923/923 749/749
f 748/748 922/922 923/923
f 749/749 924/924 750/750
f 749/749 923/923 924/924
f 750/750 925/925 751/751
f 750/750 924/924 925/925
f 751/751 926/926 752/752
f 751/751 925/925 926/926
f 752/752 927/927 755/755
f 752/752 926/926 927/927
f 755/755 928/928 758/758
f 755/755 927/927 928/928
f 758/758 929/929 761/761
f 758/758 928/928 929/929
f 761/761 930/930 766/766
f 761/761 929/929 930/930
f 766/766 931/931 768/768
f 766/766 930/930 931/931
f 768/768 932/932 773/773
f 768/768 931/931 932/932
f 773/773 933/933 776/776
f 773/773 932/932 933/933
f 776/776 934/934 778/778
f 776/776 933/933 934/934
f 778/778 935/935 783/783
f 778/778 934/934 935/935
f 783/783 936/936 785/785
f 783/783 935/935 936/936
f 785/785 937/937 791/791
f 785/785 936/936 937/937
f 791/791 938/938 794/794
f 791/791 937/937 938/938
f 794/794 939/939 796/796
f 794/794 938/938 939/939
f 796/796 940/940 800/800
f 796/796 939/939 940/940
f 800/800 941/941 805/805
f 800/800 940/940 941/941
f 805/805 942/942 808/808
f 805/805 941/941 942/942
f 808/808 943/943 810/810
f 808/808 942/942 943/943
f 810/810 944/944 815/815
f 810/810 943/943 944/944
f 815/815 945/945 820/820
f 815/815 944/944 945/945
f 820/820 946/946 824/824
f 820/820 945/945 946/946
f 824/824 947/947 827/827
f 824/824 946/946 947/947
f 827/827 948/948 831/831
f 827/827 947/947 948/948
f 831/831 949/949 836/836
f 831/831 948/948 949/949
f 836/836 950/950 838/838
f 836/836 949/949 950/950
f 838/838 951/951 842/842
f 838/838 950/950 951/951
f 842/842 952/952 846/846
f 842/842 951/951 952/952
f 846/846 953/953 850/850
f 846/846 952/952 953/953
f 850/850 954/954 852/852
f 850/850 953/953 954/954
f 852/852 955/955 853/853
f 852/852 954/954 955/955
f 853/853 956/956 854/854
f 853/853 955/955 956/956
f 854/854 957/957 855/855
f 854/854 956/956 957/957
f 855/855 958/958 856/856
f 855/855 957/957 958/958
f 856/856 959/959 857/857
f 856/856 958/958 959/959
f 857/857 960/960 858/858
f 857/857 959/959 960/960
f 858/858 961/961 859/859
f 858/858 960/960 961/961
f 859/859 962/962 860/860
f 859/859 961/961 962/962
f 963/963 861/861 860/860
f 964/964 963/963 860/860
f 965/965 964/964 860/860
f 965/965 860/860 962/962
f 966/966 965/965 962/962
f 967/967 862/862 861/861
f 968/968 967/967 861/861
f 969/969 968/968 861/861
f 969/969 861/861 963/963
f 865/865 862/862 970/970
f 970/970 862/862 967/967
f 972/972 971/971 874/874
f 973/973 972/972 874/874
f 875/875 973/973 874/874
f 974/974 971/971 972/972
f 975/975 877/877 878/878
f 976/976 975/975 878/878
f 977/977 976/976 878/878
f 977/977 878/878 978/978
f 979/979 879/879 877/877
f 980/980 979/979 877/877
f 981/981 980/980 877/877
f 975/975 981/981 877/877
f 982/982 880/880 879/879
f 983/983 982/982 879/879
f 984/984 983/983 879/879
f 984/984 879/879 979/979
f 985/985 881/881 880/880
f 986/986 985/985 880/880
f 987/987 986/986 880/880
f 987/987 880/880 982/982
f 988/988 882/882 881/881
f 989/989 988/988 881/881
f 990/990 989/989 881/881
f 985/985 990/990 881/881
f 991/991 883/883 882/882
f 992/992 991/991 882/882
f 992/992 882/882 988/988
f 993/993 884/884 883/883
f 994/994 993/993 883/883
f 995/995 994/994 883/883
f 991/991 995/995 883/883
f 996/996 885/885 884/884
f 997/997 996/996 884/884
f 997/997 884/884 993/993
f 998/998 997/997 993/993
f 999/999 886/886 885/885
f 1000/1000 999/999 885/885
f 1000/1000 885/885 996/996
f 1001/1001 1000/1000 996/996
f 1002/1002 887/887 886/886
f 1003/1003 1002/1002 886/886
f 1004/1004 1003/1003 886/886
f 999/999 1004/1004 886/886
f 1005/1005 888/888 887/887
f 1006/1006 1005/1005 887/887
f 1007/1007 1006/1006 887/887
f 1002/1002 1007/1007 887/887
f 1008/1008 889/889 888/888
f 1009/1009 1008/1008 888/888
f 1010/1010 1009/1009 888/888
f 1011/1011 1010/1010 888/888
f 1005/1005 1011/1011 888/888
f 1012/1012 890/890 889/889
f 1013/1013 1012/1012 889/889
f 1014/1014 1013/1013 889/889
f 1014/1014 889/889 1008/1008
f 1015/1015 891/891 890/890
f 1016/1016 1015/1015 890/890
f 1017/1017 1016/1016 890/890
f 1012/1012 1017/1017 890/890
f 891/891 1018/1018 892/892
f 1019/1019 1018/1018 891/891
f 1020/1020 1019/1019 891/891
f 1015/1015 1020/1020 891/891
f 892/892 1021/1021 893/893
f 892/892 1018/1018 1021/1021
f 893/893 1022/1022 894/894
f 893/893 1021/1021 1022/1022
f 894/894 1023/1023 895/895
f 894/894 1022/1022 1023/1023
f 895/895 1024/1024 896/896
f 895/895 1023/1023 1024/1024
f 896/896 1025/1025 897/897
f 896/896 1024/1024 1025/1025
f 897/897 1026/1026 898/898
f 897/897 1025/1025 1026/1026
f 898/898 1027/1027 899/899
f 898/898 1026/1026 1027/1027
f 899/899 1028/1028 900/900
f 899/899 1027/1027 1028/1028
f 900/900 1029/1029 901/901
f 900/900 1028/1028 1029/1029
f 901/901 1030/1030 902/902
f 901/901 1029/1029 1030/1030
f 902/902 1031/1031 903/903
f 902/902 1030/1030 1031/1031
f 903/903 1032/1032 904/904
f 903/903 1031/1031 1032/1032
f 904/904 1033/1033 905/905
f 904/904 1032/1032 1033/1033
f 905/905 1034/1034 906/906
f 905/905 1033/1033 1034/1034
f 906/906 1035/1035 907/907
f 906/906 1034/1034 1035/1035
f 907/907 1036/1036 908/908
f 907/907 1035/1035 1036/1036
f 908/908 1037/1037 909/909
f 908/908 1036/1036 1037/1037
f 909/909 1038/1038 910/910
f 909/909 1037/1037 1038/1038
f 910/910 1039/1039 911/911
f 910/910 1038/1038 1039/1039
f 911/911 1040/1040 912/912
f 911/911 1039/1039 1040/1040
f 912/912 1041/1041 913/913
f 912/912 1040/1040 1041/1041
f 913/913 1042/1042 914/914
f 913/913 1041/1041 1042/1042
f 914/914 1043/1043 915/915
f 914/914 1042/1042 1043/1043
f 915/915 1044/1044 916/916
f 915/915 1043/1043 1044/1044
f 916/916 1045/1045 917/917
f 916/916 1044/1044 1045/1045
f 917/917 1046/1046 918/918
f 917/917 1045/1045 1046/1046
f 918/918 1047/1047 919/919
f 918/918 1046/1046 1047/1047
f 919/919 1048/1048 920/920
f 919/919 1047/1047 1048/1048
f 920/920 1049/1049 921/921
f 920/920 1048/1048 1049/1049
f 921/921 1050/1050 922/922
f 921/921 1049/1049 1050/1050
f 922/922 1051/1051 923/923
f 922/922 1050/1050 1051/1051
f 923/923 1052/1052 924/924
f 923/923 1051/1051 1052/1052
f 924/924 1053/1053 925/925
f 924/924 1052/1052 1053/1053
f 925/925 1054/1054 926/926
f 925/925 1053/1053 1054/1054
f 926/926 1055/1055 927/927
f 926/926 1054/1054 1055/1055
f 927/927 1056/1056 928/928
f 927/927 1055/1055 1056/1056
f 928/928 1057/1057 929/929
f 928/928 1056/1056 1057/1057
f 929/929 1058/1058 930/930
f 929/929 1057/1057 1058/1058
f 930/930 1059/1059 931/931
f 930/930 1058/1058 1059/1059
f 931/931 1060/1060 932/932
f 931/931 1059/1059 1060/1060
f 932/932 1061/1061 933/933
f 932/932 1060/1060 1061/1061
f 933/933 1062/1062 934/934
f 933/933 1061/1061 1062/1062
f 934/934 1063/1063 935/935
f 934/934 1062/1062 1063/1063
f 935/935 1064/1064 936/936
f 935/935 1063/1063 1064/1064
f 936/936 1065/1065 937/937
f 936/936 1064/1064 1065/1065
f 937/937 1066/1066 938/938
f 937/937 1065/1065 1066/1066
f 938/938 1067/1067 939/939
f 938/938 1066/1066 1067/1067
f 939/939 1068/1068 940/940
f 939/939 1067/1067 1068/1068
f 940/940 1069/1069 941/941
f 940/940 1068/1068 1069/1069
f 941/941 1070/1070 942/942
f 941/941 1069/1069 1070/1070
f 942/942 1071/1071 943/943
f 942/942 1070/1070 1071/1071
f 943/943 1072/1072 944/944
f 943/943 1071/1071 1072/1072
f 944/944 1073/1073 945/945
f 944/944 1072/1072 1073/1073
f 945/945 1074/1074 946/946
f 945/945 1073/1073 1074/1074
f 946/946 1075/1075 947/947
f 946/946 1074/1074 1075/1075
f 947/947 1076/1076 948/948
f 947/947 1075/1075 1076/1076
f 948/948 1077/1077 949/949
f 948/948 1076/1076 1077/1077
f 949/949 1078/1078 950/950
f 949/949 1077/1077 1078/1078
f 950/950 1079/1079 951/951
f 950/950 1078/1078 1079/1079
f 951/951 1080/1080 952/952
f 951/951 1079/1079 1080/1080
f 952/952 1081/1081 953/953
f 952/952 1080/1080 1081/1081
f 953/953 1082/1082 954/954
f 953/953 1081/1081 1082/1082
f 954/954 1083/1083 955/955
f 954/954 1082/1082 1083/1083
f 955/955 1084/1084 956/956
f 955/955 1083/1083 1084/1084
f 956/956 1085/1085 957/957
f 956/956 1084/1084 1085/1085
f 957/957 1086/1086 958/958
f 957/957 1085/1085 1086/1086
f 1087/1087 959/959 958/958
f 1088/1088 1087/1087 958/958
f 1088/1088 958/958 1086/1086
f 1089/1089 1088/1088 1086/1086
f 1090/1090 1089/1089 1086/1086
f 1091/1091 960/960 959/959
f 1092/1092 1091/1091 959/959
f 1092/1092 959/959 1087/1087
f 1093/1093 961/961 960/960
f 1094/1094 1093/1093 960/960
f 1095/1095 1094/1094 960/960
f 1096/1096 1095/1095 960/960
f 1091/1091 1096/1096 960/960
f 1097/1097 962/962 961/961
f 1098/1098 1097/1097 961/961
f 1099/1099 1098/1098 961/961
f 1100/1100 1099/1099 961/961
f 1100/1100 961/961 1093/1093
f 966/966 962/962 1101/1101
f 1101/1101 962/962 1097/1097
f 1102/1102 971/971 974/974
f 1103/1103 1018/1018 1019/1019
f 1104/1104 1021/1021 1018/1018
f 1105/1105 1104/1104 1018/1018
f 1106/1106 1105/1105 1018/1018
f 1106/1106 1018/1018 1103/1103
f 1107/1107 1022/1022 1021/1021
f 1108/1108 1107/1107 1021/1021
f 1109/1109 1108/1108 1021/1021
f 1109/1109 1021/1021 1104/1104
f 1110/1110 1023/1023 1022/1022
f 1111/1111 1110/1110 1022/1022
f 1112/1112 1111/1111 1022/1022
f 1112/1112 1022/1022 1107/1107
f 1113/1113 1024/1024 1023/1023
f 1114/1114 1113/1113 1023/1023
f 1115/1115 1114/1114 1023/1023
f 1115/1115 1023/1023 1110/1110
f 1116/1116 1025/1025 1024/1024
f 1117/1117 1116/1116 1024/1024
f 1118/1118 1117/1117 1024/1024
f 1118/1118 1024/1024 1113/1113
f 1119/1119 1026/1026 1025/1025
f 1120/1120 1119/1119 1025/1025
f 1121/1121 1120/1120 1025/1025
f 1121/1121 1025/1025 1116/1116
f 1122/1122 1027/1027 1026/1026
f 1123/1123 1122/1122 1026/1026
f 1124/1124 1123/1123 1026/1026
f 1124/1124 1026/1026 1119/1119
f 1125/1125 1028/1028 1027/1027
f 1126/1126 1125/1125 1027/1027
f 1127/1127 1126/1126 1027/1027
f 1128/1128 1127/1127 1027/1027
f 1128/1128 1027/1027 1122/1122
f 1129/1129 1029/1029 1028/1028
f 1130/1130 1129/1129 1028/1028
f 1131/1131 1130/1130 1028/1028
f 1131/1131 1028/1028 1125/1125
f 1132/1132 1030/1030 1029/1029
f 1133/1133 1132/1132 1029/1029
f 1134/1134 1133/1133 1029/1029
f 1134/1134 1029/1029 1129/1129
f 1135/1135 1031/1031 1030/1030
f 1136/1136 1135/1135 1030/1030
f 1137/1137 1136/1136 1030/1030
f 1137/1137 1030/1030 1132/1132
f 1138/1138 1032/1032 1031/1031
f 1139/1139 1138/1138 1031/1031
f 1140/1140 1139/1139 1031/1031
f 1140/1140 1031/1031 1135/1135
f 1141/1141 1033/1033 1032/1032
f 1142/1142 1141/1141 1032/1032
f 1143/1143 1142/1142 1032/1032
f 1138/1138 1143/1143 1032/1032
f 1144/1144 1034/1034 1033/1033
f 1145/1145 1144/1144 1033/1033
f 1145/1145 1033/1033 1141/1141
f 1146/1146 1035/1035 1034/1034
f 1147/1147 1146/1146 1034/1034
f 1147/1147 1034/1034 1144/1144
f 1148/1148 1147/1147 1144/1144
f 1149/1149 1148/1148 1144/1144
f 1150/1150 1036/1036 1035/1035
f 1151/1151 1150/1150 1035/1035
f 1151/1151 1035/1035 1146/1146
f 1152/1152 1037/1037 1036/1036
f 1153/1153 1152/1152 1036/1036
f 1153/1153 1036/1036 1150/1150
f 1154/1154 1038/1038 1037/1037
f 1155/1155 1154/1154 1037/1037
f 1155/1155 1037/1037 1152/1152
f 1156/1156 1039/1039 1038/1038
f 1157/1157 1156/1156 1038/1038
f 1158/1158 1157/1157 1038/1038
f 1158/1158 1038/1038 1154/1154
f 1159/1159 1040/1040 1039/1039
f 1160/1160 1159/1159 1039/1039
f 1161/1161 1160/1160 1039/1039
f 1161/1161 1039/1039 1156/1156
f 1162/1162 1041/1041 1040/1040
f 1163/1163 1162/1162 1040/1040
f 1164/1164 1163/1163 1040/1040
f 1164/1164 1040/1040 1159/1159
f 1165/1165 1042/1042 1041/1041
f 1166/1166 1165/1165 1041/1041
f 1167/1167 1166/1166 1041/1041
f 1162/1162 1167/1167 1041/1041
f 1168/1168 1043/1043 1042/1042
f 1169/1169 1168/1168 1042/1042
f 1170/1170 1169/1169 1042/1042
f 1165/1165 1170/1170 1042/1042
f 1171/1171 1044/1044 1043/1043
f 1172/1172 1171/1171 1043/1043
f 1172/1172 1043/1043 1168/1168
f 1173/1173 1045/1045 1044/1044
f 1174/1174 1173/1173 1044/1044
f 1175/1175 1174/1174 1044/1044
f 1171/1171 1175/1175 1044/1044
f 1176/1176 1046/1046 1045/1045
f 1177/1177 1176/1176 1045/1045
f 1178/1178 1177/1177 1045/1045
f 1173/1173 1178/1178 1045/1045
f 1179/1179 1047/1047 1046/1046
f 1180/1180 1179/1179 1046/1046
f 1180/1180 1046/1046 1176/1176
f 1181/1181 1048/1048 1047/1047
f 1182/1182 1181/1181 1047/1047
f 1183/1183 1182/1182 1047/1047
f 1179/1179 1183/1183 1047/1047
f 1048/1048 1184/1184 1049/1049
f 1185/1185 1184/1184 1048/1048
f 1181/1181 1185/1185 1048/1048
f 1049/1049 1186/1186 1050/1050
f 1049/1049 1184/1184 1186/1186
f 1050/1050 1187/1187 1051/1051
f 1050/1050 1186/1186 1187/1187
f 1051/1051 1188/1188 1052/1052
f 1051/1051 1187/1187 1188/1188
f 1052/1052 1189/1189 1053/1053
f 1052/1052 1188/1188 1189/1189
f 1053/1053 1190/1190 1054/1054
f 1053/1053 1189/1189 1190/1190
f 1054/1054 1191/1191 1055/1055
f 1054/1054 1190/1190 1191/1191
f 1055/1055 1192/1192 1056/1056
f 1055/1055 1191/1191 1192/1192
f 1056/1056 1193/1193 1057/1057
f 1056/1056 1192/1192 1193/1193
f 1057/1057 1194/1194 1058/1058
f 1057/1057 1193/1193 1194/1194
f 1058/1058 1195/1195 1059/1059
f 1058/1058 1194/1194 1195/1195
f 1059/1059 1196/1196 1060/1060
f 1059/1059 1195/1195 1196/1196
f 1060/1060 1197/1197 1061/1061
f 1060/1060 1196/1196 1197/1197
f 1061/1061 1198/1198 1062/1062
f 1061/1061 1197/1197 1198/1198
f 1062/1062 1199/1199 1063/1063
f 1062/1062 1198/1198 1199/1199
f 1063/1063 1200/1200 1064/1064
f 1063/1063 1199/1199 1200/1200
f 1064/1064 1201/1201 1065/1065
f 1064/1064 1200/1200 1201/1201
f 1065/1065 1202/1202 1066/1066
f 1065/1065 1201/1201 1202/1202
f 1066/1066 1203/1203 1067/1067
f 1066/1066 1202/1202 1203/1203
f 1067/1067 1204/1204 1068/1068
f 1067/1067 1203/1203 1204/1204
f 1068/1068 1205/1205 1069/1069
f 1068/1068 1204/1204 1205/1205
f 1069/1069 1206/1206 1070/1070
f 1069/1069 1205/1205 1206/1206
f 1070/1070 1207/1207 1071/1071
f 1070/1070 1206/1206 1207/1207
f 1071/1071 1208/1208 1072/1072
f 1071/1071 1207/1207 1208/1208
f 1072/1072 1209/1209 1073/1073
f 1072/1072 1208/1208 1209/1209
f 1073/1073 1210/1210 1074/1074
f 1073/1073 1209/1209 1210/1210
f 1074/1074 1211/1211 1075/1075
f 1074/1074 1210/1210 1211/1211
f 1075/1075 1212/1212 1076/1076
f 1075/1075 1211/1211 1212/1212
f 1076/1076 1213/1213 1077/1077
f 1076/1076 1212/1212 1213/1213
f 1077/1077 1214/1214 1078/1078
f 1077/1077 1213/1213 1214/1214
f 1078/1078 1215/1215 1079/1079
f 1078/1078 1214/1214 1215/1215
f 1079/1079 1216/1216 1080/1080
f 1079/1079 1215/1215 1216/1216
f 1080/1080 1217/1217 1081/1081
f 1080/1080 1216/1216 1217/1217
f 1218/1218 1082/1082 1081/1081
f 1219/1219 1218/1218 1081/1081
f 1219/1219 1081/1081 1217/1217
f 1220/1220 1219/1219 1217/1217
f 1221/1221 1220/1220 1217/1217
f 1082/1082 1222/1222 1083/1083
f 1224/1224 1223/1223 1222/1222
f 1225/1225 1224/1224 1222/1222
f 1082/1082 1218/1218 1225/1225
f 1222/1222 1082/1082 1225/1225
f 1083/1083 1226/1226 1084/1084
f 1083/1083 1222/1222 1226/1226
f 1084/1084 1227/1227 1085/1085
f 1084/1084 1226/1226 1227/1227
f 1085/1085 1228/1228 1086/1086
f 1085/1085 1227/1227 1228/1228
f 1090/1090 1086/1086 1229/1229
f 1229/1229 1086/1086 1228/1228
f 1230/1230 1229/1229 1228/1228
f 1231/1231 1230/1230 1228/1228
f 1232/1232 1184/1184 1185/1185
f 1233/1233 1186/1186 1184/1184
f 1234/1234 1233/1233 1184/1184
f 1235/1235 1234/1234 1184/1184
f 1235/1235 1184/1184 1232/1232
f 1236/1236 1187/1187 1186/1186
f 1237/1237 1236/1236 1186/1186
f 1238/1238 1237/1237 1186/1186
f 1238/1238 1186/1186 1233/1233
f 1239/1239 1188/1188 1187/1187
f 1240/1240 1239/1239 1187/1187
f 1241/1241 1240/1240 1187/1187
f 1242/1242 1241/1241 1187/1187
f 1242/1242 1187/1187 1236/1236
f 1243/1243 1189/1189 1188/1188
f 1244/1244 1243/1243 1188/1188
f 1245/1245 1244/1244 1188/1188
f 1245/1245 1188/1188 1239/1239
f 1246/1246 1190/1190 1189/1189
f 1247/1247 1246/1246 1189/1189
f 1247/1247 1189/1189 1243/1243
f 1248/1248 1191/1191 1190/1190
f 1249/1249 1248/1248 1190/1190
f 1250/1250 1249/1249 1190/1190
f 1246/1246 1250/1250 1190/1190
f 1251/1251 1192/1192 1191/1191
f 1252/1252 1251/1251 1191/1191
f 1253/1253 1252/1252 1191/1191
f 1253/1253 1191/1191 1248/1248
f 1254/1254 1193/1193 1192/1192
f 1255/1255 1254/1254 1192/1192
f 1256/1256 1255/1255 1192/1192
f 1256/1256 1192/1192 1251/1251
f 1257/1257 1194/1194 1193/1193
f 1258/1258 1257/1257 1193/1193
f 1259/1259 1258/1258 1193/1193
f 1259/1259 1193/1193 1254/1254
f 1260/1260 1195/1195 1194/1194
f 1261/1261 1260/1260 1194/1194
f 1262/1262 1261/1261 1194/1194
f 1262/1262 1194/1194 1257/1257
f 1263/1263 1196/1196 1195/1195
f 1264/1264 1263/1263 1195/1195
f 1265/1265 1264/1264 1195/1195
f 1265/1265 1195/1195 1260/1260
f 1266/1266 1197/1197 1196/1196
f 1267/1267 1266/1266 1196/1196
f 1268/1268 1267/1267 1196/1196
f 1263/1263 1268/1268 1196/1196
f 1269/1269 1198/1198 1197/1197
f 1270/1270 1269/1269 1197/1197
f 1270/1270 1197/1197 1266/1266
f 1271/1271 1199/1199 1198/1198
f 1272/1272 1271/1271 1198/1198
f 1273/1273 1272/1272 1198/1198
f 1269/1269 1273/1273 1198/1198
f 1274/1274 1200/1200 1199/1199
f 1275/1275 1274/1274 1199/1199
f 1276/1276 1275/1275 1199/1199
f 1277/1277 1276/1276 1199/1199
f 1277/1277 1199/1199 1271/1271
f 1278/1278 1201/1201 1200/1200
f 1279/1279 1278/1278 1200/1200
f 1280/1280 1279/1279 1200/1200
f 1280/1280 1200/1200 1274/1274
f 1281/1281 1202/1202 1201/1201
f 1282/1282 1281/1281 1201/1201
f 1282/1282 1201/1201 1278/1278
f 1283/1283 1203/1203 1202/1202
f 1284/1284 1283/1283 1202/1202
f 1285/1285 1284/1284 1202/1202
f 1285/1285 1202/1202 1281/1281
f 1286/1286 1204/1204 1203/1203
f 1287/1287 1286/1286 1203/1203
f 1288/1288 1287/1287 1203/1203
f 1288/1288 1203/1203 1283/1283
f 1289/1289 1205/1205 1204/1204
f 1290/1290 1289/1289 1204/1204
f 1291/1291 1290/1290 1204/1204
f 1291/1291 1204/1204 1286/1286
f 1292/1292 1206/1206 1205/1205
f 1293/1293 1292/1292 1205/1205
f 1293/1293 1205/1205 1289/1289
f 1294/1294 1207/1207 1206/1206
f 1295/1295 1294/1294 1206/1206
f 1295/1295 1206/1206 1292/1292
f 1296/1296 1208/1208 1207/1207
f 1297/1297 1296/1296 1207/1207
f 1298/1298 1297/1297 1207/1207
f 1294/1294 1298/1298 1207/1207
f 1299/1299 1209/1209 1208/1208
f 1300/1300 1299/1299 1208/1208
f 1301/1301 1300/1300 1208/1208
f 1302/1302 1301/1301 1208/1208
f 1296/1296 1302/1302 1208/1208
f 1303/1303 1210/1210 1209/1209
f 1304/1304 1303/1303 1209/1209
f 1305/1305 1304/1304 1209/1209
f 1305/1305 1209/1209 1299/1299
f 1306/1306 1211/1211 1210/1210
f 1307/1307 1306/1306 1210/1210
f 1308/1308 1307/1307 1210/1210
f 1308/1308 1210/1210 1303/1303
f 1309/1309 1212/1212 1211/1211
f 1310/1310 1309/1309 1211/1211
f 1311/1311 1310/1310 1211/1211
f 1311/1311 1211/1211 1306/1306
f 1312/1312 1213/1213 1212/1212
f 1313/1313 1312/1312 1212/1212
f 1314/1314 1313/1313 1212/1212
f 1314/1314 1212/1212 1309/1309
f 1315/1315 1214/1214 1213/1213
f 1316/1316 1315/1315 1213/1213
f 1317/1317 1316/1316 1213/1213
f 1317/1317 1213/1213 1312/1312
f 1318/1318 1215/1215 1214/1214
f 1319/1319 1318/1318 1214/1214
f 1320/1320 1319/1319 1214/1214
f 1320/1320 1214/1214 1315/1315
f 1321/1321 1216/1216 1215/1215
f 1322/1322 1321/1321 1215/1215
f 1323/1323 1322/1322 1215/1215
f 1323/1323 1215/1215 1318/1318
f 1324/1324 1323/1323 1318/1318
f 1325/1325 1217/1217 1216/1216
f 1326/1326 1325/1325 1216/1216
f 1327/1327 1326/1326 1216/1216
f 1327/1327 1216/1216 1321/1321
f 1221/1221 1217/1217 1328/1328
f 1328/1328 1217/1217 1325/1325
f 1329/1329 1222/1222 1223/1223
f 1330/1330 1329/1329 1223/1223
f 1222/1222 1331/1331 1226/1226
f 1332/1332 1331/1331 1222/1222
f 1329/1329 1332/1332 1222/1222
f 1226/1226 1333/1333 1227/1227
f 1226/1226 1331/1331 1333/1333
f 1334/1334 1228/1228 1227/1227
f 1335/1335 1334/1334 1227/1227
f 1335/1335 1227/1227 1333/1333
f 1336/1336 1335/1335 1333/1333
f 1231/1231 1228/1228 1337/1337
f 1337/1337 1228/1228 1334/1334
f 1338/1338 1337/1337 1334/1334
f 1339/1339 1331/1331 1332/1332
f 1340/1340 1339/1339 1332/1332
f 1341/1341 1333/1333 1331/1331
f 1342/1342 1341/1341 1331/1331
f 1343/1343 1342/1342 1331/1331
f 1343/1343 1331/1331 1339/1339
f 1344/1344 1343/1343 1339/1339
f 1336/1336 1333/1333 1345/1345
f 1346/1346 1336/1336 1345/1345
f 1345/1345 1333/1333 1341/1341
f 1349/1349 1348/1348 1347/1347
f 1350/1350 1348/1348 1349/1349
f 1353/1353 1352/1352 1351/1351
f 1354/1354 1353/1353 1351/1351
f 1347/1347 1348/1348 1352/1352
f 1355/1355 1347/1347 1352/1352
f 1353/1353 1355/1355 1352/1352
f 1358/1358 1357/1357 1356/1356
f 1359/1359 1358/1358 1356/1356
f 1351/1351 1352/1352 1357/1357
f 1358/1358 1351/1351 1357/1357
f 1356/1356 1357/1357 1360/1360
f 1361/1361 1356/1356 1360/1360
f 1364/1364 1363/1363 1362/1362
f 1366/1366 1365/1365 1363/1363
f 1364/1364 1366/1366 1363/1363
f 1368/1368 1367/1367 1348/1348
f 1369/1369 1368/1368 1348/1348
f 1350/1350 1369/1369 1348/1348
f 1362/1362 1363/1363 1367/1367
f 1368/1368 1362/1362 1367/1367
f 1348/1348 1370/1370 1352/1352
f 1348/1348 1367/1367 1370/1370
f 1352/1352 1371/1371 1357/1357
f 1352/1352 1370/1370 1371/1371
f 1360/1360 1357/1357 1372/1372
f 1373/1373 1360/1360 1372/1372
f 1357/1357 1371/1371 1372/1372
f 1373/1373 1372/1372 1374/1374
f 1375/1375 1373/1373 1374/1374
f 1376/1376 1375/1375 1374/1374
f 1379/1379 1378/1378 1377/1377
f 1380/1380 1378/1378 1379/1379
f 1383/1383 1382/1382 1381/1381
f 1377/1377 1378/1378 1382/1382
f 1384/1384 1377/1377 1382/1382
f 1383/1383 1384/1384 1382/1382
f 1386/1386 1385/1385 1363/1363
f 1365/1365 1386/1386 1363/1363
f 1381/1381 1382/1382 1385/1385
f 1386/1386 1381/1381 1385/1385
f 1363/1363 1387/1387 1367/1367
f 1363/1363 1385/1385 1387/1387
f 1367/1367 1388/1388 1370/1370
f 1367/1367 1387/1387 1388/1388
f 1370/1370 1389/1389 1371/1371
f 1370/1370 1388/1388 1389/1389
f 1371/1371 1390/1390 1372/1372
f 1371/1371 1389/1389 1390/1390
f 1374/1374 1372/1372 1391/1391
f 1391/1391 1372/1372 1390/1390
f 1392/1392 1391/1391 1390/1390
f 1393/1393 1392/1392 1390/1390
f 1396/1396 1395/1395 1394/1394
f 1397/1397 1395/1395 1396/1396
f 1398/1398 1397/1397 1396/1396
f 1400/1400 1399/1399 1378/1378
f 1380/1380 1400/1400 1378/1378
f 1394/1394 1395/1395 1399/1399
f 1401/1401 1394/1394 1399/1399
f 1400/1400 1401/1401 1399/1399
f 1378/1378 1402/1402 1382/1382
f 1378/1378 1399/1399 1402/1402
f 1382/1382 1403/1403 1385/1385
f 1382/1382 1402/1402 1403/1403
f 1385/1385 1404/1404 1387/1387
f 1385/1385 1403/1403 1404/1404
f 1387/1387 1405/1405 1388/1388
f 1387/1387 1404/1404 1405/1405
f 1388/1388 1406/1406 1389/1389
f 1388/1388 1405/1405 1406/1406
f 1407/1407 1390/1390 1389/1389
f 1408/1408 1407/1407 1389/1389
f 1408/1408 1389/1389 1406/1406
f 1409/1409 1408/1408 1406/1406
f 1393/1393 1390/1390 1410/1410
f 1410/1410 1390/1390 1407/1407
f 1411/1411 1410/1410 1407/1407
f 1414/1414 1413/1413 1412/1412
f 1415/1415 1413/1413 1414/1414
f 1418/1418 1417/1417 1416/1416
f 1419/1419 1418/1418 1416/1416
f 1412/1412 1413/1413 1417/1417
f 1418/1418 1412/1412 1417/1417
f 1421/1421 1420/1420 1395/1395
f 1423/1423 1422/1422 1421/1421
f 1395/1395 1397/1397 1423/1423
f 1421/1421 1395/1395 1423/1423
f 1416/1416 1417/1417 1420/1420
f 1421/1421 1416/1416 1420/1420
f 1395/1395 1424/1424 1399/1399
f 1395/1395 1420/1420 1424/1424
f 1399/1399 1425/1425 1402/1402
f 1399/1399 1424/1424 1425/1425
f 1402/1402 1426/1426 1403/1403
f 1402/1402 1425/1425 1426/1426
f 1403/1403 1427/1427 1404/1404
f 1403/1403 1426/1426 1427/1427
f 1404/1404 1428/1428 1405/1405
f 1404/1404 1427/1427 1428/1428
f 1429/1429 1406/1406 1405/1405
f 1430/1430 1429/1429 1405/1405
f 1431/1431 1430/1430 1405/1405
f 1431/1431 1405/1405 1428/1428
f 1432/1432 1431/1431 1428/1428
f 1409/1409 1406/1406 1433/1433
f 1434/1434 1409/1409 1433/1433
f 1433/1433 1406/1406 1429/1429
f 1437/1437 1436/1436 1435/1435
f 1438/1438 1436/1436 1437/1437
f 1440/1440 1439/1439 1413/1413
f 1415/1415 1440/1440 1413/1413
f 1435/1435 1436/1436 1439/1439
f 1441/1441 1435/1435 1439/1439
f 1440/1440 1441/1441 1439/1439
f 1413/1413 1442/1442 1417/1417
f 1413/1413 1439/1439 1442/1442
f 1417/1417 1443/1443 1420/1420
f 1417/1417 1442/1442 1443/1443
f 1420/1420 1444/1444 1424/1424
f 1420/1420 1443/1443 1444/1444
f 1424/1424 1445/1445 1425/1425
f 1424/1424 1444/1444 1445/1445
f 1425/1425 1446/1446 1426/1426
f 1425/1425 1445/1445 1446/1446
f 1447/1447 1427/1427 1426/1426
f 1448/1448 1447/1447 1426/1426
f 1448/1448 1426/1426 1446/1446
f 1449/1449 1448/1448 1446/1446
f 1450/1450 1428/1428 1427/1427
f 1451/1451 1450/1450 1427/1427
f 1452/1452 1451/1451 1427/1427
f 1453/1453 1452/1452 1427/1427
f 1447/1447 1453/1453 1427/1427
f 1432/1432 1428/1428 1454/1454
f 1454/1454 1428/1428 1450/1450
f 1456/1456 1455/1455 1436/1436
f 1457/1457 1456/1456 1436/1436
f 1438/1438 1457/1457 1436/1436
f 1458/1458 1455/1455 1456/1456
f 1459/1459 1458/1458 1456/1456
f 1436/1436 1460/1460 1439/1439
f 1436/1436 1455/1455 1460/1460
f 1439/1439 1461/1461 1442/1442
f 1439/1439 1460/1460 1461/1461
f 1442/1442 1462/1462 1443/1443
f 1442/1442 1461/1461 1462/1462
f 1443/1443 1463/1463 1444/1444
f 1443/1443 1462/1462 1463/1463
f 1444/1444 1464/1464 1445/1445
f 1444/1444 1463/1463 1464/1464
f 1465/1465 1446/1446 1445/1445
f 1466/1466 1465/1465 1445/1445
f 1466/1466 1445/1445 1464/1464
f 1467/1467 1466/1466 1464/1464
f 1468/1468 1467/1467 1464/1464
f 1449/1449 1446/1446 1469/1469
f 1469/1469 1446/1446 1465/1465
f 1471/1471 1470/1470 1455/1455
f 1458/1458 1471/1471 1455/1455
f 1472/1472 1470/1470 1471/1471
f 1473/1473 1472/1472 1471/1471
f 1455/1455 1474/1474 1460/1460
f 1455/1455 1470/1470 1474/1474
f 1460/1460 1475/1475 1461/1461
f 1460/1460 1474/1474 1475/1475
f 1461/1461 1476/1476 1462/1462
f 1461/1461 1475/1475 1476/1476
f 1477/1477 1463/1463 1462/1462
f 1478/1478 1477/1477 1462/1462
f 1478/1478 1462/1462 1476/1476
f 1479/1479 1478/1478 1476/1476
f 1480/1480 1464/1464 1463/1463
f 1481/1481 1480/1480 1463/1463
f 1482/1482 1481/1481 1463/1463
f 1483/1483 1482/1482 1463/1463
f 1484/1484 1483/1483 1463/1463
f 1484/1484 1463/1463 1477/1477
f 1485/1485 1484/1484 1477/1477
f 1468/1468 1464/1464 1486/1486
f 1486/1486 1464/1464 1480/1480
f 1487/1487 1470/1470 1472/1472
f 1488/1488 1487/1487 1472/1472
f 1470/1470 1489/1489 1474/1474
f 1490/1490 1489/1489 1470/1470
f 1491/1491 1490/1490 1470/1470
f 1487/1487 1491/1491 1470/1470
f 1474/1474 1492/1492 1475/1475
f 1474/1474 1489/1489 1492/1492
f 1493/1493 1476/1476 1475/1475
f 1494/1494 1493/1493 1475/1475
f 1494/1494 1475/1475 1492/1492
f 1495/1495 1494/1494 1492/1492
f 1496/1496 1495/1495 1492/1492
f 1497/1497 1479/1479 1476/1476
f 1498/1498 1497/1497 1476/1476
f 1498/1498 1476/1476 1493/1493
f 1499/1499 1489/1489 1490/1490
f 1500/1500 1492/1492 1489/1489
f 1501/1501 1500/1500 1489/1489
f 1502/1502 1501/1501 1489/1489
f 1502/1502 1489/1489 1499/1499
f 1503/1503 1502/1502 1499/1499
f 1496/1496 1492/1492 1504/1504
f 1504/1504 1492/1492 1500/1500
