# OSM contributors ODbL; elevations USGS 3DEP
# Centimeters, Z up, OBJ Y = negative source ENU Y. Apply source-to-world placement.
o EastsideTrail_Concrete_7_11
v 24989.145325 40964.696489 61.333333
v 24989.145325 40898.029823 61.333333
v 24940.142073 40947.033075 60.759076
v 24943.213012 40964.696489 60.795064
v 24931.622429 40898.029823 60.209839
v 25055.811991 40964.696489 63.156250
v 25055.811991 40898.029823 62.895833
v 25122.478658 40964.696489 64.458333
v 25122.478658 40898.029823 63.416667
v 25189.145325 40964.696489 64.197917
v 25189.145325 40898.029823 62.895833
v 25255.811991 40964.696489 63.156250
v 25255.811991 40898.029823 62.114583
v 25322.478658 40964.696489 61.593750
v 25322.478658 40898.029823 60.812500
v 25362.551980 40924.623167 61.124141
v 25371.872979 40964.696489 61.207857
v 25362.529486 40924.526462 61.123007
v 25357.922814 40898.029823 60.812500
v 24922.478658 40845.436716 59.825808
v 24922.478658 40831.363156 59.770833
v 24920.394241 40833.447573 59.787118
v 24920.031847 40831.363156 59.770833
v 24989.145325 40831.363156 61.072917
v 24930.268157 40890.240324 60.152961
v 24926.955668 40871.187562 60.013839
v 25055.811991 40831.363156 62.375000
v 25122.478658 40831.363156 62.635417
v 25189.145325 40831.363156 61.593750
v 25255.811991 40831.363156 60.291667
v 25322.478658 40831.363156 59.250000
v 25352.673225 40867.835256 60.812500
v 25352.146236 40864.804125 60.729107
v 25346.332232 40831.363156 59.809068
v 24922.478658 40764.696489 59.510417
v 24910.520325 40776.654822 59.557129
v 24908.441264 40764.696489 59.345916
v 24989.145325 40764.696489 60.552083
v 25055.811991 40764.696489 61.333333
v 25122.478658 40764.696489 61.333333
v 25189.145325 40764.696489 60.291667
v 25255.811991 40764.696489 58.468750
v 25322.478658 40764.696489 57.166667
v 25342.799309 40811.042505 59.726265
v 25340.748397 40799.246080 59.245468
v 25334.741649 40764.696489 57.837299
v 24922.478658 40698.029823 57.687500
v 24900.646409 40719.862072 58.028629
v 24904.159990 40740.071472 58.622404
v 24896.850682 40698.029823 57.587391
v 24989.145325 40698.029823 58.989583
v 25055.811991 40698.029823 60.291667
v 25122.478658 40698.029823 60.291667
v 25189.145325 40698.029823 58.468750
v 25255.811991 40698.029823 56.645833
v 25322.478658 40698.029823 55.604167
v 25332.925393 40754.249754 57.697165
v 25323.151067 40698.029823 55.654072
v 24922.478658 40631.363156 56.125000
v 24890.772493 40663.069321 56.744261
v 24892.762151 40674.513427 57.020254
v 24885.260099 40631.363156 55.543460
v 24989.145325 40631.363156 57.947917
v 25055.811991 40631.363156 59.510417
v 25122.478658 40631.363156 59.250000
v 25189.145325 40631.363156 57.427083
v 25255.811991 40631.363156 55.343750
v 25322.478658 40694.162266 55.528628
v 25317.952720 40668.129991 55.090903
v 25313.177561 40640.664253 54.629075
v 25311.560484 40631.363156 54.472680
v 25323.051477 40697.457004 55.657868
v 24922.478658 40564.696489 54.822917
v 24880.898577 40606.276570 54.985339
v 24881.364312 40608.955382 55.044937
v 24873.669517 40564.696489 54.060274
v 24989.145325 40564.696489 57.166667
v 25055.811991 40564.696489 58.468750
v 25122.478658 40564.696489 57.947917
v 25189.145325 40564.696489 56.645833
v 25255.811991 40564.696489 54.822917
v 25303.303645 40583.871502 54.230664
v 25299.969902 40564.696489 54.132949
v 24922.478658 40498.029823 54.041667
v 24871.024661 40549.483820 53.840674
v 24862.078934 40498.029823 52.626048
v 24869.966473 40543.397337 53.696997
v 24989.145325 40498.029823 56.385417
v 25055.811991 40498.029823 57.427083
v 25122.478658 40498.029823 56.906250
v 25189.145325 40498.029823 56.125000
v 25255.811991 40498.029823 54.302083
v 25295.157042 40537.013901 54.316285
v 25293.429729 40527.078752 54.382084
v 25288.379319 40498.029823 54.174867
v 24855.811991 40461.983646 51.775140
v 24855.811991 40431.363156 51.177083
v 24851.276829 40435.898318 51.371954
v 24850.488352 40431.363156 51.218674
v 24922.478658 40431.363156 52.739583
v 24861.150745 40492.691069 52.500021
v 24858.568634 40477.839292 52.149429
v 24989.145325 40431.363156 55.604167
v 25055.811991 40431.363156 56.385417
v 25122.478658 40431.363156 55.604167
v 25189.145325 40431.363156 55.343750
v 25255.811991 40431.363156 53.000000
v 25283.555813 40470.286001 54.518832
v 25276.788737 40431.363156 53.573583
v 24855.811991 40364.696489 50.135417
v 24841.402913 40379.105567 50.473129
v 24838.897769 40364.696489 50.003274
v 24922.478658 40364.696489 52.218750
v 24989.145325 40364.696489 54.822917
v 25055.811991 40364.696489 55.343750
v 25122.478658 40364.696489 54.302083
v 25189.145325 40364.696489 53.781250
v 25255.811991 40364.696489 51.958333
v 25273.681897 40413.493250 54.745108
v 25272.361364 40405.897811 54.476838
v 25265.198154 40364.696489 53.021610
v 24855.811991 40298.029823 48.833333
v 24831.528997 40322.312817 49.117900
v 24835.772956 40346.723203 49.627821
v 24827.307187 40298.029823 48.387946
v 24922.478658 40298.029823 51.177083
v 24989.145325 40298.029823 53.520833
v 25055.811991 40298.029823 53.781250
v 25122.478658 40298.029823 53.260417
v 25189.145325 40298.029823 52.218750
v 25255.811991 40310.709196 52.380109
v 25253.934065 40299.907749 52.515845
v 25253.607571 40298.029823 52.470556
v 25263.807981 40356.700499 53.707456
v 24855.811991 40231.363156 47.791667
v 24821.655081 40265.520066 47.791667
v 24824.375117 40281.165158 48.078622
v 24815.716604 40231.363156 47.321799
v 24922.478658 40231.363156 50.395833
v 24989.145325 40231.363156 52.739583
v 25055.811991 40231.363156 52.479167
v 25122.478658 40231.363156 52.218750
v 25189.145325 40231.363156 51.177083
v 25244.060149 40243.114998 54.578371
v 25242.016989 40231.363156 54.275032
v 24855.811991 40164.696489 46.750000
v 24811.781165 40208.727315 46.921995
v 24804.126021 40164.696489 45.336712
v 24922.478658 40164.696489 49.614583
v 24989.145325 40164.696489 51.697917
v 25055.811991 40164.696489 51.697917
v 25122.478658 40164.696489 51.177083
v 25189.145325 40164.696489 50.656250
v 25238.167847 40209.223676 55.779144
v 25234.186233 40186.322247 57.335020
v 25230.426406 40164.696489 56.622656
v 24855.811991 40098.029823 45.447917
v 24801.907249 40151.934565 45.026786
v 24792.535439 40098.029823 43.470524
v 24801.579439 40150.049068 44.972350
v 24922.478658 40098.029823 48.833333
v 24989.145325 40098.029823 50.916667
v 25055.811991 40098.029823 50.656250
v 25122.478658 40098.029823 49.875000
v 25189.145325 40098.029823 49.875000
v 25224.312317 40129.529497 55.464237
v 25218.835824 40098.029823 54.282183
v 24789.145325 40078.530577 42.831401
v 24789.145325 40031.363156 41.541667
v 24782.159417 40038.349063 41.459801
v 24780.944856 40031.363156 41.285402
v 24855.811991 40031.363156 44.145833
v 24792.033333 40095.141814 43.398427
v 24790.181600 40084.491023 43.034861
v 24922.478658 40031.363156 48.052083
v 24989.145325 40031.363156 49.614583
v 25055.811991 40031.363156 49.354167
v 25122.478658 40031.363156 49.093750
v 25189.145325 40031.363156 50.656250
v 25214.438402 40072.736746 55.309059
v 25207.245241 40031.363156 54.332796
v 24789.145325 39964.696489 39.718750
v 24772.285501 39981.556312 39.652891
v 24778.783761 40018.932978 40.877980
v 24769.354274 39964.696489 39.177588
v 24855.811991 39964.696489 42.843750
v 24922.478658 39964.696489 46.750000
v 24989.145325 39964.696489 48.312500
v 25055.811991 39964.696489 48.312500
v 25122.478658 39964.696489 48.312500
v 25189.145325 39964.696489 54.822917
v 25204.564486 40015.943995 55.775893
v 25203.974330 40012.549541 55.828981
v 25195.654659 39964.696489 56.577386
v 24789.145325 39898.029823 38.937500
v 24762.411586 39924.763562 38.519785
v 24767.385922 39953.374933 38.991092
v 24757.763691 39898.029823 37.956824
v 24855.811991 39898.029823 41.802083
v 24922.478658 39898.029823 45.447917
v 24989.145325 39898.029823 47.010417
v 25055.811991 39898.029823 47.010417
v 25122.478658 39898.029823 47.531250
v 25189.145325 39927.256127 56.139179
v 25184.816654 39902.358494 56.591765
v 25184.064076 39898.029823 56.432267
v 25194.690570 39959.151244 56.555806
v 24789.145325 39831.363156 39.458333
v 24752.537670 39867.970811 38.028347
v 24755.988083 39887.816888 37.981125
v 24746.173109 39831.363156 37.779731
v 24855.811991 39831.363156 42.322917
v 24922.478658 39831.363156 44.927083
v 24989.145325 39831.363156 45.708333
v 25055.811991 39831.363156 45.447917
v 25122.478658 39831.363156 47.010417
v 25181.178652 39881.433451 56.274552
v 25174.942738 39845.565743 55.933700
v 25172.473494 39831.363156 55.407987
v 24789.145325 39764.696489 38.937500
v 24742.663754 39811.178060 37.484951
v 24734.582526 39764.696489 37.445548
v 24855.811991 39764.696489 41.281250
v 24922.478658 39764.696489 43.885417
v 24989.145325 39764.696489 44.666667
v 25055.811991 39764.696489 44.406250
v 25122.478658 39764.696489 47.010417
v 25169.780813 39815.875406 53.866718
v 25165.068822 39788.772992 51.169612
v 25160.882911 39764.696489 50.760832
v 24789.145325 39698.029823 38.416667
v 24732.789838 39754.385310 37.315974
v 24733.192406 39756.700798 37.345071
v 24722.991944 39698.029823 36.866197
v 24855.811991 39698.029823 40.239583
v 24922.478658 39698.029823 42.583333
v 24989.145325 39698.029823 43.364583
v 25055.811991 39698.029823 43.885417
v 25122.478658 39698.029823 47.531250
v 25155.194906 39731.980242 49.694171
v 25149.292329 39698.029823 49.521327
v 24722.478658 39631.363156 36.072917
v 24713.042006 39640.799808 35.519988
v 24721.794567 39691.142753 36.725359
v 24722.478658 39695.077507 36.819569
v 24711.401361 39631.363156 35.423856
v 24789.145325 39631.363156 38.416667
v 24722.915922 39697.592559 36.864415
v 24855.811991 39631.363156 39.979167
v 24922.478658 39631.363156 41.541667
v 24989.145325 39631.363156 41.802083
v 25055.811991 39631.363156 42.843750
v 25122.478658 39631.363156 46.229167
v 25145.320990 39675.187491 48.780440
v 25137.701746 39631.363156 47.359005
v 24722.478658 39564.696489 34.250000
v 24703.168090 39584.007057 33.646545
v 24710.396728 39625.584708 35.206987
v 24699.810779 39564.696489 33.364536
v 24789.145325 39564.696489 37.114583
v 24855.811991 39564.696489 39.197917
v 24922.478658 39564.696489 40.500000
v 24989.145325 39564.696489 41.020833
v 25055.811991 39564.696489 42.062500
v 25122.478658 39564.696489 46.489583
v 25135.447074 39618.394740 47.292982
v 25126.111164 39564.696489 46.773373
v 24722.478658 39498.029823 32.947917
v 24693.294174 39527.214307 32.377907
v 24698.998889 39560.026663 33.241614
v 24688.220196 39498.029823 32.011162
v 24789.145325 39498.029823 35.552083
v 24855.811991 39498.029823 38.156250
v 24922.478658 39498.029823 39.458333
v 24989.145325 39498.029823 39.979167
v 25055.811991 39498.029823 41.020833
v 25122.478658 39543.803057 46.163123
v 25115.699242 39504.809239 45.103649
v 25114.520581 39498.029823 44.919451
v 25125.573158 39561.601989 46.670902
v 25124.189457 39553.643227 46.443850
v 24722.478658 39431.363156 32.427083
v 24683.420258 39470.421556 31.664224
v 24687.601050 39494.468618 31.966410
v 24676.629614 39431.363156 31.352496
v 24789.145325 39431.363156 34.510417
v 24855.811991 39431.363156 37.114583
v 24922.478658 39431.363156 38.416667
v 24989.145325 39431.363156 38.937500
v 25055.811991 39431.363156 38.937500
v 25105.825326 39448.016488 42.388385
v 25102.929999 39431.363156 41.698321
v 24722.478658 39364.696489 32.166667
v 24673.546342 39413.628805 31.210957
v 24665.039031 39364.696489 30.820425
v 24789.145325 39364.696489 34.510417
v 24855.811991 39364.696489 36.593750
v 24922.478658 39364.696489 37.375000
v 24989.145325 39364.696489 36.854167
v 25055.811991 39364.696489 36.333333
v 25101.393780 39422.527137 41.263151
v 25095.951410 39391.223737 39.721473
v 25091.339416 39364.696489 38.415018
v 24655.811991 39311.624438 29.774916
v 24655.811991 39298.029823 29.562500
v 24653.798510 39300.043304 29.507444
v 24653.448449 39298.029823 29.525570
v 24722.478658 39298.029823 30.864583
v 24663.672426 39356.836055 30.634871
v 24664.805372 39363.352529 30.788700
v 24789.145325 39298.029823 32.947917
v 24855.811991 39298.029823 35.812500
v 24922.478658 39298.029823 36.333333
v 24989.145325 39298.029823 34.250000
v 25055.811991 39298.029823 32.687500
v 25086.077494 39334.430987 36.451558
v 25079.748834 39298.029823 34.090049
v 24655.811991 39231.363156 28.781250
v 24643.924594 39243.250553 28.734815
v 24653.407533 39297.794484 29.522172
v 24641.857866 39231.363156 28.672233
v 24722.478658 39231.363156 30.864583
v 24789.145325 39231.363156 33.468750
v 24855.811991 39231.363156 35.031250
v 24922.478658 39231.363156 35.031250
v 24989.145325 39231.363156 31.906250
v 25055.811991 39231.363156 30.343750
v 25076.203578 39277.638236 33.324737
v 25068.158251 39231.363156 31.163619
v 24655.811991 39164.696489 28.260417
v 24634.050678 39186.457802 28.260417
v 24630.267284 39164.696489 27.961065
v 24630.611855 39166.678394 27.988328
v 24722.478658 39164.696489 29.562500
v 24789.145325 39164.696489 32.166667
v 24855.811991 39164.696489 34.250000
v 24922.478658 39164.696489 33.989583
v 24989.145325 39164.696489 31.125000
v 25055.811991 39164.696489 30.343750
v 25067.200263 39225.853002 31.100002
v 25066.329662 39220.845485 31.042189
v 25056.567669 39164.696489 30.393932
v 24655.811991 39098.029823 27.218750
v 24624.176762 39129.665052 27.342325
v 24618.676701 39098.029823 26.203332
v 24722.478658 39098.029823 29.302083
v 24789.145325 39098.029823 31.645833
v 24855.811991 39098.029823 33.208333
v 24922.478658 39098.029823 32.947917
v 24989.145325 39098.029823 30.604167
v 25055.811991 39160.349987 30.394686
v 25046.581830 39107.259984 31.125000
v 25044.977086 39098.029823 31.040352
v 25056.455746 39164.052734 30.373926
v 24655.811991 39031.363156 26.697917
v 24614.302846 39072.872301 25.887191
v 24607.086119 39031.363156 24.794562
v 24607.816177 39035.562304 24.905095
v 24722.478658 39031.363156 29.562500
v 24789.145325 39031.363156 31.385417
v 24855.811991 39031.363156 32.166667
v 24922.478658 39031.363156 31.906250
v 24989.145325 39031.363156 30.083333
v 25036.707914 39050.467233 30.789958
v 25033.386504 39031.363156 30.601785
v 24655.811991 38964.696489 25.916667
v 24604.428930 39016.079550 24.511661
v 24595.495536 38964.696489 23.796166
v 24722.478658 38964.696489 29.041667
v 24789.145325 38964.696489 30.604167
v 24855.811991 38964.696489 31.385417
v 24922.478658 38964.696489 30.604167
v 24989.145325 38964.696489 29.302083
v 25033.006746 39029.178867 30.537608
v 25026.833998 38993.674482 29.494448
v 25021.795921 38964.696489 29.174542
v 24589.145325 38928.171368 23.287564
v 24589.145325 38898.029823 23.052083
v 24584.681098 38902.494049 22.860261
v 24583.904954 38898.029823 22.908792
v 24655.811991 38898.029823 24.875000
v 24594.555014 38959.286800 23.678575
v 24722.478658 38898.029823 28.000000
v 24789.145325 38898.029823 29.822917
v 24855.811991 38898.029823 30.343750
v 24922.478658 38898.029823 29.562500
v 24989.145325 38898.029823 28.520833
v 25016.960082 38936.881732 28.758826
v 25010.211068 38898.062777 28.356643
v 25010.205339 38898.029823 28.356302
v 24589.145325 38831.363156 22.791667
v 24574.807182 38845.701298 22.455616
v 24572.314371 38831.363156 22.857413
v 24655.811991 38831.363156 24.614583
v 24722.478658 38831.363156 27.218750
v 24789.145325 38831.363156 28.781250
v 24855.811991 38831.363156 29.822917
v 24922.478658 38831.363156 29.302083
v 24989.145325 38831.363156 28.000000
v 25007.086166 38880.088981 28.100345
v 24998.813229 38832.504732 27.857858
v 24998.614756 38831.363156 27.852040
v 24589.145325 38764.696489 22.531250
v 24564.933266 38788.908548 22.720407
v 24560.723789 38764.696489 22.420228
v 24562.224821 38773.330124 22.527267
v 24655.811991 38764.696489 24.614583
v 24722.478658 38764.696489 26.958333
v 24789.145325 38764.696489 28.520833
v 24855.811991 38764.696489 29.041667
v 24922.478658 38764.696489 29.562500
v 24989.145325 38776.896918 28.212759
v 24987.338335 38766.503479 28.288651
v 24987.024174 38764.696489 28.301845
v 24997.212251 38823.296230 27.779420
v 24589.145325 38698.029823 22.270833
v 24555.059351 38732.115797 22.270833
v 24549.133206 38698.029823 21.958239
v 24550.826983 38707.772079 22.047583
v 24655.811991 38698.029823 24.614583
v 24722.478658 38698.029823 26.437500
v 24789.145325 38698.029823 27.739583
v 24855.811991 38698.029823 28.520833
v 24922.478658 38698.029823 29.562500
v 24977.464419 38709.710729 28.703347
v 24976.017551 38701.388643 28.725955
v 24975.433591 38698.029823 28.735079
v 24589.145325 38631.363156 22.010417
v 24545.185435 38675.323046 21.838698
v 24537.542624 38631.363156 21.607271
v 24655.811991 38631.363156 24.354167
v 24722.478658 38631.363156 25.916667
v 24789.145325 38631.363156 26.958333
v 24855.811991 38631.363156 27.739583
v 24922.478658 38631.363156 28.000000
v 24967.590503 38652.917978 27.976537
v 24964.619712 38635.830598 27.610865
v 24963.843009 38631.363156 27.515262
v 24589.145325 38564.696489 21.750000
v 24535.311519 38618.530295 21.539712
v 24525.952041 38564.696489 20.762605
v 24655.811991 38564.696489 23.312500
v 24722.478658 38564.696489 24.875000
v 24789.145325 38564.696489 25.916667
v 24855.811991 38564.696489 25.135417
v 24922.478658 38564.696489 23.312500
v 24957.716587 38596.125227 25.935278
v 24953.221873 38570.272553 24.064839
v 24952.252426 38564.696489 23.661411
v 24522.478658 38544.718299 20.552254
v 24522.478658 38498.029823 20.187500
v 24515.563687 38504.944794 19.998419
v 24514.361459 38498.029823 19.902130
v 24589.145325 38498.029823 22.010417
v 24525.437603 38561.737545 20.766125
v 24655.811991 38498.029823 23.572917
v 24722.478658 38498.029823 24.354167
v 24789.145325 38498.029823 25.135417
v 24855.811991 38498.029823 23.572917
v 24922.478658 38498.029823 21.750000
v 24947.842671 38539.332477 23.411578
v 24941.824034 38504.714508 22.435647
v 24940.661843 38498.029823 22.247196
v 24522.478658 38431.363156 19.666667
v 24505.689771 38448.152043 19.207596
v 24502.770876 38431.363156 19.127782
v 24505.235627 38445.539900 19.195178
v 24589.145325 38431.363156 20.968750
v 24655.811991 38431.363156 22.791667
v 24722.478658 38431.363156 23.312500
v 24789.145325 38431.363156 23.833333
v 24855.811991 38431.363156 23.052083
v 24922.478658 38431.363156 23.312500
v 24937.968755 38482.539726 22.415590
v 24929.071261 38431.363156 23.441262
v 24522.478658 38364.696489 18.885417
v 24495.815855 38391.359293 18.468810
v 24491.180293 38364.696489 18.396380
v 24493.837788 38379.981855 18.437903
v 24589.145325 38364.696489 20.447917
v 24655.811991 38364.696489 22.270833
v 24722.478658 38364.696489 22.791667
v 24789.145325 38364.696489 23.312500
v 24855.811991 38364.696489 23.833333
v 24922.478658 38393.443848 23.904989
v 24919.028357 38373.598418 24.201596
v 24918.220923 38368.954224 24.271008
v 24917.480678 38364.696489 24.315120
v 24928.094839 38425.746975 23.356376
v 24522.478658 38298.029823 18.104167
v 24485.941939 38334.566542 17.961445
v 24479.589711 38298.029823 17.601562
v 24589.145325 38298.029823 19.927083
v 24655.811991 38298.029823 21.229167
v 24722.478658 38298.029823 22.010417
v 24789.145325 38298.029823 22.531250
v 24855.811991 38298.029823 23.312500
v 24908.347007 38312.161474 23.833333
v 24907.630518 38308.040373 23.795540
v 24905.890096 38298.029823 23.703735
v 24522.478658 38231.363156 17.583333
v 24476.068023 38277.773791 17.402042
v 24467.999128 38231.363156 16.732091
v 24471.042110 38248.865765 16.984746
v 24589.145325 38231.363156 18.885417
v 24655.811991 38231.363156 20.187500
v 24722.478658 38231.363156 21.229167
v 24789.145325 38231.363156 22.270833
v 24855.811991 38231.363156 23.312500
v 24898.473091 38255.368723 23.479145
v 24896.232679 38242.482328 23.470393
v 24894.299513 38231.363156 23.462842
v 24522.478658 38164.696489 17.062500
v 24466.194107 38220.981040 16.622777
v 24456.408546 38164.696489 15.513982
v 24589.145325 38164.696489 18.625000
v 24655.811991 38164.696489 19.927083
v 24722.478658 38164.696489 20.708333
v 24789.145325 38164.696489 22.010417
v 24855.811991 38164.696489 23.052083
v 24888.599175 38198.575972 23.440575
v 24884.834840 38176.924283 23.326589
v 24882.708931 38164.696489 23.262216
v 24455.811991 38161.265229 15.459790
v 24455.811991 38098.029823 14.718750
v 24446.446275 38107.395539 14.608996
v 24444.817963 38098.029823 14.761695
v 24522.478658 38098.029823 16.541667
v 24456.320191 38164.188290 15.507941
v 24589.145325 38098.029823 18.104167
v 24655.811991 38098.029823 19.145833
v 24722.478658 38098.029823 19.927083
v 24789.145325 38098.029823 20.968750
v 24855.811991 38098.029823 22.270833
v 24878.725259 38141.783222 23.141588
v 24873.437001 38111.366238 22.702510
v 24871.118348 38098.029823 22.509995
v 24455.811991 38031.363156 14.458333
v 24436.572359 38050.602788 14.608643
v 24436.848593 38052.191630 14.613770
v 24433.227381 38031.363156 14.281891
v 24522.478658 38031.363156 16.281250
v 24589.145325 38031.363156 17.583333
v 24655.811991 38031.363156 18.364583
v 24722.478658 38031.363156 18.885417
v 24789.145325 38031.363156 19.406250
v 24855.811991 38031.363156 21.750000
v 24868.851343 38084.990471 22.474573
v 24859.527766 38031.363156 21.837088
v 24455.811991 37964.696489 13.937500
v 24426.698443 37993.810038 13.937500
v 24421.636798 37964.696489 13.403513
v 24522.478658 37964.696489 15.239583
v 24589.145325 37964.696489 16.541667
v 24655.811991 37964.696489 17.322917
v 24722.478658 37964.696489 17.843750
v 24789.145325 37964.696489 18.885417
v 24855.811991 38009.990779 21.750000
v 24850.641323 37980.250148 21.568219
v 24849.103511 37971.404969 21.514155
v 24847.937183 37964.696489 21.411629
v 24858.977427 38028.197720 21.836555
v 24455.811991 37898.029823 13.677083
v 24416.824527 37937.017287 13.220199
v 24410.046216 37898.029823 12.604448
v 24522.478658 37898.029823 15.239583
v 24589.145325 37898.029823 15.760417
v 24655.811991 37898.029823 16.802083
v 24722.478658 37898.029823 17.322917
v 24789.145325 37898.029823 18.625000
v 24839.243484 37914.692103 21.819390
v 24839.229595 37914.612219 21.820042
v 24836.346601 37898.029823 21.575080
v 24455.811991 37831.363156 13.156250
v 24406.950611 37880.224536 12.392791
v 24398.455633 37831.363156 11.587912
v 24402.655076 37855.517495 11.985799
v 24522.478658 37831.363156 13.937500
v 24589.145325 37831.363156 15.239583
v 24655.811991 37831.363156 16.020833
v 24722.478658 37831.363156 17.322917
v 24789.145325 37831.363156 21.229167
v 24829.355679 37857.819468 22.394721
v 24824.756018 37831.363156 23.176626
v 24389.145325 37777.812159 10.705783
v 24389.145325 37764.696489 10.552083
v 24387.202779 37766.639035 10.521731
v 24386.865051 37764.696489 10.525361
v 24455.811991 37764.696489 12.114583
v 24397.076695 37823.431785 11.426279
v 24391.257237 37789.959450 10.897632
v 24522.478658 37764.696489 13.156250
v 24589.145325 37764.696489 14.458333
v 24655.811991 37764.696489 15.239583
v 24722.478658 37764.696489 17.583333
v 24789.145325 37764.696489 24.093750
v 24819.481763 37801.026717 23.717703
v 24816.447806 37783.576013 24.349024
v 24813.165436 37764.696489 25.032036
v 24389.145325 37698.029823 10.031250
v 24377.328863 37709.846284 9.985092
v 24379.859398 37724.401405 10.128459
v 24375.274468 37698.029823 9.868701
v 24455.811991 37698.029823 11.333333
v 24522.478658 37698.029823 12.375000
v 24589.145325 37698.029823 13.677083
v 24655.811991 37698.029823 14.718750
v 24722.478658 37698.029823 18.364583
v 24789.145325 37698.029823 26.697917
v 24809.607847 37744.233967 25.532521
v 24805.049967 37718.017969 26.414150
v 24801.574853 37698.029823 27.086339
v 24389.145325 37631.363156 9.510417
v 24367.454947 37653.053533 9.425689
v 24368.461559 37658.843360 9.482718
v 24363.683886 37631.363156 9.112582
v 24455.811991 37631.363156 10.291667
v 24522.478658 37631.363156 11.333333
v 24589.145325 37631.363156 12.635417
v 24655.811991 37631.363156 13.677083
v 24722.478658 37631.363156 19.145833
v 24789.145325 37631.363156 26.958333
v 24799.733931 37687.441216 26.656555
v 24793.652128 37652.459924 26.840715
v 24789.984271 37631.363156 26.951779
v 24389.145325 37564.696489 8.729167
v 24357.581031 37596.260783 8.605869
v 24352.093303 37564.696489 8.150229
v 24455.811991 37564.696489 9.510417
v 24522.478658 37564.696489 10.552083
v 24589.145325 37564.696489 11.593750
v 24655.811991 37564.696489 12.635417
v 24722.478658 37564.696489 19.145833
v 24789.145325 37626.537709 26.920635
v 24782.254289 37586.901879 25.803436
v 24779.986100 37573.855714 25.435710
v 24778.393688 37564.696489 25.261540
v 24789.860016 37630.648465 26.952750
v 24389.145325 37498.029823 8.468750
v 24347.707115 37539.468032 7.983146
v 24338.837840 37498.029823 7.879209
v 24346.501059 37532.531040 7.969013
v 24455.811991 37498.029823 8.989583
v 24522.478658 37498.029823 9.770833
v 24589.145325 37498.029823 10.812500
v 24655.811991 37498.029823 11.333333
v 24722.478658 37498.029823 15.760417
v 24770.856450 37521.343834 21.219574
v 24770.112184 37517.062964 20.820449
v 24766.803106 37498.029823 19.569549
v 24389.145325 37431.363156 7.947917
v 24335.864624 37484.643857 7.739789
v 24323.604224 37431.363156 6.923837
v 24333.353041 37473.336252 7.568034
v 24455.811991 37431.363156 8.468750
v 24522.478658 37431.363156 8.989583
v 24589.145325 37431.363156 9.510417
v 24655.811991 37431.363156 9.510417
v 24722.478658 37431.363156 10.291667
v 24760.238268 37460.270213 13.695438
v 24759.458611 37455.785789 13.306256
v 24757.566207 37446.222189 12.469997
v 24754.265801 37431.363156 11.160846
v 24322.478658 37364.696489 6.645833
v 24310.826389 37376.348758 6.691350
v 24318.527880 37409.507180 6.820875
v 24322.478658 37426.517080 6.887320
v 24308.119993 37364.696489 6.533656
v 24389.145325 37364.696489 7.427083
v 24323.392072 37430.449742 6.913386
v 24455.811991 37364.696489 7.687500
v 24522.478658 37364.696489 8.208333
v 24589.145325 37364.696489 8.208333
v 24655.811991 37364.696489 7.166667
v 24722.478658 37364.696489 6.906250
v 24748.488614 37405.353200 9.174051
v 24743.141238 37381.278333 7.909723
v 24742.692254 37379.302025 7.805856
v 24739.299922 37364.696489 7.037666
v 24322.478658 37298.029823 5.864583
v 24298.260707 37322.247774 5.959185
v 24303.473457 37344.691037 6.262916
v 24292.635761 37298.029823 5.398288
v 24389.145325 37298.029823 6.906250
v 24455.811991 37298.029823 7.166667
v 24522.478658 37298.029823 7.427083
v 24589.145325 37298.029823 6.906250
v 24655.811991 37298.029823 5.343750
v 24722.478658 37298.029823 5.343750
v 24736.129362 37351.045786 6.799604
v 24727.637832 37314.485882 5.810051
v 24723.815690 37298.029823 5.364641
v 24322.478658 37231.363156 5.343750
v 24285.695024 37268.146790 5.056378
v 24277.151530 37231.363156 4.281395
v 24389.145325 37231.363156 6.385417
v 24455.811991 37231.363156 6.906250
v 24522.478658 37231.363156 6.906250
v 24589.145325 37231.363156 5.604167
v 24655.811991 37231.363156 4.041667
v 24722.478658 37292.273291 5.231318
v 24712.583409 37249.669740 4.399217
v 24710.997997 37242.843817 4.265898
v 24708.331459 37231.363156 4.041667
v 24723.563679 37296.944801 5.347988
v 24322.478658 37164.696489 5.083333
v 24273.129342 37214.045805 4.119480
v 24261.667299 37164.696489 3.420523
v 24389.145325 37164.696489 6.125000
v 24455.811991 37164.696489 6.645833
v 24522.478658 37164.696489 6.385417
v 24589.145325 37164.696489 4.041667
v 24655.811991 37164.696489 2.218750
v 24698.432314 37188.742833 3.042753
v 24692.847227 37164.696489 2.363419
v 24255.811991 37139.486726 3.161941
v 24255.811991 37098.029823 3.000000
v 24247.997977 37105.843837 2.755812
v 24246.183067 37098.029823 2.887161
v 24322.478658 37098.029823 4.302083
v 24260.563660 37159.944821 3.334661
v 24258.310190 37150.242609 3.252749
v 24389.145325 37098.029823 5.343750
v 24455.811991 37098.029823 6.125000
v 24522.478658 37098.029823 5.864583
v 24589.145325 37098.029823 2.479167
v 24655.811991 37098.029823 0.656250
v 24685.866632 37134.641849 1.866547
v 24677.362996 37098.029823 0.908801
v 24255.811991 37031.363156 2.218750
v 24235.432295 37051.742853 2.218750
v 24243.255768 37085.426467 2.705161
v 24230.698836 37031.363156 2.218750
v 24322.478658 37031.363156 3.260417
v 24389.145325 37031.363156 4.562500
v 24455.811991 37031.363156 5.343750
v 24522.478658 37031.363156 4.562500
v 24589.145325 37031.363156 1.177083
v 24655.811991 37031.363156 -0.906250
v 24673.300950 37080.540864 0.519618
v 24667.420142 37055.221311 -0.165697
v 24661.878764 37031.363156 -0.811457
v 24255.811991 36964.696489 1.697917
v 24222.866612 36997.641868 1.955302
v 24215.214604 36964.696489 1.697917
v 24322.478658 36964.696489 3.000000
v 24389.145325 36964.696489 4.562500
v 24455.811991 36964.696489 5.083333
v 24522.478658 36964.696489 3.000000
v 24589.145325 36964.696489 -1.166667
v 24655.811991 37005.242936 -1.722507
v 24652.365720 36990.405169 -2.078491
v 24648.169585 36972.338896 -2.511933
v 24646.394533 36964.696489 -2.732075
v 24660.735267 37026.439880 -0.944713
v 24255.811991 36898.029823 1.437500
v 24210.300930 36943.540884 1.615278
v 24213.146923 36955.794181 1.663142
v 24199.730373 36898.029823 1.218431
v 24322.478658 36898.029823 2.739583
v 24389.145325 36898.029823 4.562500
v 24455.811991 36898.029823 4.822917
v 24522.478658 36898.029823 0.916667
v 24589.145325 36898.029823 -3.510417
v 24635.603902 36918.237912 -3.888849
v 24630.910301 36898.029823 -4.489283
v 24189.145325 36852.456371 1.177083
v 24189.145325 36831.363156 1.177083
v 24185.169565 36835.338916 1.006250
v 24184.246141 36831.363156 0.890022
v 24255.811991 36831.363156 2.479167
v 24197.735247 36889.439900 1.344855
v 24198.092501 36890.978038 1.322217
v 24322.478658 36831.363156 3.520833
v 24389.145325 36831.363156 4.562500
v 24455.811991 36831.363156 4.041667
v 24522.478658 36831.363156 -2.208333
v 24589.145325 36831.363156 -7.156250
v 24623.038220 36864.136927 -5.893511
v 24622.256875 36860.772883 -6.065274
v 24615.426070 36831.363156 -7.566887
v 24189.145325 36764.696489 0.395833
v 24172.603883 36781.237931 -0.379547
v 24168.761910 36764.696489 -0.878130
v 24255.811991 36764.696489 1.958333
v 24322.478658 36764.696489 3.260417
v 24389.145325 36764.696489 4.302083
v 24455.811991 36764.696489 1.958333
v 24522.478658 36764.696489 -6.895833
v 24589.145325 36764.696489 -12.364583
v 24610.472537 36810.035943 -8.905748
v 24607.202453 36795.956741 -9.992912
v 24599.941838 36764.696489 -12.406757
v 24189.145325 36698.029823 -0.125000
v 24160.038200 36727.136947 -1.716796
v 24153.277678 36698.029823 -2.506836
v 24255.811991 36698.029823 1.958333
v 24322.478658 36698.029823 3.000000
v 24389.145325 36698.029823 3.781250
v 24455.811991 36698.029823 -1.166667
v 24522.478658 36698.029823 -12.104167
v 24589.145325 36718.212582 -16.359294
v 24585.341173 36701.833975 -17.454771
v 24584.457607 36698.029823 -17.672588
v 24597.906855 36755.934959 -13.049078
v 24189.145325 36631.363156 -0.906250
v 24147.472518 36673.035963 -3.185232
v 24152.929234 36696.529610 -2.547555
v 24137.793447 36631.363156 -5.519895
v 24255.811991 36631.363156 1.958333
v 24322.478658 36631.363156 3.260417
v 24389.145325 36631.363156 3.000000
v 24455.811991 36631.363156 -4.291667
v 24522.478658 36631.363156 -14.447917
v 24572.775490 36647.732990 -17.212439
v 24568.973376 36631.363156 -17.535457
v 24122.478658 36565.426017 -3.547463
v 24122.478658 36564.696489 -3.510417
v 24122.341153 36564.833994 -3.532976
v 24122.309215 36564.696489 -3.523654
v 24189.145325 36564.696489 -0.645833
v 24134.906835 36618.934979 -5.730692
v 24255.811991 36564.696489 1.437500
v 24322.478658 36564.696489 3.000000
v 24389.145325 36564.696489 2.218750
v 24455.811991 36564.696489 -5.854167
v 24522.478658 36564.696489 -12.625000
v 24560.209808 36593.632006 -14.300529
v 24553.489144 36564.696489 -13.351808
v 24122.478658 36498.029823 -1.427083
v 24109.775470 36510.733010 -2.816494
v 24106.824984 36498.029823 -2.099702
v 24189.145325 36498.029823 0.135417
v 24255.811991 36498.029823 1.958333
v 24322.478658 36498.029823 3.260417
v 24389.145325 36498.029823 1.697917
v 24455.811991 36498.029823 -5.333333
v 24522.478658 36498.029823 -9.500000
v 24547.644125 36539.531022 -11.838579
v 24546.984764 36536.692170 -11.695205
v 24538.004913 36498.029823 -9.742598
v 24122.478658 36431.363156 -2.208333
v 24097.209788 36456.632026 -2.997986
v 24091.340753 36431.363156 -2.451598
v 24092.711544 36437.265039 -2.579214
v 24189.145325 36431.363156 -0.385417
v 24255.811991 36431.363156 1.958333
v 24322.478658 36431.363156 3.260417
v 24389.145325 36431.363156 1.697917
v 24455.811991 36431.363156 -3.770833
v 24522.478658 36431.363156 -6.635417
v 24535.078443 36485.430038 -9.204693
v 24522.520681 36431.363156 -6.636237
v 24122.478658 36364.696489 -1.427083
v 24084.644106 36402.531042 -2.166039
v 24075.856521 36364.696489 -2.519790
v 24189.145325 36364.696489 0.395833
v 24255.811991 36364.696489 1.958333
v 24322.478658 36364.696489 3.000000
v 24389.145325 36364.696489 1.177083
v 24455.811991 36364.696489 -2.729167
v 24522.478658 36431.182227 -6.629056
v 24509.947078 36377.228069 -4.193764
v 24507.036450 36364.696489 -3.929740
v 24522.512760 36431.329054 -6.634751
v 24122.478658 36298.029823 -1.687500
v 24072.078423 36348.430058 -2.671880
v 24060.372290 36298.029823 -3.385721
v 24189.145325 36298.029823 0.916667
v 24255.811991 36298.029823 2.218750
v 24322.478658 36298.029823 2.479167
v 24389.145325 36298.029823 0.656250
v 24455.811991 36298.029823 -1.687500
v 24497.381396 36323.127085 -2.729167
v 24491.552218 36298.029823 -2.245941
v 24055.811991 36231.363156 -3.250000
v 24046.947058 36240.228089 -3.769430
v 24047.548277 36242.816611 -3.746662
v 24055.811991 36278.395662 -3.433721
v 24044.888058 36231.363156 -3.932746
v 24122.478658 36231.363156 -0.645833
v 24059.512741 36294.329073 -3.351400
v 24189.145325 36231.363156 0.916667
v 24255.811991 36231.363156 1.958333
v 24322.478658 36231.363156 2.218750
v 24389.145325 36231.363156 0.916667
v 24455.811991 36231.363156 0.656250
v 24486.767074 36277.427599 -1.607831
v 24484.815713 36269.026101 -1.347613
v 24476.067987 36231.363156 0.181500
v 24055.811991 36164.696489 -3.770833
v 24034.381376 36186.127105 -4.942820
v 24029.403827 36164.696489 -5.008716
v 24122.478658 36164.696489 -1.166667
v 24189.145325 36164.696489 0.656250
v 24255.811991 36164.696489 1.437500
v 24322.478658 36164.696489 1.958333
v 24389.145325 36164.696489 2.218750
v 24455.811991 36164.696489 4.041667
v 24472.250031 36214.925117 1.683627
v 24460.583755 36164.696489 4.097586
v 24055.811991 36098.029823 -3.770833
v 24021.815693 36132.026121 -5.364410
v 24013.919595 36098.029823 -5.243613
v 24122.478658 36098.029823 -1.947917
v 24189.145325 36098.029823 0.135417
v 24255.811991 36098.029823 0.916667
v 24322.478658 36098.029823 1.177083
v 24389.145325 36098.029823 3.781250
v 24455.811991 36144.151873 5.486210
v 24447.118666 36106.723148 7.880209
v 24445.099524 36098.029823 7.934101
v 24459.684348 36160.824132 4.510585
v 24055.811991 36031.363156 -4.031250
v 24009.250011 36077.925136 -5.486312
v 23998.435364 36031.363156 -6.048397
v 24122.478658 36031.363156 -2.208333
v 24189.145325 36031.363156 -0.385417
v 24255.811991 36031.363156 0.135417
v 24322.478658 36031.363156 0.916667
v 24389.145325 36031.363156 5.604167
v 24441.603807 36082.979171 8.262569
v 24434.552983 36052.622164 8.925086
v 24429.615292 36031.363156 9.082055
v 23989.145325 35964.696489 -6.375000
v 23984.118646 35969.723168 -6.433906
v 23987.330588 35983.552040 -6.396266
v 23989.145325 35991.365308 -6.375000
v 23982.951132 35964.696489 -6.495980
v 24055.811991 35964.696489 -4.031250
v 23996.684329 36023.824152 -6.109957
v 24122.478658 35964.696489 -2.208333
v 24189.145325 35964.696489 -0.906250
v 24255.811991 35964.696489 -0.385417
v 24322.478658 35964.696489 1.697917
v 24389.145325 35964.696489 6.906250
v 24421.987301 35998.521180 8.939680
v 24414.131061 35964.696489 8.955861
v 23989.145325 35898.029823 -6.375000
v 23971.552964 35915.622184 -6.718601
v 23972.276166 35918.735898 -6.704476
v 23967.466901 35898.029823 -6.967769
v 24055.811991 35898.029823 -4.552083
v 24122.478658 35898.029823 -2.468750
v 24189.145325 35898.029823 -1.687500
v 24255.811991 35898.029823 -0.906250
v 24322.478658 35898.029823 1.958333
v 24389.145325 35898.029823 7.427083
v 24409.421619 35944.420195 8.727948
v 24398.646830 35898.029823 8.206504
v 23989.145325 35831.363156 -6.895833
v 23958.987281 35861.521199 -7.484858
v 23951.982669 35831.363156 -7.621666
v 24055.811991 35831.363156 -6.114583
v 24122.478658 35831.363156 -3.770833
v 24189.145325 35831.363156 -2.208333
v 24255.811991 35831.363156 -1.947917
v 24322.478658 35831.363156 1.177083
v 24389.145325 35857.121518 6.947689
v 24384.290254 35836.218227 6.304461
v 24383.162598 35831.363156 6.155063
v 24396.855936 35890.319211 7.999355
v 23989.145325 35764.696489 -5.854167
v 23946.421599 35807.420215 -7.356173
v 23936.498438 35764.696489 -7.499382
v 24055.811991 35764.696489 -4.812500
v 24122.478658 35764.696489 -3.510417
v 24189.145325 35764.696489 -2.729167
v 24255.811991 35764.696489 -2.989583
v 24322.478658 35764.696489 0.135417
v 24381.386118 35823.714600 5.949582
v 24371.724571 35782.117243 4.832053
v 24367.678367 35764.696489 4.196328
v 23922.478658 35704.334953 -8.173287
v 23922.478658 35698.029823 -8.197917
v 23921.290234 35699.218247 -8.225770
v 23921.014206 35698.029823 -8.220799
v 23989.145325 35698.029823 -7.156250
v 23933.855916 35753.319231 -7.804173
v 23927.112899 35724.287470 -8.022938
v 24055.811991 35698.029823 -5.854167
v 24122.478658 35698.029823 -4.291667
v 24189.145325 35698.029823 -3.510417
v 24255.811991 35698.029823 -2.729167
v 24322.478658 35698.029823 2.218750
v 24359.158889 35728.016258 4.720446
v 24352.194135 35698.029823 5.004576
v 23922.478658 35631.363156 -8.458333
v 23908.724552 35645.117262 -8.619514
v 23912.058476 35659.471327 -8.511351
v 23905.529975 35631.363156 -8.723157
v 23989.145325 35631.363156 -7.416667
v 24055.811991 35631.363156 -6.114583
v 24122.478658 35631.363156 -4.812500
v 24189.145325 35631.363156 -4.552083
v 24255.811991 35631.363156 -2.729167
v 24322.478658 35631.363156 3.781250
v 24346.593206 35673.915274 5.515661
v 24336.709904 35631.363156 5.393383
v 23922.478658 35564.696489 -8.197917
v 23896.158869 35591.016278 -8.711975
v 23890.045744 35564.696489 -8.831372
v 23989.145325 35564.696489 -7.677083
v 24055.811991 35564.696489 -6.635417
v 24122.478658 35564.696489 -5.593750
v 24189.145325 35564.696489 -5.593750
v 24255.811991 35564.696489 -2.729167
v 24322.478658 35570.091163 4.977969
v 24321.461842 35565.713306 4.964175
v 24321.225672 35564.696489 4.936499
v 24334.027524 35619.814290 5.450422
v 23922.478658 35498.029823 -8.458333
v 23883.593187 35536.915294 -9.065919
v 23874.561512 35498.029823 -9.207039
v 23881.949632 35529.839042 -9.091599
v 23989.145325 35498.029823 -7.937500
v 24055.811991 35498.029823 -6.895833
v 24122.478658 35498.029823 -6.114583
v 24189.145325 35498.029823 -6.114583
v 24255.811991 35498.029823 -1.427083
v 24321.168429 35564.450029 4.936530
v 24308.896159 35511.612321 4.943154
v 24305.741441 35498.029823 4.814098
v 23922.478658 35431.363156 -8.979167
v 23871.027504 35482.814310 -9.381129
v 23859.077281 35431.363156 -9.226828
v 23989.145325 35431.363156 -8.458333
v 24055.811991 35431.363156 -7.416667
v 24122.478658 35431.363156 -6.895833
v 24189.145325 35431.363156 -5.854167
v 24255.811991 35431.363156 0.135417
v 24296.330477 35457.511337 4.429104
v 24291.059584 35434.817744 4.322713
v 24290.257209 35431.363156 4.306517
v 23855.811991 35417.304599 -9.239583
v 23855.811991 35364.696489 -9.239583
v 23845.896139 35374.612341 -9.317051
v 23843.593049 35364.696489 -9.335044
v 23922.478658 35364.696489 -8.979167
v 23858.461822 35428.713325 -9.229232
v 23989.145325 35364.696489 -8.718750
v 24055.811991 35364.696489 -7.677083
v 24122.478658 35364.696489 -7.416667
v 24189.145325 35364.696489 -4.812500
v 24255.811991 35364.696489 1.697917
v 24283.764794 35403.410353 3.847898
v 24276.005162 35370.001601 3.782206
v 24274.772978 35364.696489 3.771775
v 23855.811991 35298.029823 -9.760417
v 23833.330457 35320.511357 -9.760417
v 23828.108818 35298.029823 -9.976848
v 23922.478658 35298.029823 -10.020833
v 23989.145325 35298.029823 -8.979167
v 24055.811991 35298.029823 -8.197917
v 24122.478658 35298.029823 -7.677083
v 24189.145325 35298.029823 -3.770833
v 24255.811991 35298.029823 2.479167
v 24271.199112 35349.309369 3.320777
v 24259.288746 35298.029823 2.805112
v 23855.811991 35231.363156 -10.020833
v 23820.764775 35266.410373 -10.157737
v 23821.731942 35270.574471 -10.133915
v 23812.624586 35231.363156 -10.358235
v 23922.478658 35231.363156 -11.062500
v 23989.145325 35231.363156 -10.281250
v 24055.811991 35231.363156 -8.979167
v 24122.478658 35231.363156 -7.416667
v 24189.145325 35231.363156 -0.906250
v 24255.811991 35283.060809 3.239312
v 24246.067747 35241.107400 4.456236
v 24243.804515 35231.363156 4.645074
v 24258.633429 35295.208385 2.864910
v 23855.811991 35164.696489 -10.020833
v 23808.199092 35212.309389 -10.392809
v 23797.140355 35164.696489 -10.937578
v 23922.478658 35164.696489 -10.541667
v 23989.145325 35164.696489 -10.020833
v 24055.811991 35164.696489 -9.239583
v 24122.478658 35164.696489 -6.635417
v 24189.145325 35164.696489 2.218750
v 24233.502065 35187.006416 5.677954
v 24230.841895 35175.553173 5.944651
v 24228.320284 35164.696489 6.197457
v 23789.145325 35130.274244 -11.331424
v 23789.145325 35098.029823 -11.583333
v 23783.067727 35104.107420 -11.607074
v 23781.656123 35098.029823 -11.671097
v 23855.811991 35098.029823 -11.322917
v 23795.633410 35158.208404 -11.087844
v 23922.478658 35098.029823 -11.843750
v 23989.145325 35098.029823 -10.802083
v 24055.811991 35098.029823 -9.760417
v 24122.478658 35098.029823 -5.333333
v 24189.145325 35098.029823 3.781250
v 24220.936382 35132.905432 6.316816
v 24215.787472 35110.737030 6.293339
v 24212.836052 35098.029823 6.279881
v 23789.145325 35031.363156 -11.583333
v 23770.502045 35050.006436 -11.801809
v 23766.171892 35031.363156 -11.852553
v 23855.811991 35031.363156 -11.062500
v 23922.478658 35031.363156 -11.583333
v 23989.145325 35031.363156 -11.062500
v 24055.811991 35031.363156 -10.020833
v 24122.478658 35031.363156 -4.291667
v 24189.145325 35031.363156 5.864583
v 24208.370700 35078.804448 6.034224
v 24197.351821 35031.363156 6.569829
v 23789.145325 34964.696489 -12.364583
v 23757.936362 34995.905452 -12.364583
v 23761.514253 35011.309900 -12.142134
v 23750.687660 34964.696489 -12.665034
v 23855.811991 34964.696489 -12.625000
v 23922.478658 34964.696489 -12.364583
v 23989.145325 34964.696489 -11.583333
v 24055.811991 34964.696489 -10.281250
v 24122.478658 34964.696489 -4.812500
v 24189.145325 34996.030454 5.174492
v 24183.239335 34970.602479 3.778111
v 24181.867589 34964.696489 3.539068
v 24195.805017 35024.703463 6.202771
v 23789.145325 34898.029823 -12.885417
v 23745.370680 34941.804467 -12.885417
v 23746.459831 34946.493757 -12.840273
v 23735.203429 34898.029823 -13.517548
v 23855.811991 34898.029823 -13.145833
v 23922.478658 34898.029823 -12.885417
v 23989.145325 34898.029823 -11.843750
v 24055.811991 34898.029823 -8.718750
v 24122.478658 34898.029823 -0.906250
v 24170.673652 34916.501495 3.094491
v 24170.624205 34916.288602 3.101750
v 24166.383358 34898.029823 3.724324
v 23722.478658 34843.243890 -14.308689
v 23722.478658 34831.363156 -14.447917
v 23720.239315 34833.602499 -14.430422
v 23719.719198 34831.363156 -14.480254
v 23789.145325 34831.363156 -13.927083
v 23732.804998 34887.703483 -13.707004
v 23855.811991 34831.363156 -13.927083
v 23922.478658 34831.363156 -13.145833
v 23989.145325 34831.363156 -12.104167
v 24055.811991 34831.363156 -8.197917
v 24122.478658 34831.363156 1.437500
v 24158.107970 34862.400511 3.964945
v 24155.569783 34851.472459 4.091350
v 24150.899126 34831.363156 4.323954
v 23722.478658 34764.696489 -15.229167
v 23707.673633 34779.501515 -15.229167
v 23716.350986 34816.861472 -14.689667
v 23704.234966 34764.696489 -15.585489
v 23789.145325 34764.696489 -14.187500
v 23855.811991 34764.696489 -14.187500
v 23922.478658 34764.696489 -13.406250
v 23989.145325 34764.696489 -12.885417
v 24055.811991 34764.696489 -9.760417
v 24122.478658 34764.696489 0.916667
v 24145.542288 34808.299526 4.140269
v 24135.414895 34764.696489 2.533696
v 23722.478658 34698.029823 -15.489583
v 23695.107950 34725.400530 -15.917251
v 23701.296564 34752.045329 -15.692298
v 23688.750735 34698.029823 -16.280082
v 23789.145325 34698.029823 -14.187500
v 23855.811991 34698.029823 -14.187500
v 23922.478658 34698.029823 -13.666667
v 23989.145325 34698.029823 -13.145833
v 24055.811991 34698.029823 -8.458333
v 24122.478658 34709.000100 2.874743
v 24120.410923 34700.097558 2.856562
v 24119.930663 34698.029823 2.812527
v 24132.976605 34754.198542 2.433948
v 23722.478658 34631.363156 -16.270833
v 23682.542268 34671.299546 -16.738838
v 23673.266503 34631.363156 -17.424243
v 23789.145325 34631.363156 -14.968750
v 23855.811991 34631.363156 -14.708333
v 23922.478658 34631.363156 -13.927083
v 23989.145325 34631.363156 -12.625000
v 24055.811991 34631.363156 -5.854167
v 24110.406516 34657.024031 2.419791
v 24107.845240 34645.996574 2.314175
v 24104.446432 34631.363156 2.314900
v 23722.478658 34564.696489 -17.052083
v 23669.976585 34617.198562 -17.667342
v 23671.187719 34622.413044 -17.577849
v 23657.782272 34564.696489 -18.062964
v 23789.145325 34564.696489 -15.750000
v 23855.811991 34564.696489 -15.229167
v 23922.478658 34564.696489 -14.187500
v 23989.145325 34564.696489 -11.583333
v 24055.811991 34564.696489 -2.729167
v 24095.279558 34591.895589 1.391832
v 24088.962200 34564.696489 1.803088
v 23655.811991 34556.213535 -18.126887
v 23655.811991 34498.029823 -18.354167
v 23644.845221 34508.996593 -18.439845
v 23642.298040 34498.029823 -18.512533
v 23722.478658 34498.029823 -17.312500
v 23657.410903 34563.097578 -18.075013
v 23656.133297 34557.596901 -18.116462
v 23789.145325 34498.029823 -16.270833
v 23855.811991 34498.029823 -15.489583
v 23922.478658 34498.029823 -14.968750
v 23989.145325 34498.029823 -12.364583
v 24055.811991 34498.029823 -0.645833
v 24082.713875 34537.794605 2.104766
v 24080.297671 34527.391746 2.071200
v 24073.477969 34498.029823 1.976460
v 23655.811991 34431.363156 -18.614583
v 23632.279538 34454.895609 -18.798431
v 23641.078874 34492.780758 -18.547325
v 23626.813809 34431.363156 -18.841132
v 23722.478658 34431.363156 -17.833333
v 23789.145325 34431.363156 -16.791667
v 23855.811991 34431.363156 -15.750000
v 23922.478658 34431.363156 -15.489583
v 23989.145325 34431.363156 -12.104167
v 24055.811991 34431.363156 -0.645833
v 24070.148193 34483.693621 1.594198
v 24065.243249 34462.575603 0.827801
v 24057.993737 34431.363156 -0.304935
v 23655.811991 34364.696489 -18.875000
v 23619.713856 34400.794625 -19.016008
v 23611.329577 34364.696489 -19.396278
v 23722.478658 34364.696489 -18.093750
v 23789.145325 34364.696489 -17.052083
v 23855.811991 34364.696489 -16.010417
v 23922.478658 34364.696489 -13.666667
v 23989.145325 34364.696489 -6.895833
v 24055.811991 34421.969745 -0.095438
v 24050.188826 34397.759460 0.356652
v 24045.016828 34375.491653 0.772469
v 24042.509506 34364.696489 1.233866
v 24057.582511 34429.592637 -0.327693
v 23655.811991 34298.029823 -19.135417
v 23607.148173 34346.693641 -19.515603
v 23595.845346 34298.029823 -20.306640
v 23595.915607 34298.332330 -20.301723
v 23722.478658 34298.029823 -18.354167
v 23789.145325 34298.029823 -17.312500
v 23855.811991 34298.029823 -16.270833
v 23922.478658 34298.029823 -14.708333
v 23989.145325 34298.029823 -5.333333
v 24032.451146 34321.390668 1.393171
v 24027.025275 34298.029823 1.029314
v 23589.145325 34269.183181 -20.550182
v 23589.145325 34231.363156 -20.697917
v 23582.016808 34238.491672 -20.725762
v 23580.361114 34231.363156 -20.766543
v 23655.811991 34231.363156 -19.395833
v 23594.582491 34292.592657 -20.352544
v 23722.478658 34231.363156 -18.614583
v 23789.145325 34231.363156 -17.572917
v 23855.811991 34231.363156 -16.791667
v 23922.478658 34231.363156 -14.708333
v 23989.145325 34231.363156 -4.291667
v 24019.885463 34267.289684 -0.049872
v 24011.541043 34231.363156 -0.792336
v 23589.145325 34164.696489 -20.697917
v 23569.451126 34184.390688 -20.851778
v 23564.876883 34164.696489 -20.982312
v 23655.811991 34164.696489 -19.656250
v 23722.478658 34164.696489 -18.614583
v 23789.145325 34164.696489 -17.833333
v 23855.811991 34164.696489 -17.312500
v 23922.478658 34164.696489 -14.187500
v 23989.145325 34164.696489 -2.989583
v 24007.319781 34213.188700 -1.664890
v 24005.025559 34203.311032 -1.758744
v 23996.056812 34164.696489 -2.125647
v 23589.145325 34098.029823 -21.479167
v 23556.885444 34130.289704 -21.479167
v 23549.392652 34098.029823 -21.945018
v 23550.752340 34103.883902 -21.860482
v 23655.811991 34098.029823 -20.437500
v 23722.478658 34098.029823 -19.395833
v 23789.145325 34098.029823 -18.354167
v 23855.811991 34098.029823 -19.135417
v 23922.478658 34098.029823 -14.708333
v 23989.145325 34134.939391 -2.640867
v 23982.188416 34104.986731 -3.458403
v 23980.572580 34098.029823 -3.815723
v 23994.754098 34159.087716 -2.354214
v 23989.971137 34138.494889 -2.598662
v 23589.145325 34031.363156 -22.000000
v 23544.319761 34076.188720 -22.175100
v 23533.908420 34031.363156 -23.078846
v 23655.811991 34031.363156 -20.958333
v 23722.478658 34031.363156 -19.916667
v 23789.145325 34031.363156 -18.875000
v 23855.811991 34031.363156 -18.354167
v 23922.478658 34031.363156 -8.979167
v 23969.622734 34050.885747 -2.369845
v 23965.088349 34031.363156 -1.489182
v 23522.478658 33982.152826 -23.686539
v 23522.478658 33964.696489 -23.822917
v 23519.188396 33967.986751 -23.835769
v 23518.424189 33964.696489 -23.886268
v 23589.145325 33964.696489 -22.520833
v 23531.754079 34022.087735 -23.193387
v 23655.811991 33964.696489 -21.218750
v 23722.478658 33964.696489 -19.916667
v 23789.145325 33964.696489 -19.395833
v 23855.811991 33964.696489 -18.093750
v 23922.478658 33964.696489 -6.895833
v 23957.057051 33996.784763 -2.630790
v 23949.604117 33964.696489 -2.763439
v 23522.478658 33898.029823 -24.083333
v 23506.622714 33913.885767 -24.269145
v 23502.939957 33898.029823 -24.464949
v 23589.145325 33898.029823 -23.041667
v 23655.811991 33898.029823 -21.739583
v 23722.478658 33898.029823 -20.437500
v 23789.145325 33898.029823 -19.656250
v 23855.811991 33898.029823 -17.833333
v 23922.478658 33898.029823 -9.239583
v 23944.807870 33944.046461 -5.107401
v 23944.491369 33942.683779 -5.262077
v 23934.119886 33898.029823 -7.966324
v 23522.478658 33831.363156 -24.864583
v 23494.057031 33859.784783 -25.086627
v 23487.455726 33831.363156 -25.548625
v 23490.534651 33844.619331 -25.333144
v 23589.145325 33831.363156 -23.562500
v 23655.811991 33831.363156 -22.260417
v 23722.478658 33831.363156 -20.697917
v 23789.145325 33831.363156 -20.177083
v 23855.811991 33831.363156 -17.833333
v 23922.478658 33847.909036 -11.001642
v 23919.360004 33834.481810 -11.875707
v 23918.635654 33831.363156 -11.943615
v 23931.925686 33888.582794 -8.612242
v 23522.478658 33764.696489 -25.645833
v 23481.491349 33805.683798 -25.966047
v 23471.971494 33764.696489 -26.435008
v 23589.145325 33764.696489 -24.343750
v 23655.811991 33764.696489 -22.781250
v 23722.478658 33764.696489 -21.218750
v 23789.145325 33764.696489 -20.697917
v 23855.811991 33764.696489 -17.312500
v 23906.794321 33780.380826 -12.456291
v 23903.151423 33764.696489 -12.689509
v 23522.478658 33698.029823 -26.166667
v 23468.925667 33751.582814 -26.585049
v 23456.487263 33698.029823 -27.197782
v 23589.145325 33698.029823 -24.864583
v 23655.811991 33698.029823 -23.302083
v 23722.478658 33698.029823 -21.739583
v 23789.145325 33698.029823 -21.479167
v 23855.811991 33698.029823 -17.833333
v 23894.228639 33726.279842 -13.861004
v 23887.667191 33698.029823 -14.722474
v 23455.811991 33695.122472 -27.231047
v 23455.811991 33631.363156 -27.729167
v 23443.794302 33643.380846 -27.729167
v 23441.003031 33631.363156 -27.844862
v 23522.478658 33631.363156 -26.427083
v 23456.359984 33697.481830 -27.201912
v 23589.145325 33631.363156 -24.864583
v 23655.811991 33631.363156 -23.302083
v 23722.478658 33631.363156 -22.260417
v 23789.145325 33631.363156 -21.739583
v 23855.811991 33631.363156 -18.093750
v 23884.590181 33684.781890 -15.126463
v 23881.662957 33672.178857 -15.510786
v 23872.182960 33631.363156 -16.558972
v 23455.811991 33564.696489 -28.250000
v 23431.228619 33589.279861 -28.250000
v 23425.518800 33564.696489 -28.486666
v 23430.316962 33585.354760 -28.287787
v 23522.478658 33564.696489 -26.687500
v 23589.145325 33564.696489 -24.864583
v 23655.811991 33564.696489 -23.562500
v 23722.478658 33564.696489 -23.041667
v 23789.145325 33564.696489 -21.479167
v 23855.811991 33564.696489 -17.052083
v 23869.097274 33618.077873 -16.900150
v 23856.698729 33564.696489 -16.986271
v 23455.811991 33498.029823 -28.510417
v 23418.662937 33535.178877 -28.655530
v 23410.034568 33498.029823 -29.225689
v 23522.478658 33498.029823 -26.687500
v 23589.145325 33498.029823 -24.864583
v 23655.811991 33498.029823 -23.822917
v 23722.478658 33498.029823 -23.302083
v 23789.145325 33498.029823 -21.739583
v 23855.811991 33560.878682 -17.096823
v 23843.965909 33509.875905 -18.481166
v 23841.214497 33498.029823 -18.688655
v 23856.531592 33563.976889 -17.009919
v 23455.811991 33431.363156 -28.510417
v 23406.097254 33481.077893 -29.287209
v 23394.550337 33431.363156 -29.946237
v 23522.478658 33431.363156 -26.687500
v 23589.145325 33431.363156 -25.125000
v 23655.811991 33431.363156 -24.083333
v 23722.478658 33431.363156 -23.562500
v 23789.145325 33431.363156 -20.958333
v 23831.400227 33455.774920 -18.933594
v 23825.730266 33431.363156 -18.957594
v 23389.145325 33364.696489 -30.333333
v 23380.965889 33372.875924 -30.429186
v 23385.153695 33390.906332 -30.293320
v 23389.145325 33408.092117 -30.163819
v 23379.066105 33364.696489 -30.530193
v 23455.811991 33364.696489 -28.770833
v 23393.531572 33426.976909 -29.987248
v 23522.478658 33364.696489 -27.208333
v 23589.145325 33364.696489 -25.645833
v 23655.811991 33364.696489 -24.604167
v 23722.478658 33364.696489 -22.520833
v 23789.145325 33364.696489 -20.958333
v 23824.372491 33425.517320 -19.146024
v 23818.834544 33401.673936 -19.914572
v 23810.246034 33364.696489 -20.216512
v 23389.145325 33298.029823 -30.593750
v 23368.400207 33318.774940 -30.917892
v 23370.099272 33326.090189 -30.856132
v 23363.581874 33298.029823 -31.192893
v 23455.811991 33298.029823 -29.031250
v 23522.478658 33298.029823 -27.468750
v 23589.145325 33298.029823 -25.645833
v 23655.811991 33298.029823 -24.343750
v 23722.478658 33298.029823 -21.479167
v 23789.145325 33298.029823 -22.520833
v 23806.268862 33347.572952 -21.694110
v 23794.761803 33298.029823 -22.630530
v 23389.145325 33231.363156 -31.114583
v 23355.834525 33264.673956 -31.635065
v 23348.097643 33231.363156 -32.236981
v 23455.811991 33231.363156 -29.291667
v 23522.478658 33231.363156 -27.468750
v 23589.145325 33231.363156 -25.645833
v 23655.811991 33231.363156 -24.343750
v 23722.478658 33231.363156 -23.302083
v 23789.145325 33273.848327 -23.654341
v 23781.137497 33239.370984 -25.145344
v 23779.277571 33231.363156 -25.298920
v 23793.703180 33293.471968 -23.019349
v 23389.145325 33164.696489 -31.895833
v 23343.268842 33210.572972 -32.612653
v 23332.613411 33164.696489 -32.999972
v 23455.811991 33164.696489 -30.072917
v 23522.478658 33164.696489 -27.729167
v 23589.145325 33164.696489 -25.906250
v 23655.811991 33164.696489 -25.125000
v 23722.478658 33164.696489 -26.687500
v 23779.209224 33231.068891 -25.312610
v 23768.571815 33185.269999 -27.443265
v 23763.793340 33164.696489 -28.301355
v 23322.478658 33121.061763 -33.197917
v 23322.478658 33098.029823 -33.197917
v 23318.137477 33102.371003 -33.248790
v 23317.129180 33098.029823 -33.281502
v 23389.145325 33098.029823 -31.635417
v 23330.703160 33156.471988 -33.005155
v 23324.936005 33131.641761 -33.140323
v 23455.811991 33098.029823 -29.812500
v 23522.478658 33098.029823 -27.989583
v 23589.145325 33098.029823 -26.687500
v 23655.811991 33098.029823 -27.208333
v 23722.478658 33098.029823 -29.291667
v 23756.006132 33131.169015 -29.306834
v 23748.309108 33098.029823 -30.300669
v 23322.478658 33031.363156 -33.197917
v 23305.571795 33048.270019 -33.462086
v 23309.881583 33066.825618 -33.394746
v 23301.644948 33031.363156 -33.686207
v 23389.145325 33031.363156 -31.114583
v 23455.811991 33031.363156 -29.812500
v 23522.478658 33031.363156 -28.250000
v 23589.145325 33031.363156 -27.468750
v 23655.811991 33031.363156 -28.770833
v 23722.478658 33031.363156 -31.375000
v 23743.440450 33077.068031 -30.765543
v 23734.045957 33036.620463 -31.662557
v 23732.824877 33031.363156 -31.779149
v 23322.478658 32964.696489 -33.197917
v 23293.006112 32994.169035 -33.888679
v 23286.160717 32964.696489 -34.049118
v 23389.145325 32964.696489 -30.854167
v 23455.811991 32964.696489 -29.812500
v 23522.478658 32964.696489 -28.770833
v 23589.145325 32964.696489 -28.250000
v 23655.811991 32964.696489 -30.333333
v 23722.478658 32986.817973 -32.941042
v 23718.991535 32971.804321 -33.332650
v 23718.309085 32968.866062 -33.409289
v 23717.340645 32964.696489 -33.457835
v 23730.874767 33022.967047 -31.965351
v 23322.478658 32898.029823 -32.677083
v 23280.440430 32940.068051 -33.990778
v 23270.676485 32898.029823 -34.700606
v 23389.145325 32898.029823 -30.854167
v 23455.811991 32898.029823 -30.072917
v 23522.478658 32898.029823 -29.031250
v 23589.145325 32898.029823 -29.291667
v 23655.811991 32898.029823 -31.895833
v 23705.743403 32914.765078 -34.429269
v 23701.856414 32898.029823 -34.593749
v 23255.811991 32834.031408 -35.781238
v 23255.811991 32831.363156 -35.802083
v 23255.309065 32831.866082 -35.804048
v 23255.192254 32831.363156 -35.811767
v 23322.478658 32831.363156 -33.458333
v 23267.874748 32885.967066 -34.951409
v 23264.718316 32872.377190 -35.168548
v 23389.145325 32831.363156 -31.635417
v 23455.811991 32831.363156 -30.593750
v 23522.478658 32831.363156 -29.812500
v 23589.145325 32831.363156 -30.072917
v 23655.811991 32831.363156 -32.677083
v 23693.177720 32860.664094 -34.231191
v 23686.372183 32831.363156 -34.228968
v 23255.811991 32764.696489 -36.062500
v 23242.743383 32777.765098 -36.215648
v 23249.663893 32807.561048 -35.991124
v 23239.708022 32764.696489 -36.314125
v 23322.478658 32764.696489 -33.979167
v 23389.145325 32764.696489 -32.677083
v 23455.811991 32764.696489 -31.375000
v 23522.478658 32764.696489 -29.552083
v 23589.145325 32764.696489 -26.427083
v 23655.811991 32764.696489 -26.947917
v 23680.612038 32806.563110 -32.386458
v 23673.828268 32777.355892 -29.372980
v 23670.887951 32764.696489 -28.066836
v 23255.811991 32698.029823 -35.802083
v 23230.177700 32723.664114 -36.302753
v 23224.223791 32698.029823 -36.542432
v 23322.478658 32698.029823 -33.979167
v 23389.145325 32698.029823 -33.197917
v 23455.811991 32698.029823 -31.895833
v 23522.478658 32698.029823 -29.031250
v 23589.145325 32698.029823 -16.791667
v 23655.811991 32699.787618 -10.974249
v 23655.480673 32698.361141 -10.620614
v 23655.403720 32698.029823 -10.579942
v 23668.046355 32752.462125 -25.609783
v 23658.773846 32712.539750 -14.517410
v 23255.811991 32631.363156 -35.541667
v 23217.612018 32669.563129 -36.586197
v 23219.555049 32677.928762 -36.573336
v 23208.739559 32631.363156 -36.828803
v 23322.478658 32631.363156 -33.979167
v 23389.145325 32631.363156 -33.458333
v 23455.811991 32631.363156 -31.895833
v 23522.478658 32631.363156 -24.604167
v 23589.145325 32631.363156 -6.114583
v 23642.914990 32644.260157 -1.038835
v 23639.919488 32631.363156 0.628860
v 23255.811991 32564.696489 -36.062500
v 23205.046335 32615.462145 -37.054017
v 23193.255328 32564.696489 -37.528672
v 23322.478658 32564.696489 -35.020833
v 23389.145325 32564.696489 -33.979167
v 23455.811991 32564.696489 -29.552083
v 23522.478658 32564.696489 -15.229167
v 23589.145325 32564.696489 1.437500
v 23630.349308 32590.159173 0.484492
v 23628.665001 32582.907464 1.227023
v 23624.435257 32564.696489 3.091716
vt 124.945727 -204.823482
vt 124.945727 -204.490149
vt 124.700710 -204.735165
vt 124.716065 -204.823482
vt 124.658112 -204.490149
vt 125.279060 -204.823482
vt 125.279060 -204.490149
vt 125.612393 -204.823482
vt 125.612393 -204.490149
vt 125.945727 -204.823482
vt 125.945727 -204.490149
vt 126.279060 -204.823482
vt 126.279060 -204.490149
vt 126.612393 -204.823482
vt 126.612393 -204.490149
vt 126.812760 -204.623116
vt 126.859365 -204.823482
vt 126.812647 -204.622632
vt 126.789614 -204.490149
vt 124.612393 -204.227184
vt 124.612393 -204.156816
vt 124.601971 -204.167238
vt 124.600159 -204.156816
vt 124.945727 -204.156816
vt 124.651341 -204.451202
vt 124.634778 -204.355938
vt 125.279060 -204.156816
vt 125.612393 -204.156816
vt 125.945727 -204.156816
vt 126.279060 -204.156816
vt 126.612393 -204.156816
vt 126.763366 -204.339176
vt 126.760731 -204.324021
vt 126.731661 -204.156816
vt 124.612393 -203.823482
vt 124.552602 -203.883274
vt 124.542206 -203.823482
vt 124.945727 -203.823482
vt 125.279060 -203.823482
vt 125.612393 -203.823482
vt 125.945727 -203.823482
vt 126.279060 -203.823482
vt 126.612393 -203.823482
vt 126.713997 -204.055213
vt 126.703742 -203.996230
vt 126.673708 -203.823482
vt 124.612393 -203.490149
vt 124.503232 -203.599310
vt 124.520800 -203.700357
vt 124.484253 -203.490149
vt 124.945727 -203.490149
vt 125.279060 -203.490149
vt 125.612393 -203.490149
vt 125.945727 -203.490149
vt 126.279060 -203.490149
vt 126.612393 -203.490149
vt 126.664627 -203.771249
vt 126.615755 -203.490149
vt 124.612393 -203.156816
vt 124.453862 -203.315347
vt 124.463811 -203.372567
vt 124.426300 -203.156816
vt 124.945727 -203.156816
vt 125.279060 -203.156816
vt 125.612393 -203.156816
vt 125.945727 -203.156816
vt 126.279060 -203.156816
vt 126.612393 -203.470811
vt 126.589764 -203.340650
vt 126.565888 -203.203321
vt 126.557802 -203.156816
vt 126.615257 -203.487285
vt 124.612393 -202.823482
vt 124.404493 -203.031383
vt 124.406822 -203.044777
vt 124.368348 -202.823482
vt 124.945727 -202.823482
vt 125.279060 -202.823482
vt 125.612393 -202.823482
vt 125.945727 -202.823482
vt 126.279060 -202.823482
vt 126.516518 -202.919358
vt 126.499850 -202.823482
vt 124.612393 -202.490149
vt 124.355123 -202.747419
vt 124.310395 -202.490149
vt 124.349832 -202.716987
vt 124.945727 -202.490149
vt 125.279060 -202.490149
vt 125.612393 -202.490149
vt 125.945727 -202.490149
vt 126.279060 -202.490149
vt 126.475785 -202.685070
vt 126.467149 -202.635394
vt 126.441897 -202.490149
vt 124.279060 -202.309918
vt 124.279060 -202.156816
vt 124.256384 -202.179492
vt 124.252442 -202.156816
vt 124.612393 -202.156816
vt 124.305754 -202.463455
vt 124.292843 -202.389196
vt 124.945727 -202.156816
vt 125.279060 -202.156816
vt 125.612393 -202.156816
vt 125.945727 -202.156816
vt 126.279060 -202.156816
vt 126.417779 -202.351430
vt 126.383944 -202.156816
vt 124.279060 -201.823482
vt 124.207015 -201.895528
vt 124.194489 -201.823482
vt 124.612393 -201.823482
vt 124.945727 -201.823482
vt 125.279060 -201.823482
vt 125.612393 -201.823482
vt 125.945727 -201.823482
vt 126.279060 -201.823482
vt 126.368409 -202.067466
vt 126.361807 -202.029489
vt 126.325991 -201.823482
vt 124.279060 -201.490149
vt 124.157645 -201.611564
vt 124.178865 -201.733616
vt 124.136536 -201.490149
vt 124.612393 -201.490149
vt 124.945727 -201.490149
vt 125.279060 -201.490149
vt 125.612393 -201.490149
vt 125.945727 -201.490149
vt 126.279060 -201.553546
vt 126.269670 -201.499539
vt 126.268038 -201.490149
vt 126.319040 -201.783502
vt 124.279060 -201.156816
vt 124.108275 -201.327600
vt 124.121876 -201.405826
vt 124.078583 -201.156816
vt 124.612393 -201.156816
vt 124.945727 -201.156816
vt 125.279060 -201.156816
vt 125.612393 -201.156816
vt 125.945727 -201.156816
vt 126.220301 -201.215575
vt 126.210085 -201.156816
vt 124.279060 -200.823482
vt 124.058906 -201.043637
vt 124.020630 -200.823482
vt 124.612393 -200.823482
vt 124.945727 -200.823482
vt 125.279060 -200.823482
vt 125.612393 -200.823482
vt 125.945727 -200.823482
vt 126.190839 -201.046118
vt 126.170931 -200.931611
vt 126.152132 -200.823482
vt 124.279060 -200.490149
vt 124.009536 -200.759673
vt 123.962677 -200.490149
vt 124.007897 -200.750245
vt 124.612393 -200.490149
vt 124.945727 -200.490149
vt 125.279060 -200.490149
vt 125.612393 -200.490149
vt 125.945727 -200.490149
vt 126.121562 -200.647647
vt 126.094179 -200.490149
vt 123.945727 -200.392653
vt 123.945727 -200.156816
vt 123.910797 -200.191745
vt 123.904724 -200.156816
vt 124.279060 -200.156816
vt 123.960167 -200.475709
vt 123.950908 -200.422455
vt 124.612393 -200.156816
vt 124.945727 -200.156816
vt 125.279060 -200.156816
vt 125.612393 -200.156816
vt 125.945727 -200.156816
vt 126.072192 -200.363684
vt 126.036226 -200.156816
vt 123.945727 -199.823482
vt 123.861428 -199.907782
vt 123.893919 -200.094665
vt 123.846771 -199.823482
vt 124.279060 -199.823482
vt 124.612393 -199.823482
vt 124.945727 -199.823482
vt 125.279060 -199.823482
vt 125.612393 -199.823482
vt 125.945727 -199.823482
vt 126.022822 -200.079720
vt 126.019872 -200.062748
vt 125.978273 -199.823482
vt 123.945727 -199.490149
vt 123.812058 -199.623818
vt 123.836930 -199.766875
vt 123.788818 -199.490149
vt 124.279060 -199.490149
vt 124.612393 -199.490149
vt 124.945727 -199.490149
vt 125.279060 -199.490149
vt 125.612393 -199.490149
vt 125.945727 -199.636281
vt 125.924083 -199.511792
vt 125.920320 -199.490149
vt 125.973453 -199.795756
vt 123.945727 -199.156816
vt 123.762688 -199.339854
vt 123.779940 -199.439084
vt 123.730866 -199.156816
vt 124.279060 -199.156816
vt 124.612393 -199.156816
vt 124.945727 -199.156816
vt 125.279060 -199.156816
vt 125.612393 -199.156816
vt 125.905893 -199.407167
vt 125.874714 -199.227829
vt 125.862367 -199.156816
vt 123.945727 -198.823482
vt 123.713319 -199.055890
vt 123.672913 -198.823482
vt 124.279060 -198.823482
vt 124.612393 -198.823482
vt 124.945727 -198.823482
vt 125.279060 -198.823482
vt 125.612393 -198.823482
vt 125.848904 -199.079377
vt 125.825344 -198.943865
vt 125.804415 -198.823482
vt 123.945727 -198.490149
vt 123.663949 -198.771927
vt 123.665962 -198.783504
vt 123.614960 -198.490149
vt 124.279060 -198.490149
vt 124.612393 -198.490149
vt 124.945727 -198.490149
vt 125.279060 -198.490149
vt 125.612393 -198.490149
vt 125.775975 -198.659901
vt 125.746462 -198.490149
vt 123.612393 -198.156816
vt 123.565210 -198.203999
vt 123.608973 -198.455714
vt 123.612393 -198.475388
vt 123.557007 -198.156816
vt 123.945727 -198.156816
vt 123.614580 -198.487963
vt 124.279060 -198.156816
vt 124.612393 -198.156816
vt 124.945727 -198.156816
vt 125.279060 -198.156816
vt 125.612393 -198.156816
vt 125.726605 -198.375937
vt 125.688509 -198.156816
vt 123.612393 -197.823482
vt 123.515840 -197.920035
vt 123.551984 -198.127924
vt 123.499054 -197.823482
vt 123.945727 -197.823482
vt 124.279060 -197.823482
vt 124.612393 -197.823482
vt 124.945727 -197.823482
vt 125.279060 -197.823482
vt 125.612393 -197.823482
vt 125.677235 -198.091974
vt 125.630556 -197.823482
vt 123.612393 -197.490149
vt 123.466471 -197.636072
vt 123.494994 -197.800133
vt 123.441101 -197.490149
vt 123.945727 -197.490149
vt 124.279060 -197.490149
vt 124.612393 -197.490149
vt 124.945727 -197.490149
vt 125.279060 -197.490149
vt 125.612393 -197.719015
vt 125.578496 -197.524046
vt 125.572603 -197.490149
vt 125.627866 -197.808010
vt 125.620947 -197.768216
vt 123.612393 -197.156816
vt 123.417101 -197.352108
vt 123.438005 -197.472343
vt 123.383148 -197.156816
vt 123.945727 -197.156816
vt 124.279060 -197.156816
vt 124.612393 -197.156816
vt 124.945727 -197.156816
vt 125.279060 -197.156816
vt 125.529127 -197.240082
vt 125.514650 -197.156816
vt 123.612393 -196.823482
vt 123.367732 -197.068144
vt 123.325195 -196.823482
vt 123.945727 -196.823482
vt 124.279060 -196.823482
vt 124.612393 -196.823482
vt 124.945727 -196.823482
vt 125.279060 -196.823482
vt 125.506969 -197.112636
vt 125.479757 -196.956119
vt 125.456697 -196.823482
vt 123.279060 -196.558122
vt 123.279060 -196.490149
vt 123.268993 -196.500217
vt 123.267242 -196.490149
vt 123.612393 -196.490149
vt 123.318362 -196.784180
vt 123.324027 -196.816763
vt 123.945727 -196.490149
vt 124.279060 -196.490149
vt 124.612393 -196.490149
vt 124.945727 -196.490149
vt 125.279060 -196.490149
vt 125.430387 -196.672155
vt 125.398744 -196.490149
vt 123.279060 -196.156816
vt 123.219623 -196.216253
vt 123.267038 -196.488972
vt 123.209289 -196.156816
vt 123.612393 -196.156816
vt 123.945727 -196.156816
vt 124.279060 -196.156816
vt 124.612393 -196.156816
vt 124.945727 -196.156816
vt 125.279060 -196.156816
vt 125.381018 -196.388191
vt 125.340791 -196.156816
vt 123.279060 -195.823482
vt 123.170253 -195.932289
vt 123.151336 -195.823482
vt 123.153059 -195.833392
vt 123.612393 -195.823482
vt 123.945727 -195.823482
vt 124.279060 -195.823482
vt 124.612393 -195.823482
vt 124.945727 -195.823482
vt 125.279060 -195.823482
vt 125.336001 -196.129265
vt 125.331648 -196.104227
vt 125.282838 -195.823482
vt 123.279060 -195.490149
vt 123.120884 -195.648325
vt 123.093384 -195.490149
vt 123.612393 -195.490149
vt 123.945727 -195.490149
vt 124.279060 -195.490149
vt 124.612393 -195.490149
vt 124.945727 -195.490149
vt 125.279060 -195.801750
vt 125.232909 -195.536300
vt 125.224885 -195.490149
vt 125.282279 -195.820264
vt 123.279060 -195.156816
vt 123.071514 -195.364362
vt 123.035431 -195.156816
vt 123.039081 -195.177812
vt 123.612393 -195.156816
vt 123.945727 -195.156816
vt 124.279060 -195.156816
vt 124.612393 -195.156816
vt 124.945727 -195.156816
vt 125.183540 -195.252336
vt 125.166933 -195.156816
vt 123.279060 -194.823482
vt 123.022145 -195.080398
vt 122.977478 -194.823482
vt 123.612393 -194.823482
vt 123.945727 -194.823482
vt 124.279060 -194.823482
vt 124.612393 -194.823482
vt 124.945727 -194.823482
vt 125.165034 -195.145894
vt 125.134170 -194.968372
vt 125.108980 -194.823482
vt 122.945727 -194.640857
vt 122.945727 -194.490149
vt 122.923405 -194.512470
vt 122.919525 -194.490149
vt 123.279060 -194.490149
vt 122.972775 -194.796434
vt 123.612393 -194.490149
vt 123.945727 -194.490149
vt 124.279060 -194.490149
vt 124.612393 -194.490149
vt 124.945727 -194.490149
vt 125.084800 -194.684409
vt 125.051055 -194.490314
vt 125.051027 -194.490149
vt 122.945727 -194.156816
vt 122.874036 -194.228506
vt 122.861572 -194.156816
vt 123.279060 -194.156816
vt 123.612393 -194.156816
vt 123.945727 -194.156816
vt 124.279060 -194.156816
vt 124.612393 -194.156816
vt 124.945727 -194.156816
vt 125.035431 -194.400445
vt 124.994066 -194.162524
vt 124.993074 -194.156816
vt 122.945727 -193.823482
vt 122.824666 -193.944543
vt 122.803619 -193.823482
vt 122.811124 -193.866651
vt 123.279060 -193.823482
vt 123.612393 -193.823482
vt 123.945727 -193.823482
vt 124.279060 -193.823482
vt 124.612393 -193.823482
vt 124.945727 -193.884485
vt 124.936692 -193.832517
vt 124.935121 -193.823482
vt 124.986061 -194.116481
vt 122.945727 -193.490149
vt 122.775297 -193.660579
vt 122.745666 -193.490149
vt 122.754135 -193.538860
vt 123.279060 -193.490149
vt 123.612393 -193.490149
vt 123.945727 -193.490149
vt 124.279060 -193.490149
vt 124.612393 -193.490149
vt 124.887322 -193.548554
vt 124.880088 -193.506943
vt 124.877168 -193.490149
vt 122.945727 -193.156816
vt 122.725927 -193.376615
vt 122.687713 -193.156816
vt 123.279060 -193.156816
vt 123.612393 -193.156816
vt 123.945727 -193.156816
vt 124.279060 -193.156816
vt 124.612393 -193.156816
vt 124.837953 -193.264590
vt 124.823099 -193.179153
vt 124.819215 -193.156816
vt 122.945727 -192.823482
vt 122.676558 -193.092651
vt 122.629760 -192.823482
vt 123.279060 -192.823482
vt 123.612393 -192.823482
vt 123.945727 -192.823482
vt 124.279060 -192.823482
vt 124.612393 -192.823482
vt 124.788583 -192.980626
vt 124.766109 -192.851363
vt 124.761262 -192.823482
vt 122.612393 -192.723591
vt 122.612393 -192.490149
vt 122.577818 -192.524724
vt 122.571807 -192.490149
vt 122.945727 -192.490149
vt 122.627188 -192.808688
vt 123.279060 -192.490149
vt 123.612393 -192.490149
vt 123.945727 -192.490149
vt 124.279060 -192.490149
vt 124.612393 -192.490149
vt 124.739213 -192.696662
vt 124.709120 -192.523573
vt 124.703309 -192.490149
vt 122.612393 -192.156816
vt 122.528449 -192.240760
vt 122.513854 -192.156816
vt 122.526178 -192.227699
vt 122.945727 -192.156816
vt 123.279060 -192.156816
vt 123.612393 -192.156816
vt 123.945727 -192.156816
vt 124.279060 -192.156816
vt 124.612393 -192.156816
vt 124.689844 -192.412699
vt 124.645356 -192.156816
vt 122.612393 -191.823482
vt 122.479079 -191.956796
vt 122.455901 -191.823482
vt 122.469189 -191.899909
vt 122.945727 -191.823482
vt 123.279060 -191.823482
vt 123.612393 -191.823482
vt 123.945727 -191.823482
vt 124.279060 -191.823482
vt 124.612393 -191.967219
vt 124.595142 -191.867992
vt 124.591105 -191.844771
vt 124.587403 -191.823482
vt 124.640474 -192.128735
vt 122.612393 -191.490149
vt 122.429710 -191.672833
vt 122.397949 -191.490149
vt 122.945727 -191.490149
vt 123.279060 -191.490149
vt 123.612393 -191.490149
vt 123.945727 -191.490149
vt 124.279060 -191.490149
vt 124.541735 -191.560807
vt 124.538153 -191.540202
vt 124.529450 -191.490149
vt 122.612393 -191.156816
vt 122.380340 -191.388869
vt 122.339996 -191.156816
vt 122.355211 -191.244329
vt 122.945727 -191.156816
vt 123.279060 -191.156816
vt 123.612393 -191.156816
vt 123.945727 -191.156816
vt 124.279060 -191.156816
vt 124.492365 -191.276844
vt 124.481163 -191.212412
vt 124.471498 -191.156816
vt 122.612393 -190.823482
vt 122.330971 -191.104905
vt 122.282043 -190.823482
vt 122.945727 -190.823482
vt 123.279060 -190.823482
vt 123.612393 -190.823482
vt 123.945727 -190.823482
vt 124.279060 -190.823482
vt 124.442996 -190.992880
vt 124.424174 -190.884621
vt 124.413545 -190.823482
vt 122.279060 -190.806326
vt 122.279060 -190.490149
vt 122.232231 -190.536978
vt 122.224090 -190.490149
vt 122.612393 -190.490149
vt 122.281601 -190.820941
vt 122.945727 -190.490149
vt 123.279060 -190.490149
vt 123.612393 -190.490149
vt 123.945727 -190.490149
vt 124.279060 -190.490149
vt 124.393626 -190.708916
vt 124.367185 -190.556831
vt 124.355592 -190.490149
vt 122.279060 -190.156816
vt 122.182862 -190.253014
vt 122.184243 -190.260958
vt 122.166137 -190.156816
vt 122.612393 -190.156816
vt 122.945727 -190.156816
vt 123.279060 -190.156816
vt 123.612393 -190.156816
vt 123.945727 -190.156816
vt 124.279060 -190.156816
vt 124.344257 -190.424952
vt 124.297639 -190.156816
vt 122.279060 -189.823482
vt 122.133492 -189.969050
vt 122.108184 -189.823482
vt 122.612393 -189.823482
vt 122.945727 -189.823482
vt 123.279060 -189.823482
vt 123.612393 -189.823482
vt 123.945727 -189.823482
vt 124.279060 -190.049954
vt 124.253207 -189.901251
vt 124.245518 -189.857025
vt 124.239686 -189.823482
vt 124.294887 -190.140989
vt 122.279060 -189.490149
vt 122.084123 -189.685086
vt 122.050231 -189.490149
vt 122.612393 -189.490149
vt 122.945727 -189.490149
vt 123.279060 -189.490149
vt 123.612393 -189.490149
vt 123.945727 -189.490149
vt 124.196217 -189.573461
vt 124.196148 -189.573061
vt 124.181733 -189.490149
vt 122.279060 -189.156816
vt 122.034753 -189.401123
vt 121.992278 -189.156816
vt 122.013275 -189.277587
vt 122.612393 -189.156816
vt 122.945727 -189.156816
vt 123.279060 -189.156816
vt 123.612393 -189.156816
vt 123.945727 -189.156816
vt 124.146778 -189.289097
vt 124.123780 -189.156816
vt 121.945727 -188.889061
vt 121.945727 -188.823482
vt 121.936014 -188.833195
vt 121.934325 -188.823482
vt 122.279060 -188.823482
vt 121.985383 -189.117159
vt 121.956286 -188.949797
vt 122.612393 -188.823482
vt 122.945727 -188.823482
vt 123.279060 -188.823482
vt 123.612393 -188.823482
vt 123.945727 -188.823482
vt 124.097409 -189.005134
vt 124.082239 -188.917880
vt 124.065827 -188.823482
vt 121.945727 -188.490149
vt 121.886644 -188.549231
vt 121.899297 -188.622007
vt 121.876372 -188.490149
vt 122.279060 -188.490149
vt 122.612393 -188.490149
vt 122.945727 -188.490149
vt 123.279060 -188.490149
vt 123.612393 -188.490149
vt 123.945727 -188.490149
vt 124.048039 -188.721170
vt 124.025250 -188.590090
vt 124.007874 -188.490149
vt 121.945727 -188.156816
vt 121.837275 -188.265268
vt 121.842308 -188.294217
vt 121.818419 -188.156816
vt 122.279060 -188.156816
vt 122.612393 -188.156816
vt 122.945727 -188.156816
vt 123.279060 -188.156816
vt 123.612393 -188.156816
vt 123.945727 -188.156816
vt 123.998670 -188.437206
vt 123.968261 -188.262300
vt 123.949921 -188.156816
vt 121.945727 -187.823482
vt 121.787905 -187.981304
vt 121.760467 -187.823482
vt 122.279060 -187.823482
vt 122.612393 -187.823482
vt 122.945727 -187.823482
vt 123.279060 -187.823482
vt 123.612393 -187.823482
vt 123.945727 -188.132689
vt 123.911271 -187.934509
vt 123.899930 -187.869279
vt 123.891968 -187.823482
vt 123.949300 -188.153242
vt 121.945727 -187.490149
vt 121.738536 -187.697340
vt 121.694189 -187.490149
vt 121.732505 -187.662655
vt 122.279060 -187.490149
vt 122.612393 -187.490149
vt 122.945727 -187.490149
vt 123.279060 -187.490149
vt 123.612393 -187.490149
vt 123.854282 -187.606719
vt 123.850561 -187.585315
vt 123.834016 -187.490149
vt 121.945727 -187.156816
vt 121.679323 -187.423219
vt 121.618021 -187.156816
vt 121.666765 -187.366681
vt 122.279060 -187.156816
vt 122.612393 -187.156816
vt 122.945727 -187.156816
vt 123.279060 -187.156816
vt 123.612393 -187.156816
vt 123.801191 -187.301351
vt 123.797293 -187.278929
vt 123.787831 -187.231111
vt 123.771329 -187.156816
vt 121.612393 -186.823482
vt 121.554132 -186.881744
vt 121.592639 -187.047536
vt 121.612393 -187.132585
vt 121.540600 -186.823482
vt 121.945727 -186.823482
vt 121.616960 -187.152249
vt 122.279060 -186.823482
vt 122.612393 -186.823482
vt 122.945727 -186.823482
vt 123.279060 -186.823482
vt 123.612393 -186.823482
vt 123.742443 -187.026766
vt 123.715706 -186.906392
vt 123.713461 -186.896510
vt 123.696500 -186.823482
vt 121.612393 -186.490149
vt 121.491304 -186.611239
vt 121.517367 -186.723455
vt 121.463179 -186.490149
vt 121.945727 -186.490149
vt 122.279060 -186.490149
vt 122.612393 -186.490149
vt 122.945727 -186.490149
vt 123.279060 -186.490149
vt 123.612393 -186.490149
vt 123.680647 -186.755229
vt 123.638189 -186.572429
vt 123.619078 -186.490149
vt 121.612393 -186.156816
vt 121.428475 -186.340734
vt 121.385758 -186.156816
vt 121.945727 -186.156816
vt 122.279060 -186.156816
vt 122.612393 -186.156816
vt 122.945727 -186.156816
vt 123.279060 -186.156816
vt 123.612393 -186.461366
vt 123.562917 -186.248349
vt 123.554990 -186.214219
vt 123.541657 -186.156816
vt 123.617818 -186.484724
vt 121.612393 -185.823482
vt 121.365647 -186.070229
vt 121.308336 -185.823482
vt 121.945727 -185.823482
vt 122.279060 -185.823482
vt 122.612393 -185.823482
vt 122.945727 -185.823482
vt 123.279060 -185.823482
vt 123.492162 -185.943714
vt 123.464236 -185.823482
vt 121.279060 -185.697434
vt 121.279060 -185.490149
vt 121.239990 -185.529219
vt 121.230915 -185.490149
vt 121.612393 -185.490149
vt 121.302818 -185.799724
vt 121.291551 -185.751213
vt 121.945727 -185.490149
vt 122.279060 -185.490149
vt 122.612393 -185.490149
vt 122.945727 -185.490149
vt 123.279060 -185.490149
vt 123.429333 -185.673209
vt 123.386815 -185.490149
vt 121.279060 -185.156816
vt 121.177161 -185.258714
vt 121.216279 -185.427132
vt 121.153494 -185.156816
vt 121.612393 -185.156816
vt 121.945727 -185.156816
vt 122.279060 -185.156816
vt 122.612393 -185.156816
vt 122.945727 -185.156816
vt 123.279060 -185.156816
vt 123.366505 -185.402704
vt 123.337101 -185.276107
vt 123.309394 -185.156816
vt 121.279060 -184.823482
vt 121.114333 -184.988209
vt 121.076073 -184.823482
vt 121.612393 -184.823482
vt 121.945727 -184.823482
vt 122.279060 -184.823482
vt 122.612393 -184.823482
vt 122.945727 -184.823482
vt 123.279060 -185.026215
vt 123.261829 -184.952026
vt 123.240848 -184.861694
vt 123.231973 -184.823482
vt 123.303676 -185.132199
vt 121.279060 -184.490149
vt 121.051505 -184.717704
vt 121.065735 -184.778971
vt 120.998652 -184.490149
vt 121.612393 -184.490149
vt 121.945727 -184.490149
vt 122.279060 -184.490149
vt 122.612393 -184.490149
vt 122.945727 -184.490149
vt 123.178020 -184.591190
vt 123.154552 -184.490149
vt 120.945727 -184.262282
vt 120.945727 -184.156816
vt 120.925848 -184.176695
vt 120.921231 -184.156816
vt 121.279060 -184.156816
vt 120.988676 -184.447199
vt 120.990463 -184.454890
vt 121.612393 -184.156816
vt 121.945727 -184.156816
vt 122.279060 -184.156816
vt 122.612393 -184.156816
vt 122.945727 -184.156816
vt 123.115191 -184.320685
vt 123.111284 -184.303864
vt 123.077130 -184.156816
vt 120.945727 -183.823482
vt 120.863019 -183.906190
vt 120.843810 -183.823482
vt 121.279060 -183.823482
vt 121.612393 -183.823482
vt 121.945727 -183.823482
vt 122.279060 -183.823482
vt 122.612393 -183.823482
vt 122.945727 -183.823482
vt 123.052363 -184.050180
vt 123.036012 -183.979784
vt 122.999709 -183.823482
vt 120.945727 -183.490149
vt 120.800191 -183.635685
vt 120.766388 -183.490149
vt 121.279060 -183.490149
vt 121.612393 -183.490149
vt 121.945727 -183.490149
vt 122.279060 -183.490149
vt 122.612393 -183.490149
vt 122.945727 -183.591063
vt 122.926706 -183.509170
vt 122.922288 -183.490149
vt 122.989534 -183.779675
vt 120.945727 -183.156816
vt 120.737363 -183.365180
vt 120.764646 -183.482648
vt 120.688967 -183.156816
vt 121.279060 -183.156816
vt 121.612393 -183.156816
vt 121.945727 -183.156816
vt 122.279060 -183.156816
vt 122.612393 -183.156816
vt 122.863877 -183.238665
vt 122.844867 -183.156816
vt 120.612393 -182.827130
vt 120.612393 -182.823482
vt 120.611706 -182.824170
vt 120.611546 -182.823482
vt 120.945727 -182.823482
vt 120.674534 -183.094675
vt 121.279060 -182.823482
vt 121.612393 -182.823482
vt 121.945727 -182.823482
vt 122.279060 -182.823482
vt 122.612393 -182.823482
vt 122.801049 -182.968160
vt 122.767446 -182.823482
vt 120.612393 -182.490149
vt 120.548877 -182.553665
vt 120.534125 -182.490149
vt 120.945727 -182.490149
vt 121.279060 -182.490149
vt 121.612393 -182.490149
vt 121.945727 -182.490149
vt 122.279060 -182.490149
vt 122.612393 -182.490149
vt 122.738221 -182.697655
vt 122.734924 -182.683461
vt 122.690025 -182.490149
vt 120.612393 -182.156816
vt 120.486049 -182.283160
vt 120.456704 -182.156816
vt 120.463558 -182.186325
vt 120.945727 -182.156816
vt 121.279060 -182.156816
vt 121.612393 -182.156816
vt 121.945727 -182.156816
vt 122.279060 -182.156816
vt 122.612393 -182.156816
vt 122.675392 -182.427150
vt 122.612603 -182.156816
vt 120.612393 -181.823482
vt 120.423221 -182.012655
vt 120.379283 -181.823482
vt 120.945727 -181.823482
vt 121.279060 -181.823482
vt 121.612393 -181.823482
vt 121.945727 -181.823482
vt 122.279060 -181.823482
vt 122.612393 -182.155911
vt 122.549735 -181.886140
vt 122.535182 -181.823482
vt 122.612564 -182.156645
vt 120.612393 -181.490149
vt 120.360392 -181.742150
vt 120.301861 -181.490149
vt 120.945727 -181.490149
vt 121.279060 -181.490149
vt 121.612393 -181.490149
vt 121.945727 -181.490149
vt 122.279060 -181.490149
vt 122.486907 -181.615635
vt 122.457761 -181.490149
vt 120.279060 -181.156816
vt 120.234735 -181.201140
vt 120.237741 -181.214083
vt 120.279060 -181.391978
vt 120.224440 -181.156816
vt 120.612393 -181.156816
vt 120.297564 -181.471645
vt 120.945727 -181.156816
vt 121.279060 -181.156816
vt 121.612393 -181.156816
vt 121.945727 -181.156816
vt 122.279060 -181.156816
vt 122.433835 -181.387138
vt 122.424079 -181.345131
vt 122.380340 -181.156816
vt 120.279060 -180.823482
vt 120.171907 -180.930636
vt 120.147019 -180.823482
vt 120.612393 -180.823482
vt 120.945727 -180.823482
vt 121.279060 -180.823482
vt 121.612393 -180.823482
vt 121.945727 -180.823482
vt 122.279060 -180.823482
vt 122.361250 -181.074626
vt 122.302919 -180.823482
vt 120.279060 -180.490149
vt 120.109078 -180.660131
vt 120.069598 -180.490149
vt 120.612393 -180.490149
vt 120.945727 -180.490149
vt 121.279060 -180.490149
vt 121.612393 -180.490149
vt 121.945727 -180.490149
vt 122.279060 -180.720759
vt 122.235593 -180.533616
vt 122.225498 -180.490149
vt 122.298422 -180.804121
vt 120.279060 -180.156816
vt 120.046250 -180.389626
vt 119.992177 -180.156816
vt 120.612393 -180.156816
vt 120.945727 -180.156816
vt 121.279060 -180.156816
vt 121.612393 -180.156816
vt 121.945727 -180.156816
vt 122.208019 -180.414896
vt 122.172765 -180.263111
vt 122.148076 -180.156816
vt 119.945727 -179.823482
vt 119.920593 -179.848616
vt 119.936653 -179.917760
vt 119.945727 -179.956827
vt 119.914756 -179.823482
vt 120.279060 -179.823482
vt 119.983422 -180.119121
vt 120.612393 -179.823482
vt 120.945727 -179.823482
vt 121.279060 -179.823482
vt 121.612393 -179.823482
vt 121.945727 -179.823482
vt 122.109937 -179.992606
vt 122.070655 -179.823482
vt 119.945727 -179.490149
vt 119.857765 -179.578111
vt 119.861381 -179.593679
vt 119.837335 -179.490149
vt 120.279060 -179.490149
vt 120.612393 -179.490149
vt 120.945727 -179.490149
vt 121.279060 -179.490149
vt 121.612393 -179.490149
vt 121.945727 -179.490149
vt 122.047108 -179.722101
vt 121.993234 -179.490149
vt 119.945727 -179.156816
vt 119.794936 -179.307606
vt 119.759913 -179.156816
vt 120.279060 -179.156816
vt 120.612393 -179.156816
vt 120.945727 -179.156816
vt 121.279060 -179.156816
vt 121.612393 -179.156816
vt 121.945727 -179.285608
vt 121.921451 -179.181091
vt 121.915813 -179.156816
vt 121.984280 -179.451596
vt 119.945727 -178.823482
vt 119.732108 -179.037101
vt 119.682492 -178.823482
vt 120.279060 -178.823482
vt 120.612393 -178.823482
vt 120.945727 -178.823482
vt 121.279060 -178.823482
vt 121.612393 -178.823482
vt 121.906931 -179.118573
vt 121.858623 -178.910586
vt 121.838392 -178.823482
vt 119.612393 -178.521675
vt 119.612393 -178.490149
vt 119.606451 -178.496091
vt 119.605071 -178.490149
vt 119.945727 -178.490149
vt 119.669280 -178.766596
vt 119.635564 -178.621437
vt 120.279060 -178.490149
vt 120.612393 -178.490149
vt 120.945727 -178.490149
vt 121.279060 -178.490149
vt 121.612393 -178.490149
vt 121.795794 -178.640081
vt 121.760971 -178.490149
vt 119.612393 -178.156816
vt 119.543623 -178.225586
vt 119.560292 -178.297357
vt 119.527650 -178.156816
vt 119.945727 -178.156816
vt 120.279060 -178.156816
vt 120.612393 -178.156816
vt 120.945727 -178.156816
vt 121.279060 -178.156816
vt 121.612393 -178.156816
vt 121.732966 -178.369576
vt 121.683550 -178.156816
vt 119.612393 -177.823482
vt 119.480794 -177.955081
vt 119.450229 -177.823482
vt 119.945727 -177.823482
vt 120.279060 -177.823482
vt 120.612393 -177.823482
vt 120.945727 -177.823482
vt 121.279060 -177.823482
vt 121.612393 -177.850456
vt 121.607309 -177.828567
vt 121.606128 -177.823482
vt 121.670138 -178.099071
vt 119.612393 -177.490149
vt 119.417966 -177.684576
vt 119.372808 -177.490149
vt 119.409748 -177.649195
vt 119.945727 -177.490149
vt 120.279060 -177.490149
vt 120.612393 -177.490149
vt 120.945727 -177.490149
vt 121.279060 -177.490149
vt 121.605842 -177.822250
vt 121.544481 -177.558062
vt 121.528707 -177.490149
vt 119.612393 -177.156816
vt 119.355138 -177.414072
vt 119.295386 -177.156816
vt 119.945727 -177.156816
vt 120.279060 -177.156816
vt 120.612393 -177.156816
vt 120.945727 -177.156816
vt 121.279060 -177.156816
vt 121.481652 -177.287557
vt 121.455298 -177.174089
vt 121.451286 -177.156816
vt 119.279060 -177.086523
vt 119.279060 -176.823482
vt 119.229481 -176.873062
vt 119.217965 -176.823482
vt 119.612393 -176.823482
vt 119.292309 -177.143567
vt 119.945727 -176.823482
vt 120.279060 -176.823482
vt 120.612393 -176.823482
vt 120.945727 -176.823482
vt 121.279060 -176.823482
vt 121.418824 -177.017052
vt 121.380026 -176.850008
vt 121.373865 -176.823482
vt 119.279060 -176.490149
vt 119.166652 -176.602557
vt 119.140544 -176.490149
vt 119.612393 -176.490149
vt 119.945727 -176.490149
vt 120.279060 -176.490149
vt 120.612393 -176.490149
vt 120.945727 -176.490149
vt 121.279060 -176.490149
vt 121.355996 -176.746547
vt 121.296444 -176.490149
vt 119.279060 -176.156816
vt 119.103824 -176.332052
vt 119.108660 -176.352872
vt 119.063123 -176.156816
vt 119.612393 -176.156816
vt 119.945727 -176.156816
vt 120.279060 -176.156816
vt 120.612393 -176.156816
vt 120.945727 -176.156816
vt 121.279060 -176.415304
vt 121.230339 -176.205537
vt 121.219023 -176.156816
vt 121.293167 -176.476042
vt 119.279060 -175.823482
vt 119.040995 -176.061547
vt 118.985702 -175.823482
vt 119.612393 -175.823482
vt 119.945727 -175.823482
vt 120.279060 -175.823482
vt 120.612393 -175.823482
vt 120.945727 -175.823482
vt 121.167510 -175.935032
vt 121.154209 -175.877766
vt 121.141601 -175.823482
vt 118.945727 -175.651371
vt 118.945727 -175.490149
vt 118.915339 -175.520537
vt 118.908281 -175.490149
vt 119.279060 -175.490149
vt 118.978167 -175.791042
vt 119.612393 -175.490149
vt 119.945727 -175.490149
vt 120.279060 -175.490149
vt 120.612393 -175.490149
vt 120.945727 -175.490149
vt 121.104682 -175.664527
vt 121.078937 -175.553685
vt 121.064180 -175.490149
vt 118.945727 -175.156816
vt 118.852510 -175.250032
vt 118.830859 -175.156816
vt 119.279060 -175.156816
vt 119.612393 -175.156816
vt 119.945727 -175.156816
vt 120.279060 -175.156816
vt 120.612393 -175.156816
vt 120.945727 -175.156816
vt 121.041853 -175.394022
vt 120.986759 -175.156816
vt 118.945727 -174.823482
vt 118.789682 -174.979527
vt 118.807571 -175.056549
vt 118.753438 -174.823482
vt 119.279060 -174.823482
vt 119.612393 -174.823482
vt 119.945727 -174.823482
vt 120.279060 -174.823482
vt 120.612393 -174.823482
vt 120.945727 -174.980152
vt 120.916197 -174.853012
vt 120.909338 -174.823482
vt 120.979025 -175.123517
vt 118.945727 -174.490149
vt 118.726853 -174.709022
vt 118.732299 -174.732469
vt 118.676017 -174.490149
vt 119.279060 -174.490149
vt 119.612393 -174.490149
vt 119.945727 -174.490149
vt 120.279060 -174.490149
vt 120.612393 -174.490149
vt 120.853368 -174.582507
vt 120.853121 -174.581443
vt 120.831917 -174.490149
vt 118.612393 -174.216219
vt 118.612393 -174.156816
vt 118.601197 -174.168012
vt 118.598596 -174.156816
vt 118.945727 -174.156816
vt 118.664025 -174.438517
vt 119.279060 -174.156816
vt 119.612393 -174.156816
vt 119.945727 -174.156816
vt 120.279060 -174.156816
vt 120.612393 -174.156816
vt 120.790540 -174.312003
vt 120.777849 -174.257362
vt 120.754496 -174.156816
vt 118.612393 -173.823482
vt 118.538368 -173.897508
vt 118.581755 -174.084307
vt 118.521175 -173.823482
vt 118.945727 -173.823482
vt 119.279060 -173.823482
vt 119.612393 -173.823482
vt 119.945727 -173.823482
vt 120.279060 -173.823482
vt 120.612393 -173.823482
vt 120.727711 -174.041498
vt 120.677074 -173.823482
vt 118.612393 -173.490149
vt 118.475540 -173.627003
vt 118.506483 -173.760227
vt 118.443754 -173.490149
vt 118.945727 -173.490149
vt 119.279060 -173.490149
vt 119.612393 -173.490149
vt 119.945727 -173.490149
vt 120.279060 -173.490149
vt 120.612393 -173.545000
vt 120.602055 -173.500488
vt 120.599653 -173.490149
vt 120.664883 -173.770993
vt 118.612393 -173.156816
vt 118.412711 -173.356498
vt 118.366333 -173.156816
vt 118.945727 -173.156816
vt 119.279060 -173.156816
vt 119.612393 -173.156816
vt 119.945727 -173.156816
vt 120.279060 -173.156816
vt 120.552033 -173.285120
vt 120.539226 -173.229983
vt 120.522232 -173.156816
vt 118.612393 -172.823482
vt 118.349883 -173.085993
vt 118.355939 -173.112065
vt 118.288911 -172.823482
vt 118.945727 -172.823482
vt 119.279060 -172.823482
vt 119.612393 -172.823482
vt 119.945727 -172.823482
vt 120.279060 -172.823482
vt 120.476398 -172.959478
vt 120.444811 -172.823482
vt 118.279060 -172.781068
vt 118.279060 -172.490149
vt 118.224226 -172.544983
vt 118.211490 -172.490149
vt 118.612393 -172.490149
vt 118.287055 -172.815488
vt 118.280666 -172.787985
vt 118.945727 -172.490149
vt 119.279060 -172.490149
vt 119.612393 -172.490149
vt 119.945727 -172.490149
vt 120.279060 -172.490149
vt 120.413569 -172.688973
vt 120.401488 -172.636959
vt 120.367390 -172.490149
vt 118.279060 -172.156816
vt 118.161398 -172.274478
vt 118.205394 -172.463904
vt 118.134069 -172.156816
vt 118.612393 -172.156816
vt 118.945727 -172.156816
vt 119.279060 -172.156816
vt 119.612393 -172.156816
vt 119.945727 -172.156816
vt 120.279060 -172.156816
vt 120.350741 -172.418468
vt 120.326216 -172.312878
vt 120.289969 -172.156816
vt 118.279060 -171.823482
vt 118.098569 -172.003973
vt 118.056648 -171.823482
vt 118.612393 -171.823482
vt 118.945727 -171.823482
vt 119.279060 -171.823482
vt 119.612393 -171.823482
vt 119.945727 -171.823482
vt 120.279060 -172.109849
vt 120.250944 -171.988797
vt 120.225084 -171.877458
vt 120.212548 -171.823482
vt 120.287913 -172.147963
vt 118.279060 -171.490149
vt 118.035741 -171.733468
vt 117.979227 -171.490149
vt 117.979578 -171.491662
vt 118.612393 -171.490149
vt 118.945727 -171.490149
vt 119.279060 -171.490149
vt 119.612393 -171.490149
vt 119.945727 -171.490149
vt 120.162256 -171.606953
vt 120.135126 -171.490149
vt 117.945727 -171.345916
vt 117.945727 -171.156816
vt 117.910084 -171.192458
vt 117.901806 -171.156816
vt 118.279060 -171.156816
vt 117.972912 -171.462963
vt 118.612393 -171.156816
vt 118.945727 -171.156816
vt 119.279060 -171.156816
vt 119.612393 -171.156816
vt 119.945727 -171.156816
vt 120.099427 -171.336448
vt 120.057705 -171.156816
vt 117.945727 -170.823482
vt 117.847256 -170.921953
vt 117.824384 -170.823482
vt 118.279060 -170.823482
vt 118.612393 -170.823482
vt 118.945727 -170.823482
vt 119.279060 -170.823482
vt 119.612393 -170.823482
vt 119.945727 -170.823482
vt 120.036599 -171.065943
vt 120.025128 -171.016555
vt 119.980284 -170.823482
vt 117.945727 -170.490149
vt 117.784427 -170.651449
vt 117.746963 -170.490149
vt 117.753762 -170.519420
vt 118.279060 -170.490149
vt 118.612393 -170.490149
vt 118.945727 -170.490149
vt 119.279060 -170.490149
vt 119.612393 -170.490149
vt 119.945727 -170.674697
vt 119.910942 -170.524934
vt 119.902863 -170.490149
vt 119.973770 -170.795439
vt 119.949856 -170.692474
vt 117.945727 -170.156816
vt 117.721599 -170.380944
vt 117.669542 -170.156816
vt 118.279060 -170.156816
vt 118.612393 -170.156816
vt 118.945727 -170.156816
vt 119.279060 -170.156816
vt 119.612393 -170.156816
vt 119.848114 -170.254429
vt 119.825442 -170.156816
vt 117.612393 -169.910764
vt 117.612393 -169.823482
vt 117.595942 -169.839934
vt 117.592121 -169.823482
vt 117.945727 -169.823482
vt 117.658770 -170.110439
vt 118.279060 -169.823482
vt 118.612393 -169.823482
vt 118.945727 -169.823482
vt 119.279060 -169.823482
vt 119.612393 -169.823482
vt 119.785285 -169.983924
vt 119.748021 -169.823482
vt 117.612393 -169.490149
vt 117.533114 -169.569429
vt 117.514700 -169.490149
vt 117.945727 -169.490149
vt 118.279060 -169.490149
vt 118.612393 -169.490149
vt 118.945727 -169.490149
vt 119.279060 -169.490149
vt 119.612393 -169.490149
vt 119.724039 -169.720232
vt 119.722457 -169.713419
vt 119.670599 -169.490149
vt 117.612393 -169.156816
vt 117.470285 -169.298924
vt 117.437279 -169.156816
vt 117.452673 -169.223097
vt 117.945727 -169.156816
vt 118.279060 -169.156816
vt 118.612393 -169.156816
vt 118.945727 -169.156816
vt 119.279060 -169.156816
vt 119.612393 -169.239545
vt 119.596800 -169.172409
vt 119.593178 -169.156816
vt 119.659628 -169.442914
vt 117.612393 -168.823482
vt 117.407457 -169.028419
vt 117.359857 -168.823482
vt 117.945727 -168.823482
vt 118.279060 -168.823482
vt 118.612393 -168.823482
vt 118.945727 -168.823482
vt 119.279060 -168.823482
vt 119.533972 -168.901904
vt 119.515757 -168.823482
vt 117.612393 -168.490149
vt 117.344628 -168.757914
vt 117.282436 -168.490149
vt 117.945727 -168.490149
vt 118.279060 -168.490149
vt 118.612393 -168.490149
vt 118.945727 -168.490149
vt 119.279060 -168.490149
vt 119.471143 -168.631399
vt 119.438336 -168.490149
vt 117.279060 -168.475612
vt 117.279060 -168.156816
vt 117.218972 -168.216904
vt 117.205015 -168.156816
vt 117.612393 -168.156816
vt 117.281800 -168.487409
vt 117.945727 -168.156816
vt 118.279060 -168.156816
vt 118.612393 -168.156816
vt 118.945727 -168.156816
vt 119.279060 -168.156816
vt 119.422951 -168.423909
vt 119.408315 -168.360894
vt 119.360915 -168.156816
vt 117.279060 -167.823482
vt 117.156143 -167.946399
vt 117.127594 -167.823482
vt 117.151585 -167.926774
vt 117.612393 -167.823482
vt 117.945727 -167.823482
vt 118.279060 -167.823482
vt 118.612393 -167.823482
vt 118.945727 -167.823482
vt 119.279060 -167.823482
vt 119.345486 -168.090389
vt 119.283494 -167.823482
vt 117.279060 -167.490149
vt 117.093315 -167.675894
vt 117.050173 -167.490149
vt 117.612393 -167.490149
vt 117.945727 -167.490149
vt 118.279060 -167.490149
vt 118.612393 -167.490149
vt 118.945727 -167.490149
vt 119.279060 -167.804393
vt 119.219830 -167.549380
vt 119.206072 -167.490149
vt 119.282658 -167.819884
vt 117.279060 -167.156816
vt 117.030486 -167.405389
vt 116.972752 -167.156816
vt 117.612393 -167.156816
vt 117.945727 -167.156816
vt 118.279060 -167.156816
vt 118.612393 -167.156816
vt 118.945727 -167.156816
vt 119.157001 -167.278875
vt 119.128651 -167.156816
vt 116.945727 -166.823482
vt 116.904829 -166.864380
vt 116.925768 -166.954532
vt 116.945727 -167.040461
vt 116.895331 -166.823482
vt 117.279060 -166.823482
vt 116.967658 -167.134885
vt 117.612393 -166.823482
vt 117.945727 -166.823482
vt 118.279060 -166.823482
vt 118.612393 -166.823482
vt 118.945727 -166.823482
vt 119.121862 -167.127587
vt 119.094173 -167.008370
vt 119.051230 -166.823482
vt 116.945727 -166.490149
vt 116.842001 -166.593875
vt 116.850496 -166.630451
vt 116.817909 -166.490149
vt 117.279060 -166.490149
vt 117.612393 -166.490149
vt 117.945727 -166.490149
vt 118.279060 -166.490149
vt 118.612393 -166.490149
vt 118.945727 -166.490149
vt 119.031344 -166.737865
vt 118.973809 -166.490149
vt 116.945727 -166.156816
vt 116.779173 -166.323370
vt 116.740488 -166.156816
vt 117.279060 -166.156816
vt 117.612393 -166.156816
vt 117.945727 -166.156816
vt 118.279060 -166.156816
vt 118.612393 -166.156816
vt 118.945727 -166.369242
vt 118.905687 -166.196855
vt 118.896388 -166.156816
vt 118.968516 -166.467360
vt 116.945727 -165.823482
vt 116.716344 -166.052865
vt 116.663067 -165.823482
vt 117.279060 -165.823482
vt 117.612393 -165.823482
vt 117.945727 -165.823482
vt 118.279060 -165.823482
vt 118.612393 -165.823482
vt 118.896046 -166.155344
vt 118.842859 -165.926350
vt 118.818967 -165.823482
vt 116.612393 -165.605309
vt 116.612393 -165.490149
vt 116.590687 -165.511855
vt 116.585646 -165.490149
vt 116.945727 -165.490149
vt 116.653516 -165.782360
vt 116.624680 -165.658209
vt 117.279060 -165.490149
vt 117.612393 -165.490149
vt 117.945727 -165.490149
vt 118.279060 -165.490149
vt 118.612393 -165.490149
vt 118.780031 -165.655845
vt 118.741546 -165.490149
vt 116.612393 -165.156816
vt 116.527859 -165.241350
vt 116.549408 -165.334128
vt 116.508225 -165.156816
vt 116.945727 -165.156816
vt 117.279060 -165.156816
vt 117.612393 -165.156816
vt 117.945727 -165.156816
vt 118.279060 -165.156816
vt 118.612393 -165.156816
vt 118.717202 -165.385340
vt 118.670230 -165.183102
vt 118.664124 -165.156816
vt 116.612393 -164.823482
vt 116.465031 -164.970845
vt 116.430804 -164.823482
vt 116.945727 -164.823482
vt 117.279060 -164.823482
vt 117.612393 -164.823482
vt 117.945727 -164.823482
vt 118.279060 -164.823482
vt 118.612393 -164.934090
vt 118.594958 -164.859022
vt 118.591545 -164.844330
vt 118.586703 -164.823482
vt 118.654374 -165.114835
vt 116.612393 -164.490149
vt 116.402202 -164.700340
vt 116.353382 -164.490149
vt 116.945727 -164.490149
vt 117.279060 -164.490149
vt 117.612393 -164.490149
vt 117.945727 -164.490149
vt 118.279060 -164.490149
vt 118.528717 -164.573825
vt 118.509282 -164.490149
vt 116.279060 -164.170157
vt 116.279060 -164.156816
vt 116.276545 -164.159330
vt 116.275961 -164.156816
vt 116.612393 -164.156816
vt 116.339374 -164.429835
vt 116.323592 -164.361886
vt 116.945727 -164.156816
vt 117.279060 -164.156816
vt 117.612393 -164.156816
vt 117.945727 -164.156816
vt 118.279060 -164.156816
vt 118.465889 -164.303320
vt 118.431861 -164.156816
vt 116.279060 -163.823482
vt 116.213717 -163.888825
vt 116.248319 -164.037805
vt 116.198540 -163.823482
vt 116.612393 -163.823482
vt 116.945727 -163.823482
vt 117.279060 -163.823482
vt 117.612393 -163.823482
vt 117.945727 -163.823482
vt 118.279060 -163.823482
vt 118.403060 -164.032816
vt 118.369141 -163.886779
vt 118.354440 -163.823482
vt 116.279060 -163.490149
vt 116.150889 -163.618321
vt 116.121119 -163.490149
vt 116.612393 -163.490149
vt 116.945727 -163.490149
vt 117.279060 -163.490149
vt 117.612393 -163.490149
vt 117.945727 -163.490149
vt 118.279060 -163.498938
vt 118.277403 -163.491806
vt 118.277019 -163.490149
vt 118.340232 -163.762311
vt 118.293869 -163.562699
vt 116.279060 -163.156816
vt 116.088060 -163.347816
vt 116.097775 -163.389644
vt 116.043698 -163.156816
vt 116.612393 -163.156816
vt 116.945727 -163.156816
vt 117.279060 -163.156816
vt 117.612393 -163.156816
vt 117.945727 -163.156816
vt 118.214575 -163.221301
vt 118.199597 -163.156816
vt 116.279060 -162.823482
vt 116.025232 -163.077311
vt 115.966277 -162.823482
vt 116.612393 -162.823482
vt 116.945727 -162.823482
vt 117.279060 -162.823482
vt 117.612393 -162.823482
vt 117.945727 -162.823482
vt 118.151747 -162.950796
vt 118.143325 -162.914537
vt 118.122176 -162.823482
f 3/3 2/2 1/1
f 4/4 3/3 1/1
f 5/5 2/2 3/3
f 1/1 7/7 6/6
f 1/1 2/2 7/7
f 6/6 9/9 8/8
f 6/6 7/7 9/9
f 8/8 11/11 10/10
f 8/8 9/9 11/11
f 10/10 13/13 12/12
f 10/10 11/11 13/13
f 12/12 15/15 14/14
f 12/12 13/13 15/15
f 17/17 14/14 16/16
f 16/16 14/14 15/15
f 18/18 16/16 15/15
f 19/19 18/18 15/15
f 22/22 21/21 20/20
f 23/23 21/21 22/22
f 25/25 24/24 2/2
f 5/5 25/25 2/2
f 20/20 21/21 24/24
f 26/26 20/20 24/24
f 25/25 26/26 24/24
f 2/2 27/27 7/7
f 2/2 24/24 27/27
f 7/7 28/28 9/9
f 7/7 27/27 28/28
f 9/9 29/29 11/11
f 9/9 28/28 29/29
f 11/11 30/30 13/13
f 11/11 29/29 30/30
f 13/13 31/31 15/15
f 13/13 30/30 31/31
f 19/19 15/15 32/32
f 32/32 15/15 31/31
f 33/33 32/32 31/31
f 34/34 33/33 31/31
f 36/36 35/35 21/21
f 23/23 36/36 21/21
f 37/37 35/35 36/36
f 21/21 38/38 24/24
f 21/21 35/35 38/38
f 24/24 39/39 27/27
f 24/24 38/38 39/39
f 27/27 40/40 28/28
f 27/27 39/39 40/40
f 28/28 41/41 29/29
f 28/28 40/40 41/41
f 29/29 42/42 30/30
f 29/29 41/41 42/42
f 30/30 43/43 31/31
f 30/30 42/42 43/43
f 34/34 31/31 44/44
f 44/44 31/31 43/43
f 45/45 44/44 43/43
f 46/46 45/45 43/43
f 48/48 47/47 35/35
f 49/49 48/48 35/35
f 37/37 49/49 35/35
f 50/50 47/47 48/48
f 35/35 51/51 38/38
f 35/35 47/47 51/51
f 38/38 52/52 39/39
f 38/38 51/51 52/52
f 39/39 53/53 40/40
f 39/39 52/52 53/53
f 40/40 54/54 41/41
f 40/40 53/53 54/54
f 41/41 55/55 42/42
f 41/41 54/54 55/55
f 42/42 56/56 43/43
f 42/42 55/55 56/56
f 46/46 43/43 57/57
f 57/57 43/43 56/56
f 58/58 57/57 56/56
f 60/60 59/59 47/47
f 61/61 60/60 47/47
f 50/50 61/61 47/47
f 62/62 59/59 60/60
f 47/47 63/63 51/51
f 47/47 59/59 63/63
f 51/51 64/64 52/52
f 51/51 63/63 64/64
f 52/52 65/65 53/53
f 52/52 64/64 65/65
f 53/53 66/66 54/54
f 53/53 65/65 66/66
f 54/54 67/67 55/55
f 54/54 66/66 67/67
f 68/68 56/56 55/55
f 69/69 68/68 55/55
f 70/70 69/69 55/55
f 70/70 55/55 67/67
f 71/71 70/70 67/67
f 58/58 56/56 72/72
f 72/72 56/56 68/68
f 74/74 73/73 59/59
f 75/75 74/74 59/59
f 62/62 75/75 59/59
f 76/76 73/73 74/74
f 59/59 77/77 63/63
f 59/59 73/73 77/77
f 63/63 78/78 64/64
f 63/63 77/77 78/78
f 64/64 79/79 65/65
f 64/64 78/78 79/79
f 65/65 80/80 66/66
f 65/65 79/79 80/80
f 66/66 81/81 67/67
f 66/66 80/80 81/81
f 71/71 67/67 82/82
f 82/82 67/67 81/81
f 83/83 82/82 81/81
f 85/85 84/84 73/73
f 76/76 85/85 73/73
f 87/87 86/86 84/84
f 85/85 87/87 84/84
f 73/73 88/88 77/77
f 73/73 84/84 88/88
f 77/77 89/89 78/78
f 77/77 88/88 89/89
f 78/78 90/90 79/79
f 78/78 89/89 90/90
f 79/79 91/91 80/80
f 79/79 90/90 91/91
f 80/80 92/92 81/81
f 80/80 91/91 92/92
f 93/93 83/83 81/81
f 94/94 93/93 81/81
f 94/94 81/81 92/92
f 95/95 94/94 92/92
f 98/98 97/97 96/96
f 99/99 97/97 98/98
f 101/101 100/100 84/84
f 86/86 101/101 84/84
f 96/96 97/97 100/100
f 102/102 96/96 100/100
f 101/101 102/102 100/100
f 84/84 103/103 88/88
f 84/84 100/100 103/103
f 88/88 104/104 89/89
f 88/88 103/103 104/104
f 89/89 105/105 90/90
f 89/89 104/104 105/105
f 90/90 106/106 91/91
f 90/90 105/105 106/106
f 91/91 107/107 92/92
f 91/91 106/106 107/107
f 95/95 92/92 108/108
f 108/108 92/92 107/107
f 109/109 108/108 107/107
f 111/111 110/110 97/97
f 99/99 111/111 97/97
f 112/112 110/110 111/111
f 97/97 113/113 100/100
f 97/97 110/110 113/113
f 100/100 114/114 103/103
f 100/100 113/113 114/114
f 103/103 115/115 104/104
f 103/103 114/114 115/115
f 104/104 116/116 105/105
f 104/104 115/115 116/116
f 105/105 117/117 106/106
f 105/105 116/116 117/117
f 106/106 118/118 107/107
f 106/106 117/117 118/118
f 109/109 107/107 119/119
f 119/119 107/107 118/118
f 120/120 119/119 118/118
f 121/121 120/120 118/118
f 123/123 122/122 110/110
f 124/124 123/123 110/110
f 112/112 124/124 110/110
f 125/125 122/122 123/123
f 110/110 126/126 113/113
f 110/110 122/122 126/126
f 113/113 127/127 114/114
f 113/113 126/126 127/127
f 114/114 128/128 115/115
f 114/114 127/127 128/128
f 115/115 129/129 116/116
f 115/115 128/128 129/129
f 116/116 130/130 117/117
f 116/116 129/129 130/130
f 131/131 118/118 117/117
f 132/132 131/131 117/117
f 132/132 117/117 130/130
f 133/133 132/132 130/130
f 121/121 118/118 134/134
f 134/134 118/118 131/131
f 136/136 135/135 122/122
f 137/137 136/136 122/122
f 125/125 137/137 122/122
f 138/138 135/135 136/136
f 122/122 139/139 126/126
f 122/122 135/135 139/139
f 126/126 140/140 127/127
f 126/126 139/139 140/140
f 127/127 141/141 128/128
f 127/127 140/140 141/141
f 128/128 142/142 129/129
f 128/128 141/141 142/142
f 129/129 143/143 130/130
f 129/129 142/142 143/143
f 133/133 130/130 144/144
f 144/144 130/130 143/143
f 145/145 144/144 143/143
f 147/147 146/146 135/135
f 138/138 147/147 135/135
f 148/148 146/146 147/147
f 135/135 149/149 139/139
f 135/135 146/146 149/149
f 139/139 150/150 140/140
f 139/139 149/149 150/150
f 140/140 151/151 141/141
f 140/140 150/150 151/151
f 141/141 152/152 142/142
f 141/141 151/151 152/152
f 142/142 153/153 143/143
f 142/142 152/152 153/153
f 154/154 145/145 143/143
f 155/155 154/154 143/143
f 155/155 143/143 153/153
f 156/156 155/155 153/153
f 158/158 157/157 146/146
f 148/148 158/158 146/146
f 160/160 159/159 157/157
f 158/158 160/160 157/157
f 146/146 161/161 149/149
f 146/146 157/157 161/161
f 149/149 162/162 150/150
f 149/149 161/161 162/162
f 150/150 163/163 151/151
f 150/150 162/162 163/163
f 151/151 164/164 152/152
f 151/151 163/163 164/164
f 152/152 165/165 153/153
f 152/152 164/164 165/165
f 156/156 153/153 166/166
f 166/166 153/153 165/165
f 167/167 166/166 165/165
f 170/170 169/169 168/168
f 171/171 169/169 170/170
f 173/173 172/172 157/157
f 159/159 173/173 157/157
f 168/168 169/169 172/172
f 174/174 168/168 172/172
f 173/173 174/174 172/172
f 157/157 175/175 161/161
f 157/157 172/172 175/175
f 161/161 176/176 162/162
f 161/161 175/175 176/176
f 162/162 177/177 163/163
f 162/162 176/176 177/177
f 163/163 178/178 164/164
f 163/163 177/177 178/178
f 164/164 179/179 165/165
f 164/164 178/178 179/179
f 167/167 165/165 180/180
f 180/180 165/165 179/179
f 181/181 180/180 179/179
f 183/183 182/182 169/169
f 184/184 183/183 169/169
f 171/171 184/184 169/169
f 185/185 182/182 183/183
f 169/169 186/186 172/172
f 169/169 182/182 186/186
f 172/172 187/187 175/175
f 172/172 186/186 187/187
f 175/175 188/188 176/176
f 175/175 187/187 188/188
f 176/176 189/189 177/177
f 176/176 188/188 189/189
f 177/177 190/190 178/178
f 177/177 189/189 190/190
f 178/178 191/191 179/179
f 178/178 190/190 191/191
f 181/181 179/179 192/192
f 192/192 179/179 191/191
f 193/193 192/192 191/191
f 194/194 193/193 191/191
f 196/196 195/195 182/182
f 197/197 196/196 182/182
f 185/185 197/197 182/182
f 198/198 195/195 196/196
f 182/182 199/199 186/186
f 182/182 195/195 199/199
f 186/186 200/200 187/187
f 186/186 199/199 200/200
f 187/187 201/201 188/188
f 187/187 200/200 201/201
f 188/188 202/202 189/189
f 188/188 201/201 202/202
f 189/189 203/203 190/190
f 189/189 202/202 203/203
f 204/204 191/191 190/190
f 205/205 204/204 190/190
f 205/205 190/190 203/203
f 206/206 205/205 203/203
f 194/194 191/191 207/207
f 207/207 191/191 204/204
f 209/209 208/208 195/195
f 210/210 209/209 195/195
f 198/198 210/210 195/195
f 211/211 208/208 209/209
f 195/195 212/212 199/199
f 195/195 208/208 212/212
f 199/199 213/213 200/200
f 199/199 212/212 213/213
f 200/200 214/214 201/201
f 200/200 213/213 214/214
f 201/201 215/215 202/202
f 201/201 214/214 215/215
f 202/202 216/216 203/203
f 202/202 215/215 216/216
f 217/217 206/206 203/203
f 218/218 217/217 203/203
f 218/218 203/203 216/216
f 219/219 218/218 216/216
f 221/221 220/220 208/208
f 211/211 221/221 208/208
f 222/222 220/220 221/221
f 208/208 223/223 212/212
f 208/208 220/220 223/223
f 212/212 224/224 213/213
f 212/212 223/223 224/224
f 213/213 225/225 214/214
f 213/213 224/224 225/225
f 214/214 226/226 215/215
f 214/214 225/225 226/226
f 215/215 227/227 216/216
f 215/215 226/226 227/227
f 228/228 219/219 216/216
f 229/229 228/228 216/216
f 229/229 216/216 227/227
f 230/230 229/229 227/227
f 232/232 231/231 220/220
f 233/233 232/232 220/220
f 222/222 233/233 220/220
f 234/234 231/231 232/232
f 220/220 235/235 223/223
f 220/220 231/231 235/235
f 223/223 236/236 224/224
f 223/223 235/235 236/236
f 224/224 237/237 225/225
f 224/224 236/236 237/237
f 225/225 238/238 226/226
f 225/225 237/237 238/238
f 226/226 239/239 227/227
f 226/226 238/238 239/239
f 230/230 227/227 240/240
f 240/240 227/227 239/239
f 241/241 240/240 239/239
f 244/244 243/243 242/242
f 245/245 244/244 242/242
f 246/246 242/242 243/243
f 248/248 247/247 231/231
f 234/234 248/248 231/231
f 245/245 242/242 247/247
f 248/248 245/245 247/247
f 231/231 249/249 235/235
f 231/231 247/247 249/249
f 235/235 250/250 236/236
f 235/235 249/249 250/250
f 236/236 251/251 237/237
f 236/236 250/250 251/251
f 237/237 252/252 238/238
f 237/237 251/251 252/252
f 238/238 253/253 239/239
f 238/238 252/252 253/253
f 241/241 239/239 254/254
f 254/254 239/239 253/253
f 255/255 254/254 253/253
f 257/257 256/256 242/242
f 258/258 257/257 242/242
f 246/246 258/258 242/242
f 259/259 256/256 257/257
f 242/242 260/260 247/247
f 242/242 256/256 260/260
f 247/247 261/261 249/249
f 247/247 260/260 261/261
f 249/249 262/262 250/250
f 249/249 261/261 262/262
f 250/250 263/263 251/251
f 250/250 262/262 263/263
f 251/251 264/264 252/252
f 251/251 263/263 264/264
f 252/252 265/265 253/253
f 252/252 264/264 265/265
f 255/255 253/253 266/266
f 266/266 253/253 265/265
f 267/267 266/266 265/265
f 269/269 268/268 256/256
f 270/270 269/269 256/256
f 259/259 270/270 256/256
f 271/271 268/268 269/269
f 256/256 272/272 260/260
f 256/256 268/268 272/272
f 260/260 273/273 261/261
f 260/260 272/272 273/273
f 261/261 274/274 262/262
f 261/261 273/273 274/274
f 262/262 275/275 263/263
f 262/262 274/274 275/275
f 263/263 276/276 264/264
f 263/263 275/275 276/276
f 277/277 265/265 264/264
f 278/278 277/277 264/264
f 278/278 264/264 276/276
f 279/279 278/278 276/276
f 267/267 265/265 280/280
f 281/281 280/280 265/265
f 277/277 281/281 265/265
f 283/283 282/282 268/268
f 284/284 283/283 268/268
f 271/271 284/284 268/268
f 285/285 282/282 283/283
f 268/268 286/286 272/272
f 268/268 282/282 286/286
f 272/272 287/287 273/273
f 272/272 286/286 287/287
f 273/273 288/288 274/274
f 273/273 287/287 288/288
f 274/274 289/289 275/275
f 274/274 288/288 289/289
f 275/275 290/290 276/276
f 275/275 289/289 290/290
f 279/279 276/276 291/291
f 291/291 276/276 290/290
f 292/292 291/291 290/290
f 294/294 293/293 282/282
f 285/285 294/294 282/282
f 295/295 293/293 294/294
f 282/282 296/296 286/286
f 282/282 293/293 296/296
f 286/286 297/297 287/287
f 286/286 296/296 297/297
f 287/287 298/298 288/288
f 287/287 297/297 298/298
f 288/288 299/299 289/289
f 288/288 298/298 299/299
f 289/289 300/300 290/290
f 289/289 299/299 300/300
f 301/301 292/292 290/290
f 302/302 301/301 290/290
f 302/302 290/290 300/300
f 303/303 302/302 300/300
f 306/306 305/305 304/304
f 307/307 305/305 306/306
f 309/309 308/308 293/293
f 310/310 309/309 293/293
f 295/295 310/310 293/293
f 304/304 305/305 308/308
f 309/309 304/304 308/308
f 293/293 311/311 296/296
f 293/293 308/308 311/311
f 296/296 312/312 297/297
f 296/296 311/311 312/312
f 297/297 313/313 298/298
f 297/297 312/312 313/313
f 298/298 314/314 299/299
f 298/298 313/313 314/314
f 299/299 315/315 300/300
f 299/299 314/314 315/315
f 303/303 300/300 316/316
f 316/316 300/300 315/315
f 317/317 316/316 315/315
f 319/319 318/318 305/305
f 320/320 319/319 305/305
f 307/307 320/320 305/305
f 321/321 318/318 319/319
f 305/305 322/322 308/308
f 305/305 318/318 322/322
f 308/308 323/323 311/311
f 308/308 322/322 323/323
f 311/311 324/324 312/312
f 311/311 323/323 324/324
f 312/312 325/325 313/313
f 312/312 324/324 325/325
f 313/313 326/326 314/314
f 313/313 325/325 326/326
f 314/314 327/327 315/315
f 314/314 326/326 327/327
f 317/317 315/315 328/328
f 328/328 315/315 327/327
f 329/329 328/328 327/327
f 331/331 330/330 318/318
f 321/321 331/331 318/318
f 333/333 332/332 330/330
f 331/331 333/333 330/330
f 318/318 334/334 322/322
f 318/318 330/330 334/334
f 322/322 335/335 323/323
f 322/322 334/334 335/335
f 323/323 336/336 324/324
f 323/323 335/335 336/336
f 324/324 337/337 325/325
f 324/324 336/336 337/337
f 325/325 338/338 326/326
f 325/325 337/337 338/338
f 326/326 339/339 327/327
f 326/326 338/338 339/339
f 340/340 329/329 327/327
f 341/341 340/340 327/327
f 341/341 327/327 339/339
f 342/342 341/341 339/339
f 344/344 343/343 330/330
f 332/332 344/344 330/330
f 345/345 343/343 344/344
f 330/330 346/346 334/334
f 330/330 343/343 346/346
f 334/334 347/347 335/335
f 334/334 346/346 347/347
f 335/335 348/348 336/336
f 335/335 347/347 348/348
f 336/336 349/349 337/337
f 336/336 348/348 349/349
f 337/337 350/350 338/338
f 337/337 349/349 350/350
f 351/351 339/339 338/338
f 352/352 351/351 338/338
f 352/352 338/338 350/350
f 353/353 352/352 350/350
f 342/342 339/339 354/354
f 354/354 339/339 351/351
f 356/356 355/355 343/343
f 345/345 356/356 343/343
f 358/358 357/357 355/355
f 356/356 358/358 355/355
f 343/343 359/359 346/346
f 343/343 355/355 359/359
f 346/346 360/360 347/347
f 346/346 359/359 360/360
f 347/347 361/361 348/348
f 347/347 360/360 361/361
f 348/348 362/362 349/349
f 348/348 361/361 362/362
f 349/349 363/363 350/350
f 349/349 362/362 363/363
f 353/353 350/350 364/364
f 364/364 350/350 363/363
f 365/365 364/364 363/363
f 367/367 366/366 355/355
f 357/357 367/367 355/355
f 368/368 366/366 367/367
f 355/355 369/369 359/359
f 355/355 366/366 369/369
f 359/359 370/370 360/360
f 359/359 369/369 370/370
f 360/360 371/371 361/361
f 360/360 370/370 371/371
f 361/361 372/372 362/362
f 361/361 371/371 372/372
f 362/362 373/373 363/363
f 362/362 372/372 373/373
f 374/374 365/365 363/363
f 375/375 374/374 363/363
f 375/375 363/363 373/373
f 376/376 375/375 373/373
f 379/379 378/378 377/377
f 380/380 378/378 379/379
f 382/382 381/381 366/366
f 368/368 382/382 366/366
f 377/377 378/378 381/381
f 382/382 377/377 381/381
f 366/366 383/383 369/369
f 366/366 381/381 383/383
f 369/369 384/384 370/370
f 369/369 383/383 384/384
f 370/370 385/385 371/371
f 370/370 384/384 385/385
f 371/371 386/386 372/372
f 371/371 385/385 386/386
f 372/372 387/387 373/373
f 372/372 386/386 387/387
f 376/376 373/373 388/388
f 388/388 373/373 387/387
f 389/389 388/388 387/387
f 390/390 389/389 387/387
f 392/392 391/391 378/378
f 380/380 392/392 378/378
f 393/393 391/391 392/392
f 378/378 394/394 381/381
f 378/378 391/391 394/394
f 381/381 395/395 383/383
f 381/381 394/394 395/395
f 383/383 396/396 384/384
f 383/383 395/395 396/396
f 384/384 397/397 385/385
f 384/384 396/396 397/397
f 385/385 398/398 386/386
f 385/385 397/397 398/398
f 386/386 399/399 387/387
f 386/386 398/398 399/399
f 390/390 387/387 400/400
f 400/400 387/387 399/399
f 401/401 400/400 399/399
f 402/402 401/401 399/399
f 404/404 403/403 391/391
f 393/393 404/404 391/391
f 406/406 405/405 403/403
f 404/404 406/406 403/403
f 391/391 407/407 394/394
f 391/391 403/403 407/407
f 394/394 408/408 395/395
f 394/394 407/407 408/408
f 395/395 409/409 396/396
f 395/395 408/408 409/409
f 396/396 410/410 397/397
f 396/396 409/409 410/410
f 397/397 411/411 398/398
f 397/397 410/410 411/411
f 412/412 399/399 398/398
f 413/413 412/412 398/398
f 413/413 398/398 411/411
f 414/414 413/413 411/411
f 402/402 399/399 415/415
f 415/415 399/399 412/412
f 417/417 416/416 403/403
f 405/405 417/417 403/403
f 419/419 418/418 416/416
f 417/417 419/419 416/416
f 403/403 420/420 407/407
f 403/403 416/416 420/420
f 407/407 421/421 408/408
f 407/407 420/420 421/421
f 408/408 422/422 409/409
f 408/408 421/421 422/422
f 409/409 423/423 410/410
f 409/409 422/422 423/423
f 410/410 424/424 411/411
f 410/410 423/423 424/424
f 414/414 411/411 425/425
f 425/425 411/411 424/424
f 426/426 425/425 424/424
f 427/427 426/426 424/424
f 429/429 428/428 416/416
f 418/418 429/429 416/416
f 430/430 428/428 429/429
f 416/416 431/431 420/420
f 416/416 428/428 431/431
f 420/420 432/432 421/421
f 420/420 431/431 432/432
f 421/421 433/433 422/422
f 421/421 432/432 433/433
f 422/422 434/434 423/423
f 422/422 433/433 434/434
f 423/423 435/435 424/424
f 423/423 434/434 435/435
f 427/427 424/424 436/436
f 436/436 424/424 435/435
f 437/437 436/436 435/435
f 438/438 437/437 435/435
f 440/440 439/439 428/428
f 430/430 440/440 428/428
f 441/441 439/439 440/440
f 428/428 442/442 431/431
f 428/428 439/439 442/442
f 431/431 443/443 432/432
f 431/431 442/442 443/443
f 432/432 444/444 433/433
f 432/432 443/443 444/444
f 433/433 445/445 434/434
f 433/433 444/444 445/445
f 434/434 446/446 435/435
f 434/434 445/445 446/446
f 438/438 435/435 447/447
f 447/447 435/435 446/446
f 448/448 447/447 446/446
f 449/449 448/448 446/446
f 452/452 451/451 450/450
f 453/453 451/451 452/452
f 455/455 454/454 439/439
f 441/441 455/455 439/439
f 450/450 451/451 454/454
f 455/455 450/450 454/454
f 439/439 456/456 442/442
f 439/439 454/454 456/456
f 442/442 457/457 443/443
f 442/442 456/456 457/457
f 443/443 458/458 444/444
f 443/443 457/457 458/458
f 444/444 459/459 445/445
f 444/444 458/458 459/459
f 445/445 460/460 446/446
f 445/445 459/459 460/460
f 449/449 446/446 461/461
f 461/461 446/446 460/460
f 462/462 461/461 460/460
f 463/463 462/462 460/460
f 465/465 464/464 451/451
f 453/453 465/465 451/451
f 467/467 466/466 464/464
f 465/465 467/467 464/464
f 451/451 468/468 454/454
f 451/451 464/464 468/468
f 454/454 469/469 456/456
f 454/454 468/468 469/469
f 456/456 470/470 457/457
f 456/456 469/469 470/470
f 457/457 471/471 458/458
f 457/457 470/470 471/471
f 458/458 472/472 459/459
f 458/458 471/471 472/472
f 459/459 473/473 460/460
f 459/459 472/472 473/473
f 463/463 460/460 474/474
f 474/474 460/460 473/473
f 475/475 474/474 473/473
f 477/477 476/476 464/464
f 466/466 477/477 464/464
f 479/479 478/478 476/476
f 477/477 479/479 476/476
f 464/464 480/480 468/468
f 464/464 476/476 480/480
f 468/468 481/481 469/469
f 468/468 480/480 481/481
f 469/469 482/482 470/470
f 469/469 481/481 482/482
f 470/470 483/483 471/471
f 470/470 482/482 483/483
f 471/471 484/484 472/472
f 471/471 483/483 484/484
f 485/485 473/473 472/472
f 486/486 485/485 472/472
f 487/487 486/486 472/472
f 487/487 472/472 484/484
f 488/488 487/487 484/484
f 475/475 473/473 489/489
f 489/489 473/473 485/485
f 491/491 490/490 476/476
f 478/478 491/491 476/476
f 492/492 490/490 491/491
f 476/476 493/493 480/480
f 476/476 490/490 493/493
f 480/480 494/494 481/481
f 480/480 493/493 494/494
f 481/481 495/495 482/482
f 481/481 494/494 495/495
f 482/482 496/496 483/483
f 482/482 495/495 496/496
f 483/483 497/497 484/484
f 483/483 496/496 497/497
f 488/488 484/484 498/498
f 498/498 484/484 497/497
f 499/499 498/498 497/497
f 500/500 499/499 497/497
f 502/502 501/501 490/490
f 492/492 502/502 490/490
f 504/504 503/503 501/501
f 502/502 504/504 501/501
f 490/490 505/505 493/493
f 490/490 501/501 505/505
f 493/493 506/506 494/494
f 493/493 505/505 506/506
f 494/494 507/507 495/495
f 494/494 506/506 507/507
f 495/495 508/508 496/496
f 495/495 507/507 508/508
f 496/496 509/509 497/497
f 496/496 508/508 509/509
f 500/500 497/497 510/510
f 510/510 497/497 509/509
f 511/511 510/510 509/509
f 512/512 511/511 509/509
f 514/514 513/513 501/501
f 503/503 514/514 501/501
f 515/515 513/513 514/514
f 501/501 516/516 505/505
f 501/501 513/513 516/516
f 505/505 517/517 506/506
f 505/505 516/516 517/517
f 506/506 518/518 507/507
f 506/506 517/517 518/518
f 507/507 519/519 508/508
f 507/507 518/518 519/519
f 508/508 520/520 509/509
f 508/508 519/519 520/520
f 512/512 509/509 521/521
f 521/521 509/509 520/520
f 522/522 521/521 520/520
f 523/523 522/522 520/520
f 526/526 525/525 524/524
f 527/527 525/525 526/526
f 529/529 528/528 513/513
f 515/515 529/529 513/513
f 524/524 525/525 528/528
f 529/529 524/524 528/528
f 513/513 530/530 516/516
f 513/513 528/528 530/530
f 516/516 531/531 517/517
f 516/516 530/530 531/531
f 517/517 532/532 518/518
f 517/517 531/531 532/532
f 518/518 533/533 519/519
f 518/518 532/532 533/533
f 519/519 534/534 520/520
f 519/519 533/533 534/534
f 523/523 520/520 535/535
f 535/535 520/520 534/534
f 536/536 535/535 534/534
f 537/537 536/536 534/534
f 539/539 538/538 525/525
f 540/540 539/539 525/525
f 527/527 540/540 525/525
f 541/541 538/538 539/539
f 525/525 542/542 528/528
f 525/525 538/538 542/542
f 528/528 543/543 530/530
f 528/528 542/542 543/543
f 530/530 544/544 531/531
f 530/530 543/543 544/544
f 531/531 545/545 532/532
f 531/531 544/544 545/545
f 532/532 546/546 533/533
f 532/532 545/545 546/546
f 533/533 547/547 534/534
f 533/533 546/546 547/547
f 537/537 534/534 548/548
f 548/548 534/534 547/547
f 549/549 548/548 547/547
f 551/551 550/550 538/538
f 541/541 551/551 538/538
f 552/552 550/550 551/551
f 538/538 553/553 542/542
f 538/538 550/550 553/553
f 542/542 554/554 543/543
f 542/542 553/553 554/554
f 543/543 555/555 544/544
f 543/543 554/554 555/555
f 544/544 556/556 545/545
f 544/544 555/555 556/556
f 545/545 557/557 546/546
f 545/545 556/556 557/557
f 558/558 547/547 546/546
f 559/559 558/558 546/546
f 560/560 559/559 546/546
f 560/560 546/546 557/557
f 561/561 560/560 557/557
f 549/549 547/547 562/562
f 562/562 547/547 558/558
f 564/564 563/563 550/550
f 552/552 564/564 550/550
f 565/565 563/563 564/564
f 550/550 566/566 553/553
f 550/550 563/563 566/566
f 553/553 567/567 554/554
f 553/553 566/566 567/567
f 554/554 568/568 555/555
f 554/554 567/567 568/568
f 555/555 569/569 556/556
f 555/555 568/568 569/569
f 556/556 570/570 557/557
f 556/556 569/569 570/570
f 571/571 561/561 557/557
f 572/572 571/571 557/557
f 572/572 557/557 570/570
f 573/573 572/572 570/570
f 575/575 574/574 563/563
f 565/565 575/575 563/563
f 577/577 576/576 574/574
f 575/575 577/577 574/574
f 563/563 578/578 566/566
f 563/563 574/574 578/578
f 566/566 579/579 567/567
f 566/566 578/578 579/579
f 567/567 580/580 568/568
f 567/567 579/579 580/580
f 568/568 581/581 569/569
f 568/568 580/580 581/581
f 569/569 582/582 570/570
f 569/569 581/581 582/582
f 573/573 570/570 583/583
f 583/583 570/570 582/582
f 584/584 583/583 582/582
f 587/587 586/586 585/585
f 588/588 586/586 587/587
f 590/590 589/589 574/574
f 576/576 590/590 574/574
f 585/585 586/586 589/589
f 591/591 585/585 589/589
f 590/590 591/591 589/589
f 574/574 592/592 578/578
f 574/574 589/589 592/592
f 578/578 593/593 579/579
f 578/578 592/592 593/593
f 579/579 594/594 580/580
f 579/579 593/593 594/594
f 580/580 595/595 581/581
f 580/580 594/594 595/595
f 581/581 596/596 582/582
f 581/581 595/595 596/596
f 584/584 582/582 597/597
f 597/597 582/582 596/596
f 598/598 597/597 596/596
f 599/599 598/598 596/596
f 601/601 600/600 586/586
f 602/602 601/601 586/586
f 588/588 602/602 586/586
f 603/603 600/600 601/601
f 586/586 604/604 589/589
f 586/586 600/600 604/604
f 589/589 605/605 592/592
f 589/589 604/604 605/605
f 592/592 606/606 593/593
f 592/592 605/605 606/606
f 593/593 607/607 594/594
f 593/593 606/606 607/607
f 594/594 608/608 595/595
f 594/594 607/607 608/608
f 595/595 609/609 596/596
f 595/595 608/608 609/609
f 599/599 596/596 610/610
f 610/610 596/596 609/609
f 611/611 610/610 609/609
f 612/612 611/611 609/609
f 614/614 613/613 600/600
f 615/615 614/614 600/600
f 603/603 615/615 600/600
f 616/616 613/613 614/614
f 600/600 617/617 604/604
f 600/600 613/613 617/617
f 604/604 618/618 605/605
f 604/604 617/617 618/618
f 605/605 619/619 606/606
f 605/605 618/618 619/619
f 606/606 620/620 607/607
f 606/606 619/619 620/620
f 607/607 621/621 608/608
f 607/607 620/620 621/621
f 608/608 622/622 609/609
f 608/608 621/621 622/622
f 612/612 609/609 623/623
f 623/623 609/609 622/622
f 624/624 623/623 622/622
f 625/625 624/624 622/622
f 627/627 626/626 613/613
f 616/616 627/627 613/613
f 628/628 626/626 627/627
f 613/613 629/629 617/617
f 613/613 626/626 629/629
f 617/617 630/630 618/618
f 617/617 629/629 630/630
f 618/618 631/631 619/619
f 618/618 630/630 631/631
f 619/619 632/632 620/620
f 619/619 631/631 632/632
f 620/620 633/633 621/621
f 620/620 632/632 633/633
f 634/634 622/622 621/621
f 635/635 634/634 621/621
f 636/636 635/635 621/621
f 636/636 621/621 633/633
f 637/637 636/636 633/633
f 625/625 622/622 638/638
f 638/638 622/622 634/634
f 640/640 639/639 626/626
f 628/628 640/640 626/626
f 642/642 641/641 639/639
f 640/640 642/642 639/639
f 626/626 643/643 629/629
f 626/626 639/639 643/643
f 629/629 644/644 630/630
f 629/629 643/643 644/644
f 630/630 645/645 631/631
f 630/630 644/644 645/645
f 631/631 646/646 632/632
f 631/631 645/645 646/646
f 632/632 647/647 633/633
f 632/632 646/646 647/647
f 648/648 637/637 633/633
f 649/649 648/648 633/633
f 649/649 633/633 647/647
f 650/650 649/649 647/647
f 652/652 651/651 639/639
f 641/641 652/652 639/639
f 654/654 653/653 651/651
f 652/652 654/654 651/651
f 639/639 655/655 643/643
f 639/639 651/651 655/655
f 643/643 656/656 644/644
f 643/643 655/655 656/656
f 644/644 657/657 645/645
f 644/644 656/656 657/657
f 645/645 658/658 646/646
f 645/645 657/657 658/658
f 646/646 659/659 647/647
f 646/646 658/658 659/659
f 650/650 647/647 660/660
f 660/660 647/647 659/659
f 661/661 660/660 659/659
f 662/662 661/661 659/659
f 663/663 662/662 659/659
f 666/666 665/665 664/664
f 667/667 666/666 664/664
f 668/668 664/664 665/665
f 670/670 669/669 651/651
f 653/653 670/670 651/651
f 667/667 664/664 669/669
f 670/670 667/667 669/669
f 651/651 671/671 655/655
f 651/651 669/669 671/671
f 655/655 672/672 656/656
f 655/655 671/671 672/672
f 656/656 673/673 657/657
f 656/656 672/672 673/673
f 657/657 674/674 658/658
f 657/657 673/673 674/674
f 658/658 675/675 659/659
f 658/658 674/674 675/675
f 663/663 659/659 676/676
f 676/676 659/659 675/675
f 677/677 676/676 675/675
f 678/678 677/677 675/675
f 679/679 678/678 675/675
f 681/681 680/680 664/664
f 682/682 681/681 664/664
f 668/668 682/682 664/664
f 683/683 680/680 681/681
f 664/664 684/684 669/669
f 664/664 680/680 684/684
f 669/669 685/685 671/671
f 669/669 684/684 685/685
f 671/671 686/686 672/672
f 671/671 685/685 686/686
f 672/672 687/687 673/673
f 672/672 686/686 687/687
f 673/673 688/688 674/674
f 673/673 687/687 688/688
f 674/674 689/689 675/675
f 674/674 688/688 689/689
f 679/679 675/675 690/690
f 690/690 675/675 689/689
f 691/691 690/690 689/689
f 692/692 691/691 689/689
f 694/694 693/693 680/680
f 683/683 694/694 680/680
f 695/695 693/693 694/694
f 680/680 696/696 684/684
f 680/680 693/693 696/696
f 684/684 697/697 685/685
f 684/684 696/696 697/697
f 685/685 698/698 686/686
f 685/685 697/697 698/698
f 686/686 699/699 687/687
f 686/686 698/698 699/699
f 687/687 700/700 688/688
f 687/687 699/699 700/700
f 701/701 689/689 688/688
f 702/702 701/701 688/688
f 703/703 702/702 688/688
f 703/703 688/688 700/700
f 704/704 703/703 700/700
f 692/692 689/689 705/705
f 705/705 689/689 701/701
f 707/707 706/706 693/693
f 695/695 707/707 693/693
f 708/708 706/706 707/707
f 693/693 709/709 696/696
f 693/693 706/706 709/709
f 696/696 710/710 697/697
f 696/696 709/709 710/710
f 697/697 711/711 698/698
f 697/697 710/710 711/711
f 698/698 712/712 699/699
f 698/698 711/711 712/712
f 699/699 713/713 700/700
f 699/699 712/712 713/713
f 704/704 700/700 714/714
f 714/714 700/700 713/713
f 715/715 714/714 713/713
f 718/718 717/717 716/716
f 719/719 717/717 718/718
f 721/721 720/720 706/706
f 708/708 721/721 706/706
f 716/716 717/717 720/720
f 722/722 716/716 720/720
f 721/721 722/722 720/720
f 706/706 723/723 709/709
f 706/706 720/720 723/723
f 709/709 724/724 710/710
f 709/709 723/723 724/724
f 710/710 725/725 711/711
f 710/710 724/724 725/725
f 711/711 726/726 712/712
f 711/711 725/725 726/726
f 712/712 727/727 713/713
f 712/712 726/726 727/727
f 715/715 713/713 728/728
f 728/728 713/713 727/727
f 729/729 728/728 727/727
f 731/731 730/730 717/717
f 732/732 731/731 717/717
f 719/719 732/732 717/717
f 733/733 730/730 731/731
f 717/717 734/734 720/720
f 717/717 730/730 734/734
f 720/720 735/735 723/723
f 720/720 734/734 735/735
f 723/723 736/736 724/724
f 723/723 735/735 736/736
f 724/724 737/737 725/725
f 724/724 736/736 737/737
f 725/725 738/738 726/726
f 725/725 737/737 738/738
f 726/726 739/739 727/727
f 726/726 738/738 739/739
f 729/729 727/727 740/740
f 740/740 727/727 739/739
f 741/741 740/740 739/739
f 742/742 741/741 739/739
f 744/744 743/743 730/730
f 733/733 744/744 730/730
f 745/745 743/743 744/744
f 730/730 746/746 734/734
f 730/730 743/743 746/746
f 734/734 747/747 735/735
f 734/734 746/746 747/747
f 735/735 748/748 736/736
f 735/735 747/747 748/748
f 736/736 749/749 737/737
f 736/736 748/748 749/749
f 737/737 750/750 738/738
f 737/737 749/749 750/750
f 751/751 739/739 738/738
f 752/752 751/751 738/738
f 753/753 752/752 738/738
f 753/753 738/738 750/750
f 754/754 753/753 750/750
f 742/742 739/739 755/755
f 755/755 739/739 751/751
f 757/757 756/756 743/743
f 758/758 757/757 743/743
f 745/745 758/758 743/743
f 759/759 756/756 757/757
f 743/743 760/760 746/746
f 743/743 756/756 760/760
f 746/746 761/761 747/747
f 746/746 760/760 761/761
f 747/747 762/762 748/748
f 747/747 761/761 762/762
f 748/748 763/763 749/749
f 748/748 762/762 763/763
f 749/749 764/764 750/750
f 749/749 763/763 764/764
f 754/754 750/750 765/765
f 765/765 750/750 764/764
f 766/766 765/765 764/764
f 769/769 768/768 767/767
f 770/770 768/768 769/769
f 772/772 771/771 756/756
f 773/773 772/772 756/756
f 759/759 773/773 756/756
f 767/767 768/768 771/771
f 772/772 767/767 771/771
f 756/756 774/774 760/760
f 756/756 771/771 774/774
f 760/760 775/775 761/761
f 760/760 774/774 775/775
f 761/761 776/776 762/762
f 761/761 775/775 776/776
f 762/762 777/777 763/763
f 762/762 776/776 777/777
f 763/763 778/778 764/764
f 763/763 777/777 778/778
f 766/766 764/764 779/779
f 779/779 764/764 778/778
f 780/780 779/779 778/778
f 781/781 780/780 778/778
f 783/783 782/782 768/768
f 770/770 783/783 768/768
f 784/784 782/782 783/783
f 768/768 785/785 771/771
f 768/768 782/782 785/785
f 771/771 786/786 774/774
f 771/771 785/785 786/786
f 774/774 787/787 775/775
f 774/774 786/786 787/787
f 775/775 788/788 776/776
f 775/775 787/787 788/788
f 776/776 789/789 777/777
f 776/776 788/788 789/789
f 777/777 790/790 778/778
f 777/777 789/789 790/790
f 781/781 778/778 791/791
f 791/791 778/778 790/790
f 792/792 791/791 790/790
f 793/793 792/792 790/790
f 795/795 794/794 782/782
f 784/784 795/795 782/782
f 796/796 794/794 795/795
f 782/782 797/797 785/785
f 782/782 794/794 797/797
f 785/785 798/798 786/786
f 785/785 797/797 798/798
f 786/786 799/799 787/787
f 786/786 798/798 799/799
f 787/787 800/800 788/788
f 787/787 799/799 800/800
f 788/788 801/801 789/789
f 788/788 800/800 801/801
f 802/802 790/790 789/789
f 803/803 802/802 789/789
f 803/803 789/789 801/801
f 804/804 803/803 801/801
f 793/793 790/790 805/805
f 805/805 790/790 802/802
f 807/807 806/806 794/794
f 808/808 807/807 794/794
f 796/796 808/808 794/794
f 809/809 806/806 807/807
f 794/794 810/810 797/797
f 794/794 806/806 810/810
f 797/797 811/811 798/798
f 797/797 810/810 811/811
f 798/798 812/812 799/799
f 798/798 811/811 812/812
f 799/799 813/813 800/800
f 799/799 812/812 813/813
f 800/800 814/814 801/801
f 800/800 813/813 814/814
f 804/804 801/801 815/815
f 815/815 801/801 814/814
f 816/816 815/815 814/814
f 819/819 818/818 817/817
f 820/820 818/818 819/819
f 822/822 821/821 806/806
f 809/809 822/822 806/806
f 817/817 818/818 821/821
f 822/822 817/817 821/821
f 806/806 823/823 810/810
f 806/806 821/821 823/823
f 810/810 824/824 811/811
f 810/810 823/823 824/824
f 811/811 825/825 812/812
f 811/811 824/824 825/825
f 812/812 826/826 813/813
f 812/812 825/825 826/826
f 813/813 827/827 814/814
f 813/813 826/826 827/827
f 816/816 814/814 828/828
f 828/828 814/814 827/827
f 829/829 828/828 827/827
f 831/831 830/830 818/818
f 820/820 831/831 818/818
f 832/832 830/830 831/831
f 818/818 833/833 821/821
f 818/818 830/830 833/833
f 821/821 834/834 823/823
f 821/821 833/833 834/834
f 823/823 835/835 824/824
f 823/823 834/834 835/835
f 824/824 836/836 825/825
f 824/824 835/835 836/836
f 825/825 837/837 826/826
f 825/825 836/836 837/837
f 826/826 838/838 827/827
f 826/826 837/837 838/838
f 829/829 827/827 839/839
f 839/839 827/827 838/838
f 840/840 839/839 838/838
f 841/841 840/840 838/838
f 843/843 842/842 830/830
f 832/832 843/843 830/830
f 845/845 844/844 842/842
f 843/843 845/845 842/842
f 830/830 846/846 833/833
f 830/830 842/842 846/846
f 833/833 847/847 834/834
f 833/833 846/846 847/847
f 834/834 848/848 835/835
f 834/834 847/847 848/848
f 835/835 849/849 836/836
f 835/835 848/848 849/849
f 836/836 850/850 837/837
f 836/836 849/849 850/850
f 837/837 851/851 838/838
f 837/837 850/850 851/851
f 841/841 838/838 852/852
f 852/852 838/838 851/851
f 853/853 852/852 851/851
f 855/855 854/854 842/842
f 844/844 855/855 842/842
f 856/856 854/854 855/855
f 842/842 857/857 846/846
f 842/842 854/854 857/857
f 846/846 858/858 847/847
f 846/846 857/857 858/858
f 847/847 859/859 848/848
f 847/847 858/858 859/859
f 848/848 860/860 849/849
f 848/848 859/859 860/860
f 849/849 861/861 850/850
f 849/849 860/860 861/861
f 862/862 851/851 850/850
f 863/863 862/862 850/850
f 863/863 850/850 861/861
f 864/864 863/863 861/861
f 853/853 851/851 865/865
f 865/865 851/851 862/862
f 867/867 866/866 854/854
f 856/856 867/867 854/854
f 868/868 866/866 867/867
f 854/854 869/869 857/857
f 854/854 866/866 869/869
f 857/857 870/870 858/858
f 857/857 869/869 870/870
f 858/858 871/871 859/859
f 858/858 870/870 871/871
f 859/859 872/872 860/860
f 859/859 871/871 872/872
f 860/860 873/873 861/861
f 860/860 872/872 873/873
f 864/864 861/861 874/874
f 874/874 861/861 873/873
f 875/875 874/874 873/873
f 878/878 877/877 876/876
f 879/879 878/878 876/876
f 880/880 876/876 877/877
f 882/882 881/881 866/866
f 868/868 882/882 866/866
f 879/879 876/876 881/881
f 882/882 879/879 881/881
f 866/866 883/883 869/869
f 866/866 881/881 883/883
f 869/869 884/884 870/870
f 869/869 883/883 884/884
f 870/870 885/885 871/871
f 870/870 884/884 885/885
f 871/871 886/886 872/872
f 871/871 885/885 886/886
f 872/872 887/887 873/873
f 872/872 886/886 887/887
f 888/888 875/875 873/873
f 889/889 888/888 873/873
f 889/889 873/873 887/887
f 890/890 889/889 887/887
f 892/892 891/891 876/876
f 880/880 892/892 876/876
f 893/893 891/891 892/892
f 876/876 894/894 881/881
f 876/876 891/891 894/894
f 881/881 895/895 883/883
f 881/881 894/894 895/895
f 883/883 896/896 884/884
f 883/883 895/895 896/896
f 884/884 897/897 885/885
f 884/884 896/896 897/897
f 885/885 898/898 886/886
f 885/885 897/897 898/898
f 886/886 899/899 887/887
f 886/886 898/898 899/899
f 890/890 887/887 900/900
f 900/900 887/887 899/899
f 901/901 900/900 899/899
f 903/903 902/902 891/891
f 893/893 903/903 891/891
f 904/904 902/902 903/903
f 891/891 905/905 894/894
f 891/891 902/902 905/905
f 894/894 906/906 895/895
f 894/894 905/905 906/906
f 895/895 907/907 896/896
f 895/895 906/906 907/907
f 896/896 908/908 897/897
f 896/896 907/907 908/908
f 897/897 909/909 898/898
f 897/897 908/908 909/909
f 910/910 899/899 898/898
f 911/911 910/910 898/898
f 911/911 898/898 909/909
f 912/912 911/911 909/909
f 901/901 899/899 913/913
f 913/913 899/899 910/910
f 915/915 914/914 902/902
f 904/904 915/915 902/902
f 916/916 914/914 915/915
f 902/902 917/917 905/905
f 902/902 914/914 917/917
f 905/905 918/918 906/906
f 905/905 917/917 918/918
f 906/906 919/919 907/907
f 906/906 918/918 919/919
f 907/907 920/920 908/908
f 907/907 919/919 920/920
f 908/908 921/921 909/909
f 908/908 920/920 921/921
f 922/922 912/912 909/909
f 923/923 922/922 909/909
f 923/923 909/909 921/921
f 924/924 923/923 921/921
f 927/927 926/926 925/925
f 928/928 927/927 925/925
f 929/929 925/925 926/926
f 931/931 930/930 914/914
f 916/916 931/931 914/914
f 928/928 925/925 930/930
f 931/931 928/928 930/930
f 914/914 932/932 917/917
f 914/914 930/930 932/932
f 917/917 933/933 918/918
f 917/917 932/932 933/933
f 918/918 934/934 919/919
f 918/918 933/933 934/934
f 919/919 935/935 920/920
f 919/919 934/934 935/935
f 920/920 936/936 921/921
f 920/920 935/935 936/936
f 924/924 921/921 937/937
f 937/937 921/921 936/936
f 938/938 937/937 936/936
f 940/940 939/939 925/925
f 941/941 940/940 925/925
f 929/929 941/941 925/925
f 942/942 939/939 940/940
f 925/925 943/943 930/930
f 925/925 939/939 943/943
f 930/930 944/944 932/932
f 930/930 943/943 944/944
f 932/932 945/945 933/933
f 932/932 944/944 945/945
f 933/933 946/946 934/934
f 933/933 945/945 946/946
f 934/934 947/947 935/935
f 934/934 946/946 947/947
f 935/935 948/948 936/936
f 935/935 947/947 948/948
f 938/938 936/936 949/949
f 949/949 936/936 948/948
f 950/950 949/949 948/948
f 952/952 951/951 939/939
f 942/942 952/952 939/939
f 953/953 951/951 952/952
f 939/939 954/954 943/943
f 939/939 951/951 954/954
f 943/943 955/955 944/944
f 943/943 954/954 955/955
f 944/944 956/956 945/945
f 944/944 955/955 956/956
f 945/945 957/957 946/946
f 945/945 956/956 957/957
f 946/946 958/958 947/947
f 946/946 957/957 958/958
f 959/959 948/948 947/947
f 960/960 959/959 947/947
f 960/960 947/947 958/958
f 961/961 960/960 958/958
f 950/950 948/948 962/962
f 962/962 948/948 959/959
f 964/964 963/963 951/951
f 953/953 964/964 951/951
f 965/965 963/963 964/964
f 951/951 966/966 954/954
f 951/951 963/963 966/966
f 954/954 967/967 955/955
f 954/954 966/966 967/967
f 955/955 968/968 956/956
f 955/955 967/967 968/968
f 956/956 969/969 957/957
f 956/956 968/968 969/969
f 957/957 970/970 958/958
f 957/957 969/969 970/970
f 971/971 961/961 958/958
f 972/972 971/971 958/958
f 972/972 958/958 970/970
f 973/973 972/972 970/970
f 976/976 975/975 974/974
f 977/977 975/975 976/976
f 979/979 978/978 963/963
f 965/965 979/979 963/963
f 974/974 975/975 978/978
f 980/980 974/974 978/978
f 979/979 980/980 978/978
f 963/963 981/981 966/966
f 963/963 978/978 981/981
f 966/966 982/982 967/967
f 966/966 981/981 982/982
f 967/967 983/983 968/968
f 967/967 982/982 983/983
f 968/968 984/984 969/969
f 968/968 983/983 984/984
f 969/969 985/985 970/970
f 969/969 984/984 985/985
f 973/973 970/970 986/986
f 986/986 970/970 985/985
f 987/987 986/986 985/985
f 989/989 988/988 975/975
f 990/990 989/989 975/975
f 977/977 990/990 975/975
f 991/991 988/988 989/989
f 975/975 992/992 978/978
f 975/975 988/988 992/992
f 978/978 993/993 981/981
f 978/978 992/992 993/993
f 981/981 994/994 982/982
f 981/981 993/993 994/994
f 982/982 995/995 983/983
f 982/982 994/994 995/995
f 983/983 996/996 984/984
f 983/983 995/995 996/996
f 984/984 997/997 985/985
f 984/984 996/996 997/997
f 987/987 985/985 998/998
f 998/998 985/985 997/997
f 999/999 998/998 997/997
f 1001/1001 1000/1000 988/988
f 991/991 1001/1001 988/988
f 1002/1002 1000/1000 1001/1001
f 988/988 1003/1003 992/992
f 988/988 1000/1000 1003/1003
f 992/992 1004/1004 993/993
f 992/992 1003/1003 1004/1004
f 993/993 1005/1005 994/994
f 993/993 1004/1004 1005/1005
f 994/994 1006/1006 995/995
f 994/994 1005/1005 1006/1006
f 995/995 1007/1007 996/996
f 995/995 1006/1006 1007/1007
f 1008/1008 997/997 996/996
f 1009/1009 1008/1008 996/996
f 1009/1009 996/996 1007/1007
f 1010/1010 1009/1009 1007/1007
f 999/999 997/997 1011/1011
f 1011/1011 997/997 1008/1008
f 1013/1013 1012/1012 1000/1000
f 1002/1002 1013/1013 1000/1000
f 1015/1015 1014/1014 1012/1012
f 1013/1013 1015/1015 1012/1012
f 1000/1000 1016/1016 1003/1003
f 1000/1000 1012/1012 1016/1016
f 1003/1003 1017/1017 1004/1004
f 1003/1003 1016/1016 1017/1017
f 1004/1004 1018/1018 1005/1005
f 1004/1004 1017/1017 1018/1018
f 1005/1005 1019/1019 1006/1006
f 1005/1005 1018/1018 1019/1019
f 1006/1006 1020/1020 1007/1007
f 1006/1006 1019/1019 1020/1020
f 1021/1021 1010/1010 1007/1007
f 1022/1022 1021/1021 1007/1007
f 1022/1022 1007/1007 1020/1020
f 1023/1023 1022/1022 1020/1020
f 1025/1025 1024/1024 1012/1012
f 1014/1014 1025/1025 1012/1012
f 1026/1026 1024/1024 1025/1025
f 1012/1012 1027/1027 1016/1016
f 1012/1012 1024/1024 1027/1027
f 1016/1016 1028/1028 1017/1017
f 1016/1016 1027/1027 1028/1028
f 1017/1017 1029/1029 1018/1018
f 1017/1017 1028/1028 1029/1029
f 1018/1018 1030/1030 1019/1019
f 1018/1018 1029/1029 1030/1030
f 1019/1019 1031/1031 1020/1020
f 1019/1019 1030/1030 1031/1031
f 1023/1023 1020/1020 1032/1032
f 1032/1032 1020/1020 1031/1031
f 1033/1033 1032/1032 1031/1031
f 1034/1034 1033/1033 1031/1031
f 1037/1037 1036/1036 1035/1035
f 1038/1038 1036/1036 1037/1037
f 1040/1040 1039/1039 1024/1024
f 1026/1026 1040/1040 1024/1024
f 1035/1035 1036/1036 1039/1039
f 1040/1040 1035/1035 1039/1039
f 1024/1024 1041/1041 1027/1027
f 1024/1024 1039/1039 1041/1041
f 1027/1027 1042/1042 1028/1028
f 1027/1027 1041/1041 1042/1042
f 1028/1028 1043/1043 1029/1029
f 1028/1028 1042/1042 1043/1043
f 1029/1029 1044/1044 1030/1030
f 1029/1029 1043/1043 1044/1044
f 1030/1030 1045/1045 1031/1031
f 1030/1030 1044/1044 1045/1045
f 1034/1034 1031/1031 1046/1046
f 1046/1046 1031/1031 1045/1045
f 1047/1047 1046/1046 1045/1045
f 1048/1048 1047/1047 1045/1045
f 1050/1050 1049/1049 1036/1036
f 1038/1038 1050/1050 1036/1036
f 1051/1051 1049/1049 1050/1050
f 1036/1036 1052/1052 1039/1039
f 1036/1036 1049/1049 1052/1052
f 1039/1039 1053/1053 1041/1041
f 1039/1039 1052/1052 1053/1053
f 1041/1041 1054/1054 1042/1042
f 1041/1041 1053/1053 1054/1054
f 1042/1042 1055/1055 1043/1043
f 1042/1042 1054/1054 1055/1055
f 1043/1043 1056/1056 1044/1044
f 1043/1043 1055/1055 1056/1056
f 1044/1044 1057/1057 1045/1045
f 1044/1044 1056/1056 1057/1057
f 1048/1048 1045/1045 1058/1058
f 1058/1058 1045/1045 1057/1057
f 1059/1059 1058/1058 1057/1057
f 1061/1061 1060/1060 1049/1049
f 1062/1062 1061/1061 1049/1049
f 1051/1051 1062/1062 1049/1049
f 1063/1063 1060/1060 1061/1061
f 1049/1049 1064/1064 1052/1052
f 1049/1049 1060/1060 1064/1064
f 1052/1052 1065/1065 1053/1053
f 1052/1052 1064/1064 1065/1065
f 1053/1053 1066/1066 1054/1054
f 1053/1053 1065/1065 1066/1066
f 1054/1054 1067/1067 1055/1055
f 1054/1054 1066/1066 1067/1067
f 1055/1055 1068/1068 1056/1056
f 1055/1055 1067/1067 1068/1068
f 1069/1069 1057/1057 1056/1056
f 1070/1070 1069/1069 1056/1056
f 1070/1070 1056/1056 1068/1068
f 1071/1071 1070/1070 1068/1068
f 1059/1059 1057/1057 1072/1072
f 1072/1072 1057/1057 1069/1069
f 1074/1074 1073/1073 1060/1060
f 1063/1063 1074/1074 1060/1060
f 1075/1075 1073/1073 1074/1074
f 1060/1060 1076/1076 1064/1064
f 1060/1060 1073/1073 1076/1076
f 1064/1064 1077/1077 1065/1065
f 1064/1064 1076/1076 1077/1077
f 1065/1065 1078/1078 1066/1066
f 1065/1065 1077/1077 1078/1078
f 1066/1066 1079/1079 1067/1067
f 1066/1066 1078/1078 1079/1079
f 1067/1067 1080/1080 1068/1068
f 1067/1067 1079/1079 1080/1080
f 1071/1071 1068/1068 1081/1081
f 1081/1081 1068/1068 1080/1080
f 1082/1082 1081/1081 1080/1080
f 1083/1083 1082/1082 1080/1080
f 1086/1086 1085/1085 1084/1084
f 1087/1087 1085/1085 1086/1086
f 1089/1089 1088/1088 1073/1073
f 1075/1075 1089/1089 1073/1073
f 1084/1084 1085/1085 1088/1088
f 1089/1089 1084/1084 1088/1088
f 1073/1073 1090/1090 1076/1076
f 1073/1073 1088/1088 1090/1090
f 1076/1076 1091/1091 1077/1077
f 1076/1076 1090/1090 1091/1091
f 1077/1077 1092/1092 1078/1078
f 1077/1077 1091/1091 1092/1092
f 1078/1078 1093/1093 1079/1079
f 1078/1078 1092/1092 1093/1093
f 1079/1079 1094/1094 1080/1080
f 1079/1079 1093/1093 1094/1094
f 1083/1083 1080/1080 1095/1095
f 1095/1095 1080/1080 1094/1094
f 1096/1096 1095/1095 1094/1094
f 1097/1097 1096/1096 1094/1094
f 1099/1099 1098/1098 1085/1085
f 1087/1087 1099/1099 1085/1085
f 1100/1100 1098/1098 1099/1099
f 1085/1085 1101/1101 1088/1088
f 1085/1085 1098/1098 1101/1101
f 1088/1088 1102/1102 1090/1090
f 1088/1088 1101/1101 1102/1102
f 1090/1090 1103/1103 1091/1091
f 1090/1090 1102/1102 1103/1103
f 1091/1091 1104/1104 1092/1092
f 1091/1091 1103/1103 1104/1104
f 1092/1092 1105/1105 1093/1093
f 1092/1092 1104/1104 1105/1105
f 1093/1093 1106/1106 1094/1094
f 1093/1093 1105/1105 1106/1106
f 1097/1097 1094/1094 1107/1107
f 1107/1107 1094/1094 1106/1106
f 1108/1108 1107/1107 1106/1106
f 1110/1110 1109/1109 1098/1098
f 1111/1111 1110/1110 1098/1098
f 1100/1100 1111/1111 1098/1098
f 1112/1112 1109/1109 1110/1110
f 1098/1098 1113/1113 1101/1101
f 1098/1098 1109/1109 1113/1113
f 1101/1101 1114/1114 1102/1102
f 1101/1101 1113/1113 1114/1114
f 1102/1102 1115/1115 1103/1103
f 1102/1102 1114/1114 1115/1115
f 1103/1103 1116/1116 1104/1104
f 1103/1103 1115/1115 1116/1116
f 1104/1104 1117/1117 1105/1105
f 1104/1104 1116/1116 1117/1117
f 1118/1118 1106/1106 1105/1105
f 1119/1119 1118/1118 1105/1105
f 1119/1119 1105/1105 1117/1117
f 1120/1120 1119/1119 1117/1117
f 1108/1108 1106/1106 1121/1121
f 1121/1121 1106/1106 1118/1118
f 1123/1123 1122/1122 1109/1109
f 1124/1124 1123/1123 1109/1109
f 1112/1112 1124/1124 1109/1109
f 1125/1125 1122/1122 1123/1123
f 1109/1109 1126/1126 1113/1113
f 1109/1109 1122/1122 1126/1126
f 1113/1113 1127/1127 1114/1114
f 1113/1113 1126/1126 1127/1127
f 1114/1114 1128/1128 1115/1115
f 1114/1114 1127/1127 1128/1128
f 1115/1115 1129/1129 1116/1116
f 1115/1115 1128/1128 1129/1129
f 1116/1116 1130/1130 1117/1117
f 1116/1116 1129/1129 1130/1130
f 1120/1120 1117/1117 1131/1131
f 1131/1131 1117/1117 1130/1130
f 1132/1132 1131/1131 1130/1130
f 1133/1133 1132/1132 1130/1130
f 1136/1136 1135/1135 1134/1134
f 1137/1137 1135/1135 1136/1136
f 1139/1139 1138/1138 1122/1122
f 1125/1125 1139/1139 1122/1122
f 1134/1134 1135/1135 1138/1138
f 1139/1139 1134/1134 1138/1138
f 1122/1122 1140/1140 1126/1126
f 1122/1122 1138/1138 1140/1140
f 1126/1126 1141/1141 1127/1127
f 1126/1126 1140/1140 1141/1141
f 1127/1127 1142/1142 1128/1128
f 1127/1127 1141/1141 1142/1142
f 1128/1128 1143/1143 1129/1129
f 1128/1128 1142/1142 1143/1143
f 1129/1129 1144/1144 1130/1130
f 1129/1129 1143/1143 1144/1144
f 1133/1133 1130/1130 1145/1145
f 1145/1145 1130/1130 1144/1144
f 1146/1146 1145/1145 1144/1144
f 1147/1147 1146/1146 1144/1144
f 1149/1149 1148/1148 1135/1135
f 1150/1150 1149/1149 1135/1135
f 1137/1137 1150/1150 1135/1135
f 1151/1151 1148/1148 1149/1149
f 1135/1135 1152/1152 1138/1138
f 1135/1135 1148/1148 1152/1152
f 1138/1138 1153/1153 1140/1140
f 1138/1138 1152/1152 1153/1153
f 1140/1140 1154/1154 1141/1141
f 1140/1140 1153/1153 1154/1154
f 1141/1141 1155/1155 1142/1142
f 1141/1141 1154/1154 1155/1155
f 1142/1142 1156/1156 1143/1143
f 1142/1142 1155/1155 1156/1156
f 1143/1143 1157/1157 1144/1144
f 1143/1143 1156/1156 1157/1157
f 1147/1147 1144/1144 1158/1158
f 1158/1158 1144/1144 1157/1157
f 1159/1159 1158/1158 1157/1157
f 1161/1161 1160/1160 1148/1148
f 1162/1162 1161/1161 1148/1148
f 1151/1151 1162/1162 1148/1148
f 1163/1163 1160/1160 1161/1161
f 1148/1148 1164/1164 1152/1152
f 1148/1148 1160/1160 1164/1164
f 1152/1152 1165/1165 1153/1153
f 1152/1152 1164/1164 1165/1165
f 1153/1153 1166/1166 1154/1154
f 1153/1153 1165/1165 1166/1166
f 1154/1154 1167/1167 1155/1155
f 1154/1154 1166/1166 1167/1167
f 1155/1155 1168/1168 1156/1156
f 1155/1155 1167/1167 1168/1168
f 1169/1169 1157/1157 1156/1156
f 1170/1170 1169/1169 1156/1156
f 1170/1170 1156/1156 1168/1168
f 1171/1171 1170/1170 1168/1168
f 1159/1159 1157/1157 1172/1172
f 1172/1172 1157/1157 1169/1169
f 1174/1174 1173/1173 1160/1160
f 1163/1163 1174/1174 1160/1160
f 1175/1175 1173/1173 1174/1174
f 1160/1160 1176/1176 1164/1164
f 1160/1160 1173/1173 1176/1176
f 1164/1164 1177/1177 1165/1165
f 1164/1164 1176/1176 1177/1177
f 1165/1165 1178/1178 1166/1166
f 1165/1165 1177/1177 1178/1178
f 1166/1166 1179/1179 1167/1167
f 1166/1166 1178/1178 1179/1179
f 1167/1167 1180/1180 1168/1168
f 1167/1167 1179/1179 1180/1180
f 1181/1181 1171/1171 1168/1168
f 1182/1182 1181/1181 1168/1168
f 1182/1182 1168/1168 1180/1180
f 1183/1183 1182/1182 1180/1180
f 1185/1185 1184/1184 1173/1173
f 1186/1186 1185/1185 1173/1173
f 1175/1175 1186/1186 1173/1173
f 1187/1187 1184/1184 1185/1185
f 1173/1173 1188/1188 1176/1176
f 1173/1173 1184/1184 1188/1188
f 1176/1176 1189/1189 1177/1177
f 1176/1176 1188/1188 1189/1189
f 1177/1177 1190/1190 1178/1178
f 1177/1177 1189/1189 1190/1190
f 1178/1178 1191/1191 1179/1179
f 1178/1178 1190/1190 1191/1191
f 1179/1179 1192/1192 1180/1180
f 1179/1179 1191/1191 1192/1192
f 1183/1183 1180/1180 1193/1193
f 1193/1193 1180/1180 1192/1192
f 1194/1194 1193/1193 1192/1192
f 1197/1197 1196/1196 1195/1195
f 1198/1198 1196/1196 1197/1197
f 1200/1200 1199/1199 1184/1184
f 1187/1187 1200/1200 1184/1184
f 1195/1195 1196/1196 1199/1199
f 1201/1201 1195/1195 1199/1199
f 1200/1200 1201/1201 1199/1199
f 1184/1184 1202/1202 1188/1188
f 1184/1184 1199/1199 1202/1202
f 1188/1188 1203/1203 1189/1189
f 1188/1188 1202/1202 1203/1203
f 1189/1189 1204/1204 1190/1190
f 1189/1189 1203/1203 1204/1204
f 1190/1190 1205/1205 1191/1191
f 1190/1190 1204/1204 1205/1205
f 1191/1191 1206/1206 1192/1192
f 1191/1191 1205/1205 1206/1206
f 1194/1194 1192/1192 1207/1207
f 1207/1207 1192/1192 1206/1206
f 1208/1208 1207/1207 1206/1206
f 1209/1209 1208/1208 1206/1206
f 1211/1211 1210/1210 1196/1196
f 1212/1212 1211/1211 1196/1196
f 1198/1198 1212/1212 1196/1196
f 1213/1213 1210/1210 1211/1211
f 1196/1196 1214/1214 1199/1199
f 1196/1196 1210/1210 1214/1214
f 1199/1199 1215/1215 1202/1202
f 1199/1199 1214/1214 1215/1215
f 1202/1202 1216/1216 1203/1203
f 1202/1202 1215/1215 1216/1216
f 1203/1203 1217/1217 1204/1204
f 1203/1203 1216/1216 1217/1217
f 1204/1204 1218/1218 1205/1205
f 1204/1204 1217/1217 1218/1218
f 1205/1205 1219/1219 1206/1206
f 1205/1205 1218/1218 1219/1219
f 1209/1209 1206/1206 1220/1220
f 1220/1220 1206/1206 1219/1219
f 1221/1221 1220/1220 1219/1219
f 1222/1222 1221/1221 1219/1219
f 1224/1224 1223/1223 1210/1210
f 1213/1213 1224/1224 1210/1210
f 1225/1225 1223/1223 1224/1224
f 1210/1210 1226/1226 1214/1214
f 1210/1210 1223/1223 1226/1226
f 1214/1214 1227/1227 1215/1215
f 1214/1214 1226/1226 1227/1227
f 1215/1215 1228/1228 1216/1216
f 1215/1215 1227/1227 1228/1228
f 1216/1216 1229/1229 1217/1217
f 1216/1216 1228/1228 1229/1229
f 1217/1217 1230/1230 1218/1218
f 1217/1217 1229/1229 1230/1230
f 1231/1231 1219/1219 1218/1218
f 1232/1232 1231/1231 1218/1218
f 1233/1233 1232/1232 1218/1218
f 1233/1233 1218/1218 1230/1230
f 1234/1234 1233/1233 1230/1230
f 1222/1222 1219/1219 1235/1235
f 1235/1235 1219/1219 1231/1231
f 1237/1237 1236/1236 1223/1223
f 1225/1225 1237/1237 1223/1223
f 1239/1239 1238/1238 1236/1236
f 1237/1237 1239/1239 1236/1236
f 1223/1223 1240/1240 1226/1226
f 1223/1223 1236/1236 1240/1240
f 1226/1226 1241/1241 1227/1227
f 1226/1226 1240/1240 1241/1241
f 1227/1227 1242/1242 1228/1228
f 1227/1227 1241/1241 1242/1242
f 1228/1228 1243/1243 1229/1229
f 1228/1228 1242/1242 1243/1243
f 1229/1229 1244/1244 1230/1230
f 1229/1229 1243/1243 1244/1244
f 1234/1234 1230/1230 1245/1245
f 1245/1245 1230/1230 1244/1244
f 1246/1246 1245/1245 1244/1244
f 1249/1249 1248/1248 1247/1247
f 1250/1250 1248/1248 1249/1249
f 1252/1252 1251/1251 1236/1236
f 1238/1238 1252/1252 1236/1236
f 1247/1247 1248/1248 1251/1251
f 1252/1252 1247/1247 1251/1251
f 1236/1236 1253/1253 1240/1240
f 1236/1236 1251/1251 1253/1253
f 1240/1240 1254/1254 1241/1241
f 1240/1240 1253/1253 1254/1254
f 1241/1241 1255/1255 1242/1242
f 1241/1241 1254/1254 1255/1255
f 1242/1242 1256/1256 1243/1243
f 1242/1242 1255/1255 1256/1256
f 1243/1243 1257/1257 1244/1244
f 1243/1243 1256/1256 1257/1257
f 1246/1246 1244/1244 1258/1258
f 1258/1258 1244/1244 1257/1257
f 1259/1259 1258/1258 1257/1257
f 1261/1261 1260/1260 1248/1248
f 1250/1250 1261/1261 1248/1248
f 1262/1262 1260/1260 1261/1261
f 1248/1248 1263/1263 1251/1251
f 1248/1248 1260/1260 1263/1263
f 1251/1251 1264/1264 1253/1253
f 1251/1251 1263/1263 1264/1264
f 1253/1253 1265/1265 1254/1254
f 1253/1253 1264/1264 1265/1265
f 1254/1254 1266/1266 1255/1255
f 1254/1254 1265/1265 1266/1266
f 1255/1255 1267/1267 1256/1256
f 1255/1255 1266/1266 1267/1267
f 1256/1256 1268/1268 1257/1257
f 1256/1256 1267/1267 1268/1268
f 1259/1259 1257/1257 1269/1269
f 1269/1269 1257/1257 1268/1268
f 1270/1270 1269/1269 1268/1268
f 1271/1271 1270/1270 1268/1268
f 1273/1273 1272/1272 1260/1260
f 1262/1262 1273/1273 1260/1260
f 1275/1275 1274/1274 1272/1272
f 1273/1273 1275/1275 1272/1272
f 1260/1260 1276/1276 1263/1263
f 1260/1260 1272/1272 1276/1276
f 1263/1263 1277/1277 1264/1264
f 1263/1263 1276/1276 1277/1277
f 1264/1264 1278/1278 1265/1265
f 1264/1264 1277/1277 1278/1278
f 1265/1265 1279/1279 1266/1266
f 1265/1265 1278/1278 1279/1279
f 1266/1266 1280/1280 1267/1267
f 1266/1266 1279/1279 1280/1280
f 1281/1281 1268/1268 1267/1267
f 1282/1282 1281/1281 1267/1267
f 1282/1282 1267/1267 1280/1280
f 1283/1283 1282/1282 1280/1280
f 1271/1271 1268/1268 1284/1284
f 1285/1285 1284/1284 1268/1268
f 1281/1281 1285/1285 1268/1268
f 1287/1287 1286/1286 1272/1272
f 1274/1274 1287/1287 1272/1272
f 1288/1288 1286/1286 1287/1287
f 1272/1272 1289/1289 1276/1276
f 1272/1272 1286/1286 1289/1289
f 1276/1276 1290/1290 1277/1277
f 1276/1276 1289/1289 1290/1290
f 1277/1277 1291/1291 1278/1278
f 1277/1277 1290/1290 1291/1291
f 1278/1278 1292/1292 1279/1279
f 1278/1278 1291/1291 1292/1292
f 1279/1279 1293/1293 1280/1280
f 1279/1279 1292/1292 1293/1293
f 1283/1283 1280/1280 1294/1294
f 1294/1294 1280/1280 1293/1293
f 1295/1295 1294/1294 1293/1293
f 1298/1298 1297/1297 1296/1296
f 1299/1299 1297/1297 1298/1298
f 1301/1301 1300/1300 1286/1286
f 1288/1288 1301/1301 1286/1286
f 1296/1296 1297/1297 1300/1300
f 1301/1301 1296/1296 1300/1300
f 1286/1286 1302/1302 1289/1289
f 1286/1286 1300/1300 1302/1302
f 1289/1289 1303/1303 1290/1290
f 1289/1289 1302/1302 1303/1303
f 1290/1290 1304/1304 1291/1291
f 1290/1290 1303/1303 1304/1304
f 1291/1291 1305/1305 1292/1292
f 1291/1291 1304/1304 1305/1305
f 1292/1292 1306/1306 1293/1293
f 1292/1292 1305/1305 1306/1306
f 1295/1295 1293/1293 1307/1307
f 1307/1307 1293/1293 1306/1306
f 1308/1308 1307/1307 1306/1306
f 1310/1310 1309/1309 1297/1297
f 1299/1299 1310/1310 1297/1297
f 1311/1311 1309/1309 1310/1310
f 1297/1297 1312/1312 1300/1300
f 1297/1297 1309/1309 1312/1312
f 1300/1300 1313/1313 1302/1302
f 1300/1300 1312/1312 1313/1313
f 1302/1302 1314/1314 1303/1303
f 1302/1302 1313/1313 1314/1314
f 1303/1303 1315/1315 1304/1304
f 1303/1303 1314/1314 1315/1315
f 1304/1304 1316/1316 1305/1305
f 1304/1304 1315/1315 1316/1316
f 1305/1305 1317/1317 1306/1306
f 1305/1305 1316/1316 1317/1317
f 1318/1318 1308/1308 1306/1306
f 1319/1319 1318/1318 1306/1306
f 1319/1319 1306/1306 1317/1317
f 1320/1320 1319/1319 1317/1317
f 1322/1322 1321/1321 1309/1309
f 1311/1311 1322/1322 1309/1309
f 1324/1324 1323/1323 1321/1321
f 1322/1322 1324/1324 1321/1321
f 1309/1309 1325/1325 1312/1312
f 1309/1309 1321/1321 1325/1325
f 1312/1312 1326/1326 1313/1313
f 1312/1312 1325/1325 1326/1326
f 1313/1313 1327/1327 1314/1314
f 1313/1313 1326/1326 1327/1327
f 1314/1314 1328/1328 1315/1315
f 1314/1314 1327/1327 1328/1328
f 1315/1315 1329/1329 1316/1316
f 1315/1315 1328/1328 1329/1329
f 1330/1330 1317/1317 1316/1316
f 1331/1331 1330/1330 1316/1316
f 1331/1331 1316/1316 1329/1329
f 1332/1332 1331/1331 1329/1329
f 1320/1320 1317/1317 1333/1333
f 1333/1333 1317/1317 1330/1330
f 1335/1335 1334/1334 1321/1321
f 1323/1323 1335/1335 1321/1321
f 1336/1336 1334/1334 1335/1335
f 1321/1321 1337/1337 1325/1325
f 1321/1321 1334/1334 1337/1337
f 1325/1325 1338/1338 1326/1326
f 1325/1325 1337/1337 1338/1338
f 1326/1326 1339/1339 1327/1327
f 1326/1326 1338/1338 1339/1339
f 1327/1327 1340/1340 1328/1328
f 1327/1327 1339/1339 1340/1340
f 1328/1328 1341/1341 1329/1329
f 1328/1328 1340/1340 1341/1341
f 1332/1332 1329/1329 1342/1342
f 1342/1342 1329/1329 1341/1341
f 1343/1343 1342/1342 1341/1341
f 1345/1345 1344/1344 1334/1334
f 1336/1336 1345/1345 1334/1334
f 1346/1346 1344/1344 1345/1345
f 1334/1334 1347/1347 1337/1337
f 1334/1334 1344/1344 1347/1347
f 1337/1337 1348/1348 1338/1338
f 1337/1337 1347/1347 1348/1348
f 1338/1338 1349/1349 1339/1339
f 1338/1338 1348/1348 1349/1349
f 1339/1339 1350/1350 1340/1340
f 1339/1339 1349/1349 1350/1350
f 1340/1340 1351/1351 1341/1341
f 1340/1340 1350/1350 1351/1351
f 1343/1343 1341/1341 1352/1352
f 1352/1352 1341/1341 1351/1351
f 1353/1353 1352/1352 1351/1351
f 1356/1356 1355/1355 1354/1354
f 1357/1357 1355/1355 1356/1356
f 1359/1359 1358/1358 1344/1344
f 1346/1346 1359/1359 1344/1344
f 1354/1354 1355/1355 1358/1358
f 1359/1359 1354/1354 1358/1358
f 1344/1344 1360/1360 1347/1347
f 1344/1344 1358/1358 1360/1360
f 1347/1347 1361/1361 1348/1348
f 1347/1347 1360/1360 1361/1361
f 1348/1348 1362/1362 1349/1349
f 1348/1348 1361/1361 1362/1362
f 1349/1349 1363/1363 1350/1350
f 1349/1349 1362/1362 1363/1363
f 1350/1350 1364/1364 1351/1351
f 1350/1350 1363/1363 1364/1364
f 1365/1365 1353/1353 1351/1351
f 1366/1366 1365/1365 1351/1351
f 1366/1366 1351/1351 1364/1364
f 1367/1367 1366/1366 1364/1364
f 1369/1369 1368/1368 1355/1355
f 1357/1357 1369/1369 1355/1355
f 1371/1371 1370/1370 1368/1368
f 1369/1369 1371/1371 1368/1368
f 1355/1355 1372/1372 1358/1358
f 1355/1355 1368/1368 1372/1372
f 1358/1358 1373/1373 1360/1360
f 1358/1358 1372/1372 1373/1373
f 1360/1360 1374/1374 1361/1361
f 1360/1360 1373/1373 1374/1374
f 1361/1361 1375/1375 1362/1362
f 1361/1361 1374/1374 1375/1375
f 1362/1362 1376/1376 1363/1363
f 1362/1362 1375/1375 1376/1376
f 1363/1363 1377/1377 1364/1364
f 1363/1363 1376/1376 1377/1377
f 1367/1367 1364/1364 1378/1378
f 1378/1378 1364/1364 1377/1377
f 1379/1379 1378/1378 1377/1377
f 1381/1381 1380/1380 1368/1368
f 1370/1370 1381/1381 1368/1368
f 1382/1382 1380/1380 1381/1381
f 1368/1368 1383/1383 1372/1372
f 1368/1368 1380/1380 1383/1383
f 1372/1372 1384/1384 1373/1373
f 1372/1372 1383/1383 1384/1384
f 1373/1373 1385/1385 1374/1374
f 1373/1373 1384/1384 1385/1385
f 1374/1374 1386/1386 1375/1375
f 1374/1374 1385/1385 1386/1386
f 1375/1375 1387/1387 1376/1376
f 1375/1375 1386/1386 1387/1387
f 1388/1388 1377/1377 1376/1376
f 1389/1389 1388/1388 1376/1376
f 1389/1389 1376/1376 1387/1387
f 1390/1390 1389/1389 1387/1387
f 1379/1379 1377/1377 1391/1391
f 1391/1391 1377/1377 1388/1388
f 1393/1393 1392/1392 1380/1380
f 1382/1382 1393/1393 1380/1380
f 1394/1394 1392/1392 1393/1393
f 1380/1380 1395/1395 1383/1383
f 1380/1380 1392/1392 1395/1395
f 1383/1383 1396/1396 1384/1384
f 1383/1383 1395/1395 1396/1396
f 1384/1384 1397/1397 1385/1385
f 1384/1384 1396/1396 1397/1397
f 1385/1385 1398/1398 1386/1386
f 1385/1385 1397/1397 1398/1398
f 1386/1386 1399/1399 1387/1387
f 1386/1386 1398/1398 1399/1399
f 1390/1390 1387/1387 1400/1400
f 1400/1400 1387/1387 1399/1399
f 1401/1401 1400/1400 1399/1399
f 1404/1404 1403/1403 1402/1402
f 1405/1405 1404/1404 1402/1402
f 1406/1406 1402/1402 1403/1403
f 1408/1408 1407/1407 1392/1392
f 1394/1394 1408/1408 1392/1392
f 1405/1405 1402/1402 1407/1407
f 1408/1408 1405/1405 1407/1407
f 1392/1392 1409/1409 1395/1395
f 1392/1392 1407/1407 1409/1409
f 1395/1395 1410/1410 1396/1396
f 1395/1395 1409/1409 1410/1410
f 1396/1396 1411/1411 1397/1397
f 1396/1396 1410/1410 1411/1411
f 1397/1397 1412/1412 1398/1398
f 1397/1397 1411/1411 1412/1412
f 1398/1398 1413/1413 1399/1399
f 1398/1398 1412/1412 1413/1413
f 1414/1414 1401/1401 1399/1399
f 1415/1415 1414/1414 1399/1399
f 1415/1415 1399/1399 1413/1413
f 1416/1416 1415/1415 1413/1413
f 1418/1418 1417/1417 1402/1402
f 1419/1419 1418/1418 1402/1402
f 1406/1406 1419/1419 1402/1402
f 1420/1420 1417/1417 1418/1418
f 1402/1402 1421/1421 1407/1407
f 1402/1402 1417/1417 1421/1421
f 1407/1407 1422/1422 1409/1409
f 1407/1407 1421/1421 1422/1422
f 1409/1409 1423/1423 1410/1410
f 1409/1409 1422/1422 1423/1423
f 1410/1410 1424/1424 1411/1411
f 1410/1410 1423/1423 1424/1424
f 1411/1411 1425/1425 1412/1412
f 1411/1411 1424/1424 1425/1425
f 1412/1412 1426/1426 1413/1413
f 1412/1412 1425/1425 1426/1426
f 1416/1416 1413/1413 1427/1427
f 1427/1427 1413/1413 1426/1426
f 1428/1428 1427/1427 1426/1426
f 1430/1430 1429/1429 1417/1417
f 1420/1420 1430/1430 1417/1417
f 1431/1431 1429/1429 1430/1430
f 1417/1417 1432/1432 1421/1421
f 1417/1417 1429/1429 1432/1432
f 1421/1421 1433/1433 1422/1422
f 1421/1421 1432/1432 1433/1433
f 1422/1422 1434/1434 1423/1423
f 1422/1422 1433/1433 1434/1434
f 1423/1423 1435/1435 1424/1424
f 1423/1423 1434/1434 1435/1435
f 1424/1424 1436/1436 1425/1425
f 1424/1424 1435/1435 1436/1436
f 1437/1437 1426/1426 1425/1425
f 1438/1438 1437/1437 1425/1425
f 1438/1438 1425/1425 1436/1436
f 1439/1439 1438/1438 1436/1436
f 1428/1428 1426/1426 1440/1440
f 1440/1440 1426/1426 1437/1437
f 1442/1442 1441/1441 1429/1429
f 1431/1431 1442/1442 1429/1429
f 1443/1443 1441/1441 1442/1442
f 1429/1429 1444/1444 1432/1432
f 1429/1429 1441/1441 1444/1444
f 1432/1432 1445/1445 1433/1433
f 1432/1432 1444/1444 1445/1445
f 1433/1433 1446/1446 1434/1434
f 1433/1433 1445/1445 1446/1446
f 1434/1434 1447/1447 1435/1435
f 1434/1434 1446/1446 1447/1447
f 1435/1435 1448/1448 1436/1436
f 1435/1435 1447/1447 1448/1448
f 1449/1449 1439/1439 1436/1436
f 1450/1450 1449/1449 1436/1436
f 1450/1450 1436/1436 1448/1448
f 1451/1451 1450/1450 1448/1448
f 1454/1454 1453/1453 1452/1452
f 1455/1455 1453/1453 1454/1454
f 1457/1457 1456/1456 1441/1441
f 1443/1443 1457/1457 1441/1441
f 1452/1452 1453/1453 1456/1456
f 1458/1458 1452/1452 1456/1456
f 1457/1457 1458/1458 1456/1456
f 1441/1441 1459/1459 1444/1444
f 1441/1441 1456/1456 1459/1459
f 1444/1444 1460/1460 1445/1445
f 1444/1444 1459/1459 1460/1460
f 1445/1445 1461/1461 1446/1446
f 1445/1445 1460/1460 1461/1461
f 1446/1446 1462/1462 1447/1447
f 1446/1446 1461/1461 1462/1462
f 1447/1447 1463/1463 1448/1448
f 1447/1447 1462/1462 1463/1463
f 1451/1451 1448/1448 1464/1464
f 1464/1464 1448/1448 1463/1463
f 1465/1465 1464/1464 1463/1463
f 1467/1467 1466/1466 1453/1453
f 1468/1468 1467/1467 1453/1453
f 1455/1455 1468/1468 1453/1453
f 1469/1469 1466/1466 1467/1467
f 1453/1453 1470/1470 1456/1456
f 1453/1453 1466/1466 1470/1470
f 1456/1456 1471/1471 1459/1459
f 1456/1456 1470/1470 1471/1471
f 1459/1459 1472/1472 1460/1460
f 1459/1459 1471/1471 1472/1472
f 1460/1460 1473/1473 1461/1461
f 1460/1460 1472/1472 1473/1473
f 1461/1461 1474/1474 1462/1462
f 1461/1461 1473/1473 1474/1474
f 1462/1462 1475/1475 1463/1463
f 1462/1462 1474/1474 1475/1475
f 1465/1465 1463/1463 1476/1476
f 1476/1476 1463/1463 1475/1475
f 1477/1477 1476/1476 1475/1475
f 1478/1478 1477/1477 1475/1475
f 1480/1480 1479/1479 1466/1466
f 1469/1469 1480/1480 1466/1466
f 1481/1481 1479/1479 1480/1480
f 1466/1466 1482/1482 1470/1470
f 1466/1466 1479/1479 1482/1482
f 1470/1470 1483/1483 1471/1471
f 1470/1470 1482/1482 1483/1483
f 1471/1471 1484/1484 1472/1472
f 1471/1471 1483/1483 1484/1484
f 1472/1472 1485/1485 1473/1473
f 1472/1472 1484/1484 1485/1485
f 1473/1473 1486/1486 1474/1474
f 1473/1473 1485/1485 1486/1486
f 1487/1487 1475/1475 1474/1474
f 1488/1488 1487/1487 1474/1474
f 1489/1489 1488/1488 1474/1474
f 1489/1489 1474/1474 1486/1486
f 1490/1490 1489/1489 1486/1486
f 1478/1478 1475/1475 1491/1491
f 1491/1491 1475/1475 1487/1487
f 1493/1493 1492/1492 1479/1479
f 1481/1481 1493/1493 1479/1479
f 1494/1494 1492/1492 1493/1493
f 1479/1479 1495/1495 1482/1482
f 1479/1479 1492/1492 1495/1495
f 1482/1482 1496/1496 1483/1483
f 1482/1482 1495/1495 1496/1496
f 1483/1483 1497/1497 1484/1484
f 1483/1483 1496/1496 1497/1497
f 1484/1484 1498/1498 1485/1485
f 1484/1484 1497/1497 1498/1498
f 1485/1485 1499/1499 1486/1486
f 1485/1485 1498/1498 1499/1499
f 1490/1490 1486/1486 1500/1500
f 1500/1500 1486/1486 1499/1499
f 1501/1501 1500/1500 1499/1499
f 1504/1504 1503/1503 1502/1502
f 1505/1505 1503/1503 1504/1504
f 1507/1507 1506/1506 1492/1492
f 1494/1494 1507/1507 1492/1492
f 1502/1502 1503/1503 1506/1506
f 1508/1508 1502/1502 1506/1506
f 1507/1507 1508/1508 1506/1506
f 1492/1492 1509/1509 1495/1495
f 1492/1492 1506/1506 1509/1509
f 1495/1495 1510/1510 1496/1496
f 1495/1495 1509/1509 1510/1510
f 1496/1496 1511/1511 1497/1497
f 1496/1496 1510/1510 1511/1511
f 1497/1497 1512/1512 1498/1498
f 1497/1497 1511/1511 1512/1512
f 1498/1498 1513/1513 1499/1499
f 1498/1498 1512/1512 1513/1513
f 1501/1501 1499/1499 1514/1514
f 1514/1514 1499/1499 1513/1513
f 1515/1515 1514/1514 1513/1513
f 1517/1517 1516/1516 1503/1503
f 1518/1518 1517/1517 1503/1503
f 1505/1505 1518/1518 1503/1503
f 1519/1519 1516/1516 1517/1517
f 1503/1503 1520/1520 1506/1506
f 1503/1503 1516/1516 1520/1520
f 1506/1506 1521/1521 1509/1509
f 1506/1506 1520/1520 1521/1521
f 1509/1509 1522/1522 1510/1510
f 1509/1509 1521/1521 1522/1522
f 1510/1510 1523/1523 1511/1511
f 1510/1510 1522/1522 1523/1523
f 1511/1511 1524/1524 1512/1512
f 1511/1511 1523/1523 1524/1524
f 1512/1512 1525/1525 1513/1513
f 1512/1512 1524/1524 1525/1525
f 1515/1515 1513/1513 1526/1526
f 1526/1526 1513/1513 1525/1525
f 1527/1527 1526/1526 1525/1525
f 1528/1528 1527/1527 1525/1525
f 1530/1530 1529/1529 1516/1516
f 1519/1519 1530/1530 1516/1516
f 1531/1531 1529/1529 1530/1530
f 1516/1516 1532/1532 1520/1520
f 1516/1516 1529/1529 1532/1532
f 1520/1520 1533/1533 1521/1521
f 1520/1520 1532/1532 1533/1533
f 1521/1521 1534/1534 1522/1522
f 1521/1521 1533/1533 1534/1534
f 1522/1522 1535/1535 1523/1523
f 1522/1522 1534/1534 1535/1535
f 1523/1523 1536/1536 1524/1524
f 1523/1523 1535/1535 1536/1536
f 1537/1537 1525/1525 1524/1524
f 1538/1538 1537/1537 1524/1524
f 1538/1538 1524/1524 1536/1536
f 1539/1539 1538/1538 1536/1536
f 1528/1528 1525/1525 1540/1540
f 1541/1541 1540/1540 1525/1525
f 1537/1537 1541/1541 1525/1525
f 1543/1543 1542/1542 1529/1529
f 1544/1544 1543/1543 1529/1529
f 1531/1531 1544/1544 1529/1529
f 1545/1545 1542/1542 1543/1543
f 1529/1529 1546/1546 1532/1532
f 1529/1529 1542/1542 1546/1546
f 1532/1532 1547/1547 1533/1533
f 1532/1532 1546/1546 1547/1547
f 1533/1533 1548/1548 1534/1534
f 1533/1533 1547/1547 1548/1548
f 1534/1534 1549/1549 1535/1535
f 1534/1534 1548/1548 1549/1549
f 1535/1535 1550/1550 1536/1536
f 1535/1535 1549/1549 1550/1550
f 1539/1539 1536/1536 1551/1551
f 1551/1551 1536/1536 1550/1550
f 1552/1552 1551/1551 1550/1550
f 1554/1554 1553/1553 1542/1542
f 1545/1545 1554/1554 1542/1542
f 1555/1555 1553/1553 1554/1554
f 1542/1542 1556/1556 1546/1546
f 1542/1542 1553/1553 1556/1556
f 1546/1546 1557/1557 1547/1547
f 1546/1546 1556/1556 1557/1557
f 1547/1547 1558/1558 1548/1548
f 1547/1547 1557/1557 1558/1558
f 1548/1548 1559/1559 1549/1549
f 1548/1548 1558/1558 1559/1559
f 1549/1549 1560/1560 1550/1550
f 1549/1549 1559/1559 1560/1560
f 1552/1552 1550/1550 1561/1561
f 1561/1561 1550/1550 1560/1560
f 1562/1562 1561/1561 1560/1560
f 1563/1563 1562/1562 1560/1560
