# OSM contributors ODbL; elevations USGS 3DEP
# Centimeters, Z up, OBJ Y = negative source ENU Y. Apply source-to-world placement.
o EastsideTrail_Concrete_7_10
v 27322.478658 49364.696489 143.885417
v 27322.478658 49348.029823 143.755208
v 27314.961111 49355.547370 143.843305
v 27314.961111 49338.880703 143.713096
v 27307.443564 49346.398250 143.801193
v 27307.443564 49329.731583 143.670984
v 27299.926017 49337.249130 143.759080
v 27299.926017 49320.582464 143.628872
v 27292.408470 49328.100011 143.716968
v 27322.478658 49331.363156 143.625000
v 27314.961111 49322.214036 143.582888
v 27307.443564 49313.064917 143.540776
v 27322.478658 49314.696489 143.494792
v 27314.961111 49305.547370 143.452680
v 27322.478658 49298.029823 143.364583
v 27318.627771 49364.696489 143.900459
v 27311.110224 49355.547370 143.858347
v 27314.776883 49364.696489 143.915502
v 27307.259336 49355.547370 143.873390
v 27310.925996 49364.696489 143.930544
v 27303.408449 49355.547370 143.888432
v 27307.075108 49364.696489 143.945587
v 27303.592676 49346.398250 143.816235
v 27299.741789 49346.398250 143.831278
v 27296.075129 49337.249130 143.774123
v 27280.357349 49298.029823 143.364583
v 27389.145325 49364.696489 143.885417
v 27389.145325 49348.029823 143.755208
v 27372.478658 49364.696489 143.885417
v 27372.478658 49348.029823 143.755208
v 27355.811991 49364.696489 143.885417
v 27355.811991 49348.029823 143.755208
v 27339.145325 49364.696489 143.885417
v 27339.145325 49348.029823 143.755208
v 27389.145325 49331.363156 143.625000
v 27372.478658 49331.363156 143.625000
v 27355.811991 49331.363156 143.625000
v 27389.145325 49314.696489 143.494792
v 27372.478658 49314.696489 143.494792
v 27389.145325 49298.029823 143.364583
v 27372.478658 49298.029823 143.364583
v 27355.811991 49314.696489 143.494792
v 27339.145325 49331.363156 143.625000
v 27355.811991 49298.029823 143.364583
v 27339.145325 49314.696489 143.494792
v 27339.145325 49298.029823 143.364583
v 27455.811991 49364.696489 144.145833
v 27455.811991 49348.029823 144.080729
v 27439.145325 49364.696489 144.080729
v 27439.145325 49348.029823 144.015625
v 27422.478658 49364.696489 144.015625
v 27422.478658 49348.029823 143.950521
v 27405.811991 49364.696489 143.950521
v 27405.811991 49348.029823 143.885417
v 27455.811991 49331.363156 144.015625
v 27439.145325 49331.363156 143.950521
v 27422.478658 49331.363156 143.885417
v 27455.811991 49314.696489 143.950521
v 27439.145325 49314.696489 143.885417
v 27455.811991 49298.029823 143.885417
v 27439.145325 49298.029823 143.755208
v 27422.478658 49314.696489 143.755208
v 27405.811991 49331.363156 143.755208
v 27422.478658 49298.029823 143.625000
v 27405.811991 49314.696489 143.625000
v 27405.811991 49298.029823 143.494792
v 27522.478658 49364.696489 145.447917
v 27522.478658 49348.029823 145.382812
v 27505.811991 49364.696489 145.122396
v 27505.811991 49348.029823 145.057292
v 27489.145325 49364.696489 144.796875
v 27489.145325 49348.029823 144.731771
v 27472.478658 49364.696489 144.471354
v 27472.478658 49348.029823 144.406250
v 27522.478658 49331.363156 145.317708
v 27505.811991 49331.363156 144.992187
v 27489.145325 49331.363156 144.666667
v 27522.478658 49314.696489 145.252604
v 27505.811991 49314.696489 144.927083
v 27522.478658 49298.029823 145.187500
v 27505.811991 49298.029823 144.861979
v 27489.145325 49314.696489 144.601562
v 27472.478658 49331.363156 144.341146
v 27489.145325 49298.029823 144.536458
v 27472.478658 49314.696489 144.276042
v 27472.478658 49298.029823 144.210938
v 27589.145325 49364.696489 147.531250
v 27589.145325 49348.029823 147.661458
v 27572.478658 49364.696489 147.010417
v 27572.478658 49348.029823 147.140625
v 27555.811991 49364.696489 146.489583
v 27555.811991 49348.029823 146.619792
v 27539.145325 49364.696489 145.968750
v 27539.145325 49348.029823 146.098958
v 27589.145325 49331.363156 147.791667
v 27572.478658 49331.363156 147.270833
v 27555.811991 49331.363156 146.750000
v 27589.145325 49314.696489 147.921875
v 27572.478658 49314.696489 147.401042
v 27589.145325 49298.029823 148.052083
v 27572.478658 49298.029823 147.335938
v 27555.811991 49314.696489 146.684896
v 27539.145325 49331.363156 146.033854
v 27555.811991 49298.029823 146.619792
v 27539.145325 49314.696489 145.968750
v 27539.145325 49298.029823 145.903646
v 27655.811991 49364.696489 150.395833
v 27655.811991 49348.029823 150.721354
v 27639.145325 49364.696489 149.679688
v 27639.145325 49348.029823 150.005208
v 27622.478658 49364.696489 148.963542
v 27622.478658 49348.029823 149.289063
v 27605.811991 49364.696489 148.247396
v 27605.811991 49348.029823 148.572917
v 27655.811991 49331.363156 151.046875
v 27639.145325 49331.363156 150.330729
v 27622.478658 49331.363156 149.614583
v 27655.811991 49314.696489 151.372396
v 27639.145325 49314.696489 150.656250
v 27655.811991 49298.029823 151.697917
v 27639.145325 49298.029823 150.786458
v 27622.478658 49314.696489 149.744792
v 27605.811991 49331.363156 148.703125
v 27622.478658 49298.029823 149.875000
v 27605.811991 49314.696489 148.833333
v 27605.811991 49298.029823 148.963542
v 27589.145325 49314.696489 147.921875
v 27722.478658 49364.696489 152.218750
v 27722.478658 49348.029823 152.739583
v 27705.811991 49364.696489 151.763021
v 27705.811991 49348.029823 152.283854
v 27689.145325 49364.696489 151.307292
v 27689.145325 49348.029823 151.828125
v 27672.478658 49364.696489 150.851562
v 27672.478658 49348.029823 151.372396
v 27722.478658 49331.363156 153.260417
v 27705.811991 49331.363156 152.804688
v 27689.145325 49331.363156 152.348958
v 27722.478658 49314.696489 153.781250
v 27705.811991 49314.696489 153.325521
v 27722.478658 49298.029823 154.302083
v 27705.811991 49298.029823 153.651042
v 27689.145325 49314.696489 152.674479
v 27672.478658 49331.363156 151.697917
v 27689.145325 49298.029823 153.000000
v 27672.478658 49314.696489 152.023437
v 27655.811991 49331.363156 151.046875
v 27672.478658 49298.029823 152.348958
v 27748.942698 49338.232449 153.562627
v 27742.326688 49344.848459 153.226658
v 27751.594172 49344.848459 153.262859
v 27744.978162 49351.464469 152.926890
v 27754.245647 49351.464469 152.963091
v 27747.629637 49358.080479 152.627121
v 27756.897121 49358.080479 152.663323
v 27750.281111 49364.696489 152.327353
v 27759.548596 49364.696489 152.363554
v 27735.710678 49351.464469 152.890689
v 27738.362152 49358.080479 152.590920
v 27741.013627 49364.696489 152.291152
v 27729.094668 49358.080479 152.554719
v 27731.746142 49364.696489 152.254951
v 27729.094668 49308.080479 154.117219
v 27729.094668 49324.747146 153.596386
v 27735.710678 49318.131136 153.932355
v 27735.710678 49334.797803 153.411522
v 27742.326688 49328.181793 153.747491
v 27729.094668 49341.413813 153.075553
v 27732.830836 49298.029823 154.504274
v 27255.811991 49236.783775 142.646856
v 27255.811991 49231.363156 142.583333
v 27254.261125 49232.914023 142.601508
v 27253.639589 49231.363156 142.574847
v 27322.478658 49231.363156 142.583333
v 27273.334797 49280.507017 143.159238
v 27261.339892 49250.577100 142.808497
v 27389.145325 49231.363156 142.843750
v 27455.811991 49231.363156 143.625000
v 27522.478658 49231.363156 145.187500
v 27589.145325 49231.363156 148.833333
v 27655.811991 49231.363156 153.000000
v 27722.478658 49272.198869 155.311105
v 27710.795353 49243.046461 155.993492
v 27706.113077 49231.363156 155.947329
v 27729.869025 49290.639455 154.937193
v 27725.368469 49279.409580 155.164896
v 27255.811991 49164.696489 141.802083
v 27235.187452 49185.321028 141.963213
v 27236.616066 49188.885733 142.010567
v 27226.921830 49164.696489 141.802083
v 27322.478658 49164.696489 141.802083
v 27389.145325 49164.696489 142.322917
v 27455.811991 49164.696489 143.364583
v 27522.478658 49164.696489 145.708333
v 27589.145325 49164.696489 150.135417
v 27655.811991 49164.696489 155.604167
v 27691.721680 49195.453467 157.488711
v 27679.395317 49164.696489 157.630859
v 27255.811991 49098.029823 140.760417
v 27216.113780 49137.728034 141.380701
v 27200.204071 49098.029823 140.760417
v 27211.892239 49127.194365 141.216113
v 27322.478658 49098.029823 140.760417
v 27389.145325 49098.029823 141.541667
v 27455.811991 49098.029823 143.104167
v 27522.478658 49098.029823 147.270833
v 27589.145325 49098.029823 154.562500
v 27655.811991 49105.850921 160.891073
v 27653.574335 49100.267479 161.209153
v 27652.677558 49098.029823 161.263165
v 27675.920816 49156.026846 158.212779
v 27672.648008 49147.860473 158.760920
v 27189.145325 49070.435827 140.221471
v 27189.145325 49031.363156 139.458333
v 27177.966435 49042.542046 139.545668
v 27173.486311 49031.363156 139.335997
v 27255.811991 49031.363156 139.718750
v 27197.040107 49090.135040 140.637061
v 27322.478658 49031.363156 139.979167
v 27389.145325 49031.363156 141.020833
v 27455.811991 49031.363156 143.885417
v 27522.478658 49031.363156 152.218750
v 27589.145325 49031.363156 161.593750
v 27634.500663 49052.674484 163.952472
v 27626.473162 49032.644111 165.249758
v 27625.959799 49031.363156 165.332720
v 27189.145325 48964.696489 138.416667
v 27158.892762 48994.949052 138.653015
v 27162.444586 49003.811631 138.819241
v 27146.768552 48964.696489 138.085598
v 27255.811991 48964.696489 139.197917
v 27322.478658 48964.696489 139.979167
v 27389.145325 48964.696489 141.281250
v 27455.811991 48964.696489 145.968750
v 27522.478658 48964.696489 157.427083
v 27589.145325 48964.696489 168.104167
v 27615.426990 49005.081490 165.905586
v 27601.749336 48970.952744 168.330189
v 27599.242039 48964.696489 168.774652
v 27122.478658 48904.087880 136.712071
v 27122.478658 48898.029823 136.593750
v 27120.745417 48899.763064 136.607291
v 27120.050792 48898.029823 136.574782
v 27189.145325 48898.029823 137.635417
v 27139.819090 48947.356058 137.828097
v 27137.720759 48942.120263 137.693049
v 27255.811991 48898.029823 138.416667
v 27322.478658 48898.029823 139.718750
v 27389.145325 48898.029823 141.802083
v 27455.811991 48898.029823 148.572917
v 27522.478658 48898.029823 160.812500
v 27589.145325 48939.502973 169.088288
v 27577.279645 48909.895502 168.344468
v 27577.025509 48909.261376 168.338946
v 27572.524280 48898.029823 168.241147
v 27596.353318 48957.488496 168.751760
v 27122.478658 48831.363156 135.812500
v 27101.671745 48852.170069 135.893777
v 27112.996932 48880.428896 136.313413
v 27093.333033 48831.363156 135.698650
v 27189.145325 48831.363156 137.114583
v 27255.811991 48831.363156 138.156250
v 27322.478658 48831.363156 139.458333
v 27389.145325 48831.363156 142.583333
v 27455.811991 48831.363156 152.479167
v 27522.478658 48831.363156 165.239583
v 27558.205973 48862.302508 167.371812
v 27552.301682 48847.570009 167.658233
v 27545.806520 48831.363156 167.973317
v 27122.478658 48764.696489 135.552083
v 27082.598072 48804.577075 135.552083
v 27088.273106 48818.737528 135.629566
v 27066.615274 48764.696489 134.897434
v 27189.145325 48764.696489 136.854167
v 27255.811991 48764.696489 137.895833
v 27322.478658 48764.696489 139.458333
v 27389.145325 48764.696489 144.666667
v 27455.811991 48764.696489 157.947917
v 27522.478658 48773.155026 170.014469
v 27520.058628 48767.116520 170.046606
v 27519.088761 48764.696489 170.059486
v 27539.132300 48814.709514 167.321289
v 27055.811991 48737.739932 134.454936
v 27055.811991 48698.029823 133.989583
v 27044.450727 48709.391087 134.122723
v 27039.897514 48698.029823 133.927417
v 27122.478658 48698.029823 135.291667
v 27063.524400 48756.984081 134.831087
v 27063.549279 48757.046161 134.831621
v 27189.145325 48698.029823 136.593750
v 27255.811991 48698.029823 137.635417
v 27322.478658 48698.029823 139.718750
v 27389.145325 48698.029823 148.312500
v 27455.811991 48698.029823 163.937500
v 27502.854029 48724.187274 168.376209
v 27500.984955 48719.523525 168.182416
v 27492.371001 48698.029823 168.935802
v 27055.811991 48631.363156 133.468750
v 27025.377055 48661.798093 133.587636
v 27038.825452 48695.354794 133.902331
v 27013.179755 48631.363156 133.135686
v 27122.478658 48631.363156 135.031250
v 27189.145325 48631.363156 136.333333
v 27255.811991 48631.363156 137.375000
v 27322.478658 48631.363156 141.281250
v 27389.145325 48631.363156 153.781250
v 27455.811991 48631.363156 168.625000
v 27481.911283 48671.930531 167.403812
v 27478.130202 48662.495907 167.830867
v 27465.653242 48631.363156 169.240078
v 26989.145325 48571.391984 132.713654
v 26989.145325 48564.696489 132.687500
v 26987.229710 48566.612104 132.702466
v 26986.461995 48564.696489 132.687500
v 27055.811991 48564.696489 133.729167
v 27006.303382 48614.205099 133.148988
v 26989.377799 48571.972059 132.719553
v 27122.478658 48564.696489 135.031250
v 27189.145325 48564.696489 136.072917
v 27255.811991 48564.696489 137.635417
v 27322.478658 48564.696489 144.406250
v 27389.145325 48564.696489 159.250000
v 27455.811991 48606.807078 169.392377
v 27453.406376 48600.804539 169.044331
v 27443.763938 48576.744543 167.649257
v 27438.935483 48564.696489 167.807683
v 27462.837610 48624.337537 168.844551
v 26989.145325 48498.029823 132.947917
v 26968.156037 48519.019110 132.865927
v 26959.744236 48498.029823 132.947917
v 26964.653972 48510.280692 132.900062
v 27055.811991 48498.029823 133.729167
v 27122.478658 48498.029823 134.510417
v 27189.145325 48498.029823 135.812500
v 27255.811991 48498.029823 138.416667
v 27322.478658 48498.029823 148.052083
v 27389.145325 48498.029823 164.197917
v 27424.690265 48529.151549 165.636981
v 27412.217723 48498.029823 166.631334
v 26989.145325 48431.363156 132.687500
v 26949.082364 48471.426116 132.843996
v 26933.026476 48431.363156 132.468286
v 27055.811991 48431.363156 133.468750
v 27122.478658 48431.363156 134.250000
v 27189.145325 48431.363156 136.072917
v 27255.811991 48431.363156 140.500000
v 27322.478658 48431.363156 152.479167
v 27389.145325 48440.459130 166.896543
v 27386.542920 48433.965561 166.570659
v 27385.499964 48431.363156 166.511254
v 27405.616593 48481.558555 165.677757
v 26922.478658 48364.696489 131.645833
v 26910.935019 48376.240128 131.781110
v 26915.206319 48386.897957 131.906007
v 26922.478658 48405.044037 132.118656
v 26906.308717 48364.696489 131.645833
v 26989.145325 48364.696489 131.906250
v 26930.008692 48423.833122 132.368255
v 27055.811991 48364.696489 132.687500
v 27122.478658 48364.696489 133.989583
v 27189.145325 48364.696489 136.072917
v 27255.811991 48364.696489 143.885417
v 27322.478658 48364.696489 158.989583
v 27379.234896 48415.730437 165.788016
v 27367.469248 48386.372566 164.429792
v 27358.782204 48364.696489 165.087445
v 26922.478658 48298.029823 131.125000
v 26891.861347 48328.647134 131.364198
v 26879.590958 48298.029823 131.125000
v 26989.145325 48298.029823 131.125000
v 27055.811991 48298.029823 132.166667
v 27122.478658 48298.029823 133.729167
v 27189.145325 48298.029823 136.854167
v 27255.811991 48298.029823 148.312500
v 27322.478658 48298.029823 164.197917
v 27348.395575 48338.779572 163.747767
v 27332.064445 48298.029823 165.208918
v 26855.811991 48238.696089 130.661455
v 26855.811991 48231.363156 130.604167
v 26853.714002 48233.461145 130.628752
v 26852.873198 48231.363156 130.604167
v 26922.478658 48231.363156 130.604167
v 26872.787674 48281.054140 130.992377
v 26865.758666 48263.515222 130.855355
v 26989.145325 48231.363156 130.864583
v 27055.811991 48231.363156 131.906250
v 27122.478658 48231.363156 133.729167
v 27189.145325 48231.363156 139.458333
v 27255.811991 48231.363156 153.000000
v 27322.478658 48274.111183 165.412535
v 27310.248230 48243.593584 164.047975
v 27305.346686 48231.363156 163.835714
v 27329.787242 48292.347703 164.924352
v 27329.321903 48291.186578 164.866202
v 26855.811991 48164.696489 129.822917
v 26834.640329 48185.868151 130.071022
v 26841.034839 48201.823855 130.258003
v 26826.155439 48164.696489 129.938763
v 26922.478658 48164.696489 129.822917
v 26989.145325 48164.696489 130.343750
v 27055.811991 48164.696489 131.906250
v 27122.478658 48164.696489 134.510417
v 27189.145325 48164.696489 143.625000
v 27255.811991 48164.696489 158.468750
v 27291.174558 48196.000590 162.116912
v 27280.339589 48168.964968 162.430093
v 27278.628926 48164.696489 162.479539
v 26855.811991 48098.029823 129.041667
v 26815.566657 48138.275157 129.670500
v 26816.311013 48140.132488 129.689358
v 26799.437679 48098.029823 129.041667
v 26922.478658 48098.029823 129.302083
v 26989.145325 48098.029823 130.343750
v 27055.811991 48098.029823 131.906250
v 27122.478658 48098.029823 136.854167
v 27189.145325 48098.029823 149.354167
v 27255.811991 48107.763235 164.028638
v 27255.615762 48107.273601 164.032762
v 27253.027213 48100.814601 164.087167
v 27251.911167 48098.029823 164.064911
v 27272.100885 48148.407596 162.095574
v 26789.145325 48072.348141 128.640390
v 26789.145325 48031.363156 128.000000
v 26777.419312 48043.089169 128.229024
v 26772.719920 48031.363156 128.000000
v 26855.811991 48031.363156 128.000000
v 26796.492984 48090.682163 128.926859
v 26791.587186 48078.441120 128.735593
v 26922.478658 48031.363156 129.041667
v 26989.145325 48031.363156 130.083333
v 27055.811991 48031.363156 132.166667
v 27122.478658 48031.363156 139.979167
v 27189.145325 48031.363156 155.343750
v 27233.953540 48053.221607 163.356734
v 27230.891936 48045.582233 163.361399
v 27225.193407 48031.363156 163.370081
v 26789.145325 47964.696489 127.218750
v 26758.345639 47995.496175 127.579684
v 26766.863359 48016.749753 127.828749
v 26746.002161 47964.696489 127.050222
v 26855.811991 47964.696489 127.739583
v 26922.478658 47964.696489 129.041667
v 26989.145325 47964.696489 130.083333
v 27055.811991 47964.696489 132.687500
v 27122.478658 47964.696489 143.364583
v 27189.145325 47964.696489 158.208333
v 27214.879867 48005.628613 161.676860
v 27206.168109 47983.890866 160.841328
v 27198.475648 47964.696489 160.103555
v 26722.478658 47906.000194 126.270486
v 26722.478658 47898.029823 126.177083
v 26720.198294 47900.310186 126.185991
v 26719.284401 47898.029823 126.177083
v 26789.145325 47898.029823 126.437500
v 26739.271967 47947.903181 126.827136
v 26742.139532 47955.058386 126.922187
v 26855.811991 47898.029823 127.479167
v 26922.478658 47898.029823 129.041667
v 26989.145325 47898.029823 130.343750
v 27055.811991 47898.029823 135.291667
v 27122.478658 47898.029823 147.791667
v 27189.145325 47941.415288 158.663044
v 27181.444282 47922.199499 157.323667
v 27176.732522 47910.442625 156.504191
v 27171.757888 47898.029823 156.454031
v 27195.806195 47958.035619 159.431227
v 26722.478658 47831.363156 125.916667
v 26701.124622 47852.717192 126.000081
v 26717.415706 47893.367018 126.158869
v 26692.566642 47831.363156 125.916667
v 26692.691879 47831.675651 125.917887
v 26789.145325 47831.363156 126.177083
v 26855.811991 47831.363156 127.218750
v 26922.478658 47831.363156 128.781250
v 26989.145325 47831.363156 131.125000
v 27055.811991 47831.363156 140.239583
v 27122.478658 47831.363156 153.000000
v 27157.658850 47862.849631 154.525375
v 27156.720456 47860.508131 154.602002
v 27145.040129 47831.363156 155.555792
v 26722.478658 47764.696489 125.395833
v 26682.050949 47805.124198 125.711675
v 26665.848882 47764.696489 125.174623
v 26667.968053 47769.984283 125.244868
v 26789.145325 47764.696489 125.656250
v 26855.811991 47764.696489 126.958333
v 26922.478658 47764.696489 128.260417
v 26989.145325 47764.696489 132.947917
v 27055.811991 47764.696489 148.312500
v 27122.478658 47775.067340 157.618016
v 27119.511505 47767.663642 157.657419
v 27118.322370 47764.696489 157.835565
v 27138.585177 47815.256637 155.202063
v 26655.811991 47739.652246 124.744100
v 26655.811991 47698.029823 124.093750
v 26643.903604 47709.938210 124.140267
v 26639.131123 47698.029823 123.767952
v 26722.478658 47698.029823 125.135417
v 26662.977277 47757.531204 125.135417
v 26789.145325 47698.029823 125.395833
v 26855.811991 47698.029823 126.437500
v 26922.478658 47698.029823 128.000000
v 26989.145325 47698.029823 134.770833
v 27055.811991 47698.029823 150.656250
v 27107.272802 47737.125397 158.198525
v 27100.437832 47720.070648 158.423042
v 27091.604610 47698.029823 157.507181
v 26655.811991 47631.363156 123.312500
v 26624.829932 47662.345216 123.070453
v 26612.413363 47631.363156 122.295345
v 26618.520399 47646.601549 122.676578
v 26722.478658 47631.363156 124.354167
v 26789.145325 47631.363156 125.135417
v 26855.811991 47631.363156 126.177083
v 26922.478658 47631.363156 128.520833
v 26989.145325 47631.363156 137.375000
v 27055.811991 47631.363156 152.739583
v 27081.364160 47672.477654 156.944479
v 27064.886851 47631.363156 154.689260
v 26589.145325 47573.227070 121.750000
v 26589.145325 47564.696489 121.750000
v 26586.716451 47567.125363 121.712049
v 26585.749602 47564.696489 121.683677
v 26655.811991 47564.696489 123.052083
v 26605.756259 47614.752221 122.074432
v 26593.615082 47584.455791 121.837300
v 26593.796573 47584.910181 121.840845
v 26722.478658 47564.696489 123.833333
v 26789.145325 47564.696489 124.614583
v 26855.811991 47564.696489 125.916667
v 26922.478658 47564.696489 129.041667
v 26989.145325 47564.696489 139.197917
v 27055.811991 47608.719392 154.154819
v 27043.216815 47577.291666 153.216257
v 27038.169091 47564.696489 152.219855
v 27062.290487 47624.884660 154.435127
v 26589.145325 47498.029823 121.489583
v 26567.830269 47519.344878 121.156536
v 26569.037050 47522.711979 121.193258
v 26560.615167 47498.029823 121.043800
v 26564.121577 47508.997062 121.098587
v 26655.811991 47498.029823 122.531250
v 26722.478658 47498.029823 123.312500
v 26789.145325 47498.029823 124.354167
v 26855.811991 47498.029823 125.656250
v 26922.478658 47498.029823 127.218750
v 26989.145325 47498.029823 136.072917
v 27033.101322 47552.051294 150.429171
v 27024.143142 47529.698672 147.263820
v 27011.451332 47498.029823 142.259348
v 26589.145325 47431.363156 121.489583
v 26551.376154 47469.132327 120.899440
v 26539.300718 47431.363156 120.710761
v 26543.882080 47445.692597 120.782345
v 26655.811991 47431.363156 122.010417
v 26722.478658 47431.363156 122.531250
v 26789.145325 47431.363156 123.833333
v 26855.811991 47431.363156 124.614583
v 26922.478658 47431.363156 124.614583
v 26989.145325 47442.371445 128.898204
v 26985.995797 47434.512683 127.466864
v 26984.733573 47431.363156 127.289599
v 27005.069470 47482.105678 136.757157
v 26522.478658 47378.747643 120.447917
v 26522.478658 47364.696489 120.447917
v 26519.074603 47368.100545 120.408025
v 26517.986269 47364.696489 120.412820
v 26589.145325 47364.696489 120.447917
v 26535.225378 47418.616436 120.447917
v 26523.642584 47382.388133 120.447917
v 26655.811991 47364.696489 121.489583
v 26722.478658 47364.696489 122.531250
v 26789.145325 47364.696489 123.312500
v 26855.811991 47364.696489 123.572917
v 26922.478658 47364.696489 123.052083
v 26983.744679 47428.895649 127.083250
v 26967.003241 47386.838573 123.571038
v 26961.952881 47374.151290 123.273680
v 26958.930023 47364.696489 123.052083
v 26522.478658 47298.029823 119.927083
v 26502.923827 47317.584654 119.927083
v 26503.403087 47319.083669 119.942539
v 26496.671820 47298.029823 119.826275
v 26589.145325 47298.029823 119.927083
v 26655.811991 47298.029823 120.968750
v 26722.478658 47298.029823 122.531250
v 26789.145325 47298.029823 123.052083
v 26855.811991 47298.029823 122.791667
v 26922.478658 47298.029823 121.750000
v 26950.099256 47337.075891 122.296833
v 26943.933103 47317.789591 121.968320
v 26937.615575 47298.029823 121.631743
v 26522.478658 47231.363156 119.406250
v 26486.773051 47267.068763 119.545725
v 26475.357371 47231.363156 119.038115
v 26589.145325 47231.363156 119.927083
v 26655.811991 47231.363156 121.229167
v 26722.478658 47231.363156 122.270833
v 26789.145325 47231.363156 122.791667
v 26855.811991 47231.363156 122.010417
v 26922.478658 47250.685049 120.640357
v 26917.797705 47236.044109 120.370350
v 26916.301126 47231.363156 120.356417
v 26933.948480 47286.560000 121.436372
v 26923.693606 47254.485127 120.724675
v 26455.811991 47170.229729 118.646614
v 26455.811991 47164.696489 118.625000
v 26454.471500 47166.036981 118.614527
v 26454.042922 47164.696489 118.597358
v 26522.478658 47164.696489 118.885417
v 26470.622275 47216.552872 118.885417
v 26462.924094 47192.474741 118.761290
v 26589.145325 47164.696489 119.666667
v 26655.811991 47164.696489 120.968750
v 26722.478658 47164.696489 122.010417
v 26789.145325 47164.696489 122.010417
v 26855.811991 47164.696489 121.229167
v 26901.646929 47185.528218 120.578075
v 26894.986677 47164.696489 120.464036
v 26455.811991 47098.029823 118.364583
v 26438.320724 47115.521090 118.159608
v 26442.684597 47129.170276 118.281110
v 26432.728473 47098.029823 118.094073
v 26522.478658 47098.029823 118.625000
v 26589.145325 47098.029823 119.666667
v 26655.811991 47098.029823 120.708333
v 26722.478658 47098.029823 121.229167
v 26789.145325 47098.029823 121.229167
v 26855.811991 47098.029823 120.968750
v 26885.496153 47135.012327 120.881305
v 26883.214613 47127.876198 120.871254
v 26873.672228 47098.029823 120.829217
v 26455.811991 47031.363156 118.104167
v 26422.174563 47065.000585 117.841374
v 26422.445101 47065.865812 117.847924
v 26411.880738 47031.363156 117.589347
v 26421.643136 47063.300992 117.828508
v 26522.478658 47031.363156 118.625000
v 26589.145325 47031.363156 119.145833
v 26655.811991 47031.363156 120.187500
v 26722.478658 47031.363156 120.187500
v 26789.145325 47031.363156 119.927083
v 26855.811991 47042.167134 119.877682
v 26853.194602 47033.980545 119.728012
v 26852.357779 47031.363156 119.680160
v 26869.345378 47084.496436 120.704426
v 26862.975117 47064.571734 120.315272
v 26455.811991 46964.696489 117.583333
v 26406.558174 47013.950307 117.390936
v 26393.269061 46964.696489 117.094717
v 26399.117717 46988.495651 117.233375
v 26402.222441 46999.765889 117.301655
v 26522.478658 46964.696489 118.104167
v 26589.145325 46964.696489 119.145833
v 26655.811991 46964.696489 119.406250
v 26722.478658 46964.696489 119.406250
v 26789.145325 46964.696489 118.885417
v 26837.043826 46983.464654 118.804462
v 26831.043330 46964.696489 118.558089
v 26389.145325 46898.029823 116.802083
v 26379.240136 46907.935011 116.724699
v 26383.371026 46924.419728 116.837501
v 26389.145325 46947.916315 116.996952
v 26376.758004 46898.029823 116.560143
v 26455.811991 46898.029823 117.062500
v 26392.455567 46961.386247 117.062500
v 26522.478658 46898.029823 117.583333
v 26589.145325 46898.029823 118.885417
v 26655.811991 46898.029823 119.406250
v 26722.478658 46898.029823 119.406250
v 26789.145325 46898.029823 118.885417
v 26822.905311 46939.242650 118.522238
v 26820.960768 46932.881046 118.512579
v 26810.307838 46898.029823 118.637418
v 26389.145325 46831.363156 116.541667
v 26365.881680 46854.626801 116.178172
v 26367.332403 46860.416051 116.229121
v 26360.052064 46831.363156 115.973439
v 26455.811991 46831.363156 116.541667
v 26522.478658 46831.363156 117.062500
v 26589.145325 46831.363156 118.364583
v 26655.811991 46831.363156 119.145833
v 26722.478658 46831.363156 119.145833
v 26789.145325 46831.363156 118.625000
v 26805.586661 46882.584419 118.692745
v 26805.390192 46881.784955 118.695047
v 26792.999009 46831.363156 118.594893
v 26389.145325 46764.696489 115.760417
v 26352.523224 46801.318590 115.474307
v 26343.346125 46764.696489 115.402610
v 26455.811991 46764.696489 116.020833
v 26522.478658 46764.696489 116.802083
v 26589.145325 46764.696489 118.104167
v 26655.811991 46764.696489 119.145833
v 26722.478658 46764.696489 118.885417
v 26789.145325 46815.828144 118.564316
v 26778.899725 46774.942089 118.484649
v 26776.332290 46764.696489 118.464685
v 26792.238788 46828.269692 118.612916
v 26791.121213 46823.722092 118.595152
v 26790.890673 46822.793123 118.591523
v 26389.145325 46698.029823 115.239583
v 26339.164768 46748.010379 115.239583
v 26326.640186 46698.029823 114.751262
v 26335.022499 46731.480254 115.078080
v 26455.811991 46698.029823 115.500000
v 26522.478658 46698.029823 116.541667
v 26589.145325 46698.029823 117.843750
v 26655.811991 46698.029823 118.364583
v 26722.478658 46698.029823 118.625000
v 26765.541269 46721.633878 118.717203
v 26759.626351 46698.029823 118.625000
v 26322.478658 46681.422844 114.589008
v 26322.478658 46631.363156 114.197917
v 26312.447856 46641.393958 114.041185
v 26309.934246 46631.363156 113.903907
v 26389.145325 46631.363156 114.718750
v 26325.806312 46694.702169 114.718750
v 26455.811991 46631.363156 115.239583
v 26522.478658 46631.363156 116.281250
v 26589.145325 46631.363156 117.583333
v 26655.811991 46631.363156 117.583333
v 26722.478658 46631.363156 117.843750
v 26758.580768 46693.857326 118.625000
v 26752.182813 46668.325667 118.625000
v 26742.920411 46631.363156 118.083302
v 26322.478658 46564.696489 113.416667
v 26299.089400 46588.085747 113.142574
v 26302.712595 46602.544457 113.396930
v 26293.228307 46564.696489 112.731112
v 26389.145325 46564.696489 114.197917
v 26455.811991 46564.696489 114.718750
v 26522.478658 46564.696489 115.760417
v 26589.145325 46564.696489 117.322917
v 26655.811991 46564.696489 117.062500
v 26722.478658 46564.696489 117.583333
v 26742.425816 46629.389427 118.077506
v 26738.824357 46615.017457 118.035301
v 26726.270864 46564.921529 117.643466
v 26726.214472 46564.696489 117.641705
v 26322.478658 46498.029823 112.635417
v 26285.730944 46534.777537 112.204779
v 26286.557643 46538.076559 112.262816
v 26276.522368 46498.029823 111.558316
v 26389.145325 46498.029823 113.416667
v 26455.811991 46498.029823 113.937500
v 26522.478658 46498.029823 115.239583
v 26589.145325 46498.029823 115.760417
v 26655.811991 46498.029823 115.760417
v 26722.478658 46549.788363 117.233924
v 26712.107445 46508.401035 116.182884
v 26710.115912 46500.453630 116.019881
v 26709.508533 46498.029823 115.970169
v 26725.465901 46561.709246 117.326617
v 26322.478658 46431.363156 112.375000
v 26272.372488 46481.469326 111.396364
v 26259.816428 46431.363156 111.151128
v 26389.145325 46431.363156 112.895833
v 26455.811991 46431.363156 113.677083
v 26522.478658 46431.363156 114.197917
v 26589.145325 46431.363156 113.937500
v 26655.811991 46431.363156 113.156250
v 26698.748989 46455.092825 105.697058
v 26693.960960 46435.985732 105.885849
v 26692.802593 46431.363156 105.931523
v 26255.811991 46364.696489 111.854167
v 26245.655576 46374.852905 111.497105
v 26254.247739 46409.140762 111.296673
v 26255.811991 46415.383063 111.260183
v 26243.110489 46364.696489 111.606090
v 26322.478658 46364.696489 112.114583
v 26259.014032 46428.161115 111.122949
v 26389.145325 46364.696489 112.375000
v 26455.811991 46364.696489 113.156250
v 26522.478658 46364.696489 113.937500
v 26589.145325 46364.696489 113.156250
v 26655.811991 46364.696489 110.031250
v 26685.390533 46401.784614 98.944685
v 26677.806008 46371.517833 100.814532
v 26676.096654 46364.696489 101.235947
v 26255.811991 46298.029823 112.114583
v 26232.297120 46321.544694 111.563454
v 26238.092787 46344.672863 111.586306
v 26226.404550 46298.029823 111.769965
v 26322.478658 46298.029823 111.854167
v 26389.145325 46298.029823 112.114583
v 26455.811991 46298.029823 112.895833
v 26522.478658 46298.029823 112.895833
v 26589.145325 46298.029823 110.291667
v 26655.811991 46298.029823 104.041667
v 26672.032077 46348.476403 98.816581
v 26661.651056 46307.049935 101.339505
v 26659.390714 46298.029823 101.888841
v 26255.811991 46231.363156 112.114583
v 26218.938664 46268.236484 111.682474
v 26221.937835 46280.204965 111.717621
v 26209.698610 46231.363156 111.934453
v 26322.478658 46231.363156 111.333333
v 26389.145325 46231.363156 111.854167
v 26455.811991 46231.363156 112.375000
v 26522.478658 46231.363156 110.552083
v 26589.145325 46231.363156 105.604167
v 26655.811991 46283.748582 101.698651
v 26645.496104 46242.582036 95.911879
v 26645.315165 46241.859982 95.810380
v 26642.684775 46231.363156 95.565520
v 26658.673621 46295.168193 100.967650
v 26255.811991 46164.696489 111.333333
v 26205.580208 46214.928273 111.725769
v 26205.782883 46215.737066 111.736039
v 26192.992671 46164.696489 111.333333
v 26322.478658 46164.696489 110.552083
v 26389.145325 46164.696489 111.072917
v 26455.811991 46164.696489 111.593750
v 26522.478658 46164.696489 107.427083
v 26589.145325 46164.696489 100.916667
v 26631.956709 46188.551771 85.870794
v 26629.341152 46178.114138 86.158600
v 26625.978836 46164.696489 86.528576
v 26189.145325 46149.343282 111.093439
v 26189.145325 46098.029823 110.291667
v 26178.863296 46108.311852 110.291667
v 26176.286731 46098.029823 110.191209
v 26255.811991 46098.029823 110.291667
v 26192.221752 46161.620062 111.285264
v 26189.627931 46151.269168 111.123531
v 26322.478658 46098.029823 110.031250
v 26389.145325 46098.029823 110.552083
v 26455.811991 46098.029823 110.291667
v 26522.478658 46098.029823 103.520833
v 26589.145325 46098.029823 95.708333
v 26618.598253 46135.243561 79.862425
v 26613.186200 46113.646239 81.621090
v 26609.272896 46098.029823 82.892731
v 26189.145325 46031.363156 110.031250
v 26165.504840 46055.003641 109.938904
v 26173.472978 46086.801269 110.125365
v 26159.580792 46031.363156 109.800277
v 26255.811991 46031.363156 109.510417
v 26322.478658 46031.363156 109.510417
v 26389.145325 46031.363156 110.031250
v 26455.811991 46031.363156 108.208333
v 26522.478658 46031.363156 98.572917
v 26589.145325 46031.363156 88.156250
v 26605.239797 46081.935350 83.511741
v 26597.031248 46049.178341 85.091652
v 26592.566957 46031.363156 85.950901
v 26189.145325 45964.696489 108.989583
v 26152.146384 46001.695430 109.278638
v 26157.318026 46022.333371 109.641509
v 26142.874853 45964.696489 108.808839
v 26255.811991 45964.696489 108.729167
v 26322.478658 45964.696489 108.989583
v 26389.145325 45964.696489 109.770833
v 26455.811991 45964.696489 106.125000
v 26522.478658 45964.696489 92.843750
v 26589.145325 46017.708801 83.835927
v 26580.876296 45984.710443 74.687076
v 26578.522885 45975.318929 72.083262
v 26575.861018 45964.696489 72.199791
v 26591.881341 46028.627140 85.420234
v 26189.145325 45898.029823 107.947917
v 26138.787928 45948.387220 108.538042
v 26141.163074 45957.865472 108.695418
v 26126.168913 45898.029823 107.701915
v 26255.811991 45898.029823 107.947917
v 26322.478658 45898.029823 108.468750
v 26389.145325 45898.029823 109.250000
v 26455.811991 45898.029823 102.218750
v 26522.478658 45898.029823 85.291667
v 26565.164429 45922.010718 64.164248
v 26564.721344 45920.242544 64.211451
v 26559.155078 45898.029823 64.804448
v 26122.478658 45883.303502 107.514926
v 26122.478658 45831.363156 106.906250
v 26112.071016 45841.770798 106.865595
v 26109.462974 45831.363156 106.804565
v 26189.145325 45831.363156 107.166667
v 26125.429472 45895.079009 107.664447
v 26125.008122 45893.397574 107.643097
v 26255.811991 45831.363156 107.427083
v 26322.478658 45831.363156 108.208333
v 26389.145325 45831.363156 107.427083
v 26455.811991 45831.363156 96.750000
v 26522.478658 45831.363156 74.614583
v 26551.805973 45868.702508 61.806903
v 26548.566392 45855.774646 61.811781
v 26542.449139 45831.363156 61.820994
v 26122.478658 45764.696489 106.645833
v 26098.712560 45788.462588 106.552997
v 26108.853170 45828.929675 106.790295
v 26092.757035 45764.696489 106.413633
v 26189.145325 45764.696489 106.385417
v 26255.811991 45764.696489 106.645833
v 26322.478658 45764.696489 107.687500
v 26389.145325 45764.696489 104.562500
v 26455.811991 45764.696489 88.937500
v 26522.478658 45764.696489 61.593750
v 26538.447517 45815.394297 63.511236
v 26532.411440 45791.306747 61.824675
v 26525.743200 45764.696489 59.961479
v 26122.478658 45698.029823 106.385417
v 26085.354104 45735.154377 106.240399
v 26092.698218 45764.461777 106.412257
v 26076.051095 45698.029823 106.204059
v 26076.543266 45699.993878 106.205982
v 26189.145325 45698.029823 106.125000
v 26255.811991 45698.029823 106.385417
v 26322.478658 45698.029823 106.906250
v 26389.145325 45698.029823 100.395833
v 26455.811991 45698.029823 81.906250
v 26522.478658 45751.669021 60.575979
v 26516.256488 45726.838849 61.188184
v 26511.730605 45708.777876 61.633489
v 26509.037260 45698.029823 61.530952
v 26525.089061 45762.086086 60.339533
v 26122.478658 45631.363156 105.604167
v 26071.995648 45681.846166 105.998565
v 26059.345156 45631.363156 105.110936
v 26060.388314 45635.525980 105.184130
v 26189.145325 45631.363156 104.822917
v 26255.811991 45631.363156 105.864583
v 26322.478658 45631.363156 105.604167
v 26389.145325 45631.363156 94.406250
v 26455.811991 45631.363156 74.614583
v 26498.372149 45655.469665 62.454928
v 26492.331321 45631.363156 61.918410
v 26055.811991 45617.263721 104.807954
v 26055.811991 45564.696489 103.781250
v 26045.278736 45575.229745 103.740104
v 26042.639217 45564.696489 103.523969
v 26122.478658 45564.696489 104.562500
v 26058.637192 45628.537956 105.061261
v 26189.145325 45564.696489 104.302083
v 26255.811991 45564.696489 105.343750
v 26322.478658 45564.696489 101.958333
v 26389.145325 45564.696489 86.593750
v 26455.811991 45564.696489 67.843750
v 26485.013693 45602.161454 63.435807
v 26483.946584 45597.903052 63.303437
v 26475.625381 45564.696489 62.271234
v 26055.811991 45498.029823 102.479167
v 26031.920280 45521.921534 102.479167
v 26025.933277 45498.029823 101.778884
v 26122.478658 45498.029823 103.781250
v 26189.145325 45498.029823 104.041667
v 26255.811991 45498.029823 104.302083
v 26322.478658 45498.029823 94.666667
v 26389.145325 45498.029823 76.697917
v 26455.811991 45498.029823 63.416667
v 26471.655237 45548.853244 63.325949
v 26467.791632 45533.435153 63.147256
v 26458.919442 45498.029823 62.736912
v 26055.811991 45431.363156 101.958333
v 26018.561824 45468.613324 101.376299
v 26009.227338 45431.363156 101.048477
v 26122.478658 45431.363156 103.000000
v 26189.145325 45431.363156 103.520833
v 26255.811991 45431.363156 102.479167
v 26322.478658 45431.363156 87.375000
v 26389.145325 45431.363156 69.927083
v 26455.811991 45485.629240 63.029148
v 26451.636680 45468.967255 63.340262
v 26444.938325 45442.236822 63.839374
v 26442.213503 45431.363156 63.086264
v 26458.296781 45495.545033 62.853707
v 26055.811991 45364.696489 101.697917
v 26005.203368 45415.305113 100.907157
v 25992.521399 45364.696489 101.697917
v 25995.768506 45377.654386 101.495450
v 26122.478658 45364.696489 102.218750
v 26189.145325 45364.696489 102.739583
v 26255.811991 45364.696489 96.229167
v 26322.478658 45364.696489 78.000000
v 26389.145325 45364.696489 64.718750
v 26435.481728 45404.499356 63.114538
v 26431.579869 45388.928612 63.130926
v 26425.507563 45364.696489 61.735910
v 25989.145325 45351.223940 101.803171
v 25989.145325 45298.029823 102.218750
v 25978.486455 45308.688692 102.260386
v 25975.815459 45298.029823 102.479099
v 26055.811991 45298.029823 101.697917
v 25991.844912 45361.996902 101.697917
v 26122.478658 45298.029823 101.697917
v 26189.145325 45298.029823 101.437500
v 26255.811991 45298.029823 91.281250
v 26322.478658 45298.029823 72.270833
v 26389.145325 45298.029823 60.291667
v 26419.326776 45340.031458 61.375798
v 26418.221413 45335.620401 61.311396
v 26408.801624 45298.029823 59.293495
v 25989.145325 45231.363156 102.218750
v 25965.127999 45255.380481 102.687838
v 25959.109520 45231.363156 102.805387
v 26055.811991 45231.363156 101.437500
v 26122.478658 45231.363156 101.437500
v 26189.145325 45231.363156 97.531250
v 26255.811991 45231.363156 83.208333
v 26322.478658 45231.363156 64.979167
v 26389.145325 45231.363156 55.343750
v 26404.862957 45282.312190 58.940933
v 26403.171824 45275.563559 58.459876
v 26392.095685 45231.363156 55.309175
v 25989.145325 45164.696489 102.479167
v 25951.769543 45202.072271 103.063163
v 25942.476867 45164.696489 103.390660
v 25947.121360 45183.517654 103.226427
v 25947.303650 45184.250690 103.220003
v 26055.811991 45164.696489 101.177083
v 26122.478658 45164.696489 100.656250
v 26189.145325 45164.696489 93.364583
v 26255.811991 45164.696489 75.135417
v 26322.478658 45164.696489 57.947917
v 26389.145325 45219.589459 54.607894
v 26387.016871 45211.095661 54.384660
v 26378.146045 45175.695769 53.454278
v 26375.389745 45164.696489 52.574134
v 26391.504501 45229.003980 55.196301
v 25989.145325 45098.029823 101.437500
v 25938.518676 45148.656471 103.217343
v 25926.163337 45098.029823 101.683523
v 25930.880539 45117.685999 102.279352
v 25931.198584 45118.992807 102.318948
v 26055.811991 45098.029823 100.656250
v 26122.478658 45098.029823 100.395833
v 26189.145325 45098.029823 93.885417
v 26255.811991 45098.029823 73.833333
v 26322.478658 45098.029823 55.343750
v 26370.861919 45146.627762 52.257601
v 26364.787589 45122.387558 51.832954
v 26358.683806 45098.029823 51.525238
v 25922.478658 45082.676083 101.158137
v 25922.478658 45031.363156 99.354167
v 25912.547599 45041.294215 99.625719
v 25910.164287 45031.363156 98.825034
v 25989.145325 45031.363156 100.135417
v 25925.450207 45095.058273 101.628271
v 26055.811991 45031.363156 99.614583
v 26122.478658 45031.363156 99.614583
v 26189.145325 45031.363156 95.187500
v 26255.811991 45031.363156 74.614583
v 26322.478658 45031.363156 53.520833
v 26354.798772 45082.526218 51.208257
v 26351.470327 45069.038154 50.927050
v 26342.173279 45031.363156 51.059006
v 25922.478658 44964.696489 97.270833
v 25899.644991 44987.530156 97.003251
v 25899.861783 44988.433508 97.040796
v 25894.165237 44964.696489 94.727049
v 25989.145325 44964.696489 98.312500
v 26055.811991 44964.696489 98.052083
v 26122.478658 44964.696489 94.666667
v 26189.145325 44964.696489 89.197917
v 26255.811991 44964.696489 72.531250
v 26322.478658 44964.696489 47.531250
v 26339.127597 45019.020948 50.764752
v 26338.294076 45015.547738 50.679000
v 26326.090501 44964.696489 47.206749
v 25922.478658 44898.029823 96.489583
v 25886.742383 44933.766097 93.697687
v 25878.166187 44898.029823 91.642907
v 25989.145325 44898.029823 97.010417
v 26055.811991 44898.029823 96.489583
v 26122.478658 44898.029823 86.593750
v 26189.145325 44898.029823 67.843750
v 26255.811991 44898.029823 54.562500
v 26322.478658 44949.646252 46.355450
v 26312.488860 44908.019621 46.849544
v 26310.091450 44898.029823 44.597131
v 26325.391468 44961.783680 47.235418
v 25922.478658 44831.363156 95.708333
v 25873.839775 44880.002039 90.958442
v 25862.167137 44831.363156 91.232088
v 25868.843027 44859.181017 91.075583
v 25989.145325 44831.363156 96.229167
v 26055.811991 44831.363156 97.270833
v 26122.478658 44831.363156 92.583333
v 26189.145325 44831.363156 68.364583
v 26255.811991 44831.363156 45.187500
v 26299.586252 44854.255562 44.815887
v 26294.092400 44831.363156 42.047310
v 25855.811991 44804.881812 91.277630
v 25855.811991 44764.696489 92.062500
v 25848.034559 44772.473921 89.632053
v 25846.168087 44764.696489 89.802210
v 25922.478658 44764.696489 95.447917
v 25860.937167 44826.237980 91.120781
v 25989.145325 44764.696489 95.708333
v 26055.811991 44764.696489 96.229167
v 26122.478658 44764.696489 83.989583
v 26189.145325 44764.696489 56.385417
v 26255.811991 44764.696489 40.760417
v 26292.756392 44825.796125 42.113412
v 26286.683644 44800.491504 42.413875
v 26278.093350 44764.696489 40.238197
v 25855.811991 44698.029823 93.104167
v 25835.131951 44718.709863 87.934157
v 25837.824271 44729.928526 88.389877
v 25830.169036 44698.029823 89.197623
v 25922.478658 44698.029823 95.447917
v 25989.145325 44698.029823 95.708333
v 26055.811991 44698.029823 94.666667
v 26122.478658 44698.029823 73.572917
v 26189.145325 44698.029823 40.760417
v 26255.811991 44698.029823 33.208333
v 26273.781036 44746.727445 40.198884
v 26262.094300 44698.029823 33.723679
v 25855.811991 44631.363156 95.447917
v 25822.229343 44664.945804 89.151170
v 25822.314893 44665.302281 89.151671
v 25814.169986 44631.363156 92.357299
v 25922.478658 44631.363156 95.187500
v 25989.145325 44631.363156 95.447917
v 26055.811991 44631.363156 91.802083
v 26122.478658 44631.363156 67.062500
v 26189.145325 44631.363156 33.989583
v 26255.811991 44671.851981 31.572218
v 26247.975820 44639.199328 30.419119
v 26246.228258 44631.917389 29.809249
v 26246.095250 44631.363156 29.762831
v 26261.737636 44696.543634 33.688616
v 26260.878428 44692.963386 33.604149
v 25855.811991 44564.696489 95.708333
v 25809.326735 44611.181745 92.076673
v 25798.170936 44564.696489 93.006409
v 25922.478658 44564.696489 94.406250
v 25989.145325 44564.696489 91.020833
v 26055.811991 44564.696489 81.385417
v 26122.478658 44564.696489 58.468750
v 26189.145325 44564.696489 31.906250
v 26235.073212 44585.435269 32.195525
v 26230.718880 44567.291143 31.662540
v 26230.096200 44564.696489 31.586321
v 25789.145325 44527.087541 91.554964
v 25789.145325 44498.029823 90.760417
v 25783.521519 44503.653628 89.354465
v 25782.171886 44498.029823 89.098777
v 25855.811991 44498.029823 94.406250
v 25796.424127 44557.417687 92.782363
v 25791.296137 44536.049790 91.917648
v 25922.478658 44498.029823 93.104167
v 25989.145325 44498.029823 83.989583
v 26055.811991 44498.029823 65.239583
v 26122.478658 44498.029823 45.187500
v 26189.145325 44498.029823 31.906250
v 26222.170604 44531.671210 33.583315
v 26215.209502 44502.664898 33.229822
v 26214.097150 44498.029823 33.173335
v 25789.145325 44431.363156 90.760417
v 25770.618911 44449.889569 86.345920
v 25775.786759 44471.423544 87.577321
v 25766.172836 44431.363156 85.914657
v 25855.811991 44431.363156 93.104167
v 25922.478658 44431.363156 92.322917
v 25989.145325 44431.363156 83.989583
v 26055.811991 44431.363156 60.812500
v 26122.478658 44431.363156 44.145833
v 26189.145325 44431.363156 39.979167
v 26209.267996 44477.907152 34.421584
v 26199.700124 44438.038652 39.212035
v 26198.098100 44431.363156 40.014138
v 25789.145325 44364.696489 90.500000
v 25757.716303 44396.125511 83.993210
v 25760.277381 44406.797299 84.575124
v 25750.173786 44364.696489 83.649534
v 25855.811991 44364.696489 92.062500
v 25922.478658 44364.696489 91.802083
v 25989.145325 44364.696489 82.947917
v 26055.811991 44364.696489 57.947917
v 26122.478658 44364.696489 43.625000
v 26189.145325 44394.057710 40.853513
v 26184.190746 44373.412407 41.647049
v 26183.462780 44370.379034 41.763641
v 26182.099050 44364.696489 41.761863
v 26196.365388 44424.143093 39.809946
v 25789.145325 44298.029823 90.500000
v 25744.813695 44342.361452 82.707331
v 25734.174736 44298.029823 81.910846
v 25744.768002 44342.171053 82.703910
v 25855.811991 44298.029823 91.281250
v 25922.478658 44298.029823 89.458333
v 25989.145325 44298.029823 73.833333
v 26055.811991 44298.029823 49.875000
v 26122.478658 44298.029823 39.979167
v 26170.560172 44316.614976 37.614811
v 26168.681368 44308.786161 37.318776
v 26166.100000 44298.029823 36.912041
v 25722.478658 44249.293271 77.989185
v 25722.478658 44231.363156 77.218750
v 25719.008479 44234.833335 75.849656
v 25718.175686 44231.363156 75.705986
v 25789.145325 44231.363156 89.197917
v 25731.911087 44288.597393 81.372923
v 25729.258624 44277.544808 80.421393
v 25855.811991 44231.363156 90.760417
v 25922.478658 44231.363156 89.718750
v 25989.145325 44231.363156 74.354167
v 26055.811991 44231.363156 42.583333
v 26122.478658 44231.363156 16.802083
v 26157.657564 44262.850917 22.801967
v 26153.171990 44244.159916 16.934707
v 26150.100950 44231.363156 12.917699
v 25722.478658 44164.696489 77.479167
v 25706.105871 44181.069276 71.659153
v 25713.749246 44212.918562 74.221865
v 25702.176636 44164.696489 71.610613
v 25789.145325 44164.696489 87.635417
v 25855.811991 44164.696489 89.458333
v 25922.478658 44164.696489 85.031250
v 25989.145325 44164.696489 66.020833
v 26055.811991 44164.696489 36.593750
v 26122.478658 44164.696489 4.562500
v 26144.754956 44209.086858 9.231623
v 26137.662612 44179.533670 4.914021
v 26134.101900 44164.696489 2.746368
v 25722.478658 44098.029823 77.218750
v 25693.203263 44127.305217 68.870688
v 25698.239868 44148.292317 70.408563
v 25686.177586 44098.029823 67.576278
v 25789.145325 44098.029823 86.854167
v 25855.811991 44098.029823 89.458333
v 25922.478658 44098.029823 85.552083
v 25989.145325 44098.029823 61.072917
v 26055.811991 44098.029823 28.520833
v 26122.478658 44116.263440 1.913818
v 26122.153234 44114.907425 1.996017
v 26118.949740 44101.558741 2.805189
v 26118.102850 44098.029823 2.728525
v 26131.852348 44155.322800 2.878165
v 25722.478658 44031.363156 76.437500
v 25680.300655 44073.541159 65.728242
v 25682.730490 44083.666071 66.492318
v 25670.178536 44031.363156 62.545280
v 25789.145325 44031.363156 86.333333
v 25855.811991 44031.363156 89.197917
v 25922.478658 44031.363156 83.729167
v 25989.145325 44031.363156 56.125000
v 26055.811991 44031.363156 20.447917
v 26106.047132 44047.794682 4.188187
v 26102.103800 44031.363156 3.630971
v 25655.811991 43971.499000 58.027634
v 25655.811991 43964.696489 57.947917
v 25654.495439 43966.013041 57.541637
v 25654.179486 43964.696489 57.476021
v 25722.478658 43964.696489 75.135417
v 25667.398047 44019.777100 61.580423
v 25667.221112 44019.039826 61.526167
v 25789.145325 43964.696489 85.812500
v 25855.811991 43964.696489 87.375000
v 25922.478658 43964.696489 74.875000
v 25989.145325 43964.696489 45.968750
v 26055.811991 43964.696489 13.416667
v 26093.144524 43994.030623 4.989915
v 26091.134478 43985.654934 4.726829
v 26086.104750 43964.696489 4.068511
v 25655.811991 43898.029823 58.208333
v 25641.592831 43912.248983 54.042564
v 25651.711734 43954.413581 56.802854
v 25638.180436 43898.029823 53.111712
v 25722.478658 43898.029823 75.135417
v 25789.145325 43898.029823 85.291667
v 25855.811991 43898.029823 86.333333
v 25922.478658 43898.029823 67.062500
v 25989.145325 43898.029823 32.427083
v 26055.811991 43898.029823 3.781250
v 26080.241916 43940.266565 4.828021
v 26075.625100 43921.028688 3.003372
v 26070.105700 43898.029823 0.822006
v 25655.811991 43831.363156 63.677083
v 25628.690223 43858.484924 53.612365
v 25636.202356 43889.787335 53.216065
v 25622.181386 43831.363156 53.955736
v 25722.478658 43831.363156 79.302083
v 25789.145325 43831.363156 85.812500
v 25855.811991 43831.363156 86.593750
v 25922.478658 43831.363156 65.239583
v 25989.145325 43831.363156 22.791667
v 26055.811991 43838.469169 -2.733196
v 26054.436700 43832.738447 -2.769049
v 26054.106649 43831.363156 -2.837606
v 26067.339308 43886.502506 0.854392
v 25655.811991 43764.696489 71.750000
v 25615.787615 43804.720865 55.333752
v 25620.692978 43825.161090 54.276525
v 25606.182336 43764.696489 54.883672
v 25722.478658 43764.696489 83.208333
v 25789.145325 43764.696489 86.593750
v 25855.811991 43764.696489 85.031250
v 25922.478658 43764.696489 59.510417
v 25989.145325 43764.696489 17.583333
v 26044.606344 43791.776197 -1.718260
v 26041.534092 43778.974389 -1.356281
v 26038.107599 43764.696489 -1.160037
v 25655.811991 43748.029823 72.596354
v 25642.580245 43761.261569 67.427703
v 25642.580245 43744.594902 68.274058
v 25629.348499 43757.826648 63.105407
v 25629.348499 43741.159981 63.951761
v 25616.116753 43754.391727 58.783110
v 25616.116753 43737.725061 59.629464
v 25602.885007 43750.956806 54.460814
v 25655.811991 43731.363156 73.442708
v 25642.580245 43727.928235 69.120412
v 25629.348499 43724.493315 64.798115
v 25655.811991 43714.696489 74.289062
v 25642.580245 43711.261569 69.966766
v 25655.811991 43698.029823 75.135417
v 25605.183600 43760.534844 54.755591
v 25599.709577 43737.725061 52.387234
v 25612.941323 43724.493315 57.555885
v 25596.534146 43724.493315 50.313655
v 25609.765892 43711.261569 55.482305
v 25593.358716 43711.261569 48.240075
v 25606.590462 43698.029823 53.408726
v 25590.183286 43698.029823 46.166496
v 25626.173069 43711.261569 62.724536
v 25622.997638 43698.029823 60.650956
v 25639.404815 43698.029823 67.893186
v 25722.478658 43748.029823 83.273438
v 25705.811991 43764.696489 80.343750
v 25705.811991 43748.029823 80.408854
v 25689.145325 43764.696489 77.479167
v 25689.145325 43748.029823 77.544271
v 25672.478658 43764.696489 74.614583
v 25672.478658 43748.029823 74.679688
v 25722.478658 43731.363156 83.338542
v 25705.811991 43731.363156 80.473958
v 25689.145325 43731.363156 77.609375
v 25722.478658 43714.696489 83.403646
v 25705.811991 43714.696489 80.539063
v 25722.478658 43698.029823 83.468750
v 25705.811991 43698.029823 81.385417
v 25689.145325 43714.696489 78.455729
v 25672.478658 43731.363156 75.526042
v 25689.145325 43698.029823 79.302083
v 25672.478658 43714.696489 76.372396
v 25672.478658 43698.029823 77.218750
v 25789.145325 43748.029823 86.333333
v 25772.478658 43764.696489 85.747396
v 25772.478658 43748.029823 85.486979
v 25755.811991 43764.696489 84.901042
v 25755.811991 43748.029823 84.640625
v 25739.145325 43764.696489 84.054687
v 25739.145325 43748.029823 83.794271
v 25789.145325 43731.363156 86.072917
v 25772.478658 43731.363156 85.226562
v 25755.811991 43731.363156 84.380208
v 25789.145325 43714.696489 85.812500
v 25772.478658 43714.696489 84.966146
v 25789.145325 43698.029823 85.552083
v 25772.478658 43698.029823 85.031250
v 25755.811991 43714.696489 84.445313
v 25739.145325 43731.363156 83.859375
v 25755.811991 43698.029823 84.510417
v 25739.145325 43714.696489 83.924479
v 25739.145325 43698.029823 83.989583
v 25855.811991 43748.029823 82.882812
v 25839.145325 43764.696489 85.421875
v 25839.145325 43748.029823 83.273438
v 25822.478658 43764.696489 85.812500
v 25822.478658 43748.029823 83.664062
v 25805.811991 43764.696489 86.203125
v 25805.811991 43748.029823 84.054688
v 25855.811991 43731.363156 80.734375
v 25839.145325 43731.363156 81.125000
v 25822.478658 43731.363156 81.515625
v 25855.811991 43714.696489 78.585938
v 25839.145325 43714.696489 78.976562
v 25855.811991 43698.029823 76.437500
v 25839.145325 43698.029823 78.716146
v 25822.478658 43714.696489 81.255208
v 25805.811991 43731.363156 83.794271
v 25822.478658 43698.029823 80.994792
v 25805.811991 43714.696489 83.533854
v 25805.811991 43698.029823 83.273438
v 25922.478658 43748.029823 54.757812
v 25905.811991 43764.696489 65.890625
v 25905.811991 43748.029823 61.138021
v 25889.145325 43764.696489 72.270833
v 25889.145325 43748.029823 67.518229
v 25872.478658 43764.696489 78.651042
v 25872.478658 43748.029823 73.898438
v 25922.478658 43731.363156 50.005208
v 25905.811991 43731.363156 56.385417
v 25889.145325 43731.363156 62.765625
v 25922.478658 43714.696489 45.252604
v 25905.811991 43714.696489 51.632812
v 25922.478658 43698.029823 40.500000
v 25905.811991 43698.029823 49.484375
v 25889.145325 43714.696489 60.617188
v 25872.478658 43731.363156 71.750000
v 25889.145325 43698.029823 58.468750
v 25872.478658 43714.696489 69.601562
v 25872.478658 43698.029823 67.453125
v 25989.145325 43748.029823 14.458333
v 25972.478658 43764.696489 28.065104
v 25972.478658 43748.029823 24.940104
v 25955.811991 43764.696489 38.546875
v 25955.811991 43748.029823 35.421875
v 25939.145325 43764.696489 49.028646
v 25939.145325 43748.029823 45.903646
v 25989.145325 43731.363156 11.333333
v 25972.478658 43731.363156 21.815104
v 25955.811991 43731.363156 32.296875
v 25989.145325 43714.696489 8.208333
v 25972.478658 43714.696489 18.690104
v 25989.145325 43698.029823 5.083333
v 25972.478658 43698.029823 13.937500
v 25955.811991 43714.696489 27.544271
v 25939.145325 43731.363156 41.151042
v 25955.811991 43698.029823 22.791667
v 25939.145325 43714.696489 36.398438
v 25939.145325 43698.029823 31.645833
v 26028.631484 43725.210330 0.153896
v 25999.016864 43704.824949 3.850974
v 25999.016864 43721.491616 6.975974
v 26008.888404 43711.620076 2.618615
v 26008.888404 43728.286743 5.743615
v 26018.759944 43718.415203 1.386255
v 26018.759944 43735.081870 4.511255
v 25999.016864 43738.158283 10.100974
v 26008.888404 43744.953410 8.868615
v 25999.016864 43754.824949 13.225974
v 25997.386131 43698.029823 2.990941
v 26007.257671 43704.824949 1.758582
v 26005.626937 43698.029823 0.898549
v 26015.498477 43704.824949 -0.333810
v 26013.867743 43698.029823 -1.193843
v 26023.739283 43704.824949 -2.426203
v 26022.108549 43698.029823 -3.286235
v 26017.129210 43711.620076 0.526222
v 26025.370017 43711.620076 -1.566170
v 26027.000750 43718.415203 -0.706137
v 25589.145325 43693.704729 45.606964
v 25589.145325 43678.119336 45.241681
v 25586.128941 43681.135719 43.556748
v 25586.128941 43665.550326 43.191466
v 25583.112558 43668.566709 41.506533
v 25583.112558 43652.981316 41.141250
v 25580.096175 43655.997699 39.456317
v 25580.096175 43640.412306 39.091035
v 25577.079791 43643.428689 37.406102
v 25589.145325 43662.533943 44.876399
v 25586.128941 43649.964933 42.826183
v 25583.112558 43637.395923 40.775968
v 25589.145325 43646.948549 44.511116
v 25586.128941 43634.379539 42.460900
v 25589.145325 43631.363156 44.145833
v 25576.355902 43640.412306 36.841027
v 25579.372286 43637.395923 38.525960
v 25575.632013 43637.395923 36.275952
v 25578.648397 43634.379539 37.960885
v 25574.908124 43634.379539 35.710878
v 25577.924508 43631.363156 37.395811
v 25574.184235 43631.363156 35.145803
v 25582.388669 43634.379539 40.210893
v 25581.664780 43631.363156 39.645818
v 25585.405052 43631.363156 41.895826
v 25655.811991 43681.363156 74.940104
v 25639.354593 43697.820554 67.868566
v 25639.354593 43681.153887 67.673253
v 25622.897195 43697.611285 60.601715
v 25622.897195 43680.944619 60.406403
v 25606.439797 43697.402017 53.334865
v 25606.439797 43680.735350 53.139552
v 25589.982399 43697.192748 46.068014
v 25655.811991 43664.696489 74.744792
v 25639.354593 43664.487221 67.477941
v 25622.897195 43664.277952 60.211090
v 25655.811991 43648.029823 74.549479
v 25639.354593 43647.820554 67.282628
v 25655.811991 43631.363156 74.354167
v 25622.947417 43697.820554 60.626336
v 25606.540240 43697.820554 53.384106
v 25590.133064 43697.820554 46.141875
v 25606.490019 43697.611285 53.359485
v 25590.082842 43697.611285 46.117255
v 25590.032621 43697.402017 46.092634
v 25639.145325 43631.363156 66.802083
v 25639.145325 43646.948549 67.167366
v 25622.478658 43646.948549 59.615283
v 25622.478658 43662.533943 59.980565
v 25605.811991 43662.533943 52.428482
v 25605.811991 43678.119336 52.793765
v 25622.478658 43631.363156 59.250000
v 25605.811991 43646.948549 52.063199
v 25605.811991 43631.363156 51.697917
v 25639.277549 43647.499517 67.240193
v 25622.610882 43663.084910 60.053393
v 25622.743107 43663.635877 60.126220
v 25606.076440 43679.221271 52.939420
v 25606.208664 43679.772238 53.012247
v 25589.541998 43695.357631 45.825446
v 25589.674222 43695.908599 45.898274
v 25605.944216 43678.670303 52.866592
v 25589.409773 43694.806664 45.752619
v 25589.277549 43694.255696 45.679791
v 25622.820151 43663.956915 60.168655
v 25606.362753 43680.414313 53.097117
v 25589.905355 43696.871711 46.025579
v 25606.285709 43680.093275 53.054682
v 25589.828311 43696.550673 45.983144
v 25589.751266 43696.229636 45.940709
v 25722.478658 43681.363156 83.403646
v 25705.811991 43681.363156 81.320312
v 25689.145325 43681.363156 79.236979
v 25672.478658 43681.363156 77.153646
v 25722.478658 43664.696489 83.338542
v 25705.811991 43664.696489 81.255208
v 25689.145325 43664.696489 79.171875
v 25722.478658 43648.029823 83.273438
v 25705.811991 43648.029823 81.190104
v 25722.478658 43631.363156 83.208333
v 25705.811991 43631.363156 80.994792
v 25689.145325 43648.029823 78.976563
v 25672.478658 43664.696489 76.958333
v 25689.145325 43631.363156 78.781250
v 25672.478658 43648.029823 76.763021
v 25672.478658 43631.363156 76.567708
v 25789.145325 43681.363156 85.161458
v 25772.478658 43681.363156 84.640625
v 25755.811991 43681.363156 84.119792
v 25739.145325 43681.363156 83.598958
v 25789.145325 43664.696489 84.770833
v 25772.478658 43664.696489 84.250000
v 25755.811991 43664.696489 83.729167
v 25789.145325 43648.029823 84.380208
v 25772.478658 43648.029823 83.859375
v 25789.145325 43631.363156 83.989583
v 25772.478658 43631.363156 83.794271
v 25755.811991 43648.029823 83.664063
v 25739.145325 43664.696489 83.533854
v 25755.811991 43631.363156 83.598958
v 25739.145325 43648.029823 83.468750
v 25739.145325 43631.363156 83.403646
v 25855.811991 43681.363156 73.833333
v 25839.145325 43681.363156 76.111979
v 25822.478658 43681.363156 78.390625
v 25805.811991 43681.363156 80.669271
v 25855.811991 43664.696489 71.229167
v 25839.145325 43664.696489 73.507812
v 25822.478658 43664.696489 75.786458
v 25855.811991 43648.029823 68.625000
v 25839.145325 43648.029823 70.903646
v 25855.811991 43631.363156 66.020833
v 25839.145325 43631.363156 70.513021
v 25822.478658 43648.029823 75.395833
v 25805.811991 43664.696489 80.278646
v 25822.478658 43631.363156 75.005208
v 25805.811991 43648.029823 79.888021
v 25805.811991 43631.363156 79.497396
v 25922.478658 43681.363156 37.765625
v 25905.811991 43681.363156 46.750000
v 25889.145325 43681.363156 55.734375
v 25872.478658 43681.363156 64.718750
v 25922.478658 43664.696489 35.031250
v 25905.811991 43664.696489 44.015625
v 25889.145325 43664.696489 53.000000
v 25922.478658 43648.029823 32.296875
v 25905.811991 43648.029823 41.281250
v 25922.478658 43631.363156 29.562500
v 25905.811991 43631.363156 38.677083
v 25889.145325 43648.029823 50.395833
v 25872.478658 43664.696489 62.114583
v 25889.145325 43631.363156 47.791667
v 25872.478658 43648.029823 59.510417
v 25872.478658 43631.363156 56.906250
v 25989.145325 43681.363156 3.911458
v 25972.478658 43681.363156 12.765625
v 25955.811991 43681.363156 21.619792
v 25939.145325 43681.363156 30.473958
v 25989.145325 43664.696489 2.739583
v 25972.478658 43664.696489 11.593750
v 25955.811991 43664.696489 20.447917
v 25989.145325 43648.029823 1.567708
v 25972.478658 43648.029823 10.421875
v 25989.145325 43631.363156 0.395833
v 25972.478658 43631.363156 7.687500
v 25955.811991 43648.029823 17.713542
v 25939.145325 43664.696489 27.739583
v 25955.811991 43631.363156 14.979167
v 25939.145325 43648.029823 25.005208
v 25939.145325 43631.363156 22.270833
v 26015.728876 43671.446271 -3.327868
v 26009.082988 43678.092159 -1.225068
v 26017.323794 43678.092159 -3.317460
v 26010.677906 43684.738047 -1.214660
v 26018.918713 43684.738047 -3.307052
v 26012.272825 43691.383935 -1.204251
v 26020.513631 43691.383935 -3.296644
v 26002.437100 43684.738047 0.877732
v 26004.032019 43691.383935 0.888141
v 25995.791212 43691.383935 2.980533
v 25995.791212 43641.383935 -0.535092
v 25995.791212 43658.050601 0.636783
v 26002.437100 43651.404714 -1.466018
v 26002.437100 43668.071380 -0.294143
v 26009.082988 43661.425493 -2.396943
v 25995.791212 43674.717268 1.808658
v 25995.255890 43639.153294 -0.560195
v 26001.901778 43649.174072 -1.491120
v 26001.366456 43646.943431 -1.516223
v 26008.012344 43656.964210 -2.447148
v 26007.477022 43654.733569 -2.472251
v 26014.122910 43664.754348 -3.403176
v 26013.587587 43662.523707 -3.428279
v 26008.547666 43659.194851 -2.422046
v 26014.658232 43666.984989 -3.378073
v 26015.193554 43669.215630 -3.352971
v 25993.386368 43631.363156 -0.647861
v 25999.496934 43639.153294 -1.603889
v 25997.627412 43631.363156 -1.691555
v 26003.737978 43639.153294 -2.647583
v 26001.868456 43631.363156 -2.735250
v 26007.979021 43639.153294 -3.691278
v 26006.109499 43631.363156 -3.778944
v 26005.607500 43646.943431 -2.559917
v 26009.848543 43646.943431 -3.603611
v 26011.718065 43654.733569 -3.515945
v 25589.145325 43614.696489 44.015625
v 25582.903289 43620.938525 40.309417
v 25582.903289 43604.271858 40.179208
v 25576.661254 43610.513893 36.473000
v 25576.661254 43593.847227 36.342791
v 25570.419219 43600.089262 32.636583
v 25570.419219 43583.422595 32.506375
v 25564.177183 43589.664630 28.800166
v 25589.145325 43598.029823 43.885417
v 25582.903289 43587.605191 40.049000
v 25576.661254 43577.180560 36.212583
v 25589.145325 43581.363156 43.755208
v 25582.903289 43570.938525 39.918792
v 25589.145325 43564.696489 43.625000
v 25585.400204 43631.342955 41.892752
v 25579.158169 43620.918324 38.056335
v 25581.655084 43631.322755 39.639670
v 25575.413049 43620.898123 35.803253
v 25577.909964 43631.302554 37.386588
v 25571.667929 43620.877923 33.550171
v 25574.164844 43631.282353 35.133507
v 25572.916134 43610.493693 34.219918
v 25569.171014 43610.473492 31.966836
v 25566.674099 43600.069061 30.383501
v 25581.659932 43631.342955 39.642744
v 25577.919660 43631.342955 37.392737
v 25574.179388 43631.342955 35.142729
v 25577.914812 43631.322755 37.389662
v 25574.174540 43631.322755 35.139655
v 25574.169692 43631.302554 35.136581
v 25562.679184 43583.422595 27.880494
v 25568.921219 43577.180560 31.586703
v 25561.181184 43577.180560 26.960823
v 25567.423220 43570.938525 30.667031
v 25559.683185 43570.938525 26.041151
v 25565.925220 43564.696489 29.747359
v 25558.185185 43564.696489 25.121479
v 25575.163255 43570.938525 35.292911
v 25573.665255 43564.696489 34.373240
v 25581.405290 43564.696489 38.999120
v 25655.811991 43614.696489 74.093750
v 25639.145325 43614.696489 66.541667
v 25622.478658 43614.696489 58.989583
v 25605.811991 43614.696489 51.437500
v 25655.811991 43598.029823 73.833333
v 25639.145325 43598.029823 66.281250
v 25622.478658 43598.029823 58.729167
v 25655.811991 43581.363156 73.572917
v 25639.145325 43581.363156 66.020833
v 25655.811991 43564.696489 73.312500
v 25639.145325 43564.696489 65.890625
v 25622.478658 43581.363156 58.598958
v 25605.811991 43598.029823 51.307292
v 25622.478658 43564.696489 58.468750
v 25605.811991 43581.363156 51.177083
v 25605.811991 43564.696489 51.046875
v 25722.478658 43614.696489 83.338542
v 25705.811991 43614.696489 81.125000
v 25689.145325 43614.696489 78.911458
v 25672.478658 43614.696489 76.697917
v 25722.478658 43598.029823 83.468750
v 25705.811991 43598.029823 81.255208
v 25689.145325 43598.029823 79.041667
v 25722.478658 43581.363156 83.598958
v 25705.811991 43581.363156 81.385417
v 25722.478658 43564.696489 83.729167
v 25705.811991 43564.696489 81.125000
v 25689.145325 43581.363156 78.781250
v 25672.478658 43598.029823 76.437500
v 25689.145325 43564.696489 78.520833
v 25672.478658 43581.363156 76.177083
v 25672.478658 43564.696489 75.916667
v 25789.145325 43614.696489 83.729167
v 25772.478658 43614.696489 83.533854
v 25755.811991 43614.696489 83.338542
v 25739.145325 43614.696489 83.143229
v 25789.145325 43598.029823 83.468750
v 25772.478658 43598.029823 83.273438
v 25755.811991 43598.029823 83.078125
v 25789.145325 43581.363156 83.208333
v 25772.478658 43581.363156 83.013021
v 25789.145325 43564.696489 82.947917
v 25772.478658 43564.696489 83.143229
v 25755.811991 43581.363156 83.208333
v 25755.811991 43598.029823 83.078125
v 25739.145325 43598.029823 83.273437
v 25755.811991 43564.696489 83.338542
v 25739.145325 43581.363156 83.403646
v 25739.145325 43564.696489 83.533854
v 25855.811991 43614.696489 64.393229
v 25839.145325 43614.696489 68.885417
v 25822.478658 43614.696489 73.377604
v 25805.811991 43614.696489 77.869792
v 25855.811991 43598.029823 62.765625
v 25839.145325 43598.029823 67.257812
v 25822.478658 43598.029823 71.750000
v 25855.811991 43581.363156 61.138021
v 25839.145325 43581.363156 65.630208
v 25855.811991 43564.696489 59.510417
v 25839.145325 43564.696489 65.369792
v 25822.478658 43581.363156 71.489583
v 25805.811991 43598.029823 77.609375
v 25822.478658 43564.696489 71.229167
v 25805.811991 43581.363156 77.348958
v 25805.811991 43564.696489 77.088542
v 25922.478658 43614.696489 28.260417
v 25905.811991 43614.696489 37.375000
v 25889.145325 43614.696489 46.489583
v 25872.478658 43614.696489 55.604167
v 25922.478658 43598.029823 26.958333
v 25905.811991 43598.029823 36.072917
v 25889.145325 43598.029823 45.187500
v 25922.478658 43581.363156 25.656250
v 25905.811991 43581.363156 34.770833
v 25922.478658 43564.696489 24.354167
v 25905.811991 43564.696489 33.143229
v 25889.145325 43581.363156 43.559896
v 25872.478658 43598.029823 53.976562
v 25889.145325 43564.696489 41.932292
v 25872.478658 43581.363156 52.348958
v 25872.478658 43564.696489 50.721354
v 25989.145325 43614.696489 -0.190104
v 25972.478658 43614.696489 7.101562
v 25955.811991 43614.696489 14.393229
v 25939.145325 43614.696489 21.684896
v 25989.145325 43598.029823 -0.776042
v 25972.478658 43598.029823 6.515625
v 25955.811991 43598.029823 13.807292
v 25989.145325 43581.363156 -1.361979
v 25972.478658 43581.363156 5.929688
v 25989.145325 43564.696489 -1.947917
v 25972.478658 43564.696489 4.627604
v 25955.811991 43581.363156 12.505208
v 25939.145325 43598.029823 20.382812
v 25955.811991 43564.696489 11.203125
v 25939.145325 43581.363156 19.080729
v 25939.145325 43564.696489 17.778646
v 26002.826268 43617.682213 -3.612255
v 25999.406032 43621.102449 -2.610233
v 26003.647076 43621.102449 -3.653928
v 26000.226840 43624.522684 -2.651905
v 26004.467884 43624.522684 -3.695600
v 26001.047648 43627.942920 -2.693578
v 26005.288691 43627.942920 -3.737272
v 25995.985796 43624.522684 -1.608211
v 25996.806604 43627.942920 -1.649883
v 25992.565560 43627.942920 -0.606189
v 25992.565560 43577.942920 -2.364001
v 25992.565560 43594.609587 -1.778064
v 25995.985796 43591.189351 -2.780086
v 25995.985796 43607.856018 -2.194149
v 25999.406032 43604.435782 -3.196171
v 25992.565560 43611.276253 -1.192126
v 25991.378546 43572.996732 -2.231864
v 25994.798782 43586.243163 -2.647948
v 25993.611767 43581.296975 -2.515810
v 25997.032003 43594.543406 -2.931895
v 25995.844988 43589.597218 -2.799757
v 25999.265224 43602.843649 -3.215842
v 25998.078209 43597.897461 -3.083704
v 25998.219017 43599.489594 -3.064033
v 26000.452239 43607.789837 -3.347980
v 26001.639253 43612.736025 -3.480118
v 25989.386606 43564.696489 -2.010122
v 25991.619827 43572.996732 -2.294069
v 25989.627887 43564.696489 -2.072327
v 25991.861108 43572.996732 -2.356274
v 25989.869168 43564.696489 -2.134533
v 25992.102389 43572.996732 -2.418479
v 25990.110449 43564.696489 -2.196738
v 25993.853048 43581.296975 -2.578016
v 25994.094329 43581.296975 -2.640221
v 25996.086269 43589.597218 -2.861963
v 25589.145325 43548.029823 44.145833
v 25579.677637 43557.497510 38.191546
v 25579.677637 43540.830843 38.712379
v 25570.209950 43550.298531 32.758091
v 25570.209950 43533.631864 33.278925
v 25560.742263 43543.099551 27.324637
v 25560.742263 43526.432885 27.845470
v 25551.274575 43535.900572 21.891182
v 25589.145325 43531.363156 44.666667
v 25579.677637 43524.164177 39.233212
v 25570.209950 43516.965197 33.799758
v 25589.145325 43514.696489 45.187500
v 25579.677637 43507.497510 39.754046
v 25589.145325 43498.029823 45.708333
v 25571.937603 43557.497510 33.565665
v 25564.197568 43557.497510 28.939785
v 25556.457533 43557.497510 24.313905
v 25562.469915 43550.298531 28.132211
v 25554.729880 43550.298531 23.506331
v 25553.002228 43543.099551 22.698757
v 25577.405527 43498.029823 40.297020
v 25577.645515 43499.029833 40.239670
v 25565.905718 43499.029833 34.828357
v 25566.145706 43500.029842 34.771006
v 25554.405909 43500.029842 29.359693
v 25554.645897 43501.029852 29.302342
v 25542.906100 43501.029852 23.891029
v 25543.146088 43502.029862 23.833678
v 25565.665730 43498.029823 34.885708
v 25554.165921 43499.029833 29.417044
v 25542.666112 43500.029842 23.948380
v 25553.925933 43498.029823 29.474395
v 25542.426123 43499.029833 24.005731
v 25542.186135 43498.029823 24.063082
v 25568.177828 43508.497520 34.285382
v 25558.710141 43517.965207 28.331094
v 25549.242454 43527.432894 22.376806
v 25556.678019 43509.497530 28.816718
v 25547.210332 43518.965217 22.862430
v 25545.178210 43510.497540 23.348054
v 25655.811991 43548.029823 73.247396
v 25639.145325 43548.029823 65.825521
v 25622.478658 43548.029823 58.403646
v 25605.811991 43548.029823 50.981771
v 25655.811991 43531.363156 73.182292
v 25639.145325 43531.363156 65.760417
v 25622.478658 43531.363156 58.338542
v 25655.811991 43514.696489 73.117188
v 25639.145325 43514.696489 65.695312
v 25655.811991 43498.029823 73.052083
v 25639.145325 43498.029823 66.216146
v 25622.478658 43514.696489 58.859375
v 25605.811991 43531.363156 51.502604
v 25622.478658 43498.029823 59.380208
v 25605.811991 43514.696489 52.023438
v 25605.811991 43498.029823 52.544271
v 25722.478658 43548.029823 83.729167
v 25705.811991 43548.029823 81.125000
v 25689.145325 43548.029823 78.520833
v 25672.478658 43548.029823 75.916667
v 25722.478658 43531.363156 83.729167
v 25705.811991 43531.363156 81.125000
v 25689.145325 43531.363156 78.520833
v 25722.478658 43514.696489 83.729167
v 25705.811991 43514.696489 81.125000
v 25722.478658 43498.029823 83.729167
v 25705.811991 43498.029823 81.059896
v 25689.145325 43514.696489 78.455729
v 25672.478658 43531.363156 75.851562
v 25689.145325 43498.029823 78.390625
v 25672.478658 43514.696489 75.786458
v 25672.478658 43498.029823 75.721354
v 25789.145325 43548.029823 82.557292
v 25772.478658 43548.029823 82.752604
v 25755.811991 43548.029823 82.947917
v 25739.145325 43548.029823 83.143229
v 25789.145325 43531.363156 82.166667
v 25772.478658 43531.363156 82.361979
v 25755.811991 43531.363156 82.557292
v 25789.145325 43514.696489 81.776042
v 25772.478658 43514.696489 81.971354
v 25789.145325 43498.029823 81.385417
v 25772.478658 43498.029823 81.971354
v 25755.811991 43514.696489 82.557292
v 25739.145325 43531.363156 83.143229
v 25755.811991 43498.029823 82.557292
v 25739.145325 43514.696489 83.143229
v 25739.145325 43498.029823 83.143229
v 25855.811991 43548.029823 58.208333
v 25839.145325 43548.029823 64.067708
v 25822.478658 43548.029823 69.927083
v 25805.811991 43548.029823 75.786458
v 25855.811991 43531.363156 56.906250
v 25839.145325 43531.363156 62.765625
v 25822.478658 43531.363156 68.625000
v 25855.811991 43514.696489 55.604167
v 25839.145325 43514.696489 61.463542
v 25855.811991 43498.029823 54.302083
v 25839.145325 43498.029823 61.072917
v 25822.478658 43514.696489 68.234375
v 25805.811991 43531.363156 75.395833
v 25822.478658 43498.029823 67.843750
v 25805.811991 43514.696489 75.005208
v 25805.811991 43498.029823 74.614583
v 25922.478658 43548.029823 22.726562
v 25905.811991 43548.029823 31.515625
v 25889.145325 43548.029823 40.304687
v 25872.478658 43548.029823 49.093750
v 25922.478658 43531.363156 21.098958
v 25905.811991 43531.363156 29.888021
v 25889.145325 43531.363156 38.677083
v 25922.478658 43514.696489 19.471354
v 25905.811991 43514.696489 28.260417
v 25922.478658 43498.029823 17.843750
v 25905.811991 43498.029823 26.958333
v 25889.145325 43514.696489 37.375000
v 25872.478658 43531.363156 47.791667
v 25889.145325 43498.029823 36.072917
v 25872.478658 43514.696489 46.489583
v 25872.478658 43498.029823 45.187500
v 25939.145325 43563.691092 17.684390
v 25955.811991 43563.691092 11.108869
v 25955.811991 43562.685694 11.014613
v 25972.478658 43562.685694 4.439092
v 25972.478658 43561.680296 4.344836
v 25989.145325 43561.680296 -2.230685
v 25989.145325 43560.674898 -2.324941
v 25972.478658 43563.691092 4.533348
v 25989.145325 43562.685694 -2.136429
v 25989.145325 43563.691092 -2.042173
v 25937.501201 43556.840171 17.690774
v 25954.167868 43555.834773 11.020997
v 25952.523745 43548.983852 11.027381
v 25969.190411 43547.978455 4.357604
v 25967.546288 43541.127534 4.363989
v 25984.212955 43540.122136 -2.305788
v 25982.568831 43533.271216 -2.299404
v 25970.834535 43554.829375 4.351220
v 25985.857078 43546.973057 -2.312172
v 25987.501201 43553.823978 -2.318557
v 25936.114256 43551.060891 17.696160
v 25951.136800 43543.204572 11.032767
v 25949.749855 43537.425292 11.038153
v 25964.772398 43529.568974 4.374760
v 25963.385453 43523.789694 4.380145
v 25978.407997 43515.933375 -2.283247
v 25977.021052 43510.154095 -2.277862
v 25966.159343 43535.348254 4.369374
v 25979.794942 43521.712656 -2.288633
v 25981.181886 43527.491936 -2.294018
v 25936.114256 43501.060891 12.813347
v 25936.114256 43517.727557 14.440951
v 25949.749855 43504.091959 7.782944
v 25949.749855 43520.758626 9.410548
v 25963.385453 43507.123027 2.752541
v 25936.114256 43534.394224 16.068555
v 25935.386843 43498.029823 12.801490
v 25949.022442 43501.060891 7.771087
v 25948.295029 43498.029823 7.759230
v 25961.930627 43501.060891 2.728827
v 25961.203214 43498.029823 2.716970
v 25974.838812 43501.060891 -2.313433
v 25974.111399 43498.029823 -2.325290
v 25962.658040 43504.091959 2.740684
v 25975.566226 43504.091959 -2.301576
v 25976.293639 43507.123027 -2.289719
v 25989.923660 43563.918154 -2.194187
v 25989.729076 43564.112738 -2.132619
v 25989.970357 43564.112738 -2.194825
v 25989.775773 43564.307322 -2.133257
v 25990.017055 43564.307322 -2.195462
v 25989.822471 43564.501905 -2.133895
v 25990.063752 43564.501905 -2.196100
v 25989.534492 43564.307322 -2.071052
v 25989.581190 43564.501905 -2.071689
v 25989.339908 43564.501905 -2.009484
v 25989.339908 43561.485712 -2.292252
v 25989.339908 43562.491110 -2.197996
v 25989.534492 43562.296526 -2.259564
v 25989.534492 43563.301924 -2.165308
v 25989.729076 43563.107340 -2.226875
v 25989.339908 43563.496508 -2.103740
v 25589.145325 43481.363156 50.656250
v 25576.451985 43494.056495 41.037079
v 25576.451985 43477.389829 45.984995
v 25563.758646 43490.083168 36.365824
v 25563.758646 43473.416501 41.313741
v 25551.065307 43486.109841 31.694570
v 25551.065307 43469.443174 36.642486
v 25538.371968 43482.136513 27.023315
v 25589.145325 43464.696489 55.604167
v 25576.451985 43460.723162 50.932912
v 25563.758646 43456.749835 46.261658
v 25589.145325 43448.029823 60.552083
v 25576.451985 43444.056495 55.880829
v 25589.145325 43431.363156 65.500000
v 25564.712188 43494.056495 35.625766
v 25552.972391 43494.056495 30.214453
v 25541.232593 43494.056495 24.803140
v 25552.018849 43490.083168 30.954511
v 25540.279051 43490.083168 25.543199
v 25539.325509 43486.109841 26.283257
v 25573.405765 43431.363156 59.720630
v 25573.768171 43432.873271 59.263813
v 25558.028611 43432.873271 53.484443
v 25558.391017 43434.383386 53.027625
v 25542.651457 43434.383386 47.248256
v 25543.013864 43435.893502 46.791438
v 25527.274304 43435.893502 41.012068
v 25527.636710 43437.403617 40.555250
v 25557.666205 43431.363156 53.941261
v 25542.289051 43432.873271 47.705073
v 25526.911898 43434.383386 41.468886
v 25541.926645 43431.363156 48.161891
v 25526.549491 43432.873271 41.925704
v 25526.187085 43431.363156 42.382521
v 25561.074832 43445.566610 49.644641
v 25548.381492 43458.259950 40.025470
v 25535.688153 43470.953289 30.406299
v 25545.697678 43447.076726 43.408454
v 25533.004339 43459.770065 33.789283
v 25530.320524 43448.586841 37.172267
v 25655.811991 43481.363156 74.875000
v 25639.145325 43481.363156 68.039062
v 25622.478658 43481.363156 61.203125
v 25605.811991 43481.363156 54.367188
v 25655.811991 43464.696489 76.697917
v 25639.145325 43464.696489 69.861979
v 25622.478658 43464.696489 63.026042
v 25655.811991 43448.029823 78.520833
v 25639.145325 43448.029823 71.684896
v 25655.811991 43431.363156 80.343750
v 25639.145325 43431.363156 76.632812
v 25622.478658 43448.029823 67.973958
v 25605.811991 43464.696489 59.315104
v 25622.478658 43431.363156 72.921875
v 25605.811991 43448.029823 64.263021
v 25605.811991 43431.363156 69.210938
v 25722.478658 43481.363156 83.729167
v 25705.811991 43481.363156 81.059896
v 25689.145325 43481.363156 78.390625
v 25672.478658 43481.363156 75.721354
v 25722.478658 43464.696489 83.729167
v 25705.811991 43464.696489 81.059896
v 25689.145325 43464.696489 78.390625
v 25722.478658 43448.029823 83.729167
v 25705.811991 43448.029823 81.059896
v 25722.478658 43431.363156 83.729167
v 25705.811991 43431.363156 82.882812
v 25689.145325 43448.029823 80.213542
v 25689.145325 43464.696489 78.390625
v 25672.478658 43464.696489 77.544271
v 25689.145325 43431.363156 82.036458
v 25672.478658 43448.029823 79.367188
v 25672.478658 43431.363156 81.190104
v 25789.145325 43481.363156 80.278646
v 25772.478658 43481.363156 80.864583
v 25755.811991 43481.363156 81.450521
v 25739.145325 43481.363156 82.036458
v 25789.145325 43464.696489 79.171875
v 25772.478658 43464.696489 79.757812
v 25755.811991 43464.696489 80.343750
v 25789.145325 43448.029823 78.065104
v 25772.478658 43448.029823 78.651042
v 25789.145325 43431.363156 76.958333
v 25772.478658 43431.363156 78.651042
v 25755.811991 43448.029823 80.343750
v 25739.145325 43464.696489 82.036458
v 25755.811991 43431.363156 80.343750
v 25739.145325 43448.029823 82.036458
v 25739.145325 43431.363156 82.036458
v 25855.811991 43481.363156 52.934896
v 25839.145325 43481.363156 59.705729
v 25822.478658 43481.363156 66.476562
v 25805.811991 43481.363156 73.247396
v 25855.811991 43464.696489 51.567708
v 25839.145325 43464.696489 58.338542
v 25822.478658 43464.696489 65.109375
v 25855.811991 43448.029823 50.200521
v 25839.145325 43448.029823 56.971354
v 25855.811991 43431.363156 48.833333
v 25839.145325 43431.363156 55.864583
v 25822.478658 43448.029823 64.002604
v 25805.811991 43464.696489 72.140625
v 25822.478658 43431.363156 62.895833
v 25805.811991 43448.029823 71.033854
v 25805.811991 43431.363156 69.927083
v 25922.478658 43481.363156 16.476562
v 25905.811991 43481.363156 25.591146
v 25889.145325 43481.363156 34.705729
v 25872.478658 43481.363156 43.820312
v 25922.478658 43464.696489 15.109375
v 25905.811991 43464.696489 24.223958
v 25889.145325 43464.696489 33.338542
v 25922.478658 43448.029823 13.742188
v 25905.811991 43448.029823 22.856771
v 25922.478658 43431.363156 12.375000
v 25905.811991 43431.363156 21.489583
v 25889.145325 43448.029823 31.971354
v 25872.478658 43464.696489 42.453125
v 25889.145325 43431.363156 30.604167
v 25872.478658 43448.029823 41.085938
v 25872.478658 43431.363156 39.718750
v 25933.623857 43490.683609 12.916234
v 25946.532042 43490.683609 7.873974
v 25944.769056 43483.337396 7.988718
v 25957.677241 43483.337396 2.946458
v 25955.914254 43475.991183 3.061201
v 25968.822440 43475.991183 -1.981058
v 25967.059453 43468.644970 -1.866315
v 25959.440227 43490.683609 2.831714
v 25970.585426 43483.337396 -2.095802
v 25972.348413 43490.683609 -2.210546
v 25932.888604 43487.619876 12.964088
v 25944.033803 43480.273663 8.036571
v 25943.298551 43477.209930 8.084425
v 25954.443750 43469.863717 3.156909
v 25953.708497 43466.799983 3.204763
v 25964.853696 43459.453770 -1.722753
v 25964.118444 43456.390037 -1.674900
v 25955.179002 43472.927450 3.109055
v 25965.588949 43462.517503 -1.770607
v 25966.324201 43465.581237 -1.818461
v 25932.888604 43437.619876 8.862525
v 25932.888604 43454.286543 10.229713
v 25943.298551 43443.876596 5.350050
v 25943.298551 43460.543263 6.717238
v 25953.708497 43450.133317 1.837575
v 25922.478658 43464.696489 15.109375
v 25932.888604 43470.953209 11.596900
v 25931.387081 43431.363156 8.929946
v 25941.797027 43437.619876 5.417471
v 25940.295504 43431.363156 5.484892
v 25950.705450 43437.619876 1.972417
v 25949.203926 43431.363156 2.039838
v 25959.613873 43437.619876 -1.472637
v 25958.112349 43431.363156 -1.405216
v 25952.206974 43443.876596 1.904996
v 25961.115396 43443.876596 -1.540058
v 25962.616920 43450.133317 -1.607479
v 25522.478658 43415.910458 46.393060
v 25522.478658 43403.106966 50.844274
v 25520.000681 43405.584943 48.976112
v 25520.000681 43392.781450 53.427326
v 25517.522705 43395.259427 51.559164
v 25517.522705 43382.455935 56.010378
v 25515.044728 43384.933911 54.142216
v 25515.044728 43372.130419 58.593797
v 25512.566752 43374.608396 56.725268
v 25522.478658 43390.303474 55.295488
v 25520.000681 43379.977958 57.878540
v 25517.522705 43369.652443 60.463653
v 25522.478658 43377.499982 59.746703
v 25520.000681 43367.174466 62.334250
v 25522.478658 43364.696489 64.204883
v 25511.972072 43372.130419 57.190171
v 25514.450049 43369.652443 59.060811
v 25511.377393 43369.652443 57.658505
v 25513.855370 43367.174466 59.530741
v 25510.782714 43367.174466 58.130014
v 25513.260691 43364.696489 60.003214
v 25510.188035 43364.696489 58.604324
v 25516.928026 43367.174466 60.932179
v 25516.333347 43364.696489 61.402988
v 25519.406002 43364.696489 62.803570
v 25589.145325 43414.696489 69.015625
v 25573.226333 43430.615481 59.812458
v 25573.226333 43413.948814 63.328083
v 25557.307342 43429.867805 54.124916
v 25557.307342 43413.201139 57.640541
v 25541.388351 43429.120130 48.437374
v 25541.388351 43412.453463 51.952999
v 25525.469360 43428.372454 42.749833
v 25589.145325 43398.029823 72.531250
v 25573.226333 43397.282147 66.843708
v 25557.307342 43396.534472 61.156166
v 25589.145325 43381.363156 76.046875
v 25573.226333 43380.615481 70.359333
v 25589.145325 43364.696489 79.562500
v 25557.486774 43430.615481 54.033089
v 25541.747214 43430.615481 48.253719
v 25526.007654 43430.615481 42.474349
v 25541.567782 43429.867805 48.345547
v 25525.828222 43429.867805 42.566177
v 25525.648791 43429.120130 42.658005
v 25572.478658 43364.696489 75.721354
v 25572.478658 43377.499982 71.270140
v 25555.811991 43377.499982 67.428994
v 25555.811991 43390.303474 62.977780
v 25539.145325 43390.303474 59.136634
v 25539.145325 43403.106966 54.685420
v 25555.811991 43364.696489 71.880208
v 25539.145325 43377.499982 63.587848
v 25539.145325 43364.696489 68.039728
v 25556.559667 43393.418973 62.066973
v 25540.640675 43409.337964 52.863806
v 25524.721684 43425.256955 43.660640
v 25539.893000 43406.222465 53.774613
v 25523.974009 43422.141456 44.571446
v 25523.226333 43419.025957 45.482253
v 25655.811991 43414.696489 81.059896
v 25639.145325 43414.696489 77.348958
v 25622.478658 43414.696489 73.638021
v 25605.811991 43414.696489 69.927083
v 25655.811991 43398.029823 81.776042
v 25639.145325 43398.029823 78.065104
v 25622.478658 43398.029823 74.354167
v 25655.811991 43381.363156 82.492188
v 25639.145325 43381.363156 78.781250
v 25655.811991 43364.696489 83.208333
v 25639.145325 43364.696489 82.296875
v 25622.478658 43381.363156 77.869792
v 25605.811991 43398.029823 73.442708
v 25589.145325 43414.696489 69.015625
v 25622.478658 43364.696489 81.385417
v 25605.811991 43381.363156 76.958333
v 25605.811991 43364.696489 80.473958
v 25722.478658 43414.696489 82.231771
v 25705.811991 43414.696489 81.385417
v 25689.145325 43414.696489 80.539062
v 25672.478658 43414.696489 79.692708
v 25722.478658 43398.029823 80.734375
v 25705.811991 43398.029823 79.888021
v 25689.145325 43398.029823 79.041667
v 25722.478658 43381.363156 79.236979
v 25705.811991 43381.363156 78.390625
v 25722.478658 43364.696489 77.739583
v 25705.811991 43364.696489 79.106771
v 25689.145325 43381.363156 79.757812
v 25672.478658 43398.029823 80.408854
v 25689.145325 43364.696489 80.473958
v 25672.478658 43381.363156 81.125000
v 25672.478658 43364.696489 81.841146
v 25789.145325 43414.696489 72.986979
v 25772.478658 43414.696489 74.679687
v 25755.811991 43414.696489 76.372396
v 25739.145325 43414.696489 78.065104
v 25789.145325 43398.029823 69.015625
v 25772.478658 43398.029823 70.708333
v 25755.811991 43398.029823 72.401042
v 25789.145325 43381.363156 65.044271
v 25772.478658 43381.363156 66.736979
v 25789.145325 43364.696489 61.072917
v 25772.478658 43364.696489 65.239583
v 25755.811991 43381.363156 70.903646
v 25739.145325 43398.029823 76.567708
v 25755.811991 43364.696489 69.406250
v 25739.145325 43381.363156 75.070312
v 25722.478658 43398.029823 80.734375
v 25739.145325 43364.696489 73.572917
v 25855.811991 43414.696489 45.903646
v 25839.145325 43414.696489 52.934896
v 25822.478658 43414.696489 59.966146
v 25805.811991 43414.696489 66.997396
v 25855.811991 43398.029823 42.973958
v 25839.145325 43398.029823 50.005208
v 25822.478658 43398.029823 57.036458
v 25855.811991 43381.363156 40.044271
v 25839.145325 43381.363156 47.075521
v 25855.811991 43364.696489 37.114583
v 25839.145325 43364.696489 43.104167
v 25822.478658 43381.363156 53.065104
v 25805.811991 43398.029823 63.026042
v 25822.478658 43364.696489 49.093750
v 25805.811991 43381.363156 59.054688
v 25805.811991 43364.696489 55.083333
v 25922.478658 43414.696489 11.398438
v 25905.811991 43414.696489 20.513021
v 25889.145325 43414.696489 29.627604
v 25872.478658 43414.696489 38.742188
v 25922.478658 43398.029823 10.421875
v 25905.811991 43398.029823 19.536458
v 25889.145325 43398.029823 28.651042
v 25922.478658 43381.363156 9.445312
v 25905.811991 43381.363156 18.559896
v 25922.478658 43364.696489 8.468750
v 25905.811991 43364.696489 15.630208
v 25889.145325 43381.363156 25.721354
v 25872.478658 43398.029823 35.812500
v 25889.145325 43364.696489 22.791667
v 25872.478658 43381.363156 32.882812
v 25872.478658 43364.696489 29.953125
v 25951.215836 43402.625978 -0.534279
v 25944.031541 43409.810273 2.693041
v 25952.939964 43409.810273 -0.752013
v 25945.755670 43416.994567 2.475306
v 25954.664092 43416.994567 -0.969748
v 25947.479798 43424.178861 2.257572
v 25956.388221 43424.178861 -1.187482
v 25936.847247 43416.994567 5.920360
v 25938.571375 43424.178861 5.702626
v 25929.662952 43424.178861 9.147680
v 25929.662952 43374.178861 6.217993
v 25929.662952 43390.845528 7.194555
v 25936.847247 43383.661234 3.967235
v 25936.847247 43400.327900 4.943798
v 25944.031541 43393.143606 1.716478
v 25922.478658 43398.029823 10.421875
v 25929.662952 43407.512195 8.171118
v 25927.387318 43364.696489 6.551305
v 25934.571613 43374.178861 4.300547
v 25932.295979 43364.696489 4.633859
v 25939.480273 43374.178861 2.383102
v 25937.204639 43364.696489 2.716414
v 25944.388933 43374.178861 0.465656
v 25942.113299 43364.696489 0.798968
v 25941.755907 43383.661234 2.049790
v 25946.664567 43383.661234 0.132345
v 25948.940202 43393.143606 -0.200967
v 25522.478658 43348.029823 65.954182
v 25516.775029 43353.733451 62.767401
v 25516.775029 43337.066785 64.573816
v 25511.071401 43342.770413 61.402050
v 25511.071401 43326.103747 63.272443
v 25505.367772 43331.807375 60.126469
v 25505.367772 43315.140708 62.066303
v 25499.664144 43320.844337 58.956375
v 25522.478658 43331.363156 67.718033
v 25516.775029 43320.400118 66.381681
v 25511.071401 43309.437080 65.130914
v 25522.478658 43314.696489 69.449257
v 25516.775029 43303.733451 68.145644
v 25522.478658 43298.029823 71.106107
v 25513.702374 43353.733451 61.377505
v 25510.629718 43353.733451 59.989198
v 25507.557062 43353.733451 58.602554
v 25507.998745 43342.770413 60.031083
v 25504.926089 43342.770413 58.662506
v 25502.295116 43331.807375 58.781403
v 25515.406240 43298.029823 68.290412
v 25516.013482 43300.560148 68.225995
v 25508.941064 43300.560148 65.415051
v 25509.548306 43303.090474 65.332983
v 25502.475888 43303.090474 62.526619
v 25503.083130 43305.620800 62.427279
v 25496.010712 43305.620800 59.625322
v 25496.617954 43308.151126 59.509095
v 25508.333822 43298.029823 65.497908
v 25501.868645 43300.560148 62.627275
v 25495.403469 43303.090474 59.743399
v 25501.261403 43298.029823 62.729189
v 25494.796227 43300.560148 59.863259
v 25494.188985 43298.029823 59.984834
v 25510.309853 43306.263777 65.231245
v 25504.606225 43311.967406 62.184279
v 25498.902596 43317.671034 59.089555
v 25503.844677 43308.794103 62.304643
v 25498.141049 43314.497731 59.226160
v 25497.379501 43311.324429 59.366052
v 25589.145325 43348.029823 79.945849
v 25572.478658 43348.029823 76.103919
v 25555.811991 43348.029823 72.272313
v 25539.145325 43348.029823 68.457155
v 25589.145325 43331.363156 80.266722
v 25572.478658 43331.363156 76.450361
v 25555.811991 43331.363156 72.660686
v 25589.145325 43314.696489 80.509839
v 25572.478658 43314.696489 76.751508
v 25589.145325 43298.029823 80.671590
v 25572.478658 43298.029823 78.224311
v 25555.811991 43314.696489 74.286117
v 25539.145325 43331.363156 70.176904
v 25555.811991 43298.029823 75.812299
v 25539.145325 43314.696489 71.850948
v 25539.145325 43298.029823 73.438590
v 25655.811991 43348.029823 82.622396
v 25639.145325 43364.696489 82.296875
v 25639.145325 43348.029823 81.710937
v 25622.478658 43348.029823 80.799479
v 25605.811991 43348.029823 79.886425
v 25655.811991 43331.363156 82.025394
v 25639.145325 43331.363156 81.103023
v 25622.478658 43331.363156 80.179166
v 25655.811991 43314.696489 81.357628
v 25639.145325 43314.696489 80.427534
v 25655.811991 43298.029823 80.629196
v 25639.145325 43298.029823 80.646459
v 25622.478658 43314.696489 80.459354
v 25605.811991 43331.363156 80.225085
v 25622.478658 43298.029823 80.659275
v 25605.811991 43314.696489 80.486791
v 25605.811991 43298.029823 80.667650
v 25722.478658 43348.029823 75.395833
v 25705.811991 43348.029823 76.763021
v 25689.145325 43348.029823 78.130208
v 25672.478658 43348.029823 79.497396
v 25722.478658 43331.363156 73.052083
v 25705.811991 43331.363156 74.419271
v 25689.145325 43331.363156 75.786456
v 25722.478658 43314.696489 70.710973
v 25705.811991 43314.696489 72.077106
v 25722.478658 43298.029823 68.411743
v 25705.811991 43298.029823 71.506206
v 25689.145325 43314.696489 75.187886
v 25672.478658 43331.363156 78.909508
v 25689.145325 43298.029823 74.576913
v 25672.478658 43314.696489 78.282990
v 25672.478658 43298.029823 77.619364
v 25789.145325 43348.029823 57.557292
v 25772.478658 43348.029823 61.723958
v 25755.811991 43348.029823 65.890625
v 25739.145325 43348.029823 70.057292
v 25789.145325 43331.363156 54.041667
v 25772.478658 43331.363156 58.208333
v 25755.811991 43331.363156 62.375000
v 25789.145325 43314.696489 50.526042
v 25772.478658 43314.696489 54.692708
v 25789.145325 43298.029823 47.051071
v 25772.478658 43298.029823 52.413371
v 25755.811991 43314.696489 60.031418
v 25739.145325 43331.363156 67.713542
v 25755.811991 43298.029823 57.766608
v 25739.145325 43314.696489 65.372818
v 25739.145325 43298.029823 63.102185
v 25855.811991 43348.029823 34.119792
v 25839.145325 43348.029823 40.109375
v 25822.478658 43348.029823 46.098958
v 25805.811991 43348.029823 52.088542
v 25855.811991 43331.363156 31.125000
v 25839.145325 43331.363156 37.114583
v 25822.478658 43331.363156 43.104167
v 25855.811991 43314.696489 28.130208
v 25839.145325 43314.696489 34.119792
v 25855.811991 43298.029823 25.135417
v 25839.145325 43298.029823 30.604167
v 25822.478658 43314.696489 39.588542
v 25805.811991 43331.363156 48.572917
v 25822.478658 43298.029823 36.074441
v 25805.811991 43314.696489 45.057292
v 25805.811991 43298.029823 41.558402
v 25922.478658 43348.029823 6.385417
v 25905.811991 43348.029823 13.546875
v 25889.145325 43348.029823 20.708333
v 25872.478658 43348.029823 27.869792
v 25922.478658 43331.363156 4.302083
v 25905.811991 43331.363156 11.463542
v 25889.145325 43331.363156 18.625000
v 25922.478658 43314.696489 2.218750
v 25905.811991 43314.696489 9.380208
v 25922.478658 43298.029823 0.135417
v 25905.811991 43298.029823 6.385417
v 25889.145325 43314.696489 15.630208
v 25872.478658 43331.363156 24.875000
v 25889.145325 43298.029823 12.635417
v 25872.478658 43314.696489 21.880208
v 25872.478658 43298.029823 18.885417
v 25938.313228 43348.861919 -0.314488
v 25934.354585 43352.820562 1.881322
v 25939.263246 43352.820562 -0.036124
v 25935.304603 43356.779204 2.159686
v 25940.213263 43356.779204 0.242240
v 25936.254621 43360.737847 2.438050
v 25941.163281 43360.737847 0.520604
v 25930.395943 43356.779204 4.077131
v 25931.345961 43360.737847 4.355495
v 25926.437300 43360.737847 6.272941
v 25926.437300 43310.737847 0.022941
v 25926.437300 43327.404513 2.106274
v 25930.395943 43323.445871 -0.089536
v 25930.395943 43340.112538 1.993798
v 25934.354585 43336.153895 -0.202012
v 25926.437300 43344.071180 4.189607
v 25925.869168 43308.370487 -0.028860
v 25929.827810 43321.078511 -0.141336
v 25929.259678 43318.711151 -0.193137
v 25933.218320 43331.419175 -0.305613
v 25932.650187 43329.051815 -0.357413
v 25936.608830 43341.759839 -0.469889
v 25936.040697 43339.392479 -0.521690
v 25933.786453 43333.786535 -0.253812
v 25937.176963 43344.127199 -0.418089
v 25937.745095 43346.494559 -0.366288
v 25923.387556 43298.029823 -0.255125
v 25926.778066 43308.370487 -0.419402
v 25924.296453 43298.029823 -0.645667
v 25927.686963 43308.370487 -0.809944
v 25925.205351 43298.029823 -1.036209
v 25928.595861 43308.370487 -1.200486
v 25926.114249 43298.029823 -1.426751
v 25930.168575 43318.711151 -0.583679
v 25931.077473 43318.711151 -0.974221
v 25933.559085 43329.051815 -0.747955
v 25522.478658 43281.363156 70.882588
v 25513.549377 43290.292437 67.516904
v 25513.549377 43273.625770 67.477571
v 25504.620097 43282.555051 64.127982
v 25504.620097 43265.888384 64.298019
v 25495.690816 43274.817664 60.962064
v 25495.690816 43258.150998 61.363194
v 25486.761536 43267.080278 58.039180
v 25522.478658 43264.696489 70.696102
v 25513.549377 43256.959103 67.496832
v 25504.620097 43249.221717 64.544201
v 25522.478658 43248.029823 70.549848
v 25513.549377 43240.292437 67.574204
v 25522.478658 43231.363156 70.446014
v 25506.476959 43290.292437 64.788069
v 25499.404541 43290.292437 62.084889
v 25492.332123 43290.292437 59.407909
v 25497.547679 43282.555051 61.494965
v 25490.475260 43282.555051 58.889853
v 25488.618398 43274.817664 58.432965
v 25484.618635 43258.150998 58.209671
v 25493.547916 43249.221717 61.450454
v 25482.475735 43249.221717 58.427389
v 25491.405016 43240.292437 61.579379
v 25480.332835 43240.292437 58.691155
v 25489.262116 43231.363156 61.749206
v 25478.189935 43231.363156 58.999551
v 25502.477197 43240.292437 64.540727
v 25500.334297 43231.363156 64.574076
v 25511.406477 43231.363156 67.473313
v 25589.145325 43281.363156 80.333043
v 25572.478658 43281.363156 77.959636
v 25555.811991 43281.363156 75.629711
v 25539.145325 43281.363156 73.345953
v 25589.145325 43264.696489 79.945239
v 25572.478658 43264.696489 77.662981
v 25555.811991 43264.696489 75.431443
v 25589.145325 43248.029823 79.515909
v 25572.478658 43248.029823 77.340020
v 25589.145325 43231.363156 79.052604
v 25572.478658 43231.363156 76.795942
v 25555.811991 43248.029823 75.010779
v 25539.145325 43264.696489 73.033249
v 25555.811991 43231.363156 74.608116
v 25539.145325 43248.029823 72.746703
v 25539.145325 43231.363156 72.490917
v 25655.811991 43281.363156 79.430274
v 25639.145325 43281.363156 79.438621
v 25622.478658 43281.363156 79.443079
v 25605.811991 43281.363156 79.443649
v 25655.811991 43264.696489 78.241094
v 25639.145325 43264.696489 78.244900
v 25622.478658 43264.696489 78.245304
v 25655.811991 43248.029823 77.087654
v 25639.145325 43248.029823 77.090754
v 25655.811991 43231.363156 75.992654
v 25639.145325 43231.363156 76.796585
v 25622.478658 43248.029823 77.923581
v 25605.811991 43264.696489 79.106619
v 25622.478658 43231.363156 77.575030
v 25605.811991 43248.029823 78.732241
v 25605.811991 43231.363156 78.327264
v 25722.478658 43281.363156 66.783406
v 25705.811991 43281.363156 69.832527
v 25689.145325 43281.363156 72.846549
v 25672.478658 43281.363156 75.821383
v 25722.478658 43264.696489 65.279907
v 25705.811991 43264.696489 68.265147
v 25689.145325 43264.696489 71.204981
v 25722.478658 43248.029823 63.934740
v 25705.811991 43248.029823 66.839050
v 25722.478658 43231.363156 62.775815
v 25705.811991 43231.363156 66.200601
v 25689.145325 43248.029823 70.328229
v 25672.478658 43264.696489 74.755438
v 25689.145325 43231.363156 69.547294
v 25672.478658 43248.029823 73.745706
v 25672.478658 43231.363156 72.812414
v 25789.145325 43281.363156 45.700251
v 25772.478658 43281.363156 51.058115
v 25755.811991 43281.363156 56.384205
v 25739.145325 43281.363156 61.670642
v 25789.145325 43264.696489 44.630039
v 25772.478658 43264.696489 49.939976
v 25755.811991 43264.696489 55.197324
v 25789.145325 43248.029823 43.857853
v 25772.478658 43248.029823 49.079705
v 25789.145325 43231.363156 43.395945
v 25772.478658 43231.363156 48.375594
v 25755.811991 43248.029823 54.109217
v 25739.145325 43264.696489 60.271046
v 25755.811991 43231.363156 53.269144
v 25739.145325 43248.029823 59.062915
v 25739.145325 43231.363156 58.071005
v 25855.811991 43281.363156 23.466991
v 25839.145325 43281.363156 28.999309
v 25822.478658 43281.363156 34.533490
v 25805.811991 43281.363156 40.060503
v 25855.811991 43264.696489 22.244141
v 25839.145325 43264.696489 27.819224
v 25822.478658 43264.696489 33.371970
v 25855.811991 43248.029823 21.509444
v 25839.145325 43248.029823 27.078834
v 25855.811991 43231.363156 21.264336
v 25839.145325 43231.363156 26.904618
v 25822.478658 43248.029823 32.728213
v 25805.811991 43264.696489 39.021026
v 25822.478658 43231.363156 32.477921
v 25805.811991 43248.029823 38.323712
v 25805.811991 43231.363156 37.977272
v 25872.478658 43294.242524 18.264063
v 25889.145325 43294.242524 12.014063
v 25889.145325 43290.455225 11.392709
v 25905.811991 43290.455225 5.142709
v 25905.811991 43286.667926 4.521356
v 25922.478658 43286.667926 -1.728644
v 25922.478658 43282.880628 -2.349998
v 25905.811991 43294.242524 5.764063
v 25922.478658 43290.455225 -1.107291
v 25922.478658 43294.242524 -0.485937
v 25871.991823 43292.213925 18.113809
v 25888.658490 43288.426627 11.242455
v 25888.171655 43286.398028 11.092201
v 25904.838322 43282.610729 4.220848
v 25904.351487 43280.582131 4.070594
v 25921.018154 43276.794832 -2.800760
v 25920.531319 43274.766234 -2.948865
v 25905.325157 43284.639328 4.371102
v 25921.504989 43278.823431 -2.650506
v 25921.991823 43280.852029 -2.500252
v 25869.985996 43283.855817 17.512760
v 25886.165828 43278.039920 10.515627
v 25884.160002 43269.681812 10.100983
v 25900.339834 43263.865915 3.180755
v 25898.334007 43255.507807 3.012746
v 25914.513839 43249.691910 -3.796111
v 25912.508012 43241.333802 -3.681431
v 25902.345660 43272.224023 3.532391
v 25916.519666 43258.050018 -3.715298
v 25918.525492 43266.408126 -3.434337
v 25869.985996 43233.855817 15.100870
v 25869.985996 43250.522484 15.362180
v 25884.160002 43236.348479 8.876245
v 25884.160002 43253.015146 9.189862
v 25898.334007 43238.841141 2.609015
v 25869.985996 43267.189151 16.165549
v 25869.387793 43231.363156 15.368974
v 25883.561798 43233.855817 9.143632
v 25882.963595 43231.363156 9.423315
v 25897.137600 43233.855817 3.144327
v 25896.539397 43231.363156 3.432597
v 25910.713402 43233.855817 -2.891581
v 25910.115199 43231.363156 -2.597802
v 25897.735804 43236.348479 2.869724
v 25911.311605 43236.348479 -3.170276
v 25911.909809 43238.841141 -3.433641
v 25925.410620 43295.097861 -1.605436
v 25924.677629 43295.830851 -1.170223
v 25925.586527 43295.830851 -1.560765
v 25924.853537 43296.563842 -1.125552
v 25925.762434 43296.563842 -1.516094
v 25925.029444 43297.296832 -1.080880
v 25925.938342 43297.296832 -1.471422
v 25923.944639 43296.563842 -0.735010
v 25924.120546 43297.296832 -0.690338
v 25923.211648 43297.296832 -0.299796
v 25923.211648 43285.934936 -2.163858
v 25923.211648 43289.722235 -1.542504
v 25923.944639 43288.989244 -1.977717
v 25923.944639 43292.776543 -1.356363
v 25924.677629 43292.043552 -1.791576
v 25923.211648 43293.509533 -0.921150
v 25522.478658 43214.696489 69.946545
v 25510.323725 43226.851422 67.111226
v 25510.323725 43210.184755 66.915586
v 25498.168793 43222.339688 64.020845
v 25498.168793 43205.673021 64.138420
v 25486.013860 43217.827954 61.181628
v 25486.013860 43201.161287 61.619442
v 25473.858928 43213.316220 58.598972
v 25522.478658 43198.029823 69.566862
v 25510.323725 43193.518089 66.849772
v 25498.168793 43189.006355 64.392123
v 25522.478658 43181.363156 69.309125
v 25510.323725 43176.851422 66.911063
v 25522.478658 43164.696489 69.172403
v 25499.251545 43226.851422 64.285395
v 25488.179364 43226.851422 61.534959
v 25477.107183 43226.851422 58.860692
v 25487.096612 43222.339688 61.345736
v 25476.024431 43222.339688 58.747656
v 25474.941679 43217.827954 58.660436
v 25507.406715 43164.696489 66.817679
v 25508.258793 43168.247026 66.833202
v 25493.186850 43168.247026 64.538013
v 25494.038928 43171.797562 64.489264
v 25478.966985 43171.797562 62.253613
v 25479.819063 43175.348098 62.140590
v 25464.747119 43175.348098 59.964477
v 25465.599198 43178.898635 59.787178
v 25492.334772 43164.696489 64.596252
v 25478.114906 43168.247026 62.376080
v 25463.895041 43171.797562 60.151178
v 25477.262828 43164.696489 62.507780
v 25463.042963 43168.247026 60.347026
v 25462.190885 43164.696489 60.551754
v 25496.103860 43180.401958 64.411424
v 25483.948928 43192.556891 61.732650
v 25471.793995 43204.711824 58.801400
v 25481.883995 43183.952495 61.907057
v 25469.729063 43196.107427 59.068475
v 25467.664130 43187.503031 59.397961
v 25589.145325 43214.696489 78.230689
v 25572.478658 43214.696489 76.124719
v 25555.811991 43214.696489 74.092369
v 25539.145325 43214.696489 72.135039
v 25589.145325 43198.029823 77.440548
v 25572.478658 43198.029823 75.495646
v 25555.811991 43198.029823 73.628029
v 25589.145325 43181.363156 76.692343
v 25572.478658 43181.363156 74.916359
v 25589.145325 43164.696489 75.994602
v 25572.478658 43164.696489 74.147041
v 25555.811991 43181.363156 72.953493
v 25539.145325 43198.029823 71.551392
v 25555.811991 43164.696489 72.394010
v 25539.145325 43181.363156 71.084225
v 25539.145325 43164.696489 70.735761
v 25655.811991 43214.696489 75.127748
v 25639.145325 43214.696489 75.885446
v 25622.478658 43214.696489 76.616032
v 25605.811991 43214.696489 77.318913
v 25655.811991 43198.029823 74.336011
v 25639.145325 43198.029823 75.045785
v 25622.478658 43198.029823 75.727141
v 25655.811991 43181.363156 73.628453
v 25639.145325 43181.363156 74.288960
v 25655.811991 43164.696489 73.013406
v 25639.145325 43164.696489 73.818064
v 25622.478658 43181.363156 75.129115
v 25605.811991 43198.029823 76.602954
v 25622.478658 43164.696489 74.583306
v 25605.811991 43181.363156 75.930367
v 25605.811991 43164.696489 75.308882
v 25722.478658 43214.696489 61.933134
v 25705.811991 43214.696489 65.212894
v 25689.145325 43214.696489 68.405699
v 25672.478658 43214.696489 71.508583
v 25722.478658 43198.029823 61.302873
v 25705.811991 43198.029823 64.421588
v 25689.145325 43198.029823 67.445811
v 25722.478658 43181.363156 60.894692
v 25705.811991 43181.363156 63.838480
v 25722.478658 43164.696489 60.713081
v 25705.811991 43164.696489 63.981023
v 25689.145325 43181.363156 67.226401
v 25672.478658 43198.029823 70.950742
v 25689.145325 43164.696489 67.121478
v 25672.478658 43181.363156 70.490427
v 25672.478658 43164.696489 70.132764
v 25789.145325 43214.696489 43.421339
v 25772.478658 43214.696489 48.245901
v 25755.811991 43214.696489 52.969527
v 25739.145325 43214.696489 57.587329
v 25789.145325 43198.029823 43.748405
v 25772.478658 43198.029823 48.387936
v 25755.811991 43198.029823 52.913559
v 25789.145325 43181.363156 44.371190
v 25772.478658 43181.363156 48.799087
v 25789.145325 43164.696489 45.279197
v 25772.478658 43164.696489 49.333798
v 25755.811991 43181.363156 52.955455
v 25739.145325 43198.029823 57.166847
v 25755.811991 43164.696489 53.259403
v 25739.145325 43181.363156 56.988371
v 25739.145325 43164.696489 57.053320
v 25855.811991 43214.696489 21.149864
v 25839.145325 43214.696489 26.696561
v 25822.478658 43214.696489 32.157625
v 25805.811991 43214.696489 37.526835
v 25855.811991 43198.029823 21.542262
v 25839.145325 43198.029823 26.957284
v 25822.478658 43198.029823 32.269972
v 25855.811991 43181.363156 22.432505
v 25839.145325 43181.363156 27.681005
v 25855.811991 43164.696489 23.804739
v 25839.145325 43164.696489 29.399927
v 25822.478658 43181.363156 33.385153
v 25805.811991 43198.029823 38.073773
v 25822.478658 43164.696489 34.846951
v 25805.811991 43181.363156 38.950206
v 25805.811991 43164.696489 40.141414
v 25899.605404 43187.569743 3.722965
v 25888.657051 43198.518097 7.601821
v 25902.232853 43198.518097 1.760728
v 25891.284500 43209.466450 5.969090
v 25904.860301 43209.466450 0.041029
v 25893.911948 43220.414803 4.573854
v 25907.487750 43220.414803 -1.417811
v 25877.708698 43209.466450 11.832555
v 25880.336146 43220.414803 10.512943
v 25866.760344 43220.414803 16.394451
v 25866.760344 43170.414803 18.961950
v 25866.760344 43187.081469 17.584326
v 25877.708698 43176.133116 13.986937
v 25877.708698 43192.799783 12.633266
v 25888.657051 43181.851430 8.899974
v 25866.760344 43203.748136 16.722984
v 25865.388031 43164.696489 20.086843
v 25876.336384 43170.414803 15.128273
v 25874.964070 43164.696489 16.314602
v 25885.912423 43170.414803 11.243455
v 25884.540109 43164.696489 12.489102
v 25895.488463 43170.414803 7.308687
v 25894.116149 43164.696489 8.611466
v 25887.284737 43176.133116 10.046200
v 25896.860776 43176.133116 6.057820
v 25898.233090 43181.851430 4.861656
v 25455.811991 43098.029823 63.583868
v 25453.872421 43099.969393 63.280569
v 25454.381448 43102.090464 63.132241
v 25452.441878 43104.030034 62.820163
v 25452.950905 43106.151106 62.675365
v 25451.011335 43108.090676 62.354574
v 25451.520362 43110.211748 62.213679
v 25449.580793 43112.151318 61.884245
v 25450.089820 43114.272389 61.747618
v 25451.932851 43101.908963 62.971160
v 25450.502308 43105.969604 62.501957
v 25449.071766 43110.030246 62.027641
v 25449.993281 43103.848532 62.655615
v 25448.562739 43107.909174 62.177600
v 25448.053712 43105.788102 62.333911
v 25455.811991 43108.051414 62.748856
v 25454.381448 43112.112056 62.303433
v 25455.811991 43118.073005 61.986650
v 25454.381448 43122.133647 61.551969
v 25455.811991 43128.094596 61.311031
v 25454.381448 43132.155238 60.891232
v 25455.811991 43138.116188 60.734428
v 25452.950905 43116.172697 61.854207
v 25452.950905 43126.194289 61.114822
v 25451.520362 43120.233339 61.401591
v 25447.588242 43103.848532 62.578582
v 25449.527812 43101.908963 62.895827
v 25447.122773 43101.908963 62.822755
v 25449.062343 43099.969393 63.135510
v 25446.657304 43099.969393 63.066333
v 25448.596874 43098.029823 63.374569
v 25446.191835 43098.029823 63.309221
v 25451.467382 43099.969393 63.206918
v 25451.001913 43098.029823 63.442119
v 25453.406952 43098.029823 63.511881
v 25522.478658 43148.029823 67.283256
v 25507.098073 43163.410407 66.632091
v 25507.098073 43146.743741 65.173115
v 25491.717489 43162.124325 64.293460
v 25491.717489 43145.457659 63.260954
v 25476.336904 43160.838243 62.155571
v 25476.336904 43144.171576 61.544532
v 25460.956320 43159.552161 60.217012
v 25522.478658 43131.363156 66.017524
v 25507.098073 43130.077074 64.325534
v 25491.717489 43128.790992 62.824416
v 25522.478658 43114.696489 65.343700
v 25507.098073 43113.410407 64.049628
v 25522.478658 43098.029823 65.213468
v 25492.026130 43163.410407 64.442360
v 25476.954187 43163.410407 62.385442
v 25461.882244 43163.410407 60.460779
v 25476.645546 43162.124325 62.268045
v 25461.573602 43162.124325 60.374677
v 25461.264961 43160.838243 60.293429
v 25505.811991 43098.029823 64.680541
v 25505.811991 43108.051414 64.208812
v 25489.145325 43108.051414 63.635272
v 25489.145325 43118.073005 63.127815
v 25472.478658 43118.073005 62.512316
v 25472.478658 43128.094596 61.969824
v 25489.145325 43098.029823 64.233027
v 25472.478658 43108.051414 63.149418
v 25472.478658 43098.029823 63.868373
v 25490.431407 43123.431999 62.954594
v 25475.050822 43138.812583 61.640680
v 25459.670237 43154.193168 60.274346
v 25473.764740 43133.453590 61.783067
v 25458.384155 43148.834174 60.380803
v 25457.098073 43143.475181 60.534760
v 25589.145325 43148.029823 72.945811
v 25572.478658 43148.029823 71.374153
v 25555.811991 43148.029823 69.897261
v 25539.145325 43148.029823 68.514878
v 25589.145325 43131.363156 70.551356
v 25572.478658 43131.363156 69.254374
v 25555.811991 43131.363156 68.050652
v 25589.145325 43114.696489 68.801869
v 25572.478658 43114.696489 67.772640
v 25589.145325 43098.029823 67.670757
v 25572.478658 43098.029823 66.935900
v 25555.811991 43114.696489 66.878324
v 25539.145325 43131.363156 66.990146
v 25555.811991 43098.029823 66.282566
v 25539.145325 43114.696489 66.069132
v 25539.145325 43098.029823 65.709040
v 25655.811991 43148.029823 71.024427
v 25639.145325 43148.029823 71.797372
v 25622.478658 43148.029823 72.530517
v 25605.811991 43148.029823 73.223760
v 25655.811991 43131.363156 69.460614
v 25639.145325 43131.363156 70.201637
v 25622.478658 43131.363156 70.902675
v 25655.811991 43114.696489 68.321312
v 25639.145325 43114.696489 69.029279
v 25655.811991 43098.029823 67.594670
v 25639.145325 43098.029823 67.594460
v 25622.478658 43114.696489 68.939353
v 25605.811991 43131.363156 70.719569
v 25622.478658 43098.029823 67.607299
v 25605.811991 43114.696489 68.863625
v 25605.811991 43098.029823 67.632850
v 25722.478658 43148.029823 60.083189
v 25705.811991 43148.029823 63.124573
v 25689.145325 43148.029823 66.034398
v 25672.478658 43148.029823 68.811592
v 25722.478658 43131.363156 59.806284
v 25705.811991 43131.363156 62.613164
v 25689.145325 43131.363156 65.285936
v 25722.478658 43114.696489 59.873492
v 25705.811991 43114.696489 62.440050
v 25722.478658 43098.029823 60.267242
v 25705.811991 43098.029823 62.266811
v 25689.145325 43114.696489 64.512687
v 25672.478658 43131.363156 67.429298
v 25689.145325 43098.029823 64.154163
v 25672.478658 43114.696489 66.473025
v 25672.478658 43098.029823 65.929869
v 25789.145325 43148.029823 45.807543
v 25772.478658 43148.029823 49.632060
v 25755.811991 43148.029823 53.320535
v 25739.145325 43148.029823 56.870941
v 25789.145325 43131.363156 46.701106
v 25772.478658 43131.363156 50.280155
v 25755.811991 43131.363156 53.717817
v 25789.145325 43114.696489 47.939891
v 25772.478658 43114.696489 51.260713
v 25789.145325 43098.029823 49.496240
v 25772.478658 43098.029823 52.395257
v 25755.811991 43114.696489 54.268032
v 25739.145325 43131.363156 56.829274
v 25755.811991 43098.029823 55.156770
v 25739.145325 43114.696489 57.139116
v 25739.145325 43098.029823 57.780717
v 25855.811991 43148.029823 25.683133
v 25839.145325 43148.029823 31.012006
v 25822.478658 43148.029823 36.180787
v 25805.811991 43148.029823 41.185927
v 25855.811991 43131.363156 27.983947
v 25839.145325 43131.363156 33.019308
v 25822.478658 43131.363156 37.884879
v 25855.811991 43114.696489 30.670408
v 25839.145325 43114.696489 35.388911
v 25855.811991 43098.029823 33.699118
v 25839.145325 43098.029823 37.908845
v 25822.478658 43114.696489 39.742776
v 25805.811991 43131.363156 42.375812
v 25822.478658 43098.029823 41.945558
v 25805.811991 43114.696489 43.926946
v 25805.811991 43098.029823 45.808266
v 25864.237134 43159.900803 21.189602
v 25873.813174 43159.900803 17.472515
v 25872.662277 43155.105116 18.653436
v 25882.238317 43155.105116 14.937097
v 25881.087420 43150.309429 16.197215
v 25890.663459 43150.309429 12.481585
v 25889.512563 43145.513743 13.821852
v 25883.389213 43159.900803 13.700473
v 25891.814356 43155.105116 11.165199
v 25892.965252 43159.900803 9.874541
v 25863.534692 43156.973788 21.873010
v 25871.959835 43152.178102 19.384800
v 25871.257394 43149.251087 20.123738
v 25879.682537 43144.455400 17.764719
v 25878.980095 43141.528386 18.559626
v 25887.405238 43136.732699 16.331713
v 25886.702796 43133.805685 17.182801
v 25880.384978 43147.382415 16.977116
v 25888.107679 43139.659714 15.487580
v 25888.810121 43142.586728 14.650821
v 25863.534692 43106.973788 29.735236
v 25863.534692 43123.640455 26.723053
v 25871.257394 43115.917754 25.647861
v 25871.257394 43132.584420 22.679063
v 25878.980095 43124.861719 21.456595
v 25863.534692 43140.307121 24.088379
v 25861.388268 43098.029823 32.108701
v 25869.110969 43106.973788 28.049858
v 25866.964545 43098.029823 30.496570
v 25874.687246 43106.973788 26.343239
v 25872.540822 43098.029823 28.862786
v 25880.263523 43106.973788 24.615464
v 25878.117099 43098.029823 27.207412
v 25876.833670 43115.917754 23.870838
v 25882.409947 43115.917754 22.073184
v 25884.556372 43124.861719 19.591901
v 25455.811991 43081.363156 63.747458
v 25450.646769 43086.528378 63.518411
v 25450.646769 43069.861711 64.344310
v 25445.481547 43075.026933 63.996006
v 25445.481547 43058.360267 65.351152
v 25440.316325 43063.525488 64.914991
v 25440.316325 43046.858822 66.649006
v 25435.151104 43052.024044 66.160239
v 25455.811991 43064.696489 64.715038
v 25450.646769 43053.195045 65.800159
v 25445.481547 43041.693600 67.139946
v 25455.811991 43048.029823 66.259126
v 25450.646769 43036.528378 67.629863
v 25455.811991 43031.363156 68.115478
v 25448.241730 43086.528378 63.483029
v 25445.836691 43086.528378 63.449627
v 25443.431652 43086.528378 63.418193
v 25443.076508 43075.026933 63.992188
v 25440.671469 43075.026933 63.990070
v 25437.911286 43063.525488 64.936990
v 25433.911524 43046.858822 66.835250
v 25439.076746 43041.693600 67.326824
v 25432.671944 43041.693600 67.513843
v 25437.837166 43036.528378 68.001880
v 25431.432365 43036.528378 68.187077
v 25436.597586 43031.363156 68.664994
v 25430.192785 43031.363156 68.845679
v 25444.241968 43036.528378 67.816069
v 25443.002388 43031.363156 68.482916
v 25449.407190 43031.363156 68.299669
v 25522.478658 43081.363156 64.091107
v 25505.811991 43081.363156 63.865091
v 25489.145325 43081.363156 63.713448
v 25472.478658 43081.363156 63.632994
v 25522.478658 43064.696489 64.045279
v 25505.811991 43064.696489 64.078869
v 25489.145325 43064.696489 64.173289
v 25522.478658 43048.029823 64.875037
v 25505.811991 43048.029823 65.111004
v 25522.478658 43031.363156 66.340175
v 25505.811991 43031.363156 66.767045
v 25489.145325 43048.029823 65.468601
v 25472.478658 43064.696489 64.425459
v 25489.145325 43031.363156 67.208004
v 25472.478658 43048.029823 65.852561
v 25472.478658 43031.363156 67.658906
v 25589.145325 43081.363156 65.239727
v 25572.478658 43081.363156 64.827557
v 25555.811991 43081.363156 64.488929
v 25539.145325 43081.363156 64.221559
v 25589.145325 43064.696489 64.077482
v 25572.478658 43064.696489 63.951340
v 25555.811991 43064.696489 63.888404
v 25589.145325 43048.029823 64.017319
v 25572.478658 43048.029823 64.130804
v 25589.145325 43031.363156 64.852245
v 25572.478658 43031.363156 65.183740
v 25555.811991 43048.029823 64.339566
v 25539.145325 43064.696489 63.941806
v 25555.811991 43031.363156 65.544683
v 25539.145325 43048.029823 64.588729
v 25539.145325 43031.363156 65.931421
v 25655.811991 43081.363156 64.469058
v 25639.145325 43081.363156 64.660086
v 25622.478658 43081.363156 64.861016
v 25605.811991 43081.363156 65.071306
v 25655.811991 43064.696489 62.687446
v 25639.145325 43064.696489 63.047815
v 25622.478658 43064.696489 63.413601
v 25655.811991 43048.029823 62.115738
v 25639.145325 43048.029823 62.616000
v 25655.811991 43031.363156 62.580173
v 25639.145325 43031.363156 63.154748
v 25622.478658 43048.029823 63.080398
v 25605.811991 43064.696489 63.741213
v 25622.478658 43031.363156 63.725855
v 25605.811991 43048.029823 63.547884
v 25605.811991 43031.363156 64.292147
v 25722.478658 43081.363156 57.940674
v 25705.811991 43081.363156 59.856387
v 25689.145325 43081.363156 61.660367
v 25672.478658 43081.363156 63.353593
v 25722.478658 43064.696489 56.828508
v 25705.811991 43064.696489 58.650570
v 25689.145325 43064.696489 60.361849
v 25722.478658 43048.029823 56.824384
v 25705.811991 43048.029823 58.539787
v 25722.478658 43031.363156 57.787054
v 25705.811991 43031.363156 59.093233
v 25689.145325 43048.029823 59.801927
v 25672.478658 43064.696489 61.559057
v 25689.145325 43031.363156 60.326771
v 25672.478658 43048.029823 60.993593
v 25672.478658 43031.363156 61.488704
v 25789.145325 43081.363156 49.202230
v 25772.478658 43081.363156 51.917256
v 25755.811991 43081.363156 54.494058
v 25739.145325 43081.363156 56.933140
v 25789.145325 43064.696489 49.744480
v 25772.478658 43064.696489 52.266686
v 25755.811991 43064.696489 54.651065
v 25789.145325 43048.029823 51.045560
v 25772.478658 43048.029823 53.365603
v 25789.145325 43031.363156 53.004376
v 25772.478658 43031.363156 54.268126
v 25755.811991 43048.029823 54.560577
v 25739.145325 43064.696489 55.759431
v 25755.811991 43031.363156 55.486539
v 25739.145325 43048.029823 55.713530
v 25739.145325 43031.363156 56.659527
v 25855.811991 43081.363156 36.170145
v 25839.145325 43081.363156 40.073253
v 25822.478658 43081.363156 43.800279
v 25805.811991 43081.363156 47.351015
v 25855.811991 43064.696489 39.089467
v 25839.145325 43064.696489 42.673425
v 25822.478658 43064.696489 46.080177
v 25855.811991 43048.029823 42.388466
v 25839.145325 43048.029823 45.643325
v 25855.811991 43031.363156 45.986290
v 25839.145325 43031.363156 47.857834
v 25822.478658 43048.029823 47.520259
v 25805.811991 43064.696489 47.949530
v 25822.478658 43031.363156 49.651152
v 25805.811991 43048.029823 49.320956
v 25805.811991 43031.363156 51.366533
v 25860.359790 43093.744241 33.257910
v 25865.936067 43093.744241 31.681613
v 25864.907588 43089.458660 32.873232
v 25870.483865 43089.458660 31.311234
v 25869.455387 43085.173079 32.544754
v 25875.031663 43085.173079 30.997242
v 25874.003185 43080.887497 32.272096
v 25871.512343 43093.744241 30.083496
v 25876.060142 43089.458660 29.727319
v 25877.088620 43093.744241 28.463616
v 25860.309040 43093.532773 33.314786
v 25864.856839 43089.247192 32.932180
v 25864.806090 43089.035724 32.991141
v 25869.353888 43084.750143 32.666754
v 25869.303139 43084.538675 32.727770
v 25873.850937 43080.253094 32.461155
v 25873.800188 43080.041626 32.524192
v 25869.404637 43084.961611 32.605749
v 25873.901686 43080.464562 32.398127
v 25873.952436 43080.676029 32.335107
v 25860.309040 43043.532773 42.541883
v 25860.309040 43060.199440 39.079842
v 25864.806090 43055.702391 39.124831
v 25864.806090 43072.369058 35.848041
v 25869.303139 43067.872009 35.773563
v 25860.309040 43076.866107 35.980008
v 25857.388506 43031.363156 45.729548
v 25861.885555 43043.532773 42.261795
v 25858.965020 43031.363156 45.471472
v 25863.462069 43043.532773 41.980364
v 25860.541534 43031.363156 45.212060
v 25865.038584 43043.532773 41.697587
v 25862.118049 43031.363156 44.951311
v 25866.382604 43055.702391 38.821888
v 25867.959118 43055.702391 38.517602
v 25870.879653 43067.872009 35.448396
v 25455.811991 43014.696489 69.951019
v 25447.421117 43023.087363 69.273480
v 25447.421117 43006.420697 70.972759
v 25439.030243 43014.811571 70.370038
v 25439.030243 42998.144904 71.786976
v 25430.639370 43006.535778 71.317921
v 25430.639370 42989.869111 72.297147
v 25422.248496 42998.259985 72.024229
v 25455.811991 42998.029823 71.502982
v 25447.421117 42989.754030 72.143983
v 25439.030243 42981.478237 72.416149
v 25455.811991 42981.363156 72.362451
v 25447.421117 42973.087363 72.416630
v 25455.811991 42964.696489 72.413283
v 25441.016316 43023.087363 69.450273
v 25434.611514 43023.087363 69.624479
v 25428.206713 43023.087363 69.795857
v 25432.625442 43014.811571 70.527436
v 25426.220640 43014.811571 70.680488
v 25424.234568 43006.535778 71.443120
v 25421.254958 42989.869111 72.358431
v 25429.645832 42981.478237 72.418812
v 25420.261420 42981.478237 72.417649
v 25428.652294 42973.087363 72.414303
v 25419.267882 42973.087363 72.413139
v 25427.658756 42964.696489 72.409793
v 25418.274345 42964.696489 72.408630
v 25438.036706 42973.087363 72.415466
v 25437.043168 42964.696489 72.410956
v 25446.427580 42964.696489 72.412120
v 25421.454138 42994.949963 72.191884
v 25420.460600 42986.559089 72.412116
v 25420.659779 42991.639942 72.316414
v 25419.666242 42983.249068 72.418501
v 25419.865421 42988.329920 72.393576
v 25418.871884 42979.939046 72.416672
v 25419.071063 42985.019898 72.419051
v 25419.467062 42978.168216 72.415820
v 25418.672704 42974.858194 72.413991
v 25418.473524 42969.777342 72.411310
v 25522.478658 43014.696489 68.123741
v 25505.811991 43014.696489 68.590592
v 25489.145325 43014.696489 69.052825
v 25472.478658 43014.696489 69.505763
v 25522.478658 42998.029823 69.982305
v 25505.811991 42998.029823 70.405050
v 25489.145325 42998.029823 70.802197
v 25522.478658 42981.363156 71.539061
v 25505.811991 42981.363156 71.823867
v 25522.478658 42964.696489 72.375454
v 25505.811991 42964.696489 72.418740
v 25489.145325 42981.363156 72.060601
v 25472.478658 42998.029823 71.171488
v 25489.145325 42964.696489 72.417416
v 25472.478658 42981.363156 72.241942
v 25472.478658 42964.696489 72.415350
v 25589.145325 43014.696489 66.268927
v 25572.478658 43014.696489 66.713096
v 25555.811991 43014.696489 67.169977
v 25539.145325 43014.696489 67.635379
v 25589.145325 42998.029823 68.098554
v 25572.478658 42998.029823 68.579099
v 25555.811991 42998.029823 69.053308
v 25589.145325 42981.363156 69.994785
v 25572.478658 42981.363156 70.425436
v 25589.145325 42964.696489 71.568284
v 25572.478658 42964.696489 71.854633
v 25555.811991 42981.363156 70.834004
v 25539.145325 42998.029823 69.527752
v 25555.811991 42964.696489 72.088074
v 25539.145325 42981.363156 71.206812
v 25539.145325 42964.696489 72.263439
v 25655.811991 43014.696489 63.763378
v 25639.145325 43014.696489 64.413123
v 25622.478658 43014.696489 65.050057
v 25605.811991 43014.696489 65.672587
v 25655.811991 42998.029823 65.584325
v 25639.145325 42998.029823 66.253262
v 25622.478658 42998.029823 66.898546
v 25655.811991 42981.363156 67.732451
v 25639.145325 42981.363156 68.356369
v 25655.811991 42964.696489 69.854611
v 25639.145325 42964.696489 70.358755
v 25622.478658 42981.363156 68.939927
v 25605.811991 42998.029823 67.511340
v 25622.478658 42964.696489 70.814102
v 25605.811991 42981.363156 69.486830
v 25605.811991 42964.696489 71.218131
v 25722.478658 43014.696489 59.479715
v 25705.811991 43014.696489 60.717719
v 25689.145325 43014.696489 61.881848
v 25672.478658 43014.696489 62.973338
v 25722.478658 42998.029823 61.785494
v 25705.811991 42998.029823 62.923972
v 25689.145325 42998.029823 63.987200
v 25722.478658 42981.363156 64.451746
v 25705.811991 42981.363156 65.454715
v 25722.478658 42964.696489 67.189687
v 25705.811991 42964.696489 67.939011
v 25689.145325 42981.363156 66.260351
v 25672.478658 42998.029823 64.804935
v 25689.145325 42964.696489 68.633511
v 25672.478658 42981.363156 67.019845
v 25672.478658 42964.696489 69.272326
v 25789.145325 43014.696489 55.116463
v 25772.478658 43014.696489 56.359040
v 25755.811991 43014.696489 57.552688
v 25739.145325 43014.696489 58.697379
v 25789.145325 42998.029823 57.792959
v 25772.478658 42998.029823 58.983883
v 25755.811991 42998.029823 60.121882
v 25789.145325 42981.363156 60.833597
v 25772.478658 42981.363156 61.937982
v 25789.145325 42964.696489 64.008421
v 25772.478658 42964.696489 64.853716
v 25755.811991 42981.363156 62.798668
v 25739.145325 42998.029823 60.960323
v 25755.811991 42964.696489 65.667215
v 25739.145325 42981.363156 63.637279
v 25739.145325 42964.696489 66.446642
v 25805.811991 43024.793956 52.281737
v 25822.478658 43024.793956 50.602435
v 25822.478658 43018.224756 51.642895
v 25839.145325 43018.224756 49.923715
v 25839.145325 43011.655557 51.086193
v 25855.811991 43011.655557 49.328786
v 25855.811991 43005.086357 50.609911
v 25839.145325 43024.793956 48.844556
v 25855.811991 43018.224756 48.124863
v 25855.811991 43024.793956 47.007711
v 25803.857736 43016.650744 53.720459
v 25820.524403 43010.081544 53.232623
v 25818.570148 43001.938332 54.911219
v 25835.236815 42995.369133 54.635846
v 25833.282560 42987.225921 56.503238
v 25849.949227 42980.656721 56.415136
v 25847.994972 42972.513509 58.414295
v 25837.191070 43003.512345 52.822340
v 25851.903482 42988.799933 54.430936
v 25853.857736 42996.943145 52.487716
v 25803.857736 42966.650744 62.717211
v 25803.857736 42983.317411 59.446917
v 25818.570148 42968.604999 61.352069
v 25818.570148 42985.271666 58.002372
v 25833.282560 42970.559254 59.916575
v 25803.857736 42999.984077 56.373835
v 25803.388743 42964.696489 63.131842
v 25818.101155 42966.650744 61.782284
v 25817.632162 42964.696489 62.211411
v 25832.344573 42966.650744 60.804065
v 25831.875580 42964.696489 61.247211
v 25846.587992 42966.650744 59.782665
v 25846.118999 42964.696489 60.239350
v 25832.813567 42968.604999 60.360364
v 25847.056985 42968.604999 59.325955
v 25847.525979 42970.559254 58.869681
v 25860.897580 43026.277567 46.224557
v 25859.626183 43027.548965 46.158788
v 25861.202697 43027.548965 45.904709
v 25859.931300 43028.820362 45.842158
v 25861.507814 43028.820362 45.585851
v 25860.236417 43030.091759 45.526564
v 25861.812932 43030.091759 45.268034
v 25858.354786 43028.820362 46.097131
v 25858.659903 43030.091759 45.783759
v 25857.083388 43030.091759 46.039620
v 25857.083388 43010.384160 49.441372
v 25857.083388 43016.953359 48.219184
v 25858.354786 43015.681962 48.317226
v 25858.354786 43022.251162 47.160739
v 25859.626183 43020.979765 47.243155
v 25857.083388 43023.522559 47.082246
v 25455.811991 42948.029823 72.404571
v 25446.152870 42957.688944 72.408423
v 25446.152870 42941.022278 72.399710
v 25436.493748 42950.681399 72.403562
v 25436.493748 42934.014733 72.394849
v 25426.834626 42943.673854 72.398701
v 25426.834626 42927.007188 72.389988
v 25417.175505 42936.666309 72.393840
v 25455.811991 42931.363156 72.395858
v 25446.152870 42924.355611 72.390997
v 25436.493748 42917.348066 72.386136
v 25455.811991 42914.696489 72.387145
v 25446.152870 42907.688944 72.382284
v 25455.811991 42898.029823 72.378432
v 25436.768458 42957.688944 72.407259
v 25427.384046 42957.688944 72.406096
v 25417.999635 42957.688944 72.404932
v 25427.109336 42950.681399 72.402398
v 25417.724925 42950.681399 72.401235
v 25417.450215 42943.673854 72.397537
v 25417.318864 42927.007188 72.388808
v 25426.977985 42917.348066 72.384957
v 25417.462222 42917.348066 72.383777
v 25427.121344 42907.688944 72.379925
v 25417.605581 42907.688944 72.378745
v 25427.264703 42898.029823 72.374893
v 25417.748940 42898.029823 72.373713
v 25436.637107 42907.688944 72.381105
v 25436.780466 42898.029823 72.376073
v 25446.296229 42898.029823 72.377253
v 25416.846977 42928.285945 72.389418
v 25416.990336 42918.626823 72.384387
v 25416.518450 42919.905581 72.384997
v 25416.661809 42910.246459 72.379965
v 25416.189923 42911.525216 72.380575
v 25416.333282 42901.866095 72.375543
v 25415.861395 42903.144852 72.376153
v 25417.133695 42908.967702 72.379355
v 25416.805168 42900.587337 72.374933
v 25417.277054 42899.308580 72.374323
v 25522.478658 42948.029823 72.412836
v 25505.811991 42948.029823 72.410770
v 25489.145325 42948.029823 72.408703
v 25472.478658 42948.029823 72.406637
v 25522.478658 42931.363156 72.404123
v 25505.811991 42931.363156 72.402057
v 25489.145325 42931.363156 72.399991
v 25522.478658 42914.696489 72.395410
v 25505.811991 42914.696489 72.393344
v 25522.478658 42898.029823 72.386698
v 25505.811991 42898.029823 72.384631
v 25489.145325 42914.696489 72.391278
v 25472.478658 42931.363156 72.397924
v 25489.145325 42898.029823 72.382565
v 25472.478658 42914.696489 72.389212
v 25472.478658 42898.029823 72.380499
v 25589.145325 42948.029823 72.386752
v 25572.478658 42948.029823 72.419035
v 25555.811991 42948.029823 72.416968
v 25539.145325 42948.029823 72.414902
v 25589.145325 42931.363156 72.412388
v 25572.478658 42931.363156 72.410322
v 25555.811991 42931.363156 72.408256
v 25589.145325 42914.696489 72.403676
v 25572.478658 42914.696489 72.401609
v 25589.145325 42898.029823 72.394963
v 25572.478658 42898.029823 72.392897
v 25555.811991 42914.696489 72.399543
v 25539.145325 42931.363156 72.406189
v 25555.811991 42898.029823 72.390830
v 25539.145325 42914.696489 72.397477
v 25539.145325 42898.029823 72.388764
v 25655.811991 42948.029823 71.562543
v 25639.145325 42948.029823 71.867612
v 25622.478658 42948.029823 72.108571
v 25605.811991 42948.029823 72.282650
v 25655.811991 42931.363156 72.395942
v 25639.145325 42931.363156 72.418587
v 25622.478658 42931.363156 72.416521
v 25655.811991 42914.696489 72.411941
v 25639.145325 42914.696489 72.409875
v 25655.811991 42898.029823 72.403228
v 25639.145325 42898.029823 72.401162
v 25622.478658 42914.696489 72.407808
v 25605.811991 42931.363156 72.414455
v 25622.478658 42898.029823 72.399096
v 25605.811991 42914.696489 72.405742
v 25605.811991 42898.029823 72.397029
v 25722.478658 42948.029823 69.702301
v 25705.811991 42948.029823 70.267675
v 25689.145325 42948.029823 70.769276
v 25672.478658 42948.029823 71.206179
v 25722.478658 42931.363156 71.561235
v 25705.811991 42931.363156 71.881369
v 25689.145325 42931.363156 72.127986
v 25722.478658 42914.696489 72.404183
v 25705.811991 42914.696489 72.418140
v 25722.478658 42898.029823 72.411493
v 25705.811991 42898.029823 72.409427
v 25689.145325 42914.696489 72.416073
v 25672.478658 42931.363156 72.298109
v 25689.145325 42898.029823 72.407361
v 25672.478658 42914.696489 72.414007
v 25672.478658 42898.029823 72.405294
v 25789.145325 42948.029823 67.060617
v 25772.478658 42948.029823 67.793740
v 25755.811991 42948.029823 68.482854
v 25739.145325 42948.029823 69.125465
v 25789.145325 42931.363156 69.695011
v 25772.478658 42931.363156 70.252842
v 25755.811991 42931.363156 70.753279
v 25789.145325 42914.696489 71.594158
v 25772.478658 42914.696489 71.907597
v 25789.145325 42898.029823 72.411126
v 25772.478658 42898.029823 72.417692
v 25755.811991 42914.696489 72.147584
v 25739.145325 42931.363156 71.186461
v 25755.811991 42898.029823 72.415626
v 25739.145325 42914.696489 72.314531
v 25739.145325 42898.029823 72.413560
v 25802.605101 42961.431119 63.831937
v 25816.848519 42961.431119 62.938117
v 25816.064877 42958.165748 63.655807
v 25830.308295 42958.165748 62.744759
v 25829.524653 42954.900377 63.480029
v 25843.768071 42954.900377 62.551768
v 25842.984429 42951.635006 63.304603
v 25831.091938 42961.431119 61.999768
v 25844.551714 42958.165748 61.788505
v 25845.335356 42961.431119 61.016989
v 25800.632084 42953.209729 65.543228
v 25814.091861 42949.944359 65.408153
v 25812.118844 42941.722970 67.053211
v 25825.578620 42938.457599 66.954594
v 25823.605604 42930.236210 68.485359
v 25837.065380 42926.970839 68.417953
v 25835.092364 42918.749450 69.783657
v 25827.551637 42946.678988 65.273393
v 25839.038396 42935.192228 66.856251
v 25841.011413 42943.413617 65.138947
v 25800.632084 42903.209729 72.177373
v 25800.632084 42919.876396 70.782534
v 25812.118844 42908.389636 71.642031
v 25812.118844 42925.056303 69.737186
v 25823.605604 42913.569543 70.834601
v 25800.632084 42936.543063 68.459734
v 25799.388981 42898.029823 72.372456
v 25810.875740 42903.209729 72.039818
v 25809.632637 42898.029823 72.301909
v 25821.119396 42903.209729 71.871966
v 25819.876293 42898.029823 72.199772
v 25831.363052 42903.209729 71.674100
v 25830.119949 42898.029823 72.066334
v 25822.362500 42908.389636 71.412739
v 25832.606156 42908.389636 71.154694
v 25833.849260 42913.569543 70.520519
v 25455.811991 42881.363156 72.369720
v 25450.478326 42886.696822 72.371847
v 25450.478326 42870.030155 72.363134
v 25445.144660 42875.363821 72.365261
v 25445.144660 42858.697154 72.356548
v 25439.810995 42864.030819 72.358675
v 25439.810995 42847.364153 72.349963
v 25434.477329 42852.697818 72.352090
v 25455.811991 42864.696489 72.361007
v 25450.478326 42853.363488 72.354421
v 25445.144660 42842.030487 72.347836
v 25455.811991 42848.029823 72.352294
v 25450.478326 42836.696822 72.345709
v 25455.811991 42831.363156 72.343582
v 25440.962563 42886.696822 72.370667
v 25431.446800 42886.696822 72.369487
v 25421.931037 42886.696822 72.368307
v 25435.628897 42875.363821 72.364081
v 25426.113135 42875.363821 72.362901
v 25430.295232 42864.030819 72.357495
v 25436.445555 42847.364153 72.349545
v 25441.779221 42842.030487 72.347418
v 25438.413781 42842.030487 72.347001
v 25443.747447 42836.696822 72.344874
v 25440.382007 42836.696822 72.344457
v 25445.715673 42831.363156 72.342330
v 25442.350233 42831.363156 72.341913
v 25447.112886 42836.696822 72.345291
v 25449.081112 42831.363156 72.342747
v 25452.446552 42831.363156 72.343164
v 25522.478658 42881.363156 72.377985
v 25505.811991 42881.363156 72.375919
v 25489.145325 42881.363156 72.373852
v 25472.478658 42881.363156 72.371786
v 25522.478658 42864.696489 72.369272
v 25505.811991 42864.696489 72.367206
v 25489.145325 42864.696489 72.365140
v 25522.478658 42848.029823 72.360559
v 25505.811991 42848.029823 72.358493
v 25522.478658 42831.363156 72.351847
v 25505.811991 42831.363156 72.349780
v 25489.145325 42848.029823 72.356427
v 25472.478658 42864.696489 72.363073
v 25489.145325 42831.363156 72.347714
v 25472.478658 42848.029823 72.354361
v 25472.478658 42831.363156 72.345648
v 25589.145325 42881.363156 72.386250
v 25572.478658 42881.363156 72.384184
v 25555.811991 42881.363156 72.382118
v 25539.145325 42881.363156 72.380051
v 25589.145325 42864.696489 72.377537
v 25572.478658 42864.696489 72.375471
v 25555.811991 42864.696489 72.373405
v 25589.145325 42848.029823 72.368825
v 25572.478658 42848.029823 72.366758
v 25589.145325 42831.363156 72.360112
v 25572.478658 42831.363156 72.358046
v 25555.811991 42848.029823 72.364692
v 25539.145325 42864.696489 72.371339
v 25555.811991 42831.363156 72.355979
v 25539.145325 42848.029823 72.362626
v 25539.145325 42831.363156 72.353913
v 25655.811991 42881.363156 72.394515
v 25639.145325 42881.363156 72.392449
v 25622.478658 42881.363156 72.390383
v 25605.811991 42881.363156 72.388316
v 25655.811991 42864.696489 72.385803
v 25639.145325 42864.696489 72.383736
v 25622.478658 42864.696489 72.381670
v 25655.811991 42848.029823 72.377090
v 25639.145325 42848.029823 72.375024
v 25655.811991 42831.363156 72.368377
v 25639.145325 42831.363156 72.366311
v 25622.478658 42848.029823 72.372957
v 25605.811991 42864.696489 72.379604
v 25622.478658 42831.363156 72.364245
v 25605.811991 42848.029823 72.370891
v 25605.811991 42831.363156 72.362178
v 25722.478658 42881.363156 72.402781
v 25705.811991 42881.363156 72.400714
v 25689.145325 42881.363156 72.398648
v 25672.478658 42881.363156 72.396582
v 25722.478658 42864.696489 72.394068
v 25705.811991 42864.696489 72.392002
v 25689.145325 42864.696489 72.389935
v 25722.478658 42848.029823 72.385355
v 25705.811991 42848.029823 72.383289
v 25722.478658 42831.363156 72.376642
v 25705.811991 42831.363156 72.374576
v 25689.145325 42848.029823 72.381223
v 25672.478658 42864.696489 72.387869
v 25689.145325 42831.363156 72.372510
v 25672.478658 42848.029823 72.379156
v 25672.478658 42831.363156 72.370444
v 25789.145325 42881.363156 72.411046
v 25772.478658 42881.363156 72.408980
v 25755.811991 42881.363156 72.406913
v 25739.145325 42881.363156 72.404847
v 25789.145325 42864.696489 72.402333
v 25772.478658 42864.696489 72.400267
v 25755.811991 42864.696489 72.398200
v 25789.145325 42848.029823 72.393620
v 25772.478658 42848.029823 72.391554
v 25789.145325 42831.363156 72.384908
v 25772.478658 42831.363156 72.382841
v 25755.811991 42848.029823 72.389488
v 25739.145325 42864.696489 72.396134
v 25755.811991 42831.363156 72.380775
v 25739.145325 42848.029823 72.387421
v 25739.145325 42831.363156 72.378709
v 25818.859432 42868.315715 72.407909
v 25811.430905 42875.744242 72.410871
v 25821.674561 42875.744242 72.412141
v 25814.246034 42883.172769 72.415104
v 25824.489690 42883.172769 72.416374
v 25817.061163 42890.601296 72.416360
v 25827.304819 42890.601296 72.386588
v 25804.002378 42883.172769 72.413834
v 25806.817507 42890.601296 72.418066
v 25796.573852 42890.601296 72.416796
v 25821.013337 42872.988977 72.410619
v 25823.828466 42880.417504 72.414851
v 25823.167241 42877.662238 72.413329
v 25825.982371 42885.090765 72.417561
v 25825.321146 42882.335500 72.416039
v 25828.136275 42889.764026 72.397404
v 25827.475051 42887.008761 72.418749
v 25826.643595 42887.846030 72.418266
v 25828.797500 42892.519292 72.330415
v 25829.458724 42895.274557 72.219569
v 25796.573852 42840.601296 72.390658
v 25796.573852 42857.267962 72.399371
v 25804.002378 42849.839436 72.396408
v 25804.002378 42866.506102 72.405121
v 25811.430905 42859.077576 72.402159
v 25796.573852 42873.934629 72.408083
v 25792.315996 42831.363156 72.385301
v 25799.744523 42840.601296 72.391051
v 25795.486667 42831.363156 72.385694
v 25802.915194 42840.601296 72.391444
v 25798.657338 42831.363156 72.386087
v 25806.085865 42840.601296 72.391837
v 25801.828009 42831.363156 72.386480
v 25807.173049 42849.839436 72.396801
v 25810.343720 42849.839436 72.397195
v 25814.601576 42859.077576 72.402552
v 25445.715673 42826.958592 72.340027
v 25449.081112 42826.958592 72.340445
v 25449.081112 42822.554028 72.338142
v 25452.446552 42822.554028 72.338559
v 25452.446552 42818.149464 72.336257
v 25455.811991 42818.149464 72.336674
v 25455.811991 42813.744900 72.334371
v 25452.446552 42826.958592 72.340862
v 25455.811991 42822.554028 72.338976
v 25455.811991 42826.958592 72.341279
v 25442.819743 42830.090838 72.341306
v 25446.185183 42825.686274 72.339420
v 25443.289253 42828.818521 72.340699
v 25446.654692 42824.413956 72.338813
v 25443.758763 42827.546203 72.340092
v 25447.124202 42823.141639 72.338207
v 25444.228273 42826.273885 72.339485
v 25449.550622 42821.281710 72.337535
v 25450.020132 42820.009392 72.336928
v 25452.916062 42816.877146 72.335650
v 25522.478658 42814.696489 72.343134
v 25505.811991 42814.696489 72.341068
v 25489.145325 42814.696489 72.339001
v 25472.478658 42814.696489 72.336935
v 25522.478658 42798.029823 72.334421
v 25505.811991 42798.029823 72.332355
v 25489.145325 42798.029823 72.330289
v 25522.478658 42781.363156 72.325709
v 25505.811991 42781.363156 72.323642
v 25522.478658 42764.696489 72.316996
v 25467.588929 42814.696489 72.336329
v 25484.255596 42798.029823 72.329682
v 25479.365867 42798.029823 72.329076
v 25496.032534 42781.363156 72.322430
v 25491.142805 42781.363156 72.321824
v 25507.809472 42764.696489 72.315177
v 25502.919744 42764.696489 72.314571
v 25500.922263 42781.363156 72.323036
v 25512.699201 42764.696489 72.315783
v 25517.588929 42764.696489 72.316390
v 25466.822267 42815.049844 72.336419
v 25478.599205 42798.383177 72.329166
v 25477.832543 42798.736531 72.329256
v 25489.609481 42782.069865 72.322003
v 25488.842819 42782.423219 72.322093
v 25500.619757 42765.756552 72.314840
v 25499.853095 42766.109906 72.314930
v 25490.376143 42781.716510 72.321913
v 25501.386419 42765.403198 72.314750
v 25502.153081 42765.049844 72.314661
v 25466.822267 42810.645279 72.334116
v 25466.822267 42806.240715 72.331813
v 25466.822267 42801.836151 72.329511
v 25477.832543 42794.331967 72.326953
v 25477.832543 42789.927403 72.324651
v 25488.842819 42778.018655 72.319790
v 25589.145325 42814.696489 72.351399
v 25572.478658 42814.696489 72.349333
v 25555.811991 42814.696489 72.347267
v 25539.145325 42814.696489 72.345200
v 25589.145325 42798.029823 72.342687
v 25572.478658 42798.029823 72.340620
v 25555.811991 42798.029823 72.338554
v 25589.145325 42781.363156 72.333974
v 25572.478658 42781.363156 72.331907
v 25589.145325 42764.696489 72.325261
v 25572.478658 42764.696489 72.323195
v 25555.811991 42781.363156 72.329841
v 25539.145325 42798.029823 72.336488
v 25555.811991 42764.696489 72.321128
v 25539.145325 42781.363156 72.327775
v 25539.145325 42764.696489 72.319062
v 25655.811991 42814.696489 72.359664
v 25639.145325 42814.696489 72.357598
v 25622.478658 42814.696489 72.355532
v 25605.811991 42814.696489 72.353466
v 25655.811991 42798.029823 72.350952
v 25639.145325 42798.029823 72.348885
v 25622.478658 42798.029823 72.346819
v 25655.811991 42781.363156 72.342239
v 25639.145325 42781.363156 72.340173
v 25655.811991 42764.696489 72.333526
v 25639.145325 42764.696489 72.331460
v 25622.478658 42781.363156 72.338106
v 25605.811991 42798.029823 72.344753
v 25622.478658 42764.696489 72.329394
v 25605.811991 42781.363156 72.336040
v 25605.811991 42764.696489 72.327327
v 25722.478658 42814.696489 72.367930
v 25705.811991 42814.696489 72.365863
v 25689.145325 42814.696489 72.363797
v 25672.478658 42814.696489 72.361731
v 25722.478658 42798.029823 72.359217
v 25705.811991 42798.029823 72.357151
v 25689.145325 42798.029823 72.355084
v 25722.478658 42781.363156 72.350504
v 25705.811991 42781.363156 72.348438
v 25722.478658 42764.696489 72.341791
v 25705.811991 42764.696489 72.339725
v 25689.145325 42781.363156 72.346372
v 25672.478658 42798.029823 72.353018
v 25689.145325 42764.696489 72.337659
v 25672.478658 42781.363156 72.344305
v 25672.478658 42764.696489 72.335593
v 25739.145325 42825.738973 72.375769
v 25755.811991 42825.738973 72.377835
v 25755.811991 42820.114790 72.374895
v 25772.478658 42820.114790 72.376961
v 25772.478658 42814.490607 72.374021
v 25789.145325 42814.490607 72.376087
v 25789.145325 42808.866424 72.373147
v 25772.478658 42825.738973 72.379901
v 25789.145325 42820.114790 72.379027
v 25789.145325 42825.738973 72.381968
v 25733.407639 42820.434175 72.372284
v 25750.074306 42814.809992 72.371410
v 25744.336620 42809.505194 72.367926
v 25761.003287 42803.881011 72.367052
v 25755.265601 42798.576213 72.363567
v 25771.932268 42792.952030 72.362694
v 25766.194582 42787.647232 72.359209
v 25766.740972 42809.185809 72.370536
v 25777.669953 42798.256828 72.366178
v 25783.407639 42803.561626 72.369663
v 25733.407639 42770.434175 72.346146
v 25733.407639 42787.100842 72.354859
v 25744.336620 42776.171861 72.350500
v 25744.336620 42792.838527 72.359213
v 25755.265601 42781.909546 72.354855
v 25733.407639 42803.767508 72.363571
v 25727.201741 42764.696489 72.342377
v 25738.130721 42770.434175 72.346731
v 25731.924823 42764.696489 72.342963
v 25742.853804 42770.434175 72.347317
v 25736.647905 42764.696489 72.343548
v 25747.576886 42770.434175 72.347903
v 25741.370988 42764.696489 72.344134
v 25749.059702 42776.171861 72.351086
v 25753.782785 42776.171861 72.351671
v 25759.988683 42781.909546 72.355440
v 25797.826745 42822.681736 72.381446
v 25795.656390 42824.852091 72.382311
v 25798.827061 42824.852091 72.382704
v 25796.656706 42827.022446 72.383570
v 25799.827377 42827.022446 72.383963
v 25797.657022 42829.192801 72.384828
v 25800.827693 42829.192801 72.385221
v 25793.486035 42827.022446 72.383177
v 25794.486351 42829.192801 72.384435
v 25791.315680 42829.192801 72.384042
v 25791.315680 42812.320252 72.375222
v 25791.315680 42817.944435 72.378162
v 25793.486035 42815.774080 72.377296
v 25793.486035 42821.398263 72.380237
v 25795.656390 42819.227908 72.379371
v 25791.315680 42823.568618 72.381102
v 25790.153364 42809.798410 72.373759
v 25792.323719 42813.252238 72.375834
v 25791.161402 42810.730396 72.374372
v 25793.331758 42814.184224 72.376446
v 25792.169441 42811.662382 72.374984
v 25794.339796 42815.116210 72.377058
v 25793.177480 42812.594368 72.375596
v 25794.494074 42816.706066 72.377909
v 25795.502113 42817.638052 72.378521
v 25796.664429 42820.159894 72.379983
v 25507.809472 42762.442815 72.313999
v 25512.699201 42762.442815 72.314605
v 25512.699201 42760.189140 72.313427
v 25517.588929 42760.189140 72.314033
v 25517.588929 42757.935466 72.312855
v 25522.478658 42757.935466 72.313461
v 25522.478658 42755.681792 72.312283
v 25517.588929 42762.442815 72.315211
v 25522.478658 42760.189140 72.314640
v 25522.478658 42762.442815 72.315818
v 25539.145325 42756.329641 72.314688
v 25555.811991 42756.329641 72.316755
v 25555.811991 42747.962792 72.312381
v 25572.478658 42747.962792 72.314447
v 25572.478658 42739.595943 72.310073
v 25589.145325 42739.595943 72.312139
v 25589.145325 42731.229095 72.307766
v 25572.478658 42756.329641 72.318821
v 25589.145325 42747.962792 72.316513
v 25589.145325 42756.329641 72.320887
v 25535.425866 42756.475451 72.314303
v 25552.092532 42748.108602 72.311996
v 25548.373073 42748.254413 72.311611
v 25565.039740 42739.887564 72.309303
v 25561.320281 42740.033374 72.308918
v 25577.986947 42731.666526 72.306611
v 25574.267488 42731.812336 72.306226
v 25568.759199 42739.741754 72.309688
v 25581.706407 42731.520715 72.306996
v 25585.425866 42731.374905 72.307381
v 25526.659094 42760.516053 72.315329
v 25539.606302 42752.295015 72.312636
v 25530.839530 42756.335617 72.313662
v 25543.786738 42748.114579 72.310969
v 25535.019966 42752.155181 72.311995
v 25547.967174 42743.934143 72.309302
v 25539.200402 42747.974745 72.310327
v 25552.553509 42744.073977 72.309944
v 25556.733945 42739.893540 72.308277
v 25565.500717 42735.852938 72.307251
v 25526.659094 42753.755030 72.311794
v 25526.659094 42756.008704 72.312972
v 25530.839530 42751.828268 72.311305
v 25530.839530 42754.081943 72.312484
v 25535.019966 42749.901507 72.310816
v 25526.659094 42758.262379 72.314151
v 25605.811991 42755.676273 72.322612
v 25622.478658 42755.676273 72.324678
v 25622.478658 42746.656058 72.319963
v 25639.145325 42746.656058 72.322029
v 25639.145325 42737.635842 72.317314
v 25655.811991 42737.635842 72.319380
v 25655.811991 42728.615626 72.314665
v 25639.145325 42755.676273 72.326745
v 25655.811991 42746.656058 72.324095
v 25655.811991 42755.676273 72.328811
v 25597.853554 42755.988260 72.321788
v 25614.520220 42746.968045 72.319139
v 25606.561783 42747.280031 72.318316
v 25623.228449 42738.259816 72.315666
v 25615.270011 42738.571803 72.314843
v 25631.936678 42729.551587 72.312194
v 25623.978240 42729.863574 72.311370
v 25631.186887 42737.947829 72.316490
v 25639.895116 42729.239600 72.313017
v 25647.853554 42728.927613 72.313841
v 25597.853554 42730.887714 72.308667
v 25597.853554 42739.254563 72.313041
v 25606.561783 42730.546334 72.309568
v 25606.561783 42738.913183 72.313942
v 25615.270011 42730.204954 72.310469
v 25597.853554 42747.621412 72.317414
v 25672.478658 42761.792863 72.334075
v 25689.145325 42761.792863 72.336141
v 25689.145325 42758.889236 72.334623
v 25705.811991 42758.889236 72.336689
v 25705.811991 42755.985610 72.335171
v 25722.478658 42755.985610 72.337238
v 25722.478658 42753.081984 72.335720
v 25705.811991 42761.792863 72.338207
v 25722.478658 42758.889236 72.338756
v 25722.478658 42761.792863 72.340274
v 25662.425447 42758.083033 72.330889
v 25679.092114 42755.179407 72.331437
v 25669.038903 42751.469577 72.328252
v 25685.705570 42748.565951 72.328800
v 25675.652360 42744.856121 72.325614
v 25692.319026 42741.952495 72.326163
v 25682.265816 42738.242665 72.322977
v 25695.758781 42752.275780 72.331986
v 25702.372237 42745.662324 72.329348
v 25712.425447 42749.372154 72.332534
v 25662.425447 42731.022386 72.316743
v 25662.425447 42740.042602 72.321458
v 25669.038903 42733.429145 72.318821
v 25669.038903 42742.449361 72.323536
v 25675.652360 42735.835905 72.320899
v 25662.425447 42749.062817 72.326173
v 25655.894627 42728.612386 72.314673
v 25662.508083 42731.019146 72.316751
v 25655.977263 42728.609147 72.314682
v 25662.590719 42731.015907 72.316760
v 25656.059899 42728.605907 72.314690
v 25662.673355 42731.012667 72.316768
v 25656.142535 42728.602668 72.314699
v 25669.121539 42733.425906 72.318829
v 25669.204175 42733.422666 72.318838
v 25675.734995 42735.832666 72.320907
v 25730.962472 42756.212675 72.338408
v 25728.841518 42758.333629 72.339254
v 25733.564601 42758.333629 72.339840
v 25731.443647 42760.454582 72.340685
v 25736.166730 42760.454582 72.341271
v 25734.045776 42762.575536 72.342117
v 25738.768859 42762.575536 72.342702
v 25726.720565 42760.454582 72.340100
v 25729.322694 42762.575536 72.341531
v 25724.599611 42762.575536 72.340946
v 25731.475229 42756.401893 72.338571
v 25734.077358 42758.522846 72.340002
v 25731.987987 42756.591110 72.338733
v 25734.590116 42758.712064 72.340165
v 25732.500744 42756.780328 72.338896
v 25735.102873 42758.901281 72.340327
v 25733.013502 42756.969545 72.339058
v 25736.679487 42760.643800 72.341433
v 25737.192245 42760.833017 72.341596
v 25739.281616 42762.764753 72.342865
v 25724.599611 42753.864657 72.336392
v 25724.599611 42756.768283 72.337910
v 25726.720565 42754.647330 72.337064
v 25726.720565 42757.550956 72.338582
v 25728.841518 42755.430003 72.337736
v 25724.599611 42759.671909 72.339428
v 25255.811991 42046.903446 71.908699
v 25255.811991 42043.018373 71.906668
v 25253.799588 42045.030776 71.907470
v 25253.799588 42041.145704 71.905439
v 25251.787185 42043.158107 71.906242
v 25251.787185 42039.273034 71.904211
v 25249.774783 42041.285437 71.905013
v 25249.774783 42037.400365 71.902982
v 25247.762380 42039.412768 71.903785
v 25255.811991 42039.133301 71.904637
v 25253.799588 42037.260631 71.903408
v 25251.787185 42035.387962 71.902180
v 25255.811991 42035.248228 71.902606
v 25253.799588 42033.375559 71.901377
v 25255.811991 42031.363156 71.900575
v 25245.599817 42037.400365 71.902465
v 25247.612220 42035.387962 71.901662
v 25243.437254 42035.387962 71.901145
v 25245.449657 42033.375559 71.900342
v 25241.274691 42033.375559 71.899824
v 25243.287094 42031.363156 71.899022
v 25239.112128 42031.363156 71.898504
v 25249.624623 42033.375559 71.900860
v 25247.462060 42031.363156 71.899540
v 25251.637026 42031.363156 71.900057
v 25322.478658 42074.544462 71.931414
v 25322.478658 42063.749135 71.925770
v 25314.614325 42071.613468 71.928906
v 25314.614325 42060.818142 71.923263
v 25306.749992 42068.682475 71.926399
v 25306.749992 42057.887149 71.920756
v 25298.885659 42065.751482 71.923892
v 25298.885659 42054.956155 71.918249
v 25291.021326 42062.820488 71.921385
v 25322.478658 42052.953809 71.920127
v 25314.614325 42050.022815 71.917620
v 25306.749992 42047.091822 71.915112
v 25322.478658 42042.158482 71.914483
v 25314.614325 42039.227489 71.911976
v 25322.478658 42031.363156 71.908840
v 25305.811991 42031.363156 71.906774
v 25305.811991 42035.248228 71.908805
v 25289.145325 42035.248228 71.906738
v 25289.145325 42039.133301 71.908769
v 25272.478658 42039.133301 71.906703
v 25272.478658 42043.018373 71.908734
v 25289.145325 42031.363156 71.904707
v 25272.478658 42035.248228 71.904672
v 25272.478658 42031.363156 71.902641
v 25307.064398 42036.413673 71.909569
v 25290.397732 42040.298746 71.909534
v 25291.650138 42041.464190 71.910298
v 25274.983472 42045.349263 71.910263
v 25276.235879 42046.514707 71.911028
v 25259.569212 42050.399780 71.910992
v 25260.821619 42051.565225 71.911757
v 25273.731065 42044.183818 71.909499
v 25258.316805 42049.234335 71.910228
v 25257.064398 42048.068891 71.909463
v 25299.200065 42044.278006 71.912705
v 25291.335732 42052.142339 71.915842
v 25283.471399 42060.006672 71.918978
v 25283.785805 42049.328523 71.913435
v 25275.921472 42057.192856 71.916571
v 25268.371546 42054.379040 71.914164
v 25389.145325 42078.326405 71.941656
v 25389.145325 42066.585593 71.935518
v 25376.966479 42078.764439 71.940375
v 25376.966479 42067.023626 71.934237
v 25364.787633 42079.202472 71.939094
v 25364.787633 42067.461660 71.932956
v 25352.608788 42079.640505 71.937813
v 25352.608788 42067.899693 71.931675
v 25340.429942 42080.078539 71.936532
v 25389.145325 42054.844781 71.929381
v 25376.966479 42055.282814 71.928100
v 25364.787633 42055.720847 71.926819
v 25389.145325 42043.103968 71.923243
v 25376.966479 42043.542002 71.921962
v 25389.145325 42031.363156 71.917105
v 25372.478658 42031.363156 71.915039
v 25372.478658 42042.158482 71.920682
v 25355.811991 42042.158482 71.918616
v 25355.811991 42052.953809 71.924259
v 25339.145325 42052.953809 71.922193
v 25339.145325 42063.749135 71.927837
v 25355.811991 42031.363156 71.912973
v 25339.145325 42042.158482 71.916550
v 25339.145325 42031.363156 71.910906
v 25376.259128 42043.567443 71.921888
v 25359.592462 42054.362769 71.925465
v 25363.372932 42055.771729 71.926670
v 25346.706265 42066.567056 71.930247
v 25350.486735 42067.976016 71.931452
v 25333.820068 42078.771343 71.935029
v 25337.600539 42080.180303 71.936235
v 25342.925795 42065.158096 71.929042
v 25330.039598 42077.362382 71.933824
v 25326.259128 42075.953422 71.932619
v 25364.080283 42055.746288 71.926744
v 25351.901437 42067.925134 71.931601
v 25339.722591 42080.103980 71.936458
v 25351.194086 42067.950575 71.931527
v 25339.015240 42080.129421 71.936383
v 25338.307890 42080.154862 71.936309
v 25455.811991 42060.634393 71.940672
v 25455.811991 42053.316583 71.936847
v 25444.254956 42064.873619 71.941456
v 25444.254956 42057.555810 71.937630
v 25432.697920 42069.112846 71.942239
v 25432.697920 42061.795036 71.938413
v 25421.140884 42073.352072 71.943022
v 25421.140884 42066.034263 71.939197
v 25409.583849 42077.591299 71.943806
v 25455.811991 42045.998774 71.933021
v 25444.254956 42050.238001 71.933805
v 25432.697920 42054.477227 71.934588
v 25455.811991 42038.680965 71.929196
v 25444.254956 42042.920192 71.929979
v 25455.811991 42031.363156 71.925370
v 25446.730375 42064.784586 71.941716
v 25435.173340 42069.023813 71.942499
v 25437.648759 42068.934780 71.942760
v 25426.091724 42073.174007 71.943543
v 25428.567144 42073.084974 71.943803
v 25417.010108 42077.324200 71.944587
v 25419.485528 42077.235168 71.944847
v 25423.616304 42073.263039 71.943283
v 25414.534688 42077.413233 71.944326
v 25412.059268 42077.502266 71.944066
v 25439.145325 42031.363156 71.923304
v 25439.145325 42043.103968 71.929442
v 25422.478658 42043.103968 71.927376
v 25422.478658 42054.844781 71.933513
v 25405.811991 42054.844781 71.931447
v 25405.811991 42066.585593 71.937585
v 25422.478658 42031.363156 71.921238
v 25405.811991 42043.103968 71.925309
v 25405.811991 42031.363156 71.919172
v 25427.588289 42054.661004 71.934051
v 25416.031253 42066.218040 71.938659
v 25404.474218 42077.775075 71.943268
v 25410.921622 42066.401816 71.938122
v 25399.364587 42077.958852 71.942731
v 25394.254956 42078.142629 71.942193
v 25505.004982 42031.363156 71.931469
v 25492.706734 42031.363156 71.929945
v 25492.706734 42038.680965 71.933770
v 25480.408486 42038.680965 71.932245
v 25480.408486 42045.998774 71.936071
v 25468.110239 42045.998774 71.934546
v 25468.110239 42053.316583 71.938372
v 25480.408486 42031.363156 71.928420
v 25468.110239 42038.680965 71.930721
v 25468.110239 42031.363156 71.926895
v 25502.256321 42034.316914 71.932673
v 25489.958073 42041.634723 71.934973
v 25499.507660 42037.270672 71.933876
v 25487.209412 42044.588481 71.936177
v 25496.758999 42040.224430 71.935079
v 25484.460752 42047.542240 71.937380
v 25494.010338 42043.178189 71.936283
v 25477.659826 42048.952532 71.937274
v 25474.911165 42051.906291 71.938478
v 25465.361578 42056.270342 71.939575
v 25189.145325 41970.160688 71.860315
v 25189.145325 41968.794639 71.859601
v 25188.716859 41969.223104 71.859772
v 25188.716859 41967.857054 71.859058
v 25188.288394 41968.285519 71.859229
v 25188.288394 41966.919470 71.858515
v 25187.859929 41967.347935 71.858685
v 25187.859929 41965.981885 71.857971
v 25187.431464 41966.410350 71.858142
v 25189.145325 41967.428589 71.858887
v 25188.716859 41966.491004 71.858344
v 25188.288394 41965.553420 71.857800
v 25189.145325 41966.062539 71.858173
v 25188.716859 41965.124955 71.857630
v 25189.145325 41964.696489 71.857459
v 25187.235660 41965.981885 71.857894
v 25187.664125 41965.553420 71.857723
v 25187.039856 41965.553420 71.857646
v 25187.468321 41965.124955 71.857475
v 25186.844052 41965.124955 71.857397
v 25187.272518 41964.696489 71.857226
v 25186.648249 41964.696489 71.857149
v 25188.092590 41965.124955 71.857552
v 25187.896787 41964.696489 71.857304
v 25188.521056 41964.696489 71.857381
v 25255.811991 42014.696489 71.891862
v 25245.166532 42025.341948 71.896107
v 25245.166532 42008.675282 71.887395
v 25234.521073 42019.320741 71.891640
v 25234.521073 42002.654074 71.882927
v 25223.875614 42013.299533 71.887172
v 25223.875614 41996.632866 71.878460
v 25213.230155 42007.278325 71.882705
v 25255.811991 41998.029823 71.883149
v 25245.166532 41992.008615 71.878682
v 25234.521073 41985.987407 71.874214
v 25255.811991 41981.363156 71.874437
v 25245.166532 41975.341948 71.869969
v 25255.811991 41964.696489 71.865724
v 25240.991567 42025.341948 71.895590
v 25236.816601 42025.341948 71.895072
v 25232.641635 42025.341948 71.894555
v 25230.346108 42019.320741 71.891122
v 25226.171142 42019.320741 71.890605
v 25219.700649 42013.299533 71.886655
v 25239.145325 41964.696489 71.863658
v 25239.145325 41966.062539 71.864372
v 25222.478658 41966.062539 71.862305
v 25222.478658 41967.428589 71.863020
v 25205.811991 41967.428589 71.860953
v 25205.811991 41968.794639 71.861667
v 25222.478658 41964.696489 71.861591
v 25205.811991 41966.062539 71.860239
v 25205.811991 41964.696489 71.859525
v 25242.068409 41972.458947 71.868078
v 25225.401743 41973.824996 71.866726
v 25228.324827 41980.221404 71.870432
v 25211.658160 41981.587454 71.869080
v 25214.581245 41987.983861 71.872786
v 25197.914578 41989.349911 71.871434
v 25200.837663 41995.746319 71.875140
v 25208.735076 41975.191046 71.865374
v 25194.991494 41982.953504 71.867728
v 25192.068409 41976.557096 71.864021
v 25231.422950 41983.104406 71.872323
v 25220.777491 41993.749865 71.876568
v 25210.132032 42004.395324 71.880814
v 25217.679368 41990.866863 71.874677
v 25207.033909 42001.512322 71.878922
v 25203.935786 41998.629320 71.877031
v 25322.478658 42014.696489 71.900127
v 25305.811991 42014.696489 71.898061
v 25289.145325 42014.696489 71.895995
v 25272.478658 42014.696489 71.893928
v 25322.478658 41998.029823 71.891415
v 25305.811991 41998.029823 71.889348
v 25289.145325 41998.029823 71.887282
v 25322.478658 41981.363156 71.882702
v 25305.811991 41981.363156 71.880636
v 25322.478658 41964.696489 71.873989
v 25305.811991 41964.696489 71.871923
v 25289.145325 41981.363156 71.878569
v 25272.478658 41998.029823 71.885216
v 25289.145325 41964.696489 71.869856
v 25272.478658 41981.363156 71.876503
v 25272.478658 41964.696489 71.867790
v 25389.145325 42014.696489 71.908393
v 25372.478658 42014.696489 71.906326
v 25355.811991 42014.696489 71.904260
v 25339.145325 42014.696489 71.902194
v 25389.145325 41998.029823 71.899680
v 25372.478658 41998.029823 71.897613
v 25355.811991 41998.029823 71.895547
v 25389.145325 41981.363156 71.890967
v 25372.478658 41981.363156 71.888901
v 25389.145325 41964.696489 71.882254
v 25372.478658 41964.696489 71.880188
v 25355.811991 41981.363156 71.886834
v 25339.145325 41998.029823 71.893481
v 25355.811991 41964.696489 71.878122
v 25339.145325 41981.363156 71.884768
v 25339.145325 41964.696489 71.876055
v 25455.811991 42014.696489 71.916658
v 25439.145325 42014.696489 71.914591
v 25422.478658 42014.696489 71.912525
v 25405.811991 42014.696489 71.910459
v 25455.811991 41998.029823 71.907945
v 25439.145325 41998.029823 71.905879
v 25422.478658 41998.029823 71.903812
v 25455.811991 41981.363156 71.899232
v 25439.145325 41981.363156 71.897166
v 25455.811991 41964.696489 71.890520
v 25439.145325 41964.696489 71.888453
v 25422.478658 41981.363156 71.895100
v 25405.811991 41998.029823 71.901746
v 25422.478658 41964.696489 71.886387
v 25405.811991 41981.363156 71.893033
v 25405.811991 41964.696489 71.884321
v 25522.478658 41964.696489 71.898785
v 25505.811991 41981.363156 71.905431
v 25518.110239 41981.363156 71.906956
v 25501.443572 41998.029823 71.913602
v 25513.741820 41998.029823 71.915127
v 25497.075153 42014.696489 71.921773
v 25509.373401 42014.696489 71.923298
v 25489.145325 41998.029823 71.912078
v 25484.776906 42014.696489 71.920249
v 25472.478658 42014.696489 71.918724
v 25522.478658 41976.668778 71.905043
v 25518.110239 41993.335444 71.913215
v 25522.478658 41988.641066 71.911302
v 25518.110239 42005.307733 71.919473
v 25522.478658 42000.613354 71.917561
v 25518.110239 42017.280021 71.925732
v 25522.478658 42012.585643 71.923819
v 25513.741820 42010.002111 71.921386
v 25513.741820 42021.974399 71.927644
v 25509.373401 42026.668778 71.929557
v 25505.811991 41964.696489 71.896718
v 25489.145325 41981.363156 71.903365
v 25472.478658 41998.029823 71.910011
v 25489.145325 41964.696489 71.894652
v 25472.478658 41981.363156 71.901299
v 25472.478658 41964.696489 71.892586
v 25556.723251 41964.696489 71.903030
v 25548.162102 41964.696489 71.901969
v 25548.162102 41976.668778 71.908228
v 25539.600954 41976.668778 71.907166
v 25539.600954 41988.641066 71.913425
v 25531.039806 41988.641066 71.912364
v 25531.039806 42000.613354 71.918622
v 25539.600954 41964.696489 71.900908
v 25531.039806 41976.668778 71.906105
v 25531.039806 41964.696489 71.899846
v 25554.999749 41969.320925 71.905234
v 25546.438601 41981.293213 71.910431
v 25553.276247 41973.945361 71.907438
v 25544.715099 41985.917649 71.912635
v 25551.552746 41978.569797 71.909642
v 25542.991598 41990.542085 71.914839
v 25549.829244 41983.194233 71.911846
v 25537.877453 41993.265502 71.915629
v 25536.153951 41997.889938 71.917833
v 25529.316305 42005.237790 71.920826
v 25189.145325 41948.029823 71.848746
v 25183.514608 41953.660539 71.850991
v 25183.514608 41936.993872 71.842279
v 25177.883892 41942.624588 71.844524
v 25177.883892 41925.957922 71.835811
v 25172.253176 41931.588638 71.838057
v 25172.253176 41914.921971 71.776345
v 25166.622460 41920.552687 71.830572
v 25189.145325 41931.363156 71.840033
v 25183.514608 41920.327205 71.833566
v 25177.883892 41909.291255 71.647934
v 25189.145325 41914.696489 71.828086
v 25183.514608 41903.660539 71.450532
v 25189.145325 41898.029823 71.189231
v 25183.554164 41953.827744 71.851084
v 25177.923448 41942.791794 71.844616
v 25177.963004 41942.958999 71.844709
v 25172.332288 41931.923048 71.838241
v 25172.371844 41932.090253 71.838334
v 25166.741128 41921.054303 71.831862
v 25166.780684 41921.221508 71.832022
v 25172.292732 41931.755843 71.838149
v 25166.701572 41920.887098 71.831566
v 25166.662016 41920.719893 71.831136
v 25182.929895 41953.827744 71.851006
v 25182.305626 41953.827744 71.850929
v 25181.681358 41953.827744 71.850851
v 25177.338735 41942.958999 71.844631
v 25176.714466 41942.958999 71.844554
v 25171.747575 41932.090253 71.838256
v 25165.290392 41914.921971 71.735593
v 25170.921109 41909.291255 71.580088
v 25163.958325 41909.291255 71.502354
v 25169.589041 41903.660539 71.255373
v 25162.626257 41903.660539 71.144317
v 25168.256974 41898.029823 70.815390
v 25161.294190 41898.029823 70.674572
v 25176.551825 41903.660539 71.357535
v 25175.219757 41898.029823 70.948282
v 25182.182541 41898.029823 71.072984
v 25255.811991 41948.029823 71.857011
v 25239.145325 41948.029823 71.854945
v 25222.478658 41948.029823 71.852879
v 25205.811991 41948.029823 71.850812
v 25255.811991 41931.363156 71.848298
v 25239.145325 41931.363156 71.846232
v 25222.478658 41931.363156 71.844166
v 25255.811991 41914.696489 71.839586
v 25239.145325 41914.696489 71.837519
v 25255.811991 41898.029823 71.821478
v 25239.145325 41898.029823 71.753122
v 25222.478658 41914.696489 71.835453
v 25205.811991 41931.363156 71.842099
v 25222.478658 41898.029823 71.623383
v 25205.811991 41914.696489 71.833387
v 25205.811991 41898.029823 71.434637
v 25322.478658 41948.029823 71.865276
v 25305.811991 41948.029823 71.863210
v 25289.145325 41948.029823 71.861144
v 25272.478658 41948.029823 71.859077
v 25322.478658 41931.363156 71.856564
v 25305.811991 41931.363156 71.854497
v 25289.145325 41931.363156 71.852431
v 25322.478658 41914.696489 71.847851
v 25305.811991 41914.696489 71.845785
v 25322.478658 41898.029823 71.839138
v 25305.811991 41898.029823 71.837072
v 25289.145325 41914.696489 71.843718
v 25272.478658 41931.363156 71.850365
v 25289.145325 41898.029823 71.835006
v 25272.478658 41914.696489 71.841652
v 25272.478658 41898.029823 71.832939
v 25389.145325 41948.029823 71.873542
v 25372.478658 41948.029823 71.871475
v 25355.811991 41948.029823 71.869409
v 25339.145325 41948.029823 71.867343
v 25389.145325 41931.363156 71.864829
v 25372.478658 41931.363156 71.862763
v 25355.811991 41931.363156 71.860696
v 25389.145325 41914.696489 71.856116
v 25372.478658 41914.696489 71.854050
v 25389.145325 41898.029823 71.847403
v 25372.478658 41898.029823 71.845337
v 25355.811991 41914.696489 71.851984
v 25339.145325 41931.363156 71.858630
v 25355.811991 41898.029823 71.843271
v 25339.145325 41914.696489 71.849917
v 25339.145325 41898.029823 71.841204
v 25455.811991 41948.029823 71.881807
v 25439.145325 41948.029823 71.879740
v 25422.478658 41948.029823 71.877674
v 25405.811991 41948.029823 71.875608
v 25455.811991 41931.363156 71.873094
v 25439.145325 41931.363156 71.871028
v 25422.478658 41931.363156 71.868961
v 25455.811991 41914.696489 71.864381
v 25439.145325 41914.696489 71.862315
v 25455.811991 41898.029823 71.855669
v 25439.145325 41898.029823 71.853602
v 25422.478658 41914.696489 71.860249
v 25405.811991 41931.363156 71.866895
v 25422.478658 41898.029823 71.851536
v 25405.811991 41914.696489 71.858182
v 25405.811991 41898.029823 71.849470
v 25522.478658 41948.029823 71.890072
v 25505.811991 41948.029823 71.888006
v 25489.145325 41948.029823 71.885939
v 25472.478658 41948.029823 71.883873
v 25522.478658 41931.363156 71.881359
v 25505.811991 41931.363156 71.879293
v 25489.145325 41931.363156 71.877227
v 25522.478658 41914.696489 71.872647
v 25505.811991 41914.696489 71.870580
v 25522.478658 41898.029823 71.863934
v 25505.811991 41898.029823 71.861868
v 25489.145325 41914.696489 71.868514
v 25472.478658 41931.363156 71.875160
v 25489.145325 41898.029823 71.859801
v 25472.478658 41914.696489 71.866448
v 25472.478658 41898.029823 71.857735
v 25577.068631 41910.106516 71.877015
v 25563.421138 41923.754009 71.882457
v 25571.982286 41923.754009 71.883519
v 25558.334793 41937.401503 71.888961
v 25566.895941 41937.401503 71.890023
v 25553.248448 41951.048996 71.895465
v 25561.809596 41951.048996 71.896527
v 25549.773645 41937.401503 71.887900
v 25544.687300 41951.048996 71.894404
v 25536.126151 41951.048996 71.893342
v 25536.126151 41901.048996 71.867204
v 25536.126151 41917.715663 71.875917
v 25549.773645 41904.068169 71.870474
v 25549.773645 41920.734836 71.879187
v 25563.421138 41907.087343 71.873745
v 25536.126151 41934.382329 71.884630
v 25536.470074 41900.126195 71.866764
v 25550.117567 41903.145368 71.870035
v 25550.461490 41902.222568 71.869595
v 25564.108984 41905.241741 71.872865
v 25564.452906 41904.318940 71.872425
v 25578.100400 41907.338114 71.875696
v 25578.444322 41906.415313 71.875256
v 25563.765061 41906.164542 71.873305
v 25577.756477 41908.260914 71.876136
v 25577.412554 41909.183715 71.876575
v 25536.394674 41898.029823 71.865659
v 25550.386091 41900.126195 71.868490
v 25550.310691 41898.029823 71.867384
v 25564.302107 41900.126195 71.870215
v 25564.226707 41898.029823 71.869110
v 25578.218123 41900.126195 71.871940
v 25578.142724 41898.029823 71.870835
v 25564.377507 41902.222568 71.871320
v 25578.293523 41902.222568 71.873045
v 25578.368923 41904.318940 71.874151
v 25189.145325 41881.363156 69.661262
v 25180.326067 41890.182414 70.367033
v 25180.326067 41873.515747 68.440217
v 25171.506809 41882.335005 69.287656
v 25171.506809 41865.668338 67.054127
v 25162.687552 41874.487596 68.006891
v 25162.687552 41857.820929 65.553955
v 25153.868294 41866.640187 66.577657
v 25189.145325 41864.696489 67.518139
v 25180.326067 41856.849080 66.050350
v 25171.506809 41849.001671 64.501532
v 25189.145325 41848.029823 65.010880
v 25180.326067 41840.182414 63.434801
v 25189.145325 41831.363156 62.367557
v 25173.363283 41890.182414 70.203983
v 25166.400500 41890.182414 70.034055
v 25159.437716 41890.182414 69.857502
v 25164.544026 41882.335005 69.087186
v 25157.581242 41882.335005 68.881338
v 25155.724768 41874.487596 67.777912
v 25178.237938 41831.363156 61.926149
v 25179.726006 41837.645925 63.004225
v 25168.818619 41837.645925 62.575322
v 25170.306687 41843.928693 63.643619
v 25159.399300 41843.928693 63.215372
v 25160.887368 41850.211462 64.282748
v 25149.979981 41850.211462 63.856991
v 25151.468049 41856.494230 64.918539
v 25167.330551 41831.363156 61.497649
v 25157.911232 41837.645925 62.145591
v 25148.491914 41843.928693 62.785203
v 25156.423165 41831.363156 61.070008
v 25147.003846 41837.645925 61.699471
v 25145.515778 41831.363156 60.643849
v 25170.906748 41846.465182 64.073575
v 25162.087490 41855.284440 65.134123
v 25153.268233 41864.103698 66.171701
v 25161.487429 41852.747951 64.710095
v 25152.668172 41861.567209 65.759255
v 25152.068110 41859.030720 65.341235
v 25255.811991 41881.363156 71.150211
v 25239.145325 41881.363156 70.849493
v 25222.478658 41881.363156 70.499196
v 25205.811991 41881.363156 70.101525
v 25255.811991 41864.696489 69.636296
v 25239.145325 41864.696489 69.159965
v 25222.478658 41864.696489 68.644956
v 25255.811991 41848.029823 67.546141
v 25239.145325 41848.029823 66.946375
v 25255.811991 41831.363156 65.123630
v 25239.145325 41831.363156 64.458823
v 25222.478658 41848.029823 66.325446
v 25205.811991 41864.696489 68.098077
v 25222.478658 41831.363156 63.776663
v 25205.811991 41848.029823 65.679621
v 25205.811991 41831.363156 63.078977
v 25322.478658 41881.363156 71.812242
v 25305.811991 41881.363156 71.732877
v 25289.145325 41881.363156 71.594746
v 25272.478658 41881.363156 71.399860
v 25322.478658 41864.696489 71.118293
v 25305.811991 41864.696489 70.818008
v 25289.145325 41864.696489 70.469672
v 25322.478658 41848.029823 69.637343
v 25305.811991 41848.029823 69.170071
v 25322.478658 41831.363156 67.630933
v 25305.811991 41831.363156 67.046192
v 25289.145325 41848.029823 68.664635
v 25272.478658 41864.696489 70.075153
v 25289.145325 41831.363156 66.432347
v 25272.478658 41848.029823 68.122758
v 25272.478658 41831.363156 65.790974
v 25389.145325 41881.363156 71.838691
v 25372.478658 41881.363156 71.836624
v 25355.811991 41881.363156 71.834558
v 25339.145325 41881.363156 71.832492
v 25389.145325 41864.696489 71.801711
v 25372.478658 41864.696489 71.714514
v 25355.811991 41864.696489 71.570921
v 25389.145325 41848.029823 71.113236
v 25372.478658 41848.029823 70.816658
v 25389.145325 41831.363156 69.718864
v 25372.478658 41831.363156 69.260321
v 25355.811991 41848.029823 70.471845
v 25339.145325 41864.696489 71.371990
v 25355.811991 41831.363156 68.759068
v 25339.145325 41848.029823 70.078515
v 25339.145325 41831.363156 68.215727
v 25455.811991 41881.363156 71.846956
v 25439.145325 41881.363156 71.844890
v 25422.478658 41881.363156 71.842823
v 25405.811991 41881.363156 71.840757
v 25455.811991 41864.696489 71.838243
v 25439.145325 41864.696489 71.836177
v 25422.478658 41864.696489 71.834111
v 25455.811991 41848.029823 71.788333
v 25439.145325 41848.029823 71.692818
v 25455.811991 41831.363156 71.074697
v 25439.145325 41831.363156 70.791312
v 25422.478658 41848.029823 71.546834
v 25405.811991 41864.696489 71.832044
v 25422.478658 41831.363156 70.469293
v 25405.811991 41848.029823 71.352790
v 25405.811991 41831.363156 70.111028
v 25522.478658 41881.363156 71.855221
v 25505.811991 41881.363156 71.853155
v 25489.145325 41881.363156 71.851088
v 25472.478658 41881.363156 71.849022
v 25522.478658 41864.696489 71.846508
v 25505.811991 41864.696489 71.844442
v 25489.145325 41864.696489 71.842376
v 25522.478658 41848.029823 71.837796
v 25505.811991 41848.029823 71.835729
v 25522.478658 41831.363156 71.766250
v 25505.811991 41831.363156 71.654861
v 25489.145325 41848.029823 71.833663
v 25472.478658 41864.696489 71.840309
v 25489.145325 41831.363156 71.497831
v 25472.478658 41848.029823 71.830155
v 25472.478658 41831.363156 71.302162
v 25576.210177 41844.298304 71.842506
v 25562.777297 41857.731184 71.847863
v 25576.693313 41857.731184 71.849589
v 25563.260434 41871.164063 71.854945
v 25577.176450 41871.164063 71.856671
v 25563.743571 41884.596943 71.862028
v 25577.659587 41884.596943 71.863753
v 25549.344417 41871.164063 71.853220
v 25549.827554 41884.596943 71.860302
v 25535.911538 41884.596943 71.858577
v 25535.911538 41834.596943 71.832439
v 25535.911538 41851.263610 71.841152
v 25549.344417 41837.830730 71.835795
v 25549.344417 41854.497397 71.844507
v 25562.777297 41841.064517 71.839151
v 25535.911538 41867.930276 71.849864
v 25535.795229 41831.363156 71.817559
v 25549.228109 41834.596943 71.834090
v 25549.111800 41831.363156 71.832385
v 25562.544680 41834.596943 71.835741
v 25562.428371 41831.363156 71.834036
v 25575.861250 41834.596943 71.837392
v 25575.744942 41831.363156 71.835687
v 25562.660988 41837.830730 71.837446
v 25575.977559 41837.830730 71.839097
v 25576.093868 41841.064517 71.840802
v 25189.145325 41814.696489 59.780401
v 25177.135071 41826.706743 61.151526
v 25177.135071 41810.040076 58.660649
v 25165.124817 41822.050330 59.972314
v 25165.124817 41805.383663 57.599003
v 25153.114564 41817.393917 58.832893
v 25153.114564 41800.727250 56.609116
v 25141.104310 41812.737504 57.748028
v 25189.145325 41798.029823 57.457674
v 25177.135071 41793.373410 56.495112
v 25165.124817 41788.716997 55.620114
v 25189.145325 41781.363156 55.545844
v 25177.135071 41776.706743 54.803891
v 25189.145325 41764.696489 54.181121
v 25166.227684 41826.706743 60.727263
v 25155.320298 41826.706743 60.305073
v 25144.412911 41826.706743 59.885555
v 25154.217431 41822.050330 59.557893
v 25143.310044 41822.050330 59.147290
v 25142.207177 41817.393917 58.433392
v 25174.289771 41764.696489 53.843322
v 25175.894173 41771.467549 54.341453
v 25161.038620 41771.467549 53.974871
v 25162.643021 41778.238610 54.539087
v 25147.787468 41778.238610 54.144792
v 25149.391870 41785.009670 54.772773
v 25134.536316 41785.009670 54.351887
v 25136.140718 41791.780730 55.041199
v 25159.434218 41764.696489 53.526063
v 25146.183066 41771.467549 53.627923
v 25132.931915 41778.238610 53.769176
v 25144.578665 41764.696489 53.230113
v 25131.327513 41771.467549 53.301414
v 25129.723111 41764.696489 52.956203
v 25163.883919 41783.477803 55.049603
v 25151.873666 41795.488057 55.943072
v 25139.863412 41807.498310 57.000290
v 25150.632768 41790.248863 55.329424
v 25138.622514 41802.259117 56.296581
v 25137.381616 41797.019923 55.641955
v 25255.811991 41814.696489 62.575571
v 25239.145325 41814.696489 61.873118
v 25222.478658 41814.696489 61.169020
v 25205.811991 41814.696489 60.457694
v 25255.811991 41798.029823 60.096973
v 25239.145325 41798.029823 59.411603
v 25222.478658 41798.029823 58.724953
v 25255.811991 41781.363156 57.876925
v 25239.145325 41781.363156 57.235705
v 25255.811991 41764.696489 56.060386
v 25239.145325 41764.696489 55.562582
v 25222.478658 41781.363156 56.658854
v 25205.811991 41798.029823 58.087472
v 25222.478658 41764.696489 55.082635
v 25205.811991 41781.363156 56.095103
v 25205.811991 41764.696489 54.621759
v 25322.478658 41814.696489 65.328121
v 25305.811991 41814.696489 64.669936
v 25289.145325 41814.696489 63.990829
v 25272.478658 41814.696489 63.292237
v 25322.478658 41798.029823 62.945621
v 25305.811991 41798.029823 62.251007
v 25289.145325 41798.029823 61.544879
v 25322.478658 41781.363156 60.673281
v 25305.811991 41781.363156 59.983599
v 25322.478658 41764.696489 58.684766
v 25305.811991 41764.696489 58.029598
v 25289.145325 41781.363156 59.286882
v 25272.478658 41798.029823 60.826443
v 25289.145325 41764.696489 57.373144
v 25272.478658 41781.363156 58.584280
v 25272.478658 41764.696489 56.716411
v 25389.145325 41814.696489 67.866340
v 25372.478658 41814.696489 67.285229
v 25355.811991 41814.696489 66.667266
v 25339.145325 41814.696489 66.013038
v 25389.145325 41798.029823 65.783369
v 25372.478658 41798.029823 65.116934
v 25355.811991 41798.029823 64.418993
v 25389.145325 41781.363156 63.677709
v 25372.478658 41781.363156 62.958547
v 25389.145325 41764.696489 61.728219
v 25372.478658 41764.696489 60.998259
v 25355.811991 41781.363156 62.221482
v 25339.145325 41798.029823 63.696895
v 25355.811991 41764.696489 60.247346
v 25339.145325 41781.363156 61.459533
v 25339.145325 41764.696489 59.476004
v 25455.811991 41814.696489 69.681516
v 25439.145325 41814.696489 69.262649
v 25422.478658 41814.696489 68.815978
v 25405.811991 41814.696489 68.343692
v 25455.811991 41798.029823 67.844969
v 25439.145325 41798.029823 67.339171
v 25422.478658 41798.029823 66.815452
v 25455.811991 41781.363156 65.780583
v 25439.145325 41781.363156 65.231960
v 25455.811991 41764.696489 63.689905
v 25439.145325 41764.696489 63.187208
v 25422.478658 41781.363156 64.712417
v 25405.811991 41798.029823 66.303277
v 25422.478658 41764.696489 62.691410
v 25405.811991 41781.363156 64.192813
v 25405.811991 41764.696489 62.204452
v 25522.478658 41814.696489 70.932757
v 25505.811991 41814.696489 70.642995
v 25489.145325 41814.696489 70.331238
v 25472.478658 41814.696489 70.003919
v 25522.478658 41798.029823 69.334100
v 25505.811991 41798.029823 68.942209
v 25489.145325 41798.029823 68.550013
v 25522.478658 41781.363156 67.198507
v 25505.811991 41781.363156 66.774376
v 25522.478658 41764.696489 64.735428
v 25505.811991 41764.696489 64.395693
v 25489.145325 41781.363156 66.407415
v 25472.478658 41798.029823 68.188082
v 25489.145325 41764.696489 64.103569
v 25472.478658 41781.363156 66.074223
v 25472.478658 41764.696489 63.864372
v 25566.662900 41787.178914 68.892605
v 25555.616840 41798.224974 69.999256
v 25568.933411 41798.224974 70.293381
v 25557.887350 41809.271035 71.075780
v 25571.203921 41809.271035 71.279635
v 25560.157860 41820.317095 71.700788
v 25573.474431 41820.317095 71.782349
v 25544.570779 41809.271035 70.850960
v 25546.841290 41820.317095 71.585788
v 25533.524719 41820.317095 71.441808
v 25568.871972 41796.516766 70.108690
v 25571.142482 41807.562827 71.161488
v 25571.081044 41805.854619 71.032740
v 25573.351554 41816.900679 71.687406
v 25573.290115 41815.192471 71.622002
v 25575.560626 41826.238532 71.832985
v 25575.499187 41824.530324 71.832084
v 25573.412993 41818.608887 71.740929
v 25575.622064 41827.946740 71.833886
v 25575.683503 41829.654948 71.834786
v 25533.524719 41770.317095 65.730244
v 25533.524719 41786.983762 68.165677
v 25544.570779 41775.937701 66.784252
v 25544.570779 41792.604368 69.115316
v 25555.616840 41781.558307 67.853791
v 25533.524719 41803.650429 70.143462
v 25532.195042 41764.696489 64.827139
v 25543.241103 41770.317095 65.879929
v 25541.911427 41764.696489 64.947333
v 25552.957487 41770.317095 66.052724
v 25551.627811 41764.696489 65.094253
v 25562.673871 41770.317095 66.246765
v 25561.344195 41764.696489 65.266108
v 25554.287163 41775.937701 66.976114
v 25564.003548 41775.937701 67.185389
v 25565.333224 41781.558307 68.071089
v 25122.478658 41734.122704 53.034841
v 25122.478658 41725.099484 53.611027
v 25120.750172 41726.827970 53.487517
v 25120.750172 41717.804750 54.272554
v 25119.021686 41719.533236 54.116937
v 25119.021686 41710.510015 55.113535
v 25117.293200 41712.238501 54.925504
v 25117.293200 41703.215281 56.135205
v 25115.564713 41704.943767 55.914628
v 25122.478658 41716.076264 54.433974
v 25120.750172 41708.781529 55.307402
v 25119.021686 41701.486795 56.361620
v 25122.478658 41707.053043 55.507108
v 25120.750172 41699.758309 56.593872
v 25122.478658 41698.029823 56.831955
v 25115.155149 41703.215281 56.106544
v 25116.883635 41701.486795 56.334279
v 25114.745584 41701.486795 56.307089
v 25116.474071 41699.758309 56.541979
v 25114.336020 41699.758309 56.516263
v 25116.064506 41698.029823 56.758305
v 25113.926455 41698.029823 56.734062
v 25118.612121 41699.758309 56.567849
v 25118.202557 41698.029823 56.782701
v 25120.340607 41698.029823 56.807252
v 25189.145325 41748.029823 53.405597
v 25173.942835 41763.232312 53.751061
v 25173.942835 41746.565646 53.166241
v 25158.740345 41761.768136 53.369633
v 25158.740345 41745.101469 52.982704
v 25143.537855 41760.303959 53.039147
v 25143.537855 41743.637292 52.856752
v 25128.335366 41758.839782 52.761754
v 25189.145325 41731.363156 53.357525
v 25173.942835 41729.898979 53.330953
v 25158.740345 41728.434802 53.365509
v 25189.145325 41714.696489 54.103713
v 25173.942835 41713.232312 54.305526
v 25189.145325 41698.029823 55.688657
v 25159.087282 41763.232312 53.444936
v 25144.231728 41763.232312 53.160460
v 25129.376175 41763.232312 52.898350
v 25143.884792 41761.768136 53.096783
v 25129.029238 41761.768136 52.846616
v 25128.682302 41760.303959 52.801063
v 25172.478658 41698.029823 55.922084
v 25172.478658 41707.053043 54.881907
v 25155.811991 41707.053043 55.055577
v 25155.811991 41716.076264 54.171117
v 25139.145325 41716.076264 54.285366
v 25139.145325 41725.099484 53.555700
v 25155.811991 41698.029823 56.190371
v 25139.145325 41707.053043 55.263912
v 25139.145325 41698.029823 56.493638
v 25157.276168 41722.255533 53.705479
v 25142.073678 41737.458023 52.967646
v 25126.871189 41752.660512 52.654010
v 25140.609502 41731.278753 53.199724
v 25125.407012 41746.481243 52.661264
v 25123.942835 41740.301974 52.787162
v 25255.811991 41748.029823 54.716961
v 25239.145325 41748.029823 54.330018
v 25222.478658 41748.029823 53.966005
v 25205.811991 41748.029823 53.625914
v 25255.811991 41731.363156 53.992502
v 25239.145325 41731.363156 53.737323
v 25222.478658 41731.363156 53.509121
v 25255.811991 41714.696489 53.971852
v 25239.145325 41714.696489 53.864633
v 25255.811991 41698.029823 54.718373
v 25239.145325 41698.029823 54.901372
v 25222.478658 41714.696489 53.906111
v 25205.811991 41731.363156 53.415380
v 25222.478658 41698.029823 55.123882
v 25205.811991 41714.696489 53.985630
v 25205.811991 41698.029823 55.386223
v 25322.478658 41748.029823 57.108714
v 25305.811991 41748.029823 56.514546
v 25289.145325 41748.029823 55.924012
v 25272.478658 41748.029823 55.337975
v 25322.478658 41731.363156 56.080009
v 25305.811991 41731.363156 55.569734
v 25289.145325 41731.363156 55.067198
v 25322.478658 41714.696489 55.701419
v 25305.811991 41714.696489 55.293618
v 25322.478658 41698.029823 56.053815
v 25305.811991 41698.029823 55.704870
v 25289.145325 41714.696489 54.844933
v 25272.478658 41731.363156 54.527079
v 25289.145325 41698.029823 55.365702
v 25272.478658 41714.696489 54.404168
v 25272.478658 41698.029823 55.036734
v 25389.145325 41748.029823 60.098450
v 25372.478658 41748.029823 59.376055
v 25355.811991 41748.029823 58.636647
v 25339.145325 41748.029823 57.880705
v 25389.145325 41731.363156 58.928013
v 25372.478658 41731.363156 58.235998
v 25355.811991 41731.363156 57.530371
v 25389.145325 41714.696489 58.334622
v 25372.478658 41714.696489 57.692067
v 25389.145325 41698.029823 58.414095
v 25372.478658 41698.029823 57.836343
v 25355.811991 41714.696489 57.038758
v 25339.145325 41731.363156 56.811562
v 25355.811991 41698.029823 57.250153
v 25339.145325 41714.696489 56.375078
v 25339.145325 41698.029823 56.655862
v 25455.811991 41748.029823 61.660464
v 25439.145325 41748.029823 61.202217
v 25422.478658 41748.029823 60.758723
v 25405.811991 41748.029823 60.331675
v 25455.811991 41731.363156 59.881386
v 25439.145325 41731.363156 59.499272
v 25422.478658 41731.363156 59.138708
v 25455.811991 41714.696489 58.480084
v 25439.145325 41714.696489 58.201283
v 25455.811991 41698.029823 57.564784
v 25439.145325 41698.029823 57.693094
v 25422.478658 41714.696489 58.194259
v 25405.811991 41731.363156 59.010400
v 25422.478658 41698.029823 57.876604
v 25405.811991 41714.696489 58.238200
v 25405.811991 41698.029823 58.116555
v 25522.478658 41748.029823 61.944800
v 25505.811991 41748.029823 61.698548
v 25489.145325 41748.029823 61.516814
v 25472.478658 41748.029823 61.404299
v 25522.478658 41731.363156 59.028521
v 25505.811991 41731.363156 58.926917
v 25489.145325 41731.363156 58.904733
v 25522.478658 41714.696489 56.126962
v 25505.811991 41714.696489 56.214102
v 25522.478658 41698.029823 53.355568
v 25505.811991 41698.029823 54.177606
v 25489.145325 41714.696489 56.826414
v 25472.478658 41731.363156 59.327709
v 25489.145325 41698.029823 55.150752
v 25472.478658 41714.696489 57.580306
v 25472.478658 41698.029823 56.278676
v 25553.902797 41733.272351 59.003248
v 25546.046762 41741.128385 60.603743
v 25555.763146 41741.128385 60.629134
v 25547.907112 41748.984420 62.129878
v 25557.623496 41748.984420 62.214450
v 25549.767461 41756.840455 63.639466
v 25559.483845 41756.840455 63.773490
v 25538.190727 41748.984420 62.079588
v 25540.051077 41756.840455 63.535185
v 25530.334693 41756.840455 63.462338
v 25555.468970 41739.884890 60.372810
v 25557.329320 41747.740924 61.963065
v 25557.035144 41746.497429 61.710658
v 25558.895494 41754.353463 63.286065
v 25558.601318 41753.109968 63.040082
v 25560.461667 41760.966002 64.567071
v 25560.167492 41759.722507 64.330007
v 25559.189670 41755.596959 63.530564
v 25560.755843 41762.209498 64.802171
v 25561.050019 41763.452994 65.035214
v 25530.334693 41706.840455 54.414604
v 25530.334693 41723.507121 57.432796
v 25538.190727 41715.651087 55.739021
v 25538.190727 41732.317753 58.941875
v 25546.046762 41724.461719 57.284822
v 25530.334693 41740.173788 60.495241
v 25528.247903 41698.029823 52.999561
v 25536.103937 41706.840455 54.156746
v 25534.017147 41698.029823 52.664618
v 25541.873182 41706.840455 53.918619
v 25539.786392 41698.029823 52.350536
v 25547.642427 41706.840455 53.699993
v 25545.555637 41698.029823 52.057109
v 25543.959972 41715.651087 55.571127
v 25549.729217 41715.651087 55.421457
v 25551.816007 41724.461719 57.197717
v 25122.478658 41681.363156 58.603829
v 25117.557509 41686.284305 57.979456
v 25117.557509 41669.617638 60.208648
v 25112.636360 41674.538788 59.470427
v 25112.636360 41657.872121 62.145993
v 25107.715211 41662.793270 61.297592
v 25107.715211 41646.126603 64.401693
v 25102.794061 41651.047753 63.448434
v 25122.478658 41664.696489 60.983652
v 25117.557509 41652.950972 63.029609
v 25112.636360 41641.205454 65.388084
v 25122.478658 41648.029823 63.947827
v 25117.557509 41636.284305 66.406832
v 25122.478658 41631.363156 67.457110
v 25118.223661 41689.095670 57.669033
v 25113.302512 41677.350153 59.080347
v 25113.968665 41680.161518 58.708693
v 25109.047516 41668.416000 60.380278
v 25109.713668 41671.227366 59.948503
v 25104.792519 41659.481848 61.874436
v 25105.458672 41662.293213 61.384200
v 25108.381363 41665.604635 60.830031
v 25104.126366 41656.670483 62.382036
v 25103.460214 41653.859118 62.906780
v 25116.085611 41689.095670 57.651034
v 25113.947560 41689.095670 57.633192
v 25111.809509 41689.095670 57.615509
v 25111.830614 41680.161518 58.697387
v 25109.692563 41680.161518 58.686241
v 25107.575618 41671.227366 59.943803
v 25101.627996 41646.126603 64.248030
v 25106.549145 41641.205454 65.239441
v 25100.461930 41641.205454 65.089840
v 25105.383080 41636.284305 66.118283
v 25099.295865 41636.284305 65.972572
v 25104.217014 41631.363156 67.036830
v 25098.129799 41631.363156 66.894818
v 25111.470294 41636.284305 66.263042
v 25110.304229 41631.363156 67.177895
v 25116.391443 41631.363156 67.317994
v 25189.145325 41681.363156 57.385587
v 25172.478658 41681.363156 57.777730
v 25155.811991 41681.363156 58.204830
v 25139.145325 41681.363156 58.666787
v 25189.145325 41664.696489 59.797943
v 25172.478658 41664.696489 60.347369
v 25155.811991 41664.696489 60.930887
v 25189.145325 41648.029823 62.911431
v 25172.478658 41648.029823 63.612506
v 25189.145325 41631.363156 66.693402
v 25172.478658 41631.363156 66.870594
v 25155.811991 41648.029823 63.713948
v 25139.145325 41664.696489 60.951737
v 25155.811991 41631.363156 67.057052
v 25139.145325 41648.029823 63.825748
v 25139.145325 41631.363156 67.252616
v 25255.811991 41681.363156 56.059699
v 25239.145325 41681.363156 56.419144
v 25222.478658 41681.363156 56.819032
v 25205.811991 41681.363156 57.259432
v 25255.811991 41664.696489 58.183520
v 25239.145325 41664.696489 58.721489
v 25222.478658 41664.696489 59.299748
v 25255.811991 41648.029823 61.090442
v 25239.145325 41648.029823 61.804326
v 25255.811991 41631.363156 64.760842
v 25239.145325 41631.363156 65.211716
v 25222.478658 41648.029823 62.150429
v 25205.811991 41664.696489 59.536973
v 25222.478658 41631.363156 65.684338
v 25205.811991 41648.029823 62.519536
v 25205.811991 41631.363156 66.178361
v 25322.478658 41681.363156 57.100293
v 25305.811991 41681.363156 56.867338
v 25289.145325 41681.363156 56.645812
v 25272.478658 41681.363156 56.436018
v 25322.478658 41664.696489 58.950086
v 25305.811991 41664.696489 58.838817
v 25289.145325 41664.696489 58.739886
v 25322.478658 41648.029823 61.618773
v 25305.811991 41648.029823 61.630793
v 25322.478658 41631.363156 65.100663
v 25305.811991 41631.363156 65.010879
v 25289.145325 41648.029823 61.447086
v 25272.478658 41664.696489 58.459969
v 25289.145325 41631.363156 64.924265
v 25272.478658 41648.029823 61.266920
v 25272.478658 41631.363156 64.840896
v 25389.145325 41681.363156 59.042826
v 25372.478658 41681.363156 58.534957
v 25355.811991 41681.363156 58.020407
v 25339.145325 41681.363156 57.499472
v 25389.145325 41664.696489 60.415096
v 25372.478658 41664.696489 59.984896
v 25355.811991 41664.696489 59.549273
v 25389.145325 41648.029823 62.560928
v 25372.478658 41648.029823 62.212706
v 25389.145325 41631.363156 65.489904
v 25372.478658 41631.363156 65.388244
v 25355.811991 41648.029823 62.011735
v 25339.145325 41664.696489 59.248395
v 25355.811991 41631.363156 65.289428
v 25339.145325 41648.029823 61.813703
v 25339.145325 41631.363156 65.193539
v 25455.811991 41681.363156 57.199995
v 25439.145325 41681.363156 57.521185
v 25422.478658 41681.363156 57.901894
v 25405.811991 41681.363156 58.343004
v 25455.811991 41664.696489 57.472303
v 25439.145325 41664.696489 58.001223
v 25422.478658 41664.696489 58.592612
v 25455.811991 41648.029823 58.432202
v 25439.145325 41648.029823 59.178561
v 25455.811991 41631.363156 60.111208
v 25439.145325 41631.363156 61.340356
v 25422.478658 41648.029823 60.228701
v 25405.811991 41664.696489 59.465584
v 25422.478658 41631.363156 62.646736
v 25405.811991 41648.029823 61.356150
v 25405.811991 41631.363156 64.030054
v 25522.478658 41681.363156 51.863128
v 25505.811991 41681.363156 53.091947
v 25489.145325 41681.363156 54.483262
v 25472.478658 41681.363156 56.039830
v 25522.478658 41664.696489 51.071214
v 25505.811991 41664.696489 52.740268
v 25489.145325 41664.696489 54.580193
v 25522.478658 41648.029823 51.070766
v 25505.811991 41648.029823 53.204336
v 25522.478658 41631.363156 51.928955
v 25505.811991 41631.363156 53.771248
v 25489.145325 41648.029823 54.812696
v 25472.478658 41664.696489 55.960484
v 25489.145325 41631.363156 55.749010
v 25472.478658 41648.029823 56.555113
v 25472.478658 41631.363156 57.862357
v 25541.135267 41679.373214 51.218133
v 25536.471114 41684.037366 51.731976
v 25542.240359 41684.037366 51.283885
v 25537.576207 41688.701518 51.843332
v 25543.345452 41688.701518 51.448395
v 25538.681300 41693.365670 52.050934
v 25544.450544 41693.365670 51.707590
v 25531.806962 41688.701518 52.260084
v 25532.912055 41693.365670 52.415534
v 25527.142810 41693.365670 52.801582
v 25542.058168 41683.268138 51.266130
v 25543.163261 41687.932290 51.414626
v 25542.981070 41687.163061 51.383452
v 25544.086162 41691.827214 51.611885
v 25543.903971 41691.057985 51.567768
v 25545.009064 41695.722137 51.873162
v 25544.826873 41694.952909 51.816607
v 25544.268353 41692.596442 51.658498
v 25545.191255 41696.491366 51.932112
v 25545.373446 41697.260594 51.993434
v 25527.142810 41643.365670 50.883296
v 25527.142810 41660.032337 50.744648
v 25531.806962 41655.368185 50.438287
v 25531.806962 41672.034852 50.979395
v 25536.471114 41667.370700 50.563436
v 25527.142810 41676.699004 51.412873
v 25524.298816 41631.363156 51.767874
v 25528.962968 41643.365670 50.753548
v 25526.118975 41631.363156 51.608203
v 25530.783127 41643.365670 50.625184
v 25527.939133 41631.363156 51.449942
v 25532.603285 41643.365670 50.498204
v 25529.759291 41631.363156 51.293089
v 25533.627121 41655.368185 50.338937
v 25535.447279 41655.368185 50.240928
v 25538.291273 41667.370700 50.493123
v 25122.478658 41614.696489 67.787206
v 25114.364846 41622.810301 67.429144
v 25114.364846 41606.143635 67.799403
v 25106.251034 41614.257447 67.419543
v 25106.251034 41597.590780 67.828989
v 25098.137222 41605.704592 67.428343
v 25098.137222 41589.037926 67.875726
v 25090.023409 41597.151738 67.455459
v 25122.478658 41598.029823 68.197681
v 25114.364846 41589.476968 68.246767
v 25106.251034 41580.924114 68.311698
v 25122.478658 41581.363156 68.680460
v 25114.364846 41572.810301 68.762046
v 25122.478658 41564.696489 69.225361
v 25114.388117 41622.908512 67.427744
v 25106.274305 41614.355657 67.417910
v 25106.297576 41614.453868 67.416280
v 25098.183763 41605.901013 67.424623
v 25098.207034 41605.999224 67.422767
v 25090.093222 41597.446369 67.449214
v 25090.116493 41597.544580 67.447138
v 25098.160492 41605.802803 67.426481
v 25090.069951 41597.348159 67.451293
v 25090.046680 41597.249948 67.453375
v 25108.300902 41622.908512 67.286470
v 25102.213687 41622.908512 67.144302
v 25096.126473 41622.908512 67.001258
v 25100.210361 41614.453868 67.273184
v 25094.123146 41614.453868 67.129287
v 25092.119820 41605.999224 67.278198
v 25088.100843 41589.037926 67.599398
v 25096.214655 41580.924114 68.035984
v 25086.178276 41580.924114 67.758668
v 25094.292089 41572.810301 68.210284
v 25084.255710 41572.810301 67.932373
v 25092.369522 41564.696489 68.397618
v 25082.333143 41564.696489 68.119514
v 25104.328467 41572.810301 68.486886
v 25102.405901 41564.696489 68.674721
v 25112.442279 41564.696489 68.950682
v 25189.145325 41614.696489 67.658864
v 25172.478658 41614.696489 67.876100
v 25155.811991 41614.696489 68.101776
v 25139.145325 41614.696489 68.335667
v 25189.145325 41598.029823 68.795919
v 25172.478658 41598.029823 69.049065
v 25155.811991 41598.029823 69.309555
v 25189.145325 41581.363156 70.084292
v 25172.478658 41581.363156 70.368054
v 25189.145325 41564.696489 71.498678
v 25172.478658 41564.696489 70.941013
v 25155.811991 41581.363156 69.813913
v 25139.145325 41598.029823 68.758414
v 25155.811991 41564.696489 70.375749
v 25139.145325 41581.363156 69.251155
v 25139.145325 41564.696489 69.803615
v 25255.811991 41614.696489 66.321771
v 25239.145325 41614.696489 66.854285
v 25222.478658 41614.696489 67.406991
v 25205.811991 41614.696489 67.979408
v 25255.811991 41598.029823 68.184880
v 25239.145325 41598.029823 68.792198
v 25222.478658 41598.029823 69.417614
v 25255.811991 41581.363156 70.320575
v 25239.145325 41581.363156 70.993711
v 25255.811991 41564.696489 72.690695
v 25239.145325 41564.696489 72.400823
v 25222.478658 41581.363156 70.696186
v 25205.811991 41598.029823 69.109694
v 25222.478658 41564.696489 72.105296
v 25205.811991 41581.363156 70.392934
v 25205.811991 41564.696489 71.804460
v 25322.478658 41614.696489 66.578000
v 25305.811991 41614.696489 66.534700
v 25289.145325 41614.696489 66.494402
v 25272.478658 41614.696489 66.457142
v 25322.478658 41598.029823 68.384530
v 25305.811991 41598.029823 68.384603
v 25289.145325 41598.029823 68.387234
v 25322.478658 41581.363156 70.495447
v 25305.811991 41581.363156 70.534134
v 25322.478658 41564.696489 72.876963
v 25305.811991 41564.696489 72.832804
v 25289.145325 41581.363156 70.463861
v 25272.478658 41598.029823 68.286261
v 25289.145325 41564.696489 72.787008
v 25272.478658 41581.363156 70.392651
v 25272.478658 41564.696489 72.739622
v 25389.145325 41614.696489 66.780408
v 25372.478658 41614.696489 66.725514
v 25355.811991 41614.696489 66.673450
v 25339.145325 41614.696489 66.624264
v 25389.145325 41598.029823 68.409769
v 25372.478658 41598.029823 68.399640
v 25355.811991 41598.029823 68.392052
v 25389.145325 41581.363156 70.359782
v 25372.478658 41581.363156 70.390769
v 25389.145325 41564.696489 72.603258
v 25372.478658 41564.696489 72.670061
v 25355.811991 41581.363156 70.423730
v 25339.145325 41598.029823 68.387014
v 25355.811991 41564.696489 72.737993
v 25339.145325 41581.363156 70.458634
v 25339.145325 41564.696489 72.806984
v 25455.811991 41614.696489 62.159816
v 25439.145325 41614.696489 63.629354
v 25422.478658 41614.696489 65.174699
v 25405.811991 41614.696489 66.795141
v 25455.811991 41598.029823 64.865211
v 25439.145325 41598.029823 66.569185
v 25422.478658 41598.029823 68.346048
v 25455.811991 41581.363156 68.206123
v 25439.145325 41581.363156 70.133400
v 25455.811991 41564.696489 72.144171
v 25439.145325 41564.696489 72.254596
v 25422.478658 41581.363156 70.205172
v 25405.811991 41598.029823 68.375790
v 25422.478658 41564.696489 72.367988
v 25405.811991 41581.363156 70.280653
v 25405.811991 41564.696489 72.484245
v 25472.478658 41623.681538 59.654020
v 25489.145325 41623.681538 57.345110
v 25489.145325 41615.999919 59.189608
v 25505.811991 41615.999919 56.820589
v 25505.811991 41608.318301 58.718212
v 25522.478658 41608.318301 56.289065
v 25522.478658 41600.636683 58.240079
v 25505.811991 41623.681538 55.171642
v 25522.478658 41615.999919 54.586867
v 25522.478658 41623.681538 53.133838
v 25470.757484 41616.417663 61.841242
v 25487.424151 41608.736045 61.432895
v 25485.702977 41601.472170 63.934706
v 25502.369644 41593.790552 63.574939
v 25500.648470 41586.526678 66.385642
v 25517.315136 41578.845059 66.073180
v 25515.593962 41571.581185 69.183654
v 25504.090817 41601.054426 61.017694
v 25519.036310 41586.108934 63.208500
v 25520.757484 41593.372808 60.595864
v 25470.757484 41566.417663 71.352269
v 25470.757484 41583.084330 67.561596
v 25485.702977 41568.138837 70.594186
v 25485.702977 41584.805504 66.954538
v 25500.648470 41569.860011 69.870991
v 25470.757484 41599.750997 64.380082
v 25470.394623 41564.886277 71.738272
v 25485.340115 41566.607451 70.966549
v 25484.977254 41565.076065 71.344115
v 25499.922746 41566.797239 70.593007
v 25499.559885 41565.265854 70.961974
v 25514.505378 41566.987027 70.231889
v 25514.142516 41565.455642 70.592106
v 25500.285608 41568.328625 70.229330
v 25514.868239 41568.518413 69.877046
v 25515.231101 41570.049799 69.527620
v 25470.349652 41564.696489 71.786463
v 25484.932283 41564.886277 71.391268
v 25484.887313 41564.696489 71.438499
v 25499.469944 41564.886277 71.054241
v 25499.424974 41564.696489 71.100495
v 25514.007605 41564.886277 70.727395
v 25513.962635 41564.696489 70.772655
v 25499.514915 41565.076065 71.008068
v 25514.052575 41565.076065 70.682217
v 25514.097546 41565.265854 70.637121
v 25524.230167 41631.073436 51.837381
v 25526.050325 41631.073436 51.676850
v 25525.981676 41630.783716 51.746006
v 25527.801834 41630.783716 51.586026
v 25527.733185 41630.493995 51.654833
v 25529.553344 41630.493995 51.495402
v 25529.484694 41630.204275 51.563860
v 25527.870484 41631.073436 51.517729
v 25529.621993 41630.783716 51.427455
v 25529.690642 41631.073436 51.360017
v 25523.950147 41629.891667 52.126189
v 25525.701656 41629.601947 52.033388
v 25525.421636 41628.420178 52.329279
v 25527.173145 41628.130458 52.235251
v 25526.893125 41626.948689 52.538232
v 25528.644635 41626.658968 52.442977
v 25528.364615 41625.477199 52.753057
v 25527.453165 41629.312226 51.940789
v 25528.924654 41627.840737 52.141424
v 25529.204674 41629.022506 51.848390
v 25523.950147 41606.846812 56.601325
v 25523.950147 41614.528430 54.860695
v 25525.421636 41613.056941 55.140438
v 25525.421636 41620.738559 53.610572
v 25526.893125 41619.267070 53.857795
v 25523.950147 41622.210048 53.369254
v 25122.478658 41548.029823 69.113005
v 25111.172183 41559.336298 68.876625
v 25111.172183 41542.669631 68.769000
v 25099.865708 41553.976106 68.527136
v 25099.865708 41537.309440 68.427570
v 25088.559232 41548.615915 68.179059
v 25088.559232 41531.949248 68.091065
v 25077.252757 41543.255723 67.834672
v 25122.478658 41531.363156 69.020777
v 25111.172183 41526.002964 68.685877
v 25099.865708 41520.642773 68.355426
v 25122.478658 41514.696489 68.950521
v 25111.172183 41509.336298 68.620421
v 25122.478658 41498.029823 68.885417
v 25101.135804 41559.336298 68.599782
v 25091.099426 41559.336298 68.322038
v 25081.063047 41559.336298 68.043538
v 25089.829329 41553.976106 68.249098
v 25079.792950 41553.976106 67.970557
v 25078.522854 41548.615915 67.900842
v 25108.493115 41498.029823 68.393737
v 25110.552572 41506.721354 68.567994
v 25096.567030 41506.721354 68.076315
v 25098.626486 41515.412884 68.250572
v 25084.640944 41515.412884 67.758892
v 25086.700401 41524.104415 67.933149
v 25072.714858 41524.104415 67.441470
v 25074.774315 41532.795946 67.615769
v 25094.507573 41498.029823 67.902058
v 25082.581487 41506.721354 67.584636
v 25070.655401 41515.412884 67.267213
v 25080.522030 41498.029823 67.410379
v 25068.595944 41506.721354 67.092956
v 25066.536487 41498.029823 66.918700
v 25099.246097 41518.027829 68.302999
v 25087.939622 41529.334304 68.038015
v 25076.633147 41540.640779 67.778531
v 25087.320011 41526.719360 67.985576
v 25076.013536 41538.025835 67.723296
v 25075.393925 41535.410890 67.669024
v 25189.145325 41548.029823 71.431081
v 25172.478658 41548.029823 70.858911
v 25155.811991 41548.029823 70.281300
v 25139.145325 41548.029823 69.699054
v 25189.145325 41531.363156 71.362601
v 25172.478658 41531.363156 70.780839
v 25155.811991 41531.363156 70.196020
v 25189.145325 41514.696489 71.294818
v 25172.478658 41514.696489 70.708877
v 25189.145325 41498.029823 71.229167
v 25172.478658 41498.029823 70.643229
v 25155.811991 41514.696489 70.122489
v 25139.145325 41531.363156 69.609029
v 25155.811991 41498.029823 70.057292
v 25139.145325 41514.696489 69.536458
v 25139.145325 41498.029823 69.471354
v 25255.811991 41548.029823 72.543515
v 25239.145325 41548.029823 72.240312
v 25222.478658 41548.029823 71.932538
v 25205.811991 41548.029823 71.620588
v 25255.811991 41531.363156 72.378567
v 25239.145325 41531.363156 72.064821
v 25222.478658 41531.363156 71.747728
v 25255.811991 41514.696489 72.199329
v 25239.145325 41514.696489 71.878192
v 25255.811991 41498.029823 72.009878
v 25239.145325 41498.029823 71.815020
v 25222.478658 41514.696489 71.684581
v 25205.811991 41531.363156 71.555908
v 25222.478658 41498.029823 71.619792
v 25205.811991 41514.696489 71.490024
v 25205.811991 41498.029823 71.424479
v 25322.478658 41548.029823 72.692808
v 25305.811991 41548.029823 72.642193
v 25289.145325 41548.029823 72.590154
v 25272.478658 41548.029823 72.536748
v 25322.478658 41531.363156 72.483382
v 25305.811991 41531.363156 72.427263
v 25289.145325 41531.363156 72.369980
v 25322.478658 41514.696489 72.252920
v 25305.811991 41514.696489 72.192444
v 25322.478658 41498.029823 72.006462
v 25305.811991 41498.029823 72.007592
v 25289.145325 41514.696489 72.194989
v 25272.478658 41531.363156 72.374425
v 25289.145325 41498.029823 72.008542
v 25272.478658 41514.696489 72.197287
v 25272.478658 41498.029823 72.009307
v 25389.145325 41548.029823 72.252635
v 25372.478658 41548.029823 72.316601
v 25355.811991 41548.029823 72.381616
v 25339.145325 41548.029823 72.447608
v 25389.145325 41531.363156 71.861085
v 25372.478658 41531.363156 71.922893
v 25355.811991 41531.363156 71.985686
v 25389.145325 41514.696489 71.436191
v 25372.478658 41514.696489 71.496719
v 25389.145325 41498.029823 70.986963
v 25372.478658 41498.029823 71.238247
v 25355.811991 41514.696489 71.745753
v 25339.145325 41531.363156 72.232717
v 25355.811991 41498.029823 71.492167
v 25339.145325 41514.696489 71.997933
v 25339.145325 41498.029823 71.748362
v 25455.811991 41548.029823 72.062946
v 25439.145325 41548.029823 72.177748
v 25422.478658 41548.029823 72.295234
v 25405.811991 41548.029823 72.415284
v 25455.811991 41531.363156 71.968192
v 25439.145325 41531.363156 72.086908
v 25422.478658 41531.363156 72.207984
v 25455.811991 41514.696489 71.861466
v 25439.145325 41514.696489 71.983594
v 25455.811991 41498.029823 71.744711
v 25439.145325 41498.029823 71.558684
v 25422.478658 41514.696489 71.804082
v 25405.811991 41531.363156 72.036315
v 25422.478658 41498.029823 71.370220
v 25405.811991 41514.696489 71.621540
v 25405.811991 41498.029823 71.179562
v 25502.823310 41517.685170 73.662149
v 25491.070481 41529.438000 73.255522
v 25505.608142 41529.438000 72.851651
v 25493.855312 41541.190830 72.476095
v 25508.392973 41541.190830 72.095241
v 25496.640143 41552.943660 71.755580
v 25511.177804 41552.943660 71.400201
v 25479.317651 41541.190830 72.865663
v 25482.102482 41552.943660 72.120463
v 25467.564821 41552.943660 72.494605
v 25467.564821 41502.943660 72.251512
v 25467.564821 41519.610326 72.346873
v 25479.317651 41507.857496 72.741463
v 25479.317651 41524.524163 72.812199
v 25491.070481 41512.771333 73.212355
v 25467.564821 41536.276993 72.428363
v 25466.559078 41498.699119 72.184710
v 25478.311908 41503.612956 72.681236
v 25477.306164 41499.368415 72.619152
v 25489.058994 41504.282252 73.104713
v 25488.053251 41500.037712 73.047683
v 25499.806081 41504.951549 73.521609
v 25498.800338 41500.707008 73.469958
v 25490.064737 41508.526793 73.159629
v 25500.811824 41509.196089 73.570902
v 25501.817567 41513.440630 73.617770
v 25466.400488 41498.029823 72.174038
v 25477.147575 41498.699119 72.609199
v 25476.988985 41498.029823 72.599202
v 25487.736072 41498.699119 73.029273
v 25487.577482 41498.029823 73.019993
v 25498.324569 41498.699119 73.444724
v 25498.165979 41498.029823 73.436200
v 25487.894661 41499.368415 73.038503
v 25498.483158 41499.368415 73.453192
v 25498.641748 41500.037712 73.461603
v 25055.811991 41452.769206 66.011269
v 25055.811991 41447.417693 65.948556
v 25054.786857 41448.442828 65.948556
v 25054.786857 41443.091315 65.885843
v 25053.761722 41444.116450 65.885843
v 25053.761722 41438.764937 65.823130
v 25052.736588 41439.790072 65.823130
v 25052.736588 41434.438560 65.760417
v 25051.711453 41435.463694 65.760417
v 25055.811991 41442.066181 65.885843
v 25054.786857 41437.739803 65.823130
v 25053.761722 41433.413425 65.760417
v 25055.811991 41436.714668 65.823130
v 25054.786857 41432.388291 65.760417
v 25055.811991 41431.363156 65.760417
v 25051.468548 41434.438560 65.735650
v 25052.493682 41433.413425 65.735650
v 25051.225642 41433.413425 65.710884
v 25052.250777 41432.388291 65.710884
v 25050.982737 41432.388291 65.686117
v 25052.007871 41431.363156 65.686117
v 25050.739831 41431.363156 65.661351
v 25053.518817 41432.388291 65.735650
v 25053.275911 41431.363156 65.710884
v 25054.543951 41431.363156 65.735650
v 25122.478658 41481.363156 68.690104
v 25107.979520 41495.862294 68.350281
v 25107.979520 41479.195627 68.154968
v 25093.480382 41493.694766 67.815145
v 25093.480382 41477.028099 67.619832
v 25078.981243 41491.527237 67.280009
v 25078.981243 41474.860571 67.084696
v 25064.482105 41489.359709 66.744872
v 25122.478658 41464.696489 68.494792
v 25107.979520 41462.528961 67.959656
v 25093.480382 41460.361432 67.424520
v 25122.478658 41448.029823 68.299479
v 25107.979520 41445.862294 67.764343
v 25122.478658 41431.363156 68.104167
v 25093.993977 41495.862294 67.858601
v 25080.008434 41495.862294 67.366922
v 25066.022892 41495.862294 66.875243
v 25079.494839 41493.694766 67.323465
v 25065.509296 41493.694766 66.831786
v 25064.995701 41491.527237 66.788329
v 25105.811991 41431.363156 67.518229
v 25105.811991 41436.714668 67.580942
v 25089.145325 41436.714668 66.995005
v 25089.145325 41442.066181 67.057718
v 25072.478658 41442.066181 66.471780
v 25072.478658 41447.417693 66.534493
v 25089.145325 41431.363156 66.932292
v 25072.478658 41436.714668 66.409067
v 25072.478658 41431.363156 66.346354
v 25106.717028 41440.534195 67.657520
v 25090.050361 41445.885708 67.134295
v 25090.955397 41449.705234 67.210873
v 25074.288731 41455.056747 66.687649
v 25075.193767 41458.876273 66.764227
v 25058.527100 41464.227786 66.241002
v 25059.432136 41468.047313 66.317580
v 25073.383694 41451.237220 66.611071
v 25057.622064 41460.408259 66.164424
v 25056.717028 41456.588732 66.087847
v 25092.217889 41455.033333 67.317696
v 25077.718751 41469.532472 66.977873
v 25063.219613 41484.031610 66.638049
v 25076.456259 41464.204372 66.871050
v 25061.957121 41478.703511 66.531226
v 25060.694629 41473.375412 66.424403
v 25189.145325 41481.363156 71.098958
v 25172.478658 41481.363156 70.513021
v 25155.811991 41481.363156 69.927083
v 25139.145325 41481.363156 69.341146
v 25189.145325 41464.696489 70.968750
v 25172.478658 41464.696489 70.382812
v 25155.811991 41464.696489 69.796875
v 25189.145325 41448.029823 70.838542
v 25172.478658 41448.029823 70.252604
v 25189.145325 41431.363156 70.708333
v 25172.478658 41431.363156 70.057292
v 25155.811991 41448.029823 69.601562
v 25155.811991 41464.696489 69.796875
v 25139.145325 41464.696489 69.145833
v 25155.811991 41431.363156 69.406250
v 25139.145325 41448.029823 68.950521
v 25139.145325 41431.363156 68.755208
v 25255.811991 41481.363156 71.750000
v 25239.145325 41481.363156 71.554688
v 25222.478658 41481.363156 71.359375
v 25205.811991 41481.363156 71.164063
v 25255.811991 41464.696489 71.489583
v 25239.145325 41464.696489 71.294271
v 25222.478658 41464.696489 71.098958
v 25255.811991 41448.029823 71.229167
v 25239.145325 41448.029823 71.033854
v 25255.811991 41431.363156 70.968750
v 25239.145325 41431.363156 70.903646
v 25222.478658 41448.029823 70.968750
v 25205.811991 41464.696489 71.033854
v 25222.478658 41431.363156 70.838542
v 25205.811991 41448.029823 70.903646
v 25205.811991 41431.363156 70.773438
v 25322.478658 41481.363156 71.554763
v 25305.811991 41481.363156 71.554706
v 25289.145325 41481.363156 71.554688
v 25272.478658 41481.363156 71.554688
v 25322.478658 41464.696489 71.098958
v 25305.811991 41464.696489 71.098958
v 25289.145325 41464.696489 71.098958
v 25322.478658 41448.029823 70.643229
v 25305.811991 41448.029823 70.643229
v 25322.478658 41431.363156 70.187500
v 25305.811991 41431.363156 70.382812
v 25289.145325 41448.029823 70.838542
v 25272.478658 41464.696489 71.294271
v 25289.145325 41431.363156 70.578125
v 25272.478658 41448.029823 71.033854
v 25272.478658 41431.363156 70.773438
v 25389.145325 41481.363156 70.523842
v 25372.478658 41481.363156 70.779237
v 25355.811991 41481.363156 71.036451
v 25339.145325 41481.363156 71.295093
v 25389.145325 41464.696489 70.058699
v 25372.478658 41464.696489 70.317946
v 25355.811991 41464.696489 70.578125
v 25389.145325 41448.029823 69.601562
v 25372.478658 41448.029823 69.861979
v 25389.145325 41431.363156 69.145833
v 25372.478658 41431.363156 69.406250
v 25355.811991 41448.029823 70.122396
v 25339.145325 41464.696489 70.838542
v 25355.811991 41431.363156 69.666667
v 25339.145325 41448.029823 70.382812
v 25339.145325 41431.363156 69.927083
v 25455.811991 41481.363156 71.747074
v 25439.145325 41481.363156 71.556414
v 25422.478658 41481.363156 71.364025
v 25405.811991 41481.363156 71.170179
v 25455.811991 41464.696489 71.748911
v 25439.145325 41464.696489 71.555137
v 25422.478658 41464.696489 71.360419
v 25455.811991 41448.029823 71.749910
v 25439.145325 41448.029823 71.554694
v 25455.811991 41431.363156 71.750000
v 25439.145325 41431.363156 71.098958
v 25422.478658 41448.029823 70.903646
v 25405.811991 41464.696489 70.710302
v 25422.478658 41431.363156 70.447917
v 25405.811991 41448.029823 70.252604
v 25405.811991 41431.363156 69.796875
v 25490.052658 41463.789156 73.196874
v 25481.492492 41472.349322 72.826091
v 25492.080989 41472.349322 73.265738
v 25483.520822 41480.909489 72.895929
v 25494.109319 41480.909489 73.328804
v 25485.549152 41489.469656 72.960686
v 25496.137649 41489.469656 73.385726
v 25472.932325 41480.909489 72.459542
v 25474.960655 41489.469656 72.531582
v 25464.372158 41489.469656 72.098637
v 25464.372158 41439.469656 72.117820
v 25464.372158 41456.136323 72.115525
v 25472.932325 41447.576156 72.484163
v 25472.932325 41464.242822 72.475395
v 25481.492492 41455.682656 72.845011
v 25464.372158 41472.802989 72.108925
v 25462.723533 41432.511961 72.046980
v 25471.283700 41440.618461 72.414709
v 25469.635075 41433.660765 72.343961
v 25478.195242 41441.767265 72.711234
v 25476.546617 41434.809570 72.640941
v 25485.106784 41442.916070 73.007158
v 25483.458159 41435.958374 72.937907
v 25479.843867 41448.724960 72.779379
v 25486.755409 41449.873765 73.073577
v 25488.404034 41456.831460 73.136898
v 25462.451324 41431.363156 72.035284
v 25469.362866 41432.511961 72.332264
v 25469.090657 41431.363156 72.320568
v 25476.002199 41432.511961 72.617548
v 25475.729990 41431.363156 72.605852
v 25482.641532 41432.511961 72.902832
v 25482.369323 41431.363156 72.891135
v 25476.274408 41433.660765 72.629244
v 25482.913741 41433.660765 72.914528
v 25483.185950 41434.809570 72.926225
v 25055.811991 41414.696489 65.565104
v 25051.594194 41418.914287 65.532153
v 25051.594194 41402.247620 65.336840
v 25047.376396 41406.465418 65.303889
v 25047.376396 41389.798751 65.108576
v 25043.158599 41394.016549 65.075625
v 25043.158599 41377.349882 64.880312
v 25038.940801 41381.567680 64.847360
v 25055.811991 41398.029823 65.369792
v 25051.594194 41385.580954 65.141528
v 25047.376396 41373.132084 64.913264
v 25055.811991 41381.363156 65.174479
v 25051.594194 41368.914287 64.946215
v 25055.811991 41364.696489 64.979167
v 25052.881483 41424.347037 65.620960
v 25048.663685 41411.898168 65.392696
v 25049.950975 41417.330918 65.481503
v 25045.733177 41404.882048 65.253239
v 25047.020466 41410.314798 65.342047
v 25042.802669 41397.865929 65.113783
v 25044.089958 41403.298679 65.202590
v 25044.445888 41399.449299 65.164432
v 25041.515380 41392.433179 65.024975
v 25040.228090 41387.000429 64.936168
v 25051.613443 41424.347037 65.596194
v 25050.345403 41424.347037 65.571427
v 25049.077363 41424.347037 65.546661
v 25048.682935 41417.330918 65.456737
v 25047.414895 41417.330918 65.431971
v 25045.752426 41410.314798 65.317280
v 25037.941395 41377.349882 64.758034
v 25042.159192 41373.132084 64.790985
v 25036.941988 41373.132084 64.668707
v 25041.159786 41368.914287 64.701659
v 25035.942582 41368.914287 64.579380
v 25040.160379 41364.696489 64.612332
v 25034.943175 41364.696489 64.490054
v 25046.376990 41368.914287 64.823937
v 25045.377583 41364.696489 64.734610
v 25050.594787 41364.696489 64.856888
v 25122.478658 41414.696489 67.973958
v 25105.811991 41414.696489 67.388021
v 25089.145325 41414.696489 66.802083
v 25072.478658 41414.696489 66.216146
v 25122.478658 41398.029823 67.843750
v 25105.811991 41398.029823 67.257812
v 25089.145325 41398.029823 66.671875
v 25122.478658 41381.363156 67.713542
v 25105.811991 41381.363156 67.127604
v 25122.478658 41364.696489 67.583333
v 25105.811991 41364.696489 66.932292
v 25089.145325 41381.363156 66.476562
v 25089.145325 41398.029823 66.671875
v 25072.478658 41398.029823 66.020833
v 25089.145325 41364.696489 66.281250
v 25072.478658 41381.363156 65.825521
v 25072.478658 41364.696489 65.630208
v 25189.145325 41414.696489 70.382813
v 25172.478658 41414.696489 69.731771
v 25155.811991 41414.696489 69.080729
v 25139.145325 41414.696489 68.429688
v 25189.145325 41398.029823 70.057292
v 25172.478658 41398.029823 69.406250
v 25155.811991 41398.029823 68.755208
v 25189.145325 41381.363156 69.731771
v 25172.478658 41381.363156 69.080729
v 25189.145325 41364.696489 69.406250
v 25172.478658 41364.696489 68.950521
v 25155.811991 41381.363156 68.625000
v 25139.145325 41398.029823 68.299479
v 25155.811991 41364.696489 68.494792
v 25139.145325 41381.363156 68.169271
v 25139.145325 41364.696489 68.039062
v 25255.811991 41414.696489 70.708333
v 25239.145325 41414.696489 70.643229
v 25222.478658 41414.696489 70.578125
v 25205.811991 41414.696489 70.513021
v 25255.811991 41398.029823 70.447917
v 25239.145325 41398.029823 70.382812
v 25222.478658 41398.029823 70.317708
v 25255.811991 41381.363156 70.187500
v 25239.145325 41381.363156 70.122396
v 25255.811991 41364.696489 69.927083
v 25239.145325 41364.696489 69.796875
v 25222.478658 41381.363156 69.992188
v 25205.811991 41398.029823 70.187500
v 25222.478658 41364.696489 69.666667
v 25205.811991 41381.363156 69.861979
v 25205.811991 41364.696489 69.536458
v 25322.478658 41414.696489 69.861979
v 25305.811991 41414.696489 70.057292
v 25289.145325 41414.696489 70.252604
v 25272.478658 41414.696489 70.447917
v 25322.478658 41398.029823 69.536458
v 25305.811991 41398.029823 69.731771
v 25289.145325 41398.029823 69.927083
v 25322.478658 41381.363156 69.210938
v 25305.811991 41381.363156 69.406250
v 25322.478658 41364.696489 68.885417
v 25305.811991 41364.696489 69.145833
v 25289.145325 41381.363156 69.666667
v 25272.478658 41398.029823 70.187500
v 25289.145325 41364.696489 69.406250
v 25272.478658 41381.363156 69.927083
v 25272.478658 41364.696489 69.666667
v 25389.145325 41414.696489 68.755208
v 25372.478658 41414.696489 69.015625
v 25355.811991 41414.696489 69.276042
v 25339.145325 41414.696489 69.536458
v 25389.145325 41398.029823 68.364583
v 25372.478658 41398.029823 68.625000
v 25355.811991 41398.029823 68.885417
v 25389.145325 41381.363156 67.973958
v 25372.478658 41381.363156 68.234375
v 25389.145325 41364.696489 67.583333
v 25372.478658 41364.696489 67.908854
v 25355.811991 41381.363156 68.559896
v 25339.145325 41398.029823 69.210938
v 25355.811991 41364.696489 68.234375
v 25339.145325 41381.363156 68.885417
v 25339.145325 41364.696489 68.559896
v 25455.811991 41414.696489 71.098958
v 25439.145325 41414.696489 70.447917
v 25422.478658 41414.696489 69.796875
v 25405.811991 41414.696489 69.145833
v 25455.811991 41398.029823 70.447917
v 25439.145325 41398.029823 69.796875
v 25422.478658 41398.029823 69.145833
v 25455.811991 41381.363156 69.796875
v 25439.145325 41381.363156 69.145833
v 25455.811991 41364.696489 69.145833
v 25439.145325 41364.696489 68.755208
v 25422.478658 41381.363156 68.755208
v 25405.811991 41398.029823 68.755208
v 25422.478658 41364.696489 68.364583
v 25405.811991 41381.363156 68.364583
v 25405.811991 41364.696489 67.973958
v 25477.282006 41409.893141 71.833867
v 25471.914503 41415.260645 71.812900
v 25478.553835 41415.260645 72.098184
v 25473.186332 41420.628148 72.077217
v 25479.825665 41420.628148 72.362501
v 25474.458161 41425.995652 72.341534
v 25481.097494 41425.995652 72.626818
v 25466.546999 41420.628148 71.791934
v 25467.818828 41425.995652 72.056251
v 25461.179495 41425.995652 71.770967
v 25461.179495 41375.995652 69.817842
v 25461.179495 41392.662319 70.468883
v 25466.546999 41387.294815 70.489850
v 25466.546999 41403.961482 71.140892
v 25471.914503 41398.593978 71.161859
v 25461.179495 41409.328986 71.119925
v 25458.887989 41366.324802 69.341611
v 25464.255492 41377.623965 70.013620
v 25461.963986 41367.953115 69.537389
v 25467.331490 41379.252278 70.209397
v 25465.039983 41369.581428 69.733167
v 25470.407487 41380.880591 70.405175
v 25468.115981 41371.209741 69.928944
v 25469.622996 41388.923128 70.685628
v 25472.698994 41390.551441 70.881406
v 25474.990500 41400.222291 71.357637
v 25458.502160 41364.696489 69.261427
v 25461.578158 41366.324802 69.457204
v 25461.192329 41364.696489 69.377020
v 25464.268326 41366.324802 69.572797
v 25463.882498 41364.696489 69.492613
v 25466.958495 41366.324802 69.688391
v 25466.572667 41364.696489 69.608206
v 25464.654155 41367.953115 69.652982
v 25467.344324 41367.953115 69.768575
v 25467.730152 41369.581428 69.848760
v 25055.811991 41348.029823 64.914063
v 25048.401531 41355.440283 64.769327
v 25048.401531 41338.773617 64.704223
v 25040.991070 41346.184077 64.559487
v 25040.991070 41329.517410 64.494383
v 25033.580610 41336.927871 64.349647
v 25033.580610 41320.261204 64.284543
v 25026.170149 41327.671665 64.139808
v 25055.811991 41331.363156 64.848958
v 25048.401531 41322.106950 64.639119
v 25040.991070 41312.850744 64.429279
v 25055.811991 41314.696489 64.783854
v 25048.401531 41305.440283 64.574014
v 25055.811991 41298.029823 64.718750
v 25049.045938 41358.159878 64.795054
v 25041.635478 41348.903672 64.585214
v 25042.279885 41351.623267 64.610941
v 25034.869425 41342.367061 64.401101
v 25035.513833 41345.086656 64.426828
v 25028.103372 41335.830450 64.216988
v 25028.747780 41338.550045 64.242715
v 25034.225017 41339.647466 64.375374
v 25027.458964 41333.110855 64.191261
v 25026.814557 41330.391260 64.165534
v 25043.828734 41358.159878 64.672775
v 25038.611530 41358.159878 64.550497
v 25033.394326 41358.159878 64.428219
v 25037.062681 41351.623267 64.488662
v 25031.845477 41351.623267 64.366384
v 25030.296629 41345.086656 64.304549
v 25024.414242 41320.261204 64.105513
v 25031.824702 41312.850744 64.250248
v 25022.658334 41312.850744 64.071218
v 25030.068795 41305.440283 64.215953
v 25020.902427 41305.440283 64.036923
v 25028.312887 41298.029823 64.181658
v 25019.146519 41298.029823 64.002627
v 25039.235163 41305.440283 64.394984
v 25037.479255 41298.029823 64.360689
v 25046.645623 41298.029823 64.539719
v 25122.478658 41348.029823 67.453125
v 25105.811991 41348.029823 66.802083
v 25089.145325 41348.029823 66.151042
v 25072.478658 41348.029823 65.500000
v 25122.478658 41331.363156 67.322917
v 25105.811991 41331.363156 66.671875
v 25089.145325 41331.363156 66.020833
v 25122.478658 41314.696489 67.192708
v 25105.811991 41314.696489 66.541667
v 25122.478658 41298.029823 67.062500
v 25105.811991 41298.029823 66.476562
v 25089.145325 41314.696489 65.955729
v 25072.478658 41331.363156 65.434896
v 25089.145325 41298.029823 65.890625
v 25072.478658 41314.696489 65.369792
v 25072.478658 41298.029823 65.304688
v 25189.145325 41348.029823 69.210937
v 25172.478658 41348.029823 68.755208
v 25155.811991 41348.029823 68.299479
v 25139.145325 41348.029823 67.843750
v 25189.145325 41331.363156 69.015625
v 25172.478658 41331.363156 68.559896
v 25155.811991 41331.363156 68.104167
v 25189.145325 41314.696489 68.820312
v 25172.478658 41314.696489 68.364583
v 25189.145325 41298.029823 68.625000
v 25172.478658 41298.029823 68.234375
v 25155.811991 41314.696489 67.973958
v 25139.145325 41331.363156 67.713542
v 25155.811991 41298.029823 67.843750
v 25139.145325 41314.696489 67.583333
v 25139.145325 41298.029823 67.453125
v 25255.811991 41348.029823 69.601562
v 25239.145325 41348.029823 69.471354
v 25222.478658 41348.029823 69.341146
v 25205.811991 41348.029823 69.210938
v 25255.811991 41331.363156 69.276042
v 25239.145325 41331.363156 69.145833
v 25222.478658 41331.363156 69.015625
v 25255.811991 41314.696489 68.950521
v 25239.145325 41314.696489 68.820312
v 25255.811991 41298.029823 68.625000
v 25239.145325 41298.029823 68.625000
v 25222.478658 41314.696489 68.820312
v 25222.478658 41331.363156 69.015625
v 25205.811991 41331.363156 69.015625
v 25222.478658 41298.029823 68.625000
v 25205.811991 41314.696489 68.820312
v 25205.811991 41298.029823 68.625000
v 25322.478658 41348.029823 68.494792
v 25305.811991 41348.029823 68.755208
v 25289.145325 41348.029823 69.015625
v 25272.478658 41348.029823 69.276042
v 25322.478658 41331.363156 68.104167
v 25305.811991 41331.363156 68.364583
v 25289.145325 41331.363156 68.625000
v 25322.478658 41314.696489 67.713542
v 25305.811991 41314.696489 67.973958
v 25322.478658 41298.029823 67.322917
v 25305.811991 41298.029823 67.648438
v 25289.145325 41314.696489 68.299479
v 25272.478658 41331.363156 68.950521
v 25289.145325 41298.029823 67.973958
v 25272.478658 41314.696489 68.625000
v 25272.478658 41298.029823 68.299479
v 25389.145325 41348.029823 67.062500
v 25372.478658 41348.029823 67.388021
v 25355.811991 41348.029823 67.713542
v 25339.145325 41348.029823 68.039062
v 25389.145325 41331.363156 66.541667
v 25372.478658 41331.363156 66.867187
v 25355.811991 41331.363156 67.192708
v 25389.145325 41314.696489 66.020833
v 25372.478658 41314.696489 66.346354
v 25389.145325 41298.029823 65.500000
v 25372.478658 41298.029823 65.955729
v 25355.811991 41314.696489 66.802083
v 25339.145325 41331.363156 67.648438
v 25355.811991 41298.029823 66.411458
v 25339.145325 41314.696489 67.257812
v 25339.145325 41298.029823 66.867188
v 25405.811991 41353.343163 67.486120
v 25422.478658 41353.343163 67.876745
v 25422.478658 41341.989836 67.388907
v 25439.145325 41341.989836 67.779532
v 25439.145325 41330.636510 67.291694
v 25455.811991 41330.636510 67.682319
v 25455.811991 41319.283184 67.194480
v 25439.145325 41353.343163 68.267370
v 25455.811991 41341.989836 68.170157
v 25455.811991 41353.343163 68.657995
v 25405.052444 41350.137644 67.330581
v 25421.719111 41338.784317 67.233368
v 25420.959564 41335.578798 67.077829
v 25437.626230 41324.225472 66.980616
v 25436.866683 41321.019953 66.825076
v 25453.533350 41309.666626 66.727863
v 25452.773802 41306.461107 66.572324
v 25438.385777 41327.430991 67.136155
v 25454.292897 41312.872145 66.883402
v 25455.052444 41316.077665 67.038941
v 25404.794169 41349.047645 67.277692
v 25420.701288 41334.488799 67.024940
v 25420.443013 41333.398801 66.972050
v 25436.350133 41318.839955 66.719298
v 25436.091858 41317.749956 66.666409
v 25451.998977 41303.191111 66.413657
v 25451.740702 41302.101112 66.360767
v 25436.608408 41319.929954 66.772187
v 25452.257252 41304.281110 66.466546
v 25452.515527 41305.371108 66.519435
v 25404.794169 41299.047645 65.715192
v 25404.794169 41315.714312 66.236025
v 25420.443013 41300.065467 65.930384
v 25420.443013 41316.732134 66.451217
v 25436.091858 41301.083290 66.145576
v 25404.794169 41332.380978 66.756859
v 25404.552996 41298.029823 65.680559
v 25420.201841 41299.047645 65.895750
v 25419.960668 41298.029823 65.861117
v 25435.609512 41299.047645 66.076309
v 25435.368339 41298.029823 66.041676
v 25451.017184 41299.047645 66.256868
v 25450.776011 41298.029823 66.222235
v 25435.850685 41300.065467 66.110942
v 25451.258357 41300.065467 66.291501
v 25451.499529 41301.083290 66.326134
v 25464.511354 41355.997126 69.451670
v 25462.336514 41358.171967 69.375211
v 25465.026682 41358.171967 69.490804
v 25462.851842 41360.346808 69.414345
v 25465.542011 41360.346808 69.529938
v 25463.367170 41362.521649 69.453479
v 25466.057339 41362.521649 69.569072
v 25460.161673 41360.346808 69.298752
v 25460.677001 41362.521649 69.337886
v 25457.986832 41362.521649 69.222293
v 25457.986832 41328.461669 67.758778
v 25457.986832 41339.814996 68.246616
v 25460.161673 41337.640155 68.323075
v 25460.161673 41348.993481 68.810914
v 25462.336514 41346.818641 68.887373
v 25457.986832 41351.168322 68.734454
v 25055.811991 41281.363156 64.718750
v 25045.208868 41291.966280 64.511658
v 25045.208868 41275.299613 64.511658
v 25034.605744 41285.902736 64.304565
v 25034.605744 41269.236070 64.304565
v 25024.002621 41279.839193 64.097473
v 25024.002621 41263.172527 64.097473
v 25013.399497 41273.775650 63.890381
v 25055.811991 41264.696489 64.718750
v 25045.208868 41258.632946 64.511658
v 25034.605744 41252.569403 64.304565
v 25055.811991 41248.029823 64.718750
v 25045.208868 41241.966280 64.511658
v 25055.811991 41231.363156 64.718750
v 25045.210394 41291.972720 64.511688
v 25034.607270 41285.909177 64.304595
v 25034.608796 41285.915617 64.304625
v 25024.005673 41279.852074 64.097533
v 25024.007199 41279.858515 64.097563
v 25013.404075 41273.794972 63.890470
v 25013.405601 41273.801412 63.890500
v 25024.004147 41279.845634 64.097503
v 25013.402549 41273.788531 63.890441
v 25013.401023 41273.782091 63.890411
v 25036.044026 41291.972720 64.332657
v 25026.877658 41291.972720 64.153626
v 25017.711290 41291.972720 63.974596
v 25025.442428 41285.915617 64.125594
v 25016.276060 41285.915617 63.946564
v 25014.840831 41279.858515 63.918532
v 25010.887089 41263.172527 63.841310
v 25021.490212 41252.569403 64.048403
v 25008.374680 41252.569403 63.792240
v 25018.977804 41241.966280 63.999332
v 25005.862272 41241.966280 63.743170
v 25016.465395 41231.363156 63.950262
v 25003.349863 41231.363156 63.694099
v 25032.093336 41241.966280 64.255495
v 25029.580927 41231.363156 64.206425
v 25042.696459 41231.363156 64.462587
v 25122.478658 41281.363156 66.997396
v 25105.811991 41281.363156 66.411458
v 25089.145325 41281.363156 65.825521
v 25072.478658 41281.363156 65.239583
v 25122.478658 41264.696489 66.932292
v 25105.811991 41264.696489 66.346354
v 25089.145325 41264.696489 65.760417
v 25122.478658 41248.029823 66.867187
v 25105.811991 41248.029823 66.281250
v 25122.478658 41231.363156 66.802083
v 25105.811991 41231.363156 66.281250
v 25089.145325 41248.029823 65.760417
v 25072.478658 41264.696489 65.239583
v 25089.145325 41231.363156 65.760417
v 25072.478658 41248.029823 65.239583
v 25072.478658 41231.363156 65.239583
v 25189.145325 41281.363156 68.364583
v 25172.478658 41298.029823 68.234375
v 25172.478658 41281.363156 67.973958
v 25155.811991 41281.363156 67.583333
v 25139.145325 41281.363156 67.192708
v 25189.145325 41264.696489 68.104167
v 25172.478658 41264.696489 67.713542
v 25155.811991 41264.696489 67.322917
v 25189.145325 41248.029823 67.843750
v 25172.478658 41248.029823 67.453125
v 25189.145325 41231.363156 67.583333
v 25172.478658 41231.363156 67.388021
v 25172.478658 41248.029823 67.453125
v 25155.811991 41248.029823 67.257813
v 25139.145325 41264.696489 67.127604
v 25155.811991 41231.363156 67.192708
v 25139.145325 41248.029823 67.062500
v 25139.145325 41231.363156 66.997396
v 25255.811991 41281.363156 68.299479
v 25239.145325 41281.363156 68.299479
v 25222.478658 41281.363156 68.299479
v 25205.811991 41281.363156 68.299479
v 25255.811991 41264.696489 67.973958
v 25239.145325 41264.696489 67.973958
v 25222.478658 41264.696489 67.973958
v 25255.811991 41248.029823 67.648438
v 25239.145325 41248.029823 67.648438
v 25255.811991 41231.363156 67.322917
v 25239.145325 41231.363156 67.388021
v 25222.478658 41248.029823 67.713542
v 25205.811991 41264.696489 68.039062
v 25222.478658 41231.363156 67.453125
v 25205.811991 41248.029823 67.778646
v 25205.811991 41231.363156 67.518229
v 25322.478658 41281.363156 66.932292
v 25305.811991 41281.363156 67.257812
v 25289.145325 41281.363156 67.583333
v 25272.478658 41281.363156 67.908854
v 25322.478658 41264.696489 66.541667
v 25305.811991 41264.696489 66.867188
v 25289.145325 41264.696489 67.192708
v 25322.478658 41248.029823 66.151042
v 25305.811991 41248.029823 66.476562
v 25322.478658 41231.363156 65.760417
v 25305.811991 41231.363156 66.151042
v 25289.145325 41248.029823 66.867187
v 25272.478658 41264.696489 67.583333
v 25289.145325 41231.363156 66.541667
v 25272.478658 41248.029823 67.257812
v 25272.478658 41231.363156 66.932292
v 25389.145325 41281.363156 65.044271
v 25372.478658 41281.363156 65.500000
v 25355.811991 41281.363156 65.955729
v 25339.145325 41281.363156 66.411458
v 25389.145325 41264.696489 64.588542
v 25372.478658 41264.696489 65.044271
v 25355.811991 41264.696489 65.500000
v 25389.145325 41248.029823 64.132812
v 25372.478658 41248.029823 64.588542
v 25389.145325 41231.363156 63.677083
v 25372.478658 41231.363156 64.197917
v 25355.811991 41248.029823 65.109375
v 25339.145325 41264.696489 66.020833
v 25355.811991 41231.363156 64.718750
v 25339.145325 41248.029823 65.630208
v 25339.145325 41231.363156 65.239583
v 25438.970050 41248.205097 64.332233
v 25426.513869 41260.661279 64.624175
v 25441.921540 41260.661279 64.804733
v 25429.465359 41273.117460 65.096675
v 25444.873030 41273.117460 65.277234
v 25432.416849 41285.573641 65.569176
v 25447.824521 41285.573641 65.749734
v 25414.057687 41273.117460 64.916116
v 25417.009178 41285.573641 65.388617
v 25401.601506 41285.573641 65.208058
v 25401.601506 41235.573641 63.840871
v 25401.601506 41252.240308 64.296600
v 25414.057687 41239.784127 64.004658
v 25414.057687 41256.450793 64.460387
v 25426.513869 41243.994612 64.168446
v 25401.601506 41268.906975 64.752329
v 25401.216900 41233.950485 63.794985
v 25413.673081 41238.160971 63.958773
v 25413.288474 41236.537815 63.912887
v 25425.744656 41240.748300 64.076675
v 25425.360049 41239.125144 64.030789
v 25437.816231 41243.335630 64.194576
v 25437.431624 41241.712474 64.148691
v 25426.129262 41242.371456 64.122560
v 25438.200837 41244.958785 64.240462
v 25438.585444 41246.581941 64.286347
v 25400.603832 41231.363156 63.721843
v 25412.675407 41233.950485 63.839745
v 25412.062340 41231.363156 63.766603
v 25424.133915 41233.950485 63.884505
v 25423.520847 41231.363156 63.811363
v 25435.592422 41233.950485 63.929265
v 25434.979355 41231.363156 63.856123
v 25424.746982 41236.537815 63.957647
v 25436.205489 41236.537815 64.002407
v 25436.818557 41239.125144 64.075549
v 24989.145325 41171.415707 63.416667
v 24989.145325 41169.735902 63.416667
v 24988.823542 41170.057685 63.412896
v 24988.823542 41168.377881 63.412896
v 24988.501759 41168.699664 63.409125
v 24988.501759 41167.019860 63.409125
v 24988.179976 41167.341643 63.405354
v 24988.179976 41165.661838 63.405354
v 24987.858193 41165.983621 63.401583
v 24989.145325 41168.056098 63.416667
v 24988.823542 41166.698077 63.412896
v 24988.501759 41165.340055 63.409125
v 24989.145325 41166.376294 63.416667
v 24988.823542 41165.018272 63.412896
v 24989.145325 41164.696489 63.416667
v 24987.781946 41165.661838 63.400690
v 24988.103729 41165.340055 63.404460
v 24987.705700 41165.340055 63.399796
v 24988.027483 41165.018272 63.403567
v 24987.629454 41165.018272 63.398903
v 24987.951237 41164.696489 63.402673
v 24987.553207 41164.696489 63.398009
v 24988.425512 41165.018272 63.408231
v 24988.349266 41164.696489 63.407338
v 24988.747295 41164.696489 63.412002
v 25055.811991 41214.696489 64.718750
v 25042.016205 41228.492276 64.449301
v 25042.016205 41211.825609 64.449301
v 25028.220418 41225.621396 64.179852
v 25028.220418 41208.954729 64.179852
v 25014.424632 41222.750516 63.910403
v 25014.424632 41206.083849 63.910403
v 25000.628845 41219.879636 63.640954
v 25055.811991 41198.029823 64.718750
v 25042.016205 41195.158943 64.449301
v 25028.220418 41192.288063 64.179852
v 25055.811991 41181.363156 64.718750
v 25042.016205 41178.492276 64.449301
v 25055.811991 41164.696489 64.718750
v 25028.900673 41228.492276 64.193138
v 25015.785141 41228.492276 63.936976
v 25002.669609 41228.492276 63.680813
v 25015.104886 41225.621396 63.923689
v 25001.989354 41225.621396 63.667527
v 25001.309099 41222.750516 63.654240
v 25039.145325 41164.696489 64.393229
v 25039.145325 41166.376294 64.393229
v 25022.478658 41166.376294 64.067708
v 25022.478658 41168.056098 64.067708
v 25005.811991 41168.056098 63.742188
v 25005.811991 41169.735902 63.742188
v 25022.478658 41164.696489 64.067708
v 25005.811991 41166.376294 63.742188
v 25005.811991 41164.696489 63.742188
v 25041.374849 41175.785562 64.436775
v 25024.708183 41177.465366 64.111254
v 25026.937707 41186.874634 64.154799
v 25010.271040 41188.554438 63.829278
v 25012.500565 41197.963706 63.872824
v 24995.833898 41199.643510 63.547303
v 24998.063423 41209.052778 63.590848
v 25008.041516 41179.145170 63.785733
v 24993.604374 41190.234243 63.503757
v 24991.374849 41180.824975 63.460212
v 25027.579063 41189.581348 64.167326
v 25013.783276 41203.377135 63.897877
v 24999.987489 41217.172921 63.628428
v 25013.141920 41200.670420 63.885350
v 24999.346134 41214.466207 63.615901
v 24998.704778 41211.759493 63.603375
v 25122.478658 41214.696489 66.736979
v 25105.811991 41214.696489 66.216146
v 25089.145325 41214.696489 65.695313
v 25072.478658 41214.696489 65.174479
v 25122.478658 41198.029823 66.671875
v 25105.811991 41198.029823 66.151042
v 25089.145325 41198.029823 65.630208
v 25122.478658 41181.363156 66.606771
v 25105.811991 41181.363156 66.085938
v 25122.478658 41164.696489 66.541667
v 25105.811991 41164.696489 66.085938
v 25089.145325 41181.363156 65.630208
v 25072.478658 41198.029823 65.174479
v 25089.145325 41164.696489 65.630208
v 25072.478658 41181.363156 65.174479
v 25072.478658 41164.696489 65.174479
v 25189.145325 41214.696489 67.518229
v 25172.478658 41214.696489 67.322917
v 25155.811991 41214.696489 67.127604
v 25139.145325 41214.696489 66.932292
v 25189.145325 41198.029823 67.453125
v 25172.478658 41198.029823 67.257813
v 25155.811991 41198.029823 67.062500
v 25189.145325 41181.363156 67.388021
v 25172.478658 41181.363156 67.192708
v 25189.145325 41164.696489 67.322917
v 25172.478658 41164.696489 67.127604
v 25155.811991 41181.363156 66.997396
v 25139.145325 41198.029823 66.867187
v 25155.811991 41164.696489 66.932292
v 25139.145325 41181.363156 66.802083
v 25122.478658 41198.029823 66.671875
v 25139.145325 41164.696489 66.736979
v 25255.811991 41214.696489 67.192708
v 25239.145325 41214.696489 67.257813
v 25222.478658 41214.696489 67.322917
v 25205.811991 41214.696489 67.388021
v 25255.811991 41198.029823 67.062500
v 25239.145325 41198.029823 67.127604
v 25222.478658 41198.029823 67.192708
v 25255.811991 41181.363156 66.932292
v 25239.145325 41181.363156 66.997396
v 25255.811991 41164.696489 66.802083
v 25239.145325 41164.696489 66.932292
v 25222.478658 41181.363156 67.127604
v 25205.811991 41198.029823 67.322917
v 25222.478658 41164.696489 67.062500
v 25205.811991 41181.363156 67.257813
v 25189.145325 41198.029823 67.453125
v 25205.811991 41164.696489 67.192708
v 25322.478658 41214.696489 65.630208
v 25305.811991 41214.696489 66.020833
v 25289.145325 41214.696489 66.411458
v 25272.478658 41214.696489 66.802083
v 25322.478658 41198.029823 65.500000
v 25305.811991 41198.029823 65.890625
v 25289.145325 41198.029823 66.281250
v 25322.478658 41181.363156 65.369792
v 25305.811991 41181.363156 65.760417
v 25322.478658 41164.696489 65.239583
v 25305.811991 41164.696489 65.630208
v 25289.145325 41181.363156 66.151042
v 25272.478658 41198.029823 66.671875
v 25289.145325 41164.696489 66.020833
v 25272.478658 41181.363156 66.541667
v 25272.478658 41164.696489 66.411458
v 25389.145325 41214.696489 63.546875
v 25372.478658 41214.696489 64.067708
v 25355.811991 41214.696489 64.588542
v 25339.145325 41214.696489 65.109375
v 25389.145325 41198.029823 63.416667
v 25372.478658 41198.029823 63.937500
v 25355.811991 41198.029823 64.458333
v 25389.145325 41181.363156 63.286458
v 25372.478658 41181.363156 63.807292
v 25389.145325 41164.696489 63.156250
v 25372.478658 41164.696489 63.677083
v 25355.811991 41181.363156 64.328125
v 25339.145325 41198.029823 64.979167
v 25339.145325 41214.696489 65.109375
v 25355.811991 41164.696489 64.197917
v 25339.145325 41181.363156 64.848958
v 25339.145325 41164.696489 64.718750
v 25426.199398 41194.309083 63.242856
v 25416.935880 41203.572601 63.351413
v 25428.394387 41203.572601 63.396173
v 25419.130869 41212.836119 63.504729
v 25430.589376 41212.836119 63.549489
v 25421.325858 41222.099638 63.658046
v 25432.784366 41222.099638 63.702806
v 25407.672361 41212.836119 63.459970
v 25409.867351 41222.099638 63.613286
v 25398.408843 41222.099638 63.568526
v 25398.408843 41172.099638 63.177901
v 25398.408843 41188.766304 63.308110
v 25407.672361 41179.502786 63.199553
v 25407.672361 41196.169453 63.329761
v 25416.935880 41186.905934 63.221204
v 25398.408843 41205.432971 63.438318
v 25397.381355 41167.763327 63.148038
v 25406.644873 41175.166475 63.169689
v 25405.617385 41170.830165 63.139825
v 25414.880903 41178.233313 63.161477
v 25413.853415 41173.897002 63.131613
v 25423.116934 41181.300151 63.153265
v 25422.089446 41176.963840 63.123401
v 25415.908392 41182.569624 63.191341
v 25424.144422 41185.636461 63.183128
v 25425.171910 41189.972772 63.212992
v 25396.654668 41164.696489 63.126917
v 25404.890698 41167.763327 63.118704
v 25404.164012 41164.696489 63.097583
v 25412.400042 41167.763327 63.089371
v 25411.673355 41164.696489 63.068250
v 25419.909385 41167.763327 63.060038
v 25419.182699 41164.696489 63.038917
v 25413.126729 41170.830165 63.110492
v 25420.636072 41170.830165 63.081159
v 25421.362759 41173.897002 63.102280
v 24989.145325 41148.029823 63.221354
v 24985.630879 41151.544269 63.221354
v 24985.630879 41134.877602 63.026042
v 24982.116433 41138.392048 63.026042
v 24982.116433 41121.725381 62.830729
v 24978.601987 41125.239827 62.830729
v 24978.601987 41108.573161 62.635417
v 24975.087541 41112.087607 62.635417
v 24989.145325 41131.363156 63.026042
v 24985.630879 41118.210935 62.830729
v 24982.116433 41105.058715 62.635417
v 24989.145325 41114.696489 62.830729
v 24985.630879 41101.544269 62.635417
v 24989.145325 41098.029823 62.635417
v 24987.539305 41159.598403 63.338103
v 24984.024859 41146.446182 63.142790
v 24985.933285 41154.500317 63.259539
v 24982.418839 41141.348096 63.064227
v 24984.327264 41149.402231 63.180975
v 24980.812819 41136.250010 62.985663
v 24982.721244 41144.304145 63.102412
v 24980.510413 41133.293962 62.947478
v 24978.904393 41128.195876 62.868914
v 24976.995967 41120.141741 62.752165
v 24987.141275 41159.598403 63.333439
v 24986.743246 41159.598403 63.328774
v 24986.345216 41159.598403 63.324110
v 24985.535255 41154.500317 63.254875
v 24985.137226 41154.500317 63.250210
v 24983.929235 41149.402231 63.176311
v 24974.254793 41108.573161 62.601454
v 24977.769239 41105.058715 62.601454
v 24973.422046 41105.058715 62.567492
v 24976.936492 41101.544269 62.567492
v 24972.589299 41101.544269 62.533529
v 24976.103745 41098.029823 62.533529
v 24971.756551 41098.029823 62.499567
v 24981.283685 41101.544269 62.601454
v 24980.450938 41098.029823 62.567492
v 24984.798131 41098.029823 62.601454
v 25055.811991 41148.029823 64.653646
v 25039.145325 41148.029823 64.328125
v 25022.478658 41148.029823 64.002604
v 25005.811991 41148.029823 63.677083
v 25055.811991 41131.363156 64.588542
v 25039.145325 41131.363156 64.263021
v 25022.478658 41131.363156 63.937500
v 25055.811991 41114.696489 64.523437
v 25039.145325 41114.696489 64.197917
v 25055.811991 41098.029823 64.458333
v 25039.145325 41098.029823 64.002604
v 25022.478658 41114.696489 63.742188
v 25005.811991 41131.363156 63.481771
v 25022.478658 41098.029823 63.546875
v 25005.811991 41114.696489 63.286458
v 25005.811991 41098.029823 63.091146
v 25122.478658 41148.029823 66.476562
v 25105.811991 41148.029823 66.020833
v 25089.145325 41148.029823 65.565104
v 25072.478658 41148.029823 65.109375
v 25122.478658 41131.363156 66.411458
v 25105.811991 41131.363156 65.955729
v 25089.145325 41131.363156 65.500000
v 25122.478658 41114.696489 66.346354
v 25105.811991 41114.696489 65.890625
v 25122.478658 41098.029823 66.281250
v 25105.811991 41098.029823 65.825521
v 25089.145325 41114.696489 65.434896
v 25072.478658 41131.363156 65.044271
v 25072.478658 41148.029823 65.109375
v 25089.145325 41098.029823 65.369792
v 25072.478658 41114.696489 64.979167
v 25072.478658 41098.029823 64.914062
v 25189.145325 41148.029823 67.192708
v 25172.478658 41148.029823 66.997396
v 25155.811991 41148.029823 66.802083
v 25139.145325 41148.029823 66.606771
v 25189.145325 41131.363156 67.062500
v 25172.478658 41131.363156 66.867187
v 25155.811991 41131.363156 66.671875
v 25189.145325 41114.696489 66.932292
v 25172.478658 41114.696489 66.736979
v 25189.145325 41098.029823 66.802083
v 25172.478658 41098.029823 66.671875
v 25155.811991 41114.696489 66.606771
v 25155.811991 41131.363156 66.671875
v 25139.145325 41131.363156 66.541667
v 25155.811991 41098.029823 66.541667
v 25139.145325 41114.696489 66.476563
v 25139.145325 41098.029823 66.411458
v 25255.811991 41148.029823 66.541667
v 25239.145325 41148.029823 66.671875
v 25222.478658 41148.029823 66.802083
v 25205.811991 41148.029823 66.932292
v 25255.811991 41131.363156 66.281250
v 25239.145325 41131.363156 66.411458
v 25222.478658 41131.363156 66.541667
v 25255.811991 41114.696489 66.020833
v 25239.145325 41114.696489 66.151042
v 25255.811991 41098.029823 65.760417
v 25239.145325 41098.029823 66.020833
v 25222.478658 41114.696489 66.411458
v 25205.811991 41131.363156 66.802083
v 25222.478658 41098.029823 66.281250
v 25205.811991 41114.696489 66.671875
v 25205.811991 41098.029823 66.541667
v 25322.478658 41148.029823 64.848958
v 25305.811991 41148.029823 65.239583
v 25289.145325 41148.029823 65.630208
v 25272.478658 41148.029823 66.020833
v 25322.478658 41131.363156 64.458333
v 25305.811991 41131.363156 64.848958
v 25289.145325 41131.363156 65.239583
v 25322.478658 41114.696489 64.067708
v 25305.811991 41114.696489 64.458333
v 25322.478658 41098.029823 63.677083
v 25305.811991 41098.029823 64.197917
v 25289.145325 41114.696489 64.979167
v 25272.478658 41131.363156 65.760417
v 25289.145325 41098.029823 64.718750
v 25272.478658 41114.696489 65.500000
v 25272.478658 41098.029823 65.239583
v 25389.145325 41148.029823 62.895833
v 25372.478658 41148.029823 63.416667
v 25355.811991 41148.029823 63.937500
v 25339.145325 41148.029823 64.458333
v 25389.145325 41131.363156 62.635417
v 25372.478658 41131.363156 63.156250
v 25355.811991 41131.363156 63.677083
v 25389.145325 41114.696489 62.375000
v 25372.478658 41114.696489 62.895833
v 25389.145325 41098.029823 62.114583
v 25372.478658 41098.029823 62.505208
v 25355.811991 41114.696489 63.286458
v 25339.145325 41131.363156 64.067708
v 25355.811991 41098.029823 62.895833
v 25339.145325 41114.696489 63.677083
v 25339.145325 41098.029823 63.286458
v 25413.428746 41140.413068 63.251107
v 25407.357891 41146.483923 63.227393
v 25414.867234 41146.483923 63.198059
v 25408.796379 41152.554779 63.174345
v 25416.305722 41152.554779 63.145012
v 25410.234867 41158.625634 63.121298
v 25417.744211 41158.625634 63.091964
v 25401.287035 41152.554779 63.203679
v 25402.725524 41158.625634 63.150631
v 25395.216180 41158.625634 63.179964
v 25395.216180 41108.625634 62.398714
v 25395.216180 41125.292301 62.659131
v 25401.287035 41119.221445 62.682845
v 25401.287035 41135.888112 62.943262
v 25407.357891 41129.817257 62.966976
v 25395.216180 41141.958967 62.919548
v 25393.545810 41101.576169 62.255942
v 25399.616666 41112.171980 62.540073
v 25397.946296 41105.122515 62.397301
v 25404.017151 41115.718326 62.681432
v 25402.346782 41108.668861 62.538659
v 25408.417637 41119.264672 62.822790
v 25406.747267 41112.215207 62.680018
v 25405.687521 41122.767791 62.824204
v 25410.088007 41126.314137 62.965563
v 25411.758376 41133.363603 63.108335
v 25392.705504 41098.029823 62.184118
v 25397.105990 41101.576169 62.325477
v 25396.265684 41098.029823 62.253653
v 25400.666169 41101.576169 62.395011
v 25399.825863 41098.029823 62.323188
v 25404.226349 41101.576169 62.464546
v 25403.386043 41098.029823 62.392722
v 25401.506475 41105.122515 62.466835
v 25405.066655 41105.122515 62.536370
v 25405.906961 41108.668861 62.608194
v 24989.145325 41081.363156 62.440104
v 24982.456698 41088.051782 62.466232
v 24982.456698 41071.385116 62.270919
v 24975.768072 41078.073742 62.297047
v 24975.768072 41061.407076 62.101734
v 24969.079445 41068.095702 62.127862
v 24969.079445 41051.429036 61.932549
v 24962.390819 41058.117662 61.958676
v 24989.145325 41064.696489 62.244792
v 24982.456698 41054.718449 62.075607
v 24975.768072 41044.740409 61.906422
v 24989.145325 41048.029823 62.049479
v 24982.456698 41038.051782 61.880294
v 24989.145325 41031.363156 61.854167
v 24983.654276 41093.200471 62.535924
v 24976.965649 41083.222430 62.366739
v 24978.163227 41088.371119 62.436431
v 24971.474601 41078.393078 62.267246
v 24972.672178 41083.541766 62.336938
v 24965.983552 41073.563726 62.167753
v 24967.181129 41078.712414 62.237446
v 24970.277023 41073.244390 62.197554
v 24964.785974 41068.415038 62.098061
v 24963.588396 41063.266350 62.028369
v 24983.703760 41093.411245 62.538780
v 24978.212711 41088.581893 62.439288
v 24978.262195 41088.792667 62.442144
v 24972.771147 41083.963315 62.342652
v 24972.820631 41084.174089 62.345508
v 24967.329582 41079.344737 62.246015
v 24967.379066 41079.555511 62.248872
v 24972.721662 41083.752541 62.339795
v 24967.280098 41079.133963 62.243159
v 24967.230614 41078.923189 62.240302
v 24979.356567 41093.411245 62.504818
v 24975.009373 41093.411245 62.470856
v 24970.662180 41093.411245 62.436893
v 24973.915002 41088.792667 62.408182
v 24969.567809 41088.792667 62.374219
v 24968.473437 41084.174089 62.311546
v 24956.167757 41031.363156 61.596529
v 25055.811991 41081.363156 64.263021
v 25039.145325 41081.363156 63.807292
v 25022.478658 41081.363156 63.351562
v 25005.811991 41081.363156 62.895833
v 25055.811991 41064.696489 64.067708
v 25039.145325 41064.696489 63.611979
v 25022.478658 41064.696489 63.156250
v 25055.811991 41048.029823 63.872396
v 25039.145325 41048.029823 63.416667
v 25055.811991 41031.363156 63.677083
v 25039.145325 41031.363156 63.221354
v 25022.478658 41048.029823 62.960938
v 25005.811991 41064.696489 62.700521
v 25022.478658 41031.363156 62.765625
v 25005.811991 41048.029823 62.505208
v 25005.811991 41031.363156 62.309896
v 25122.478658 41081.363156 66.085938
v 25105.811991 41081.363156 65.630208
v 25089.145325 41081.363156 65.174479
v 25072.478658 41081.363156 64.718750
v 25122.478658 41064.696489 65.890625
v 25105.811991 41064.696489 65.434896
v 25089.145325 41064.696489 64.979167
v 25122.478658 41048.029823 65.695313
v 25105.811991 41048.029823 65.239583
v 25122.478658 41031.363156 65.500000
v 25105.811991 41031.363156 65.044271
v 25089.145325 41048.029823 64.783854
v 25072.478658 41064.696489 64.523437
v 25089.145325 41031.363156 64.588542
v 25072.478658 41048.029823 64.328125
v 25072.478658 41031.363156 64.132812
v 25189.145325 41081.363156 66.476562
v 25172.478658 41098.029823 66.671875
v 25172.478658 41081.363156 66.346354
v 25155.811991 41081.363156 66.216146
v 25139.145325 41081.363156 66.085938
v 25189.145325 41064.696489 66.151042
v 25172.478658 41064.696489 66.020833
v 25155.811991 41064.696489 65.890625
v 25189.145325 41048.029823 65.825521
v 25172.478658 41048.029823 65.695312
v 25189.145325 41031.363156 65.500000
v 25172.478658 41031.363156 65.500000
v 25155.811991 41048.029823 65.695312
v 25139.145325 41064.696489 65.890625
v 25155.811991 41031.363156 65.500000
v 25139.145325 41048.029823 65.695312
v 25122.478658 41064.696489 65.890625
v 25139.145325 41031.363156 65.500000
v 25255.811991 41081.363156 65.369792
v 25239.145325 41081.363156 65.630208
v 25222.478658 41081.363156 65.890625
v 25205.811991 41081.363156 66.151042
v 25255.811991 41064.696489 64.979167
v 25239.145325 41064.696489 65.239583
v 25222.478658 41064.696489 65.500000
v 25255.811991 41048.029823 64.588542
v 25239.145325 41048.029823 64.848958
v 25255.811991 41031.363156 64.197917
v 25239.145325 41031.363156 64.523438
v 25222.478658 41048.029823 65.174479
v 25205.811991 41064.696489 65.825521
v 25222.478658 41031.363156 64.848958
v 25205.811991 41048.029823 65.500000
v 25205.811991 41031.363156 65.174479
v 25322.478658 41081.363156 63.351562
v 25305.811991 41081.363156 63.872396
v 25289.145325 41081.363156 64.393229
v 25272.478658 41081.363156 64.914062
v 25322.478658 41064.696489 63.026042
v 25305.811991 41064.696489 63.546875
v 25289.145325 41064.696489 64.067708
v 25322.478658 41048.029823 62.700521
v 25305.811991 41048.029823 63.221354
v 25322.478658 41031.363156 62.375000
v 25305.811991 41031.363156 62.830729
v 25289.145325 41048.029823 63.677083
v 25272.478658 41064.696489 64.523438
v 25289.145325 41031.363156 63.286458
v 25272.478658 41048.029823 64.132812
v 25272.478658 41031.363156 63.742188
v 25339.145325 41083.004788 63.110384
v 25355.811991 41083.004788 62.719759
v 25355.811991 41067.979754 62.543684
v 25372.478658 41067.979754 62.153059
v 25372.478658 41052.954719 61.976984
v 25389.145325 41052.954719 61.586359
v 25389.145325 41037.929685 61.410285
v 25372.478658 41083.004788 62.329134
v 25389.145325 41067.979754 61.762434
v 25389.145325 41083.004788 61.938509
v 25338.830854 41081.677627 63.102201
v 25355.497521 41066.652592 62.535502
v 25355.183050 41065.325431 62.527320
v 25371.849717 41050.300396 61.960620
v 25371.535246 41048.973235 61.952438
v 25388.201913 41033.948200 61.385738
v 25387.887442 41032.621039 61.377556
v 25372.164187 41051.627558 61.968802
v 25388.516383 41035.275362 61.393920
v 25388.830854 41036.602523 61.402103
v 25338.830854 41031.677627 62.125639
v 25338.830854 41048.344293 62.451160
v 25355.183050 41031.992097 61.876278
v 25355.183050 41048.658764 62.201799
v 25371.535246 41032.306568 61.626917
v 25338.830854 41065.010960 62.776681
v 25387.589387 41031.363156 61.357645
v 25400.658094 41086.517053 62.474357
v 25397.779902 41089.395246 62.384414
v 25401.340081 41089.395246 62.453949
v 25398.461889 41092.273438 62.364005
v 25402.022068 41092.273438 62.433540
v 25399.143876 41095.151630 62.343596
v 25402.704056 41095.151630 62.413131
v 25394.901709 41092.273438 62.294470
v 25395.583697 41095.151630 62.274062
v 25392.023517 41095.151630 62.204527
v 25392.023517 41050.076527 61.676303
v 25392.023517 41065.101561 61.852378
v 25394.901709 41062.223369 61.942321
v 25394.901709 41077.248404 62.118396
v 25397.779902 41074.370211 62.208339
v 25392.023517 41080.126596 62.028452
v 24989.145325 40964.696489 61.333333
v 24950.052936 41003.788878 61.333333
v 24952.107852 41013.908600 61.428448
v 24943.213012 40964.696489 60.795064
v 24949.751346 41002.303652 61.312394
v 25055.811991 40964.696489 63.156250
v 25122.478658 40964.696489 64.458333
v 25189.145325 40964.696489 64.197917
v 25255.811991 40964.696489 63.156250
v 25322.478658 40964.696489 61.593750
v 25376.162748 40983.139284 61.347812
v 25375.132373 40978.709441 61.346607
v 25371.872979 40964.696489 61.207857
vt 136.612393 -246.823482
vt 136.612393 -246.740149
vt 136.574806 -246.777737
vt 136.574806 -246.694404
vt 136.537218 -246.731991
vt 136.537218 -246.648658
vt 136.499630 -246.686246
vt 136.499630 -246.602912
vt 136.462042 -246.640500
vt 136.612393 -246.656816
vt 136.574806 -246.611070
vt 136.537218 -246.565325
vt 136.612393 -246.573482
vt 136.574806 -246.527737
vt 136.612393 -246.490149
vt 136.593139 -246.823482
vt 136.555551 -246.777737
vt 136.573884 -246.823482
vt 136.536297 -246.777737
vt 136.554630 -246.823482
vt 136.517042 -246.777737
vt 136.535376 -246.823482
vt 136.517963 -246.731991
vt 136.498709 -246.731991
vt 136.480376 -246.686246
vt 136.401787 -246.490149
vt 136.945727 -246.823482
vt 136.945727 -246.740149
vt 136.862393 -246.823482
vt 136.862393 -246.740149
vt 136.779060 -246.823482
vt 136.779060 -246.740149
vt 136.695727 -246.823482
vt 136.695727 -246.740149
vt 136.945727 -246.656816
vt 136.862393 -246.656816
vt 136.779060 -246.656816
vt 136.945727 -246.573482
vt 136.862393 -246.573482
vt 136.945727 -246.490149
vt 136.862393 -246.490149
vt 136.779060 -246.573482
vt 136.695727 -246.656816
vt 136.779060 -246.490149
vt 136.695727 -246.573482
vt 136.695727 -246.490149
vt 137.279060 -246.823482
vt 137.279060 -246.740149
vt 137.195727 -246.823482
vt 137.195727 -246.740149
vt 137.112393 -246.823482
vt 137.112393 -246.740149
vt 137.029060 -246.823482
vt 137.029060 -246.740149
vt 137.279060 -246.656816
vt 137.195727 -246.656816
vt 137.112393 -246.656816
vt 137.279060 -246.573482
vt 137.195727 -246.573482
vt 137.279060 -246.490149
vt 137.195727 -246.490149
vt 137.112393 -246.573482
vt 137.029060 -246.656816
vt 137.112393 -246.490149
vt 137.029060 -246.573482
vt 137.029060 -246.490149
vt 137.612393 -246.823482
vt 137.612393 -246.740149
vt 137.529060 -246.823482
vt 137.529060 -246.740149
vt 137.445727 -246.823482
vt 137.445727 -246.740149
vt 137.362393 -246.823482
vt 137.362393 -246.740149
vt 137.612393 -246.656816
vt 137.529060 -246.656816
vt 137.445727 -246.656816
vt 137.612393 -246.573482
vt 137.529060 -246.573482
vt 137.612393 -246.490149
vt 137.529060 -246.490149
vt 137.445727 -246.573482
vt 137.362393 -246.656816
vt 137.445727 -246.490149
vt 137.362393 -246.573482
vt 137.362393 -246.490149
vt 137.945727 -246.823482
vt 137.945727 -246.740149
vt 137.862393 -246.823482
vt 137.862393 -246.740149
vt 137.779060 -246.823482
vt 137.779060 -246.740149
vt 137.695727 -246.823482
vt 137.695727 -246.740149
vt 137.945727 -246.656816
vt 137.862393 -246.656816
vt 137.779060 -246.656816
vt 137.945727 -246.573482
vt 137.862393 -246.573482
vt 137.945727 -246.490149
vt 137.862393 -246.490149
vt 137.779060 -246.573482
vt 137.695727 -246.656816
vt 137.779060 -246.490149
vt 137.695727 -246.573482
vt 137.695727 -246.490149
vt 138.279060 -246.823482
vt 138.279060 -246.740149
vt 138.195727 -246.823482
vt 138.195727 -246.740149
vt 138.112393 -246.823482
vt 138.112393 -246.740149
vt 138.029060 -246.823482
vt 138.029060 -246.740149
vt 138.279060 -246.656816
vt 138.195727 -246.656816
vt 138.112393 -246.656816
vt 138.279060 -246.573482
vt 138.195727 -246.573482
vt 138.279060 -246.490149
vt 138.195727 -246.490149
vt 138.112393 -246.573482
vt 138.029060 -246.656816
vt 138.112393 -246.490149
vt 138.029060 -246.573482
vt 138.029060 -246.490149
vt 137.945727 -246.573482
vt 138.612393 -246.823482
vt 138.612393 -246.740149
vt 138.529060 -246.823482
vt 138.529060 -246.740149
vt 138.445727 -246.823482
vt 138.445727 -246.740149
vt 138.362393 -246.823482
vt 138.362393 -246.740149
vt 138.612393 -246.656816
vt 138.529060 -246.656816
vt 138.445727 -246.656816
vt 138.612393 -246.573482
vt 138.529060 -246.573482
vt 138.612393 -246.490149
vt 138.529060 -246.490149
vt 138.445727 -246.573482
vt 138.362393 -246.656816
vt 138.445727 -246.490149
vt 138.362393 -246.573482
vt 138.279060 -246.656816
vt 138.362393 -246.490149
vt 138.744713 -246.691162
vt 138.711633 -246.724242
vt 138.757971 -246.724242
vt 138.724891 -246.757322
vt 138.771228 -246.757322
vt 138.738148 -246.790402
vt 138.784486 -246.790402
vt 138.751406 -246.823482
vt 138.797743 -246.823482
vt 138.678553 -246.757322
vt 138.691811 -246.790402
vt 138.705068 -246.823482
vt 138.645473 -246.790402
vt 138.658731 -246.823482
vt 138.645473 -246.540402
vt 138.645473 -246.623736
vt 138.678553 -246.590656
vt 138.678553 -246.673989
vt 138.711633 -246.640909
vt 138.645473 -246.707069
vt 138.664154 -246.490149
vt 136.279060 -246.183919
vt 136.279060 -246.156816
vt 136.271306 -246.164570
vt 136.268198 -246.156816
vt 136.612393 -246.156816
vt 136.366674 -246.402535
vt 136.306699 -246.252885
vt 136.945727 -246.156816
vt 137.279060 -246.156816
vt 137.612393 -246.156816
vt 137.945727 -246.156816
vt 138.279060 -246.156816
vt 138.612393 -246.360994
vt 138.553977 -246.215232
vt 138.530565 -246.156816
vt 138.649345 -246.453197
vt 138.626842 -246.397048
vt 136.279060 -245.823482
vt 136.175937 -245.926605
vt 136.183080 -245.944429
vt 136.134609 -245.823482
vt 136.612393 -245.823482
vt 136.945727 -245.823482
vt 137.279060 -245.823482
vt 137.612393 -245.823482
vt 137.945727 -245.823482
vt 138.279060 -245.823482
vt 138.458608 -245.977267
vt 138.396977 -245.823482
vt 136.279060 -245.490149
vt 136.080569 -245.688640
vt 136.001020 -245.490149
vt 136.059461 -245.635972
vt 136.612393 -245.490149
vt 136.945727 -245.490149
vt 137.279060 -245.490149
vt 137.612393 -245.490149
vt 137.945727 -245.490149
vt 138.279060 -245.529255
vt 138.267872 -245.501337
vt 138.263388 -245.490149
vt 138.379604 -245.780134
vt 138.363240 -245.739302
vt 135.945727 -245.352179
vt 135.945727 -245.156816
vt 135.889832 -245.212710
vt 135.867432 -245.156816
vt 136.279060 -245.156816
vt 135.985201 -245.450675
vt 136.612393 -245.156816
vt 136.945727 -245.156816
vt 137.279060 -245.156816
vt 137.612393 -245.156816
vt 137.945727 -245.156816
vt 138.172503 -245.263372
vt 138.132366 -245.163221
vt 138.129799 -245.156816
vt 135.945727 -244.823482
vt 135.794464 -244.974745
vt 135.812223 -245.019058
vt 135.733843 -244.823482
vt 136.279060 -244.823482
vt 136.612393 -244.823482
vt 136.945727 -244.823482
vt 137.279060 -244.823482
vt 137.612393 -244.823482
vt 137.945727 -244.823482
vt 138.077135 -245.025407
vt 138.008747 -244.854764
vt 137.996210 -244.823482
vt 135.612393 -244.520439
vt 135.612393 -244.490149
vt 135.603727 -244.498815
vt 135.600254 -244.490149
vt 135.945727 -244.490149
vt 135.699095 -244.736780
vt 135.688604 -244.710601
vt 136.279060 -244.490149
vt 136.612393 -244.490149
vt 136.945727 -244.490149
vt 137.279060 -244.490149
vt 137.612393 -244.490149
vt 137.945727 -244.697515
vt 137.886398 -244.549478
vt 137.885128 -244.546307
vt 137.862621 -244.490149
vt 137.981767 -244.787442
vt 135.612393 -244.156816
vt 135.508359 -244.260850
vt 135.564985 -244.402144
vt 135.466665 -244.156816
vt 135.945727 -244.156816
vt 136.279060 -244.156816
vt 136.612393 -244.156816
vt 136.945727 -244.156816
vt 137.279060 -244.156816
vt 137.612393 -244.156816
vt 137.791030 -244.311513
vt 137.761508 -244.237850
vt 137.729033 -244.156816
vt 135.612393 -243.823482
vt 135.412990 -244.022885
vt 135.441366 -244.093688
vt 135.333076 -243.823482
vt 135.945727 -243.823482
vt 136.279060 -243.823482
vt 136.612393 -243.823482
vt 136.945727 -243.823482
vt 137.279060 -243.823482
vt 137.612393 -243.865775
vt 137.600293 -243.835583
vt 137.595444 -243.823482
vt 137.695662 -244.073548
vt 135.279060 -243.688700
vt 135.279060 -243.490149
vt 135.222254 -243.546955
vt 135.199488 -243.490149
vt 135.612393 -243.490149
vt 135.317622 -243.784920
vt 135.317746 -243.785231
vt 135.945727 -243.490149
vt 136.279060 -243.490149
vt 136.612393 -243.490149
vt 136.945727 -243.490149
vt 137.279060 -243.490149
vt 137.514270 -243.620936
vt 137.504925 -243.597618
vt 137.461855 -243.490149
vt 135.279060 -243.156816
vt 135.126885 -243.308990
vt 135.194127 -243.476774
vt 135.065899 -243.156816
vt 135.612393 -243.156816
vt 135.945727 -243.156816
vt 136.279060 -243.156816
vt 136.612393 -243.156816
vt 136.945727 -243.156816
vt 137.279060 -243.156816
vt 137.409556 -243.359653
vt 137.390651 -243.312480
vt 137.328266 -243.156816
vt 134.945727 -242.856960
vt 134.945727 -242.823482
vt 134.936149 -242.833061
vt 134.932310 -242.823482
vt 135.279060 -242.823482
vt 135.031517 -243.071025
vt 134.946889 -242.859860
vt 135.612393 -242.823482
vt 135.945727 -242.823482
vt 136.279060 -242.823482
vt 136.612393 -242.823482
vt 136.945727 -242.823482
vt 137.279060 -243.034035
vt 137.267032 -243.004023
vt 137.218820 -242.883723
vt 137.194677 -242.823482
vt 137.314188 -243.121688
vt 134.945727 -242.490149
vt 134.840780 -242.595096
vt 134.798721 -242.490149
vt 134.823270 -242.551403
vt 135.279060 -242.490149
vt 135.612393 -242.490149
vt 135.945727 -242.490149
vt 136.279060 -242.490149
vt 136.612393 -242.490149
vt 136.945727 -242.490149
vt 137.123451 -242.645758
vt 137.061089 -242.490149
vt 134.945727 -242.156816
vt 134.745412 -242.357131
vt 134.665132 -242.156816
vt 135.279060 -242.156816
vt 135.612393 -242.156816
vt 135.945727 -242.156816
vt 136.279060 -242.156816
vt 136.612393 -242.156816
vt 136.945727 -242.202296
vt 136.932715 -242.169828
vt 136.927500 -242.156816
vt 137.028083 -242.407793
vt 134.612393 -241.823482
vt 134.554675 -241.881201
vt 134.576032 -241.934490
vt 134.612393 -242.025220
vt 134.531544 -241.823482
vt 134.945727 -241.823482
vt 134.650043 -242.119166
vt 135.279060 -241.823482
vt 135.612393 -241.823482
vt 135.945727 -241.823482
vt 136.279060 -241.823482
vt 136.612393 -241.823482
vt 136.896174 -242.078652
vt 136.837346 -241.931863
vt 136.793911 -241.823482
vt 134.612393 -241.490149
vt 134.459307 -241.643236
vt 134.397955 -241.490149
vt 134.945727 -241.490149
vt 135.279060 -241.490149
vt 135.612393 -241.490149
vt 135.945727 -241.490149
vt 136.279060 -241.490149
vt 136.612393 -241.490149
vt 136.741978 -241.693898
vt 136.660322 -241.490149
vt 134.279060 -241.193480
vt 134.279060 -241.156816
vt 134.268570 -241.167306
vt 134.264366 -241.156816
vt 134.612393 -241.156816
vt 134.363938 -241.405271
vt 134.328793 -241.317576
vt 134.945727 -241.156816
vt 135.279060 -241.156816
vt 135.612393 -241.156816
vt 135.945727 -241.156816
vt 136.279060 -241.156816
vt 136.612393 -241.370556
vt 136.551241 -241.217968
vt 136.526733 -241.156816
vt 136.648936 -241.461739
vt 136.646610 -241.455933
vt 134.279060 -240.823482
vt 134.173202 -240.929341
vt 134.205174 -241.009119
vt 134.130777 -240.823482
vt 134.612393 -240.823482
vt 134.945727 -240.823482
vt 135.279060 -240.823482
vt 135.612393 -240.823482
vt 135.945727 -240.823482
vt 136.279060 -240.823482
vt 136.455873 -240.980003
vt 136.401698 -240.844825
vt 136.393145 -240.823482
vt 134.279060 -240.490149
vt 134.077833 -240.691376
vt 134.081555 -240.700662
vt 133.997188 -240.490149
vt 134.612393 -240.490149
vt 134.945727 -240.490149
vt 135.279060 -240.490149
vt 135.612393 -240.490149
vt 135.945727 -240.490149
vt 136.279060 -240.538816
vt 136.278079 -240.536368
vt 136.265136 -240.504073
vt 136.259556 -240.490149
vt 136.360504 -240.742038
vt 133.945727 -240.361741
vt 133.945727 -240.156816
vt 133.887097 -240.215446
vt 133.863600 -240.156816
vt 134.279060 -240.156816
vt 133.982465 -240.453411
vt 133.957936 -240.392206
vt 134.612393 -240.156816
vt 134.945727 -240.156816
vt 135.279060 -240.156816
vt 135.612393 -240.156816
vt 135.945727 -240.156816
vt 136.169768 -240.266108
vt 136.154460 -240.227911
vt 136.125967 -240.156816
vt 133.945727 -239.823482
vt 133.791728 -239.977481
vt 133.834317 -240.083749
vt 133.730011 -239.823482
vt 134.279060 -239.823482
vt 134.612393 -239.823482
vt 134.945727 -239.823482
vt 135.279060 -239.823482
vt 135.612393 -239.823482
vt 135.945727 -239.823482
vt 136.074399 -240.028143
vt 136.030841 -239.919454
vt 135.992378 -239.823482
vt 133.612393 -239.530001
vt 133.612393 -239.490149
vt 133.600991 -239.501551
vt 133.596422 -239.490149
vt 133.945727 -239.490149
vt 133.696360 -239.739516
vt 133.710698 -239.775292
vt 134.279060 -239.490149
vt 134.612393 -239.490149
vt 134.945727 -239.490149
vt 135.279060 -239.490149
vt 135.612393 -239.490149
vt 135.945727 -239.707076
vt 135.907221 -239.610997
vt 135.883663 -239.552213
vt 135.858789 -239.490149
vt 135.979031 -239.790178
vt 133.612393 -239.156816
vt 133.505623 -239.263586
vt 133.587079 -239.466835
vt 133.462833 -239.156816
vt 133.463459 -239.158378
vt 133.945727 -239.156816
vt 134.279060 -239.156816
vt 134.612393 -239.156816
vt 134.945727 -239.156816
vt 135.279060 -239.156816
vt 135.612393 -239.156816
vt 135.788294 -239.314248
vt 135.783602 -239.302541
vt 135.725201 -239.156816
vt 133.612393 -238.823482
vt 133.410255 -239.025621
vt 133.329244 -238.823482
vt 133.339840 -238.849921
vt 133.945727 -238.823482
vt 134.279060 -238.823482
vt 134.612393 -238.823482
vt 134.945727 -238.823482
vt 135.279060 -238.823482
vt 135.612393 -238.875337
vt 135.597558 -238.838318
vt 135.591612 -238.823482
vt 135.692926 -239.076283
vt 133.279060 -238.698261
vt 133.279060 -238.490149
vt 133.219518 -238.549691
vt 133.195656 -238.490149
vt 133.612393 -238.490149
vt 133.314886 -238.787656
vt 133.945727 -238.490149
vt 134.279060 -238.490149
vt 134.612393 -238.490149
vt 134.945727 -238.490149
vt 135.279060 -238.490149
vt 135.536364 -238.685627
vt 135.502189 -238.600353
vt 135.458023 -238.490149
vt 133.279060 -238.156816
vt 133.124150 -238.311726
vt 133.062067 -238.156816
vt 133.092602 -238.233008
vt 133.612393 -238.156816
vt 133.945727 -238.156816
vt 134.279060 -238.156816
vt 134.612393 -238.156816
vt 134.945727 -238.156816
vt 135.279060 -238.156816
vt 135.406821 -238.362388
vt 135.324434 -238.156816
vt 132.945727 -237.866135
vt 132.945727 -237.823482
vt 132.933582 -237.835627
vt 132.928748 -237.823482
vt 133.279060 -237.823482
vt 133.028781 -238.073761
vt 132.968075 -237.922279
vt 132.968983 -237.924551
vt 133.612393 -237.823482
vt 133.945727 -237.823482
vt 134.279060 -237.823482
vt 134.612393 -237.823482
vt 134.945727 -237.823482
vt 135.279060 -238.043597
vt 135.216084 -237.886458
vt 135.190845 -237.823482
vt 135.311452 -238.124423
vt 132.945727 -237.490149
vt 132.839151 -237.596724
vt 132.845185 -237.613560
vt 132.803076 -237.490149
vt 132.820608 -237.544985
vt 133.279060 -237.490149
vt 133.612393 -237.490149
vt 133.945727 -237.490149
vt 134.279060 -237.490149
vt 134.612393 -237.490149
vt 134.945727 -237.490149
vt 135.165507 -237.760256
vt 135.120716 -237.648493
vt 135.057257 -237.490149
vt 132.945727 -237.156816
vt 132.756881 -237.345662
vt 132.696504 -237.156816
vt 132.719410 -237.228463
vt 133.279060 -237.156816
vt 133.612393 -237.156816
vt 133.945727 -237.156816
vt 134.279060 -237.156816
vt 134.612393 -237.156816
vt 134.945727 -237.211857
vt 134.929979 -237.172563
vt 134.923668 -237.156816
vt 135.025347 -237.410528
vt 132.612393 -236.893738
vt 132.612393 -236.823482
vt 132.595373 -236.840503
vt 132.589931 -236.823482
vt 132.945727 -236.823482
vt 132.676127 -237.093082
vt 132.618213 -236.911941
vt 133.279060 -236.823482
vt 133.612393 -236.823482
vt 133.945727 -236.823482
vt 134.279060 -236.823482
vt 134.612393 -236.823482
vt 134.918723 -237.144478
vt 134.835016 -236.934193
vt 134.809764 -236.870756
vt 134.794650 -236.823482
vt 132.612393 -236.490149
vt 132.514619 -236.587923
vt 132.517015 -236.595418
vt 132.483359 -236.490149
vt 132.945727 -236.490149
vt 133.279060 -236.490149
vt 133.612393 -236.490149
vt 133.945727 -236.490149
vt 134.279060 -236.490149
vt 134.612393 -236.490149
vt 134.750496 -236.685379
vt 134.719666 -236.588948
vt 134.688078 -236.490149
vt 132.612393 -236.156816
vt 132.433865 -236.335344
vt 132.376787 -236.156816
vt 132.945727 -236.156816
vt 133.279060 -236.156816
vt 133.612393 -236.156816
vt 133.945727 -236.156816
vt 134.279060 -236.156816
vt 134.612393 -236.253425
vt 134.588989 -236.180221
vt 134.581506 -236.156816
vt 134.669742 -236.432800
vt 134.618468 -236.272426
vt 132.279060 -235.851149
vt 132.279060 -235.823482
vt 132.272357 -235.830185
vt 132.270215 -235.823482
vt 132.612393 -235.823482
vt 132.353111 -236.082764
vt 132.314620 -235.962374
vt 132.945727 -235.823482
vt 133.279060 -235.823482
vt 133.612393 -235.823482
vt 133.945727 -235.823482
vt 134.279060 -235.823482
vt 134.508235 -235.927641
vt 134.474933 -235.823482
vt 132.279060 -235.490149
vt 132.191604 -235.577605
vt 132.213423 -235.645851
vt 132.163642 -235.490149
vt 132.612393 -235.490149
vt 132.945727 -235.490149
vt 133.279060 -235.490149
vt 133.612393 -235.490149
vt 133.945727 -235.490149
vt 134.279060 -235.490149
vt 134.427481 -235.675062
vt 134.416073 -235.639381
vt 134.368361 -235.490149
vt 132.279060 -235.156816
vt 132.110873 -235.325003
vt 132.112226 -235.329329
vt 132.059404 -235.156816
vt 132.108216 -235.316505
vt 132.612393 -235.156816
vt 132.945727 -235.156816
vt 133.279060 -235.156816
vt 133.612393 -235.156816
vt 133.945727 -235.156816
vt 134.279060 -235.210836
vt 134.265973 -235.169903
vt 134.261789 -235.156816
vt 134.346727 -235.422482
vt 134.314876 -235.322859
vt 132.279060 -234.823482
vt 132.032791 -235.069752
vt 131.966345 -234.823482
vt 131.995589 -234.942478
vt 132.011112 -234.998829
vt 132.612393 -234.823482
vt 132.945727 -234.823482
vt 133.279060 -234.823482
vt 133.612393 -234.823482
vt 133.945727 -234.823482
vt 134.185219 -234.917323
vt 134.155217 -234.823482
vt 131.945727 -234.490149
vt 131.896201 -234.539675
vt 131.916855 -234.622099
vt 131.945727 -234.739582
vt 131.883790 -234.490149
vt 132.279060 -234.490149
vt 131.962278 -234.806931
vt 132.612393 -234.490149
vt 132.945727 -234.490149
vt 133.279060 -234.490149
vt 133.612393 -234.490149
vt 133.945727 -234.490149
vt 134.114527 -234.696213
vt 134.104804 -234.664405
vt 134.051539 -234.490149
vt 131.945727 -234.156816
vt 131.829408 -234.273134
vt 131.836662 -234.302080
vt 131.800260 -234.156816
vt 132.279060 -234.156816
vt 132.612393 -234.156816
vt 132.945727 -234.156816
vt 133.279060 -234.156816
vt 133.612393 -234.156816
vt 133.945727 -234.156816
vt 134.027933 -234.412922
vt 134.026951 -234.408925
vt 133.964995 -234.156816
vt 131.945727 -233.823482
vt 131.762616 -234.006593
vt 131.716731 -233.823482
vt 132.279060 -233.823482
vt 132.612393 -233.823482
vt 132.945727 -233.823482
vt 133.279060 -233.823482
vt 133.612393 -233.823482
vt 133.945727 -234.079141
vt 133.894499 -233.874710
vt 133.881661 -233.823482
vt 133.961194 -234.141348
vt 133.955606 -234.118610
vt 133.954453 -234.113966
vt 131.945727 -233.490149
vt 131.695824 -233.740052
vt 131.633201 -233.490149
vt 131.675112 -233.657401
vt 132.279060 -233.490149
vt 132.612393 -233.490149
vt 132.945727 -233.490149
vt 133.279060 -233.490149
vt 133.612393 -233.490149
vt 133.827706 -233.608169
vt 133.798132 -233.490149
vt 131.612393 -233.407114
vt 131.612393 -233.156816
vt 131.562239 -233.206970
vt 131.549671 -233.156816
vt 131.945727 -233.156816
vt 131.629032 -233.473511
vt 132.279060 -233.156816
vt 132.612393 -233.156816
vt 132.945727 -233.156816
vt 133.279060 -233.156816
vt 133.612393 -233.156816
vt 133.792904 -233.469287
vt 133.760914 -233.341628
vt 133.714602 -233.156816
vt 131.612393 -232.823482
vt 131.495447 -232.940429
vt 131.513563 -233.012722
vt 131.466142 -232.823482
vt 131.945727 -232.823482
vt 132.279060 -232.823482
vt 132.612393 -232.823482
vt 132.945727 -232.823482
vt 133.279060 -232.823482
vt 133.612393 -232.823482
vt 133.712129 -233.146947
vt 133.694122 -233.075087
vt 133.631354 -232.824608
vt 133.631072 -232.823482
vt 131.612393 -232.490149
vt 131.428655 -232.673888
vt 131.432788 -232.690383
vt 131.382612 -232.490149
vt 131.945727 -232.490149
vt 132.279060 -232.490149
vt 132.612393 -232.490149
vt 132.945727 -232.490149
vt 133.279060 -232.490149
vt 133.612393 -232.748942
vt 133.560537 -232.542005
vt 133.550580 -232.502268
vt 133.547543 -232.490149
vt 133.627330 -232.808546
vt 131.612393 -232.156816
vt 131.361862 -232.407347
vt 131.299082 -232.156816
vt 131.945727 -232.156816
vt 132.279060 -232.156816
vt 132.612393 -232.156816
vt 132.945727 -232.156816
vt 133.279060 -232.156816
vt 133.493745 -232.275464
vt 133.469805 -232.179929
vt 133.464013 -232.156816
vt 131.279060 -231.823482
vt 131.228278 -231.874265
vt 131.271239 -232.045704
vt 131.279060 -232.076915
vt 131.215552 -231.823482
vt 131.612393 -231.823482
vt 131.295070 -232.140806
vt 131.945727 -231.823482
vt 132.279060 -231.823482
vt 132.612393 -231.823482
vt 132.945727 -231.823482
vt 133.279060 -231.823482
vt 133.426953 -232.008923
vt 133.389030 -231.857589
vt 133.380483 -231.823482
vt 131.279060 -231.490149
vt 131.161486 -231.607723
vt 131.190464 -231.723364
vt 131.132023 -231.490149
vt 131.612393 -231.490149
vt 131.945727 -231.490149
vt 132.279060 -231.490149
vt 132.612393 -231.490149
vt 132.945727 -231.490149
vt 133.279060 -231.490149
vt 133.360160 -231.742382
vt 133.308255 -231.535250
vt 133.296954 -231.490149
vt 131.279060 -231.156816
vt 131.094693 -231.341182
vt 131.109689 -231.401025
vt 131.048493 -231.156816
vt 131.612393 -231.156816
vt 131.945727 -231.156816
vt 132.279060 -231.156816
vt 132.612393 -231.156816
vt 132.945727 -231.156816
vt 133.279060 -231.418743
vt 133.227481 -231.212910
vt 133.226576 -231.209300
vt 133.213424 -231.156816
vt 133.293368 -231.475841
vt 131.279060 -230.823482
vt 131.027901 -231.074641
vt 131.028914 -231.078685
vt 130.964963 -230.823482
vt 131.612393 -230.823482
vt 131.945727 -230.823482
vt 132.279060 -230.823482
vt 132.612393 -230.823482
vt 132.945727 -230.823482
vt 133.159784 -230.942759
vt 133.146706 -230.890571
vt 133.129894 -230.823482
vt 130.945727 -230.746716
vt 130.945727 -230.490149
vt 130.894316 -230.541559
vt 130.881434 -230.490149
vt 131.279060 -230.490149
vt 130.961109 -230.808100
vt 130.948140 -230.756346
vt 131.612393 -230.490149
vt 131.945727 -230.490149
vt 132.279060 -230.490149
vt 132.612393 -230.490149
vt 132.945727 -230.490149
vt 133.092991 -230.676218
vt 133.065931 -230.568231
vt 133.046364 -230.490149
vt 130.945727 -230.156816
vt 130.827524 -230.275018
vt 130.867365 -230.434006
vt 130.797904 -230.156816
vt 131.279060 -230.156816
vt 131.612393 -230.156816
vt 131.945727 -230.156816
vt 132.279060 -230.156816
vt 132.612393 -230.156816
vt 132.945727 -230.156816
vt 133.026199 -230.409677
vt 132.985156 -230.245892
vt 132.962835 -230.156816
vt 130.945727 -229.823482
vt 130.760732 -230.008477
vt 130.786590 -230.111667
vt 130.714374 -229.823482
vt 131.279060 -229.823482
vt 131.612393 -229.823482
vt 131.945727 -229.823482
vt 132.279060 -229.823482
vt 132.612393 -229.823482
vt 132.945727 -230.088544
vt 132.904381 -229.923552
vt 132.892614 -229.876595
vt 132.879305 -229.823482
vt 132.959407 -230.143136
vt 130.945727 -229.490149
vt 130.693940 -229.741936
vt 130.705815 -229.789327
vt 130.630845 -229.490149
vt 131.279060 -229.490149
vt 131.612393 -229.490149
vt 131.945727 -229.490149
vt 132.279060 -229.490149
vt 132.612393 -229.490149
vt 132.825822 -229.610054
vt 132.823607 -229.601213
vt 132.795775 -229.490149
vt 130.612393 -229.416518
vt 130.612393 -229.156816
vt 130.560355 -229.208854
vt 130.547315 -229.156816
vt 130.945727 -229.156816
vt 130.627147 -229.475395
vt 130.625041 -229.466988
vt 131.279060 -229.156816
vt 131.612393 -229.156816
vt 131.945727 -229.156816
vt 132.279060 -229.156816
vt 132.612393 -229.156816
vt 132.759030 -229.343513
vt 132.742832 -229.278873
vt 132.712246 -229.156816
vt 130.612393 -228.823482
vt 130.493563 -228.942313
vt 130.544266 -229.144648
vt 130.463785 -228.823482
vt 130.945727 -228.823482
vt 131.279060 -228.823482
vt 131.612393 -228.823482
vt 131.945727 -228.823482
vt 132.279060 -228.823482
vt 132.612393 -228.823482
vt 132.692238 -229.076971
vt 132.662057 -228.956534
vt 132.628716 -228.823482
vt 130.612393 -228.490149
vt 130.426771 -228.675772
vt 130.463491 -228.822309
vt 130.380255 -228.490149
vt 130.382716 -228.499969
vt 130.945727 -228.490149
vt 131.279060 -228.490149
vt 131.612393 -228.490149
vt 131.945727 -228.490149
vt 132.279060 -228.490149
vt 132.612393 -228.758345
vt 132.581282 -228.634194
vt 132.558653 -228.543889
vt 132.545186 -228.490149
vt 132.625445 -228.810430
vt 130.612393 -228.156816
vt 130.359978 -228.409231
vt 130.296726 -228.156816
vt 130.301942 -228.177630
vt 130.945727 -228.156816
vt 131.279060 -228.156816
vt 131.612393 -228.156816
vt 131.945727 -228.156816
vt 132.279060 -228.156816
vt 132.491861 -228.277348
vt 132.461657 -228.156816
vt 130.279060 -228.086319
vt 130.279060 -227.823482
vt 130.226394 -227.876149
vt 130.213196 -227.823482
vt 130.612393 -227.823482
vt 130.293186 -228.142690
vt 130.945727 -227.823482
vt 131.279060 -227.823482
vt 131.612393 -227.823482
vt 131.945727 -227.823482
vt 132.279060 -227.823482
vt 132.425068 -228.010807
vt 132.419733 -227.989515
vt 132.378127 -227.823482
vt 130.279060 -227.490149
vt 130.159601 -227.609608
vt 130.129666 -227.490149
vt 130.612393 -227.490149
vt 130.945727 -227.490149
vt 131.279060 -227.490149
vt 131.612393 -227.490149
vt 131.945727 -227.490149
vt 132.279060 -227.490149
vt 132.358276 -227.744266
vt 132.338958 -227.667176
vt 132.294597 -227.490149
vt 130.279060 -227.156816
vt 130.092809 -227.343067
vt 130.046137 -227.156816
vt 130.612393 -227.156816
vt 130.945727 -227.156816
vt 131.279060 -227.156816
vt 131.612393 -227.156816
vt 131.945727 -227.156816
vt 132.279060 -227.428146
vt 132.258183 -227.344836
vt 132.224692 -227.211184
vt 132.211068 -227.156816
vt 132.291484 -227.477725
vt 130.279060 -226.823482
vt 130.026017 -227.076526
vt 129.962607 -226.823482
vt 129.978843 -226.888272
vt 130.612393 -226.823482
vt 130.945727 -226.823482
vt 131.279060 -226.823482
vt 131.612393 -226.823482
vt 131.945727 -226.823482
vt 132.177409 -227.022497
vt 132.157899 -226.944643
vt 132.127538 -226.823482
vt 129.945727 -226.756120
vt 129.945727 -226.490149
vt 129.892432 -226.543443
vt 129.879077 -226.490149
vt 130.279060 -226.490149
vt 129.959225 -226.809985
vt 130.612393 -226.490149
vt 130.945727 -226.490149
vt 131.279060 -226.490149
vt 131.612393 -226.490149
vt 131.945727 -226.490149
vt 132.096634 -226.700157
vt 132.091107 -226.678102
vt 132.044008 -226.490149
vt 129.945727 -226.156816
vt 129.825640 -226.276902
vt 129.795548 -226.156816
vt 130.279060 -226.156816
vt 130.612393 -226.156816
vt 130.945727 -226.156816
vt 131.279060 -226.156816
vt 131.612393 -226.156816
vt 131.945727 -226.156816
vt 132.024315 -226.411561
vt 132.015859 -226.377818
vt 131.960478 -226.156816
vt 129.945727 -225.823482
vt 129.758848 -226.010361
vt 129.712384 -225.823482
vt 129.735607 -225.917588
vt 129.736518 -225.921253
vt 130.279060 -225.823482
vt 130.612393 -225.823482
vt 130.945727 -225.823482
vt 131.279060 -225.823482
vt 131.612393 -225.823482
vt 131.945727 -226.097947
vt 131.935084 -226.055478
vt 131.890730 -225.878479
vt 131.876949 -225.823482
vt 131.957523 -226.145020
vt 129.945727 -225.490149
vt 129.692593 -225.743282
vt 129.630817 -225.490149
vt 129.654403 -225.588430
vt 129.655993 -225.594964
vt 130.279060 -225.490149
vt 130.612393 -225.490149
vt 130.945727 -225.490149
vt 131.279060 -225.490149
vt 131.612393 -225.490149
vt 131.854310 -225.733139
vt 131.823938 -225.611938
vt 131.793419 -225.490149
vt 129.612393 -225.413380
vt 129.612393 -225.156816
vt 129.562738 -225.206471
vt 129.550821 -225.156816
vt 129.945727 -225.156816
vt 129.627251 -225.475291
vt 130.279060 -225.156816
vt 130.612393 -225.156816
vt 130.945727 -225.156816
vt 131.279060 -225.156816
vt 131.612393 -225.156816
vt 131.773994 -225.412631
vt 131.757352 -225.345191
vt 131.710866 -225.156816
vt 129.612393 -224.823482
vt 129.498225 -224.937651
vt 129.499309 -224.942168
vt 129.470826 -224.823482
vt 129.945727 -224.823482
vt 130.279060 -224.823482
vt 130.612393 -224.823482
vt 130.945727 -224.823482
vt 131.279060 -224.823482
vt 131.612393 -224.823482
vt 131.695638 -225.095105
vt 131.691470 -225.077739
vt 131.630453 -224.823482
vt 129.612393 -224.490149
vt 129.433712 -224.668830
vt 129.390831 -224.490149
vt 129.945727 -224.490149
vt 130.279060 -224.490149
vt 130.612393 -224.490149
vt 130.945727 -224.490149
vt 131.279060 -224.490149
vt 131.612393 -224.748231
vt 131.562444 -224.540098
vt 131.550457 -224.490149
vt 131.626957 -224.808918
vt 129.612393 -224.156816
vt 129.369199 -224.400010
vt 129.310836 -224.156816
vt 129.344215 -224.295905
vt 129.945727 -224.156816
vt 130.279060 -224.156816
vt 130.612393 -224.156816
vt 130.945727 -224.156816
vt 131.279060 -224.156816
vt 131.497931 -224.271278
vt 131.470462 -224.156816
vt 129.279060 -224.024409
vt 129.279060 -223.823482
vt 129.240173 -223.862370
vt 129.230840 -223.823482
vt 129.612393 -223.823482
vt 129.304686 -224.131190
vt 129.945727 -223.823482
vt 130.279060 -223.823482
vt 130.612393 -223.823482
vt 130.945727 -223.823482
vt 131.279060 -223.823482
vt 131.463782 -224.128981
vt 131.433418 -224.002458
vt 131.390467 -223.823482
vt 129.279060 -223.490149
vt 129.175660 -223.593549
vt 129.189121 -223.649643
vt 129.150845 -223.490149
vt 129.612393 -223.490149
vt 129.945727 -223.490149
vt 130.279060 -223.490149
vt 130.612393 -223.490149
vt 130.945727 -223.490149
vt 131.279060 -223.490149
vt 131.368905 -223.733637
vt 131.310472 -223.490149
vt 129.279060 -223.156816
vt 129.111147 -223.324729
vt 129.111574 -223.326511
vt 129.070850 -223.156816
vt 129.612393 -223.156816
vt 129.945727 -223.156816
vt 130.279060 -223.156816
vt 130.612393 -223.156816
vt 130.945727 -223.156816
vt 131.279060 -223.359260
vt 131.239879 -223.195997
vt 131.231141 -223.159587
vt 131.230476 -223.156816
vt 131.308688 -223.482718
vt 131.304392 -223.464817
vt 129.279060 -222.823482
vt 129.046634 -223.055909
vt 128.990855 -222.823482
vt 129.612393 -222.823482
vt 129.945727 -222.823482
vt 130.279060 -222.823482
vt 130.612393 -222.823482
vt 130.945727 -222.823482
vt 131.175366 -222.927176
vt 131.153594 -222.836456
vt 131.150481 -222.823482
vt 128.945727 -222.635438
vt 128.945727 -222.490149
vt 128.917608 -222.518268
vt 128.910859 -222.490149
vt 129.279060 -222.490149
vt 128.982121 -222.787088
vt 128.956481 -222.680249
vt 129.612393 -222.490149
vt 129.945727 -222.490149
vt 130.279060 -222.490149
vt 130.612393 -222.490149
vt 130.945727 -222.490149
vt 131.110853 -222.658356
vt 131.076048 -222.513324
vt 131.070486 -222.490149
vt 128.945727 -222.156816
vt 128.853095 -222.249448
vt 128.878934 -222.357118
vt 128.830864 -222.156816
vt 129.279060 -222.156816
vt 129.612393 -222.156816
vt 129.945727 -222.156816
vt 130.279060 -222.156816
vt 130.612393 -222.156816
vt 130.945727 -222.156816
vt 131.046340 -222.389536
vt 130.998501 -222.190193
vt 130.990491 -222.156816
vt 128.945727 -221.823482
vt 128.788582 -221.980628
vt 128.801387 -222.033986
vt 128.750869 -221.823482
vt 129.279060 -221.823482
vt 129.612393 -221.823482
vt 129.945727 -221.823482
vt 130.279060 -221.823482
vt 130.612393 -221.823482
vt 130.945727 -221.970289
vt 130.920954 -221.867062
vt 130.917314 -221.851895
vt 130.910495 -221.823482
vt 130.981827 -222.120715
vt 128.945727 -221.490149
vt 128.724068 -221.711807
vt 128.670874 -221.490149
vt 128.723840 -221.710855
vt 129.279060 -221.490149
vt 129.612393 -221.490149
vt 129.945727 -221.490149
vt 130.279060 -221.490149
vt 130.612393 -221.490149
vt 130.852801 -221.583075
vt 130.843407 -221.543931
vt 130.830500 -221.490149
vt 128.612393 -221.246466
vt 128.612393 -221.156816
vt 128.595042 -221.174167
vt 128.590878 -221.156816
vt 128.945727 -221.156816
vt 128.659555 -221.442987
vt 128.646293 -221.387724
vt 129.279060 -221.156816
vt 129.612393 -221.156816
vt 129.945727 -221.156816
vt 130.279060 -221.156816
vt 130.612393 -221.156816
vt 130.788288 -221.314255
vt 130.765860 -221.220800
vt 130.750505 -221.156816
vt 128.612393 -220.823482
vt 128.530529 -220.905346
vt 128.568746 -221.064593
vt 128.510883 -220.823482
vt 128.945727 -220.823482
vt 129.279060 -220.823482
vt 129.612393 -220.823482
vt 129.945727 -220.823482
vt 130.279060 -220.823482
vt 130.612393 -220.823482
vt 130.723775 -221.045434
vt 130.688313 -220.897668
vt 130.670509 -220.823482
vt 128.612393 -220.490149
vt 128.466016 -220.636526
vt 128.491199 -220.741462
vt 128.430888 -220.490149
vt 128.945727 -220.490149
vt 129.279060 -220.490149
vt 129.612393 -220.490149
vt 129.945727 -220.490149
vt 130.279060 -220.490149
vt 130.612393 -220.581317
vt 130.610766 -220.574537
vt 130.594749 -220.507794
vt 130.590514 -220.490149
vt 130.659262 -220.776614
vt 128.612393 -220.156816
vt 128.401503 -220.367706
vt 128.413652 -220.418330
vt 128.350893 -220.156816
vt 128.945727 -220.156816
vt 129.279060 -220.156816
vt 129.612393 -220.156816
vt 129.945727 -220.156816
vt 130.279060 -220.156816
vt 130.530236 -220.238973
vt 130.510519 -220.156816
vt 128.279060 -219.857495
vt 128.279060 -219.823482
vt 128.272477 -219.830065
vt 128.270897 -219.823482
vt 128.612393 -219.823482
vt 128.336990 -220.098885
vt 128.336106 -220.095199
vt 128.945727 -219.823482
vt 129.279060 -219.823482
vt 129.612393 -219.823482
vt 129.945727 -219.823482
vt 130.279060 -219.823482
vt 130.465723 -219.970153
vt 130.455672 -219.928275
vt 130.430524 -219.823482
vt 128.279060 -219.490149
vt 128.207964 -219.561245
vt 128.258559 -219.772068
vt 128.190902 -219.490149
vt 128.612393 -219.490149
vt 128.945727 -219.490149
vt 129.279060 -219.490149
vt 129.612393 -219.490149
vt 129.945727 -219.490149
vt 130.279060 -219.490149
vt 130.401210 -219.701333
vt 130.378125 -219.605143
vt 130.350528 -219.490149
vt 128.279060 -219.156816
vt 128.143451 -219.292425
vt 128.181012 -219.448937
vt 128.110907 -219.156816
vt 128.612393 -219.156816
vt 128.945727 -219.156816
vt 129.279060 -219.156816
vt 129.612393 -219.156816
vt 129.945727 -219.156816
vt 130.279060 -219.192346
vt 130.272183 -219.163692
vt 130.270533 -219.156816
vt 130.336697 -219.432513
vt 128.279060 -218.823482
vt 128.078938 -219.023604
vt 128.103465 -219.125805
vt 128.030912 -218.823482
vt 128.612393 -218.823482
vt 128.945727 -218.823482
vt 129.279060 -218.823482
vt 129.612393 -218.823482
vt 129.945727 -218.823482
vt 130.223032 -218.958881
vt 130.207670 -218.894872
vt 130.190538 -218.823482
vt 128.279060 -218.740149
vt 128.212901 -218.806308
vt 128.212901 -218.722975
vt 128.146742 -218.789133
vt 128.146742 -218.705800
vt 128.080584 -218.771959
vt 128.080584 -218.688625
vt 128.014425 -218.754784
vt 128.279060 -218.656816
vt 128.212901 -218.639641
vt 128.146742 -218.622467
vt 128.279060 -218.573482
vt 128.212901 -218.556308
vt 128.279060 -218.490149
vt 128.025918 -218.802674
vt 127.998548 -218.688625
vt 128.064707 -218.622467
vt 127.982671 -218.622467
vt 128.048829 -218.556308
vt 127.966794 -218.556308
vt 128.032952 -218.490149
vt 127.950916 -218.490149
vt 128.130865 -218.556308
vt 128.114988 -218.490149
vt 128.197024 -218.490149
vt 128.612393 -218.740149
vt 128.529060 -218.823482
vt 128.529060 -218.740149
vt 128.445727 -218.823482
vt 128.445727 -218.740149
vt 128.362393 -218.823482
vt 128.362393 -218.740149
vt 128.612393 -218.656816
vt 128.529060 -218.656816
vt 128.445727 -218.656816
vt 128.612393 -218.573482
vt 128.529060 -218.573482
vt 128.612393 -218.490149
vt 128.529060 -218.490149
vt 128.445727 -218.573482
vt 128.362393 -218.656816
vt 128.445727 -218.490149
vt 128.362393 -218.573482
vt 128.362393 -218.490149
vt 128.945727 -218.740149
vt 128.862393 -218.823482
vt 128.862393 -218.740149
vt 128.779060 -218.823482
vt 128.779060 -218.740149
vt 128.695727 -218.823482
vt 128.695727 -218.740149
vt 128.945727 -218.656816
vt 128.862393 -218.656816
vt 128.779060 -218.656816
vt 128.945727 -218.573482
vt 128.862393 -218.573482
vt 128.945727 -218.490149
vt 128.862393 -218.490149
vt 128.779060 -218.573482
vt 128.695727 -218.656816
vt 128.779060 -218.490149
vt 128.695727 -218.573482
vt 128.695727 -218.490149
vt 129.279060 -218.740149
vt 129.195727 -218.823482
vt 129.195727 -218.740149
vt 129.112393 -218.823482
vt 129.112393 -218.740149
vt 129.029060 -218.823482
vt 129.029060 -218.740149
vt 129.279060 -218.656816
vt 129.195727 -218.656816
vt 129.112393 -218.656816
vt 129.279060 -218.573482
vt 129.195727 -218.573482
vt 129.279060 -218.490149
vt 129.195727 -218.490149
vt 129.112393 -218.573482
vt 129.029060 -218.656816
vt 129.112393 -218.490149
vt 129.029060 -218.573482
vt 129.029060 -218.490149
vt 129.612393 -218.740149
vt 129.529060 -218.823482
vt 129.529060 -218.740149
vt 129.445727 -218.823482
vt 129.445727 -218.740149
vt 129.362393 -218.823482
vt 129.362393 -218.740149
vt 129.612393 -218.656816
vt 129.529060 -218.656816
vt 129.445727 -218.656816
vt 129.612393 -218.573482
vt 129.529060 -218.573482
vt 129.612393 -218.490149
vt 129.529060 -218.490149
vt 129.445727 -218.573482
vt 129.362393 -218.656816
vt 129.445727 -218.490149
vt 129.362393 -218.573482
vt 129.362393 -218.490149
vt 129.945727 -218.740149
vt 129.862393 -218.823482
vt 129.862393 -218.740149
vt 129.779060 -218.823482
vt 129.779060 -218.740149
vt 129.695727 -218.823482
vt 129.695727 -218.740149
vt 129.945727 -218.656816
vt 129.862393 -218.656816
vt 129.779060 -218.656816
vt 129.945727 -218.573482
vt 129.862393 -218.573482
vt 129.945727 -218.490149
vt 129.862393 -218.490149
vt 129.779060 -218.573482
vt 129.695727 -218.656816
vt 129.779060 -218.490149
vt 129.695727 -218.573482
vt 129.695727 -218.490149
vt 130.143157 -218.626052
vt 129.995084 -218.524125
vt 129.995084 -218.607458
vt 130.044442 -218.558100
vt 130.044442 -218.641434
vt 130.093800 -218.592076
vt 130.093800 -218.675409
vt 129.995084 -218.690791
vt 130.044442 -218.724767
vt 129.995084 -218.774125
vt 129.986931 -218.490149
vt 130.036288 -218.524125
vt 130.028135 -218.490149
vt 130.077492 -218.524125
vt 130.069339 -218.490149
vt 130.118696 -218.524125
vt 130.110543 -218.490149
vt 130.085646 -218.558100
vt 130.126850 -218.558100
vt 130.135004 -218.592076
vt 127.945727 -218.468524
vt 127.945727 -218.390597
vt 127.930645 -218.405679
vt 127.930645 -218.327752
vt 127.915563 -218.342834
vt 127.915563 -218.264907
vt 127.900481 -218.279988
vt 127.900481 -218.202062
vt 127.885399 -218.217143
vt 127.945727 -218.312670
vt 127.930645 -218.249825
vt 127.915563 -218.186980
vt 127.945727 -218.234743
vt 127.930645 -218.171898
vt 127.945727 -218.156816
vt 127.881780 -218.202062
vt 127.896861 -218.186980
vt 127.878160 -218.186980
vt 127.893242 -218.171898
vt 127.874541 -218.171898
vt 127.889623 -218.156816
vt 127.870921 -218.156816
vt 127.911943 -218.171898
vt 127.908324 -218.156816
vt 127.927025 -218.156816
vt 128.279060 -218.406816
vt 128.196773 -218.489103
vt 128.196773 -218.405769
vt 128.114486 -218.488056
vt 128.114486 -218.404723
vt 128.032199 -218.487010
vt 128.032199 -218.403677
vt 127.949912 -218.485964
vt 128.279060 -218.323482
vt 128.196773 -218.322436
vt 128.114486 -218.321390
vt 128.279060 -218.240149
vt 128.196773 -218.239103
vt 128.279060 -218.156816
vt 128.114737 -218.489103
vt 128.032701 -218.489103
vt 127.950665 -218.489103
vt 128.032450 -218.488056
vt 127.950414 -218.488056
vt 127.950163 -218.487010
vt 128.195727 -218.156816
vt 128.195727 -218.234743
vt 128.112393 -218.234743
vt 128.112393 -218.312670
vt 128.029060 -218.312670
vt 128.029060 -218.390597
vt 128.112393 -218.156816
vt 128.029060 -218.234743
vt 128.029060 -218.156816
vt 128.196388 -218.237498
vt 128.113054 -218.315425
vt 128.113716 -218.318179
vt 128.030382 -218.396106
vt 128.031043 -218.398861
vt 127.947710 -218.476788
vt 127.948371 -218.479543
vt 128.029721 -218.393352
vt 127.947049 -218.474033
vt 127.946388 -218.471278
vt 128.114101 -218.319785
vt 128.031814 -218.402072
vt 127.949527 -218.484359
vt 128.031429 -218.400466
vt 127.949142 -218.482753
vt 127.948756 -218.481148
vt 128.612393 -218.406816
vt 128.529060 -218.406816
vt 128.445727 -218.406816
vt 128.362393 -218.406816
vt 128.612393 -218.323482
vt 128.529060 -218.323482
vt 128.445727 -218.323482
vt 128.612393 -218.240149
vt 128.529060 -218.240149
vt 128.612393 -218.156816
vt 128.529060 -218.156816
vt 128.445727 -218.240149
vt 128.362393 -218.323482
vt 128.445727 -218.156816
vt 128.362393 -218.240149
vt 128.362393 -218.156816
vt 128.945727 -218.406816
vt 128.862393 -218.406816
vt 128.779060 -218.406816
vt 128.695727 -218.406816
vt 128.945727 -218.323482
vt 128.862393 -218.323482
vt 128.779060 -218.323482
vt 128.945727 -218.240149
vt 128.862393 -218.240149
vt 128.945727 -218.156816
vt 128.862393 -218.156816
vt 128.779060 -218.240149
vt 128.695727 -218.323482
vt 128.779060 -218.156816
vt 128.695727 -218.240149
vt 128.695727 -218.156816
vt 129.279060 -218.406816
vt 129.195727 -218.406816
vt 129.112393 -218.406816
vt 129.029060 -218.406816
vt 129.279060 -218.323482
vt 129.195727 -218.323482
vt 129.112393 -218.323482
vt 129.279060 -218.240149
vt 129.195727 -218.240149
vt 129.279060 -218.156816
vt 129.195727 -218.156816
vt 129.112393 -218.240149
vt 129.029060 -218.323482
vt 129.112393 -218.156816
vt 129.029060 -218.240149
vt 129.029060 -218.156816
vt 129.612393 -218.406816
vt 129.529060 -218.406816
vt 129.445727 -218.406816
vt 129.362393 -218.406816
vt 129.612393 -218.323482
vt 129.529060 -218.323482
vt 129.445727 -218.323482
vt 129.612393 -218.240149
vt 129.529060 -218.240149
vt 129.612393 -218.156816
vt 129.529060 -218.156816
vt 129.445727 -218.240149
vt 129.362393 -218.323482
vt 129.445727 -218.156816
vt 129.362393 -218.240149
vt 129.362393 -218.156816
vt 129.945727 -218.406816
vt 129.862393 -218.406816
vt 129.779060 -218.406816
vt 129.695727 -218.406816
vt 129.945727 -218.323482
vt 129.862393 -218.323482
vt 129.779060 -218.323482
vt 129.945727 -218.240149
vt 129.862393 -218.240149
vt 129.945727 -218.156816
vt 129.862393 -218.156816
vt 129.779060 -218.240149
vt 129.695727 -218.323482
vt 129.779060 -218.156816
vt 129.695727 -218.240149
vt 129.695727 -218.156816
vt 130.078644 -218.357231
vt 130.045415 -218.390461
vt 130.086619 -218.390461
vt 130.053390 -218.423690
vt 130.094594 -218.423690
vt 130.061364 -218.456920
vt 130.102568 -218.456920
vt 130.012186 -218.423690
vt 130.020160 -218.456920
vt 129.978956 -218.456920
vt 129.978956 -218.206920
vt 129.978956 -218.290253
vt 130.012186 -218.257024
vt 130.012186 -218.340357
vt 130.045415 -218.307127
vt 129.978956 -218.373586
vt 129.976279 -218.195766
vt 130.009509 -218.245870
vt 130.006832 -218.234717
vt 130.040062 -218.284821
vt 130.037385 -218.273668
vt 130.070615 -218.323772
vt 130.067938 -218.312619
vt 130.042738 -218.295974
vt 130.073291 -218.334925
vt 130.075968 -218.346078
vt 129.966932 -218.156816
vt 129.997485 -218.195766
vt 129.988137 -218.156816
vt 130.018690 -218.195766
vt 130.009342 -218.156816
vt 130.039895 -218.195766
vt 130.030547 -218.156816
vt 130.028037 -218.234717
vt 130.049243 -218.234717
vt 130.058590 -218.273668
vt 127.945727 -218.073482
vt 127.914516 -218.104693
vt 127.914516 -218.021359
vt 127.883306 -218.052569
vt 127.883306 -217.969236
vt 127.852096 -218.000446
vt 127.852096 -217.917113
vt 127.820886 -217.948323
vt 127.945727 -217.990149
vt 127.914516 -217.938026
vt 127.883306 -217.885903
vt 127.945727 -217.906816
vt 127.914516 -217.854693
vt 127.945727 -217.823482
vt 127.927001 -218.156715
vt 127.895791 -218.104592
vt 127.908275 -218.156614
vt 127.877065 -218.104491
vt 127.889550 -218.156513
vt 127.858340 -218.104390
vt 127.870824 -218.156412
vt 127.864581 -218.052468
vt 127.845855 -218.052367
vt 127.833370 -218.000345
vt 127.908300 -218.156715
vt 127.889598 -218.156715
vt 127.870897 -218.156715
vt 127.889574 -218.156614
vt 127.870873 -218.156614
vt 127.870848 -218.156513
vt 127.813396 -217.917113
vt 127.844606 -217.885903
vt 127.805906 -217.885903
vt 127.837116 -217.854693
vt 127.798416 -217.854693
vt 127.829626 -217.823482
vt 127.790926 -217.823482
vt 127.875816 -217.854693
vt 127.868326 -217.823482
vt 127.907026 -217.823482
vt 128.279060 -218.073482
vt 128.195727 -218.073482
vt 128.112393 -218.073482
vt 128.029060 -218.073482
vt 128.279060 -217.990149
vt 128.195727 -217.990149
vt 128.112393 -217.990149
vt 128.279060 -217.906816
vt 128.195727 -217.906816
vt 128.279060 -217.823482
vt 128.195727 -217.823482
vt 128.112393 -217.906816
vt 128.029060 -217.990149
vt 128.112393 -217.823482
vt 128.029060 -217.906816
vt 128.029060 -217.823482
vt 128.612393 -218.073482
vt 128.529060 -218.073482
vt 128.445727 -218.073482
vt 128.362393 -218.073482
vt 128.612393 -217.990149
vt 128.529060 -217.990149
vt 128.445727 -217.990149
vt 128.612393 -217.906816
vt 128.529060 -217.906816
vt 128.612393 -217.823482
vt 128.529060 -217.823482
vt 128.445727 -217.906816
vt 128.362393 -217.990149
vt 128.445727 -217.823482
vt 128.362393 -217.906816
vt 128.362393 -217.823482
vt 128.945727 -218.073482
vt 128.862393 -218.073482
vt 128.779060 -218.073482
vt 128.695727 -218.073482
vt 128.945727 -217.990149
vt 128.862393 -217.990149
vt 128.779060 -217.990149
vt 128.945727 -217.906816
vt 128.862393 -217.906816
vt 128.945727 -217.823482
vt 128.862393 -217.823482
vt 128.779060 -217.906816
vt 128.779060 -217.990149
vt 128.695727 -217.990149
vt 128.779060 -217.823482
vt 128.695727 -217.906816
vt 128.695727 -217.823482
vt 129.279060 -218.073482
vt 129.195727 -218.073482
vt 129.112393 -218.073482
vt 129.029060 -218.073482
vt 129.279060 -217.990149
vt 129.195727 -217.990149
vt 129.112393 -217.990149
vt 129.279060 -217.906816
vt 129.195727 -217.906816
vt 129.279060 -217.823482
vt 129.195727 -217.823482
vt 129.112393 -217.906816
vt 129.029060 -217.990149
vt 129.112393 -217.823482
vt 129.029060 -217.906816
vt 129.029060 -217.823482
vt 129.612393 -218.073482
vt 129.529060 -218.073482
vt 129.445727 -218.073482
vt 129.362393 -218.073482
vt 129.612393 -217.990149
vt 129.529060 -217.990149
vt 129.445727 -217.990149
vt 129.612393 -217.906816
vt 129.529060 -217.906816
vt 129.612393 -217.823482
vt 129.529060 -217.823482
vt 129.445727 -217.906816
vt 129.362393 -217.990149
vt 129.445727 -217.823482
vt 129.362393 -217.906816
vt 129.362393 -217.823482
vt 129.945727 -218.073482
vt 129.862393 -218.073482
vt 129.779060 -218.073482
vt 129.695727 -218.073482
vt 129.945727 -217.990149
vt 129.862393 -217.990149
vt 129.779060 -217.990149
vt 129.945727 -217.906816
vt 129.862393 -217.906816
vt 129.945727 -217.823482
vt 129.862393 -217.823482
vt 129.779060 -217.906816
vt 129.695727 -217.990149
vt 129.779060 -217.823482
vt 129.695727 -217.906816
vt 129.695727 -217.823482
vt 130.014131 -218.088411
vt 129.997030 -218.105512
vt 130.018235 -218.105512
vt 130.001134 -218.122613
vt 130.022339 -218.122613
vt 130.005238 -218.139715
vt 130.026443 -218.139715
vt 129.979929 -218.122613
vt 129.984033 -218.139715
vt 129.962828 -218.139715
vt 129.962828 -217.889715
vt 129.962828 -217.973048
vt 129.979929 -217.955947
vt 129.979929 -218.039280
vt 129.997030 -218.022179
vt 129.962828 -218.056381
vt 129.956893 -217.864984
vt 129.973994 -217.931216
vt 129.968059 -217.906485
vt 129.985160 -217.972717
vt 129.979225 -217.947986
vt 129.996326 -218.014218
vt 129.990391 -217.989487
vt 129.991095 -217.997448
vt 130.002261 -218.038949
vt 130.008196 -218.063680
vt 129.946933 -217.823482
vt 129.958099 -217.864984
vt 129.948139 -217.823482
vt 129.959306 -217.864984
vt 129.949346 -217.823482
vt 129.960512 -217.864984
vt 129.950552 -217.823482
vt 129.969265 -217.906485
vt 129.970472 -217.906485
vt 129.980431 -217.947986
vt 127.945727 -217.740149
vt 127.898388 -217.787488
vt 127.898388 -217.704154
vt 127.851050 -217.751493
vt 127.851050 -217.668159
vt 127.803711 -217.715498
vt 127.803711 -217.632164
vt 127.756373 -217.679503
vt 127.945727 -217.656816
vt 127.898388 -217.620821
vt 127.851050 -217.584826
vt 127.945727 -217.573482
vt 127.898388 -217.537488
vt 127.945727 -217.490149
vt 127.859688 -217.787488
vt 127.820988 -217.787488
vt 127.782288 -217.787488
vt 127.812350 -217.751493
vt 127.773649 -217.751493
vt 127.765011 -217.715498
vt 127.887028 -217.490149
vt 127.888228 -217.495149
vt 127.829529 -217.495149
vt 127.830729 -217.500149
vt 127.772030 -217.500149
vt 127.773229 -217.505149
vt 127.714530 -217.505149
vt 127.715730 -217.510149
vt 127.828329 -217.490149
vt 127.770830 -217.495149
vt 127.713331 -217.500149
vt 127.769630 -217.490149
vt 127.712131 -217.495149
vt 127.710931 -217.490149
vt 127.840889 -217.542488
vt 127.793551 -217.589826
vt 127.746212 -217.637164
vt 127.783390 -217.547488
vt 127.736052 -217.594826
vt 127.725891 -217.552488
vt 128.279060 -217.740149
vt 128.195727 -217.740149
vt 128.112393 -217.740149
vt 128.029060 -217.740149
vt 128.279060 -217.656816
vt 128.195727 -217.656816
vt 128.112393 -217.656816
vt 128.279060 -217.573482
vt 128.195727 -217.573482
vt 128.279060 -217.490149
vt 128.195727 -217.490149
vt 128.112393 -217.573482
vt 128.029060 -217.656816
vt 128.112393 -217.490149
vt 128.029060 -217.573482
vt 128.029060 -217.490149
vt 128.612393 -217.740149
vt 128.529060 -217.740149
vt 128.445727 -217.740149
vt 128.362393 -217.740149
vt 128.612393 -217.656816
vt 128.529060 -217.656816
vt 128.445727 -217.656816
vt 128.612393 -217.573482
vt 128.529060 -217.573482
vt 128.612393 -217.490149
vt 128.529060 -217.490149
vt 128.445727 -217.573482
vt 128.362393 -217.656816
vt 128.445727 -217.490149
vt 128.362393 -217.573482
vt 128.362393 -217.490149
vt 128.945727 -217.740149
vt 128.862393 -217.740149
vt 128.779060 -217.740149
vt 128.695727 -217.740149
vt 128.945727 -217.656816
vt 128.862393 -217.656816
vt 128.779060 -217.656816
vt 128.945727 -217.573482
vt 128.862393 -217.573482
vt 128.945727 -217.490149
vt 128.862393 -217.490149
vt 128.779060 -217.573482
vt 128.695727 -217.656816
vt 128.779060 -217.490149
vt 128.695727 -217.573482
vt 128.695727 -217.490149
vt 129.279060 -217.740149
vt 129.195727 -217.740149
vt 129.112393 -217.740149
vt 129.029060 -217.740149
vt 129.279060 -217.656816
vt 129.195727 -217.656816
vt 129.112393 -217.656816
vt 129.279060 -217.573482
vt 129.195727 -217.573482
vt 129.279060 -217.490149
vt 129.195727 -217.490149
vt 129.112393 -217.573482
vt 129.029060 -217.656816
vt 129.112393 -217.490149
vt 129.029060 -217.573482
vt 129.029060 -217.490149
vt 129.612393 -217.740149
vt 129.529060 -217.740149
vt 129.445727 -217.740149
vt 129.362393 -217.740149
vt 129.612393 -217.656816
vt 129.529060 -217.656816
vt 129.445727 -217.656816
vt 129.612393 -217.573482
vt 129.529060 -217.573482
vt 129.612393 -217.490149
vt 129.529060 -217.490149
vt 129.445727 -217.573482
vt 129.362393 -217.656816
vt 129.445727 -217.490149
vt 129.362393 -217.573482
vt 129.362393 -217.490149
vt 129.695727 -217.818455
vt 129.779060 -217.818455
vt 129.779060 -217.813428
vt 129.862393 -217.813428
vt 129.862393 -217.808401
vt 129.945727 -217.808401
vt 129.945727 -217.803374
vt 129.862393 -217.818455
vt 129.945727 -217.813428
vt 129.945727 -217.818455
vt 129.687506 -217.784201
vt 129.770839 -217.779174
vt 129.762619 -217.744919
vt 129.845952 -217.739892
vt 129.837731 -217.705638
vt 129.921065 -217.700611
vt 129.912844 -217.666356
vt 129.854173 -217.774147
vt 129.929285 -217.734865
vt 129.937506 -217.769120
vt 129.680571 -217.755304
vt 129.755684 -217.716023
vt 129.748749 -217.687126
vt 129.823862 -217.647845
vt 129.816927 -217.618948
vt 129.892040 -217.579667
vt 129.885105 -217.550770
vt 129.830797 -217.676741
vt 129.898975 -217.608563
vt 129.905909 -217.637460
vt 129.680571 -217.505304
vt 129.680571 -217.588638
vt 129.748749 -217.520460
vt 129.748749 -217.603793
vt 129.816927 -217.535615
vt 129.680571 -217.671971
vt 129.676934 -217.490149
vt 129.745112 -217.505304
vt 129.741475 -217.490149
vt 129.809653 -217.505304
vt 129.806016 -217.490149
vt 129.874194 -217.505304
vt 129.870557 -217.490149
vt 129.813290 -217.520460
vt 129.877831 -217.520460
vt 129.881468 -217.535615
vt 129.949618 -217.819591
vt 129.948645 -217.820564
vt 129.949852 -217.820564
vt 129.948879 -217.821537
vt 129.950085 -217.821537
vt 129.949112 -217.822510
vt 129.950319 -217.822510
vt 129.947672 -217.821537
vt 129.947906 -217.822510
vt 129.946700 -217.822510
vt 129.946700 -217.807429
vt 129.946700 -217.812456
vt 129.947672 -217.811483
vt 129.947672 -217.816510
vt 129.948645 -217.815537
vt 129.946700 -217.817483
vt 127.945727 -217.406816
vt 127.882260 -217.470282
vt 127.882260 -217.386949
vt 127.818793 -217.450416
vt 127.818793 -217.367083
vt 127.755327 -217.430549
vt 127.755327 -217.347216
vt 127.691860 -217.410683
vt 127.945727 -217.323482
vt 127.882260 -217.303616
vt 127.818793 -217.283749
vt 127.945727 -217.240149
vt 127.882260 -217.220282
vt 127.945727 -217.156816
vt 127.823561 -217.470282
vt 127.764862 -217.470282
vt 127.706163 -217.470282
vt 127.760094 -217.450416
vt 127.701395 -217.450416
vt 127.696628 -217.430549
vt 127.867029 -217.156816
vt 127.868841 -217.164366
vt 127.790143 -217.164366
vt 127.791955 -217.171917
vt 127.713257 -217.171917
vt 127.715069 -217.179468
vt 127.636372 -217.179468
vt 127.638184 -217.187018
vt 127.788331 -217.156816
vt 127.711445 -217.164366
vt 127.634559 -217.171917
vt 127.709633 -217.156816
vt 127.632747 -217.164366
vt 127.630935 -217.156816
vt 127.805374 -217.227833
vt 127.741907 -217.291300
vt 127.678441 -217.354766
vt 127.728488 -217.235384
vt 127.665022 -217.298850
vt 127.651603 -217.242934
vt 128.279060 -217.406816
vt 128.195727 -217.406816
vt 128.112393 -217.406816
vt 128.029060 -217.406816
vt 128.279060 -217.323482
vt 128.195727 -217.323482
vt 128.112393 -217.323482
vt 128.279060 -217.240149
vt 128.195727 -217.240149
vt 128.279060 -217.156816
vt 128.195727 -217.156816
vt 128.112393 -217.240149
vt 128.029060 -217.323482
vt 128.112393 -217.156816
vt 128.029060 -217.240149
vt 128.029060 -217.156816
vt 128.612393 -217.406816
vt 128.529060 -217.406816
vt 128.445727 -217.406816
vt 128.362393 -217.406816
vt 128.612393 -217.323482
vt 128.529060 -217.323482
vt 128.445727 -217.323482
vt 128.612393 -217.240149
vt 128.529060 -217.240149
vt 128.612393 -217.156816
vt 128.529060 -217.156816
vt 128.445727 -217.240149
vt 128.445727 -217.323482
vt 128.362393 -217.323482
vt 128.445727 -217.156816
vt 128.362393 -217.240149
vt 128.362393 -217.156816
vt 128.945727 -217.406816
vt 128.862393 -217.406816
vt 128.779060 -217.406816
vt 128.695727 -217.406816
vt 128.945727 -217.323482
vt 128.862393 -217.323482
vt 128.779060 -217.323482
vt 128.945727 -217.240149
vt 128.862393 -217.240149
vt 128.945727 -217.156816
vt 128.862393 -217.156816
vt 128.779060 -217.240149
vt 128.695727 -217.323482
vt 128.779060 -217.156816
vt 128.695727 -217.240149
vt 128.695727 -217.156816
vt 129.279060 -217.406816
vt 129.195727 -217.406816
vt 129.112393 -217.406816
vt 129.029060 -217.406816
vt 129.279060 -217.323482
vt 129.195727 -217.323482
vt 129.112393 -217.323482
vt 129.279060 -217.240149
vt 129.195727 -217.240149
vt 129.279060 -217.156816
vt 129.195727 -217.156816
vt 129.112393 -217.240149
vt 129.029060 -217.323482
vt 129.112393 -217.156816
vt 129.029060 -217.240149
vt 129.029060 -217.156816
vt 129.612393 -217.406816
vt 129.529060 -217.406816
vt 129.445727 -217.406816
vt 129.362393 -217.406816
vt 129.612393 -217.323482
vt 129.529060 -217.323482
vt 129.445727 -217.323482
vt 129.612393 -217.240149
vt 129.529060 -217.240149
vt 129.612393 -217.156816
vt 129.529060 -217.156816
vt 129.445727 -217.240149
vt 129.362393 -217.323482
vt 129.445727 -217.156816
vt 129.362393 -217.240149
vt 129.362393 -217.156816
vt 129.668119 -217.453418
vt 129.732660 -217.453418
vt 129.723845 -217.416687
vt 129.788386 -217.416687
vt 129.779571 -217.379956
vt 129.844112 -217.379956
vt 129.835297 -217.343225
vt 129.797201 -217.453418
vt 129.852927 -217.416687
vt 129.861742 -217.453418
vt 129.664443 -217.438099
vt 129.720169 -217.401368
vt 129.716493 -217.386050
vt 129.772219 -217.349319
vt 129.768542 -217.334000
vt 129.824268 -217.297269
vt 129.820592 -217.281950
vt 129.775895 -217.364637
vt 129.827945 -217.312588
vt 129.831621 -217.327906
vt 129.664443 -217.188099
vt 129.664443 -217.271433
vt 129.716493 -217.219383
vt 129.716493 -217.302716
vt 129.768542 -217.250667
vt 129.612393 -217.323482
vt 129.664443 -217.354766
vt 129.656935 -217.156816
vt 129.708985 -217.188099
vt 129.701478 -217.156816
vt 129.753527 -217.188099
vt 129.746020 -217.156816
vt 129.798069 -217.188099
vt 129.790562 -217.156816
vt 129.761035 -217.219383
vt 129.805577 -217.219383
vt 129.813085 -217.250667
vt 127.612393 -217.079552
vt 127.612393 -217.015535
vt 127.600003 -217.027925
vt 127.600003 -216.963907
vt 127.587614 -216.976297
vt 127.587614 -216.912280
vt 127.575224 -216.924670
vt 127.575224 -216.860652
vt 127.562834 -216.873042
vt 127.612393 -216.951517
vt 127.600003 -216.899890
vt 127.587614 -216.848262
vt 127.612393 -216.887500
vt 127.600003 -216.835872
vt 127.612393 -216.823482
vt 127.559860 -216.860652
vt 127.572250 -216.848262
vt 127.556887 -216.848262
vt 127.569277 -216.835872
vt 127.553914 -216.835872
vt 127.566303 -216.823482
vt 127.550940 -216.823482
vt 127.584640 -216.835872
vt 127.581667 -216.823482
vt 127.597030 -216.823482
vt 127.945727 -217.073482
vt 127.866132 -217.153077
vt 127.866132 -217.069744
vt 127.786537 -217.149339
vt 127.786537 -217.066006
vt 127.706942 -217.145601
vt 127.706942 -217.062267
vt 127.627347 -217.141862
vt 127.945727 -216.990149
vt 127.866132 -216.986411
vt 127.786537 -216.982672
vt 127.945727 -216.906816
vt 127.866132 -216.903077
vt 127.945727 -216.823482
vt 127.787434 -217.153077
vt 127.708736 -217.153077
vt 127.630038 -217.153077
vt 127.707839 -217.149339
vt 127.629141 -217.149339
vt 127.628244 -217.145601
vt 127.862393 -216.823482
vt 127.862393 -216.887500
vt 127.779060 -216.887500
vt 127.779060 -216.951517
vt 127.695727 -216.951517
vt 127.695727 -217.015535
vt 127.779060 -216.823482
vt 127.695727 -216.887500
vt 127.695727 -216.823482
vt 127.782798 -216.967095
vt 127.703203 -217.046690
vt 127.623608 -217.126285
vt 127.699465 -217.031112
vt 127.619870 -217.110707
vt 127.616132 -217.095130
vt 128.279060 -217.073482
vt 128.195727 -217.073482
vt 128.112393 -217.073482
vt 128.029060 -217.073482
vt 128.279060 -216.990149
vt 128.195727 -216.990149
vt 128.112393 -216.990149
vt 128.279060 -216.906816
vt 128.195727 -216.906816
vt 128.279060 -216.823482
vt 128.195727 -216.823482
vt 128.112393 -216.906816
vt 128.029060 -216.990149
vt 127.945727 -217.073482
vt 128.112393 -216.823482
vt 128.029060 -216.906816
vt 128.029060 -216.823482
vt 128.612393 -217.073482
vt 128.529060 -217.073482
vt 128.445727 -217.073482
vt 128.362393 -217.073482
vt 128.612393 -216.990149
vt 128.529060 -216.990149
vt 128.445727 -216.990149
vt 128.612393 -216.906816
vt 128.529060 -216.906816
vt 128.612393 -216.823482
vt 128.529060 -216.823482
vt 128.445727 -216.906816
vt 128.362393 -216.990149
vt 128.445727 -216.823482
vt 128.362393 -216.906816
vt 128.362393 -216.823482
vt 128.945727 -217.073482
vt 128.862393 -217.073482
vt 128.779060 -217.073482
vt 128.695727 -217.073482
vt 128.945727 -216.990149
vt 128.862393 -216.990149
vt 128.779060 -216.990149
vt 128.945727 -216.906816
vt 128.862393 -216.906816
vt 128.945727 -216.823482
vt 128.862393 -216.823482
vt 128.779060 -216.906816
vt 128.695727 -216.990149
vt 128.779060 -216.823482
vt 128.695727 -216.906816
vt 128.612393 -216.990149
vt 128.695727 -216.823482
vt 129.279060 -217.073482
vt 129.195727 -217.073482
vt 129.112393 -217.073482
vt 129.029060 -217.073482
vt 129.279060 -216.990149
vt 129.195727 -216.990149
vt 129.112393 -216.990149
vt 129.279060 -216.906816
vt 129.195727 -216.906816
vt 129.279060 -216.823482
vt 129.195727 -216.823482
vt 129.112393 -216.906816
vt 129.029060 -216.990149
vt 129.112393 -216.823482
vt 129.029060 -216.906816
vt 129.029060 -216.823482
vt 129.612393 -217.073482
vt 129.529060 -217.073482
vt 129.445727 -217.073482
vt 129.362393 -217.073482
vt 129.612393 -216.990149
vt 129.529060 -216.990149
vt 129.445727 -216.990149
vt 129.612393 -216.906816
vt 129.529060 -216.906816
vt 129.612393 -216.823482
vt 129.529060 -216.823482
vt 129.445727 -216.906816
vt 129.362393 -216.990149
vt 129.445727 -216.823482
vt 129.362393 -216.906816
vt 129.362393 -216.823482
vt 129.756079 -217.013130
vt 129.720158 -217.049051
vt 129.764700 -217.049051
vt 129.728778 -217.084973
vt 129.773320 -217.084973
vt 129.737399 -217.120894
vt 129.781941 -217.120894
vt 129.684236 -217.084973
vt 129.692857 -217.120894
vt 129.648315 -217.120894
vt 129.648315 -216.870894
vt 129.648315 -216.954228
vt 129.684236 -216.918306
vt 129.684236 -217.001640
vt 129.720158 -216.965718
vt 129.612393 -216.990149
vt 129.648315 -217.037561
vt 129.636937 -216.823482
vt 129.672858 -216.870894
vt 129.661480 -216.823482
vt 129.697401 -216.870894
vt 129.686023 -216.823482
vt 129.721945 -216.870894
vt 129.710566 -216.823482
vt 129.708780 -216.918306
vt 129.733323 -216.918306
vt 129.744701 -216.965718
vt 127.612393 -216.740149
vt 127.583875 -216.768667
vt 127.583875 -216.685334
vt 127.555357 -216.713852
vt 127.555357 -216.630519
vt 127.526839 -216.659037
vt 127.526839 -216.575704
vt 127.498321 -216.604222
vt 127.612393 -216.656816
vt 127.583875 -216.602001
vt 127.555357 -216.547185
vt 127.612393 -216.573482
vt 127.583875 -216.518667
vt 127.612393 -216.490149
vt 127.568512 -216.768667
vt 127.553149 -216.768667
vt 127.537785 -216.768667
vt 127.539994 -216.713852
vt 127.524630 -216.713852
vt 127.511476 -216.659037
vt 127.577031 -216.490149
vt 127.580067 -216.502801
vt 127.544705 -216.502801
vt 127.547742 -216.515452
vt 127.512379 -216.515452
vt 127.515416 -216.528104
vt 127.480054 -216.528104
vt 127.483090 -216.540756
vt 127.541669 -216.490149
vt 127.509343 -216.502801
vt 127.477017 -216.515452
vt 127.506307 -216.490149
vt 127.473981 -216.502801
vt 127.470945 -216.490149
vt 127.551549 -216.531319
vt 127.523031 -216.559837
vt 127.494513 -216.588355
vt 127.519223 -216.543971
vt 127.490705 -216.572489
vt 127.486898 -216.556622
vt 127.945727 -216.740149
vt 127.862393 -216.740149
vt 127.779060 -216.740149
vt 127.695727 -216.740149
vt 127.945727 -216.656816
vt 127.862393 -216.656816
vt 127.779060 -216.656816
vt 127.945727 -216.573482
vt 127.862393 -216.573482
vt 127.945727 -216.490149
vt 127.862393 -216.490149
vt 127.779060 -216.573482
vt 127.695727 -216.656816
vt 127.779060 -216.490149
vt 127.695727 -216.573482
vt 127.695727 -216.490149
vt 128.279060 -216.740149
vt 128.195727 -216.823482
vt 128.195727 -216.740149
vt 128.112393 -216.740149
vt 128.029060 -216.740149
vt 128.279060 -216.656816
vt 128.195727 -216.656816
vt 128.112393 -216.656816
vt 128.279060 -216.573482
vt 128.195727 -216.573482
vt 128.279060 -216.490149
vt 128.195727 -216.490149
vt 128.112393 -216.573482
vt 128.029060 -216.656816
vt 128.112393 -216.490149
vt 128.029060 -216.573482
vt 128.029060 -216.490149
vt 128.612393 -216.740149
vt 128.529060 -216.740149
vt 128.445727 -216.740149
vt 128.362393 -216.740149
vt 128.612393 -216.656816
vt 128.529060 -216.656816
vt 128.445727 -216.656816
vt 128.612393 -216.573482
vt 128.529060 -216.573482
vt 128.612393 -216.490149
vt 128.529060 -216.490149
vt 128.445727 -216.573482
vt 128.362393 -216.656816
vt 128.445727 -216.490149
vt 128.362393 -216.573482
vt 128.362393 -216.490149
vt 128.945727 -216.740149
vt 128.862393 -216.740149
vt 128.779060 -216.740149
vt 128.695727 -216.740149
vt 128.945727 -216.656816
vt 128.862393 -216.656816
vt 128.779060 -216.656816
vt 128.945727 -216.573482
vt 128.862393 -216.573482
vt 128.945727 -216.490149
vt 128.862393 -216.490149
vt 128.779060 -216.573482
vt 128.695727 -216.656816
vt 128.779060 -216.490149
vt 128.695727 -216.573482
vt 128.695727 -216.490149
vt 129.279060 -216.740149
vt 129.195727 -216.740149
vt 129.112393 -216.740149
vt 129.029060 -216.740149
vt 129.279060 -216.656816
vt 129.195727 -216.656816
vt 129.112393 -216.656816
vt 129.279060 -216.573482
vt 129.195727 -216.573482
vt 129.279060 -216.490149
vt 129.195727 -216.490149
vt 129.112393 -216.573482
vt 129.029060 -216.656816
vt 129.112393 -216.490149
vt 129.029060 -216.573482
vt 129.029060 -216.490149
vt 129.612393 -216.740149
vt 129.529060 -216.740149
vt 129.445727 -216.740149
vt 129.362393 -216.740149
vt 129.612393 -216.656816
vt 129.529060 -216.656816
vt 129.445727 -216.656816
vt 129.612393 -216.573482
vt 129.529060 -216.573482
vt 129.612393 -216.490149
vt 129.529060 -216.490149
vt 129.445727 -216.573482
vt 129.362393 -216.656816
vt 129.445727 -216.490149
vt 129.362393 -216.573482
vt 129.362393 -216.490149
vt 129.691566 -216.744310
vt 129.671773 -216.764103
vt 129.696316 -216.764103
vt 129.676523 -216.783896
vt 129.701066 -216.783896
vt 129.681273 -216.803689
vt 129.705816 -216.803689
vt 129.651980 -216.783896
vt 129.656730 -216.803689
vt 129.632187 -216.803689
vt 129.632187 -216.553689
vt 129.632187 -216.637023
vt 129.651980 -216.617229
vt 129.651980 -216.700563
vt 129.671773 -216.680769
vt 129.632187 -216.720356
vt 129.629346 -216.541852
vt 129.649139 -216.605393
vt 129.646298 -216.593556
vt 129.666092 -216.657096
vt 129.663251 -216.645259
vt 129.683044 -216.708799
vt 129.680203 -216.696962
vt 129.668932 -216.668933
vt 129.685885 -216.720636
vt 129.688725 -216.732473
vt 129.616938 -216.490149
vt 129.633890 -216.541852
vt 129.621482 -216.490149
vt 129.638435 -216.541852
vt 129.626027 -216.490149
vt 129.642979 -216.541852
vt 129.630571 -216.490149
vt 129.650843 -216.593556
vt 129.655387 -216.593556
vt 129.667795 -216.645259
vt 127.612393 -216.406816
vt 127.567747 -216.451462
vt 127.567747 -216.368129
vt 127.523100 -216.412775
vt 127.523100 -216.329442
vt 127.478454 -216.374088
vt 127.478454 -216.290755
vt 127.433808 -216.335401
vt 127.612393 -216.323482
vt 127.567747 -216.284796
vt 127.523100 -216.246109
vt 127.612393 -216.240149
vt 127.567747 -216.201462
vt 127.612393 -216.156816
vt 127.532385 -216.451462
vt 127.497023 -216.451462
vt 127.461661 -216.451462
vt 127.487738 -216.412775
vt 127.452376 -216.412775
vt 127.443092 -216.374088
vt 127.423093 -216.290755
vt 127.467740 -216.246109
vt 127.412379 -216.246109
vt 127.457025 -216.201462
vt 127.401664 -216.201462
vt 127.446311 -216.156816
vt 127.390950 -216.156816
vt 127.512386 -216.201462
vt 127.501671 -216.156816
vt 127.557032 -216.156816
vt 127.945727 -216.406816
vt 127.862393 -216.406816
vt 127.779060 -216.406816
vt 127.695727 -216.406816
vt 127.945727 -216.323482
vt 127.862393 -216.323482
vt 127.779060 -216.323482
vt 127.945727 -216.240149
vt 127.862393 -216.240149
vt 127.945727 -216.156816
vt 127.862393 -216.156816
vt 127.779060 -216.240149
vt 127.695727 -216.323482
vt 127.779060 -216.156816
vt 127.695727 -216.240149
vt 127.695727 -216.156816
vt 128.279060 -216.406816
vt 128.195727 -216.406816
vt 128.112393 -216.406816
vt 128.029060 -216.406816
vt 128.279060 -216.323482
vt 128.195727 -216.323482
vt 128.112393 -216.323482
vt 128.279060 -216.240149
vt 128.195727 -216.240149
vt 128.279060 -216.156816
vt 128.195727 -216.156816
vt 128.112393 -216.240149
vt 128.029060 -216.323482
vt 128.112393 -216.156816
vt 128.029060 -216.240149
vt 128.029060 -216.156816
vt 128.612393 -216.406816
vt 128.529060 -216.406816
vt 128.445727 -216.406816
vt 128.362393 -216.406816
vt 128.612393 -216.323482
vt 128.529060 -216.323482
vt 128.445727 -216.323482
vt 128.612393 -216.240149
vt 128.529060 -216.240149
vt 128.612393 -216.156816
vt 128.529060 -216.156816
vt 128.445727 -216.240149
vt 128.362393 -216.323482
vt 128.445727 -216.156816
vt 128.362393 -216.240149
vt 128.362393 -216.156816
vt 128.945727 -216.406816
vt 128.862393 -216.406816
vt 128.779060 -216.406816
vt 128.695727 -216.406816
vt 128.945727 -216.323482
vt 128.862393 -216.323482
vt 128.779060 -216.323482
vt 128.945727 -216.240149
vt 128.862393 -216.240149
vt 128.945727 -216.156816
vt 128.862393 -216.156816
vt 128.779060 -216.240149
vt 128.695727 -216.323482
vt 128.779060 -216.156816
vt 128.695727 -216.240149
vt 128.695727 -216.156816
vt 129.279060 -216.406816
vt 129.195727 -216.406816
vt 129.112393 -216.406816
vt 129.029060 -216.406816
vt 129.279060 -216.323482
vt 129.195727 -216.323482
vt 129.112393 -216.323482
vt 129.279060 -216.240149
vt 129.195727 -216.240149
vt 129.279060 -216.156816
vt 129.195727 -216.156816
vt 129.112393 -216.240149
vt 129.029060 -216.323482
vt 129.112393 -216.156816
vt 129.029060 -216.240149
vt 129.029060 -216.156816
vt 129.362393 -216.471213
vt 129.445727 -216.471213
vt 129.445727 -216.452276
vt 129.529060 -216.452276
vt 129.529060 -216.433340
vt 129.612393 -216.433340
vt 129.612393 -216.414403
vt 129.529060 -216.471213
vt 129.612393 -216.452276
vt 129.612393 -216.471213
vt 129.359959 -216.461070
vt 129.443292 -216.442133
vt 129.440858 -216.431990
vt 129.524192 -216.413054
vt 129.521757 -216.402911
vt 129.605091 -216.383974
vt 129.602657 -216.373831
vt 129.526626 -216.423197
vt 129.607525 -216.394117
vt 129.609959 -216.404260
vt 129.349930 -216.419279
vt 129.430829 -216.390200
vt 129.420800 -216.348409
vt 129.501699 -216.319330
vt 129.491670 -216.277539
vt 129.572569 -216.248460
vt 129.562540 -216.206669
vt 129.511728 -216.361120
vt 129.582598 -216.290250
vt 129.592627 -216.332041
vt 129.349930 -216.169279
vt 129.349930 -216.252612
vt 129.420800 -216.181742
vt 129.420800 -216.265076
vt 129.491670 -216.194206
vt 129.349930 -216.335946
vt 129.346939 -216.156816
vt 129.417809 -216.169279
vt 129.414818 -216.156816
vt 129.485688 -216.169279
vt 129.482697 -216.156816
vt 129.553567 -216.169279
vt 129.550576 -216.156816
vt 129.488679 -216.181742
vt 129.556558 -216.181742
vt 129.559549 -216.194206
vt 129.627053 -216.475489
vt 129.623388 -216.479154
vt 129.627933 -216.479154
vt 129.624268 -216.482819
vt 129.628812 -216.482819
vt 129.625147 -216.486484
vt 129.629692 -216.486484
vt 129.619723 -216.482819
vt 129.620603 -216.486484
vt 129.616058 -216.486484
vt 129.616058 -216.429675
vt 129.616058 -216.448611
vt 129.619723 -216.444946
vt 129.619723 -216.463883
vt 129.623388 -216.460218
vt 129.616058 -216.467548
vt 127.612393 -216.073482
vt 127.551619 -216.134257
vt 127.551619 -216.050924
vt 127.490844 -216.111698
vt 127.490844 -216.028365
vt 127.430069 -216.089140
vt 127.430069 -216.005806
vt 127.369295 -216.066581
vt 127.612393 -215.990149
vt 127.551619 -215.967590
vt 127.490844 -215.945032
vt 127.612393 -215.906816
vt 127.551619 -215.884257
vt 127.612393 -215.823482
vt 127.496258 -216.134257
vt 127.440897 -216.134257
vt 127.385536 -216.134257
vt 127.435483 -216.111698
vt 127.380122 -216.111698
vt 127.374708 -216.089140
vt 127.537034 -215.823482
vt 127.541294 -215.841235
vt 127.465934 -215.841235
vt 127.470195 -215.858988
vt 127.394835 -215.858988
vt 127.399095 -215.876740
vt 127.323736 -215.876740
vt 127.327996 -215.894493
vt 127.461674 -215.823482
vt 127.390575 -215.841235
vt 127.319475 -215.858988
vt 127.386314 -215.823482
vt 127.315215 -215.841235
vt 127.310954 -215.823482
vt 127.480519 -215.902010
vt 127.419745 -215.962784
vt 127.358970 -216.023559
vt 127.409420 -215.919762
vt 127.348645 -215.980537
vt 127.338321 -215.937515
vt 127.945727 -216.073482
vt 127.862393 -216.073482
vt 127.779060 -216.073482
vt 127.695727 -216.073482
vt 127.945727 -215.990149
vt 127.862393 -215.990149
vt 127.779060 -215.990149
vt 127.945727 -215.906816
vt 127.862393 -215.906816
vt 127.945727 -215.823482
vt 127.862393 -215.823482
vt 127.779060 -215.906816
vt 127.695727 -215.990149
vt 127.779060 -215.823482
vt 127.695727 -215.906816
vt 127.695727 -215.823482
vt 128.279060 -216.073482
vt 128.195727 -216.073482
vt 128.112393 -216.073482
vt 128.029060 -216.073482
vt 128.279060 -215.990149
vt 128.195727 -215.990149
vt 128.112393 -215.990149
vt 128.279060 -215.906816
vt 128.195727 -215.906816
vt 128.279060 -215.823482
vt 128.195727 -215.823482
vt 128.112393 -215.906816
vt 128.029060 -215.990149
vt 128.112393 -215.823482
vt 128.029060 -215.906816
vt 128.029060 -215.823482
vt 128.612393 -216.073482
vt 128.529060 -216.073482
vt 128.445727 -216.073482
vt 128.362393 -216.073482
vt 128.612393 -215.990149
vt 128.529060 -215.990149
vt 128.445727 -215.990149
vt 128.612393 -215.906816
vt 128.529060 -215.906816
vt 128.612393 -215.823482
vt 128.529060 -215.823482
vt 128.445727 -215.906816
vt 128.362393 -215.990149
vt 128.445727 -215.823482
vt 128.362393 -215.906816
vt 128.362393 -215.823482
vt 128.945727 -216.073482
vt 128.862393 -216.073482
vt 128.779060 -216.073482
vt 128.695727 -216.073482
vt 128.945727 -215.990149
vt 128.862393 -215.990149
vt 128.779060 -215.990149
vt 128.945727 -215.906816
vt 128.862393 -215.906816
vt 128.945727 -215.823482
vt 128.862393 -215.823482
vt 128.779060 -215.906816
vt 128.695727 -215.990149
vt 128.779060 -215.823482
vt 128.695727 -215.906816
vt 128.695727 -215.823482
vt 129.279060 -216.073482
vt 129.195727 -216.073482
vt 129.112393 -216.073482
vt 129.029060 -216.073482
vt 129.279060 -215.990149
vt 129.195727 -215.990149
vt 129.112393 -215.990149
vt 129.279060 -215.906816
vt 129.195727 -215.906816
vt 129.279060 -215.823482
vt 129.195727 -215.823482
vt 129.112393 -215.906816
vt 129.029060 -215.990149
vt 129.112393 -215.823482
vt 129.029060 -215.906816
vt 129.029060 -215.823482
vt 129.498027 -215.937849
vt 129.443285 -215.992590
vt 129.511164 -215.992590
vt 129.456422 -216.047332
vt 129.524302 -216.047332
vt 129.469560 -216.102074
vt 129.537439 -216.102074
vt 129.388543 -216.047332
vt 129.401681 -216.102074
vt 129.333802 -216.102074
vt 129.333802 -215.852074
vt 129.333802 -215.935407
vt 129.388543 -215.880666
vt 129.388543 -215.963999
vt 129.443285 -215.909257
vt 129.333802 -216.018741
vt 129.326940 -215.823482
vt 129.381682 -215.852074
vt 129.374820 -215.823482
vt 129.429562 -215.852074
vt 129.422701 -215.823482
vt 129.477442 -215.852074
vt 129.470581 -215.823482
vt 129.436424 -215.880666
vt 129.484304 -215.880666
vt 129.491165 -215.909257
vt 127.279060 -215.490149
vt 127.269362 -215.499847
vt 127.271907 -215.510452
vt 127.262209 -215.520150
vt 127.264755 -215.530756
vt 127.255057 -215.540453
vt 127.257602 -215.551059
vt 127.247904 -215.560757
vt 127.250449 -215.571362
vt 127.259664 -215.509545
vt 127.252512 -215.529848
vt 127.245359 -215.550151
vt 127.249966 -215.519243
vt 127.242814 -215.539546
vt 127.240269 -215.528941
vt 127.279060 -215.540257
vt 127.271907 -215.560560
vt 127.279060 -215.590365
vt 127.271907 -215.610668
vt 127.279060 -215.640473
vt 127.271907 -215.660776
vt 127.279060 -215.690581
vt 127.264755 -215.580863
vt 127.264755 -215.630971
vt 127.257602 -215.601167
vt 127.237941 -215.519243
vt 127.247639 -215.509545
vt 127.235614 -215.509545
vt 127.245312 -215.499847
vt 127.233287 -215.499847
vt 127.242984 -215.490149
vt 127.230959 -215.490149
vt 127.257337 -215.499847
vt 127.255010 -215.490149
vt 127.267035 -215.490149
vt 127.612393 -215.740149
vt 127.535490 -215.817052
vt 127.535490 -215.733719
vt 127.458587 -215.810622
vt 127.458587 -215.727288
vt 127.381685 -215.804191
vt 127.381685 -215.720858
vt 127.304782 -215.797761
vt 127.612393 -215.656816
vt 127.535490 -215.650385
vt 127.458587 -215.643955
vt 127.612393 -215.573482
vt 127.535490 -215.567052
vt 127.612393 -215.490149
vt 127.460131 -215.817052
vt 127.384771 -215.817052
vt 127.309411 -215.817052
vt 127.383228 -215.810622
vt 127.307868 -215.810622
vt 127.306325 -215.804191
vt 127.529060 -215.490149
vt 127.529060 -215.540257
vt 127.445727 -215.540257
vt 127.445727 -215.590365
vt 127.362393 -215.590365
vt 127.362393 -215.640473
vt 127.445727 -215.490149
vt 127.362393 -215.540257
vt 127.362393 -215.490149
vt 127.452157 -215.617160
vt 127.375254 -215.694063
vt 127.298351 -215.770966
vt 127.368824 -215.667268
vt 127.291921 -215.744171
vt 127.285490 -215.717376
vt 127.945727 -215.740149
vt 127.862393 -215.740149
vt 127.779060 -215.740149
vt 127.695727 -215.740149
vt 127.945727 -215.656816
vt 127.862393 -215.656816
vt 127.779060 -215.656816
vt 127.945727 -215.573482
vt 127.862393 -215.573482
vt 127.945727 -215.490149
vt 127.862393 -215.490149
vt 127.779060 -215.573482
vt 127.695727 -215.656816
vt 127.779060 -215.490149
vt 127.695727 -215.573482
vt 127.695727 -215.490149
vt 128.279060 -215.740149
vt 128.195727 -215.740149
vt 128.112393 -215.740149
vt 128.029060 -215.740149
vt 128.279060 -215.656816
vt 128.195727 -215.656816
vt 128.112393 -215.656816
vt 128.279060 -215.573482
vt 128.195727 -215.573482
vt 128.279060 -215.490149
vt 128.195727 -215.490149
vt 128.112393 -215.573482
vt 128.029060 -215.656816
vt 128.112393 -215.490149
vt 128.029060 -215.573482
vt 128.029060 -215.490149
vt 128.612393 -215.740149
vt 128.529060 -215.740149
vt 128.445727 -215.740149
vt 128.362393 -215.740149
vt 128.612393 -215.656816
vt 128.529060 -215.656816
vt 128.445727 -215.656816
vt 128.612393 -215.573482
vt 128.529060 -215.573482
vt 128.612393 -215.490149
vt 128.529060 -215.490149
vt 128.445727 -215.573482
vt 128.362393 -215.656816
vt 128.445727 -215.490149
vt 128.362393 -215.573482
vt 128.362393 -215.490149
vt 128.945727 -215.740149
vt 128.862393 -215.740149
vt 128.779060 -215.740149
vt 128.695727 -215.740149
vt 128.945727 -215.656816
vt 128.862393 -215.656816
vt 128.779060 -215.656816
vt 128.945727 -215.573482
vt 128.862393 -215.573482
vt 128.945727 -215.490149
vt 128.862393 -215.490149
vt 128.779060 -215.573482
vt 128.695727 -215.656816
vt 128.779060 -215.490149
vt 128.695727 -215.573482
vt 128.695727 -215.490149
vt 129.279060 -215.740149
vt 129.195727 -215.740149
vt 129.112393 -215.740149
vt 129.029060 -215.740149
vt 129.279060 -215.656816
vt 129.195727 -215.656816
vt 129.112393 -215.656816
vt 129.279060 -215.573482
vt 129.195727 -215.573482
vt 129.279060 -215.490149
vt 129.195727 -215.490149
vt 129.112393 -215.573482
vt 129.029060 -215.656816
vt 129.112393 -215.490149
vt 129.029060 -215.573482
vt 129.029060 -215.490149
vt 129.321186 -215.799504
vt 129.369066 -215.799504
vt 129.363311 -215.775526
vt 129.411192 -215.775526
vt 129.405437 -215.751547
vt 129.453317 -215.751547
vt 129.447563 -215.727569
vt 129.416946 -215.799504
vt 129.459072 -215.775526
vt 129.464826 -215.799504
vt 129.317673 -215.784869
vt 129.359799 -215.760891
vt 129.356287 -215.746255
vt 129.398413 -215.722277
vt 129.394900 -215.707642
vt 129.437026 -215.683663
vt 129.433514 -215.669028
vt 129.401925 -215.736912
vt 129.440538 -215.698299
vt 129.444051 -215.712934
vt 129.317673 -215.534869
vt 129.317673 -215.618202
vt 129.356287 -215.579589
vt 129.356287 -215.662922
vt 129.394900 -215.624309
vt 129.317673 -215.701536
vt 129.306941 -215.490149
vt 129.345555 -215.534869
vt 129.334823 -215.490149
vt 129.373436 -215.534869
vt 129.362704 -215.490149
vt 129.401318 -215.534869
vt 129.390585 -215.490149
vt 129.384168 -215.579589
vt 129.412050 -215.579589
vt 129.422782 -215.624309
vt 127.279060 -215.406816
vt 127.253234 -215.432642
vt 127.253234 -215.349309
vt 127.227408 -215.375135
vt 127.227408 -215.291801
vt 127.201582 -215.317627
vt 127.201582 -215.234294
vt 127.175756 -215.260120
vt 127.279060 -215.323482
vt 127.253234 -215.265975
vt 127.227408 -215.208468
vt 127.279060 -215.240149
vt 127.253234 -215.182642
vt 127.279060 -215.156816
vt 127.241209 -215.432642
vt 127.229183 -215.432642
vt 127.217158 -215.432642
vt 127.215383 -215.375135
vt 127.203357 -215.375135
vt 127.189556 -215.317627
vt 127.169558 -215.234294
vt 127.195384 -215.208468
vt 127.163360 -215.208468
vt 127.189186 -215.182642
vt 127.157162 -215.182642
vt 127.182988 -215.156816
vt 127.150964 -215.156816
vt 127.221210 -215.182642
vt 127.215012 -215.156816
vt 127.247036 -215.156816
vt 127.612393 -215.406816
vt 127.529060 -215.406816
vt 127.445727 -215.406816
vt 127.362393 -215.406816
vt 127.612393 -215.323482
vt 127.529060 -215.323482
vt 127.445727 -215.323482
vt 127.612393 -215.240149
vt 127.529060 -215.240149
vt 127.612393 -215.156816
vt 127.529060 -215.156816
vt 127.445727 -215.240149
vt 127.362393 -215.323482
vt 127.445727 -215.156816
vt 127.362393 -215.240149
vt 127.362393 -215.156816
vt 127.945727 -215.406816
vt 127.862393 -215.406816
vt 127.779060 -215.406816
vt 127.695727 -215.406816
vt 127.945727 -215.323482
vt 127.862393 -215.323482
vt 127.779060 -215.323482
vt 127.945727 -215.240149
vt 127.862393 -215.240149
vt 127.945727 -215.156816
vt 127.862393 -215.156816
vt 127.779060 -215.240149
vt 127.695727 -215.323482
vt 127.779060 -215.156816
vt 127.695727 -215.240149
vt 127.695727 -215.156816
vt 128.279060 -215.406816
vt 128.195727 -215.406816
vt 128.112393 -215.406816
vt 128.029060 -215.406816
vt 128.279060 -215.323482
vt 128.195727 -215.323482
vt 128.112393 -215.323482
vt 128.279060 -215.240149
vt 128.195727 -215.240149
vt 128.279060 -215.156816
vt 128.195727 -215.156816
vt 128.112393 -215.240149
vt 128.029060 -215.323482
vt 128.112393 -215.156816
vt 128.029060 -215.240149
vt 128.029060 -215.156816
vt 128.612393 -215.406816
vt 128.529060 -215.406816
vt 128.445727 -215.406816
vt 128.362393 -215.406816
vt 128.612393 -215.323482
vt 128.529060 -215.323482
vt 128.445727 -215.323482
vt 128.612393 -215.240149
vt 128.529060 -215.240149
vt 128.612393 -215.156816
vt 128.529060 -215.156816
vt 128.445727 -215.240149
vt 128.362393 -215.323482
vt 128.445727 -215.156816
vt 128.362393 -215.240149
vt 128.362393 -215.156816
vt 128.945727 -215.406816
vt 128.862393 -215.406816
vt 128.779060 -215.406816
vt 128.695727 -215.406816
vt 128.945727 -215.323482
vt 128.862393 -215.323482
vt 128.779060 -215.323482
vt 128.945727 -215.240149
vt 128.862393 -215.240149
vt 128.945727 -215.156816
vt 128.862393 -215.156816
vt 128.779060 -215.240149
vt 128.695727 -215.323482
vt 128.779060 -215.156816
vt 128.695727 -215.240149
vt 128.695727 -215.156816
vt 129.279060 -215.406816
vt 129.195727 -215.406816
vt 129.112393 -215.406816
vt 129.029060 -215.406816
vt 129.279060 -215.323482
vt 129.195727 -215.323482
vt 129.112393 -215.323482
vt 129.279060 -215.240149
vt 129.195727 -215.240149
vt 129.279060 -215.156816
vt 129.195727 -215.156816
vt 129.112393 -215.240149
vt 129.029060 -215.323482
vt 129.112393 -215.156816
vt 129.029060 -215.240149
vt 129.029060 -215.156816
vt 129.301799 -215.468721
vt 129.329680 -215.468721
vt 129.324538 -215.447293
vt 129.352419 -215.447293
vt 129.347277 -215.425865
vt 129.375158 -215.425865
vt 129.370016 -215.404437
vt 129.357562 -215.468721
vt 129.380301 -215.447293
vt 129.385443 -215.468721
vt 129.301545 -215.467664
vt 129.324284 -215.446236
vt 129.324030 -215.445179
vt 129.346769 -215.423751
vt 129.346516 -215.422693
vt 129.369255 -215.401265
vt 129.369001 -215.400208
vt 129.347023 -215.424808
vt 129.369508 -215.402323
vt 129.369762 -215.403380
vt 129.301545 -215.217664
vt 129.301545 -215.300997
vt 129.324030 -215.278512
vt 129.324030 -215.361845
vt 129.346516 -215.339360
vt 129.301545 -215.384331
vt 129.286943 -215.156816
vt 129.309428 -215.217664
vt 129.294825 -215.156816
vt 129.317310 -215.217664
vt 129.302708 -215.156816
vt 129.325193 -215.217664
vt 129.310590 -215.156816
vt 129.331913 -215.278512
vt 129.339796 -215.278512
vt 129.354398 -215.339360
vt 127.279060 -215.073482
vt 127.237106 -215.115437
vt 127.237106 -215.032103
vt 127.195151 -215.074058
vt 127.195151 -214.990725
vt 127.153197 -215.032679
vt 127.153197 -214.949346
vt 127.111242 -214.991300
vt 127.279060 -214.990149
vt 127.237106 -214.948770
vt 127.195151 -214.907391
vt 127.279060 -214.906816
vt 127.237106 -214.865437
vt 127.279060 -214.823482
vt 127.205082 -215.115437
vt 127.173058 -215.115437
vt 127.141034 -215.115437
vt 127.163127 -215.074058
vt 127.131103 -215.074058
vt 127.121173 -215.032679
vt 127.106275 -214.949346
vt 127.148229 -214.907391
vt 127.101307 -214.907391
vt 127.143261 -214.865437
vt 127.096339 -214.865437
vt 127.138294 -214.823482
vt 127.091372 -214.823482
vt 127.190184 -214.865437
vt 127.185216 -214.823482
vt 127.232138 -214.823482
vt 127.107271 -214.974750
vt 127.102303 -214.932795
vt 127.103299 -214.958200
vt 127.098331 -214.916245
vt 127.099327 -214.941650
vt 127.094359 -214.899695
vt 127.095355 -214.925099
vt 127.097335 -214.890841
vt 127.093364 -214.874291
vt 127.092368 -214.848887
vt 127.612393 -215.073482
vt 127.529060 -215.073482
vt 127.445727 -215.073482
vt 127.362393 -215.073482
vt 127.612393 -214.990149
vt 127.529060 -214.990149
vt 127.445727 -214.990149
vt 127.612393 -214.906816
vt 127.529060 -214.906816
vt 127.612393 -214.823482
vt 127.529060 -214.823482
vt 127.445727 -214.906816
vt 127.362393 -214.990149
vt 127.445727 -214.823482
vt 127.362393 -214.906816
vt 127.362393 -214.823482
vt 127.945727 -215.073482
vt 127.862393 -215.073482
vt 127.779060 -215.073482
vt 127.695727 -215.073482
vt 127.945727 -214.990149
vt 127.862393 -214.990149
vt 127.779060 -214.990149
vt 127.945727 -214.906816
vt 127.862393 -214.906816
vt 127.945727 -214.823482
vt 127.862393 -214.823482
vt 127.779060 -214.906816
vt 127.695727 -214.990149
vt 127.779060 -214.823482
vt 127.695727 -214.906816
vt 127.695727 -214.823482
vt 128.279060 -215.073482
vt 128.195727 -215.073482
vt 128.112393 -215.073482
vt 128.029060 -215.073482
vt 128.279060 -214.990149
vt 128.195727 -214.990149
vt 128.112393 -214.990149
vt 128.279060 -214.906816
vt 128.195727 -214.906816
vt 128.279060 -214.823482
vt 128.195727 -214.823482
vt 128.112393 -214.906816
vt 128.029060 -214.990149
vt 128.112393 -214.823482
vt 128.029060 -214.906816
vt 128.029060 -214.823482
vt 128.612393 -215.073482
vt 128.529060 -215.073482
vt 128.445727 -215.073482
vt 128.362393 -215.073482
vt 128.612393 -214.990149
vt 128.529060 -214.990149
vt 128.445727 -214.990149
vt 128.612393 -214.906816
vt 128.529060 -214.906816
vt 128.612393 -214.823482
vt 128.529060 -214.823482
vt 128.445727 -214.906816
vt 128.362393 -214.990149
vt 128.445727 -214.823482
vt 128.362393 -214.906816
vt 128.362393 -214.823482
vt 128.945727 -215.073482
vt 128.862393 -215.073482
vt 128.779060 -215.073482
vt 128.695727 -215.073482
vt 128.945727 -214.990149
vt 128.862393 -214.990149
vt 128.779060 -214.990149
vt 128.945727 -214.906816
vt 128.862393 -214.906816
vt 128.945727 -214.823482
vt 128.862393 -214.823482
vt 128.779060 -214.906816
vt 128.695727 -214.990149
vt 128.779060 -214.823482
vt 128.695727 -214.906816
vt 128.695727 -214.823482
vt 129.029060 -215.123970
vt 129.112393 -215.123970
vt 129.112393 -215.091124
vt 129.195727 -215.091124
vt 129.195727 -215.058278
vt 129.279060 -215.058278
vt 129.279060 -215.025432
vt 129.195727 -215.123970
vt 129.279060 -215.091124
vt 129.279060 -215.123970
vt 129.019289 -215.083254
vt 129.102622 -215.050408
vt 129.092851 -215.009692
vt 129.176184 -214.976846
vt 129.166413 -214.936130
vt 129.249746 -214.903284
vt 129.239975 -214.862568
vt 129.185955 -215.017562
vt 129.259517 -214.944000
vt 129.269289 -214.984716
vt 129.019289 -214.833254
vt 129.019289 -214.916587
vt 129.092851 -214.843025
vt 129.092851 -214.926358
vt 129.166413 -214.852796
vt 129.019289 -214.999920
vt 129.016944 -214.823482
vt 129.090506 -214.833254
vt 129.088161 -214.823482
vt 129.161723 -214.833254
vt 129.159378 -214.823482
vt 129.232940 -214.833254
vt 129.230595 -214.823482
vt 129.164068 -214.843025
vt 129.235285 -214.843025
vt 129.237630 -214.852796
vt 129.304488 -215.131388
vt 129.298131 -215.137745
vt 129.306013 -215.137745
vt 129.299656 -215.144102
vt 129.307539 -215.144102
vt 129.301182 -215.150459
vt 129.309065 -215.150459
vt 129.291774 -215.144102
vt 129.293300 -215.150459
vt 129.285417 -215.150459
vt 129.285417 -215.051921
vt 129.285417 -215.084767
vt 129.291774 -215.078410
vt 129.291774 -215.111256
vt 129.298131 -215.104899
vt 129.285417 -215.117613
vt 127.279060 -214.740149
vt 127.230764 -214.788445
vt 127.230764 -214.705111
vt 127.182469 -214.753407
vt 127.182469 -214.670074
vt 127.134173 -214.718369
vt 127.134173 -214.635036
vt 127.085878 -214.683332
vt 127.279060 -214.656816
vt 127.230764 -214.621778
vt 127.182469 -214.586740
vt 127.279060 -214.573482
vt 127.230764 -214.538445
vt 127.279060 -214.490149
vt 127.183842 -214.788445
vt 127.136920 -214.788445
vt 127.089998 -214.788445
vt 127.135547 -214.753407
vt 127.088625 -214.753407
vt 127.087251 -214.718369
vt 127.086594 -214.635036
vt 127.134890 -214.586740
vt 127.087311 -214.586740
vt 127.135607 -214.538445
vt 127.088028 -214.538445
vt 127.136324 -214.490149
vt 127.088745 -214.490149
vt 127.183186 -214.538445
vt 127.183902 -214.490149
vt 127.231481 -214.490149
vt 127.084235 -214.641430
vt 127.084952 -214.593134
vt 127.082592 -214.599528
vt 127.083309 -214.551232
vt 127.080950 -214.557626
vt 127.081666 -214.509330
vt 127.079307 -214.515724
vt 127.085668 -214.544839
vt 127.084026 -214.502937
vt 127.086385 -214.496543
vt 127.612393 -214.740149
vt 127.529060 -214.740149
vt 127.445727 -214.740149
vt 127.362393 -214.740149
vt 127.612393 -214.656816
vt 127.529060 -214.656816
vt 127.445727 -214.656816
vt 127.612393 -214.573482
vt 127.529060 -214.573482
vt 127.612393 -214.490149
vt 127.529060 -214.490149
vt 127.445727 -214.573482
vt 127.362393 -214.656816
vt 127.445727 -214.490149
vt 127.362393 -214.573482
vt 127.362393 -214.490149
vt 127.945727 -214.740149
vt 127.862393 -214.740149
vt 127.779060 -214.740149
vt 127.695727 -214.740149
vt 127.945727 -214.656816
vt 127.862393 -214.656816
vt 127.779060 -214.656816
vt 127.945727 -214.573482
vt 127.862393 -214.573482
vt 127.945727 -214.490149
vt 127.862393 -214.490149
vt 127.779060 -214.573482
vt 127.695727 -214.656816
vt 127.779060 -214.490149
vt 127.695727 -214.573482
vt 127.695727 -214.490149
vt 128.279060 -214.740149
vt 128.195727 -214.740149
vt 128.112393 -214.740149
vt 128.029060 -214.740149
vt 128.279060 -214.656816
vt 128.195727 -214.656816
vt 128.112393 -214.656816
vt 128.279060 -214.573482
vt 128.195727 -214.573482
vt 128.279060 -214.490149
vt 128.195727 -214.490149
vt 128.112393 -214.573482
vt 128.029060 -214.656816
vt 128.112393 -214.490149
vt 128.029060 -214.573482
vt 128.029060 -214.490149
vt 128.612393 -214.740149
vt 128.529060 -214.740149
vt 128.445727 -214.740149
vt 128.362393 -214.740149
vt 128.612393 -214.656816
vt 128.529060 -214.656816
vt 128.445727 -214.656816
vt 128.612393 -214.573482
vt 128.529060 -214.573482
vt 128.612393 -214.490149
vt 128.529060 -214.490149
vt 128.445727 -214.573482
vt 128.362393 -214.656816
vt 128.445727 -214.490149
vt 128.362393 -214.573482
vt 128.362393 -214.490149
vt 128.945727 -214.740149
vt 128.862393 -214.740149
vt 128.779060 -214.740149
vt 128.695727 -214.740149
vt 128.945727 -214.656816
vt 128.862393 -214.656816
vt 128.779060 -214.656816
vt 128.945727 -214.573482
vt 128.862393 -214.573482
vt 128.945727 -214.490149
vt 128.862393 -214.490149
vt 128.779060 -214.573482
vt 128.695727 -214.656816
vt 128.779060 -214.490149
vt 128.695727 -214.573482
vt 128.695727 -214.490149
vt 129.013026 -214.807156
vt 129.084243 -214.807156
vt 129.080324 -214.790829
vt 129.151541 -214.790829
vt 129.147623 -214.774502
vt 129.218840 -214.774502
vt 129.214922 -214.758175
vt 129.155460 -214.807156
vt 129.222759 -214.790829
vt 129.226677 -214.807156
vt 129.003160 -214.766049
vt 129.070459 -214.749722
vt 129.060594 -214.708615
vt 129.127893 -214.692288
vt 129.118028 -214.651181
vt 129.185327 -214.634854
vt 129.175462 -214.593747
vt 129.137758 -214.733395
vt 129.195192 -214.675961
vt 129.205057 -214.717068
vt 129.003160 -214.516049
vt 129.003160 -214.599382
vt 129.060594 -214.541948
vt 129.060594 -214.625282
vt 129.118028 -214.567848
vt 129.003160 -214.682715
vt 128.996945 -214.490149
vt 129.054379 -214.516049
vt 129.048163 -214.490149
vt 129.105597 -214.516049
vt 129.099381 -214.490149
vt 129.156815 -214.516049
vt 129.150600 -214.490149
vt 129.111813 -214.541948
vt 129.163031 -214.541948
vt 129.169246 -214.567848
vt 127.279060 -214.406816
vt 127.252392 -214.433484
vt 127.252392 -214.350151
vt 127.225723 -214.376819
vt 127.225723 -214.293486
vt 127.199055 -214.320154
vt 127.199055 -214.236821
vt 127.172387 -214.263489
vt 127.279060 -214.323482
vt 127.252392 -214.266817
vt 127.225723 -214.210152
vt 127.279060 -214.240149
vt 127.252392 -214.183484
vt 127.279060 -214.156816
vt 127.204813 -214.433484
vt 127.157234 -214.433484
vt 127.109655 -214.433484
vt 127.178144 -214.376819
vt 127.130566 -214.376819
vt 127.151476 -214.320154
vt 127.182228 -214.236821
vt 127.208896 -214.210152
vt 127.192069 -214.210152
vt 127.218737 -214.183484
vt 127.201910 -214.183484
vt 127.228578 -214.156816
vt 127.211751 -214.156816
vt 127.235564 -214.183484
vt 127.245406 -214.156816
vt 127.262233 -214.156816
vt 127.612393 -214.406816
vt 127.529060 -214.406816
vt 127.445727 -214.406816
vt 127.362393 -214.406816
vt 127.612393 -214.323482
vt 127.529060 -214.323482
vt 127.445727 -214.323482
vt 127.612393 -214.240149
vt 127.529060 -214.240149
vt 127.612393 -214.156816
vt 127.529060 -214.156816
vt 127.445727 -214.240149
vt 127.362393 -214.323482
vt 127.445727 -214.156816
vt 127.362393 -214.240149
vt 127.362393 -214.156816
vt 127.945727 -214.406816
vt 127.862393 -214.406816
vt 127.779060 -214.406816
vt 127.695727 -214.406816
vt 127.945727 -214.323482
vt 127.862393 -214.323482
vt 127.779060 -214.323482
vt 127.945727 -214.240149
vt 127.862393 -214.240149
vt 127.945727 -214.156816
vt 127.862393 -214.156816
vt 127.779060 -214.240149
vt 127.695727 -214.323482
vt 127.779060 -214.156816
vt 127.695727 -214.240149
vt 127.695727 -214.156816
vt 128.279060 -214.406816
vt 128.195727 -214.406816
vt 128.112393 -214.406816
vt 128.029060 -214.406816
vt 128.279060 -214.323482
vt 128.195727 -214.323482
vt 128.112393 -214.323482
vt 128.279060 -214.240149
vt 128.195727 -214.240149
vt 128.279060 -214.156816
vt 128.195727 -214.156816
vt 128.112393 -214.240149
vt 128.029060 -214.323482
vt 128.112393 -214.156816
vt 128.029060 -214.240149
vt 128.029060 -214.156816
vt 128.612393 -214.406816
vt 128.529060 -214.406816
vt 128.445727 -214.406816
vt 128.362393 -214.406816
vt 128.612393 -214.323482
vt 128.529060 -214.323482
vt 128.445727 -214.323482
vt 128.612393 -214.240149
vt 128.529060 -214.240149
vt 128.612393 -214.156816
vt 128.529060 -214.156816
vt 128.445727 -214.240149
vt 128.362393 -214.323482
vt 128.445727 -214.156816
vt 128.362393 -214.240149
vt 128.362393 -214.156816
vt 128.945727 -214.406816
vt 128.862393 -214.406816
vt 128.779060 -214.406816
vt 128.695727 -214.406816
vt 128.945727 -214.323482
vt 128.862393 -214.323482
vt 128.779060 -214.323482
vt 128.945727 -214.240149
vt 128.862393 -214.240149
vt 128.945727 -214.156816
vt 128.862393 -214.156816
vt 128.779060 -214.240149
vt 128.695727 -214.323482
vt 128.779060 -214.156816
vt 128.695727 -214.240149
vt 128.695727 -214.156816
vt 129.094297 -214.341579
vt 129.057155 -214.378721
vt 129.108373 -214.378721
vt 129.071230 -214.415864
vt 129.122448 -214.415864
vt 129.085306 -214.453006
vt 129.136524 -214.453006
vt 129.020012 -214.415864
vt 129.034088 -214.453006
vt 128.982869 -214.453006
vt 129.105067 -214.364945
vt 129.119142 -214.402088
vt 129.115836 -214.388311
vt 129.129912 -214.425454
vt 129.126606 -214.411677
vt 129.140681 -214.448820
vt 129.137375 -214.435044
vt 129.133218 -214.439230
vt 129.143987 -214.462596
vt 129.147294 -214.476373
vt 128.982869 -214.203006
vt 128.982869 -214.286340
vt 129.020012 -214.249197
vt 129.020012 -214.332531
vt 129.057155 -214.295388
vt 128.982869 -214.369673
vt 128.961580 -214.156816
vt 128.998723 -214.203006
vt 128.977433 -214.156816
vt 129.014576 -214.203006
vt 128.993287 -214.156816
vt 129.030429 -214.203006
vt 129.009140 -214.156816
vt 129.035865 -214.249197
vt 129.051719 -214.249197
vt 129.073008 -214.295388
vt 127.228578 -214.134793
vt 127.245406 -214.134793
vt 127.245406 -214.112770
vt 127.262233 -214.112770
vt 127.262233 -214.090747
vt 127.279060 -214.090747
vt 127.279060 -214.068724
vt 127.262233 -214.134793
vt 127.279060 -214.112770
vt 127.279060 -214.134793
vt 127.214099 -214.150454
vt 127.230926 -214.128431
vt 127.216446 -214.144093
vt 127.233273 -214.122070
vt 127.218794 -214.137731
vt 127.235621 -214.115708
vt 127.221141 -214.131369
vt 127.247753 -214.106409
vt 127.250101 -214.100047
vt 127.264580 -214.084386
vt 127.612393 -214.073482
vt 127.529060 -214.073482
vt 127.445727 -214.073482
vt 127.362393 -214.073482
vt 127.612393 -213.990149
vt 127.529060 -213.990149
vt 127.445727 -213.990149
vt 127.612393 -213.906816
vt 127.529060 -213.906816
vt 127.612393 -213.823482
vt 127.337945 -214.073482
vt 127.421278 -213.990149
vt 127.396829 -213.990149
vt 127.480163 -213.906816
vt 127.455714 -213.906816
vt 127.539047 -213.823482
vt 127.514599 -213.823482
vt 127.504611 -213.906816
vt 127.563496 -213.823482
vt 127.587945 -213.823482
vt 127.334111 -214.075249
vt 127.392996 -213.991916
vt 127.389163 -213.993683
vt 127.448047 -213.910349
vt 127.444214 -213.912116
vt 127.503099 -213.828783
vt 127.499265 -213.830550
vt 127.451881 -213.908583
vt 127.506932 -213.827016
vt 127.510765 -213.825249
vt 127.334111 -214.053226
vt 127.334111 -214.031204
vt 127.334111 -214.009181
vt 127.389163 -213.971660
vt 127.389163 -213.949637
vt 127.444214 -213.890093
vt 127.945727 -214.073482
vt 127.862393 -214.073482
vt 127.779060 -214.073482
vt 127.695727 -214.073482
vt 127.945727 -213.990149
vt 127.862393 -213.990149
vt 127.779060 -213.990149
vt 127.945727 -213.906816
vt 127.862393 -213.906816
vt 127.945727 -213.823482
vt 127.862393 -213.823482
vt 127.779060 -213.906816
vt 127.695727 -213.990149
vt 127.779060 -213.823482
vt 127.695727 -213.906816
vt 127.695727 -213.823482
vt 128.279060 -214.073482
vt 128.195727 -214.073482
vt 128.112393 -214.073482
vt 128.029060 -214.073482
vt 128.279060 -213.990149
vt 128.195727 -213.990149
vt 128.112393 -213.990149
vt 128.279060 -213.906816
vt 128.195727 -213.906816
vt 128.279060 -213.823482
vt 128.195727 -213.823482
vt 128.112393 -213.906816
vt 128.029060 -213.990149
vt 128.112393 -213.823482
vt 128.029060 -213.906816
vt 128.029060 -213.823482
vt 128.612393 -214.073482
vt 128.529060 -214.073482
vt 128.445727 -214.073482
vt 128.362393 -214.073482
vt 128.612393 -213.990149
vt 128.529060 -213.990149
vt 128.445727 -213.990149
vt 128.612393 -213.906816
vt 128.529060 -213.906816
vt 128.612393 -213.823482
vt 128.529060 -213.823482
vt 128.445727 -213.906816
vt 128.362393 -213.990149
vt 128.445727 -213.823482
vt 128.362393 -213.906816
vt 128.362393 -213.823482
vt 128.695727 -214.128695
vt 128.779060 -214.128695
vt 128.779060 -214.100574
vt 128.862393 -214.100574
vt 128.862393 -214.072453
vt 128.945727 -214.072453
vt 128.945727 -214.044332
vt 128.862393 -214.128695
vt 128.945727 -214.100574
vt 128.945727 -214.128695
vt 128.667038 -214.102171
vt 128.750372 -214.074050
vt 128.721683 -214.047526
vt 128.805016 -214.019405
vt 128.776328 -213.992881
vt 128.859661 -213.964760
vt 128.830973 -213.938236
vt 128.833705 -214.045929
vt 128.888350 -213.991284
vt 128.917038 -214.017808
vt 128.667038 -213.852171
vt 128.667038 -213.935504
vt 128.721683 -213.880859
vt 128.721683 -213.964193
vt 128.776328 -213.909548
vt 128.667038 -214.018838
vt 128.636009 -213.823482
vt 128.690654 -213.852171
vt 128.659624 -213.823482
vt 128.714269 -213.852171
vt 128.683240 -213.823482
vt 128.737884 -213.852171
vt 128.706855 -213.823482
vt 128.745299 -213.880859
vt 128.768914 -213.880859
vt 128.799943 -213.909548
vt 128.989134 -214.113409
vt 128.978282 -214.124260
vt 128.994135 -214.124260
vt 128.983284 -214.135112
vt 128.999137 -214.135112
vt 128.988285 -214.145964
vt 129.004138 -214.145964
vt 128.967430 -214.135112
vt 128.972432 -214.145964
vt 128.956578 -214.145964
vt 128.956578 -214.061601
vt 128.956578 -214.089722
vt 128.967430 -214.078870
vt 128.967430 -214.106991
vt 128.978282 -214.096140
vt 128.956578 -214.117843
vt 128.950767 -214.048992
vt 128.961619 -214.066261
vt 128.955807 -214.053652
vt 128.966659 -214.070921
vt 128.960847 -214.058312
vt 128.971699 -214.075581
vt 128.965887 -214.062972
vt 128.972470 -214.083530
vt 128.977511 -214.088190
vt 128.983322 -214.100799
vt 127.539047 -213.812214
vt 127.563496 -213.812214
vt 127.563496 -213.800946
vt 127.587945 -213.800946
vt 127.587945 -213.789677
vt 127.612393 -213.789677
vt 127.612393 -213.778409
vt 127.587945 -213.812214
vt 127.612393 -213.800946
vt 127.612393 -213.812214
vt 127.695727 -213.781648
vt 127.779060 -213.781648
vt 127.779060 -213.739814
vt 127.862393 -213.739814
vt 127.862393 -213.697980
vt 127.945727 -213.697980
vt 127.945727 -213.656145
vt 127.862393 -213.781648
vt 127.945727 -213.739814
vt 127.945727 -213.781648
vt 127.677129 -213.782377
vt 127.760463 -213.740543
vt 127.741865 -213.741272
vt 127.825199 -213.699438
vt 127.806601 -213.700167
vt 127.889935 -213.658333
vt 127.871337 -213.659062
vt 127.843796 -213.698709
vt 127.908532 -213.657604
vt 127.927129 -213.656875
vt 127.633295 -213.802580
vt 127.698032 -213.761475
vt 127.654198 -213.781678
vt 127.718934 -213.740573
vt 127.675100 -213.760776
vt 127.739836 -213.719671
vt 127.696002 -213.739874
vt 127.762768 -213.720370
vt 127.783670 -213.699468
vt 127.827504 -213.679265
vt 127.633295 -213.768775
vt 127.633295 -213.780044
vt 127.654198 -213.759141
vt 127.654198 -213.770410
vt 127.675100 -213.749508
vt 127.633295 -213.791312
vt 128.029060 -213.778381
vt 128.112393 -213.778381
vt 128.112393 -213.733280
vt 128.195727 -213.733280
vt 128.195727 -213.688179
vt 128.279060 -213.688179
vt 128.279060 -213.643078
vt 128.195727 -213.778381
vt 128.279060 -213.733280
vt 128.279060 -213.778381
vt 127.989268 -213.779941
vt 128.072601 -213.734840
vt 128.032809 -213.736400
vt 128.116142 -213.691299
vt 128.076350 -213.692859
vt 128.159683 -213.647758
vt 128.119891 -213.649318
vt 128.155934 -213.689739
vt 128.199476 -213.646198
vt 128.239268 -213.644638
vt 127.989268 -213.654439
vt 127.989268 -213.696273
vt 128.032809 -213.652732
vt 128.032809 -213.694566
vt 128.076350 -213.651025
vt 127.989268 -213.738107
vt 128.362393 -213.808964
vt 128.445727 -213.808964
vt 128.445727 -213.794446
vt 128.529060 -213.794446
vt 128.529060 -213.779928
vt 128.612393 -213.779928
vt 128.612393 -213.765410
vt 128.529060 -213.808964
vt 128.612393 -213.794446
vt 128.612393 -213.808964
vt 128.312127 -213.790415
vt 128.395461 -213.775897
vt 128.345195 -213.757348
vt 128.428528 -213.742830
vt 128.378262 -213.724281
vt 128.461595 -213.709762
vt 128.411329 -213.691213
vt 128.478794 -213.761379
vt 128.511861 -213.728312
vt 128.562127 -213.746861
vt 128.312127 -213.655112
vt 128.312127 -213.700213
vt 128.345195 -213.667146
vt 128.345195 -213.712247
vt 128.378262 -213.679180
vt 128.312127 -213.745314
vt 128.279473 -213.643062
vt 128.312540 -213.655096
vt 128.279886 -213.643046
vt 128.312954 -213.655080
vt 128.280299 -213.643030
vt 128.313367 -213.655063
vt 128.280713 -213.643013
vt 128.345608 -213.667130
vt 128.346021 -213.667113
vt 128.378675 -213.679163
vt 128.654812 -213.781063
vt 128.644208 -213.791668
vt 128.667823 -213.791668
vt 128.657218 -213.802273
vt 128.680834 -213.802273
vt 128.670229 -213.812878
vt 128.693844 -213.812878
vt 128.633603 -213.802273
vt 128.646613 -213.812878
vt 128.622998 -213.812878
vt 128.657376 -213.782009
vt 128.670387 -213.792614
vt 128.659940 -213.782956
vt 128.672951 -213.793560
vt 128.662504 -213.783902
vt 128.675514 -213.794506
vt 128.665068 -213.784848
vt 128.683397 -213.803219
vt 128.685961 -213.804165
vt 128.696408 -213.813824
vt 128.622998 -213.769323
vt 128.622998 -213.783841
vt 128.633603 -213.773237
vt 128.633603 -213.787755
vt 128.644208 -213.777150
vt 128.622998 -213.798360
vt 126.279060 -210.234517
vt 126.279060 -210.215092
vt 126.268998 -210.225154
vt 126.268998 -210.205729
vt 126.258936 -210.215791
vt 126.258936 -210.196365
vt 126.248874 -210.206427
vt 126.248874 -210.187002
vt 126.238812 -210.197064
vt 126.279060 -210.195667
vt 126.268998 -210.186303
vt 126.258936 -210.176940
vt 126.279060 -210.176241
vt 126.268998 -210.166878
vt 126.279060 -210.156816
vt 126.227999 -210.187002
vt 126.238061 -210.176940
vt 126.217186 -210.176940
vt 126.227248 -210.166878
vt 126.206373 -210.166878
vt 126.216435 -210.156816
vt 126.195561 -210.156816
vt 126.248123 -210.166878
vt 126.237310 -210.156816
vt 126.258185 -210.156816
vt 126.612393 -210.372722
vt 126.612393 -210.318746
vt 126.573072 -210.358067
vt 126.573072 -210.304091
vt 126.533750 -210.343412
vt 126.533750 -210.289436
vt 126.494428 -210.328757
vt 126.494428 -210.274781
vt 126.455107 -210.314102
vt 126.612393 -210.264769
vt 126.573072 -210.250114
vt 126.533750 -210.235459
vt 126.612393 -210.210792
vt 126.573072 -210.196137
vt 126.612393 -210.156816
vt 126.529060 -210.156816
vt 126.529060 -210.176241
vt 126.445727 -210.176241
vt 126.445727 -210.195667
vt 126.362393 -210.195667
vt 126.362393 -210.215092
vt 126.445727 -210.156816
vt 126.362393 -210.176241
vt 126.362393 -210.156816
vt 126.535322 -210.182068
vt 126.451989 -210.201494
vt 126.458251 -210.207321
vt 126.374917 -210.226746
vt 126.381179 -210.232574
vt 126.297846 -210.251999
vt 126.304108 -210.257826
vt 126.368655 -210.220919
vt 126.291584 -210.246172
vt 126.285322 -210.240344
vt 126.496000 -210.221390
vt 126.456679 -210.260712
vt 126.417357 -210.300033
vt 126.418929 -210.246643
vt 126.379607 -210.285964
vt 126.341858 -210.271895
vt 126.945727 -210.391632
vt 126.945727 -210.332928
vt 126.884832 -210.393822
vt 126.884832 -210.335118
vt 126.823938 -210.396012
vt 126.823938 -210.337308
vt 126.763044 -210.398203
vt 126.763044 -210.339498
vt 126.702150 -210.400393
vt 126.945727 -210.274224
vt 126.884832 -210.276414
vt 126.823938 -210.278604
vt 126.945727 -210.215520
vt 126.884832 -210.217710
vt 126.945727 -210.156816
vt 126.862393 -210.156816
vt 126.862393 -210.210792
vt 126.779060 -210.210792
vt 126.779060 -210.264769
vt 126.695727 -210.264769
vt 126.695727 -210.318746
vt 126.779060 -210.156816
vt 126.695727 -210.210792
vt 126.695727 -210.156816
vt 126.881296 -210.217837
vt 126.797962 -210.271814
vt 126.816865 -210.278859
vt 126.733531 -210.332835
vt 126.752434 -210.339880
vt 126.669100 -210.393857
vt 126.688003 -210.400902
vt 126.714629 -210.325790
vt 126.650198 -210.386812
vt 126.631296 -210.379767
vt 126.820401 -210.278731
vt 126.759507 -210.339626
vt 126.698613 -210.400520
vt 126.755970 -210.339753
vt 126.695076 -210.400647
vt 126.691539 -210.400774
vt 127.279060 -210.303172
vt 127.279060 -210.266583
vt 127.221275 -210.324368
vt 127.221275 -210.287779
vt 127.163490 -210.345564
vt 127.163490 -210.308975
vt 127.105704 -210.366760
vt 127.105704 -210.330171
vt 127.047919 -210.387956
vt 127.279060 -210.229994
vt 127.221275 -210.251190
vt 127.163490 -210.272386
vt 127.279060 -210.193405
vt 127.221275 -210.214601
vt 127.279060 -210.156816
vt 127.233652 -210.323923
vt 127.175867 -210.345119
vt 127.188244 -210.344674
vt 127.130459 -210.365870
vt 127.142836 -210.365425
vt 127.085051 -210.386621
vt 127.097428 -210.386176
vt 127.118082 -210.366315
vt 127.072673 -210.387066
vt 127.060296 -210.387511
vt 127.195727 -210.156816
vt 127.195727 -210.215520
vt 127.112393 -210.215520
vt 127.112393 -210.274224
vt 127.029060 -210.274224
vt 127.029060 -210.332928
vt 127.112393 -210.156816
vt 127.029060 -210.215520
vt 127.029060 -210.156816
vt 127.137941 -210.273305
vt 127.080156 -210.331090
vt 127.022371 -210.388875
vt 127.054608 -210.332009
vt 126.996823 -210.389794
vt 126.971275 -210.390713
vt 127.525025 -210.156816
vt 127.463534 -210.156816
vt 127.463534 -210.193405
vt 127.402042 -210.193405
vt 127.402042 -210.229994
vt 127.340551 -210.229994
vt 127.340551 -210.266583
vt 127.402042 -210.156816
vt 127.340551 -210.193405
vt 127.340551 -210.156816
vt 127.511282 -210.171585
vt 127.449790 -210.208174
vt 127.497538 -210.186353
vt 127.436047 -210.222942
vt 127.483795 -210.201122
vt 127.422304 -210.237711
vt 127.470052 -210.215891
vt 127.388299 -210.244763
vt 127.374556 -210.259531
vt 127.326808 -210.281352
vt 125.945727 -209.850803
vt 125.945727 -209.843973
vt 125.943584 -209.846116
vt 125.943584 -209.839285
vt 125.941442 -209.841428
vt 125.941442 -209.834597
vt 125.939300 -209.836740
vt 125.939300 -209.829909
vt 125.937157 -209.832052
vt 125.945727 -209.837143
vt 125.943584 -209.832455
vt 125.941442 -209.827767
vt 125.945727 -209.830313
vt 125.943584 -209.825625
vt 125.945727 -209.823482
vt 125.936178 -209.829909
vt 125.938321 -209.827767
vt 125.935199 -209.827767
vt 125.937342 -209.825625
vt 125.934220 -209.825625
vt 125.936363 -209.823482
vt 125.933241 -209.823482
vt 125.940463 -209.825625
vt 125.939484 -209.823482
vt 125.942605 -209.823482
vt 126.279060 -210.073482
vt 126.225833 -210.126710
vt 126.225833 -210.043376
vt 126.172605 -210.096604
vt 126.172605 -210.013270
vt 126.119378 -210.066498
vt 126.119378 -209.983164
vt 126.066151 -210.036392
vt 126.279060 -209.990149
vt 126.225833 -209.960043
vt 126.172605 -209.929937
vt 126.279060 -209.906816
vt 126.225833 -209.876710
vt 126.279060 -209.823482
vt 126.204958 -210.126710
vt 126.184083 -210.126710
vt 126.163208 -210.126710
vt 126.151731 -210.096604
vt 126.130856 -210.096604
vt 126.098503 -210.066498
vt 126.195727 -209.823482
vt 126.195727 -209.830313
vt 126.112393 -209.830313
vt 126.112393 -209.837143
vt 126.029060 -209.837143
vt 126.029060 -209.843973
vt 126.112393 -209.823482
vt 126.029060 -209.830313
vt 126.029060 -209.823482
vt 126.210342 -209.862295
vt 126.127009 -209.869125
vt 126.141624 -209.901107
vt 126.058291 -209.907937
vt 126.072906 -209.939919
vt 125.989573 -209.946750
vt 126.004188 -209.978732
vt 126.043675 -209.875955
vt 125.974957 -209.914768
vt 125.960342 -209.882785
vt 126.157115 -209.915522
vt 126.103887 -209.968749
vt 126.050660 -210.021977
vt 126.088397 -209.954334
vt 126.035170 -210.007562
vt 126.019679 -209.993147
vt 126.612393 -210.073482
vt 126.529060 -210.073482
vt 126.445727 -210.073482
vt 126.362393 -210.073482
vt 126.612393 -209.990149
vt 126.529060 -209.990149
vt 126.445727 -209.990149
vt 126.612393 -209.906816
vt 126.529060 -209.906816
vt 126.612393 -209.823482
vt 126.529060 -209.823482
vt 126.445727 -209.906816
vt 126.362393 -209.990149
vt 126.445727 -209.823482
vt 126.362393 -209.906816
vt 126.362393 -209.823482
vt 126.945727 -210.073482
vt 126.862393 -210.073482
vt 126.779060 -210.073482
vt 126.695727 -210.073482
vt 126.945727 -209.990149
vt 126.862393 -209.990149
vt 126.779060 -209.990149
vt 126.945727 -209.906816
vt 126.862393 -209.906816
vt 126.945727 -209.823482
vt 126.862393 -209.823482
vt 126.779060 -209.906816
vt 126.695727 -209.990149
vt 126.779060 -209.823482
vt 126.695727 -209.906816
vt 126.695727 -209.823482
vt 127.279060 -210.073482
vt 127.195727 -210.073482
vt 127.112393 -210.073482
vt 127.029060 -210.073482
vt 127.279060 -209.990149
vt 127.195727 -209.990149
vt 127.112393 -209.990149
vt 127.279060 -209.906816
vt 127.195727 -209.906816
vt 127.279060 -209.823482
vt 127.195727 -209.823482
vt 127.112393 -209.906816
vt 127.029060 -209.990149
vt 127.112393 -209.823482
vt 127.029060 -209.906816
vt 127.029060 -209.823482
vt 127.612393 -209.823482
vt 127.529060 -209.906816
vt 127.590551 -209.906816
vt 127.507218 -209.990149
vt 127.568709 -209.990149
vt 127.485376 -210.073482
vt 127.546867 -210.073482
vt 127.445727 -209.990149
vt 127.423885 -210.073482
vt 127.362393 -210.073482
vt 127.612393 -209.883344
vt 127.590551 -209.966677
vt 127.612393 -209.943205
vt 127.590551 -210.026539
vt 127.612393 -210.003067
vt 127.590551 -210.086400
vt 127.612393 -210.062928
vt 127.568709 -210.050011
vt 127.568709 -210.109872
vt 127.546867 -210.133344
vt 127.529060 -209.823482
vt 127.445727 -209.906816
vt 127.362393 -209.990149
vt 127.445727 -209.823482
vt 127.362393 -209.906816
vt 127.362393 -209.823482
vt 127.783616 -209.823482
vt 127.740811 -209.823482
vt 127.740811 -209.883344
vt 127.698005 -209.883344
vt 127.698005 -209.943205
vt 127.655199 -209.943205
vt 127.655199 -210.003067
vt 127.698005 -209.823482
vt 127.655199 -209.883344
vt 127.655199 -209.823482
vt 127.774999 -209.846605
vt 127.732193 -209.906466
vt 127.766381 -209.869727
vt 127.723575 -209.929588
vt 127.757764 -209.892849
vt 127.714958 -209.952710
vt 127.749146 -209.915971
vt 127.689387 -209.966328
vt 127.680770 -209.989450
vt 127.646582 -210.026189
vt 125.945727 -209.740149
vt 125.917573 -209.768303
vt 125.917573 -209.684969
vt 125.889419 -209.713123
vt 125.889419 -209.629790
vt 125.861266 -209.657943
vt 125.861266 -209.574610
vt 125.833112 -209.602763
vt 125.945727 -209.656816
vt 125.917573 -209.601636
vt 125.889419 -209.546456
vt 125.945727 -209.573482
vt 125.917573 -209.518303
vt 125.945727 -209.490149
vt 125.917771 -209.769139
vt 125.889617 -209.713959
vt 125.889815 -209.714795
vt 125.861661 -209.659615
vt 125.861859 -209.660451
vt 125.833706 -209.605272
vt 125.833903 -209.606108
vt 125.861464 -209.658779
vt 125.833508 -209.604435
vt 125.833310 -209.603599
vt 125.914649 -209.769139
vt 125.911528 -209.769139
vt 125.908407 -209.769139
vt 125.886694 -209.714795
vt 125.883572 -209.714795
vt 125.858738 -209.660451
vt 125.826452 -209.574610
vt 125.854606 -209.546456
vt 125.819792 -209.546456
vt 125.847945 -209.518303
vt 125.813131 -209.518303
vt 125.841285 -209.490149
vt 125.806471 -209.490149
vt 125.882759 -209.518303
vt 125.876099 -209.490149
vt 125.910913 -209.490149
vt 126.279060 -209.740149
vt 126.195727 -209.740149
vt 126.112393 -209.740149
vt 126.029060 -209.740149
vt 126.279060 -209.656816
vt 126.195727 -209.656816
vt 126.112393 -209.656816
vt 126.279060 -209.573482
vt 126.195727 -209.573482
vt 126.279060 -209.490149
vt 126.195727 -209.490149
vt 126.112393 -209.573482
vt 126.029060 -209.656816
vt 126.112393 -209.490149
vt 126.029060 -209.573482
vt 126.029060 -209.490149
vt 126.612393 -209.740149
vt 126.529060 -209.740149
vt 126.445727 -209.740149
vt 126.362393 -209.740149
vt 126.612393 -209.656816
vt 126.529060 -209.656816
vt 126.445727 -209.656816
vt 126.612393 -209.573482
vt 126.529060 -209.573482
vt 126.612393 -209.490149
vt 126.529060 -209.490149
vt 126.445727 -209.573482
vt 126.362393 -209.656816
vt 126.445727 -209.490149
vt 126.362393 -209.573482
vt 126.362393 -209.490149
vt 126.945727 -209.740149
vt 126.862393 -209.740149
vt 126.779060 -209.740149
vt 126.695727 -209.740149
vt 126.945727 -209.656816
vt 126.862393 -209.656816
vt 126.779060 -209.656816
vt 126.945727 -209.573482
vt 126.862393 -209.573482
vt 126.945727 -209.490149
vt 126.862393 -209.490149
vt 126.779060 -209.573482
vt 126.695727 -209.656816
vt 126.779060 -209.490149
vt 126.695727 -209.573482
vt 126.695727 -209.490149
vt 127.279060 -209.740149
vt 127.195727 -209.740149
vt 127.112393 -209.740149
vt 127.029060 -209.740149
vt 127.279060 -209.656816
vt 127.195727 -209.656816
vt 127.112393 -209.656816
vt 127.279060 -209.573482
vt 127.195727 -209.573482
vt 127.279060 -209.490149
vt 127.195727 -209.490149
vt 127.112393 -209.573482
vt 127.029060 -209.656816
vt 127.112393 -209.490149
vt 127.029060 -209.573482
vt 127.029060 -209.490149
vt 127.612393 -209.740149
vt 127.529060 -209.740149
vt 127.445727 -209.740149
vt 127.362393 -209.740149
vt 127.612393 -209.656816
vt 127.529060 -209.656816
vt 127.445727 -209.656816
vt 127.612393 -209.573482
vt 127.529060 -209.573482
vt 127.612393 -209.490149
vt 127.529060 -209.490149
vt 127.445727 -209.573482
vt 127.362393 -209.656816
vt 127.445727 -209.490149
vt 127.362393 -209.573482
vt 127.362393 -209.490149
vt 127.885343 -209.550533
vt 127.817106 -209.618770
vt 127.859911 -209.618770
vt 127.791674 -209.687008
vt 127.834480 -209.687008
vt 127.766242 -209.755245
vt 127.809048 -209.755245
vt 127.748868 -209.687008
vt 127.723436 -209.755245
vt 127.680631 -209.755245
vt 127.680631 -209.505245
vt 127.680631 -209.588578
vt 127.748868 -209.520341
vt 127.748868 -209.603674
vt 127.817106 -209.535437
vt 127.680631 -209.671912
vt 127.682350 -209.500631
vt 127.750588 -209.515727
vt 127.752307 -209.511113
vt 127.820545 -209.526209
vt 127.822265 -209.521595
vt 127.890502 -209.536691
vt 127.892222 -209.532077
vt 127.818825 -209.530823
vt 127.888782 -209.541305
vt 127.887063 -209.545919
vt 127.681973 -209.490149
vt 127.751930 -209.500631
vt 127.751553 -209.490149
vt 127.821511 -209.500631
vt 127.821134 -209.490149
vt 127.891091 -209.500631
vt 127.890714 -209.490149
vt 127.821888 -209.511113
vt 127.891468 -209.511113
vt 127.891845 -209.521595
vt 125.945727 -209.406816
vt 125.901630 -209.450912
vt 125.901630 -209.367579
vt 125.857534 -209.411675
vt 125.857534 -209.328342
vt 125.813438 -209.372438
vt 125.813438 -209.289105
vt 125.769341 -209.333201
vt 125.945727 -209.323482
vt 125.901630 -209.284245
vt 125.857534 -209.245008
vt 125.945727 -209.240149
vt 125.901630 -209.200912
vt 125.945727 -209.156816
vt 125.866816 -209.450912
vt 125.832002 -209.450912
vt 125.797189 -209.450912
vt 125.822720 -209.411675
vt 125.787906 -209.411675
vt 125.778624 -209.372438
vt 125.891190 -209.156816
vt 125.898630 -209.188230
vt 125.844093 -209.188230
vt 125.851533 -209.219643
vt 125.796997 -209.219643
vt 125.804437 -209.251057
vt 125.749900 -209.251057
vt 125.757340 -209.282471
vt 125.836653 -209.156816
vt 125.789556 -209.188230
vt 125.742460 -209.219643
vt 125.782116 -209.156816
vt 125.735019 -209.188230
vt 125.727579 -209.156816
vt 125.854534 -209.232326
vt 125.810437 -209.276422
vt 125.766341 -209.320518
vt 125.807437 -209.263740
vt 125.763341 -209.307836
vt 125.760341 -209.295154
vt 126.279060 -209.406816
vt 126.195727 -209.406816
vt 126.112393 -209.406816
vt 126.029060 -209.406816
vt 126.279060 -209.323482
vt 126.195727 -209.323482
vt 126.112393 -209.323482
vt 126.279060 -209.240149
vt 126.195727 -209.240149
vt 126.279060 -209.156816
vt 126.195727 -209.156816
vt 126.112393 -209.240149
vt 126.029060 -209.323482
vt 126.112393 -209.156816
vt 126.029060 -209.240149
vt 126.029060 -209.156816
vt 126.612393 -209.406816
vt 126.529060 -209.406816
vt 126.445727 -209.406816
vt 126.362393 -209.406816
vt 126.612393 -209.323482
vt 126.529060 -209.323482
vt 126.445727 -209.323482
vt 126.612393 -209.240149
vt 126.529060 -209.240149
vt 126.612393 -209.156816
vt 126.529060 -209.156816
vt 126.445727 -209.240149
vt 126.362393 -209.323482
vt 126.445727 -209.156816
vt 126.362393 -209.240149
vt 126.362393 -209.156816
vt 126.945727 -209.406816
vt 126.862393 -209.406816
vt 126.779060 -209.406816
vt 126.695727 -209.406816
vt 126.945727 -209.323482
vt 126.862393 -209.323482
vt 126.779060 -209.323482
vt 126.945727 -209.240149
vt 126.862393 -209.240149
vt 126.945727 -209.156816
vt 126.862393 -209.156816
vt 126.779060 -209.240149
vt 126.695727 -209.323482
vt 126.779060 -209.156816
vt 126.695727 -209.240149
vt 126.695727 -209.156816
vt 127.279060 -209.406816
vt 127.195727 -209.406816
vt 127.112393 -209.406816
vt 127.029060 -209.406816
vt 127.279060 -209.323482
vt 127.195727 -209.323482
vt 127.112393 -209.323482
vt 127.279060 -209.240149
vt 127.195727 -209.240149
vt 127.279060 -209.156816
vt 127.195727 -209.156816
vt 127.112393 -209.240149
vt 127.029060 -209.323482
vt 127.112393 -209.156816
vt 127.029060 -209.240149
vt 127.029060 -209.156816
vt 127.612393 -209.406816
vt 127.529060 -209.406816
vt 127.445727 -209.406816
vt 127.362393 -209.406816
vt 127.612393 -209.323482
vt 127.529060 -209.323482
vt 127.445727 -209.323482
vt 127.612393 -209.240149
vt 127.529060 -209.240149
vt 127.612393 -209.156816
vt 127.529060 -209.156816
vt 127.445727 -209.240149
vt 127.362393 -209.323482
vt 127.445727 -209.156816
vt 127.362393 -209.240149
vt 127.362393 -209.156816
vt 127.881051 -209.221492
vt 127.813886 -209.288656
vt 127.883467 -209.288656
vt 127.816302 -209.355820
vt 127.885882 -209.355820
vt 127.818718 -209.422985
vt 127.888298 -209.422985
vt 127.746722 -209.355820
vt 127.749138 -209.422985
vt 127.679558 -209.422985
vt 127.679558 -209.172985
vt 127.679558 -209.256318
vt 127.746722 -209.189154
vt 127.746722 -209.272487
vt 127.813886 -209.205323
vt 127.679558 -209.339651
vt 127.678976 -209.156816
vt 127.746141 -209.172985
vt 127.745559 -209.156816
vt 127.812723 -209.172985
vt 127.812142 -209.156816
vt 127.879306 -209.172985
vt 127.878725 -209.156816
vt 127.813305 -209.189154
vt 127.879888 -209.189154
vt 127.880469 -209.205323
vt 125.945727 -209.073482
vt 125.885675 -209.133534
vt 125.885675 -209.050200
vt 125.825624 -209.110252
vt 125.825624 -209.026918
vt 125.765573 -209.086970
vt 125.765573 -209.003636
vt 125.705522 -209.063688
vt 125.945727 -208.990149
vt 125.885675 -208.966867
vt 125.825624 -208.943585
vt 125.945727 -208.906816
vt 125.885675 -208.883534
vt 125.945727 -208.823482
vt 125.831138 -209.133534
vt 125.776601 -209.133534
vt 125.722065 -209.133534
vt 125.771087 -209.110252
vt 125.716550 -209.110252
vt 125.711036 -209.086970
vt 125.871449 -208.823482
vt 125.879471 -208.857338
vt 125.805193 -208.857338
vt 125.813215 -208.891193
vt 125.738937 -208.891193
vt 125.746959 -208.925048
vt 125.672682 -208.925048
vt 125.680704 -208.958904
vt 125.797171 -208.823482
vt 125.730915 -208.857338
vt 125.664660 -208.891193
vt 125.722893 -208.823482
vt 125.656638 -208.857338
vt 125.648616 -208.823482
vt 125.819420 -208.917389
vt 125.759368 -208.977440
vt 125.699317 -209.037492
vt 125.753164 -208.951244
vt 125.693113 -209.011296
vt 125.686908 -208.985100
vt 126.279060 -209.073482
vt 126.195727 -209.073482
vt 126.112393 -209.073482
vt 126.029060 -209.073482
vt 126.279060 -208.990149
vt 126.195727 -208.990149
vt 126.112393 -208.990149
vt 126.279060 -208.906816
vt 126.195727 -208.906816
vt 126.279060 -208.823482
vt 126.195727 -208.823482
vt 126.112393 -208.906816
vt 126.029060 -208.990149
vt 126.112393 -208.823482
vt 126.029060 -208.906816
vt 126.029060 -208.823482
vt 126.612393 -209.073482
vt 126.529060 -209.073482
vt 126.445727 -209.073482
vt 126.362393 -209.073482
vt 126.612393 -208.990149
vt 126.529060 -208.990149
vt 126.445727 -208.990149
vt 126.612393 -208.906816
vt 126.529060 -208.906816
vt 126.612393 -208.823482
vt 126.529060 -208.823482
vt 126.445727 -208.906816
vt 126.362393 -208.990149
vt 126.445727 -208.823482
vt 126.362393 -208.906816
vt 126.362393 -208.823482
vt 126.945727 -209.073482
vt 126.862393 -209.073482
vt 126.779060 -209.073482
vt 126.695727 -209.073482
vt 126.945727 -208.990149
vt 126.862393 -208.990149
vt 126.779060 -208.990149
vt 126.945727 -208.906816
vt 126.862393 -208.906816
vt 126.945727 -208.823482
vt 126.862393 -208.823482
vt 126.779060 -208.906816
vt 126.695727 -208.990149
vt 126.779060 -208.823482
vt 126.695727 -208.906816
vt 126.695727 -208.823482
vt 127.279060 -209.073482
vt 127.195727 -209.073482
vt 127.112393 -209.073482
vt 127.029060 -209.073482
vt 127.279060 -208.990149
vt 127.195727 -208.990149
vt 127.112393 -208.990149
vt 127.279060 -208.906816
vt 127.195727 -208.906816
vt 127.279060 -208.823482
vt 127.195727 -208.823482
vt 127.112393 -208.906816
vt 127.029060 -208.990149
vt 127.112393 -208.823482
vt 127.029060 -208.906816
vt 127.029060 -208.823482
vt 127.612393 -209.073482
vt 127.529060 -209.073482
vt 127.445727 -209.073482
vt 127.362393 -209.073482
vt 127.612393 -208.990149
vt 127.529060 -208.990149
vt 127.445727 -208.990149
vt 127.612393 -208.906816
vt 127.529060 -208.906816
vt 127.612393 -208.823482
vt 127.529060 -208.823482
vt 127.445727 -208.906816
vt 127.362393 -208.990149
vt 127.445727 -208.823482
vt 127.362393 -208.906816
vt 127.362393 -208.823482
vt 127.833315 -208.935895
vt 127.778084 -208.991125
vt 127.844667 -208.991125
vt 127.789437 -209.046355
vt 127.856020 -209.046355
vt 127.800789 -209.101585
vt 127.867372 -209.101585
vt 127.722854 -209.046355
vt 127.734206 -209.101585
vt 127.667624 -209.101585
vt 127.844360 -208.982584
vt 127.855712 -209.037814
vt 127.855405 -209.029273
vt 127.866758 -209.084503
vt 127.866451 -209.075962
vt 127.877803 -209.131193
vt 127.877496 -209.122652
vt 127.867065 -209.093044
vt 127.878110 -209.139734
vt 127.878418 -209.148275
vt 127.667624 -208.851585
vt 127.667624 -208.934919
vt 127.722854 -208.879689
vt 127.722854 -208.963022
vt 127.778084 -208.907792
vt 127.667624 -209.018252
vt 127.660975 -208.823482
vt 127.716206 -208.851585
vt 127.709557 -208.823482
vt 127.764787 -208.851585
vt 127.758139 -208.823482
vt 127.813369 -208.851585
vt 127.806721 -208.823482
vt 127.771436 -208.879689
vt 127.820018 -208.879689
vt 127.826666 -208.907792
vt 125.612393 -208.670614
vt 125.612393 -208.625497
vt 125.603751 -208.634140
vt 125.603751 -208.589024
vt 125.595108 -208.597666
vt 125.595108 -208.552550
vt 125.586466 -208.561193
vt 125.586466 -208.516076
vt 125.577824 -208.524719
vt 125.612393 -208.580381
vt 125.603751 -208.543908
vt 125.595108 -208.507434
vt 125.612393 -208.535265
vt 125.603751 -208.498792
vt 125.612393 -208.490149
vt 125.575776 -208.516076
vt 125.584418 -208.507434
vt 125.573728 -208.507434
vt 125.582370 -208.498792
vt 125.571680 -208.498792
vt 125.580323 -208.490149
vt 125.569632 -208.490149
vt 125.593061 -208.498792
vt 125.591013 -208.490149
vt 125.601703 -208.490149
vt 125.945727 -208.740149
vt 125.869714 -208.816162
vt 125.869714 -208.732828
vt 125.793702 -208.808841
vt 125.793702 -208.725507
vt 125.717689 -208.801520
vt 125.717689 -208.718186
vt 125.641677 -208.794199
vt 125.945727 -208.656816
vt 125.869714 -208.649495
vt 125.793702 -208.642174
vt 125.945727 -208.573482
vt 125.869714 -208.566162
vt 125.945727 -208.490149
vt 125.795436 -208.816162
vt 125.721159 -208.816162
vt 125.646881 -208.816162
vt 125.719424 -208.808841
vt 125.645146 -208.808841
vt 125.643412 -208.801520
vt 125.862393 -208.490149
vt 125.862393 -208.535265
vt 125.779060 -208.535265
vt 125.779060 -208.580381
vt 125.695727 -208.580381
vt 125.695727 -208.625497
vt 125.779060 -208.490149
vt 125.695727 -208.535265
vt 125.695727 -208.490149
vt 125.786381 -208.611278
vt 125.710368 -208.687290
vt 125.634356 -208.763303
vt 125.703048 -208.656394
vt 125.627035 -208.732406
vt 125.619714 -208.701510
vt 126.279060 -208.740149
vt 126.195727 -208.740149
vt 126.112393 -208.740149
vt 126.029060 -208.740149
vt 126.279060 -208.656816
vt 126.195727 -208.656816
vt 126.112393 -208.656816
vt 126.279060 -208.573482
vt 126.195727 -208.573482
vt 126.279060 -208.490149
vt 126.195727 -208.490149
vt 126.112393 -208.573482
vt 126.029060 -208.656816
vt 126.112393 -208.490149
vt 126.029060 -208.573482
vt 126.029060 -208.490149
vt 126.612393 -208.740149
vt 126.529060 -208.740149
vt 126.445727 -208.740149
vt 126.362393 -208.740149
vt 126.612393 -208.656816
vt 126.529060 -208.656816
vt 126.445727 -208.656816
vt 126.612393 -208.573482
vt 126.529060 -208.573482
vt 126.612393 -208.490149
vt 126.529060 -208.490149
vt 126.445727 -208.573482
vt 126.362393 -208.656816
vt 126.445727 -208.490149
vt 126.362393 -208.573482
vt 126.362393 -208.490149
vt 126.945727 -208.740149
vt 126.862393 -208.740149
vt 126.779060 -208.740149
vt 126.695727 -208.740149
vt 126.945727 -208.656816
vt 126.862393 -208.656816
vt 126.779060 -208.656816
vt 126.945727 -208.573482
vt 126.862393 -208.573482
vt 126.945727 -208.490149
vt 126.862393 -208.490149
vt 126.779060 -208.573482
vt 126.695727 -208.656816
vt 126.779060 -208.490149
vt 126.695727 -208.573482
vt 126.695727 -208.490149
vt 127.279060 -208.740149
vt 127.195727 -208.740149
vt 127.112393 -208.740149
vt 127.029060 -208.740149
vt 127.279060 -208.656816
vt 127.195727 -208.656816
vt 127.112393 -208.656816
vt 127.279060 -208.573482
vt 127.195727 -208.573482
vt 127.279060 -208.490149
vt 127.195727 -208.490149
vt 127.112393 -208.573482
vt 127.029060 -208.656816
vt 127.112393 -208.490149
vt 127.029060 -208.573482
vt 127.029060 -208.490149
vt 127.612393 -208.740149
vt 127.529060 -208.740149
vt 127.445727 -208.740149
vt 127.362393 -208.740149
vt 127.612393 -208.656816
vt 127.529060 -208.656816
vt 127.445727 -208.656816
vt 127.612393 -208.573482
vt 127.529060 -208.573482
vt 127.612393 -208.490149
vt 127.529060 -208.490149
vt 127.445727 -208.573482
vt 127.362393 -208.656816
vt 127.445727 -208.490149
vt 127.362393 -208.573482
vt 127.362393 -208.490149
vt 127.769514 -208.666362
vt 127.730234 -208.705642
vt 127.778816 -208.705642
vt 127.739536 -208.744922
vt 127.788117 -208.744922
vt 127.748837 -208.784202
vt 127.797419 -208.784202
vt 127.690954 -208.744922
vt 127.700255 -208.784202
vt 127.651673 -208.784202
vt 127.777345 -208.699424
vt 127.786647 -208.738705
vt 127.785176 -208.732487
vt 127.794477 -208.771767
vt 127.793007 -208.765550
vt 127.802308 -208.804830
vt 127.800837 -208.798613
vt 127.795948 -208.777985
vt 127.803779 -208.811047
vt 127.805250 -208.817265
vt 127.651673 -208.534202
vt 127.651673 -208.617536
vt 127.690954 -208.578255
vt 127.690954 -208.661589
vt 127.730234 -208.622309
vt 127.651673 -208.700869
vt 127.641240 -208.490149
vt 127.680520 -208.534202
vt 127.670086 -208.490149
vt 127.709366 -208.534202
vt 127.698932 -208.490149
vt 127.738212 -208.534202
vt 127.727778 -208.490149
vt 127.719800 -208.578255
vt 127.748646 -208.578255
vt 127.759080 -208.622309
vt 125.612393 -208.406816
vt 125.587788 -208.431422
vt 125.587788 -208.348088
vt 125.563182 -208.372694
vt 125.563182 -208.289361
vt 125.538576 -208.313966
vt 125.538576 -208.230633
vt 125.513970 -208.255239
vt 125.612393 -208.323482
vt 125.587788 -208.264755
vt 125.563182 -208.206027
vt 125.612393 -208.240149
vt 125.587788 -208.181422
vt 125.612393 -208.156816
vt 125.591118 -208.445478
vt 125.566513 -208.386751
vt 125.569843 -208.400808
vt 125.545238 -208.342080
vt 125.548568 -208.356137
vt 125.523963 -208.297409
vt 125.527293 -208.311466
vt 125.541907 -208.328023
vt 125.520632 -208.283352
vt 125.517301 -208.269296
vt 125.580428 -208.445478
vt 125.569738 -208.445478
vt 125.559048 -208.445478
vt 125.559153 -208.400808
vt 125.548463 -208.400808
vt 125.537878 -208.356137
vt 125.508140 -208.230633
vt 125.532746 -208.206027
vt 125.502310 -208.206027
vt 125.526915 -208.181422
vt 125.496479 -208.181422
vt 125.521085 -208.156816
vt 125.490649 -208.156816
vt 125.557351 -208.181422
vt 125.551521 -208.156816
vt 125.581957 -208.156816
vt 125.945727 -208.406816
vt 125.862393 -208.406816
vt 125.779060 -208.406816
vt 125.695727 -208.406816
vt 125.945727 -208.323482
vt 125.862393 -208.323482
vt 125.779060 -208.323482
vt 125.945727 -208.240149
vt 125.862393 -208.240149
vt 125.945727 -208.156816
vt 125.862393 -208.156816
vt 125.779060 -208.240149
vt 125.695727 -208.323482
vt 125.779060 -208.156816
vt 125.695727 -208.240149
vt 125.695727 -208.156816
vt 126.279060 -208.406816
vt 126.195727 -208.406816
vt 126.112393 -208.406816
vt 126.029060 -208.406816
vt 126.279060 -208.323482
vt 126.195727 -208.323482
vt 126.112393 -208.323482
vt 126.279060 -208.240149
vt 126.195727 -208.240149
vt 126.279060 -208.156816
vt 126.195727 -208.156816
vt 126.112393 -208.240149
vt 126.029060 -208.323482
vt 126.112393 -208.156816
vt 126.029060 -208.240149
vt 126.029060 -208.156816
vt 126.612393 -208.406816
vt 126.529060 -208.406816
vt 126.445727 -208.406816
vt 126.362393 -208.406816
vt 126.612393 -208.323482
vt 126.529060 -208.323482
vt 126.445727 -208.323482
vt 126.612393 -208.240149
vt 126.529060 -208.240149
vt 126.612393 -208.156816
vt 126.529060 -208.156816
vt 126.445727 -208.240149
vt 126.362393 -208.323482
vt 126.445727 -208.156816
vt 126.362393 -208.240149
vt 126.362393 -208.156816
vt 126.945727 -208.406816
vt 126.862393 -208.406816
vt 126.779060 -208.406816
vt 126.695727 -208.406816
vt 126.945727 -208.323482
vt 126.862393 -208.323482
vt 126.779060 -208.323482
vt 126.945727 -208.240149
vt 126.862393 -208.240149
vt 126.945727 -208.156816
vt 126.862393 -208.156816
vt 126.779060 -208.240149
vt 126.695727 -208.323482
vt 126.779060 -208.156816
vt 126.695727 -208.240149
vt 126.695727 -208.156816
vt 127.279060 -208.406816
vt 127.195727 -208.406816
vt 127.112393 -208.406816
vt 127.029060 -208.406816
vt 127.279060 -208.323482
vt 127.195727 -208.323482
vt 127.112393 -208.323482
vt 127.279060 -208.240149
vt 127.195727 -208.240149
vt 127.279060 -208.156816
vt 127.195727 -208.156816
vt 127.112393 -208.240149
vt 127.029060 -208.323482
vt 127.112393 -208.156816
vt 127.029060 -208.240149
vt 127.029060 -208.156816
vt 127.612393 -208.406816
vt 127.529060 -208.406816
vt 127.445727 -208.406816
vt 127.362393 -208.406816
vt 127.612393 -208.323482
vt 127.529060 -208.323482
vt 127.445727 -208.323482
vt 127.612393 -208.240149
vt 127.529060 -208.240149
vt 127.612393 -208.156816
vt 127.529060 -208.156816
vt 127.445727 -208.240149
vt 127.362393 -208.323482
vt 127.445727 -208.156816
vt 127.362393 -208.240149
vt 127.362393 -208.156816
vt 127.705676 -208.396866
vt 127.682356 -208.420187
vt 127.711202 -208.420187
vt 127.687881 -208.443508
vt 127.716727 -208.443508
vt 127.693406 -208.466828
vt 127.722253 -208.466828
vt 127.659035 -208.443508
vt 127.664560 -208.466828
vt 127.635714 -208.466828
vt 127.710291 -208.416341
vt 127.715816 -208.439661
vt 127.714905 -208.435815
vt 127.720431 -208.459136
vt 127.719520 -208.455290
vt 127.725045 -208.478611
vt 127.724134 -208.474765
vt 127.721342 -208.462982
vt 127.725956 -208.482457
vt 127.726867 -208.486303
vt 127.635714 -208.216828
vt 127.635714 -208.300162
vt 127.659035 -208.276841
vt 127.659035 -208.360174
vt 127.682356 -208.336853
vt 127.635714 -208.383495
vt 127.621494 -208.156816
vt 127.644815 -208.216828
vt 127.630595 -208.156816
vt 127.653916 -208.216828
vt 127.639696 -208.156816
vt 127.663016 -208.216828
vt 127.648796 -208.156816
vt 127.668136 -208.276841
vt 127.677236 -208.276841
vt 127.691456 -208.336853
vt 125.612393 -208.073482
vt 125.571824 -208.114052
vt 125.571824 -208.030718
vt 125.531255 -208.071287
vt 125.531255 -207.987954
vt 125.490686 -208.028523
vt 125.490686 -207.945190
vt 125.450117 -207.985759
vt 125.612393 -207.990149
vt 125.571824 -207.947385
vt 125.531255 -207.904621
vt 125.612393 -207.906816
vt 125.571824 -207.864052
vt 125.612393 -207.823482
vt 125.571941 -208.114543
vt 125.531372 -208.071778
vt 125.531488 -208.072269
vt 125.490919 -208.029505
vt 125.491035 -208.029996
vt 125.450466 -207.987232
vt 125.450582 -207.987723
vt 125.490802 -208.029014
vt 125.450350 -207.986741
vt 125.450233 -207.986250
vt 125.541505 -208.114543
vt 125.511068 -208.114543
vt 125.480632 -208.114543
vt 125.501052 -208.072269
vt 125.470616 -208.072269
vt 125.460599 -208.029996
vt 125.440504 -207.945190
vt 125.481073 -207.904621
vt 125.430891 -207.904621
vt 125.471460 -207.864052
vt 125.421279 -207.864052
vt 125.461848 -207.823482
vt 125.411666 -207.823482
vt 125.521642 -207.864052
vt 125.512030 -207.823482
vt 125.562211 -207.823482
vt 125.945727 -208.073482
vt 125.862393 -208.073482
vt 125.779060 -208.073482
vt 125.695727 -208.073482
vt 125.945727 -207.990149
vt 125.862393 -207.990149
vt 125.779060 -207.990149
vt 125.945727 -207.906816
vt 125.862393 -207.906816
vt 125.945727 -207.823482
vt 125.862393 -207.823482
vt 125.779060 -207.906816
vt 125.695727 -207.990149
vt 125.779060 -207.823482
vt 125.695727 -207.906816
vt 125.695727 -207.823482
vt 126.279060 -208.073482
vt 126.195727 -208.073482
vt 126.112393 -208.073482
vt 126.029060 -208.073482
vt 126.279060 -207.990149
vt 126.195727 -207.990149
vt 126.112393 -207.990149
vt 126.279060 -207.906816
vt 126.195727 -207.906816
vt 126.279060 -207.823482
vt 126.195727 -207.823482
vt 126.112393 -207.906816
vt 126.029060 -207.990149
vt 126.112393 -207.823482
vt 126.029060 -207.906816
vt 126.029060 -207.823482
vt 126.612393 -208.073482
vt 126.529060 -208.073482
vt 126.445727 -208.073482
vt 126.362393 -208.073482
vt 126.612393 -207.990149
vt 126.529060 -207.990149
vt 126.445727 -207.990149
vt 126.612393 -207.906816
vt 126.529060 -207.906816
vt 126.612393 -207.823482
vt 126.529060 -207.823482
vt 126.445727 -207.906816
vt 126.362393 -207.990149
vt 126.445727 -207.823482
vt 126.362393 -207.906816
vt 126.362393 -207.823482
vt 126.945727 -208.073482
vt 126.862393 -208.073482
vt 126.779060 -208.073482
vt 126.695727 -208.073482
vt 126.945727 -207.990149
vt 126.862393 -207.990149
vt 126.779060 -207.990149
vt 126.945727 -207.906816
vt 126.862393 -207.906816
vt 126.945727 -207.823482
vt 126.862393 -207.823482
vt 126.779060 -207.906816
vt 126.695727 -207.990149
vt 126.779060 -207.823482
vt 126.695727 -207.906816
vt 126.695727 -207.823482
vt 127.279060 -208.073482
vt 127.195727 -208.073482
vt 127.112393 -208.073482
vt 127.029060 -208.073482
vt 127.279060 -207.990149
vt 127.195727 -207.990149
vt 127.112393 -207.990149
vt 127.279060 -207.906816
vt 127.195727 -207.906816
vt 127.279060 -207.823482
vt 127.195727 -207.823482
vt 127.112393 -207.906816
vt 127.029060 -207.990149
vt 127.112393 -207.823482
vt 127.029060 -207.906816
vt 127.029060 -207.823482
vt 127.362393 -208.118408
vt 127.445727 -208.118408
vt 127.445727 -208.080000
vt 127.529060 -208.080000
vt 127.529060 -208.041592
vt 127.612393 -208.041592
vt 127.612393 -208.003183
vt 127.529060 -208.118408
vt 127.612393 -208.080000
vt 127.612393 -208.118408
vt 127.353787 -208.082088
vt 127.437121 -208.043680
vt 127.428515 -208.007361
vt 127.511848 -207.968953
vt 127.503242 -207.932633
vt 127.586576 -207.894225
vt 127.577970 -207.857906
vt 127.520454 -208.005272
vt 127.595182 -207.930545
vt 127.603787 -207.966864
vt 127.353787 -207.832088
vt 127.353787 -207.915422
vt 127.428515 -207.840694
vt 127.428515 -207.924028
vt 127.503242 -207.849300
vt 127.353787 -207.998755
vt 127.351973 -207.824431
vt 127.426701 -207.833037
vt 127.424886 -207.825380
vt 127.499614 -207.833986
vt 127.497799 -207.826329
vt 127.572527 -207.834935
vt 127.570713 -207.827278
vt 127.501428 -207.841643
vt 127.574341 -207.842592
vt 127.576156 -207.850249
vt 127.351748 -207.823482
vt 127.424661 -207.824431
vt 127.424437 -207.823482
vt 127.497350 -207.824431
vt 127.497125 -207.823482
vt 127.570038 -207.824431
vt 127.569813 -207.823482
vt 127.497575 -207.825380
vt 127.570263 -207.825380
vt 127.570488 -207.826329
vt 127.621151 -208.155367
vt 127.630252 -208.155367
vt 127.629908 -208.153919
vt 127.639009 -208.153919
vt 127.638666 -208.152470
vt 127.647767 -208.152470
vt 127.647423 -208.151021
vt 127.639352 -208.155367
vt 127.648110 -208.153919
vt 127.648453 -208.155367
vt 127.619751 -208.149458
vt 127.628508 -208.148010
vt 127.627108 -208.142101
vt 127.635866 -208.140652
vt 127.634466 -208.134743
vt 127.643223 -208.133295
vt 127.641823 -208.127386
vt 127.637266 -208.146561
vt 127.644623 -208.139204
vt 127.646023 -208.145113
vt 127.619751 -208.034234
vt 127.619751 -208.072642
vt 127.627108 -208.065285
vt 127.627108 -208.103693
vt 127.634466 -208.096335
vt 127.619751 -208.111050
vt 125.612393 -207.740149
vt 125.555861 -207.796681
vt 125.555861 -207.713348
vt 125.499329 -207.769881
vt 125.499329 -207.686547
vt 125.442796 -207.743080
vt 125.442796 -207.659746
vt 125.386264 -207.716279
vt 125.612393 -207.656816
vt 125.555861 -207.630015
vt 125.499329 -207.603214
vt 125.612393 -207.573482
vt 125.555861 -207.546681
vt 125.612393 -207.490149
vt 125.505679 -207.796681
vt 125.455497 -207.796681
vt 125.405315 -207.796681
vt 125.449147 -207.769881
vt 125.398965 -207.769881
vt 125.392614 -207.743080
vt 125.542466 -207.490149
vt 125.552763 -207.533607
vt 125.482835 -207.533607
vt 125.493132 -207.577064
vt 125.423205 -207.577064
vt 125.433502 -207.620522
vt 125.363574 -207.620522
vt 125.373872 -207.663980
vt 125.472538 -207.490149
vt 125.412907 -207.533607
vt 125.353277 -207.577064
vt 125.402610 -207.490149
vt 125.342980 -207.533607
vt 125.332682 -207.490149
vt 125.496230 -207.590139
vt 125.439698 -207.646672
vt 125.383166 -207.703204
vt 125.436600 -207.633597
vt 125.380068 -207.690129
vt 125.376970 -207.677054
vt 125.945727 -207.740149
vt 125.862393 -207.740149
vt 125.779060 -207.740149
vt 125.695727 -207.740149
vt 125.945727 -207.656816
vt 125.862393 -207.656816
vt 125.779060 -207.656816
vt 125.945727 -207.573482
vt 125.862393 -207.573482
vt 125.945727 -207.490149
vt 125.862393 -207.490149
vt 125.779060 -207.573482
vt 125.695727 -207.656816
vt 125.779060 -207.490149
vt 125.695727 -207.573482
vt 125.695727 -207.490149
vt 126.279060 -207.740149
vt 126.195727 -207.740149
vt 126.112393 -207.740149
vt 126.029060 -207.740149
vt 126.279060 -207.656816
vt 126.195727 -207.656816
vt 126.112393 -207.656816
vt 126.279060 -207.573482
vt 126.195727 -207.573482
vt 126.279060 -207.490149
vt 126.195727 -207.490149
vt 126.112393 -207.573482
vt 126.029060 -207.656816
vt 126.112393 -207.490149
vt 126.029060 -207.573482
vt 126.029060 -207.490149
vt 126.612393 -207.740149
vt 126.529060 -207.740149
vt 126.445727 -207.740149
vt 126.362393 -207.740149
vt 126.612393 -207.656816
vt 126.529060 -207.656816
vt 126.445727 -207.656816
vt 126.612393 -207.573482
vt 126.529060 -207.573482
vt 126.612393 -207.490149
vt 126.529060 -207.490149
vt 126.445727 -207.573482
vt 126.362393 -207.656816
vt 126.445727 -207.490149
vt 126.362393 -207.573482
vt 126.362393 -207.490149
vt 126.945727 -207.740149
vt 126.862393 -207.740149
vt 126.779060 -207.740149
vt 126.695727 -207.740149
vt 126.945727 -207.656816
vt 126.862393 -207.656816
vt 126.779060 -207.656816
vt 126.945727 -207.573482
vt 126.862393 -207.573482
vt 126.945727 -207.490149
vt 126.862393 -207.490149
vt 126.779060 -207.573482
vt 126.695727 -207.656816
vt 126.779060 -207.490149
vt 126.695727 -207.573482
vt 126.695727 -207.490149
vt 127.279060 -207.740149
vt 127.195727 -207.740149
vt 127.112393 -207.740149
vt 127.029060 -207.740149
vt 127.279060 -207.656816
vt 127.195727 -207.656816
vt 127.112393 -207.656816
vt 127.279060 -207.573482
vt 127.195727 -207.573482
vt 127.279060 -207.490149
vt 127.195727 -207.490149
vt 127.112393 -207.573482
vt 127.029060 -207.656816
vt 127.112393 -207.490149
vt 127.029060 -207.573482
vt 127.029060 -207.490149
vt 127.514117 -207.588426
vt 127.455352 -207.647190
vt 127.528041 -207.647190
vt 127.469277 -207.705954
vt 127.541965 -207.705954
vt 127.483201 -207.764718
vt 127.555889 -207.764718
vt 127.396588 -207.705954
vt 127.410512 -207.764718
vt 127.337824 -207.764718
vt 127.337824 -207.514718
vt 127.337824 -207.598052
vt 127.396588 -207.539287
vt 127.396588 -207.622621
vt 127.455352 -207.563857
vt 127.337824 -207.681385
vt 127.332795 -207.493496
vt 127.391560 -207.518065
vt 127.386531 -207.496842
vt 127.445295 -207.521411
vt 127.440266 -207.500189
vt 127.499030 -207.524758
vt 127.494002 -207.503535
vt 127.450324 -207.542634
vt 127.504059 -207.545980
vt 127.509088 -207.567203
vt 127.332002 -207.490149
vt 127.385738 -207.493496
vt 127.384945 -207.490149
vt 127.438680 -207.493496
vt 127.437887 -207.490149
vt 127.491623 -207.493496
vt 127.490830 -207.490149
vt 127.439473 -207.496842
vt 127.492416 -207.496842
vt 127.493209 -207.500189
vt 125.279060 -207.263846
vt 125.279060 -207.237088
vt 125.273934 -207.242214
vt 125.273934 -207.215457
vt 125.268809 -207.220582
vt 125.268809 -207.193825
vt 125.263683 -207.198950
vt 125.263683 -207.172193
vt 125.258557 -207.177318
vt 125.279060 -207.210331
vt 125.273934 -207.188699
vt 125.268809 -207.167067
vt 125.279060 -207.183573
vt 125.273934 -207.161941
vt 125.279060 -207.156816
vt 125.257343 -207.172193
vt 125.262468 -207.167067
vt 125.256128 -207.167067
vt 125.261254 -207.161941
vt 125.254914 -207.161941
vt 125.260039 -207.156816
vt 125.253699 -207.156816
vt 125.267594 -207.161941
vt 125.266380 -207.156816
vt 125.272720 -207.156816
vt 125.612393 -207.406816
vt 125.539898 -207.479311
vt 125.539898 -207.395978
vt 125.467402 -207.468474
vt 125.467402 -207.385140
vt 125.394906 -207.457636
vt 125.394906 -207.374303
vt 125.322411 -207.446799
vt 125.612393 -207.323482
vt 125.539898 -207.312645
vt 125.467402 -207.301807
vt 125.612393 -207.240149
vt 125.539898 -207.229311
vt 125.612393 -207.156816
vt 125.469970 -207.479311
vt 125.400042 -207.479311
vt 125.330114 -207.479311
vt 125.397474 -207.468474
vt 125.327546 -207.468474
vt 125.324979 -207.457636
vt 125.529060 -207.156816
vt 125.529060 -207.183573
vt 125.445727 -207.183573
vt 125.445727 -207.210331
vt 125.362393 -207.210331
vt 125.362393 -207.237088
vt 125.445727 -207.156816
vt 125.362393 -207.183573
vt 125.362393 -207.156816
vt 125.533585 -207.202671
vt 125.450252 -207.229429
vt 125.454777 -207.248526
vt 125.371444 -207.275284
vt 125.375969 -207.294381
vt 125.292636 -207.321139
vt 125.297161 -207.340237
vt 125.366918 -207.256186
vt 125.288110 -207.302041
vt 125.283585 -207.282944
vt 125.461089 -207.275167
vt 125.388594 -207.347662
vt 125.316098 -207.420158
vt 125.382281 -207.321022
vt 125.309786 -207.393518
vt 125.303473 -207.366877
vt 125.945727 -207.406816
vt 125.862393 -207.406816
vt 125.779060 -207.406816
vt 125.695727 -207.406816
vt 125.945727 -207.323482
vt 125.862393 -207.323482
vt 125.779060 -207.323482
vt 125.945727 -207.240149
vt 125.862393 -207.240149
vt 125.945727 -207.156816
vt 125.862393 -207.156816
vt 125.779060 -207.240149
vt 125.779060 -207.323482
vt 125.695727 -207.323482
vt 125.779060 -207.156816
vt 125.695727 -207.240149
vt 125.695727 -207.156816
vt 126.279060 -207.406816
vt 126.195727 -207.406816
vt 126.112393 -207.406816
vt 126.029060 -207.406816
vt 126.279060 -207.323482
vt 126.195727 -207.323482
vt 126.112393 -207.323482
vt 126.279060 -207.240149
vt 126.195727 -207.240149
vt 126.279060 -207.156816
vt 126.195727 -207.156816
vt 126.112393 -207.240149
vt 126.029060 -207.323482
vt 126.112393 -207.156816
vt 126.029060 -207.240149
vt 126.029060 -207.156816
vt 126.612393 -207.406816
vt 126.529060 -207.406816
vt 126.445727 -207.406816
vt 126.362393 -207.406816
vt 126.612393 -207.323482
vt 126.529060 -207.323482
vt 126.445727 -207.323482
vt 126.612393 -207.240149
vt 126.529060 -207.240149
vt 126.612393 -207.156816
vt 126.529060 -207.156816
vt 126.445727 -207.240149
vt 126.362393 -207.323482
vt 126.445727 -207.156816
vt 126.362393 -207.240149
vt 126.362393 -207.156816
vt 126.945727 -207.406816
vt 126.862393 -207.406816
vt 126.779060 -207.406816
vt 126.695727 -207.406816
vt 126.945727 -207.323482
vt 126.862393 -207.323482
vt 126.779060 -207.323482
vt 126.945727 -207.240149
vt 126.862393 -207.240149
vt 126.945727 -207.156816
vt 126.862393 -207.156816
vt 126.779060 -207.240149
vt 126.695727 -207.323482
vt 126.779060 -207.156816
vt 126.695727 -207.240149
vt 126.695727 -207.156816
vt 127.279060 -207.406816
vt 127.195727 -207.406816
vt 127.112393 -207.406816
vt 127.029060 -207.406816
vt 127.279060 -207.323482
vt 127.195727 -207.323482
vt 127.112393 -207.323482
vt 127.279060 -207.240149
vt 127.195727 -207.240149
vt 127.279060 -207.156816
vt 127.195727 -207.156816
vt 127.112393 -207.240149
vt 127.029060 -207.323482
vt 127.112393 -207.156816
vt 127.029060 -207.240149
vt 127.029060 -207.156816
vt 127.450263 -207.318946
vt 127.407462 -207.361747
vt 127.460405 -207.361747
vt 127.417604 -207.404547
vt 127.470547 -207.404547
vt 127.427746 -207.447348
vt 127.480688 -207.447348
vt 127.364662 -207.404547
vt 127.374803 -207.447348
vt 127.321861 -207.447348
vt 127.321861 -207.197348
vt 127.321861 -207.280682
vt 127.364662 -207.237881
vt 127.364662 -207.321214
vt 127.407462 -207.278413
vt 127.321861 -207.364015
vt 127.313618 -207.162560
vt 127.356419 -207.203092
vt 127.348175 -207.168304
vt 127.390976 -207.208836
vt 127.382733 -207.174048
vt 127.425534 -207.214580
vt 127.417291 -207.179792
vt 127.399219 -207.243625
vt 127.433777 -207.249369
vt 127.442020 -207.284157
vt 127.312257 -207.156816
vt 127.346814 -207.162560
vt 127.345453 -207.156816
vt 127.380011 -207.162560
vt 127.378650 -207.156816
vt 127.413208 -207.162560
vt 127.411847 -207.156816
vt 127.381372 -207.168304
vt 127.414569 -207.168304
vt 127.415930 -207.174048
vt 125.279060 -207.073482
vt 125.257971 -207.094571
vt 125.257971 -207.011238
vt 125.236882 -207.032327
vt 125.236882 -206.948994
vt 125.215793 -206.970083
vt 125.215793 -206.886749
vt 125.194704 -206.907838
vt 125.279060 -206.990149
vt 125.257971 -206.927905
vt 125.236882 -206.865660
vt 125.279060 -206.906816
vt 125.257971 -206.844571
vt 125.279060 -206.823482
vt 125.264407 -207.121735
vt 125.243318 -207.059491
vt 125.249755 -207.086655
vt 125.228666 -207.024410
vt 125.235102 -207.051574
vt 125.214013 -206.989330
vt 125.220450 -207.016493
vt 125.222229 -206.997246
vt 125.207577 -206.962166
vt 125.201140 -206.935002
vt 125.258067 -207.121735
vt 125.251727 -207.121735
vt 125.245387 -207.121735
vt 125.243415 -207.086655
vt 125.237074 -207.086655
vt 125.228762 -207.051574
vt 125.189707 -206.886749
vt 125.210796 -206.865660
vt 125.184710 -206.865660
vt 125.205799 -206.844571
vt 125.179713 -206.844571
vt 125.200802 -206.823482
vt 125.174716 -206.823482
vt 125.231885 -206.844571
vt 125.226888 -206.823482
vt 125.252974 -206.823482
vt 125.612393 -207.073482
vt 125.529060 -207.073482
vt 125.445727 -207.073482
vt 125.362393 -207.073482
vt 125.612393 -206.990149
vt 125.529060 -206.990149
vt 125.445727 -206.990149
vt 125.612393 -206.906816
vt 125.529060 -206.906816
vt 125.612393 -206.823482
vt 125.529060 -206.823482
vt 125.445727 -206.906816
vt 125.445727 -206.990149
vt 125.362393 -206.990149
vt 125.445727 -206.823482
vt 125.362393 -206.906816
vt 125.362393 -206.823482
vt 125.945727 -207.073482
vt 125.862393 -207.073482
vt 125.779060 -207.073482
vt 125.695727 -207.073482
vt 125.945727 -206.990149
vt 125.862393 -206.990149
vt 125.779060 -206.990149
vt 125.945727 -206.906816
vt 125.862393 -206.906816
vt 125.945727 -206.823482
vt 125.862393 -206.823482
vt 125.779060 -206.906816
vt 125.695727 -206.990149
vt 125.779060 -206.823482
vt 125.695727 -206.906816
vt 125.695727 -206.823482
vt 126.279060 -207.073482
vt 126.195727 -207.073482
vt 126.112393 -207.073482
vt 126.029060 -207.073482
vt 126.279060 -206.990149
vt 126.195727 -206.990149
vt 126.112393 -206.990149
vt 126.279060 -206.906816
vt 126.195727 -206.906816
vt 126.279060 -206.823482
vt 126.195727 -206.823482
vt 126.112393 -206.906816
vt 126.029060 -206.990149
vt 126.112393 -206.823482
vt 126.029060 -206.906816
vt 126.029060 -206.823482
vt 126.612393 -207.073482
vt 126.529060 -207.073482
vt 126.445727 -207.073482
vt 126.362393 -207.073482
vt 126.612393 -206.990149
vt 126.529060 -206.990149
vt 126.445727 -206.990149
vt 126.612393 -206.906816
vt 126.529060 -206.906816
vt 126.612393 -206.823482
vt 126.529060 -206.823482
vt 126.445727 -206.906816
vt 126.362393 -206.990149
vt 126.445727 -206.823482
vt 126.362393 -206.906816
vt 126.362393 -206.823482
vt 126.945727 -207.073482
vt 126.862393 -207.073482
vt 126.779060 -207.073482
vt 126.695727 -207.073482
vt 126.945727 -206.990149
vt 126.862393 -206.990149
vt 126.779060 -206.990149
vt 126.945727 -206.906816
vt 126.862393 -206.906816
vt 126.945727 -206.823482
vt 126.862393 -206.823482
vt 126.779060 -206.906816
vt 126.695727 -206.990149
vt 126.779060 -206.823482
vt 126.695727 -206.906816
vt 126.695727 -206.823482
vt 127.279060 -207.073482
vt 127.195727 -207.073482
vt 127.112393 -207.073482
vt 127.029060 -207.073482
vt 127.279060 -206.990149
vt 127.195727 -206.990149
vt 127.112393 -206.990149
vt 127.279060 -206.906816
vt 127.195727 -206.906816
vt 127.279060 -206.823482
vt 127.195727 -206.823482
vt 127.112393 -206.906816
vt 127.029060 -206.990149
vt 127.112393 -206.823482
vt 127.029060 -206.906816
vt 127.029060 -206.823482
vt 127.386410 -207.049466
vt 127.359573 -207.076303
vt 127.392769 -207.076303
vt 127.365932 -207.103141
vt 127.399128 -207.103141
vt 127.372291 -207.129978
vt 127.405487 -207.129978
vt 127.332735 -207.103141
vt 127.339094 -207.129978
vt 127.305897 -207.129978
vt 127.305897 -206.879978
vt 127.305897 -206.963312
vt 127.332735 -206.936474
vt 127.332735 -207.019807
vt 127.359573 -206.992970
vt 127.305897 -207.046645
vt 127.294440 -206.831624
vt 127.321277 -206.888120
vt 127.309820 -206.839766
vt 127.336657 -206.896261
vt 127.325200 -206.847907
vt 127.352037 -206.904403
vt 127.340580 -206.856049
vt 127.348115 -206.944616
vt 127.363495 -206.952757
vt 127.374952 -207.001111
vt 127.292511 -206.823482
vt 127.307891 -206.831624
vt 127.305962 -206.823482
vt 127.321342 -206.831624
vt 127.319412 -206.823482
vt 127.334792 -206.831624
vt 127.332863 -206.823482
vt 127.323271 -206.839766
vt 127.336722 -206.839766
vt 127.338651 -206.847907
vt 125.279060 -206.740149
vt 125.242008 -206.777201
vt 125.242008 -206.693868
vt 125.204955 -206.730920
vt 125.204955 -206.647587
vt 125.167903 -206.684639
vt 125.167903 -206.601306
vt 125.130851 -206.638358
vt 125.279060 -206.656816
vt 125.242008 -206.610535
vt 125.204955 -206.564254
vt 125.279060 -206.573482
vt 125.242008 -206.527201
vt 125.279060 -206.490149
vt 125.245230 -206.790799
vt 125.208177 -206.744518
vt 125.211399 -206.758116
vt 125.174347 -206.711835
vt 125.177569 -206.725433
vt 125.140517 -206.679152
vt 125.143739 -206.692750
vt 125.171125 -206.698237
vt 125.137295 -206.665554
vt 125.134073 -206.651956
vt 125.219144 -206.790799
vt 125.193058 -206.790799
vt 125.166972 -206.790799
vt 125.185313 -206.758116
vt 125.159227 -206.758116
vt 125.151483 -206.725433
vt 125.122071 -206.601306
vt 125.159124 -206.564254
vt 125.113292 -206.564254
vt 125.150344 -206.527201
vt 125.104512 -206.527201
vt 125.141564 -206.490149
vt 125.095733 -206.490149
vt 125.196176 -206.527201
vt 125.187396 -206.490149
vt 125.233228 -206.490149
vt 125.612393 -206.740149
vt 125.529060 -206.740149
vt 125.445727 -206.740149
vt 125.362393 -206.740149
vt 125.612393 -206.656816
vt 125.529060 -206.656816
vt 125.445727 -206.656816
vt 125.612393 -206.573482
vt 125.529060 -206.573482
vt 125.612393 -206.490149
vt 125.529060 -206.490149
vt 125.445727 -206.573482
vt 125.362393 -206.656816
vt 125.445727 -206.490149
vt 125.362393 -206.573482
vt 125.362393 -206.490149
vt 125.945727 -206.740149
vt 125.862393 -206.740149
vt 125.779060 -206.740149
vt 125.695727 -206.740149
vt 125.945727 -206.656816
vt 125.862393 -206.656816
vt 125.779060 -206.656816
vt 125.945727 -206.573482
vt 125.862393 -206.573482
vt 125.945727 -206.490149
vt 125.862393 -206.490149
vt 125.779060 -206.573482
vt 125.695727 -206.656816
vt 125.779060 -206.490149
vt 125.695727 -206.573482
vt 125.695727 -206.490149
vt 126.279060 -206.740149
vt 126.195727 -206.740149
vt 126.112393 -206.740149
vt 126.029060 -206.740149
vt 126.279060 -206.656816
vt 126.195727 -206.656816
vt 126.112393 -206.656816
vt 126.279060 -206.573482
vt 126.195727 -206.573482
vt 126.279060 -206.490149
vt 126.195727 -206.490149
vt 126.112393 -206.573482
vt 126.112393 -206.656816
vt 126.029060 -206.656816
vt 126.112393 -206.490149
vt 126.029060 -206.573482
vt 126.029060 -206.490149
vt 126.612393 -206.740149
vt 126.529060 -206.740149
vt 126.445727 -206.740149
vt 126.362393 -206.740149
vt 126.612393 -206.656816
vt 126.529060 -206.656816
vt 126.445727 -206.656816
vt 126.612393 -206.573482
vt 126.529060 -206.573482
vt 126.612393 -206.490149
vt 126.529060 -206.490149
vt 126.445727 -206.573482
vt 126.362393 -206.656816
vt 126.445727 -206.490149
vt 126.362393 -206.573482
vt 126.362393 -206.490149
vt 126.945727 -206.740149
vt 126.862393 -206.740149
vt 126.779060 -206.740149
vt 126.695727 -206.740149
vt 126.945727 -206.656816
vt 126.862393 -206.656816
vt 126.779060 -206.656816
vt 126.945727 -206.573482
vt 126.862393 -206.573482
vt 126.945727 -206.490149
vt 126.862393 -206.490149
vt 126.779060 -206.573482
vt 126.695727 -206.656816
vt 126.779060 -206.490149
vt 126.695727 -206.573482
vt 126.695727 -206.490149
vt 127.029060 -206.766716
vt 127.112393 -206.766716
vt 127.112393 -206.709949
vt 127.195727 -206.709949
vt 127.195727 -206.653183
vt 127.279060 -206.653183
vt 127.279060 -206.596416
vt 127.195727 -206.766716
vt 127.279060 -206.709949
vt 127.279060 -206.766716
vt 127.025262 -206.750688
vt 127.108596 -206.693922
vt 127.104798 -206.677894
vt 127.188131 -206.621127
vt 127.184333 -206.605100
vt 127.267667 -206.548333
vt 127.263869 -206.532306
vt 127.191929 -206.637155
vt 127.271464 -206.564361
vt 127.275262 -206.580388
vt 127.023971 -206.745238
vt 127.103506 -206.672444
vt 127.102215 -206.666994
vt 127.181751 -206.594200
vt 127.180459 -206.588750
vt 127.259995 -206.515956
vt 127.258704 -206.510506
vt 127.183042 -206.599650
vt 127.261286 -206.521406
vt 127.262578 -206.526856
vt 127.023971 -206.495238
vt 127.023971 -206.578572
vt 127.102215 -206.500327
vt 127.102215 -206.583661
vt 127.180459 -206.505416
vt 127.023971 -206.661905
vt 127.022765 -206.490149
vt 127.101009 -206.495238
vt 127.099803 -206.490149
vt 127.178048 -206.495238
vt 127.176842 -206.490149
vt 127.255086 -206.495238
vt 127.253880 -206.490149
vt 127.179253 -206.500327
vt 127.256292 -206.500327
vt 127.257498 -206.505416
vt 127.322557 -206.779986
vt 127.311683 -206.790860
vt 127.325133 -206.790860
vt 127.314259 -206.801734
vt 127.327710 -206.801734
vt 127.316836 -206.812608
vt 127.330287 -206.812608
vt 127.300808 -206.801734
vt 127.303385 -206.812608
vt 127.289934 -206.812608
vt 127.289934 -206.642308
vt 127.289934 -206.699075
vt 127.300808 -206.688201
vt 127.300808 -206.744967
vt 127.311683 -206.734093
vt 127.289934 -206.755842
vt 125.279060 -206.406816
vt 125.226044 -206.459831
vt 125.226044 -206.376498
vt 125.173029 -206.429514
vt 125.173029 -206.346180
vt 125.120013 -206.399196
vt 125.120013 -206.315863
vt 125.066997 -206.368878
vt 125.279060 -206.323482
vt 125.226044 -206.293165
vt 125.173029 -206.262847
vt 125.279060 -206.240149
vt 125.226044 -206.209831
vt 125.279060 -206.156816
vt 125.226052 -206.459864
vt 125.173036 -206.429546
vt 125.173044 -206.429578
vt 125.120028 -206.399260
vt 125.120036 -206.399293
vt 125.067020 -206.368975
vt 125.067028 -206.369007
vt 125.120021 -206.399228
vt 125.067013 -206.368943
vt 125.067005 -206.368910
vt 125.180220 -206.459864
vt 125.134388 -206.459864
vt 125.088556 -206.459864
vt 125.127212 -206.429578
vt 125.081380 -206.429578
vt 125.074204 -206.399293
vt 125.054435 -206.315863
vt 125.107451 -206.262847
vt 125.041873 -206.262847
vt 125.094889 -206.209831
vt 125.029311 -206.209831
vt 125.082327 -206.156816
vt 125.016749 -206.156816
vt 125.160467 -206.209831
vt 125.147905 -206.156816
vt 125.213482 -206.156816
vt 125.612393 -206.406816
vt 125.529060 -206.406816
vt 125.445727 -206.406816
vt 125.362393 -206.406816
vt 125.612393 -206.323482
vt 125.529060 -206.323482
vt 125.445727 -206.323482
vt 125.612393 -206.240149
vt 125.529060 -206.240149
vt 125.612393 -206.156816
vt 125.529060 -206.156816
vt 125.445727 -206.240149
vt 125.362393 -206.323482
vt 125.445727 -206.156816
vt 125.362393 -206.240149
vt 125.362393 -206.156816
vt 125.945727 -206.406816
vt 125.862393 -206.490149
vt 125.862393 -206.406816
vt 125.779060 -206.406816
vt 125.695727 -206.406816
vt 125.945727 -206.323482
vt 125.862393 -206.323482
vt 125.779060 -206.323482
vt 125.945727 -206.240149
vt 125.862393 -206.240149
vt 125.945727 -206.156816
vt 125.862393 -206.156816
vt 125.862393 -206.240149
vt 125.779060 -206.240149
vt 125.695727 -206.323482
vt 125.779060 -206.156816
vt 125.695727 -206.240149
vt 125.695727 -206.156816
vt 126.279060 -206.406816
vt 126.195727 -206.406816
vt 126.112393 -206.406816
vt 126.029060 -206.406816
vt 126.279060 -206.323482
vt 126.195727 -206.323482
vt 126.112393 -206.323482
vt 126.279060 -206.240149
vt 126.195727 -206.240149
vt 126.279060 -206.156816
vt 126.195727 -206.156816
vt 126.112393 -206.240149
vt 126.029060 -206.323482
vt 126.112393 -206.156816
vt 126.029060 -206.240149
vt 126.029060 -206.156816
vt 126.612393 -206.406816
vt 126.529060 -206.406816
vt 126.445727 -206.406816
vt 126.362393 -206.406816
vt 126.612393 -206.323482
vt 126.529060 -206.323482
vt 126.445727 -206.323482
vt 126.612393 -206.240149
vt 126.529060 -206.240149
vt 126.612393 -206.156816
vt 126.529060 -206.156816
vt 126.445727 -206.240149
vt 126.362393 -206.323482
vt 126.445727 -206.156816
vt 126.362393 -206.240149
vt 126.362393 -206.156816
vt 126.945727 -206.406816
vt 126.862393 -206.406816
vt 126.779060 -206.406816
vt 126.695727 -206.406816
vt 126.945727 -206.323482
vt 126.862393 -206.323482
vt 126.779060 -206.323482
vt 126.945727 -206.240149
vt 126.862393 -206.240149
vt 126.945727 -206.156816
vt 126.862393 -206.156816
vt 126.779060 -206.240149
vt 126.695727 -206.323482
vt 126.779060 -206.156816
vt 126.695727 -206.240149
vt 126.695727 -206.156816
vt 127.194850 -206.241025
vt 127.132569 -206.303306
vt 127.209608 -206.303306
vt 127.147327 -206.365587
vt 127.224365 -206.365587
vt 127.162084 -206.427868
vt 127.239123 -206.427868
vt 127.070288 -206.365587
vt 127.085046 -206.427868
vt 127.008008 -206.427868
vt 127.008008 -206.177868
vt 127.008008 -206.261202
vt 127.070288 -206.198921
vt 127.070288 -206.282254
vt 127.132569 -206.219973
vt 127.008008 -206.344535
vt 127.006084 -206.169752
vt 127.068365 -206.190805
vt 127.066442 -206.182689
vt 127.128723 -206.203742
vt 127.126800 -206.195626
vt 127.189081 -206.216678
vt 127.187158 -206.208562
vt 127.130646 -206.211857
vt 127.191004 -206.224794
vt 127.192927 -206.232910
vt 127.003019 -206.156816
vt 127.063377 -206.169752
vt 127.060312 -206.156816
vt 127.120670 -206.169752
vt 127.117604 -206.156816
vt 127.177962 -206.169752
vt 127.174897 -206.156816
vt 127.123735 -206.182689
vt 127.181027 -206.182689
vt 127.184093 -206.195626
vt 124.945727 -205.857079
vt 124.945727 -205.848680
vt 124.944118 -205.850288
vt 124.944118 -205.841889
vt 124.942509 -205.843498
vt 124.942509 -205.835099
vt 124.940900 -205.836708
vt 124.940900 -205.828309
vt 124.939291 -205.829918
vt 124.945727 -205.840280
vt 124.944118 -205.833490
vt 124.942509 -205.826700
vt 124.945727 -205.831881
vt 124.944118 -205.825091
vt 124.945727 -205.823482
vt 124.938910 -205.828309
vt 124.940519 -205.826700
vt 124.938529 -205.826700
vt 124.940137 -205.825091
vt 124.938147 -205.825091
vt 124.939756 -205.823482
vt 124.937766 -205.823482
vt 124.942128 -205.825091
vt 124.941746 -205.823482
vt 124.943736 -205.823482
vt 125.279060 -206.073482
vt 125.210081 -206.142461
vt 125.210081 -206.059128
vt 125.141102 -206.128107
vt 125.141102 -206.044774
vt 125.072123 -206.113753
vt 125.072123 -206.030419
vt 125.003144 -206.099398
vt 125.279060 -205.990149
vt 125.210081 -205.975795
vt 125.141102 -205.961440
vt 125.279060 -205.906816
vt 125.210081 -205.892461
vt 125.279060 -205.823482
vt 125.144503 -206.142461
vt 125.078926 -206.142461
vt 125.013348 -206.142461
vt 125.075524 -206.128107
vt 125.009947 -206.128107
vt 125.006545 -206.113753
vt 125.195727 -205.823482
vt 125.195727 -205.831881
vt 125.112393 -205.831881
vt 125.112393 -205.840280
vt 125.029060 -205.840280
vt 125.029060 -205.848680
vt 125.112393 -205.823482
vt 125.029060 -205.831881
vt 125.029060 -205.823482
vt 125.206874 -205.878928
vt 125.123541 -205.887327
vt 125.134689 -205.934373
vt 125.051355 -205.942772
vt 125.062503 -205.989819
vt 124.979169 -205.998218
vt 124.990317 -206.045264
vt 125.040208 -205.895726
vt 124.968022 -205.951171
vt 124.956874 -205.904125
vt 125.137895 -205.947907
vt 125.068916 -206.016886
vt 124.999937 -206.085865
vt 125.065710 -206.003352
vt 124.996731 -206.072331
vt 124.993524 -206.058797
vt 125.612393 -206.073482
vt 125.529060 -206.073482
vt 125.445727 -206.073482
vt 125.362393 -206.073482
vt 125.612393 -205.990149
vt 125.529060 -205.990149
vt 125.445727 -205.990149
vt 125.612393 -205.906816
vt 125.529060 -205.906816
vt 125.612393 -205.823482
vt 125.529060 -205.823482
vt 125.445727 -205.906816
vt 125.362393 -205.990149
vt 125.445727 -205.823482
vt 125.362393 -205.906816
vt 125.362393 -205.823482
vt 125.945727 -206.073482
vt 125.862393 -206.073482
vt 125.779060 -206.073482
vt 125.695727 -206.073482
vt 125.945727 -205.990149
vt 125.862393 -205.990149
vt 125.779060 -205.990149
vt 125.945727 -205.906816
vt 125.862393 -205.906816
vt 125.945727 -205.823482
vt 125.862393 -205.823482
vt 125.779060 -205.906816
vt 125.695727 -205.990149
vt 125.779060 -205.823482
vt 125.695727 -205.906816
vt 125.612393 -205.990149
vt 125.695727 -205.823482
vt 126.279060 -206.073482
vt 126.195727 -206.073482
vt 126.112393 -206.073482
vt 126.029060 -206.073482
vt 126.279060 -205.990149
vt 126.195727 -205.990149
vt 126.112393 -205.990149
vt 126.279060 -205.906816
vt 126.195727 -205.906816
vt 126.279060 -205.823482
vt 126.195727 -205.823482
vt 126.112393 -205.906816
vt 126.029060 -205.990149
vt 126.112393 -205.823482
vt 126.029060 -205.906816
vt 125.945727 -205.990149
vt 126.029060 -205.823482
vt 126.612393 -206.073482
vt 126.529060 -206.073482
vt 126.445727 -206.073482
vt 126.362393 -206.073482
vt 126.612393 -205.990149
vt 126.529060 -205.990149
vt 126.445727 -205.990149
vt 126.612393 -205.906816
vt 126.529060 -205.906816
vt 126.612393 -205.823482
vt 126.529060 -205.823482
vt 126.445727 -205.906816
vt 126.362393 -205.990149
vt 126.445727 -205.823482
vt 126.362393 -205.906816
vt 126.362393 -205.823482
vt 126.945727 -206.073482
vt 126.862393 -206.073482
vt 126.779060 -206.073482
vt 126.695727 -206.073482
vt 126.945727 -205.990149
vt 126.862393 -205.990149
vt 126.779060 -205.990149
vt 126.945727 -205.906816
vt 126.862393 -205.906816
vt 126.945727 -205.823482
vt 126.862393 -205.823482
vt 126.779060 -205.906816
vt 126.695727 -205.990149
vt 126.695727 -206.073482
vt 126.779060 -205.823482
vt 126.695727 -205.906816
vt 126.695727 -205.823482
vt 127.130997 -205.971545
vt 127.084679 -206.017863
vt 127.141972 -206.017863
vt 127.095654 -206.064181
vt 127.152947 -206.064181
vt 127.106629 -206.110498
vt 127.163922 -206.110498
vt 127.038362 -206.064181
vt 127.049337 -206.110498
vt 126.992044 -206.110498
vt 126.992044 -205.860498
vt 126.992044 -205.943832
vt 127.038362 -205.897514
vt 127.038362 -205.980847
vt 127.084679 -205.934530
vt 126.992044 -206.027165
vt 126.986907 -205.838817
vt 127.033224 -205.875832
vt 127.028087 -205.854151
vt 127.074405 -205.891167
vt 127.069267 -205.869485
vt 127.115585 -205.906501
vt 127.110447 -205.884819
vt 127.079542 -205.912848
vt 127.120722 -205.928182
vt 127.125860 -205.949864
vt 126.983273 -205.823482
vt 127.024453 -205.838817
vt 127.020820 -205.823482
vt 127.062000 -205.838817
vt 127.058367 -205.823482
vt 127.099547 -205.838817
vt 127.095913 -205.823482
vt 127.065634 -205.854151
vt 127.103180 -205.854151
vt 127.106814 -205.869485
vt 124.945727 -205.740149
vt 124.928154 -205.757721
vt 124.928154 -205.674388
vt 124.910582 -205.691960
vt 124.910582 -205.608627
vt 124.893010 -205.626199
vt 124.893010 -205.542866
vt 124.875438 -205.560438
vt 124.945727 -205.656816
vt 124.928154 -205.591055
vt 124.910582 -205.525294
vt 124.945727 -205.573482
vt 124.928154 -205.507721
vt 124.945727 -205.490149
vt 124.937697 -205.797992
vt 124.920124 -205.732231
vt 124.929666 -205.772502
vt 124.912094 -205.706740
vt 124.921636 -205.747011
vt 124.904064 -205.681250
vt 124.913606 -205.721521
vt 124.902552 -205.666470
vt 124.894522 -205.640979
vt 124.884980 -205.600709
vt 124.935706 -205.797992
vt 124.933716 -205.797992
vt 124.931726 -205.797992
vt 124.927676 -205.772502
vt 124.925686 -205.772502
vt 124.919646 -205.747011
vt 124.871274 -205.542866
vt 124.888846 -205.525294
vt 124.867110 -205.525294
vt 124.884682 -205.507721
vt 124.862946 -205.507721
vt 124.880519 -205.490149
vt 124.858783 -205.490149
vt 124.906418 -205.507721
vt 124.902255 -205.490149
vt 124.923991 -205.490149
vt 125.279060 -205.740149
vt 125.195727 -205.740149
vt 125.112393 -205.740149
vt 125.029060 -205.740149
vt 125.279060 -205.656816
vt 125.195727 -205.656816
vt 125.112393 -205.656816
vt 125.279060 -205.573482
vt 125.195727 -205.573482
vt 125.279060 -205.490149
vt 125.195727 -205.490149
vt 125.112393 -205.573482
vt 125.029060 -205.656816
vt 125.112393 -205.490149
vt 125.029060 -205.573482
vt 125.029060 -205.490149
vt 125.612393 -205.740149
vt 125.529060 -205.740149
vt 125.445727 -205.740149
vt 125.362393 -205.740149
vt 125.612393 -205.656816
vt 125.529060 -205.656816
vt 125.445727 -205.656816
vt 125.612393 -205.573482
vt 125.529060 -205.573482
vt 125.612393 -205.490149
vt 125.529060 -205.490149
vt 125.445727 -205.573482
vt 125.362393 -205.656816
vt 125.362393 -205.740149
vt 125.445727 -205.490149
vt 125.362393 -205.573482
vt 125.362393 -205.490149
vt 125.945727 -205.740149
vt 125.862393 -205.740149
vt 125.779060 -205.740149
vt 125.695727 -205.740149
vt 125.945727 -205.656816
vt 125.862393 -205.656816
vt 125.779060 -205.656816
vt 125.945727 -205.573482
vt 125.862393 -205.573482
vt 125.945727 -205.490149
vt 125.862393 -205.490149
vt 125.779060 -205.573482
vt 125.779060 -205.656816
vt 125.695727 -205.656816
vt 125.779060 -205.490149
vt 125.695727 -205.573482
vt 125.695727 -205.490149
vt 126.279060 -205.740149
vt 126.195727 -205.740149
vt 126.112393 -205.740149
vt 126.029060 -205.740149
vt 126.279060 -205.656816
vt 126.195727 -205.656816
vt 126.112393 -205.656816
vt 126.279060 -205.573482
vt 126.195727 -205.573482
vt 126.279060 -205.490149
vt 126.195727 -205.490149
vt 126.112393 -205.573482
vt 126.029060 -205.656816
vt 126.112393 -205.490149
vt 126.029060 -205.573482
vt 126.029060 -205.490149
vt 126.612393 -205.740149
vt 126.529060 -205.740149
vt 126.445727 -205.740149
vt 126.362393 -205.740149
vt 126.612393 -205.656816
vt 126.529060 -205.656816
vt 126.445727 -205.656816
vt 126.612393 -205.573482
vt 126.529060 -205.573482
vt 126.612393 -205.490149
vt 126.529060 -205.490149
vt 126.445727 -205.573482
vt 126.362393 -205.656816
vt 126.445727 -205.490149
vt 126.362393 -205.573482
vt 126.362393 -205.490149
vt 126.945727 -205.740149
vt 126.862393 -205.740149
vt 126.779060 -205.740149
vt 126.695727 -205.740149
vt 126.945727 -205.656816
vt 126.862393 -205.656816
vt 126.779060 -205.656816
vt 126.945727 -205.573482
vt 126.862393 -205.573482
vt 126.945727 -205.490149
vt 126.862393 -205.490149
vt 126.779060 -205.573482
vt 126.695727 -205.656816
vt 126.779060 -205.490149
vt 126.695727 -205.573482
vt 126.695727 -205.490149
vt 127.067144 -205.702065
vt 127.036789 -205.732420
vt 127.074336 -205.732420
vt 127.043982 -205.762774
vt 127.081529 -205.762774
vt 127.051174 -205.793128
vt 127.088721 -205.793128
vt 127.006435 -205.762774
vt 127.013628 -205.793128
vt 126.976081 -205.793128
vt 126.976081 -205.543128
vt 126.976081 -205.626462
vt 127.006435 -205.596107
vt 127.006435 -205.679441
vt 127.036789 -205.649086
vt 126.976081 -205.709795
vt 126.967729 -205.507881
vt 126.998083 -205.560860
vt 126.989731 -205.525613
vt 127.020086 -205.578592
vt 127.011734 -205.543344
vt 127.042088 -205.596323
vt 127.033736 -205.561076
vt 127.028438 -205.613839
vt 127.050440 -205.631571
vt 127.058792 -205.666818
vt 126.963528 -205.490149
vt 126.985530 -205.507881
vt 126.981328 -205.490149
vt 127.003331 -205.507881
vt 126.999129 -205.490149
vt 127.021132 -205.507881
vt 127.016930 -205.490149
vt 127.007532 -205.525613
vt 127.025333 -205.525613
vt 127.029535 -205.543344
vt 124.945727 -205.406816
vt 124.912283 -205.440259
vt 124.912283 -205.356926
vt 124.878840 -205.390369
vt 124.878840 -205.307035
vt 124.845397 -205.340479
vt 124.845397 -205.257145
vt 124.811954 -205.290588
vt 124.945727 -205.323482
vt 124.912283 -205.273592
vt 124.878840 -205.223702
vt 124.945727 -205.240149
vt 124.912283 -205.190259
vt 124.945727 -205.156816
vt 124.918271 -205.466002
vt 124.884828 -205.416112
vt 124.890816 -205.441856
vt 124.857373 -205.391965
vt 124.863361 -205.417709
vt 124.829918 -205.367819
vt 124.835906 -205.393562
vt 124.851385 -205.366222
vt 124.823930 -205.342075
vt 124.817942 -205.316332
vt 124.918519 -205.467056
vt 124.891064 -205.442909
vt 124.891311 -205.443963
vt 124.863856 -205.419817
vt 124.864103 -205.420870
vt 124.836648 -205.396724
vt 124.836895 -205.397778
vt 124.863608 -205.418763
vt 124.836400 -205.395670
vt 124.836153 -205.394616
vt 124.896783 -205.467056
vt 124.875047 -205.467056
vt 124.853311 -205.467056
vt 124.869575 -205.443963
vt 124.847839 -205.443963
vt 124.842367 -205.420870
vt 124.780839 -205.156816
vt 125.279060 -205.406816
vt 125.195727 -205.406816
vt 125.112393 -205.406816
vt 125.029060 -205.406816
vt 125.279060 -205.323482
vt 125.195727 -205.323482
vt 125.112393 -205.323482
vt 125.279060 -205.240149
vt 125.195727 -205.240149
vt 125.279060 -205.156816
vt 125.195727 -205.156816
vt 125.112393 -205.240149
vt 125.029060 -205.323482
vt 125.112393 -205.156816
vt 125.029060 -205.240149
vt 125.029060 -205.156816
vt 125.612393 -205.406816
vt 125.529060 -205.406816
vt 125.445727 -205.406816
vt 125.362393 -205.406816
vt 125.612393 -205.323482
vt 125.529060 -205.323482
vt 125.445727 -205.323482
vt 125.612393 -205.240149
vt 125.529060 -205.240149
vt 125.612393 -205.156816
vt 125.529060 -205.156816
vt 125.445727 -205.240149
vt 125.362393 -205.323482
vt 125.445727 -205.156816
vt 125.362393 -205.240149
vt 125.362393 -205.156816
vt 125.945727 -205.406816
vt 125.862393 -205.490149
vt 125.862393 -205.406816
vt 125.779060 -205.406816
vt 125.695727 -205.406816
vt 125.945727 -205.323482
vt 125.862393 -205.323482
vt 125.779060 -205.323482
vt 125.945727 -205.240149
vt 125.862393 -205.240149
vt 125.945727 -205.156816
vt 125.862393 -205.156816
vt 125.779060 -205.240149
vt 125.695727 -205.323482
vt 125.779060 -205.156816
vt 125.695727 -205.240149
vt 125.612393 -205.323482
vt 125.695727 -205.156816
vt 126.279060 -205.406816
vt 126.195727 -205.406816
vt 126.112393 -205.406816
vt 126.029060 -205.406816
vt 126.279060 -205.323482
vt 126.195727 -205.323482
vt 126.112393 -205.323482
vt 126.279060 -205.240149
vt 126.195727 -205.240149
vt 126.279060 -205.156816
vt 126.195727 -205.156816
vt 126.112393 -205.240149
vt 126.029060 -205.323482
vt 126.112393 -205.156816
vt 126.029060 -205.240149
vt 126.029060 -205.156816
vt 126.612393 -205.406816
vt 126.529060 -205.406816
vt 126.445727 -205.406816
vt 126.362393 -205.406816
vt 126.612393 -205.323482
vt 126.529060 -205.323482
vt 126.445727 -205.323482
vt 126.612393 -205.240149
vt 126.529060 -205.240149
vt 126.612393 -205.156816
vt 126.529060 -205.156816
vt 126.445727 -205.240149
vt 126.362393 -205.323482
vt 126.445727 -205.156816
vt 126.362393 -205.240149
vt 126.362393 -205.156816
vt 126.695727 -205.415024
vt 126.779060 -205.415024
vt 126.779060 -205.339899
vt 126.862393 -205.339899
vt 126.862393 -205.264774
vt 126.945727 -205.264774
vt 126.945727 -205.189648
vt 126.862393 -205.415024
vt 126.945727 -205.339899
vt 126.945727 -205.415024
vt 126.694154 -205.408388
vt 126.777488 -205.333263
vt 126.775915 -205.326627
vt 126.859249 -205.251502
vt 126.857676 -205.244866
vt 126.941010 -205.169741
vt 126.939437 -205.163105
vt 126.860821 -205.258138
vt 126.942582 -205.176377
vt 126.944154 -205.183013
vt 126.694154 -205.158388
vt 126.694154 -205.241721
vt 126.775915 -205.159960
vt 126.775915 -205.243294
vt 126.857676 -205.161533
vt 126.694154 -205.325055
vt 126.937947 -205.156816
vt 127.003290 -205.432585
vt 126.988900 -205.446976
vt 127.006700 -205.446976
vt 126.992309 -205.461367
vt 127.010110 -205.461367
vt 126.995719 -205.475758
vt 127.013520 -205.475758
vt 126.974509 -205.461367
vt 126.977918 -205.475758
vt 126.960118 -205.475758
vt 126.960118 -205.250383
vt 126.960118 -205.325508
vt 126.974509 -205.311117
vt 126.974509 -205.386242
vt 126.988900 -205.371851
vt 126.960118 -205.400633
vt 124.945727 -204.823482
vt 124.750265 -205.018944
vt 124.760539 -205.069543
vt 124.716065 -204.823482
vt 124.748757 -205.011518
vt 125.279060 -204.823482
vt 125.612393 -204.823482
vt 125.945727 -204.823482
vt 126.279060 -204.823482
vt 126.612393 -204.823482
vt 126.880814 -204.915696
vt 126.875662 -204.893547
vt 126.859365 -204.823482
f 3/3 2/2 1/1
f 3/3 4/4 2/2
f 5/5 4/4 3/3
f 5/5 6/6 4/4
f 7/7 6/6 5/5
f 7/7 8/8 6/6
f 9/9 8/8 7/7
f 4/4 10/10 2/2
f 4/4 11/11 10/10
f 6/6 11/11 4/4
f 6/6 12/12 11/11
f 8/8 12/12 6/6
f 11/11 13/13 10/10
f 11/11 14/14 13/13
f 12/12 14/14 11/11
f 14/14 15/15 13/13
f 16/16 3/3 1/1
f 16/16 17/17 3/3
f 18/18 17/17 16/16
f 18/18 19/19 17/17
f 20/20 19/19 18/18
f 20/20 21/21 19/19
f 22/22 21/21 20/20
f 17/17 5/5 3/3
f 17/17 23/23 5/5
f 19/19 23/23 17/17
f 19/19 24/24 23/23
f 21/21 24/24 19/19
f 23/23 7/7 5/5
f 23/23 25/25 7/7
f 24/24 25/25 23/23
f 25/25 9/9 7/7
f 26/26 15/15 9/9
f 29/29 28/28 27/27
f 29/29 30/30 28/28
f 31/31 30/30 29/29
f 31/31 32/32 30/30
f 33/33 32/32 31/31
f 33/33 34/34 32/32
f 1/1 34/34 33/33
f 30/30 35/35 28/28
f 30/30 36/36 35/35
f 32/32 36/36 30/30
f 32/32 37/37 36/36
f 34/34 37/37 32/32
f 36/36 38/38 35/35
f 36/36 39/39 38/38
f 37/37 39/39 36/36
f 39/39 40/40 38/38
f 39/39 41/41 40/40
f 39/39 42/42 41/41
f 37/37 42/42 39/39
f 37/37 43/43 42/42
f 34/34 43/43 37/37
f 34/34 2/2 43/43
f 1/1 2/2 34/34
f 42/42 44/44 41/41
f 42/42 45/45 44/44
f 43/43 45/45 42/42
f 43/43 10/10 45/45
f 2/2 10/10 43/43
f 45/45 46/46 44/44
f 45/45 13/13 46/46
f 10/10 13/13 45/45
f 13/13 15/15 46/46
f 49/49 48/48 47/47
f 49/49 50/50 48/48
f 51/51 50/50 49/49
f 51/51 52/52 50/50
f 53/53 52/52 51/51
f 53/53 54/54 52/52
f 27/27 54/54 53/53
f 50/50 55/55 48/48
f 50/50 56/56 55/55
f 52/52 56/56 50/50
f 52/52 57/57 56/56
f 54/54 57/57 52/52
f 56/56 58/58 55/55
f 56/56 59/59 58/58
f 57/57 59/59 56/56
f 59/59 60/60 58/58
f 59/59 61/61 60/60
f 59/59 62/62 61/61
f 57/57 62/62 59/59
f 57/57 63/63 62/62
f 54/54 63/63 57/57
f 54/54 28/28 63/63
f 27/27 28/28 54/54
f 62/62 64/64 61/61
f 62/62 65/65 64/64
f 63/63 65/65 62/62
f 63/63 35/35 65/65
f 28/28 35/35 63/63
f 65/65 66/66 64/64
f 65/65 38/38 66/66
f 35/35 38/38 65/65
f 38/38 40/40 66/66
f 69/69 68/68 67/67
f 69/69 70/70 68/68
f 71/71 70/70 69/69
f 71/71 72/72 70/70
f 73/73 72/72 71/71
f 73/73 74/74 72/72
f 47/47 74/74 73/73
f 70/70 75/75 68/68
f 70/70 76/76 75/75
f 72/72 76/76 70/70
f 72/72 77/77 76/76
f 74/74 77/77 72/72
f 76/76 78/78 75/75
f 76/76 79/79 78/78
f 77/77 79/79 76/76
f 79/79 80/80 78/78
f 79/79 81/81 80/80
f 79/79 82/82 81/81
f 77/77 82/82 79/79
f 77/77 83/83 82/82
f 74/74 83/83 77/77
f 74/74 48/48 83/83
f 47/47 48/48 74/74
f 82/82 84/84 81/81
f 82/82 85/85 84/84
f 83/83 85/85 82/82
f 83/83 55/55 85/85
f 48/48 55/55 83/83
f 85/85 86/86 84/84
f 85/85 58/58 86/86
f 55/55 58/58 85/85
f 58/58 60/60 86/86
f 89/89 88/88 87/87
f 89/89 90/90 88/88
f 91/91 90/90 89/89
f 91/91 92/92 90/90
f 93/93 92/92 91/91
f 93/93 94/94 92/92
f 67/67 94/94 93/93
f 90/90 95/95 88/88
f 90/90 96/96 95/95
f 92/92 96/96 90/90
f 92/92 97/97 96/96
f 94/94 97/97 92/92
f 96/96 98/98 95/95
f 96/96 99/99 98/98
f 97/97 99/99 96/96
f 99/99 100/100 98/98
f 99/99 101/101 100/100
f 99/99 102/102 101/101
f 97/97 102/102 99/99
f 97/97 103/103 102/102
f 94/94 103/103 97/97
f 94/94 68/68 103/103
f 67/67 68/68 94/94
f 102/102 104/104 101/101
f 102/102 105/105 104/104
f 103/103 105/105 102/102
f 103/103 75/75 105/105
f 68/68 75/75 103/103
f 105/105 106/106 104/104
f 105/105 78/78 106/106
f 75/75 78/78 105/105
f 78/78 80/80 106/106
f 109/109 108/108 107/107
f 109/109 110/110 108/108
f 111/111 110/110 109/109
f 111/111 112/112 110/110
f 113/113 112/112 111/111
f 113/113 114/114 112/112
f 87/87 114/114 113/113
f 110/110 115/115 108/108
f 110/110 116/116 115/115
f 112/112 116/116 110/110
f 112/112 117/117 116/116
f 114/114 117/117 112/112
f 116/116 118/118 115/115
f 116/116 119/119 118/118
f 117/117 119/119 116/116
f 119/119 120/120 118/118
f 119/119 121/121 120/120
f 119/119 122/122 121/121
f 117/117 122/122 119/119
f 117/117 123/123 122/122
f 114/114 123/123 117/117
f 114/114 88/88 123/123
f 87/87 88/88 114/114
f 122/122 124/124 121/121
f 122/122 125/125 124/124
f 123/123 125/125 122/122
f 123/123 95/95 125/125
f 88/88 95/95 123/123
f 125/125 126/126 124/124
f 125/125 127/127 126/126
f 95/95 127/127 125/125
f 127/127 100/100 126/126
f 130/130 129/129 128/128
f 130/130 131/131 129/129
f 132/132 131/131 130/130
f 132/132 133/133 131/131
f 134/134 133/133 132/132
f 134/134 135/135 133/133
f 107/107 135/135 134/134
f 131/131 136/136 129/129
f 131/131 137/137 136/136
f 133/133 137/137 131/131
f 133/133 138/138 137/137
f 135/135 138/138 133/133
f 137/137 139/139 136/136
f 137/137 140/140 139/139
f 138/138 140/140 137/137
f 140/140 141/141 139/139
f 140/140 142/142 141/141
f 140/140 143/143 142/142
f 138/138 143/143 140/140
f 138/138 144/144 143/143
f 135/135 144/144 138/138
f 135/135 108/108 144/144
f 107/107 108/108 135/135
f 143/143 145/145 142/142
f 143/143 146/146 145/145
f 144/144 146/146 143/143
f 144/144 147/147 146/146
f 108/108 147/147 144/144
f 146/146 148/148 145/145
f 146/146 118/118 148/148
f 147/147 118/118 146/146
f 118/118 120/120 148/148
f 151/151 150/150 149/149
f 151/151 152/152 150/150
f 153/153 152/152 151/151
f 153/153 154/154 152/152
f 155/155 154/154 153/153
f 155/155 156/156 154/154
f 157/157 156/156 155/155
f 152/152 158/158 150/150
f 152/152 159/159 158/158
f 154/154 159/159 152/152
f 154/154 160/160 159/159
f 156/156 160/160 154/154
f 159/159 161/161 158/158
f 159/159 162/162 161/161
f 160/160 162/162 159/159
f 162/162 128/128 161/161
f 163/163 139/139 141/141
f 163/163 164/164 139/139
f 165/165 164/164 163/163
f 165/165 166/166 164/164
f 167/167 166/166 165/165
f 167/167 150/150 166/166
f 149/149 150/150 167/167
f 164/164 136/136 139/139
f 164/164 168/168 136/136
f 166/166 168/168 164/164
f 166/166 158/158 168/168
f 150/150 158/158 166/166
f 168/168 129/129 136/136
f 168/168 161/161 129/129
f 158/158 161/161 168/168
f 161/161 128/128 129/129
f 169/169 149/149 141/141
f 172/172 171/171 170/170
f 173/173 171/171 172/172
f 175/175 174/174 15/15
f 26/26 175/175 15/15
f 170/170 171/171 174/174
f 176/176 170/170 174/174
f 175/175 176/176 174/174
f 15/15 177/177 40/40
f 15/15 174/174 177/177
f 40/40 178/178 60/60
f 40/40 177/177 178/178
f 60/60 179/179 80/80
f 60/60 178/178 179/179
f 80/80 180/180 100/100
f 80/80 179/179 180/180
f 100/100 181/181 120/120
f 100/100 180/180 181/181
f 182/182 141/141 120/120
f 183/183 182/182 120/120
f 183/183 120/120 181/181
f 184/184 183/183 181/181
f 169/169 141/141 185/185
f 186/186 185/185 141/141
f 182/182 186/186 141/141
f 188/188 187/187 171/171
f 189/189 188/188 171/171
f 173/173 189/189 171/171
f 190/190 187/187 188/188
f 171/171 191/191 174/174
f 171/171 187/187 191/191
f 174/174 192/192 177/177
f 174/174 191/191 192/192
f 177/177 193/193 178/178
f 177/177 192/192 193/193
f 178/178 194/194 179/179
f 178/178 193/193 194/194
f 179/179 195/195 180/180
f 179/179 194/194 195/195
f 180/180 196/196 181/181
f 180/180 195/195 196/196
f 184/184 181/181 197/197
f 197/197 181/181 196/196
f 198/198 197/197 196/196
f 200/200 199/199 187/187
f 190/190 200/200 187/187
f 202/202 201/201 199/199
f 200/200 202/202 199/199
f 187/187 203/203 191/191
f 187/187 199/199 203/203
f 191/191 204/204 192/192
f 191/191 203/203 204/204
f 192/192 205/205 193/193
f 192/192 204/204 205/205
f 193/193 206/206 194/194
f 193/193 205/205 206/206
f 194/194 207/207 195/195
f 194/194 206/206 207/207
f 208/208 196/196 195/195
f 209/209 208/208 195/195
f 209/209 195/195 207/207
f 210/210 209/209 207/207
f 211/211 198/198 196/196
f 212/212 211/211 196/196
f 212/212 196/196 208/208
f 215/215 214/214 213/213
f 216/216 214/214 215/215
f 218/218 217/217 199/199
f 201/201 218/218 199/199
f 213/213 214/214 217/217
f 218/218 213/213 217/217
f 199/199 219/219 203/203
f 199/199 217/217 219/219
f 203/203 220/220 204/204
f 203/203 219/219 220/220
f 204/204 221/221 205/205
f 204/204 220/220 221/221
f 205/205 222/222 206/206
f 205/205 221/221 222/222
f 206/206 223/223 207/207
f 206/206 222/222 223/223
f 210/210 207/207 224/224
f 224/224 207/207 223/223
f 225/225 224/224 223/223
f 226/226 225/225 223/223
f 228/228 227/227 214/214
f 229/229 228/228 214/214
f 216/216 229/229 214/214
f 230/230 227/227 228/228
f 214/214 231/231 217/217
f 214/214 227/227 231/231
f 217/217 232/232 219/219
f 217/217 231/231 232/232
f 219/219 233/233 220/220
f 219/219 232/232 233/233
f 220/220 234/234 221/221
f 220/220 233/233 234/234
f 221/221 235/235 222/222
f 221/221 234/234 235/235
f 222/222 236/236 223/223
f 222/222 235/235 236/236
f 226/226 223/223 237/237
f 237/237 223/223 236/236
f 238/238 237/237 236/236
f 239/239 238/238 236/236
f 242/242 241/241 240/240
f 243/243 241/241 242/242
f 245/245 244/244 227/227
f 230/230 245/245 227/227
f 240/240 241/241 244/244
f 246/246 240/240 244/244
f 245/245 246/246 244/244
f 227/227 247/247 231/231
f 227/227 244/244 247/247
f 231/231 248/248 232/232
f 231/231 247/247 248/248
f 232/232 249/249 233/233
f 232/232 248/248 249/249
f 233/233 250/250 234/234
f 233/233 249/249 250/250
f 234/234 251/251 235/235
f 234/234 250/250 251/251
f 252/252 236/236 235/235
f 253/253 252/252 235/235
f 253/253 235/235 251/251
f 254/254 253/253 251/251
f 255/255 254/254 251/251
f 239/239 236/236 256/256
f 256/256 236/236 252/252
f 258/258 257/257 241/241
f 259/259 258/258 241/241
f 243/243 259/259 241/241
f 260/260 257/257 258/258
f 241/241 261/261 244/244
f 241/241 257/257 261/261
f 244/244 262/262 247/247
f 244/244 261/261 262/262
f 247/247 263/263 248/248
f 247/247 262/262 263/263
f 248/248 264/264 249/249
f 248/248 263/263 264/264
f 249/249 265/265 250/250
f 249/249 264/264 265/265
f 250/250 266/266 251/251
f 250/250 265/265 266/266
f 255/255 251/251 267/267
f 267/267 251/251 266/266
f 268/268 267/267 266/266
f 269/269 268/268 266/266
f 271/271 270/270 257/257
f 272/272 271/271 257/257
f 260/260 272/272 257/257
f 273/273 270/270 271/271
f 257/257 274/274 261/261
f 257/257 270/270 274/274
f 261/261 275/275 262/262
f 261/261 274/274 275/275
f 262/262 276/276 263/263
f 262/262 275/275 276/276
f 263/263 277/277 264/264
f 263/263 276/276 277/277
f 264/264 278/278 265/265
f 264/264 277/277 278/278
f 279/279 266/266 265/265
f 280/280 279/279 265/265
f 280/280 265/265 278/278
f 281/281 280/280 278/278
f 269/269 266/266 282/282
f 282/282 266/266 279/279
f 285/285 284/284 283/283
f 286/286 284/284 285/285
f 288/288 287/287 270/270
f 289/289 288/288 270/270
f 273/273 289/289 270/270
f 283/283 284/284 287/287
f 288/288 283/283 287/287
f 270/270 290/290 274/274
f 270/270 287/287 290/290
f 274/274 291/291 275/275
f 274/274 290/290 291/291
f 275/275 292/292 276/276
f 275/275 291/291 292/292
f 276/276 293/293 277/277
f 276/276 292/292 293/293
f 277/277 294/294 278/278
f 277/277 293/293 294/294
f 295/295 281/281 278/278
f 296/296 295/295 278/278
f 296/296 278/278 294/294
f 297/297 296/296 294/294
f 299/299 298/298 284/284
f 300/300 299/299 284/284
f 286/286 300/300 284/284
f 301/301 298/298 299/299
f 284/284 302/302 287/287
f 284/284 298/298 302/302
f 287/287 303/303 290/290
f 287/287 302/302 303/303
f 290/290 304/304 291/291
f 290/290 303/303 304/304
f 291/291 305/305 292/292
f 291/291 304/304 305/305
f 292/292 306/306 293/293
f 292/292 305/305 306/306
f 293/293 307/307 294/294
f 293/293 306/306 307/307
f 297/297 294/294 308/308
f 308/308 294/294 307/307
f 309/309 308/308 307/307
f 310/310 309/309 307/307
f 313/313 312/312 311/311
f 314/314 312/312 313/313
f 316/316 315/315 298/298
f 301/301 316/316 298/298
f 311/311 312/312 315/315
f 317/317 311/311 315/315
f 316/316 317/317 315/315
f 298/298 318/318 302/302
f 298/298 315/315 318/318
f 302/302 319/319 303/303
f 302/302 318/318 319/319
f 303/303 320/320 304/304
f 303/303 319/319 320/320
f 304/304 321/321 305/305
f 304/304 320/320 321/321
f 305/305 322/322 306/306
f 305/305 321/321 322/322
f 323/323 307/307 306/306
f 324/324 323/323 306/306
f 325/325 324/324 306/306
f 325/325 306/306 322/322
f 326/326 325/325 322/322
f 310/310 307/307 327/327
f 327/327 307/307 323/323
f 329/329 328/328 312/312
f 314/314 329/329 312/312
f 331/331 330/330 328/328
f 329/329 331/331 328/328
f 312/312 332/332 315/315
f 312/312 328/328 332/332
f 315/315 333/333 318/318
f 315/315 332/332 333/333
f 318/318 334/334 319/319
f 318/318 333/333 334/334
f 319/319 335/335 320/320
f 319/319 334/334 335/335
f 320/320 336/336 321/321
f 320/320 335/335 336/336
f 321/321 337/337 322/322
f 321/321 336/336 337/337
f 326/326 322/322 338/338
f 338/338 322/322 337/337
f 339/339 338/338 337/337
f 341/341 340/340 328/328
f 330/330 341/341 328/328
f 342/342 340/340 341/341
f 328/328 343/343 332/332
f 328/328 340/340 343/343
f 332/332 344/344 333/333
f 332/332 343/343 344/344
f 333/333 345/345 334/334
f 333/333 344/344 345/345
f 334/334 346/346 335/335
f 334/334 345/345 346/346
f 335/335 347/347 336/336
f 335/335 346/346 347/347
f 348/348 337/337 336/336
f 349/349 348/348 336/336
f 349/349 336/336 347/347
f 350/350 349/349 347/347
f 339/339 337/337 351/351
f 351/351 337/337 348/348
f 354/354 353/353 352/352
f 355/355 354/354 352/352
f 356/356 352/352 353/353
f 358/358 357/357 340/340
f 342/342 358/358 340/340
f 355/355 352/352 357/357
f 358/358 355/355 357/357
f 340/340 359/359 343/343
f 340/340 357/357 359/359
f 343/343 360/360 344/344
f 343/343 359/359 360/360
f 344/344 361/361 345/345
f 344/344 360/360 361/361
f 345/345 362/362 346/346
f 345/345 361/361 362/362
f 346/346 363/363 347/347
f 346/346 362/362 363/363
f 364/364 350/350 347/347
f 365/365 364/364 347/347
f 365/365 347/347 363/363
f 366/366 365/365 363/363
f 368/368 367/367 352/352
f 356/356 368/368 352/352
f 369/369 367/367 368/368
f 352/352 370/370 357/357
f 352/352 367/367 370/370
f 357/357 371/371 359/359
f 357/357 370/370 371/371
f 359/359 372/372 360/360
f 359/359 371/371 372/372
f 360/360 373/373 361/361
f 360/360 372/372 373/373
f 361/361 374/374 362/362
f 361/361 373/373 374/374
f 362/362 375/375 363/363
f 362/362 374/374 375/375
f 366/366 363/363 376/376
f 376/376 363/363 375/375
f 377/377 376/376 375/375
f 380/380 379/379 378/378
f 381/381 379/379 380/380
f 383/383 382/382 367/367
f 369/369 383/383 367/367
f 378/378 379/379 382/382
f 384/384 378/378 382/382
f 383/383 384/384 382/382
f 367/367 385/385 370/370
f 367/367 382/382 385/385
f 370/370 386/386 371/371
f 370/370 385/385 386/386
f 371/371 387/387 372/372
f 371/371 386/386 387/387
f 372/372 388/388 373/373
f 372/372 387/387 388/388
f 373/373 389/389 374/374
f 373/373 388/388 389/389
f 390/390 375/375 374/374
f 391/391 390/390 374/374
f 391/391 374/374 389/389
f 392/392 391/391 389/389
f 393/393 377/377 375/375
f 394/394 393/393 375/375
f 394/394 375/375 390/390
f 396/396 395/395 379/379
f 397/397 396/396 379/379
f 381/381 397/397 379/379
f 398/398 395/395 396/396
f 379/379 399/399 382/382
f 379/379 395/395 399/399
f 382/382 400/400 385/385
f 382/382 399/399 400/400
f 385/385 401/401 386/386
f 385/385 400/400 401/401
f 386/386 402/402 387/387
f 386/386 401/401 402/402
f 387/387 403/403 388/388
f 387/387 402/402 403/403
f 388/388 404/404 389/389
f 388/388 403/403 404/404
f 392/392 389/389 405/405
f 405/405 389/389 404/404
f 406/406 405/405 404/404
f 407/407 406/406 404/404
f 409/409 408/408 395/395
f 410/410 409/409 395/395
f 398/398 410/410 395/395
f 411/411 408/408 409/409
f 395/395 412/412 399/399
f 395/395 408/408 412/412
f 399/399 413/413 400/400
f 399/399 412/412 413/413
f 400/400 414/414 401/401
f 400/400 413/413 414/414
f 401/401 415/415 402/402
f 401/401 414/414 415/415
f 402/402 416/416 403/403
f 402/402 415/415 416/416
f 417/417 404/404 403/403
f 418/418 417/417 403/403
f 419/419 418/418 403/403
f 419/419 403/403 416/416
f 420/420 419/419 416/416
f 407/407 404/404 421/421
f 421/421 404/404 417/417
f 424/424 423/423 422/422
f 425/425 423/423 424/424
f 427/427 426/426 408/408
f 411/411 427/427 408/408
f 422/422 423/423 426/426
f 428/428 422/422 426/426
f 427/427 428/428 426/426
f 408/408 429/429 412/412
f 408/408 426/426 429/429
f 412/412 430/430 413/413
f 412/412 429/429 430/430
f 413/413 431/431 414/414
f 413/413 430/430 431/431
f 414/414 432/432 415/415
f 414/414 431/431 432/432
f 415/415 433/433 416/416
f 415/415 432/432 433/433
f 420/420 416/416 434/434
f 434/434 416/416 433/433
f 435/435 434/434 433/433
f 436/436 435/435 433/433
f 438/438 437/437 423/423
f 439/439 438/438 423/423
f 425/425 439/439 423/423
f 440/440 437/437 438/438
f 423/423 441/441 426/426
f 423/423 437/437 441/441
f 426/426 442/442 429/429
f 426/426 441/441 442/442
f 429/429 443/443 430/430
f 429/429 442/442 443/443
f 430/430 444/444 431/431
f 430/430 443/443 444/444
f 431/431 445/445 432/432
f 431/431 444/444 445/445
f 432/432 446/446 433/433
f 432/432 445/445 446/446
f 436/436 433/433 447/447
f 447/447 433/433 446/446
f 448/448 447/447 446/446
f 449/449 448/448 446/446
f 452/452 451/451 450/450
f 453/453 451/451 452/452
f 455/455 454/454 437/437
f 456/456 455/455 437/437
f 440/440 456/456 437/437
f 450/450 451/451 454/454
f 455/455 450/450 454/454
f 437/437 457/457 441/441
f 437/437 454/454 457/457
f 441/441 458/458 442/442
f 441/441 457/457 458/458
f 442/442 459/459 443/443
f 442/442 458/458 459/459
f 443/443 460/460 444/444
f 443/443 459/459 460/460
f 444/444 461/461 445/445
f 444/444 460/460 461/461
f 462/462 446/446 445/445
f 463/463 462/462 445/445
f 464/464 463/463 445/445
f 464/464 445/445 461/461
f 465/465 464/464 461/461
f 449/449 446/446 466/466
f 466/466 446/446 462/462
f 468/468 467/467 451/451
f 469/469 468/468 451/451
f 453/453 469/469 451/451
f 471/471 470/470 467/467
f 468/468 471/471 467/467
f 451/451 472/472 454/454
f 451/451 467/467 472/472
f 454/454 473/473 457/457
f 454/454 472/472 473/473
f 457/457 474/474 458/458
f 457/457 473/473 474/474
f 458/458 475/475 459/459
f 458/458 474/474 475/475
f 459/459 476/476 460/460
f 459/459 475/475 476/476
f 460/460 477/477 461/461
f 460/460 476/476 477/477
f 465/465 461/461 478/478
f 478/478 461/461 477/477
f 479/479 478/478 477/477
f 480/480 479/479 477/477
f 482/482 481/481 467/467
f 470/470 482/482 467/467
f 484/484 483/483 481/481
f 482/482 484/484 481/481
f 467/467 485/485 472/472
f 467/467 481/481 485/485
f 472/472 486/486 473/473
f 472/472 485/485 486/486
f 473/473 487/487 474/474
f 473/473 486/486 487/487
f 474/474 488/488 475/475
f 474/474 487/487 488/488
f 475/475 489/489 476/476
f 475/475 488/488 489/489
f 490/490 477/477 476/476
f 491/491 490/490 476/476
f 491/491 476/476 489/489
f 492/492 491/491 489/489
f 480/480 477/477 493/493
f 493/493 477/477 490/490
f 496/496 495/495 494/494
f 497/497 495/495 496/496
f 499/499 498/498 481/481
f 483/483 499/499 481/481
f 494/494 495/495 498/498
f 499/499 494/494 498/498
f 481/481 500/500 485/485
f 481/481 498/498 500/500
f 485/485 501/501 486/486
f 485/485 500/500 501/501
f 486/486 502/502 487/487
f 486/486 501/501 502/502
f 487/487 503/503 488/488
f 487/487 502/502 503/503
f 488/488 504/504 489/489
f 488/488 503/503 504/504
f 505/505 492/492 489/489
f 506/506 505/505 489/489
f 506/506 489/489 504/504
f 507/507 506/506 504/504
f 509/509 508/508 495/495
f 497/497 509/509 495/495
f 511/511 510/510 508/508
f 509/509 511/511 508/508
f 495/495 512/512 498/498
f 495/495 508/508 512/512
f 498/498 513/513 500/500
f 498/498 512/512 513/513
f 500/500 514/514 501/501
f 500/500 513/513 514/514
f 501/501 515/515 502/502
f 501/501 514/514 515/515
f 502/502 516/516 503/503
f 502/502 515/515 516/516
f 503/503 517/517 504/504
f 503/503 516/516 517/517
f 507/507 504/504 518/518
f 518/518 504/504 517/517
f 519/519 518/518 517/517
f 522/522 521/521 520/520
f 523/523 521/521 522/522
f 525/525 524/524 508/508
f 510/510 525/525 508/508
f 520/520 521/521 524/524
f 526/526 520/520 524/524
f 527/527 526/526 524/524
f 525/525 527/527 524/524
f 508/508 528/528 512/512
f 508/508 524/524 528/528
f 512/512 529/529 513/513
f 512/512 528/528 529/529
f 513/513 530/530 514/514
f 513/513 529/529 530/530
f 514/514 531/531 515/515
f 514/514 530/530 531/531
f 515/515 532/532 516/516
f 515/515 531/531 532/532
f 533/533 517/517 516/516
f 534/534 533/533 516/516
f 534/534 516/516 532/532
f 535/535 534/534 532/532
f 519/519 517/517 536/536
f 536/536 517/517 533/533
f 538/538 537/537 521/521
f 539/539 538/538 521/521
f 523/523 539/539 521/521
f 540/540 537/537 538/538
f 541/541 540/540 538/538
f 521/521 542/542 524/524
f 521/521 537/537 542/542
f 524/524 543/543 528/528
f 524/524 542/542 543/543
f 528/528 544/544 529/529
f 528/528 543/543 544/544
f 529/529 545/545 530/530
f 529/529 544/544 545/545
f 530/530 546/546 531/531
f 530/530 545/545 546/546
f 531/531 547/547 532/532
f 531/531 546/546 547/547
f 548/548 535/535 532/532
f 549/549 548/548 532/532
f 549/549 532/532 547/547
f 550/550 549/549 547/547
f 552/552 551/551 537/537
f 540/540 552/552 537/537
f 554/554 553/553 551/551
f 552/552 554/554 551/551
f 537/537 555/555 542/542
f 537/537 551/551 555/555
f 542/542 556/556 543/543
f 542/542 555/555 556/556
f 543/543 557/557 544/544
f 543/543 556/556 557/557
f 544/544 558/558 545/545
f 544/544 557/557 558/558
f 545/545 559/559 546/546
f 545/545 558/558 559/559
f 560/560 547/547 546/546
f 561/561 560/560 546/546
f 561/561 546/546 559/559
f 562/562 561/561 559/559
f 550/550 547/547 563/563
f 563/563 547/547 560/560
f 566/566 565/565 564/564
f 567/567 565/565 566/566
f 569/569 568/568 551/551
f 553/553 569/569 551/551
f 564/564 565/565 568/568
f 570/570 564/564 568/568
f 569/569 570/570 568/568
f 551/551 571/571 555/555
f 551/551 568/568 571/571
f 555/555 572/572 556/556
f 555/555 571/571 572/572
f 556/556 573/573 557/557
f 556/556 572/572 573/573
f 557/557 574/574 558/558
f 557/557 573/573 574/574
f 558/558 575/575 559/559
f 558/558 574/574 575/575
f 576/576 562/562 559/559
f 577/577 576/576 559/559
f 577/577 559/559 575/575
f 578/578 577/577 575/575
f 579/579 578/578 575/575
f 581/581 580/580 565/565
f 582/582 581/581 565/565
f 567/567 582/582 565/565
f 583/583 580/580 581/581
f 565/565 584/584 568/568
f 565/565 580/580 584/584
f 568/568 585/585 571/571
f 568/568 584/584 585/585
f 571/571 586/586 572/572
f 571/571 585/585 586/586
f 572/572 587/587 573/573
f 572/572 586/586 587/587
f 573/573 588/588 574/574
f 573/573 587/587 588/588
f 574/574 589/589 575/575
f 574/574 588/588 589/589
f 579/579 575/575 590/590
f 590/590 575/575 589/589
f 591/591 590/590 589/589
f 592/592 591/591 589/589
f 594/594 593/593 580/580
f 583/583 594/594 580/580
f 595/595 593/593 594/594
f 580/580 596/596 584/584
f 580/580 593/593 596/596
f 584/584 597/597 585/585
f 584/584 596/596 597/597
f 585/585 598/598 586/586
f 585/585 597/597 598/598
f 586/586 599/599 587/587
f 586/586 598/598 599/599
f 587/587 600/600 588/588
f 587/587 599/599 600/600
f 601/601 589/589 588/588
f 602/602 601/601 588/588
f 602/602 588/588 600/600
f 603/603 602/602 600/600
f 592/592 589/589 604/604
f 605/605 604/604 589/589
f 601/601 605/605 589/589
f 608/608 607/607 606/606
f 609/609 607/607 608/608
f 611/611 610/610 593/593
f 595/595 611/611 593/593
f 606/606 607/607 610/610
f 612/612 606/606 610/610
f 611/611 612/612 610/610
f 593/593 613/613 596/596
f 593/593 610/610 613/613
f 596/596 614/614 597/597
f 596/596 613/613 614/614
f 597/597 615/615 598/598
f 597/597 614/614 615/615
f 598/598 616/616 599/599
f 598/598 615/615 616/616
f 599/599 617/617 600/600
f 599/599 616/616 617/617
f 603/603 600/600 618/618
f 618/618 600/600 617/617
f 619/619 618/618 617/617
f 621/621 620/620 607/607
f 622/622 621/621 607/607
f 609/609 622/622 607/607
f 623/623 620/620 621/621
f 607/607 624/624 610/610
f 607/607 620/620 624/624
f 610/610 625/625 613/613
f 610/610 624/624 625/625
f 613/613 626/626 614/614
f 613/613 625/625 626/626
f 614/614 627/627 615/615
f 614/614 626/626 627/627
f 615/615 628/628 616/616
f 615/615 627/627 628/628
f 616/616 629/629 617/617
f 616/616 628/628 629/629
f 619/619 617/617 630/630
f 630/630 617/617 629/629
f 631/631 630/630 629/629
f 632/632 631/631 629/629
f 634/634 633/633 620/620
f 635/635 634/634 620/620
f 623/623 635/635 620/620
f 636/636 633/633 634/634
f 637/637 636/636 634/634
f 620/620 638/638 624/624
f 620/620 633/633 638/638
f 624/624 639/639 625/625
f 624/624 638/638 639/639
f 625/625 640/640 626/626
f 625/625 639/639 640/640
f 626/626 641/641 627/627
f 626/626 640/640 641/641
f 627/627 642/642 628/628
f 627/627 641/641 642/642
f 643/643 629/629 628/628
f 644/644 643/643 628/628
f 644/644 628/628 642/642
f 645/645 644/644 642/642
f 632/632 629/629 646/646
f 647/647 646/646 629/629
f 643/643 647/647 629/629
f 649/649 648/648 633/633
f 636/636 649/649 633/633
f 650/650 648/648 649/649
f 651/651 650/650 649/649
f 652/652 651/651 649/649
f 633/633 653/653 638/638
f 633/633 648/648 653/653
f 638/638 654/654 639/639
f 638/638 653/653 654/654
f 639/639 655/655 640/640
f 639/639 654/654 655/655
f 640/640 656/656 641/641
f 640/640 655/655 656/656
f 641/641 657/657 642/642
f 641/641 656/656 657/657
f 645/645 642/642 658/658
f 658/658 642/642 657/657
f 659/659 658/658 657/657
f 662/662 661/661 660/660
f 663/663 662/662 660/660
f 664/664 660/660 661/661
f 666/666 665/665 648/648
f 650/650 666/666 648/648
f 663/663 660/660 665/665
f 666/666 663/663 665/665
f 648/648 667/667 653/653
f 648/648 665/665 667/667
f 653/653 668/668 654/654
f 653/653 667/667 668/668
f 654/654 669/669 655/655
f 654/654 668/668 669/669
f 655/655 670/670 656/656
f 655/655 669/669 670/670
f 656/656 671/671 657/657
f 656/656 670/670 671/671
f 672/672 659/659 657/657
f 673/673 672/672 657/657
f 673/673 657/657 671/671
f 674/674 673/673 671/671
f 676/676 675/675 660/660
f 677/677 676/676 660/660
f 664/664 677/677 660/660
f 678/678 675/675 676/676
f 660/660 679/679 665/665
f 660/660 675/675 679/679
f 665/665 680/680 667/667
f 665/665 679/679 680/680
f 667/667 681/681 668/668
f 667/667 680/680 681/681
f 668/668 682/682 669/669
f 668/668 681/681 682/682
f 669/669 683/683 670/670
f 669/669 682/682 683/683
f 670/670 684/684 671/671
f 670/670 683/683 684/684
f 685/685 674/674 671/671
f 686/686 685/685 671/671
f 686/686 671/671 684/684
f 687/687 686/686 684/684
f 689/689 688/688 675/675
f 678/678 689/689 675/675
f 690/690 688/688 689/689
f 675/675 691/691 679/679
f 675/675 688/688 691/691
f 679/679 692/692 680/680
f 679/679 691/691 692/692
f 680/680 693/693 681/681
f 680/680 692/692 693/693
f 681/681 694/694 682/682
f 681/681 693/693 694/694
f 682/682 695/695 683/683
f 682/682 694/694 695/695
f 696/696 684/684 683/683
f 697/697 696/696 683/683
f 697/697 683/683 695/695
f 698/698 697/697 695/695
f 687/687 684/684 699/699
f 699/699 684/684 696/696
f 700/700 699/699 696/696
f 701/701 700/700 696/696
f 703/703 702/702 688/688
f 690/690 703/703 688/688
f 705/705 704/704 702/702
f 703/703 705/705 702/702
f 688/688 706/706 691/691
f 688/688 702/702 706/706
f 691/691 707/707 692/692
f 691/691 706/706 707/707
f 692/692 708/708 693/693
f 692/692 707/707 708/708
f 693/693 709/709 694/694
f 693/693 708/708 709/709
f 694/694 710/710 695/695
f 694/694 709/709 710/710
f 698/698 695/695 711/711
f 711/711 695/695 710/710
f 712/712 711/711 710/710
f 715/715 714/714 713/713
f 716/716 714/714 715/715
f 718/718 717/717 702/702
f 704/704 718/718 702/702
f 713/713 714/714 717/717
f 718/718 713/713 717/717
f 702/702 719/719 706/706
f 702/702 717/717 719/719
f 706/706 720/720 707/707
f 706/706 719/719 720/720
f 707/707 721/721 708/708
f 707/707 720/720 721/721
f 708/708 722/722 709/709
f 708/708 721/721 722/722
f 709/709 723/723 710/710
f 709/709 722/722 723/723
f 724/724 712/712 710/710
f 725/725 724/724 710/710
f 725/725 710/710 723/723
f 726/726 725/725 723/723
f 728/728 727/727 714/714
f 729/729 728/728 714/714
f 716/716 729/729 714/714
f 730/730 727/727 728/728
f 714/714 731/731 717/717
f 714/714 727/727 731/731
f 717/717 732/732 719/719
f 717/717 731/731 732/732
f 719/719 733/733 720/720
f 719/719 732/732 733/733
f 720/720 734/734 721/721
f 720/720 733/733 734/734
f 721/721 735/735 722/722
f 721/721 734/734 735/735
f 722/722 736/736 723/723
f 722/722 735/735 736/736
f 737/737 726/726 723/723
f 738/738 737/737 723/723
f 738/738 723/723 736/736
f 739/739 738/738 736/736
f 740/740 739/739 736/736
f 742/742 741/741 727/727
f 743/743 742/742 727/727
f 730/730 743/743 727/727
f 744/744 741/741 742/742
f 727/727 745/745 731/731
f 727/727 741/741 745/745
f 731/731 746/746 732/732
f 731/731 745/745 746/746
f 732/732 747/747 733/733
f 732/732 746/746 747/747
f 733/733 748/748 734/734
f 733/733 747/747 748/748
f 734/734 749/749 735/735
f 734/734 748/748 749/749
f 750/750 736/736 735/735
f 751/751 750/750 735/735
f 751/751 735/735 749/749
f 752/752 751/751 749/749
f 753/753 752/752 749/749
f 740/740 736/736 754/754
f 754/754 736/736 750/750
f 756/756 755/755 741/741
f 744/744 756/756 741/741
f 757/757 755/755 756/756
f 741/741 758/758 745/745
f 741/741 755/755 758/758
f 745/745 759/759 746/746
f 745/745 758/758 759/759
f 746/746 760/760 747/747
f 746/746 759/759 760/760
f 747/747 761/761 748/748
f 747/747 760/760 761/761
f 748/748 762/762 749/749
f 748/748 761/761 762/762
f 753/753 749/749 763/763
f 763/763 749/749 762/762
f 764/764 763/763 762/762
f 765/765 764/764 762/762
f 768/768 767/767 766/766
f 769/769 768/768 766/766
f 770/770 766/766 767/767
f 772/772 771/771 755/755
f 757/757 772/772 755/755
f 769/769 766/766 771/771
f 772/772 769/769 771/771
f 755/755 773/773 758/758
f 755/755 771/771 773/773
f 758/758 774/774 759/759
f 758/758 773/773 774/774
f 759/759 775/775 760/760
f 759/759 774/774 775/775
f 760/760 776/776 761/761
f 760/760 775/775 776/776
f 761/761 777/777 762/762
f 761/761 776/776 777/777
f 765/765 762/762 778/778
f 778/778 762/762 777/777
f 779/779 778/778 777/777
f 780/780 779/779 777/777
f 782/782 781/781 766/766
f 783/783 782/782 766/766
f 770/770 783/783 766/766
f 784/784 781/781 782/782
f 766/766 785/785 771/771
f 766/766 781/781 785/785
f 771/771 786/786 773/773
f 771/771 785/785 786/786
f 773/773 787/787 774/774
f 773/773 786/786 787/787
f 774/774 788/788 775/775
f 774/774 787/787 788/788
f 775/775 789/789 776/776
f 775/775 788/788 789/789
f 776/776 790/790 777/777
f 776/776 789/789 790/790
f 780/780 777/777 791/791
f 791/791 777/777 790/790
f 792/792 791/791 790/790
f 793/793 792/792 790/790
f 795/795 794/794 781/781
f 796/796 795/795 781/781
f 784/784 796/796 781/781
f 797/797 794/794 795/795
f 781/781 798/798 785/785
f 781/781 794/794 798/798
f 785/785 799/799 786/786
f 785/785 798/798 799/799
f 786/786 800/800 787/787
f 786/786 799/799 800/800
f 787/787 801/801 788/788
f 787/787 800/800 801/801
f 788/788 802/802 789/789
f 788/788 801/801 802/802
f 803/803 790/790 789/789
f 804/804 803/803 789/789
f 805/805 804/804 789/789
f 805/805 789/789 802/802
f 806/806 805/805 802/802
f 793/793 790/790 807/807
f 807/807 790/790 803/803
f 809/809 808/808 794/794
f 810/810 809/809 794/794
f 797/797 810/810 794/794
f 811/811 808/808 809/809
f 794/794 812/812 798/798
f 794/794 808/808 812/812
f 798/798 813/813 799/799
f 798/798 812/812 813/813
f 799/799 814/814 800/800
f 799/799 813/813 814/814
f 800/800 815/815 801/801
f 800/800 814/814 815/815
f 801/801 816/816 802/802
f 801/801 815/815 816/816
f 806/806 802/802 817/817
f 817/817 802/802 816/816
f 818/818 817/817 816/816
f 819/819 818/818 816/816
f 822/822 821/821 820/820
f 823/823 821/821 822/822
f 825/825 824/824 808/808
f 811/811 825/825 808/808
f 820/820 821/821 824/824
f 826/826 820/820 824/824
f 825/825 826/826 824/824
f 808/808 827/827 812/812
f 808/808 824/824 827/827
f 812/812 828/828 813/813
f 812/812 827/827 828/828
f 813/813 829/829 814/814
f 813/813 828/828 829/829
f 814/814 830/830 815/815
f 814/814 829/829 830/830
f 815/815 831/831 816/816
f 815/815 830/830 831/831
f 819/819 816/816 832/832
f 832/832 816/816 831/831
f 833/833 832/832 831/831
f 834/834 833/833 831/831
f 836/836 835/835 821/821
f 837/837 836/836 821/821
f 823/823 837/837 821/821
f 838/838 835/835 836/836
f 821/821 839/839 824/824
f 821/821 835/835 839/839
f 824/824 840/840 827/827
f 824/824 839/839 840/840
f 827/827 841/841 828/828
f 827/827 840/840 841/841
f 828/828 842/842 829/829
f 828/828 841/841 842/842
f 829/829 843/843 830/830
f 829/829 842/842 843/843
f 830/830 844/844 831/831
f 830/830 843/843 844/844
f 834/834 831/831 845/845
f 845/845 831/831 844/844
f 846/846 845/845 844/844
f 847/847 846/846 844/844
f 849/849 848/848 835/835
f 850/850 849/849 835/835
f 838/838 850/850 835/835
f 851/851 848/848 849/849
f 835/835 852/852 839/839
f 835/835 848/848 852/852
f 839/839 853/853 840/840
f 839/839 852/852 853/853
f 840/840 854/854 841/841
f 840/840 853/853 854/854
f 841/841 855/855 842/842
f 841/841 854/854 855/855
f 842/842 856/856 843/843
f 842/842 855/855 856/856
f 857/857 844/844 843/843
f 858/858 857/857 843/843
f 859/859 858/858 843/843
f 859/859 843/843 856/856
f 860/860 859/859 856/856
f 847/847 844/844 861/861
f 861/861 844/844 857/857
f 863/863 862/862 848/848
f 864/864 863/863 848/848
f 851/851 864/864 848/848
f 865/865 862/862 863/863
f 848/848 866/866 852/852
f 848/848 862/862 866/866
f 852/852 867/867 853/853
f 852/852 866/866 867/867
f 853/853 868/868 854/854
f 853/853 867/867 868/868
f 854/854 869/869 855/855
f 854/854 868/868 869/869
f 855/855 870/870 856/856
f 855/855 869/869 870/870
f 860/860 856/856 871/871
f 871/871 856/856 870/870
f 872/872 871/871 870/870
f 873/873 872/872 870/870
f 876/876 875/875 874/874
f 877/877 875/875 876/876
f 879/879 878/878 862/862
f 865/865 879/879 862/862
f 874/874 875/875 878/878
f 880/880 874/874 878/878
f 879/879 880/880 878/878
f 862/862 881/881 866/866
f 862/862 878/878 881/881
f 866/866 882/882 867/867
f 866/866 881/881 882/882
f 867/867 883/883 868/868
f 867/867 882/882 883/883
f 868/868 884/884 869/869
f 868/868 883/883 884/884
f 869/869 885/885 870/870
f 869/869 884/884 885/885
f 873/873 870/870 886/886
f 886/886 870/870 885/885
f 887/887 886/886 885/885
f 888/888 887/887 885/885
f 890/890 889/889 875/875
f 891/891 890/890 875/875
f 877/877 891/891 875/875
f 892/892 889/889 890/890
f 875/875 893/893 878/878
f 875/875 889/889 893/893
f 878/878 894/894 881/881
f 878/878 893/893 894/894
f 881/881 895/895 882/882
f 881/881 894/894 895/895
f 882/882 896/896 883/883
f 882/882 895/895 896/896
f 883/883 897/897 884/884
f 883/883 896/896 897/897
f 884/884 898/898 885/885
f 884/884 897/897 898/898
f 888/888 885/885 899/899
f 899/899 885/885 898/898
f 900/900 899/899 898/898
f 901/901 900/900 898/898
f 903/903 902/902 889/889
f 904/904 903/903 889/889
f 892/892 904/904 889/889
f 906/906 905/905 902/902
f 903/903 906/906 902/902
f 889/889 907/907 893/893
f 889/889 902/902 907/907
f 893/893 908/908 894/894
f 893/893 907/907 908/908
f 894/894 909/909 895/895
f 894/894 908/908 909/909
f 895/895 910/910 896/896
f 895/895 909/909 910/910
f 896/896 911/911 897/897
f 896/896 910/910 911/911
f 912/912 898/898 897/897
f 913/913 912/912 897/897
f 914/914 913/913 897/897
f 914/914 897/897 911/911
f 915/915 914/914 911/911
f 901/901 898/898 916/916
f 916/916 898/898 912/912
f 918/918 917/917 902/902
f 905/905 918/918 902/902
f 920/920 919/919 917/917
f 918/918 920/920 917/917
f 902/902 921/921 907/907
f 902/902 917/917 921/921
f 907/907 922/922 908/908
f 907/907 921/921 922/922
f 908/908 923/923 909/909
f 908/908 922/922 923/923
f 909/909 924/924 910/910
f 909/909 923/923 924/924
f 910/910 925/925 911/911
f 910/910 924/924 925/925
f 915/915 911/911 926/926
f 926/926 911/911 925/925
f 927/927 926/926 925/925
f 930/930 929/929 928/928
f 931/931 929/929 930/930
f 933/933 932/932 917/917
f 919/919 933/933 917/917
f 928/928 929/929 932/932
f 933/933 928/928 932/932
f 917/917 934/934 921/921
f 917/917 932/932 934/934
f 921/921 935/935 922/922
f 921/921 934/934 935/935
f 922/922 936/936 923/923
f 922/922 935/935 936/936
f 923/923 937/937 924/924
f 923/923 936/936 937/937
f 924/924 938/938 925/925
f 924/924 937/937 938/938
f 927/927 925/925 939/939
f 939/939 925/925 938/938
f 940/940 939/939 938/938
f 941/941 940/940 938/938
f 943/943 942/942 929/929
f 931/931 943/943 929/929
f 944/944 942/942 943/943
f 929/929 945/945 932/932
f 929/929 942/942 945/945
f 932/932 946/946 934/934
f 932/932 945/945 946/946
f 934/934 947/947 935/935
f 934/934 946/946 947/947
f 935/935 948/948 936/936
f 935/935 947/947 948/948
f 936/936 949/949 937/937
f 936/936 948/948 949/949
f 937/937 950/950 938/938
f 937/937 949/949 950/950
f 941/941 938/938 951/951
f 951/951 938/938 950/950
f 952/952 951/951 950/950
f 953/953 952/952 950/950
f 955/955 954/954 942/942
f 944/944 955/955 942/942
f 956/956 954/954 955/955
f 942/942 957/957 945/945
f 942/942 954/954 957/957
f 945/945 958/958 946/946
f 945/945 957/957 958/958
f 946/946 959/959 947/947
f 946/946 958/958 959/959
f 947/947 960/960 948/948
f 947/947 959/959 960/960
f 948/948 961/961 949/949
f 948/948 960/960 961/961
f 962/962 950/950 949/949
f 963/963 962/962 949/949
f 964/964 963/963 949/949
f 964/964 949/949 961/961
f 965/965 964/964 961/961
f 953/953 950/950 966/966
f 966/966 950/950 962/962
f 968/968 967/967 954/954
f 956/956 968/968 954/954
f 970/970 969/969 967/967
f 968/968 970/970 967/967
f 954/954 971/971 957/957
f 954/954 967/967 971/971
f 957/957 972/972 958/958
f 957/957 971/971 972/972
f 958/958 973/973 959/959
f 958/958 972/972 973/973
f 959/959 974/974 960/960
f 959/959 973/973 974/974
f 960/960 975/975 961/961
f 960/960 974/974 975/975
f 976/976 965/965 961/961
f 977/977 976/976 961/961
f 977/977 961/961 975/975
f 978/978 977/977 975/975
f 981/981 980/980 979/979
f 982/982 980/980 981/981
f 984/984 983/983 967/967
f 969/969 984/984 967/967
f 979/979 980/980 983/983
f 984/984 979/979 983/983
f 967/967 985/985 971/971
f 967/967 983/983 985/985
f 971/971 986/986 972/972
f 971/971 985/985 986/986
f 972/972 987/987 973/973
f 972/972 986/986 987/987
f 973/973 988/988 974/974
f 973/973 987/987 988/988
f 974/974 989/989 975/975
f 974/974 988/988 989/989
f 990/990 978/978 975/975
f 991/991 990/990 975/975
f 991/991 975/975 989/989
f 992/992 991/991 989/989
f 994/994 993/993 980/980
f 982/982 994/994 980/980
f 995/995 993/993 994/994
f 980/980 996/996 983/983
f 980/980 993/993 996/996
f 983/983 997/997 985/985
f 983/983 996/996 997/997
f 985/985 998/998 986/986
f 985/985 997/997 998/998
f 986/986 999/999 987/987
f 986/986 998/998 999/999
f 987/987 1000/1000 988/988
f 987/987 999/999 1000/1000
f 988/988 1001/1001 989/989
f 988/988 1000/1000 1001/1001
f 992/992 989/989 1002/1002
f 1002/1002 989/989 1001/1001
f 1003/1003 1002/1002 1001/1001
f 1004/1004 1003/1003 1001/1001
f 1006/1006 1005/1005 993/993
f 995/995 1006/1006 993/993
f 1007/1007 1005/1005 1006/1006
f 1008/1008 1007/1007 1006/1006
f 1009/1009 1008/1008 1006/1006
f 993/993 1010/1010 996/996
f 993/993 1005/1005 1010/1010
f 996/996 1011/1011 997/997
f 996/996 1010/1010 1011/1011
f 997/997 1012/1012 998/998
f 997/997 1011/1011 1012/1012
f 998/998 1013/1013 999/999
f 998/998 1012/1012 1013/1013
f 999/999 1014/1014 1000/1000
f 999/999 1013/1013 1014/1014
f 1015/1015 1001/1001 1000/1000
f 1016/1016 1015/1015 1000/1000
f 1017/1017 1016/1016 1000/1000
f 1017/1017 1000/1000 1014/1014
f 1018/1018 1017/1017 1014/1014
f 1004/1004 1001/1001 1019/1019
f 1019/1019 1001/1001 1015/1015
f 1021/1021 1020/1020 1005/1005
f 1007/1007 1021/1021 1005/1005
f 1022/1022 1020/1020 1021/1021
f 1023/1023 1022/1022 1021/1021
f 1024/1024 1023/1023 1021/1021
f 1005/1005 1025/1025 1010/1010
f 1005/1005 1020/1020 1025/1025
f 1010/1010 1026/1026 1011/1011
f 1010/1010 1025/1025 1026/1026
f 1011/1011 1027/1027 1012/1012
f 1011/1011 1026/1026 1027/1027
f 1012/1012 1028/1028 1013/1013
f 1012/1012 1027/1027 1028/1028
f 1013/1013 1029/1029 1014/1014
f 1013/1013 1028/1028 1029/1029
f 1030/1030 1018/1018 1014/1014
f 1031/1031 1030/1030 1014/1014
f 1031/1031 1014/1014 1029/1029
f 1032/1032 1031/1031 1029/1029
f 1035/1035 1034/1034 1033/1033
f 1036/1036 1034/1034 1035/1035
f 1038/1038 1037/1037 1020/1020
f 1022/1022 1038/1038 1020/1020
f 1033/1033 1034/1034 1037/1037
f 1038/1038 1033/1033 1037/1037
f 1020/1020 1039/1039 1025/1025
f 1020/1020 1037/1037 1039/1039
f 1025/1025 1040/1040 1026/1026
f 1025/1025 1039/1039 1040/1040
f 1026/1026 1041/1041 1027/1027
f 1026/1026 1040/1040 1041/1041
f 1027/1027 1042/1042 1028/1028
f 1027/1027 1041/1041 1042/1042
f 1028/1028 1043/1043 1029/1029
f 1028/1028 1042/1042 1043/1043
f 1044/1044 1032/1032 1029/1029
f 1045/1045 1044/1044 1029/1029
f 1045/1045 1029/1029 1043/1043
f 1046/1046 1045/1045 1043/1043
f 1048/1048 1047/1047 1034/1034
f 1049/1049 1048/1048 1034/1034
f 1036/1036 1049/1049 1034/1034
f 1050/1050 1047/1047 1048/1048
f 1034/1034 1051/1051 1037/1037
f 1034/1034 1047/1047 1051/1051
f 1037/1037 1052/1052 1039/1039
f 1037/1037 1051/1051 1052/1052
f 1039/1039 1053/1053 1040/1040
f 1039/1039 1052/1052 1053/1053
f 1040/1040 1054/1054 1041/1041
f 1040/1040 1053/1053 1054/1054
f 1041/1041 1055/1055 1042/1042
f 1041/1041 1054/1054 1055/1055
f 1042/1042 1056/1056 1043/1043
f 1042/1042 1055/1055 1056/1056
f 1057/1057 1046/1046 1043/1043
f 1058/1058 1057/1057 1043/1043
f 1058/1058 1043/1043 1056/1056
f 1059/1059 1058/1058 1056/1056
f 1061/1061 1060/1060 1047/1047
f 1050/1050 1061/1061 1047/1047
f 1062/1062 1060/1060 1061/1061
f 1047/1047 1063/1063 1051/1051
f 1047/1047 1060/1060 1063/1063
f 1051/1051 1064/1064 1052/1052
f 1051/1051 1063/1063 1064/1064
f 1052/1052 1065/1065 1053/1053
f 1052/1052 1064/1064 1065/1065
f 1053/1053 1066/1066 1054/1054
f 1053/1053 1065/1065 1066/1066
f 1054/1054 1067/1067 1055/1055
f 1054/1054 1066/1066 1067/1067
f 1068/1068 1056/1056 1055/1055
f 1069/1069 1068/1068 1055/1055
f 1069/1069 1055/1055 1067/1067
f 1070/1070 1069/1069 1067/1067
f 1059/1059 1056/1056 1071/1071
f 1071/1071 1056/1056 1068/1068
f 1073/1073 1072/1072 1060/1060
f 1062/1062 1073/1073 1060/1060
f 1075/1075 1074/1074 1072/1072
f 1073/1073 1075/1075 1072/1072
f 1060/1060 1076/1076 1063/1063
f 1060/1060 1072/1072 1076/1076
f 1063/1063 1077/1077 1064/1064
f 1063/1063 1076/1076 1077/1077
f 1064/1064 1078/1078 1065/1065
f 1064/1064 1077/1077 1078/1078
f 1065/1065 1079/1079 1066/1066
f 1065/1065 1078/1078 1079/1079
f 1066/1066 1080/1080 1067/1067
f 1066/1066 1079/1079 1080/1080
f 1070/1070 1067/1067 1081/1081
f 1081/1081 1067/1067 1080/1080
f 1082/1082 1081/1081 1080/1080
f 1085/1085 1084/1084 1083/1083
f 1086/1086 1084/1084 1085/1085
f 1088/1088 1087/1087 1072/1072
f 1074/1074 1088/1088 1072/1072
f 1083/1083 1084/1084 1087/1087
f 1088/1088 1083/1083 1087/1087
f 1072/1072 1089/1089 1076/1076
f 1072/1072 1087/1087 1089/1089
f 1076/1076 1090/1090 1077/1077
f 1076/1076 1089/1089 1090/1090
f 1077/1077 1091/1091 1078/1078
f 1077/1077 1090/1090 1091/1091
f 1078/1078 1092/1092 1079/1079
f 1078/1078 1091/1091 1092/1092
f 1079/1079 1093/1093 1080/1080
f 1079/1079 1092/1092 1093/1093
f 1094/1094 1082/1082 1080/1080
f 1095/1095 1094/1094 1080/1080
f 1095/1095 1080/1080 1093/1093
f 1096/1096 1095/1095 1093/1093
f 1098/1098 1097/1097 1084/1084
f 1099/1099 1098/1098 1084/1084
f 1086/1086 1099/1099 1084/1084
f 1100/1100 1097/1097 1098/1098
f 1084/1084 1101/1101 1087/1087
f 1084/1084 1097/1097 1101/1101
f 1087/1087 1102/1102 1089/1089
f 1087/1087 1101/1101 1102/1102
f 1089/1089 1103/1103 1090/1090
f 1089/1089 1102/1102 1103/1103
f 1090/1090 1104/1104 1091/1091
f 1090/1090 1103/1103 1104/1104
f 1091/1091 1105/1105 1092/1092
f 1091/1091 1104/1104 1105/1105
f 1092/1092 1106/1106 1093/1093
f 1092/1092 1105/1105 1106/1106
f 1096/1096 1093/1093 1107/1107
f 1107/1107 1093/1093 1106/1106
f 1108/1108 1107/1107 1106/1106
f 1110/1110 1109/1109 1097/1097
f 1111/1111 1110/1110 1097/1097
f 1100/1100 1111/1111 1097/1097
f 1112/1112 1109/1109 1110/1110
f 1097/1097 1113/1113 1101/1101
f 1097/1097 1109/1109 1113/1113
f 1101/1101 1114/1114 1102/1102
f 1101/1101 1113/1113 1114/1114
f 1102/1102 1115/1115 1103/1103
f 1102/1102 1114/1114 1115/1115
f 1103/1103 1116/1116 1104/1104
f 1103/1103 1115/1115 1116/1116
f 1104/1104 1117/1117 1105/1105
f 1104/1104 1116/1116 1117/1117
f 1118/1118 1106/1106 1105/1105
f 1119/1119 1118/1118 1105/1105
f 1119/1119 1105/1105 1117/1117
f 1120/1120 1119/1119 1117/1117
f 1121/1121 1120/1120 1117/1117
f 1122/1122 1108/1108 1106/1106
f 1123/1123 1122/1122 1106/1106
f 1123/1123 1106/1106 1118/1118
f 1125/1125 1124/1124 1109/1109
f 1112/1112 1125/1125 1109/1109
f 1126/1126 1124/1124 1125/1125
f 1109/1109 1127/1127 1113/1113
f 1109/1109 1124/1124 1127/1127
f 1113/1113 1128/1128 1114/1114
f 1113/1113 1127/1127 1128/1128
f 1114/1114 1129/1129 1115/1115
f 1114/1114 1128/1128 1129/1129
f 1115/1115 1130/1130 1116/1116
f 1115/1115 1129/1129 1130/1130
f 1116/1116 1131/1131 1117/1117
f 1116/1116 1130/1130 1131/1131
f 1121/1121 1117/1117 1132/1132
f 1132/1132 1117/1117 1131/1131
f 1133/1133 1132/1132 1131/1131
f 1134/1134 1133/1133 1131/1131
f 1137/1137 1136/1136 1135/1135
f 1138/1138 1136/1136 1137/1137
f 1140/1140 1139/1139 1124/1124
f 1126/1126 1140/1140 1124/1124
f 1135/1135 1136/1136 1139/1139
f 1141/1141 1135/1135 1139/1139
f 1140/1140 1141/1141 1139/1139
f 1124/1124 1142/1142 1127/1127
f 1124/1124 1139/1139 1142/1142
f 1127/1127 1143/1143 1128/1128
f 1127/1127 1142/1142 1143/1143
f 1128/1128 1144/1144 1129/1129
f 1128/1128 1143/1143 1144/1144
f 1129/1129 1145/1145 1130/1130
f 1129/1129 1144/1144 1145/1145
f 1130/1130 1146/1146 1131/1131
f 1130/1130 1145/1145 1146/1146
f 1134/1134 1131/1131 1147/1147
f 1147/1147 1131/1131 1146/1146
f 1148/1148 1147/1147 1146/1146
f 1149/1149 1148/1148 1146/1146
f 1151/1151 1150/1150 1136/1136
f 1152/1152 1151/1151 1136/1136
f 1138/1138 1152/1152 1136/1136
f 1153/1153 1150/1150 1151/1151
f 1136/1136 1154/1154 1139/1139
f 1136/1136 1150/1150 1154/1154
f 1139/1139 1155/1155 1142/1142
f 1139/1139 1154/1154 1155/1155
f 1142/1142 1156/1156 1143/1143
f 1142/1142 1155/1155 1156/1156
f 1143/1143 1157/1157 1144/1144
f 1143/1143 1156/1156 1157/1157
f 1144/1144 1158/1158 1145/1145
f 1144/1144 1157/1157 1158/1158
f 1145/1145 1159/1159 1146/1146
f 1145/1145 1158/1158 1159/1159
f 1149/1149 1146/1146 1160/1160
f 1160/1160 1146/1146 1159/1159
f 1161/1161 1160/1160 1159/1159
f 1162/1162 1161/1161 1159/1159
f 1164/1164 1163/1163 1150/1150
f 1165/1165 1164/1164 1150/1150
f 1153/1153 1165/1165 1150/1150
f 1166/1166 1163/1163 1164/1164
f 1150/1150 1167/1167 1154/1154
f 1150/1150 1163/1163 1167/1167
f 1154/1154 1168/1168 1155/1155
f 1154/1154 1167/1167 1168/1168
f 1155/1155 1169/1169 1156/1156
f 1155/1155 1168/1168 1169/1169
f 1156/1156 1170/1170 1157/1157
f 1156/1156 1169/1169 1170/1170
f 1157/1157 1171/1171 1158/1158
f 1157/1157 1170/1170 1171/1171
f 1172/1172 1159/1159 1158/1158
f 1173/1173 1172/1172 1158/1158
f 1174/1174 1173/1173 1158/1158
f 1174/1174 1158/1158 1171/1171
f 1175/1175 1174/1174 1171/1171
f 1162/1162 1159/1159 1176/1176
f 1176/1176 1159/1159 1172/1172
f 1178/1178 1177/1177 1163/1163
f 1166/1166 1178/1178 1163/1163
f 1180/1180 1179/1179 1177/1177
f 1178/1178 1180/1180 1177/1177
f 1163/1163 1181/1181 1167/1167
f 1163/1163 1177/1177 1181/1181
f 1167/1167 1182/1182 1168/1168
f 1167/1167 1181/1181 1182/1182
f 1168/1168 1183/1183 1169/1169
f 1168/1168 1182/1182 1183/1183
f 1169/1169 1184/1184 1170/1170
f 1169/1169 1183/1183 1184/1184
f 1170/1170 1185/1185 1171/1171
f 1170/1170 1184/1184 1185/1185
f 1175/1175 1171/1171 1186/1186
f 1186/1186 1171/1171 1185/1185
f 1187/1187 1186/1186 1185/1185
f 1188/1188 1187/1187 1185/1185
f 1191/1191 1190/1190 1189/1189
f 1192/1192 1190/1190 1191/1191
f 1194/1194 1193/1193 1177/1177
f 1179/1179 1194/1194 1177/1177
f 1189/1189 1190/1190 1193/1193
f 1195/1195 1189/1189 1193/1193
f 1194/1194 1195/1195 1193/1193
f 1177/1177 1196/1196 1181/1181
f 1177/1177 1193/1193 1196/1196
f 1181/1181 1197/1197 1182/1182
f 1181/1181 1196/1196 1197/1197
f 1182/1182 1198/1198 1183/1183
f 1182/1182 1197/1197 1198/1198
f 1183/1183 1199/1199 1184/1184
f 1183/1183 1198/1198 1199/1199
f 1184/1184 1200/1200 1185/1185
f 1184/1184 1199/1199 1200/1200
f 1188/1188 1185/1185 1201/1201
f 1201/1201 1185/1185 1200/1200
f 1202/1202 1201/1201 1200/1200
f 1203/1203 1202/1202 1200/1200
f 1205/1205 1204/1204 1190/1190
f 1206/1206 1205/1205 1190/1190
f 1192/1192 1206/1206 1190/1190
f 1207/1207 1204/1204 1205/1205
f 1190/1190 1208/1208 1193/1193
f 1190/1190 1204/1204 1208/1208
f 1193/1193 1209/1209 1196/1196
f 1193/1193 1208/1208 1209/1209
f 1196/1196 1210/1210 1197/1197
f 1196/1196 1209/1209 1210/1210
f 1197/1197 1211/1211 1198/1198
f 1197/1197 1210/1210 1211/1211
f 1198/1198 1212/1212 1199/1199
f 1198/1198 1211/1211 1212/1212
f 1199/1199 1213/1213 1200/1200
f 1199/1199 1212/1212 1213/1213
f 1203/1203 1200/1200 1214/1214
f 1214/1214 1200/1200 1213/1213
f 1215/1215 1214/1214 1213/1213
f 1216/1216 1215/1215 1213/1213
f 1218/1218 1217/1217 1204/1204
f 1219/1219 1218/1218 1204/1204
f 1207/1207 1219/1219 1204/1204
f 1220/1220 1217/1217 1218/1218
f 1204/1204 1221/1221 1208/1208
f 1204/1204 1217/1217 1221/1221
f 1208/1208 1222/1222 1209/1209
f 1208/1208 1221/1221 1222/1222
f 1209/1209 1223/1223 1210/1210
f 1209/1209 1222/1222 1223/1223
f 1210/1210 1224/1224 1211/1211
f 1210/1210 1223/1223 1224/1224
f 1211/1211 1225/1225 1212/1212
f 1211/1211 1224/1224 1225/1225
f 1226/1226 1213/1213 1212/1212
f 1227/1227 1226/1226 1212/1212
f 1228/1228 1227/1227 1212/1212
f 1228/1228 1212/1212 1225/1225
f 1229/1229 1228/1228 1225/1225
f 1216/1216 1213/1213 1230/1230
f 1230/1230 1213/1213 1226/1226
f 1232/1232 1231/1231 1217/1217
f 1233/1233 1232/1232 1217/1217
f 1220/1220 1233/1233 1217/1217
f 1234/1234 1231/1231 1232/1232
f 1217/1217 1235/1235 1221/1221
f 1217/1217 1231/1231 1235/1235
f 1221/1221 1236/1236 1222/1222
f 1221/1221 1235/1235 1236/1236
f 1222/1222 1237/1237 1223/1223
f 1222/1222 1236/1236 1237/1237
f 1223/1223 1238/1238 1224/1224
f 1223/1223 1237/1237 1238/1238
f 1224/1224 1239/1239 1225/1225
f 1224/1224 1238/1238 1239/1239
f 1229/1229 1225/1225 1240/1240
f 1240/1240 1225/1225 1239/1239
f 1241/1241 1240/1240 1239/1239
f 1244/1244 1243/1243 1242/1242
f 1245/1245 1243/1243 1244/1244
f 1247/1247 1246/1246 1231/1231
f 1234/1234 1247/1247 1231/1231
f 1242/1242 1243/1243 1246/1246
f 1248/1248 1242/1242 1246/1246
f 1247/1247 1248/1248 1246/1246
f 1231/1231 1249/1249 1235/1235
f 1231/1231 1246/1246 1249/1249
f 1235/1235 1250/1250 1236/1236
f 1235/1235 1249/1249 1250/1250
f 1236/1236 1251/1251 1237/1237
f 1236/1236 1250/1250 1251/1251
f 1237/1237 1252/1252 1238/1238
f 1237/1237 1251/1251 1252/1252
f 1238/1238 1253/1253 1239/1239
f 1238/1238 1252/1252 1253/1253
f 1241/1241 1239/1239 1254/1254
f 1254/1254 1239/1239 1253/1253
f 1255/1255 1254/1254 1253/1253
f 1256/1256 1255/1255 1253/1253
f 1258/1258 1257/1257 1243/1243
f 1259/1259 1258/1258 1243/1243
f 1245/1245 1259/1259 1243/1243
f 1260/1260 1257/1257 1258/1258
f 1243/1243 1261/1261 1246/1246
f 1243/1243 1257/1257 1261/1261
f 1246/1246 1262/1262 1249/1249
f 1246/1246 1261/1261 1262/1262
f 1249/1249 1263/1263 1250/1250
f 1249/1249 1262/1262 1263/1263
f 1250/1250 1264/1264 1251/1251
f 1250/1250 1263/1263 1264/1264
f 1251/1251 1265/1265 1252/1252
f 1251/1251 1264/1264 1265/1265
f 1252/1252 1266/1266 1253/1253
f 1252/1252 1265/1265 1266/1266
f 1256/1256 1253/1253 1267/1267
f 1267/1267 1253/1253 1266/1266
f 1268/1268 1267/1267 1266/1266
f 1269/1269 1268/1268 1266/1266
f 1271/1271 1270/1270 1257/1257
f 1272/1272 1271/1271 1257/1257
f 1260/1260 1272/1272 1257/1257
f 1273/1273 1270/1270 1271/1271
f 1257/1257 1274/1274 1261/1261
f 1257/1257 1270/1270 1274/1274
f 1261/1261 1275/1275 1262/1262
f 1261/1261 1274/1274 1275/1275
f 1262/1262 1276/1276 1263/1263
f 1262/1262 1275/1275 1276/1276
f 1263/1263 1277/1277 1264/1264
f 1263/1263 1276/1276 1277/1277
f 1264/1264 1278/1278 1265/1265
f 1264/1264 1277/1277 1278/1278
f 1279/1279 1266/1266 1265/1265
f 1280/1280 1279/1279 1265/1265
f 1280/1280 1265/1265 1278/1278
f 1281/1281 1280/1280 1278/1278
f 1269/1269 1266/1266 1282/1282
f 1282/1282 1266/1266 1279/1279
f 1284/1284 1283/1283 1270/1270
f 1285/1285 1284/1284 1270/1270
f 1273/1273 1285/1285 1270/1270
f 1286/1286 1283/1283 1284/1284
f 1270/1270 1287/1287 1274/1274
f 1270/1270 1283/1283 1287/1287
f 1274/1274 1288/1288 1275/1275
f 1274/1274 1287/1287 1288/1288
f 1275/1275 1289/1289 1276/1276
f 1275/1275 1288/1288 1289/1289
f 1276/1276 1290/1290 1277/1277
f 1276/1276 1289/1289 1290/1290
f 1277/1277 1291/1291 1278/1278
f 1277/1277 1290/1290 1291/1291
f 1292/1292 1281/1281 1278/1278
f 1293/1293 1292/1292 1278/1278
f 1293/1293 1278/1278 1291/1291
f 1294/1294 1293/1293 1291/1291
f 1296/1296 1295/1295 1283/1283
f 1296/1296 1297/1297 1295/1295
f 1298/1298 1297/1297 1296/1296
f 1298/1298 1299/1299 1297/1297
f 1300/1300 1299/1299 1298/1298
f 1300/1300 1301/1301 1299/1299
f 1302/1302 1301/1301 1300/1300
f 1297/1297 1303/1303 1295/1295
f 1297/1297 1304/1304 1303/1303
f 1299/1299 1304/1304 1297/1297
f 1299/1299 1305/1305 1304/1304
f 1301/1301 1305/1305 1299/1299
f 1304/1304 1306/1306 1303/1303
f 1304/1304 1307/1307 1306/1306
f 1305/1305 1307/1307 1304/1304
f 1307/1307 1308/1308 1306/1306
f 1309/1309 1302/1302 1283/1283
f 1286/1286 1309/1309 1283/1283
f 1310/1310 1301/1301 1302/1302
f 1310/1310 1311/1311 1301/1301
f 1312/1312 1311/1311 1310/1310
f 1312/1312 1313/1313 1311/1311
f 1314/1314 1313/1313 1312/1312
f 1314/1314 1315/1315 1313/1313
f 1316/1316 1315/1315 1314/1314
f 1311/1311 1305/1305 1301/1301
f 1311/1311 1317/1317 1305/1305
f 1313/1313 1317/1317 1311/1311
f 1313/1313 1318/1318 1317/1317
f 1315/1315 1318/1318 1313/1313
f 1317/1317 1307/1307 1305/1305
f 1317/1317 1319/1319 1307/1307
f 1318/1318 1319/1319 1317/1317
f 1319/1319 1308/1308 1307/1307
f 1321/1321 1320/1320 1287/1287
f 1321/1321 1322/1322 1320/1320
f 1323/1323 1322/1322 1321/1321
f 1323/1323 1324/1324 1322/1322
f 1325/1325 1324/1324 1323/1323
f 1325/1325 1326/1326 1324/1324
f 1283/1283 1326/1326 1325/1325
f 1322/1322 1327/1327 1320/1320
f 1322/1322 1328/1328 1327/1327
f 1324/1324 1328/1328 1322/1322
f 1324/1324 1329/1329 1328/1328
f 1326/1326 1329/1329 1324/1324
f 1328/1328 1330/1330 1327/1327
f 1328/1328 1331/1331 1330/1330
f 1329/1329 1331/1331 1328/1328
f 1331/1331 1332/1332 1330/1330
f 1331/1331 1333/1333 1332/1332
f 1331/1331 1334/1334 1333/1333
f 1329/1329 1334/1334 1331/1331
f 1329/1329 1335/1335 1334/1334
f 1326/1326 1335/1335 1329/1329
f 1326/1326 1295/1295 1335/1335
f 1283/1283 1295/1295 1326/1326
f 1334/1334 1336/1336 1333/1333
f 1334/1334 1337/1337 1336/1336
f 1335/1335 1337/1337 1334/1334
f 1335/1335 1303/1303 1337/1337
f 1295/1295 1303/1303 1335/1335
f 1337/1337 1338/1338 1336/1336
f 1337/1337 1306/1306 1338/1338
f 1303/1303 1306/1306 1337/1337
f 1306/1306 1308/1308 1338/1338
f 1340/1340 1339/1339 1288/1288
f 1340/1340 1341/1341 1339/1339
f 1342/1342 1341/1341 1340/1340
f 1342/1342 1343/1343 1341/1341
f 1344/1344 1343/1343 1342/1342
f 1344/1344 1345/1345 1343/1343
f 1287/1287 1345/1345 1344/1344
f 1341/1341 1346/1346 1339/1339
f 1341/1341 1347/1347 1346/1346
f 1343/1343 1347/1347 1341/1341
f 1343/1343 1348/1348 1347/1347
f 1345/1345 1348/1348 1343/1343
f 1347/1347 1349/1349 1346/1346
f 1347/1347 1350/1350 1349/1349
f 1348/1348 1350/1350 1347/1347
f 1350/1350 1351/1351 1349/1349
f 1350/1350 1352/1352 1351/1351
f 1350/1350 1353/1353 1352/1352
f 1348/1348 1353/1353 1350/1350
f 1348/1348 1354/1354 1353/1353
f 1345/1345 1354/1354 1348/1348
f 1345/1345 1320/1320 1354/1354
f 1287/1287 1320/1320 1345/1345
f 1353/1353 1355/1355 1352/1352
f 1353/1353 1356/1356 1355/1355
f 1354/1354 1356/1356 1353/1353
f 1354/1354 1327/1327 1356/1356
f 1320/1320 1327/1327 1354/1354
f 1356/1356 1357/1357 1355/1355
f 1356/1356 1330/1330 1357/1357
f 1327/1327 1330/1330 1356/1356
f 1330/1330 1332/1332 1357/1357
f 1359/1359 1358/1358 1289/1289
f 1359/1359 1360/1360 1358/1358
f 1361/1361 1360/1360 1359/1359
f 1361/1361 1362/1362 1360/1360
f 1363/1363 1362/1362 1361/1361
f 1363/1363 1364/1364 1362/1362
f 1288/1288 1364/1364 1363/1363
f 1360/1360 1365/1365 1358/1358
f 1360/1360 1366/1366 1365/1365
f 1362/1362 1366/1366 1360/1360
f 1362/1362 1367/1367 1366/1366
f 1364/1364 1367/1367 1362/1362
f 1366/1366 1368/1368 1365/1365
f 1366/1366 1369/1369 1368/1368
f 1367/1367 1369/1369 1366/1366
f 1369/1369 1370/1370 1368/1368
f 1369/1369 1371/1371 1370/1370
f 1369/1369 1372/1372 1371/1371
f 1367/1367 1372/1372 1369/1369
f 1367/1367 1373/1373 1372/1372
f 1364/1364 1373/1373 1367/1367
f 1364/1364 1339/1339 1373/1373
f 1288/1288 1339/1339 1364/1364
f 1372/1372 1374/1374 1371/1371
f 1372/1372 1375/1375 1374/1374
f 1373/1373 1375/1375 1372/1372
f 1373/1373 1346/1346 1375/1375
f 1339/1339 1346/1346 1373/1373
f 1375/1375 1376/1376 1374/1374
f 1375/1375 1349/1349 1376/1376
f 1346/1346 1349/1349 1375/1375
f 1349/1349 1351/1351 1376/1376
f 1378/1378 1377/1377 1290/1290
f 1378/1378 1379/1379 1377/1377
f 1380/1380 1379/1379 1378/1378
f 1380/1380 1381/1381 1379/1379
f 1382/1382 1381/1381 1380/1380
f 1382/1382 1383/1383 1381/1381
f 1289/1289 1383/1383 1382/1382
f 1379/1379 1384/1384 1377/1377
f 1379/1379 1385/1385 1384/1384
f 1381/1381 1385/1385 1379/1379
f 1381/1381 1386/1386 1385/1385
f 1383/1383 1386/1386 1381/1381
f 1385/1385 1387/1387 1384/1384
f 1385/1385 1388/1388 1387/1387
f 1386/1386 1388/1388 1385/1385
f 1388/1388 1389/1389 1387/1387
f 1388/1388 1390/1390 1389/1389
f 1388/1388 1391/1391 1390/1390
f 1386/1386 1391/1391 1388/1388
f 1386/1386 1392/1392 1391/1391
f 1383/1383 1392/1392 1386/1386
f 1383/1383 1358/1358 1392/1392
f 1289/1289 1358/1358 1383/1383
f 1391/1391 1393/1393 1390/1390
f 1391/1391 1394/1394 1393/1393
f 1392/1392 1394/1394 1391/1391
f 1392/1392 1365/1365 1394/1394
f 1358/1358 1365/1365 1392/1392
f 1394/1394 1395/1395 1393/1393
f 1394/1394 1368/1368 1395/1395
f 1365/1365 1368/1368 1394/1394
f 1368/1368 1370/1370 1395/1395
f 1397/1397 1396/1396 1291/1291
f 1397/1397 1398/1398 1396/1396
f 1399/1399 1398/1398 1397/1397
f 1399/1399 1400/1400 1398/1398
f 1401/1401 1400/1400 1399/1399
f 1401/1401 1402/1402 1400/1400
f 1290/1290 1402/1402 1401/1401
f 1398/1398 1403/1403 1396/1396
f 1398/1398 1404/1404 1403/1403
f 1400/1400 1404/1404 1398/1398
f 1400/1400 1405/1405 1404/1404
f 1402/1402 1405/1405 1400/1400
f 1404/1404 1406/1406 1403/1403
f 1404/1404 1407/1407 1406/1406
f 1405/1405 1407/1407 1404/1404
f 1407/1407 1408/1408 1406/1406
f 1407/1407 1409/1409 1408/1408
f 1407/1407 1410/1410 1409/1409
f 1405/1405 1410/1410 1407/1407
f 1405/1405 1411/1411 1410/1410
f 1402/1402 1411/1411 1405/1405
f 1402/1402 1377/1377 1411/1411
f 1290/1290 1377/1377 1402/1402
f 1410/1410 1412/1412 1409/1409
f 1410/1410 1413/1413 1412/1412
f 1411/1411 1413/1413 1410/1410
f 1411/1411 1384/1384 1413/1413
f 1377/1377 1384/1384 1411/1411
f 1413/1413 1414/1414 1412/1412
f 1413/1413 1387/1387 1414/1414
f 1384/1384 1387/1387 1413/1413
f 1387/1387 1389/1389 1414/1414
f 1294/1294 1291/1291 1415/1415
f 1416/1416 1406/1406 1408/1408
f 1416/1416 1417/1417 1406/1406
f 1418/1418 1417/1417 1416/1416
f 1418/1418 1419/1419 1417/1417
f 1420/1420 1419/1419 1418/1418
f 1420/1420 1421/1421 1419/1419
f 1415/1415 1421/1421 1420/1420
f 1417/1417 1403/1403 1406/1406
f 1417/1417 1422/1422 1403/1403
f 1419/1419 1422/1422 1417/1417
f 1419/1419 1423/1423 1422/1422
f 1421/1421 1423/1423 1419/1419
f 1422/1422 1396/1396 1403/1403
f 1422/1422 1424/1424 1396/1396
f 1423/1423 1424/1424 1422/1422
f 1424/1424 1291/1291 1396/1396
f 1425/1425 1416/1416 1408/1408
f 1425/1425 1426/1426 1416/1416
f 1427/1427 1426/1426 1425/1425
f 1427/1427 1428/1428 1426/1426
f 1429/1429 1428/1428 1427/1427
f 1429/1429 1430/1430 1428/1428
f 1431/1431 1430/1430 1429/1429
f 1426/1426 1418/1418 1416/1416
f 1426/1426 1432/1432 1418/1418
f 1428/1428 1432/1432 1426/1426
f 1428/1428 1433/1433 1432/1432
f 1430/1430 1433/1433 1428/1428
f 1432/1432 1420/1420 1418/1418
f 1432/1432 1434/1434 1420/1420
f 1433/1433 1434/1434 1432/1432
f 1434/1434 1415/1415 1420/1420
f 1437/1437 1436/1436 1435/1435
f 1437/1437 1438/1438 1436/1436
f 1439/1439 1438/1438 1437/1437
f 1439/1439 1440/1440 1438/1438
f 1441/1441 1440/1440 1439/1439
f 1441/1441 1442/1442 1440/1440
f 1443/1443 1442/1442 1441/1441
f 1438/1438 1444/1444 1436/1436
f 1438/1438 1445/1445 1444/1444
f 1440/1440 1445/1445 1438/1438
f 1440/1440 1446/1446 1445/1445
f 1442/1442 1446/1446 1440/1440
f 1445/1445 1447/1447 1444/1444
f 1445/1445 1448/1448 1447/1447
f 1446/1446 1448/1448 1445/1445
f 1448/1448 1449/1449 1447/1447
f 1450/1450 1442/1442 1443/1443
f 1450/1450 1451/1451 1442/1442
f 1452/1452 1451/1451 1450/1450
f 1452/1452 1453/1453 1451/1451
f 1454/1454 1453/1453 1452/1452
f 1454/1454 1455/1455 1453/1453
f 1456/1456 1455/1455 1454/1454
f 1451/1451 1446/1446 1442/1442
f 1451/1451 1457/1457 1446/1446
f 1453/1453 1457/1457 1451/1451
f 1453/1453 1458/1458 1457/1457
f 1455/1455 1458/1458 1453/1453
f 1457/1457 1448/1448 1446/1446
f 1457/1457 1459/1459 1448/1448
f 1458/1458 1459/1459 1457/1457
f 1459/1459 1449/1449 1448/1448
f 1461/1461 1460/1460 1308/1308
f 1461/1461 1462/1462 1460/1460
f 1463/1463 1462/1462 1461/1461
f 1463/1463 1464/1464 1462/1462
f 1465/1465 1464/1464 1463/1463
f 1465/1465 1466/1466 1464/1464
f 1467/1467 1466/1466 1465/1465
f 1462/1462 1468/1468 1460/1460
f 1462/1462 1469/1469 1468/1468
f 1464/1464 1469/1469 1462/1462
f 1464/1464 1470/1470 1469/1469
f 1466/1466 1470/1470 1464/1464
f 1469/1469 1471/1471 1468/1468
f 1469/1469 1472/1472 1471/1471
f 1470/1470 1472/1472 1469/1469
f 1472/1472 1473/1473 1471/1471
f 1319/1319 1461/1461 1308/1308
f 1319/1319 1474/1474 1461/1461
f 1318/1318 1474/1474 1319/1319
f 1318/1318 1475/1475 1474/1474
f 1315/1315 1475/1475 1318/1318
f 1315/1315 1476/1476 1475/1475
f 1316/1316 1476/1476 1315/1315
f 1474/1474 1463/1463 1461/1461
f 1474/1474 1477/1477 1463/1463
f 1475/1475 1477/1477 1474/1474
f 1475/1475 1478/1478 1477/1477
f 1476/1476 1478/1478 1475/1475
f 1477/1477 1465/1465 1463/1463
f 1477/1477 1479/1479 1465/1465
f 1478/1478 1479/1479 1477/1477
f 1479/1479 1467/1467 1465/1465
f 1481/1481 1480/1480 1473/1473
f 1481/1481 1482/1482 1480/1480
f 1483/1483 1482/1482 1481/1481
f 1483/1483 1484/1484 1482/1482
f 1485/1485 1484/1484 1483/1483
f 1485/1485 1436/1436 1484/1484
f 1435/1435 1436/1436 1485/1485
f 1482/1482 1486/1486 1480/1480
f 1482/1482 1487/1487 1486/1486
f 1484/1484 1487/1487 1482/1482
f 1484/1484 1444/1444 1487/1487
f 1436/1436 1444/1444 1484/1484
f 1487/1487 1488/1488 1486/1486
f 1487/1487 1447/1447 1488/1488
f 1444/1444 1447/1447 1487/1487
f 1447/1447 1449/1449 1488/1488
f 1489/1489 1481/1481 1473/1473
f 1489/1489 1490/1490 1481/1481
f 1491/1491 1490/1490 1489/1489
f 1491/1491 1492/1492 1490/1490
f 1493/1493 1492/1492 1491/1491
f 1493/1493 1494/1494 1492/1492
f 1495/1495 1494/1494 1493/1493
f 1490/1490 1483/1483 1481/1481
f 1490/1490 1496/1496 1483/1483
f 1492/1492 1496/1496 1490/1490
f 1492/1492 1497/1497 1496/1496
f 1494/1494 1497/1497 1492/1492
f 1496/1496 1485/1485 1483/1483
f 1496/1496 1498/1498 1485/1485
f 1497/1497 1498/1498 1496/1496
f 1498/1498 1435/1435 1485/1485
f 1472/1472 1489/1489 1473/1473
f 1472/1472 1499/1499 1489/1489
f 1470/1470 1499/1499 1472/1472
f 1470/1470 1500/1500 1499/1499
f 1466/1466 1500/1500 1470/1470
f 1466/1466 1501/1501 1500/1500
f 1467/1467 1501/1501 1466/1466
f 1499/1499 1491/1491 1489/1489
f 1499/1499 1502/1502 1491/1491
f 1500/1500 1502/1502 1499/1499
f 1500/1500 1503/1503 1502/1502
f 1501/1501 1503/1503 1500/1500
f 1502/1502 1493/1493 1491/1491
f 1502/1502 1504/1504 1493/1493
f 1503/1503 1504/1504 1502/1502
f 1504/1504 1495/1495 1493/1493
f 1333/1333 1505/1505 1332/1332
f 1333/1333 1506/1506 1505/1505
f 1336/1336 1506/1506 1333/1333
f 1336/1336 1507/1507 1506/1506
f 1338/1338 1507/1507 1336/1336
f 1338/1338 1508/1508 1507/1507
f 1308/1308 1508/1508 1338/1338
f 1506/1506 1509/1509 1505/1505
f 1506/1506 1510/1510 1509/1509
f 1507/1507 1510/1510 1506/1506
f 1507/1507 1511/1511 1510/1510
f 1508/1508 1511/1511 1507/1507
f 1510/1510 1512/1512 1509/1509
f 1510/1510 1513/1513 1512/1512
f 1511/1511 1513/1513 1510/1510
f 1513/1513 1514/1514 1512/1512
f 1513/1513 1515/1515 1514/1514
f 1513/1513 1516/1516 1515/1515
f 1511/1511 1516/1516 1513/1513
f 1511/1511 1517/1517 1516/1516
f 1508/1508 1517/1517 1511/1511
f 1508/1508 1460/1460 1517/1517
f 1308/1308 1460/1460 1508/1508
f 1516/1516 1518/1518 1515/1515
f 1516/1516 1519/1519 1518/1518
f 1517/1517 1519/1519 1516/1516
f 1517/1517 1468/1468 1519/1519
f 1460/1460 1468/1468 1517/1517
f 1519/1519 1520/1520 1518/1518
f 1519/1519 1471/1471 1520/1520
f 1468/1468 1471/1471 1519/1519
f 1471/1471 1473/1473 1520/1520
f 1352/1352 1521/1521 1351/1351
f 1352/1352 1522/1522 1521/1521
f 1355/1355 1522/1522 1352/1352
f 1355/1355 1523/1523 1522/1522
f 1357/1357 1523/1523 1355/1355
f 1357/1357 1524/1524 1523/1523
f 1332/1332 1524/1524 1357/1357
f 1522/1522 1525/1525 1521/1521
f 1522/1522 1526/1526 1525/1525
f 1523/1523 1526/1526 1522/1522
f 1523/1523 1527/1527 1526/1526
f 1524/1524 1527/1527 1523/1523
f 1526/1526 1528/1528 1525/1525
f 1526/1526 1529/1529 1528/1528
f 1527/1527 1529/1529 1526/1526
f 1529/1529 1530/1530 1528/1528
f 1529/1529 1531/1531 1530/1530
f 1529/1529 1532/1532 1531/1531
f 1527/1527 1532/1532 1529/1529
f 1527/1527 1533/1533 1532/1532
f 1524/1524 1533/1533 1527/1527
f 1524/1524 1505/1505 1533/1533
f 1332/1332 1505/1505 1524/1524
f 1532/1532 1534/1534 1531/1531
f 1532/1532 1535/1535 1534/1534
f 1533/1533 1535/1535 1532/1532
f 1533/1533 1509/1509 1535/1535
f 1505/1505 1509/1509 1533/1533
f 1535/1535 1536/1536 1534/1534
f 1535/1535 1512/1512 1536/1536
f 1509/1509 1512/1512 1535/1535
f 1512/1512 1514/1514 1536/1536
f 1371/1371 1537/1537 1370/1370
f 1371/1371 1538/1538 1537/1537
f 1374/1374 1538/1538 1371/1371
f 1374/1374 1539/1539 1538/1538
f 1376/1376 1539/1539 1374/1374
f 1376/1376 1540/1540 1539/1539
f 1351/1351 1540/1540 1376/1376
f 1538/1538 1541/1541 1537/1537
f 1538/1538 1542/1542 1541/1541
f 1539/1539 1542/1542 1538/1538
f 1539/1539 1543/1543 1542/1542
f 1540/1540 1543/1543 1539/1539
f 1542/1542 1544/1544 1541/1541
f 1542/1542 1545/1545 1544/1544
f 1543/1543 1545/1545 1542/1542
f 1545/1545 1546/1546 1544/1544
f 1545/1545 1547/1547 1546/1546
f 1545/1545 1548/1548 1547/1547
f 1543/1543 1548/1548 1545/1545
f 1543/1543 1549/1549 1548/1548
f 1540/1540 1549/1549 1543/1543
f 1540/1540 1521/1521 1549/1549
f 1351/1351 1521/1521 1540/1540
f 1548/1548 1550/1550 1547/1547
f 1548/1548 1551/1551 1550/1550
f 1549/1549 1551/1551 1548/1548
f 1549/1549 1525/1525 1551/1551
f 1521/1521 1525/1525 1549/1549
f 1551/1551 1552/1552 1550/1550
f 1551/1551 1528/1528 1552/1552
f 1525/1525 1528/1528 1551/1551
f 1528/1528 1530/1530 1552/1552
f 1390/1390 1553/1553 1389/1389
f 1390/1390 1554/1554 1553/1553
f 1393/1393 1554/1554 1390/1390
f 1393/1393 1555/1555 1554/1554
f 1395/1395 1555/1555 1393/1393
f 1395/1395 1556/1556 1555/1555
f 1370/1370 1556/1556 1395/1395
f 1554/1554 1557/1557 1553/1553
f 1554/1554 1558/1558 1557/1557
f 1555/1555 1558/1558 1554/1554
f 1555/1555 1559/1559 1558/1558
f 1556/1556 1559/1559 1555/1555
f 1558/1558 1560/1560 1557/1557
f 1558/1558 1561/1561 1560/1560
f 1559/1559 1561/1561 1558/1558
f 1561/1561 1562/1562 1560/1560
f 1561/1561 1563/1563 1562/1562
f 1561/1561 1564/1564 1563/1563
f 1559/1559 1564/1564 1561/1561
f 1559/1559 1565/1565 1564/1564
f 1556/1556 1565/1565 1559/1559
f 1556/1556 1537/1537 1565/1565
f 1370/1370 1537/1537 1556/1556
f 1564/1564 1566/1566 1563/1563
f 1564/1564 1567/1567 1566/1566
f 1565/1565 1567/1567 1564/1564
f 1565/1565 1541/1541 1567/1567
f 1537/1537 1541/1541 1565/1565
f 1567/1567 1568/1568 1566/1566
f 1567/1567 1544/1544 1568/1568
f 1541/1541 1544/1544 1567/1567
f 1544/1544 1546/1546 1568/1568
f 1409/1409 1569/1569 1408/1408
f 1409/1409 1570/1570 1569/1569
f 1412/1412 1570/1570 1409/1409
f 1412/1412 1571/1571 1570/1570
f 1414/1414 1571/1571 1412/1412
f 1414/1414 1572/1572 1571/1571
f 1389/1389 1572/1572 1414/1414
f 1570/1570 1573/1573 1569/1569
f 1570/1570 1574/1574 1573/1573
f 1571/1571 1574/1574 1570/1570
f 1571/1571 1575/1575 1574/1574
f 1572/1572 1575/1575 1571/1571
f 1574/1574 1576/1576 1573/1573
f 1574/1574 1577/1577 1576/1576
f 1575/1575 1577/1577 1574/1574
f 1577/1577 1578/1578 1576/1576
f 1577/1577 1579/1579 1578/1578
f 1577/1577 1580/1580 1579/1579
f 1575/1575 1580/1580 1577/1577
f 1575/1575 1581/1581 1580/1580
f 1572/1572 1581/1581 1575/1575
f 1572/1572 1553/1553 1581/1581
f 1389/1389 1553/1553 1572/1572
f 1580/1580 1582/1582 1579/1579
f 1580/1580 1583/1583 1582/1582
f 1581/1581 1583/1583 1580/1580
f 1581/1581 1557/1557 1583/1583
f 1553/1553 1557/1557 1581/1581
f 1583/1583 1584/1584 1582/1582
f 1583/1583 1560/1560 1584/1584
f 1557/1557 1560/1560 1583/1583
f 1560/1560 1562/1562 1584/1584
f 1587/1587 1586/1586 1585/1585
f 1587/1587 1588/1588 1586/1586
f 1589/1589 1588/1588 1587/1587
f 1589/1589 1590/1590 1588/1588
f 1591/1591 1590/1590 1589/1589
f 1591/1591 1429/1429 1590/1590
f 1431/1431 1429/1429 1591/1591
f 1588/1588 1592/1592 1586/1586
f 1588/1588 1593/1593 1592/1592
f 1590/1590 1593/1593 1588/1588
f 1590/1590 1427/1427 1593/1593
f 1429/1429 1427/1427 1590/1590
f 1593/1593 1594/1594 1592/1592
f 1593/1593 1425/1425 1594/1594
f 1427/1427 1425/1425 1593/1593
f 1425/1425 1408/1408 1594/1594
f 1595/1595 1576/1576 1578/1578
f 1595/1595 1596/1596 1576/1576
f 1597/1597 1596/1596 1595/1595
f 1597/1597 1598/1598 1596/1596
f 1599/1599 1598/1598 1597/1597
f 1599/1599 1586/1586 1598/1598
f 1585/1585 1586/1586 1599/1599
f 1596/1596 1573/1573 1576/1576
f 1596/1596 1600/1600 1573/1573
f 1598/1598 1600/1600 1596/1596
f 1598/1598 1592/1592 1600/1600
f 1586/1586 1592/1592 1598/1598
f 1600/1600 1569/1569 1573/1573
f 1600/1600 1594/1594 1569/1569
f 1592/1592 1594/1594 1600/1600
f 1594/1594 1408/1408 1569/1569
f 1601/1601 1595/1595 1578/1578
f 1601/1601 1602/1602 1595/1595
f 1603/1603 1602/1602 1601/1601
f 1603/1603 1604/1604 1602/1602
f 1605/1605 1604/1604 1603/1603
f 1605/1605 1606/1606 1604/1604
f 1607/1607 1606/1606 1605/1605
f 1602/1602 1597/1597 1595/1595
f 1602/1602 1608/1608 1597/1597
f 1604/1604 1608/1608 1602/1602
f 1604/1604 1609/1609 1608/1608
f 1606/1606 1609/1609 1604/1604
f 1608/1608 1599/1599 1597/1597
f 1608/1608 1610/1610 1599/1599
f 1609/1609 1610/1610 1608/1608
f 1610/1610 1585/1585 1599/1599
f 1611/1611 1601/1601 1578/1578
f 1611/1611 1612/1612 1601/1601
f 1613/1613 1612/1612 1611/1611
f 1613/1613 1614/1614 1612/1612
f 1615/1615 1614/1614 1613/1613
f 1615/1615 1616/1616 1614/1614
f 1617/1617 1616/1616 1615/1615
f 1612/1612 1603/1603 1601/1601
f 1612/1612 1618/1618 1603/1603
f 1614/1614 1618/1618 1612/1612
f 1614/1614 1619/1619 1618/1618
f 1616/1616 1619/1619 1614/1614
f 1618/1618 1605/1605 1603/1603
f 1618/1618 1620/1620 1605/1605
f 1619/1619 1620/1620 1618/1618
f 1620/1620 1607/1607 1605/1605
f 1622/1622 1621/1621 1449/1449
f 1622/1622 1623/1623 1621/1621
f 1624/1624 1623/1623 1622/1622
f 1624/1624 1625/1625 1623/1623
f 1626/1626 1625/1625 1624/1624
f 1626/1626 1627/1627 1625/1625
f 1628/1628 1627/1627 1626/1626
f 1623/1623 1629/1629 1621/1621
f 1623/1623 1630/1630 1629/1629
f 1625/1625 1630/1630 1623/1623
f 1625/1625 1631/1631 1630/1630
f 1627/1627 1631/1631 1625/1625
f 1630/1630 1632/1632 1629/1629
f 1630/1630 1633/1633 1632/1632
f 1631/1631 1633/1633 1630/1630
f 1633/1633 1634/1634 1632/1632
f 1635/1635 1622/1622 1449/1449
f 1635/1635 1636/1636 1622/1622
f 1637/1637 1636/1636 1635/1635
f 1637/1637 1638/1638 1636/1636
f 1639/1639 1638/1638 1637/1637
f 1639/1639 1640/1640 1638/1638
f 1641/1641 1640/1640 1639/1639
f 1636/1636 1624/1624 1622/1622
f 1636/1636 1642/1642 1624/1624
f 1638/1638 1642/1642 1636/1636
f 1638/1638 1643/1643 1642/1642
f 1640/1640 1643/1643 1638/1638
f 1642/1642 1626/1626 1624/1624
f 1642/1642 1644/1644 1626/1626
f 1643/1643 1644/1644 1642/1642
f 1644/1644 1628/1628 1626/1626
f 1459/1459 1635/1635 1449/1449
f 1459/1459 1645/1645 1635/1635
f 1458/1458 1645/1645 1459/1459
f 1458/1458 1646/1646 1645/1645
f 1455/1455 1646/1646 1458/1458
f 1455/1455 1647/1647 1646/1646
f 1456/1456 1647/1647 1455/1455
f 1645/1645 1637/1637 1635/1635
f 1645/1645 1648/1648 1637/1637
f 1646/1646 1648/1648 1645/1645
f 1646/1646 1649/1649 1648/1648
f 1647/1647 1649/1649 1646/1646
f 1648/1648 1639/1639 1637/1637
f 1648/1648 1650/1650 1639/1639
f 1649/1649 1650/1650 1648/1648
f 1650/1650 1641/1641 1639/1639
f 1651/1651 1627/1627 1628/1628
f 1651/1651 1652/1652 1627/1627
f 1653/1653 1652/1652 1651/1651
f 1653/1653 1654/1654 1652/1652
f 1655/1655 1654/1654 1653/1653
f 1655/1655 1656/1656 1654/1654
f 1657/1657 1656/1656 1655/1655
f 1652/1652 1631/1631 1627/1627
f 1652/1652 1658/1658 1631/1631
f 1654/1654 1658/1658 1652/1652
f 1654/1654 1659/1659 1658/1658
f 1656/1656 1659/1659 1654/1654
f 1658/1658 1633/1633 1631/1631
f 1658/1658 1660/1660 1633/1633
f 1659/1659 1660/1660 1658/1658
f 1660/1660 1634/1634 1633/1633
f 1480/1480 1661/1661 1473/1473
f 1480/1480 1662/1662 1661/1661
f 1486/1486 1662/1662 1480/1480
f 1486/1486 1663/1663 1662/1662
f 1488/1488 1663/1663 1486/1486
f 1488/1488 1664/1664 1663/1663
f 1449/1449 1664/1664 1488/1488
f 1662/1662 1665/1665 1661/1661
f 1662/1662 1666/1666 1665/1665
f 1663/1663 1666/1666 1662/1662
f 1663/1663 1667/1667 1666/1666
f 1664/1664 1667/1667 1663/1663
f 1666/1666 1668/1668 1665/1665
f 1666/1666 1669/1669 1668/1668
f 1667/1667 1669/1669 1666/1666
f 1669/1669 1670/1670 1668/1668
f 1669/1669 1671/1671 1670/1670
f 1669/1669 1672/1672 1671/1671
f 1667/1667 1672/1672 1669/1669
f 1667/1667 1673/1673 1672/1672
f 1664/1664 1673/1673 1667/1667
f 1664/1664 1621/1621 1673/1673
f 1449/1449 1621/1621 1664/1664
f 1672/1672 1674/1674 1671/1671
f 1672/1672 1675/1675 1674/1674
f 1673/1673 1675/1675 1672/1672
f 1673/1673 1629/1629 1675/1675
f 1621/1621 1629/1629 1673/1673
f 1675/1675 1676/1676 1674/1674
f 1675/1675 1632/1632 1676/1676
f 1629/1629 1632/1632 1675/1675
f 1632/1632 1634/1634 1676/1676
f 1515/1515 1677/1677 1514/1514
f 1515/1515 1678/1678 1677/1677
f 1518/1518 1678/1678 1515/1515
f 1518/1518 1679/1679 1678/1678
f 1520/1520 1679/1679 1518/1518
f 1520/1520 1680/1680 1679/1679
f 1473/1473 1680/1680 1520/1520
f 1678/1678 1681/1681 1677/1677
f 1678/1678 1682/1682 1681/1681
f 1679/1679 1682/1682 1678/1678
f 1679/1679 1683/1683 1682/1682
f 1680/1680 1683/1683 1679/1679
f 1682/1682 1684/1684 1681/1681
f 1682/1682 1685/1685 1684/1684
f 1683/1683 1685/1685 1682/1682
f 1685/1685 1686/1686 1684/1684
f 1685/1685 1687/1687 1686/1686
f 1685/1685 1688/1688 1687/1687
f 1683/1683 1688/1688 1685/1685
f 1683/1683 1689/1689 1688/1688
f 1680/1680 1689/1689 1683/1683
f 1680/1680 1661/1661 1689/1689
f 1473/1473 1661/1661 1680/1680
f 1688/1688 1690/1690 1687/1687
f 1688/1688 1691/1691 1690/1690
f 1689/1689 1691/1691 1688/1688
f 1689/1689 1665/1665 1691/1691
f 1661/1661 1665/1665 1689/1689
f 1691/1691 1692/1692 1690/1690
f 1691/1691 1668/1668 1692/1692
f 1665/1665 1668/1668 1691/1691
f 1668/1668 1670/1670 1692/1692
f 1531/1531 1693/1693 1530/1530
f 1531/1531 1694/1694 1693/1693
f 1534/1534 1694/1694 1531/1531
f 1534/1534 1695/1695 1694/1694
f 1536/1536 1695/1695 1534/1534
f 1536/1536 1696/1696 1695/1695
f 1514/1514 1696/1696 1536/1536
f 1694/1694 1697/1697 1693/1693
f 1694/1694 1698/1698 1697/1697
f 1695/1695 1698/1698 1694/1694
f 1695/1695 1699/1699 1698/1698
f 1696/1696 1699/1699 1695/1695
f 1698/1698 1700/1700 1697/1697
f 1698/1698 1701/1701 1700/1700
f 1699/1699 1701/1701 1698/1698
f 1701/1701 1702/1702 1700/1700
f 1701/1701 1703/1703 1702/1702
f 1701/1701 1704/1704 1703/1703
f 1705/1705 1704/1704 1701/1701
f 1705/1705 1706/1706 1704/1704
f 1696/1696 1706/1706 1705/1705
f 1696/1696 1677/1677 1706/1706
f 1514/1514 1677/1677 1696/1696
f 1704/1704 1707/1707 1703/1703
f 1704/1704 1708/1708 1707/1707
f 1706/1706 1708/1708 1704/1704
f 1706/1706 1681/1681 1708/1708
f 1677/1677 1681/1681 1706/1706
f 1708/1708 1709/1709 1707/1707
f 1708/1708 1684/1684 1709/1709
f 1681/1681 1684/1684 1708/1708
f 1684/1684 1686/1686 1709/1709
f 1547/1547 1710/1710 1546/1546
f 1547/1547 1711/1711 1710/1710
f 1550/1550 1711/1711 1547/1547
f 1550/1550 1712/1712 1711/1711
f 1552/1552 1712/1712 1550/1550
f 1552/1552 1713/1713 1712/1712
f 1530/1530 1713/1713 1552/1552
f 1711/1711 1714/1714 1710/1710
f 1711/1711 1715/1715 1714/1714
f 1712/1712 1715/1715 1711/1711
f 1712/1712 1716/1716 1715/1715
f 1713/1713 1716/1716 1712/1712
f 1715/1715 1717/1717 1714/1714
f 1715/1715 1718/1718 1717/1717
f 1716/1716 1718/1718 1715/1715
f 1718/1718 1719/1719 1717/1717
f 1718/1718 1720/1720 1719/1719
f 1718/1718 1721/1721 1720/1720
f 1716/1716 1721/1721 1718/1718
f 1716/1716 1722/1722 1721/1721
f 1713/1713 1722/1722 1716/1716
f 1713/1713 1693/1693 1722/1722
f 1530/1530 1693/1693 1713/1713
f 1721/1721 1723/1723 1720/1720
f 1721/1721 1724/1724 1723/1723
f 1722/1722 1724/1724 1721/1721
f 1722/1722 1697/1697 1724/1724
f 1693/1693 1697/1697 1722/1722
f 1724/1724 1725/1725 1723/1723
f 1724/1724 1700/1700 1725/1725
f 1697/1697 1700/1700 1724/1724
f 1700/1700 1702/1702 1725/1725
f 1563/1563 1726/1726 1562/1562
f 1563/1563 1727/1727 1726/1726
f 1566/1566 1727/1727 1563/1563
f 1566/1566 1728/1728 1727/1727
f 1568/1568 1728/1728 1566/1566
f 1568/1568 1729/1729 1728/1728
f 1546/1546 1729/1729 1568/1568
f 1727/1727 1730/1730 1726/1726
f 1727/1727 1731/1731 1730/1730
f 1728/1728 1731/1731 1727/1727
f 1728/1728 1732/1732 1731/1731
f 1729/1729 1732/1732 1728/1728
f 1731/1731 1733/1733 1730/1730
f 1731/1731 1734/1734 1733/1733
f 1732/1732 1734/1734 1731/1731
f 1734/1734 1735/1735 1733/1733
f 1734/1734 1736/1736 1735/1735
f 1734/1734 1737/1737 1736/1736
f 1732/1732 1737/1737 1734/1734
f 1732/1732 1738/1738 1737/1737
f 1729/1729 1738/1738 1732/1732
f 1729/1729 1710/1710 1738/1738
f 1546/1546 1710/1710 1729/1729
f 1737/1737 1739/1739 1736/1736
f 1737/1737 1740/1740 1739/1739
f 1738/1738 1740/1740 1737/1737
f 1738/1738 1714/1714 1740/1740
f 1710/1710 1714/1714 1738/1738
f 1740/1740 1741/1741 1739/1739
f 1740/1740 1717/1717 1741/1741
f 1714/1714 1717/1717 1740/1740
f 1717/1717 1719/1719 1741/1741
f 1579/1579 1742/1742 1578/1578
f 1579/1579 1743/1743 1742/1742
f 1582/1582 1743/1743 1579/1579
f 1582/1582 1744/1744 1743/1743
f 1584/1584 1744/1744 1582/1582
f 1584/1584 1745/1745 1744/1744
f 1562/1562 1745/1745 1584/1584
f 1743/1743 1746/1746 1742/1742
f 1743/1743 1747/1747 1746/1746
f 1744/1744 1747/1747 1743/1743
f 1744/1744 1748/1748 1747/1747
f 1745/1745 1748/1748 1744/1744
f 1747/1747 1749/1749 1746/1746
f 1747/1747 1750/1750 1749/1749
f 1748/1748 1750/1750 1747/1747
f 1750/1750 1751/1751 1749/1749
f 1750/1750 1752/1752 1751/1751
f 1750/1750 1753/1753 1752/1752
f 1748/1748 1753/1753 1750/1750
f 1748/1748 1754/1754 1753/1753
f 1745/1745 1754/1754 1748/1748
f 1745/1745 1726/1726 1754/1754
f 1562/1562 1726/1726 1745/1745
f 1753/1753 1755/1755 1752/1752
f 1753/1753 1756/1756 1755/1755
f 1754/1754 1756/1756 1753/1753
f 1754/1754 1730/1730 1756/1756
f 1726/1726 1730/1730 1754/1754
f 1756/1756 1757/1757 1755/1755
f 1756/1756 1733/1733 1757/1757
f 1730/1730 1733/1733 1756/1756
f 1733/1733 1735/1735 1757/1757
f 1760/1760 1759/1759 1758/1758
f 1760/1760 1761/1761 1759/1759
f 1762/1762 1761/1761 1760/1760
f 1762/1762 1763/1763 1761/1761
f 1764/1764 1763/1763 1762/1762
f 1764/1764 1615/1615 1763/1763
f 1617/1617 1615/1615 1764/1764
f 1761/1761 1765/1765 1759/1759
f 1761/1761 1766/1766 1765/1765
f 1763/1763 1766/1766 1761/1761
f 1763/1763 1613/1613 1766/1766
f 1615/1615 1613/1613 1763/1763
f 1766/1766 1767/1767 1765/1765
f 1766/1766 1611/1611 1767/1767
f 1613/1613 1611/1611 1766/1766
f 1611/1611 1578/1578 1767/1767
f 1768/1768 1749/1749 1751/1751
f 1768/1768 1769/1769 1749/1749
f 1770/1770 1769/1769 1768/1768
f 1770/1770 1771/1771 1769/1769
f 1772/1772 1771/1771 1770/1770
f 1772/1772 1759/1759 1771/1771
f 1758/1758 1759/1759 1772/1772
f 1769/1769 1746/1746 1749/1749
f 1769/1769 1773/1773 1746/1746
f 1771/1771 1773/1773 1769/1769
f 1771/1771 1765/1765 1773/1773
f 1759/1759 1765/1765 1771/1771
f 1773/1773 1742/1742 1746/1746
f 1773/1773 1767/1767 1742/1742
f 1765/1765 1767/1767 1773/1773
f 1767/1767 1578/1578 1742/1742
f 1774/1774 1768/1768 1751/1751
f 1774/1774 1775/1775 1768/1768
f 1776/1776 1775/1775 1774/1774
f 1776/1776 1777/1777 1775/1775
f 1778/1778 1777/1777 1776/1776
f 1778/1778 1779/1779 1777/1777
f 1780/1780 1779/1779 1778/1778
f 1775/1775 1770/1770 1768/1768
f 1775/1775 1781/1781 1770/1770
f 1777/1777 1781/1781 1775/1775
f 1777/1777 1782/1782 1781/1781
f 1779/1779 1782/1782 1777/1777
f 1781/1781 1772/1772 1770/1770
f 1781/1781 1783/1783 1772/1772
f 1782/1782 1783/1783 1781/1781
f 1783/1783 1758/1758 1772/1772
f 1784/1784 1774/1774 1751/1751
f 1784/1784 1785/1785 1774/1774
f 1786/1786 1785/1785 1784/1784
f 1786/1786 1787/1787 1785/1785
f 1788/1788 1787/1787 1786/1786
f 1788/1788 1789/1789 1787/1787
f 1790/1790 1789/1789 1788/1788
f 1785/1785 1776/1776 1774/1774
f 1785/1785 1791/1791 1776/1776
f 1787/1787 1791/1791 1785/1785
f 1787/1787 1792/1792 1791/1791
f 1789/1789 1792/1792 1787/1787
f 1791/1791 1778/1778 1776/1776
f 1791/1791 1793/1793 1778/1778
f 1792/1792 1793/1793 1791/1791
f 1793/1793 1780/1780 1778/1778
f 1795/1795 1794/1794 1634/1634
f 1795/1795 1796/1796 1794/1794
f 1797/1797 1796/1796 1795/1795
f 1797/1797 1798/1798 1796/1796
f 1799/1799 1798/1798 1797/1797
f 1799/1799 1800/1800 1798/1798
f 1801/1801 1800/1800 1799/1799
f 1796/1796 1802/1802 1794/1794
f 1796/1796 1803/1803 1802/1802
f 1798/1798 1803/1803 1796/1796
f 1798/1798 1804/1804 1803/1803
f 1800/1800 1804/1804 1798/1798
f 1803/1803 1805/1805 1802/1802
f 1803/1803 1806/1806 1805/1805
f 1804/1804 1806/1806 1803/1803
f 1806/1806 1807/1807 1805/1805
f 1660/1660 1795/1795 1634/1634
f 1660/1660 1808/1808 1795/1795
f 1659/1659 1808/1808 1660/1660
f 1659/1659 1809/1809 1808/1808
f 1656/1656 1809/1809 1659/1659
f 1656/1656 1810/1810 1809/1809
f 1657/1657 1810/1810 1656/1656
f 1808/1808 1797/1797 1795/1795
f 1808/1808 1811/1811 1797/1797
f 1809/1809 1811/1811 1808/1808
f 1809/1809 1812/1812 1811/1811
f 1810/1810 1812/1812 1809/1809
f 1811/1811 1799/1799 1797/1797
f 1811/1811 1813/1813 1799/1799
f 1812/1812 1813/1813 1811/1811
f 1813/1813 1801/1801 1799/1799
f 1815/1815 1814/1814 1807/1807
f 1815/1815 1816/1816 1814/1814
f 1817/1817 1816/1816 1815/1815
f 1817/1817 1818/1818 1816/1816
f 1819/1819 1818/1818 1817/1817
f 1819/1819 1820/1820 1818/1818
f 1821/1821 1820/1820 1819/1819
f 1816/1816 1822/1822 1814/1814
f 1816/1816 1823/1823 1822/1822
f 1818/1818 1823/1823 1816/1816
f 1818/1818 1824/1824 1823/1823
f 1820/1820 1824/1824 1818/1818
f 1823/1823 1825/1825 1822/1822
f 1823/1823 1826/1826 1825/1825
f 1824/1824 1826/1826 1823/1823
f 1826/1826 1827/1827 1825/1825
f 1806/1806 1815/1815 1807/1807
f 1806/1806 1828/1828 1815/1815
f 1804/1804 1828/1828 1806/1806
f 1804/1804 1829/1829 1828/1828
f 1800/1800 1829/1829 1804/1804
f 1800/1800 1830/1830 1829/1829
f 1801/1801 1830/1830 1800/1800
f 1828/1828 1817/1817 1815/1815
f 1828/1828 1831/1831 1817/1817
f 1829/1829 1831/1831 1828/1828
f 1829/1829 1832/1832 1831/1831
f 1830/1830 1832/1832 1829/1829
f 1831/1831 1819/1819 1817/1817
f 1831/1831 1833/1833 1819/1819
f 1832/1832 1833/1833 1831/1831
f 1833/1833 1821/1821 1819/1819
f 1671/1671 1834/1834 1670/1670
f 1671/1671 1835/1835 1834/1834
f 1674/1674 1835/1835 1671/1671
f 1674/1674 1836/1836 1835/1835
f 1676/1676 1836/1836 1674/1674
f 1676/1676 1837/1837 1836/1836
f 1634/1634 1837/1837 1676/1676
f 1835/1835 1838/1838 1834/1834
f 1835/1835 1839/1839 1838/1838
f 1836/1836 1839/1839 1835/1835
f 1836/1836 1840/1840 1839/1839
f 1837/1837 1840/1840 1836/1836
f 1839/1839 1841/1841 1838/1838
f 1839/1839 1842/1842 1841/1841
f 1840/1840 1842/1842 1839/1839
f 1842/1842 1843/1843 1841/1841
f 1842/1842 1844/1844 1843/1843
f 1842/1842 1845/1845 1844/1844
f 1840/1840 1845/1845 1842/1842
f 1840/1840 1846/1846 1845/1845
f 1837/1837 1846/1846 1840/1840
f 1837/1837 1794/1794 1846/1846
f 1634/1634 1794/1794 1837/1837
f 1845/1845 1847/1847 1844/1844
f 1845/1845 1848/1848 1847/1847
f 1846/1846 1848/1848 1845/1845
f 1846/1846 1802/1802 1848/1848
f 1794/1794 1802/1802 1846/1846
f 1848/1848 1849/1849 1847/1847
f 1848/1848 1805/1805 1849/1849
f 1802/1802 1805/1805 1848/1848
f 1805/1805 1807/1807 1849/1849
f 1687/1687 1850/1850 1686/1686
f 1687/1687 1851/1851 1850/1850
f 1690/1690 1851/1851 1687/1687
f 1690/1690 1852/1852 1851/1851
f 1692/1692 1852/1852 1690/1690
f 1692/1692 1853/1853 1852/1852
f 1670/1670 1853/1853 1692/1692
f 1851/1851 1854/1854 1850/1850
f 1851/1851 1855/1855 1854/1854
f 1852/1852 1855/1855 1851/1851
f 1852/1852 1856/1856 1855/1855
f 1853/1853 1856/1856 1852/1852
f 1855/1855 1857/1857 1854/1854
f 1855/1855 1858/1858 1857/1857
f 1856/1856 1858/1858 1855/1855
f 1858/1858 1859/1859 1857/1857
f 1858/1858 1860/1860 1859/1859
f 1858/1858 1861/1861 1860/1860
f 1856/1856 1861/1861 1858/1858
f 1856/1856 1862/1862 1861/1861
f 1853/1853 1862/1862 1856/1856
f 1853/1853 1834/1834 1862/1862
f 1670/1670 1834/1834 1853/1853
f 1861/1861 1863/1863 1860/1860
f 1861/1861 1864/1864 1863/1863
f 1862/1862 1864/1864 1861/1861
f 1862/1862 1838/1838 1864/1864
f 1834/1834 1838/1838 1862/1862
f 1864/1864 1865/1865 1863/1863
f 1864/1864 1841/1841 1865/1865
f 1838/1838 1841/1841 1864/1864
f 1841/1841 1843/1843 1865/1865
f 1703/1703 1866/1866 1702/1702
f 1703/1703 1867/1867 1866/1866
f 1707/1707 1867/1867 1703/1703
f 1707/1707 1868/1868 1867/1867
f 1709/1709 1868/1868 1707/1707
f 1709/1709 1869/1869 1868/1868
f 1686/1686 1869/1869 1709/1709
f 1867/1867 1870/1870 1866/1866
f 1867/1867 1871/1871 1870/1870
f 1868/1868 1871/1871 1867/1867
f 1868/1868 1872/1872 1871/1871
f 1869/1869 1872/1872 1868/1868
f 1871/1871 1873/1873 1870/1870
f 1871/1871 1874/1874 1873/1873
f 1872/1872 1874/1874 1871/1871
f 1874/1874 1875/1875 1873/1873
f 1874/1874 1876/1876 1875/1875
f 1874/1874 1877/1877 1876/1876
f 1872/1872 1877/1877 1874/1874
f 1872/1872 1878/1878 1877/1877
f 1869/1869 1878/1878 1872/1872
f 1869/1869 1850/1850 1878/1878
f 1686/1686 1850/1850 1869/1869
f 1877/1877 1879/1879 1876/1876
f 1877/1877 1880/1880 1879/1879
f 1878/1878 1880/1880 1877/1877
f 1878/1878 1854/1854 1880/1880
f 1850/1850 1854/1854 1878/1878
f 1880/1880 1881/1881 1879/1879
f 1880/1880 1857/1857 1881/1881
f 1854/1854 1857/1857 1880/1880
f 1857/1857 1859/1859 1881/1881
f 1720/1720 1882/1882 1719/1719
f 1720/1720 1883/1883 1882/1882
f 1723/1723 1883/1883 1720/1720
f 1723/1723 1884/1884 1883/1883
f 1725/1725 1884/1884 1723/1723
f 1725/1725 1885/1885 1884/1884
f 1702/1702 1885/1885 1725/1725
f 1883/1883 1886/1886 1882/1882
f 1883/1883 1887/1887 1886/1886
f 1884/1884 1887/1887 1883/1883
f 1884/1884 1888/1888 1887/1887
f 1885/1885 1888/1888 1884/1884
f 1887/1887 1889/1889 1886/1886
f 1887/1887 1890/1890 1889/1889
f 1888/1888 1890/1890 1887/1887
f 1890/1890 1891/1891 1889/1889
f 1890/1890 1892/1892 1891/1891
f 1890/1890 1893/1893 1892/1892
f 1888/1888 1893/1893 1890/1890
f 1888/1888 1894/1894 1893/1893
f 1885/1885 1894/1894 1888/1888
f 1885/1885 1866/1866 1894/1894
f 1702/1702 1866/1866 1885/1885
f 1893/1893 1895/1895 1892/1892
f 1893/1893 1896/1896 1895/1895
f 1894/1894 1896/1896 1893/1893
f 1894/1894 1870/1870 1896/1896
f 1866/1866 1870/1870 1894/1894
f 1896/1896 1897/1897 1895/1895
f 1896/1896 1873/1873 1897/1897
f 1870/1870 1873/1873 1896/1896
f 1873/1873 1875/1875 1897/1897
f 1736/1736 1898/1898 1735/1735
f 1736/1736 1899/1899 1898/1898
f 1739/1739 1899/1899 1736/1736
f 1739/1739 1900/1900 1899/1899
f 1741/1741 1900/1900 1739/1739
f 1741/1741 1901/1901 1900/1900
f 1719/1719 1901/1901 1741/1741
f 1899/1899 1902/1902 1898/1898
f 1899/1899 1903/1903 1902/1902
f 1900/1900 1903/1903 1899/1899
f 1900/1900 1904/1904 1903/1903
f 1901/1901 1904/1904 1900/1900
f 1903/1903 1905/1905 1902/1902
f 1903/1903 1906/1906 1905/1905
f 1904/1904 1906/1906 1903/1903
f 1906/1906 1907/1907 1905/1905
f 1906/1906 1908/1908 1907/1907
f 1906/1906 1909/1909 1908/1908
f 1904/1904 1909/1909 1906/1906
f 1904/1904 1910/1910 1909/1909
f 1901/1901 1910/1910 1904/1904
f 1901/1901 1882/1882 1910/1910
f 1719/1719 1882/1882 1901/1901
f 1909/1909 1911/1911 1908/1908
f 1909/1909 1912/1912 1911/1911
f 1910/1910 1912/1912 1909/1909
f 1910/1910 1886/1886 1912/1912
f 1882/1882 1886/1886 1910/1910
f 1912/1912 1913/1913 1911/1911
f 1912/1912 1889/1889 1913/1913
f 1886/1886 1889/1889 1912/1912
f 1889/1889 1891/1891 1913/1913
f 1914/1914 1757/1757 1735/1735
f 1914/1914 1915/1915 1757/1757
f 1916/1916 1915/1915 1914/1914
f 1916/1916 1917/1917 1915/1915
f 1918/1918 1917/1917 1916/1916
f 1918/1918 1919/1919 1917/1917
f 1920/1920 1919/1919 1918/1918
f 1915/1915 1755/1755 1757/1757
f 1915/1915 1921/1921 1755/1755
f 1917/1917 1921/1921 1915/1915
f 1917/1917 1922/1922 1921/1921
f 1919/1919 1922/1922 1917/1917
f 1921/1921 1752/1752 1755/1755
f 1921/1921 1923/1923 1752/1752
f 1922/1922 1923/1923 1921/1921
f 1923/1923 1751/1751 1752/1752
f 1924/1924 1914/1914 1735/1735
f 1924/1924 1925/1925 1914/1914
f 1926/1926 1925/1925 1924/1924
f 1926/1926 1927/1927 1925/1925
f 1928/1928 1927/1927 1926/1926
f 1928/1928 1929/1929 1927/1927
f 1930/1930 1929/1929 1928/1928
f 1925/1925 1916/1916 1914/1914
f 1925/1925 1931/1931 1916/1916
f 1927/1927 1931/1931 1925/1925
f 1927/1927 1932/1932 1931/1931
f 1929/1929 1932/1932 1927/1927
f 1931/1931 1918/1918 1916/1916
f 1931/1931 1933/1933 1918/1918
f 1932/1932 1933/1933 1931/1931
f 1933/1933 1920/1920 1918/1918
f 1934/1934 1924/1924 1735/1735
f 1934/1934 1935/1935 1924/1924
f 1936/1936 1935/1935 1934/1934
f 1936/1936 1937/1937 1935/1935
f 1938/1938 1937/1937 1936/1936
f 1938/1938 1939/1939 1937/1937
f 1940/1940 1939/1939 1938/1938
f 1935/1935 1926/1926 1924/1924
f 1935/1935 1941/1941 1926/1926
f 1937/1937 1941/1941 1935/1935
f 1937/1937 1942/1942 1941/1941
f 1939/1939 1942/1942 1937/1937
f 1941/1941 1928/1928 1926/1926
f 1941/1941 1943/1943 1928/1928
f 1942/1942 1943/1943 1941/1941
f 1943/1943 1930/1930 1928/1928
f 1944/1944 1905/1905 1907/1907
f 1944/1944 1945/1945 1905/1905
f 1946/1946 1945/1945 1944/1944
f 1946/1946 1947/1947 1945/1945
f 1948/1948 1947/1947 1946/1946
f 1948/1948 1938/1938 1947/1947
f 1940/1940 1938/1938 1948/1948
f 1945/1945 1902/1902 1905/1905
f 1945/1945 1949/1949 1902/1902
f 1947/1947 1949/1949 1945/1945
f 1947/1947 1936/1936 1949/1949
f 1938/1938 1936/1936 1947/1947
f 1949/1949 1898/1898 1902/1902
f 1949/1949 1934/1934 1898/1898
f 1936/1936 1934/1934 1949/1949
f 1934/1934 1735/1735 1898/1898
f 1950/1950 1944/1944 1907/1907
f 1950/1950 1951/1951 1944/1944
f 1952/1952 1951/1951 1950/1950
f 1952/1952 1953/1953 1951/1951
f 1954/1954 1953/1953 1952/1952
f 1954/1954 1955/1955 1953/1953
f 1956/1956 1955/1955 1954/1954
f 1951/1951 1946/1946 1944/1944
f 1951/1951 1957/1957 1946/1946
f 1953/1953 1957/1957 1951/1951
f 1953/1953 1958/1958 1957/1957
f 1955/1955 1958/1958 1953/1953
f 1957/1957 1948/1948 1946/1946
f 1957/1957 1959/1959 1948/1948
f 1958/1958 1959/1959 1957/1957
f 1959/1959 1940/1940 1948/1948
f 1962/1962 1961/1961 1960/1960
f 1962/1962 1963/1963 1961/1961
f 1964/1964 1963/1963 1962/1962
f 1964/1964 1965/1965 1963/1963
f 1966/1966 1965/1965 1964/1964
f 1966/1966 1788/1788 1965/1965
f 1790/1790 1788/1788 1966/1966
f 1963/1963 1967/1967 1961/1961
f 1963/1963 1968/1968 1967/1967
f 1965/1965 1968/1968 1963/1963
f 1965/1965 1786/1786 1968/1968
f 1788/1788 1786/1786 1965/1965
f 1968/1968 1969/1969 1967/1967
f 1968/1968 1784/1784 1969/1969
f 1786/1786 1784/1784 1968/1968
f 1784/1784 1751/1751 1969/1969
f 1970/1970 1919/1919 1920/1920
f 1970/1970 1971/1971 1919/1919
f 1972/1972 1971/1971 1970/1970
f 1972/1972 1973/1973 1971/1971
f 1974/1974 1973/1973 1972/1972
f 1974/1974 1961/1961 1973/1973
f 1960/1960 1961/1961 1974/1974
f 1971/1971 1922/1922 1919/1919
f 1971/1971 1975/1975 1922/1922
f 1973/1973 1975/1975 1971/1971
f 1973/1973 1967/1967 1975/1975
f 1961/1961 1967/1967 1973/1973
f 1975/1975 1923/1923 1922/1922
f 1975/1975 1969/1969 1923/1923
f 1967/1967 1969/1969 1975/1975
f 1969/1969 1751/1751 1923/1923
f 1977/1977 1976/1976 1807/1807
f 1977/1977 1978/1978 1976/1976
f 1979/1979 1978/1978 1977/1977
f 1979/1979 1980/1980 1978/1978
f 1981/1981 1980/1980 1979/1979
f 1981/1981 1982/1982 1980/1980
f 1983/1983 1982/1982 1981/1981
f 1978/1978 1984/1984 1976/1976
f 1978/1978 1985/1985 1984/1984
f 1980/1980 1985/1985 1978/1978
f 1980/1980 1986/1986 1985/1985
f 1982/1982 1986/1986 1980/1980
f 1985/1985 1987/1987 1984/1984
f 1985/1985 1988/1988 1987/1987
f 1986/1986 1988/1988 1985/1985
f 1988/1988 1989/1989 1987/1987
f 1814/1814 1977/1977 1807/1807
f 1814/1814 1990/1990 1977/1977
f 1822/1822 1990/1990 1814/1814
f 1822/1822 1991/1991 1990/1990
f 1825/1825 1991/1991 1822/1822
f 1825/1825 1992/1992 1991/1991
f 1827/1827 1992/1992 1825/1825
f 1990/1990 1979/1979 1977/1977
f 1990/1990 1993/1993 1979/1979
f 1991/1991 1993/1993 1990/1990
f 1991/1991 1994/1994 1993/1993
f 1992/1992 1994/1994 1991/1991
f 1993/1993 1981/1981 1979/1979
f 1993/1993 1995/1995 1981/1981
f 1994/1994 1995/1995 1993/1993
f 1995/1995 1983/1983 1981/1981
f 1997/1997 1996/1996 1989/1989
f 1997/1997 1998/1998 1996/1996
f 1999/1999 1998/1998 1997/1997
f 1999/1999 2000/2000 1998/1998
f 2001/2001 2000/2000 1999/1999
f 2001/2001 2002/2002 2000/2000
f 2003/2003 2002/2002 2001/2001
f 1998/1998 2004/2004 1996/1996
f 1998/1998 2005/2005 2004/2004
f 2000/2000 2005/2005 1998/1998
f 2000/2000 2006/2006 2005/2005
f 2002/2002 2006/2006 2000/2000
f 2005/2005 2007/2007 2004/2004
f 2005/2005 2008/2008 2007/2007
f 2006/2006 2008/2008 2005/2005
f 2008/2008 2009/2009 2007/2007
f 1988/1988 1997/1997 1989/1989
f 1988/1988 2010/2010 1997/1997
f 1986/1986 2010/2010 1988/1988
f 1986/1986 2011/2011 2010/2010
f 1982/1982 2011/2011 1986/1986
f 1982/1982 2012/2012 2011/2011
f 1983/1983 2012/2012 1982/1982
f 2010/2010 1999/1999 1997/1997
f 2010/2010 2013/2013 1999/1999
f 2011/2011 2013/2013 2010/2010
f 2011/2011 2014/2014 2013/2013
f 2012/2012 2014/2014 2011/2011
f 2013/2013 2001/2001 1999/1999
f 2013/2013 2015/2015 2001/2001
f 2014/2014 2015/2015 2013/2013
f 2015/2015 2003/2003 2001/2001
f 1844/1844 2016/2016 1843/1843
f 1844/1844 2017/2017 2016/2016
f 1847/1847 2017/2017 1844/1844
f 1847/1847 2018/2018 2017/2017
f 1849/1849 2018/2018 1847/1847
f 1849/1849 2019/2019 2018/2018
f 1807/1807 2019/2019 1849/1849
f 2017/2017 2020/2020 2016/2016
f 2017/2017 2021/2021 2020/2020
f 2018/2018 2021/2021 2017/2017
f 2018/2018 2022/2022 2021/2021
f 2019/2019 2022/2022 2018/2018
f 2021/2021 2023/2023 2020/2020
f 2021/2021 2024/2024 2023/2023
f 2022/2022 2024/2024 2021/2021
f 2024/2024 2025/2025 2023/2023
f 2024/2024 2026/2026 2025/2025
f 2024/2024 2027/2027 2026/2026
f 2022/2022 2027/2027 2024/2024
f 2022/2022 2028/2028 2027/2027
f 2019/2019 2028/2028 2022/2022
f 2019/2019 1976/1976 2028/2028
f 1807/1807 1976/1976 2019/2019
f 2027/2027 2029/2029 2026/2026
f 2027/2027 2030/2030 2029/2029
f 2028/2028 2030/2030 2027/2027
f 2028/2028 1984/1984 2030/2030
f 1976/1976 1984/1984 2028/2028
f 2030/2030 2031/2031 2029/2029
f 2030/2030 1987/1987 2031/2031
f 1984/1984 1987/1987 2030/2030
f 1987/1987 1989/1989 2031/2031
f 1860/1860 2032/2032 1859/1859
f 1860/1860 2033/2033 2032/2032
f 1863/1863 2033/2033 1860/1860
f 1863/1863 2034/2034 2033/2033
f 1865/1865 2034/2034 1863/1863
f 1865/1865 2035/2035 2034/2034
f 1843/1843 2035/2035 1865/1865
f 2033/2033 2036/2036 2032/2032
f 2033/2033 2037/2037 2036/2036
f 2034/2034 2037/2037 2033/2033
f 2034/2034 2038/2038 2037/2037
f 2035/2035 2038/2038 2034/2034
f 2037/2037 2039/2039 2036/2036
f 2037/2037 2040/2040 2039/2039
f 2038/2038 2040/2040 2037/2037
f 2040/2040 2041/2041 2039/2039
f 2040/2040 2042/2042 2041/2041
f 2040/2040 2043/2043 2042/2042
f 2044/2044 2043/2043 2040/2040
f 2044/2044 2045/2045 2043/2043
f 2035/2035 2045/2045 2044/2044
f 2035/2035 2016/2016 2045/2045
f 1843/1843 2016/2016 2035/2035
f 2043/2043 2046/2046 2042/2042
f 2043/2043 2047/2047 2046/2046
f 2045/2045 2047/2047 2043/2043
f 2045/2045 2020/2020 2047/2047
f 2016/2016 2020/2020 2045/2045
f 2047/2047 2048/2048 2046/2046
f 2047/2047 2023/2023 2048/2048
f 2020/2020 2023/2023 2047/2047
f 2023/2023 2025/2025 2048/2048
f 1876/1876 2049/2049 1875/1875
f 1876/1876 2050/2050 2049/2049
f 1879/1879 2050/2050 1876/1876
f 1879/1879 2051/2051 2050/2050
f 1881/1881 2051/2051 1879/1879
f 1881/1881 2052/2052 2051/2051
f 1859/1859 2052/2052 1881/1881
f 2050/2050 2053/2053 2049/2049
f 2050/2050 2054/2054 2053/2053
f 2051/2051 2054/2054 2050/2050
f 2051/2051 2055/2055 2054/2054
f 2052/2052 2055/2055 2051/2051
f 2054/2054 2056/2056 2053/2053
f 2054/2054 2057/2057 2056/2056
f 2055/2055 2057/2057 2054/2054
f 2057/2057 2058/2058 2056/2056
f 2057/2057 2059/2059 2058/2058
f 2057/2057 2060/2060 2059/2059
f 2055/2055 2060/2060 2057/2057
f 2055/2055 2061/2061 2060/2060
f 2052/2052 2061/2061 2055/2055
f 2052/2052 2032/2032 2061/2061
f 1859/1859 2032/2032 2052/2052
f 2060/2060 2062/2062 2059/2059
f 2060/2060 2063/2063 2062/2062
f 2061/2061 2063/2063 2060/2060
f 2061/2061 2036/2036 2063/2063
f 2032/2032 2036/2036 2061/2061
f 2063/2063 2064/2064 2062/2062
f 2063/2063 2039/2039 2064/2064
f 2036/2036 2039/2039 2063/2063
f 2039/2039 2041/2041 2064/2064
f 1892/1892 2065/2065 1891/1891
f 1892/1892 2066/2066 2065/2065
f 1895/1895 2066/2066 1892/1892
f 1895/1895 2067/2067 2066/2066
f 1897/1897 2067/2067 1895/1895
f 1897/1897 2068/2068 2067/2067
f 1875/1875 2068/2068 1897/1897
f 2066/2066 2069/2069 2065/2065
f 2066/2066 2070/2070 2069/2069
f 2067/2067 2070/2070 2066/2066
f 2067/2067 2071/2071 2070/2070
f 2068/2068 2071/2071 2067/2067
f 2070/2070 2072/2072 2069/2069
f 2070/2070 2073/2073 2072/2072
f 2071/2071 2073/2073 2070/2070
f 2073/2073 2074/2074 2072/2072
f 2073/2073 2075/2075 2074/2074
f 2073/2073 2076/2076 2075/2075
f 2071/2071 2076/2076 2073/2073
f 2071/2071 2077/2077 2076/2076
f 2068/2068 2077/2077 2071/2071
f 2068/2068 2049/2049 2077/2077
f 1875/1875 2049/2049 2068/2068
f 2076/2076 2078/2078 2075/2075
f 2076/2076 2079/2079 2078/2078
f 2077/2077 2079/2079 2076/2076
f 2077/2077 2053/2053 2079/2079
f 2049/2049 2053/2053 2077/2077
f 2079/2079 2080/2080 2078/2078
f 2079/2079 2056/2056 2080/2080
f 2053/2053 2056/2056 2079/2079
f 2056/2056 2058/2058 2080/2080
f 1908/1908 2081/2081 1907/1907
f 1908/1908 2082/2082 2081/2081
f 1911/1911 2082/2082 1908/1908
f 1911/1911 2083/2083 2082/2082
f 1913/1913 2083/2083 1911/1911
f 1913/1913 2084/2084 2083/2083
f 1891/1891 2084/2084 1913/1913
f 2082/2082 2085/2085 2081/2081
f 2082/2082 2086/2086 2085/2085
f 2083/2083 2086/2086 2082/2082
f 2083/2083 2087/2087 2086/2086
f 2084/2084 2087/2087 2083/2083
f 2086/2086 2088/2088 2085/2085
f 2086/2086 2089/2089 2088/2088
f 2087/2087 2089/2089 2086/2086
f 2089/2089 2090/2090 2088/2088
f 2089/2089 2091/2091 2090/2090
f 2089/2089 2092/2092 2091/2091
f 2087/2087 2092/2092 2089/2089
f 2087/2087 2093/2093 2092/2092
f 2084/2084 2093/2093 2087/2087
f 2084/2084 2065/2065 2093/2093
f 1891/1891 2065/2065 2084/2084
f 2092/2092 2094/2094 2091/2091
f 2092/2092 2095/2095 2094/2094
f 2093/2093 2095/2095 2092/2092
f 2093/2093 2069/2069 2095/2095
f 2065/2065 2069/2069 2093/2093
f 2095/2095 2096/2096 2094/2094
f 2095/2095 2072/2072 2096/2096
f 2069/2069 2072/2072 2095/2095
f 2072/2072 2074/2074 2096/2096
f 2097/2097 1950/1950 1907/1907
f 2097/2097 2098/2098 1950/1950
f 2099/2099 2098/2098 2097/2097
f 2099/2099 2100/2100 2098/2098
f 2101/2101 2100/2100 2099/2099
f 2101/2101 2102/2102 2100/2100
f 2103/2103 2102/2102 2101/2101
f 2098/2098 1952/1952 1950/1950
f 2098/2098 2104/2104 1952/1952
f 2100/2100 2104/2104 2098/2098
f 2100/2100 2105/2105 2104/2104
f 2102/2102 2105/2105 2100/2100
f 2104/2104 1954/1954 1952/1952
f 2104/2104 2106/2106 1954/1954
f 2105/2105 2106/2106 2104/2104
f 2106/2106 1956/1956 1954/1954
f 2107/2107 2097/2097 1907/1907
f 2107/2107 2108/2108 2097/2097
f 2109/2109 2108/2108 2107/2107
f 2109/2109 2110/2110 2108/2108
f 2111/2111 2110/2110 2109/2109
f 2111/2111 2112/2112 2110/2110
f 2113/2113 2112/2112 2111/2111
f 2108/2108 2099/2099 2097/2097
f 2108/2108 2114/2114 2099/2099
f 2110/2110 2114/2114 2108/2108
f 2110/2110 2115/2115 2114/2114
f 2112/2112 2115/2115 2110/2110
f 2114/2114 2101/2101 2099/2099
f 2114/2114 2116/2116 2101/2101
f 2115/2115 2116/2116 2114/2114
f 2116/2116 2103/2103 2101/2101
f 2117/2117 2088/2088 2090/2090
f 2117/2117 2118/2118 2088/2088
f 2119/2119 2118/2118 2117/2117
f 2119/2119 2120/2120 2118/2118
f 2121/2121 2120/2120 2119/2119
f 2121/2121 2111/2111 2120/2120
f 2113/2113 2111/2111 2121/2121
f 2118/2118 2122/2122 2088/2088
f 2118/2118 2123/2123 2122/2122
f 2120/2120 2123/2123 2118/2118
f 2120/2120 2109/2109 2123/2123
f 2111/2111 2109/2109 2120/2120
f 2123/2123 2081/2081 2122/2122
f 2123/2123 2107/2107 2081/2081
f 2109/2109 2107/2107 2123/2123
f 2107/2107 1907/1907 2081/2081
f 2124/2124 2117/2117 2090/2090
f 2124/2124 2125/2125 2117/2117
f 2126/2126 2125/2125 2124/2124
f 2126/2126 2127/2127 2125/2125
f 2128/2128 2127/2127 2126/2126
f 2128/2128 2129/2129 2127/2127
f 2130/2130 2129/2129 2128/2128
f 2125/2125 2119/2119 2117/2117
f 2125/2125 2131/2131 2119/2119
f 2127/2127 2131/2131 2125/2125
f 2127/2127 2132/2132 2131/2131
f 2129/2129 2132/2132 2127/2127
f 2131/2131 2121/2121 2119/2119
f 2131/2131 2133/2133 2121/2121
f 2132/2132 2133/2133 2131/2131
f 2133/2133 2113/2113 2121/2121
f 2136/2136 2135/2135 2134/2134
f 2136/2136 2137/2137 2135/2135
f 2138/2138 2137/2137 2136/2136
f 2138/2138 2139/2139 2137/2137
f 2140/2140 2139/2139 2138/2138
f 2140/2140 2141/2141 2139/2139
f 2142/2142 2141/2141 2140/2140
f 2137/2137 2143/2143 2135/2135
f 2137/2137 2144/2144 2143/2143
f 2139/2139 2144/2144 2137/2137
f 2139/2139 2145/2145 2144/2144
f 2141/2141 2145/2145 2139/2139
f 2144/2144 2146/2146 2143/2143
f 2144/2144 2147/2147 2146/2146
f 2145/2145 2147/2147 2144/2144
f 2147/2147 2148/2148 2146/2146
f 2149/2149 2141/2141 2142/2142
f 2149/2149 2150/2150 2141/2141
f 2151/2151 2150/2150 2149/2149
f 2151/2151 2152/2152 2150/2150
f 2153/2153 2152/2152 2151/2151
f 2153/2153 2154/2154 2152/2152
f 2155/2155 2154/2154 2153/2153
f 2150/2150 2145/2145 2141/2141
f 2150/2150 2156/2156 2145/2145
f 2152/2152 2156/2156 2150/2150
f 2152/2152 2157/2157 2156/2156
f 2154/2154 2157/2157 2152/2152
f 2156/2156 2147/2147 2145/2145
f 2156/2156 2158/2158 2147/2147
f 2157/2157 2158/2158 2156/2156
f 2158/2158 2148/2148 2147/2147
f 2160/2160 2159/2159 1989/1989
f 2160/2160 2161/2161 2159/2159
f 2162/2162 2161/2161 2160/2160
f 2162/2162 2163/2163 2161/2161
f 2164/2164 2163/2163 2162/2162
f 2164/2164 2165/2165 2163/2163
f 2166/2166 2165/2165 2164/2164
f 2161/2161 2167/2167 2159/2159
f 2161/2161 2168/2168 2167/2167
f 2163/2163 2168/2168 2161/2161
f 2163/2163 2169/2169 2168/2168
f 2165/2165 2169/2169 2163/2163
f 2168/2168 2170/2170 2167/2167
f 2168/2168 2171/2171 2170/2170
f 2169/2169 2171/2171 2168/2168
f 2171/2171 2172/2172 2170/2170
f 1996/1996 2160/2160 1989/1989
f 1996/1996 2173/2173 2160/2160
f 2004/2004 2173/2173 1996/1996
f 2004/2004 2174/2174 2173/2173
f 2007/2007 2174/2174 2004/2004
f 2007/2007 2175/2175 2174/2174
f 2009/2009 2175/2175 2007/2007
f 2173/2173 2162/2162 2160/2160
f 2173/2173 2176/2176 2162/2162
f 2174/2174 2176/2176 2173/2173
f 2174/2174 2177/2177 2176/2176
f 2175/2175 2177/2177 2174/2174
f 2176/2176 2164/2164 2162/2162
f 2176/2176 2178/2178 2164/2164
f 2177/2177 2178/2178 2176/2176
f 2178/2178 2166/2166 2164/2164
f 2180/2180 2179/2179 2172/2172
f 2180/2180 2181/2181 2179/2179
f 2182/2182 2181/2181 2180/2180
f 2182/2182 2183/2183 2181/2181
f 2184/2184 2183/2183 2182/2182
f 2184/2184 2135/2135 2183/2183
f 2134/2134 2135/2135 2184/2184
f 2181/2181 2185/2185 2179/2179
f 2181/2181 2186/2186 2185/2185
f 2183/2183 2186/2186 2181/2181
f 2183/2183 2143/2143 2186/2186
f 2135/2135 2143/2143 2183/2183
f 2186/2186 2187/2187 2185/2185
f 2186/2186 2146/2146 2187/2187
f 2143/2143 2146/2146 2186/2186
f 2146/2146 2148/2148 2187/2187
f 2171/2171 2180/2180 2172/2172
f 2171/2171 2188/2188 2180/2180
f 2169/2169 2188/2188 2171/2171
f 2169/2169 2189/2189 2188/2188
f 2165/2165 2189/2189 2169/2169
f 2165/2165 2190/2190 2189/2189
f 2166/2166 2190/2190 2165/2165
f 2188/2188 2182/2182 2180/2180
f 2188/2188 2191/2191 2182/2182
f 2189/2189 2191/2191 2188/2188
f 2189/2189 2192/2192 2191/2191
f 2190/2190 2192/2192 2189/2189
f 2191/2191 2184/2184 2182/2182
f 2191/2191 2193/2193 2184/2184
f 2192/2192 2193/2193 2191/2191
f 2193/2193 2134/2134 2184/2184
f 2026/2026 2194/2194 2025/2025
f 2026/2026 2195/2195 2194/2194
f 2029/2029 2195/2195 2026/2026
f 2029/2029 2196/2196 2195/2195
f 2031/2031 2196/2196 2029/2029
f 2031/2031 2197/2197 2196/2196
f 1989/1989 2197/2197 2031/2031
f 2195/2195 2198/2198 2194/2194
f 2195/2195 2199/2199 2198/2198
f 2196/2196 2199/2199 2195/2195
f 2196/2196 2200/2200 2199/2199
f 2197/2197 2200/2200 2196/2196
f 2199/2199 2201/2201 2198/2198
f 2199/2199 2202/2202 2201/2201
f 2200/2200 2202/2202 2199/2199
f 2202/2202 2203/2203 2201/2201
f 2202/2202 2204/2204 2203/2203
f 2202/2202 2205/2205 2204/2204
f 2200/2200 2205/2205 2202/2202
f 2200/2200 2206/2206 2205/2205
f 2197/2197 2206/2206 2200/2200
f 2197/2197 2207/2207 2206/2206
f 1989/1989 2207/2207 2197/2197
f 2205/2205 2208/2208 2204/2204
f 2205/2205 2209/2209 2208/2208
f 2206/2206 2209/2209 2205/2205
f 2206/2206 2167/2167 2209/2209
f 2207/2207 2167/2167 2206/2206
f 2209/2209 2210/2210 2208/2208
f 2209/2209 2170/2170 2210/2210
f 2167/2167 2170/2170 2209/2209
f 2170/2170 2172/2172 2210/2210
f 2042/2042 2211/2211 2041/2041
f 2042/2042 2212/2212 2211/2211
f 2046/2046 2212/2212 2042/2042
f 2046/2046 2213/2213 2212/2212
f 2048/2048 2213/2213 2046/2046
f 2048/2048 2214/2214 2213/2213
f 2025/2025 2214/2214 2048/2048
f 2212/2212 2215/2215 2211/2211
f 2212/2212 2216/2216 2215/2215
f 2213/2213 2216/2216 2212/2212
f 2213/2213 2217/2217 2216/2216
f 2214/2214 2217/2217 2213/2213
f 2216/2216 2218/2218 2215/2215
f 2216/2216 2219/2219 2218/2218
f 2217/2217 2219/2219 2216/2216
f 2219/2219 2220/2220 2218/2218
f 2219/2219 2221/2221 2220/2220
f 2219/2219 2222/2222 2221/2221
f 2217/2217 2222/2222 2219/2219
f 2217/2217 2223/2223 2222/2222
f 2214/2214 2223/2223 2217/2217
f 2214/2214 2194/2194 2223/2223
f 2025/2025 2194/2194 2214/2214
f 2222/2222 2224/2224 2221/2221
f 2222/2222 2225/2225 2224/2224
f 2223/2223 2225/2225 2222/2222
f 2223/2223 2198/2198 2225/2225
f 2194/2194 2198/2198 2223/2223
f 2225/2225 2226/2226 2224/2224
f 2225/2225 2201/2201 2226/2226
f 2198/2198 2201/2201 2225/2225
f 2201/2201 2203/2203 2226/2226
f 2059/2059 2227/2227 2058/2058
f 2059/2059 2228/2228 2227/2227
f 2062/2062 2228/2228 2059/2059
f 2062/2062 2229/2229 2228/2228
f 2064/2064 2229/2229 2062/2062
f 2064/2064 2230/2230 2229/2229
f 2041/2041 2230/2230 2064/2064
f 2228/2228 2231/2231 2227/2227
f 2228/2228 2232/2232 2231/2231
f 2229/2229 2232/2232 2228/2228
f 2229/2229 2233/2233 2232/2232
f 2230/2230 2233/2233 2229/2229
f 2232/2232 2234/2234 2231/2231
f 2232/2232 2235/2235 2234/2234
f 2233/2233 2235/2235 2232/2232
f 2235/2235 2236/2236 2234/2234
f 2235/2235 2237/2237 2236/2236
f 2235/2235 2238/2238 2237/2237
f 2233/2233 2238/2238 2235/2235
f 2233/2233 2239/2239 2238/2238
f 2230/2230 2239/2239 2233/2233
f 2230/2230 2211/2211 2239/2239
f 2041/2041 2211/2211 2230/2230
f 2238/2238 2240/2240 2237/2237
f 2238/2238 2241/2241 2240/2240
f 2239/2239 2241/2241 2238/2238
f 2239/2239 2242/2242 2241/2241
f 2211/2211 2242/2242 2239/2239
f 2241/2241 2243/2243 2240/2240
f 2241/2241 2218/2218 2243/2243
f 2242/2242 2218/2218 2241/2241
f 2218/2218 2220/2220 2243/2243
f 2075/2075 2244/2244 2074/2074
f 2075/2075 2245/2245 2244/2244
f 2078/2078 2245/2245 2075/2075
f 2078/2078 2246/2246 2245/2245
f 2080/2080 2246/2246 2078/2078
f 2080/2080 2247/2247 2246/2246
f 2058/2058 2247/2247 2080/2080
f 2245/2245 2248/2248 2244/2244
f 2245/2245 2249/2249 2248/2248
f 2246/2246 2249/2249 2245/2245
f 2246/2246 2250/2250 2249/2249
f 2247/2247 2250/2250 2246/2246
f 2249/2249 2251/2251 2248/2248
f 2249/2249 2252/2252 2251/2251
f 2250/2250 2252/2252 2249/2249
f 2252/2252 2253/2253 2251/2251
f 2252/2252 2254/2254 2253/2253
f 2252/2252 2255/2255 2254/2254
f 2250/2250 2255/2255 2252/2252
f 2250/2250 2256/2256 2255/2255
f 2247/2247 2256/2256 2250/2250
f 2247/2247 2227/2227 2256/2256
f 2058/2058 2227/2227 2247/2247
f 2255/2255 2257/2257 2254/2254
f 2255/2255 2258/2258 2257/2257
f 2256/2256 2258/2258 2255/2255
f 2256/2256 2231/2231 2258/2258
f 2227/2227 2231/2231 2256/2256
f 2258/2258 2259/2259 2257/2257
f 2258/2258 2234/2234 2259/2259
f 2231/2231 2234/2234 2258/2258
f 2234/2234 2236/2236 2259/2259
f 2091/2091 2260/2260 2090/2090
f 2091/2091 2261/2261 2260/2260
f 2094/2094 2261/2261 2091/2091
f 2094/2094 2262/2262 2261/2261
f 2096/2096 2262/2262 2094/2094
f 2096/2096 2263/2263 2262/2262
f 2074/2074 2263/2263 2096/2096
f 2261/2261 2264/2264 2260/2260
f 2261/2261 2265/2265 2264/2264
f 2262/2262 2265/2265 2261/2261
f 2262/2262 2266/2266 2265/2265
f 2263/2263 2266/2266 2262/2262
f 2265/2265 2267/2267 2264/2264
f 2265/2265 2268/2268 2267/2267
f 2266/2266 2268/2268 2265/2265
f 2268/2268 2269/2269 2267/2267
f 2268/2268 2270/2270 2269/2269
f 2268/2268 2271/2271 2270/2270
f 2266/2266 2271/2271 2268/2268
f 2266/2266 2272/2272 2271/2271
f 2263/2263 2272/2272 2266/2266
f 2263/2263 2244/2244 2272/2272
f 2074/2074 2244/2244 2263/2263
f 2271/2271 2273/2273 2270/2270
f 2271/2271 2274/2274 2273/2273
f 2272/2272 2274/2274 2271/2271
f 2272/2272 2248/2248 2274/2274
f 2244/2244 2248/2248 2272/2272
f 2274/2274 2275/2275 2273/2273
f 2274/2274 2251/2251 2275/2275
f 2248/2248 2251/2251 2274/2274
f 2251/2251 2253/2253 2275/2275
f 2278/2278 2277/2277 2276/2276
f 2278/2278 2279/2279 2277/2277
f 2280/2280 2279/2279 2278/2278
f 2280/2280 2281/2281 2279/2279
f 2282/2282 2281/2281 2280/2280
f 2282/2282 2128/2128 2281/2281
f 2130/2130 2128/2128 2282/2282
f 2279/2279 2283/2283 2277/2277
f 2279/2279 2284/2284 2283/2283
f 2281/2281 2284/2284 2279/2279
f 2281/2281 2126/2126 2284/2284
f 2128/2128 2126/2126 2281/2281
f 2284/2284 2285/2285 2283/2283
f 2284/2284 2124/2124 2285/2285
f 2126/2126 2124/2124 2284/2284
f 2124/2124 2090/2090 2285/2285
f 2286/2286 2267/2267 2269/2269
f 2286/2286 2287/2287 2267/2267
f 2288/2288 2287/2287 2286/2286
f 2288/2288 2289/2289 2287/2287
f 2290/2290 2289/2289 2288/2288
f 2290/2290 2277/2277 2289/2289
f 2276/2276 2277/2277 2290/2290
f 2287/2287 2291/2291 2267/2267
f 2287/2287 2292/2292 2291/2291
f 2289/2289 2292/2292 2287/2287
f 2289/2289 2283/2283 2292/2292
f 2277/2277 2283/2283 2289/2289
f 2292/2292 2260/2260 2291/2291
f 2292/2292 2285/2285 2260/2260
f 2283/2283 2285/2285 2292/2292
f 2285/2285 2090/2090 2260/2260
f 2293/2293 2286/2286 2269/2269
f 2293/2293 2294/2294 2286/2286
f 2295/2295 2294/2294 2293/2293
f 2295/2295 2296/2296 2294/2294
f 2297/2297 2296/2296 2295/2295
f 2297/2297 2298/2298 2296/2296
f 2299/2299 2298/2298 2297/2297
f 2294/2294 2288/2288 2286/2286
f 2294/2294 2300/2300 2288/2288
f 2296/2296 2300/2300 2294/2294
f 2296/2296 2301/2301 2300/2300
f 2298/2298 2301/2301 2296/2296
f 2300/2300 2290/2290 2288/2288
f 2300/2300 2302/2302 2290/2290
f 2301/2301 2302/2302 2300/2300
f 2302/2302 2276/2276 2290/2290
f 2304/2304 2303/2303 2148/2148
f 2304/2304 2305/2305 2303/2303
f 2306/2306 2305/2305 2304/2304
f 2306/2306 2307/2307 2305/2305
f 2308/2308 2307/2307 2306/2306
f 2308/2308 2309/2309 2307/2307
f 2310/2310 2309/2309 2308/2308
f 2305/2305 2311/2311 2303/2303
f 2305/2305 2312/2312 2311/2311
f 2307/2307 2312/2312 2305/2305
f 2307/2307 2313/2313 2312/2312
f 2309/2309 2313/2313 2307/2307
f 2312/2312 2314/2314 2311/2311
f 2312/2312 2315/2315 2314/2314
f 2313/2313 2315/2315 2312/2312
f 2315/2315 2316/2316 2314/2314
f 2158/2158 2304/2304 2148/2148
f 2158/2158 2317/2317 2304/2304
f 2157/2157 2317/2317 2158/2158
f 2157/2157 2318/2318 2317/2317
f 2154/2154 2318/2318 2157/2157
f 2154/2154 2319/2319 2318/2318
f 2155/2155 2319/2319 2154/2154
f 2317/2317 2306/2306 2304/2304
f 2317/2317 2320/2320 2306/2306
f 2318/2318 2320/2320 2317/2317
f 2318/2318 2321/2321 2320/2320
f 2319/2319 2321/2321 2318/2318
f 2320/2320 2308/2308 2306/2306
f 2320/2320 2322/2322 2308/2308
f 2321/2321 2322/2322 2320/2320
f 2322/2322 2310/2310 2308/2308
f 2324/2324 2323/2323 2316/2316
f 2324/2324 2325/2325 2323/2323
f 2326/2326 2325/2325 2324/2324
f 2326/2326 2327/2327 2325/2325
f 2328/2328 2327/2327 2326/2326
f 2328/2328 2329/2329 2327/2327
f 2330/2330 2329/2329 2328/2328
f 2325/2325 2331/2331 2323/2323
f 2325/2325 2332/2332 2331/2331
f 2327/2327 2332/2332 2325/2325
f 2327/2327 2333/2333 2332/2332
f 2329/2329 2333/2333 2327/2327
f 2332/2332 2334/2334 2331/2331
f 2332/2332 2335/2335 2334/2334
f 2333/2333 2335/2335 2332/2332
f 2335/2335 2336/2336 2334/2334
f 2315/2315 2324/2324 2316/2316
f 2315/2315 2337/2337 2324/2324
f 2313/2313 2337/2337 2315/2315
f 2313/2313 2338/2338 2337/2337
f 2309/2309 2338/2338 2313/2313
f 2309/2309 2339/2339 2338/2338
f 2310/2310 2339/2339 2309/2309
f 2337/2337 2326/2326 2324/2324
f 2337/2337 2340/2340 2326/2326
f 2338/2338 2340/2340 2337/2337
f 2338/2338 2341/2341 2340/2340
f 2339/2339 2341/2341 2338/2338
f 2340/2340 2328/2328 2326/2326
f 2340/2340 2342/2342 2328/2328
f 2341/2341 2342/2342 2340/2340
f 2342/2342 2330/2330 2328/2328
f 2179/2179 2343/2343 2172/2172
f 2179/2179 2344/2344 2343/2343
f 2185/2185 2344/2344 2179/2179
f 2185/2185 2345/2345 2344/2344
f 2187/2187 2345/2345 2185/2185
f 2187/2187 2346/2346 2345/2345
f 2148/2148 2346/2346 2187/2187
f 2344/2344 2347/2347 2343/2343
f 2344/2344 2348/2348 2347/2347
f 2345/2345 2348/2348 2344/2344
f 2345/2345 2349/2349 2348/2348
f 2346/2346 2349/2349 2345/2345
f 2348/2348 2350/2350 2347/2347
f 2348/2348 2351/2351 2350/2350
f 2349/2349 2351/2351 2348/2348
f 2351/2351 2352/2352 2350/2350
f 2351/2351 2353/2353 2352/2352
f 2351/2351 2354/2354 2353/2353
f 2349/2349 2354/2354 2351/2351
f 2349/2349 2355/2355 2354/2354
f 2346/2346 2355/2355 2349/2349
f 2346/2346 2303/2303 2355/2355
f 2148/2148 2303/2303 2346/2346
f 2354/2354 2356/2356 2353/2353
f 2354/2354 2357/2357 2356/2356
f 2355/2355 2357/2357 2354/2354
f 2355/2355 2311/2311 2357/2357
f 2303/2303 2311/2311 2355/2355
f 2357/2357 2358/2358 2356/2356
f 2357/2357 2314/2314 2358/2358
f 2311/2311 2314/2314 2357/2357
f 2314/2314 2316/2316 2358/2358
f 2360/2360 2359/2359 2203/2203
f 2360/2360 2361/2361 2359/2359
f 2208/2208 2361/2361 2360/2360
f 2208/2208 2362/2362 2361/2361
f 2210/2210 2362/2362 2208/2208
f 2210/2210 2363/2363 2362/2362
f 2172/2172 2363/2363 2210/2210
f 2361/2361 2364/2364 2359/2359
f 2361/2361 2365/2365 2364/2364
f 2362/2362 2365/2365 2361/2361
f 2362/2362 2366/2366 2365/2365
f 2363/2363 2366/2366 2362/2362
f 2365/2365 2367/2367 2364/2364
f 2365/2365 2368/2368 2367/2367
f 2366/2366 2368/2368 2365/2365
f 2368/2368 2369/2369 2367/2367
f 2368/2368 2370/2370 2369/2369
f 2368/2368 2371/2371 2370/2370
f 2366/2366 2371/2371 2368/2368
f 2366/2366 2372/2372 2371/2371
f 2363/2363 2372/2372 2366/2366
f 2363/2363 2343/2343 2372/2372
f 2172/2172 2343/2343 2363/2363
f 2371/2371 2373/2373 2370/2370
f 2371/2371 2374/2374 2373/2373
f 2372/2372 2374/2374 2371/2371
f 2372/2372 2347/2347 2374/2374
f 2343/2343 2347/2347 2372/2372
f 2374/2374 2375/2375 2373/2373
f 2374/2374 2350/2350 2375/2375
f 2347/2347 2350/2350 2374/2374
f 2350/2350 2352/2352 2375/2375
f 2221/2221 2376/2376 2220/2220
f 2221/2221 2377/2377 2376/2376
f 2224/2224 2377/2377 2221/2221
f 2224/2224 2378/2378 2377/2377
f 2226/2226 2378/2378 2224/2224
f 2226/2226 2379/2379 2378/2378
f 2203/2203 2379/2379 2226/2226
f 2377/2377 2380/2380 2376/2376
f 2377/2377 2381/2381 2380/2380
f 2378/2378 2381/2381 2377/2377
f 2378/2378 2382/2382 2381/2381
f 2379/2379 2382/2382 2378/2378
f 2381/2381 2383/2383 2380/2380
f 2381/2381 2384/2384 2383/2383
f 2382/2382 2384/2384 2381/2381
f 2384/2384 2385/2385 2383/2383
f 2384/2384 2386/2386 2385/2385
f 2384/2384 2387/2387 2386/2386
f 2382/2382 2387/2387 2384/2384
f 2382/2382 2388/2388 2387/2387
f 2379/2379 2388/2388 2382/2382
f 2379/2379 2359/2359 2388/2388
f 2203/2203 2359/2359 2379/2379
f 2387/2387 2389/2389 2386/2386
f 2387/2387 2390/2390 2389/2389
f 2388/2388 2390/2390 2387/2387
f 2388/2388 2364/2364 2390/2390
f 2359/2359 2364/2364 2388/2388
f 2390/2390 2391/2391 2389/2389
f 2390/2390 2367/2367 2391/2391
f 2364/2364 2367/2367 2390/2390
f 2367/2367 2369/2369 2391/2391
f 2237/2237 2392/2392 2236/2236
f 2237/2237 2393/2393 2392/2392
f 2240/2240 2393/2393 2237/2237
f 2240/2240 2394/2394 2393/2393
f 2243/2243 2394/2394 2240/2240
f 2243/2243 2395/2395 2394/2394
f 2220/2220 2395/2395 2243/2243
f 2393/2393 2396/2396 2392/2392
f 2393/2393 2397/2397 2396/2396
f 2394/2394 2397/2397 2393/2393
f 2394/2394 2398/2398 2397/2397
f 2395/2395 2398/2398 2394/2394
f 2397/2397 2399/2399 2396/2396
f 2397/2397 2400/2400 2399/2399
f 2398/2398 2400/2400 2397/2397
f 2400/2400 2401/2401 2399/2399
f 2400/2400 2402/2402 2401/2401
f 2400/2400 2403/2403 2402/2402
f 2398/2398 2403/2403 2400/2400
f 2398/2398 2404/2404 2403/2403
f 2395/2395 2404/2404 2398/2398
f 2395/2395 2376/2376 2404/2404
f 2220/2220 2376/2376 2395/2395
f 2403/2403 2405/2405 2402/2402
f 2403/2403 2406/2406 2405/2405
f 2404/2404 2406/2406 2403/2403
f 2404/2404 2380/2380 2406/2406
f 2376/2376 2380/2380 2404/2404
f 2406/2406 2407/2407 2405/2405
f 2406/2406 2383/2383 2407/2407
f 2380/2380 2383/2383 2406/2406
f 2383/2383 2385/2385 2407/2407
f 2254/2254 2408/2408 2253/2253
f 2254/2254 2409/2409 2408/2408
f 2257/2257 2409/2409 2254/2254
f 2257/2257 2410/2410 2409/2409
f 2259/2259 2410/2410 2257/2257
f 2259/2259 2411/2411 2410/2410
f 2236/2236 2411/2411 2259/2259
f 2409/2409 2412/2412 2408/2408
f 2409/2409 2413/2413 2412/2412
f 2410/2410 2413/2413 2409/2409
f 2410/2410 2414/2414 2413/2413
f 2411/2411 2414/2414 2410/2410
f 2413/2413 2415/2415 2412/2412
f 2413/2413 2416/2416 2415/2415
f 2414/2414 2416/2416 2413/2413
f 2416/2416 2417/2417 2415/2415
f 2416/2416 2418/2418 2417/2417
f 2416/2416 2419/2419 2418/2418
f 2414/2414 2419/2419 2416/2416
f 2414/2414 2420/2420 2419/2419
f 2411/2411 2420/2420 2414/2414
f 2411/2411 2392/2392 2420/2420
f 2236/2236 2392/2392 2411/2411
f 2419/2419 2421/2421 2418/2418
f 2419/2419 2422/2422 2421/2421
f 2420/2420 2422/2422 2419/2419
f 2420/2420 2396/2396 2422/2422
f 2392/2392 2396/2396 2420/2420
f 2422/2422 2423/2423 2421/2421
f 2422/2422 2399/2399 2423/2423
f 2396/2396 2399/2399 2422/2422
f 2399/2399 2401/2401 2423/2423
f 2270/2270 2424/2424 2269/2269
f 2270/2270 2425/2425 2424/2424
f 2273/2273 2425/2425 2270/2270
f 2273/2273 2426/2426 2425/2425
f 2275/2275 2426/2426 2273/2273
f 2275/2275 2427/2427 2426/2426
f 2253/2253 2427/2427 2275/2275
f 2425/2425 2428/2428 2424/2424
f 2425/2425 2429/2429 2428/2428
f 2426/2426 2429/2429 2425/2425
f 2426/2426 2430/2430 2429/2429
f 2427/2427 2430/2430 2426/2426
f 2429/2429 2431/2431 2428/2428
f 2429/2429 2432/2432 2431/2431
f 2430/2430 2432/2432 2429/2429
f 2432/2432 2433/2433 2431/2431
f 2432/2432 2434/2434 2433/2433
f 2432/2432 2435/2435 2434/2434
f 2430/2430 2435/2435 2432/2432
f 2430/2430 2436/2436 2435/2435
f 2427/2427 2436/2436 2430/2430
f 2427/2427 2408/2408 2436/2436
f 2253/2253 2408/2408 2427/2427
f 2435/2435 2437/2437 2434/2434
f 2435/2435 2438/2438 2437/2437
f 2436/2436 2438/2438 2435/2435
f 2436/2436 2412/2412 2438/2438
f 2408/2408 2412/2412 2436/2436
f 2438/2438 2439/2439 2437/2437
f 2438/2438 2415/2415 2439/2439
f 2412/2412 2415/2415 2438/2438
f 2415/2415 2417/2417 2439/2439
f 2442/2442 2441/2441 2440/2440
f 2442/2442 2443/2443 2441/2441
f 2444/2444 2443/2443 2442/2442
f 2444/2444 2445/2445 2443/2443
f 2446/2446 2445/2445 2444/2444
f 2446/2446 2297/2297 2445/2445
f 2299/2299 2297/2297 2446/2446
f 2443/2443 2447/2447 2441/2441
f 2443/2443 2448/2448 2447/2447
f 2445/2445 2448/2448 2443/2443
f 2445/2445 2295/2295 2448/2448
f 2297/2297 2295/2295 2445/2445
f 2448/2448 2449/2449 2447/2447
f 2448/2448 2293/2293 2449/2449
f 2295/2295 2293/2293 2448/2448
f 2293/2293 2269/2269 2449/2449
f 2450/2450 2431/2431 2433/2433
f 2450/2450 2451/2451 2431/2431
f 2452/2452 2451/2451 2450/2450
f 2452/2452 2453/2453 2451/2451
f 2454/2454 2453/2453 2452/2452
f 2454/2454 2441/2441 2453/2453
f 2440/2440 2441/2441 2454/2454
f 2451/2451 2428/2428 2431/2431
f 2451/2451 2455/2455 2428/2428
f 2453/2453 2455/2455 2451/2451
f 2453/2453 2447/2447 2455/2455
f 2441/2441 2447/2447 2453/2453
f 2455/2455 2424/2424 2428/2428
f 2455/2455 2449/2449 2424/2424
f 2447/2447 2449/2449 2455/2455
f 2449/2449 2269/2269 2424/2424
f 2456/2456 2450/2450 2433/2433
f 2456/2456 2457/2457 2450/2450
f 2458/2458 2457/2457 2456/2456
f 2458/2458 2459/2459 2457/2457
f 2460/2460 2459/2459 2458/2458
f 2460/2460 2461/2461 2459/2459
f 2462/2462 2461/2461 2460/2460
f 2457/2457 2452/2452 2450/2450
f 2457/2457 2463/2463 2452/2452
f 2459/2459 2463/2463 2457/2457
f 2459/2459 2464/2464 2463/2463
f 2461/2461 2464/2464 2459/2459
f 2463/2463 2454/2454 2452/2452
f 2463/2463 2465/2465 2454/2454
f 2464/2464 2465/2465 2463/2463
f 2465/2465 2440/2440 2454/2454
f 2466/2466 2456/2456 2433/2433
f 2466/2466 2467/2467 2456/2456
f 2468/2468 2467/2467 2466/2466
f 2468/2468 2469/2469 2467/2467
f 2470/2470 2469/2469 2468/2468
f 2470/2470 2471/2471 2469/2469
f 2472/2472 2471/2471 2470/2470
f 2467/2467 2458/2458 2456/2456
f 2467/2467 2473/2473 2458/2458
f 2469/2469 2473/2473 2467/2467
f 2469/2469 2474/2474 2473/2473
f 2471/2471 2474/2474 2469/2469
f 2473/2473 2460/2460 2458/2458
f 2473/2473 2475/2475 2460/2460
f 2474/2474 2475/2475 2473/2473
f 2475/2475 2462/2462 2460/2460
f 2477/2477 2476/2476 2316/2316
f 2477/2477 2478/2478 2476/2476
f 2479/2479 2478/2478 2477/2477
f 2479/2479 2480/2480 2478/2478
f 2481/2481 2480/2480 2479/2479
f 2481/2481 2482/2482 2480/2480
f 2483/2483 2482/2482 2481/2481
f 2478/2478 2484/2484 2476/2476
f 2478/2478 2485/2485 2484/2484
f 2480/2480 2485/2485 2478/2478
f 2480/2480 2486/2486 2485/2485
f 2482/2482 2486/2486 2480/2480
f 2485/2485 2487/2487 2484/2484
f 2485/2485 2488/2488 2487/2487
f 2486/2486 2488/2488 2485/2485
f 2488/2488 2489/2489 2487/2487
f 2323/2323 2477/2477 2316/2316
f 2323/2323 2490/2490 2477/2477
f 2331/2331 2490/2490 2323/2323
f 2331/2331 2491/2491 2490/2490
f 2334/2334 2491/2491 2331/2331
f 2334/2334 2492/2492 2491/2491
f 2336/2336 2492/2492 2334/2334
f 2490/2490 2479/2479 2477/2477
f 2490/2490 2493/2493 2479/2479
f 2491/2491 2493/2493 2490/2490
f 2491/2491 2494/2494 2493/2493
f 2492/2492 2494/2494 2491/2491
f 2493/2493 2481/2481 2479/2479
f 2493/2493 2495/2495 2481/2481
f 2494/2494 2495/2495 2493/2493
f 2495/2495 2483/2483 2481/2481
f 2496/2496 2482/2482 2483/2483
f 2496/2496 2497/2497 2482/2482
f 2498/2498 2497/2497 2496/2496
f 2498/2498 2499/2499 2497/2497
f 2500/2500 2499/2499 2498/2498
f 2500/2500 2501/2501 2499/2499
f 2502/2502 2501/2501 2500/2500
f 2497/2497 2486/2486 2482/2482
f 2497/2497 2503/2503 2486/2486
f 2499/2499 2503/2503 2497/2497
f 2499/2499 2504/2504 2503/2503
f 2501/2501 2504/2504 2499/2499
f 2503/2503 2488/2488 2486/2486
f 2503/2503 2505/2505 2488/2488
f 2504/2504 2505/2505 2503/2503
f 2505/2505 2489/2489 2488/2488
f 2353/2353 2506/2506 2352/2352
f 2353/2353 2507/2507 2506/2506
f 2356/2356 2507/2507 2353/2353
f 2356/2356 2508/2508 2507/2507
f 2358/2358 2508/2508 2356/2356
f 2358/2358 2509/2509 2508/2508
f 2316/2316 2509/2509 2358/2358
f 2507/2507 2510/2510 2506/2506
f 2507/2507 2511/2511 2510/2510
f 2508/2508 2511/2511 2507/2507
f 2508/2508 2512/2512 2511/2511
f 2509/2509 2512/2512 2508/2508
f 2511/2511 2513/2513 2510/2510
f 2511/2511 2514/2514 2513/2513
f 2512/2512 2514/2514 2511/2511
f 2514/2514 2515/2515 2513/2513
f 2514/2514 2516/2516 2515/2515
f 2514/2514 2517/2517 2516/2516
f 2512/2512 2517/2517 2514/2514
f 2512/2512 2518/2518 2517/2517
f 2509/2509 2518/2518 2512/2512
f 2509/2509 2476/2476 2518/2518
f 2316/2316 2476/2476 2509/2509
f 2517/2517 2519/2519 2516/2516
f 2517/2517 2520/2520 2519/2519
f 2518/2518 2520/2520 2517/2517
f 2518/2518 2484/2484 2520/2520
f 2476/2476 2484/2484 2518/2518
f 2520/2520 2521/2521 2519/2519
f 2520/2520 2487/2487 2521/2521
f 2484/2484 2487/2487 2520/2520
f 2487/2487 2489/2489 2521/2521
f 2370/2370 2522/2522 2369/2369
f 2370/2370 2523/2523 2522/2522
f 2373/2373 2523/2523 2370/2370
f 2373/2373 2524/2524 2523/2523
f 2375/2375 2524/2524 2373/2373
f 2375/2375 2525/2525 2524/2524
f 2352/2352 2525/2525 2375/2375
f 2523/2523 2526/2526 2522/2522
f 2523/2523 2527/2527 2526/2526
f 2524/2524 2527/2527 2523/2523
f 2524/2524 2528/2528 2527/2527
f 2525/2525 2528/2528 2524/2524
f 2527/2527 2529/2529 2526/2526
f 2527/2527 2530/2530 2529/2529
f 2528/2528 2530/2530 2527/2527
f 2530/2530 2531/2531 2529/2529
f 2530/2530 2532/2532 2531/2531
f 2530/2530 2533/2533 2532/2532
f 2528/2528 2533/2533 2530/2530
f 2528/2528 2534/2534 2533/2533
f 2525/2525 2534/2534 2528/2528
f 2525/2525 2506/2506 2534/2534
f 2352/2352 2506/2506 2525/2525
f 2533/2533 2535/2535 2532/2532
f 2533/2533 2536/2536 2535/2535
f 2534/2534 2536/2536 2533/2533
f 2534/2534 2510/2510 2536/2536
f 2506/2506 2510/2510 2534/2534
f 2536/2536 2537/2537 2535/2535
f 2536/2536 2513/2513 2537/2537
f 2510/2510 2513/2513 2536/2536
f 2513/2513 2515/2515 2537/2537
f 2386/2386 2538/2538 2385/2385
f 2386/2386 2539/2539 2538/2538
f 2389/2389 2539/2539 2386/2386
f 2389/2389 2540/2540 2539/2539
f 2391/2391 2540/2540 2389/2389
f 2391/2391 2541/2541 2540/2540
f 2369/2369 2541/2541 2391/2391
f 2539/2539 2542/2542 2538/2538
f 2539/2539 2543/2543 2542/2542
f 2540/2540 2543/2543 2539/2539
f 2540/2540 2544/2544 2543/2543
f 2541/2541 2544/2544 2540/2540
f 2543/2543 2545/2545 2542/2542
f 2543/2543 2546/2546 2545/2545
f 2544/2544 2546/2546 2543/2543
f 2546/2546 2547/2547 2545/2545
f 2546/2546 2548/2548 2547/2547
f 2546/2546 2549/2549 2548/2548
f 2544/2544 2549/2549 2546/2546
f 2544/2544 2550/2550 2549/2549
f 2541/2541 2550/2550 2544/2544
f 2541/2541 2522/2522 2550/2550
f 2369/2369 2522/2522 2541/2541
f 2549/2549 2551/2551 2548/2548
f 2549/2549 2552/2552 2551/2551
f 2550/2550 2552/2552 2549/2549
f 2550/2550 2526/2526 2552/2552
f 2522/2522 2526/2526 2550/2550
f 2552/2552 2553/2553 2551/2551
f 2552/2552 2529/2529 2553/2553
f 2526/2526 2529/2529 2552/2552
f 2529/2529 2531/2531 2553/2553
f 2402/2402 2554/2554 2401/2401
f 2402/2402 2555/2555 2554/2554
f 2405/2405 2555/2555 2402/2402
f 2405/2405 2556/2556 2555/2555
f 2407/2407 2556/2556 2405/2405
f 2407/2407 2557/2557 2556/2556
f 2385/2385 2557/2557 2407/2407
f 2555/2555 2558/2558 2554/2554
f 2555/2555 2559/2559 2558/2558
f 2556/2556 2559/2559 2555/2555
f 2556/2556 2560/2560 2559/2559
f 2557/2557 2560/2560 2556/2556
f 2559/2559 2561/2561 2558/2558
f 2559/2559 2562/2562 2561/2561
f 2560/2560 2562/2562 2559/2559
f 2562/2562 2563/2563 2561/2561
f 2562/2562 2564/2564 2563/2563
f 2562/2562 2565/2565 2564/2564
f 2560/2560 2565/2565 2562/2562
f 2560/2560 2566/2566 2565/2565
f 2557/2557 2566/2566 2560/2560
f 2557/2557 2538/2538 2566/2566
f 2385/2385 2538/2538 2557/2557
f 2565/2565 2567/2567 2564/2564
f 2565/2565 2568/2568 2567/2567
f 2566/2566 2568/2568 2565/2565
f 2566/2566 2542/2542 2568/2568
f 2538/2538 2542/2542 2566/2566
f 2568/2568 2569/2569 2567/2567
f 2568/2568 2545/2545 2569/2569
f 2542/2542 2545/2545 2568/2568
f 2545/2545 2547/2547 2569/2569
f 2418/2418 2570/2570 2417/2417
f 2418/2418 2571/2571 2570/2570
f 2421/2421 2571/2571 2418/2418
f 2421/2421 2572/2572 2571/2571
f 2423/2423 2572/2572 2421/2421
f 2423/2423 2573/2573 2572/2572
f 2401/2401 2573/2573 2423/2423
f 2571/2571 2574/2574 2570/2570
f 2571/2571 2575/2575 2574/2574
f 2572/2572 2575/2575 2571/2571
f 2572/2572 2576/2576 2575/2575
f 2573/2573 2576/2576 2572/2572
f 2575/2575 2577/2577 2574/2574
f 2575/2575 2578/2578 2577/2577
f 2576/2576 2578/2578 2575/2575
f 2578/2578 2579/2579 2577/2577
f 2578/2578 2580/2580 2579/2579
f 2578/2578 2581/2581 2580/2580
f 2576/2576 2581/2581 2578/2578
f 2576/2576 2582/2582 2581/2581
f 2573/2573 2582/2582 2576/2576
f 2573/2573 2554/2554 2582/2582
f 2401/2401 2554/2554 2573/2573
f 2581/2581 2583/2583 2580/2580
f 2581/2581 2584/2584 2583/2583
f 2582/2582 2584/2584 2581/2581
f 2582/2582 2558/2558 2584/2584
f 2554/2554 2558/2558 2582/2582
f 2584/2584 2585/2585 2583/2583
f 2584/2584 2561/2561 2585/2585
f 2558/2558 2561/2561 2584/2584
f 2561/2561 2563/2563 2585/2585
f 2586/2586 2439/2439 2417/2417
f 2586/2586 2587/2587 2439/2439
f 2588/2588 2587/2587 2586/2586
f 2588/2588 2589/2589 2587/2587
f 2590/2590 2589/2589 2588/2588
f 2590/2590 2591/2591 2589/2589
f 2592/2592 2591/2591 2590/2590
f 2587/2587 2437/2437 2439/2439
f 2587/2587 2593/2593 2437/2437
f 2589/2589 2593/2593 2587/2587
f 2589/2589 2594/2594 2593/2593
f 2591/2591 2594/2594 2589/2589
f 2593/2593 2434/2434 2437/2437
f 2593/2593 2595/2595 2434/2434
f 2594/2594 2595/2595 2593/2593
f 2595/2595 2433/2433 2434/2434
f 2596/2596 2586/2586 2417/2417
f 2596/2596 2597/2597 2586/2586
f 2598/2598 2597/2597 2596/2596
f 2598/2598 2599/2599 2597/2597
f 2600/2600 2599/2599 2598/2598
f 2600/2600 2601/2601 2599/2599
f 2602/2602 2601/2601 2600/2600
f 2597/2597 2588/2588 2586/2586
f 2597/2597 2603/2603 2588/2588
f 2599/2599 2603/2603 2597/2597
f 2599/2599 2604/2604 2603/2603
f 2601/2601 2604/2604 2599/2599
f 2603/2603 2590/2590 2588/2588
f 2603/2603 2605/2605 2590/2590
f 2604/2604 2605/2605 2603/2603
f 2605/2605 2592/2592 2590/2590
f 2606/2606 2596/2596 2417/2417
f 2606/2606 2607/2607 2596/2596
f 2608/2608 2607/2607 2606/2606
f 2608/2608 2609/2609 2607/2607
f 2610/2610 2609/2609 2608/2608
f 2610/2610 2611/2611 2609/2609
f 2612/2612 2611/2611 2610/2610
f 2607/2607 2598/2598 2596/2596
f 2607/2607 2613/2613 2598/2598
f 2609/2609 2613/2613 2607/2607
f 2609/2609 2614/2614 2613/2613
f 2611/2611 2614/2614 2609/2609
f 2613/2613 2600/2600 2598/2598
f 2613/2613 2615/2615 2600/2600
f 2614/2614 2615/2615 2613/2613
f 2615/2615 2602/2602 2600/2600
f 2616/2616 2577/2577 2579/2579
f 2616/2616 2617/2617 2577/2577
f 2618/2618 2617/2617 2616/2616
f 2618/2618 2619/2619 2617/2617
f 2620/2620 2619/2619 2618/2618
f 2620/2620 2610/2610 2619/2619
f 2612/2612 2610/2610 2620/2620
f 2617/2617 2574/2574 2577/2577
f 2617/2617 2621/2621 2574/2574
f 2619/2619 2621/2621 2617/2617
f 2619/2619 2608/2608 2621/2621
f 2610/2610 2608/2608 2619/2619
f 2621/2621 2570/2570 2574/2574
f 2621/2621 2606/2606 2570/2570
f 2608/2608 2606/2606 2621/2621
f 2606/2606 2417/2417 2570/2570
f 2622/2622 2616/2616 2579/2579
f 2622/2622 2623/2623 2616/2616
f 2624/2624 2623/2623 2622/2622
f 2624/2624 2625/2625 2623/2623
f 2626/2626 2625/2625 2624/2624
f 2626/2626 2627/2627 2625/2625
f 2628/2628 2627/2627 2626/2626
f 2623/2623 2618/2618 2616/2616
f 2623/2623 2629/2629 2618/2618
f 2625/2625 2629/2629 2623/2623
f 2625/2625 2630/2630 2629/2629
f 2627/2627 2630/2630 2625/2625
f 2629/2629 2620/2620 2618/2618
f 2629/2629 2631/2631 2620/2620
f 2630/2630 2631/2631 2629/2629
f 2631/2631 2612/2612 2620/2620
f 2634/2634 2633/2633 2632/2632
f 2634/2634 2635/2635 2633/2633
f 2636/2636 2635/2635 2634/2634
f 2636/2636 2637/2637 2635/2635
f 2638/2638 2637/2637 2636/2636
f 2638/2638 2470/2470 2637/2637
f 2472/2472 2470/2470 2638/2638
f 2635/2635 2639/2639 2633/2633
f 2635/2635 2640/2640 2639/2639
f 2637/2637 2640/2640 2635/2635
f 2637/2637 2468/2468 2640/2640
f 2470/2470 2468/2468 2637/2637
f 2640/2640 2641/2641 2639/2639
f 2640/2640 2466/2466 2641/2641
f 2468/2468 2466/2466 2640/2640
f 2466/2466 2433/2433 2641/2641
f 2642/2642 2591/2591 2592/2592
f 2642/2642 2643/2643 2591/2591
f 2644/2644 2643/2643 2642/2642
f 2644/2644 2645/2645 2643/2643
f 2646/2646 2645/2645 2644/2644
f 2646/2646 2633/2633 2645/2645
f 2632/2632 2633/2633 2646/2646
f 2643/2643 2594/2594 2591/2591
f 2643/2643 2647/2647 2594/2594
f 2645/2645 2647/2647 2643/2643
f 2645/2645 2639/2639 2647/2647
f 2633/2633 2639/2639 2645/2645
f 2647/2647 2595/2595 2594/2594
f 2647/2647 2641/2641 2595/2595
f 2639/2639 2641/2641 2647/2647
f 2641/2641 2433/2433 2595/2595
f 2649/2649 2648/2648 2489/2489
f 2649/2649 2650/2650 2648/2648
f 2651/2651 2650/2650 2649/2649
f 2651/2651 2652/2652 2650/2650
f 2653/2653 2652/2652 2651/2651
f 2653/2653 2654/2654 2652/2652
f 2655/2655 2654/2654 2653/2653
f 2650/2650 2656/2656 2648/2648
f 2650/2650 2657/2657 2656/2656
f 2652/2652 2657/2657 2650/2650
f 2652/2652 2658/2658 2657/2657
f 2654/2654 2658/2658 2652/2652
f 2657/2657 2659/2659 2656/2656
f 2657/2657 2660/2660 2659/2659
f 2658/2658 2660/2660 2657/2657
f 2660/2660 2661/2661 2659/2659
f 2505/2505 2649/2649 2489/2489
f 2505/2505 2662/2662 2649/2649
f 2504/2504 2662/2662 2505/2505
f 2504/2504 2663/2663 2662/2662
f 2501/2501 2663/2663 2504/2504
f 2501/2501 2664/2664 2663/2663
f 2502/2502 2664/2664 2501/2501
f 2662/2662 2651/2651 2649/2649
f 2662/2662 2665/2665 2651/2651
f 2663/2663 2665/2665 2662/2662
f 2663/2663 2666/2666 2665/2665
f 2664/2664 2666/2666 2663/2663
f 2665/2665 2653/2653 2651/2651
f 2665/2665 2667/2667 2653/2653
f 2666/2666 2667/2667 2665/2665
f 2667/2667 2655/2655 2653/2653
f 2669/2669 2668/2668 2661/2661
f 2669/2669 2670/2670 2668/2668
f 2671/2671 2670/2670 2669/2669
f 2671/2671 2672/2672 2670/2670
f 2673/2673 2672/2672 2671/2671
f 2673/2673 2674/2674 2672/2672
f 2675/2675 2674/2674 2673/2673
f 2670/2670 2676/2676 2668/2668
f 2670/2670 2677/2677 2676/2676
f 2672/2672 2677/2677 2670/2670
f 2672/2672 2678/2678 2677/2677
f 2674/2674 2678/2678 2672/2672
f 2677/2677 2679/2679 2676/2676
f 2677/2677 2680/2680 2679/2679
f 2678/2678 2680/2680 2677/2677
f 2680/2680 2681/2681 2679/2679
f 2660/2660 2669/2669 2661/2661
f 2660/2660 2682/2682 2669/2669
f 2658/2658 2682/2682 2660/2660
f 2658/2658 2683/2683 2682/2682
f 2654/2654 2683/2683 2658/2658
f 2654/2654 2684/2684 2683/2683
f 2655/2655 2684/2684 2654/2654
f 2682/2682 2671/2671 2669/2669
f 2682/2682 2685/2685 2671/2671
f 2683/2683 2685/2685 2682/2682
f 2683/2683 2686/2686 2685/2685
f 2684/2684 2686/2686 2683/2683
f 2685/2685 2673/2673 2671/2671
f 2685/2685 2687/2687 2673/2673
f 2686/2686 2687/2687 2685/2685
f 2687/2687 2675/2675 2673/2673
f 2516/2516 2688/2688 2515/2515
f 2516/2516 2689/2689 2688/2688
f 2519/2519 2689/2689 2516/2516
f 2519/2519 2690/2690 2689/2689
f 2521/2521 2690/2690 2519/2519
f 2521/2521 2691/2691 2690/2690
f 2489/2489 2691/2691 2521/2521
f 2689/2689 2692/2692 2688/2688
f 2689/2689 2693/2693 2692/2692
f 2690/2690 2693/2693 2689/2689
f 2690/2690 2694/2694 2693/2693
f 2691/2691 2694/2694 2690/2690
f 2693/2693 2695/2695 2692/2692
f 2693/2693 2696/2696 2695/2695
f 2694/2694 2696/2696 2693/2693
f 2696/2696 2697/2697 2695/2695
f 2696/2696 2698/2698 2697/2697
f 2696/2696 2699/2699 2698/2698
f 2694/2694 2699/2699 2696/2696
f 2694/2694 2700/2700 2699/2699
f 2691/2691 2700/2700 2694/2694
f 2691/2691 2648/2648 2700/2700
f 2489/2489 2648/2648 2691/2691
f 2699/2699 2701/2701 2698/2698
f 2699/2699 2702/2702 2701/2701
f 2700/2700 2702/2702 2699/2699
f 2700/2700 2656/2656 2702/2702
f 2648/2648 2656/2656 2700/2700
f 2702/2702 2703/2703 2701/2701
f 2702/2702 2659/2659 2703/2703
f 2656/2656 2659/2659 2702/2702
f 2659/2659 2661/2661 2703/2703
f 2532/2532 2704/2704 2531/2531
f 2532/2532 2705/2705 2704/2704
f 2535/2535 2705/2705 2532/2532
f 2535/2535 2706/2706 2705/2705
f 2537/2537 2706/2706 2535/2535
f 2537/2537 2707/2707 2706/2706
f 2515/2515 2707/2707 2537/2537
f 2705/2705 2708/2708 2704/2704
f 2705/2705 2709/2709 2708/2708
f 2706/2706 2709/2709 2705/2705
f 2706/2706 2710/2710 2709/2709
f 2707/2707 2710/2710 2706/2706
f 2709/2709 2711/2711 2708/2708
f 2709/2709 2712/2712 2711/2711
f 2710/2710 2712/2712 2709/2709
f 2712/2712 2713/2713 2711/2711
f 2712/2712 2714/2714 2713/2713
f 2712/2712 2715/2715 2714/2714
f 2710/2710 2715/2715 2712/2712
f 2710/2710 2716/2716 2715/2715
f 2707/2707 2716/2716 2710/2710
f 2707/2707 2688/2688 2716/2716
f 2515/2515 2688/2688 2707/2707
f 2715/2715 2717/2717 2714/2714
f 2715/2715 2718/2718 2717/2717
f 2716/2716 2718/2718 2715/2715
f 2716/2716 2692/2692 2718/2718
f 2688/2688 2692/2692 2716/2716
f 2718/2718 2719/2719 2717/2717
f 2718/2718 2695/2695 2719/2719
f 2692/2692 2695/2695 2718/2718
f 2695/2695 2697/2697 2719/2719
f 2548/2548 2720/2720 2547/2547
f 2548/2548 2721/2721 2720/2720
f 2551/2551 2721/2721 2548/2548
f 2551/2551 2722/2722 2721/2721
f 2553/2553 2722/2722 2551/2551
f 2553/2553 2723/2723 2722/2722
f 2531/2531 2723/2723 2553/2553
f 2721/2721 2724/2724 2720/2720
f 2721/2721 2725/2725 2724/2724
f 2722/2722 2725/2725 2721/2721
f 2722/2722 2726/2726 2725/2725
f 2723/2723 2726/2726 2722/2722
f 2725/2725 2727/2727 2724/2724
f 2725/2725 2728/2728 2727/2727
f 2726/2726 2728/2728 2725/2725
f 2728/2728 2729/2729 2727/2727
f 2728/2728 2730/2730 2729/2729
f 2728/2728 2731/2731 2730/2730
f 2726/2726 2731/2731 2728/2728
f 2726/2726 2732/2732 2731/2731
f 2723/2723 2732/2732 2726/2726
f 2723/2723 2704/2704 2732/2732
f 2531/2531 2704/2704 2723/2723
f 2731/2731 2733/2733 2730/2730
f 2731/2731 2734/2734 2733/2733
f 2732/2732 2734/2734 2731/2731
f 2732/2732 2708/2708 2734/2734
f 2704/2704 2708/2708 2732/2732
f 2734/2734 2735/2735 2733/2733
f 2734/2734 2711/2711 2735/2735
f 2708/2708 2711/2711 2734/2734
f 2711/2711 2713/2713 2735/2735
f 2564/2564 2736/2736 2563/2563
f 2564/2564 2737/2737 2736/2736
f 2567/2567 2737/2737 2564/2564
f 2567/2567 2738/2738 2737/2737
f 2569/2569 2738/2738 2567/2567
f 2569/2569 2739/2739 2738/2738
f 2547/2547 2739/2739 2569/2569
f 2737/2737 2740/2740 2736/2736
f 2737/2737 2741/2741 2740/2740
f 2738/2738 2741/2741 2737/2737
f 2738/2738 2742/2742 2741/2741
f 2739/2739 2742/2742 2738/2738
f 2741/2741 2743/2743 2740/2740
f 2741/2741 2744/2744 2743/2743
f 2742/2742 2744/2744 2741/2741
f 2744/2744 2745/2745 2743/2743
f 2744/2744 2746/2746 2745/2745
f 2744/2744 2747/2747 2746/2746
f 2742/2742 2747/2747 2744/2744
f 2742/2742 2748/2748 2747/2747
f 2739/2739 2748/2748 2742/2742
f 2739/2739 2720/2720 2748/2748
f 2547/2547 2720/2720 2739/2739
f 2747/2747 2749/2749 2746/2746
f 2747/2747 2750/2750 2749/2749
f 2748/2748 2750/2750 2747/2747
f 2748/2748 2724/2724 2750/2750
f 2720/2720 2724/2724 2748/2748
f 2750/2750 2751/2751 2749/2749
f 2750/2750 2727/2727 2751/2751
f 2724/2724 2727/2727 2750/2750
f 2727/2727 2729/2729 2751/2751
f 2580/2580 2752/2752 2579/2579
f 2580/2580 2753/2753 2752/2752
f 2583/2583 2753/2753 2580/2580
f 2583/2583 2754/2754 2753/2753
f 2585/2585 2754/2754 2583/2583
f 2585/2585 2755/2755 2754/2754
f 2563/2563 2755/2755 2585/2585
f 2753/2753 2756/2756 2752/2752
f 2753/2753 2757/2757 2756/2756
f 2754/2754 2757/2757 2753/2753
f 2754/2754 2758/2758 2757/2757
f 2755/2755 2758/2758 2754/2754
f 2757/2757 2759/2759 2756/2756
f 2757/2757 2760/2760 2759/2759
f 2758/2758 2760/2760 2757/2757
f 2760/2760 2761/2761 2759/2759
f 2760/2760 2762/2762 2761/2761
f 2760/2760 2763/2763 2762/2762
f 2758/2758 2763/2763 2760/2760
f 2758/2758 2764/2764 2763/2763
f 2755/2755 2764/2764 2758/2758
f 2755/2755 2736/2736 2764/2764
f 2563/2563 2736/2736 2755/2755
f 2763/2763 2765/2765 2762/2762
f 2763/2763 2766/2766 2765/2765
f 2764/2764 2766/2766 2763/2763
f 2764/2764 2740/2740 2766/2766
f 2736/2736 2740/2740 2764/2764
f 2766/2766 2767/2767 2765/2765
f 2766/2766 2743/2743 2767/2767
f 2740/2740 2743/2743 2766/2766
f 2743/2743 2745/2745 2767/2767
f 2770/2770 2769/2769 2768/2768
f 2770/2770 2771/2771 2769/2769
f 2772/2772 2771/2771 2770/2770
f 2772/2772 2773/2773 2771/2771
f 2774/2774 2773/2773 2772/2772
f 2774/2774 2626/2626 2773/2773
f 2628/2628 2626/2626 2774/2774
f 2771/2771 2775/2775 2769/2769
f 2771/2771 2776/2776 2775/2775
f 2773/2773 2776/2776 2771/2771
f 2773/2773 2624/2624 2776/2776
f 2626/2626 2624/2624 2773/2773
f 2776/2776 2777/2777 2775/2775
f 2776/2776 2622/2622 2777/2777
f 2624/2624 2622/2622 2776/2776
f 2622/2622 2579/2579 2777/2777
f 2778/2778 2759/2759 2761/2761
f 2778/2778 2779/2779 2759/2759
f 2780/2780 2779/2779 2778/2778
f 2780/2780 2781/2781 2779/2779
f 2782/2782 2781/2781 2780/2780
f 2782/2782 2769/2769 2781/2781
f 2768/2768 2769/2769 2782/2782
f 2779/2779 2756/2756 2759/2759
f 2779/2779 2783/2783 2756/2756
f 2781/2781 2783/2783 2779/2779
f 2781/2781 2775/2775 2783/2783
f 2769/2769 2775/2775 2781/2781
f 2783/2783 2752/2752 2756/2756
f 2783/2783 2777/2777 2752/2752
f 2775/2775 2777/2777 2783/2783
f 2777/2777 2579/2579 2752/2752
f 2784/2784 2778/2778 2761/2761
f 2784/2784 2785/2785 2778/2778
f 2786/2786 2785/2785 2784/2784
f 2786/2786 2787/2787 2785/2785
f 2788/2788 2787/2787 2786/2786
f 2788/2788 2789/2789 2787/2787
f 2790/2790 2789/2789 2788/2788
f 2785/2785 2780/2780 2778/2778
f 2785/2785 2791/2791 2780/2780
f 2787/2787 2791/2791 2785/2785
f 2787/2787 2792/2792 2791/2791
f 2789/2789 2792/2792 2787/2787
f 2791/2791 2782/2782 2780/2780
f 2791/2791 2793/2793 2782/2782
f 2792/2792 2793/2793 2791/2791
f 2793/2793 2768/2768 2782/2782
f 2796/2796 2795/2795 2794/2794
f 2796/2796 2797/2797 2795/2795
f 2798/2798 2797/2797 2796/2796
f 2798/2798 2799/2799 2797/2797
f 2800/2800 2799/2799 2798/2798
f 2800/2800 2801/2801 2799/2799
f 2802/2802 2801/2801 2800/2800
f 2797/2797 2803/2803 2795/2795
f 2797/2797 2804/2804 2803/2803
f 2799/2799 2804/2804 2797/2797
f 2799/2799 2805/2805 2804/2804
f 2801/2801 2805/2805 2799/2799
f 2804/2804 2806/2806 2803/2803
f 2804/2804 2807/2807 2806/2806
f 2805/2805 2807/2807 2804/2804
f 2807/2807 2808/2808 2806/2806
f 2809/2809 2796/2796 2794/2794
f 2809/2809 2810/2810 2796/2796
f 2811/2811 2810/2810 2809/2809
f 2811/2811 2812/2812 2810/2810
f 2813/2813 2812/2812 2811/2811
f 2813/2813 2814/2814 2812/2812
f 2815/2815 2814/2814 2813/2813
f 2810/2810 2798/2798 2796/2796
f 2810/2810 2816/2816 2798/2798
f 2812/2812 2816/2816 2810/2810
f 2812/2812 2817/2817 2816/2816
f 2814/2814 2817/2817 2812/2812
f 2816/2816 2800/2800 2798/2798
f 2816/2816 2818/2818 2800/2800
f 2817/2817 2818/2818 2816/2816
f 2818/2818 2802/2802 2800/2800
f 2819/2819 2806/2806 2808/2808
f 2819/2819 2820/2820 2806/2806
f 2821/2821 2820/2820 2819/2819
f 2821/2821 2822/2822 2820/2820
f 2823/2823 2822/2822 2821/2821
f 2823/2823 2824/2824 2822/2822
f 2825/2825 2824/2824 2823/2823
f 2820/2820 2803/2803 2806/2806
f 2820/2820 2826/2826 2803/2803
f 2822/2822 2826/2826 2820/2820
f 2822/2822 2827/2827 2826/2826
f 2824/2824 2827/2827 2822/2822
f 2826/2826 2795/2795 2803/2803
f 2826/2826 2828/2828 2795/2795
f 2827/2827 2828/2828 2826/2826
f 2828/2828 2794/2794 2795/2795
f 2830/2830 2829/2829 2661/2661
f 2830/2830 2831/2831 2829/2829
f 2832/2832 2831/2831 2830/2830
f 2832/2832 2833/2833 2831/2831
f 2834/2834 2833/2833 2832/2832
f 2834/2834 2835/2835 2833/2833
f 2836/2836 2835/2835 2834/2834
f 2831/2831 2837/2837 2829/2829
f 2831/2831 2838/2838 2837/2837
f 2833/2833 2838/2838 2831/2831
f 2833/2833 2839/2839 2838/2838
f 2835/2835 2839/2839 2833/2833
f 2838/2838 2840/2840 2837/2837
f 2838/2838 2841/2841 2840/2840
f 2839/2839 2841/2841 2838/2838
f 2841/2841 2842/2842 2840/2840
f 2668/2668 2830/2830 2661/2661
f 2668/2668 2843/2843 2830/2830
f 2676/2676 2843/2843 2668/2668
f 2676/2676 2844/2844 2843/2843
f 2679/2679 2844/2844 2676/2676
f 2679/2679 2845/2845 2844/2844
f 2681/2681 2845/2845 2679/2679
f 2843/2843 2832/2832 2830/2830
f 2843/2843 2846/2846 2832/2832
f 2844/2844 2846/2846 2843/2843
f 2844/2844 2847/2847 2846/2846
f 2845/2845 2847/2847 2844/2844
f 2846/2846 2834/2834 2832/2832
f 2846/2846 2848/2848 2834/2834
f 2847/2847 2848/2848 2846/2846
f 2848/2848 2836/2836 2834/2834
f 2850/2850 2849/2849 2842/2842
f 2850/2850 2851/2851 2849/2849
f 2852/2852 2851/2851 2850/2850
f 2852/2852 2853/2853 2851/2851
f 2854/2854 2853/2853 2852/2852
f 2854/2854 2813/2813 2853/2853
f 2815/2815 2813/2813 2854/2854
f 2851/2851 2855/2855 2849/2849
f 2851/2851 2856/2856 2855/2855
f 2853/2853 2856/2856 2851/2851
f 2853/2853 2811/2811 2856/2856
f 2813/2813 2811/2811 2853/2853
f 2856/2856 2857/2857 2855/2855
f 2856/2856 2809/2809 2857/2857
f 2811/2811 2809/2809 2856/2856
f 2809/2809 2794/2794 2857/2857
f 2841/2841 2850/2850 2842/2842
f 2841/2841 2858/2858 2850/2850
f 2839/2839 2858/2858 2841/2841
f 2839/2839 2859/2859 2858/2858
f 2835/2835 2859/2859 2839/2839
f 2835/2835 2860/2860 2859/2859
f 2836/2836 2860/2860 2835/2835
f 2858/2858 2852/2852 2850/2850
f 2858/2858 2861/2861 2852/2852
f 2859/2859 2861/2861 2858/2858
f 2859/2859 2862/2862 2861/2861
f 2860/2860 2862/2862 2859/2859
f 2861/2861 2854/2854 2852/2852
f 2861/2861 2863/2863 2854/2854
f 2862/2862 2863/2863 2861/2861
f 2863/2863 2815/2815 2854/2854
f 2698/2698 2864/2864 2697/2697
f 2698/2698 2865/2865 2864/2864
f 2701/2701 2865/2865 2698/2698
f 2701/2701 2866/2866 2865/2865
f 2703/2703 2866/2866 2701/2701
f 2703/2703 2867/2867 2866/2866
f 2661/2661 2867/2867 2703/2703
f 2865/2865 2868/2868 2864/2864
f 2865/2865 2869/2869 2868/2868
f 2866/2866 2869/2869 2865/2865
f 2866/2866 2870/2870 2869/2869
f 2867/2867 2870/2870 2866/2866
f 2869/2869 2871/2871 2868/2868
f 2869/2869 2872/2872 2871/2871
f 2870/2870 2872/2872 2869/2869
f 2872/2872 2873/2873 2871/2871
f 2872/2872 2874/2874 2873/2873
f 2872/2872 2875/2875 2874/2874
f 2870/2870 2875/2875 2872/2872
f 2870/2870 2876/2876 2875/2875
f 2867/2867 2876/2876 2870/2870
f 2867/2867 2829/2829 2876/2876
f 2661/2661 2829/2829 2867/2867
f 2875/2875 2877/2877 2874/2874
f 2875/2875 2878/2878 2877/2877
f 2876/2876 2878/2878 2875/2875
f 2876/2876 2837/2837 2878/2878
f 2829/2829 2837/2837 2876/2876
f 2878/2878 2879/2879 2877/2877
f 2878/2878 2840/2840 2879/2879
f 2837/2837 2840/2840 2878/2878
f 2840/2840 2842/2842 2879/2879
f 2714/2714 2880/2880 2713/2713
f 2714/2714 2881/2881 2880/2880
f 2717/2717 2881/2881 2714/2714
f 2717/2717 2882/2882 2881/2881
f 2719/2719 2882/2882 2717/2717
f 2719/2719 2883/2883 2882/2882
f 2697/2697 2883/2883 2719/2719
f 2881/2881 2884/2884 2880/2880
f 2881/2881 2885/2885 2884/2884
f 2882/2882 2885/2885 2881/2881
f 2882/2882 2886/2886 2885/2885
f 2883/2883 2886/2886 2882/2882
f 2885/2885 2887/2887 2884/2884
f 2885/2885 2888/2888 2887/2887
f 2886/2886 2888/2888 2885/2885
f 2888/2888 2889/2889 2887/2887
f 2888/2888 2890/2890 2889/2889
f 2888/2888 2891/2891 2890/2890
f 2886/2886 2891/2891 2888/2888
f 2886/2886 2892/2892 2891/2891
f 2883/2883 2892/2892 2886/2886
f 2883/2883 2864/2864 2892/2892
f 2697/2697 2864/2864 2883/2883
f 2891/2891 2893/2893 2890/2890
f 2891/2891 2894/2894 2893/2893
f 2892/2892 2894/2894 2891/2891
f 2892/2892 2868/2868 2894/2894
f 2864/2864 2868/2868 2892/2892
f 2894/2894 2895/2895 2893/2893
f 2894/2894 2871/2871 2895/2895
f 2868/2868 2871/2871 2894/2894
f 2871/2871 2873/2873 2895/2895
f 2730/2730 2896/2896 2729/2729
f 2730/2730 2897/2897 2896/2896
f 2733/2733 2897/2897 2730/2730
f 2733/2733 2898/2898 2897/2897
f 2735/2735 2898/2898 2733/2733
f 2735/2735 2899/2899 2898/2898
f 2713/2713 2899/2899 2735/2735
f 2897/2897 2900/2900 2896/2896
f 2897/2897 2901/2901 2900/2900
f 2898/2898 2901/2901 2897/2897
f 2898/2898 2902/2902 2901/2901
f 2899/2899 2902/2902 2898/2898
f 2901/2901 2903/2903 2900/2900
f 2901/2901 2904/2904 2903/2903
f 2902/2902 2904/2904 2901/2901
f 2904/2904 2905/2905 2903/2903
f 2904/2904 2906/2906 2905/2905
f 2904/2904 2907/2907 2906/2906
f 2902/2902 2907/2907 2904/2904
f 2902/2902 2908/2908 2907/2907
f 2899/2899 2908/2908 2902/2902
f 2899/2899 2880/2880 2908/2908
f 2713/2713 2880/2880 2899/2899
f 2907/2907 2909/2909 2906/2906
f 2907/2907 2910/2910 2909/2909
f 2908/2908 2910/2910 2907/2907
f 2908/2908 2884/2884 2910/2910
f 2880/2880 2884/2884 2908/2908
f 2910/2910 2911/2911 2909/2909
f 2910/2910 2887/2887 2911/2911
f 2884/2884 2887/2887 2910/2910
f 2887/2887 2889/2889 2911/2911
f 2746/2746 2912/2912 2745/2745
f 2746/2746 2913/2913 2912/2912
f 2749/2749 2913/2913 2746/2746
f 2749/2749 2914/2914 2913/2913
f 2751/2751 2914/2914 2749/2749
f 2751/2751 2915/2915 2914/2914
f 2729/2729 2915/2915 2751/2751
f 2913/2913 2916/2916 2912/2912
f 2913/2913 2917/2917 2916/2916
f 2914/2914 2917/2917 2913/2913
f 2914/2914 2918/2918 2917/2917
f 2915/2915 2918/2918 2914/2914
f 2917/2917 2919/2919 2916/2916
f 2917/2917 2920/2920 2919/2919
f 2918/2918 2920/2920 2917/2917
f 2920/2920 2921/2921 2919/2919
f 2920/2920 2922/2922 2921/2921
f 2920/2920 2923/2923 2922/2922
f 2918/2918 2923/2923 2920/2920
f 2918/2918 2924/2924 2923/2923
f 2915/2915 2924/2924 2918/2918
f 2915/2915 2896/2896 2924/2924
f 2729/2729 2896/2896 2915/2915
f 2923/2923 2925/2925 2922/2922
f 2923/2923 2926/2926 2925/2925
f 2924/2924 2926/2926 2923/2923
f 2924/2924 2900/2900 2926/2926
f 2896/2896 2900/2900 2924/2924
f 2926/2926 2927/2927 2925/2925
f 2926/2926 2903/2903 2927/2927
f 2900/2900 2903/2903 2926/2926
f 2903/2903 2905/2905 2927/2927
f 2762/2762 2928/2928 2761/2761
f 2762/2762 2929/2929 2928/2928
f 2765/2765 2929/2929 2762/2762
f 2765/2765 2930/2930 2929/2929
f 2767/2767 2930/2930 2765/2765
f 2767/2767 2931/2931 2930/2930
f 2745/2745 2931/2931 2767/2767
f 2929/2929 2932/2932 2928/2928
f 2929/2929 2933/2933 2932/2932
f 2930/2930 2933/2933 2929/2929
f 2930/2930 2934/2934 2933/2933
f 2931/2931 2934/2934 2930/2930
f 2933/2933 2935/2935 2932/2932
f 2933/2933 2936/2936 2935/2935
f 2934/2934 2936/2936 2933/2933
f 2936/2936 2937/2937 2935/2935
f 2936/2936 2938/2938 2937/2937
f 2936/2936 2939/2939 2938/2938
f 2934/2934 2939/2939 2936/2936
f 2934/2934 2940/2940 2939/2939
f 2931/2931 2940/2940 2934/2934
f 2931/2931 2912/2912 2940/2940
f 2745/2745 2912/2912 2931/2931
f 2939/2939 2941/2941 2938/2938
f 2939/2939 2942/2942 2941/2941
f 2940/2940 2942/2942 2939/2939
f 2940/2940 2916/2916 2942/2942
f 2912/2912 2916/2916 2940/2940
f 2942/2942 2943/2943 2941/2941
f 2942/2942 2919/2919 2943/2943
f 2916/2916 2919/2919 2942/2942
f 2919/2919 2921/2921 2943/2943
f 2944/2944 2784/2784 2761/2761
f 2944/2944 2945/2945 2784/2784
f 2946/2946 2945/2945 2944/2944
f 2946/2946 2947/2947 2945/2945
f 2948/2948 2947/2947 2946/2946
f 2948/2948 2949/2949 2947/2947
f 2950/2950 2949/2949 2948/2948
f 2945/2945 2786/2786 2784/2784
f 2945/2945 2951/2951 2786/2786
f 2947/2947 2951/2951 2945/2945
f 2947/2947 2952/2952 2951/2951
f 2949/2949 2952/2952 2947/2947
f 2951/2951 2788/2788 2786/2786
f 2951/2951 2953/2953 2788/2788
f 2952/2952 2953/2953 2951/2951
f 2953/2953 2790/2790 2788/2788
f 2954/2954 2944/2944 2761/2761
f 2954/2954 2955/2955 2944/2944
f 2956/2956 2955/2955 2954/2954
f 2956/2956 2957/2957 2955/2955
f 2958/2958 2957/2957 2956/2956
f 2958/2958 2959/2959 2957/2957
f 2960/2960 2959/2959 2958/2958
f 2955/2955 2946/2946 2944/2944
f 2955/2955 2961/2961 2946/2946
f 2957/2957 2961/2961 2955/2955
f 2957/2957 2962/2962 2961/2961
f 2959/2959 2962/2962 2957/2957
f 2961/2961 2948/2948 2946/2946
f 2961/2961 2963/2963 2948/2948
f 2962/2962 2963/2963 2961/2961
f 2963/2963 2950/2950 2948/2948
f 2964/2964 2935/2935 2937/2937
f 2964/2964 2965/2965 2935/2935
f 2966/2966 2965/2965 2964/2964
f 2966/2966 2967/2967 2965/2965
f 2968/2968 2967/2967 2966/2966
f 2968/2968 2958/2958 2967/2967
f 2960/2960 2958/2958 2968/2968
f 2965/2965 2932/2932 2935/2935
f 2965/2965 2969/2969 2932/2932
f 2967/2967 2969/2969 2965/2965
f 2967/2967 2956/2956 2969/2969
f 2958/2958 2956/2956 2967/2967
f 2969/2969 2928/2928 2932/2932
f 2969/2969 2954/2954 2928/2928
f 2956/2956 2954/2954 2969/2969
f 2954/2954 2761/2761 2928/2928
f 2970/2970 2964/2964 2937/2937
f 2970/2970 2971/2971 2964/2964
f 2972/2972 2971/2971 2970/2970
f 2972/2972 2973/2973 2971/2971
f 2974/2974 2973/2973 2972/2972
f 2974/2974 2975/2975 2973/2973
f 2976/2976 2975/2975 2974/2974
f 2971/2971 2966/2966 2964/2964
f 2971/2971 2977/2977 2966/2966
f 2973/2973 2977/2977 2971/2971
f 2973/2973 2978/2978 2977/2977
f 2975/2975 2978/2978 2973/2973
f 2977/2977 2968/2968 2966/2966
f 2977/2977 2979/2979 2968/2968
f 2978/2978 2979/2979 2977/2977
f 2979/2979 2960/2960 2968/2968
f 2981/2981 2980/2980 2794/2794
f 2981/2981 2982/2982 2980/2980
f 2983/2983 2982/2982 2981/2981
f 2983/2983 2984/2984 2982/2982
f 2985/2985 2984/2984 2983/2983
f 2985/2985 2986/2986 2984/2984
f 2987/2987 2986/2986 2985/2985
f 2982/2982 2988/2988 2980/2980
f 2982/2982 2989/2989 2988/2988
f 2984/2984 2989/2989 2982/2982
f 2984/2984 2990/2990 2989/2989
f 2986/2986 2990/2990 2984/2984
f 2989/2989 2991/2991 2988/2988
f 2989/2989 2992/2992 2991/2991
f 2990/2990 2992/2992 2989/2989
f 2992/2992 2993/2993 2991/2991
f 2828/2828 2981/2981 2794/2794
f 2828/2828 2994/2994 2981/2981
f 2827/2827 2994/2994 2828/2828
f 2827/2827 2995/2995 2994/2994
f 2824/2824 2995/2995 2827/2827
f 2824/2824 2996/2996 2995/2995
f 2825/2825 2996/2996 2824/2824
f 2994/2994 2983/2983 2981/2981
f 2994/2994 2997/2997 2983/2983
f 2995/2995 2997/2997 2994/2994
f 2995/2995 2998/2998 2997/2997
f 2996/2996 2998/2998 2995/2995
f 2997/2997 2985/2985 2983/2983
f 2997/2997 2999/2999 2985/2985
f 2998/2998 2999/2999 2997/2997
f 2999/2999 2987/2987 2985/2985
f 3000/3000 2986/2986 2987/2987
f 3000/3000 3001/3001 2986/2986
f 3002/3002 3001/3001 3000/3000
f 3002/3002 3003/3003 3001/3001
f 3004/3004 3003/3003 3002/3002
f 3004/3004 3005/3005 3003/3003
f 3006/3006 3005/3005 3004/3004
f 3001/3001 2990/2990 2986/2986
f 3001/3001 3007/3007 2990/2990
f 3003/3003 3007/3007 3001/3001
f 3003/3003 3008/3008 3007/3007
f 3005/3005 3008/3008 3003/3003
f 3007/3007 2992/2992 2990/2990
f 3007/3007 3009/3009 2992/2992
f 3008/3008 3009/3009 3007/3007
f 3009/3009 2993/2993 2992/2992
f 2849/2849 3010/3010 2842/2842
f 2849/2849 3011/3011 3010/3010
f 2855/2855 3011/3011 2849/2849
f 2855/2855 3012/3012 3011/3011
f 2857/2857 3012/3012 2855/2855
f 2857/2857 3013/3013 3012/3012
f 2794/2794 3013/3013 2857/2857
f 3011/3011 3014/3014 3010/3010
f 3011/3011 3015/3015 3014/3014
f 3012/3012 3015/3015 3011/3011
f 3012/3012 3016/3016 3015/3015
f 3013/3013 3016/3016 3012/3012
f 3015/3015 3017/3017 3014/3014
f 3015/3015 3018/3018 3017/3017
f 3016/3016 3018/3018 3015/3015
f 3018/3018 3019/3019 3017/3017
f 3018/3018 3020/3020 3019/3019
f 3018/3018 3021/3021 3020/3020
f 3016/3016 3021/3021 3018/3018
f 3016/3016 3022/3022 3021/3021
f 3013/3013 3022/3022 3016/3016
f 3013/3013 2980/2980 3022/3022
f 2794/2794 2980/2980 3013/3013
f 3021/3021 3023/3023 3020/3020
f 3021/3021 3024/3024 3023/3023
f 3022/3022 3024/3024 3021/3021
f 3022/3022 2988/2988 3024/3024
f 2980/2980 2988/2988 3022/3022
f 3024/3024 3025/3025 3023/3023
f 3024/3024 2991/2991 3025/3025
f 2988/2988 2991/2991 3024/3024
f 2991/2991 2993/2993 3025/3025
f 2874/2874 3026/3026 2873/2873
f 2874/2874 3027/3027 3026/3026
f 2877/2877 3027/3027 2874/2874
f 2877/2877 3028/3028 3027/3027
f 2879/2879 3028/3028 2877/2877
f 2879/2879 3029/3029 3028/3028
f 2842/2842 3029/3029 2879/2879
f 3027/3027 3030/3030 3026/3026
f 3027/3027 3031/3031 3030/3030
f 3028/3028 3031/3031 3027/3027
f 3028/3028 3032/3032 3031/3031
f 3029/3029 3032/3032 3028/3028
f 3031/3031 3033/3033 3030/3030
f 3031/3031 3034/3034 3033/3033
f 3032/3032 3034/3034 3031/3031
f 3034/3034 3035/3035 3033/3033
f 3034/3034 3036/3036 3035/3035
f 3034/3034 3037/3037 3036/3036
f 3032/3032 3037/3037 3034/3034
f 3032/3032 3038/3038 3037/3037
f 3029/3029 3038/3038 3032/3032
f 3029/3029 3010/3010 3038/3038
f 2842/2842 3010/3010 3029/3029
f 3037/3037 3039/3039 3036/3036
f 3037/3037 3040/3040 3039/3039
f 3038/3038 3040/3040 3037/3037
f 3038/3038 3014/3014 3040/3040
f 3010/3010 3014/3014 3038/3038
f 3040/3040 3041/3041 3039/3039
f 3040/3040 3017/3017 3041/3041
f 3014/3014 3017/3017 3040/3040
f 3017/3017 3019/3019 3041/3041
f 2890/2890 3042/3042 2889/2889
f 2890/2890 3043/3043 3042/3042
f 2893/2893 3043/3043 2890/2890
f 2893/2893 3044/3044 3043/3043
f 2895/2895 3044/3044 2893/2893
f 2895/2895 3045/3045 3044/3044
f 2873/2873 3045/3045 2895/2895
f 3043/3043 3046/3046 3042/3042
f 3043/3043 3047/3047 3046/3046
f 3044/3044 3047/3047 3043/3043
f 3044/3044 3048/3048 3047/3047
f 3045/3045 3048/3048 3044/3044
f 3047/3047 3049/3049 3046/3046
f 3047/3047 3050/3050 3049/3049
f 3048/3048 3050/3050 3047/3047
f 3050/3050 3051/3051 3049/3049
f 3050/3050 3052/3052 3051/3051
f 3050/3050 3053/3053 3052/3052
f 3048/3048 3053/3053 3050/3050
f 3048/3048 3054/3054 3053/3053
f 3045/3045 3054/3054 3048/3048
f 3045/3045 3026/3026 3054/3054
f 2873/2873 3026/3026 3045/3045
f 3053/3053 3055/3055 3052/3052
f 3053/3053 3056/3056 3055/3055
f 3054/3054 3056/3056 3053/3053
f 3054/3054 3030/3030 3056/3056
f 3026/3026 3030/3030 3054/3054
f 3056/3056 3057/3057 3055/3055
f 3056/3056 3033/3033 3057/3057
f 3030/3030 3033/3033 3056/3056
f 3033/3033 3035/3035 3057/3057
f 2906/2906 3058/3058 2905/2905
f 2906/2906 3059/3059 3058/3058
f 2909/2909 3059/3059 2906/2906
f 2909/2909 3060/3060 3059/3059
f 2911/2911 3060/3060 2909/2909
f 2911/2911 3061/3061 3060/3060
f 2889/2889 3061/3061 2911/2911
f 3059/3059 3062/3062 3058/3058
f 3059/3059 3063/3063 3062/3062
f 3060/3060 3063/3063 3059/3059
f 3060/3060 3064/3064 3063/3063
f 3061/3061 3064/3064 3060/3060
f 3063/3063 3065/3065 3062/3062
f 3063/3063 3066/3066 3065/3065
f 3064/3064 3066/3066 3063/3063
f 3066/3066 3067/3067 3065/3065
f 3066/3066 3068/3068 3067/3067
f 3066/3066 3069/3069 3068/3068
f 3064/3064 3069/3069 3066/3066
f 3064/3064 3070/3070 3069/3069
f 3061/3061 3070/3070 3064/3064
f 3061/3061 3042/3042 3070/3070
f 2889/2889 3042/3042 3061/3061
f 3069/3069 3071/3071 3068/3068
f 3069/3069 3072/3072 3071/3071
f 3070/3070 3072/3072 3069/3069
f 3070/3070 3046/3046 3072/3072
f 3042/3042 3046/3046 3070/3070
f 3072/3072 3073/3073 3071/3071
f 3072/3072 3049/3049 3073/3073
f 3046/3046 3049/3049 3072/3072
f 3049/3049 3051/3051 3073/3073
f 2922/2922 3074/3074 2921/2921
f 2922/2922 3075/3075 3074/3074
f 2925/2925 3075/3075 2922/2922
f 2925/2925 3076/3076 3075/3075
f 2927/2927 3076/3076 2925/2925
f 2927/2927 3077/3077 3076/3076
f 2905/2905 3077/3077 2927/2927
f 3075/3075 3078/3078 3074/3074
f 3075/3075 3079/3079 3078/3078
f 3076/3076 3079/3079 3075/3075
f 3076/3076 3080/3080 3079/3079
f 3077/3077 3080/3080 3076/3076
f 3079/3079 3081/3081 3078/3078
f 3079/3079 3082/3082 3081/3081
f 3080/3080 3082/3082 3079/3079
f 3082/3082 3083/3083 3081/3081
f 3082/3082 3084/3084 3083/3083
f 3082/3082 3085/3085 3084/3084
f 3080/3080 3085/3085 3082/3082
f 3080/3080 3086/3086 3085/3085
f 3077/3077 3086/3086 3080/3080
f 3077/3077 3058/3058 3086/3086
f 2905/2905 3058/3058 3077/3077
f 3085/3085 3087/3087 3084/3084
f 3085/3085 3088/3088 3087/3087
f 3086/3086 3088/3088 3085/3085
f 3086/3086 3062/3062 3088/3088
f 3058/3058 3062/3062 3086/3086
f 3088/3088 3089/3089 3087/3087
f 3088/3088 3065/3065 3089/3089
f 3062/3062 3065/3065 3088/3088
f 3065/3065 3067/3067 3089/3089
f 2938/2938 3090/3090 2937/2937
f 2938/2938 3091/3091 3090/3090
f 2941/2941 3091/3091 2938/2938
f 2941/2941 3092/3092 3091/3091
f 2943/2943 3092/3092 2941/2941
f 2943/2943 3093/3093 3092/3092
f 2921/2921 3093/3093 2943/2943
f 3091/3091 3094/3094 3090/3090
f 3091/3091 3095/3095 3094/3094
f 3092/3092 3095/3095 3091/3091
f 3092/3092 3096/3096 3095/3095
f 3093/3093 3096/3096 3092/3092
f 3095/3095 3097/3097 3094/3094
f 3095/3095 3098/3098 3097/3097
f 3096/3096 3098/3098 3095/3095
f 3098/3098 3099/3099 3097/3097
f 3098/3098 3100/3100 3099/3099
f 3098/3098 3101/3101 3100/3100
f 3096/3096 3101/3101 3098/3098
f 3096/3096 3102/3102 3101/3101
f 3093/3093 3102/3102 3096/3096
f 3093/3093 3074/3074 3102/3102
f 2921/2921 3074/3074 3093/3093
f 3101/3101 3103/3103 3100/3100
f 3101/3101 3104/3104 3103/3103
f 3102/3102 3104/3104 3101/3101
f 3102/3102 3078/3078 3104/3104
f 3074/3074 3078/3078 3102/3102
f 3104/3104 3105/3105 3103/3103
f 3104/3104 3081/3081 3105/3105
f 3078/3078 3081/3081 3104/3104
f 3081/3081 3083/3083 3105/3105
f 3106/3106 2970/2970 2937/2937
f 3106/3106 3107/3107 2970/2970
f 3108/3108 3107/3107 3106/3106
f 3108/3108 3109/3109 3107/3107
f 3110/3110 3109/3109 3108/3108
f 3110/3110 3111/3111 3109/3109
f 3112/3112 3111/3111 3110/3110
f 3107/3107 2972/2972 2970/2970
f 3107/3107 3113/3113 2972/2972
f 3109/3109 3113/3113 3107/3107
f 3109/3109 3114/3114 3113/3113
f 3111/3111 3114/3114 3109/3109
f 3113/3113 2974/2974 2972/2972
f 3113/3113 3115/3115 2974/2974
f 3114/3114 3115/3115 3113/3113
f 3115/3115 2976/2976 2974/2974
f 3116/3116 3106/3106 2937/2937
f 3116/3116 3117/3117 3106/3106
f 3118/3118 3117/3117 3116/3116
f 3118/3118 3119/3119 3117/3117
f 3120/3120 3119/3119 3118/3118
f 3120/3120 3121/3121 3119/3119
f 3122/3122 3121/3121 3120/3120
f 3117/3117 3108/3108 3106/3106
f 3117/3117 3123/3123 3108/3108
f 3119/3119 3123/3123 3117/3117
f 3119/3119 3124/3124 3123/3123
f 3121/3121 3124/3124 3119/3119
f 3123/3123 3110/3110 3108/3108
f 3123/3123 3125/3125 3110/3110
f 3124/3124 3125/3125 3123/3123
f 3125/3125 3112/3112 3110/3110
f 3126/3126 3097/3097 3099/3099
f 3126/3126 3127/3127 3097/3097
f 3128/3128 3127/3127 3126/3126
f 3128/3128 3129/3129 3127/3127
f 3130/3130 3129/3129 3128/3128
f 3130/3130 3120/3120 3129/3129
f 3122/3122 3120/3120 3130/3130
f 3127/3127 3094/3094 3097/3097
f 3127/3127 3131/3131 3094/3094
f 3129/3129 3131/3131 3127/3127
f 3129/3129 3118/3118 3131/3131
f 3120/3120 3118/3118 3129/3129
f 3131/3131 3090/3090 3094/3094
f 3131/3131 3116/3116 3090/3090
f 3118/3118 3116/3116 3131/3131
f 3116/3116 2937/2937 3090/3090
f 3132/3132 3126/3126 3099/3099
f 3132/3132 3133/3133 3126/3126
f 3134/3134 3133/3133 3132/3132
f 3134/3134 3135/3135 3133/3133
f 3136/3136 3135/3135 3134/3134
f 3136/3136 3137/3137 3135/3135
f 3138/3138 3137/3137 3136/3136
f 3133/3133 3128/3128 3126/3126
f 3133/3133 3139/3139 3128/3128
f 3135/3135 3139/3139 3133/3133
f 3135/3135 3140/3140 3139/3139
f 3137/3137 3140/3140 3135/3135
f 3139/3139 3130/3130 3128/3128
f 3139/3139 3141/3141 3130/3130
f 3140/3140 3141/3141 3139/3139
f 3141/3141 3122/3122 3130/3130
f 3143/3143 3142/3142 2993/2993
f 3143/3143 3144/3144 3142/3142
f 3145/3145 3144/3144 3143/3143
f 3145/3145 3146/3146 3144/3144
f 3147/3147 3146/3146 3145/3145
f 3147/3147 3148/3148 3146/3146
f 3149/3149 3148/3148 3147/3147
f 3144/3144 3150/3150 3142/3142
f 3144/3144 3151/3151 3150/3150
f 3146/3146 3151/3151 3144/3144
f 3146/3146 3152/3152 3151/3151
f 3148/3148 3152/3152 3146/3146
f 3151/3151 3153/3153 3150/3150
f 3151/3151 3154/3154 3153/3153
f 3152/3152 3154/3154 3151/3151
f 3154/3154 3155/3155 3153/3153
f 3009/3009 3143/3143 2993/2993
f 3009/3009 3156/3156 3143/3143
f 3008/3008 3156/3156 3009/3009
f 3008/3008 3157/3157 3156/3156
f 3005/3005 3157/3157 3008/3008
f 3005/3005 3158/3158 3157/3157
f 3006/3006 3158/3158 3005/3005
f 3156/3156 3145/3145 3143/3143
f 3156/3156 3159/3159 3145/3145
f 3157/3157 3159/3159 3156/3156
f 3157/3157 3160/3160 3159/3159
f 3158/3158 3160/3160 3157/3157
f 3159/3159 3147/3147 3145/3145
f 3159/3159 3161/3161 3147/3147
f 3160/3160 3161/3161 3159/3159
f 3161/3161 3149/3149 3147/3147
f 3162/3162 3148/3148 3149/3149
f 3162/3162 3163/3163 3148/3148
f 3164/3164 3163/3163 3162/3162
f 3164/3164 3165/3165 3163/3163
f 3166/3166 3165/3165 3164/3164
f 3166/3166 3167/3167 3165/3165
f 3168/3168 3167/3167 3166/3166
f 3163/3163 3152/3152 3148/3148
f 3163/3163 3169/3169 3152/3152
f 3165/3165 3169/3169 3163/3163
f 3165/3165 3170/3170 3169/3169
f 3167/3167 3170/3170 3165/3165
f 3169/3169 3154/3154 3152/3152
f 3169/3169 3171/3171 3154/3154
f 3170/3170 3171/3171 3169/3169
f 3171/3171 3155/3155 3154/3154
f 3172/3172 3162/3162 3149/3149
f 3172/3172 3173/3173 3162/3162
f 3174/3174 3173/3173 3172/3172
f 3174/3174 3175/3175 3173/3173
f 3176/3176 3175/3175 3174/3174
f 3176/3176 3177/3177 3175/3175
f 3178/3178 3177/3177 3176/3176
f 3173/3173 3164/3164 3162/3162
f 3173/3173 3179/3179 3164/3164
f 3175/3175 3179/3179 3173/3173
f 3175/3175 3180/3180 3179/3179
f 3177/3177 3180/3180 3175/3175
f 3179/3179 3166/3166 3164/3164
f 3179/3179 3181/3181 3166/3166
f 3180/3180 3181/3181 3179/3179
f 3181/3181 3168/3168 3166/3166
f 3020/3020 3182/3182 3019/3019
f 3020/3020 3183/3183 3182/3182
f 3023/3023 3183/3183 3020/3020
f 3023/3023 3184/3184 3183/3183
f 3025/3025 3184/3184 3023/3023
f 3025/3025 3185/3185 3184/3184
f 2993/2993 3185/3185 3025/3025
f 3183/3183 3186/3186 3182/3182
f 3183/3183 3187/3187 3186/3186
f 3184/3184 3187/3187 3183/3183
f 3184/3184 3188/3188 3187/3187
f 3185/3185 3188/3188 3184/3184
f 3187/3187 3189/3189 3186/3186
f 3187/3187 3190/3190 3189/3189
f 3188/3188 3190/3190 3187/3187
f 3190/3190 3191/3191 3189/3189
f 3190/3190 3192/3192 3191/3191
f 3190/3190 3193/3193 3192/3192
f 3188/3188 3193/3193 3190/3190
f 3188/3188 3194/3194 3193/3193
f 3185/3185 3194/3194 3188/3188
f 3185/3185 3142/3142 3194/3194
f 2993/2993 3142/3142 3185/3185
f 3193/3193 3195/3195 3192/3192
f 3193/3193 3196/3196 3195/3195
f 3194/3194 3196/3196 3193/3193
f 3194/3194 3150/3150 3196/3196
f 3142/3142 3150/3150 3194/3194
f 3196/3196 3197/3197 3195/3195
f 3196/3196 3153/3153 3197/3197
f 3150/3150 3153/3153 3196/3196
f 3153/3153 3155/3155 3197/3197
f 3036/3036 3198/3198 3035/3035
f 3036/3036 3199/3199 3198/3198
f 3039/3039 3199/3199 3036/3036
f 3039/3039 3200/3200 3199/3199
f 3041/3041 3200/3200 3039/3039
f 3041/3041 3201/3201 3200/3200
f 3019/3019 3201/3201 3041/3041
f 3199/3199 3202/3202 3198/3198
f 3199/3199 3203/3203 3202/3202
f 3200/3200 3203/3203 3199/3199
f 3200/3200 3204/3204 3203/3203
f 3201/3201 3204/3204 3200/3200
f 3203/3203 3205/3205 3202/3202
f 3203/3203 3206/3206 3205/3205
f 3204/3204 3206/3206 3203/3203
f 3206/3206 3207/3207 3205/3205
f 3206/3206 3208/3208 3207/3207
f 3206/3206 3209/3209 3208/3208
f 3204/3204 3209/3209 3206/3206
f 3204/3204 3210/3210 3209/3209
f 3201/3201 3210/3210 3204/3204
f 3201/3201 3182/3182 3210/3210
f 3019/3019 3182/3182 3201/3201
f 3209/3209 3211/3211 3208/3208
f 3209/3209 3212/3212 3211/3211
f 3210/3210 3212/3212 3209/3209
f 3210/3210 3186/3186 3212/3212
f 3182/3182 3186/3186 3210/3210
f 3212/3212 3213/3213 3211/3211
f 3212/3212 3189/3189 3213/3213
f 3186/3186 3189/3189 3212/3212
f 3189/3189 3191/3191 3213/3213
f 3052/3052 3214/3214 3051/3051
f 3052/3052 3215/3215 3214/3214
f 3055/3055 3215/3215 3052/3052
f 3055/3055 3216/3216 3215/3215
f 3057/3057 3216/3216 3055/3055
f 3057/3057 3217/3217 3216/3216
f 3035/3035 3217/3217 3057/3057
f 3215/3215 3218/3218 3214/3214
f 3215/3215 3219/3219 3218/3218
f 3216/3216 3219/3219 3215/3215
f 3216/3216 3220/3220 3219/3219
f 3217/3217 3220/3220 3216/3216
f 3219/3219 3221/3221 3218/3218
f 3219/3219 3222/3222 3221/3221
f 3220/3220 3222/3222 3219/3219
f 3222/3222 3223/3223 3221/3221
f 3222/3222 3224/3224 3223/3223
f 3222/3222 3225/3225 3224/3224
f 3220/3220 3225/3225 3222/3222
f 3220/3220 3226/3226 3225/3225
f 3217/3217 3226/3226 3220/3220
f 3217/3217 3198/3198 3226/3226
f 3035/3035 3198/3198 3217/3217
f 3225/3225 3227/3227 3224/3224
f 3225/3225 3228/3228 3227/3227
f 3226/3226 3228/3228 3225/3225
f 3226/3226 3202/3202 3228/3228
f 3198/3198 3202/3202 3226/3226
f 3228/3228 3229/3229 3227/3227
f 3228/3228 3205/3205 3229/3229
f 3202/3202 3205/3205 3228/3228
f 3205/3205 3207/3207 3229/3229
f 3068/3068 3230/3230 3067/3067
f 3068/3068 3231/3231 3230/3230
f 3071/3071 3231/3231 3068/3068
f 3071/3071 3232/3232 3231/3231
f 3073/3073 3232/3232 3071/3071
f 3073/3073 3233/3233 3232/3232
f 3051/3051 3233/3233 3073/3073
f 3231/3231 3234/3234 3230/3230
f 3231/3231 3235/3235 3234/3234
f 3232/3232 3235/3235 3231/3231
f 3232/3232 3236/3236 3235/3235
f 3233/3233 3236/3236 3232/3232
f 3235/3235 3237/3237 3234/3234
f 3235/3235 3238/3238 3237/3237
f 3236/3236 3238/3238 3235/3235
f 3238/3238 3239/3239 3237/3237
f 3238/3238 3240/3240 3239/3239
f 3238/3238 3241/3241 3240/3240
f 3236/3236 3241/3241 3238/3238
f 3236/3236 3242/3242 3241/3241
f 3233/3233 3242/3242 3236/3236
f 3233/3233 3214/3214 3242/3242
f 3051/3051 3214/3214 3233/3233
f 3241/3241 3243/3243 3240/3240
f 3241/3241 3244/3244 3243/3243
f 3242/3242 3244/3244 3241/3241
f 3242/3242 3218/3218 3244/3244
f 3214/3214 3218/3218 3242/3242
f 3244/3244 3245/3245 3243/3243
f 3244/3244 3221/3221 3245/3245
f 3218/3218 3221/3221 3244/3244
f 3221/3221 3223/3223 3245/3245
f 3084/3084 3246/3246 3083/3083
f 3084/3084 3247/3247 3246/3246
f 3087/3087 3247/3247 3084/3084
f 3087/3087 3248/3248 3247/3247
f 3089/3089 3248/3248 3087/3087
f 3089/3089 3249/3249 3248/3248
f 3067/3067 3249/3249 3089/3089
f 3247/3247 3250/3250 3246/3246
f 3247/3247 3251/3251 3250/3250
f 3248/3248 3251/3251 3247/3247
f 3248/3248 3252/3252 3251/3251
f 3249/3249 3252/3252 3248/3248
f 3251/3251 3253/3253 3250/3250
f 3251/3251 3254/3254 3253/3253
f 3252/3252 3254/3254 3251/3251
f 3254/3254 3255/3255 3253/3253
f 3254/3254 3256/3256 3255/3255
f 3254/3254 3257/3257 3256/3256
f 3252/3252 3257/3257 3254/3254
f 3252/3252 3258/3258 3257/3257
f 3249/3249 3258/3258 3252/3252
f 3249/3249 3230/3230 3258/3258
f 3067/3067 3230/3230 3249/3249
f 3257/3257 3259/3259 3256/3256
f 3257/3257 3260/3260 3259/3259
f 3258/3258 3260/3260 3257/3257
f 3258/3258 3234/3234 3260/3260
f 3230/3230 3234/3234 3258/3258
f 3260/3260 3261/3261 3259/3259
f 3260/3260 3237/3237 3261/3261
f 3234/3234 3237/3237 3260/3260
f 3237/3237 3239/3239 3261/3261
f 3262/3262 3105/3105 3083/3083
f 3262/3262 3263/3263 3105/3105
f 3264/3264 3263/3263 3262/3262
f 3264/3264 3265/3265 3263/3263
f 3266/3266 3265/3265 3264/3264
f 3266/3266 3267/3267 3265/3265
f 3268/3268 3267/3267 3266/3266
f 3263/3263 3103/3103 3105/3105
f 3263/3263 3269/3269 3103/3103
f 3265/3265 3269/3269 3263/3263
f 3265/3265 3270/3270 3269/3269
f 3267/3267 3270/3270 3265/3265
f 3269/3269 3100/3100 3103/3103
f 3269/3269 3271/3271 3100/3100
f 3270/3270 3271/3271 3269/3269
f 3271/3271 3099/3099 3100/3100
f 3272/3272 3262/3262 3083/3083
f 3272/3272 3273/3273 3262/3262
f 3274/3274 3273/3273 3272/3272
f 3274/3274 3275/3275 3273/3273
f 3276/3276 3275/3275 3274/3274
f 3276/3276 3277/3277 3275/3275
f 3278/3278 3277/3277 3276/3276
f 3273/3273 3264/3264 3262/3262
f 3273/3273 3279/3279 3264/3264
f 3275/3275 3279/3279 3273/3273
f 3275/3275 3280/3280 3279/3279
f 3277/3277 3280/3280 3275/3275
f 3279/3279 3266/3266 3264/3264
f 3279/3279 3281/3281 3266/3266
f 3280/3280 3281/3281 3279/3279
f 3281/3281 3268/3268 3266/3266
f 3282/3282 3253/3253 3255/3255
f 3282/3282 3283/3283 3253/3253
f 3284/3284 3283/3283 3282/3282
f 3284/3284 3285/3285 3283/3283
f 3286/3286 3285/3285 3284/3284
f 3286/3286 3276/3276 3285/3285
f 3278/3278 3276/3276 3286/3286
f 3283/3283 3250/3250 3253/3253
f 3283/3283 3287/3287 3250/3250
f 3285/3285 3287/3287 3283/3283
f 3285/3285 3274/3274 3287/3287
f 3276/3276 3274/3274 3285/3285
f 3287/3287 3246/3246 3250/3250
f 3287/3287 3272/3272 3246/3246
f 3274/3274 3272/3272 3287/3287
f 3272/3272 3083/3083 3246/3246
f 3288/3288 3282/3282 3255/3255
f 3288/3288 3289/3289 3282/3282
f 3290/3290 3289/3289 3288/3288
f 3290/3290 3291/3291 3289/3289
f 3292/3292 3291/3291 3290/3290
f 3292/3292 3293/3293 3291/3291
f 3294/3294 3293/3293 3292/3292
f 3289/3289 3284/3284 3282/3282
f 3289/3289 3295/3295 3284/3284
f 3291/3291 3295/3295 3289/3289
f 3291/3291 3296/3296 3295/3295
f 3293/3293 3296/3296 3291/3291
f 3295/3295 3286/3286 3284/3284
f 3295/3295 3297/3297 3286/3286
f 3296/3296 3297/3297 3295/3295
f 3297/3297 3278/3278 3286/3286
f 3300/3300 3299/3299 3298/3298
f 3300/3300 3301/3301 3299/3299
f 3302/3302 3301/3301 3300/3300
f 3302/3302 3303/3303 3301/3301
f 3304/3304 3303/3303 3302/3302
f 3304/3304 3136/3136 3303/3303
f 3138/3138 3136/3136 3304/3304
f 3301/3301 3305/3305 3299/3299
f 3301/3301 3306/3306 3305/3305
f 3303/3303 3306/3306 3301/3301
f 3303/3303 3134/3134 3306/3306
f 3136/3136 3134/3134 3303/3303
f 3306/3306 3307/3307 3305/3305
f 3306/3306 3132/3132 3307/3307
f 3134/3134 3132/3132 3306/3306
f 3132/3132 3099/3099 3307/3307
f 3308/3308 3267/3267 3268/3268
f 3308/3308 3309/3309 3267/3267
f 3310/3310 3309/3309 3308/3308
f 3310/3310 3311/3311 3309/3309
f 3312/3312 3311/3311 3310/3310
f 3312/3312 3299/3299 3311/3311
f 3298/3298 3299/3299 3312/3312
f 3309/3309 3270/3270 3267/3267
f 3309/3309 3313/3313 3270/3270
f 3311/3311 3313/3313 3309/3309
f 3311/3311 3305/3305 3313/3313
f 3299/3299 3305/3305 3311/3311
f 3313/3313 3271/3271 3270/3270
f 3313/3313 3307/3307 3271/3271
f 3305/3305 3307/3307 3313/3313
f 3307/3307 3099/3099 3271/3271
f 3315/3315 3314/3314 3155/3155
f 3315/3315 3316/3316 3314/3314
f 3317/3317 3316/3316 3315/3315
f 3317/3317 3318/3318 3316/3316
f 3319/3319 3318/3318 3317/3317
f 3319/3319 3320/3320 3318/3318
f 3321/3321 3320/3320 3319/3319
f 3316/3316 3322/3322 3314/3314
f 3316/3316 3323/3323 3322/3322
f 3318/3318 3323/3323 3316/3316
f 3318/3318 3324/3324 3323/3323
f 3320/3320 3324/3324 3318/3318
f 3323/3323 3325/3325 3322/3322
f 3323/3323 3326/3326 3325/3325
f 3324/3324 3326/3326 3323/3323
f 3326/3326 3327/3327 3325/3325
f 3171/3171 3315/3315 3155/3155
f 3171/3171 3328/3328 3315/3315
f 3170/3170 3328/3328 3171/3171
f 3170/3170 3329/3329 3328/3328
f 3167/3167 3329/3329 3170/3170
f 3167/3167 3330/3330 3329/3329
f 3168/3168 3330/3330 3167/3167
f 3328/3328 3317/3317 3315/3315
f 3328/3328 3331/3331 3317/3317
f 3329/3329 3331/3331 3328/3328
f 3329/3329 3332/3332 3331/3331
f 3330/3330 3332/3332 3329/3329
f 3331/3331 3319/3319 3317/3317
f 3331/3331 3333/3333 3319/3319
f 3332/3332 3333/3333 3331/3331
f 3333/3333 3321/3321 3319/3319
f 3334/3334 3320/3320 3321/3321
f 3334/3334 3335/3335 3320/3320
f 3336/3336 3335/3335 3334/3334
f 3336/3336 3337/3337 3335/3335
f 3338/3338 3337/3337 3336/3336
f 3338/3338 3339/3339 3337/3337
f 3340/3340 3339/3339 3338/3338
f 3335/3335 3324/3324 3320/3320
f 3335/3335 3341/3341 3324/3324
f 3337/3337 3341/3341 3335/3335
f 3337/3337 3342/3342 3341/3341
f 3339/3339 3342/3342 3337/3337
f 3341/3341 3326/3326 3324/3324
f 3341/3341 3343/3343 3326/3326
f 3342/3342 3343/3343 3341/3341
f 3343/3343 3327/3327 3326/3326
f 3344/3344 3334/3334 3321/3321
f 3344/3344 3345/3345 3334/3334
f 3346/3346 3345/3345 3344/3344
f 3346/3346 3347/3347 3345/3345
f 3348/3348 3347/3347 3346/3346
f 3348/3348 3349/3349 3347/3347
f 3350/3350 3349/3349 3348/3348
f 3345/3345 3336/3336 3334/3334
f 3345/3345 3351/3351 3336/3336
f 3347/3347 3351/3351 3345/3345
f 3347/3347 3352/3352 3351/3351
f 3349/3349 3352/3352 3347/3347
f 3351/3351 3338/3338 3336/3336
f 3351/3351 3353/3353 3338/3338
f 3352/3352 3353/3353 3351/3351
f 3353/3353 3340/3340 3338/3338
f 3192/3192 3354/3354 3191/3191
f 3192/3192 3355/3355 3354/3354
f 3195/3195 3355/3355 3192/3192
f 3195/3195 3356/3356 3355/3355
f 3197/3197 3356/3356 3195/3195
f 3197/3197 3357/3357 3356/3356
f 3155/3155 3357/3357 3197/3197
f 3355/3355 3358/3358 3354/3354
f 3355/3355 3359/3359 3358/3358
f 3356/3356 3359/3359 3355/3355
f 3356/3356 3360/3360 3359/3359
f 3357/3357 3360/3360 3356/3356
f 3359/3359 3361/3361 3358/3358
f 3359/3359 3362/3362 3361/3361
f 3360/3360 3362/3362 3359/3359
f 3362/3362 3363/3363 3361/3361
f 3362/3362 3364/3364 3363/3363
f 3362/3362 3365/3365 3364/3364
f 3360/3360 3365/3365 3362/3362
f 3360/3360 3366/3366 3365/3365
f 3357/3357 3366/3366 3360/3360
f 3357/3357 3314/3314 3366/3366
f 3155/3155 3314/3314 3357/3357
f 3365/3365 3367/3367 3364/3364
f 3365/3365 3368/3368 3367/3367
f 3366/3366 3368/3368 3365/3365
f 3366/3366 3322/3322 3368/3368
f 3314/3314 3322/3322 3366/3366
f 3368/3368 3369/3369 3367/3367
f 3368/3368 3325/3325 3369/3369
f 3322/3322 3325/3325 3368/3368
f 3325/3325 3327/3327 3369/3369
f 3208/3208 3370/3370 3207/3207
f 3208/3208 3371/3371 3370/3370
f 3211/3211 3371/3371 3208/3208
f 3211/3211 3372/3372 3371/3371
f 3213/3213 3372/3372 3211/3211
f 3213/3213 3373/3373 3372/3372
f 3191/3191 3373/3373 3213/3213
f 3371/3371 3374/3374 3370/3370
f 3371/3371 3375/3375 3374/3374
f 3372/3372 3375/3375 3371/3371
f 3372/3372 3376/3376 3375/3375
f 3373/3373 3376/3376 3372/3372
f 3375/3375 3377/3377 3374/3374
f 3375/3375 3378/3378 3377/3377
f 3376/3376 3378/3378 3375/3375
f 3378/3378 3379/3379 3377/3377
f 3378/3378 3380/3380 3379/3379
f 3378/3378 3381/3381 3380/3380
f 3376/3376 3381/3381 3378/3378
f 3376/3376 3382/3382 3381/3381
f 3373/3373 3382/3382 3376/3376
f 3373/3373 3354/3354 3382/3382
f 3191/3191 3354/3354 3373/3373
f 3381/3381 3383/3383 3380/3380
f 3381/3381 3384/3384 3383/3383
f 3382/3382 3384/3384 3381/3381
f 3382/3382 3358/3358 3384/3384
f 3354/3354 3358/3358 3382/3382
f 3384/3384 3385/3385 3383/3383
f 3384/3384 3361/3361 3385/3385
f 3358/3358 3361/3361 3384/3384
f 3361/3361 3363/3363 3385/3385
f 3224/3224 3386/3386 3223/3223
f 3224/3224 3387/3387 3386/3386
f 3227/3227 3387/3387 3224/3224
f 3227/3227 3388/3388 3387/3387
f 3229/3229 3388/3388 3227/3227
f 3229/3229 3389/3389 3388/3388
f 3207/3207 3389/3389 3229/3229
f 3387/3387 3390/3390 3386/3386
f 3387/3387 3391/3391 3390/3390
f 3388/3388 3391/3391 3387/3387
f 3388/3388 3392/3392 3391/3391
f 3389/3389 3392/3392 3388/3388
f 3391/3391 3393/3393 3390/3390
f 3391/3391 3394/3394 3393/3393
f 3392/3392 3394/3394 3391/3391
f 3394/3394 3395/3395 3393/3393
f 3394/3394 3396/3396 3395/3395
f 3394/3394 3397/3397 3396/3396
f 3392/3392 3397/3397 3394/3394
f 3392/3392 3398/3398 3397/3397
f 3389/3389 3398/3398 3392/3392
f 3389/3389 3370/3370 3398/3398
f 3207/3207 3370/3370 3389/3389
f 3397/3397 3399/3399 3396/3396
f 3397/3397 3400/3400 3399/3399
f 3398/3398 3400/3400 3397/3397
f 3398/3398 3374/3374 3400/3400
f 3370/3370 3374/3374 3398/3398
f 3400/3400 3401/3401 3399/3399
f 3400/3400 3377/3377 3401/3401
f 3374/3374 3377/3377 3400/3400
f 3377/3377 3379/3379 3401/3401
f 3240/3240 3402/3402 3239/3239
f 3240/3240 3403/3403 3402/3402
f 3243/3243 3403/3403 3240/3240
f 3243/3243 3404/3404 3403/3403
f 3245/3245 3404/3404 3243/3243
f 3245/3245 3405/3405 3404/3404
f 3223/3223 3405/3405 3245/3245
f 3403/3403 3406/3406 3402/3402
f 3403/3403 3407/3407 3406/3406
f 3404/3404 3407/3407 3403/3403
f 3404/3404 3408/3408 3407/3407
f 3405/3405 3408/3408 3404/3404
f 3407/3407 3409/3409 3406/3406
f 3407/3407 3410/3410 3409/3409
f 3408/3408 3410/3410 3407/3407
f 3410/3410 3411/3411 3409/3409
f 3410/3410 3412/3412 3411/3411
f 3410/3410 3413/3413 3412/3412
f 3408/3408 3413/3413 3410/3410
f 3408/3408 3414/3414 3413/3413
f 3405/3405 3414/3414 3408/3408
f 3405/3405 3386/3386 3414/3414
f 3223/3223 3386/3386 3405/3405
f 3413/3413 3415/3415 3412/3412
f 3413/3413 3416/3416 3415/3415
f 3414/3414 3416/3416 3413/3413
f 3414/3414 3390/3390 3416/3416
f 3386/3386 3390/3390 3414/3414
f 3416/3416 3417/3417 3415/3415
f 3416/3416 3393/3393 3417/3417
f 3390/3390 3393/3393 3416/3416
f 3393/3393 3395/3395 3417/3417
f 3256/3256 3418/3418 3255/3255
f 3256/3256 3419/3419 3418/3418
f 3259/3259 3419/3419 3256/3256
f 3259/3259 3420/3420 3419/3419
f 3261/3261 3420/3420 3259/3259
f 3261/3261 3421/3421 3420/3420
f 3239/3239 3421/3421 3261/3261
f 3419/3419 3422/3422 3418/3418
f 3419/3419 3423/3423 3422/3422
f 3420/3420 3423/3423 3419/3419
f 3420/3420 3424/3424 3423/3423
f 3421/3421 3424/3424 3420/3420
f 3423/3423 3425/3425 3422/3422
f 3423/3423 3426/3426 3425/3425
f 3424/3424 3426/3426 3423/3423
f 3426/3426 3427/3427 3425/3425
f 3426/3426 3428/3428 3427/3427
f 3426/3426 3429/3429 3428/3428
f 3424/3424 3429/3429 3426/3426
f 3424/3424 3430/3430 3429/3429
f 3421/3421 3430/3430 3424/3424
f 3421/3421 3402/3402 3430/3430
f 3239/3239 3402/3402 3421/3421
f 3429/3429 3431/3431 3428/3428
f 3429/3429 3432/3432 3431/3431
f 3430/3430 3432/3432 3429/3429
f 3430/3430 3406/3406 3432/3432
f 3402/3402 3406/3406 3430/3430
f 3432/3432 3433/3433 3431/3431
f 3432/3432 3409/3409 3433/3433
f 3406/3406 3409/3409 3432/3432
f 3409/3409 3411/3411 3433/3433
f 3434/3434 3288/3288 3255/3255
f 3434/3434 3435/3435 3288/3288
f 3436/3436 3435/3435 3434/3434
f 3436/3436 3437/3437 3435/3435
f 3438/3438 3437/3437 3436/3436
f 3438/3438 3439/3439 3437/3437
f 3440/3440 3439/3439 3438/3438
f 3435/3435 3290/3290 3288/3288
f 3435/3435 3441/3441 3290/3290
f 3437/3437 3441/3441 3435/3435
f 3437/3437 3442/3442 3441/3441
f 3439/3439 3442/3442 3437/3437
f 3441/3441 3292/3292 3290/3290
f 3441/3441 3443/3443 3292/3292
f 3442/3442 3443/3443 3441/3441
f 3443/3443 3294/3294 3292/3292
f 3444/3444 3434/3434 3255/3255
f 3444/3444 3445/3445 3434/3434
f 3446/3446 3445/3445 3444/3444
f 3446/3446 3447/3447 3445/3445
f 3448/3448 3447/3447 3446/3446
f 3448/3448 3449/3449 3447/3447
f 3450/3450 3449/3449 3448/3448
f 3445/3445 3436/3436 3434/3434
f 3445/3445 3451/3451 3436/3436
f 3447/3447 3451/3451 3445/3445
f 3447/3447 3452/3452 3451/3451
f 3449/3449 3452/3452 3447/3447
f 3451/3451 3438/3438 3436/3436
f 3451/3451 3453/3453 3438/3438
f 3452/3452 3453/3453 3451/3451
f 3453/3453 3440/3440 3438/3438
f 3454/3454 3425/3425 3427/3427
f 3454/3454 3455/3455 3425/3425
f 3456/3456 3455/3455 3454/3454
f 3456/3456 3457/3457 3455/3455
f 3458/3458 3457/3457 3456/3456
f 3458/3458 3448/3448 3457/3457
f 3450/3450 3448/3448 3458/3458
f 3455/3455 3422/3422 3425/3425
f 3455/3455 3459/3459 3422/3422
f 3457/3457 3459/3459 3455/3455
f 3457/3457 3446/3446 3459/3459
f 3448/3448 3446/3446 3457/3457
f 3459/3459 3418/3418 3422/3422
f 3459/3459 3444/3444 3418/3418
f 3446/3446 3444/3444 3459/3459
f 3444/3444 3255/3255 3418/3418
f 3460/3460 3454/3454 3427/3427
f 3460/3460 3461/3461 3454/3454
f 3462/3462 3461/3461 3460/3460
f 3462/3462 3463/3463 3461/3461
f 3464/3464 3463/3463 3462/3462
f 3464/3464 3465/3465 3463/3463
f 3466/3466 3465/3465 3464/3464
f 3461/3461 3456/3456 3454/3454
f 3461/3461 3467/3467 3456/3456
f 3463/3463 3467/3467 3461/3461
f 3463/3463 3468/3468 3467/3467
f 3465/3465 3468/3468 3463/3463
f 3467/3467 3458/3458 3456/3456
f 3467/3467 3469/3469 3458/3458
f 3468/3468 3469/3469 3467/3467
f 3469/3469 3450/3450 3458/3458
f 3471/3471 3470/3470 3327/3327
f 3471/3471 3472/3472 3470/3470
f 3473/3473 3472/3472 3471/3471
f 3473/3473 3474/3474 3472/3472
f 3475/3475 3474/3474 3473/3473
f 3475/3475 3476/3476 3474/3474
f 3477/3477 3476/3476 3475/3475
f 3472/3472 3478/3478 3470/3470
f 3472/3472 3479/3479 3478/3478
f 3474/3474 3479/3479 3472/3472
f 3474/3474 3480/3480 3479/3479
f 3476/3476 3480/3480 3474/3474
f 3479/3479 3481/3481 3478/3478
f 3479/3479 3482/3482 3481/3481
f 3480/3480 3482/3482 3479/3479
f 3482/3482 3483/3483 3481/3481
f 3343/3343 3471/3471 3327/3327
f 3343/3343 3484/3484 3471/3471
f 3342/3342 3484/3484 3343/3343
f 3342/3342 3485/3485 3484/3484
f 3339/3339 3485/3485 3342/3342
f 3339/3339 3486/3486 3485/3485
f 3340/3340 3486/3486 3339/3339
f 3484/3484 3473/3473 3471/3471
f 3484/3484 3487/3487 3473/3473
f 3485/3485 3487/3487 3484/3484
f 3485/3485 3488/3488 3487/3487
f 3486/3486 3488/3488 3485/3485
f 3487/3487 3475/3475 3473/3473
f 3487/3487 3489/3489 3475/3475
f 3488/3488 3489/3489 3487/3487
f 3489/3489 3477/3477 3475/3475
f 3490/3490 3476/3476 3477/3477
f 3490/3490 3491/3491 3476/3476
f 3492/3492 3491/3491 3490/3490
f 3492/3492 3493/3493 3491/3491
f 3494/3494 3493/3493 3492/3492
f 3494/3494 3495/3495 3493/3493
f 3496/3496 3495/3495 3494/3494
f 3491/3491 3480/3480 3476/3476
f 3491/3491 3497/3497 3480/3480
f 3493/3493 3497/3497 3491/3491
f 3493/3493 3498/3498 3497/3497
f 3495/3495 3498/3498 3493/3493
f 3497/3497 3482/3482 3480/3480
f 3497/3497 3499/3499 3482/3482
f 3498/3498 3499/3499 3497/3497
f 3499/3499 3483/3483 3482/3482
f 3364/3364 3500/3500 3363/3363
f 3364/3364 3501/3501 3500/3500
f 3367/3367 3501/3501 3364/3364
f 3367/3367 3502/3502 3501/3501
f 3369/3369 3502/3502 3367/3367
f 3369/3369 3503/3503 3502/3502
f 3327/3327 3503/3503 3369/3369
f 3501/3501 3504/3504 3500/3500
f 3501/3501 3505/3505 3504/3504
f 3502/3502 3505/3505 3501/3501
f 3502/3502 3506/3506 3505/3505
f 3503/3503 3506/3506 3502/3502
f 3505/3505 3507/3507 3504/3504
f 3505/3505 3508/3508 3507/3507
f 3506/3506 3508/3508 3505/3505
f 3508/3508 3509/3509 3507/3507
f 3508/3508 3510/3510 3509/3509
f 3508/3508 3511/3511 3510/3510
f 3506/3506 3511/3511 3508/3508
f 3506/3506 3512/3512 3511/3511
f 3503/3503 3512/3512 3506/3506
f 3503/3503 3470/3470 3512/3512
f 3327/3327 3470/3470 3503/3503
f 3511/3511 3513/3513 3510/3510
f 3511/3511 3514/3514 3513/3513
f 3512/3512 3514/3514 3511/3511
f 3512/3512 3478/3478 3514/3514
f 3470/3470 3478/3478 3512/3512
f 3514/3514 3515/3515 3513/3513
f 3514/3514 3481/3481 3515/3515
f 3478/3478 3481/3481 3514/3514
f 3481/3481 3483/3483 3515/3515
f 3380/3380 3516/3516 3379/3379
f 3380/3380 3517/3517 3516/3516
f 3383/3383 3517/3517 3380/3380
f 3383/3383 3518/3518 3517/3517
f 3385/3385 3518/3518 3383/3383
f 3385/3385 3519/3519 3518/3518
f 3363/3363 3519/3519 3385/3385
f 3517/3517 3520/3520 3516/3516
f 3517/3517 3521/3521 3520/3520
f 3518/3518 3521/3521 3517/3517
f 3518/3518 3522/3522 3521/3521
f 3519/3519 3522/3522 3518/3518
f 3521/3521 3523/3523 3520/3520
f 3521/3521 3524/3524 3523/3523
f 3522/3522 3524/3524 3521/3521
f 3524/3524 3525/3525 3523/3523
f 3524/3524 3526/3526 3525/3525
f 3524/3524 3527/3527 3526/3526
f 3522/3522 3527/3527 3524/3524
f 3522/3522 3528/3528 3527/3527
f 3519/3519 3528/3528 3522/3522
f 3519/3519 3500/3500 3528/3528
f 3363/3363 3500/3500 3519/3519
f 3527/3527 3529/3529 3526/3526
f 3527/3527 3530/3530 3529/3529
f 3528/3528 3530/3530 3527/3527
f 3528/3528 3504/3504 3530/3530
f 3500/3500 3504/3504 3528/3528
f 3530/3530 3531/3531 3529/3529
f 3530/3530 3507/3507 3531/3531
f 3504/3504 3507/3507 3530/3530
f 3507/3507 3509/3509 3531/3531
f 3396/3396 3532/3532 3395/3395
f 3396/3396 3533/3533 3532/3532
f 3399/3399 3533/3533 3396/3396
f 3399/3399 3534/3534 3533/3533
f 3401/3401 3534/3534 3399/3399
f 3401/3401 3535/3535 3534/3534
f 3379/3379 3535/3535 3401/3401
f 3533/3533 3536/3536 3532/3532
f 3533/3533 3537/3537 3536/3536
f 3534/3534 3537/3537 3533/3533
f 3534/3534 3538/3538 3537/3537
f 3535/3535 3538/3538 3534/3534
f 3537/3537 3539/3539 3536/3536
f 3537/3537 3540/3540 3539/3539
f 3538/3538 3540/3540 3537/3537
f 3540/3540 3541/3541 3539/3539
f 3540/3540 3542/3542 3541/3541
f 3540/3540 3543/3543 3542/3542
f 3538/3538 3543/3543 3540/3540
f 3538/3538 3544/3544 3543/3543
f 3535/3535 3544/3544 3538/3538
f 3535/3535 3516/3516 3544/3544
f 3379/3379 3516/3516 3535/3535
f 3543/3543 3545/3545 3542/3542
f 3543/3543 3546/3546 3545/3545
f 3544/3544 3546/3546 3543/3543
f 3544/3544 3520/3520 3546/3546
f 3516/3516 3520/3520 3544/3544
f 3546/3546 3547/3547 3545/3545
f 3546/3546 3523/3523 3547/3547
f 3520/3520 3523/3523 3546/3546
f 3523/3523 3525/3525 3547/3547
f 3412/3412 3548/3548 3411/3411
f 3412/3412 3549/3549 3548/3548
f 3415/3415 3549/3549 3412/3412
f 3415/3415 3550/3550 3549/3549
f 3417/3417 3550/3550 3415/3415
f 3417/3417 3551/3551 3550/3550
f 3395/3395 3551/3551 3417/3417
f 3549/3549 3552/3552 3548/3548
f 3549/3549 3553/3553 3552/3552
f 3550/3550 3553/3553 3549/3549
f 3550/3550 3554/3554 3553/3553
f 3551/3551 3554/3554 3550/3550
f 3553/3553 3555/3555 3552/3552
f 3553/3553 3556/3556 3555/3555
f 3554/3554 3556/3556 3553/3553
f 3556/3556 3557/3557 3555/3555
f 3556/3556 3558/3558 3557/3557
f 3556/3556 3559/3559 3558/3558
f 3554/3554 3559/3559 3556/3556
f 3554/3554 3560/3560 3559/3559
f 3551/3551 3560/3560 3554/3554
f 3551/3551 3532/3532 3560/3560
f 3395/3395 3532/3532 3551/3551
f 3559/3559 3561/3561 3558/3558
f 3559/3559 3562/3562 3561/3561
f 3560/3560 3562/3562 3559/3559
f 3560/3560 3536/3536 3562/3562
f 3532/3532 3536/3536 3560/3560
f 3562/3562 3563/3563 3561/3561
f 3562/3562 3539/3539 3563/3563
f 3536/3536 3539/3539 3562/3562
f 3539/3539 3541/3541 3563/3563
f 3428/3428 3564/3564 3427/3427
f 3428/3428 3565/3565 3564/3564
f 3431/3431 3565/3565 3428/3428
f 3431/3431 3566/3566 3565/3565
f 3433/3433 3566/3566 3431/3431
f 3433/3433 3567/3567 3566/3566
f 3411/3411 3567/3567 3433/3433
f 3565/3565 3568/3568 3564/3564
f 3565/3565 3569/3569 3568/3568
f 3566/3566 3569/3569 3565/3565
f 3566/3566 3570/3570 3569/3569
f 3567/3567 3570/3570 3566/3566
f 3569/3569 3571/3571 3568/3568
f 3569/3569 3572/3572 3571/3571
f 3570/3570 3572/3572 3569/3569
f 3572/3572 3573/3573 3571/3571
f 3572/3572 3574/3574 3573/3573
f 3572/3572 3575/3575 3574/3574
f 3570/3570 3575/3575 3572/3572
f 3570/3570 3576/3576 3575/3575
f 3567/3567 3576/3576 3570/3570
f 3567/3567 3548/3548 3576/3576
f 3411/3411 3548/3548 3567/3567
f 3575/3575 3577/3577 3574/3574
f 3575/3575 3578/3578 3577/3577
f 3576/3576 3578/3578 3575/3575
f 3576/3576 3552/3552 3578/3578
f 3548/3548 3552/3552 3576/3576
f 3578/3578 3579/3579 3577/3577
f 3578/3578 3555/3555 3579/3579
f 3552/3552 3555/3555 3578/3578
f 3555/3555 3557/3557 3579/3579
f 3582/3582 3581/3581 3580/3580
f 3582/3582 3583/3583 3581/3581
f 3584/3584 3583/3583 3582/3582
f 3584/3584 3585/3585 3583/3583
f 3586/3586 3585/3585 3584/3584
f 3586/3586 3464/3464 3585/3585
f 3466/3466 3464/3464 3586/3586
f 3583/3583 3587/3587 3581/3581
f 3583/3583 3588/3588 3587/3587
f 3585/3585 3588/3588 3583/3583
f 3585/3585 3462/3462 3588/3588
f 3464/3464 3462/3462 3585/3585
f 3588/3588 3589/3589 3587/3587
f 3588/3588 3460/3460 3589/3589
f 3462/3462 3460/3460 3588/3588
f 3460/3460 3427/3427 3589/3589
f 3590/3590 3582/3582 3580/3580
f 3590/3590 3591/3591 3582/3582
f 3592/3592 3591/3591 3590/3590
f 3592/3592 3593/3593 3591/3591
f 3594/3594 3593/3593 3592/3592
f 3594/3594 3595/3595 3593/3593
f 3596/3596 3595/3595 3594/3594
f 3591/3591 3584/3584 3582/3582
f 3591/3591 3597/3597 3584/3584
f 3593/3593 3597/3597 3591/3591
f 3593/3593 3598/3598 3597/3597
f 3595/3595 3598/3598 3593/3593
f 3597/3597 3586/3586 3584/3584
f 3597/3597 3599/3599 3586/3586
f 3598/3598 3599/3599 3597/3597
f 3599/3599 3466/3466 3586/3586
f 3600/3600 3571/3571 3573/3573
f 3600/3600 3601/3601 3571/3571
f 3602/3602 3601/3601 3600/3600
f 3602/3602 3603/3603 3601/3601
f 3604/3604 3603/3603 3602/3602
f 3604/3604 3581/3581 3603/3603
f 3580/3580 3581/3581 3604/3604
f 3601/3601 3568/3568 3571/3571
f 3601/3601 3605/3605 3568/3568
f 3603/3603 3605/3605 3601/3601
f 3603/3603 3587/3587 3605/3605
f 3581/3581 3587/3587 3603/3603
f 3605/3605 3564/3564 3568/3568
f 3605/3605 3589/3589 3564/3564
f 3587/3587 3589/3589 3605/3605
f 3589/3589 3427/3427 3564/3564
f 3606/3606 3600/3600 3573/3573
f 3606/3606 3607/3607 3600/3600
f 3608/3608 3607/3607 3606/3606
f 3608/3608 3609/3609 3607/3607
f 3610/3610 3609/3609 3608/3608
f 3610/3610 3611/3611 3609/3609
f 3612/3612 3611/3611 3610/3610
f 3607/3607 3602/3602 3600/3600
f 3607/3607 3613/3613 3602/3602
f 3609/3609 3613/3613 3607/3607
f 3609/3609 3614/3614 3613/3613
f 3611/3611 3614/3614 3609/3609
f 3613/3613 3604/3604 3602/3602
f 3613/3613 3615/3615 3604/3604
f 3614/3614 3615/3615 3613/3613
f 3615/3615 3580/3580 3604/3604
f 3616/3616 3495/3495 3496/3496
f 3616/3616 3617/3617 3495/3495
f 3618/3618 3617/3617 3616/3616
f 3618/3618 3619/3619 3617/3617
f 3620/3620 3619/3619 3618/3618
f 3620/3620 3621/3621 3619/3619
f 3622/3622 3621/3621 3620/3620
f 3617/3617 3498/3498 3495/3495
f 3617/3617 3623/3623 3498/3498
f 3619/3619 3623/3623 3617/3617
f 3619/3619 3624/3624 3623/3623
f 3621/3621 3624/3624 3619/3619
f 3623/3623 3499/3499 3498/3498
f 3623/3623 3625/3625 3499/3499
f 3624/3624 3625/3625 3623/3623
f 3625/3625 3483/3483 3499/3499
f 3626/3626 3616/3616 3496/3496
f 3626/3626 3627/3627 3616/3616
f 3628/3628 3627/3627 3626/3626
f 3628/3628 3629/3629 3627/3627
f 3630/3630 3629/3629 3628/3628
f 3630/3630 3631/3631 3629/3629
f 3632/3632 3631/3631 3630/3630
f 3627/3627 3618/3618 3616/3616
f 3627/3627 3633/3633 3618/3618
f 3629/3629 3633/3633 3627/3627
f 3629/3629 3634/3634 3633/3633
f 3631/3631 3634/3634 3629/3629
f 3633/3633 3620/3620 3618/3618
f 3633/3633 3635/3635 3620/3620
f 3634/3634 3635/3635 3633/3633
f 3635/3635 3622/3622 3620/3620
f 3510/3510 3636/3636 3509/3509
f 3510/3510 3637/3637 3636/3636
f 3513/3513 3637/3637 3510/3510
f 3513/3513 3638/3638 3637/3637
f 3515/3515 3638/3638 3513/3513
f 3515/3515 3639/3639 3638/3638
f 3483/3483 3639/3639 3515/3515
f 3637/3637 3640/3640 3636/3636
f 3637/3637 3641/3641 3640/3640
f 3638/3638 3641/3641 3637/3637
f 3638/3638 3642/3642 3641/3641
f 3639/3639 3642/3642 3638/3638
f 3641/3641 3643/3643 3640/3640
f 3641/3641 3644/3644 3643/3643
f 3642/3642 3644/3644 3641/3641
f 3644/3644 3645/3645 3643/3643
f 3646/3646 3639/3639 3483/3483
f 3646/3646 3647/3647 3639/3639
f 3648/3648 3647/3647 3646/3646
f 3648/3648 3649/3649 3647/3647
f 3650/3650 3649/3649 3648/3648
f 3650/3650 3651/3651 3649/3649
f 3652/3652 3651/3651 3650/3650
f 3647/3647 3642/3642 3639/3639
f 3647/3647 3653/3653 3642/3642
f 3649/3649 3653/3653 3647/3647
f 3649/3649 3654/3654 3653/3653
f 3651/3651 3654/3654 3649/3649
f 3653/3653 3644/3644 3642/3642
f 3653/3653 3655/3655 3644/3644
f 3654/3654 3655/3655 3653/3653
f 3655/3655 3645/3645 3644/3644
f 3656/3656 3646/3646 3483/3483
f 3656/3656 3657/3657 3646/3646
f 3658/3658 3657/3657 3656/3656
f 3658/3658 3659/3659 3657/3657
f 3660/3660 3659/3659 3658/3658
f 3660/3660 3661/3661 3659/3659
f 3662/3662 3661/3661 3660/3660
f 3657/3657 3648/3648 3646/3646
f 3657/3657 3663/3663 3648/3648
f 3659/3659 3663/3663 3657/3657
f 3659/3659 3664/3664 3663/3663
f 3661/3661 3664/3664 3659/3659
f 3663/3663 3650/3650 3648/3648
f 3663/3663 3665/3665 3650/3650
f 3664/3664 3665/3665 3663/3663
f 3665/3665 3652/3652 3650/3650
f 3625/3625 3656/3656 3483/3483
f 3625/3625 3666/3666 3656/3656
f 3624/3624 3666/3666 3625/3625
f 3624/3624 3667/3667 3666/3666
f 3621/3621 3667/3667 3624/3624
f 3621/3621 3668/3668 3667/3667
f 3622/3622 3668/3668 3621/3621
f 3666/3666 3658/3658 3656/3656
f 3666/3666 3669/3669 3658/3658
f 3667/3667 3669/3669 3666/3666
f 3667/3667 3670/3670 3669/3669
f 3668/3668 3670/3670 3667/3667
f 3669/3669 3660/3660 3658/3658
f 3669/3669 3671/3671 3660/3660
f 3670/3670 3671/3671 3669/3669
f 3671/3671 3662/3662 3660/3660
f 3526/3526 3672/3672 3525/3525
f 3526/3526 3673/3673 3672/3672
f 3529/3529 3673/3673 3526/3526
f 3529/3529 3674/3674 3673/3673
f 3531/3531 3674/3674 3529/3529
f 3531/3531 3675/3675 3674/3674
f 3509/3509 3675/3675 3531/3531
f 3673/3673 3676/3676 3672/3672
f 3673/3673 3677/3677 3676/3676
f 3674/3674 3677/3677 3673/3673
f 3674/3674 3678/3678 3677/3677
f 3675/3675 3678/3678 3674/3674
f 3677/3677 3679/3679 3676/3676
f 3677/3677 3680/3680 3679/3679
f 3678/3678 3680/3680 3677/3677
f 3680/3680 3681/3681 3679/3679
f 3680/3680 3682/3682 3681/3681
f 3680/3680 3683/3683 3682/3682
f 3678/3678 3683/3683 3680/3680
f 3678/3678 3684/3684 3683/3683
f 3675/3675 3684/3684 3678/3678
f 3675/3675 3636/3636 3684/3684
f 3509/3509 3636/3636 3675/3675
f 3683/3683 3685/3685 3682/3682
f 3683/3683 3686/3686 3685/3685
f 3684/3684 3686/3686 3683/3683
f 3684/3684 3640/3640 3686/3686
f 3636/3636 3640/3640 3684/3684
f 3686/3686 3687/3687 3685/3685
f 3686/3686 3643/3643 3687/3687
f 3640/3640 3643/3643 3686/3686
f 3643/3643 3645/3645 3687/3687
f 3542/3542 3688/3688 3541/3541
f 3542/3542 3689/3689 3688/3688
f 3545/3545 3689/3689 3542/3542
f 3545/3545 3690/3690 3689/3689
f 3547/3547 3690/3690 3545/3545
f 3547/3547 3691/3691 3690/3690
f 3525/3525 3691/3691 3547/3547
f 3689/3689 3692/3692 3688/3688
f 3689/3689 3693/3693 3692/3692
f 3690/3690 3693/3693 3689/3689
f 3690/3690 3694/3694 3693/3693
f 3691/3691 3694/3694 3690/3690
f 3693/3693 3695/3695 3692/3692
f 3693/3693 3696/3696 3695/3695
f 3694/3694 3696/3696 3693/3693
f 3696/3696 3697/3697 3695/3695
f 3696/3696 3698/3698 3697/3697
f 3696/3696 3699/3699 3698/3698
f 3694/3694 3699/3699 3696/3696
f 3694/3694 3700/3700 3699/3699
f 3691/3691 3700/3700 3694/3694
f 3691/3691 3672/3672 3700/3700
f 3525/3525 3672/3672 3691/3691
f 3699/3699 3701/3701 3698/3698
f 3699/3699 3702/3702 3701/3701
f 3700/3700 3702/3702 3699/3699
f 3700/3700 3676/3676 3702/3702
f 3672/3672 3676/3676 3700/3700
f 3702/3702 3703/3703 3701/3701
f 3702/3702 3679/3679 3703/3703
f 3676/3676 3679/3679 3702/3702
f 3679/3679 3681/3681 3703/3703
f 3558/3558 3704/3704 3557/3557
f 3558/3558 3705/3705 3704/3704
f 3561/3561 3705/3705 3558/3558
f 3561/3561 3706/3706 3705/3705
f 3563/3563 3706/3706 3561/3561
f 3563/3563 3707/3707 3706/3706
f 3541/3541 3707/3707 3563/3563
f 3705/3705 3708/3708 3704/3704
f 3705/3705 3709/3709 3708/3708
f 3706/3706 3709/3709 3705/3705
f 3706/3706 3710/3710 3709/3709
f 3707/3707 3710/3710 3706/3706
f 3709/3709 3711/3711 3708/3708
f 3709/3709 3712/3712 3711/3711
f 3710/3710 3712/3712 3709/3709
f 3712/3712 3713/3713 3711/3711
f 3712/3712 3714/3714 3713/3713
f 3712/3712 3715/3715 3714/3714
f 3710/3710 3715/3715 3712/3712
f 3710/3710 3716/3716 3715/3715
f 3707/3707 3716/3716 3710/3710
f 3707/3707 3688/3688 3716/3716
f 3541/3541 3688/3688 3707/3707
f 3715/3715 3717/3717 3714/3714
f 3715/3715 3718/3718 3717/3717
f 3716/3716 3718/3718 3715/3715
f 3716/3716 3692/3692 3718/3718
f 3688/3688 3692/3692 3716/3716
f 3718/3718 3719/3719 3717/3717
f 3718/3718 3695/3695 3719/3719
f 3692/3692 3695/3695 3718/3718
f 3695/3695 3697/3697 3719/3719
f 3720/3720 3579/3579 3557/3557
f 3720/3720 3721/3721 3579/3579
f 3722/3722 3721/3721 3720/3720
f 3722/3722 3723/3723 3721/3721
f 3724/3724 3723/3723 3722/3722
f 3724/3724 3725/3725 3723/3723
f 3726/3726 3725/3725 3724/3724
f 3721/3721 3577/3577 3579/3579
f 3721/3721 3727/3727 3577/3577
f 3723/3723 3727/3727 3721/3721
f 3723/3723 3728/3728 3727/3727
f 3725/3725 3728/3728 3723/3723
f 3727/3727 3574/3574 3577/3577
f 3727/3727 3729/3729 3574/3574
f 3728/3728 3729/3729 3727/3727
f 3729/3729 3573/3573 3574/3574
f 3730/3730 3720/3720 3557/3557
f 3730/3730 3731/3731 3720/3720
f 3732/3732 3731/3731 3730/3730
f 3732/3732 3733/3733 3731/3731
f 3734/3734 3733/3733 3732/3732
f 3734/3734 3735/3735 3733/3733
f 3736/3736 3735/3735 3734/3734
f 3731/3731 3722/3722 3720/3720
f 3731/3731 3737/3737 3722/3722
f 3733/3733 3737/3737 3731/3731
f 3733/3733 3738/3738 3737/3737
f 3735/3735 3738/3738 3733/3733
f 3737/3737 3724/3724 3722/3722
f 3737/3737 3739/3739 3724/3724
f 3738/3738 3739/3739 3737/3737
f 3739/3739 3726/3726 3724/3724
f 3740/3740 3711/3711 3713/3713
f 3740/3740 3741/3741 3711/3711
f 3742/3742 3741/3741 3740/3740
f 3742/3742 3743/3743 3741/3741
f 3744/3744 3743/3743 3742/3742
f 3744/3744 3734/3734 3743/3743
f 3736/3736 3734/3734 3744/3744
f 3741/3741 3708/3708 3711/3711
f 3741/3741 3745/3745 3708/3708
f 3743/3743 3745/3745 3741/3741
f 3743/3743 3732/3732 3745/3745
f 3734/3734 3732/3732 3743/3743
f 3745/3745 3704/3704 3708/3708
f 3745/3745 3730/3730 3704/3704
f 3732/3732 3730/3730 3745/3745
f 3730/3730 3557/3557 3704/3704
f 3746/3746 3740/3740 3713/3713
f 3746/3746 3747/3747 3740/3740
f 3748/3748 3747/3747 3746/3746
f 3748/3748 3749/3749 3747/3747
f 3750/3750 3749/3749 3748/3748
f 3750/3750 3751/3751 3749/3749
f 3752/3752 3751/3751 3750/3750
f 3747/3747 3742/3742 3740/3740
f 3747/3747 3753/3753 3742/3742
f 3749/3749 3753/3753 3747/3747
f 3749/3749 3754/3754 3753/3753
f 3751/3751 3754/3754 3749/3749
f 3753/3753 3744/3744 3742/3742
f 3753/3753 3755/3755 3744/3744
f 3754/3754 3755/3755 3753/3753
f 3755/3755 3736/3736 3744/3744
f 3758/3758 3757/3757 3756/3756
f 3758/3758 3759/3759 3757/3757
f 3760/3760 3759/3759 3758/3758
f 3760/3760 3761/3761 3759/3759
f 3762/3762 3761/3761 3760/3760
f 3762/3762 3610/3610 3761/3761
f 3612/3612 3610/3610 3762/3762
f 3759/3759 3763/3763 3757/3757
f 3759/3759 3764/3764 3763/3763
f 3761/3761 3764/3764 3759/3759
f 3761/3761 3608/3608 3764/3764
f 3610/3610 3608/3608 3761/3761
f 3764/3764 3765/3765 3763/3763
f 3764/3764 3606/3606 3765/3765
f 3608/3608 3606/3606 3764/3764
f 3606/3606 3573/3573 3765/3765
f 3766/3766 3725/3725 3726/3726
f 3766/3766 3767/3767 3725/3725
f 3768/3768 3767/3767 3766/3766
f 3768/3768 3769/3769 3767/3767
f 3770/3770 3769/3769 3768/3768
f 3770/3770 3757/3757 3769/3769
f 3756/3756 3757/3757 3770/3770
f 3767/3767 3728/3728 3725/3725
f 3767/3767 3771/3771 3728/3728
f 3769/3769 3771/3771 3767/3767
f 3769/3769 3763/3763 3771/3771
f 3757/3757 3763/3763 3769/3769
f 3771/3771 3729/3729 3728/3728
f 3771/3771 3765/3765 3729/3729
f 3763/3763 3765/3765 3771/3771
f 3765/3765 3573/3573 3729/3729
f 3772/3772 3766/3766 3726/3726
f 3772/3772 3773/3773 3766/3766
f 3774/3774 3773/3773 3772/3772
f 3774/3774 3775/3775 3773/3773
f 3776/3776 3775/3775 3774/3774
f 3776/3776 3777/3777 3775/3775
f 3778/3778 3777/3777 3776/3776
f 3773/3773 3768/3768 3766/3766
f 3773/3773 3779/3779 3768/3768
f 3775/3775 3779/3779 3773/3773
f 3775/3775 3780/3780 3779/3779
f 3777/3777 3780/3780 3775/3775
f 3779/3779 3770/3770 3768/3768
f 3779/3779 3781/3781 3770/3770
f 3780/3780 3781/3781 3779/3779
f 3781/3781 3756/3756 3770/3770
f 3782/3782 3651/3651 3652/3652
f 3782/3782 3783/3783 3651/3651
f 3784/3784 3783/3783 3782/3782
f 3784/3784 3785/3785 3783/3783
f 3786/3786 3785/3785 3784/3784
f 3786/3786 3787/3787 3785/3785
f 3788/3788 3787/3787 3786/3786
f 3783/3783 3654/3654 3651/3651
f 3783/3783 3789/3789 3654/3654
f 3785/3785 3789/3789 3783/3783
f 3785/3785 3790/3790 3789/3789
f 3787/3787 3790/3790 3785/3785
f 3789/3789 3655/3655 3654/3654
f 3789/3789 3791/3791 3655/3655
f 3790/3790 3791/3791 3789/3789
f 3791/3791 3645/3645 3655/3655
f 3792/3792 3687/3687 3645/3645
f 3792/3792 3793/3793 3687/3687
f 3794/3794 3793/3793 3792/3792
f 3794/3794 3795/3795 3793/3793
f 3796/3796 3795/3795 3794/3794
f 3796/3796 3797/3797 3795/3795
f 3798/3798 3797/3797 3796/3796
f 3793/3793 3685/3685 3687/3687
f 3793/3793 3799/3799 3685/3685
f 3795/3795 3799/3799 3793/3793
f 3795/3795 3800/3800 3799/3799
f 3797/3797 3800/3800 3795/3795
f 3799/3799 3682/3682 3685/3685
f 3799/3799 3801/3801 3682/3682
f 3800/3800 3801/3801 3799/3799
f 3801/3801 3681/3681 3682/3682
f 3802/3802 3792/3792 3645/3645
f 3802/3802 3803/3803 3792/3792
f 3804/3804 3803/3803 3802/3802
f 3804/3804 3805/3805 3803/3803
f 3806/3806 3805/3805 3804/3804
f 3806/3806 3807/3807 3805/3805
f 3808/3808 3807/3807 3806/3806
f 3803/3803 3794/3794 3792/3792
f 3803/3803 3809/3809 3794/3794
f 3805/3805 3809/3809 3803/3803
f 3805/3805 3810/3810 3809/3809
f 3807/3807 3810/3810 3805/3805
f 3809/3809 3796/3796 3794/3794
f 3809/3809 3811/3811 3796/3796
f 3810/3810 3811/3811 3809/3809
f 3811/3811 3798/3798 3796/3796
f 3812/3812 3802/3802 3645/3645
f 3812/3812 3813/3813 3802/3802
f 3814/3814 3813/3813 3812/3812
f 3814/3814 3815/3815 3813/3813
f 3816/3816 3815/3815 3814/3814
f 3816/3816 3817/3817 3815/3815
f 3818/3818 3817/3817 3816/3816
f 3813/3813 3804/3804 3802/3802
f 3813/3813 3819/3819 3804/3804
f 3815/3815 3819/3819 3813/3813
f 3815/3815 3820/3820 3819/3819
f 3817/3817 3820/3820 3815/3815
f 3819/3819 3806/3806 3804/3804
f 3819/3819 3821/3821 3806/3806
f 3820/3820 3821/3821 3819/3819
f 3821/3821 3808/3808 3806/3806
f 3822/3822 3787/3787 3788/3788
f 3822/3822 3823/3823 3787/3787
f 3824/3824 3823/3823 3822/3822
f 3824/3824 3825/3825 3823/3823
f 3826/3826 3825/3825 3824/3824
f 3826/3826 3816/3816 3825/3825
f 3818/3818 3816/3816 3826/3826
f 3823/3823 3790/3790 3787/3787
f 3823/3823 3827/3827 3790/3790
f 3825/3825 3827/3827 3823/3823
f 3825/3825 3814/3814 3827/3827
f 3816/3816 3814/3814 3825/3825
f 3827/3827 3791/3791 3790/3790
f 3827/3827 3812/3812 3791/3791
f 3814/3814 3812/3812 3827/3827
f 3812/3812 3645/3645 3791/3791
f 3828/3828 3703/3703 3681/3681
f 3828/3828 3829/3829 3703/3703
f 3830/3830 3829/3829 3828/3828
f 3830/3830 3831/3831 3829/3829
f 3832/3832 3831/3831 3830/3830
f 3832/3832 3833/3833 3831/3831
f 3834/3834 3833/3833 3832/3832
f 3829/3829 3701/3701 3703/3703
f 3829/3829 3835/3835 3701/3701
f 3831/3831 3835/3835 3829/3829
f 3831/3831 3836/3836 3835/3835
f 3833/3833 3836/3836 3831/3831
f 3835/3835 3698/3698 3701/3701
f 3835/3835 3837/3837 3698/3698
f 3836/3836 3837/3837 3835/3835
f 3837/3837 3697/3697 3698/3698
f 3838/3838 3828/3828 3681/3681
f 3838/3838 3839/3839 3828/3828
f 3840/3840 3839/3839 3838/3838
f 3840/3840 3841/3841 3839/3839
f 3842/3842 3841/3841 3840/3840
f 3842/3842 3843/3843 3841/3841
f 3844/3844 3843/3843 3842/3842
f 3839/3839 3830/3830 3828/3828
f 3839/3839 3845/3845 3830/3830
f 3841/3841 3845/3845 3839/3839
f 3841/3841 3846/3846 3845/3845
f 3843/3843 3846/3846 3841/3841
f 3845/3845 3832/3832 3830/3830
f 3845/3845 3847/3847 3832/3832
f 3846/3846 3847/3847 3845/3845
f 3847/3847 3834/3834 3832/3832
f 3848/3848 3797/3797 3798/3798
f 3848/3848 3849/3849 3797/3797
f 3850/3850 3849/3849 3848/3848
f 3850/3850 3851/3851 3849/3849
f 3852/3852 3851/3851 3850/3850
f 3852/3852 3842/3842 3851/3851
f 3844/3844 3842/3842 3852/3852
f 3849/3849 3800/3800 3797/3797
f 3849/3849 3853/3853 3800/3800
f 3851/3851 3853/3853 3849/3849
f 3851/3851 3840/3840 3853/3853
f 3842/3842 3840/3840 3851/3851
f 3853/3853 3801/3801 3800/3800
f 3853/3853 3838/3838 3801/3801
f 3840/3840 3838/3838 3853/3853
f 3838/3838 3681/3681 3801/3801
f 3854/3854 3719/3719 3697/3697
f 3854/3854 3855/3855 3719/3719
f 3856/3856 3855/3855 3854/3854
f 3856/3856 3857/3857 3855/3855
f 3858/3858 3857/3857 3856/3856
f 3858/3858 3859/3859 3857/3857
f 3860/3860 3859/3859 3858/3858
f 3855/3855 3717/3717 3719/3719
f 3855/3855 3861/3861 3717/3717
f 3857/3857 3861/3861 3855/3855
f 3857/3857 3862/3862 3861/3861
f 3859/3859 3862/3862 3857/3857
f 3861/3861 3714/3714 3717/3717
f 3861/3861 3863/3863 3714/3714
f 3862/3862 3863/3863 3861/3861
f 3863/3863 3713/3713 3714/3714
f 3864/3864 3854/3854 3697/3697
f 3864/3864 3865/3865 3854/3854
f 3866/3866 3865/3865 3864/3864
f 3866/3866 3867/3867 3865/3865
f 3868/3868 3867/3867 3866/3866
f 3868/3868 3869/3869 3867/3867
f 3870/3870 3869/3869 3868/3868
f 3865/3865 3856/3856 3854/3854
f 3865/3865 3871/3871 3856/3856
f 3867/3867 3871/3871 3865/3865
f 3867/3867 3872/3872 3871/3871
f 3869/3869 3872/3872 3867/3867
f 3871/3871 3858/3858 3856/3856
f 3871/3871 3873/3873 3858/3858
f 3872/3872 3873/3873 3871/3871
f 3873/3873 3860/3860 3858/3858
f 3874/3874 3833/3833 3834/3834
f 3874/3874 3875/3875 3833/3833
f 3876/3876 3875/3875 3874/3874
f 3876/3876 3877/3877 3875/3875
f 3878/3878 3877/3877 3876/3876
f 3878/3878 3868/3868 3877/3877
f 3870/3870 3868/3868 3878/3878
f 3875/3875 3836/3836 3833/3833
f 3875/3875 3879/3879 3836/3836
f 3877/3877 3879/3879 3875/3875
f 3877/3877 3866/3866 3879/3879
f 3868/3868 3866/3866 3877/3877
f 3879/3879 3837/3837 3836/3836
f 3879/3879 3864/3864 3837/3837
f 3866/3866 3864/3864 3879/3879
f 3864/3864 3697/3697 3837/3837
f 3880/3880 3874/3874 3834/3834
f 3880/3880 3881/3881 3874/3874
f 3882/3882 3881/3881 3880/3880
f 3882/3882 3883/3883 3881/3881
f 3884/3884 3883/3883 3882/3882
f 3884/3884 3885/3885 3883/3883
f 3886/3886 3885/3885 3884/3884
f 3881/3881 3876/3876 3874/3874
f 3881/3881 3887/3887 3876/3876
f 3883/3883 3887/3887 3881/3881
f 3883/3883 3888/3888 3887/3887
f 3885/3885 3888/3888 3883/3883
f 3887/3887 3878/3878 3876/3876
f 3887/3887 3889/3889 3878/3878
f 3888/3888 3889/3889 3887/3887
f 3889/3889 3870/3870 3878/3878
f 3892/3892 3891/3891 3890/3890
f 3892/3892 3893/3893 3891/3891
f 3894/3894 3893/3893 3892/3892
f 3894/3894 3895/3895 3893/3893
f 3896/3896 3895/3895 3894/3894
f 3896/3896 3750/3750 3895/3895
f 3752/3752 3750/3750 3896/3896
f 3893/3893 3897/3897 3891/3891
f 3893/3893 3898/3898 3897/3897
f 3895/3895 3898/3898 3893/3893
f 3895/3895 3748/3748 3898/3898
f 3750/3750 3748/3748 3895/3895
f 3898/3898 3899/3899 3897/3897
f 3898/3898 3746/3746 3899/3899
f 3748/3748 3746/3746 3898/3898
f 3746/3746 3713/3713 3899/3899
f 3900/3900 3892/3892 3890/3890
f 3900/3900 3901/3901 3892/3892
f 3902/3902 3901/3901 3900/3900
f 3902/3902 3903/3903 3901/3901
f 3904/3904 3903/3903 3902/3902
f 3904/3904 3905/3905 3903/3903
f 3906/3906 3905/3905 3904/3904
f 3901/3901 3894/3894 3892/3892
f 3901/3901 3907/3907 3894/3894
f 3903/3903 3907/3907 3901/3901
f 3903/3903 3908/3908 3907/3907
f 3905/3905 3908/3908 3903/3903
f 3907/3907 3896/3896 3894/3894
f 3907/3907 3909/3909 3896/3896
f 3908/3908 3909/3909 3907/3907
f 3909/3909 3752/3752 3896/3896
f 3910/3910 3859/3859 3860/3860
f 3910/3910 3911/3911 3859/3859
f 3912/3912 3911/3911 3910/3910
f 3912/3912 3913/3913 3911/3911
f 3914/3914 3913/3913 3912/3912
f 3914/3914 3891/3891 3913/3913
f 3890/3890 3891/3891 3914/3914
f 3911/3911 3862/3862 3859/3859
f 3911/3911 3915/3915 3862/3862
f 3913/3913 3915/3915 3911/3911
f 3913/3913 3897/3897 3915/3915
f 3891/3891 3897/3897 3913/3913
f 3915/3915 3863/3863 3862/3862
f 3915/3915 3899/3899 3863/3863
f 3897/3897 3899/3899 3915/3915
f 3899/3899 3713/3713 3863/3863
f 3918/3918 3917/3917 3916/3916
f 3918/3918 3919/3919 3917/3917
f 3920/3920 3919/3919 3918/3918
f 3920/3920 3921/3921 3919/3919
f 3922/3922 3921/3921 3920/3920
f 3922/3922 3923/3923 3921/3921
f 3924/3924 3923/3923 3922/3922
f 3919/3919 3925/3925 3917/3917
f 3919/3919 3926/3926 3925/3925
f 3921/3921 3926/3926 3919/3919
f 3921/3921 3927/3927 3926/3926
f 3923/3923 3927/3927 3921/3921
f 3926/3926 3928/3928 3925/3925
f 3926/3926 3929/3929 3928/3928
f 3927/3927 3929/3929 3926/3926
f 3929/3929 3930/3930 3928/3928
f 3931/3931 3923/3923 3924/3924
f 3931/3931 3932/3932 3923/3923
f 3933/3933 3932/3932 3931/3931
f 3933/3933 3934/3934 3932/3932
f 3935/3935 3934/3934 3933/3933
f 3935/3935 3936/3936 3934/3934
f 3937/3937 3936/3936 3935/3935
f 3932/3932 3927/3927 3923/3923
f 3932/3932 3938/3938 3927/3927
f 3934/3934 3938/3938 3932/3932
f 3934/3934 3939/3939 3938/3938
f 3936/3936 3939/3939 3934/3934
f 3938/3938 3929/3929 3927/3927
f 3938/3938 3940/3940 3929/3929
f 3939/3939 3940/3940 3938/3938
f 3940/3940 3930/3930 3929/3929
f 3943/3943 3942/3942 3941/3941
f 3943/3943 3944/3944 3942/3942
f 3945/3945 3944/3944 3943/3943
f 3945/3945 3946/3946 3944/3944
f 3947/3947 3946/3946 3945/3945
f 3947/3947 3948/3948 3946/3946
f 3949/3949 3948/3948 3947/3947
f 3944/3944 3950/3950 3942/3942
f 3944/3944 3951/3951 3950/3950
f 3946/3946 3951/3951 3944/3944
f 3946/3946 3952/3952 3951/3951
f 3948/3948 3952/3952 3946/3946
f 3951/3951 3953/3953 3950/3950
f 3951/3951 3954/3954 3953/3953
f 3952/3952 3954/3954 3951/3951
f 3954/3954 3955/3955 3953/3953
f 3957/3957 3956/3956 3955/3955
f 3957/3957 3958/3958 3956/3956
f 3959/3959 3958/3958 3957/3957
f 3959/3959 3960/3960 3958/3958
f 3961/3961 3960/3960 3959/3959
f 3961/3961 3917/3917 3960/3960
f 3916/3916 3917/3917 3961/3961
f 3958/3958 3962/3962 3956/3956
f 3958/3958 3963/3963 3962/3962
f 3960/3960 3963/3963 3958/3958
f 3960/3960 3925/3925 3963/3963
f 3917/3917 3925/3925 3960/3960
f 3963/3963 3964/3964 3962/3962
f 3963/3963 3928/3928 3964/3964
f 3925/3925 3928/3928 3963/3963
f 3928/3928 3930/3930 3964/3964
f 3965/3965 3957/3957 3955/3955
f 3965/3965 3966/3966 3957/3957
f 3967/3967 3966/3966 3965/3965
f 3967/3967 3968/3968 3966/3966
f 3969/3969 3968/3968 3967/3967
f 3969/3969 3970/3970 3968/3968
f 3971/3971 3970/3970 3969/3969
f 3966/3966 3959/3959 3957/3957
f 3966/3966 3972/3972 3959/3959
f 3968/3968 3972/3972 3966/3966
f 3968/3968 3973/3973 3972/3972
f 3970/3970 3973/3973 3968/3968
f 3972/3972 3961/3961 3959/3959
f 3972/3972 3974/3974 3961/3961
f 3973/3973 3974/3974 3972/3972
f 3974/3974 3916/3916 3961/3961
f 3954/3954 3965/3965 3955/3955
f 3954/3954 3975/3975 3965/3965
f 3952/3952 3975/3975 3954/3954
f 3952/3952 3976/3976 3975/3975
f 3948/3948 3976/3976 3952/3952
f 3948/3948 3977/3977 3976/3976
f 3949/3949 3977/3977 3948/3948
f 3975/3975 3967/3967 3965/3965
f 3975/3975 3978/3978 3967/3967
f 3976/3976 3978/3978 3975/3975
f 3976/3976 3979/3979 3978/3978
f 3977/3977 3979/3979 3976/3976
f 3978/3978 3969/3969 3967/3967
f 3978/3978 3980/3980 3969/3969
f 3979/3979 3980/3980 3978/3978
f 3980/3980 3971/3971 3969/3969
f 3983/3983 3982/3982 3981/3981
f 3983/3983 3984/3984 3982/3982
f 3985/3985 3984/3984 3983/3983
f 3985/3985 3986/3986 3984/3984
f 3987/3987 3986/3986 3985/3985
f 3987/3987 3988/3988 3986/3986
f 3989/3989 3988/3988 3987/3987
f 3984/3984 3990/3990 3982/3982
f 3984/3984 3991/3991 3990/3990
f 3986/3986 3991/3991 3984/3984
f 3986/3986 3992/3992 3991/3991
f 3988/3988 3992/3992 3986/3986
f 3991/3991 3993/3993 3990/3990
f 3991/3991 3994/3994 3993/3993
f 3992/3992 3994/3994 3991/3991
f 3994/3994 3995/3995 3993/3993
f 3997/3997 3996/3996 3995/3995
f 3997/3997 3998/3998 3996/3996
f 3999/3999 3998/3998 3997/3997
f 3999/3999 4000/4000 3998/3998
f 4001/4001 4000/4000 3999/3999
f 4001/4001 3942/3942 4000/4000
f 3941/3941 3942/3942 4001/4001
f 3998/3998 4002/4002 3996/3996
f 3998/3998 4003/4003 4002/4002
f 4000/4000 4003/4003 3998/3998
f 4000/4000 3950/3950 4003/4003
f 3942/3942 3950/3950 4000/4000
f 4003/4003 4004/4004 4002/4002
f 4003/4003 3953/3953 4004/4004
f 3950/3950 3953/3953 4003/4003
f 3953/3953 3955/3955 4004/4004
f 4005/4005 3997/3997 3995/3995
f 4005/4005 4006/4006 3997/3997
f 4007/4007 4006/4006 4005/4005
f 4007/4007 4008/4008 4006/4006
f 4009/4009 4008/4008 4007/4007
f 4009/4009 4010/4010 4008/4008
f 4011/4011 4010/4010 4009/4009
f 4006/4006 3999/3999 3997/3997
f 4006/4006 4012/4012 3999/3999
f 4008/4008 4012/4012 4006/4006
f 4008/4008 4013/4013 4012/4012
f 4010/4010 4013/4013 4008/4008
f 4012/4012 4001/4001 3999/3999
f 4012/4012 4014/4014 4001/4001
f 4013/4013 4014/4014 4012/4012
f 4014/4014 3941/3941 4001/4001
f 3994/3994 4005/4005 3995/3995
f 3994/3994 4015/4015 4005/4005
f 3992/3992 4015/4015 3994/3994
f 3992/3992 4016/4016 4015/4015
f 3988/3988 4016/4016 3992/3992
f 3988/3988 4017/4017 4016/4016
f 3989/3989 4017/4017 3988/3988
f 4015/4015 4007/4007 4005/4005
f 4015/4015 4018/4018 4007/4007
f 4016/4016 4018/4018 4015/4015
f 4016/4016 4019/4019 4018/4018
f 4017/4017 4019/4019 4016/4016
f 4018/4018 4009/4009 4007/4007
f 4018/4018 4020/4020 4009/4009
f 4019/4019 4020/4020 4018/4018
f 4020/4020 4011/4011 4009/4009
f 4023/4023 4022/4022 4021/4021
f 4023/4023 4024/4024 4022/4022
f 4025/4025 4024/4024 4023/4023
f 4025/4025 4026/4026 4024/4024
f 4027/4027 4026/4026 4025/4025
f 4027/4027 4028/4028 4026/4026
f 4029/4029 4028/4028 4027/4027
f 4024/4024 4030/4030 4022/4022
f 4024/4024 4031/4031 4030/4030
f 4026/4026 4031/4031 4024/4024
f 4026/4026 4032/4032 4031/4031
f 4028/4028 4032/4032 4026/4026
f 4031/4031 4033/4033 4030/4030
f 4031/4031 4034/4034 4033/4033
f 4032/4032 4034/4034 4031/4031
f 4034/4034 4035/4035 4033/4033
f 4036/4036 4023/4023 4021/4021
f 4036/4036 4037/4037 4023/4023
f 4038/4038 4037/4037 4036/4036
f 4038/4038 4039/4039 4037/4037
f 4040/4040 4039/4039 4038/4038
f 4040/4040 4041/4041 4039/4039
f 4042/4042 4041/4041 4040/4040
f 4037/4037 4025/4025 4023/4023
f 4037/4037 4043/4043 4025/4025
f 4039/4039 4043/4043 4037/4037
f 4039/4039 4044/4044 4043/4043
f 4041/4041 4044/4044 4039/4039
f 4043/4043 4027/4027 4025/4025
f 4043/4043 4045/4045 4027/4027
f 4044/4044 4045/4045 4043/4043
f 4045/4045 4029/4029 4027/4027
f 4047/4047 4046/4046 4035/4035
f 4047/4047 4048/4048 4046/4046
f 4049/4049 4048/4048 4047/4047
f 4049/4049 4050/4050 4048/4048
f 4051/4051 4050/4050 4049/4049
f 4051/4051 3982/3982 4050/4050
f 3981/3981 3982/3982 4051/4051
f 4048/4048 4052/4052 4046/4046
f 4048/4048 4053/4053 4052/4052
f 4050/4050 4053/4053 4048/4048
f 4050/4050 3990/3990 4053/4053
f 3982/3982 3990/3990 4050/4050
f 4053/4053 4054/4054 4052/4052
f 4053/4053 3993/3993 4054/4054
f 3990/3990 3993/3993 4053/4053
f 3993/3993 3995/3995 4054/4054
f 4034/4034 4047/4047 4035/4035
f 4034/4034 4055/4055 4047/4047
f 4032/4032 4055/4055 4034/4034
f 4032/4032 4056/4056 4055/4055
f 4028/4028 4056/4056 4032/4032
f 4028/4028 4057/4057 4056/4056
f 4029/4029 4057/4057 4028/4028
f 4055/4055 4049/4049 4047/4047
f 4055/4055 4058/4058 4049/4049
f 4056/4056 4058/4058 4055/4055
f 4056/4056 4059/4059 4058/4058
f 4057/4057 4059/4059 4056/4056
f 4058/4058 4051/4051 4049/4049
f 4058/4058 4060/4060 4051/4051
f 4059/4059 4060/4060 4058/4058
f 4060/4060 3981/3981 4051/4051
f 4063/4063 4062/4062 4061/4061
f 4063/4063 4064/4064 4062/4062
f 4065/4065 4064/4064 4063/4063
f 4065/4065 4066/4066 4064/4064
f 4067/4067 4066/4066 4065/4065
f 4067/4067 4022/4022 4066/4066
f 4021/4021 4022/4022 4067/4067
f 4064/4064 4068/4068 4062/4062
f 4064/4064 4069/4069 4068/4068
f 4066/4066 4069/4069 4064/4064
f 4066/4066 4030/4030 4069/4069
f 4022/4022 4030/4030 4066/4066
f 4069/4069 4070/4070 4068/4068
f 4069/4069 4033/4033 4070/4070
f 4030/4030 4033/4033 4069/4069
f 4033/4033 4035/4035 4070/4070
f 4071/4071 4063/4063 4061/4061
f 4071/4071 4072/4072 4063/4063
f 4073/4073 4072/4072 4071/4071
f 4073/4073 4074/4074 4072/4072
f 4075/4075 4074/4074 4073/4073
f 4075/4075 4076/4076 4074/4074
f 4077/4077 4076/4076 4075/4075
f 4072/4072 4065/4065 4063/4063
f 4072/4072 4078/4078 4065/4065
f 4074/4074 4078/4078 4072/4072
f 4074/4074 4079/4079 4078/4078
f 4076/4076 4079/4079 4074/4074
f 4078/4078 4067/4067 4065/4065
f 4078/4078 4080/4080 4067/4067
f 4079/4079 4080/4080 4078/4078
f 4080/4080 4021/4021 4067/4067
f 4083/4083 4082/4082 4081/4081
f 4083/4083 4084/4084 4082/4082
f 4085/4085 4084/4084 4083/4083
f 4085/4085 4086/4086 4084/4084
f 4087/4087 4086/4086 4085/4085
f 4087/4087 4088/4088 4086/4086
f 4089/4089 4088/4088 4087/4087
f 4084/4084 4090/4090 4082/4082
f 4084/4084 4091/4091 4090/4090
f 4086/4086 4091/4091 4084/4084
f 4086/4086 4092/4092 4091/4091
f 4088/4088 4092/4092 4086/4086
f 4091/4091 4093/4093 4090/4090
f 4091/4091 4094/4094 4093/4093
f 4092/4092 4094/4094 4091/4091
f 4094/4094 4095/4095 4093/4093
f 4096/4096 4088/4088 4089/4089
f 4096/4096 4097/4097 4088/4088
f 4098/4098 4097/4097 4096/4096
f 4098/4098 4099/4099 4097/4097
f 4100/4100 4099/4099 4098/4098
f 4100/4100 4101/4101 4099/4099
f 4102/4102 4101/4101 4100/4100
f 4097/4097 4092/4092 4088/4088
f 4097/4097 4103/4103 4092/4092
f 4099/4099 4103/4103 4097/4097
f 4099/4099 4104/4104 4103/4103
f 4101/4101 4104/4104 4099/4099
f 4103/4103 4094/4094 4092/4092
f 4103/4103 4105/4105 4094/4094
f 4104/4104 4105/4105 4103/4103
f 4105/4105 4095/4095 4094/4094
f 4107/4107 4106/4106 3930/3930
f 4107/4107 4108/4108 4106/4106
f 4109/4109 4108/4108 4107/4107
f 4109/4109 4110/4110 4108/4108
f 4111/4111 4110/4110 4109/4109
f 4111/4111 4112/4112 4110/4110
f 4113/4113 4112/4112 4111/4111
f 4108/4108 4114/4114 4106/4106
f 4108/4108 4115/4115 4114/4114
f 4110/4110 4115/4115 4108/4108
f 4110/4110 4116/4116 4115/4115
f 4112/4112 4116/4116 4110/4110
f 4115/4115 4117/4117 4114/4114
f 4115/4115 4118/4118 4117/4117
f 4116/4116 4118/4118 4115/4115
f 4118/4118 4119/4119 4117/4117
f 3940/3940 4107/4107 3930/3930
f 3940/3940 4120/4120 4107/4107
f 3939/3939 4120/4120 3940/3940
f 3939/3939 4121/4121 4120/4120
f 3936/3936 4121/4121 3939/3939
f 3936/3936 4122/4122 4121/4121
f 3937/3937 4122/4122 3936/3936
f 4120/4120 4109/4109 4107/4107
f 4120/4120 4123/4123 4109/4109
f 4121/4121 4123/4123 4120/4120
f 4121/4121 4124/4124 4123/4123
f 4122/4122 4124/4124 4121/4121
f 4123/4123 4111/4111 4109/4109
f 4123/4123 4125/4125 4111/4111
f 4124/4124 4125/4125 4123/4123
f 4125/4125 4113/4113 4111/4111
f 4127/4127 4126/4126 4119/4119
f 4127/4127 4128/4128 4126/4126
f 4129/4129 4128/4128 4127/4127
f 4129/4129 4130/4130 4128/4128
f 4131/4131 4130/4130 4129/4129
f 4131/4131 4082/4082 4130/4130
f 4081/4081 4082/4082 4131/4131
f 4128/4128 4132/4132 4126/4126
f 4128/4128 4133/4133 4132/4132
f 4130/4130 4133/4133 4128/4128
f 4130/4130 4090/4090 4133/4133
f 4082/4082 4090/4090 4130/4130
f 4133/4133 4134/4134 4132/4132
f 4133/4133 4093/4093 4134/4134
f 4090/4090 4093/4093 4133/4133
f 4093/4093 4095/4095 4134/4134
f 4135/4135 4127/4127 4119/4119
f 4135/4135 4136/4136 4127/4127
f 4137/4137 4136/4136 4135/4135
f 4137/4137 4138/4138 4136/4136
f 4139/4139 4138/4138 4137/4137
f 4139/4139 4140/4140 4138/4138
f 4141/4141 4140/4140 4139/4139
f 4136/4136 4129/4129 4127/4127
f 4136/4136 4142/4142 4129/4129
f 4138/4138 4142/4142 4136/4136
f 4138/4138 4143/4143 4142/4142
f 4140/4140 4143/4143 4138/4138
f 4142/4142 4131/4131 4129/4129
f 4142/4142 4144/4144 4131/4131
f 4143/4143 4144/4144 4142/4142
f 4144/4144 4081/4081 4131/4131
f 4118/4118 4135/4135 4119/4119
f 4118/4118 4145/4145 4135/4135
f 4116/4116 4145/4145 4118/4118
f 4116/4116 4146/4146 4145/4145
f 4112/4112 4146/4146 4116/4116
f 4112/4112 4147/4147 4146/4146
f 4113/4113 4147/4147 4112/4112
f 4145/4145 4137/4137 4135/4135
f 4145/4145 4148/4148 4137/4137
f 4146/4146 4148/4148 4145/4145
f 4146/4146 4149/4149 4148/4148
f 4147/4147 4149/4149 4146/4146
f 4148/4148 4139/4139 4137/4137
f 4148/4148 4150/4150 4139/4139
f 4149/4149 4150/4150 4148/4148
f 4150/4150 4141/4141 4139/4139
f 3956/3956 4151/4151 3955/3955
f 3956/3956 4152/4152 4151/4151
f 3962/3962 4152/4152 3956/3956
f 3962/3962 4153/4153 4152/4152
f 3964/3964 4153/4153 3962/3962
f 3964/3964 4154/4154 4153/4153
f 3930/3930 4154/4154 3964/3964
f 4152/4152 4155/4155 4151/4151
f 4152/4152 4156/4156 4155/4155
f 4153/4153 4156/4156 4152/4152
f 4153/4153 4157/4157 4156/4156
f 4154/4154 4157/4157 4153/4153
f 4156/4156 4158/4158 4155/4155
f 4156/4156 4159/4159 4158/4158
f 4157/4157 4159/4159 4156/4156
f 4159/4159 4160/4160 4158/4158
f 4159/4159 4161/4161 4160/4160
f 4159/4159 4162/4162 4161/4161
f 4157/4157 4162/4162 4159/4159
f 4157/4157 4163/4163 4162/4162
f 4154/4154 4163/4163 4157/4157
f 4154/4154 4106/4106 4163/4163
f 3930/3930 4106/4106 4154/4154
f 4162/4162 4164/4164 4161/4161
f 4162/4162 4165/4165 4164/4164
f 4163/4163 4165/4165 4162/4162
f 4163/4163 4114/4114 4165/4165
f 4106/4106 4114/4114 4163/4163
f 4165/4165 4166/4166 4164/4164
f 4165/4165 4117/4117 4166/4166
f 4114/4114 4117/4117 4165/4165
f 4117/4117 4119/4119 4166/4166
f 3996/3996 4167/4167 3995/3995
f 3996/3996 4168/4168 4167/4167
f 4002/4002 4168/4168 3996/3996
f 4002/4002 4169/4169 4168/4168
f 4004/4004 4169/4169 4002/4002
f 4004/4004 4170/4170 4169/4169
f 3955/3955 4170/4170 4004/4004
f 4168/4168 4171/4171 4167/4167
f 4168/4168 4172/4172 4171/4171
f 4169/4169 4172/4172 4168/4168
f 4169/4169 4173/4173 4172/4172
f 4170/4170 4173/4173 4169/4169
f 4172/4172 4174/4174 4171/4171
f 4172/4172 4175/4175 4174/4174
f 4173/4173 4175/4175 4172/4172
f 4175/4175 4176/4176 4174/4174
f 4175/4175 4177/4177 4176/4176
f 4175/4175 4178/4178 4177/4177
f 4173/4173 4178/4178 4175/4175
f 4173/4173 4179/4179 4178/4178
f 4170/4170 4179/4179 4173/4173
f 4170/4170 4151/4151 4179/4179
f 3955/3955 4151/4151 4170/4170
f 4178/4178 4180/4180 4177/4177
f 4178/4178 4181/4181 4180/4180
f 4179/4179 4181/4181 4178/4178
f 4179/4179 4155/4155 4181/4181
f 4151/4151 4155/4155 4179/4179
f 4181/4181 4182/4182 4180/4180
f 4181/4181 4158/4158 4182/4182
f 4155/4155 4158/4158 4181/4181
f 4158/4158 4160/4160 4182/4182
f 4046/4046 4183/4183 4035/4035
f 4046/4046 4184/4184 4183/4183
f 4052/4052 4184/4184 4046/4046
f 4052/4052 4185/4185 4184/4184
f 4054/4054 4185/4185 4052/4052
f 4054/4054 4186/4186 4185/4185
f 3995/3995 4186/4186 4054/4054
f 4184/4184 4187/4187 4183/4183
f 4184/4184 4188/4188 4187/4187
f 4185/4185 4188/4188 4184/4184
f 4185/4185 4189/4189 4188/4188
f 4186/4186 4189/4189 4185/4185
f 4188/4188 4190/4190 4187/4187
f 4188/4188 4191/4191 4190/4190
f 4189/4189 4191/4191 4188/4188
f 4191/4191 4192/4192 4190/4190
f 4191/4191 4193/4193 4192/4192
f 4191/4191 4194/4194 4193/4193
f 4189/4189 4194/4194 4191/4191
f 4189/4189 4195/4195 4194/4194
f 4186/4186 4195/4195 4189/4189
f 4186/4186 4167/4167 4195/4195
f 3995/3995 4167/4167 4186/4186
f 4194/4194 4196/4196 4193/4193
f 4194/4194 4197/4197 4196/4196
f 4195/4195 4197/4197 4194/4194
f 4195/4195 4171/4171 4197/4197
f 4167/4167 4171/4171 4195/4195
f 4197/4197 4198/4198 4196/4196
f 4197/4197 4174/4174 4198/4198
f 4171/4171 4174/4174 4197/4197
f 4174/4174 4176/4176 4198/4198
f 4201/4201 4200/4200 4199/4199
f 4201/4201 4202/4202 4200/4200
f 4203/4203 4202/4202 4201/4201
f 4203/4203 4204/4204 4202/4202
f 4205/4205 4204/4204 4203/4203
f 4205/4205 4062/4062 4204/4204
f 4061/4061 4062/4062 4205/4205
f 4202/4202 4206/4206 4200/4200
f 4202/4202 4207/4207 4206/4206
f 4204/4204 4207/4207 4202/4202
f 4204/4204 4068/4068 4207/4207
f 4062/4062 4068/4068 4204/4204
f 4207/4207 4208/4208 4206/4206
f 4207/4207 4070/4070 4208/4208
f 4068/4068 4070/4070 4207/4207
f 4070/4070 4035/4035 4208/4208
f 4209/4209 4201/4201 4199/4199
f 4209/4209 4210/4210 4201/4201
f 4211/4211 4210/4210 4209/4209
f 4211/4211 4212/4212 4210/4210
f 4213/4213 4212/4212 4211/4211
f 4213/4213 4214/4214 4212/4212
f 4215/4215 4214/4214 4213/4213
f 4210/4210 4203/4203 4201/4201
f 4210/4210 4216/4216 4203/4203
f 4212/4212 4216/4216 4210/4210
f 4212/4212 4217/4217 4216/4216
f 4214/4214 4217/4217 4212/4212
f 4216/4216 4205/4205 4203/4203
f 4216/4216 4218/4218 4205/4205
f 4217/4217 4218/4218 4216/4216
f 4218/4218 4061/4061 4205/4205
f 4200/4200 4219/4219 4199/4199
f 4200/4200 4220/4220 4219/4219
f 4206/4206 4220/4220 4200/4200
f 4206/4206 4221/4221 4220/4220
f 4208/4208 4221/4221 4206/4206
f 4208/4208 4183/4183 4221/4221
f 4035/4035 4183/4183 4208/4208
f 4220/4220 4222/4222 4219/4219
f 4220/4220 4223/4223 4222/4222
f 4221/4221 4223/4223 4220/4220
f 4221/4221 4187/4187 4223/4223
f 4183/4183 4187/4187 4221/4221
f 4223/4223 4224/4224 4222/4222
f 4223/4223 4190/4190 4224/4224
f 4187/4187 4190/4190 4223/4223
f 4190/4190 4192/4192 4224/4224
f 4227/4227 4226/4226 4225/4225
f 4227/4227 4228/4228 4226/4226
f 4229/4229 4228/4228 4227/4227
f 4229/4229 4230/4230 4228/4228
f 4231/4231 4230/4230 4229/4229
f 4231/4231 4213/4213 4230/4230
f 4215/4215 4213/4213 4231/4231
f 4228/4228 4232/4232 4226/4226
f 4228/4228 4233/4233 4232/4232
f 4230/4230 4233/4233 4228/4228
f 4230/4230 4211/4211 4233/4233
f 4213/4213 4211/4211 4230/4230
f 4233/4233 4234/4234 4232/4232
f 4233/4233 4209/4209 4234/4234
f 4211/4211 4209/4209 4233/4233
f 4209/4209 4199/4199 4234/4234
f 4235/4235 4227/4227 4225/4225
f 4235/4235 4236/4236 4227/4227
f 4237/4237 4236/4236 4235/4235
f 4237/4237 4238/4238 4236/4236
f 4239/4239 4238/4238 4237/4237
f 4239/4239 4240/4240 4238/4238
f 4241/4241 4240/4240 4239/4239
f 4236/4236 4229/4229 4227/4227
f 4236/4236 4242/4242 4229/4229
f 4238/4238 4242/4242 4236/4236
f 4238/4238 4243/4243 4242/4242
f 4240/4240 4243/4243 4238/4238
f 4242/4242 4231/4231 4229/4229
f 4242/4242 4244/4244 4231/4231
f 4243/4243 4244/4244 4242/4242
f 4244/4244 4215/4215 4231/4231
f 4246/4246 4245/4245 4095/4095
f 4246/4246 4247/4247 4245/4245
f 4248/4248 4247/4247 4246/4246
f 4248/4248 4249/4249 4247/4247
f 4250/4250 4249/4249 4248/4248
f 4250/4250 4251/4251 4249/4249
f 4252/4252 4251/4251 4250/4250
f 4247/4247 4253/4253 4245/4245
f 4247/4247 4254/4254 4253/4253
f 4249/4249 4254/4254 4247/4247
f 4249/4249 4255/4255 4254/4254
f 4251/4251 4255/4255 4249/4249
f 4254/4254 4256/4256 4253/4253
f 4254/4254 4257/4257 4256/4256
f 4255/4255 4257/4257 4254/4254
f 4257/4257 4258/4258 4256/4256
f 4259/4259 4246/4246 4095/4095
f 4259/4259 4260/4260 4246/4246
f 4261/4261 4260/4260 4259/4259
f 4261/4261 4262/4262 4260/4260
f 4263/4263 4262/4262 4261/4261
f 4263/4263 4264/4264 4262/4262
f 4265/4265 4264/4264 4263/4263
f 4260/4260 4248/4248 4246/4246
f 4260/4260 4266/4266 4248/4248
f 4262/4262 4266/4266 4260/4260
f 4262/4262 4267/4267 4266/4266
f 4264/4264 4267/4267 4262/4262
f 4266/4266 4250/4250 4248/4248
f 4266/4266 4268/4268 4250/4250
f 4267/4267 4268/4268 4266/4266
f 4268/4268 4252/4252 4250/4250
f 4105/4105 4259/4259 4095/4095
f 4105/4105 4269/4269 4259/4259
f 4104/4104 4269/4269 4105/4105
f 4104/4104 4270/4270 4269/4269
f 4101/4101 4270/4270 4104/4104
f 4101/4101 4271/4271 4270/4270
f 4102/4102 4271/4271 4101/4101
f 4269/4269 4261/4261 4259/4259
f 4269/4269 4272/4272 4261/4261
f 4270/4270 4272/4272 4269/4269
f 4270/4270 4273/4273 4272/4272
f 4271/4271 4273/4273 4270/4270
f 4272/4272 4263/4263 4261/4261
f 4272/4272 4274/4274 4263/4263
f 4273/4273 4274/4274 4272/4272
f 4274/4274 4265/4265 4263/4263
f 4275/4275 4251/4251 4252/4252
f 4275/4275 4276/4276 4251/4251
f 4277/4277 4276/4276 4275/4275
f 4277/4277 4278/4278 4276/4276
f 4279/4279 4278/4278 4277/4277
f 4279/4279 4280/4280 4278/4278
f 4281/4281 4280/4280 4279/4279
f 4276/4276 4255/4255 4251/4251
f 4276/4276 4282/4282 4255/4255
f 4278/4278 4282/4282 4276/4276
f 4278/4278 4283/4283 4282/4282
f 4280/4280 4283/4283 4278/4278
f 4282/4282 4257/4257 4255/4255
f 4282/4282 4284/4284 4257/4257
f 4283/4283 4284/4284 4282/4282
f 4284/4284 4258/4258 4257/4257
f 4126/4126 4285/4285 4119/4119
f 4126/4126 4286/4286 4285/4285
f 4132/4132 4286/4286 4126/4126
f 4132/4132 4287/4287 4286/4286
f 4134/4134 4287/4287 4132/4132
f 4134/4134 4288/4288 4287/4287
f 4095/4095 4288/4288 4134/4134
f 4286/4286 4289/4289 4285/4285
f 4286/4286 4290/4290 4289/4289
f 4287/4287 4290/4290 4286/4286
f 4287/4287 4291/4291 4290/4290
f 4288/4288 4291/4291 4287/4287
f 4290/4290 4292/4292 4289/4289
f 4290/4290 4293/4293 4292/4292
f 4291/4291 4293/4293 4290/4290
f 4293/4293 4294/4294 4292/4292
f 4293/4293 4295/4295 4294/4294
f 4293/4293 4296/4296 4295/4295
f 4291/4291 4296/4296 4293/4293
f 4291/4291 4297/4297 4296/4296
f 4288/4288 4297/4297 4291/4291
f 4288/4288 4245/4245 4297/4297
f 4095/4095 4245/4245 4288/4288
f 4296/4296 4298/4298 4295/4295
f 4296/4296 4299/4299 4298/4298
f 4297/4297 4299/4299 4296/4296
f 4297/4297 4253/4253 4299/4299
f 4245/4245 4253/4253 4297/4297
f 4299/4299 4300/4300 4298/4298
f 4299/4299 4256/4256 4300/4300
f 4253/4253 4256/4256 4299/4299
f 4256/4256 4258/4258 4300/4300
f 4161/4161 4301/4301 4160/4160
f 4161/4161 4302/4302 4301/4301
f 4164/4164 4302/4302 4161/4161
f 4164/4164 4303/4303 4302/4302
f 4166/4166 4303/4303 4164/4164
f 4166/4166 4304/4304 4303/4303
f 4119/4119 4304/4304 4166/4166
f 4302/4302 4305/4305 4301/4301
f 4302/4302 4306/4306 4305/4305
f 4303/4303 4306/4306 4302/4302
f 4303/4303 4307/4307 4306/4306
f 4304/4304 4307/4307 4303/4303
f 4306/4306 4308/4308 4305/4305
f 4306/4306 4309/4309 4308/4308
f 4307/4307 4309/4309 4306/4306
f 4309/4309 4310/4310 4308/4308
f 4309/4309 4311/4311 4310/4310
f 4309/4309 4312/4312 4311/4311
f 4307/4307 4312/4312 4309/4309
f 4307/4307 4313/4313 4312/4312
f 4304/4304 4313/4313 4307/4307
f 4304/4304 4285/4285 4313/4313
f 4119/4119 4285/4285 4304/4304
f 4312/4312 4314/4314 4311/4311
f 4312/4312 4315/4315 4314/4314
f 4313/4313 4315/4315 4312/4312
f 4313/4313 4289/4289 4315/4315
f 4285/4285 4289/4289 4313/4313
f 4315/4315 4316/4316 4314/4314
f 4315/4315 4292/4292 4316/4316
f 4289/4289 4292/4292 4315/4315
f 4292/4292 4294/4294 4316/4316
f 4177/4177 4317/4317 4176/4176
f 4177/4177 4318/4318 4317/4317
f 4180/4180 4318/4318 4177/4177
f 4180/4180 4319/4319 4318/4318
f 4182/4182 4319/4319 4180/4180
f 4182/4182 4320/4320 4319/4319
f 4160/4160 4320/4320 4182/4182
f 4318/4318 4321/4321 4317/4317
f 4318/4318 4322/4322 4321/4321
f 4319/4319 4322/4322 4318/4318
f 4319/4319 4323/4323 4322/4322
f 4320/4320 4323/4323 4319/4319
f 4322/4322 4324/4324 4321/4321
f 4322/4322 4325/4325 4324/4324
f 4323/4323 4325/4325 4322/4322
f 4325/4325 4326/4326 4324/4324
f 4325/4325 4327/4327 4326/4326
f 4325/4325 4328/4328 4327/4327
f 4323/4323 4328/4328 4325/4325
f 4323/4323 4329/4329 4328/4328
f 4320/4320 4329/4329 4323/4323
f 4320/4320 4301/4301 4329/4329
f 4160/4160 4301/4301 4320/4320
f 4328/4328 4330/4330 4327/4327
f 4328/4328 4331/4331 4330/4330
f 4329/4329 4331/4331 4328/4328
f 4329/4329 4305/4305 4331/4331
f 4301/4301 4305/4305 4329/4329
f 4331/4331 4332/4332 4330/4330
f 4331/4331 4308/4308 4332/4332
f 4305/4305 4308/4308 4331/4331
f 4308/4308 4310/4310 4332/4332
f 4193/4193 4333/4333 4192/4192
f 4193/4193 4334/4334 4333/4333
f 4196/4196 4334/4334 4193/4193
f 4196/4196 4335/4335 4334/4334
f 4198/4198 4335/4335 4196/4196
f 4198/4198 4336/4336 4335/4335
f 4176/4176 4336/4336 4198/4198
f 4334/4334 4337/4337 4333/4333
f 4334/4334 4338/4338 4337/4337
f 4335/4335 4338/4338 4334/4334
f 4335/4335 4339/4339 4338/4338
f 4336/4336 4339/4339 4335/4335
f 4338/4338 4340/4340 4337/4337
f 4338/4338 4341/4341 4340/4340
f 4339/4339 4341/4341 4338/4338
f 4341/4341 4342/4342 4340/4340
f 4341/4341 4343/4343 4342/4342
f 4341/4341 4344/4344 4343/4343
f 4339/4339 4344/4344 4341/4341
f 4339/4339 4345/4345 4344/4344
f 4336/4336 4345/4345 4339/4339
f 4336/4336 4317/4317 4345/4345
f 4176/4176 4317/4317 4336/4336
f 4344/4344 4346/4346 4343/4343
f 4344/4344 4347/4347 4346/4346
f 4345/4345 4347/4347 4344/4344
f 4345/4345 4321/4321 4347/4347
f 4317/4317 4321/4321 4345/4345
f 4347/4347 4348/4348 4346/4346
f 4347/4347 4324/4324 4348/4348
f 4321/4321 4324/4324 4347/4347
f 4324/4324 4326/4326 4348/4348
f 4219/4219 4349/4349 4199/4199
f 4219/4219 4350/4350 4349/4349
f 4222/4222 4350/4350 4219/4219
f 4222/4222 4351/4351 4350/4350
f 4224/4224 4351/4351 4222/4222
f 4224/4224 4352/4352 4351/4351
f 4192/4192 4352/4352 4224/4224
f 4350/4350 4353/4353 4349/4349
f 4350/4350 4354/4354 4353/4353
f 4351/4351 4354/4354 4350/4350
f 4351/4351 4355/4355 4354/4354
f 4352/4352 4355/4355 4351/4351
f 4354/4354 4356/4356 4353/4353
f 4354/4354 4357/4357 4356/4356
f 4355/4355 4357/4357 4354/4354
f 4357/4357 4358/4358 4356/4356
f 4357/4357 4359/4359 4358/4358
f 4357/4357 4360/4360 4359/4359
f 4355/4355 4360/4360 4357/4357
f 4355/4355 4361/4361 4360/4360
f 4352/4352 4361/4361 4355/4355
f 4352/4352 4333/4333 4361/4361
f 4192/4192 4333/4333 4352/4352
f 4360/4360 4362/4362 4359/4359
f 4360/4360 4363/4363 4362/4362
f 4361/4361 4363/4363 4360/4360
f 4361/4361 4337/4337 4363/4363
f 4333/4333 4337/4337 4361/4361
f 4363/4363 4364/4364 4362/4362
f 4363/4363 4340/4340 4364/4364
f 4337/4337 4340/4340 4363/4363
f 4340/4340 4342/4342 4364/4364
f 4367/4367 4366/4366 4365/4365
f 4367/4367 4368/4368 4366/4366
f 4369/4369 4368/4368 4367/4367
f 4369/4369 4370/4370 4368/4368
f 4371/4371 4370/4370 4369/4369
f 4371/4371 4226/4226 4370/4370
f 4225/4225 4226/4226 4371/4371
f 4368/4368 4372/4372 4366/4366
f 4368/4368 4373/4373 4372/4372
f 4370/4370 4373/4373 4368/4368
f 4370/4370 4232/4232 4373/4373
f 4226/4226 4232/4232 4370/4370
f 4373/4373 4374/4374 4372/4372
f 4373/4373 4234/4234 4374/4374
f 4232/4232 4234/4234 4373/4373
f 4234/4234 4199/4199 4374/4374
f 4375/4375 4356/4356 4358/4358
f 4375/4375 4376/4376 4356/4356
f 4377/4377 4376/4376 4375/4375
f 4377/4377 4378/4378 4376/4376
f 4379/4379 4378/4378 4377/4377
f 4379/4379 4366/4366 4378/4378
f 4365/4365 4366/4366 4379/4379
f 4376/4376 4353/4353 4356/4356
f 4376/4376 4380/4380 4353/4353
f 4378/4378 4380/4380 4376/4376
f 4378/4378 4372/4372 4380/4380
f 4366/4366 4372/4372 4378/4378
f 4380/4380 4349/4349 4353/4353
f 4380/4380 4374/4374 4349/4349
f 4372/4372 4374/4374 4380/4380
f 4374/4374 4199/4199 4349/4349
f 4381/4381 4375/4375 4358/4358
f 4381/4381 4382/4382 4375/4375
f 4383/4383 4382/4382 4381/4381
f 4383/4383 4384/4384 4382/4382
f 4385/4385 4384/4384 4383/4383
f 4385/4385 4386/4386 4384/4384
f 4387/4387 4386/4386 4385/4385
f 4382/4382 4377/4377 4375/4375
f 4382/4382 4388/4388 4377/4377
f 4384/4384 4388/4388 4382/4382
f 4384/4384 4389/4389 4388/4388
f 4386/4386 4389/4389 4384/4384
f 4388/4388 4379/4379 4377/4377
f 4388/4388 4390/4390 4379/4379
f 4389/4389 4390/4390 4388/4388
f 4390/4390 4365/4365 4379/4379
f 4391/4391 4381/4381 4358/4358
f 4391/4391 4392/4392 4381/4381
f 4393/4393 4392/4392 4391/4391
f 4393/4393 4394/4394 4392/4392
f 4395/4395 4394/4394 4393/4393
f 4395/4395 4396/4396 4394/4394
f 4397/4397 4396/4396 4395/4395
f 4392/4392 4383/4383 4381/4381
f 4392/4392 4398/4398 4383/4383
f 4394/4394 4398/4398 4392/4392
f 4394/4394 4399/4399 4398/4398
f 4396/4396 4399/4399 4394/4394
f 4398/4398 4385/4385 4383/4383
f 4398/4398 4400/4400 4385/4385
f 4399/4399 4400/4400 4398/4398
f 4400/4400 4387/4387 4385/4385
f 4402/4402 4401/4401 4258/4258
f 4402/4402 4403/4403 4401/4401
f 4404/4404 4403/4403 4402/4402
f 4404/4404 4405/4405 4403/4403
f 4406/4406 4405/4405 4404/4404
f 4406/4406 4407/4407 4405/4405
f 4408/4408 4407/4407 4406/4406
f 4403/4403 4409/4409 4401/4401
f 4403/4403 4410/4410 4409/4409
f 4405/4405 4410/4410 4403/4403
f 4405/4405 4411/4411 4410/4410
f 4407/4407 4411/4411 4405/4405
f 4410/4410 4412/4412 4409/4409
f 4410/4410 4413/4413 4412/4412
f 4411/4411 4413/4413 4410/4410
f 4413/4413 4414/4414 4412/4412
f 4284/4284 4402/4402 4258/4258
f 4284/4284 4415/4415 4402/4402
f 4283/4283 4415/4415 4284/4284
f 4283/4283 4416/4416 4415/4415
f 4280/4280 4416/4416 4283/4283
f 4280/4280 4417/4417 4416/4416
f 4281/4281 4417/4417 4280/4280
f 4415/4415 4404/4404 4402/4402
f 4415/4415 4418/4418 4404/4404
f 4416/4416 4418/4418 4415/4415
f 4416/4416 4419/4419 4418/4418
f 4417/4417 4419/4419 4416/4416
f 4418/4418 4406/4406 4404/4404
f 4418/4418 4420/4420 4406/4406
f 4419/4419 4420/4420 4418/4418
f 4420/4420 4408/4408 4406/4406
f 4422/4422 4421/4421 4414/4414
f 4422/4422 4423/4423 4421/4421
f 4424/4424 4423/4423 4422/4422
f 4424/4424 4425/4425 4423/4423
f 4426/4426 4425/4425 4424/4424
f 4426/4426 4427/4427 4425/4425
f 4428/4428 4427/4427 4426/4426
f 4423/4423 4429/4429 4421/4421
f 4423/4423 4430/4430 4429/4429
f 4425/4425 4430/4430 4423/4423
f 4425/4425 4431/4431 4430/4430
f 4427/4427 4431/4431 4425/4425
f 4430/4430 4432/4432 4429/4429
f 4430/4430 4433/4433 4432/4432
f 4431/4431 4433/4433 4430/4430
f 4433/4433 4434/4434 4432/4432
f 4413/4413 4422/4422 4414/4414
f 4413/4413 4435/4435 4422/4422
f 4411/4411 4435/4435 4413/4413
f 4411/4411 4436/4436 4435/4435
f 4407/4407 4436/4436 4411/4411
f 4407/4407 4437/4437 4436/4436
f 4408/4408 4437/4437 4407/4407
f 4435/4435 4424/4424 4422/4422
f 4435/4435 4438/4438 4424/4424
f 4436/4436 4438/4438 4435/4435
f 4436/4436 4439/4439 4438/4438
f 4437/4437 4439/4439 4436/4436
f 4438/4438 4426/4426 4424/4424
f 4438/4438 4440/4440 4426/4426
f 4439/4439 4440/4440 4438/4438
f 4440/4440 4428/4428 4426/4426
f 4295/4295 4441/4441 4294/4294
f 4295/4295 4442/4442 4441/4441
f 4298/4298 4442/4442 4295/4295
f 4298/4298 4443/4443 4442/4442
f 4300/4300 4443/4443 4298/4298
f 4300/4300 4444/4444 4443/4443
f 4258/4258 4444/4444 4300/4300
f 4442/4442 4445/4445 4441/4441
f 4442/4442 4446/4446 4445/4445
f 4443/4443 4446/4446 4442/4442
f 4443/4443 4447/4447 4446/4446
f 4444/4444 4447/4447 4443/4443
f 4446/4446 4448/4448 4445/4445
f 4446/4446 4449/4449 4448/4448
f 4447/4447 4449/4449 4446/4446
f 4449/4449 4450/4450 4448/4448
f 4449/4449 4451/4451 4450/4450
f 4449/4449 4452/4452 4451/4451
f 4447/4447 4452/4452 4449/4449
f 4447/4447 4453/4453 4452/4452
f 4444/4444 4453/4453 4447/4447
f 4444/4444 4401/4401 4453/4453
f 4258/4258 4401/4401 4444/4444
f 4452/4452 4454/4454 4451/4451
f 4452/4452 4455/4455 4454/4454
f 4453/4453 4455/4455 4452/4452
f 4453/4453 4409/4409 4455/4455
f 4401/4401 4409/4409 4453/4453
f 4455/4455 4456/4456 4454/4454
f 4455/4455 4412/4412 4456/4456
f 4409/4409 4412/4412 4455/4455
f 4412/4412 4414/4414 4456/4456
f 4311/4311 4457/4457 4310/4310
f 4311/4311 4458/4458 4457/4457
f 4314/4314 4458/4458 4311/4311
f 4314/4314 4459/4459 4458/4458
f 4316/4316 4459/4459 4314/4314
f 4316/4316 4460/4460 4459/4459
f 4294/4294 4460/4460 4316/4316
f 4458/4458 4461/4461 4457/4457
f 4458/4458 4462/4462 4461/4461
f 4459/4459 4462/4462 4458/4458
f 4459/4459 4463/4463 4462/4462
f 4460/4460 4463/4463 4459/4459
f 4462/4462 4464/4464 4461/4461
f 4462/4462 4465/4465 4464/4464
f 4463/4463 4465/4465 4462/4462
f 4465/4465 4466/4466 4464/4464
f 4465/4465 4467/4467 4466/4466
f 4465/4465 4468/4468 4467/4467
f 4463/4463 4468/4468 4465/4465
f 4463/4463 4469/4469 4468/4468
f 4460/4460 4469/4469 4463/4463
f 4460/4460 4441/4441 4469/4469
f 4294/4294 4441/4441 4460/4460
f 4468/4468 4470/4470 4467/4467
f 4468/4468 4471/4471 4470/4470
f 4469/4469 4471/4471 4468/4468
f 4469/4469 4445/4445 4471/4471
f 4441/4441 4445/4445 4469/4469
f 4471/4471 4472/4472 4470/4470
f 4471/4471 4448/4448 4472/4472
f 4445/4445 4448/4448 4471/4471
f 4448/4448 4450/4450 4472/4472
f 4327/4327 4473/4473 4326/4326
f 4327/4327 4474/4474 4473/4473
f 4330/4330 4474/4474 4327/4327
f 4330/4330 4475/4475 4474/4474
f 4332/4332 4475/4475 4330/4330
f 4332/4332 4476/4476 4475/4475
f 4310/4310 4476/4476 4332/4332
f 4474/4474 4477/4477 4473/4473
f 4474/4474 4478/4478 4477/4477
f 4475/4475 4478/4478 4474/4474
f 4475/4475 4479/4479 4478/4478
f 4476/4476 4479/4479 4475/4475
f 4478/4478 4480/4480 4477/4477
f 4478/4478 4481/4481 4480/4480
f 4479/4479 4481/4481 4478/4478
f 4481/4481 4482/4482 4480/4480
f 4481/4481 4483/4483 4482/4482
f 4481/4481 4484/4484 4483/4483
f 4479/4479 4484/4484 4481/4481
f 4479/4479 4485/4485 4484/4484
f 4476/4476 4485/4485 4479/4479
f 4476/4476 4457/4457 4485/4485
f 4310/4310 4457/4457 4476/4476
f 4484/4484 4486/4486 4483/4483
f 4484/4484 4487/4487 4486/4486
f 4485/4485 4487/4487 4484/4484
f 4485/4485 4461/4461 4487/4487
f 4457/4457 4461/4461 4485/4485
f 4487/4487 4488/4488 4486/4486
f 4487/4487 4464/4464 4488/4488
f 4461/4461 4464/4464 4487/4487
f 4464/4464 4466/4466 4488/4488
f 4343/4343 4489/4489 4342/4342
f 4343/4343 4490/4490 4489/4489
f 4346/4346 4490/4490 4343/4343
f 4346/4346 4491/4491 4490/4490
f 4348/4348 4491/4491 4346/4346
f 4348/4348 4492/4492 4491/4491
f 4326/4326 4492/4492 4348/4348
f 4490/4490 4493/4493 4489/4489
f 4490/4490 4494/4494 4493/4493
f 4491/4491 4494/4494 4490/4490
f 4491/4491 4495/4495 4494/4494
f 4492/4492 4495/4495 4491/4491
f 4494/4494 4496/4496 4493/4493
f 4494/4494 4497/4497 4496/4496
f 4495/4495 4497/4497 4494/4494
f 4497/4497 4498/4498 4496/4496
f 4497/4497 4499/4499 4498/4498
f 4497/4497 4500/4500 4499/4499
f 4495/4495 4500/4500 4497/4497
f 4495/4495 4501/4501 4500/4500
f 4492/4492 4501/4501 4495/4495
f 4492/4492 4473/4473 4501/4501
f 4326/4326 4473/4473 4492/4492
f 4500/4500 4502/4502 4499/4499
f 4500/4500 4503/4503 4502/4502
f 4501/4501 4503/4503 4500/4500
f 4501/4501 4477/4477 4503/4503
f 4473/4473 4477/4477 4501/4501
f 4503/4503 4504/4504 4502/4502
f 4503/4503 4480/4480 4504/4504
f 4477/4477 4480/4480 4503/4503
f 4480/4480 4482/4482 4504/4504
f 4359/4359 4505/4505 4358/4358
f 4359/4359 4506/4506 4505/4505
f 4362/4362 4506/4506 4359/4359
f 4362/4362 4507/4507 4506/4506
f 4364/4364 4507/4507 4362/4362
f 4364/4364 4508/4508 4507/4507
f 4342/4342 4508/4508 4364/4364
f 4506/4506 4509/4509 4505/4505
f 4506/4506 4510/4510 4509/4509
f 4507/4507 4510/4510 4506/4506
f 4507/4507 4511/4511 4510/4510
f 4508/4508 4511/4511 4507/4507
f 4510/4510 4512/4512 4509/4509
f 4510/4510 4513/4513 4512/4512
f 4511/4511 4513/4513 4510/4510
f 4513/4513 4514/4514 4512/4512
f 4513/4513 4515/4515 4514/4514
f 4513/4513 4516/4516 4515/4515
f 4511/4511 4516/4516 4513/4513
f 4511/4511 4517/4517 4516/4516
f 4508/4508 4517/4517 4511/4511
f 4508/4508 4489/4489 4517/4517
f 4342/4342 4489/4489 4508/4508
f 4516/4516 4518/4518 4515/4515
f 4516/4516 4519/4519 4518/4518
f 4517/4517 4519/4519 4516/4516
f 4517/4517 4493/4493 4519/4519
f 4489/4489 4493/4493 4517/4517
f 4519/4519 4520/4520 4518/4518
f 4519/4519 4496/4496 4520/4520
f 4493/4493 4496/4496 4519/4519
f 4496/4496 4498/4498 4520/4520
f 4523/4523 4522/4522 4521/4521
f 4523/4523 4524/4524 4522/4522
f 4525/4525 4524/4524 4523/4523
f 4525/4525 4526/4526 4524/4524
f 4527/4527 4526/4526 4525/4525
f 4527/4527 4395/4395 4526/4526
f 4397/4397 4395/4395 4527/4527
f 4524/4524 4528/4528 4522/4522
f 4524/4524 4529/4529 4528/4528
f 4526/4526 4529/4529 4524/4524
f 4526/4526 4393/4393 4529/4529
f 4395/4395 4393/4393 4526/4526
f 4529/4529 4530/4530 4528/4528
f 4529/4529 4391/4391 4530/4530
f 4393/4393 4391/4391 4529/4529
f 4391/4391 4358/4358 4530/4530
f 4531/4531 4512/4512 4514/4514
f 4531/4531 4532/4532 4512/4512
f 4533/4533 4532/4532 4531/4531
f 4533/4533 4534/4534 4532/4532
f 4535/4535 4534/4534 4533/4533
f 4535/4535 4522/4522 4534/4534
f 4521/4521 4522/4522 4535/4535
f 4532/4532 4509/4509 4512/4512
f 4532/4532 4536/4536 4509/4509
f 4534/4534 4536/4536 4532/4532
f 4534/4534 4528/4528 4536/4536
f 4522/4522 4528/4528 4534/4534
f 4536/4536 4505/4505 4509/4509
f 4536/4536 4530/4530 4505/4505
f 4528/4528 4530/4530 4536/4536
f 4530/4530 4358/4358 4505/4505
f 4537/4537 4531/4531 4514/4514
f 4537/4537 4538/4538 4531/4531
f 4539/4539 4538/4538 4537/4537
f 4539/4539 4540/4540 4538/4538
f 4541/4541 4540/4540 4539/4539
f 4541/4541 4542/4542 4540/4540
f 4543/4543 4542/4542 4541/4541
f 4538/4538 4533/4533 4531/4531
f 4538/4538 4544/4544 4533/4533
f 4540/4540 4544/4544 4538/4538
f 4540/4540 4545/4545 4544/4544
f 4542/4542 4545/4545 4540/4540
f 4544/4544 4535/4535 4533/4533
f 4544/4544 4546/4546 4535/4535
f 4545/4545 4546/4546 4544/4544
f 4546/4546 4521/4521 4535/4535
f 4548/4548 4547/4547 4414/4414
f 4548/4548 4549/4549 4547/4547
f 4550/4550 4549/4549 4548/4548
f 4550/4550 4551/4551 4549/4549
f 4552/4552 4551/4551 4550/4550
f 4552/4552 4553/4553 4551/4551
f 4554/4554 4553/4553 4552/4552
f 4549/4549 4555/4555 4547/4547
f 4549/4549 4556/4556 4555/4555
f 4551/4551 4556/4556 4549/4549
f 4551/4551 4557/4557 4556/4556
f 4553/4553 4557/4557 4551/4551
f 4556/4556 4558/4558 4555/4555
f 4556/4556 4559/4559 4558/4558
f 4557/4557 4559/4559 4556/4556
f 4559/4559 4560/4560 4558/4558
f 4421/4421 4548/4548 4414/4414
f 4421/4421 4561/4561 4548/4548
f 4429/4429 4561/4561 4421/4421
f 4429/4429 4562/4562 4561/4561
f 4432/4432 4562/4562 4429/4429
f 4432/4432 4563/4563 4562/4562
f 4434/4434 4563/4563 4432/4432
f 4561/4561 4550/4550 4548/4548
f 4561/4561 4564/4564 4550/4550
f 4562/4562 4564/4564 4561/4561
f 4562/4562 4565/4565 4564/4564
f 4563/4563 4565/4565 4562/4562
f 4564/4564 4552/4552 4550/4550
f 4564/4564 4566/4566 4552/4552
f 4565/4565 4566/4566 4564/4564
f 4566/4566 4554/4554 4552/4552
f 4568/4568 4567/4567 4560/4560
f 4568/4568 4569/4569 4567/4567
f 4570/4570 4569/4569 4568/4568
f 4570/4570 4571/4571 4569/4569
f 4572/4572 4571/4571 4570/4570
f 4572/4572 4573/4573 4571/4571
f 4574/4574 4573/4573 4572/4572
f 4569/4569 4575/4575 4567/4567
f 4569/4569 4576/4576 4575/4575
f 4571/4571 4576/4576 4569/4569
f 4571/4571 4577/4577 4576/4576
f 4573/4573 4577/4577 4571/4571
f 4576/4576 4578/4578 4575/4575
f 4576/4576 4579/4579 4578/4578
f 4577/4577 4579/4579 4576/4576
f 4579/4579 4580/4580 4578/4578
f 4559/4559 4568/4568 4560/4560
f 4559/4559 4581/4581 4568/4568
f 4557/4557 4581/4581 4559/4559
f 4557/4557 4582/4582 4581/4581
f 4553/4553 4582/4582 4557/4557
f 4553/4553 4583/4583 4582/4582
f 4554/4554 4583/4583 4553/4553
f 4581/4581 4570/4570 4568/4568
f 4581/4581 4584/4584 4570/4570
f 4582/4582 4584/4584 4581/4581
f 4582/4582 4585/4585 4584/4584
f 4583/4583 4585/4585 4582/4582
f 4584/4584 4572/4572 4570/4570
f 4584/4584 4586/4586 4572/4572
f 4585/4585 4586/4586 4584/4584
f 4586/4586 4574/4574 4572/4572
f 4451/4451 4587/4587 4450/4450
f 4451/4451 4588/4588 4587/4587
f 4454/4454 4588/4588 4451/4451
f 4454/4454 4589/4589 4588/4588
f 4456/4456 4589/4589 4454/4454
f 4456/4456 4590/4590 4589/4589
f 4414/4414 4590/4590 4456/4456
f 4588/4588 4591/4591 4587/4587
f 4588/4588 4592/4592 4591/4591
f 4589/4589 4592/4592 4588/4588
f 4589/4589 4593/4593 4592/4592
f 4590/4590 4593/4593 4589/4589
f 4592/4592 4594/4594 4591/4591
f 4592/4592 4595/4595 4594/4594
f 4593/4593 4595/4595 4592/4592
f 4595/4595 4596/4596 4594/4594
f 4595/4595 4597/4597 4596/4596
f 4595/4595 4598/4598 4597/4597
f 4593/4593 4598/4598 4595/4595
f 4593/4593 4599/4599 4598/4598
f 4590/4590 4599/4599 4593/4593
f 4590/4590 4547/4547 4599/4599
f 4414/4414 4547/4547 4590/4590
f 4598/4598 4600/4600 4597/4597
f 4598/4598 4601/4601 4600/4600
f 4599/4599 4601/4601 4598/4598
f 4599/4599 4555/4555 4601/4601
f 4547/4547 4555/4555 4599/4599
f 4601/4601 4602/4602 4600/4600
f 4601/4601 4558/4558 4602/4602
f 4555/4555 4558/4558 4601/4601
f 4558/4558 4560/4560 4602/4602
f 4467/4467 4603/4603 4466/4466
f 4467/4467 4604/4604 4603/4603
f 4470/4470 4604/4604 4467/4467
f 4470/4470 4605/4605 4604/4604
f 4472/4472 4605/4605 4470/4470
f 4472/4472 4606/4606 4605/4605
f 4450/4450 4606/4606 4472/4472
f 4604/4604 4607/4607 4603/4603
f 4604/4604 4608/4608 4607/4607
f 4605/4605 4608/4608 4604/4604
f 4605/4605 4609/4609 4608/4608
f 4606/4606 4609/4609 4605/4605
f 4608/4608 4610/4610 4607/4607
f 4608/4608 4611/4611 4610/4610
f 4609/4609 4611/4611 4608/4608
f 4611/4611 4612/4612 4610/4610
f 4611/4611 4613/4613 4612/4612
f 4611/4611 4614/4614 4613/4613
f 4609/4609 4614/4614 4611/4611
f 4609/4609 4615/4615 4614/4614
f 4606/4606 4615/4615 4609/4609
f 4606/4606 4587/4587 4615/4615
f 4450/4450 4587/4587 4606/4606
f 4614/4614 4616/4616 4613/4613
f 4614/4614 4617/4617 4616/4616
f 4615/4615 4617/4617 4614/4614
f 4615/4615 4591/4591 4617/4617
f 4587/4587 4591/4591 4615/4615
f 4617/4617 4618/4618 4616/4616
f 4617/4617 4594/4594 4618/4618
f 4591/4591 4594/4594 4617/4617
f 4594/4594 4596/4596 4618/4618
f 4483/4483 4619/4619 4482/4482
f 4483/4483 4620/4620 4619/4619
f 4486/4486 4620/4620 4483/4483
f 4486/4486 4621/4621 4620/4620
f 4488/4488 4621/4621 4486/4486
f 4488/4488 4622/4622 4621/4621
f 4466/4466 4622/4622 4488/4488
f 4620/4620 4623/4623 4619/4619
f 4620/4620 4624/4624 4623/4623
f 4621/4621 4624/4624 4620/4620
f 4621/4621 4625/4625 4624/4624
f 4622/4622 4625/4625 4621/4621
f 4624/4624 4626/4626 4623/4623
f 4624/4624 4627/4627 4626/4626
f 4625/4625 4627/4627 4624/4624
f 4627/4627 4628/4628 4626/4626
f 4627/4627 4629/4629 4628/4628
f 4627/4627 4630/4630 4629/4629
f 4625/4625 4630/4630 4627/4627
f 4625/4625 4631/4631 4630/4630
f 4622/4622 4631/4631 4625/4625
f 4622/4622 4603/4603 4631/4631
f 4466/4466 4603/4603 4622/4622
f 4630/4630 4632/4632 4629/4629
f 4630/4630 4633/4633 4632/4632
f 4631/4631 4633/4633 4630/4630
f 4631/4631 4607/4607 4633/4633
f 4603/4603 4607/4607 4631/4631
f 4633/4633 4634/4634 4632/4632
f 4633/4633 4610/4610 4634/4634
f 4607/4607 4610/4610 4633/4633
f 4610/4610 4612/4612 4634/4634
f 4499/4499 4635/4635 4498/4498
f 4499/4499 4636/4636 4635/4635
f 4502/4502 4636/4636 4499/4499
f 4502/4502 4637/4637 4636/4636
f 4504/4504 4637/4637 4502/4502
f 4504/4504 4638/4638 4637/4637
f 4482/4482 4638/4638 4504/4504
f 4636/4636 4639/4639 4635/4635
f 4636/4636 4640/4640 4639/4639
f 4637/4637 4640/4640 4636/4636
f 4637/4637 4641/4641 4640/4640
f 4638/4638 4641/4641 4637/4637
f 4640/4640 4642/4642 4639/4639
f 4640/4640 4643/4643 4642/4642
f 4641/4641 4643/4643 4640/4640
f 4643/4643 4644/4644 4642/4642
f 4643/4643 4645/4645 4644/4644
f 4643/4643 4646/4646 4645/4645
f 4641/4641 4646/4646 4643/4643
f 4641/4641 4647/4647 4646/4646
f 4638/4638 4647/4647 4641/4641
f 4638/4638 4619/4619 4647/4647
f 4482/4482 4619/4619 4638/4638
f 4646/4646 4648/4648 4645/4645
f 4646/4646 4649/4649 4648/4648
f 4647/4647 4649/4649 4646/4646
f 4647/4647 4623/4623 4649/4649
f 4619/4619 4623/4623 4647/4647
f 4649/4649 4650/4650 4648/4648
f 4649/4649 4626/4626 4650/4650
f 4623/4623 4626/4626 4649/4649
f 4626/4626 4628/4628 4650/4650
f 4515/4515 4651/4651 4514/4514
f 4515/4515 4652/4652 4651/4651
f 4518/4518 4652/4652 4515/4515
f 4518/4518 4653/4653 4652/4652
f 4520/4520 4653/4653 4518/4518
f 4520/4520 4654/4654 4653/4653
f 4498/4498 4654/4654 4520/4520
f 4652/4652 4655/4655 4651/4651
f 4652/4652 4656/4656 4655/4655
f 4653/4653 4656/4656 4652/4652
f 4653/4653 4657/4657 4656/4656
f 4654/4654 4657/4657 4653/4653
f 4656/4656 4658/4658 4655/4655
f 4656/4656 4659/4659 4658/4658
f 4657/4657 4659/4659 4656/4656
f 4659/4659 4660/4660 4658/4658
f 4659/4659 4661/4661 4660/4660
f 4659/4659 4662/4662 4661/4661
f 4657/4657 4662/4662 4659/4659
f 4657/4657 4663/4663 4662/4662
f 4654/4654 4663/4663 4657/4657
f 4654/4654 4635/4635 4663/4663
f 4498/4498 4635/4635 4654/4654
f 4662/4662 4664/4664 4661/4661
f 4662/4662 4665/4665 4664/4664
f 4663/4663 4665/4665 4662/4662
f 4663/4663 4639/4639 4665/4665
f 4635/4635 4639/4639 4663/4663
f 4665/4665 4666/4666 4664/4664
f 4665/4665 4642/4642 4666/4666
f 4639/4639 4642/4642 4665/4665
f 4642/4642 4644/4644 4666/4666
f 4669/4669 4668/4668 4667/4667
f 4669/4669 4670/4670 4668/4668
f 4671/4671 4670/4670 4669/4669
f 4671/4671 4672/4672 4670/4670
f 4673/4673 4672/4672 4671/4671
f 4673/4673 4541/4541 4672/4672
f 4543/4543 4541/4541 4673/4673
f 4670/4670 4674/4674 4668/4668
f 4670/4670 4675/4675 4674/4674
f 4672/4672 4675/4675 4670/4670
f 4672/4672 4539/4539 4675/4675
f 4541/4541 4539/4539 4672/4672
f 4675/4675 4676/4676 4674/4674
f 4675/4675 4537/4537 4676/4676
f 4539/4539 4537/4537 4675/4675
f 4537/4537 4514/4514 4676/4676
f 4677/4677 4669/4669 4667/4667
f 4677/4677 4678/4678 4669/4669
f 4679/4679 4678/4678 4677/4677
f 4679/4679 4680/4680 4678/4678
f 4681/4681 4680/4680 4679/4679
f 4681/4681 4682/4682 4680/4680
f 4683/4683 4682/4682 4681/4681
f 4678/4678 4671/4671 4669/4669
f 4678/4678 4684/4684 4671/4671
f 4680/4680 4684/4684 4678/4678
f 4680/4680 4685/4685 4684/4684
f 4682/4682 4685/4685 4680/4680
f 4684/4684 4673/4673 4671/4671
f 4684/4684 4686/4686 4673/4673
f 4685/4685 4686/4686 4684/4684
f 4686/4686 4543/4543 4673/4673
f 4687/4687 4658/4658 4660/4660
f 4687/4687 4688/4688 4658/4658
f 4689/4689 4688/4688 4687/4687
f 4689/4689 4690/4690 4688/4688
f 4691/4691 4690/4690 4689/4689
f 4691/4691 4668/4668 4690/4690
f 4667/4667 4668/4668 4691/4691
f 4688/4688 4655/4655 4658/4658
f 4688/4688 4692/4692 4655/4655
f 4690/4690 4692/4692 4688/4688
f 4690/4690 4674/4674 4692/4692
f 4668/4668 4674/4674 4690/4690
f 4692/4692 4651/4651 4655/4655
f 4692/4692 4676/4676 4651/4651
f 4674/4674 4676/4676 4692/4692
f 4676/4676 4514/4514 4651/4651
f 4693/4693 4687/4687 4660/4660
f 4693/4693 4694/4694 4687/4687
f 4695/4695 4694/4694 4693/4693
f 4695/4695 4696/4696 4694/4694
f 4697/4697 4696/4696 4695/4695
f 4697/4697 4698/4698 4696/4696
f 4699/4699 4698/4698 4697/4697
f 4694/4694 4689/4689 4687/4687
f 4694/4694 4700/4700 4689/4689
f 4696/4696 4700/4700 4694/4694
f 4696/4696 4701/4701 4700/4700
f 4698/4698 4701/4701 4696/4696
f 4700/4700 4691/4691 4689/4689
f 4700/4700 4702/4702 4691/4691
f 4701/4701 4702/4702 4700/4700
f 4702/4702 4667/4667 4691/4691
f 4705/4705 4704/4704 4703/4703
f 4705/4705 4706/4706 4704/4704
f 4707/4707 4706/4706 4705/4705
f 4707/4707 4708/4708 4706/4706
f 4709/4709 4708/4708 4707/4707
f 4709/4709 4710/4710 4708/4708
f 4711/4711 4710/4710 4709/4709
f 4706/4706 4712/4712 4704/4704
f 4706/4706 4713/4713 4712/4712
f 4708/4708 4713/4713 4706/4706
f 4708/4708 4714/4714 4713/4713
f 4710/4710 4714/4714 4708/4708
f 4713/4713 4715/4715 4712/4712
f 4713/4713 4716/4716 4715/4715
f 4714/4714 4716/4716 4713/4713
f 4716/4716 4717/4717 4715/4715
f 4718/4718 4710/4710 4711/4711
f 4718/4718 4719/4719 4710/4710
f 4720/4720 4719/4719 4718/4718
f 4720/4720 4721/4721 4719/4719
f 4722/4722 4721/4721 4720/4720
f 4722/4722 4723/4723 4721/4721
f 4724/4724 4723/4723 4722/4722
f 4719/4719 4714/4714 4710/4710
f 4719/4719 4725/4725 4714/4714
f 4721/4721 4725/4725 4719/4719
f 4721/4721 4726/4726 4725/4725
f 4723/4723 4726/4726 4721/4721
f 4725/4725 4716/4716 4714/4714
f 4725/4725 4727/4727 4716/4716
f 4726/4726 4727/4727 4725/4725
f 4727/4727 4717/4717 4716/4716
f 4729/4729 4728/4728 4560/4560
f 4729/4729 4730/4730 4728/4728
f 4731/4731 4730/4730 4729/4729
f 4731/4731 4732/4732 4730/4730
f 4733/4733 4732/4732 4731/4731
f 4733/4733 4734/4734 4732/4732
f 4735/4735 4734/4734 4733/4733
f 4730/4730 4736/4736 4728/4728
f 4730/4730 4737/4737 4736/4736
f 4732/4732 4737/4737 4730/4730
f 4732/4732 4738/4738 4737/4737
f 4734/4734 4738/4738 4732/4732
f 4737/4737 4739/4739 4736/4736
f 4737/4737 4740/4740 4739/4739
f 4738/4738 4740/4740 4737/4737
f 4740/4740 4741/4741 4739/4739
f 4567/4567 4729/4729 4560/4560
f 4567/4567 4742/4742 4729/4729
f 4575/4575 4742/4742 4567/4567
f 4575/4575 4743/4743 4742/4742
f 4578/4578 4743/4743 4575/4575
f 4578/4578 4744/4744 4743/4743
f 4580/4580 4744/4744 4578/4578
f 4742/4742 4731/4731 4729/4729
f 4742/4742 4745/4745 4731/4731
f 4743/4743 4745/4745 4742/4742
f 4743/4743 4746/4746 4745/4745
f 4744/4744 4746/4746 4743/4743
f 4745/4745 4733/4733 4731/4731
f 4745/4745 4747/4747 4733/4733
f 4746/4746 4747/4747 4745/4745
f 4747/4747 4735/4735 4733/4733
f 4749/4749 4748/4748 4741/4741
f 4749/4749 4750/4750 4748/4748
f 4751/4751 4750/4750 4749/4749
f 4751/4751 4752/4752 4750/4750
f 4753/4753 4752/4752 4751/4751
f 4753/4753 4704/4704 4752/4752
f 4703/4703 4704/4704 4753/4753
f 4750/4750 4754/4754 4748/4748
f 4750/4750 4755/4755 4754/4754
f 4752/4752 4755/4755 4750/4750
f 4752/4752 4712/4712 4755/4755
f 4704/4704 4712/4712 4752/4752
f 4755/4755 4756/4756 4754/4754
f 4755/4755 4715/4715 4756/4756
f 4712/4712 4715/4715 4755/4755
f 4715/4715 4717/4717 4756/4756
f 4740/4740 4749/4749 4741/4741
f 4740/4740 4757/4757 4749/4749
f 4738/4738 4757/4757 4740/4740
f 4738/4738 4758/4758 4757/4757
f 4734/4734 4758/4758 4738/4738
f 4734/4734 4759/4759 4758/4758
f 4735/4735 4759/4759 4734/4734
f 4757/4757 4751/4751 4749/4749
f 4757/4757 4760/4760 4751/4751
f 4758/4758 4760/4760 4757/4757
f 4758/4758 4761/4761 4760/4760
f 4759/4759 4761/4761 4758/4758
f 4760/4760 4753/4753 4751/4751
f 4760/4760 4762/4762 4753/4753
f 4761/4761 4762/4762 4760/4760
f 4762/4762 4703/4703 4753/4753
f 4597/4597 4763/4763 4596/4596
f 4597/4597 4764/4764 4763/4763
f 4600/4600 4764/4764 4597/4597
f 4600/4600 4765/4765 4764/4764
f 4602/4602 4765/4765 4600/4600
f 4602/4602 4766/4766 4765/4765
f 4560/4560 4766/4766 4602/4602
f 4764/4764 4767/4767 4763/4763
f 4764/4764 4768/4768 4767/4767
f 4765/4765 4768/4768 4764/4764
f 4765/4765 4769/4769 4768/4768
f 4766/4766 4769/4769 4765/4765
f 4768/4768 4770/4770 4767/4767
f 4768/4768 4771/4771 4770/4770
f 4769/4769 4771/4771 4768/4768
f 4771/4771 4772/4772 4770/4770
f 4771/4771 4773/4773 4772/4772
f 4771/4771 4774/4774 4773/4773
f 4769/4769 4774/4774 4771/4771
f 4769/4769 4775/4775 4774/4774
f 4766/4766 4775/4775 4769/4769
f 4766/4766 4728/4728 4775/4775
f 4560/4560 4728/4728 4766/4766
f 4774/4774 4776/4776 4773/4773
f 4774/4774 4777/4777 4776/4776
f 4775/4775 4777/4777 4774/4774
f 4775/4775 4736/4736 4777/4777
f 4728/4728 4736/4736 4775/4775
f 4777/4777 4778/4778 4776/4776
f 4777/4777 4739/4739 4778/4778
f 4736/4736 4739/4739 4777/4777
f 4739/4739 4741/4741 4778/4778
f 4613/4613 4779/4779 4612/4612
f 4613/4613 4780/4780 4779/4779
f 4616/4616 4780/4780 4613/4613
f 4616/4616 4781/4781 4780/4780
f 4618/4618 4781/4781 4616/4616
f 4618/4618 4782/4782 4781/4781
f 4596/4596 4782/4782 4618/4618
f 4780/4780 4783/4783 4779/4779
f 4780/4780 4784/4784 4783/4783
f 4781/4781 4784/4784 4780/4780
f 4781/4781 4785/4785 4784/4784
f 4782/4782 4785/4785 4781/4781
f 4784/4784 4786/4786 4783/4783
f 4784/4784 4787/4787 4786/4786
f 4785/4785 4787/4787 4784/4784
f 4787/4787 4788/4788 4786/4786
f 4787/4787 4789/4789 4788/4788
f 4787/4787 4790/4790 4789/4789
f 4785/4785 4790/4790 4787/4787
f 4785/4785 4791/4791 4790/4790
f 4782/4782 4791/4791 4785/4785
f 4782/4782 4763/4763 4791/4791
f 4596/4596 4763/4763 4782/4782
f 4790/4790 4792/4792 4789/4789
f 4790/4790 4793/4793 4792/4792
f 4791/4791 4793/4793 4790/4790
f 4791/4791 4767/4767 4793/4793
f 4763/4763 4767/4767 4791/4791
f 4793/4793 4794/4794 4792/4792
f 4793/4793 4770/4770 4794/4794
f 4767/4767 4770/4770 4793/4793
f 4770/4770 4772/4772 4794/4794
f 4629/4629 4795/4795 4628/4628
f 4629/4629 4796/4796 4795/4795
f 4632/4632 4796/4796 4629/4629
f 4632/4632 4797/4797 4796/4796
f 4634/4634 4797/4797 4632/4632
f 4634/4634 4798/4798 4797/4797
f 4612/4612 4798/4798 4634/4634
f 4796/4796 4799/4799 4795/4795
f 4796/4796 4800/4800 4799/4799
f 4797/4797 4800/4800 4796/4796
f 4797/4797 4801/4801 4800/4800
f 4798/4798 4801/4801 4797/4797
f 4800/4800 4802/4802 4799/4799
f 4800/4800 4803/4803 4802/4802
f 4801/4801 4803/4803 4800/4800
f 4803/4803 4804/4804 4802/4802
f 4803/4803 4805/4805 4804/4804
f 4803/4803 4806/4806 4805/4805
f 4801/4801 4806/4806 4803/4803
f 4801/4801 4807/4807 4806/4806
f 4798/4798 4807/4807 4801/4801
f 4798/4798 4779/4779 4807/4807
f 4612/4612 4779/4779 4798/4798
f 4806/4806 4808/4808 4805/4805
f 4806/4806 4809/4809 4808/4808
f 4807/4807 4809/4809 4806/4806
f 4807/4807 4783/4783 4809/4809
f 4779/4779 4783/4783 4807/4807
f 4809/4809 4810/4810 4808/4808
f 4809/4809 4786/4786 4810/4810
f 4783/4783 4786/4786 4809/4809
f 4786/4786 4788/4788 4810/4810
f 4645/4645 4811/4811 4644/4644
f 4645/4645 4812/4812 4811/4811
f 4648/4648 4812/4812 4645/4645
f 4648/4648 4813/4813 4812/4812
f 4650/4650 4813/4813 4648/4648
f 4650/4650 4814/4814 4813/4813
f 4628/4628 4814/4814 4650/4650
f 4812/4812 4815/4815 4811/4811
f 4812/4812 4816/4816 4815/4815
f 4813/4813 4816/4816 4812/4812
f 4813/4813 4817/4817 4816/4816
f 4814/4814 4817/4817 4813/4813
f 4816/4816 4818/4818 4815/4815
f 4816/4816 4819/4819 4818/4818
f 4817/4817 4819/4819 4816/4816
f 4819/4819 4820/4820 4818/4818
f 4819/4819 4821/4821 4820/4820
f 4819/4819 4822/4822 4821/4821
f 4817/4817 4822/4822 4819/4819
f 4817/4817 4823/4823 4822/4822
f 4814/4814 4823/4823 4817/4817
f 4814/4814 4795/4795 4823/4823
f 4628/4628 4795/4795 4814/4814
f 4822/4822 4824/4824 4821/4821
f 4822/4822 4825/4825 4824/4824
f 4823/4823 4825/4825 4822/4822
f 4823/4823 4799/4799 4825/4825
f 4795/4795 4799/4799 4823/4823
f 4825/4825 4826/4826 4824/4824
f 4825/4825 4802/4802 4826/4826
f 4799/4799 4802/4802 4825/4825
f 4802/4802 4804/4804 4826/4826
f 4661/4661 4827/4827 4660/4660
f 4661/4661 4828/4828 4827/4827
f 4664/4664 4828/4828 4661/4661
f 4664/4664 4829/4829 4828/4828
f 4666/4666 4829/4829 4664/4664
f 4666/4666 4830/4830 4829/4829
f 4644/4644 4830/4830 4666/4666
f 4828/4828 4831/4831 4827/4827
f 4828/4828 4832/4832 4831/4831
f 4829/4829 4832/4832 4828/4828
f 4829/4829 4833/4833 4832/4832
f 4830/4830 4833/4833 4829/4829
f 4832/4832 4834/4834 4831/4831
f 4832/4832 4835/4835 4834/4834
f 4833/4833 4835/4835 4832/4832
f 4835/4835 4836/4836 4834/4834
f 4835/4835 4837/4837 4836/4836
f 4835/4835 4838/4838 4837/4837
f 4833/4833 4838/4838 4835/4835
f 4833/4833 4839/4839 4838/4838
f 4830/4830 4839/4839 4833/4833
f 4830/4830 4811/4811 4839/4839
f 4644/4644 4811/4811 4830/4830
f 4838/4838 4840/4840 4837/4837
f 4838/4838 4841/4841 4840/4840
f 4839/4839 4841/4841 4838/4838
f 4839/4839 4815/4815 4841/4841
f 4811/4811 4815/4815 4839/4839
f 4841/4841 4842/4842 4840/4840
f 4841/4841 4818/4818 4842/4842
f 4815/4815 4818/4818 4841/4841
f 4818/4818 4820/4820 4842/4842
f 4845/4845 4844/4844 4843/4843
f 4845/4845 4846/4846 4844/4844
f 4847/4847 4846/4846 4845/4845
f 4847/4847 4848/4848 4846/4846
f 4849/4849 4848/4848 4847/4847
f 4849/4849 4697/4697 4848/4848
f 4699/4699 4697/4697 4849/4849
f 4846/4846 4850/4850 4844/4844
f 4846/4846 4851/4851 4850/4850
f 4848/4848 4851/4851 4846/4846
f 4848/4848 4695/4695 4851/4851
f 4697/4697 4695/4695 4848/4848
f 4851/4851 4852/4852 4850/4850
f 4851/4851 4693/4693 4852/4852
f 4695/4695 4693/4693 4851/4851
f 4693/4693 4660/4660 4852/4852
f 4853/4853 4845/4845 4843/4843
f 4853/4853 4854/4854 4845/4845
f 4855/4855 4854/4854 4853/4853
f 4855/4855 4856/4856 4854/4854
f 4857/4857 4856/4856 4855/4855
f 4857/4857 4858/4858 4856/4856
f 4859/4859 4858/4858 4857/4857
f 4854/4854 4847/4847 4845/4845
f 4854/4854 4860/4860 4847/4847
f 4856/4856 4860/4860 4854/4854
f 4856/4856 4861/4861 4860/4860
f 4858/4858 4861/4861 4856/4856
f 4860/4860 4849/4849 4847/4847
f 4860/4860 4862/4862 4849/4849
f 4861/4861 4862/4862 4860/4860
f 4862/4862 4699/4699 4849/4849
f 4863/4863 4834/4834 4836/4836
f 4863/4863 4864/4864 4834/4834
f 4865/4865 4864/4864 4863/4863
f 4865/4865 4866/4866 4864/4864
f 4867/4867 4866/4866 4865/4865
f 4867/4867 4844/4844 4866/4866
f 4843/4843 4844/4844 4867/4867
f 4864/4864 4831/4831 4834/4834
f 4864/4864 4868/4868 4831/4831
f 4866/4866 4868/4868 4864/4864
f 4866/4866 4850/4850 4868/4868
f 4844/4844 4850/4850 4866/4866
f 4868/4868 4827/4827 4831/4831
f 4868/4868 4852/4852 4827/4827
f 4850/4850 4852/4852 4868/4868
f 4852/4852 4660/4660 4827/4827
f 4869/4869 4863/4863 4836/4836
f 4869/4869 4870/4870 4863/4863
f 4871/4871 4870/4870 4869/4869
f 4871/4871 4872/4872 4870/4870
f 4873/4873 4872/4872 4871/4871
f 4873/4873 4874/4874 4872/4872
f 4875/4875 4874/4874 4873/4873
f 4870/4870 4865/4865 4863/4863
f 4870/4870 4876/4876 4865/4865
f 4872/4872 4876/4876 4870/4870
f 4872/4872 4877/4877 4876/4876
f 4874/4874 4877/4877 4872/4872
f 4876/4876 4867/4867 4865/4865
f 4876/4876 4878/4878 4867/4867
f 4877/4877 4878/4878 4876/4876
f 4878/4878 4843/4843 4867/4867
f 4880/4880 4879/4879 4717/4717
f 4880/4880 4881/4881 4879/4879
f 4882/4882 4881/4881 4880/4880
f 4882/4882 4883/4883 4881/4881
f 4884/4884 4883/4883 4882/4882
f 4884/4884 4885/4885 4883/4883
f 4886/4886 4885/4885 4884/4884
f 4881/4881 4887/4887 4879/4879
f 4881/4881 4888/4888 4887/4887
f 4883/4883 4888/4888 4881/4881
f 4883/4883 4889/4889 4888/4888
f 4885/4885 4889/4889 4883/4883
f 4888/4888 4890/4890 4887/4887
f 4888/4888 4891/4891 4890/4890
f 4889/4889 4891/4891 4888/4888
f 4891/4891 4892/4892 4890/4890
f 4893/4893 4880/4880 4717/4717
f 4893/4893 4894/4894 4880/4880
f 4895/4895 4894/4894 4893/4893
f 4895/4895 4896/4896 4894/4894
f 4897/4897 4896/4896 4895/4895
f 4897/4897 4898/4898 4896/4896
f 4899/4899 4898/4898 4897/4897
f 4894/4894 4882/4882 4880/4880
f 4894/4894 4900/4900 4882/4882
f 4896/4896 4900/4900 4894/4894
f 4896/4896 4901/4901 4900/4900
f 4898/4898 4901/4901 4896/4896
f 4900/4900 4884/4884 4882/4882
f 4900/4900 4902/4902 4884/4884
f 4901/4901 4902/4902 4900/4900
f 4902/4902 4886/4886 4884/4884
f 4727/4727 4893/4893 4717/4717
f 4727/4727 4903/4903 4893/4893
f 4726/4726 4903/4903 4727/4727
f 4726/4726 4904/4904 4903/4903
f 4723/4723 4904/4904 4726/4726
f 4723/4723 4905/4905 4904/4904
f 4724/4724 4905/4905 4723/4723
f 4903/4903 4895/4895 4893/4893
f 4903/4903 4906/4906 4895/4895
f 4904/4904 4906/4906 4903/4903
f 4904/4904 4907/4907 4906/4906
f 4905/4905 4907/4907 4904/4904
f 4906/4906 4897/4897 4895/4895
f 4906/4906 4908/4908 4897/4897
f 4907/4907 4908/4908 4906/4906
f 4908/4908 4899/4899 4897/4897
f 4909/4909 4885/4885 4886/4886
f 4909/4909 4910/4910 4885/4885
f 4911/4911 4910/4910 4909/4909
f 4911/4911 4912/4912 4910/4910
f 4913/4913 4912/4912 4911/4911
f 4913/4913 4914/4914 4912/4912
f 4915/4915 4914/4914 4913/4913
f 4910/4910 4889/4889 4885/4885
f 4910/4910 4916/4916 4889/4889
f 4912/4912 4916/4916 4910/4910
f 4912/4912 4917/4917 4916/4916
f 4914/4914 4917/4917 4912/4912
f 4916/4916 4891/4891 4889/4889
f 4916/4916 4918/4918 4891/4891
f 4917/4917 4918/4918 4916/4916
f 4918/4918 4892/4892 4891/4891
f 4748/4748 4919/4919 4741/4741
f 4748/4748 4920/4920 4919/4919
f 4754/4754 4920/4920 4748/4748
f 4754/4754 4921/4921 4920/4920
f 4756/4756 4921/4921 4754/4754
f 4756/4756 4922/4922 4921/4921
f 4717/4717 4922/4922 4756/4756
f 4920/4920 4923/4923 4919/4919
f 4920/4920 4924/4924 4923/4923
f 4921/4921 4924/4924 4920/4920
f 4921/4921 4925/4925 4924/4924
f 4922/4922 4925/4925 4921/4921
f 4924/4924 4926/4926 4923/4923
f 4924/4924 4927/4927 4926/4926
f 4925/4925 4927/4927 4924/4924
f 4927/4927 4928/4928 4926/4926
f 4927/4927 4929/4929 4928/4928
f 4927/4927 4930/4930 4929/4929
f 4925/4925 4930/4930 4927/4927
f 4925/4925 4931/4931 4930/4930
f 4922/4922 4931/4931 4925/4925
f 4922/4922 4879/4879 4931/4931
f 4717/4717 4879/4879 4922/4922
f 4930/4930 4932/4932 4929/4929
f 4930/4930 4933/4933 4932/4932
f 4931/4931 4933/4933 4930/4930
f 4931/4931 4887/4887 4933/4933
f 4879/4879 4887/4887 4931/4931
f 4933/4933 4934/4934 4932/4932
f 4933/4933 4890/4890 4934/4934
f 4887/4887 4890/4890 4933/4933
f 4890/4890 4892/4892 4934/4934
f 4773/4773 4935/4935 4772/4772
f 4773/4773 4936/4936 4935/4935
f 4776/4776 4936/4936 4773/4773
f 4776/4776 4937/4937 4936/4936
f 4778/4778 4937/4937 4776/4776
f 4778/4778 4938/4938 4937/4937
f 4741/4741 4938/4938 4778/4778
f 4936/4936 4939/4939 4935/4935
f 4936/4936 4940/4940 4939/4939
f 4937/4937 4940/4940 4936/4936
f 4937/4937 4941/4941 4940/4940
f 4938/4938 4941/4941 4937/4937
f 4940/4940 4942/4942 4939/4939
f 4940/4940 4943/4943 4942/4942
f 4941/4941 4943/4943 4940/4940
f 4943/4943 4944/4944 4942/4942
f 4943/4943 4945/4945 4944/4944
f 4943/4943 4946/4946 4945/4945
f 4941/4941 4946/4946 4943/4943
f 4941/4941 4947/4947 4946/4946
f 4938/4938 4947/4947 4941/4941
f 4938/4938 4919/4919 4947/4947
f 4741/4741 4919/4919 4938/4938
f 4946/4946 4948/4948 4945/4945
f 4946/4946 4949/4949 4948/4948
f 4947/4947 4949/4949 4946/4946
f 4947/4947 4923/4923 4949/4949
f 4919/4919 4923/4923 4947/4947
f 4949/4949 4950/4950 4948/4948
f 4949/4949 4926/4926 4950/4950
f 4923/4923 4926/4926 4949/4949
f 4926/4926 4928/4928 4950/4950
f 4789/4789 4951/4951 4788/4788
f 4789/4789 4952/4952 4951/4951
f 4792/4792 4952/4952 4789/4789
f 4792/4792 4953/4953 4952/4952
f 4794/4794 4953/4953 4792/4792
f 4794/4794 4954/4954 4953/4953
f 4772/4772 4954/4954 4794/4794
f 4952/4952 4955/4955 4951/4951
f 4952/4952 4956/4956 4955/4955
f 4953/4953 4956/4956 4952/4952
f 4953/4953 4957/4957 4956/4956
f 4954/4954 4957/4957 4953/4953
f 4956/4956 4958/4958 4955/4955
f 4956/4956 4959/4959 4958/4958
f 4957/4957 4959/4959 4956/4956
f 4959/4959 4960/4960 4958/4958
f 4959/4959 4961/4961 4960/4960
f 4959/4959 4962/4962 4961/4961
f 4957/4957 4962/4962 4959/4959
f 4957/4957 4963/4963 4962/4962
f 4954/4954 4963/4963 4957/4957
f 4954/4954 4935/4935 4963/4963
f 4772/4772 4935/4935 4954/4954
f 4962/4962 4964/4964 4961/4961
f 4962/4962 4965/4965 4964/4964
f 4963/4963 4965/4965 4962/4962
f 4963/4963 4939/4939 4965/4965
f 4935/4935 4939/4939 4963/4963
f 4965/4965 4966/4966 4964/4964
f 4965/4965 4942/4942 4966/4966
f 4939/4939 4942/4942 4965/4965
f 4942/4942 4944/4944 4966/4966
f 4805/4805 4967/4967 4804/4804
f 4805/4805 4968/4968 4967/4967
f 4808/4808 4968/4968 4805/4805
f 4808/4808 4969/4969 4968/4968
f 4810/4810 4969/4969 4808/4808
f 4810/4810 4970/4970 4969/4969
f 4788/4788 4970/4970 4810/4810
f 4968/4968 4971/4971 4967/4967
f 4968/4968 4972/4972 4971/4971
f 4969/4969 4972/4972 4968/4968
f 4969/4969 4973/4973 4972/4972
f 4970/4970 4973/4973 4969/4969
f 4972/4972 4974/4974 4971/4971
f 4972/4972 4975/4975 4974/4974
f 4973/4973 4975/4975 4972/4972
f 4975/4975 4976/4976 4974/4974
f 4975/4975 4977/4977 4976/4976
f 4975/4975 4978/4978 4977/4977
f 4973/4973 4978/4978 4975/4975
f 4973/4973 4979/4979 4978/4978
f 4970/4970 4979/4979 4973/4973
f 4970/4970 4951/4951 4979/4979
f 4788/4788 4951/4951 4970/4970
f 4978/4978 4980/4980 4977/4977
f 4978/4978 4981/4981 4980/4980
f 4979/4979 4981/4981 4978/4978
f 4979/4979 4955/4955 4981/4981
f 4951/4951 4955/4955 4979/4979
f 4981/4981 4982/4982 4980/4980
f 4981/4981 4958/4958 4982/4982
f 4955/4955 4958/4958 4981/4981
f 4958/4958 4960/4960 4982/4982
f 4821/4821 4983/4983 4820/4820
f 4821/4821 4984/4984 4983/4983
f 4824/4824 4984/4984 4821/4821
f 4824/4824 4985/4985 4984/4984
f 4826/4826 4985/4985 4824/4824
f 4826/4826 4986/4986 4985/4985
f 4804/4804 4986/4986 4826/4826
f 4984/4984 4987/4987 4983/4983
f 4984/4984 4988/4988 4987/4987
f 4985/4985 4988/4988 4984/4984
f 4985/4985 4989/4989 4988/4988
f 4986/4986 4989/4989 4985/4985
f 4988/4988 4990/4990 4987/4987
f 4988/4988 4991/4991 4990/4990
f 4989/4989 4991/4991 4988/4988
f 4991/4991 4992/4992 4990/4990
f 4991/4991 4993/4993 4992/4992
f 4991/4991 4994/4994 4993/4993
f 4989/4989 4994/4994 4991/4991
f 4989/4989 4995/4995 4994/4994
f 4986/4986 4995/4995 4989/4989
f 4986/4986 4967/4967 4995/4995
f 4804/4804 4967/4967 4986/4986
f 4994/4994 4996/4996 4993/4993
f 4994/4994 4997/4997 4996/4996
f 4995/4995 4997/4997 4994/4994
f 4995/4995 4971/4971 4997/4997
f 4967/4967 4971/4971 4995/4995
f 4997/4997 4998/4998 4996/4996
f 4997/4997 4974/4974 4998/4998
f 4971/4971 4974/4974 4997/4997
f 4974/4974 4976/4976 4998/4998
f 4837/4837 4999/4999 4836/4836
f 4837/4837 5000/5000 4999/4999
f 4840/4840 5000/5000 4837/4837
f 4840/4840 5001/5001 5000/5000
f 4842/4842 5001/5001 4840/4840
f 4842/4842 5002/5002 5001/5001
f 4820/4820 5002/5002 4842/4842
f 5000/5000 5003/5003 4999/4999
f 5000/5000 5004/5004 5003/5003
f 5001/5001 5004/5004 5000/5000
f 5001/5001 5005/5005 5004/5004
f 5002/5002 5005/5005 5001/5001
f 5004/5004 5006/5006 5003/5003
f 5004/5004 5007/5007 5006/5006
f 5005/5005 5007/5007 5004/5004
f 5007/5007 5008/5008 5006/5006
f 5007/5007 5009/5009 5008/5008
f 5007/5007 5010/5010 5009/5009
f 5005/5005 5010/5010 5007/5007
f 5005/5005 5011/5011 5010/5010
f 5002/5002 5011/5011 5005/5005
f 5002/5002 4983/4983 5011/5011
f 4820/4820 4983/4983 5002/5002
f 5010/5010 5012/5012 5009/5009
f 5010/5010 5013/5013 5012/5012
f 5011/5011 5013/5013 5010/5010
f 5011/5011 4987/4987 5013/5013
f 4983/4983 4987/4987 5011/5011
f 5013/5013 5014/5014 5012/5012
f 5013/5013 4990/4990 5014/5014
f 4987/4987 4990/4990 5013/5013
f 4990/4990 4992/4992 5014/5014
f 5017/5017 5016/5016 5015/5015
f 5017/5017 5018/5018 5016/5016
f 5019/5019 5018/5018 5017/5017
f 5019/5019 5020/5020 5018/5018
f 5021/5021 5020/5020 5019/5019
f 5021/5021 4873/4873 5020/5020
f 4875/4875 4873/4873 5021/5021
f 5018/5018 5022/5022 5016/5016
f 5018/5018 5023/5023 5022/5022
f 5020/5020 5023/5023 5018/5018
f 5020/5020 4871/4871 5023/5023
f 4873/4873 4871/4871 5020/5020
f 5023/5023 5024/5024 5022/5022
f 5023/5023 4869/4869 5024/5024
f 4871/4871 4869/4869 5023/5023
f 4869/4869 4836/4836 5024/5024
f 5025/5025 5017/5017 5015/5015
f 5025/5025 5026/5026 5017/5017
f 5027/5027 5026/5026 5025/5025
f 5027/5027 5028/5028 5026/5026
f 5029/5029 5028/5028 5027/5027
f 5029/5029 5030/5030 5028/5028
f 5031/5031 5030/5030 5029/5029
f 5026/5026 5019/5019 5017/5017
f 5026/5026 5032/5032 5019/5019
f 5028/5028 5032/5032 5026/5026
f 5028/5028 5033/5033 5032/5032
f 5030/5030 5033/5033 5028/5028
f 5032/5032 5021/5021 5019/5019
f 5032/5032 5034/5034 5021/5021
f 5033/5033 5034/5034 5032/5032
f 5034/5034 4875/4875 5021/5021
f 5035/5035 5006/5006 5008/5008
f 5035/5035 5036/5036 5006/5006
f 5037/5037 5036/5036 5035/5035
f 5037/5037 5038/5038 5036/5036
f 5039/5039 5038/5038 5037/5037
f 5039/5039 5016/5016 5038/5038
f 5015/5015 5016/5016 5039/5039
f 5036/5036 5003/5003 5006/5006
f 5036/5036 5040/5040 5003/5003
f 5038/5038 5040/5040 5036/5036
f 5038/5038 5022/5022 5040/5040
f 5016/5016 5022/5022 5038/5038
f 5040/5040 4999/4999 5003/5003
f 5040/5040 5024/5024 4999/4999
f 5022/5022 5024/5024 5040/5040
f 5024/5024 4836/4836 4999/4999
f 5041/5041 5035/5035 5008/5008
f 5041/5041 5042/5042 5035/5035
f 5043/5043 5042/5042 5041/5041
f 5043/5043 5044/5044 5042/5042
f 5045/5045 5044/5044 5043/5043
f 5045/5045 5046/5046 5044/5044
f 5047/5047 5046/5046 5045/5045
f 5042/5042 5037/5037 5035/5035
f 5042/5042 5048/5048 5037/5037
f 5044/5044 5048/5048 5042/5042
f 5044/5044 5049/5049 5048/5048
f 5046/5046 5049/5049 5044/5044
f 5048/5048 5039/5039 5037/5037
f 5048/5048 5050/5050 5039/5039
f 5049/5049 5050/5050 5048/5048
f 5050/5050 5015/5015 5039/5039
f 5052/5052 5051/5051 4892/4892
f 5052/5052 5053/5053 5051/5051
f 5054/5054 5053/5053 5052/5052
f 5054/5054 5055/5055 5053/5053
f 5056/5056 5055/5055 5054/5054
f 5056/5056 5057/5057 5055/5055
f 5058/5058 5057/5057 5056/5056
f 5053/5053 5059/5059 5051/5051
f 5053/5053 5060/5060 5059/5059
f 5055/5055 5060/5060 5053/5053
f 5055/5055 5061/5061 5060/5060
f 5057/5057 5061/5061 5055/5055
f 5060/5060 5062/5062 5059/5059
f 5060/5060 5063/5063 5062/5062
f 5061/5061 5063/5063 5060/5060
f 5063/5063 5064/5064 5062/5062
f 5065/5065 5052/5052 4892/4892
f 5065/5065 5066/5066 5052/5052
f 5067/5067 5066/5066 5065/5065
f 5067/5067 5068/5068 5066/5066
f 5069/5069 5068/5068 5067/5067
f 5069/5069 5070/5070 5068/5068
f 5071/5071 5070/5070 5069/5069
f 5066/5066 5054/5054 5052/5052
f 5066/5066 5072/5072 5054/5054
f 5068/5068 5072/5072 5066/5066
f 5068/5068 5073/5073 5072/5072
f 5070/5070 5073/5073 5068/5068
f 5072/5072 5056/5056 5054/5054
f 5072/5072 5074/5074 5056/5056
f 5073/5073 5074/5074 5072/5072
f 5074/5074 5058/5058 5056/5056
f 4918/4918 5065/5065 4892/4892
f 4918/4918 5075/5075 5065/5065
f 4917/4917 5075/5075 4918/4918
f 4917/4917 5076/5076 5075/5075
f 4914/4914 5076/5076 4917/4917
f 4914/4914 5077/5077 5076/5076
f 4915/4915 5077/5077 4914/4914
f 5075/5075 5067/5067 5065/5065
f 5075/5075 5078/5078 5067/5067
f 5076/5076 5078/5078 5075/5075
f 5076/5076 5079/5079 5078/5078
f 5077/5077 5079/5079 5076/5076
f 5078/5078 5069/5069 5067/5067
f 5078/5078 5080/5080 5069/5069
f 5079/5079 5080/5080 5078/5078
f 5080/5080 5071/5071 5069/5069
f 5081/5081 5057/5057 5058/5058
f 5081/5081 5082/5082 5057/5057
f 5083/5083 5082/5082 5081/5081
f 5083/5083 5084/5084 5082/5082
f 5085/5085 5084/5084 5083/5083
f 5085/5085 5086/5086 5084/5084
f 5087/5087 5086/5086 5085/5085
f 5082/5082 5061/5061 5057/5057
f 5082/5082 5088/5088 5061/5061
f 5084/5084 5088/5088 5082/5082
f 5084/5084 5089/5089 5088/5088
f 5086/5086 5089/5089 5084/5084
f 5088/5088 5063/5063 5061/5061
f 5088/5088 5090/5090 5063/5063
f 5089/5089 5090/5090 5088/5088
f 5090/5090 5064/5064 5063/5063
f 4929/4929 5091/5091 4928/4928
f 4929/4929 5092/5092 5091/5091
f 4932/4932 5092/5092 4929/4929
f 4932/4932 5093/5093 5092/5092
f 4934/4934 5093/5093 4932/4932
f 4934/4934 5094/5094 5093/5093
f 4892/4892 5094/5094 4934/4934
f 5092/5092 5095/5095 5091/5091
f 5092/5092 5096/5096 5095/5095
f 5093/5093 5096/5096 5092/5092
f 5093/5093 5097/5097 5096/5096
f 5094/5094 5097/5097 5093/5093
f 5096/5096 5098/5098 5095/5095
f 5096/5096 5099/5099 5098/5098
f 5097/5097 5099/5099 5096/5096
f 5099/5099 5100/5100 5098/5098
f 5099/5099 5101/5101 5100/5100
f 5099/5099 5102/5102 5101/5101
f 5097/5097 5102/5102 5099/5099
f 5097/5097 5103/5103 5102/5102
f 5094/5094 5103/5103 5097/5097
f 5094/5094 5051/5051 5103/5103
f 4892/4892 5051/5051 5094/5094
f 5102/5102 5104/5104 5101/5101
f 5102/5102 5105/5105 5104/5104
f 5103/5103 5105/5105 5102/5102
f 5103/5103 5059/5059 5105/5105
f 5051/5051 5059/5059 5103/5103
f 5105/5105 5106/5106 5104/5104
f 5105/5105 5062/5062 5106/5106
f 5059/5059 5062/5062 5105/5105
f 5062/5062 5064/5064 5106/5106
f 4945/4945 5107/5107 4944/4944
f 4945/4945 5108/5108 5107/5107
f 4948/4948 5108/5108 4945/4945
f 4948/4948 5109/5109 5108/5108
f 4950/4950 5109/5109 4948/4948
f 4950/4950 5110/5110 5109/5109
f 4928/4928 5110/5110 4950/4950
f 5108/5108 5111/5111 5107/5107
f 5108/5108 5112/5112 5111/5111
f 5109/5109 5112/5112 5108/5108
f 5109/5109 5113/5113 5112/5112
f 5110/5110 5113/5113 5109/5109
f 5112/5112 5114/5114 5111/5111
f 5112/5112 5115/5115 5114/5114
f 5113/5113 5115/5115 5112/5112
f 5115/5115 5116/5116 5114/5114
f 5115/5115 5117/5117 5116/5116
f 5115/5115 5118/5118 5117/5117
f 5113/5113 5118/5118 5115/5115
f 5113/5113 5119/5119 5118/5118
f 5110/5110 5119/5119 5113/5113
f 5110/5110 5091/5091 5119/5119
f 4928/4928 5091/5091 5110/5110
f 5118/5118 5120/5120 5117/5117
f 5118/5118 5121/5121 5120/5120
f 5119/5119 5121/5121 5118/5118
f 5119/5119 5095/5095 5121/5121
f 5091/5091 5095/5095 5119/5119
f 5121/5121 5122/5122 5120/5120
f 5121/5121 5098/5098 5122/5122
f 5095/5095 5098/5098 5121/5121
f 5098/5098 5100/5100 5122/5122
f 4961/4961 5123/5123 4960/4960
f 4961/4961 5124/5124 5123/5123
f 4964/4964 5124/5124 4961/4961
f 4964/4964 5125/5125 5124/5124
f 4966/4966 5125/5125 4964/4964
f 4966/4966 5126/5126 5125/5125
f 4944/4944 5126/5126 4966/4966
f 5124/5124 5127/5127 5123/5123
f 5124/5124 5128/5128 5127/5127
f 5125/5125 5128/5128 5124/5124
f 5125/5125 5129/5129 5128/5128
f 5126/5126 5129/5129 5125/5125
f 5128/5128 5130/5130 5127/5127
f 5128/5128 5131/5131 5130/5130
f 5129/5129 5131/5131 5128/5128
f 5131/5131 5132/5132 5130/5130
f 5131/5131 5133/5133 5132/5132
f 5131/5131 5134/5134 5133/5133
f 5129/5129 5134/5134 5131/5131
f 5129/5129 5135/5135 5134/5134
f 5126/5126 5135/5135 5129/5129
f 5126/5126 5107/5107 5135/5135
f 4944/4944 5107/5107 5126/5126
f 5134/5134 5136/5136 5133/5133
f 5134/5134 5137/5137 5136/5136
f 5135/5135 5137/5137 5134/5134
f 5135/5135 5111/5111 5137/5137
f 5107/5107 5111/5111 5135/5135
f 5137/5137 5138/5138 5136/5136
f 5137/5137 5114/5114 5138/5138
f 5111/5111 5114/5114 5137/5137
f 5114/5114 5116/5116 5138/5138
f 4977/4977 5139/5139 4976/4976
f 4977/4977 5140/5140 5139/5139
f 4980/4980 5140/5140 4977/4977
f 4980/4980 5141/5141 5140/5140
f 4982/4982 5141/5141 4980/4980
f 4982/4982 5142/5142 5141/5141
f 4960/4960 5142/5142 4982/4982
f 5140/5140 5143/5143 5139/5139
f 5140/5140 5144/5144 5143/5143
f 5141/5141 5144/5144 5140/5140
f 5141/5141 5145/5145 5144/5144
f 5142/5142 5145/5145 5141/5141
f 5144/5144 5146/5146 5143/5143
f 5144/5144 5147/5147 5146/5146
f 5145/5145 5147/5147 5144/5144
f 5147/5147 5148/5148 5146/5146
f 5147/5147 5149/5149 5148/5148
f 5147/5147 5150/5150 5149/5149
f 5145/5145 5150/5150 5147/5147
f 5145/5145 5151/5151 5150/5150
f 5142/5142 5151/5151 5145/5145
f 5142/5142 5123/5123 5151/5151
f 4960/4960 5123/5123 5142/5142
f 5150/5150 5152/5152 5149/5149
f 5150/5150 5153/5153 5152/5152
f 5151/5151 5153/5153 5150/5150
f 5151/5151 5127/5127 5153/5153
f 5123/5123 5127/5127 5151/5151
f 5153/5153 5154/5154 5152/5152
f 5153/5153 5130/5130 5154/5154
f 5127/5127 5130/5130 5153/5153
f 5130/5130 5132/5132 5154/5154
f 4993/4993 5155/5155 4992/4992
f 4993/4993 5156/5156 5155/5155
f 4996/4996 5156/5156 4993/4993
f 4996/4996 5157/5157 5156/5156
f 4998/4998 5157/5157 4996/4996
f 4998/4998 5158/5158 5157/5157
f 4976/4976 5158/5158 4998/4998
f 5156/5156 5159/5159 5155/5155
f 5156/5156 5160/5160 5159/5159
f 5157/5157 5160/5160 5156/5156
f 5157/5157 5161/5161 5160/5160
f 5158/5158 5161/5161 5157/5157
f 5160/5160 5162/5162 5159/5159
f 5160/5160 5163/5163 5162/5162
f 5161/5161 5163/5163 5160/5160
f 5163/5163 5164/5164 5162/5162
f 5163/5163 5165/5165 5164/5164
f 5163/5163 5166/5166 5165/5165
f 5161/5161 5166/5166 5163/5163
f 5161/5161 5167/5167 5166/5166
f 5158/5158 5167/5167 5161/5161
f 5158/5158 5139/5139 5167/5167
f 4976/4976 5139/5139 5158/5158
f 5166/5166 5168/5168 5165/5165
f 5166/5166 5169/5169 5168/5168
f 5167/5167 5169/5169 5166/5166
f 5167/5167 5143/5143 5169/5169
f 5139/5139 5143/5143 5167/5167
f 5169/5169 5170/5170 5168/5168
f 5169/5169 5146/5146 5170/5170
f 5143/5143 5146/5146 5169/5169
f 5146/5146 5148/5148 5170/5170
f 5171/5171 5014/5014 4992/4992
f 5171/5171 5172/5172 5014/5014
f 5173/5173 5172/5172 5171/5171
f 5173/5173 5174/5174 5172/5172
f 5175/5175 5174/5174 5173/5173
f 5175/5175 5176/5176 5174/5174
f 5177/5177 5176/5176 5175/5175
f 5172/5172 5012/5012 5014/5014
f 5172/5172 5178/5178 5012/5012
f 5174/5174 5178/5178 5172/5172
f 5174/5174 5179/5179 5178/5178
f 5176/5176 5179/5179 5174/5174
f 5178/5178 5009/5009 5012/5012
f 5178/5178 5180/5180 5009/5009
f 5179/5179 5180/5180 5178/5178
f 5180/5180 5008/5008 5009/5009
f 5181/5181 5171/5171 4992/4992
f 5181/5181 5182/5182 5171/5171
f 5183/5183 5182/5182 5181/5181
f 5183/5183 5184/5184 5182/5182
f 5185/5185 5184/5184 5183/5183
f 5185/5185 5186/5186 5184/5184
f 5187/5187 5186/5186 5185/5185
f 5182/5182 5173/5173 5171/5171
f 5182/5182 5188/5188 5173/5173
f 5184/5184 5188/5188 5182/5182
f 5184/5184 5189/5189 5188/5188
f 5186/5186 5189/5189 5184/5184
f 5188/5188 5175/5175 5173/5173
f 5188/5188 5190/5190 5175/5175
f 5189/5189 5190/5190 5188/5188
f 5190/5190 5177/5177 5175/5175
f 5191/5191 5162/5162 5164/5164
f 5191/5191 5192/5192 5162/5162
f 5193/5193 5192/5192 5191/5191
f 5193/5193 5194/5194 5192/5192
f 5195/5195 5194/5194 5193/5193
f 5195/5195 5185/5185 5194/5194
f 5187/5187 5185/5185 5195/5195
f 5192/5192 5159/5159 5162/5162
f 5192/5192 5196/5196 5159/5159
f 5194/5194 5196/5196 5192/5192
f 5194/5194 5183/5183 5196/5196
f 5185/5185 5183/5183 5194/5194
f 5196/5196 5155/5155 5159/5159
f 5196/5196 5181/5181 5155/5155
f 5183/5183 5181/5181 5196/5196
f 5181/5181 4992/4992 5155/5155
f 5197/5197 5191/5191 5164/5164
f 5197/5197 5198/5198 5191/5191
f 5199/5199 5198/5198 5197/5197
f 5199/5199 5200/5200 5198/5198
f 5201/5201 5200/5200 5199/5199
f 5201/5201 5202/5202 5200/5200
f 5203/5203 5202/5202 5201/5201
f 5198/5198 5193/5193 5191/5191
f 5198/5198 5204/5204 5193/5193
f 5200/5200 5204/5204 5198/5198
f 5200/5200 5205/5205 5204/5204
f 5202/5202 5205/5205 5200/5200
f 5204/5204 5195/5195 5193/5193
f 5204/5204 5206/5206 5195/5195
f 5205/5205 5206/5206 5204/5204
f 5206/5206 5187/5187 5195/5195
f 5207/5207 5197/5197 5164/5164
f 5207/5207 5208/5208 5197/5197
f 5209/5209 5208/5208 5207/5207
f 5209/5209 5210/5210 5208/5208
f 5211/5211 5210/5210 5209/5209
f 5211/5211 5212/5212 5210/5210
f 5213/5213 5212/5212 5211/5211
f 5208/5208 5199/5199 5197/5197
f 5208/5208 5214/5214 5199/5199
f 5210/5210 5214/5214 5208/5208
f 5210/5210 5215/5215 5214/5214
f 5212/5212 5215/5215 5210/5210
f 5214/5214 5201/5201 5199/5199
f 5214/5214 5216/5216 5201/5201
f 5215/5215 5216/5216 5214/5214
f 5216/5216 5203/5203 5201/5201
f 5217/5217 5041/5041 5008/5008
f 5217/5217 5218/5218 5041/5041
f 5219/5219 5218/5218 5217/5217
f 5219/5219 5220/5220 5218/5218
f 5221/5221 5220/5220 5219/5219
f 5221/5221 5222/5222 5220/5220
f 5223/5223 5222/5222 5221/5221
f 5218/5218 5043/5043 5041/5041
f 5218/5218 5224/5224 5043/5043
f 5220/5220 5224/5224 5218/5218
f 5220/5220 5225/5225 5224/5224
f 5222/5222 5225/5225 5220/5220
f 5224/5224 5045/5045 5043/5043
f 5224/5224 5226/5226 5045/5045
f 5225/5225 5226/5226 5224/5224
f 5226/5226 5047/5047 5045/5045
f 5227/5227 5217/5217 5008/5008
f 5227/5227 5228/5228 5217/5217
f 5229/5229 5228/5228 5227/5227
f 5229/5229 5230/5230 5228/5228
f 5231/5231 5230/5230 5229/5229
f 5231/5231 5232/5232 5230/5230
f 5233/5233 5232/5232 5231/5231
f 5228/5228 5219/5219 5217/5217
f 5228/5228 5234/5234 5219/5219
f 5230/5230 5234/5234 5228/5228
f 5230/5230 5235/5235 5234/5234
f 5232/5232 5235/5235 5230/5230
f 5234/5234 5221/5221 5219/5219
f 5234/5234 5236/5236 5221/5221
f 5235/5235 5236/5236 5234/5234
f 5236/5236 5223/5223 5221/5221
f 5237/5237 5176/5176 5177/5177
f 5237/5237 5238/5238 5176/5176
f 5239/5239 5238/5238 5237/5237
f 5239/5239 5240/5240 5238/5238
f 5241/5241 5240/5240 5239/5239
f 5241/5241 5231/5231 5240/5240
f 5233/5233 5231/5231 5241/5241
f 5238/5238 5179/5179 5176/5176
f 5238/5238 5242/5242 5179/5179
f 5240/5240 5242/5242 5238/5238
f 5240/5240 5229/5229 5242/5242
f 5231/5231 5229/5229 5240/5240
f 5242/5242 5180/5180 5179/5179
f 5242/5242 5227/5227 5180/5180
f 5229/5229 5227/5227 5242/5242
f 5227/5227 5008/5008 5180/5180
f 5244/5244 5243/5243 5064/5064
f 5244/5244 5245/5245 5243/5243
f 5246/5246 5245/5245 5244/5244
f 5246/5246 5247/5247 5245/5245
f 5248/5248 5247/5247 5246/5246
f 5248/5248 5249/5249 5247/5247
f 5250/5250 5249/5249 5248/5248
f 5245/5245 5251/5251 5243/5243
f 5245/5245 5252/5252 5251/5251
f 5247/5247 5252/5252 5245/5245
f 5247/5247 5253/5253 5252/5252
f 5249/5249 5253/5253 5247/5247
f 5252/5252 5254/5254 5251/5251
f 5252/5252 5255/5255 5254/5254
f 5253/5253 5255/5255 5252/5252
f 5255/5255 5256/5256 5254/5254
f 5090/5090 5244/5244 5064/5064
f 5090/5090 5257/5257 5244/5244
f 5089/5089 5257/5257 5090/5090
f 5089/5089 5258/5258 5257/5257
f 5086/5086 5258/5258 5089/5089
f 5086/5086 5259/5259 5258/5258
f 5087/5087 5259/5259 5086/5086
f 5257/5257 5246/5246 5244/5244
f 5257/5257 5260/5260 5246/5246
f 5258/5258 5260/5260 5257/5257
f 5258/5258 5261/5261 5260/5260
f 5259/5259 5261/5261 5258/5258
f 5260/5260 5248/5248 5246/5246
f 5260/5260 5262/5262 5248/5248
f 5261/5261 5262/5262 5260/5260
f 5262/5262 5250/5250 5248/5248
f 5264/5264 5263/5263 5256/5256
f 5264/5264 5265/5265 5263/5263
f 5266/5266 5265/5265 5264/5264
f 5266/5266 5267/5267 5265/5265
f 5268/5268 5267/5267 5266/5266
f 5268/5268 5269/5269 5267/5267
f 5270/5270 5269/5269 5268/5268
f 5265/5265 5271/5271 5263/5263
f 5265/5265 5272/5272 5271/5271
f 5267/5267 5272/5272 5265/5265
f 5267/5267 5273/5273 5272/5272
f 5269/5269 5273/5273 5267/5267
f 5272/5272 5274/5274 5271/5271
f 5272/5272 5275/5275 5274/5274
f 5273/5273 5275/5275 5272/5272
f 5275/5275 5276/5276 5274/5274
f 5255/5255 5264/5264 5256/5256
f 5255/5255 5277/5277 5264/5264
f 5253/5253 5277/5277 5255/5255
f 5253/5253 5278/5278 5277/5277
f 5249/5249 5278/5278 5253/5253
f 5249/5249 5279/5279 5278/5278
f 5250/5250 5279/5279 5249/5249
f 5277/5277 5266/5266 5264/5264
f 5277/5277 5280/5280 5266/5266
f 5278/5278 5280/5280 5277/5277
f 5278/5278 5281/5281 5280/5280
f 5279/5279 5281/5281 5278/5278
f 5280/5280 5268/5268 5266/5266
f 5280/5280 5282/5282 5268/5268
f 5281/5281 5282/5282 5280/5280
f 5282/5282 5270/5270 5268/5268
f 5101/5101 5283/5283 5100/5100
f 5101/5101 5284/5284 5283/5283
f 5104/5104 5284/5284 5101/5101
f 5104/5104 5285/5285 5284/5284
f 5106/5106 5285/5285 5104/5104
f 5106/5106 5286/5286 5285/5285
f 5064/5064 5286/5286 5106/5106
f 5284/5284 5287/5287 5283/5283
f 5284/5284 5288/5288 5287/5287
f 5285/5285 5288/5288 5284/5284
f 5285/5285 5289/5289 5288/5288
f 5286/5286 5289/5289 5285/5285
f 5288/5288 5290/5290 5287/5287
f 5288/5288 5291/5291 5290/5290
f 5289/5289 5291/5291 5288/5288
f 5291/5291 5292/5292 5290/5290
f 5291/5291 5293/5293 5292/5292
f 5291/5291 5294/5294 5293/5293
f 5289/5289 5294/5294 5291/5291
f 5289/5289 5295/5295 5294/5294
f 5286/5286 5295/5295 5289/5289
f 5286/5286 5243/5243 5295/5295
f 5064/5064 5243/5243 5286/5286
f 5294/5294 5296/5296 5293/5293
f 5294/5294 5297/5297 5296/5296
f 5295/5295 5297/5297 5294/5294
f 5295/5295 5251/5251 5297/5297
f 5243/5243 5251/5251 5295/5295
f 5297/5297 5298/5298 5296/5296
f 5297/5297 5254/5254 5298/5298
f 5251/5251 5254/5254 5297/5297
f 5254/5254 5256/5256 5298/5298
f 5117/5117 5299/5299 5116/5116
f 5117/5117 5300/5300 5299/5299
f 5120/5120 5300/5300 5117/5117
f 5120/5120 5301/5301 5300/5300
f 5122/5122 5301/5301 5120/5120
f 5122/5122 5302/5302 5301/5301
f 5100/5100 5302/5302 5122/5122
f 5300/5300 5303/5303 5299/5299
f 5300/5300 5304/5304 5303/5303
f 5301/5301 5304/5304 5300/5300
f 5301/5301 5305/5305 5304/5304
f 5302/5302 5305/5305 5301/5301
f 5304/5304 5306/5306 5303/5303
f 5304/5304 5307/5307 5306/5306
f 5305/5305 5307/5307 5304/5304
f 5307/5307 5308/5308 5306/5306
f 5307/5307 5309/5309 5308/5308
f 5307/5307 5310/5310 5309/5309
f 5305/5305 5310/5310 5307/5307
f 5305/5305 5311/5311 5310/5310
f 5302/5302 5311/5311 5305/5305
f 5302/5302 5283/5283 5311/5311
f 5100/5100 5283/5283 5302/5302
f 5310/5310 5312/5312 5309/5309
f 5310/5310 5313/5313 5312/5312
f 5311/5311 5313/5313 5310/5310
f 5311/5311 5287/5287 5313/5313
f 5283/5283 5287/5287 5311/5311
f 5313/5313 5314/5314 5312/5312
f 5313/5313 5290/5290 5314/5314
f 5287/5287 5290/5290 5313/5313
f 5290/5290 5292/5292 5314/5314
f 5133/5133 5315/5315 5132/5132
f 5133/5133 5316/5316 5315/5315
f 5136/5136 5316/5316 5133/5133
f 5136/5136 5317/5317 5316/5316
f 5138/5138 5317/5317 5136/5136
f 5138/5138 5318/5318 5317/5317
f 5116/5116 5318/5318 5138/5138
f 5316/5316 5319/5319 5315/5315
f 5316/5316 5320/5320 5319/5319
f 5317/5317 5320/5320 5316/5316
f 5317/5317 5321/5321 5320/5320
f 5318/5318 5321/5321 5317/5317
f 5320/5320 5322/5322 5319/5319
f 5320/5320 5323/5323 5322/5322
f 5321/5321 5323/5323 5320/5320
f 5323/5323 5324/5324 5322/5322
f 5323/5323 5325/5325 5324/5324
f 5323/5323 5326/5326 5325/5325
f 5321/5321 5326/5326 5323/5323
f 5321/5321 5327/5327 5326/5326
f 5318/5318 5327/5327 5321/5321
f 5318/5318 5299/5299 5327/5327
f 5116/5116 5299/5299 5318/5318
f 5326/5326 5328/5328 5325/5325
f 5326/5326 5329/5329 5328/5328
f 5327/5327 5329/5329 5326/5326
f 5327/5327 5303/5303 5329/5329
f 5299/5299 5303/5303 5327/5327
f 5329/5329 5330/5330 5328/5328
f 5329/5329 5306/5306 5330/5330
f 5303/5303 5306/5306 5329/5329
f 5306/5306 5308/5308 5330/5330
f 5149/5149 5331/5331 5148/5148
f 5149/5149 5332/5332 5331/5331
f 5152/5152 5332/5332 5149/5149
f 5152/5152 5333/5333 5332/5332
f 5154/5154 5333/5333 5152/5152
f 5154/5154 5334/5334 5333/5333
f 5132/5132 5334/5334 5154/5154
f 5332/5332 5335/5335 5331/5331
f 5332/5332 5336/5336 5335/5335
f 5333/5333 5336/5336 5332/5332
f 5333/5333 5337/5337 5336/5336
f 5334/5334 5337/5337 5333/5333
f 5336/5336 5338/5338 5335/5335
f 5336/5336 5339/5339 5338/5338
f 5337/5337 5339/5339 5336/5336
f 5339/5339 5340/5340 5338/5338
f 5339/5339 5341/5341 5340/5340
f 5339/5339 5342/5342 5341/5341
f 5337/5337 5342/5342 5339/5339
f 5337/5337 5343/5343 5342/5342
f 5334/5334 5343/5343 5337/5337
f 5334/5334 5315/5315 5343/5343
f 5132/5132 5315/5315 5334/5334
f 5342/5342 5344/5344 5341/5341
f 5342/5342 5345/5345 5344/5344
f 5343/5343 5345/5345 5342/5342
f 5343/5343 5319/5319 5345/5345
f 5315/5315 5319/5319 5343/5343
f 5345/5345 5346/5346 5344/5344
f 5345/5345 5322/5322 5346/5346
f 5319/5319 5322/5322 5345/5345
f 5322/5322 5324/5324 5346/5346
f 5165/5165 5347/5347 5164/5164
f 5165/5165 5348/5348 5347/5347
f 5168/5168 5348/5348 5165/5165
f 5168/5168 5349/5349 5348/5348
f 5170/5170 5349/5349 5168/5168
f 5170/5170 5350/5350 5349/5349
f 5148/5148 5350/5350 5170/5170
f 5348/5348 5351/5351 5347/5347
f 5348/5348 5352/5352 5351/5351
f 5349/5349 5352/5352 5348/5348
f 5349/5349 5353/5353 5352/5352
f 5350/5350 5353/5353 5349/5349
f 5352/5352 5354/5354 5351/5351
f 5352/5352 5355/5355 5354/5354
f 5353/5353 5355/5355 5352/5352
f 5355/5355 5356/5356 5354/5354
f 5355/5355 5357/5357 5356/5356
f 5355/5355 5358/5358 5357/5357
f 5353/5353 5358/5358 5355/5355
f 5353/5353 5359/5359 5358/5358
f 5350/5350 5359/5359 5353/5353
f 5350/5350 5331/5331 5359/5359
f 5148/5148 5331/5331 5350/5350
f 5358/5358 5360/5360 5357/5357
f 5358/5358 5361/5361 5360/5360
f 5359/5359 5361/5361 5358/5358
f 5359/5359 5335/5335 5361/5361
f 5331/5331 5335/5335 5359/5359
f 5361/5361 5362/5362 5360/5360
f 5361/5361 5338/5338 5362/5362
f 5335/5335 5338/5338 5361/5361
f 5338/5338 5340/5340 5362/5362
f 5365/5365 5364/5364 5363/5363
f 5365/5365 5366/5366 5364/5364
f 5367/5367 5366/5366 5365/5365
f 5367/5367 5368/5368 5366/5366
f 5369/5369 5368/5368 5367/5367
f 5369/5369 5211/5211 5368/5368
f 5213/5213 5211/5211 5369/5369
f 5366/5366 5370/5370 5364/5364
f 5366/5366 5371/5371 5370/5370
f 5368/5368 5371/5371 5366/5366
f 5368/5368 5209/5209 5371/5371
f 5211/5211 5209/5209 5368/5368
f 5371/5371 5372/5372 5370/5370
f 5371/5371 5207/5207 5372/5372
f 5209/5209 5207/5207 5371/5371
f 5207/5207 5164/5164 5372/5372
f 5373/5373 5354/5354 5356/5356
f 5373/5373 5374/5374 5354/5354
f 5375/5375 5374/5374 5373/5373
f 5375/5375 5376/5376 5374/5374
f 5377/5377 5376/5376 5375/5375
f 5377/5377 5364/5364 5376/5376
f 5363/5363 5364/5364 5377/5377
f 5374/5374 5351/5351 5354/5354
f 5374/5374 5378/5378 5351/5351
f 5376/5376 5378/5378 5374/5374
f 5376/5376 5370/5370 5378/5378
f 5364/5364 5370/5370 5376/5376
f 5378/5378 5347/5347 5351/5351
f 5378/5378 5372/5372 5347/5347
f 5370/5370 5372/5372 5378/5378
f 5372/5372 5164/5164 5347/5347
f 5379/5379 5373/5373 5356/5356
f 5379/5379 5380/5380 5373/5373
f 5381/5381 5380/5380 5379/5379
f 5381/5381 5382/5382 5380/5380
f 5383/5383 5382/5382 5381/5381
f 5383/5383 5384/5384 5382/5382
f 5385/5385 5384/5384 5383/5383
f 5380/5380 5375/5375 5373/5373
f 5380/5380 5386/5386 5375/5375
f 5382/5382 5386/5386 5380/5380
f 5382/5382 5387/5387 5386/5386
f 5384/5384 5387/5387 5382/5382
f 5386/5386 5377/5377 5375/5375
f 5386/5386 5388/5388 5377/5377
f 5387/5387 5388/5388 5386/5386
f 5388/5388 5363/5363 5377/5377
f 5389/5389 5379/5379 5356/5356
f 5389/5389 5390/5390 5379/5379
f 5391/5391 5390/5390 5389/5389
f 5391/5391 5392/5392 5390/5390
f 5393/5393 5392/5392 5391/5391
f 5393/5393 5394/5394 5392/5392
f 5395/5395 5394/5394 5393/5393
f 5390/5390 5381/5381 5379/5379
f 5390/5390 5396/5396 5381/5381
f 5392/5392 5396/5396 5390/5390
f 5392/5392 5397/5397 5396/5396
f 5394/5394 5397/5397 5392/5392
f 5396/5396 5383/5383 5381/5381
f 5396/5396 5398/5398 5383/5383
f 5397/5397 5398/5398 5396/5396
f 5398/5398 5385/5385 5383/5383
f 5401/5401 5400/5400 5399/5399
f 5401/5401 5402/5402 5400/5400
f 5403/5403 5402/5402 5401/5401
f 5403/5403 5404/5404 5402/5402
f 5405/5405 5404/5404 5403/5403
f 5405/5405 5406/5406 5404/5404
f 5407/5407 5406/5406 5405/5405
f 5402/5402 5408/5408 5400/5400
f 5402/5402 5409/5409 5408/5408
f 5404/5404 5409/5409 5402/5402
f 5404/5404 5410/5410 5409/5409
f 5406/5406 5410/5410 5404/5404
f 5409/5409 5411/5411 5408/5408
f 5409/5409 5412/5412 5411/5411
f 5410/5410 5412/5412 5409/5409
f 5412/5412 5413/5413 5411/5411
f 5414/5414 5406/5406 5407/5407
f 5414/5414 5415/5415 5406/5406
f 5416/5416 5415/5415 5414/5414
f 5416/5416 5417/5417 5415/5415
f 5418/5418 5417/5417 5416/5416
f 5418/5418 5419/5419 5417/5417
f 5420/5420 5419/5419 5418/5418
f 5415/5415 5410/5410 5406/5406
f 5415/5415 5421/5421 5410/5410
f 5417/5417 5421/5421 5415/5415
f 5417/5417 5422/5422 5421/5421
f 5419/5419 5422/5422 5417/5417
f 5421/5421 5412/5412 5410/5410
f 5421/5421 5423/5423 5412/5412
f 5422/5422 5423/5423 5421/5421
f 5423/5423 5413/5413 5412/5412
f 5425/5425 5424/5424 5256/5256
f 5425/5425 5426/5426 5424/5424
f 5427/5427 5426/5426 5425/5425
f 5427/5427 5428/5428 5426/5426
f 5429/5429 5428/5428 5427/5427
f 5429/5429 5430/5430 5428/5428
f 5431/5431 5430/5430 5429/5429
f 5426/5426 5432/5432 5424/5424
f 5426/5426 5433/5433 5432/5432
f 5428/5428 5433/5433 5426/5426
f 5428/5428 5434/5434 5433/5433
f 5430/5430 5434/5434 5428/5428
f 5433/5433 5435/5435 5432/5432
f 5433/5433 5436/5436 5435/5435
f 5434/5434 5436/5436 5433/5433
f 5436/5436 5437/5437 5435/5435
f 5263/5263 5425/5425 5256/5256
f 5263/5263 5438/5438 5425/5425
f 5271/5271 5438/5438 5263/5263
f 5271/5271 5439/5439 5438/5438
f 5274/5274 5439/5439 5271/5271
f 5274/5274 5440/5440 5439/5439
f 5276/5276 5440/5440 5274/5274
f 5438/5438 5427/5427 5425/5425
f 5438/5438 5441/5441 5427/5427
f 5439/5439 5441/5441 5438/5438
f 5439/5439 5442/5442 5441/5441
f 5440/5440 5442/5442 5439/5439
f 5441/5441 5429/5429 5427/5427
f 5441/5441 5443/5443 5429/5429
f 5442/5442 5443/5443 5441/5441
f 5443/5443 5431/5431 5429/5429
f 5445/5445 5444/5444 5437/5437
f 5445/5445 5446/5446 5444/5444
f 5447/5447 5446/5446 5445/5445
f 5447/5447 5448/5448 5446/5446
f 5449/5449 5448/5448 5447/5447
f 5449/5449 5400/5400 5448/5448
f 5399/5399 5400/5400 5449/5449
f 5446/5446 5450/5450 5444/5444
f 5446/5446 5451/5451 5450/5450
f 5448/5448 5451/5451 5446/5446
f 5448/5448 5408/5408 5451/5451
f 5400/5400 5408/5408 5448/5448
f 5451/5451 5452/5452 5450/5450
f 5451/5451 5411/5411 5452/5452
f 5408/5408 5411/5411 5451/5451
f 5411/5411 5413/5413 5452/5452
f 5453/5453 5445/5445 5437/5437
f 5453/5453 5454/5454 5445/5445
f 5455/5455 5454/5454 5453/5453
f 5455/5455 5456/5456 5454/5454
f 5457/5457 5456/5456 5455/5455
f 5457/5457 5458/5458 5456/5456
f 5459/5459 5458/5458 5457/5457
f 5454/5454 5447/5447 5445/5445
f 5454/5454 5460/5460 5447/5447
f 5456/5456 5460/5460 5454/5454
f 5456/5456 5461/5461 5460/5460
f 5458/5458 5461/5461 5456/5456
f 5460/5460 5449/5449 5447/5447
f 5460/5460 5462/5462 5449/5449
f 5461/5461 5462/5462 5460/5460
f 5462/5462 5399/5399 5449/5449
f 5436/5436 5453/5453 5437/5437
f 5436/5436 5463/5463 5453/5453
f 5434/5434 5463/5463 5436/5436
f 5434/5434 5464/5464 5463/5463
f 5430/5430 5464/5464 5434/5434
f 5430/5430 5465/5465 5464/5464
f 5431/5431 5465/5465 5430/5430
f 5463/5463 5455/5455 5453/5453
f 5463/5463 5466/5466 5455/5455
f 5464/5464 5466/5466 5463/5463
f 5464/5464 5467/5467 5466/5466
f 5465/5465 5467/5467 5464/5464
f 5466/5466 5457/5457 5455/5455
f 5466/5466 5468/5468 5457/5457
f 5467/5467 5468/5468 5466/5466
f 5468/5468 5459/5459 5457/5457
f 5293/5293 5469/5469 5292/5292
f 5293/5293 5470/5470 5469/5469
f 5296/5296 5470/5470 5293/5293
f 5296/5296 5471/5471 5470/5470
f 5298/5298 5471/5471 5296/5296
f 5298/5298 5472/5472 5471/5471
f 5256/5256 5472/5472 5298/5298
f 5470/5470 5473/5473 5469/5469
f 5470/5470 5474/5474 5473/5473
f 5471/5471 5474/5474 5470/5470
f 5471/5471 5475/5475 5474/5474
f 5472/5472 5475/5475 5471/5471
f 5474/5474 5476/5476 5473/5473
f 5474/5474 5477/5477 5476/5476
f 5475/5475 5477/5477 5474/5474
f 5477/5477 5478/5478 5476/5476
f 5477/5477 5479/5479 5478/5478
f 5477/5477 5480/5480 5479/5479
f 5481/5481 5480/5480 5477/5477
f 5481/5481 5482/5482 5480/5480
f 5472/5472 5482/5482 5481/5481
f 5472/5472 5424/5424 5482/5482
f 5256/5256 5424/5424 5472/5472
f 5480/5480 5483/5483 5479/5479
f 5480/5480 5484/5484 5483/5483
f 5482/5482 5484/5484 5480/5480
f 5482/5482 5432/5432 5484/5484
f 5424/5424 5432/5432 5482/5482
f 5484/5484 5485/5485 5483/5483
f 5484/5484 5435/5435 5485/5485
f 5432/5432 5435/5435 5484/5484
f 5435/5435 5437/5437 5485/5485
f 5309/5309 5486/5486 5308/5308
f 5309/5309 5487/5487 5486/5486
f 5312/5312 5487/5487 5309/5309
f 5312/5312 5488/5488 5487/5487
f 5314/5314 5488/5488 5312/5312
f 5314/5314 5489/5489 5488/5488
f 5292/5292 5489/5489 5314/5314
f 5487/5487 5490/5490 5486/5486
f 5487/5487 5491/5491 5490/5490
f 5488/5488 5491/5491 5487/5487
f 5488/5488 5492/5492 5491/5491
f 5489/5489 5492/5492 5488/5488
f 5491/5491 5493/5493 5490/5490
f 5491/5491 5494/5494 5493/5493
f 5492/5492 5494/5494 5491/5491
f 5494/5494 5495/5495 5493/5493
f 5494/5494 5496/5496 5495/5495
f 5494/5494 5497/5497 5496/5496
f 5492/5492 5497/5497 5494/5494
f 5492/5492 5498/5498 5497/5497
f 5489/5489 5498/5498 5492/5492
f 5489/5489 5469/5469 5498/5498
f 5292/5292 5469/5469 5489/5489
f 5497/5497 5499/5499 5496/5496
f 5497/5497 5500/5500 5499/5499
f 5498/5498 5500/5500 5497/5497
f 5498/5498 5473/5473 5500/5500
f 5469/5469 5473/5473 5498/5498
f 5500/5500 5501/5501 5499/5499
f 5500/5500 5476/5476 5501/5501
f 5473/5473 5476/5476 5500/5500
f 5476/5476 5478/5478 5501/5501
f 5325/5325 5502/5502 5324/5324
f 5325/5325 5503/5503 5502/5502
f 5328/5328 5503/5503 5325/5325
f 5328/5328 5504/5504 5503/5503
f 5330/5330 5504/5504 5328/5328
f 5330/5330 5505/5505 5504/5504
f 5308/5308 5505/5505 5330/5330
f 5503/5503 5506/5506 5502/5502
f 5503/5503 5507/5507 5506/5506
f 5504/5504 5507/5507 5503/5503
f 5504/5504 5508/5508 5507/5507
f 5505/5505 5508/5508 5504/5504
f 5507/5507 5509/5509 5506/5506
f 5507/5507 5510/5510 5509/5509
f 5508/5508 5510/5510 5507/5507
f 5510/5510 5511/5511 5509/5509
f 5510/5510 5512/5512 5511/5511
f 5510/5510 5513/5513 5512/5512
f 5508/5508 5513/5513 5510/5510
f 5508/5508 5514/5514 5513/5513
f 5505/5505 5514/5514 5508/5508
f 5505/5505 5486/5486 5514/5514
f 5308/5308 5486/5486 5505/5505
f 5513/5513 5515/5515 5512/5512
f 5513/5513 5516/5516 5515/5515
f 5514/5514 5516/5516 5513/5513
f 5514/5514 5490/5490 5516/5516
f 5486/5486 5490/5490 5514/5514
f 5516/5516 5517/5517 5515/5515
f 5516/5516 5493/5493 5517/5517
f 5490/5490 5493/5493 5516/5516
f 5493/5493 5495/5495 5517/5517
f 5341/5341 5518/5518 5340/5340
f 5341/5341 5519/5519 5518/5518
f 5344/5344 5519/5519 5341/5341
f 5344/5344 5520/5520 5519/5519
f 5346/5346 5520/5520 5344/5344
f 5346/5346 5521/5521 5520/5520
f 5324/5324 5521/5521 5346/5346
f 5519/5519 5522/5522 5518/5518
f 5519/5519 5523/5523 5522/5522
f 5520/5520 5523/5523 5519/5519
f 5520/5520 5524/5524 5523/5523
f 5521/5521 5524/5524 5520/5520
f 5523/5523 5525/5525 5522/5522
f 5523/5523 5526/5526 5525/5525
f 5524/5524 5526/5526 5523/5523
f 5526/5526 5527/5527 5525/5525
f 5526/5526 5528/5528 5527/5527
f 5526/5526 5529/5529 5528/5528
f 5524/5524 5529/5529 5526/5526
f 5524/5524 5530/5530 5529/5529
f 5521/5521 5530/5530 5524/5524
f 5521/5521 5502/5502 5530/5530
f 5324/5324 5502/5502 5521/5521
f 5529/5529 5531/5531 5528/5528
f 5529/5529 5532/5532 5531/5531
f 5530/5530 5532/5532 5529/5529
f 5530/5530 5506/5506 5532/5532
f 5502/5502 5506/5506 5530/5530
f 5532/5532 5533/5533 5531/5531
f 5532/5532 5509/5509 5533/5533
f 5506/5506 5509/5509 5532/5532
f 5509/5509 5511/5511 5533/5533
f 5357/5357 5534/5534 5356/5356
f 5357/5357 5535/5535 5534/5534
f 5360/5360 5535/5535 5357/5357
f 5360/5360 5536/5536 5535/5535
f 5362/5362 5536/5536 5360/5360
f 5362/5362 5537/5537 5536/5536
f 5340/5340 5537/5537 5362/5362
f 5535/5535 5538/5538 5534/5534
f 5535/5535 5539/5539 5538/5538
f 5536/5536 5539/5539 5535/5535
f 5536/5536 5540/5540 5539/5539
f 5537/5537 5540/5540 5536/5536
f 5539/5539 5541/5541 5538/5538
f 5539/5539 5542/5542 5541/5541
f 5540/5540 5542/5542 5539/5539
f 5542/5542 5543/5543 5541/5541
f 5542/5542 5544/5544 5543/5543
f 5542/5542 5545/5545 5544/5544
f 5540/5540 5545/5545 5542/5542
f 5540/5540 5546/5546 5545/5545
f 5537/5537 5546/5546 5540/5540
f 5537/5537 5518/5518 5546/5546
f 5340/5340 5518/5518 5537/5537
f 5545/5545 5547/5547 5544/5544
f 5545/5545 5548/5548 5547/5547
f 5546/5546 5548/5548 5545/5545
f 5546/5546 5522/5522 5548/5548
f 5518/5518 5522/5522 5546/5546
f 5548/5548 5549/5549 5547/5547
f 5548/5548 5525/5525 5549/5549
f 5522/5522 5525/5525 5548/5548
f 5525/5525 5527/5527 5549/5549
f 5552/5552 5551/5551 5550/5550
f 5552/5552 5553/5553 5551/5551
f 5554/5554 5553/5553 5552/5552
f 5554/5554 5555/5555 5553/5553
f 5556/5556 5555/5555 5554/5554
f 5556/5556 5393/5393 5555/5555
f 5395/5395 5393/5393 5556/5556
f 5553/5553 5557/5557 5551/5551
f 5553/5553 5558/5558 5557/5557
f 5555/5555 5558/5558 5553/5553
f 5555/5555 5391/5391 5558/5558
f 5393/5393 5391/5391 5555/5555
f 5558/5558 5559/5559 5557/5557
f 5558/5558 5389/5389 5559/5559
f 5391/5391 5389/5389 5558/5558
f 5389/5389 5356/5356 5559/5559
f 5560/5560 5541/5541 5543/5543
f 5560/5560 5561/5561 5541/5541
f 5562/5562 5561/5561 5560/5560
f 5562/5562 5563/5563 5561/5561
f 5564/5564 5563/5563 5562/5562
f 5564/5564 5551/5551 5563/5563
f 5550/5550 5551/5551 5564/5564
f 5561/5561 5538/5538 5541/5541
f 5561/5561 5565/5565 5538/5538
f 5563/5563 5565/5565 5561/5561
f 5563/5563 5557/5557 5565/5565
f 5551/5551 5557/5557 5563/5563
f 5565/5565 5534/5534 5538/5538
f 5565/5565 5559/5559 5534/5534
f 5557/5557 5559/5559 5565/5565
f 5559/5559 5356/5356 5534/5534
f 5566/5566 5560/5560 5543/5543
f 5566/5566 5567/5567 5560/5560
f 5568/5568 5567/5567 5566/5566
f 5568/5568 5569/5569 5567/5567
f 5570/5570 5569/5569 5568/5568
f 5570/5570 5571/5571 5569/5569
f 5572/5572 5571/5571 5570/5570
f 5567/5567 5562/5562 5560/5560
f 5567/5567 5573/5573 5562/5562
f 5569/5569 5573/5573 5567/5567
f 5569/5569 5574/5574 5573/5573
f 5571/5571 5574/5574 5569/5569
f 5573/5573 5564/5564 5562/5562
f 5573/5573 5575/5575 5564/5564
f 5574/5574 5575/5575 5573/5573
f 5575/5575 5550/5550 5564/5564
f 5576/5576 5566/5566 5543/5543
f 5576/5576 5577/5577 5566/5566
f 5578/5578 5577/5577 5576/5576
f 5578/5578 5579/5579 5577/5577
f 5580/5580 5579/5579 5578/5578
f 5580/5580 5581/5581 5579/5579
f 5582/5582 5581/5581 5580/5580
f 5577/5577 5568/5568 5566/5566
f 5577/5577 5583/5583 5568/5568
f 5579/5579 5583/5583 5577/5577
f 5579/5579 5584/5584 5583/5583
f 5581/5581 5584/5584 5579/5579
f 5583/5583 5570/5570 5568/5568
f 5583/5583 5585/5585 5570/5570
f 5584/5584 5585/5585 5583/5583
f 5585/5585 5572/5572 5570/5570
f 5587/5587 5586/5586 5413/5413
f 5587/5587 5588/5588 5586/5586
f 5589/5589 5588/5588 5587/5587
f 5589/5589 5590/5590 5588/5588
f 5591/5591 5590/5590 5589/5589
f 5591/5591 5592/5592 5590/5590
f 5593/5593 5592/5592 5591/5591
f 5588/5588 5594/5594 5586/5586
f 5588/5588 5595/5595 5594/5594
f 5590/5590 5595/5595 5588/5588
f 5590/5590 5596/5596 5595/5595
f 5592/5592 5596/5596 5590/5590
f 5595/5595 5597/5597 5594/5594
f 5595/5595 5598/5598 5597/5597
f 5596/5596 5598/5598 5595/5595
f 5598/5598 5599/5599 5597/5597
f 5600/5600 5587/5587 5413/5413
f 5600/5600 5601/5601 5587/5587
f 5602/5602 5601/5601 5600/5600
f 5602/5602 5603/5603 5601/5601
f 5604/5604 5603/5603 5602/5602
f 5604/5604 5605/5605 5603/5603
f 5606/5606 5605/5605 5604/5604
f 5601/5601 5589/5589 5587/5587
f 5601/5601 5607/5607 5589/5589
f 5603/5603 5607/5607 5601/5601
f 5603/5603 5608/5608 5607/5607
f 5605/5605 5608/5608 5603/5603
f 5607/5607 5591/5591 5589/5589
f 5607/5607 5609/5609 5591/5591
f 5608/5608 5609/5609 5607/5607
f 5609/5609 5593/5593 5591/5591
f 5423/5423 5600/5600 5413/5413
f 5423/5423 5610/5610 5600/5600
f 5422/5422 5610/5610 5423/5423
f 5422/5422 5611/5611 5610/5610
f 5419/5419 5611/5611 5422/5422
f 5419/5419 5612/5612 5611/5611
f 5420/5420 5612/5612 5419/5419
f 5610/5610 5602/5602 5600/5600
f 5610/5610 5613/5613 5602/5602
f 5611/5611 5613/5613 5610/5610
f 5611/5611 5614/5614 5613/5613
f 5612/5612 5614/5614 5611/5611
f 5613/5613 5604/5604 5602/5602
f 5613/5613 5615/5615 5604/5604
f 5614/5614 5615/5615 5613/5613
f 5615/5615 5606/5606 5604/5604
f 5616/5616 5592/5592 5593/5593
f 5616/5616 5617/5617 5592/5592
f 5618/5618 5617/5617 5616/5616
f 5618/5618 5619/5619 5617/5617
f 5620/5620 5619/5619 5618/5618
f 5620/5620 5621/5621 5619/5619
f 5622/5622 5621/5621 5620/5620
f 5617/5617 5596/5596 5592/5592
f 5617/5617 5623/5623 5596/5596
f 5619/5619 5623/5623 5617/5617
f 5619/5619 5624/5624 5623/5623
f 5621/5621 5624/5624 5619/5619
f 5623/5623 5598/5598 5596/5596
f 5623/5623 5625/5625 5598/5598
f 5624/5624 5625/5625 5623/5623
f 5625/5625 5599/5599 5598/5598
f 5444/5444 5626/5626 5437/5437
f 5444/5444 5627/5627 5626/5626
f 5450/5450 5627/5627 5444/5444
f 5450/5450 5628/5628 5627/5627
f 5452/5452 5628/5628 5450/5450
f 5452/5452 5629/5629 5628/5628
f 5413/5413 5629/5629 5452/5452
f 5627/5627 5630/5630 5626/5626
f 5627/5627 5631/5631 5630/5630
f 5628/5628 5631/5631 5627/5627
f 5628/5628 5632/5632 5631/5631
f 5629/5629 5632/5632 5628/5628
f 5631/5631 5633/5633 5630/5630
f 5631/5631 5634/5634 5633/5633
f 5632/5632 5634/5634 5631/5631
f 5634/5634 5635/5635 5633/5633
f 5634/5634 5636/5636 5635/5635
f 5634/5634 5637/5637 5636/5636
f 5638/5638 5637/5637 5634/5634
f 5638/5638 5639/5639 5637/5637
f 5629/5629 5639/5639 5638/5638
f 5629/5629 5586/5586 5639/5639
f 5413/5413 5586/5586 5629/5629
f 5637/5637 5640/5640 5636/5636
f 5637/5637 5641/5641 5640/5640
f 5639/5639 5641/5641 5637/5637
f 5639/5639 5594/5594 5641/5641
f 5586/5586 5594/5594 5639/5639
f 5641/5641 5642/5642 5640/5640
f 5641/5641 5597/5597 5642/5642
f 5594/5594 5597/5597 5641/5641
f 5597/5597 5599/5599 5642/5642
f 5479/5479 5643/5643 5478/5478
f 5479/5479 5644/5644 5643/5643
f 5483/5483 5644/5644 5479/5479
f 5483/5483 5645/5645 5644/5644
f 5485/5485 5645/5645 5483/5483
f 5485/5485 5646/5646 5645/5645
f 5437/5437 5646/5646 5485/5485
f 5644/5644 5647/5647 5643/5643
f 5644/5644 5648/5648 5647/5647
f 5645/5645 5648/5648 5644/5644
f 5645/5645 5649/5649 5648/5648
f 5646/5646 5649/5649 5645/5645
f 5648/5648 5650/5650 5647/5647
f 5648/5648 5651/5651 5650/5650
f 5649/5649 5651/5651 5648/5648
f 5651/5651 5652/5652 5650/5650
f 5651/5651 5653/5653 5652/5652
f 5651/5651 5654/5654 5653/5653
f 5649/5649 5654/5654 5651/5651
f 5649/5649 5655/5655 5654/5654
f 5646/5646 5655/5655 5649/5649
f 5646/5646 5626/5626 5655/5655
f 5437/5437 5626/5626 5646/5646
f 5654/5654 5656/5656 5653/5653
f 5654/5654 5657/5657 5656/5656
f 5655/5655 5657/5657 5654/5654
f 5655/5655 5630/5630 5657/5657
f 5626/5626 5630/5630 5655/5655
f 5657/5657 5658/5658 5656/5656
f 5657/5657 5633/5633 5658/5658
f 5630/5630 5633/5633 5657/5657
f 5633/5633 5635/5635 5658/5658
f 5496/5496 5659/5659 5495/5495
f 5496/5496 5660/5660 5659/5659
f 5499/5499 5660/5660 5496/5496
f 5499/5499 5661/5661 5660/5660
f 5501/5501 5661/5661 5499/5499
f 5501/5501 5662/5662 5661/5661
f 5478/5478 5662/5662 5501/5501
f 5660/5660 5663/5663 5659/5659
f 5660/5660 5664/5664 5663/5663
f 5661/5661 5664/5664 5660/5660
f 5661/5661 5665/5665 5664/5664
f 5662/5662 5665/5665 5661/5661
f 5664/5664 5666/5666 5663/5663
f 5664/5664 5667/5667 5666/5666
f 5665/5665 5667/5667 5664/5664
f 5667/5667 5668/5668 5666/5666
f 5667/5667 5669/5669 5668/5668
f 5667/5667 5670/5670 5669/5669
f 5665/5665 5670/5670 5667/5667
f 5665/5665 5671/5671 5670/5670
f 5662/5662 5671/5671 5665/5665
f 5662/5662 5643/5643 5671/5671
f 5478/5478 5643/5643 5662/5662
f 5670/5670 5672/5672 5669/5669
f 5670/5670 5673/5673 5672/5672
f 5671/5671 5673/5673 5670/5670
f 5671/5671 5647/5647 5673/5673
f 5643/5643 5647/5647 5671/5671
f 5673/5673 5674/5674 5672/5672
f 5673/5673 5650/5650 5674/5674
f 5647/5647 5650/5650 5673/5673
f 5650/5650 5652/5652 5674/5674
f 5512/5512 5675/5675 5511/5511
f 5512/5512 5676/5676 5675/5675
f 5515/5515 5676/5676 5512/5512
f 5515/5515 5677/5677 5676/5676
f 5517/5517 5677/5677 5515/5515
f 5517/5517 5678/5678 5677/5677
f 5495/5495 5678/5678 5517/5517
f 5676/5676 5679/5679 5675/5675
f 5676/5676 5680/5680 5679/5679
f 5677/5677 5680/5680 5676/5676
f 5677/5677 5681/5681 5680/5680
f 5678/5678 5681/5681 5677/5677
f 5680/5680 5682/5682 5679/5679
f 5680/5680 5683/5683 5682/5682
f 5681/5681 5683/5683 5680/5680
f 5683/5683 5684/5684 5682/5682
f 5683/5683 5685/5685 5684/5684
f 5683/5683 5686/5686 5685/5685
f 5681/5681 5686/5686 5683/5683
f 5681/5681 5687/5687 5686/5686
f 5678/5678 5687/5687 5681/5681
f 5678/5678 5659/5659 5687/5687
f 5495/5495 5659/5659 5678/5678
f 5686/5686 5688/5688 5685/5685
f 5686/5686 5689/5689 5688/5688
f 5687/5687 5689/5689 5686/5686
f 5687/5687 5663/5663 5689/5689
f 5659/5659 5663/5663 5687/5687
f 5689/5689 5690/5690 5688/5688
f 5689/5689 5666/5666 5690/5690
f 5663/5663 5666/5666 5689/5689
f 5666/5666 5668/5668 5690/5690
f 5528/5528 5691/5691 5527/5527
f 5528/5528 5692/5692 5691/5691
f 5531/5531 5692/5692 5528/5528
f 5531/5531 5693/5693 5692/5692
f 5533/5533 5693/5693 5531/5531
f 5533/5533 5694/5694 5693/5693
f 5511/5511 5694/5694 5533/5533
f 5692/5692 5695/5695 5691/5691
f 5692/5692 5696/5696 5695/5695
f 5693/5693 5696/5696 5692/5692
f 5693/5693 5697/5697 5696/5696
f 5694/5694 5697/5697 5693/5693
f 5696/5696 5698/5698 5695/5695
f 5696/5696 5699/5699 5698/5698
f 5697/5697 5699/5699 5696/5696
f 5699/5699 5700/5700 5698/5698
f 5699/5699 5701/5701 5700/5700
f 5699/5699 5702/5702 5701/5701
f 5697/5697 5702/5702 5699/5699
f 5697/5697 5703/5703 5702/5702
f 5694/5694 5703/5703 5697/5697
f 5694/5694 5675/5675 5703/5703
f 5511/5511 5675/5675 5694/5694
f 5702/5702 5704/5704 5701/5701
f 5702/5702 5705/5705 5704/5704
f 5703/5703 5705/5705 5702/5702
f 5703/5703 5679/5679 5705/5705
f 5675/5675 5679/5679 5703/5703
f 5705/5705 5706/5706 5704/5704
f 5705/5705 5682/5682 5706/5706
f 5679/5679 5682/5682 5705/5705
f 5682/5682 5684/5684 5706/5706
f 5544/5544 5707/5707 5543/5543
f 5544/5544 5708/5708 5707/5707
f 5547/5547 5708/5708 5544/5544
f 5547/5547 5709/5709 5708/5708
f 5549/5549 5709/5709 5547/5547
f 5549/5549 5710/5710 5709/5709
f 5527/5527 5710/5710 5549/5549
f 5708/5708 5711/5711 5707/5707
f 5708/5708 5712/5712 5711/5711
f 5709/5709 5712/5712 5708/5708
f 5709/5709 5713/5713 5712/5712
f 5710/5710 5713/5713 5709/5709
f 5712/5712 5714/5714 5711/5711
f 5712/5712 5715/5715 5714/5714
f 5713/5713 5715/5715 5712/5712
f 5715/5715 5716/5716 5714/5714
f 5715/5715 5717/5717 5716/5716
f 5715/5715 5718/5718 5717/5717
f 5713/5713 5718/5718 5715/5715
f 5713/5713 5719/5719 5718/5718
f 5710/5710 5719/5719 5713/5713
f 5710/5710 5691/5691 5719/5719
f 5527/5527 5691/5691 5710/5710
f 5718/5718 5720/5720 5717/5717
f 5718/5718 5721/5721 5720/5720
f 5719/5719 5721/5721 5718/5718
f 5719/5719 5695/5695 5721/5721
f 5691/5691 5695/5695 5719/5719
f 5721/5721 5722/5722 5720/5720
f 5721/5721 5698/5698 5722/5722
f 5695/5695 5698/5698 5721/5721
f 5698/5698 5700/5700 5722/5722
f 5725/5725 5724/5724 5723/5723
f 5725/5725 5726/5726 5724/5724
f 5727/5727 5726/5726 5725/5725
f 5727/5727 5728/5728 5726/5726
f 5729/5729 5728/5728 5727/5727
f 5729/5729 5580/5580 5728/5728
f 5582/5582 5580/5580 5729/5729
f 5726/5726 5730/5730 5724/5724
f 5726/5726 5731/5731 5730/5730
f 5728/5728 5731/5731 5726/5726
f 5728/5728 5578/5578 5731/5731
f 5580/5580 5578/5578 5728/5728
f 5731/5731 5732/5732 5730/5730
f 5731/5731 5576/5576 5732/5732
f 5578/5578 5576/5576 5731/5731
f 5576/5576 5543/5543 5732/5732
f 5733/5733 5714/5714 5716/5716
f 5733/5733 5734/5734 5714/5714
f 5735/5735 5734/5734 5733/5733
f 5735/5735 5736/5736 5734/5734
f 5737/5737 5736/5736 5735/5735
f 5737/5737 5724/5724 5736/5736
f 5723/5723 5724/5724 5737/5737
f 5734/5734 5711/5711 5714/5714
f 5734/5734 5738/5738 5711/5711
f 5736/5736 5738/5738 5734/5734
f 5736/5736 5730/5730 5738/5738
f 5724/5724 5730/5730 5736/5736
f 5738/5738 5707/5707 5711/5711
f 5738/5738 5732/5732 5707/5707
f 5730/5730 5732/5732 5738/5738
f 5732/5732 5543/5543 5707/5707
f 5739/5739 5733/5733 5716/5716
f 5739/5739 5740/5740 5733/5733
f 5741/5741 5740/5740 5739/5739
f 5741/5741 5742/5742 5740/5740
f 5743/5743 5742/5742 5741/5741
f 5743/5743 5744/5744 5742/5742
f 5745/5745 5744/5744 5743/5743
f 5740/5740 5735/5735 5733/5733
f 5740/5740 5746/5746 5735/5735
f 5742/5742 5746/5746 5740/5740
f 5742/5742 5747/5747 5746/5746
f 5744/5744 5747/5747 5742/5742
f 5746/5746 5737/5737 5735/5735
f 5746/5746 5748/5748 5737/5737
f 5747/5747 5748/5748 5746/5746
f 5748/5748 5723/5723 5737/5737
f 5749/5749 5739/5739 5716/5716
f 5749/5749 5750/5750 5739/5739
f 5751/5751 5750/5750 5749/5749
f 5751/5751 5752/5752 5750/5750
f 5753/5753 5752/5752 5751/5751
f 5753/5753 5754/5754 5752/5752
f 5755/5755 5754/5754 5753/5753
f 5750/5750 5741/5741 5739/5739
f 5750/5750 5756/5756 5741/5741
f 5752/5752 5756/5756 5750/5750
f 5752/5752 5757/5757 5756/5756
f 5754/5754 5757/5757 5752/5752
f 5756/5756 5743/5743 5741/5741
f 5756/5756 5758/5758 5743/5743
f 5757/5757 5758/5758 5756/5756
f 5758/5758 5745/5745 5743/5743
f 5760/5760 5759/5759 5599/5599
f 5760/5760 5761/5761 5759/5759
f 5762/5762 5761/5761 5760/5760
f 5762/5762 5763/5763 5761/5761
f 5764/5764 5763/5763 5762/5762
f 5764/5764 5765/5765 5763/5763
f 5766/5766 5765/5765 5764/5764
f 5761/5761 5767/5767 5759/5759
f 5761/5761 5768/5768 5767/5767
f 5763/5763 5768/5768 5761/5761
f 5763/5763 5769/5769 5768/5768
f 5765/5765 5769/5769 5763/5763
f 5768/5768 5770/5770 5767/5767
f 5768/5768 5771/5771 5770/5770
f 5769/5769 5771/5771 5768/5768
f 5771/5771 5772/5772 5770/5770
f 5773/5773 5760/5760 5599/5599
f 5773/5773 5774/5774 5760/5760
f 5775/5775 5774/5774 5773/5773
f 5775/5775 5776/5776 5774/5774
f 5777/5777 5776/5776 5775/5775
f 5777/5777 5778/5778 5776/5776
f 5779/5779 5778/5778 5777/5777
f 5774/5774 5762/5762 5760/5760
f 5774/5774 5780/5780 5762/5762
f 5776/5776 5780/5780 5774/5774
f 5776/5776 5781/5781 5780/5780
f 5778/5778 5781/5781 5776/5776
f 5780/5780 5764/5764 5762/5762
f 5780/5780 5782/5782 5764/5764
f 5781/5781 5782/5782 5780/5780
f 5782/5782 5766/5766 5764/5764
f 5625/5625 5773/5773 5599/5599
f 5625/5625 5783/5783 5773/5773
f 5624/5624 5783/5783 5625/5625
f 5624/5624 5784/5784 5783/5783
f 5621/5621 5784/5784 5624/5624
f 5621/5621 5785/5785 5784/5784
f 5622/5622 5785/5785 5621/5621
f 5783/5783 5775/5775 5773/5773
f 5783/5783 5786/5786 5775/5775
f 5784/5784 5786/5786 5783/5783
f 5784/5784 5787/5787 5786/5786
f 5785/5785 5787/5787 5784/5784
f 5786/5786 5777/5777 5775/5775
f 5786/5786 5788/5788 5777/5777
f 5787/5787 5788/5788 5786/5786
f 5788/5788 5779/5779 5777/5777
f 5789/5789 5765/5765 5766/5766
f 5789/5789 5790/5790 5765/5765
f 5791/5791 5790/5790 5789/5789
f 5791/5791 5792/5792 5790/5790
f 5793/5793 5792/5792 5791/5791
f 5793/5793 5794/5794 5792/5792
f 5795/5795 5794/5794 5793/5793
f 5790/5790 5769/5769 5765/5765
f 5790/5790 5796/5796 5769/5769
f 5792/5792 5796/5796 5790/5790
f 5792/5792 5797/5797 5796/5796
f 5794/5794 5797/5797 5792/5792
f 5796/5796 5771/5771 5769/5769
f 5796/5796 5798/5798 5771/5771
f 5797/5797 5798/5798 5796/5796
f 5798/5798 5772/5772 5771/5771
f 5636/5636 5799/5799 5635/5635
f 5636/5636 5800/5800 5799/5799
f 5640/5640 5800/5800 5636/5636
f 5640/5640 5801/5801 5800/5800
f 5642/5642 5801/5801 5640/5640
f 5642/5642 5802/5802 5801/5801
f 5599/5599 5802/5802 5642/5642
f 5800/5800 5803/5803 5799/5799
f 5800/5800 5804/5804 5803/5803
f 5801/5801 5804/5804 5800/5800
f 5801/5801 5805/5805 5804/5804
f 5802/5802 5805/5805 5801/5801
f 5804/5804 5806/5806 5803/5803
f 5804/5804 5807/5807 5806/5806
f 5805/5805 5807/5807 5804/5804
f 5807/5807 5808/5808 5806/5806
f 5807/5807 5809/5809 5808/5808
f 5807/5807 5810/5810 5809/5809
f 5805/5805 5810/5810 5807/5807
f 5805/5805 5811/5811 5810/5810
f 5802/5802 5811/5811 5805/5805
f 5802/5802 5759/5759 5811/5811
f 5599/5599 5759/5759 5802/5802
f 5810/5810 5812/5812 5809/5809
f 5810/5810 5813/5813 5812/5812
f 5811/5811 5813/5813 5810/5810
f 5811/5811 5767/5767 5813/5813
f 5759/5759 5767/5767 5811/5811
f 5813/5813 5814/5814 5812/5812
f 5813/5813 5770/5770 5814/5814
f 5767/5767 5770/5770 5813/5813
f 5770/5770 5772/5772 5814/5814
f 5653/5653 5815/5815 5652/5652
f 5653/5653 5816/5816 5815/5815
f 5656/5656 5816/5816 5653/5653
f 5656/5656 5817/5817 5816/5816
f 5658/5658 5817/5817 5656/5656
f 5658/5658 5818/5818 5817/5817
f 5635/5635 5818/5818 5658/5658
f 5816/5816 5819/5819 5815/5815
f 5816/5816 5820/5820 5819/5819
f 5817/5817 5820/5820 5816/5816
f 5817/5817 5821/5821 5820/5820
f 5818/5818 5821/5821 5817/5817
f 5820/5820 5822/5822 5819/5819
f 5820/5820 5823/5823 5822/5822
f 5821/5821 5823/5823 5820/5820
f 5823/5823 5824/5824 5822/5822
f 5823/5823 5825/5825 5824/5824
f 5823/5823 5826/5826 5825/5825
f 5821/5821 5826/5826 5823/5823
f 5821/5821 5827/5827 5826/5826
f 5818/5818 5827/5827 5821/5821
f 5818/5818 5799/5799 5827/5827
f 5635/5635 5799/5799 5818/5818
f 5826/5826 5828/5828 5825/5825
f 5826/5826 5829/5829 5828/5828
f 5827/5827 5829/5829 5826/5826
f 5827/5827 5803/5803 5829/5829
f 5799/5799 5803/5803 5827/5827
f 5829/5829 5830/5830 5828/5828
f 5829/5829 5806/5806 5830/5830
f 5803/5803 5806/5806 5829/5829
f 5806/5806 5808/5808 5830/5830
f 5669/5669 5831/5831 5668/5668
f 5669/5669 5832/5832 5831/5831
f 5672/5672 5832/5832 5669/5669
f 5672/5672 5833/5833 5832/5832
f 5674/5674 5833/5833 5672/5672
f 5674/5674 5834/5834 5833/5833
f 5652/5652 5834/5834 5674/5674
f 5832/5832 5835/5835 5831/5831
f 5832/5832 5836/5836 5835/5835
f 5833/5833 5836/5836 5832/5832
f 5833/5833 5837/5837 5836/5836
f 5834/5834 5837/5837 5833/5833
f 5836/5836 5838/5838 5835/5835
f 5836/5836 5839/5839 5838/5838
f 5837/5837 5839/5839 5836/5836
f 5839/5839 5840/5840 5838/5838
f 5839/5839 5841/5841 5840/5840
f 5839/5839 5842/5842 5841/5841
f 5843/5843 5842/5842 5839/5839
f 5843/5843 5844/5844 5842/5842
f 5834/5834 5844/5844 5843/5843
f 5834/5834 5815/5815 5844/5844
f 5652/5652 5815/5815 5834/5834
f 5842/5842 5845/5845 5841/5841
f 5842/5842 5846/5846 5845/5845
f 5844/5844 5846/5846 5842/5842
f 5844/5844 5819/5819 5846/5846
f 5815/5815 5819/5819 5844/5844
f 5846/5846 5847/5847 5845/5845
f 5846/5846 5822/5822 5847/5847
f 5819/5819 5822/5822 5846/5846
f 5822/5822 5824/5824 5847/5847
f 5685/5685 5848/5848 5684/5684
f 5685/5685 5849/5849 5848/5848
f 5688/5688 5849/5849 5685/5685
f 5688/5688 5850/5850 5849/5849
f 5690/5690 5850/5850 5688/5688
f 5690/5690 5851/5851 5850/5850
f 5668/5668 5851/5851 5690/5690
f 5849/5849 5852/5852 5848/5848
f 5849/5849 5853/5853 5852/5852
f 5850/5850 5853/5853 5849/5849
f 5850/5850 5854/5854 5853/5853
f 5851/5851 5854/5854 5850/5850
f 5853/5853 5855/5855 5852/5852
f 5853/5853 5856/5856 5855/5855
f 5854/5854 5856/5856 5853/5853
f 5856/5856 5857/5857 5855/5855
f 5856/5856 5858/5858 5857/5857
f 5856/5856 5859/5859 5858/5858
f 5854/5854 5859/5859 5856/5856
f 5854/5854 5860/5860 5859/5859
f 5851/5851 5860/5860 5854/5854
f 5851/5851 5831/5831 5860/5860
f 5668/5668 5831/5831 5851/5851
f 5859/5859 5861/5861 5858/5858
f 5859/5859 5862/5862 5861/5861
f 5860/5860 5862/5862 5859/5859
f 5860/5860 5835/5835 5862/5862
f 5831/5831 5835/5835 5860/5860
f 5862/5862 5863/5863 5861/5861
f 5862/5862 5838/5838 5863/5863
f 5835/5835 5838/5838 5862/5862
f 5838/5838 5840/5840 5863/5863
f 5701/5701 5864/5864 5700/5700
f 5701/5701 5865/5865 5864/5864
f 5704/5704 5865/5865 5701/5701
f 5704/5704 5866/5866 5865/5865
f 5706/5706 5866/5866 5704/5704
f 5706/5706 5867/5867 5866/5866
f 5684/5684 5867/5867 5706/5706
f 5865/5865 5868/5868 5864/5864
f 5865/5865 5869/5869 5868/5868
f 5866/5866 5869/5869 5865/5865
f 5866/5866 5870/5870 5869/5869
f 5867/5867 5870/5870 5866/5866
f 5869/5869 5871/5871 5868/5868
f 5869/5869 5872/5872 5871/5871
f 5870/5870 5872/5872 5869/5869
f 5872/5872 5873/5873 5871/5871
f 5872/5872 5874/5874 5873/5873
f 5872/5872 5875/5875 5874/5874
f 5870/5870 5875/5875 5872/5872
f 5870/5870 5876/5876 5875/5875
f 5867/5867 5876/5876 5870/5870
f 5867/5867 5848/5848 5876/5876
f 5684/5684 5848/5848 5867/5867
f 5875/5875 5877/5877 5874/5874
f 5875/5875 5878/5878 5877/5877
f 5876/5876 5878/5878 5875/5875
f 5876/5876 5852/5852 5878/5878
f 5848/5848 5852/5852 5876/5876
f 5878/5878 5879/5879 5877/5877
f 5878/5878 5855/5855 5879/5879
f 5852/5852 5855/5855 5878/5878
f 5855/5855 5857/5857 5879/5879
f 5880/5880 5722/5722 5700/5700
f 5880/5880 5881/5881 5722/5722
f 5882/5882 5881/5881 5880/5880
f 5882/5882 5883/5883 5881/5881
f 5884/5884 5883/5883 5882/5882
f 5884/5884 5885/5885 5883/5883
f 5886/5886 5885/5885 5884/5884
f 5881/5881 5720/5720 5722/5722
f 5881/5881 5887/5887 5720/5720
f 5883/5883 5887/5887 5881/5881
f 5883/5883 5888/5888 5887/5887
f 5885/5885 5888/5888 5883/5883
f 5887/5887 5717/5717 5720/5720
f 5887/5887 5889/5889 5717/5717
f 5888/5888 5889/5889 5887/5887
f 5889/5889 5716/5716 5717/5717
f 5890/5890 5880/5880 5700/5700
f 5890/5890 5891/5891 5880/5880
f 5892/5892 5891/5891 5890/5890
f 5892/5892 5893/5893 5891/5891
f 5894/5894 5893/5893 5892/5892
f 5894/5894 5895/5895 5893/5893
f 5896/5896 5895/5895 5894/5894
f 5891/5891 5882/5882 5880/5880
f 5891/5891 5897/5897 5882/5882
f 5893/5893 5897/5897 5891/5891
f 5893/5893 5898/5898 5897/5897
f 5895/5895 5898/5898 5893/5893
f 5897/5897 5884/5884 5882/5882
f 5897/5897 5899/5899 5884/5884
f 5898/5898 5899/5899 5897/5897
f 5899/5899 5886/5886 5884/5884
f 5900/5900 5890/5890 5700/5700
f 5900/5900 5901/5901 5890/5890
f 5902/5902 5901/5901 5900/5900
f 5902/5902 5903/5903 5901/5901
f 5904/5904 5903/5903 5902/5902
f 5904/5904 5905/5905 5903/5903
f 5906/5906 5905/5905 5904/5904
f 5901/5901 5892/5892 5890/5890
f 5901/5901 5907/5907 5892/5892
f 5903/5903 5907/5907 5901/5901
f 5903/5903 5908/5908 5907/5907
f 5905/5905 5908/5908 5903/5903
f 5907/5907 5894/5894 5892/5892
f 5907/5907 5909/5909 5894/5894
f 5908/5908 5909/5909 5907/5907
f 5909/5909 5896/5896 5894/5894
f 5910/5910 5871/5871 5873/5873
f 5910/5910 5911/5911 5871/5871
f 5912/5912 5911/5911 5910/5910
f 5912/5912 5913/5913 5911/5911
f 5914/5914 5913/5913 5912/5912
f 5914/5914 5904/5904 5913/5913
f 5906/5906 5904/5904 5914/5914
f 5911/5911 5868/5868 5871/5871
f 5911/5911 5915/5915 5868/5868
f 5913/5913 5915/5915 5911/5911
f 5913/5913 5902/5902 5915/5915
f 5904/5904 5902/5902 5913/5913
f 5915/5915 5864/5864 5868/5868
f 5915/5915 5900/5900 5864/5864
f 5902/5902 5900/5900 5915/5915
f 5900/5900 5700/5700 5864/5864
f 5916/5916 5910/5910 5873/5873
f 5916/5916 5917/5917 5910/5910
f 5918/5918 5917/5917 5916/5916
f 5918/5918 5919/5919 5917/5917
f 5920/5920 5919/5919 5918/5918
f 5920/5920 5921/5921 5919/5919
f 5922/5922 5921/5921 5920/5920
f 5917/5917 5912/5912 5910/5910
f 5917/5917 5923/5923 5912/5912
f 5919/5919 5923/5923 5917/5917
f 5919/5919 5924/5924 5923/5923
f 5921/5921 5924/5924 5919/5919
f 5923/5923 5914/5914 5912/5912
f 5923/5923 5925/5925 5914/5914
f 5924/5924 5925/5925 5923/5923
f 5925/5925 5906/5906 5914/5914
f 5928/5928 5927/5927 5926/5926
f 5928/5928 5929/5929 5927/5927
f 5930/5930 5929/5929 5928/5928
f 5930/5930 5931/5931 5929/5929
f 5932/5932 5931/5931 5930/5930
f 5932/5932 5753/5753 5931/5931
f 5755/5755 5753/5753 5932/5932
f 5929/5929 5933/5933 5927/5927
f 5929/5929 5934/5934 5933/5933
f 5931/5931 5934/5934 5929/5929
f 5931/5931 5751/5751 5934/5934
f 5753/5753 5751/5751 5931/5931
f 5934/5934 5935/5935 5933/5933
f 5934/5934 5749/5749 5935/5935
f 5751/5751 5749/5749 5934/5934
f 5749/5749 5716/5716 5935/5935
f 5936/5936 5885/5885 5886/5886
f 5936/5936 5937/5937 5885/5885
f 5938/5938 5937/5937 5936/5936
f 5938/5938 5939/5939 5937/5937
f 5940/5940 5939/5939 5938/5938
f 5940/5940 5927/5927 5939/5939
f 5926/5926 5927/5927 5940/5940
f 5937/5937 5888/5888 5885/5885
f 5937/5937 5941/5941 5888/5888
f 5939/5939 5941/5941 5937/5937
f 5939/5939 5933/5933 5941/5941
f 5927/5927 5933/5933 5939/5939
f 5941/5941 5889/5889 5888/5888
f 5941/5941 5935/5935 5889/5889
f 5933/5933 5935/5935 5941/5941
f 5935/5935 5716/5716 5889/5889
f 5943/5943 5942/5942 5772/5772
f 5943/5943 5944/5944 5942/5942
f 5945/5945 5944/5944 5943/5943
f 5945/5945 5946/5946 5944/5944
f 5947/5947 5946/5946 5945/5945
f 5947/5947 5948/5948 5946/5946
f 5949/5949 5948/5948 5947/5947
f 5944/5944 5950/5950 5942/5942
f 5944/5944 5951/5951 5950/5950
f 5946/5946 5951/5951 5944/5944
f 5946/5946 5952/5952 5951/5951
f 5948/5948 5952/5952 5946/5946
f 5951/5951 5953/5953 5950/5950
f 5951/5951 5954/5954 5953/5953
f 5952/5952 5954/5954 5951/5951
f 5954/5954 5955/5955 5953/5953
f 5956/5956 5943/5943 5772/5772
f 5956/5956 5957/5957 5943/5943
f 5958/5958 5957/5957 5956/5956
f 5958/5958 5959/5959 5957/5957
f 5960/5960 5959/5959 5958/5958
f 5960/5960 5961/5961 5959/5959
f 5962/5962 5961/5961 5960/5960
f 5957/5957 5945/5945 5943/5943
f 5957/5957 5963/5963 5945/5945
f 5959/5959 5963/5963 5957/5957
f 5959/5959 5964/5964 5963/5963
f 5961/5961 5964/5964 5959/5959
f 5963/5963 5947/5947 5945/5945
f 5963/5963 5965/5965 5947/5947
f 5964/5964 5965/5965 5963/5963
f 5965/5965 5949/5949 5947/5947
f 5798/5798 5956/5956 5772/5772
f 5798/5798 5966/5966 5956/5956
f 5797/5797 5966/5966 5798/5798
f 5797/5797 5967/5967 5966/5966
f 5794/5794 5967/5967 5797/5797
f 5794/5794 5968/5968 5967/5967
f 5795/5795 5968/5968 5794/5794
f 5966/5966 5958/5958 5956/5956
f 5966/5966 5969/5969 5958/5958
f 5967/5967 5969/5969 5966/5966
f 5967/5967 5970/5970 5969/5969
f 5968/5968 5970/5970 5967/5967
f 5969/5969 5960/5960 5958/5958
f 5969/5969 5971/5971 5960/5960
f 5970/5970 5971/5971 5969/5969
f 5971/5971 5962/5962 5960/5960
f 5972/5972 5948/5948 5949/5949
f 5972/5972 5973/5973 5948/5948
f 5974/5974 5973/5973 5972/5972
f 5974/5974 5975/5975 5973/5973
f 5976/5976 5975/5975 5974/5974
f 5976/5976 5977/5977 5975/5975
f 5978/5978 5977/5977 5976/5976
f 5973/5973 5952/5952 5948/5948
f 5973/5973 5979/5979 5952/5952
f 5975/5975 5979/5979 5973/5973
f 5975/5975 5980/5980 5979/5979
f 5977/5977 5980/5980 5975/5975
f 5979/5979 5954/5954 5952/5952
f 5979/5979 5981/5981 5954/5954
f 5980/5980 5981/5981 5979/5979
f 5981/5981 5955/5955 5954/5954
f 5809/5809 5982/5982 5808/5808
f 5809/5809 5983/5983 5982/5982
f 5812/5812 5983/5983 5809/5809
f 5812/5812 5984/5984 5983/5983
f 5814/5814 5984/5984 5812/5812
f 5814/5814 5985/5985 5984/5984
f 5772/5772 5985/5985 5814/5814
f 5983/5983 5986/5986 5982/5982
f 5983/5983 5987/5987 5986/5986
f 5984/5984 5987/5987 5983/5983
f 5984/5984 5988/5988 5987/5987
f 5985/5985 5988/5988 5984/5984
f 5987/5987 5989/5989 5986/5986
f 5987/5987 5990/5990 5989/5989
f 5988/5988 5990/5990 5987/5987
f 5990/5990 5991/5991 5989/5989
f 5990/5990 5992/5992 5991/5991
f 5990/5990 5993/5993 5992/5992
f 5988/5988 5993/5993 5990/5990
f 5988/5988 5994/5994 5993/5993
f 5985/5985 5994/5994 5988/5988
f 5985/5985 5942/5942 5994/5994
f 5772/5772 5942/5942 5985/5985
f 5993/5993 5995/5995 5992/5992
f 5993/5993 5996/5996 5995/5995
f 5994/5994 5996/5996 5993/5993
f 5994/5994 5950/5950 5996/5996
f 5942/5942 5950/5950 5994/5994
f 5996/5996 5997/5997 5995/5995
f 5996/5996 5953/5953 5997/5997
f 5950/5950 5953/5953 5996/5996
f 5953/5953 5955/5955 5997/5997
f 5999/5999 5998/5998 5824/5824
f 5999/5999 6000/6000 5998/5998
f 5828/5828 6000/6000 5999/5999
f 5828/5828 6001/6001 6000/6000
f 5830/5830 6001/6001 5828/5828
f 5830/5830 6002/6002 6001/6001
f 5808/5808 6002/6002 5830/5830
f 6000/6000 6003/6003 5998/5998
f 6000/6000 6004/6004 6003/6003
f 6001/6001 6004/6004 6000/6000
f 6001/6001 6005/6005 6004/6004
f 6002/6002 6005/6005 6001/6001
f 6004/6004 6006/6006 6003/6003
f 6004/6004 6007/6007 6006/6006
f 6005/6005 6007/6007 6004/6004
f 6007/6007 6008/6008 6006/6006
f 6010/6010 6009/6009 6008/6008
f 6010/6010 6011/6011 6009/6009
f 6005/6005 6011/6011 6010/6010
f 6005/6005 6012/6012 6011/6011
f 6002/6002 6012/6012 6005/6005
f 6002/6002 5982/5982 6012/6012
f 5808/5808 5982/5982 6002/6002
f 6011/6011 6013/6013 6009/6009
f 6011/6011 6014/6014 6013/6013
f 6012/6012 6014/6014 6011/6011
f 6012/6012 5986/5986 6014/6014
f 5982/5982 5986/5986 6012/6012
f 6014/6014 6015/6015 6013/6013
f 6014/6014 5989/5989 6015/6015
f 5986/5986 5989/5989 6014/6014
f 5989/5989 5991/5991 6015/6015
f 5841/5841 6016/6016 5840/5840
f 5841/5841 6017/6017 6016/6016
f 5845/5845 6017/6017 5841/5841
f 5845/5845 6018/6018 6017/6017
f 5847/5847 6018/6018 5845/5845
f 5847/5847 6019/6019 6018/6018
f 5824/5824 6019/6019 5847/5847
f 6017/6017 6020/6020 6016/6016
f 6017/6017 6021/6021 6020/6020
f 6018/6018 6021/6021 6017/6017
f 6018/6018 6022/6022 6021/6021
f 6019/6019 6022/6022 6018/6018
f 6021/6021 6023/6023 6020/6020
f 6021/6021 6024/6024 6023/6023
f 6022/6022 6024/6024 6021/6021
f 6024/6024 6025/6025 6023/6023
f 6024/6024 6026/6026 6025/6025
f 6024/6024 6027/6027 6026/6026
f 6022/6022 6027/6027 6024/6024
f 6022/6022 6028/6028 6027/6027
f 6019/6019 6028/6028 6022/6022
f 6019/6019 5998/5998 6028/6028
f 5824/5824 5998/5998 6019/6019
f 6027/6027 6029/6029 6026/6026
f 6027/6027 6030/6030 6029/6029
f 6028/6028 6030/6030 6027/6027
f 6028/6028 6003/6003 6030/6030
f 5998/5998 6003/6003 6028/6028
f 6030/6030 6031/6031 6029/6029
f 6030/6030 6006/6006 6031/6031
f 6003/6003 6006/6006 6030/6030
f 6006/6006 6008/6008 6031/6031
f 5858/5858 6032/6032 5857/5857
f 5858/5858 6033/6033 6032/6032
f 5861/5861 6033/6033 5858/5858
f 5861/5861 6034/6034 6033/6033
f 5863/5863 6034/6034 5861/5861
f 5863/5863 6035/6035 6034/6034
f 5840/5840 6035/6035 5863/5863
f 6033/6033 6036/6036 6032/6032
f 6033/6033 6037/6037 6036/6036
f 6034/6034 6037/6037 6033/6033
f 6034/6034 6038/6038 6037/6037
f 6035/6035 6038/6038 6034/6034
f 6037/6037 6039/6039 6036/6036
f 6037/6037 6040/6040 6039/6039
f 6038/6038 6040/6040 6037/6037
f 6040/6040 6041/6041 6039/6039
f 6040/6040 6042/6042 6041/6041
f 6040/6040 6043/6043 6042/6042
f 6038/6038 6043/6043 6040/6040
f 6038/6038 6044/6044 6043/6043
f 6035/6035 6044/6044 6038/6038
f 6035/6035 6016/6016 6044/6044
f 5840/5840 6016/6016 6035/6035
f 6043/6043 6045/6045 6042/6042
f 6043/6043 6046/6046 6045/6045
f 6044/6044 6046/6046 6043/6043
f 6044/6044 6020/6020 6046/6046
f 6016/6016 6020/6020 6044/6044
f 6046/6046 6047/6047 6045/6045
f 6046/6046 6023/6023 6047/6047
f 6020/6020 6023/6023 6046/6046
f 6023/6023 6025/6025 6047/6047
f 5874/5874 6048/6048 5873/5873
f 5874/5874 6049/6049 6048/6048
f 5877/5877 6049/6049 5874/5874
f 5877/5877 6050/6050 6049/6049
f 5879/5879 6050/6050 5877/5877
f 5879/5879 6051/6051 6050/6050
f 5857/5857 6051/6051 5879/5879
f 6049/6049 6052/6052 6048/6048
f 6049/6049 6053/6053 6052/6052
f 6050/6050 6053/6053 6049/6049
f 6050/6050 6054/6054 6053/6053
f 6051/6051 6054/6054 6050/6050
f 6053/6053 6055/6055 6052/6052
f 6053/6053 6056/6056 6055/6055
f 6054/6054 6056/6056 6053/6053
f 6056/6056 6057/6057 6055/6055
f 6056/6056 6058/6058 6057/6057
f 6056/6056 6059/6059 6058/6058
f 6054/6054 6059/6059 6056/6056
f 6054/6054 6060/6060 6059/6059
f 6051/6051 6060/6060 6054/6054
f 6051/6051 6032/6032 6060/6060
f 5857/5857 6032/6032 6051/6051
f 6059/6059 6061/6061 6058/6058
f 6059/6059 6062/6062 6061/6061
f 6060/6060 6062/6062 6059/6059
f 6060/6060 6036/6036 6062/6062
f 6032/6032 6036/6036 6060/6060
f 6062/6062 6063/6063 6061/6061
f 6062/6062 6039/6039 6063/6063
f 6036/6036 6039/6039 6062/6062
f 6039/6039 6041/6041 6063/6063
f 6066/6066 6065/6065 6064/6064
f 6066/6066 6067/6067 6065/6065
f 6068/6068 6067/6067 6066/6066
f 6068/6068 6069/6069 6067/6067
f 6070/6070 6069/6069 6068/6068
f 6070/6070 5920/5920 6069/6069
f 5922/5922 5920/5920 6070/6070
f 6067/6067 6071/6071 6065/6065
f 6067/6067 6072/6072 6071/6071
f 6069/6069 6072/6072 6067/6067
f 6069/6069 5918/5918 6072/6072
f 5920/5920 5918/5918 6069/6069
f 6072/6072 6073/6073 6071/6071
f 6072/6072 5916/5916 6073/6073
f 5918/5918 5916/5916 6072/6072
f 5916/5916 5873/5873 6073/6073
f 6074/6074 6055/6055 6057/6057
f 6074/6074 6075/6075 6055/6055
f 6076/6076 6075/6075 6074/6074
f 6076/6076 6077/6077 6075/6075
f 6078/6078 6077/6077 6076/6076
f 6078/6078 6065/6065 6077/6077
f 6064/6064 6065/6065 6078/6078
f 6075/6075 6052/6052 6055/6055
f 6075/6075 6079/6079 6052/6052
f 6077/6077 6079/6079 6075/6075
f 6077/6077 6071/6071 6079/6079
f 6065/6065 6071/6071 6077/6077
f 6079/6079 6048/6048 6052/6052
f 6079/6079 6073/6073 6048/6048
f 6071/6071 6073/6073 6079/6079
f 6073/6073 5873/5873 6048/6048
f 6080/6080 6074/6074 6057/6057
f 6080/6080 6081/6081 6074/6074
f 6082/6082 6081/6081 6080/6080
f 6082/6082 6083/6083 6081/6081
f 6084/6084 6083/6083 6082/6082
f 6084/6084 6085/6085 6083/6083
f 6086/6086 6085/6085 6084/6084
f 6081/6081 6076/6076 6074/6074
f 6081/6081 6087/6087 6076/6076
f 6083/6083 6087/6087 6081/6081
f 6083/6083 6088/6088 6087/6087
f 6085/6085 6088/6088 6083/6083
f 6087/6087 6078/6078 6076/6076
f 6087/6087 6089/6089 6078/6078
f 6088/6088 6089/6089 6087/6087
f 6089/6089 6064/6064 6078/6078
f 6090/6090 6080/6080 6057/6057
f 6090/6090 6091/6091 6080/6080
f 6092/6092 6091/6091 6090/6090
f 6092/6092 6093/6093 6091/6091
f 6094/6094 6093/6093 6092/6092
f 6094/6094 6095/6095 6093/6093
f 6096/6096 6095/6095 6094/6094
f 6091/6091 6082/6082 6080/6080
f 6091/6091 6097/6097 6082/6082
f 6093/6093 6097/6097 6091/6091
f 6093/6093 6098/6098 6097/6097
f 6095/6095 6098/6098 6093/6093
f 6097/6097 6084/6084 6082/6082
f 6097/6097 6099/6099 6084/6084
f 6098/6098 6099/6099 6097/6097
f 6099/6099 6086/6086 6084/6084
f 6102/6102 6101/6101 6100/6100
f 6102/6102 6103/6103 6101/6101
f 6104/6104 6103/6103 6102/6102
f 6104/6104 6105/6105 6103/6103
f 6106/6106 6105/6105 6104/6104
f 6106/6106 6107/6107 6105/6105
f 6108/6108 6107/6107 6106/6106
f 6103/6103 6109/6109 6101/6101
f 6103/6103 6110/6110 6109/6109
f 6105/6105 6110/6110 6103/6103
f 6105/6105 6111/6111 6110/6110
f 6107/6107 6111/6111 6105/6105
f 6110/6110 6112/6112 6109/6109
f 6110/6110 6113/6113 6112/6112
f 6111/6111 6113/6113 6110/6110
f 6113/6113 6114/6114 6112/6112
f 6115/6115 6107/6107 6108/6108
f 6115/6115 6116/6116 6107/6107
f 6117/6117 6116/6116 6115/6115
f 6117/6117 6118/6118 6116/6116
f 6119/6119 6118/6118 6117/6117
f 6119/6119 6120/6120 6118/6118
f 6121/6121 6120/6120 6119/6119
f 6116/6116 6111/6111 6107/6107
f 6116/6116 6122/6122 6111/6111
f 6118/6118 6122/6122 6116/6116
f 6118/6118 6123/6123 6122/6122
f 6120/6120 6123/6123 6118/6118
f 6122/6122 6113/6113 6111/6111
f 6122/6122 6124/6124 6113/6113
f 6123/6123 6124/6124 6122/6122
f 6124/6124 6114/6114 6113/6113
f 6126/6126 6125/6125 5955/5955
f 6126/6126 6127/6127 6125/6125
f 6128/6128 6127/6127 6126/6126
f 6128/6128 6129/6129 6127/6127
f 6130/6130 6129/6129 6128/6128
f 6130/6130 6131/6131 6129/6129
f 6132/6132 6131/6131 6130/6130
f 6127/6127 6133/6133 6125/6125
f 6127/6127 6134/6134 6133/6133
f 6129/6129 6134/6134 6127/6127
f 6129/6129 6135/6135 6134/6134
f 6131/6131 6135/6135 6129/6129
f 6134/6134 6136/6136 6133/6133
f 6134/6134 6137/6137 6136/6136
f 6135/6135 6137/6137 6134/6134
f 6137/6137 6138/6138 6136/6136
f 5981/5981 6126/6126 5955/5955
f 5981/5981 6139/6139 6126/6126
f 5980/5980 6139/6139 5981/5981
f 5980/5980 6140/6140 6139/6139
f 5977/5977 6140/6140 5980/5980
f 5977/5977 6141/6141 6140/6140
f 5978/5978 6141/6141 5977/5977
f 6139/6139 6128/6128 6126/6126
f 6139/6139 6142/6142 6128/6128
f 6140/6140 6142/6142 6139/6139
f 6140/6140 6143/6143 6142/6142
f 6141/6141 6143/6143 6140/6140
f 6142/6142 6130/6130 6128/6128
f 6142/6142 6144/6144 6130/6130
f 6143/6143 6144/6144 6142/6142
f 6144/6144 6132/6132 6130/6130
f 6146/6146 6145/6145 6138/6138
f 6146/6146 6147/6147 6145/6145
f 6148/6148 6147/6147 6146/6146
f 6148/6148 6149/6149 6147/6147
f 6150/6150 6149/6149 6148/6148
f 6150/6150 6101/6101 6149/6149
f 6100/6100 6101/6101 6150/6150
f 6147/6147 6151/6151 6145/6145
f 6147/6147 6152/6152 6151/6151
f 6149/6149 6152/6152 6147/6147
f 6149/6149 6109/6109 6152/6152
f 6101/6101 6109/6109 6149/6149
f 6152/6152 6153/6153 6151/6151
f 6152/6152 6112/6112 6153/6153
f 6109/6109 6112/6112 6152/6152
f 6112/6112 6114/6114 6153/6153
f 6154/6154 6146/6146 6138/6138
f 6154/6154 6155/6155 6146/6146
f 6156/6156 6155/6155 6154/6154
f 6156/6156 6157/6157 6155/6155
f 6158/6158 6157/6157 6156/6156
f 6158/6158 6159/6159 6157/6157
f 6160/6160 6159/6159 6158/6158
f 6155/6155 6148/6148 6146/6146
f 6155/6155 6161/6161 6148/6148
f 6157/6157 6161/6161 6155/6155
f 6157/6157 6162/6162 6161/6161
f 6159/6159 6162/6162 6157/6157
f 6161/6161 6150/6150 6148/6148
f 6161/6161 6163/6163 6150/6150
f 6162/6162 6163/6163 6161/6161
f 6163/6163 6100/6100 6150/6150
f 6137/6137 6154/6154 6138/6138
f 6137/6137 6164/6164 6154/6154
f 6135/6135 6164/6164 6137/6137
f 6135/6135 6165/6165 6164/6164
f 6131/6131 6165/6165 6135/6135
f 6131/6131 6166/6166 6165/6165
f 6132/6132 6166/6166 6131/6131
f 6164/6164 6156/6156 6154/6154
f 6164/6164 6167/6167 6156/6156
f 6165/6165 6167/6167 6164/6164
f 6165/6165 6168/6168 6167/6167
f 6166/6166 6168/6168 6165/6165
f 6167/6167 6158/6158 6156/6156
f 6167/6167 6169/6169 6158/6158
f 6168/6168 6169/6169 6167/6167
f 6169/6169 6160/6160 6158/6158
f 5992/5992 6170/6170 5991/5991
f 5992/5992 6171/6171 6170/6170
f 5995/5995 6171/6171 5992/5992
f 5995/5995 6172/6172 6171/6171
f 5997/5997 6172/6172 5995/5995
f 5997/5997 6173/6173 6172/6172
f 5955/5955 6173/6173 5997/5997
f 6171/6171 6174/6174 6170/6170
f 6171/6171 6175/6175 6174/6174
f 6172/6172 6175/6175 6171/6171
f 6172/6172 6176/6176 6175/6175
f 6173/6173 6176/6176 6172/6172
f 6175/6175 6177/6177 6174/6174
f 6175/6175 6178/6178 6177/6177
f 6176/6176 6178/6178 6175/6175
f 6178/6178 6179/6179 6177/6177
f 6178/6178 6180/6180 6179/6179
f 6178/6178 6181/6181 6180/6180
f 6176/6176 6181/6181 6178/6178
f 6176/6176 6182/6182 6181/6181
f 6173/6173 6182/6182 6176/6176
f 6173/6173 6125/6125 6182/6182
f 5955/5955 6125/6125 6173/6173
f 6181/6181 6183/6183 6180/6180
f 6181/6181 6184/6184 6183/6183
f 6182/6182 6184/6184 6181/6181
f 6182/6182 6133/6133 6184/6184
f 6125/6125 6133/6133 6182/6182
f 6184/6184 6185/6185 6183/6183
f 6184/6184 6136/6136 6185/6185
f 6133/6133 6136/6136 6184/6184
f 6136/6136 6138/6138 6185/6185
f 6009/6009 6186/6186 6008/6008
f 6009/6009 6187/6187 6186/6186
f 6013/6013 6187/6187 6009/6009
f 6013/6013 6188/6188 6187/6187
f 6015/6015 6188/6188 6013/6013
f 6015/6015 6189/6189 6188/6188
f 5991/5991 6189/6189 6015/6015
f 6187/6187 6190/6190 6186/6186
f 6187/6187 6191/6191 6190/6190
f 6188/6188 6191/6191 6187/6187
f 6188/6188 6192/6192 6191/6191
f 6189/6189 6192/6192 6188/6188
f 6191/6191 6193/6193 6190/6190
f 6191/6191 6194/6194 6193/6193
f 6192/6192 6194/6194 6191/6191
f 6194/6194 6195/6195 6193/6193
f 6194/6194 6196/6196 6195/6195
f 6194/6194 6197/6197 6196/6196
f 6192/6192 6197/6197 6194/6194
f 6192/6192 6198/6198 6197/6197
f 6189/6189 6198/6198 6192/6192
f 6189/6189 6170/6170 6198/6198
f 5991/5991 6170/6170 6189/6189
f 6197/6197 6199/6199 6196/6196
f 6197/6197 6200/6200 6199/6199
f 6198/6198 6200/6200 6197/6197
f 6198/6198 6201/6201 6200/6200
f 6170/6170 6201/6201 6198/6198
f 6200/6200 6202/6202 6199/6199
f 6200/6200 6177/6177 6202/6202
f 6201/6201 6177/6177 6200/6200
f 6177/6177 6179/6179 6202/6202
f 6026/6026 6203/6203 6025/6025
f 6026/6026 6204/6204 6203/6203
f 6029/6029 6204/6204 6026/6026
f 6029/6029 6205/6205 6204/6204
f 6031/6031 6205/6205 6029/6029
f 6031/6031 6206/6206 6205/6205
f 6008/6008 6206/6206 6031/6031
f 6204/6204 6207/6207 6203/6203
f 6204/6204 6208/6208 6207/6207
f 6205/6205 6208/6208 6204/6204
f 6205/6205 6209/6209 6208/6208
f 6206/6206 6209/6209 6205/6205
f 6208/6208 6210/6210 6207/6207
f 6208/6208 6211/6211 6210/6210
f 6209/6209 6211/6211 6208/6208
f 6211/6211 6212/6212 6210/6210
f 6211/6211 6213/6213 6212/6212
f 6211/6211 6214/6214 6213/6213
f 6209/6209 6214/6214 6211/6211
f 6209/6209 6215/6215 6214/6214
f 6206/6206 6215/6215 6209/6209
f 6206/6206 6186/6186 6215/6215
f 6008/6008 6186/6186 6206/6206
f 6214/6214 6216/6216 6213/6213
f 6214/6214 6217/6217 6216/6216
f 6215/6215 6217/6217 6214/6214
f 6215/6215 6218/6218 6217/6217
f 6186/6186 6218/6218 6215/6215
f 6217/6217 6219/6219 6216/6216
f 6217/6217 6193/6193 6219/6219
f 6218/6218 6193/6193 6217/6217
f 6193/6193 6195/6195 6219/6219
f 6042/6042 6220/6220 6041/6041
f 6042/6042 6221/6221 6220/6220
f 6045/6045 6221/6221 6042/6042
f 6045/6045 6222/6222 6221/6221
f 6047/6047 6222/6222 6045/6045
f 6047/6047 6223/6223 6222/6222
f 6025/6025 6223/6223 6047/6047
f 6221/6221 6224/6224 6220/6220
f 6221/6221 6225/6225 6224/6224
f 6222/6222 6225/6225 6221/6221
f 6222/6222 6226/6226 6225/6225
f 6223/6223 6226/6226 6222/6222
f 6225/6225 6227/6227 6224/6224
f 6225/6225 6228/6228 6227/6227
f 6226/6226 6228/6228 6225/6225
f 6228/6228 6229/6229 6227/6227
f 6228/6228 6230/6230 6229/6229
f 6228/6228 6231/6231 6230/6230
f 6226/6226 6231/6231 6228/6228
f 6226/6226 6232/6232 6231/6231
f 6223/6223 6232/6232 6226/6226
f 6223/6223 6203/6203 6232/6232
f 6025/6025 6203/6203 6223/6223
f 6231/6231 6233/6233 6230/6230
f 6231/6231 6234/6234 6233/6233
f 6232/6232 6234/6234 6231/6231
f 6232/6232 6207/6207 6234/6234
f 6203/6203 6207/6207 6232/6232
f 6234/6234 6235/6235 6233/6233
f 6234/6234 6210/6210 6235/6235
f 6207/6207 6210/6210 6234/6234
f 6210/6210 6212/6212 6235/6235
f 6058/6058 6236/6236 6057/6057
f 6058/6058 6237/6237 6236/6236
f 6061/6061 6237/6237 6058/6058
f 6061/6061 6238/6238 6237/6237
f 6063/6063 6238/6238 6061/6061
f 6063/6063 6239/6239 6238/6238
f 6041/6041 6239/6239 6063/6063
f 6237/6237 6240/6240 6236/6236
f 6237/6237 6241/6241 6240/6240
f 6238/6238 6241/6241 6237/6237
f 6238/6238 6242/6242 6241/6241
f 6239/6239 6242/6242 6238/6238
f 6241/6241 6243/6243 6240/6240
f 6241/6241 6244/6244 6243/6243
f 6242/6242 6244/6244 6241/6241
f 6244/6244 6245/6245 6243/6243
f 6244/6244 6246/6246 6245/6245
f 6244/6244 6247/6247 6246/6246
f 6242/6242 6247/6247 6244/6244
f 6242/6242 6248/6248 6247/6247
f 6249/6249 6248/6248 6242/6242
f 6249/6249 6220/6220 6248/6248
f 6041/6041 6220/6220 6249/6249
f 6247/6247 6250/6250 6246/6246
f 6247/6247 6251/6251 6250/6250
f 6248/6248 6251/6251 6247/6247
f 6248/6248 6224/6224 6251/6251
f 6220/6220 6224/6224 6248/6248
f 6251/6251 6252/6252 6250/6250
f 6251/6251 6227/6227 6252/6252
f 6224/6224 6227/6227 6251/6251
f 6227/6227 6229/6229 6252/6252
f 6255/6255 6254/6254 6253/6253
f 6255/6255 6256/6256 6254/6254
f 6257/6257 6256/6256 6255/6255
f 6257/6257 6258/6258 6256/6256
f 6259/6259 6258/6258 6257/6257
f 6259/6259 6094/6094 6258/6258
f 6096/6096 6094/6094 6259/6259
f 6256/6256 6260/6260 6254/6254
f 6256/6256 6261/6261 6260/6260
f 6258/6258 6261/6261 6256/6256
f 6258/6258 6092/6092 6261/6261
f 6094/6094 6092/6092 6258/6258
f 6261/6261 6262/6262 6260/6260
f 6261/6261 6090/6090 6262/6262
f 6092/6092 6090/6090 6261/6261
f 6090/6090 6057/6057 6262/6262
f 6263/6263 6243/6243 6245/6245
f 6263/6263 6264/6264 6243/6243
f 6265/6265 6264/6264 6263/6263
f 6265/6265 6266/6266 6264/6264
f 6267/6267 6266/6266 6265/6265
f 6267/6267 6254/6254 6266/6266
f 6253/6253 6254/6254 6267/6267
f 6264/6264 6240/6240 6243/6243
f 6264/6264 6268/6268 6240/6240
f 6266/6266 6268/6268 6264/6264
f 6266/6266 6260/6260 6268/6268
f 6254/6254 6260/6260 6266/6266
f 6268/6268 6236/6236 6240/6240
f 6268/6268 6262/6262 6236/6236
f 6260/6260 6262/6262 6268/6268
f 6262/6262 6057/6057 6236/6236
f 6269/6269 6263/6263 6245/6245
f 6269/6269 6270/6270 6263/6263
f 6271/6271 6270/6270 6269/6269
f 6271/6271 6272/6272 6270/6270
f 6273/6273 6272/6272 6271/6271
f 6273/6273 6274/6274 6272/6272
f 6275/6275 6274/6274 6273/6273
f 6270/6270 6265/6265 6263/6263
f 6270/6270 6276/6276 6265/6265
f 6272/6272 6276/6276 6270/6270
f 6272/6272 6277/6277 6276/6276
f 6274/6274 6277/6277 6272/6272
f 6276/6276 6267/6267 6265/6265
f 6276/6276 6278/6278 6267/6267
f 6277/6277 6278/6278 6276/6276
f 6278/6278 6253/6253 6267/6267
f 6279/6279 6269/6269 6245/6245
f 6279/6279 6280/6280 6269/6269
f 6281/6281 6280/6280 6279/6279
f 6281/6281 6282/6282 6280/6280
f 6283/6283 6282/6282 6281/6281
f 6283/6283 6284/6284 6282/6282
f 6285/6285 6284/6284 6283/6283
f 6280/6280 6271/6271 6269/6269
f 6280/6280 6286/6286 6271/6271
f 6282/6282 6286/6286 6280/6280
f 6282/6282 6287/6287 6286/6286
f 6284/6284 6287/6287 6282/6282
f 6286/6286 6273/6273 6271/6271
f 6286/6286 6288/6288 6273/6273
f 6287/6287 6288/6288 6286/6286
f 6288/6288 6275/6275 6273/6273
f 6290/6290 6289/6289 6114/6114
f 6290/6290 6291/6291 6289/6289
f 6292/6292 6291/6291 6290/6290
f 6292/6292 6293/6293 6291/6291
f 6294/6294 6293/6293 6292/6292
f 6294/6294 6295/6295 6293/6293
f 6296/6296 6295/6295 6294/6294
f 6291/6291 6297/6297 6289/6289
f 6291/6291 6298/6298 6297/6297
f 6293/6293 6298/6298 6291/6291
f 6293/6293 6299/6299 6298/6298
f 6295/6295 6299/6299 6293/6293
f 6298/6298 6300/6300 6297/6297
f 6298/6298 6301/6301 6300/6300
f 6299/6299 6301/6301 6298/6298
f 6301/6301 6302/6302 6300/6300
f 6303/6303 6290/6290 6114/6114
f 6303/6303 6304/6304 6290/6290
f 6305/6305 6304/6304 6303/6303
f 6305/6305 6306/6306 6304/6304
f 6307/6307 6306/6306 6305/6305
f 6307/6307 6308/6308 6306/6306
f 6309/6309 6308/6308 6307/6307
f 6304/6304 6292/6292 6290/6290
f 6304/6304 6310/6310 6292/6292
f 6306/6306 6310/6310 6304/6304
f 6306/6306 6311/6311 6310/6310
f 6308/6308 6311/6311 6306/6306
f 6310/6310 6294/6294 6292/6292
f 6310/6310 6312/6312 6294/6294
f 6311/6311 6312/6312 6310/6310
f 6312/6312 6296/6296 6294/6294
f 6124/6124 6303/6303 6114/6114
f 6124/6124 6313/6313 6303/6303
f 6123/6123 6313/6313 6124/6124
f 6123/6123 6314/6314 6313/6313
f 6120/6120 6314/6314 6123/6123
f 6120/6120 6315/6315 6314/6314
f 6121/6121 6315/6315 6120/6120
f 6313/6313 6305/6305 6303/6303
f 6313/6313 6316/6316 6305/6305
f 6314/6314 6316/6316 6313/6313
f 6314/6314 6317/6317 6316/6316
f 6315/6315 6317/6317 6314/6314
f 6316/6316 6307/6307 6305/6305
f 6316/6316 6318/6318 6307/6307
f 6317/6317 6318/6318 6316/6316
f 6318/6318 6309/6309 6307/6307
f 6319/6319 6295/6295 6296/6296
f 6319/6319 6320/6320 6295/6295
f 6321/6321 6320/6320 6319/6319
f 6321/6321 6322/6322 6320/6320
f 6323/6323 6322/6322 6321/6321
f 6323/6323 6324/6324 6322/6322
f 6325/6325 6324/6324 6323/6323
f 6320/6320 6299/6299 6295/6295
f 6320/6320 6326/6326 6299/6299
f 6322/6322 6326/6326 6320/6320
f 6322/6322 6327/6327 6326/6326
f 6324/6324 6327/6327 6322/6322
f 6326/6326 6301/6301 6299/6299
f 6326/6326 6328/6328 6301/6301
f 6327/6327 6328/6328 6326/6326
f 6328/6328 6302/6302 6301/6301
f 6145/6145 6329/6329 6138/6138
f 6145/6145 6330/6330 6329/6329
f 6151/6151 6330/6330 6145/6145
f 6151/6151 6331/6331 6330/6330
f 6153/6153 6331/6331 6151/6151
f 6153/6153 6332/6332 6331/6331
f 6114/6114 6332/6332 6153/6153
f 6330/6330 6333/6333 6329/6329
f 6330/6330 6334/6334 6333/6333
f 6331/6331 6334/6334 6330/6330
f 6331/6331 6335/6335 6334/6334
f 6332/6332 6335/6335 6331/6331
f 6334/6334 6336/6336 6333/6333
f 6334/6334 6337/6337 6336/6336
f 6335/6335 6337/6337 6334/6334
f 6337/6337 6338/6338 6336/6336
f 6337/6337 6339/6339 6338/6338
f 6337/6337 6340/6340 6339/6339
f 6335/6335 6340/6340 6337/6337
f 6335/6335 6341/6341 6340/6340
f 6332/6332 6341/6341 6335/6335
f 6332/6332 6289/6289 6341/6341
f 6114/6114 6289/6289 6332/6332
f 6340/6340 6342/6342 6339/6339
f 6340/6340 6343/6343 6342/6342
f 6341/6341 6343/6343 6340/6340
f 6341/6341 6297/6297 6343/6343
f 6289/6289 6297/6297 6341/6341
f 6343/6343 6344/6344 6342/6342
f 6343/6343 6300/6300 6344/6344
f 6297/6297 6300/6300 6343/6343
f 6300/6300 6302/6302 6344/6344
f 6180/6180 6345/6345 6179/6179
f 6180/6180 6346/6346 6345/6345
f 6183/6183 6346/6346 6180/6180
f 6183/6183 6347/6347 6346/6346
f 6185/6185 6347/6347 6183/6183
f 6185/6185 6348/6348 6347/6347
f 6138/6138 6348/6348 6185/6185
f 6346/6346 6349/6349 6345/6345
f 6346/6346 6350/6350 6349/6349
f 6347/6347 6350/6350 6346/6346
f 6347/6347 6351/6351 6350/6350
f 6348/6348 6351/6351 6347/6347
f 6350/6350 6352/6352 6349/6349
f 6350/6350 6353/6353 6352/6352
f 6351/6351 6353/6353 6350/6350
f 6353/6353 6354/6354 6352/6352
f 6353/6353 6355/6355 6354/6354
f 6353/6353 6356/6356 6355/6355
f 6351/6351 6356/6356 6353/6353
f 6351/6351 6357/6357 6356/6356
f 6358/6358 6357/6357 6351/6351
f 6358/6358 6329/6329 6357/6357
f 6138/6138 6329/6329 6358/6358
f 6356/6356 6359/6359 6355/6355
f 6356/6356 6360/6360 6359/6359
f 6357/6357 6360/6360 6356/6356
f 6357/6357 6333/6333 6360/6360
f 6329/6329 6333/6333 6357/6357
f 6360/6360 6361/6361 6359/6359
f 6360/6360 6336/6336 6361/6361
f 6333/6333 6336/6336 6360/6360
f 6336/6336 6338/6338 6361/6361
f 6196/6196 6362/6362 6195/6195
f 6196/6196 6363/6363 6362/6362
f 6199/6199 6363/6363 6196/6196
f 6199/6199 6364/6364 6363/6363
f 6202/6202 6364/6364 6199/6199
f 6202/6202 6365/6365 6364/6364
f 6179/6179 6365/6365 6202/6202
f 6363/6363 6366/6366 6362/6362
f 6363/6363 6367/6367 6366/6366
f 6364/6364 6367/6367 6363/6363
f 6364/6364 6368/6368 6367/6367
f 6365/6365 6368/6368 6364/6364
f 6367/6367 6369/6369 6366/6366
f 6367/6367 6370/6370 6369/6369
f 6368/6368 6370/6370 6367/6367
f 6370/6370 6371/6371 6369/6369
f 6370/6370 6372/6372 6371/6371
f 6370/6370 6373/6373 6372/6372
f 6374/6374 6373/6373 6370/6370
f 6374/6374 6375/6375 6373/6373
f 6365/6365 6375/6375 6374/6374
f 6365/6365 6345/6345 6375/6375
f 6179/6179 6345/6345 6365/6365
f 6373/6373 6376/6376 6372/6372
f 6373/6373 6377/6377 6376/6376
f 6375/6375 6377/6377 6373/6373
f 6375/6375 6349/6349 6377/6377
f 6345/6345 6349/6349 6375/6375
f 6377/6377 6378/6378 6376/6376
f 6377/6377 6352/6352 6378/6378
f 6349/6349 6352/6352 6377/6377
f 6352/6352 6354/6354 6378/6378
f 6213/6213 6379/6379 6212/6212
f 6213/6213 6380/6380 6379/6379
f 6216/6216 6380/6380 6213/6213
f 6216/6216 6381/6381 6380/6380
f 6219/6219 6381/6381 6216/6216
f 6219/6219 6382/6382 6381/6381
f 6195/6195 6382/6382 6219/6219
f 6380/6380 6383/6383 6379/6379
f 6380/6380 6384/6384 6383/6383
f 6381/6381 6384/6384 6380/6380
f 6381/6381 6385/6385 6384/6384
f 6382/6382 6385/6385 6381/6381
f 6384/6384 6386/6386 6383/6383
f 6384/6384 6387/6387 6386/6386
f 6385/6385 6387/6387 6384/6384
f 6387/6387 6388/6388 6386/6386
f 6387/6387 6389/6389 6388/6388
f 6387/6387 6390/6390 6389/6389
f 6385/6385 6390/6390 6387/6387
f 6385/6385 6391/6391 6390/6390
f 6382/6382 6391/6391 6385/6385
f 6382/6382 6362/6362 6391/6391
f 6195/6195 6362/6362 6382/6382
f 6390/6390 6392/6392 6389/6389
f 6390/6390 6393/6393 6392/6392
f 6391/6391 6393/6393 6390/6390
f 6391/6391 6366/6366 6393/6393
f 6362/6362 6366/6366 6391/6391
f 6393/6393 6394/6394 6392/6392
f 6393/6393 6369/6369 6394/6394
f 6366/6366 6369/6369 6393/6393
f 6369/6369 6371/6371 6394/6394
f 6230/6230 6395/6395 6229/6229
f 6230/6230 6396/6396 6395/6395
f 6233/6233 6396/6396 6230/6230
f 6233/6233 6397/6397 6396/6396
f 6235/6235 6397/6397 6233/6233
f 6235/6235 6398/6398 6397/6397
f 6212/6212 6398/6398 6235/6235
f 6396/6396 6399/6399 6395/6395
f 6396/6396 6400/6400 6399/6399
f 6397/6397 6400/6400 6396/6396
f 6397/6397 6401/6401 6400/6400
f 6398/6398 6401/6401 6397/6397
f 6400/6400 6402/6402 6399/6399
f 6400/6400 6403/6403 6402/6402
f 6401/6401 6403/6403 6400/6400
f 6403/6403 6404/6404 6402/6402
f 6403/6403 6405/6405 6404/6404
f 6403/6403 6406/6406 6405/6405
f 6401/6401 6406/6406 6403/6403
f 6401/6401 6407/6407 6406/6406
f 6398/6398 6407/6407 6401/6401
f 6398/6398 6379/6379 6407/6407
f 6212/6212 6379/6379 6398/6398
f 6406/6406 6408/6408 6405/6405
f 6406/6406 6409/6409 6408/6408
f 6407/6407 6409/6409 6406/6406
f 6407/6407 6383/6383 6409/6409
f 6379/6379 6383/6383 6407/6407
f 6409/6409 6410/6410 6408/6408
f 6409/6409 6386/6386 6410/6410
f 6383/6383 6386/6386 6409/6409
f 6386/6386 6388/6388 6410/6410
f 6246/6246 6411/6411 6245/6245
f 6246/6246 6412/6412 6411/6411
f 6250/6250 6412/6412 6246/6246
f 6250/6250 6413/6413 6412/6412
f 6252/6252 6413/6413 6250/6250
f 6252/6252 6414/6414 6413/6413
f 6229/6229 6414/6414 6252/6252
f 6412/6412 6415/6415 6411/6411
f 6412/6412 6416/6416 6415/6415
f 6413/6413 6416/6416 6412/6412
f 6413/6413 6417/6417 6416/6416
f 6414/6414 6417/6417 6413/6413
f 6416/6416 6418/6418 6415/6415
f 6416/6416 6419/6419 6418/6418
f 6417/6417 6419/6419 6416/6416
f 6419/6419 6420/6420 6418/6418
f 6419/6419 6421/6421 6420/6420
f 6419/6419 6422/6422 6421/6421
f 6417/6417 6422/6422 6419/6419
f 6417/6417 6423/6423 6422/6422
f 6414/6414 6423/6423 6417/6417
f 6414/6414 6395/6395 6423/6423
f 6229/6229 6395/6395 6414/6414
f 6422/6422 6424/6424 6421/6421
f 6422/6422 6425/6425 6424/6424
f 6423/6423 6425/6425 6422/6422
f 6423/6423 6399/6399 6425/6425
f 6395/6395 6399/6399 6423/6423
f 6425/6425 6426/6426 6424/6424
f 6425/6425 6402/6402 6426/6426
f 6399/6399 6402/6402 6425/6425
f 6402/6402 6404/6404 6426/6426
f 6429/6429 6428/6428 6427/6427
f 6429/6429 6430/6430 6428/6428
f 6431/6431 6430/6430 6429/6429
f 6431/6431 6432/6432 6430/6430
f 6433/6433 6432/6432 6431/6431
f 6433/6433 6283/6283 6432/6432
f 6285/6285 6283/6283 6433/6433
f 6430/6430 6434/6434 6428/6428
f 6430/6430 6435/6435 6434/6434
f 6432/6432 6435/6435 6430/6430
f 6432/6432 6281/6281 6435/6435
f 6283/6283 6281/6281 6432/6432
f 6435/6435 6436/6436 6434/6434
f 6435/6435 6279/6279 6436/6436
f 6281/6281 6279/6279 6435/6435
f 6279/6279 6245/6245 6436/6436
f 6437/6437 6418/6418 6420/6420
f 6437/6437 6438/6438 6418/6418
f 6439/6439 6438/6438 6437/6437
f 6439/6439 6440/6440 6438/6438
f 6441/6441 6440/6440 6439/6439
f 6441/6441 6428/6428 6440/6440
f 6427/6427 6428/6428 6441/6441
f 6438/6438 6415/6415 6418/6418
f 6438/6438 6442/6442 6415/6415
f 6440/6440 6442/6442 6438/6438
f 6440/6440 6434/6434 6442/6442
f 6428/6428 6434/6434 6440/6440
f 6442/6442 6411/6411 6415/6415
f 6442/6442 6436/6436 6411/6411
f 6434/6434 6436/6436 6442/6442
f 6436/6436 6245/6245 6411/6411
f 6443/6443 6437/6437 6420/6420
f 6443/6443 6444/6444 6437/6437
f 6445/6445 6444/6444 6443/6443
f 6445/6445 6446/6446 6444/6444
f 6447/6447 6446/6446 6445/6445
f 6447/6447 6448/6448 6446/6446
f 6449/6449 6448/6448 6447/6447
f 6444/6444 6439/6439 6437/6437
f 6444/6444 6450/6450 6439/6439
f 6446/6446 6450/6450 6444/6444
f 6446/6446 6451/6451 6450/6450
f 6448/6448 6451/6451 6446/6446
f 6450/6450 6441/6441 6439/6439
f 6450/6450 6452/6452 6441/6441
f 6451/6451 6452/6452 6450/6450
f 6452/6452 6427/6427 6441/6441
f 6453/6453 6443/6443 6420/6420
f 6453/6453 6454/6454 6443/6443
f 6455/6455 6454/6454 6453/6453
f 6455/6455 6456/6456 6454/6454
f 6457/6457 6456/6456 6455/6455
f 6457/6457 6458/6458 6456/6456
f 6459/6459 6458/6458 6457/6457
f 6454/6454 6445/6445 6443/6443
f 6454/6454 6460/6460 6445/6445
f 6456/6456 6460/6460 6454/6454
f 6456/6456 6461/6461 6460/6460
f 6458/6458 6461/6461 6456/6456
f 6460/6460 6447/6447 6445/6445
f 6460/6460 6462/6462 6447/6447
f 6461/6461 6462/6462 6460/6460
f 6462/6462 6449/6449 6447/6447
f 6464/6464 6463/6463 6302/6302
f 6464/6464 6465/6465 6463/6463
f 6466/6466 6465/6465 6464/6464
f 6466/6466 6467/6467 6465/6465
f 6468/6468 6467/6467 6466/6466
f 6468/6468 6469/6469 6467/6467
f 6470/6470 6469/6469 6468/6468
f 6465/6465 6471/6471 6463/6463
f 6465/6465 6472/6472 6471/6471
f 6467/6467 6472/6472 6465/6465
f 6467/6467 6473/6473 6472/6472
f 6469/6469 6473/6473 6467/6467
f 6472/6472 6474/6474 6471/6471
f 6472/6472 6475/6475 6474/6474
f 6473/6473 6475/6475 6472/6472
f 6475/6475 6476/6476 6474/6474
f 6477/6477 6464/6464 6302/6302
f 6477/6477 6478/6478 6464/6464
f 6479/6479 6478/6478 6477/6477
f 6479/6479 6480/6480 6478/6478
f 6481/6481 6480/6480 6479/6479
f 6481/6481 6482/6482 6480/6480
f 6483/6483 6482/6482 6481/6481
f 6478/6478 6466/6466 6464/6464
f 6478/6478 6484/6484 6466/6466
f 6480/6480 6484/6484 6478/6478
f 6480/6480 6485/6485 6484/6484
f 6482/6482 6485/6485 6480/6480
f 6484/6484 6468/6468 6466/6466
f 6484/6484 6486/6486 6468/6468
f 6485/6485 6486/6486 6484/6484
f 6486/6486 6470/6470 6468/6468
f 6487/6487 6477/6477 6302/6302
f 6487/6487 6488/6488 6477/6477
f 6489/6489 6488/6488 6487/6487
f 6489/6489 6490/6490 6488/6488
f 6491/6491 6490/6490 6489/6489
f 6491/6491 6492/6492 6490/6490
f 6493/6493 6492/6492 6491/6491
f 6488/6488 6479/6479 6477/6477
f 6488/6488 6494/6494 6479/6479
f 6490/6490 6494/6494 6488/6488
f 6490/6490 6495/6495 6494/6494
f 6492/6492 6495/6495 6490/6490
f 6494/6494 6481/6481 6479/6479
f 6494/6494 6496/6496 6481/6481
f 6495/6495 6496/6496 6494/6494
f 6496/6496 6483/6483 6481/6481
f 6328/6328 6487/6487 6302/6302
f 6328/6328 6497/6497 6487/6487
f 6327/6327 6497/6497 6328/6328
f 6327/6327 6498/6498 6497/6497
f 6324/6324 6498/6498 6327/6327
f 6324/6324 6499/6499 6498/6498
f 6325/6325 6499/6499 6324/6324
f 6497/6497 6489/6489 6487/6487
f 6497/6497 6500/6500 6489/6489
f 6498/6498 6500/6500 6497/6497
f 6498/6498 6501/6501 6500/6500
f 6499/6499 6501/6501 6498/6498
f 6500/6500 6491/6491 6489/6489
f 6500/6500 6502/6502 6491/6491
f 6501/6501 6502/6502 6500/6500
f 6502/6502 6493/6493 6491/6491
f 6503/6503 6476/6476 6470/6470
f 6339/6339 6504/6504 6338/6338
f 6339/6339 6505/6505 6504/6504
f 6342/6342 6505/6505 6339/6339
f 6342/6342 6506/6506 6505/6505
f 6344/6344 6506/6506 6342/6342
f 6344/6344 6507/6507 6506/6506
f 6302/6302 6507/6507 6344/6344
f 6505/6505 6508/6508 6504/6504
f 6505/6505 6509/6509 6508/6508
f 6506/6506 6509/6509 6505/6505
f 6506/6506 6510/6510 6509/6509
f 6507/6507 6510/6510 6506/6506
f 6509/6509 6511/6511 6508/6508
f 6509/6509 6512/6512 6511/6511
f 6510/6510 6512/6512 6509/6509
f 6512/6512 6513/6513 6511/6511
f 6512/6512 6514/6514 6513/6513
f 6512/6512 6515/6515 6514/6514
f 6510/6510 6515/6515 6512/6512
f 6510/6510 6516/6516 6515/6515
f 6507/6507 6516/6516 6510/6510
f 6507/6507 6463/6463 6516/6516
f 6302/6302 6463/6463 6507/6507
f 6515/6515 6517/6517 6514/6514
f 6515/6515 6518/6518 6517/6517
f 6516/6516 6518/6518 6515/6515
f 6516/6516 6471/6471 6518/6518
f 6463/6463 6471/6471 6516/6516
f 6518/6518 6519/6519 6517/6517
f 6518/6518 6474/6474 6519/6519
f 6471/6471 6474/6474 6518/6518
f 6474/6474 6476/6476 6519/6519
f 6355/6355 6520/6520 6354/6354
f 6355/6355 6521/6521 6520/6520
f 6359/6359 6521/6521 6355/6355
f 6359/6359 6522/6522 6521/6521
f 6361/6361 6522/6522 6359/6359
f 6361/6361 6523/6523 6522/6522
f 6338/6338 6523/6523 6361/6361
f 6521/6521 6524/6524 6520/6520
f 6521/6521 6525/6525 6524/6524
f 6522/6522 6525/6525 6521/6521
f 6522/6522 6526/6526 6525/6525
f 6523/6523 6526/6526 6522/6522
f 6525/6525 6527/6527 6524/6524
f 6525/6525 6528/6528 6527/6527
f 6526/6526 6528/6528 6525/6525
f 6528/6528 6529/6529 6527/6527
f 6528/6528 6530/6530 6529/6529
f 6528/6528 6531/6531 6530/6530
f 6526/6526 6531/6531 6528/6528
f 6526/6526 6532/6532 6531/6531
f 6523/6523 6532/6532 6526/6526
f 6523/6523 6504/6504 6532/6532
f 6338/6338 6504/6504 6523/6523
f 6531/6531 6533/6533 6530/6530
f 6531/6531 6534/6534 6533/6533
f 6532/6532 6534/6534 6531/6531
f 6532/6532 6508/6508 6534/6534
f 6504/6504 6508/6508 6532/6532
f 6534/6534 6535/6535 6533/6533
f 6534/6534 6511/6511 6535/6535
f 6508/6508 6511/6511 6534/6534
f 6511/6511 6513/6513 6535/6535
f 6537/6537 6536/6536 6371/6371
f 6537/6537 6538/6538 6536/6536
f 6376/6376 6538/6538 6537/6537
f 6376/6376 6539/6539 6538/6538
f 6378/6378 6539/6539 6376/6376
f 6378/6378 6540/6540 6539/6539
f 6354/6354 6540/6540 6378/6378
f 6538/6538 6541/6541 6536/6536
f 6538/6538 6542/6542 6541/6541
f 6539/6539 6542/6542 6538/6538
f 6539/6539 6543/6543 6542/6542
f 6540/6540 6543/6543 6539/6539
f 6542/6542 6544/6544 6541/6541
f 6542/6542 6545/6545 6544/6544
f 6543/6543 6545/6545 6542/6542
f 6545/6545 6546/6546 6544/6544
f 6545/6545 6547/6547 6546/6546
f 6545/6545 6548/6548 6547/6547
f 6543/6543 6548/6548 6545/6545
f 6543/6543 6549/6549 6548/6548
f 6540/6540 6549/6549 6543/6543
f 6540/6540 6520/6520 6549/6549
f 6354/6354 6520/6520 6540/6540
f 6548/6548 6550/6550 6547/6547
f 6548/6548 6551/6551 6550/6550
f 6549/6549 6551/6551 6548/6548
f 6549/6549 6552/6552 6551/6551
f 6520/6520 6552/6552 6549/6549
f 6551/6551 6553/6553 6550/6550
f 6551/6551 6527/6527 6553/6553
f 6552/6552 6527/6527 6551/6551
f 6527/6527 6529/6529 6553/6553
f 6389/6389 6554/6554 6388/6388
f 6389/6389 6555/6555 6554/6554
f 6392/6392 6555/6555 6389/6389
f 6392/6392 6556/6556 6555/6555
f 6394/6394 6556/6556 6392/6392
f 6394/6394 6557/6557 6556/6556
f 6371/6371 6557/6557 6394/6394
f 6555/6555 6558/6558 6554/6554
f 6555/6555 6559/6559 6558/6558
f 6556/6556 6559/6559 6555/6555
f 6556/6556 6560/6560 6559/6559
f 6557/6557 6560/6560 6556/6556
f 6559/6559 6561/6561 6558/6558
f 6559/6559 6562/6562 6561/6561
f 6560/6560 6562/6562 6559/6559
f 6562/6562 6563/6563 6561/6561
f 6562/6562 6564/6564 6563/6563
f 6562/6562 6565/6565 6564/6564
f 6560/6560 6565/6565 6562/6562
f 6560/6560 6566/6566 6565/6565
f 6557/6557 6566/6566 6560/6560
f 6557/6557 6536/6536 6566/6566
f 6371/6371 6536/6536 6557/6557
f 6565/6565 6567/6567 6564/6564
f 6565/6565 6568/6568 6567/6567
f 6566/6566 6568/6568 6565/6565
f 6566/6566 6541/6541 6568/6568
f 6536/6536 6541/6541 6566/6566
f 6568/6568 6569/6569 6567/6567
f 6568/6568 6544/6544 6569/6569
f 6541/6541 6544/6544 6568/6568
f 6544/6544 6546/6546 6569/6569
f 6405/6405 6570/6570 6404/6404
f 6405/6405 6571/6571 6570/6570
f 6408/6408 6571/6571 6405/6405
f 6408/6408 6572/6572 6571/6571
f 6410/6410 6572/6572 6408/6408
f 6410/6410 6573/6573 6572/6572
f 6388/6388 6573/6573 6410/6410
f 6571/6571 6574/6574 6570/6570
f 6571/6571 6575/6575 6574/6574
f 6572/6572 6575/6575 6571/6571
f 6572/6572 6576/6576 6575/6575
f 6573/6573 6576/6576 6572/6572
f 6575/6575 6577/6577 6574/6574
f 6575/6575 6578/6578 6577/6577
f 6576/6576 6578/6578 6575/6575
f 6578/6578 6579/6579 6577/6577
f 6578/6578 6580/6580 6579/6579
f 6578/6578 6581/6581 6580/6580
f 6576/6576 6581/6581 6578/6578
f 6576/6576 6582/6582 6581/6581
f 6573/6573 6582/6582 6576/6576
f 6573/6573 6554/6554 6582/6582
f 6388/6388 6554/6554 6573/6573
f 6581/6581 6583/6583 6580/6580
f 6581/6581 6584/6584 6583/6583
f 6582/6582 6584/6584 6581/6581
f 6582/6582 6558/6558 6584/6584
f 6554/6554 6558/6558 6582/6582
f 6584/6584 6585/6585 6583/6583
f 6584/6584 6561/6561 6585/6585
f 6558/6558 6561/6561 6584/6584
f 6561/6561 6563/6563 6585/6585
f 6586/6586 6426/6426 6404/6404
f 6586/6586 6587/6587 6426/6426
f 6588/6588 6587/6587 6586/6586
f 6588/6588 6589/6589 6587/6587
f 6590/6590 6589/6589 6588/6588
f 6590/6590 6591/6591 6589/6589
f 6592/6592 6591/6591 6590/6590
f 6587/6587 6424/6424 6426/6426
f 6587/6587 6593/6593 6424/6424
f 6589/6589 6593/6593 6587/6587
f 6589/6589 6594/6594 6593/6593
f 6591/6591 6594/6594 6589/6589
f 6593/6593 6421/6421 6424/6424
f 6593/6593 6595/6595 6421/6421
f 6594/6594 6595/6595 6593/6593
f 6595/6595 6420/6420 6421/6421
f 6596/6596 6586/6586 6404/6404
f 6596/6596 6597/6597 6586/6586
f 6598/6598 6597/6597 6596/6596
f 6598/6598 6599/6599 6597/6597
f 6600/6600 6599/6599 6598/6598
f 6600/6600 6601/6601 6599/6599
f 6602/6602 6601/6601 6600/6600
f 6597/6597 6588/6588 6586/6586
f 6597/6597 6603/6603 6588/6588
f 6599/6599 6603/6603 6597/6597
f 6599/6599 6604/6604 6603/6603
f 6601/6601 6604/6604 6599/6599
f 6603/6603 6590/6590 6588/6588
f 6603/6603 6605/6605 6590/6590
f 6604/6604 6605/6605 6603/6603
f 6605/6605 6592/6592 6590/6590
f 6606/6606 6577/6577 6579/6579
f 6606/6606 6607/6607 6577/6577
f 6608/6608 6607/6607 6606/6606
f 6608/6608 6609/6609 6607/6607
f 6610/6610 6609/6609 6608/6608
f 6610/6610 6600/6600 6609/6609
f 6602/6602 6600/6600 6610/6610
f 6607/6607 6574/6574 6577/6577
f 6607/6607 6611/6611 6574/6574
f 6609/6609 6611/6611 6607/6607
f 6609/6609 6598/6598 6611/6611
f 6600/6600 6598/6598 6609/6609
f 6611/6611 6570/6570 6574/6574
f 6611/6611 6596/6596 6570/6570
f 6598/6598 6596/6596 6611/6611
f 6596/6596 6404/6404 6570/6570
f 6612/6612 6602/6602 6579/6579
f 6615/6615 6614/6614 6613/6613
f 6615/6615 6616/6616 6614/6614
f 6617/6617 6616/6616 6615/6615
f 6617/6617 6618/6618 6616/6616
f 6619/6619 6618/6618 6617/6617
f 6619/6619 6457/6457 6618/6618
f 6459/6459 6457/6457 6619/6619
f 6616/6616 6620/6620 6614/6614
f 6616/6616 6621/6621 6620/6620
f 6618/6618 6621/6621 6616/6616
f 6618/6618 6455/6455 6621/6621
f 6457/6457 6455/6455 6618/6618
f 6621/6621 6622/6622 6620/6620
f 6621/6621 6453/6453 6622/6622
f 6455/6455 6453/6453 6621/6621
f 6453/6453 6420/6420 6622/6622
f 6623/6623 6591/6591 6592/6592
f 6623/6623 6624/6624 6591/6591
f 6625/6625 6624/6624 6623/6623
f 6625/6625 6626/6626 6624/6624
f 6627/6627 6626/6626 6625/6625
f 6627/6627 6614/6614 6626/6626
f 6613/6613 6614/6614 6627/6627
f 6624/6624 6594/6594 6591/6591
f 6624/6624 6628/6628 6594/6594
f 6626/6626 6628/6628 6624/6624
f 6626/6626 6620/6620 6628/6628
f 6614/6614 6620/6620 6626/6626
f 6628/6628 6595/6595 6594/6594
f 6628/6628 6622/6622 6595/6595
f 6620/6620 6622/6622 6628/6628
f 6622/6622 6420/6420 6595/6595
f 6630/6630 6629/6629 6476/6476
f 6631/6631 6630/6630 6476/6476
f 6503/6503 6631/6631 6476/6476
f 6632/6632 6629/6629 6630/6630
f 6633/6633 6632/6632 6630/6630
f 6476/6476 6634/6634 6513/6513
f 6476/6476 6629/6629 6634/6634
f 6513/6513 6635/6635 6529/6529
f 6513/6513 6634/6634 6635/6635
f 6529/6529 6636/6636 6546/6546
f 6529/6529 6635/6635 6636/6636
f 6546/6546 6637/6637 6563/6563
f 6546/6546 6636/6636 6637/6637
f 6563/6563 6638/6638 6579/6579
f 6563/6563 6637/6637 6638/6638
f 6639/6639 6612/6612 6579/6579
f 6640/6640 6639/6639 6579/6579
f 6640/6640 6579/6579 6638/6638
f 6641/6641 6640/6640 6638/6638
