# OSM contributors ODbL; elevations USGS 3DEP
# Centimeters, Z up, OBJ Y = negative source ENU Y. Apply source-to-world placement.
o EastsideTrail_Concrete_7_9
v 30522.478658 55557.964314 238.624488
v 30522.478658 55498.029823 238.156250
v 30498.175755 55522.332726 238.441050
v 30481.599701 55498.029823 238.156250
v 30455.811991 55460.221292 237.270113
v 30455.811991 55431.363156 236.593750
v 30444.110274 55443.064874 236.548040
v 30436.128993 55431.363156 236.363090
v 30522.478658 55431.363156 237.114583
v 30471.143014 55482.698800 237.916703
v 30474.362807 55487.419483 237.990463
v 30455.811991 55364.696489 235.812500
v 30417.077533 55403.430948 235.812500
v 30390.658284 55364.696489 236.321513
v 30399.276122 55377.331493 236.155476
v 30522.478658 55364.696489 236.333333
v 30389.145325 55362.478271 236.307339
v 30389.145325 55298.029823 235.552083
v 30363.012052 55324.163095 236.266665
v 30345.187575 55298.029823 236.582343
v 30455.811991 55298.029823 235.291667
v 30390.044792 55363.797021 236.319279
v 30522.478658 55298.029823 235.031250
v 30322.478658 55264.735250 235.944071
v 30322.478658 55231.363156 234.770833
v 30308.946571 55244.895243 235.193711
v 30299.716867 55231.363156 234.948660
v 30389.145325 55231.363156 234.510417
v 30335.979311 55284.529169 236.587214
v 30324.189438 55267.243502 236.025569
v 30455.811991 55231.363156 234.250000
v 30522.478658 55231.363156 232.947917
v 30255.811991 55166.992228 233.782973
v 30255.811991 55164.696489 233.729167
v 30254.881090 55165.627391 233.721894
v 30254.246158 55164.696489 233.716934
v 30322.478658 55164.696489 232.947917
v 30281.913830 55205.261317 234.374024
v 30286.646096 55212.199506 234.526769
v 30389.145325 55164.696489 233.208333
v 30455.811991 55164.696489 232.427083
v 30522.478658 55164.696489 230.083333
v 30255.811991 55098.029823 231.906250
v 30227.848349 55125.993465 232.452415
v 30249.102754 55157.155511 233.470552
v 30208.775450 55098.029823 232.089986
v 30211.559412 55102.111516 232.142888
v 30322.478658 55098.029823 231.906250
v 30389.145325 55098.029823 231.645833
v 30455.811991 55098.029823 230.083333
v 30522.478658 55098.029823 226.958333
v 30189.145325 55069.249207 231.716970
v 30189.145325 55031.363156 231.125000
v 30173.782868 55046.725613 231.004981
v 30163.304741 55031.363156 230.923120
v 30255.811991 55031.363156 230.604167
v 30200.815609 55086.359539 231.893144
v 30322.478658 55031.363156 230.864583
v 30389.145325 55031.363156 229.562500
v 30455.811991 55031.363156 226.697917
v 30522.478658 55031.363156 225.916667
v 30122.478658 54971.506185 228.967453
v 30122.478658 54964.696489 228.781250
v 30119.717387 54967.457760 228.748891
v 30117.834033 54964.696489 228.690535
v 30189.145325 54964.696489 229.562500
v 30146.750127 55007.091687 230.224925
v 30136.472727 54992.023525 229.692467
v 30255.811991 54964.696489 229.562500
v 30322.478658 54964.696489 229.041667
v 30389.145325 54964.696489 226.437500
v 30455.811991 54964.696489 224.093750
v 30522.478658 54990.058329 227.852830
v 30513.465668 54976.843976 228.577874
v 30512.194657 54974.980490 228.680120
v 30505.180346 54964.696489 227.757808
v 30122.478658 54898.029823 226.958333
v 30092.684646 54927.823834 227.191099
v 30098.929385 54936.979529 227.563418
v 30072.363324 54898.029823 226.762570
v 30189.145325 54898.029823 228.000000
v 30255.811991 54898.029823 228.260417
v 30322.478658 54898.029823 226.177083
v 30389.145325 54898.029823 222.270833
v 30455.811991 54898.029823 224.093750
v 30485.161917 54935.346564 229.596861
v 30475.922326 54921.799980 227.864438
v 30459.709637 54898.029823 224.824559
v 30055.811991 54873.763164 226.413542
v 30055.811991 54831.363156 225.916667
v 30038.619165 54848.555982 226.050986
v 30026.892615 54831.363156 226.029633
v 30122.478658 54831.363156 226.437500
v 30065.651906 54888.189908 226.659480
v 30061.386043 54881.935534 226.552859
v 30189.145325 54831.363156 226.958333
v 30255.811991 54831.363156 225.656250
v 30322.478658 54831.363156 222.270833
v 30389.145325 54831.363156 219.927083
v 30455.811991 54892.315308 224.473230
v 30438.378983 54866.755985 225.693844
v 30431.096436 54856.078712 226.203750
v 30414.238928 54831.363156 223.161806
v 30458.129176 54895.712638 224.863128
v 29989.145325 54764.696489 225.135417
v 29984.553684 54769.288130 225.135417
v 29986.299359 54771.847543 225.202684
v 29989.145325 54776.020142 225.312349
v 29981.421907 54764.696489 225.044908
v 30055.811991 54764.696489 225.135417
v 30011.586425 54808.922056 225.826441
v 30023.842701 54826.891539 225.989145
v 30122.478658 54764.696489 225.395833
v 30189.145325 54764.696489 225.135417
v 30255.811991 54764.696489 222.791667
v 30322.478658 54764.696489 219.145833
v 30389.145325 54794.572286 220.933084
v 30377.030955 54776.810859 221.844644
v 30368.768220 54764.696489 220.954019
v 30404.063695 54816.444785 223.948050
v 30400.835641 54811.711989 223.295668
v 29989.145325 54698.029823 223.833333
v 29957.520943 54729.654204 224.080399
v 29935.951198 54698.029823 223.625544
v 30055.811991 54698.029823 223.833333
v 30122.478658 54698.029823 223.833333
v 30189.145325 54698.029823 222.010417
v 30255.811991 54698.029823 218.104167
v 30322.478658 54698.029823 218.104167
v 30349.998214 54737.176933 223.875757
v 30325.748957 54701.623999 218.773507
v 30323.297511 54698.029823 218.257702
v 29922.478658 54678.277121 223.418599
v 29922.478658 54631.363156 223.052083
v 29903.455462 54650.386352 222.977774
v 29890.480490 54631.363156 222.677105
v 29989.145325 54631.363156 222.791667
v 29930.488203 54690.020278 223.479055
v 30055.811991 54631.363156 222.531250
v 30122.478658 54631.363156 221.489583
v 30189.145325 54631.363156 218.625000
v 30255.811991 54631.363156 216.281250
v 30322.478658 54696.829265 218.221409
v 30295.932733 54657.909081 222.022208
v 30288.205615 54646.580003 220.746539
v 30277.826803 54631.363156 219.033101
v 30322.965474 54697.543007 218.298132
v 29855.811991 54580.534100 222.072282
v 29855.811991 54564.696489 222.010417
v 29849.389981 54571.118499 221.985331
v 29845.009781 54564.696489 221.883828
v 29922.478658 54564.696489 221.750000
v 29876.422722 54610.752426 222.109812
v 29873.669333 54606.715557 222.104798
v 29989.145325 54564.696489 221.489583
v 30055.811991 54564.696489 220.708333
v 30122.478658 54564.696489 218.104167
v 30189.145325 54564.696489 214.197917
v 30255.811991 54599.086243 217.037740
v 30250.662273 54591.536008 217.395744
v 30241.867252 54578.641229 218.007165
v 30232.356094 54564.696489 216.561006
v 30268.899992 54618.275155 219.962250
v 29855.811991 54498.029823 220.447917
v 29822.357241 54531.484573 220.839965
v 29836.125991 54551.671562 221.474450
v 29799.539072 54498.029823 220.447917
v 29922.478658 54498.029823 219.927083
v 29989.145325 54498.029823 219.666667
v 30055.811991 54498.029823 218.104167
v 30122.478658 54498.029823 214.197917
v 30189.145325 54501.343222 213.950443
v 30187.801771 54499.373377 214.021472
v 30186.885385 54498.029823 213.946328
v 30214.834511 54539.007303 218.713594
v 30213.118931 54536.492012 218.395500
v 29789.145325 54482.791078 220.090759
v 29789.145325 54431.363156 218.885417
v 29768.291760 54452.216721 219.292713
v 29754.068364 54431.363156 218.748397
v 29855.811991 54431.363156 218.885417
v 29795.324500 54491.850647 220.303092
v 29798.582648 54496.627566 220.415051
v 29922.478658 54431.363156 218.364583
v 29989.145325 54431.363156 217.583333
v 30055.811991 54431.363156 214.718750
v 30122.478658 54431.363156 211.072917
v 30160.769030 54459.739451 216.591065
v 30141.414677 54431.363156 213.144044
v 29722.478658 54384.993595 217.719345
v 29722.478658 54364.696489 217.322917
v 29714.557778 54372.617370 217.508562
v 29720.579167 54382.106977 217.670385
v 29709.531784 54364.696489 217.373490
v 29789.145325 54364.696489 217.583333
v 29741.259019 54412.582795 218.331557
v 29723.495964 54386.539575 217.753513
v 29855.811991 54364.696489 217.322917
v 29922.478658 54364.696489 216.541667
v 29989.145325 54364.696489 214.458333
v 30055.811991 54364.696489 211.333333
v 30122.478658 54403.600201 211.398264
v 30106.703549 54380.471598 212.532003
v 30100.488904 54371.360026 212.020754
v 30095.943968 54364.696489 211.646864
v 30138.032247 54426.404022 213.297124
v 30133.736290 54420.105524 213.491548
v 29722.478658 54298.029823 216.281250
v 29688.677689 54331.830792 216.941425
v 29668.019988 54298.029823 216.493979
v 29683.071317 54322.925331 216.824177
v 29684.894490 54325.868533 216.863043
v 29789.145325 54298.029823 216.281250
v 29855.811991 54298.029823 215.760417
v 29922.478658 54298.029823 213.937500
v 29989.145325 54298.029823 210.031250
v 30055.811991 54305.857179 209.034923
v 30052.638068 54301.203746 209.001926
v 30050.473260 54298.029823 208.833439
v 30079.670808 54340.837672 213.942891
v 30062.945562 54316.316031 210.502361
v 29655.811991 54277.837300 216.147281
v 29655.811991 54231.363156 215.239583
v 29638.301278 54248.873869 215.513188
v 29627.714649 54231.363156 215.020073
v 29722.478658 54231.363156 214.979167
v 29663.420211 54290.421603 216.363349
v 29789.145325 54231.363156 214.718750
v 29855.811991 54231.363156 213.416667
v 29922.478658 54231.363156 210.031250
v 29989.145325 54231.363156 206.906250
v 30025.605327 54261.569820 212.167578
v 30025.402220 54261.272035 212.132198
v 30005.002551 54231.363156 208.578692
v 29589.145325 54167.567927 214.220350
v 29589.145325 54164.696489 214.197917
v 29588.063413 54165.778401 214.189464
v 29587.409311 54164.696489 214.197917
v 29655.811991 54164.696489 214.197917
v 29613.182345 54207.326135 214.530961
v 29614.127605 54208.889633 214.562775
v 29722.478658 54164.696489 213.677083
v 29789.145325 54164.696489 212.895833
v 29855.811991 54164.696489 211.072917
v 29922.478658 54164.696489 206.645833
v 29989.145325 54208.091234 207.360780
v 29972.299427 54181.542387 208.668963
v 29961.610290 54164.696489 207.562981
v 29998.572587 54221.935894 209.520842
v 29989.354032 54208.420153 207.408163
v 29589.145325 54098.029823 213.416667
v 29562.944480 54124.230667 213.723708
v 29579.655749 54151.871784 214.047627
v 29547.103972 54098.029823 213.745115
v 29655.811991 54098.029823 212.895833
v 29722.478658 54098.029823 211.854167
v 29789.145325 54098.029823 210.552083
v 29855.811991 54098.029823 207.947917
v 29922.478658 54100.407662 206.896962
v 29922.442314 54100.347547 206.899610
v 29921.582726 54098.925755 206.962246
v 29921.041064 54098.029823 206.928712
v 29956.018506 54155.883932 208.705613
v 29946.701659 54140.473489 210.714540
v 29522.478658 54057.271500 212.663802
v 29522.478658 54031.363156 211.854167
v 29512.721190 54041.120624 212.082857
v 29506.827513 54031.363156 211.854167
v 29510.703831 54037.781428 212.004595
v 29589.145325 54031.363156 211.593750
v 29537.828850 54082.679631 213.397845
v 29545.183893 54094.853935 213.673275
v 29655.811991 54031.363156 211.333333
v 29722.478658 54031.363156 210.031250
v 29789.145325 54031.363156 207.166667
v 29855.811991 54031.363156 204.041667
v 29896.463794 54057.378020 209.853470
v 29887.970458 54043.329698 208.134545
v 29880.735725 54031.363156 206.670342
v 29522.478658 53964.696489 210.031250
v 29487.618163 53999.556985 210.984467
v 29466.564153 53964.696489 210.468082
v 29476.246502 53980.728186 210.705558
v 29589.145325 53964.696489 209.770833
v 29655.811991 53964.696489 209.250000
v 29722.478658 53964.696489 207.427083
v 29789.145325 53964.696489 204.822917
v 29855.811991 53990.138289 205.652013
v 29853.498602 53986.311849 205.909923
v 29846.225928 53974.282552 206.720724
v 29840.430386 53964.696489 206.225243
v 29871.344861 54015.830286 208.106910
v 29455.811991 53946.893435 210.273911
v 29455.811991 53898.029823 209.510417
v 29437.412920 53916.428894 209.726031
v 29426.300794 53898.029823 209.740973
v 29522.478658 53898.029823 208.729167
v 29462.515541 53957.992939 210.368783
v 29589.145325 53898.029823 208.468750
v 29655.811991 53898.029823 207.166667
v 29722.478658 53898.029823 204.041667
v 29789.145325 53898.029823 202.739583
v 29821.106996 53932.734818 209.067826
v 29819.039946 53929.315833 208.621857
v 29800.138668 53898.029823 204.543179
v 29389.145325 53836.509092 209.069989
v 29389.145325 53831.363156 208.989583
v 29387.207678 53833.300803 208.997152
v 29386.037435 53831.363156 208.977443
v 29455.811991 53831.363156 208.468750
v 29412.310299 53874.864848 209.488321
v 29407.355399 53866.660698 209.398841
v 29522.478658 53831.363156 207.687500
v 29589.145325 53831.363156 206.906250
v 29655.811991 53831.363156 204.302083
v 29722.478658 53831.363156 200.656250
v 29789.145325 53879.833282 203.166065
v 29784.605357 53872.318580 203.430862
v 29770.893506 53849.614974 204.230787
v 29759.870314 53831.363156 202.701106
v 29795.998412 53891.176735 204.667014
v 29389.145325 53764.696489 207.427083
v 29362.105056 53791.736758 207.955214
v 29372.909847 53809.626954 208.416721
v 29345.774076 53764.696489 207.765921
v 29455.811991 53764.696489 206.906250
v 29522.478658 53764.696489 206.125000
v 29589.145325 53764.696489 204.302083
v 29655.811991 53764.696489 201.437500
v 29722.478658 53769.451356 201.139936
v 29720.688264 53766.486883 201.261008
v 29719.606955 53764.696489 201.188301
v 29745.790885 53808.050929 204.663039
v 29322.478658 53726.124748 207.194562
v 29322.478658 53698.029823 206.645833
v 29311.899814 53708.608667 206.893775
v 29305.510717 53698.029823 206.645833
v 29389.145325 53698.029823 206.125000
v 29337.002435 53750.172712 207.550782
v 29338.464296 53752.593210 207.586637
v 29455.811991 53698.029823 205.604167
v 29522.478658 53698.029823 204.041667
v 29589.145325 53698.029823 202.218750
v 29655.811991 53698.029823 202.218750
v 29715.720142 53758.260841 201.957661
v 29695.585643 53724.922838 205.943109
v 29681.274591 53701.227097 204.767327
v 29679.343596 53698.029823 204.608679
v 29322.478658 53631.363156 204.822917
v 29286.797193 53667.044621 205.798582
v 29304.018744 53695.559466 206.578285
v 29265.247358 53631.363156 205.270036
v 29389.145325 53631.363156 204.562500
v 29455.811991 53631.363156 203.781250
v 29522.478658 53631.363156 201.697917
v 29589.145325 53631.363156 199.875000
v 29655.811991 53659.067012 203.740735
v 29646.829039 53644.193353 204.321737
v 29645.380400 53641.794747 204.415433
v 29639.080237 53631.363156 203.581107
v 29670.483021 53683.358793 205.714581
v 29255.811991 53615.740404 204.977592
v 29255.811991 53564.696489 203.781250
v 29236.591950 53583.916530 204.156641
v 29224.983999 53564.696489 203.781250
v 29235.127641 53581.491978 204.109287
v 29322.478658 53564.696489 203.260417
v 29261.694572 53625.480576 205.159919
v 29389.145325 53564.696489 202.739583
v 29455.811991 53564.696489 201.437500
v 29522.478658 53564.696489 198.312500
v 29589.145325 53564.696489 197.531250
v 29620.277779 53600.230702 203.766557
v 29612.383488 53587.159609 202.042706
v 29598.816878 53564.696489 199.080210
v 29189.145325 53505.356061 202.854056
v 29189.145325 53498.029823 202.739583
v 29186.386708 53500.788439 202.804238
v 29184.720640 53498.029823 202.756867
v 29255.811991 53498.029823 202.479167
v 29211.489329 53542.352485 203.344844
v 29200.682090 53524.458234 203.107462
v 29322.478658 53498.029823 201.697917
v 29389.145325 53498.029823 200.916667
v 29455.811991 53498.029823 198.572917
v 29522.478658 53498.029823 194.927083
v 29589.145325 53548.682668 197.969128
v 29577.937936 53530.125865 198.607877
v 29570.072537 53517.102611 199.056154
v 29558.553519 53498.029823 197.322680
v 29595.175158 53558.666656 199.203587
v 29189.145325 53431.363156 201.697917
v 29161.284087 53459.224394 202.242081
v 29166.236538 53467.424491 202.350862
v 29144.457282 53431.363156 201.697917
v 29255.811991 53431.363156 200.916667
v 29322.478658 53431.363156 200.395833
v 29389.145325 53431.363156 198.572917
v 29455.811991 53431.363156 194.927083
v 29522.478658 53438.298325 193.993779
v 29519.867294 53433.974520 194.069028
v 29518.290160 53431.363156 193.950862
v 29544.969915 53475.538565 198.880625
v 29543.492385 53473.092121 198.559590
v 29122.478658 53394.971717 200.987146
v 29122.478658 53364.696489 200.395833
v 29111.078844 53376.096303 200.707547
v 29104.193923 53364.696489 200.395833
v 29189.145325 53364.696489 200.135417
v 29136.181466 53417.660348 201.376757
v 29131.790987 53410.390747 201.251923
v 29255.811991 53364.696489 199.354167
v 29322.478658 53364.696489 198.312500
v 29389.145325 53364.696489 194.927083
v 29455.811991 53364.696489 190.760417
v 29494.764673 53392.410474 195.383560
v 29478.026801 53364.696489 192.409172
v 29122.478658 53298.029823 198.833333
v 29085.976223 53334.532257 199.688859
v 29097.345435 53353.357003 200.130064
v 29063.930564 53298.029823 198.833333
v 29189.145325 53298.029823 198.572917
v 29255.811991 53298.029823 197.791667
v 29322.478658 53298.029823 195.708333
v 29389.145325 53298.029823 190.760417
v 29455.811991 53327.913981 189.754645
v 29444.559431 53309.282383 189.948472
v 29440.155730 53301.990890 189.613168
v 29437.763442 53298.029823 189.431015
v 29469.662052 53350.846429 193.140896
v 29055.811991 53284.587373 198.623295
v 29055.811991 53231.363156 197.791667
v 29035.770981 53251.404166 198.183093
v 29023.667205 53231.363156 197.917232
v 29122.478658 53231.363156 197.270833
v 29060.873602 53292.968212 198.714702
v 29062.899884 53296.323259 198.793336
v 29189.145325 53231.363156 197.270833
v 29255.811991 53231.363156 195.968750
v 29322.478658 53231.363156 193.885417
v 29389.145325 53231.363156 191.020833
v 29419.456809 53267.718338 193.010097
v 29405.710179 53244.957146 192.132448
v 29397.500083 53231.363156 191.608277
v 28989.145325 53174.203030 196.935675
v 28989.145325 53164.696489 196.750000
v 28985.565738 53168.276076 196.875845
v 28983.403846 53164.696489 196.772428
v 29055.811991 53164.696489 196.489583
v 29010.668360 53209.840121 197.547637
v 28994.008781 53182.255771 197.073957
v 29122.478658 53164.696489 196.229167
v 29189.145325 53164.696489 195.447917
v 29255.811991 53164.696489 193.885417
v 29322.478658 53164.696489 193.625000
v 29389.145325 53217.529638 192.263689
v 29371.264627 53187.923402 195.691935
v 29369.251567 53184.590247 196.077897
v 29357.236725 53164.696489 195.390058
v 29394.354188 53226.154292 192.302702
v 28989.145325 53098.029823 194.927083
v 28960.463117 53126.712030 195.823402
v 28943.140487 53098.029823 194.927083
v 28959.563229 53125.222027 195.776840
v 29055.811991 53098.029823 194.927083
v 29122.478658 53098.029823 194.406250
v 29189.145325 53098.029823 193.364583
v 29255.811991 53098.029823 191.541667
v 29322.478658 53107.145294 193.849809
v 29319.046325 53101.462156 193.885417
v 29316.973366 53098.029823 193.691871
v 29344.148946 53143.026201 196.926333
v 28922.478658 53063.818686 194.258897
v 28922.478658 53031.363156 193.625000
v 28910.257875 53043.583939 194.102374
v 28902.877128 53031.363156 193.701568
v 28989.145325 53031.363156 193.885417
v 28935.360496 53085.147985 194.725805
v 28925.117678 53068.188283 194.354549
v 29055.811991 53031.363156 193.364583
v 29122.478658 53031.363156 192.583333
v 29189.145325 53031.363156 191.020833
v 29255.811991 53031.363156 191.541667
v 29302.373524 53073.855914 194.122889
v 29293.943703 53059.898110 194.371755
v 29276.710007 53031.363156 193.092691
v 28922.478658 52964.696489 192.322917
v 28885.155254 53002.019894 193.197684
v 28890.672126 53011.154539 193.354545
v 28862.613769 52964.696489 192.322917
v 28989.145325 52964.696489 192.583333
v 29055.811991 52964.696489 191.802083
v 29122.478658 52964.696489 190.239583
v 29189.145325 52964.696489 189.458333
v 29255.811991 52996.760950 193.028480
v 29243.738461 52976.770020 193.793141
v 29236.446648 52964.696489 192.968978
v 29268.841082 53018.334065 194.188201
v 29267.927973 53016.822170 194.106925
v 28855.811991 52953.388647 192.146232
v 28855.811991 52898.029823 191.281250
v 28836.472364 52917.369450 191.885613
v 28851.799419 52946.302502 192.098207
v 28826.227351 52898.029823 191.512380
v 28922.478658 52898.029823 191.281250
v 28860.052632 52960.455848 192.256657
v 28856.226575 52954.120795 192.157671
v 28989.145325 52898.029823 191.020833
v 29055.811991 52898.029823 189.979167
v 29122.478658 52898.029823 187.895833
v 29189.145325 52898.029823 187.895833
v 29218.635840 52935.205974 192.799056
v 29199.036870 52902.754682 189.358932
v 29196.183289 52898.029823 188.858055
v 28855.811991 52831.363156 190.239583
v 28813.825217 52873.349930 191.223648
v 28817.018793 52880.202015 191.305762
v 28820.654292 52887.509497 191.391539
v 28794.256296 52831.363156 190.480035
v 28922.478658 52831.363156 190.239583
v 28989.145325 52831.363156 189.458333
v 29055.811991 52831.363156 187.635417
v 29122.478658 52831.363156 184.250000
v 29189.145325 52886.376607 187.668231
v 29168.430598 52852.077883 186.998335
v 29164.591318 52845.720938 186.515714
v 29155.919930 52831.363156 185.425670
v 29193.533219 52893.641929 188.838545
v 28789.145325 52820.397137 190.328656
v 28789.145325 52764.696489 189.458333
v 28771.437757 52782.404057 190.011695
v 28763.184730 52764.696489 189.762559
v 28855.811991 52764.696489 189.197917
v 28792.631487 52827.876993 190.431911
v 28922.478658 52764.696489 188.937500
v 28989.145325 52764.696489 187.635417
v 29055.811991 52764.696489 185.552083
v 29122.478658 52773.675009 183.123278
v 29119.369441 52767.805706 183.166533
v 29117.722359 52764.696489 183.133710
v 29143.327976 52810.513838 185.797410
v 29132.469146 52792.534165 184.428230
v 28789.145325 52698.029823 188.156250
v 28750.244027 52736.931120 189.371916
v 28760.725267 52759.419505 189.688315
v 28732.113164 52698.029823 188.601814
v 28732.578505 52699.028250 188.621579
v 28855.811991 52698.029823 187.635417
v 28922.478658 52698.029823 187.114583
v 28989.145325 52698.029823 185.812500
v 29055.811991 52698.029823 184.250000
v 29105.338767 52741.319845 184.530594
v 29097.025485 52723.482996 185.552083
v 29085.162436 52698.029823 184.823251
v 28722.478658 52677.358176 188.273340
v 28722.478658 52631.363156 187.375000
v 28707.856567 52645.985247 187.889058
v 28701.041599 52631.363156 187.542477
v 28789.145325 52631.363156 186.854167
v 28729.050297 52691.458183 188.497390
v 28855.811991 52631.363156 186.072917
v 28922.478658 52631.363156 185.291667
v 28989.145325 52631.363156 183.468750
v 29055.811991 52635.055967 182.528059
v 29054.638025 52632.537123 182.486699
v 29054.090870 52631.363156 182.453976
v 29078.916532 52684.628709 185.434134
v 29075.831755 52678.010059 185.735842
v 28722.478658 52564.696489 186.072917
v 28686.662837 52600.512310 187.052256
v 28669.970033 52564.696489 186.278028
v 28676.284979 52578.245739 186.570921
v 28789.145325 52564.696489 185.291667
v 28855.811991 52564.696489 184.510417
v 28922.478658 52564.696489 183.468750
v 28989.145325 52564.696489 180.604167
v 29033.444295 52587.064186 181.738321
v 29023.019304 52564.696489 180.736487
v 28655.811991 52534.319216 185.977350
v 28655.811991 52498.029823 185.552083
v 28644.275377 52509.566437 185.867538
v 28638.898467 52498.029823 185.684220
v 28722.478658 52498.029823 185.031250
v 28665.469107 52555.039373 186.144718
v 28789.145325 52498.029823 183.729167
v 28855.811991 52498.029823 182.687500
v 28922.478658 52498.029823 181.125000
v 28989.145325 52498.029823 178.260417
v 29012.250565 52541.591249 181.055441
v 28994.476244 52503.454943 178.742678
v 28991.947739 52498.029823 178.413674
v 28655.811991 52431.363156 184.250000
v 28623.081647 52464.093500 185.144970
v 28607.826902 52431.363156 184.250000
v 28619.991454 52457.463229 184.963674
v 28722.478658 52431.363156 183.729167
v 28789.145325 52431.363156 182.166667
v 28855.811991 52431.363156 180.604167
v 28922.478658 52431.363156 179.302083
v 28989.145325 52492.017007 178.236929
v 28969.863105 52450.645376 178.903854
v 28966.329481 52443.063688 178.765558
v 28960.876173 52431.363156 178.552132
v 28991.056835 52496.118313 178.484422
v 28589.145325 52391.280255 182.684262
v 28589.145325 52364.696489 181.645833
v 28580.694187 52373.147627 180.754502
v 28576.755336 52364.696489 178.499938
v 28655.811991 52364.696489 183.208333
v 28601.887917 52418.620563 184.050897
v 28591.844691 52397.071973 182.973767
v 28722.478658 52364.696489 182.427083
v 28789.145325 52364.696489 180.343750
v 28855.811991 52364.696489 177.479167
v 28922.478658 52364.696489 176.177083
v 28948.669375 52405.172439 179.711313
v 28938.182718 52382.672432 178.001209
v 28929.804608 52364.696489 176.634955
v 28589.145325 52298.029823 181.385417
v 28559.500457 52327.674690 173.974200
v 28563.697928 52336.680718 175.075144
v 28545.683771 52298.029823 172.387517
v 28655.811991 52298.029823 182.166667
v 28722.478658 52298.029823 181.125000
v 28789.145325 52298.029823 178.520833
v 28855.811991 52298.029823 174.614583
v 28922.478658 52348.978046 175.685882
v 28910.035955 52322.281177 175.094626
v 28906.281915 52314.226566 174.916241
v 28898.733042 52298.029823 174.279263
v 28927.475645 52359.699503 176.723629
v 28522.478658 52248.241295 173.806899
v 28522.478658 52231.363156 175.916667
v 28517.112997 52236.728817 172.709846
v 28514.612205 52231.363156 172.997475
v 28589.145325 52231.363156 181.385417
v 28538.306727 52282.201753 170.860238
v 28535.551165 52276.289463 171.373232
v 28655.811991 52231.363156 180.864583
v 28722.478658 52231.363156 179.302083
v 28789.145325 52231.363156 176.958333
v 28855.811991 52231.363156 173.572917
v 28885.088185 52268.753629 174.728943
v 28881.889192 52261.889922 174.559218
v 28867.661476 52231.363156 173.804352
v 28522.478658 52164.696489 179.302083
v 28495.919267 52191.255880 168.097340
v 28507.404403 52215.898207 171.108034
v 28483.540639 52164.696489 170.175985
v 28589.145325 52164.696489 180.083333
v 28655.811991 52164.696489 179.302083
v 28722.478658 52164.696489 177.218750
v 28789.145325 52164.696489 174.354167
v 28855.811991 52205.939086 172.778414
v 28853.742430 52201.498667 172.744746
v 28842.700725 52177.807756 172.565117
v 28836.589911 52164.696489 172.315532
v 28863.894455 52223.280693 173.825494
v 28455.811991 52105.202335 170.881454
v 28455.811991 52098.029823 171.750000
v 28453.531807 52100.310007 170.298164
v 28452.469074 52098.029823 170.274415
v 28522.478658 52098.029823 179.302083
v 28474.725537 52145.782944 168.109946
v 28479.257640 52155.506952 169.172157
v 28589.145325 52098.029823 178.781250
v 28655.811991 52098.029823 177.479167
v 28722.478658 52098.029823 174.614583
v 28789.145325 52098.029823 170.187500
v 28825.595667 52141.107411 171.866493
v 28821.506995 52132.334819 171.699498
v 28805.518345 52098.029823 169.867714
v 28455.811991 52031.363156 175.656250
v 28432.338077 52054.837070 163.919293
v 28451.110877 52095.115697 169.845648
v 28421.397508 52031.363156 165.036156
v 28522.478658 52031.363156 178.000000
v 28589.145325 52031.363156 176.958333
v 28655.811991 52031.363156 175.135417
v 28722.478658 52031.363156 171.229167
v 28789.145325 52062.900125 168.403570
v 28779.119534 52041.388946 167.976981
v 28774.446780 52031.363156 167.778159
v 28800.313265 52086.861883 169.751252
v 28455.811991 51964.696489 176.437500
v 28411.144347 52009.364134 162.129895
v 28390.325942 51964.696489 165.437890
v 28522.478658 51964.696489 176.437500
v 28589.145325 51964.696489 175.395833
v 28655.811991 51964.696489 173.052083
v 28722.478658 51964.696489 169.145833
v 28769.302141 52020.324901 168.119795
v 28757.925804 51995.916010 168.875255
v 28743.375214 51964.696489 168.411189
v 28389.145325 51962.163374 165.486958
v 28389.145325 51898.029823 171.750000
v 28368.756887 51918.418260 160.281504
v 28359.254377 51898.029823 161.708510
v 28366.670589 51913.941931 160.594806
v 28455.811991 51898.029823 175.135417
v 28389.950617 51963.891197 165.359119
v 28522.478658 51898.029823 174.614583
v 28589.145325 51898.029823 173.052083
v 28655.811991 51898.029823 170.187500
v 28722.478658 51919.861165 167.744729
v 28715.538344 51904.970136 167.686044
v 28713.008616 51899.542390 167.571401
v 28712.303648 51898.029823 167.539454
v 28736.732074 51950.443073 168.533382
v 28389.145325 51831.363156 174.093750
v 28347.563157 51872.945324 158.662867
v 28328.182811 51831.363156 163.377683
v 28455.811991 51831.363156 173.833333
v 28522.478658 51831.363156 173.052083
v 28589.145325 51831.363156 170.447917
v 28655.811991 51831.363156 165.500000
v 28694.344614 51859.497200 166.123512
v 28684.861853 51839.151135 165.026308
v 28681.232083 51831.363156 164.606325
v 28322.478658 51764.696489 168.885417
v 28305.175697 51781.999450 159.558039
v 28310.377063 51793.159421 160.764114
v 28322.478658 51819.124414 163.570190
v 28297.111246 51764.696489 159.570820
v 28389.145325 51764.696489 173.572917
v 28326.369427 51827.472387 163.028528
v 28455.811991 51764.696489 172.791667
v 28522.478658 51764.696489 171.489583
v 28589.145325 51764.696489 167.583333
v 28655.811991 51776.822204 162.943393
v 28651.957154 51768.551326 162.841797
v 28650.160517 51764.696489 162.816521
v 28673.150884 51814.024263 164.619509
v 28322.478658 51748.029823 169.210938
v 28312.854485 51757.653995 165.489089
v 28312.854485 51740.987329 165.814610
v 28303.230312 51750.611502 162.092762
v 28303.230312 51733.944835 162.418283
v 28293.606140 51743.569008 158.696435
v 28293.606140 51726.902341 159.021956
v 28283.981967 51736.526514 155.300108
v 28322.478658 51731.363156 169.536458
v 28312.854485 51724.320662 166.140131
v 28303.230312 51717.278168 162.743804
v 28322.478658 51714.696489 169.861979
v 28312.854485 51707.653995 166.465652
v 28322.478658 51698.029823 170.187500
v 28308.286549 51698.029823 166.029656
v 28312.481132 51706.852935 166.431371
v 28298.289024 51706.852935 162.273526
v 28302.483607 51715.676048 162.675241
v 28288.291498 51715.676048 158.517397
v 28292.486081 51724.499161 158.919112
v 28278.293973 51724.499161 154.761267
v 28282.488556 51733.322274 155.162982
v 28294.094441 51698.029823 161.871811
v 28284.096915 51706.852935 158.115682
v 28274.099389 51715.676048 154.359553
v 28279.902332 51698.029823 157.713967
v 28269.904806 51706.852935 153.957838
v 28265.710223 51698.029823 153.556123
v 28302.856960 51716.477108 162.709523
v 28293.232787 51726.101281 158.987674
v 28283.608614 51735.725454 155.265826
v 28292.859434 51725.300221 158.953393
v 28283.235261 51734.924394 155.231545
v 28282.861908 51734.123334 155.197264
v 28389.145325 51748.029823 173.312500
v 28372.478658 51764.696489 172.401042
v 28372.478658 51748.029823 172.140625
v 28355.811991 51764.696489 171.229167
v 28355.811991 51748.029823 170.968750
v 28339.145325 51764.696489 170.057292
v 28339.145325 51748.029823 169.796875
v 28389.145325 51731.363156 173.052083
v 28372.478658 51731.363156 171.880208
v 28355.811991 51731.363156 170.708333
v 28389.145325 51714.696489 172.791667
v 28372.478658 51714.696489 171.619792
v 28389.145325 51698.029823 172.531250
v 28372.478658 51698.029823 171.945312
v 28355.811991 51714.696489 171.033854
v 28339.145325 51731.363156 170.122396
v 28355.811991 51698.029823 171.359375
v 28339.145325 51714.696489 170.447917
v 28339.145325 51698.029823 170.773437
v 28455.811991 51748.029823 172.466146
v 28439.145325 51764.696489 172.986979
v 28439.145325 51748.029823 172.661458
v 28422.478658 51764.696489 173.182292
v 28422.478658 51748.029823 172.856771
v 28405.811991 51764.696489 173.377604
v 28405.811991 51748.029823 173.052083
v 28455.811991 51731.363156 172.140625
v 28439.145325 51731.363156 172.335938
v 28422.478658 51731.363156 172.531250
v 28455.811991 51714.696489 171.815104
v 28439.145325 51714.696489 172.010417
v 28455.811991 51698.029823 171.489583
v 28439.145325 51698.029823 171.750000
v 28422.478658 51714.696489 172.270833
v 28405.811991 51731.363156 172.791667
v 28422.478658 51698.029823 172.010417
v 28405.811991 51714.696489 172.531250
v 28405.811991 51698.029823 172.270833
v 28522.478658 51748.029823 171.033854
v 28505.811991 51764.696489 171.815104
v 28505.811991 51748.029823 171.359375
v 28489.145325 51764.696489 172.140625
v 28489.145325 51748.029823 171.684896
v 28472.478658 51764.696489 172.466146
v 28472.478658 51748.029823 172.010417
v 28522.478658 51731.363156 170.578125
v 28505.811991 51731.363156 170.903646
v 28489.145325 51731.363156 171.229167
v 28522.478658 51714.696489 170.122396
v 28505.811991 51714.696489 170.447917
v 28522.478658 51698.029823 169.666667
v 28505.811991 51698.029823 170.122396
v 28489.145325 51714.696489 170.903646
v 28472.478658 51731.363156 171.684896
v 28489.145325 51698.029823 170.578125
v 28472.478658 51714.696489 171.359375
v 28472.478658 51698.029823 171.033854
v 28589.145325 51748.029823 166.802083
v 28572.478658 51764.696489 168.559896
v 28572.478658 51748.029823 167.778646
v 28555.811991 51764.696489 169.536458
v 28555.811991 51748.029823 168.755208
v 28539.145325 51764.696489 170.513021
v 28539.145325 51748.029823 169.731771
v 28589.145325 51731.363156 166.020833
v 28572.478658 51731.363156 166.997396
v 28555.811991 51731.363156 167.973958
v 28589.145325 51714.696489 165.239583
v 28572.478658 51714.696489 166.216146
v 28589.145325 51698.029823 164.458333
v 28572.478658 51698.029823 165.760417
v 28555.811991 51714.696489 167.518229
v 28539.145325 51731.363156 169.276042
v 28555.811991 51698.029823 167.062500
v 28539.145325 51714.696489 168.820313
v 28522.478658 51731.363156 170.578125
v 28539.145325 51698.029823 168.364583
v 28630.763424 51723.078390 163.356495
v 28620.358899 51733.482915 164.413205
v 28635.612698 51733.482915 163.221502
v 28625.208173 51743.887439 164.278211
v 28640.461971 51743.887439 163.086508
v 28630.057446 51754.291964 164.143218
v 28645.311244 51754.291964 162.951515
v 28634.906719 51764.696489 164.008224
v 28609.954375 51743.887439 165.469914
v 28614.803648 51754.291964 165.334921
v 28619.652921 51764.696489 165.199927
v 28599.549850 51754.291964 166.526624
v 28604.399123 51764.696489 166.391630
v 28599.549850 51704.291964 164.182874
v 28599.549850 51720.958631 164.964124
v 28609.954375 51710.554106 163.907414
v 28609.954375 51727.220773 164.688664
v 28620.358899 51716.816248 163.631955
v 28599.549850 51737.625298 165.745374
v 28599.001075 51703.114523 164.157692
v 28609.405600 51709.376665 163.882233
v 28608.856826 51708.199223 163.857051
v 28619.261351 51714.461365 163.581592
v 28618.712577 51713.283924 163.556410
v 28629.117102 51719.546066 163.280951
v 28628.568328 51718.368624 163.255769
v 28619.810125 51715.638807 163.606773
v 28629.665876 51720.723507 163.306132
v 28630.214650 51721.900948 163.331314
v 28596.631231 51698.029823 164.048948
v 28606.486982 51703.114523 163.748307
v 28604.117138 51698.029823 163.639562
v 28613.972889 51703.114523 163.338921
v 28611.603045 51698.029823 163.230177
v 28621.458795 51703.114523 162.929536
v 28619.088951 51698.029823 162.820791
v 28616.342733 51708.199223 163.447666
v 28623.828640 51708.199223 163.038280
v 28626.198484 51713.283924 163.147025
v 28255.811991 51631.363156 159.510417
v 28252.099348 51635.075799 157.277030
v 28255.424067 51642.008722 157.914713
v 28251.711424 51645.721366 155.681326
v 28255.036142 51652.654289 156.319009
v 28251.323499 51656.366932 154.085622
v 28254.648218 51663.299855 154.723305
v 28250.935575 51667.012499 152.489918
v 28254.260294 51673.945422 153.127601
v 28248.386705 51638.788443 155.043643
v 28247.998780 51649.434009 153.447939
v 28247.610856 51660.079576 151.852235
v 28244.674061 51642.501086 152.810256
v 28244.286137 51653.146653 151.214552
v 28240.961418 51646.213729 150.576869
v 28255.811991 51642.824704 157.988180
v 28255.424067 51653.470270 156.392476
v 28255.811991 51654.286251 156.465943
v 28255.424067 51664.931818 154.870239
v 28255.811991 51665.747799 154.943706
v 28255.424067 51676.393366 153.348002
v 28255.811991 51677.209347 153.421469
v 28255.036142 51664.115837 154.796772
v 28255.036142 51675.577384 153.274535
v 28254.648218 51674.761403 153.201068
v 28239.181001 51642.501086 150.685986
v 28242.893644 51638.788443 152.919373
v 28237.400583 51638.788443 150.795104
v 28241.113227 51635.075799 153.028491
v 28235.620166 51635.075799 150.904221
v 28239.332810 51631.363156 153.137608
v 28233.839749 51631.363156 151.013339
v 28246.606287 51635.075799 155.152760
v 28244.825870 51631.363156 155.261878
v 28250.318931 51631.363156 157.386147
v 28322.478658 51681.363156 170.252604
v 28307.489193 51696.352621 165.802607
v 28307.489193 51679.685954 165.867711
v 28292.499728 51694.675419 161.417714
v 28292.499728 51678.008752 161.482818
v 28277.510264 51692.998217 157.032820
v 28277.510264 51676.331550 157.097925
v 28262.520799 51691.321015 152.647927
v 28322.478658 51664.696489 170.317708
v 28307.489193 51663.019287 165.932815
v 28292.499728 51661.342086 161.547922
v 28322.478658 51648.029823 170.382812
v 28307.489193 51646.352621 165.997919
v 28322.478658 51631.363156 170.447917
v 28293.297085 51696.352621 161.644762
v 28279.104976 51696.352621 157.486918
v 28264.912867 51696.352621 153.329074
v 28278.307620 51694.675419 157.259869
v 28264.115511 51694.675419 153.102025
v 28263.318155 51692.998217 152.874976
v 28305.811991 51631.363156 167.713542
v 28305.811991 51642.824704 166.191305
v 28289.145325 51642.824704 163.456930
v 28289.145325 51654.286251 161.934693
v 28272.478658 51654.286251 159.200318
v 28272.478658 51665.747799 157.678081
v 28289.145325 51631.363156 164.979167
v 28272.478658 51642.824704 160.722555
v 28272.478658 51631.363156 162.244792
v 28290.822527 51657.814168 161.741307
v 28275.833062 51672.803633 157.291310
v 28260.843597 51687.793098 152.841313
v 28274.155860 51669.275716 157.484696
v 28259.166395 51684.265181 153.034698
v 28257.489193 51680.737264 153.228084
v 28389.145325 51681.363156 172.205729
v 28372.478658 51681.363156 171.619792
v 28355.811991 51698.029823 171.359375
v 28355.811991 51681.363156 171.033854
v 28339.145325 51681.363156 170.447917
v 28389.145325 51664.696489 171.880208
v 28372.478658 51664.696489 171.294271
v 28355.811991 51664.696489 170.708333
v 28389.145325 51648.029823 171.554688
v 28372.478658 51648.029823 170.968750
v 28389.145325 51631.363156 171.229167
v 28372.478658 51631.363156 171.033854
v 28355.811991 51648.029823 170.773438
v 28339.145325 51664.696489 170.513021
v 28355.811991 51631.363156 170.838542
v 28339.145325 51648.029823 170.578125
v 28339.145325 51631.363156 170.643229
v 28455.811991 51681.363156 171.164062
v 28439.145325 51681.363156 171.424479
v 28422.478658 51681.363156 171.684896
v 28405.811991 51681.363156 171.945312
v 28455.811991 51664.696489 170.838542
v 28439.145325 51664.696489 171.098958
v 28422.478658 51664.696489 171.359375
v 28455.811991 51648.029823 170.513021
v 28439.145325 51648.029823 170.773438
v 28455.811991 51631.363156 170.187500
v 28439.145325 51631.363156 170.447917
v 28422.478658 51648.029823 171.033854
v 28405.811991 51664.696489 171.619792
v 28422.478658 51631.363156 170.708333
v 28405.811991 51648.029823 171.294271
v 28405.811991 51631.363156 170.968750
v 28522.478658 51681.363156 169.145833
v 28505.811991 51681.363156 169.601562
v 28489.145325 51681.363156 170.057292
v 28472.478658 51681.363156 170.513021
v 28522.478658 51664.696489 168.625000
v 28505.811991 51664.696489 169.080729
v 28489.145325 51664.696489 169.536458
v 28522.478658 51648.029823 168.104167
v 28505.811991 51648.029823 168.559896
v 28522.478658 51631.363156 167.583333
v 28505.811991 51631.363156 168.234375
v 28489.145325 51648.029823 169.210938
v 28472.478658 51664.696489 170.187500
v 28489.145325 51631.363156 168.885417
v 28472.478658 51648.029823 169.861979
v 28472.478658 51631.363156 169.536458
v 28539.145325 51681.968178 167.674435
v 28555.811991 51681.968178 166.372351
v 28555.811991 51665.906533 165.682202
v 28572.478658 51665.906533 164.380119
v 28572.478658 51649.844889 163.689970
v 28589.145325 51649.844889 162.387887
v 28589.145325 51633.783244 161.697738
v 28572.478658 51681.968178 165.070268
v 28589.145325 51665.906533 163.078036
v 28589.145325 51681.968178 163.768185
v 28538.952985 51681.555496 167.671729
v 28555.619651 51665.493851 165.679497
v 28555.427311 51665.081169 165.676791
v 28572.093978 51649.019525 163.684559
v 28571.901638 51648.606843 163.681853
v 28588.568304 51632.545198 161.689621
v 28588.375964 51632.132516 161.686915
v 28572.286318 51649.432207 163.687264
v 28588.760644 51632.957880 161.692326
v 28588.952985 51633.370562 161.695032
v 28538.952985 51631.555496 166.109229
v 28538.952985 51648.222163 166.630062
v 28555.427311 51631.747836 164.635124
v 28555.427311 51648.414503 165.155957
v 28571.901638 51631.940176 163.161019
v 28538.952985 51664.888829 167.150895
v 28538.863340 51631.363156 166.111272
v 28555.337667 51631.555496 164.637167
v 28555.248022 51631.363156 164.639211
v 28571.722348 51631.555496 163.165106
v 28571.632704 51631.363156 163.167150
v 28588.107030 51631.555496 161.693045
v 28588.017386 51631.363156 161.695088
v 28571.811993 51631.747836 163.163063
v 28588.196675 51631.747836 161.691001
v 28588.286320 51631.940176 161.688958
v 28609.569694 51677.605453 163.341376
v 28604.463602 51682.711545 163.620615
v 28611.949509 51682.711545 163.211230
v 28606.843416 51687.817638 163.490469
v 28614.329323 51687.817638 163.081083
v 28609.223230 51692.923730 163.360323
v 28616.709137 51692.923730 162.950937
v 28599.357509 51687.817638 163.899854
v 28601.737324 51692.923730 163.769708
v 28594.251417 51692.923730 164.179094
v 28594.251417 51644.738796 162.108648
v 28594.251417 51660.800441 162.798796
v 28599.357509 51655.694349 162.519557
v 28599.357509 51671.755993 163.209706
v 28604.463602 51666.649901 162.930466
v 28594.251417 51676.862086 163.488945
v 28255.811991 51614.696489 161.398438
v 28246.698407 51623.810073 156.841646
v 28246.698407 51607.143407 158.729666
v 28237.584824 51616.256990 154.172874
v 28237.584824 51599.590324 156.060895
v 28228.471240 51608.703908 151.504103
v 28228.471240 51592.037241 153.392124
v 28219.357656 51601.150825 148.835332
v 28255.811991 51598.029823 163.286458
v 28246.698407 51590.476740 160.617687
v 28237.584824 51582.923657 157.948916
v 28255.811991 51581.363156 165.174479
v 28246.698407 51573.810073 162.505708
v 28255.811991 51564.696489 167.062500
v 28248.250660 51627.050261 157.074878
v 28239.137076 51619.497178 154.406107
v 28240.689328 51622.737365 154.639340
v 28231.575744 51615.184282 151.970568
v 28233.127996 51618.424470 152.203801
v 28224.014412 51610.871387 149.535030
v 28225.566664 51614.111574 149.768262
v 28230.023492 51611.944095 151.737336
v 28222.462160 51607.631200 149.301797
v 28220.909908 51604.391012 149.068565
v 28242.757599 51627.050261 154.950609
v 28237.264538 51627.050261 152.826339
v 28231.771478 51627.050261 150.702070
v 28235.196267 51622.737365 152.515070
v 28229.703207 51622.737365 150.390800
v 28227.634936 51618.424470 150.079531
v 28214.991680 51592.037241 149.758962
v 28224.105264 51582.923657 154.315754
v 28210.625704 51582.923657 150.682591
v 28219.739288 51573.810073 155.239383
v 28206.259728 51573.810073 151.606220
v 28215.373312 51564.696489 156.163012
v 28201.893752 51564.696489 152.529850
v 28233.218848 51573.810073 158.872545
v 28228.852872 51564.696489 159.796175
v 28242.332432 51564.696489 163.429337
v 28322.478658 51614.696489 170.382812
v 28305.811991 51614.696489 167.648437
v 28289.145325 51614.696489 164.914062
v 28272.478658 51614.696489 162.179687
v 28322.478658 51598.029823 170.317708
v 28305.811991 51598.029823 167.583333
v 28289.145325 51598.029823 164.848958
v 28322.478658 51581.363156 170.252604
v 28305.811991 51581.363156 167.518229
v 28322.478658 51564.696489 170.187500
v 28305.811991 51564.696489 169.406250
v 28289.145325 51581.363156 166.736979
v 28272.478658 51598.029823 164.067708
v 28289.145325 51564.696489 168.625000
v 28272.478658 51581.363156 165.955729
v 28272.478658 51564.696489 167.843750
v 28389.145325 51614.696489 170.903646
v 28372.478658 51614.696489 170.708333
v 28355.811991 51614.696489 170.513021
v 28339.145325 51614.696489 170.317708
v 28389.145325 51598.029823 170.578125
v 28372.478658 51598.029823 170.382812
v 28355.811991 51598.029823 170.187500
v 28389.145325 51581.363156 170.252604
v 28372.478658 51581.363156 170.057292
v 28389.145325 51564.696489 169.927083
v 28372.478658 51564.696489 169.992188
v 28355.811991 51581.363156 170.122396
v 28339.145325 51598.029823 170.252604
v 28355.811991 51564.696489 170.057292
v 28339.145325 51581.363156 170.187500
v 28339.145325 51564.696489 170.122396
v 28455.811991 51614.696489 169.796875
v 28439.145325 51614.696489 170.057292
v 28422.478658 51614.696489 170.317708
v 28405.811991 51614.696489 170.578125
v 28455.811991 51598.029823 169.406250
v 28439.145325 51598.029823 169.666667
v 28422.478658 51598.029823 169.927083
v 28455.811991 51581.363156 169.015625
v 28439.145325 51581.363156 169.276042
v 28455.811991 51564.696489 168.625000
v 28439.145325 51564.696489 168.950521
v 28422.478658 51581.363156 169.601562
v 28405.811991 51598.029823 170.252604
v 28422.478658 51564.696489 169.276042
v 28405.811991 51581.363156 169.927083
v 28405.811991 51564.696489 169.601562
v 28522.478658 51614.696489 167.062500
v 28505.811991 51631.363156 168.234375
v 28505.811991 51614.696489 167.713542
v 28489.145325 51614.696489 168.364583
v 28472.478658 51614.696489 169.015625
v 28522.478658 51598.029823 166.541667
v 28505.811991 51598.029823 167.192708
v 28489.145325 51598.029823 167.843750
v 28522.478658 51581.363156 166.020833
v 28505.811991 51581.363156 166.671875
v 28522.478658 51564.696489 165.500000
v 28505.811991 51564.696489 166.281250
v 28489.145325 51581.363156 167.453125
v 28472.478658 51598.029823 168.625000
v 28489.145325 51564.696489 167.062500
v 28472.478658 51581.363156 168.234375
v 28472.478658 51564.696489 167.843750
v 28567.116607 51586.725207 162.701058
v 28555.957120 51597.884694 163.921627
v 28572.341802 51597.884694 162.449565
v 28561.182314 51609.044181 163.670134
v 28577.566996 51609.044181 162.198073
v 28566.407509 51620.203669 163.418642
v 28582.792191 51620.203669 161.946581
v 28544.797632 51609.044181 165.142196
v 28550.022827 51620.203669 164.890703
v 28533.638145 51620.203669 166.362764
v 28568.406156 51589.440434 162.638232
v 28573.631350 51600.599921 162.386739
v 28569.695705 51592.155660 162.575405
v 28574.920899 51603.315148 162.323913
v 28570.985253 51594.870887 162.512579
v 28576.210448 51606.030374 162.261087
v 28572.274802 51597.586114 162.449753
v 28578.856545 51611.759408 162.135247
v 28580.146094 51614.474635 162.072421
v 28584.081740 51622.918895 161.883754
v 28568.275971 51589.163877 162.644526
v 28569.565520 51591.879104 162.581700
v 28569.435336 51591.602547 162.587995
v 28570.724885 51594.317774 162.525169
v 28570.594700 51594.041217 162.531464
v 28571.884249 51596.756444 162.468637
v 28571.754065 51596.479887 162.474932
v 28570.855069 51594.594330 162.518874
v 28572.014434 51597.033000 162.462343
v 28572.144618 51597.309557 162.456048
v 28533.638145 51570.203669 164.800264
v 28533.638145 51586.870335 165.321098
v 28544.797632 51575.710848 164.100529
v 28544.797632 51592.377515 164.621362
v 28555.957120 51581.218028 163.400793
v 28533.638145 51603.537002 165.841931
v 28531.019985 51564.696489 164.832709
v 28542.179472 51570.203669 164.132973
v 28539.561312 51564.696489 164.165418
v 28550.720800 51570.203669 163.465682
v 28548.102639 51564.696489 163.498126
v 28559.262127 51570.203669 162.798391
v 28556.643967 51564.696489 162.830835
v 28553.338960 51575.710848 163.433238
v 28561.880287 51575.710848 162.765946
v 28564.498447 51581.218028 162.733502
v 28189.145325 51498.029823 158.729167
v 28184.667989 51502.507158 156.105728
v 28186.037244 51504.108686 156.478655
v 28181.559908 51508.586021 153.855216
v 28182.929163 51510.187549 154.228142
v 28178.451827 51514.664885 151.604704
v 28179.821082 51516.266413 151.977630
v 28175.343746 51520.743748 149.354192
v 28176.713000 51522.345276 149.727118
v 28180.190654 51506.984493 153.482289
v 28177.082573 51513.063357 151.231777
v 28173.974492 51519.142220 148.981265
v 28175.713318 51511.461829 150.858851
v 28172.605237 51517.540692 148.608338
v 28171.235983 51515.939164 148.235412
v 28189.145325 51509.241381 157.108746
v 28186.037244 51515.320244 154.858234
v 28189.145325 51520.452939 155.488326
v 28186.037244 51526.531803 153.237813
v 28189.145325 51531.664498 153.867905
v 28186.037244 51537.743361 151.617393
v 28189.145325 51542.876056 152.247484
v 28182.929163 51521.399108 152.607722
v 28182.929163 51532.610666 150.987301
v 28179.821082 51527.477971 150.357210
v 28167.408007 51511.461829 147.906572
v 28171.885342 51506.984493 150.530010
v 28163.580030 51506.984493 147.577732
v 28168.057366 51502.507158 150.201170
v 28159.752054 51502.507158 147.248892
v 28164.229389 51498.029823 149.872330
v 28155.924078 51498.029823 146.920051
v 28176.362677 51502.507158 153.153449
v 28172.534701 51498.029823 152.824609
v 28180.840013 51498.029823 155.776888
v 28255.811991 51548.029823 167.453125
v 28241.202767 51562.639047 163.173079
v 28241.202767 51545.972381 163.563704
v 28226.593542 51560.581605 159.283657
v 28226.593542 51543.914939 159.674282
v 28211.984317 51558.524163 155.394236
v 28211.984317 51541.857497 155.784861
v 28197.375093 51556.466721 151.504815
v 28255.811991 51531.363156 167.843750
v 28241.202767 51529.305714 163.954329
v 28226.593542 51527.248272 160.064907
v 28255.811991 51514.696489 168.234375
v 28241.202767 51512.639047 164.344954
v 28255.811991 51498.029823 168.625000
v 28241.892279 51563.777710 163.332236
v 28227.283054 51561.720268 159.442815
v 28227.972566 51562.858930 159.601973
v 28213.363342 51560.801488 155.712551
v 28214.052854 51561.940151 155.871709
v 28199.443629 51559.882709 151.982288
v 28200.133141 51561.021372 152.141445
v 28212.673829 51559.662826 155.553394
v 28198.754117 51558.744047 151.823130
v 28198.064605 51557.605384 151.663972
v 28228.412719 51563.777710 159.699074
v 28214.933159 51563.777710 156.065911
v 28201.453599 51563.777710 152.432749
v 28214.493006 51562.858930 155.968810
v 28201.013447 51562.858930 152.335648
v 28200.573294 51561.940151 152.238546
v 28239.145325 51498.029823 166.151042
v 28239.145325 51509.241381 164.530621
v 28222.478658 51509.241381 162.056663
v 28222.478658 51520.452939 160.436242
v 28205.811991 51520.452939 157.962284
v 28205.811991 51531.664498 156.341863
v 28222.478658 51498.029823 163.677083
v 28205.811991 51509.241381 159.582704
v 28205.811991 51498.029823 161.203125
v 28224.536100 51523.850606 160.250575
v 28209.926875 51538.459830 155.970529
v 28195.317651 51553.069055 151.690482
v 28207.869433 51535.062164 156.156196
v 28193.260209 51549.671389 151.876150
v 28191.202767 51546.273723 152.061817
v 28322.478658 51548.029823 169.927083
v 28305.811991 51548.029823 169.145833
v 28289.145325 51548.029823 168.364583
v 28272.478658 51548.029823 167.583333
v 28322.478658 51531.363156 169.666667
v 28305.811991 51531.363156 168.885417
v 28289.145325 51531.363156 168.104167
v 28322.478658 51514.696489 169.406250
v 28305.811991 51514.696489 168.625000
v 28322.478658 51498.029823 169.145833
v 28305.811991 51498.029823 169.015625
v 28289.145325 51514.696489 168.494792
v 28272.478658 51531.363156 167.973958
v 28289.145325 51498.029823 168.885417
v 28272.478658 51514.696489 168.364583
v 28272.478658 51498.029823 168.755208
v 28389.145325 51548.029823 169.666667
v 28372.478658 51548.029823 169.731771
v 28355.811991 51548.029823 169.796875
v 28339.145325 51548.029823 169.861979
v 28389.145325 51531.363156 169.406250
v 28372.478658 51531.363156 169.471354
v 28355.811991 51531.363156 169.536458
v 28389.145325 51514.696489 169.145833
v 28372.478658 51514.696489 169.210938
v 28389.145325 51498.029823 168.885417
v 28372.478658 51498.029823 168.950521
v 28355.811991 51514.696489 169.276042
v 28339.145325 51531.363156 169.601562
v 28355.811991 51498.029823 169.015625
v 28339.145325 51514.696489 169.341146
v 28339.145325 51498.029823 169.080729
v 28455.811991 51548.029823 168.429688
v 28439.145325 51548.029823 168.755208
v 28422.478658 51548.029823 169.080729
v 28405.811991 51548.029823 169.406250
v 28455.811991 51531.363156 168.234375
v 28439.145325 51531.363156 168.559896
v 28422.478658 51531.363156 168.885417
v 28455.811991 51514.696489 168.039062
v 28439.145325 51514.696489 168.364583
v 28455.811991 51498.029823 167.843750
v 28439.145325 51498.029823 168.104167
v 28422.478658 51514.696489 168.625000
v 28405.811991 51531.363156 169.145833
v 28422.478658 51498.029823 168.364583
v 28405.811991 51514.696489 168.885417
v 28405.811991 51498.029823 168.625000
v 28522.478658 51548.029823 165.304688
v 28505.811991 51548.029823 166.085938
v 28489.145325 51548.029823 166.867188
v 28472.478658 51548.029823 167.648438
v 28522.478658 51531.363156 165.109375
v 28505.811991 51531.363156 165.890625
v 28489.145325 51531.363156 166.671875
v 28522.478658 51514.696489 164.914062
v 28505.811991 51514.696489 165.695312
v 28522.478658 51498.029823 164.718750
v 28505.811991 51498.029823 165.500000
v 28489.145325 51514.696489 166.476562
v 28489.145325 51531.363156 166.671875
v 28472.478658 51531.363156 167.453125
v 28489.145325 51498.029823 166.281250
v 28472.478658 51514.696489 167.257812
v 28472.478658 51498.029823 167.062500
v 28545.635165 51541.539982 163.509988
v 28539.846039 51547.329109 164.007491
v 28548.387366 51547.329109 163.340200
v 28542.598239 51553.118236 163.837703
v 28551.139566 51553.118236 163.170411
v 28545.350439 51558.907362 163.667915
v 28553.891766 51558.907362 163.000623
v 28534.056912 51553.118236 164.504994
v 28536.809112 51558.907362 164.335206
v 28528.267785 51558.907362 165.002497
v 28528.267785 51508.907362 164.416559
v 28528.267785 51525.574029 164.611872
v 28534.056912 51519.784902 164.114369
v 28534.056912 51536.451569 164.309681
v 28539.846039 51530.662442 163.812178
v 28528.267785 51542.240696 164.807184
v 28527.645827 51507.599103 164.447389
v 28533.434954 51518.476643 164.145199
v 28532.812996 51517.168383 164.176028
v 28538.602123 51528.045923 163.873838
v 28537.980165 51526.737663 163.904668
v 28543.769292 51537.615203 163.602477
v 28543.147334 51536.306944 163.633307
v 28539.224081 51529.354183 163.843008
v 28544.391250 51538.923463 163.571647
v 28545.013208 51540.231722 163.540817
v 28527.587628 51507.477215 164.450280
v 28532.754797 51517.046495 164.178919
v 28532.696598 51516.924607 164.181811
v 28537.863767 51526.493887 163.910450
v 28537.805568 51526.371999 163.913341
v 28542.972737 51535.941280 163.641980
v 28542.914538 51535.819392 163.644871
v 28537.921966 51526.615775 163.907559
v 28543.030936 51536.063168 163.639089
v 28543.089135 51536.185056 163.636198
v 28523.057082 51498.029823 164.675820
v 28528.166052 51507.477215 164.407350
v 28523.635507 51498.029823 164.632890
v 28528.744477 51507.477215 164.364420
v 28524.213931 51498.029823 164.589960
v 28529.322901 51507.477215 164.321490
v 28524.792356 51498.029823 164.547030
v 28533.275022 51516.924607 164.138881
v 28533.853447 51516.924607 164.095951
v 28538.383992 51526.371999 163.870411
v 28122.478658 51431.363156 150.773253
v 28118.087323 51435.754491 148.183509
v 28120.367798 51437.333129 148.603189
v 28115.976463 51441.724465 146.010952
v 28118.256938 51443.303103 146.429918
v 28113.865603 51447.694438 143.835148
v 28116.146078 51449.273076 144.254073
v 28111.754743 51453.664411 141.656730
v 28114.035218 51455.243050 142.076295
v 28113.695988 51440.145826 145.598954
v 28111.585128 51446.115800 143.423676
v 28109.474268 51452.085773 141.245112
v 28109.304653 51444.537161 143.019906
v 28107.193793 51450.507135 140.841684
v 28104.913317 51448.928497 140.446680
v 28122.478658 51439.398734 148.852799
v 28120.367798 51445.368708 146.679117
v 28122.478658 51447.434312 146.934863
v 28120.367798 51453.404286 144.760280
v 28122.478658 51455.469890 145.023994
v 28120.367798 51461.439864 142.851305
v 28122.478658 51463.505469 143.124881
v 28118.256938 51451.338681 144.503596
v 28118.256938 51459.374259 142.585264
v 28116.146078 51457.308654 142.326886
v 28098.569666 51444.537161 139.476379
v 28102.961001 51440.145826 142.021618
v 28092.226015 51440.145826 138.576031
v 28096.617350 51435.754491 141.088097
v 28085.882363 51435.754491 137.749407
v 28090.273698 51431.363156 140.223378
v 28079.538712 51431.363156 136.999890
v 28107.352336 51435.754491 144.574131
v 28101.008685 51431.363156 143.608818
v 28111.743671 51431.363156 147.133617
v 28189.145325 51481.363156 160.356771
v 28176.840965 51493.667516 154.781358
v 28176.840965 51477.000849 156.408962
v 28164.536604 51489.305210 150.833549
v 28164.536604 51472.638543 152.461153
v 28152.232244 51484.942903 146.885740
v 28152.232244 51468.276236 148.513344
v 28139.927884 51480.580597 142.937931
v 28189.145325 51464.696489 161.984375
v 28176.840965 51460.334183 158.036566
v 28164.536604 51455.971876 154.088757
v 28189.145325 51448.029823 163.611979
v 28176.840965 51443.667516 159.664170
v 28189.145325 51431.363156 165.239583
v 28178.490170 51495.281364 155.209996
v 28166.185810 51490.919057 151.262187
v 28167.835015 51492.532905 151.690826
v 28155.530655 51488.170599 147.743017
v 28157.179860 51489.784446 148.171656
v 28144.875500 51485.422140 144.223847
v 28146.524706 51487.035988 144.652485
v 28153.881450 51486.556751 147.314378
v 28143.226295 51483.808292 143.795208
v 28141.577089 51482.194444 143.366569
v 28170.184858 51495.281364 152.257717
v 28161.879546 51495.281364 149.305439
v 28153.574235 51495.281364 146.353160
v 28159.529703 51492.532905 148.738547
v 28151.224392 51492.532905 145.786268
v 28148.874549 51489.784446 145.219377
v 28172.478658 51431.363156 161.593750
v 28172.478658 51439.398734 159.710411
v 28155.811991 51439.398734 156.064578
v 28155.811991 51447.434312 154.181239
v 28139.145325 51447.434312 150.535406
v 28139.145325 51455.469890 148.652067
v 28155.811991 51431.363156 157.947917
v 28139.145325 51439.398734 152.419953
v 28139.145325 51431.363156 154.312122
v 28160.174298 51451.703094 154.134998
v 28147.869938 51464.007454 148.559585
v 28135.565577 51476.311815 142.984172
v 28143.507631 51459.738672 148.605826
v 28131.203271 51472.043033 143.030413
v 28126.840965 51467.774251 143.076654
v 28255.811991 51481.363156 168.494792
v 28239.145325 51481.363156 166.020833
v 28222.478658 51481.363156 163.546875
v 28205.811991 51481.363156 161.072917
v 28255.811991 51464.696489 168.364583
v 28239.145325 51464.696489 165.890625
v 28222.478658 51464.696489 163.416667
v 28255.811991 51448.029823 168.234375
v 28239.145325 51448.029823 165.760417
v 28255.811991 51431.363156 168.104167
v 28239.145325 51431.363156 167.388021
v 28222.478658 51448.029823 165.044271
v 28205.811991 51464.696489 162.700521
v 28222.478658 51431.363156 166.671875
v 28205.811991 51448.029823 164.328125
v 28205.811991 51431.363156 165.955729
v 28322.478658 51481.363156 168.755208
v 28305.811991 51481.363156 168.625000
v 28289.145325 51481.363156 168.494792
v 28272.478658 51481.363156 168.364583
v 28322.478658 51464.696489 168.364583
v 28305.811991 51464.696489 168.234375
v 28289.145325 51464.696489 168.104167
v 28322.478658 51448.029823 167.973958
v 28305.811991 51448.029823 167.843750
v 28322.478658 51431.363156 167.583333
v 28305.811991 51431.363156 167.713542
v 28289.145325 51448.029823 167.973958
v 28272.478658 51464.696489 168.234375
v 28289.145325 51431.363156 167.843750
v 28272.478658 51448.029823 168.104167
v 28272.478658 51431.363156 167.973958
v 28255.811991 51448.029823 168.234375
v 28389.145325 51481.363156 168.625000
v 28372.478658 51481.363156 168.690104
v 28355.811991 51481.363156 168.755208
v 28339.145325 51481.363156 168.820312
v 28389.145325 51464.696489 168.364583
v 28372.478658 51464.696489 168.429687
v 28355.811991 51464.696489 168.494792
v 28389.145325 51448.029823 168.104167
v 28372.478658 51448.029823 168.169271
v 28389.145325 51431.363156 167.843750
v 28372.478658 51431.363156 167.778646
v 28355.811991 51448.029823 168.104167
v 28339.145325 51464.696489 168.429688
v 28355.811991 51431.363156 167.713542
v 28339.145325 51448.029823 168.039062
v 28339.145325 51431.363156 167.648438
v 28455.811991 51481.363156 167.713542
v 28439.145325 51481.363156 167.973958
v 28422.478658 51481.363156 168.234375
v 28405.811991 51481.363156 168.494792
v 28455.811991 51464.696489 167.583333
v 28439.145325 51464.696489 167.843750
v 28422.478658 51464.696489 168.104167
v 28455.811991 51448.029823 167.453125
v 28439.145325 51448.029823 167.713542
v 28455.811991 51431.363156 167.322917
v 28439.145325 51431.363156 167.453125
v 28422.478658 51448.029823 167.843750
v 28405.811991 51464.696489 168.234375
v 28422.478658 51431.363156 167.583333
v 28405.811991 51448.029823 167.973958
v 28405.811991 51431.363156 167.713542
v 28472.478658 51496.823654 167.067212
v 28489.145325 51496.823654 166.285962
v 28489.145325 51495.617485 166.290673
v 28505.811991 51495.617485 165.509423
v 28505.811991 51494.411316 165.514135
v 28522.478658 51494.411316 164.732885
v 28522.478658 51493.205148 164.737596
v 28505.811991 51496.823654 165.504712
v 28522.478658 51495.617485 164.728173
v 28522.478658 51496.823654 164.723462
v 28470.388485 51492.465087 167.182214
v 28487.055152 51491.258918 166.405676
v 28484.964978 51486.900351 166.520678
v 28501.631645 51485.694182 165.744140
v 28499.541472 51481.335615 165.859142
v 28516.208138 51480.129447 165.082604
v 28514.117965 51475.770880 165.197606
v 28503.721818 51490.052749 165.629137
v 28518.298312 51484.488014 164.967601
v 28520.388485 51488.846581 164.852599
v 28467.469613 51486.372201 167.342837
v 28482.046107 51480.807465 166.681301
v 28479.127235 51474.714579 166.841923
v 28493.703729 51469.149843 166.180387
v 28490.784857 51463.056957 166.341010
v 28505.361351 51457.492221 165.679474
v 28502.442479 51451.399335 165.840096
v 28496.622600 51475.242729 166.019765
v 28508.280222 51463.585107 165.518851
v 28511.199094 51469.677993 165.358229
v 28455.811991 51448.029823 167.453125
v 28467.469613 51436.372201 166.952212
v 28467.469613 51453.038867 167.082420
v 28479.127235 51441.381245 166.581506
v 28479.127235 51458.047912 166.711715
v 28490.784857 51446.390290 166.210801
v 28467.469613 51469.705534 167.212628
v 28465.069969 51431.363156 166.997441
v 28476.727591 51436.372201 166.626736
v 28474.327948 51431.363156 166.671965
v 28485.985570 51436.372201 166.301260
v 28483.585926 51431.363156 166.346489
v 28495.243548 51436.372201 165.975784
v 28492.843904 51431.363156 166.021013
v 28488.385213 51441.381245 166.256031
v 28497.643192 51441.381245 165.930555
v 28500.042835 51446.390290 165.885326
v 28524.042437 51496.466043 164.645448
v 28523.651493 51496.856988 164.663773
v 28524.229917 51496.856988 164.620843
v 28523.838972 51497.247933 164.639169
v 28524.417397 51497.247933 164.596239
v 28524.026452 51497.638878 164.614565
v 28524.604876 51497.638878 164.571635
v 28523.260548 51497.247933 164.682099
v 28523.448027 51497.638878 164.657495
v 28522.869603 51497.638878 164.700424
v 28522.869603 51494.020371 164.714559
v 28522.869603 51495.226540 164.709848
v 28523.260548 51494.835595 164.691522
v 28523.260548 51496.041764 164.686811
v 28523.651493 51495.650819 164.668485
v 28522.869603 51496.432709 164.705136
v 27989.145325 51368.789154 123.667055
v 27989.145325 51367.765988 123.824216
v 27988.540703 51368.370610 123.647775
v 27988.540703 51367.347444 123.805654
v 27987.936081 51367.952066 123.630335
v 27987.936081 51366.928900 123.788930
v 27987.331458 51367.533522 123.614735
v 27987.331458 51366.510355 123.774042
v 27986.726836 51367.114978 123.600971
v 27989.145325 51366.742822 123.981359
v 27988.540703 51366.324278 123.963512
v 27987.936081 51365.905733 123.947501
v 27989.145325 51365.719655 124.138483
v 27988.540703 51365.301111 124.121349
v 27989.145325 51364.696489 124.295585
v 27985.853409 51366.510355 123.594941
v 27986.458031 51365.905733 123.766398
v 27984.979982 51365.905733 123.592598
v 27985.584604 51365.301111 123.762440
v 27984.106555 51365.301111 123.593936
v 27984.711177 51364.696489 123.762162
v 27983.233128 51364.696489 123.598946
v 27987.062653 51365.301111 123.938243
v 27986.189226 51364.696489 123.932671
v 27987.667275 51364.696489 124.110478
v 28055.811991 51414.938549 132.485586
v 28055.811991 51402.378034 133.973258
v 28048.389576 51409.800449 130.832113
v 28048.389576 51397.239935 132.399757
v 28040.967161 51404.662350 129.381928
v 28040.967161 51392.101835 131.030714
v 28033.544745 51399.524250 128.142564
v 28033.544745 51386.963735 129.872868
v 28026.122330 51394.386151 127.119985
v 28055.811991 51389.817519 135.460929
v 28048.389576 51384.679420 133.964456
v 28040.967161 51379.541320 132.673337
v 28055.811991 51377.257004 136.943145
v 28048.389576 51372.118905 135.520819
v 28055.811991 51364.696489 138.414722
v 28039.145325 51364.696489 133.626043
v 28039.145325 51365.719655 133.524602
v 28022.478658 51365.719655 129.536605
v 28022.478658 51366.742822 129.416833
v 28005.811991 51366.742822 126.262995
v 28005.811991 51367.765988 126.124503
v 28022.478658 51364.696489 129.656418
v 28005.811991 51365.719655 126.401504
v 28005.811991 51364.696489 126.540029
v 28045.763044 51370.300712 134.915779
v 28029.096378 51371.323878 130.404556
v 28035.714097 51375.904934 131.591564
v 28019.047431 51376.928101 127.468920
v 28025.665150 51381.509157 128.446846
v 28008.998484 51382.532323 124.721310
v 28015.616203 51387.113380 125.485904
v 28012.429711 51372.347044 126.694353
v 28002.380764 51377.951267 124.163296
v 27995.763044 51373.370211 123.812168
v 28038.340629 51377.723127 132.117168
v 28030.918214 51385.145543 129.366250
v 28023.495798 51392.567958 126.663570
v 28028.291682 51383.327350 128.890829
v 28020.869267 51390.749765 126.238955
v 28018.242735 51388.931572 125.846341
v 28122.478658 51414.696489 152.695468
v 28108.238449 51428.936698 146.260581
v 28108.238449 51412.270031 148.269977
v 28093.998241 51426.510240 141.996121
v 28093.998241 51409.843573 144.112179
v 28079.758032 51424.083782 138.042545
v 28079.758032 51407.417115 140.281270
v 28065.517824 51421.657324 134.454657
v 28122.478658 51398.029823 154.619125
v 28108.238449 51395.603365 150.275691
v 28093.998241 51393.176906 146.218524
v 28122.478658 51381.363156 156.526243
v 28108.238449 51378.936698 152.260254
v 28122.478658 51364.696489 158.400059
v 28109.458810 51429.781482 146.562254
v 28095.218602 51427.355023 142.269813
v 28096.438963 51428.199807 142.546534
v 28082.198754 51425.773349 138.526087
v 28083.419115 51426.618133 138.773107
v 28069.178906 51424.191675 135.070730
v 28070.399267 51425.036458 135.283882
v 28080.978393 51424.928565 138.282553
v 28067.958545 51423.346891 134.861454
v 28066.738185 51422.502107 134.656085
v 28098.723824 51429.781482 143.072613
v 28087.988837 51429.781482 139.728347
v 28077.253851 51429.781482 136.551513
v 28085.703976 51428.199807 139.244827
v 28074.968989 51428.199807 136.115889
v 28072.684128 51426.618133 135.693266
v 28105.811991 51364.696489 152.656983
v 28105.811991 51377.257004 151.578494
v 28089.145325 51377.257004 146.172163
v 28089.145325 51389.817519 144.970807
v 28072.478658 51389.817519 139.937676
v 28072.478658 51402.378034 138.599519
v 28089.145325 51364.696489 147.364932
v 28072.478658 51377.257004 141.271947
v 28072.478658 51364.696489 142.597193
v 28091.571783 51391.497213 145.587317
v 28077.331574 51405.737421 139.704212
v 28063.091366 51419.977630 133.935195
v 28074.905116 51404.057728 139.143510
v 28060.664908 51418.297936 133.433659
v 28058.238449 51416.618243 132.950358
v 28189.145325 51414.696489 165.630208
v 28172.478658 51414.696489 161.984375
v 28155.811991 51414.696489 158.339480
v 28139.145325 51414.696489 154.747749
v 28189.145325 51398.029823 166.020833
v 28172.478658 51398.029823 162.375000
v 28155.811991 51398.029823 158.748939
v 28189.145325 51381.363156 166.411458
v 28172.478658 51381.363156 162.769518
v 28189.145325 51364.696489 166.801958
v 28172.478658 51364.696489 164.597037
v 28155.811991 51381.363156 160.598519
v 28139.145325 51398.029823 156.629012
v 28155.811991 51364.696489 162.437359
v 28139.145325 51381.363156 158.505850
v 28139.145325 51364.696489 160.360514
v 28255.811991 51414.696489 167.713542
v 28239.145325 51414.696489 166.997396
v 28222.478658 51414.696489 166.281250
v 28205.811991 51414.696489 165.565104
v 28255.811991 51398.029823 167.322917
v 28239.145325 51398.029823 166.606771
v 28222.478658 51398.029823 165.890625
v 28255.811991 51381.363156 166.932292
v 28239.145325 51381.363156 166.216146
v 28255.811991 51364.696489 166.541667
v 28239.145325 51364.696489 166.606771
v 28222.478658 51381.363156 166.281250
v 28205.811991 51398.029823 165.955729
v 28222.478658 51364.696489 166.671875
v 28205.811991 51381.363156 166.346354
v 28205.811991 51364.696489 166.736979
v 28322.478658 51414.696489 167.257812
v 28305.811991 51414.696489 167.388021
v 28289.145325 51414.696489 167.518229
v 28272.478658 51414.696489 167.648437
v 28322.478658 51398.029823 166.932292
v 28305.811991 51398.029823 167.062500
v 28289.145325 51398.029823 167.192708
v 28322.478658 51381.363156 166.606771
v 28305.811991 51381.363156 166.736979
v 28322.478658 51364.696489 166.281250
v 28305.811991 51364.696489 166.346354
v 28289.145325 51381.363156 166.802083
v 28272.478658 51398.029823 167.257812
v 28289.145325 51364.696489 166.411458
v 28272.478658 51381.363156 166.867188
v 28272.478658 51364.696489 166.476562
v 28389.145325 51414.696489 167.648438
v 28372.478658 51414.696489 167.583333
v 28355.811991 51414.696489 167.518229
v 28339.145325 51414.696489 167.453125
v 28389.145325 51398.029823 167.453125
v 28372.478658 51398.029823 167.388021
v 28355.811991 51398.029823 167.322917
v 28389.145325 51381.363156 167.257812
v 28372.478658 51381.363156 167.192708
v 28389.145325 51364.696489 167.062500
v 28372.478658 51364.696489 166.867188
v 28355.811991 51381.363156 166.997396
v 28339.145325 51398.029823 167.127604
v 28355.811991 51364.696489 166.671875
v 28339.145325 51381.363156 166.802083
v 28339.145325 51364.696489 166.476562
v 28405.811991 51414.888665 167.777895
v 28422.478658 51414.888665 167.647687
v 28422.478658 51398.414173 167.712040
v 28439.145325 51398.414173 167.581832
v 28439.145325 51381.939682 167.646185
v 28455.811991 51381.939682 167.515977
v 28455.811991 51365.465190 167.580331
v 28439.145325 51414.888665 167.517478
v 28455.811991 51398.414173 167.451624
v 28439.145325 51431.363156 167.453125
v 28455.811991 51414.888665 167.387270
v 28405.739511 51414.768970 167.778929
v 28422.406177 51398.294478 167.713074
v 28422.333697 51398.174784 167.714108
v 28439.000364 51381.700292 167.648253
v 28438.927883 51381.580598 167.649287
v 28455.594550 51365.106106 167.583432
v 28455.522069 51364.986412 167.584466
v 28439.072844 51381.819987 167.647219
v 28455.667030 51365.225801 167.582398
v 28455.739511 51365.345496 167.581364
v 28405.739511 51364.768970 167.192991
v 28405.739511 51381.435637 167.388304
v 28422.333697 51364.841450 167.323483
v 28422.333697 51381.508117 167.518795
v 28438.927883 51364.913931 167.453974
v 28405.739511 51398.102303 167.583616
v 28405.695620 51364.696489 167.191799
v 28422.289807 51364.768970 167.322291
v 28422.245916 51364.696489 167.321098
v 28438.840102 51364.768970 167.451590
v 28438.796212 51364.696489 167.450398
v 28455.390398 51364.768970 167.580889
v 28455.346508 51364.696489 167.579697
v 28438.883993 51364.841450 167.452782
v 28455.434288 51364.841450 167.582081
v 28455.478179 51364.913931 167.583274
v 28480.474355 51406.700792 166.744893
v 28474.308764 51412.866383 166.889399
v 28483.566742 51412.866383 166.563923
v 28477.401151 51419.031974 166.708429
v 28486.659129 51419.031974 166.382953
v 28480.493538 51425.197565 166.527459
v 28489.751516 51425.197565 166.201983
v 28468.143173 51419.031974 167.033905
v 28471.235560 51425.197565 166.852935
v 28461.977582 51425.197565 167.178411
v 28481.692128 51408.953293 166.675684
v 28484.784515 51415.118884 166.494714
v 28482.909902 51411.205793 166.606475
v 28486.002289 51417.371384 166.425505
v 28484.127675 51413.458293 166.537266
v 28487.220062 51419.623884 166.356296
v 28485.345449 51415.710794 166.468057
v 28487.876903 51421.284474 166.313744
v 28489.094676 51423.536975 166.244535
v 28490.969290 51427.450065 166.132774
v 28461.977582 51375.774091 167.371471
v 28461.977582 51392.248582 167.307118
v 28468.143173 51386.082991 167.162612
v 28468.143173 51402.557483 167.098258
v 28474.308764 51396.391892 166.953752
v 28461.977582 51408.723074 167.242764
v 28461.336967 51374.589153 167.393617
v 28467.502558 51384.898054 167.184757
v 28466.861943 51383.713116 167.206903
v 28473.027534 51394.022016 166.998043
v 28472.386918 51392.837078 167.020188
v 28478.552509 51403.145979 166.811329
v 28477.911894 51401.961041 166.833474
v 28473.668149 51395.206954 166.975898
v 28479.193124 51404.330917 166.789183
v 28479.833740 51405.515855 166.767038
v 27922.478658 51322.639759 133.998958
v 27922.478658 51316.487275 135.461206
v 27918.842956 51320.122977 134.985568
v 27918.842956 51313.970493 136.432587
v 27915.207254 51317.606195 135.994914
v 27915.207254 51311.453711 137.425339
v 27911.571551 51315.089413 137.024715
v 27911.571551 51308.936929 138.437148
v 27907.935849 51312.572632 138.072605
v 27922.478658 51310.334791 136.885004
v 27918.842956 51307.818009 137.840419
v 27915.207254 51305.301227 138.815841
v 27922.478658 51304.182307 138.270037
v 27918.842956 51301.665525 139.208770
v 27922.478658 51298.029823 139.616021
v 27904.461549 51308.936929 138.575540
v 27908.097251 51305.301227 139.207569
v 27900.987249 51305.301227 138.323686
v 27904.622952 51301.665525 138.955714
v 27897.512950 51301.665525 138.071831
v 27901.148652 51298.029823 138.703860
v 27894.038650 51298.029823 137.819977
v 27911.732954 51301.665525 139.839597
v 27908.258654 51298.029823 139.587743
v 27915.368656 51298.029823 140.410321
v 27907.464406 51312.246279 138.212159
v 27903.990106 51308.610577 138.533095
v 27906.992963 51311.919927 138.351934
v 27903.518663 51308.284225 138.490649
v 27906.521519 51311.593575 138.491926
v 27903.047219 51307.957872 138.448204
v 27906.050076 51311.267222 138.632129
v 27900.515806 51304.974875 138.281240
v 27900.044363 51304.648522 138.238795
v 27897.041506 51301.339173 138.029386
v 27989.145325 51348.029823 127.875862
v 27978.691829 51358.483318 124.545354
v 27978.691829 51341.816651 128.206973
v 27968.238334 51352.270147 125.235919
v 27968.238334 51335.603480 128.962820
v 27957.784838 51346.056976 126.348233
v 27957.784838 51329.390309 130.121629
v 27947.331343 51339.843805 127.857255
v 27989.145325 51331.363156 131.314203
v 27978.691829 51325.149985 131.712851
v 27968.238334 51318.936814 132.519576
v 27989.145325 51314.696489 134.598577
v 27978.691829 51308.483318 135.051688
v 27989.145325 51298.029823 137.718461
v 27982.067278 51360.819942 124.342227
v 27971.613783 51354.606771 124.890702
v 27974.989232 51356.943395 124.591086
v 27964.535737 51350.730224 125.430874
v 27967.911186 51353.066848 125.037592
v 27957.457690 51346.853677 126.159515
v 27960.833140 51349.190301 125.675984
v 27961.160287 51348.393600 125.868078
v 27954.082241 51344.517053 126.684996
v 27950.706792 51342.180429 127.251306
v 27980.589229 51360.819942 124.196596
v 27979.111180 51360.819942 124.058212
v 27977.633131 51360.819942 123.927065
v 27973.511183 51356.943395 124.484395
v 27972.033134 51356.943395 124.384862
v 27966.433137 51353.066848 124.969098
v 27972.478658 51298.029823 137.125373
v 27972.478658 51304.182307 135.825647
v 27955.811991 51304.182307 135.954826
v 27955.811991 51310.334791 134.592627
v 27939.145325 51310.334791 135.411341
v 27939.145325 51316.487275 133.994432
v 27955.811991 51298.029823 137.282840
v 27939.145325 51304.182307 136.792066
v 27939.145325 51298.029823 138.136280
v 27962.025163 51314.635802 133.503794
v 27951.571667 51325.089298 131.314593
v 27941.118172 51335.542793 129.257242
v 27945.358496 51320.788286 132.608250
v 27934.905000 51331.241782 130.753568
v 27928.691829 51326.940770 132.337335
v 28055.811991 51348.029823 140.695997
v 28039.145325 51348.029823 136.140342
v 28022.478658 51348.029823 132.412641
v 28005.811991 51348.029823 129.539900
v 28055.811991 51331.363156 142.911049
v 28039.145325 51331.363156 138.583607
v 28022.478658 51331.363156 135.090499
v 28055.811991 51314.696489 145.048432
v 28039.145325 51314.696489 140.944342
v 28055.811991 51298.029823 147.097837
v 28039.145325 51298.029823 143.581605
v 28022.478658 51314.696489 138.038852
v 28005.811991 51331.363156 132.802889
v 28022.478658 51298.029823 140.845919
v 28005.811991 51314.696489 135.924890
v 28005.811991 51298.029823 138.894932
v 28122.478658 51348.029823 159.263153
v 28105.811991 51348.029823 153.658905
v 28089.145325 51348.029823 148.535677
v 28072.478658 51348.029823 143.960772
v 28122.478658 51331.363156 160.107117
v 28105.811991 51331.363156 154.647563
v 28089.145325 51331.363156 149.696646
v 28122.478658 51314.696489 160.925321
v 28105.811991 51314.696489 155.615902
v 28122.478658 51298.029823 161.711690
v 28105.811991 51298.029823 157.299928
v 28089.145325 51314.696489 151.571233
v 28072.478658 51331.363156 146.034663
v 28089.145325 51298.029823 153.367453
v 28072.478658 51314.696489 148.036720
v 28072.478658 51298.029823 149.956276
v 28189.145325 51348.029823 166.605469
v 28172.478658 51348.029823 164.414707
v 28155.811991 51348.029823 162.287484
v 28139.145325 51348.029823 160.259242
v 28189.145325 51331.363156 166.408654
v 28172.478658 51331.363156 164.239231
v 28155.811991 51331.363156 162.150602
v 28189.145325 51314.696489 166.212591
v 28172.478658 51314.696489 164.071276
v 28189.145325 51298.029823 166.018288
v 28172.478658 51298.029823 164.837312
v 28155.811991 51314.696489 162.945261
v 28139.145325 51331.363156 161.086312
v 28155.811991 51298.029823 163.715930
v 28139.145325 51314.696489 161.891936
v 28139.145325 51298.029823 162.669615
v 28255.811991 51348.029823 166.346354
v 28239.145325 51348.029823 166.411458
v 28222.478658 51348.029823 166.476562
v 28205.811991 51348.029823 166.541667
v 28255.811991 51331.363156 166.151042
v 28239.145325 51331.363156 166.216146
v 28222.478658 51331.363156 166.281250
v 28255.811991 51314.696489 165.955729
v 28239.145325 51314.696489 166.020833
v 28255.811991 51298.029823 165.760417
v 28239.145325 51298.029823 165.825522
v 28222.478658 51314.696489 166.086009
v 28205.811991 51331.363156 166.346183
v 28222.478658 51298.029823 165.891682
v 28205.811991 51314.696489 166.150994
v 28205.811991 51298.029823 165.957151
v 28322.478658 51348.029823 166.476562
v 28305.811991 51348.029823 166.541667
v 28289.145325 51348.029823 166.606771
v 28272.478658 51348.029823 166.671875
v 28322.478658 51331.363156 166.671875
v 28305.811991 51331.363156 166.736979
v 28289.145325 51331.363156 166.802083
v 28322.478658 51314.696489 166.867188
v 28305.811991 51314.696489 166.932292
v 28322.478658 51298.029823 167.062500
v 28305.811991 51298.029823 166.736979
v 28289.145325 51314.696489 166.606771
v 28272.478658 51331.363156 166.476563
v 28289.145325 51298.029823 166.411458
v 28272.478658 51314.696489 166.281250
v 28272.478658 51298.029823 166.085938
v 28389.145325 51348.029823 167.388021
v 28372.478658 51348.029823 167.192708
v 28355.811991 51348.029823 166.997396
v 28339.145325 51348.029823 166.802083
v 28389.145325 51331.363156 167.713542
v 28372.478658 51331.363156 167.518229
v 28355.811991 51331.363156 167.322917
v 28389.145325 51314.696489 168.039062
v 28372.478658 51314.696489 167.843750
v 28389.145325 51298.029823 168.364583
v 28372.478658 51298.029823 168.039062
v 28355.811991 51314.696489 167.518229
v 28339.145325 51331.363156 166.997396
v 28355.811991 51298.029823 167.713542
v 28339.145325 51314.696489 167.192708
v 28339.145325 51298.029823 167.388021
v 28428.882578 51324.959236 167.838618
v 28418.948265 51334.893549 167.644589
v 28435.498561 51334.893549 167.773888
v 28425.564247 51344.827862 167.579858
v 28442.114543 51344.827862 167.709157
v 28432.180230 51354.762176 167.515128
v 28448.730525 51354.762176 167.644427
v 28409.013952 51344.827862 167.450559
v 28415.629934 51354.762176 167.385829
v 28399.079638 51354.762176 167.256530
v 28432.580477 51330.074616 167.807562
v 28439.196459 51340.008929 167.742832
v 28436.278375 51335.189996 167.776506
v 28442.894358 51345.124310 167.711776
v 28439.976274 51340.305376 167.745450
v 28446.592256 51350.239690 167.680720
v 28443.674172 51345.420757 167.714394
v 28445.812442 51349.943243 167.678101
v 28449.510340 51355.058623 167.647045
v 28452.428424 51359.877556 167.613371
v 28399.079638 51304.762176 168.233092
v 28399.079638 51321.428843 167.907571
v 28409.013952 51311.494529 168.101601
v 28409.013952 51328.161196 167.776080
v 28418.948265 51318.226882 167.970110
v 28399.079638 51338.095509 167.582050
v 28398.964735 51304.603228 168.236197
v 28408.899048 51311.335581 168.104705
v 28408.784145 51311.176633 168.107810
v 28418.718459 51317.908986 167.976318
v 28418.603555 51317.750038 167.979423
v 28428.537869 51324.482391 167.847932
v 28428.422965 51324.323443 167.851036
v 28418.833362 51318.067934 167.973214
v 28428.652772 51324.641339 167.844827
v 28428.767675 51324.800287 167.841723
v 28393.344687 51298.029823 168.364583
v 28403.164097 51304.603228 168.236197
v 28397.544049 51298.029823 168.364583
v 28407.363459 51304.603228 168.236197
v 28401.743411 51298.029823 168.364583
v 28411.562822 51304.603228 168.236197
v 28405.942774 51298.029823 168.364583
v 28412.983507 51311.176633 168.107810
v 28417.182870 51311.176633 168.107810
v 28422.802918 51317.750038 167.979423
v 27855.811991 51254.830816 134.912337
v 27855.811991 51248.963901 136.908640
v 27853.712332 51251.063560 136.351358
v 27853.712332 51245.196645 138.317339
v 27851.612673 51247.296304 137.779416
v 27851.612673 51241.429389 139.712650
v 27849.513014 51243.529048 139.194187
v 27849.513014 51237.662133 141.092222
v 27847.413355 51239.761792 140.593308
v 27855.811991 51243.096986 138.848425
v 27853.712332 51239.329730 140.224325
v 27851.612673 51235.562474 141.584402
v 27855.811991 51237.230071 140.729235
v 27853.712332 51233.462815 142.069873
v 27855.811991 51231.363156 142.548659
v 27846.243122 51237.662133 141.386892
v 27848.342781 51235.562474 141.874595
v 27845.072889 51235.562474 142.172799
v 27847.172548 51233.462815 142.649276
v 27843.902655 51233.462815 142.950637
v 27846.002314 51231.363156 143.415876
v 27842.732422 51231.363156 143.720013
v 27850.442440 51233.462815 142.355598
v 27849.272207 51231.363156 143.119090
v 27852.542099 51231.363156 142.829927
v 27922.478658 51281.363156 141.355509
v 27910.822339 51293.019475 139.906448
v 27910.822339 51276.352809 139.906448
v 27899.166019 51288.009128 138.457388
v 27899.166019 51271.342461 138.457388
v 27887.509700 51282.998780 137.008327
v 27887.509700 51266.332114 137.008327
v 27875.853381 51277.988433 135.559267
v 27922.478658 51264.696489 141.355509
v 27910.822339 51259.686142 139.906448
v 27899.166019 51254.675794 138.457388
v 27922.478658 51248.029823 141.355509
v 27910.822339 51243.019475 139.906448
v 27922.478658 51231.363156 141.355509
v 27903.712337 51293.019475 139.022565
v 27896.602335 51293.019475 138.138682
v 27889.492333 51293.019475 137.254799
v 27892.056017 51288.009128 137.573505
v 27884.946015 51288.009128 136.689622
v 27880.399698 51282.998780 136.124444
v 27905.811991 51231.363156 139.553103
v 27905.811991 51237.230071 139.458229
v 27889.145325 51237.230071 138.377828
v 27889.145325 51243.096986 137.560949
v 27872.478658 51243.096986 137.578693
v 27872.478658 51248.963901 135.678250
v 27889.145325 51231.363156 140.130142
v 27872.478658 51237.230071 139.426740
v 27872.478658 51231.363156 141.220103
v 27906.198703 51237.923917 139.488829
v 27889.532036 51243.790832 137.591549
v 27889.918747 51244.484678 137.622149
v 27873.252080 51250.351593 135.724870
v 27873.638792 51251.045440 135.755470
v 27856.972125 51256.912355 134.100568
v 27857.358836 51257.606201 133.888790
v 27872.865369 51249.657747 135.694269
v 27856.585414 51256.218509 134.371516
v 27856.198703 51255.524662 134.642110
v 27894.542383 51249.580236 138.039769
v 27882.886064 51261.236556 136.590708
v 27871.229745 51272.892875 135.141648
v 27878.262428 51256.140998 136.173089
v 27866.606109 51267.797317 134.724029
v 27861.982472 51262.701759 134.306409
v 27989.145325 51281.363156 139.023836
v 27972.478658 51281.363156 138.749158
v 27955.811991 51281.363156 139.193033
v 27939.145325 51281.363156 140.292393
v 27989.145325 51264.696489 140.409502
v 27972.478658 51264.696489 140.434665
v 27955.811991 51264.696489 141.141862
v 27989.145325 51248.029823 141.864797
v 27972.478658 51248.029823 142.169044
v 27989.145325 51231.363156 143.378193
v 27972.478658 51231.363156 144.353889
v 27955.811991 51248.029823 143.508963
v 27939.145325 51264.696489 142.833875
v 27955.811991 51231.363156 144.724491
v 27939.145325 51248.029823 143.040000
v 27939.145325 51231.363156 143.040000
v 28055.811991 51281.363156 146.317460
v 28039.145325 51281.363156 143.205978
v 28022.478658 51281.363156 140.877016
v 28005.811991 51281.363156 139.326098
v 28055.811991 51264.696489 145.723892
v 28039.145325 51264.696489 143.017626
v 28022.478658 51264.696489 141.090777
v 28055.811991 51248.029823 145.316641
v 28039.145325 51248.029823 143.013164
v 28055.811991 51231.363156 145.093642
v 28039.145325 51231.363156 143.729446
v 28022.478658 51248.029823 142.005244
v 28005.811991 51264.696489 140.437093
v 28022.478658 51231.363156 143.009795
v 28005.811991 51248.029823 141.633672
v 28005.811991 51231.363156 142.906256
v 28122.478658 51281.363156 159.014482
v 28105.811991 51281.363156 154.909151
v 28089.145325 51281.363156 151.311924
v 28072.478658 51281.363156 148.257732
v 28122.478658 51264.696489 156.512047
v 28105.811991 51264.696489 152.732862
v 28089.145325 51264.696489 149.485861
v 28122.478658 51248.029823 154.217836
v 28105.811991 51248.029823 150.781346
v 28122.478658 51231.363156 152.143188
v 28105.811991 51231.363156 149.647348
v 28089.145325 51248.029823 148.468404
v 28072.478658 51264.696489 147.358229
v 28089.145325 51231.363156 147.635126
v 28072.478658 51248.029823 146.644452
v 28072.478658 51231.363156 146.116782
v 28189.145325 51281.363156 163.276510
v 28172.478658 51281.363156 162.186068
v 28155.811991 51281.363156 161.175726
v 28139.145325 51281.363156 160.258502
v 28189.145325 51264.696489 160.629364
v 28172.478658 51264.696489 159.650639
v 28155.811991 51264.696489 158.770150
v 28189.145325 51248.029823 158.096494
v 28172.478658 51248.029823 157.248564
v 28189.145325 51231.363156 155.695766
v 28172.478658 51231.363156 154.546364
v 28155.811991 51248.029823 156.071374
v 28139.145325 51264.696489 157.561352
v 28155.811991 51231.363156 153.564482
v 28139.145325 51248.029823 155.057518
v 28139.145325 51231.363156 152.760887
v 28255.811991 51281.363156 164.197917
v 28239.145325 51281.363156 164.266546
v 28222.478658 51281.363156 164.345849
v 28205.811991 51281.363156 164.431887
v 28255.811991 51264.696489 162.637578
v 28239.145325 51264.696489 162.723902
v 28222.478658 51264.696489 162.828540
v 28255.811991 51248.029823 161.094321
v 28239.145325 51248.029823 161.211025
v 28255.811991 51231.363156 159.582217
v 28239.145325 51231.363156 158.471925
v 28222.478658 51248.029823 160.091202
v 28205.811991 51264.696489 161.693618
v 28222.478658 51231.363156 157.444947
v 28205.811991 51248.029823 159.048174
v 28205.811991 51231.363156 156.515529
v 28322.478658 51281.363156 166.541667
v 28305.811991 51281.363156 166.216146
v 28289.145325 51281.363156 165.890625
v 28272.478658 51281.363156 165.565104
v 28322.478658 51264.696489 166.020833
v 28305.811991 51264.696489 165.695312
v 28289.145325 51264.696489 165.369792
v 28322.478658 51248.029823 165.500000
v 28305.811991 51248.029823 165.174479
v 28322.478658 51231.363156 164.979167
v 28305.811991 51231.363156 163.611979
v 28289.145325 51248.029823 163.807292
v 28272.478658 51264.696489 164.002604
v 28289.145325 51231.363156 162.244792
v 28272.478658 51248.029823 162.440256
v 28272.478658 51231.363156 160.889347
v 28339.145325 51293.118101 167.407207
v 28355.811991 51293.118101 167.732728
v 28355.811991 51288.206380 167.751914
v 28372.478658 51288.206380 168.077435
v 28372.478658 51283.294658 168.096622
v 28389.145325 51283.294658 168.422143
v 28389.145325 51278.382937 168.441329
v 28372.478658 51293.118101 168.058249
v 28389.145325 51288.206380 168.402956
v 28389.145325 51293.118101 168.383770
v 28338.140323 51291.942616 167.392170
v 28354.806989 51287.030894 167.736877
v 28353.801987 51285.855409 167.721840
v 28370.468654 51280.943687 168.066547
v 28369.463652 51279.768202 168.051510
v 28386.130319 51274.856480 168.396217
v 28385.125317 51273.680995 168.381180
v 28371.473656 51282.119173 168.081585
v 28387.135321 51276.031966 168.411255
v 28388.140323 51277.207452 168.426292
v 28335.713550 51289.347050 167.354911
v 28351.375215 51283.259843 167.684581
v 28348.948443 51280.664277 167.647322
v 28364.610108 51274.577070 167.976992
v 28362.183335 51271.981504 167.939733
v 28377.845000 51265.894297 168.269403
v 28375.418228 51263.298731 168.232144
v 28367.036880 51277.172636 168.014251
v 28380.271772 51268.489863 168.306662
v 28382.698545 51271.085429 168.343921
v 28333.412828 51287.095653 167.318770
v 28346.647720 51278.412880 167.611181
v 28344.346998 51276.161483 167.575039
v 28357.581890 51267.478710 167.867450
v 28355.281168 51265.227313 167.831309
v 28368.516060 51256.544540 168.123720
v 28366.215337 51254.293143 168.087578
v 28359.882613 51269.730107 167.903592
v 28370.816783 51258.795937 168.159861
v 28373.117505 51261.047334 168.196003
v 28333.412828 51237.095653 165.756270
v 28333.412828 51253.762319 166.277103
v 28344.346998 51242.828150 166.533373
v 28344.346998 51259.494816 167.054206
v 28355.281168 51248.560646 167.310475
v 28333.412828 51270.428986 166.797936
v 28327.554738 51231.363156 165.256765
v 28338.488908 51237.095653 166.033868
v 28332.630818 51231.363156 165.534363
v 28343.564988 51237.095653 166.311466
v 28337.706898 51231.363156 165.811961
v 28348.641068 51237.095653 166.589064
v 28342.782979 51231.363156 166.089559
v 28349.423078 51242.828150 166.810971
v 28354.499158 51242.828150 167.088569
v 28360.357248 51248.560646 167.588074
v 28398.200712 51288.974435 168.506074
v 28395.936865 51291.238282 168.470701
v 28400.136227 51291.238282 168.470701
v 28397.872381 51293.502129 168.435329
v 28402.071743 51293.502129 168.435329
v 28399.807896 51295.765976 168.399956
v 28404.007258 51295.765976 168.399956
v 28393.673018 51293.502129 168.435329
v 28395.608534 51295.765976 168.399956
v 28391.409171 51295.765976 168.399956
v 28391.409171 51281.030812 168.457515
v 28391.409171 51285.942533 168.438329
v 28393.673018 51283.678686 168.473701
v 28393.673018 51288.590408 168.454515
v 28395.936865 51286.326561 168.489888
v 28391.409171 51290.854254 168.419142
v 27855.811991 51214.696489 146.200632
v 27847.747919 51222.760562 145.178116
v 27847.747919 51206.093895 148.934759
v 27839.683846 51214.157968 147.947191
v 27839.683846 51197.491302 151.697426
v 27831.619773 51205.555375 150.765361
v 27831.619773 51188.888708 154.388658
v 27823.555700 51196.952781 153.534249
v 27855.811991 51198.029823 149.894467
v 27847.747919 51189.427229 152.597345
v 27839.683846 51180.824635 155.206344
v 27855.811991 51181.363156 153.464360
v 27847.747919 51172.760562 155.986514
v 27855.811991 51164.696489 156.728374
v 27848.090417 51223.375847 145.006872
v 27840.026344 51214.773253 147.770778
v 27840.368843 51215.388538 147.594469
v 27832.304770 51206.785944 150.413377
v 27832.647268 51207.401229 150.237025
v 27824.583196 51198.798635 153.024979
v 27824.925694 51199.413919 152.853998
v 27831.962271 51206.170659 150.589497
v 27824.240697 51198.183350 153.195365
v 27823.898198 51197.568065 153.365129
v 27844.820525 51223.375847 145.324094
v 27841.550632 51223.375847 145.647439
v 27838.280740 51223.375847 145.976611
v 27837.098950 51215.388538 147.936114
v 27833.829058 51215.388538 148.281949
v 27829.377376 51207.401229 150.590563
v 27819.066830 51188.888708 155.717066
v 27827.130902 51180.824635 156.485553
v 27814.577959 51180.824635 157.705448
v 27822.642032 51172.760562 158.373539
v 27810.089089 51172.760562 159.444817
v 27818.153162 51164.696489 159.997360
v 27805.600219 51164.696489 160.877919
v 27835.194975 51172.760562 157.213721
v 27830.706105 51164.696489 158.997561
v 27843.259048 51164.696489 157.900749
v 27922.478658 51214.696489 140.990970
v 27905.811991 51214.696489 141.915027
v 27889.145325 51214.696489 143.088427
v 27872.478658 51214.696489 144.479050
v 27922.478658 51198.029823 143.680706
v 27905.811991 51198.029823 144.924439
v 27889.145325 51198.029823 146.362973
v 27922.478658 51181.363156 146.720206
v 27905.811991 51181.363156 148.191934
v 27922.478658 51164.696489 149.957214
v 27905.811991 51164.696489 151.651371
v 27889.145325 51181.363156 149.910431
v 27872.478658 51198.029823 148.090443
v 27889.145325 51164.696489 153.372043
v 27872.478658 51181.363156 151.680922
v 27872.478658 51164.696489 155.078675
v 27989.145325 51214.696489 142.795890
v 27972.478658 51214.696489 144.219143
v 27955.811991 51214.696489 142.534652
v 27939.145325 51214.696489 140.850161
v 27989.145325 51198.029823 142.703944
v 27972.478658 51198.029823 142.029305
v 27955.811991 51198.029823 141.526846
v 27989.145325 51181.363156 142.186739
v 27972.478658 51181.363156 142.946398
v 27989.145325 51164.696489 144.387816
v 27972.478658 51164.696489 145.544751
v 27955.811991 51181.363156 144.015087
v 27939.145325 51198.029823 142.494291
v 27955.811991 51164.696489 146.880411
v 27939.145325 51181.363156 145.283161
v 27939.145325 51164.696489 148.362733
v 28055.811991 51214.696489 141.859883
v 28039.145325 51214.696489 141.169798
v 28022.478658 51214.696489 141.103977
v 28005.811991 51214.696489 141.623419
v 28055.811991 51198.029823 139.250623
v 28039.145325 51198.029823 139.220646
v 28022.478658 51198.029823 139.785870
v 28055.811991 51181.363156 137.256508
v 28039.145325 51181.363156 137.865542
v 28055.811991 51164.696489 135.862567
v 28039.145325 51164.696489 137.218889
v 28022.478658 51181.363156 139.162506
v 28005.811991 51198.029823 141.021467
v 28022.478658 51164.696489 139.048080
v 28005.811991 51181.363156 140.919253
v 28005.811991 51164.696489 143.409294
v 28122.478658 51214.696489 145.934805
v 28105.811991 51214.696489 144.075167
v 28089.145325 51214.696489 142.716608
v 28072.478658 51214.696489 141.860174
v 28122.478658 51198.029823 140.373096
v 28105.811991 51198.029823 139.169564
v 28089.145325 51198.029823 138.476097
v 28122.478658 51181.363156 135.477699
v 28105.811991 51181.363156 134.942857
v 28122.478658 51164.696489 131.262176
v 28105.811991 51164.696489 131.797112
v 28089.145325 51181.363156 135.303126
v 28072.478658 51198.029823 138.657753
v 28089.145325 51164.696489 132.761170
v 28072.478658 51181.363156 136.083021
v 28072.478658 51164.696489 134.127717
v 28189.145325 51214.696489 147.641615
v 28172.478658 51214.696489 146.917020
v 28155.811991 51214.696489 146.396145
v 28139.145325 51214.696489 146.083572
v 28189.145325 51198.029823 140.088866
v 28172.478658 51198.029823 139.834888
v 28155.811991 51198.029823 139.813782
v 28189.145325 51181.363156 133.084186
v 28172.478658 51181.363156 133.339841
v 28189.145325 51164.696489 126.668212
v 28172.478658 51164.696489 127.417012
v 28155.811991 51181.363156 133.802677
v 28139.145325 51198.029823 139.977081
v 28155.811991 51164.696489 128.441882
v 28139.145325 51181.363156 134.518828
v 28139.145325 51164.696489 129.729228
v 28255.811991 51214.696489 151.673717
v 28239.145325 51214.696489 150.756970
v 28222.478658 51214.696489 149.972643
v 28205.811991 51214.696489 149.329980
v 28255.811991 51198.029823 143.984590
v 28239.145325 51198.029823 143.323297
v 28222.478658 51198.029823 142.837635
v 28255.811991 51181.363156 136.577535
v 28239.145325 51181.363156 136.227839
v 28255.811991 51164.696489 129.510092
v 28239.145325 51164.696489 128.285413
v 28222.478658 51181.363156 134.867759
v 28205.811991 51198.029823 141.322687
v 28222.478658 51164.696489 127.397590
v 28205.811991 51181.363156 133.815753
v 28205.811991 51164.696489 126.856746
v 28272.478658 51226.613251 159.083580
v 28289.145325 51226.613251 160.426469
v 28289.145325 51221.863347 158.609146
v 28305.811991 51221.863347 159.975334
v 28305.811991 51217.113442 158.157011
v 28322.478658 51217.113442 159.524198
v 28322.478658 51212.363538 157.705875
v 28305.811991 51226.613251 161.793656
v 28322.478658 51221.863347 161.342521
v 28322.478658 51226.613251 163.160844
v 28268.688406 51223.484821 157.604408
v 28285.355072 51218.734916 157.109242
v 28281.564820 51215.606485 155.621216
v 28298.231487 51210.856581 155.140398
v 28294.441234 51207.728150 153.640834
v 28311.107901 51202.978245 153.180311
v 28307.317649 51199.849815 151.671804
v 28302.021739 51213.985012 156.648489
v 28314.898153 51206.106676 154.688832
v 28318.688406 51209.235107 156.197354
v 28265.734879 51221.440268 156.610560
v 28278.611293 51213.561933 154.620512
v 28275.657766 51211.517381 153.629083
v 28288.534181 51203.639046 151.630428
v 28285.580654 51201.594494 150.639728
v 28298.457068 51193.716158 148.636171
v 28295.503541 51191.671606 147.644473
v 28291.487707 51205.683598 152.631208
v 28301.410595 51195.760710 149.638782
v 28304.364122 51197.805263 150.651080
v 28265.734879 51171.440268 133.594453
v 28265.734879 51188.106935 141.007815
v 28275.657766 51178.184048 138.014983
v 28275.657766 51194.850714 145.715168
v 28285.580654 51184.927827 142.718297
v 28265.734879 51204.773602 148.700930
v 28255.992925 51164.696489 129.530468
v 28265.915812 51171.440268 133.618646
v 28256.173858 51164.696489 129.550887
v 28266.096746 51171.440268 133.642875
v 28256.354792 51164.696489 129.571346
v 28266.277679 51171.440268 133.667141
v 28256.535725 51164.696489 129.591846
v 28275.838700 51178.184048 138.042490
v 28276.019633 51178.184048 138.070029
v 28285.761587 51184.927827 142.748546
v 28332.520812 51221.321002 162.939354
v 28330.010273 51223.831541 163.449307
v 28335.086354 51223.831541 163.726905
v 28332.575815 51226.342079 164.236859
v 28337.651895 51226.342079 164.514457
v 28335.141357 51228.852618 165.024410
v 28340.217437 51228.852618 165.302008
v 28327.499735 51226.342079 163.959260
v 28330.065277 51228.852618 164.746812
v 28324.989196 51228.852618 164.469214
v 28324.989196 51214.602904 159.014245
v 28324.989196 51219.352808 160.832568
v 28327.499735 51216.842270 160.322615
v 28327.499735 51221.592175 162.140938
v 28330.010273 51219.081636 161.630984
v 28324.989196 51224.102713 162.650891
v 28323.897638 51213.534748 158.409202
v 28326.408177 51215.774114 159.717572
v 28325.316618 51214.705957 159.112529
v 28327.827157 51216.945324 160.420899
v 28326.735598 51215.877167 159.815856
v 28329.246137 51218.116533 161.124225
v 28328.154578 51217.048377 160.519182
v 28328.918715 51218.013480 161.025941
v 28330.337695 51219.184690 161.729268
v 28331.429253 51220.252846 162.334311
v 27789.145325 51130.775287 162.735061
v 27789.145325 51122.588921 162.735061
v 27787.151013 51124.583233 162.735061
v 27787.151013 51116.396867 162.713459
v 27785.156701 51118.391179 162.723706
v 27785.156701 51110.204813 162.655457
v 27783.162389 51112.199125 162.665704
v 27783.162389 51104.012758 162.597455
v 27781.168077 51106.007070 162.607702
v 27789.145325 51114.402555 162.703212
v 27787.151013 51108.210501 162.645210
v 27785.156701 51102.018447 162.587208
v 27789.145325 51106.216189 162.634963
v 27787.151013 51100.024135 162.576961
v 27789.145325 51098.029823 162.566714
v 27780.525757 51104.012758 162.589021
v 27782.520069 51102.018447 162.578774
v 27779.883437 51102.018447 162.570340
v 27781.877749 51100.024135 162.560093
v 27779.241117 51100.024135 162.551659
v 27781.235429 51098.029823 162.541412
v 27778.598797 51098.029823 162.532978
v 27784.514381 51100.024135 162.568527
v 27783.872061 51098.029823 162.549846
v 27786.508693 51098.029823 162.558280
v 27855.811991 51148.029823 159.424684
v 27841.788001 51162.053813 158.460919
v 27841.788001 51145.387146 160.799308
v 27827.764011 51159.411137 159.996217
v 27827.764011 51142.744470 161.862310
v 27813.740020 51156.768460 161.262134
v 27813.740020 51140.101794 162.535664
v 27799.716030 51154.125784 162.182760
v 27855.811991 51131.363156 161.482505
v 27841.788001 51128.720480 162.317985
v 27827.764011 51126.077803 162.718278
v 27855.811991 51114.696489 162.614906
v 27841.788001 51112.053813 162.735061
v 27855.811991 51098.029823 162.735061
v 27829.235058 51162.053813 159.510825
v 27816.682115 51162.053813 160.453027
v 27804.129172 51162.053813 161.264922
v 27815.211068 51159.411137 160.875500
v 27802.658124 51159.411137 161.613227
v 27801.187077 51156.768460 161.920099
v 27839.145325 51098.029823 162.726655
v 27839.145325 51106.216189 162.735061
v 27822.478658 51106.216189 162.735061
v 27822.478658 51114.402555 162.735061
v 27805.811991 51114.402555 162.735061
v 27805.811991 51122.588921 162.735061
v 27822.478658 51098.029823 162.673342
v 27805.811991 51106.216189 162.688277
v 27805.811991 51098.029823 162.620028
v 27839.978529 51108.803171 162.735061
v 27823.311863 51116.989537 162.735061
v 27824.145068 51119.576519 162.735061
v 27807.478401 51127.762885 162.735061
v 27808.311606 51130.349868 162.735061
v 27791.644939 51138.536234 162.735061
v 27792.478144 51141.123216 162.735061
v 27806.645196 51125.175903 162.735061
v 27790.811734 51135.949252 162.735061
v 27789.978529 51133.362270 162.735061
v 27825.954539 51122.827161 162.737412
v 27811.930549 51136.851152 162.679975
v 27797.906559 51150.875142 162.442041
v 27810.121077 51133.600510 162.739698
v 27796.097087 51147.624500 162.623721
v 27794.287615 51144.373858 162.723016
v 27922.478658 51148.029823 153.096602
v 27905.811991 51148.029823 154.793858
v 27889.145325 51148.029823 156.444713
v 27872.478658 51148.029823 158.004506
v 27922.478658 51131.363156 156.162654
v 27905.811991 51131.363156 157.732045
v 27889.145325 51131.363156 159.174912
v 27922.478658 51114.696489 158.920389
v 27905.811991 51114.696489 160.218308
v 27922.478658 51098.029823 161.112658
v 27905.811991 51098.029823 161.982495
v 27889.145325 51114.696489 161.301703
v 27872.478658 51131.363156 160.441420
v 27889.145325 51098.029823 162.544455
v 27872.478658 51114.696489 162.119121
v 27872.478658 51098.029823 162.741101
v 27989.145325 51148.029823 146.833179
v 27972.478658 51148.029823 148.255270
v 27955.811991 51148.029823 149.798675
v 27939.145325 51148.029823 151.427094
v 27989.145325 51131.363156 149.655937
v 27972.478658 51131.363156 151.240597
v 27955.811991 51131.363156 152.881811
v 27989.145325 51114.696489 152.673162
v 27972.478658 51114.696489 154.305074
v 27989.145325 51098.029823 155.679908
v 27972.478658 51098.029823 157.228238
v 27955.811991 51114.696489 155.917915
v 27939.145325 51131.363156 154.534726
v 27955.811991 51098.029823 158.683151
v 27939.145325 51114.696489 157.472216
v 27939.145325 51098.029823 159.995247
v 28055.811991 51148.029823 134.620970
v 28039.145325 51148.029823 136.597015
v 28022.478658 51148.029823 144.349594
v 28005.811991 51148.029823 145.470081
v 28055.811991 51131.363156 134.012577
v 28039.145325 51131.363156 145.387845
v 28022.478658 51131.363156 146.633582
v 28055.811991 51114.696489 146.511436
v 28039.145325 51114.696489 147.864661
v 28055.811991 51098.029823 149.148871
v 28039.145325 51098.029823 150.738698
v 28022.478658 51114.696489 149.398419
v 28005.811991 51131.363156 148.091421
v 28022.478658 51098.029823 152.382211
v 28005.811991 51114.696489 151.013023
v 28005.811991 51098.029823 154.042372
v 28122.478658 51148.029823 126.956874
v 28105.811991 51148.029823 128.208290
v 28089.145325 51148.029823 129.872515
v 28072.478658 51148.029823 131.913755
v 28122.478658 51131.363156 123.437161
v 28105.811991 51131.363156 125.396070
v 28089.145325 51131.363156 127.742414
v 28122.478658 51114.696489 120.698990
v 28105.811991 51114.696489 123.348251
v 28122.478658 51098.029823 118.731370
v 28105.811991 51098.029823 122.420234
v 28089.145325 51114.696489 126.710889
v 28072.478658 51131.363156 130.777532
v 28089.145325 51098.029823 126.327173
v 28072.478658 51114.696489 130.281634
v 28072.478658 51098.029823 147.261237
v 28139.145325 51153.033891 126.095123
v 28155.811991 51153.033891 124.347115
v 28155.811991 51141.371293 120.638421
v 28172.478658 51141.371293 118.691606
v 28172.478658 51129.708694 114.902837
v 28189.145325 51129.708694 112.775677
v 28189.145325 51118.046096 108.900739
v 28172.478658 51153.033891 122.865628
v 28189.145325 51141.371293 117.034795
v 28189.145325 51153.033891 121.669177
v 28136.188259 51150.986889 125.848280
v 28152.854925 51139.324290 120.416291
v 28149.897859 51137.277288 120.243689
v 28166.564526 51125.614690 114.550751
v 28163.607460 51123.567688 114.450643
v 28180.274126 51111.905089 108.501160
v 28177.317060 51109.858087 108.471627
v 28169.521592 51127.661692 114.701437
v 28183.231192 51113.952091 108.582424
v 28186.188259 51115.999094 108.715582
v 28136.188259 51100.986889 115.659090
v 28136.188259 51117.653555 118.268119
v 28149.897859 51103.943955 112.902145
v 28149.897859 51120.610622 116.175879
v 28163.607460 51106.901021 110.496168
v 28136.188259 51134.320222 121.663392
v 28131.916529 51098.029823 116.343512
v 28145.626129 51100.986889 113.404928
v 28141.354400 51098.029823 114.002572
v 28155.064000 51100.986889 111.211523
v 28150.792271 51098.029823 111.717062
v 28164.501871 51100.986889 109.086735
v 28160.230141 51098.029823 109.495198
v 28159.335730 51103.943955 110.803988
v 28168.773601 51103.943955 108.779083
v 28173.045330 51106.901021 108.573656
v 28205.811991 51164.571240 126.796443
v 28222.478658 51164.571240 127.332820
v 28222.478658 51164.445990 127.268086
v 28239.145325 51164.445990 128.147593
v 28239.145325 51164.320741 128.078731
v 28255.811991 51164.320741 129.292041
v 28255.811991 51164.195491 129.219415
v 28239.145325 51164.571240 128.216487
v 28255.811991 51164.445990 129.364696
v 28255.811991 51164.571240 129.437380
v 28204.992640 51164.004051 126.507574
v 28221.659306 51163.878801 126.942015
v 28220.839955 51163.311613 126.619463
v 28237.506621 51163.186363 127.358870
v 28236.687270 51162.619174 127.003891
v 28253.353936 51162.493925 128.043788
v 28252.534585 51161.926736 127.657997
v 28238.325973 51163.753552 127.717159
v 28254.173288 51163.061113 128.432642
v 28254.992640 51163.628302 128.824527
v 28196.037132 51157.804682 123.595623
v 28211.884447 51157.112244 123.329318
v 28202.928939 51150.912875 120.487457
v 28218.776254 51150.220436 120.118410
v 28209.820747 51144.021067 117.344285
v 28225.668062 51143.328629 116.875495
v 28216.712554 51137.129260 114.166691
v 28227.731762 51156.419805 123.346757
v 28234.623569 51149.527998 120.044668
v 28243.579077 51155.727367 123.648997
v 28196.037132 51122.816887 109.771126
v 28196.037132 51134.479485 114.006962
v 28202.928939 51127.587678 110.941394
v 28202.928939 51139.250276 115.531569
v 28209.820747 51132.358469 112.408286
v 28196.037132 51146.142084 118.618712
v 28256.108048 51164.400433 129.371476
v 28256.034033 51164.474447 129.406133
v 28256.214967 51164.474447 129.426491
v 28256.140953 51164.548461 129.461152
v 28256.321887 51164.548461 129.481557
v 28256.247872 51164.622475 129.516223
v 28256.428806 51164.622475 129.536676
v 28255.960019 51164.548461 129.440788
v 28256.066939 51164.622475 129.495811
v 28255.886005 51164.622475 129.475441
v 28255.886005 51164.246726 129.257392
v 28255.886005 51164.371976 129.330047
v 28255.960019 51164.297962 129.295395
v 28255.960019 51164.423212 129.368078
v 28256.034033 51164.349198 129.333423
v 28255.886005 51164.497226 129.402730
v 27789.145325 51081.363156 162.427767
v 27785.957741 51084.550740 162.444145
v 27785.957741 51067.884073 162.305197
v 27782.770157 51071.071657 162.321575
v 27782.770157 51054.404990 162.182627
v 27779.582573 51057.592574 162.199005
v 27779.582573 51040.925907 162.060057
v 27776.394990 51044.113491 162.076435
v 27789.145325 51064.696489 162.288819
v 27785.957741 51051.217406 162.166249
v 27782.770157 51037.738323 162.043679
v 27789.145325 51048.029823 162.149871
v 27785.957741 51034.550740 162.027301
v 27789.145325 51031.363156 162.010923
v 27785.193859 51093.947451 162.520040
v 27782.006275 51080.468368 162.397470
v 27781.242393 51089.865079 162.473366
v 27778.054809 51076.385996 162.350796
v 27777.290927 51085.782707 162.426692
v 27774.103343 51072.303624 162.304122
v 27773.339461 51081.700335 162.380017
v 27778.818691 51066.989285 162.274900
v 27774.867225 51062.906913 162.228226
v 27775.631108 51053.510202 162.152330
v 27782.557227 51093.947451 162.511606
v 27779.920595 51093.947451 162.503172
v 27777.283963 51093.947451 162.494738
v 27778.605761 51089.865079 162.464932
v 27775.969129 51089.865079 162.456498
v 27774.654295 51085.782707 162.418258
v 27776.654116 51040.925907 162.050689
v 27779.841700 51037.738323 162.034311
v 27776.913243 51037.738323 162.024943
v 27780.100827 51034.550740 162.008565
v 27777.172370 51034.550740 161.999198
v 27780.359953 51031.363156 161.982820
v 27777.431496 51031.363156 161.973452
v 27783.029284 51034.550740 162.017933
v 27783.288410 51031.363156 161.992187
v 27786.216868 51031.363156 162.001555
v 27855.811991 51081.363156 162.641021
v 27839.145325 51081.363156 162.587707
v 27822.478658 51081.363156 162.534394
v 27805.811991 51081.363156 162.481080
v 27855.811991 51064.696489 162.502073
v 27839.145325 51064.696489 162.448759
v 27822.478658 51064.696489 162.395446
v 27855.811991 51048.029823 162.363125
v 27839.145325 51048.029823 162.309812
v 27855.811991 51031.363156 162.224177
v 27839.145325 51031.363156 162.170864
v 27822.478658 51048.029823 162.256498
v 27805.811991 51064.696489 162.342132
v 27822.478658 51031.363156 162.117550
v 27805.811991 51048.029823 162.203184
v 27805.811991 51031.363156 162.064236
v 27922.478658 51081.363156 162.461456
v 27905.811991 51081.363156 162.733814
v 27889.145325 51081.363156 162.735061
v 27872.478658 51081.363156 162.694335
v 27922.478658 51064.696489 162.715328
v 27905.811991 51064.696489 162.662014
v 27889.145325 51064.696489 162.608700
v 27922.478658 51048.029823 162.576380
v 27905.811991 51048.029823 162.523066
v 27922.478658 51031.363156 162.437432
v 27905.811991 51031.363156 162.384118
v 27889.145325 51048.029823 162.469752
v 27872.478658 51064.696489 162.555387
v 27889.145325 51031.363156 162.330804
v 27872.478658 51048.029823 162.416439
v 27872.478658 51031.363156 162.277491
v 27989.145325 51081.363156 158.442804
v 27972.478658 51081.363156 159.773019
v 27955.811991 51081.363156 160.922140
v 27939.145325 51081.363156 161.836473
v 27989.145325 51064.696489 160.726289
v 27972.478658 51064.696489 161.683001
v 27955.811991 51064.696489 162.363479
v 27989.145325 51048.029823 162.255383
v 27972.478658 51048.029823 162.670246
v 27989.145325 51031.363156 162.650686
v 27972.478658 51031.363156 162.597373
v 27955.811991 51048.029823 162.683007
v 27939.145325 51064.696489 162.710012
v 27955.811991 51031.363156 162.544059
v 27939.145325 51048.029823 162.629693
v 27939.145325 51031.363156 162.490745
v 28055.811991 51081.363156 152.034624
v 28039.145325 51081.363156 153.696497
v 28022.478658 51081.363156 155.343740
v 28005.811991 51081.363156 156.935289
v 28055.811991 51064.696489 155.004574
v 28039.145325 51064.696489 156.612553
v 28022.478658 51064.696489 158.130335
v 28055.811991 51048.029823 157.826674
v 28039.145325 51048.029823 159.241758
v 28055.811991 51031.363156 160.245352
v 28039.145325 51031.363156 161.320234
v 28022.478658 51048.029823 160.491387
v 28005.811991 51064.696489 159.523799
v 28022.478658 51031.363156 162.126774
v 28005.811991 51048.029823 161.512046
v 28005.811991 51031.363156 162.614937
v 28072.478658 51091.496542 148.299552
v 28089.145325 51091.496542 146.362886
v 28089.145325 51084.963262 147.421490
v 28105.811991 51084.963262 121.839418
v 28105.811991 51078.429981 146.514552
v 28122.478658 51078.429981 117.314277
v 28122.478658 51071.896701 117.069161
v 28105.811991 51091.496542 122.074738
v 28122.478658 51084.963262 117.671905
v 28122.478658 51091.496542 118.143755
v 28071.551092 51090.854443 148.512641
v 28088.217758 51084.321162 147.639589
v 28087.290192 51083.679063 147.858611
v 28103.956858 51077.145782 146.961632
v 28103.029292 51076.503683 147.186626
v 28119.695959 51069.970402 117.788788
v 28118.768392 51069.328303 118.036908
v 28104.884425 51077.787882 146.737588
v 28120.623525 51070.612502 117.544761
v 28121.551092 51071.254601 117.304871
v 28068.486296 51085.355518 149.796582
v 28084.225397 51078.180138 149.178312
v 28081.160601 51072.681213 150.532399
v 28096.899702 51065.505833 149.933625
v 28093.834907 51060.006907 151.344161
v 28109.574007 51052.831528 150.766491
v 28106.509212 51047.332602 152.219175
v 28099.964497 51071.004758 148.542314
v 28112.638802 51058.330453 149.317197
v 28115.703597 51063.829378 147.888426
v 28068.486296 51035.355518 158.622126
v 28068.486296 51052.022184 155.845864
v 28081.160601 51039.347879 156.705239
v 28081.160601 51056.014546 153.667363
v 28093.834907 51043.340241 154.552565
v 28068.486296 51068.688851 152.823526
v 28067.975026 51034.438185 158.808911
v 28080.649331 51038.430546 156.918543
v 28080.138061 51037.513213 157.129592
v 28092.812366 51041.505575 155.017468
v 28092.301095 51040.588242 155.247581
v 28104.975400 51044.580604 152.957173
v 28104.464130 51043.663271 153.201377
v 28093.323636 51042.422908 154.785768
v 28105.486671 51045.497937 152.712017
v 28105.997941 51046.415269 152.465991
v 28066.263311 51031.363156 159.412087
v 28078.426346 51034.438185 157.819222
v 28076.714631 51031.363156 158.479091
v 28088.877666 51034.438185 156.742381
v 28087.165951 51031.363156 157.453351
v 28099.328985 51034.438185 155.585108
v 28097.617270 51031.363156 156.341712
v 28090.589380 51037.513213 156.006012
v 28101.040700 51037.513213 154.807362
v 28102.752415 51040.588242 154.011725
v 28127.601108 51095.042512 117.103130
v 28137.038979 51095.042512 114.677002
v 28132.723558 51092.055201 115.445219
v 28142.161429 51092.055201 112.981701
v 28137.846008 51089.067890 113.757904
v 28147.283878 51089.067890 111.257915
v 28142.968457 51086.080579 112.041468
v 28146.476850 51095.042512 112.300582
v 28151.599299 51092.055201 110.570752
v 28155.914720 51095.042512 109.982445
v 28126.339385 51094.169095 117.342291
v 28131.461835 51091.181784 115.687145
v 28130.200112 51090.308368 115.936773
v 28135.322562 51087.321057 114.254748
v 28134.060839 51086.447641 114.514824
v 28139.183289 51083.460330 112.805951
v 28137.921567 51082.586914 113.076452
v 28136.584285 51088.194473 114.002417
v 28140.445012 51084.333746 112.543236
v 28141.706735 51085.207162 112.288384
v 28126.339385 51074.569254 115.974052
v 28126.339385 51081.102535 116.315123
v 28130.200112 51077.241807 114.941819
v 28130.200112 51083.775088 115.381145
v 28134.060839 51079.914361 113.975120
v 28126.339385 51087.635815 116.770692
v 27780.359953 51023.151619 161.914361
v 27783.288410 51023.151619 161.923729
v 27783.288410 51014.940082 161.855270
v 27786.216868 51014.940082 161.864638
v 27786.216868 51006.728545 161.796179
v 27789.145325 51006.728545 161.805547
v 27789.145325 50998.517008 161.737088
v 27786.216868 51023.151619 161.933096
v 27789.145325 51014.940082 161.874005
v 27789.145325 51023.151619 161.942464
v 27777.673066 51028.391541 161.949451
v 27780.601523 51020.180004 161.890360
v 27777.914636 51025.419925 161.925450
v 27780.843093 51017.208388 161.866359
v 27778.156206 51022.448310 161.901448
v 27781.084663 51014.236773 161.842357
v 27778.397776 51019.476695 161.877447
v 27783.529980 51011.968466 161.831269
v 27783.771550 51008.996851 161.807268
v 27786.458438 51003.756929 161.772178
v 27855.811991 51014.696489 162.085229
v 27839.145325 51014.696489 162.031916
v 27822.478658 51014.696489 161.978602
v 27805.811991 51014.696489 161.925288
v 27855.811991 50998.029823 161.946281
v 27839.145325 50998.029823 161.892968
v 27822.478658 50998.029823 161.839654
v 27855.811991 50981.363156 161.807333
v 27839.145325 50981.363156 161.754020
v 27855.811991 50964.696489 161.668385
v 27793.480881 51014.696489 161.885843
v 27810.147548 50998.029823 161.800209
v 27797.816438 50998.029823 161.760764
v 27814.483105 50981.363156 161.675130
v 27802.151995 50981.363156 161.635685
v 27818.818662 50964.696489 161.550050
v 27806.487552 50964.696489 161.510605
v 27826.814215 50981.363156 161.714575
v 27831.149772 50964.696489 161.589495
v 27843.480881 50964.696489 161.628940
v 27793.480881 51006.484952 161.817385
v 27793.480881 50998.273415 161.748926
v 27793.480881 50990.061878 161.680468
v 27797.816438 50989.818286 161.692305
v 27797.816438 50981.606748 161.623847
v 27802.151995 50973.151619 161.567226
v 27922.478658 51014.696489 162.298484
v 27905.811991 51014.696489 162.245170
v 27889.145325 51014.696489 162.191857
v 27872.478658 51014.696489 162.138543
v 27922.478658 50998.029823 162.159536
v 27905.811991 50998.029823 162.106222
v 27889.145325 50998.029823 162.052909
v 27922.478658 50981.363156 162.020588
v 27905.811991 50981.363156 161.967274
v 27922.478658 50964.696489 161.881640
v 27905.811991 50964.696489 161.828326
v 27889.145325 50981.363156 161.913961
v 27872.478658 50998.029823 161.999595
v 27889.145325 50964.696489 161.775013
v 27872.478658 50981.363156 161.860647
v 27872.478658 50964.696489 161.721699
v 27989.145325 51014.696489 162.511738
v 27972.478658 51014.696489 162.458425
v 27955.811991 51014.696489 162.405111
v 27939.145325 51014.696489 162.351797
v 27989.145325 50998.029823 162.372790
v 27972.478658 50998.029823 162.319477
v 27955.811991 50998.029823 162.266163
v 27989.145325 50981.363156 162.233842
v 27972.478658 50981.363156 162.180529
v 27989.145325 50964.696489 162.094894
v 27972.478658 50964.696489 162.041581
v 27955.811991 50981.363156 162.127215
v 27939.145325 50998.029823 162.212849
v 27955.811991 50964.696489 161.988267
v 27939.145325 50981.363156 162.073901
v 27939.145325 50964.696489 161.934954
v 28005.811991 51015.106996 162.568474
v 28022.478658 51015.106996 162.621788
v 28022.478658 50998.850836 162.486262
v 28039.145325 50998.850836 162.539576
v 28039.145325 50982.594675 162.404050
v 28055.811991 50982.594675 162.457364
v 28055.811991 50966.338515 162.321838
v 28039.145325 51015.106996 162.524934
v 28055.811991 50998.850836 162.592890
v 28055.811991 51015.106996 161.949666
v 28005.623424 51014.885057 162.566021
v 28022.290090 50998.628897 162.483809
v 28022.101523 50998.406958 162.481355
v 28038.768189 50982.150798 162.399143
v 28038.579622 50981.928859 162.396690
v 28055.246288 50965.672699 162.314478
v 28055.057721 50965.450760 162.312024
v 28038.956757 50982.372737 162.401597
v 28055.434856 50965.894638 162.316931
v 28055.623424 50966.116576 162.319385
v 28005.623424 50964.885057 162.149177
v 28005.623424 50981.551724 162.288125
v 28022.101523 50965.073625 162.203459
v 28022.101523 50981.740291 162.342407
v 28038.579622 50965.262192 162.257742
v 28005.623424 50998.218390 162.427073
v 28005.463209 50964.696489 162.147092
v 28021.941308 50964.885057 162.201375
v 28021.781094 50964.696489 162.199290
v 28038.259193 50964.885057 162.253573
v 28038.098979 50964.696489 162.251488
v 28054.577078 50964.885057 162.305771
v 28054.416863 50964.696489 162.303686
v 28038.419407 50965.073625 162.255657
v 28054.737292 50965.073625 162.307855
v 28054.897506 50965.262192 162.309940
v 28082.667917 51004.507230 161.515918
v 28075.953936 51011.221212 161.226247
v 28086.405255 51011.221212 160.520708
v 28079.691274 51017.935193 160.163711
v 28090.142594 51017.935193 159.299891
v 28083.428612 51024.649174 158.892823
v 28093.879932 51024.649174 157.893952
v 28069.239954 51017.935193 160.916052
v 28072.977293 51024.649174 159.793268
v 28062.525973 51024.649174 160.588161
v 28062.525973 50975.880694 162.422867
v 28062.525973 50992.136854 162.558393
v 28069.239954 50985.422873 162.523896
v 28069.239954 51001.679033 162.346512
v 28075.953936 50994.965051 162.624925
v 28062.525973 51008.393014 162.162354
v 28059.878608 50971.124807 162.374749
v 28066.592589 50980.666985 162.475778
v 28063.945224 50975.911098 162.427661
v 28070.659206 50985.453277 162.528689
v 28068.011841 50980.697389 162.480572
v 28074.725822 50990.239568 162.581600
v 28072.078457 50985.483681 162.533483
v 28073.306571 50990.209164 162.576807
v 28077.373187 50994.995455 162.629718
v 28080.020552 50999.751343 162.063105
v 27818.818662 50954.289211 161.463286
v 27831.149772 50954.289211 161.502731
v 27831.149772 50943.881932 161.415967
v 27843.480881 50943.881932 161.455412
v 27843.480881 50933.474654 161.368648
v 27855.811991 50933.474654 161.408093
v 27855.811991 50923.067375 161.321329
v 27843.480881 50954.289211 161.542176
v 27855.811991 50943.881932 161.494857
v 27855.811991 50954.289211 161.581621
v 27818.480297 50954.398190 161.463112
v 27830.811407 50943.990911 161.415793
v 27830.473042 50944.099891 161.415619
v 27842.804152 50933.692612 161.368300
v 27842.465787 50933.801591 161.368126
v 27854.796897 50923.394313 161.320807
v 27854.458533 50923.503292 161.320633
v 27843.142517 50933.583633 161.368474
v 27855.135262 50923.285333 161.320981
v 27855.473627 50923.176354 161.321155
v 27806.586415 50964.503687 161.509314
v 27818.579161 50954.205388 161.461821
v 27806.685279 50964.310885 161.508023
v 27818.678024 50954.012586 161.460530
v 27806.784142 50964.118083 161.506732
v 27818.776888 50953.819784 161.459239
v 27806.883006 50963.925281 161.505441
v 27830.571906 50943.907088 161.414328
v 27830.670769 50943.714286 161.413037
v 27842.564651 50933.608789 161.366835
v 27872.478658 50949.788242 161.597411
v 27889.145325 50949.788242 161.650724
v 27889.145325 50934.879995 161.526436
v 27905.811991 50934.879995 161.579750
v 27905.811991 50919.971748 161.455462
v 27922.478658 50919.971748 161.508775
v 27922.478658 50905.063501 161.384487
v 27905.811991 50949.788242 161.704038
v 27922.478658 50934.879995 161.633063
v 27922.478658 50949.788242 161.757352
v 27870.852438 50949.656043 161.591107
v 27887.519105 50934.747795 161.520132
v 27885.892885 50934.615596 161.513828
v 27902.559551 50919.707349 161.442853
v 27900.933331 50919.575149 161.436549
v 27917.599998 50904.666902 161.365575
v 27915.973778 50904.534703 161.359271
v 27904.185771 50919.839548 161.449157
v 27919.226218 50904.799102 161.371879
v 27920.852438 50904.931301 161.378183
v 27870.852438 50918.434207 161.330814
v 27870.852438 50928.841486 161.417578
v 27885.892885 50913.801039 161.340300
v 27885.892885 50924.208317 161.427064
v 27900.933331 50909.167871 161.349785
v 27870.852438 50939.248764 161.504342
v 27870.329347 50918.391684 161.328786
v 27885.369794 50913.758516 161.338272
v 27884.846702 50913.715992 161.336244
v 27899.887149 50909.082824 161.345729
v 27899.364058 50909.040301 161.343702
v 27914.404505 50904.407133 161.353187
v 27913.881414 50904.364609 161.351159
v 27900.410240 50909.125347 161.347757
v 27914.927596 50904.449656 161.355215
v 27915.450687 50904.492179 161.357243
v 27939.145325 50952.549771 161.833688
v 27955.811991 50952.549771 161.887001
v 27955.811991 50940.403052 161.785736
v 27972.478658 50940.403052 161.839049
v 27972.478658 50928.256333 161.737784
v 27989.145325 50928.256333 161.791097
v 27989.145325 50916.109615 161.689832
v 27972.478658 50952.549771 161.940315
v 27989.145325 50940.403052 161.892363
v 27989.145325 50952.549771 161.993629
v 27936.157467 50951.017680 161.811357
v 27952.824134 50938.870961 161.763405
v 27949.836277 50937.338871 161.741075
v 27966.502943 50925.192152 161.693123
v 27963.515086 50923.660061 161.670792
v 27980.181753 50911.513343 161.622840
v 27977.193895 50909.981252 161.600510
v 27969.490801 50926.724243 161.715453
v 27983.169610 50913.045433 161.645171
v 27986.157467 50914.577524 161.667501
v 27936.157467 50906.292938 161.438493
v 27936.157467 50921.201186 161.562781
v 27949.836277 50907.522376 161.492498
v 27949.836277 50922.430623 161.616787
v 27963.515086 50908.751814 161.546504
v 27936.157467 50936.109433 161.687069
v 27935.885257 50906.153357 161.436458
v 27949.564066 50907.382794 161.490464
v 27949.291856 50907.243212 161.488430
v 27962.970665 50908.472650 161.542435
v 27962.698455 50908.333068 161.540401
v 27976.377264 50909.562506 161.594406
v 27976.105054 50909.422924 161.592372
v 27963.242876 50908.612232 161.544470
v 27976.649474 50909.702088 161.596441
v 27976.921685 50909.841670 161.598475
v 28021.263095 50932.578719 161.929871
v 28013.233652 50940.608162 161.971127
v 28029.551537 50940.608162 162.023325
v 28021.522094 50948.637604 162.064581
v 28037.839979 50948.637604 162.116779
v 28029.810536 50956.667047 162.158035
v 28046.128421 50956.667047 162.210233
v 28005.204210 50948.637604 162.012383
v 28013.492652 50956.667047 162.105837
v 27997.174767 50956.667047 162.053639
v 28023.861438 50933.911078 161.949291
v 28032.149880 50941.940520 162.042744
v 28026.459781 50935.243437 161.968710
v 28034.748223 50943.272879 162.062164
v 28029.058125 50936.575795 161.988129
v 28037.346567 50944.605238 162.081583
v 28031.656468 50937.908154 162.007549
v 28040.438322 50949.969963 162.136198
v 28043.036666 50951.302322 162.155618
v 28048.726764 50957.999405 162.229652
v 27997.174767 50920.226891 161.749842
v 27997.174767 50932.373610 161.851107
v 28005.204210 50924.344167 161.809852
v 28005.204210 50936.490886 161.911117
v 28013.233652 50928.461443 161.869861
v 27997.174767 50944.520328 161.952373
v 27455.811991 50237.161521 154.323488
v 27455.811991 50235.711929 154.311403
v 27455.225531 50236.298390 154.314416
v 27455.225531 50234.848799 154.302331
v 27454.639070 50235.435259 154.305344
v 27454.639070 50233.985668 154.293259
v 27454.052610 50234.572128 154.296273
v 27454.052610 50233.122537 154.284188
v 27453.466149 50233.708998 154.287201
v 27455.811991 50234.262338 154.299318
v 27455.225531 50233.399208 154.290246
v 27454.639070 50232.536077 154.281174
v 27455.811991 50232.812747 154.287233
v 27455.225531 50231.949616 154.278161
v 27455.811991 50231.363156 154.275148
v 27453.067675 50233.122537 154.281037
v 27453.654135 50232.536077 154.278024
v 27452.669200 50232.536077 154.274873
v 27453.255660 50231.949616 154.271860
v 27452.270725 50231.949616 154.268709
v 27452.857185 50231.363156 154.265696
v 27451.872250 50231.363156 154.262545
v 27454.240596 50231.949616 154.275010
v 27453.842121 50231.363156 154.268847
v 27454.827056 50231.363156 154.271997
v 27522.478658 50284.442170 154.930916
v 27522.478658 50271.172416 154.820287
v 27514.013209 50279.637865 154.863783
v 27514.013209 50266.368112 154.753155
v 27505.547760 50274.833561 154.796651
v 27505.547760 50261.563808 154.686023
v 27497.082311 50270.029257 154.729519
v 27497.082311 50256.759503 154.618890
v 27488.616862 50265.224952 154.662386
v 27522.478658 50257.902663 154.709659
v 27514.013209 50253.098359 154.642527
v 27505.547760 50248.294054 154.575394
v 27522.478658 50244.632909 154.599031
v 27514.013209 50239.828605 154.531898
v 27522.478658 50231.363156 154.488402
v 27520.853377 50284.131967 154.923130
v 27512.387928 50279.327663 154.855998
v 27519.228097 50283.821765 154.915345
v 27510.762648 50279.017461 154.848213
v 27517.602816 50283.511563 154.907560
v 27509.137367 50278.707258 154.840428
v 27515.977536 50283.201360 154.899775
v 27503.922479 50274.523359 154.788866
v 27502.297199 50274.213156 154.781081
v 27495.457030 50269.719054 154.721733
v 27505.811991 50231.363156 154.435089
v 27505.811991 50232.812747 154.447174
v 27489.145325 50232.812747 154.393860
v 27489.145325 50234.262338 154.405945
v 27472.478658 50234.262338 154.352632
v 27472.478658 50235.711929 154.364717
v 27489.145325 50231.363156 154.381775
v 27472.478658 50232.812747 154.340546
v 27472.478658 50231.363156 154.328461
v 27507.809576 50235.752717 154.478074
v 27491.142909 50237.202308 154.436845
v 27493.140493 50240.142278 154.467745
v 27476.473826 50241.591869 154.426517
v 27478.471411 50244.531839 154.457417
v 27461.804744 50245.981431 154.416188
v 27463.802328 50248.921401 154.447088
v 27474.476242 50238.651899 154.395617
v 27459.807160 50243.041461 154.385288
v 27457.809576 50240.101491 154.354388
v 27499.344126 50244.218166 154.521570
v 27490.878677 50252.683615 154.565066
v 27482.413228 50261.149064 154.608562
v 27484.675044 50248.607727 154.511241
v 27476.209595 50257.073176 154.554737
v 27470.005961 50252.997288 154.500913
v 27589.145325 50292.453376 155.210959
v 27589.145325 50277.180821 155.083633
v 27575.331143 50290.995002 155.154611
v 27575.331143 50275.722447 155.027286
v 27561.516962 50289.536629 155.098264
v 27561.516962 50274.264074 154.970938
v 27547.702781 50288.078255 155.041917
v 27547.702781 50272.805700 154.914591
v 27533.888600 50286.619881 154.985569
v 27589.145325 50261.908266 154.956308
v 27575.331143 50260.449892 154.899960
v 27561.516962 50258.991518 154.843613
v 27589.145325 50246.635711 154.828982
v 27575.331143 50245.177337 154.772635
v 27589.145325 50231.363156 154.701657
v 27586.183872 50293.066363 155.206596
v 27572.369691 50291.607990 155.150248
v 27583.222420 50293.679351 155.202233
v 27569.408239 50292.220977 155.145886
v 27580.260967 50294.292338 155.197870
v 27566.446786 50292.833964 155.141523
v 27577.299515 50294.905326 155.193508
v 27558.555510 50290.149616 155.093901
v 27555.594057 50290.762603 155.089538
v 27544.741328 50288.691242 155.037554
v 27572.478658 50231.363156 154.648343
v 27572.478658 50244.632909 154.758972
v 27555.811991 50244.632909 154.705658
v 27555.811991 50257.902663 154.816286
v 27539.145325 50257.902663 154.762973
v 27539.145325 50271.172416 154.873601
v 27555.811991 50231.363156 154.595030
v 27539.145325 50244.632909 154.652344
v 27539.145325 50231.363156 154.541716
v 27558.664477 50258.447091 154.829950
v 27544.850295 50272.261272 154.900928
v 27531.036114 50286.075453 154.971906
v 27541.997810 50271.716844 154.887264
v 27528.183629 50285.531025 154.958242
v 27525.331143 50284.986598 154.944579
v 27655.811991 50270.442885 155.240714
v 27655.811991 50260.672953 155.159264
v 27640.903322 50275.581622 155.235865
v 27640.903322 50265.811690 155.154415
v 27625.994653 50280.720359 155.231016
v 27625.994653 50270.950427 155.149565
v 27611.085983 50285.859096 155.226167
v 27611.085983 50276.089164 155.144716
v 27596.177314 50290.997833 155.221318
v 27655.811991 50250.903021 155.077813
v 27640.903322 50256.041758 155.072964
v 27625.994653 50261.180495 155.068115
v 27655.811991 50241.133088 154.996362
v 27640.903322 50246.271825 154.991513
v 27655.811991 50231.363156 154.914911
v 27651.467131 50273.395033 155.251428
v 27636.558462 50278.533769 155.246579
v 27647.122271 50276.347180 155.262141
v 27632.213601 50281.485917 155.257292
v 27642.777410 50279.299327 155.272854
v 27627.868741 50284.438064 155.268005
v 27638.432550 50282.251474 155.283567
v 27621.649792 50283.672506 155.241729
v 27617.304932 50286.624654 155.252443
v 27606.741123 50288.811243 155.236880
v 27639.145325 50231.363156 154.861598
v 27639.145325 50246.635711 154.988923
v 27622.478658 50246.635711 154.935610
v 27622.478658 50261.908266 155.062935
v 27605.811991 50261.908266 155.009621
v 27605.811991 50277.180821 155.136947
v 27622.478658 50231.363156 154.808284
v 27605.811991 50246.635711 154.882296
v 27605.811991 50231.363156 154.754971
v 27624.236655 50261.544380 155.065525
v 27609.327986 50276.453050 155.142126
v 27594.419317 50291.361719 155.218728
v 27607.569989 50276.816935 155.139537
v 27592.661319 50291.725605 155.216138
v 27590.903322 50292.089490 155.213548
v 27700.452574 50231.363156 155.057709
v 27689.292428 50231.363156 155.022009
v 27689.292428 50241.133088 155.103460
v 27678.132283 50241.133088 155.067761
v 27678.132283 50250.903021 155.149211
v 27666.972137 50250.903021 155.113512
v 27666.972137 50260.672953 155.194963
v 27678.132283 50231.363156 154.986310
v 27666.972137 50241.133088 155.032061
v 27666.972137 50231.363156 154.950611
v 27697.856853 50235.313927 155.082342
v 27686.696708 50245.083859 155.128094
v 27695.261132 50239.264698 155.106976
v 27684.100987 50249.034630 155.152728
v 27692.665412 50243.215469 155.131610
v 27681.505266 50252.985401 155.177362
v 27690.069691 50247.166240 155.156244
v 27675.536562 50254.853792 155.173845
v 27672.940841 50258.804563 155.198479
v 27664.376416 50264.623724 155.219597
v 27455.811991 50214.696489 154.136200
v 27448.802771 50221.705709 154.172214
v 27448.802771 50205.039043 154.033266
v 27441.793551 50212.048263 154.069279
v 27441.793551 50195.381596 153.930331
v 27434.784331 50202.390816 153.966345
v 27434.784331 50185.724150 153.855677
v 27427.775111 50192.733370 153.863411
v 27455.811991 50198.029823 153.997252
v 27448.802771 50188.372376 153.894318
v 27441.793551 50178.714929 153.855677
v 27455.811991 50181.363156 153.858304
v 27448.802771 50171.705709 153.855677
v 27455.811991 50164.696489 153.855677
v 27449.038267 50222.843432 154.182452
v 27442.029047 50213.185985 154.079518
v 27442.264543 50214.323708 154.089756
v 27435.255323 50204.666261 153.986822
v 27435.490818 50205.803984 153.997060
v 27428.481598 50196.146537 153.894126
v 27428.717094 50197.284260 153.904365
v 27435.019827 50203.528539 153.976584
v 27428.246103 50195.008815 153.883888
v 27428.010607 50193.871092 153.873649
v 27448.053332 50222.843432 154.179301
v 27447.068396 50222.843432 154.176151
v 27446.083461 50222.843432 154.173000
v 27441.279607 50214.323708 154.086606
v 27440.294672 50214.323708 154.083455
v 27434.505883 50205.803984 153.993910
v 27426.324281 50185.724150 153.855677
v 27433.333501 50178.714929 153.855677
v 27424.873451 50178.714929 153.855677
v 27431.882671 50171.705709 153.855677
v 27423.422622 50171.705709 153.855677
v 27430.431842 50164.696489 153.855677
v 27421.971792 50164.696489 153.855677
v 27440.342721 50171.705709 153.855677
v 27438.891892 50164.696489 153.855677
v 27447.351941 50164.696489 153.855677
v 27522.478658 50214.696489 154.349454
v 27505.811991 50214.696489 154.296141
v 27489.145325 50214.696489 154.242827
v 27472.478658 50214.696489 154.189513
v 27522.478658 50198.029823 154.210506
v 27505.811991 50198.029823 154.157193
v 27489.145325 50198.029823 154.103879
v 27522.478658 50181.363156 154.071558
v 27505.811991 50181.363156 154.018245
v 27522.478658 50164.696489 153.932610
v 27505.811991 50164.696489 153.879297
v 27489.145325 50181.363156 153.964931
v 27472.478658 50198.029823 154.050565
v 27489.145325 50164.696489 153.855677
v 27472.478658 50181.363156 153.911618
v 27472.478658 50164.696489 153.855677
v 27589.145325 50214.696489 154.562709
v 27572.478658 50214.696489 154.509395
v 27555.811991 50214.696489 154.456082
v 27539.145325 50214.696489 154.402768
v 27589.145325 50198.029823 154.423761
v 27572.478658 50198.029823 154.370447
v 27555.811991 50198.029823 154.317134
v 27589.145325 50181.363156 154.284813
v 27572.478658 50181.363156 154.231499
v 27589.145325 50164.696489 154.145865
v 27572.478658 50164.696489 154.092551
v 27555.811991 50181.363156 154.178186
v 27539.145325 50198.029823 154.263820
v 27555.811991 50164.696489 154.039238
v 27539.145325 50181.363156 154.124872
v 27539.145325 50164.696489 153.985924
v 27655.811991 50214.696489 154.775963
v 27639.145325 50214.696489 154.722650
v 27622.478658 50214.696489 154.669336
v 27605.811991 50214.696489 154.616023
v 27655.811991 50198.029823 154.637015
v 27639.145325 50198.029823 154.583702
v 27622.478658 50198.029823 154.530388
v 27655.811991 50181.363156 154.498068
v 27639.145325 50181.363156 154.444754
v 27655.811991 50164.696489 154.359120
v 27639.145325 50164.696489 154.305806
v 27622.478658 50181.363156 154.391440
v 27605.811991 50198.029823 154.477075
v 27622.478658 50164.696489 154.252492
v 27605.811991 50181.363156 154.338127
v 27605.811991 50164.696489 154.199179
v 27722.478658 50164.696489 154.572374
v 27705.811991 50181.363156 154.658008
v 27716.972137 50181.363156 154.693708
v 27700.305470 50198.029823 154.779342
v 27711.465616 50198.029823 154.815041
v 27694.798949 50214.696489 154.900676
v 27705.959095 50214.696489 154.936375
v 27689.145325 50198.029823 154.743643
v 27683.638804 50214.696489 154.864976
v 27672.478658 50214.696489 154.829277
v 27722.478658 50172.982053 154.641450
v 27716.972137 50189.648719 154.762783
v 27722.478658 50181.267616 154.710526
v 27716.972137 50197.934283 154.831859
v 27722.478658 50189.553180 154.779601
v 27716.972137 50206.219846 154.900935
v 27722.478658 50197.838743 154.848677
v 27711.465616 50206.315386 154.884117
v 27711.465616 50214.600950 154.953193
v 27705.959095 50222.982053 155.005451
v 27705.811991 50164.696489 154.519060
v 27689.145325 50181.363156 154.604695
v 27672.478658 50198.029823 154.690329
v 27689.145325 50164.696489 154.465747
v 27672.478658 50181.363156 154.551381
v 27672.478658 50164.696489 154.412433
v 27730.131693 50164.696489 154.596855
v 27728.218434 50164.696489 154.590735
v 27728.218434 50172.982053 154.659810
v 27726.305175 50172.982053 154.653690
v 27726.305175 50181.267616 154.722766
v 27724.391917 50181.267616 154.716646
v 27724.391917 50189.553180 154.785721
v 27726.305175 50164.696489 154.584614
v 27724.391917 50172.982053 154.647570
v 27724.391917 50164.696489 154.578494
v 27728.686182 50172.270125 154.655371
v 27726.772923 50180.555689 154.718327
v 27727.240672 50179.843761 154.713888
v 27725.327413 50188.129324 154.776843
v 27725.795161 50187.417397 154.772404
v 27723.881902 50195.702960 154.835360
v 27724.349650 50194.991032 154.830921
v 27724.859665 50188.841252 154.781282
v 27723.414154 50196.414888 154.839799
v 27722.946406 50197.126815 154.844238
v 27455.811991 50148.029823 153.855677
v 27445.944573 50157.897241 153.855677
v 27445.944573 50141.230574 153.855677
v 27436.077155 50151.097992 153.855677
v 27436.077155 50134.431325 153.835200
v 27426.209737 50144.298743 153.855677
v 27426.209737 50127.632077 153.599188
v 27416.342319 50137.499495 153.855677
v 27455.811991 50131.363156 153.763586
v 27445.944573 50124.563907 153.434307
v 27436.077155 50117.764659 152.905444
v 27455.811991 50114.696489 152.634080
v 27445.944573 50107.897241 151.877759
v 27455.811991 50098.029823 150.607267
v 27437.484523 50157.897241 153.855677
v 27429.024474 50157.897241 153.855677
v 27420.564424 50157.897241 153.855677
v 27427.617105 50151.097992 153.855677
v 27419.157056 50151.097992 153.855677
v 27417.749687 50144.298743 153.855677
v 27416.198623 50127.632077 153.595381
v 27426.066041 50117.764659 152.899091
v 27416.054927 50117.764659 152.892728
v 27425.922345 50107.897241 151.862100
v 27415.911231 50107.897241 151.854270
v 27425.778649 50098.029823 150.582411
v 27415.767534 50098.029823 150.574147
v 27435.933459 50107.897241 151.869929
v 27435.789763 50098.029823 150.590686
v 27445.800877 50098.029823 150.598971
v 27416.272550 50137.162427 153.855677
v 27416.128854 50127.295009 153.577953
v 27416.202781 50136.825360 153.855677
v 27416.059085 50126.957942 153.560021
v 27416.133012 50136.488292 153.855677
v 27415.989316 50126.620874 153.541587
v 27416.063243 50136.151225 153.855677
v 27415.985158 50117.427591 152.862202
v 27415.915388 50117.090524 152.831288
v 27415.841461 50107.560173 151.813957
v 27522.478658 50148.029823 153.855677
v 27505.811991 50148.029823 153.855677
v 27489.145325 50148.029823 153.855677
v 27472.478658 50148.029823 153.855677
v 27522.478658 50131.363156 153.779651
v 27505.811991 50131.363156 153.775771
v 27489.145325 50131.363156 153.771800
v 27522.478658 50114.696489 152.691692
v 27505.811991 50114.696489 152.677433
v 27522.478658 50098.029823 150.700977
v 27505.811991 50098.029823 150.677702
v 27489.145325 50114.696489 152.663078
v 27472.478658 50131.363156 153.767738
v 27489.145325 50098.029823 150.654325
v 27472.478658 50114.696489 152.648627
v 27472.478658 50098.029823 150.630847
v 27589.145325 50148.029823 154.006917
v 27572.478658 50148.029823 153.953603
v 27555.811991 50148.029823 153.900290
v 27539.145325 50148.029823 153.855677
v 27589.145325 50131.363156 153.794417
v 27572.478658 50131.363156 153.790876
v 27555.811991 50131.363156 153.787242
v 27589.145325 50114.696489 152.753018
v 27572.478658 50114.696489 152.738242
v 27589.145325 50098.029823 150.811668
v 27572.478658 50098.029823 150.784241
v 27555.811991 50114.696489 152.722857
v 27539.145325 50131.363156 153.783495
v 27555.811991 50098.029823 150.756651
v 27539.145325 50114.696489 152.707341
v 27539.145325 50098.029823 150.728896
v 27655.811991 50148.029823 154.220172
v 27639.145325 50148.029823 154.166858
v 27622.478658 50148.029823 154.113544
v 27605.811991 50148.029823 154.060231
v 27655.811991 50131.363156 154.081224
v 27639.145325 50131.363156 154.027910
v 27622.478658 50131.363156 153.974596
v 27655.811991 50114.696489 152.790986
v 27639.145325 50114.696489 152.774588
v 27655.811991 50098.029823 150.817200
v 27639.145325 50098.029823 150.815528
v 27622.478658 50114.696489 152.767326
v 27605.811991 50131.363156 153.921283
v 27622.478658 50098.029823 150.814049
v 27605.811991 50114.696489 152.760136
v 27605.811991 50098.029823 150.812761
v 27722.478658 50148.029823 154.433426
v 27705.811991 50148.029823 154.380113
v 27689.145325 50148.029823 154.326799
v 27672.478658 50148.029823 154.273485
v 27722.478658 50131.363156 154.294478
v 27705.811991 50131.363156 154.241165
v 27689.145325 50131.363156 154.187851
v 27722.478658 50114.696489 154.155530
v 27705.811991 50114.696489 154.102217
v 27722.478658 50098.029823 150.679106
v 27705.811991 50098.029823 150.712577
v 27689.145325 50114.696489 154.048903
v 27672.478658 50131.363156 154.134537
v 27689.145325 50098.029823 150.746747
v 27672.478658 50114.696489 152.787081
v 27672.478658 50098.029823 150.781620
v 27731.936901 50155.238246 154.523777
v 27729.572340 50157.602807 154.535926
v 27731.485599 50157.602807 154.542047
v 27729.121038 50159.967368 154.554196
v 27731.034297 50159.967368 154.560316
v 27728.669736 50162.331929 154.572465
v 27730.582995 50162.331929 154.578585
v 27727.207780 50159.967368 154.548076
v 27726.756477 50162.331929 154.566345
v 27724.843219 50162.331929 154.560225
v 27724.843219 50112.331929 154.143381
v 27724.843219 50128.998595 154.282329
v 27727.207780 50126.634034 154.270180
v 27727.207780 50143.300701 154.409128
v 27729.572340 50140.936140 154.396978
v 27724.843219 50145.665262 154.421277
v 27725.872397 50106.939630 154.101718
v 27728.236958 50121.241736 154.228517
v 27729.266137 50115.849438 154.186854
v 27731.630698 50130.151544 154.313653
v 27732.659876 50124.759246 154.271990
v 27735.024437 50139.061351 154.398789
v 27736.053616 50133.669053 154.357126
v 27730.601519 50135.543842 154.355316
v 27733.995258 50144.453650 154.440452
v 27732.966080 50149.845948 154.482114
v 27725.803284 50098.029823 150.676018
v 27729.197023 50106.939630 154.112353
v 27729.127910 50098.029823 150.672948
v 27732.521649 50106.939630 154.122988
v 27732.452536 50098.029823 150.669896
v 27735.846275 50106.939630 154.133623
v 27735.777162 50098.029823 150.666862
v 27732.590763 50115.849438 154.197489
v 27735.915389 50115.849438 154.208124
v 27735.984502 50124.759246 154.282625
v 27455.811991 50081.363156 148.106592
v 27445.749647 50091.425500 149.642854
v 27445.749647 50074.758833 147.064138
v 27435.687303 50084.821178 148.630137
v 27435.687303 50068.154511 146.032540
v 27425.624959 50078.216855 147.593767
v 27425.624959 50061.550188 145.033752
v 27415.562615 50071.612532 146.557308
v 27455.811991 50064.696489 145.512239
v 27445.749647 50058.092167 144.533555
v 27435.687303 50051.487844 143.618193
v 27455.811991 50048.029823 143.163715
v 27445.749647 50041.425500 142.374004
v 27455.811991 50031.363156 141.359325
v 27435.738533 50091.425500 149.634783
v 27425.727419 50091.425500 149.626730
v 27415.716304 50091.425500 149.618693
v 27425.676189 50084.821178 148.622715
v 27415.665075 50084.821178 148.615317
v 27415.613845 50078.216855 147.587400
v 27445.671593 50031.363156 141.490656
v 27445.745923 50040.945371 142.325059
v 27435.605525 50040.945371 142.432659
v 27435.679854 50050.527585 143.499269
v 27425.539456 50050.527585 143.584983
v 27425.613786 50060.109800 144.832358
v 27415.473388 50060.109800 144.898198
v 27415.547717 50069.692014 146.270460
v 27435.531195 50031.363156 141.622376
v 27425.465127 50040.945371 142.540622
v 27415.399058 50050.527585 143.671031
v 27425.390798 50031.363156 141.754487
v 27415.324729 50040.945371 142.648949
v 27415.250400 50031.363156 141.886989
v 27435.683579 50051.007715 143.558482
v 27425.621235 50061.070059 144.966274
v 27415.558890 50071.132403 146.485323
v 27425.617510 50060.589929 144.899140
v 27415.555166 50070.652273 146.413514
v 27415.551442 50070.172144 146.341890
v 27522.478658 50081.363156 148.224928
v 27505.811991 50081.363156 148.193856
v 27489.145325 50081.363156 148.162679
v 27472.478658 50081.363156 148.131394
v 27522.478658 50064.696489 145.642185
v 27505.811991 50064.696489 145.604418
v 27489.145325 50064.696489 145.566541
v 27522.478658 50048.029823 143.290132
v 27505.811991 50048.029823 143.246647
v 27522.478658 50031.363156 141.465406
v 27505.811991 50031.363156 141.438915
v 27489.145325 50048.029823 143.219030
v 27472.478658 50064.696489 145.539408
v 27489.145325 50031.363156 141.412405
v 27472.478658 50048.029823 143.191387
v 27472.478658 50031.363156 141.385875
v 27589.145325 50081.363156 148.335455
v 27572.478658 50081.363156 148.295175
v 27555.811991 50081.363156 148.254701
v 27539.145325 50081.363156 148.214034
v 27589.145325 50064.696489 145.686171
v 27572.478658 50064.696489 145.632526
v 27555.811991 50064.696489 145.578661
v 27589.145325 50048.029823 143.179886
v 27572.478658 50048.029823 143.112430
v 27589.145325 50031.363156 141.095533
v 27572.478658 50031.363156 141.187232
v 27555.811991 50048.029823 143.171219
v 27539.145325 50064.696489 145.610240
v 27555.811991 50031.363156 141.279443
v 27539.145325 50048.029823 143.230453
v 27539.145325 50031.363156 141.372168
v 27655.811991 50081.363156 148.204688
v 27639.145325 50081.363156 148.217079
v 27622.478658 50081.363156 148.229769
v 27605.811991 50081.363156 148.242760
v 27655.811991 50064.696489 145.281851
v 27639.145325 50064.696489 145.316096
v 27622.478658 50064.696489 145.350738
v 27655.811991 50048.029823 142.335175
v 27639.145325 50048.029823 142.398205
v 27655.811991 50031.363156 139.619662
v 27639.145325 50031.363156 139.985982
v 27622.478658 50048.029823 142.657211
v 27605.811991 50064.696489 145.517799
v 27622.478658 50031.363156 140.354065
v 27605.811991 50048.029823 142.917770
v 27605.811991 50031.363156 140.723915
v 27722.478658 50081.363156 147.849029
v 27705.811991 50081.363156 147.935642
v 27689.145325 50081.363156 148.023267
v 27672.478658 50081.363156 148.111909
v 27722.478658 50064.696489 144.623111
v 27705.811991 50064.696489 144.783239
v 27689.145325 50064.696489 144.944661
v 27722.478658 50048.029823 141.295605
v 27705.811991 50048.029823 141.547351
v 27722.478658 50031.363156 138.129510
v 27705.811991 50031.363156 138.499341
v 27689.145325 50048.029823 141.808371
v 27672.478658 50064.696489 145.112588
v 27689.145325 50031.363156 138.870975
v 27672.478658 50048.029823 142.070979
v 27672.478658 50031.363156 139.244415
v 27735.674799 50084.833682 148.459559
v 27732.375764 50088.132717 149.050946
v 27735.700389 50088.132717 149.044275
v 27732.401354 50091.431752 149.614143
v 27735.725980 50091.431752 149.608805
v 27732.426945 50094.730787 150.154675
v 27735.751571 50094.730787 150.150551
v 27729.076728 50091.431752 149.619502
v 27729.102319 50094.730787 150.158819
v 27725.777693 50094.730787 150.162982
v 27725.777693 50044.730787 140.622397
v 27725.777693 50061.397454 143.947791
v 27729.076728 50058.098419 143.267122
v 27729.076728 50074.765086 146.583369
v 27732.375764 50071.466050 145.928922
v 27725.777693 50078.064121 147.224095
v 27725.743516 50040.324828 139.768551
v 27729.042551 50053.692459 142.380191
v 27729.008374 50049.286499 141.498497
v 27732.307409 50062.654131 144.169795
v 27732.273232 50058.248171 143.280233
v 27735.572267 50071.615803 145.947975
v 27735.538090 50067.209843 145.071870
v 27732.341586 50067.060091 145.054415
v 27735.606445 50076.021762 146.808308
v 27735.640622 50080.427722 147.647383
v 27725.674000 50031.363156 138.095434
v 27728.938858 50040.324828 139.740652
v 27728.869342 50031.363156 138.061393
v 27732.134201 50040.324828 139.712784
v 27732.064685 50031.363156 138.027386
v 27735.329543 50040.324828 139.684948
v 27735.260027 50031.363156 137.993414
v 27732.203716 50049.286499 141.476289
v 27735.399059 50049.286499 141.454110
v 27735.468574 50058.248171 143.263192
v 27455.811991 50014.696489 140.284681
v 27445.621359 50024.887122 140.986979
v 27445.621359 50008.220455 140.318327
v 27435.430726 50018.411088 140.780759
v 27435.430726 50001.744421 140.550997
v 27425.240093 50011.935054 140.754956
v 27425.240093 49995.268387 140.994216
v 27415.049461 50005.459020 140.922730
v 27455.811991 49998.029823 140.191564
v 27445.621359 49991.553789 140.706541
v 27435.430726 49985.077755 141.446682
v 27455.811991 49981.363156 141.251505
v 27445.621359 49974.887122 142.306678
v 27455.811991 49964.696489 143.595963
v 27435.480961 50024.887122 141.135852
v 27425.340563 50024.887122 141.285131
v 27415.200165 50024.887122 141.434818
v 27425.290328 50018.411088 140.947931
v 27415.149930 50018.411088 141.115524
v 27415.099695 50011.935054 140.941127
v 27414.970412 49995.268387 141.279620
v 27425.161044 49985.077755 141.770164
v 27414.891363 49985.077755 142.094231
v 27425.081995 49974.887122 143.032647
v 27414.812314 49974.887122 143.396529
v 27425.002947 49964.696489 144.806137
v 27414.733265 49964.696489 145.210749
v 27435.351677 49974.887122 142.669363
v 27435.272628 49964.696489 144.402136
v 27445.542310 49964.696489 143.998744
v 27522.478658 50014.696489 140.154262
v 27505.811991 50014.696489 140.129697
v 27489.145325 50014.696489 140.105118
v 27472.478658 50014.696489 140.080527
v 27522.478658 49998.029823 139.706440
v 27505.811991 49998.029823 139.684869
v 27489.145325 49998.029823 139.663289
v 27522.478658 49981.363156 140.284205
v 27505.811991 49981.363156 140.266482
v 27522.478658 49964.696489 142.013362
v 27505.811991 49964.696489 142.407531
v 27489.145325 49981.363156 140.593869
v 27472.478658 49998.029823 139.926975
v 27489.145325 49964.696489 142.802687
v 27472.478658 49981.363156 140.922210
v 27472.478658 49964.696489 143.198831
v 27589.145325 50014.696489 139.336877
v 27572.478658 50014.696489 139.465866
v 27555.811991 50014.696489 139.595424
v 27539.145325 50014.696489 139.725552
v 27589.145325 49998.029823 138.276427
v 27572.478658 49998.029823 138.446692
v 27555.811991 49998.029823 138.617574
v 27589.145325 49981.363156 138.066278
v 27572.478658 49981.363156 138.281001
v 27589.145325 49964.696489 138.826817
v 27572.478658 49964.696489 139.620493
v 27555.811991 49981.363156 138.946828
v 27539.145325 49998.029823 139.161101
v 27555.811991 49964.696489 140.416142
v 27539.145325 49981.363156 139.614563
v 27539.145325 49964.696489 141.213764
v 27655.811991 50014.696489 137.302919
v 27639.145325 50014.696489 137.790886
v 27622.478658 50014.696489 138.280797
v 27605.811991 50014.696489 138.772652
v 27655.811991 49998.029823 135.604591
v 27639.145325 49998.029823 136.225340
v 27622.478658 49998.029823 136.848177
v 27655.811991 49981.363156 134.682637
v 27639.145325 49981.363156 135.445032
v 27655.811991 49964.696489 134.664437
v 27639.145325 49964.696489 135.701150
v 27622.478658 49981.363156 136.316280
v 27605.811991 49998.029823 137.561115
v 27622.478658 49964.696489 136.740451
v 27605.811991 49981.363156 137.190029
v 27605.811991 49964.696489 137.782339
v 27722.478658 50014.696489 135.412057
v 27705.811991 50014.696489 135.906251
v 27689.145325 50014.696489 136.402434
v 27672.478658 50014.696489 136.900606
v 27722.478658 49998.029823 133.316482
v 27705.811991 49998.029823 133.946608
v 27689.145325 49998.029823 134.578873
v 27722.478658 49981.363156 132.014623
v 27705.811991 49981.363156 132.789915
v 27722.478658 49964.696489 131.646159
v 27705.811991 49964.696489 132.397868
v 27689.145325 49981.363156 133.418982
v 27672.478658 49998.029823 135.090859
v 27689.145325 49964.696489 133.151484
v 27672.478658 49981.363156 134.049889
v 27672.478658 49964.696489 133.907007
v 27735.161645 50018.680169 135.819747
v 27731.990898 50021.850916 136.377166
v 27735.186240 50021.850916 136.336192
v 27732.015494 50025.021663 136.910150
v 27735.210836 50025.021663 136.871563
v 27732.040089 50028.192409 137.460706
v 27735.235431 50028.192409 137.424452
v 27728.820151 50025.021663 136.948774
v 27728.844747 50028.192409 137.496994
v 27725.649405 50028.192409 137.533317
v 27725.649405 49978.192409 131.782843
v 27725.649405 49994.859076 132.933278
v 27728.820151 49991.688329 132.573906
v 27728.820151 50008.354996 134.417081
v 27731.990898 50005.184249 133.948094
v 27725.649405 50011.525743 134.905433
v 27725.614635 49973.710025 131.632681
v 27728.785381 49987.205945 132.217954
v 27728.750611 49982.723561 131.926382
v 27731.921358 49996.219481 132.930345
v 27731.886588 49991.737097 132.507932
v 27735.057335 50005.233017 133.896331
v 27735.022565 50000.750632 133.355079
v 27731.956128 50000.701865 133.411420
v 27735.092105 50009.715401 134.489827
v 27735.126875 50014.197785 135.132158
v 27725.544717 49964.696489 131.549564
v 27728.680693 49973.710025 131.545116
v 27728.610775 49964.696489 131.453014
v 27731.746752 49973.710025 131.457596
v 27731.676834 49964.696489 131.356511
v 27734.812810 49973.710025 131.370120
v 27734.742892 49964.696489 131.260053
v 27731.816670 49982.723561 131.847646
v 27734.882729 49982.723561 131.768955
v 27734.952647 49991.737097 132.437783
v 27455.811991 49948.029823 144.535891
v 27445.493070 49958.348744 144.307375
v 27445.493070 49941.682077 145.563521
v 27435.174149 49952.000998 145.163634
v 27435.174149 49935.334332 146.740473
v 27424.855228 49945.653253 146.167005
v 27424.855228 49928.986586 148.067537
v 27414.536307 49939.305507 147.319134
v 27455.811991 49931.363156 146.138812
v 27445.493070 49925.015410 147.597203
v 27435.174149 49918.667665 149.215825
v 27455.811991 49914.696489 148.771237
v 27445.493070 49908.348744 150.389858
v 27455.811991 49898.029823 151.558145
v 27435.223389 49958.348744 144.735765
v 27424.953707 49958.348744 145.164770
v 27414.684025 49958.348744 145.594390
v 27424.904467 49952.000998 145.617838
v 27414.634786 49952.000998 146.072661
v 27414.585546 49945.653253 146.647171
v 27415.620896 49928.986586 148.065228
v 27425.939817 49918.667665 149.215825
v 27416.705485 49918.667665 149.215825
v 27427.024406 49908.348744 150.389858
v 27417.790074 49908.348744 150.389858
v 27428.108996 49898.029823 151.563892
v 27418.874664 49898.029823 151.563892
v 27436.258738 49908.348744 150.389858
v 27437.343328 49898.029823 151.563892
v 27446.577659 49898.029823 151.563892
v 27415.348219 49930.314094 147.959177
v 27416.432809 49919.995173 149.064788
v 27416.160132 49921.322681 148.913751
v 27417.244722 49911.003760 150.087784
v 27416.972045 49912.331268 149.936747
v 27418.056634 49902.012347 151.110781
v 27417.783958 49903.339855 150.959744
v 27417.517398 49909.676252 150.238821
v 27418.329311 49900.684839 151.261818
v 27418.601987 49899.357331 151.412855
v 27414.531397 49938.672529 147.359737
v 27415.343309 49929.681116 148.009340
v 27414.526487 49938.039551 147.401010
v 27415.338399 49929.048137 148.060177
v 27414.521577 49937.406572 147.442954
v 27415.333489 49928.415159 148.111691
v 27414.516666 49936.773594 147.485569
v 27416.155222 49920.689703 148.985768
v 27416.150312 49920.056724 149.057785
v 27416.967135 49911.698290 150.008764
v 27522.478658 49948.029823 142.980436
v 27505.811991 49948.029823 143.441737
v 27489.145325 49948.029823 143.904046
v 27472.478658 49948.029823 144.367360
v 27522.478658 49931.363156 144.688361
v 27505.811991 49931.363156 145.217678
v 27489.145325 49931.363156 145.748006
v 27522.478658 49914.696489 147.599011
v 27505.811991 49914.696489 148.150647
v 27522.478658 49898.029823 150.533235
v 27505.811991 49898.029823 150.804650
v 27489.145325 49914.696489 148.357510
v 27472.478658 49931.363156 145.943219
v 27489.145325 49898.029823 151.065985
v 27472.478658 49914.696489 148.564373
v 27472.478658 49898.029823 151.317170
v 27589.145325 49948.029823 139.708237
v 27572.478658 49948.029823 140.633719
v 27555.811991 49948.029823 141.561213
v 27539.145325 49948.029823 142.490718
v 27589.145325 49931.363156 141.445886
v 27572.478658 49931.363156 142.504858
v 27555.811991 49931.363156 143.565851
v 27589.145325 49914.696489 143.894207
v 27572.478658 49914.696489 145.295764
v 27589.145325 49898.029823 147.497695
v 27572.478658 49898.029823 148.301102
v 27555.811991 49914.696489 146.094096
v 27539.145325 49931.363156 144.126569
v 27555.811991 49898.029823 149.075056
v 27539.145325 49914.696489 146.862092
v 27539.145325 49898.029823 149.819203
v 27655.811991 49948.029823 135.354773
v 27639.145325 49948.029823 136.563823
v 27622.478658 49948.029823 137.775512
v 27605.811991 49948.029823 138.989839
v 27655.811991 49931.363156 134.813806
v 27639.145325 49931.363156 136.803667
v 27622.478658 49931.363156 138.717583
v 27655.811991 49914.696489 138.179915
v 27639.145325 49914.696489 140.207345
v 27655.811991 49898.029823 142.538390
v 27639.145325 49898.029823 143.841092
v 27622.478658 49914.696489 141.479958
v 27605.811991 49931.363156 140.622456
v 27622.478658 49898.029823 145.102376
v 27605.811991 49914.696489 142.709098
v 27605.811991 49898.029823 146.321476
v 27722.478658 49948.029823 132.202300
v 27705.811991 49948.029823 133.082404
v 27689.145325 49948.029823 133.964456
v 27672.478658 49948.029823 134.848453
v 27722.478658 49931.363156 129.030233
v 27705.811991 49931.363156 130.802810
v 27689.145325 49931.363156 132.522908
v 27722.478658 49914.696489 133.125598
v 27705.811991 49914.696489 134.873946
v 27722.478658 49898.029823 138.303449
v 27705.811991 49898.029823 139.402273
v 27689.145325 49914.696489 136.004237
v 27672.478658 49931.363156 133.683390
v 27689.145325 49898.029823 140.474883
v 27672.478658 49914.696489 137.106448
v 27672.478658 49898.029823 141.520500
v 27734.648491 49952.526657 131.393361
v 27731.606032 49955.569115 131.415808
v 27734.672091 49955.569115 131.310126
v 27731.629633 49958.611573 131.363068
v 27734.695691 49958.611573 131.260476
v 27731.653233 49961.654031 131.343467
v 27734.719292 49961.654031 131.243950
v 27728.563574 49958.611573 131.465706
v 27728.587175 49961.654031 131.443029
v 27725.521116 49961.654031 131.542638
v 27725.521116 49911.654031 133.693261
v 27725.521116 49928.320698 129.390004
v 27728.563574 49925.278240 129.787942
v 27728.563574 49941.944906 126.387401
v 27731.606032 49938.902448 126.611802
v 27725.521116 49944.987364 132.270656
v 27725.518506 49911.317552 133.791629
v 27728.560964 49924.941761 129.868394
v 27728.558354 49924.605282 129.949300
v 27731.600812 49938.229491 126.736409
v 27731.598202 49937.893012 126.799404
v 27734.640660 49951.517220 131.438801
v 27734.638050 49951.180741 131.454822
v 27731.603422 49938.565969 126.673876
v 27734.643270 49951.853699 131.423217
v 27734.645881 49952.190178 131.408071
v 27727.877855 49899.831212 137.171110
v 27730.917703 49913.118942 132.737504
v 27733.277052 49901.632602 136.043994
v 27736.316900 49914.920332 131.688840
v 27738.676248 49903.433992 134.922115
v 27741.716096 49916.721721 130.645649
v 27744.075445 49905.235381 133.805489
v 27733.957551 49926.406672 128.976544
v 27739.356748 49928.208061 128.009435
v 27736.997399 49939.694401 125.910323
v 27728.305791 49898.029823 137.740874
v 27733.704988 49899.831212 136.602545
v 27734.132925 49898.029823 137.173234
v 27739.532122 49899.831212 136.028939
v 27739.960058 49898.029823 136.600584
v 27745.359255 49899.831212 135.450345
v 27745.787192 49898.029823 136.022979
v 27739.104185 49901.632602 135.469415
v 27744.931318 49901.632602 134.889817
v 27744.503382 49903.433992 134.341498
v 27455.811991 49881.363156 151.527202
v 27448.498935 49888.676212 151.547420
v 27448.498935 49872.009545 151.532677
v 27441.185880 49879.322601 151.544492
v 27441.185880 49862.655934 151.545819
v 27433.872824 49869.968990 151.549323
v 27433.872824 49853.302324 151.566497
v 27426.559768 49860.615380 151.561830
v 27455.811991 49864.696489 151.529776
v 27448.498935 49855.342879 151.551071
v 27441.185880 49845.989268 151.579709
v 27455.811991 49848.029823 151.564845
v 27448.498935 49838.676212 151.601170
v 27455.811991 49831.363156 151.630510
v 27439.264604 49888.676212 151.561333
v 27430.030272 49888.676212 151.575557
v 27420.795940 49888.676212 151.590092
v 27431.951548 49879.322601 151.556742
v 27422.717216 49879.322601 151.569302
v 27424.638492 49869.968990 151.559920
v 27428.099549 49853.302324 151.480538
v 27435.412605 49845.989268 151.488555
v 27429.639330 49845.989268 151.398766
v 27436.952386 49838.676212 151.410095
v 27431.179112 49838.676212 151.316555
v 27438.492168 49831.363156 151.331149
v 27432.718893 49831.363156 151.233947
v 27442.725661 49838.676212 151.504970
v 27444.265442 49831.363156 151.429651
v 27450.038717 49831.363156 151.529442
v 27427.963112 49853.876651 151.486712
v 27429.502894 49846.563595 151.404966
v 27429.366457 49847.137923 151.411165
v 27430.906238 49839.824867 151.328999
v 27430.769801 49840.399195 151.335220
v 27432.309583 49833.086139 151.252672
v 27432.173146 49833.660467 151.258912
v 27431.042675 49839.250540 151.322778
v 27432.446019 49832.511811 151.246431
v 27432.582456 49831.937484 151.240189
v 27427.698083 49855.073566 151.499856
v 27429.101427 49848.334837 151.424373
v 27428.836398 49849.531752 151.437572
v 27430.239742 49842.793023 151.361746
v 27429.974712 49843.989938 151.374996
v 27431.378057 49837.251209 151.298849
v 27431.113027 49838.448124 151.312147
v 27430.504772 49841.596109 151.348487
v 27431.643087 49836.054295 151.285544
v 27431.908116 49834.857381 151.272232
v 27522.478658 49881.363156 150.772409
v 27505.811991 49881.363156 151.053171
v 27489.145325 49881.363156 151.324095
v 27472.478658 49881.363156 151.585069
v 27522.478658 49864.696489 151.107095
v 27505.811991 49864.696489 151.397007
v 27489.145325 49864.696489 151.677384
v 27522.478658 49848.029823 151.532433
v 27505.811991 49848.029823 151.831463
v 27522.478658 49831.363156 152.041015
v 27505.811991 49831.363156 151.932704
v 27489.145325 49848.029823 151.738369
v 27472.478658 49864.696489 151.601316
v 27489.145325 49831.363156 151.828103
v 27472.478658 49848.029823 151.649467
v 27472.478658 49831.363156 151.727334
v 27589.145325 49881.363156 148.317096
v 27572.478658 49881.363156 149.153566
v 27555.811991 49881.363156 149.961654
v 27539.145325 49881.363156 150.740881
v 27589.145325 49864.696489 149.362129
v 27572.478658 49864.696489 150.230439
v 27555.811991 49864.696489 151.071674
v 27589.145325 49848.029823 150.617774
v 27572.478658 49848.029823 151.516927
v 27589.145325 49831.363156 152.062926
v 27572.478658 49831.363156 152.056734
v 27555.811991 49848.029823 151.521303
v 27539.145325 49864.696489 151.088881
v 27555.811991 49831.363156 152.050992
v 27539.145325 49848.029823 151.526464
v 27539.145325 49831.363156 152.045740
v 27655.811991 49881.363156 144.403489
v 27639.145325 49881.363156 145.739591
v 27622.478658 49881.363156 147.036320
v 27605.811991 49881.363156 148.292733
v 27655.811991 49864.696489 146.682216
v 27639.145325 49864.696489 148.050493
v 27622.478658 49864.696489 149.381725
v 27655.811991 49848.029823 149.338442
v 27639.145325 49848.029823 150.738447
v 27655.811991 49831.363156 152.324544
v 27639.145325 49831.363156 152.256835
v 27622.478658 49848.029823 150.695819
v 27605.811991 49864.696489 149.370419
v 27622.478658 49831.363156 152.190591
v 27605.811991 49848.029823 150.655571
v 27605.811991 49831.363156 152.125920
v 27722.478658 49881.363156 141.147519
v 27705.811991 49881.363156 142.232909
v 27689.145325 49881.363156 143.293698
v 27672.478658 49881.363156 144.329002
v 27722.478658 49864.696489 144.521812
v 27705.811991 49864.696489 145.596312
v 27689.145325 49864.696489 146.647818
v 27722.478658 49848.029823 148.366846
v 27705.811991 49848.029823 149.434843
v 27722.478658 49831.363156 152.607686
v 27705.811991 49831.363156 152.535297
v 27689.145325 49848.029823 149.400108
v 27672.478658 49864.696489 146.663167
v 27689.145325 49831.363156 152.463894
v 27672.478658 49848.029823 149.367951
v 27672.478658 49831.363156 152.393602
v 27753.049600 49867.458881 142.619065
v 27745.406864 49875.101616 141.356782
v 27751.233998 49875.101616 140.773541
v 27743.591262 49882.744352 139.635776
v 27749.418396 49882.744352 139.054419
v 27741.775660 49890.387087 138.048327
v 27747.602794 49890.387087 137.468829
v 27737.764129 49882.744352 140.212534
v 27735.948527 49890.387087 138.623045
v 27730.121393 49890.387087 139.192925
v 27730.121393 49840.387087 149.962817
v 27730.121393 49857.053754 145.915583
v 27737.764129 49849.411018 147.409924
v 27737.764129 49866.077685 143.576125
v 27745.406864 49858.434950 144.958946
v 27730.121393 49873.720421 142.303092
v 27731.576412 49834.262219 151.485652
v 27739.219148 49843.286150 148.863431
v 27740.674166 49837.161281 150.367187
v 27748.316902 49846.185212 147.767952
v 27749.771921 49840.060344 149.252339
v 27757.414656 49849.084275 146.676422
v 27758.869675 49842.959406 148.141153
v 27746.861883 49852.310081 146.335312
v 27755.959637 49855.209144 145.264923
v 27754.504618 49861.334012 143.911097
v 27732.265111 49831.363156 152.222013
v 27741.362865 49834.262219 151.095070
v 27742.051564 49831.363156 151.832562
v 27751.149318 49834.262219 150.700836
v 27751.838017 49831.363156 151.439489
v 27760.935772 49834.262219 150.303109
v 27761.624471 49831.363156 151.042955
v 27750.460620 49837.161281 149.971601
v 27760.247073 49837.161281 149.572487
v 27759.558374 49840.060344 148.851654
v 27455.811991 49814.696489 151.247040
v 27453.432849 49817.075631 151.259729
v 27453.432849 49800.408965 150.847898
v 27451.053708 49802.788106 150.862540
v 27451.053708 49786.121440 150.425967
v 27448.674566 49788.500582 150.442104
v 27448.674566 49771.833915 149.985078
v 27446.295424 49774.213057 150.002167
v 27455.811991 49798.029823 150.833570
v 27453.432849 49783.742298 150.410183
v 27451.053708 49769.454773 149.968392
v 27455.811991 49781.363156 150.394746
v 27453.432849 49767.075631 149.952104
v 27455.811991 49764.696489 149.936209
v 27447.659575 49817.075631 151.153848
v 27441.886300 49817.075631 151.049176
v 27436.113026 49817.075631 150.945725
v 27445.280433 49802.788106 150.752076
v 27439.507158 49802.788106 150.642743
v 27442.901291 49788.500582 150.327311
v 27453.998036 49764.696489 149.897473
v 27453.742524 49765.772064 149.922189
v 27451.928569 49765.772064 149.883636
v 27451.673056 49766.847638 149.908426
v 27449.859102 49766.847638 149.870060
v 27449.603589 49767.923213 149.894926
v 27447.789634 49767.923213 149.856751
v 27447.534121 49768.998787 149.881695
v 27452.184082 49764.696489 149.858818
v 27450.114614 49765.772064 149.845165
v 27448.045147 49766.847638 149.831778
v 27450.370127 49764.696489 149.820244
v 27448.300659 49765.772064 149.806778
v 27448.556172 49764.696489 149.781753
v 27451.363382 49768.151206 149.938432
v 27448.984240 49770.530348 149.955075
v 27446.605098 49772.909489 149.972125
v 27449.293915 49769.226780 149.925024
v 27446.914773 49771.605922 149.942030
v 27447.224447 49770.302354 149.911886
v 27522.478658 49814.696489 151.673247
v 27505.811991 49814.696489 151.561452
v 27489.145325 49814.696489 151.453060
v 27472.478658 49814.696489 151.348211
v 27522.478658 49798.029823 151.274926
v 27505.811991 49798.029823 151.159837
v 27489.145325 49798.029823 151.047809
v 27522.478658 49781.363156 150.850878
v 27505.811991 49781.363156 150.732640
v 27522.478658 49764.696489 150.406926
v 27505.811991 49764.696489 150.285638
v 27489.145325 49781.363156 150.617087
v 27472.478658 49798.029823 150.939003
v 27489.145325 49764.696489 150.166625
v 27472.478658 49781.363156 150.504399
v 27472.478658 49764.696489 150.050086
v 27589.145325 49814.696489 151.684010
v 27572.478658 49814.696489 151.680654
v 27555.811991 49814.696489 151.677715
v 27539.145325 49814.696489 151.675233
v 27589.145325 49798.029823 151.276530
v 27572.478658 49798.029823 151.275491
v 27555.811991 49798.029823 151.274849
v 27589.145325 49781.363156 150.845912
v 27572.478658 49781.363156 150.846520
v 27589.145325 49764.696489 150.398578
v 27572.478658 49764.696489 150.400013
v 27555.811991 49781.363156 150.847521
v 27539.145325 49798.029823 151.274647
v 27555.811991 49764.696489 150.401853
v 27539.145325 49781.363156 150.848960
v 27539.145325 49764.696489 150.404143
v 27655.811991 49814.696489 152.125177
v 27639.145325 49814.696489 152.056850
v 27622.478658 49814.696489 151.989678
v 27605.811991 49814.696489 151.923782
v 27655.811991 49798.029823 151.909142
v 27639.145325 49798.029823 151.840739
v 27622.478658 49798.029823 151.773156
v 27655.811991 49781.363156 151.677857
v 27639.145325 49781.363156 151.609937
v 27655.811991 49764.696489 151.433114
v 27639.145325 49764.696489 151.172245
v 27622.478658 49781.363156 151.352443
v 27605.811991 49798.029823 151.522838
v 27622.478658 49764.696489 150.912570
v 27605.811991 49781.363156 151.097636
v 27605.811991 49764.696489 150.654537
v 27722.478658 49814.696489 152.782186
v 27705.811991 49814.696489 152.708045
v 27689.145325 49814.696489 152.634371
v 27672.478658 49814.696489 152.561306
v 27722.478658 49798.029823 152.954833
v 27705.811991 49798.029823 152.881034
v 27689.145325 49798.029823 152.807122
v 27722.478658 49781.363156 153.117309
v 27705.811991 49781.363156 153.046184
v 27722.478658 49764.696489 153.260417
v 27705.811991 49764.696489 152.804014
v 27689.145325 49781.363156 152.587688
v 27672.478658 49798.029823 152.355740
v 27689.145325 49764.696489 152.346787
v 27672.478658 49781.363156 152.131335
v 27672.478658 49764.696489 151.889554
v 27773.821414 49780.020400 153.541270
v 27760.985725 49792.856089 153.323346
v 27770.772178 49792.856089 152.908817
v 27757.936489 49805.691778 152.681867
v 27767.722942 49805.691778 152.272671
v 27754.887253 49818.527467 152.049758
v 27764.673706 49818.527467 151.646563
v 27748.150036 49805.691778 153.088737
v 27745.100800 49818.527467 152.450039
v 27735.314347 49818.527467 152.847232
v 27735.314347 49768.527467 153.330736
v 27735.314347 49785.194134 153.186103
v 27748.150036 49772.358445 153.400988
v 27748.150036 49789.025112 153.254783
v 27760.985725 49776.189423 153.471167
v 27735.314347 49801.860800 153.021863
v 27735.416656 49768.096799 153.334925
v 27748.252345 49771.927776 153.405216
v 27748.354654 49771.497108 153.409422
v 27761.190343 49775.328086 153.479683
v 27761.292652 49774.897417 153.483906
v 27774.128341 49778.728395 153.554135
v 27774.230651 49778.297727 153.558377
v 27761.088034 49775.758754 153.475436
v 27774.026032 49779.159063 153.549869
v 27773.923723 49779.589732 153.545581
v 27735.771944 49764.696489 153.364270
v 27748.709942 49768.096799 153.438784
v 27749.065231 49764.696489 153.468124
v 27762.003229 49768.096799 153.542637
v 27762.358517 49764.696489 153.571978
v 27775.296515 49768.096799 153.646491
v 27775.651803 49764.696489 153.675832
v 27761.647941 49771.497108 153.513297
v 27774.941227 49771.497108 153.617151
v 27774.585939 49774.897417 153.587810
v 27450.370127 49757.060687 149.660029
v 27452.184082 49757.060687 149.699277
v 27452.184082 49749.424885 149.539250
v 27453.998036 49749.424885 149.579189
v 27453.998036 49741.789083 149.419714
v 27455.811991 49741.789083 149.460274
v 27455.811991 49734.153281 149.301729
v 27453.998036 49757.060687 149.738599
v 27455.811991 49749.424885 149.619194
v 27455.811991 49757.060687 149.777995
v 27522.478658 49748.029823 150.013950
v 27505.811991 49748.029823 149.889389
v 27489.145325 49748.029823 149.766630
v 27472.478658 49748.029823 149.645887
v 27522.478658 49731.363156 149.617329
v 27505.811991 49731.363156 149.489773
v 27489.145325 49731.363156 149.363503
v 27522.478658 49714.696489 149.223958
v 27505.811991 49714.696489 149.093750
v 27522.478658 49698.029823 148.833333
v 27506.216400 49698.029823 148.769809
v 27506.382303 49704.659973 148.899952
v 27490.120045 49704.659973 148.836428
v 27490.285948 49711.290123 148.966571
v 27474.023690 49711.290123 148.903046
v 27474.189593 49717.920274 149.036683
v 27457.927335 49717.920274 148.976122
v 27458.093238 49724.550424 149.111887
v 27489.954141 49698.029823 148.706284
v 27473.857786 49704.659973 148.772903
v 27457.761432 49711.290123 148.839522
v 27473.691883 49698.029823 148.642760
v 27457.595528 49704.659973 148.709379
v 27457.429625 49698.029823 148.579236
v 27505.811991 49707.060687 148.944613
v 27489.715636 49713.690838 149.011232
v 27489.145325 49716.091552 149.056933
v 27473.048970 49722.721702 149.129235
v 27472.478658 49725.122416 149.175830
v 27456.382303 49731.752567 149.254039
v 27473.619281 49720.320988 149.082846
v 27456.952615 49729.351852 149.206491
v 27457.522927 49726.951138 149.159101
v 27489.145325 49723.727354 149.209371
v 27472.478658 49740.394021 149.488535
v 27472.478658 49732.758218 149.331674
v 27589.145325 49748.029823 150.006794
v 27572.478658 49748.029823 150.007939
v 27555.811991 49748.029823 150.009483
v 27539.145325 49748.029823 150.011471
v 27589.145325 49731.363156 149.614583
v 27572.478658 49731.363156 149.614646
v 27555.811991 49731.363156 149.615075
v 27589.145325 49714.696489 149.223958
v 27572.478658 49714.696489 149.223958
v 27589.145325 49698.029823 148.833333
v 27572.478658 49698.029823 148.833333
v 27555.811991 49714.696489 149.223958
v 27539.145325 49731.363156 149.615954
v 27555.811991 49698.029823 148.833333
v 27539.145325 49714.696489 149.223958
v 27539.145325 49698.029823 148.833333
v 27655.811991 49748.029823 151.046875
v 27639.145325 49748.029823 150.786378
v 27622.478658 49748.029823 150.525884
v 27605.811991 49748.029823 150.265866
v 27655.811991 49731.363156 150.656250
v 27639.145325 49731.363156 150.395833
v 27622.478658 49731.363156 150.135417
v 27655.811991 49714.696489 150.265625
v 27639.145325 49714.696489 150.005208
v 27655.811991 49698.029823 149.875000
v 27639.145325 49698.029823 149.614583
v 27622.478658 49714.696489 149.744792
v 27605.811991 49731.363156 149.875000
v 27622.478658 49698.029823 149.354167
v 27605.811991 49714.696489 149.484375
v 27605.811991 49698.029823 149.093750
v 27722.478658 49748.029823 152.804688
v 27705.811991 49748.029823 152.348958
v 27689.145325 49748.029823 151.893229
v 27672.478658 49748.029823 151.437500
v 27722.478658 49731.363156 152.348958
v 27705.811991 49731.363156 151.893229
v 27689.145325 49731.363156 151.437500
v 27722.478658 49714.696489 151.893229
v 27705.811991 49714.696489 151.437500
v 27722.478658 49698.029823 151.437500
v 27705.811991 49698.029823 151.046875
v 27689.145325 49714.696489 151.046875
v 27672.478658 49731.363156 151.046875
v 27689.145325 49698.029823 150.656250
v 27672.478658 49714.696489 150.656250
v 27672.478658 49698.029823 150.265625
v 27777.813345 49709.361802 152.611963
v 27763.979673 49723.195474 152.774077
v 27777.272959 49723.195474 152.877930
v 27763.439288 49737.029146 153.040044
v 27776.732574 49737.029146 153.143898
v 27762.898902 49750.862818 153.306011
v 27776.192189 49750.862818 153.409865
v 27750.146001 49737.029146 152.936190
v 27749.605616 49750.862818 153.202157
v 27736.312330 49750.862818 153.098303
v 27777.988210 49716.350117 152.749820
v 27777.447825 49730.183788 153.015787
v 27778.163076 49723.338431 152.887677
v 27777.622691 49737.172103 153.153644
v 27778.337942 49730.326745 153.025533
v 27777.797556 49744.160417 153.291500
v 27778.512807 49737.315059 153.163390
v 27776.907440 49744.017460 153.281754
v 27777.082305 49751.005774 153.419611
v 27776.367054 49757.851132 153.547721
v 27736.312330 49700.862818 151.731116
v 27736.312330 49717.529484 152.186845
v 27750.146001 49703.695813 152.024732
v 27750.146001 49720.362479 152.480461
v 27763.979673 49706.528807 152.318347
v 27736.312330 49734.196151 152.642574
v 27736.241441 49698.029823 151.652543
v 27750.075113 49700.862818 151.946159
v 27750.004224 49698.029823 151.867587
v 27763.837896 49700.862818 152.161203
v 27763.767007 49698.029823 152.082630
v 27777.600678 49700.862818 152.376246
v 27777.529790 49698.029823 152.297674
v 27763.908784 49703.695813 152.239775
v 27777.671567 49703.695813 152.454819
v 27777.742456 49706.528807 152.533391
v 27455.811991 49678.845737 148.198227
v 27455.811991 49666.975092 147.966379
v 27454.367362 49668.419721 147.960736
v 27454.367362 49656.549076 147.728887
v 27452.922733 49657.993705 147.723244
v 27452.922733 49646.123060 147.491396
v 27451.478103 49647.567689 147.485753
v 27451.478103 49635.697044 147.253904
v 27450.033474 49637.141673 147.248261
v 27455.811991 49655.104447 147.734530
v 27454.367362 49644.678431 147.497039
v 27452.922733 49634.252415 147.259547
v 27455.811991 49643.233801 147.502682
v 27454.367362 49632.807785 147.265190
v 27455.811991 49631.363156 147.270833
v 27454.167194 49631.363156 147.245133
v 27454.188233 49631.514993 147.247241
v 27452.543435 49631.514993 147.221541
v 27452.564474 49631.666830 147.223650
v 27450.919677 49631.666830 147.197950
v 27450.940715 49631.818667 147.200058
v 27449.295918 49631.818667 147.174358
v 27449.316956 49631.970504 147.176466
v 27452.522397 49631.363156 147.219433
v 27450.898638 49631.514993 147.195842
v 27449.274879 49631.666830 147.172250
v 27450.877600 49631.363156 147.193733
v 27449.253841 49631.514993 147.170142
v 27449.232802 49631.363156 147.168034
v 27452.743603 49632.959622 147.241598
v 27451.298974 49634.404252 147.235955
v 27449.854345 49635.848881 147.230312
v 27451.119845 49633.111459 147.218006
v 27449.675215 49634.556089 147.212363
v 27449.496086 49633.263296 147.194415
v 27522.478658 49681.363156 148.507812
v 27506.206527 49697.635287 148.762065
v 27506.206527 49680.968620 148.436544
v 27489.934397 49697.240751 148.690796
v 27489.934397 49680.574084 148.365275
v 27473.662266 49696.846214 148.619527
v 27473.662266 49680.179548 148.294006
v 27457.390136 49696.451678 148.548258
v 27522.478658 49664.696489 148.182292
v 27506.206527 49664.301953 148.111023
v 27489.934397 49663.907417 148.039754
v 27522.478658 49648.029823 147.856771
v 27506.206527 49647.635287 147.785502
v 27522.478658 49631.363156 147.531250
v 27489.944269 49697.635287 148.698540
v 27473.682011 49697.635287 148.635016
v 27457.419752 49697.635287 148.571491
v 27473.672138 49697.240751 148.627271
v 27457.409880 49697.240751 148.563747
v 27457.400008 49696.846214 148.556003
v 27505.811991 49631.363156 147.466146
v 27505.811991 49643.233801 147.697994
v 27489.145325 49643.233801 147.632890
v 27489.145325 49655.104447 147.864739
v 27472.478658 49655.104447 147.799635
v 27472.478658 49666.975092 148.031483
v 27489.145325 49631.363156 147.401042
v 27472.478658 49643.233801 147.567786
v 27472.478658 49631.363156 147.335938
v 27506.159070 49645.738697 147.748274
v 27489.492403 49657.609342 147.915018
v 27489.839482 49660.114238 147.965298
v 27473.172815 49671.984884 148.132042
v 27473.519894 49674.489780 148.182322
v 27456.853227 49686.360425 148.349066
v 27457.200305 49688.865321 148.399346
v 27472.825737 49669.479988 148.081763
v 27456.506148 49683.855529 148.298787
v 27456.159070 49681.350633 148.248507
v 27489.886939 49662.010828 148.002526
v 27473.614809 49678.282958 148.256778
v 27457.342678 49694.555089 148.511030
v 27473.567351 49676.386369 148.219550
v 27457.295220 49692.658500 148.473802
v 27457.247763 49690.761910 148.436574
v 27589.145325 49681.363156 148.638021
v 27572.478658 49681.363156 148.638021
v 27555.811991 49681.363156 148.638021
v 27539.145325 49681.363156 148.638021
v 27589.145325 49664.696489 148.442708
v 27572.478658 49664.696489 148.442708
v 27555.811991 49664.696489 148.442708
v 27589.145325 49648.029823 148.247396
v 27572.478658 49648.029823 148.247396
v 27589.145325 49631.363156 148.052083
v 27572.478658 49631.363156 147.921875
v 27555.811991 49648.029823 148.117188
v 27539.145325 49664.696489 148.312500
v 27555.811991 49631.363156 147.791667
v 27539.145325 49648.029823 147.986979
v 27539.145325 49631.363156 147.661458
v 27655.811991 49681.363156 149.679687
v 27639.145325 49681.363156 149.419271
v 27622.478658 49681.363156 149.158854
v 27605.811991 49681.363156 148.898437
v 27655.811991 49664.696489 149.484375
v 27639.145325 49664.696489 149.223958
v 27622.478658 49664.696489 148.963542
v 27655.811991 49648.029823 149.289062
v 27639.145325 49648.029823 149.028646
v 27655.811991 49631.363156 149.093750
v 27639.145325 49631.363156 148.833333
v 27622.478658 49648.029823 148.768229
v 27605.811991 49664.696489 148.703125
v 27622.478658 49631.363156 148.572917
v 27605.811991 49648.029823 148.507812
v 27605.811991 49631.363156 148.312500
v 27722.478658 49681.363156 151.177083
v 27705.811991 49681.363156 150.786458
v 27689.145325 49681.363156 150.395833
v 27672.478658 49681.363156 150.005208
v 27722.478658 49664.696489 150.916667
v 27705.811991 49664.696489 150.526042
v 27689.145325 49664.696489 150.135417
v 27722.478658 49648.029823 150.656250
v 27705.811991 49648.029823 150.265625
v 27722.478658 49631.363156 150.395833
v 27705.811991 49631.363156 150.070313
v 27689.145325 49648.029823 149.940104
v 27672.478658 49664.696489 149.809896
v 27689.145325 49631.363156 149.744792
v 27672.478658 49648.029823 149.614583
v 27655.811991 49664.696489 149.484375
v 27672.478658 49631.363156 149.419271
v 27774.341271 49646.167210 151.437500
v 27761.375618 49659.132863 151.437500
v 27775.138401 49659.132863 151.652543
v 27762.172747 49672.098516 151.652543
v 27775.935530 49672.098516 151.867587
v 27762.969877 49685.064169 151.867587
v 27776.732660 49685.064169 152.082630
v 27748.409964 49672.098516 151.437500
v 27749.207094 49685.064169 151.652543
v 27735.444311 49685.064169 151.437500
v 27774.974570 49652.585557 151.547682
v 27775.771700 49665.551210 151.762725
v 27775.607870 49659.003904 151.657864
v 27776.404999 49671.969557 151.872907
v 27776.241169 49665.422251 151.768046
v 27777.038299 49678.387904 151.983089
v 27776.874468 49671.840598 151.878228
v 27776.568830 49678.516863 151.977769
v 27777.202129 49684.935210 152.087951
v 27777.365959 49691.482516 152.192812
v 27774.608551 49648.096194 151.471817
v 27775.241850 49654.514541 151.581999
v 27774.875831 49650.025178 151.506133
v 27775.509131 49656.443525 151.616315
v 27775.143111 49651.954162 151.540450
v 27775.776411 49658.372509 151.650632
v 27775.410392 49653.883147 151.574767
v 27775.875150 49660.932888 151.692181
v 27776.142430 49662.861872 151.726497
v 27776.508449 49667.351235 151.802363
v 27735.444311 49635.064169 150.656250
v 27735.444311 49651.730836 150.916667
v 27748.409964 49638.765183 150.916667
v 27748.409964 49655.431849 151.177083
v 27761.375618 49642.466196 151.177083
v 27735.444311 49668.397503 151.177083
v 27734.931499 49631.363156 150.590409
v 27747.897152 49635.064169 150.850826
v 27747.384339 49631.363156 150.784985
v 27760.349992 49635.064169 151.045401
v 27759.837180 49631.363156 150.979560
v 27772.802833 49635.064169 151.239977
v 27772.290020 49631.363156 151.174136
v 27760.862805 49638.765183 151.111242
v 27773.315646 49638.765183 151.305818
v 27773.828458 49642.466196 151.371659
v 27455.811991 49614.696489 147.075521
v 27452.339068 49618.169412 147.061955
v 27452.339068 49601.502746 146.866642
v 27448.866145 49604.975669 146.853076
v 27448.866145 49588.309002 146.657764
v 27445.393222 49591.781925 146.644198
v 27445.393222 49575.115259 146.448885
v 27441.920299 49578.588182 146.435319
v 27455.811991 49598.029823 146.880208
v 27452.339068 49584.836079 146.671330
v 27448.866145 49571.642336 146.462451
v 27455.811991 49581.363156 146.684896
v 27452.339068 49568.169412 146.476017
v 27455.811991 49564.696489 146.489583
v 27450.694271 49618.169412 147.036255
v 27449.049474 49618.169412 147.010555
v 27447.404676 49618.169412 146.984855
v 27447.221348 49604.975669 146.827376
v 27445.576551 49604.975669 146.801676
v 27443.748425 49591.781925 146.618498
v 27451.325461 49564.696489 146.437007
v 27452.323284 49568.055497 146.474942
v 27447.836754 49568.055497 146.422366
v 27448.834577 49571.414505 146.460301
v 27444.348047 49571.414505 146.407725
v 27445.345870 49574.773513 146.445660
v 27440.859340 49574.773513 146.393084
v 27441.857162 49578.132521 146.431019
v 27446.838931 49564.696489 146.384430
v 27443.350224 49568.055497 146.369789
v 27439.861517 49571.414505 146.355148
v 27442.352401 49564.696489 146.331854
v 27438.863694 49568.055497 146.317213
v 27437.865871 49564.696489 146.279277
v 27448.850361 49571.528420 146.461376
v 27445.377438 49575.001343 146.447810
v 27441.904515 49578.474267 146.434244
v 27445.361654 49574.887428 146.446735
v 27441.888731 49578.360351 146.433169
v 27441.872947 49578.246436 146.432094
v 27522.478658 49614.696489 147.335938
v 27505.811991 49614.696489 147.270833
v 27489.145325 49614.696489 147.205729
v 27472.478658 49614.696489 147.140625
v 27522.478658 49598.029823 147.140625
v 27505.811991 49598.029823 147.075521
v 27489.145325 49598.029823 147.010417
v 27522.478658 49581.363156 146.945312
v 27505.811991 49581.363156 146.880208
v 27522.478658 49564.696489 146.750000
v 27505.811991 49564.696489 146.684896
v 27489.145325 49581.363156 146.815104
v 27472.478658 49598.029823 146.945312
v 27472.478658 49614.696489 147.140625
v 27489.145325 49564.696489 146.619792
v 27472.478658 49581.363156 146.750000
v 27472.478658 49564.696489 146.554688
v 27589.145325 49614.696489 147.921875
v 27572.478658 49614.696489 147.791667
v 27555.811991 49614.696489 147.661458
v 27539.145325 49614.696489 147.531250
v 27589.145325 49598.029823 147.791667
v 27572.478658 49598.029823 147.661458
v 27555.811991 49598.029823 147.531250
v 27589.145325 49581.363156 147.661458
v 27572.478658 49581.363156 147.531250
v 27589.145325 49564.696489 147.531250
v 27572.478658 49564.696489 147.335938
v 27555.811991 49581.363156 147.335938
v 27539.145325 49598.029823 147.335938
v 27555.811991 49564.696489 147.140625
v 27539.145325 49581.363156 147.140625
v 27522.478658 49598.029823 147.140625
v 27539.145325 49564.696489 146.945313
v 27655.811991 49614.696489 149.028646
v 27639.145325 49614.696489 148.768229
v 27622.478658 49614.696489 148.507813
v 27605.811991 49614.696489 148.247396
v 27655.811991 49598.029823 148.963542
v 27639.145325 49598.029823 148.703125
v 27622.478658 49598.029823 148.442708
v 27655.811991 49581.363156 148.898437
v 27639.145325 49581.363156 148.638021
v 27655.811991 49564.696489 148.833333
v 27639.145325 49564.696489 148.507812
v 27622.478658 49581.363156 148.312500
v 27605.811991 49598.029823 148.117187
v 27622.478658 49564.696489 148.182292
v 27605.811991 49581.363156 147.986979
v 27605.811991 49564.696489 147.856771
v 27722.478658 49614.696489 150.330729
v 27705.811991 49614.696489 150.005208
v 27689.145325 49614.696489 149.679688
v 27672.478658 49614.696489 149.354167
v 27722.478658 49598.029823 150.265625
v 27705.811991 49598.029823 149.940104
v 27689.145325 49598.029823 149.614583
v 27722.478658 49581.363156 150.200521
v 27705.811991 49581.363156 149.875000
v 27722.478658 49564.696489 150.135417
v 27705.811991 49564.696489 149.809896
v 27689.145325 49581.363156 149.549479
v 27672.478658 49598.029823 149.289062
v 27689.145325 49564.696489 149.484375
v 27672.478658 49581.363156 149.223958
v 27672.478658 49564.696489 149.158854
v 27766.228096 49587.613718 150.737626
v 27755.290736 49598.551078 150.652178
v 27767.743577 49598.551078 150.846753
v 27756.806218 49609.488437 150.761305
v 27769.259058 49609.488437 150.955881
v 27758.321699 49620.425796 150.870433
v 27770.774539 49620.425796 151.065008
v 27744.353377 49609.488437 150.566730
v 27745.868858 49620.425796 150.675857
v 27733.416017 49620.425796 150.481281
v 27733.416017 49570.425796 150.285969
v 27733.416017 49587.092463 150.351073
v 27744.353377 49576.155104 150.436521
v 27744.353377 49592.821770 150.501625
v 27755.290736 49581.884411 150.587074
v 27733.416017 49603.759130 150.416177
v 27732.622164 49564.696489 150.254286
v 27743.559524 49570.425796 150.404838
v 27742.765671 49564.696489 150.373155
v 27753.703030 49570.425796 150.523707
v 27752.909177 49564.696489 150.492024
v 27763.846537 49570.425796 150.642577
v 27763.052683 49564.696489 150.610894
v 27754.496883 49576.155104 150.555390
v 27764.640390 49576.155104 150.674260
v 27765.434243 49581.884411 150.705943
v 27455.811991 49548.029823 146.294271
v 27448.416848 49555.424966 146.294271
v 27448.416848 49538.758299 146.098958
v 27441.021705 49546.153443 146.098958
v 27441.021705 49529.486776 145.903646
v 27433.626561 49536.881919 145.903646
v 27433.626561 49520.215253 145.708333
v 27426.231418 49527.610396 145.708333
v 27455.811991 49531.363156 146.098958
v 27448.416848 49522.091633 145.903646
v 27441.021705 49512.820109 145.708333
v 27455.811991 49514.696489 145.903646
v 27448.416848 49505.424966 145.708333
v 27455.811991 49498.029823 145.708333
v 27449.013608 49556.914013 146.318714
v 27441.618465 49547.642490 146.123401
v 27442.215225 49549.131536 146.147844
v 27434.820081 49539.860013 145.952532
v 27435.416841 49541.349060 145.976975
v 27428.021698 49532.077537 145.781662
v 27428.618458 49533.566584 145.806106
v 27434.223321 49538.370966 145.928089
v 27427.424938 49530.588490 145.757219
v 27426.828178 49529.099443 145.732776
v 27444.527078 49556.914013 146.266137
v 27440.040548 49556.914013 146.213561
v 27435.554018 49556.914013 146.160984
v 27437.728695 49549.131536 146.095268
v 27433.242164 49549.131536 146.042691
v 27430.930311 49541.349060 145.924398
v 27423.267693 49520.215253 145.667869
v 27430.662837 49512.820109 145.667869
v 27420.303968 49512.820109 145.627405
v 27427.699112 49505.424966 145.627405
v 27417.340243 49505.424966 145.586940
v 27424.735387 49498.029823 145.586940
v 27414.376519 49498.029823 145.546476
v 27438.057980 49505.424966 145.667869
v 27435.094255 49498.029823 145.627405
v 27445.453123 49498.029823 145.667869
v 27522.478658 49548.029823 146.554687
v 27505.811991 49548.029823 146.489583
v 27489.145325 49548.029823 146.424479
v 27472.478658 49548.029823 146.359375
v 27522.478658 49531.363156 146.359375
v 27505.811991 49531.363156 146.294271
v 27489.145325 49531.363156 146.229167
v 27522.478658 49514.696489 146.164062
v 27505.811991 49514.696489 146.098958
v 27522.478658 49498.029823 145.968750
v 27505.811991 49498.029823 145.903646
v 27489.145325 49514.696489 146.033854
v 27472.478658 49531.363156 146.164062
v 27489.145325 49498.029823 145.838542
v 27472.478658 49514.696489 145.968750
v 27472.478658 49498.029823 145.773437
v 27589.145325 49548.029823 147.466146
v 27572.478658 49548.029823 147.270833
v 27555.811991 49548.029823 147.075521
v 27539.145325 49548.029823 146.880208
v 27589.145325 49531.363156 147.401042
v 27572.478658 49531.363156 147.205729
v 27555.811991 49531.363156 147.010417
v 27589.145325 49514.696489 147.335938
v 27572.478658 49514.696489 147.140625
v 27589.145325 49498.029823 147.270833
v 27572.478658 49498.029823 146.945313
v 27555.811991 49514.696489 146.815104
v 27539.145325 49531.363156 146.684896
v 27555.811991 49498.029823 146.619792
v 27539.145325 49514.696489 146.489583
v 27539.145325 49498.029823 146.294271
v 27655.811991 49548.029823 148.833333
v 27639.145325 49548.029823 148.507812
v 27622.478658 49548.029823 148.182292
v 27605.811991 49548.029823 147.856771
v 27655.811991 49531.363156 148.833333
v 27639.145325 49531.363156 148.507812
v 27622.478658 49531.363156 148.182292
v 27655.811991 49514.696489 148.833333
v 27639.145325 49514.696489 148.507812
v 27655.811991 49498.029823 148.833333
v 27639.145325 49498.029823 148.442708
v 27622.478658 49514.696489 148.117188
v 27605.811991 49531.363156 147.791667
v 27622.478658 49498.029823 148.052083
v 27605.811991 49514.696489 147.726562
v 27605.811991 49498.029823 147.661458
v 27722.478658 49548.029823 149.940104
v 27705.811991 49548.029823 149.614583
v 27689.145325 49564.696489 149.484375
v 27689.145325 49548.029823 149.289063
v 27672.478658 49548.029823 148.963542
v 27722.478658 49531.363156 149.744792
v 27705.811991 49531.363156 149.419271
v 27689.145325 49531.363156 149.093750
v 27722.478658 49514.696489 149.549479
v 27705.811991 49514.696489 149.223958
v 27722.478658 49498.029823 149.354167
v 27705.811991 49498.029823 149.223958
v 27689.145325 49514.696489 149.093750
v 27672.478658 49531.363156 148.963542
v 27689.145325 49498.029823 149.093750
v 27672.478658 49514.696489 148.963542
v 27672.478658 49498.029823 148.963542
v 27758.114921 49529.060226 149.857008
v 27749.205855 49537.969292 149.926610
v 27759.349361 49537.969292 150.045480
v 27750.440296 49546.878358 150.115082
v 27760.583802 49546.878358 150.233951
v 27751.674736 49555.787424 150.303553
v 27761.818243 49555.787424 150.422422
v 27740.296789 49546.878358 149.996213
v 27741.531230 49555.787424 150.184684
v 27731.387724 49555.787424 150.065815
v 27731.387724 49505.787424 149.479877
v 27731.387724 49522.454090 149.675190
v 27740.296789 49513.545025 149.605588
v 27740.296789 49530.211691 149.800900
v 27749.205855 49521.302626 149.731298
v 27731.387724 49539.120757 149.870502
v 27731.150731 49504.077023 149.458908
v 27740.059796 49511.834624 149.584618
v 27739.822803 49510.124223 149.563648
v 27748.731869 49517.881824 149.689359
v 27748.494876 49516.171424 149.668389
v 27757.403941 49523.929025 149.794100
v 27757.166948 49522.218624 149.773130
v 27748.968862 49519.592225 149.710328
v 27757.640934 49525.639425 149.815069
v 27757.877928 49527.349826 149.836039
v 27729.873218 49498.176567 149.384771
v 27738.545290 49504.223767 149.489512
v 27737.267777 49498.323311 149.415376
v 27745.939849 49504.370511 149.520117
v 27744.662336 49498.470055 149.445981
v 27753.334409 49504.517255 149.550722
v 27752.056896 49498.616799 149.476585
v 27747.217363 49510.270968 149.594253
v 27754.611922 49510.417712 149.624858
v 27755.889435 49516.318168 149.698994
v 27729.829626 49498.029823 149.382881
v 27737.224185 49498.176567 149.413486
v 27737.180594 49498.029823 149.411596
v 27744.575153 49498.176567 149.442201
v 27744.531562 49498.029823 149.440311
v 27751.926121 49498.176567 149.470915
v 27751.882530 49498.029823 149.469026
v 27744.618745 49498.323311 149.444091
v 27751.969713 49498.323311 149.472805
v 27752.013304 49498.470055 149.474695
v 27389.145325 49435.072463 144.710135
v 27389.145325 49434.145136 144.699268
v 27388.880012 49434.410449 144.701341
v 27388.880012 49433.483122 144.690474
v 27388.614699 49433.748435 144.692546
v 27388.614699 49432.821109 144.681679
v 27388.349386 49433.086421 144.683752
v 27388.349386 49432.159095 144.672885
v 27388.084073 49432.424408 144.674958
v 27389.145325 49433.217809 144.688401
v 27388.880012 49432.555796 144.679607
v 27388.614699 49431.893782 144.670812
v 27389.145325 49432.290483 144.677534
v 27388.880012 49431.628469 144.668739
v 27389.145325 49431.363156 144.666667
v 27387.977745 49432.159095 144.672885
v 27388.243057 49431.893782 144.670812
v 27387.871416 49431.893782 144.670812
v 27388.136729 49431.628469 144.668739
v 27387.765088 49431.628469 144.668739
v 27388.030400 49431.363156 144.666667
v 27387.658759 49431.363156 144.666667
v 27388.508370 49431.628469 144.668739
v 27388.402042 49431.363156 144.666667
v 27388.773683 49431.363156 144.666667
v 27455.811991 49481.363156 145.447917
v 27443.648430 49493.526717 145.590458
v 27443.648430 49476.860051 145.330042
v 27431.484868 49489.023612 145.472583
v 27431.484868 49472.356946 145.212167
v 27419.321307 49484.520507 145.354709
v 27419.321307 49467.853840 145.094292
v 27407.157746 49480.017402 145.236834
v 27455.811991 49464.696489 145.187500
v 27443.648430 49460.193384 145.069625
v 27431.484868 49455.690279 144.951750
v 27455.811991 49448.029823 144.927083
v 27443.648430 49443.526717 144.809208
v 27455.811991 49431.363156 144.666667
v 27433.289562 49493.526717 145.549994
v 27422.930693 49493.526717 145.509530
v 27412.571825 49493.526717 145.469065
v 27421.126000 49489.023612 145.432119
v 27410.767132 49489.023612 145.391655
v 27408.962439 49484.520507 145.314244
v 27439.145325 49431.363156 144.666667
v 27439.145325 49432.290483 144.677534
v 27422.478658 49432.290483 144.677534
v 27422.478658 49433.217809 144.688401
v 27405.811991 49433.217809 144.688401
v 27405.811991 49434.145136 144.699268
v 27422.478658 49431.363156 144.666667
v 27405.811991 49432.290483 144.677534
v 27405.811991 49431.363156 144.666667
v 27443.520683 49443.207961 144.805473
v 27426.854016 49444.135288 144.816340
v 27431.229375 49455.052766 144.944279
v 27414.562708 49455.980093 144.955146
v 27418.938067 49466.897571 145.083086
v 27402.271400 49467.824898 145.093953
v 27406.646758 49478.742376 145.221892
v 27410.187350 49445.062615 144.827207
v 27397.896041 49456.907420 144.966014
v 27393.520683 49445.989941 144.838074
v 27431.357122 49455.371522 144.948015
v 27419.193560 49467.535084 145.090556
v 27407.029999 49479.698645 145.233098
v 27419.065813 49467.216328 145.086821
v 27406.902252 49479.379889 145.229363
v 27406.774505 49479.061133 145.225627
v 27522.478658 49481.363156 145.838542
v 27505.811991 49481.363156 145.773437
v 27489.145325 49481.363156 145.708333
v 27472.478658 49481.363156 145.643229
v 27522.478658 49464.696489 145.708333
v 27505.811991 49464.696489 145.643229
v 27489.145325 49464.696489 145.578125
v 27522.478658 49448.029823 145.578125
v 27505.811991 49448.029823 145.513021
v 27522.478658 49431.363156 145.447917
v 27505.811991 49431.363156 145.252604
v 27489.145325 49448.029823 145.317708
v 27472.478658 49464.696489 145.382812
v 27489.145325 49431.363156 145.057292
v 27472.478658 49448.029823 145.122396
v 27472.478658 49431.363156 144.861979
v 27589.145325 49481.363156 147.205729
v 27572.478658 49481.363156 146.880208
v 27555.811991 49481.363156 146.554688
v 27539.145325 49481.363156 146.229167
v 27589.145325 49464.696489 147.140625
v 27572.478658 49464.696489 146.815104
v 27555.811991 49464.696489 146.489583
v 27589.145325 49448.029823 147.075521
v 27572.478658 49448.029823 146.750000
v 27589.145325 49431.363156 147.010417
v 27572.478658 49431.363156 146.619792
v 27555.811991 49448.029823 146.359375
v 27539.145325 49464.696489 146.098958
v 27555.811991 49431.363156 146.229167
v 27539.145325 49448.029823 145.968750
v 27539.145325 49431.363156 145.838542
v 27522.478658 49448.029823 145.578125
v 27655.811991 49481.363156 148.898437
v 27639.145325 49481.363156 148.507812
v 27622.478658 49481.363156 148.117187
v 27605.811991 49481.363156 147.726562
v 27655.811991 49464.696489 148.963542
v 27639.145325 49464.696489 148.572917
v 27622.478658 49464.696489 148.182292
v 27655.811991 49448.029823 149.028646
v 27639.145325 49448.029823 148.638021
v 27655.811991 49431.363156 149.093750
v 27639.145325 49431.363156 148.572917
v 27622.478658 49448.029823 148.117188
v 27605.811991 49464.696489 147.661458
v 27622.478658 49431.363156 148.052083
v 27605.811991 49448.029823 147.596354
v 27589.145325 49464.696489 147.140625
v 27605.811991 49431.363156 147.531250
v 27722.478658 49481.363156 149.484375
v 27705.811991 49481.363156 149.354167
v 27689.145325 49481.363156 149.223958
v 27672.478658 49481.363156 149.093750
v 27722.478658 49464.696489 149.614583
v 27705.811991 49464.696489 149.484375
v 27689.145325 49464.696489 149.354167
v 27722.478658 49448.029823 149.744792
v 27705.811991 49448.029823 149.614583
v 27722.478658 49431.363156 149.875000
v 27705.811991 49431.363156 149.679688
v 27689.145325 49448.029823 149.419271
v 27672.478658 49464.696489 149.158854
v 27689.145325 49431.363156 149.484375
v 27672.478658 49448.029823 149.223958
v 27672.478658 49431.363156 149.289062
v 27745.148310 49475.360171 149.708380
v 27739.480897 49481.027584 149.619827
v 27746.831865 49481.027584 149.648541
v 27741.164452 49486.694997 149.559988
v 27748.515420 49486.694997 149.588703
v 27742.848007 49492.362410 149.500149
v 27750.198975 49492.362410 149.528864
v 27733.813484 49486.694997 149.531273
v 27735.497039 49492.362410 149.471435
v 27728.146071 49492.362410 149.442720
v 27728.146071 49442.362410 149.833345
v 27728.146071 49459.029076 149.703137
v 27733.813484 49453.361663 149.791690
v 27733.813484 49470.028330 149.661482
v 27739.480897 49464.360917 149.750035
v 27728.146071 49475.695743 149.572928
v 27722.478658 49481.363156 149.484375
v 27725.174838 49432.360240 149.888274
v 27730.842251 49443.359494 149.846619
v 27727.871018 49433.357324 149.901548
v 27733.538431 49444.356577 149.859893
v 27730.567198 49434.354407 149.914823
v 27736.234611 49445.353661 149.873168
v 27733.263379 49435.351491 149.928097
v 27736.509664 49454.358747 149.804964
v 27739.205844 49455.355831 149.818238
v 27742.177077 49465.358001 149.763309
v 27724.827775 49431.363156 149.893352
v 27727.523955 49432.360240 149.906627
v 27727.176892 49431.363156 149.911705
v 27729.873073 49432.360240 149.924979
v 27729.526010 49431.363156 149.930057
v 27732.222190 49432.360240 149.943332
v 27731.875127 49431.363156 149.948410
v 27730.220136 49433.357324 149.919901
v 27732.569253 49433.357324 149.938253
v 27732.916316 49434.354407 149.933175
v 27389.145325 49414.696489 144.471354
v 27384.111594 49419.730220 144.530343
v 27384.111594 49403.063554 144.335031
v 27379.077863 49408.097285 144.394020
v 27379.077863 49391.430618 144.198707
v 27374.044132 49396.464349 144.257696
v 27374.044132 49379.797682 144.062384
v 27369.010401 49384.831413 144.121373
v 27389.145325 49398.029823 144.276042
v 27384.111594 49386.396887 144.139718
v 27379.077863 49374.763951 144.003395
v 27389.145325 49381.363156 144.080729
v 27384.111594 49369.730220 143.944406
v 27389.145325 49364.696489 143.885417
v 27387.339726 49427.785119 144.624737
v 27382.305995 49416.152184 144.488413
v 27385.534128 49424.207082 144.582806
v 27380.500397 49412.574147 144.446483
v 27383.728530 49420.629046 144.540876
v 27378.694799 49408.996110 144.404553
v 27381.922932 49417.051009 144.498946
v 27377.272264 49404.519248 144.352090
v 27375.466666 49400.941211 144.310160
v 27372.238533 49392.886312 144.215766
v 27386.968085 49427.785119 144.624737
v 27386.596444 49427.785119 144.624737
v 27386.224802 49427.785119 144.624737
v 27385.162487 49424.207082 144.582806
v 27384.790845 49424.207082 144.582806
v 27383.356888 49420.629046 144.540876
v 27366.993050 49379.797682 144.062384
v 27372.026781 49374.763951 144.003395
v 27364.975700 49374.763951 144.003395
v 27370.009431 49369.730220 143.944406
v 27362.958350 49369.730220 143.944406
v 27367.992081 49364.696489 143.885417
v 27360.941000 49364.696489 143.885417
v 27377.060512 49369.730220 143.944406
v 27375.043162 49364.696489 143.885417
v 27382.094243 49364.696489 143.885417
v 27455.811991 49414.696489 144.536458
v 27439.145325 49414.696489 144.536458
v 27422.478658 49414.696489 144.536458
v 27405.811991 49414.696489 144.536458
v 27455.811991 49398.029823 144.406250
v 27439.145325 49398.029823 144.406250
v 27422.478658 49398.029823 144.406250
v 27455.811991 49381.363156 144.276042
v 27439.145325 49381.363156 144.276042
v 27455.811991 49364.696489 144.145833
v 27439.145325 49364.696489 144.080729
v 27422.478658 49381.363156 144.210938
v 27405.811991 49398.029823 144.341146
v 27422.478658 49364.696489 144.015625
v 27405.811991 49381.363156 144.145833
v 27405.811991 49364.696489 143.950521
v 27522.478658 49414.696489 145.447917
v 27505.811991 49414.696489 145.252604
v 27489.145325 49414.696489 145.057292
v 27472.478658 49414.696489 144.861979
v 27522.478658 49398.029823 145.447917
v 27505.811991 49398.029823 145.252604
v 27489.145325 49398.029823 145.057292
v 27522.478658 49381.363156 145.447917
v 27505.811991 49381.363156 145.252604
v 27522.478658 49364.696489 145.447917
v 27505.811991 49364.696489 145.122396
v 27489.145325 49381.363156 144.927083
v 27472.478658 49398.029823 144.731771
v 27489.145325 49364.696489 144.796875
v 27472.478658 49381.363156 144.601563
v 27472.478658 49364.696489 144.471354
v 27589.145325 49414.696489 147.140625
v 27572.478658 49414.696489 146.750000
v 27555.811991 49414.696489 146.359375
v 27539.145325 49414.696489 145.968750
v 27589.145325 49398.029823 147.270833
v 27572.478658 49398.029823 146.880208
v 27555.811991 49398.029823 146.489583
v 27589.145325 49381.363156 147.401042
v 27572.478658 49381.363156 147.010417
v 27589.145325 49364.696489 147.531250
v 27572.478658 49364.696489 147.010417
v 27555.811991 49381.363156 146.489583
v 27539.145325 49398.029823 145.968750
v 27555.811991 49364.696489 146.489583
v 27539.145325 49381.363156 145.968750
v 27539.145325 49364.696489 145.968750
v 27655.811991 49414.696489 149.419271
v 27639.145325 49414.696489 148.898438
v 27622.478658 49414.696489 148.377604
v 27605.811991 49414.696489 147.856771
v 27655.811991 49398.029823 149.744792
v 27639.145325 49398.029823 149.223958
v 27622.478658 49398.029823 148.703125
v 27655.811991 49381.363156 150.070312
v 27639.145325 49381.363156 149.549479
v 27655.811991 49364.696489 150.395833
v 27639.145325 49364.696489 149.679688
v 27622.478658 49381.363156 148.833333
v 27622.478658 49398.029823 148.703125
v 27605.811991 49398.029823 147.986979
v 27589.145325 49414.696489 147.140625
v 27622.478658 49364.696489 148.963542
v 27605.811991 49381.363156 148.117188
v 27605.811991 49364.696489 148.247396
v 27672.478658 49425.173886 149.506654
v 27689.145325 49425.173886 149.701967
v 27689.145325 49418.984616 149.919558
v 27705.811991 49418.984616 150.114871
v 27705.811991 49412.795346 150.332462
v 27722.478658 49412.795346 150.527775
v 27722.478658 49406.606076 150.745366
v 27705.811991 49425.173886 149.897279
v 27722.478658 49418.984616 150.310183
v 27722.478658 49425.173886 150.092592
v 27669.481022 49417.694126 149.734486
v 27686.147688 49411.504856 150.147390
v 27683.150052 49404.025096 150.375222
v 27699.816718 49397.835826 150.788126
v 27696.819082 49390.356065 151.015957
v 27713.485749 49384.166795 151.428861
v 27710.488112 49376.687035 151.656693
v 27702.814355 49405.315586 150.560294
v 27716.483385 49391.646555 151.201030
v 27719.481022 49399.126316 150.973198
v 27669.481022 49367.694126 150.711048
v 27669.481022 49384.360792 150.385527
v 27683.150052 49370.691762 151.026263
v 27683.150052 49387.358429 150.700742
v 27696.819082 49373.689399 151.341478
v 27669.481022 49401.027459 150.060007
v 27668.279670 49364.696489 150.736746
v 27681.948700 49367.694126 151.051961
v 27680.747348 49364.696489 151.077659
v 27694.416378 49367.694126 151.392874
v 27693.215026 49364.696489 151.418573
v 27706.884056 49367.694126 151.733788
v 27705.682704 49364.696489 151.759486
v 27695.617730 49370.691762 151.367176
v 27708.085408 49370.691762 151.708089
v 27709.286760 49373.689399 151.682391
v 27729.448929 49424.392885 150.147276
v 27727.706361 49426.135453 150.079207
v 27730.055478 49426.135453 150.097560
v 27728.312911 49427.878021 150.029491
v 27730.662028 49427.878021 150.047843
v 27728.919460 49429.620588 149.979774
v 27731.268577 49429.620588 149.998126
v 27725.963793 49427.878021 150.011138
v 27726.570343 49429.620588 149.961422
v 27724.221226 49429.620588 149.943069
v 27724.221226 49411.052778 150.595844
v 27724.221226 49417.242048 150.378252
v 27725.963793 49415.499481 150.446321
v 27725.963793 49421.688751 150.228730
v 27727.706361 49419.946183 150.296799
v 27724.221226 49423.431318 150.160661
v 27723.960134 49410.302684 150.621194
v 27725.702702 49414.749386 150.471672
v 27725.441611 49413.999292 150.497022
v 27727.184178 49418.445994 150.347500
v 27726.923087 49417.695900 150.372851
v 27728.665655 49422.142602 150.223328
v 27728.404563 49421.392508 150.248679
v 27727.445270 49419.196089 150.322149
v 27728.926746 49422.892697 150.197977
v 27729.187837 49423.642791 150.172627
vt 152.612393 -277.789822
vt 152.612393 -277.490149
vt 152.490879 -277.611664
vt 152.407999 -277.490149
vt 152.279060 -277.301106
vt 152.279060 -277.156816
vt 152.220551 -277.215324
vt 152.180645 -277.156816
vt 152.612393 -277.156816
vt 152.355715 -277.413494
vt 152.371814 -277.437097
vt 152.279060 -276.823482
vt 152.085388 -277.017155
vt 151.953291 -276.823482
vt 151.996381 -276.886657
vt 152.612393 -276.823482
vt 151.945727 -276.812391
vt 151.945727 -276.490149
vt 151.815060 -276.620815
vt 151.725938 -276.490149
vt 152.279060 -276.490149
vt 151.950224 -276.818985
vt 152.612393 -276.490149
vt 151.612393 -276.323676
vt 151.612393 -276.156816
vt 151.544733 -276.224476
vt 151.498584 -276.156816
vt 151.945727 -276.156816
vt 151.679897 -276.422646
vt 151.620947 -276.336218
vt 152.279060 -276.156816
vt 152.612393 -276.156816
vt 151.279060 -275.834961
vt 151.279060 -275.823482
vt 151.274405 -275.828137
vt 151.271231 -275.823482
vt 151.612393 -275.823482
vt 151.409569 -276.026307
vt 151.433230 -276.060998
vt 151.945727 -275.823482
vt 152.279060 -275.823482
vt 152.612393 -275.823482
vt 151.279060 -275.490149
vt 151.139242 -275.629967
vt 151.245514 -275.785778
vt 151.043877 -275.490149
vt 151.057797 -275.510558
vt 151.612393 -275.490149
vt 151.945727 -275.490149
vt 152.279060 -275.490149
vt 152.612393 -275.490149
vt 150.945727 -275.346246
vt 150.945727 -275.156816
vt 150.868914 -275.233628
vt 150.816524 -275.156816
vt 151.279060 -275.156816
vt 151.004078 -275.431798
vt 151.612393 -275.156816
vt 151.945727 -275.156816
vt 152.279060 -275.156816
vt 152.612393 -275.156816
vt 150.612393 -274.857531
vt 150.612393 -274.823482
vt 150.598587 -274.837289
vt 150.589170 -274.823482
vt 150.945727 -274.823482
vt 150.733751 -275.035458
vt 150.682364 -274.960118
vt 151.279060 -274.823482
vt 151.612393 -274.823482
vt 151.945727 -274.823482
vt 152.279060 -274.823482
vt 152.612393 -274.950292
vt 152.567328 -274.884220
vt 152.560973 -274.874902
vt 152.525902 -274.823482
vt 150.612393 -274.490149
vt 150.463423 -274.639119
vt 150.494647 -274.684898
vt 150.361817 -274.490149
vt 150.945727 -274.490149
vt 151.279060 -274.490149
vt 151.612393 -274.490149
vt 151.945727 -274.490149
vt 152.279060 -274.490149
vt 152.425810 -274.676733
vt 152.379612 -274.609000
vt 152.298548 -274.490149
vt 150.279060 -274.368816
vt 150.279060 -274.156816
vt 150.193096 -274.242780
vt 150.134463 -274.156816
vt 150.612393 -274.156816
vt 150.328260 -274.440950
vt 150.306930 -274.409678
vt 150.945727 -274.156816
vt 151.279060 -274.156816
vt 151.612393 -274.156816
vt 151.945727 -274.156816
vt 152.279060 -274.461577
vt 152.191895 -274.333780
vt 152.155482 -274.280394
vt 152.071195 -274.156816
vt 152.290646 -274.478563
vt 149.945727 -273.823482
vt 149.922768 -273.846441
vt 149.931497 -273.859238
vt 149.945727 -273.880101
vt 149.907110 -273.823482
vt 150.279060 -273.823482
vt 150.057932 -274.044610
vt 150.119214 -274.134458
vt 150.612393 -273.823482
vt 150.945727 -273.823482
vt 151.279060 -273.823482
vt 151.612393 -273.823482
vt 151.945727 -273.972861
vt 151.885155 -273.884054
vt 151.843841 -273.823482
vt 152.020318 -274.082224
vt 152.004178 -274.058560
vt 149.945727 -273.490149
vt 149.787605 -273.648271
vt 149.679756 -273.490149
vt 150.279060 -273.490149
vt 150.612393 -273.490149
vt 150.945727 -273.490149
vt 151.279060 -273.490149
vt 151.612393 -273.490149
vt 151.749991 -273.685885
vt 151.628745 -273.508120
vt 151.616488 -273.490149
vt 149.612393 -273.391386
vt 149.612393 -273.156816
vt 149.517277 -273.251932
vt 149.452402 -273.156816
vt 149.945727 -273.156816
vt 149.652441 -273.450101
vt 150.279060 -273.156816
vt 150.612393 -273.156816
vt 150.945727 -273.156816
vt 151.279060 -273.156816
vt 151.612393 -273.484146
vt 151.479664 -273.289545
vt 151.441028 -273.232900
vt 151.389134 -273.156816
vt 151.614827 -273.487715
vt 149.279060 -272.902670
vt 149.279060 -272.823482
vt 149.246950 -272.855592
vt 149.225049 -272.823482
vt 149.612393 -272.823482
vt 149.382114 -273.053762
vt 149.368347 -273.033578
vt 149.945727 -272.823482
vt 150.279060 -272.823482
vt 150.612393 -272.823482
vt 150.945727 -272.823482
vt 151.279060 -272.995431
vt 151.253311 -272.957680
vt 151.209336 -272.893206
vt 151.161780 -272.823482
vt 151.344500 -273.091376
vt 149.279060 -272.490149
vt 149.111786 -272.657423
vt 149.180630 -272.758358
vt 148.997695 -272.490149
vt 149.612393 -272.490149
vt 149.945727 -272.490149
vt 150.279060 -272.490149
vt 150.612393 -272.490149
vt 150.945727 -272.506716
vt 150.939009 -272.496867
vt 150.934427 -272.490149
vt 151.074173 -272.695037
vt 151.065595 -272.682460
vt 148.945727 -272.413955
vt 148.945727 -272.156816
vt 148.841459 -272.261084
vt 148.770342 -272.156816
vt 149.279060 -272.156816
vt 148.976623 -272.459253
vt 148.992913 -272.483138
vt 149.612393 -272.156816
vt 149.945727 -272.156816
vt 150.279060 -272.156816
vt 150.612393 -272.156816
vt 150.803845 -272.298697
vt 150.707073 -272.156816
vt 148.612393 -271.924968
vt 148.612393 -271.823482
vt 148.572789 -271.863087
vt 148.602896 -271.910535
vt 148.547659 -271.823482
vt 148.945727 -271.823482
vt 148.706295 -272.062914
vt 148.617480 -271.932698
vt 149.279060 -271.823482
vt 149.612393 -271.823482
vt 149.945727 -271.823482
vt 150.279060 -271.823482
vt 150.612393 -272.018001
vt 150.533518 -271.902358
vt 150.502445 -271.856800
vt 150.479720 -271.823482
vt 150.690161 -272.132020
vt 150.668681 -272.100528
vt 148.612393 -271.490149
vt 148.443388 -271.659154
vt 148.340100 -271.490149
vt 148.415357 -271.614627
vt 148.424472 -271.629343
vt 148.945727 -271.490149
vt 149.279060 -271.490149
vt 149.612393 -271.490149
vt 149.945727 -271.490149
vt 150.279060 -271.529286
vt 150.263190 -271.506019
vt 150.252366 -271.490149
vt 150.398354 -271.704188
vt 150.314728 -271.581580
vt 148.279060 -271.389187
vt 148.279060 -271.156816
vt 148.191506 -271.244369
vt 148.138573 -271.156816
vt 148.612393 -271.156816
vt 148.317101 -271.452108
vt 148.945727 -271.156816
vt 149.279060 -271.156816
vt 149.612393 -271.156816
vt 149.945727 -271.156816
vt 150.128027 -271.307849
vt 150.127011 -271.306360
vt 150.025013 -271.156816
vt 147.945727 -270.837840
vt 147.945727 -270.823482
vt 147.940317 -270.828892
vt 147.937047 -270.823482
vt 148.279060 -270.823482
vt 148.065912 -271.036631
vt 148.070638 -271.044448
vt 148.612393 -270.823482
vt 148.945727 -270.823482
vt 149.279060 -270.823482
vt 149.612393 -270.823482
vt 149.945727 -271.040456
vt 149.861497 -270.907712
vt 149.808051 -270.823482
vt 149.992863 -271.109679
vt 149.946770 -271.042101
vt 147.945727 -270.490149
vt 147.814722 -270.621153
vt 147.898279 -270.759359
vt 147.735520 -270.490149
vt 148.279060 -270.490149
vt 148.612393 -270.490149
vt 148.945727 -270.490149
vt 149.279060 -270.490149
vt 149.612393 -270.502038
vt 149.612212 -270.501738
vt 149.607914 -270.494629
vt 149.605205 -270.490149
vt 149.780093 -270.779420
vt 149.733508 -270.702367
vt 147.612393 -270.286357
vt 147.612393 -270.156816
vt 147.563606 -270.205603
vt 147.534138 -270.156816
vt 147.553519 -270.188907
vt 147.945727 -270.156816
vt 147.689144 -270.413398
vt 147.725919 -270.474270
vt 148.279060 -270.156816
vt 148.612393 -270.156816
vt 148.945727 -270.156816
vt 149.279060 -270.156816
vt 149.482319 -270.286890
vt 149.439852 -270.216648
vt 149.403679 -270.156816
vt 147.612393 -269.823482
vt 147.438091 -269.997785
vt 147.332821 -269.823482
vt 147.381233 -269.903641
vt 147.945727 -269.823482
vt 148.279060 -269.823482
vt 148.612393 -269.823482
vt 148.945727 -269.823482
vt 149.279060 -269.950691
vt 149.267493 -269.931559
vt 149.231130 -269.871413
vt 149.202152 -269.823482
vt 149.356724 -270.079151
vt 147.279060 -269.734467
vt 147.279060 -269.490149
vt 147.187065 -269.582144
vt 147.131504 -269.490149
vt 147.612393 -269.490149
vt 147.312578 -269.789965
vt 147.945727 -269.490149
vt 148.279060 -269.490149
vt 148.612393 -269.490149
vt 148.945727 -269.490149
vt 149.105535 -269.663674
vt 149.095200 -269.646579
vt 149.000693 -269.490149
vt 146.945727 -269.182545
vt 146.945727 -269.156816
vt 146.936038 -269.166504
vt 146.930187 -269.156816
vt 147.279060 -269.156816
vt 147.061551 -269.374324
vt 147.036777 -269.333303
vt 147.612393 -269.156816
vt 147.945727 -269.156816
vt 148.279060 -269.156816
vt 148.612393 -269.156816
vt 148.945727 -269.399166
vt 148.923027 -269.361593
vt 148.854468 -269.248075
vt 148.799352 -269.156816
vt 148.979992 -269.455884
vt 146.945727 -268.823482
vt 146.810525 -268.958684
vt 146.864549 -269.048135
vt 146.728870 -268.823482
vt 147.279060 -268.823482
vt 147.612393 -268.823482
vt 147.945727 -268.823482
vt 148.279060 -268.823482
vt 148.612393 -268.847257
vt 148.603441 -268.832434
vt 148.598035 -268.823482
vt 148.728954 -269.040255
vt 146.612393 -268.630624
vt 146.612393 -268.490149
vt 146.559499 -268.543043
vt 146.527554 -268.490149
vt 146.945727 -268.490149
vt 146.685012 -268.750864
vt 146.692321 -268.762966
vt 147.279060 -268.490149
vt 147.612393 -268.490149
vt 147.945727 -268.490149
vt 148.279060 -268.490149
vt 148.578601 -268.791304
vt 148.477928 -268.624614
vt 148.406373 -268.506135
vt 148.396718 -268.490149
vt 146.612393 -268.156816
vt 146.433986 -268.335223
vt 146.520094 -268.477797
vt 146.326237 -268.156816
vt 146.945727 -268.156816
vt 147.279060 -268.156816
vt 147.612393 -268.156816
vt 147.945727 -268.156816
vt 148.279060 -268.295335
vt 148.234145 -268.220967
vt 148.226902 -268.208974
vt 148.195401 -268.156816
vt 148.352415 -268.416794
vt 146.279060 -268.078702
vt 146.279060 -267.823482
vt 146.182960 -267.919583
vt 146.124920 -267.823482
vt 146.175638 -267.907460
vt 146.612393 -267.823482
vt 146.308473 -268.127403
vt 146.945727 -267.823482
vt 147.279060 -267.823482
vt 147.612393 -267.823482
vt 147.945727 -267.823482
vt 148.101389 -268.001154
vt 148.061917 -267.935798
vt 147.994084 -267.823482
vt 145.945727 -267.526780
vt 145.945727 -267.490149
vt 145.931934 -267.503942
vt 145.923603 -267.490149
vt 146.279060 -267.490149
vt 146.057447 -267.711762
vt 146.003410 -267.622291
vt 146.612393 -267.490149
vt 146.945727 -267.490149
vt 147.279060 -267.490149
vt 147.612393 -267.490149
vt 147.945727 -267.743413
vt 147.889690 -267.650629
vt 147.850363 -267.585513
vt 147.792768 -267.490149
vt 147.975876 -267.793333
vt 145.945727 -267.156816
vt 145.806420 -267.296122
vt 145.831183 -267.337122
vt 145.722286 -267.156816
vt 146.279060 -267.156816
vt 146.612393 -267.156816
vt 146.945727 -267.156816
vt 147.279060 -267.156816
vt 147.612393 -267.191492
vt 147.599336 -267.169873
vt 147.591451 -267.156816
vt 147.724850 -267.377693
vt 147.717462 -267.365461
vt 145.612393 -266.974859
vt 145.612393 -266.823482
vt 145.555394 -266.880482
vt 145.520970 -266.823482
vt 145.945727 -266.823482
vt 145.680907 -267.088302
vt 145.658955 -267.051954
vt 146.279060 -266.823482
vt 146.612393 -266.823482
vt 146.945727 -266.823482
vt 147.279060 -266.823482
vt 147.473823 -266.962052
vt 147.390134 -266.823482
vt 145.612393 -266.490149
vt 145.429881 -266.672661
vt 145.486727 -266.766785
vt 145.319653 -266.490149
vt 145.945727 -266.490149
vt 146.279060 -266.490149
vt 146.612393 -266.490149
vt 146.945727 -266.490149
vt 147.279060 -266.639570
vt 147.222797 -266.546412
vt 147.200779 -266.509954
vt 147.188817 -266.490149
vt 147.348310 -266.754232
vt 145.279060 -266.422937
vt 145.279060 -266.156816
vt 145.178855 -266.257021
vt 145.118336 -266.156816
vt 145.612393 -266.156816
vt 145.304368 -266.464841
vt 145.314499 -266.481616
vt 145.945727 -266.156816
vt 146.279060 -266.156816
vt 146.612393 -266.156816
vt 146.945727 -266.156816
vt 147.097284 -266.338592
vt 147.028551 -266.224786
vt 146.987500 -266.156816
vt 144.945727 -265.871015
vt 144.945727 -265.823482
vt 144.927829 -265.841380
vt 144.917019 -265.823482
vt 145.279060 -265.823482
vt 145.053342 -266.049201
vt 144.970044 -265.911279
vt 145.612393 -265.823482
vt 145.945727 -265.823482
vt 146.279060 -265.823482
vt 146.612393 -265.823482
vt 146.945727 -266.087648
vt 146.856323 -265.939617
vt 146.846258 -265.922951
vt 146.786184 -265.823482
vt 146.971771 -266.130771
vt 144.945727 -265.490149
vt 144.802316 -265.633560
vt 144.715702 -265.490149
vt 144.797816 -265.626110
vt 145.279060 -265.490149
vt 145.612393 -265.490149
vt 145.945727 -265.490149
vt 146.279060 -265.490149
vt 146.612393 -265.535726
vt 146.595232 -265.507311
vt 146.584867 -265.490149
vt 146.720745 -265.715131
vt 144.612393 -265.319093
vt 144.612393 -265.156816
vt 144.551289 -265.217920
vt 144.514386 -265.156816
vt 144.945727 -265.156816
vt 144.676802 -265.425740
vt 144.625588 -265.340941
vt 145.279060 -265.156816
vt 145.612393 -265.156816
vt 145.945727 -265.156816
vt 146.279060 -265.156816
vt 146.511868 -265.369280
vt 146.469719 -265.299491
vt 146.383550 -265.156816
vt 144.612393 -264.823482
vt 144.425776 -265.010099
vt 144.453361 -265.055773
vt 144.313069 -264.823482
vt 144.945727 -264.823482
vt 145.279060 -264.823482
vt 145.612393 -264.823482
vt 145.945727 -264.823482
vt 146.279060 -264.983805
vt 146.218692 -264.883850
vt 146.182233 -264.823482
vt 146.344205 -265.091670
vt 146.339640 -265.084111
vt 144.279060 -264.766943
vt 144.279060 -264.490149
vt 144.182362 -264.586847
vt 144.258997 -264.731513
vt 144.131137 -264.490149
vt 144.612393 -264.490149
vt 144.300263 -264.802279
vt 144.281133 -264.770604
vt 144.945727 -264.490149
vt 145.279060 -264.490149
vt 145.612393 -264.490149
vt 145.945727 -264.490149
vt 146.093179 -264.676030
vt 145.995184 -264.513773
vt 145.980916 -264.490149
vt 144.279060 -264.156816
vt 144.069126 -264.366750
vt 144.085094 -264.401010
vt 144.103271 -264.437547
vt 143.971281 -264.156816
vt 144.612393 -264.156816
vt 144.945727 -264.156816
vt 145.279060 -264.156816
vt 145.612393 -264.156816
vt 145.945727 -264.431883
vt 145.842153 -264.260389
vt 145.822957 -264.228605
vt 145.779600 -264.156816
vt 145.967666 -264.468210
vt 143.945727 -264.101986
vt 143.945727 -263.823482
vt 143.857189 -263.912020
vt 143.815924 -263.823482
vt 144.279060 -263.823482
vt 143.963157 -264.139385
vt 144.612393 -263.823482
vt 144.945727 -263.823482
vt 145.279060 -263.823482
vt 145.612393 -263.868375
vt 145.596847 -263.839029
vt 145.588612 -263.823482
vt 145.716640 -264.052569
vt 145.662346 -263.962671
vt 143.945727 -263.490149
vt 143.751220 -263.684656
vt 143.803626 -263.797098
vt 143.660566 -263.490149
vt 143.662893 -263.495141
vt 144.279060 -263.490149
vt 144.612393 -263.490149
vt 144.945727 -263.490149
vt 145.279060 -263.490149
vt 145.526694 -263.706599
vt 145.485127 -263.617415
vt 145.425812 -263.490149
vt 143.612393 -263.386791
vt 143.612393 -263.156816
vt 143.539283 -263.229926
vt 143.505208 -263.156816
vt 143.945727 -263.156816
vt 143.645251 -263.457291
vt 144.279060 -263.156816
vt 144.612393 -263.156816
vt 144.945727 -263.156816
vt 145.279060 -263.175280
vt 145.273190 -263.162686
vt 145.270454 -263.156816
vt 145.394583 -263.423144
vt 145.379159 -263.390050
vt 143.612393 -262.823482
vt 143.433314 -263.002562
vt 143.349850 -262.823482
vt 143.381425 -262.891229
vt 143.945727 -262.823482
vt 144.279060 -262.823482
vt 144.612393 -262.823482
vt 144.945727 -262.823482
vt 145.167221 -262.935321
vt 145.115097 -262.823482
vt 143.279060 -262.671596
vt 143.279060 -262.490149
vt 143.221377 -262.547832
vt 143.194492 -262.490149
vt 143.612393 -262.490149
vt 143.327346 -262.775197
vt 143.945727 -262.490149
vt 144.279060 -262.490149
vt 144.612393 -262.490149
vt 144.945727 -262.490149
vt 145.061253 -262.707956
vt 144.972381 -262.517275
vt 144.959739 -262.490149
vt 143.279060 -262.156816
vt 143.115408 -262.320468
vt 143.039135 -262.156816
vt 143.099957 -262.287316
vt 143.612393 -262.156816
vt 143.945727 -262.156816
vt 144.279060 -262.156816
vt 144.612393 -262.156816
vt 144.945727 -262.460085
vt 144.849316 -262.253227
vt 144.831647 -262.215318
vt 144.804381 -262.156816
vt 144.955284 -262.480592
vt 142.945727 -261.956401
vt 142.945727 -261.823482
vt 142.903471 -261.865738
vt 142.883777 -261.823482
vt 143.279060 -261.823482
vt 143.009440 -262.093103
vt 142.959223 -261.985360
vt 143.612393 -261.823482
vt 143.945727 -261.823482
vt 144.279060 -261.823482
vt 144.612393 -261.823482
vt 144.743347 -262.025862
vt 144.690914 -261.913362
vt 144.649023 -261.823482
vt 142.945727 -261.490149
vt 142.797502 -261.638373
vt 142.818490 -261.683404
vt 142.728419 -261.490149
vt 143.279060 -261.490149
vt 143.612393 -261.490149
vt 143.945727 -261.490149
vt 144.279060 -261.490149
vt 144.612393 -261.744890
vt 144.550180 -261.611406
vt 144.531410 -261.571133
vt 144.493665 -261.490149
vt 144.637378 -261.798498
vt 142.612393 -261.241206
vt 142.612393 -261.156816
vt 142.585565 -261.183644
vt 142.573061 -261.156816
vt 142.945727 -261.156816
vt 142.691534 -261.411009
vt 142.677756 -261.381447
vt 143.279060 -261.156816
vt 143.612393 -261.156816
vt 143.945727 -261.156816
vt 144.279060 -261.156816
vt 144.425441 -261.343768
vt 144.409446 -261.309450
vt 144.338307 -261.156816
vt 142.612393 -260.823482
vt 142.479596 -260.956279
vt 142.537022 -261.079491
vt 142.417703 -260.823482
vt 142.945727 -260.823482
vt 143.279060 -260.823482
vt 143.612393 -260.823482
vt 143.945727 -260.823482
vt 144.279060 -261.029695
vt 144.268712 -261.007493
vt 144.213504 -260.889039
vt 144.182950 -260.823482
vt 144.319472 -261.116403
vt 142.279060 -260.526012
vt 142.279060 -260.490149
vt 142.267659 -260.501550
vt 142.262345 -260.490149
vt 142.612393 -260.490149
vt 142.373628 -260.728915
vt 142.396288 -260.777535
vt 142.945727 -260.490149
vt 143.279060 -260.490149
vt 143.612393 -260.490149
vt 143.945727 -260.490149
vt 144.127978 -260.705537
vt 144.107535 -260.661674
vt 144.027592 -260.490149
vt 142.279060 -260.156816
vt 142.161690 -260.274185
vt 142.255554 -260.475578
vt 142.106988 -260.156816
vt 142.612393 -260.156816
vt 142.945727 -260.156816
vt 143.279060 -260.156816
vt 143.612393 -260.156816
vt 143.945727 -260.314501
vt 143.895598 -260.206945
vt 143.872234 -260.156816
vt 144.001566 -260.434309
vt 142.279060 -259.823482
vt 142.055722 -260.046821
vt 141.951630 -259.823482
vt 142.612393 -259.823482
vt 142.945727 -259.823482
vt 143.279060 -259.823482
vt 143.612393 -259.823482
vt 143.846511 -260.101625
vt 143.789629 -259.979580
vt 143.716876 -259.823482
vt 141.945727 -259.810817
vt 141.945727 -259.490149
vt 141.843784 -259.592091
vt 141.796272 -259.490149
vt 141.833353 -259.569710
vt 142.279060 -259.490149
vt 141.949753 -259.819456
vt 142.612393 -259.490149
vt 142.945727 -259.490149
vt 143.279060 -259.490149
vt 143.612393 -259.599306
vt 143.577692 -259.524851
vt 143.565043 -259.497712
vt 143.561518 -259.490149
vt 143.683660 -259.752215
vt 141.945727 -259.156816
vt 141.737816 -259.364727
vt 141.640914 -259.156816
vt 142.279060 -259.156816
vt 142.612393 -259.156816
vt 142.945727 -259.156816
vt 143.279060 -259.156816
vt 143.471723 -259.297486
vt 143.424309 -259.195756
vt 143.406160 -259.156816
vt 141.612393 -258.823482
vt 141.525878 -258.909997
vt 141.551885 -258.965797
vt 141.612393 -259.095622
vt 141.485556 -258.823482
vt 141.945727 -258.823482
vt 141.631847 -259.137362
vt 142.279060 -258.823482
vt 142.612393 -258.823482
vt 142.945727 -258.823482
vt 143.279060 -258.884111
vt 143.259786 -258.842757
vt 143.250803 -258.823482
vt 143.365754 -259.070121
vt 141.612393 -258.740149
vt 141.564272 -258.788270
vt 141.564272 -258.704937
vt 141.516152 -258.753058
vt 141.516152 -258.669724
vt 141.468031 -258.717845
vt 141.468031 -258.634512
vt 141.419910 -258.682633
vt 141.612393 -258.656816
vt 141.564272 -258.621603
vt 141.516152 -258.586391
vt 141.612393 -258.573482
vt 141.564272 -258.538270
vt 141.612393 -258.490149
vt 141.541433 -258.490149
vt 141.562406 -258.534265
vt 141.491445 -258.534265
vt 141.512418 -258.578380
vt 141.441457 -258.578380
vt 141.462430 -258.622496
vt 141.391470 -258.622496
vt 141.412443 -258.666611
vt 141.470472 -258.490149
vt 141.420485 -258.534265
vt 141.370497 -258.578380
vt 141.399512 -258.490149
vt 141.349524 -258.534265
vt 141.328551 -258.490149
vt 141.514285 -258.582386
vt 141.466164 -258.630506
vt 141.418043 -258.678627
vt 141.464297 -258.626501
vt 141.416176 -258.674622
vt 141.414310 -258.670617
vt 141.945727 -258.740149
vt 141.862393 -258.823482
vt 141.862393 -258.740149
vt 141.779060 -258.823482
vt 141.779060 -258.740149
vt 141.695727 -258.823482
vt 141.695727 -258.740149
vt 141.945727 -258.656816
vt 141.862393 -258.656816
vt 141.779060 -258.656816
vt 141.945727 -258.573482
vt 141.862393 -258.573482
vt 141.945727 -258.490149
vt 141.862393 -258.490149
vt 141.779060 -258.573482
vt 141.695727 -258.656816
vt 141.779060 -258.490149
vt 141.695727 -258.573482
vt 141.695727 -258.490149
vt 142.279060 -258.740149
vt 142.195727 -258.823482
vt 142.195727 -258.740149
vt 142.112393 -258.823482
vt 142.112393 -258.740149
vt 142.029060 -258.823482
vt 142.029060 -258.740149
vt 142.279060 -258.656816
vt 142.195727 -258.656816
vt 142.112393 -258.656816
vt 142.279060 -258.573482
vt 142.195727 -258.573482
vt 142.279060 -258.490149
vt 142.195727 -258.490149
vt 142.112393 -258.573482
vt 142.029060 -258.656816
vt 142.112393 -258.490149
vt 142.029060 -258.573482
vt 142.029060 -258.490149
vt 142.612393 -258.740149
vt 142.529060 -258.823482
vt 142.529060 -258.740149
vt 142.445727 -258.823482
vt 142.445727 -258.740149
vt 142.362393 -258.823482
vt 142.362393 -258.740149
vt 142.612393 -258.656816
vt 142.529060 -258.656816
vt 142.445727 -258.656816
vt 142.612393 -258.573482
vt 142.529060 -258.573482
vt 142.612393 -258.490149
vt 142.529060 -258.490149
vt 142.445727 -258.573482
vt 142.362393 -258.656816
vt 142.445727 -258.490149
vt 142.362393 -258.573482
vt 142.362393 -258.490149
vt 142.945727 -258.740149
vt 142.862393 -258.823482
vt 142.862393 -258.740149
vt 142.779060 -258.823482
vt 142.779060 -258.740149
vt 142.695727 -258.823482
vt 142.695727 -258.740149
vt 142.945727 -258.656816
vt 142.862393 -258.656816
vt 142.779060 -258.656816
vt 142.945727 -258.573482
vt 142.862393 -258.573482
vt 142.945727 -258.490149
vt 142.862393 -258.490149
vt 142.779060 -258.573482
vt 142.695727 -258.656816
vt 142.779060 -258.490149
vt 142.695727 -258.573482
vt 142.612393 -258.656816
vt 142.695727 -258.490149
vt 143.153817 -258.615392
vt 143.101794 -258.667415
vt 143.178063 -258.667415
vt 143.126041 -258.719437
vt 143.202310 -258.719437
vt 143.150287 -258.771460
vt 143.226556 -258.771460
vt 143.174534 -258.823482
vt 143.049772 -258.719437
vt 143.074018 -258.771460
vt 143.098265 -258.823482
vt 142.997749 -258.771460
vt 143.021996 -258.823482
vt 142.997749 -258.521460
vt 142.997749 -258.604793
vt 143.049772 -258.552771
vt 143.049772 -258.636104
vt 143.101794 -258.584081
vt 142.997749 -258.688126
vt 142.995005 -258.515573
vt 143.047028 -258.546883
vt 143.044284 -258.540996
vt 143.096307 -258.572307
vt 143.093563 -258.566420
vt 143.145586 -258.597730
vt 143.142842 -258.591843
vt 143.099051 -258.578194
vt 143.148329 -258.603618
vt 143.151073 -258.609505
vt 142.983156 -258.490149
vt 143.032435 -258.515573
vt 143.020586 -258.490149
vt 143.069864 -258.515573
vt 143.058015 -258.490149
vt 143.107294 -258.515573
vt 143.095445 -258.490149
vt 143.081714 -258.540996
vt 143.119143 -258.540996
vt 143.130992 -258.566420
vt 141.279060 -258.156816
vt 141.260497 -258.175379
vt 141.277120 -258.210044
vt 141.258557 -258.228607
vt 141.275181 -258.263271
vt 141.256617 -258.281835
vt 141.273241 -258.316499
vt 141.254678 -258.335062
vt 141.271301 -258.369727
vt 141.241934 -258.193942
vt 141.239994 -258.247170
vt 141.238054 -258.300398
vt 141.223370 -258.212505
vt 141.221431 -258.265733
vt 141.204807 -258.231069
vt 141.279060 -258.214124
vt 141.277120 -258.267351
vt 141.279060 -258.271431
vt 141.277120 -258.324659
vt 141.279060 -258.328739
vt 141.277120 -258.381967
vt 141.279060 -258.386047
vt 141.275181 -258.320579
vt 141.275181 -258.377887
vt 141.273241 -258.373807
vt 141.195905 -258.212505
vt 141.214468 -258.193942
vt 141.187003 -258.193942
vt 141.205566 -258.175379
vt 141.178101 -258.175379
vt 141.196664 -258.156816
vt 141.169199 -258.156816
vt 141.233031 -258.175379
vt 141.224129 -258.156816
vt 141.251595 -258.156816
vt 141.612393 -258.406816
vt 141.537446 -258.481763
vt 141.537446 -258.398430
vt 141.462499 -258.473377
vt 141.462499 -258.390044
vt 141.387551 -258.464991
vt 141.387551 -258.381658
vt 141.312604 -258.456605
vt 141.612393 -258.323482
vt 141.537446 -258.315096
vt 141.462499 -258.306710
vt 141.612393 -258.240149
vt 141.537446 -258.231763
vt 141.612393 -258.156816
vt 141.466485 -258.481763
vt 141.395525 -258.481763
vt 141.324564 -258.481763
vt 141.391538 -258.473377
vt 141.320578 -258.473377
vt 141.316591 -258.464991
vt 141.529060 -258.156816
vt 141.529060 -258.214124
vt 141.445727 -258.214124
vt 141.445727 -258.271431
vt 141.362393 -258.271431
vt 141.362393 -258.328739
vt 141.445727 -258.156816
vt 141.362393 -258.214124
vt 141.362393 -258.156816
vt 141.454113 -258.289071
vt 141.379165 -258.364018
vt 141.304218 -258.438965
vt 141.370779 -258.346379
vt 141.295832 -258.421326
vt 141.287446 -258.403686
vt 141.945727 -258.406816
vt 141.862393 -258.406816
vt 141.779060 -258.490149
vt 141.779060 -258.406816
vt 141.695727 -258.406816
vt 141.945727 -258.323482
vt 141.862393 -258.323482
vt 141.779060 -258.323482
vt 141.945727 -258.240149
vt 141.862393 -258.240149
vt 141.945727 -258.156816
vt 141.862393 -258.156816
vt 141.779060 -258.240149
vt 141.695727 -258.323482
vt 141.779060 -258.156816
vt 141.695727 -258.240149
vt 141.695727 -258.156816
vt 142.279060 -258.406816
vt 142.195727 -258.406816
vt 142.112393 -258.406816
vt 142.029060 -258.406816
vt 142.279060 -258.323482
vt 142.195727 -258.323482
vt 142.112393 -258.323482
vt 142.279060 -258.240149
vt 142.195727 -258.240149
vt 142.279060 -258.156816
vt 142.195727 -258.156816
vt 142.112393 -258.240149
vt 142.029060 -258.323482
vt 142.112393 -258.156816
vt 142.029060 -258.240149
vt 142.029060 -258.156816
vt 142.612393 -258.406816
vt 142.529060 -258.406816
vt 142.445727 -258.406816
vt 142.362393 -258.406816
vt 142.612393 -258.323482
vt 142.529060 -258.323482
vt 142.445727 -258.323482
vt 142.612393 -258.240149
vt 142.529060 -258.240149
vt 142.612393 -258.156816
vt 142.529060 -258.156816
vt 142.445727 -258.240149
vt 142.362393 -258.323482
vt 142.445727 -258.156816
vt 142.362393 -258.240149
vt 142.362393 -258.156816
vt 142.695727 -258.409841
vt 142.779060 -258.409841
vt 142.779060 -258.329533
vt 142.862393 -258.329533
vt 142.862393 -258.249224
vt 142.945727 -258.249224
vt 142.945727 -258.168916
vt 142.862393 -258.409841
vt 142.945727 -258.329533
vt 142.945727 -258.409841
vt 142.694765 -258.407777
vt 142.778098 -258.327469
vt 142.777137 -258.325406
vt 142.860470 -258.245098
vt 142.859508 -258.243034
vt 142.942842 -258.162726
vt 142.941880 -258.160663
vt 142.861432 -258.247161
vt 142.943803 -258.164789
vt 142.944765 -258.166853
vt 142.694765 -258.157777
vt 142.694765 -258.241111
vt 142.777137 -258.158739
vt 142.777137 -258.242073
vt 142.859508 -258.159701
vt 142.694765 -258.324444
vt 142.694317 -258.156816
vt 142.776688 -258.157777
vt 142.776240 -258.156816
vt 142.858612 -258.157777
vt 142.858164 -258.156816
vt 142.940535 -258.157777
vt 142.940087 -258.156816
vt 142.859060 -258.158739
vt 142.940983 -258.158739
vt 142.941432 -258.159701
vt 143.047848 -258.388027
vt 143.022318 -258.413558
vt 143.059748 -258.413558
vt 143.034217 -258.439088
vt 143.071647 -258.439088
vt 143.046116 -258.464619
vt 143.083546 -258.464619
vt 142.996788 -258.439088
vt 143.008687 -258.464619
vt 142.971257 -258.464619
vt 142.971257 -258.223694
vt 142.971257 -258.304002
vt 142.996788 -258.278472
vt 142.996788 -258.358780
vt 143.022318 -258.333250
vt 142.971257 -258.384310
vt 141.279060 -258.073482
vt 141.233492 -258.119050
vt 141.233492 -258.035717
vt 141.187924 -258.081285
vt 141.187924 -257.997952
vt 141.142356 -258.043520
vt 141.142356 -257.960186
vt 141.096788 -258.005754
vt 141.279060 -257.990149
vt 141.233492 -257.952384
vt 141.187924 -257.914618
vt 141.279060 -257.906816
vt 141.233492 -257.869050
vt 141.279060 -257.823482
vt 141.241253 -258.135251
vt 141.195685 -258.097486
vt 141.203447 -258.113687
vt 141.157879 -258.075921
vt 141.165640 -258.092122
vt 141.120072 -258.054357
vt 141.127833 -258.070558
vt 141.150117 -258.059720
vt 141.112311 -258.038156
vt 141.104550 -258.021955
vt 141.213788 -258.135251
vt 141.186323 -258.135251
vt 141.158857 -258.135251
vt 141.175981 -258.113687
vt 141.148516 -258.113687
vt 141.138175 -258.092122
vt 141.074958 -257.960186
vt 141.120526 -257.914618
vt 141.053129 -257.914618
vt 141.098696 -257.869050
vt 141.031299 -257.869050
vt 141.076867 -257.823482
vt 141.009469 -257.823482
vt 141.166094 -257.869050
vt 141.144264 -257.823482
vt 141.211662 -257.823482
vt 141.612393 -258.073482
vt 141.529060 -258.073482
vt 141.445727 -258.073482
vt 141.362393 -258.073482
vt 141.612393 -257.990149
vt 141.529060 -257.990149
vt 141.445727 -257.990149
vt 141.612393 -257.906816
vt 141.529060 -257.906816
vt 141.612393 -257.823482
vt 141.529060 -257.823482
vt 141.445727 -257.906816
vt 141.362393 -257.990149
vt 141.445727 -257.823482
vt 141.362393 -257.906816
vt 141.362393 -257.823482
vt 141.945727 -258.073482
vt 141.862393 -258.073482
vt 141.779060 -258.073482
vt 141.695727 -258.073482
vt 141.945727 -257.990149
vt 141.862393 -257.990149
vt 141.779060 -257.990149
vt 141.945727 -257.906816
vt 141.862393 -257.906816
vt 141.945727 -257.823482
vt 141.862393 -257.823482
vt 141.779060 -257.906816
vt 141.695727 -257.990149
vt 141.779060 -257.823482
vt 141.695727 -257.906816
vt 141.695727 -257.823482
vt 142.279060 -258.073482
vt 142.195727 -258.073482
vt 142.112393 -258.073482
vt 142.029060 -258.073482
vt 142.279060 -257.990149
vt 142.195727 -257.990149
vt 142.112393 -257.990149
vt 142.279060 -257.906816
vt 142.195727 -257.906816
vt 142.279060 -257.823482
vt 142.195727 -257.823482
vt 142.112393 -257.906816
vt 142.029060 -257.990149
vt 142.112393 -257.823482
vt 142.029060 -257.906816
vt 142.029060 -257.823482
vt 142.612393 -258.073482
vt 142.529060 -258.156816
vt 142.529060 -258.073482
vt 142.445727 -258.073482
vt 142.362393 -258.073482
vt 142.612393 -257.990149
vt 142.529060 -257.990149
vt 142.445727 -257.990149
vt 142.612393 -257.906816
vt 142.529060 -257.906816
vt 142.612393 -257.823482
vt 142.529060 -257.823482
vt 142.445727 -257.906816
vt 142.362393 -257.990149
vt 142.445727 -257.823482
vt 142.362393 -257.906816
vt 142.362393 -257.823482
vt 142.835583 -257.933626
vt 142.779786 -257.989423
vt 142.861709 -257.989423
vt 142.805912 -258.045221
vt 142.887835 -258.045221
vt 142.832038 -258.101018
vt 142.913961 -258.101018
vt 142.723988 -258.045221
vt 142.750114 -258.101018
vt 142.668191 -258.101018
vt 142.842031 -257.947202
vt 142.868157 -258.003000
vt 142.848479 -257.960778
vt 142.874604 -258.016576
vt 142.854926 -257.974354
vt 142.881052 -258.030152
vt 142.861374 -257.987931
vt 142.894283 -258.058797
vt 142.900730 -258.072373
vt 142.920409 -258.114594
vt 142.841380 -257.945819
vt 142.847828 -257.959396
vt 142.847177 -257.958013
vt 142.853624 -257.971589
vt 142.852974 -257.970206
vt 142.859421 -257.983782
vt 142.858770 -257.982399
vt 142.854275 -257.972972
vt 142.860072 -257.985165
vt 142.860723 -257.986548
vt 142.668191 -257.851018
vt 142.668191 -257.934352
vt 142.723988 -257.878554
vt 142.723988 -257.961888
vt 142.779786 -257.906090
vt 142.668191 -258.017685
vt 142.655100 -257.823482
vt 142.710897 -257.851018
vt 142.697807 -257.823482
vt 142.753604 -257.851018
vt 142.740513 -257.823482
vt 142.796311 -257.851018
vt 142.783220 -257.823482
vt 142.766695 -257.878554
vt 142.809401 -257.878554
vt 142.822492 -257.906090
vt 140.945727 -257.490149
vt 140.923340 -257.512536
vt 140.930186 -257.520543
vt 140.907800 -257.542930
vt 140.914646 -257.550938
vt 140.892259 -257.573324
vt 140.899105 -257.581332
vt 140.876719 -257.603719
vt 140.883565 -257.611726
vt 140.900953 -257.534922
vt 140.885413 -257.565317
vt 140.869872 -257.595711
vt 140.878567 -257.557309
vt 140.863026 -257.587703
vt 140.856180 -257.579696
vt 140.945727 -257.546207
vt 140.930186 -257.576601
vt 140.945727 -257.602265
vt 140.930186 -257.632659
vt 140.945727 -257.658322
vt 140.930186 -257.688717
vt 140.945727 -257.714380
vt 140.914646 -257.606996
vt 140.914646 -257.663053
vt 140.899105 -257.637390
vt 140.837040 -257.557309
vt 140.859427 -257.534922
vt 140.817900 -257.534922
vt 140.840287 -257.512536
vt 140.798760 -257.512536
vt 140.821147 -257.490149
vt 140.779620 -257.490149
vt 140.881813 -257.512536
vt 140.862674 -257.490149
vt 140.904200 -257.490149
vt 141.279060 -257.740149
vt 141.206014 -257.813195
vt 141.206014 -257.729862
vt 141.132968 -257.802908
vt 141.132968 -257.719575
vt 141.059922 -257.792621
vt 141.059922 -257.709287
vt 140.986875 -257.782334
vt 141.279060 -257.656816
vt 141.206014 -257.646529
vt 141.132968 -257.636241
vt 141.279060 -257.573482
vt 141.206014 -257.563195
vt 141.279060 -257.490149
vt 141.209461 -257.818889
vt 141.136415 -257.808601
vt 141.139863 -257.814295
vt 141.066817 -257.804007
vt 141.070264 -257.809701
vt 140.997218 -257.799414
vt 141.000666 -257.805107
vt 141.063369 -257.798314
vt 140.993771 -257.793720
vt 140.990323 -257.788027
vt 141.142064 -257.818889
vt 141.074666 -257.818889
vt 141.007268 -257.818889
vt 141.072465 -257.814295
vt 141.005067 -257.814295
vt 141.002866 -257.809701
vt 141.195727 -257.490149
vt 141.195727 -257.546207
vt 141.112393 -257.546207
vt 141.112393 -257.602265
vt 141.029060 -257.602265
vt 141.029060 -257.658322
vt 141.112393 -257.490149
vt 141.029060 -257.546207
vt 141.029060 -257.490149
vt 141.122680 -257.619253
vt 141.049634 -257.692299
vt 140.976588 -257.765345
vt 141.039347 -257.675311
vt 140.966301 -257.748357
vt 140.956014 -257.731369
vt 141.612393 -257.740149
vt 141.529060 -257.740149
vt 141.445727 -257.740149
vt 141.362393 -257.740149
vt 141.612393 -257.656816
vt 141.529060 -257.656816
vt 141.445727 -257.656816
vt 141.612393 -257.573482
vt 141.529060 -257.573482
vt 141.612393 -257.490149
vt 141.529060 -257.490149
vt 141.445727 -257.573482
vt 141.362393 -257.656816
vt 141.445727 -257.490149
vt 141.362393 -257.573482
vt 141.362393 -257.490149
vt 141.945727 -257.740149
vt 141.862393 -257.740149
vt 141.779060 -257.740149
vt 141.695727 -257.740149
vt 141.945727 -257.656816
vt 141.862393 -257.656816
vt 141.779060 -257.656816
vt 141.945727 -257.573482
vt 141.862393 -257.573482
vt 141.945727 -257.490149
vt 141.862393 -257.490149
vt 141.779060 -257.573482
vt 141.695727 -257.656816
vt 141.779060 -257.490149
vt 141.695727 -257.573482
vt 141.695727 -257.490149
vt 142.279060 -257.740149
vt 142.195727 -257.740149
vt 142.112393 -257.740149
vt 142.029060 -257.740149
vt 142.279060 -257.656816
vt 142.195727 -257.656816
vt 142.112393 -257.656816
vt 142.279060 -257.573482
vt 142.195727 -257.573482
vt 142.279060 -257.490149
vt 142.195727 -257.490149
vt 142.112393 -257.573482
vt 142.029060 -257.656816
vt 142.112393 -257.490149
vt 142.029060 -257.573482
vt 142.029060 -257.490149
vt 142.612393 -257.740149
vt 142.529060 -257.740149
vt 142.445727 -257.740149
vt 142.362393 -257.740149
vt 142.612393 -257.656816
vt 142.529060 -257.656816
vt 142.445727 -257.656816
vt 142.612393 -257.573482
vt 142.529060 -257.573482
vt 142.612393 -257.490149
vt 142.529060 -257.490149
vt 142.445727 -257.573482
vt 142.445727 -257.656816
vt 142.362393 -257.656816
vt 142.445727 -257.490149
vt 142.362393 -257.573482
vt 142.362393 -257.490149
vt 142.728176 -257.707700
vt 142.699230 -257.736646
vt 142.741937 -257.736646
vt 142.712991 -257.765591
vt 142.755698 -257.765591
vt 142.726752 -257.794537
vt 142.769459 -257.794537
vt 142.670285 -257.765591
vt 142.684046 -257.794537
vt 142.641339 -257.794537
vt 142.641339 -257.544537
vt 142.641339 -257.627870
vt 142.670285 -257.598925
vt 142.670285 -257.682258
vt 142.699230 -257.653312
vt 142.641339 -257.711203
vt 142.638229 -257.537996
vt 142.667175 -257.592383
vt 142.664065 -257.585842
vt 142.693011 -257.640230
vt 142.689901 -257.633688
vt 142.718846 -257.688076
vt 142.715737 -257.681535
vt 142.696120 -257.646771
vt 142.721956 -257.694617
vt 142.725066 -257.701159
vt 142.637938 -257.537386
vt 142.663774 -257.585232
vt 142.663483 -257.584623
vt 142.689319 -257.632469
vt 142.689028 -257.631860
vt 142.714864 -257.679706
vt 142.714573 -257.679097
vt 142.689610 -257.633079
vt 142.715155 -257.680316
vt 142.715446 -257.680925
vt 142.615285 -257.490149
vt 142.640830 -257.537386
vt 142.618178 -257.490149
vt 142.643722 -257.537386
vt 142.621070 -257.490149
vt 142.646615 -257.537386
vt 142.623962 -257.490149
vt 142.666375 -257.584623
vt 142.669267 -257.584623
vt 142.691920 -257.631860
vt 140.612393 -257.156816
vt 140.590437 -257.178772
vt 140.601839 -257.186666
vt 140.579882 -257.208622
vt 140.591285 -257.216516
vt 140.569328 -257.238472
vt 140.580730 -257.246365
vt 140.558774 -257.268322
vt 140.570176 -257.276215
vt 140.568480 -257.200729
vt 140.557926 -257.230579
vt 140.547371 -257.260429
vt 140.546523 -257.222686
vt 140.535969 -257.252536
vt 140.524567 -257.244642
vt 140.612393 -257.196994
vt 140.601839 -257.226844
vt 140.612393 -257.237172
vt 140.601839 -257.267021
vt 140.612393 -257.277349
vt 140.601839 -257.307199
vt 140.612393 -257.317527
vt 140.591285 -257.256693
vt 140.591285 -257.296871
vt 140.580730 -257.286543
vt 140.492848 -257.222686
vt 140.514805 -257.200729
vt 140.461130 -257.200729
vt 140.483087 -257.178772
vt 140.429412 -257.178772
vt 140.451368 -257.156816
vt 140.397694 -257.156816
vt 140.536762 -257.178772
vt 140.505043 -257.156816
vt 140.558718 -257.156816
vt 140.945727 -257.406816
vt 140.884205 -257.468338
vt 140.884205 -257.385004
vt 140.822683 -257.446526
vt 140.822683 -257.363193
vt 140.761161 -257.424715
vt 140.761161 -257.341381
vt 140.699639 -257.402903
vt 140.945727 -257.323482
vt 140.884205 -257.301671
vt 140.822683 -257.279859
vt 140.945727 -257.240149
vt 140.884205 -257.218338
vt 140.945727 -257.156816
vt 140.892451 -257.476407
vt 140.830929 -257.454595
vt 140.839175 -257.462665
vt 140.777653 -257.440853
vt 140.785899 -257.448922
vt 140.724378 -257.427111
vt 140.732624 -257.435180
vt 140.769407 -257.432784
vt 140.716131 -257.419041
vt 140.707885 -257.410972
vt 140.850924 -257.476407
vt 140.809398 -257.476407
vt 140.767871 -257.476407
vt 140.797649 -257.462665
vt 140.756122 -257.462665
vt 140.744373 -257.448922
vt 140.862393 -257.156816
vt 140.862393 -257.196994
vt 140.779060 -257.196994
vt 140.779060 -257.237172
vt 140.695727 -257.237172
vt 140.695727 -257.277349
vt 140.779060 -257.156816
vt 140.695727 -257.196994
vt 140.695727 -257.156816
vt 140.800871 -257.258515
vt 140.739350 -257.320037
vt 140.677828 -257.381559
vt 140.717538 -257.298693
vt 140.656016 -257.360215
vt 140.634205 -257.338871
vt 141.279060 -257.406816
vt 141.195727 -257.406816
vt 141.112393 -257.406816
vt 141.029060 -257.406816
vt 141.279060 -257.323482
vt 141.195727 -257.323482
vt 141.112393 -257.323482
vt 141.279060 -257.240149
vt 141.195727 -257.240149
vt 141.279060 -257.156816
vt 141.195727 -257.156816
vt 141.112393 -257.240149
vt 141.029060 -257.323482
vt 141.112393 -257.156816
vt 141.029060 -257.240149
vt 141.029060 -257.156816
vt 141.612393 -257.406816
vt 141.529060 -257.406816
vt 141.445727 -257.406816
vt 141.362393 -257.406816
vt 141.612393 -257.323482
vt 141.529060 -257.323482
vt 141.445727 -257.323482
vt 141.612393 -257.240149
vt 141.529060 -257.240149
vt 141.612393 -257.156816
vt 141.529060 -257.156816
vt 141.445727 -257.240149
vt 141.362393 -257.323482
vt 141.445727 -257.156816
vt 141.362393 -257.240149
vt 141.362393 -257.156816
vt 141.279060 -257.240149
vt 141.945727 -257.406816
vt 141.862393 -257.406816
vt 141.779060 -257.406816
vt 141.695727 -257.406816
vt 141.945727 -257.323482
vt 141.862393 -257.323482
vt 141.779060 -257.323482
vt 141.945727 -257.240149
vt 141.862393 -257.240149
vt 141.945727 -257.156816
vt 141.862393 -257.156816
vt 141.779060 -257.240149
vt 141.695727 -257.323482
vt 141.779060 -257.156816
vt 141.695727 -257.240149
vt 141.695727 -257.156816
vt 142.279060 -257.406816
vt 142.195727 -257.406816
vt 142.112393 -257.406816
vt 142.029060 -257.406816
vt 142.279060 -257.323482
vt 142.195727 -257.323482
vt 142.112393 -257.323482
vt 142.279060 -257.240149
vt 142.195727 -257.240149
vt 142.279060 -257.156816
vt 142.195727 -257.156816
vt 142.112393 -257.240149
vt 142.029060 -257.323482
vt 142.112393 -257.156816
vt 142.029060 -257.240149
vt 142.029060 -257.156816
vt 142.362393 -257.484118
vt 142.445727 -257.484118
vt 142.445727 -257.478087
vt 142.529060 -257.478087
vt 142.529060 -257.472057
vt 142.612393 -257.472057
vt 142.612393 -257.466026
vt 142.529060 -257.484118
vt 142.612393 -257.478087
vt 142.612393 -257.484118
vt 142.351942 -257.462325
vt 142.435276 -257.456295
vt 142.424825 -257.434502
vt 142.508158 -257.428471
vt 142.497707 -257.406678
vt 142.581041 -257.400647
vt 142.570590 -257.378854
vt 142.518609 -257.450264
vt 142.591492 -257.422440
vt 142.601942 -257.444233
vt 142.337348 -257.431861
vt 142.410231 -257.404037
vt 142.395636 -257.373573
vt 142.468519 -257.345749
vt 142.453924 -257.315285
vt 142.526807 -257.287461
vt 142.512212 -257.256997
vt 142.483113 -257.376214
vt 142.541401 -257.317926
vt 142.555995 -257.348390
vt 142.279060 -257.240149
vt 142.337348 -257.181861
vt 142.337348 -257.265194
vt 142.395636 -257.206906
vt 142.395636 -257.290240
vt 142.453924 -257.231951
vt 142.337348 -257.348528
vt 142.325350 -257.156816
vt 142.383638 -257.181861
vt 142.371640 -257.156816
vt 142.429928 -257.181861
vt 142.417930 -257.156816
vt 142.476218 -257.181861
vt 142.464220 -257.156816
vt 142.441926 -257.206906
vt 142.488216 -257.206906
vt 142.500214 -257.231951
vt 142.620212 -257.482330
vt 142.618257 -257.484285
vt 142.621150 -257.484285
vt 142.619195 -257.486240
vt 142.622087 -257.486240
vt 142.620132 -257.488194
vt 142.623024 -257.488194
vt 142.616303 -257.486240
vt 142.617240 -257.488194
vt 142.614348 -257.488194
vt 142.614348 -257.470102
vt 142.614348 -257.476133
vt 142.616303 -257.474178
vt 142.616303 -257.480209
vt 142.618257 -257.478254
vt 142.614348 -257.482164
vt 139.945727 -256.843946
vt 139.945727 -256.838830
vt 139.942704 -256.841853
vt 139.942704 -256.836737
vt 139.939680 -256.839760
vt 139.939680 -256.834644
vt 139.936657 -256.837668
vt 139.936657 -256.832552
vt 139.933634 -256.835575
vt 139.945727 -256.833714
vt 139.942704 -256.831621
vt 139.939680 -256.829529
vt 139.945727 -256.828598
vt 139.942704 -256.826506
vt 139.945727 -256.823482
vt 139.929267 -256.832552
vt 139.932290 -256.829529
vt 139.924900 -256.829529
vt 139.927923 -256.826506
vt 139.920533 -256.826506
vt 139.923556 -256.823482
vt 139.916166 -256.823482
vt 139.935313 -256.826506
vt 139.930946 -256.823482
vt 139.938336 -256.823482
vt 140.279060 -257.074693
vt 140.279060 -257.011890
vt 140.241948 -257.049002
vt 140.241948 -256.986200
vt 140.204836 -257.023312
vt 140.204836 -256.960509
vt 140.167724 -256.997621
vt 140.167724 -256.934819
vt 140.130612 -256.971931
vt 140.279060 -256.949088
vt 140.241948 -256.923397
vt 140.204836 -256.897707
vt 140.279060 -256.886285
vt 140.241948 -256.860595
vt 140.279060 -256.823482
vt 140.195727 -256.823482
vt 140.195727 -256.828598
vt 140.112393 -256.828598
vt 140.112393 -256.833714
vt 140.029060 -256.833714
vt 140.029060 -256.838830
vt 140.112393 -256.823482
vt 140.029060 -256.828598
vt 140.029060 -256.823482
vt 140.228815 -256.851504
vt 140.145482 -256.856619
vt 140.178570 -256.879525
vt 140.095237 -256.884641
vt 140.128326 -256.907546
vt 140.044992 -256.912662
vt 140.078081 -256.935567
vt 140.062149 -256.861735
vt 140.011904 -256.889756
vt 139.978815 -256.866851
vt 140.191703 -256.888616
vt 140.154591 -256.925728
vt 140.117479 -256.962840
vt 140.141458 -256.916637
vt 140.104346 -256.953749
vt 140.091214 -256.944658
vt 140.612393 -257.073482
vt 140.541192 -257.144683
vt 140.541192 -257.061350
vt 140.469991 -257.132551
vt 140.469991 -257.049218
vt 140.398790 -257.120419
vt 140.398790 -257.037086
vt 140.327589 -257.108287
vt 140.612393 -256.990149
vt 140.541192 -256.978017
vt 140.469991 -256.965885
vt 140.612393 -256.906816
vt 140.541192 -256.894683
vt 140.612393 -256.823482
vt 140.547294 -257.148907
vt 140.476093 -257.136775
vt 140.482195 -257.140999
vt 140.410994 -257.128867
vt 140.417096 -257.133091
vt 140.345895 -257.120958
vt 140.351996 -257.125182
vt 140.404892 -257.124643
vt 140.339793 -257.116734
vt 140.333691 -257.112511
vt 140.493619 -257.148907
vt 140.439944 -257.148907
vt 140.386269 -257.148907
vt 140.428520 -257.140999
vt 140.374845 -257.140999
vt 140.363421 -257.133091
vt 140.529060 -256.823482
vt 140.529060 -256.886285
vt 140.445727 -256.886285
vt 140.445727 -256.949088
vt 140.362393 -256.949088
vt 140.362393 -257.011890
vt 140.445727 -256.823482
vt 140.362393 -256.886285
vt 140.362393 -256.823482
vt 140.457859 -256.957486
vt 140.386658 -257.028687
vt 140.315457 -257.099888
vt 140.374526 -257.020289
vt 140.303325 -257.091490
vt 140.291192 -257.083091
vt 140.945727 -257.073482
vt 140.862393 -257.073482
vt 140.779060 -257.073482
vt 140.695727 -257.073482
vt 140.945727 -256.990149
vt 140.862393 -256.990149
vt 140.779060 -256.990149
vt 140.945727 -256.906816
vt 140.862393 -256.906816
vt 140.945727 -256.823482
vt 140.862393 -256.823482
vt 140.779060 -256.906816
vt 140.695727 -256.990149
vt 140.779060 -256.823482
vt 140.695727 -256.906816
vt 140.695727 -256.823482
vt 141.279060 -257.073482
vt 141.195727 -257.073482
vt 141.112393 -257.073482
vt 141.029060 -257.073482
vt 141.279060 -256.990149
vt 141.195727 -256.990149
vt 141.112393 -256.990149
vt 141.279060 -256.906816
vt 141.195727 -256.906816
vt 141.279060 -256.823482
vt 141.195727 -256.823482
vt 141.112393 -256.906816
vt 141.029060 -256.990149
vt 141.112393 -256.823482
vt 141.029060 -256.906816
vt 141.029060 -256.823482
vt 141.612393 -257.073482
vt 141.529060 -257.073482
vt 141.445727 -257.073482
vt 141.362393 -257.073482
vt 141.612393 -256.990149
vt 141.529060 -256.990149
vt 141.445727 -256.990149
vt 141.612393 -256.906816
vt 141.529060 -256.906816
vt 141.612393 -256.823482
vt 141.529060 -256.823482
vt 141.445727 -256.906816
vt 141.362393 -256.990149
vt 141.445727 -256.823482
vt 141.362393 -256.906816
vt 141.362393 -256.823482
vt 141.945727 -257.073482
vt 141.862393 -257.073482
vt 141.779060 -257.073482
vt 141.695727 -257.073482
vt 141.945727 -256.990149
vt 141.862393 -256.990149
vt 141.779060 -256.990149
vt 141.945727 -256.906816
vt 141.862393 -256.906816
vt 141.945727 -256.823482
vt 141.862393 -256.823482
vt 141.779060 -256.906816
vt 141.695727 -256.990149
vt 141.779060 -256.823482
vt 141.695727 -256.906816
vt 141.695727 -256.823482
vt 142.029060 -257.074443
vt 142.112393 -257.074443
vt 142.112393 -256.992071
vt 142.195727 -256.992071
vt 142.195727 -256.909698
vt 142.279060 -256.909698
vt 142.279060 -256.827326
vt 142.195727 -257.074443
vt 142.279060 -256.992071
vt 142.195727 -257.156816
vt 142.279060 -257.074443
vt 142.028698 -257.073845
vt 142.112031 -256.991472
vt 142.111668 -256.990874
vt 142.195002 -256.908501
vt 142.194639 -256.907903
vt 142.277973 -256.825531
vt 142.277610 -256.824932
vt 142.195364 -256.909100
vt 142.278335 -256.826129
vt 142.278698 -256.826727
vt 142.028698 -256.823845
vt 142.028698 -256.907178
vt 142.111668 -256.824207
vt 142.111668 -256.907541
vt 142.194639 -256.824570
vt 142.028698 -256.990512
vt 142.028478 -256.823482
vt 142.111449 -256.823845
vt 142.111230 -256.823482
vt 142.194201 -256.823845
vt 142.193981 -256.823482
vt 142.276952 -256.823845
vt 142.276733 -256.823482
vt 142.194420 -256.824207
vt 142.277171 -256.824207
vt 142.277391 -256.824570
vt 142.402372 -257.033504
vt 142.371544 -257.064332
vt 142.417834 -257.064332
vt 142.387006 -257.095160
vt 142.433296 -257.095160
vt 142.402468 -257.125988
vt 142.448758 -257.125988
vt 142.340716 -257.095160
vt 142.356178 -257.125988
vt 142.309888 -257.125988
vt 142.408461 -257.044766
vt 142.423923 -257.075594
vt 142.414550 -257.056029
vt 142.430011 -257.086857
vt 142.420638 -257.067291
vt 142.436100 -257.098119
vt 142.426727 -257.078554
vt 142.439385 -257.106422
vt 142.445473 -257.117685
vt 142.454846 -257.137250
vt 142.309888 -256.878870
vt 142.309888 -256.961243
vt 142.340716 -256.930415
vt 142.340716 -257.012787
vt 142.371544 -256.981959
vt 142.309888 -257.043615
vt 142.306685 -256.872946
vt 142.337513 -256.924490
vt 142.334310 -256.918566
vt 142.365138 -256.970110
vt 142.361935 -256.964185
vt 142.392763 -257.015730
vt 142.389559 -257.009805
vt 142.368341 -256.976035
vt 142.395966 -257.021655
vt 142.399169 -257.027579
vt 139.612393 -256.613199
vt 139.612393 -256.582436
vt 139.594215 -256.600615
vt 139.594215 -256.569852
vt 139.576036 -256.588031
vt 139.576036 -256.557269
vt 139.557858 -256.575447
vt 139.557858 -256.544685
vt 139.539679 -256.562863
vt 139.612393 -256.551674
vt 139.594215 -256.539090
vt 139.576036 -256.526506
vt 139.612393 -256.520912
vt 139.594215 -256.508328
vt 139.612393 -256.490149
vt 139.522308 -256.544685
vt 139.540486 -256.526506
vt 139.504936 -256.526506
vt 139.523115 -256.508328
vt 139.487565 -256.508328
vt 139.505743 -256.490149
vt 139.470193 -256.490149
vt 139.558665 -256.508328
vt 139.541293 -256.490149
vt 139.576843 -256.490149
vt 139.537322 -256.561231
vt 139.519951 -256.543053
vt 139.534965 -256.559600
vt 139.517593 -256.541421
vt 139.532608 -256.557968
vt 139.515236 -256.539789
vt 139.530250 -256.556336
vt 139.502579 -256.524874
vt 139.500222 -256.523243
vt 139.485208 -256.506696
vt 139.945727 -256.740149
vt 139.893459 -256.792417
vt 139.893459 -256.709083
vt 139.841192 -256.761351
vt 139.841192 -256.678017
vt 139.788924 -256.730285
vt 139.788924 -256.646952
vt 139.736657 -256.699219
vt 139.945727 -256.656816
vt 139.893459 -256.625750
vt 139.841192 -256.594684
vt 139.945727 -256.573482
vt 139.893459 -256.542417
vt 139.945727 -256.490149
vt 139.910336 -256.804100
vt 139.858069 -256.773034
vt 139.874946 -256.784717
vt 139.822679 -256.753651
vt 139.839556 -256.765334
vt 139.787288 -256.734268
vt 139.804166 -256.745952
vt 139.805801 -256.741968
vt 139.770411 -256.722585
vt 139.753534 -256.710902
vt 139.902946 -256.804100
vt 139.895556 -256.804100
vt 139.888166 -256.804100
vt 139.867556 -256.784717
vt 139.860166 -256.784717
vt 139.832166 -256.765334
vt 139.862393 -256.490149
vt 139.862393 -256.520912
vt 139.779060 -256.520912
vt 139.779060 -256.551674
vt 139.695727 -256.551674
vt 139.695727 -256.582436
vt 139.779060 -256.490149
vt 139.695727 -256.520912
vt 139.695727 -256.490149
vt 139.810126 -256.573179
vt 139.757858 -256.625446
vt 139.705591 -256.677714
vt 139.726792 -256.603941
vt 139.674525 -256.656209
vt 139.643459 -256.634704
vt 140.279060 -256.740149
vt 140.195727 -256.740149
vt 140.112393 -256.740149
vt 140.029060 -256.740149
vt 140.279060 -256.656816
vt 140.195727 -256.656816
vt 140.112393 -256.656816
vt 140.279060 -256.573482
vt 140.195727 -256.573482
vt 140.279060 -256.490149
vt 140.195727 -256.490149
vt 140.112393 -256.573482
vt 140.029060 -256.656816
vt 140.112393 -256.490149
vt 140.029060 -256.573482
vt 140.029060 -256.490149
vt 140.612393 -256.740149
vt 140.529060 -256.740149
vt 140.445727 -256.740149
vt 140.362393 -256.740149
vt 140.612393 -256.656816
vt 140.529060 -256.656816
vt 140.445727 -256.656816
vt 140.612393 -256.573482
vt 140.529060 -256.573482
vt 140.612393 -256.490149
vt 140.529060 -256.490149
vt 140.445727 -256.573482
vt 140.362393 -256.656816
vt 140.445727 -256.490149
vt 140.362393 -256.573482
vt 140.362393 -256.490149
vt 140.945727 -256.740149
vt 140.862393 -256.740149
vt 140.779060 -256.740149
vt 140.695727 -256.740149
vt 140.945727 -256.656816
vt 140.862393 -256.656816
vt 140.779060 -256.656816
vt 140.945727 -256.573482
vt 140.862393 -256.573482
vt 140.945727 -256.490149
vt 140.862393 -256.490149
vt 140.779060 -256.573482
vt 140.695727 -256.656816
vt 140.779060 -256.490149
vt 140.695727 -256.573482
vt 140.695727 -256.490149
vt 141.279060 -256.740149
vt 141.195727 -256.740149
vt 141.112393 -256.740149
vt 141.029060 -256.740149
vt 141.279060 -256.656816
vt 141.195727 -256.656816
vt 141.112393 -256.656816
vt 141.279060 -256.573482
vt 141.195727 -256.573482
vt 141.279060 -256.490149
vt 141.195727 -256.490149
vt 141.112393 -256.573482
vt 141.029060 -256.656816
vt 141.112393 -256.490149
vt 141.029060 -256.573482
vt 141.029060 -256.490149
vt 141.612393 -256.740149
vt 141.529060 -256.740149
vt 141.445727 -256.740149
vt 141.362393 -256.740149
vt 141.612393 -256.656816
vt 141.529060 -256.656816
vt 141.445727 -256.656816
vt 141.612393 -256.573482
vt 141.529060 -256.573482
vt 141.612393 -256.490149
vt 141.529060 -256.490149
vt 141.445727 -256.573482
vt 141.362393 -256.656816
vt 141.445727 -256.490149
vt 141.362393 -256.573482
vt 141.362393 -256.490149
vt 141.945727 -256.740149
vt 141.862393 -256.740149
vt 141.779060 -256.740149
vt 141.695727 -256.740149
vt 141.945727 -256.656816
vt 141.862393 -256.656816
vt 141.779060 -256.656816
vt 141.945727 -256.573482
vt 141.862393 -256.573482
vt 141.945727 -256.490149
vt 141.862393 -256.490149
vt 141.779060 -256.573482
vt 141.695727 -256.656816
vt 141.779060 -256.490149
vt 141.695727 -256.573482
vt 141.695727 -256.490149
vt 142.144413 -256.624796
vt 142.094741 -256.674468
vt 142.177493 -256.674468
vt 142.127821 -256.724139
vt 142.210573 -256.724139
vt 142.160901 -256.773811
vt 142.243653 -256.773811
vt 142.045070 -256.724139
vt 142.078150 -256.773811
vt 141.995398 -256.773811
vt 142.162902 -256.650373
vt 142.195982 -256.700045
vt 142.181392 -256.675950
vt 142.214472 -256.725622
vt 142.199881 -256.701527
vt 142.232961 -256.751198
vt 142.218371 -256.727104
vt 142.229062 -256.749716
vt 142.247552 -256.775293
vt 142.262142 -256.799388
vt 141.995398 -256.523811
vt 141.995398 -256.607144
vt 142.045070 -256.557473
vt 142.045070 -256.640806
vt 142.094741 -256.591134
vt 141.995398 -256.690478
vt 141.994824 -256.523016
vt 142.044495 -256.556678
vt 142.043921 -256.555883
vt 142.093592 -256.589545
vt 142.093018 -256.588750
vt 142.142689 -256.622412
vt 142.142115 -256.621617
vt 142.094167 -256.590340
vt 142.143264 -256.623207
vt 142.143838 -256.624001
vt 141.966723 -256.490149
vt 142.015820 -256.523016
vt 141.987720 -256.490149
vt 142.036817 -256.523016
vt 142.008717 -256.490149
vt 142.057814 -256.523016
vt 142.029714 -256.490149
vt 142.064918 -256.555883
vt 142.085914 -256.555883
vt 142.114015 -256.588750
vt 139.279060 -256.274154
vt 139.279060 -256.244820
vt 139.268562 -256.255318
vt 139.268562 -256.225983
vt 139.258063 -256.236482
vt 139.258063 -256.207147
vt 139.247565 -256.217645
vt 139.247565 -256.188311
vt 139.237067 -256.198809
vt 139.279060 -256.215485
vt 139.268562 -256.196649
vt 139.258063 -256.177812
vt 139.279060 -256.186150
vt 139.268562 -256.167314
vt 139.279060 -256.156816
vt 139.231216 -256.188311
vt 139.241714 -256.177812
vt 139.225364 -256.177812
vt 139.235863 -256.167314
vt 139.219513 -256.167314
vt 139.230012 -256.156816
vt 139.213662 -256.156816
vt 139.252212 -256.167314
vt 139.246361 -256.156816
vt 139.262710 -256.156816
vt 139.612393 -256.406816
vt 139.554112 -256.465097
vt 139.554112 -256.381764
vt 139.495830 -256.440046
vt 139.495830 -256.356712
vt 139.437549 -256.414994
vt 139.437549 -256.331661
vt 139.379267 -256.389942
vt 139.612393 -256.323482
vt 139.554112 -256.298431
vt 139.495830 -256.273379
vt 139.612393 -256.240149
vt 139.554112 -256.215097
vt 139.612393 -256.156816
vt 139.518562 -256.465097
vt 139.483012 -256.465097
vt 139.447462 -256.465097
vt 139.460280 -256.440046
vt 139.424730 -256.440046
vt 139.401998 -256.414994
vt 139.529060 -256.156816
vt 139.529060 -256.186150
vt 139.445727 -256.186150
vt 139.445727 -256.215485
vt 139.362393 -256.215485
vt 139.362393 -256.244820
vt 139.445727 -256.156816
vt 139.362393 -256.186150
vt 139.362393 -256.156816
vt 139.530994 -256.189620
vt 139.447660 -256.218954
vt 139.449594 -256.222423
vt 139.366260 -256.251758
vt 139.368194 -256.255227
vt 139.284861 -256.284562
vt 139.286794 -256.288031
vt 139.364327 -256.248289
vt 139.282927 -256.281093
vt 139.280994 -256.277623
vt 139.472712 -256.247901
vt 139.414430 -256.306183
vt 139.356149 -256.364464
vt 139.391312 -256.280705
vt 139.333031 -256.338987
vt 139.309912 -256.313509
vt 139.945727 -256.406816
vt 139.862393 -256.406816
vt 139.779060 -256.406816
vt 139.695727 -256.406816
vt 139.945727 -256.323482
vt 139.862393 -256.323482
vt 139.779060 -256.323482
vt 139.945727 -256.240149
vt 139.862393 -256.240149
vt 139.945727 -256.156816
vt 139.862393 -256.156816
vt 139.779060 -256.240149
vt 139.695727 -256.323482
vt 139.779060 -256.156816
vt 139.695727 -256.240149
vt 139.695727 -256.156816
vt 140.279060 -256.406816
vt 140.195727 -256.406816
vt 140.112393 -256.406816
vt 140.029060 -256.406816
vt 140.279060 -256.323482
vt 140.195727 -256.323482
vt 140.112393 -256.323482
vt 140.279060 -256.240149
vt 140.195727 -256.240149
vt 140.279060 -256.156816
vt 140.195727 -256.156816
vt 140.112393 -256.240149
vt 140.029060 -256.323482
vt 140.112393 -256.156816
vt 140.029060 -256.240149
vt 140.029060 -256.156816
vt 140.612393 -256.406816
vt 140.529060 -256.406816
vt 140.445727 -256.406816
vt 140.362393 -256.406816
vt 140.612393 -256.323482
vt 140.529060 -256.323482
vt 140.445727 -256.323482
vt 140.612393 -256.240149
vt 140.529060 -256.240149
vt 140.612393 -256.156816
vt 140.529060 -256.156816
vt 140.445727 -256.240149
vt 140.362393 -256.323482
vt 140.445727 -256.156816
vt 140.362393 -256.240149
vt 140.362393 -256.156816
vt 140.945727 -256.406816
vt 140.862393 -256.406816
vt 140.779060 -256.406816
vt 140.695727 -256.406816
vt 140.945727 -256.323482
vt 140.862393 -256.323482
vt 140.779060 -256.323482
vt 140.945727 -256.240149
vt 140.862393 -256.240149
vt 140.945727 -256.156816
vt 140.862393 -256.156816
vt 140.779060 -256.240149
vt 140.695727 -256.323482
vt 140.779060 -256.156816
vt 140.695727 -256.240149
vt 140.695727 -256.156816
vt 141.279060 -256.406816
vt 141.195727 -256.406816
vt 141.112393 -256.406816
vt 141.029060 -256.406816
vt 141.279060 -256.323482
vt 141.195727 -256.323482
vt 141.112393 -256.323482
vt 141.279060 -256.240149
vt 141.195727 -256.240149
vt 141.279060 -256.156816
vt 141.195727 -256.156816
vt 141.112393 -256.240149
vt 141.029060 -256.323482
vt 141.112393 -256.156816
vt 141.029060 -256.240149
vt 141.029060 -256.156816
vt 141.612393 -256.406816
vt 141.529060 -256.406816
vt 141.445727 -256.406816
vt 141.362393 -256.406816
vt 141.612393 -256.323482
vt 141.529060 -256.323482
vt 141.445727 -256.323482
vt 141.612393 -256.240149
vt 141.529060 -256.240149
vt 141.612393 -256.156816
vt 141.529060 -256.156816
vt 141.445727 -256.240149
vt 141.362393 -256.323482
vt 141.445727 -256.156816
vt 141.362393 -256.240149
vt 141.362393 -256.156816
vt 141.695727 -256.465591
vt 141.779060 -256.465591
vt 141.779060 -256.441032
vt 141.862393 -256.441032
vt 141.862393 -256.416473
vt 141.945727 -256.416473
vt 141.945727 -256.391915
vt 141.862393 -256.465591
vt 141.945727 -256.441032
vt 141.945727 -256.465591
vt 141.690702 -256.459713
vt 141.774035 -256.435154
vt 141.769010 -256.429277
vt 141.852343 -256.404718
vt 141.847318 -256.398841
vt 141.930652 -256.374282
vt 141.925627 -256.368405
vt 141.857368 -256.410596
vt 141.935677 -256.380160
vt 141.940702 -256.386037
vt 141.678568 -256.446735
vt 141.756876 -256.416299
vt 141.744742 -256.403321
vt 141.823051 -256.372885
vt 141.810917 -256.359908
vt 141.889225 -256.329471
vt 141.877091 -256.316494
vt 141.835184 -256.385863
vt 141.901359 -256.342449
vt 141.913493 -256.355427
vt 141.667064 -256.435478
vt 141.733239 -256.392064
vt 141.721735 -256.380807
vt 141.787909 -256.337394
vt 141.776406 -256.326137
vt 141.842580 -256.282723
vt 141.831077 -256.271466
vt 141.799413 -256.348651
vt 141.854084 -256.293980
vt 141.865588 -256.305237
vt 141.667064 -256.185478
vt 141.667064 -256.268812
vt 141.721735 -256.214141
vt 141.721735 -256.297474
vt 141.776406 -256.242803
vt 141.667064 -256.352145
vt 141.637774 -256.156816
vt 141.692445 -256.185478
vt 141.663154 -256.156816
vt 141.717825 -256.185478
vt 141.688534 -256.156816
vt 141.743205 -256.185478
vt 141.713915 -256.156816
vt 141.747115 -256.214141
vt 141.772496 -256.214141
vt 141.801786 -256.242803
vt 141.991004 -256.444872
vt 141.979684 -256.456191
vt 142.000681 -256.456191
vt 141.989362 -256.467511
vt 142.010359 -256.467511
vt 141.999039 -256.478830
vt 142.020036 -256.478830
vt 141.968365 -256.467511
vt 141.978043 -256.478830
vt 141.957046 -256.478830
vt 141.957046 -256.405154
vt 141.957046 -256.429713
vt 141.968365 -256.418393
vt 141.968365 -256.442952
vt 141.979684 -256.431633
vt 141.957046 -256.454271
vt 139.279060 -256.073482
vt 139.238740 -256.113803
vt 139.238740 -256.030469
vt 139.198419 -256.070790
vt 139.198419 -255.987457
vt 139.158099 -256.027777
vt 139.158099 -255.944444
vt 139.117778 -255.984764
vt 139.279060 -255.990149
vt 139.238740 -255.947136
vt 139.198419 -255.904123
vt 139.279060 -255.906816
vt 139.238740 -255.863803
vt 139.279060 -255.823482
vt 139.240452 -256.116879
vt 139.200132 -256.073866
vt 139.201844 -256.076943
vt 139.161524 -256.033930
vt 139.163236 -256.037006
vt 139.122916 -255.993993
vt 139.124628 -255.997070
vt 139.159811 -256.030853
vt 139.121203 -255.990917
vt 139.119491 -255.987840
vt 139.224103 -256.116879
vt 139.207753 -256.116879
vt 139.191404 -256.116879
vt 139.185495 -256.076943
vt 139.169145 -256.076943
vt 139.146887 -256.037006
vt 139.095334 -255.944444
vt 139.135655 -255.904123
vt 139.072890 -255.904123
vt 139.113210 -255.863803
vt 139.050445 -255.863803
vt 139.090766 -255.823482
vt 139.028001 -255.823482
vt 139.175975 -255.863803
vt 139.153531 -255.823482
vt 139.216295 -255.823482
vt 139.612393 -256.073482
vt 139.529060 -256.073482
vt 139.445727 -256.073482
vt 139.362393 -256.073482
vt 139.612393 -255.990149
vt 139.529060 -255.990149
vt 139.445727 -255.990149
vt 139.612393 -255.906816
vt 139.529060 -255.906816
vt 139.612393 -255.823482
vt 139.529060 -255.823482
vt 139.445727 -255.906816
vt 139.362393 -255.990149
vt 139.445727 -255.823482
vt 139.362393 -255.906816
vt 139.362393 -255.823482
vt 139.945727 -256.073482
vt 139.862393 -256.073482
vt 139.779060 -256.073482
vt 139.695727 -256.073482
vt 139.945727 -255.990149
vt 139.862393 -255.990149
vt 139.779060 -255.990149
vt 139.945727 -255.906816
vt 139.862393 -255.906816
vt 139.945727 -255.823482
vt 139.862393 -255.823482
vt 139.779060 -255.906816
vt 139.695727 -255.990149
vt 139.779060 -255.823482
vt 139.695727 -255.906816
vt 139.695727 -255.823482
vt 140.279060 -256.073482
vt 140.195727 -256.073482
vt 140.112393 -256.073482
vt 140.029060 -256.073482
vt 140.279060 -255.990149
vt 140.195727 -255.990149
vt 140.112393 -255.990149
vt 140.279060 -255.906816
vt 140.195727 -255.906816
vt 140.279060 -255.823482
vt 140.195727 -255.823482
vt 140.112393 -255.906816
vt 140.029060 -255.990149
vt 140.112393 -255.823482
vt 140.029060 -255.906816
vt 140.029060 -255.823482
vt 140.612393 -256.073482
vt 140.529060 -256.073482
vt 140.445727 -256.073482
vt 140.362393 -256.073482
vt 140.612393 -255.990149
vt 140.529060 -255.990149
vt 140.445727 -255.990149
vt 140.612393 -255.906816
vt 140.529060 -255.906816
vt 140.612393 -255.823482
vt 140.529060 -255.823482
vt 140.445727 -255.906816
vt 140.362393 -255.990149
vt 140.445727 -255.823482
vt 140.362393 -255.906816
vt 140.362393 -255.823482
vt 140.945727 -256.073482
vt 140.862393 -256.073482
vt 140.779060 -256.073482
vt 140.695727 -256.073482
vt 140.945727 -255.990149
vt 140.862393 -255.990149
vt 140.779060 -255.990149
vt 140.945727 -255.906816
vt 140.862393 -255.906816
vt 140.945727 -255.823482
vt 140.862393 -255.823482
vt 140.779060 -255.906816
vt 140.695727 -255.990149
vt 140.779060 -255.823482
vt 140.695727 -255.906816
vt 140.695727 -255.823482
vt 141.279060 -256.073482
vt 141.195727 -256.073482
vt 141.112393 -256.073482
vt 141.029060 -256.073482
vt 141.279060 -255.990149
vt 141.195727 -255.990149
vt 141.112393 -255.990149
vt 141.279060 -255.906816
vt 141.195727 -255.906816
vt 141.279060 -255.823482
vt 141.195727 -255.823482
vt 141.112393 -255.906816
vt 141.029060 -255.990149
vt 141.112393 -255.823482
vt 141.029060 -255.906816
vt 141.029060 -255.823482
vt 141.362393 -256.133066
vt 141.445727 -256.133066
vt 141.445727 -256.109317
vt 141.529060 -256.109317
vt 141.529060 -256.085567
vt 141.612393 -256.085567
vt 141.612393 -256.061818
vt 141.529060 -256.133066
vt 141.612393 -256.109317
vt 141.612393 -256.133066
vt 141.343442 -256.117424
vt 141.426775 -256.093675
vt 141.407824 -256.078032
vt 141.491157 -256.054283
vt 141.472206 -256.038641
vt 141.555540 -256.014891
vt 141.536588 -255.999249
vt 141.510109 -256.069925
vt 141.574491 -256.030533
vt 141.593442 -256.046176
vt 141.328674 -256.107201
vt 141.393056 -256.067810
vt 141.378289 -256.057587
vt 141.442671 -256.018195
vt 141.427903 -256.007972
vt 141.492285 -255.968581
vt 141.477518 -255.958358
vt 141.457439 -256.028418
vt 141.507053 -255.978804
vt 141.521821 -255.989026
vt 141.328674 -255.857201
vt 141.328674 -255.940535
vt 141.378289 -255.890920
vt 141.378289 -255.974254
vt 141.427903 -255.924639
vt 141.328674 -256.023868
vt 141.279965 -255.823482
vt 141.329579 -255.857201
vt 141.280869 -255.823482
vt 141.330484 -255.857201
vt 141.281774 -255.823482
vt 141.331388 -255.857201
vt 141.282679 -255.823482
vt 141.379193 -255.890920
vt 141.380098 -255.890920
vt 141.428808 -255.924639
vt 141.662604 -256.106605
vt 141.650051 -256.119158
vt 141.675432 -256.119158
vt 141.662879 -256.131710
vt 141.688259 -256.131710
vt 141.675707 -256.144263
vt 141.701087 -256.144263
vt 141.637499 -256.131710
vt 141.650326 -256.144263
vt 141.624946 -256.144263
vt 141.624946 -256.073015
vt 141.624946 -256.096764
vt 141.637499 -256.084211
vt 141.637499 -256.107961
vt 141.650051 -256.095408
vt 141.624946 -256.120514
vt 141.619488 -256.067674
vt 141.632041 -256.078871
vt 141.626583 -256.073530
vt 141.639136 -256.084727
vt 141.633678 -256.079386
vt 141.646231 -256.090583
vt 141.640773 -256.085242
vt 141.644594 -256.090067
vt 141.651688 -256.095923
vt 141.657146 -256.101264
vt 138.945727 -255.653876
vt 138.945727 -255.612945
vt 138.935755 -255.622916
vt 138.935755 -255.581984
vt 138.925784 -255.591956
vt 138.925784 -255.551024
vt 138.915812 -255.560996
vt 138.915812 -255.520064
vt 138.905840 -255.530035
vt 138.945727 -255.572013
vt 138.935755 -255.541053
vt 138.925784 -255.510092
vt 138.945727 -255.531081
vt 138.935755 -255.500121
vt 138.945727 -255.490149
vt 138.902629 -255.520064
vt 138.912600 -255.510092
vt 138.899417 -255.510092
vt 138.909389 -255.500121
vt 138.896206 -255.500121
vt 138.906177 -255.490149
vt 138.892994 -255.490149
vt 138.922572 -255.500121
vt 138.919360 -255.490149
vt 138.932543 -255.490149
vt 139.279060 -255.740149
vt 139.208940 -255.810269
vt 139.208940 -255.726936
vt 139.138820 -255.797056
vt 139.138820 -255.713722
vt 139.068700 -255.783842
vt 139.068700 -255.700509
vt 138.998580 -255.770629
vt 139.279060 -255.656816
vt 139.208940 -255.643602
vt 139.138820 -255.630389
vt 139.279060 -255.573482
vt 139.208940 -255.560269
vt 139.279060 -255.490149
vt 139.146175 -255.810269
vt 139.083411 -255.810269
vt 139.020646 -255.810269
vt 139.076055 -255.797056
vt 139.013291 -255.797056
vt 139.005935 -255.783842
vt 139.195727 -255.490149
vt 139.195727 -255.531081
vt 139.112393 -255.531081
vt 139.112393 -255.572013
vt 139.029060 -255.572013
vt 139.029060 -255.612945
vt 139.112393 -255.490149
vt 139.029060 -255.531081
vt 139.029060 -255.490149
vt 139.199893 -255.544016
vt 139.116559 -255.584948
vt 139.120725 -255.597883
vt 139.037392 -255.638814
vt 139.041558 -255.651749
vt 138.958225 -255.692681
vt 138.962391 -255.705616
vt 139.033226 -255.625880
vt 138.954059 -255.679746
vt 138.949893 -255.666811
vt 139.129773 -255.614136
vt 139.059653 -255.684256
vt 138.989533 -255.754376
vt 139.050605 -255.668003
vt 138.980485 -255.738122
vt 138.971438 -255.721869
vt 139.612393 -255.740149
vt 139.529060 -255.740149
vt 139.445727 -255.740149
vt 139.362393 -255.740149
vt 139.612393 -255.656816
vt 139.529060 -255.656816
vt 139.445727 -255.656816
vt 139.612393 -255.573482
vt 139.529060 -255.573482
vt 139.612393 -255.490149
vt 139.529060 -255.490149
vt 139.445727 -255.573482
vt 139.362393 -255.656816
vt 139.445727 -255.490149
vt 139.362393 -255.573482
vt 139.362393 -255.490149
vt 139.945727 -255.740149
vt 139.862393 -255.740149
vt 139.779060 -255.740149
vt 139.695727 -255.740149
vt 139.945727 -255.656816
vt 139.862393 -255.656816
vt 139.779060 -255.656816
vt 139.945727 -255.573482
vt 139.862393 -255.573482
vt 139.945727 -255.490149
vt 139.862393 -255.490149
vt 139.779060 -255.573482
vt 139.695727 -255.656816
vt 139.779060 -255.490149
vt 139.695727 -255.573482
vt 139.695727 -255.490149
vt 140.279060 -255.740149
vt 140.195727 -255.740149
vt 140.112393 -255.740149
vt 140.029060 -255.740149
vt 140.279060 -255.656816
vt 140.195727 -255.656816
vt 140.112393 -255.656816
vt 140.279060 -255.573482
vt 140.195727 -255.573482
vt 140.279060 -255.490149
vt 140.195727 -255.490149
vt 140.112393 -255.573482
vt 140.029060 -255.656816
vt 140.112393 -255.490149
vt 140.029060 -255.573482
vt 140.029060 -255.490149
vt 140.612393 -255.740149
vt 140.529060 -255.740149
vt 140.445727 -255.740149
vt 140.362393 -255.740149
vt 140.612393 -255.656816
vt 140.529060 -255.656816
vt 140.445727 -255.656816
vt 140.612393 -255.573482
vt 140.529060 -255.573482
vt 140.612393 -255.490149
vt 140.529060 -255.490149
vt 140.445727 -255.573482
vt 140.362393 -255.656816
vt 140.445727 -255.490149
vt 140.362393 -255.573482
vt 140.362393 -255.490149
vt 140.695727 -255.765169
vt 140.779060 -255.765169
vt 140.779060 -255.706856
vt 140.862393 -255.706856
vt 140.862393 -255.648543
vt 140.945727 -255.648543
vt 140.945727 -255.590230
vt 140.862393 -255.765169
vt 140.945727 -255.706856
vt 140.945727 -255.765169
vt 140.680941 -255.754934
vt 140.764275 -255.696621
vt 140.749489 -255.686386
vt 140.832823 -255.628073
vt 140.818037 -255.617838
vt 140.901371 -255.559525
vt 140.886585 -255.549290
vt 140.847608 -255.638308
vt 140.916156 -255.569760
vt 140.930941 -255.579995
vt 140.680941 -255.504934
vt 140.680941 -255.588268
vt 140.749489 -255.519720
vt 140.749489 -255.603053
vt 140.818037 -255.534505
vt 140.680941 -255.671601
vt 140.659583 -255.490149
vt 140.728131 -255.504934
vt 140.706772 -255.490149
vt 140.775320 -255.504934
vt 140.753961 -255.490149
vt 140.822509 -255.504934
vt 140.801151 -255.490149
vt 140.796679 -255.519720
vt 140.843868 -255.519720
vt 140.865227 -255.534505
vt 141.029060 -255.822856
vt 141.112393 -255.822856
vt 141.112393 -255.822230
vt 141.195727 -255.822230
vt 141.195727 -255.821604
vt 141.279060 -255.821604
vt 141.279060 -255.820977
vt 141.195727 -255.822856
vt 141.279060 -255.822230
vt 141.279060 -255.822856
vt 141.024963 -255.820020
vt 141.108297 -255.819394
vt 141.104200 -255.816558
vt 141.187533 -255.815932
vt 141.183436 -255.813096
vt 141.266770 -255.812470
vt 141.262673 -255.809634
vt 141.191630 -255.818768
vt 141.270866 -255.815306
vt 141.274963 -255.818142
vt 140.980186 -255.789023
vt 141.059422 -255.785561
vt 141.014645 -255.754564
vt 141.093881 -255.751102
vt 141.049104 -255.720105
vt 141.128340 -255.716643
vt 141.083563 -255.685646
vt 141.138659 -255.782099
vt 141.173118 -255.747640
vt 141.217895 -255.778637
vt 140.980186 -255.614084
vt 140.980186 -255.672397
vt 141.014645 -255.637938
vt 141.014645 -255.696251
vt 141.049104 -255.661792
vt 140.980186 -255.730710
vt 141.280540 -255.822002
vt 141.280170 -255.822372
vt 141.281075 -255.822372
vt 141.280705 -255.822742
vt 141.281609 -255.822742
vt 141.281239 -255.823112
vt 141.282144 -255.823112
vt 141.279800 -255.822742
vt 141.280335 -255.823112
vt 141.279430 -255.823112
vt 141.279430 -255.821234
vt 141.279430 -255.821860
vt 141.279800 -255.821490
vt 141.279800 -255.822116
vt 141.280170 -255.821746
vt 141.279430 -255.822486
vt 138.945727 -255.406816
vt 138.929789 -255.422754
vt 138.929789 -255.339420
vt 138.913851 -255.355358
vt 138.913851 -255.272025
vt 138.897913 -255.287963
vt 138.897913 -255.204630
vt 138.881975 -255.220567
vt 138.945727 -255.323482
vt 138.929789 -255.256087
vt 138.913851 -255.188692
vt 138.945727 -255.240149
vt 138.929789 -255.172754
vt 138.945727 -255.156816
vt 138.925969 -255.469737
vt 138.910031 -255.402342
vt 138.906212 -255.449325
vt 138.890274 -255.381930
vt 138.886455 -255.428914
vt 138.870517 -255.361518
vt 138.866697 -255.408502
vt 138.894093 -255.334946
vt 138.874336 -255.314535
vt 138.878156 -255.267551
vt 138.912786 -255.469737
vt 138.899603 -255.469737
vt 138.886420 -255.469737
vt 138.893029 -255.449325
vt 138.879846 -255.449325
vt 138.873271 -255.428914
vt 138.883271 -255.204630
vt 138.899209 -255.188692
vt 138.884566 -255.188692
vt 138.900504 -255.172754
vt 138.885862 -255.172754
vt 138.901800 -255.156816
vt 138.887157 -255.156816
vt 138.915146 -255.172754
vt 138.916442 -255.156816
vt 138.931084 -255.156816
vt 139.279060 -255.406816
vt 139.195727 -255.406816
vt 139.112393 -255.406816
vt 139.029060 -255.406816
vt 139.279060 -255.323482
vt 139.195727 -255.323482
vt 139.112393 -255.323482
vt 139.279060 -255.240149
vt 139.195727 -255.240149
vt 139.279060 -255.156816
vt 139.195727 -255.156816
vt 139.112393 -255.240149
vt 139.029060 -255.323482
vt 139.112393 -255.156816
vt 139.029060 -255.240149
vt 139.029060 -255.156816
vt 139.612393 -255.406816
vt 139.529060 -255.406816
vt 139.445727 -255.406816
vt 139.362393 -255.406816
vt 139.612393 -255.323482
vt 139.529060 -255.323482
vt 139.445727 -255.323482
vt 139.612393 -255.240149
vt 139.529060 -255.240149
vt 139.612393 -255.156816
vt 139.529060 -255.156816
vt 139.445727 -255.240149
vt 139.362393 -255.323482
vt 139.445727 -255.156816
vt 139.362393 -255.240149
vt 139.362393 -255.156816
vt 139.945727 -255.406816
vt 139.862393 -255.406816
vt 139.779060 -255.406816
vt 139.695727 -255.406816
vt 139.945727 -255.323482
vt 139.862393 -255.323482
vt 139.779060 -255.323482
vt 139.945727 -255.240149
vt 139.862393 -255.240149
vt 139.945727 -255.156816
vt 139.862393 -255.156816
vt 139.779060 -255.240149
vt 139.695727 -255.323482
vt 139.779060 -255.156816
vt 139.695727 -255.240149
vt 139.695727 -255.156816
vt 140.279060 -255.406816
vt 140.195727 -255.406816
vt 140.112393 -255.406816
vt 140.029060 -255.406816
vt 140.279060 -255.323482
vt 140.195727 -255.323482
vt 140.112393 -255.323482
vt 140.279060 -255.240149
vt 140.195727 -255.240149
vt 140.279060 -255.156816
vt 140.195727 -255.156816
vt 140.112393 -255.240149
vt 140.029060 -255.323482
vt 140.112393 -255.156816
vt 140.029060 -255.240149
vt 140.029060 -255.156816
vt 140.362393 -255.457483
vt 140.445727 -255.457483
vt 140.445727 -255.424816
vt 140.529060 -255.424816
vt 140.529060 -255.392150
vt 140.612393 -255.392150
vt 140.612393 -255.359484
vt 140.529060 -255.457483
vt 140.612393 -255.424816
vt 140.612393 -255.457483
vt 140.357755 -255.454272
vt 140.441089 -255.421606
vt 140.436451 -255.418395
vt 140.519784 -255.385729
vt 140.515146 -255.382518
vt 140.598480 -255.349852
vt 140.593842 -255.346642
vt 140.524422 -255.388939
vt 140.603118 -255.353063
vt 140.607755 -255.356273
vt 140.342431 -255.426778
vt 140.421127 -255.390901
vt 140.405803 -255.363406
vt 140.484499 -255.327529
vt 140.469175 -255.300035
vt 140.547870 -255.264158
vt 140.532546 -255.236663
vt 140.499822 -255.355024
vt 140.563194 -255.291652
vt 140.578518 -255.319147
vt 140.342431 -255.176778
vt 140.342431 -255.260111
vt 140.405803 -255.196739
vt 140.405803 -255.280073
vt 140.469175 -255.216701
vt 140.342431 -255.343444
vt 140.339875 -255.172191
vt 140.403247 -255.192153
vt 140.400690 -255.187566
vt 140.464062 -255.207528
vt 140.461505 -255.202941
vt 140.524877 -255.222903
vt 140.522321 -255.218316
vt 140.466618 -255.212115
vt 140.527433 -255.227490
vt 140.529990 -255.232076
vt 140.331317 -255.156816
vt 140.392132 -255.172191
vt 140.383573 -255.156816
vt 140.444388 -255.172191
vt 140.435830 -255.156816
vt 140.496645 -255.172191
vt 140.488086 -255.156816
vt 140.452947 -255.187566
vt 140.505204 -255.187566
vt 140.513762 -255.202941
vt 140.638006 -255.475213
vt 140.685195 -255.475213
vt 140.663618 -255.460276
vt 140.710807 -255.460276
vt 140.689230 -255.445339
vt 140.736419 -255.445339
vt 140.714842 -255.430403
vt 140.732384 -255.475213
vt 140.757996 -255.460276
vt 140.779574 -255.475213
vt 140.631697 -255.470845
vt 140.657309 -255.455909
vt 140.651001 -255.451542
vt 140.676613 -255.436605
vt 140.670304 -255.432238
vt 140.695916 -255.417302
vt 140.689608 -255.412935
vt 140.682921 -255.440972
vt 140.702225 -255.421669
vt 140.708534 -255.426036
vt 140.631697 -255.372846
vt 140.631697 -255.405513
vt 140.651001 -255.386209
vt 140.651001 -255.418875
vt 140.670304 -255.399572
vt 140.631697 -255.438179
vt 138.901800 -255.115758
vt 138.916442 -255.115758
vt 138.916442 -255.074700
vt 138.931084 -255.074700
vt 138.931084 -255.033643
vt 138.945727 -255.033643
vt 138.945727 -254.992585
vt 138.931084 -255.115758
vt 138.945727 -255.074700
vt 138.945727 -255.115758
vt 138.888365 -255.141958
vt 138.903008 -255.100900
vt 138.889573 -255.127100
vt 138.904215 -255.086042
vt 138.890781 -255.112242
vt 138.905423 -255.071184
vt 138.891989 -255.097383
vt 138.917650 -255.059842
vt 138.918858 -255.044984
vt 138.932292 -255.018785
vt 139.279060 -255.073482
vt 139.195727 -255.073482
vt 139.112393 -255.073482
vt 139.029060 -255.073482
vt 139.279060 -254.990149
vt 139.195727 -254.990149
vt 139.112393 -254.990149
vt 139.279060 -254.906816
vt 139.195727 -254.906816
vt 139.279060 -254.823482
vt 138.967404 -255.073482
vt 139.050738 -254.990149
vt 138.989082 -254.990149
vt 139.072416 -254.906816
vt 139.010760 -254.906816
vt 139.094093 -254.823482
vt 139.032438 -254.823482
vt 139.134071 -254.906816
vt 139.155749 -254.823482
vt 139.217404 -254.823482
vt 138.967404 -255.032425
vt 138.967404 -254.991367
vt 138.967404 -254.950309
vt 138.989082 -254.949091
vt 138.989082 -254.908034
vt 139.010760 -254.865758
vt 139.612393 -255.073482
vt 139.529060 -255.073482
vt 139.445727 -255.073482
vt 139.362393 -255.073482
vt 139.612393 -254.990149
vt 139.529060 -254.990149
vt 139.445727 -254.990149
vt 139.612393 -254.906816
vt 139.529060 -254.906816
vt 139.612393 -254.823482
vt 139.529060 -254.823482
vt 139.445727 -254.906816
vt 139.362393 -254.990149
vt 139.445727 -254.823482
vt 139.362393 -254.906816
vt 139.362393 -254.823482
vt 139.945727 -255.073482
vt 139.862393 -255.073482
vt 139.779060 -255.073482
vt 139.695727 -255.073482
vt 139.945727 -254.990149
vt 139.862393 -254.990149
vt 139.779060 -254.990149
vt 139.945727 -254.906816
vt 139.862393 -254.906816
vt 139.945727 -254.823482
vt 139.862393 -254.823482
vt 139.779060 -254.906816
vt 139.695727 -254.990149
vt 139.779060 -254.823482
vt 139.695727 -254.906816
vt 139.695727 -254.823482
vt 140.029060 -255.075535
vt 140.112393 -255.075535
vt 140.112393 -254.994254
vt 140.195727 -254.994254
vt 140.195727 -254.912973
vt 140.279060 -254.912973
vt 140.279060 -254.831693
vt 140.195727 -255.075535
vt 140.279060 -254.994254
vt 140.279060 -255.075535
vt 140.028117 -255.074425
vt 140.111450 -254.993144
vt 140.110508 -254.992035
vt 140.193841 -254.910754
vt 140.192898 -254.909644
vt 140.276231 -254.828363
vt 140.275289 -254.827254
vt 140.194784 -254.911864
vt 140.277174 -254.829473
vt 140.278117 -254.830583
vt 140.028117 -254.824425
vt 140.028117 -254.907759
vt 140.110508 -254.825368
vt 140.110508 -254.908701
vt 140.192898 -254.826311
vt 140.028117 -254.991092
vt 140.027316 -254.823482
vt 140.109707 -254.824425
vt 140.108905 -254.823482
vt 140.191296 -254.824425
vt 140.190495 -254.823482
vt 140.272885 -254.824425
vt 140.272084 -254.823482
vt 140.192097 -254.825368
vt 140.273686 -254.825368
vt 140.274488 -254.826311
vt 140.413340 -255.022536
vt 140.379770 -255.056106
vt 140.432026 -255.056106
vt 140.398456 -255.089676
vt 140.450713 -255.089676
vt 140.417143 -255.123246
vt 140.469400 -255.123246
vt 140.346200 -255.089676
vt 140.364886 -255.123246
vt 140.312630 -255.123246
vt 140.312630 -254.879403
vt 140.312630 -254.960684
vt 140.346200 -254.927114
vt 140.346200 -255.008395
vt 140.379770 -254.974825
vt 140.312630 -255.041965
vt 140.299393 -254.855624
vt 140.332963 -254.903335
vt 140.319726 -254.879555
vt 140.353296 -254.927266
vt 140.340059 -254.903487
vt 140.373629 -254.951198
vt 140.360392 -254.927418
vt 140.366533 -254.951046
vt 140.386866 -254.974977
vt 140.400103 -254.998757
vt 139.094093 -254.771446
vt 139.155749 -254.771446
vt 139.155749 -254.719410
vt 139.217404 -254.719410
vt 139.217404 -254.667373
vt 139.279060 -254.667373
vt 139.279060 -254.615337
vt 139.217404 -254.771446
vt 139.279060 -254.719410
vt 139.279060 -254.771446
vt 139.092401 -254.771991
vt 139.154057 -254.719955
vt 139.152365 -254.720499
vt 139.214021 -254.668463
vt 139.212329 -254.669008
vt 139.273984 -254.616972
vt 139.272293 -254.617516
vt 139.215713 -254.667918
vt 139.275676 -254.616427
vt 139.277368 -254.615882
vt 139.032932 -254.822518
vt 139.092896 -254.771027
vt 139.033426 -254.821554
vt 139.093390 -254.770063
vt 139.033921 -254.820590
vt 139.093884 -254.769099
vt 139.034415 -254.819626
vt 139.152860 -254.719535
vt 139.153354 -254.718571
vt 139.212823 -254.668044
vt 139.362393 -254.748941
vt 139.445727 -254.748941
vt 139.445727 -254.674400
vt 139.529060 -254.674400
vt 139.529060 -254.599859
vt 139.612393 -254.599859
vt 139.612393 -254.525318
vt 139.529060 -254.748941
vt 139.612393 -254.674400
vt 139.612393 -254.748941
vt 139.354262 -254.748280
vt 139.437596 -254.673739
vt 139.429464 -254.673078
vt 139.512798 -254.598537
vt 139.504667 -254.597876
vt 139.588000 -254.523335
vt 139.579869 -254.522674
vt 139.520929 -254.599198
vt 139.596131 -254.523996
vt 139.604262 -254.524657
vt 139.354262 -254.592171
vt 139.354262 -254.644207
vt 139.429464 -254.569005
vt 139.429464 -254.621042
vt 139.504667 -254.545839
vt 139.354262 -254.696244
vt 139.351647 -254.591958
vt 139.426849 -254.568793
vt 139.424234 -254.568580
vt 139.499436 -254.545414
vt 139.496820 -254.545202
vt 139.572023 -254.522036
vt 139.569407 -254.521823
vt 139.502051 -254.545627
vt 139.574638 -254.522248
vt 139.577253 -254.522461
vt 139.695727 -254.762749
vt 139.779060 -254.762749
vt 139.779060 -254.702015
vt 139.862393 -254.702015
vt 139.862393 -254.641282
vt 139.945727 -254.641282
vt 139.945727 -254.580548
vt 139.862393 -254.762749
vt 139.945727 -254.702015
vt 139.945727 -254.762749
vt 139.680787 -254.755088
vt 139.764121 -254.694355
vt 139.749181 -254.686694
vt 139.832515 -254.625961
vt 139.817575 -254.618300
vt 139.900909 -254.557567
vt 139.885969 -254.549906
vt 139.847454 -254.633621
vt 139.915848 -254.565227
vt 139.930787 -254.572888
vt 139.680787 -254.531465
vt 139.680787 -254.606006
vt 139.749181 -254.537612
vt 139.749181 -254.612153
vt 139.817575 -254.543759
vt 139.680787 -254.680547
vt 139.679426 -254.530767
vt 139.747820 -254.536914
vt 139.746459 -254.536216
vt 139.814853 -254.542363
vt 139.813492 -254.541665
vt 139.881886 -254.547813
vt 139.880525 -254.547115
vt 139.816214 -254.543061
vt 139.883247 -254.548510
vt 139.884608 -254.549208
vt 140.106315 -254.662894
vt 140.066168 -254.703041
vt 140.147758 -254.703041
vt 140.107610 -254.743188
vt 140.189200 -254.743188
vt 140.149053 -254.783335
vt 140.230642 -254.783335
vt 140.026021 -254.743188
vt 140.067463 -254.783335
vt 139.985874 -254.783335
vt 140.119307 -254.669555
vt 140.160749 -254.709703
vt 140.132299 -254.676217
vt 140.173741 -254.716364
vt 140.145291 -254.682879
vt 140.186733 -254.723026
vt 140.158282 -254.689541
vt 140.202192 -254.749850
vt 140.215183 -254.756512
vt 140.243634 -254.789997
vt 139.985874 -254.601134
vt 139.985874 -254.661868
vt 140.026021 -254.621721
vt 140.026021 -254.682454
vt 140.066168 -254.642307
vt 139.985874 -254.722602
vt 137.279060 -251.185808
vt 137.279060 -251.178560
vt 137.276128 -251.181492
vt 137.276128 -251.174244
vt 137.273195 -251.177176
vt 137.273195 -251.169928
vt 137.270263 -251.172861
vt 137.270263 -251.165613
vt 137.267331 -251.168545
vt 137.279060 -251.171312
vt 137.276128 -251.166996
vt 137.273195 -251.162680
vt 137.279060 -251.164064
vt 137.276128 -251.159748
vt 137.279060 -251.156816
vt 137.265338 -251.165613
vt 137.268271 -251.162680
vt 137.263346 -251.162680
vt 137.266278 -251.159748
vt 137.261354 -251.159748
vt 137.264286 -251.156816
vt 137.259361 -251.156816
vt 137.271203 -251.159748
vt 137.269211 -251.156816
vt 137.274135 -251.156816
vt 137.612393 -251.422211
vt 137.612393 -251.355862
vt 137.570066 -251.398189
vt 137.570066 -251.331841
vt 137.527739 -251.374168
vt 137.527739 -251.307819
vt 137.485412 -251.350146
vt 137.485412 -251.283798
vt 137.443084 -251.326125
vt 137.612393 -251.289513
vt 137.570066 -251.265492
vt 137.527739 -251.241470
vt 137.612393 -251.223165
vt 137.570066 -251.199143
vt 137.612393 -251.156816
vt 137.604267 -251.420660
vt 137.561940 -251.396638
vt 137.596140 -251.419109
vt 137.553813 -251.395087
vt 137.588014 -251.417558
vt 137.545687 -251.393536
vt 137.579888 -251.416007
vt 137.519612 -251.372617
vt 137.511486 -251.371066
vt 137.477285 -251.348595
vt 137.529060 -251.156816
vt 137.529060 -251.164064
vt 137.445727 -251.164064
vt 137.445727 -251.171312
vt 137.362393 -251.171312
vt 137.362393 -251.178560
vt 137.445727 -251.156816
vt 137.362393 -251.164064
vt 137.362393 -251.156816
vt 137.539048 -251.178764
vt 137.455715 -251.186012
vt 137.465702 -251.200711
vt 137.382369 -251.207959
vt 137.392357 -251.222659
vt 137.309024 -251.229907
vt 137.319012 -251.244607
vt 137.372381 -251.193259
vt 137.299036 -251.215207
vt 137.289048 -251.200507
vt 137.496721 -251.221091
vt 137.454393 -251.263418
vt 137.412066 -251.305745
vt 137.423375 -251.243039
vt 137.381048 -251.285366
vt 137.350030 -251.264986
vt 137.945727 -251.462267
vt 137.945727 -251.385904
vt 137.876656 -251.454975
vt 137.876656 -251.378612
vt 137.807585 -251.447683
vt 137.807585 -251.371320
vt 137.738514 -251.440391
vt 137.738514 -251.364028
vt 137.669443 -251.433099
vt 137.945727 -251.309541
vt 137.876656 -251.302249
vt 137.807585 -251.294958
vt 137.945727 -251.233179
vt 137.876656 -251.225887
vt 137.945727 -251.156816
vt 137.930919 -251.465332
vt 137.861848 -251.458040
vt 137.916112 -251.468397
vt 137.847041 -251.461105
vt 137.901305 -251.471462
vt 137.832234 -251.464170
vt 137.886498 -251.474527
vt 137.792778 -251.450748
vt 137.777970 -251.453813
vt 137.723707 -251.443456
vt 137.862393 -251.156816
vt 137.862393 -251.223165
vt 137.779060 -251.223165
vt 137.779060 -251.289513
vt 137.695727 -251.289513
vt 137.695727 -251.355862
vt 137.779060 -251.156816
vt 137.695727 -251.223165
vt 137.695727 -251.156816
vt 137.793322 -251.292235
vt 137.724251 -251.361306
vt 137.655181 -251.430377
vt 137.709989 -251.358584
vt 137.640918 -251.427655
vt 137.626656 -251.424933
vt 138.279060 -251.352214
vt 138.279060 -251.303365
vt 138.204517 -251.377908
vt 138.204517 -251.329058
vt 138.129973 -251.403602
vt 138.129973 -251.354752
vt 138.055430 -251.429295
vt 138.055430 -251.380446
vt 137.980887 -251.454989
vt 138.279060 -251.254515
vt 138.204517 -251.280209
vt 138.129973 -251.305902
vt 138.279060 -251.205665
vt 138.204517 -251.231359
vt 138.279060 -251.156816
vt 138.257336 -251.366975
vt 138.182792 -251.392669
vt 138.235611 -251.381736
vt 138.161068 -251.407430
vt 138.213887 -251.396497
vt 138.139344 -251.422190
vt 138.192163 -251.411257
vt 138.108249 -251.418363
vt 138.086525 -251.433123
vt 138.033706 -251.444056
vt 138.195727 -251.156816
vt 138.195727 -251.233179
vt 138.112393 -251.233179
vt 138.112393 -251.309541
vt 138.029060 -251.309541
vt 138.029060 -251.385904
vt 138.112393 -251.156816
vt 138.029060 -251.233179
vt 138.029060 -251.156816
vt 138.121183 -251.307722
vt 138.046640 -251.382265
vt 137.972097 -251.456809
vt 138.037850 -251.384085
vt 137.963307 -251.458628
vt 137.954517 -251.460447
vt 138.502263 -251.156816
vt 138.446462 -251.156816
vt 138.446462 -251.205665
vt 138.390661 -251.205665
vt 138.390661 -251.254515
vt 138.334861 -251.254515
vt 138.334861 -251.303365
vt 138.390661 -251.156816
vt 138.334861 -251.205665
vt 138.334861 -251.156816
vt 138.489284 -251.176570
vt 138.433484 -251.225419
vt 138.476306 -251.196323
vt 138.420505 -251.245173
vt 138.463327 -251.216077
vt 138.407526 -251.264927
vt 138.450348 -251.235831
vt 138.377683 -251.274269
vt 138.364704 -251.294023
vt 138.321882 -251.323119
vt 137.279060 -251.073482
vt 137.244014 -251.108529
vt 137.244014 -251.025195
vt 137.208968 -251.060241
vt 137.208968 -250.976908
vt 137.173922 -251.011954
vt 137.173922 -250.928621
vt 137.138876 -250.963667
vt 137.279060 -250.990149
vt 137.244014 -250.941862
vt 137.208968 -250.893575
vt 137.279060 -250.906816
vt 137.244014 -250.858529
vt 137.279060 -250.823482
vt 137.245191 -251.114217
vt 137.210145 -251.065930
vt 137.211323 -251.071619
vt 137.176277 -251.023331
vt 137.177454 -251.029020
vt 137.142408 -250.980733
vt 137.143585 -250.986421
vt 137.175099 -251.017643
vt 137.141231 -250.975044
vt 137.140053 -250.969355
vt 137.240267 -251.114217
vt 137.235342 -251.114217
vt 137.230417 -251.114217
vt 137.206398 -251.071619
vt 137.201473 -251.071619
vt 137.172529 -251.029020
vt 137.131621 -250.928621
vt 137.166668 -250.893575
vt 137.124367 -250.893575
vt 137.159413 -250.858529
vt 137.117113 -250.858529
vt 137.152159 -250.823482
vt 137.109859 -250.823482
vt 137.201714 -250.858529
vt 137.194459 -250.823482
vt 137.236760 -250.823482
vt 137.612393 -251.073482
vt 137.529060 -251.073482
vt 137.445727 -251.073482
vt 137.362393 -251.073482
vt 137.612393 -250.990149
vt 137.529060 -250.990149
vt 137.445727 -250.990149
vt 137.612393 -250.906816
vt 137.529060 -250.906816
vt 137.612393 -250.823482
vt 137.529060 -250.823482
vt 137.445727 -250.906816
vt 137.362393 -250.990149
vt 137.445727 -250.823482
vt 137.362393 -250.906816
vt 137.362393 -250.823482
vt 137.945727 -251.073482
vt 137.862393 -251.073482
vt 137.779060 -251.073482
vt 137.695727 -251.073482
vt 137.945727 -250.990149
vt 137.862393 -250.990149
vt 137.779060 -250.990149
vt 137.945727 -250.906816
vt 137.862393 -250.906816
vt 137.945727 -250.823482
vt 137.862393 -250.823482
vt 137.779060 -250.906816
vt 137.695727 -250.990149
vt 137.779060 -250.823482
vt 137.695727 -250.906816
vt 137.695727 -250.823482
vt 138.279060 -251.073482
vt 138.195727 -251.073482
vt 138.112393 -251.073482
vt 138.029060 -251.073482
vt 138.279060 -250.990149
vt 138.195727 -250.990149
vt 138.112393 -250.990149
vt 138.279060 -250.906816
vt 138.195727 -250.906816
vt 138.279060 -250.823482
vt 138.195727 -250.823482
vt 138.112393 -250.906816
vt 138.029060 -250.990149
vt 138.112393 -250.823482
vt 138.029060 -250.906816
vt 138.029060 -250.823482
vt 138.612393 -250.823482
vt 138.529060 -250.906816
vt 138.584861 -250.906816
vt 138.501527 -250.990149
vt 138.557328 -250.990149
vt 138.473995 -251.073482
vt 138.529795 -251.073482
vt 138.445727 -250.990149
vt 138.418194 -251.073482
vt 138.362393 -251.073482
vt 138.612393 -250.864910
vt 138.584861 -250.948244
vt 138.612393 -250.906338
vt 138.584861 -250.989671
vt 138.612393 -250.947766
vt 138.584861 -251.031099
vt 138.612393 -250.989194
vt 138.557328 -251.031577
vt 138.557328 -251.073005
vt 138.529795 -251.114910
vt 138.529060 -250.823482
vt 138.445727 -250.906816
vt 138.362393 -250.990149
vt 138.445727 -250.823482
vt 138.362393 -250.906816
vt 138.362393 -250.823482
vt 138.650658 -250.823482
vt 138.641092 -250.823482
vt 138.641092 -250.864910
vt 138.631526 -250.864910
vt 138.631526 -250.906338
vt 138.621960 -250.906338
vt 138.621960 -250.947766
vt 138.631526 -250.823482
vt 138.621960 -250.864910
vt 138.621960 -250.823482
vt 138.643431 -250.861351
vt 138.633865 -250.902778
vt 138.636203 -250.899219
vt 138.626637 -250.940647
vt 138.628976 -250.937087
vt 138.619410 -250.978515
vt 138.621748 -250.974955
vt 138.624298 -250.944206
vt 138.617071 -250.982074
vt 138.614732 -250.985634
vt 137.279060 -250.740149
vt 137.229723 -250.789486
vt 137.229723 -250.706153
vt 137.180386 -250.755490
vt 137.180386 -250.672157
vt 137.131049 -250.721494
vt 137.131049 -250.638160
vt 137.081712 -250.687497
vt 137.279060 -250.656816
vt 137.229723 -250.622820
vt 137.180386 -250.588823
vt 137.279060 -250.573482
vt 137.229723 -250.539486
vt 137.279060 -250.490149
vt 137.187423 -250.789486
vt 137.145122 -250.789486
vt 137.102822 -250.789486
vt 137.138086 -250.755490
vt 137.095785 -250.755490
vt 137.088748 -250.721494
vt 137.080993 -250.638160
vt 137.130330 -250.588823
vt 137.080275 -250.588823
vt 137.129612 -250.539486
vt 137.079556 -250.539486
vt 137.128893 -250.490149
vt 137.078838 -250.490149
vt 137.179667 -250.539486
vt 137.178949 -250.490149
vt 137.229004 -250.490149
vt 137.081363 -250.685812
vt 137.080644 -250.636475
vt 137.081014 -250.684127
vt 137.080295 -250.634790
vt 137.080665 -250.682441
vt 137.079947 -250.633104
vt 137.080316 -250.680756
vt 137.079926 -250.587138
vt 137.079577 -250.585453
vt 137.079207 -250.537801
vt 137.612393 -250.740149
vt 137.529060 -250.740149
vt 137.445727 -250.740149
vt 137.362393 -250.740149
vt 137.612393 -250.656816
vt 137.529060 -250.656816
vt 137.445727 -250.656816
vt 137.612393 -250.573482
vt 137.529060 -250.573482
vt 137.612393 -250.490149
vt 137.529060 -250.490149
vt 137.445727 -250.573482
vt 137.362393 -250.656816
vt 137.445727 -250.490149
vt 137.362393 -250.573482
vt 137.362393 -250.490149
vt 137.945727 -250.740149
vt 137.862393 -250.740149
vt 137.779060 -250.740149
vt 137.695727 -250.740149
vt 137.945727 -250.656816
vt 137.862393 -250.656816
vt 137.779060 -250.656816
vt 137.945727 -250.573482
vt 137.862393 -250.573482
vt 137.945727 -250.490149
vt 137.862393 -250.490149
vt 137.779060 -250.573482
vt 137.695727 -250.656816
vt 137.779060 -250.490149
vt 137.695727 -250.573482
vt 137.695727 -250.490149
vt 138.279060 -250.740149
vt 138.195727 -250.740149
vt 138.112393 -250.740149
vt 138.029060 -250.740149
vt 138.279060 -250.656816
vt 138.195727 -250.656816
vt 138.112393 -250.656816
vt 138.279060 -250.573482
vt 138.195727 -250.573482
vt 138.279060 -250.490149
vt 138.195727 -250.490149
vt 138.112393 -250.573482
vt 138.029060 -250.656816
vt 138.112393 -250.490149
vt 138.029060 -250.573482
vt 138.029060 -250.490149
vt 138.612393 -250.740149
vt 138.529060 -250.740149
vt 138.445727 -250.740149
vt 138.362393 -250.740149
vt 138.612393 -250.656816
vt 138.529060 -250.656816
vt 138.445727 -250.656816
vt 138.612393 -250.573482
vt 138.529060 -250.573482
vt 138.612393 -250.490149
vt 138.529060 -250.490149
vt 138.445727 -250.573482
vt 138.362393 -250.656816
vt 138.445727 -250.490149
vt 138.362393 -250.573482
vt 138.362393 -250.490149
vt 138.659685 -250.776191
vt 138.647862 -250.788014
vt 138.657428 -250.788014
vt 138.645605 -250.799837
vt 138.655171 -250.799837
vt 138.643349 -250.811660
vt 138.652915 -250.811660
vt 138.636039 -250.799837
vt 138.633782 -250.811660
vt 138.624216 -250.811660
vt 138.624216 -250.561660
vt 138.624216 -250.644993
vt 138.636039 -250.633170
vt 138.636039 -250.716504
vt 138.647862 -250.704681
vt 138.624216 -250.728326
vt 138.629362 -250.534698
vt 138.641185 -250.606209
vt 138.646331 -250.579247
vt 138.658153 -250.650758
vt 138.663299 -250.623796
vt 138.675122 -250.695307
vt 138.680268 -250.668345
vt 138.653008 -250.677719
vt 138.669976 -250.722268
vt 138.664830 -250.749230
vt 138.629016 -250.490149
vt 138.645985 -250.534698
vt 138.645640 -250.490149
vt 138.662608 -250.534698
vt 138.662263 -250.490149
vt 138.679231 -250.534698
vt 138.678886 -250.490149
vt 138.662954 -250.579247
vt 138.679577 -250.579247
vt 138.679923 -250.623796
vt 137.279060 -250.406816
vt 137.228748 -250.457128
vt 137.228748 -250.373794
vt 137.178437 -250.424106
vt 137.178437 -250.340773
vt 137.128125 -250.391084
vt 137.128125 -250.307751
vt 137.077813 -250.358063
vt 137.279060 -250.323482
vt 137.228748 -250.290461
vt 137.178437 -250.257439
vt 137.279060 -250.240149
vt 137.228748 -250.207128
vt 137.279060 -250.156816
vt 137.178693 -250.457128
vt 137.128637 -250.457128
vt 137.078582 -250.457128
vt 137.128381 -250.424106
vt 137.078325 -250.424106
vt 137.078069 -250.391084
vt 137.228358 -250.156816
vt 137.228730 -250.204727
vt 137.178028 -250.204727
vt 137.178399 -250.252638
vt 137.127697 -250.252638
vt 137.128069 -250.300549
vt 137.077367 -250.300549
vt 137.077739 -250.348460
vt 137.177656 -250.156816
vt 137.127326 -250.204727
vt 137.076995 -250.252638
vt 137.126954 -250.156816
vt 137.076624 -250.204727
vt 137.076252 -250.156816
vt 137.178418 -250.255039
vt 137.128106 -250.305350
vt 137.077794 -250.355662
vt 137.128088 -250.302950
vt 137.077776 -250.353261
vt 137.077757 -250.350861
vt 137.612393 -250.406816
vt 137.529060 -250.406816
vt 137.445727 -250.406816
vt 137.362393 -250.406816
vt 137.612393 -250.323482
vt 137.529060 -250.323482
vt 137.445727 -250.323482
vt 137.612393 -250.240149
vt 137.529060 -250.240149
vt 137.612393 -250.156816
vt 137.529060 -250.156816
vt 137.445727 -250.240149
vt 137.362393 -250.323482
vt 137.445727 -250.156816
vt 137.362393 -250.240149
vt 137.362393 -250.156816
vt 137.945727 -250.406816
vt 137.862393 -250.406816
vt 137.779060 -250.406816
vt 137.695727 -250.406816
vt 137.945727 -250.323482
vt 137.862393 -250.323482
vt 137.779060 -250.323482
vt 137.945727 -250.240149
vt 137.862393 -250.240149
vt 137.945727 -250.156816
vt 137.862393 -250.156816
vt 137.779060 -250.240149
vt 137.695727 -250.323482
vt 137.779060 -250.156816
vt 137.695727 -250.240149
vt 137.695727 -250.156816
vt 138.279060 -250.406816
vt 138.195727 -250.406816
vt 138.112393 -250.406816
vt 138.029060 -250.406816
vt 138.279060 -250.323482
vt 138.195727 -250.323482
vt 138.112393 -250.323482
vt 138.279060 -250.240149
vt 138.195727 -250.240149
vt 138.279060 -250.156816
vt 138.195727 -250.156816
vt 138.112393 -250.240149
vt 138.029060 -250.323482
vt 138.112393 -250.156816
vt 138.029060 -250.240149
vt 138.029060 -250.156816
vt 138.612393 -250.406816
vt 138.529060 -250.406816
vt 138.445727 -250.406816
vt 138.362393 -250.406816
vt 138.612393 -250.323482
vt 138.529060 -250.323482
vt 138.445727 -250.323482
vt 138.612393 -250.240149
vt 138.529060 -250.240149
vt 138.612393 -250.156816
vt 138.529060 -250.156816
vt 138.445727 -250.240149
vt 138.362393 -250.323482
vt 138.445727 -250.156816
vt 138.362393 -250.240149
vt 138.362393 -250.156816
vt 138.678374 -250.424168
vt 138.661879 -250.440664
vt 138.678502 -250.440664
vt 138.662007 -250.457159
vt 138.678630 -250.457159
vt 138.662135 -250.473654
vt 138.678758 -250.473654
vt 138.645384 -250.457159
vt 138.645512 -250.473654
vt 138.628888 -250.473654
vt 138.628888 -250.223654
vt 138.628888 -250.306987
vt 138.645384 -250.290492
vt 138.645384 -250.373825
vt 138.661879 -250.357330
vt 138.628888 -250.390321
vt 138.628718 -250.201624
vt 138.645213 -250.268462
vt 138.645042 -250.246432
vt 138.661537 -250.313271
vt 138.661366 -250.291241
vt 138.677861 -250.358079
vt 138.677690 -250.336049
vt 138.661708 -250.335300
vt 138.678032 -250.380109
vt 138.678203 -250.402139
vt 138.628370 -250.156816
vt 138.644694 -250.201624
vt 138.644347 -250.156816
vt 138.660671 -250.201624
vt 138.660323 -250.156816
vt 138.676648 -250.201624
vt 138.676300 -250.156816
vt 138.661019 -250.246432
vt 138.676995 -250.246432
vt 138.677343 -250.291241
vt 137.279060 -250.073482
vt 137.228107 -250.124436
vt 137.228107 -250.041102
vt 137.177154 -250.092055
vt 137.177154 -250.008722
vt 137.126200 -250.059675
vt 137.126200 -249.976342
vt 137.075247 -250.027295
vt 137.279060 -249.990149
vt 137.228107 -249.957769
vt 137.177154 -249.925389
vt 137.279060 -249.906816
vt 137.228107 -249.874436
vt 137.279060 -249.823482
vt 137.177405 -250.124436
vt 137.126703 -250.124436
vt 137.076001 -250.124436
vt 137.126452 -250.092055
vt 137.075750 -250.092055
vt 137.075498 -250.059675
vt 137.074852 -249.976342
vt 137.125805 -249.925389
vt 137.074457 -249.925389
vt 137.125410 -249.874436
vt 137.074062 -249.874436
vt 137.125015 -249.823482
vt 137.073666 -249.823482
vt 137.176758 -249.874436
vt 137.176363 -249.823482
vt 137.227712 -249.823482
vt 137.612393 -250.073482
vt 137.529060 -250.073482
vt 137.445727 -250.073482
vt 137.362393 -250.073482
vt 137.612393 -249.990149
vt 137.529060 -249.990149
vt 137.445727 -249.990149
vt 137.612393 -249.906816
vt 137.529060 -249.906816
vt 137.612393 -249.823482
vt 137.529060 -249.823482
vt 137.445727 -249.906816
vt 137.362393 -249.990149
vt 137.445727 -249.823482
vt 137.362393 -249.906816
vt 137.362393 -249.823482
vt 137.945727 -250.073482
vt 137.862393 -250.073482
vt 137.779060 -250.073482
vt 137.695727 -250.073482
vt 137.945727 -249.990149
vt 137.862393 -249.990149
vt 137.779060 -249.990149
vt 137.945727 -249.906816
vt 137.862393 -249.906816
vt 137.945727 -249.823482
vt 137.862393 -249.823482
vt 137.779060 -249.906816
vt 137.695727 -249.990149
vt 137.779060 -249.823482
vt 137.695727 -249.906816
vt 137.695727 -249.823482
vt 138.279060 -250.073482
vt 138.195727 -250.073482
vt 138.112393 -250.073482
vt 138.029060 -250.073482
vt 138.279060 -249.990149
vt 138.195727 -249.990149
vt 138.112393 -249.990149
vt 138.279060 -249.906816
vt 138.195727 -249.906816
vt 138.279060 -249.823482
vt 138.195727 -249.823482
vt 138.112393 -249.906816
vt 138.029060 -249.990149
vt 138.112393 -249.823482
vt 138.029060 -249.906816
vt 138.029060 -249.823482
vt 138.612393 -250.073482
vt 138.529060 -250.073482
vt 138.445727 -250.073482
vt 138.362393 -250.073482
vt 138.612393 -249.990149
vt 138.529060 -249.990149
vt 138.445727 -249.990149
vt 138.612393 -249.906816
vt 138.529060 -249.906816
vt 138.612393 -249.823482
vt 138.529060 -249.823482
vt 138.445727 -249.906816
vt 138.362393 -249.990149
vt 138.445727 -249.823482
vt 138.362393 -249.906816
vt 138.362393 -249.823482
vt 138.675808 -250.093401
vt 138.659954 -250.109255
vt 138.675931 -250.109255
vt 138.660077 -250.125108
vt 138.676054 -250.125108
vt 138.660200 -250.140962
vt 138.676177 -250.140962
vt 138.644101 -250.125108
vt 138.644224 -250.140962
vt 138.628247 -250.140962
vt 138.628247 -249.890962
vt 138.628247 -249.974295
vt 138.644101 -249.958442
vt 138.644101 -250.041775
vt 138.659954 -250.025921
vt 138.628247 -250.057629
vt 138.628073 -249.868550
vt 138.643927 -249.936030
vt 138.643753 -249.913618
vt 138.659607 -249.981097
vt 138.659433 -249.958685
vt 138.675287 -250.026165
vt 138.675113 -250.003753
vt 138.659781 -250.003509
vt 138.675461 -250.048577
vt 138.675634 -250.070989
vt 138.627724 -249.823482
vt 138.643403 -249.868550
vt 138.643054 -249.823482
vt 138.658734 -249.868550
vt 138.658384 -249.823482
vt 138.674064 -249.868550
vt 138.673714 -249.823482
vt 138.659083 -249.913618
vt 138.674414 -249.913618
vt 138.674763 -249.958685
vt 137.279060 -249.740149
vt 137.227465 -249.791744
vt 137.227465 -249.708410
vt 137.175871 -249.760005
vt 137.175871 -249.676672
vt 137.124276 -249.728266
vt 137.124276 -249.644933
vt 137.072682 -249.696528
vt 137.279060 -249.656816
vt 137.227465 -249.625077
vt 137.175871 -249.593338
vt 137.279060 -249.573482
vt 137.227465 -249.541744
vt 137.279060 -249.490149
vt 137.176117 -249.791744
vt 137.124769 -249.791744
vt 137.073420 -249.791744
vt 137.124522 -249.760005
vt 137.073174 -249.760005
vt 137.072928 -249.728266
vt 137.078104 -249.644933
vt 137.129699 -249.593338
vt 137.083527 -249.593338
vt 137.135122 -249.541744
vt 137.088950 -249.541744
vt 137.140545 -249.490149
vt 137.094373 -249.490149
vt 137.181294 -249.541744
vt 137.186717 -249.490149
vt 137.232888 -249.490149
vt 137.076741 -249.651570
vt 137.082164 -249.599976
vt 137.080801 -249.606613
vt 137.086224 -249.555019
vt 137.084860 -249.561656
vt 137.090283 -249.510062
vt 137.088920 -249.516699
vt 137.087587 -249.548381
vt 137.091647 -249.503424
vt 137.093010 -249.496787
vt 137.072657 -249.693363
vt 137.076717 -249.648406
vt 137.072632 -249.690198
vt 137.076692 -249.645241
vt 137.072608 -249.687033
vt 137.076667 -249.642076
vt 137.072583 -249.683868
vt 137.080776 -249.603449
vt 137.080752 -249.600284
vt 137.084836 -249.558491
vt 137.612393 -249.740149
vt 137.529060 -249.740149
vt 137.445727 -249.740149
vt 137.362393 -249.740149
vt 137.612393 -249.656816
vt 137.529060 -249.656816
vt 137.445727 -249.656816
vt 137.612393 -249.573482
vt 137.529060 -249.573482
vt 137.612393 -249.490149
vt 137.529060 -249.490149
vt 137.445727 -249.573482
vt 137.362393 -249.656816
vt 137.445727 -249.490149
vt 137.362393 -249.573482
vt 137.362393 -249.490149
vt 137.945727 -249.740149
vt 137.862393 -249.740149
vt 137.779060 -249.740149
vt 137.695727 -249.740149
vt 137.945727 -249.656816
vt 137.862393 -249.656816
vt 137.779060 -249.656816
vt 137.945727 -249.573482
vt 137.862393 -249.573482
vt 137.945727 -249.490149
vt 137.862393 -249.490149
vt 137.779060 -249.573482
vt 137.695727 -249.656816
vt 137.779060 -249.490149
vt 137.695727 -249.573482
vt 137.695727 -249.490149
vt 138.279060 -249.740149
vt 138.195727 -249.740149
vt 138.112393 -249.740149
vt 138.029060 -249.740149
vt 138.279060 -249.656816
vt 138.195727 -249.656816
vt 138.112393 -249.656816
vt 138.279060 -249.573482
vt 138.195727 -249.573482
vt 138.279060 -249.490149
vt 138.195727 -249.490149
vt 138.112393 -249.573482
vt 138.029060 -249.656816
vt 138.112393 -249.490149
vt 138.029060 -249.573482
vt 138.029060 -249.490149
vt 138.612393 -249.740149
vt 138.529060 -249.740149
vt 138.445727 -249.740149
vt 138.362393 -249.740149
vt 138.612393 -249.656816
vt 138.529060 -249.656816
vt 138.445727 -249.656816
vt 138.612393 -249.573482
vt 138.529060 -249.573482
vt 138.612393 -249.490149
vt 138.529060 -249.490149
vt 138.445727 -249.573482
vt 138.362393 -249.656816
vt 138.445727 -249.490149
vt 138.362393 -249.573482
vt 138.362393 -249.490149
vt 138.673242 -249.762633
vt 138.658030 -249.777846
vt 138.673360 -249.777846
vt 138.658148 -249.793058
vt 138.673478 -249.793058
vt 138.658266 -249.808270
vt 138.673596 -249.808270
vt 138.642818 -249.793058
vt 138.642936 -249.808270
vt 138.627606 -249.808270
vt 138.627606 -249.558270
vt 138.627606 -249.641603
vt 138.642818 -249.626391
vt 138.642818 -249.709725
vt 138.658030 -249.694512
vt 138.627606 -249.724937
vt 138.627593 -249.556588
vt 138.642805 -249.624709
vt 138.642792 -249.623026
vt 138.658004 -249.691147
vt 138.657991 -249.689465
vt 138.673203 -249.757586
vt 138.673190 -249.755904
vt 138.658017 -249.692830
vt 138.673216 -249.759268
vt 138.673229 -249.760951
vt 138.639389 -249.499156
vt 138.654589 -249.565595
vt 138.666385 -249.508163
vt 138.681584 -249.574602
vt 138.693381 -249.517170
vt 138.708580 -249.583609
vt 138.720377 -249.526177
vt 138.669788 -249.632033
vt 138.696784 -249.641040
vt 138.684987 -249.698472
vt 138.641529 -249.490149
vt 138.668525 -249.499156
vt 138.670665 -249.490149
vt 138.697661 -249.499156
vt 138.699800 -249.490149
vt 138.726796 -249.499156
vt 138.728936 -249.490149
vt 138.695521 -249.508163
vt 138.724657 -249.508163
vt 138.722517 -249.517170
vt 137.279060 -249.406816
vt 137.242495 -249.443381
vt 137.242495 -249.360048
vt 137.205929 -249.396613
vt 137.205929 -249.313280
vt 137.169364 -249.349845
vt 137.169364 -249.266512
vt 137.132799 -249.303077
vt 137.279060 -249.323482
vt 137.242495 -249.276714
vt 137.205929 -249.229946
vt 137.279060 -249.240149
vt 137.242495 -249.193381
vt 137.279060 -249.156816
vt 137.196323 -249.443381
vt 137.150151 -249.443381
vt 137.103980 -249.443381
vt 137.159758 -249.396613
vt 137.113586 -249.396613
vt 137.123192 -249.349845
vt 137.140498 -249.266512
vt 137.177063 -249.229946
vt 137.148197 -249.229946
vt 137.184762 -249.193381
vt 137.155896 -249.193381
vt 137.192461 -249.156816
vt 137.163594 -249.156816
vt 137.213628 -249.193381
vt 137.221327 -249.156816
vt 137.250194 -249.156816
vt 137.139816 -249.269383
vt 137.147514 -249.232818
vt 137.146832 -249.235690
vt 137.154531 -249.199124
vt 137.153849 -249.201996
vt 137.161548 -249.165431
vt 137.160866 -249.168302
vt 137.155213 -249.196253
vt 137.162230 -249.162559
vt 137.162912 -249.159687
vt 137.138490 -249.275368
vt 137.145507 -249.241674
vt 137.144182 -249.247659
vt 137.151199 -249.213965
vt 137.149874 -249.219950
vt 137.156890 -249.186256
vt 137.155565 -249.192241
vt 137.152524 -249.207981
vt 137.158215 -249.180271
vt 137.159541 -249.174287
vt 137.612393 -249.406816
vt 137.529060 -249.406816
vt 137.445727 -249.406816
vt 137.362393 -249.406816
vt 137.612393 -249.323482
vt 137.529060 -249.323482
vt 137.445727 -249.323482
vt 137.612393 -249.240149
vt 137.529060 -249.240149
vt 137.612393 -249.156816
vt 137.529060 -249.156816
vt 137.445727 -249.240149
vt 137.362393 -249.323482
vt 137.445727 -249.156816
vt 137.362393 -249.240149
vt 137.362393 -249.156816
vt 137.945727 -249.406816
vt 137.862393 -249.406816
vt 137.779060 -249.406816
vt 137.695727 -249.406816
vt 137.945727 -249.323482
vt 137.862393 -249.323482
vt 137.779060 -249.323482
vt 137.945727 -249.240149
vt 137.862393 -249.240149
vt 137.945727 -249.156816
vt 137.862393 -249.156816
vt 137.779060 -249.240149
vt 137.695727 -249.323482
vt 137.779060 -249.156816
vt 137.695727 -249.240149
vt 137.695727 -249.156816
vt 138.279060 -249.406816
vt 138.195727 -249.406816
vt 138.112393 -249.406816
vt 138.029060 -249.406816
vt 138.279060 -249.323482
vt 138.195727 -249.323482
vt 138.112393 -249.323482
vt 138.279060 -249.240149
vt 138.195727 -249.240149
vt 138.279060 -249.156816
vt 138.195727 -249.156816
vt 138.112393 -249.240149
vt 138.029060 -249.323482
vt 138.112393 -249.156816
vt 138.029060 -249.240149
vt 138.029060 -249.156816
vt 138.612393 -249.406816
vt 138.529060 -249.406816
vt 138.445727 -249.406816
vt 138.362393 -249.406816
vt 138.612393 -249.323482
vt 138.529060 -249.323482
vt 138.445727 -249.323482
vt 138.612393 -249.240149
vt 138.529060 -249.240149
vt 138.612393 -249.156816
vt 138.529060 -249.156816
vt 138.445727 -249.240149
vt 138.362393 -249.323482
vt 138.445727 -249.156816
vt 138.362393 -249.240149
vt 138.362393 -249.156816
vt 138.765248 -249.337294
vt 138.727034 -249.375508
vt 138.756170 -249.375508
vt 138.717956 -249.413722
vt 138.747092 -249.413722
vt 138.708878 -249.451935
vt 138.738014 -249.451935
vt 138.688821 -249.413722
vt 138.679743 -249.451935
vt 138.650607 -249.451935
vt 138.650607 -249.201935
vt 138.650607 -249.285269
vt 138.688821 -249.247055
vt 138.688821 -249.330388
vt 138.727034 -249.292175
vt 138.650607 -249.368602
vt 138.657882 -249.171311
vt 138.696096 -249.216431
vt 138.703371 -249.185806
vt 138.741585 -249.230926
vt 138.748860 -249.200302
vt 138.787073 -249.245421
vt 138.794348 -249.214797
vt 138.734309 -249.261550
vt 138.779798 -249.276046
vt 138.772523 -249.306670
vt 138.661326 -249.156816
vt 138.706814 -249.171311
vt 138.710258 -249.156816
vt 138.755747 -249.171311
vt 138.759190 -249.156816
vt 138.804679 -249.171311
vt 138.808122 -249.156816
vt 138.752303 -249.185806
vt 138.801235 -249.185806
vt 138.797792 -249.200302
vt 137.279060 -249.073482
vt 137.267164 -249.085378
vt 137.267164 -249.002045
vt 137.255269 -249.013941
vt 137.255269 -248.930607
vt 137.243373 -248.942503
vt 137.243373 -248.859170
vt 137.231477 -248.871065
vt 137.279060 -248.990149
vt 137.267164 -248.918711
vt 137.255269 -248.847274
vt 137.279060 -248.906816
vt 137.267164 -248.835378
vt 137.279060 -248.823482
vt 137.238298 -249.085378
vt 137.209432 -249.085378
vt 137.180565 -249.085378
vt 137.226402 -249.013941
vt 137.197536 -249.013941
vt 137.214506 -248.942503
vt 137.269990 -248.823482
vt 137.268713 -248.828860
vt 137.259643 -248.828860
vt 137.258365 -248.834238
vt 137.249296 -248.834238
vt 137.248018 -248.839616
vt 137.238948 -248.839616
vt 137.237671 -248.844994
vt 137.260920 -248.823482
vt 137.250573 -248.828860
vt 137.240226 -248.834238
vt 137.251851 -248.823482
vt 137.241503 -248.828860
vt 137.242781 -248.823482
vt 137.256817 -248.840756
vt 137.244921 -248.852652
vt 137.233025 -248.864547
vt 137.246470 -248.846134
vt 137.234574 -248.858030
vt 137.236122 -248.851512
vt 137.612393 -249.073482
vt 137.529060 -249.073482
vt 137.445727 -249.073482
vt 137.362393 -249.073482
vt 137.612393 -248.990149
vt 137.529060 -248.990149
vt 137.445727 -248.990149
vt 137.612393 -248.906816
vt 137.529060 -248.906816
vt 137.612393 -248.823482
vt 137.529060 -248.823482
vt 137.445727 -248.906816
vt 137.362393 -248.990149
vt 137.445727 -248.823482
vt 137.362393 -248.906816
vt 137.362393 -248.823482
vt 137.945727 -249.073482
vt 137.862393 -249.073482
vt 137.779060 -249.073482
vt 137.695727 -249.073482
vt 137.945727 -248.990149
vt 137.862393 -248.990149
vt 137.779060 -248.990149
vt 137.945727 -248.906816
vt 137.862393 -248.906816
vt 137.945727 -248.823482
vt 137.862393 -248.823482
vt 137.779060 -248.906816
vt 137.695727 -248.990149
vt 137.779060 -248.823482
vt 137.695727 -248.906816
vt 137.695727 -248.823482
vt 138.279060 -249.073482
vt 138.195727 -249.073482
vt 138.112393 -249.073482
vt 138.029060 -249.073482
vt 138.279060 -248.990149
vt 138.195727 -248.990149
vt 138.112393 -248.990149
vt 138.279060 -248.906816
vt 138.195727 -248.906816
vt 138.279060 -248.823482
vt 138.195727 -248.823482
vt 138.112393 -248.906816
vt 138.029060 -248.990149
vt 138.112393 -248.823482
vt 138.029060 -248.906816
vt 138.029060 -248.823482
vt 138.612393 -249.073482
vt 138.529060 -249.073482
vt 138.445727 -249.073482
vt 138.362393 -249.073482
vt 138.612393 -248.990149
vt 138.529060 -248.990149
vt 138.445727 -248.990149
vt 138.612393 -248.906816
vt 138.529060 -248.906816
vt 138.612393 -248.823482
vt 138.529060 -248.823482
vt 138.445727 -248.906816
vt 138.362393 -248.990149
vt 138.445727 -248.823482
vt 138.362393 -248.906816
vt 138.362393 -248.823482
vt 138.869107 -248.900102
vt 138.804929 -248.964280
vt 138.853861 -248.964280
vt 138.789682 -249.028459
vt 138.838615 -249.028459
vt 138.774436 -249.092637
vt 138.823369 -249.092637
vt 138.740750 -249.028459
vt 138.725504 -249.092637
vt 138.676572 -249.092637
vt 138.676572 -248.842637
vt 138.676572 -248.925971
vt 138.740750 -248.861792
vt 138.740750 -248.945126
vt 138.804929 -248.880947
vt 138.676572 -249.009304
vt 138.677083 -248.840484
vt 138.741262 -248.859639
vt 138.741773 -248.857486
vt 138.805952 -248.876640
vt 138.806463 -248.874487
vt 138.870642 -248.893642
vt 138.871153 -248.891489
vt 138.805440 -248.878794
vt 138.870130 -248.895795
vt 138.869619 -248.897949
vt 138.678860 -248.823482
vt 138.743550 -248.840484
vt 138.745326 -248.823482
vt 138.810016 -248.840484
vt 138.811793 -248.823482
vt 138.876483 -248.840484
vt 138.878259 -248.823482
vt 138.808240 -248.857486
vt 138.874706 -248.857486
vt 138.872930 -248.874487
vt 137.251851 -248.785303
vt 137.260920 -248.785303
vt 137.260920 -248.747124
vt 137.269990 -248.747124
vt 137.269990 -248.708945
vt 137.279060 -248.708945
vt 137.279060 -248.670766
vt 137.269990 -248.785303
vt 137.279060 -248.747124
vt 137.279060 -248.785303
vt 137.612393 -248.740149
vt 137.529060 -248.740149
vt 137.445727 -248.740149
vt 137.362393 -248.740149
vt 137.612393 -248.656816
vt 137.529060 -248.656816
vt 137.445727 -248.656816
vt 137.612393 -248.573482
vt 137.529060 -248.573482
vt 137.612393 -248.490149
vt 137.531082 -248.490149
vt 137.531912 -248.523300
vt 137.450600 -248.523300
vt 137.451430 -248.556451
vt 137.370118 -248.556451
vt 137.370948 -248.589601
vt 137.289637 -248.589601
vt 137.290466 -248.622752
vt 137.449771 -248.490149
vt 137.369289 -248.523300
vt 137.288807 -248.556451
vt 137.368459 -248.490149
vt 137.287978 -248.523300
vt 137.287148 -248.490149
vt 137.529060 -248.535303
vt 137.448578 -248.568454
vt 137.445727 -248.580458
vt 137.365245 -248.613609
vt 137.362393 -248.625612
vt 137.281912 -248.658763
vt 137.368096 -248.601605
vt 137.284763 -248.646759
vt 137.287615 -248.634756
vt 137.445727 -248.618637
vt 137.362393 -248.701970
vt 137.362393 -248.663791
vt 137.945727 -248.740149
vt 137.862393 -248.740149
vt 137.779060 -248.740149
vt 137.695727 -248.740149
vt 137.945727 -248.656816
vt 137.862393 -248.656816
vt 137.779060 -248.656816
vt 137.945727 -248.573482
vt 137.862393 -248.573482
vt 137.945727 -248.490149
vt 137.862393 -248.490149
vt 137.779060 -248.573482
vt 137.695727 -248.656816
vt 137.779060 -248.490149
vt 137.695727 -248.573482
vt 137.695727 -248.490149
vt 138.279060 -248.740149
vt 138.195727 -248.740149
vt 138.112393 -248.740149
vt 138.029060 -248.740149
vt 138.279060 -248.656816
vt 138.195727 -248.656816
vt 138.112393 -248.656816
vt 138.279060 -248.573482
vt 138.195727 -248.573482
vt 138.279060 -248.490149
vt 138.195727 -248.490149
vt 138.112393 -248.573482
vt 138.029060 -248.656816
vt 138.112393 -248.490149
vt 138.029060 -248.573482
vt 138.029060 -248.490149
vt 138.612393 -248.740149
vt 138.529060 -248.740149
vt 138.445727 -248.740149
vt 138.362393 -248.740149
vt 138.612393 -248.656816
vt 138.529060 -248.656816
vt 138.445727 -248.656816
vt 138.612393 -248.573482
vt 138.529060 -248.573482
vt 138.612393 -248.490149
vt 138.529060 -248.490149
vt 138.445727 -248.573482
vt 138.362393 -248.656816
vt 138.445727 -248.490149
vt 138.362393 -248.573482
vt 138.362393 -248.490149
vt 138.889067 -248.546809
vt 138.819898 -248.615977
vt 138.886365 -248.615977
vt 138.817196 -248.685146
vt 138.883663 -248.685146
vt 138.814495 -248.754314
vt 138.880961 -248.754314
vt 138.750730 -248.685146
vt 138.748028 -248.754314
vt 138.681562 -248.754314
vt 138.889941 -248.581751
vt 138.887239 -248.650919
vt 138.890815 -248.616692
vt 138.888113 -248.685861
vt 138.891690 -248.651634
vt 138.888988 -248.720802
vt 138.892564 -248.686575
vt 138.884537 -248.720087
vt 138.885412 -248.755029
vt 138.881835 -248.789256
vt 138.681562 -248.504314
vt 138.681562 -248.587647
vt 138.750730 -248.518479
vt 138.750730 -248.601812
vt 138.819898 -248.532644
vt 138.681562 -248.670981
vt 138.681207 -248.490149
vt 138.750376 -248.504314
vt 138.750021 -248.490149
vt 138.819189 -248.504314
vt 138.818835 -248.490149
vt 138.888003 -248.504314
vt 138.887649 -248.490149
vt 138.819544 -248.518479
vt 138.888358 -248.518479
vt 138.888712 -248.532644
vt 137.279060 -248.394229
vt 137.279060 -248.334875
vt 137.271837 -248.342099
vt 137.271837 -248.282745
vt 137.264614 -248.289969
vt 137.264614 -248.230615
vt 137.257391 -248.237838
vt 137.257391 -248.178485
vt 137.250167 -248.185708
vt 137.279060 -248.275522
vt 137.271837 -248.223392
vt 137.264614 -248.171262
vt 137.279060 -248.216169
vt 137.271837 -248.164039
vt 137.279060 -248.156816
vt 137.270836 -248.156816
vt 137.270941 -248.157575
vt 137.262717 -248.157575
vt 137.262822 -248.158334
vt 137.254598 -248.158334
vt 137.254704 -248.159093
vt 137.246480 -248.159093
vt 137.246585 -248.159853
vt 137.262612 -248.156816
vt 137.254493 -248.157575
vt 137.246374 -248.158334
vt 137.254388 -248.156816
vt 137.246269 -248.157575
vt 137.246164 -248.156816
vt 137.263718 -248.164798
vt 137.256495 -248.172021
vt 137.249272 -248.179244
vt 137.255599 -248.165557
vt 137.248376 -248.172780
vt 137.247480 -248.166316
vt 137.612393 -248.406816
vt 137.531033 -248.488176
vt 137.531033 -248.404843
vt 137.449672 -248.486204
vt 137.449672 -248.402870
vt 137.368311 -248.484231
vt 137.368311 -248.400898
vt 137.286951 -248.482258
vt 137.612393 -248.323482
vt 137.531033 -248.321510
vt 137.449672 -248.319537
vt 137.612393 -248.240149
vt 137.531033 -248.238176
vt 137.612393 -248.156816
vt 137.449721 -248.488176
vt 137.368410 -248.488176
vt 137.287099 -248.488176
vt 137.368361 -248.486204
vt 137.287049 -248.486204
vt 137.287000 -248.484231
vt 137.529060 -248.156816
vt 137.529060 -248.216169
vt 137.445727 -248.216169
vt 137.445727 -248.275522
vt 137.362393 -248.275522
vt 137.362393 -248.334875
vt 137.445727 -248.156816
vt 137.362393 -248.216169
vt 137.362393 -248.156816
vt 137.530795 -248.228693
vt 137.447462 -248.288047
vt 137.449197 -248.300571
vt 137.365864 -248.359924
vt 137.367599 -248.372449
vt 137.284266 -248.431802
vt 137.286002 -248.444327
vt 137.364129 -248.347400
vt 137.282531 -248.419278
vt 137.280795 -248.406753
vt 137.449435 -248.310054
vt 137.368074 -248.391415
vt 137.286713 -248.472775
vt 137.367837 -248.381932
vt 137.286476 -248.463292
vt 137.286239 -248.453810
vt 137.945727 -248.406816
vt 137.862393 -248.406816
vt 137.779060 -248.406816
vt 137.695727 -248.406816
vt 137.945727 -248.323482
vt 137.862393 -248.323482
vt 137.779060 -248.323482
vt 137.945727 -248.240149
vt 137.862393 -248.240149
vt 137.945727 -248.156816
vt 137.862393 -248.156816
vt 137.779060 -248.240149
vt 137.695727 -248.323482
vt 137.779060 -248.156816
vt 137.695727 -248.240149
vt 137.695727 -248.156816
vt 138.279060 -248.406816
vt 138.195727 -248.406816
vt 138.112393 -248.406816
vt 138.029060 -248.406816
vt 138.279060 -248.323482
vt 138.195727 -248.323482
vt 138.112393 -248.323482
vt 138.279060 -248.240149
vt 138.195727 -248.240149
vt 138.279060 -248.156816
vt 138.195727 -248.156816
vt 138.112393 -248.240149
vt 138.029060 -248.323482
vt 138.112393 -248.156816
vt 138.029060 -248.240149
vt 138.029060 -248.156816
vt 138.612393 -248.406816
vt 138.529060 -248.406816
vt 138.445727 -248.406816
vt 138.362393 -248.406816
vt 138.612393 -248.323482
vt 138.529060 -248.323482
vt 138.445727 -248.323482
vt 138.612393 -248.240149
vt 138.529060 -248.240149
vt 138.612393 -248.156816
vt 138.529060 -248.156816
vt 138.445727 -248.240149
vt 138.362393 -248.323482
vt 138.445727 -248.156816
vt 138.362393 -248.240149
vt 138.279060 -248.323482
vt 138.362393 -248.156816
vt 138.871706 -248.230836
vt 138.806878 -248.295664
vt 138.875692 -248.295664
vt 138.810864 -248.360493
vt 138.879678 -248.360493
vt 138.814849 -248.425321
vt 138.883663 -248.425321
vt 138.742050 -248.360493
vt 138.746035 -248.425321
vt 138.677222 -248.425321
vt 138.874873 -248.262928
vt 138.878858 -248.327756
vt 138.878039 -248.295020
vt 138.882025 -248.359848
vt 138.881206 -248.327111
vt 138.885191 -248.391940
vt 138.884372 -248.359203
vt 138.882844 -248.392584
vt 138.886011 -248.424676
vt 138.886830 -248.457413
vt 138.873043 -248.240481
vt 138.876209 -248.272573
vt 138.874379 -248.250126
vt 138.877546 -248.282218
vt 138.875716 -248.259771
vt 138.878882 -248.291863
vt 138.877052 -248.269416
vt 138.879376 -248.304664
vt 138.880712 -248.314309
vt 138.882542 -248.336756
vt 138.677222 -248.175321
vt 138.677222 -248.258654
vt 138.742050 -248.193826
vt 138.742050 -248.277159
vt 138.806878 -248.212331
vt 138.677222 -248.341988
vt 138.674657 -248.156816
vt 138.739486 -248.175321
vt 138.736922 -248.156816
vt 138.801750 -248.175321
vt 138.799186 -248.156816
vt 138.864014 -248.175321
vt 138.861450 -248.156816
vt 138.804314 -248.193826
vt 138.866578 -248.193826
vt 138.869142 -248.212331
vt 137.279060 -248.073482
vt 137.261695 -248.090847
vt 137.261695 -248.007514
vt 137.244331 -248.024878
vt 137.244331 -247.941545
vt 137.226966 -247.958910
vt 137.226966 -247.875576
vt 137.209601 -247.892941
vt 137.279060 -247.990149
vt 137.261695 -247.924180
vt 137.244331 -247.858212
vt 137.279060 -247.906816
vt 137.261695 -247.840847
vt 137.279060 -247.823482
vt 137.253471 -248.090847
vt 137.245247 -248.090847
vt 137.237023 -248.090847
vt 137.236107 -248.024878
vt 137.227883 -248.024878
vt 137.218742 -247.958910
vt 137.256627 -247.823482
vt 137.261616 -247.840277
vt 137.239184 -247.840277
vt 137.244173 -247.857073
vt 137.221740 -247.857073
vt 137.226729 -247.873868
vt 137.204297 -247.873868
vt 137.209286 -247.890663
vt 137.234195 -247.823482
vt 137.216751 -247.840277
vt 137.199308 -247.857073
vt 137.211762 -247.823482
vt 137.194318 -247.840277
vt 137.189329 -247.823482
vt 137.244252 -247.857642
vt 137.226887 -247.875007
vt 137.209523 -247.892371
vt 137.226808 -247.874437
vt 137.209444 -247.891802
vt 137.209365 -247.891232
vt 137.612393 -248.073482
vt 137.529060 -248.073482
vt 137.445727 -248.073482
vt 137.362393 -248.073482
vt 137.612393 -247.990149
vt 137.529060 -247.990149
vt 137.445727 -247.990149
vt 137.612393 -247.906816
vt 137.529060 -247.906816
vt 137.612393 -247.823482
vt 137.529060 -247.823482
vt 137.445727 -247.906816
vt 137.362393 -247.990149
vt 137.362393 -248.073482
vt 137.445727 -247.823482
vt 137.362393 -247.906816
vt 137.362393 -247.823482
vt 137.945727 -248.073482
vt 137.862393 -248.073482
vt 137.779060 -248.073482
vt 137.695727 -248.073482
vt 137.945727 -247.990149
vt 137.862393 -247.990149
vt 137.779060 -247.990149
vt 137.945727 -247.906816
vt 137.862393 -247.906816
vt 137.945727 -247.823482
vt 137.862393 -247.823482
vt 137.779060 -247.906816
vt 137.695727 -247.990149
vt 137.779060 -247.823482
vt 137.695727 -247.906816
vt 137.612393 -247.990149
vt 137.695727 -247.823482
vt 138.279060 -248.073482
vt 138.195727 -248.073482
vt 138.112393 -248.073482
vt 138.029060 -248.073482
vt 138.279060 -247.990149
vt 138.195727 -247.990149
vt 138.112393 -247.990149
vt 138.279060 -247.906816
vt 138.195727 -247.906816
vt 138.279060 -247.823482
vt 138.195727 -247.823482
vt 138.112393 -247.906816
vt 138.029060 -247.990149
vt 138.112393 -247.823482
vt 138.029060 -247.906816
vt 138.029060 -247.823482
vt 138.612393 -248.073482
vt 138.529060 -248.073482
vt 138.445727 -248.073482
vt 138.362393 -248.073482
vt 138.612393 -247.990149
vt 138.529060 -247.990149
vt 138.445727 -247.990149
vt 138.612393 -247.906816
vt 138.529060 -247.906816
vt 138.612393 -247.823482
vt 138.529060 -247.823482
vt 138.445727 -247.906816
vt 138.362393 -247.990149
vt 138.445727 -247.823482
vt 138.362393 -247.906816
vt 138.362393 -247.823482
vt 138.831140 -247.938069
vt 138.776454 -247.992755
vt 138.838718 -247.992755
vt 138.784031 -248.047442
vt 138.846295 -248.047442
vt 138.791608 -248.102129
vt 138.853873 -248.102129
vt 138.721767 -248.047442
vt 138.729344 -248.102129
vt 138.667080 -248.102129
vt 138.667080 -247.852129
vt 138.667080 -247.935462
vt 138.721767 -247.880776
vt 138.721767 -247.964109
vt 138.776454 -247.909422
vt 138.667080 -248.018796
vt 138.663111 -247.823482
vt 138.717798 -247.852129
vt 138.713828 -247.823482
vt 138.768515 -247.852129
vt 138.764546 -247.823482
vt 138.819233 -247.852129
vt 138.815263 -247.823482
vt 138.772484 -247.880776
vt 138.823202 -247.880776
vt 138.827171 -247.909422
vt 137.279060 -247.740149
vt 137.242084 -247.777125
vt 137.242084 -247.693791
vt 137.205109 -247.730767
vt 137.205109 -247.647434
vt 137.168133 -247.684410
vt 137.168133 -247.601076
vt 137.131157 -247.638052
vt 137.279060 -247.656816
vt 137.242084 -247.610458
vt 137.205109 -247.564101
vt 137.279060 -247.573482
vt 137.242084 -247.527125
vt 137.279060 -247.490149
vt 137.245068 -247.784570
vt 137.208092 -247.738212
vt 137.211076 -247.745658
vt 137.174100 -247.699300
vt 137.177084 -247.706745
vt 137.140108 -247.660388
vt 137.143092 -247.667833
vt 137.171117 -247.691855
vt 137.137125 -247.652942
vt 137.134141 -247.645497
vt 137.222635 -247.784570
vt 137.200203 -247.784570
vt 137.177770 -247.784570
vt 137.188643 -247.745658
vt 137.166211 -247.745658
vt 137.154652 -247.706745
vt 137.116338 -247.601076
vt 137.153314 -247.564101
vt 137.101520 -247.564101
vt 137.138496 -247.527125
vt 137.086701 -247.527125
vt 137.123677 -247.490149
vt 137.071883 -247.490149
vt 137.190290 -247.527125
vt 137.175471 -247.490149
vt 137.227266 -247.490149
vt 137.612393 -247.740149
vt 137.529060 -247.740149
vt 137.445727 -247.740149
vt 137.362393 -247.740149
vt 137.612393 -247.656816
vt 137.529060 -247.656816
vt 137.445727 -247.656816
vt 137.612393 -247.573482
vt 137.529060 -247.573482
vt 137.612393 -247.490149
vt 137.529060 -247.490149
vt 137.445727 -247.573482
vt 137.362393 -247.656816
vt 137.445727 -247.490149
vt 137.362393 -247.573482
vt 137.362393 -247.490149
vt 137.945727 -247.740149
vt 137.862393 -247.740149
vt 137.779060 -247.740149
vt 137.695727 -247.740149
vt 137.945727 -247.656816
vt 137.862393 -247.656816
vt 137.779060 -247.656816
vt 137.945727 -247.573482
vt 137.862393 -247.573482
vt 137.945727 -247.490149
vt 137.862393 -247.490149
vt 137.779060 -247.573482
vt 137.695727 -247.656816
vt 137.779060 -247.490149
vt 137.695727 -247.573482
vt 137.695727 -247.490149
vt 138.279060 -247.740149
vt 138.195727 -247.740149
vt 138.112393 -247.740149
vt 138.029060 -247.740149
vt 138.279060 -247.656816
vt 138.195727 -247.656816
vt 138.112393 -247.656816
vt 138.279060 -247.573482
vt 138.195727 -247.573482
vt 138.279060 -247.490149
vt 138.195727 -247.490149
vt 138.112393 -247.573482
vt 138.029060 -247.656816
vt 138.112393 -247.490149
vt 138.029060 -247.573482
vt 138.029060 -247.490149
vt 138.612393 -247.740149
vt 138.529060 -247.740149
vt 138.445727 -247.823482
vt 138.445727 -247.740149
vt 138.362393 -247.740149
vt 138.612393 -247.656816
vt 138.529060 -247.656816
vt 138.445727 -247.656816
vt 138.612393 -247.573482
vt 138.529060 -247.573482
vt 138.612393 -247.490149
vt 138.529060 -247.490149
vt 138.445727 -247.573482
vt 138.362393 -247.656816
vt 138.445727 -247.490149
vt 138.362393 -247.573482
vt 138.362393 -247.490149
vt 138.790575 -247.645301
vt 138.746029 -247.689846
vt 138.796747 -247.689846
vt 138.752201 -247.734392
vt 138.802919 -247.734392
vt 138.758374 -247.778937
vt 138.809091 -247.778937
vt 138.701484 -247.734392
vt 138.707656 -247.778937
vt 138.656939 -247.778937
vt 138.656939 -247.528937
vt 138.656939 -247.612270
vt 138.701484 -247.567725
vt 138.701484 -247.651058
vt 138.746029 -247.606513
vt 138.656939 -247.695604
vt 138.655754 -247.520385
vt 138.700299 -247.559173
vt 138.699114 -247.550621
vt 138.743659 -247.589409
vt 138.742474 -247.580857
vt 138.787020 -247.619645
vt 138.785835 -247.611093
vt 138.744844 -247.597961
vt 138.788205 -247.628197
vt 138.789390 -247.636749
vt 138.649366 -247.490883
vt 138.692726 -247.521119
vt 138.686339 -247.491617
vt 138.729699 -247.521853
vt 138.723312 -247.492350
vt 138.766672 -247.522586
vt 138.760284 -247.493084
vt 138.736087 -247.551355
vt 138.773060 -247.552089
vt 138.779447 -247.581591
vt 138.649148 -247.490149
vt 138.686121 -247.490883
vt 138.685903 -247.490149
vt 138.722876 -247.490883
vt 138.722658 -247.490149
vt 138.759631 -247.490883
vt 138.759413 -247.490149
vt 138.723094 -247.491617
vt 138.759849 -247.491617
vt 138.760067 -247.492350
vt 136.945727 -247.175362
vt 136.945727 -247.170726
vt 136.944400 -247.172052
vt 136.944400 -247.167416
vt 136.943073 -247.168742
vt 136.943073 -247.164106
vt 136.941747 -247.165432
vt 136.941747 -247.160795
vt 136.940420 -247.162122
vt 136.945727 -247.166089
vt 136.944400 -247.162779
vt 136.943073 -247.159469
vt 136.945727 -247.161452
vt 136.944400 -247.158142
vt 136.945727 -247.156816
vt 136.939889 -247.160795
vt 136.941215 -247.159469
vt 136.939357 -247.159469
vt 136.940684 -247.158142
vt 136.938825 -247.158142
vt 136.940152 -247.156816
vt 136.938294 -247.156816
vt 136.942542 -247.158142
vt 136.942010 -247.156816
vt 136.943868 -247.156816
vt 137.279060 -247.406816
vt 137.218242 -247.467634
vt 137.218242 -247.384300
vt 137.157424 -247.445118
vt 137.157424 -247.361785
vt 137.096607 -247.422603
vt 137.096607 -247.339269
vt 137.035789 -247.400087
vt 137.279060 -247.323482
vt 137.218242 -247.300967
vt 137.157424 -247.278451
vt 137.279060 -247.240149
vt 137.218242 -247.217634
vt 137.279060 -247.156816
vt 137.166448 -247.467634
vt 137.114653 -247.467634
vt 137.062859 -247.467634
vt 137.105630 -247.445118
vt 137.053836 -247.445118
vt 137.044812 -247.422603
vt 137.195727 -247.156816
vt 137.195727 -247.161452
vt 137.112393 -247.161452
vt 137.112393 -247.166089
vt 137.029060 -247.166089
vt 137.029060 -247.170726
vt 137.112393 -247.156816
vt 137.029060 -247.161452
vt 137.029060 -247.156816
vt 137.217603 -247.216040
vt 137.134270 -247.220676
vt 137.156147 -247.275264
vt 137.072814 -247.279900
vt 137.094690 -247.334488
vt 137.011357 -247.339124
vt 137.033234 -247.393712
vt 137.050937 -247.225313
vt 136.989480 -247.284537
vt 136.967603 -247.229950
vt 137.156786 -247.276858
vt 137.095968 -247.337675
vt 137.035150 -247.398493
vt 137.095329 -247.336082
vt 137.034511 -247.396899
vt 137.033873 -247.395306
vt 137.612393 -247.406816
vt 137.529060 -247.406816
vt 137.445727 -247.406816
vt 137.362393 -247.406816
vt 137.612393 -247.323482
vt 137.529060 -247.323482
vt 137.445727 -247.323482
vt 137.612393 -247.240149
vt 137.529060 -247.240149
vt 137.612393 -247.156816
vt 137.529060 -247.156816
vt 137.445727 -247.240149
vt 137.362393 -247.323482
vt 137.445727 -247.156816
vt 137.362393 -247.240149
vt 137.362393 -247.156816
vt 137.945727 -247.406816
vt 137.862393 -247.406816
vt 137.779060 -247.406816
vt 137.695727 -247.406816
vt 137.945727 -247.323482
vt 137.862393 -247.323482
vt 137.779060 -247.323482
vt 137.945727 -247.240149
vt 137.862393 -247.240149
vt 137.945727 -247.156816
vt 137.862393 -247.156816
vt 137.779060 -247.240149
vt 137.695727 -247.323482
vt 137.779060 -247.156816
vt 137.695727 -247.240149
vt 137.695727 -247.156816
vt 137.612393 -247.240149
vt 138.279060 -247.406816
vt 138.195727 -247.406816
vt 138.112393 -247.406816
vt 138.029060 -247.406816
vt 138.279060 -247.323482
vt 138.195727 -247.323482
vt 138.112393 -247.323482
vt 138.279060 -247.240149
vt 138.195727 -247.240149
vt 138.279060 -247.156816
vt 138.195727 -247.156816
vt 138.112393 -247.240149
vt 138.029060 -247.323482
vt 138.112393 -247.156816
vt 138.029060 -247.240149
vt 137.945727 -247.323482
vt 138.029060 -247.156816
vt 138.612393 -247.406816
vt 138.529060 -247.406816
vt 138.445727 -247.406816
vt 138.362393 -247.406816
vt 138.612393 -247.323482
vt 138.529060 -247.323482
vt 138.445727 -247.323482
vt 138.612393 -247.240149
vt 138.529060 -247.240149
vt 138.612393 -247.156816
vt 138.529060 -247.156816
vt 138.445727 -247.240149
vt 138.362393 -247.323482
vt 138.445727 -247.156816
vt 138.362393 -247.240149
vt 138.362393 -247.156816
vt 138.725742 -247.376801
vt 138.697404 -247.405138
vt 138.734159 -247.405138
vt 138.705822 -247.433475
vt 138.742577 -247.433475
vt 138.714240 -247.461812
vt 138.750995 -247.461812
vt 138.669067 -247.433475
vt 138.677485 -247.461812
vt 138.640730 -247.461812
vt 138.640730 -247.211812
vt 138.640730 -247.295145
vt 138.669067 -247.266808
vt 138.669067 -247.350142
vt 138.697404 -247.321805
vt 138.640730 -247.378479
vt 138.612393 -247.406816
vt 138.625874 -247.161801
vt 138.654211 -247.216797
vt 138.639355 -247.166787
vt 138.667692 -247.221783
vt 138.652836 -247.171772
vt 138.681173 -247.226768
vt 138.666317 -247.176757
vt 138.682548 -247.271794
vt 138.696029 -247.276779
vt 138.710885 -247.326790
vt 138.624139 -247.156816
vt 138.637620 -247.161801
vt 138.635884 -247.156816
vt 138.649365 -247.161801
vt 138.647630 -247.156816
vt 138.661111 -247.161801
vt 138.659376 -247.156816
vt 138.651101 -247.166787
vt 138.662846 -247.166787
vt 138.664582 -247.171772
vt 136.945727 -247.073482
vt 136.920558 -247.098651
vt 136.920558 -247.015318
vt 136.895389 -247.040486
vt 136.895389 -246.957153
vt 136.870221 -246.982322
vt 136.870221 -246.898988
vt 136.845052 -246.924157
vt 136.945727 -246.990149
vt 136.920558 -246.931984
vt 136.895389 -246.873820
vt 136.945727 -246.906816
vt 136.920558 -246.848651
vt 136.945727 -246.823482
vt 136.936699 -247.138926
vt 136.911530 -247.080761
vt 136.927671 -247.121035
vt 136.902502 -247.062871
vt 136.918643 -247.103145
vt 136.893474 -247.044981
vt 136.909615 -247.085255
vt 136.886361 -247.022596
vt 136.877333 -247.004706
vt 136.861193 -246.964432
vt 136.934840 -247.138926
vt 136.932982 -247.138926
vt 136.931124 -247.138926
vt 136.925812 -247.121035
vt 136.923954 -247.121035
vt 136.916784 -247.103145
vt 136.834965 -246.898988
vt 136.860134 -246.873820
vt 136.824879 -246.873820
vt 136.850047 -246.848651
vt 136.814792 -246.848651
vt 136.839960 -246.823482
vt 136.804705 -246.823482
vt 136.885303 -246.848651
vt 136.875216 -246.823482
vt 136.910471 -246.823482
vt 137.279060 -247.073482
vt 137.195727 -247.073482
vt 137.112393 -247.073482
vt 137.029060 -247.073482
vt 137.279060 -246.990149
vt 137.195727 -246.990149
vt 137.112393 -246.990149
vt 137.279060 -246.906816
vt 137.195727 -246.906816
vt 137.279060 -246.823482
vt 137.195727 -246.823482
vt 137.112393 -246.906816
vt 137.029060 -246.990149
vt 137.112393 -246.823482
vt 137.029060 -246.906816
vt 137.029060 -246.823482
vt 137.612393 -247.073482
vt 137.529060 -247.073482
vt 137.445727 -247.073482
vt 137.362393 -247.073482
vt 137.612393 -246.990149
vt 137.529060 -246.990149
vt 137.445727 -246.990149
vt 137.612393 -246.906816
vt 137.529060 -246.906816
vt 137.612393 -246.823482
vt 137.529060 -246.823482
vt 137.445727 -246.906816
vt 137.362393 -246.990149
vt 137.445727 -246.823482
vt 137.362393 -246.906816
vt 137.362393 -246.823482
vt 137.945727 -247.073482
vt 137.862393 -247.073482
vt 137.779060 -247.073482
vt 137.695727 -247.073482
vt 137.945727 -246.990149
vt 137.862393 -246.990149
vt 137.779060 -246.990149
vt 137.945727 -246.906816
vt 137.862393 -246.906816
vt 137.945727 -246.823482
vt 137.862393 -246.823482
vt 137.779060 -246.906816
vt 137.695727 -246.990149
vt 137.779060 -246.823482
vt 137.695727 -246.906816
vt 137.695727 -246.823482
vt 138.279060 -247.073482
vt 138.195727 -247.073482
vt 138.112393 -247.073482
vt 138.029060 -247.073482
vt 138.279060 -246.990149
vt 138.195727 -246.990149
vt 138.112393 -246.990149
vt 138.279060 -246.906816
vt 138.195727 -246.906816
vt 138.279060 -246.823482
vt 138.195727 -246.823482
vt 138.112393 -246.906816
vt 138.112393 -246.990149
vt 138.029060 -246.990149
vt 137.945727 -247.073482
vt 138.112393 -246.823482
vt 138.029060 -246.906816
vt 138.029060 -246.823482
vt 138.362393 -247.125869
vt 138.445727 -247.125869
vt 138.445727 -247.094923
vt 138.529060 -247.094923
vt 138.529060 -247.063977
vt 138.612393 -247.063977
vt 138.612393 -247.033030
vt 138.529060 -247.125869
vt 138.612393 -247.094923
vt 138.612393 -247.125869
vt 138.347405 -247.088471
vt 138.430738 -247.057524
vt 138.415750 -247.020125
vt 138.499084 -246.989179
vt 138.484095 -246.951780
vt 138.567429 -246.920834
vt 138.552441 -246.883435
vt 138.514072 -247.026578
vt 138.582417 -246.958233
vt 138.597405 -246.995632
vt 138.347405 -246.838471
vt 138.347405 -246.921804
vt 138.415750 -246.853459
vt 138.415750 -246.936792
vt 138.484095 -246.868447
vt 138.347405 -247.005137
vt 138.341398 -246.823482
vt 138.409743 -246.838471
vt 138.403737 -246.823482
vt 138.472082 -246.838471
vt 138.466075 -246.823482
vt 138.534420 -246.838471
vt 138.528414 -246.823482
vt 138.478089 -246.853459
vt 138.540427 -246.853459
vt 138.546434 -246.868447
vt 138.647245 -247.121964
vt 138.638532 -247.130677
vt 138.650277 -247.130677
vt 138.641565 -247.139390
vt 138.653310 -247.139390
vt 138.644597 -247.148103
vt 138.656343 -247.148103
vt 138.629819 -247.139390
vt 138.632852 -247.148103
vt 138.621106 -247.148103
vt 138.621106 -247.055264
vt 138.621106 -247.086210
vt 138.629819 -247.077497
vt 138.629819 -247.108444
vt 138.638532 -247.099731
vt 138.621106 -247.117157
vt 138.619801 -247.051513
vt 138.628514 -247.073747
vt 138.627208 -247.069996
vt 138.635921 -247.092230
vt 138.634615 -247.088480
vt 138.643328 -247.110713
vt 138.642023 -247.106963
vt 138.637226 -247.095980
vt 138.644634 -247.114463
vt 138.645939 -247.118214
f 3/3 2/2 1/1
f 4/4 2/2 3/3
f 7/7 6/6 5/5
f 8/8 6/6 7/7
f 10/10 9/9 2/2
f 11/11 10/10 2/2
f 4/4 11/11 2/2
f 5/5 6/6 9/9
f 10/10 5/5 9/9
f 13/13 12/12 6/6
f 8/8 13/13 6/6
f 15/15 14/14 12/12
f 13/13 15/15 12/12
f 6/6 16/16 9/9
f 6/6 12/12 16/16
f 19/19 18/18 17/17
f 20/20 18/18 19/19
f 22/22 21/21 12/12
f 14/14 22/22 12/12
f 17/17 18/18 21/21
f 22/22 17/17 21/21
f 12/12 23/23 16/16
f 12/12 21/21 23/23
f 26/26 25/25 24/24
f 27/27 25/25 26/26
f 29/29 28/28 18/18
f 20/20 29/29 18/18
f 24/24 25/25 28/28
f 30/30 24/24 28/28
f 29/29 30/30 28/28
f 18/18 31/31 21/21
f 18/18 28/28 31/31
f 21/21 32/32 23/23
f 21/21 31/31 32/32
f 35/35 34/34 33/33
f 36/36 34/34 35/35
f 38/38 37/37 25/25
f 39/39 38/38 25/25
f 27/27 39/39 25/25
f 33/33 34/34 37/37
f 38/38 33/33 37/37
f 25/25 40/40 28/28
f 25/25 37/37 40/40
f 28/28 41/41 31/31
f 28/28 40/40 41/41
f 31/31 42/42 32/32
f 31/31 41/41 42/42
f 44/44 43/43 34/34
f 45/45 44/44 34/34
f 36/36 45/45 34/34
f 47/47 46/46 43/43
f 44/44 47/47 43/43
f 34/34 48/48 37/37
f 34/34 43/43 48/48
f 37/37 49/49 40/40
f 37/37 48/48 49/49
f 40/40 50/50 41/41
f 40/40 49/49 50/50
f 41/41 51/51 42/42
f 41/41 50/50 51/51
f 54/54 53/53 52/52
f 55/55 53/53 54/54
f 57/57 56/56 43/43
f 46/46 57/57 43/43
f 52/52 53/53 56/56
f 57/57 52/52 56/56
f 43/43 58/58 48/48
f 43/43 56/56 58/58
f 48/48 59/59 49/49
f 48/48 58/58 59/59
f 49/49 60/60 50/50
f 49/49 59/59 60/60
f 50/50 61/61 51/51
f 50/50 60/60 61/61
f 64/64 63/63 62/62
f 65/65 63/63 64/64
f 67/67 66/66 53/53
f 55/55 67/67 53/53
f 62/62 63/63 66/66
f 68/68 62/62 66/66
f 67/67 68/68 66/66
f 53/53 69/69 56/56
f 53/53 66/66 69/69
f 56/56 70/70 58/58
f 56/56 69/69 70/70
f 58/58 71/71 59/59
f 58/58 70/70 71/71
f 59/59 72/72 60/60
f 59/59 71/71 72/72
f 73/73 61/61 60/60
f 74/74 73/73 60/60
f 75/75 74/74 60/60
f 75/75 60/60 72/72
f 76/76 75/75 72/72
f 78/78 77/77 63/63
f 79/79 78/78 63/63
f 65/65 79/79 63/63
f 80/80 77/77 78/78
f 63/63 81/81 66/66
f 63/63 77/77 81/81
f 66/66 82/82 69/69
f 66/66 81/81 82/82
f 69/69 83/83 70/70
f 69/69 82/82 83/83
f 70/70 84/84 71/71
f 70/70 83/83 84/84
f 71/71 85/85 72/72
f 71/71 84/84 85/85
f 76/76 72/72 86/86
f 86/86 72/72 85/85
f 87/87 86/86 85/85
f 88/88 87/87 85/85
f 91/91 90/90 89/89
f 92/92 90/90 91/91
f 94/94 93/93 77/77
f 80/80 94/94 77/77
f 89/89 90/90 93/93
f 95/95 89/89 93/93
f 94/94 95/95 93/93
f 77/77 96/96 81/81
f 77/77 93/93 96/96
f 81/81 97/97 82/82
f 81/81 96/96 97/97
f 82/82 98/98 83/83
f 82/82 97/97 98/98
f 83/83 99/99 84/84
f 83/83 98/98 99/99
f 100/100 85/85 84/84
f 101/101 100/100 84/84
f 102/102 101/101 84/84
f 102/102 84/84 99/99
f 103/103 102/102 99/99
f 88/88 85/85 104/104
f 104/104 85/85 100/100
f 107/107 106/106 105/105
f 108/108 107/107 105/105
f 109/109 105/105 106/106
f 111/111 110/110 90/90
f 112/112 111/111 90/90
f 92/92 112/112 90/90
f 108/108 105/105 110/110
f 111/111 108/108 110/110
f 90/90 113/113 93/93
f 90/90 110/110 113/113
f 93/93 114/114 96/96
f 93/93 113/113 114/114
f 96/96 115/115 97/97
f 96/96 114/114 115/115
f 97/97 116/116 98/98
f 97/97 115/115 116/116
f 117/117 99/99 98/98
f 118/118 117/117 98/98
f 118/118 98/98 116/116
f 119/119 118/118 116/116
f 103/103 99/99 120/120
f 121/121 120/120 99/99
f 117/117 121/121 99/99
f 123/123 122/122 105/105
f 109/109 123/123 105/105
f 124/124 122/122 123/123
f 105/105 125/125 110/110
f 105/105 122/122 125/125
f 110/110 126/126 113/113
f 110/110 125/125 126/126
f 113/113 127/127 114/114
f 113/113 126/126 127/127
f 114/114 128/128 115/115
f 114/114 127/127 128/128
f 115/115 129/129 116/116
f 115/115 128/128 129/129
f 119/119 116/116 130/130
f 130/130 116/116 129/129
f 131/131 130/130 129/129
f 132/132 131/131 129/129
f 135/135 134/134 133/133
f 136/136 134/134 135/135
f 138/138 137/137 122/122
f 124/124 138/138 122/122
f 133/133 134/134 137/137
f 138/138 133/133 137/137
f 122/122 139/139 125/125
f 122/122 137/137 139/139
f 125/125 140/140 126/126
f 125/125 139/139 140/140
f 126/126 141/141 127/127
f 126/126 140/140 141/141
f 127/127 142/142 128/128
f 127/127 141/141 142/142
f 143/143 129/129 128/128
f 144/144 143/143 128/128
f 144/144 128/128 142/142
f 145/145 144/144 142/142
f 146/146 145/145 142/142
f 132/132 129/129 147/147
f 147/147 129/129 143/143
f 150/150 149/149 148/148
f 151/151 149/149 150/150
f 153/153 152/152 134/134
f 136/136 153/153 134/134
f 148/148 149/149 152/152
f 154/154 148/148 152/152
f 153/153 154/154 152/152
f 134/134 155/155 137/137
f 134/134 152/152 155/155
f 137/137 156/156 139/139
f 137/137 155/155 156/156
f 139/139 157/157 140/140
f 139/139 156/156 157/157
f 140/140 158/158 141/141
f 140/140 157/157 158/158
f 159/159 142/142 141/141
f 160/160 159/159 141/141
f 161/161 160/160 141/141
f 161/161 141/141 158/158
f 162/162 161/161 158/158
f 146/146 142/142 163/163
f 163/163 142/142 159/159
f 165/165 164/164 149/149
f 166/166 165/165 149/149
f 151/151 166/166 149/149
f 167/167 164/164 165/165
f 149/149 168/168 152/152
f 149/149 164/164 168/168
f 152/152 169/169 155/155
f 152/152 168/168 169/169
f 155/155 170/170 156/156
f 155/155 169/169 170/170
f 156/156 171/171 157/157
f 156/156 170/170 171/171
f 172/172 158/158 157/157
f 173/173 172/172 157/157
f 173/173 157/157 171/171
f 174/174 173/173 171/171
f 162/162 158/158 175/175
f 176/176 175/175 158/158
f 172/172 176/176 158/158
f 179/179 178/178 177/177
f 180/180 178/178 179/179
f 182/182 181/181 164/164
f 183/183 182/182 164/164
f 167/167 183/183 164/164
f 177/177 178/178 181/181
f 182/182 177/177 181/181
f 164/164 184/184 168/168
f 164/164 181/181 184/184
f 168/168 185/185 169/169
f 168/168 184/184 185/185
f 169/169 186/186 170/170
f 169/169 185/185 186/186
f 170/170 187/187 171/171
f 170/170 186/186 187/187
f 174/174 171/171 188/188
f 188/188 171/171 187/187
f 189/189 188/188 187/187
f 192/192 191/191 190/190
f 193/193 192/192 190/190
f 194/194 191/191 192/192
f 196/196 195/195 178/178
f 180/180 196/196 178/178
f 190/190 191/191 195/195
f 197/197 190/190 195/195
f 196/196 197/197 195/195
f 178/178 198/198 181/181
f 178/178 195/195 198/198
f 181/181 199/199 184/184
f 181/181 198/198 199/199
f 184/184 200/200 185/185
f 184/184 199/199 200/200
f 185/185 201/201 186/186
f 185/185 200/200 201/201
f 202/202 187/187 186/186
f 203/203 202/202 186/186
f 203/203 186/186 201/201
f 204/204 203/203 201/201
f 205/205 204/204 201/201
f 206/206 189/189 187/187
f 207/207 206/206 187/187
f 207/207 187/187 202/202
f 209/209 208/208 191/191
f 194/194 209/209 191/191
f 210/210 208/208 209/209
f 211/211 210/210 209/209
f 212/212 211/211 209/209
f 191/191 213/213 195/195
f 191/191 208/208 213/213
f 195/195 214/214 198/198
f 195/195 213/213 214/214
f 198/198 215/215 199/199
f 198/198 214/214 215/215
f 199/199 216/216 200/200
f 199/199 215/215 216/216
f 217/217 201/201 200/200
f 218/218 217/217 200/200
f 218/218 200/200 216/216
f 219/219 218/218 216/216
f 205/205 201/201 220/220
f 221/221 220/220 201/201
f 217/217 221/221 201/201
f 224/224 223/223 222/222
f 225/225 223/223 224/224
f 227/227 226/226 208/208
f 210/210 227/227 208/208
f 222/222 223/223 226/226
f 227/227 222/222 226/226
f 208/208 228/228 213/213
f 208/208 226/226 228/228
f 213/213 229/229 214/214
f 213/213 228/228 229/229
f 214/214 230/230 215/215
f 214/214 229/229 230/230
f 215/215 231/231 216/216
f 215/215 230/230 231/231
f 219/219 216/216 232/232
f 232/232 216/216 231/231
f 233/233 232/232 231/231
f 234/234 233/233 231/231
f 237/237 236/236 235/235
f 238/238 236/236 237/237
f 240/240 239/239 223/223
f 241/241 240/240 223/223
f 225/225 241/241 223/223
f 235/235 236/236 239/239
f 240/240 235/235 239/239
f 223/223 242/242 226/226
f 223/223 239/239 242/242
f 226/226 243/243 228/228
f 226/226 242/242 243/243
f 228/228 244/244 229/229
f 228/228 243/243 244/244
f 229/229 245/245 230/230
f 229/229 244/244 245/245
f 246/246 231/231 230/230
f 247/247 246/246 230/230
f 247/247 230/230 245/245
f 248/248 247/247 245/245
f 234/234 231/231 249/249
f 250/250 249/249 231/231
f 246/246 250/250 231/231
f 252/252 251/251 236/236
f 253/253 252/252 236/236
f 238/238 253/253 236/236
f 254/254 251/251 252/252
f 236/236 255/255 239/239
f 236/236 251/251 255/255
f 239/239 256/256 242/242
f 239/239 255/255 256/256
f 242/242 257/257 243/243
f 242/242 256/256 257/257
f 243/243 258/258 244/244
f 243/243 257/257 258/258
f 259/259 245/245 244/244
f 260/260 259/259 244/244
f 261/261 260/260 244/244
f 261/261 244/244 258/258
f 262/262 261/261 258/258
f 263/263 248/248 245/245
f 264/264 263/263 245/245
f 264/264 245/245 259/259
f 267/267 266/266 265/265
f 268/268 266/266 267/267
f 269/269 268/268 267/267
f 271/271 270/270 251/251
f 272/272 271/271 251/251
f 254/254 272/272 251/251
f 265/265 266/266 270/270
f 271/271 265/265 270/270
f 251/251 273/273 255/255
f 251/251 270/270 273/273
f 255/255 274/274 256/256
f 255/255 273/273 274/274
f 256/256 275/275 257/257
f 256/256 274/274 275/275
f 257/257 276/276 258/258
f 257/257 275/275 276/276
f 262/262 258/258 277/277
f 277/277 258/258 276/276
f 278/278 277/277 276/276
f 279/279 278/278 276/276
f 281/281 280/280 266/266
f 268/268 281/281 266/266
f 282/282 280/280 281/281
f 283/283 282/282 281/281
f 266/266 284/284 270/270
f 266/266 280/280 284/284
f 270/270 285/285 273/273
f 270/270 284/284 285/285
f 273/273 286/286 274/274
f 273/273 285/285 286/286
f 274/274 287/287 275/275
f 274/274 286/286 287/287
f 288/288 276/276 275/275
f 289/289 288/288 275/275
f 290/290 289/289 275/275
f 290/290 275/275 287/287
f 291/291 290/290 287/287
f 279/279 276/276 292/292
f 292/292 276/276 288/288
f 295/295 294/294 293/293
f 296/296 294/294 295/295
f 298/298 297/297 280/280
f 282/282 298/298 280/280
f 293/293 294/294 297/297
f 298/298 293/293 297/297
f 280/280 299/299 284/284
f 280/280 297/297 299/299
f 284/284 300/300 285/285
f 284/284 299/299 300/300
f 285/285 301/301 286/286
f 285/285 300/300 301/301
f 286/286 302/302 287/287
f 286/286 301/301 302/302
f 291/291 287/287 303/303
f 303/303 287/287 302/302
f 304/304 303/303 302/302
f 305/305 304/304 302/302
f 308/308 307/307 306/306
f 309/309 307/307 308/308
f 311/311 310/310 294/294
f 296/296 311/311 294/294
f 306/306 307/307 310/310
f 312/312 306/306 310/310
f 311/311 312/312 310/310
f 294/294 313/313 297/297
f 294/294 310/310 313/313
f 297/297 314/314 299/299
f 297/297 313/313 314/314
f 299/299 315/315 300/300
f 299/299 314/314 315/315
f 300/300 316/316 301/301
f 300/300 315/315 316/316
f 317/317 302/302 301/301
f 318/318 317/317 301/301
f 319/319 318/318 301/301
f 319/319 301/301 316/316
f 320/320 319/319 316/316
f 305/305 302/302 321/321
f 321/321 302/302 317/317
f 323/323 322/322 307/307
f 324/324 323/323 307/307
f 309/309 324/324 307/307
f 325/325 322/322 323/323
f 307/307 326/326 310/310
f 307/307 322/322 326/326
f 310/310 327/327 313/313
f 310/310 326/326 327/327
f 313/313 328/328 314/314
f 313/313 327/327 328/328
f 314/314 329/329 315/315
f 314/314 328/328 329/329
f 330/330 316/316 315/315
f 331/331 330/330 315/315
f 331/331 315/315 329/329
f 332/332 331/331 329/329
f 320/320 316/316 333/333
f 333/333 316/316 330/330
f 336/336 335/335 334/334
f 337/337 335/335 336/336
f 339/339 338/338 322/322
f 340/340 339/339 322/322
f 325/325 340/340 322/322
f 334/334 335/335 338/338
f 339/339 334/334 338/338
f 322/322 341/341 326/326
f 322/322 338/338 341/341
f 326/326 342/342 327/327
f 326/326 341/341 342/342
f 327/327 343/343 328/328
f 327/327 342/342 343/343
f 328/328 344/344 329/329
f 328/328 343/343 344/344
f 345/345 332/332 329/329
f 346/346 345/345 329/329
f 346/346 329/329 344/344
f 347/347 346/346 344/344
f 348/348 347/347 344/344
f 350/350 349/349 335/335
f 351/351 350/350 335/335
f 337/337 351/351 335/335
f 352/352 349/349 350/350
f 335/335 353/353 338/338
f 335/335 349/349 353/353
f 338/338 354/354 341/341
f 338/338 353/353 354/354
f 341/341 355/355 342/342
f 341/341 354/354 355/355
f 342/342 356/356 343/343
f 342/342 355/355 356/356
f 357/357 344/344 343/343
f 358/358 357/357 343/343
f 359/359 358/358 343/343
f 359/359 343/343 356/356
f 360/360 359/359 356/356
f 348/348 344/344 361/361
f 361/361 344/344 357/357
f 364/364 363/363 362/362
f 366/366 365/365 363/363
f 364/364 366/366 363/363
f 368/368 367/367 349/349
f 352/352 368/368 349/349
f 362/362 363/363 367/367
f 368/368 362/362 367/367
f 349/349 369/369 353/353
f 349/349 367/367 369/369
f 353/353 370/370 354/354
f 353/353 369/369 370/370
f 354/354 371/371 355/355
f 354/354 370/370 371/371
f 355/355 372/372 356/356
f 355/355 371/371 372/372
f 360/360 356/356 373/373
f 373/373 356/356 372/372
f 374/374 373/373 372/372
f 375/375 374/374 372/372
f 378/378 377/377 376/376
f 379/379 377/377 378/378
f 381/381 380/380 363/363
f 365/365 381/381 363/363
f 376/376 377/377 380/380
f 382/382 376/376 380/380
f 381/381 382/382 380/380
f 363/363 383/383 367/367
f 363/363 380/380 383/383
f 367/367 384/384 369/369
f 367/367 383/383 384/384
f 369/369 385/385 370/370
f 369/369 384/384 385/385
f 370/370 386/386 371/371
f 370/370 385/385 386/386
f 387/387 372/372 371/371
f 388/388 387/387 371/371
f 389/389 388/388 371/371
f 389/389 371/371 386/386
f 390/390 389/389 386/386
f 375/375 372/372 391/391
f 391/391 372/372 387/387
f 393/393 392/392 377/377
f 394/394 393/393 377/377
f 379/379 394/394 377/377
f 395/395 392/392 393/393
f 377/377 396/396 380/380
f 377/377 392/392 396/396
f 380/380 397/397 383/383
f 380/380 396/396 397/397
f 383/383 398/398 384/384
f 383/383 397/397 398/398
f 384/384 399/399 385/385
f 384/384 398/398 399/399
f 400/400 386/386 385/385
f 401/401 400/400 385/385
f 401/401 385/385 399/399
f 402/402 401/401 399/399
f 390/390 386/386 403/403
f 404/404 403/403 386/386
f 400/400 404/404 386/386
f 407/407 406/406 405/405
f 408/408 406/406 407/407
f 410/410 409/409 392/392
f 395/395 410/410 392/392
f 405/405 406/406 409/409
f 411/411 405/405 409/409
f 410/410 411/411 409/409
f 392/392 412/412 396/396
f 392/392 409/409 412/412
f 396/396 413/413 397/397
f 396/396 412/412 413/413
f 397/397 414/414 398/398
f 397/397 413/413 414/414
f 398/398 415/415 399/399
f 398/398 414/414 415/415
f 402/402 399/399 416/416
f 416/416 399/399 415/415
f 417/417 416/416 415/415
f 419/419 418/418 406/406
f 420/420 419/419 406/406
f 408/408 420/420 406/406
f 421/421 418/418 419/419
f 406/406 422/422 409/409
f 406/406 418/418 422/422
f 409/409 423/423 412/412
f 409/409 422/422 423/423
f 412/412 424/424 413/413
f 412/412 423/423 424/424
f 413/413 425/425 414/414
f 413/413 424/424 425/425
f 426/426 415/415 414/414
f 427/427 426/426 414/414
f 427/427 414/414 425/425
f 428/428 427/427 425/425
f 429/429 428/428 425/425
f 417/417 415/415 430/430
f 430/430 415/415 426/426
f 433/433 432/432 431/431
f 434/434 432/432 433/433
f 436/436 435/435 418/418
f 437/437 436/436 418/418
f 421/421 437/437 418/418
f 431/431 432/432 435/435
f 436/436 431/431 435/435
f 418/418 438/438 422/422
f 418/418 435/435 438/438
f 422/422 439/439 423/423
f 422/422 438/438 439/439
f 423/423 440/440 424/424
f 423/423 439/439 440/440
f 424/424 441/441 425/425
f 424/424 440/440 441/441
f 429/429 425/425 442/442
f 442/442 425/425 441/441
f 443/443 442/442 441/441
f 444/444 443/443 441/441
f 447/447 446/446 445/445
f 448/448 446/446 447/447
f 450/450 449/449 432/432
f 434/434 450/450 432/432
f 445/445 446/446 449/449
f 451/451 445/445 449/449
f 450/450 451/451 449/449
f 432/432 452/452 435/435
f 432/432 449/449 452/452
f 435/435 453/453 438/438
f 435/435 452/452 453/453
f 438/438 454/454 439/439
f 438/438 453/453 454/454
f 439/439 455/455 440/440
f 439/439 454/454 455/455
f 456/456 441/441 440/440
f 457/457 456/456 440/440
f 458/458 457/457 440/440
f 458/458 440/440 455/455
f 459/459 458/458 455/455
f 444/444 441/441 460/460
f 460/460 441/441 456/456
f 462/462 461/461 446/446
f 448/448 462/462 446/446
f 464/464 463/463 461/461
f 462/462 464/464 461/461
f 446/446 465/465 449/449
f 446/446 461/461 465/465
f 449/449 466/466 452/452
f 449/449 465/465 466/466
f 452/452 467/467 453/453
f 452/452 466/466 467/467
f 453/453 468/468 454/454
f 453/453 467/467 468/468
f 469/469 455/455 454/454
f 470/470 469/469 454/454
f 470/470 454/454 468/468
f 471/471 470/470 468/468
f 459/459 455/455 472/472
f 472/472 455/455 469/469
f 475/475 474/474 473/473
f 476/476 474/474 475/475
f 478/478 477/477 461/461
f 463/463 478/478 461/461
f 473/473 474/474 477/477
f 479/479 473/473 477/477
f 478/478 479/479 477/477
f 461/461 480/480 465/465
f 461/461 477/477 480/480
f 465/465 481/481 466/466
f 465/465 480/480 481/481
f 466/466 482/482 467/467
f 466/466 481/481 482/482
f 467/467 483/483 468/468
f 467/467 482/482 483/483
f 484/484 471/471 468/468
f 485/485 484/484 468/468
f 485/485 468/468 483/483
f 486/486 485/485 483/483
f 488/488 487/487 474/474
f 489/489 488/488 474/474
f 476/476 489/489 474/474
f 490/490 487/487 488/488
f 474/474 491/491 477/477
f 474/474 487/487 491/491
f 477/477 492/492 480/480
f 477/477 491/491 492/492
f 480/480 493/493 481/481
f 480/480 492/492 493/493
f 481/481 494/494 482/482
f 481/481 493/493 494/494
f 495/495 483/483 482/482
f 496/496 495/495 482/482
f 496/496 482/482 494/494
f 497/497 496/496 494/494
f 486/486 483/483 498/498
f 499/499 498/498 483/483
f 495/495 499/499 483/483
f 502/502 501/501 500/500
f 503/503 502/502 500/500
f 504/504 501/501 502/502
f 506/506 505/505 487/487
f 490/490 506/506 487/487
f 500/500 501/501 505/505
f 507/507 500/500 505/505
f 506/506 507/507 505/505
f 487/487 508/508 491/491
f 487/487 505/505 508/508
f 491/491 509/509 492/492
f 491/491 508/508 509/509
f 492/492 510/510 493/493
f 492/492 509/509 510/510
f 493/493 511/511 494/494
f 493/493 510/510 511/511
f 497/497 494/494 512/512
f 512/512 494/494 511/511
f 513/513 512/512 511/511
f 514/514 513/513 511/511
f 516/516 515/515 501/501
f 517/517 516/516 501/501
f 518/518 517/517 501/501
f 504/504 518/518 501/501
f 519/519 515/515 516/516
f 501/501 520/520 505/505
f 501/501 515/515 520/520
f 505/505 521/521 508/508
f 505/505 520/520 521/521
f 508/508 522/522 509/509
f 508/508 521/521 522/522
f 509/509 523/523 510/510
f 509/509 522/522 523/523
f 524/524 511/511 510/510
f 525/525 524/524 510/510
f 525/525 510/510 523/523
f 526/526 525/525 523/523
f 527/527 526/526 523/523
f 514/514 511/511 528/528
f 528/528 511/511 524/524
f 531/531 530/530 529/529
f 532/532 530/530 531/531
f 534/534 533/533 515/515
f 519/519 534/534 515/515
f 529/529 530/530 533/533
f 534/534 529/529 533/533
f 515/515 535/535 520/520
f 515/515 533/533 535/535
f 520/520 536/536 521/521
f 520/520 535/535 536/536
f 521/521 537/537 522/522
f 521/521 536/536 537/537
f 538/538 523/523 522/522
f 539/539 538/538 522/522
f 539/539 522/522 537/537
f 540/540 539/539 537/537
f 527/527 523/523 541/541
f 542/542 541/541 523/523
f 538/538 542/542 523/523
f 544/544 543/543 530/530
f 545/545 544/544 530/530
f 532/532 545/545 530/530
f 547/547 546/546 543/543
f 544/544 547/547 543/543
f 530/530 548/548 533/533
f 530/530 543/543 548/548
f 533/533 549/549 535/535
f 533/533 548/548 549/549
f 535/535 550/550 536/536
f 535/535 549/549 550/550
f 536/536 551/551 537/537
f 536/536 550/550 551/551
f 552/552 540/540 537/537
f 553/553 552/552 537/537
f 553/553 537/537 551/551
f 554/554 553/553 551/551
f 557/557 556/556 555/555
f 558/558 556/556 557/557
f 560/560 559/559 543/543
f 546/546 560/560 543/543
f 555/555 556/556 559/559
f 560/560 555/555 559/559
f 543/543 561/561 548/548
f 543/543 559/559 561/561
f 548/548 562/562 549/549
f 548/548 561/561 562/562
f 549/549 563/563 550/550
f 549/549 562/562 563/563
f 564/564 551/551 550/550
f 565/565 564/564 550/550
f 565/565 550/550 563/563
f 566/566 565/565 563/563
f 567/567 554/554 551/551
f 568/568 567/567 551/551
f 568/568 551/551 564/564
f 570/570 569/569 556/556
f 558/558 570/570 556/556
f 572/572 571/571 569/569
f 570/570 572/572 569/569
f 556/556 573/573 559/559
f 556/556 569/569 573/573
f 559/559 574/574 561/561
f 559/559 573/573 574/574
f 561/561 575/575 562/562
f 561/561 574/574 575/575
f 562/562 576/576 563/563
f 562/562 575/575 576/576
f 566/566 563/563 577/577
f 577/577 563/563 576/576
f 578/578 577/577 576/576
f 581/581 580/580 579/579
f 582/582 580/580 581/581
f 584/584 583/583 569/569
f 571/571 584/584 569/569
f 579/579 580/580 583/583
f 584/584 579/579 583/583
f 569/569 585/585 573/573
f 569/569 583/583 585/585
f 573/573 586/586 574/574
f 573/573 585/585 586/586
f 574/574 587/587 575/575
f 574/574 586/586 587/587
f 575/575 588/588 576/576
f 575/575 587/587 588/588
f 578/578 576/576 589/589
f 589/589 576/576 588/588
f 590/590 589/589 588/588
f 591/591 590/590 588/588
f 593/593 592/592 580/580
f 582/582 593/593 580/580
f 595/595 594/594 592/592
f 593/593 595/595 592/592
f 580/580 596/596 583/583
f 580/580 592/592 596/596
f 583/583 597/597 585/585
f 583/583 596/596 597/597
f 585/585 598/598 586/586
f 585/585 597/597 598/598
f 586/586 599/599 587/587
f 586/586 598/598 599/599
f 600/600 588/588 587/587
f 601/601 600/600 587/587
f 601/601 587/587 599/599
f 602/602 601/601 599/599
f 603/603 602/602 599/599
f 591/591 588/588 604/604
f 604/604 588/588 600/600
f 607/607 606/606 605/605
f 608/608 606/606 607/607
f 610/610 609/609 592/592
f 594/594 610/610 592/592
f 605/605 606/606 609/609
f 611/611 605/605 609/609
f 610/610 611/611 609/609
f 592/592 612/612 596/596
f 592/592 609/609 612/612
f 596/596 613/613 597/597
f 596/596 612/612 613/613
f 597/597 614/614 598/598
f 597/597 613/613 614/614
f 598/598 615/615 599/599
f 598/598 614/614 615/615
f 603/603 599/599 616/616
f 616/616 599/599 615/615
f 617/617 616/616 615/615
f 618/618 617/617 615/615
f 620/620 619/619 606/606
f 621/621 620/620 606/606
f 608/608 621/621 606/606
f 622/622 619/619 620/620
f 606/606 623/623 609/609
f 606/606 619/619 623/623
f 609/609 624/624 612/612
f 609/609 623/623 624/624
f 612/612 625/625 613/613
f 612/612 624/624 625/625
f 613/613 626/626 614/614
f 613/613 625/625 626/626
f 627/627 615/615 614/614
f 628/628 627/627 614/614
f 629/629 628/628 614/614
f 629/629 614/614 626/626
f 630/630 629/629 626/626
f 618/618 615/615 631/631
f 631/631 615/615 627/627
f 634/634 633/633 632/632
f 635/635 633/633 634/634
f 637/637 636/636 619/619
f 622/622 637/637 619/619
f 632/632 633/633 636/636
f 638/638 632/632 636/636
f 637/637 638/638 636/636
f 619/619 639/639 623/623
f 619/619 636/636 639/639
f 623/623 640/640 624/624
f 623/623 639/639 640/640
f 624/624 641/641 625/625
f 624/624 640/640 641/641
f 625/625 642/642 626/626
f 625/625 641/641 642/642
f 630/630 626/626 643/643
f 643/643 626/626 642/642
f 644/644 643/643 642/642
f 645/645 644/644 642/642
f 647/647 646/646 633/633
f 648/648 647/647 633/633
f 635/635 648/648 633/633
f 649/649 646/646 647/647
f 633/633 650/650 636/636
f 633/633 646/646 650/650
f 636/636 651/651 639/639
f 636/636 650/650 651/651
f 639/639 652/652 640/640
f 639/639 651/651 652/652
f 640/640 653/653 641/641
f 640/640 652/652 653/653
f 654/654 642/642 641/641
f 655/655 654/654 641/641
f 656/656 655/655 641/641
f 656/656 641/641 653/653
f 657/657 656/656 653/653
f 645/645 642/642 658/658
f 658/658 642/642 654/654
f 661/661 660/660 659/659
f 662/662 660/660 661/661
f 664/664 663/663 646/646
f 665/665 664/664 646/646
f 649/649 665/665 646/646
f 659/659 660/660 663/663
f 664/664 659/659 663/663
f 646/646 666/666 650/650
f 646/646 663/663 666/666
f 650/650 667/667 651/651
f 650/650 666/666 667/667
f 651/651 668/668 652/652
f 651/651 667/667 668/668
f 652/652 669/669 653/653
f 652/652 668/668 669/669
f 670/670 657/657 653/653
f 671/671 670/670 653/653
f 671/671 653/653 669/669
f 672/672 671/671 669/669
f 674/674 673/673 660/660
f 675/675 674/674 660/660
f 662/662 675/675 660/660
f 676/676 673/673 674/674
f 660/660 677/677 663/663
f 660/660 673/673 677/677
f 663/663 678/678 666/666
f 663/663 677/677 678/678
f 666/666 679/679 667/667
f 666/666 678/678 679/679
f 667/667 680/680 668/668
f 667/667 679/679 680/680
f 681/681 669/669 668/668
f 682/682 681/681 668/668
f 682/682 668/668 680/680
f 683/683 682/682 680/680
f 672/672 669/669 684/684
f 684/684 669/669 681/681
f 686/686 685/685 673/673
f 676/676 686/686 673/673
f 687/687 685/685 686/686
f 673/673 688/688 677/677
f 673/673 685/685 688/688
f 677/677 689/689 678/678
f 677/677 688/688 689/689
f 678/678 690/690 679/679
f 678/678 689/689 690/690
f 679/679 691/691 680/680
f 679/679 690/690 691/691
f 692/692 683/683 680/680
f 693/693 692/692 680/680
f 693/693 680/680 691/691
f 694/694 693/693 691/691
f 697/697 696/696 695/695
f 699/699 698/698 696/696
f 697/697 699/699 696/696
f 701/701 700/700 685/685
f 687/687 701/701 685/685
f 695/695 696/696 700/700
f 701/701 695/695 700/700
f 685/685 702/702 688/688
f 685/685 700/700 702/702
f 688/688 703/703 689/689
f 688/688 702/702 703/703
f 689/689 704/704 690/690
f 689/689 703/703 704/704
f 705/705 691/691 690/690
f 706/706 705/705 690/690
f 706/706 690/690 704/704
f 707/707 706/706 704/704
f 708/708 707/707 704/704
f 694/694 691/691 709/709
f 709/709 691/691 705/705
f 711/711 710/710 696/696
f 698/698 711/711 696/696
f 712/712 710/710 711/711
f 696/696 713/713 700/700
f 696/696 710/710 713/713
f 700/700 714/714 702/702
f 700/700 713/713 714/714
f 702/702 715/715 703/703
f 702/702 714/714 715/715
f 703/703 716/716 704/704
f 703/703 715/715 716/716
f 708/708 704/704 717/717
f 717/717 704/704 716/716
f 718/718 717/717 716/716
f 719/719 718/718 716/716
f 722/722 721/721 720/720
f 723/723 722/722 720/720
f 724/724 720/720 721/721
f 726/726 725/725 710/710
f 712/712 726/726 710/710
f 723/723 720/720 725/725
f 726/726 723/723 725/725
f 710/710 727/727 713/713
f 710/710 725/725 727/727
f 713/713 728/728 714/714
f 713/713 727/727 728/728
f 714/714 729/729 715/715
f 714/714 728/728 729/729
f 730/730 716/716 715/715
f 731/731 730/730 715/715
f 731/731 715/715 729/729
f 732/732 731/731 729/729
f 719/719 716/716 733/733
f 733/733 716/716 730/730
f 735/735 734/734 720/720
f 735/735 736/736 734/734
f 737/737 736/736 735/735
f 737/737 738/738 736/736
f 739/739 738/738 737/737
f 739/739 740/740 738/738
f 741/741 740/740 739/739
f 736/736 742/742 734/734
f 736/736 743/743 742/742
f 738/738 743/743 736/736
f 738/738 744/744 743/743
f 740/740 744/744 738/738
f 743/743 745/745 742/742
f 743/743 746/746 745/745
f 744/744 746/746 743/743
f 746/746 747/747 745/745
f 724/724 741/741 720/720
f 749/749 748/748 747/747
f 749/749 750/750 748/748
f 751/751 750/750 749/749
f 751/751 752/752 750/750
f 753/753 752/752 751/751
f 753/753 754/754 752/752
f 755/755 754/754 753/753
f 750/750 756/756 748/748
f 750/750 757/757 756/756
f 752/752 757/757 750/750
f 752/752 758/758 757/757
f 754/754 758/758 752/752
f 757/757 759/759 756/756
f 757/757 760/760 759/759
f 758/758 760/760 757/757
f 760/760 761/761 759/759
f 746/746 749/749 747/747
f 746/746 762/762 749/749
f 744/744 762/762 746/746
f 744/744 763/763 762/762
f 740/740 763/763 744/744
f 740/740 764/764 763/763
f 741/741 764/764 740/740
f 762/762 751/751 749/749
f 762/762 765/765 751/751
f 763/763 765/765 762/762
f 763/763 766/766 765/765
f 764/764 766/766 763/763
f 765/765 753/753 751/751
f 765/765 767/767 753/753
f 766/766 767/767 765/765
f 767/767 755/755 753/753
f 769/769 768/768 725/725
f 769/769 770/770 768/768
f 771/771 770/770 769/769
f 771/771 772/772 770/770
f 773/773 772/772 771/771
f 773/773 774/774 772/772
f 720/720 774/774 773/773
f 770/770 775/775 768/768
f 770/770 776/776 775/775
f 772/772 776/776 770/770
f 772/772 777/777 776/776
f 774/774 777/777 772/772
f 776/776 778/778 775/775
f 776/776 779/779 778/778
f 777/777 779/779 776/776
f 779/779 780/780 778/778
f 779/779 781/781 780/780
f 779/779 782/782 781/781
f 777/777 782/782 779/779
f 777/777 783/783 782/782
f 774/774 783/783 777/777
f 774/774 734/734 783/783
f 720/720 734/734 774/774
f 782/782 784/784 781/781
f 782/782 785/785 784/784
f 783/783 785/785 782/782
f 783/783 742/742 785/785
f 734/734 742/742 783/783
f 785/785 786/786 784/784
f 785/785 745/745 786/786
f 742/742 745/745 785/785
f 745/745 747/747 786/786
f 788/788 787/787 727/727
f 788/788 789/789 787/787
f 790/790 789/789 788/788
f 790/790 791/791 789/789
f 792/792 791/791 790/790
f 792/792 793/793 791/791
f 725/725 793/793 792/792
f 789/789 794/794 787/787
f 789/789 795/795 794/794
f 791/791 795/795 789/789
f 791/791 796/796 795/795
f 793/793 796/796 791/791
f 795/795 797/797 794/794
f 795/795 798/798 797/797
f 796/796 798/798 795/795
f 798/798 799/799 797/797
f 798/798 800/800 799/799
f 798/798 801/801 800/800
f 796/796 801/801 798/798
f 796/796 802/802 801/801
f 793/793 802/802 796/796
f 793/793 768/768 802/802
f 725/725 768/768 793/793
f 801/801 803/803 800/800
f 801/801 804/804 803/803
f 802/802 804/804 801/801
f 802/802 775/775 804/804
f 768/768 775/775 802/802
f 804/804 805/805 803/803
f 804/804 778/778 805/805
f 775/775 778/778 804/804
f 778/778 780/780 805/805
f 807/807 806/806 728/728
f 807/807 808/808 806/806
f 809/809 808/808 807/807
f 809/809 810/810 808/808
f 811/811 810/810 809/809
f 811/811 812/812 810/810
f 727/727 812/812 811/811
f 808/808 813/813 806/806
f 808/808 814/814 813/813
f 810/810 814/814 808/808
f 810/810 815/815 814/814
f 812/812 815/815 810/810
f 814/814 816/816 813/813
f 814/814 817/817 816/816
f 815/815 817/817 814/814
f 817/817 818/818 816/816
f 817/817 819/819 818/818
f 817/817 820/820 819/819
f 815/815 820/820 817/817
f 815/815 821/821 820/820
f 812/812 821/821 815/815
f 812/812 787/787 821/821
f 727/727 787/787 812/812
f 820/820 822/822 819/819
f 820/820 823/823 822/822
f 821/821 823/823 820/820
f 821/821 794/794 823/823
f 787/787 794/794 821/821
f 823/823 824/824 822/822
f 823/823 797/797 824/824
f 794/794 797/797 823/823
f 797/797 799/799 824/824
f 826/826 825/825 729/729
f 826/826 827/827 825/825
f 828/828 827/827 826/826
f 828/828 829/829 827/827
f 830/830 829/829 828/828
f 830/830 831/831 829/829
f 728/728 831/831 830/830
f 827/827 832/832 825/825
f 827/827 833/833 832/832
f 829/829 833/833 827/827
f 829/829 834/834 833/833
f 831/831 834/834 829/829
f 833/833 835/835 832/832
f 833/833 836/836 835/835
f 834/834 836/836 833/833
f 836/836 837/837 835/835
f 836/836 838/838 837/837
f 836/836 839/839 838/838
f 834/834 839/839 836/836
f 834/834 840/840 839/839
f 831/831 840/840 834/834
f 831/831 806/806 840/840
f 728/728 806/806 831/831
f 839/839 841/841 838/838
f 839/839 842/842 841/841
f 840/840 842/842 839/839
f 840/840 843/843 842/842
f 806/806 843/843 840/840
f 842/842 844/844 841/841
f 842/842 816/816 844/844
f 843/843 816/816 842/842
f 816/816 818/818 844/844
f 847/847 846/846 845/845
f 847/847 848/848 846/846
f 849/849 848/848 847/847
f 849/849 850/850 848/848
f 851/851 850/850 849/849
f 851/851 852/852 850/850
f 732/732 852/852 851/851
f 848/848 853/853 846/846
f 848/848 854/854 853/853
f 850/850 854/854 848/848
f 850/850 855/855 854/854
f 852/852 855/855 850/850
f 854/854 856/856 853/853
f 854/854 857/857 856/856
f 855/855 857/857 854/854
f 857/857 729/729 856/856
f 858/858 835/835 837/837
f 858/858 859/859 835/835
f 860/860 859/859 858/858
f 860/860 861/861 859/859
f 862/862 861/861 860/860
f 862/862 846/846 861/861
f 845/845 846/846 862/862
f 859/859 832/832 835/835
f 859/859 863/863 832/832
f 861/861 863/863 859/859
f 861/861 853/853 863/863
f 846/846 853/853 861/861
f 863/863 825/825 832/832
f 863/863 856/856 825/825
f 853/853 856/856 863/863
f 856/856 729/729 825/825
f 864/864 858/858 837/837
f 864/864 865/865 858/858
f 866/866 865/865 864/864
f 866/866 867/867 865/865
f 868/868 867/867 866/866
f 868/868 869/869 867/867
f 870/870 869/869 868/868
f 865/865 860/860 858/858
f 865/865 871/871 860/860
f 867/867 871/871 865/865
f 867/867 872/872 871/871
f 869/869 872/872 867/867
f 871/871 862/862 860/860
f 871/871 873/873 862/862
f 872/872 873/873 871/871
f 873/873 845/845 862/862
f 874/874 864/864 837/837
f 874/874 875/875 864/864
f 876/876 875/875 874/874
f 876/876 877/877 875/875
f 878/878 877/877 876/876
f 878/878 879/879 877/877
f 880/880 879/879 878/878
f 875/875 866/866 864/864
f 875/875 881/881 866/866
f 877/877 881/881 875/875
f 877/877 882/882 881/881
f 879/879 882/882 877/877
f 881/881 868/868 866/866
f 881/881 883/883 868/868
f 882/882 883/883 881/881
f 883/883 870/870 868/868
f 886/886 885/885 884/884
f 886/886 887/887 885/885
f 888/888 887/887 886/886
f 888/888 889/889 887/887
f 890/890 889/889 888/888
f 890/890 891/891 889/889
f 892/892 891/891 890/890
f 887/887 893/893 885/885
f 887/887 894/894 893/893
f 889/889 894/894 887/887
f 889/889 895/895 894/894
f 891/891 895/895 889/889
f 894/894 896/896 893/893
f 894/894 897/897 896/896
f 895/895 897/897 894/894
f 897/897 898/898 896/896
f 899/899 886/886 884/884
f 899/899 900/900 886/886
f 901/901 900/900 899/899
f 901/901 902/902 900/900
f 903/903 902/902 901/901
f 903/903 904/904 902/902
f 905/905 904/904 903/903
f 900/900 888/888 886/886
f 900/900 906/906 888/888
f 902/902 906/906 900/900
f 902/902 907/907 906/906
f 904/904 907/907 902/902
f 906/906 890/890 888/888
f 906/906 908/908 890/890
f 907/907 908/908 906/906
f 908/908 892/892 890/890
f 909/909 896/896 898/898
f 909/909 910/910 896/896
f 911/911 910/910 909/909
f 911/911 912/912 910/910
f 913/913 912/912 911/911
f 913/913 914/914 912/912
f 915/915 914/914 913/913
f 910/910 893/893 896/896
f 910/910 916/916 893/893
f 912/912 916/916 910/910
f 912/912 917/917 916/916
f 914/914 917/917 912/912
f 916/916 885/885 893/893
f 916/916 918/918 885/885
f 917/917 918/918 916/916
f 918/918 884/884 885/885
f 920/920 919/919 747/747
f 920/920 921/921 919/919
f 922/922 921/921 920/920
f 922/922 923/923 921/921
f 924/924 923/923 922/922
f 924/924 925/925 923/923
f 926/926 925/925 924/924
f 921/921 927/927 919/919
f 921/921 928/928 927/927
f 923/923 928/928 921/921
f 923/923 929/929 928/928
f 925/925 929/929 923/923
f 928/928 930/930 927/927
f 928/928 931/931 930/930
f 929/929 931/931 928/928
f 931/931 932/932 930/930
f 748/748 920/920 747/747
f 748/748 933/933 920/920
f 756/756 933/933 748/748
f 756/756 934/934 933/933
f 759/759 934/934 756/756
f 759/759 935/935 934/934
f 761/761 935/935 759/759
f 933/933 922/922 920/920
f 933/933 936/936 922/922
f 934/934 936/936 933/933
f 934/934 937/937 936/936
f 935/935 937/937 934/934
f 936/936 924/924 922/922
f 936/936 938/938 924/924
f 937/937 938/938 936/936
f 938/938 926/926 924/924
f 940/940 939/939 932/932
f 940/940 941/941 939/939
f 942/942 941/941 940/940
f 942/942 943/943 941/941
f 944/944 943/943 942/942
f 944/944 903/903 943/943
f 905/905 903/903 944/944
f 941/941 945/945 939/939
f 941/941 946/946 945/945
f 943/943 946/946 941/941
f 943/943 901/901 946/946
f 903/903 901/901 943/943
f 946/946 947/947 945/945
f 946/946 899/899 947/947
f 901/901 899/899 946/946
f 899/899 884/884 947/947
f 931/931 940/940 932/932
f 931/931 948/948 940/940
f 929/929 948/948 931/931
f 929/929 949/949 948/948
f 925/925 949/949 929/929
f 925/925 950/950 949/949
f 926/926 950/950 925/925
f 948/948 942/942 940/940
f 948/948 951/951 942/942
f 949/949 951/951 948/948
f 949/949 952/952 951/951
f 950/950 952/952 949/949
f 951/951 944/944 942/942
f 951/951 953/953 944/944
f 952/952 953/953 951/951
f 953/953 905/905 944/944
f 781/781 954/954 780/780
f 781/781 955/955 954/954
f 956/956 955/955 781/781
f 956/956 957/957 955/955
f 786/786 957/957 956/956
f 786/786 958/958 957/957
f 747/747 958/958 786/786
f 955/955 959/959 954/954
f 955/955 960/960 959/959
f 957/957 960/960 955/955
f 957/957 961/961 960/960
f 958/958 961/961 957/957
f 960/960 962/962 959/959
f 960/960 963/963 962/962
f 961/961 963/963 960/960
f 963/963 964/964 962/962
f 963/963 965/965 964/964
f 963/963 966/966 965/965
f 961/961 966/966 963/963
f 961/961 967/967 966/966
f 958/958 967/967 961/961
f 958/958 919/919 967/967
f 747/747 919/919 958/958
f 966/966 968/968 965/965
f 966/966 969/969 968/968
f 967/967 969/969 966/966
f 967/967 927/927 969/969
f 919/919 927/927 967/967
f 969/969 970/970 968/968
f 969/969 930/930 970/970
f 927/927 930/930 969/969
f 930/930 932/932 970/970
f 800/800 971/971 799/799
f 800/800 972/972 971/971
f 803/803 972/972 800/800
f 803/803 973/973 972/972
f 805/805 973/973 803/803
f 805/805 974/974 973/973
f 780/780 974/974 805/805
f 972/972 975/975 971/971
f 972/972 976/976 975/975
f 973/973 976/976 972/972
f 973/973 977/977 976/976
f 974/974 977/977 973/973
f 976/976 978/978 975/975
f 976/976 979/979 978/978
f 977/977 979/979 976/976
f 979/979 980/980 978/978
f 979/979 981/981 980/980
f 979/979 982/982 981/981
f 977/977 982/982 979/979
f 977/977 983/983 982/982
f 974/974 983/983 977/977
f 974/974 954/954 983/983
f 780/780 954/954 974/974
f 982/982 984/984 981/981
f 982/982 985/985 984/984
f 983/983 985/985 982/982
f 983/983 959/959 985/985
f 954/954 959/959 983/983
f 985/985 986/986 984/984
f 985/985 962/962 986/986
f 959/959 962/962 985/985
f 962/962 964/964 986/986
f 819/819 987/987 818/818
f 819/819 988/988 987/987
f 822/822 988/988 819/819
f 822/822 989/989 988/988
f 824/824 989/989 822/822
f 824/824 990/990 989/989
f 799/799 990/990 824/824
f 988/988 991/991 987/987
f 988/988 992/992 991/991
f 989/989 992/992 988/988
f 989/989 993/993 992/992
f 990/990 993/993 989/989
f 992/992 994/994 991/991
f 992/992 995/995 994/994
f 993/993 995/995 992/992
f 995/995 996/996 994/994
f 995/995 997/997 996/996
f 995/995 998/998 997/997
f 993/993 998/998 995/995
f 993/993 999/999 998/998
f 990/990 999/999 993/993
f 990/990 971/971 999/999
f 799/799 971/971 990/990
f 998/998 1000/1000 997/997
f 998/998 1001/1001 1000/1000
f 999/999 1001/1001 998/998
f 999/999 975/975 1001/1001
f 971/971 975/975 999/999
f 1001/1001 1002/1002 1000/1000
f 1001/1001 978/978 1002/1002
f 975/975 978/978 1001/1001
f 978/978 980/980 1002/1002
f 1003/1003 844/844 818/818
f 1003/1003 1004/1004 844/844
f 1005/1005 1004/1004 1003/1003
f 1005/1005 1006/1006 1004/1004
f 1007/1007 1006/1006 1005/1005
f 1007/1007 1008/1008 1006/1006
f 1009/1009 1008/1008 1007/1007
f 1004/1004 841/841 844/844
f 1004/1004 1010/1010 841/841
f 1006/1006 1010/1010 1004/1004
f 1006/1006 1011/1011 1010/1010
f 1008/1008 1011/1011 1006/1006
f 1010/1010 838/838 841/841
f 1010/1010 1012/1012 838/838
f 1011/1011 1012/1012 1010/1010
f 1012/1012 837/837 838/838
f 1013/1013 1003/1003 818/818
f 1013/1013 1014/1014 1003/1003
f 1015/1015 1014/1014 1013/1013
f 1015/1015 1016/1016 1014/1014
f 1017/1017 1016/1016 1015/1015
f 1017/1017 1018/1018 1016/1016
f 1019/1019 1018/1018 1017/1017
f 1014/1014 1005/1005 1003/1003
f 1014/1014 1020/1020 1005/1005
f 1016/1016 1020/1020 1014/1014
f 1016/1016 1021/1021 1020/1020
f 1018/1018 1021/1021 1016/1016
f 1020/1020 1007/1007 1005/1005
f 1020/1020 1022/1022 1007/1007
f 1021/1021 1022/1022 1020/1020
f 1022/1022 1009/1009 1007/1007
f 1023/1023 994/994 996/996
f 1023/1023 1024/1024 994/994
f 1025/1025 1024/1024 1023/1023
f 1025/1025 1026/1026 1024/1024
f 1027/1027 1026/1026 1025/1025
f 1027/1027 1017/1017 1026/1026
f 1019/1019 1017/1017 1027/1027
f 1024/1024 991/991 994/994
f 1024/1024 1028/1028 991/991
f 1026/1026 1028/1028 1024/1024
f 1026/1026 1015/1015 1028/1028
f 1017/1017 1015/1015 1026/1026
f 1028/1028 987/987 991/991
f 1028/1028 1013/1013 987/987
f 1015/1015 1013/1013 1028/1028
f 1013/1013 818/818 987/987
f 1029/1029 1023/1023 996/996
f 1029/1029 1030/1030 1023/1023
f 1031/1031 1030/1030 1029/1029
f 1031/1031 1032/1032 1030/1030
f 1033/1033 1032/1032 1031/1031
f 1033/1033 1034/1034 1032/1032
f 1035/1035 1034/1034 1033/1033
f 1030/1030 1025/1025 1023/1023
f 1030/1030 1036/1036 1025/1025
f 1032/1032 1036/1036 1030/1030
f 1032/1032 1037/1037 1036/1036
f 1034/1034 1037/1037 1032/1032
f 1036/1036 1027/1027 1025/1025
f 1036/1036 1038/1038 1027/1027
f 1037/1037 1038/1038 1036/1036
f 1038/1038 1019/1019 1027/1027
f 1041/1041 1040/1040 1039/1039
f 1041/1041 1042/1042 1040/1040
f 1043/1043 1042/1042 1041/1041
f 1043/1043 1044/1044 1042/1042
f 1045/1045 1044/1044 1043/1043
f 1045/1045 878/878 1044/1044
f 880/880 878/878 1045/1045
f 1042/1042 1046/1046 1040/1040
f 1042/1042 1047/1047 1046/1046
f 1044/1044 1047/1047 1042/1042
f 1044/1044 876/876 1047/1047
f 878/878 876/876 1044/1044
f 1047/1047 1048/1048 1046/1046
f 1047/1047 874/874 1048/1048
f 876/876 874/874 1047/1047
f 874/874 837/837 1048/1048
f 1049/1049 1008/1008 1009/1009
f 1049/1049 1050/1050 1008/1008
f 1051/1051 1050/1050 1049/1049
f 1051/1051 1052/1052 1050/1050
f 1053/1053 1052/1052 1051/1051
f 1053/1053 1040/1040 1052/1052
f 1039/1039 1040/1040 1053/1053
f 1050/1050 1011/1011 1008/1008
f 1050/1050 1054/1054 1011/1011
f 1052/1052 1054/1054 1050/1050
f 1052/1052 1046/1046 1054/1054
f 1040/1040 1046/1046 1052/1052
f 1054/1054 1012/1012 1011/1011
f 1054/1054 1048/1048 1012/1012
f 1046/1046 1048/1048 1054/1054
f 1048/1048 837/837 1012/1012
f 1056/1056 1055/1055 884/884
f 1056/1056 1057/1057 1055/1055
f 1058/1058 1057/1057 1056/1056
f 1058/1058 1059/1059 1057/1057
f 1060/1060 1059/1059 1058/1058
f 1060/1060 1061/1061 1059/1059
f 1062/1062 1061/1061 1060/1060
f 1057/1057 1063/1063 1055/1055
f 1057/1057 1064/1064 1063/1063
f 1059/1059 1064/1064 1057/1057
f 1059/1059 1065/1065 1064/1064
f 1061/1061 1065/1065 1059/1059
f 1064/1064 1066/1066 1063/1063
f 1064/1064 1067/1067 1066/1066
f 1065/1065 1067/1067 1064/1064
f 1067/1067 1068/1068 1066/1066
f 1069/1069 1056/1056 884/884
f 1069/1069 1070/1070 1056/1056
f 1071/1071 1070/1070 1069/1069
f 1071/1071 1072/1072 1070/1070
f 1073/1073 1072/1072 1071/1071
f 1073/1073 1074/1074 1072/1072
f 1075/1075 1074/1074 1073/1073
f 1070/1070 1058/1058 1056/1056
f 1070/1070 1076/1076 1058/1058
f 1072/1072 1076/1076 1070/1070
f 1072/1072 1077/1077 1076/1076
f 1074/1074 1077/1077 1072/1072
f 1076/1076 1060/1060 1058/1058
f 1076/1076 1078/1078 1060/1060
f 1077/1077 1078/1078 1076/1076
f 1078/1078 1062/1062 1060/1060
f 918/918 1069/1069 884/884
f 918/918 1079/1079 1069/1069
f 917/917 1079/1079 918/918
f 917/917 1080/1080 1079/1079
f 914/914 1080/1080 917/917
f 914/914 1081/1081 1080/1080
f 915/915 1081/1081 914/914
f 1079/1079 1071/1071 1069/1069
f 1079/1079 1082/1082 1071/1071
f 1080/1080 1082/1082 1079/1079
f 1080/1080 1083/1083 1082/1082
f 1081/1081 1083/1083 1080/1080
f 1082/1082 1073/1073 1071/1071
f 1082/1082 1084/1084 1073/1073
f 1083/1083 1084/1084 1082/1082
f 1084/1084 1075/1075 1073/1073
f 1085/1085 1061/1061 1062/1062
f 1085/1085 1086/1086 1061/1061
f 1087/1087 1086/1086 1085/1085
f 1087/1087 1088/1088 1086/1086
f 1089/1089 1088/1088 1087/1087
f 1089/1089 1090/1090 1088/1088
f 1091/1091 1090/1090 1089/1089
f 1086/1086 1065/1065 1061/1061
f 1086/1086 1092/1092 1065/1065
f 1088/1088 1092/1092 1086/1086
f 1088/1088 1093/1093 1092/1092
f 1090/1090 1093/1093 1088/1088
f 1092/1092 1067/1067 1065/1065
f 1092/1092 1094/1094 1067/1067
f 1093/1093 1094/1094 1092/1092
f 1094/1094 1068/1068 1067/1067
f 939/939 1095/1095 932/932
f 939/939 1096/1096 1095/1095
f 945/945 1096/1096 939/939
f 945/945 1097/1097 1096/1096
f 947/947 1097/1097 945/945
f 947/947 1098/1098 1097/1097
f 884/884 1098/1098 947/947
f 1096/1096 1099/1099 1095/1095
f 1096/1096 1100/1100 1099/1099
f 1097/1097 1100/1100 1096/1096
f 1097/1097 1101/1101 1100/1100
f 1098/1098 1101/1101 1097/1097
f 1100/1100 1102/1102 1099/1099
f 1100/1100 1103/1103 1102/1102
f 1101/1101 1103/1103 1100/1100
f 1103/1103 1104/1104 1102/1102
f 1103/1103 1105/1105 1104/1104
f 1103/1103 1106/1106 1105/1105
f 1101/1101 1106/1106 1103/1103
f 1101/1101 1107/1107 1106/1106
f 1098/1098 1107/1107 1101/1101
f 1098/1098 1055/1055 1107/1107
f 884/884 1055/1055 1098/1098
f 1106/1106 1108/1108 1105/1105
f 1106/1106 1109/1109 1108/1108
f 1107/1107 1109/1109 1106/1106
f 1107/1107 1063/1063 1109/1109
f 1055/1055 1063/1063 1107/1107
f 1109/1109 1110/1110 1108/1108
f 1109/1109 1066/1066 1110/1110
f 1063/1063 1066/1066 1109/1109
f 1066/1066 1068/1068 1110/1110
f 965/965 1111/1111 964/964
f 965/965 1112/1112 1111/1111
f 968/968 1112/1112 965/965
f 968/968 1113/1113 1112/1112
f 970/970 1113/1113 968/968
f 970/970 1114/1114 1113/1113
f 932/932 1114/1114 970/970
f 1112/1112 1115/1115 1111/1111
f 1112/1112 1116/1116 1115/1115
f 1113/1113 1116/1116 1112/1112
f 1113/1113 1117/1117 1116/1116
f 1114/1114 1117/1117 1113/1113
f 1116/1116 1118/1118 1115/1115
f 1116/1116 1119/1119 1118/1118
f 1117/1117 1119/1119 1116/1116
f 1119/1119 1120/1120 1118/1118
f 1119/1119 1121/1121 1120/1120
f 1119/1119 1122/1122 1121/1121
f 1117/1117 1122/1122 1119/1119
f 1117/1117 1123/1123 1122/1122
f 1114/1114 1123/1123 1117/1117
f 1114/1114 1095/1095 1123/1123
f 932/932 1095/1095 1114/1114
f 1122/1122 1124/1124 1121/1121
f 1122/1122 1125/1125 1124/1124
f 1123/1123 1125/1125 1122/1122
f 1123/1123 1099/1099 1125/1125
f 1095/1095 1099/1099 1123/1123
f 1125/1125 1126/1126 1124/1124
f 1125/1125 1102/1102 1126/1126
f 1099/1099 1102/1102 1125/1125
f 1102/1102 1104/1104 1126/1126
f 981/981 1127/1127 980/980
f 981/981 1128/1128 1127/1127
f 984/984 1128/1128 981/981
f 984/984 1129/1129 1128/1128
f 986/986 1129/1129 984/984
f 986/986 1130/1130 1129/1129
f 964/964 1130/1130 986/986
f 1128/1128 1131/1131 1127/1127
f 1128/1128 1132/1132 1131/1131
f 1129/1129 1132/1132 1128/1128
f 1129/1129 1133/1133 1132/1132
f 1130/1130 1133/1133 1129/1129
f 1132/1132 1134/1134 1131/1131
f 1132/1132 1135/1135 1134/1134
f 1133/1133 1135/1135 1132/1132
f 1135/1135 1136/1136 1134/1134
f 1135/1135 1137/1137 1136/1136
f 1135/1135 1138/1138 1137/1137
f 1133/1133 1138/1138 1135/1135
f 1133/1133 1139/1139 1138/1138
f 1130/1130 1139/1139 1133/1133
f 1130/1130 1111/1111 1139/1139
f 964/964 1111/1111 1130/1130
f 1138/1138 1140/1140 1137/1137
f 1138/1138 1141/1141 1140/1140
f 1139/1139 1141/1141 1138/1138
f 1139/1139 1115/1115 1141/1141
f 1111/1111 1115/1115 1139/1139
f 1141/1141 1142/1142 1140/1140
f 1141/1141 1118/1118 1142/1142
f 1115/1115 1118/1118 1141/1141
f 1118/1118 1120/1120 1142/1142
f 1144/1144 1143/1143 996/996
f 1144/1144 1145/1145 1143/1143
f 1000/1000 1145/1145 1144/1144
f 1000/1000 1146/1146 1145/1145
f 1002/1002 1146/1146 1000/1000
f 1002/1002 1147/1147 1146/1146
f 980/980 1147/1147 1002/1002
f 1145/1145 1148/1148 1143/1143
f 1145/1145 1149/1149 1148/1148
f 1146/1146 1149/1149 1145/1145
f 1146/1146 1150/1150 1149/1149
f 1147/1147 1150/1150 1146/1146
f 1149/1149 1151/1151 1148/1148
f 1149/1149 1152/1152 1151/1151
f 1150/1150 1152/1152 1149/1149
f 1152/1152 1153/1153 1151/1151
f 1152/1152 1154/1154 1153/1153
f 1152/1152 1155/1155 1154/1154
f 1150/1150 1155/1155 1152/1152
f 1150/1150 1156/1156 1155/1155
f 1147/1147 1156/1156 1150/1150
f 1147/1147 1127/1127 1156/1156
f 980/980 1127/1127 1147/1147
f 1155/1155 1157/1157 1154/1154
f 1155/1155 1158/1158 1157/1157
f 1156/1156 1158/1158 1155/1155
f 1156/1156 1131/1131 1158/1158
f 1127/1127 1131/1131 1156/1156
f 1158/1158 1159/1159 1157/1157
f 1158/1158 1134/1134 1159/1159
f 1131/1131 1134/1134 1158/1158
f 1134/1134 1136/1136 1159/1159
f 1162/1162 1161/1161 1160/1160
f 1162/1162 1163/1163 1161/1161
f 1164/1164 1163/1163 1162/1162
f 1164/1164 1165/1165 1163/1163
f 1166/1166 1165/1165 1164/1164
f 1166/1166 1033/1033 1165/1165
f 1035/1035 1033/1033 1166/1166
f 1163/1163 1167/1167 1161/1161
f 1163/1163 1168/1168 1167/1167
f 1165/1165 1168/1168 1163/1163
f 1165/1165 1031/1031 1168/1168
f 1033/1033 1031/1031 1165/1165
f 1168/1168 1169/1169 1167/1167
f 1168/1168 1029/1029 1169/1169
f 1031/1031 1029/1029 1168/1168
f 1029/1029 996/996 1169/1169
f 1170/1170 1162/1162 1160/1160
f 1170/1170 1171/1171 1162/1162
f 1172/1172 1171/1171 1170/1170
f 1172/1172 1173/1173 1171/1171
f 1174/1174 1173/1173 1172/1172
f 1174/1174 1175/1175 1173/1173
f 1176/1176 1175/1175 1174/1174
f 1171/1171 1164/1164 1162/1162
f 1171/1171 1177/1177 1164/1164
f 1173/1173 1177/1177 1171/1171
f 1173/1173 1178/1178 1177/1177
f 1175/1175 1178/1178 1173/1173
f 1177/1177 1166/1166 1164/1164
f 1177/1177 1179/1179 1166/1166
f 1178/1178 1179/1179 1177/1177
f 1179/1179 1035/1035 1166/1166
f 1180/1180 1170/1170 1160/1160
f 1180/1180 1181/1181 1170/1170
f 1182/1182 1181/1181 1180/1180
f 1182/1182 1183/1183 1181/1181
f 1184/1184 1183/1183 1182/1182
f 1184/1184 1185/1185 1183/1183
f 1186/1186 1185/1185 1184/1184
f 1181/1181 1172/1172 1170/1170
f 1181/1181 1187/1187 1172/1172
f 1183/1183 1187/1187 1181/1181
f 1183/1183 1188/1188 1187/1187
f 1185/1185 1188/1188 1183/1183
f 1187/1187 1174/1174 1172/1172
f 1187/1187 1189/1189 1174/1174
f 1188/1188 1189/1189 1187/1187
f 1189/1189 1176/1176 1174/1174
f 1190/1190 1151/1151 1153/1153
f 1190/1190 1191/1191 1151/1151
f 1192/1192 1191/1191 1190/1190
f 1192/1192 1193/1193 1191/1191
f 1194/1194 1193/1193 1192/1192
f 1194/1194 1161/1161 1193/1193
f 1160/1160 1161/1161 1194/1194
f 1191/1191 1148/1148 1151/1151
f 1191/1191 1195/1195 1148/1148
f 1193/1193 1195/1195 1191/1191
f 1193/1193 1167/1167 1195/1195
f 1161/1161 1167/1167 1193/1193
f 1195/1195 1143/1143 1148/1148
f 1195/1195 1169/1169 1143/1143
f 1167/1167 1169/1169 1195/1195
f 1169/1169 996/996 1143/1143
f 1196/1196 1190/1190 1153/1153
f 1196/1196 1197/1197 1190/1190
f 1198/1198 1197/1197 1196/1196
f 1198/1198 1199/1199 1197/1197
f 1200/1200 1199/1199 1198/1198
f 1200/1200 1201/1201 1199/1199
f 1202/1202 1201/1201 1200/1200
f 1197/1197 1192/1192 1190/1190
f 1197/1197 1203/1203 1192/1192
f 1199/1199 1203/1203 1197/1197
f 1199/1199 1204/1204 1203/1203
f 1201/1201 1204/1204 1199/1199
f 1203/1203 1194/1194 1192/1192
f 1203/1203 1205/1205 1194/1194
f 1204/1204 1205/1205 1203/1203
f 1205/1205 1160/1160 1194/1194
f 1208/1208 1207/1207 1206/1206
f 1208/1208 1209/1209 1207/1207
f 1210/1210 1209/1209 1208/1208
f 1210/1210 1211/1211 1209/1209
f 1212/1212 1211/1211 1210/1210
f 1212/1212 1213/1213 1211/1211
f 1214/1214 1213/1213 1212/1212
f 1209/1209 1215/1215 1207/1207
f 1209/1209 1216/1216 1215/1215
f 1211/1211 1216/1216 1209/1209
f 1211/1211 1217/1217 1216/1216
f 1213/1213 1217/1217 1211/1211
f 1216/1216 1218/1218 1215/1215
f 1216/1216 1219/1219 1218/1218
f 1217/1217 1219/1219 1216/1216
f 1219/1219 1220/1220 1218/1218
f 1221/1221 1208/1208 1206/1206
f 1221/1221 1222/1222 1208/1208
f 1223/1223 1222/1222 1221/1221
f 1223/1223 1224/1224 1222/1222
f 1225/1225 1224/1224 1223/1223
f 1225/1225 1226/1226 1224/1224
f 1227/1227 1226/1226 1225/1225
f 1222/1222 1210/1210 1208/1208
f 1222/1222 1228/1228 1210/1210
f 1224/1224 1228/1228 1222/1222
f 1224/1224 1229/1229 1228/1228
f 1226/1226 1229/1229 1224/1224
f 1228/1228 1212/1212 1210/1210
f 1228/1228 1230/1230 1212/1212
f 1229/1229 1230/1230 1228/1228
f 1230/1230 1214/1214 1212/1212
f 1231/1231 1218/1218 1220/1220
f 1231/1231 1232/1232 1218/1218
f 1233/1233 1232/1232 1231/1231
f 1233/1233 1234/1234 1232/1232
f 1235/1235 1234/1234 1233/1233
f 1235/1235 1236/1236 1234/1234
f 1237/1237 1236/1236 1235/1235
f 1232/1232 1215/1215 1218/1218
f 1232/1232 1238/1238 1215/1215
f 1234/1234 1238/1238 1232/1232
f 1234/1234 1239/1239 1238/1238
f 1236/1236 1239/1239 1234/1234
f 1238/1238 1207/1207 1215/1215
f 1238/1238 1240/1240 1207/1207
f 1239/1239 1240/1240 1238/1238
f 1240/1240 1206/1206 1207/1207
f 1242/1242 1241/1241 1068/1068
f 1242/1242 1243/1243 1241/1241
f 1244/1244 1243/1243 1242/1242
f 1244/1244 1245/1245 1243/1243
f 1246/1246 1245/1245 1244/1244
f 1246/1246 1247/1247 1245/1245
f 1248/1248 1247/1247 1246/1246
f 1243/1243 1249/1249 1241/1241
f 1243/1243 1250/1250 1249/1249
f 1245/1245 1250/1250 1243/1243
f 1245/1245 1251/1251 1250/1250
f 1247/1247 1251/1251 1245/1245
f 1250/1250 1252/1252 1249/1249
f 1250/1250 1253/1253 1252/1252
f 1251/1251 1253/1253 1250/1250
f 1253/1253 1254/1254 1252/1252
f 1255/1255 1242/1242 1068/1068
f 1255/1255 1256/1256 1242/1242
f 1257/1257 1256/1256 1255/1255
f 1257/1257 1258/1258 1256/1256
f 1259/1259 1258/1258 1257/1257
f 1259/1259 1260/1260 1258/1258
f 1261/1261 1260/1260 1259/1259
f 1256/1256 1244/1244 1242/1242
f 1256/1256 1262/1262 1244/1244
f 1258/1258 1262/1262 1256/1256
f 1258/1258 1263/1263 1262/1262
f 1260/1260 1263/1263 1258/1258
f 1262/1262 1246/1246 1244/1244
f 1262/1262 1264/1264 1246/1246
f 1263/1263 1264/1264 1262/1262
f 1264/1264 1248/1248 1246/1246
f 1094/1094 1255/1255 1068/1068
f 1094/1094 1265/1265 1255/1255
f 1093/1093 1265/1265 1094/1094
f 1093/1093 1266/1266 1265/1265
f 1090/1090 1266/1266 1093/1093
f 1090/1090 1267/1267 1266/1266
f 1091/1091 1267/1267 1090/1090
f 1265/1265 1257/1257 1255/1255
f 1265/1265 1268/1268 1257/1257
f 1266/1266 1268/1268 1265/1265
f 1266/1266 1269/1269 1268/1268
f 1267/1267 1269/1269 1266/1266
f 1268/1268 1259/1259 1257/1257
f 1268/1268 1270/1270 1259/1259
f 1269/1269 1270/1270 1268/1268
f 1270/1270 1261/1261 1259/1259
f 1272/1272 1271/1271 1254/1254
f 1272/1272 1273/1273 1271/1271
f 1274/1274 1273/1273 1272/1272
f 1274/1274 1275/1275 1273/1273
f 1276/1276 1275/1275 1274/1274
f 1276/1276 1225/1225 1275/1275
f 1227/1227 1225/1225 1276/1276
f 1273/1273 1277/1277 1271/1271
f 1273/1273 1278/1278 1277/1277
f 1275/1275 1278/1278 1273/1273
f 1275/1275 1223/1223 1278/1278
f 1225/1225 1223/1223 1275/1275
f 1278/1278 1279/1279 1277/1277
f 1278/1278 1221/1221 1279/1279
f 1223/1223 1221/1221 1278/1278
f 1221/1221 1206/1206 1279/1279
f 1253/1253 1272/1272 1254/1254
f 1253/1253 1280/1280 1272/1272
f 1251/1251 1280/1280 1253/1253
f 1251/1251 1281/1281 1280/1280
f 1247/1247 1281/1281 1251/1251
f 1247/1247 1282/1282 1281/1281
f 1248/1248 1282/1282 1247/1247
f 1280/1280 1274/1274 1272/1272
f 1280/1280 1283/1283 1274/1274
f 1281/1281 1283/1283 1280/1280
f 1281/1281 1284/1284 1283/1283
f 1282/1282 1284/1284 1281/1281
f 1283/1283 1276/1276 1274/1274
f 1283/1283 1285/1285 1276/1276
f 1284/1284 1285/1285 1283/1283
f 1285/1285 1227/1227 1276/1276
f 1105/1105 1286/1286 1104/1104
f 1105/1105 1287/1287 1286/1286
f 1108/1108 1287/1287 1105/1105
f 1108/1108 1288/1288 1287/1287
f 1110/1110 1288/1288 1108/1108
f 1110/1110 1289/1289 1288/1288
f 1068/1068 1289/1289 1110/1110
f 1287/1287 1290/1290 1286/1286
f 1287/1287 1291/1291 1290/1290
f 1288/1288 1291/1291 1287/1287
f 1288/1288 1292/1292 1291/1291
f 1289/1289 1292/1292 1288/1288
f 1291/1291 1293/1293 1290/1290
f 1291/1291 1294/1294 1293/1293
f 1292/1292 1294/1294 1291/1291
f 1294/1294 1295/1295 1293/1293
f 1294/1294 1296/1296 1295/1295
f 1294/1294 1297/1297 1296/1296
f 1292/1292 1297/1297 1294/1294
f 1292/1292 1298/1298 1297/1297
f 1289/1289 1298/1298 1292/1292
f 1289/1289 1241/1241 1298/1298
f 1068/1068 1241/1241 1289/1289
f 1297/1297 1299/1299 1296/1296
f 1297/1297 1300/1300 1299/1299
f 1298/1298 1300/1300 1297/1297
f 1298/1298 1249/1249 1300/1300
f 1241/1241 1249/1249 1298/1298
f 1300/1300 1301/1301 1299/1299
f 1300/1300 1252/1252 1301/1301
f 1249/1249 1252/1252 1300/1300
f 1252/1252 1254/1254 1301/1301
f 1121/1121 1302/1302 1120/1120
f 1121/1121 1303/1303 1302/1302
f 1124/1124 1303/1303 1121/1121
f 1124/1124 1304/1304 1303/1303
f 1126/1126 1304/1304 1124/1124
f 1126/1126 1305/1305 1304/1304
f 1104/1104 1305/1305 1126/1126
f 1303/1303 1306/1306 1302/1302
f 1303/1303 1307/1307 1306/1306
f 1304/1304 1307/1307 1303/1303
f 1304/1304 1308/1308 1307/1307
f 1305/1305 1308/1308 1304/1304
f 1307/1307 1309/1309 1306/1306
f 1307/1307 1310/1310 1309/1309
f 1308/1308 1310/1310 1307/1307
f 1310/1310 1311/1311 1309/1309
f 1310/1310 1312/1312 1311/1311
f 1310/1310 1313/1313 1312/1312
f 1308/1308 1313/1313 1310/1310
f 1308/1308 1314/1314 1313/1313
f 1305/1305 1314/1314 1308/1308
f 1305/1305 1286/1286 1314/1314
f 1104/1104 1286/1286 1305/1305
f 1313/1313 1315/1315 1312/1312
f 1313/1313 1316/1316 1315/1315
f 1314/1314 1316/1316 1313/1313
f 1314/1314 1290/1290 1316/1316
f 1286/1286 1290/1290 1314/1314
f 1316/1316 1317/1317 1315/1315
f 1316/1316 1293/1293 1317/1317
f 1290/1290 1293/1293 1316/1316
f 1293/1293 1295/1295 1317/1317
f 1137/1137 1318/1318 1136/1136
f 1137/1137 1319/1319 1318/1318
f 1140/1140 1319/1319 1137/1137
f 1140/1140 1320/1320 1319/1319
f 1142/1142 1320/1320 1140/1140
f 1142/1142 1321/1321 1320/1320
f 1120/1120 1321/1321 1142/1142
f 1319/1319 1322/1322 1318/1318
f 1319/1319 1323/1323 1322/1322
f 1320/1320 1323/1323 1319/1319
f 1320/1320 1324/1324 1323/1323
f 1321/1321 1324/1324 1320/1320
f 1323/1323 1325/1325 1322/1322
f 1323/1323 1326/1326 1325/1325
f 1324/1324 1326/1326 1323/1323
f 1326/1326 1327/1327 1325/1325
f 1326/1326 1328/1328 1327/1327
f 1326/1326 1329/1329 1328/1328
f 1324/1324 1329/1329 1326/1326
f 1324/1324 1330/1330 1329/1329
f 1321/1321 1330/1330 1324/1324
f 1321/1321 1302/1302 1330/1330
f 1120/1120 1302/1302 1321/1321
f 1329/1329 1331/1331 1328/1328
f 1329/1329 1332/1332 1331/1331
f 1330/1330 1332/1332 1329/1329
f 1330/1330 1306/1306 1332/1332
f 1302/1302 1306/1306 1330/1330
f 1332/1332 1333/1333 1331/1331
f 1332/1332 1309/1309 1333/1333
f 1306/1306 1309/1309 1332/1332
f 1309/1309 1311/1311 1333/1333
f 1154/1154 1334/1334 1153/1153
f 1154/1154 1335/1335 1334/1334
f 1157/1157 1335/1335 1154/1154
f 1157/1157 1336/1336 1335/1335
f 1159/1159 1336/1336 1157/1157
f 1159/1159 1337/1337 1336/1336
f 1136/1136 1337/1337 1159/1159
f 1335/1335 1338/1338 1334/1334
f 1335/1335 1339/1339 1338/1338
f 1336/1336 1339/1339 1335/1335
f 1336/1336 1340/1340 1339/1339
f 1337/1337 1340/1340 1336/1336
f 1339/1339 1341/1341 1338/1338
f 1339/1339 1342/1342 1341/1341
f 1340/1340 1342/1342 1339/1339
f 1342/1342 1343/1343 1341/1341
f 1342/1342 1344/1344 1343/1343
f 1342/1342 1345/1345 1344/1344
f 1346/1346 1345/1345 1342/1342
f 1346/1346 1347/1347 1345/1345
f 1337/1337 1347/1347 1346/1346
f 1337/1337 1318/1318 1347/1347
f 1136/1136 1318/1318 1337/1337
f 1345/1345 1348/1348 1344/1344
f 1345/1345 1349/1349 1348/1348
f 1347/1347 1349/1349 1345/1345
f 1347/1347 1322/1322 1349/1349
f 1318/1318 1322/1322 1347/1347
f 1349/1349 1350/1350 1348/1348
f 1349/1349 1325/1325 1350/1350
f 1322/1322 1325/1325 1349/1349
f 1325/1325 1327/1327 1350/1350
f 1353/1353 1352/1352 1351/1351
f 1353/1353 1354/1354 1352/1352
f 1355/1355 1354/1354 1353/1353
f 1355/1355 1356/1356 1354/1354
f 1357/1357 1356/1356 1355/1355
f 1357/1357 1200/1200 1356/1356
f 1202/1202 1200/1200 1357/1357
f 1354/1354 1358/1358 1352/1352
f 1354/1354 1359/1359 1358/1358
f 1356/1356 1359/1359 1354/1354
f 1356/1356 1198/1198 1359/1359
f 1200/1200 1198/1198 1356/1356
f 1359/1359 1360/1360 1358/1358
f 1359/1359 1196/1196 1360/1360
f 1198/1198 1196/1196 1359/1359
f 1196/1196 1153/1153 1360/1360
f 1361/1361 1341/1341 1343/1343
f 1361/1361 1362/1362 1341/1341
f 1363/1363 1362/1362 1361/1361
f 1363/1363 1364/1364 1362/1362
f 1365/1365 1364/1364 1363/1363
f 1365/1365 1352/1352 1364/1364
f 1351/1351 1352/1352 1365/1365
f 1362/1362 1338/1338 1341/1341
f 1362/1362 1366/1366 1338/1338
f 1364/1364 1366/1366 1362/1362
f 1364/1364 1358/1358 1366/1366
f 1352/1352 1358/1358 1364/1364
f 1366/1366 1334/1334 1338/1338
f 1366/1366 1360/1360 1334/1334
f 1358/1358 1360/1360 1366/1366
f 1360/1360 1153/1153 1334/1334
f 1367/1367 1361/1361 1343/1343
f 1367/1367 1368/1368 1361/1361
f 1369/1369 1368/1368 1367/1367
f 1369/1369 1370/1370 1368/1368
f 1371/1371 1370/1370 1369/1369
f 1371/1371 1372/1372 1370/1370
f 1373/1373 1372/1372 1371/1371
f 1368/1368 1363/1363 1361/1361
f 1368/1368 1374/1374 1363/1363
f 1370/1370 1374/1374 1368/1368
f 1370/1370 1375/1375 1374/1374
f 1372/1372 1375/1375 1370/1370
f 1374/1374 1365/1365 1363/1363
f 1374/1374 1376/1376 1365/1365
f 1375/1375 1376/1376 1374/1374
f 1376/1376 1351/1351 1365/1365
f 1377/1377 1367/1367 1343/1343
f 1377/1377 1378/1378 1367/1367
f 1379/1379 1378/1378 1377/1377
f 1379/1379 1380/1380 1378/1378
f 1381/1381 1380/1380 1379/1379
f 1381/1381 1382/1382 1380/1380
f 1383/1383 1382/1382 1381/1381
f 1378/1378 1369/1369 1367/1367
f 1378/1378 1384/1384 1369/1369
f 1380/1380 1384/1384 1378/1378
f 1380/1380 1385/1385 1384/1384
f 1382/1382 1385/1385 1380/1380
f 1384/1384 1371/1371 1369/1369
f 1384/1384 1386/1386 1371/1371
f 1385/1385 1386/1386 1384/1384
f 1386/1386 1373/1373 1371/1371
f 1387/1387 1377/1377 1343/1343
f 1387/1387 1388/1388 1377/1377
f 1389/1389 1388/1388 1387/1387
f 1389/1389 1390/1390 1388/1388
f 1391/1391 1390/1390 1389/1389
f 1391/1391 1392/1392 1390/1390
f 1393/1393 1392/1392 1391/1391
f 1388/1388 1379/1379 1377/1377
f 1388/1388 1394/1394 1379/1379
f 1390/1390 1394/1394 1388/1388
f 1390/1390 1395/1395 1394/1394
f 1392/1392 1395/1395 1390/1390
f 1394/1394 1381/1381 1379/1379
f 1394/1394 1396/1396 1381/1381
f 1395/1395 1396/1396 1394/1394
f 1396/1396 1383/1383 1381/1381
f 1399/1399 1398/1398 1397/1397
f 1399/1399 1400/1400 1398/1398
f 1401/1401 1400/1400 1399/1399
f 1401/1401 1402/1402 1400/1400
f 1403/1403 1402/1402 1401/1401
f 1403/1403 1404/1404 1402/1402
f 1405/1405 1404/1404 1403/1403
f 1400/1400 1406/1406 1398/1398
f 1400/1400 1407/1407 1406/1406
f 1402/1402 1407/1407 1400/1400
f 1402/1402 1408/1408 1407/1407
f 1404/1404 1408/1408 1402/1402
f 1407/1407 1409/1409 1406/1406
f 1407/1407 1410/1410 1409/1409
f 1408/1408 1410/1410 1407/1407
f 1410/1410 1411/1411 1409/1409
f 1412/1412 1399/1399 1397/1397
f 1412/1412 1413/1413 1399/1399
f 1414/1414 1413/1413 1412/1412
f 1414/1414 1415/1415 1413/1413
f 1416/1416 1415/1415 1414/1414
f 1416/1416 1417/1417 1415/1415
f 1418/1418 1417/1417 1416/1416
f 1413/1413 1401/1401 1399/1399
f 1413/1413 1419/1419 1401/1401
f 1415/1415 1419/1419 1413/1413
f 1415/1415 1420/1420 1419/1419
f 1417/1417 1420/1420 1415/1415
f 1419/1419 1403/1403 1401/1401
f 1419/1419 1421/1421 1403/1403
f 1420/1420 1421/1421 1419/1419
f 1421/1421 1405/1405 1403/1403
f 1422/1422 1409/1409 1411/1411
f 1422/1422 1423/1423 1409/1409
f 1424/1424 1423/1423 1422/1422
f 1424/1424 1425/1425 1423/1423
f 1426/1426 1425/1425 1424/1424
f 1426/1426 1427/1427 1425/1425
f 1428/1428 1427/1427 1426/1426
f 1423/1423 1406/1406 1409/1409
f 1423/1423 1429/1429 1406/1406
f 1425/1425 1429/1429 1423/1423
f 1425/1425 1430/1430 1429/1429
f 1427/1427 1430/1430 1425/1425
f 1429/1429 1398/1398 1406/1406
f 1429/1429 1431/1431 1398/1398
f 1430/1430 1431/1431 1429/1429
f 1431/1431 1397/1397 1398/1398
f 1433/1433 1432/1432 1206/1206
f 1433/1433 1434/1434 1432/1432
f 1435/1435 1434/1434 1433/1433
f 1435/1435 1436/1436 1434/1434
f 1437/1437 1436/1436 1435/1435
f 1437/1437 1438/1438 1436/1436
f 1439/1439 1438/1438 1437/1437
f 1434/1434 1440/1440 1432/1432
f 1434/1434 1441/1441 1440/1440
f 1436/1436 1441/1441 1434/1434
f 1436/1436 1442/1442 1441/1441
f 1438/1438 1442/1442 1436/1436
f 1441/1441 1443/1443 1440/1440
f 1441/1441 1444/1444 1443/1443
f 1442/1442 1444/1444 1441/1441
f 1444/1444 1445/1445 1443/1443
f 1446/1446 1433/1433 1206/1206
f 1446/1446 1447/1447 1433/1433
f 1448/1448 1447/1447 1446/1446
f 1448/1448 1449/1449 1447/1447
f 1450/1450 1449/1449 1448/1448
f 1450/1450 1451/1451 1449/1449
f 1452/1452 1451/1451 1450/1450
f 1447/1447 1435/1435 1433/1433
f 1447/1447 1453/1453 1435/1435
f 1449/1449 1453/1453 1447/1447
f 1449/1449 1454/1454 1453/1453
f 1451/1451 1454/1454 1449/1449
f 1453/1453 1437/1437 1435/1435
f 1453/1453 1455/1455 1437/1437
f 1454/1454 1455/1455 1453/1453
f 1455/1455 1439/1439 1437/1437
f 1240/1240 1446/1446 1206/1206
f 1240/1240 1456/1456 1446/1446
f 1239/1239 1456/1456 1240/1240
f 1239/1239 1457/1457 1456/1456
f 1236/1236 1457/1457 1239/1239
f 1236/1236 1458/1458 1457/1457
f 1237/1237 1458/1458 1236/1236
f 1456/1456 1448/1448 1446/1446
f 1456/1456 1459/1459 1448/1448
f 1457/1457 1459/1459 1456/1456
f 1457/1457 1460/1460 1459/1459
f 1458/1458 1460/1460 1457/1457
f 1459/1459 1450/1450 1448/1448
f 1459/1459 1461/1461 1450/1450
f 1460/1460 1461/1461 1459/1459
f 1461/1461 1452/1452 1450/1450
f 1463/1463 1462/1462 1445/1445
f 1463/1463 1464/1464 1462/1462
f 1465/1465 1464/1464 1463/1463
f 1465/1465 1466/1466 1464/1464
f 1467/1467 1466/1466 1465/1465
f 1467/1467 1416/1416 1466/1466
f 1418/1418 1416/1416 1467/1467
f 1464/1464 1468/1468 1462/1462
f 1464/1464 1469/1469 1468/1468
f 1466/1466 1469/1469 1464/1464
f 1466/1466 1414/1414 1469/1469
f 1416/1416 1414/1414 1466/1466
f 1469/1469 1470/1470 1468/1468
f 1469/1469 1412/1412 1470/1470
f 1414/1414 1412/1412 1469/1469
f 1412/1412 1397/1397 1470/1470
f 1444/1444 1463/1463 1445/1445
f 1444/1444 1471/1471 1463/1463
f 1442/1442 1471/1471 1444/1444
f 1442/1442 1472/1472 1471/1471
f 1438/1438 1472/1472 1442/1442
f 1438/1438 1473/1473 1472/1472
f 1439/1439 1473/1473 1438/1438
f 1471/1471 1465/1465 1463/1463
f 1471/1471 1474/1474 1465/1465
f 1472/1472 1474/1474 1471/1471
f 1472/1472 1475/1475 1474/1474
f 1473/1473 1475/1475 1472/1472
f 1474/1474 1467/1467 1465/1465
f 1474/1474 1476/1476 1467/1467
f 1475/1475 1476/1476 1474/1474
f 1476/1476 1418/1418 1467/1467
f 1271/1271 1477/1477 1254/1254
f 1271/1271 1478/1478 1477/1477
f 1277/1277 1478/1478 1271/1271
f 1277/1277 1479/1479 1478/1478
f 1279/1279 1479/1479 1277/1277
f 1279/1279 1480/1480 1479/1479
f 1206/1206 1480/1480 1279/1279
f 1478/1478 1481/1481 1477/1477
f 1478/1478 1482/1482 1481/1481
f 1479/1479 1482/1482 1478/1478
f 1479/1479 1483/1483 1482/1482
f 1480/1480 1483/1483 1479/1479
f 1482/1482 1484/1484 1481/1481
f 1482/1482 1485/1485 1484/1484
f 1483/1483 1485/1485 1482/1482
f 1485/1485 1486/1486 1484/1484
f 1485/1485 1487/1487 1486/1486
f 1485/1485 1488/1488 1487/1487
f 1483/1483 1488/1488 1485/1485
f 1483/1483 1489/1489 1488/1488
f 1480/1480 1489/1489 1483/1483
f 1480/1480 1432/1432 1489/1489
f 1206/1206 1432/1432 1480/1480
f 1488/1488 1490/1490 1487/1487
f 1488/1488 1491/1491 1490/1490
f 1489/1489 1491/1491 1488/1488
f 1489/1489 1440/1440 1491/1491
f 1432/1432 1440/1440 1489/1489
f 1491/1491 1492/1492 1490/1490
f 1491/1491 1443/1443 1492/1492
f 1440/1440 1443/1443 1491/1491
f 1443/1443 1445/1445 1492/1492
f 1296/1296 1493/1493 1295/1295
f 1296/1296 1494/1494 1493/1493
f 1299/1299 1494/1494 1296/1296
f 1299/1299 1495/1495 1494/1494
f 1301/1301 1495/1495 1299/1299
f 1301/1301 1496/1496 1495/1495
f 1254/1254 1496/1496 1301/1301
f 1494/1494 1497/1497 1493/1493
f 1494/1494 1498/1498 1497/1497
f 1495/1495 1498/1498 1494/1494
f 1495/1495 1499/1499 1498/1498
f 1496/1496 1499/1499 1495/1495
f 1498/1498 1500/1500 1497/1497
f 1498/1498 1501/1501 1500/1500
f 1499/1499 1501/1501 1498/1498
f 1501/1501 1502/1502 1500/1500
f 1501/1501 1503/1503 1502/1502
f 1501/1501 1504/1504 1503/1503
f 1499/1499 1504/1504 1501/1501
f 1499/1499 1505/1505 1504/1504
f 1496/1496 1505/1505 1499/1499
f 1496/1496 1477/1477 1505/1505
f 1254/1254 1477/1477 1496/1496
f 1504/1504 1506/1506 1503/1503
f 1504/1504 1507/1507 1506/1506
f 1505/1505 1507/1507 1504/1504
f 1505/1505 1481/1481 1507/1507
f 1477/1477 1481/1481 1505/1505
f 1507/1507 1508/1508 1506/1506
f 1507/1507 1509/1509 1508/1508
f 1481/1481 1509/1509 1507/1507
f 1509/1509 1486/1486 1508/1508
f 1312/1312 1510/1510 1311/1311
f 1312/1312 1511/1511 1510/1510
f 1315/1315 1511/1511 1312/1312
f 1315/1315 1512/1512 1511/1511
f 1317/1317 1512/1512 1315/1315
f 1317/1317 1513/1513 1512/1512
f 1295/1295 1513/1513 1317/1317
f 1511/1511 1514/1514 1510/1510
f 1511/1511 1515/1515 1514/1514
f 1512/1512 1515/1515 1511/1511
f 1512/1512 1516/1516 1515/1515
f 1513/1513 1516/1516 1512/1512
f 1515/1515 1517/1517 1514/1514
f 1515/1515 1518/1518 1517/1517
f 1516/1516 1518/1518 1515/1515
f 1518/1518 1519/1519 1517/1517
f 1518/1518 1520/1520 1519/1519
f 1518/1518 1521/1521 1520/1520
f 1516/1516 1521/1521 1518/1518
f 1516/1516 1522/1522 1521/1521
f 1513/1513 1522/1522 1516/1516
f 1513/1513 1493/1493 1522/1522
f 1295/1295 1493/1493 1513/1513
f 1521/1521 1523/1523 1520/1520
f 1521/1521 1524/1524 1523/1523
f 1522/1522 1524/1524 1521/1521
f 1522/1522 1497/1497 1524/1524
f 1493/1493 1497/1497 1522/1522
f 1524/1524 1525/1525 1523/1523
f 1524/1524 1500/1500 1525/1525
f 1497/1497 1500/1500 1524/1524
f 1500/1500 1502/1502 1525/1525
f 1328/1328 1526/1526 1327/1327
f 1328/1328 1527/1527 1526/1526
f 1331/1331 1527/1527 1328/1328
f 1331/1331 1528/1528 1527/1527
f 1333/1333 1528/1528 1331/1331
f 1333/1333 1529/1529 1528/1528
f 1311/1311 1529/1529 1333/1333
f 1527/1527 1530/1530 1526/1526
f 1527/1527 1531/1531 1530/1530
f 1528/1528 1531/1531 1527/1527
f 1528/1528 1532/1532 1531/1531
f 1529/1529 1532/1532 1528/1528
f 1531/1531 1533/1533 1530/1530
f 1531/1531 1534/1534 1533/1533
f 1532/1532 1534/1534 1531/1531
f 1534/1534 1535/1535 1533/1533
f 1534/1534 1536/1536 1535/1535
f 1534/1534 1537/1537 1536/1536
f 1532/1532 1537/1537 1534/1534
f 1532/1532 1538/1538 1537/1537
f 1529/1529 1538/1538 1532/1532
f 1529/1529 1510/1510 1538/1538
f 1311/1311 1510/1510 1529/1529
f 1537/1537 1539/1539 1536/1536
f 1537/1537 1540/1540 1539/1539
f 1538/1538 1540/1540 1537/1537
f 1538/1538 1514/1514 1540/1540
f 1510/1510 1514/1514 1538/1538
f 1540/1540 1541/1541 1539/1539
f 1540/1540 1517/1517 1541/1541
f 1514/1514 1517/1517 1540/1540
f 1517/1517 1519/1519 1541/1541
f 1542/1542 1350/1350 1327/1327
f 1542/1542 1543/1543 1350/1350
f 1544/1544 1543/1543 1542/1542
f 1544/1544 1545/1545 1543/1543
f 1546/1546 1545/1545 1544/1544
f 1546/1546 1547/1547 1545/1545
f 1548/1548 1547/1547 1546/1546
f 1543/1543 1348/1348 1350/1350
f 1543/1543 1549/1549 1348/1348
f 1545/1545 1549/1549 1543/1543
f 1545/1545 1550/1550 1549/1549
f 1547/1547 1550/1550 1545/1545
f 1549/1549 1344/1344 1348/1348
f 1549/1549 1551/1551 1344/1344
f 1550/1550 1551/1551 1549/1549
f 1551/1551 1343/1343 1344/1344
f 1552/1552 1542/1542 1327/1327
f 1552/1552 1553/1553 1542/1542
f 1554/1554 1553/1553 1552/1552
f 1554/1554 1555/1555 1553/1553
f 1556/1556 1555/1555 1554/1554
f 1556/1556 1557/1557 1555/1555
f 1558/1558 1557/1557 1556/1556
f 1553/1553 1544/1544 1542/1542
f 1553/1553 1559/1559 1544/1544
f 1555/1555 1559/1559 1553/1553
f 1555/1555 1560/1560 1559/1559
f 1557/1557 1560/1560 1555/1555
f 1559/1559 1546/1546 1544/1544
f 1559/1559 1561/1561 1546/1546
f 1560/1560 1561/1561 1559/1559
f 1561/1561 1548/1548 1546/1546
f 1562/1562 1552/1552 1327/1327
f 1562/1562 1563/1563 1552/1552
f 1564/1564 1563/1563 1562/1562
f 1564/1564 1565/1565 1563/1563
f 1566/1566 1565/1565 1564/1564
f 1566/1566 1567/1567 1565/1565
f 1568/1568 1567/1567 1566/1566
f 1563/1563 1554/1554 1552/1552
f 1563/1563 1569/1569 1554/1554
f 1565/1565 1569/1569 1563/1563
f 1565/1565 1570/1570 1569/1569
f 1567/1567 1570/1570 1565/1565
f 1569/1569 1556/1556 1554/1554
f 1569/1569 1571/1571 1556/1556
f 1570/1570 1571/1571 1569/1569
f 1571/1571 1558/1558 1556/1556
f 1573/1573 1572/1572 1535/1535
f 1573/1573 1574/1574 1572/1572
f 1575/1575 1574/1574 1573/1573
f 1575/1575 1576/1576 1574/1574
f 1577/1577 1576/1576 1575/1575
f 1577/1577 1566/1566 1576/1576
f 1568/1568 1566/1566 1577/1577
f 1574/1574 1530/1530 1572/1572
f 1574/1574 1578/1578 1530/1530
f 1576/1576 1578/1578 1574/1574
f 1576/1576 1564/1564 1578/1578
f 1566/1566 1564/1564 1576/1576
f 1578/1578 1526/1526 1530/1530
f 1578/1578 1562/1562 1526/1526
f 1564/1564 1562/1562 1578/1578
f 1562/1562 1327/1327 1526/1526
f 1579/1579 1573/1573 1535/1535
f 1579/1579 1580/1580 1573/1573
f 1581/1581 1580/1580 1579/1579
f 1581/1581 1582/1582 1580/1580
f 1583/1583 1582/1582 1581/1581
f 1583/1583 1584/1584 1582/1582
f 1585/1585 1584/1584 1583/1583
f 1580/1580 1575/1575 1573/1573
f 1580/1580 1586/1586 1575/1575
f 1582/1582 1586/1586 1580/1580
f 1582/1582 1587/1587 1586/1586
f 1584/1584 1587/1587 1582/1582
f 1586/1586 1577/1577 1575/1575
f 1586/1586 1588/1588 1577/1577
f 1587/1587 1588/1588 1586/1586
f 1588/1588 1568/1568 1577/1577
f 1591/1591 1590/1590 1589/1589
f 1591/1591 1592/1592 1590/1590
f 1593/1593 1592/1592 1591/1591
f 1593/1593 1594/1594 1592/1592
f 1595/1595 1594/1594 1593/1593
f 1595/1595 1391/1391 1594/1594
f 1393/1393 1391/1391 1595/1595
f 1592/1592 1596/1596 1590/1590
f 1592/1592 1597/1597 1596/1596
f 1594/1594 1597/1597 1592/1592
f 1594/1594 1389/1389 1597/1597
f 1391/1391 1389/1389 1594/1594
f 1597/1597 1598/1598 1596/1596
f 1597/1597 1387/1387 1598/1598
f 1389/1389 1387/1387 1597/1597
f 1387/1387 1343/1343 1598/1598
f 1599/1599 1547/1547 1548/1548
f 1599/1599 1600/1600 1547/1547
f 1601/1601 1600/1600 1599/1599
f 1601/1601 1602/1602 1600/1600
f 1603/1603 1602/1602 1601/1601
f 1603/1603 1590/1590 1602/1602
f 1589/1589 1590/1590 1603/1603
f 1600/1600 1550/1550 1547/1547
f 1600/1600 1604/1604 1550/1550
f 1602/1602 1604/1604 1600/1600
f 1602/1602 1596/1596 1604/1604
f 1590/1590 1596/1596 1602/1602
f 1604/1604 1551/1551 1550/1550
f 1604/1604 1598/1598 1551/1551
f 1596/1596 1598/1598 1604/1604
f 1598/1598 1343/1343 1551/1551
f 1607/1607 1606/1606 1605/1605
f 1607/1607 1608/1608 1606/1606
f 1609/1609 1608/1608 1607/1607
f 1609/1609 1610/1610 1608/1608
f 1611/1611 1610/1610 1609/1609
f 1611/1611 1612/1612 1610/1610
f 1613/1613 1612/1612 1611/1611
f 1608/1608 1614/1614 1606/1606
f 1608/1608 1615/1615 1614/1614
f 1610/1610 1615/1615 1608/1608
f 1610/1610 1616/1616 1615/1615
f 1612/1612 1616/1616 1610/1610
f 1615/1615 1617/1617 1614/1614
f 1615/1615 1618/1618 1617/1617
f 1616/1616 1618/1618 1615/1615
f 1618/1618 1619/1619 1617/1617
f 1620/1620 1612/1612 1613/1613
f 1620/1620 1621/1621 1612/1612
f 1622/1622 1621/1621 1620/1620
f 1622/1622 1623/1623 1621/1621
f 1624/1624 1623/1623 1622/1622
f 1624/1624 1625/1625 1623/1623
f 1626/1626 1625/1625 1624/1624
f 1621/1621 1616/1616 1612/1612
f 1621/1621 1627/1627 1616/1616
f 1623/1623 1627/1627 1621/1621
f 1623/1623 1628/1628 1627/1627
f 1625/1625 1628/1628 1623/1623
f 1627/1627 1618/1618 1616/1616
f 1627/1627 1629/1629 1618/1618
f 1628/1628 1629/1629 1627/1627
f 1629/1629 1619/1619 1618/1618
f 1632/1632 1631/1631 1630/1630
f 1632/1632 1633/1633 1631/1631
f 1634/1634 1633/1633 1632/1632
f 1634/1634 1635/1635 1633/1633
f 1636/1636 1635/1635 1634/1634
f 1636/1636 1637/1637 1635/1635
f 1638/1638 1637/1637 1636/1636
f 1633/1633 1639/1639 1631/1631
f 1633/1633 1640/1640 1639/1639
f 1635/1635 1640/1640 1633/1633
f 1635/1635 1641/1641 1640/1640
f 1637/1637 1641/1641 1635/1635
f 1640/1640 1642/1642 1639/1639
f 1640/1640 1643/1643 1642/1642
f 1641/1641 1643/1643 1640/1640
f 1643/1643 1644/1644 1642/1642
f 1646/1646 1645/1645 1644/1644
f 1646/1646 1647/1647 1645/1645
f 1648/1648 1647/1647 1646/1646
f 1648/1648 1649/1649 1647/1647
f 1650/1650 1649/1649 1648/1648
f 1650/1650 1606/1606 1649/1649
f 1605/1605 1606/1606 1650/1650
f 1647/1647 1651/1651 1645/1645
f 1647/1647 1652/1652 1651/1651
f 1649/1649 1652/1652 1647/1647
f 1649/1649 1614/1614 1652/1652
f 1606/1606 1614/1614 1649/1649
f 1652/1652 1653/1653 1651/1651
f 1652/1652 1617/1617 1653/1653
f 1614/1614 1617/1617 1652/1652
f 1617/1617 1619/1619 1653/1653
f 1654/1654 1646/1646 1644/1644
f 1654/1654 1655/1655 1646/1646
f 1656/1656 1655/1655 1654/1654
f 1656/1656 1657/1657 1655/1655
f 1658/1658 1657/1657 1656/1656
f 1658/1658 1659/1659 1657/1657
f 1660/1660 1659/1659 1658/1658
f 1655/1655 1648/1648 1646/1646
f 1655/1655 1661/1661 1648/1648
f 1657/1657 1661/1661 1655/1655
f 1657/1657 1662/1662 1661/1661
f 1659/1659 1662/1662 1657/1657
f 1661/1661 1650/1650 1648/1648
f 1661/1661 1663/1663 1650/1650
f 1662/1662 1663/1663 1661/1661
f 1663/1663 1605/1605 1650/1650
f 1643/1643 1654/1654 1644/1644
f 1643/1643 1664/1664 1654/1654
f 1641/1641 1664/1664 1643/1643
f 1641/1641 1665/1665 1664/1664
f 1637/1637 1665/1665 1641/1641
f 1637/1637 1666/1666 1665/1665
f 1638/1638 1666/1666 1637/1637
f 1664/1664 1656/1656 1654/1654
f 1664/1664 1667/1667 1656/1656
f 1665/1665 1667/1667 1664/1664
f 1665/1665 1668/1668 1667/1667
f 1666/1666 1668/1668 1665/1665
f 1667/1667 1658/1658 1656/1656
f 1667/1667 1669/1669 1658/1658
f 1668/1668 1669/1669 1667/1667
f 1669/1669 1660/1660 1658/1658
f 1671/1671 1670/1670 1397/1397
f 1671/1671 1672/1672 1670/1670
f 1673/1673 1672/1672 1671/1671
f 1673/1673 1674/1674 1672/1672
f 1675/1675 1674/1674 1673/1673
f 1675/1675 1676/1676 1674/1674
f 1677/1677 1676/1676 1675/1675
f 1672/1672 1678/1678 1670/1670
f 1672/1672 1679/1679 1678/1678
f 1674/1674 1679/1679 1672/1672
f 1674/1674 1680/1680 1679/1679
f 1676/1676 1680/1680 1674/1674
f 1679/1679 1681/1681 1678/1678
f 1679/1679 1682/1682 1681/1681
f 1680/1680 1682/1682 1679/1679
f 1682/1682 1683/1683 1681/1681
f 1684/1684 1671/1671 1397/1397
f 1684/1684 1685/1685 1671/1671
f 1686/1686 1685/1685 1684/1684
f 1686/1686 1687/1687 1685/1685
f 1688/1688 1687/1687 1686/1686
f 1688/1688 1689/1689 1687/1687
f 1690/1690 1689/1689 1688/1688
f 1685/1685 1673/1673 1671/1671
f 1685/1685 1691/1691 1673/1673
f 1687/1687 1691/1691 1685/1685
f 1687/1687 1692/1692 1691/1691
f 1689/1689 1692/1692 1687/1687
f 1691/1691 1675/1675 1673/1673
f 1691/1691 1693/1693 1675/1675
f 1692/1692 1693/1693 1691/1691
f 1693/1693 1677/1677 1675/1675
f 1431/1431 1684/1684 1397/1397
f 1431/1431 1694/1694 1684/1684
f 1430/1430 1694/1694 1431/1431
f 1430/1430 1695/1695 1694/1694
f 1427/1427 1695/1695 1430/1430
f 1427/1427 1696/1696 1695/1695
f 1428/1428 1696/1696 1427/1427
f 1694/1694 1686/1686 1684/1684
f 1694/1694 1697/1697 1686/1686
f 1695/1695 1697/1697 1694/1694
f 1695/1695 1698/1698 1697/1697
f 1696/1696 1698/1698 1695/1695
f 1697/1697 1688/1688 1686/1686
f 1697/1697 1699/1699 1688/1688
f 1698/1698 1699/1699 1697/1697
f 1699/1699 1690/1690 1688/1688
f 1701/1701 1700/1700 1683/1683
f 1701/1701 1702/1702 1700/1700
f 1703/1703 1702/1702 1701/1701
f 1703/1703 1704/1704 1702/1702
f 1705/1705 1704/1704 1703/1703
f 1705/1705 1631/1631 1704/1704
f 1630/1630 1631/1631 1705/1705
f 1702/1702 1706/1706 1700/1700
f 1702/1702 1707/1707 1706/1706
f 1704/1704 1707/1707 1702/1702
f 1704/1704 1639/1639 1707/1707
f 1631/1631 1639/1639 1704/1704
f 1707/1707 1708/1708 1706/1706
f 1707/1707 1642/1642 1708/1708
f 1639/1639 1642/1642 1707/1707
f 1642/1642 1644/1644 1708/1708
f 1682/1682 1701/1701 1683/1683
f 1682/1682 1709/1709 1701/1701
f 1680/1680 1709/1709 1682/1682
f 1680/1680 1710/1710 1709/1709
f 1676/1676 1710/1710 1680/1680
f 1676/1676 1711/1711 1710/1710
f 1677/1677 1711/1711 1676/1676
f 1709/1709 1703/1703 1701/1701
f 1709/1709 1712/1712 1703/1703
f 1710/1710 1712/1712 1709/1709
f 1710/1710 1713/1713 1712/1712
f 1711/1711 1713/1713 1710/1710
f 1712/1712 1705/1705 1703/1703
f 1712/1712 1714/1714 1705/1705
f 1713/1713 1714/1714 1712/1712
f 1714/1714 1630/1630 1705/1705
f 1462/1462 1715/1715 1445/1445
f 1462/1462 1716/1716 1715/1715
f 1468/1468 1716/1716 1462/1462
f 1468/1468 1717/1717 1716/1716
f 1470/1470 1717/1717 1468/1468
f 1470/1470 1718/1718 1717/1717
f 1397/1397 1718/1718 1470/1470
f 1716/1716 1719/1719 1715/1715
f 1716/1716 1720/1720 1719/1719
f 1717/1717 1720/1720 1716/1716
f 1717/1717 1721/1721 1720/1720
f 1718/1718 1721/1721 1717/1717
f 1720/1720 1722/1722 1719/1719
f 1720/1720 1723/1723 1722/1722
f 1721/1721 1723/1723 1720/1720
f 1723/1723 1724/1724 1722/1722
f 1723/1723 1725/1725 1724/1724
f 1723/1723 1726/1726 1725/1725
f 1721/1721 1726/1726 1723/1723
f 1721/1721 1727/1727 1726/1726
f 1718/1718 1727/1727 1721/1721
f 1718/1718 1670/1670 1727/1727
f 1397/1397 1670/1670 1718/1718
f 1726/1726 1728/1728 1725/1725
f 1726/1726 1729/1729 1728/1728
f 1727/1727 1729/1729 1726/1726
f 1727/1727 1678/1678 1729/1729
f 1670/1670 1678/1678 1727/1727
f 1729/1729 1730/1730 1728/1728
f 1729/1729 1681/1681 1730/1730
f 1678/1678 1681/1681 1729/1729
f 1681/1681 1683/1683 1730/1730
f 1487/1487 1731/1731 1486/1486
f 1487/1487 1732/1732 1731/1731
f 1490/1490 1732/1732 1487/1487
f 1490/1490 1733/1733 1732/1732
f 1492/1492 1733/1733 1490/1490
f 1492/1492 1734/1734 1733/1733
f 1445/1445 1734/1734 1492/1492
f 1732/1732 1735/1735 1731/1731
f 1732/1732 1736/1736 1735/1735
f 1733/1733 1736/1736 1732/1732
f 1733/1733 1737/1737 1736/1736
f 1734/1734 1737/1737 1733/1733
f 1736/1736 1738/1738 1735/1735
f 1736/1736 1739/1739 1738/1738
f 1737/1737 1739/1739 1736/1736
f 1739/1739 1740/1740 1738/1738
f 1739/1739 1741/1741 1740/1740
f 1739/1739 1742/1742 1741/1741
f 1737/1737 1742/1742 1739/1739
f 1737/1737 1743/1743 1742/1742
f 1734/1734 1743/1743 1737/1737
f 1734/1734 1715/1715 1743/1743
f 1445/1445 1715/1715 1734/1734
f 1742/1742 1744/1744 1741/1741
f 1742/1742 1745/1745 1744/1744
f 1743/1743 1745/1745 1742/1742
f 1743/1743 1719/1719 1745/1745
f 1715/1715 1719/1719 1743/1743
f 1745/1745 1746/1746 1744/1744
f 1745/1745 1722/1722 1746/1746
f 1719/1719 1722/1722 1745/1745
f 1722/1722 1724/1724 1746/1746
f 1503/1503 1747/1747 1502/1502
f 1503/1503 1748/1748 1747/1747
f 1506/1506 1748/1748 1503/1503
f 1506/1506 1749/1749 1748/1748
f 1508/1508 1749/1749 1506/1506
f 1508/1508 1750/1750 1749/1749
f 1486/1486 1750/1750 1508/1508
f 1748/1748 1751/1751 1747/1747
f 1748/1748 1752/1752 1751/1751
f 1749/1749 1752/1752 1748/1748
f 1749/1749 1753/1753 1752/1752
f 1750/1750 1753/1753 1749/1749
f 1752/1752 1754/1754 1751/1751
f 1752/1752 1755/1755 1754/1754
f 1753/1753 1755/1755 1752/1752
f 1755/1755 1756/1756 1754/1754
f 1755/1755 1757/1757 1756/1756
f 1755/1755 1758/1758 1757/1757
f 1753/1753 1758/1758 1755/1755
f 1753/1753 1759/1759 1758/1758
f 1750/1750 1759/1759 1753/1753
f 1750/1750 1731/1731 1759/1759
f 1486/1486 1731/1731 1750/1750
f 1758/1758 1760/1760 1757/1757
f 1758/1758 1761/1761 1760/1760
f 1759/1759 1761/1761 1758/1758
f 1759/1759 1735/1735 1761/1761
f 1731/1731 1735/1735 1759/1759
f 1761/1761 1762/1762 1760/1760
f 1761/1761 1738/1738 1762/1762
f 1735/1735 1738/1738 1761/1761
f 1738/1738 1740/1740 1762/1762
f 1520/1520 1763/1763 1519/1519
f 1520/1520 1764/1764 1763/1763
f 1523/1523 1764/1764 1520/1520
f 1523/1523 1765/1765 1764/1764
f 1525/1525 1765/1765 1523/1523
f 1525/1525 1766/1766 1765/1765
f 1502/1502 1766/1766 1525/1525
f 1764/1764 1767/1767 1763/1763
f 1764/1764 1768/1768 1767/1767
f 1765/1765 1768/1768 1764/1764
f 1765/1765 1769/1769 1768/1768
f 1766/1766 1769/1769 1765/1765
f 1768/1768 1770/1770 1767/1767
f 1768/1768 1771/1771 1770/1770
f 1769/1769 1771/1771 1768/1768
f 1771/1771 1772/1772 1770/1770
f 1771/1771 1773/1773 1772/1772
f 1771/1771 1774/1774 1773/1773
f 1769/1769 1774/1774 1771/1771
f 1769/1769 1775/1775 1774/1774
f 1766/1766 1775/1775 1769/1769
f 1766/1766 1747/1747 1775/1775
f 1502/1502 1747/1747 1766/1766
f 1774/1774 1776/1776 1773/1773
f 1774/1774 1777/1777 1776/1776
f 1775/1775 1777/1777 1774/1774
f 1775/1775 1751/1751 1777/1777
f 1747/1747 1751/1751 1775/1775
f 1777/1777 1778/1778 1776/1776
f 1777/1777 1754/1754 1778/1778
f 1751/1751 1754/1754 1777/1777
f 1754/1754 1756/1756 1778/1778
f 1779/1779 1541/1541 1519/1519
f 1779/1779 1780/1780 1541/1541
f 1781/1781 1780/1780 1779/1779
f 1781/1781 1782/1782 1780/1780
f 1783/1783 1782/1782 1781/1781
f 1783/1783 1784/1784 1782/1782
f 1785/1785 1784/1784 1783/1783
f 1780/1780 1539/1539 1541/1541
f 1780/1780 1786/1786 1539/1539
f 1782/1782 1786/1786 1780/1780
f 1782/1782 1787/1787 1786/1786
f 1784/1784 1787/1787 1782/1782
f 1786/1786 1788/1788 1539/1539
f 1786/1786 1789/1789 1788/1788
f 1787/1787 1789/1789 1786/1786
f 1789/1789 1535/1535 1788/1788
f 1790/1790 1779/1779 1519/1519
f 1790/1790 1791/1791 1779/1779
f 1792/1792 1791/1791 1790/1790
f 1792/1792 1793/1793 1791/1791
f 1794/1794 1793/1793 1792/1792
f 1794/1794 1795/1795 1793/1793
f 1796/1796 1795/1795 1794/1794
f 1791/1791 1781/1781 1779/1779
f 1791/1791 1797/1797 1781/1781
f 1793/1793 1797/1797 1791/1791
f 1793/1793 1798/1798 1797/1797
f 1795/1795 1798/1798 1793/1793
f 1797/1797 1783/1783 1781/1781
f 1797/1797 1799/1799 1783/1783
f 1798/1798 1799/1799 1797/1797
f 1799/1799 1785/1785 1783/1783
f 1800/1800 1770/1770 1772/1772
f 1800/1800 1801/1801 1770/1770
f 1802/1802 1801/1801 1800/1800
f 1802/1802 1803/1803 1801/1801
f 1804/1804 1803/1803 1802/1802
f 1804/1804 1794/1794 1803/1803
f 1796/1796 1794/1794 1804/1804
f 1801/1801 1767/1767 1770/1770
f 1801/1801 1805/1805 1767/1767
f 1803/1803 1805/1805 1801/1801
f 1803/1803 1792/1792 1805/1805
f 1794/1794 1792/1792 1803/1803
f 1805/1805 1763/1763 1767/1767
f 1805/1805 1790/1790 1763/1763
f 1792/1792 1790/1790 1805/1805
f 1790/1790 1519/1519 1763/1763
f 1806/1806 1800/1800 1772/1772
f 1806/1806 1807/1807 1800/1800
f 1808/1808 1807/1807 1806/1806
f 1808/1808 1809/1809 1807/1807
f 1810/1810 1809/1809 1808/1808
f 1810/1810 1811/1811 1809/1809
f 1812/1812 1811/1811 1810/1810
f 1807/1807 1802/1802 1800/1800
f 1807/1807 1813/1813 1802/1802
f 1809/1809 1813/1813 1807/1807
f 1809/1809 1814/1814 1813/1813
f 1811/1811 1814/1814 1809/1809
f 1813/1813 1804/1804 1802/1802
f 1813/1813 1815/1815 1804/1804
f 1814/1814 1815/1815 1813/1813
f 1815/1815 1796/1796 1804/1804
f 1818/1818 1817/1817 1816/1816
f 1818/1818 1819/1819 1817/1817
f 1820/1820 1819/1819 1818/1818
f 1820/1820 1821/1821 1819/1819
f 1822/1822 1821/1821 1820/1820
f 1822/1822 1583/1583 1821/1821
f 1585/1585 1583/1583 1822/1822
f 1819/1819 1823/1823 1817/1817
f 1819/1819 1824/1824 1823/1823
f 1821/1821 1824/1824 1819/1819
f 1821/1821 1581/1581 1824/1824
f 1583/1583 1581/1581 1821/1821
f 1824/1824 1825/1825 1823/1823
f 1824/1824 1579/1579 1825/1825
f 1581/1581 1579/1579 1824/1824
f 1579/1579 1535/1535 1825/1825
f 1826/1826 1818/1818 1816/1816
f 1826/1826 1827/1827 1818/1818
f 1828/1828 1827/1827 1826/1826
f 1828/1828 1829/1829 1827/1827
f 1830/1830 1829/1829 1828/1828
f 1830/1830 1831/1831 1829/1829
f 1832/1832 1831/1831 1830/1830
f 1827/1827 1820/1820 1818/1818
f 1827/1827 1833/1833 1820/1820
f 1829/1829 1833/1833 1827/1827
f 1829/1829 1834/1834 1833/1833
f 1831/1831 1834/1834 1829/1829
f 1833/1833 1822/1822 1820/1820
f 1833/1833 1835/1835 1822/1822
f 1834/1834 1835/1835 1833/1833
f 1835/1835 1585/1585 1822/1822
f 1836/1836 1784/1784 1785/1785
f 1836/1836 1837/1837 1784/1784
f 1838/1838 1837/1837 1836/1836
f 1838/1838 1839/1839 1837/1837
f 1840/1840 1839/1839 1838/1838
f 1840/1840 1817/1817 1839/1839
f 1816/1816 1817/1817 1840/1840
f 1837/1837 1787/1787 1784/1784
f 1837/1837 1841/1841 1787/1787
f 1839/1839 1841/1841 1837/1837
f 1839/1839 1823/1823 1841/1841
f 1817/1817 1823/1823 1839/1839
f 1841/1841 1789/1789 1787/1787
f 1841/1841 1825/1825 1789/1789
f 1823/1823 1825/1825 1841/1841
f 1825/1825 1535/1535 1789/1789
f 1842/1842 1836/1836 1785/1785
f 1842/1842 1843/1843 1836/1836
f 1844/1844 1843/1843 1842/1842
f 1844/1844 1845/1845 1843/1843
f 1846/1846 1845/1845 1844/1844
f 1846/1846 1847/1847 1845/1845
f 1848/1848 1847/1847 1846/1846
f 1843/1843 1838/1838 1836/1836
f 1843/1843 1849/1849 1838/1838
f 1845/1845 1849/1849 1843/1843
f 1845/1845 1850/1850 1849/1849
f 1847/1847 1850/1850 1845/1845
f 1849/1849 1840/1840 1838/1838
f 1849/1849 1851/1851 1840/1840
f 1850/1850 1851/1851 1849/1849
f 1851/1851 1816/1816 1840/1840
f 1854/1854 1853/1853 1852/1852
f 1854/1854 1855/1855 1853/1853
f 1856/1856 1855/1855 1854/1854
f 1856/1856 1857/1857 1855/1855
f 1858/1858 1857/1857 1856/1856
f 1858/1858 1859/1859 1857/1857
f 1860/1860 1859/1859 1858/1858
f 1855/1855 1861/1861 1853/1853
f 1855/1855 1862/1862 1861/1861
f 1857/1857 1862/1862 1855/1855
f 1857/1857 1863/1863 1862/1862
f 1859/1859 1863/1863 1857/1857
f 1862/1862 1864/1864 1861/1861
f 1862/1862 1865/1865 1864/1864
f 1863/1863 1865/1865 1862/1862
f 1865/1865 1866/1866 1864/1864
f 1867/1867 1859/1859 1860/1860
f 1867/1867 1868/1868 1859/1859
f 1869/1869 1868/1868 1867/1867
f 1869/1869 1870/1870 1868/1868
f 1871/1871 1870/1870 1869/1869
f 1871/1871 1872/1872 1870/1870
f 1873/1873 1872/1872 1871/1871
f 1868/1868 1863/1863 1859/1859
f 1868/1868 1874/1874 1863/1863
f 1870/1870 1874/1874 1868/1868
f 1870/1870 1875/1875 1874/1874
f 1872/1872 1875/1875 1870/1870
f 1874/1874 1865/1865 1863/1863
f 1874/1874 1876/1876 1865/1865
f 1875/1875 1876/1876 1874/1874
f 1876/1876 1866/1866 1865/1865
f 1877/1877 1867/1867 1860/1860
f 1877/1877 1878/1878 1867/1867
f 1879/1879 1878/1878 1877/1877
f 1879/1879 1880/1880 1878/1878
f 1881/1881 1880/1880 1879/1879
f 1881/1881 1882/1882 1880/1880
f 1883/1883 1882/1882 1881/1881
f 1878/1878 1869/1869 1867/1867
f 1878/1878 1884/1884 1869/1869
f 1880/1880 1884/1884 1878/1878
f 1880/1880 1885/1885 1884/1884
f 1882/1882 1885/1885 1880/1880
f 1884/1884 1871/1871 1869/1869
f 1884/1884 1886/1886 1871/1871
f 1885/1885 1886/1886 1884/1884
f 1886/1886 1873/1873 1871/1871
f 1888/1888 1887/1887 1619/1619
f 1888/1888 1889/1889 1887/1887
f 1890/1890 1889/1889 1888/1888
f 1890/1890 1891/1891 1889/1889
f 1892/1892 1891/1891 1890/1890
f 1892/1892 1893/1893 1891/1891
f 1894/1894 1893/1893 1892/1892
f 1889/1889 1895/1895 1887/1887
f 1889/1889 1896/1896 1895/1895
f 1891/1891 1896/1896 1889/1889
f 1891/1891 1897/1897 1896/1896
f 1893/1893 1897/1897 1891/1891
f 1896/1896 1898/1898 1895/1895
f 1896/1896 1899/1899 1898/1898
f 1897/1897 1899/1899 1896/1896
f 1899/1899 1900/1900 1898/1898
f 1901/1901 1888/1888 1619/1619
f 1901/1901 1902/1902 1888/1888
f 1903/1903 1902/1902 1901/1901
f 1903/1903 1904/1904 1902/1902
f 1905/1905 1904/1904 1903/1903
f 1905/1905 1906/1906 1904/1904
f 1907/1907 1906/1906 1905/1905
f 1902/1902 1890/1890 1888/1888
f 1902/1902 1908/1908 1890/1890
f 1904/1904 1908/1908 1902/1902
f 1904/1904 1909/1909 1908/1908
f 1906/1906 1909/1909 1904/1904
f 1908/1908 1892/1892 1890/1890
f 1908/1908 1910/1910 1892/1892
f 1909/1909 1910/1910 1908/1908
f 1910/1910 1894/1894 1892/1892
f 1629/1629 1901/1901 1619/1619
f 1629/1629 1911/1911 1901/1901
f 1628/1628 1911/1911 1629/1629
f 1628/1628 1912/1912 1911/1911
f 1625/1625 1912/1912 1628/1628
f 1625/1625 1913/1913 1912/1912
f 1626/1626 1913/1913 1625/1625
f 1911/1911 1903/1903 1901/1901
f 1911/1911 1914/1914 1903/1903
f 1912/1912 1914/1914 1911/1911
f 1912/1912 1915/1915 1914/1914
f 1913/1913 1915/1915 1912/1912
f 1914/1914 1905/1905 1903/1903
f 1914/1914 1916/1916 1905/1905
f 1915/1915 1916/1916 1914/1914
f 1916/1916 1907/1907 1905/1905
f 1918/1918 1917/1917 1900/1900
f 1918/1918 1919/1919 1917/1917
f 1920/1920 1919/1919 1918/1918
f 1920/1920 1921/1921 1919/1919
f 1922/1922 1921/1921 1920/1920
f 1922/1922 1853/1853 1921/1921
f 1852/1852 1853/1853 1922/1922
f 1919/1919 1923/1923 1917/1917
f 1919/1919 1924/1924 1923/1923
f 1921/1921 1924/1924 1919/1919
f 1921/1921 1861/1861 1924/1924
f 1853/1853 1861/1861 1921/1921
f 1924/1924 1925/1925 1923/1923
f 1924/1924 1864/1864 1925/1925
f 1861/1861 1864/1864 1924/1924
f 1864/1864 1866/1866 1925/1925
f 1899/1899 1918/1918 1900/1900
f 1899/1899 1926/1926 1918/1918
f 1897/1897 1926/1926 1899/1899
f 1897/1897 1927/1927 1926/1926
f 1893/1893 1927/1927 1897/1897
f 1893/1893 1928/1928 1927/1927
f 1894/1894 1928/1928 1893/1893
f 1926/1926 1920/1920 1918/1918
f 1926/1926 1929/1929 1920/1920
f 1927/1927 1929/1929 1926/1926
f 1927/1927 1930/1930 1929/1929
f 1928/1928 1930/1930 1927/1927
f 1929/1929 1922/1922 1920/1920
f 1929/1929 1931/1931 1922/1922
f 1930/1930 1931/1931 1929/1929
f 1931/1931 1852/1852 1922/1922
f 1645/1645 1932/1932 1644/1644
f 1645/1645 1933/1933 1932/1932
f 1651/1651 1933/1933 1645/1645
f 1651/1651 1934/1934 1933/1933
f 1653/1653 1934/1934 1651/1651
f 1653/1653 1935/1935 1934/1934
f 1619/1619 1935/1935 1653/1653
f 1933/1933 1936/1936 1932/1932
f 1933/1933 1937/1937 1936/1936
f 1934/1934 1937/1937 1933/1933
f 1934/1934 1938/1938 1937/1937
f 1935/1935 1938/1938 1934/1934
f 1937/1937 1939/1939 1936/1936
f 1937/1937 1940/1940 1939/1939
f 1938/1938 1940/1940 1937/1937
f 1940/1940 1941/1941 1939/1939
f 1940/1940 1942/1942 1941/1941
f 1940/1940 1943/1943 1942/1942
f 1938/1938 1943/1943 1940/1940
f 1938/1938 1944/1944 1943/1943
f 1935/1935 1944/1944 1938/1938
f 1935/1935 1887/1887 1944/1944
f 1619/1619 1887/1887 1935/1935
f 1943/1943 1945/1945 1942/1942
f 1943/1943 1946/1946 1945/1945
f 1944/1944 1946/1946 1943/1943
f 1944/1944 1895/1895 1946/1946
f 1887/1887 1895/1895 1944/1944
f 1946/1946 1947/1947 1945/1945
f 1946/1946 1898/1898 1947/1947
f 1895/1895 1898/1898 1946/1946
f 1898/1898 1900/1900 1947/1947
f 1700/1700 1948/1948 1683/1683
f 1700/1700 1949/1949 1948/1948
f 1706/1706 1949/1949 1700/1700
f 1706/1706 1950/1950 1949/1949
f 1708/1708 1950/1950 1706/1706
f 1708/1708 1951/1951 1950/1950
f 1644/1644 1951/1951 1708/1708
f 1949/1949 1952/1952 1948/1948
f 1949/1949 1953/1953 1952/1952
f 1950/1950 1953/1953 1949/1949
f 1950/1950 1954/1954 1953/1953
f 1951/1951 1954/1954 1950/1950
f 1953/1953 1955/1955 1952/1952
f 1953/1953 1956/1956 1955/1955
f 1954/1954 1956/1956 1953/1953
f 1956/1956 1957/1957 1955/1955
f 1956/1956 1958/1958 1957/1957
f 1956/1956 1959/1959 1958/1958
f 1954/1954 1959/1959 1956/1956
f 1954/1954 1960/1960 1959/1959
f 1951/1951 1960/1960 1954/1954
f 1951/1951 1932/1932 1960/1960
f 1644/1644 1932/1932 1951/1951
f 1959/1959 1961/1961 1958/1958
f 1959/1959 1962/1962 1961/1961
f 1960/1960 1962/1962 1959/1959
f 1960/1960 1936/1936 1962/1962
f 1932/1932 1936/1936 1960/1960
f 1962/1962 1963/1963 1961/1961
f 1962/1962 1939/1939 1963/1963
f 1936/1936 1939/1939 1962/1962
f 1939/1939 1941/1941 1963/1963
f 1725/1725 1964/1964 1724/1724
f 1725/1725 1965/1965 1964/1964
f 1728/1728 1965/1965 1725/1725
f 1728/1728 1966/1966 1965/1965
f 1730/1730 1966/1966 1728/1728
f 1730/1730 1967/1967 1966/1966
f 1683/1683 1967/1967 1730/1730
f 1965/1965 1968/1968 1964/1964
f 1965/1965 1969/1969 1968/1968
f 1966/1966 1969/1969 1965/1965
f 1966/1966 1970/1970 1969/1969
f 1967/1967 1970/1970 1966/1966
f 1969/1969 1971/1971 1968/1968
f 1969/1969 1972/1972 1971/1971
f 1970/1970 1972/1972 1969/1969
f 1972/1972 1973/1973 1971/1971
f 1972/1972 1974/1974 1973/1973
f 1972/1972 1975/1975 1974/1974
f 1970/1970 1975/1975 1972/1972
f 1970/1970 1976/1976 1975/1975
f 1967/1967 1976/1976 1970/1970
f 1967/1967 1948/1948 1976/1976
f 1683/1683 1948/1948 1967/1967
f 1975/1975 1977/1977 1974/1974
f 1975/1975 1978/1978 1977/1977
f 1976/1976 1978/1978 1975/1975
f 1976/1976 1952/1952 1978/1978
f 1948/1948 1952/1952 1976/1976
f 1978/1978 1979/1979 1977/1977
f 1978/1978 1955/1955 1979/1979
f 1952/1952 1955/1955 1978/1978
f 1955/1955 1957/1957 1979/1979
f 1741/1741 1980/1980 1740/1740
f 1741/1741 1981/1981 1980/1980
f 1744/1744 1981/1981 1741/1741
f 1744/1744 1982/1982 1981/1981
f 1746/1746 1982/1982 1744/1744
f 1746/1746 1983/1983 1982/1982
f 1724/1724 1983/1983 1746/1746
f 1981/1981 1984/1984 1980/1980
f 1981/1981 1985/1985 1984/1984
f 1982/1982 1985/1985 1981/1981
f 1982/1982 1986/1986 1985/1985
f 1983/1983 1986/1986 1982/1982
f 1985/1985 1987/1987 1984/1984
f 1985/1985 1988/1988 1987/1987
f 1986/1986 1988/1988 1985/1985
f 1988/1988 1989/1989 1987/1987
f 1988/1988 1990/1990 1989/1989
f 1988/1988 1991/1991 1990/1990
f 1986/1986 1991/1991 1988/1988
f 1986/1986 1992/1992 1991/1991
f 1983/1983 1992/1992 1986/1986
f 1983/1983 1964/1964 1992/1992
f 1724/1724 1964/1964 1983/1983
f 1991/1991 1993/1993 1990/1990
f 1991/1991 1994/1994 1993/1993
f 1992/1992 1994/1994 1991/1991
f 1992/1992 1968/1968 1994/1994
f 1964/1964 1968/1968 1992/1992
f 1994/1994 1995/1995 1993/1993
f 1994/1994 1971/1971 1995/1995
f 1968/1968 1971/1971 1994/1994
f 1971/1971 1973/1973 1995/1995
f 1757/1757 1996/1996 1756/1756
f 1757/1757 1997/1997 1996/1996
f 1760/1760 1997/1997 1757/1757
f 1760/1760 1998/1998 1997/1997
f 1762/1762 1998/1998 1760/1760
f 1762/1762 1999/1999 1998/1998
f 1740/1740 1999/1999 1762/1762
f 1997/1997 2000/2000 1996/1996
f 1997/1997 2001/2001 2000/2000
f 1998/1998 2001/2001 1997/1997
f 1998/1998 2002/2002 2001/2001
f 1999/1999 2002/2002 1998/1998
f 2001/2001 2003/2003 2000/2000
f 2001/2001 2004/2004 2003/2003
f 2002/2002 2004/2004 2001/2001
f 2004/2004 2005/2005 2003/2003
f 2004/2004 2006/2006 2005/2005
f 2004/2004 2007/2007 2006/2006
f 2002/2002 2007/2007 2004/2004
f 2002/2002 2008/2008 2007/2007
f 1999/1999 2008/2008 2002/2002
f 1999/1999 1980/1980 2008/2008
f 1740/1740 1980/1980 1999/1999
f 2007/2007 2009/2009 2006/2006
f 2007/2007 2010/2010 2009/2009
f 2008/2008 2010/2010 2007/2007
f 2008/2008 1984/1984 2010/2010
f 1980/1980 1984/1984 2008/2008
f 2010/2010 2011/2011 2009/2009
f 2010/2010 1987/1987 2011/2011
f 1984/1984 1987/1987 2010/2010
f 1987/1987 1989/1989 2011/2011
f 1773/1773 2012/2012 1772/1772
f 1773/1773 2013/2013 2012/2012
f 1776/1776 2013/2013 1773/1773
f 1776/1776 2014/2014 2013/2013
f 1778/1778 2014/2014 1776/1776
f 1778/1778 2015/2015 2014/2014
f 1756/1756 2015/2015 1778/1778
f 2013/2013 2016/2016 2012/2012
f 2013/2013 2017/2017 2016/2016
f 2014/2014 2017/2017 2013/2013
f 2014/2014 2018/2018 2017/2017
f 2015/2015 2018/2018 2014/2014
f 2017/2017 2019/2019 2016/2016
f 2017/2017 2020/2020 2019/2019
f 2018/2018 2020/2020 2017/2017
f 2020/2020 2021/2021 2019/2019
f 2020/2020 2022/2022 2021/2021
f 2020/2020 2023/2023 2022/2022
f 2018/2018 2023/2023 2020/2020
f 2018/2018 2024/2024 2023/2023
f 2015/2015 2024/2024 2018/2018
f 2015/2015 1996/1996 2024/2024
f 1756/1756 1996/1996 2015/2015
f 2023/2023 2025/2025 2022/2022
f 2023/2023 2026/2026 2025/2025
f 2024/2024 2026/2026 2023/2023
f 2024/2024 2000/2000 2026/2026
f 1996/1996 2000/2000 2024/2024
f 2026/2026 2027/2027 2025/2025
f 2026/2026 2003/2003 2027/2027
f 2000/2000 2003/2003 2026/2026
f 2003/2003 2005/2005 2027/2027
f 2030/2030 2029/2029 2028/2028
f 2030/2030 2031/2031 2029/2029
f 2032/2032 2031/2031 2030/2030
f 2032/2032 2033/2033 2031/2031
f 2034/2034 2033/2033 2032/2032
f 2034/2034 1810/1810 2033/2033
f 1812/1812 1810/1810 2034/2034
f 2031/2031 2035/2035 2029/2029
f 2031/2031 2036/2036 2035/2035
f 2033/2033 2036/2036 2031/2031
f 2033/2033 1808/1808 2036/2036
f 1810/1810 1808/1808 2033/2033
f 2036/2036 2037/2037 2035/2035
f 2036/2036 1806/1806 2037/2037
f 1808/1808 1806/1806 2036/2036
f 1806/1806 1772/1772 2037/2037
f 2038/2038 2030/2030 2028/2028
f 2038/2038 2039/2039 2030/2030
f 2040/2040 2039/2039 2038/2038
f 2040/2040 2041/2041 2039/2039
f 2042/2042 2041/2041 2040/2040
f 2042/2042 2043/2043 2041/2041
f 2044/2044 2043/2043 2042/2042
f 2039/2039 2032/2032 2030/2030
f 2039/2039 2045/2045 2032/2032
f 2041/2041 2045/2045 2039/2039
f 2041/2041 2046/2046 2045/2045
f 2043/2043 2046/2046 2041/2041
f 2045/2045 2034/2034 2032/2032
f 2045/2045 2047/2047 2034/2034
f 2046/2046 2047/2047 2045/2045
f 2047/2047 1812/1812 2034/2034
f 2048/2048 2019/2019 2021/2021
f 2048/2048 2049/2049 2019/2019
f 2050/2050 2049/2049 2048/2048
f 2050/2050 2051/2051 2049/2049
f 2052/2052 2051/2051 2050/2050
f 2052/2052 2029/2029 2051/2051
f 2028/2028 2029/2029 2052/2052
f 2049/2049 2016/2016 2019/2019
f 2049/2049 2053/2053 2016/2016
f 2051/2051 2053/2053 2049/2049
f 2051/2051 2035/2035 2053/2053
f 2029/2029 2035/2035 2051/2051
f 2053/2053 2012/2012 2016/2016
f 2053/2053 2037/2037 2012/2012
f 2035/2035 2037/2037 2053/2053
f 2037/2037 1772/1772 2012/2012
f 2054/2054 2048/2048 2021/2021
f 2054/2054 2055/2055 2048/2048
f 2056/2056 2055/2055 2054/2054
f 2056/2056 2057/2057 2055/2055
f 2058/2058 2057/2057 2056/2056
f 2058/2058 2059/2059 2057/2057
f 2060/2060 2059/2059 2058/2058
f 2055/2055 2050/2050 2048/2048
f 2055/2055 2061/2061 2050/2050
f 2057/2057 2061/2061 2055/2055
f 2057/2057 2062/2062 2061/2061
f 2059/2059 2062/2062 2057/2057
f 2061/2061 2052/2052 2050/2050
f 2061/2061 2063/2063 2052/2052
f 2062/2062 2063/2063 2061/2061
f 2063/2063 2028/2028 2052/2052
f 2064/2064 2054/2054 2021/2021
f 2064/2064 2065/2065 2054/2054
f 2066/2066 2065/2065 2064/2064
f 2066/2066 2067/2067 2065/2065
f 2068/2068 2067/2067 2066/2066
f 2068/2068 2069/2069 2067/2067
f 2070/2070 2069/2069 2068/2068
f 2065/2065 2056/2056 2054/2054
f 2065/2065 2071/2071 2056/2056
f 2067/2067 2071/2071 2065/2065
f 2067/2067 2072/2072 2071/2071
f 2069/2069 2072/2072 2067/2067
f 2071/2071 2058/2058 2056/2056
f 2071/2071 2073/2073 2058/2058
f 2072/2072 2073/2073 2071/2071
f 2073/2073 2060/2060 2058/2058
f 2076/2076 2075/2075 2074/2074
f 2076/2076 2077/2077 2075/2075
f 2078/2078 2077/2077 2076/2076
f 2078/2078 2079/2079 2077/2077
f 2080/2080 2079/2079 2078/2078
f 2080/2080 2081/2081 2079/2079
f 2082/2082 2081/2081 2080/2080
f 2077/2077 2083/2083 2075/2075
f 2077/2077 2084/2084 2083/2083
f 2079/2079 2084/2084 2077/2077
f 2079/2079 2085/2085 2084/2084
f 2081/2081 2085/2085 2079/2079
f 2084/2084 2086/2086 2083/2083
f 2084/2084 2087/2087 2086/2086
f 2085/2085 2087/2087 2084/2084
f 2087/2087 2088/2088 2086/2086
f 2089/2089 2081/2081 2082/2082
f 2089/2089 2090/2090 2081/2081
f 2091/2091 2090/2090 2089/2089
f 2091/2091 2092/2092 2090/2090
f 2093/2093 2092/2092 2091/2091
f 2093/2093 2094/2094 2092/2092
f 2095/2095 2094/2094 2093/2093
f 2090/2090 2085/2085 2081/2081
f 2090/2090 2096/2096 2085/2085
f 2092/2092 2096/2096 2090/2090
f 2092/2092 2097/2097 2096/2096
f 2094/2094 2097/2097 2092/2092
f 2096/2096 2087/2087 2085/2085
f 2096/2096 2098/2098 2087/2087
f 2097/2097 2098/2098 2096/2096
f 2098/2098 2088/2088 2087/2087
f 2100/2100 2099/2099 1866/1866
f 2100/2100 2101/2101 2099/2099
f 2102/2102 2101/2101 2100/2100
f 2102/2102 2103/2103 2101/2101
f 2104/2104 2103/2103 2102/2102
f 2104/2104 2105/2105 2103/2103
f 2106/2106 2105/2105 2104/2104
f 2101/2101 2107/2107 2099/2099
f 2101/2101 2108/2108 2107/2107
f 2103/2103 2108/2108 2101/2101
f 2103/2103 2109/2109 2108/2108
f 2105/2105 2109/2109 2103/2103
f 2108/2108 2110/2110 2107/2107
f 2108/2108 2111/2111 2110/2110
f 2109/2109 2111/2111 2108/2108
f 2111/2111 2112/2112 2110/2110
f 1876/1876 2100/2100 1866/1866
f 1876/1876 2113/2113 2100/2100
f 1875/1875 2113/2113 1876/1876
f 1875/1875 2114/2114 2113/2113
f 1872/1872 2114/2114 1875/1875
f 1872/1872 2115/2115 2114/2114
f 1873/1873 2115/2115 1872/1872
f 2113/2113 2102/2102 2100/2100
f 2113/2113 2116/2116 2102/2102
f 2114/2114 2116/2116 2113/2113
f 2114/2114 2117/2117 2116/2116
f 2115/2115 2117/2117 2114/2114
f 2116/2116 2104/2104 2102/2102
f 2116/2116 2118/2118 2104/2104
f 2117/2117 2118/2118 2116/2116
f 2118/2118 2106/2106 2104/2104
f 2120/2120 2119/2119 2112/2112
f 2120/2120 2121/2121 2119/2119
f 2122/2122 2121/2121 2120/2120
f 2122/2122 2123/2123 2121/2121
f 2124/2124 2123/2123 2122/2122
f 2124/2124 2075/2075 2123/2123
f 2074/2074 2075/2075 2124/2124
f 2121/2121 2125/2125 2119/2119
f 2121/2121 2126/2126 2125/2125
f 2123/2123 2126/2126 2121/2121
f 2123/2123 2083/2083 2126/2126
f 2075/2075 2083/2083 2123/2123
f 2126/2126 2127/2127 2125/2125
f 2126/2126 2086/2086 2127/2127
f 2083/2083 2086/2086 2126/2126
f 2086/2086 2088/2088 2127/2127
f 2128/2128 2120/2120 2112/2112
f 2128/2128 2129/2129 2120/2120
f 2130/2130 2129/2129 2128/2128
f 2130/2130 2131/2131 2129/2129
f 2132/2132 2131/2131 2130/2130
f 2132/2132 2133/2133 2131/2131
f 2134/2134 2133/2133 2132/2132
f 2129/2129 2122/2122 2120/2120
f 2129/2129 2135/2135 2122/2122
f 2131/2131 2135/2135 2129/2129
f 2131/2131 2136/2136 2135/2135
f 2133/2133 2136/2136 2131/2131
f 2135/2135 2124/2124 2122/2122
f 2135/2135 2137/2137 2124/2124
f 2136/2136 2137/2137 2135/2135
f 2137/2137 2074/2074 2124/2124
f 2111/2111 2128/2128 2112/2112
f 2111/2111 2138/2138 2128/2128
f 2109/2109 2138/2138 2111/2111
f 2109/2109 2139/2139 2138/2138
f 2105/2105 2139/2139 2109/2109
f 2105/2105 2140/2140 2139/2139
f 2106/2106 2140/2140 2105/2105
f 2138/2138 2130/2130 2128/2128
f 2138/2138 2141/2141 2130/2130
f 2139/2139 2141/2141 2138/2138
f 2139/2139 2142/2142 2141/2141
f 2140/2140 2142/2142 2139/2139
f 2141/2141 2132/2132 2130/2130
f 2141/2141 2143/2143 2132/2132
f 2142/2142 2143/2143 2141/2141
f 2143/2143 2134/2134 2132/2132
f 1917/1917 2144/2144 1900/1900
f 1917/1917 2145/2145 2144/2144
f 1923/1923 2145/2145 1917/1917
f 1923/1923 2146/2146 2145/2145
f 1925/1925 2146/2146 1923/1923
f 1925/1925 2147/2147 2146/2146
f 1866/1866 2147/2147 1925/1925
f 2145/2145 2148/2148 2144/2144
f 2145/2145 2149/2149 2148/2148
f 2146/2146 2149/2149 2145/2145
f 2146/2146 2150/2150 2149/2149
f 2147/2147 2150/2150 2146/2146
f 2149/2149 2151/2151 2148/2148
f 2149/2149 2152/2152 2151/2151
f 2150/2150 2152/2152 2149/2149
f 2152/2152 2153/2153 2151/2151
f 2152/2152 2154/2154 2153/2153
f 2152/2152 2155/2155 2154/2154
f 2150/2150 2155/2155 2152/2152
f 2150/2150 2156/2156 2155/2155
f 2147/2147 2156/2156 2150/2150
f 2147/2147 2099/2099 2156/2156
f 1866/1866 2099/2099 2147/2147
f 2155/2155 2157/2157 2154/2154
f 2155/2155 2158/2158 2157/2157
f 2156/2156 2158/2158 2155/2155
f 2156/2156 2107/2107 2158/2158
f 2099/2099 2107/2107 2156/2156
f 2158/2158 2159/2159 2157/2157
f 2158/2158 2110/2110 2159/2159
f 2107/2107 2110/2110 2158/2158
f 2110/2110 2112/2112 2159/2159
f 1942/1942 2160/2160 1941/1941
f 1942/1942 2161/2161 2160/2160
f 1945/1945 2161/2161 1942/1942
f 1945/1945 2162/2162 2161/2161
f 1947/1947 2162/2162 1945/1945
f 1947/1947 2163/2163 2162/2162
f 1900/1900 2163/2163 1947/1947
f 2161/2161 2164/2164 2160/2160
f 2161/2161 2165/2165 2164/2164
f 2162/2162 2165/2165 2161/2161
f 2162/2162 2166/2166 2165/2165
f 2163/2163 2166/2166 2162/2162
f 2165/2165 2167/2167 2164/2164
f 2165/2165 2168/2168 2167/2167
f 2166/2166 2168/2168 2165/2165
f 2168/2168 2169/2169 2167/2167
f 2168/2168 2170/2170 2169/2169
f 2168/2168 2171/2171 2170/2170
f 2166/2166 2171/2171 2168/2168
f 2166/2166 2172/2172 2171/2171
f 2163/2163 2172/2172 2166/2166
f 2163/2163 2144/2144 2172/2172
f 1900/1900 2144/2144 2163/2163
f 2171/2171 2173/2173 2170/2170
f 2171/2171 2174/2174 2173/2173
f 2172/2172 2174/2174 2171/2171
f 2172/2172 2148/2148 2174/2174
f 2144/2144 2148/2148 2172/2172
f 2174/2174 2175/2175 2173/2173
f 2174/2174 2151/2151 2175/2175
f 2148/2148 2151/2151 2174/2174
f 2151/2151 2153/2153 2175/2175
f 1958/1958 2176/2176 1957/1957
f 1958/1958 2177/2177 2176/2176
f 1961/1961 2177/2177 1958/1958
f 1961/1961 2178/2178 2177/2177
f 1963/1963 2178/2178 1961/1961
f 1963/1963 2179/2179 2178/2178
f 1941/1941 2179/2179 1963/1963
f 2177/2177 2180/2180 2176/2176
f 2177/2177 2181/2181 2180/2180
f 2178/2178 2181/2181 2177/2177
f 2178/2178 2182/2182 2181/2181
f 2179/2179 2182/2182 2178/2178
f 2181/2181 2183/2183 2180/2180
f 2181/2181 2184/2184 2183/2183
f 2182/2182 2184/2184 2181/2181
f 2184/2184 2185/2185 2183/2183
f 2184/2184 2186/2186 2185/2185
f 2184/2184 2187/2187 2186/2186
f 2182/2182 2187/2187 2184/2184
f 2182/2182 2188/2188 2187/2187
f 2179/2179 2188/2188 2182/2182
f 2179/2179 2160/2160 2188/2188
f 1941/1941 2160/2160 2179/2179
f 2187/2187 2189/2189 2186/2186
f 2187/2187 2190/2190 2189/2189
f 2188/2188 2190/2190 2187/2187
f 2188/2188 2164/2164 2190/2190
f 2160/2160 2164/2164 2188/2188
f 2190/2190 2191/2191 2189/2189
f 2190/2190 2167/2167 2191/2191
f 2164/2164 2167/2167 2190/2190
f 2167/2167 2169/2169 2191/2191
f 1974/1974 2192/2192 1973/1973
f 1974/1974 2193/2193 2192/2192
f 1977/1977 2193/2193 1974/1974
f 1977/1977 2194/2194 2193/2193
f 1979/1979 2194/2194 1977/1977
f 1979/1979 2195/2195 2194/2194
f 1957/1957 2195/2195 1979/1979
f 2193/2193 2196/2196 2192/2192
f 2193/2193 2197/2197 2196/2196
f 2194/2194 2197/2197 2193/2193
f 2194/2194 2198/2198 2197/2197
f 2195/2195 2198/2198 2194/2194
f 2197/2197 2199/2199 2196/2196
f 2197/2197 2200/2200 2199/2199
f 2198/2198 2200/2200 2197/2197
f 2200/2200 2201/2201 2199/2199
f 2200/2200 2202/2202 2201/2201
f 2200/2200 2203/2203 2202/2202
f 2198/2198 2203/2203 2200/2200
f 2198/2198 2204/2204 2203/2203
f 2195/2195 2204/2204 2198/2198
f 2195/2195 2176/2176 2204/2204
f 1957/1957 2176/2176 2195/2195
f 2203/2203 2205/2205 2202/2202
f 2203/2203 2206/2206 2205/2205
f 2204/2204 2206/2206 2203/2203
f 2204/2204 2180/2180 2206/2206
f 2176/2176 2180/2180 2204/2204
f 2206/2206 2207/2207 2205/2205
f 2206/2206 2183/2183 2207/2207
f 2180/2180 2183/2183 2206/2206
f 2183/2183 2185/2185 2207/2207
f 1990/1990 2208/2208 1989/1989
f 1990/1990 2209/2209 2208/2208
f 1993/1993 2209/2209 1990/1990
f 1993/1993 2210/2210 2209/2209
f 1995/1995 2210/2210 1993/1993
f 1995/1995 2211/2211 2210/2210
f 1973/1973 2211/2211 1995/1995
f 2209/2209 2212/2212 2208/2208
f 2209/2209 2213/2213 2212/2212
f 2210/2210 2213/2213 2209/2209
f 2210/2210 2214/2214 2213/2213
f 2211/2211 2214/2214 2210/2210
f 2213/2213 2215/2215 2212/2212
f 2213/2213 2216/2216 2215/2215
f 2214/2214 2216/2216 2213/2213
f 2216/2216 2217/2217 2215/2215
f 2216/2216 2218/2218 2217/2217
f 2216/2216 2219/2219 2218/2218
f 2214/2214 2219/2219 2216/2216
f 2214/2214 2220/2220 2219/2219
f 2211/2211 2220/2220 2214/2214
f 2211/2211 2192/2192 2220/2220
f 1973/1973 2192/2192 2211/2211
f 2219/2219 2221/2221 2218/2218
f 2219/2219 2222/2222 2221/2221
f 2220/2220 2222/2222 2219/2219
f 2220/2220 2196/2196 2222/2222
f 2192/2192 2196/2196 2220/2220
f 2222/2222 2223/2223 2221/2221
f 2222/2222 2199/2199 2223/2223
f 2196/2196 2199/2199 2222/2222
f 2199/2199 2201/2201 2223/2223
f 2006/2006 2224/2224 2005/2005
f 2006/2006 2225/2225 2224/2224
f 2009/2009 2225/2225 2006/2006
f 2009/2009 2226/2226 2225/2225
f 2011/2011 2226/2226 2009/2009
f 2011/2011 2227/2227 2226/2226
f 1989/1989 2227/2227 2011/2011
f 2225/2225 2228/2228 2224/2224
f 2225/2225 2229/2229 2228/2228
f 2226/2226 2229/2229 2225/2225
f 2226/2226 2230/2230 2229/2229
f 2227/2227 2230/2230 2226/2226
f 2229/2229 2231/2231 2228/2228
f 2229/2229 2232/2232 2231/2231
f 2230/2230 2232/2232 2229/2229
f 2232/2232 2233/2233 2231/2231
f 2232/2232 2234/2234 2233/2233
f 2232/2232 2235/2235 2234/2234
f 2230/2230 2235/2235 2232/2232
f 2230/2230 2236/2236 2235/2235
f 2227/2227 2236/2236 2230/2230
f 2227/2227 2208/2208 2236/2236
f 1989/1989 2208/2208 2227/2227
f 2235/2235 2237/2237 2234/2234
f 2235/2235 2238/2238 2237/2237
f 2236/2236 2238/2238 2235/2235
f 2236/2236 2212/2212 2238/2238
f 2208/2208 2212/2212 2236/2236
f 2238/2238 2239/2239 2237/2237
f 2238/2238 2215/2215 2239/2239
f 2212/2212 2215/2215 2238/2238
f 2215/2215 2217/2217 2239/2239
f 2240/2240 2027/2027 2005/2005
f 2240/2240 2241/2241 2027/2027
f 2242/2242 2241/2241 2240/2240
f 2242/2242 2243/2243 2241/2241
f 2244/2244 2243/2243 2242/2242
f 2244/2244 2245/2245 2243/2243
f 2246/2246 2245/2245 2244/2244
f 2241/2241 2025/2025 2027/2027
f 2241/2241 2247/2247 2025/2025
f 2243/2243 2247/2247 2241/2241
f 2243/2243 2248/2248 2247/2247
f 2245/2245 2248/2248 2243/2243
f 2247/2247 2022/2022 2025/2025
f 2247/2247 2249/2249 2022/2022
f 2248/2248 2249/2249 2247/2247
f 2249/2249 2021/2021 2022/2022
f 2250/2250 2240/2240 2005/2005
f 2250/2250 2251/2251 2240/2240
f 2252/2252 2251/2251 2250/2250
f 2252/2252 2253/2253 2251/2251
f 2254/2254 2253/2253 2252/2252
f 2254/2254 2255/2255 2253/2253
f 2256/2256 2255/2255 2254/2254
f 2251/2251 2242/2242 2240/2240
f 2251/2251 2257/2257 2242/2242
f 2253/2253 2257/2257 2251/2251
f 2253/2253 2258/2258 2257/2257
f 2255/2255 2258/2258 2253/2253
f 2257/2257 2244/2244 2242/2242
f 2257/2257 2259/2259 2244/2244
f 2258/2258 2259/2259 2257/2257
f 2259/2259 2246/2246 2244/2244
f 2260/2260 2250/2250 2005/2005
f 2260/2260 2261/2261 2250/2250
f 2262/2262 2261/2261 2260/2260
f 2262/2262 2263/2263 2261/2261
f 2264/2264 2263/2263 2262/2262
f 2264/2264 2265/2265 2263/2263
f 2266/2266 2265/2265 2264/2264
f 2261/2261 2252/2252 2250/2250
f 2261/2261 2267/2267 2252/2252
f 2263/2263 2267/2267 2261/2261
f 2263/2263 2268/2268 2267/2267
f 2265/2265 2268/2268 2263/2263
f 2267/2267 2254/2254 2252/2252
f 2267/2267 2269/2269 2254/2254
f 2268/2268 2269/2269 2267/2267
f 2269/2269 2256/2256 2254/2254
f 2270/2270 2260/2260 2005/2005
f 2270/2270 2271/2271 2260/2260
f 2272/2272 2271/2271 2270/2270
f 2272/2272 2273/2273 2271/2271
f 2274/2274 2273/2273 2272/2272
f 2274/2274 2275/2275 2273/2273
f 2276/2276 2275/2275 2274/2274
f 2271/2271 2262/2262 2260/2260
f 2271/2271 2277/2277 2262/2262
f 2273/2273 2277/2277 2271/2271
f 2273/2273 2278/2278 2277/2277
f 2275/2275 2278/2278 2273/2273
f 2277/2277 2264/2264 2262/2262
f 2277/2277 2279/2279 2264/2264
f 2278/2278 2279/2279 2277/2277
f 2279/2279 2266/2266 2264/2264
f 2280/2280 2231/2231 2233/2233
f 2280/2280 2281/2281 2231/2231
f 2282/2282 2281/2281 2280/2280
f 2282/2282 2283/2283 2281/2281
f 2284/2284 2283/2283 2282/2282
f 2284/2284 2274/2274 2283/2283
f 2276/2276 2274/2274 2284/2284
f 2281/2281 2228/2228 2231/2231
f 2281/2281 2285/2285 2228/2228
f 2283/2283 2285/2285 2281/2281
f 2283/2283 2272/2272 2285/2285
f 2274/2274 2272/2272 2283/2283
f 2285/2285 2224/2224 2228/2228
f 2285/2285 2270/2270 2224/2224
f 2272/2272 2270/2270 2285/2285
f 2270/2270 2005/2005 2224/2224
f 2286/2286 2280/2280 2233/2233
f 2286/2286 2287/2287 2280/2280
f 2288/2288 2287/2287 2286/2286
f 2288/2288 2289/2289 2287/2287
f 2290/2290 2289/2289 2288/2288
f 2290/2290 2291/2291 2289/2289
f 2292/2292 2291/2291 2290/2290
f 2287/2287 2282/2282 2280/2280
f 2287/2287 2293/2293 2282/2282
f 2289/2289 2293/2293 2287/2287
f 2289/2289 2294/2294 2293/2293
f 2291/2291 2294/2294 2289/2289
f 2293/2293 2284/2284 2282/2282
f 2293/2293 2295/2295 2284/2284
f 2294/2294 2295/2295 2293/2293
f 2295/2295 2276/2276 2284/2284
f 2298/2298 2297/2297 2296/2296
f 2298/2298 2299/2299 2297/2297
f 2300/2300 2299/2299 2298/2298
f 2300/2300 2301/2301 2299/2299
f 2302/2302 2301/2301 2300/2300
f 2302/2302 2068/2068 2301/2301
f 2070/2070 2068/2068 2302/2302
f 2299/2299 2303/2303 2297/2297
f 2299/2299 2304/2304 2303/2303
f 2301/2301 2304/2304 2299/2299
f 2301/2301 2066/2066 2304/2304
f 2068/2068 2066/2066 2301/2301
f 2304/2304 2305/2305 2303/2303
f 2304/2304 2064/2064 2305/2305
f 2066/2066 2064/2064 2304/2304
f 2064/2064 2021/2021 2305/2305
f 2306/2306 2245/2245 2246/2246
f 2306/2306 2307/2307 2245/2245
f 2308/2308 2307/2307 2306/2306
f 2308/2308 2309/2309 2307/2307
f 2310/2310 2309/2309 2308/2308
f 2310/2310 2297/2297 2309/2309
f 2296/2296 2297/2297 2310/2310
f 2307/2307 2248/2248 2245/2245
f 2307/2307 2311/2311 2248/2248
f 2309/2309 2311/2311 2307/2307
f 2309/2309 2303/2303 2311/2311
f 2297/2297 2303/2303 2309/2309
f 2311/2311 2249/2249 2248/2248
f 2311/2311 2305/2305 2249/2249
f 2303/2303 2305/2305 2311/2311
f 2305/2305 2021/2021 2249/2249
f 2313/2313 2312/2312 2088/2088
f 2313/2313 2314/2314 2312/2312
f 2315/2315 2314/2314 2313/2313
f 2315/2315 2316/2316 2314/2314
f 2317/2317 2316/2316 2315/2315
f 2317/2317 2318/2318 2316/2316
f 2319/2319 2318/2318 2317/2317
f 2314/2314 2320/2320 2312/2312
f 2314/2314 2321/2321 2320/2320
f 2316/2316 2321/2321 2314/2314
f 2316/2316 2322/2322 2321/2321
f 2318/2318 2322/2322 2316/2316
f 2321/2321 2323/2323 2320/2320
f 2321/2321 2324/2324 2323/2323
f 2322/2322 2324/2324 2321/2321
f 2324/2324 2325/2325 2323/2323
f 2326/2326 2313/2313 2088/2088
f 2326/2326 2327/2327 2313/2313
f 2328/2328 2327/2327 2326/2326
f 2328/2328 2329/2329 2327/2327
f 2330/2330 2329/2329 2328/2328
f 2330/2330 2331/2331 2329/2329
f 2332/2332 2331/2331 2330/2330
f 2327/2327 2315/2315 2313/2313
f 2327/2327 2333/2333 2315/2315
f 2329/2329 2333/2333 2327/2327
f 2329/2329 2334/2334 2333/2333
f 2331/2331 2334/2334 2329/2329
f 2333/2333 2317/2317 2315/2315
f 2333/2333 2335/2335 2317/2317
f 2334/2334 2335/2335 2333/2333
f 2335/2335 2319/2319 2317/2317
f 2098/2098 2326/2326 2088/2088
f 2098/2098 2336/2336 2326/2326
f 2097/2097 2336/2336 2098/2098
f 2097/2097 2337/2337 2336/2336
f 2094/2094 2337/2337 2097/2097
f 2094/2094 2338/2338 2337/2337
f 2095/2095 2338/2338 2094/2094
f 2336/2336 2328/2328 2326/2326
f 2336/2336 2339/2339 2328/2328
f 2337/2337 2339/2339 2336/2336
f 2337/2337 2340/2340 2339/2339
f 2338/2338 2340/2340 2337/2337
f 2339/2339 2330/2330 2328/2328
f 2339/2339 2341/2341 2330/2330
f 2340/2340 2341/2341 2339/2339
f 2341/2341 2332/2332 2330/2330
f 2342/2342 2318/2318 2319/2319
f 2342/2342 2343/2343 2318/2318
f 2344/2344 2343/2343 2342/2342
f 2344/2344 2345/2345 2343/2343
f 2346/2346 2345/2345 2344/2344
f 2346/2346 2347/2347 2345/2345
f 2348/2348 2347/2347 2346/2346
f 2343/2343 2322/2322 2318/2318
f 2343/2343 2349/2349 2322/2322
f 2345/2345 2349/2349 2343/2343
f 2345/2345 2350/2350 2349/2349
f 2347/2347 2350/2350 2345/2345
f 2349/2349 2324/2324 2322/2322
f 2349/2349 2351/2351 2324/2324
f 2350/2350 2351/2351 2349/2349
f 2351/2351 2325/2325 2324/2324
f 2119/2119 2352/2352 2112/2112
f 2119/2119 2353/2353 2352/2352
f 2125/2125 2353/2353 2119/2119
f 2125/2125 2354/2354 2353/2353
f 2127/2127 2354/2354 2125/2125
f 2127/2127 2355/2355 2354/2354
f 2088/2088 2355/2355 2127/2127
f 2353/2353 2356/2356 2352/2352
f 2353/2353 2357/2357 2356/2356
f 2354/2354 2357/2357 2353/2353
f 2354/2354 2358/2358 2357/2357
f 2355/2355 2358/2358 2354/2354
f 2357/2357 2359/2359 2356/2356
f 2357/2357 2360/2360 2359/2359
f 2358/2358 2360/2360 2357/2357
f 2360/2360 2361/2361 2359/2359
f 2360/2360 2362/2362 2361/2361
f 2360/2360 2363/2363 2362/2362
f 2358/2358 2363/2363 2360/2360
f 2358/2358 2364/2364 2363/2363
f 2355/2355 2364/2364 2358/2358
f 2355/2355 2312/2312 2364/2364
f 2088/2088 2312/2312 2355/2355
f 2363/2363 2365/2365 2362/2362
f 2363/2363 2366/2366 2365/2365
f 2364/2364 2366/2366 2363/2363
f 2364/2364 2320/2320 2366/2366
f 2312/2312 2320/2320 2364/2364
f 2366/2366 2367/2367 2365/2365
f 2366/2366 2323/2323 2367/2367
f 2320/2320 2323/2323 2366/2366
f 2323/2323 2325/2325 2367/2367
f 2154/2154 2368/2368 2153/2153
f 2154/2154 2369/2369 2368/2368
f 2157/2157 2369/2369 2154/2154
f 2157/2157 2370/2370 2369/2369
f 2159/2159 2370/2370 2157/2157
f 2159/2159 2371/2371 2370/2370
f 2112/2112 2371/2371 2159/2159
f 2369/2369 2372/2372 2368/2368
f 2369/2369 2373/2373 2372/2372
f 2370/2370 2373/2373 2369/2369
f 2370/2370 2374/2374 2373/2373
f 2371/2371 2374/2374 2370/2370
f 2373/2373 2375/2375 2372/2372
f 2373/2373 2376/2376 2375/2375
f 2374/2374 2376/2376 2373/2373
f 2376/2376 2377/2377 2375/2375
f 2376/2376 2378/2378 2377/2377
f 2376/2376 2379/2379 2378/2378
f 2374/2374 2379/2379 2376/2376
f 2374/2374 2380/2380 2379/2379
f 2371/2371 2380/2380 2374/2374
f 2371/2371 2352/2352 2380/2380
f 2112/2112 2352/2352 2371/2371
f 2379/2379 2381/2381 2378/2378
f 2379/2379 2382/2382 2381/2381
f 2380/2380 2382/2382 2379/2379
f 2380/2380 2356/2356 2382/2382
f 2352/2352 2356/2356 2380/2380
f 2382/2382 2383/2383 2381/2381
f 2382/2382 2359/2359 2383/2383
f 2356/2356 2359/2359 2382/2382
f 2359/2359 2361/2361 2383/2383
f 2170/2170 2384/2384 2169/2169
f 2170/2170 2385/2385 2384/2384
f 2173/2173 2385/2385 2170/2170
f 2173/2173 2386/2386 2385/2385
f 2175/2175 2386/2386 2173/2173
f 2175/2175 2387/2387 2386/2386
f 2153/2153 2387/2387 2175/2175
f 2385/2385 2388/2388 2384/2384
f 2385/2385 2389/2389 2388/2388
f 2386/2386 2389/2389 2385/2385
f 2386/2386 2390/2390 2389/2389
f 2387/2387 2390/2390 2386/2386
f 2389/2389 2391/2391 2388/2388
f 2389/2389 2392/2392 2391/2391
f 2390/2390 2392/2392 2389/2389
f 2392/2392 2393/2393 2391/2391
f 2392/2392 2394/2394 2393/2393
f 2392/2392 2395/2395 2394/2394
f 2390/2390 2395/2395 2392/2392
f 2390/2390 2396/2396 2395/2395
f 2387/2387 2396/2396 2390/2390
f 2387/2387 2368/2368 2396/2396
f 2153/2153 2368/2368 2387/2387
f 2395/2395 2397/2397 2394/2394
f 2395/2395 2398/2398 2397/2397
f 2396/2396 2398/2398 2395/2395
f 2396/2396 2372/2372 2398/2398
f 2368/2368 2372/2372 2396/2396
f 2398/2398 2399/2399 2397/2397
f 2398/2398 2375/2375 2399/2399
f 2372/2372 2375/2375 2398/2398
f 2375/2375 2377/2377 2399/2399
f 2186/2186 2400/2400 2185/2185
f 2186/2186 2401/2401 2400/2400
f 2189/2189 2401/2401 2186/2186
f 2189/2189 2402/2402 2401/2401
f 2191/2191 2402/2402 2189/2189
f 2191/2191 2403/2403 2402/2402
f 2169/2169 2403/2403 2191/2191
f 2401/2401 2404/2404 2400/2400
f 2401/2401 2405/2405 2404/2404
f 2402/2402 2405/2405 2401/2401
f 2402/2402 2406/2406 2405/2405
f 2403/2403 2406/2406 2402/2402
f 2405/2405 2407/2407 2404/2404
f 2405/2405 2408/2408 2407/2407
f 2406/2406 2408/2408 2405/2405
f 2408/2408 2409/2409 2407/2407
f 2408/2408 2410/2410 2409/2409
f 2408/2408 2411/2411 2410/2410
f 2406/2406 2411/2411 2408/2408
f 2406/2406 2412/2412 2411/2411
f 2403/2403 2412/2412 2406/2406
f 2403/2403 2384/2384 2412/2412
f 2169/2169 2384/2384 2403/2403
f 2411/2411 2413/2413 2410/2410
f 2411/2411 2414/2414 2413/2413
f 2412/2412 2414/2414 2411/2411
f 2412/2412 2388/2388 2414/2414
f 2384/2384 2388/2388 2412/2412
f 2414/2414 2415/2415 2413/2413
f 2414/2414 2391/2391 2415/2415
f 2388/2388 2391/2391 2414/2414
f 2391/2391 2393/2393 2415/2415
f 2202/2202 2416/2416 2201/2201
f 2202/2202 2417/2417 2416/2416
f 2205/2205 2417/2417 2202/2202
f 2205/2205 2418/2418 2417/2417
f 2207/2207 2418/2418 2205/2205
f 2207/2207 2419/2419 2418/2418
f 2185/2185 2419/2419 2207/2207
f 2417/2417 2420/2420 2416/2416
f 2417/2417 2421/2421 2420/2420
f 2418/2418 2421/2421 2417/2417
f 2418/2418 2422/2422 2421/2421
f 2419/2419 2422/2422 2418/2418
f 2421/2421 2423/2423 2420/2420
f 2421/2421 2424/2424 2423/2423
f 2422/2422 2424/2424 2421/2421
f 2424/2424 2425/2425 2423/2423
f 2424/2424 2426/2426 2425/2425
f 2424/2424 2427/2427 2426/2426
f 2422/2422 2427/2427 2424/2424
f 2422/2422 2428/2428 2427/2427
f 2419/2419 2428/2428 2422/2422
f 2419/2419 2400/2400 2428/2428
f 2185/2185 2400/2400 2419/2419
f 2427/2427 2429/2429 2426/2426
f 2427/2427 2430/2430 2429/2429
f 2428/2428 2430/2430 2427/2427
f 2428/2428 2404/2404 2430/2430
f 2400/2400 2404/2404 2428/2428
f 2430/2430 2431/2431 2429/2429
f 2430/2430 2407/2407 2431/2431
f 2404/2404 2407/2407 2430/2430
f 2407/2407 2409/2409 2431/2431
f 2218/2218 2432/2432 2217/2217
f 2218/2218 2433/2433 2432/2432
f 2221/2221 2433/2433 2218/2218
f 2221/2221 2434/2434 2433/2433
f 2223/2223 2434/2434 2221/2221
f 2223/2223 2435/2435 2434/2434
f 2201/2201 2435/2435 2223/2223
f 2433/2433 2436/2436 2432/2432
f 2433/2433 2437/2437 2436/2436
f 2434/2434 2437/2437 2433/2433
f 2434/2434 2438/2438 2437/2437
f 2435/2435 2438/2438 2434/2434
f 2437/2437 2439/2439 2436/2436
f 2437/2437 2440/2440 2439/2439
f 2438/2438 2440/2440 2437/2437
f 2440/2440 2441/2441 2439/2439
f 2440/2440 2442/2442 2441/2441
f 2440/2440 2443/2443 2442/2442
f 2438/2438 2443/2443 2440/2440
f 2438/2438 2444/2444 2443/2443
f 2435/2435 2444/2444 2438/2438
f 2435/2435 2416/2416 2444/2444
f 2201/2201 2416/2416 2435/2435
f 2443/2443 2445/2445 2442/2442
f 2443/2443 2446/2446 2445/2445
f 2444/2444 2446/2446 2443/2443
f 2444/2444 2420/2420 2446/2446
f 2416/2416 2420/2420 2444/2444
f 2446/2446 2447/2447 2445/2445
f 2446/2446 2423/2423 2447/2447
f 2420/2420 2423/2423 2446/2446
f 2423/2423 2425/2425 2447/2447
f 2448/2448 2239/2239 2217/2217
f 2448/2448 2449/2449 2239/2239
f 2450/2450 2449/2449 2448/2448
f 2450/2450 2451/2451 2449/2449
f 2452/2452 2451/2451 2450/2450
f 2452/2452 2453/2453 2451/2451
f 2454/2454 2453/2453 2452/2452
f 2449/2449 2237/2237 2239/2239
f 2449/2449 2455/2455 2237/2237
f 2451/2451 2455/2455 2449/2449
f 2451/2451 2456/2456 2455/2455
f 2453/2453 2456/2456 2451/2451
f 2455/2455 2234/2234 2237/2237
f 2455/2455 2457/2457 2234/2234
f 2456/2456 2457/2457 2455/2455
f 2457/2457 2233/2233 2234/2234
f 2458/2458 2448/2448 2217/2217
f 2458/2458 2459/2459 2448/2448
f 2460/2460 2459/2459 2458/2458
f 2460/2460 2461/2461 2459/2459
f 2462/2462 2461/2461 2460/2460
f 2462/2462 2463/2463 2461/2461
f 2464/2464 2463/2463 2462/2462
f 2459/2459 2450/2450 2448/2448
f 2459/2459 2465/2465 2450/2450
f 2461/2461 2465/2465 2459/2459
f 2461/2461 2466/2466 2465/2465
f 2463/2463 2466/2466 2461/2461
f 2465/2465 2452/2452 2450/2450
f 2465/2465 2467/2467 2452/2452
f 2466/2466 2467/2467 2465/2465
f 2467/2467 2454/2454 2452/2452
f 2468/2468 2458/2458 2217/2217
f 2468/2468 2469/2469 2458/2458
f 2470/2470 2469/2469 2468/2468
f 2470/2470 2471/2471 2469/2469
f 2472/2472 2471/2471 2470/2470
f 2472/2472 2473/2473 2471/2471
f 2474/2474 2473/2473 2472/2472
f 2469/2469 2460/2460 2458/2458
f 2469/2469 2475/2475 2460/2460
f 2471/2471 2475/2475 2469/2469
f 2471/2471 2476/2476 2475/2475
f 2473/2473 2476/2476 2471/2471
f 2475/2475 2462/2462 2460/2460
f 2475/2475 2477/2477 2462/2462
f 2476/2476 2477/2477 2475/2475
f 2477/2477 2464/2464 2462/2462
f 2478/2478 2439/2439 2441/2441
f 2478/2478 2479/2479 2439/2439
f 2480/2480 2479/2479 2478/2478
f 2480/2480 2481/2481 2479/2479
f 2482/2482 2481/2481 2480/2480
f 2482/2482 2472/2472 2481/2481
f 2474/2474 2472/2472 2482/2482
f 2479/2479 2436/2436 2439/2439
f 2479/2479 2483/2483 2436/2436
f 2481/2481 2483/2483 2479/2479
f 2481/2481 2470/2470 2483/2483
f 2472/2472 2470/2470 2481/2481
f 2483/2483 2432/2432 2436/2436
f 2483/2483 2468/2468 2432/2432
f 2470/2470 2468/2468 2483/2483
f 2468/2468 2217/2217 2432/2432
f 2484/2484 2478/2478 2441/2441
f 2484/2484 2485/2485 2478/2478
f 2486/2486 2485/2485 2484/2484
f 2486/2486 2487/2487 2485/2485
f 2488/2488 2487/2487 2486/2486
f 2488/2488 2489/2489 2487/2487
f 2490/2490 2489/2489 2488/2488
f 2485/2485 2480/2480 2478/2478
f 2485/2485 2491/2491 2480/2480
f 2487/2487 2491/2491 2485/2485
f 2487/2487 2492/2492 2491/2491
f 2489/2489 2492/2492 2487/2487
f 2491/2491 2482/2482 2480/2480
f 2491/2491 2493/2493 2482/2482
f 2492/2492 2493/2493 2491/2491
f 2493/2493 2474/2474 2482/2482
f 2496/2496 2495/2495 2494/2494
f 2496/2496 2497/2497 2495/2495
f 2498/2498 2497/2497 2496/2496
f 2498/2498 2499/2499 2497/2497
f 2500/2500 2499/2499 2498/2498
f 2500/2500 2290/2290 2499/2499
f 2292/2292 2290/2290 2500/2500
f 2497/2497 2501/2501 2495/2495
f 2497/2497 2502/2502 2501/2501
f 2499/2499 2502/2502 2497/2497
f 2499/2499 2288/2288 2502/2502
f 2290/2290 2288/2288 2499/2499
f 2502/2502 2503/2503 2501/2501
f 2502/2502 2286/2286 2503/2503
f 2288/2288 2286/2286 2502/2502
f 2286/2286 2233/2233 2503/2503
f 2504/2504 2453/2453 2454/2454
f 2504/2504 2505/2505 2453/2453
f 2506/2506 2505/2505 2504/2504
f 2506/2506 2507/2507 2505/2505
f 2508/2508 2507/2507 2506/2506
f 2508/2508 2495/2495 2507/2507
f 2494/2494 2495/2495 2508/2508
f 2505/2505 2456/2456 2453/2453
f 2505/2505 2509/2509 2456/2456
f 2507/2507 2509/2509 2505/2505
f 2507/2507 2501/2501 2509/2509
f 2495/2495 2501/2501 2507/2507
f 2509/2509 2457/2457 2456/2456
f 2509/2509 2503/2503 2457/2457
f 2501/2501 2503/2503 2509/2509
f 2503/2503 2233/2233 2457/2457
f 2510/2510 2504/2504 2454/2454
f 2510/2510 2511/2511 2504/2504
f 2512/2512 2511/2511 2510/2510
f 2512/2512 2513/2513 2511/2511
f 2514/2514 2513/2513 2512/2512
f 2514/2514 2515/2515 2513/2513
f 2516/2516 2515/2515 2514/2514
f 2511/2511 2506/2506 2504/2504
f 2511/2511 2517/2517 2506/2506
f 2513/2513 2517/2517 2511/2511
f 2513/2513 2518/2518 2517/2517
f 2515/2515 2518/2518 2513/2513
f 2517/2517 2508/2508 2506/2506
f 2517/2517 2519/2519 2508/2508
f 2518/2518 2519/2519 2517/2517
f 2519/2519 2494/2494 2508/2508
f 2522/2522 2521/2521 2520/2520
f 2522/2522 2523/2523 2521/2521
f 2524/2524 2523/2523 2522/2522
f 2524/2524 2525/2525 2523/2523
f 2526/2526 2525/2525 2524/2524
f 2526/2526 2527/2527 2525/2525
f 2528/2528 2527/2527 2526/2526
f 2523/2523 2529/2529 2521/2521
f 2523/2523 2530/2530 2529/2529
f 2525/2525 2530/2530 2523/2523
f 2525/2525 2531/2531 2530/2530
f 2527/2527 2531/2531 2525/2525
f 2530/2530 2532/2532 2529/2529
f 2530/2530 2533/2533 2532/2532
f 2531/2531 2533/2533 2530/2530
f 2533/2533 2534/2534 2532/2532
f 2535/2535 2527/2527 2528/2528
f 2535/2535 2536/2536 2527/2527
f 2537/2537 2536/2536 2535/2535
f 2537/2537 2538/2538 2536/2536
f 2539/2539 2538/2538 2537/2537
f 2539/2539 2540/2540 2538/2538
f 2541/2541 2540/2540 2539/2539
f 2536/2536 2531/2531 2527/2527
f 2536/2536 2542/2542 2531/2531
f 2538/2538 2542/2542 2536/2536
f 2538/2538 2543/2543 2542/2542
f 2540/2540 2543/2543 2538/2538
f 2542/2542 2533/2533 2531/2531
f 2542/2542 2544/2544 2533/2533
f 2543/2543 2544/2544 2542/2542
f 2544/2544 2534/2534 2533/2533
f 2546/2546 2545/2545 2325/2325
f 2546/2546 2547/2547 2545/2545
f 2548/2548 2547/2547 2546/2546
f 2548/2548 2549/2549 2547/2547
f 2550/2550 2549/2549 2548/2548
f 2550/2550 2551/2551 2549/2549
f 2552/2552 2551/2551 2550/2550
f 2547/2547 2553/2553 2545/2545
f 2547/2547 2554/2554 2553/2553
f 2549/2549 2554/2554 2547/2547
f 2549/2549 2555/2555 2554/2554
f 2551/2551 2555/2555 2549/2549
f 2554/2554 2556/2556 2553/2553
f 2554/2554 2557/2557 2556/2556
f 2555/2555 2557/2557 2554/2554
f 2557/2557 2558/2558 2556/2556
f 2351/2351 2546/2546 2325/2325
f 2351/2351 2559/2559 2546/2546
f 2350/2350 2559/2559 2351/2351
f 2350/2350 2560/2560 2559/2559
f 2347/2347 2560/2560 2350/2350
f 2347/2347 2561/2561 2560/2560
f 2348/2348 2561/2561 2347/2347
f 2559/2559 2548/2548 2546/2546
f 2559/2559 2562/2562 2548/2548
f 2560/2560 2562/2562 2559/2559
f 2560/2560 2563/2563 2562/2562
f 2561/2561 2563/2563 2560/2560
f 2562/2562 2550/2550 2548/2548
f 2562/2562 2564/2564 2550/2550
f 2563/2563 2564/2564 2562/2562
f 2564/2564 2552/2552 2550/2550
f 2566/2566 2565/2565 2558/2558
f 2566/2566 2567/2567 2565/2565
f 2568/2568 2567/2567 2566/2566
f 2568/2568 2569/2569 2567/2567
f 2570/2570 2569/2569 2568/2568
f 2570/2570 2521/2521 2569/2569
f 2520/2520 2521/2521 2570/2570
f 2567/2567 2571/2571 2565/2565
f 2567/2567 2572/2572 2571/2571
f 2569/2569 2572/2572 2567/2567
f 2569/2569 2529/2529 2572/2572
f 2521/2521 2529/2529 2569/2569
f 2572/2572 2573/2573 2571/2571
f 2572/2572 2532/2532 2573/2573
f 2529/2529 2532/2532 2572/2572
f 2532/2532 2534/2534 2573/2573
f 2574/2574 2566/2566 2558/2558
f 2574/2574 2575/2575 2566/2566
f 2576/2576 2575/2575 2574/2574
f 2576/2576 2577/2577 2575/2575
f 2578/2578 2577/2577 2576/2576
f 2578/2578 2579/2579 2577/2577
f 2580/2580 2579/2579 2578/2578
f 2575/2575 2568/2568 2566/2566
f 2575/2575 2581/2581 2568/2568
f 2577/2577 2581/2581 2575/2575
f 2577/2577 2582/2582 2581/2581
f 2579/2579 2582/2582 2577/2577
f 2581/2581 2570/2570 2568/2568
f 2581/2581 2583/2583 2570/2570
f 2582/2582 2583/2583 2581/2581
f 2583/2583 2520/2520 2570/2570
f 2557/2557 2574/2574 2558/2558
f 2557/2557 2584/2584 2574/2574
f 2555/2555 2584/2584 2557/2557
f 2555/2555 2585/2585 2584/2584
f 2551/2551 2585/2585 2555/2555
f 2551/2551 2586/2586 2585/2585
f 2552/2552 2586/2586 2551/2551
f 2584/2584 2576/2576 2574/2574
f 2584/2584 2587/2587 2576/2576
f 2585/2585 2587/2587 2584/2584
f 2585/2585 2588/2588 2587/2587
f 2586/2586 2588/2588 2585/2585
f 2587/2587 2578/2578 2576/2576
f 2587/2587 2589/2589 2578/2578
f 2588/2588 2589/2589 2587/2587
f 2589/2589 2580/2580 2578/2578
f 2362/2362 2590/2590 2361/2361
f 2362/2362 2591/2591 2590/2590
f 2365/2365 2591/2591 2362/2362
f 2365/2365 2592/2592 2591/2591
f 2367/2367 2592/2592 2365/2365
f 2367/2367 2593/2593 2592/2592
f 2325/2325 2593/2593 2367/2367
f 2591/2591 2594/2594 2590/2590
f 2591/2591 2595/2595 2594/2594
f 2592/2592 2595/2595 2591/2591
f 2592/2592 2596/2596 2595/2595
f 2593/2593 2596/2596 2592/2592
f 2595/2595 2597/2597 2594/2594
f 2595/2595 2598/2598 2597/2597
f 2596/2596 2598/2598 2595/2595
f 2598/2598 2599/2599 2597/2597
f 2598/2598 2600/2600 2599/2599
f 2598/2598 2601/2601 2600/2600
f 2596/2596 2601/2601 2598/2598
f 2596/2596 2602/2602 2601/2601
f 2593/2593 2602/2602 2596/2596
f 2593/2593 2545/2545 2602/2602
f 2325/2325 2545/2545 2593/2593
f 2601/2601 2603/2603 2600/2600
f 2601/2601 2604/2604 2603/2603
f 2602/2602 2604/2604 2601/2601
f 2602/2602 2553/2553 2604/2604
f 2545/2545 2553/2553 2602/2602
f 2604/2604 2605/2605 2603/2603
f 2604/2604 2556/2556 2605/2605
f 2553/2553 2556/2556 2604/2604
f 2556/2556 2558/2558 2605/2605
f 2378/2378 2606/2606 2377/2377
f 2378/2378 2607/2607 2606/2606
f 2381/2381 2607/2607 2378/2378
f 2381/2381 2608/2608 2607/2607
f 2383/2383 2608/2608 2381/2381
f 2383/2383 2609/2609 2608/2608
f 2361/2361 2609/2609 2383/2383
f 2607/2607 2610/2610 2606/2606
f 2607/2607 2611/2611 2610/2610
f 2608/2608 2611/2611 2607/2607
f 2608/2608 2612/2612 2611/2611
f 2609/2609 2612/2612 2608/2608
f 2611/2611 2613/2613 2610/2610
f 2611/2611 2614/2614 2613/2613
f 2612/2612 2614/2614 2611/2611
f 2614/2614 2615/2615 2613/2613
f 2614/2614 2616/2616 2615/2615
f 2614/2614 2617/2617 2616/2616
f 2612/2612 2617/2617 2614/2614
f 2612/2612 2618/2618 2617/2617
f 2609/2609 2618/2618 2612/2612
f 2609/2609 2590/2590 2618/2618
f 2361/2361 2590/2590 2609/2609
f 2617/2617 2619/2619 2616/2616
f 2617/2617 2620/2620 2619/2619
f 2618/2618 2620/2620 2617/2617
f 2618/2618 2594/2594 2620/2620
f 2590/2590 2594/2594 2618/2618
f 2620/2620 2621/2621 2619/2619
f 2620/2620 2597/2597 2621/2621
f 2594/2594 2597/2597 2620/2620
f 2597/2597 2599/2599 2621/2621
f 2394/2394 2622/2622 2393/2393
f 2394/2394 2623/2623 2622/2622
f 2397/2397 2623/2623 2394/2394
f 2397/2397 2624/2624 2623/2623
f 2399/2399 2624/2624 2397/2397
f 2399/2399 2625/2625 2624/2624
f 2377/2377 2625/2625 2399/2399
f 2623/2623 2626/2626 2622/2622
f 2623/2623 2627/2627 2626/2626
f 2624/2624 2627/2627 2623/2623
f 2624/2624 2628/2628 2627/2627
f 2625/2625 2628/2628 2624/2624
f 2627/2627 2629/2629 2626/2626
f 2627/2627 2630/2630 2629/2629
f 2628/2628 2630/2630 2627/2627
f 2630/2630 2631/2631 2629/2629
f 2630/2630 2632/2632 2631/2631
f 2630/2630 2633/2633 2632/2632
f 2628/2628 2633/2633 2630/2630
f 2628/2628 2634/2634 2633/2633
f 2625/2625 2634/2634 2628/2628
f 2625/2625 2606/2606 2634/2634
f 2377/2377 2606/2606 2625/2625
f 2633/2633 2635/2635 2632/2632
f 2633/2633 2636/2636 2635/2635
f 2634/2634 2636/2636 2633/2633
f 2634/2634 2610/2610 2636/2636
f 2606/2606 2610/2610 2634/2634
f 2636/2636 2637/2637 2635/2635
f 2636/2636 2613/2613 2637/2637
f 2610/2610 2613/2613 2636/2636
f 2613/2613 2615/2615 2637/2637
f 2410/2410 2638/2638 2409/2409
f 2410/2410 2639/2639 2638/2638
f 2413/2413 2639/2639 2410/2410
f 2413/2413 2640/2640 2639/2639
f 2415/2415 2640/2640 2413/2413
f 2415/2415 2641/2641 2640/2640
f 2393/2393 2641/2641 2415/2415
f 2639/2639 2642/2642 2638/2638
f 2639/2639 2643/2643 2642/2642
f 2640/2640 2643/2643 2639/2639
f 2640/2640 2644/2644 2643/2643
f 2641/2641 2644/2644 2640/2640
f 2643/2643 2645/2645 2642/2642
f 2643/2643 2646/2646 2645/2645
f 2644/2644 2646/2646 2643/2643
f 2646/2646 2647/2647 2645/2645
f 2646/2646 2648/2648 2647/2647
f 2646/2646 2649/2649 2648/2648
f 2644/2644 2649/2649 2646/2646
f 2644/2644 2650/2650 2649/2649
f 2641/2641 2650/2650 2644/2644
f 2641/2641 2622/2622 2650/2650
f 2393/2393 2622/2622 2641/2641
f 2649/2649 2651/2651 2648/2648
f 2649/2649 2652/2652 2651/2651
f 2650/2650 2652/2652 2649/2649
f 2650/2650 2626/2626 2652/2652
f 2622/2622 2626/2626 2650/2650
f 2652/2652 2653/2653 2651/2651
f 2652/2652 2629/2629 2653/2653
f 2626/2626 2629/2629 2652/2652
f 2629/2629 2631/2631 2653/2653
f 2654/2654 2431/2431 2409/2409
f 2654/2654 2655/2655 2431/2431
f 2656/2656 2655/2655 2654/2654
f 2656/2656 2657/2657 2655/2655
f 2658/2658 2657/2657 2656/2656
f 2658/2658 2659/2659 2657/2657
f 2660/2660 2659/2659 2658/2658
f 2655/2655 2429/2429 2431/2431
f 2655/2655 2661/2661 2429/2429
f 2657/2657 2661/2661 2655/2655
f 2657/2657 2662/2662 2661/2661
f 2659/2659 2662/2662 2657/2657
f 2661/2661 2426/2426 2429/2429
f 2661/2661 2663/2663 2426/2426
f 2662/2662 2663/2663 2661/2661
f 2663/2663 2425/2425 2426/2426
f 2664/2664 2654/2654 2409/2409
f 2664/2664 2665/2665 2654/2654
f 2666/2666 2665/2665 2664/2664
f 2666/2666 2667/2667 2665/2665
f 2668/2668 2667/2667 2666/2666
f 2668/2668 2669/2669 2667/2667
f 2670/2670 2669/2669 2668/2668
f 2665/2665 2656/2656 2654/2654
f 2665/2665 2671/2671 2656/2656
f 2667/2667 2671/2671 2665/2665
f 2667/2667 2672/2672 2671/2671
f 2669/2669 2672/2672 2667/2667
f 2671/2671 2658/2658 2656/2656
f 2671/2671 2673/2673 2658/2658
f 2672/2672 2673/2673 2671/2671
f 2673/2673 2660/2660 2658/2658
f 2674/2674 2645/2645 2647/2647
f 2674/2674 2675/2675 2645/2645
f 2676/2676 2675/2675 2674/2674
f 2676/2676 2677/2677 2675/2675
f 2678/2678 2677/2677 2676/2676
f 2678/2678 2668/2668 2677/2677
f 2670/2670 2668/2668 2678/2678
f 2675/2675 2642/2642 2645/2645
f 2675/2675 2679/2679 2642/2642
f 2677/2677 2679/2679 2675/2675
f 2677/2677 2666/2666 2679/2679
f 2668/2668 2666/2666 2677/2677
f 2679/2679 2638/2638 2642/2642
f 2679/2679 2664/2664 2638/2638
f 2666/2666 2664/2664 2679/2679
f 2664/2664 2409/2409 2638/2638
f 2680/2680 2674/2674 2647/2647
f 2680/2680 2681/2681 2674/2674
f 2682/2682 2681/2681 2680/2680
f 2682/2682 2683/2683 2681/2681
f 2684/2684 2683/2683 2682/2682
f 2684/2684 2685/2685 2683/2683
f 2686/2686 2685/2685 2684/2684
f 2681/2681 2676/2676 2674/2674
f 2681/2681 2687/2687 2676/2676
f 2683/2683 2687/2687 2681/2681
f 2683/2683 2688/2688 2687/2687
f 2685/2685 2688/2688 2683/2683
f 2687/2687 2678/2678 2676/2676
f 2687/2687 2689/2689 2678/2678
f 2688/2688 2689/2689 2687/2687
f 2689/2689 2670/2670 2678/2678
f 2690/2690 2447/2447 2425/2425
f 2690/2690 2691/2691 2447/2447
f 2692/2692 2691/2691 2690/2690
f 2692/2692 2693/2693 2691/2691
f 2694/2694 2693/2693 2692/2692
f 2694/2694 2695/2695 2693/2693
f 2696/2696 2695/2695 2694/2694
f 2691/2691 2445/2445 2447/2447
f 2691/2691 2697/2697 2445/2445
f 2693/2693 2697/2697 2691/2691
f 2693/2693 2698/2698 2697/2697
f 2695/2695 2698/2698 2693/2693
f 2697/2697 2442/2442 2445/2445
f 2697/2697 2699/2699 2442/2442
f 2698/2698 2699/2699 2697/2697
f 2699/2699 2441/2441 2442/2442
f 2700/2700 2690/2690 2425/2425
f 2700/2700 2701/2701 2690/2690
f 2702/2702 2701/2701 2700/2700
f 2702/2702 2703/2703 2701/2701
f 2704/2704 2703/2703 2702/2702
f 2704/2704 2705/2705 2703/2703
f 2706/2706 2705/2705 2704/2704
f 2701/2701 2692/2692 2690/2690
f 2701/2701 2707/2707 2692/2692
f 2703/2703 2707/2707 2701/2701
f 2703/2703 2708/2708 2707/2707
f 2705/2705 2708/2708 2703/2703
f 2707/2707 2694/2694 2692/2692
f 2707/2707 2709/2709 2694/2694
f 2708/2708 2709/2709 2707/2707
f 2709/2709 2696/2696 2694/2694
f 2710/2710 2700/2700 2425/2425
f 2710/2710 2711/2711 2700/2700
f 2712/2712 2711/2711 2710/2710
f 2712/2712 2713/2713 2711/2711
f 2714/2714 2713/2713 2712/2712
f 2714/2714 2715/2715 2713/2713
f 2716/2716 2715/2715 2714/2714
f 2711/2711 2702/2702 2700/2700
f 2711/2711 2717/2717 2702/2702
f 2713/2713 2717/2717 2711/2711
f 2713/2713 2718/2718 2717/2717
f 2715/2715 2718/2718 2713/2713
f 2717/2717 2704/2704 2702/2702
f 2717/2717 2719/2719 2704/2704
f 2718/2718 2719/2719 2717/2717
f 2719/2719 2706/2706 2704/2704
f 2720/2720 2659/2659 2660/2660
f 2720/2720 2721/2721 2659/2659
f 2722/2722 2721/2721 2720/2720
f 2722/2722 2723/2723 2721/2721
f 2724/2724 2723/2723 2722/2722
f 2724/2724 2714/2714 2723/2723
f 2716/2716 2714/2714 2724/2724
f 2721/2721 2662/2662 2659/2659
f 2721/2721 2725/2725 2662/2662
f 2723/2723 2725/2725 2721/2721
f 2723/2723 2712/2712 2725/2725
f 2714/2714 2712/2712 2723/2723
f 2725/2725 2663/2663 2662/2662
f 2725/2725 2710/2710 2663/2663
f 2712/2712 2710/2710 2725/2725
f 2710/2710 2425/2425 2663/2663
f 2728/2728 2727/2727 2726/2726
f 2728/2728 2729/2729 2727/2727
f 2730/2730 2729/2729 2728/2728
f 2730/2730 2731/2731 2729/2729
f 2732/2732 2731/2731 2730/2730
f 2732/2732 2488/2488 2731/2731
f 2490/2490 2488/2488 2732/2732
f 2729/2729 2733/2733 2727/2727
f 2729/2729 2734/2734 2733/2733
f 2731/2731 2734/2734 2729/2729
f 2731/2731 2486/2486 2734/2734
f 2488/2488 2486/2486 2731/2731
f 2734/2734 2735/2735 2733/2733
f 2734/2734 2484/2484 2735/2735
f 2486/2486 2484/2484 2734/2734
f 2484/2484 2441/2441 2735/2735
f 2736/2736 2695/2695 2696/2696
f 2736/2736 2737/2737 2695/2695
f 2738/2738 2737/2737 2736/2736
f 2738/2738 2739/2739 2737/2737
f 2740/2740 2739/2739 2738/2738
f 2740/2740 2727/2727 2739/2739
f 2726/2726 2727/2727 2740/2740
f 2737/2737 2698/2698 2695/2695
f 2737/2737 2741/2741 2698/2698
f 2739/2739 2741/2741 2737/2737
f 2739/2739 2733/2733 2741/2741
f 2727/2727 2733/2733 2739/2739
f 2741/2741 2699/2699 2698/2698
f 2741/2741 2735/2735 2699/2699
f 2733/2733 2735/2735 2741/2741
f 2735/2735 2441/2441 2699/2699
f 2743/2743 2742/2742 2534/2534
f 2743/2743 2744/2744 2742/2742
f 2745/2745 2744/2744 2743/2743
f 2745/2745 2746/2746 2744/2744
f 2747/2747 2746/2746 2745/2745
f 2747/2747 2748/2748 2746/2746
f 2749/2749 2748/2748 2747/2747
f 2744/2744 2750/2750 2742/2742
f 2744/2744 2751/2751 2750/2750
f 2746/2746 2751/2751 2744/2744
f 2746/2746 2752/2752 2751/2751
f 2748/2748 2752/2752 2746/2746
f 2751/2751 2753/2753 2750/2750
f 2751/2751 2754/2754 2753/2753
f 2752/2752 2754/2754 2751/2751
f 2754/2754 2755/2755 2753/2753
f 2756/2756 2743/2743 2534/2534
f 2756/2756 2757/2757 2743/2743
f 2758/2758 2757/2757 2756/2756
f 2758/2758 2759/2759 2757/2757
f 2760/2760 2759/2759 2758/2758
f 2760/2760 2761/2761 2759/2759
f 2762/2762 2761/2761 2760/2760
f 2757/2757 2745/2745 2743/2743
f 2757/2757 2763/2763 2745/2745
f 2759/2759 2763/2763 2757/2757
f 2759/2759 2764/2764 2763/2763
f 2761/2761 2764/2764 2759/2759
f 2763/2763 2747/2747 2745/2745
f 2763/2763 2765/2765 2747/2747
f 2764/2764 2765/2765 2763/2763
f 2765/2765 2749/2749 2747/2747
f 2544/2544 2756/2756 2534/2534
f 2544/2544 2766/2766 2756/2756
f 2543/2543 2766/2766 2544/2544
f 2543/2543 2767/2767 2766/2766
f 2540/2540 2767/2767 2543/2543
f 2540/2540 2768/2768 2767/2767
f 2541/2541 2768/2768 2540/2540
f 2766/2766 2758/2758 2756/2756
f 2766/2766 2769/2769 2758/2758
f 2767/2767 2769/2769 2766/2766
f 2767/2767 2770/2770 2769/2769
f 2768/2768 2770/2770 2767/2767
f 2769/2769 2760/2760 2758/2758
f 2769/2769 2771/2771 2760/2760
f 2770/2770 2771/2771 2769/2769
f 2771/2771 2762/2762 2760/2760
f 2772/2772 2748/2748 2749/2749
f 2772/2772 2773/2773 2748/2748
f 2774/2774 2773/2773 2772/2772
f 2774/2774 2775/2775 2773/2773
f 2776/2776 2775/2775 2774/2774
f 2776/2776 2777/2777 2775/2775
f 2778/2778 2777/2777 2776/2776
f 2773/2773 2752/2752 2748/2748
f 2773/2773 2779/2779 2752/2752
f 2775/2775 2779/2779 2773/2773
f 2775/2775 2780/2780 2779/2779
f 2777/2777 2780/2780 2775/2775
f 2779/2779 2754/2754 2752/2752
f 2779/2779 2781/2781 2754/2754
f 2780/2780 2781/2781 2779/2779
f 2781/2781 2755/2755 2754/2754
f 2565/2565 2782/2782 2558/2558
f 2565/2565 2783/2783 2782/2782
f 2571/2571 2783/2783 2565/2565
f 2571/2571 2784/2784 2783/2783
f 2573/2573 2784/2784 2571/2571
f 2573/2573 2785/2785 2784/2784
f 2534/2534 2785/2785 2573/2573
f 2783/2783 2786/2786 2782/2782
f 2783/2783 2787/2787 2786/2786
f 2784/2784 2787/2787 2783/2783
f 2784/2784 2788/2788 2787/2787
f 2785/2785 2788/2788 2784/2784
f 2787/2787 2789/2789 2786/2786
f 2787/2787 2790/2790 2789/2789
f 2788/2788 2790/2790 2787/2787
f 2790/2790 2791/2791 2789/2789
f 2790/2790 2792/2792 2791/2791
f 2790/2790 2793/2793 2792/2792
f 2788/2788 2793/2793 2790/2790
f 2788/2788 2794/2794 2793/2793
f 2785/2785 2794/2794 2788/2788
f 2785/2785 2742/2742 2794/2794
f 2534/2534 2742/2742 2785/2785
f 2793/2793 2795/2795 2792/2792
f 2793/2793 2796/2796 2795/2795
f 2794/2794 2796/2796 2793/2793
f 2794/2794 2750/2750 2796/2796
f 2742/2742 2750/2750 2794/2794
f 2796/2796 2797/2797 2795/2795
f 2796/2796 2753/2753 2797/2797
f 2750/2750 2753/2753 2796/2796
f 2753/2753 2755/2755 2797/2797
f 2600/2600 2798/2798 2599/2599
f 2600/2600 2799/2799 2798/2798
f 2603/2603 2799/2799 2600/2600
f 2603/2603 2800/2800 2799/2799
f 2605/2605 2800/2800 2603/2603
f 2605/2605 2801/2801 2800/2800
f 2558/2558 2801/2801 2605/2605
f 2799/2799 2802/2802 2798/2798
f 2799/2799 2803/2803 2802/2802
f 2800/2800 2803/2803 2799/2799
f 2800/2800 2804/2804 2803/2803
f 2801/2801 2804/2804 2800/2800
f 2803/2803 2805/2805 2802/2802
f 2803/2803 2806/2806 2805/2805
f 2804/2804 2806/2806 2803/2803
f 2806/2806 2807/2807 2805/2805
f 2806/2806 2808/2808 2807/2807
f 2806/2806 2809/2809 2808/2808
f 2804/2804 2809/2809 2806/2806
f 2804/2804 2810/2810 2809/2809
f 2801/2801 2810/2810 2804/2804
f 2801/2801 2782/2782 2810/2810
f 2558/2558 2782/2782 2801/2801
f 2809/2809 2811/2811 2808/2808
f 2809/2809 2812/2812 2811/2811
f 2810/2810 2812/2812 2809/2809
f 2810/2810 2786/2786 2812/2812
f 2782/2782 2786/2786 2810/2810
f 2812/2812 2813/2813 2811/2811
f 2812/2812 2789/2789 2813/2813
f 2786/2786 2789/2789 2812/2812
f 2789/2789 2791/2791 2813/2813
f 2616/2616 2814/2814 2615/2615
f 2616/2616 2815/2815 2814/2814
f 2619/2619 2815/2815 2616/2616
f 2619/2619 2816/2816 2815/2815
f 2621/2621 2816/2816 2619/2619
f 2621/2621 2817/2817 2816/2816
f 2599/2599 2817/2817 2621/2621
f 2815/2815 2818/2818 2814/2814
f 2815/2815 2819/2819 2818/2818
f 2816/2816 2819/2819 2815/2815
f 2816/2816 2820/2820 2819/2819
f 2817/2817 2820/2820 2816/2816
f 2819/2819 2821/2821 2818/2818
f 2819/2819 2822/2822 2821/2821
f 2820/2820 2822/2822 2819/2819
f 2822/2822 2823/2823 2821/2821
f 2822/2822 2824/2824 2823/2823
f 2822/2822 2825/2825 2824/2824
f 2820/2820 2825/2825 2822/2822
f 2820/2820 2826/2826 2825/2825
f 2817/2817 2826/2826 2820/2820
f 2817/2817 2798/2798 2826/2826
f 2599/2599 2798/2798 2817/2817
f 2825/2825 2827/2827 2824/2824
f 2825/2825 2828/2828 2827/2827
f 2826/2826 2828/2828 2825/2825
f 2826/2826 2802/2802 2828/2828
f 2798/2798 2802/2802 2826/2826
f 2828/2828 2829/2829 2827/2827
f 2828/2828 2805/2805 2829/2829
f 2802/2802 2805/2805 2828/2828
f 2805/2805 2807/2807 2829/2829
f 2632/2632 2830/2830 2631/2631
f 2632/2632 2831/2831 2830/2830
f 2635/2635 2831/2831 2632/2632
f 2635/2635 2832/2832 2831/2831
f 2637/2637 2832/2832 2635/2635
f 2637/2637 2833/2833 2832/2832
f 2615/2615 2833/2833 2637/2637
f 2831/2831 2834/2834 2830/2830
f 2831/2831 2835/2835 2834/2834
f 2832/2832 2835/2835 2831/2831
f 2832/2832 2836/2836 2835/2835
f 2833/2833 2836/2836 2832/2832
f 2835/2835 2837/2837 2834/2834
f 2835/2835 2838/2838 2837/2837
f 2836/2836 2838/2838 2835/2835
f 2838/2838 2839/2839 2837/2837
f 2838/2838 2840/2840 2839/2839
f 2838/2838 2841/2841 2840/2840
f 2836/2836 2841/2841 2838/2838
f 2836/2836 2842/2842 2841/2841
f 2833/2833 2842/2842 2836/2836
f 2833/2833 2814/2814 2842/2842
f 2615/2615 2814/2814 2833/2833
f 2841/2841 2843/2843 2840/2840
f 2841/2841 2844/2844 2843/2843
f 2842/2842 2844/2844 2841/2841
f 2842/2842 2818/2818 2844/2844
f 2814/2814 2818/2818 2842/2842
f 2844/2844 2845/2845 2843/2843
f 2844/2844 2821/2821 2845/2845
f 2818/2818 2821/2821 2844/2844
f 2821/2821 2823/2823 2845/2845
f 2846/2846 2653/2653 2631/2631
f 2846/2846 2847/2847 2653/2653
f 2848/2848 2847/2847 2846/2846
f 2848/2848 2849/2849 2847/2847
f 2850/2850 2849/2849 2848/2848
f 2850/2850 2851/2851 2849/2849
f 2852/2852 2851/2851 2850/2850
f 2847/2847 2651/2651 2653/2653
f 2847/2847 2853/2853 2651/2651
f 2849/2849 2853/2853 2847/2847
f 2849/2849 2854/2854 2853/2853
f 2851/2851 2854/2854 2849/2849
f 2853/2853 2648/2648 2651/2651
f 2853/2853 2855/2855 2648/2648
f 2854/2854 2855/2855 2853/2853
f 2855/2855 2647/2647 2648/2648
f 2856/2856 2846/2846 2631/2631
f 2856/2856 2857/2857 2846/2846
f 2858/2858 2857/2857 2856/2856
f 2858/2858 2859/2859 2857/2857
f 2860/2860 2859/2859 2858/2858
f 2860/2860 2861/2861 2859/2859
f 2862/2862 2861/2861 2860/2860
f 2857/2857 2848/2848 2846/2846
f 2857/2857 2863/2863 2848/2848
f 2859/2859 2863/2863 2857/2857
f 2859/2859 2864/2864 2863/2863
f 2861/2861 2864/2864 2859/2859
f 2863/2863 2850/2850 2848/2848
f 2863/2863 2865/2865 2850/2850
f 2864/2864 2865/2865 2863/2863
f 2865/2865 2852/2852 2850/2850
f 2866/2866 2856/2856 2631/2631
f 2866/2866 2867/2867 2856/2856
f 2868/2868 2867/2867 2866/2866
f 2868/2868 2869/2869 2867/2867
f 2870/2870 2869/2869 2868/2868
f 2870/2870 2871/2871 2869/2869
f 2872/2872 2871/2871 2870/2870
f 2867/2867 2858/2858 2856/2856
f 2867/2867 2873/2873 2858/2858
f 2869/2869 2873/2873 2867/2867
f 2869/2869 2874/2874 2873/2873
f 2871/2871 2874/2874 2869/2869
f 2873/2873 2860/2860 2858/2858
f 2873/2873 2875/2875 2860/2860
f 2874/2874 2875/2875 2873/2873
f 2875/2875 2862/2862 2860/2860
f 2876/2876 2837/2837 2839/2839
f 2876/2876 2877/2877 2837/2837
f 2878/2878 2877/2877 2876/2876
f 2878/2878 2879/2879 2877/2877
f 2880/2880 2879/2879 2878/2878
f 2880/2880 2870/2870 2879/2879
f 2872/2872 2870/2870 2880/2880
f 2877/2877 2834/2834 2837/2837
f 2877/2877 2881/2881 2834/2834
f 2879/2879 2881/2881 2877/2877
f 2879/2879 2868/2868 2881/2881
f 2870/2870 2868/2868 2879/2879
f 2881/2881 2830/2830 2834/2834
f 2881/2881 2866/2866 2830/2830
f 2868/2868 2866/2866 2881/2881
f 2866/2866 2631/2631 2830/2830
f 2882/2882 2876/2876 2839/2839
f 2882/2882 2883/2883 2876/2876
f 2884/2884 2883/2883 2882/2882
f 2884/2884 2885/2885 2883/2883
f 2886/2886 2885/2885 2884/2884
f 2886/2886 2887/2887 2885/2885
f 2888/2888 2887/2887 2886/2886
f 2883/2883 2878/2878 2876/2876
f 2883/2883 2889/2889 2878/2878
f 2885/2885 2889/2889 2883/2883
f 2885/2885 2890/2890 2889/2889
f 2887/2887 2890/2890 2885/2885
f 2889/2889 2880/2880 2878/2878
f 2889/2889 2891/2891 2880/2880
f 2890/2890 2891/2891 2889/2889
f 2891/2891 2872/2872 2880/2880
f 2892/2892 2882/2882 2839/2839
f 2892/2892 2893/2893 2882/2882
f 2894/2894 2893/2893 2892/2892
f 2894/2894 2895/2895 2893/2893
f 2896/2896 2895/2895 2894/2894
f 2896/2896 2897/2897 2895/2895
f 2898/2898 2897/2897 2896/2896
f 2893/2893 2884/2884 2882/2882
f 2893/2893 2899/2899 2884/2884
f 2895/2895 2899/2899 2893/2893
f 2895/2895 2900/2900 2899/2899
f 2897/2897 2900/2900 2895/2895
f 2899/2899 2886/2886 2884/2884
f 2899/2899 2901/2901 2886/2886
f 2900/2900 2901/2901 2899/2899
f 2901/2901 2888/2888 2886/2886
f 2902/2902 2680/2680 2647/2647
f 2902/2902 2903/2903 2680/2680
f 2904/2904 2903/2903 2902/2902
f 2904/2904 2905/2905 2903/2903
f 2906/2906 2905/2905 2904/2904
f 2906/2906 2907/2907 2905/2905
f 2908/2908 2907/2907 2906/2906
f 2903/2903 2682/2682 2680/2680
f 2903/2903 2909/2909 2682/2682
f 2905/2905 2909/2909 2903/2903
f 2905/2905 2910/2910 2909/2909
f 2907/2907 2910/2910 2905/2905
f 2909/2909 2684/2684 2682/2682
f 2909/2909 2911/2911 2684/2684
f 2910/2910 2911/2911 2909/2909
f 2911/2911 2686/2686 2684/2684
f 2912/2912 2902/2902 2647/2647
f 2912/2912 2913/2913 2902/2902
f 2914/2914 2913/2913 2912/2912
f 2914/2914 2915/2915 2913/2913
f 2916/2916 2915/2915 2914/2914
f 2916/2916 2917/2917 2915/2915
f 2918/2918 2917/2917 2916/2916
f 2913/2913 2904/2904 2902/2902
f 2913/2913 2919/2919 2904/2904
f 2915/2915 2919/2919 2913/2913
f 2915/2915 2920/2920 2919/2919
f 2917/2917 2920/2920 2915/2915
f 2919/2919 2906/2906 2904/2904
f 2919/2919 2921/2921 2906/2906
f 2920/2920 2921/2921 2919/2919
f 2921/2921 2908/2908 2906/2906
f 2922/2922 2851/2851 2852/2852
f 2922/2922 2923/2923 2851/2851
f 2924/2924 2923/2923 2922/2922
f 2924/2924 2925/2925 2923/2923
f 2926/2926 2925/2925 2924/2924
f 2926/2926 2916/2916 2925/2925
f 2918/2918 2916/2916 2926/2926
f 2923/2923 2854/2854 2851/2851
f 2923/2923 2927/2927 2854/2854
f 2925/2925 2927/2927 2923/2923
f 2925/2925 2914/2914 2927/2927
f 2916/2916 2914/2914 2925/2925
f 2927/2927 2855/2855 2854/2854
f 2927/2927 2912/2912 2855/2855
f 2914/2914 2912/2912 2927/2927
f 2912/2912 2647/2647 2855/2855
f 2928/2928 2777/2777 2778/2778
f 2928/2928 2929/2929 2777/2777
f 2930/2930 2929/2929 2928/2928
f 2930/2930 2931/2931 2929/2929
f 2932/2932 2931/2931 2930/2930
f 2932/2932 2933/2933 2931/2931
f 2934/2934 2933/2933 2932/2932
f 2929/2929 2780/2780 2777/2777
f 2929/2929 2935/2935 2780/2780
f 2931/2931 2935/2935 2929/2929
f 2931/2931 2936/2936 2935/2935
f 2933/2933 2936/2936 2931/2931
f 2935/2935 2781/2781 2780/2780
f 2935/2935 2937/2937 2781/2781
f 2936/2936 2937/2937 2935/2935
f 2937/2937 2755/2755 2781/2781
f 2938/2938 2928/2928 2778/2778
f 2938/2938 2939/2939 2928/2928
f 2940/2940 2939/2939 2938/2938
f 2940/2940 2941/2941 2939/2939
f 2942/2942 2941/2941 2940/2940
f 2942/2942 2943/2943 2941/2941
f 2944/2944 2943/2943 2942/2942
f 2939/2939 2930/2930 2928/2928
f 2939/2939 2945/2945 2930/2930
f 2941/2941 2945/2945 2939/2939
f 2941/2941 2946/2946 2945/2945
f 2943/2943 2946/2946 2941/2941
f 2945/2945 2932/2932 2930/2930
f 2945/2945 2947/2947 2932/2932
f 2946/2946 2947/2947 2945/2945
f 2947/2947 2934/2934 2932/2932
f 2792/2792 2948/2948 2791/2791
f 2792/2792 2949/2949 2948/2948
f 2795/2795 2949/2949 2792/2792
f 2795/2795 2950/2950 2949/2949
f 2797/2797 2950/2950 2795/2795
f 2797/2797 2951/2951 2950/2950
f 2755/2755 2951/2951 2797/2797
f 2949/2949 2952/2952 2948/2948
f 2949/2949 2953/2953 2952/2952
f 2950/2950 2953/2953 2949/2949
f 2950/2950 2954/2954 2953/2953
f 2951/2951 2954/2954 2950/2950
f 2953/2953 2955/2955 2952/2952
f 2953/2953 2956/2956 2955/2955
f 2954/2954 2956/2956 2953/2953
f 2956/2956 2957/2957 2955/2955
f 2958/2958 2951/2951 2755/2755
f 2958/2958 2959/2959 2951/2951
f 2960/2960 2959/2959 2958/2958
f 2960/2960 2961/2961 2959/2959
f 2962/2962 2961/2961 2960/2960
f 2962/2962 2963/2963 2961/2961
f 2964/2964 2963/2963 2962/2962
f 2959/2959 2954/2954 2951/2951
f 2959/2959 2965/2965 2954/2954
f 2961/2961 2965/2965 2959/2959
f 2961/2961 2966/2966 2965/2965
f 2963/2963 2966/2966 2961/2961
f 2965/2965 2956/2956 2954/2954
f 2965/2965 2967/2967 2956/2956
f 2966/2966 2967/2967 2965/2965
f 2967/2967 2957/2957 2956/2956
f 2937/2937 2958/2958 2755/2755
f 2937/2937 2968/2968 2958/2958
f 2936/2936 2968/2968 2937/2937
f 2936/2936 2969/2969 2968/2968
f 2933/2933 2969/2969 2936/2936
f 2933/2933 2970/2970 2969/2969
f 2934/2934 2970/2970 2933/2933
f 2968/2968 2960/2960 2958/2958
f 2968/2968 2971/2971 2960/2960
f 2969/2969 2971/2971 2968/2968
f 2969/2969 2972/2972 2971/2971
f 2970/2970 2972/2972 2969/2969
f 2971/2971 2962/2962 2960/2960
f 2971/2971 2973/2973 2962/2962
f 2972/2972 2973/2973 2971/2971
f 2973/2973 2964/2964 2962/2962
f 2808/2808 2974/2974 2807/2807
f 2808/2808 2975/2975 2974/2974
f 2811/2811 2975/2975 2808/2808
f 2811/2811 2976/2976 2975/2975
f 2813/2813 2976/2976 2811/2811
f 2813/2813 2977/2977 2976/2976
f 2791/2791 2977/2977 2813/2813
f 2975/2975 2978/2978 2974/2974
f 2975/2975 2979/2979 2978/2978
f 2976/2976 2979/2979 2975/2975
f 2976/2976 2980/2980 2979/2979
f 2977/2977 2980/2980 2976/2976
f 2979/2979 2981/2981 2978/2978
f 2979/2979 2982/2982 2981/2981
f 2980/2980 2982/2982 2979/2979
f 2982/2982 2983/2983 2981/2981
f 2982/2982 2984/2984 2983/2983
f 2982/2982 2985/2985 2984/2984
f 2980/2980 2985/2985 2982/2982
f 2980/2980 2986/2986 2985/2985
f 2977/2977 2986/2986 2980/2980
f 2977/2977 2948/2948 2986/2986
f 2791/2791 2948/2948 2977/2977
f 2985/2985 2987/2987 2984/2984
f 2985/2985 2988/2988 2987/2987
f 2986/2986 2988/2988 2985/2985
f 2986/2986 2952/2952 2988/2988
f 2948/2948 2952/2952 2986/2986
f 2988/2988 2989/2989 2987/2987
f 2988/2988 2955/2955 2989/2989
f 2952/2952 2955/2955 2988/2988
f 2955/2955 2957/2957 2989/2989
f 2824/2824 2990/2990 2823/2823
f 2824/2824 2991/2991 2990/2990
f 2827/2827 2991/2991 2824/2824
f 2827/2827 2992/2992 2991/2991
f 2829/2829 2992/2992 2827/2827
f 2829/2829 2993/2993 2992/2992
f 2807/2807 2993/2993 2829/2829
f 2991/2991 2994/2994 2990/2990
f 2991/2991 2995/2995 2994/2994
f 2992/2992 2995/2995 2991/2991
f 2992/2992 2996/2996 2995/2995
f 2993/2993 2996/2996 2992/2992
f 2995/2995 2997/2997 2994/2994
f 2995/2995 2998/2998 2997/2997
f 2996/2996 2998/2998 2995/2995
f 2998/2998 2999/2999 2997/2997
f 2998/2998 3000/3000 2999/2999
f 2998/2998 3001/3001 3000/3000
f 2996/2996 3001/3001 2998/2998
f 2996/2996 3002/3002 3001/3001
f 2993/2993 3002/3002 2996/2996
f 2993/2993 2974/2974 3002/3002
f 2807/2807 2974/2974 2993/2993
f 3001/3001 3003/3003 3000/3000
f 3001/3001 3004/3004 3003/3003
f 3002/3002 3004/3004 3001/3001
f 3002/3002 2978/2978 3004/3004
f 2974/2974 2978/2978 3002/3002
f 3004/3004 3005/3005 3003/3003
f 3004/3004 2981/2981 3005/3005
f 2978/2978 2981/2981 3004/3004
f 2981/2981 2983/2983 3005/3005
f 3006/3006 2845/2845 2823/2823
f 3006/3006 3007/3007 2845/2845
f 3008/3008 3007/3007 3006/3006
f 3008/3008 3009/3009 3007/3007
f 3010/3010 3009/3009 3008/3008
f 3010/3010 3011/3011 3009/3009
f 3012/3012 3011/3011 3010/3010
f 3007/3007 2843/2843 2845/2845
f 3007/3007 3013/3013 2843/2843
f 3009/3009 3013/3013 3007/3007
f 3009/3009 3014/3014 3013/3013
f 3011/3011 3014/3014 3009/3009
f 3013/3013 2840/2840 2843/2843
f 3013/3013 3015/3015 2840/2840
f 3014/3014 3015/3015 3013/3013
f 3015/3015 2839/2839 2840/2840
f 3016/3016 3006/3006 2823/2823
f 3016/3016 3017/3017 3006/3006
f 3018/3018 3017/3017 3016/3016
f 3018/3018 3019/3019 3017/3017
f 3020/3020 3019/3019 3018/3018
f 3020/3020 3021/3021 3019/3019
f 3022/3022 3021/3021 3020/3020
f 3017/3017 3008/3008 3006/3006
f 3017/3017 3023/3023 3008/3008
f 3019/3019 3023/3023 3017/3017
f 3019/3019 3024/3024 3023/3023
f 3021/3021 3024/3024 3019/3019
f 3023/3023 3010/3010 3008/3008
f 3023/3023 3025/3025 3010/3010
f 3024/3024 3025/3025 3023/3023
f 3025/3025 3012/3012 3010/3010
f 3026/3026 2997/2997 2999/2999
f 3026/3026 3027/3027 2997/2997
f 3028/3028 3027/3027 3026/3026
f 3028/3028 3029/3029 3027/3027
f 3030/3030 3029/3029 3028/3028
f 3030/3030 3020/3020 3029/3029
f 3022/3022 3020/3020 3030/3030
f 3027/3027 2994/2994 2997/2997
f 3027/3027 3031/3031 2994/2994
f 3029/3029 3031/3031 3027/3027
f 3029/3029 3018/3018 3031/3031
f 3020/3020 3018/3018 3029/3029
f 3031/3031 2990/2990 2994/2994
f 3031/3031 3016/3016 2990/2990
f 3018/3018 3016/3016 3031/3031
f 3016/3016 2823/2823 2990/2990
f 3032/3032 3026/3026 2999/2999
f 3032/3032 3033/3033 3026/3026
f 3034/3034 3033/3033 3032/3032
f 3034/3034 3035/3035 3033/3033
f 3036/3036 3035/3035 3034/3034
f 3036/3036 3037/3037 3035/3035
f 3038/3038 3037/3037 3036/3036
f 3033/3033 3028/3028 3026/3026
f 3033/3033 3039/3039 3028/3028
f 3035/3035 3039/3039 3033/3033
f 3035/3035 3040/3040 3039/3039
f 3037/3037 3040/3040 3035/3035
f 3039/3039 3030/3030 3028/3028
f 3039/3039 3041/3041 3030/3030
f 3040/3040 3041/3041 3039/3039
f 3041/3041 3022/3022 3030/3030
f 3044/3044 3043/3043 3042/3042
f 3044/3044 3045/3045 3043/3043
f 3046/3046 3045/3045 3044/3044
f 3046/3046 3047/3047 3045/3045
f 3048/3048 3047/3047 3046/3046
f 3048/3048 2896/2896 3047/3047
f 2898/2898 2896/2896 3048/3048
f 3045/3045 3049/3049 3043/3043
f 3045/3045 3050/3050 3049/3049
f 3047/3047 3050/3050 3045/3045
f 3047/3047 2894/2894 3050/3050
f 2896/2896 2894/2894 3047/3047
f 3050/3050 3051/3051 3049/3049
f 3050/3050 2892/2892 3051/3051
f 2894/2894 2892/2892 3050/3050
f 2892/2892 2839/2839 3051/3051
f 3052/3052 3011/3011 3012/3012
f 3052/3052 3053/3053 3011/3011
f 3054/3054 3053/3053 3052/3052
f 3054/3054 3055/3055 3053/3053
f 3056/3056 3055/3055 3054/3054
f 3056/3056 3043/3043 3055/3055
f 3042/3042 3043/3043 3056/3056
f 3053/3053 3014/3014 3011/3011
f 3053/3053 3057/3057 3014/3014
f 3055/3055 3057/3057 3053/3053
f 3055/3055 3049/3049 3057/3057
f 3043/3043 3049/3049 3055/3055
f 3057/3057 3015/3015 3014/3014
f 3057/3057 3051/3051 3015/3015
f 3049/3049 3051/3051 3057/3057
f 3051/3051 2839/2839 3015/3015
f 3058/3058 3052/3052 3012/3012
f 3058/3058 3059/3059 3052/3052
f 3060/3060 3059/3059 3058/3058
f 3060/3060 3061/3061 3059/3059
f 3062/3062 3061/3061 3060/3060
f 3062/3062 3063/3063 3061/3061
f 3064/3064 3063/3063 3062/3062
f 3059/3059 3054/3054 3052/3052
f 3059/3059 3065/3065 3054/3054
f 3061/3061 3065/3065 3059/3059
f 3061/3061 3066/3066 3065/3065
f 3063/3063 3066/3066 3061/3061
f 3065/3065 3056/3056 3054/3054
f 3065/3065 3067/3067 3056/3056
f 3066/3066 3067/3067 3065/3065
f 3067/3067 3042/3042 3056/3056
f 3068/3068 2963/2963 2964/2964
f 3068/3068 3069/3069 2963/2963
f 3070/3070 3069/3069 3068/3068
f 3070/3070 3071/3071 3069/3069
f 3072/3072 3071/3071 3070/3070
f 3072/3072 3073/3073 3071/3071
f 3074/3074 3073/3073 3072/3072
f 3069/3069 2966/2966 2963/2963
f 3069/3069 3075/3075 2966/2966
f 3071/3071 3075/3075 3069/3069
f 3071/3071 3076/3076 3075/3075
f 3073/3073 3076/3076 3071/3071
f 3075/3075 2967/2967 2966/2966
f 3075/3075 3077/3077 2967/2967
f 3076/3076 3077/3077 3075/3075
f 3077/3077 2957/2957 2967/2967
f 3078/3078 3068/3068 2964/2964
f 3078/3078 3079/3079 3068/3068
f 3080/3080 3079/3079 3078/3078
f 3080/3080 3081/3081 3079/3079
f 3082/3082 3081/3081 3080/3080
f 3082/3082 3083/3083 3081/3081
f 3084/3084 3083/3083 3082/3082
f 3079/3079 3070/3070 3068/3068
f 3079/3079 3085/3085 3070/3070
f 3081/3081 3085/3085 3079/3079
f 3081/3081 3086/3086 3085/3085
f 3083/3083 3086/3086 3081/3081
f 3085/3085 3072/3072 3070/3070
f 3085/3085 3087/3087 3072/3072
f 3086/3086 3087/3087 3085/3085
f 3087/3087 3074/3074 3072/3072
f 3088/3088 3078/3078 2964/2964
f 3088/3088 3089/3089 3078/3078
f 3090/3090 3089/3089 3088/3088
f 3090/3090 3091/3091 3089/3089
f 3092/3092 3091/3091 3090/3090
f 3092/3092 3093/3093 3091/3091
f 3094/3094 3093/3093 3092/3092
f 3089/3089 3080/3080 3078/3078
f 3089/3089 3095/3095 3080/3080
f 3091/3091 3095/3095 3089/3089
f 3091/3091 3096/3096 3095/3095
f 3093/3093 3096/3096 3091/3091
f 3095/3095 3082/3082 3080/3080
f 3095/3095 3097/3097 3082/3082
f 3096/3096 3097/3097 3095/3095
f 3097/3097 3084/3084 3082/3082
f 3098/3098 2989/2989 2957/2957
f 3098/3098 3099/3099 2989/2989
f 3100/3100 3099/3099 3098/3098
f 3100/3100 3101/3101 3099/3099
f 3102/3102 3101/3101 3100/3100
f 3102/3102 3103/3103 3101/3101
f 3104/3104 3103/3103 3102/3102
f 3099/3099 2987/2987 2989/2989
f 3099/3099 3105/3105 2987/2987
f 3101/3101 3105/3105 3099/3099
f 3101/3101 3106/3106 3105/3105
f 3103/3103 3106/3106 3101/3101
f 3105/3105 2984/2984 2987/2987
f 3105/3105 3107/3107 2984/2984
f 3106/3106 3107/3107 3105/3105
f 3107/3107 2983/2983 2984/2984
f 3108/3108 3098/3098 2957/2957
f 3108/3108 3109/3109 3098/3098
f 3110/3110 3109/3109 3108/3108
f 3110/3110 3111/3111 3109/3109
f 3112/3112 3111/3111 3110/3110
f 3112/3112 3113/3113 3111/3111
f 3114/3114 3113/3113 3112/3112
f 3109/3109 3100/3100 3098/3098
f 3109/3109 3115/3115 3100/3100
f 3111/3111 3115/3115 3109/3109
f 3111/3111 3116/3116 3115/3115
f 3113/3113 3116/3116 3111/3111
f 3115/3115 3102/3102 3100/3100
f 3115/3115 3117/3117 3102/3102
f 3116/3116 3117/3117 3115/3115
f 3117/3117 3104/3104 3102/3102
f 3118/3118 3073/3073 3074/3074
f 3118/3118 3119/3119 3073/3073
f 3120/3120 3119/3119 3118/3118
f 3120/3120 3121/3121 3119/3119
f 3122/3122 3121/3121 3120/3120
f 3122/3122 3112/3112 3121/3121
f 3114/3114 3112/3112 3122/3122
f 3119/3119 3076/3076 3073/3073
f 3119/3119 3123/3123 3076/3076
f 3121/3121 3123/3123 3119/3119
f 3121/3121 3110/3110 3123/3123
f 3112/3112 3110/3110 3121/3121
f 3123/3123 3077/3077 3076/3076
f 3123/3123 3108/3108 3077/3077
f 3110/3110 3108/3108 3123/3123
f 3108/3108 2957/2957 3077/3077
f 3124/3124 3118/3118 3074/3074
f 3124/3124 3125/3125 3118/3118
f 3126/3126 3125/3125 3124/3124
f 3126/3126 3127/3127 3125/3125
f 3128/3128 3127/3127 3126/3126
f 3128/3128 3129/3129 3127/3127
f 3130/3130 3129/3129 3128/3128
f 3125/3125 3120/3120 3118/3118
f 3125/3125 3131/3131 3120/3120
f 3127/3127 3131/3131 3125/3125
f 3127/3127 3132/3132 3131/3131
f 3129/3129 3132/3132 3127/3127
f 3131/3131 3122/3122 3120/3120
f 3131/3131 3133/3133 3122/3122
f 3132/3132 3133/3133 3131/3131
f 3133/3133 3114/3114 3122/3122
f 3134/3134 3005/3005 2983/2983
f 3134/3134 3135/3135 3005/3005
f 3136/3136 3135/3135 3134/3134
f 3136/3136 3137/3137 3135/3135
f 3138/3138 3137/3137 3136/3136
f 3138/3138 3139/3139 3137/3137
f 3140/3140 3139/3139 3138/3138
f 3135/3135 3003/3003 3005/3005
f 3135/3135 3141/3141 3003/3003
f 3137/3137 3141/3141 3135/3135
f 3137/3137 3142/3142 3141/3141
f 3139/3139 3142/3142 3137/3137
f 3141/3141 3000/3000 3003/3003
f 3141/3141 3143/3143 3000/3000
f 3142/3142 3143/3143 3141/3141
f 3143/3143 2999/2999 3000/3000
f 3144/3144 3134/3134 2983/2983
f 3144/3144 3145/3145 3134/3134
f 3146/3146 3145/3145 3144/3144
f 3146/3146 3147/3147 3145/3145
f 3148/3148 3147/3147 3146/3146
f 3148/3148 3149/3149 3147/3147
f 3150/3150 3149/3149 3148/3148
f 3145/3145 3136/3136 3134/3134
f 3145/3145 3151/3151 3136/3136
f 3147/3147 3151/3151 3145/3145
f 3147/3147 3152/3152 3151/3151
f 3149/3149 3152/3152 3147/3147
f 3151/3151 3138/3138 3136/3136
f 3151/3151 3153/3153 3138/3138
f 3152/3152 3153/3153 3151/3151
f 3153/3153 3140/3140 3138/3138
f 3154/3154 3103/3103 3104/3104
f 3154/3154 3155/3155 3103/3103
f 3156/3156 3155/3155 3154/3154
f 3156/3156 3157/3157 3155/3155
f 3158/3158 3157/3157 3156/3156
f 3158/3158 3148/3148 3157/3157
f 3150/3150 3148/3148 3158/3158
f 3155/3155 3106/3106 3103/3103
f 3155/3155 3159/3159 3106/3106
f 3157/3157 3159/3159 3155/3155
f 3157/3157 3146/3146 3159/3159
f 3148/3148 3146/3146 3157/3157
f 3159/3159 3107/3107 3106/3106
f 3159/3159 3144/3144 3107/3107
f 3146/3146 3144/3144 3159/3159
f 3144/3144 2983/2983 3107/3107
f 3160/3160 3154/3154 3104/3104
f 3160/3160 3161/3161 3154/3154
f 3162/3162 3161/3161 3160/3160
f 3162/3162 3163/3163 3161/3161
f 3164/3164 3163/3163 3162/3162
f 3164/3164 3165/3165 3163/3163
f 3166/3166 3165/3165 3164/3164
f 3161/3161 3156/3156 3154/3154
f 3161/3161 3167/3167 3156/3156
f 3163/3163 3167/3167 3161/3161
f 3163/3163 3168/3168 3167/3167
f 3165/3165 3168/3168 3163/3163
f 3167/3167 3158/3158 3156/3156
f 3167/3167 3169/3169 3158/3158
f 3168/3168 3169/3169 3167/3167
f 3169/3169 3150/3150 3158/3158
f 3172/3172 3171/3171 3170/3170
f 3172/3172 3173/3173 3171/3171
f 3174/3174 3173/3173 3172/3172
f 3174/3174 3175/3175 3173/3173
f 3176/3176 3175/3175 3174/3174
f 3176/3176 3036/3036 3175/3175
f 3038/3038 3036/3036 3176/3176
f 3173/3173 3177/3177 3171/3171
f 3173/3173 3178/3178 3177/3177
f 3175/3175 3178/3178 3173/3173
f 3175/3175 3034/3034 3178/3178
f 3036/3036 3034/3034 3175/3175
f 3178/3178 3179/3179 3177/3177
f 3178/3178 3032/3032 3179/3179
f 3034/3034 3032/3032 3178/3178
f 3032/3032 2999/2999 3179/3179
f 3180/3180 3172/3172 3170/3170
f 3180/3180 3181/3181 3172/3172
f 3182/3182 3181/3181 3180/3180
f 3182/3182 3183/3183 3181/3181
f 3184/3184 3183/3183 3182/3182
f 3184/3184 3185/3185 3183/3183
f 3186/3186 3185/3185 3184/3184
f 3181/3181 3174/3174 3172/3172
f 3181/3181 3187/3187 3174/3174
f 3183/3183 3187/3187 3181/3181
f 3183/3183 3188/3188 3187/3187
f 3185/3185 3188/3188 3183/3183
f 3187/3187 3176/3176 3174/3174
f 3187/3187 3189/3189 3176/3176
f 3188/3188 3189/3189 3187/3187
f 3189/3189 3038/3038 3176/3176
f 3190/3190 3139/3139 3140/3140
f 3190/3190 3191/3191 3139/3139
f 3192/3192 3191/3191 3190/3190
f 3192/3192 3193/3193 3191/3191
f 3194/3194 3193/3193 3192/3192
f 3194/3194 3171/3171 3193/3193
f 3170/3170 3171/3171 3194/3194
f 3191/3191 3142/3142 3139/3139
f 3191/3191 3195/3195 3142/3142
f 3193/3193 3195/3195 3191/3191
f 3193/3193 3177/3177 3195/3195
f 3171/3171 3177/3177 3193/3193
f 3195/3195 3143/3143 3142/3142
f 3195/3195 3179/3179 3143/3143
f 3177/3177 3179/3179 3195/3195
f 3179/3179 2999/2999 3143/3143
f 3198/3198 3197/3197 3196/3196
f 3198/3198 3199/3199 3197/3197
f 3200/3200 3199/3199 3198/3198
f 3200/3200 3201/3201 3199/3199
f 3202/3202 3201/3201 3200/3200
f 3202/3202 3203/3203 3201/3201
f 3204/3204 3203/3203 3202/3202
f 3199/3199 3205/3205 3197/3197
f 3199/3199 3206/3206 3205/3205
f 3201/3201 3206/3206 3199/3199
f 3201/3201 3207/3207 3206/3206
f 3203/3203 3207/3207 3201/3201
f 3206/3206 3208/3208 3205/3205
f 3206/3206 3209/3209 3208/3208
f 3207/3207 3209/3209 3206/3206
f 3209/3209 3210/3210 3208/3208
f 3211/3211 3203/3203 3204/3204
f 3211/3211 3212/3212 3203/3203
f 3213/3213 3212/3212 3211/3211
f 3213/3213 3214/3214 3212/3212
f 3215/3215 3214/3214 3213/3213
f 3215/3215 3216/3216 3214/3214
f 3217/3217 3216/3216 3215/3215
f 3212/3212 3207/3207 3203/3203
f 3212/3212 3218/3218 3207/3207
f 3214/3214 3218/3218 3212/3212
f 3214/3214 3219/3219 3218/3218
f 3216/3216 3219/3219 3214/3214
f 3218/3218 3209/3209 3207/3207
f 3218/3218 3220/3220 3209/3209
f 3219/3219 3220/3220 3218/3218
f 3220/3220 3210/3210 3209/3209
f 3223/3223 3222/3222 3221/3221
f 3223/3223 3224/3224 3222/3222
f 3225/3225 3224/3224 3223/3223
f 3225/3225 3226/3226 3224/3224
f 3227/3227 3226/3226 3225/3225
f 3227/3227 3228/3228 3226/3226
f 3229/3229 3228/3228 3227/3227
f 3224/3224 3230/3230 3222/3222
f 3224/3224 3231/3231 3230/3230
f 3226/3226 3231/3231 3224/3224
f 3226/3226 3232/3232 3231/3231
f 3228/3228 3232/3232 3226/3226
f 3231/3231 3233/3233 3230/3230
f 3231/3231 3234/3234 3233/3233
f 3232/3232 3234/3234 3231/3231
f 3234/3234 3235/3235 3233/3233
f 3236/3236 3223/3223 3221/3221
f 3236/3236 3237/3237 3223/3223
f 3238/3238 3237/3237 3236/3236
f 3238/3238 3239/3239 3237/3237
f 3240/3240 3239/3239 3238/3238
f 3240/3240 3241/3241 3239/3239
f 3242/3242 3241/3241 3240/3240
f 3237/3237 3225/3225 3223/3223
f 3237/3237 3243/3243 3225/3225
f 3239/3239 3243/3243 3237/3237
f 3239/3239 3244/3244 3243/3243
f 3241/3241 3244/3244 3239/3239
f 3243/3243 3227/3227 3225/3225
f 3243/3243 3245/3245 3227/3227
f 3244/3244 3245/3245 3243/3243
f 3245/3245 3229/3229 3227/3227
f 3247/3247 3246/3246 3235/3235
f 3247/3247 3248/3248 3246/3246
f 3249/3249 3248/3248 3247/3247
f 3249/3249 3250/3250 3248/3248
f 3251/3251 3250/3250 3249/3249
f 3251/3251 3197/3197 3250/3250
f 3196/3196 3197/3197 3251/3251
f 3248/3248 3252/3252 3246/3246
f 3248/3248 3253/3253 3252/3252
f 3250/3250 3253/3253 3248/3248
f 3250/3250 3205/3205 3253/3253
f 3197/3197 3205/3205 3250/3250
f 3253/3253 3254/3254 3252/3252
f 3253/3253 3208/3208 3254/3254
f 3205/3205 3208/3208 3253/3253
f 3208/3208 3210/3210 3254/3254
f 3255/3255 3247/3247 3235/3235
f 3255/3255 3256/3256 3247/3247
f 3257/3257 3256/3256 3255/3255
f 3257/3257 3258/3258 3256/3256
f 3259/3259 3258/3258 3257/3257
f 3259/3259 3260/3260 3258/3258
f 3261/3261 3260/3260 3259/3259
f 3256/3256 3249/3249 3247/3247
f 3256/3256 3262/3262 3249/3249
f 3258/3258 3262/3262 3256/3256
f 3258/3258 3263/3263 3262/3262
f 3260/3260 3263/3263 3258/3258
f 3262/3262 3251/3251 3249/3249
f 3262/3262 3264/3264 3251/3251
f 3263/3263 3264/3264 3262/3262
f 3264/3264 3196/3196 3251/3251
f 3234/3234 3255/3255 3235/3235
f 3234/3234 3265/3265 3255/3255
f 3232/3232 3265/3265 3234/3234
f 3232/3232 3266/3266 3265/3265
f 3228/3228 3266/3266 3232/3232
f 3228/3228 3267/3267 3266/3266
f 3229/3229 3267/3267 3228/3228
f 3265/3265 3257/3257 3255/3255
f 3265/3265 3268/3268 3257/3257
f 3266/3266 3268/3268 3265/3265
f 3266/3266 3269/3269 3268/3268
f 3267/3267 3269/3269 3266/3266
f 3268/3268 3259/3259 3257/3257
f 3268/3268 3270/3270 3259/3259
f 3269/3269 3270/3270 3268/3268
f 3270/3270 3261/3261 3259/3259
f 3273/3273 3272/3272 3271/3271
f 3273/3273 3274/3274 3272/3272
f 3275/3275 3274/3274 3273/3273
f 3275/3275 3276/3276 3274/3274
f 3277/3277 3276/3276 3275/3275
f 3277/3277 3278/3278 3276/3276
f 3279/3279 3278/3278 3277/3277
f 3274/3274 3280/3280 3272/3272
f 3274/3274 3281/3281 3280/3280
f 3276/3276 3281/3281 3274/3274
f 3276/3276 3282/3282 3281/3281
f 3278/3278 3282/3282 3276/3276
f 3281/3281 3283/3283 3280/3280
f 3281/3281 3284/3284 3283/3283
f 3282/3282 3284/3284 3281/3281
f 3284/3284 3285/3285 3283/3283
f 3286/3286 3273/3273 3271/3271
f 3286/3286 3287/3287 3273/3273
f 3288/3288 3287/3287 3286/3286
f 3288/3288 3289/3289 3287/3287
f 3290/3290 3289/3289 3288/3288
f 3290/3290 3291/3291 3289/3289
f 3292/3292 3291/3291 3290/3290
f 3287/3287 3275/3275 3273/3273
f 3287/3287 3293/3293 3275/3275
f 3289/3289 3293/3293 3287/3287
f 3289/3289 3294/3294 3293/3293
f 3291/3291 3294/3294 3289/3289
f 3293/3293 3277/3277 3275/3275
f 3293/3293 3295/3295 3277/3277
f 3294/3294 3295/3295 3293/3293
f 3295/3295 3279/3279 3277/3277
f 3297/3297 3296/3296 3285/3285
f 3297/3297 3298/3298 3296/3296
f 3299/3299 3298/3298 3297/3297
f 3299/3299 3300/3300 3298/3298
f 3301/3301 3300/3300 3299/3299
f 3301/3301 3222/3222 3300/3300
f 3221/3221 3222/3222 3301/3301
f 3298/3298 3302/3302 3296/3296
f 3298/3298 3303/3303 3302/3302
f 3300/3300 3303/3303 3298/3298
f 3300/3300 3230/3230 3303/3303
f 3222/3222 3230/3230 3300/3300
f 3303/3303 3304/3304 3302/3302
f 3303/3303 3233/3233 3304/3304
f 3230/3230 3233/3233 3303/3303
f 3233/3233 3235/3235 3304/3304
f 3284/3284 3297/3297 3285/3285
f 3284/3284 3305/3305 3297/3297
f 3282/3282 3305/3305 3284/3284
f 3282/3282 3306/3306 3305/3305
f 3278/3278 3306/3306 3282/3282
f 3278/3278 3307/3307 3306/3306
f 3279/3279 3307/3307 3278/3278
f 3305/3305 3299/3299 3297/3297
f 3305/3305 3308/3308 3299/3299
f 3306/3306 3308/3308 3305/3305
f 3306/3306 3309/3309 3308/3308
f 3307/3307 3309/3309 3306/3306
f 3308/3308 3301/3301 3299/3299
f 3308/3308 3310/3310 3301/3301
f 3309/3309 3310/3310 3308/3308
f 3310/3310 3221/3221 3301/3301
f 3313/3313 3312/3312 3311/3311
f 3313/3313 3314/3314 3312/3312
f 3315/3315 3314/3314 3313/3313
f 3315/3315 3316/3316 3314/3314
f 3317/3317 3316/3316 3315/3315
f 3317/3317 3318/3318 3316/3316
f 3319/3319 3318/3318 3317/3317
f 3314/3314 3320/3320 3312/3312
f 3314/3314 3321/3321 3320/3320
f 3316/3316 3321/3321 3314/3314
f 3316/3316 3322/3322 3321/3321
f 3318/3318 3322/3322 3316/3316
f 3321/3321 3323/3323 3320/3320
f 3321/3321 3324/3324 3323/3323
f 3322/3322 3324/3324 3321/3321
f 3324/3324 3325/3325 3323/3323
f 3326/3326 3313/3313 3311/3311
f 3326/3326 3327/3327 3313/3313
f 3328/3328 3327/3327 3326/3326
f 3328/3328 3329/3329 3327/3327
f 3330/3330 3329/3329 3328/3328
f 3330/3330 3331/3331 3329/3329
f 3332/3332 3331/3331 3330/3330
f 3327/3327 3315/3315 3313/3313
f 3327/3327 3333/3333 3315/3315
f 3329/3329 3333/3333 3327/3327
f 3329/3329 3334/3334 3333/3333
f 3331/3331 3334/3334 3329/3329
f 3333/3333 3317/3317 3315/3315
f 3333/3333 3335/3335 3317/3317
f 3334/3334 3335/3335 3333/3333
f 3335/3335 3319/3319 3317/3317
f 3337/3337 3336/3336 3325/3325
f 3337/3337 3338/3338 3336/3336
f 3339/3339 3338/3338 3337/3337
f 3339/3339 3340/3340 3338/3338
f 3341/3341 3340/3340 3339/3339
f 3341/3341 3272/3272 3340/3340
f 3271/3271 3272/3272 3341/3341
f 3338/3338 3342/3342 3336/3336
f 3338/3338 3343/3343 3342/3342
f 3340/3340 3343/3343 3338/3338
f 3340/3340 3280/3280 3343/3343
f 3272/3272 3280/3280 3340/3340
f 3343/3343 3344/3344 3342/3342
f 3343/3343 3283/3283 3344/3344
f 3280/3280 3283/3283 3343/3343
f 3283/3283 3285/3285 3344/3344
f 3324/3324 3337/3337 3325/3325
f 3324/3324 3345/3345 3337/3337
f 3322/3322 3345/3345 3324/3324
f 3322/3322 3346/3346 3345/3345
f 3318/3318 3346/3346 3322/3322
f 3318/3318 3347/3347 3346/3346
f 3319/3319 3347/3347 3318/3318
f 3345/3345 3339/3339 3337/3337
f 3345/3345 3348/3348 3339/3339
f 3346/3346 3348/3348 3345/3345
f 3346/3346 3349/3349 3348/3348
f 3347/3347 3349/3349 3346/3346
f 3348/3348 3341/3341 3339/3339
f 3348/3348 3350/3350 3341/3341
f 3349/3349 3350/3350 3348/3348
f 3350/3350 3271/3271 3341/3341
f 3353/3353 3352/3352 3351/3351
f 3353/3353 3354/3354 3352/3352
f 3355/3355 3354/3354 3353/3353
f 3355/3355 3356/3356 3354/3354
f 3357/3357 3356/3356 3355/3355
f 3357/3357 3312/3312 3356/3356
f 3311/3311 3312/3312 3357/3357
f 3354/3354 3358/3358 3352/3352
f 3354/3354 3359/3359 3358/3358
f 3356/3356 3359/3359 3354/3354
f 3356/3356 3320/3320 3359/3359
f 3312/3312 3320/3320 3356/3356
f 3359/3359 3360/3360 3358/3358
f 3359/3359 3323/3323 3360/3360
f 3320/3320 3323/3323 3359/3359
f 3323/3323 3325/3325 3360/3360
f 3361/3361 3353/3353 3351/3351
f 3361/3361 3362/3362 3353/3353
f 3363/3363 3362/3362 3361/3361
f 3363/3363 3364/3364 3362/3362
f 3365/3365 3364/3364 3363/3363
f 3365/3365 3366/3366 3364/3364
f 3367/3367 3366/3366 3365/3365
f 3362/3362 3355/3355 3353/3353
f 3362/3362 3368/3368 3355/3355
f 3364/3364 3368/3368 3362/3362
f 3364/3364 3369/3369 3368/3368
f 3366/3366 3369/3369 3364/3364
f 3368/3368 3357/3357 3355/3355
f 3368/3368 3370/3370 3357/3357
f 3369/3369 3370/3370 3368/3368
f 3370/3370 3311/3311 3357/3357
f 3372/3372 3371/3371 3210/3210
f 3372/3372 3373/3373 3371/3371
f 3374/3374 3373/3373 3372/3372
f 3374/3374 3375/3375 3373/3373
f 3376/3376 3375/3375 3374/3374
f 3376/3376 3377/3377 3375/3375
f 3378/3378 3377/3377 3376/3376
f 3373/3373 3379/3379 3371/3371
f 3373/3373 3380/3380 3379/3379
f 3375/3375 3380/3380 3373/3373
f 3375/3375 3381/3381 3380/3380
f 3377/3377 3381/3381 3375/3375
f 3380/3380 3382/3382 3379/3379
f 3380/3380 3383/3383 3382/3382
f 3381/3381 3383/3383 3380/3380
f 3383/3383 3384/3384 3382/3382
f 3385/3385 3372/3372 3210/3210
f 3385/3385 3386/3386 3372/3372
f 3387/3387 3386/3386 3385/3385
f 3387/3387 3388/3388 3386/3386
f 3389/3389 3388/3388 3387/3387
f 3389/3389 3390/3390 3388/3388
f 3391/3391 3390/3390 3389/3389
f 3386/3386 3374/3374 3372/3372
f 3386/3386 3392/3392 3374/3374
f 3388/3388 3392/3392 3386/3386
f 3388/3388 3393/3393 3392/3392
f 3390/3390 3393/3393 3388/3388
f 3392/3392 3376/3376 3374/3374
f 3392/3392 3394/3394 3376/3376
f 3393/3393 3394/3394 3392/3392
f 3394/3394 3378/3378 3376/3376
f 3220/3220 3385/3385 3210/3210
f 3220/3220 3395/3395 3385/3385
f 3219/3219 3395/3395 3220/3220
f 3219/3219 3396/3396 3395/3395
f 3216/3216 3396/3396 3219/3219
f 3216/3216 3397/3397 3396/3396
f 3217/3217 3397/3397 3216/3216
f 3395/3395 3387/3387 3385/3385
f 3395/3395 3398/3398 3387/3387
f 3396/3396 3398/3398 3395/3395
f 3396/3396 3399/3399 3398/3398
f 3397/3397 3399/3399 3396/3396
f 3398/3398 3389/3389 3387/3387
f 3398/3398 3400/3400 3389/3389
f 3399/3399 3400/3400 3398/3398
f 3400/3400 3391/3391 3389/3389
f 3401/3401 3377/3377 3378/3378
f 3401/3401 3402/3402 3377/3377
f 3403/3403 3402/3402 3401/3401
f 3403/3403 3404/3404 3402/3402
f 3405/3405 3404/3404 3403/3403
f 3405/3405 3406/3406 3404/3404
f 3407/3407 3406/3406 3405/3405
f 3402/3402 3381/3381 3377/3377
f 3402/3402 3408/3408 3381/3381
f 3404/3404 3408/3408 3402/3402
f 3404/3404 3409/3409 3408/3408
f 3406/3406 3409/3409 3404/3404
f 3408/3408 3383/3383 3381/3381
f 3408/3408 3410/3410 3383/3383
f 3409/3409 3410/3410 3408/3408
f 3410/3410 3384/3384 3383/3383
f 3246/3246 3411/3411 3235/3235
f 3246/3246 3412/3412 3411/3411
f 3252/3252 3412/3412 3246/3246
f 3252/3252 3413/3413 3412/3412
f 3254/3254 3413/3413 3252/3252
f 3254/3254 3414/3414 3413/3413
f 3210/3210 3414/3414 3254/3254
f 3412/3412 3415/3415 3411/3411
f 3412/3412 3416/3416 3415/3415
f 3413/3413 3416/3416 3412/3412
f 3413/3413 3417/3417 3416/3416
f 3414/3414 3417/3417 3413/3413
f 3416/3416 3418/3418 3415/3415
f 3416/3416 3419/3419 3418/3418
f 3417/3417 3419/3419 3416/3416
f 3419/3419 3420/3420 3418/3418
f 3419/3419 3421/3421 3420/3420
f 3419/3419 3422/3422 3421/3421
f 3417/3417 3422/3422 3419/3419
f 3417/3417 3423/3423 3422/3422
f 3414/3414 3423/3423 3417/3417
f 3414/3414 3371/3371 3423/3423
f 3210/3210 3371/3371 3414/3414
f 3422/3422 3424/3424 3421/3421
f 3422/3422 3425/3425 3424/3424
f 3423/3423 3425/3425 3422/3422
f 3423/3423 3379/3379 3425/3425
f 3371/3371 3379/3379 3423/3423
f 3425/3425 3426/3426 3424/3424
f 3425/3425 3382/3382 3426/3426
f 3379/3379 3382/3382 3425/3425
f 3382/3382 3384/3384 3426/3426
f 3296/3296 3427/3427 3285/3285
f 3296/3296 3428/3428 3427/3427
f 3302/3302 3428/3428 3296/3296
f 3302/3302 3429/3429 3428/3428
f 3304/3304 3429/3429 3302/3302
f 3304/3304 3430/3430 3429/3429
f 3235/3235 3430/3430 3304/3304
f 3428/3428 3431/3431 3427/3427
f 3428/3428 3432/3432 3431/3431
f 3429/3429 3432/3432 3428/3428
f 3429/3429 3433/3433 3432/3432
f 3430/3430 3433/3433 3429/3429
f 3432/3432 3434/3434 3431/3431
f 3432/3432 3435/3435 3434/3434
f 3433/3433 3435/3435 3432/3432
f 3435/3435 3436/3436 3434/3434
f 3435/3435 3437/3437 3436/3436
f 3435/3435 3438/3438 3437/3437
f 3433/3433 3438/3438 3435/3435
f 3433/3433 3439/3439 3438/3438
f 3430/3430 3439/3439 3433/3433
f 3430/3430 3411/3411 3439/3439
f 3235/3235 3411/3411 3430/3430
f 3438/3438 3440/3440 3437/3437
f 3438/3438 3441/3441 3440/3440
f 3439/3439 3441/3441 3438/3438
f 3439/3439 3415/3415 3441/3441
f 3411/3411 3415/3415 3439/3439
f 3441/3441 3442/3442 3440/3440
f 3441/3441 3418/3418 3442/3442
f 3415/3415 3418/3418 3441/3441
f 3418/3418 3420/3420 3442/3442
f 3336/3336 3443/3443 3325/3325
f 3336/3336 3444/3444 3443/3443
f 3342/3342 3444/3444 3336/3336
f 3342/3342 3445/3445 3444/3444
f 3344/3344 3445/3445 3342/3342
f 3344/3344 3446/3446 3445/3445
f 3285/3285 3446/3446 3344/3344
f 3444/3444 3447/3447 3443/3443
f 3444/3444 3448/3448 3447/3447
f 3445/3445 3448/3448 3444/3444
f 3445/3445 3449/3449 3448/3448
f 3446/3446 3449/3449 3445/3445
f 3448/3448 3450/3450 3447/3447
f 3448/3448 3451/3451 3450/3450
f 3449/3449 3451/3451 3448/3448
f 3451/3451 3452/3452 3450/3450
f 3451/3451 3453/3453 3452/3452
f 3451/3451 3454/3454 3453/3453
f 3449/3449 3454/3454 3451/3451
f 3449/3449 3455/3455 3454/3454
f 3446/3446 3455/3455 3449/3449
f 3446/3446 3427/3427 3455/3455
f 3285/3285 3427/3427 3446/3446
f 3454/3454 3456/3456 3453/3453
f 3454/3454 3457/3457 3456/3456
f 3455/3455 3457/3457 3454/3454
f 3455/3455 3431/3431 3457/3457
f 3427/3427 3431/3431 3455/3455
f 3457/3457 3458/3458 3456/3456
f 3457/3457 3434/3434 3458/3458
f 3431/3431 3434/3434 3457/3457
f 3434/3434 3436/3436 3458/3458
f 3461/3461 3460/3460 3459/3459
f 3461/3461 3462/3462 3460/3460
f 3463/3463 3462/3462 3461/3461
f 3463/3463 3464/3464 3462/3462
f 3465/3465 3464/3464 3463/3463
f 3465/3465 3352/3352 3464/3464
f 3351/3351 3352/3352 3465/3465
f 3462/3462 3466/3466 3460/3460
f 3462/3462 3467/3467 3466/3466
f 3464/3464 3467/3467 3462/3462
f 3464/3464 3358/3358 3467/3467
f 3352/3352 3358/3358 3464/3464
f 3467/3467 3468/3468 3466/3466
f 3467/3467 3360/3360 3468/3468
f 3358/3358 3360/3360 3467/3467
f 3360/3360 3325/3325 3468/3468
f 3469/3469 3461/3461 3459/3459
f 3469/3469 3470/3470 3461/3461
f 3471/3471 3470/3470 3469/3469
f 3471/3471 3472/3472 3470/3470
f 3473/3473 3472/3472 3471/3471
f 3473/3473 3474/3474 3472/3472
f 3475/3475 3474/3474 3473/3473
f 3470/3470 3463/3463 3461/3461
f 3470/3470 3476/3476 3463/3463
f 3472/3472 3476/3476 3470/3470
f 3472/3472 3477/3477 3476/3476
f 3474/3474 3477/3477 3472/3472
f 3476/3476 3465/3465 3463/3463
f 3476/3476 3478/3478 3465/3465
f 3477/3477 3478/3478 3476/3476
f 3478/3478 3351/3351 3465/3465
f 3460/3460 3479/3479 3459/3459
f 3460/3460 3480/3480 3479/3479
f 3466/3466 3480/3480 3460/3460
f 3466/3466 3481/3481 3480/3480
f 3468/3468 3481/3481 3466/3466
f 3468/3468 3443/3443 3481/3481
f 3325/3325 3443/3443 3468/3468
f 3480/3480 3482/3482 3479/3479
f 3480/3480 3483/3483 3482/3482
f 3481/3481 3483/3483 3480/3480
f 3481/3481 3447/3447 3483/3483
f 3443/3443 3447/3447 3481/3481
f 3483/3483 3484/3484 3482/3482
f 3483/3483 3450/3450 3484/3484
f 3447/3447 3450/3450 3483/3483
f 3450/3450 3452/3452 3484/3484
f 3487/3487 3486/3486 3485/3485
f 3487/3487 3488/3488 3486/3486
f 3489/3489 3488/3488 3487/3487
f 3489/3489 3490/3490 3488/3488
f 3491/3491 3490/3490 3489/3489
f 3491/3491 3473/3473 3490/3490
f 3475/3475 3473/3473 3491/3491
f 3488/3488 3492/3492 3486/3486
f 3488/3488 3493/3493 3492/3492
f 3490/3490 3493/3493 3488/3488
f 3490/3490 3471/3471 3493/3493
f 3473/3473 3471/3471 3490/3490
f 3493/3493 3494/3494 3492/3492
f 3493/3493 3469/3469 3494/3494
f 3471/3471 3469/3469 3493/3493
f 3469/3469 3459/3459 3494/3494
f 3495/3495 3487/3487 3485/3485
f 3495/3495 3496/3496 3487/3487
f 3497/3497 3496/3496 3495/3495
f 3497/3497 3498/3498 3496/3496
f 3499/3499 3498/3498 3497/3497
f 3499/3499 3500/3500 3498/3498
f 3501/3501 3500/3500 3499/3499
f 3496/3496 3489/3489 3487/3487
f 3496/3496 3502/3502 3489/3489
f 3498/3498 3502/3502 3496/3496
f 3498/3498 3503/3503 3502/3502
f 3500/3500 3503/3503 3498/3498
f 3502/3502 3491/3491 3489/3489
f 3502/3502 3504/3504 3491/3491
f 3503/3503 3504/3504 3502/3502
f 3504/3504 3475/3475 3491/3491
f 3506/3506 3505/3505 3384/3384
f 3506/3506 3507/3507 3505/3505
f 3508/3508 3507/3507 3506/3506
f 3508/3508 3509/3509 3507/3507
f 3510/3510 3509/3509 3508/3508
f 3510/3510 3511/3511 3509/3509
f 3512/3512 3511/3511 3510/3510
f 3507/3507 3513/3513 3505/3505
f 3507/3507 3514/3514 3513/3513
f 3509/3509 3514/3514 3507/3507
f 3509/3509 3515/3515 3514/3514
f 3511/3511 3515/3515 3509/3509
f 3514/3514 3516/3516 3513/3513
f 3514/3514 3517/3517 3516/3516
f 3515/3515 3517/3517 3514/3514
f 3517/3517 3518/3518 3516/3516
f 3410/3410 3506/3506 3384/3384
f 3410/3410 3519/3519 3506/3506
f 3409/3409 3519/3519 3410/3410
f 3409/3409 3520/3520 3519/3519
f 3406/3406 3520/3520 3409/3409
f 3406/3406 3521/3521 3520/3520
f 3407/3407 3521/3521 3406/3406
f 3519/3519 3508/3508 3506/3506
f 3519/3519 3522/3522 3508/3508
f 3520/3520 3522/3522 3519/3519
f 3520/3520 3523/3523 3522/3522
f 3521/3521 3523/3523 3520/3520
f 3522/3522 3510/3510 3508/3508
f 3522/3522 3524/3524 3510/3510
f 3523/3523 3524/3524 3522/3522
f 3524/3524 3512/3512 3510/3510
f 3525/3525 3511/3511 3512/3512
f 3525/3525 3526/3526 3511/3511
f 3527/3527 3526/3526 3525/3525
f 3527/3527 3528/3528 3526/3526
f 3529/3529 3528/3528 3527/3527
f 3529/3529 3530/3530 3528/3528
f 3531/3531 3530/3530 3529/3529
f 3526/3526 3515/3515 3511/3511
f 3526/3526 3532/3532 3515/3515
f 3528/3528 3532/3532 3526/3526
f 3528/3528 3533/3533 3532/3532
f 3530/3530 3533/3533 3528/3528
f 3532/3532 3517/3517 3515/3515
f 3532/3532 3534/3534 3517/3517
f 3533/3533 3534/3534 3532/3532
f 3534/3534 3518/3518 3517/3517
f 3535/3535 3525/3525 3512/3512
f 3535/3535 3536/3536 3525/3525
f 3537/3537 3536/3536 3535/3535
f 3537/3537 3538/3538 3536/3536
f 3539/3539 3538/3538 3537/3537
f 3539/3539 3540/3540 3538/3538
f 3541/3541 3540/3540 3539/3539
f 3536/3536 3527/3527 3525/3525
f 3536/3536 3542/3542 3527/3527
f 3538/3538 3542/3542 3536/3536
f 3538/3538 3543/3543 3542/3542
f 3540/3540 3543/3543 3538/3538
f 3542/3542 3529/3529 3527/3527
f 3542/3542 3544/3544 3529/3529
f 3543/3543 3544/3544 3542/3542
f 3544/3544 3531/3531 3529/3529
f 3421/3421 3545/3545 3420/3420
f 3421/3421 3546/3546 3545/3545
f 3424/3424 3546/3546 3421/3421
f 3424/3424 3547/3547 3546/3546
f 3426/3426 3547/3547 3424/3424
f 3426/3426 3548/3548 3547/3547
f 3384/3384 3548/3548 3426/3426
f 3546/3546 3549/3549 3545/3545
f 3546/3546 3550/3550 3549/3549
f 3547/3547 3550/3550 3546/3546
f 3547/3547 3551/3551 3550/3550
f 3548/3548 3551/3551 3547/3547
f 3550/3550 3552/3552 3549/3549
f 3550/3550 3553/3553 3552/3552
f 3551/3551 3553/3553 3550/3550
f 3553/3553 3554/3554 3552/3552
f 3553/3553 3555/3555 3554/3554
f 3553/3553 3556/3556 3555/3555
f 3551/3551 3556/3556 3553/3553
f 3551/3551 3557/3557 3556/3556
f 3548/3548 3557/3557 3551/3551
f 3548/3548 3505/3505 3557/3557
f 3384/3384 3505/3505 3548/3548
f 3556/3556 3558/3558 3555/3555
f 3556/3556 3559/3559 3558/3558
f 3557/3557 3559/3559 3556/3556
f 3557/3557 3513/3513 3559/3559
f 3505/3505 3513/3513 3557/3557
f 3559/3559 3560/3560 3558/3558
f 3559/3559 3516/3516 3560/3560
f 3513/3513 3516/3516 3559/3559
f 3516/3516 3518/3518 3560/3560
f 3437/3437 3561/3561 3436/3436
f 3437/3437 3562/3562 3561/3561
f 3440/3440 3562/3562 3437/3437
f 3440/3440 3563/3563 3562/3562
f 3442/3442 3563/3563 3440/3440
f 3442/3442 3564/3564 3563/3563
f 3420/3420 3564/3564 3442/3442
f 3562/3562 3565/3565 3561/3561
f 3562/3562 3566/3566 3565/3565
f 3563/3563 3566/3566 3562/3562
f 3563/3563 3567/3567 3566/3566
f 3564/3564 3567/3567 3563/3563
f 3566/3566 3568/3568 3565/3565
f 3566/3566 3569/3569 3568/3568
f 3567/3567 3569/3569 3566/3566
f 3569/3569 3570/3570 3568/3568
f 3569/3569 3571/3571 3570/3570
f 3569/3569 3572/3572 3571/3571
f 3567/3567 3572/3572 3569/3569
f 3567/3567 3573/3573 3572/3572
f 3564/3564 3573/3573 3567/3567
f 3564/3564 3545/3545 3573/3573
f 3420/3420 3545/3545 3564/3564
f 3572/3572 3574/3574 3571/3571
f 3572/3572 3575/3575 3574/3574
f 3573/3573 3575/3575 3572/3572
f 3573/3573 3549/3549 3575/3575
f 3545/3545 3549/3549 3573/3573
f 3575/3575 3576/3576 3574/3574
f 3575/3575 3552/3552 3576/3576
f 3549/3549 3552/3552 3575/3575
f 3552/3552 3554/3554 3576/3576
f 3453/3453 3577/3577 3452/3452
f 3453/3453 3578/3578 3577/3577
f 3456/3456 3578/3578 3453/3453
f 3456/3456 3579/3579 3578/3578
f 3458/3458 3579/3579 3456/3456
f 3458/3458 3580/3580 3579/3579
f 3436/3436 3580/3580 3458/3458
f 3578/3578 3581/3581 3577/3577
f 3578/3578 3582/3582 3581/3581
f 3579/3579 3582/3582 3578/3578
f 3579/3579 3583/3583 3582/3582
f 3580/3580 3583/3583 3579/3579
f 3582/3582 3584/3584 3581/3581
f 3582/3582 3585/3585 3584/3584
f 3583/3583 3585/3585 3582/3582
f 3585/3585 3586/3586 3584/3584
f 3585/3585 3587/3587 3586/3586
f 3585/3585 3588/3588 3587/3587
f 3583/3583 3588/3588 3585/3585
f 3583/3583 3589/3589 3588/3588
f 3580/3580 3589/3589 3583/3583
f 3580/3580 3561/3561 3589/3589
f 3436/3436 3561/3561 3580/3580
f 3588/3588 3590/3590 3587/3587
f 3588/3588 3591/3591 3590/3590
f 3589/3589 3591/3591 3588/3588
f 3589/3589 3565/3565 3591/3591
f 3561/3561 3565/3565 3589/3589
f 3591/3591 3592/3592 3590/3590
f 3591/3591 3568/3568 3592/3592
f 3565/3565 3568/3568 3591/3591
f 3568/3568 3570/3570 3592/3592
f 3479/3479 3593/3593 3459/3459
f 3479/3479 3594/3594 3593/3593
f 3482/3482 3594/3594 3479/3479
f 3482/3482 3595/3595 3594/3594
f 3484/3484 3595/3595 3482/3482
f 3484/3484 3596/3596 3595/3595
f 3452/3452 3596/3596 3484/3484
f 3594/3594 3597/3597 3593/3593
f 3594/3594 3598/3598 3597/3597
f 3595/3595 3598/3598 3594/3594
f 3595/3595 3599/3599 3598/3598
f 3596/3596 3599/3599 3595/3595
f 3598/3598 3600/3600 3597/3597
f 3598/3598 3601/3601 3600/3600
f 3599/3599 3601/3601 3598/3598
f 3601/3601 3602/3602 3600/3600
f 3601/3601 3603/3603 3602/3602
f 3601/3601 3604/3604 3603/3603
f 3599/3599 3604/3604 3601/3601
f 3599/3599 3605/3605 3604/3604
f 3596/3596 3605/3605 3599/3599
f 3596/3596 3577/3577 3605/3605
f 3452/3452 3577/3577 3596/3596
f 3604/3604 3606/3606 3603/3603
f 3604/3604 3607/3607 3606/3606
f 3605/3605 3607/3607 3604/3604
f 3605/3605 3581/3581 3607/3607
f 3577/3577 3581/3581 3605/3605
f 3607/3607 3608/3608 3606/3606
f 3607/3607 3584/3584 3608/3608
f 3581/3581 3584/3584 3607/3607
f 3584/3584 3586/3586 3608/3608
f 3611/3611 3610/3610 3609/3609
f 3611/3611 3612/3612 3610/3610
f 3613/3613 3612/3612 3611/3611
f 3613/3613 3614/3614 3612/3612
f 3615/3615 3614/3614 3613/3613
f 3615/3615 3486/3486 3614/3614
f 3485/3485 3486/3486 3615/3615
f 3612/3612 3616/3616 3610/3610
f 3612/3612 3617/3617 3616/3616
f 3614/3614 3617/3617 3612/3612
f 3614/3614 3492/3492 3617/3617
f 3486/3486 3492/3492 3614/3614
f 3617/3617 3618/3618 3616/3616
f 3617/3617 3494/3494 3618/3618
f 3492/3492 3494/3494 3617/3617
f 3494/3494 3459/3459 3618/3618
f 3619/3619 3600/3600 3602/3602
f 3619/3619 3620/3620 3600/3600
f 3621/3621 3620/3620 3619/3619
f 3621/3621 3622/3622 3620/3620
f 3623/3623 3622/3622 3621/3621
f 3623/3623 3610/3610 3622/3622
f 3609/3609 3610/3610 3623/3623
f 3620/3620 3597/3597 3600/3600
f 3620/3620 3624/3624 3597/3597
f 3622/3622 3624/3624 3620/3620
f 3622/3622 3616/3616 3624/3624
f 3610/3610 3616/3616 3622/3622
f 3624/3624 3593/3593 3597/3597
f 3624/3624 3618/3618 3593/3593
f 3616/3616 3618/3618 3624/3624
f 3618/3618 3459/3459 3593/3593
f 3625/3625 3619/3619 3602/3602
f 3625/3625 3626/3626 3619/3619
f 3627/3627 3626/3626 3625/3625
f 3627/3627 3628/3628 3626/3626
f 3629/3629 3628/3628 3627/3627
f 3629/3629 3630/3630 3628/3628
f 3631/3631 3630/3630 3629/3629
f 3626/3626 3621/3621 3619/3619
f 3626/3626 3632/3632 3621/3621
f 3628/3628 3632/3632 3626/3626
f 3628/3628 3633/3633 3632/3632
f 3630/3630 3633/3633 3628/3628
f 3632/3632 3623/3623 3621/3621
f 3632/3632 3634/3634 3623/3623
f 3633/3633 3634/3634 3632/3632
f 3634/3634 3609/3609 3623/3623
f 3635/3635 3625/3625 3602/3602
f 3635/3635 3636/3636 3625/3625
f 3637/3637 3636/3636 3635/3635
f 3637/3637 3638/3638 3636/3636
f 3639/3639 3638/3638 3637/3637
f 3639/3639 3640/3640 3638/3638
f 3641/3641 3640/3640 3639/3639
f 3636/3636 3627/3627 3625/3625
f 3636/3636 3642/3642 3627/3627
f 3638/3638 3642/3642 3636/3636
f 3638/3638 3643/3643 3642/3642
f 3640/3640 3643/3643 3638/3638
f 3642/3642 3629/3629 3627/3627
f 3642/3642 3644/3644 3629/3629
f 3643/3643 3644/3644 3642/3642
f 3644/3644 3631/3631 3629/3629
f 3646/3646 3645/3645 3518/3518
f 3646/3646 3647/3647 3645/3645
f 3648/3648 3647/3647 3646/3646
f 3648/3648 3649/3649 3647/3647
f 3650/3650 3649/3649 3648/3648
f 3650/3650 3651/3651 3649/3649
f 3652/3652 3651/3651 3650/3650
f 3647/3647 3653/3653 3645/3645
f 3647/3647 3654/3654 3653/3653
f 3649/3649 3654/3654 3647/3647
f 3649/3649 3655/3655 3654/3654
f 3651/3651 3655/3655 3649/3649
f 3654/3654 3656/3656 3653/3653
f 3654/3654 3657/3657 3656/3656
f 3655/3655 3657/3657 3654/3654
f 3657/3657 3658/3658 3656/3656
f 3534/3534 3646/3646 3518/3518
f 3534/3534 3659/3659 3646/3646
f 3533/3533 3659/3659 3534/3534
f 3533/3533 3660/3660 3659/3659
f 3530/3530 3660/3660 3533/3533
f 3530/3530 3661/3661 3660/3660
f 3531/3531 3661/3661 3530/3530
f 3659/3659 3648/3648 3646/3646
f 3659/3659 3662/3662 3648/3648
f 3660/3660 3662/3662 3659/3659
f 3660/3660 3663/3663 3662/3662
f 3661/3661 3663/3663 3660/3660
f 3662/3662 3650/3650 3648/3648
f 3662/3662 3664/3664 3650/3650
f 3663/3663 3664/3664 3662/3662
f 3664/3664 3652/3652 3650/3650
f 3666/3666 3665/3665 3658/3658
f 3666/3666 3667/3667 3665/3665
f 3668/3668 3667/3667 3666/3666
f 3668/3668 3669/3669 3667/3667
f 3670/3670 3669/3669 3668/3668
f 3670/3670 3671/3671 3669/3669
f 3672/3672 3671/3671 3670/3670
f 3667/3667 3673/3673 3665/3665
f 3667/3667 3674/3674 3673/3673
f 3669/3669 3674/3674 3667/3667
f 3669/3669 3675/3675 3674/3674
f 3671/3671 3675/3675 3669/3669
f 3674/3674 3676/3676 3673/3673
f 3674/3674 3677/3677 3676/3676
f 3675/3675 3677/3677 3674/3674
f 3677/3677 3678/3678 3676/3676
f 3657/3657 3666/3666 3658/3658
f 3657/3657 3679/3679 3666/3666
f 3655/3655 3679/3679 3657/3657
f 3655/3655 3680/3680 3679/3679
f 3651/3651 3680/3680 3655/3655
f 3651/3651 3681/3681 3680/3680
f 3652/3652 3681/3681 3651/3651
f 3679/3679 3668/3668 3666/3666
f 3679/3679 3682/3682 3668/3668
f 3680/3680 3682/3682 3679/3679
f 3680/3680 3683/3683 3682/3682
f 3681/3681 3683/3683 3680/3680
f 3682/3682 3670/3670 3668/3668
f 3682/3682 3684/3684 3670/3670
f 3683/3683 3684/3684 3682/3682
f 3684/3684 3672/3672 3670/3670
f 3555/3555 3685/3685 3554/3554
f 3555/3555 3686/3686 3685/3685
f 3558/3558 3686/3686 3555/3555
f 3558/3558 3687/3687 3686/3686
f 3560/3560 3687/3687 3558/3558
f 3560/3560 3688/3688 3687/3687
f 3518/3518 3688/3688 3560/3560
f 3686/3686 3689/3689 3685/3685
f 3686/3686 3690/3690 3689/3689
f 3687/3687 3690/3690 3686/3686
f 3687/3687 3691/3691 3690/3690
f 3688/3688 3691/3691 3687/3687
f 3690/3690 3692/3692 3689/3689
f 3690/3690 3693/3693 3692/3692
f 3691/3691 3693/3693 3690/3690
f 3693/3693 3694/3694 3692/3692
f 3693/3693 3695/3695 3694/3694
f 3693/3693 3696/3696 3695/3695
f 3691/3691 3696/3696 3693/3693
f 3691/3691 3697/3697 3696/3696
f 3688/3688 3697/3697 3691/3691
f 3688/3688 3645/3645 3697/3697
f 3518/3518 3645/3645 3688/3688
f 3696/3696 3698/3698 3695/3695
f 3696/3696 3699/3699 3698/3698
f 3697/3697 3699/3699 3696/3696
f 3697/3697 3653/3653 3699/3699
f 3645/3645 3653/3653 3697/3697
f 3699/3699 3700/3700 3698/3698
f 3699/3699 3656/3656 3700/3700
f 3653/3653 3656/3656 3699/3699
f 3656/3656 3658/3658 3700/3700
f 3571/3571 3701/3701 3570/3570
f 3571/3571 3702/3702 3701/3701
f 3574/3574 3702/3702 3571/3571
f 3574/3574 3703/3703 3702/3702
f 3576/3576 3703/3703 3574/3574
f 3576/3576 3704/3704 3703/3703
f 3554/3554 3704/3704 3576/3576
f 3702/3702 3705/3705 3701/3701
f 3702/3702 3706/3706 3705/3705
f 3703/3703 3706/3706 3702/3702
f 3703/3703 3707/3707 3706/3706
f 3704/3704 3707/3707 3703/3703
f 3706/3706 3708/3708 3705/3705
f 3706/3706 3709/3709 3708/3708
f 3707/3707 3709/3709 3706/3706
f 3709/3709 3710/3710 3708/3708
f 3709/3709 3711/3711 3710/3710
f 3709/3709 3712/3712 3711/3711
f 3707/3707 3712/3712 3709/3709
f 3707/3707 3713/3713 3712/3712
f 3704/3704 3713/3713 3707/3707
f 3704/3704 3685/3685 3713/3713
f 3554/3554 3685/3685 3704/3704
f 3712/3712 3714/3714 3711/3711
f 3712/3712 3715/3715 3714/3714
f 3713/3713 3715/3715 3712/3712
f 3713/3713 3689/3689 3715/3715
f 3685/3685 3689/3689 3713/3713
f 3715/3715 3716/3716 3714/3714
f 3715/3715 3692/3692 3716/3716
f 3689/3689 3692/3692 3715/3715
f 3692/3692 3694/3694 3716/3716
f 3587/3587 3717/3717 3586/3586
f 3587/3587 3718/3718 3717/3717
f 3590/3590 3718/3718 3587/3587
f 3590/3590 3719/3719 3718/3718
f 3592/3592 3719/3719 3590/3590
f 3592/3592 3720/3720 3719/3719
f 3570/3570 3720/3720 3592/3592
f 3718/3718 3721/3721 3717/3717
f 3718/3718 3722/3722 3721/3721
f 3719/3719 3722/3722 3718/3718
f 3719/3719 3723/3723 3722/3722
f 3720/3720 3723/3723 3719/3719
f 3722/3722 3724/3724 3721/3721
f 3722/3722 3725/3725 3724/3724
f 3723/3723 3725/3725 3722/3722
f 3725/3725 3726/3726 3724/3724
f 3725/3725 3727/3727 3726/3726
f 3725/3725 3728/3728 3727/3727
f 3723/3723 3728/3728 3725/3725
f 3723/3723 3729/3729 3728/3728
f 3720/3720 3729/3729 3723/3723
f 3720/3720 3701/3701 3729/3729
f 3570/3570 3701/3701 3720/3720
f 3728/3728 3730/3730 3727/3727
f 3728/3728 3731/3731 3730/3730
f 3729/3729 3731/3731 3728/3728
f 3729/3729 3705/3705 3731/3731
f 3701/3701 3705/3705 3729/3729
f 3731/3731 3732/3732 3730/3730
f 3731/3731 3708/3708 3732/3732
f 3705/3705 3708/3708 3731/3731
f 3708/3708 3710/3710 3732/3732
f 3603/3603 3733/3733 3602/3602
f 3603/3603 3734/3734 3733/3733
f 3606/3606 3734/3734 3603/3603
f 3606/3606 3735/3735 3734/3734
f 3608/3608 3735/3735 3606/3606
f 3608/3608 3736/3736 3735/3735
f 3586/3586 3736/3736 3608/3608
f 3734/3734 3737/3737 3733/3733
f 3734/3734 3738/3738 3737/3737
f 3735/3735 3738/3738 3734/3734
f 3735/3735 3739/3739 3738/3738
f 3736/3736 3739/3739 3735/3735
f 3738/3738 3740/3740 3737/3737
f 3738/3738 3741/3741 3740/3740
f 3739/3739 3741/3741 3738/3738
f 3741/3741 3742/3742 3740/3740
f 3741/3741 3743/3743 3742/3742
f 3741/3741 3744/3744 3743/3743
f 3739/3739 3744/3744 3741/3741
f 3739/3739 3745/3745 3744/3744
f 3736/3736 3745/3745 3739/3739
f 3736/3736 3717/3717 3745/3745
f 3586/3586 3717/3717 3736/3736
f 3744/3744 3746/3746 3743/3743
f 3744/3744 3747/3747 3746/3746
f 3745/3745 3747/3747 3744/3744
f 3745/3745 3721/3721 3747/3747
f 3717/3717 3721/3721 3745/3745
f 3747/3747 3748/3748 3746/3746
f 3747/3747 3724/3724 3748/3748
f 3721/3721 3724/3724 3747/3747
f 3724/3724 3726/3726 3748/3748
f 3751/3751 3750/3750 3749/3749
f 3751/3751 3752/3752 3750/3750
f 3753/3753 3752/3752 3751/3751
f 3753/3753 3754/3754 3752/3752
f 3755/3755 3754/3754 3753/3753
f 3755/3755 3639/3639 3754/3754
f 3641/3641 3639/3639 3755/3755
f 3752/3752 3756/3756 3750/3750
f 3752/3752 3757/3757 3756/3756
f 3754/3754 3757/3757 3752/3752
f 3754/3754 3637/3637 3757/3757
f 3639/3639 3637/3637 3754/3754
f 3757/3757 3758/3758 3756/3756
f 3757/3757 3635/3635 3758/3758
f 3637/3637 3635/3635 3757/3757
f 3635/3635 3602/3602 3758/3758
f 3759/3759 3740/3740 3742/3742
f 3759/3759 3760/3760 3740/3740
f 3761/3761 3760/3760 3759/3759
f 3761/3761 3762/3762 3760/3760
f 3763/3763 3762/3762 3761/3761
f 3763/3763 3750/3750 3762/3762
f 3749/3749 3750/3750 3763/3763
f 3760/3760 3737/3737 3740/3740
f 3760/3760 3764/3764 3737/3737
f 3762/3762 3764/3764 3760/3760
f 3762/3762 3756/3756 3764/3764
f 3750/3750 3756/3756 3762/3762
f 3764/3764 3733/3733 3737/3737
f 3764/3764 3758/3758 3733/3733
f 3756/3756 3758/3758 3764/3764
f 3758/3758 3602/3602 3733/3733
f 3765/3765 3759/3759 3742/3742
f 3765/3765 3766/3766 3759/3759
f 3767/3767 3766/3766 3765/3765
f 3767/3767 3768/3768 3766/3766
f 3769/3769 3768/3768 3767/3767
f 3769/3769 3770/3770 3768/3768
f 3771/3771 3770/3770 3769/3769
f 3766/3766 3761/3761 3759/3759
f 3766/3766 3772/3772 3761/3761
f 3768/3768 3772/3772 3766/3766
f 3768/3768 3773/3773 3772/3772
f 3770/3770 3773/3773 3768/3768
f 3772/3772 3763/3763 3761/3761
f 3772/3772 3774/3774 3763/3763
f 3773/3773 3774/3774 3772/3772
f 3774/3774 3749/3749 3763/3763
f 3775/3775 3765/3765 3742/3742
f 3775/3775 3776/3776 3765/3765
f 3777/3777 3776/3776 3775/3775
f 3777/3777 3778/3778 3776/3776
f 3779/3779 3778/3778 3777/3777
f 3779/3779 3780/3780 3778/3778
f 3781/3781 3780/3780 3779/3779
f 3776/3776 3767/3767 3765/3765
f 3776/3776 3782/3782 3767/3767
f 3778/3778 3782/3782 3776/3776
f 3778/3778 3783/3783 3782/3782
f 3780/3780 3783/3783 3778/3778
f 3782/3782 3769/3769 3767/3767
f 3782/3782 3784/3784 3769/3769
f 3783/3783 3784/3784 3782/3782
f 3784/3784 3771/3771 3769/3769
f 3786/3786 3785/3785 3658/3658
f 3786/3786 3787/3787 3785/3785
f 3788/3788 3787/3787 3786/3786
f 3788/3788 3789/3789 3787/3787
f 3790/3790 3789/3789 3788/3788
f 3790/3790 3791/3791 3789/3789
f 3792/3792 3791/3791 3790/3790
f 3787/3787 3793/3793 3785/3785
f 3787/3787 3794/3794 3793/3793
f 3789/3789 3794/3794 3787/3787
f 3789/3789 3795/3795 3794/3794
f 3791/3791 3795/3795 3789/3789
f 3794/3794 3796/3796 3793/3793
f 3794/3794 3797/3797 3796/3796
f 3795/3795 3797/3797 3794/3794
f 3797/3797 3798/3798 3796/3796
f 3665/3665 3786/3786 3658/3658
f 3665/3665 3799/3799 3786/3786
f 3673/3673 3799/3799 3665/3665
f 3673/3673 3800/3800 3799/3799
f 3676/3676 3800/3800 3673/3673
f 3676/3676 3801/3801 3800/3800
f 3678/3678 3801/3801 3676/3676
f 3799/3799 3788/3788 3786/3786
f 3799/3799 3802/3802 3788/3788
f 3800/3800 3802/3802 3799/3799
f 3800/3800 3803/3803 3802/3802
f 3801/3801 3803/3803 3800/3800
f 3802/3802 3790/3790 3788/3788
f 3802/3802 3804/3804 3790/3790
f 3803/3803 3804/3804 3802/3802
f 3804/3804 3792/3792 3790/3790
f 3805/3805 3791/3791 3792/3792
f 3805/3805 3806/3806 3791/3791
f 3807/3807 3806/3806 3805/3805
f 3807/3807 3808/3808 3806/3806
f 3809/3809 3808/3808 3807/3807
f 3809/3809 3810/3810 3808/3808
f 3811/3811 3810/3810 3809/3809
f 3806/3806 3795/3795 3791/3791
f 3806/3806 3812/3812 3795/3795
f 3808/3808 3812/3812 3806/3806
f 3808/3808 3813/3813 3812/3812
f 3810/3810 3813/3813 3808/3808
f 3812/3812 3797/3797 3795/3795
f 3812/3812 3814/3814 3797/3797
f 3813/3813 3814/3814 3812/3812
f 3814/3814 3798/3798 3797/3797
f 3695/3695 3815/3815 3694/3694
f 3695/3695 3816/3816 3815/3815
f 3698/3698 3816/3816 3695/3695
f 3698/3698 3817/3817 3816/3816
f 3700/3700 3817/3817 3698/3698
f 3700/3700 3818/3818 3817/3817
f 3658/3658 3818/3818 3700/3700
f 3816/3816 3819/3819 3815/3815
f 3816/3816 3820/3820 3819/3819
f 3817/3817 3820/3820 3816/3816
f 3817/3817 3821/3821 3820/3820
f 3818/3818 3821/3821 3817/3817
f 3820/3820 3822/3822 3819/3819
f 3820/3820 3823/3823 3822/3822
f 3821/3821 3823/3823 3820/3820
f 3823/3823 3824/3824 3822/3822
f 3823/3823 3825/3825 3824/3824
f 3823/3823 3826/3826 3825/3825
f 3821/3821 3826/3826 3823/3823
f 3821/3821 3827/3827 3826/3826
f 3818/3818 3827/3827 3821/3821
f 3818/3818 3785/3785 3827/3827
f 3658/3658 3785/3785 3818/3818
f 3826/3826 3828/3828 3825/3825
f 3826/3826 3829/3829 3828/3828
f 3827/3827 3829/3829 3826/3826
f 3827/3827 3793/3793 3829/3829
f 3785/3785 3793/3793 3827/3827
f 3829/3829 3830/3830 3828/3828
f 3829/3829 3796/3796 3830/3830
f 3793/3793 3796/3796 3829/3829
f 3796/3796 3798/3798 3830/3830
f 3711/3711 3831/3831 3710/3710
f 3711/3711 3832/3832 3831/3831
f 3714/3714 3832/3832 3711/3711
f 3714/3714 3833/3833 3832/3832
f 3716/3716 3833/3833 3714/3714
f 3716/3716 3834/3834 3833/3833
f 3694/3694 3834/3834 3716/3716
f 3832/3832 3835/3835 3831/3831
f 3832/3832 3836/3836 3835/3835
f 3833/3833 3836/3836 3832/3832
f 3833/3833 3837/3837 3836/3836
f 3834/3834 3837/3837 3833/3833
f 3836/3836 3838/3838 3835/3835
f 3836/3836 3839/3839 3838/3838
f 3837/3837 3839/3839 3836/3836
f 3839/3839 3840/3840 3838/3838
f 3839/3839 3841/3841 3840/3840
f 3839/3839 3842/3842 3841/3841
f 3837/3837 3842/3842 3839/3839
f 3837/3837 3843/3843 3842/3842
f 3834/3834 3843/3843 3837/3837
f 3834/3834 3815/3815 3843/3843
f 3694/3694 3815/3815 3834/3834
f 3842/3842 3844/3844 3841/3841
f 3842/3842 3845/3845 3844/3844
f 3843/3843 3845/3845 3842/3842
f 3843/3843 3819/3819 3845/3845
f 3815/3815 3819/3819 3843/3843
f 3845/3845 3846/3846 3844/3844
f 3845/3845 3822/3822 3846/3846
f 3819/3819 3822/3822 3845/3845
f 3822/3822 3824/3824 3846/3846
f 3727/3727 3847/3847 3726/3726
f 3727/3727 3848/3848 3847/3847
f 3730/3730 3848/3848 3727/3727
f 3730/3730 3849/3849 3848/3848
f 3732/3732 3849/3849 3730/3730
f 3732/3732 3850/3850 3849/3849
f 3710/3710 3850/3850 3732/3732
f 3848/3848 3851/3851 3847/3847
f 3848/3848 3852/3852 3851/3851
f 3849/3849 3852/3852 3848/3848
f 3849/3849 3853/3853 3852/3852
f 3850/3850 3853/3853 3849/3849
f 3852/3852 3854/3854 3851/3851
f 3852/3852 3855/3855 3854/3854
f 3853/3853 3855/3855 3852/3852
f 3855/3855 3856/3856 3854/3854
f 3855/3855 3857/3857 3856/3856
f 3855/3855 3858/3858 3857/3857
f 3853/3853 3858/3858 3855/3855
f 3853/3853 3859/3859 3858/3858
f 3850/3850 3859/3859 3853/3853
f 3850/3850 3831/3831 3859/3859
f 3710/3710 3831/3831 3850/3850
f 3858/3858 3860/3860 3857/3857
f 3858/3858 3861/3861 3860/3860
f 3859/3859 3861/3861 3858/3858
f 3859/3859 3835/3835 3861/3861
f 3831/3831 3835/3835 3859/3859
f 3861/3861 3862/3862 3860/3860
f 3861/3861 3838/3838 3862/3862
f 3835/3835 3838/3838 3861/3861
f 3838/3838 3840/3840 3862/3862
f 3743/3743 3863/3863 3742/3742
f 3743/3743 3864/3864 3863/3863
f 3746/3746 3864/3864 3743/3743
f 3746/3746 3865/3865 3864/3864
f 3748/3748 3865/3865 3746/3746
f 3748/3748 3866/3866 3865/3865
f 3726/3726 3866/3866 3748/3748
f 3864/3864 3867/3867 3863/3863
f 3864/3864 3868/3868 3867/3867
f 3865/3865 3868/3868 3864/3864
f 3865/3865 3869/3869 3868/3868
f 3866/3866 3869/3869 3865/3865
f 3868/3868 3870/3870 3867/3867
f 3868/3868 3871/3871 3870/3870
f 3869/3869 3871/3871 3868/3868
f 3871/3871 3872/3872 3870/3870
f 3871/3871 3873/3873 3872/3872
f 3871/3871 3874/3874 3873/3873
f 3869/3869 3874/3874 3871/3871
f 3869/3869 3875/3875 3874/3874
f 3866/3866 3875/3875 3869/3869
f 3866/3866 3847/3847 3875/3875
f 3726/3726 3847/3847 3866/3866
f 3874/3874 3876/3876 3873/3873
f 3874/3874 3877/3877 3876/3876
f 3875/3875 3877/3877 3874/3874
f 3875/3875 3851/3851 3877/3877
f 3847/3847 3851/3851 3875/3875
f 3877/3877 3878/3878 3876/3876
f 3877/3877 3854/3854 3878/3878
f 3851/3851 3854/3854 3877/3877
f 3854/3854 3856/3856 3878/3878
f 3881/3881 3880/3880 3879/3879
f 3881/3881 3882/3882 3880/3880
f 3883/3883 3882/3882 3881/3881
f 3883/3883 3884/3884 3882/3882
f 3885/3885 3884/3884 3883/3883
f 3885/3885 3779/3779 3884/3884
f 3781/3781 3779/3779 3885/3885
f 3882/3882 3886/3886 3880/3880
f 3882/3882 3887/3887 3886/3886
f 3884/3884 3887/3887 3882/3882
f 3884/3884 3777/3777 3887/3887
f 3779/3779 3777/3777 3884/3884
f 3887/3887 3888/3888 3886/3886
f 3887/3887 3775/3775 3888/3888
f 3777/3777 3775/3775 3887/3887
f 3775/3775 3742/3742 3888/3888
f 3889/3889 3870/3870 3872/3872
f 3889/3889 3890/3890 3870/3870
f 3891/3891 3890/3890 3889/3889
f 3891/3891 3892/3892 3890/3890
f 3893/3893 3892/3892 3891/3891
f 3893/3893 3880/3880 3892/3892
f 3879/3879 3880/3880 3893/3893
f 3890/3890 3867/3867 3870/3870
f 3890/3890 3894/3894 3867/3867
f 3892/3892 3894/3894 3890/3890
f 3892/3892 3886/3886 3894/3894
f 3880/3880 3886/3886 3892/3892
f 3894/3894 3863/3863 3867/3867
f 3894/3894 3888/3888 3863/3863
f 3886/3886 3888/3888 3894/3894
f 3888/3888 3742/3742 3863/3863
f 3895/3895 3889/3889 3872/3872
f 3895/3895 3896/3896 3889/3889
f 3897/3897 3896/3896 3895/3895
f 3897/3897 3898/3898 3896/3896
f 3899/3899 3898/3898 3897/3897
f 3899/3899 3900/3900 3898/3898
f 3901/3901 3900/3900 3899/3899
f 3896/3896 3891/3891 3889/3889
f 3896/3896 3902/3902 3891/3891
f 3898/3898 3902/3902 3896/3896
f 3898/3898 3903/3903 3902/3902
f 3900/3900 3903/3903 3898/3898
f 3902/3902 3893/3893 3891/3891
f 3902/3902 3904/3904 3893/3893
f 3903/3903 3904/3904 3902/3902
f 3904/3904 3879/3879 3893/3893
f 3905/3905 3895/3895 3872/3872
f 3905/3905 3906/3906 3895/3895
f 3907/3907 3906/3906 3905/3905
f 3907/3907 3908/3908 3906/3906
f 3909/3909 3908/3908 3907/3907
f 3909/3909 3910/3910 3908/3908
f 3911/3911 3910/3910 3909/3909
f 3906/3906 3897/3897 3895/3895
f 3906/3906 3912/3912 3897/3897
f 3908/3908 3912/3912 3906/3906
f 3908/3908 3913/3913 3912/3912
f 3910/3910 3913/3913 3908/3908
f 3912/3912 3899/3899 3897/3897
f 3912/3912 3914/3914 3899/3899
f 3913/3913 3914/3914 3912/3912
f 3914/3914 3901/3901 3899/3899
f 3916/3916 3915/3915 3798/3798
f 3916/3916 3917/3917 3915/3915
f 3918/3918 3917/3917 3916/3916
f 3918/3918 3919/3919 3917/3917
f 3920/3920 3919/3919 3918/3918
f 3920/3920 3921/3921 3919/3919
f 3922/3922 3921/3921 3920/3920
f 3917/3917 3923/3923 3915/3915
f 3917/3917 3924/3924 3923/3923
f 3919/3919 3924/3924 3917/3917
f 3919/3919 3925/3925 3924/3924
f 3921/3921 3925/3925 3919/3919
f 3924/3924 3926/3926 3923/3923
f 3924/3924 3927/3927 3926/3926
f 3925/3925 3927/3927 3924/3924
f 3927/3927 3928/3928 3926/3926
f 3814/3814 3916/3916 3798/3798
f 3814/3814 3929/3929 3916/3916
f 3813/3813 3929/3929 3814/3814
f 3813/3813 3930/3930 3929/3929
f 3810/3810 3930/3930 3813/3813
f 3810/3810 3931/3931 3930/3930
f 3811/3811 3931/3931 3810/3810
f 3929/3929 3918/3918 3916/3916
f 3929/3929 3932/3932 3918/3918
f 3930/3930 3932/3932 3929/3929
f 3930/3930 3933/3933 3932/3932
f 3931/3931 3933/3933 3930/3930
f 3932/3932 3920/3920 3918/3918
f 3932/3932 3934/3934 3920/3920
f 3933/3933 3934/3934 3932/3932
f 3934/3934 3922/3922 3920/3920
f 3935/3935 3921/3921 3922/3922
f 3935/3935 3936/3936 3921/3921
f 3937/3937 3936/3936 3935/3935
f 3937/3937 3938/3938 3936/3936
f 3939/3939 3938/3938 3937/3937
f 3939/3939 3940/3940 3938/3938
f 3941/3941 3940/3940 3939/3939
f 3936/3936 3925/3925 3921/3921
f 3936/3936 3942/3942 3925/3925
f 3938/3938 3942/3942 3936/3936
f 3938/3938 3943/3943 3942/3942
f 3940/3940 3943/3943 3938/3938
f 3942/3942 3927/3927 3925/3925
f 3942/3942 3944/3944 3927/3927
f 3943/3943 3944/3944 3942/3942
f 3944/3944 3928/3928 3927/3927
f 3945/3945 3935/3935 3922/3922
f 3945/3945 3946/3946 3935/3935
f 3947/3947 3946/3946 3945/3945
f 3947/3947 3948/3948 3946/3946
f 3949/3949 3948/3948 3947/3947
f 3949/3949 3950/3950 3948/3948
f 3951/3951 3950/3950 3949/3949
f 3946/3946 3937/3937 3935/3935
f 3946/3946 3952/3952 3937/3937
f 3948/3948 3952/3952 3946/3946
f 3948/3948 3953/3953 3952/3952
f 3950/3950 3953/3953 3948/3948
f 3952/3952 3939/3939 3937/3937
f 3952/3952 3954/3954 3939/3939
f 3953/3953 3954/3954 3952/3952
f 3954/3954 3941/3941 3939/3939
f 3955/3955 3945/3945 3922/3922
f 3955/3955 3956/3956 3945/3945
f 3957/3957 3956/3956 3955/3955
f 3957/3957 3958/3958 3956/3956
f 3959/3959 3958/3958 3957/3957
f 3959/3959 3960/3960 3958/3958
f 3961/3961 3960/3960 3959/3959
f 3956/3956 3947/3947 3945/3945
f 3956/3956 3962/3962 3947/3947
f 3958/3958 3962/3962 3956/3956
f 3958/3958 3963/3963 3962/3962
f 3960/3960 3963/3963 3958/3958
f 3962/3962 3949/3949 3947/3947
f 3962/3962 3964/3964 3949/3949
f 3963/3963 3964/3964 3962/3962
f 3964/3964 3951/3951 3949/3949
f 3825/3825 3965/3965 3824/3824
f 3825/3825 3966/3966 3965/3965
f 3828/3828 3966/3966 3825/3825
f 3828/3828 3967/3967 3966/3966
f 3830/3830 3967/3967 3828/3828
f 3830/3830 3968/3968 3967/3967
f 3798/3798 3968/3968 3830/3830
f 3966/3966 3969/3969 3965/3965
f 3966/3966 3970/3970 3969/3969
f 3967/3967 3970/3970 3966/3966
f 3967/3967 3971/3971 3970/3970
f 3968/3968 3971/3971 3967/3967
f 3970/3970 3972/3972 3969/3969
f 3970/3970 3973/3973 3972/3972
f 3971/3971 3973/3973 3970/3970
f 3973/3973 3974/3974 3972/3972
f 3973/3973 3975/3975 3974/3974
f 3973/3973 3976/3976 3975/3975
f 3971/3971 3976/3976 3973/3973
f 3971/3971 3977/3977 3976/3976
f 3968/3968 3977/3977 3971/3971
f 3968/3968 3915/3915 3977/3977
f 3798/3798 3915/3915 3968/3968
f 3976/3976 3978/3978 3975/3975
f 3976/3976 3979/3979 3978/3978
f 3977/3977 3979/3979 3976/3976
f 3977/3977 3923/3923 3979/3979
f 3915/3915 3923/3923 3977/3977
f 3979/3979 3980/3980 3978/3978
f 3979/3979 3926/3926 3980/3980
f 3923/3923 3926/3926 3979/3979
f 3926/3926 3928/3928 3980/3980
f 3841/3841 3981/3981 3840/3840
f 3841/3841 3982/3982 3981/3981
f 3844/3844 3982/3982 3841/3841
f 3844/3844 3983/3983 3982/3982
f 3846/3846 3983/3983 3844/3844
f 3846/3846 3984/3984 3983/3983
f 3824/3824 3984/3984 3846/3846
f 3982/3982 3985/3985 3981/3981
f 3982/3982 3986/3986 3985/3985
f 3983/3983 3986/3986 3982/3982
f 3983/3983 3987/3987 3986/3986
f 3984/3984 3987/3987 3983/3983
f 3986/3986 3988/3988 3985/3985
f 3986/3986 3989/3989 3988/3988
f 3987/3987 3989/3989 3986/3986
f 3989/3989 3990/3990 3988/3988
f 3989/3989 3991/3991 3990/3990
f 3989/3989 3992/3992 3991/3991
f 3987/3987 3992/3992 3989/3989
f 3987/3987 3993/3993 3992/3992
f 3984/3984 3993/3993 3987/3987
f 3984/3984 3965/3965 3993/3993
f 3824/3824 3965/3965 3984/3984
f 3992/3992 3994/3994 3991/3991
f 3992/3992 3995/3995 3994/3994
f 3993/3993 3995/3995 3992/3992
f 3993/3993 3969/3969 3995/3995
f 3965/3965 3969/3969 3993/3993
f 3995/3995 3996/3996 3994/3994
f 3995/3995 3972/3972 3996/3996
f 3969/3969 3972/3972 3995/3995
f 3972/3972 3974/3974 3996/3996
f 3857/3857 3997/3997 3856/3856
f 3857/3857 3998/3998 3997/3997
f 3860/3860 3998/3998 3857/3857
f 3860/3860 3999/3999 3998/3998
f 3862/3862 3999/3999 3860/3860
f 3862/3862 4000/4000 3999/3999
f 3840/3840 4000/4000 3862/3862
f 3998/3998 4001/4001 3997/3997
f 3998/3998 4002/4002 4001/4001
f 3999/3999 4002/4002 3998/3998
f 3999/3999 4003/4003 4002/4002
f 4000/4000 4003/4003 3999/3999
f 4002/4002 4004/4004 4001/4001
f 4002/4002 4005/4005 4004/4004
f 4003/4003 4005/4005 4002/4002
f 4005/4005 4006/4006 4004/4004
f 4005/4005 4007/4007 4006/4006
f 4005/4005 4008/4008 4007/4007
f 4003/4003 4008/4008 4005/4005
f 4003/4003 4009/4009 4008/4008
f 4000/4000 4009/4009 4003/4003
f 4000/4000 3981/3981 4009/4009
f 3840/3840 3981/3981 4000/4000
f 4008/4008 4010/4010 4007/4007
f 4008/4008 4011/4011 4010/4010
f 4009/4009 4011/4011 4008/4008
f 4009/4009 3985/3985 4011/4011
f 3981/3981 3985/3985 4009/4009
f 4011/4011 4012/4012 4010/4010
f 4011/4011 3988/3988 4012/4012
f 3985/3985 3988/3988 4011/4011
f 3988/3988 3990/3990 4012/4012
f 3873/3873 4013/4013 3872/3872
f 3873/3873 4014/4014 4013/4013
f 3876/3876 4014/4014 3873/3873
f 3876/3876 4015/4015 4014/4014
f 3878/3878 4015/4015 3876/3876
f 3878/3878 4016/4016 4015/4015
f 3856/3856 4016/4016 3878/3878
f 4014/4014 4017/4017 4013/4013
f 4014/4014 4018/4018 4017/4017
f 4015/4015 4018/4018 4014/4014
f 4015/4015 4019/4019 4018/4018
f 4016/4016 4019/4019 4015/4015
f 4018/4018 4020/4020 4017/4017
f 4018/4018 4021/4021 4020/4020
f 4019/4019 4021/4021 4018/4018
f 4021/4021 4022/4022 4020/4020
f 4021/4021 4023/4023 4022/4022
f 4021/4021 4024/4024 4023/4023
f 4019/4019 4024/4024 4021/4021
f 4019/4019 4025/4025 4024/4024
f 4016/4016 4025/4025 4019/4019
f 4016/4016 3997/3997 4025/4025
f 3856/3856 3997/3997 4016/4016
f 4024/4024 4026/4026 4023/4023
f 4024/4024 4027/4027 4026/4026
f 4025/4025 4027/4027 4024/4024
f 4025/4025 4001/4001 4027/4027
f 3997/3997 4001/4001 4025/4025
f 4027/4027 4028/4028 4026/4026
f 4027/4027 4004/4004 4028/4028
f 4001/4001 4004/4004 4027/4027
f 4004/4004 4006/4006 4028/4028
f 4031/4031 4030/4030 4029/4029
f 4031/4031 4032/4032 4030/4030
f 4033/4033 4032/4032 4031/4031
f 4033/4033 4034/4034 4032/4032
f 4035/4035 4034/4034 4033/4033
f 4035/4035 3909/3909 4034/4034
f 3911/3911 3909/3909 4035/4035
f 4032/4032 4036/4036 4030/4030
f 4032/4032 4037/4037 4036/4036
f 4034/4034 4037/4037 4032/4032
f 4034/4034 3907/3907 4037/4037
f 3909/3909 3907/3907 4034/4034
f 4037/4037 4038/4038 4036/4036
f 4037/4037 3905/3905 4038/4038
f 3907/3907 3905/3905 4037/4037
f 3905/3905 3872/3872 4038/4038
f 4039/4039 4020/4020 4022/4022
f 4039/4039 4040/4040 4020/4020
f 4041/4041 4040/4040 4039/4039
f 4041/4041 4042/4042 4040/4040
f 4043/4043 4042/4042 4041/4041
f 4043/4043 4030/4030 4042/4042
f 4029/4029 4030/4030 4043/4043
f 4040/4040 4017/4017 4020/4020
f 4040/4040 4044/4044 4017/4017
f 4042/4042 4044/4044 4040/4040
f 4042/4042 4036/4036 4044/4044
f 4030/4030 4036/4036 4042/4042
f 4044/4044 4013/4013 4017/4017
f 4044/4044 4038/4038 4013/4013
f 4036/4036 4038/4038 4044/4044
f 4038/4038 3872/3872 4013/4013
f 4045/4045 4039/4039 4022/4022
f 4045/4045 4046/4046 4039/4039
f 4047/4047 4046/4046 4045/4045
f 4047/4047 4048/4048 4046/4046
f 4049/4049 4048/4048 4047/4047
f 4049/4049 4050/4050 4048/4048
f 4051/4051 4050/4050 4049/4049
f 4046/4046 4041/4041 4039/4039
f 4046/4046 4052/4052 4041/4041
f 4048/4048 4052/4052 4046/4046
f 4048/4048 4053/4053 4052/4052
f 4050/4050 4053/4053 4048/4048
f 4052/4052 4043/4043 4041/4041
f 4052/4052 4054/4054 4043/4043
f 4053/4053 4054/4054 4052/4052
f 4054/4054 4029/4029 4043/4043
f 4055/4055 4045/4045 4022/4022
f 4055/4055 4056/4056 4045/4045
f 4057/4057 4056/4056 4055/4055
f 4057/4057 4058/4058 4056/4056
f 4059/4059 4058/4058 4057/4057
f 4059/4059 4060/4060 4058/4058
f 4061/4061 4060/4060 4059/4059
f 4056/4056 4047/4047 4045/4045
f 4056/4056 4062/4062 4047/4047
f 4058/4058 4062/4062 4056/4056
f 4058/4058 4063/4063 4062/4062
f 4060/4060 4063/4063 4058/4058
f 4062/4062 4049/4049 4047/4047
f 4062/4062 4064/4064 4049/4049
f 4063/4063 4064/4064 4062/4062
f 4064/4064 4051/4051 4049/4049
f 4065/4065 4055/4055 4022/4022
f 4065/4065 4066/4066 4055/4055
f 4067/4067 4066/4066 4065/4065
f 4067/4067 4068/4068 4066/4066
f 4069/4069 4068/4068 4067/4067
f 4069/4069 4070/4070 4068/4068
f 4071/4071 4070/4070 4069/4069
f 4066/4066 4057/4057 4055/4055
f 4066/4066 4072/4072 4057/4057
f 4068/4068 4072/4072 4066/4066
f 4068/4068 4073/4073 4072/4072
f 4070/4070 4073/4073 4068/4068
f 4072/4072 4059/4059 4057/4057
f 4072/4072 4074/4074 4059/4059
f 4073/4073 4074/4074 4072/4072
f 4074/4074 4061/4061 4059/4059
f 4076/4076 4075/4075 3928/3928
f 4076/4076 4077/4077 4075/4075
f 4078/4078 4077/4077 4076/4076
f 4078/4078 4079/4079 4077/4077
f 4080/4080 4079/4079 4078/4078
f 4080/4080 4081/4081 4079/4079
f 4082/4082 4081/4081 4080/4080
f 4077/4077 4083/4083 4075/4075
f 4077/4077 4084/4084 4083/4083
f 4079/4079 4084/4084 4077/4077
f 4079/4079 4085/4085 4084/4084
f 4081/4081 4085/4085 4079/4079
f 4084/4084 4086/4086 4083/4083
f 4084/4084 4087/4087 4086/4086
f 4085/4085 4087/4087 4084/4084
f 4087/4087 4088/4088 4086/4086
f 3944/3944 4076/4076 3928/3928
f 3944/3944 4089/4089 4076/4076
f 3943/3943 4089/4089 3944/3944
f 3943/3943 4090/4090 4089/4089
f 3940/3940 4090/4090 3943/3943
f 3940/3940 4091/4091 4090/4090
f 3941/3941 4091/4091 3940/3940
f 4089/4089 4078/4078 4076/4076
f 4089/4089 4092/4092 4078/4078
f 4090/4090 4092/4092 4089/4089
f 4090/4090 4093/4093 4092/4092
f 4091/4091 4093/4093 4090/4090
f 4092/4092 4080/4080 4078/4078
f 4092/4092 4094/4094 4080/4080
f 4093/4093 4094/4094 4092/4092
f 4094/4094 4082/4082 4080/4080
f 4095/4095 4081/4081 4082/4082
f 4095/4095 4096/4096 4081/4081
f 4097/4097 4096/4096 4095/4095
f 4097/4097 4098/4098 4096/4096
f 4099/4099 4098/4098 4097/4097
f 4099/4099 4100/4100 4098/4098
f 4101/4101 4100/4100 4099/4099
f 4096/4096 4085/4085 4081/4081
f 4096/4096 4102/4102 4085/4085
f 4098/4098 4102/4102 4096/4096
f 4098/4098 4103/4103 4102/4102
f 4100/4100 4103/4103 4098/4098
f 4102/4102 4087/4087 4085/4085
f 4102/4102 4104/4104 4087/4087
f 4103/4103 4104/4104 4102/4102
f 4104/4104 4088/4088 4087/4087
f 4105/4105 4095/4095 4082/4082
f 4105/4105 4106/4106 4095/4095
f 4107/4107 4106/4106 4105/4105
f 4107/4107 4108/4108 4106/4106
f 4109/4109 4108/4108 4107/4107
f 4109/4109 4110/4110 4108/4108
f 4111/4111 4110/4110 4109/4109
f 4106/4106 4097/4097 4095/4095
f 4106/4106 4112/4112 4097/4097
f 4108/4108 4112/4112 4106/4106
f 4108/4108 4113/4113 4112/4112
f 4110/4110 4113/4113 4108/4108
f 4112/4112 4099/4099 4097/4097
f 4112/4112 4114/4114 4099/4099
f 4113/4113 4114/4114 4112/4112
f 4114/4114 4101/4101 4099/4099
f 4115/4115 4105/4105 4082/4082
f 4115/4115 4116/4116 4105/4105
f 4117/4117 4116/4116 4115/4115
f 4117/4117 4118/4118 4116/4116
f 4119/4119 4118/4118 4117/4117
f 4119/4119 4120/4120 4118/4118
f 4121/4121 4120/4120 4119/4119
f 4116/4116 4107/4107 4105/4105
f 4116/4116 4122/4122 4107/4107
f 4118/4118 4122/4122 4116/4116
f 4118/4118 4123/4123 4122/4122
f 4120/4120 4123/4123 4118/4118
f 4122/4122 4109/4109 4107/4107
f 4122/4122 4124/4124 4109/4109
f 4123/4123 4124/4124 4122/4122
f 4124/4124 4111/4111 4109/4109
f 3975/3975 4125/4125 3974/3974
f 3975/3975 4126/4126 4125/4125
f 3978/3978 4126/4126 3975/3975
f 3978/3978 4127/4127 4126/4126
f 3980/3980 4127/4127 3978/3978
f 3980/3980 4128/4128 4127/4127
f 3928/3928 4128/4128 3980/3980
f 4126/4126 4129/4129 4125/4125
f 4126/4126 4130/4130 4129/4129
f 4127/4127 4130/4130 4126/4126
f 4127/4127 4131/4131 4130/4130
f 4128/4128 4131/4131 4127/4127
f 4130/4130 4132/4132 4129/4129
f 4130/4130 4133/4133 4132/4132
f 4131/4131 4133/4133 4130/4130
f 4133/4133 4134/4134 4132/4132
f 4133/4133 4135/4135 4134/4134
f 4133/4133 4136/4136 4135/4135
f 4131/4131 4136/4136 4133/4133
f 4131/4131 4137/4137 4136/4136
f 4128/4128 4137/4137 4131/4131
f 4128/4128 4075/4075 4137/4137
f 3928/3928 4075/4075 4128/4128
f 4136/4136 4138/4138 4135/4135
f 4136/4136 4139/4139 4138/4138
f 4137/4137 4139/4139 4136/4136
f 4137/4137 4083/4083 4139/4139
f 4075/4075 4083/4083 4137/4137
f 4139/4139 4140/4140 4138/4138
f 4139/4139 4086/4086 4140/4140
f 4083/4083 4086/4086 4139/4139
f 4086/4086 4088/4088 4140/4140
f 3991/3991 4141/4141 3990/3990
f 3991/3991 4142/4142 4141/4141
f 3994/3994 4142/4142 3991/3991
f 3994/3994 4143/4143 4142/4142
f 3996/3996 4143/4143 3994/3994
f 3996/3996 4144/4144 4143/4143
f 3974/3974 4144/4144 3996/3996
f 4142/4142 4145/4145 4141/4141
f 4142/4142 4146/4146 4145/4145
f 4143/4143 4146/4146 4142/4142
f 4143/4143 4147/4147 4146/4146
f 4144/4144 4147/4147 4143/4143
f 4146/4146 4148/4148 4145/4145
f 4146/4146 4149/4149 4148/4148
f 4147/4147 4149/4149 4146/4146
f 4149/4149 4150/4150 4148/4148
f 4149/4149 4151/4151 4150/4150
f 4149/4149 4152/4152 4151/4151
f 4147/4147 4152/4152 4149/4149
f 4147/4147 4153/4153 4152/4152
f 4144/4144 4153/4153 4147/4147
f 4144/4144 4125/4125 4153/4153
f 3974/3974 4125/4125 4144/4144
f 4152/4152 4154/4154 4151/4151
f 4152/4152 4155/4155 4154/4154
f 4153/4153 4155/4155 4152/4152
f 4153/4153 4129/4129 4155/4155
f 4125/4125 4129/4129 4153/4153
f 4155/4155 4156/4156 4154/4154
f 4155/4155 4132/4132 4156/4156
f 4129/4129 4132/4132 4155/4155
f 4132/4132 4134/4134 4156/4156
f 4007/4007 4157/4157 4006/4006
f 4007/4007 4158/4158 4157/4157
f 4010/4010 4158/4158 4007/4007
f 4010/4010 4159/4159 4158/4158
f 4012/4012 4159/4159 4010/4010
f 4012/4012 4160/4160 4159/4159
f 3990/3990 4160/4160 4012/4012
f 4158/4158 4161/4161 4157/4157
f 4158/4158 4162/4162 4161/4161
f 4159/4159 4162/4162 4158/4158
f 4159/4159 4163/4163 4162/4162
f 4160/4160 4163/4163 4159/4159
f 4162/4162 4164/4164 4161/4161
f 4162/4162 4165/4165 4164/4164
f 4163/4163 4165/4165 4162/4162
f 4165/4165 4166/4166 4164/4164
f 4165/4165 4167/4167 4166/4166
f 4165/4165 4168/4168 4167/4167
f 4163/4163 4168/4168 4165/4165
f 4163/4163 4169/4169 4168/4168
f 4160/4160 4169/4169 4163/4163
f 4160/4160 4141/4141 4169/4169
f 3990/3990 4141/4141 4160/4160
f 4168/4168 4170/4170 4167/4167
f 4168/4168 4171/4171 4170/4170
f 4169/4169 4171/4171 4168/4168
f 4169/4169 4145/4145 4171/4171
f 4141/4141 4145/4145 4169/4169
f 4171/4171 4172/4172 4170/4170
f 4171/4171 4148/4148 4172/4172
f 4145/4145 4148/4148 4171/4171
f 4148/4148 4150/4150 4172/4172
f 4023/4023 4173/4173 4022/4022
f 4023/4023 4174/4174 4173/4173
f 4026/4026 4174/4174 4023/4023
f 4026/4026 4175/4175 4174/4174
f 4028/4028 4175/4175 4026/4026
f 4028/4028 4176/4176 4175/4175
f 4006/4006 4176/4176 4028/4028
f 4174/4174 4177/4177 4173/4173
f 4174/4174 4178/4178 4177/4177
f 4175/4175 4178/4178 4174/4174
f 4175/4175 4179/4179 4178/4178
f 4176/4176 4179/4179 4175/4175
f 4178/4178 4180/4180 4177/4177
f 4178/4178 4181/4181 4180/4180
f 4179/4179 4181/4181 4178/4178
f 4181/4181 4182/4182 4180/4180
f 4181/4181 4183/4183 4182/4182
f 4181/4181 4184/4184 4183/4183
f 4179/4179 4184/4184 4181/4181
f 4179/4179 4185/4185 4184/4184
f 4176/4176 4185/4185 4179/4179
f 4176/4176 4157/4157 4185/4185
f 4006/4006 4157/4157 4176/4176
f 4184/4184 4186/4186 4183/4183
f 4184/4184 4187/4187 4186/4186
f 4185/4185 4187/4187 4184/4184
f 4185/4185 4161/4161 4187/4187
f 4157/4157 4161/4161 4185/4185
f 4187/4187 4188/4188 4186/4186
f 4187/4187 4164/4164 4188/4188
f 4161/4161 4164/4164 4187/4187
f 4164/4164 4166/4166 4188/4188
f 4191/4191 4190/4190 4189/4189
f 4191/4191 4192/4192 4190/4190
f 4193/4193 4192/4192 4191/4191
f 4193/4193 4194/4194 4192/4192
f 4195/4195 4194/4194 4193/4193
f 4195/4195 4069/4069 4194/4194
f 4071/4071 4069/4069 4195/4195
f 4192/4192 4196/4196 4190/4190
f 4192/4192 4197/4197 4196/4196
f 4194/4194 4197/4197 4192/4192
f 4194/4194 4067/4067 4197/4197
f 4069/4069 4067/4067 4194/4194
f 4197/4197 4198/4198 4196/4196
f 4197/4197 4065/4065 4198/4198
f 4067/4067 4065/4065 4197/4197
f 4065/4065 4022/4022 4198/4198
f 4199/4199 4180/4180 4182/4182
f 4199/4199 4200/4200 4180/4180
f 4201/4201 4200/4200 4199/4199
f 4201/4201 4202/4202 4200/4200
f 4203/4203 4202/4202 4201/4201
f 4203/4203 4190/4190 4202/4202
f 4189/4189 4190/4190 4203/4203
f 4200/4200 4177/4177 4180/4180
f 4200/4200 4204/4204 4177/4177
f 4202/4202 4204/4204 4200/4200
f 4202/4202 4196/4196 4204/4204
f 4190/4190 4196/4196 4202/4202
f 4204/4204 4173/4173 4177/4177
f 4204/4204 4198/4198 4173/4173
f 4196/4196 4198/4198 4204/4204
f 4198/4198 4022/4022 4173/4173
f 4205/4205 4199/4199 4182/4182
f 4205/4205 4206/4206 4199/4199
f 4207/4207 4206/4206 4205/4205
f 4207/4207 4208/4208 4206/4206
f 4209/4209 4208/4208 4207/4207
f 4209/4209 4210/4210 4208/4208
f 4211/4211 4210/4210 4209/4209
f 4206/4206 4201/4201 4199/4199
f 4206/4206 4212/4212 4201/4201
f 4208/4208 4212/4212 4206/4206
f 4208/4208 4213/4213 4212/4212
f 4210/4210 4213/4213 4208/4208
f 4212/4212 4203/4203 4201/4201
f 4212/4212 4214/4214 4203/4203
f 4213/4213 4214/4214 4212/4212
f 4214/4214 4189/4189 4203/4203
f 4215/4215 4205/4205 4182/4182
f 4215/4215 4216/4216 4205/4205
f 4217/4217 4216/4216 4215/4215
f 4217/4217 4218/4218 4216/4216
f 4219/4219 4218/4218 4217/4217
f 4219/4219 4220/4220 4218/4218
f 4221/4221 4220/4220 4219/4219
f 4216/4216 4207/4207 4205/4205
f 4216/4216 4222/4222 4207/4207
f 4218/4218 4222/4222 4216/4216
f 4218/4218 4223/4223 4222/4222
f 4220/4220 4223/4223 4218/4218
f 4222/4222 4209/4209 4207/4207
f 4222/4222 4224/4224 4209/4209
f 4223/4223 4224/4224 4222/4222
f 4224/4224 4211/4211 4209/4209
f 4226/4226 4225/4225 4088/4088
f 4226/4226 4227/4227 4225/4225
f 4228/4228 4227/4227 4226/4226
f 4228/4228 4229/4229 4227/4227
f 4230/4230 4229/4229 4228/4228
f 4230/4230 4231/4231 4229/4229
f 4232/4232 4231/4231 4230/4230
f 4227/4227 4233/4233 4225/4225
f 4227/4227 4234/4234 4233/4233
f 4229/4229 4234/4234 4227/4227
f 4229/4229 4235/4235 4234/4234
f 4231/4231 4235/4235 4229/4229
f 4234/4234 4236/4236 4233/4233
f 4234/4234 4237/4237 4236/4236
f 4235/4235 4237/4237 4234/4234
f 4237/4237 4238/4238 4236/4236
f 4104/4104 4226/4226 4088/4088
f 4104/4104 4239/4239 4226/4226
f 4103/4103 4239/4239 4104/4104
f 4103/4103 4240/4240 4239/4239
f 4100/4100 4240/4240 4103/4103
f 4100/4100 4241/4241 4240/4240
f 4101/4101 4241/4241 4100/4100
f 4239/4239 4228/4228 4226/4226
f 4239/4239 4242/4242 4228/4228
f 4240/4240 4242/4242 4239/4239
f 4240/4240 4243/4243 4242/4242
f 4241/4241 4243/4243 4240/4240
f 4242/4242 4230/4230 4228/4228
f 4242/4242 4244/4244 4230/4230
f 4243/4243 4244/4244 4242/4242
f 4244/4244 4232/4232 4230/4230
f 4246/4246 4245/4245 4238/4238
f 4246/4246 4247/4247 4245/4245
f 4248/4248 4247/4247 4246/4246
f 4248/4248 4249/4249 4247/4247
f 4250/4250 4249/4249 4248/4248
f 4250/4250 4251/4251 4249/4249
f 4252/4252 4251/4251 4250/4250
f 4247/4247 4253/4253 4245/4245
f 4247/4247 4254/4254 4253/4253
f 4249/4249 4254/4254 4247/4247
f 4249/4249 4255/4255 4254/4254
f 4251/4251 4255/4255 4249/4249
f 4254/4254 4256/4256 4253/4253
f 4254/4254 4257/4257 4256/4256
f 4255/4255 4257/4257 4254/4254
f 4257/4257 4258/4258 4256/4256
f 4237/4237 4246/4246 4238/4238
f 4237/4237 4259/4259 4246/4246
f 4235/4235 4259/4259 4237/4237
f 4235/4235 4260/4260 4259/4259
f 4231/4231 4260/4260 4235/4235
f 4231/4231 4261/4261 4260/4260
f 4232/4232 4261/4261 4231/4231
f 4259/4259 4248/4248 4246/4246
f 4259/4259 4262/4262 4248/4248
f 4260/4260 4262/4262 4259/4259
f 4260/4260 4263/4263 4262/4262
f 4261/4261 4263/4263 4260/4260
f 4262/4262 4250/4250 4248/4248
f 4262/4262 4264/4264 4250/4250
f 4263/4263 4264/4264 4262/4262
f 4264/4264 4252/4252 4250/4250
f 4135/4135 4265/4265 4134/4134
f 4135/4135 4266/4266 4265/4265
f 4138/4138 4266/4266 4135/4135
f 4138/4138 4267/4267 4266/4266
f 4140/4140 4267/4267 4138/4138
f 4140/4140 4268/4268 4267/4267
f 4088/4088 4268/4268 4140/4140
f 4266/4266 4269/4269 4265/4265
f 4266/4266 4270/4270 4269/4269
f 4267/4267 4270/4270 4266/4266
f 4267/4267 4271/4271 4270/4270
f 4268/4268 4271/4271 4267/4267
f 4270/4270 4272/4272 4269/4269
f 4270/4270 4273/4273 4272/4272
f 4271/4271 4273/4273 4270/4270
f 4273/4273 4274/4274 4272/4272
f 4273/4273 4275/4275 4274/4274
f 4273/4273 4276/4276 4275/4275
f 4271/4271 4276/4276 4273/4273
f 4271/4271 4277/4277 4276/4276
f 4268/4268 4277/4277 4271/4271
f 4268/4268 4225/4225 4277/4277
f 4088/4088 4225/4225 4268/4268
f 4276/4276 4278/4278 4275/4275
f 4276/4276 4279/4279 4278/4278
f 4277/4277 4279/4279 4276/4276
f 4277/4277 4233/4233 4279/4279
f 4225/4225 4233/4233 4277/4277
f 4279/4279 4280/4280 4278/4278
f 4279/4279 4236/4236 4280/4280
f 4233/4233 4236/4236 4279/4279
f 4236/4236 4238/4238 4280/4280
f 4151/4151 4281/4281 4150/4150
f 4151/4151 4282/4282 4281/4281
f 4154/4154 4282/4282 4151/4151
f 4154/4154 4283/4283 4282/4282
f 4156/4156 4283/4283 4154/4154
f 4156/4156 4284/4284 4283/4283
f 4134/4134 4284/4284 4156/4156
f 4282/4282 4285/4285 4281/4281
f 4282/4282 4286/4286 4285/4285
f 4283/4283 4286/4286 4282/4282
f 4283/4283 4287/4287 4286/4286
f 4284/4284 4287/4287 4283/4283
f 4286/4286 4288/4288 4285/4285
f 4286/4286 4289/4289 4288/4288
f 4287/4287 4289/4289 4286/4286
f 4289/4289 4290/4290 4288/4288
f 4289/4289 4291/4291 4290/4290
f 4289/4289 4292/4292 4291/4291
f 4287/4287 4292/4292 4289/4289
f 4287/4287 4293/4293 4292/4292
f 4284/4284 4293/4293 4287/4287
f 4284/4284 4265/4265 4293/4293
f 4134/4134 4265/4265 4284/4284
f 4292/4292 4294/4294 4291/4291
f 4292/4292 4295/4295 4294/4294
f 4293/4293 4295/4295 4292/4292
f 4293/4293 4269/4269 4295/4295
f 4265/4265 4269/4269 4293/4293
f 4295/4295 4296/4296 4294/4294
f 4295/4295 4272/4272 4296/4296
f 4269/4269 4272/4272 4295/4295
f 4272/4272 4274/4274 4296/4296
f 4167/4167 4297/4297 4166/4166
f 4167/4167 4298/4298 4297/4297
f 4170/4170 4298/4298 4167/4167
f 4170/4170 4299/4299 4298/4298
f 4172/4172 4299/4299 4170/4170
f 4172/4172 4300/4300 4299/4299
f 4150/4150 4300/4300 4172/4172
f 4298/4298 4301/4301 4297/4297
f 4298/4298 4302/4302 4301/4301
f 4299/4299 4302/4302 4298/4298
f 4299/4299 4303/4303 4302/4302
f 4300/4300 4303/4303 4299/4299
f 4302/4302 4304/4304 4301/4301
f 4302/4302 4305/4305 4304/4304
f 4303/4303 4305/4305 4302/4302
f 4305/4305 4306/4306 4304/4304
f 4305/4305 4307/4307 4306/4306
f 4305/4305 4308/4308 4307/4307
f 4303/4303 4308/4308 4305/4305
f 4303/4303 4309/4309 4308/4308
f 4300/4300 4309/4309 4303/4303
f 4300/4300 4281/4281 4309/4309
f 4150/4150 4281/4281 4300/4300
f 4308/4308 4310/4310 4307/4307
f 4308/4308 4311/4311 4310/4310
f 4309/4309 4311/4311 4308/4308
f 4309/4309 4285/4285 4311/4311
f 4281/4281 4285/4285 4309/4309
f 4311/4311 4312/4312 4310/4310
f 4311/4311 4288/4288 4312/4312
f 4285/4285 4288/4288 4311/4311
f 4288/4288 4290/4290 4312/4312
f 4183/4183 4313/4313 4182/4182
f 4183/4183 4314/4314 4313/4313
f 4186/4186 4314/4314 4183/4183
f 4186/4186 4315/4315 4314/4314
f 4188/4188 4315/4315 4186/4186
f 4188/4188 4316/4316 4315/4315
f 4166/4166 4316/4316 4188/4188
f 4314/4314 4317/4317 4313/4313
f 4314/4314 4318/4318 4317/4317
f 4315/4315 4318/4318 4314/4314
f 4315/4315 4319/4319 4318/4318
f 4316/4316 4319/4319 4315/4315
f 4318/4318 4320/4320 4317/4317
f 4318/4318 4321/4321 4320/4320
f 4319/4319 4321/4321 4318/4318
f 4321/4321 4322/4322 4320/4320
f 4321/4321 4323/4323 4322/4322
f 4321/4321 4324/4324 4323/4323
f 4319/4319 4324/4324 4321/4321
f 4319/4319 4325/4325 4324/4324
f 4316/4316 4325/4325 4319/4319
f 4316/4316 4297/4297 4325/4325
f 4166/4166 4297/4297 4316/4316
f 4324/4324 4326/4326 4323/4323
f 4324/4324 4327/4327 4326/4326
f 4325/4325 4327/4327 4324/4324
f 4325/4325 4301/4301 4327/4327
f 4297/4297 4301/4301 4325/4325
f 4327/4327 4328/4328 4326/4326
f 4327/4327 4304/4304 4328/4328
f 4301/4301 4304/4304 4327/4327
f 4304/4304 4306/4306 4328/4328
f 4331/4331 4330/4330 4329/4329
f 4331/4331 4332/4332 4330/4330
f 4333/4333 4332/4332 4331/4331
f 4333/4333 4334/4334 4332/4332
f 4335/4335 4334/4334 4333/4333
f 4335/4335 4219/4219 4334/4334
f 4221/4221 4219/4219 4335/4335
f 4332/4332 4336/4336 4330/4330
f 4332/4332 4337/4337 4336/4336
f 4334/4334 4337/4337 4332/4332
f 4334/4334 4217/4217 4337/4337
f 4219/4219 4217/4217 4334/4334
f 4337/4337 4338/4338 4336/4336
f 4337/4337 4215/4215 4338/4338
f 4217/4217 4215/4215 4337/4337
f 4215/4215 4182/4182 4338/4338
f 4339/4339 4320/4320 4322/4322
f 4339/4339 4340/4340 4320/4320
f 4341/4341 4340/4340 4339/4339
f 4341/4341 4342/4342 4340/4340
f 4343/4343 4342/4342 4341/4341
f 4343/4343 4330/4330 4342/4342
f 4329/4329 4330/4330 4343/4343
f 4340/4340 4317/4317 4320/4320
f 4340/4340 4344/4344 4317/4317
f 4342/4342 4344/4344 4340/4340
f 4342/4342 4336/4336 4344/4344
f 4330/4330 4336/4336 4342/4342
f 4344/4344 4313/4313 4317/4317
f 4344/4344 4338/4338 4313/4313
f 4336/4336 4338/4338 4344/4344
f 4338/4338 4182/4182 4313/4313
f 4345/4345 4339/4339 4322/4322
f 4345/4345 4346/4346 4339/4339
f 4347/4347 4346/4346 4345/4345
f 4347/4347 4348/4348 4346/4346
f 4349/4349 4348/4348 4347/4347
f 4349/4349 4350/4350 4348/4348
f 4351/4351 4350/4350 4349/4349
f 4346/4346 4341/4341 4339/4339
f 4346/4346 4352/4352 4341/4341
f 4348/4348 4352/4352 4346/4346
f 4348/4348 4353/4353 4352/4352
f 4350/4350 4353/4353 4348/4348
f 4352/4352 4343/4343 4341/4341
f 4352/4352 4354/4354 4343/4343
f 4353/4353 4354/4354 4352/4352
f 4354/4354 4329/4329 4343/4343
f 4355/4355 4345/4345 4322/4322
f 4355/4355 4356/4356 4345/4345
f 4357/4357 4356/4356 4355/4355
f 4357/4357 4358/4358 4356/4356
f 4359/4359 4358/4358 4357/4357
f 4359/4359 4360/4360 4358/4358
f 4361/4361 4360/4360 4359/4359
f 4356/4356 4347/4347 4345/4345
f 4356/4356 4362/4362 4347/4347
f 4358/4358 4362/4362 4356/4356
f 4358/4358 4363/4363 4362/4362
f 4360/4360 4363/4363 4358/4358
f 4362/4362 4349/4349 4347/4347
f 4362/4362 4364/4364 4349/4349
f 4363/4363 4364/4364 4362/4362
f 4364/4364 4351/4351 4349/4349
f 4365/4365 4256/4256 4258/4258
f 4365/4365 4366/4366 4256/4256
f 4367/4367 4366/4366 4365/4365
f 4367/4367 4368/4368 4366/4366
f 4369/4369 4368/4368 4367/4367
f 4369/4369 4370/4370 4368/4368
f 4371/4371 4370/4370 4369/4369
f 4366/4366 4253/4253 4256/4256
f 4366/4366 4372/4372 4253/4253
f 4368/4368 4372/4372 4366/4366
f 4368/4368 4373/4373 4372/4372
f 4370/4370 4373/4373 4368/4368
f 4372/4372 4245/4245 4253/4253
f 4372/4372 4374/4374 4245/4245
f 4373/4373 4374/4374 4372/4372
f 4374/4374 4238/4238 4245/4245
f 4275/4275 4375/4375 4274/4274
f 4275/4275 4376/4376 4375/4375
f 4278/4278 4376/4376 4275/4275
f 4278/4278 4377/4377 4376/4376
f 4280/4280 4377/4377 4278/4278
f 4280/4280 4378/4378 4377/4377
f 4238/4238 4378/4378 4280/4280
f 4376/4376 4379/4379 4375/4375
f 4376/4376 4380/4380 4379/4379
f 4377/4377 4380/4380 4376/4376
f 4377/4377 4381/4381 4380/4380
f 4378/4378 4381/4381 4377/4377
f 4380/4380 4382/4382 4379/4379
f 4380/4380 4383/4383 4382/4382
f 4381/4381 4383/4383 4380/4380
f 4383/4383 4384/4384 4382/4382
f 4386/4386 4385/4385 4384/4384
f 4386/4386 4387/4387 4385/4385
f 4388/4388 4387/4387 4386/4386
f 4388/4388 4389/4389 4387/4387
f 4390/4390 4389/4389 4388/4388
f 4390/4390 4391/4391 4389/4389
f 4392/4392 4391/4391 4390/4390
f 4387/4387 4393/4393 4385/4385
f 4387/4387 4394/4394 4393/4393
f 4389/4389 4394/4394 4387/4387
f 4389/4389 4395/4395 4394/4394
f 4391/4391 4395/4395 4389/4389
f 4394/4394 4396/4396 4393/4393
f 4394/4394 4397/4397 4396/4396
f 4395/4395 4397/4397 4394/4394
f 4397/4397 4398/4398 4396/4396
f 4399/4399 4386/4386 4384/4384
f 4399/4399 4400/4400 4386/4386
f 4401/4401 4400/4400 4399/4399
f 4401/4401 4402/4402 4400/4400
f 4403/4403 4402/4402 4401/4401
f 4403/4403 4404/4404 4402/4402
f 4371/4371 4404/4404 4403/4403
f 4400/4400 4388/4388 4386/4386
f 4400/4400 4405/4405 4388/4388
f 4402/4402 4405/4405 4400/4400
f 4402/4402 4406/4406 4405/4405
f 4404/4404 4406/4406 4402/4402
f 4405/4405 4390/4390 4388/4388
f 4405/4405 4407/4407 4390/4390
f 4406/4406 4407/4407 4405/4405
f 4407/4407 4392/4392 4390/4390
f 4383/4383 4399/4399 4384/4384
f 4383/4383 4408/4408 4399/4399
f 4381/4381 4408/4408 4383/4383
f 4381/4381 4409/4409 4408/4408
f 4378/4378 4409/4409 4381/4381
f 4378/4378 4374/4374 4409/4409
f 4238/4238 4374/4374 4378/4378
f 4408/4408 4401/4401 4399/4399
f 4408/4408 4410/4410 4401/4401
f 4409/4409 4410/4410 4408/4408
f 4409/4409 4373/4373 4410/4410
f 4374/4374 4373/4373 4409/4409
f 4410/4410 4403/4403 4401/4401
f 4410/4410 4370/4370 4403/4403
f 4373/4373 4370/4370 4410/4410
f 4370/4370 4371/4371 4403/4403
f 4291/4291 4411/4411 4290/4290
f 4291/4291 4412/4412 4411/4411
f 4294/4294 4412/4412 4291/4291
f 4294/4294 4413/4413 4412/4412
f 4296/4296 4413/4413 4294/4294
f 4296/4296 4414/4414 4413/4413
f 4274/4274 4414/4414 4296/4296
f 4412/4412 4415/4415 4411/4411
f 4412/4412 4416/4416 4415/4415
f 4413/4413 4416/4416 4412/4412
f 4413/4413 4417/4417 4416/4416
f 4414/4414 4417/4417 4413/4413
f 4416/4416 4418/4418 4415/4415
f 4416/4416 4419/4419 4418/4418
f 4417/4417 4419/4419 4416/4416
f 4419/4419 4420/4420 4418/4418
f 4419/4419 4421/4421 4420/4420
f 4419/4419 4422/4422 4421/4421
f 4417/4417 4422/4422 4419/4419
f 4417/4417 4423/4423 4422/4422
f 4414/4414 4423/4423 4417/4417
f 4414/4414 4375/4375 4423/4423
f 4274/4274 4375/4375 4414/4414
f 4422/4422 4424/4424 4421/4421
f 4422/4422 4425/4425 4424/4424
f 4423/4423 4425/4425 4422/4422
f 4423/4423 4379/4379 4425/4425
f 4375/4375 4379/4379 4423/4423
f 4425/4425 4426/4426 4424/4424
f 4425/4425 4382/4382 4426/4426
f 4379/4379 4382/4382 4425/4425
f 4382/4382 4384/4384 4426/4426
f 4307/4307 4427/4427 4306/4306
f 4307/4307 4428/4428 4427/4427
f 4310/4310 4428/4428 4307/4307
f 4310/4310 4429/4429 4428/4428
f 4312/4312 4429/4429 4310/4310
f 4312/4312 4430/4430 4429/4429
f 4290/4290 4430/4430 4312/4312
f 4428/4428 4431/4431 4427/4427
f 4428/4428 4432/4432 4431/4431
f 4429/4429 4432/4432 4428/4428
f 4429/4429 4433/4433 4432/4432
f 4430/4430 4433/4433 4429/4429
f 4432/4432 4434/4434 4431/4431
f 4432/4432 4435/4435 4434/4434
f 4433/4433 4435/4435 4432/4432
f 4435/4435 4436/4436 4434/4434
f 4435/4435 4437/4437 4436/4436
f 4435/4435 4438/4438 4437/4437
f 4433/4433 4438/4438 4435/4435
f 4433/4433 4439/4439 4438/4438
f 4430/4430 4439/4439 4433/4433
f 4430/4430 4411/4411 4439/4439
f 4290/4290 4411/4411 4430/4430
f 4438/4438 4440/4440 4437/4437
f 4438/4438 4441/4441 4440/4440
f 4439/4439 4441/4441 4438/4438
f 4439/4439 4415/4415 4441/4441
f 4411/4411 4415/4415 4439/4439
f 4441/4441 4442/4442 4440/4440
f 4441/4441 4418/4418 4442/4442
f 4415/4415 4418/4418 4441/4441
f 4418/4418 4420/4420 4442/4442
f 4323/4323 4443/4443 4322/4322
f 4323/4323 4444/4444 4443/4443
f 4326/4326 4444/4444 4323/4323
f 4326/4326 4445/4445 4444/4444
f 4328/4328 4445/4445 4326/4326
f 4328/4328 4446/4446 4445/4445
f 4306/4306 4446/4446 4328/4328
f 4444/4444 4447/4447 4443/4443
f 4444/4444 4448/4448 4447/4447
f 4445/4445 4448/4448 4444/4444
f 4445/4445 4449/4449 4448/4448
f 4446/4446 4449/4449 4445/4445
f 4448/4448 4450/4450 4447/4447
f 4448/4448 4451/4451 4450/4450
f 4449/4449 4451/4451 4448/4448
f 4451/4451 4452/4452 4450/4450
f 4451/4451 4453/4453 4452/4452
f 4451/4451 4454/4454 4453/4453
f 4449/4449 4454/4454 4451/4451
f 4449/4449 4455/4455 4454/4454
f 4446/4446 4455/4455 4449/4449
f 4446/4446 4427/4427 4455/4455
f 4306/4306 4427/4427 4446/4446
f 4454/4454 4456/4456 4453/4453
f 4454/4454 4457/4457 4456/4456
f 4455/4455 4457/4457 4454/4454
f 4455/4455 4431/4431 4457/4457
f 4427/4427 4431/4431 4455/4455
f 4457/4457 4458/4458 4456/4456
f 4457/4457 4434/4434 4458/4458
f 4431/4431 4434/4434 4457/4457
f 4434/4434 4436/4436 4458/4458
f 4461/4461 4460/4460 4459/4459
f 4461/4461 4462/4462 4460/4460
f 4463/4463 4462/4462 4461/4461
f 4463/4463 4464/4464 4462/4462
f 4465/4465 4464/4464 4463/4463
f 4465/4465 4359/4359 4464/4464
f 4361/4361 4359/4359 4465/4465
f 4462/4462 4466/4466 4460/4460
f 4462/4462 4467/4467 4466/4466
f 4464/4464 4467/4467 4462/4462
f 4464/4464 4357/4357 4467/4467
f 4359/4359 4357/4357 4464/4464
f 4467/4467 4468/4468 4466/4466
f 4467/4467 4355/4355 4468/4468
f 4357/4357 4355/4355 4467/4467
f 4355/4355 4322/4322 4468/4468
f 4469/4469 4461/4461 4459/4459
f 4469/4469 4470/4470 4461/4461
f 4471/4471 4470/4470 4469/4469
f 4471/4471 4472/4472 4470/4470
f 4473/4473 4472/4472 4471/4471
f 4473/4473 4474/4474 4472/4472
f 4475/4475 4474/4474 4473/4473
f 4470/4470 4463/4463 4461/4461
f 4470/4470 4476/4476 4463/4463
f 4472/4472 4476/4476 4470/4470
f 4472/4472 4477/4477 4476/4476
f 4474/4474 4477/4477 4472/4472
f 4476/4476 4465/4465 4463/4463
f 4476/4476 4478/4478 4465/4465
f 4477/4477 4478/4478 4476/4476
f 4478/4478 4361/4361 4465/4465
f 4479/4479 4450/4450 4452/4452
f 4479/4479 4480/4480 4450/4450
f 4481/4481 4480/4480 4479/4479
f 4481/4481 4482/4482 4480/4480
f 4483/4483 4482/4482 4481/4481
f 4483/4483 4460/4460 4482/4482
f 4459/4459 4460/4460 4483/4483
f 4480/4480 4447/4447 4450/4450
f 4480/4480 4484/4484 4447/4447
f 4482/4482 4484/4484 4480/4480
f 4482/4482 4466/4466 4484/4484
f 4460/4460 4466/4466 4482/4482
f 4484/4484 4443/4443 4447/4447
f 4484/4484 4468/4468 4443/4443
f 4466/4466 4468/4468 4484/4484
f 4468/4468 4322/4322 4443/4443
f 4485/4485 4479/4479 4452/4452
f 4485/4485 4486/4486 4479/4479
f 4487/4487 4486/4486 4485/4485
f 4487/4487 4488/4488 4486/4486
f 4489/4489 4488/4488 4487/4487
f 4489/4489 4490/4490 4488/4488
f 4491/4491 4490/4490 4489/4489
f 4486/4486 4481/4481 4479/4479
f 4486/4486 4492/4492 4481/4481
f 4488/4488 4492/4492 4486/4486
f 4488/4488 4493/4493 4492/4492
f 4490/4490 4493/4493 4488/4488
f 4492/4492 4483/4483 4481/4481
f 4492/4492 4494/4494 4483/4483
f 4493/4493 4494/4494 4492/4492
f 4494/4494 4459/4459 4483/4483
f 4497/4497 4496/4496 4495/4495
f 4497/4497 4498/4498 4496/4496
f 4499/4499 4498/4498 4497/4497
f 4499/4499 4500/4500 4498/4498
f 4501/4501 4500/4500 4499/4499
f 4501/4501 4502/4502 4500/4500
f 4503/4503 4502/4502 4501/4501
f 4498/4498 4504/4504 4496/4496
f 4498/4498 4505/4505 4504/4504
f 4500/4500 4505/4505 4498/4498
f 4500/4500 4506/4506 4505/4505
f 4502/4502 4506/4506 4500/4500
f 4505/4505 4507/4507 4504/4504
f 4505/4505 4508/4508 4507/4507
f 4506/4506 4508/4508 4505/4505
f 4508/4508 4509/4509 4507/4507
f 4511/4511 4510/4510 4509/4509
f 4511/4511 4512/4512 4510/4510
f 4513/4513 4512/4512 4511/4511
f 4513/4513 4514/4514 4512/4512
f 4515/4515 4514/4514 4513/4513
f 4515/4515 4516/4516 4514/4514
f 4517/4517 4516/4516 4515/4515
f 4512/4512 4518/4518 4510/4510
f 4512/4512 4519/4519 4518/4518
f 4514/4514 4519/4519 4512/4512
f 4514/4514 4520/4520 4519/4519
f 4516/4516 4520/4520 4514/4514
f 4519/4519 4521/4521 4518/4518
f 4519/4519 4522/4522 4521/4521
f 4520/4520 4522/4522 4519/4519
f 4522/4522 4523/4523 4521/4521
f 4508/4508 4511/4511 4509/4509
f 4508/4508 4524/4524 4511/4511
f 4506/4506 4524/4524 4508/4508
f 4506/4506 4525/4525 4524/4524
f 4502/4502 4525/4525 4506/4506
f 4502/4502 4526/4526 4525/4525
f 4503/4503 4526/4526 4502/4502
f 4524/4524 4513/4513 4511/4511
f 4524/4524 4527/4527 4513/4513
f 4525/4525 4527/4527 4524/4524
f 4525/4525 4528/4528 4527/4527
f 4526/4526 4528/4528 4525/4525
f 4527/4527 4515/4515 4513/4513
f 4527/4527 4529/4529 4515/4515
f 4528/4528 4529/4529 4527/4527
f 4529/4529 4517/4517 4515/4515
f 4531/4531 4530/4530 4384/4384
f 4531/4531 4532/4532 4530/4530
f 4533/4533 4532/4532 4531/4531
f 4533/4533 4534/4534 4532/4532
f 4535/4535 4534/4534 4533/4533
f 4535/4535 4536/4536 4534/4534
f 4537/4537 4536/4536 4535/4535
f 4532/4532 4538/4538 4530/4530
f 4532/4532 4539/4539 4538/4538
f 4534/4534 4539/4539 4532/4532
f 4534/4534 4540/4540 4539/4539
f 4536/4536 4540/4540 4534/4534
f 4539/4539 4541/4541 4538/4538
f 4539/4539 4542/4542 4541/4541
f 4540/4540 4542/4542 4539/4539
f 4542/4542 4543/4543 4541/4541
f 4385/4385 4531/4531 4384/4384
f 4385/4385 4544/4544 4531/4531
f 4393/4393 4544/4544 4385/4385
f 4393/4393 4545/4545 4544/4544
f 4396/4396 4545/4545 4393/4393
f 4396/4396 4546/4546 4545/4545
f 4398/4398 4546/4546 4396/4396
f 4544/4544 4533/4533 4531/4531
f 4544/4544 4547/4547 4533/4533
f 4545/4545 4547/4547 4544/4544
f 4545/4545 4548/4548 4547/4547
f 4546/4546 4548/4548 4545/4545
f 4547/4547 4535/4535 4533/4533
f 4547/4547 4549/4549 4535/4535
f 4548/4548 4549/4549 4547/4547
f 4549/4549 4537/4537 4535/4535
f 4551/4551 4550/4550 4543/4543
f 4551/4551 4552/4552 4550/4550
f 4553/4553 4552/4552 4551/4551
f 4553/4553 4554/4554 4552/4552
f 4555/4555 4554/4554 4553/4553
f 4555/4555 4496/4496 4554/4554
f 4495/4495 4496/4496 4555/4555
f 4552/4552 4556/4556 4550/4550
f 4552/4552 4557/4557 4556/4556
f 4554/4554 4557/4557 4552/4552
f 4554/4554 4504/4504 4557/4557
f 4496/4496 4504/4504 4554/4554
f 4557/4557 4558/4558 4556/4556
f 4557/4557 4507/4507 4558/4558
f 4504/4504 4507/4507 4557/4557
f 4507/4507 4509/4509 4558/4558
f 4559/4559 4551/4551 4543/4543
f 4559/4559 4560/4560 4551/4551
f 4561/4561 4560/4560 4559/4559
f 4561/4561 4562/4562 4560/4560
f 4563/4563 4562/4562 4561/4561
f 4563/4563 4564/4564 4562/4562
f 4565/4565 4564/4564 4563/4563
f 4560/4560 4553/4553 4551/4551
f 4560/4560 4566/4566 4553/4553
f 4562/4562 4566/4566 4560/4560
f 4562/4562 4567/4567 4566/4566
f 4564/4564 4567/4567 4562/4562
f 4566/4566 4555/4555 4553/4553
f 4566/4566 4568/4568 4555/4555
f 4567/4567 4568/4568 4566/4566
f 4568/4568 4495/4495 4555/4555
f 4542/4542 4559/4559 4543/4543
f 4542/4542 4569/4569 4559/4559
f 4540/4540 4569/4569 4542/4542
f 4540/4540 4570/4570 4569/4569
f 4536/4536 4570/4570 4540/4540
f 4536/4536 4571/4571 4570/4570
f 4537/4537 4571/4571 4536/4536
f 4569/4569 4561/4561 4559/4559
f 4569/4569 4572/4572 4561/4561
f 4570/4570 4572/4572 4569/4569
f 4570/4570 4573/4573 4572/4572
f 4571/4571 4573/4573 4570/4570
f 4572/4572 4563/4563 4561/4561
f 4572/4572 4574/4574 4563/4563
f 4573/4573 4574/4574 4572/4572
f 4574/4574 4565/4565 4563/4563
f 4421/4421 4575/4575 4420/4420
f 4421/4421 4576/4576 4575/4575
f 4424/4424 4576/4576 4421/4421
f 4424/4424 4577/4577 4576/4576
f 4426/4426 4577/4577 4424/4424
f 4426/4426 4578/4578 4577/4577
f 4384/4384 4578/4578 4426/4426
f 4576/4576 4579/4579 4575/4575
f 4576/4576 4580/4580 4579/4579
f 4577/4577 4580/4580 4576/4576
f 4577/4577 4581/4581 4580/4580
f 4578/4578 4581/4581 4577/4577
f 4580/4580 4582/4582 4579/4579
f 4580/4580 4583/4583 4582/4582
f 4581/4581 4583/4583 4580/4580
f 4583/4583 4584/4584 4582/4582
f 4583/4583 4585/4585 4584/4584
f 4583/4583 4586/4586 4585/4585
f 4581/4581 4586/4586 4583/4583
f 4581/4581 4587/4587 4586/4586
f 4578/4578 4587/4587 4581/4581
f 4578/4578 4530/4530 4587/4587
f 4384/4384 4530/4530 4578/4578
f 4586/4586 4588/4588 4585/4585
f 4586/4586 4589/4589 4588/4588
f 4587/4587 4589/4589 4586/4586
f 4587/4587 4538/4538 4589/4589
f 4530/4530 4538/4538 4587/4587
f 4589/4589 4590/4590 4588/4588
f 4589/4589 4541/4541 4590/4590
f 4538/4538 4541/4541 4589/4589
f 4541/4541 4543/4543 4590/4590
f 4437/4437 4591/4591 4436/4436
f 4437/4437 4592/4592 4591/4591
f 4440/4440 4592/4592 4437/4437
f 4440/4440 4593/4593 4592/4592
f 4442/4442 4593/4593 4440/4440
f 4442/4442 4594/4594 4593/4593
f 4420/4420 4594/4594 4442/4442
f 4592/4592 4595/4595 4591/4591
f 4592/4592 4596/4596 4595/4595
f 4593/4593 4596/4596 4592/4592
f 4593/4593 4597/4597 4596/4596
f 4594/4594 4597/4597 4593/4593
f 4596/4596 4598/4598 4595/4595
f 4596/4596 4599/4599 4598/4598
f 4597/4597 4599/4599 4596/4596
f 4599/4599 4600/4600 4598/4598
f 4599/4599 4601/4601 4600/4600
f 4599/4599 4602/4602 4601/4601
f 4597/4597 4602/4602 4599/4599
f 4597/4597 4603/4603 4602/4602
f 4594/4594 4603/4603 4597/4597
f 4594/4594 4575/4575 4603/4603
f 4420/4420 4575/4575 4594/4594
f 4602/4602 4604/4604 4601/4601
f 4602/4602 4605/4605 4604/4604
f 4603/4603 4605/4605 4602/4602
f 4603/4603 4579/4579 4605/4605
f 4575/4575 4579/4579 4603/4603
f 4605/4605 4606/4606 4604/4604
f 4605/4605 4582/4582 4606/4606
f 4579/4579 4582/4582 4605/4605
f 4582/4582 4584/4584 4606/4606
f 4453/4453 4607/4607 4452/4452
f 4453/4453 4608/4608 4607/4607
f 4456/4456 4608/4608 4453/4453
f 4456/4456 4609/4609 4608/4608
f 4458/4458 4609/4609 4456/4456
f 4458/4458 4610/4610 4609/4609
f 4436/4436 4610/4610 4458/4458
f 4608/4608 4611/4611 4607/4607
f 4608/4608 4612/4612 4611/4611
f 4609/4609 4612/4612 4608/4608
f 4609/4609 4613/4613 4612/4612
f 4610/4610 4613/4613 4609/4609
f 4612/4612 4614/4614 4611/4611
f 4612/4612 4615/4615 4614/4614
f 4613/4613 4615/4615 4612/4612
f 4615/4615 4616/4616 4614/4614
f 4615/4615 4617/4617 4616/4616
f 4615/4615 4618/4618 4617/4617
f 4613/4613 4618/4618 4615/4615
f 4613/4613 4619/4619 4618/4618
f 4610/4610 4619/4619 4613/4613
f 4610/4610 4591/4591 4619/4619
f 4436/4436 4591/4591 4610/4610
f 4618/4618 4620/4620 4617/4617
f 4618/4618 4621/4621 4620/4620
f 4619/4619 4621/4621 4618/4618
f 4619/4619 4622/4622 4621/4621
f 4591/4591 4622/4622 4619/4619
f 4621/4621 4623/4623 4620/4620
f 4621/4621 4598/4598 4623/4623
f 4622/4622 4598/4598 4621/4621
f 4598/4598 4600/4600 4623/4623
f 4626/4626 4625/4625 4624/4624
f 4626/4626 4627/4627 4625/4625
f 4628/4628 4627/4627 4626/4626
f 4628/4628 4629/4629 4627/4627
f 4630/4630 4629/4629 4628/4628
f 4630/4630 4489/4489 4629/4629
f 4491/4491 4489/4489 4630/4630
f 4627/4627 4631/4631 4625/4625
f 4627/4627 4632/4632 4631/4631
f 4629/4629 4632/4632 4627/4627
f 4629/4629 4487/4487 4632/4632
f 4489/4489 4487/4487 4629/4629
f 4632/4632 4633/4633 4631/4631
f 4632/4632 4485/4485 4633/4633
f 4487/4487 4485/4485 4632/4632
f 4485/4485 4452/4452 4633/4633
f 4634/4634 4626/4626 4624/4624
f 4634/4634 4635/4635 4626/4626
f 4636/4636 4635/4635 4634/4634
f 4636/4636 4637/4637 4635/4635
f 4638/4638 4637/4637 4636/4636
f 4638/4638 4639/4639 4637/4637
f 4640/4640 4639/4639 4638/4638
f 4635/4635 4628/4628 4626/4626
f 4635/4635 4641/4641 4628/4628
f 4637/4637 4641/4641 4635/4635
f 4637/4637 4642/4642 4641/4641
f 4639/4639 4642/4642 4637/4637
f 4641/4641 4630/4630 4628/4628
f 4641/4641 4643/4643 4630/4630
f 4642/4642 4643/4643 4641/4641
f 4643/4643 4491/4491 4630/4630
f 4644/4644 4634/4634 4624/4624
f 4644/4644 4645/4645 4634/4634
f 4646/4646 4645/4645 4644/4644
f 4646/4646 4647/4647 4645/4645
f 4648/4648 4647/4647 4646/4646
f 4648/4648 4649/4649 4647/4647
f 4650/4650 4649/4649 4648/4648
f 4645/4645 4636/4636 4634/4634
f 4645/4645 4651/4651 4636/4636
f 4647/4647 4651/4651 4645/4645
f 4647/4647 4652/4652 4651/4651
f 4649/4649 4652/4652 4647/4647
f 4651/4651 4638/4638 4636/4636
f 4651/4651 4653/4653 4638/4638
f 4652/4652 4653/4653 4651/4651
f 4653/4653 4640/4640 4638/4638
f 4654/4654 4614/4614 4616/4616
f 4654/4654 4655/4655 4614/4614
f 4656/4656 4655/4655 4654/4654
f 4656/4656 4657/4657 4655/4655
f 4658/4658 4657/4657 4656/4656
f 4658/4658 4625/4625 4657/4657
f 4624/4624 4625/4625 4658/4658
f 4655/4655 4611/4611 4614/4614
f 4655/4655 4659/4659 4611/4611
f 4657/4657 4659/4659 4655/4655
f 4657/4657 4631/4631 4659/4659
f 4625/4625 4631/4631 4657/4657
f 4659/4659 4607/4607 4611/4611
f 4659/4659 4633/4633 4607/4607
f 4631/4631 4633/4633 4659/4659
f 4633/4633 4452/4452 4607/4607
f 4660/4660 4654/4654 4616/4616
f 4660/4660 4661/4661 4654/4654
f 4662/4662 4661/4661 4660/4660
f 4662/4662 4663/4663 4661/4661
f 4664/4664 4663/4663 4662/4662
f 4664/4664 4665/4665 4663/4663
f 4666/4666 4665/4665 4664/4664
f 4661/4661 4656/4656 4654/4654
f 4661/4661 4667/4667 4656/4656
f 4663/4663 4667/4667 4661/4661
f 4663/4663 4668/4668 4667/4667
f 4665/4665 4668/4668 4663/4663
f 4667/4667 4658/4658 4656/4656
f 4667/4667 4669/4669 4658/4658
f 4668/4668 4669/4669 4667/4667
f 4669/4669 4624/4624 4658/4658
f 4671/4671 4670/4670 4509/4509
f 4671/4671 4672/4672 4670/4670
f 4673/4673 4672/4672 4671/4671
f 4673/4673 4674/4674 4672/4672
f 4675/4675 4674/4674 4673/4673
f 4675/4675 4676/4676 4674/4674
f 4677/4677 4676/4676 4675/4675
f 4672/4672 4678/4678 4670/4670
f 4672/4672 4679/4679 4678/4678
f 4674/4674 4679/4679 4672/4672
f 4674/4674 4680/4680 4679/4679
f 4676/4676 4680/4680 4674/4674
f 4679/4679 4681/4681 4678/4678
f 4679/4679 4682/4682 4681/4681
f 4680/4680 4682/4682 4679/4679
f 4682/4682 4683/4683 4681/4681
f 4510/4510 4671/4671 4509/4509
f 4510/4510 4684/4684 4671/4671
f 4518/4518 4684/4684 4510/4510
f 4518/4518 4685/4685 4684/4684
f 4521/4521 4685/4685 4518/4518
f 4521/4521 4686/4686 4685/4685
f 4523/4523 4686/4686 4521/4521
f 4684/4684 4673/4673 4671/4671
f 4684/4684 4687/4687 4673/4673
f 4685/4685 4687/4687 4684/4684
f 4685/4685 4688/4688 4687/4687
f 4686/4686 4688/4688 4685/4685
f 4687/4687 4675/4675 4673/4673
f 4687/4687 4689/4689 4675/4675
f 4688/4688 4689/4689 4687/4687
f 4689/4689 4677/4677 4675/4675
f 4691/4691 4690/4690 4683/4683
f 4691/4691 4692/4692 4690/4690
f 4693/4693 4692/4692 4691/4691
f 4693/4693 4694/4694 4692/4692
f 4695/4695 4694/4694 4693/4693
f 4695/4695 4696/4696 4694/4694
f 4697/4697 4696/4696 4695/4695
f 4692/4692 4698/4698 4690/4690
f 4692/4692 4699/4699 4698/4698
f 4694/4694 4699/4699 4692/4692
f 4694/4694 4700/4700 4699/4699
f 4696/4696 4700/4700 4694/4694
f 4699/4699 4701/4701 4698/4698
f 4699/4699 4702/4702 4701/4701
f 4700/4700 4702/4702 4699/4699
f 4702/4702 4703/4703 4701/4701
f 4682/4682 4691/4691 4683/4683
f 4682/4682 4704/4704 4691/4691
f 4680/4680 4704/4704 4682/4682
f 4680/4680 4705/4705 4704/4704
f 4676/4676 4705/4705 4680/4680
f 4676/4676 4706/4706 4705/4705
f 4677/4677 4706/4706 4676/4676
f 4704/4704 4693/4693 4691/4691
f 4704/4704 4707/4707 4693/4693
f 4705/4705 4707/4707 4704/4704
f 4705/4705 4708/4708 4707/4707
f 4706/4706 4708/4708 4705/4705
f 4707/4707 4695/4695 4693/4693
f 4707/4707 4709/4709 4695/4695
f 4708/4708 4709/4709 4707/4707
f 4709/4709 4697/4697 4695/4695
f 4550/4550 4710/4710 4543/4543
f 4550/4550 4711/4711 4710/4710
f 4556/4556 4711/4711 4550/4550
f 4556/4556 4712/4712 4711/4711
f 4558/4558 4712/4712 4556/4556
f 4558/4558 4713/4713 4712/4712
f 4509/4509 4713/4713 4558/4558
f 4711/4711 4714/4714 4710/4710
f 4711/4711 4715/4715 4714/4714
f 4712/4712 4715/4715 4711/4711
f 4712/4712 4716/4716 4715/4715
f 4713/4713 4716/4716 4712/4712
f 4715/4715 4717/4717 4714/4714
f 4715/4715 4718/4718 4717/4717
f 4716/4716 4718/4718 4715/4715
f 4718/4718 4719/4719 4717/4717
f 4718/4718 4720/4720 4719/4719
f 4718/4718 4721/4721 4720/4720
f 4716/4716 4721/4721 4718/4718
f 4716/4716 4722/4722 4721/4721
f 4723/4723 4722/4722 4716/4716
f 4723/4723 4670/4670 4722/4722
f 4509/4509 4670/4670 4723/4723
f 4721/4721 4724/4724 4720/4720
f 4721/4721 4725/4725 4724/4724
f 4722/4722 4725/4725 4721/4721
f 4722/4722 4678/4678 4725/4725
f 4670/4670 4678/4678 4722/4722
f 4725/4725 4726/4726 4724/4724
f 4725/4725 4681/4681 4726/4726
f 4678/4678 4681/4681 4725/4725
f 4681/4681 4683/4683 4726/4726
f 4585/4585 4727/4727 4584/4584
f 4585/4585 4728/4728 4727/4727
f 4588/4588 4728/4728 4585/4585
f 4588/4588 4729/4729 4728/4728
f 4590/4590 4729/4729 4588/4588
f 4590/4590 4730/4730 4729/4729
f 4543/4543 4730/4730 4590/4590
f 4728/4728 4731/4731 4727/4727
f 4728/4728 4732/4732 4731/4731
f 4729/4729 4732/4732 4728/4728
f 4729/4729 4733/4733 4732/4732
f 4730/4730 4733/4733 4729/4729
f 4732/4732 4734/4734 4731/4731
f 4732/4732 4735/4735 4734/4734
f 4733/4733 4735/4735 4732/4732
f 4735/4735 4736/4736 4734/4734
f 4735/4735 4737/4737 4736/4736
f 4735/4735 4738/4738 4737/4737
f 4733/4733 4738/4738 4735/4735
f 4733/4733 4739/4739 4738/4738
f 4730/4730 4739/4739 4733/4733
f 4730/4730 4710/4710 4739/4739
f 4543/4543 4710/4710 4730/4730
f 4738/4738 4740/4740 4737/4737
f 4738/4738 4741/4741 4740/4740
f 4739/4739 4741/4741 4738/4738
f 4739/4739 4742/4742 4741/4741
f 4710/4710 4742/4742 4739/4739
f 4741/4741 4743/4743 4740/4740
f 4741/4741 4717/4717 4743/4743
f 4742/4742 4717/4717 4741/4741
f 4717/4717 4719/4719 4743/4743
f 4601/4601 4744/4744 4600/4600
f 4601/4601 4745/4745 4744/4744
f 4604/4604 4745/4745 4601/4601
f 4604/4604 4746/4746 4745/4745
f 4606/4606 4746/4746 4604/4604
f 4606/4606 4747/4747 4746/4746
f 4584/4584 4747/4747 4606/4606
f 4745/4745 4748/4748 4744/4744
f 4745/4745 4749/4749 4748/4748
f 4746/4746 4749/4749 4745/4745
f 4746/4746 4750/4750 4749/4749
f 4747/4747 4750/4750 4746/4746
f 4749/4749 4751/4751 4748/4748
f 4749/4749 4752/4752 4751/4751
f 4750/4750 4752/4752 4749/4749
f 4752/4752 4753/4753 4751/4751
f 4752/4752 4754/4754 4753/4753
f 4752/4752 4755/4755 4754/4754
f 4750/4750 4755/4755 4752/4752
f 4750/4750 4756/4756 4755/4755
f 4747/4747 4756/4756 4750/4750
f 4747/4747 4727/4727 4756/4756
f 4584/4584 4727/4727 4747/4747
f 4755/4755 4757/4757 4754/4754
f 4755/4755 4758/4758 4757/4757
f 4756/4756 4758/4758 4755/4755
f 4756/4756 4731/4731 4758/4758
f 4727/4727 4731/4731 4756/4756
f 4758/4758 4759/4759 4757/4757
f 4758/4758 4734/4734 4759/4759
f 4731/4731 4734/4734 4758/4758
f 4734/4734 4736/4736 4759/4759
f 4617/4617 4760/4760 4616/4616
f 4617/4617 4761/4761 4760/4760
f 4620/4620 4761/4761 4617/4617
f 4620/4620 4762/4762 4761/4761
f 4623/4623 4762/4762 4620/4620
f 4623/4623 4763/4763 4762/4762
f 4600/4600 4763/4763 4623/4623
f 4761/4761 4764/4764 4760/4760
f 4761/4761 4765/4765 4764/4764
f 4762/4762 4765/4765 4761/4761
f 4762/4762 4766/4766 4765/4765
f 4763/4763 4766/4766 4762/4762
f 4765/4765 4767/4767 4764/4764
f 4765/4765 4768/4768 4767/4767
f 4766/4766 4768/4768 4765/4765
f 4768/4768 4769/4769 4767/4767
f 4768/4768 4770/4770 4769/4769
f 4768/4768 4771/4771 4770/4770
f 4766/4766 4771/4771 4768/4768
f 4766/4766 4772/4772 4771/4771
f 4763/4763 4772/4772 4766/4766
f 4763/4763 4744/4744 4772/4772
f 4600/4600 4744/4744 4763/4763
f 4771/4771 4773/4773 4770/4770
f 4771/4771 4774/4774 4773/4773
f 4772/4772 4774/4774 4771/4771
f 4772/4772 4748/4748 4774/4774
f 4744/4744 4748/4748 4772/4772
f 4774/4774 4775/4775 4773/4773
f 4774/4774 4751/4751 4775/4775
f 4748/4748 4751/4751 4774/4774
f 4751/4751 4753/4753 4775/4775
f 4778/4778 4777/4777 4776/4776
f 4778/4778 4779/4779 4777/4777
f 4780/4780 4779/4779 4778/4778
f 4780/4780 4781/4781 4779/4779
f 4782/4782 4781/4781 4780/4780
f 4782/4782 4664/4664 4781/4781
f 4666/4666 4664/4664 4782/4782
f 4779/4779 4783/4783 4777/4777
f 4779/4779 4784/4784 4783/4783
f 4781/4781 4784/4784 4779/4779
f 4781/4781 4662/4662 4784/4784
f 4664/4664 4662/4662 4781/4781
f 4784/4784 4785/4785 4783/4783
f 4784/4784 4660/4660 4785/4785
f 4662/4662 4660/4660 4784/4784
f 4660/4660 4616/4616 4785/4785
f 4786/4786 4767/4767 4769/4769
f 4786/4786 4787/4787 4767/4767
f 4788/4788 4787/4787 4786/4786
f 4788/4788 4789/4789 4787/4787
f 4790/4790 4789/4789 4788/4788
f 4790/4790 4777/4777 4789/4789
f 4776/4776 4777/4777 4790/4790
f 4787/4787 4764/4764 4767/4767
f 4787/4787 4791/4791 4764/4764
f 4789/4789 4791/4791 4787/4787
f 4789/4789 4783/4783 4791/4791
f 4777/4777 4783/4783 4789/4789
f 4791/4791 4760/4760 4764/4764
f 4791/4791 4785/4785 4760/4760
f 4783/4783 4785/4785 4791/4791
f 4785/4785 4616/4616 4760/4760
f 4792/4792 4786/4786 4769/4769
f 4792/4792 4793/4793 4786/4786
f 4794/4794 4793/4793 4792/4792
f 4794/4794 4795/4795 4793/4793
f 4796/4796 4795/4795 4794/4794
f 4796/4796 4797/4797 4795/4795
f 4798/4798 4797/4797 4796/4796
f 4793/4793 4788/4788 4786/4786
f 4793/4793 4799/4799 4788/4788
f 4795/4795 4799/4799 4793/4793
f 4795/4795 4800/4800 4799/4799
f 4797/4797 4800/4800 4795/4795
f 4799/4799 4790/4790 4788/4788
f 4799/4799 4801/4801 4790/4790
f 4800/4800 4801/4801 4799/4799
f 4801/4801 4776/4776 4790/4790
f 4803/4803 4802/4802 4683/4683
f 4803/4803 4804/4804 4802/4802
f 4805/4805 4804/4804 4803/4803
f 4805/4805 4806/4806 4804/4804
f 4807/4807 4806/4806 4805/4805
f 4807/4807 4808/4808 4806/4806
f 4809/4809 4808/4808 4807/4807
f 4804/4804 4810/4810 4802/4802
f 4804/4804 4811/4811 4810/4810
f 4806/4806 4811/4811 4804/4804
f 4806/4806 4812/4812 4811/4811
f 4808/4808 4812/4812 4806/4806
f 4811/4811 4813/4813 4810/4810
f 4811/4811 4814/4814 4813/4813
f 4812/4812 4814/4814 4811/4811
f 4814/4814 4815/4815 4813/4813
f 4816/4816 4803/4803 4683/4683
f 4816/4816 4817/4817 4803/4803
f 4818/4818 4817/4817 4816/4816
f 4818/4818 4819/4819 4817/4817
f 4820/4820 4819/4819 4818/4818
f 4820/4820 4821/4821 4819/4819
f 4822/4822 4821/4821 4820/4820
f 4817/4817 4805/4805 4803/4803
f 4817/4817 4823/4823 4805/4805
f 4819/4819 4823/4823 4817/4817
f 4819/4819 4824/4824 4823/4823
f 4821/4821 4824/4824 4819/4819
f 4823/4823 4807/4807 4805/4805
f 4823/4823 4825/4825 4807/4807
f 4824/4824 4825/4825 4823/4823
f 4825/4825 4809/4809 4807/4807
f 4690/4690 4816/4816 4683/4683
f 4690/4690 4826/4826 4816/4816
f 4698/4698 4826/4826 4690/4690
f 4698/4698 4827/4827 4826/4826
f 4701/4701 4827/4827 4698/4698
f 4701/4701 4828/4828 4827/4827
f 4703/4703 4828/4828 4701/4701
f 4826/4826 4818/4818 4816/4816
f 4826/4826 4829/4829 4818/4818
f 4827/4827 4829/4829 4826/4826
f 4827/4827 4830/4830 4829/4829
f 4828/4828 4830/4830 4827/4827
f 4829/4829 4820/4820 4818/4818
f 4829/4829 4831/4831 4820/4820
f 4830/4830 4831/4831 4829/4829
f 4831/4831 4822/4822 4820/4820
f 4832/4832 4808/4808 4809/4809
f 4832/4832 4833/4833 4808/4808
f 4834/4834 4833/4833 4832/4832
f 4834/4834 4835/4835 4833/4833
f 4836/4836 4835/4835 4834/4834
f 4836/4836 4837/4837 4835/4835
f 4838/4838 4837/4837 4836/4836
f 4833/4833 4812/4812 4808/4808
f 4833/4833 4839/4839 4812/4812
f 4835/4835 4839/4839 4833/4833
f 4835/4835 4840/4840 4839/4839
f 4837/4837 4840/4840 4835/4835
f 4839/4839 4814/4814 4812/4812
f 4839/4839 4841/4841 4814/4814
f 4840/4840 4841/4841 4839/4839
f 4841/4841 4815/4815 4814/4814
f 4720/4720 4842/4842 4719/4719
f 4720/4720 4843/4843 4842/4842
f 4724/4724 4843/4843 4720/4720
f 4724/4724 4844/4844 4843/4843
f 4726/4726 4844/4844 4724/4724
f 4726/4726 4845/4845 4844/4844
f 4683/4683 4845/4845 4726/4726
f 4843/4843 4846/4846 4842/4842
f 4843/4843 4847/4847 4846/4846
f 4844/4844 4847/4847 4843/4843
f 4844/4844 4848/4848 4847/4847
f 4845/4845 4848/4848 4844/4844
f 4847/4847 4849/4849 4846/4846
f 4847/4847 4850/4850 4849/4849
f 4848/4848 4850/4850 4847/4847
f 4850/4850 4851/4851 4849/4849
f 4850/4850 4852/4852 4851/4851
f 4850/4850 4853/4853 4852/4852
f 4848/4848 4853/4853 4850/4850
f 4848/4848 4854/4854 4853/4853
f 4845/4845 4854/4854 4848/4848
f 4845/4845 4802/4802 4854/4854
f 4683/4683 4802/4802 4845/4845
f 4853/4853 4855/4855 4852/4852
f 4853/4853 4856/4856 4855/4855
f 4854/4854 4856/4856 4853/4853
f 4854/4854 4810/4810 4856/4856
f 4802/4802 4810/4810 4854/4854
f 4856/4856 4857/4857 4855/4855
f 4856/4856 4813/4813 4857/4857
f 4810/4810 4813/4813 4856/4856
f 4813/4813 4815/4815 4857/4857
f 4737/4737 4858/4858 4736/4736
f 4737/4737 4859/4859 4858/4858
f 4740/4740 4859/4859 4737/4737
f 4740/4740 4860/4860 4859/4859
f 4743/4743 4860/4860 4740/4740
f 4743/4743 4861/4861 4860/4860
f 4719/4719 4861/4861 4743/4743
f 4859/4859 4862/4862 4858/4858
f 4859/4859 4863/4863 4862/4862
f 4860/4860 4863/4863 4859/4859
f 4860/4860 4864/4864 4863/4863
f 4861/4861 4864/4864 4860/4860
f 4863/4863 4865/4865 4862/4862
f 4863/4863 4866/4866 4865/4865
f 4864/4864 4866/4866 4863/4863
f 4866/4866 4867/4867 4865/4865
f 4866/4866 4868/4868 4867/4867
f 4866/4866 4869/4869 4868/4868
f 4864/4864 4869/4869 4866/4866
f 4864/4864 4870/4870 4869/4869
f 4861/4861 4870/4870 4864/4864
f 4861/4861 4842/4842 4870/4870
f 4719/4719 4842/4842 4861/4861
f 4869/4869 4871/4871 4868/4868
f 4869/4869 4872/4872 4871/4871
f 4870/4870 4872/4872 4869/4869
f 4870/4870 4846/4846 4872/4872
f 4842/4842 4846/4846 4870/4870
f 4872/4872 4873/4873 4871/4871
f 4872/4872 4849/4849 4873/4873
f 4846/4846 4849/4849 4872/4872
f 4849/4849 4851/4851 4873/4873
f 4754/4754 4874/4874 4753/4753
f 4754/4754 4875/4875 4874/4874
f 4757/4757 4875/4875 4754/4754
f 4757/4757 4876/4876 4875/4875
f 4759/4759 4876/4876 4757/4757
f 4759/4759 4877/4877 4876/4876
f 4736/4736 4877/4877 4759/4759
f 4875/4875 4878/4878 4874/4874
f 4875/4875 4879/4879 4878/4878
f 4876/4876 4879/4879 4875/4875
f 4876/4876 4880/4880 4879/4879
f 4877/4877 4880/4880 4876/4876
f 4879/4879 4881/4881 4878/4878
f 4879/4879 4882/4882 4881/4881
f 4880/4880 4882/4882 4879/4879
f 4882/4882 4883/4883 4881/4881
f 4882/4882 4884/4884 4883/4883
f 4882/4882 4885/4885 4884/4884
f 4880/4880 4885/4885 4882/4882
f 4880/4880 4886/4886 4885/4885
f 4877/4877 4886/4886 4880/4880
f 4877/4877 4858/4858 4886/4886
f 4736/4736 4858/4858 4877/4877
f 4885/4885 4887/4887 4884/4884
f 4885/4885 4888/4888 4887/4887
f 4886/4886 4888/4888 4885/4885
f 4886/4886 4862/4862 4888/4888
f 4858/4858 4862/4862 4886/4886
f 4888/4888 4889/4889 4887/4887
f 4888/4888 4865/4865 4889/4889
f 4862/4862 4865/4865 4888/4888
f 4865/4865 4867/4867 4889/4889
f 4770/4770 4890/4890 4769/4769
f 4770/4770 4891/4891 4890/4890
f 4892/4892 4891/4891 4770/4770
f 4892/4892 4893/4893 4891/4891
f 4775/4775 4893/4893 4892/4892
f 4775/4775 4894/4894 4893/4893
f 4753/4753 4894/4894 4775/4775
f 4891/4891 4895/4895 4890/4890
f 4891/4891 4896/4896 4895/4895
f 4893/4893 4896/4896 4891/4891
f 4893/4893 4897/4897 4896/4896
f 4894/4894 4897/4897 4893/4893
f 4896/4896 4898/4898 4895/4895
f 4896/4896 4899/4899 4898/4898
f 4897/4897 4899/4899 4896/4896
f 4899/4899 4900/4900 4898/4898
f 4899/4899 4901/4901 4900/4900
f 4899/4899 4902/4902 4901/4901
f 4897/4897 4902/4902 4899/4899
f 4897/4897 4903/4903 4902/4902
f 4894/4894 4903/4903 4897/4897
f 4894/4894 4874/4874 4903/4903
f 4753/4753 4874/4874 4894/4894
f 4902/4902 4904/4904 4901/4901
f 4902/4902 4905/4905 4904/4904
f 4903/4903 4905/4905 4902/4902
f 4903/4903 4878/4878 4905/4905
f 4874/4874 4878/4878 4903/4903
f 4905/4905 4906/4906 4904/4904
f 4905/4905 4881/4881 4906/4906
f 4878/4878 4881/4881 4905/4905
f 4881/4881 4883/4883 4906/4906
f 4909/4909 4908/4908 4907/4907
f 4909/4909 4910/4910 4908/4908
f 4911/4911 4910/4910 4909/4909
f 4911/4911 4912/4912 4910/4910
f 4913/4913 4912/4912 4911/4911
f 4913/4913 4796/4796 4912/4912
f 4798/4798 4796/4796 4913/4913
f 4910/4910 4914/4914 4908/4908
f 4910/4910 4915/4915 4914/4914
f 4912/4912 4915/4915 4910/4910
f 4912/4912 4794/4794 4915/4915
f 4796/4796 4794/4794 4912/4912
f 4915/4915 4916/4916 4914/4914
f 4915/4915 4792/4792 4916/4916
f 4794/4794 4792/4792 4915/4915
f 4792/4792 4769/4769 4916/4916
f 4917/4917 4898/4898 4900/4900
f 4917/4917 4918/4918 4898/4898
f 4919/4919 4918/4918 4917/4917
f 4919/4919 4920/4920 4918/4918
f 4921/4921 4920/4920 4919/4919
f 4921/4921 4908/4908 4920/4920
f 4907/4907 4908/4908 4921/4921
f 4918/4918 4895/4895 4898/4898
f 4918/4918 4922/4922 4895/4895
f 4920/4920 4922/4922 4918/4918
f 4920/4920 4914/4914 4922/4922
f 4908/4908 4914/4914 4920/4920
f 4922/4922 4890/4890 4895/4895
f 4922/4922 4916/4916 4890/4890
f 4914/4914 4916/4916 4922/4922
f 4916/4916 4769/4769 4890/4890
f 4923/4923 4917/4917 4900/4900
f 4923/4923 4924/4924 4917/4917
f 4925/4925 4924/4924 4923/4923
f 4925/4925 4926/4926 4924/4924
f 4927/4927 4926/4926 4925/4925
f 4927/4927 4928/4928 4926/4926
f 4929/4929 4928/4928 4927/4927
f 4924/4924 4919/4919 4917/4917
f 4924/4924 4930/4930 4919/4919
f 4926/4926 4930/4930 4924/4924
f 4926/4926 4931/4931 4930/4930
f 4928/4928 4931/4931 4926/4926
f 4930/4930 4921/4921 4919/4919
f 4930/4930 4932/4932 4921/4921
f 4931/4931 4932/4932 4930/4930
f 4932/4932 4907/4907 4921/4921
f 4933/4933 4923/4923 4900/4900
f 4933/4933 4934/4934 4923/4923
f 4935/4935 4934/4934 4933/4933
f 4935/4935 4936/4936 4934/4934
f 4937/4937 4936/4936 4935/4935
f 4937/4937 4938/4938 4936/4936
f 4939/4939 4938/4938 4937/4937
f 4934/4934 4925/4925 4923/4923
f 4934/4934 4940/4940 4925/4925
f 4936/4936 4940/4940 4934/4934
f 4936/4936 4941/4941 4940/4940
f 4938/4938 4941/4941 4936/4936
f 4940/4940 4927/4927 4925/4925
f 4940/4940 4942/4942 4927/4927
f 4941/4941 4942/4942 4940/4940
f 4942/4942 4929/4929 4927/4927
f 4943/4943 4933/4933 4900/4900
f 4943/4943 4944/4944 4933/4933
f 4945/4945 4944/4944 4943/4943
f 4945/4945 4946/4946 4944/4944
f 4947/4947 4946/4946 4945/4945
f 4947/4947 4948/4948 4946/4946
f 4949/4949 4948/4948 4947/4947
f 4944/4944 4935/4935 4933/4933
f 4944/4944 4950/4950 4935/4935
f 4946/4946 4950/4950 4944/4944
f 4946/4946 4951/4951 4950/4950
f 4948/4948 4951/4951 4946/4946
f 4950/4950 4937/4937 4935/4935
f 4950/4950 4952/4952 4937/4937
f 4951/4951 4952/4952 4950/4950
f 4952/4952 4939/4939 4937/4937
f 4955/4955 4954/4954 4953/4953
f 4955/4955 4956/4956 4954/4954
f 4957/4957 4956/4956 4955/4955
f 4957/4957 4958/4958 4956/4956
f 4959/4959 4958/4958 4957/4957
f 4959/4959 4960/4960 4958/4958
f 4961/4961 4960/4960 4959/4959
f 4956/4956 4962/4962 4954/4954
f 4956/4956 4963/4963 4962/4962
f 4958/4958 4963/4963 4956/4956
f 4958/4958 4964/4964 4963/4963
f 4960/4960 4964/4964 4958/4958
f 4963/4963 4965/4965 4962/4962
f 4963/4963 4966/4966 4965/4965
f 4964/4964 4966/4966 4963/4963
f 4966/4966 4967/4967 4965/4965
f 4968/4968 4960/4960 4961/4961
f 4968/4968 4969/4969 4960/4960
f 4970/4970 4969/4969 4968/4968
f 4970/4970 4971/4971 4969/4969
f 4972/4972 4971/4971 4970/4970
f 4972/4972 4973/4973 4971/4971
f 4974/4974 4973/4973 4972/4972
f 4969/4969 4964/4964 4960/4960
f 4969/4969 4975/4975 4964/4964
f 4971/4971 4975/4975 4969/4969
f 4971/4971 4976/4976 4975/4975
f 4973/4973 4976/4976 4971/4971
f 4975/4975 4966/4966 4964/4964
f 4975/4975 4977/4977 4966/4966
f 4976/4976 4977/4977 4975/4975
f 4977/4977 4967/4967 4966/4966
f 4979/4979 4978/4978 4815/4815
f 4979/4979 4980/4980 4978/4978
f 4981/4981 4980/4980 4979/4979
f 4981/4981 4982/4982 4980/4980
f 4983/4983 4982/4982 4981/4981
f 4983/4983 4984/4984 4982/4982
f 4985/4985 4984/4984 4983/4983
f 4980/4980 4986/4986 4978/4978
f 4980/4980 4987/4987 4986/4986
f 4982/4982 4987/4987 4980/4980
f 4982/4982 4988/4988 4987/4987
f 4984/4984 4988/4988 4982/4982
f 4987/4987 4989/4989 4986/4986
f 4987/4987 4990/4990 4989/4989
f 4988/4988 4990/4990 4987/4987
f 4990/4990 4991/4991 4989/4989
f 4841/4841 4979/4979 4815/4815
f 4841/4841 4992/4992 4979/4979
f 4840/4840 4992/4992 4841/4841
f 4840/4840 4993/4993 4992/4992
f 4837/4837 4993/4993 4840/4840
f 4837/4837 4994/4994 4993/4993
f 4838/4838 4994/4994 4837/4837
f 4992/4992 4981/4981 4979/4979
f 4992/4992 4995/4995 4981/4981
f 4993/4993 4995/4995 4992/4992
f 4993/4993 4996/4996 4995/4995
f 4994/4994 4996/4996 4993/4993
f 4995/4995 4983/4983 4981/4981
f 4995/4995 4997/4997 4983/4983
f 4996/4996 4997/4997 4995/4995
f 4997/4997 4985/4985 4983/4983
f 4999/4999 4998/4998 4991/4991
f 4999/4999 5000/5000 4998/4998
f 5001/5001 5000/5000 4999/4999
f 5001/5001 5002/5002 5000/5000
f 5003/5003 5002/5002 5001/5001
f 5003/5003 4954/4954 5002/5002
f 4953/4953 4954/4954 5003/5003
f 5000/5000 5004/5004 4998/4998
f 5000/5000 5005/5005 5004/5004
f 5002/5002 5005/5005 5000/5000
f 5002/5002 4962/4962 5005/5005
f 4954/4954 4962/4962 5002/5002
f 5005/5005 5006/5006 5004/5004
f 5005/5005 4965/4965 5006/5006
f 4962/4962 4965/4965 5005/5005
f 4965/4965 4967/4967 5006/5006
f 5007/5007 4999/4999 4991/4991
f 5007/5007 5008/5008 4999/4999
f 5009/5009 5008/5008 5007/5007
f 5009/5009 5010/5010 5008/5008
f 5011/5011 5010/5010 5009/5009
f 5011/5011 5012/5012 5010/5010
f 5013/5013 5012/5012 5011/5011
f 5008/5008 5001/5001 4999/4999
f 5008/5008 5014/5014 5001/5001
f 5010/5010 5014/5014 5008/5008
f 5010/5010 5015/5015 5014/5014
f 5012/5012 5015/5015 5010/5010
f 5014/5014 5003/5003 5001/5001
f 5014/5014 5016/5016 5003/5003
f 5015/5015 5016/5016 5014/5014
f 5016/5016 4953/4953 5003/5003
f 4990/4990 5007/5007 4991/4991
f 4990/4990 5017/5017 5007/5007
f 4988/4988 5017/5017 4990/4990
f 4988/4988 5018/5018 5017/5017
f 4984/4984 5018/5018 4988/4988
f 4984/4984 5019/5019 5018/5018
f 4985/4985 5019/5019 4984/4984
f 5017/5017 5009/5009 5007/5007
f 5017/5017 5020/5020 5009/5009
f 5018/5018 5020/5020 5017/5017
f 5018/5018 5021/5021 5020/5020
f 5019/5019 5021/5021 5018/5018
f 5020/5020 5011/5011 5009/5009
f 5020/5020 5022/5022 5011/5011
f 5021/5021 5022/5022 5020/5020
f 5022/5022 5013/5013 5011/5011
f 4852/4852 5023/5023 4851/4851
f 4852/4852 5024/5024 5023/5023
f 4855/4855 5024/5024 4852/4852
f 4855/4855 5025/5025 5024/5024
f 4857/4857 5025/5025 4855/4855
f 4857/4857 5026/5026 5025/5025
f 4815/4815 5026/5026 4857/4857
f 5024/5024 5027/5027 5023/5023
f 5024/5024 5028/5028 5027/5027
f 5025/5025 5028/5028 5024/5024
f 5025/5025 5029/5029 5028/5028
f 5026/5026 5029/5029 5025/5025
f 5028/5028 5030/5030 5027/5027
f 5028/5028 5031/5031 5030/5030
f 5029/5029 5031/5031 5028/5028
f 5031/5031 5032/5032 5030/5030
f 5031/5031 5033/5033 5032/5032
f 5031/5031 5034/5034 5033/5033
f 5029/5029 5034/5034 5031/5031
f 5029/5029 5035/5035 5034/5034
f 5026/5026 5035/5035 5029/5029
f 5026/5026 4978/4978 5035/5035
f 4815/4815 4978/4978 5026/5026
f 5034/5034 5036/5036 5033/5033
f 5034/5034 5037/5037 5036/5036
f 5035/5035 5037/5037 5034/5034
f 5035/5035 4986/4986 5037/5037
f 4978/4978 4986/4986 5035/5035
f 5037/5037 5038/5038 5036/5036
f 5037/5037 4989/4989 5038/5038
f 4986/4986 4989/4989 5037/5037
f 4989/4989 4991/4991 5038/5038
f 4868/4868 5039/5039 4867/4867
f 4868/4868 5040/5040 5039/5039
f 4871/4871 5040/5040 4868/4868
f 4871/4871 5041/5041 5040/5040
f 4873/4873 5041/5041 4871/4871
f 4873/4873 5042/5042 5041/5041
f 4851/4851 5042/5042 4873/4873
f 5040/5040 5043/5043 5039/5039
f 5040/5040 5044/5044 5043/5043
f 5041/5041 5044/5044 5040/5040
f 5041/5041 5045/5045 5044/5044
f 5042/5042 5045/5045 5041/5041
f 5044/5044 5046/5046 5043/5043
f 5044/5044 5047/5047 5046/5046
f 5045/5045 5047/5047 5044/5044
f 5047/5047 5048/5048 5046/5046
f 5047/5047 5049/5049 5048/5048
f 5047/5047 5050/5050 5049/5049
f 5045/5045 5050/5050 5047/5047
f 5045/5045 5051/5051 5050/5050
f 5042/5042 5051/5051 5045/5045
f 5042/5042 5023/5023 5051/5051
f 4851/4851 5023/5023 5042/5042
f 5050/5050 5052/5052 5049/5049
f 5050/5050 5053/5053 5052/5052
f 5051/5051 5053/5053 5050/5050
f 5051/5051 5027/5027 5053/5053
f 5023/5023 5027/5027 5051/5051
f 5053/5053 5054/5054 5052/5052
f 5053/5053 5055/5055 5054/5054
f 5027/5027 5055/5055 5053/5053
f 5055/5055 5032/5032 5054/5054
f 4884/4884 5056/5056 4883/4883
f 4884/4884 5057/5057 5056/5056
f 4887/4887 5057/5057 4884/4884
f 4887/4887 5058/5058 5057/5057
f 4889/4889 5058/5058 4887/4887
f 4889/4889 5059/5059 5058/5058
f 4867/4867 5059/5059 4889/4889
f 5057/5057 5060/5060 5056/5056
f 5057/5057 5061/5061 5060/5060
f 5058/5058 5061/5061 5057/5057
f 5058/5058 5062/5062 5061/5061
f 5059/5059 5062/5062 5058/5058
f 5061/5061 5063/5063 5060/5060
f 5061/5061 5064/5064 5063/5063
f 5062/5062 5064/5064 5061/5061
f 5064/5064 5065/5065 5063/5063
f 5064/5064 5066/5066 5065/5065
f 5064/5064 5067/5067 5066/5066
f 5062/5062 5067/5067 5064/5064
f 5062/5062 5068/5068 5067/5067
f 5059/5059 5068/5068 5062/5062
f 5059/5059 5039/5039 5068/5068
f 4867/4867 5039/5039 5059/5059
f 5067/5067 5069/5069 5066/5066
f 5067/5067 5070/5070 5069/5069
f 5068/5068 5070/5070 5067/5067
f 5068/5068 5071/5071 5070/5070
f 5039/5039 5071/5071 5068/5068
f 5070/5070 5072/5072 5069/5069
f 5070/5070 5046/5046 5072/5072
f 5071/5071 5046/5046 5070/5070
f 5046/5046 5048/5048 5072/5072
f 4901/4901 5073/5073 4900/4900
f 4901/4901 5074/5074 5073/5073
f 4904/4904 5074/5074 4901/4901
f 4904/4904 5075/5075 5074/5074
f 4906/4906 5075/5075 4904/4904
f 4906/4906 5076/5076 5075/5075
f 4883/4883 5076/5076 4906/4906
f 5074/5074 5077/5077 5073/5073
f 5074/5074 5078/5078 5077/5077
f 5075/5075 5078/5078 5074/5074
f 5075/5075 5079/5079 5078/5078
f 5076/5076 5079/5079 5075/5075
f 5078/5078 5080/5080 5077/5077
f 5078/5078 5081/5081 5080/5080
f 5079/5079 5081/5081 5078/5078
f 5081/5081 5082/5082 5080/5080
f 5081/5081 5083/5083 5082/5082
f 5081/5081 5084/5084 5083/5083
f 5079/5079 5084/5084 5081/5081
f 5079/5079 5085/5085 5084/5084
f 5076/5076 5085/5085 5079/5079
f 5076/5076 5056/5056 5085/5085
f 4883/4883 5056/5056 5076/5076
f 5084/5084 5086/5086 5083/5083
f 5084/5084 5087/5087 5086/5086
f 5085/5085 5087/5087 5084/5084
f 5085/5085 5060/5060 5087/5087
f 5056/5056 5060/5060 5085/5085
f 5087/5087 5088/5088 5086/5086
f 5087/5087 5063/5063 5088/5088
f 5060/5060 5063/5063 5087/5087
f 5063/5063 5065/5065 5088/5088
f 5091/5091 5090/5090 5089/5089
f 5091/5091 5092/5092 5090/5090
f 5093/5093 5092/5092 5091/5091
f 5093/5093 5094/5094 5092/5092
f 5095/5095 5094/5094 5093/5093
f 5095/5095 4947/4947 5094/5094
f 4949/4949 4947/4947 5095/5095
f 5092/5092 5096/5096 5090/5090
f 5092/5092 5097/5097 5096/5096
f 5094/5094 5097/5097 5092/5092
f 5094/5094 4945/4945 5097/5097
f 4947/4947 4945/4945 5094/5094
f 5097/5097 5098/5098 5096/5096
f 5097/5097 4943/4943 5098/5098
f 4945/4945 4943/4943 5097/5097
f 4943/4943 4900/4900 5098/5098
f 5099/5099 5080/5080 5082/5082
f 5099/5099 5100/5100 5080/5080
f 5101/5101 5100/5100 5099/5099
f 5101/5101 5102/5102 5100/5100
f 5103/5103 5102/5102 5101/5101
f 5103/5103 5090/5090 5102/5102
f 5089/5089 5090/5090 5103/5103
f 5100/5100 5077/5077 5080/5080
f 5100/5100 5104/5104 5077/5077
f 5102/5102 5104/5104 5100/5100
f 5102/5102 5096/5096 5104/5104
f 5090/5090 5096/5096 5102/5102
f 5104/5104 5105/5105 5077/5077
f 5104/5104 5098/5098 5105/5105
f 5096/5096 5098/5098 5104/5104
f 5098/5098 4900/4900 5105/5105
f 5106/5106 5099/5099 5082/5082
f 5106/5106 5107/5107 5099/5099
f 5108/5108 5107/5107 5106/5106
f 5108/5108 5109/5109 5107/5107
f 5110/5110 5109/5109 5108/5108
f 5110/5110 5111/5111 5109/5109
f 5112/5112 5111/5111 5110/5110
f 5107/5107 5101/5101 5099/5099
f 5107/5107 5113/5113 5101/5101
f 5109/5109 5113/5113 5107/5107
f 5109/5109 5114/5114 5113/5113
f 5111/5111 5114/5114 5109/5109
f 5113/5113 5103/5103 5101/5101
f 5113/5113 5115/5115 5103/5103
f 5114/5114 5115/5115 5113/5113
f 5115/5115 5089/5089 5103/5103
f 5116/5116 5106/5106 5082/5082
f 5116/5116 5117/5117 5106/5106
f 5118/5118 5117/5117 5116/5116
f 5118/5118 5119/5119 5117/5117
f 5120/5120 5119/5119 5118/5118
f 5120/5120 5121/5121 5119/5119
f 5122/5122 5121/5121 5120/5120
f 5117/5117 5108/5108 5106/5106
f 5117/5117 5123/5123 5108/5108
f 5119/5119 5123/5123 5117/5117
f 5119/5119 5124/5124 5123/5123
f 5121/5121 5124/5124 5119/5119
f 5123/5123 5110/5110 5108/5108
f 5123/5123 5125/5125 5110/5110
f 5124/5124 5125/5125 5123/5123
f 5125/5125 5112/5112 5110/5110
f 5127/5127 5126/5126 4967/4967
f 5127/5127 5128/5128 5126/5126
f 5129/5129 5128/5128 5127/5127
f 5129/5129 5130/5130 5128/5128
f 5131/5131 5130/5130 5129/5129
f 5131/5131 5132/5132 5130/5130
f 5133/5133 5132/5132 5131/5131
f 5128/5128 5134/5134 5126/5126
f 5128/5128 5135/5135 5134/5134
f 5130/5130 5135/5135 5128/5128
f 5130/5130 5136/5136 5135/5135
f 5132/5132 5136/5136 5130/5130
f 5135/5135 5137/5137 5134/5134
f 5135/5135 5138/5138 5137/5137
f 5136/5136 5138/5138 5135/5135
f 5138/5138 5139/5139 5137/5137
f 5140/5140 5127/5127 4967/4967
f 5140/5140 5141/5141 5127/5127
f 5142/5142 5141/5141 5140/5140
f 5142/5142 5143/5143 5141/5141
f 5144/5144 5143/5143 5142/5142
f 5144/5144 5145/5145 5143/5143
f 5146/5146 5145/5145 5144/5144
f 5141/5141 5129/5129 5127/5127
f 5141/5141 5147/5147 5129/5129
f 5143/5143 5147/5147 5141/5141
f 5143/5143 5148/5148 5147/5147
f 5145/5145 5148/5148 5143/5143
f 5147/5147 5131/5131 5129/5129
f 5147/5147 5149/5149 5131/5131
f 5148/5148 5149/5149 5147/5147
f 5149/5149 5133/5133 5131/5131
f 4977/4977 5140/5140 4967/4967
f 4977/4977 5150/5150 5140/5140
f 4976/4976 5150/5150 4977/4977
f 4976/4976 5151/5151 5150/5150
f 4973/4973 5151/5151 4976/4976
f 4973/4973 5152/5152 5151/5151
f 4974/4974 5152/5152 4973/4973
f 5150/5150 5142/5142 5140/5140
f 5150/5150 5153/5153 5142/5142
f 5151/5151 5153/5153 5150/5150
f 5151/5151 5154/5154 5153/5153
f 5152/5152 5154/5154 5151/5151
f 5153/5153 5144/5144 5142/5142
f 5153/5153 5155/5155 5144/5144
f 5154/5154 5155/5155 5153/5153
f 5155/5155 5146/5146 5144/5144
f 5156/5156 5132/5132 5133/5133
f 5156/5156 5157/5157 5132/5132
f 5158/5158 5157/5157 5156/5156
f 5158/5158 5159/5159 5157/5157
f 5160/5160 5159/5159 5158/5158
f 5160/5160 5161/5161 5159/5159
f 5162/5162 5161/5161 5160/5160
f 5157/5157 5136/5136 5132/5132
f 5157/5157 5163/5163 5136/5136
f 5159/5159 5163/5163 5157/5157
f 5159/5159 5164/5164 5163/5163
f 5161/5161 5164/5164 5159/5159
f 5163/5163 5138/5138 5136/5136
f 5163/5163 5165/5165 5138/5138
f 5164/5164 5165/5165 5163/5163
f 5165/5165 5139/5139 5138/5138
f 4998/4998 5166/5166 4991/4991
f 4998/4998 5167/5167 5166/5166
f 5004/5004 5167/5167 4998/4998
f 5004/5004 5168/5168 5167/5167
f 5006/5006 5168/5168 5004/5004
f 5006/5006 5169/5169 5168/5168
f 4967/4967 5169/5169 5006/5006
f 5167/5167 5170/5170 5166/5166
f 5167/5167 5171/5171 5170/5170
f 5168/5168 5171/5171 5167/5167
f 5168/5168 5172/5172 5171/5171
f 5169/5169 5172/5172 5168/5168
f 5171/5171 5173/5173 5170/5170
f 5171/5171 5174/5174 5173/5173
f 5172/5172 5174/5174 5171/5171
f 5174/5174 5175/5175 5173/5173
f 5174/5174 5176/5176 5175/5175
f 5174/5174 5177/5177 5176/5176
f 5172/5172 5177/5177 5174/5174
f 5172/5172 5178/5178 5177/5177
f 5169/5169 5178/5178 5172/5172
f 5169/5169 5126/5126 5178/5178
f 4967/4967 5126/5126 5169/5169
f 5177/5177 5179/5179 5176/5176
f 5177/5177 5180/5180 5179/5179
f 5178/5178 5180/5180 5177/5177
f 5178/5178 5134/5134 5180/5180
f 5126/5126 5134/5134 5178/5178
f 5180/5180 5181/5181 5179/5179
f 5180/5180 5137/5137 5181/5181
f 5134/5134 5137/5137 5180/5180
f 5137/5137 5139/5139 5181/5181
f 5033/5033 5182/5182 5032/5032
f 5033/5033 5183/5183 5182/5182
f 5036/5036 5183/5183 5033/5033
f 5036/5036 5184/5184 5183/5183
f 5038/5038 5184/5184 5036/5036
f 5038/5038 5185/5185 5184/5184
f 4991/4991 5185/5185 5038/5038
f 5183/5183 5186/5186 5182/5182
f 5183/5183 5187/5187 5186/5186
f 5184/5184 5187/5187 5183/5183
f 5184/5184 5188/5188 5187/5187
f 5185/5185 5188/5188 5184/5184
f 5187/5187 5189/5189 5186/5186
f 5187/5187 5190/5190 5189/5189
f 5188/5188 5190/5190 5187/5187
f 5190/5190 5191/5191 5189/5189
f 5190/5190 5192/5192 5191/5191
f 5190/5190 5193/5193 5192/5192
f 5188/5188 5193/5193 5190/5190
f 5188/5188 5194/5194 5193/5193
f 5185/5185 5194/5194 5188/5188
f 5185/5185 5166/5166 5194/5194
f 4991/4991 5166/5166 5185/5185
f 5193/5193 5195/5195 5192/5192
f 5193/5193 5196/5196 5195/5195
f 5194/5194 5196/5196 5193/5193
f 5194/5194 5170/5170 5196/5196
f 5166/5166 5170/5170 5194/5194
f 5196/5196 5197/5197 5195/5195
f 5196/5196 5173/5173 5197/5197
f 5170/5170 5173/5173 5196/5196
f 5173/5173 5175/5175 5197/5197
f 5049/5049 5198/5198 5048/5048
f 5049/5049 5199/5199 5198/5198
f 5052/5052 5199/5199 5049/5049
f 5052/5052 5200/5200 5199/5199
f 5054/5054 5200/5200 5052/5052
f 5054/5054 5201/5201 5200/5200
f 5032/5032 5201/5201 5054/5054
f 5199/5199 5202/5202 5198/5198
f 5199/5199 5203/5203 5202/5202
f 5200/5200 5203/5203 5199/5199
f 5200/5200 5204/5204 5203/5203
f 5201/5201 5204/5204 5200/5200
f 5203/5203 5205/5205 5202/5202
f 5203/5203 5206/5206 5205/5205
f 5204/5204 5206/5206 5203/5203
f 5206/5206 5207/5207 5205/5205
f 5206/5206 5208/5208 5207/5207
f 5206/5206 5209/5209 5208/5208
f 5204/5204 5209/5209 5206/5206
f 5204/5204 5210/5210 5209/5209
f 5201/5201 5210/5210 5204/5204
f 5201/5201 5182/5182 5210/5210
f 5032/5032 5182/5182 5201/5201
f 5209/5209 5211/5211 5208/5208
f 5209/5209 5212/5212 5211/5211
f 5210/5210 5212/5212 5209/5209
f 5210/5210 5186/5186 5212/5212
f 5182/5182 5186/5186 5210/5210
f 5212/5212 5213/5213 5211/5211
f 5212/5212 5189/5189 5213/5213
f 5186/5186 5189/5189 5212/5212
f 5189/5189 5191/5191 5213/5213
f 5066/5066 5214/5214 5065/5065
f 5066/5066 5215/5215 5214/5214
f 5069/5069 5215/5215 5066/5066
f 5069/5069 5216/5216 5215/5215
f 5072/5072 5216/5216 5069/5069
f 5072/5072 5217/5217 5216/5216
f 5048/5048 5217/5217 5072/5072
f 5215/5215 5218/5218 5214/5214
f 5215/5215 5219/5219 5218/5218
f 5216/5216 5219/5219 5215/5215
f 5216/5216 5220/5220 5219/5219
f 5217/5217 5220/5220 5216/5216
f 5219/5219 5221/5221 5218/5218
f 5219/5219 5222/5222 5221/5221
f 5220/5220 5222/5222 5219/5219
f 5222/5222 5223/5223 5221/5221
f 5222/5222 5224/5224 5223/5223
f 5222/5222 5225/5225 5224/5224
f 5226/5226 5225/5225 5222/5222
f 5226/5226 5227/5227 5225/5225
f 5217/5217 5227/5227 5226/5226
f 5217/5217 5228/5228 5227/5227
f 5048/5048 5228/5228 5217/5217
f 5225/5225 5229/5229 5224/5224
f 5225/5225 5230/5230 5229/5229
f 5227/5227 5230/5230 5225/5225
f 5227/5227 5202/5202 5230/5230
f 5228/5228 5202/5202 5227/5227
f 5230/5230 5231/5231 5229/5229
f 5230/5230 5205/5205 5231/5231
f 5202/5202 5205/5205 5230/5230
f 5205/5205 5207/5207 5231/5231
f 5232/5232 5088/5088 5065/5065
f 5232/5232 5233/5233 5088/5088
f 5234/5234 5233/5233 5232/5232
f 5234/5234 5235/5235 5233/5233
f 5236/5236 5235/5235 5234/5234
f 5236/5236 5237/5237 5235/5235
f 5238/5238 5237/5237 5236/5236
f 5233/5233 5086/5086 5088/5088
f 5233/5233 5239/5239 5086/5086
f 5235/5235 5239/5239 5233/5233
f 5235/5235 5240/5240 5239/5239
f 5237/5237 5240/5240 5235/5235
f 5239/5239 5083/5083 5086/5086
f 5239/5239 5241/5241 5083/5083
f 5240/5240 5241/5241 5239/5239
f 5241/5241 5082/5082 5083/5083
f 5242/5242 5232/5232 5065/5065
f 5242/5242 5243/5243 5232/5232
f 5244/5244 5243/5243 5242/5242
f 5244/5244 5245/5245 5243/5243
f 5246/5246 5245/5245 5244/5244
f 5246/5246 5247/5247 5245/5245
f 5248/5248 5247/5247 5246/5246
f 5243/5243 5234/5234 5232/5232
f 5243/5243 5249/5249 5234/5234
f 5245/5245 5249/5249 5243/5243
f 5245/5245 5250/5250 5249/5249
f 5247/5247 5250/5250 5245/5245
f 5249/5249 5236/5236 5234/5234
f 5249/5249 5251/5251 5236/5236
f 5250/5250 5251/5251 5249/5249
f 5251/5251 5238/5238 5236/5236
f 5252/5252 5221/5221 5223/5223
f 5252/5252 5253/5253 5221/5221
f 5254/5254 5253/5253 5252/5252
f 5254/5254 5255/5255 5253/5253
f 5256/5256 5255/5255 5254/5254
f 5256/5256 5246/5246 5255/5255
f 5248/5248 5246/5246 5256/5256
f 5253/5253 5218/5218 5221/5221
f 5253/5253 5257/5257 5218/5218
f 5255/5255 5257/5257 5253/5253
f 5255/5255 5244/5244 5257/5257
f 5246/5246 5244/5244 5255/5255
f 5257/5257 5214/5214 5218/5218
f 5257/5257 5242/5242 5214/5214
f 5244/5244 5242/5242 5257/5257
f 5242/5242 5065/5065 5214/5214
f 5258/5258 5252/5252 5223/5223
f 5258/5258 5259/5259 5252/5252
f 5260/5260 5259/5259 5258/5258
f 5260/5260 5261/5261 5259/5259
f 5262/5262 5261/5261 5260/5260
f 5262/5262 5263/5263 5261/5261
f 5264/5264 5263/5263 5262/5262
f 5259/5259 5254/5254 5252/5252
f 5259/5259 5265/5265 5254/5254
f 5261/5261 5265/5265 5259/5259
f 5261/5261 5266/5266 5265/5265
f 5263/5263 5266/5266 5261/5261
f 5265/5265 5256/5256 5254/5254
f 5265/5265 5267/5267 5256/5256
f 5266/5266 5267/5267 5265/5265
f 5267/5267 5248/5248 5256/5256
f 5270/5270 5269/5269 5268/5268
f 5270/5270 5271/5271 5269/5269
f 5272/5272 5271/5271 5270/5270
f 5272/5272 5273/5273 5271/5271
f 5274/5274 5273/5273 5272/5272
f 5274/5274 5120/5120 5273/5273
f 5122/5122 5120/5120 5274/5274
f 5271/5271 5275/5275 5269/5269
f 5271/5271 5276/5276 5275/5275
f 5273/5273 5276/5276 5271/5271
f 5273/5273 5118/5118 5276/5276
f 5120/5120 5118/5118 5273/5273
f 5276/5276 5277/5277 5275/5275
f 5276/5276 5116/5116 5277/5277
f 5118/5118 5116/5116 5276/5276
f 5116/5116 5082/5082 5277/5277
f 5278/5278 5237/5237 5238/5238
f 5278/5278 5279/5279 5237/5237
f 5280/5280 5279/5279 5278/5278
f 5280/5280 5281/5281 5279/5279
f 5282/5282 5281/5281 5280/5280
f 5282/5282 5269/5269 5281/5281
f 5268/5268 5269/5269 5282/5282
f 5279/5279 5240/5240 5237/5237
f 5279/5279 5283/5283 5240/5240
f 5281/5281 5283/5283 5279/5279
f 5281/5281 5275/5275 5283/5283
f 5269/5269 5275/5275 5281/5281
f 5283/5283 5241/5241 5240/5240
f 5283/5283 5277/5277 5241/5241
f 5275/5275 5277/5277 5283/5283
f 5277/5277 5082/5082 5241/5241
f 5284/5284 5278/5278 5238/5238
f 5284/5284 5285/5285 5278/5278
f 5286/5286 5285/5285 5284/5284
f 5286/5286 5287/5287 5285/5285
f 5288/5288 5287/5287 5286/5286
f 5288/5288 5289/5289 5287/5287
f 5290/5290 5289/5289 5288/5288
f 5285/5285 5280/5280 5278/5278
f 5285/5285 5291/5291 5280/5280
f 5287/5287 5291/5291 5285/5285
f 5287/5287 5292/5292 5291/5291
f 5289/5289 5292/5292 5287/5287
f 5291/5291 5282/5282 5280/5280
f 5291/5291 5293/5293 5282/5282
f 5292/5292 5293/5293 5291/5291
f 5293/5293 5268/5268 5282/5282
