<?xml version="1.0" encoding="UTF-8"?>
<osm version="0.6" generator="openstreetmap-cgimap 2.1.0 (2942766 spike-08.openstreetmap.org)" copyright="OpenStreetMap and contributors" attribution="http://www.openstreetmap.org/copyright" license="http://opendatacommons.org/licenses/odbl/1-0/">
 <bounds minlat="33.7635000" minlon="-84.3630000" maxlat="33.7660000" maxlon="-84.3580000"/>
 <node id="69099064" visible="true" version="5" changeset="11062639" timestamp="2012-03-22T13:08:36Z" user="dygituljunky" uid="7787" lat="33.7645998" lon="-84.3564828"/>
 <node id="69099066" visible="true" version="3" changeset="6895102" timestamp="2011-01-07T17:39:30Z" user="Mark Gray" uid="28852" lat="33.7645256" lon="-84.3568005"/>
 <node id="69099067" visible="true" version="4" changeset="11062639" timestamp="2012-03-22T13:08:36Z" user="dygituljunky" uid="7787" lat="33.7645131" lon="-84.3569542"/>
 <node id="69099069" visible="true" version="4" changeset="11062639" timestamp="2012-03-22T13:08:36Z" user="dygituljunky" uid="7787" lat="33.7645152" lon="-84.3571940"/>
 <node id="69099072" visible="true" version="4" changeset="11062639" timestamp="2012-03-22T13:08:36Z" user="dygituljunky" uid="7787" lat="33.7645411" lon="-84.3574038"/>
 <node id="69099075" visible="true" version="4" changeset="11062639" timestamp="2012-03-22T13:08:36Z" user="dygituljunky" uid="7787" lat="33.7646171" lon="-84.3577704"/>
 <node id="69099080" visible="true" version="4" changeset="11062639" timestamp="2012-03-22T13:08:36Z" user="dygituljunky" uid="7787" lat="33.7647130" lon="-84.3581351"/>
 <node id="69099083" visible="true" version="4" changeset="11062639" timestamp="2012-03-22T13:08:36Z" user="dygituljunky" uid="7787" lat="33.7648016" lon="-84.3583378"/>
 <node id="69099086" visible="true" version="4" changeset="11062639" timestamp="2012-03-22T13:08:37Z" user="dygituljunky" uid="7787" lat="33.7648847" lon="-84.3584708"/>
 <node id="69099090" visible="true" version="4" changeset="11062639" timestamp="2012-03-22T13:08:37Z" user="dygituljunky" uid="7787" lat="33.7649625" lon="-84.3585716"/>
 <node id="69099091" visible="true" version="4" changeset="11062639" timestamp="2012-03-22T13:08:37Z" user="dygituljunky" uid="7787" lat="33.7650708" lon="-84.3586848"/>
 <node id="69099092" visible="true" version="4" changeset="11062639" timestamp="2012-03-22T13:08:37Z" user="dygituljunky" uid="7787" lat="33.7652090" lon="-84.3587901"/>
 <node id="69099094" visible="true" version="4" changeset="174748294" timestamp="2025-11-16T22:25:23Z" user="MooPoo7" uid="7596709" lat="33.7659255" lon="-84.3585018"/>
 <node id="69099098" visible="true" version="4" changeset="11062639" timestamp="2012-03-22T13:08:37Z" user="dygituljunky" uid="7787" lat="33.7655447" lon="-84.3589317"/>
 <node id="69099100" visible="true" version="4" changeset="11062639" timestamp="2012-03-22T13:08:37Z" user="dygituljunky" uid="7787" lat="33.7657048" lon="-84.3589569"/>
 <node id="69099102" visible="true" version="4" changeset="11062639" timestamp="2012-03-22T13:08:37Z" user="dygituljunky" uid="7787" lat="33.7658467" lon="-84.3589543"/>
 <node id="69099105" visible="true" version="4" changeset="11062639" timestamp="2012-03-22T13:08:37Z" user="dygituljunky" uid="7787" lat="33.7660607" lon="-84.3589072"/>
 <node id="69099107" visible="true" version="6" changeset="123166355" timestamp="2022-07-03T22:23:40Z" user="Chris Lawrence" uid="36121" lat="33.7672881" lon="-84.3585392">
  <tag k="highway" v="motorway_junction"/>
  <tag k="noref" v="yes"/>
 </node>
 <node id="69101391" visible="true" version="5" changeset="11062639" timestamp="2012-03-22T13:08:37Z" user="dygituljunky" uid="7787" lat="33.7644871" lon="-84.3567422"/>
 <node id="69101393" visible="true" version="4" changeset="6895102" timestamp="2011-01-07T17:39:29Z" user="Mark Gray" uid="28852" lat="33.7644307" lon="-84.3571287"/>
 <node id="69101396" visible="true" version="4" changeset="11062639" timestamp="2012-03-22T13:08:37Z" user="dygituljunky" uid="7787" lat="33.7644342" lon="-84.3572869"/>
 <node id="69101398" visible="true" version="4" changeset="11062639" timestamp="2012-03-22T13:08:38Z" user="dygituljunky" uid="7787" lat="33.7644695" lon="-84.3577003"/>
 <node id="69126293" visible="true" version="9" changeset="174748294" timestamp="2025-11-16T22:25:23Z" user="MooPoo7" uid="7596709" lat="33.7643061" lon="-84.3600345"/>
 <node id="69126294" visible="true" version="6" changeset="174748294" timestamp="2025-11-16T22:25:23Z" user="MooPoo7" uid="7596709" lat="33.7643433" lon="-84.3597470"/>
 <node id="69126295" visible="true" version="4" changeset="11062639" timestamp="2012-03-22T13:08:42Z" user="dygituljunky" uid="7787" lat="33.7643705" lon="-84.3594317"/>
 <node id="69126296" visible="true" version="6" changeset="174748294" timestamp="2025-11-16T22:25:23Z" user="MooPoo7" uid="7596709" lat="33.7644372" lon="-84.3592554"/>
 <node id="69126297" visible="true" version="4" changeset="11062639" timestamp="2012-03-22T13:08:42Z" user="dygituljunky" uid="7787" lat="33.7644911" lon="-84.3590896"/>
 <node id="69126301" visible="true" version="4" changeset="11062639" timestamp="2012-03-22T13:08:42Z" user="dygituljunky" uid="7787" lat="33.7645187" lon="-84.3589768"/>
 <node id="69126303" visible="true" version="3" changeset="6895102" timestamp="2011-01-07T17:39:29Z" user="Mark Gray" uid="28852" lat="33.7645406" lon="-84.3588534"/>
 <node id="69126305" visible="true" version="4" changeset="11062639" timestamp="2012-03-22T13:08:43Z" user="dygituljunky" uid="7787" lat="33.7645521" lon="-84.3587258"/>
 <node id="69126307" visible="true" version="4" changeset="11062639" timestamp="2012-03-22T13:08:43Z" user="dygituljunky" uid="7787" lat="33.7645539" lon="-84.3585973"/>
 <node id="69153133" visible="true" version="4" changeset="174748294" timestamp="2025-11-16T22:25:23Z" user="MooPoo7" uid="7596709" lat="33.7663660" lon="-84.3583883"/>
 <node id="69182865" visible="true" version="3" changeset="15766630" timestamp="2013-04-17T20:04:16Z" user="Ryan Lash" uid="127401" lat="33.7630213" lon="-84.3579233"/>
 <node id="69182874" visible="true" version="3" changeset="15766630" timestamp="2013-04-17T20:04:16Z" user="Ryan Lash" uid="127401" lat="33.7633195" lon="-84.3584700"/>
 <node id="69182876" visible="true" version="3" changeset="15766630" timestamp="2013-04-17T20:04:16Z" user="Ryan Lash" uid="127401" lat="33.7634251" lon="-84.3586366"/>
 <node id="69182879" visible="true" version="3" changeset="15766630" timestamp="2013-04-17T20:04:16Z" user="Ryan Lash" uid="127401" lat="33.7635869" lon="-84.3587895"/>
 <node id="69182880" visible="true" version="3" changeset="6895102" timestamp="2011-01-07T17:39:29Z" user="Mark Gray" uid="28852" lat="33.7637394" lon="-84.3589354"/>
 <node id="69182892" visible="true" version="5" changeset="118829778" timestamp="2022-03-23T16:49:07Z" user="paricdil" uid="11164219" lat="33.7638229" lon="-84.3590247"/>
 <node id="69305111" visible="true" version="4" changeset="22096167" timestamp="2014-05-03T01:27:25Z" user="Jack the Ripper" uid="1946151" lat="33.7640306" lon="-84.3570901"/>
 <node id="69331837" visible="true" version="3" changeset="29155268" timestamp="2015-02-28T13:14:07Z" user="maven149" uid="136601" lat="33.7670292" lon="-84.3603843"/>
 <node id="69331838" visible="true" version="3" changeset="29155268" timestamp="2015-02-28T13:14:07Z" user="maven149" uid="136601" lat="33.7663694" lon="-84.3599330"/>
 <node id="69331843" visible="true" version="5" changeset="29155268" timestamp="2015-02-28T13:14:07Z" user="maven149" uid="136601" lat="33.7653749" lon="-84.3596190"/>
 <node id="69331844" visible="true" version="5" changeset="29155268" timestamp="2015-02-28T13:14:07Z" user="maven149" uid="136601" lat="33.7649702" lon="-84.3595915"/>
 <node id="69331846" visible="true" version="4" changeset="15744113" timestamp="2013-04-16T02:25:50Z" user="Ryan Lash" uid="127401" lat="33.7646529" lon="-84.3596177"/>
 <node id="69331850" visible="true" version="5" changeset="29155268" timestamp="2015-02-28T13:14:07Z" user="maven149" uid="136601" lat="33.7641911" lon="-84.3596159"/>
 <node id="69331855" visible="true" version="3" changeset="29155268" timestamp="2015-02-28T13:14:07Z" user="maven149" uid="136601" lat="33.7636369" lon="-84.3597684"/>
 <node id="69331857" visible="true" version="4" changeset="94647726" timestamp="2020-11-23T15:46:09Z" user="noonfyi" uid="3825162" lat="33.7631644" lon="-84.3599525"/>
 <node id="69331860" visible="true" version="3" changeset="29155268" timestamp="2015-02-28T13:14:07Z" user="maven149" uid="136601" lat="33.7629761" lon="-84.3600428"/>
 <node id="69331863" visible="true" version="3" changeset="29155268" timestamp="2015-02-28T13:14:07Z" user="maven149" uid="136601" lat="33.7627074" lon="-84.3602135"/>
 <node id="69331865" visible="true" version="4" changeset="167839707" timestamp="2025-06-19T18:15:44Z" user="alexwohlbruck" uid="12370548" lat="33.7625444" lon="-84.3603352"/>
 <node id="69331867" visible="true" version="4" changeset="167839707" timestamp="2025-06-19T18:15:44Z" user="alexwohlbruck" uid="12370548" lat="33.7621810" lon="-84.3606445"/>
 <node id="69331869" visible="true" version="3" changeset="29155268" timestamp="2015-02-28T13:14:08Z" user="maven149" uid="136601" lat="33.7617197" lon="-84.3611222"/>
 <node id="69331873" visible="true" version="3" changeset="29155268" timestamp="2015-02-28T13:14:08Z" user="maven149" uid="136601" lat="33.7606973" lon="-84.3625237"/>
 <node id="69331875" visible="true" version="5" changeset="29155268" timestamp="2015-02-28T13:14:08Z" user="maven149" uid="136601" lat="33.7601075" lon="-84.3633582"/>
 <node id="69331877" visible="true" version="3" changeset="29155268" timestamp="2015-02-28T13:14:08Z" user="maven149" uid="136601" lat="33.7594889" lon="-84.3639721"/>
 <node id="69331882" visible="true" version="5" changeset="92918079" timestamp="2020-10-22T20:30:08Z" user="noonfyi" uid="3825162" lat="33.7593445" lon="-84.3640916"/>
 <node id="69331885" visible="true" version="4" changeset="92918079" timestamp="2020-10-22T20:30:08Z" user="noonfyi" uid="3825162" lat="33.7586624" lon="-84.3645108"/>
 <node id="69331887" visible="true" version="4" changeset="92918079" timestamp="2020-10-22T20:30:08Z" user="noonfyi" uid="3825162" lat="33.7584641" lon="-84.3646159"/>
 <node id="69331888" visible="true" version="5" changeset="92918079" timestamp="2020-10-22T20:30:08Z" user="noonfyi" uid="3825162" lat="33.7580436" lon="-84.3647672"/>
 <node id="69405775" visible="true" version="9" changeset="166817258" timestamp="2025-05-27T10:02:41Z" user="Mruthula12" uid="21759008" lat="33.7640122" lon="-84.3663185">
  <tag k="crossing" v="uncontrolled"/>
  <tag k="crossing:island" v="no"/>
  <tag k="crossing:markings" v="yes"/>
  <tag k="crossing:signals" v="no"/>
  <tag k="highway" v="crossing"/>
  <tag k="tactile_paving" v="yes"/>
 </node>
 <node id="69405777" visible="true" version="2" changeset="3353591" timestamp="2009-12-12T03:58:05Z" user="woodpeck_fixbot" uid="147510" lat="33.7639450" lon="-84.3636990"/>
 <node id="69405778" visible="true" version="2" changeset="3110547" timestamp="2009-11-14T04:55:03Z" user="woodpeck_fixbot" uid="147510" lat="33.7639420" lon="-84.3621030"/>
 <node id="69465489" visible="true" version="2" changeset="2760040" timestamp="2009-10-06T13:32:46Z" user="woodpeck_fixbot" uid="147510" lat="33.7640770" lon="-84.3663530"/>
 <node id="69465504" visible="true" version="2" changeset="3353591" timestamp="2009-12-12T04:12:51Z" user="woodpeck_fixbot" uid="147510" lat="33.7665700" lon="-84.3630040"/>
 <node id="69525599" visible="true" version="4" changeset="15766630" timestamp="2013-04-17T20:04:16Z" user="Ryan Lash" uid="127401" lat="33.7639182" lon="-84.3585490"/>
 <node id="69525601" visible="true" version="3" changeset="6895102" timestamp="2011-01-07T17:39:28Z" user="Mark Gray" uid="28852" lat="33.7640805" lon="-84.3578805"/>
 <node id="69525607" visible="true" version="3" changeset="6895102" timestamp="2011-01-07T17:39:28Z" user="Mark Gray" uid="28852" lat="33.7640782" lon="-84.3575523"/>
 <node id="69532869" visible="true" version="4" changeset="174748294" timestamp="2025-11-16T22:25:23Z" user="MooPoo7" uid="7596709" lat="33.7656591" lon="-84.3587876"/>
 <node id="69532871" visible="true" version="3" changeset="6893300" timestamp="2011-01-07T14:35:01Z" user="Mark Gray" uid="28852" lat="33.7659436" lon="-84.3586205"/>
 <node id="69532872" visible="true" version="3" changeset="6893300" timestamp="2011-01-07T14:35:02Z" user="Mark Gray" uid="28852" lat="33.7661232" lon="-84.3585604"/>
 <node id="69532874" visible="true" version="3" changeset="6893300" timestamp="2011-01-07T14:35:02Z" user="Mark Gray" uid="28852" lat="33.7663211" lon="-84.3585128"/>
 <node id="69532879" visible="true" version="3" changeset="6893300" timestamp="2011-01-07T14:35:02Z" user="Mark Gray" uid="28852" lat="33.7665496" lon="-84.3584966"/>
 <node id="69532883" visible="true" version="3" changeset="6893300" timestamp="2011-01-07T14:35:03Z" user="Mark Gray" uid="28852" lat="33.7667050" lon="-84.3584967"/>
 <node id="69532886" visible="true" version="3" changeset="6893300" timestamp="2011-01-07T14:35:03Z" user="Mark Gray" uid="28852" lat="33.7669285" lon="-84.3585073"/>
 <node id="69532991" visible="true" version="5" changeset="174748294" timestamp="2025-11-16T22:25:23Z" user="MooPoo7" uid="7596709" lat="33.7641744" lon="-84.3600377"/>
 <node id="69532993" visible="true" version="5" changeset="174748294" timestamp="2025-11-16T22:25:23Z" user="MooPoo7" uid="7596709" lat="33.7645673" lon="-84.3594585"/>
 <node id="69532994" visible="true" version="5" changeset="174748294" timestamp="2025-11-16T22:25:23Z" user="MooPoo7" uid="7596709" lat="33.7647120" lon="-84.3593161"/>
 <node id="69532997" visible="true" version="4" changeset="174748294" timestamp="2025-11-16T22:25:23Z" user="MooPoo7" uid="7596709" lat="33.7654982" lon="-84.3587338"/>
 <node id="69533001" visible="true" version="4" changeset="174748294" timestamp="2025-11-16T22:25:23Z" user="MooPoo7" uid="7596709" lat="33.7657176" lon="-84.3585947"/>
 <node id="69533002" visible="true" version="4" changeset="174748294" timestamp="2025-11-16T22:25:23Z" user="MooPoo7" uid="7596709" lat="33.7661317" lon="-84.3584290"/>
 <node id="69533006" visible="true" version="4" changeset="174748294" timestamp="2025-11-16T22:25:23Z" user="MooPoo7" uid="7596709" lat="33.7664755" lon="-84.3583771"/>
 <node id="69533010" visible="true" version="3" changeset="6895102" timestamp="2011-01-07T17:39:30Z" user="Mark Gray" uid="28852" lat="33.7669028" lon="-84.3583742"/>
 <node id="69533013" visible="true" version="3" changeset="6895102" timestamp="2011-01-07T17:39:30Z" user="Mark Gray" uid="28852" lat="33.7671939" lon="-84.3583918"/>
 <node id="69619502" visible="true" version="3" changeset="15766630" timestamp="2013-04-17T20:30:20Z" user="Ryan Lash" uid="127401" lat="33.7656169" lon="-84.3621388"/>
 <node id="69619505" visible="true" version="2" changeset="3353591" timestamp="2009-12-12T04:39:42Z" user="woodpeck_fixbot" uid="147510" lat="33.7656460" lon="-84.3622060"/>
 <node id="69619506" visible="true" version="2" changeset="3353591" timestamp="2009-12-12T04:39:42Z" user="woodpeck_fixbot" uid="147510" lat="33.7656960" lon="-84.3623530"/>
 <node id="69619507" visible="true" version="2" changeset="3353591" timestamp="2009-12-12T04:39:42Z" user="woodpeck_fixbot" uid="147510" lat="33.7657040" lon="-84.3623730"/>
 <node id="69619508" visible="true" version="2" changeset="2760040" timestamp="2009-10-06T13:45:46Z" user="woodpeck_fixbot" uid="147510" lat="33.7657680" lon="-84.3624790"/>
 <node id="69619509" visible="true" version="2" changeset="3021897" timestamp="2009-11-03T03:17:48Z" user="woodpeck_fixbot" uid="147510" lat="33.7658580" lon="-84.3625600"/>
 <node id="69619510" visible="true" version="2" changeset="3353591" timestamp="2009-12-12T04:39:42Z" user="woodpeck_fixbot" uid="147510" lat="33.7664600" lon="-84.3629260"/>
 <node id="69668823" visible="true" version="3" changeset="11062639" timestamp="2012-03-22T13:08:53Z" user="dygituljunky" uid="7787" lat="33.7645418" lon="-84.3584001"/>
 <node id="69668825" visible="true" version="3" changeset="11062639" timestamp="2012-03-22T13:08:53Z" user="dygituljunky" uid="7787" lat="33.7644849" lon="-84.3578511"/>
 <node id="267605611" visible="true" version="11" changeset="11050617" timestamp="2012-03-21T10:33:39Z" user="dygituljunky" uid="7787" lat="33.7688839" lon="-84.3526424">
  <tag k="barrier" v="bollard"/>
 </node>
 <node id="267605612" visible="true" version="10" changeset="6893300" timestamp="2011-01-07T14:34:50Z" user="Mark Gray" uid="28852" lat="33.7687467" lon="-84.3527815"/>
 <node id="267605613" visible="true" version="11" changeset="11050617" timestamp="2012-03-21T10:33:39Z" user="dygituljunky" uid="7787" lat="33.7685251" lon="-84.3529547"/>
 <node id="267605614" visible="true" version="10" changeset="6893300" timestamp="2011-01-07T14:34:51Z" user="Mark Gray" uid="28852" lat="33.7683587" lon="-84.3533037"/>
 <node id="267605615" visible="true" version="11" changeset="11050617" timestamp="2012-03-21T10:33:40Z" user="dygituljunky" uid="7787" lat="33.7681850" lon="-84.3536441"/>
 <node id="267605616" visible="true" version="10" changeset="6893300" timestamp="2011-01-07T14:34:50Z" user="Mark Gray" uid="28852" lat="33.7680269" lon="-84.3538133"/>
 <node id="267605618" visible="true" version="11" changeset="11050617" timestamp="2012-03-21T10:33:39Z" user="dygituljunky" uid="7787" lat="33.7667592" lon="-84.3547517"/>
 <node id="267605619" visible="true" version="10" changeset="6893300" timestamp="2011-01-07T14:34:50Z" user="Mark Gray" uid="28852" lat="33.7664080" lon="-84.3550900"/>
 <node id="267605621" visible="true" version="10" changeset="11050617" timestamp="2012-03-21T10:33:39Z" user="dygituljunky" uid="7787" lat="33.7659156" lon="-84.3553931"/>
 <node id="267605622" visible="true" version="10" changeset="11050617" timestamp="2012-03-21T10:33:39Z" user="dygituljunky" uid="7787" lat="33.7655017" lon="-84.3554223"/>
 <node id="267605623" visible="true" version="10" changeset="11050617" timestamp="2012-03-21T10:33:40Z" user="dygituljunky" uid="7787" lat="33.7652306" lon="-84.3554006"/>
 <node id="267605624" visible="true" version="10" changeset="11050617" timestamp="2012-03-21T10:33:40Z" user="dygituljunky" uid="7787" lat="33.7649607" lon="-84.3555445"/>
 <node id="267605625" visible="true" version="11" changeset="11050617" timestamp="2012-03-21T10:33:39Z" user="dygituljunky" uid="7787" lat="33.7645667" lon="-84.3560321"/>
 <node id="267605626" visible="true" version="10" changeset="6895102" timestamp="2011-01-07T17:39:30Z" user="Mark Gray" uid="28852" lat="33.7643160" lon="-84.3564034"/>
 <node id="267605628" visible="true" version="10" changeset="6895102" timestamp="2011-01-07T17:39:30Z" user="Mark Gray" uid="28852" lat="33.7642679" lon="-84.3570022"/>
 <node id="315294703" visible="true" version="10" changeset="174748294" timestamp="2025-11-16T22:25:23Z" user="MooPoo7" uid="7596709" lat="33.7645124" lon="-84.3597108"/>
 <node id="344455889" visible="true" version="8" changeset="13571972" timestamp="2012-10-20T20:05:15Z" user="demory" uid="186210" lat="33.7642839" lon="-84.3573207"/>
 <node id="344455890" visible="true" version="6" changeset="346660" timestamp="2009-02-11T15:45:54Z" user="Liber" uid="82286" lat="33.7643087" lon="-84.3575474"/>
 <node id="344455891" visible="true" version="6" changeset="346660" timestamp="2009-02-11T15:45:54Z" user="Liber" uid="82286" lat="33.7643587" lon="-84.3578650"/>
 <node id="344455892" visible="true" version="6" changeset="346660" timestamp="2009-02-11T15:45:54Z" user="Liber" uid="82286" lat="33.7644015" lon="-84.3581998"/>
 <node id="344455893" visible="true" version="7" changeset="6893300" timestamp="2011-01-07T14:54:31Z" user="Mark Gray" uid="28852" lat="33.7644702" lon="-84.3586740"/>
 <node id="344455894" visible="true" version="8" changeset="11050617" timestamp="2012-03-21T10:33:42Z" user="dygituljunky" uid="7787" lat="33.7644751" lon="-84.3588156"/>
 <node id="344455895" visible="true" version="8" changeset="6893300" timestamp="2011-01-07T14:54:32Z" user="Mark Gray" uid="28852" lat="33.7644555" lon="-84.3589637"/>
 <node id="344455896" visible="true" version="9" changeset="174748294" timestamp="2025-11-16T22:25:23Z" user="MooPoo7" uid="7596709" lat="33.7643496" lon="-84.3593487"/>
 <node id="344455897" visible="true" version="8" changeset="174748294" timestamp="2025-11-16T22:25:23Z" user="MooPoo7" uid="7596709" lat="33.7642752" lon="-84.3595472"/>
 <node id="344455898" visible="true" version="8" changeset="174748294" timestamp="2025-11-16T22:25:23Z" user="MooPoo7" uid="7596709" lat="33.7641454" lon="-84.3598907"/>
 <node id="344455899" visible="true" version="9" changeset="174748294" timestamp="2025-11-16T22:25:23Z" user="MooPoo7" uid="7596709" lat="33.7640607" lon="-84.3601115"/>
 <node id="344455902" visible="true" version="7" changeset="6893300" timestamp="2011-01-07T14:54:32Z" user="Mark Gray" uid="28852" lat="33.7636755" lon="-84.3608620"/>
 <node id="344455904" visible="true" version="6" changeset="346660" timestamp="2009-02-11T15:45:54Z" user="Liber" uid="82286" lat="33.7634953" lon="-84.3612639"/>
 <node id="344455905" visible="true" version="7" changeset="11050617" timestamp="2012-03-21T10:33:42Z" user="dygituljunky" uid="7787" lat="33.7633333" lon="-84.3616465"/>
 <node id="344455906" visible="true" version="7" changeset="11050617" timestamp="2012-03-21T10:33:41Z" user="dygituljunky" uid="7787" lat="33.7632083" lon="-84.3618903"/>
 <node id="344455907" visible="true" version="8" changeset="11050617" timestamp="2012-03-21T10:33:42Z" user="dygituljunky" uid="7787" lat="33.7630831" lon="-84.3622378"/>
 <node id="344455909" visible="true" version="7" changeset="11050617" timestamp="2012-03-21T10:33:41Z" user="dygituljunky" uid="7787" lat="33.7631386" lon="-84.3620455"/>
 <node id="344455919" visible="true" version="6" changeset="6893300" timestamp="2011-01-07T14:54:32Z" user="Mark Gray" uid="28852" lat="33.7630030" lon="-84.3625505"/>
 <node id="344455920" visible="true" version="6" changeset="11050617" timestamp="2012-03-21T10:33:42Z" user="dygituljunky" uid="7787" lat="33.7629306" lon="-84.3628187"/>
 <node id="344455921" visible="true" version="6" changeset="11050617" timestamp="2012-03-21T10:33:40Z" user="dygituljunky" uid="7787" lat="33.7628638" lon="-84.3630250"/>
 <node id="344455922" visible="true" version="6" changeset="11050617" timestamp="2012-03-21T10:33:41Z" user="dygituljunky" uid="7787" lat="33.7627800" lon="-84.3632507"/>
 <node id="344455923" visible="true" version="7" changeset="11050617" timestamp="2012-03-21T10:33:42Z" user="dygituljunky" uid="7787" lat="33.7626649" lon="-84.3635031"/>
 <node id="344455924" visible="true" version="6" changeset="6893300" timestamp="2011-01-07T14:54:33Z" user="Mark Gray" uid="28852" lat="33.7625463" lon="-84.3637467"/>
 <node id="344455925" visible="true" version="6" changeset="6893300" timestamp="2011-01-07T14:54:33Z" user="Mark Gray" uid="28852" lat="33.7624311" lon="-84.3639739"/>
 <node id="344455926" visible="true" version="5" changeset="346660" timestamp="2009-02-11T15:45:55Z" user="Liber" uid="82286" lat="33.7622894" lon="-84.3642165"/>
 <node id="344455927" visible="true" version="6" changeset="11050617" timestamp="2012-03-21T10:33:42Z" user="dygituljunky" uid="7787" lat="33.7621568" lon="-84.3644038"/>
 <node id="344455928" visible="true" version="5" changeset="346660" timestamp="2009-02-11T15:45:55Z" user="Liber" uid="82286" lat="33.7620040" lon="-84.3646628"/>
 <node id="344455929" visible="true" version="7" changeset="11050617" timestamp="2012-03-21T10:33:43Z" user="dygituljunky" uid="7787" lat="33.7618919" lon="-84.3648723"/>
 <node id="344455931" visible="true" version="8" changeset="11062639" timestamp="2012-03-22T13:08:32Z" user="dygituljunky" uid="7787" lat="33.7619288" lon="-84.3648047"/>
 <node id="344456088" visible="true" version="4" changeset="5881787" timestamp="2010-09-26T15:01:01Z" user="Lee Leonard" uid="21000" lat="33.7618082" lon="-84.3650195"/>
 <node id="344456089" visible="true" version="4" changeset="5881787" timestamp="2010-09-26T15:01:01Z" user="Lee Leonard" uid="21000" lat="33.7617257" lon="-84.3651429"/>
 <node id="344456090" visible="true" version="4" changeset="5881787" timestamp="2010-09-26T15:01:01Z" user="Lee Leonard" uid="21000" lat="33.7616588" lon="-84.3653011"/>
 <node id="344456091" visible="true" version="6" changeset="12098097" timestamp="2012-07-03T09:31:36Z" user="dygituljunky" uid="7787" lat="33.7616400" lon="-84.3654071"/>
 <node id="344456092" visible="true" version="4" changeset="5881787" timestamp="2010-09-26T15:01:01Z" user="Lee Leonard" uid="21000" lat="33.7616264" lon="-84.3655425"/>
 <node id="344456093" visible="true" version="4" changeset="5881787" timestamp="2010-09-26T15:01:01Z" user="Lee Leonard" uid="21000" lat="33.7615930" lon="-84.3657316"/>
 <node id="344456101" visible="true" version="3" changeset="5881787" timestamp="2010-09-26T15:01:01Z" user="Lee Leonard" uid="21000" lat="33.7615439" lon="-84.3659609"/>
 <node id="344456102" visible="true" version="3" changeset="12098097" timestamp="2012-07-03T09:31:36Z" user="dygituljunky" uid="7787" lat="33.7614831" lon="-84.3661358"/>
 <node id="344456103" visible="true" version="2" changeset="346660" timestamp="2009-02-11T15:45:55Z" user="Liber" uid="82286" lat="33.7612262" lon="-84.3667056"/>
 <node id="344456104" visible="true" version="2" changeset="346660" timestamp="2009-02-11T15:45:55Z" user="Liber" uid="82286" lat="33.7611049" lon="-84.3669716"/>
 <node id="344456105" visible="true" version="3" changeset="11050617" timestamp="2012-03-21T10:33:42Z" user="dygituljunky" uid="7787" lat="33.7608982" lon="-84.3674036"/>
 <node id="344456106" visible="true" version="4" changeset="11050617" timestamp="2012-03-21T10:33:40Z" user="dygituljunky" uid="7787" lat="33.7607612" lon="-84.3677041"/>
 <node id="344456107" visible="true" version="4" changeset="12098097" timestamp="2012-07-03T09:31:36Z" user="dygituljunky" uid="7787" lat="33.7606042" lon="-84.3680576"/>
 <node id="344456108" visible="true" version="3" changeset="12098097" timestamp="2012-07-03T09:31:36Z" user="dygituljunky" uid="7787" lat="33.7604336" lon="-84.3683907"/>
 <node id="344456109" visible="true" version="4" changeset="12098097" timestamp="2012-07-03T09:31:36Z" user="dygituljunky" uid="7787" lat="33.7603489" lon="-84.3686625"/>
 <node id="344456110" visible="true" version="3" changeset="5881787" timestamp="2010-09-26T15:01:01Z" user="Lee Leonard" uid="21000" lat="33.7602584" lon="-84.3689288"/>
 <node id="344456111" visible="true" version="4" changeset="12098097" timestamp="2012-07-03T09:31:36Z" user="dygituljunky" uid="7787" lat="33.7601571" lon="-84.3692230"/>
 <node id="344456112" visible="true" version="3" changeset="12098097" timestamp="2012-07-03T09:31:37Z" user="dygituljunky" uid="7787" lat="33.7600812" lon="-84.3693902"/>
 <node id="344456113" visible="true" version="6" changeset="11050617" timestamp="2012-03-21T10:33:42Z" user="dygituljunky" uid="7787" lat="33.7599429" lon="-84.3696972"/>
 <node id="344456114" visible="true" version="3" changeset="11050617" timestamp="2012-03-21T10:33:43Z" user="dygituljunky" uid="7787" lat="33.7599238" lon="-84.3698405"/>
 <node id="344456115" visible="true" version="3" changeset="5881787" timestamp="2010-09-26T15:01:01Z" user="Lee Leonard" uid="21000" lat="33.7599172" lon="-84.3700285"/>
 <node id="344456116" visible="true" version="3" changeset="11050617" timestamp="2012-03-21T10:33:43Z" user="dygituljunky" uid="7787" lat="33.7599140" lon="-84.3703133"/>
 <node id="344456158" visible="true" version="3" changeset="5881787" timestamp="2010-09-26T15:00:59Z" user="Lee Leonard" uid="21000" lat="33.7599150" lon="-84.3701277"/>
 <node id="344456231" visible="true" version="1" changeset="346660" timestamp="2009-02-11T15:45:56Z" user="Liber" uid="82286" lat="33.7599132" lon="-84.3706624"/>
 <node id="344456232" visible="true" version="1" changeset="346660" timestamp="2009-02-11T15:45:56Z" user="Liber" uid="82286" lat="33.7599203" lon="-84.3709799"/>
 <node id="344456233" visible="true" version="3" changeset="11050617" timestamp="2012-03-21T10:33:41Z" user="dygituljunky" uid="7787" lat="33.7599307" lon="-84.3714313"/>
 <node id="344456234" visible="true" version="2" changeset="5881787" timestamp="2010-09-26T15:01:01Z" user="Lee Leonard" uid="21000" lat="33.7598938" lon="-84.3716647"/>
 <node id="344456235" visible="true" version="3" changeset="11050617" timestamp="2012-03-21T10:33:41Z" user="dygituljunky" uid="7787" lat="33.7599600" lon="-84.3717818"/>
 <node id="358764721" visible="true" version="5" changeset="166744023" timestamp="2025-05-25T17:08:48Z" user="hwierzbicki" uid="10198270" lat="33.7643800" lon="-84.3615853">
  <tag k="communication:mobile_phone" v="yes"/>
  <tag k="communication:television" v="yes"/>
  <tag k="ele" v="296"/>
  <tag k="fcc:registration_number" v="1031790"/>
  <tag k="man_made" v="mast"/>
  <tag k="name" v="WSB-TV tower"/>
  <tag k="tower:construction" v="guyed_lattice"/>
  <tag k="tower:type" v="communication"/>
  <tag k="wikidata" v="Q7955496"/>
  <tag k="wikipedia" v="en:WSB-TV tower"/>
 </node>
 <node id="405865839" visible="true" version="2" changeset="22096167" timestamp="2014-05-03T01:27:25Z" user="Jack the Ripper" uid="1946151" lat="33.7641054" lon="-84.3570986"/>
 <node id="405865840" visible="true" version="2" changeset="119601680" timestamp="2022-04-12T03:39:00Z" user="KB-01" uid="9509339" lat="33.7636342" lon="-84.3568652"/>
 <node id="405865844" visible="true" version="3" changeset="12284483" timestamp="2012-07-18T14:08:52Z" user="OSMF Redaction Account" uid="722137" lat="33.7626622" lon="-84.3574336"/>
 <node id="405865845" visible="true" version="3" changeset="12284483" timestamp="2012-07-18T14:08:52Z" user="OSMF Redaction Account" uid="722137" lat="33.7618850" lon="-84.3573690"/>
 <node id="405865847" visible="true" version="3" changeset="12284483" timestamp="2012-07-18T14:08:52Z" user="OSMF Redaction Account" uid="722137" lat="33.7618790" lon="-84.3573685"/>
 <node id="405865858" visible="true" version="1" changeset="1249623" timestamp="2009-05-19T14:59:26Z" user="Liber" uid="82286" lat="33.7616140" lon="-84.3589306"/>
 <node id="405865860" visible="true" version="1" changeset="1249623" timestamp="2009-05-19T14:59:26Z" user="Liber" uid="82286" lat="33.7610037" lon="-84.3598919"/>
 <node id="405865862" visible="true" version="1" changeset="1249623" timestamp="2009-05-19T14:59:26Z" user="Liber" uid="82286" lat="33.7618303" lon="-84.3601412"/>
 <node id="405865864" visible="true" version="1" changeset="1249623" timestamp="2009-05-19T14:59:26Z" user="Liber" uid="82286" lat="33.7624753" lon="-84.3589876"/>
 <node id="405865866" visible="true" version="1" changeset="1249623" timestamp="2009-05-19T14:59:26Z" user="Liber" uid="82286" lat="33.7624854" lon="-84.3589693"/>
 <node id="405865869" visible="true" version="2" changeset="15724843" timestamp="2013-04-14T14:51:28Z" user="Ryan Lash" uid="127401" lat="33.7630533" lon="-84.3579957"/>
 <node id="405865873" visible="true" version="2" changeset="15724843" timestamp="2013-04-14T14:51:28Z" user="Ryan Lash" uid="127401" lat="33.7638399" lon="-84.3590985"/>
 <node id="405865876" visible="true" version="2" changeset="15724843" timestamp="2013-04-14T14:51:28Z" user="Ryan Lash" uid="127401" lat="33.7640513" lon="-84.3582671"/>
 <node id="405865878" visible="true" version="2" changeset="15724843" timestamp="2013-04-14T14:51:28Z" user="Ryan Lash" uid="127401" lat="33.7641377" lon="-84.3578421"/>
 <node id="405921738" visible="true" version="1" changeset="1249968" timestamp="2009-05-19T15:22:29Z" user="Liber" uid="82286" lat="33.7610526" lon="-84.3655529"/>
 <node id="405921742" visible="true" version="1" changeset="1249968" timestamp="2009-05-19T15:22:29Z" user="Liber" uid="82286" lat="33.7605591" lon="-84.3662949"/>
 <node id="405921752" visible="true" version="1" changeset="1249968" timestamp="2009-05-19T15:22:29Z" user="Liber" uid="82286" lat="33.7613200" lon="-84.3655601"/>
 <node id="406007382" visible="true" version="2" changeset="119603327" timestamp="2022-04-12T05:01:10Z" user="KB-01" uid="9509339" lat="33.7579267" lon="-84.3543395"/>
 <node id="406034417" visible="true" version="1" changeset="1250583" timestamp="2009-05-19T16:09:16Z" user="Liber" uid="82286" lat="33.7612085" lon="-84.3676439"/>
 <node id="406034423" visible="true" version="1" changeset="1250583" timestamp="2009-05-19T16:09:17Z" user="Liber" uid="82286" lat="33.7632484" lon="-84.3630753"/>
 <node id="406034424" visible="true" version="2" changeset="13215018" timestamp="2012-09-23T02:38:47Z" user="Ryan Lash" uid="127401" lat="33.7636117" lon="-84.3621113"/>
 <node id="406034425" visible="true" version="2" changeset="15744113" timestamp="2013-04-16T02:25:49Z" user="Ryan Lash" uid="127401" lat="33.7643402" lon="-84.3600846"/>
 <node id="406034427" visible="true" version="2" changeset="15744113" timestamp="2013-04-16T02:25:49Z" user="Ryan Lash" uid="127401" lat="33.7645552" lon="-84.3597535"/>
 <node id="406034430" visible="true" version="2" changeset="15744113" timestamp="2013-04-16T02:25:49Z" user="Ryan Lash" uid="127401" lat="33.7650746" lon="-84.3592551"/>
 <node id="406034432" visible="true" version="2" changeset="15744113" timestamp="2013-04-16T02:25:49Z" user="Ryan Lash" uid="127401" lat="33.7657246" lon="-84.3587467"/>
 <node id="406034433" visible="true" version="2" changeset="15744113" timestamp="2013-04-16T02:25:49Z" user="Ryan Lash" uid="127401" lat="33.7663998" lon="-84.3585025"/>
 <node id="406034435" visible="true" version="2" changeset="15744113" timestamp="2013-04-16T02:25:49Z" user="Ryan Lash" uid="127401" lat="33.7671665" lon="-84.3584796"/>
 <node id="406034437" visible="true" version="2" changeset="15744113" timestamp="2013-04-16T02:25:49Z" user="Ryan Lash" uid="127401" lat="33.7678456" lon="-84.3585845"/>
 <node id="406034438" visible="true" version="2" changeset="15744113" timestamp="2013-04-16T02:25:49Z" user="Ryan Lash" uid="127401" lat="33.7682040" lon="-84.3586398"/>
 <node id="406034467" visible="true" version="2" changeset="15744113" timestamp="2013-04-16T02:25:49Z" user="Ryan Lash" uid="127401" lat="33.7622603" lon="-84.3641932"/>
 <node id="406034469" visible="true" version="2" changeset="15744113" timestamp="2013-04-16T02:25:49Z" user="Ryan Lash" uid="127401" lat="33.7619285" lon="-84.3647052"/>
 <node id="406034473" visible="true" version="2" changeset="15744113" timestamp="2013-04-16T02:25:50Z" user="Ryan Lash" uid="127401" lat="33.7618285" lon="-84.3648886"/>
 <node id="406034475" visible="true" version="1" changeset="1250583" timestamp="2009-05-19T16:09:18Z" user="Liber" uid="82286" lat="33.7613869" lon="-84.3663254"/>
 <node id="406034477" visible="true" version="1" changeset="1250583" timestamp="2009-05-19T16:09:18Z" user="Liber" uid="82286" lat="33.7613852" lon="-84.3663288"/>
 <node id="406034479" visible="true" version="2" changeset="15901328" timestamp="2013-04-28T21:08:30Z" user="Ryan Lash" uid="127401" lat="33.7611129" lon="-84.3668903"/>
 <node id="406034480" visible="true" version="2" changeset="15901328" timestamp="2013-04-28T21:08:30Z" user="Ryan Lash" uid="127401" lat="33.7610270" lon="-84.3670685"/>
 <node id="406034481" visible="true" version="1" changeset="1250583" timestamp="2009-05-19T16:09:18Z" user="Liber" uid="82286" lat="33.7602692" lon="-84.3688965"/>
 <node id="406034482" visible="true" version="1" changeset="1250583" timestamp="2009-05-19T16:09:18Z" user="Liber" uid="82286" lat="33.7601208" lon="-84.3693597"/>
 <node id="406034483" visible="true" version="1" changeset="1250583" timestamp="2009-05-19T16:09:18Z" user="Liber" uid="82286" lat="33.7601128" lon="-84.3693848"/>
 <node id="406034485" visible="true" version="1" changeset="1250583" timestamp="2009-05-19T16:09:18Z" user="Liber" uid="82286" lat="33.7600500" lon="-84.3697543"/>
 <node id="406034487" visible="true" version="1" changeset="1250583" timestamp="2009-05-19T16:09:18Z" user="Liber" uid="82286" lat="33.7600441" lon="-84.3697893"/>
 <node id="406034489" visible="true" version="1" changeset="1250583" timestamp="2009-05-19T16:09:18Z" user="Liber" uid="82286" lat="33.7600287" lon="-84.3699646"/>
 <node id="406080311" visible="true" version="1" changeset="1250822" timestamp="2009-05-19T16:33:18Z" user="Liber" uid="82286" lat="33.7589396" lon="-84.3620226"/>
 <node id="406080313" visible="true" version="1" changeset="1250822" timestamp="2009-05-19T16:33:18Z" user="Liber" uid="82286" lat="33.7575498" lon="-84.3642108"/>
 <node id="406080314" visible="true" version="1" changeset="1250822" timestamp="2009-05-19T16:33:18Z" user="Liber" uid="82286" lat="33.7575874" lon="-84.3631592"/>
 <node id="406080316" visible="true" version="1" changeset="1250822" timestamp="2009-05-19T16:33:18Z" user="Liber" uid="82286" lat="33.7569778" lon="-84.3632347"/>
 <node id="406080318" visible="true" version="1" changeset="1250822" timestamp="2009-05-19T16:33:18Z" user="Liber" uid="82286" lat="33.7569770" lon="-84.3637526"/>
 <node id="406080320" visible="true" version="1" changeset="1250822" timestamp="2009-05-19T16:33:18Z" user="Liber" uid="82286" lat="33.7557069" lon="-84.3637497"/>
 <node id="406080323" visible="true" version="1" changeset="1250822" timestamp="2009-05-19T16:33:18Z" user="Liber" uid="82286" lat="33.7547531" lon="-84.3635101"/>
 <node id="406080325" visible="true" version="1" changeset="1250822" timestamp="2009-05-19T16:33:19Z" user="Liber" uid="82286" lat="33.7552032" lon="-84.3615189"/>
 <node id="406080327" visible="true" version="1" changeset="1250822" timestamp="2009-05-19T16:33:19Z" user="Liber" uid="82286" lat="33.7552758" lon="-84.3612645"/>
 <node id="406080329" visible="true" version="2" changeset="92290887" timestamp="2020-10-11T02:49:49Z" user="noonfyi" uid="3825162" lat="33.7555426" lon="-84.3603295"/>
 <node id="406080334" visible="true" version="1" changeset="1250822" timestamp="2009-05-19T16:33:19Z" user="Liber" uid="82286" lat="33.7547023" lon="-84.3590965"/>
 <node id="406080336" visible="true" version="1" changeset="1250822" timestamp="2009-05-19T16:33:19Z" user="Liber" uid="82286" lat="33.7546997" lon="-84.3590927"/>
 <node id="406080369" visible="true" version="1" changeset="1250822" timestamp="2009-05-19T16:33:20Z" user="Liber" uid="82286" lat="33.7575798" lon="-84.3670197"/>
 <node id="406080371" visible="true" version="1" changeset="1250822" timestamp="2009-05-19T16:33:20Z" user="Liber" uid="82286" lat="33.7575608" lon="-84.3656464"/>
 <node id="406080373" visible="true" version="1" changeset="1250822" timestamp="2009-05-19T16:33:20Z" user="Liber" uid="82286" lat="33.7588421" lon="-84.3656007"/>
 <node id="406081567" visible="true" version="1" changeset="1250822" timestamp="2009-05-19T16:33:49Z" user="Liber" uid="82286" lat="33.7711157" lon="-84.3655774"/>
 <node id="406081569" visible="true" version="1" changeset="1250822" timestamp="2009-05-19T16:33:49Z" user="Liber" uid="82286" lat="33.7710991" lon="-84.3639069"/>
 <node id="406081571" visible="true" version="2" changeset="48852374" timestamp="2017-05-20T23:04:55Z" user="maxerickson" uid="360392" lat="33.7710991" lon="-84.3638587"/>
 <node id="406081573" visible="true" version="1" changeset="1250822" timestamp="2009-05-19T16:33:49Z" user="Liber" uid="82286" lat="33.7711001" lon="-84.3634988"/>
 <node id="406081574" visible="true" version="1" changeset="1250822" timestamp="2009-05-19T16:33:49Z" user="Liber" uid="82286" lat="33.7711029" lon="-84.3623125"/>
 <node id="406081576" visible="true" version="1" changeset="1250822" timestamp="2009-05-19T16:33:49Z" user="Liber" uid="82286" lat="33.7711258" lon="-84.3616638"/>
 <node id="406081579" visible="true" version="1" changeset="1250822" timestamp="2009-05-19T16:33:49Z" user="Liber" uid="82286" lat="33.7707050" lon="-84.3612627"/>
 <node id="406081581" visible="true" version="2" changeset="15470217" timestamp="2013-03-23T19:08:33Z" user="Ryan Lash" uid="127401" lat="33.7696890" lon="-84.3603229"/>
 <node id="406081586" visible="true" version="2" changeset="15470217" timestamp="2013-03-23T19:08:32Z" user="Ryan Lash" uid="127401" lat="33.7696879" lon="-84.3603211"/>
 <node id="406081588" visible="true" version="2" changeset="15470217" timestamp="2013-03-23T19:08:33Z" user="Ryan Lash" uid="127401" lat="33.7696352" lon="-84.3604344"/>
 <node id="406081590" visible="true" version="1" changeset="1250822" timestamp="2009-05-19T16:33:49Z" user="Liber" uid="82286" lat="33.7694817" lon="-84.3607407"/>
 <node id="406081592" visible="true" version="2" changeset="15744113" timestamp="2013-04-16T02:25:50Z" user="Ryan Lash" uid="127401" lat="33.7684902" lon="-84.3598066"/>
 <node id="406081594" visible="true" version="3" changeset="15744113" timestamp="2013-04-16T02:25:50Z" user="Ryan Lash" uid="127401" lat="33.7678963" lon="-84.3595887"/>
 <node id="406081596" visible="true" version="1" changeset="1250822" timestamp="2009-05-19T16:33:50Z" user="Liber" uid="82286" lat="33.7669426" lon="-84.3624551"/>
 <node id="406081598" visible="true" version="2" changeset="15766630" timestamp="2013-04-17T20:30:20Z" user="Ryan Lash" uid="127401" lat="33.7665712" lon="-84.3630045"/>
 <node id="406081601" visible="true" version="2" changeset="15766630" timestamp="2013-04-17T20:30:20Z" user="Ryan Lash" uid="127401" lat="33.7658550" lon="-84.3625629"/>
 <node id="406081602" visible="true" version="1" changeset="1250822" timestamp="2009-05-19T16:33:50Z" user="Liber" uid="82286" lat="33.7656291" lon="-84.3621703"/>
 <node id="406081605" visible="true" version="2" changeset="13227039" timestamp="2012-09-23T22:41:36Z" user="Ryan Lash" uid="127401" lat="33.7660008" lon="-84.3609732"/>
 <node id="406081606" visible="true" version="3" changeset="15744113" timestamp="2013-04-16T02:25:50Z" user="Ryan Lash" uid="127401" lat="33.7648547" lon="-84.3610477"/>
 <node id="406081608" visible="true" version="2" changeset="13215018" timestamp="2012-09-23T02:38:47Z" user="Ryan Lash" uid="127401" lat="33.7642429" lon="-84.3610929"/>
 <node id="406081615" visible="true" version="1" changeset="1250822" timestamp="2009-05-19T16:33:50Z" user="Liber" uid="82286" lat="33.7632503" lon="-84.3630753"/>
 <node id="406081617" visible="true" version="1" changeset="1250822" timestamp="2009-05-19T16:33:50Z" user="Liber" uid="82286" lat="33.7643216" lon="-84.3630805"/>
 <node id="406081619" visible="true" version="1" changeset="1250822" timestamp="2009-05-19T16:33:50Z" user="Liber" uid="82286" lat="33.7648122" lon="-84.3630829"/>
 <node id="406081620" visible="true" version="1" changeset="1250822" timestamp="2009-05-19T16:33:50Z" user="Liber" uid="82286" lat="33.7649120" lon="-84.3632068"/>
 <node id="406081623" visible="true" version="1" changeset="1250822" timestamp="2009-05-19T16:33:50Z" user="Liber" uid="82286" lat="33.7655296" lon="-84.3639755"/>
 <node id="406081624" visible="true" version="2" changeset="48852374" timestamp="2017-05-20T23:04:55Z" user="maxerickson" uid="360392" lat="33.7639192" lon="-84.3665229"/>
 <node id="406081625" visible="true" version="2" changeset="48852374" timestamp="2017-05-20T23:04:55Z" user="maxerickson" uid="360392" lat="33.7631351" lon="-84.3665966"/>
 <node id="406081626" visible="true" version="2" changeset="48852374" timestamp="2017-05-20T23:04:55Z" user="maxerickson" uid="360392" lat="33.7631351" lon="-84.3667070"/>
 <node id="406081627" visible="true" version="2" changeset="48852374" timestamp="2017-05-20T23:04:55Z" user="maxerickson" uid="360392" lat="33.7631456" lon="-84.3678579"/>
 <node id="406081628" visible="true" version="2" changeset="119601680" timestamp="2022-04-12T03:39:00Z" user="KB-01" uid="9509339" lat="33.7648087" lon="-84.3678137"/>
 <node id="406081629" visible="true" version="1" changeset="1250822" timestamp="2009-05-19T16:33:51Z" user="Liber" uid="82286" lat="33.7660070" lon="-84.3677915"/>
 <node id="406081631" visible="true" version="1" changeset="1250822" timestamp="2009-05-19T16:33:51Z" user="Liber" uid="82286" lat="33.7660668" lon="-84.3677904"/>
 <node id="406081633" visible="true" version="1" changeset="1250822" timestamp="2009-05-19T16:33:51Z" user="Liber" uid="82286" lat="33.7681238" lon="-84.3677532"/>
 <node id="406081637" visible="true" version="2" changeset="13215018" timestamp="2012-09-23T02:38:47Z" user="Ryan Lash" uid="127401" lat="33.7686161" lon="-84.3656171"/>
 <node id="406081639" visible="true" version="2" changeset="166815868" timestamp="2025-05-27T09:33:21Z" user="Nirmala03" uid="21759002" lat="33.7693122" lon="-84.3677343"/>
 <node id="406081641" visible="true" version="2" changeset="75330956" timestamp="2019-10-06T02:09:48Z" user="itsamap!" uid="3854496" lat="33.7698790" lon="-84.3677216"/>
 <node id="406081645" visible="true" version="1" changeset="1250822" timestamp="2009-05-19T16:33:51Z" user="Liber" uid="82286" lat="33.7707121" lon="-84.3677317"/>
 <node id="406081647" visible="true" version="1" changeset="1250822" timestamp="2009-05-19T16:33:51Z" user="Liber" uid="82286" lat="33.7709615" lon="-84.3677347"/>
 <node id="406081649" visible="true" version="1" changeset="1250822" timestamp="2009-05-19T16:33:51Z" user="Liber" uid="82286" lat="33.7711375" lon="-84.3677368"/>
 <node id="406138828" visible="true" version="3" changeset="15744113" timestamp="2013-04-16T02:25:50Z" user="Ryan Lash" uid="127401" lat="33.7635303" lon="-84.3611023"/>
 <node id="406202732" visible="true" version="2" changeset="15724843" timestamp="2013-04-14T14:51:28Z" user="Ryan Lash" uid="127401" lat="33.7650863" lon="-84.3547998"/>
 <node id="406202734" visible="true" version="2" changeset="15724843" timestamp="2013-04-14T14:51:28Z" user="Ryan Lash" uid="127401" lat="33.7643676" lon="-84.3556494"/>
 <node id="406202736" visible="true" version="1" changeset="1251275" timestamp="2009-05-19T17:17:50Z" user="Liber" uid="82286" lat="33.7632524" lon="-84.3545329"/>
 <node id="406202738" visible="true" version="1" changeset="1251275" timestamp="2009-05-19T17:17:50Z" user="Liber" uid="82286" lat="33.7630789" lon="-84.3547260"/>
 <node id="406202740" visible="true" version="1" changeset="1251275" timestamp="2009-05-19T17:17:50Z" user="Liber" uid="82286" lat="33.7624904" lon="-84.3546003"/>
 <node id="406202743" visible="true" version="1" changeset="1251275" timestamp="2009-05-19T17:17:50Z" user="Liber" uid="82286" lat="33.7624913" lon="-84.3540330"/>
 <node id="406202746" visible="true" version="1" changeset="1251275" timestamp="2009-05-19T17:17:50Z" user="Liber" uid="82286" lat="33.7589874" lon="-84.3531723"/>
 <node id="406202748" visible="true" version="1" changeset="1251275" timestamp="2009-05-19T17:17:50Z" user="Liber" uid="82286" lat="33.7589866" lon="-84.3531752"/>
 <node id="406202750" visible="true" version="1" changeset="1251275" timestamp="2009-05-19T17:17:50Z" user="Liber" uid="82286" lat="33.7587237" lon="-84.3540577"/>
 <node id="406202752" visible="true" version="1" changeset="1251275" timestamp="2009-05-19T17:17:50Z" user="Liber" uid="82286" lat="33.7585602" lon="-84.3546065"/>
 <node id="406202754" visible="true" version="1" changeset="1251275" timestamp="2009-05-19T17:17:50Z" user="Liber" uid="82286" lat="33.7593803" lon="-84.3549881"/>
 <node id="406202756" visible="true" version="1" changeset="1251275" timestamp="2009-05-19T17:17:50Z" user="Liber" uid="82286" lat="33.7598305" lon="-84.3554230"/>
 <node id="406202758" visible="true" version="1" changeset="1251275" timestamp="2009-05-19T17:17:50Z" user="Liber" uid="82286" lat="33.7607345" lon="-84.3549652"/>
 <node id="406202815" visible="true" version="2" changeset="119601680" timestamp="2022-04-12T03:39:00Z" user="KB-01" uid="9509339" lat="33.7660328" lon="-84.3553693"/>
 <node id="406202817" visible="true" version="2" changeset="15724843" timestamp="2013-04-14T14:51:28Z" user="Ryan Lash" uid="127401" lat="33.7652660" lon="-84.3548900"/>
 <node id="407912840" visible="true" version="1" changeset="1259071" timestamp="2009-05-20T08:20:16Z" user="Liber" uid="82286" lat="33.7606706" lon="-84.3588838"/>
 <node id="407912846" visible="true" version="1" changeset="1259071" timestamp="2009-05-20T08:20:17Z" user="Liber" uid="82286" lat="33.7592004" lon="-84.3623280"/>
 <node id="407912847" visible="true" version="1" changeset="1259071" timestamp="2009-05-20T08:20:17Z" user="Liber" uid="82286" lat="33.7592985" lon="-84.3639121"/>
 <node id="407912848" visible="true" version="1" changeset="1259071" timestamp="2009-05-20T08:20:17Z" user="Liber" uid="82286" lat="33.7597883" lon="-84.3638637"/>
 <node id="407912849" visible="true" version="1" changeset="1259071" timestamp="2009-05-20T08:20:17Z" user="Liber" uid="82286" lat="33.7602368" lon="-84.3644290"/>
 <node id="407912850" visible="true" version="2" changeset="15744297" timestamp="2013-04-16T02:54:39Z" user="Ryan Lash" uid="127401" lat="33.7602586" lon="-84.3655493"/>
 <node id="407912851" visible="true" version="1" changeset="1259071" timestamp="2009-05-20T08:20:17Z" user="Liber" uid="82286" lat="33.7605591" lon="-84.3655396"/>
 <node id="407913138" visible="true" version="2" changeset="15744113" timestamp="2013-04-16T02:25:50Z" user="Ryan Lash" uid="127401" lat="33.7686713" lon="-84.3593278"/>
 <node id="407913139" visible="true" version="2" changeset="15744113" timestamp="2013-04-16T02:25:50Z" user="Ryan Lash" uid="127401" lat="33.7680802" lon="-84.3589388"/>
 <node id="407913160" visible="true" version="2" changeset="15744113" timestamp="2013-04-16T02:25:50Z" user="Ryan Lash" uid="127401" lat="33.7685266" lon="-84.3597130"/>
 <node id="408012668" visible="true" version="3" changeset="109798503" timestamp="2021-08-17T09:30:49Z" user="zluuzki" uid="12785610" lat="33.7557456" lon="-84.3679257"/>
 <node id="408012669" visible="true" version="1" changeset="1259841" timestamp="2009-05-20T09:41:31Z" user="Liber" uid="82286" lat="33.7558212" lon="-84.3688583"/>
 <node id="408012670" visible="true" version="1" changeset="1259841" timestamp="2009-05-20T09:41:31Z" user="Liber" uid="82286" lat="33.7554359" lon="-84.3699646"/>
 <node id="408012674" visible="true" version="2" changeset="80084116" timestamp="2020-01-25T21:09:18Z" user="itsamap!" uid="3854496" lat="33.7566032" lon="-84.3721156"/>
 <node id="408012676" visible="true" version="2" changeset="80084116" timestamp="2020-01-25T21:09:18Z" user="itsamap!" uid="3854496" lat="33.7566040" lon="-84.3713379"/>
 <node id="408012677" visible="true" version="1" changeset="1259841" timestamp="2009-05-20T09:41:31Z" user="Liber" uid="82286" lat="33.7573379" lon="-84.3713379"/>
 <node id="408012678" visible="true" version="1" changeset="1259841" timestamp="2009-05-20T09:41:31Z" user="Liber" uid="82286" lat="33.7576408" lon="-84.3713379"/>
 <node id="408012696" visible="true" version="1" changeset="1259841" timestamp="2009-05-20T09:41:32Z" user="Liber" uid="82286" lat="33.7611173" lon="-84.3663154"/>
 <node id="408013030" visible="true" version="1" changeset="1259849" timestamp="2009-05-20T09:41:52Z" user="Liber" uid="82286" lat="33.7576779" lon="-84.3549505"/>
 <node id="408013031" visible="true" version="1" changeset="1259849" timestamp="2009-05-20T09:41:52Z" user="Liber" uid="82286" lat="33.7572708" lon="-84.3559494"/>
 <node id="408013033" visible="true" version="1" changeset="1259849" timestamp="2009-05-20T09:41:53Z" user="Liber" uid="82286" lat="33.7569017" lon="-84.3557444"/>
 <node id="408013034" visible="true" version="1" changeset="1259849" timestamp="2009-05-20T09:41:53Z" user="Liber" uid="82286" lat="33.7568588" lon="-84.3557205"/>
 <node id="408013035" visible="true" version="1" changeset="1259849" timestamp="2009-05-20T09:41:53Z" user="Liber" uid="82286" lat="33.7568453" lon="-84.3557110"/>
 <node id="408013037" visible="true" version="1" changeset="1259849" timestamp="2009-05-20T09:41:53Z" user="Liber" uid="82286" lat="33.7565877" lon="-84.3555299"/>
 <node id="408013038" visible="true" version="1" changeset="1259849" timestamp="2009-05-20T09:41:53Z" user="Liber" uid="82286" lat="33.7565162" lon="-84.3555724"/>
 <node id="408013039" visible="true" version="1" changeset="1259849" timestamp="2009-05-20T09:41:53Z" user="Liber" uid="82286" lat="33.7561378" lon="-84.3557968"/>
 <node id="408013040" visible="true" version="1" changeset="1259849" timestamp="2009-05-20T09:41:53Z" user="Liber" uid="82286" lat="33.7561365" lon="-84.3557993"/>
 <node id="408013042" visible="true" version="1" changeset="1259849" timestamp="2009-05-20T09:41:53Z" user="Liber" uid="82286" lat="33.7554588" lon="-84.3570404"/>
 <node id="408013043" visible="true" version="1" changeset="1259849" timestamp="2009-05-20T09:41:53Z" user="Liber" uid="82286" lat="33.7554548" lon="-84.3591156"/>
 <node id="408013065" visible="true" version="1" changeset="1259849" timestamp="2009-05-20T09:41:55Z" user="Liber" uid="82286" lat="33.7612915" lon="-84.3583374"/>
 <node id="408013066" visible="true" version="1" changeset="1259849" timestamp="2009-05-20T09:41:55Z" user="Liber" uid="82286" lat="33.7616081" lon="-84.3579864"/>
 <node id="408013070" visible="true" version="2" changeset="22096167" timestamp="2014-05-03T01:27:25Z" user="Jack the Ripper" uid="1946151" lat="33.7632195" lon="-84.3574642"/>
 <node id="408013071" visible="true" version="2" changeset="22096167" timestamp="2014-05-03T01:27:25Z" user="Jack the Ripper" uid="1946151" lat="33.7635035" lon="-84.3569473"/>
 <node id="408013073" visible="true" version="1" changeset="1259849" timestamp="2009-05-20T09:41:55Z" user="Liber" uid="82286" lat="33.7638369" lon="-84.3565056"/>
 <node id="408013074" visible="true" version="2" changeset="154993556" timestamp="2024-08-08T18:56:01Z" user="VLD176" uid="13352657" lat="33.7624483" lon="-84.3558495"/>
 <node id="408013075" visible="true" version="1" changeset="1259849" timestamp="2009-05-20T09:41:55Z" user="Liber" uid="82286" lat="33.7619396" lon="-84.3559708"/>
 <node id="408013076" visible="true" version="2" changeset="119601680" timestamp="2022-04-12T03:39:00Z" user="KB-01" uid="9509339" lat="33.7611613" lon="-84.3555596"/>
 <node id="408175381" visible="true" version="2" changeset="15724843" timestamp="2013-04-14T14:54:42Z" user="Ryan Lash" uid="127401" lat="33.7614618" lon="-84.3617156"/>
 <node id="408175384" visible="true" version="1" changeset="1263399" timestamp="2009-05-20T12:25:41Z" user="Liber" uid="82286" lat="33.7613261" lon="-84.3648682"/>
 <node id="408175420" visible="true" version="1" changeset="1263399" timestamp="2009-05-20T12:25:43Z" user="Liber" uid="82286" lat="33.7608795" lon="-84.3685226"/>
 <node id="408347378" visible="true" version="1" changeset="1265207" timestamp="2009-05-20T15:22:41Z" user="Liber" uid="82286" lat="33.7576000" lon="-84.3693780"/>
 <node id="408347379" visible="true" version="1" changeset="1265207" timestamp="2009-05-20T15:22:41Z" user="Liber" uid="82286" lat="33.7575989" lon="-84.3699875"/>
 <node id="408347380" visible="true" version="1" changeset="1265207" timestamp="2009-05-20T15:22:41Z" user="Liber" uid="82286" lat="33.7592892" lon="-84.3699646"/>
 <node id="408347381" visible="true" version="1" changeset="1265207" timestamp="2009-05-20T15:22:41Z" user="Liber" uid="82286" lat="33.7592697" lon="-84.3678894"/>
 <node id="408347382" visible="true" version="1" changeset="1265207" timestamp="2009-05-20T15:22:41Z" user="Liber" uid="82286" lat="33.7586366" lon="-84.3679068"/>
 <node id="408347383" visible="true" version="1" changeset="1265207" timestamp="2009-05-20T15:22:41Z" user="Liber" uid="82286" lat="33.7576027" lon="-84.3679352"/>
 <node id="408347384" visible="true" version="1" changeset="1265207" timestamp="2009-05-20T15:22:41Z" user="Liber" uid="82286" lat="33.7576027" lon="-84.3679380"/>
 <node id="408347414" visible="true" version="2" changeset="95372489" timestamp="2020-12-06T16:28:16Z" user="Keyinsilence" uid="7523713" lat="33.7554836" lon="-84.3721273"/>
 <node id="408347426" visible="true" version="1" changeset="1265207" timestamp="2009-05-20T15:22:43Z" user="Liber" uid="82286" lat="33.7560815" lon="-84.3721197"/>
 <node id="408347834" visible="true" version="1" changeset="1265207" timestamp="2009-05-20T15:22:55Z" user="Liber" uid="82286" lat="33.7658615" lon="-84.3554993"/>
 <node id="408347835" visible="true" version="1" changeset="1265207" timestamp="2009-05-20T15:22:55Z" user="Liber" uid="82286" lat="33.7655907" lon="-84.3556900"/>
 <node id="408347836" visible="true" version="2" changeset="15724843" timestamp="2013-04-14T14:51:28Z" user="Ryan Lash" uid="127401" lat="33.7649238" lon="-84.3559658"/>
 <node id="408347837" visible="true" version="2" changeset="15724843" timestamp="2013-04-14T14:51:28Z" user="Ryan Lash" uid="127401" lat="33.7647090" lon="-84.3562042"/>
 <node id="408347838" visible="true" version="2" changeset="15724843" timestamp="2013-04-14T14:51:28Z" user="Ryan Lash" uid="127401" lat="33.7644614" lon="-84.3566703"/>
 <node id="408347839" visible="true" version="2" changeset="15724843" timestamp="2013-04-14T14:51:28Z" user="Ryan Lash" uid="127401" lat="33.7644125" lon="-84.3570384"/>
 <node id="408347840" visible="true" version="2" changeset="15724843" timestamp="2013-04-14T14:51:28Z" user="Ryan Lash" uid="127401" lat="33.7644146" lon="-84.3573709"/>
 <node id="408347841" visible="true" version="2" changeset="15724843" timestamp="2013-04-14T14:51:28Z" user="Ryan Lash" uid="127401" lat="33.7644747" lon="-84.3580197"/>
 <node id="408347842" visible="true" version="2" changeset="15724843" timestamp="2013-04-14T14:51:28Z" user="Ryan Lash" uid="127401" lat="33.7645083" lon="-84.3583691"/>
 <node id="408347843" visible="true" version="2" changeset="15724843" timestamp="2013-04-14T14:51:28Z" user="Ryan Lash" uid="127401" lat="33.7645240" lon="-84.3586558"/>
 <node id="408347844" visible="true" version="2" changeset="15724843" timestamp="2013-04-14T14:51:28Z" user="Ryan Lash" uid="127401" lat="33.7645059" lon="-84.3588482"/>
 <node id="408347845" visible="true" version="2" changeset="15724843" timestamp="2013-04-14T14:51:28Z" user="Ryan Lash" uid="127401" lat="33.7644397" lon="-84.3591308"/>
 <node id="408347846" visible="true" version="2" changeset="15724843" timestamp="2013-04-14T14:51:28Z" user="Ryan Lash" uid="127401" lat="33.7643434" lon="-84.3591858"/>
 <node id="408347847" visible="true" version="1" changeset="1265207" timestamp="2009-05-20T15:22:56Z" user="Liber" uid="82286" lat="33.7642977" lon="-84.3593252"/>
 <node id="568595965" visible="true" version="4" changeset="174748294" timestamp="2025-11-16T22:25:23Z" user="MooPoo7" uid="7596709" lat="33.7642075" lon="-84.3598664"/>
 <node id="568595966" visible="true" version="5" changeset="174748294" timestamp="2025-11-16T22:25:23Z" user="MooPoo7" uid="7596709" lat="33.7643898" lon="-84.3592275"/>
 <node id="925984966" visible="true" version="2" changeset="11050617" timestamp="2012-03-21T10:33:42Z" user="dygituljunky" uid="7787" lat="33.7648130" lon="-84.3557157"/>
 <node id="925984967" visible="true" version="1" changeset="5875879" timestamp="2010-09-26T01:17:21Z" user="Lee Leonard" uid="21000" lat="33.7647128" lon="-84.3558454"/>
 <node id="926733447" visible="true" version="3" changeset="140539692" timestamp="2023-08-29T12:34:34Z" user="Valthir" uid="15439008" lat="33.7599799" lon="-84.3718755">
  <tag k="barrier" v="bollard"/>
  <tag k="bollard" v="fixed"/>
 </node>
 <node id="926733448" visible="true" version="2" changeset="166239487" timestamp="2025-05-14T07:28:18Z" user="Gangabhoolaxmi" uid="21251308" lat="33.7600149" lon="-84.3719242"/>
 <node id="926733449" visible="true" version="2" changeset="166239487" timestamp="2025-05-14T07:28:18Z" user="Gangabhoolaxmi" uid="21251308" lat="33.7600343" lon="-84.3719516">
  <tag k="barrier" v="kerb"/>
  <tag k="kerb" v="lowered"/>
  <tag k="tactile_paving" v="yes"/>
 </node>
 <node id="969139217" visible="true" version="3" changeset="94647726" timestamp="2020-11-23T15:46:09Z" user="noonfyi" uid="3825162" lat="33.7673668" lon="-84.3607051"/>
 <node id="1080552724" visible="true" version="3" changeset="11062639" timestamp="2012-03-22T13:08:11Z" user="dygituljunky" uid="7787" lat="33.7623954" lon="-84.3640393"/>
 <node id="1084086449" visible="true" version="2" changeset="6911030" timestamp="2011-01-09T00:54:06Z" user="quervo" uid="390962" lat="33.7615658" lon="-84.3670929"/>
 <node id="1084086453" visible="true" version="2" changeset="6911030" timestamp="2011-01-09T00:54:06Z" user="quervo" uid="390962" lat="33.7614435" lon="-84.3670995"/>
 <node id="1088370220" visible="true" version="1" changeset="6893300" timestamp="2011-01-07T14:34:21Z" user="Mark Gray" uid="28852" lat="33.7688304" lon="-84.3527156"/>
 <node id="1088370348" visible="true" version="3" changeset="174748294" timestamp="2025-11-16T22:25:23Z" user="MooPoo7" uid="7596709" lat="33.7648850" lon="-84.3593329"/>
 <node id="1088370417" visible="true" version="3" changeset="174748294" timestamp="2025-11-16T22:25:23Z" user="MooPoo7" uid="7596709" lat="33.7646655" lon="-84.3595325"/>
 <node id="1088370474" visible="true" version="2" changeset="11062639" timestamp="2012-03-22T13:08:11Z" user="dygituljunky" uid="7787" lat="33.7663140" lon="-84.3587921"/>
 <node id="1088370679" visible="true" version="1" changeset="6893300" timestamp="2011-01-07T14:34:34Z" user="Mark Gray" uid="28852" lat="33.7664992" lon="-84.3587063"/>
 <node id="1088370686" visible="true" version="1" changeset="6893300" timestamp="2011-01-07T14:34:34Z" user="Mark Gray" uid="28852" lat="33.7666625" lon="-84.3586430"/>
 <node id="1088370776" visible="true" version="4" changeset="174748294" timestamp="2025-11-16T22:25:23Z" user="MooPoo7" uid="7596709" lat="33.7652955" lon="-84.3590366"/>
 <node id="1088370884" visible="true" version="2" changeset="11050617" timestamp="2012-03-21T10:33:41Z" user="dygituljunky" uid="7787" lat="33.7660896" lon="-84.3553365"/>
 <node id="1088710559" visible="true" version="1" changeset="6894658" timestamp="2011-01-07T16:39:08Z" user="quervo" uid="390962" lat="33.7593806" lon="-84.3697045"/>
 <node id="1088710588" visible="true" version="2" changeset="96157574" timestamp="2020-12-20T23:21:34Z" user="JessAk71" uid="381909" lat="33.7593891" lon="-84.3703474"/>
 <node id="1088858781" visible="true" version="1" changeset="6895102" timestamp="2011-01-07T17:39:27Z" user="Mark Gray" uid="28852" lat="33.7642800" lon="-84.3565482"/>
 <node id="1088858784" visible="true" version="2" changeset="174748294" timestamp="2025-11-16T22:25:23Z" user="MooPoo7" uid="7596709" lat="33.7647843" lon="-84.3594148"/>
 <node id="1088858785" visible="true" version="3" changeset="174748294" timestamp="2025-11-16T22:25:23Z" user="MooPoo7" uid="7596709" lat="33.7644852" lon="-84.3595509"/>
 <node id="1088858788" visible="true" version="2" changeset="11062639" timestamp="2012-03-22T13:08:12Z" user="dygituljunky" uid="7787" lat="33.7653951" lon="-84.3588816"/>
 <node id="1088858807" visible="true" version="2" changeset="11062639" timestamp="2012-03-22T13:08:12Z" user="dygituljunky" uid="7787" lat="33.7644515" lon="-84.3568914"/>
 <node id="1088858812" visible="true" version="3" changeset="174748294" timestamp="2025-11-16T22:25:23Z" user="MooPoo7" uid="7596709" lat="33.7643598" lon="-84.3599425"/>
 <node id="1088913583" visible="true" version="1" changeset="6895102" timestamp="2011-01-07T17:56:38Z" user="Mark Gray" uid="28852" lat="33.7660662" lon="-84.3609856"/>
 <node id="1088913644" visible="true" version="1" changeset="6895102" timestamp="2011-01-07T17:56:39Z" user="Mark Gray" uid="28852" lat="33.7661465" lon="-84.3623642"/>
 <node id="1088913807" visible="true" version="2" changeset="167839707" timestamp="2025-06-19T18:15:44Z" user="alexwohlbruck" uid="12370548" lat="33.7660552" lon="-84.3607773"/>
 <node id="1088913998" visible="true" version="1" changeset="6895102" timestamp="2011-01-07T17:56:44Z" user="Mark Gray" uid="28852" lat="33.7659570" lon="-84.3619485"/>
 <node id="1092816023" visible="true" version="1" changeset="6911030" timestamp="2011-01-09T00:54:06Z" user="quervo" uid="390962" lat="33.7618050" lon="-84.3671936"/>
 <node id="1092816027" visible="true" version="1" changeset="6911030" timestamp="2011-01-09T00:54:06Z" user="quervo" uid="390962" lat="33.7616639" lon="-84.3671992"/>
 <node id="1684496747" visible="true" version="1" changeset="11050617" timestamp="2012-03-21T10:33:34Z" user="dygituljunky" uid="7787" lat="33.7681387" lon="-84.3536992"/>
 <node id="1684496749" visible="true" version="1" changeset="11050617" timestamp="2012-03-21T10:33:34Z" user="dygituljunky" uid="7787" lat="33.7599563" lon="-84.3696555"/>
 <node id="1684496750" visible="true" version="1" changeset="11050617" timestamp="2012-03-21T10:33:34Z" user="dygituljunky" uid="7787" lat="33.7651653" lon="-84.3554189"/>
 <node id="1684496751" visible="true" version="1" changeset="11050617" timestamp="2012-03-21T10:33:34Z" user="dygituljunky" uid="7787" lat="33.7655779" lon="-84.3554275"/>
 <node id="1684496752" visible="true" version="1" changeset="11050617" timestamp="2012-03-21T10:33:34Z" user="dygituljunky" uid="7787" lat="33.7644168" lon="-84.3562274"/>
 <node id="1684496753" visible="true" version="1" changeset="11050617" timestamp="2012-03-21T10:33:34Z" user="dygituljunky" uid="7787" lat="33.7599263" lon="-84.3717048"/>
 <node id="1684496766" visible="true" version="1" changeset="11050617" timestamp="2012-03-21T10:33:35Z" user="dygituljunky" uid="7787" lat="33.7666338" lon="-84.3548698"/>
 <node id="1684496768" visible="true" version="1" changeset="11050617" timestamp="2012-03-21T10:33:35Z" user="dygituljunky" uid="7787" lat="33.7644759" lon="-84.3587402"/>
 <node id="1684496779" visible="true" version="1" changeset="11050617" timestamp="2012-03-21T10:33:35Z" user="dygituljunky" uid="7787" lat="33.7650187" lon="-84.3554909"/>
 <node id="1684496781" visible="true" version="1" changeset="11050617" timestamp="2012-03-21T10:33:35Z" user="dygituljunky" uid="7787" lat="33.7685788" lon="-84.3528977"/>
 <node id="1684496783" visible="true" version="1" changeset="11050617" timestamp="2012-03-21T10:33:35Z" user="dygituljunky" uid="7787" lat="33.7682383" lon="-84.3535607"/>
 <node id="1684496785" visible="true" version="1" changeset="11050617" timestamp="2012-03-21T10:33:35Z" user="dygituljunky" uid="7787" lat="33.7665720" lon="-84.3549396"/>
 <node id="1684496786" visible="true" version="1" changeset="11050617" timestamp="2012-03-21T10:33:35Z" user="dygituljunky" uid="7787" lat="33.7599294" lon="-84.3715034"/>
 <node id="1684496787" visible="true" version="1" changeset="11050617" timestamp="2012-03-21T10:33:35Z" user="dygituljunky" uid="7787" lat="33.7599676" lon="-84.3718298"/>
 <node id="1684496789" visible="true" version="1" changeset="11050617" timestamp="2012-03-21T10:33:35Z" user="dygituljunky" uid="7787" lat="33.7616745" lon="-84.3652435"/>
 <node id="1684496797" visible="true" version="1" changeset="11050617" timestamp="2012-03-21T10:33:36Z" user="dygituljunky" uid="7787" lat="33.7666909" lon="-84.3548063"/>
 <node id="1684496801" visible="true" version="1" changeset="11050617" timestamp="2012-03-21T10:33:36Z" user="dygituljunky" uid="7787" lat="33.7644682" lon="-84.3588885"/>
 <node id="1684496813" visible="true" version="1" changeset="11050617" timestamp="2012-03-21T10:33:36Z" user="dygituljunky" uid="7787" lat="33.7685459" lon="-84.3529285"/>
 <node id="1684496815" visible="true" version="1" changeset="11050617" timestamp="2012-03-21T10:33:36Z" user="dygituljunky" uid="7787" lat="33.7653175" lon="-84.3553923"/>
 <node id="1684496819" visible="true" version="1" changeset="11050617" timestamp="2012-03-21T10:33:36Z" user="dygituljunky" uid="7787" lat="33.7599198" lon="-84.3715565"/>
 <node id="1684496823" visible="true" version="1" changeset="11050617" timestamp="2012-03-21T10:33:36Z" user="dygituljunky" uid="7787" lat="33.7616460" lon="-84.3653608"/>
 <node id="1684496825" visible="true" version="1" changeset="11050617" timestamp="2012-03-21T10:33:36Z" user="dygituljunky" uid="7787" lat="33.7650971" lon="-84.3554463"/>
 <node id="1684496826" visible="true" version="1" changeset="11050617" timestamp="2012-03-21T10:33:36Z" user="dygituljunky" uid="7787" lat="33.7688671" lon="-84.3526742"/>
 <node id="1684496831" visible="true" version="1" changeset="11050617" timestamp="2012-03-21T10:33:37Z" user="dygituljunky" uid="7787" lat="33.7680904" lon="-84.3537567"/>
 <node id="1684496841" visible="true" version="2" changeset="12098097" timestamp="2012-07-03T09:31:35Z" user="dygituljunky" uid="7787" lat="33.7600145" lon="-84.3695284"/>
 <node id="1684496843" visible="true" version="1" changeset="11050617" timestamp="2012-03-21T10:33:37Z" user="dygituljunky" uid="7787" lat="33.7599338" lon="-84.3697489"/>
 <node id="1684496860" visible="true" version="1" changeset="11050617" timestamp="2012-03-21T10:33:37Z" user="dygituljunky" uid="7787" lat="33.7631040" lon="-84.3621508"/>
 <node id="1684496861" visible="true" version="1" changeset="11050617" timestamp="2012-03-21T10:33:37Z" user="dygituljunky" uid="7787" lat="33.7665139" lon="-84.3550005"/>
 <node id="1684496863" visible="true" version="1" changeset="11050617" timestamp="2012-03-21T10:33:38Z" user="dygituljunky" uid="7787" lat="33.7684838" lon="-84.3530249"/>
 <node id="1684496864" visible="true" version="1" changeset="11050617" timestamp="2012-03-21T10:33:38Z" user="dygituljunky" uid="7787" lat="33.7684358" lon="-84.3531305"/>
 <node id="1684496865" visible="true" version="1" changeset="11050617" timestamp="2012-03-21T10:33:38Z" user="dygituljunky" uid="7787" lat="33.7643533" lon="-84.3563324"/>
 <node id="1684496866" visible="true" version="1" changeset="11050617" timestamp="2012-03-21T10:33:38Z" user="dygituljunky" uid="7787" lat="33.7682855" lon="-84.3534723"/>
 <node id="1684496867" visible="true" version="1" changeset="11050617" timestamp="2012-03-21T10:33:38Z" user="dygituljunky" uid="7787" lat="33.7660190" lon="-84.3553683"/>
 <node id="1684496877" visible="true" version="1" changeset="11050617" timestamp="2012-03-21T10:33:38Z" user="dygituljunky" uid="7787" lat="33.7634211" lon="-84.3614522"/>
 <node id="1684496880" visible="true" version="1" changeset="11050617" timestamp="2012-03-21T10:33:38Z" user="dygituljunky" uid="7787" lat="33.7642920" lon="-84.3564788"/>
 <node id="1684496881" visible="true" version="1" changeset="11050617" timestamp="2012-03-21T10:33:38Z" user="dygituljunky" uid="7787" lat="33.7599483" lon="-84.3717429"/>
 <node id="1684496883" visible="true" version="1" changeset="11050617" timestamp="2012-03-21T10:33:38Z" user="dygituljunky" uid="7787" lat="33.7659720" lon="-84.3553803"/>
 <node id="1684496885" visible="true" version="1" changeset="11050617" timestamp="2012-03-21T10:33:38Z" user="dygituljunky" uid="7787" lat="33.7648874" lon="-84.3556180"/>
 <node id="1685881407" visible="true" version="1" changeset="11062639" timestamp="2012-03-22T13:05:55Z" user="dygituljunky" uid="7787" lat="33.7620740" lon="-84.3645344"/>
 <node id="1685881463" visible="true" version="2" changeset="174748294" timestamp="2025-11-16T22:25:23Z" user="MooPoo7" uid="7596709" lat="33.7642452" lon="-84.3599024"/>
 <node id="1685881478" visible="true" version="2" changeset="174748294" timestamp="2025-11-16T22:25:23Z" user="MooPoo7" uid="7596709" lat="33.7644305" lon="-84.3598266"/>
 <node id="1685881480" visible="true" version="1" changeset="11062639" timestamp="2012-03-22T13:05:58Z" user="dygituljunky" uid="7787" lat="33.7644444" lon="-84.3574255"/>
 <node id="1685881482" visible="true" version="1" changeset="11062639" timestamp="2012-03-22T13:05:58Z" user="dygituljunky" uid="7787" lat="33.7644660" lon="-84.3568134"/>
 <node id="1685881486" visible="true" version="1" changeset="11062639" timestamp="2012-03-22T13:05:58Z" user="dygituljunky" uid="7787" lat="33.7645064" lon="-84.3590327"/>
 <node id="1685881487" visible="true" version="1" changeset="11062639" timestamp="2012-03-22T13:05:58Z" user="dygituljunky" uid="7787" lat="33.7645111" lon="-84.3570763"/>
 <node id="1685881489" visible="true" version="1" changeset="11062639" timestamp="2012-03-22T13:05:58Z" user="dygituljunky" uid="7787" lat="33.7645250" lon="-84.3572986"/>
 <node id="1685881490" visible="true" version="1" changeset="11062639" timestamp="2012-03-22T13:05:58Z" user="dygituljunky" uid="7787" lat="33.7645398" lon="-84.3566962"/>
 <node id="1685881491" visible="true" version="1" changeset="11062639" timestamp="2012-03-22T13:05:58Z" user="dygituljunky" uid="7787" lat="33.7645418" lon="-84.3565939"/>
 <node id="1685881492" visible="true" version="1" changeset="11062639" timestamp="2012-03-22T13:05:58Z" user="dygituljunky" uid="7787" lat="33.7645496" lon="-84.3585038"/>
 <node id="1685881499" visible="true" version="1" changeset="11062639" timestamp="2012-03-22T13:05:59Z" user="dygituljunky" uid="7787" lat="33.7645536" lon="-84.3586644"/>
 <node id="1685881501" visible="true" version="1" changeset="11062639" timestamp="2012-03-22T13:05:59Z" user="dygituljunky" uid="7787" lat="33.7645611" lon="-84.3566065"/>
 <node id="1685881503" visible="true" version="1" changeset="11062639" timestamp="2012-03-22T13:05:59Z" user="dygituljunky" uid="7787" lat="33.7645803" lon="-84.3575898"/>
 <node id="1685881507" visible="true" version="1" changeset="11062639" timestamp="2012-03-22T13:05:59Z" user="dygituljunky" uid="7787" lat="33.7646592" lon="-84.3579529"/>
 <node id="1685881508" visible="true" version="1" changeset="11062639" timestamp="2012-03-22T13:05:59Z" user="dygituljunky" uid="7787" lat="33.7646828" lon="-84.3580450"/>
 <node id="1685881509" visible="true" version="1" changeset="11062639" timestamp="2012-03-22T13:05:59Z" user="dygituljunky" uid="7787" lat="33.7647523" lon="-84.3582373"/>
 <node id="1685881510" visible="true" version="1" changeset="11062639" timestamp="2012-03-22T13:05:59Z" user="dygituljunky" uid="7787" lat="33.7648416" lon="-84.3584056"/>
 <node id="1685881512" visible="true" version="1" changeset="11062639" timestamp="2012-03-22T13:05:59Z" user="dygituljunky" uid="7787" lat="33.7649222" lon="-84.3585233"/>
 <node id="1685881514" visible="true" version="1" changeset="11062639" timestamp="2012-03-22T13:05:59Z" user="dygituljunky" uid="7787" lat="33.7650153" lon="-84.3586312"/>
 <node id="1685881520" visible="true" version="2" changeset="174748294" timestamp="2025-11-16T22:25:23Z" user="MooPoo7" uid="7596709" lat="33.7651391" lon="-84.3589905"/>
 <node id="1685881522" visible="true" version="1" changeset="11062639" timestamp="2012-03-22T13:06:00Z" user="dygituljunky" uid="7787" lat="33.7651377" lon="-84.3587403"/>
 <node id="1685881523" visible="true" version="1" changeset="11062639" timestamp="2012-03-22T13:06:00Z" user="dygituljunky" uid="7787" lat="33.7652548" lon="-84.3588174"/>
 <node id="1685881525" visible="true" version="1" changeset="11062639" timestamp="2012-03-22T13:06:00Z" user="dygituljunky" uid="7787" lat="33.7654878" lon="-84.3588940"/>
 <node id="1685881527" visible="true" version="1" changeset="11062639" timestamp="2012-03-22T13:06:00Z" user="dygituljunky" uid="7787" lat="33.7656186" lon="-84.3589467"/>
 <node id="1685881528" visible="true" version="1" changeset="11062639" timestamp="2012-03-22T13:06:00Z" user="dygituljunky" uid="7787" lat="33.7657751" lon="-84.3589565"/>
 <node id="1685881529" visible="true" version="1" changeset="11062639" timestamp="2012-03-22T13:06:00Z" user="dygituljunky" uid="7787" lat="33.7659167" lon="-84.3589467"/>
 <node id="1685881530" visible="true" version="1" changeset="11062639" timestamp="2012-03-22T13:06:00Z" user="dygituljunky" uid="7787" lat="33.7659936" lon="-84.3589273"/>
 <node id="1685881531" visible="true" version="1" changeset="11062639" timestamp="2012-03-22T13:06:00Z" user="dygituljunky" uid="7787" lat="33.7661292" lon="-84.3588818"/>
 <node id="1685881532" visible="true" version="1" changeset="11062639" timestamp="2012-03-22T13:06:00Z" user="dygituljunky" uid="7787" lat="33.7662202" lon="-84.3588396"/>
 <node id="1685881558" visible="true" version="2" changeset="119688097" timestamp="2022-04-13T22:54:57Z" user="demory" uid="186210" lat="33.7689105" lon="-84.3526025"/>
 <node id="1687040847" visible="true" version="1" changeset="11072727" timestamp="2012-03-23T11:19:16Z" user="dygituljunky" uid="7787" lat="33.7643498" lon="-84.3581107">
  <tag k="amenity" v="bench"/>
 </node>
 <node id="1811042733" visible="true" version="1" changeset="12098097" timestamp="2012-07-03T09:31:31Z" user="dygituljunky" uid="7787" lat="33.7615152" lon="-84.3660494"/>
 <node id="1811042766" visible="true" version="1" changeset="12098097" timestamp="2012-07-03T09:31:31Z" user="dygituljunky" uid="7787" lat="33.7615648" lon="-84.3658698"/>
 <node id="1811042832" visible="true" version="1" changeset="12098097" timestamp="2012-07-03T09:31:33Z" user="dygituljunky" uid="7787" lat="33.7604719" lon="-84.3682988"/>
 <node id="1928281191" visible="true" version="1" changeset="13215018" timestamp="2012-09-23T02:38:19Z" user="Ryan Lash" uid="127401" lat="33.7638985" lon="-84.3621107"/>
 <node id="1928281192" visible="true" version="1" changeset="13215018" timestamp="2012-09-23T02:38:19Z" user="Ryan Lash" uid="127401" lat="33.7639083" lon="-84.3619649"/>
 <node id="1928281193" visible="true" version="1" changeset="13215018" timestamp="2012-09-23T02:38:19Z" user="Ryan Lash" uid="127401" lat="33.7639357" lon="-84.3617557"/>
 <node id="1928281194" visible="true" version="1" changeset="13215018" timestamp="2012-09-23T02:38:19Z" user="Ryan Lash" uid="127401" lat="33.7639787" lon="-84.3621083"/>
 <node id="1928281195" visible="true" version="1" changeset="13215018" timestamp="2012-09-23T02:38:19Z" user="Ryan Lash" uid="127401" lat="33.7639806" lon="-84.3619743"/>
 <node id="1928281196" visible="true" version="1" changeset="13215018" timestamp="2012-09-23T02:38:20Z" user="Ryan Lash" uid="127401" lat="33.7639832" lon="-84.3621090"/>
 <node id="1928281197" visible="true" version="1" changeset="13215018" timestamp="2012-09-23T02:38:20Z" user="Ryan Lash" uid="127401" lat="33.7639865" lon="-84.3615348"/>
 <node id="1928281198" visible="true" version="1" changeset="13215018" timestamp="2012-09-23T02:38:20Z" user="Ryan Lash" uid="127401" lat="33.7639938" lon="-84.3616722"/>
 <node id="1928281199" visible="true" version="1" changeset="13215018" timestamp="2012-09-23T02:38:20Z" user="Ryan Lash" uid="127401" lat="33.7640041" lon="-84.3617722"/>
 <node id="1928281200" visible="true" version="1" changeset="13215018" timestamp="2012-09-23T02:38:20Z" user="Ryan Lash" uid="127401" lat="33.7640588" lon="-84.3615583"/>
 <node id="1928281201" visible="true" version="1" changeset="13215018" timestamp="2012-09-23T02:38:20Z" user="Ryan Lash" uid="127401" lat="33.7640646" lon="-84.3613350"/>
 <node id="1928281202" visible="true" version="1" changeset="13215018" timestamp="2012-09-23T02:38:20Z" user="Ryan Lash" uid="127401" lat="33.7641350" lon="-84.3613632"/>
 <node id="1928281203" visible="true" version="1" changeset="13215018" timestamp="2012-09-23T02:38:20Z" user="Ryan Lash" uid="127401" lat="33.7642361" lon="-84.3610329"/>
 <node id="1928281204" visible="true" version="1" changeset="13215018" timestamp="2012-09-23T02:38:20Z" user="Ryan Lash" uid="127401" lat="33.7642503" lon="-84.3608955"/>
 <node id="1928281205" visible="true" version="1" changeset="13215018" timestamp="2012-09-23T02:38:20Z" user="Ryan Lash" uid="127401" lat="33.7642503" lon="-84.3610835"/>
 <node id="1928281206" visible="true" version="1" changeset="13215018" timestamp="2012-09-23T02:38:20Z" user="Ryan Lash" uid="127401" lat="33.7643407" lon="-84.3609362"/>
 <node id="1928281207" visible="true" version="1" changeset="13215018" timestamp="2012-09-23T02:38:20Z" user="Ryan Lash" uid="127401" lat="33.7644663" lon="-84.3607612"/>
 <node id="1928281208" visible="true" version="1" changeset="13215018" timestamp="2012-09-23T02:38:20Z" user="Ryan Lash" uid="127401" lat="33.7644746" lon="-84.3606881"/>
 <node id="1928281209" visible="true" version="1" changeset="13215018" timestamp="2012-09-23T02:38:20Z" user="Ryan Lash" uid="127401" lat="33.7644912" lon="-84.3608211"/>
 <node id="1928281210" visible="true" version="1" changeset="13215018" timestamp="2012-09-23T02:38:20Z" user="Ryan Lash" uid="127401" lat="33.7645243" lon="-84.3608610"/>
 <node id="1928281211" visible="true" version="1" changeset="13215018" timestamp="2012-09-23T02:38:20Z" user="Ryan Lash" uid="127401" lat="33.7645326" lon="-84.3606615"/>
 <node id="1928281212" visible="true" version="1" changeset="13215018" timestamp="2012-09-23T02:38:20Z" user="Ryan Lash" uid="127401" lat="33.7645519" lon="-84.3606283"/>
 <node id="1928281213" visible="true" version="1" changeset="13215018" timestamp="2012-09-23T02:38:20Z" user="Ryan Lash" uid="127401" lat="33.7645547" lon="-84.3608643"/>
 <node id="1928281214" visible="true" version="1" changeset="13215018" timestamp="2012-09-23T02:38:20Z" user="Ryan Lash" uid="127401" lat="33.7645906" lon="-84.3605851"/>
 <node id="1928281215" visible="true" version="1" changeset="13215018" timestamp="2012-09-23T02:38:20Z" user="Ryan Lash" uid="127401" lat="33.7645962" lon="-84.3604454"/>
 <node id="1928281216" visible="true" version="1" changeset="13215018" timestamp="2012-09-23T02:38:20Z" user="Ryan Lash" uid="127401" lat="33.7645962" lon="-84.3604986"/>
 <node id="1928281217" visible="true" version="1" changeset="13215018" timestamp="2012-09-23T02:38:20Z" user="Ryan Lash" uid="127401" lat="33.7645989" lon="-84.3605485"/>
 <node id="1928281218" visible="true" version="1" changeset="13215018" timestamp="2012-09-23T02:38:20Z" user="Ryan Lash" uid="127401" lat="33.7645989" lon="-84.3608510"/>
 <node id="1928281219" visible="true" version="1" changeset="13215018" timestamp="2012-09-23T02:38:20Z" user="Ryan Lash" uid="127401" lat="33.7646238" lon="-84.3604155"/>
 <node id="1928281220" visible="true" version="1" changeset="13215018" timestamp="2012-09-23T02:38:20Z" user="Ryan Lash" uid="127401" lat="33.7646404" lon="-84.3608244"/>
 <node id="1928281221" visible="true" version="1" changeset="13215018" timestamp="2012-09-23T02:38:20Z" user="Ryan Lash" uid="127401" lat="33.7646487" lon="-84.3603923"/>
 <node id="1928281222" visible="true" version="1" changeset="13215018" timestamp="2012-09-23T02:38:20Z" user="Ryan Lash" uid="127401" lat="33.7646652" lon="-84.3603457"/>
 <node id="1928281223" visible="true" version="1" changeset="13215018" timestamp="2012-09-23T02:38:20Z" user="Ryan Lash" uid="127401" lat="33.7646763" lon="-84.3608344"/>
 <node id="1928281224" visible="true" version="1" changeset="13215018" timestamp="2012-09-23T02:38:20Z" user="Ryan Lash" uid="127401" lat="33.7646846" lon="-84.3606050"/>
 <node id="1928281225" visible="true" version="1" changeset="13215018" timestamp="2012-09-23T02:38:21Z" user="Ryan Lash" uid="127401" lat="33.7646846" lon="-84.3606416"/>
 <node id="1928281226" visible="true" version="1" changeset="13215018" timestamp="2012-09-23T02:38:21Z" user="Ryan Lash" uid="127401" lat="33.7646984" lon="-84.3605684"/>
 <node id="1928281227" visible="true" version="1" changeset="13215018" timestamp="2012-09-23T02:38:21Z" user="Ryan Lash" uid="127401" lat="33.7647012" lon="-84.3603125"/>
 <node id="1928281228" visible="true" version="1" changeset="13215018" timestamp="2012-09-23T02:38:21Z" user="Ryan Lash" uid="127401" lat="33.7647122" lon="-84.3608277"/>
 <node id="1928281229" visible="true" version="1" changeset="13215018" timestamp="2012-09-23T02:38:21Z" user="Ryan Lash" uid="127401" lat="33.7647205" lon="-84.3606582"/>
 <node id="1928281230" visible="true" version="1" changeset="13215018" timestamp="2012-09-23T02:38:21Z" user="Ryan Lash" uid="127401" lat="33.7647233" lon="-84.3605485"/>
 <node id="1928281231" visible="true" version="1" changeset="13215018" timestamp="2012-09-23T02:38:21Z" user="Ryan Lash" uid="127401" lat="33.7647399" lon="-84.3608277"/>
 <node id="1928281232" visible="true" version="1" changeset="13215018" timestamp="2012-09-23T02:38:21Z" user="Ryan Lash" uid="127401" lat="33.7647454" lon="-84.3604188"/>
 <node id="1928281233" visible="true" version="1" changeset="13215018" timestamp="2012-09-23T02:38:21Z" user="Ryan Lash" uid="127401" lat="33.7647482" lon="-84.3606432"/>
 <node id="1928281234" visible="true" version="1" changeset="13215018" timestamp="2012-09-23T02:38:21Z" user="Ryan Lash" uid="127401" lat="33.7647509" lon="-84.3604687"/>
 <node id="1928281235" visible="true" version="1" changeset="13215018" timestamp="2012-09-23T02:38:21Z" user="Ryan Lash" uid="127401" lat="33.7647509" lon="-84.3605053"/>
 <node id="1928281236" visible="true" version="1" changeset="13215018" timestamp="2012-09-23T02:38:21Z" user="Ryan Lash" uid="127401" lat="33.7647647" lon="-84.3608410"/>
 <node id="1928281237" visible="true" version="1" changeset="13215018" timestamp="2012-09-23T02:38:21Z" user="Ryan Lash" uid="127401" lat="33.7647703" lon="-84.3606515"/>
 <node id="1928281238" visible="true" version="1" changeset="13215018" timestamp="2012-09-23T02:38:21Z" user="Ryan Lash" uid="127401" lat="33.7647827" lon="-84.3606914"/>
 <node id="1928281239" visible="true" version="1" changeset="13215018" timestamp="2012-09-23T02:38:21Z" user="Ryan Lash" uid="127401" lat="33.7647924" lon="-84.3608310"/>
 <node id="1928281240" visible="true" version="1" changeset="13215018" timestamp="2012-09-23T02:38:21Z" user="Ryan Lash" uid="127401" lat="33.7648008" lon="-84.3605506"/>
 <node id="1928281241" visible="true" version="1" changeset="13215018" timestamp="2012-09-23T02:38:21Z" user="Ryan Lash" uid="127401" lat="33.7648089" lon="-84.3601596"/>
 <node id="1928281242" visible="true" version="1" changeset="13215018" timestamp="2012-09-23T02:38:21Z" user="Ryan Lash" uid="127401" lat="33.7648186" lon="-84.3606748"/>
 <node id="1928281243" visible="true" version="1" changeset="13215018" timestamp="2012-09-23T02:38:21Z" user="Ryan Lash" uid="127401" lat="33.7648228" lon="-84.3599169"/>
 <node id="1928281244" visible="true" version="1" changeset="13215018" timestamp="2012-09-23T02:38:21Z" user="Ryan Lash" uid="127401" lat="33.7648228" lon="-84.3608543"/>
 <node id="1928281245" visible="true" version="1" changeset="13215018" timestamp="2012-09-23T02:38:21Z" user="Ryan Lash" uid="127401" lat="33.7648338" lon="-84.3601862"/>
 <node id="1928281246" visible="true" version="1" changeset="13215018" timestamp="2012-09-23T02:38:22Z" user="Ryan Lash" uid="127401" lat="33.7648340" lon="-84.3606354"/>
 <node id="1928281247" visible="true" version="1" changeset="13215018" timestamp="2012-09-23T02:38:22Z" user="Ryan Lash" uid="127401" lat="33.7648393" lon="-84.3606615"/>
 <node id="1928281248" visible="true" version="1" changeset="13215018" timestamp="2012-09-23T02:38:22Z" user="Ryan Lash" uid="127401" lat="33.7648559" lon="-84.3608310"/>
 <node id="1928281249" visible="true" version="1" changeset="13215018" timestamp="2012-09-23T02:38:22Z" user="Ryan Lash" uid="127401" lat="33.7648656" lon="-84.3606765"/>
 <node id="1928281250" visible="true" version="1" changeset="13215018" timestamp="2012-09-23T02:38:22Z" user="Ryan Lash" uid="127401" lat="33.7648725" lon="-84.3599402"/>
 <node id="1928281251" visible="true" version="1" changeset="13215018" timestamp="2012-09-23T02:38:22Z" user="Ryan Lash" uid="127401" lat="33.7648782" lon="-84.3598492"/>
 <node id="1928281252" visible="true" version="1" changeset="13215018" timestamp="2012-09-23T02:38:22Z" user="Ryan Lash" uid="127401" lat="33.7648822" lon="-84.3606964"/>
 <node id="1928281253" visible="true" version="3" changeset="29155268" timestamp="2015-02-28T13:14:07Z" user="maven149" uid="136601" lat="33.7648705" lon="-84.3595895"/>
 <node id="1928281254" visible="true" version="1" changeset="13215018" timestamp="2012-09-23T02:38:22Z" user="Ryan Lash" uid="127401" lat="33.7648870" lon="-84.3605593"/>
 <node id="1928281255" visible="true" version="1" changeset="13215018" timestamp="2012-09-23T02:38:22Z" user="Ryan Lash" uid="127401" lat="33.7648946" lon="-84.3608277"/>
 <node id="1928281256" visible="true" version="1" changeset="13215018" timestamp="2012-09-23T02:38:22Z" user="Ryan Lash" uid="127401" lat="33.7648989" lon="-84.3598741"/>
 <node id="1928281257" visible="true" version="1" changeset="13215018" timestamp="2012-09-23T02:38:22Z" user="Ryan Lash" uid="127401" lat="33.7649167" lon="-84.3606964"/>
 <node id="1928281259" visible="true" version="1" changeset="13215018" timestamp="2012-09-23T02:38:22Z" user="Ryan Lash" uid="127401" lat="33.7649361" lon="-84.3608144"/>
 <node id="1928281260" visible="true" version="1" changeset="13215018" timestamp="2012-09-23T02:38:22Z" user="Ryan Lash" uid="127401" lat="33.7649430" lon="-84.3607080"/>
 <node id="1928281261" visible="true" version="1" changeset="13215018" timestamp="2012-09-23T02:38:22Z" user="Ryan Lash" uid="127401" lat="33.7649651" lon="-84.3607263"/>
 <node id="1928281262" visible="true" version="1" changeset="13215018" timestamp="2012-09-23T02:38:22Z" user="Ryan Lash" uid="127401" lat="33.7649665" lon="-84.3607646"/>
 <node id="1928281263" visible="true" version="1" changeset="13215018" timestamp="2012-09-23T02:38:22Z" user="Ryan Lash" uid="127401" lat="33.7649913" lon="-84.3598598"/>
 <node id="1928281265" visible="true" version="2" changeset="165779241" timestamp="2025-05-03T22:42:16Z" user="Alan Rohrbach" uid="22640997" lat="33.7650348" lon="-84.3608276">
  <tag k="amenity" v="toilets"/>
  <tag k="check_date" v="2025-05-03"/>
  <tag k="fee" v="no"/>
  <tag k="wheelchair" v="yes"/>
 </node>
 <node id="1928281266" visible="true" version="1" changeset="13215018" timestamp="2012-09-23T02:38:22Z" user="Ryan Lash" uid="127401" lat="33.7650818" lon="-84.3607395"/>
 <node id="1928281267" visible="true" version="1" changeset="13215018" timestamp="2012-09-23T02:38:22Z" user="Ryan Lash" uid="127401" lat="33.7650832" lon="-84.3606846"/>
 <node id="1928281269" visible="true" version="1" changeset="13215018" timestamp="2012-09-23T02:38:22Z" user="Ryan Lash" uid="127401" lat="33.7650998" lon="-84.3607545"/>
 <node id="1928281270" visible="true" version="1" changeset="13215018" timestamp="2012-09-23T02:38:22Z" user="Ryan Lash" uid="127401" lat="33.7651316" lon="-84.3608697"/>
 <node id="1928281271" visible="true" version="1" changeset="13215018" timestamp="2012-09-23T02:38:22Z" user="Ryan Lash" uid="127401" lat="33.7651343" lon="-84.3608218"/>
 <node id="1928281272" visible="true" version="1" changeset="13215018" timestamp="2012-09-23T02:38:22Z" user="Ryan Lash" uid="127401" lat="33.7651398" lon="-84.3607229"/>
 <node id="1928281274" visible="true" version="1" changeset="13215018" timestamp="2012-09-23T02:38:22Z" user="Ryan Lash" uid="127401" lat="33.7654342" lon="-84.3608442"/>
 <node id="1928281275" visible="true" version="1" changeset="13215018" timestamp="2012-09-23T02:38:22Z" user="Ryan Lash" uid="127401" lat="33.7654411" lon="-84.3608010"/>
 <node id="1928281278" visible="true" version="1" changeset="13215018" timestamp="2012-09-23T02:38:23Z" user="Ryan Lash" uid="127401" lat="33.7656450" lon="-84.3608265"/>
 <node id="1928281280" visible="true" version="1" changeset="13215018" timestamp="2012-09-23T02:38:23Z" user="Ryan Lash" uid="127401" lat="33.7656841" lon="-84.3607312"/>
 <node id="1928281281" visible="true" version="1" changeset="13215018" timestamp="2012-09-23T02:38:23Z" user="Ryan Lash" uid="127401" lat="33.7657334" lon="-84.3608132"/>
 <node id="1928281283" visible="true" version="1" changeset="13215018" timestamp="2012-09-23T02:38:23Z" user="Ryan Lash" uid="127401" lat="33.7657528" lon="-84.3606836"/>
 <node id="1928281284" visible="true" version="1" changeset="13215018" timestamp="2012-09-23T02:38:23Z" user="Ryan Lash" uid="127401" lat="33.7657583" lon="-84.3607434"/>
 <node id="1928281285" visible="true" version="1" changeset="13215018" timestamp="2012-09-23T02:38:23Z" user="Ryan Lash" uid="127401" lat="33.7657707" lon="-84.3606370"/>
 <node id="1928281286" visible="true" version="1" changeset="13215018" timestamp="2012-09-23T02:38:23Z" user="Ryan Lash" uid="127401" lat="33.7657861" lon="-84.3607004"/>
 <node id="1928281287" visible="true" version="1" changeset="13215018" timestamp="2012-09-23T02:38:23Z" user="Ryan Lash" uid="127401" lat="33.7657883" lon="-84.3600317"/>
 <node id="1928281288" visible="true" version="1" changeset="13215018" timestamp="2012-09-23T02:38:23Z" user="Ryan Lash" uid="127401" lat="33.7658032" lon="-84.3607931"/>
 <node id="1928281289" visible="true" version="1" changeset="13215018" timestamp="2012-09-23T02:38:23Z" user="Ryan Lash" uid="127401" lat="33.7658076" lon="-84.3609092"/>
 <node id="1928281290" visible="true" version="1" changeset="13215018" timestamp="2012-09-23T02:38:23Z" user="Ryan Lash" uid="127401" lat="33.7658150" lon="-84.3605905"/>
 <node id="1928281291" visible="true" version="1" changeset="13215018" timestamp="2012-09-23T02:38:23Z" user="Ryan Lash" uid="127401" lat="33.7658528" lon="-84.3600157"/>
 <node id="1928281292" visible="true" version="1" changeset="13215018" timestamp="2012-09-23T02:38:23Z" user="Ryan Lash" uid="127401" lat="33.7658606" lon="-84.3605456"/>
 <node id="1928281293" visible="true" version="3" changeset="29155268" timestamp="2015-02-28T13:14:07Z" user="maven149" uid="136601" lat="33.7658464" lon="-84.3599493"/>
 <node id="1928281294" visible="true" version="1" changeset="13215018" timestamp="2012-09-23T02:38:23Z" user="Ryan Lash" uid="127401" lat="33.7658684" lon="-84.3600557"/>
 <node id="1928281295" visible="true" version="1" changeset="13215018" timestamp="2012-09-23T02:38:23Z" user="Ryan Lash" uid="127401" lat="33.7658697" lon="-84.3607320"/>
 <node id="1928281296" visible="true" version="1" changeset="13215018" timestamp="2012-09-23T02:38:23Z" user="Ryan Lash" uid="127401" lat="33.7658799" lon="-84.3602082"/>
 <node id="1928281297" visible="true" version="1" changeset="13215018" timestamp="2012-09-23T02:38:23Z" user="Ryan Lash" uid="127401" lat="33.7658801" lon="-84.3600933"/>
 <node id="1928281298" visible="true" version="1" changeset="13215018" timestamp="2012-09-23T02:38:23Z" user="Ryan Lash" uid="127401" lat="33.7658858" lon="-84.3606839"/>
 <node id="1928281299" visible="true" version="2" changeset="29155268" timestamp="2015-02-28T13:14:07Z" user="maven149" uid="136601" lat="33.7658810" lon="-84.3601393"/>
 <node id="1928281300" visible="true" version="1" changeset="13215018" timestamp="2012-09-23T02:38:23Z" user="Ryan Lash" uid="127401" lat="33.7659006" lon="-84.3602747"/>
 <node id="1928281301" visible="true" version="1" changeset="13215018" timestamp="2012-09-23T02:38:23Z" user="Ryan Lash" uid="127401" lat="33.7659088" lon="-84.3609013"/>
 <node id="1928281302" visible="true" version="1" changeset="13215018" timestamp="2012-09-23T02:38:23Z" user="Ryan Lash" uid="127401" lat="33.7659089" lon="-84.3605057"/>
 <node id="1928281303" visible="true" version="4" changeset="167839707" timestamp="2025-06-19T18:15:44Z" user="alexwohlbruck" uid="12370548" lat="33.7658815" lon="-84.3597415"/>
 <node id="1928281305" visible="true" version="1" changeset="13215018" timestamp="2012-09-23T02:38:24Z" user="Ryan Lash" uid="127401" lat="33.7659310" lon="-84.3603412"/>
 <node id="1928281306" visible="true" version="1" changeset="13215018" timestamp="2012-09-23T02:38:24Z" user="Ryan Lash" uid="127401" lat="33.7659365" lon="-84.3604293"/>
 <node id="1928281307" visible="true" version="1" changeset="13215018" timestamp="2012-09-23T02:38:24Z" user="Ryan Lash" uid="127401" lat="33.7659405" lon="-84.3606957"/>
 <node id="1928281308" visible="true" version="1" changeset="13215018" timestamp="2012-09-23T02:38:24Z" user="Ryan Lash" uid="127401" lat="33.7659439" lon="-84.3607978"/>
 <node id="1928281310" visible="true" version="1" changeset="13215018" timestamp="2012-09-23T02:38:24Z" user="Ryan Lash" uid="127401" lat="33.7659737" lon="-84.3607309"/>
 <node id="1928281311" visible="true" version="1" changeset="13215018" timestamp="2012-09-23T02:38:24Z" user="Ryan Lash" uid="127401" lat="33.7659835" lon="-84.3609378"/>
 <node id="1928281572" visible="true" version="4" changeset="172681304" timestamp="2025-09-30T22:13:59Z" user="VLD318" uid="23159893" lat="33.7695239" lon="-84.3655113">
  <tag k="crossing" v="uncontrolled"/>
  <tag k="crossing:island" v="no"/>
  <tag k="crossing:markings" v="ladder:paired"/>
  <tag k="crossing:signals" v="no"/>
  <tag k="highway" v="crossing"/>
  <tag k="tactile_paving" v="no"/>
 </node>
 <node id="1928281602" visible="true" version="5" changeset="166322470" timestamp="2025-05-15T20:12:50Z" user="VLD292" uid="21941706" lat="33.7711172" lon="-84.3656950">
  <tag k="crossing" v="traffic_signals"/>
  <tag k="crossing:island" v="no"/>
  <tag k="crossing:markings" v="ladder:paired"/>
  <tag k="crossing:signals" v="yes"/>
  <tag k="highway" v="crossing"/>
  <tag k="tactile_paving" v="yes"/>
 </node>
 <node id="1928281603" visible="true" version="9" changeset="166322470" timestamp="2025-05-15T20:12:50Z" user="VLD292" uid="21941706" lat="33.7711246" lon="-84.3650528">
  <tag k="button_operated" v="yes"/>
  <tag k="crossing" v="traffic_signals"/>
  <tag k="crossing:island" v="no"/>
  <tag k="crossing:markings" v="ladder:paired"/>
  <tag k="crossing:signals" v="yes"/>
  <tag k="highway" v="crossing"/>
  <tag k="tactile_paving" v="yes"/>
  <tag k="traffic_signals:sound" v="no"/>
  <tag k="traffic_signals:vibration" v="no"/>
 </node>
 <node id="1928962447" visible="true" version="1" changeset="13220512" timestamp="2012-09-23T14:08:22Z" user="Ryan Lash" uid="127401" lat="33.7657751" lon="-84.3620496"/>
 <node id="1928962451" visible="true" version="1" changeset="13220512" timestamp="2012-09-23T14:08:22Z" user="Ryan Lash" uid="127401" lat="33.7658865" lon="-84.3619758"/>
 <node id="1928962487" visible="true" version="1" changeset="13220512" timestamp="2012-09-23T14:08:22Z" user="Ryan Lash" uid="127401" lat="33.7659856" lon="-84.3625097"/>
 <node id="1928962492" visible="true" version="1" changeset="13220512" timestamp="2012-09-23T14:08:22Z" user="Ryan Lash" uid="127401" lat="33.7660465" lon="-84.3596364"/>
 <node id="1928962497" visible="true" version="1" changeset="13220512" timestamp="2012-09-23T14:08:23Z" user="Ryan Lash" uid="127401" lat="33.7660970" lon="-84.3624360"/>
 <node id="1928962504" visible="true" version="1" changeset="13220512" timestamp="2012-09-23T14:08:23Z" user="Ryan Lash" uid="127401" lat="33.7661687" lon="-84.3592570"/>
 <node id="1928962608" visible="true" version="1" changeset="13220512" timestamp="2012-09-23T14:08:24Z" user="Ryan Lash" uid="127401" lat="33.7667508" lon="-84.3599648"/>
 <node id="1928962656" visible="true" version="1" changeset="13220512" timestamp="2012-09-23T14:08:24Z" user="Ryan Lash" uid="127401" lat="33.7668132" lon="-84.3600968"/>
 <node id="1929014492" visible="true" version="1" changeset="13221135" timestamp="2012-09-23T14:58:08Z" user="Ryan Lash" uid="127401" lat="33.7657354" lon="-84.3594900"/>
 <node id="1929014495" visible="true" version="1" changeset="13221135" timestamp="2012-09-23T14:58:08Z" user="Ryan Lash" uid="127401" lat="33.7657871" lon="-84.3593160"/>
 <node id="1929014497" visible="true" version="1" changeset="13221135" timestamp="2012-09-23T14:58:08Z" user="Ryan Lash" uid="127401" lat="33.7658491" lon="-84.3592787"/>
 <node id="1929014502" visible="true" version="1" changeset="13221135" timestamp="2012-09-23T14:58:08Z" user="Ryan Lash" uid="127401" lat="33.7660207" lon="-84.3593682"/>
 <node id="1929014504" visible="true" version="1" changeset="13221135" timestamp="2012-09-23T14:58:08Z" user="Ryan Lash" uid="127401" lat="33.7660971" lon="-84.3591295"/>
 <node id="1929014505" visible="true" version="1" changeset="13221135" timestamp="2012-09-23T14:58:08Z" user="Ryan Lash" uid="127401" lat="33.7661343" lon="-84.3590748"/>
 <node id="1929014510" visible="true" version="1" changeset="13221135" timestamp="2012-09-23T14:58:08Z" user="Ryan Lash" uid="127401" lat="33.7661715" lon="-84.3591618"/>
 <node id="1929014523" visible="true" version="1" changeset="13221135" timestamp="2012-09-23T14:58:09Z" user="Ryan Lash" uid="127401" lat="33.7665932" lon="-84.3587889"/>
 <node id="1929014526" visible="true" version="1" changeset="13221135" timestamp="2012-09-23T14:58:09Z" user="Ryan Lash" uid="127401" lat="33.7667879" lon="-84.3595457"/>
 <node id="1929014527" visible="true" version="1" changeset="13221135" timestamp="2012-09-23T14:58:09Z" user="Ryan Lash" uid="127401" lat="33.7667999" lon="-84.3594925"/>
 <node id="1929014528" visible="true" version="1" changeset="13221135" timestamp="2012-09-23T14:58:09Z" user="Ryan Lash" uid="127401" lat="33.7668309" lon="-84.3595099"/>
 <node id="1929014530" visible="true" version="1" changeset="13221135" timestamp="2012-09-23T14:58:09Z" user="Ryan Lash" uid="127401" lat="33.7669363" lon="-84.3589604"/>
 <node id="1929014531" visible="true" version="1" changeset="13221135" timestamp="2012-09-23T14:58:09Z" user="Ryan Lash" uid="127401" lat="33.7669425" lon="-84.3590823"/>
 <node id="1929014532" visible="true" version="1" changeset="13221135" timestamp="2012-09-23T14:58:09Z" user="Ryan Lash" uid="127401" lat="33.7669590" lon="-84.3590251"/>
 <node id="1929014534" visible="true" version="1" changeset="13221135" timestamp="2012-09-23T14:58:09Z" user="Ryan Lash" uid="127401" lat="33.7669714" lon="-84.3591022"/>
 <node id="1929018101" visible="true" version="1" changeset="13221197" timestamp="2012-09-23T15:02:28Z" user="Ryan Lash" uid="127401" lat="33.7677329" lon="-84.3589238"/>
 <node id="1929806647" visible="true" version="1" changeset="13227039" timestamp="2012-09-23T22:41:28Z" user="Ryan Lash" uid="127401" lat="33.7640716" lon="-84.3616043"/>
 <node id="1929806679" visible="true" version="1" changeset="13227039" timestamp="2012-09-23T22:41:29Z" user="Ryan Lash" uid="127401" lat="33.7659071" lon="-84.3616075"/>
 <node id="1962537193" visible="true" version="1" changeset="13478860" timestamp="2012-10-13T13:12:35Z" user="Ryan Lash" uid="127401" lat="33.7657207" lon="-84.3620845"/>
 <node id="1962537195" visible="true" version="1" changeset="13478860" timestamp="2012-10-13T13:12:35Z" user="Ryan Lash" uid="127401" lat="33.7657383" lon="-84.3621742"/>
 <node id="1962537196" visible="true" version="1" changeset="13478860" timestamp="2012-10-13T13:12:35Z" user="Ryan Lash" uid="127401" lat="33.7657792" lon="-84.3623078"/>
 <node id="1962537199" visible="true" version="1" changeset="13478860" timestamp="2012-10-13T13:12:36Z" user="Ryan Lash" uid="127401" lat="33.7658362" lon="-84.3624309"/>
 <node id="1962537201" visible="true" version="1" changeset="13478860" timestamp="2012-10-13T13:12:36Z" user="Ryan Lash" uid="127401" lat="33.7659385" lon="-84.3616222"/>
 <node id="1962537202" visible="true" version="1" changeset="13478860" timestamp="2012-10-13T13:12:36Z" user="Ryan Lash" uid="127401" lat="33.7659399" lon="-84.3625047"/>
 <node id="1962537203" visible="true" version="1" changeset="13478860" timestamp="2012-10-13T13:12:36Z" user="Ryan Lash" uid="127401" lat="33.7659911" lon="-84.3601436"/>
 <node id="1962537204" visible="true" version="1" changeset="13478860" timestamp="2012-10-13T13:12:36Z" user="Ryan Lash" uid="127401" lat="33.7660159" lon="-84.3609981"/>
 <node id="1962537206" visible="true" version="1" changeset="13478860" timestamp="2012-10-13T13:12:36Z" user="Ryan Lash" uid="127401" lat="33.7660773" lon="-84.3625908"/>
 <node id="1962537210" visible="true" version="1" changeset="13478860" timestamp="2012-10-13T13:12:36Z" user="Ryan Lash" uid="127401" lat="33.7661475" lon="-84.3624273"/>
 <node id="1962537211" visible="true" version="1" changeset="13478860" timestamp="2012-10-13T13:12:36Z" user="Ryan Lash" uid="127401" lat="33.7661548" lon="-84.3626348"/>
 <node id="1962537212" visible="true" version="1" changeset="13478860" timestamp="2012-10-13T13:12:36Z" user="Ryan Lash" uid="127401" lat="33.7661650" lon="-84.3625012"/>
 <node id="1962537213" visible="true" version="1" changeset="13478860" timestamp="2012-10-13T13:12:36Z" user="Ryan Lash" uid="127401" lat="33.7661665" lon="-84.3624537"/>
 <node id="1962537215" visible="true" version="1" changeset="13478860" timestamp="2012-10-13T13:12:36Z" user="Ryan Lash" uid="127401" lat="33.7661811" lon="-84.3625680"/>
 <node id="1962537216" visible="true" version="1" changeset="13478860" timestamp="2012-10-13T13:12:36Z" user="Ryan Lash" uid="127401" lat="33.7661884" lon="-84.3623447"/>
 <node id="1962537217" visible="true" version="1" changeset="13478860" timestamp="2012-10-13T13:12:36Z" user="Ryan Lash" uid="127401" lat="33.7661957" lon="-84.3626067"/>
 <node id="1962537218" visible="true" version="1" changeset="13478860" timestamp="2012-10-13T13:12:36Z" user="Ryan Lash" uid="127401" lat="33.7662322" lon="-84.3622779"/>
 <node id="1962537220" visible="true" version="1" changeset="13478860" timestamp="2012-10-13T13:12:36Z" user="Ryan Lash" uid="127401" lat="33.7662702" lon="-84.3622340"/>
 <node id="1962537221" visible="true" version="1" changeset="13478860" timestamp="2012-10-13T13:12:36Z" user="Ryan Lash" uid="127401" lat="33.7662808" lon="-84.3621766"/>
 <node id="1962537227" visible="true" version="1" changeset="13478860" timestamp="2012-10-13T13:12:37Z" user="Ryan Lash" uid="127401" lat="33.7665275" lon="-84.3604284"/>
 <node id="1962537231" visible="true" version="1" changeset="13478860" timestamp="2012-10-13T13:12:37Z" user="Ryan Lash" uid="127401" lat="33.7667218" lon="-84.3605638"/>
 <node id="1962537235" visible="true" version="1" changeset="13478860" timestamp="2012-10-13T13:12:37Z" user="Ryan Lash" uid="127401" lat="33.7668724" lon="-84.3607062"/>
 <node id="1962537239" visible="true" version="1" changeset="13478860" timestamp="2012-10-13T13:12:37Z" user="Ryan Lash" uid="127401" lat="33.7669659" lon="-84.3615993"/>
 <node id="1962537241" visible="true" version="1" changeset="13478860" timestamp="2012-10-13T13:12:37Z" user="Ryan Lash" uid="127401" lat="33.7670185" lon="-84.3614217"/>
 <node id="1962537243" visible="true" version="1" changeset="13478860" timestamp="2012-10-13T13:12:37Z" user="Ryan Lash" uid="127401" lat="33.7670565" lon="-84.3608574"/>
 <node id="1962537244" visible="true" version="1" changeset="13478860" timestamp="2012-10-13T13:12:37Z" user="Ryan Lash" uid="127401" lat="33.7670828" lon="-84.3611950"/>
 <node id="1962537245" visible="true" version="1" changeset="13478860" timestamp="2012-10-13T13:12:37Z" user="Ryan Lash" uid="127401" lat="33.7671106" lon="-84.3610930"/>
 <node id="1962537247" visible="true" version="1" changeset="13478860" timestamp="2012-10-13T13:12:37Z" user="Ryan Lash" uid="127401" lat="33.7671194" lon="-84.3609682"/>
 <node id="1975639620" visible="true" version="2" changeset="29155268" timestamp="2015-02-28T13:14:08Z" user="maven149" uid="136601" lat="33.7642385" lon="-84.3578037"/>
 <node id="1975639622" visible="true" version="2" changeset="29155268" timestamp="2015-02-28T13:14:08Z" user="maven149" uid="136601" lat="33.7641548" lon="-84.3584827"/>
 <node id="1975639623" visible="true" version="2" changeset="29155268" timestamp="2015-02-28T13:14:07Z" user="maven149" uid="136601" lat="33.7640686" lon="-84.3594025"/>
 <node id="1975639625" visible="true" version="1" changeset="13571972" timestamp="2012-10-20T20:05:13Z" user="demory" uid="186210" lat="33.7642067" lon="-84.3574076"/>
 <node id="1975639626" visible="true" version="1" changeset="13571972" timestamp="2012-10-20T20:05:13Z" user="demory" uid="186210" lat="33.7642292" lon="-84.3573597"/>
 <node id="1975639628" visible="true" version="1" changeset="13571972" timestamp="2012-10-20T20:05:13Z" user="demory" uid="186210" lat="33.7640289" lon="-84.3592113"/>
 <node id="1975639630" visible="true" version="2" changeset="29155268" timestamp="2015-02-28T13:14:07Z" user="maven149" uid="136601" lat="33.7639909" lon="-84.3596057"/>
 <node id="1975639631" visible="true" version="2" changeset="29155268" timestamp="2015-02-28T13:14:07Z" user="maven149" uid="136601" lat="33.7639191" lon="-84.3596779"/>
 <node id="1975639634" visible="true" version="1" changeset="13571972" timestamp="2012-10-20T20:05:13Z" user="demory" uid="186210" lat="33.7641761" lon="-84.3588090"/>
 <node id="1975639636" visible="true" version="1" changeset="13571972" timestamp="2012-10-20T20:05:13Z" user="demory" uid="186210" lat="33.7641337" lon="-84.3590665"/>
 <node id="1975639638" visible="true" version="1" changeset="13571972" timestamp="2012-10-20T20:05:13Z" user="demory" uid="186210" lat="33.7641956" lon="-84.3574691"/>
 <node id="1975639640" visible="true" version="2" changeset="29155268" timestamp="2015-02-28T13:14:08Z" user="maven149" uid="136601" lat="33.7642697" lon="-84.3579684"/>
 <node id="1975639643" visible="true" version="1" changeset="13571972" timestamp="2012-10-20T20:05:13Z" user="demory" uid="186210" lat="33.7642296" lon="-84.3582243"/>
 <node id="1975639656" visible="true" version="2" changeset="29155268" timestamp="2015-02-28T13:14:07Z" user="maven149" uid="136601" lat="33.7641675" lon="-84.3595864"/>
 <node id="1975639657" visible="true" version="2" changeset="29155268" timestamp="2015-02-28T13:14:08Z" user="maven149" uid="136601" lat="33.7639334" lon="-84.3591280"/>
 <node id="1975639659" visible="true" version="1" changeset="13571972" timestamp="2012-10-20T20:05:14Z" user="demory" uid="186210" lat="33.7640601" lon="-84.3592730"/>
 <node id="1975639661" visible="true" version="2" changeset="29155268" timestamp="2015-02-28T13:14:07Z" user="maven149" uid="136601" lat="33.7640365" lon="-84.3595356"/>
 <node id="1975639663" visible="true" version="2" changeset="29155268" timestamp="2015-02-28T13:14:07Z" user="maven149" uid="136601" lat="33.7641151" lon="-84.3595092"/>
 <node id="1985912137" visible="true" version="4" changeset="15744113" timestamp="2013-04-16T02:25:49Z" user="Ryan Lash" uid="127401" lat="33.7673062" lon="-84.3609715"/>
 <node id="1985912139" visible="true" version="3" changeset="15744113" timestamp="2013-04-16T02:25:49Z" user="Ryan Lash" uid="127401" lat="33.7671139" lon="-84.3608019"/>
 <node id="1985912141" visible="true" version="2" changeset="15744113" timestamp="2013-04-16T02:25:49Z" user="Ryan Lash" uid="127401" lat="33.7668686" lon="-84.3606151"/>
 <node id="1985912149" visible="true" version="2" changeset="15744113" timestamp="2013-04-16T02:25:49Z" user="Ryan Lash" uid="127401" lat="33.7667097" lon="-84.3604953"/>
 <node id="1985912151" visible="true" version="2" changeset="15744113" timestamp="2013-04-16T02:25:49Z" user="Ryan Lash" uid="127401" lat="33.7665089" lon="-84.3603708"/>
 <node id="1985912153" visible="true" version="2" changeset="15744113" timestamp="2013-04-16T02:25:49Z" user="Ryan Lash" uid="127401" lat="33.7663171" lon="-84.3602570"/>
 <node id="1985912155" visible="true" version="2" changeset="15744113" timestamp="2013-04-16T02:25:49Z" user="Ryan Lash" uid="127401" lat="33.7660962" lon="-84.3601500"/>
 <node id="1985912161" visible="true" version="1" changeset="13652625" timestamp="2012-10-27T18:03:19Z" user="Jack Kittle" uid="28618" lat="33.7662993" lon="-84.3598302"/>
 <node id="1985912163" visible="true" version="1" changeset="13652625" timestamp="2012-10-27T18:03:19Z" user="Jack Kittle" uid="28618" lat="33.7665593" lon="-84.3599859"/>
 <node id="1985912166" visible="true" version="1" changeset="13652625" timestamp="2012-10-27T18:03:19Z" user="Jack Kittle" uid="28618" lat="33.7667747" lon="-84.3601242"/>
 <node id="1985912171" visible="true" version="2" changeset="15744113" timestamp="2013-04-16T02:25:49Z" user="Ryan Lash" uid="127401" lat="33.7669910" lon="-84.3602665"/>
 <node id="1985912174" visible="true" version="2" changeset="15744113" timestamp="2013-04-16T02:25:49Z" user="Ryan Lash" uid="127401" lat="33.7672070" lon="-84.3604273"/>
 <node id="1985912176" visible="true" version="3" changeset="15744113" timestamp="2013-04-16T02:25:49Z" user="Ryan Lash" uid="127401" lat="33.7674288" lon="-84.3606116"/>
 <node id="1985918152" visible="true" version="2" changeset="15744113" timestamp="2013-04-16T02:25:49Z" user="Ryan Lash" uid="127401" lat="33.7641062" lon="-84.3598034"/>
 <node id="1985918153" visible="true" version="1" changeset="13652669" timestamp="2012-10-27T18:08:49Z" user="Jack Kittle" uid="28618" lat="33.7637850" lon="-84.3598893"/>
 <node id="1985918154" visible="true" version="2" changeset="15427205" timestamp="2013-03-20T03:29:26Z" user="Ryan Lash" uid="127401" lat="33.7632272" lon="-84.3601181"/>
 <node id="1985918155" visible="true" version="1" changeset="13652669" timestamp="2012-10-27T18:08:49Z" user="Jack Kittle" uid="28618" lat="33.7629235" lon="-84.3602893"/>
 <node id="1985918156" visible="true" version="1" changeset="13652669" timestamp="2012-10-27T18:08:49Z" user="Jack Kittle" uid="28618" lat="33.7625016" lon="-84.3605766"/>
 <node id="1985918157" visible="true" version="1" changeset="13652669" timestamp="2012-10-27T18:08:49Z" user="Jack Kittle" uid="28618" lat="33.7621445" lon="-84.3609015"/>
 <node id="1985918158" visible="true" version="2" changeset="15427205" timestamp="2013-03-20T03:29:26Z" user="Ryan Lash" uid="127401" lat="33.7618702" lon="-84.3611987"/>
 <node id="1985918159" visible="true" version="4" changeset="15738551" timestamp="2013-04-15T15:39:57Z" user="Ryan Lash" uid="127401" lat="33.7613800" lon="-84.3618118"/>
 <node id="1985918162" visible="true" version="2" changeset="15427205" timestamp="2013-03-20T03:29:26Z" user="Ryan Lash" uid="127401" lat="33.7615745" lon="-84.3612917"/>
 <node id="1985918163" visible="true" version="1" changeset="13652669" timestamp="2012-10-27T18:08:49Z" user="Jack Kittle" uid="28618" lat="33.7618376" lon="-84.3609632"/>
 <node id="1985918164" visible="true" version="2" changeset="15427205" timestamp="2013-03-20T03:29:26Z" user="Ryan Lash" uid="127401" lat="33.7620756" lon="-84.3607027"/>
 <node id="1985918165" visible="true" version="2" changeset="15427205" timestamp="2013-03-20T03:29:26Z" user="Ryan Lash" uid="127401" lat="33.7624344" lon="-84.3603899"/>
 <node id="1985918166" visible="true" version="2" changeset="15427205" timestamp="2013-03-20T03:29:26Z" user="Ryan Lash" uid="127401" lat="33.7628553" lon="-84.3601075"/>
 <node id="1985918167" visible="true" version="1" changeset="13652669" timestamp="2012-10-27T18:08:50Z" user="Jack Kittle" uid="28618" lat="33.7634134" lon="-84.3598141"/>
 <node id="1985918168" visible="true" version="2" changeset="15724843" timestamp="2013-04-14T14:51:28Z" user="Ryan Lash" uid="127401" lat="33.7637726" lon="-84.3596512"/>
 <node id="1985928815" visible="true" version="1" changeset="13652745" timestamp="2012-10-27T18:17:36Z" user="Jack Kittle" uid="28618" lat="33.7612003" lon="-84.3620600"/>
 <node id="1985928817" visible="true" version="1" changeset="13652745" timestamp="2012-10-27T18:17:36Z" user="Jack Kittle" uid="28618" lat="33.7610017" lon="-84.3623419"/>
 <node id="1985928819" visible="true" version="1" changeset="13652745" timestamp="2012-10-27T18:17:36Z" user="Jack Kittle" uid="28618" lat="33.7608588" lon="-84.3625674"/>
 <node id="1985928821" visible="true" version="1" changeset="13652745" timestamp="2012-10-27T18:17:36Z" user="Jack Kittle" uid="28618" lat="33.7606557" lon="-84.3628493"/>
 <node id="1985928823" visible="true" version="2" changeset="15724843" timestamp="2013-04-14T15:23:58Z" user="Ryan Lash" uid="127401" lat="33.7604774" lon="-84.3631210"/>
 <node id="1985928825" visible="true" version="2" changeset="15744113" timestamp="2013-04-16T02:25:49Z" user="Ryan Lash" uid="127401" lat="33.7602242" lon="-84.3634212"/>
 <node id="1985928827" visible="true" version="2" changeset="15744113" timestamp="2013-04-16T02:25:49Z" user="Ryan Lash" uid="127401" lat="33.7599732" lon="-84.3637058"/>
 <node id="1985928828" visible="true" version="1" changeset="13652745" timestamp="2012-10-27T18:17:36Z" user="Jack Kittle" uid="28618" lat="33.7594549" lon="-84.3641300"/>
 <node id="1985928836" visible="true" version="1" changeset="13652745" timestamp="2012-10-27T18:17:37Z" user="Jack Kittle" uid="28618" lat="33.7592406" lon="-84.3642830"/>
 <node id="1985928837" visible="true" version="1" changeset="13652745" timestamp="2012-10-27T18:17:37Z" user="Jack Kittle" uid="28618" lat="33.7589571" lon="-84.3644387"/>
 <node id="1985928838" visible="true" version="1" changeset="13652745" timestamp="2012-10-27T18:17:37Z" user="Jack Kittle" uid="28618" lat="33.7586625" lon="-84.3645971"/>
 <node id="1985928840" visible="true" version="1" changeset="13652745" timestamp="2012-10-27T18:17:37Z" user="Jack Kittle" uid="28618" lat="33.7583567" lon="-84.3647421"/>
 <node id="1985928841" visible="true" version="1" changeset="13652745" timestamp="2012-10-27T18:17:37Z" user="Jack Kittle" uid="28618" lat="33.7579950" lon="-84.3648602"/>
 <node id="1985928842" visible="true" version="2" changeset="15427205" timestamp="2013-03-20T03:05:54Z" user="Ryan Lash" uid="127401" lat="33.7576215" lon="-84.3649595"/>
 <node id="1985928843" visible="true" version="3" changeset="15743858" timestamp="2013-04-16T01:26:02Z" user="Ryan Lash" uid="127401" lat="33.7576105" lon="-84.3648494"/>
 <node id="1985928844" visible="true" version="3" changeset="15743858" timestamp="2013-04-16T01:26:02Z" user="Ryan Lash" uid="127401" lat="33.7578085" lon="-84.3648055"/>
 <node id="1985928845" visible="true" version="2" changeset="15427205" timestamp="2013-03-20T03:05:54Z" user="Ryan Lash" uid="127401" lat="33.7580958" lon="-84.3647210"/>
 <node id="1985928846" visible="true" version="2" changeset="15427205" timestamp="2013-03-20T03:05:54Z" user="Ryan Lash" uid="127401" lat="33.7584686" lon="-84.3645815"/>
 <node id="1985928847" visible="true" version="2" changeset="15744113" timestamp="2013-04-16T02:25:49Z" user="Ryan Lash" uid="127401" lat="33.7588083" lon="-84.3644091"/>
 <node id="1985928848" visible="true" version="1" changeset="13652745" timestamp="2012-10-27T18:17:37Z" user="Jack Kittle" uid="28618" lat="33.7590464" lon="-84.3642749"/>
 <node id="1985928849" visible="true" version="1" changeset="13652745" timestamp="2012-10-27T18:17:37Z" user="Jack Kittle" uid="28618" lat="33.7593187" lon="-84.3640870"/>
 <node id="1985928850" visible="true" version="2" changeset="60157885" timestamp="2018-06-25T17:37:09Z" user="LeifRasmussen" uid="4312767" lat="33.7596535" lon="-84.3638816"/>
 <node id="1985928851" visible="true" version="3" changeset="60157885" timestamp="2018-06-25T17:37:09Z" user="LeifRasmussen" uid="4312767" lat="33.7599633" lon="-84.3635619"/>
 <node id="1985928852" visible="true" version="3" changeset="60157885" timestamp="2018-06-25T17:37:09Z" user="LeifRasmussen" uid="4312767" lat="33.7602903" lon="-84.3631905"/>
 <node id="1985928854" visible="true" version="3" changeset="60157885" timestamp="2018-06-25T17:37:09Z" user="LeifRasmussen" uid="4312767" lat="33.7605222" lon="-84.3628539"/>
 <node id="1985928855" visible="true" version="2" changeset="60157885" timestamp="2018-06-25T17:37:09Z" user="LeifRasmussen" uid="4312767" lat="33.7607696" lon="-84.3624788"/>
 <node id="1985928856" visible="true" version="1" changeset="13652745" timestamp="2012-10-27T18:17:37Z" user="Jack Kittle" uid="28618" lat="33.7610106" lon="-84.3620949"/>
 <node id="1985928857" visible="true" version="3" changeset="15738551" timestamp="2013-04-15T15:39:57Z" user="Ryan Lash" uid="127401" lat="33.7613774" lon="-84.3615723"/>
 <node id="2190432681" visible="true" version="2" changeset="118829778" timestamp="2022-03-23T16:49:07Z" user="paricdil" uid="11164219" lat="33.7636703" lon="-84.3596512"/>
 <node id="2190432710" visible="true" version="1" changeset="15288248" timestamp="2013-03-07T22:47:17Z" user="Ryan Lash" uid="127401" lat="33.7634213" lon="-84.3596979"/>
 <node id="2190432724" visible="true" version="1" changeset="15288248" timestamp="2013-03-07T22:47:17Z" user="Ryan Lash" uid="127401" lat="33.7633054" lon="-84.3596175"/>
 <node id="2190432730" visible="true" version="1" changeset="15288248" timestamp="2013-03-07T22:47:17Z" user="Ryan Lash" uid="127401" lat="33.7635172" lon="-84.3597167"/>
 <node id="2190432732" visible="true" version="1" changeset="15288248" timestamp="2013-03-07T22:47:18Z" user="Ryan Lash" uid="127401" lat="33.7637513" lon="-84.3595343"/>
 <node id="2190432736" visible="true" version="1" changeset="15288248" timestamp="2013-03-07T22:47:18Z" user="Ryan Lash" uid="127401" lat="33.7624699" lon="-84.3589207"/>
 <node id="2210360421" visible="true" version="1" changeset="15424503" timestamp="2013-03-19T20:12:01Z" user="Ryan Lash" uid="127401" lat="33.7634608" lon="-84.3580454"/>
 <node id="2210360426" visible="true" version="1" changeset="15424503" timestamp="2013-03-19T20:12:01Z" user="Ryan Lash" uid="127401" lat="33.7636994" lon="-84.3583967"/>
 <node id="2210360428" visible="true" version="1" changeset="15424503" timestamp="2013-03-19T20:12:01Z" user="Ryan Lash" uid="127401" lat="33.7633827" lon="-84.3584638"/>
 <node id="2210360430" visible="true" version="1" changeset="15424503" timestamp="2013-03-19T20:12:01Z" user="Ryan Lash" uid="127401" lat="33.7632768" lon="-84.3582559"/>
 <node id="2210360432" visible="true" version="1" changeset="15424503" timestamp="2013-03-19T20:12:01Z" user="Ryan Lash" uid="127401" lat="33.7634073" lon="-84.3585000"/>
 <node id="2210360434" visible="true" version="1" changeset="15424503" timestamp="2013-03-19T20:12:01Z" user="Ryan Lash" uid="127401" lat="33.7638766" lon="-84.3585603"/>
 <node id="2210360435" visible="true" version="1" changeset="15424503" timestamp="2013-03-19T20:12:01Z" user="Ryan Lash" uid="127401" lat="33.7635377" lon="-84.3581728"/>
 <node id="2210360436" visible="true" version="1" changeset="15424503" timestamp="2013-03-19T20:12:01Z" user="Ryan Lash" uid="127401" lat="33.7635745" lon="-84.3586931"/>
 <node id="2210360438" visible="true" version="1" changeset="15424503" timestamp="2013-03-19T20:12:01Z" user="Ryan Lash" uid="127401" lat="33.7637919" lon="-84.3588996"/>
 <node id="2210360440" visible="true" version="1" changeset="15424503" timestamp="2013-03-19T20:12:01Z" user="Ryan Lash" uid="127401" lat="33.7635555" lon="-84.3582251"/>
 <node id="2210742450" visible="true" version="1" changeset="15427205" timestamp="2013-03-20T03:29:25Z" user="Ryan Lash" uid="127401" lat="33.7637044" lon="-84.3591383"/>
 <node id="2210742451" visible="true" version="1" changeset="15427205" timestamp="2013-03-20T03:29:25Z" user="Ryan Lash" uid="127401" lat="33.7626050" lon="-84.3588915"/>
 <node id="2210742452" visible="true" version="1" changeset="15427205" timestamp="2013-03-20T03:29:25Z" user="Ryan Lash" uid="127401" lat="33.7633677" lon="-84.3587037"/>
 <node id="2210742453" visible="true" version="1" changeset="15427205" timestamp="2013-03-20T03:29:25Z" user="Ryan Lash" uid="127401" lat="33.7636174" lon="-84.3589478"/>
 <node id="2210742454" visible="true" version="1" changeset="15427205" timestamp="2013-03-20T03:29:25Z" user="Ryan Lash" uid="127401" lat="33.7628035" lon="-84.3589049"/>
 <node id="2210742455" visible="true" version="1" changeset="15427205" timestamp="2013-03-20T03:29:25Z" user="Ryan Lash" uid="127401" lat="33.7627433" lon="-84.3586528"/>
 <node id="2210742456" visible="true" version="1" changeset="15427205" timestamp="2013-03-20T03:29:25Z" user="Ryan Lash" uid="127401" lat="33.7615995" lon="-84.3615292"/>
 <node id="2210742457" visible="true" version="1" changeset="15427205" timestamp="2013-03-20T03:29:25Z" user="Ryan Lash" uid="127401" lat="33.7635910" lon="-84.3595761"/>
 <node id="2210742458" visible="true" version="1" changeset="15427205" timestamp="2013-03-20T03:29:25Z" user="Ryan Lash" uid="127401" lat="33.7631408" lon="-84.3599362"/>
 <node id="2210742459" visible="true" version="1" changeset="15427205" timestamp="2013-03-20T03:29:25Z" user="Ryan Lash" uid="127401" lat="33.7637423" lon="-84.3590605"/>
 <node id="2210742460" visible="true" version="1" changeset="15427205" timestamp="2013-03-20T03:29:25Z" user="Ryan Lash" uid="127401" lat="33.7631134" lon="-84.3587064"/>
 <node id="2210742461" visible="true" version="1" changeset="15427205" timestamp="2013-03-20T03:29:26Z" user="Ryan Lash" uid="127401" lat="33.7635463" lon="-84.3595468"/>
 <node id="2210742462" visible="true" version="1" changeset="15427205" timestamp="2013-03-20T03:29:26Z" user="Ryan Lash" uid="127401" lat="33.7628905" lon="-84.3587708"/>
 <node id="2210742463" visible="true" version="1" changeset="15427205" timestamp="2013-03-20T03:29:26Z" user="Ryan Lash" uid="127401" lat="33.7632874" lon="-84.3585965"/>
 <node id="2210742464" visible="true" version="1" changeset="15427205" timestamp="2013-03-20T03:29:26Z" user="Ryan Lash" uid="127401" lat="33.7636107" lon="-84.3595406"/>
 <node id="2210742465" visible="true" version="1" changeset="15427205" timestamp="2013-03-20T03:29:26Z" user="Ryan Lash" uid="127401" lat="33.7634858" lon="-84.3588191"/>
 <node id="2210742466" visible="true" version="1" changeset="15427205" timestamp="2013-03-20T03:29:26Z" user="Ryan Lash" uid="127401" lat="33.7635170" lon="-84.3596130"/>
 <node id="2210742467" visible="true" version="1" changeset="15427205" timestamp="2013-03-20T03:29:26Z" user="Ryan Lash" uid="127401" lat="33.7632316" lon="-84.3584838"/>
 <node id="2267047713" visible="true" version="1" changeset="15724843" timestamp="2013-04-14T14:51:27Z" user="Ryan Lash" uid="127401" lat="33.7665915" lon="-84.3587523"/>
 <node id="2267047718" visible="true" version="1" changeset="15724843" timestamp="2013-04-14T14:51:27Z" user="Ryan Lash" uid="127401" lat="33.7656037" lon="-84.3595087"/>
 <node id="2267047721" visible="true" version="2" changeset="16095898" timestamp="2013-05-12T14:11:41Z" user="Ryan Lash" uid="127401" lat="33.7667309" lon="-84.3600291">
  <tag k="barrier" v="gate"/>
  <tag k="source" v="local_knowledge"/>
 </node>
 <node id="2267047727" visible="true" version="1" changeset="15724843" timestamp="2013-04-14T14:51:27Z" user="Ryan Lash" uid="127401" lat="33.7661077" lon="-84.3589978"/>
 <node id="2267047730" visible="true" version="1" changeset="15724843" timestamp="2013-04-14T14:51:27Z" user="Ryan Lash" uid="127401" lat="33.7659538" lon="-84.3592097"/>
 <node id="2267047733" visible="true" version="1" changeset="15724843" timestamp="2013-04-14T14:51:27Z" user="Ryan Lash" uid="127401" lat="33.7653223" lon="-84.3557801"/>
 <node id="2267047736" visible="true" version="1" changeset="15724843" timestamp="2013-04-14T14:51:27Z" user="Ryan Lash" uid="127401" lat="33.7658078" lon="-84.3592714"/>
 <node id="2267047738" visible="true" version="1" changeset="15724843" timestamp="2013-04-14T14:51:27Z" user="Ryan Lash" uid="127401" lat="33.7638443" lon="-84.3591095"/>
 <node id="2267047741" visible="true" version="1" changeset="15724843" timestamp="2013-04-14T14:51:27Z" user="Ryan Lash" uid="127401" lat="33.7667967" lon="-84.3588114"/>
 <node id="2267047747" visible="true" version="2" changeset="15744113" timestamp="2013-04-16T02:25:49Z" user="Ryan Lash" uid="127401" lat="33.7642597" lon="-84.3594819"/>
 <node id="2267047750" visible="true" version="1" changeset="15724843" timestamp="2013-04-14T14:51:27Z" user="Ryan Lash" uid="127401" lat="33.7674065" lon="-84.3588073"/>
 <node id="2267047754" visible="true" version="1" changeset="15724843" timestamp="2013-04-14T14:51:27Z" user="Ryan Lash" uid="127401" lat="33.7660352" lon="-84.3596630"/>
 <node id="2267047757" visible="true" version="1" changeset="15724843" timestamp="2013-04-14T14:51:27Z" user="Ryan Lash" uid="127401" lat="33.7662905" lon="-84.3589414"/>
 <node id="2267047759" visible="true" version="1" changeset="15724843" timestamp="2013-04-14T14:51:27Z" user="Ryan Lash" uid="127401" lat="33.7667811" lon="-84.3588382"/>
 <node id="2267047762" visible="true" version="1" changeset="15724843" timestamp="2013-04-14T14:51:27Z" user="Ryan Lash" uid="127401" lat="33.7661879" lon="-84.3590004"/>
 <node id="2267047765" visible="true" version="1" changeset="15724843" timestamp="2013-04-14T14:51:27Z" user="Ryan Lash" uid="127401" lat="33.7670832" lon="-84.3589897"/>
 <node id="2267047768" visible="true" version="1" changeset="15724843" timestamp="2013-04-14T14:51:27Z" user="Ryan Lash" uid="127401" lat="33.7669762" lon="-84.3589227"/>
 <node id="2267047771" visible="true" version="1" changeset="15724843" timestamp="2013-04-14T14:51:27Z" user="Ryan Lash" uid="127401" lat="33.7676941" lon="-84.3588422"/>
 <node id="2267047774" visible="true" version="1" changeset="15724843" timestamp="2013-04-14T14:51:27Z" user="Ryan Lash" uid="127401" lat="33.7656316" lon="-84.3594028"/>
 <node id="2267047777" visible="true" version="1" changeset="15724843" timestamp="2013-04-14T14:51:27Z" user="Ryan Lash" uid="127401" lat="33.7675849" lon="-84.3588033"/>
 <node id="2267047779" visible="true" version="1" changeset="15724843" timestamp="2013-04-14T14:51:27Z" user="Ryan Lash" uid="127401" lat="33.7634334" lon="-84.3586793"/>
 <node id="2267047783" visible="true" version="1" changeset="15724843" timestamp="2013-04-14T14:51:27Z" user="Ryan Lash" uid="127401" lat="33.7672036" lon="-84.3589025"/>
 <node id="2267047786" visible="true" version="1" changeset="15724843" timestamp="2013-04-14T14:51:27Z" user="Ryan Lash" uid="127401" lat="33.7663128" lon="-84.3588865"/>
 <node id="2267047792" visible="true" version="1" changeset="15724843" timestamp="2013-04-14T14:51:27Z" user="Ryan Lash" uid="127401" lat="33.7677075" lon="-84.3588020"/>
 <node id="2267047795" visible="true" version="1" changeset="15724843" timestamp="2013-04-14T14:51:27Z" user="Ryan Lash" uid="127401" lat="33.7677644" lon="-84.3588315"/>
 <node id="2267047798" visible="true" version="1" changeset="15724843" timestamp="2013-04-14T14:51:27Z" user="Ryan Lash" uid="127401" lat="33.7670575" lon="-84.3590621"/>
 <node id="2267047801" visible="true" version="1" changeset="15724843" timestamp="2013-04-14T14:51:27Z" user="Ryan Lash" uid="127401" lat="33.7673686" lon="-84.3588395"/>
 <node id="2267047803" visible="true" version="1" changeset="15724843" timestamp="2013-04-14T14:51:27Z" user="Ryan Lash" uid="127401" lat="33.7659193" lon="-84.3592298"/>
 <node id="2267047805" visible="true" version="1" changeset="15724843" timestamp="2013-04-14T14:51:27Z" user="Ryan Lash" uid="127401" lat="33.7660363" lon="-84.3591131"/>
 <node id="2267047807" visible="true" version="1" changeset="15724843" timestamp="2013-04-14T14:51:27Z" user="Ryan Lash" uid="127401" lat="33.7669762" lon="-84.3590273"/>
 <node id="2267060026" visible="true" version="1" changeset="15724843" timestamp="2013-04-14T14:54:42Z" user="Ryan Lash" uid="127401" lat="33.7614752" lon="-84.3612404"/>
 <node id="2267113236" visible="true" version="3" changeset="94647726" timestamp="2020-11-23T15:46:09Z" user="noonfyi" uid="3825162" lat="33.7603884" lon="-84.3629841"/>
 <node id="2267113237" visible="true" version="1" changeset="15724843" timestamp="2013-04-14T15:23:57Z" user="Ryan Lash" uid="127401" lat="33.7597336" lon="-84.3639234"/>
 <node id="2267113241" visible="true" version="2" changeset="15743858" timestamp="2013-04-16T01:26:02Z" user="Ryan Lash" uid="127401" lat="33.7583706" lon="-84.3646333"/>
 <node id="2267113243" visible="true" version="1" changeset="15724843" timestamp="2013-04-14T15:23:57Z" user="Ryan Lash" uid="127401" lat="33.7594615" lon="-84.3639757"/>
 <node id="2268953670" visible="true" version="3" changeset="140779903" timestamp="2023-09-03T23:14:02Z" user="StreetIncomplete" uid="10159071" lat="33.7576141" lon="-84.3648823">
  <tag k="barrier" v="bollard"/>
  <tag k="bicycle" v="yes"/>
  <tag k="bollard" v="removable"/>
  <tag k="foot" v="yes"/>
  <tag k="source" v="survey"/>
 </node>
 <node id="2268995404" visible="true" version="3" changeset="92918079" timestamp="2020-10-22T20:30:08Z" user="noonfyi" uid="3825162" lat="33.7590002" lon="-84.3643237"/>
 <node id="2268995405" visible="true" version="1" changeset="15744113" timestamp="2013-04-16T02:25:43Z" user="Ryan Lash" uid="127401" lat="33.7614092" lon="-84.3654855"/>
 <node id="2268995406" visible="true" version="1" changeset="15744113" timestamp="2013-04-16T02:25:43Z" user="Ryan Lash" uid="127401" lat="33.7615503" lon="-84.3654734"/>
 <node id="2268995408" visible="true" version="1" changeset="15744113" timestamp="2013-04-16T02:25:43Z" user="Ryan Lash" uid="127401" lat="33.7624578" lon="-84.3634455"/>
 <node id="2268995410" visible="true" version="1" changeset="15744113" timestamp="2013-04-16T02:25:43Z" user="Ryan Lash" uid="127401" lat="33.7624638" lon="-84.3637939"/>
 <node id="2268995411" visible="true" version="1" changeset="15744113" timestamp="2013-04-16T02:25:43Z" user="Ryan Lash" uid="127401" lat="33.7627789" lon="-84.3628120"/>
 <node id="2268995412" visible="true" version="1" changeset="15744113" timestamp="2013-04-16T02:25:43Z" user="Ryan Lash" uid="127401" lat="33.7631225" lon="-84.3620160"/>
 <node id="2268995414" visible="true" version="1" changeset="15744113" timestamp="2013-04-16T02:25:43Z" user="Ryan Lash" uid="127401" lat="33.7643021" lon="-84.3593223"/>
 <node id="2268995415" visible="true" version="1" changeset="15744113" timestamp="2013-04-16T02:25:43Z" user="Ryan Lash" uid="127401" lat="33.7647912" lon="-84.3597487"/>
 <node id="2268995416" visible="true" version="1" changeset="15744113" timestamp="2013-04-16T02:25:43Z" user="Ryan Lash" uid="127401" lat="33.7648182" lon="-84.3598300"/>
 <node id="2268995417" visible="true" version="2" changeset="29155268" timestamp="2015-02-28T13:14:07Z" user="maven149" uid="136601" lat="33.7648434" lon="-84.3597318"/>
 <node id="2268995418" visible="true" version="1" changeset="15744113" timestamp="2013-04-16T02:25:43Z" user="Ryan Lash" uid="127401" lat="33.7649192" lon="-84.3594873"/>
 <node id="2268995419" visible="true" version="1" changeset="15744113" timestamp="2013-04-16T02:25:43Z" user="Ryan Lash" uid="127401" lat="33.7650055" lon="-84.3594986"/>
 <node id="2268995420" visible="true" version="2" changeset="29155268" timestamp="2015-02-28T13:14:07Z" user="maven149" uid="136601" lat="33.7651544" lon="-84.3595905"/>
 <node id="2268995421" visible="true" version="1" changeset="15744113" timestamp="2013-04-16T02:25:43Z" user="Ryan Lash" uid="127401" lat="33.7651774" lon="-84.3597768"/>
 <node id="2268995422" visible="true" version="1" changeset="15744113" timestamp="2013-04-16T02:25:43Z" user="Ryan Lash" uid="127401" lat="33.7653472" lon="-84.3595317"/>
 <node id="2268995423" visible="true" version="2" changeset="29155268" timestamp="2015-02-28T13:14:07Z" user="maven149" uid="136601" lat="33.7656546" lon="-84.3596759"/>
 <node id="2268995424" visible="true" version="1" changeset="15744113" timestamp="2013-04-16T02:25:43Z" user="Ryan Lash" uid="127401" lat="33.7656612" lon="-84.3598610"/>
 <node id="2268995425" visible="true" version="1" changeset="15744113" timestamp="2013-04-16T02:25:43Z" user="Ryan Lash" uid="127401" lat="33.7657664" lon="-84.3599017"/>
 <node id="2268995427" visible="true" version="1" changeset="15744113" timestamp="2013-04-16T02:25:43Z" user="Ryan Lash" uid="127401" lat="33.7658343" lon="-84.3596260"/>
 <node id="2268995428" visible="true" version="1" changeset="15744113" timestamp="2013-04-16T02:25:43Z" user="Ryan Lash" uid="127401" lat="33.7659732" lon="-84.3601035"/>
 <node id="2268995429" visible="true" version="1" changeset="15744113" timestamp="2013-04-16T02:25:43Z" user="Ryan Lash" uid="127401" lat="33.7672008" lon="-84.3616758"/>
 <node id="2268995430" visible="true" version="1" changeset="15744113" timestamp="2013-04-16T02:25:43Z" user="Ryan Lash" uid="127401" lat="33.7674109" lon="-84.3610044"/>
 <node id="2268995431" visible="true" version="1" changeset="15744113" timestamp="2013-04-16T02:25:43Z" user="Ryan Lash" uid="127401" lat="33.7675170" lon="-84.3606854"/>
 <node id="2268998512" visible="true" version="1" changeset="15744183" timestamp="2013-04-16T02:36:31Z" user="Ryan Lash" uid="127401" lat="33.7630377" lon="-84.3590894"/>
 <node id="2268998514" visible="true" version="1" changeset="15744183" timestamp="2013-04-16T02:36:31Z" user="Ryan Lash" uid="127401" lat="33.7631120" lon="-84.3590371"/>
 <node id="2268998515" visible="true" version="1" changeset="15744183" timestamp="2013-04-16T02:36:31Z" user="Ryan Lash" uid="127401" lat="33.7631540" lon="-84.3588368"/>
 <node id="2268998519" visible="true" version="2" changeset="15766630" timestamp="2013-04-17T20:04:17Z" user="Ryan Lash" uid="127401" lat="33.7631964" lon="-84.3582527"/>
 <node id="2268998520" visible="true" version="1" changeset="15744183" timestamp="2013-04-16T02:36:32Z" user="Ryan Lash" uid="127401" lat="33.7636267" lon="-84.3594053"/>
 <node id="2268998521" visible="true" version="2" changeset="15744297" timestamp="2013-04-16T02:54:39Z" user="Ryan Lash" uid="127401" lat="33.7636458" lon="-84.3594826">
  <tag k="barrier" v="gate"/>
  <tag k="motorcar" v="yes"/>
  <tag k="motorcycle" v="yes"/>
  <tag k="source" v="bing_imagery"/>
 </node>
 <node id="2268998522" visible="true" version="1" changeset="15744183" timestamp="2013-04-16T02:36:32Z" user="Ryan Lash" uid="127401" lat="33.7636507" lon="-84.3591725"/>
 <node id="2268998523" visible="true" version="2" changeset="15744297" timestamp="2013-04-16T02:54:39Z" user="Ryan Lash" uid="127401" lat="33.7636710" lon="-84.3594412">
  <tag k="barrier" v="gate"/>
  <tag k="motorcar" v="yes"/>
  <tag k="motorcycle" v="yes"/>
  <tag k="source" v="bing_imagery"/>
 </node>
 <node id="2268998524" visible="true" version="1" changeset="15744183" timestamp="2013-04-16T02:36:32Z" user="Ryan Lash" uid="127401" lat="33.7636963" lon="-84.3593994"/>
 <node id="2268998525" visible="true" version="2" changeset="118829778" timestamp="2022-03-23T16:49:07Z" user="paricdil" uid="11164219" lat="33.7637358" lon="-84.3595719"/>
 <node id="2268998526" visible="true" version="1" changeset="15744183" timestamp="2013-04-16T02:36:32Z" user="Ryan Lash" uid="127401" lat="33.7637557" lon="-84.3594956"/>
 <node id="2271063437" visible="true" version="1" changeset="15766630" timestamp="2013-04-17T20:04:13Z" user="Ryan Lash" uid="127401" lat="33.7633566" lon="-84.3585334"/>
 <node id="2271063445" visible="true" version="1" changeset="15766630" timestamp="2013-04-17T20:04:13Z" user="Ryan Lash" uid="127401" lat="33.7639567" lon="-84.3582440"/>
 <node id="2271063447" visible="true" version="1" changeset="15766630" timestamp="2013-04-17T20:04:13Z" user="Ryan Lash" uid="127401" lat="33.7637293" lon="-84.3583030"/>
 <node id="2271063451" visible="true" version="1" changeset="15766630" timestamp="2013-04-17T20:04:13Z" user="Ryan Lash" uid="127401" lat="33.7639813" lon="-84.3581394"/>
 <node id="2271063453" visible="true" version="1" changeset="15766630" timestamp="2013-04-17T20:04:13Z" user="Ryan Lash" uid="127401" lat="33.7639458" lon="-84.3581031"/>
 <node id="2271063457" visible="true" version="1" changeset="15766630" timestamp="2013-04-17T20:04:13Z" user="Ryan Lash" uid="127401" lat="33.7638530" lon="-84.3580079"/>
 <node id="2271063458" visible="true" version="1" changeset="15766630" timestamp="2013-04-17T20:04:13Z" user="Ryan Lash" uid="127401" lat="33.7638965" lon="-84.3584733"/>
 <node id="2271063459" visible="true" version="1" changeset="15766630" timestamp="2013-04-17T20:04:13Z" user="Ryan Lash" uid="127401" lat="33.7639434" lon="-84.3583030"/>
 <node id="2271063465" visible="true" version="1" changeset="15766630" timestamp="2013-04-17T20:04:14Z" user="Ryan Lash" uid="127401" lat="33.7638394" lon="-84.3579709"/>
 <node id="2271063478" visible="true" version="1" changeset="15766630" timestamp="2013-04-17T20:04:14Z" user="Ryan Lash" uid="127401" lat="33.7640381" lon="-84.3579127"/>
 <node id="2271063481" visible="true" version="1" changeset="15766630" timestamp="2013-04-17T20:04:14Z" user="Ryan Lash" uid="127401" lat="33.7637963" lon="-84.3581529"/>
 <node id="2271063483" visible="true" version="1" changeset="15766630" timestamp="2013-04-17T20:04:14Z" user="Ryan Lash" uid="127401" lat="33.7637193" lon="-84.3583526"/>
 <node id="2271063486" visible="true" version="1" changeset="15766630" timestamp="2013-04-17T20:04:14Z" user="Ryan Lash" uid="127401" lat="33.7637806" lon="-84.3580723"/>
 <node id="2271063487" visible="true" version="1" changeset="15766630" timestamp="2013-04-17T20:04:14Z" user="Ryan Lash" uid="127401" lat="33.7637360" lon="-84.3578859"/>
 <node id="2271063488" visible="true" version="1" changeset="15766630" timestamp="2013-04-17T20:04:14Z" user="Ryan Lash" uid="127401" lat="33.7638118" lon="-84.3577223"/>
 <node id="2271063492" visible="true" version="1" changeset="15766630" timestamp="2013-04-17T20:04:14Z" user="Ryan Lash" uid="127401" lat="33.7635966" lon="-84.3581313"/>
 <node id="2271063494" visible="true" version="1" changeset="15766630" timestamp="2013-04-17T20:04:14Z" user="Ryan Lash" uid="127401" lat="33.7638151" lon="-84.3581058"/>
 <node id="2271063495" visible="true" version="1" changeset="15766630" timestamp="2013-04-17T20:04:14Z" user="Ryan Lash" uid="127401" lat="33.7635565" lon="-84.3581689"/>
 <node id="2271063504" visible="true" version="1" changeset="15766630" timestamp="2013-04-17T20:04:15Z" user="Ryan Lash" uid="127401" lat="33.7639545" lon="-84.3580656"/>
 <node id="2271089009" visible="true" version="1" changeset="15766630" timestamp="2013-04-17T20:30:16Z" user="Ryan Lash" uid="127401" lat="33.7657807" lon="-84.3628708"/>
 <node id="2271089010" visible="true" version="1" changeset="15766630" timestamp="2013-04-17T20:30:16Z" user="Ryan Lash" uid="127401" lat="33.7659189" lon="-84.3630854"/>
 <node id="2271089011" visible="true" version="1" changeset="15766630" timestamp="2013-04-17T20:30:16Z" user="Ryan Lash" uid="127401" lat="33.7656291" lon="-84.3617362"/>
 <node id="2271089012" visible="true" version="1" changeset="15766630" timestamp="2013-04-17T20:30:16Z" user="Ryan Lash" uid="127401" lat="33.7656491" lon="-84.3616745"/>
 <node id="2271089013" visible="true" version="1" changeset="15766630" timestamp="2013-04-17T20:30:17Z" user="Ryan Lash" uid="127401" lat="33.7656733" lon="-84.3629077"/>
 <node id="2271089014" visible="true" version="1" changeset="15766630" timestamp="2013-04-17T20:30:17Z" user="Ryan Lash" uid="127401" lat="33.7658317" lon="-84.3631627"/>
 <node id="2271089015" visible="true" version="1" changeset="15766630" timestamp="2013-04-17T20:30:17Z" user="Ryan Lash" uid="127401" lat="33.7657625" lon="-84.3624825"/>
 <node id="2271089016" visible="true" version="1" changeset="15766630" timestamp="2013-04-17T20:30:17Z" user="Ryan Lash" uid="127401" lat="33.7652854" lon="-84.3618529"/>
 <node id="2271089017" visible="true" version="1" changeset="15766630" timestamp="2013-04-17T20:30:17Z" user="Ryan Lash" uid="127401" lat="33.7656202" lon="-84.3631149"/>
 <node id="2271089018" visible="true" version="1" changeset="15766630" timestamp="2013-04-17T20:30:17Z" user="Ryan Lash" uid="127401" lat="33.7658944" lon="-84.3627903"/>
 <node id="2271089019" visible="true" version="2" changeset="30850580" timestamp="2015-05-06T18:12:35Z" user="Ryan Lash" uid="127401" lat="33.7659406" lon="-84.3628384"/>
 <node id="2271089020" visible="true" version="2" changeset="162236110" timestamp="2025-02-07T08:56:32Z" user="skumarchandela_lyft" uid="18783563" lat="33.7656805" lon="-84.3634843">
  <tag k="access:delivery" v="no"/>
  <tag k="barrier" v="gate"/>
  <tag k="source" v="bing_imagery"/>
 </node>
 <node id="2271089021" visible="true" version="1" changeset="15766630" timestamp="2013-04-17T20:30:17Z" user="Ryan Lash" uid="127401" lat="33.7656291" lon="-84.3620929"/>
 <node id="2271089022" visible="true" version="1" changeset="15766630" timestamp="2013-04-17T20:30:17Z" user="Ryan Lash" uid="127401" lat="33.7656082" lon="-84.3626818"/>
 <node id="2271089023" visible="true" version="1" changeset="15766630" timestamp="2013-04-17T20:30:17Z" user="Ryan Lash" uid="127401" lat="33.7654373" lon="-84.3619615"/>
 <node id="2271089024" visible="true" version="1" changeset="15766630" timestamp="2013-04-17T20:30:17Z" user="Ryan Lash" uid="127401" lat="33.7649046" lon="-84.3613471"/>
 <node id="2271089025" visible="true" version="1" changeset="15766630" timestamp="2013-04-17T20:30:17Z" user="Ryan Lash" uid="127401" lat="33.7648840" lon="-84.3614160"/>
 <node id="2271089026" visible="true" version="1" changeset="15766630" timestamp="2013-04-17T20:30:17Z" user="Ryan Lash" uid="127401" lat="33.7660349" lon="-84.3632785"/>
 <node id="2271089027" visible="true" version="1" changeset="15766630" timestamp="2013-04-17T20:30:17Z" user="Ryan Lash" uid="127401" lat="33.7657941" lon="-84.3634153"/>
 <node id="2271089028" visible="true" version="1" changeset="15766630" timestamp="2013-04-17T20:30:17Z" user="Ryan Lash" uid="127401" lat="33.7656945" lon="-84.3623681"/>
 <node id="2271089029" visible="true" version="1" changeset="15766630" timestamp="2013-04-17T20:30:17Z" user="Ryan Lash" uid="127401" lat="33.7655409" lon="-84.3619466"/>
 <node id="2271089030" visible="true" version="1" changeset="15766630" timestamp="2013-04-17T20:30:17Z" user="Ryan Lash" uid="127401" lat="33.7656334" lon="-84.3629159"/>
 <node id="2271089031" visible="true" version="2" changeset="166817258" timestamp="2025-05-27T10:02:41Z" user="Mruthula12" uid="21759008" lat="33.7656718" lon="-84.3635569"/>
 <node id="2271089032" visible="true" version="1" changeset="15766630" timestamp="2013-04-17T20:30:17Z" user="Ryan Lash" uid="127401" lat="33.7652587" lon="-84.3613851"/>
 <node id="2271089033" visible="true" version="1" changeset="15766630" timestamp="2013-04-17T20:30:17Z" user="Ryan Lash" uid="127401" lat="33.7656982" lon="-84.3615243"/>
 <node id="2271089034" visible="true" version="1" changeset="15766630" timestamp="2013-04-17T20:30:17Z" user="Ryan Lash" uid="127401" lat="33.7661327" lon="-84.3633404"/>
 <node id="2271089035" visible="true" version="1" changeset="15766630" timestamp="2013-04-17T20:30:17Z" user="Ryan Lash" uid="127401" lat="33.7655198" lon="-84.3621573"/>
 <node id="2271089036" visible="true" version="1" changeset="15766630" timestamp="2013-04-17T20:30:17Z" user="Ryan Lash" uid="127401" lat="33.7658833" lon="-84.3611354"/>
 <node id="2271089037" visible="true" version="2" changeset="30850580" timestamp="2015-05-06T18:12:35Z" user="Ryan Lash" uid="127401" lat="33.7659009" lon="-84.3628892"/>
 <node id="2271089038" visible="true" version="1" changeset="15766630" timestamp="2013-04-17T20:30:17Z" user="Ryan Lash" uid="127401" lat="33.7655644" lon="-84.3632785"/>
 <node id="2271089039" visible="true" version="1" changeset="15766630" timestamp="2013-04-17T20:30:17Z" user="Ryan Lash" uid="127401" lat="33.7659011" lon="-84.3610764"/>
 <node id="2271089040" visible="true" version="1" changeset="15766630" timestamp="2013-04-17T20:30:17Z" user="Ryan Lash" uid="127401" lat="33.7656313" lon="-84.3618918"/>
 <node id="2271089041" visible="true" version="1" changeset="15766630" timestamp="2013-04-17T20:30:17Z" user="Ryan Lash" uid="127401" lat="33.7657762" lon="-84.3612937"/>
 <node id="2271089042" visible="true" version="1" changeset="15766630" timestamp="2013-04-17T20:30:18Z" user="Ryan Lash" uid="127401" lat="33.7651831" lon="-84.3629030"/>
 <node id="2271089043" visible="true" version="1" changeset="15766630" timestamp="2013-04-17T20:30:18Z" user="Ryan Lash" uid="127401" lat="33.7657963" lon="-84.3612427"/>
 <node id="2271089044" visible="true" version="1" changeset="15766630" timestamp="2013-04-17T20:30:18Z" user="Ryan Lash" uid="127401" lat="33.7657205" lon="-84.3614546"/>
 <node id="2271089045" visible="true" version="1" changeset="15766630" timestamp="2013-04-17T20:30:18Z" user="Ryan Lash" uid="127401" lat="33.7658409" lon="-84.3611944"/>
 <node id="2271089046" visible="true" version="1" changeset="15766630" timestamp="2013-04-17T20:30:18Z" user="Ryan Lash" uid="127401" lat="33.7659457" lon="-84.3630612"/>
 <node id="2271089047" visible="true" version="1" changeset="15766630" timestamp="2013-04-17T20:30:18Z" user="Ryan Lash" uid="127401" lat="33.7648922" lon="-84.3610991"/>
 <node id="2271089048" visible="true" version="1" changeset="15766630" timestamp="2013-04-17T20:30:18Z" user="Ryan Lash" uid="127401" lat="33.7654998" lon="-84.3612239"/>
 <node id="2271089049" visible="true" version="2" changeset="139425700" timestamp="2023-08-04T06:57:34Z" user="marialoyko" uid="12304204" lat="33.7649408" lon="-84.3619806"/>
 <node id="2271089050" visible="true" version="1" changeset="15766630" timestamp="2013-04-17T20:30:18Z" user="Ryan Lash" uid="127401" lat="33.7654618" lon="-84.3621976"/>
 <node id="2271089051" visible="true" version="1" changeset="15766630" timestamp="2013-04-17T20:30:18Z" user="Ryan Lash" uid="127401" lat="33.7649891" lon="-84.3635467"/>
 <node id="2271089052" visible="true" version="1" changeset="15766630" timestamp="2013-04-17T20:30:18Z" user="Ryan Lash" uid="127401" lat="33.7651631" lon="-84.3612481"/>
 <node id="2271089053" visible="true" version="1" changeset="15766630" timestamp="2013-04-17T20:30:18Z" user="Ryan Lash" uid="127401" lat="33.7649107" lon="-84.3618838"/>
 <node id="2271089054" visible="true" version="1" changeset="15766630" timestamp="2013-04-17T20:30:18Z" user="Ryan Lash" uid="127401" lat="33.7657919" lon="-84.3634743"/>
 <node id="2271089055" visible="true" version="1" changeset="15766630" timestamp="2013-04-17T20:30:18Z" user="Ryan Lash" uid="127401" lat="33.7658409" lon="-84.3627581"/>
 <node id="2271089056" visible="true" version="1" changeset="15766630" timestamp="2013-04-17T20:30:18Z" user="Ryan Lash" uid="127401" lat="33.7651254" lon="-84.3613311"/>
 <node id="2271089057" visible="true" version="1" changeset="15766630" timestamp="2013-04-17T20:30:18Z" user="Ryan Lash" uid="127401" lat="33.7648330" lon="-84.3621466"/>
 <node id="2271089058" visible="true" version="1" changeset="15766630" timestamp="2013-04-17T20:30:18Z" user="Ryan Lash" uid="127401" lat="33.7660773" lon="-84.3632383">
  <tag k="barrier" v="gate"/>
 </node>
 <node id="2271089059" visible="true" version="2" changeset="30850580" timestamp="2015-05-06T18:12:35Z" user="Ryan Lash" uid="127401" lat="33.7661426" lon="-84.3631931"/>
 <node id="2271089060" visible="true" version="1" changeset="15766630" timestamp="2013-04-17T20:30:18Z" user="Ryan Lash" uid="127401" lat="33.7657383" lon="-84.3613848"/>
 <node id="2271089061" visible="true" version="1" changeset="15766630" timestamp="2013-04-17T20:30:18Z" user="Ryan Lash" uid="127401" lat="33.7659056" lon="-84.3610013"/>
 <node id="2271089062" visible="true" version="1" changeset="15766630" timestamp="2013-04-17T20:30:18Z" user="Ryan Lash" uid="127401" lat="33.7651130" lon="-84.3610831"/>
 <node id="2271089063" visible="true" version="1" changeset="15766630" timestamp="2013-04-17T20:30:18Z" user="Ryan Lash" uid="127401" lat="33.7655421" lon="-84.3622727"/>
 <node id="2271089064" visible="true" version="1" changeset="15766630" timestamp="2013-04-17T20:30:18Z" user="Ryan Lash" uid="127401" lat="33.7655711" lon="-84.3624148"/>
 <node id="2271089065" visible="true" version="3" changeset="174598745" timestamp="2025-11-13T10:50:19Z" user="sarya_Lyft" uid="18784339" lat="33.7655571" lon="-84.3620043">
  <tag k="barrier" v="gate"/>
  <tag k="source" v="bing_imagery"/>
 </node>
 <node id="2271089066" visible="true" version="1" changeset="15766630" timestamp="2013-04-17T20:30:18Z" user="Ryan Lash" uid="127401" lat="33.7647795" lon="-84.3610764"/>
 <node id="2271089067" visible="true" version="1" changeset="15766630" timestamp="2013-04-17T20:30:18Z" user="Ryan Lash" uid="127401" lat="33.7656068" lon="-84.3619669"/>
 <node id="2271089068" visible="true" version="1" changeset="15766630" timestamp="2013-04-17T20:30:18Z" user="Ryan Lash" uid="127401" lat="33.7651140" lon="-84.3627286"/>
 <node id="2271089069" visible="true" version="1" changeset="15766630" timestamp="2013-04-17T20:30:18Z" user="Ryan Lash" uid="127401" lat="33.7655377" lon="-84.3625462"/>
 <node id="2271089070" visible="true" version="1" changeset="15766630" timestamp="2013-04-17T20:30:18Z" user="Ryan Lash" uid="127401" lat="33.7656224" lon="-84.3628735"/>
 <node id="2271089071" visible="true" version="1" changeset="15766630" timestamp="2013-04-17T20:30:18Z" user="Ryan Lash" uid="127401" lat="33.7655979" lon="-84.3620232"/>
 <node id="2271089072" visible="true" version="1" changeset="15766630" timestamp="2013-04-17T20:30:18Z" user="Ryan Lash" uid="127401" lat="33.7651439" lon="-84.3633170"/>
 <node id="2271089073" visible="true" version="1" changeset="15766630" timestamp="2013-04-17T20:30:18Z" user="Ryan Lash" uid="127401" lat="33.7656737" lon="-84.3616343"/>
 <node id="2271089074" visible="true" version="1" changeset="15766630" timestamp="2013-04-17T20:30:18Z" user="Ryan Lash" uid="127401" lat="33.7656536" lon="-84.3626160"/>
 <node id="2271089075" visible="true" version="1" changeset="15766630" timestamp="2013-04-17T20:30:19Z" user="Ryan Lash" uid="127401" lat="33.7656090" lon="-84.3625409"/>
 <node id="2271089076" visible="true" version="1" changeset="15766630" timestamp="2013-04-17T20:30:19Z" user="Ryan Lash" uid="127401" lat="33.7656335" lon="-84.3618086"/>
 <node id="2271089077" visible="true" version="1" changeset="15766630" timestamp="2013-04-17T20:30:19Z" user="Ryan Lash" uid="127401" lat="33.7651987" lon="-84.3631551"/>
 <node id="2271089078" visible="true" version="1" changeset="15766630" timestamp="2013-04-17T20:30:19Z" user="Ryan Lash" uid="127401" lat="33.7655176" lon="-84.3620688"/>
 <node id="2271089079" visible="true" version="1" changeset="15766630" timestamp="2013-04-17T20:30:19Z" user="Ryan Lash" uid="127401" lat="33.7660012" lon="-84.3632344"/>
 <node id="2271089080" visible="true" version="1" changeset="15766630" timestamp="2013-04-17T20:30:19Z" user="Ryan Lash" uid="127401" lat="33.7657963" lon="-84.3627260"/>
 <node id="2271089081" visible="true" version="1" changeset="15766630" timestamp="2013-04-17T20:30:19Z" user="Ryan Lash" uid="127401" lat="33.7657361" lon="-84.3626777"/>
 <node id="2271093104" visible="true" version="1" changeset="15766630" timestamp="2013-04-17T20:34:32Z" user="Ryan Lash" uid="127401" lat="33.7639436" lon="-84.3629647"/>
 <node id="2271093107" visible="true" version="1" changeset="15766630" timestamp="2013-04-17T20:34:32Z" user="Ryan Lash" uid="127401" lat="33.7645691" lon="-84.3625065"/>
 <node id="2271093109" visible="true" version="1" changeset="15766630" timestamp="2013-04-17T20:34:32Z" user="Ryan Lash" uid="127401" lat="33.7646903" lon="-84.3629969"/>
 <node id="2271093111" visible="true" version="1" changeset="15766630" timestamp="2013-04-17T20:34:32Z" user="Ryan Lash" uid="127401" lat="33.7640147" lon="-84.3630854"/>
 <node id="2271093113" visible="true" version="1" changeset="15766630" timestamp="2013-04-17T20:34:32Z" user="Ryan Lash" uid="127401" lat="33.7640825" lon="-84.3620004">
  <tag k="barrier" v="gate"/>
  <tag k="source" v="bing_imagery"/>
 </node>
 <node id="2271093116" visible="true" version="1" changeset="15766630" timestamp="2013-04-17T20:34:32Z" user="Ryan Lash" uid="127401" lat="33.7640437" lon="-84.3621681"/>
 <node id="2271093118" visible="true" version="1" changeset="15766630" timestamp="2013-04-17T20:34:32Z" user="Ryan Lash" uid="127401" lat="33.7641418" lon="-84.3617013"/>
 <node id="2271093120" visible="true" version="1" changeset="15766630" timestamp="2013-04-17T20:34:32Z" user="Ryan Lash" uid="127401" lat="33.7645731" lon="-84.3628040"/>
 <node id="2271093122" visible="true" version="1" changeset="15766630" timestamp="2013-04-17T20:34:32Z" user="Ryan Lash" uid="127401" lat="33.7640861" lon="-84.3616933"/>
 <node id="2271093124" visible="true" version="1" changeset="15766630" timestamp="2013-04-17T20:34:32Z" user="Ryan Lash" uid="127401" lat="33.7645518" lon="-84.3628045"/>
 <node id="2271093126" visible="true" version="1" changeset="15766630" timestamp="2013-04-17T20:34:32Z" user="Ryan Lash" uid="127401" lat="33.7648245" lon="-84.3625048"/>
 <node id="2271093128" visible="true" version="1" changeset="15766630" timestamp="2013-04-17T20:34:32Z" user="Ryan Lash" uid="127401" lat="33.7646814" lon="-84.3626026"/>
 <node id="2271093130" visible="true" version="1" changeset="15766630" timestamp="2013-04-17T20:34:32Z" user="Ryan Lash" uid="127401" lat="33.7648397" lon="-84.3630505"/>
 <node id="2271093132" visible="true" version="1" changeset="15766630" timestamp="2013-04-17T20:34:32Z" user="Ryan Lash" uid="127401" lat="33.7645539" lon="-84.3629616"/>
 <node id="2271093134" visible="true" version="1" changeset="15766630" timestamp="2013-04-17T20:34:32Z" user="Ryan Lash" uid="127401" lat="33.7640777" lon="-84.3626578"/>
 <node id="2271093136" visible="true" version="1" changeset="15766630" timestamp="2013-04-17T20:34:32Z" user="Ryan Lash" uid="127401" lat="33.7640139" lon="-84.3629593"/>
 <node id="2271093138" visible="true" version="1" changeset="15766630" timestamp="2013-04-17T20:34:32Z" user="Ryan Lash" uid="127401" lat="33.7642845" lon="-84.3622029"/>
 <node id="2271093140" visible="true" version="1" changeset="15766630" timestamp="2013-04-17T20:34:32Z" user="Ryan Lash" uid="127401" lat="33.7639424" lon="-84.3623049"/>
 <node id="2271093142" visible="true" version="1" changeset="15766630" timestamp="2013-04-17T20:34:32Z" user="Ryan Lash" uid="127401" lat="33.7644255" lon="-84.3629641"/>
 <node id="2271093144" visible="true" version="1" changeset="15766630" timestamp="2013-04-17T20:34:32Z" user="Ryan Lash" uid="127401" lat="33.7640758" lon="-84.3625160"/>
 <node id="2271093147" visible="true" version="1" changeset="15766630" timestamp="2013-04-17T20:34:32Z" user="Ryan Lash" uid="127401" lat="33.7645566" lon="-84.3614144"/>
 <node id="2271093149" visible="true" version="1" changeset="15766630" timestamp="2013-04-17T20:34:32Z" user="Ryan Lash" uid="127401" lat="33.7641675" lon="-84.3626561"/>
 <node id="2271093151" visible="true" version="1" changeset="15766630" timestamp="2013-04-17T20:34:32Z" user="Ryan Lash" uid="127401" lat="33.7643313" lon="-84.3630103"/>
 <node id="2271093153" visible="true" version="1" changeset="15766630" timestamp="2013-04-17T20:34:32Z" user="Ryan Lash" uid="127401" lat="33.7643291" lon="-84.3629405"/>
 <node id="2271093155" visible="true" version="1" changeset="15766630" timestamp="2013-04-17T20:34:32Z" user="Ryan Lash" uid="127401" lat="33.7640132" lon="-84.3628319"/>
 <node id="2271093157" visible="true" version="1" changeset="15766630" timestamp="2013-04-17T20:34:32Z" user="Ryan Lash" uid="127401" lat="33.7641697" lon="-84.3628238"/>
 <node id="2271093159" visible="true" version="1" changeset="15766630" timestamp="2013-04-17T20:34:32Z" user="Ryan Lash" uid="127401" lat="33.7644361" lon="-84.3622002"/>
 <node id="2271093160" visible="true" version="1" changeset="15766630" timestamp="2013-04-17T20:34:32Z" user="Ryan Lash" uid="127401" lat="33.7645855" lon="-84.3621037"/>
 <node id="2271093161" visible="true" version="1" changeset="15766630" timestamp="2013-04-17T20:34:32Z" user="Ryan Lash" uid="127401" lat="33.7641753" lon="-84.3614251"/>
 <node id="2271093162" visible="true" version="1" changeset="15766630" timestamp="2013-04-17T20:34:32Z" user="Ryan Lash" uid="127401" lat="33.7644235" lon="-84.3628190"/>
 <node id="2271093164" visible="true" version="1" changeset="15766630" timestamp="2013-04-17T20:34:32Z" user="Ryan Lash" uid="127401" lat="33.7640437" lon="-84.3619615"/>
 <node id="2271093166" visible="true" version="1" changeset="15766630" timestamp="2013-04-17T20:34:32Z" user="Ryan Lash" uid="127401" lat="33.7644250" lon="-84.3629700"/>
 <node id="2271256109" visible="true" version="2" changeset="142229846" timestamp="2023-10-06T12:02:31Z" user="mpatsevich_lyft" uid="12896788" lat="33.7661690" lon="-84.3623861">
  <tag k="barrier" v="gate"/>
  <tag k="barrier:keypad" v="yes"/>
 </node>
 <node id="2284962192" visible="true" version="3" changeset="174748294" timestamp="2025-11-16T22:25:23Z" user="MooPoo7" uid="7596709" lat="33.7634808" lon="-84.3621710"/>
 <node id="2284962202" visible="true" version="1" changeset="15901328" timestamp="2013-04-28T21:03:28Z" user="Ryan Lash" uid="127401" lat="33.7632045" lon="-84.3614651"/>
 <node id="2284962210" visible="true" version="1" changeset="15901328" timestamp="2013-04-28T21:03:28Z" user="Ryan Lash" uid="127401" lat="33.7629516" lon="-84.3627410">
  <tag k="barrier" v="gate"/>
  <tag k="source" v="bing_imagery"/>
 </node>
 <node id="2284962218" visible="true" version="2" changeset="174748294" timestamp="2025-11-16T22:25:23Z" user="MooPoo7" uid="7596709" lat="33.7633787" lon="-84.3621144"/>
 <node id="2284962219" visible="true" version="1" changeset="15901328" timestamp="2013-04-28T21:03:28Z" user="Ryan Lash" uid="127401" lat="33.7628221" lon="-84.3626788"/>
 <node id="2498439238" visible="true" version="2" changeset="30850580" timestamp="2015-05-06T18:12:35Z" user="Ryan Lash" uid="127401" lat="33.7662524" lon="-84.3629746"/>
 <node id="2685464825" visible="true" version="1" changeset="20719112" timestamp="2014-02-22T18:30:43Z" user="rblack5" uid="1949145" lat="33.7627412" lon="-84.3591469"/>
 <node id="2753825738" visible="true" version="1" changeset="21401315" timestamp="2014-03-30T14:16:30Z" user="Saikrishna_FultonCountyImport" uid="1981121" lat="33.7595898" lon="-84.3729087"/>
 <node id="2753825760" visible="true" version="1" changeset="21401315" timestamp="2014-03-30T14:16:30Z" user="Saikrishna_FultonCountyImport" uid="1981121" lat="33.7596943" lon="-84.3731532"/>
 <node id="2753825765" visible="true" version="1" changeset="21401315" timestamp="2014-03-30T14:16:30Z" user="Saikrishna_FultonCountyImport" uid="1981121" lat="33.7597181" lon="-84.3729088"/>
 <node id="2753825767" visible="true" version="1" changeset="21401315" timestamp="2014-03-30T14:16:30Z" user="Saikrishna_FultonCountyImport" uid="1981121" lat="33.7597236" lon="-84.3730531"/>
 <node id="2754850784" visible="true" version="2" changeset="174748294" timestamp="2025-11-16T22:25:23Z" user="MooPoo7" uid="7596709" lat="33.7633046" lon="-84.3620734"/>
 <node id="2754851032" visible="true" version="2" changeset="174748294" timestamp="2025-11-16T22:25:23Z" user="MooPoo7" uid="7596709" lat="33.7635498" lon="-84.3622093"/>
 <node id="2754851168" visible="true" version="2" changeset="174748294" timestamp="2025-11-16T22:25:23Z" user="MooPoo7" uid="7596709" lat="33.7637327" lon="-84.3607070"/>
 <node id="2754851319" visible="true" version="2" changeset="174748294" timestamp="2025-11-16T22:25:23Z" user="MooPoo7" uid="7596709" lat="33.7638105" lon="-84.3607519"/>
 <node id="2754851513" visible="true" version="2" changeset="174748294" timestamp="2025-11-16T22:25:23Z" user="MooPoo7" uid="7596709" lat="33.7640072" lon="-84.3600808"/>
 <node id="2754851723" visible="true" version="2" changeset="174748294" timestamp="2025-11-16T22:25:23Z" user="MooPoo7" uid="7596709" lat="33.7643024" lon="-84.3602445"/>
 <node id="2754851733" visible="true" version="1" changeset="21408860" timestamp="2014-03-30T21:11:06Z" user="Saikrishna_FultonCountyImport" uid="1981121" lat="33.7643040" lon="-84.3620513"/>
 <node id="2754851735" visible="true" version="1" changeset="21408860" timestamp="2014-03-30T21:11:06Z" user="Saikrishna_FultonCountyImport" uid="1981121" lat="33.7643055" lon="-84.3621086"/>
 <node id="2754851772" visible="true" version="1" changeset="21408860" timestamp="2014-03-30T21:11:06Z" user="Saikrishna_FultonCountyImport" uid="1981121" lat="33.7643377" lon="-84.3618556"/>
 <node id="2754851781" visible="true" version="1" changeset="21408860" timestamp="2014-03-30T21:11:06Z" user="Saikrishna_FultonCountyImport" uid="1981121" lat="33.7643427" lon="-84.3620499"/>
 <node id="2754851805" visible="true" version="1" changeset="21408860" timestamp="2014-03-30T21:11:07Z" user="Saikrishna_FultonCountyImport" uid="1981121" lat="33.7643818" lon="-84.3618351"/>
 <node id="2754851806" visible="true" version="1" changeset="21408860" timestamp="2014-03-30T21:11:07Z" user="Saikrishna_FultonCountyImport" uid="1981121" lat="33.7643821" lon="-84.3617923"/>
 <node id="2754851807" visible="true" version="1" changeset="21408860" timestamp="2014-03-30T21:11:07Z" user="Saikrishna_FultonCountyImport" uid="1981121" lat="33.7643843" lon="-84.3617923"/>
 <node id="2754851808" visible="true" version="1" changeset="21408860" timestamp="2014-03-30T21:11:07Z" user="Saikrishna_FultonCountyImport" uid="1981121" lat="33.7643846" lon="-84.3617503"/>
 <node id="2754851828" visible="true" version="1" changeset="21408860" timestamp="2014-03-30T21:11:07Z" user="Saikrishna_FultonCountyImport" uid="1981121" lat="33.7644296" lon="-84.3618522"/>
 <node id="2754851829" visible="true" version="1" changeset="21408860" timestamp="2014-03-30T21:11:07Z" user="Saikrishna_FultonCountyImport" uid="1981121" lat="33.7644356" lon="-84.3618356"/>
 <node id="2754851831" visible="true" version="1" changeset="21408860" timestamp="2014-03-30T21:11:07Z" user="Saikrishna_FultonCountyImport" uid="1981121" lat="33.7644361" lon="-84.3617508"/>
 <node id="2754851832" visible="true" version="1" changeset="21408860" timestamp="2014-03-30T21:11:08Z" user="Saikrishna_FultonCountyImport" uid="1981121" lat="33.7644361" lon="-84.3621038"/>
 <node id="2754851856" visible="true" version="1" changeset="21408860" timestamp="2014-03-30T21:11:08Z" user="Saikrishna_FultonCountyImport" uid="1981121" lat="33.7645081" lon="-84.3614097"/>
 <node id="2754851858" visible="true" version="1" changeset="21408860" timestamp="2014-03-30T21:11:08Z" user="Saikrishna_FultonCountyImport" uid="1981121" lat="33.7645124" lon="-84.3615044"/>
 <node id="2754851869" visible="true" version="1" changeset="21408860" timestamp="2014-03-30T21:11:08Z" user="Saikrishna_FultonCountyImport" uid="1981121" lat="33.7645404" lon="-84.3614076"/>
 <node id="2754851870" visible="true" version="1" changeset="21408860" timestamp="2014-03-30T21:11:08Z" user="Saikrishna_FultonCountyImport" uid="1981121" lat="33.7645447" lon="-84.3615023"/>
 <node id="2754852319" visible="true" version="1" changeset="21408860" timestamp="2014-03-30T21:11:13Z" user="Saikrishna_FultonCountyImport" uid="1981121" lat="33.7652735" lon="-84.3614216"/>
 <node id="2754852327" visible="true" version="1" changeset="21408860" timestamp="2014-03-30T21:11:13Z" user="Saikrishna_FultonCountyImport" uid="1981121" lat="33.7652919" lon="-84.3615906"/>
 <node id="2754852332" visible="true" version="1" changeset="21408860" timestamp="2014-03-30T21:11:13Z" user="Saikrishna_FultonCountyImport" uid="1981121" lat="33.7653258" lon="-84.3614134"/>
 <node id="2754852334" visible="true" version="1" changeset="21408860" timestamp="2014-03-30T21:11:14Z" user="Saikrishna_FultonCountyImport" uid="1981121" lat="33.7653442" lon="-84.3615824"/>
 <node id="2754852454" visible="true" version="1" changeset="21408860" timestamp="2014-03-30T21:11:15Z" user="Saikrishna_FultonCountyImport" uid="1981121" lat="33.7658595" lon="-84.3619015"/>
 <node id="2754852458" visible="true" version="1" changeset="21408860" timestamp="2014-03-30T21:11:15Z" user="Saikrishna_FultonCountyImport" uid="1981121" lat="33.7658741" lon="-84.3619102"/>
 <node id="2754852467" visible="true" version="1" changeset="21408860" timestamp="2014-03-30T21:11:15Z" user="Saikrishna_FultonCountyImport" uid="1981121" lat="33.7658788" lon="-84.3618556"/>
 <node id="2754852478" visible="true" version="1" changeset="21408860" timestamp="2014-03-30T21:11:15Z" user="Saikrishna_FultonCountyImport" uid="1981121" lat="33.7658984" lon="-84.3619248"/>
 <node id="2754852494" visible="true" version="1" changeset="21408860" timestamp="2014-03-30T21:11:15Z" user="Saikrishna_FultonCountyImport" uid="1981121" lat="33.7659176" lon="-84.3618789"/>
 <node id="2832868893" visible="true" version="1" changeset="22096167" timestamp="2014-05-03T01:27:24Z" user="Jack the Ripper" uid="1946151" lat="33.7640574" lon="-84.3571285"/>
 <node id="2832868894" visible="true" version="1" changeset="22096167" timestamp="2014-05-03T01:27:24Z" user="Jack the Ripper" uid="1946151" lat="33.7640685" lon="-84.3571731"/>
 <node id="3376386312" visible="true" version="1" changeset="29155268" timestamp="2015-02-28T13:14:06Z" user="maven149" uid="136601" lat="33.7667116" lon="-84.3601383"/>
 <node id="3376386313" visible="true" version="1" changeset="29155268" timestamp="2015-02-28T13:14:06Z" user="maven149" uid="136601" lat="33.7661590" lon="-84.3598375"/>
 <node id="3376386314" visible="true" version="1" changeset="29155268" timestamp="2015-02-28T13:14:06Z" user="maven149" uid="136601" lat="33.7633403" lon="-84.3598802"/>
 <node id="3376386315" visible="true" version="2" changeset="167839707" timestamp="2025-06-19T18:15:44Z" user="alexwohlbruck" uid="12370548" lat="33.7623316" lon="-84.3605117"/>
 <node id="3376386316" visible="true" version="1" changeset="29155268" timestamp="2015-02-28T13:14:06Z" user="maven149" uid="136601" lat="33.7619368" lon="-84.3608650"/>
 <node id="3376386317" visible="true" version="1" changeset="29155268" timestamp="2015-02-28T13:14:06Z" user="maven149" uid="136601" lat="33.7611417" lon="-84.3618509"/>
 <node id="3376386318" visible="true" version="2" changeset="60157885" timestamp="2018-06-25T17:37:09Z" user="LeifRasmussen" uid="4312767" lat="33.7597947" lon="-84.3636928"/>
 <node id="3376386319" visible="true" version="1" changeset="29155268" timestamp="2015-02-28T13:14:06Z" user="maven149" uid="136601" lat="33.7638566" lon="-84.3590925"/>
 <node id="3376386320" visible="true" version="1" changeset="29155268" timestamp="2015-02-28T13:14:06Z" user="maven149" uid="136601" lat="33.7641751" lon="-84.3589410"/>
 <node id="3376386321" visible="true" version="1" changeset="29155268" timestamp="2015-02-28T13:14:06Z" user="maven149" uid="136601" lat="33.7641827" lon="-84.3588770"/>
 <node id="3376386322" visible="true" version="1" changeset="29155268" timestamp="2015-02-28T13:14:06Z" user="maven149" uid="136601" lat="33.7641582" lon="-84.3586443"/>
 <node id="3376386323" visible="true" version="1" changeset="29155268" timestamp="2015-02-28T13:14:06Z" user="maven149" uid="136601" lat="33.7641540" lon="-84.3585629"/>
 <node id="3376386324" visible="true" version="1" changeset="29155268" timestamp="2015-02-28T13:14:06Z" user="maven149" uid="136601" lat="33.7642630" lon="-84.3580995"/>
 <node id="3376386325" visible="true" version="1" changeset="29155268" timestamp="2015-02-28T13:14:06Z" user="maven149" uid="136601" lat="33.7642080" lon="-84.3576431"/>
 <node id="3416374754" visible="true" version="2" changeset="59657693" timestamp="2018-06-08T06:55:36Z" user="Bhojaraj" uid="4647004" lat="33.7711173" lon="-84.3657843"/>
 <node id="3501409224" visible="true" version="1" changeset="30850580" timestamp="2015-05-06T18:12:35Z" user="Ryan Lash" uid="127401" lat="33.7660956" lon="-84.3631036"/>
 <node id="3501409225" visible="true" version="1" changeset="30850580" timestamp="2015-05-06T18:12:35Z" user="Ryan Lash" uid="127401" lat="33.7661189" lon="-84.3630749"/>
 <node id="3501409226" visible="true" version="1" changeset="30850580" timestamp="2015-05-06T18:12:35Z" user="Ryan Lash" uid="127401" lat="33.7661625" lon="-84.3631260"/>
 <node id="3501409227" visible="true" version="1" changeset="30850580" timestamp="2015-05-06T18:12:35Z" user="Ryan Lash" uid="127401" lat="33.7662009" lon="-84.3628923"/>
 <node id="3501409228" visible="true" version="1" changeset="30850580" timestamp="2015-05-06T18:12:35Z" user="Ryan Lash" uid="127401" lat="33.7660108" lon="-84.3627581"/>
 <node id="3501409229" visible="true" version="1" changeset="30850580" timestamp="2015-05-06T18:12:35Z" user="Ryan Lash" uid="127401" lat="33.7659102" lon="-84.3628872"/>
 <node id="3501409230" visible="true" version="1" changeset="30850580" timestamp="2015-05-06T18:12:35Z" user="Ryan Lash" uid="127401" lat="33.7661857" lon="-84.3629268"/>
 <node id="3501409231" visible="true" version="1" changeset="30850580" timestamp="2015-05-06T18:12:35Z" user="Ryan Lash" uid="127401" lat="33.7662888" lon="-84.3628219"/>
 <node id="3501409232" visible="true" version="1" changeset="30850580" timestamp="2015-05-06T18:12:35Z" user="Ryan Lash" uid="127401" lat="33.7662240" lon="-84.3629543"/>
 <node id="4307874003" visible="true" version="1" changeset="40805685" timestamp="2016-07-17T20:19:25Z" user="taposm" uid="166668" lat="33.7711179" lon="-84.3658322">
  <tag k="highway" v="traffic_signals"/>
 </node>
 <node id="4307874004" visible="true" version="1" changeset="40805685" timestamp="2016-07-17T20:19:25Z" user="taposm" uid="166668" lat="33.7711207" lon="-84.3662677"/>
 <node id="4879463002" visible="true" version="1" changeset="49014221" timestamp="2017-05-26T23:00:59Z" user="rhewitt" uid="1223170" lat="33.7664918" lon="-84.3628743"/>
 <node id="4879463013" visible="true" version="1" changeset="49014221" timestamp="2017-05-26T23:00:59Z" user="rhewitt" uid="1223170" lat="33.7662564" lon="-84.3627237"/>
 <node id="4879463014" visible="true" version="1" changeset="49014221" timestamp="2017-05-26T23:00:59Z" user="rhewitt" uid="1223170" lat="33.7659382" lon="-84.3625298"/>
 <node id="4879463015" visible="true" version="1" changeset="49014221" timestamp="2017-05-26T23:00:59Z" user="rhewitt" uid="1223170" lat="33.7658396" lon="-84.3624660"/>
 <node id="4879463016" visible="true" version="1" changeset="49014221" timestamp="2017-05-26T23:00:59Z" user="rhewitt" uid="1223170" lat="33.7657791" lon="-84.3623920"/>
 <node id="4879463017" visible="true" version="1" changeset="49014221" timestamp="2017-05-26T23:00:59Z" user="rhewitt" uid="1223170" lat="33.7657377" lon="-84.3622772"/>
 <node id="4879463018" visible="true" version="1" changeset="49014221" timestamp="2017-05-26T23:00:59Z" user="rhewitt" uid="1223170" lat="33.7656964" lon="-84.3621292"/>
 <node id="5112975845" visible="true" version="2" changeset="174748294" timestamp="2025-11-16T22:25:23Z" user="MooPoo7" uid="7596709" lat="33.7642283" lon="-84.3602034"/>
 <node id="5112975846" visible="true" version="2" changeset="174748294" timestamp="2025-11-16T22:25:23Z" user="MooPoo7" uid="7596709" lat="33.7641293" lon="-84.3601485"/>
 <node id="5352049308" visible="true" version="2" changeset="167839707" timestamp="2025-06-19T18:15:44Z" user="alexwohlbruck" uid="12370548" lat="33.7607308" lon="-84.3624734"/>
 <node id="5422136577" visible="true" version="1" changeset="56486905" timestamp="2018-02-19T10:01:44Z" user="Iqhra" uid="6371645" lat="33.7640785" lon="-84.3575918"/>
 <node id="5674318050" visible="true" version="1" changeset="59657780" timestamp="2018-06-08T06:57:51Z" user="Bhojaraj" uid="4647004" lat="33.7660886" lon="-84.3632592"/>
 <node id="5674412819" visible="true" version="1" changeset="59658990" timestamp="2018-06-08T07:36:51Z" user="Bhojaraj" uid="4647004" lat="33.7639648" lon="-84.3661983"/>
 <node id="5718299816" visible="true" version="1" changeset="60157885" timestamp="2018-06-25T17:37:05Z" user="LeifRasmussen" uid="4312767" lat="33.7596645" lon="-84.3638165"/>
 <node id="6016077206" visible="true" version="2" changeset="76565944" timestamp="2019-11-04T01:10:56Z" user="noonfyi" uid="3825162" lat="33.7630541" lon="-84.3579850">
  <tag k="crossing" v="marked"/>
  <tag k="highway" v="crossing"/>
 </node>
 <node id="6016077210" visible="true" version="1" changeset="63910528" timestamp="2018-10-26T18:48:13Z" user="afonit" uid="3327134" lat="33.7625388" lon="-84.3589781"/>
 <node id="6016077265" visible="true" version="1" changeset="63910528" timestamp="2018-10-26T18:48:13Z" user="afonit" uid="3327134" lat="33.7614379" lon="-84.3662360"/>
 <node id="6202375202" visible="true" version="1" changeset="66241824" timestamp="2019-01-11T23:31:34Z" user="mapsandapps" uid="1398624" lat="33.7638884" lon="-84.3590777">
  <tag k="amenity" v="recycling"/>
  <tag k="recycling_type" v="container"/>
  <tag k="source" v="survey"/>
 </node>
 <node id="6202375203" visible="true" version="1" changeset="66241824" timestamp="2019-01-11T23:31:34Z" user="mapsandapps" uid="1398624" lat="33.7638769" lon="-84.3590744">
  <tag k="amenity" v="waste_basket"/>
  <tag k="source" v="survey"/>
 </node>
 <node id="6202375204" visible="true" version="1" changeset="66241824" timestamp="2019-01-11T23:31:34Z" user="mapsandapps" uid="1398624" lat="33.7647363" lon="-84.3600655">
  <tag k="amenity" v="waste_basket"/>
  <tag k="source" v="survey"/>
 </node>
 <node id="6202375205" visible="true" version="1" changeset="66241824" timestamp="2019-01-11T23:31:34Z" user="mapsandapps" uid="1398624" lat="33.7647226" lon="-84.3601020">
  <tag k="amenity" v="bicycle_parking"/>
  <tag k="capacity" v="6"/>
  <tag k="source" v="survey"/>
 </node>
 <node id="6202375207" visible="true" version="2" changeset="165779241" timestamp="2025-05-03T22:40:18Z" user="Alan Rohrbach" uid="22640997" lat="33.7646527" lon="-84.3608829">
  <tag k="amenity" v="waste_basket"/>
  <tag k="check_date" v="2025-05-03"/>
  <tag k="source" v="survey"/>
 </node>
 <node id="6202375208" visible="true" version="3" changeset="165779255" timestamp="2025-05-03T22:40:59Z" user="Alan Rohrbach" uid="22640997" lat="33.7646808" lon="-84.3608813">
  <tag k="amenity" v="bicycle_parking"/>
  <tag k="bicycle_parking" v="stands"/>
  <tag k="capacity" v="6"/>
  <tag k="covered" v="no"/>
  <tag k="source" v="survey"/>
 </node>
 <node id="6202375209" visible="true" version="3" changeset="165779296" timestamp="2025-05-03T22:42:51Z" user="Alan Rohrbach" uid="22640997" lat="33.7650702" lon="-84.3608286">
  <tag k="amenity" v="drinking_water"/>
  <tag k="check_date" v="2025-05-03"/>
  <tag k="fountain" v="bubbler"/>
  <tag k="source" v="survey"/>
 </node>
 <node id="6723612535" visible="true" version="1" changeset="73497740" timestamp="2019-08-19T13:13:46Z" user="asddiqu" uid="10208981" lat="33.7590039" lon="-84.3655948"/>
 <node id="6943991774" visible="true" version="2" changeset="166758690" timestamp="2025-05-26T04:53:33Z" user="Vinod Pandit Dhulai" uid="21789785" lat="33.7629825" lon="-84.3581168">
  <tag k="barrier" v="kerb"/>
  <tag k="kerb" v="lowered"/>
  <tag k="tactile_paving" v="yes"/>
 </node>
 <node id="6943991778" visible="true" version="1" changeset="76565944" timestamp="2019-11-04T01:10:56Z" user="noonfyi" uid="3825162" lat="33.7630237" lon="-84.3580463"/>
 <node id="7136842019" visible="true" version="1" changeset="79653600" timestamp="2020-01-16T13:58:33Z" user="roberts_telenav" uid="10324071" lat="33.7678133" lon="-84.3584555"/>
 <node id="7702836317" visible="true" version="1" changeset="87825829" timestamp="2020-07-10T16:21:23Z" user="noonfyi" uid="3825162" lat="33.7606764" lon="-84.3716250"/>
 <node id="7702836323" visible="true" version="1" changeset="87825829" timestamp="2020-07-10T16:21:23Z" user="noonfyi" uid="3825162" lat="33.7606384" lon="-84.3693808"/>
 <node id="7702836324" visible="true" version="1" changeset="87825829" timestamp="2020-07-10T16:21:23Z" user="noonfyi" uid="3825162" lat="33.7608142" lon="-84.3693878"/>
 <node id="7702836325" visible="true" version="1" changeset="87825829" timestamp="2020-07-10T16:21:23Z" user="noonfyi" uid="3825162" lat="33.7608133" lon="-84.3698394"/>
 <node id="7702836328" visible="true" version="1" changeset="87825829" timestamp="2020-07-10T16:21:23Z" user="noonfyi" uid="3825162" lat="33.7607836" lon="-84.3700568"/>
 <node id="7702836329" visible="true" version="1" changeset="87825829" timestamp="2020-07-10T16:21:23Z" user="noonfyi" uid="3825162" lat="33.7606854" lon="-84.3704895"/>
 <node id="8202468376" visible="true" version="1" changeset="95433372" timestamp="2020-12-07T16:19:39Z" user="Keyinsilence" uid="7523713" lat="33.7595798" lon="-84.3742207"/>
 <node id="8202468377" visible="true" version="1" changeset="95433372" timestamp="2020-12-07T16:19:39Z" user="Keyinsilence" uid="7523713" lat="33.7595709" lon="-84.3731665"/>
 <node id="8202468378" visible="true" version="1" changeset="95433372" timestamp="2020-12-07T16:19:39Z" user="Keyinsilence" uid="7523713" lat="33.7595822" lon="-84.3722134"/>
 <node id="8202468379" visible="true" version="1" changeset="95433372" timestamp="2020-12-07T16:19:39Z" user="Keyinsilence" uid="7523713" lat="33.7598684" lon="-84.3722147"/>
 <node id="8215106988" visible="true" version="1" changeset="95639913" timestamp="2020-12-10T20:23:17Z" user="Keyinsilence" uid="7523713" lat="33.7644805" lon="-84.3593068"/>
 <node id="8215106989" visible="true" version="1" changeset="95639913" timestamp="2020-12-10T20:23:17Z" user="Keyinsilence" uid="7523713" lat="33.7645948" lon="-84.3593279"/>
 <node id="8215106990" visible="true" version="1" changeset="95639913" timestamp="2020-12-10T20:23:17Z" user="Keyinsilence" uid="7523713" lat="33.7647167" lon="-84.3592243"/>
 <node id="8215106991" visible="true" version="1" changeset="95639913" timestamp="2020-12-10T20:23:17Z" user="Keyinsilence" uid="7523713" lat="33.7648825" lon="-84.3590971"/>
 <node id="8215106992" visible="true" version="1" changeset="95639913" timestamp="2020-12-10T20:23:17Z" user="Keyinsilence" uid="7523713" lat="33.7650550" lon="-84.3589734"/>
 <node id="8215106993" visible="true" version="2" changeset="174748294" timestamp="2025-11-16T22:25:23Z" user="MooPoo7" uid="7596709" lat="33.7651033" lon="-84.3587396"/>
 <node id="8215106996" visible="true" version="1" changeset="95639913" timestamp="2020-12-10T20:23:17Z" user="Keyinsilence" uid="7523713" lat="33.7650049" lon="-84.3586479"/>
 <node id="8215106997" visible="true" version="1" changeset="95639913" timestamp="2020-12-10T20:23:17Z" user="Keyinsilence" uid="7523713" lat="33.7649157" lon="-84.3585453"/>
 <node id="8215106998" visible="true" version="1" changeset="95639913" timestamp="2020-12-10T20:23:17Z" user="Keyinsilence" uid="7523713" lat="33.7648231" lon="-84.3584203"/>
 <node id="8215106999" visible="true" version="1" changeset="95639913" timestamp="2020-12-10T20:23:17Z" user="Keyinsilence" uid="7523713" lat="33.7647404" lon="-84.3582671"/>
 <node id="8215107000" visible="true" version="1" changeset="95639913" timestamp="2020-12-10T20:23:17Z" user="Keyinsilence" uid="7523713" lat="33.7646784" lon="-84.3581029"/>
 <node id="8215107001" visible="true" version="1" changeset="95639913" timestamp="2020-12-10T20:23:17Z" user="Keyinsilence" uid="7523713" lat="33.7646223" lon="-84.3578861"/>
 <node id="8215107002" visible="true" version="1" changeset="95639913" timestamp="2020-12-10T20:23:17Z" user="Keyinsilence" uid="7523713" lat="33.7645430" lon="-84.3575007"/>
 <node id="8215107003" visible="true" version="1" changeset="95639913" timestamp="2020-12-10T20:23:17Z" user="Keyinsilence" uid="7523713" lat="33.7645000" lon="-84.3572433"/>
 <node id="8215107004" visible="true" version="1" changeset="95639913" timestamp="2020-12-10T20:23:17Z" user="Keyinsilence" uid="7523713" lat="33.7644935" lon="-84.3570371"/>
 <node id="8215107005" visible="true" version="1" changeset="95639913" timestamp="2020-12-10T20:23:17Z" user="Keyinsilence" uid="7523713" lat="33.7645034" lon="-84.3568922"/>
 <node id="8215107006" visible="true" version="1" changeset="95639913" timestamp="2020-12-10T20:23:17Z" user="Keyinsilence" uid="7523713" lat="33.7644879" lon="-84.3568812"/>
 <node id="8215107007" visible="true" version="1" changeset="95639913" timestamp="2020-12-10T20:23:17Z" user="Keyinsilence" uid="7523713" lat="33.7644756" lon="-84.3568868"/>
 <node id="8215107008" visible="true" version="1" changeset="95639913" timestamp="2020-12-10T20:23:17Z" user="Keyinsilence" uid="7523713" lat="33.7644479" lon="-84.3571646"/>
 <node id="8215107009" visible="true" version="1" changeset="95639913" timestamp="2020-12-10T20:23:17Z" user="Keyinsilence" uid="7523713" lat="33.7644823" lon="-84.3575321"/>
 <node id="8215107010" visible="true" version="1" changeset="95639913" timestamp="2020-12-10T20:23:17Z" user="Keyinsilence" uid="7523713" lat="33.7645209" lon="-84.3580054"/>
 <node id="8215107011" visible="true" version="1" changeset="95639913" timestamp="2020-12-10T20:23:17Z" user="Keyinsilence" uid="7523713" lat="33.7645578" lon="-84.3583431"/>
 <node id="8215107012" visible="true" version="1" changeset="95639913" timestamp="2020-12-10T20:23:17Z" user="Keyinsilence" uid="7523713" lat="33.7645799" lon="-84.3585905"/>
 <node id="8215107013" visible="true" version="1" changeset="95639913" timestamp="2020-12-10T20:23:17Z" user="Keyinsilence" uid="7523713" lat="33.7645820" lon="-84.3587204"/>
 <node id="8215107014" visible="true" version="1" changeset="95639913" timestamp="2020-12-10T20:23:17Z" user="Keyinsilence" uid="7523713" lat="33.7645649" lon="-84.3588727"/>
 <node id="8215107015" visible="true" version="1" changeset="95639913" timestamp="2020-12-10T20:23:17Z" user="Keyinsilence" uid="7523713" lat="33.7645307" lon="-84.3590802"/>
 <node id="8215107016" visible="true" version="1" changeset="95639913" timestamp="2020-12-10T20:23:17Z" user="Keyinsilence" uid="7523713" lat="33.7644600" lon="-84.3593016"/>
 <node id="8246165818" visible="true" version="1" changeset="96157574" timestamp="2020-12-20T23:21:34Z" user="JessAk71" uid="381909" lat="33.7619961" lon="-84.3662334"/>
 <node id="8246165819" visible="true" version="1" changeset="96157574" timestamp="2020-12-20T23:21:34Z" user="JessAk71" uid="381909" lat="33.7599633" lon="-84.3721622"/>
 <node id="8246165820" visible="true" version="1" changeset="96157574" timestamp="2020-12-20T23:21:34Z" user="JessAk71" uid="381909" lat="33.7610238" lon="-84.3668289"/>
 <node id="8246165821" visible="true" version="1" changeset="96157574" timestamp="2020-12-20T23:21:34Z" user="JessAk71" uid="381909" lat="33.7609347" lon="-84.3668449"/>
 <node id="8246165825" visible="true" version="1" changeset="96157574" timestamp="2020-12-20T23:21:34Z" user="JessAk71" uid="381909" lat="33.7619426" lon="-84.3665875"/>
 <node id="8246165826" visible="true" version="1" changeset="96157574" timestamp="2020-12-20T23:21:34Z" user="JessAk71" uid="381909" lat="33.7598465" lon="-84.3697086"/>
 <node id="8246165827" visible="true" version="1" changeset="96157574" timestamp="2020-12-20T23:21:34Z" user="JessAk71" uid="381909" lat="33.7611710" lon="-84.3663621"/>
 <node id="8246165828" visible="true" version="1" changeset="96157574" timestamp="2020-12-20T23:21:34Z" user="JessAk71" uid="381909" lat="33.7617597" lon="-84.3649459"/>
 <node id="8246165829" visible="true" version="1" changeset="96157574" timestamp="2020-12-20T23:21:34Z" user="JessAk71" uid="381909" lat="33.7619515" lon="-84.3645812"/>
 <node id="8246165830" visible="true" version="1" changeset="96157574" timestamp="2020-12-20T23:21:34Z" user="JessAk71" uid="381909" lat="33.7629148" lon="-84.3641949"/>
 <node id="8246165833" visible="true" version="1" changeset="96157574" timestamp="2020-12-20T23:21:34Z" user="JessAk71" uid="381909" lat="33.7606894" lon="-84.3718660"/>
 <node id="8246165834" visible="true" version="1" changeset="96157574" timestamp="2020-12-20T23:21:34Z" user="JessAk71" uid="381909" lat="33.7600561" lon="-84.3692858"/>
 <node id="8246165836" visible="true" version="1" changeset="96157574" timestamp="2020-12-20T23:21:34Z" user="JessAk71" uid="381909" lat="33.7622637" lon="-84.3640984"/>
 <node id="8246165838" visible="true" version="1" changeset="96157574" timestamp="2020-12-20T23:21:34Z" user="JessAk71" uid="381909" lat="33.7600436" lon="-84.3718510"/>
 <node id="8246165840" visible="true" version="1" changeset="96157574" timestamp="2020-12-20T23:21:34Z" user="JessAk71" uid="381909" lat="33.7623216" lon="-84.3655414"/>
 <node id="8246165841" visible="true" version="1" changeset="96157574" timestamp="2020-12-20T23:21:34Z" user="JessAk71" uid="381909" lat="33.7659577" lon="-84.3553171"/>
 <node id="8246165842" visible="true" version="1" changeset="96157574" timestamp="2020-12-20T23:21:34Z" user="JessAk71" uid="381909" lat="33.7617998" lon="-84.3668825"/>
 <node id="8246165844" visible="true" version="1" changeset="96157574" timestamp="2020-12-20T23:21:34Z" user="JessAk71" uid="381909" lat="33.7599758" lon="-84.3742123"/>
 <node id="8246165845" visible="true" version="1" changeset="96157574" timestamp="2020-12-20T23:21:34Z" user="JessAk71" uid="381909" lat="33.7609168" lon="-84.3672044"/>
 <node id="8246165848" visible="true" version="1" changeset="96157574" timestamp="2020-12-20T23:21:34Z" user="JessAk71" uid="381909" lat="33.7626561" lon="-84.3648065"/>
 <node id="8246165849" visible="true" version="1" changeset="96157574" timestamp="2020-12-20T23:21:34Z" user="JessAk71" uid="381909" lat="33.7631227" lon="-84.3634025"/>
 <node id="8246165854" visible="true" version="1" changeset="96157574" timestamp="2020-12-20T23:21:34Z" user="JessAk71" uid="381909" lat="33.7633692" lon="-84.3614736"/>
 <node id="8246165856" visible="true" version="1" changeset="96157574" timestamp="2020-12-20T23:21:34Z" user="JessAk71" uid="381909" lat="33.7599580" lon="-84.3719572"/>
 <node id="8246165858" visible="true" version="1" changeset="96157574" timestamp="2020-12-20T23:21:34Z" user="JessAk71" uid="381909" lat="33.7631065" lon="-84.3641681"/>
 <node id="8246165861" visible="true" version="1" changeset="96157574" timestamp="2020-12-20T23:21:34Z" user="JessAk71" uid="381909" lat="33.7631877" lon="-84.3618451"/>
 <node id="8246165864" visible="true" version="1" changeset="96157574" timestamp="2020-12-20T23:21:34Z" user="JessAk71" uid="381909" lat="33.7597171" lon="-84.3703855"/>
 <node id="8246165865" visible="true" version="1" changeset="96157574" timestamp="2020-12-20T23:21:34Z" user="JessAk71" uid="381909" lat="33.7623083" lon="-84.3639643"/>
 <node id="8246165866" visible="true" version="1" changeset="96157574" timestamp="2020-12-20T23:21:34Z" user="JessAk71" uid="381909" lat="33.7598331" lon="-84.3705893"/>
 <node id="8246165868" visible="true" version="1" changeset="96157574" timestamp="2020-12-20T23:21:34Z" user="JessAk71" uid="381909" lat="33.7598509" lon="-84.3716890"/>
 <node id="9013644849" visible="true" version="1" changeset="109798503" timestamp="2021-08-17T09:30:49Z" user="zluuzki" uid="12785610" lat="33.7635209" lon="-84.3603250"/>
 <node id="9013644850" visible="true" version="1" changeset="109798503" timestamp="2021-08-17T09:30:49Z" user="zluuzki" uid="12785610" lat="33.7633726" lon="-84.3610361"/>
 <node id="9013644851" visible="true" version="1" changeset="109798503" timestamp="2021-08-17T09:30:49Z" user="zluuzki" uid="12785610" lat="33.7632041" lon="-84.3609853"/>
 <node id="9013644852" visible="true" version="1" changeset="109798503" timestamp="2021-08-17T09:30:49Z" user="zluuzki" uid="12785610" lat="33.7633523" lon="-84.3602742"/>
 <node id="9600693020" visible="true" version="2" changeset="167839707" timestamp="2025-06-19T18:15:44Z" user="alexwohlbruck" uid="12370548" lat="33.7624302" lon="-84.3604245"/>
 <node id="9659823591" visible="true" version="2" changeset="174748294" timestamp="2025-11-16T22:25:23Z" user="MooPoo7" uid="7596709" lat="33.7637647" lon="-84.3607266"/>
 <node id="11088609131" visible="true" version="1" changeset="139425700" timestamp="2023-08-04T06:57:34Z" user="marialoyko" uid="12304204" lat="33.7654660" lon="-84.3622167"/>
 <node id="11088609132" visible="true" version="1" changeset="139425700" timestamp="2023-08-04T06:57:34Z" user="marialoyko" uid="12304204" lat="33.7650216" lon="-84.3622360"/>
 <node id="12528563532" visible="true" version="1" changeset="161696884" timestamp="2025-01-24T04:16:27Z" user="MooPoo7" uid="7596709" lat="33.7640858" lon="-84.3596399"/>
 <node id="12528563533" visible="true" version="1" changeset="161696884" timestamp="2025-01-24T04:16:27Z" user="MooPoo7" uid="7596709" lat="33.7640461" lon="-84.3594958"/>
 <node id="12528563534" visible="true" version="1" changeset="161696884" timestamp="2025-01-24T04:16:27Z" user="MooPoo7" uid="7596709" lat="33.7641041" lon="-84.3591494"/>
 <node id="12866360592" visible="true" version="1" changeset="166817258" timestamp="2025-05-27T10:02:41Z" user="Mruthula12" uid="21759008" lat="33.7665045" lon="-84.3629576">
  <tag k="crossing" v="uncontrolled"/>
  <tag k="crossing:markings" v="yes"/>
  <tag k="highway" v="crossing"/>
 </node>
 <node id="12926353335" visible="true" version="1" changeset="167839707" timestamp="2025-06-19T18:15:44Z" user="alexwohlbruck" uid="12370548" lat="33.7662729" lon="-84.3598892"/>
 <node id="12926353336" visible="true" version="1" changeset="167839707" timestamp="2025-06-19T18:15:44Z" user="alexwohlbruck" uid="12370548" lat="33.7661975" lon="-84.3599507"/>
 <node id="12926353337" visible="true" version="1" changeset="167839707" timestamp="2025-06-19T18:15:44Z" user="alexwohlbruck" uid="12370548" lat="33.7661151" lon="-84.3600467"/>
 <node id="12926353338" visible="true" version="1" changeset="167839707" timestamp="2025-06-19T18:15:44Z" user="alexwohlbruck" uid="12370548" lat="33.7660843" lon="-84.3600781"/>
 <node id="12926353339" visible="true" version="1" changeset="167839707" timestamp="2025-06-19T18:15:44Z" user="alexwohlbruck" uid="12370548" lat="33.7660440" lon="-84.3600872"/>
 <node id="12926353340" visible="true" version="1" changeset="167839707" timestamp="2025-06-19T18:15:44Z" user="alexwohlbruck" uid="12370548" lat="33.7660064" lon="-84.3600764"/>
 <node id="12926353341" visible="true" version="1" changeset="167839707" timestamp="2025-06-19T18:15:44Z" user="alexwohlbruck" uid="12370548" lat="33.7659793" lon="-84.3600480"/>
 <node id="12926353342" visible="true" version="1" changeset="167839707" timestamp="2025-06-19T18:15:44Z" user="alexwohlbruck" uid="12370548" lat="33.7659476" lon="-84.3599934"/>
 <node id="12926353343" visible="true" version="1" changeset="167839707" timestamp="2025-06-19T18:15:44Z" user="alexwohlbruck" uid="12370548" lat="33.7659223" lon="-84.3599714"/>
 <node id="12926353344" visible="true" version="1" changeset="167839707" timestamp="2025-06-19T18:15:44Z" user="alexwohlbruck" uid="12370548" lat="33.7658872" lon="-84.3599453"/>
 <node id="12926353345" visible="true" version="1" changeset="167839707" timestamp="2025-06-19T18:15:44Z" user="alexwohlbruck" uid="12370548" lat="33.7658671" lon="-84.3599118"/>
 <node id="12926353346" visible="true" version="1" changeset="167839707" timestamp="2025-06-19T18:15:44Z" user="alexwohlbruck" uid="12370548" lat="33.7658509" lon="-84.3598790"/>
 <node id="13030122797" visible="true" version="1" changeset="169574463" timestamp="2025-07-27T18:36:49Z" user="paricdil" uid="11164219" lat="33.7660225" lon="-84.3600810"/>
 <node id="13030122800" visible="true" version="1" changeset="169574463" timestamp="2025-07-27T18:36:49Z" user="paricdil" uid="11164219" lat="33.7660298" lon="-84.3601641">
  <tag k="barrier" v="gate"/>
 </node>
 <node id="13155016611" visible="true" version="1" changeset="172153305" timestamp="2025-09-19T10:04:31Z" user="GIS Atlanta Beltline" uid="23292674" lat="33.7611551" lon="-84.3618340"/>
 <node id="13155016612" visible="true" version="1" changeset="172153305" timestamp="2025-09-19T10:04:31Z" user="GIS Atlanta Beltline" uid="23292674" lat="33.7634092" lon="-84.3598542"/>
 <node id="13155016613" visible="true" version="1" changeset="172153305" timestamp="2025-09-19T10:04:31Z" user="GIS Atlanta Beltline" uid="23292674" lat="33.7634003" lon="-84.3598200"/>
 <node id="13155016623" visible="true" version="1" changeset="172153305" timestamp="2025-09-19T10:04:31Z" user="GIS Atlanta Beltline" uid="23292674" lat="33.7632941" lon="-84.3598675"/>
 <node id="13155016624" visible="true" version="1" changeset="172153305" timestamp="2025-09-19T10:04:31Z" user="GIS Atlanta Beltline" uid="23292674" lat="33.7633022" lon="-84.3598959"/>
 <node id="13155026945" visible="true" version="1" changeset="172154629" timestamp="2025-09-19T10:33:42Z" user="GIS Atlanta Beltline" uid="23292674" lat="33.7623064" lon="-84.3605340"/>
 <node id="13301325588" visible="true" version="1" changeset="174598745" timestamp="2025-11-13T10:50:19Z" user="sarya_Lyft" uid="18784339" lat="33.7655804" lon="-84.3620824"/>
 <node id="13309415419" visible="true" version="1" changeset="174748294" timestamp="2025-11-16T22:25:23Z" user="MooPoo7" uid="7596709" lat="33.7650681" lon="-84.3589695"/>
 <node id="13309415420" visible="true" version="1" changeset="174748294" timestamp="2025-11-16T22:25:23Z" user="MooPoo7" uid="7596709" lat="33.7653723" lon="-84.3590592"/>
 <node id="13309415421" visible="true" version="1" changeset="174748294" timestamp="2025-11-16T22:25:23Z" user="MooPoo7" uid="7596709" lat="33.7657378" lon="-84.3588139"/>
 <node id="13309415422" visible="true" version="1" changeset="174748294" timestamp="2025-11-16T22:25:23Z" user="MooPoo7" uid="7596709" lat="33.7654322" lon="-84.3587117"/>
 <node id="13309415423" visible="true" version="1" changeset="174748294" timestamp="2025-11-16T22:25:23Z" user="MooPoo7" uid="7596709" lat="33.7652859" lon="-84.3588115"/>
 <node id="13309415424" visible="true" version="1" changeset="174748294" timestamp="2025-11-16T22:25:23Z" user="MooPoo7" uid="7596709" lat="33.7656366" lon="-84.3588791"/>
 <node id="13309415425" visible="true" version="1" changeset="174748294" timestamp="2025-11-16T22:25:23Z" user="MooPoo7" uid="7596709" lat="33.7643680" lon="-84.3600483"/>
 <node id="13309415426" visible="true" version="1" changeset="174748294" timestamp="2025-11-16T22:25:23Z" user="MooPoo7" uid="7596709" lat="33.7642668" lon="-84.3600257"/>
 <node id="13309415427" visible="true" version="1" changeset="174748294" timestamp="2025-11-16T22:25:23Z" user="MooPoo7" uid="7596709" lat="33.7640531" lon="-84.3600534"/>
 <node id="13309415428" visible="true" version="1" changeset="174748294" timestamp="2025-11-16T22:25:23Z" user="MooPoo7" uid="7596709" lat="33.7641966" lon="-84.3596780"/>
 <node id="13309415429" visible="true" version="1" changeset="174748294" timestamp="2025-11-16T22:25:23Z" user="MooPoo7" uid="7596709" lat="33.7643722" lon="-84.3592171"/>
 <node id="13309415430" visible="true" version="1" changeset="174748294" timestamp="2025-11-16T22:25:23Z" user="MooPoo7" uid="7596709" lat="33.7644688" lon="-84.3592741"/>
 <node id="13309415431" visible="true" version="1" changeset="174748294" timestamp="2025-11-16T22:25:23Z" user="MooPoo7" uid="7596709" lat="33.7644565" lon="-84.3593168"/>
 <node id="13309415432" visible="true" version="1" changeset="174748294" timestamp="2025-11-16T22:25:23Z" user="MooPoo7" uid="7596709" lat="33.7644037" lon="-84.3594544"/>
 <node id="13309415433" visible="true" version="1" changeset="174748294" timestamp="2025-11-16T22:25:23Z" user="MooPoo7" uid="7596709" lat="33.7643868" lon="-84.3595036"/>
 <node id="13309415434" visible="true" version="1" changeset="174748294" timestamp="2025-11-16T22:25:23Z" user="MooPoo7" uid="7596709" lat="33.7644489" lon="-84.3595031"/>
 <node id="13309415435" visible="true" version="1" changeset="174748294" timestamp="2025-11-16T22:25:23Z" user="MooPoo7" uid="7596709" lat="33.7645534" lon="-84.3593836"/>
 <node id="13309415436" visible="true" version="1" changeset="174748294" timestamp="2025-11-16T22:25:23Z" user="MooPoo7" uid="7596709" lat="33.7646214" lon="-84.3593120"/>
 <node id="13309415437" visible="true" version="1" changeset="174748294" timestamp="2025-11-16T22:25:23Z" user="MooPoo7" uid="7596709" lat="33.7649667" lon="-84.3593485"/>
 <node id="13309415438" visible="true" version="1" changeset="174748294" timestamp="2025-11-16T22:25:23Z" user="MooPoo7" uid="7596709" lat="33.7648570" lon="-84.3594357"/>
 <node id="13309415439" visible="true" version="1" changeset="174748294" timestamp="2025-11-16T22:25:23Z" user="MooPoo7" uid="7596709" lat="33.7647521" lon="-84.3595314"/>
 <node id="13309415440" visible="true" version="1" changeset="174748294" timestamp="2025-11-16T22:25:23Z" user="MooPoo7" uid="7596709" lat="33.7646231" lon="-84.3596701"/>
 <node id="13309415441" visible="true" version="1" changeset="174748294" timestamp="2025-11-16T22:25:23Z" user="MooPoo7" uid="7596709" lat="33.7644831" lon="-84.3598608"/>
 <node id="13309415442" visible="true" version="1" changeset="174748294" timestamp="2025-11-16T22:25:23Z" user="MooPoo7" uid="7596709" lat="33.7646165" lon="-84.3593095"/>
 <node id="13309415443" visible="true" version="1" changeset="174748294" timestamp="2025-11-16T22:25:23Z" user="MooPoo7" uid="7596709" lat="33.7648233" lon="-84.3593212"/>
 <node id="13309415444" visible="true" version="1" changeset="174748294" timestamp="2025-11-16T22:25:23Z" user="MooPoo7" uid="7596709" lat="33.7648080" lon="-84.3592350"/>
 <node id="13309415445" visible="true" version="1" changeset="174748294" timestamp="2025-11-16T22:25:23Z" user="MooPoo7" uid="7596709" lat="33.7642890" lon="-84.3596556"/>
 <node id="13309415446" visible="true" version="1" changeset="174748294" timestamp="2025-11-16T22:25:23Z" user="MooPoo7" uid="7596709" lat="33.7638230" lon="-84.3605407"/>
 <node id="13309415447" visible="true" version="1" changeset="174748294" timestamp="2025-11-16T22:25:23Z" user="MooPoo7" uid="7596709" lat="33.7640826" lon="-84.3600496"/>
 <way id="9234734" visible="true" version="12" changeset="170834810" timestamp="2025-08-22T14:19:04Z" user="IvicaBanovac" uid="22101314">
  <nd ref="69099107"/>
  <nd ref="1088370686"/>
  <nd ref="1088370679"/>
  <nd ref="1088370474"/>
  <nd ref="1685881532"/>
  <nd ref="1685881531"/>
  <nd ref="69099105"/>
  <nd ref="1685881530"/>
  <nd ref="1685881529"/>
  <nd ref="69099102"/>
  <nd ref="1685881528"/>
  <nd ref="69099100"/>
  <nd ref="1685881527"/>
  <nd ref="69099098"/>
  <nd ref="1088858788"/>
  <nd ref="1685881523"/>
  <nd ref="69099092"/>
  <nd ref="1685881522"/>
  <nd ref="69099091"/>
  <nd ref="1685881514"/>
  <nd ref="69099090"/>
  <nd ref="1685881512"/>
  <nd ref="69099086"/>
  <nd ref="1685881510"/>
  <nd ref="69099083"/>
  <nd ref="1685881509"/>
  <nd ref="69099080"/>
  <nd ref="1685881508"/>
  <nd ref="1685881507"/>
  <nd ref="69099075"/>
  <nd ref="1685881503"/>
  <nd ref="69099072"/>
  <nd ref="1685881489"/>
  <nd ref="69099069"/>
  <nd ref="1685881487"/>
  <nd ref="69099067"/>
  <nd ref="69099066"/>
  <nd ref="1685881490"/>
  <nd ref="1685881501"/>
  <nd ref="69099064"/>
  <tag k="destination:ref" v="GA 42 Connector East"/>
  <tag k="expressway" v="yes"/>
  <tag k="hgv" v="no"/>
  <tag k="highway" v="trunk_link"/>
  <tag k="lanes" v="1"/>
  <tag k="oneway" v="yes"/>
  <tag k="surface" v="asphalt"/>
  <tag k="tiger:cfcc" v="A63"/>
  <tag k="tiger:county" v="Fulton, GA"/>
 </way>
 <way id="9236399" visible="true" version="17" changeset="182767648" timestamp="2026-05-17T05:55:24Z" user="NE2" uid="207745">
  <nd ref="69532991"/>
  <nd ref="568595965"/>
  <nd ref="13309415445"/>
  <nd ref="69126295"/>
  <nd ref="69126296"/>
  <tag k="bridge" v="yes"/>
  <tag k="expressway" v="yes"/>
  <tag k="HFCS" v="Principal Arterial - Other"/>
  <tag k="highway" v="trunk_link"/>
  <tag k="lanes" v="1"/>
  <tag k="layer" v="1"/>
  <tag k="maxspeed" v="35 mph"/>
  <tag k="oneway" v="yes"/>
  <tag k="surface" v="concrete"/>
  <tag k="tiger:cfcc" v="A63"/>
  <tag k="tiger:county" v="Fulton, GA"/>
 </way>
 <way id="9242133" visible="true" version="7" changeset="63910528" timestamp="2018-10-26T18:48:15Z" user="afonit" uid="3327134">
  <nd ref="69182865"/>
  <nd ref="6016077206"/>
  <nd ref="2268998519"/>
  <nd ref="69182874"/>
  <nd ref="2271063437"/>
  <nd ref="69182876"/>
  <nd ref="69182879"/>
  <nd ref="69182880"/>
  <nd ref="69182892"/>
  <tag k="highway" v="residential"/>
  <tag k="name" v="Elizabeth Street Northeast"/>
  <tag k="tiger:cfcc" v="A41"/>
  <tag k="tiger:county" v="Fulton, GA"/>
  <tag k="tiger:name_base" v="Elizabeth"/>
  <tag k="tiger:name_direction_suffix" v="NE"/>
  <tag k="tiger:name_type" v="St"/>
  <tag k="tiger:reviewed" v="no"/>
  <tag k="tiger:zip_left" v="30307"/>
  <tag k="tiger:zip_right" v="30307"/>
 </way>
 <way id="9260029" visible="true" version="10" changeset="170660512" timestamp="2025-08-19T10:01:56Z" user="IvicaBanovac" uid="22101314">
  <nd ref="69465489"/>
  <nd ref="69405775"/>
  <nd ref="5674412819"/>
  <nd ref="69405777"/>
  <nd ref="2271093104"/>
  <nd ref="2271093140"/>
  <nd ref="69405778"/>
  <tag k="bicycle" v="designated"/>
  <tag k="highway" v="residential"/>
  <tag k="lane_markings" v="no"/>
  <tag k="maxlength:hgv" v="30'"/>
  <tag k="maxweight:hgv" v="18 st"/>
  <tag k="name" v="Willoughby Way Northeast"/>
  <tag k="surface" v="asphalt"/>
  <tag k="tiger:cfcc" v="A41"/>
  <tag k="tiger:county" v="Fulton, GA"/>
  <tag k="tiger:name_base" v="Willoughby"/>
  <tag k="tiger:name_direction_suffix" v="NE"/>
  <tag k="tiger:name_type" v="Way"/>
  <tag k="tiger:reviewed" v="no"/>
  <tag k="tiger:zip_left" v="30312"/>
  <tag k="tiger:zip_right" v="30312"/>
 </way>
 <way id="9268972" visible="true" version="6" changeset="56486905" timestamp="2018-02-19T10:01:44Z" user="Iqhra" uid="6371645">
  <nd ref="69182892"/>
  <nd ref="69525599"/>
  <nd ref="69525601"/>
  <nd ref="5422136577"/>
  <nd ref="69525607"/>
  <nd ref="2832868894"/>
  <nd ref="2832868893"/>
  <nd ref="69305111"/>
  <tag k="highway" v="residential"/>
  <tag k="name" v="Bernina Avenue Northeast"/>
  <tag k="oneway" v="yes"/>
  <tag k="tiger:cfcc" v="A41"/>
  <tag k="tiger:county" v="Fulton, GA"/>
  <tag k="tiger:name_base" v="Bernina"/>
  <tag k="tiger:name_direction_suffix" v="NE"/>
  <tag k="tiger:name_type" v="Ave"/>
  <tag k="tiger:reviewed" v="no"/>
  <tag k="tiger:zip_left" v="30307"/>
  <tag k="tiger:zip_right" v="30307"/>
 </way>
 <way id="9274966" visible="true" version="5" changeset="166817258" timestamp="2025-05-27T10:02:41Z" user="Mruthula12" uid="21759008">
  <nd ref="69619502"/>
  <nd ref="69619505"/>
  <nd ref="69619506"/>
  <nd ref="69619507"/>
  <nd ref="69619508"/>
  <nd ref="69619509"/>
  <nd ref="3501409231"/>
  <nd ref="69619510"/>
  <nd ref="12866360592"/>
  <nd ref="69465504"/>
  <tag k="highway" v="residential"/>
  <tag k="name" v="Ensley Street Northeast"/>
  <tag k="tiger:cfcc" v="A41"/>
  <tag k="tiger:county" v="Fulton, GA"/>
  <tag k="tiger:name_base" v="Ensley"/>
  <tag k="tiger:name_direction_suffix" v="NE"/>
  <tag k="tiger:name_type" v="St"/>
  <tag k="tiger:reviewed" v="no"/>
 </way>
 <way id="29094065" visible="true" version="18" changeset="174748294" timestamp="2025-11-16T22:25:23Z" user="MooPoo7" uid="7596709">
  <nd ref="69532991"/>
  <nd ref="1685881463"/>
  <nd ref="69126294"/>
  <nd ref="1088858785"/>
  <nd ref="69532993"/>
  <nd ref="69532994"/>
  <tag k="bridge" v="yes"/>
  <tag k="expressway" v="yes"/>
  <tag k="HFCS" v="Principal Arterial - Other"/>
  <tag k="hgv" v="no"/>
  <tag k="highway" v="trunk"/>
  <tag k="lanes" v="2"/>
  <tag k="layer" v="1"/>
  <tag k="maxspeed" v="35 mph"/>
  <tag k="name" v="John Lewis Freedom Parkway Northeast"/>
  <tag k="name:etymology:wikidata" v="Q45380"/>
  <tag k="old_name" v="Freedom Parkway"/>
  <tag k="oneway" v="yes"/>
  <tag k="ref" v="GA 10"/>
  <tag k="short_name" v="John Lewis Freedom Parkway"/>
 </way>
 <way id="29094069" visible="true" version="21" changeset="174748294" timestamp="2025-11-16T22:25:23Z" user="MooPoo7" uid="7596709">
  <nd ref="5112975845"/>
  <nd ref="2284962192"/>
  <tag k="bicycle" v="no"/>
  <tag k="covered" v="yes"/>
  <tag k="expressway" v="yes"/>
  <tag k="foot" v="no"/>
  <tag k="HFCS" v="Principal Arterial - Other"/>
  <tag k="hgv" v="no"/>
  <tag k="highway" v="trunk"/>
  <tag k="lanes" v="2"/>
  <tag k="maxheight" v="default"/>
  <tag k="maxspeed" v="35 mph"/>
  <tag k="name" v="John Lewis Freedom Parkway Northeast"/>
  <tag k="name:etymology:wikidata" v="Q45380"/>
  <tag k="old_name" v="Freedom Parkway"/>
  <tag k="oneway" v="yes"/>
  <tag k="ref" v="GA 10"/>
  <tag k="short_name" v="John Lewis Freedom Parkway"/>
  <tag k="sidewalk" v="no"/>
  <tag k="surface" v="asphalt"/>
 </way>
 <way id="29094070" visible="true" version="18" changeset="170672283" timestamp="2025-08-19T13:54:56Z" user="IvicaBanovac" uid="22101314">
  <nd ref="69532869"/>
  <nd ref="1685881525"/>
  <nd ref="1088370776"/>
  <tag k="bridge" v="yes"/>
  <tag k="expressway" v="yes"/>
  <tag k="HFCS" v="Principal Arterial - Other"/>
  <tag k="hgv" v="no"/>
  <tag k="highway" v="trunk"/>
  <tag k="lanes" v="2"/>
  <tag k="layer" v="1"/>
  <tag k="lit" v="yes"/>
  <tag k="maxspeed" v="35 mph"/>
  <tag k="name" v="John Lewis Freedom Parkway Northeast"/>
  <tag k="name:etymology:wikidata" v="Q45380"/>
  <tag k="old_name" v="Freedom Parkway"/>
  <tag k="oneway" v="yes"/>
  <tag k="ref" v="GA 10"/>
  <tag k="short_name" v="John Lewis Freedom Parkway"/>
  <tag k="surface" v="concrete"/>
 </way>
 <way id="34767096" visible="true" version="9" changeset="119601680" timestamp="2022-04-12T03:39:00Z" user="KB-01" uid="9509339">
  <nd ref="405865839"/>
  <nd ref="405865840"/>
  <nd ref="408013071"/>
  <nd ref="408013070"/>
  <nd ref="405865844"/>
  <nd ref="405865845"/>
  <nd ref="405865847"/>
  <nd ref="408013066"/>
  <nd ref="408013065"/>
  <nd ref="407912840"/>
  <nd ref="405865858"/>
  <nd ref="405865860"/>
  <nd ref="405865862"/>
  <nd ref="405865864"/>
  <nd ref="405865866"/>
  <nd ref="6943991774"/>
  <nd ref="6943991778"/>
  <nd ref="405865869"/>
  <nd ref="2267047779"/>
  <nd ref="405865873"/>
  <nd ref="405865876"/>
  <nd ref="405865878"/>
  <nd ref="405865839"/>
  <tag k="LandPro08:DE3" v="DEVELOPED"/>
  <tag k="LandPro08:LC_NAME" v="COMMERCIAL"/>
  <tag k="LandPro08:LU_NAME" v="COMMERCIAL"/>
  <tag k="LandPro08:reviewed" v="no"/>
  <tag k="landuse" v="commercial"/>
  <tag k="source" v="LandPro08"/>
 </way>
 <way id="34772543" visible="true" version="12" changeset="75330956" timestamp="2019-10-06T02:09:48Z" user="itsamap!" uid="3854496">
  <nd ref="406081567"/>
  <nd ref="1928281603"/>
  <nd ref="406081569"/>
  <nd ref="406081571"/>
  <nd ref="406081573"/>
  <nd ref="406081574"/>
  <nd ref="406081576"/>
  <nd ref="406081579"/>
  <nd ref="406081581"/>
  <nd ref="406081586"/>
  <nd ref="406081588"/>
  <nd ref="406081590"/>
  <nd ref="406081592"/>
  <nd ref="406081594"/>
  <nd ref="406081596"/>
  <nd ref="406081598"/>
  <nd ref="406081601"/>
  <nd ref="2271089015"/>
  <nd ref="2271089028"/>
  <nd ref="406081602"/>
  <nd ref="1929806679"/>
  <nd ref="406081605"/>
  <nd ref="406081606"/>
  <nd ref="406081608"/>
  <nd ref="1929806647"/>
  <nd ref="1928281196"/>
  <nd ref="406034424"/>
  <nd ref="406034423"/>
  <nd ref="406081615"/>
  <nd ref="406081617"/>
  <nd ref="406081619"/>
  <nd ref="406081620"/>
  <nd ref="406081623"/>
  <nd ref="406081624"/>
  <nd ref="406081625"/>
  <nd ref="406081626"/>
  <nd ref="406081627"/>
  <nd ref="406081628"/>
  <nd ref="406081629"/>
  <nd ref="406081631"/>
  <nd ref="406081633"/>
  <nd ref="406081637"/>
  <nd ref="1928281572"/>
  <nd ref="406081639"/>
  <nd ref="406081641"/>
  <nd ref="406081645"/>
  <nd ref="406081647"/>
  <nd ref="406081649"/>
  <nd ref="4307874004"/>
  <nd ref="4307874003"/>
  <nd ref="3416374754"/>
  <nd ref="1928281602"/>
  <nd ref="406081567"/>
  <tag k="LandPro08:DE3" v="DEVELOPED"/>
  <tag k="LandPro08:DE5" v="AAAB"/>
  <tag k="LandPro08:LC" v="15"/>
  <tag k="LandPro08:LCLU" v="1515"/>
  <tag k="LandPro08:LC_NAME" v="IND/COM"/>
  <tag k="LandPro08:LU" v="15"/>
  <tag k="LandPro08:LU_NAME" v="IND/COM"/>
  <tag k="landuse" v="industrial"/>
 </way>
 <way id="34775470" visible="true" version="9" changeset="119601680" timestamp="2022-04-12T03:39:00Z" user="KB-01" uid="9509339">
  <nd ref="406202732"/>
  <nd ref="406202734"/>
  <nd ref="406202736"/>
  <nd ref="406202738"/>
  <nd ref="406202740"/>
  <nd ref="406202743"/>
  <nd ref="406202746"/>
  <nd ref="406202748"/>
  <nd ref="406202750"/>
  <nd ref="406202752"/>
  <nd ref="406202754"/>
  <nd ref="406202756"/>
  <nd ref="406202758"/>
  <nd ref="408013076"/>
  <nd ref="408013075"/>
  <nd ref="408013074"/>
  <nd ref="408013073"/>
  <nd ref="405865840"/>
  <nd ref="405865839"/>
  <nd ref="405865878"/>
  <nd ref="405865876"/>
  <nd ref="405865873"/>
  <nd ref="408347847"/>
  <nd ref="408347846"/>
  <nd ref="408347845"/>
  <nd ref="408347844"/>
  <nd ref="408347843"/>
  <nd ref="408347842"/>
  <nd ref="408347841"/>
  <nd ref="408347840"/>
  <nd ref="408347839"/>
  <nd ref="408347838"/>
  <nd ref="408347837"/>
  <nd ref="408347836"/>
  <nd ref="2267047733"/>
  <nd ref="408347835"/>
  <nd ref="408347834"/>
  <nd ref="406202815"/>
  <nd ref="8246165841"/>
  <nd ref="406202817"/>
  <nd ref="406202732"/>
  <tag k="LandPro08:DE3" v="UNDEVELOPABLE"/>
  <tag k="LandPro08:LC_NAME" v="PARKS"/>
  <tag k="LandPro08:LU_NAME" v="PARKS"/>
  <tag k="LandPro08:reviewed" v="no"/>
  <tag k="leisure" v="park"/>
  <tag k="name" v="Freedom Park"/>
  <tag k="source" v="LandPro08"/>
  <tag k="wikidata" v="Q5500582"/>
 </way>
 <way id="34819829" visible="true" version="7" changeset="109272488" timestamp="2021-08-06T16:06:59Z" user="zluuzki_Import" uid="13282562">
  <nd ref="406081605"/>
  <nd ref="2268995428"/>
  <nd ref="1928281293"/>
  <nd ref="2268995425"/>
  <nd ref="2268995424"/>
  <nd ref="2268995421"/>
  <nd ref="2268995415"/>
  <nd ref="406034427"/>
  <nd ref="406034425"/>
  <nd ref="406034424"/>
  <nd ref="1928281196"/>
  <nd ref="1929806647"/>
  <nd ref="406081608"/>
  <nd ref="406081606"/>
  <nd ref="406081605"/>
  <tag k="LandPro08:DE3" v="UNDEVELOPED"/>
  <tag k="LandPro08:LC_NAME" v="PARKS"/>
  <tag k="LandPro08:LU_NAME" v="PARKS"/>
  <tag k="LandPro08:reviewed" v="no"/>
  <tag k="landuse" v="recreation_ground"/>
  <tag k="source" v="LandPro08"/>
 </way>
 <way id="34825954" visible="true" version="7" changeset="109272488" timestamp="2021-08-06T16:07:12Z" user="zluuzki_Import" uid="13282562">
  <nd ref="2268995430"/>
  <nd ref="1985912137"/>
  <nd ref="1985912139"/>
  <nd ref="1985912141"/>
  <nd ref="1985912149"/>
  <nd ref="1985912151"/>
  <nd ref="1985912153"/>
  <nd ref="1985912155"/>
  <nd ref="2268995428"/>
  <nd ref="406081605"/>
  <nd ref="1929806679"/>
  <nd ref="406081602"/>
  <nd ref="2271089028"/>
  <nd ref="2271089015"/>
  <nd ref="406081601"/>
  <nd ref="406081598"/>
  <nd ref="406081596"/>
  <nd ref="2268995429"/>
  <nd ref="2268995430"/>
  <tag k="LandPro08:DE3" v="DEVELOPED"/>
  <tag k="LandPro08:LC_NAME" v="RES_MULTI"/>
  <tag k="LandPro08:LU_NAME" v="RES_MULTI"/>
  <tag k="LandPro08:reviewed" v="no"/>
  <tag k="landuse" v="residential"/>
  <tag k="source" v="LandPro08"/>
 </way>
 <way id="34829253" visible="true" version="15" changeset="172153305" timestamp="2025-09-19T10:04:31Z" user="GIS Atlanta Beltline" uid="23292674">
  <nd ref="407912850"/>
  <nd ref="6723612535"/>
  <nd ref="406080373"/>
  <nd ref="406080371"/>
  <nd ref="406080369"/>
  <nd ref="408012668"/>
  <nd ref="408012669"/>
  <nd ref="408012670"/>
  <nd ref="408347414"/>
  <nd ref="408347426"/>
  <nd ref="408012674"/>
  <nd ref="408012676"/>
  <nd ref="408012677"/>
  <nd ref="408012678"/>
  <nd ref="408347379"/>
  <nd ref="408347378"/>
  <nd ref="408347384"/>
  <nd ref="408347383"/>
  <nd ref="408347382"/>
  <nd ref="408347381"/>
  <nd ref="408347380"/>
  <nd ref="406034489"/>
  <nd ref="406034487"/>
  <nd ref="406034485"/>
  <nd ref="406034483"/>
  <nd ref="406034482"/>
  <nd ref="406034481"/>
  <nd ref="406034480"/>
  <nd ref="406034479"/>
  <nd ref="406034477"/>
  <nd ref="406034475"/>
  <nd ref="408012696"/>
  <nd ref="405921742"/>
  <nd ref="407912851"/>
  <nd ref="405921738"/>
  <nd ref="405921752"/>
  <nd ref="408175384"/>
  <nd ref="406034473"/>
  <nd ref="406034469"/>
  <nd ref="406034467"/>
  <nd ref="2268995410"/>
  <nd ref="2268995408"/>
  <nd ref="2268995411"/>
  <nd ref="2268995412"/>
  <nd ref="8246165854"/>
  <nd ref="406138828"/>
  <nd ref="1985918152"/>
  <nd ref="1985918153"/>
  <nd ref="1985918154"/>
  <nd ref="1985918155"/>
  <nd ref="1985918156"/>
  <nd ref="1985918157"/>
  <nd ref="1985918158"/>
  <nd ref="408175381"/>
  <nd ref="2267060026"/>
  <nd ref="1985918162"/>
  <nd ref="1985918163"/>
  <nd ref="1985918164"/>
  <nd ref="1985918165"/>
  <nd ref="1985918166"/>
  <nd ref="2210742458"/>
  <nd ref="13155016623"/>
  <nd ref="13155016613"/>
  <nd ref="1985918167"/>
  <nd ref="1985918168"/>
  <nd ref="2267047738"/>
  <nd ref="2267047779"/>
  <nd ref="405865869"/>
  <nd ref="6943991778"/>
  <nd ref="6943991774"/>
  <nd ref="405865866"/>
  <nd ref="405865864"/>
  <nd ref="405865862"/>
  <nd ref="405865860"/>
  <nd ref="405865858"/>
  <nd ref="407912840"/>
  <nd ref="408013065"/>
  <nd ref="408013066"/>
  <nd ref="405865847"/>
  <nd ref="405865845"/>
  <nd ref="405865844"/>
  <nd ref="408013070"/>
  <nd ref="408013071"/>
  <nd ref="405865840"/>
  <nd ref="408013073"/>
  <nd ref="408013074"/>
  <nd ref="408013075"/>
  <nd ref="408013076"/>
  <nd ref="406202758"/>
  <nd ref="406202756"/>
  <nd ref="406202754"/>
  <nd ref="406202752"/>
  <nd ref="406007382"/>
  <nd ref="408013030"/>
  <nd ref="408013031"/>
  <nd ref="408013033"/>
  <nd ref="408013034"/>
  <nd ref="408013035"/>
  <nd ref="408013037"/>
  <nd ref="408013038"/>
  <nd ref="408013039"/>
  <nd ref="408013040"/>
  <nd ref="408013042"/>
  <nd ref="408013043"/>
  <nd ref="406080336"/>
  <nd ref="406080334"/>
  <nd ref="406080329"/>
  <nd ref="406080327"/>
  <nd ref="406080325"/>
  <nd ref="406080323"/>
  <nd ref="406080320"/>
  <nd ref="406080318"/>
  <nd ref="406080316"/>
  <nd ref="406080314"/>
  <nd ref="406080313"/>
  <nd ref="406080311"/>
  <nd ref="407912846"/>
  <nd ref="407912847"/>
  <nd ref="407912848"/>
  <nd ref="407912849"/>
  <nd ref="407912850"/>
 </way>
 <way id="44851091" visible="true" version="17" changeset="166321344" timestamp="2025-05-15T19:40:55Z" user="VLD292" uid="21941706">
  <nd ref="9659823591"/>
  <nd ref="344455902"/>
  <nd ref="344455904"/>
  <nd ref="1684496877"/>
  <nd ref="344455905"/>
  <nd ref="344455906"/>
  <nd ref="344455909"/>
  <nd ref="1684496860"/>
  <nd ref="344455907"/>
  <nd ref="344455919"/>
  <nd ref="2284962210"/>
  <nd ref="344455920"/>
  <nd ref="344455921"/>
  <nd ref="344455922"/>
  <nd ref="344455923"/>
  <nd ref="344455924"/>
  <nd ref="344455925"/>
  <nd ref="1080552724"/>
  <nd ref="344455926"/>
  <nd ref="344455927"/>
  <nd ref="1685881407"/>
  <nd ref="344455928"/>
  <nd ref="344455931"/>
  <nd ref="344455929"/>
  <nd ref="344456088"/>
  <nd ref="344456089"/>
  <nd ref="1684496789"/>
  <nd ref="344456090"/>
  <nd ref="1684496823"/>
  <nd ref="344456091"/>
  <nd ref="344456092"/>
  <nd ref="344456093"/>
  <nd ref="1811042766"/>
  <nd ref="344456101"/>
  <nd ref="1811042733"/>
  <nd ref="344456102"/>
  <nd ref="6016077265"/>
  <nd ref="344456103"/>
  <nd ref="344456104"/>
  <nd ref="344456105"/>
  <nd ref="344456106"/>
  <nd ref="344456107"/>
  <nd ref="1811042832"/>
  <nd ref="344456108"/>
  <nd ref="344456109"/>
  <nd ref="344456110"/>
  <nd ref="344456111"/>
  <nd ref="344456112"/>
  <nd ref="1684496841"/>
  <nd ref="1684496749"/>
  <nd ref="344456113"/>
  <nd ref="1684496843"/>
  <nd ref="344456114"/>
  <nd ref="344456115"/>
  <nd ref="344456158"/>
  <nd ref="344456116"/>
  <nd ref="344456231"/>
  <nd ref="344456232"/>
  <nd ref="344456233"/>
  <nd ref="1684496786"/>
  <nd ref="1684496819"/>
  <nd ref="344456234"/>
  <nd ref="1684496753"/>
  <nd ref="1684496881"/>
  <nd ref="344456235"/>
  <nd ref="1684496787"/>
  <nd ref="926733447"/>
  <nd ref="926733448"/>
  <nd ref="926733449"/>
  <tag k="bicycle" v="designated"/>
  <tag k="foot" v="designated"/>
  <tag k="highway" v="cycleway"/>
  <tag k="motor_vehicle" v="no"/>
  <tag k="name" v="Stone Mountain Trail"/>
  <tag k="segregated" v="no"/>
  <tag k="surface" v="paved"/>
 </way>
 <way id="44851092" visible="true" version="6" changeset="174748294" timestamp="2025-11-16T22:25:23Z" user="MooPoo7" uid="7596709">
  <nd ref="568595966"/>
  <nd ref="344455896"/>
  <nd ref="344455897"/>
  <nd ref="344455898"/>
  <nd ref="13309415447"/>
  <tag k="bicycle" v="designated"/>
  <tag k="bridge" v="yes"/>
  <tag k="foot" v="designated"/>
  <tag k="highway" v="cycleway"/>
  <tag k="layer" v="1"/>
  <tag k="name" v="Stone Mountain Trail"/>
  <tag k="segregated" v="no"/>
 </way>
 <way id="83291377" visible="true" version="29" changeset="172154629" timestamp="2025-09-19T10:33:42Z" user="GIS Atlanta Beltline" uid="23292674">
  <nd ref="969139217"/>
  <nd ref="69331837"/>
  <nd ref="3376386312"/>
  <nd ref="69331838"/>
  <nd ref="12926353335"/>
  <nd ref="3376386313"/>
  <nd ref="1928281303"/>
  <nd ref="2268995423"/>
  <nd ref="69331843"/>
  <nd ref="2268995420"/>
  <nd ref="69331844"/>
  <nd ref="1928281253"/>
  <nd ref="69331846"/>
  <nd ref="69331850"/>
  <nd ref="12528563532"/>
  <nd ref="1975639631"/>
  <nd ref="69331855"/>
  <nd ref="13155016612"/>
  <nd ref="3376386314"/>
  <nd ref="13155016624"/>
  <nd ref="69331857"/>
  <nd ref="69331860"/>
  <nd ref="69331863"/>
  <nd ref="69331865"/>
  <nd ref="9600693020"/>
  <nd ref="3376386315"/>
  <nd ref="13155026945"/>
  <nd ref="69331867"/>
  <nd ref="3376386316"/>
  <nd ref="69331869"/>
  <nd ref="13155016611"/>
  <nd ref="3376386317"/>
  <nd ref="5352049308"/>
  <nd ref="69331873"/>
  <nd ref="2267113236"/>
  <nd ref="69331875"/>
  <nd ref="3376386318"/>
  <nd ref="5718299816"/>
  <nd ref="69331877"/>
  <nd ref="69331882"/>
  <nd ref="2268995404"/>
  <nd ref="69331885"/>
  <nd ref="69331887"/>
  <nd ref="69331888"/>
  <nd ref="2268953670"/>
  <tag k="abandoned:railway" v="rail"/>
  <tag k="bicycle" v="designated"/>
  <tag k="foot" v="designated"/>
  <tag k="highway" v="cycleway"/>
  <tag k="motor_vehicle" v="no"/>
  <tag k="name" v="Atlanta Beltline Eastside Trail"/>
  <tag k="oneway" v="no"/>
  <tag k="railway" v="abandoned"/>
  <tag k="segregated" v="no"/>
  <tag k="surface" v="concrete"/>
 </way>
 <way id="93762437" visible="true" version="5" changeset="119697782" timestamp="2022-04-14T07:22:59Z" user="YuliyaShustava_lyft" uid="11089099">
  <nd ref="2271256109"/>
  <nd ref="1088913644"/>
  <nd ref="1088913998"/>
  <tag k="access" v="private"/>
  <tag k="highway" v="service"/>
  <tag k="service" v="parking_aisle"/>
  <tag k="source" v="bing"/>
 </way>
 <way id="156165762" visible="true" version="6" changeset="182767648" timestamp="2026-05-17T05:55:25Z" user="NE2" uid="207745">
  <nd ref="69126296"/>
  <nd ref="69126297"/>
  <nd ref="1685881486"/>
  <nd ref="69126301"/>
  <nd ref="69126303"/>
  <nd ref="69126305"/>
  <nd ref="1685881499"/>
  <nd ref="69126307"/>
  <tag k="expressway" v="yes"/>
  <tag k="HFCS" v="Principal Arterial - Other"/>
  <tag k="highway" v="trunk_link"/>
  <tag k="lanes" v="1"/>
  <tag k="maxspeed" v="35 mph"/>
  <tag k="oneway" v="yes"/>
  <tag k="tiger:cfcc" v="A63"/>
  <tag k="tiger:county" v="Fulton, GA"/>
 </way>
 <way id="156324717" visible="true" version="9" changeset="170672283" timestamp="2025-08-19T13:54:56Z" user="IvicaBanovac" uid="22101314">
  <nd ref="1088370776"/>
  <nd ref="1088370348"/>
  <tag k="expressway" v="yes"/>
  <tag k="HFCS" v="Principal Arterial - Other"/>
  <tag k="hgv" v="no"/>
  <tag k="highway" v="trunk"/>
  <tag k="lanes" v="2"/>
  <tag k="maxspeed" v="35 mph"/>
  <tag k="name" v="John Lewis Freedom Parkway Northeast"/>
  <tag k="name:etymology:wikidata" v="Q45380"/>
  <tag k="old_name" v="Freedom Parkway"/>
  <tag k="oneway" v="yes"/>
  <tag k="ref" v="GA 10"/>
  <tag k="short_name" v="John Lewis Freedom Parkway"/>
 </way>
 <way id="156324719" visible="true" version="10" changeset="170672283" timestamp="2025-08-19T13:54:56Z" user="IvicaBanovac" uid="22101314">
  <nd ref="1685881520"/>
  <nd ref="69532997"/>
  <tag k="bridge" v="yes"/>
  <tag k="expressway" v="yes"/>
  <tag k="HFCS" v="Principal Arterial - Other"/>
  <tag k="hgv" v="no"/>
  <tag k="highway" v="trunk"/>
  <tag k="lanes" v="2"/>
  <tag k="layer" v="1"/>
  <tag k="lit" v="yes"/>
  <tag k="maxspeed" v="35 mph"/>
  <tag k="name" v="John Lewis Freedom Parkway Northeast"/>
  <tag k="name:etymology:wikidata" v="Q45380"/>
  <tag k="old_name" v="Freedom Parkway"/>
  <tag k="oneway" v="yes"/>
  <tag k="ref" v="GA 10"/>
  <tag k="short_name" v="John Lewis Freedom Parkway"/>
  <tag k="surface" v="concrete"/>
 </way>
 <way id="156324722" visible="true" version="10" changeset="174748294" timestamp="2025-11-16T22:25:23Z" user="MooPoo7" uid="7596709">
  <nd ref="69532994"/>
  <nd ref="13309415444"/>
  <nd ref="1685881520"/>
  <tag k="expressway" v="yes"/>
  <tag k="HFCS" v="Principal Arterial - Other"/>
  <tag k="hgv" v="no"/>
  <tag k="highway" v="trunk"/>
  <tag k="lanes" v="2"/>
  <tag k="maxspeed" v="35 mph"/>
  <tag k="name" v="John Lewis Freedom Parkway Northeast"/>
  <tag k="name:etymology:wikidata" v="Q45380"/>
  <tag k="old_name" v="Freedom Parkway"/>
  <tag k="oneway" v="yes"/>
  <tag k="ref" v="GA 10"/>
  <tag k="short_name" v="John Lewis Freedom Parkway"/>
 </way>
 <way id="156324725" visible="true" version="12" changeset="174748294" timestamp="2025-11-16T22:25:23Z" user="MooPoo7" uid="7596709">
  <nd ref="1088370348"/>
  <nd ref="1088858784"/>
  <nd ref="1088370417"/>
  <nd ref="315294703"/>
  <nd ref="1685881478"/>
  <nd ref="1088858812"/>
  <nd ref="69126293"/>
  <tag k="bicycle" v="no"/>
  <tag k="bridge" v="yes"/>
  <tag k="expressway" v="yes"/>
  <tag k="HFCS" v="Principal Arterial - Other"/>
  <tag k="hgv" v="no"/>
  <tag k="highway" v="trunk"/>
  <tag k="lanes" v="2"/>
  <tag k="layer" v="1"/>
  <tag k="maxspeed" v="35 mph"/>
  <tag k="name" v="John Lewis Freedom Parkway Northeast"/>
  <tag k="name:etymology:wikidata" v="Q45380"/>
  <tag k="old_name" v="Freedom Parkway"/>
  <tag k="oneway" v="yes"/>
  <tag k="ref" v="GA 10"/>
  <tag k="short_name" v="John Lewis Freedom Parkway"/>
 </way>
 <way id="182470291" visible="true" version="3" changeset="57015996" timestamp="2018-03-08T23:35:05Z" user="Volker Fröhlich" uid="2248331">
  <nd ref="1928281242"/>
  <nd ref="1928281247"/>
  <nd ref="1928281249"/>
  <nd ref="1928281252"/>
  <nd ref="1928281257"/>
  <nd ref="1928281260"/>
  <nd ref="1928281261"/>
  <nd ref="1928281262"/>
  <nd ref="1928281259"/>
  <nd ref="1928281255"/>
  <nd ref="1928281248"/>
  <nd ref="1928281244"/>
  <nd ref="1928281239"/>
  <nd ref="1928281236"/>
  <nd ref="1928281231"/>
  <nd ref="1928281228"/>
  <nd ref="1928281223"/>
  <nd ref="1928281220"/>
  <nd ref="1928281218"/>
  <nd ref="1928281213"/>
  <nd ref="1928281210"/>
  <nd ref="1928281209"/>
  <nd ref="1928281207"/>
  <nd ref="1928281208"/>
  <nd ref="1928281211"/>
  <nd ref="1928281212"/>
  <nd ref="1928281214"/>
  <nd ref="1928281217"/>
  <nd ref="1928281216"/>
  <nd ref="1928281215"/>
  <nd ref="1928281219"/>
  <nd ref="1928281221"/>
  <nd ref="1928281222"/>
  <nd ref="1928281227"/>
  <nd ref="1928281243"/>
  <nd ref="1928281250"/>
  <nd ref="1928281241"/>
  <nd ref="1928281245"/>
  <nd ref="1928281232"/>
  <nd ref="1928281234"/>
  <nd ref="1928281235"/>
  <nd ref="1928281230"/>
  <nd ref="1928281226"/>
  <nd ref="1928281224"/>
  <nd ref="1928281225"/>
  <nd ref="1928281229"/>
  <nd ref="1928281233"/>
  <nd ref="1928281237"/>
  <nd ref="1928281238"/>
  <nd ref="1928281242"/>
  <tag k="leisure" v="pitch"/>
  <tag k="name" v="Historic Fourth Ward Skatepark"/>
  <tag k="sport" v="skateboard"/>
  <tag k="surface" v="concrete"/>
 </way>
 <way id="182470299" visible="true" version="5" changeset="172153305" timestamp="2025-09-19T10:04:31Z" user="GIS Atlanta Beltline" uid="23292674">
  <nd ref="1928281284"/>
  <nd ref="1928281281"/>
  <nd ref="1928281278"/>
  <nd ref="1928281274"/>
  <nd ref="1928281270"/>
  <nd ref="1928281206"/>
  <tag k="check_date:surface" v="2025-05-03"/>
  <tag k="highway" v="footway"/>
  <tag k="surface" v="concrete"/>
 </way>
 <way id="182470305" visible="true" version="3" changeset="165777523" timestamp="2025-05-03T22:43:50Z" user="Alan Rohrbach" uid="22640997">
  <nd ref="2268995416"/>
  <nd ref="1928281251"/>
  <nd ref="1928281256"/>
  <nd ref="1928281240"/>
  <nd ref="1928281246"/>
  <nd ref="1928281267"/>
  <nd ref="1928281281"/>
  <tag k="check_date:surface" v="2025-05-03"/>
  <tag k="highway" v="footway"/>
  <tag k="surface" v="concrete"/>
 </way>
 <way id="182470307" visible="true" version="2" changeset="165777614" timestamp="2025-05-03T22:41:24Z" user="Alan Rohrbach" uid="22640997">
  <nd ref="69405778"/>
  <nd ref="1928281198"/>
  <nd ref="1928281203"/>
  <nd ref="1928281289"/>
  <nd ref="1928281301"/>
  <nd ref="1928281308"/>
  <nd ref="1928281295"/>
  <nd ref="1928281288"/>
  <nd ref="1928281289"/>
  <tag k="highway" v="service"/>
  <tag k="surface" v="asphalt"/>
 </way>
 <way id="182470311" visible="true" version="3" changeset="165779108" timestamp="2025-05-03T22:42:07Z" user="Alan Rohrbach" uid="22640997">
  <nd ref="1928281194"/>
  <nd ref="1928281191"/>
  <nd ref="1928281192"/>
  <nd ref="1928281193"/>
  <nd ref="1928281197"/>
  <nd ref="1928281201"/>
  <nd ref="1928281204"/>
  <nd ref="1928281206"/>
  <nd ref="1928281281"/>
  <nd ref="1928281284"/>
  <nd ref="1928281286"/>
  <nd ref="1928281298"/>
  <nd ref="1928281307"/>
  <nd ref="1928281310"/>
  <nd ref="1928281311"/>
  <nd ref="1928281205"/>
  <nd ref="1928281202"/>
  <nd ref="1928281200"/>
  <nd ref="1928281199"/>
  <nd ref="1928281195"/>
  <nd ref="1928281194"/>
  <tag k="access" v="yes"/>
  <tag k="amenity" v="parking"/>
  <tag k="fee" v="no"/>
  <tag k="parking" v="surface"/>
 </way>
 <way id="182470314" visible="true" version="2" changeset="165779307" timestamp="2025-05-03T22:43:13Z" user="Alan Rohrbach" uid="22640997">
  <nd ref="1928281280"/>
  <nd ref="1928281287"/>
  <nd ref="1928281263"/>
  <nd ref="1928281254"/>
  <nd ref="1928281280"/>
  <tag k="leisure" v="pitch"/>
  <tag k="sport" v="soccer"/>
  <tag k="surface" v="grass"/>
 </way>
 <way id="182470315" visible="true" version="1" changeset="13215018" timestamp="2012-09-23T02:38:41Z" user="Ryan Lash" uid="127401">
  <nd ref="1928281270"/>
  <nd ref="1928281271"/>
  <nd ref="1928281269"/>
  <nd ref="1928281266"/>
  <nd ref="1928281267"/>
 </way>
 <way id="182470316" visible="true" version="2" changeset="165779298" timestamp="2025-05-03T22:42:58Z" user="Alan Rohrbach" uid="22640997">
  <nd ref="1928281274"/>
  <nd ref="1928281275"/>
  <nd ref="1928281272"/>
  <nd ref="1928281271"/>
  <nd ref="1928281270"/>
  <nd ref="1928281274"/>
  <tag k="access" v="yes"/>
  <tag k="leisure" v="playground"/>
 </way>
 <way id="182533624" visible="true" version="2" changeset="18386078" timestamp="2013-10-16T13:10:18Z" user="Ryan Lash" uid="127401">
  <nd ref="1928962497"/>
  <nd ref="1928962487"/>
  <nd ref="1928962447"/>
  <nd ref="1928962451"/>
  <nd ref="1928962497"/>
  <tag k="building" v="residential"/>
  <tag k="source" v="bing"/>
 </way>
 <way id="182544252" visible="true" version="2" changeset="18386078" timestamp="2013-10-16T13:10:16Z" user="Ryan Lash" uid="127401">
  <nd ref="1928962492"/>
  <nd ref="1929014492"/>
  <nd ref="1929014495"/>
  <nd ref="1929014497"/>
  <nd ref="1929014502"/>
  <nd ref="1929014504"/>
  <nd ref="1929014510"/>
  <nd ref="1929014505"/>
  <nd ref="1929014523"/>
  <nd ref="1929014530"/>
  <nd ref="1929014532"/>
  <nd ref="1929014531"/>
  <nd ref="1929014534"/>
  <nd ref="1929014528"/>
  <nd ref="1929014527"/>
  <nd ref="1929014526"/>
  <nd ref="1928962504"/>
  <nd ref="1928962492"/>
  <tag k="building" v="residential"/>
  <tag k="source" v="bing"/>
 </way>
 <way id="185605335" visible="true" version="4" changeset="169574463" timestamp="2025-07-27T18:36:49Z" user="paricdil" uid="11164219">
  <nd ref="1962537221"/>
  <nd ref="1962537220"/>
  <nd ref="1962537218"/>
  <nd ref="1962537216"/>
  <nd ref="2271256109"/>
  <nd ref="1962537210"/>
  <nd ref="1962537213"/>
  <nd ref="1962537212"/>
  <nd ref="1962537215"/>
  <nd ref="1962537217"/>
  <nd ref="1962537211"/>
  <nd ref="1962537206"/>
  <nd ref="1962537202"/>
  <nd ref="1962537199"/>
  <nd ref="1962537196"/>
  <nd ref="1962537195"/>
  <nd ref="1962537193"/>
  <nd ref="1962537201"/>
  <nd ref="1962537204"/>
  <nd ref="1962537203"/>
  <nd ref="13030122800"/>
  <nd ref="1962537227"/>
  <nd ref="1962537231"/>
  <nd ref="1962537235"/>
  <nd ref="1962537243"/>
  <nd ref="1962537247"/>
  <nd ref="1962537245"/>
  <nd ref="1962537244"/>
  <nd ref="1962537241"/>
  <nd ref="1962537239"/>
  <tag k="barrier" v="fence"/>
  <tag k="fence_type" v="chain"/>
  <tag k="source" v="bing_imagery"/>
 </way>
 <way id="186813134" visible="true" version="4" changeset="172153305" timestamp="2025-09-19T10:04:31Z" user="GIS Atlanta Beltline" uid="23292674">
  <nd ref="1928281203"/>
  <nd ref="1928281206"/>
  <nd ref="2268995416"/>
  <nd ref="2268995417"/>
  <nd ref="1928281253"/>
  <tag k="bicycle" v="designated"/>
  <tag k="foot" v="designated"/>
  <tag k="highway" v="cycleway"/>
  <tag k="motor_vehicle" v="no"/>
  <tag k="name" v="Beltline Access Line"/>
  <tag k="surface" v="concrete"/>
 </way>
 <way id="186814444" visible="true" version="7" changeset="172150340" timestamp="2025-09-19T09:06:21Z" user="GIS Atlanta Beltline" uid="23292674">
  <nd ref="1975639659"/>
  <nd ref="12528563534"/>
  <nd ref="1975639636"/>
  <nd ref="3376386320"/>
  <nd ref="3376386321"/>
  <nd ref="1975639634"/>
  <nd ref="3376386322"/>
  <nd ref="3376386323"/>
  <nd ref="1975639622"/>
  <nd ref="1975639643"/>
  <nd ref="3376386324"/>
  <nd ref="1975639640"/>
  <nd ref="1975639620"/>
  <nd ref="3376386325"/>
  <nd ref="1975639638"/>
  <nd ref="1975639625"/>
  <nd ref="1975639626"/>
  <nd ref="344455889"/>
  <tag k="bicycle" v="designated"/>
  <tag k="foot" v="designated"/>
  <tag k="highway" v="cycleway"/>
  <tag k="motor_vehicle" v="no"/>
  <tag k="name" v="Beltline Access Line"/>
  <tag k="segregated" v="no"/>
  <tag k="surface" v="concrete"/>
 </way>
 <way id="186814445" visible="true" version="7" changeset="172150340" timestamp="2025-09-19T09:06:21Z" user="GIS Atlanta Beltline" uid="23292674">
  <nd ref="1975639659"/>
  <nd ref="1975639628"/>
  <nd ref="1975639657"/>
  <nd ref="3376386319"/>
  <nd ref="69182892"/>
  <tag k="bicycle" v="designated"/>
  <tag k="foot" v="designated"/>
  <tag k="highway" v="cycleway"/>
  <tag k="motor_vehicle" v="no"/>
  <tag k="name" v="Beltline Access Line"/>
  <tag k="segregated" v="no"/>
  <tag k="surface" v="concrete"/>
 </way>
 <way id="186814446" visible="true" version="6" changeset="172150340" timestamp="2025-09-19T09:06:21Z" user="GIS Atlanta Beltline" uid="23292674">
  <nd ref="1975639623"/>
  <nd ref="1975639659"/>
  <tag k="bicycle" v="designated"/>
  <tag k="foot" v="designated"/>
  <tag k="highway" v="cycleway"/>
  <tag k="motor_vehicle" v="no"/>
  <tag k="name" v="Beltline Access Line"/>
  <tag k="segregated" v="no"/>
  <tag k="surface" v="concrete"/>
 </way>
 <way id="186814447" visible="true" version="6" changeset="172150340" timestamp="2025-09-19T09:06:21Z" user="GIS Atlanta Beltline" uid="23292674">
  <nd ref="1975639623"/>
  <nd ref="1975639663"/>
  <nd ref="1975639656"/>
  <nd ref="69331850"/>
  <tag k="bicycle" v="designated"/>
  <tag k="foot" v="designated"/>
  <tag k="highway" v="cycleway"/>
  <tag k="motor_vehicle" v="no"/>
  <tag k="name" v="Beltline Access Line"/>
  <tag k="segregated" v="no"/>
  <tag k="surface" v="concrete"/>
 </way>
 <way id="186814448" visible="true" version="6" changeset="172150340" timestamp="2025-09-19T09:06:21Z" user="GIS Atlanta Beltline" uid="23292674">
  <nd ref="1975639631"/>
  <nd ref="1975639630"/>
  <nd ref="1975639661"/>
  <nd ref="12528563533"/>
  <nd ref="1975639623"/>
  <tag k="bicycle" v="designated"/>
  <tag k="foot" v="designated"/>
  <tag k="highway" v="cycleway"/>
  <tag k="motor_vehicle" v="no"/>
  <tag k="name" v="Beltline Access Line"/>
  <tag k="segregated" v="no"/>
  <tag k="surface" v="concrete"/>
 </way>
 <way id="187958472" visible="true" version="7" changeset="172153305" timestamp="2025-09-19T10:04:31Z" user="GIS Atlanta Beltline" uid="23292674">
  <nd ref="1985912161"/>
  <nd ref="1985912163"/>
  <nd ref="1985912166"/>
  <nd ref="1985912171"/>
  <nd ref="1985912174"/>
  <nd ref="1985912176"/>
  <nd ref="1985912137"/>
  <nd ref="1985912139"/>
  <nd ref="1985912141"/>
  <nd ref="1985912149"/>
  <nd ref="1985912151"/>
  <nd ref="1985912153"/>
  <nd ref="1985912155"/>
  <nd ref="2268995428"/>
  <nd ref="1928281293"/>
  <nd ref="2268995425"/>
  <nd ref="2268995424"/>
  <nd ref="2268995421"/>
  <nd ref="2268995415"/>
  <nd ref="406034427"/>
  <nd ref="1985918152"/>
  <nd ref="1985918153"/>
  <nd ref="1985918154"/>
  <nd ref="1985918155"/>
  <nd ref="1985918156"/>
  <nd ref="1985918157"/>
  <nd ref="1985918158"/>
  <nd ref="2210742456"/>
  <nd ref="1985918159"/>
  <nd ref="1985928815"/>
  <nd ref="1985928817"/>
  <nd ref="1985928819"/>
  <nd ref="1985928821"/>
  <nd ref="1985928823"/>
  <nd ref="1985928825"/>
  <nd ref="1985928827"/>
  <nd ref="2267113237"/>
  <nd ref="1985928828"/>
  <nd ref="1985928836"/>
  <nd ref="1985928837"/>
  <nd ref="1985928838"/>
  <nd ref="1985928840"/>
  <nd ref="1985928841"/>
  <nd ref="1985928842"/>
  <nd ref="2268953670"/>
  <nd ref="1985928843"/>
  <nd ref="1985928844"/>
  <nd ref="1985928845"/>
  <nd ref="2267113241"/>
  <nd ref="1985928846"/>
  <nd ref="1985928847"/>
  <nd ref="1985928848"/>
  <nd ref="1985928849"/>
  <nd ref="2267113243"/>
  <nd ref="1985928850"/>
  <nd ref="1985928851"/>
  <nd ref="1985928852"/>
  <nd ref="1985928854"/>
  <nd ref="1985928855"/>
  <nd ref="1985928856"/>
  <nd ref="1985928857"/>
  <nd ref="1985918162"/>
  <nd ref="1985918163"/>
  <nd ref="1985918164"/>
  <nd ref="1985918165"/>
  <nd ref="1985918166"/>
  <nd ref="2210742458"/>
  <nd ref="13155016623"/>
  <nd ref="13155016613"/>
  <nd ref="1985918167"/>
  <nd ref="1985918168"/>
  <nd ref="2267047738"/>
  <nd ref="2268995414"/>
  <nd ref="2267047747"/>
  <nd ref="2268995418"/>
  <nd ref="2268995419"/>
  <nd ref="2268995422"/>
  <nd ref="2268995427"/>
  <nd ref="1985912161"/>
  <tag k="landuse" v="meadow"/>
  <tag k="source" v="Bing"/>
 </way>
 <way id="208783342" visible="true" version="5" changeset="63910528" timestamp="2018-10-26T18:48:15Z" user="afonit" uid="3327134">
  <nd ref="2190432736"/>
  <nd ref="6016077210"/>
  <nd ref="2685464825"/>
  <nd ref="2190432724"/>
  <nd ref="2190432710"/>
  <nd ref="2190432730"/>
  <nd ref="2190432681"/>
  <nd ref="2268998525"/>
  <nd ref="2190432732"/>
  <nd ref="2268998526"/>
  <nd ref="69182892"/>
  <tag k="highway" v="residential"/>
  <tag k="lanes" v="2"/>
  <tag k="oneway" v="yes"/>
  <tag k="source" v="bing_imagery"/>
  <tag k="surface" v="asphalt"/>
 </way>
 <way id="211025179" visible="true" version="2" changeset="21401211" timestamp="2014-03-30T14:12:21Z" user="Saikrishna_FultonCountyImport" uid="1981121">
  <nd ref="2210360438"/>
  <nd ref="2210360434"/>
  <nd ref="2210360426"/>
  <nd ref="2210360436"/>
  <nd ref="2210360438"/>
  <tag k="addr:city" v="Atlanta"/>
  <tag k="addr:housenumber" v="337"/>
  <tag k="addr:postcode" v="30307"/>
  <tag k="addr:street" v="Elizabeth Street Northeast"/>
  <tag k="building" v="yes"/>
  <tag k="source" v="bing_imagery"/>
 </way>
 <way id="211025181" visible="true" version="2" changeset="21401211" timestamp="2014-03-30T14:12:20Z" user="Saikrishna_FultonCountyImport" uid="1981121">
  <nd ref="2210360435"/>
  <nd ref="2210360421"/>
  <nd ref="2210360430"/>
  <nd ref="2210360428"/>
  <nd ref="2210360435"/>
  <tag k="addr:city" v="Atlanta"/>
  <tag k="addr:housenumber" v="325"/>
  <tag k="addr:postcode" v="30307"/>
  <tag k="addr:street" v="Elizabeth Street Northeast"/>
  <tag k="building" v="yes"/>
  <tag k="source" v="bing_imagery"/>
 </way>
 <way id="211025188" visible="true" version="2" changeset="21401211" timestamp="2014-03-30T14:12:21Z" user="Saikrishna_FultonCountyImport" uid="1981121">
  <nd ref="2210360440"/>
  <nd ref="2210360432"/>
  <nd ref="2210360436"/>
  <nd ref="2210360426"/>
  <nd ref="2210360440"/>
  <tag k="addr:city" v="Atlanta"/>
  <tag k="addr:housenumber" v="331"/>
  <tag k="addr:postcode" v="30307"/>
  <tag k="addr:street" v="Elizabeth Street Northeast"/>
  <tag k="building" v="yes"/>
  <tag k="source" v="bing_imagery"/>
 </way>
 <way id="211062614" visible="true" version="1" changeset="15427205" timestamp="2013-03-20T03:29:26Z" user="Ryan Lash" uid="127401">
  <nd ref="2210742450"/>
  <nd ref="2210742460"/>
  <nd ref="2210742467"/>
  <nd ref="2210742463"/>
  <nd ref="2210742452"/>
  <nd ref="2210742465"/>
  <nd ref="2210742453"/>
  <nd ref="2210742459"/>
  <nd ref="2210742450"/>
  <tag k="building" v="yes"/>
  <tag k="source" v="bing_imagery"/>
 </way>
 <way id="211062615" visible="true" version="2" changeset="15744183" timestamp="2013-04-16T02:36:35Z" user="Ryan Lash" uid="127401">
  <nd ref="2210742454"/>
  <nd ref="2210742462"/>
  <nd ref="2210742455"/>
  <nd ref="2210742451"/>
  <nd ref="2210742466"/>
  <nd ref="2210742461"/>
  <nd ref="2210742457"/>
  <nd ref="2210742464"/>
  <nd ref="2268998512"/>
  <nd ref="2210742454"/>
  <tag k="building" v="yes"/>
  <tag k="source" v="bing_imagery"/>
 </way>
 <way id="217438043" visible="true" version="3" changeset="18386078" timestamp="2013-10-16T13:10:18Z" user="Ryan Lash" uid="127401">
  <nd ref="1928962656"/>
  <nd ref="2267047721"/>
  <nd ref="1928962608"/>
  <nd ref="1928962492"/>
  <nd ref="2267047754"/>
  <nd ref="2267047718"/>
  <nd ref="2267047774"/>
  <nd ref="2267047736"/>
  <nd ref="2267047803"/>
  <nd ref="2267047730"/>
  <nd ref="2267047805"/>
  <nd ref="2267047727"/>
  <nd ref="2267047762"/>
  <nd ref="2267047757"/>
  <nd ref="2267047786"/>
  <nd ref="2267047713"/>
  <nd ref="2267047759"/>
  <nd ref="2267047741"/>
  <nd ref="2267047768"/>
  <nd ref="2267047807"/>
  <nd ref="2267047798"/>
  <nd ref="2267047765"/>
  <nd ref="2267047783"/>
  <nd ref="2267047801"/>
  <nd ref="2267047750"/>
  <nd ref="2267047777"/>
  <nd ref="2267047771"/>
  <nd ref="2267047792"/>
  <nd ref="2267047795"/>
  <nd ref="1929018101"/>
  <tag k="barrier" v="fence"/>
  <tag k="fence_type" v="chain"/>
  <tag k="source" v="bing"/>
 </way>
 <way id="217604722" visible="true" version="2" changeset="109272538" timestamp="2021-08-06T16:08:02Z" user="zluuzki_Import" uid="13282562">
  <nd ref="2268995422"/>
  <nd ref="2268995427"/>
  <nd ref="1985912161"/>
  <nd ref="1985912163"/>
  <nd ref="1985912166"/>
  <nd ref="1985912171"/>
  <nd ref="1985912174"/>
  <nd ref="1985912176"/>
  <nd ref="2268995431"/>
  <nd ref="406081594"/>
  <nd ref="406081592"/>
  <nd ref="407913160"/>
  <nd ref="407913138"/>
  <nd ref="407913139"/>
  <nd ref="406034438"/>
  <nd ref="406034437"/>
  <nd ref="406034435"/>
  <nd ref="406034433"/>
  <nd ref="406034432"/>
  <nd ref="406034430"/>
  <nd ref="2268995419"/>
  <nd ref="2268995422"/>
  <tag k="LandPro08:DE3" v="DEVELOPED"/>
  <tag k="LandPro08:LC_NAME" v="RES_MULTI"/>
  <tag k="LandPro08:LU_NAME" v="RES_MULTI"/>
  <tag k="LandPro08:reviewed" v="no"/>
  <tag k="landuse" v="residential"/>
  <tag k="source" v="LandPro08"/>
 </way>
 <way id="217604938" visible="true" version="2" changeset="56486935" timestamp="2018-02-19T10:02:47Z" user="Iqhra" uid="6371645">
  <nd ref="2268998521"/>
  <nd ref="2268998514"/>
  <nd ref="2268998515"/>
  <nd ref="2268998522"/>
  <nd ref="2268998520"/>
  <tag k="highway" v="service"/>
  <tag k="service" v="parking_aisle"/>
  <tag k="source" v="bing_imagery"/>
  <tag k="surface" v="paved"/>
 </way>
 <way id="217604943" visible="true" version="1" changeset="15744183" timestamp="2013-04-16T02:36:33Z" user="Ryan Lash" uid="127401">
  <nd ref="2210742464"/>
  <nd ref="2268998521"/>
  <nd ref="2268998523"/>
  <nd ref="2268998524"/>
  <nd ref="2210742450"/>
  <nd ref="2210742460"/>
  <nd ref="2268998512"/>
  <nd ref="2210742464"/>
  <tag k="amenity" v="parking"/>
  <tag k="parking" v="surface"/>
  <tag k="source" v="bing_imagery"/>
 </way>
 <way id="217800858" visible="true" version="2" changeset="21401211" timestamp="2014-03-30T14:12:23Z" user="Saikrishna_FultonCountyImport" uid="1981121">
  <nd ref="2271063451"/>
  <nd ref="2271063478"/>
  <nd ref="2271063488"/>
  <nd ref="2271063487"/>
  <nd ref="2271063465"/>
  <nd ref="2271063504"/>
  <nd ref="2271063453"/>
  <nd ref="2271063451"/>
  <tag k="addr:city" v="Atlanta"/>
  <tag k="addr:housenumber" v="903"/>
  <tag k="addr:postcode" v="30307"/>
  <tag k="addr:street" v="Bernina Avenue Northeast"/>
  <tag k="building" v="yes"/>
  <tag k="source" v="bing_imagery"/>
 </way>
 <way id="217800861" visible="true" version="2" changeset="21401211" timestamp="2014-03-30T14:12:22Z" user="Saikrishna_FultonCountyImport" uid="1981121">
  <nd ref="2271063458"/>
  <nd ref="2271063447"/>
  <nd ref="2271063481"/>
  <nd ref="2271063459"/>
  <nd ref="2271063458"/>
  <tag k="addr:city" v="Atlanta"/>
  <tag k="addr:housenumber" v="901"/>
  <tag k="addr:postcode" v="30307"/>
  <tag k="addr:street" v="Bernina Avenue Northeast"/>
  <tag k="building" v="yes"/>
  <tag k="source" v="bing_imagery"/>
 </way>
 <way id="217800864" visible="true" version="1" changeset="15766630" timestamp="2013-04-17T20:04:15Z" user="Ryan Lash" uid="127401">
  <nd ref="2271063459"/>
  <nd ref="2271063445"/>
  <nd ref="2271063494"/>
  <nd ref="2271063481"/>
  <nd ref="2271063459"/>
  <tag k="building" v="yes"/>
  <tag k="source" v="bing_imagery"/>
 </way>
 <way id="217800867" visible="true" version="1" changeset="15766630" timestamp="2013-04-17T20:04:16Z" user="Ryan Lash" uid="127401">
  <nd ref="2271063445"/>
  <nd ref="2271063451"/>
  <nd ref="2271063453"/>
  <nd ref="2271063457"/>
  <nd ref="2271063494"/>
  <nd ref="2271063445"/>
  <tag k="building" v="yes"/>
  <tag k="source" v="bing_imagery"/>
 </way>
 <way id="217800868" visible="true" version="1" changeset="15766630" timestamp="2013-04-17T20:04:16Z" user="Ryan Lash" uid="127401">
  <nd ref="2271063494"/>
  <nd ref="2271063481"/>
  <nd ref="2271063447"/>
  <nd ref="2271063492"/>
  <nd ref="2271063487"/>
  <nd ref="2271063465"/>
  <nd ref="2271063486"/>
  <nd ref="2271063494"/>
  <tag k="building" v="yes"/>
  <tag k="source" v="bing_imagery"/>
 </way>
 <way id="217800870" visible="true" version="1" changeset="15766630" timestamp="2013-04-17T20:04:16Z" user="Ryan Lash" uid="127401">
  <nd ref="69525599"/>
  <nd ref="2271063483"/>
  <nd ref="2271063495"/>
  <nd ref="2271063437"/>
  <tag k="highway" v="service"/>
  <tag k="service" v="alley"/>
  <tag k="source" v="bing_imagery"/>
 </way>
 <way id="217803178" visible="true" version="3" changeset="139425700" timestamp="2023-08-04T06:57:34Z" user="marialoyko" uid="12304204">
  <nd ref="2271089034"/>
  <nd ref="5674318050"/>
  <nd ref="2271089058"/>
  <nd ref="2271089046"/>
  <nd ref="2271089009"/>
  <nd ref="2271089022"/>
  <nd ref="2271089069"/>
  <nd ref="11088609131"/>
  <nd ref="2271089050"/>
  <nd ref="2271089023"/>
  <nd ref="2271089049"/>
  <tag k="highway" v="service"/>
  <tag k="source" v="bing_imagery"/>
 </way>
 <way id="217803179" visible="true" version="1" changeset="15766630" timestamp="2013-04-17T20:30:19Z" user="Ryan Lash" uid="127401">
  <nd ref="2271089029"/>
  <nd ref="2271089023"/>
  <tag k="highway" v="service"/>
  <tag k="source" v="bing_imagery"/>
 </way>
 <way id="217803180" visible="true" version="2" changeset="174598745" timestamp="2025-11-13T10:50:19Z" user="sarya_Lyft" uid="18784339">
  <nd ref="69619502"/>
  <nd ref="13301325588"/>
  <nd ref="2271089065"/>
  <nd ref="2271089029"/>
  <nd ref="2271089048"/>
  <nd ref="2271089052"/>
  <tag k="highway" v="service"/>
  <tag k="source" v="bing_imagery"/>
 </way>
 <way id="217803181" visible="true" version="1" changeset="15766630" timestamp="2013-04-17T20:30:19Z" user="Ryan Lash" uid="127401">
  <nd ref="2271089031"/>
  <nd ref="2271089020"/>
  <nd ref="2271089038"/>
  <nd ref="2271089072"/>
  <nd ref="2271089068"/>
  <nd ref="2271089022"/>
  <tag k="highway" v="service"/>
  <tag k="source" v="bing_imagery"/>
 </way>
 <way id="217803182" visible="true" version="1" changeset="15766630" timestamp="2013-04-17T20:30:19Z" user="Ryan Lash" uid="127401">
  <nd ref="2271089056"/>
  <nd ref="2271089024"/>
  <nd ref="2271089047"/>
  <nd ref="2271089062"/>
  <nd ref="2271089056"/>
  <tag k="building" v="yes"/>
  <tag k="source" v="bing_imagery"/>
 </way>
 <way id="217803183" visible="true" version="1" changeset="15766630" timestamp="2013-04-17T20:30:19Z" user="Ryan Lash" uid="127401">
  <nd ref="2271089027"/>
  <nd ref="2271089079"/>
  <nd ref="2271089010"/>
  <nd ref="2271089014"/>
  <nd ref="2271089013"/>
  <nd ref="2271089030"/>
  <nd ref="2271089070"/>
  <nd ref="2271089042"/>
  <nd ref="2271089077"/>
  <nd ref="2271089017"/>
  <nd ref="2271089027"/>
  <tag k="building" v="yes"/>
  <tag k="source" v="bing_imagery"/>
 </way>
 <way id="217803184" visible="true" version="1" changeset="15766630" timestamp="2013-04-17T20:30:19Z" user="Ryan Lash" uid="127401">
  <nd ref="2271089032"/>
  <nd ref="2271089016"/>
  <nd ref="2271089053"/>
  <nd ref="2271089025"/>
  <nd ref="2271089032"/>
  <tag k="building" v="yes"/>
  <tag k="source" v="bing_imagery"/>
 </way>
 <way id="217803185" visible="true" version="3" changeset="174598745" timestamp="2025-11-13T10:50:19Z" user="sarya_Lyft" uid="18784339">
  <nd ref="2271089051"/>
  <nd ref="2271089057"/>
  <nd ref="2271089066"/>
  <nd ref="2271089061"/>
  <nd ref="2271089039"/>
  <nd ref="2271089036"/>
  <nd ref="2271089045"/>
  <nd ref="2271089043"/>
  <nd ref="2271089041"/>
  <nd ref="2271089060"/>
  <nd ref="2271089044"/>
  <nd ref="2271089033"/>
  <nd ref="2271089073"/>
  <nd ref="2271089012"/>
  <nd ref="2271089011"/>
  <nd ref="2271089076"/>
  <nd ref="2271089040"/>
  <nd ref="2271089067"/>
  <nd ref="2271089071"/>
  <nd ref="2271089021"/>
  <nd ref="13301325588"/>
  <nd ref="2271089078"/>
  <nd ref="2271089035"/>
  <nd ref="2271089063"/>
  <nd ref="2271089064"/>
  <nd ref="2271089075"/>
  <nd ref="2271089074"/>
  <nd ref="2271089081"/>
  <nd ref="2271089080"/>
  <nd ref="2271089055"/>
  <nd ref="2271089018"/>
  <nd ref="2271089019"/>
  <nd ref="2271089037"/>
  <nd ref="2271089059"/>
  <nd ref="2271089058"/>
  <nd ref="2271089026"/>
  <nd ref="2271089054"/>
  <nd ref="2271089020"/>
  <nd ref="2271089051"/>
  <tag k="barrier" v="fence"/>
  <tag k="fence_type" v="chain_link"/>
  <tag k="landuse" v="retail"/>
  <tag k="source" v="bing_imagery"/>
 </way>
 <way id="217803872" visible="true" version="2" changeset="69919007" timestamp="2019-05-06T01:08:38Z" user="mapman44" uid="2888253">
  <nd ref="2271093164"/>
  <nd ref="2271093113"/>
  <nd ref="2271093138"/>
  <nd ref="2271093159"/>
  <nd ref="2271093160"/>
  <nd ref="2271093147"/>
  <nd ref="2271093161"/>
  <nd ref="2271093122"/>
  <nd ref="2271093164"/>
  <tag k="barrier" v="fence"/>
  <tag k="fence_type" v="chain_link"/>
  <tag k="landuse" v="industrial"/>
  <tag k="source" v="bing_imagery"/>
 </way>
 <way id="217803873" visible="true" version="2" changeset="165777614" timestamp="2025-05-03T22:35:18Z" user="Alan Rohrbach" uid="22640997">
  <nd ref="2271093140"/>
  <nd ref="2271093116"/>
  <nd ref="2271093113"/>
  <nd ref="2271093118"/>
  <tag k="highway" v="service"/>
  <tag k="source" v="bing_imagery"/>
  <tag k="surface" v="asphalt"/>
 </way>
 <way id="217803874" visible="true" version="2" changeset="165777614" timestamp="2025-05-03T22:34:49Z" user="Alan Rohrbach" uid="22640997">
  <nd ref="2271093104"/>
  <nd ref="2271093136"/>
  <nd ref="2271093153"/>
  <nd ref="2271093151"/>
  <nd ref="2271093109"/>
  <nd ref="2271093128"/>
  <tag k="highway" v="service"/>
  <tag k="service" v="parking_aisle"/>
  <tag k="source" v="bing_imagery"/>
  <tag k="surface" v="concrete"/>
 </way>
 <way id="217803875" visible="true" version="3" changeset="165779108" timestamp="2025-05-03T22:34:46Z" user="Alan Rohrbach" uid="22640997">
  <nd ref="2271093126"/>
  <nd ref="2271093130"/>
  <nd ref="2271093111"/>
  <nd ref="2271093136"/>
  <nd ref="2271093155"/>
  <nd ref="2271093157"/>
  <nd ref="2271093162"/>
  <nd ref="2271093166"/>
  <nd ref="2271093132"/>
  <nd ref="2271093124"/>
  <nd ref="2271093120"/>
  <nd ref="2271093107"/>
  <nd ref="2271093126"/>
  <tag k="access" v="customers"/>
  <tag k="amenity" v="parking"/>
  <tag k="fee" v="no"/>
  <tag k="parking" v="surface"/>
  <tag k="source" v="bing_imagery"/>
 </way>
 <way id="217803876" visible="true" version="3" changeset="165777676" timestamp="2025-05-03T22:34:04Z" user="Alan Rohrbach" uid="22640997">
  <nd ref="2271093132"/>
  <nd ref="2271093142"/>
  <nd ref="2271093162"/>
  <nd ref="2271093157"/>
  <nd ref="2271093149"/>
  <nd ref="2271093134"/>
  <nd ref="2271093144"/>
  <nd ref="2271093107"/>
  <nd ref="2271093120"/>
  <nd ref="2271093124"/>
  <nd ref="2271093132"/>
  <tag k="addr:city" v="Atlanta"/>
  <tag k="addr:housenumber" v="746"/>
  <tag k="addr:postcode" v="30312"/>
  <tag k="addr:street" v="Willoughby Way Northeast"/>
  <tag k="building" v="office"/>
  <tag k="source" v="bing_imagery"/>
 </way>
 <way id="219329877" visible="true" version="9" changeset="174748294" timestamp="2025-11-16T22:25:23Z" user="MooPoo7" uid="7596709">
  <nd ref="2284962218"/>
  <nd ref="5112975846"/>
  <tag k="covered" v="yes"/>
  <tag k="expressway" v="yes"/>
  <tag k="HFCS" v="Principal Arterial - Other"/>
  <tag k="hgv" v="no"/>
  <tag k="highway" v="trunk"/>
  <tag k="lanes" v="2"/>
  <tag k="maxheight" v="default"/>
  <tag k="maxspeed" v="35 mph"/>
  <tag k="name" v="John Lewis Freedom Parkway Northeast"/>
  <tag k="name:etymology:wikidata" v="Q45380"/>
  <tag k="old_name" v="Freedom Parkway"/>
  <tag k="oneway" v="yes"/>
  <tag k="ref" v="GA 10"/>
  <tag k="short_name" v="John Lewis Freedom Parkway"/>
  <tag k="surface" v="asphalt"/>
 </way>
 <way id="224776047" visible="true" version="8" changeset="141579060" timestamp="2023-09-21T21:46:32Z" user="shinterro" uid="8562391">
  <nd ref="1685881558"/>
  <nd ref="267605611"/>
  <nd ref="1684496826"/>
  <nd ref="1088370220"/>
  <nd ref="267605612"/>
  <nd ref="1684496781"/>
  <nd ref="1684496813"/>
  <nd ref="267605613"/>
  <nd ref="1684496863"/>
  <nd ref="1684496864"/>
  <nd ref="267605614"/>
  <nd ref="1684496866"/>
  <nd ref="1684496783"/>
  <nd ref="267605615"/>
  <nd ref="1684496747"/>
  <nd ref="1684496831"/>
  <nd ref="267605616"/>
  <nd ref="267605618"/>
  <nd ref="1684496797"/>
  <nd ref="1684496766"/>
  <nd ref="1684496785"/>
  <nd ref="1684496861"/>
  <nd ref="267605619"/>
  <nd ref="1088370884"/>
  <nd ref="1684496867"/>
  <nd ref="1684496883"/>
  <nd ref="267605621"/>
  <nd ref="1684496751"/>
  <nd ref="267605622"/>
  <nd ref="1684496815"/>
  <nd ref="267605623"/>
  <nd ref="1684496750"/>
  <nd ref="1684496825"/>
  <nd ref="1684496779"/>
  <nd ref="267605624"/>
  <nd ref="1684496885"/>
  <nd ref="925984966"/>
  <nd ref="925984967"/>
  <nd ref="267605625"/>
  <nd ref="1684496752"/>
  <nd ref="1684496865"/>
  <nd ref="267605626"/>
  <nd ref="1684496880"/>
  <nd ref="1088858781"/>
  <nd ref="267605628"/>
  <nd ref="344455889"/>
  <nd ref="344455890"/>
  <nd ref="344455891"/>
  <nd ref="344455892"/>
  <nd ref="344455893"/>
  <nd ref="1684496768"/>
  <nd ref="344455894"/>
  <nd ref="1684496801"/>
  <nd ref="344455895"/>
  <nd ref="568595966"/>
  <tag k="bicycle" v="designated"/>
  <tag k="foot" v="designated"/>
  <tag k="highway" v="cycleway"/>
  <tag k="motor_vehicle" v="no"/>
  <tag k="name" v="Stone Mountain Trail"/>
  <tag k="segregated" v="no"/>
  <tag k="surface" v="asphalt"/>
 </way>
 <way id="270468862" visible="true" version="2" changeset="165777676" timestamp="2025-05-03T22:36:00Z" user="Alan Rohrbach" uid="22640997">
  <nd ref="2754851735"/>
  <nd ref="2754851832"/>
  <nd ref="2754851828"/>
  <nd ref="2754851772"/>
  <nd ref="2754851781"/>
  <nd ref="2754851733"/>
  <nd ref="2754851735"/>
  <tag k="addr:city" v="Atlanta"/>
  <tag k="addr:housenumber" v="766"/>
  <tag k="addr:postcode" v="30312"/>
  <tag k="addr:street" v="Willoughby Way Northeast"/>
  <tag k="building" v="industrial"/>
 </way>
 <way id="270468866" visible="true" version="2" changeset="165777676" timestamp="2025-05-03T22:36:09Z" user="Alan Rohrbach" uid="22640997">
  <nd ref="2754851831"/>
  <nd ref="2754851808"/>
  <nd ref="2754851807"/>
  <nd ref="2754851806"/>
  <nd ref="2754851805"/>
  <nd ref="2754851829"/>
  <nd ref="2754851831"/>
  <tag k="addr:city" v="Atlanta"/>
  <tag k="addr:housenumber" v="776"/>
  <tag k="addr:postcode" v="30312"/>
  <tag k="addr:street" v="Willoughby Way Northeast"/>
  <tag k="building" v="industrial"/>
 </way>
 <way id="270468871" visible="true" version="5" changeset="174748294" timestamp="2025-11-16T22:25:23Z" user="MooPoo7" uid="7596709">
  <nd ref="2754851032"/>
  <nd ref="2754851723"/>
  <nd ref="5112975845"/>
  <nd ref="5112975846"/>
  <nd ref="344455899"/>
  <nd ref="2754851513"/>
  <nd ref="13309415446"/>
  <nd ref="2754851168"/>
  <nd ref="9659823591"/>
  <nd ref="2754851319"/>
  <nd ref="2754850784"/>
  <nd ref="2284962218"/>
  <nd ref="2284962192"/>
  <nd ref="2754851032"/>
  <tag k="addr:city" v="Atlanta"/>
  <tag k="addr:housenumber" v="786"/>
  <tag k="addr:postcode" v="30312"/>
  <tag k="addr:street" v="East Avenue Northeast"/>
  <tag k="building" v="roof"/>
  <tag k="layer" v="1"/>
 </way>
 <way id="270469011" visible="true" version="1" changeset="21408860" timestamp="2014-03-30T21:12:19Z" user="Saikrishna_FultonCountyImport" uid="1981121">
  <nd ref="2754852334"/>
  <nd ref="2754852332"/>
  <nd ref="2754852319"/>
  <nd ref="2754852327"/>
  <nd ref="2754852334"/>
  <tag k="building" v="yes"/>
 </way>
 <way id="270469022" visible="true" version="1" changeset="21408860" timestamp="2014-03-30T21:12:19Z" user="Saikrishna_FultonCountyImport" uid="1981121">
  <nd ref="2754851870"/>
  <nd ref="2754851869"/>
  <nd ref="2754851856"/>
  <nd ref="2754851858"/>
  <nd ref="2754851870"/>
  <tag k="building" v="yes"/>
 </way>
 <way id="270469187" visible="true" version="1" changeset="21408860" timestamp="2014-03-30T21:12:26Z" user="Saikrishna_FultonCountyImport" uid="1981121">
  <nd ref="2754852458"/>
  <nd ref="2754852478"/>
  <nd ref="2754852494"/>
  <nd ref="2754852467"/>
  <nd ref="2754852454"/>
  <nd ref="2754852458"/>
  <tag k="building" v="apartments"/>
 </way>
 <way id="343274082" visible="true" version="1" changeset="30850580" timestamp="2015-05-06T18:12:35Z" user="Ryan Lash" uid="127401">
  <nd ref="3501409227"/>
  <nd ref="3501409228"/>
  <nd ref="3501409229"/>
  <nd ref="3501409224"/>
  <nd ref="3501409225"/>
  <nd ref="3501409226"/>
  <nd ref="2498439238"/>
  <nd ref="3501409232"/>
  <nd ref="3501409230"/>
  <nd ref="3501409227"/>
  <tag k="amenity" v="parking"/>
 </way>
 <way id="496236696" visible="true" version="1" changeset="49014221" timestamp="2017-05-26T23:01:04Z" user="rhewitt" uid="1223170">
  <nd ref="4879463002"/>
  <nd ref="4879463013"/>
  <nd ref="4879463014"/>
  <nd ref="4879463015"/>
  <nd ref="4879463016"/>
  <nd ref="4879463017"/>
  <nd ref="4879463018"/>
  <tag k="footway" v="sidewalk"/>
  <tag k="highway" v="footway"/>
 </way>
 <way id="525617221" visible="true" version="7" changeset="170836846" timestamp="2025-08-22T14:56:34Z" user="IvicaBanovac" uid="22101314">
  <nd ref="69126293"/>
  <nd ref="5112975845"/>
  <tag k="covered" v="yes"/>
  <tag k="expressway" v="yes"/>
  <tag k="foot" v="no"/>
  <tag k="HFCS" v="Principal Arterial - Other"/>
  <tag k="hgv" v="no"/>
  <tag k="highway" v="trunk"/>
  <tag k="lanes" v="2"/>
  <tag k="maxspeed" v="35 mph"/>
  <tag k="name" v="John Lewis Freedom Parkway Northeast"/>
  <tag k="name:etymology:wikidata" v="Q45380"/>
  <tag k="old_name" v="Freedom Parkway"/>
  <tag k="oneway" v="yes"/>
  <tag k="ref" v="GA 10"/>
  <tag k="short_name" v="John Lewis Freedom Parkway"/>
  <tag k="sidewalk" v="no"/>
  <tag k="surface" v="asphalt"/>
 </way>
 <way id="525617222" visible="true" version="7" changeset="170836846" timestamp="2025-08-22T14:56:34Z" user="IvicaBanovac" uid="22101314">
  <nd ref="5112975846"/>
  <nd ref="69532991"/>
  <tag k="covered" v="yes"/>
  <tag k="expressway" v="yes"/>
  <tag k="HFCS" v="Principal Arterial - Other"/>
  <tag k="hgv" v="no"/>
  <tag k="highway" v="trunk"/>
  <tag k="lanes" v="2"/>
  <tag k="maxspeed" v="35 mph"/>
  <tag k="name" v="John Lewis Freedom Parkway Northeast"/>
  <tag k="name:etymology:wikidata" v="Q45380"/>
  <tag k="old_name" v="Freedom Parkway"/>
  <tag k="oneway" v="yes"/>
  <tag k="ref" v="GA 10"/>
  <tag k="short_name" v="John Lewis Freedom Parkway"/>
  <tag k="surface" v="asphalt"/>
  <tag k="turn:lanes" v="slight_left|slight_left;through"/>
 </way>
 <way id="562435381" visible="true" version="2" changeset="119697782" timestamp="2022-04-14T07:22:59Z" user="YuliyaShustava_lyft" uid="11089099">
  <nd ref="1088913998"/>
  <nd ref="1088913583"/>
  <nd ref="1088913807"/>
  <tag k="access" v="private"/>
  <tag k="highway" v="service"/>
  <tag k="source" v="bing"/>
 </way>
 <way id="562435704" visible="true" version="1" changeset="56486935" timestamp="2018-02-19T10:02:46Z" user="Iqhra" uid="6371645">
  <nd ref="2268998525"/>
  <nd ref="2268998521"/>
  <tag k="highway" v="service"/>
  <tag k="source" v="bing_imagery"/>
  <tag k="surface" v="paved"/>
 </way>
 <way id="562435705" visible="true" version="1" changeset="56486935" timestamp="2018-02-19T10:02:46Z" user="Iqhra" uid="6371645">
  <nd ref="2268998520"/>
  <nd ref="2268998523"/>
  <nd ref="2268998526"/>
  <tag k="highway" v="service"/>
  <tag k="source" v="bing_imagery"/>
  <tag k="surface" v="paved"/>
 </way>
 <way id="630644281" visible="true" version="5" changeset="182767648" timestamp="2026-05-17T05:55:27Z" user="NE2" uid="207745">
  <nd ref="69126307"/>
  <nd ref="1685881492"/>
  <nd ref="69668823"/>
  <nd ref="69668825"/>
  <nd ref="69101398"/>
  <nd ref="1685881480"/>
  <nd ref="69101396"/>
  <nd ref="69101393"/>
  <nd ref="1088858807"/>
  <nd ref="1685881482"/>
  <nd ref="69101391"/>
  <nd ref="1685881491"/>
  <nd ref="69099064"/>
  <tag k="expressway" v="yes"/>
  <tag k="HFCS" v="Principal Arterial - Other"/>
  <tag k="highway" v="trunk_link"/>
  <tag k="lanes" v="1"/>
  <tag k="maxspeed" v="35 mph"/>
  <tag k="oneway" v="yes"/>
  <tag k="tiger:cfcc" v="A41"/>
  <tag k="tiger:county" v="Fulton, GA"/>
  <tag k="tiger:name_base" v="Copenhill;Albion"/>
  <tag k="tiger:name_direction_suffix" v="NE"/>
  <tag k="tiger:zip_left" v="30307"/>
  <tag k="tiger:zip_right" v="30307"/>
 </way>
 <way id="630644287" visible="true" version="6" changeset="170672283" timestamp="2025-08-19T13:54:56Z" user="IvicaBanovac" uid="22101314">
  <nd ref="69099107"/>
  <nd ref="69532886"/>
  <nd ref="69532883"/>
  <nd ref="69532879"/>
  <nd ref="69532874"/>
  <nd ref="69532872"/>
  <nd ref="69532871"/>
  <nd ref="69532869"/>
  <tag k="expressway" v="yes"/>
  <tag k="HFCS" v="Principal Arterial - Other"/>
  <tag k="hgv" v="no"/>
  <tag k="highway" v="trunk"/>
  <tag k="lanes" v="2"/>
  <tag k="lit" v="yes"/>
  <tag k="maxspeed" v="35 mph"/>
  <tag k="name" v="John Lewis Freedom Parkway Northeast"/>
  <tag k="name:etymology:wikidata" v="Q45380"/>
  <tag k="old_name" v="Freedom Parkway"/>
  <tag k="oneway" v="yes"/>
  <tag k="ref" v="GA 10"/>
  <tag k="short_name" v="John Lewis Freedom Parkway"/>
  <tag k="surface" v="asphalt"/>
 </way>
 <way id="763918495" visible="true" version="6" changeset="174748294" timestamp="2025-11-16T22:25:23Z" user="MooPoo7" uid="7596709">
  <nd ref="69532997"/>
  <nd ref="69533001"/>
  <nd ref="69099094"/>
  <nd ref="69533002"/>
  <nd ref="69153133"/>
  <nd ref="69533006"/>
  <nd ref="69533010"/>
  <nd ref="69533013"/>
  <nd ref="7136842019"/>
  <tag k="expressway" v="yes"/>
  <tag k="HFCS" v="Principal Arterial - Other"/>
  <tag k="hgv" v="no"/>
  <tag k="highway" v="trunk"/>
  <tag k="lanes" v="2"/>
  <tag k="lit" v="yes"/>
  <tag k="maxspeed" v="35 mph"/>
  <tag k="name" v="John Lewis Freedom Parkway Northeast"/>
  <tag k="name:etymology:wikidata" v="Q45380"/>
  <tag k="old_name" v="Freedom Parkway"/>
  <tag k="oneway" v="yes"/>
  <tag k="ref" v="GA 10"/>
  <tag k="short_name" v="John Lewis Freedom Parkway"/>
  <tag k="surface" v="asphalt"/>
 </way>
 <way id="883406558" visible="true" version="2" changeset="174748294" timestamp="2025-11-16T22:25:23Z" user="MooPoo7" uid="7596709">
  <nd ref="8215106988"/>
  <nd ref="8215106989"/>
  <nd ref="13309415442"/>
  <nd ref="8215106990"/>
  <nd ref="8215106991"/>
  <nd ref="8215106992"/>
  <nd ref="8215106993"/>
  <nd ref="8215106996"/>
  <nd ref="8215106997"/>
  <nd ref="8215106998"/>
  <nd ref="8215106999"/>
  <nd ref="8215107000"/>
  <nd ref="8215107001"/>
  <nd ref="8215107002"/>
  <nd ref="8215107003"/>
  <nd ref="8215107004"/>
  <nd ref="8215107005"/>
  <nd ref="8215107006"/>
  <nd ref="8215107007"/>
  <nd ref="8215107008"/>
  <nd ref="8215107009"/>
  <nd ref="8215107010"/>
  <nd ref="8215107011"/>
  <nd ref="8215107012"/>
  <nd ref="8215107013"/>
  <nd ref="8215107014"/>
  <nd ref="8215107015"/>
  <nd ref="13309415430"/>
  <nd ref="8215107016"/>
  <nd ref="8215106988"/>
  <tag k="landuse" v="grass"/>
 </way>
 <way id="886809248" visible="true" version="1" changeset="96157574" timestamp="2020-12-20T23:21:34Z" user="JessAk71" uid="381909">
  <nd ref="8246165866"/>
  <nd ref="8246165864"/>
  <nd ref="1088710588"/>
  <nd ref="1088710559"/>
  <nd ref="8246165826"/>
  <nd ref="8246165834"/>
  <nd ref="8246165845"/>
  <nd ref="8246165821"/>
  <nd ref="8246165820"/>
  <nd ref="8246165827"/>
  <nd ref="406034475"/>
  <nd ref="2268995405"/>
  <nd ref="2268995406"/>
  <nd ref="8246165828"/>
  <nd ref="8246165829"/>
  <nd ref="8246165836"/>
  <nd ref="8246165865"/>
  <nd ref="2268995410"/>
  <nd ref="2268995408"/>
  <nd ref="2284962219"/>
  <nd ref="8246165861"/>
  <nd ref="2284962202"/>
  <nd ref="8246165854"/>
  <nd ref="1985918168"/>
  <nd ref="2267047738"/>
  <nd ref="408347847"/>
  <nd ref="2267047747"/>
  <nd ref="1985918152"/>
  <nd ref="406034427"/>
  <nd ref="406034425"/>
  <nd ref="406034424"/>
  <nd ref="406081615"/>
  <nd ref="8246165849"/>
  <nd ref="8246165858"/>
  <nd ref="8246165830"/>
  <nd ref="8246165848"/>
  <nd ref="8246165840"/>
  <nd ref="8246165818"/>
  <nd ref="8246165825"/>
  <nd ref="8246165842"/>
  <nd ref="1092816023"/>
  <nd ref="1092816027"/>
  <nd ref="1084086449"/>
  <nd ref="1084086453"/>
  <nd ref="406034417"/>
  <nd ref="408175420"/>
  <nd ref="7702836323"/>
  <nd ref="7702836324"/>
  <nd ref="7702836325"/>
  <nd ref="7702836328"/>
  <nd ref="7702836329"/>
  <nd ref="7702836317"/>
  <nd ref="8246165833"/>
  <nd ref="8246165838"/>
  <nd ref="8246165844"/>
  <nd ref="8202468376"/>
  <nd ref="8202468377"/>
  <nd ref="2753825760"/>
  <nd ref="2753825767"/>
  <nd ref="2753825765"/>
  <nd ref="2753825738"/>
  <nd ref="8202468378"/>
  <nd ref="8202468379"/>
  <nd ref="8246165819"/>
  <nd ref="8246165856"/>
  <nd ref="8246165868"/>
  <nd ref="8246165866"/>
  <tag k="leisure" v="park"/>
 </way>
 <way id="973976336" visible="true" version="1" changeset="109798503" timestamp="2021-08-17T09:30:49Z" user="zluuzki" uid="12785610">
  <nd ref="9013644849"/>
  <nd ref="9013644850"/>
  <nd ref="9013644851"/>
  <nd ref="9013644852"/>
  <nd ref="9013644849"/>
  <tag k="building" v="apartments"/>
 </way>
 <way id="1194670100" visible="true" version="1" changeset="139425700" timestamp="2023-08-04T06:57:34Z" user="marialoyko" uid="12304204">
  <nd ref="11088609131"/>
  <nd ref="11088609132"/>
  <tag k="highway" v="service"/>
 </way>
 <way id="1387075148" visible="true" version="1" changeset="166321344" timestamp="2025-05-15T19:40:55Z" user="VLD292" uid="21941706">
  <nd ref="344455899"/>
  <nd ref="9659823591"/>
  <tag k="bicycle" v="designated"/>
  <tag k="covered" v="yes"/>
  <tag k="foot" v="designated"/>
  <tag k="highway" v="cycleway"/>
  <tag k="motor_vehicle" v="no"/>
  <tag k="name" v="Stone Mountain Trail"/>
  <tag k="segregated" v="no"/>
  <tag k="surface" v="paved"/>
 </way>
 <way id="1396654850" visible="true" version="2" changeset="169574463" timestamp="2025-07-27T18:36:49Z" user="paricdil" uid="11164219">
  <nd ref="12926353335"/>
  <nd ref="12926353336"/>
  <nd ref="12926353337"/>
  <nd ref="12926353338"/>
  <nd ref="12926353339"/>
  <nd ref="13030122797"/>
  <nd ref="12926353340"/>
  <nd ref="12926353341"/>
  <nd ref="12926353342"/>
  <nd ref="12926353343"/>
  <nd ref="12926353344"/>
  <nd ref="12926353345"/>
  <nd ref="12926353346"/>
  <tag k="highway" v="path"/>
  <tag k="informal" v="yes"/>
  <tag k="surface" v="ground"/>
 </way>
 <way id="1431135526" visible="true" version="1" changeset="172153305" timestamp="2025-09-19T10:04:31Z" user="GIS Atlanta Beltline" uid="23292674">
  <nd ref="1928281303"/>
  <nd ref="12926353346"/>
  <nd ref="1928281293"/>
  <nd ref="1928281291"/>
  <nd ref="1928281294"/>
  <nd ref="1928281297"/>
  <nd ref="1928281299"/>
  <nd ref="1928281296"/>
  <nd ref="1928281300"/>
  <nd ref="1928281305"/>
  <nd ref="1928281306"/>
  <nd ref="1928281302"/>
  <nd ref="1928281292"/>
  <nd ref="1928281290"/>
  <nd ref="1928281285"/>
  <nd ref="1928281283"/>
  <nd ref="1928281284"/>
  <tag k="bicycle" v="designated"/>
  <tag k="check_date:surface" v="2025-05-03"/>
  <tag k="foot" v="designated"/>
  <tag k="highway" v="cycleway"/>
  <tag k="name" v="Beltline Access Line"/>
  <tag k="surface" v="concrete"/>
 </way>
 <way id="1451196890" visible="true" version="1" changeset="174748294" timestamp="2025-11-16T22:25:23Z" user="MooPoo7" uid="7596709">
  <nd ref="13309415419"/>
  <nd ref="1685881520"/>
  <nd ref="1088370776"/>
  <nd ref="13309415420"/>
  <nd ref="13309415424"/>
  <nd ref="13309415421"/>
  <nd ref="69532869"/>
  <nd ref="69532997"/>
  <nd ref="13309415422"/>
  <nd ref="13309415423"/>
  <nd ref="13309415419"/>
  <tag k="layer" v="1"/>
  <tag k="man_made" v="bridge"/>
 </way>
 <way id="1451196891" visible="true" version="1" changeset="174748294" timestamp="2025-11-16T22:25:23Z" user="MooPoo7" uid="7596709">
  <nd ref="13309415425"/>
  <nd ref="69126293"/>
  <nd ref="13309415426"/>
  <nd ref="69532991"/>
  <nd ref="13309415447"/>
  <nd ref="13309415427"/>
  <nd ref="13309415428"/>
  <nd ref="13309415429"/>
  <nd ref="568595966"/>
  <nd ref="69126296"/>
  <nd ref="13309415430"/>
  <nd ref="13309415431"/>
  <nd ref="13309415432"/>
  <nd ref="13309415433"/>
  <nd ref="13309415434"/>
  <nd ref="13309415435"/>
  <nd ref="13309415436"/>
  <nd ref="69532994"/>
  <nd ref="13309415443"/>
  <nd ref="1088370348"/>
  <nd ref="13309415437"/>
  <nd ref="13309415438"/>
  <nd ref="13309415439"/>
  <nd ref="13309415440"/>
  <nd ref="13309415441"/>
  <nd ref="13309415425"/>
  <tag k="layer" v="1"/>
  <tag k="man_made" v="bridge"/>
 </way>
 <way id="1451196892" visible="true" version="1" changeset="174748294" timestamp="2025-11-16T22:25:23Z" user="MooPoo7" uid="7596709">
  <nd ref="13309415447"/>
  <nd ref="344455899"/>
  <tag k="bicycle" v="designated"/>
  <tag k="foot" v="designated"/>
  <tag k="highway" v="cycleway"/>
  <tag k="name" v="Stone Mountain Trail"/>
  <tag k="segregated" v="no"/>
 </way>
 <relation id="144229" visible="true" version="2" changeset="29294966" timestamp="2015-03-06T19:11:02Z" user="DKNOTT" uid="1149057">
  <member type="way" ref="34829261" role="inner"/>
  <member type="way" ref="34829253" role="outer"/>
  <tag k="landuse" v="residential"/>
  <tag k="type" v="multipolygon"/>
 </relation>
 <relation id="240810" visible="true" version="90" changeset="179118319" timestamp="2026-02-27T08:08:43Z" user="PedestrianMapping_GeoRelay" uid="23064770">
  <member type="way" ref="40735636" role=""/>
  <member type="way" ref="40896017" role=""/>
  <member type="way" ref="44164470" role=""/>
  <member type="way" ref="9171305" role=""/>
  <member type="way" ref="143005718" role=""/>
  <member type="way" ref="155487213" role=""/>
  <member type="way" ref="155487216" role=""/>
  <member type="way" ref="155487824" role=""/>
  <member type="way" ref="1054096636" role=""/>
  <member type="way" ref="1387324446" role=""/>
  <member type="way" ref="1387324445" role=""/>
  <member type="way" ref="1378180761" role=""/>
  <member type="way" ref="1378180760" role=""/>
  <member type="way" ref="1378180759" role=""/>
  <member type="way" ref="1054096637" role=""/>
  <member type="way" ref="155487818" role=""/>
  <member type="way" ref="1051690265" role=""/>
  <member type="way" ref="1051679255" role=""/>
  <member type="way" ref="1051679260" role=""/>
  <member type="way" ref="224776047" role=""/>
  <member type="way" ref="44851092" role=""/>
  <member type="way" ref="1451196892" role=""/>
  <member type="way" ref="1387075148" role=""/>
  <member type="way" ref="44851091" role=""/>
  <member type="way" ref="1354748076" role=""/>
  <member type="way" ref="1354748072" role=""/>
  <member type="way" ref="1354748075" role=""/>
  <member type="way" ref="1354748077" role=""/>
  <member type="way" ref="79387248" role=""/>
  <member type="way" ref="43520078" role=""/>
  <member type="way" ref="43520052" role=""/>
  <member type="way" ref="992559282" role=""/>
  <member type="way" ref="1389423263" role=""/>
  <member type="way" ref="1385954556" role=""/>
  <member type="way" ref="1385954551" role=""/>
  <member type="way" ref="1385954555" role=""/>
  <member type="way" ref="1385954554" role=""/>
  <member type="way" ref="1385954553" role=""/>
  <member type="way" ref="1385954552" role=""/>
  <member type="way" ref="44163839" role=""/>
  <member type="way" ref="44163838" role=""/>
  <member type="way" ref="1390486065" role=""/>
  <member type="way" ref="907540065" role=""/>
  <member type="way" ref="1387346949" role=""/>
  <member type="way" ref="1387346950" role=""/>
  <member type="way" ref="24617420" role=""/>
  <member type="way" ref="1387296151" role=""/>
  <member type="way" ref="1387321263" role=""/>
  <member type="way" ref="24617461" role=""/>
  <member type="way" ref="1051690262" role=""/>
  <member type="way" ref="1051690264" role=""/>
  <member type="way" ref="1051679257" role=""/>
  <member type="way" ref="1051679262" role=""/>
  <member type="way" ref="174532594" role=""/>
  <member type="way" ref="1387314743" role=""/>
  <member type="way" ref="24617459" role=""/>
  <member type="way" ref="1387320651" role=""/>
  <member type="way" ref="1387320652" role=""/>
  <member type="way" ref="24617465" role=""/>
  <member type="way" ref="51755229" role=""/>
  <member type="way" ref="51755230" role=""/>
  <member type="way" ref="53725800" role=""/>
  <member type="way" ref="306463269" role=""/>
  <member type="way" ref="1249414178" role=""/>
  <member type="way" ref="43308962" role=""/>
  <member type="way" ref="53725799" role=""/>
  <member type="way" ref="67139957" role=""/>
  <member type="way" ref="40545458" role=""/>
  <member type="way" ref="45038525" role=""/>
  <member type="way" ref="45038526" role=""/>
  <member type="way" ref="40545459" role=""/>
  <member type="way" ref="45038527" role=""/>
  <member type="way" ref="45038528" role=""/>
  <member type="way" ref="67303231" role=""/>
  <member type="way" ref="305929955" role=""/>
  <member type="way" ref="305929956" role=""/>
  <member type="way" ref="305929958" role=""/>
  <member type="way" ref="305929960" role=""/>
  <member type="way" ref="305929962" role=""/>
  <member type="way" ref="305929963" role=""/>
  <member type="way" ref="305929964" role=""/>
  <member type="way" ref="305929965" role=""/>
  <member type="way" ref="305929966" role=""/>
  <member type="way" ref="305929968" role=""/>
  <member type="way" ref="305929967" role=""/>
  <member type="way" ref="305929972" role=""/>
  <member type="way" ref="305929970" role=""/>
  <member type="way" ref="305929973" role=""/>
  <member type="way" ref="1162392840" role=""/>
  <member type="way" ref="305929974" role=""/>
  <member type="way" ref="305929975" role=""/>
  <member type="way" ref="305929976" role=""/>
  <member type="way" ref="305929978" role=""/>
  <member type="way" ref="305929977" role=""/>
  <member type="way" ref="305929980" role=""/>
  <member type="way" ref="305929979" role=""/>
  <member type="way" ref="1483730348" role=""/>
  <member type="way" ref="1483730347" role=""/>
  <member type="way" ref="305929982" role=""/>
  <member type="way" ref="305929981" role=""/>
  <member type="way" ref="305929983" role=""/>
  <member type="way" ref="305929984" role=""/>
  <member type="way" ref="305929985" role=""/>
  <member type="way" ref="305929986" role=""/>
  <member type="way" ref="96678453" role=""/>
  <member type="way" ref="96678454" role=""/>
  <member type="way" ref="1388271724" role=""/>
  <member type="way" ref="1388271725" role=""/>
  <member type="way" ref="1388271726" role=""/>
  <member type="way" ref="1388271727" role=""/>
  <member type="way" ref="1388271728" role=""/>
  <member type="way" ref="1388271729" role=""/>
  <member type="way" ref="1388271730" role=""/>
  <member type="way" ref="1388271731" role=""/>
  <member type="way" ref="1388271732" role=""/>
  <member type="way" ref="1388271733" role=""/>
  <member type="way" ref="1388271734" role=""/>
  <member type="way" ref="1388271735" role=""/>
  <member type="way" ref="1388271736" role=""/>
  <member type="way" ref="40608422" role=""/>
  <member type="way" ref="1388271738" role=""/>
  <member type="way" ref="1388271739" role=""/>
  <member type="way" ref="1388271740" role=""/>
  <member type="way" ref="1388271737" role=""/>
  <member type="way" ref="40608611" role=""/>
  <member type="way" ref="1387294639" role=""/>
  <member type="way" ref="1387294640" role=""/>
  <member type="way" ref="1387294642" role=""/>
  <member type="way" ref="1387294643" role=""/>
  <member type="way" ref="9164802" role=""/>
  <member type="way" ref="941603299" role=""/>
  <member type="way" ref="40608012" role=""/>
  <member type="way" ref="46038578" role=""/>
  <member type="way" ref="40894385" role=""/>
  <member type="way" ref="1388099989" role=""/>
  <member type="way" ref="43091413" role=""/>
  <member type="way" ref="1388265761" role=""/>
  <member type="way" ref="43091416" role=""/>
  <member type="way" ref="43091414" role=""/>
  <member type="way" ref="196664417" role=""/>
  <member type="way" ref="43091412" role=""/>
  <member type="way" ref="9184741" role=""/>
  <member type="way" ref="1387049360" role=""/>
  <member type="way" ref="43091408" role=""/>
  <member type="way" ref="935641060" role=""/>
  <member type="way" ref="935641061" role=""/>
  <member type="way" ref="935641059" role=""/>
  <member type="way" ref="43091411" role=""/>
  <member type="way" ref="1388317526" role=""/>
  <member type="way" ref="123794234" role=""/>
  <member type="way" ref="123381315" role=""/>
  <member type="way" ref="123367987" role=""/>
  <member type="way" ref="1387051370" role=""/>
  <member type="way" ref="1389908644" role=""/>
  <member type="way" ref="123367996" role=""/>
  <member type="way" ref="126355370" role=""/>
  <member type="way" ref="1387054831" role=""/>
  <member type="way" ref="1387054830" role=""/>
  <member type="way" ref="1026962560" role=""/>
  <member type="way" ref="1026962561" role=""/>
  <member type="way" ref="126355366" role=""/>
  <member type="way" ref="1388103426" role=""/>
  <member type="way" ref="9186367" role=""/>
  <member type="way" ref="44331717" role=""/>
  <member type="way" ref="133114951" role="forward"/>
  <member type="way" ref="133115497" role="forward"/>
  <member type="way" ref="44331710" role="forward"/>
  <member type="way" ref="507025908" role=""/>
  <member type="way" ref="1118659317" role=""/>
  <member type="way" ref="507025909" role=""/>
  <member type="way" ref="1118659318" role=""/>
  <member type="way" ref="44164469" role=""/>
  <member type="way" ref="44331712" role="forward"/>
  <member type="way" ref="44331709" role="forward"/>
  <member type="way" ref="133114950" role="forward"/>
  <member type="way" ref="1409383532" role=""/>
  <member type="way" ref="1388112505" role=""/>
  <member type="way" ref="1388112506" role=""/>
  <member type="way" ref="1409383535" role=""/>
  <member type="way" ref="1409383534" role=""/>
  <member type="way" ref="757103027" role=""/>
  <member type="way" ref="1115927602" role=""/>
  <member type="way" ref="1115927603" role=""/>
  <member type="way" ref="40735634" role=""/>
  <member type="way" ref="40896444" role=""/>
  <member type="way" ref="1409383530" role=""/>
  <member type="way" ref="1409383528" role=""/>
  <member type="way" ref="1222069727" role=""/>
  <member type="way" ref="1388112511" role=""/>
  <member type="way" ref="1388112510" role=""/>
  <member type="way" ref="9166786" role=""/>
  <member type="way" ref="854269769" role=""/>
  <member type="way" ref="854269772" role=""/>
  <member type="way" ref="854269770" role=""/>
  <member type="way" ref="854269771" role=""/>
  <member type="way" ref="854269768" role=""/>
  <member type="way" ref="854269773" role=""/>
  <member type="way" ref="854269774" role=""/>
  <member type="way" ref="854269775" role=""/>
  <member type="way" ref="854269776" role=""/>
  <member type="way" ref="935639719" role=""/>
  <member type="way" ref="1388271717" role=""/>
  <member type="way" ref="1388271718" role=""/>
  <member type="way" ref="1388271719" role=""/>
  <member type="way" ref="1388271720" role=""/>
  <member type="way" ref="1388271721" role=""/>
  <member type="way" ref="1388271722" role=""/>
  <member type="way" ref="1388271723" role=""/>
  <member type="way" ref="1388112512" role=""/>
  <member type="way" ref="1388112508" role=""/>
  <member type="way" ref="1388112509" role=""/>
  <member type="way" ref="1222069726" role=""/>
  <member type="way" ref="1388112507" role=""/>
  <member type="way" ref="1409383536" role=""/>
  <tag k="name" v="Stone Mountain Trail"/>
  <tag k="network" v="lcn"/>
  <tag k="operator" v="PATH Foundation"/>
  <tag k="ref" v="SMT"/>
  <tag k="route" v="bicycle"/>
  <tag k="type" v="route"/>
 </relation>
 <relation id="269385" visible="true" version="440" changeset="188694328" timestamp="2026-09-07T22:09:42Z" user="oscarm_lyft" uid="22944464">
  <member type="way" ref="50062274" role="forward"/>
  <member type="way" ref="108929526" role="forward"/>
  <member type="way" ref="108929524" role="forward"/>
  <member type="way" ref="108929519" role="forward"/>
  <member type="way" ref="108929506" role="forward"/>
  <member type="way" ref="108929498" role="forward"/>
  <member type="way" ref="108929499" role="forward"/>
  <member type="way" ref="108929508" role="forward"/>
  <member type="way" ref="108929509" role="forward"/>
  <member type="way" ref="108929503" role="forward"/>
  <member type="way" ref="115779272" role="forward"/>
  <member type="way" ref="26944246" role="forward"/>
  <member type="way" ref="41569873" role="forward"/>
  <member type="way" ref="41569874" role="forward"/>
  <member type="way" ref="382258408" role="forward"/>
  <member type="way" ref="382335591" role="forward"/>
  <member type="way" ref="41569871" role="forward"/>
  <member type="way" ref="108947925" role="forward"/>
  <member type="way" ref="9452046" role="forward"/>
  <member type="way" ref="41569868" role="forward"/>
  <member type="way" ref="382385054" role="forward"/>
  <member type="way" ref="382385051" role="forward"/>
  <member type="way" ref="41569869" role="forward"/>
  <member type="way" ref="41569870" role="forward"/>
  <member type="way" ref="174373263" role="forward"/>
  <member type="way" ref="196626509" role="forward"/>
  <member type="way" ref="174373267" role="forward"/>
  <member type="way" ref="1198834473" role="forward"/>
  <member type="way" ref="115779325" role="forward"/>
  <member type="way" ref="737962478" role="forward"/>
  <member type="way" ref="737962474" role="forward"/>
  <member type="way" ref="737962477" role="forward"/>
  <member type="way" ref="858410921" role="forward"/>
  <member type="way" ref="807509039" role="forward"/>
  <member type="way" ref="174373259" role="forward"/>
  <member type="way" ref="858475947" role="forward"/>
  <member type="way" ref="115779257" role="forward"/>
  <member type="way" ref="1307643566" role="forward"/>
  <member type="way" ref="1307643565" role="forward"/>
  <member type="way" ref="501244828" role="forward"/>
  <member type="way" ref="501244823" role="forward"/>
  <member type="way" ref="501244818" role="forward"/>
  <member type="way" ref="501244829" role="forward"/>
  <member type="way" ref="52033143" role="forward"/>
  <member type="way" ref="501244808" role="forward"/>
  <member type="way" ref="501244807" role="forward"/>
  <member type="way" ref="258708704" role="forward"/>
  <member type="way" ref="389625800" role="forward"/>
  <member type="way" ref="1541040525" role="forward"/>
  <member type="way" ref="389626730" role="forward"/>
  <member type="way" ref="389626736" role="forward"/>
  <member type="way" ref="387405066" role="forward"/>
  <member type="way" ref="258708706" role="forward"/>
  <member type="way" ref="339416326" role="forward"/>
  <member type="way" ref="26805282" role="forward"/>
  <member type="way" ref="340235672" role="forward"/>
  <member type="way" ref="108929504" role="forward"/>
  <member type="way" ref="108929496" role="forward"/>
  <member type="way" ref="108929502" role="forward"/>
  <member type="way" ref="340235683" role="forward"/>
  <member type="way" ref="108929507" role="forward"/>
  <member type="way" ref="108929500" role="forward"/>
  <member type="way" ref="108929514" role="forward"/>
  <member type="way" ref="108929521" role="forward"/>
  <member type="way" ref="115779263" role="forward"/>
  <member type="way" ref="829939304" role="forward"/>
  <member type="way" ref="623953449" role="forward"/>
  <member type="way" ref="340236027" role="forward"/>
  <member type="way" ref="108929512" role="forward"/>
  <member type="way" ref="108947896" role="forward"/>
  <member type="way" ref="382258415" role="forward"/>
  <member type="way" ref="382335571" role="forward"/>
  <member type="way" ref="108947902" role="forward"/>
  <member type="way" ref="108947921" role="forward"/>
  <member type="way" ref="108948835" role="forward"/>
  <member type="way" ref="174373261" role="forward"/>
  <member type="way" ref="174373266" role="forward"/>
  <member type="way" ref="174373262" role="forward"/>
  <member type="way" ref="196626511" role="forward"/>
  <member type="way" ref="174373268" role="forward"/>
  <member type="way" ref="196626510" role="forward"/>
  <member type="way" ref="968258375" role="forward"/>
  <member type="way" ref="382446407" role="forward"/>
  <member type="way" ref="174373269" role="forward"/>
  <member type="way" ref="174373255" role="forward"/>
  <member type="way" ref="1198834472" role="forward"/>
  <member type="way" ref="858410928" role="forward"/>
  <member type="way" ref="737962476" role="forward"/>
  <member type="way" ref="1343638764" role="forward"/>
  <member type="way" ref="174373260" role="forward"/>
  <member type="way" ref="858457253" role="forward"/>
  <member type="way" ref="807509034" role="forward"/>
  <member type="way" ref="807509036" role="forward"/>
  <member type="way" ref="858475945" role="forward"/>
  <member type="way" ref="174373254" role="forward"/>
  <member type="way" ref="174547712" role="forward"/>
  <member type="way" ref="501244812" role="forward"/>
  <member type="way" ref="501244806" role="forward"/>
  <member type="way" ref="174547708" role="forward"/>
  <member type="way" ref="389625798" role="forward"/>
  <member type="way" ref="1541040526" role="forward"/>
  <member type="way" ref="1541040523" role="forward"/>
  <member type="way" ref="389626729" role="forward"/>
  <member type="way" ref="389626737" role="forward"/>
  <member type="way" ref="387405064" role="forward"/>
  <member type="way" ref="115779259" role="forward"/>
  <member type="way" ref="594349495" role="forward"/>
  <member type="way" ref="1034804227" role="forward"/>
  <member type="way" ref="1034804228" role=""/>
  <member type="way" ref="9146589" role=""/>
  <member type="way" ref="9145414" role=""/>
  <member type="way" ref="1078596379" role=""/>
  <member type="way" ref="1078596378" role=""/>
  <member type="way" ref="9144183" role=""/>
  <member type="way" ref="9380117" role=""/>
  <member type="way" ref="1078576011" role=""/>
  <member type="way" ref="112697045" role="forward"/>
  <member type="way" ref="112697038" role="forward"/>
  <member type="way" ref="1078576008" role="forward"/>
  <member type="way" ref="112697056" role="forward"/>
  <member type="way" ref="112697047" role="forward"/>
  <member type="way" ref="112697043" role="forward"/>
  <member type="way" ref="112697055" role="forward"/>
  <member type="way" ref="112697057" role="forward"/>
  <member type="way" ref="112697054" role="forward"/>
  <member type="way" ref="112697033" role="forward"/>
  <member type="way" ref="1078576066" role="forward"/>
  <member type="way" ref="112697034" role="forward"/>
  <member type="way" ref="1078576012" role="forward"/>
  <member type="way" ref="384222080" role="forward"/>
  <member type="way" ref="1078576009" role="forward"/>
  <member type="way" ref="112697060" role="forward"/>
  <member type="way" ref="112697037" role="forward"/>
  <member type="way" ref="384222074" role="forward"/>
  <member type="way" ref="1078576007" role="forward"/>
  <member type="way" ref="112697051" role="forward"/>
  <member type="way" ref="112697061" role="forward"/>
  <member type="way" ref="112697044" role="forward"/>
  <member type="way" ref="112697049" role="forward"/>
  <member type="way" ref="112697052" role="forward"/>
  <member type="way" ref="112697040" role="forward"/>
  <member type="way" ref="112697064" role="forward"/>
  <member type="way" ref="1078576065" role=""/>
  <member type="way" ref="1078576063" role=""/>
  <member type="way" ref="1078576062" role=""/>
  <member type="way" ref="1078576061" role=""/>
  <member type="way" ref="1078576060" role=""/>
  <member type="way" ref="1078576059" role=""/>
  <member type="way" ref="1078576058" role=""/>
  <member type="way" ref="1078576057" role=""/>
  <member type="way" ref="1078576046" role=""/>
  <member type="way" ref="1078576051" role=""/>
  <member type="way" ref="1078576045" role=""/>
  <member type="way" ref="1078576047" role=""/>
  <member type="way" ref="112697058" role=""/>
  <member type="way" ref="1078576050" role=""/>
  <member type="way" ref="1078576048" role=""/>
  <member type="way" ref="1078576049" role=""/>
  <member type="way" ref="763245472" role="forward"/>
  <member type="way" ref="1078576054" role="forward"/>
  <member type="way" ref="1078576055" role="forward"/>
  <member type="way" ref="1078576056" role="forward"/>
  <member type="way" ref="220942011" role="forward"/>
  <member type="way" ref="423483300" role="forward"/>
  <member type="way" ref="412805198" role="forward"/>
  <member type="way" ref="412805196" role="forward"/>
  <member type="way" ref="763245479" role="forward"/>
  <member type="way" ref="9380211" role="forward"/>
  <member type="way" ref="40369376" role="forward"/>
  <member type="way" ref="763249584" role="forward"/>
  <member type="way" ref="833047122" role="forward"/>
  <member type="way" ref="1078576052" role="forward"/>
  <member type="way" ref="1078576053" role="forward"/>
  <member type="way" ref="763245471" role="forward"/>
  <member type="way" ref="763245474" role="forward"/>
  <member type="way" ref="763245470" role="forward"/>
  <member type="way" ref="763245477" role="forward"/>
  <member type="way" ref="763245481" role="forward"/>
  <member type="way" ref="763249593" role="forward"/>
  <member type="way" ref="833047120" role="forward"/>
  <member type="way" ref="763249595" role="forward"/>
  <member type="way" ref="112472389" role=""/>
  <member type="way" ref="9555145" role="forward"/>
  <member type="way" ref="629328984" role="forward"/>
  <member type="way" ref="285157430" role="forward"/>
  <member type="way" ref="88316285" role=""/>
  <member type="way" ref="112387033" role=""/>
  <member type="way" ref="9423566" role=""/>
  <member type="way" ref="112387042" role=""/>
  <member type="way" ref="40367398" role=""/>
  <member type="way" ref="40367399" role=""/>
  <member type="way" ref="1029083251" role=""/>
  <member type="way" ref="1029083250" role=""/>
  <member type="way" ref="677291836" role=""/>
  <member type="way" ref="677291837" role=""/>
  <member type="way" ref="9421188" role=""/>
  <member type="way" ref="9421282" role=""/>
  <member type="way" ref="112472401" role=""/>
  <member type="way" ref="112472449" role=""/>
  <member type="way" ref="9423750" role=""/>
  <member type="way" ref="88617375" role=""/>
  <member type="way" ref="1530557615" role=""/>
  <member type="way" ref="1530557616" role=""/>
  <member type="way" ref="9103260" role=""/>
  <member type="way" ref="40189344" role=""/>
  <member type="way" ref="1530552300" role=""/>
  <member type="way" ref="1530552299" role=""/>
  <member type="way" ref="1433962648" role=""/>
  <member type="way" ref="1433962649" role=""/>
  <member type="way" ref="1433962650" role=""/>
  <member type="way" ref="40189441" role=""/>
  <member type="way" ref="717133914" role=""/>
  <member type="way" ref="715370554" role=""/>
  <member type="way" ref="1432530751" role=""/>
  <member type="way" ref="1432530752" role=""/>
  <member type="way" ref="195046530" role=""/>
  <member type="way" ref="119994728" role="forward"/>
  <member type="way" ref="1076195715" role="forward"/>
  <member type="way" ref="1076195714" role="forward"/>
  <member type="way" ref="1076195713" role="forward"/>
  <member type="way" ref="1076195708" role="forward"/>
  <member type="way" ref="1076195707" role="forward"/>
  <member type="way" ref="900414917" role="forward"/>
  <member type="way" ref="1076195704" role="forward"/>
  <member type="way" ref="1076195705" role="forward"/>
  <member type="way" ref="1076195700" role="forward"/>
  <member type="way" ref="1469299747" role="forward"/>
  <member type="way" ref="715681995" role="forward"/>
  <member type="way" ref="1076195699" role="forward"/>
  <member type="way" ref="1076195697" role="forward"/>
  <member type="way" ref="1076195696" role="forward"/>
  <member type="way" ref="1076195693" role="forward"/>
  <member type="way" ref="1076195692" role="forward"/>
  <member type="way" ref="1076195687" role="forward"/>
  <member type="way" ref="1076195686" role="forward"/>
  <member type="way" ref="1076195698" role="forward"/>
  <member type="way" ref="1286607937" role="forward"/>
  <member type="way" ref="1076195718" role="forward"/>
  <member type="way" ref="1076195719" role="forward"/>
  <member type="way" ref="1076195716" role="forward"/>
  <member type="way" ref="1076195717" role="forward"/>
  <member type="way" ref="1076195711" role="forward"/>
  <member type="way" ref="1076195712" role="forward"/>
  <member type="way" ref="1076195709" role="forward"/>
  <member type="way" ref="1076195710" role="forward"/>
  <member type="way" ref="119994729" role="forward"/>
  <member type="way" ref="1076195702" role="forward"/>
  <member type="way" ref="1076195703" role="forward"/>
  <member type="way" ref="1076195694" role="forward"/>
  <member type="way" ref="1469299749" role="forward"/>
  <member type="way" ref="1076195695" role="forward"/>
  <member type="way" ref="1076195690" role="forward"/>
  <member type="way" ref="1076195688" role="forward"/>
  <member type="way" ref="1076195689" role="forward"/>
  <member type="way" ref="1076195691" role="forward"/>
  <member type="way" ref="1286607938" role="forward"/>
  <member type="way" ref="1396032623" role=""/>
  <member type="way" ref="9102932" role=""/>
  <member type="way" ref="1286610359" role=""/>
  <member type="way" ref="1286610358" role=""/>
  <member type="way" ref="1286610360" role=""/>
  <member type="way" ref="1076195683" role=""/>
  <member type="way" ref="1076195684" role=""/>
  <member type="way" ref="1076195682" role=""/>
  <member type="way" ref="1076195680" role=""/>
  <member type="way" ref="1076195681" role=""/>
  <member type="way" ref="1370267389" role=""/>
  <member type="way" ref="1076195679" role=""/>
  <member type="way" ref="1076195678" role=""/>
  <member type="way" ref="900414902" role=""/>
  <member type="way" ref="9102341" role=""/>
  <member type="way" ref="1076195676" role=""/>
  <member type="way" ref="1076195677" role=""/>
  <member type="way" ref="1267954284" role=""/>
  <member type="way" ref="1344908576" role=""/>
  <member type="way" ref="1344908577" role=""/>
  <member type="way" ref="231654194" role=""/>
  <member type="way" ref="1509697061" role=""/>
  <member type="way" ref="1509697063" role="forward"/>
  <member type="way" ref="273320231" role="forward"/>
  <member type="way" ref="1076175709" role="forward"/>
  <member type="way" ref="1521815171" role="forward"/>
  <member type="way" ref="613169106" role="forward"/>
  <member type="way" ref="613169108" role="forward"/>
  <member type="way" ref="1076175706" role="forward"/>
  <member type="way" ref="1509697062" role="forward"/>
  <member type="way" ref="41415091" role="forward"/>
  <member type="way" ref="1353434096" role="forward"/>
  <member type="way" ref="1076175707" role="forward"/>
  <member type="way" ref="1076175708" role="forward"/>
  <member type="way" ref="900442738" role="forward"/>
  <member type="way" ref="1521815172" role="forward"/>
  <member type="way" ref="629328986" role="forward"/>
  <member type="way" ref="1533758519" role="forward"/>
  <member type="way" ref="1533758518" role="forward"/>
  <member type="way" ref="9102938" role="forward"/>
  <member type="way" ref="231654191" role="forward"/>
  <member type="way" ref="1051339325" role=""/>
  <member type="way" ref="29019355" role=""/>
  <member type="way" ref="9098304" role=""/>
  <member type="way" ref="1387268098" role=""/>
  <member type="way" ref="1387268099" role=""/>
  <member type="way" ref="1267954283" role=""/>
  <member type="way" ref="1051339324" role=""/>
  <member type="way" ref="1051339323" role=""/>
  <member type="way" ref="1051339322" role=""/>
  <member type="way" ref="1076175711" role=""/>
  <member type="way" ref="1164034516" role=""/>
  <member type="way" ref="1051339321" role=""/>
  <member type="way" ref="1164034518" role=""/>
  <member type="way" ref="29018438" role=""/>
  <member type="way" ref="29018436" role=""/>
  <member type="way" ref="129540422" role=""/>
  <member type="way" ref="1291168681" role=""/>
  <member type="way" ref="1291168682" role=""/>
  <member type="way" ref="1291168683" role=""/>
  <member type="way" ref="1043440310" role=""/>
  <member type="way" ref="1043440312" role=""/>
  <member type="way" ref="1043440309" role=""/>
  <member type="way" ref="1076175688" role=""/>
  <member type="way" ref="29018371" role=""/>
  <member type="way" ref="29018375" role=""/>
  <member type="way" ref="900436875" role=""/>
  <member type="way" ref="39813295" role=""/>
  <member type="way" ref="900227714" role=""/>
  <member type="way" ref="1076175677" role=""/>
  <member type="way" ref="1076175678" role=""/>
  <member type="way" ref="1076175679" role=""/>
  <member type="way" ref="29018505" role=""/>
  <member type="way" ref="1174150117" role=""/>
  <member type="way" ref="1076175681" role="forward"/>
  <member type="way" ref="913941976" role="forward"/>
  <member type="way" ref="1076175684" role="forward"/>
  <member type="way" ref="1317935952" role=""/>
  <member type="way" ref="900227716" role=""/>
  <member type="way" ref="9103125" role=""/>
  <member type="way" ref="1076175682" role=""/>
  <member type="way" ref="1076175683" role=""/>
  <member type="way" ref="1386950342" role=""/>
  <member type="way" ref="1386950343" role=""/>
  <member type="way" ref="1163061082" role=""/>
  <member type="way" ref="1163061083" role=""/>
  <member type="way" ref="1051339320" role=""/>
  <member type="way" ref="1163061081" role=""/>
  <member type="way" ref="900222555" role=""/>
  <member type="way" ref="913858605" role=""/>
  <member type="way" ref="920718353" role=""/>
  <member type="way" ref="920718354" role=""/>
  <member type="way" ref="913858604" role=""/>
  <member type="way" ref="1291169106" role=""/>
  <member type="way" ref="1386953645" role=""/>
  <member type="way" ref="1291169105" role=""/>
  <member type="way" ref="1291169107" role=""/>
  <member type="way" ref="1291169108" role=""/>
  <member type="way" ref="1053942737" role=""/>
  <member type="way" ref="1191255676" role=""/>
  <member type="way" ref="1191255677" role=""/>
  <member type="way" ref="1053942738" role=""/>
  <member type="way" ref="184634423" role=""/>
  <member type="way" ref="1065780837" role="forward"/>
  <member type="way" ref="1065780834" role="forward"/>
  <member type="way" ref="129540463" role="forward"/>
  <member type="way" ref="1191234363" role="forward"/>
  <member type="way" ref="1137126080" role="forward"/>
  <member type="way" ref="1065780835" role="forward"/>
  <member type="way" ref="1191231916" role="forward"/>
  <member type="way" ref="1191234364" role="forward"/>
  <member type="way" ref="1065780838" role="forward"/>
  <member type="way" ref="1065780840" role="forward"/>
  <member type="way" ref="1065780841" role="forward"/>
  <member type="way" ref="1065780836" role="forward"/>
  <member type="way" ref="1191231918" role="forward"/>
  <member type="way" ref="1191231915" role="forward"/>
  <member type="way" ref="1236464706" role=""/>
  <member type="way" ref="1236464707" role=""/>
  <member type="way" ref="1236464708" role=""/>
  <member type="way" ref="294526847" role=""/>
  <member type="way" ref="1059206329" role=""/>
  <member type="way" ref="1059206328" role=""/>
  <member type="way" ref="925207629" role=""/>
  <member type="way" ref="899421677" role=""/>
  <member type="way" ref="1051903208" role=""/>
  <member type="way" ref="1051903207" role=""/>
  <member type="way" ref="184540892" role=""/>
  <member type="way" ref="1224542038" role=""/>
  <member type="way" ref="1224542037" role=""/>
  <member type="way" ref="769239858" role=""/>
  <member type="way" ref="769239857" role=""/>
  <member type="way" ref="1279430330" role=""/>
  <member type="way" ref="1191227063" role=""/>
  <member type="way" ref="1279430329" role=""/>
  <member type="way" ref="1191227065" role=""/>
  <member type="way" ref="40117727" role="forward"/>
  <member type="way" ref="1422248201" role="forward"/>
  <member type="way" ref="1422248200" role="forward"/>
  <member type="way" ref="9097997" role="forward"/>
  <member type="way" ref="1190952699" role="forward"/>
  <member type="way" ref="40117734" role="forward"/>
  <member type="way" ref="9100295" role="forward"/>
  <member type="way" ref="1190952697" role="forward"/>
  <member type="way" ref="40117735" role="forward"/>
  <member type="way" ref="1390624133" role="forward"/>
  <member type="way" ref="1390624132" role="forward"/>
  <member type="way" ref="1051917085" role="forward"/>
  <member type="way" ref="1390624131" role="forward"/>
  <member type="way" ref="1051917084" role="forward"/>
  <member type="way" ref="1391578113" role="forward"/>
  <member type="way" ref="1510281340" role="forward"/>
  <member type="way" ref="1391578114" role="forward"/>
  <member type="way" ref="1510281337" role="forward"/>
  <member type="way" ref="1393686366" role="forward"/>
  <member type="way" ref="1510281336" role="forward"/>
  <member type="way" ref="1393686367" role="forward"/>
  <member type="way" ref="1510281334" role="forward"/>
  <member type="way" ref="1510281335" role="forward"/>
  <member type="way" ref="129540382" role="forward"/>
  <member type="way" ref="1051917083" role="forward"/>
  <member type="way" ref="1411456436" role="forward"/>
  <member type="way" ref="1411456438" role="forward"/>
  <member type="way" ref="1051917082" role="forward"/>
  <member type="way" ref="1510281332" role="forward"/>
  <member type="way" ref="1279430320" role="forward"/>
  <member type="way" ref="1510281333" role="forward"/>
  <member type="way" ref="1051917081" role="forward"/>
  <member type="way" ref="1051917080" role="forward"/>
  <member type="way" ref="1051917079" role="forward"/>
  <member type="way" ref="1051917077" role="forward"/>
  <member type="way" ref="1413127680" role="forward"/>
  <member type="way" ref="1483317842" role="forward"/>
  <member type="way" ref="1483317843" role="forward"/>
  <member type="way" ref="905683704" role="forward"/>
  <member type="way" ref="1282187246" role="forward"/>
  <member type="way" ref="1075632991" role="forward"/>
  <member type="way" ref="726961359" role="forward"/>
  <member type="way" ref="1075632990" role="forward"/>
  <member type="way" ref="592449634" role="forward"/>
  <member type="way" ref="592449631" role="forward"/>
  <member type="way" ref="39811485" role="forward"/>
  <member type="way" ref="1075630911" role="forward"/>
  <member type="way" ref="1075630910" role="forward"/>
  <member type="way" ref="39811486" role="forward"/>
  <member type="way" ref="1075623719" role="forward"/>
  <member type="way" ref="1075623720" role="forward"/>
  <member type="way" ref="900374218" role="forward"/>
  <member type="way" ref="1075630906" role="forward"/>
  <member type="way" ref="1075623721" role="forward"/>
  <member type="way" ref="1075630904" role="forward"/>
  <member type="way" ref="1075630903" role="forward"/>
  <member type="way" ref="1075630902" role="forward"/>
  <member type="way" ref="1231005201" role="forward"/>
  <member type="way" ref="40117732" role="forward"/>
  <member type="way" ref="1231005202" role="forward"/>
  <member type="way" ref="1231005199" role="forward"/>
  <member type="way" ref="1231005198" role="forward"/>
  <member type="way" ref="1231005197" role="forward"/>
  <member type="way" ref="1231005196" role="forward"/>
  <member type="way" ref="1190952700" role="forward"/>
  <member type="way" ref="40117737" role="forward"/>
  <member type="way" ref="40117736" role="forward"/>
  <member type="way" ref="1190952698" role="forward"/>
  <member type="way" ref="1051917086" role="forward"/>
  <member type="way" ref="1231005195" role="forward"/>
  <member type="way" ref="1051917087" role="forward"/>
  <member type="way" ref="1231005194" role="forward"/>
  <member type="way" ref="1051917088" role="forward"/>
  <member type="way" ref="1390624134" role="forward"/>
  <member type="way" ref="1051917089" role="forward"/>
  <member type="way" ref="1231003392" role="forward"/>
  <member type="way" ref="1231003391" role="forward"/>
  <member type="way" ref="1231003389" role="forward"/>
  <member type="way" ref="129540383" role="forward"/>
  <member type="way" ref="1231003387" role="forward"/>
  <member type="way" ref="1231003388" role="forward"/>
  <member type="way" ref="1190952692" role="forward"/>
  <member type="way" ref="1190952694" role="forward"/>
  <member type="way" ref="1190952693" role="forward"/>
  <member type="way" ref="1279430319" role="forward"/>
  <member type="way" ref="1279430327" role="forward"/>
  <member type="way" ref="900348930" role="forward"/>
  <member type="way" ref="1279430322" role="forward"/>
  <member type="way" ref="905683703" role="forward"/>
  <member type="way" ref="905683701" role="forward"/>
  <member type="way" ref="1265863317" role="forward"/>
  <member type="way" ref="1411765089" role="forward"/>
  <member type="way" ref="1411765088" role="forward"/>
  <member type="way" ref="1282187247" role="forward"/>
  <member type="way" ref="1413127679" role="forward"/>
  <member type="way" ref="592449630" role="forward"/>
  <member type="way" ref="900348925" role="forward"/>
  <member type="way" ref="726961362" role="forward"/>
  <member type="way" ref="592449629" role="forward"/>
  <member type="way" ref="40117731" role="forward"/>
  <member type="way" ref="1190426362" role="forward"/>
  <member type="way" ref="40117730" role="forward"/>
  <member type="way" ref="1110246529" role="forward"/>
  <member type="way" ref="1075623727" role="forward"/>
  <member type="way" ref="1075623723" role="forward"/>
  <member type="way" ref="40117729" role="forward"/>
  <member type="way" ref="1075630907" role="forward"/>
  <member type="way" ref="1075630908" role="forward"/>
  <member type="way" ref="1075630909" role="forward"/>
  <member type="way" ref="1075630900" role=""/>
  <member type="way" ref="40117728" role=""/>
  <member type="way" ref="1075630901" role=""/>
  <member type="way" ref="730172239" role=""/>
  <member type="way" ref="730172241" role=""/>
  <member type="way" ref="900348920" role=""/>
  <member type="way" ref="900348924" role=""/>
  <member type="way" ref="1075630899" role=""/>
  <member type="way" ref="900374229" role=""/>
  <member type="way" ref="730172242" role=""/>
  <member type="way" ref="1075623710" role=""/>
  <member type="way" ref="1075623709" role=""/>
  <member type="way" ref="1075623708" role=""/>
  <member type="way" ref="1075623707" role=""/>
  <member type="way" ref="1075623705" role=""/>
  <member type="way" ref="1075623706" role=""/>
  <member type="way" ref="1075623716" role=""/>
  <member type="way" ref="1075623715" role=""/>
  <member type="way" ref="1075623714" role=""/>
  <member type="way" ref="1075623704" role=""/>
  <member type="way" ref="1075623702" role=""/>
  <member type="way" ref="1075623703" role=""/>
  <member type="way" ref="1075623712" role=""/>
  <member type="way" ref="59186589" role="forward"/>
  <member type="way" ref="1074665425" role="forward"/>
  <member type="way" ref="1074665426" role="forward"/>
  <member type="way" ref="29327171" role="forward"/>
  <member type="way" ref="1074665408" role="forward"/>
  <member type="way" ref="1074665410" role="forward"/>
  <member type="way" ref="1074665415" role="forward"/>
  <member type="way" ref="1074665394" role="forward"/>
  <member type="way" ref="1074665393" role="forward"/>
  <member type="way" ref="1074665388" role="forward"/>
  <member type="way" ref="1074665387" role="forward"/>
  <member type="way" ref="1074665385" role="forward"/>
  <member type="way" ref="1074665384" role="forward"/>
  <member type="way" ref="1074665380" role="forward"/>
  <member type="way" ref="1074665379" role="forward"/>
  <member type="way" ref="29326963" role="forward"/>
  <member type="way" ref="41415389" role="forward"/>
  <member type="way" ref="41445366" role="forward"/>
  <member type="way" ref="1295844988" role="forward"/>
  <member type="way" ref="613169109" role="forward"/>
  <member type="way" ref="41445367" role="forward"/>
  <member type="way" ref="1074665371" role="forward"/>
  <member type="way" ref="1074665372" role="forward"/>
  <member type="way" ref="1074665369" role="forward"/>
  <member type="way" ref="1074665365" role="forward"/>
  <member type="way" ref="1074665355" role="forward"/>
  <member type="way" ref="1074665354" role="forward"/>
  <member type="way" ref="1435109137" role="forward"/>
  <member type="way" ref="1435109138" role="forward"/>
  <member type="way" ref="1074665352" role="forward"/>
  <member type="way" ref="1074665349" role="forward"/>
  <member type="way" ref="1074665348" role="forward"/>
  <member type="way" ref="1426590779" role="forward"/>
  <member type="way" ref="1426590780" role="forward"/>
  <member type="way" ref="1074665344" role="forward"/>
  <member type="way" ref="1074665343" role="forward"/>
  <member type="way" ref="1074665341" role="forward"/>
  <member type="way" ref="1074665325" role="forward"/>
  <member type="way" ref="1074665326" role="forward"/>
  <member type="way" ref="1074665332" role="forward"/>
  <member type="way" ref="1295845010" role="forward"/>
  <member type="way" ref="1074665331" role="forward"/>
  <member type="way" ref="1074665330" role="forward"/>
  <member type="way" ref="1074665329" role="forward"/>
  <member type="way" ref="1074665327" role="forward"/>
  <member type="way" ref="1074665320" role="forward"/>
  <member type="way" ref="1074665319" role="forward"/>
  <member type="way" ref="1074665305" role="forward"/>
  <member type="way" ref="1074665304" role="forward"/>
  <member type="way" ref="1295845024" role="forward"/>
  <member type="way" ref="1074665316" role="forward"/>
  <member type="way" ref="1074665309" role="forward"/>
  <member type="way" ref="1074665308" role="forward"/>
  <member type="way" ref="1074665315" role="forward"/>
  <member type="way" ref="1074665298" role="forward"/>
  <member type="way" ref="1074665297" role="forward"/>
  <member type="way" ref="1074665288" role="forward"/>
  <member type="way" ref="1074665287" role="forward"/>
  <member type="way" ref="1074665285" role="forward"/>
  <member type="way" ref="1074665279" role="forward"/>
  <member type="way" ref="40663705" role="forward"/>
  <member type="way" ref="1074665278" role="forward"/>
  <member type="way" ref="1295846211" role="forward"/>
  <member type="way" ref="1074665277" role="forward"/>
  <member type="way" ref="1028754511" role="forward"/>
  <member type="way" ref="1295846218" role="forward"/>
  <member type="way" ref="1074665274" role="forward"/>
  <member type="way" ref="1074665273" role="forward"/>
  <member type="way" ref="1074665272" role="forward"/>
  <member type="way" ref="1074665271" role="forward"/>
  <member type="way" ref="1074665267" role="forward"/>
  <member type="way" ref="1074665260" role="forward"/>
  <member type="way" ref="1074665263" role="forward"/>
  <member type="way" ref="1074665257" role="forward"/>
  <member type="way" ref="1074665253" role="forward"/>
  <member type="way" ref="1074665251" role="forward"/>
  <member type="way" ref="1074665252" role="forward"/>
  <member type="way" ref="1074665250" role="forward"/>
  <member type="way" ref="1487936089" role="forward"/>
  <member type="way" ref="1074665238" role="forward"/>
  <member type="way" ref="1074665237" role="forward"/>
  <member type="way" ref="1074665242" role="forward"/>
  <member type="way" ref="1074665241" role="forward"/>
  <member type="way" ref="1074665249" role="forward"/>
  <member type="way" ref="1074665234" role="forward"/>
  <member type="way" ref="1074665230" role="forward"/>
  <member type="way" ref="1074665229" role="forward"/>
  <member type="way" ref="1074665233" role="forward"/>
  <member type="way" ref="1074665226" role="forward"/>
  <member type="way" ref="1074665225" role="forward"/>
  <member type="way" ref="1074665224" role="forward"/>
  <member type="way" ref="1074665223" role="forward"/>
  <member type="way" ref="1074665218" role="forward"/>
  <member type="way" ref="1074665217" role="forward"/>
  <member type="way" ref="1074665213" role="forward"/>
  <member type="way" ref="1074665212" role="forward"/>
  <member type="way" ref="1074665209" role="forward"/>
  <member type="way" ref="1074665208" role="forward"/>
  <member type="way" ref="1074665200" role="forward"/>
  <member type="way" ref="1074665199" role="forward"/>
  <member type="way" ref="1074665198" role="forward"/>
  <member type="way" ref="1074665197" role="forward"/>
  <member type="way" ref="1074665187" role="forward"/>
  <member type="way" ref="1074665188" role="forward"/>
  <member type="way" ref="1074665184" role="forward"/>
  <member type="way" ref="1074665183" role="forward"/>
  <member type="way" ref="29326557" role="forward"/>
  <member type="way" ref="1074940209" role="forward"/>
  <member type="way" ref="1074940208" role="forward"/>
  <member type="way" ref="29326760" role="forward"/>
  <member type="way" ref="1074665177" role="forward"/>
  <member type="way" ref="88316287" role="forward"/>
  <member type="way" ref="41170434" role="forward"/>
  <member type="way" ref="41170435" role="forward"/>
  <member type="way" ref="41170395" role="forward"/>
  <member type="way" ref="41170396" role="forward"/>
  <member type="way" ref="1103843111" role="forward"/>
  <member type="way" ref="1103843110" role="forward"/>
  <member type="way" ref="1076546816" role="forward"/>
  <member type="way" ref="1076546815" role="forward"/>
  <member type="way" ref="41170364" role="forward"/>
  <member type="way" ref="9514477" role="forward"/>
  <member type="way" ref="572984910" role="forward"/>
  <member type="way" ref="29326571" role="forward"/>
  <member type="way" ref="1028634742" role="forward"/>
  <member type="way" ref="1074940077" role="forward"/>
  <member type="way" ref="1074940076" role="forward"/>
  <member type="way" ref="88316307" role="forward"/>
  <member type="way" ref="1074940081" role="forward"/>
  <member type="way" ref="1074940080" role="forward"/>
  <member type="way" ref="1074940082" role="forward"/>
  <member type="way" ref="1074940091" role="forward"/>
  <member type="way" ref="1074940088" role="forward"/>
  <member type="way" ref="1074940087" role="forward"/>
  <member type="way" ref="1074940090" role="forward"/>
  <member type="way" ref="29326415" role="forward"/>
  <member type="way" ref="1074940093" role="forward"/>
  <member type="way" ref="1074940098" role="forward"/>
  <member type="way" ref="1074940096" role="forward"/>
  <member type="way" ref="1074940099" role="forward"/>
  <member type="way" ref="1074940097" role="forward"/>
  <member type="way" ref="1074940105" role="forward"/>
  <member type="way" ref="1074940104" role="forward"/>
  <member type="way" ref="1074940109" role="forward"/>
  <member type="way" ref="1074940113" role="forward"/>
  <member type="way" ref="1074940112" role="forward"/>
  <member type="way" ref="1074940116" role="forward"/>
  <member type="way" ref="1074940118" role="forward"/>
  <member type="way" ref="1074940117" role="forward"/>
  <member type="way" ref="1075195006" role="forward"/>
  <member type="way" ref="1075195007" role="forward"/>
  <member type="way" ref="1075195008" role="forward"/>
  <member type="way" ref="1075195009" role="forward"/>
  <member type="way" ref="1075195018" role="forward"/>
  <member type="way" ref="1075195015" role="forward"/>
  <member type="way" ref="1075195016" role="forward"/>
  <member type="way" ref="1075195020" role="forward"/>
  <member type="way" ref="1075194998" role="forward"/>
  <member type="way" ref="1075194997" role="forward"/>
  <member type="way" ref="1075194996" role="forward"/>
  <member type="way" ref="1075195019" role="forward"/>
  <member type="way" ref="1007781325" role="forward"/>
  <member type="way" ref="1007781326" role="forward"/>
  <member type="way" ref="1007787663" role="forward"/>
  <member type="way" ref="1007787665" role="forward"/>
  <member type="way" ref="1075194988" role="forward"/>
  <member type="way" ref="1007787669" role="forward"/>
  <member type="way" ref="1007787672" role="forward"/>
  <member type="way" ref="1007787673" role="forward"/>
  <member type="way" ref="1007787671" role="forward"/>
  <member type="way" ref="1007787674" role="forward"/>
  <member type="way" ref="1075217102" role="forward"/>
  <member type="way" ref="1075217100" role="forward"/>
  <member type="way" ref="1075217099" role="forward"/>
  <member type="way" ref="1075217101" role="forward"/>
  <member type="way" ref="1075217091" role="forward"/>
  <member type="way" ref="1075217090" role="forward"/>
  <member type="way" ref="1075217079" role="forward"/>
  <member type="way" ref="1075217078" role="forward"/>
  <member type="way" ref="1075217077" role="forward"/>
  <member type="way" ref="1075217076" role="forward"/>
  <member type="way" ref="1075217075" role="forward"/>
  <member type="way" ref="1075217074" role="forward"/>
  <member type="way" ref="29326125" role="forward"/>
  <member type="way" ref="1075217073" role="forward"/>
  <member type="way" ref="1074665421" role="forward"/>
  <member type="way" ref="1074665422" role="forward"/>
  <member type="way" ref="29327128" role="forward"/>
  <member type="way" ref="1074665414" role="forward"/>
  <member type="way" ref="1074665413" role="forward"/>
  <member type="way" ref="1074665391" role="forward"/>
  <member type="way" ref="1074665392" role="forward"/>
  <member type="way" ref="29327241" role="forward"/>
  <member type="way" ref="1074665389" role="forward"/>
  <member type="way" ref="1074665390" role="forward"/>
  <member type="way" ref="805831153" role="forward"/>
  <member type="way" ref="1074665386" role="forward"/>
  <member type="way" ref="1074665382" role="forward"/>
  <member type="way" ref="1074665383" role="forward"/>
  <member type="way" ref="115779342" role="forward"/>
  <member type="way" ref="41445365" role="forward"/>
  <member type="way" ref="1074665381" role="forward"/>
  <member type="way" ref="41445364" role="forward"/>
  <member type="way" ref="41415392" role="forward"/>
  <member type="way" ref="1074665376" role="forward"/>
  <member type="way" ref="40663704" role="forward"/>
  <member type="way" ref="1287238094" role="forward"/>
  <member type="way" ref="1287238095" role="forward"/>
  <member type="way" ref="1074665374" role="forward"/>
  <member type="way" ref="1074665370" role="forward"/>
  <member type="way" ref="1039268788" role="forward"/>
  <member type="way" ref="1074665362" role="forward"/>
  <member type="way" ref="1074665363" role="forward"/>
  <member type="way" ref="1074665360" role="forward"/>
  <member type="way" ref="1074665361" role="forward"/>
  <member type="way" ref="1074665356" role="forward"/>
  <member type="way" ref="1074665357" role="forward"/>
  <member type="way" ref="1074665351" role="forward"/>
  <member type="way" ref="1074665350" role="forward"/>
  <member type="way" ref="1074665346" role="forward"/>
  <member type="way" ref="1074665347" role="forward"/>
  <member type="way" ref="1074665339" role="forward"/>
  <member type="way" ref="1295845013" role="forward"/>
  <member type="way" ref="1039268786" role="forward"/>
  <member type="way" ref="1074665333" role="forward"/>
  <member type="way" ref="1074665334" role="forward"/>
  <member type="way" ref="1074665323" role="forward"/>
  <member type="way" ref="1295845016" role="forward"/>
  <member type="way" ref="1074665324" role="forward"/>
  <member type="way" ref="1074665321" role="forward"/>
  <member type="way" ref="1074665322" role="forward"/>
  <member type="way" ref="1074665317" role="forward"/>
  <member type="way" ref="1074665306" role="forward"/>
  <member type="way" ref="1074665310" role="forward"/>
  <member type="way" ref="1074665313" role="forward"/>
  <member type="way" ref="1074665314" role="forward"/>
  <member type="way" ref="1074665318" role="forward"/>
  <member type="way" ref="1074665299" role="forward"/>
  <member type="way" ref="1074665295" role="forward"/>
  <member type="way" ref="1074665296" role="forward"/>
  <member type="way" ref="1074665294" role="forward"/>
  <member type="way" ref="1074665293" role="forward"/>
  <member type="way" ref="1074665290" role="forward"/>
  <member type="way" ref="1074665291" role="forward"/>
  <member type="way" ref="1074665283" role="forward"/>
  <member type="way" ref="1074665281" role="forward"/>
  <member type="way" ref="1074665282" role="forward"/>
  <member type="way" ref="29326957" role="forward"/>
  <member type="way" ref="1074665275" role="forward"/>
  <member type="way" ref="1074665276" role="forward"/>
  <member type="way" ref="1028754512" role="forward"/>
  <member type="way" ref="1295846219" role="forward"/>
  <member type="way" ref="1074665269" role="forward"/>
  <member type="way" ref="1074665270" role="forward"/>
  <member type="way" ref="1074665265" role="forward"/>
  <member type="way" ref="1074665261" role="forward"/>
  <member type="way" ref="1295846225" role="forward"/>
  <member type="way" ref="1074665256" role="forward"/>
  <member type="way" ref="1074665255" role="forward"/>
  <member type="way" ref="1074665254" role="forward"/>
  <member type="way" ref="1074665247" role="forward"/>
  <member type="way" ref="1074665239" role="forward"/>
  <member type="way" ref="1074665240" role="forward"/>
  <member type="way" ref="1074665244" role="forward"/>
  <member type="way" ref="1074665243" role="forward"/>
  <member type="way" ref="1074665245" role="forward"/>
  <member type="way" ref="1074665246" role="forward"/>
  <member type="way" ref="1074665248" role="forward"/>
  <member type="way" ref="1074665231" role="forward"/>
  <member type="way" ref="1074665232" role="forward"/>
  <member type="way" ref="1074665235" role="forward"/>
  <member type="way" ref="1074665236" role="forward"/>
  <member type="way" ref="1074665227" role="forward"/>
  <member type="way" ref="1074665228" role="forward"/>
  <member type="way" ref="1074665221" role="forward"/>
  <member type="way" ref="1074665222" role="forward"/>
  <member type="way" ref="1074665215" role="forward"/>
  <member type="way" ref="1074665216" role="forward"/>
  <member type="way" ref="1074665210" role="forward"/>
  <member type="way" ref="1074665211" role="forward"/>
  <member type="way" ref="1074665206" role="forward"/>
  <member type="way" ref="1074665207" role="forward"/>
  <member type="way" ref="1074665204" role="forward"/>
  <member type="way" ref="1074665205" role="forward"/>
  <member type="way" ref="1074665201" role="forward"/>
  <member type="way" ref="1074665202" role="forward"/>
  <member type="way" ref="1074665203" role="forward"/>
  <member type="way" ref="1074665196" role="forward"/>
  <member type="way" ref="1074665195" role="forward"/>
  <member type="way" ref="1074665193" role="forward"/>
  <member type="way" ref="1074665194" role="forward"/>
  <member type="way" ref="1074665191" role="forward"/>
  <member type="way" ref="1074665192" role="forward"/>
  <member type="way" ref="1074665190" role="forward"/>
  <member type="way" ref="1074665185" role="forward"/>
  <member type="way" ref="1074665186" role="forward"/>
  <member type="way" ref="1074665181" role="forward"/>
  <member type="way" ref="1074665179" role="forward"/>
  <member type="way" ref="1074665180" role="forward"/>
  <member type="way" ref="1074665182" role="forward"/>
  <member type="way" ref="1490473427" role="forward"/>
  <member type="way" ref="1490473426" role="forward"/>
  <member type="way" ref="88316274" role="forward"/>
  <member type="way" ref="1074940210" role="forward"/>
  <member type="way" ref="1074665178" role="forward"/>
  <member type="way" ref="1074940211" role="forward"/>
  <member type="way" ref="88316268" role="forward"/>
  <member type="way" ref="41170433" role="forward"/>
  <member type="way" ref="41170432" role="forward"/>
  <member type="way" ref="41170392" role="forward"/>
  <member type="way" ref="41170391" role="forward"/>
  <member type="way" ref="41170366" role="forward"/>
  <member type="way" ref="1076349680" role="forward"/>
  <member type="way" ref="1076349679" role="forward"/>
  <member type="way" ref="41170365" role="forward"/>
  <member type="way" ref="1074940173" role="forward"/>
  <member type="way" ref="1074940174" role="forward"/>
  <member type="way" ref="29326577" role="forward"/>
  <member type="way" ref="1079736801" role="forward"/>
  <member type="way" ref="88316290" role="forward"/>
  <member type="way" ref="1074940176" role="forward"/>
  <member type="way" ref="1028634741" role="forward"/>
  <member type="way" ref="1074940078" role="forward"/>
  <member type="way" ref="1074940079" role="forward"/>
  <member type="way" ref="29326561" role="forward"/>
  <member type="way" ref="1074940085" role="forward"/>
  <member type="way" ref="1074940086" role="forward"/>
  <member type="way" ref="1074940092" role="forward"/>
  <member type="way" ref="1074940094" role="forward"/>
  <member type="way" ref="1074940095" role="forward"/>
  <member type="way" ref="1074940100" role="forward"/>
  <member type="way" ref="1074940101" role="forward"/>
  <member type="way" ref="1074940102" role="forward"/>
  <member type="way" ref="1074940103" role="forward"/>
  <member type="way" ref="1074940106" role="forward"/>
  <member type="way" ref="1074940075" role="forward"/>
  <member type="way" ref="1074940107" role="forward"/>
  <member type="way" ref="1074940108" role="forward"/>
  <member type="way" ref="1074940110" role="forward"/>
  <member type="way" ref="1074940111" role="forward"/>
  <member type="way" ref="1074940115" role="forward"/>
  <member type="way" ref="1075195003" role="forward"/>
  <member type="way" ref="29326413" role="forward"/>
  <member type="way" ref="1075195010" role="forward"/>
  <member type="way" ref="1075195011" role="forward"/>
  <member type="way" ref="1075195012" role="forward"/>
  <member type="way" ref="1075195013" role="forward"/>
  <member type="way" ref="1075195017" role="forward"/>
  <member type="way" ref="1075195014" role="forward"/>
  <member type="way" ref="1075195021" role="forward"/>
  <member type="way" ref="1075195022" role="forward"/>
  <member type="way" ref="1075194994" role="forward"/>
  <member type="way" ref="1075194995" role="forward"/>
  <member type="way" ref="1075194993" role="forward"/>
  <member type="way" ref="1075194989" role="forward"/>
  <member type="way" ref="1075194990" role="forward"/>
  <member type="way" ref="1075194991" role="forward"/>
  <member type="way" ref="1075194992" role="forward"/>
  <member type="way" ref="1007781328" role="forward"/>
  <member type="way" ref="1007781329" role="forward"/>
  <member type="way" ref="1007781312" role="forward"/>
  <member type="way" ref="1075194987" role="forward"/>
  <member type="way" ref="1007781322" role="forward"/>
  <member type="way" ref="1007781313" role="forward"/>
  <member type="way" ref="1007781314" role="forward"/>
  <member type="way" ref="1007781315" role="forward"/>
  <member type="way" ref="1007781319" role="forward"/>
  <member type="way" ref="1007781320" role="forward"/>
  <member type="way" ref="1075217111" role="forward"/>
  <member type="way" ref="1075217112" role="forward"/>
  <member type="way" ref="1075217098" role="forward"/>
  <member type="way" ref="1075217094" role="forward"/>
  <member type="way" ref="1075217095" role="forward"/>
  <member type="way" ref="1075217096" role="forward"/>
  <member type="way" ref="1075217097" role="forward"/>
  <member type="way" ref="1075217092" role="forward"/>
  <member type="way" ref="1075217093" role="forward"/>
  <member type="way" ref="1075217086" role="forward"/>
  <member type="way" ref="1075217084" role="forward"/>
  <member type="way" ref="1075217085" role="forward"/>
  <member type="way" ref="1075217082" role="forward"/>
  <member type="way" ref="1075217083" role="forward"/>
  <member type="way" ref="1075217080" role="forward"/>
  <member type="way" ref="29326134" role="forward"/>
  <member type="way" ref="1075217071" role="forward"/>
  <member type="way" ref="1075217072" role="forward"/>
  <member type="way" ref="1075217070" role="forward"/>
  <member type="way" ref="1075217066" role="forward"/>
  <member type="way" ref="1075217067" role="forward"/>
  <member type="way" ref="1075217081" role="forward"/>
  <member type="way" ref="1075217064" role=""/>
  <member type="way" ref="1075217065" role=""/>
  <member type="way" ref="1075217061" role=""/>
  <member type="way" ref="1075217060" role=""/>
  <member type="way" ref="1075217062" role=""/>
  <member type="way" ref="1075217063" role=""/>
  <member type="way" ref="715295679" role=""/>
  <member type="way" ref="1075217058" role=""/>
  <member type="way" ref="1075217059" role=""/>
  <member type="way" ref="1075217057" role=""/>
  <member type="way" ref="715295678" role=""/>
  <member type="way" ref="1075217056" role=""/>
  <member type="way" ref="1075217054" role=""/>
  <member type="way" ref="715295674" role=""/>
  <member type="way" ref="1075217053" role=""/>
  <member type="way" ref="1075217055" role=""/>
  <member type="way" ref="1075217052" role=""/>
  <member type="way" ref="715295672" role=""/>
  <member type="way" ref="1075217048" role=""/>
  <member type="way" ref="1075217049" role=""/>
  <member type="way" ref="1075217034" role=""/>
  <member type="way" ref="1075217050" role=""/>
  <member type="way" ref="9518353" role=""/>
  <member type="way" ref="1075217036" role=""/>
  <member type="way" ref="1075217033" role=""/>
  <member type="way" ref="1075217030" role=""/>
  <member type="way" ref="1075217023" role=""/>
  <member type="way" ref="1075217024" role=""/>
  <member type="way" ref="1075217026" role=""/>
  <member type="way" ref="1075217029" role=""/>
  <member type="way" ref="1075217022" role=""/>
  <member type="way" ref="1075217020" role=""/>
  <member type="way" ref="1075217018" role=""/>
  <member type="way" ref="1075217015" role=""/>
  <member type="way" ref="9516921" role=""/>
  <member type="way" ref="1075217010" role=""/>
  <member type="way" ref="1075217009" role=""/>
  <member type="way" ref="1545488060" role=""/>
  <member type="way" ref="1075217002" role=""/>
  <member type="way" ref="1075217003" role=""/>
  <member type="way" ref="1554858006" role=""/>
  <member type="way" ref="1075217001" role=""/>
  <member type="way" ref="1075217000" role=""/>
  <member type="way" ref="1075216999" role=""/>
  <member type="way" ref="1075216998" role=""/>
  <member type="way" ref="1075216996" role=""/>
  <member type="way" ref="1075216997" role=""/>
  <member type="way" ref="1075216994" role=""/>
  <member type="way" ref="1075216993" role=""/>
  <member type="way" ref="1075216992" role=""/>
  <member type="way" ref="1075216990" role=""/>
  <member type="way" ref="1075216991" role=""/>
  <member type="way" ref="1075216987" role=""/>
  <member type="way" ref="1075216986" role=""/>
  <member type="way" ref="1075216984" role=""/>
  <member type="way" ref="1075216983" role=""/>
  <member type="way" ref="1075216982" role=""/>
  <member type="way" ref="1075216975" role=""/>
  <member type="way" ref="112472411" role=""/>
  <member type="way" ref="694461239" role=""/>
  <member type="way" ref="1075216974" role=""/>
  <member type="way" ref="695548331" role=""/>
  <member type="way" ref="695548332" role=""/>
  <member type="way" ref="1082382439" role=""/>
  <member type="way" ref="9282688" role=""/>
  <member type="way" ref="971924412" role=""/>
  <member type="way" ref="971924414" role=""/>
  <member type="way" ref="1075216965" role=""/>
  <member type="way" ref="1075216966" role=""/>
  <member type="way" ref="1075216969" role=""/>
  <member type="way" ref="1075216964" role=""/>
  <member type="way" ref="1075216967" role=""/>
  <member type="way" ref="1075216968" role=""/>
  <member type="way" ref="1075216963" role=""/>
  <member type="way" ref="1075216962" role=""/>
  <member type="way" ref="1075216955" role=""/>
  <member type="way" ref="1075216970" role=""/>
  <member type="way" ref="717473560" role=""/>
  <member type="way" ref="1526112702" role=""/>
  <member type="way" ref="962462792" role=""/>
  <member type="way" ref="1076668213" role=""/>
  <member type="way" ref="1101408910" role=""/>
  <member type="way" ref="1101408911" role=""/>
  <member type="way" ref="962462791" role=""/>
  <member type="way" ref="1077037528" role=""/>
  <member type="way" ref="1077037527" role=""/>
  <member type="way" ref="1077037525" role=""/>
  <member type="way" ref="1077037523" role=""/>
  <member type="way" ref="1077037522" role=""/>
  <member type="way" ref="1077037520" role=""/>
  <member type="way" ref="1077037519" role=""/>
  <member type="way" ref="1077037521" role=""/>
  <member type="way" ref="1077037517" role=""/>
  <member type="way" ref="1077037524" role=""/>
  <member type="way" ref="1077037516" role=""/>
  <member type="way" ref="1077037514" role=""/>
  <member type="way" ref="1077037515" role=""/>
  <member type="way" ref="962483869" role=""/>
  <member type="way" ref="1077037513" role=""/>
  <member type="way" ref="1077037510" role=""/>
  <member type="way" ref="1077037511" role=""/>
  <member type="way" ref="1076668216" role=""/>
  <member type="way" ref="1077037512" role=""/>
  <member type="way" ref="1077037509" role=""/>
  <member type="way" ref="1077037508" role=""/>
  <member type="way" ref="1077037506" role=""/>
  <member type="way" ref="1077037505" role=""/>
  <member type="way" ref="1077037507" role=""/>
  <member type="way" ref="1077037504" role=""/>
  <member type="way" ref="1077037498" role=""/>
  <member type="way" ref="1027101803" role=""/>
  <member type="way" ref="1077037503" role=""/>
  <member type="way" ref="1077037494" role=""/>
  <member type="way" ref="1077037495" role=""/>
  <member type="way" ref="1077037497" role=""/>
  <member type="way" ref="196626507" role=""/>
  <member type="way" ref="1077037493" role=""/>
  <member type="way" ref="528468190" role=""/>
  <member type="way" ref="749034086" role=""/>
  <member type="way" ref="1077037485" role=""/>
  <member type="way" ref="1077037484" role="forward"/>
  <member type="way" ref="749034092" role="forward"/>
  <member type="way" ref="1076665671" role="forward"/>
  <member type="way" ref="1076665672" role="forward"/>
  <member type="way" ref="1029942790" role="forward"/>
  <member type="way" ref="1076667038" role="forward"/>
  <member type="way" ref="1076667037" role="forward"/>
  <member type="way" ref="749290924" role="forward"/>
  <member type="way" ref="1076665674" role="forward"/>
  <member type="way" ref="749034097" role="forward"/>
  <member type="way" ref="1076665679" role="forward"/>
  <member type="way" ref="1076665682" role="forward"/>
  <member type="way" ref="1076665702" role="forward"/>
  <member type="way" ref="1076665701" role="forward"/>
  <member type="way" ref="1076665700" role="forward"/>
  <member type="way" ref="1076665699" role="forward"/>
  <member type="way" ref="1076665703" role="forward"/>
  <member type="way" ref="1076665687" role="forward"/>
  <member type="way" ref="1076665686" role="forward"/>
  <member type="way" ref="1076665688" role="forward"/>
  <member type="way" ref="1076665690" role="forward"/>
  <member type="way" ref="1076665689" role="forward"/>
  <member type="way" ref="1082790356" role="forward"/>
  <member type="way" ref="1082372901" role="forward"/>
  <member type="way" ref="1388177563" role="forward"/>
  <member type="way" ref="1388177564" role="forward"/>
  <member type="way" ref="1387510666" role="forward"/>
  <member type="way" ref="1387510665" role="forward"/>
  <member type="way" ref="1387996457" role="forward"/>
  <member type="way" ref="1387996458" role="forward"/>
  <member type="way" ref="1082734985" role="forward"/>
  <member type="way" ref="1082734986" role="forward"/>
  <member type="way" ref="183512657" role="forward"/>
  <member type="way" ref="1388141248" role="forward"/>
  <member type="way" ref="1388141247" role="forward"/>
  <member type="way" ref="1082735007" role="forward"/>
  <member type="way" ref="1082735008" role="forward"/>
  <member type="way" ref="1082735002" role="forward"/>
  <member type="way" ref="1082735006" role="forward"/>
  <member type="way" ref="1387776126" role="forward"/>
  <member type="way" ref="1082372897" role="forward"/>
  <member type="way" ref="630779041" role="forward"/>
  <member type="way" ref="712251160" role="forward"/>
  <member type="way" ref="717474646" role="forward"/>
  <member type="way" ref="1052606618" role="forward"/>
  <member type="way" ref="717474648" role="forward"/>
  <member type="way" ref="630779044" role="forward"/>
  <member type="way" ref="1387201013" role="forward"/>
  <member type="way" ref="1387201012" role="forward"/>
  <member type="way" ref="717051729" role="forward"/>
  <member type="way" ref="1387165951" role="forward"/>
  <member type="way" ref="1387165952" role="forward"/>
  <member type="way" ref="1387165953" role="forward"/>
  <member type="way" ref="1387264351" role="forward"/>
  <member type="way" ref="1388730375" role="forward"/>
  <member type="way" ref="1388730374" role="forward"/>
  <member type="way" ref="1420697891" role="forward"/>
  <member type="way" ref="1420697892" role="forward"/>
  <member type="way" ref="1387264352" role="forward"/>
  <member type="way" ref="1387264353" role="forward"/>
  <member type="way" ref="1387264354" role="forward"/>
  <member type="way" ref="686170374" role="forward"/>
  <member type="way" ref="1387156392" role="forward"/>
  <member type="way" ref="778470150" role="forward"/>
  <member type="way" ref="1387156393" role="forward"/>
  <member type="way" ref="586509264" role="forward"/>
  <member type="way" ref="565423142" role="forward"/>
  <member type="way" ref="586509265" role="forward"/>
  <member type="way" ref="1315001129" role="forward"/>
  <member type="way" ref="1315001130" role="forward"/>
  <member type="way" ref="1315001131" role="forward"/>
  <member type="way" ref="1315001132" role="forward"/>
  <member type="way" ref="565423137" role="forward"/>
  <member type="way" ref="183516127" role="forward"/>
  <member type="way" ref="183516124" role="forward"/>
  <member type="way" ref="1029285690" role="forward"/>
  <member type="way" ref="1314991206" role="forward"/>
  <member type="way" ref="1314991207" role="forward"/>
  <member type="way" ref="1314628453" role="forward"/>
  <member type="way" ref="1314628452" role="forward"/>
  <member type="way" ref="1314987691" role="forward"/>
  <member type="way" ref="1314987693" role="forward"/>
  <member type="way" ref="1314987692" role="forward"/>
  <member type="way" ref="1314764202" role="forward"/>
  <member type="way" ref="1314764203" role="forward"/>
  <member type="way" ref="1314764204" role="forward"/>
  <member type="way" ref="1314996339" role="forward"/>
  <member type="way" ref="1314996340" role="forward"/>
  <member type="way" ref="1314996341" role="forward"/>
  <member type="way" ref="183513368" role="forward"/>
  <member type="way" ref="1315008510" role="forward"/>
  <member type="way" ref="1150067168" role="forward"/>
  <member type="way" ref="40789316" role="forward"/>
  <member type="way" ref="88176770" role="forward"/>
  <member type="way" ref="40789313" role="forward"/>
  <member type="way" ref="40789312" role="forward"/>
  <member type="way" ref="889412927" role="forward"/>
  <member type="way" ref="88176671" role="forward"/>
  <member type="way" ref="879147712" role="forward"/>
  <member type="way" ref="879147713" role="forward"/>
  <member type="way" ref="41111773" role="forward"/>
  <member type="way" ref="41111772" role="forward"/>
  <member type="way" ref="1039757325" role="forward"/>
  <member type="way" ref="9164133" role="forward"/>
  <member type="way" ref="96813854" role="forward"/>
  <member type="way" ref="957063155" role="forward"/>
  <member type="way" ref="129555344" role="forward"/>
  <member type="way" ref="1133453863" role="forward"/>
  <member type="way" ref="630048246" role="forward"/>
  <member type="way" ref="88462722" role="forward"/>
  <member type="way" ref="306461330" role="forward"/>
  <member type="way" ref="1322593775" role="forward"/>
  <member type="way" ref="1002937708" role="forward"/>
  <member type="way" ref="1051208630" role="forward"/>
  <member type="way" ref="306461331" role="forward"/>
  <member type="way" ref="1051208632" role="forward"/>
  <member type="way" ref="1051208631" role="forward"/>
  <member type="way" ref="1051208633" role="forward"/>
  <member type="way" ref="1366763875" role="forward"/>
  <member type="way" ref="1366763877" role="forward"/>
  <member type="way" ref="1366763876" role="forward"/>
  <member type="way" ref="1322118519" role="forward"/>
  <member type="way" ref="1322118520" role="forward"/>
  <member type="way" ref="1322118521" role="forward"/>
  <member type="way" ref="1322118522" role="forward"/>
  <member type="way" ref="1322133453" role="forward"/>
  <member type="way" ref="1322133454" role="forward"/>
  <member type="way" ref="1322133455" role="forward"/>
  <member type="way" ref="1396536143" role="forward"/>
  <member type="way" ref="1396536144" role="forward"/>
  <member type="way" ref="306461332" role="forward"/>
  <member type="way" ref="1322075400" role="forward"/>
  <member type="way" ref="1322075401" role="forward"/>
  <member type="way" ref="1322075403" role="forward"/>
  <member type="way" ref="1322075402" role="forward"/>
  <member type="way" ref="1322075399" role="forward"/>
  <member type="way" ref="1322877331" role="forward"/>
  <member type="way" ref="1322877330" role="forward"/>
  <member type="way" ref="1323825178" role="forward"/>
  <member type="way" ref="1081160923" role="forward"/>
  <member type="way" ref="1081160926" role="forward"/>
  <member type="way" ref="1081160925" role="forward"/>
  <member type="way" ref="1081160924" role="forward"/>
  <member type="way" ref="954307310" role="forward"/>
  <member type="way" ref="954307309" role="forward"/>
  <member type="way" ref="1049607888" role="forward"/>
  <member type="way" ref="969992139" role="forward"/>
  <member type="way" ref="969992140" role="forward"/>
  <member type="way" ref="969992141" role="forward"/>
  <member type="way" ref="969992142" role="forward"/>
  <member type="way" ref="969992143" role="forward"/>
  <member type="way" ref="969992144" role="forward"/>
  <member type="way" ref="1321824463" role="forward"/>
  <member type="way" ref="969992145" role="forward"/>
  <member type="way" ref="969992146" role="forward"/>
  <member type="way" ref="969992147" role="forward"/>
  <member type="way" ref="1065784248" role="forward"/>
  <member type="way" ref="969992148" role="forward"/>
  <member type="way" ref="742145268" role="forward"/>
  <member type="way" ref="182423721" role="forward"/>
  <member type="way" ref="1023148886" role="forward"/>
  <member type="way" ref="630069531" role="forward"/>
  <member type="way" ref="1023148885" role="forward"/>
  <member type="way" ref="219547290" role="forward"/>
  <member type="way" ref="987884746" role="forward"/>
  <member type="way" ref="987884747" role="forward"/>
  <member type="way" ref="563288871" role="forward"/>
  <member type="way" ref="1029942788" role="forward"/>
  <member type="way" ref="749034101" role="forward"/>
  <member type="way" ref="749290926" role="forward"/>
  <member type="way" ref="1076665706" role="forward"/>
  <member type="way" ref="1076665675" role="forward"/>
  <member type="way" ref="1076665676" role="forward"/>
  <member type="way" ref="1076665677" role="forward"/>
  <member type="way" ref="1076665678" role="forward"/>
  <member type="way" ref="1076665683" role="forward"/>
  <member type="way" ref="1076665707" role="forward"/>
  <member type="way" ref="1076665684" role="forward"/>
  <member type="way" ref="1076665685" role="forward"/>
  <member type="way" ref="1076665704" role="forward"/>
  <member type="way" ref="1076665705" role="forward"/>
  <member type="way" ref="1076665697" role="forward"/>
  <member type="way" ref="1082993672" role="forward"/>
  <member type="way" ref="1076665698" role="forward"/>
  <member type="way" ref="1076665693" role="forward"/>
  <member type="way" ref="1076665694" role="forward"/>
  <member type="way" ref="1076665695" role="forward"/>
  <member type="way" ref="1076665696" role="forward"/>
  <member type="way" ref="183484182" role="forward"/>
  <member type="way" ref="1076665691" role="forward"/>
  <member type="way" ref="1076665692" role="forward"/>
  <member type="way" ref="1082372906" role="forward"/>
  <member type="way" ref="1082372903" role="forward"/>
  <member type="way" ref="1387510669" role="forward"/>
  <member type="way" ref="1387510667" role="forward"/>
  <member type="way" ref="1387510668" role="forward"/>
  <member type="way" ref="1388469689" role="forward"/>
  <member type="way" ref="1388469690" role="forward"/>
  <member type="way" ref="1532218059" role="forward"/>
  <member type="way" ref="1532218060" role="forward"/>
  <member type="way" ref="1420704512" role="forward"/>
  <member type="way" ref="1420704513" role="forward"/>
  <member type="way" ref="1082735005" role="forward"/>
  <member type="way" ref="1082735004" role="forward"/>
  <member type="way" ref="1388013810" role="forward"/>
  <member type="way" ref="1388013811" role="forward"/>
  <member type="way" ref="1388013812" role="forward"/>
  <member type="way" ref="1388013813" role="forward"/>
  <member type="way" ref="712277892" role="forward"/>
  <member type="way" ref="1420700906" role="forward"/>
  <member type="way" ref="1082372899" role="forward"/>
  <member type="way" ref="9298751" role="forward"/>
  <member type="way" ref="630779037" role="forward"/>
  <member type="way" ref="1055060743" role="forward"/>
  <member type="way" ref="1055060742" role="forward"/>
  <member type="way" ref="1055060741" role="forward"/>
  <member type="way" ref="1055060740" role="forward"/>
  <member type="way" ref="1055060739" role="forward"/>
  <member type="way" ref="1055060738" role="forward"/>
  <member type="way" ref="1055060737" role="forward"/>
  <member type="way" ref="1055026488" role="forward"/>
  <member type="way" ref="717474649" role="forward"/>
  <member type="way" ref="1055027577" role="forward"/>
  <member type="way" ref="717474651" role="forward"/>
  <member type="way" ref="813769819" role="forward"/>
  <member type="way" ref="1386956692" role="forward"/>
  <member type="way" ref="1386956695" role="forward"/>
  <member type="way" ref="1386956694" role="forward"/>
  <member type="way" ref="1386956693" role="forward"/>
  <member type="way" ref="1387165954" role="forward"/>
  <member type="way" ref="1387165955" role="forward"/>
  <member type="way" ref="1387187296" role="forward"/>
  <member type="way" ref="1387187297" role="forward"/>
  <member type="way" ref="1387190804" role="forward"/>
  <member type="way" ref="1387190805" role="forward"/>
  <member type="way" ref="630779043" role="forward"/>
  <member type="way" ref="565423152" role="forward"/>
  <member type="way" ref="1298217285" role="forward"/>
  <member type="way" ref="565423161" role="forward"/>
  <member type="way" ref="1315054288" role="forward"/>
  <member type="way" ref="565423166" role="forward"/>
  <member type="way" ref="1315054290" role="forward"/>
  <member type="way" ref="1315054289" role="forward"/>
  <member type="way" ref="1315054287" role="forward"/>
  <member type="way" ref="1315004144" role="forward"/>
  <member type="way" ref="1315004143" role="forward"/>
  <member type="way" ref="99134623" role="forward"/>
  <member type="way" ref="1029285691" role="forward"/>
  <member type="way" ref="1314990415" role="forward"/>
  <member type="way" ref="735336700" role="forward"/>
  <member type="way" ref="1314992632" role="forward"/>
  <member type="way" ref="1314992631" role="forward"/>
  <member type="way" ref="735336701" role="forward"/>
  <member type="way" ref="1315017450" role="forward"/>
  <member type="way" ref="995557811" role="forward"/>
  <member type="way" ref="1315017451" role="forward"/>
  <member type="way" ref="995557810" role="forward"/>
  <member type="way" ref="99134622" role="forward"/>
  <member type="way" ref="1315047165" role="forward"/>
  <member type="way" ref="1315021070" role="forward"/>
  <member type="way" ref="1315047164" role="forward"/>
  <member type="way" ref="1315021073" role="forward"/>
  <member type="way" ref="1315021072" role="forward"/>
  <member type="way" ref="1315021071" role="forward"/>
  <member type="way" ref="9281126" role="forward"/>
  <member type="way" ref="1315013693" role="forward"/>
  <member type="way" ref="1315013692" role="forward"/>
  <member type="way" ref="630779050" role="forward"/>
  <member type="way" ref="880890391" role="forward"/>
  <member type="way" ref="88176741" role="forward"/>
  <member type="way" ref="40789315" role="forward"/>
  <member type="way" ref="40789314" role="forward"/>
  <member type="way" ref="9281124" role="forward"/>
  <member type="way" ref="877544885" role="forward"/>
  <member type="way" ref="757089770" role="forward"/>
  <member type="way" ref="41111747" role="forward"/>
  <member type="way" ref="879306205" role="forward"/>
  <member type="way" ref="757089769" role="forward"/>
  <member type="way" ref="41111744" role="forward"/>
  <member type="way" ref="41113406" role="forward"/>
  <member type="way" ref="123355326" role="forward"/>
  <member type="way" ref="96813855" role="forward"/>
  <member type="way" ref="957047436" role="forward"/>
  <member type="way" ref="123355185" role="forward"/>
  <member type="way" ref="947275188" role="forward"/>
  <member type="way" ref="630048248" role="forward"/>
  <member type="way" ref="9178261" role="forward"/>
  <member type="way" ref="630048243" role="forward"/>
  <member type="way" ref="965525370" role="forward"/>
  <member type="way" ref="306468055" role="forward"/>
  <member type="way" ref="41111600" role="forward"/>
  <member type="way" ref="630048249" role="forward"/>
  <member type="way" ref="1532254343" role="forward"/>
  <member type="way" ref="1532254344" role="forward"/>
  <member type="way" ref="306468057" role="forward"/>
  <member type="way" ref="1054647185" role="forward"/>
  <member type="way" ref="742145266" role="forward"/>
  <member type="way" ref="1054647183" role="forward"/>
  <member type="way" ref="1054647182" role="forward"/>
  <member type="way" ref="1054647181" role="forward"/>
  <member type="way" ref="1054647180" role="forward"/>
  <member type="way" ref="1054647179" role="forward"/>
  <member type="way" ref="1054647178" role="forward"/>
  <member type="way" ref="1054647176" role="forward"/>
  <member type="way" ref="1054647175" role="forward"/>
  <member type="way" ref="1054647173" role="forward"/>
  <member type="way" ref="1054647172" role="forward"/>
  <member type="way" ref="1054647171" role="forward"/>
  <member type="way" ref="1054647170" role="forward"/>
  <member type="way" ref="1054647169" role="forward"/>
  <member type="way" ref="1054647168" role="forward"/>
  <member type="way" ref="1054647167" role="forward"/>
  <member type="way" ref="1054647166" role="forward"/>
  <member type="way" ref="1054647165" role="forward"/>
  <member type="way" ref="1054647164" role="forward"/>
  <member type="way" ref="1054647162" role="forward"/>
  <member type="way" ref="1054647161" role="forward"/>
  <member type="way" ref="1054647160" role="forward"/>
  <member type="way" ref="1054647159" role="forward"/>
  <member type="way" ref="1054647158" role="forward"/>
  <member type="way" ref="1054647156" role="forward"/>
  <member type="way" ref="1054647155" role="forward"/>
  <member type="way" ref="1054647154" role="forward"/>
  <member type="way" ref="1054647153" role="forward"/>
  <member type="way" ref="1054647152" role="forward"/>
  <member type="way" ref="1054647151" role="forward"/>
  <member type="way" ref="1054647150" role="forward"/>
  <member type="way" ref="1054647147" role="forward"/>
  <member type="way" ref="1054647146" role="forward"/>
  <member type="way" ref="1081160921" role="forward"/>
  <member type="way" ref="1081160922" role="forward"/>
  <member type="way" ref="1054647145" role="forward"/>
  <member type="way" ref="1054647144" role="forward"/>
  <member type="way" ref="1054647143" role="forward"/>
  <member type="way" ref="1054647142" role="forward"/>
  <member type="way" ref="1054647141" role="forward"/>
  <member type="way" ref="1054647140" role="forward"/>
  <member type="way" ref="1054647138" role="forward"/>
  <member type="way" ref="1054647137" role="forward"/>
  <member type="way" ref="1054647136" role="forward"/>
  <member type="way" ref="1054647135" role="forward"/>
  <member type="way" ref="1390658129" role="forward"/>
  <member type="way" ref="1054647134" role="forward"/>
  <member type="way" ref="1390658130" role="forward"/>
  <member type="way" ref="1054647133" role="forward"/>
  <member type="way" ref="1054647132" role="forward"/>
  <member type="way" ref="1054647129" role="forward"/>
  <member type="way" ref="1054647127" role="forward"/>
  <member type="way" ref="1054647125" role="forward"/>
  <member type="way" ref="9189363" role="forward"/>
  <member type="way" ref="182423720" role="forward"/>
  <member type="way" ref="958868905" role="forward"/>
  <member type="way" ref="958868904" role="forward"/>
  <member type="way" ref="1247009004" role="forward"/>
  <member type="way" ref="1247009003" role="forward"/>
  <member type="way" ref="630069532" role="forward"/>
  <member type="way" ref="1055027152" role="forward"/>
  <member type="way" ref="1055027153" role="forward"/>
  <member type="way" ref="1055027154" role="forward"/>
  <member type="way" ref="41504393" role="forward"/>
  <member type="way" ref="1515986441" role="forward"/>
  <member type="way" ref="9183733" role=""/>
  <member type="way" ref="119882003" role=""/>
  <member type="way" ref="1335005407" role=""/>
  <member type="way" ref="1335005408" role=""/>
  <member type="way" ref="1335005406" role=""/>
  <member type="way" ref="119882001" role=""/>
  <member type="way" ref="1335311864" role=""/>
  <member type="way" ref="9172319" role=""/>
  <member type="way" ref="1378005348" role=""/>
  <member type="way" ref="9184971" role=""/>
  <member type="way" ref="1547847262" role=""/>
  <member type="way" ref="1547847263" role=""/>
  <member type="way" ref="1556671860" role=""/>
  <member type="way" ref="1556671859" role=""/>
  <member type="way" ref="9188860" role=""/>
  <member type="way" ref="1556671856" role=""/>
  <member type="way" ref="1556671857" role=""/>
  <member type="way" ref="9179880" role=""/>
  <member type="way" ref="1537953280" role=""/>
  <member type="way" ref="1537953282" role=""/>
  <member type="way" ref="1537953271" role=""/>
  <member type="way" ref="1537953283" role=""/>
  <member type="way" ref="1537953281" role=""/>
  <member type="way" ref="1547847261" role=""/>
  <member type="way" ref="735169189" role=""/>
  <member type="way" ref="1534505763" role=""/>
  <member type="way" ref="1493333272" role=""/>
  <member type="way" ref="1493333271" role=""/>
  <member type="way" ref="735169190" role=""/>
  <member type="way" ref="74947410" role=""/>
  <member type="way" ref="630048286" role=""/>
  <member type="way" ref="1546924934" role=""/>
  <member type="way" ref="1536411201" role=""/>
  <member type="way" ref="1322870699" role=""/>
  <member type="way" ref="1322870700" role=""/>
  <member type="way" ref="74947422" role=""/>
  <member type="way" ref="1323094230" role=""/>
  <member type="way" ref="1302811026" role=""/>
  <member type="way" ref="74947370" role=""/>
  <member type="way" ref="902543449" role=""/>
  <member type="way" ref="74927688" role=""/>
  <member type="way" ref="1322820401" role=""/>
  <member type="way" ref="1322820400" role=""/>
  <member type="way" ref="1322810419" role=""/>
  <member type="way" ref="1387048507" role=""/>
  <member type="way" ref="1387048506" role="forward"/>
  <member type="way" ref="119882016" role="forward"/>
  <member type="way" ref="9182424" role=""/>
  <member type="way" ref="9174214" role=""/>
  <member type="way" ref="1330858930" role=""/>
  <member type="way" ref="1330858929" role=""/>
  <member type="way" ref="1330702382" role=""/>
  <member type="way" ref="1330702381" role=""/>
  <member type="way" ref="1423831667" role=""/>
  <member type="way" ref="1423831668" role=""/>
  <member type="way" ref="82905177" role=""/>
  <member type="way" ref="1332846634" role=""/>
  <member type="way" ref="82905181" role=""/>
  <member type="way" ref="1118659313" role=""/>
  <member type="way" ref="1026962559" role=""/>
  <member type="way" ref="119882348" role=""/>
  <member type="way" ref="119882347" role=""/>
  <member type="way" ref="41505331" role=""/>
  <member type="way" ref="1333168526" role=""/>
  <member type="way" ref="9191315" role=""/>
  <member type="way" ref="1118659314" role=""/>
  <member type="way" ref="1539968024" role=""/>
  <member type="way" ref="75338070" role=""/>
  <member type="way" ref="629238276" role=""/>
  <member type="way" ref="9183582" role="forward"/>
  <member type="way" ref="9190426" role="forward"/>
  <member type="way" ref="629238277" role="forward"/>
  <member type="way" ref="629238275" role=""/>
  <member type="way" ref="24850512" role=""/>
  <member type="way" ref="1118659316" role=""/>
  <member type="way" ref="77078508" role=""/>
  <member type="way" ref="1130879727" role=""/>
  <member type="way" ref="219607662" role=""/>
  <member type="way" ref="1130879726" role=""/>
  <member type="way" ref="1130879725" role=""/>
  <member type="way" ref="1130879723" role=""/>
  <member type="way" ref="1130879722" role=""/>
  <member type="way" ref="1130879721" role=""/>
  <member type="way" ref="1130879720" role=""/>
  <member type="way" ref="1121959620" role=""/>
  <member type="way" ref="155487123" role=""/>
  <member type="way" ref="155487122" role=""/>
  <member type="way" ref="525611981" role=""/>
  <member type="way" ref="1375156317" role=""/>
  <member type="way" ref="9179046" role=""/>
  <member type="way" ref="594002714" role=""/>
  <member type="way" ref="1314812526" role=""/>
  <member type="way" ref="119882127" role=""/>
  <member type="way" ref="1314767698" role=""/>
  <member type="way" ref="422710712" role=""/>
  <member type="way" ref="963683584" role=""/>
  <member type="way" ref="963683583" role=""/>
  <member type="way" ref="41544475" role=""/>
  <member type="way" ref="1146429802" role=""/>
  <member type="way" ref="1146429801" role=""/>
  <member type="way" ref="1146429800" role=""/>
  <member type="way" ref="1146429799" role=""/>
  <member type="way" ref="1146429798" role=""/>
  <member type="way" ref="1146429797" role=""/>
  <member type="way" ref="1146429796" role=""/>
  <member type="way" ref="311774611" role=""/>
  <member type="way" ref="311774615" role=""/>
  <member type="way" ref="311774612" role=""/>
  <member type="way" ref="172482980" role="forward"/>
  <member type="way" ref="9275173" role="forward"/>
  <member type="way" ref="9269290" role="forward"/>
  <member type="way" ref="1075611857" role="forward"/>
  <member type="way" ref="630644293" role="forward"/>
  <member type="way" ref="630644287" role="forward"/>
  <member type="way" ref="29094070" role="forward"/>
  <member type="way" ref="156324717" role="forward"/>
  <member type="way" ref="156324725" role="forward"/>
  <member type="way" ref="525617221" role="forward"/>
  <member type="way" ref="29094069" role="forward"/>
  <member type="way" ref="219329882" role="forward"/>
  <member type="way" ref="629796617" role="forward"/>
  <member type="way" ref="88171801" role="forward"/>
  <member type="way" ref="563533862" role="forward"/>
  <member type="way" ref="9238795" role="forward"/>
  <member type="way" ref="115789934" role="forward"/>
  <member type="way" ref="1163578062" role="forward"/>
  <member type="way" ref="9275164" role="forward"/>
  <member type="way" ref="1075611860" role="forward"/>
  <member type="way" ref="29094064" role="forward"/>
  <member type="way" ref="763918494" role="forward"/>
  <member type="way" ref="763918495" role="forward"/>
  <member type="way" ref="156324719" role="forward"/>
  <member type="way" ref="156324722" role="forward"/>
  <member type="way" ref="29094065" role="forward"/>
  <member type="way" ref="525617222" role="forward"/>
  <member type="way" ref="219329877" role="forward"/>
  <member type="way" ref="88171817" role="forward"/>
  <member type="way" ref="629796616" role="forward"/>
  <member type="way" ref="563533859" role="forward"/>
  <member type="way" ref="965623226" role="forward"/>
  <member type="way" ref="1075611868" role="forward"/>
  <member type="way" ref="965623225" role="forward"/>
  <member type="way" ref="9269295" role="forward"/>
  <member type="way" ref="963948814" role="forward"/>
  <member type="way" ref="88171788" role="forward"/>
  <member type="way" ref="1557204770" role=""/>
  <member type="way" ref="1557204768" role=""/>
  <member type="way" ref="1557204769" role=""/>
  <tag k="network" v="US:GA"/>
  <tag k="ref" v="10"/>
  <tag k="route" v="road"/>
  <tag k="symbol" v="http://upload.wikimedia.org/wikipedia/commons/d/d4/Georgia_10.svg"/>
  <tag k="type" v="route"/>
  <tag k="wikidata" v="Q2427651"/>
  <tag k="wikipedia" v="en:Georgia State Route 10"/>
 </relation>
 <relation id="8408433" visible="true" version="64" changeset="183365647" timestamp="2026-05-29T17:00:20Z" user="apesti" uid="11935958">
  <member type="way" ref="1396490078" role=""/>
  <member type="way" ref="1396490077" role=""/>
  <member type="way" ref="38981771" role=""/>
  <member type="way" ref="38981770" role=""/>
  <member type="way" ref="1043756758" role=""/>
  <member type="way" ref="38981784" role=""/>
  <member type="way" ref="54044484" role=""/>
  <member type="way" ref="9254081" role=""/>
  <member type="way" ref="226119765" role=""/>
  <member type="way" ref="226119770" role=""/>
  <member type="way" ref="1387087345" role=""/>
  <member type="way" ref="1396654832" role=""/>
  <member type="way" ref="1387087344" role=""/>
  <member type="way" ref="226119763" role=""/>
  <member type="way" ref="1032063076" role=""/>
  <member type="way" ref="1032063077" role=""/>
  <member type="way" ref="1396654828" role=""/>
  <member type="way" ref="1396654841" role=""/>
  <member type="way" ref="1396654840" role=""/>
  <member type="way" ref="741964055" role=""/>
  <member type="way" ref="1387296277" role=""/>
  <member type="way" ref="231270041" role=""/>
  <member type="way" ref="1387296276" role=""/>
  <member type="way" ref="741964053" role=""/>
  <member type="way" ref="83291379" role=""/>
  <member type="way" ref="83291378" role=""/>
  <member type="way" ref="83294497" role=""/>
  <member type="way" ref="83294499" role=""/>
  <member type="way" ref="83291376" role=""/>
  <member type="way" ref="83291377" role=""/>
  <member type="way" ref="742982445" role=""/>
  <member type="way" ref="1043756762" role=""/>
  <member type="way" ref="722838793" role=""/>
  <member type="way" ref="1421664781" role=""/>
  <member type="way" ref="1353860787" role=""/>
  <member type="way" ref="722838795" role=""/>
  <member type="way" ref="601780166" role=""/>
  <member type="way" ref="1421664782" role=""/>
  <member type="way" ref="1353860788" role=""/>
  <member type="way" ref="874502882" role=""/>
  <member type="way" ref="1387069491" role=""/>
  <member type="way" ref="1387069490" role=""/>
  <member type="way" ref="79430013" role=""/>
  <member type="way" ref="46184492" role=""/>
  <member type="way" ref="46184493" role=""/>
  <member type="way" ref="1216082913" role=""/>
  <member type="way" ref="1353860794" role=""/>
  <member type="way" ref="1215104240" role=""/>
  <member type="way" ref="1353860790" role=""/>
  <member type="way" ref="1353860789" role=""/>
  <member type="way" ref="722838134" role=""/>
  <member type="way" ref="1353860796" role=""/>
  <member type="way" ref="1353860795" role=""/>
  <member type="way" ref="746494549" role=""/>
  <member type="way" ref="1387066504" role=""/>
  <member type="way" ref="746494550" role=""/>
  <member type="way" ref="907902913" role=""/>
  <member type="way" ref="907902911" role=""/>
  <member type="way" ref="907902912" role=""/>
  <member type="way" ref="907902912" role=""/>
  <member type="way" ref="9234816" role=""/>
  <member type="way" ref="1436647252" role=""/>
  <member type="way" ref="969871276" role=""/>
  <member type="way" ref="669818486" role=""/>
  <member type="way" ref="874504851" role=""/>
  <member type="way" ref="743084191" role=""/>
  <member type="way" ref="601780170" role=""/>
  <member type="way" ref="743084202" role=""/>
  <member type="way" ref="669818479" role=""/>
  <member type="way" ref="607563061" role=""/>
  <member type="way" ref="605935511" role=""/>
  <member type="way" ref="1081842700" role=""/>
  <member type="way" ref="607563063" role=""/>
  <member type="way" ref="607563064" role=""/>
  <member type="way" ref="46184520" role=""/>
  <member type="way" ref="776841119" role=""/>
  <member type="way" ref="776841118" role=""/>
  <member type="way" ref="741276149" role=""/>
  <member type="way" ref="760535359" role=""/>
  <member type="way" ref="776841116" role=""/>
  <member type="way" ref="776841117" role=""/>
  <member type="way" ref="874501046" role=""/>
  <member type="way" ref="607561607" role=""/>
  <member type="way" ref="607561608" role=""/>
  <member type="way" ref="969871252" role=""/>
  <member type="way" ref="808135592" role=""/>
  <member type="way" ref="969871253" role=""/>
  <member type="way" ref="808135593" role=""/>
  <member type="way" ref="808135590" role=""/>
  <member type="way" ref="808135591" role=""/>
  <member type="way" ref="874504852" role=""/>
  <member type="way" ref="945644559" role=""/>
  <member type="way" ref="637010490" role=""/>
  <member type="way" ref="637010491" role=""/>
  <member type="way" ref="637010492" role=""/>
  <member type="way" ref="1431140288" role=""/>
  <member type="way" ref="89487193" role=""/>
  <member type="way" ref="89492935" role=""/>
  <member type="way" ref="89492933" role=""/>
  <member type="way" ref="89492943" role=""/>
  <member type="way" ref="89492927" role=""/>
  <member type="way" ref="89492929" role=""/>
  <member type="way" ref="89492931" role=""/>
  <member type="way" ref="89492941" role=""/>
  <member type="way" ref="89492940" role=""/>
  <member type="way" ref="89492938" role=""/>
  <member type="way" ref="1117472171" role=""/>
  <member type="way" ref="89492937" role=""/>
  <member type="way" ref="1431140287" role=""/>
  <member type="way" ref="1211067355" role=""/>
  <member type="way" ref="1211067354" role=""/>
  <member type="way" ref="89487195" role=""/>
  <member type="way" ref="969871265" role=""/>
  <member type="way" ref="182302109" role=""/>
  <member type="way" ref="182302109" role=""/>
  <member type="way" ref="1387090375" role=""/>
  <member type="way" ref="1164074996" role=""/>
  <member type="way" ref="1164074995" role=""/>
  <member type="way" ref="1447724481" role=""/>
  <member type="way" ref="1409896514" role=""/>
  <member type="way" ref="1409896516" role=""/>
  <member type="way" ref="1409896510" role=""/>
  <member type="way" ref="1409896512" role=""/>
  <member type="way" ref="1396660105" role=""/>
  <member type="way" ref="54032231" role=""/>
  <member type="way" ref="1396660109" role=""/>
  <member type="way" ref="9267440" role=""/>
  <member type="way" ref="587192324" role=""/>
  <member type="way" ref="606142530" role=""/>
  <member type="way" ref="1409896513" role=""/>
  <member type="way" ref="601780174" role=""/>
  <member type="way" ref="676119710" role=""/>
  <member type="way" ref="1429899923" role=""/>
  <member type="way" ref="601780171" role=""/>
  <member type="way" ref="1428809102" role=""/>
  <member type="way" ref="1428809101" role=""/>
  <member type="way" ref="903321097" role=""/>
  <member type="way" ref="903321093" role=""/>
  <member type="way" ref="903315504" role=""/>
  <member type="way" ref="1387097344" role=""/>
  <member type="way" ref="1447802549" role=""/>
  <member type="way" ref="1429897137" role=""/>
  <tag k="name" v="Atlanta Beltline Trail"/>
  <tag k="network" v="lcn"/>
  <tag k="ref" v="BELT"/>
  <tag k="route" v="bicycle"/>
  <tag k="type" v="route"/>
 </relation>
 <relation id="8774735" visible="true" version="43" changeset="185854308" timestamp="2026-07-16T16:05:28Z" user="ATLDOT - GIS Team" uid="24267288">
  <member type="node" ref="6997894173" role="platform"/>
  <member type="node" ref="4291461492" role="platform"/>
  <member type="way" ref="9190618" role="forward"/>
  <member type="way" ref="95340819" role="forward"/>
  <member type="way" ref="9180457" role="forward"/>
  <member type="way" ref="1164996938" role="forward"/>
  <member type="way" ref="95340818" role=""/>
  <member type="way" ref="80428423" role=""/>
  <member type="way" ref="1388899341" role=""/>
  <member type="way" ref="525755399" role=""/>
  <member type="way" ref="733656906" role=""/>
  <member type="way" ref="1379289758" role=""/>
  <member type="way" ref="931068904" role=""/>
  <member type="way" ref="1118654769" role=""/>
  <member type="way" ref="1379265385" role=""/>
  <member type="way" ref="566526999" role=""/>
  <member type="way" ref="40547271" role=""/>
  <member type="way" ref="40547276" role=""/>
  <member type="way" ref="1430831138" role=""/>
  <member type="way" ref="1430831137" role=""/>
  <member type="way" ref="40547274" role=""/>
  <member type="way" ref="1377998362" role=""/>
  <member type="way" ref="40547275" role=""/>
  <member type="way" ref="630644267" role=""/>
  <member type="way" ref="276602621" role="forward"/>
  <member type="way" ref="630644271" role="forward"/>
  <member type="way" ref="630644275" role="forward"/>
  <member type="way" ref="1118654766" role=""/>
  <member type="way" ref="44083485" role=""/>
  <member type="way" ref="1118654764" role=""/>
  <member type="way" ref="1118654765" role=""/>
  <member type="way" ref="44083482" role=""/>
  <member type="way" ref="1118654763" role=""/>
  <member type="way" ref="9190979" role=""/>
  <member type="way" ref="1441850995" role=""/>
  <member type="way" ref="1118654762" role=""/>
  <member type="way" ref="1441850997" role=""/>
  <member type="way" ref="75359079" role=""/>
  <member type="way" ref="525613028" role=""/>
  <member type="way" ref="630048361" role=""/>
  <member type="way" ref="1379242511" role=""/>
  <member type="way" ref="1379242512" role=""/>
  <member type="way" ref="1021874475" role=""/>
  <member type="way" ref="1075611855" role=""/>
  <member type="way" ref="624381543" role="forward"/>
  <member type="way" ref="525613027" role="forward"/>
  <member type="way" ref="1314626127" role="forward"/>
  <member type="way" ref="182487371" role="forward"/>
  <member type="way" ref="630644293" role="forward"/>
  <member type="way" ref="946825996" role="forward"/>
  <member type="way" ref="28685603" role="forward"/>
  <member type="way" ref="9234734" role="forward"/>
  <member type="way" ref="525613030" role="forward"/>
  <member type="way" ref="1075611853" role="forward"/>
  <member type="way" ref="569570806" role="forward"/>
  <member type="way" ref="946825997" role="forward"/>
  <member type="way" ref="1075611856" role=""/>
  <member type="way" ref="28685648" role=""/>
  <member type="way" ref="630643907" role=""/>
  <member type="way" ref="28688645" role=""/>
  <member type="way" ref="630643904" role=""/>
  <member type="way" ref="1030012715" role=""/>
  <member type="way" ref="38974975" role=""/>
  <member type="way" ref="533345239" role=""/>
  <member type="way" ref="533345238" role="forward"/>
  <member type="way" ref="1455301031" role="forward"/>
  <member type="way" ref="630697024" role="forward"/>
  <member type="way" ref="980855955" role="forward"/>
  <member type="way" ref="1389986991" role="forward"/>
  <member type="way" ref="1021982020" role="forward"/>
  <member type="way" ref="931393875" role="forward"/>
  <member type="way" ref="931393876" role="forward"/>
  <member type="way" ref="1376879126" role="forward"/>
  <member type="way" ref="1376879127" role="forward"/>
  <member type="way" ref="1539788920" role="forward"/>
  <member type="way" ref="435586505" role="forward"/>
  <member type="way" ref="1466964615" role="forward"/>
  <member type="way" ref="1466964616" role="forward"/>
  <member type="way" ref="563551382" role="forward"/>
  <member type="way" ref="563551380" role="forward"/>
  <member type="way" ref="1378043620" role="forward"/>
  <member type="way" ref="872063500" role="forward"/>
  <member type="way" ref="133114924" role="forward"/>
  <member type="way" ref="1279413872" role="forward"/>
  <member type="way" ref="1390660447" role="forward"/>
  <member type="way" ref="872063499" role="forward"/>
  <member type="way" ref="1381919616" role="forward"/>
  <member type="way" ref="799578840" role="forward"/>
  <member type="way" ref="422711473" role="forward"/>
  <member type="way" ref="422711472" role="forward"/>
  <member type="way" ref="133115036" role="forward"/>
  <member type="way" ref="1049600460" role="forward"/>
  <member type="way" ref="169926093" role="backward"/>
  <member type="way" ref="629278175" role="forward"/>
  <member type="way" ref="54032757" role="forward"/>
  <member type="way" ref="9244331" role="forward"/>
  <member type="way" ref="629305960" role="backward"/>
  <member type="way" ref="169926091" role="forward"/>
  <member type="way" ref="9268420" role="forward"/>
  <member type="way" ref="54032752" role="forward"/>
  <member type="way" ref="422711474" role="forward"/>
  <member type="way" ref="422711475" role="backward"/>
  <member type="way" ref="569514068" role="forward"/>
  <member type="way" ref="215939534" role="forward"/>
  <member type="way" ref="9240925" role="forward"/>
  <member type="way" ref="563551378" role="forward"/>
  <member type="way" ref="1037083651" role="forward"/>
  <member type="way" ref="595386368" role="forward"/>
  <member type="way" ref="1037083652" role="forward"/>
  <member type="way" ref="595386367" role="forward"/>
  <member type="way" ref="1038713477" role="forward"/>
  <member type="way" ref="1376879125" role="forward"/>
  <member type="way" ref="591623771" role="forward"/>
  <member type="way" ref="1038713479" role="forward"/>
  <member type="way" ref="1038713475" role="forward"/>
  <member type="way" ref="1038713473" role="forward"/>
  <member type="way" ref="1038713476" role="forward"/>
  <member type="way" ref="630696899" role="forward"/>
  <member type="way" ref="1046496475" role="forward"/>
  <member type="way" ref="1046496477" role="forward"/>
  <member type="way" ref="630644318" role="forward"/>
  <member type="way" ref="630644323" role="backward"/>
  <member type="way" ref="38974974" role="backward"/>
  <member type="way" ref="533345013" role="forward"/>
  <member type="way" ref="733656907" role=""/>
  <member type="way" ref="1029602953" role=""/>
  <tag k="from" v="Five Points Station"/>
  <tag k="name" v="MARTA 816 North Highland Avenue"/>
  <tag k="network" v="MARTA"/>
  <tag k="network:wikidata" v="Q1423792"/>
  <tag k="network:wikipedia" v="en:Metropolitan Atlanta Rapid Transit Authority"/>
  <tag k="old_ref" v="16"/>
  <tag k="operator" v="Metropolitan Atlanta Rapid Transit Authority"/>
  <tag k="public_transport:version" v="1"/>
  <tag k="ref" v="816"/>
  <tag k="route" v="bus"/>
  <tag k="to" v="Michael Street"/>
  <tag k="type" v="route"/>
 </relation>
 <relation id="12045420" visible="true" version="3" changeset="119603327" timestamp="2022-04-12T05:01:10Z" user="KB-01" uid="9509339">
  <member type="way" ref="34775470" role="outer"/>
  <member type="way" ref="886809247" role="outer"/>
  <member type="way" ref="34775486" role="outer"/>
  <member type="way" ref="28960844" role="outer"/>
  <member type="way" ref="886809248" role="outer"/>
  <tag k="addr:city" v="Atlanta"/>
  <tag k="addr:postcode" v="30312"/>
  <tag k="addr:state" v="GA"/>
  <tag k="addr:street" v="Moreland Avenue Northeast"/>
  <tag k="leisure" v="park"/>
  <tag k="name" v="Freedom Park"/>
  <tag k="type" v="multipolygon"/>
 </relation>
 <relation id="19173663" visible="true" version="1" changeset="166744023" timestamp="2025-05-25T17:08:48Z" user="hwierzbicki" uid="10198270">
  <member type="node" ref="358764721" role="attached_to"/>
  <tag k="check_date" v="2025-05-25"/>
  <tag k="communication:television" v="yes"/>
  <tag k="gnis:feature_id" v="352843"/>
  <tag k="man_made" v="antenna"/>
  <tag k="name" v="WSB-TV (Atlanta)"/>
  <tag k="type" v="node"/>
  <tag k="wikidata" v="Q7955494"/>
  <tag k="wikipedia" v="en:WSB-TV"/>
 </relation>
 <relation id="19173669" visible="true" version="1" changeset="166744023" timestamp="2025-05-25T17:08:48Z" user="hwierzbicki" uid="10198270">
  <member type="node" ref="358764721" role="attached_to"/>
  <tag k="check_date" v="2025-05-25"/>
  <tag k="communication:radio" v="yes"/>
  <tag k="man_made" v="antenna"/>
  <tag k="name" v="WSB-FM (Atlanta)"/>
  <tag k="type" v="node"/>
 </relation>
</osm>
