<?xml version="1.0" encoding="UTF-8"?>
<osm version="0.6" generator="openstreetmap-cgimap 2.1.0 (2942781 spike-08.openstreetmap.org)" copyright="OpenStreetMap and contributors" attribution="http://www.openstreetmap.org/copyright" license="http://opendatacommons.org/licenses/odbl/1-0/">
 <bounds minlat="33.7810000" minlon="-84.3815000" maxlat="33.7830000" maxlon="-84.3775000"/>
 <node id="69227188" visible="true" version="7" changeset="185608973" timestamp="2026-07-12T19:14:54Z" user="Cerras" uid="24292237" lat="33.7830112" lon="-84.3798960">
  <tag k="crossing" v="uncontrolled"/>
  <tag k="crossing:markings" v="yes"/>
  <tag k="highway" v="crossing"/>
  <tag k="tactile_paving" v="no"/>
 </node>
 <node id="69227192" visible="true" version="5" changeset="173109431" timestamp="2025-10-10T19:02:51Z" user="shinterro" uid="8562391" lat="33.7825957" lon="-84.3801911"/>
 <node id="69227200" visible="true" version="5" changeset="173109431" timestamp="2025-10-10T19:02:51Z" user="shinterro" uid="8562391" lat="33.7825632" lon="-84.3782560"/>
 <node id="69249230" visible="true" version="3" changeset="123836578" timestamp="2022-07-20T07:24:05Z" user="amarajz" uid="10127760" lat="33.7854184" lon="-84.3783803"/>
 <node id="69279745" visible="true" version="2" changeset="3110547" timestamp="2009-11-14T04:48:05Z" user="woodpeck_fixbot" uid="147510" lat="33.7805660" lon="-84.3776520"/>
 <node id="69279748" visible="true" version="2" changeset="3353549" timestamp="2009-12-12T03:50:58Z" user="woodpeck_fixbot" uid="147510" lat="33.7806530" lon="-84.3776640"/>
 <node id="69279751" visible="true" version="3" changeset="39851146" timestamp="2016-06-06T23:30:16Z" user="Jack the Ripper" uid="1946151" lat="33.7817939" lon="-84.3776603"/>
 <node id="69332053" visible="true" version="3" changeset="167839707" timestamp="2025-06-19T18:15:44Z" user="alexwohlbruck" uid="12370548" lat="33.7841439" lon="-84.3701463"/>
 <node id="69365804" visible="true" version="4" changeset="13214719" timestamp="2012-09-23T01:22:26Z" user="Ryan Lash" uid="127401" lat="33.7744594" lon="-84.3728077"/>
 <node id="69387083" visible="true" version="5" changeset="117886530" timestamp="2022-02-26T17:24:50Z" user="demory" uid="186210" lat="33.7842779" lon="-84.3789003">
  <tag k="highway" v="traffic_signals"/>
  <tag k="traffic_signals" v="signal"/>
 </node>
 <node id="69387097" visible="true" version="2" changeset="2760040" timestamp="2009-10-06T13:25:36Z" user="woodpeck_fixbot" uid="147510" lat="33.7833130" lon="-84.3795770"/>
 <node id="69529966" visible="true" version="5" changeset="16246496" timestamp="2013-05-23T02:25:19Z" user="DKNOTT" uid="1149057" lat="33.7794959" lon="-84.3728097">
  <tag k="highway" v="traffic_signals"/>
 </node>
 <node id="69529974" visible="true" version="4" changeset="39851146" timestamp="2016-06-06T23:30:16Z" user="Jack the Ripper" uid="1946151" lat="33.7817889" lon="-84.3728165">
  <tag k="highway" v="traffic_signals"/>
 </node>
 <node id="69582301" visible="true" version="3" changeset="39851146" timestamp="2016-06-06T23:30:16Z" user="Jack the Ripper" uid="1946151" lat="33.7817915" lon="-84.3740570"/>
 <node id="69588600" visible="true" version="4" changeset="119443526" timestamp="2022-04-07T20:37:02Z" user="demory" uid="186210" lat="33.7817559" lon="-84.3824946">
  <tag k="highway" v="traffic_signals"/>
 </node>
 <node id="69589527" visible="true" version="3" changeset="101276920" timestamp="2021-03-18T17:24:47Z" user="dowhile" uid="11800164" lat="33.7795340" lon="-84.3810860">
  <tag k="highway" v="traffic_signals"/>
 </node>
 <node id="69589532" visible="true" version="4" changeset="173109431" timestamp="2025-10-10T19:02:51Z" user="shinterro" uid="8562391" lat="33.7814067" lon="-84.3805696"/>
 <node id="69589540" visible="true" version="6" changeset="173109431" timestamp="2025-10-10T19:02:51Z" user="shinterro" uid="8562391" lat="33.7817935" lon="-84.3804635">
  <tag k="highway" v="traffic_signals"/>
 </node>
 <node id="69589545" visible="true" version="2" changeset="3353591" timestamp="2009-12-12T04:34:18Z" user="woodpeck_fixbot" uid="147510" lat="33.7823030" lon="-84.3803050"/>
 <node id="69589552" visible="true" version="2" changeset="3110547" timestamp="2009-11-14T05:07:12Z" user="woodpeck_fixbot" uid="147510" lat="33.7826990" lon="-84.3801410"/>
 <node id="69589556" visible="true" version="2" changeset="3353591" timestamp="2009-12-12T04:34:18Z" user="woodpeck_fixbot" uid="147510" lat="33.7827960" lon="-84.3800770"/>
 <node id="69589562" visible="true" version="2" changeset="2760040" timestamp="2009-10-06T13:42:54Z" user="woodpeck_fixbot" uid="147510" lat="33.7835340" lon="-84.3793840"/>
 <node id="69589565" visible="true" version="2" changeset="3353591" timestamp="2009-12-12T04:34:18Z" user="woodpeck_fixbot" uid="147510" lat="33.7837630" lon="-84.3792100"/>
 <node id="69589569" visible="true" version="2" changeset="3110547" timestamp="2009-11-14T05:07:12Z" user="woodpeck_fixbot" uid="147510" lat="33.7839960" lon="-84.3790580"/>
 <node id="69589571" visible="true" version="2" changeset="2760040" timestamp="2009-10-06T13:42:54Z" user="woodpeck_fixbot" uid="147510" lat="33.7847800" lon="-84.3786480"/>
 <node id="69589572" visible="true" version="2" changeset="3353591" timestamp="2009-12-12T04:34:18Z" user="woodpeck_fixbot" uid="147510" lat="33.7856210" lon="-84.3782980"/>
 <node id="69589577" visible="true" version="2" changeset="3353591" timestamp="2009-12-12T04:34:19Z" user="woodpeck_fixbot" uid="147510" lat="33.7858950" lon="-84.3782180"/>
 <node id="69614561" visible="true" version="5" changeset="173109431" timestamp="2025-10-10T19:02:51Z" user="shinterro" uid="8562391" lat="33.7817966" lon="-84.3794130">
  <tag k="highway" v="traffic_signals"/>
  <tag k="traffic_signals" v="signal"/>
 </node>
 <node id="69614564" visible="true" version="4" changeset="39851146" timestamp="2016-06-06T23:30:16Z" user="Jack the Ripper" uid="1946151" lat="33.7817972" lon="-84.3781559"/>
 <node id="69655580" visible="true" version="2" changeset="3110547" timestamp="2009-11-14T05:09:20Z" user="woodpeck_fixbot" uid="147510" lat="33.7807310" lon="-84.3794120"/>
 <node id="317776778" visible="true" version="2" changeset="13203034" timestamp="2012-09-22T03:09:22Z" user="Ryan Lash" uid="127401" lat="33.7883296" lon="-84.3744382"/>
 <node id="317776779" visible="true" version="2" changeset="13203034" timestamp="2012-09-22T03:09:22Z" user="Ryan Lash" uid="127401" lat="33.7890553" lon="-84.3734676"/>
 <node id="317776781" visible="true" version="2" changeset="13203034" timestamp="2012-09-22T03:09:22Z" user="Ryan Lash" uid="127401" lat="33.7896896" lon="-84.3724861"/>
 <node id="317776782" visible="true" version="2" changeset="13203034" timestamp="2012-09-22T03:09:22Z" user="Ryan Lash" uid="127401" lat="33.7921410" lon="-84.3716251"/>
 <node id="317776783" visible="true" version="2" changeset="13203034" timestamp="2012-09-22T03:09:22Z" user="Ryan Lash" uid="127401" lat="33.7929504" lon="-84.3723851"/>
 <node id="317776784" visible="true" version="3" changeset="13480644" timestamp="2012-10-13T16:01:53Z" user="Ryan Lash" uid="127401" lat="33.7931398" lon="-84.3727306"/>
 <node id="406204408" visible="true" version="2" changeset="119552423" timestamp="2022-04-10T22:05:06Z" user="KB-01" uid="9509339" lat="33.7828113" lon="-84.3691643"/>
 <node id="408176049" visible="true" version="2" changeset="13203395" timestamp="2012-09-22T05:09:28Z" user="Ryan Lash" uid="127401" lat="33.7792252" lon="-84.3678936"/>
 <node id="408176051" visible="true" version="2" changeset="13203395" timestamp="2012-09-22T05:09:28Z" user="Ryan Lash" uid="127401" lat="33.7788453" lon="-84.3676823"/>
 <node id="408176053" visible="true" version="2" changeset="13203395" timestamp="2012-09-22T05:09:28Z" user="Ryan Lash" uid="127401" lat="33.7787039" lon="-84.3677255"/>
 <node id="408176054" visible="true" version="3" changeset="49014411" timestamp="2017-05-26T23:32:23Z" user="rhewitt" uid="1223170" lat="33.7780142" lon="-84.3677601"/>
 <node id="408176056" visible="true" version="1" changeset="1263420" timestamp="2009-05-20T12:26:41Z" user="Liber" uid="82286" lat="33.7756580" lon="-84.3676306"/>
 <node id="408176058" visible="true" version="2" changeset="75330956" timestamp="2019-10-06T02:09:48Z" user="itsamap!" uid="3854496" lat="33.7754638" lon="-84.3676300"/>
 <node id="408176062" visible="true" version="1" changeset="1263420" timestamp="2009-05-20T12:26:41Z" user="Liber" uid="82286" lat="33.7754648" lon="-84.3674069"/>
 <node id="408176068" visible="true" version="2" changeset="75330956" timestamp="2019-10-06T02:09:48Z" user="itsamap!" uid="3854496" lat="33.7754661" lon="-84.3671188"/>
 <node id="408176070" visible="true" version="1" changeset="1263420" timestamp="2009-05-20T12:26:42Z" user="Liber" uid="82286" lat="33.7746173" lon="-84.3670894"/>
 <node id="408176071" visible="true" version="1" changeset="1263420" timestamp="2009-05-20T12:26:42Z" user="Liber" uid="82286" lat="33.7745857" lon="-84.3670883"/>
 <node id="408176072" visible="true" version="1" changeset="1263420" timestamp="2009-05-20T12:26:42Z" user="Liber" uid="82286" lat="33.7748329" lon="-84.3694561"/>
 <node id="408176073" visible="true" version="1" changeset="1263420" timestamp="2009-05-20T12:26:43Z" user="Liber" uid="82286" lat="33.7749859" lon="-84.3709223"/>
 <node id="408176074" visible="true" version="1" changeset="1263420" timestamp="2009-05-20T12:26:43Z" user="Liber" uid="82286" lat="33.7749863" lon="-84.3709259"/>
 <node id="408176075" visible="true" version="1" changeset="1263420" timestamp="2009-05-20T12:26:43Z" user="Liber" uid="82286" lat="33.7752336" lon="-84.3708381"/>
 <node id="408176076" visible="true" version="1" changeset="1263420" timestamp="2009-05-20T12:26:43Z" user="Liber" uid="82286" lat="33.7754593" lon="-84.3707581"/>
 <node id="408176077" visible="true" version="1" changeset="1263420" timestamp="2009-05-20T12:26:43Z" user="Liber" uid="82286" lat="33.7754784" lon="-84.3727875"/>
 <node id="408176078" visible="true" version="1" changeset="1263420" timestamp="2009-05-20T12:26:43Z" user="Liber" uid="82286" lat="33.7750783" lon="-84.3727845"/>
 <node id="408176080" visible="true" version="1" changeset="1263420" timestamp="2009-05-20T12:26:43Z" user="Liber" uid="82286" lat="33.7744585" lon="-84.3733793"/>
 <node id="408176081" visible="true" version="1" changeset="1263420" timestamp="2009-05-20T12:26:43Z" user="Liber" uid="82286" lat="33.7744370" lon="-84.3758621"/>
 <node id="408176082" visible="true" version="1" changeset="1263420" timestamp="2009-05-20T12:26:43Z" user="Liber" uid="82286" lat="33.7738953" lon="-84.3758621"/>
 <node id="408176083" visible="true" version="1" changeset="1263420" timestamp="2009-05-20T12:26:44Z" user="Liber" uid="82286" lat="33.7738951" lon="-84.3759636"/>
 <node id="408176084" visible="true" version="1" changeset="1263420" timestamp="2009-05-20T12:26:44Z" user="Liber" uid="82286" lat="33.7738926" lon="-84.3771260"/>
 <node id="408176085" visible="true" version="1" changeset="1263420" timestamp="2009-05-20T12:26:44Z" user="Liber" uid="82286" lat="33.7738915" lon="-84.3776678"/>
 <node id="408176086" visible="true" version="1" changeset="1263420" timestamp="2009-05-20T12:26:44Z" user="Liber" uid="82286" lat="33.7738915" lon="-84.3776703"/>
 <node id="408176087" visible="true" version="1" changeset="1263420" timestamp="2009-05-20T12:26:44Z" user="Liber" uid="82286" lat="33.7731934" lon="-84.3776932"/>
 <node id="408176088" visible="true" version="1" changeset="1263420" timestamp="2009-05-20T12:26:44Z" user="Liber" uid="82286" lat="33.7732045" lon="-84.3778499"/>
 <node id="408176090" visible="true" version="1" changeset="1263420" timestamp="2009-05-20T12:26:44Z" user="Liber" uid="82286" lat="33.7733706" lon="-84.3801809"/>
 <node id="408176092" visible="true" version="2" changeset="75330956" timestamp="2019-10-06T02:09:48Z" user="itsamap!" uid="3854496" lat="33.7734146" lon="-84.3807976"/>
 <node id="408176097" visible="true" version="1" changeset="1263420" timestamp="2009-05-20T12:26:45Z" user="Liber" uid="82286" lat="33.7734436" lon="-84.3812029"/>
 <node id="408176099" visible="true" version="1" changeset="1263420" timestamp="2009-05-20T12:26:45Z" user="Liber" uid="82286" lat="33.7734935" lon="-84.3816827"/>
 <node id="408176101" visible="true" version="1" changeset="1263420" timestamp="2009-05-20T12:26:45Z" user="Liber" uid="82286" lat="33.7735379" lon="-84.3823289"/>
 <node id="408176102" visible="true" version="1" changeset="1263420" timestamp="2009-05-20T12:26:45Z" user="Liber" uid="82286" lat="33.7738083" lon="-84.3823185"/>
 <node id="408176104" visible="true" version="1" changeset="1263420" timestamp="2009-05-20T12:26:45Z" user="Liber" uid="82286" lat="33.7739983" lon="-84.3823090"/>
 <node id="408176105" visible="true" version="1" changeset="1263420" timestamp="2009-05-20T12:26:45Z" user="Liber" uid="82286" lat="33.7771759" lon="-84.3819656"/>
 <node id="408176107" visible="true" version="1" changeset="1263420" timestamp="2009-05-20T12:26:45Z" user="Liber" uid="82286" lat="33.7771657" lon="-84.3813305"/>
 <node id="408176109" visible="true" version="1" changeset="1263420" timestamp="2009-05-20T12:26:45Z" user="Liber" uid="82286" lat="33.7785460" lon="-84.3812327"/>
 <node id="408176111" visible="true" version="1" changeset="1263420" timestamp="2009-05-20T12:26:45Z" user="Liber" uid="82286" lat="33.7785310" lon="-84.3817386"/>
 <node id="408176113" visible="true" version="1" changeset="1263420" timestamp="2009-05-20T12:26:45Z" user="Liber" uid="82286" lat="33.7795294" lon="-84.3817045"/>
 <node id="408176115" visible="true" version="1" changeset="1263420" timestamp="2009-05-20T12:26:46Z" user="Liber" uid="82286" lat="33.7795219" lon="-84.3811111"/>
 <node id="408176116" visible="true" version="1" changeset="1263420" timestamp="2009-05-20T12:26:46Z" user="Liber" uid="82286" lat="33.7806274" lon="-84.3808272"/>
 <node id="408176119" visible="true" version="1" changeset="1263420" timestamp="2009-05-20T12:26:46Z" user="Liber" uid="82286" lat="33.7816050" lon="-84.3805761"/>
 <node id="408176120" visible="true" version="2" changeset="75330956" timestamp="2019-10-06T02:09:48Z" user="itsamap!" uid="3854496" lat="33.7817491" lon="-84.3805391"/>
 <node id="408176123" visible="true" version="2" changeset="13203034" timestamp="2012-09-22T03:09:23Z" user="Ryan Lash" uid="127401" lat="33.7817471" lon="-84.3782275"/>
 <node id="408351896" visible="true" version="2" changeset="119552423" timestamp="2022-04-10T22:05:06Z" user="KB-01" uid="9509339" lat="33.7794730" lon="-84.3694456"/>
 <node id="408351898" visible="true" version="1" changeset="1265254" timestamp="2009-05-20T15:26:59Z" user="Liber" uid="82286" lat="33.7794938" lon="-84.3711853"/>
 <node id="408351900" visible="true" version="1" changeset="1265254" timestamp="2009-05-20T15:26:59Z" user="Liber" uid="82286" lat="33.7801204" lon="-84.3728360"/>
 <node id="408351901" visible="true" version="1" changeset="1265254" timestamp="2009-05-20T15:26:59Z" user="Liber" uid="82286" lat="33.7816495" lon="-84.3728045"/>
 <node id="408351902" visible="true" version="2" changeset="13203034" timestamp="2012-09-22T03:09:23Z" user="Ryan Lash" uid="127401" lat="33.7817317" lon="-84.3728039"/>
 <node id="535343322" visible="true" version="10" changeset="173016729" timestamp="2025-10-08T17:43:43Z" user="shinterro" uid="8562391" lat="33.7819055" lon="-84.3800980">
  <tag k="brand" v="Bank of America"/>
  <tag k="brand:wikidata" v="Q487907"/>
  <tag k="check_date" v="2025-10-07"/>
  <tag k="disused:amenity" v="atm"/>
  <tag k="name" v="Bank of America"/>
  <tag k="operator" v="Bank of America"/>
  <tag k="operator:wikidata" v="Q487907"/>
  <tag k="operator:wikipedia" v="en:Bank of America"/>
  <tag k="source" v="local_knowledge"/>
 </node>
 <node id="1185875698" visible="true" version="1" changeset="7454884" timestamp="2011-03-04T14:37:32Z" user="Mark Gray" uid="28852" lat="33.7832716" lon="-84.3779344"/>
 <node id="1185875708" visible="true" version="2" changeset="117918584" timestamp="2022-02-27T18:42:43Z" user="demory" uid="186210" lat="33.7820847" lon="-84.3779677"/>
 <node id="1185875712" visible="true" version="1" changeset="7454884" timestamp="2011-03-04T14:37:32Z" user="Mark Gray" uid="28852" lat="33.7829840" lon="-84.3774569"/>
 <node id="1185875718" visible="true" version="1" changeset="7454884" timestamp="2011-03-04T14:37:32Z" user="Mark Gray" uid="28852" lat="33.7822929" lon="-84.3779719"/>
 <node id="1185875719" visible="true" version="1" changeset="7454884" timestamp="2011-03-04T14:37:32Z" user="Mark Gray" uid="28852" lat="33.7836127" lon="-84.3779639"/>
 <node id="1185875721" visible="true" version="1" changeset="7454884" timestamp="2011-03-04T14:37:32Z" user="Mark Gray" uid="28852" lat="33.7830086" lon="-84.3775374"/>
 <node id="1185875728" visible="true" version="1" changeset="7454884" timestamp="2011-03-04T14:37:33Z" user="Mark Gray" uid="28852" lat="33.7828213" lon="-84.3767837"/>
 <node id="1185875736" visible="true" version="1" changeset="7454884" timestamp="2011-03-04T14:37:33Z" user="Mark Gray" uid="28852" lat="33.7819764" lon="-84.3770063"/>
 <node id="1185875745" visible="true" version="2" changeset="13208641" timestamp="2012-09-22T15:32:30Z" user="Ryan Lash" uid="127401" lat="33.7828975" lon="-84.3779428"/>
 <node id="1185875747" visible="true" version="1" changeset="7454884" timestamp="2011-03-04T14:37:33Z" user="Mark Gray" uid="28852" lat="33.7829506" lon="-84.3769205"/>
 <node id="1185875749" visible="true" version="1" changeset="7454884" timestamp="2011-03-04T14:37:33Z" user="Mark Gray" uid="28852" lat="33.7824089" lon="-84.3770948"/>
 <node id="1185875752" visible="true" version="1" changeset="7454884" timestamp="2011-03-04T14:37:34Z" user="Mark Gray" uid="28852" lat="33.7820076" lon="-84.3771056"/>
 <node id="1185875757" visible="true" version="2" changeset="117918584" timestamp="2022-02-27T18:42:43Z" user="demory" uid="186210" lat="33.7819375" lon="-84.3781263"/>
 <node id="1185875759" visible="true" version="1" changeset="7454884" timestamp="2011-03-04T14:37:34Z" user="Mark Gray" uid="28852" lat="33.7820098" lon="-84.3772048"/>
 <node id="1185875771" visible="true" version="1" changeset="7454884" timestamp="2011-03-04T14:37:34Z" user="Mark Gray" uid="28852" lat="33.7820009" lon="-84.3774569"/>
 <node id="1185875778" visible="true" version="1" changeset="7454884" timestamp="2011-03-04T14:37:34Z" user="Mark Gray" uid="28852" lat="33.7819942" lon="-84.3770466"/>
 <node id="1185875787" visible="true" version="1" changeset="7454884" timestamp="2011-03-04T14:37:35Z" user="Mark Gray" uid="28852" lat="33.7835035" lon="-84.3779505"/>
 <node id="1185875788" visible="true" version="2" changeset="39851146" timestamp="2016-06-06T23:30:16Z" user="Jack the Ripper" uid="1946151" lat="33.7817946" lon="-84.3770034"/>
 <node id="1185875789" visible="true" version="1" changeset="7454884" timestamp="2011-03-04T14:37:35Z" user="Mark Gray" uid="28852" lat="33.7831691" lon="-84.3777252"/>
 <node id="1185875795" visible="true" version="1" changeset="7454884" timestamp="2011-03-04T14:37:35Z" user="Mark Gray" uid="28852" lat="33.7824423" lon="-84.3769017"/>
 <node id="1185875796" visible="true" version="1" changeset="7454884" timestamp="2011-03-04T14:37:35Z" user="Mark Gray" uid="28852" lat="33.7825605" lon="-84.3767917"/>
 <node id="1185875799" visible="true" version="1" changeset="7454884" timestamp="2011-03-04T14:37:35Z" user="Mark Gray" uid="28852" lat="33.7830598" lon="-84.3776152"/>
 <node id="1185875801" visible="true" version="1" changeset="7454884" timestamp="2011-03-04T14:37:35Z" user="Mark Gray" uid="28852" lat="33.7825560" lon="-84.3776661"/>
 <node id="1185875802" visible="true" version="1" changeset="7454884" timestamp="2011-03-04T14:37:35Z" user="Mark Gray" uid="28852" lat="33.7829684" lon="-84.3772987"/>
 <node id="1185875803" visible="true" version="1" changeset="7454884" timestamp="2011-03-04T14:37:36Z" user="Mark Gray" uid="28852" lat="33.7824245" lon="-84.3771485"/>
 <node id="1185875805" visible="true" version="1" changeset="7454884" timestamp="2011-03-04T14:37:36Z" user="Mark Gray" uid="28852" lat="33.7825270" lon="-84.3777198"/>
 <node id="1185875806" visible="true" version="1" changeset="7454884" timestamp="2011-03-04T14:37:36Z" user="Mark Gray" uid="28852" lat="33.7824089" lon="-84.3770036"/>
 <node id="1185875807" visible="true" version="1" changeset="7454884" timestamp="2011-03-04T14:37:36Z" user="Mark Gray" uid="28852" lat="33.7831111" lon="-84.3776742"/>
 <node id="1185875808" visible="true" version="1" changeset="7454884" timestamp="2011-03-04T14:37:36Z" user="Mark Gray" uid="28852" lat="33.7824178" lon="-84.3769580"/>
 <node id="1185875810" visible="true" version="1" changeset="7454884" timestamp="2011-03-04T14:37:36Z" user="Mark Gray" uid="28852" lat="33.7832449" lon="-84.3778003"/>
 <node id="1185875811" visible="true" version="1" changeset="7454884" timestamp="2011-03-04T14:37:36Z" user="Mark Gray" uid="28852" lat="33.7825181" lon="-84.3773309"/>
 <node id="1185875812" visible="true" version="2" changeset="117918584" timestamp="2022-02-27T18:42:43Z" user="demory" uid="186210" lat="33.7822105" lon="-84.3780047"/>
 <node id="1185875813" visible="true" version="1" changeset="7454884" timestamp="2011-03-04T14:37:36Z" user="Mark Gray" uid="28852" lat="33.7825605" lon="-84.3775964"/>
 <node id="1185875814" visible="true" version="1" changeset="7454884" timestamp="2011-03-04T14:37:36Z" user="Mark Gray" uid="28852" lat="33.7827009" lon="-84.3767596"/>
 <node id="1185875816" visible="true" version="1" changeset="7454884" timestamp="2011-03-04T14:37:37Z" user="Mark Gray" uid="28852" lat="33.7824557" lon="-84.3772182"/>
 <node id="1185875817" visible="true" version="2" changeset="117918584" timestamp="2022-02-27T18:42:43Z" user="demory" uid="186210" lat="33.7827351" lon="-84.3780053"/>
 <node id="1185875818" visible="true" version="1" changeset="7454884" timestamp="2011-03-04T14:37:37Z" user="Mark Gray" uid="28852" lat="33.7826318" lon="-84.3767622"/>
 <node id="1185875819" visible="true" version="2" changeset="117886530" timestamp="2022-02-26T17:24:50Z" user="demory" uid="186210" lat="33.7837265" lon="-84.3780036"/>
 <node id="1185875822" visible="true" version="1" changeset="7454884" timestamp="2011-03-04T14:37:37Z" user="Mark Gray" uid="28852" lat="33.7820187" lon="-84.3778056"/>
 <node id="1185875823" visible="true" version="1" changeset="7454884" timestamp="2011-03-04T14:37:37Z" user="Mark Gray" uid="28852" lat="33.7824936" lon="-84.3768481"/>
 <node id="1185875828" visible="true" version="2" changeset="117918584" timestamp="2022-02-27T18:42:43Z" user="demory" uid="186210" lat="33.7821454" lon="-84.3780125"/>
 <node id="1185875831" visible="true" version="1" changeset="7454884" timestamp="2011-03-04T14:37:38Z" user="Mark Gray" uid="28852" lat="33.7832627" lon="-84.3778459"/>
 <node id="1185875832" visible="true" version="1" changeset="7454884" timestamp="2011-03-04T14:37:38Z" user="Mark Gray" uid="28852" lat="33.7820433" lon="-84.3778995"/>
 <node id="1185875834" visible="true" version="2" changeset="117886530" timestamp="2022-02-26T17:24:50Z" user="demory" uid="186210" lat="33.7836723" lon="-84.3779788"/>
 <node id="1185875840" visible="true" version="1" changeset="7454884" timestamp="2011-03-04T14:37:38Z" user="Mark Gray" uid="28852" lat="33.7824847" lon="-84.3777734"/>
 <node id="1185875844" visible="true" version="1" changeset="7454884" timestamp="2011-03-04T14:37:38Z" user="Mark Gray" uid="28852" lat="33.7832114" lon="-84.3777573"/>
 <node id="1185875846" visible="true" version="1" changeset="7454884" timestamp="2011-03-04T14:37:38Z" user="Mark Gray" uid="28852" lat="33.7825359" lon="-84.3773791"/>
 <node id="1185875852" visible="true" version="1" changeset="7454884" timestamp="2011-03-04T14:37:39Z" user="Mark Gray" uid="28852" lat="33.7829194" lon="-84.3768588"/>
 <node id="1185875857" visible="true" version="1" changeset="7454884" timestamp="2011-03-04T14:37:39Z" user="Mark Gray" uid="28852" lat="33.7829573" lon="-84.3770358"/>
 <node id="1185875859" visible="true" version="1" changeset="7454884" timestamp="2011-03-04T14:37:39Z" user="Mark Gray" uid="28852" lat="33.7823732" lon="-84.3778619"/>
 <node id="1185875860" visible="true" version="1" changeset="7454884" timestamp="2011-03-04T14:37:39Z" user="Mark Gray" uid="28852" lat="33.7828793" lon="-84.3768078"/>
 <node id="1595679212" visible="true" version="14" changeset="185609242" timestamp="2026-07-12T19:13:46Z" user="Cerras" uid="24292237" lat="33.7820226" lon="-84.3802478">
  <tag k="addr:city" v="Atlanta"/>
  <tag k="addr:housenumber" v="1001"/>
  <tag k="addr:postcode" v="30309"/>
  <tag k="addr:state" v="GA"/>
  <tag k="addr:street" v="Piedmont Avenue Northeast"/>
  <tag k="addr:unit" v="102"/>
  <tag k="check_date" v="2026-07-12"/>
  <tag k="check_date:opening_hours" v="2026-07-12"/>
  <tag k="name" v="Up In Smoke"/>
  <tag k="opening_hours" v="Mo-Su 10:00-24:00"/>
  <tag k="shop" v="e-cigarette"/>
  <tag k="source" v="local_knowledge"/>
  <tag k="wheelchair" v="yes"/>
 </node>
 <node id="1595736347" visible="true" version="2" changeset="13203034" timestamp="2012-09-22T03:09:20Z" user="Ryan Lash" uid="127401" lat="33.7929787" lon="-84.3720664"/>
 <node id="1595736804" visible="true" version="2" changeset="13203034" timestamp="2012-09-22T03:09:20Z" user="Ryan Lash" uid="127401" lat="33.7920239" lon="-84.3715022"/>
 <node id="1926466074" visible="true" version="1" changeset="13203034" timestamp="2012-09-22T03:08:56Z" user="Ryan Lash" uid="127401" lat="33.7825542" lon="-84.3689727"/>
 <node id="1926466163" visible="true" version="1" changeset="13203034" timestamp="2012-09-22T03:08:57Z" user="Ryan Lash" uid="127401" lat="33.7880923" lon="-84.3750978"/>
 <node id="1926466165" visible="true" version="1" changeset="13203034" timestamp="2012-09-22T03:08:57Z" user="Ryan Lash" uid="127401" lat="33.7881217" lon="-84.3753913"/>
 <node id="1926466174" visible="true" version="1" changeset="13203034" timestamp="2012-09-22T03:08:57Z" user="Ryan Lash" uid="127401" lat="33.7881460" lon="-84.3748555"/>
 <node id="1926466176" visible="true" version="1" changeset="13203034" timestamp="2012-09-22T03:08:57Z" user="Ryan Lash" uid="127401" lat="33.7881525" lon="-84.3756962"/>
 <node id="1926466193" visible="true" version="1" changeset="13203034" timestamp="2012-09-22T03:08:58Z" user="Ryan Lash" uid="127401" lat="33.7889684" lon="-84.3733494"/>
 <node id="1926466342" visible="true" version="2" changeset="13203164" timestamp="2012-09-22T03:55:20Z" user="Ryan Lash" uid="127401" lat="33.7898677" lon="-84.3722906"/>
 <node id="1926466355" visible="true" version="2" changeset="13203164" timestamp="2012-09-22T03:55:20Z" user="Ryan Lash" uid="127401" lat="33.7899980" lon="-84.3722386"/>
 <node id="1926466392" visible="true" version="2" changeset="13203164" timestamp="2012-09-22T03:55:20Z" user="Ryan Lash" uid="127401" lat="33.7901539" lon="-84.3722456"/>
 <node id="1926466395" visible="true" version="2" changeset="13203164" timestamp="2012-09-22T03:55:21Z" user="Ryan Lash" uid="127401" lat="33.7903272" lon="-84.3722782"/>
 <node id="1926466403" visible="true" version="1" changeset="13203034" timestamp="2012-09-22T03:09:00Z" user="Ryan Lash" uid="127401" lat="33.7904873" lon="-84.3723423"/>
 <node id="1926466411" visible="true" version="1" changeset="13203034" timestamp="2012-09-22T03:09:00Z" user="Ryan Lash" uid="127401" lat="33.7905685" lon="-84.3723814"/>
 <node id="1926466468" visible="true" version="2" changeset="13480644" timestamp="2012-10-13T16:01:54Z" user="Ryan Lash" uid="127401" lat="33.7917995" lon="-84.3713067"/>
 <node id="1926466497" visible="true" version="1" changeset="13203034" timestamp="2012-09-22T03:09:00Z" user="Ryan Lash" uid="127401" lat="33.7924143" lon="-84.3717259"/>
 <node id="1926466501" visible="true" version="1" changeset="13203034" timestamp="2012-09-22T03:09:01Z" user="Ryan Lash" uid="127401" lat="33.7926421" lon="-84.3717997"/>
 <node id="1926466506" visible="true" version="1" changeset="13203034" timestamp="2012-09-22T03:09:01Z" user="Ryan Lash" uid="127401" lat="33.7927726" lon="-84.3718466"/>
 <node id="1926466511" visible="true" version="1" changeset="13203034" timestamp="2012-09-22T03:09:01Z" user="Ryan Lash" uid="127401" lat="33.7928941" lon="-84.3719234"/>
 <node id="1926466515" visible="true" version="2" changeset="13480644" timestamp="2012-10-13T16:01:53Z" user="Ryan Lash" uid="127401" lat="33.7929525" lon="-84.3725141"/>
 <node id="1926466518" visible="true" version="1" changeset="13203034" timestamp="2012-09-22T03:09:01Z" user="Ryan Lash" uid="127401" lat="33.7929569" lon="-84.3722496"/>
 <node id="1926601992" visible="true" version="1" changeset="13203164" timestamp="2012-09-22T03:55:06Z" user="Ryan Lash" uid="127401" lat="33.7890402" lon="-84.3732635"/>
 <node id="1926602020" visible="true" version="1" changeset="13203164" timestamp="2012-09-22T03:55:06Z" user="Ryan Lash" uid="127401" lat="33.7897789" lon="-84.3723639"/>
 <node id="1926653330" visible="true" version="1" changeset="13203395" timestamp="2012-09-22T05:08:37Z" user="Ryan Lash" uid="127401" lat="33.7787046" lon="-84.3676829"/>
 <node id="1926653334" visible="true" version="1" changeset="13203395" timestamp="2012-09-22T05:08:37Z" user="Ryan Lash" uid="127401" lat="33.7789915" lon="-84.3677037"/>
 <node id="1926653335" visible="true" version="1" changeset="13203395" timestamp="2012-09-22T05:08:37Z" user="Ryan Lash" uid="127401" lat="33.7791044" lon="-84.3677596"/>
 <node id="1926653341" visible="true" version="1" changeset="13203395" timestamp="2012-09-22T05:08:38Z" user="Ryan Lash" uid="127401" lat="33.7793661" lon="-84.3681415"/>
 <node id="1926653342" visible="true" version="1" changeset="13203395" timestamp="2012-09-22T05:08:38Z" user="Ryan Lash" uid="127401" lat="33.7794258" lon="-84.3684691"/>
 <node id="1926653343" visible="true" version="1" changeset="13203395" timestamp="2012-09-22T05:08:38Z" user="Ryan Lash" uid="127401" lat="33.7794378" lon="-84.3689597"/>
 <node id="1927417712" visible="true" version="1" changeset="13208641" timestamp="2012-09-22T15:32:16Z" user="Ryan Lash" uid="127401" lat="33.7795000" lon="-84.3717438"/>
 <node id="1927417783" visible="true" version="2" changeset="117918584" timestamp="2022-02-27T18:42:43Z" user="demory" uid="186210" lat="33.7818372" lon="-84.3728894"/>
 <node id="1928236255" visible="true" version="1" changeset="13214747" timestamp="2012-09-23T01:29:37Z" user="Ryan Lash" uid="127401" lat="33.7844907" lon="-84.3787918"/>
 <node id="1928936893" visible="true" version="1" changeset="13220307" timestamp="2012-09-23T13:54:01Z" user="Ryan Lash" uid="127401" lat="33.7820374" lon="-84.3759275"/>
 <node id="1928936894" visible="true" version="1" changeset="13220307" timestamp="2012-09-23T13:54:01Z" user="Ryan Lash" uid="127401" lat="33.7820498" lon="-84.3736625"/>
 <node id="1928936895" visible="true" version="1" changeset="13220307" timestamp="2012-09-23T13:54:01Z" user="Ryan Lash" uid="127401" lat="33.7820580" lon="-84.3734487"/>
 <node id="1928936897" visible="true" version="1" changeset="13220307" timestamp="2012-09-23T13:54:01Z" user="Ryan Lash" uid="127401" lat="33.7820642" lon="-84.3768971"/>
 <node id="1928936898" visible="true" version="1" changeset="13220307" timestamp="2012-09-23T13:54:01Z" user="Ryan Lash" uid="127401" lat="33.7820663" lon="-84.3767778"/>
 <node id="1928936899" visible="true" version="2" changeset="13220419" timestamp="2012-09-23T14:01:42Z" user="Ryan Lash" uid="127401" lat="33.7820498" lon="-84.3757311"/>
 <node id="1928936900" visible="true" version="1" changeset="13220307" timestamp="2012-09-23T13:54:01Z" user="Ryan Lash" uid="127401" lat="33.7820746" lon="-84.3761239"/>
 <node id="1928936901" visible="true" version="1" changeset="13220307" timestamp="2012-09-23T13:54:01Z" user="Ryan Lash" uid="127401" lat="33.7820828" lon="-84.3739683"/>
 <node id="1928936902" visible="true" version="1" changeset="13220307" timestamp="2012-09-23T13:54:02Z" user="Ryan Lash" uid="127401" lat="33.7820849" lon="-84.3770264"/>
 <node id="1928936903" visible="true" version="1" changeset="13220307" timestamp="2012-09-23T13:54:02Z" user="Ryan Lash" uid="127401" lat="33.7820870" lon="-84.3742940"/>
 <node id="1928936905" visible="true" version="1" changeset="13220307" timestamp="2012-09-23T13:54:02Z" user="Ryan Lash" uid="127401" lat="33.7820994" lon="-84.3765864"/>
 <node id="1928936906" visible="true" version="2" changeset="13220419" timestamp="2012-09-23T14:01:42Z" user="Ryan Lash" uid="127401" lat="33.7820952" lon="-84.3771955"/>
 <node id="1928936907" visible="true" version="1" changeset="13220307" timestamp="2012-09-23T13:54:02Z" user="Ryan Lash" uid="127401" lat="33.7821035" lon="-84.3773471"/>
 <node id="1928936908" visible="true" version="2" changeset="48931937" timestamp="2017-05-24T01:28:56Z" user="taposm" uid="166668" lat="33.7820900" lon="-84.3744136"/>
 <node id="1928936909" visible="true" version="1" changeset="13220307" timestamp="2012-09-23T13:54:02Z" user="Ryan Lash" uid="127401" lat="33.7821076" lon="-84.3775585"/>
 <node id="1928936910" visible="true" version="2" changeset="48931937" timestamp="2017-05-24T01:28:56Z" user="taposm" uid="166668" lat="33.7820829" lon="-84.3755744"/>
 <node id="1928936911" visible="true" version="1" changeset="13220307" timestamp="2012-09-23T13:54:02Z" user="Ryan Lash" uid="127401" lat="33.7821138" lon="-84.3762333"/>
 <node id="1928936912" visible="true" version="1" changeset="13220307" timestamp="2012-09-23T13:54:02Z" user="Ryan Lash" uid="127401" lat="33.7821200" lon="-84.3764770"/>
 <node id="1928936914" visible="true" version="1" changeset="13220307" timestamp="2012-09-23T13:54:02Z" user="Ryan Lash" uid="127401" lat="33.7821221" lon="-84.3733269"/>
 <node id="1928936918" visible="true" version="2" changeset="48931937" timestamp="2017-05-24T01:28:56Z" user="taposm" uid="166668" lat="33.7820752" lon="-84.3753601"/>
 <node id="1928936919" visible="true" version="1" changeset="13220307" timestamp="2012-09-23T13:54:02Z" user="Ryan Lash" uid="127401" lat="33.7821593" lon="-84.3776604"/>
 <node id="1928936920" visible="true" version="3" changeset="48931937" timestamp="2017-05-24T01:28:56Z" user="taposm" uid="166668" lat="33.7820653" lon="-84.3745731"/>
 <node id="1928936921" visible="true" version="2" changeset="48931937" timestamp="2017-05-24T01:28:56Z" user="taposm" uid="166668" lat="33.7820279" lon="-84.3751005"/>
 <node id="1928936923" visible="true" version="2" changeset="48931937" timestamp="2017-05-24T01:28:56Z" user="taposm" uid="166668" lat="33.7820309" lon="-84.3748078"/>
 <node id="1928936925" visible="true" version="2" changeset="13220419" timestamp="2012-09-23T14:01:42Z" user="Ryan Lash" uid="127401" lat="33.7822110" lon="-84.3777275"/>
 <node id="1928936928" visible="true" version="1" changeset="13220307" timestamp="2012-09-23T13:54:03Z" user="Ryan Lash" uid="127401" lat="33.7823060" lon="-84.3732921"/>
 <node id="1928936929" visible="true" version="1" changeset="13220307" timestamp="2012-09-23T13:54:03Z" user="Ryan Lash" uid="127401" lat="33.7823143" lon="-84.3777052"/>
 <node id="1928936932" visible="true" version="1" changeset="13220307" timestamp="2012-09-23T13:54:03Z" user="Ryan Lash" uid="127401" lat="33.7823577" lon="-84.3771408"/>
 <node id="1928936933" visible="true" version="1" changeset="13220307" timestamp="2012-09-23T13:54:03Z" user="Ryan Lash" uid="127401" lat="33.7823618" lon="-84.3769941"/>
 <node id="1928936935" visible="true" version="1" changeset="13220307" timestamp="2012-09-23T13:54:03Z" user="Ryan Lash" uid="127401" lat="33.7823804" lon="-84.3776032"/>
 <node id="1928936938" visible="true" version="1" changeset="13220307" timestamp="2012-09-23T13:54:03Z" user="Ryan Lash" uid="127401" lat="33.7823949" lon="-84.3768673"/>
 <node id="1928936939" visible="true" version="1" changeset="13220307" timestamp="2012-09-23T13:54:03Z" user="Ryan Lash" uid="127401" lat="33.7824031" lon="-84.3772750"/>
 <node id="1928936940" visible="true" version="1" changeset="13220307" timestamp="2012-09-23T13:54:03Z" user="Ryan Lash" uid="127401" lat="33.7824093" lon="-84.3774317"/>
 <node id="1928936941" visible="true" version="3" changeset="48931963" timestamp="2017-05-24T01:32:47Z" user="taposm" uid="166668" lat="33.7823813" lon="-84.3764301"/>
 <node id="1928936942" visible="true" version="1" changeset="13220307" timestamp="2012-09-23T13:54:03Z" user="Ryan Lash" uid="127401" lat="33.7824135" lon="-84.3733119"/>
 <node id="1928936943" visible="true" version="3" changeset="48931963" timestamp="2017-05-24T01:32:47Z" user="taposm" uid="166668" lat="33.7825581" lon="-84.3763682"/>
 <node id="1928936948" visible="true" version="1" changeset="13220307" timestamp="2012-09-23T13:54:03Z" user="Ryan Lash" uid="127401" lat="33.7825147" lon="-84.3733468"/>
 <node id="1928936951" visible="true" version="1" changeset="13220307" timestamp="2012-09-23T13:54:03Z" user="Ryan Lash" uid="127401" lat="33.7826284" lon="-84.3734015"/>
 <node id="1928936955" visible="true" version="1" changeset="13220307" timestamp="2012-09-23T13:54:04Z" user="Ryan Lash" uid="127401" lat="33.7827007" lon="-84.3734885"/>
 <node id="1928936956" visible="true" version="3" changeset="48931937" timestamp="2017-05-24T01:28:56Z" user="taposm" uid="166668" lat="33.7827001" lon="-84.3766739"/>
 <node id="1928936961" visible="true" version="1" changeset="13220307" timestamp="2012-09-23T13:54:04Z" user="Ryan Lash" uid="127401" lat="33.7827668" lon="-84.3766833"/>
 <node id="1928936963" visible="true" version="2" changeset="13220419" timestamp="2012-09-23T14:01:42Z" user="Ryan Lash" uid="127401" lat="33.7827958" lon="-84.3735854"/>
 <node id="1928936973" visible="true" version="1" changeset="13220307" timestamp="2012-09-23T13:54:04Z" user="Ryan Lash" uid="127401" lat="33.7828536" lon="-84.3736874"/>
 <node id="1928936983" visible="true" version="1" changeset="13220307" timestamp="2012-09-23T13:54:04Z" user="Ryan Lash" uid="127401" lat="33.7829156" lon="-84.3767380"/>
 <node id="1928936985" visible="true" version="1" changeset="13220307" timestamp="2012-09-23T13:54:04Z" user="Ryan Lash" uid="127401" lat="33.7829218" lon="-84.3738863"/>
 <node id="1928936993" visible="true" version="1" changeset="13220307" timestamp="2012-09-23T13:54:05Z" user="Ryan Lash" uid="127401" lat="33.7830045" lon="-84.3740404"/>
 <node id="1928936999" visible="true" version="1" changeset="13220307" timestamp="2012-09-23T13:54:05Z" user="Ryan Lash" uid="127401" lat="33.7830396" lon="-84.3741548"/>
 <node id="1928937001" visible="true" version="1" changeset="13220307" timestamp="2012-09-23T13:54:05Z" user="Ryan Lash" uid="127401" lat="33.7830437" lon="-84.3744357"/>
 <node id="1928937003" visible="true" version="1" changeset="13220307" timestamp="2012-09-23T13:54:05Z" user="Ryan Lash" uid="127401" lat="33.7830727" lon="-84.3768325"/>
 <node id="1928937009" visible="true" version="2" changeset="13220419" timestamp="2012-09-23T14:01:42Z" user="Ryan Lash" uid="127401" lat="33.7831099" lon="-84.3746645"/>
 <node id="1928937015" visible="true" version="1" changeset="13220307" timestamp="2012-09-23T13:54:05Z" user="Ryan Lash" uid="127401" lat="33.7831553" lon="-84.3770065"/>
 <node id="1928937017" visible="true" version="1" changeset="13220307" timestamp="2012-09-23T13:54:05Z" user="Ryan Lash" uid="127401" lat="33.7832380" lon="-84.3747714"/>
 <node id="1928937019" visible="true" version="1" changeset="13220307" timestamp="2012-09-23T13:54:05Z" user="Ryan Lash" uid="127401" lat="33.7832876" lon="-84.3771159"/>
 <node id="1928937023" visible="true" version="1" changeset="13220307" timestamp="2012-09-23T13:54:05Z" user="Ryan Lash" uid="127401" lat="33.7833351" lon="-84.3747788"/>
 <node id="1928937024" visible="true" version="2" changeset="13220419" timestamp="2012-09-23T14:01:42Z" user="Ryan Lash" uid="127401" lat="33.7834033" lon="-84.3748136"/>
 <node id="1928937026" visible="true" version="1" changeset="13220307" timestamp="2012-09-23T13:54:05Z" user="Ryan Lash" uid="127401" lat="33.7834405" lon="-84.3759374"/>
 <node id="1928937031" visible="true" version="2" changeset="13220419" timestamp="2012-09-23T14:01:42Z" user="Ryan Lash" uid="127401" lat="33.7834446" lon="-84.3749380"/>
 <node id="1928937033" visible="true" version="1" changeset="13220307" timestamp="2012-09-23T13:54:05Z" user="Ryan Lash" uid="127401" lat="33.7834446" lon="-84.3765192"/>
 <node id="1928937035" visible="true" version="1" changeset="13220307" timestamp="2012-09-23T13:54:06Z" user="Ryan Lash" uid="127401" lat="33.7834488" lon="-84.3754551"/>
 <node id="1928937037" visible="true" version="1" changeset="13220307" timestamp="2012-09-23T13:54:06Z" user="Ryan Lash" uid="127401" lat="33.7834612" lon="-84.3769121"/>
 <node id="1928937039" visible="true" version="2" changeset="13220419" timestamp="2012-09-23T14:01:42Z" user="Ryan Lash" uid="127401" lat="33.7834136" lon="-84.3770761"/>
 <node id="1928945130" visible="true" version="1" changeset="13220419" timestamp="2012-09-23T14:01:37Z" user="Ryan Lash" uid="127401" lat="33.7820719" lon="-84.3733620"/>
 <node id="1928945133" visible="true" version="1" changeset="13220419" timestamp="2012-09-23T14:01:37Z" user="Ryan Lash" uid="127401" lat="33.7820884" lon="-84.3774843"/>
 <node id="1928945135" visible="true" version="1" changeset="13220419" timestamp="2012-09-23T14:01:37Z" user="Ryan Lash" uid="127401" lat="33.7822145" lon="-84.3732850"/>
 <node id="1928945149" visible="true" version="1" changeset="13220419" timestamp="2012-09-23T14:01:38Z" user="Ryan Lash" uid="127401" lat="33.7830576" lon="-84.3745555"/>
 <node id="1928945150" visible="true" version="1" changeset="13220419" timestamp="2012-09-23T14:01:38Z" user="Ryan Lash" uid="127401" lat="33.7830969" lon="-84.3769423"/>
 <node id="1928945152" visible="true" version="1" changeset="13220419" timestamp="2012-09-23T14:01:38Z" user="Ryan Lash" uid="127401" lat="33.7831671" lon="-84.3747419"/>
 <node id="1928945153" visible="true" version="1" changeset="13220419" timestamp="2012-09-23T14:01:38Z" user="Ryan Lash" uid="127401" lat="33.7832064" lon="-84.3770889"/>
 <node id="1928945155" visible="true" version="1" changeset="13220419" timestamp="2012-09-23T14:01:38Z" user="Ryan Lash" uid="127401" lat="33.7834606" lon="-84.3770168"/>
 <node id="2186577501" visible="true" version="2" changeset="17096545" timestamp="2013-07-26T03:38:45Z" user="Ryan Lash" uid="127401" lat="33.7818636" lon="-84.3697114"/>
 <node id="2186577508" visible="true" version="1" changeset="15253978" timestamp="2013-03-05T02:27:32Z" user="Ryan Lash" uid="127401" lat="33.7818935" lon="-84.3782268"/>
 <node id="2186577513" visible="true" version="2" changeset="17096545" timestamp="2013-07-26T03:38:45Z" user="Ryan Lash" uid="127401" lat="33.7824437" lon="-84.3696412"/>
 <node id="2186577516" visible="true" version="2" changeset="17096545" timestamp="2013-07-26T03:38:45Z" user="Ryan Lash" uid="127401" lat="33.7824337" lon="-84.3693557"/>
 <node id="2186577519" visible="true" version="2" changeset="17096545" timestamp="2013-07-26T03:38:45Z" user="Ryan Lash" uid="127401" lat="33.7824674" lon="-84.3696360"/>
 <node id="2186577522" visible="true" version="2" changeset="17096545" timestamp="2013-07-26T03:38:45Z" user="Ryan Lash" uid="127401" lat="33.7825499" lon="-84.3692681"/>
 <node id="2186577526" visible="true" version="1" changeset="15253978" timestamp="2013-03-05T02:27:32Z" user="Ryan Lash" uid="127401" lat="33.7825131" lon="-84.3690639"/>
 <node id="2186577533" visible="true" version="1" changeset="15253978" timestamp="2013-03-05T02:27:32Z" user="Ryan Lash" uid="127401" lat="33.7825697" lon="-84.3781357"/>
 <node id="2186577542" visible="true" version="2" changeset="119552423" timestamp="2022-04-10T22:05:06Z" user="KB-01" uid="9509339" lat="33.7831824" lon="-84.3781357"/>
 <node id="2186577548" visible="true" version="2" changeset="15831458" timestamp="2013-04-23T01:12:03Z" user="Ryan Lash" uid="127401" lat="33.7839617" lon="-84.3781145"/>
 <node id="2186577552" visible="true" version="1" changeset="15253978" timestamp="2013-03-05T02:27:32Z" user="Ryan Lash" uid="127401" lat="33.7841965" lon="-84.3701851"/>
 <node id="2186577555" visible="true" version="2" changeset="15831458" timestamp="2013-04-23T01:12:02Z" user="Ryan Lash" uid="127401" lat="33.7840883" lon="-84.3788985"/>
 <node id="2186577557" visible="true" version="2" changeset="15831458" timestamp="2013-04-23T01:12:02Z" user="Ryan Lash" uid="127401" lat="33.7840681" lon="-84.3782409"/>
 <node id="2186577560" visible="true" version="2" changeset="15831458" timestamp="2013-04-23T01:12:02Z" user="Ryan Lash" uid="127401" lat="33.7840816" lon="-84.3785891"/>
 <node id="2186577562" visible="true" version="2" changeset="15831458" timestamp="2013-04-23T01:12:02Z" user="Ryan Lash" uid="127401" lat="33.7840717" lon="-84.3784010"/>
 <node id="2186577564" visible="true" version="2" changeset="15831458" timestamp="2013-04-23T01:12:02Z" user="Ryan Lash" uid="127401" lat="33.7842441" lon="-84.3787963"/>
 <node id="2186577566" visible="true" version="1" changeset="15253978" timestamp="2013-03-05T02:27:33Z" user="Ryan Lash" uid="127401" lat="33.7849618" lon="-84.3705356"/>
 <node id="2186577569" visible="true" version="1" changeset="15253978" timestamp="2013-03-05T02:27:33Z" user="Ryan Lash" uid="127401" lat="33.7852730" lon="-84.3706436"/>
 <node id="2186577572" visible="true" version="1" changeset="15253978" timestamp="2013-03-05T02:27:33Z" user="Ryan Lash" uid="127401" lat="33.7853813" lon="-84.3784256"/>
 <node id="2186577588" visible="true" version="1" changeset="15253978" timestamp="2013-03-05T02:27:33Z" user="Ryan Lash" uid="127401" lat="33.7855816" lon="-84.3707354"/>
 <node id="2186577591" visible="true" version="1" changeset="15253978" timestamp="2013-03-05T02:27:33Z" user="Ryan Lash" uid="127401" lat="33.7855915" lon="-84.3783619"/>
 <node id="2186577594" visible="true" version="1" changeset="15253978" timestamp="2013-03-05T02:27:33Z" user="Ryan Lash" uid="127401" lat="33.7860107" lon="-84.3782349"/>
 <node id="2186577597" visible="true" version="1" changeset="15253978" timestamp="2013-03-05T02:27:33Z" user="Ryan Lash" uid="127401" lat="33.7860676" lon="-84.3708088"/>
 <node id="2186577599" visible="true" version="1" changeset="15253978" timestamp="2013-03-05T02:27:33Z" user="Ryan Lash" uid="127401" lat="33.7862458" lon="-84.3782050"/>
 <node id="2186577601" visible="true" version="1" changeset="15253978" timestamp="2013-03-05T02:27:33Z" user="Ryan Lash" uid="127401" lat="33.7862690" lon="-84.3782021"/>
 <node id="2186577603" visible="true" version="1" changeset="15253978" timestamp="2013-03-05T02:27:33Z" user="Ryan Lash" uid="127401" lat="33.7863567" lon="-84.3708260"/>
 <node id="2186577607" visible="true" version="1" changeset="15253978" timestamp="2013-03-05T02:27:33Z" user="Ryan Lash" uid="127401" lat="33.7864914" lon="-84.3781738"/>
 <node id="2186577609" visible="true" version="1" changeset="15253978" timestamp="2013-03-05T02:27:33Z" user="Ryan Lash" uid="127401" lat="33.7866554" lon="-84.3708134"/>
 <node id="2186577611" visible="true" version="1" changeset="15253978" timestamp="2013-03-05T02:27:33Z" user="Ryan Lash" uid="127401" lat="33.7869368" lon="-84.3707766"/>
 <node id="2186577613" visible="true" version="2" changeset="16593933" timestamp="2013-06-17T18:58:57Z" user="Ryan Lash" uid="127401" lat="33.7872804" lon="-84.3771149"/>
 <node id="2186577615" visible="true" version="2" changeset="16593933" timestamp="2013-06-17T18:58:57Z" user="Ryan Lash" uid="127401" lat="33.7872897" lon="-84.3773808"/>
 <node id="2186577618" visible="true" version="2" changeset="16593933" timestamp="2013-06-17T18:58:57Z" user="Ryan Lash" uid="127401" lat="33.7873636" lon="-84.3769267"/>
 <node id="2186577620" visible="true" version="1" changeset="15253978" timestamp="2013-03-05T02:27:33Z" user="Ryan Lash" uid="127401" lat="33.7873762" lon="-84.3777552"/>
 <node id="2186577622" visible="true" version="2" changeset="16593933" timestamp="2013-06-17T19:44:48Z" user="Ryan Lash" uid="127401" lat="33.7874627" lon="-84.3780599"/>
 <node id="2186577624" visible="true" version="1" changeset="15253978" timestamp="2013-03-05T02:27:33Z" user="Ryan Lash" uid="127401" lat="33.7875910" lon="-84.3707175"/>
 <node id="2186577625" visible="true" version="2" changeset="16593933" timestamp="2013-06-17T18:58:57Z" user="Ryan Lash" uid="127401" lat="33.7876241" lon="-84.3766957"/>
 <node id="2186577626" visible="true" version="3" changeset="16593933" timestamp="2013-06-17T19:14:30Z" user="Ryan Lash" uid="127401" lat="33.7877345" lon="-84.3765517"/>
 <node id="2186577627" visible="true" version="2" changeset="16593933" timestamp="2013-06-17T18:58:57Z" user="Ryan Lash" uid="127401" lat="33.7879541" lon="-84.3762315"/>
 <node id="2186577628" visible="true" version="2" changeset="16593933" timestamp="2013-06-17T18:58:57Z" user="Ryan Lash" uid="127401" lat="33.7880469" lon="-84.3759505"/>
 <node id="2186577645" visible="true" version="1" changeset="15253978" timestamp="2013-03-05T02:27:33Z" user="Ryan Lash" uid="127401" lat="33.7896847" lon="-84.3704307"/>
 <node id="2186577654" visible="true" version="1" changeset="15253978" timestamp="2013-03-05T02:27:33Z" user="Ryan Lash" uid="127401" lat="33.7899594" lon="-84.3704034"/>
 <node id="2186577658" visible="true" version="1" changeset="15253978" timestamp="2013-03-05T02:27:33Z" user="Ryan Lash" uid="127401" lat="33.7900317" lon="-84.3703943"/>
 <node id="2186577669" visible="true" version="1" changeset="15253978" timestamp="2013-03-05T02:27:34Z" user="Ryan Lash" uid="127401" lat="33.7912567" lon="-84.3701170"/>
 <node id="2186577671" visible="true" version="2" changeset="16611365" timestamp="2013-06-19T00:43:02Z" user="Ryan Lash" uid="127401" lat="33.7915604" lon="-84.3699520"/>
 <node id="2186577682" visible="true" version="2" changeset="16611365" timestamp="2013-06-19T00:43:01Z" user="Ryan Lash" uid="127401" lat="33.7924030" lon="-84.3699509"/>
 <node id="2186577691" visible="true" version="2" changeset="16611365" timestamp="2013-06-19T00:43:02Z" user="Ryan Lash" uid="127401" lat="33.7929694" lon="-84.3699826"/>
 <node id="2186577694" visible="true" version="1" changeset="15253978" timestamp="2013-03-05T02:27:34Z" user="Ryan Lash" uid="127401" lat="33.7930901" lon="-84.3723245"/>
 <node id="2186577696" visible="true" version="1" changeset="15253978" timestamp="2013-03-05T02:27:34Z" user="Ryan Lash" uid="127401" lat="33.7930925" lon="-84.3724806"/>
 <node id="2186577698" visible="true" version="1" changeset="15253978" timestamp="2013-03-05T02:27:34Z" user="Ryan Lash" uid="127401" lat="33.7931092" lon="-84.3721306"/>
 <node id="2186577700" visible="true" version="1" changeset="15253978" timestamp="2013-03-05T02:27:34Z" user="Ryan Lash" uid="127401" lat="33.7931398" lon="-84.3725795"/>
 <node id="2186577704" visible="true" version="1" changeset="15253978" timestamp="2013-03-05T02:27:34Z" user="Ryan Lash" uid="127401" lat="33.7931516" lon="-84.3718932"/>
 <node id="2186577706" visible="true" version="1" changeset="15253978" timestamp="2013-03-05T02:27:34Z" user="Ryan Lash" uid="127401" lat="33.7932763" lon="-84.3715547"/>
 <node id="2186577708" visible="true" version="2" changeset="16611365" timestamp="2013-06-19T00:43:02Z" user="Ryan Lash" uid="127401" lat="33.7933764" lon="-84.3699981"/>
 <node id="2186577710" visible="true" version="1" changeset="15253978" timestamp="2013-03-05T02:27:34Z" user="Ryan Lash" uid="127401" lat="33.7934391" lon="-84.3711516"/>
 <node id="2186577712" visible="true" version="1" changeset="15253978" timestamp="2013-03-05T02:27:34Z" user="Ryan Lash" uid="127401" lat="33.7936219" lon="-84.3707023"/>
 <node id="2186577714" visible="true" version="1" changeset="15253978" timestamp="2013-03-05T02:27:34Z" user="Ryan Lash" uid="127401" lat="33.7937622" lon="-84.3704134"/>
 <node id="2186577716" visible="true" version="2" changeset="16611365" timestamp="2013-06-19T00:27:03Z" user="Ryan Lash" uid="127401" lat="33.7938793" lon="-84.3702511"/>
 <node id="2259573017" visible="true" version="2" changeset="185611771" timestamp="2026-07-12T21:41:04Z" user="Cerras" uid="24292237" lat="33.7822252" lon="-84.3780372">
  <tag k="amenity" v="bench"/>
  <tag k="backrest" v="yes"/>
  <tag k="source" v="bing_imagery"/>
 </node>
 <node id="2277875797" visible="true" version="2" changeset="173028485" timestamp="2025-10-09T02:05:53Z" user="shinterro" uid="8562391" lat="33.7821486" lon="-84.3802417"/>
 <node id="2277875798" visible="true" version="2" changeset="173109431" timestamp="2025-10-10T19:02:51Z" user="shinterro" uid="8562391" lat="33.7826879" lon="-84.3799610"/>
 <node id="2277875799" visible="true" version="3" changeset="173231595" timestamp="2025-10-13T14:43:36Z" user="shinterro" uid="8562391" lat="33.7822791" lon="-84.3800795"/>
 <node id="2277875800" visible="true" version="2" changeset="173109431" timestamp="2025-10-10T19:02:51Z" user="shinterro" uid="8562391" lat="33.7829155" lon="-84.3796556"/>
 <node id="2277875802" visible="true" version="2" changeset="173109431" timestamp="2025-10-10T19:02:51Z" user="shinterro" uid="8562391" lat="33.7819185" lon="-84.3783115"/>
 <node id="2277875803" visible="true" version="3" changeset="175203128" timestamp="2025-11-27T15:32:05Z" user="shinterro" uid="8562391" lat="33.7826462" lon="-84.3791440"/>
 <node id="2277875804" visible="true" version="2" changeset="173109431" timestamp="2025-10-10T19:02:51Z" user="shinterro" uid="8562391" lat="33.7826492" lon="-84.3783699"/>
 <node id="2277875807" visible="true" version="2" changeset="173109431" timestamp="2025-10-10T19:02:51Z" user="shinterro" uid="8562391" lat="33.7826569" lon="-84.3798863"/>
 <node id="2277875808" visible="true" version="2" changeset="173109431" timestamp="2025-10-10T19:02:51Z" user="shinterro" uid="8562391" lat="33.7824878" lon="-84.3793146"/>
 <node id="2277875809" visible="true" version="2" changeset="173109431" timestamp="2025-10-10T19:02:51Z" user="shinterro" uid="8562391" lat="33.7828955" lon="-84.3796607"/>
 <node id="2277875810" visible="true" version="2" changeset="173109431" timestamp="2025-10-10T19:02:51Z" user="shinterro" uid="8562391" lat="33.7821105" lon="-84.3796573"/>
 <node id="2277875811" visible="true" version="2" changeset="173028485" timestamp="2025-10-09T02:05:53Z" user="shinterro" uid="8562391" lat="33.7818939" lon="-84.3802095"/>
 <node id="2277875812" visible="true" version="2" changeset="173109431" timestamp="2025-10-10T19:02:51Z" user="shinterro" uid="8562391" lat="33.7821191" lon="-84.3800114"/>
 <node id="2277875813" visible="true" version="2" changeset="173109431" timestamp="2025-10-10T19:02:51Z" user="shinterro" uid="8562391" lat="33.7829200" lon="-84.3797606"/>
 <node id="2277875814" visible="true" version="3" changeset="173231595" timestamp="2025-10-13T14:43:36Z" user="shinterro" uid="8562391" lat="33.7825112" lon="-84.3795925"/>
 <node id="2277875815" visible="true" version="2" changeset="173028485" timestamp="2025-10-09T02:05:53Z" user="shinterro" uid="8562391" lat="33.7817000" lon="-84.3801771"/>
 <node id="2277875816" visible="true" version="2" changeset="173109431" timestamp="2025-10-10T19:02:51Z" user="shinterro" uid="8562391" lat="33.7827110" lon="-84.3799378"/>
 <node id="2277875817" visible="true" version="2" changeset="173109431" timestamp="2025-10-10T19:02:51Z" user="shinterro" uid="8562391" lat="33.7828270" lon="-84.3782333"/>
 <node id="2277875818" visible="true" version="2" changeset="173109431" timestamp="2025-10-10T19:02:51Z" user="shinterro" uid="8562391" lat="33.7826606" lon="-84.3786512"/>
 <node id="2277875819" visible="true" version="2" changeset="173109431" timestamp="2025-10-10T19:02:51Z" user="shinterro" uid="8562391" lat="33.7824595" lon="-84.3789908"/>
 <node id="2277875820" visible="true" version="3" changeset="175203128" timestamp="2025-11-27T15:32:05Z" user="shinterro" uid="8562391" lat="33.7828429" lon="-84.3791442"/>
 <node id="2277875821" visible="true" version="2" changeset="173231595" timestamp="2025-10-13T14:43:36Z" user="shinterro" uid="8562391" lat="33.7831614" lon="-84.3782705"/>
 <node id="2277875822" visible="true" version="2" changeset="173028485" timestamp="2025-10-09T02:05:53Z" user="shinterro" uid="8562391" lat="33.7818967" lon="-84.3803168"/>
 <node id="2277875824" visible="true" version="2" changeset="173109431" timestamp="2025-10-10T19:02:51Z" user="shinterro" uid="8562391" lat="33.7828223" lon="-84.3786358"/>
 <node id="2277875825" visible="true" version="3" changeset="173231595" timestamp="2025-10-13T14:43:36Z" user="shinterro" uid="8562391" lat="33.7824321" lon="-84.3797012"/>
 <node id="2277875826" visible="true" version="2" changeset="173231595" timestamp="2025-10-13T14:43:36Z" user="shinterro" uid="8562391" lat="33.7831738" lon="-84.3789562"/>
 <node id="2277875827" visible="true" version="3" changeset="173231595" timestamp="2025-10-13T14:43:36Z" user="shinterro" uid="8562391" lat="33.7823618" lon="-84.3800748"/>
 <node id="2277875829" visible="true" version="2" changeset="173109431" timestamp="2025-10-10T19:02:51Z" user="shinterro" uid="8562391" lat="33.7831513" lon="-84.3792592"/>
 <node id="2277875830" visible="true" version="2" changeset="173109431" timestamp="2025-10-10T19:02:51Z" user="shinterro" uid="8562391" lat="33.7819235" lon="-84.3794917"/>
 <node id="2277875831" visible="true" version="2" changeset="173109431" timestamp="2025-10-10T19:02:51Z" user="shinterro" uid="8562391" lat="33.7829707" lon="-84.3792889"/>
 <node id="2277875832" visible="true" version="2" changeset="173028485" timestamp="2025-10-09T02:05:53Z" user="shinterro" uid="8562391" lat="33.7816969" lon="-84.3798673"/>
 <node id="2277875833" visible="true" version="2" changeset="173028485" timestamp="2025-10-09T02:05:53Z" user="shinterro" uid="8562391" lat="33.7815829" lon="-84.3804161"/>
 <node id="2277875834" visible="true" version="2" changeset="173109431" timestamp="2025-10-10T19:02:51Z" user="shinterro" uid="8562391" lat="33.7824593" lon="-84.3789051"/>
 <node id="2277875835" visible="true" version="3" changeset="175203128" timestamp="2025-11-27T15:32:05Z" user="shinterro" uid="8562391" lat="33.7828457" lon="-84.3789581"/>
 <node id="2277875836" visible="true" version="3" changeset="173109431" timestamp="2025-10-10T19:02:51Z" user="shinterro" uid="8562391" lat="33.7813759" lon="-84.3799346"/>
 <node id="2277875837" visible="true" version="2" changeset="173109431" timestamp="2025-10-10T19:02:51Z" user="shinterro" uid="8562391" lat="33.7826458" lon="-84.3784882"/>
 <node id="2277875838" visible="true" version="2" changeset="173231595" timestamp="2025-10-13T14:43:36Z" user="shinterro" uid="8562391" lat="33.7829299" lon="-84.3782758"/>
 <node id="2277875839" visible="true" version="3" changeset="173231595" timestamp="2025-10-13T14:43:36Z" user="shinterro" uid="8562391" lat="33.7822606" lon="-84.3796067"/>
 <node id="2277875840" visible="true" version="2" changeset="173109431" timestamp="2025-10-10T19:02:51Z" user="shinterro" uid="8562391" lat="33.7826599" lon="-84.3784882"/>
 <node id="2277875841" visible="true" version="2" changeset="173109431" timestamp="2025-10-10T19:02:51Z" user="shinterro" uid="8562391" lat="33.7826468" lon="-84.3787632"/>
 <node id="2277875842" visible="true" version="2" changeset="173109431" timestamp="2025-10-10T19:02:51Z" user="shinterro" uid="8562391" lat="33.7826607" lon="-84.3787631"/>
 <node id="2277875843" visible="true" version="2" changeset="173109431" timestamp="2025-10-10T19:02:51Z" user="shinterro" uid="8562391" lat="33.7828098" lon="-84.3785007"/>
 <node id="2277875844" visible="true" version="2" changeset="173109431" timestamp="2025-10-10T19:02:51Z" user="shinterro" uid="8562391" lat="33.7822021" lon="-84.3794221"/>
 <node id="2277875845" visible="true" version="2" changeset="173109431" timestamp="2025-10-10T19:02:51Z" user="shinterro" uid="8562391" lat="33.7828204" lon="-84.3785006"/>
 <node id="2277875847" visible="true" version="2" changeset="173109431" timestamp="2025-10-10T19:02:51Z" user="shinterro" uid="8562391" lat="33.7827962" lon="-84.3786042"/>
 <node id="2277875848" visible="true" version="2" changeset="173028485" timestamp="2025-10-09T02:05:53Z" user="shinterro" uid="8562391" lat="33.7821447" lon="-84.3801250"/>
 <node id="2277875849" visible="true" version="2" changeset="173109431" timestamp="2025-10-10T19:02:51Z" user="shinterro" uid="8562391" lat="33.7828726" lon="-84.3798159"/>
 <node id="2277875850" visible="true" version="2" changeset="173109431" timestamp="2025-10-10T19:02:51Z" user="shinterro" uid="8562391" lat="33.7826427" lon="-84.3785940"/>
 <node id="2277875851" visible="true" version="2" changeset="173109431" timestamp="2025-10-10T19:02:51Z" user="shinterro" uid="8562391" lat="33.7828272" lon="-84.3783652"/>
 <node id="2277875852" visible="true" version="2" changeset="173109431" timestamp="2025-10-10T19:02:51Z" user="shinterro" uid="8562391" lat="33.7827961" lon="-84.3785274"/>
 <node id="2277875853" visible="true" version="3" changeset="173231595" timestamp="2025-10-13T14:43:36Z" user="shinterro" uid="8562391" lat="33.7825262" lon="-84.3799745"/>
 <node id="2277875854" visible="true" version="3" changeset="173231595" timestamp="2025-10-13T14:43:36Z" user="shinterro" uid="8562391" lat="33.7824430" lon="-84.3799792"/>
 <node id="2277875855" visible="true" version="2" changeset="173109431" timestamp="2025-10-10T19:02:51Z" user="shinterro" uid="8562391" lat="33.7826428" lon="-84.3786513"/>
 <node id="2277875857" visible="true" version="2" changeset="173109431" timestamp="2025-10-10T19:02:51Z" user="shinterro" uid="8562391" lat="33.7826716" lon="-84.3785339"/>
 <node id="2277875858" visible="true" version="1" changeset="15831458" timestamp="2013-04-23T01:32:31Z" user="Ryan Lash" uid="127401" lat="33.7815767" lon="-84.3800926"/>
 <node id="2277875859" visible="true" version="2" changeset="173109431" timestamp="2025-10-10T19:02:51Z" user="shinterro" uid="8562391" lat="33.7822072" lon="-84.3796476"/>
 <node id="2277875860" visible="true" version="2" changeset="173109431" timestamp="2025-10-10T19:02:51Z" user="shinterro" uid="8562391" lat="33.7828754" lon="-84.3795078"/>
 <node id="2277875861" visible="true" version="2" changeset="173109431" timestamp="2025-10-10T19:02:51Z" user="shinterro" uid="8562391" lat="33.7820471" lon="-84.3789468"/>
 <node id="2277875862" visible="true" version="2" changeset="173028485" timestamp="2025-10-09T02:05:53Z" user="shinterro" uid="8562391" lat="33.7816989" lon="-84.3800658"/>
 <node id="2277875863" visible="true" version="2" changeset="173109431" timestamp="2025-10-10T19:02:51Z" user="shinterro" uid="8562391" lat="33.7826598" lon="-84.3783698"/>
 <node id="2277875864" visible="true" version="2" changeset="173109431" timestamp="2025-10-10T19:02:51Z" user="shinterro" uid="8562391" lat="33.7828204" lon="-84.3785273"/>
 <node id="2277875865" visible="true" version="2" changeset="173109431" timestamp="2025-10-10T19:02:51Z" user="shinterro" uid="8562391" lat="33.7827005" lon="-84.3799544"/>
 <node id="2277875866" visible="true" version="2" changeset="173109431" timestamp="2025-10-10T19:02:51Z" user="shinterro" uid="8562391" lat="33.7829582" lon="-84.3797421"/>
 <node id="2277875867" visible="true" version="2" changeset="173109431" timestamp="2025-10-10T19:02:51Z" user="shinterro" uid="8562391" lat="33.7828094" lon="-84.3787710"/>
 <node id="2277875868" visible="true" version="2" changeset="173109431" timestamp="2025-10-10T19:02:51Z" user="shinterro" uid="8562391" lat="33.7826469" lon="-84.3788682"/>
 <node id="2277875869" visible="true" version="2" changeset="173109431" timestamp="2025-10-10T19:02:51Z" user="shinterro" uid="8562391" lat="33.7828097" lon="-84.3783653"/>
 <node id="2277875870" visible="true" version="2" changeset="173231595" timestamp="2025-10-13T14:43:36Z" user="shinterro" uid="8562391" lat="33.7829345" lon="-84.3789617"/>
 <node id="2277875871" visible="true" version="2" changeset="173109431" timestamp="2025-10-10T19:02:51Z" user="shinterro" uid="8562391" lat="33.7826717" lon="-84.3785939"/>
 <node id="2277875872" visible="true" version="3" changeset="173109431" timestamp="2025-10-10T19:02:51Z" user="shinterro" uid="8562391" lat="33.7816978" lon="-84.3799647"/>
 <node id="2277875874" visible="true" version="2" changeset="173109431" timestamp="2025-10-10T19:02:51Z" user="shinterro" uid="8562391" lat="33.7828269" lon="-84.3788677"/>
 <node id="2277875875" visible="true" version="2" changeset="173109431" timestamp="2025-10-10T19:02:51Z" user="shinterro" uid="8562391" lat="33.7831649" lon="-84.3795235"/>
 <node id="2277875876" visible="true" version="2" changeset="173109431" timestamp="2025-10-10T19:02:51Z" user="shinterro" uid="8562391" lat="33.7820227" lon="-84.3793169"/>
 <node id="2277875877" visible="true" version="2" changeset="173109431" timestamp="2025-10-10T19:02:51Z" user="shinterro" uid="8562391" lat="33.7826536" lon="-84.3794451"/>
 <node id="2277875878" visible="true" version="3" changeset="173231595" timestamp="2025-10-13T14:43:36Z" user="shinterro" uid="8562391" lat="33.7823473" lon="-84.3797060"/>
 <node id="2277875879" visible="true" version="1" changeset="15831458" timestamp="2013-04-23T01:32:32Z" user="Ryan Lash" uid="127401" lat="33.7815789" lon="-84.3802080"/>
 <node id="2277875880" visible="true" version="2" changeset="173109431" timestamp="2025-10-10T19:02:51Z" user="shinterro" uid="8562391" lat="33.7826490" lon="-84.3782336"/>
 <node id="2277875881" visible="true" version="2" changeset="173109431" timestamp="2025-10-10T19:02:51Z" user="shinterro" uid="8562391" lat="33.7820210" lon="-84.3789470"/>
 <node id="2277875882" visible="true" version="3" changeset="175203128" timestamp="2025-11-27T15:32:05Z" user="shinterro" uid="8562391" lat="33.7826454" lon="-84.3789576"/>
 <node id="2277875883" visible="true" version="2" changeset="173109431" timestamp="2025-10-10T19:02:51Z" user="shinterro" uid="8562391" lat="33.7824869" lon="-84.3790243"/>
 <node id="2277875884" visible="true" version="2" changeset="173109431" timestamp="2025-10-10T19:02:51Z" user="shinterro" uid="8562391" lat="33.7828092" lon="-84.3786358"/>
 <node id="2277875885" visible="true" version="2" changeset="173109431" timestamp="2025-10-10T19:02:51Z" user="shinterro" uid="8562391" lat="33.7819155" lon="-84.3793176"/>
 <node id="2277875886" visible="true" version="2" changeset="173109431" timestamp="2025-10-10T19:02:51Z" user="shinterro" uid="8562391" lat="33.7828222" lon="-84.3786040"/>
 <node id="2277875887" visible="true" version="2" changeset="173109431" timestamp="2025-10-10T19:02:51Z" user="shinterro" uid="8562391" lat="33.7827712" lon="-84.3794022"/>
 <node id="2277875888" visible="true" version="2" changeset="173109431" timestamp="2025-10-10T19:02:51Z" user="shinterro" uid="8562391" lat="33.7820470" lon="-84.3789172"/>
 <node id="2277875889" visible="true" version="2" changeset="173109431" timestamp="2025-10-10T19:02:51Z" user="shinterro" uid="8562391" lat="33.7828268" lon="-84.3787710"/>
 <node id="2277875890" visible="true" version="2" changeset="173109431" timestamp="2025-10-10T19:02:51Z" user="shinterro" uid="8562391" lat="33.7819094" lon="-84.3800208"/>
 <node id="2277875891" visible="true" version="2" changeset="173109431" timestamp="2025-10-10T19:02:51Z" user="shinterro" uid="8562391" lat="33.7824881" lon="-84.3783079"/>
 <node id="2277875894" visible="true" version="2" changeset="173109431" timestamp="2025-10-10T19:02:51Z" user="shinterro" uid="8562391" lat="33.7829752" lon="-84.3794109"/>
 <node id="2277875895" visible="true" version="2" changeset="173109431" timestamp="2025-10-10T19:02:51Z" user="shinterro" uid="8562391" lat="33.7826458" lon="-84.3785339"/>
 <node id="2277881897" visible="true" version="11" changeset="179154578" timestamp="2026-02-28T00:45:43Z" user="shinterro" uid="8562391" lat="33.7819402" lon="-84.3799720">
  <tag k="addr:city" v="Atlanta"/>
  <tag k="addr:floor" v="G;1"/>
  <tag k="addr:housenumber" v="230"/>
  <tag k="addr:postcode" v="30309"/>
  <tag k="addr:state" v="GA"/>
  <tag k="addr:street" v="10th Street Northeast"/>
  <tag k="amenity" v="restaurant"/>
  <tag k="brand" v="Jason's Deli"/>
  <tag k="brand:wikidata" v="Q16997641"/>
  <tag k="check_date" v="2026-02-27"/>
  <tag k="cuisine" v="sandwich"/>
  <tag k="level" v="0;1"/>
  <tag k="name" v="Jason's Deli"/>
  <tag k="opening_hours" v="06:00-21:00"/>
  <tag k="payment:cash" v="yes"/>
  <tag k="payment:credit_cards" v="yes"/>
  <tag k="payment:debit_cards" v="yes"/>
  <tag k="phone" v="+1-404-853-3760"/>
  <tag k="source" v="local_knowledge"/>
  <tag k="website" v="https://www.jasonsdeli.com/locations/ga/atlanta/230-10th-st-ne/"/>
  <tag k="wheelchair" v="yes"/>
 </node>
 <node id="2277881898" visible="true" version="4" changeset="174389334" timestamp="2025-11-08T18:30:00Z" user="confusedbuffalo" uid="242345" lat="33.7819212" lon="-84.3802778">
  <tag k="addr:floor" v="G;1"/>
  <tag k="addr:housenumber" v="1001"/>
  <tag k="addr:street" v="Piedmont Avenue Northeast"/>
  <tag k="amenity" v="restaurant"/>
  <tag k="check_date" v="2025-10-06"/>
  <tag k="cuisine" v="american;breakfast"/>
  <tag k="email" v="midtown@flyingbiscuit.com"/>
  <tag k="level" v="0;1"/>
  <tag k="name" v="Flying Biscuit"/>
  <tag k="opening_hours" v="Mo-Th 08:00-16:00; Fr-Su 08:00-20:00"/>
  <tag k="payment:cash" v="yes"/>
  <tag k="payment:credit_cards" v="yes"/>
  <tag k="payment:debit_cards" v="yes"/>
  <tag k="phone" v="+1-404-874-8887"/>
  <tag k="source" v="local_knowledge"/>
  <tag k="website" v="https://www.flyingbiscuit.com/locations-2/midtown/"/>
  <tag k="wheelchair" v="yes"/>
 </node>
 <node id="2277885147" visible="true" version="2" changeset="173028485" timestamp="2025-10-09T02:05:53Z" user="shinterro" uid="8562391" lat="33.7820316" lon="-84.3804982"/>
 <node id="2277885148" visible="true" version="2" changeset="173028485" timestamp="2025-10-09T02:05:53Z" user="shinterro" uid="8562391" lat="33.7818758" lon="-84.3805451"/>
 <node id="2277885150" visible="true" version="1" changeset="15831458" timestamp="2013-04-23T02:18:52Z" user="Ryan Lash" uid="127401" lat="33.7820923" lon="-84.3809957"/>
 <node id="2277885151" visible="true" version="10" changeset="174389334" timestamp="2025-11-08T18:30:00Z" user="confusedbuffalo" uid="242345" lat="33.7820764" lon="-84.3806365">
  <tag k="addr:floor" v="G;1"/>
  <tag k="addr:housenumber" v="1000"/>
  <tag k="addr:street" v="Piedmont Avenue Northeast"/>
  <tag k="amenity" v="cafe"/>
  <tag k="brand" v="Caribou Coffee"/>
  <tag k="brand:wikidata" v="Q5039494"/>
  <tag k="check_date" v="2025-10-08"/>
  <tag k="cuisine" v="coffee_shop"/>
  <tag k="level" v="0;1"/>
  <tag k="name" v="Caribou Coffee"/>
  <tag k="opening_hours" v="06:00-18:00"/>
  <tag k="payment:cash" v="yes"/>
  <tag k="payment:credit_cards" v="yes"/>
  <tag k="payment:debit_cards" v="yes"/>
  <tag k="phone" v="+1-404-870-0711"/>
  <tag k="source" v="local_knowledge"/>
  <tag k="takeaway" v="yes"/>
  <tag k="website" v="https://locations.cariboucoffee.com/us/ga/atlanta/1000-piedmont-avenue-ne"/>
  <tag k="wheelchair" v="yes"/>
 </node>
 <node id="2277885152" visible="true" version="2" changeset="173028485" timestamp="2025-10-09T02:05:53Z" user="shinterro" uid="8562391" lat="33.7821039" lon="-84.3805825"/>
 <node id="2277885153" visible="true" version="1" changeset="15831458" timestamp="2013-04-23T02:18:52Z" user="Ryan Lash" uid="127401" lat="33.7815679" lon="-84.3800460"/>
 <node id="2277885154" visible="true" version="1" changeset="15831458" timestamp="2013-04-23T02:18:52Z" user="Ryan Lash" uid="127401" lat="33.7819496" lon="-84.3804149"/>
 <node id="2277885155" visible="true" version="2" changeset="173028485" timestamp="2025-10-09T02:05:53Z" user="shinterro" uid="8562391" lat="33.7820569" lon="-84.3806112"/>
 <node id="2277885156" visible="true" version="5" changeset="174716548" timestamp="2025-11-16T08:37:54Z" user="Lumikeiju" uid="20996589" lat="33.7816659" lon="-84.3799211">
  <tag k="addr:city" v="Atlanta"/>
  <tag k="addr:floor" v="G;1"/>
  <tag k="addr:housenumber" v="227"/>
  <tag k="addr:postcode" v="30309"/>
  <tag k="addr:state" v="GA"/>
  <tag k="addr:street" v="10th Street Northeast"/>
  <tag k="amenity" v="bar"/>
  <tag k="brewery" v="yes"/>
  <tag k="check_date" v="2025-10-06"/>
  <tag k="contact:email" v="alan@lukem31.sg-host.com"/>
  <tag k="contact:phone" v="+1-404-892-5786"/>
  <tag k="contact:website" v="https://blakesontheparkatl.com/"/>
  <tag k="level" v="0;1"/>
  <tag k="lgbtq" v="primary"/>
  <tag k="lgbtq:men" v="primary"/>
  <tag k="min_age" v="21"/>
  <tag k="name" v="Blake's on the Park"/>
  <tag k="opening_hours" v="Mo-Fr 17:00-27:00; Sa 14:00-27:00; Su 14:00-24:30"/>
  <tag k="payment:cash" v="yes"/>
  <tag k="payment:credit_cards" v="yes"/>
  <tag k="payment:debit_cards" v="yes"/>
  <tag k="wheelchair" v="yes"/>
 </node>
 <node id="2277885158" visible="true" version="2" changeset="173109431" timestamp="2025-10-10T19:02:51Z" user="shinterro" uid="8562391" lat="33.7814076" lon="-84.3804666"/>
 <node id="2277885159" visible="true" version="2" changeset="173109431" timestamp="2025-10-10T19:02:51Z" user="shinterro" uid="8562391" lat="33.7815193" lon="-84.3804314"/>
 <node id="2277885161" visible="true" version="2" changeset="173028485" timestamp="2025-10-09T02:05:53Z" user="shinterro" uid="8562391" lat="33.7820384" lon="-84.3807980"/>
 <node id="2277885162" visible="true" version="1" changeset="15831458" timestamp="2013-04-23T02:18:53Z" user="Ryan Lash" uid="127401" lat="33.7820811" lon="-84.3811179"/>
 <node id="2277885165" visible="true" version="2" changeset="173028485" timestamp="2025-10-09T02:05:53Z" user="shinterro" uid="8562391" lat="33.7822142" lon="-84.3804385"/>
 <node id="2277885167" visible="true" version="2" changeset="173109431" timestamp="2025-10-10T19:02:51Z" user="shinterro" uid="8562391" lat="33.7813316" lon="-84.3800670"/>
 <node id="2277885168" visible="true" version="1" changeset="15831458" timestamp="2013-04-23T02:18:53Z" user="Ryan Lash" uid="127401" lat="33.7815711" lon="-84.3804145"/>
 <node id="2277885169" visible="true" version="2" changeset="173028485" timestamp="2025-10-09T02:05:53Z" user="shinterro" uid="8562391" lat="33.7822175" lon="-84.3805441"/>
 <node id="2277885170" visible="true" version="2" changeset="173028485" timestamp="2025-10-09T02:05:53Z" user="shinterro" uid="8562391" lat="33.7820635" lon="-84.3808942"/>
 <node id="2277885172" visible="true" version="3" changeset="173109431" timestamp="2025-10-10T19:02:51Z" user="shinterro" uid="8562391" lat="33.7817868" lon="-84.3807805"/>
 <node id="2277885173" visible="true" version="1" changeset="15831458" timestamp="2013-04-23T02:18:53Z" user="Ryan Lash" uid="127401" lat="33.7818661" lon="-84.3809658"/>
 <node id="2277885174" visible="true" version="4" changeset="180882020" timestamp="2026-04-05T07:10:53Z" user="confusedbuffalo-bot" uid="23492813" lat="33.7819062" lon="-84.3810310">
  <tag k="addr:floor" v="G;1"/>
  <tag k="addr:housenumber" v="190"/>
  <tag k="addr:street" v="10th Street Northeast"/>
  <tag k="amenity" v="clinic"/>
  <tag k="beauty" v="aesthetic"/>
  <tag k="branch" v="Midtown"/>
  <tag k="check_date" v="2026-04-03"/>
  <tag k="level" v="0;1"/>
  <tag k="name" v="LumiVita Wellspa"/>
  <tag k="opening_hours" v="Mo-Th 10:00-19:00; Fr-Sa 09:00-17:00; Su off"/>
  <tag k="payment:cash" v="yes"/>
  <tag k="payment:credit_cards" v="yes"/>
  <tag k="payment:debit_cards" v="yes"/>
  <tag k="phone" v="+1-678-590-5864"/>
  <tag k="shop" v="beauty"/>
  <tag k="source" v="local_knowledge"/>
  <tag k="website" v="https://lumivita.com/location/midtown"/>
  <tag k="wheelchair" v="yes"/>
 </node>
 <node id="2277885175" visible="true" version="1" changeset="15831458" timestamp="2013-04-23T02:18:53Z" user="Ryan Lash" uid="127401" lat="33.7816725" lon="-84.3801261">
  <tag k="amenity" v="restaurant"/>
  <tag k="source" v="local_knowledge"/>
 </node>
 <node id="2277885176" visible="true" version="2" changeset="173028485" timestamp="2025-10-09T02:05:53Z" user="shinterro" uid="8562391" lat="33.7819594" lon="-84.3809141"/>
 <node id="2277885177" visible="true" version="2" changeset="173109431" timestamp="2025-10-10T19:02:51Z" user="shinterro" uid="8562391" lat="33.7813321" lon="-84.3804890"/>
 <node id="2277885178" visible="true" version="1" changeset="15831458" timestamp="2013-04-23T02:18:53Z" user="Ryan Lash" uid="127401" lat="33.7821104" lon="-84.3803649"/>
 <node id="2277885179" visible="true" version="2" changeset="173109431" timestamp="2025-10-10T19:02:51Z" user="shinterro" uid="8562391" lat="33.7815187" lon="-84.3800819"/>
 <node id="2277885180" visible="true" version="2" changeset="173028485" timestamp="2025-10-09T02:05:53Z" user="shinterro" uid="8562391" lat="33.7820334" lon="-84.3805767"/>
 <node id="2277885181" visible="true" version="3" changeset="173109431" timestamp="2025-10-10T19:02:51Z" user="shinterro" uid="8562391" lat="33.7821315" lon="-84.3805453"/>
 <node id="2277885182" visible="true" version="2" changeset="173109431" timestamp="2025-10-10T19:02:51Z" user="shinterro" uid="8562391" lat="33.7815195" lon="-84.3805372"/>
 <node id="2277885183" visible="true" version="4" changeset="173028485" timestamp="2025-10-09T02:05:53Z" user="shinterro" uid="8562391" lat="33.7817020" lon="-84.3803865"/>
 <node id="2277885184" visible="true" version="2" changeset="173028485" timestamp="2025-10-09T02:05:53Z" user="shinterro" uid="8562391" lat="33.7822127" lon="-84.3808948"/>
 <node id="2277885185" visible="true" version="2" changeset="173028485" timestamp="2025-10-09T02:05:53Z" user="shinterro" uid="8562391" lat="33.7822085" lon="-84.3805616"/>
 <node id="2277885186" visible="true" version="2" changeset="173109431" timestamp="2025-10-10T19:02:51Z" user="shinterro" uid="8562391" lat="33.7814067" lon="-84.3801054"/>
 <node id="2277885189" visible="true" version="2" changeset="173028485" timestamp="2025-10-09T02:05:53Z" user="shinterro" uid="8562391" lat="33.7820990" lon="-84.3805572"/>
 <node id="2277885190" visible="true" version="2" changeset="173028485" timestamp="2025-10-09T02:05:53Z" user="shinterro" uid="8562391" lat="33.7818722" lon="-84.3808925"/>
 <node id="2277885191" visible="true" version="2" changeset="173028485" timestamp="2025-10-09T02:05:53Z" user="shinterro" uid="8562391" lat="33.7818620" lon="-84.3807790"/>
 <node id="2277885192" visible="true" version="2" changeset="173028485" timestamp="2025-10-09T02:05:53Z" user="shinterro" uid="8562391" lat="33.7819588" lon="-84.3808903"/>
 <node id="2277885193" visible="true" version="2" changeset="173028485" timestamp="2025-10-09T02:05:53Z" user="shinterro" uid="8562391" lat="33.7819565" lon="-84.3808012"/>
 <node id="2277885194" visible="true" version="2" changeset="173028485" timestamp="2025-10-09T02:05:53Z" user="shinterro" uid="8562391" lat="33.7819595" lon="-84.3807761"/>
 <node id="2277885195" visible="true" version="1" changeset="15831458" timestamp="2013-04-23T02:18:54Z" user="Ryan Lash" uid="127401" lat="33.7818618" lon="-84.3810871"/>
 <node id="2277886306" visible="true" version="3" changeset="173028485" timestamp="2025-10-09T02:05:53Z" user="shinterro" uid="8562391" lat="33.7819529" lon="-84.3805109"/>
 <node id="2349779046" visible="true" version="1" changeset="16593933" timestamp="2013-06-17T18:58:57Z" user="Ryan Lash" uid="127401" lat="33.7872812" lon="-84.3772238"/>
 <node id="2349779048" visible="true" version="1" changeset="16593933" timestamp="2013-06-17T18:58:57Z" user="Ryan Lash" uid="127401" lat="33.7875137" lon="-84.3768106"/>
 <node id="2349779050" visible="true" version="1" changeset="16593933" timestamp="2013-06-17T18:58:57Z" user="Ryan Lash" uid="127401" lat="33.7873138" lon="-84.3769997"/>
 <node id="2349797997" visible="true" version="1" changeset="16593933" timestamp="2013-06-17T19:14:29Z" user="Ryan Lash" uid="127401" lat="33.7878313" lon="-84.3764281"/>
 <node id="2349842465" visible="true" version="1" changeset="16593933" timestamp="2013-06-17T19:44:48Z" user="Ryan Lash" uid="127401" lat="33.7865284" lon="-84.3780606"/>
 <node id="2351725681" visible="true" version="2" changeset="16611365" timestamp="2013-06-19T00:43:02Z" user="Ryan Lash" uid="127401" lat="33.7962307" lon="-84.3696637"/>
 <node id="2351725683" visible="true" version="1" changeset="16611365" timestamp="2013-06-19T00:27:02Z" user="Ryan Lash" uid="127401" lat="33.7951690" lon="-84.3707304"/>
 <node id="2351728372" visible="true" version="1" changeset="16611365" timestamp="2013-06-19T00:43:00Z" user="Ryan Lash" uid="127401" lat="33.7953242" lon="-84.3681297"/>
 <node id="2351728373" visible="true" version="1" changeset="16611365" timestamp="2013-06-19T00:43:00Z" user="Ryan Lash" uid="127401" lat="33.7948641" lon="-84.3679750"/>
 <node id="2351728384" visible="true" version="1" changeset="16611365" timestamp="2013-06-19T00:43:00Z" user="Ryan Lash" uid="127401" lat="33.7937882" lon="-84.3690084"/>
 <node id="2351728388" visible="true" version="3" changeset="141821167" timestamp="2023-09-27T13:49:44Z" user="ZakharP" uid="18232787" lat="33.7938639" lon="-84.3684360"/>
 <node id="2351728392" visible="true" version="1" changeset="16611365" timestamp="2013-06-19T00:43:00Z" user="Ryan Lash" uid="127401" lat="33.7936297" lon="-84.3690395"/>
 <node id="2351728393" visible="true" version="1" changeset="16611365" timestamp="2013-06-19T00:43:00Z" user="Ryan Lash" uid="127401" lat="33.7939286" lon="-84.3679355"/>
 <node id="2351728394" visible="true" version="1" changeset="16611365" timestamp="2013-06-19T00:43:00Z" user="Ryan Lash" uid="127401" lat="33.7952317" lon="-84.3691315"/>
 <node id="2351728399" visible="true" version="1" changeset="16611365" timestamp="2013-06-19T00:43:00Z" user="Ryan Lash" uid="127401" lat="33.7955241" lon="-84.3677601"/>
 <node id="2351728406" visible="true" version="1" changeset="16611365" timestamp="2013-06-19T00:43:00Z" user="Ryan Lash" uid="127401" lat="33.7958344" lon="-84.3680517"/>
 <node id="2396740003" visible="true" version="2" changeset="117918584" timestamp="2022-02-27T18:42:43Z" user="demory" uid="186210" lat="33.7818372" lon="-84.3727976"/>
 <node id="2396740006" visible="true" version="2" changeset="117918584" timestamp="2022-02-27T18:42:43Z" user="demory" uid="186210" lat="33.7818297" lon="-84.3691504"/>
 <node id="2396740007" visible="true" version="2" changeset="117918584" timestamp="2022-02-27T18:42:43Z" user="demory" uid="186210" lat="33.7818288" lon="-84.3690624"/>
 <node id="2396912024" visible="true" version="1" changeset="17096545" timestamp="2013-07-26T03:38:43Z" user="Ryan Lash" uid="127401" lat="33.7819155" lon="-84.3696746"/>
 <node id="2396912030" visible="true" version="1" changeset="17096545" timestamp="2013-07-26T03:38:43Z" user="Ryan Lash" uid="127401" lat="33.7824674" lon="-84.3695378"/>
 <node id="2396912038" visible="true" version="1" changeset="17096545" timestamp="2013-07-26T03:38:44Z" user="Ryan Lash" uid="127401" lat="33.7823592" lon="-84.3696829"/>
 <node id="2396912057" visible="true" version="1" changeset="17096545" timestamp="2013-07-26T03:38:44Z" user="Ryan Lash" uid="127401" lat="33.7824516" lon="-84.3694439"/>
 <node id="2430543141" visible="true" version="2" changeset="173028485" timestamp="2025-10-09T02:05:53Z" user="shinterro" uid="8562391" lat="33.7802264" lon="-84.3824197"/>
 <node id="2430543145" visible="true" version="2" changeset="173028485" timestamp="2025-10-09T02:05:53Z" user="shinterro" uid="8562391" lat="33.7806884" lon="-84.3816827"/>
 <node id="2430543148" visible="true" version="2" changeset="173028485" timestamp="2025-10-09T02:05:53Z" user="shinterro" uid="8562391" lat="33.7815746" lon="-84.3815412"/>
 <node id="2430543150" visible="true" version="2" changeset="173028485" timestamp="2025-10-09T02:05:53Z" user="shinterro" uid="8562391" lat="33.7810306" lon="-84.3824290"/>
 <node id="2430543151" visible="true" version="2" changeset="173028485" timestamp="2025-10-09T02:05:53Z" user="shinterro" uid="8562391" lat="33.7804081" lon="-84.3817558"/>
 <node id="2430543153" visible="true" version="2" changeset="173028485" timestamp="2025-10-09T02:05:53Z" user="shinterro" uid="8562391" lat="33.7796239" lon="-84.3819634"/>
 <node id="2430543163" visible="true" version="2" changeset="173028485" timestamp="2025-10-09T02:05:53Z" user="shinterro" uid="8562391" lat="33.7816231" lon="-84.3819080"/>
 <node id="2430543166" visible="true" version="2" changeset="173028485" timestamp="2025-10-09T02:05:53Z" user="shinterro" uid="8562391" lat="33.7804265" lon="-84.3824143"/>
 <node id="2430543171" visible="true" version="2" changeset="173028485" timestamp="2025-10-09T02:05:53Z" user="shinterro" uid="8562391" lat="33.7799834" lon="-84.3811550"/>
 <node id="2430543175" visible="true" version="2" changeset="173028485" timestamp="2025-10-09T02:05:53Z" user="shinterro" uid="8562391" lat="33.7810312" lon="-84.3816764"/>
 <node id="2430543179" visible="true" version="2" changeset="173028485" timestamp="2025-10-09T02:05:53Z" user="shinterro" uid="8562391" lat="33.7815088" lon="-84.3819167"/>
 <node id="2430543190" visible="true" version="2" changeset="173028485" timestamp="2025-10-09T02:05:53Z" user="shinterro" uid="8562391" lat="33.7796219" lon="-84.3817602"/>
 <node id="2430543194" visible="true" version="2" changeset="173028485" timestamp="2025-10-09T02:05:53Z" user="shinterro" uid="8562391" lat="33.7802174" lon="-84.3819013"/>
 <node id="2430543208" visible="true" version="2" changeset="173028485" timestamp="2025-10-09T02:05:53Z" user="shinterro" uid="8562391" lat="33.7806968" lon="-84.3817364"/>
 <node id="2430543209" visible="true" version="2" changeset="173028485" timestamp="2025-10-09T02:05:53Z" user="shinterro" uid="8562391" lat="33.7798206" lon="-84.3811624"/>
 <node id="2430543210" visible="true" version="2" changeset="173028485" timestamp="2025-10-09T02:05:53Z" user="shinterro" uid="8562391" lat="33.7808857" lon="-84.3824264"/>
 <node id="2430543212" visible="true" version="1" changeset="17491040" timestamp="2013-08-24T21:50:33Z" user="Ryan Lash" uid="127401" lat="33.7808518" lon="-84.3817177"/>
 <node id="2430543214" visible="true" version="2" changeset="173028485" timestamp="2025-10-09T02:05:53Z" user="shinterro" uid="8562391" lat="33.7809392" lon="-84.3814956"/>
 <node id="2430543219" visible="true" version="2" changeset="173028485" timestamp="2025-10-09T02:05:53Z" user="shinterro" uid="8562391" lat="33.7798220" lon="-84.3817588"/>
 <node id="2430543224" visible="true" version="2" changeset="173028485" timestamp="2025-10-09T02:05:53Z" user="shinterro" uid="8562391" lat="33.7814893" lon="-84.3816606"/>
 <node id="2430548993" visible="true" version="3" changeset="173028485" timestamp="2025-10-09T02:05:53Z" user="shinterro" uid="8562391" lat="33.7824623" lon="-84.3811659"/>
 <node id="2430548995" visible="true" version="2" changeset="173109431" timestamp="2025-10-10T19:02:51Z" user="shinterro" uid="8562391" lat="33.7812083" lon="-84.3809682"/>
 <node id="2430548997" visible="true" version="2" changeset="123584594" timestamp="2022-07-14T00:08:02Z" user="jleathe" uid="7523014" lat="33.7816094" lon="-84.3813220"/>
 <node id="2430548998" visible="true" version="3" changeset="173028485" timestamp="2025-10-09T02:05:53Z" user="shinterro" uid="8562391" lat="33.7814074" lon="-84.3812596"/>
 <node id="2430549000" visible="true" version="2" changeset="123584594" timestamp="2022-07-14T00:08:02Z" user="jleathe" uid="7523014" lat="33.7814149" lon="-84.3813489"/>
 <node id="2430549004" visible="true" version="2" changeset="173109431" timestamp="2025-10-10T19:02:51Z" user="shinterro" uid="8562391" lat="33.7811967" lon="-84.3808230"/>
 <node id="2430549008" visible="true" version="2" changeset="123584594" timestamp="2022-07-14T00:08:02Z" user="jleathe" uid="7523014" lat="33.7813450" lon="-84.3807603"/>
 <node id="2430549010" visible="true" version="2" changeset="173109431" timestamp="2025-10-10T19:02:51Z" user="shinterro" uid="8562391" lat="33.7810728" lon="-84.3808228"/>
 <node id="2430549017" visible="true" version="2" changeset="123584594" timestamp="2022-07-14T00:08:02Z" user="jleathe" uid="7523014" lat="33.7814174" lon="-84.3811135"/>
 <node id="2430549028" visible="true" version="1" changeset="17491040" timestamp="2013-08-24T21:57:40Z" user="Ryan Lash" uid="127401" lat="33.7822317" lon="-84.3809237"/>
 <node id="2430549032" visible="true" version="2" changeset="123584594" timestamp="2022-07-14T00:08:02Z" user="jleathe" uid="7523014" lat="33.7813734" lon="-84.3811142"/>
 <node id="2430549034" visible="true" version="2" changeset="173109431" timestamp="2025-10-10T19:02:51Z" user="shinterro" uid="8562391" lat="33.7813088" lon="-84.3809511"/>
 <node id="2430549039" visible="true" version="2" changeset="123584594" timestamp="2022-07-14T00:08:02Z" user="jleathe" uid="7523014" lat="33.7815948" lon="-84.3807190"/>
 <node id="2430549041" visible="true" version="2" changeset="173109431" timestamp="2025-10-10T19:02:51Z" user="shinterro" uid="8562391" lat="33.7812460" lon="-84.3807859"/>
 <node id="2430549049" visible="true" version="2" changeset="173109431" timestamp="2025-10-10T19:02:51Z" user="shinterro" uid="8562391" lat="33.7813231" lon="-84.3807858"/>
 <node id="2430549051" visible="true" version="2" changeset="53365178" timestamp="2017-10-30T11:38:49Z" user="swimdb" uid="231017" lat="33.7824618" lon="-84.3808408"/>
 <node id="2430549052" visible="true" version="3" changeset="173028485" timestamp="2025-10-09T02:05:53Z" user="shinterro" uid="8562391" lat="33.7815969" lon="-84.3812066"/>
 <node id="2430549057" visible="true" version="2" changeset="123584594" timestamp="2022-07-14T00:08:02Z" user="jleathe" uid="7523014" lat="33.7814557" lon="-84.3807169"/>
 <node id="2430549060" visible="true" version="2" changeset="173109431" timestamp="2025-10-10T19:02:51Z" user="shinterro" uid="8562391" lat="33.7811964" lon="-84.3810847"/>
 <node id="2430549062" visible="true" version="1" changeset="17491040" timestamp="2013-08-24T21:57:41Z" user="Ryan Lash" uid="127401" lat="33.7822317" lon="-84.3808728"/>
 <node id="2430549068" visible="true" version="2" changeset="173109431" timestamp="2025-10-10T19:02:51Z" user="shinterro" uid="8562391" lat="33.7810725" lon="-84.3810846"/>
 <node id="2430549072" visible="true" version="2" changeset="123584594" timestamp="2022-07-14T00:08:02Z" user="jleathe" uid="7523014" lat="33.7814188" lon="-84.3807616"/>
 <node id="2508783143" visible="true" version="2" changeset="119599179" timestamp="2022-04-12T00:19:38Z" user="David Andron" uid="10594286" lat="33.7799006" lon="-84.3809846"/>
 <node id="2508783157" visible="true" version="3" changeset="126739871" timestamp="2022-09-28T12:53:28Z" user="kmarkish_lyft" uid="11824233" lat="33.7816945" lon="-84.3817065">
  <tag k="barrier" v="gate"/>
 </node>
 <node id="2508783158" visible="true" version="2" changeset="117886530" timestamp="2022-02-26T17:24:50Z" user="demory" uid="186210" lat="33.7817713" lon="-84.3817051"/>
 <node id="2748848847" visible="true" version="1" changeset="21356851" timestamp="2014-03-28T02:29:38Z" user="Saikrishna_FultonCountyImport" uid="1981121" lat="33.7807560" lon="-84.3778999"/>
 <node id="2748848848" visible="true" version="1" changeset="21356851" timestamp="2014-03-28T02:29:38Z" user="Saikrishna_FultonCountyImport" uid="1981121" lat="33.7807565" lon="-84.3779888"/>
 <node id="2748848859" visible="true" version="1" changeset="21356851" timestamp="2014-03-28T02:29:39Z" user="Saikrishna_FultonCountyImport" uid="1981121" lat="33.7807611" lon="-84.3781263"/>
 <node id="2748848861" visible="true" version="1" changeset="21356851" timestamp="2014-03-28T02:29:39Z" user="Saikrishna_FultonCountyImport" uid="1981121" lat="33.7807615" lon="-84.3782191"/>
 <node id="2748848993" visible="true" version="1" changeset="21356851" timestamp="2014-03-28T02:29:42Z" user="Saikrishna_FultonCountyImport" uid="1981121" lat="33.7809897" lon="-84.3777393"/>
 <node id="2748848994" visible="true" version="1" changeset="21356851" timestamp="2014-03-28T02:29:42Z" user="Saikrishna_FultonCountyImport" uid="1981121" lat="33.7809901" lon="-84.3778722"/>
 <node id="2748849013" visible="true" version="1" changeset="21356851" timestamp="2014-03-28T02:29:42Z" user="Saikrishna_FultonCountyImport" uid="1981121" lat="33.7810387" lon="-84.3789419"/>
 <node id="2748849023" visible="true" version="1" changeset="21356851" timestamp="2014-03-28T02:29:42Z" user="Saikrishna_FultonCountyImport" uid="1981121" lat="33.7810485" lon="-84.3792121"/>
 <node id="2748849032" visible="true" version="1" changeset="21356851" timestamp="2014-03-28T02:29:43Z" user="Saikrishna_FultonCountyImport" uid="1981121" lat="33.7810703" lon="-84.3782836"/>
 <node id="2748849035" visible="true" version="1" changeset="21356851" timestamp="2014-03-28T02:29:43Z" user="Saikrishna_FultonCountyImport" uid="1981121" lat="33.7810736" lon="-84.3783572"/>
 <node id="2748849038" visible="true" version="1" changeset="21356851" timestamp="2014-03-28T02:29:43Z" user="Saikrishna_FultonCountyImport" uid="1981121" lat="33.7810773" lon="-84.3778972"/>
 <node id="2748849039" visible="true" version="1" changeset="21356851" timestamp="2014-03-28T02:29:43Z" user="Saikrishna_FultonCountyImport" uid="1981121" lat="33.7810779" lon="-84.3779862"/>
 <node id="2748849040" visible="true" version="1" changeset="21356851" timestamp="2014-03-28T02:29:43Z" user="Saikrishna_FultonCountyImport" uid="1981121" lat="33.7810785" lon="-84.3781242"/>
 <node id="2748849041" visible="true" version="1" changeset="21356851" timestamp="2014-03-28T02:29:43Z" user="Saikrishna_FultonCountyImport" uid="1981121" lat="33.7810789" lon="-84.3782170"/>
 <node id="2748849042" visible="true" version="1" changeset="21356851" timestamp="2014-03-28T02:29:43Z" user="Saikrishna_FultonCountyImport" uid="1981121" lat="33.7810801" lon="-84.3783568"/>
 <node id="2748849043" visible="true" version="1" changeset="21356851" timestamp="2014-03-28T02:29:43Z" user="Saikrishna_FultonCountyImport" uid="1981121" lat="33.7810809" lon="-84.3783762"/>
 <node id="2748849044" visible="true" version="1" changeset="21356851" timestamp="2014-03-28T02:29:43Z" user="Saikrishna_FultonCountyImport" uid="1981121" lat="33.7810838" lon="-84.3782623"/>
 <node id="2748849045" visible="true" version="1" changeset="21356851" timestamp="2014-03-28T02:29:43Z" user="Saikrishna_FultonCountyImport" uid="1981121" lat="33.7810848" lon="-84.3782827"/>
 <node id="2748849048" visible="true" version="1" changeset="21356851" timestamp="2014-03-28T02:29:43Z" user="Saikrishna_FultonCountyImport" uid="1981121" lat="33.7811010" lon="-84.3778530"/>
 <node id="2748849049" visible="true" version="1" changeset="21356851" timestamp="2014-03-28T02:29:43Z" user="Saikrishna_FultonCountyImport" uid="1981121" lat="33.7811011" lon="-84.3778718"/>
 <node id="2748849051" visible="true" version="1" changeset="21356851" timestamp="2014-03-28T02:29:43Z" user="Saikrishna_FultonCountyImport" uid="1981121" lat="33.7811050" lon="-84.3777388"/>
 <node id="2748849052" visible="true" version="1" changeset="21356851" timestamp="2014-03-28T02:29:43Z" user="Saikrishna_FultonCountyImport" uid="1981121" lat="33.7811050" lon="-84.3777514"/>
 <node id="2748849057" visible="true" version="1" changeset="21356851" timestamp="2014-03-28T02:29:43Z" user="Saikrishna_FultonCountyImport" uid="1981121" lat="33.7811092" lon="-84.3789382"/>
 <node id="2748849059" visible="true" version="1" changeset="21356851" timestamp="2014-03-28T02:29:43Z" user="Saikrishna_FultonCountyImport" uid="1981121" lat="33.7811106" lon="-84.3789784"/>
 <node id="2748849060" visible="true" version="1" changeset="21356851" timestamp="2014-03-28T02:29:43Z" user="Saikrishna_FultonCountyImport" uid="1981121" lat="33.7811118" lon="-84.3787676"/>
 <node id="2748849061" visible="true" version="1" changeset="21356851" timestamp="2014-03-28T02:29:43Z" user="Saikrishna_FultonCountyImport" uid="1981121" lat="33.7811132" lon="-84.3788031"/>
 <node id="2748849065" visible="true" version="1" changeset="21356851" timestamp="2014-03-28T02:29:43Z" user="Saikrishna_FultonCountyImport" uid="1981121" lat="33.7811233" lon="-84.3782597"/>
 <node id="2748849067" visible="true" version="1" changeset="21356851" timestamp="2014-03-28T02:29:43Z" user="Saikrishna_FultonCountyImport" uid="1981121" lat="33.7811284" lon="-84.3783731"/>
 <node id="2748849071" visible="true" version="1" changeset="21356851" timestamp="2014-03-28T02:29:44Z" user="Saikrishna_FultonCountyImport" uid="1981121" lat="33.7811372" lon="-84.3787662"/>
 <node id="2748849072" visible="true" version="1" changeset="21356851" timestamp="2014-03-28T02:29:44Z" user="Saikrishna_FultonCountyImport" uid="1981121" lat="33.7811386" lon="-84.3788017"/>
 <node id="2748849075" visible="true" version="1" changeset="21356851" timestamp="2014-03-28T02:29:44Z" user="Saikrishna_FultonCountyImport" uid="1981121" lat="33.7811394" lon="-84.3789769"/>
 <node id="2748849076" visible="true" version="1" changeset="21356851" timestamp="2014-03-28T02:29:44Z" user="Saikrishna_FultonCountyImport" uid="1981121" lat="33.7811400" lon="-84.3789924"/>
 <node id="2748849077" visible="true" version="1" changeset="21356851" timestamp="2014-03-28T02:29:44Z" user="Saikrishna_FultonCountyImport" uid="1981121" lat="33.7811405" lon="-84.3777512"/>
 <node id="2748849078" visible="true" version="1" changeset="21356851" timestamp="2014-03-28T02:29:44Z" user="Saikrishna_FultonCountyImport" uid="1981121" lat="33.7811408" lon="-84.3778529"/>
 <node id="2748849081" visible="true" version="1" changeset="21356851" timestamp="2014-03-28T02:29:44Z" user="Saikrishna_FultonCountyImport" uid="1981121" lat="33.7811524" lon="-84.3789918"/>
 <node id="2748849082" visible="true" version="1" changeset="21356851" timestamp="2014-03-28T02:29:44Z" user="Saikrishna_FultonCountyImport" uid="1981121" lat="33.7811601" lon="-84.3792063"/>
 <node id="2748849084" visible="true" version="1" changeset="21356851" timestamp="2014-03-28T02:29:44Z" user="Saikrishna_FultonCountyImport" uid="1981121" lat="33.7811725" lon="-84.3780385"/>
 <node id="2748849085" visible="true" version="1" changeset="21356851" timestamp="2014-03-28T02:29:44Z" user="Saikrishna_FultonCountyImport" uid="1981121" lat="33.7811726" lon="-84.3779690"/>
 <node id="2748849088" visible="true" version="1" changeset="21356851" timestamp="2014-03-28T02:29:44Z" user="Saikrishna_FultonCountyImport" uid="1981121" lat="33.7811770" lon="-84.3789035"/>
 <node id="2748849090" visible="true" version="1" changeset="21356851" timestamp="2014-03-28T02:29:44Z" user="Saikrishna_FultonCountyImport" uid="1981121" lat="33.7811778" lon="-84.3789398"/>
 <node id="2748849091" visible="true" version="1" changeset="21356851" timestamp="2014-03-28T02:29:44Z" user="Saikrishna_FultonCountyImport" uid="1981121" lat="33.7811797" lon="-84.3789637"/>
 <node id="2748849092" visible="true" version="1" changeset="21356851" timestamp="2014-03-28T02:29:44Z" user="Saikrishna_FultonCountyImport" uid="1981121" lat="33.7811834" lon="-84.3792016"/>
 <node id="2748849097" visible="true" version="1" changeset="21356851" timestamp="2014-03-28T02:29:44Z" user="Saikrishna_FultonCountyImport" uid="1981121" lat="33.7812065" lon="-84.3789026"/>
 <node id="2748849099" visible="true" version="1" changeset="21356851" timestamp="2014-03-28T02:29:44Z" user="Saikrishna_FultonCountyImport" uid="1981121" lat="33.7812073" lon="-84.3789389"/>
 <node id="2748849112" visible="true" version="1" changeset="21356851" timestamp="2014-03-28T02:29:45Z" user="Saikrishna_FultonCountyImport" uid="1981121" lat="33.7812328" lon="-84.3785601"/>
 <node id="2748849113" visible="true" version="1" changeset="21356851" timestamp="2014-03-28T02:29:45Z" user="Saikrishna_FultonCountyImport" uid="1981121" lat="33.7812331" lon="-84.3786059"/>
 <node id="2748849114" visible="true" version="1" changeset="21356851" timestamp="2014-03-28T02:29:45Z" user="Saikrishna_FultonCountyImport" uid="1981121" lat="33.7812351" lon="-84.3780386"/>
 <node id="2748849115" visible="true" version="1" changeset="21356851" timestamp="2014-03-28T02:29:45Z" user="Saikrishna_FultonCountyImport" uid="1981121" lat="33.7812352" lon="-84.3779691"/>
 <node id="2748849117" visible="true" version="1" changeset="21356851" timestamp="2014-03-28T02:29:45Z" user="Saikrishna_FultonCountyImport" uid="1981121" lat="33.7812405" lon="-84.3783528"/>
 <node id="2748849120" visible="true" version="1" changeset="21356851" timestamp="2014-03-28T02:29:45Z" user="Saikrishna_FultonCountyImport" uid="1981121" lat="33.7812423" lon="-84.3789623"/>
 <node id="2748849121" visible="true" version="1" changeset="21356851" timestamp="2014-03-28T02:29:45Z" user="Saikrishna_FultonCountyImport" uid="1981121" lat="33.7812424" lon="-84.3789685"/>
 <node id="2748849122" visible="true" version="1" changeset="21356851" timestamp="2014-03-28T02:29:45Z" user="Saikrishna_FultonCountyImport" uid="1981121" lat="33.7812425" lon="-84.3780739"/>
 <node id="2748849125" visible="true" version="1" changeset="21356851" timestamp="2014-03-28T02:29:45Z" user="Saikrishna_FultonCountyImport" uid="1981121" lat="33.7812585" lon="-84.3774604"/>
 <node id="2748849126" visible="true" version="1" changeset="21356851" timestamp="2014-03-28T02:29:45Z" user="Saikrishna_FultonCountyImport" uid="1981121" lat="33.7812589" lon="-84.3776021"/>
 <node id="2748849129" visible="true" version="1" changeset="21356851" timestamp="2014-03-28T02:29:45Z" user="Saikrishna_FultonCountyImport" uid="1981121" lat="33.7812610" lon="-84.3789370"/>
 <node id="2748849130" visible="true" version="1" changeset="21356851" timestamp="2014-03-28T02:29:45Z" user="Saikrishna_FultonCountyImport" uid="1981121" lat="33.7812615" lon="-84.3789680"/>
 <node id="2748849147" visible="true" version="1" changeset="21356851" timestamp="2014-03-28T02:29:46Z" user="Saikrishna_FultonCountyImport" uid="1981121" lat="33.7812940" lon="-84.3789363"/>
 <node id="2748849150" visible="true" version="1" changeset="21356851" timestamp="2014-03-28T02:29:46Z" user="Saikrishna_FultonCountyImport" uid="1981121" lat="33.7812981" lon="-84.3791990"/>
 <node id="2748849162" visible="true" version="1" changeset="21356851" timestamp="2014-03-28T02:29:46Z" user="Saikrishna_FultonCountyImport" uid="1981121" lat="33.7813377" lon="-84.3782063"/>
 <node id="2748849164" visible="true" version="1" changeset="21356851" timestamp="2014-03-28T02:29:46Z" user="Saikrishna_FultonCountyImport" uid="1981121" lat="33.7813387" lon="-84.3780750"/>
 <node id="2748849165" visible="true" version="1" changeset="21356851" timestamp="2014-03-28T02:29:46Z" user="Saikrishna_FultonCountyImport" uid="1981121" lat="33.7813408" lon="-84.3783539"/>
 <node id="2748849166" visible="true" version="1" changeset="21356851" timestamp="2014-03-28T02:29:46Z" user="Saikrishna_FultonCountyImport" uid="1981121" lat="33.7813410" lon="-84.3783243"/>
 <node id="2748849171" visible="true" version="1" changeset="21356851" timestamp="2014-03-28T02:29:46Z" user="Saikrishna_FultonCountyImport" uid="1981121" lat="33.7813497" lon="-84.3785591"/>
 <node id="2748849172" visible="true" version="1" changeset="21356851" timestamp="2014-03-28T02:29:46Z" user="Saikrishna_FultonCountyImport" uid="1981121" lat="33.7813499" lon="-84.3786050"/>
 <node id="2748849183" visible="true" version="1" changeset="21356851" timestamp="2014-03-28T02:29:46Z" user="Saikrishna_FultonCountyImport" uid="1981121" lat="33.7813761" lon="-84.3786028"/>
 <node id="2748849185" visible="true" version="1" changeset="21356851" timestamp="2014-03-28T02:29:46Z" user="Saikrishna_FultonCountyImport" uid="1981121" lat="33.7813770" lon="-84.3786591"/>
 <node id="2748849193" visible="true" version="1" changeset="21356851" timestamp="2014-03-28T02:29:47Z" user="Saikrishna_FultonCountyImport" uid="1981121" lat="33.7813942" lon="-84.3784295"/>
 <node id="2748849194" visible="true" version="1" changeset="21356851" timestamp="2014-03-28T02:29:47Z" user="Saikrishna_FultonCountyImport" uid="1981121" lat="33.7813952" lon="-84.3784804"/>
 <node id="2748849205" visible="true" version="1" changeset="21356851" timestamp="2014-03-28T02:29:47Z" user="Saikrishna_FultonCountyImport" uid="1981121" lat="33.7814064" lon="-84.3786585"/>
 <node id="2748849206" visible="true" version="1" changeset="21356851" timestamp="2014-03-28T02:29:47Z" user="Saikrishna_FultonCountyImport" uid="1981121" lat="33.7814067" lon="-84.3786833"/>
 <node id="2748849211" visible="true" version="1" changeset="21356851" timestamp="2014-03-28T02:29:47Z" user="Saikrishna_FultonCountyImport" uid="1981121" lat="33.7814145" lon="-84.3785879"/>
 <node id="2748849213" visible="true" version="1" changeset="21356851" timestamp="2014-03-28T02:29:47Z" user="Saikrishna_FultonCountyImport" uid="1981121" lat="33.7814147" lon="-84.3786019"/>
 <node id="2748849219" visible="true" version="1" changeset="21356851" timestamp="2014-03-28T02:29:47Z" user="Saikrishna_FultonCountyImport" uid="1981121" lat="33.7814191" lon="-84.3780209"/>
 <node id="2748849223" visible="true" version="1" changeset="21356851" timestamp="2014-03-28T02:29:47Z" user="Saikrishna_FultonCountyImport" uid="1981121" lat="33.7814213" lon="-84.3778847"/>
 <node id="2748849235" visible="true" version="1" changeset="21356851" timestamp="2014-03-28T02:29:48Z" user="Saikrishna_FultonCountyImport" uid="1981121" lat="33.7814409" lon="-84.3784791"/>
 <node id="2748849237" visible="true" version="1" changeset="21356851" timestamp="2014-03-28T02:29:48Z" user="Saikrishna_FultonCountyImport" uid="1981121" lat="33.7814415" lon="-84.3785117"/>
 <node id="2748849241" visible="true" version="1" changeset="21356851" timestamp="2014-03-28T02:29:48Z" user="Saikrishna_FultonCountyImport" uid="1981121" lat="33.7814466" lon="-84.3784195"/>
 <node id="2748849242" visible="true" version="1" changeset="21356851" timestamp="2014-03-28T02:29:48Z" user="Saikrishna_FultonCountyImport" uid="1981121" lat="33.7814468" lon="-84.3784280"/>
 <node id="2748849245" visible="true" version="1" changeset="21356851" timestamp="2014-03-28T02:29:48Z" user="Saikrishna_FultonCountyImport" uid="1981121" lat="33.7814518" lon="-84.3778428"/>
 <node id="2748849246" visible="true" version="1" changeset="21356851" timestamp="2014-03-28T02:29:48Z" user="Saikrishna_FultonCountyImport" uid="1981121" lat="33.7814528" lon="-84.3777611"/>
 <node id="2748849251" visible="true" version="1" changeset="21356851" timestamp="2014-03-28T02:29:48Z" user="Saikrishna_FultonCountyImport" uid="1981121" lat="33.7814543" lon="-84.3785114"/>
 <node id="2748849252" visible="true" version="1" changeset="21356851" timestamp="2014-03-28T02:29:48Z" user="Saikrishna_FultonCountyImport" uid="1981121" lat="33.7814549" lon="-84.3785398"/>
 <node id="2748849270" visible="true" version="1" changeset="21356851" timestamp="2014-03-28T02:29:49Z" user="Saikrishna_FultonCountyImport" uid="1981121" lat="33.7814719" lon="-84.3778431"/>
 <node id="2748849277" visible="true" version="1" changeset="21356851" timestamp="2014-03-28T02:29:49Z" user="Saikrishna_FultonCountyImport" uid="1981121" lat="33.7814826" lon="-84.3778579"/>
 <node id="2748849280" visible="true" version="1" changeset="21356851" timestamp="2014-03-28T02:29:49Z" user="Saikrishna_FultonCountyImport" uid="1981121" lat="33.7814889" lon="-84.3777617"/>
 <node id="2748849281" visible="true" version="1" changeset="21356851" timestamp="2014-03-28T02:29:49Z" user="Saikrishna_FultonCountyImport" uid="1981121" lat="33.7814893" lon="-84.3777222"/>
 <node id="2748849286" visible="true" version="1" changeset="21356851" timestamp="2014-03-28T02:29:49Z" user="Saikrishna_FultonCountyImport" uid="1981121" lat="33.7814948" lon="-84.3780352"/>
 <node id="2748849287" visible="true" version="1" changeset="21356851" timestamp="2014-03-28T02:29:49Z" user="Saikrishna_FultonCountyImport" uid="1981121" lat="33.7814950" lon="-84.3780226"/>
 <node id="2748849294" visible="true" version="1" changeset="21356851" timestamp="2014-03-28T02:29:49Z" user="Saikrishna_FultonCountyImport" uid="1981121" lat="33.7815122" lon="-84.3782082"/>
 <node id="2748849295" visible="true" version="1" changeset="21356851" timestamp="2014-03-28T02:29:49Z" user="Saikrishna_FultonCountyImport" uid="1981121" lat="33.7815132" lon="-84.3780743"/>
 <node id="2748849296" visible="true" version="1" changeset="21356851" timestamp="2014-03-28T02:29:49Z" user="Saikrishna_FultonCountyImport" uid="1981121" lat="33.7815175" lon="-84.3783536"/>
 <node id="2748849297" visible="true" version="1" changeset="21356851" timestamp="2014-03-28T02:29:49Z" user="Saikrishna_FultonCountyImport" uid="1981121" lat="33.7815177" lon="-84.3783262"/>
 <node id="2748849304" visible="true" version="1" changeset="21356851" timestamp="2014-03-28T02:29:49Z" user="Saikrishna_FultonCountyImport" uid="1981121" lat="33.7815402" lon="-84.3785852"/>
 <node id="2748849305" visible="true" version="1" changeset="21356851" timestamp="2014-03-28T02:29:49Z" user="Saikrishna_FultonCountyImport" uid="1981121" lat="33.7815406" lon="-84.3786079"/>
 <node id="2748849312" visible="true" version="1" changeset="21356851" timestamp="2014-03-28T02:29:50Z" user="Saikrishna_FultonCountyImport" uid="1981121" lat="33.7815487" lon="-84.3780365"/>
 <node id="2748849313" visible="true" version="1" changeset="21356851" timestamp="2014-03-28T02:29:50Z" user="Saikrishna_FultonCountyImport" uid="1981121" lat="33.7815490" lon="-84.3780166"/>
 <node id="2748849314" visible="true" version="1" changeset="21356851" timestamp="2014-03-28T02:29:50Z" user="Saikrishna_FultonCountyImport" uid="1981121" lat="33.7815598" lon="-84.3786075"/>
 <node id="2748849315" visible="true" version="1" changeset="21356851" timestamp="2014-03-28T02:29:50Z" user="Saikrishna_FultonCountyImport" uid="1981121" lat="33.7815609" lon="-84.3786799"/>
 <node id="2748849341" visible="true" version="1" changeset="21356851" timestamp="2014-03-28T02:29:50Z" user="Saikrishna_FultonCountyImport" uid="1981121" lat="33.7815918" lon="-84.3778598"/>
 <node id="2748849342" visible="true" version="1" changeset="21356851" timestamp="2014-03-28T02:29:50Z" user="Saikrishna_FultonCountyImport" uid="1981121" lat="33.7815920" lon="-84.3778403"/>
 <node id="2748849344" visible="true" version="1" changeset="21356851" timestamp="2014-03-28T02:29:50Z" user="Saikrishna_FultonCountyImport" uid="1981121" lat="33.7815945" lon="-84.3777433"/>
 <node id="2748849345" visible="true" version="1" changeset="21356851" timestamp="2014-03-28T02:29:50Z" user="Saikrishna_FultonCountyImport" uid="1981121" lat="33.7815948" lon="-84.3777240"/>
 <node id="2748849347" visible="true" version="1" changeset="21356851" timestamp="2014-03-28T02:29:50Z" user="Saikrishna_FultonCountyImport" uid="1981121" lat="33.7815959" lon="-84.3785006"/>
 <node id="2748849348" visible="true" version="1" changeset="21356851" timestamp="2014-03-28T02:29:51Z" user="Saikrishna_FultonCountyImport" uid="1981121" lat="33.7815966" lon="-84.3785359"/>
 <node id="2748849349" visible="true" version="1" changeset="21356851" timestamp="2014-03-28T02:29:51Z" user="Saikrishna_FultonCountyImport" uid="1981121" lat="33.7815971" lon="-84.3774590"/>
 <node id="2748849351" visible="true" version="1" changeset="21356851" timestamp="2014-03-28T02:29:51Z" user="Saikrishna_FultonCountyImport" uid="1981121" lat="33.7815975" lon="-84.3776006"/>
 <node id="2748849366" visible="true" version="1" changeset="21356851" timestamp="2014-03-28T02:29:51Z" user="Saikrishna_FultonCountyImport" uid="1981121" lat="33.7816068" lon="-84.3781055"/>
 <node id="2748849367" visible="true" version="1" changeset="21356851" timestamp="2014-03-28T02:29:51Z" user="Saikrishna_FultonCountyImport" uid="1981121" lat="33.7816068" lon="-84.3782357"/>
 <node id="2748849368" visible="true" version="1" changeset="21356851" timestamp="2014-03-28T02:29:51Z" user="Saikrishna_FultonCountyImport" uid="1981121" lat="33.7816070" lon="-84.3780753"/>
 <node id="2748849369" visible="true" version="1" changeset="21356851" timestamp="2014-03-28T02:29:51Z" user="Saikrishna_FultonCountyImport" uid="1981121" lat="33.7816071" lon="-84.3781944"/>
 <node id="2748849370" visible="true" version="1" changeset="21356851" timestamp="2014-03-28T02:29:51Z" user="Saikrishna_FultonCountyImport" uid="1981121" lat="33.7816071" lon="-84.3783545"/>
 <node id="2748849372" visible="true" version="1" changeset="21356851" timestamp="2014-03-28T02:29:51Z" user="Saikrishna_FultonCountyImport" uid="1981121" lat="33.7816073" lon="-84.3783255"/>
 <node id="2748849387" visible="true" version="1" changeset="21356851" timestamp="2014-03-28T02:29:51Z" user="Saikrishna_FultonCountyImport" uid="1981121" lat="33.7816164" lon="-84.3781945"/>
 <node id="2748849389" visible="true" version="1" changeset="21356851" timestamp="2014-03-28T02:29:52Z" user="Saikrishna_FultonCountyImport" uid="1981121" lat="33.7816171" lon="-84.3781056"/>
 <node id="2748849392" visible="true" version="1" changeset="21356851" timestamp="2014-03-28T02:29:52Z" user="Saikrishna_FultonCountyImport" uid="1981121" lat="33.7816180" lon="-84.3783256"/>
 <node id="2748849393" visible="true" version="1" changeset="21356851" timestamp="2014-03-28T02:29:52Z" user="Saikrishna_FultonCountyImport" uid="1981121" lat="33.7816187" lon="-84.3782359"/>
 <node id="2748849394" visible="true" version="1" changeset="21356851" timestamp="2014-03-28T02:29:52Z" user="Saikrishna_FultonCountyImport" uid="1981121" lat="33.7816269" lon="-84.3784144"/>
 <node id="2748849395" visible="true" version="1" changeset="21356851" timestamp="2014-03-28T02:29:52Z" user="Saikrishna_FultonCountyImport" uid="1981121" lat="33.7816275" lon="-84.3778409"/>
 <node id="2748849397" visible="true" version="1" changeset="21356851" timestamp="2014-03-28T02:29:52Z" user="Saikrishna_FultonCountyImport" uid="1981121" lat="33.7816286" lon="-84.3777439"/>
 <node id="2748849398" visible="true" version="1" changeset="21356851" timestamp="2014-03-28T02:29:52Z" user="Saikrishna_FultonCountyImport" uid="1981121" lat="33.7816286" lon="-84.3784997"/>
 <node id="2748849400" visible="true" version="1" changeset="21356851" timestamp="2014-03-28T02:29:52Z" user="Saikrishna_FultonCountyImport" uid="1981121" lat="33.7816323" lon="-84.3780185"/>
 <node id="2748849401" visible="true" version="1" changeset="21356851" timestamp="2014-03-28T02:29:52Z" user="Saikrishna_FultonCountyImport" uid="1981121" lat="33.7816344" lon="-84.3778881"/>
 <node id="2749706207" visible="true" version="2" changeset="173109431" timestamp="2025-10-10T19:02:51Z" user="shinterro" uid="8562391" lat="33.7820285" lon="-84.3794337"/>
 <node id="2749708229" visible="true" version="1" changeset="21365527" timestamp="2014-03-28T13:42:38Z" user="Saikrishna_FultonCountyImport" uid="1981121" lat="33.7809050" lon="-84.3790799"/>
 <node id="2749708232" visible="true" version="1" changeset="21365527" timestamp="2014-03-28T13:42:39Z" user="Saikrishna_FultonCountyImport" uid="1981121" lat="33.7809053" lon="-84.3791258"/>
 <node id="2749708235" visible="true" version="1" changeset="21365527" timestamp="2014-03-28T13:42:39Z" user="Saikrishna_FultonCountyImport" uid="1981121" lat="33.7809059" lon="-84.3789643"/>
 <node id="2749708239" visible="true" version="1" changeset="21365527" timestamp="2014-03-28T13:42:39Z" user="Saikrishna_FultonCountyImport" uid="1981121" lat="33.7809066" lon="-84.3790536"/>
 <node id="2749708255" visible="true" version="1" changeset="21365527" timestamp="2014-03-28T13:42:39Z" user="Saikrishna_FultonCountyImport" uid="1981121" lat="33.7809193" lon="-84.3790535"/>
 <node id="2749708258" visible="true" version="1" changeset="21365527" timestamp="2014-03-28T13:42:39Z" user="Saikrishna_FultonCountyImport" uid="1981121" lat="33.7809195" lon="-84.3790798"/>
 <node id="2749708261" visible="true" version="1" changeset="21365527" timestamp="2014-03-28T13:42:39Z" user="Saikrishna_FultonCountyImport" uid="1981121" lat="33.7809203" lon="-84.3791257"/>
 <node id="2749708264" visible="true" version="1" changeset="21365527" timestamp="2014-03-28T13:42:39Z" user="Saikrishna_FultonCountyImport" uid="1981121" lat="33.7809209" lon="-84.3792181"/>
 <node id="2749708273" visible="true" version="2" changeset="173109431" timestamp="2025-10-10T19:02:51Z" user="shinterro" uid="8562391" lat="33.7809219" lon="-84.3804741"/>
 <node id="2749708296" visible="true" version="1" changeset="21365527" timestamp="2014-03-28T13:42:39Z" user="Saikrishna_FultonCountyImport" uid="1981121" lat="33.7809868" lon="-84.3789635"/>
 <node id="2749708298" visible="true" version="1" changeset="21365527" timestamp="2014-03-28T13:42:39Z" user="Saikrishna_FultonCountyImport" uid="1981121" lat="33.7809869" lon="-84.3789868"/>
 <node id="2749708306" visible="true" version="1" changeset="21365527" timestamp="2014-03-28T13:42:39Z" user="Saikrishna_FultonCountyImport" uid="1981121" lat="33.7809986" lon="-84.3797327"/>
 <node id="2749708322" visible="true" version="1" changeset="21365527" timestamp="2014-03-28T13:42:39Z" user="Saikrishna_FultonCountyImport" uid="1981121" lat="33.7810014" lon="-84.3795738"/>
 <node id="2749708326" visible="true" version="2" changeset="173109431" timestamp="2025-10-10T19:02:51Z" user="shinterro" uid="8562391" lat="33.7809774" lon="-84.3804777"/>
 <node id="2749708328" visible="true" version="1" changeset="21365527" timestamp="2014-03-28T13:42:39Z" user="Saikrishna_FultonCountyImport" uid="1981121" lat="33.7810112" lon="-84.3789865"/>
 <node id="2749708331" visible="true" version="1" changeset="21365527" timestamp="2014-03-28T13:42:39Z" user="Saikrishna_FultonCountyImport" uid="1981121" lat="33.7810128" lon="-84.3792172"/>
 <node id="2749708336" visible="true" version="2" changeset="173109431" timestamp="2025-10-10T19:02:51Z" user="shinterro" uid="8562391" lat="33.7810468" lon="-84.3801680"/>
 <node id="2749708340" visible="true" version="1" changeset="21365527" timestamp="2014-03-28T13:42:39Z" user="Saikrishna_FultonCountyImport" uid="1981121" lat="33.7810475" lon="-84.3799380"/>
 <node id="2749708342" visible="true" version="2" changeset="173109431" timestamp="2025-10-10T19:02:51Z" user="shinterro" uid="8562391" lat="33.7810482" lon="-84.3804243"/>
 <node id="2749708345" visible="true" version="1" changeset="21365527" timestamp="2014-03-28T13:42:39Z" user="Saikrishna_FultonCountyImport" uid="1981121" lat="33.7810486" lon="-84.3798598"/>
 <node id="2749708348" visible="true" version="1" changeset="21365527" timestamp="2014-03-28T13:42:40Z" user="Saikrishna_FultonCountyImport" uid="1981121" lat="33.7810564" lon="-84.3796082"/>
 <node id="2749708350" visible="true" version="1" changeset="21365527" timestamp="2014-03-28T13:42:40Z" user="Saikrishna_FultonCountyImport" uid="1981121" lat="33.7810569" lon="-84.3795752"/>
 <node id="2749708353" visible="true" version="1" changeset="21365527" timestamp="2014-03-28T13:42:40Z" user="Saikrishna_FultonCountyImport" uid="1981121" lat="33.7810628" lon="-84.3797515"/>
 <node id="2749708356" visible="true" version="1" changeset="21365527" timestamp="2014-03-28T13:42:40Z" user="Saikrishna_FultonCountyImport" uid="1981121" lat="33.7810631" lon="-84.3797343"/>
 <node id="2749708359" visible="true" version="1" changeset="21365527" timestamp="2014-03-28T13:42:40Z" user="Saikrishna_FultonCountyImport" uid="1981121" lat="33.7811021" lon="-84.3797525"/>
 <node id="2749708362" visible="true" version="1" changeset="21365527" timestamp="2014-03-28T13:42:40Z" user="Saikrishna_FultonCountyImport" uid="1981121" lat="33.7811045" lon="-84.3796094"/>
 <node id="2749708364" visible="true" version="2" changeset="173109431" timestamp="2025-10-10T19:02:51Z" user="shinterro" uid="8562391" lat="33.7811146" lon="-84.3803392"/>
 <node id="2749708367" visible="true" version="1" changeset="21365527" timestamp="2014-03-28T13:42:40Z" user="Saikrishna_FultonCountyImport" uid="1981121" lat="33.7811087" lon="-84.3799392"/>
 <node id="2749708370" visible="true" version="2" changeset="173109431" timestamp="2025-10-10T19:02:51Z" user="shinterro" uid="8562391" lat="33.7811146" lon="-84.3801674"/>
 <node id="2749708373" visible="true" version="1" changeset="21365527" timestamp="2014-03-28T13:42:40Z" user="Saikrishna_FultonCountyImport" uid="1981121" lat="33.7811097" lon="-84.3798609"/>
 <node id="2749708376" visible="true" version="2" changeset="173109431" timestamp="2025-10-10T19:02:51Z" user="shinterro" uid="8562391" lat="33.7811151" lon="-84.3804237"/>
 <node id="2749708379" visible="true" version="2" changeset="173109431" timestamp="2025-10-10T19:02:51Z" user="shinterro" uid="8562391" lat="33.7811152" lon="-84.3802649"/>
 <node id="2749708381" visible="true" version="1" changeset="21365527" timestamp="2014-03-28T13:42:40Z" user="Saikrishna_FultonCountyImport" uid="1981121" lat="33.7811151" lon="-84.3795924"/>
 <node id="2749708384" visible="true" version="2" changeset="173109431" timestamp="2025-10-10T19:02:51Z" user="shinterro" uid="8562391" lat="33.7811205" lon="-84.3802649"/>
 <node id="2749708386" visible="true" version="1" changeset="21365527" timestamp="2014-03-28T13:42:40Z" user="Saikrishna_FultonCountyImport" uid="1981121" lat="33.7811171" lon="-84.3797230"/>
 <node id="2749708390" visible="true" version="2" changeset="173109431" timestamp="2025-10-10T19:02:51Z" user="shinterro" uid="8562391" lat="33.7811210" lon="-84.3803392"/>
 <node id="2749708393" visible="true" version="2" changeset="173109431" timestamp="2025-10-10T19:02:51Z" user="shinterro" uid="8562391" lat="33.7811304" lon="-84.3801391"/>
 <node id="2749708395" visible="true" version="1" changeset="21365527" timestamp="2014-03-28T13:42:40Z" user="Saikrishna_FultonCountyImport" uid="1981121" lat="33.7811317" lon="-84.3799143"/>
 <node id="2749708398" visible="true" version="1" changeset="21365527" timestamp="2014-03-28T13:42:40Z" user="Saikrishna_FultonCountyImport" uid="1981121" lat="33.7811334" lon="-84.3798196"/>
 <node id="2749708401" visible="true" version="2" changeset="173109431" timestamp="2025-10-10T19:02:51Z" user="shinterro" uid="8562391" lat="33.7811295" lon="-84.3803589"/>
 <node id="2749708403" visible="true" version="2" changeset="173109431" timestamp="2025-10-10T19:02:51Z" user="shinterro" uid="8562391" lat="33.7811449" lon="-84.3803589"/>
 <node id="2749708406" visible="true" version="2" changeset="173109431" timestamp="2025-10-10T19:02:51Z" user="shinterro" uid="8562391" lat="33.7811448" lon="-84.3803985"/>
 <node id="2749708409" visible="true" version="1" changeset="21365527" timestamp="2014-03-28T13:42:40Z" user="Saikrishna_FultonCountyImport" uid="1981121" lat="33.7811474" lon="-84.3795617"/>
 <node id="2749708411" visible="true" version="1" changeset="21365527" timestamp="2014-03-28T13:42:40Z" user="Saikrishna_FultonCountyImport" uid="1981121" lat="33.7811478" lon="-84.3795917"/>
 <node id="2749708415" visible="true" version="2" changeset="173109431" timestamp="2025-10-10T19:02:51Z" user="shinterro" uid="8562391" lat="33.7811986" lon="-84.3801393"/>
 <node id="2749708418" visible="true" version="2" changeset="173109431" timestamp="2025-10-10T19:02:51Z" user="shinterro" uid="8562391" lat="33.7811966" lon="-84.3803154"/>
 <node id="2749708420" visible="true" version="2" changeset="173109431" timestamp="2025-10-10T19:02:51Z" user="shinterro" uid="8562391" lat="33.7811984" lon="-84.3802411"/>
 <node id="2749708423" visible="true" version="2" changeset="173109431" timestamp="2025-10-10T19:02:51Z" user="shinterro" uid="8562391" lat="33.7811965" lon="-84.3803986"/>
 <node id="2749708425" visible="true" version="2" changeset="173109431" timestamp="2025-10-10T19:02:51Z" user="shinterro" uid="8562391" lat="33.7812056" lon="-84.3802411"/>
 <node id="2749708429" visible="true" version="2" changeset="173109431" timestamp="2025-10-10T19:02:51Z" user="shinterro" uid="8562391" lat="33.7812055" lon="-84.3803154"/>
 <node id="2749708432" visible="true" version="1" changeset="21365527" timestamp="2014-03-28T13:42:40Z" user="Saikrishna_FultonCountyImport" uid="1981121" lat="33.7812049" lon="-84.3799162"/>
 <node id="2749708434" visible="true" version="1" changeset="21365527" timestamp="2014-03-28T13:42:40Z" user="Saikrishna_FultonCountyImport" uid="1981121" lat="33.7812066" lon="-84.3798215"/>
 <node id="2749708437" visible="true" version="1" changeset="21365527" timestamp="2014-03-28T13:42:40Z" user="Saikrishna_FultonCountyImport" uid="1981121" lat="33.7812240" lon="-84.3795601"/>
 <node id="2749708440" visible="true" version="1" changeset="21365527" timestamp="2014-03-28T13:42:40Z" user="Saikrishna_FultonCountyImport" uid="1981121" lat="33.7812245" lon="-84.3795911"/>
 <node id="2749708442" visible="true" version="1" changeset="21365527" timestamp="2014-03-28T13:42:40Z" user="Saikrishna_FultonCountyImport" uid="1981121" lat="33.7812412" lon="-84.3795908"/>
 <node id="2749708446" visible="true" version="1" changeset="21365527" timestamp="2014-03-28T13:42:40Z" user="Saikrishna_FultonCountyImport" uid="1981121" lat="33.7812431" lon="-84.3797203"/>
 <node id="2749708449" visible="true" version="1" changeset="21365527" timestamp="2014-03-28T13:42:40Z" user="Saikrishna_FultonCountyImport" uid="1981121" lat="33.7812536" lon="-84.3795782"/>
 <node id="2749708451" visible="true" version="1" changeset="21365527" timestamp="2014-03-28T13:42:40Z" user="Saikrishna_FultonCountyImport" uid="1981121" lat="33.7812541" lon="-84.3797089"/>
 <node id="2749708454" visible="true" version="1" changeset="21365527" timestamp="2014-03-28T13:42:40Z" user="Saikrishna_FultonCountyImport" uid="1981121" lat="33.7812542" lon="-84.3796441"/>
 <node id="2749708457" visible="true" version="1" changeset="21365527" timestamp="2014-03-28T13:42:40Z" user="Saikrishna_FultonCountyImport" uid="1981121" lat="33.7812547" lon="-84.3797678"/>
 <node id="2749708458" visible="true" version="1" changeset="21365527" timestamp="2014-03-28T13:42:40Z" user="Saikrishna_FultonCountyImport" uid="1981121" lat="33.7812650" lon="-84.3796440"/>
 <node id="2749708460" visible="true" version="1" changeset="21365527" timestamp="2014-03-28T13:42:40Z" user="Saikrishna_FultonCountyImport" uid="1981121" lat="33.7812656" lon="-84.3797088"/>
 <node id="2749708462" visible="true" version="1" changeset="21365527" timestamp="2014-03-28T13:42:40Z" user="Saikrishna_FultonCountyImport" uid="1981121" lat="33.7812796" lon="-84.3797675"/>
 <node id="2749708464" visible="true" version="1" changeset="21365527" timestamp="2014-03-28T13:42:40Z" user="Saikrishna_FultonCountyImport" uid="1981121" lat="33.7812798" lon="-84.3797821"/>
 <node id="2749708465" visible="true" version="1" changeset="21365527" timestamp="2014-03-28T13:42:40Z" user="Saikrishna_FultonCountyImport" uid="1981121" lat="33.7812964" lon="-84.3795540"/>
 <node id="2749708466" visible="true" version="1" changeset="21365527" timestamp="2014-03-28T13:42:41Z" user="Saikrishna_FultonCountyImport" uid="1981121" lat="33.7812967" lon="-84.3795777"/>
 <node id="2749708467" visible="true" version="1" changeset="21365527" timestamp="2014-03-28T13:42:41Z" user="Saikrishna_FultonCountyImport" uid="1981121" lat="33.7813099" lon="-84.3790088"/>
 <node id="2749708468" visible="true" version="1" changeset="21365527" timestamp="2014-03-28T13:42:41Z" user="Saikrishna_FultonCountyImport" uid="1981121" lat="33.7813104" lon="-84.3792199"/>
 <node id="2749708469" visible="true" version="1" changeset="21365527" timestamp="2014-03-28T13:42:41Z" user="Saikrishna_FultonCountyImport" uid="1981121" lat="33.7813276" lon="-84.3789860"/>
 <node id="2749708470" visible="true" version="1" changeset="21365527" timestamp="2014-03-28T13:42:41Z" user="Saikrishna_FultonCountyImport" uid="1981121" lat="33.7813276" lon="-84.3790087"/>
 <node id="2749708471" visible="true" version="2" changeset="173028485" timestamp="2025-10-09T02:05:53Z" user="shinterro" uid="8562391" lat="33.7813703" lon="-84.3814589"/>
 <node id="2749708472" visible="true" version="2" changeset="173028485" timestamp="2025-10-09T02:05:53Z" user="shinterro" uid="8562391" lat="33.7813704" lon="-84.3814937"/>
 <node id="2749708473" visible="true" version="1" changeset="21365527" timestamp="2014-03-28T13:42:41Z" user="Saikrishna_FultonCountyImport" uid="1981121" lat="33.7813746" lon="-84.3796331"/>
 <node id="2749708474" visible="true" version="1" changeset="21365527" timestamp="2014-03-28T13:42:41Z" user="Saikrishna_FultonCountyImport" uid="1981121" lat="33.7813760" lon="-84.3797808"/>
 <node id="2749708475" visible="true" version="1" changeset="21365527" timestamp="2014-03-28T13:42:41Z" user="Saikrishna_FultonCountyImport" uid="1981121" lat="33.7813811" lon="-84.3795529"/>
 <node id="2749708476" visible="true" version="1" changeset="21365527" timestamp="2014-03-28T13:42:41Z" user="Saikrishna_FultonCountyImport" uid="1981121" lat="33.7813818" lon="-84.3796330"/>
 <node id="2749708477" visible="true" version="1" changeset="21365527" timestamp="2014-03-28T13:42:41Z" user="Saikrishna_FultonCountyImport" uid="1981121" lat="33.7813899" lon="-84.3795813"/>
 <node id="2749708479" visible="true" version="1" changeset="21365527" timestamp="2014-03-28T13:42:41Z" user="Saikrishna_FultonCountyImport" uid="1981121" lat="33.7813925" lon="-84.3797359"/>
 <node id="2749708481" visible="true" version="2" changeset="173028485" timestamp="2025-10-09T02:05:53Z" user="shinterro" uid="8562391" lat="33.7813997" lon="-84.3814588"/>
 <node id="2749708483" visible="true" version="2" changeset="173028485" timestamp="2025-10-09T02:05:53Z" user="shinterro" uid="8562391" lat="33.7813998" lon="-84.3814935"/>
 <node id="2749708485" visible="true" version="1" changeset="21365527" timestamp="2014-03-28T13:42:41Z" user="Saikrishna_FultonCountyImport" uid="1981121" lat="33.7814055" lon="-84.3789857"/>
 <node id="2749708487" visible="true" version="1" changeset="21365527" timestamp="2014-03-28T13:42:41Z" user="Saikrishna_FultonCountyImport" uid="1981121" lat="33.7814056" lon="-84.3790109"/>
 <node id="2749708489" visible="true" version="1" changeset="21365527" timestamp="2014-03-28T13:42:41Z" user="Saikrishna_FultonCountyImport" uid="1981121" lat="33.7814114" lon="-84.3795537"/>
 <node id="2749708492" visible="true" version="1" changeset="21365527" timestamp="2014-03-28T13:42:41Z" user="Saikrishna_FultonCountyImport" uid="1981121" lat="33.7814118" lon="-84.3795807"/>
 <node id="2749708494" visible="true" version="1" changeset="21365527" timestamp="2014-03-28T13:42:41Z" user="Saikrishna_FultonCountyImport" uid="1981121" lat="33.7814209" lon="-84.3790108"/>
 <node id="2749708496" visible="true" version="1" changeset="21365527" timestamp="2014-03-28T13:42:41Z" user="Saikrishna_FultonCountyImport" uid="1981121" lat="33.7814215" lon="-84.3792195"/>
 <node id="2749708498" visible="true" version="1" changeset="21365527" timestamp="2014-03-28T13:42:41Z" user="Saikrishna_FultonCountyImport" uid="1981121" lat="33.7814412" lon="-84.3813555"/>
 <node id="2749708500" visible="true" version="1" changeset="21365527" timestamp="2014-03-28T13:42:41Z" user="Saikrishna_FultonCountyImport" uid="1981121" lat="33.7814415" lon="-84.3814371"/>
 <node id="2749708502" visible="true" version="1" changeset="21365527" timestamp="2014-03-28T13:42:41Z" user="Saikrishna_FultonCountyImport" uid="1981121" lat="33.7814473" lon="-84.3789947"/>
 <node id="2749708504" visible="true" version="1" changeset="21365527" timestamp="2014-03-28T13:42:41Z" user="Saikrishna_FultonCountyImport" uid="1981121" lat="33.7814494" lon="-84.3792186"/>
 <node id="2749708506" visible="true" version="1" changeset="21365527" timestamp="2014-03-28T13:42:41Z" user="Saikrishna_FultonCountyImport" uid="1981121" lat="33.7814617" lon="-84.3795525"/>
 <node id="2749708509" visible="true" version="1" changeset="21365527" timestamp="2014-03-28T13:42:41Z" user="Saikrishna_FultonCountyImport" uid="1981121" lat="33.7814622" lon="-84.3795800"/>
 <node id="2749708511" visible="true" version="1" changeset="21365527" timestamp="2014-03-28T13:42:41Z" user="Saikrishna_FultonCountyImport" uid="1981121" lat="33.7814791" lon="-84.3795796"/>
 <node id="2749708513" visible="true" version="1" changeset="21365527" timestamp="2014-03-28T13:42:41Z" user="Saikrishna_FultonCountyImport" uid="1981121" lat="33.7814817" lon="-84.3797337"/>
 <node id="2749708515" visible="true" version="1" changeset="21365527" timestamp="2014-03-28T13:42:41Z" user="Saikrishna_FultonCountyImport" uid="1981121" lat="33.7815001" lon="-84.3797679"/>
 <node id="2749708517" visible="true" version="1" changeset="21365527" timestamp="2014-03-28T13:42:41Z" user="Saikrishna_FultonCountyImport" uid="1981121" lat="33.7815017" lon="-84.3795597"/>
 <node id="2749708519" visible="true" version="1" changeset="21365527" timestamp="2014-03-28T13:42:41Z" user="Saikrishna_FultonCountyImport" uid="1981121" lat="33.7815024" lon="-84.3814252"/>
 <node id="2749708521" visible="true" version="1" changeset="21365527" timestamp="2014-03-28T13:42:41Z" user="Saikrishna_FultonCountyImport" uid="1981121" lat="33.7815024" lon="-84.3814367"/>
 <node id="2749708523" visible="true" version="1" changeset="21365527" timestamp="2014-03-28T13:42:41Z" user="Saikrishna_FultonCountyImport" uid="1981121" lat="33.7815199" lon="-84.3795515"/>
 <node id="2749708525" visible="true" version="1" changeset="21365527" timestamp="2014-03-28T13:42:41Z" user="Saikrishna_FultonCountyImport" uid="1981121" lat="33.7815199" lon="-84.3795599"/>
 <node id="2749708527" visible="true" version="1" changeset="21365527" timestamp="2014-03-28T13:42:41Z" user="Saikrishna_FultonCountyImport" uid="1981121" lat="33.7815264" lon="-84.3813469"/>
 <node id="2749708529" visible="true" version="1" changeset="21365527" timestamp="2014-03-28T13:42:41Z" user="Saikrishna_FultonCountyImport" uid="1981121" lat="33.7815264" lon="-84.3813549"/>
 <node id="2749708531" visible="true" version="1" changeset="21365527" timestamp="2014-03-28T13:42:41Z" user="Saikrishna_FultonCountyImport" uid="1981121" lat="33.7815297" lon="-84.3789936"/>
 <node id="2749708533" visible="true" version="1" changeset="21365527" timestamp="2014-03-28T13:42:41Z" user="Saikrishna_FultonCountyImport" uid="1981121" lat="33.7815300" lon="-84.3790251"/>
 <node id="2749708544" visible="true" version="1" changeset="21365527" timestamp="2014-03-28T13:42:41Z" user="Saikrishna_FultonCountyImport" uid="1981121" lat="33.7815423" lon="-84.3790250"/>
 <node id="2749708546" visible="true" version="1" changeset="21365527" timestamp="2014-03-28T13:42:42Z" user="Saikrishna_FultonCountyImport" uid="1981121" lat="33.7815441" lon="-84.3792174"/>
 <node id="2749708548" visible="true" version="1" changeset="21365527" timestamp="2014-03-28T13:42:42Z" user="Saikrishna_FultonCountyImport" uid="1981121" lat="33.7815689" lon="-84.3790253"/>
 <node id="2749708550" visible="true" version="1" changeset="21365527" timestamp="2014-03-28T13:42:42Z" user="Saikrishna_FultonCountyImport" uid="1981121" lat="33.7815742" lon="-84.3792226"/>
 <node id="2749708554" visible="true" version="1" changeset="21365527" timestamp="2014-03-28T13:42:42Z" user="Saikrishna_FultonCountyImport" uid="1981121" lat="33.7815841" lon="-84.3797688"/>
 <node id="2749708557" visible="true" version="1" changeset="21365527" timestamp="2014-03-28T13:42:42Z" user="Saikrishna_FultonCountyImport" uid="1981121" lat="33.7815844" lon="-84.3797283"/>
 <node id="2749708559" visible="true" version="1" changeset="21365527" timestamp="2014-03-28T13:42:42Z" user="Saikrishna_FultonCountyImport" uid="1981121" lat="33.7815963" lon="-84.3797284"/>
 <node id="2749708561" visible="true" version="1" changeset="21365527" timestamp="2014-03-28T13:42:42Z" user="Saikrishna_FultonCountyImport" uid="1981121" lat="33.7815966" lon="-84.3814141"/>
 <node id="2749708563" visible="true" version="1" changeset="21365527" timestamp="2014-03-28T13:42:42Z" user="Saikrishna_FultonCountyImport" uid="1981121" lat="33.7815966" lon="-84.3814246"/>
 <node id="2749708565" visible="true" version="1" changeset="21365527" timestamp="2014-03-28T13:42:42Z" user="Saikrishna_FultonCountyImport" uid="1981121" lat="33.7815976" lon="-84.3795524"/>
 <node id="2749708567" visible="true" version="1" changeset="21365527" timestamp="2014-03-28T13:42:42Z" user="Saikrishna_FultonCountyImport" uid="1981121" lat="33.7816082" lon="-84.3795615"/>
 <node id="2749708571" visible="true" version="1" changeset="21365527" timestamp="2014-03-28T13:42:42Z" user="Saikrishna_FultonCountyImport" uid="1981121" lat="33.7816107" lon="-84.3797465"/>
 <node id="2749708573" visible="true" version="1" changeset="21365527" timestamp="2014-03-28T13:42:42Z" user="Saikrishna_FultonCountyImport" uid="1981121" lat="33.7816233" lon="-84.3813463"/>
 <node id="2749708575" visible="true" version="1" changeset="21365527" timestamp="2014-03-28T13:42:42Z" user="Saikrishna_FultonCountyImport" uid="1981121" lat="33.7816236" lon="-84.3814140"/>
 <node id="2749708580" visible="true" version="1" changeset="21365527" timestamp="2014-03-28T13:42:42Z" user="Saikrishna_FultonCountyImport" uid="1981121" lat="33.7816479" lon="-84.3791875"/>
 <node id="2749708582" visible="true" version="1" changeset="21365527" timestamp="2014-03-28T13:42:42Z" user="Saikrishna_FultonCountyImport" uid="1981121" lat="33.7816488" lon="-84.3792198"/>
 <node id="2749708584" visible="true" version="1" changeset="21365527" timestamp="2014-03-28T13:42:42Z" user="Saikrishna_FultonCountyImport" uid="1981121" lat="33.7816583" lon="-84.3797270"/>
 <node id="2749708586" visible="true" version="1" changeset="21365527" timestamp="2014-03-28T13:42:42Z" user="Saikrishna_FultonCountyImport" uid="1981121" lat="33.7816586" lon="-84.3797456"/>
 <node id="2749708590" visible="true" version="1" changeset="21365527" timestamp="2014-03-28T13:42:42Z" user="Saikrishna_FultonCountyImport" uid="1981121" lat="33.7816628" lon="-84.3790218"/>
 <node id="2749708592" visible="true" version="1" changeset="21365527" timestamp="2014-03-28T13:42:42Z" user="Saikrishna_FultonCountyImport" uid="1981121" lat="33.7816672" lon="-84.3791868"/>
 <node id="2749708595" visible="true" version="1" changeset="21365527" timestamp="2014-03-28T13:42:42Z" user="Saikrishna_FultonCountyImport" uid="1981121" lat="33.7816855" lon="-84.3795600"/>
 <node id="2749708597" visible="true" version="1" changeset="21365527" timestamp="2014-03-28T13:42:42Z" user="Saikrishna_FultonCountyImport" uid="1981121" lat="33.7816857" lon="-84.3795748"/>
 <node id="2749708599" visible="true" version="1" changeset="21365527" timestamp="2014-03-28T13:42:42Z" user="Saikrishna_FultonCountyImport" uid="1981121" lat="33.7817008" lon="-84.3795745"/>
 <node id="2749708601" visible="true" version="1" changeset="21365527" timestamp="2014-03-28T13:42:42Z" user="Saikrishna_FultonCountyImport" uid="1981121" lat="33.7817029" lon="-84.3797261"/>
 <node id="2749708629" visible="true" version="2" changeset="173028485" timestamp="2025-10-09T02:05:53Z" user="shinterro" uid="8562391" lat="33.7822279" lon="-84.3806664"/>
 <node id="2749708631" visible="true" version="2" changeset="173028485" timestamp="2025-10-09T02:05:53Z" user="shinterro" uid="8562391" lat="33.7822285" lon="-84.3804944"/>
 <node id="2749708637" visible="true" version="2" changeset="173028485" timestamp="2025-10-09T02:05:53Z" user="shinterro" uid="8562391" lat="33.7823250" lon="-84.3806669"/>
 <node id="2749708639" visible="true" version="2" changeset="173028485" timestamp="2025-10-09T02:05:53Z" user="shinterro" uid="8562391" lat="33.7823256" lon="-84.3804949"/>
 <node id="2749708642" visible="true" version="2" changeset="173028485" timestamp="2025-10-09T02:05:53Z" user="shinterro" uid="8562391" lat="33.7823501" lon="-84.3805635"/>
 <node id="2749708644" visible="true" version="2" changeset="173028485" timestamp="2025-10-09T02:05:53Z" user="shinterro" uid="8562391" lat="33.7823513" lon="-84.3806662"/>
 <node id="2749708646" visible="true" version="2" changeset="173028485" timestamp="2025-10-09T02:05:53Z" user="shinterro" uid="8562391" lat="33.7823576" lon="-84.3804938"/>
 <node id="2749708655" visible="true" version="2" changeset="173028485" timestamp="2025-10-09T02:05:53Z" user="shinterro" uid="8562391" lat="33.7824175" lon="-84.3806307"/>
 <node id="2749708657" visible="true" version="2" changeset="173028485" timestamp="2025-10-09T02:05:53Z" user="shinterro" uid="8562391" lat="33.7824179" lon="-84.3806651"/>
 <node id="2749708659" visible="true" version="2" changeset="173028485" timestamp="2025-10-09T02:05:53Z" user="shinterro" uid="8562391" lat="33.7824568" lon="-84.3804921"/>
 <node id="2749708661" visible="true" version="2" changeset="173028485" timestamp="2025-10-09T02:05:53Z" user="shinterro" uid="8562391" lat="33.7824584" lon="-84.3806300"/>
 <node id="2749708693" visible="true" version="3" changeset="175203128" timestamp="2025-11-27T15:32:05Z" user="shinterro" uid="8562391" lat="33.7826408" lon="-84.3793448"/>
 <node id="2749708696" visible="true" version="3" changeset="175203128" timestamp="2025-11-27T15:32:05Z" user="shinterro" uid="8562391" lat="33.7826377" lon="-84.3792312"/>
 <node id="2749708785" visible="true" version="3" changeset="175203128" timestamp="2025-11-27T15:32:05Z" user="shinterro" uid="8562391" lat="33.7828197" lon="-84.3792050"/>
 <node id="2749708788" visible="true" version="3" changeset="175203128" timestamp="2025-11-27T15:32:05Z" user="shinterro" uid="8562391" lat="33.7828176" lon="-84.3792912"/>
 <node id="2749708935" visible="true" version="2" changeset="173231595" timestamp="2025-10-13T14:43:36Z" user="shinterro" uid="8562391" lat="33.7829674" lon="-84.3790306"/>
 <node id="2749708943" visible="true" version="2" changeset="173231595" timestamp="2025-10-13T14:43:36Z" user="shinterro" uid="8562391" lat="33.7829717" lon="-84.3791502"/>
 <node id="2749708966" visible="true" version="2" changeset="173231595" timestamp="2025-10-13T14:43:36Z" user="shinterro" uid="8562391" lat="33.7830440" lon="-84.3790266"/>
 <node id="2749708968" visible="true" version="2" changeset="173231595" timestamp="2025-10-13T14:43:36Z" user="shinterro" uid="8562391" lat="33.7830447" lon="-84.3790435"/>
 <node id="2749709011" visible="true" version="2" changeset="173231595" timestamp="2025-10-13T14:43:36Z" user="shinterro" uid="8562391" lat="33.7831286" lon="-84.3790391"/>
 <node id="2749709014" visible="true" version="2" changeset="173231595" timestamp="2025-10-13T14:43:36Z" user="shinterro" uid="8562391" lat="33.7831293" lon="-84.3790589"/>
 <node id="2749709040" visible="true" version="2" changeset="173231595" timestamp="2025-10-13T14:43:36Z" user="shinterro" uid="8562391" lat="33.7831523" lon="-84.3790577"/>
 <node id="2749709045" visible="true" version="2" changeset="173231595" timestamp="2025-10-13T14:43:36Z" user="shinterro" uid="8562391" lat="33.7831549" lon="-84.3791298"/>
 <node id="4063578912" visible="true" version="3" changeset="173109431" timestamp="2025-10-10T19:02:51Z" user="shinterro" uid="8562391" lat="33.7817335" lon="-84.3795933">
  <tag k="amenity" v="bicycle_repair_station"/>
  <tag k="brand" v="Dero"/>
  <tag k="note" v="10th and Myrtle"/>
  <tag k="opening_hours" v="24/7"/>
  <tag k="service:bicycle:pump" v="yes"/>
  <tag k="service:bicycle:tools" v="yes"/>
 </node>
 <node id="4165941958" visible="true" version="3" changeset="172770479" timestamp="2025-10-03T02:45:42Z" user="shinterro" uid="8562391" lat="33.7829845" lon="-84.3822854">
  <tag k="barrier" v="kerb"/>
  <tag k="kerb" v="lowered"/>
  <tag k="tactile_paving" v="yes"/>
 </node>
 <node id="4165941979" visible="true" version="3" changeset="150725828" timestamp="2024-04-30T21:06:22Z" user="SamWhited" uid="14994176" lat="33.7818539" lon="-84.3824131">
  <tag k="barrier" v="kerb"/>
  <tag k="kerb" v="lowered"/>
  <tag k="tactile_paving" v="yes"/>
 </node>
 <node id="4165941980" visible="true" version="8" changeset="185616482" timestamp="2026-07-12T21:51:26Z" user="Cerras" uid="24292237" lat="33.7817646" lon="-84.3824189">
  <tag k="button_operated" v="yes"/>
  <tag k="crossing" v="traffic_signals"/>
  <tag k="crossing:island" v="no"/>
  <tag k="highway" v="crossing"/>
  <tag k="tactile_paving" v="yes"/>
  <tag k="traffic_signals:sound" v="no"/>
  <tag k="traffic_signals:vibration" v="no"/>
 </node>
 <node id="4165941981" visible="true" version="5" changeset="177452413" timestamp="2026-01-19T22:54:46Z" user="adelriosantiago" uid="12908516" lat="33.7816793" lon="-84.3824261">
  <tag k="barrier" v="kerb"/>
  <tag k="kerb" v="lowered"/>
  <tag k="tactile_paving" v="yes"/>
 </node>
 <node id="4873116891" visible="true" version="1" changeset="48931963" timestamp="2017-05-24T01:32:47Z" user="taposm" uid="166668" lat="33.7824947" lon="-84.3763505"/>
 <node id="4873116892" visible="true" version="1" changeset="48931963" timestamp="2017-05-24T01:32:47Z" user="taposm" uid="166668" lat="33.7824223" lon="-84.3767837"/>
 <node id="4873116893" visible="true" version="1" changeset="48931963" timestamp="2017-05-24T01:32:47Z" user="taposm" uid="166668" lat="33.7823933" lon="-84.3766750"/>
 <node id="4873116894" visible="true" version="1" changeset="48931963" timestamp="2017-05-24T01:32:47Z" user="taposm" uid="166668" lat="33.7823643" lon="-84.3765382"/>
 <node id="4873116895" visible="true" version="1" changeset="48931963" timestamp="2017-05-24T01:32:47Z" user="taposm" uid="166668" lat="33.7824301" lon="-84.3763666"/>
 <node id="4873116896" visible="true" version="1" changeset="48931963" timestamp="2017-05-24T01:32:47Z" user="taposm" uid="166668" lat="33.7826029" lon="-84.3764256"/>
 <node id="4873116897" visible="true" version="1" changeset="48931963" timestamp="2017-05-24T01:32:47Z" user="taposm" uid="166668" lat="33.7826341" lon="-84.3765208"/>
 <node id="4873116898" visible="true" version="1" changeset="48931963" timestamp="2017-05-24T01:32:47Z" user="taposm" uid="166668" lat="33.7826452" lon="-84.3766254"/>
 <node id="5199955798" visible="true" version="3" changeset="173028485" timestamp="2025-10-09T02:05:53Z" user="shinterro" uid="8562391" lat="33.7829166" lon="-84.3810783"/>
 <node id="5199955799" visible="true" version="3" changeset="173028485" timestamp="2025-10-09T02:05:53Z" user="shinterro" uid="8562391" lat="33.7829061" lon="-84.3817463"/>
 <node id="5199955800" visible="true" version="3" changeset="173028485" timestamp="2025-10-09T02:05:53Z" user="shinterro" uid="8562391" lat="33.7827251" lon="-84.3817465"/>
 <node id="5199955801" visible="true" version="3" changeset="173028485" timestamp="2025-10-09T02:05:53Z" user="shinterro" uid="8562391" lat="33.7827154" lon="-84.3810979"/>
 <node id="5199956485" visible="true" version="2" changeset="173028485" timestamp="2025-10-09T02:05:53Z" user="shinterro" uid="8562391" lat="33.7829191" lon="-84.3802844"/>
 <node id="5199956486" visible="true" version="2" changeset="173028485" timestamp="2025-10-09T02:05:53Z" user="shinterro" uid="8562391" lat="33.7829170" lon="-84.3802601"/>
 <node id="5199956487" visible="true" version="2" changeset="173028485" timestamp="2025-10-09T02:05:53Z" user="shinterro" uid="8562391" lat="33.7829051" lon="-84.3802384"/>
 <node id="5199956488" visible="true" version="2" changeset="173028485" timestamp="2025-10-09T02:05:53Z" user="shinterro" uid="8562391" lat="33.7828774" lon="-84.3802245"/>
 <node id="5199956489" visible="true" version="2" changeset="173028485" timestamp="2025-10-09T02:05:53Z" user="shinterro" uid="8562391" lat="33.7828556" lon="-84.3802300"/>
 <node id="5199956490" visible="true" version="2" changeset="173028485" timestamp="2025-10-09T02:05:53Z" user="shinterro" uid="8562391" lat="33.7828441" lon="-84.3802400"/>
 <node id="5199956491" visible="true" version="2" changeset="173028485" timestamp="2025-10-09T02:05:53Z" user="shinterro" uid="8562391" lat="33.7828355" lon="-84.3802545"/>
 <node id="5199956492" visible="true" version="2" changeset="173028485" timestamp="2025-10-09T02:05:53Z" user="shinterro" uid="8562391" lat="33.7828315" lon="-84.3802711"/>
 <node id="5199956493" visible="true" version="2" changeset="173028485" timestamp="2025-10-09T02:05:53Z" user="shinterro" uid="8562391" lat="33.7824746" lon="-84.3804396"/>
 <node id="5199956494" visible="true" version="3" changeset="173028485" timestamp="2025-10-09T02:05:53Z" user="shinterro" uid="8562391" lat="33.7824740" lon="-84.3810976"/>
 <node id="5416416503" visible="true" version="1" changeset="56412417" timestamp="2018-02-16T12:23:59Z" user="muziriana" uid="6058023" lat="33.7837905" lon="-84.3791921"/>
 <node id="5416485154" visible="true" version="2" changeset="173231595" timestamp="2025-10-13T14:43:36Z" user="shinterro" uid="8562391" lat="33.7829540" lon="-84.3790086"/>
 <node id="5416485155" visible="true" version="2" changeset="173231595" timestamp="2025-10-13T14:43:36Z" user="shinterro" uid="8562391" lat="33.7832377" lon="-84.3789990"/>
 <node id="5416485179" visible="true" version="1" changeset="56413398" timestamp="2018-02-16T13:05:36Z" user="muziriana" uid="6058023" lat="33.7836546" lon="-84.3792924"/>
 <node id="5416485183" visible="true" version="1" changeset="56413398" timestamp="2018-02-16T13:05:36Z" user="muziriana" uid="6058023" lat="33.7838834" lon="-84.3791315"/>
 <node id="5416547085" visible="true" version="1" changeset="56414404" timestamp="2018-02-16T13:48:21Z" user="muziriana" uid="6058023" lat="33.7823406" lon="-84.3807067"/>
 <node id="5416547086" visible="true" version="1" changeset="56414404" timestamp="2018-02-16T13:48:22Z" user="muziriana" uid="6058023" lat="33.7823373" lon="-84.3804489"/>
 <node id="5416547087" visible="true" version="1" changeset="56414404" timestamp="2018-02-16T13:48:22Z" user="muziriana" uid="6058023" lat="33.7823132" lon="-84.3803011"/>
 <node id="5416547088" visible="true" version="1" changeset="56414404" timestamp="2018-02-16T13:48:22Z" user="muziriana" uid="6058023" lat="33.7821787" lon="-84.3797589"/>
 <node id="5416547089" visible="true" version="1" changeset="56414404" timestamp="2018-02-16T13:48:22Z" user="muziriana" uid="6058023" lat="33.7821871" lon="-84.3802384"/>
 <node id="5416547090" visible="true" version="1" changeset="56414404" timestamp="2018-02-16T13:48:22Z" user="muziriana" uid="6058023" lat="33.7822013" lon="-84.3803366"/>
 <node id="5416547091" visible="true" version="1" changeset="56414404" timestamp="2018-02-16T13:48:22Z" user="muziriana" uid="6058023" lat="33.7822540" lon="-84.3795034"/>
 <node id="5416547092" visible="true" version="1" changeset="56414404" timestamp="2018-02-16T13:48:22Z" user="muziriana" uid="6058023" lat="33.7825042" lon="-84.3794954"/>
 <node id="5416547093" visible="true" version="2" changeset="173109431" timestamp="2025-10-10T19:02:51Z" user="shinterro" uid="8562391" lat="33.7825839" lon="-84.3794925"/>
 <node id="5416547094" visible="true" version="1" changeset="56414404" timestamp="2018-02-16T13:48:22Z" user="muziriana" uid="6058023" lat="33.7823911" lon="-84.3810001"/>
 <node id="5416547095" visible="true" version="1" changeset="56414404" timestamp="2018-02-16T13:48:22Z" user="muziriana" uid="6058023" lat="33.7822696" lon="-84.3809854"/>
 <node id="5416547096" visible="true" version="1" changeset="56414404" timestamp="2018-02-16T13:48:22Z" user="muziriana" uid="6058023" lat="33.7819352" lon="-84.3809424"/>
 <node id="5416547097" visible="true" version="3" changeset="173109431" timestamp="2025-10-10T19:02:51Z" user="shinterro" uid="8562391" lat="33.7817835" lon="-84.3809309"/>
 <node id="5416547103" visible="true" version="2" changeset="117886530" timestamp="2022-02-26T17:24:50Z" user="demory" uid="186210" lat="33.7817684" lon="-84.3820296"/>
 <node id="5424142497" visible="true" version="1" changeset="56514040" timestamp="2018-02-20T08:54:58Z" user="Iqhra" uid="6371645" lat="33.7811148" lon="-84.3780456"/>
 <node id="5424142498" visible="true" version="1" changeset="56514040" timestamp="2018-02-20T08:54:58Z" user="Iqhra" uid="6371645" lat="33.7806956" lon="-84.3780550"/>
 <node id="5424144250" visible="true" version="1" changeset="56514080" timestamp="2018-02-20T08:56:30Z" user="Iqhra" uid="6371645" lat="33.7816250" lon="-84.3806132"/>
 <node id="5424144251" visible="true" version="3" changeset="173109431" timestamp="2025-10-10T19:02:51Z" user="shinterro" uid="8562391" lat="33.7809833" lon="-84.3806834"/>
 <node id="5424144252" visible="true" version="3" changeset="123584594" timestamp="2022-07-14T00:08:02Z" user="jleathe" uid="7523014" lat="33.7810295" lon="-84.3812908"/>
 <node id="5424144253" visible="true" version="3" changeset="123584594" timestamp="2022-07-14T00:08:02Z" user="jleathe" uid="7523014" lat="33.7811670" lon="-84.3813443"/>
 <node id="5424144254" visible="true" version="2" changeset="123584594" timestamp="2022-07-14T00:08:02Z" user="jleathe" uid="7523014" lat="33.7812596" lon="-84.3809873"/>
 <node id="5424144255" visible="true" version="2" changeset="119599179" timestamp="2022-04-12T00:19:38Z" user="David Andron" uid="10594286" lat="33.7812600" lon="-84.3812894"/>
 <node id="5424144257" visible="true" version="1" changeset="56514080" timestamp="2018-02-20T08:56:31Z" user="Iqhra" uid="6371645" lat="33.7814018" lon="-84.3812267"/>
 <node id="5424144258" visible="true" version="1" changeset="56514080" timestamp="2018-02-20T08:56:31Z" user="Iqhra" uid="6371645" lat="33.7816244" lon="-84.3805093"/>
 <node id="5424144259" visible="true" version="2" changeset="123584594" timestamp="2022-07-14T00:08:02Z" user="jleathe" uid="7523014" lat="33.7816214" lon="-84.3811859"/>
 <node id="5424144260" visible="true" version="3" changeset="173109431" timestamp="2025-10-10T19:02:51Z" user="shinterro" uid="8562391" lat="33.7817781" lon="-84.3811672"/>
 <node id="5834678446" visible="true" version="1" changeset="61690508" timestamp="2018-08-15T16:14:05Z" user="herbm123" uid="8241265" lat="33.7858393" lon="-84.3782343"/>
 <node id="6003256649" visible="true" version="2" changeset="117918584" timestamp="2022-02-27T18:42:43Z" user="demory" uid="186210" lat="33.7818321" lon="-84.3697783"/>
 <node id="6003256650" visible="true" version="2" changeset="117918584" timestamp="2022-02-27T18:42:43Z" user="demory" uid="186210" lat="33.7818325" lon="-84.3713826"/>
 <node id="6003256651" visible="true" version="2" changeset="117918584" timestamp="2022-02-27T18:42:43Z" user="demory" uid="186210" lat="33.7818350" lon="-84.3717154"/>
 <node id="6003256653" visible="true" version="2" changeset="117918584" timestamp="2022-02-27T18:42:43Z" user="demory" uid="186210" lat="33.7818385" lon="-84.3730923"/>
 <node id="6003256654" visible="true" version="2" changeset="117918584" timestamp="2022-02-27T18:42:43Z" user="demory" uid="186210" lat="33.7818389" lon="-84.3743646"/>
 <node id="6003256655" visible="true" version="2" changeset="117918584" timestamp="2022-02-27T18:42:43Z" user="demory" uid="186210" lat="33.7818411" lon="-84.3753911"/>
 <node id="6003256656" visible="true" version="2" changeset="117918584" timestamp="2022-02-27T18:42:43Z" user="demory" uid="186210" lat="33.7818417" lon="-84.3764834"/>
 <node id="6003256657" visible="true" version="2" changeset="117918584" timestamp="2022-02-27T18:42:43Z" user="demory" uid="186210" lat="33.7818407" lon="-84.3770044"/>
 <node id="6003256658" visible="true" version="2" changeset="117918584" timestamp="2022-02-27T18:42:43Z" user="demory" uid="186210" lat="33.7818431" lon="-84.3781478"/>
 <node id="6003256661" visible="true" version="3" changeset="173028485" timestamp="2025-10-09T02:05:53Z" user="shinterro" uid="8562391" lat="33.7818756" lon="-84.3803166"/>
 <node id="6003256662" visible="true" version="7" changeset="185616482" timestamp="2026-07-12T21:48:12Z" user="Cerras" uid="24292237" lat="33.7818760" lon="-84.3804364">
  <tag k="button_operated" v="yes"/>
  <tag k="crossing" v="traffic_signals"/>
  <tag k="highway" v="crossing"/>
  <tag k="tactile_paving" v="yes"/>
  <tag k="traffic_signals:sound" v="no"/>
  <tag k="traffic_signals:vibration" v="no"/>
 </node>
 <node id="6003256663" visible="true" version="3" changeset="173028485" timestamp="2025-10-09T02:05:53Z" user="shinterro" uid="8562391" lat="33.7818709" lon="-84.3805364"/>
 <node id="6003256664" visible="true" version="2" changeset="173028485" timestamp="2025-10-09T02:05:53Z" user="shinterro" uid="8562391" lat="33.7818587" lon="-84.3809337"/>
 <node id="6003256665" visible="true" version="2" changeset="119443526" timestamp="2022-04-07T20:37:02Z" user="demory" uid="186210" lat="33.7818539" lon="-84.3811409"/>
 <node id="6003256666" visible="true" version="2" changeset="119443526" timestamp="2022-04-07T20:37:02Z" user="demory" uid="186210" lat="33.7818404" lon="-84.3820292"/>
 <node id="6005931640" visible="true" version="1" changeset="63773552" timestamp="2018-10-22T21:20:34Z" user="afonit" uid="3327134" lat="33.7796890" lon="-84.3809635"/>
 <node id="6005931641" visible="true" version="1" changeset="63773552" timestamp="2018-10-22T21:20:34Z" user="afonit" uid="3327134" lat="33.7807182" lon="-84.3806759"/>
 <node id="6005931642" visible="true" version="2" changeset="173109431" timestamp="2025-10-10T19:02:51Z" user="shinterro" uid="8562391" lat="33.7814069" lon="-84.3804905"/>
 <node id="6005931643" visible="true" version="2" changeset="173109431" timestamp="2025-10-10T19:02:51Z" user="shinterro" uid="8562391" lat="33.7815194" lon="-84.3804553"/>
 <node id="6005931644" visible="true" version="9" changeset="185616482" timestamp="2026-07-12T21:47:42Z" user="Cerras" uid="24292237" lat="33.7817948" lon="-84.3803649">
  <tag k="button_operated" v="yes"/>
  <tag k="crossing" v="traffic_signals"/>
  <tag k="crossing:island" v="no"/>
  <tag k="highway" v="crossing"/>
  <tag k="tactile_paving" v="yes"/>
  <tag k="traffic_signals:sound" v="no"/>
  <tag k="traffic_signals:vibration" v="no"/>
 </node>
 <node id="6005931645" visible="true" version="3" changeset="173028485" timestamp="2025-10-09T02:05:53Z" user="shinterro" uid="8562391" lat="33.7818827" lon="-84.3803391"/>
 <node id="6005931646" visible="true" version="2" changeset="117886530" timestamp="2022-02-26T17:24:50Z" user="demory" uid="186210" lat="33.7821906" lon="-84.3802619"/>
 <node id="6005931647" visible="true" version="9" changeset="185608973" timestamp="2026-07-12T19:14:31Z" user="Cerras" uid="24292237" lat="33.7825942" lon="-84.3801043">
  <tag k="crossing:island" v="no"/>
  <tag k="crossing:markings" v="yes"/>
  <tag k="crossing:signals" v="no"/>
  <tag k="highway" v="crossing"/>
  <tag k="tactile_paving" v="yes"/>
 </node>
 <node id="6005931648" visible="true" version="2" changeset="117886530" timestamp="2022-02-26T17:24:50Z" user="demory" uid="186210" lat="33.7827620" lon="-84.3799954"/>
 <node id="6005931649" visible="true" version="3" changeset="173231595" timestamp="2025-10-13T14:43:36Z" user="shinterro" uid="8562391" lat="33.7829423" lon="-84.3798382"/>
 <node id="6005931660" visible="true" version="2" changeset="119599179" timestamp="2022-04-12T00:19:38Z" user="David Andron" uid="10594286" lat="33.7816249" lon="-84.3805995"/>
 <node id="6005931662" visible="true" version="9" changeset="185609212" timestamp="2026-07-12T19:12:48Z" user="Cerras" uid="24292237" lat="33.7817915" lon="-84.3805726">
  <tag k="button_operated" v="yes"/>
  <tag k="crossing" v="traffic_signals"/>
  <tag k="crossing:island" v="no"/>
  <tag k="highway" v="crossing"/>
  <tag k="tactile_paving" v="yes"/>
  <tag k="traffic_signals:sound" v="no"/>
  <tag k="traffic_signals:vibration" v="no"/>
 </node>
 <node id="6005931664" visible="true" version="2" changeset="117886530" timestamp="2022-02-26T17:24:50Z" user="demory" uid="186210" lat="33.7821201" lon="-84.3804590"/>
 <node id="6005931665" visible="true" version="2" changeset="117886530" timestamp="2022-02-26T17:24:50Z" user="demory" uid="186210" lat="33.7823374" lon="-84.3803877"/>
 <node id="6005931666" visible="true" version="2" changeset="117886530" timestamp="2022-02-26T17:24:50Z" user="demory" uid="186210" lat="33.7825889" lon="-84.3803064"/>
 <node id="6005931667" visible="true" version="3" changeset="173028485" timestamp="2025-10-09T02:05:53Z" user="shinterro" uid="8562391" lat="33.7829704" lon="-84.3800465">
  <tag k="barrier" v="kerb"/>
  <tag k="kerb" v="lowered"/>
  <tag k="tactile_paving" v="yes"/>
 </node>
 <node id="6005931668" visible="true" version="8" changeset="185608973" timestamp="2026-07-12T19:15:06Z" user="Cerras" uid="24292237" lat="33.7830192" lon="-84.3799982">
  <tag k="crossing:island" v="no"/>
  <tag k="crossing:markings" v="yes"/>
  <tag k="crossing:signals" v="no"/>
  <tag k="highway" v="crossing"/>
  <tag k="tactile_paving" v="yes"/>
 </node>
 <node id="6005931679" visible="true" version="7" changeset="185609083" timestamp="2026-07-12T19:17:04Z" user="Cerras" uid="24292237" lat="33.7842099" lon="-84.3789354">
  <tag k="button_operated" v="yes"/>
  <tag k="crossing" v="traffic_signals"/>
  <tag k="crossing:markings" v="ladder:paired"/>
  <tag k="crossing:signals" v="yes"/>
  <tag k="highway" v="crossing"/>
  <tag k="tactile_paving" v="yes"/>
  <tag k="traffic_signals:sound" v="yes"/>
  <tag k="traffic_signals:vibration" v="no"/>
 </node>
 <node id="6005931685" visible="true" version="7" changeset="185609081" timestamp="2026-07-12T19:18:06Z" user="Cerras" uid="24292237" lat="33.7843325" lon="-84.3788711">
  <tag k="button_operated" v="yes"/>
  <tag k="crossing" v="traffic_signals"/>
  <tag k="crossing:markings" v="ladder:paired"/>
  <tag k="crossing:signals" v="yes"/>
  <tag k="highway" v="crossing"/>
  <tag k="tactile_paving" v="yes"/>
  <tag k="traffic_signals:sound" v="yes"/>
  <tag k="traffic_signals:vibration" v="no"/>
 </node>
 <node id="6011072577" visible="true" version="2" changeset="117918584" timestamp="2022-02-27T18:42:43Z" user="demory" uid="186210" lat="33.7818740" lon="-84.3726875"/>
 <node id="6011072580" visible="true" version="4" changeset="166801776" timestamp="2025-05-27T00:15:23Z" user="Benjaminbikes" uid="22838380" lat="33.7817889" lon="-84.3729025">
  <tag k="crossing" v="traffic_signals"/>
  <tag k="crossing:island" v="yes"/>
  <tag k="highway" v="crossing"/>
 </node>
 <node id="6012323212" visible="true" version="1" changeset="63861019" timestamp="2018-10-25T09:35:08Z" user="afonit" uid="3327134" lat="33.7810349" lon="-84.3793457"/>
 <node id="6012323213" visible="true" version="2" changeset="157625528" timestamp="2024-10-08T12:58:28Z" user="VLD275" uid="17310249" lat="33.7816946" lon="-84.3793266">
  <tag k="highway" v="crossing"/>
 </node>
 <node id="6012323214" visible="true" version="7" changeset="185616284" timestamp="2026-07-12T21:45:47Z" user="Cerras" uid="24292237" lat="33.7817966" lon="-84.3793104">
  <tag k="button_operated" v="yes"/>
  <tag k="crossing" v="marked"/>
  <tag k="crossing:island" v="no"/>
  <tag k="crossing:markings" v="yes"/>
  <tag k="highway" v="crossing"/>
  <tag k="tactile_paving" v="yes"/>
 </node>
 <node id="6012323216" visible="true" version="1" changeset="63861019" timestamp="2018-10-25T09:35:08Z" user="afonit" uid="3327134" lat="33.7817009" lon="-84.3795061"/>
 <node id="6012323217" visible="true" version="3" changeset="157625528" timestamp="2024-10-08T12:58:28Z" user="VLD275" uid="17310249" lat="33.7816987" lon="-84.3794136">
  <tag k="crossing" v="marked"/>
  <tag k="crossing:markings" v="yes"/>
  <tag k="highway" v="crossing"/>
 </node>
 <node id="6012323218" visible="true" version="1" changeset="63861019" timestamp="2018-10-25T09:35:08Z" user="afonit" uid="3327134" lat="33.7817049" lon="-84.3781292"/>
 <node id="6012323219" visible="true" version="4" changeset="185616284" timestamp="2026-07-12T21:42:34Z" user="Cerras" uid="24292237" lat="33.7817069" lon="-84.3776598">
  <tag k="crossing" v="uncontrolled"/>
  <tag k="crossing:markings" v="yes"/>
  <tag k="highway" v="crossing"/>
  <tag k="tactile_paving" v="yes"/>
 </node>
 <node id="6012323220" visible="true" version="3" changeset="185616272" timestamp="2026-07-12T21:42:27Z" user="Cerras" uid="24292237" lat="33.7817067" lon="-84.3776331">
  <tag k="barrier" v="kerb"/>
  <tag k="kerb" v="lowered"/>
  <tag k="tactile_paving" v="yes"/>
 </node>
 <node id="6012323221" visible="true" version="1" changeset="63861019" timestamp="2018-10-25T09:35:08Z" user="afonit" uid="3327134" lat="33.7817009" lon="-84.3767532"/>
 <node id="6012323222" visible="true" version="1" changeset="63861019" timestamp="2018-10-25T09:35:08Z" user="afonit" uid="3327134" lat="33.7817009" lon="-84.3759441"/>
 <node id="6012326795" visible="true" version="2" changeset="166602603" timestamp="2025-05-22T09:21:10Z" user="rboda" uid="22723613" lat="33.7806357" lon="-84.3776616">
  <tag k="crossing" v="uncontrolled"/>
  <tag k="crossing:markings" v="yes"/>
  <tag k="highway" v="crossing"/>
 </node>
 <node id="6012326799" visible="true" version="2" changeset="166650792" timestamp="2025-05-23T11:21:01Z" user="Mruthula12" uid="21759008" lat="33.7806344" lon="-84.3793457">
  <tag k="barrier" v="kerb"/>
  <tag k="kerb" v="lowered"/>
  <tag k="tactile_paving" v="yes"/>
 </node>
 <node id="6012326800" visible="true" version="1" changeset="63861085" timestamp="2018-10-25T09:37:42Z" user="afonit" uid="3327134" lat="33.7806343" lon="-84.3794179"/>
 <node id="6012326801" visible="true" version="1" changeset="63861085" timestamp="2018-10-25T09:37:42Z" user="afonit" uid="3327134" lat="33.7806329" lon="-84.3795112"/>
 <node id="6012326802" visible="true" version="1" changeset="63861085" timestamp="2018-10-25T09:37:42Z" user="afonit" uid="3327134" lat="33.7804463" lon="-84.3795314"/>
 <node id="6012326803" visible="true" version="2" changeset="166641595" timestamp="2025-05-23T07:14:28Z" user="rboda" uid="22723613" lat="33.7795717" lon="-84.3796841">
  <tag k="barrier" v="kerb"/>
  <tag k="kerb" v="flush"/>
 </node>
 <node id="6702906081" visible="true" version="1" changeset="73264336" timestamp="2019-08-12T11:12:39Z" user="accheela" uid="10145800" lat="33.7850252" lon="-84.3785421"/>
 <node id="6837291941" visible="true" version="1" changeset="75093280" timestamp="2019-09-30T11:00:15Z" user="sgudiva" uid="10240918" lat="33.7817924" lon="-84.3749409"/>
 <node id="6837291947" visible="true" version="1" changeset="75093280" timestamp="2019-09-30T11:00:15Z" user="sgudiva" uid="10240918" lat="33.7817004" lon="-84.3749448">
  <tag k="highway" v="crossing"/>
 </node>
 <node id="6945805266" visible="true" version="2" changeset="117918584" timestamp="2022-02-27T18:42:43Z" user="demory" uid="186210" lat="33.7818376" lon="-84.3726937"/>
 <node id="7120410348" visible="true" version="1" changeset="79394299" timestamp="2020-01-09T22:01:37Z" user="vorpalblade-kaart" uid="9019988" lat="33.7735011" lon="-84.3817933"/>
 <node id="7168095523" visible="true" version="1" changeset="80225557" timestamp="2020-01-29T02:16:15Z" user="pravallg" uid="10457692" lat="33.7817905" lon="-84.3735748"/>
 <node id="7203011588" visible="true" version="3" changeset="173109431" timestamp="2025-10-10T19:02:51Z" user="shinterro" uid="8562391" lat="33.7809457" lon="-84.3806119">
  <tag k="crossing" v="unmarked"/>
  <tag k="highway" v="crossing"/>
 </node>
 <node id="7223816744" visible="true" version="2" changeset="173109431" timestamp="2025-10-10T19:02:51Z" user="shinterro" uid="8562391" lat="33.7818900" lon="-84.3794173"/>
 <node id="7223816745" visible="true" version="2" changeset="173109431" timestamp="2025-10-10T19:02:51Z" user="shinterro" uid="8562391" lat="33.7819629" lon="-84.3793968"/>
 <node id="7223816747" visible="true" version="2" changeset="173109431" timestamp="2025-10-10T19:02:51Z" user="shinterro" uid="8562391" lat="33.7818744" lon="-84.3794153">
  <tag k="highway" v="crossing"/>
 </node>
 <node id="8238657577" visible="true" version="2" changeset="173028485" timestamp="2025-10-09T02:05:53Z" user="shinterro" uid="8562391" lat="33.7828085" lon="-84.3804401"/>
 <node id="8238657578" visible="true" version="2" changeset="173109431" timestamp="2025-10-10T19:02:51Z" user="shinterro" uid="8562391" lat="33.7821108" lon="-84.3798122"/>
 <node id="8238657583" visible="true" version="2" changeset="117886530" timestamp="2022-02-26T17:24:50Z" user="demory" uid="186210" lat="33.7831445" lon="-84.3779373"/>
 <node id="8238657593" visible="true" version="2" changeset="173109431" timestamp="2025-10-10T19:02:51Z" user="shinterro" uid="8562391" lat="33.7819093" lon="-84.3798333"/>
 <node id="8844216117" visible="true" version="1" changeset="106568418" timestamp="2021-06-18T06:34:29Z" user="scharith" uid="10208968" lat="33.7805052" lon="-84.3808173"/>
 <node id="9537493862" visible="true" version="1" changeset="117886530" timestamp="2022-02-26T17:24:50Z" user="demory" uid="186210" lat="33.7827390" lon="-84.3802368"/>
 <node id="9537493863" visible="true" version="1" changeset="117886530" timestamp="2022-02-26T17:24:50Z" user="demory" uid="186210" lat="33.7828747" lon="-84.3801514"/>
 <node id="9537493864" visible="true" version="1" changeset="117886530" timestamp="2022-02-26T17:24:50Z" user="demory" uid="186210" lat="33.7824912" lon="-84.3803521"/>
 <node id="9537493865" visible="true" version="1" changeset="117886530" timestamp="2022-02-26T17:24:50Z" user="demory" uid="186210" lat="33.7824321" lon="-84.3803490"/>
 <node id="9537493866" visible="true" version="1" changeset="117886530" timestamp="2022-02-26T17:24:50Z" user="demory" uid="186210" lat="33.7828121" lon="-84.3801964"/>
 <node id="9537493867" visible="true" version="2" changeset="173231595" timestamp="2025-10-13T14:43:36Z" user="shinterro" uid="8562391" lat="33.7828860" lon="-84.3798956"/>
 <node id="9537493868" visible="true" version="1" changeset="117886530" timestamp="2022-02-26T17:24:50Z" user="demory" uid="186210" lat="33.7828233" lon="-84.3799492"/>
 <node id="9537493869" visible="true" version="1" changeset="117886530" timestamp="2022-02-26T17:24:50Z" user="demory" uid="186210" lat="33.7826911" lon="-84.3800437"/>
 <node id="9537493879" visible="true" version="1" changeset="117886530" timestamp="2022-02-26T17:24:50Z" user="demory" uid="186210" lat="33.7833748" lon="-84.3795230"/>
 <node id="9537493885" visible="true" version="2" changeset="173028485" timestamp="2025-10-09T02:05:53Z" user="shinterro" uid="8562391" lat="33.7826281" lon="-84.3801770"/>
 <node id="9537493886" visible="true" version="2" changeset="173028485" timestamp="2025-10-09T02:05:53Z" user="shinterro" uid="8562391" lat="33.7826581" lon="-84.3802743">
  <tag k="highway" v="crossing"/>
 </node>
 <node id="9537493887" visible="true" version="3" changeset="173109431" timestamp="2025-10-10T19:02:51Z" user="shinterro" uid="8562391" lat="33.7826771" lon="-84.3803359">
  <tag k="access" v="permit"/>
  <tag k="amenity" v="parking_entrance"/>
  <tag k="fee" v="yes"/>
  <tag k="lit" v="yes"/>
  <tag k="name" v="Azure on the Park Public Parking"/>
  <tag k="opening_hours" v="24/7"/>
  <tag k="parking" v="multi-storey"/>
  <tag k="pets_allowed" v="yes"/>
  <tag k="smoothness" v="excellent"/>
  <tag k="surface" v="concrete"/>
 </node>
 <node id="9537493888" visible="true" version="3" changeset="173028485" timestamp="2025-10-09T02:05:53Z" user="shinterro" uid="8562391" lat="33.7830584" lon="-84.3799594">
  <tag k="barrier" v="kerb"/>
  <tag k="kerb" v="lowered"/>
  <tag k="tactile_paving" v="yes"/>
 </node>
 <node id="9537493889" visible="true" version="3" changeset="185609143" timestamp="2026-07-12T19:15:01Z" user="Cerras" uid="24292237" lat="33.7830625" lon="-84.3799337">
  <tag k="barrier" v="kerb"/>
  <tag k="kerb" v="lowered"/>
  <tag k="tactile_paving" v="yes"/>
 </node>
 <node id="9537493890" visible="true" version="3" changeset="185609143" timestamp="2026-07-12T19:14:50Z" user="Cerras" uid="24292237" lat="33.7829638" lon="-84.3798610">
  <tag k="barrier" v="kerb"/>
  <tag k="kerb" v="lowered"/>
  <tag k="tactile_paving" v="no"/>
 </node>
 <node id="9537493891" visible="true" version="4" changeset="173109431" timestamp="2025-10-10T19:02:51Z" user="shinterro" uid="8562391" lat="33.7817162" lon="-84.3803985"/>
 <node id="9537493893" visible="true" version="3" changeset="185616272" timestamp="2026-07-12T21:47:28Z" user="Cerras" uid="24292237" lat="33.7818607" lon="-84.3803471">
  <tag k="barrier" v="kerb"/>
  <tag k="kerb" v="lowered"/>
  <tag k="tactile_paving" v="yes"/>
 </node>
 <node id="9537493894" visible="true" version="3" changeset="185616272" timestamp="2026-07-12T21:47:49Z" user="Cerras" uid="24292237" lat="33.7818766" lon="-84.3803681">
  <tag k="barrier" v="kerb"/>
  <tag k="kerb" v="lowered"/>
  <tag k="tactile_paving" v="yes"/>
 </node>
 <node id="9537493895" visible="true" version="3" changeset="185616272" timestamp="2026-07-12T21:48:00Z" user="Cerras" uid="24292237" lat="33.7818753" lon="-84.3805157">
  <tag k="barrier" v="kerb"/>
  <tag k="kerb" v="lowered"/>
  <tag k="tactile_paving" v="yes"/>
 </node>
 <node id="9537493896" visible="true" version="2" changeset="173028485" timestamp="2025-10-09T02:05:53Z" user="shinterro" uid="8562391" lat="33.7817118" lon="-84.3806086"/>
 <node id="9537493897" visible="true" version="2" changeset="173028485" timestamp="2025-10-09T02:05:53Z" user="shinterro" uid="8562391" lat="33.7817018" lon="-84.3805876"/>
 <node id="9537493898" visible="true" version="3" changeset="185609143" timestamp="2026-07-12T19:11:29Z" user="Cerras" uid="24292237" lat="33.7817279" lon="-84.3805998">
  <tag k="barrier" v="kerb"/>
  <tag k="kerb" v="lowered"/>
  <tag k="tactile_paving" v="yes"/>
 </node>
 <node id="9537493899" visible="true" version="3" changeset="185616272" timestamp="2026-07-12T21:48:16Z" user="Cerras" uid="24292237" lat="33.7818554" lon="-84.3805447">
  <tag k="barrier" v="kerb"/>
  <tag k="kerb" v="lowered"/>
  <tag k="tactile_paving" v="yes"/>
 </node>
 <node id="9537493900" visible="true" version="6" changeset="185609212" timestamp="2026-07-12T19:13:04Z" user="Cerras" uid="24292237" lat="33.7817090" lon="-84.3804852">
  <tag k="button_operated" v="yes"/>
  <tag k="crossing" v="traffic_signals"/>
  <tag k="highway" v="crossing"/>
  <tag k="tactile_paving" v="yes"/>
  <tag k="traffic_signals:sound" v="no"/>
  <tag k="traffic_signals:vibration" v="no"/>
 </node>
 <node id="9537493901" visible="true" version="3" changeset="185609143" timestamp="2026-07-12T19:11:57Z" user="Cerras" uid="24292237" lat="33.7817052" lon="-84.3805687">
  <tag k="barrier" v="kerb"/>
  <tag k="kerb" v="lowered"/>
  <tag k="tactile_paving" v="yes"/>
 </node>
 <node id="9537493902" visible="true" version="3" changeset="185609143" timestamp="2026-07-12T19:13:09Z" user="Cerras" uid="24292237" lat="33.7817121" lon="-84.3804198">
  <tag k="barrier" v="kerb"/>
  <tag k="kerb" v="lowered"/>
  <tag k="tactile_paving" v="yes"/>
 </node>
 <node id="9537493903" visible="true" version="3" changeset="185609143" timestamp="2026-07-12T19:13:12Z" user="Cerras" uid="24292237" lat="33.7817416" lon="-84.3803799">
  <tag k="barrier" v="kerb"/>
  <tag k="kerb" v="lowered"/>
  <tag k="tactile_paving" v="yes"/>
 </node>
 <node id="9537493904" visible="true" version="1" changeset="117886530" timestamp="2022-02-26T17:24:50Z" user="demory" uid="186210" lat="33.7832275" lon="-84.3795524"/>
 <node id="9537493916" visible="true" version="2" changeset="173231595" timestamp="2025-10-13T14:43:36Z" user="shinterro" uid="8562391" lat="33.7831924" lon="-84.3790003"/>
 <node id="9537497931" visible="true" version="2" changeset="185609143" timestamp="2026-07-12T19:14:37Z" user="Cerras" uid="24292237" lat="33.7826287" lon="-84.3800884">
  <tag k="barrier" v="kerb"/>
  <tag k="kerb" v="lowered"/>
  <tag k="tactile_paving" v="yes"/>
 </node>
 <node id="9537497932" visible="true" version="1" changeset="117886530" timestamp="2022-02-26T17:24:50Z" user="demory" uid="186210" lat="33.7826421" lon="-84.3800788"/>
 <node id="9537497933" visible="true" version="1" changeset="117886530" timestamp="2022-02-26T17:24:50Z" user="demory" uid="186210" lat="33.7825526" lon="-84.3801264"/>
 <node id="9537497934" visible="true" version="2" changeset="185609143" timestamp="2026-07-12T19:14:09Z" user="Cerras" uid="24292237" lat="33.7825644" lon="-84.3801210">
  <tag k="barrier" v="kerb"/>
  <tag k="kerb" v="lowered"/>
  <tag k="tactile_paving" v="yes"/>
 </node>
 <node id="9537497935" visible="true" version="1" changeset="117886530" timestamp="2022-02-26T17:24:50Z" user="demory" uid="186210" lat="33.7826343" lon="-84.3800484"/>
 <node id="9537497936" visible="true" version="2" changeset="173109431" timestamp="2025-10-10T19:02:51Z" user="shinterro" uid="8562391" lat="33.7826235" lon="-84.3793805"/>
 <node id="9537497937" visible="true" version="1" changeset="117886530" timestamp="2022-02-26T17:24:50Z" user="demory" uid="186210" lat="33.7826153" lon="-84.3788382"/>
 <node id="9537497938" visible="true" version="1" changeset="117886530" timestamp="2022-02-26T17:24:50Z" user="demory" uid="186210" lat="33.7826129" lon="-84.3782549"/>
 <node id="9537497939" visible="true" version="1" changeset="117886530" timestamp="2022-02-26T17:24:50Z" user="demory" uid="186210" lat="33.7825180" lon="-84.3782561"/>
 <node id="9537497940" visible="true" version="1" changeset="117886530" timestamp="2022-02-26T17:24:50Z" user="demory" uid="186210" lat="33.7825223" lon="-84.3790080"/>
 <node id="9537497941" visible="true" version="1" changeset="117886530" timestamp="2022-02-26T17:24:50Z" user="demory" uid="186210" lat="33.7825274" lon="-84.3794945"/>
 <node id="9537497942" visible="true" version="1" changeset="117886530" timestamp="2022-02-26T17:24:50Z" user="demory" uid="186210" lat="33.7825406" lon="-84.3800256"/>
 <node id="9537497943" visible="true" version="1" changeset="117886530" timestamp="2022-02-26T17:24:50Z" user="demory" uid="186210" lat="33.7824888" lon="-84.3800600"/>
 <node id="9537497944" visible="true" version="1" changeset="117886530" timestamp="2022-02-26T17:24:50Z" user="demory" uid="186210" lat="33.7824146" lon="-84.3801802"/>
 <node id="9537497945" visible="true" version="1" changeset="117886530" timestamp="2022-02-26T17:24:50Z" user="demory" uid="186210" lat="33.7824125" lon="-84.3801280"/>
 <node id="9537497946" visible="true" version="1" changeset="117886530" timestamp="2022-02-26T17:24:50Z" user="demory" uid="186210" lat="33.7824121" lon="-84.3800890"/>
 <node id="9537497947" visible="true" version="1" changeset="117886530" timestamp="2022-02-26T17:24:50Z" user="demory" uid="186210" lat="33.7823530" lon="-84.3801036"/>
 <node id="9537497948" visible="true" version="1" changeset="117886530" timestamp="2022-02-26T17:24:50Z" user="demory" uid="186210" lat="33.7822850" lon="-84.3801151"/>
 <node id="9537497949" visible="true" version="1" changeset="117886530" timestamp="2022-02-26T17:24:50Z" user="demory" uid="186210" lat="33.7825741" lon="-84.3789082"/>
 <node id="9537497950" visible="true" version="1" changeset="117886530" timestamp="2022-02-26T17:24:50Z" user="demory" uid="186210" lat="33.7826163" lon="-84.3789083"/>
 <node id="9537497951" visible="true" version="1" changeset="117886530" timestamp="2022-02-26T17:24:50Z" user="demory" uid="186210" lat="33.7828825" lon="-84.3789053">
  <tag k="amenity" v="parking_entrance"/>
 </node>
 <node id="9537497952" visible="true" version="2" changeset="173109431" timestamp="2025-10-10T19:02:51Z" user="shinterro" uid="8562391" lat="33.7825822" lon="-84.3793906"/>
 <node id="9537497953" visible="true" version="2" changeset="173109431" timestamp="2025-10-10T19:02:51Z" user="shinterro" uid="8562391" lat="33.7828518" lon="-84.3792857"/>
 <node id="9537497954" visible="true" version="2" changeset="173109431" timestamp="2025-10-10T19:02:51Z" user="shinterro" uid="8562391" lat="33.7825788" lon="-84.3791837"/>
 <node id="9537497955" visible="true" version="1" changeset="117886530" timestamp="2022-02-26T17:24:50Z" user="demory" uid="186210" lat="33.7826204" lon="-84.3791807"/>
 <node id="9537497956" visible="true" version="1" changeset="117886530" timestamp="2022-02-26T17:24:50Z" user="demory" uid="186210" lat="33.7828298" lon="-84.3791539"/>
 <node id="9543424385" visible="true" version="1" changeset="117918584" timestamp="2022-02-27T18:42:43Z" user="demory" uid="186210" lat="33.7818747" lon="-84.3792990"/>
 <node id="9543424386" visible="true" version="1" changeset="117918584" timestamp="2022-02-27T18:42:43Z" user="demory" uid="186210" lat="33.7818711" lon="-84.3781395"/>
 <node id="9543424389" visible="true" version="2" changeset="167839707" timestamp="2025-06-19T18:15:44Z" user="alexwohlbruck" uid="12370548" lat="33.7818297" lon="-84.3688059"/>
 <node id="9543424392" visible="true" version="1" changeset="117918584" timestamp="2022-02-27T18:42:43Z" user="demory" uid="186210" lat="33.7818679" lon="-84.3777355"/>
 <node id="9543424393" visible="true" version="1" changeset="117918584" timestamp="2022-02-27T18:42:43Z" user="demory" uid="186210" lat="33.7818639" lon="-84.3770047"/>
 <node id="9543424394" visible="true" version="1" changeset="117918584" timestamp="2022-02-27T18:42:43Z" user="demory" uid="186210" lat="33.7818626" lon="-84.3764839"/>
 <node id="9543424395" visible="true" version="1" changeset="117918584" timestamp="2022-02-27T18:42:43Z" user="demory" uid="186210" lat="33.7818598" lon="-84.3728833"/>
 <node id="9543424403" visible="true" version="1" changeset="117918584" timestamp="2022-02-27T18:42:43Z" user="demory" uid="186210" lat="33.7817066" lon="-84.3777272"/>
 <node id="9543424404" visible="true" version="4" changeset="185616284" timestamp="2026-07-12T21:42:14Z" user="Cerras" uid="24292237" lat="33.7817944" lon="-84.3777317">
  <tag k="crossing" v="uncontrolled"/>
  <tag k="crossing:island" v="no"/>
  <tag k="crossing:markings" v="yes"/>
  <tag k="highway" v="crossing"/>
  <tag k="tactile_paving" v="yes"/>
 </node>
 <node id="9543424405" visible="true" version="1" changeset="117918584" timestamp="2022-02-27T18:42:43Z" user="demory" uid="186210" lat="33.7818423" lon="-84.3777342"/>
 <node id="9543424406" visible="true" version="1" changeset="117918584" timestamp="2022-02-27T18:42:43Z" user="demory" uid="186210" lat="33.7817940" lon="-84.3764821">
  <tag k="button_operated" v="yes"/>
  <tag k="crossing" v="traffic_signals"/>
  <tag k="highway" v="crossing"/>
 </node>
 <node id="9543424407" visible="true" version="1" changeset="117918584" timestamp="2022-02-27T18:42:43Z" user="demory" uid="186210" lat="33.7817009" lon="-84.3764796"/>
 <node id="9543424408" visible="true" version="1" changeset="117918584" timestamp="2022-02-27T18:42:43Z" user="demory" uid="186210" lat="33.7818555" lon="-84.3770046">
  <tag k="barrier" v="kerb"/>
  <tag k="kerb" v="raised"/>
 </node>
 <node id="9543424409" visible="true" version="2" changeset="185616272" timestamp="2026-07-12T21:42:02Z" user="Cerras" uid="24292237" lat="33.7818551" lon="-84.3777349">
  <tag k="barrier" v="kerb"/>
  <tag k="kerb" v="lowered"/>
  <tag k="tactile_paving" v="yes"/>
 </node>
 <node id="9543424410" visible="true" version="2" changeset="185616272" timestamp="2026-07-12T21:42:18Z" user="Cerras" uid="24292237" lat="33.7817241" lon="-84.3777281">
  <tag k="barrier" v="kerb"/>
  <tag k="kerb" v="lowered"/>
  <tag k="tactile_paving" v="no"/>
 </node>
 <node id="9543424411" visible="true" version="2" changeset="185616272" timestamp="2026-07-12T21:42:30Z" user="Cerras" uid="24292237" lat="33.7817067" lon="-84.3777059">
  <tag k="barrier" v="kerb"/>
  <tag k="kerb" v="lowered"/>
  <tag k="tactile_paving" v="yes"/>
 </node>
 <node id="9543424412" visible="true" version="2" changeset="185616272" timestamp="2026-07-12T21:41:53Z" user="Cerras" uid="24292237" lat="33.7818542" lon="-84.3781445">
  <tag k="barrier" v="kerb"/>
  <tag k="kerb" v="raised"/>
  <tag k="tactile_paving" v="no"/>
 </node>
 <node id="9543424413" visible="true" version="1" changeset="117918584" timestamp="2022-02-27T18:42:43Z" user="demory" uid="186210" lat="33.7816956" lon="-84.3793490">
  <tag k="barrier" v="kerb"/>
  <tag k="kerb" v="lowered"/>
 </node>
 <node id="9543424414" visible="true" version="2" changeset="185616272" timestamp="2026-07-12T21:46:00Z" user="Cerras" uid="24292237" lat="33.7817248" lon="-84.3793216">
  <tag k="barrier" v="kerb"/>
  <tag k="kerb" v="lowered"/>
  <tag k="tactile_paving" v="yes"/>
 </node>
 <node id="9543424415" visible="true" version="2" changeset="185616272" timestamp="2026-07-12T21:45:40Z" user="Cerras" uid="24292237" lat="33.7818562" lon="-84.3793015">
  <tag k="barrier" v="kerb"/>
  <tag k="kerb" v="lowered"/>
  <tag k="tactile_paving" v="yes"/>
 </node>
 <node id="9543424416" visible="true" version="1" changeset="117918584" timestamp="2022-02-27T18:42:43Z" user="demory" uid="186210" lat="33.7817005" lon="-84.3794914">
  <tag k="barrier" v="kerb"/>
  <tag k="kerb" v="lowered"/>
 </node>
 <node id="9543446917" visible="true" version="1" changeset="117918584" timestamp="2022-02-27T18:42:43Z" user="demory" uid="186210" lat="33.7817119" lon="-84.3795190"/>
 <node id="9543446920" visible="true" version="1" changeset="117918584" timestamp="2022-02-27T18:42:43Z" user="demory" uid="186210" lat="33.7817000" lon="-84.3740994">
  <tag k="barrier" v="kerb"/>
  <tag k="kerb" v="lowered"/>
 </node>
 <node id="9543446922" visible="true" version="1" changeset="117918584" timestamp="2022-02-27T18:42:43Z" user="demory" uid="186210" lat="33.7818675" lon="-84.3728644"/>
 <node id="9543446984" visible="true" version="2" changeset="167839707" timestamp="2025-06-19T18:15:44Z" user="alexwohlbruck" uid="12370548" lat="33.7818363" lon="-84.3687767">
  <tag k="barrier" v="kerb"/>
  <tag k="kerb" v="lowered"/>
 </node>
 <node id="9543446987" visible="true" version="1" changeset="117918584" timestamp="2022-02-27T18:42:43Z" user="demory" uid="186210" lat="33.7815714" lon="-84.3791178"/>
 <node id="9543446988" visible="true" version="1" changeset="117918584" timestamp="2022-02-27T18:42:43Z" user="demory" uid="186210" lat="33.7825099" lon="-84.3780026"/>
 <node id="9543446989" visible="true" version="1" changeset="117918584" timestamp="2022-02-27T18:42:43Z" user="demory" uid="186210" lat="33.7825928" lon="-84.3780081"/>
 <node id="9543446990" visible="true" version="1" changeset="117918584" timestamp="2022-02-27T18:42:43Z" user="demory" uid="186210" lat="33.7821893" lon="-84.3780121"/>
 <node id="9543446991" visible="true" version="1" changeset="117918584" timestamp="2022-02-27T18:42:43Z" user="demory" uid="186210" lat="33.7821665" lon="-84.3780141"/>
 <node id="9543446992" visible="true" version="1" changeset="117918584" timestamp="2022-02-27T18:42:43Z" user="demory" uid="186210" lat="33.7821081" lon="-84.3779914"/>
 <node id="9650227827" visible="true" version="1" changeset="119443526" timestamp="2022-04-07T20:37:02Z" user="demory" uid="186210" lat="33.7816849" lon="-84.3823610"/>
 <node id="9650227828" visible="true" version="1" changeset="119443526" timestamp="2022-04-07T20:37:02Z" user="demory" uid="186210" lat="33.7817084" lon="-84.3811703"/>
 <node id="9650227829" visible="true" version="1" changeset="119443526" timestamp="2022-04-07T20:37:02Z" user="demory" uid="186210" lat="33.7818457" lon="-84.3823876"/>
 <node id="9659697639" visible="true" version="2" changeset="172770479" timestamp="2025-10-03T02:45:42Z" user="shinterro" uid="8562391" lat="33.7829393" lon="-84.3800928"/>
 <node id="9659697640" visible="true" version="2" changeset="172770479" timestamp="2025-10-03T02:45:42Z" user="shinterro" uid="8562391" lat="33.7829419" lon="-84.3810275"/>
 <node id="9659697641" visible="true" version="2" changeset="172770479" timestamp="2025-10-03T02:45:42Z" user="shinterro" uid="8562391" lat="33.7829708" lon="-84.3810630"/>
 <node id="9659697642" visible="true" version="2" changeset="172770479" timestamp="2025-10-03T02:45:42Z" user="shinterro" uid="8562391" lat="33.7829719" lon="-84.3812086"/>
 <node id="9659697643" visible="true" version="2" changeset="172770479" timestamp="2025-10-03T02:45:42Z" user="shinterro" uid="8562391" lat="33.7829469" lon="-84.3812394"/>
 <node id="9659697644" visible="true" version="2" changeset="172770479" timestamp="2025-10-03T02:45:42Z" user="shinterro" uid="8562391" lat="33.7829469" lon="-84.3816947"/>
 <node id="9659697645" visible="true" version="2" changeset="172770479" timestamp="2025-10-03T02:45:42Z" user="shinterro" uid="8562391" lat="33.7829831" lon="-84.3817416"/>
 <node id="9659697646" visible="true" version="2" changeset="172770479" timestamp="2025-10-03T02:45:42Z" user="shinterro" uid="8562391" lat="33.7829880" lon="-84.3822502"/>
 <node id="9659697647" visible="true" version="2" changeset="172770479" timestamp="2025-10-03T02:45:42Z" user="shinterro" uid="8562391" lat="33.7829859" lon="-84.3822708"/>
 <node id="9659697648" visible="true" version="2" changeset="172770479" timestamp="2025-10-03T02:45:42Z" user="shinterro" uid="8562391" lat="33.7829798" lon="-84.3822829"/>
 <node id="9659697649" visible="true" version="4" changeset="185301294" timestamp="2026-07-07T22:28:18Z" user="7BMap" uid="24289496" lat="33.7829843" lon="-84.3818341">
  <tag k="crossing:markings" v="yes"/>
  <tag k="highway" v="crossing"/>
 </node>
 <node id="9659697673" visible="true" version="1" changeset="119599179" timestamp="2022-04-12T00:19:38Z" user="David Andron" uid="10594286" lat="33.7816823" lon="-84.3824110"/>
 <node id="9659697685" visible="true" version="2" changeset="166639954" timestamp="2025-05-23T06:26:30Z" user="rboda" uid="22723613" lat="33.7795836" lon="-84.3811716">
  <tag k="barrier" v="kerb"/>
  <tag k="kerb" v="flush"/>
 </node>
 <node id="9659697691" visible="true" version="1" changeset="119599179" timestamp="2022-04-12T00:19:38Z" user="David Andron" uid="10594286" lat="33.7807473" lon="-84.3808422"/>
 <node id="9659697692" visible="true" version="2" changeset="173109431" timestamp="2025-10-10T19:02:51Z" user="shinterro" uid="8562391" lat="33.7810195" lon="-84.3807502"/>
 <node id="9659697693" visible="true" version="1" changeset="119599179" timestamp="2022-04-12T00:19:38Z" user="David Andron" uid="10594286" lat="33.7810205" lon="-84.3807667">
  <tag k="highway" v="crossing"/>
 </node>
 <node id="9659697694" visible="true" version="3" changeset="140452166" timestamp="2023-08-27T13:48:25Z" user="Catadmirer" uid="20107238" lat="33.7805197" lon="-84.3809057">
  <tag k="crossing" v="unmarked"/>
  <tag k="highway" v="crossing"/>
  <tag k="tactile_paving" v="no"/>
 </node>
 <node id="9659697695" visible="true" version="1" changeset="119599179" timestamp="2022-04-12T00:19:38Z" user="David Andron" uid="10594286" lat="33.7799010" lon="-84.3810784">
  <tag k="highway" v="crossing"/>
 </node>
 <node id="9886180269" visible="true" version="1" changeset="123584594" timestamp="2022-07-14T00:08:02Z" user="jleathe" uid="7523014" lat="33.7814289" lon="-84.3807568"/>
 <node id="9886180270" visible="true" version="1" changeset="123584594" timestamp="2022-07-14T00:08:02Z" user="jleathe" uid="7523014" lat="33.7814275" lon="-84.3809508"/>
 <node id="9886180271" visible="true" version="1" changeset="123584594" timestamp="2022-07-14T00:08:02Z" user="jleathe" uid="7523014" lat="33.7814510" lon="-84.3809511"/>
 <node id="9886180272" visible="true" version="2" changeset="173109431" timestamp="2025-10-10T19:02:51Z" user="shinterro" uid="8562391" lat="33.7815801" lon="-84.3809864"/>
 <node id="9886180273" visible="true" version="1" changeset="123584594" timestamp="2022-07-14T00:08:02Z" user="jleathe" uid="7523014" lat="33.7814506" lon="-84.3809844"/>
 <node id="9886180274" visible="true" version="2" changeset="173109431" timestamp="2025-10-10T19:02:51Z" user="shinterro" uid="8562391" lat="33.7815816" lon="-84.3808723"/>
 <node id="9886180275" visible="true" version="1" changeset="123584594" timestamp="2022-07-14T00:08:02Z" user="jleathe" uid="7523014" lat="33.7814283" lon="-84.3808700"/>
 <node id="9886180276" visible="true" version="2" changeset="173109431" timestamp="2025-10-10T19:02:51Z" user="shinterro" uid="8562391" lat="33.7815979" lon="-84.3810523"/>
 <node id="9886180277" visible="true" version="1" changeset="123584594" timestamp="2022-07-14T00:08:02Z" user="jleathe" uid="7523014" lat="33.7814504" lon="-84.3810656"/>
 <node id="9886180278" visible="true" version="1" changeset="123584594" timestamp="2022-07-14T00:08:02Z" user="jleathe" uid="7523014" lat="33.7814564" lon="-84.3811150"/>
 <node id="9886180279" visible="true" version="1" changeset="123584594" timestamp="2022-07-14T00:08:02Z" user="jleathe" uid="7523014" lat="33.7814553" lon="-84.3807572"/>
 <node id="9886180280" visible="true" version="1" changeset="123584594" timestamp="2022-07-14T00:08:02Z" user="jleathe" uid="7523014" lat="33.7815902" lon="-84.3809871"/>
 <node id="9886180281" visible="true" version="1" changeset="123584594" timestamp="2022-07-14T00:08:02Z" user="jleathe" uid="7523014" lat="33.7815939" lon="-84.3808037"/>
 <node id="9886180282" visible="true" version="2" changeset="173109431" timestamp="2025-10-10T19:02:51Z" user="shinterro" uid="8562391" lat="33.7815825" lon="-84.3808035"/>
 <node id="9886180283" visible="true" version="2" changeset="173109431" timestamp="2025-10-10T19:02:51Z" user="shinterro" uid="8562391" lat="33.7815808" lon="-84.3809353">
  <tag k="entrance" v="main"/>
 </node>
 <node id="9886180284" visible="true" version="2" changeset="173109431" timestamp="2025-10-10T19:02:51Z" user="shinterro" uid="8562391" lat="33.7815822" lon="-84.3808201">
  <tag k="entrance" v="main"/>
 </node>
 <node id="9886180289" visible="true" version="1" changeset="123584594" timestamp="2022-07-14T00:08:02Z" user="jleathe" uid="7523014" lat="33.7814589" lon="-84.3807169"/>
 <node id="9886180290" visible="true" version="1" changeset="123584594" timestamp="2022-07-14T00:08:02Z" user="jleathe" uid="7523014" lat="33.7810476" lon="-84.3813289"/>
 <node id="9886180291" visible="true" version="1" changeset="123584594" timestamp="2022-07-14T00:08:02Z" user="jleathe" uid="7523014" lat="33.7810800" lon="-84.3813480"/>
 <node id="9886180292" visible="true" version="1" changeset="123584594" timestamp="2022-07-14T00:08:02Z" user="jleathe" uid="7523014" lat="33.7813269" lon="-84.3812598"/>
 <node id="9886180293" visible="true" version="2" changeset="173109431" timestamp="2025-10-10T19:02:51Z" user="shinterro" uid="8562391" lat="33.7813271" lon="-84.3809515"/>
 <node id="9886180294" visible="true" version="2" changeset="173109431" timestamp="2025-10-10T19:02:51Z" user="shinterro" uid="8562391" lat="33.7811966" lon="-84.3809672"/>
 <node id="9886180297" visible="true" version="1" changeset="123584594" timestamp="2022-07-14T00:08:02Z" user="jleathe" uid="7523014" lat="33.7810259" lon="-84.3810806"/>
 <node id="9886180298" visible="true" version="1" changeset="123584594" timestamp="2022-07-14T00:08:02Z" user="jleathe" uid="7523014" lat="33.7810241" lon="-84.3809734"/>
 <node id="9886180299" visible="true" version="1" changeset="123584594" timestamp="2022-07-14T00:08:02Z" user="jleathe" uid="7523014" lat="33.7809354" lon="-84.3809747"/>
 <node id="9886180300" visible="true" version="1" changeset="123584594" timestamp="2022-07-14T00:08:02Z" user="jleathe" uid="7523014" lat="33.7809331" lon="-84.3814333"/>
 <node id="9886180301" visible="true" version="1" changeset="123584594" timestamp="2022-07-14T00:08:02Z" user="jleathe" uid="7523014" lat="33.7812073" lon="-84.3814360"/>
 <node id="9886180302" visible="true" version="1" changeset="123584594" timestamp="2022-07-14T00:08:02Z" user="jleathe" uid="7523014" lat="33.7812073" lon="-84.3813824"/>
 <node id="9886180303" visible="true" version="1" changeset="123584594" timestamp="2022-07-14T00:08:02Z" user="jleathe" uid="7523014" lat="33.7815893" lon="-84.3810523">
  <tag k="entrance" v="main"/>
 </node>
 <node id="9886180305" visible="true" version="1" changeset="123584594" timestamp="2022-07-14T00:08:02Z" user="jleathe" uid="7523014" lat="33.7815974" lon="-84.3811431"/>
 <node id="9886180306" visible="true" version="1" changeset="123584594" timestamp="2022-07-14T00:08:02Z" user="jleathe" uid="7523014" lat="33.7815890" lon="-84.3811716"/>
 <node id="9886180307" visible="true" version="1" changeset="123584594" timestamp="2022-07-14T00:08:02Z" user="jleathe" uid="7523014" lat="33.7814873" lon="-84.3811917"/>
 <node id="9886180308" visible="true" version="1" changeset="123584594" timestamp="2022-07-14T00:08:02Z" user="jleathe" uid="7523014" lat="33.7814842" lon="-84.3811562"/>
 <node id="9886180309" visible="true" version="1" changeset="123584594" timestamp="2022-07-14T00:08:02Z" user="jleathe" uid="7523014" lat="33.7814592" lon="-84.3811599"/>
 <node id="9886180310" visible="true" version="1" changeset="123584594" timestamp="2022-07-14T00:08:02Z" user="jleathe" uid="7523014" lat="33.7815897" lon="-84.3810201"/>
 <node id="9886180311" visible="true" version="1" changeset="123584594" timestamp="2022-07-14T00:08:02Z" user="jleathe" uid="7523014" lat="33.7814569" lon="-84.3810658"/>
 <node id="9886180312" visible="true" version="1" changeset="123584594" timestamp="2022-07-14T00:08:02Z" user="jleathe" uid="7523014" lat="33.7813738" lon="-84.3810626"/>
 <node id="9886180313" visible="true" version="1" changeset="123584594" timestamp="2022-07-14T00:08:02Z" user="jleathe" uid="7523014" lat="33.7813434" lon="-84.3810616"/>
 <node id="9886180314" visible="true" version="1" changeset="123584594" timestamp="2022-07-14T00:08:02Z" user="jleathe" uid="7523014" lat="33.7814132" lon="-84.3807615"/>
 <node id="9886180315" visible="true" version="2" changeset="123588691" timestamp="2022-07-14T04:49:13Z" user="jleathe" uid="7523014" lat="33.7814134" lon="-84.3806759"/>
 <node id="9886180316" visible="true" version="2" changeset="123588691" timestamp="2022-07-14T04:49:13Z" user="jleathe" uid="7523014" lat="33.7813371" lon="-84.3806953"/>
 <node id="9886192317" visible="true" version="2" changeset="123588691" timestamp="2022-07-14T04:49:13Z" user="jleathe" uid="7523014" lat="33.7813362" lon="-84.3807602"/>
 <node id="9886192318" visible="true" version="2" changeset="123588691" timestamp="2022-07-14T04:49:13Z" user="jleathe" uid="7523014" lat="33.7813822" lon="-84.3807610">
  <tag k="entrance" v="main"/>
 </node>
 <node id="9886424626" visible="true" version="1" changeset="123588691" timestamp="2022-07-14T04:49:13Z" user="jleathe" uid="7523014" lat="33.7813819" lon="-84.3806840"/>
 <node id="9886424627" visible="true" version="1" changeset="123588691" timestamp="2022-07-14T04:49:13Z" user="jleathe" uid="7523014" lat="33.7813678" lon="-84.3806882"/>
 <node id="9886424628" visible="true" version="1" changeset="123588691" timestamp="2022-07-14T04:49:13Z" user="jleathe" uid="7523014" lat="33.7815950" lon="-84.3807098"/>
 <node id="9886424629" visible="true" version="1" changeset="123588691" timestamp="2022-07-14T04:49:13Z" user="jleathe" uid="7523014" lat="33.7815948" lon="-84.3807190"/>
 <node id="9886424630" visible="true" version="1" changeset="123588691" timestamp="2022-07-14T04:49:13Z" user="jleathe" uid="7523014" lat="33.7815878" lon="-84.3807094"/>
 <node id="9886424631" visible="true" version="1" changeset="123588691" timestamp="2022-07-14T04:49:13Z" user="jleathe" uid="7523014" lat="33.7815885" lon="-84.3806523"/>
 <node id="9886424632" visible="true" version="1" changeset="123588691" timestamp="2022-07-14T04:49:13Z" user="jleathe" uid="7523014" lat="33.7815813" lon="-84.3806369"/>
 <node id="9886424633" visible="true" version="1" changeset="123588691" timestamp="2022-07-14T04:49:13Z" user="jleathe" uid="7523014" lat="33.7814594" lon="-84.3806702"/>
 <node id="9886424634" visible="true" version="1" changeset="123588691" timestamp="2022-07-14T04:49:13Z" user="jleathe" uid="7523014" lat="33.7814589" lon="-84.3807169"/>
 <node id="9886424635" visible="true" version="1" changeset="123588691" timestamp="2022-07-14T04:49:13Z" user="jleathe" uid="7523014" lat="33.7815961" lon="-84.3806510"/>
 <node id="9886424636" visible="true" version="1" changeset="123588691" timestamp="2022-07-14T04:49:13Z" user="jleathe" uid="7523014" lat="33.7815844" lon="-84.3806258"/>
 <node id="9886424637" visible="true" version="1" changeset="123588691" timestamp="2022-07-14T04:49:13Z" user="jleathe" uid="7523014" lat="33.7814593" lon="-84.3806604"/>
 <node id="9886424638" visible="true" version="1" changeset="123588691" timestamp="2022-07-14T04:49:13Z" user="jleathe" uid="7523014" lat="33.7816471" lon="-84.3806097"/>
 <node id="9886424639" visible="true" version="1" changeset="123588691" timestamp="2022-07-14T04:49:13Z" user="jleathe" uid="7523014" lat="33.7816482" lon="-84.3806211"/>
 <node id="9886424640" visible="true" version="1" changeset="123588691" timestamp="2022-07-14T04:49:13Z" user="jleathe" uid="7523014" lat="33.7816505" lon="-84.3806331"/>
 <node id="9886424641" visible="true" version="1" changeset="123588691" timestamp="2022-07-14T04:49:13Z" user="jleathe" uid="7523014" lat="33.7816605" lon="-84.3806385"/>
 <node id="9886424642" visible="true" version="1" changeset="123588691" timestamp="2022-07-14T04:49:13Z" user="jleathe" uid="7523014" lat="33.7816928" lon="-84.3806385"/>
 <node id="9886424643" visible="true" version="1" changeset="123588691" timestamp="2022-07-14T04:49:13Z" user="jleathe" uid="7523014" lat="33.7816911" lon="-84.3811528"/>
 <node id="9886424644" visible="true" version="1" changeset="123588691" timestamp="2022-07-14T04:49:13Z" user="jleathe" uid="7523014" lat="33.7816956" lon="-84.3806333"/>
 <node id="9886424645" visible="true" version="1" changeset="123588691" timestamp="2022-07-14T04:49:13Z" user="jleathe" uid="7523014" lat="33.7816978" lon="-84.3806263"/>
 <node id="9886424646" visible="true" version="1" changeset="123588691" timestamp="2022-07-14T04:49:13Z" user="jleathe" uid="7523014" lat="33.7816981" lon="-84.3806206"/>
 <node id="9886424647" visible="true" version="1" changeset="123588691" timestamp="2022-07-14T04:49:13Z" user="jleathe" uid="7523014" lat="33.7816948" lon="-84.3806125"/>
 <node id="9886424648" visible="true" version="1" changeset="123588691" timestamp="2022-07-14T04:49:13Z" user="jleathe" uid="7523014" lat="33.7816906" lon="-84.3806058"/>
 <node id="9886424649" visible="true" version="1" changeset="123588691" timestamp="2022-07-14T04:49:13Z" user="jleathe" uid="7523014" lat="33.7816853" lon="-84.3806021"/>
 <node id="9886424650" visible="true" version="1" changeset="123588691" timestamp="2022-07-14T04:49:13Z" user="jleathe" uid="7523014" lat="33.7816786" lon="-84.3805998"/>
 <node id="9886424651" visible="true" version="1" changeset="123588691" timestamp="2022-07-14T04:49:13Z" user="jleathe" uid="7523014" lat="33.7816591" lon="-84.3806045"/>
 <node id="9886424652" visible="true" version="1" changeset="123588691" timestamp="2022-07-14T04:49:13Z" user="jleathe" uid="7523014" lat="33.7816524" lon="-84.3806068"/>
 <node id="9886424653" visible="true" version="1" changeset="123588691" timestamp="2022-07-14T04:49:13Z" user="jleathe" uid="7523014" lat="33.7815821" lon="-84.3808304"/>
 <node id="9987770708" visible="true" version="1" changeset="125556112" timestamp="2022-08-30T08:23:30Z" user="DividedFrame" uid="10161512" lat="33.7795296" lon="-84.3803543"/>
 <node id="9987770709" visible="true" version="1" changeset="125556112" timestamp="2022-08-30T08:23:30Z" user="DividedFrame" uid="10161512" lat="33.7804037" lon="-84.3801534"/>
 <node id="9987770710" visible="true" version="1" changeset="125556112" timestamp="2022-08-30T08:23:30Z" user="DividedFrame" uid="10161512" lat="33.7801974" lon="-84.3808214"/>
 <node id="9987790524" visible="true" version="3" changeset="173109431" timestamp="2025-10-10T19:02:51Z" user="shinterro" uid="8562391" lat="33.7813268" lon="-84.3804572"/>
 <node id="9987790525" visible="true" version="3" changeset="173109431" timestamp="2025-10-10T19:02:51Z" user="shinterro" uid="8562391" lat="33.7812182" lon="-84.3804884"/>
 <node id="9987790526" visible="true" version="3" changeset="173109431" timestamp="2025-10-10T19:02:51Z" user="shinterro" uid="8562391" lat="33.7812188" lon="-84.3802811"/>
 <node id="9987790527" visible="true" version="2" changeset="125640999" timestamp="2022-09-01T07:15:12Z" user="DividedFrame" uid="10161512" lat="33.7813257" lon="-84.3802833"/>
 <node id="9987791820" visible="true" version="1" changeset="125556112" timestamp="2022-08-30T08:23:30Z" user="DividedFrame" uid="10161512" lat="33.7804058" lon="-84.3807632"/>
 <node id="9987791821" visible="true" version="2" changeset="166639954" timestamp="2025-05-23T06:26:30Z" user="rboda" uid="22723613" lat="33.7795836" lon="-84.3809988">
  <tag k="barrier" v="kerb"/>
  <tag k="kerb" v="flush"/>
 </node>
 <node id="9987791856" visible="true" version="1" changeset="125556112" timestamp="2022-08-30T08:23:30Z" user="DividedFrame" uid="10161512" lat="33.7796447" lon="-84.3809790"/>
 <node id="9987791882" visible="true" version="1" changeset="125556112" timestamp="2022-08-30T08:23:30Z" user="DividedFrame" uid="10161512" lat="33.7805135" lon="-84.3807331"/>
 <node id="9987791884" visible="true" version="1" changeset="125556112" timestamp="2022-08-30T08:23:30Z" user="DividedFrame" uid="10161512" lat="33.7806719" lon="-84.3806888"/>
 <node id="9987791892" visible="true" version="1" changeset="125556112" timestamp="2022-08-30T08:23:30Z" user="DividedFrame" uid="10161512" lat="33.7817943" lon="-84.3767730"/>
 <node id="9987791902" visible="true" version="1" changeset="125556112" timestamp="2022-08-30T08:23:30Z" user="DividedFrame" uid="10161512" lat="33.7817010" lon="-84.3767713">
  <tag k="highway" v="crossing"/>
 </node>
 <node id="9991905530" visible="true" version="1" changeset="125636024" timestamp="2022-09-01T04:46:23Z" user="DividedFrame" uid="10161512" lat="33.7803369" lon="-84.3808639"/>
 <node id="9991905532" visible="true" version="1" changeset="125636024" timestamp="2022-09-01T04:46:23Z" user="DividedFrame" uid="10161512" lat="33.7803367" lon="-84.3807825">
  <tag k="highway" v="crossing"/>
 </node>
 <node id="9991905533" visible="true" version="1" changeset="125636024" timestamp="2022-09-01T04:46:23Z" user="DividedFrame" uid="10161512" lat="33.7801203" lon="-84.3809238"/>
 <node id="9991905535" visible="true" version="1" changeset="125636024" timestamp="2022-09-01T04:46:23Z" user="DividedFrame" uid="10161512" lat="33.7801170" lon="-84.3808439">
  <tag k="highway" v="crossing"/>
 </node>
 <node id="9991905549" visible="true" version="1" changeset="125636024" timestamp="2022-09-01T04:46:23Z" user="DividedFrame" uid="10161512" lat="33.7807903" lon="-84.3800513"/>
 <node id="9991905550" visible="true" version="1" changeset="125636024" timestamp="2022-09-01T04:46:23Z" user="DividedFrame" uid="10161512" lat="33.7810919" lon="-84.3799726"/>
 <node id="9991905551" visible="true" version="1" changeset="125636024" timestamp="2022-09-01T04:46:23Z" user="DividedFrame" uid="10161512" lat="33.7812435" lon="-84.3799277"/>
 <node id="9991905552" visible="true" version="2" changeset="137999739" timestamp="2023-07-01T17:02:23Z" user="paricdil" uid="11164219" lat="33.7814295" lon="-84.3798795"/>
 <node id="9991905553" visible="true" version="2" changeset="137999739" timestamp="2023-07-01T17:02:23Z" user="paricdil" uid="11164219" lat="33.7815845" lon="-84.3798469"/>
 <node id="9991905554" visible="true" version="2" changeset="137999739" timestamp="2023-07-01T17:02:23Z" user="paricdil" uid="11164219" lat="33.7817122" lon="-84.3798215"/>
 <node id="9991905555" visible="true" version="3" changeset="166412700" timestamp="2025-05-18T00:41:07Z" user="Benjaminbikes" uid="22838380" lat="33.7795767" lon="-84.3803435">
  <tag k="crossing:markings" v="no"/>
  <tag k="highway" v="crossing"/>
  <tag k="tactile_paving" v="no"/>
 </node>
 <node id="9992096939" visible="true" version="1" changeset="125640999" timestamp="2022-09-01T07:15:12Z" user="DividedFrame" uid="10161512" lat="33.7804794" lon="-84.3808244"/>
 <node id="9992096941" visible="true" version="1" changeset="125640999" timestamp="2022-09-01T07:15:12Z" user="DividedFrame" uid="10161512" lat="33.7806017" lon="-84.3807906"/>
 <node id="9992096942" visible="true" version="1" changeset="125640999" timestamp="2022-09-01T07:15:12Z" user="DividedFrame" uid="10161512" lat="33.7800588" lon="-84.3808602"/>
 <node id="9992096975" visible="true" version="2" changeset="173109431" timestamp="2025-10-10T19:02:51Z" user="shinterro" uid="8562391" lat="33.7812103" lon="-84.3805382"/>
 <node id="9992096976" visible="true" version="2" changeset="173109431" timestamp="2025-10-10T19:02:51Z" user="shinterro" uid="8562391" lat="33.7812130" lon="-84.3802163"/>
 <node id="9992096977" visible="true" version="2" changeset="173109431" timestamp="2025-10-10T19:02:51Z" user="shinterro" uid="8562391" lat="33.7812848" lon="-84.3802164"/>
 <node id="10059744801" visible="true" version="2" changeset="173028485" timestamp="2025-10-09T02:05:53Z" user="shinterro" uid="8562391" lat="33.7815004" lon="-84.3824378"/>
 <node id="10059744802" visible="true" version="2" changeset="173028485" timestamp="2025-10-09T02:05:53Z" user="shinterro" uid="8562391" lat="33.7814843" lon="-84.3819463"/>
 <node id="10059744803" visible="true" version="1" changeset="126758117" timestamp="2022-09-28T23:07:23Z" user="DividedFrame" uid="10161512" lat="33.7816567" lon="-84.3819408"/>
 <node id="10059744804" visible="true" version="1" changeset="126758117" timestamp="2022-09-28T23:07:23Z" user="DividedFrame" uid="10161512" lat="33.7816770" lon="-84.3819393"/>
 <node id="10059744805" visible="true" version="2" changeset="173028485" timestamp="2025-10-09T02:05:53Z" user="shinterro" uid="8562391" lat="33.7816775" lon="-84.3814923"/>
 <node id="10059744806" visible="true" version="2" changeset="173028485" timestamp="2025-10-09T02:05:53Z" user="shinterro" uid="8562391" lat="33.7808996" lon="-84.3815017"/>
 <node id="10059744807" visible="true" version="2" changeset="173028485" timestamp="2025-10-09T02:05:53Z" user="shinterro" uid="8562391" lat="33.7799895" lon="-84.3817773"/>
 <node id="10059744808" visible="true" version="2" changeset="173028485" timestamp="2025-10-09T02:05:53Z" user="shinterro" uid="8562391" lat="33.7799830" lon="-84.3810676"/>
 <node id="10059744809" visible="true" version="1" changeset="126758117" timestamp="2022-09-28T23:07:23Z" user="DividedFrame" uid="10161512" lat="33.7795939" lon="-84.3811836"/>
 <node id="10059744810" visible="true" version="1" changeset="126758117" timestamp="2022-09-28T23:07:23Z" user="DividedFrame" uid="10161512" lat="33.7795844" lon="-84.3825084"/>
 <node id="10059744811" visible="true" version="1" changeset="126758117" timestamp="2022-09-28T23:07:23Z" user="DividedFrame" uid="10161512" lat="33.7795906" lon="-84.3825347"/>
 <node id="10059744812" visible="true" version="1" changeset="126758117" timestamp="2022-09-28T23:07:23Z" user="DividedFrame" uid="10161512" lat="33.7796044" lon="-84.3825475"/>
 <node id="10069328144" visible="true" version="1" changeset="126907995" timestamp="2022-10-02T19:57:11Z" user="DividedFrame" uid="10161512" lat="33.7804708" lon="-84.3807450">
  <tag k="highway" v="crossing"/>
 </node>
 <node id="10069328145" visible="true" version="2" changeset="173109431" timestamp="2025-10-10T19:02:51Z" user="shinterro" uid="8562391" lat="33.7815746" lon="-84.3799934"/>
 <node id="10069328146" visible="true" version="1" changeset="126907995" timestamp="2022-10-02T19:57:11Z" user="DividedFrame" uid="10161512" lat="33.7806009" lon="-84.3807087">
  <tag k="highway" v="crossing"/>
 </node>
 <node id="10104478182" visible="true" version="1" changeset="127590755" timestamp="2022-10-15T21:52:05Z" user="DividedFrame" uid="10161512" lat="33.7814099" lon="-84.3812968"/>
 <node id="11018189843" visible="true" version="2" changeset="173028485" timestamp="2025-10-09T02:05:53Z" user="shinterro" uid="8562391" lat="33.7817084" lon="-84.3805947"/>
 <node id="11018189844" visible="true" version="3" changeset="185609143" timestamp="2026-07-12T19:13:19Z" user="Cerras" uid="24292237" lat="33.7818617" lon="-84.3803677">
  <tag k="barrier" v="kerb"/>
  <tag k="kerb" v="lowered"/>
  <tag k="tactile_paving" v="yes"/>
 </node>
 <node id="11018189845" visible="true" version="3" changeset="185609143" timestamp="2026-07-12T19:12:01Z" user="Cerras" uid="24292237" lat="33.7817182" lon="-84.3805825">
  <tag k="barrier" v="kerb"/>
  <tag k="kerb" v="lowered"/>
  <tag k="tactile_paving" v="yes"/>
 </node>
 <node id="11018212800" visible="true" version="3" changeset="185616272" timestamp="2026-07-12T21:48:00Z" user="Cerras" uid="24292237" lat="33.7818527" lon="-84.3805191">
  <tag k="barrier" v="kerb"/>
  <tag k="kerb" v="lowered"/>
  <tag k="tactile_paving" v="yes"/>
 </node>
 <node id="11018212801" visible="true" version="3" changeset="185609143" timestamp="2026-07-12T19:13:14Z" user="Cerras" uid="24292237" lat="33.7817332" lon="-84.3804039">
  <tag k="barrier" v="kerb"/>
  <tag k="kerb" v="lowered"/>
  <tag k="tactile_paving" v="yes"/>
 </node>
 <node id="11018272833" visible="true" version="2" changeset="173109431" timestamp="2025-10-10T19:02:51Z" user="shinterro" uid="8562391" lat="33.7817967" lon="-84.3798082"/>
 <node id="11018282492" visible="true" version="1" changeset="137999809" timestamp="2023-07-01T17:05:12Z" user="paricdil" uid="11164219" lat="33.7825636" lon="-84.3782087"/>
 <node id="11018282493" visible="true" version="1" changeset="137999809" timestamp="2023-07-01T17:05:12Z" user="paricdil" uid="11164219" lat="33.7825548" lon="-84.3781686"/>
 <node id="11018282494" visible="true" version="1" changeset="137999809" timestamp="2023-07-01T17:05:12Z" user="paricdil" uid="11164219" lat="33.7824906" lon="-84.3780654"/>
 <node id="11018282495" visible="true" version="1" changeset="137999809" timestamp="2023-07-01T17:05:12Z" user="paricdil" uid="11164219" lat="33.7824796" lon="-84.3780421"/>
 <node id="11018282496" visible="true" version="1" changeset="137999809" timestamp="2023-07-01T17:05:12Z" user="paricdil" uid="11164219" lat="33.7824754" lon="-84.3780171"/>
 <node id="11018282497" visible="true" version="1" changeset="137999809" timestamp="2023-07-01T17:05:12Z" user="paricdil" uid="11164219" lat="33.7824745" lon="-84.3779976"/>
 <node id="11018294017" visible="true" version="5" changeset="185616403" timestamp="2026-07-12T21:45:53Z" user="Cerras" uid="24292237" lat="33.7818437" lon="-84.3793036">
  <tag k="button_operated" v="yes"/>
  <tag k="crossing" v="traffic_signals"/>
  <tag k="crossing:signals" v="yes"/>
  <tag k="highway" v="crossing"/>
 </node>
 <node id="11018294018" visible="true" version="4" changeset="173109431" timestamp="2025-10-10T19:02:51Z" user="shinterro" uid="8562391" lat="33.7817967" lon="-84.3796175">
  <tag k="crossing" v="uncontrolled"/>
  <tag k="crossing:island" v="no"/>
  <tag k="crossing:markings" v="yes"/>
  <tag k="crossing:signals" v="no"/>
  <tag k="highway" v="crossing"/>
 </node>
 <node id="11018294019" visible="true" version="1" changeset="138000351" timestamp="2023-07-01T17:22:29Z" user="paricdil" uid="11164219" lat="33.7817394" lon="-84.3795387"/>
 <node id="11018294021" visible="true" version="2" changeset="157625528" timestamp="2024-10-08T12:58:28Z" user="VLD275" uid="17310249" lat="33.7817257" lon="-84.3794134">
  <tag k="crossing" v="uncontrolled"/>
  <tag k="crossing:island" v="no"/>
  <tag k="crossing:markings" v="yes"/>
  <tag k="crossing:signals" v="no"/>
  <tag k="highway" v="crossing"/>
 </node>
 <node id="11018305057" visible="true" version="1" changeset="138000479" timestamp="2023-07-01T17:26:30Z" user="paricdil" uid="11164219" lat="33.7815999" lon="-84.3794134"/>
 <node id="11018305058" visible="true" version="1" changeset="138000479" timestamp="2023-07-01T17:26:30Z" user="paricdil" uid="11164219" lat="33.7816480" lon="-84.3793490"/>
 <node id="11018314443" visible="true" version="2" changeset="173109431" timestamp="2025-10-10T19:02:51Z" user="shinterro" uid="8562391" lat="33.7818434" lon="-84.3792867"/>
 <node id="11018314444" visible="true" version="3" changeset="173109431" timestamp="2025-10-10T19:02:51Z" user="shinterro" uid="8562391" lat="33.7818437" lon="-84.3795135"/>
 <node id="11018314445" visible="true" version="3" changeset="173109431" timestamp="2025-10-10T19:02:51Z" user="shinterro" uid="8562391" lat="33.7818437" lon="-84.3794132">
  <tag k="crossing" v="marked"/>
  <tag k="crossing:markings" v="yes"/>
  <tag k="highway" v="crossing"/>
 </node>
 <node id="11867917026" visible="true" version="1" changeset="150687696" timestamp="2024-04-30T03:57:22Z" user="Trexer0" uid="8532341" lat="33.7929521" lon="-84.3724889"/>
 <node id="12046595126" visible="true" version="2" changeset="163507801" timestamp="2025-03-12T01:19:53Z" user="tguen" uid="9465017" lat="33.7825862" lon="-84.3815040"/>
 <node id="12046595127" visible="true" version="2" changeset="163507801" timestamp="2025-03-12T01:19:53Z" user="tguen" uid="9465017" lat="33.7818778" lon="-84.3814953"/>
 <node id="12046595128" visible="true" version="2" changeset="163507801" timestamp="2025-03-12T01:19:53Z" user="tguen" uid="9465017" lat="33.7818775" lon="-84.3811330"/>
 <node id="12046595129" visible="true" version="1" changeset="153798798" timestamp="2024-07-10T19:51:40Z" user="NJ00" uid="20477450" lat="33.7825753" lon="-84.3812076"/>
 <node id="12909445910" visible="true" version="1" changeset="167532648" timestamp="2025-06-12T12:53:47Z" user="nlitvinava_lyft" uid="12604528" lat="33.7817682" lon="-84.3820545"/>
 <node id="12909445913" visible="true" version="1" changeset="167532648" timestamp="2025-06-12T12:53:47Z" user="nlitvinava_lyft" uid="12604528" lat="33.7816894" lon="-84.3820526"/>
 <node id="12926353105" visible="true" version="1" changeset="167839707" timestamp="2025-06-19T18:15:44Z" user="alexwohlbruck" uid="12370548" lat="33.7818312" lon="-84.3687930"/>
 <node id="12926353106" visible="true" version="1" changeset="167839707" timestamp="2025-06-19T18:15:44Z" user="alexwohlbruck" uid="12370548" lat="33.7818418" lon="-84.3687592"/>
 <node id="12926353125" visible="true" version="1" changeset="167839707" timestamp="2025-06-19T18:15:44Z" user="alexwohlbruck" uid="12370548" lat="33.7842405" lon="-84.3702052"/>
 <node id="12926353195" visible="true" version="1" changeset="167839707" timestamp="2025-06-19T18:15:44Z" user="alexwohlbruck" uid="12370548" lat="33.7943436" lon="-84.3703556"/>
 <node id="13203264190" visible="true" version="2" changeset="173028485" timestamp="2025-10-09T02:05:53Z" user="shinterro" uid="8562391" lat="33.7823584" lon="-84.3805633"/>
 <node id="13203924437" visible="true" version="1" changeset="173028485" timestamp="2025-10-09T02:05:53Z" user="shinterro" uid="8562391" lat="33.7819072" lon="-84.3803401"/>
 <node id="13203924438" visible="true" version="1" changeset="173028485" timestamp="2025-10-09T02:05:53Z" user="shinterro" uid="8562391" lat="33.7818917" lon="-84.3803420"/>
 <node id="13203924439" visible="true" version="1" changeset="173028485" timestamp="2025-10-09T02:05:53Z" user="shinterro" uid="8562391" lat="33.7818775" lon="-84.3803298"/>
 <node id="13203924440" visible="true" version="1" changeset="173028485" timestamp="2025-10-09T02:05:53Z" user="shinterro" uid="8562391" lat="33.7816948" lon="-84.3805849"/>
 <node id="13203924441" visible="true" version="1" changeset="173028485" timestamp="2025-10-09T02:05:53Z" user="shinterro" uid="8562391" lat="33.7816875" lon="-84.3805856"/>
 <node id="13203924442" visible="true" version="1" changeset="173028485" timestamp="2025-10-09T02:05:53Z" user="shinterro" uid="8562391" lat="33.7818661" lon="-84.3805545"/>
 <node id="13203924443" visible="true" version="1" changeset="173028485" timestamp="2025-10-09T02:05:53Z" user="shinterro" uid="8562391" lat="33.7820612" lon="-84.3807972"/>
 <node id="13203924444" visible="true" version="1" changeset="173028485" timestamp="2025-10-09T02:05:53Z" user="shinterro" uid="8562391" lat="33.7820638" lon="-84.3809101"/>
 <node id="13203924469" visible="true" version="1" changeset="173028485" timestamp="2025-10-09T02:05:53Z" user="shinterro" uid="8562391" lat="33.7810301" lon="-84.3816341"/>
 <node id="13203924470" visible="true" version="1" changeset="173028485" timestamp="2025-10-09T02:05:53Z" user="shinterro" uid="8562391" lat="33.7810231" lon="-84.3816271"/>
 <node id="13203924471" visible="true" version="1" changeset="173028485" timestamp="2025-10-09T02:05:53Z" user="shinterro" uid="8562391" lat="33.7810114" lon="-84.3816230"/>
 <node id="13203924472" visible="true" version="1" changeset="173028485" timestamp="2025-10-09T02:05:53Z" user="shinterro" uid="8562391" lat="33.7809955" lon="-84.3816294"/>
 <node id="13203924473" visible="true" version="1" changeset="173028485" timestamp="2025-10-09T02:05:53Z" user="shinterro" uid="8562391" lat="33.7809799" lon="-84.3816428"/>
 <node id="13203924474" visible="true" version="1" changeset="173028485" timestamp="2025-10-09T02:05:53Z" user="shinterro" uid="8562391" lat="33.7809604" lon="-84.3816696"/>
 <node id="13203924475" visible="true" version="1" changeset="173028485" timestamp="2025-10-09T02:05:53Z" user="shinterro" uid="8562391" lat="33.7809568" lon="-84.3816928"/>
 <node id="13203924476" visible="true" version="1" changeset="173028485" timestamp="2025-10-09T02:05:53Z" user="shinterro" uid="8562391" lat="33.7809618" lon="-84.3817099"/>
 <node id="13203924477" visible="true" version="2" changeset="175689438" timestamp="2025-12-08T22:30:17Z" user="shinterro" uid="8562391" lat="33.7827957" lon="-84.3812181"/>
 <node id="13203924478" visible="true" version="1" changeset="173028485" timestamp="2025-10-09T02:05:53Z" user="shinterro" uid="8562391" lat="33.7827955" lon="-84.3811657"/>
 <node id="13203924479" visible="true" version="1" changeset="173028485" timestamp="2025-10-09T02:05:53Z" user="shinterro" uid="8562391" lat="33.7827950" lon="-84.3810636"/>
 <node id="13203924480" visible="true" version="1" changeset="173028485" timestamp="2025-10-09T02:05:53Z" user="shinterro" uid="8562391" lat="33.7828387" lon="-84.3810633"/>
 <node id="13203924481" visible="true" version="2" changeset="175689438" timestamp="2025-12-08T22:30:17Z" user="shinterro" uid="8562391" lat="33.7828394" lon="-84.3812181"/>
 <node id="13203969353" visible="true" version="3" changeset="174389334" timestamp="2025-11-08T18:30:06Z" user="confusedbuffalo" uid="242345" lat="33.7820779" lon="-84.3807013">
  <tag k="addr:floor" v="G;1"/>
  <tag k="addr:housenumber" v="1000"/>
  <tag k="addr:street" v="Piedmont Avenue Northeast"/>
  <tag k="addr:unit" v="D"/>
  <tag k="beauty" v="nails"/>
  <tag k="check_date" v="2025-10-08"/>
  <tag k="contact:facebook" v="https://www.facebook.com/piedmontnailsspa/"/>
  <tag k="contact:instagram" v="https://www.instagram.com/piedmontnailspa/"/>
  <tag k="level" v="0;1"/>
  <tag k="name" v="Piedmont Nails &amp; Spa"/>
  <tag k="opening_hours" v="Mo off; Tu-Sa 10:00-19:00; Su 12:00-18:00"/>
  <tag k="payment:cash" v="yes"/>
  <tag k="payment:credit_cards" v="yes"/>
  <tag k="payment:debit_cards" v="yes"/>
  <tag k="phone" v="+1-404-815-1872"/>
  <tag k="shop" v="beauty"/>
  <tag k="wheelchair" v="yes"/>
 </node>
 <node id="13203969354" visible="true" version="3" changeset="174389334" timestamp="2025-11-08T18:30:06Z" user="confusedbuffalo" uid="242345" lat="33.7820064" lon="-84.3808555">
  <tag k="addr:floor" v="G;1"/>
  <tag k="addr:housenumber" v="1000"/>
  <tag k="addr:street" v="Piedmont Avenue Northeast"/>
  <tag k="check_date" v="2025-10-08"/>
  <tag k="email" v="Info@BoyNextDoorMenswear.com"/>
  <tag k="level" v="0;1"/>
  <tag k="name" v="The Boy Next Door Menswear"/>
  <tag k="opening_hours" v="Mo-Th 12:00-19:00; Fr-Sa 11:00-20:00; Su 12:00-18:00"/>
  <tag k="payment:cash" v="yes"/>
  <tag k="payment:credit_cards" v="yes"/>
  <tag k="payment:debit_cards" v="yes"/>
  <tag k="phone" v="+1-404-873-2664"/>
  <tag k="shop" v="clothes"/>
  <tag k="website" v="https://boynextdoormenswear.com/"/>
  <tag k="wheelchair" v="yes"/>
 </node>
 <node id="13204047802" visible="true" version="1" changeset="173028485" timestamp="2025-10-09T02:05:53Z" user="shinterro" uid="8562391" lat="33.7799248" lon="-84.3819543"/>
 <node id="13204047803" visible="true" version="1" changeset="173028485" timestamp="2025-10-09T02:05:53Z" user="shinterro" uid="8562391" lat="33.7815384" lon="-84.3814929"/>
 <node id="13204047804" visible="true" version="1" changeset="173028485" timestamp="2025-10-09T02:05:53Z" user="shinterro" uid="8562391" lat="33.7815590" lon="-84.3815097"/>
 <node id="13204047805" visible="true" version="1" changeset="173028485" timestamp="2025-10-09T02:05:53Z" user="shinterro" uid="8562391" lat="33.7815768" lon="-84.3815801"/>
 <node id="13204047806" visible="true" version="1" changeset="173028485" timestamp="2025-10-09T02:05:53Z" user="shinterro" uid="8562391" lat="33.7815801" lon="-84.3816358"/>
 <node id="13204047807" visible="true" version="1" changeset="173028485" timestamp="2025-10-09T02:05:53Z" user="shinterro" uid="8562391" lat="33.7815891" lon="-84.3816680"/>
 <node id="13204047808" visible="true" version="1" changeset="173028485" timestamp="2025-10-09T02:05:53Z" user="shinterro" uid="8562391" lat="33.7816208" lon="-84.3817055"/>
 <node id="13204047809" visible="true" version="1" changeset="173028485" timestamp="2025-10-09T02:05:53Z" user="shinterro" uid="8562391" lat="33.7809693" lon="-84.3816539"/>
 <node id="13204047810" visible="true" version="1" changeset="173028485" timestamp="2025-10-09T02:05:53Z" user="shinterro" uid="8562391" lat="33.7809732" lon="-84.3817159"/>
 <node id="13204047811" visible="true" version="1" changeset="173028485" timestamp="2025-10-09T02:05:53Z" user="shinterro" uid="8562391" lat="33.7810066" lon="-84.3817142"/>
 <node id="13204047836" visible="true" version="1" changeset="173028485" timestamp="2025-10-09T02:05:53Z" user="shinterro" uid="8562391" lat="33.7813747" lon="-84.3806861"/>
 <node id="13204047837" visible="true" version="1" changeset="173028485" timestamp="2025-10-09T02:05:53Z" user="shinterro" uid="8562391" lat="33.7813722" lon="-84.3806694"/>
 <node id="13204047839" visible="true" version="1" changeset="173028485" timestamp="2025-10-09T02:05:53Z" user="shinterro" uid="8562391" lat="33.7829835" lon="-84.3811625"/>
 <node id="13204047840" visible="true" version="1" changeset="173028485" timestamp="2025-10-09T02:05:53Z" user="shinterro" uid="8562391" lat="33.7826493" lon="-84.3811591"/>
 <node id="13204047841" visible="true" version="1" changeset="173028485" timestamp="2025-10-09T02:05:53Z" user="shinterro" uid="8562391" lat="33.7826508" lon="-84.3816753"/>
 <node id="13204047842" visible="true" version="2" changeset="175689438" timestamp="2025-12-08T22:30:17Z" user="shinterro" uid="8562391" lat="33.7827343" lon="-84.3812096"/>
 <node id="13204047843" visible="true" version="1" changeset="173028485" timestamp="2025-10-09T02:05:53Z" user="shinterro" uid="8562391" lat="33.7827151" lon="-84.3812097"/>
 <node id="13204047844" visible="true" version="1" changeset="173028485" timestamp="2025-10-09T02:05:53Z" user="shinterro" uid="8562391" lat="33.7827152" lon="-84.3812516"/>
 <node id="13204047845" visible="true" version="1" changeset="173028485" timestamp="2025-10-09T02:05:53Z" user="shinterro" uid="8562391" lat="33.7827247" lon="-84.3812516"/>
 <node id="13204047846" visible="true" version="1" changeset="173028485" timestamp="2025-10-09T02:05:53Z" user="shinterro" uid="8562391" lat="33.7825774" lon="-84.3811506"/>
 <node id="13204047847" visible="true" version="1" changeset="173028485" timestamp="2025-10-09T02:05:53Z" user="shinterro" uid="8562391" lat="33.7825456" lon="-84.3811307"/>
 <node id="13204047848" visible="true" version="1" changeset="173028485" timestamp="2025-10-09T02:05:53Z" user="shinterro" uid="8562391" lat="33.7825427" lon="-84.3810976">
  <tag k="access" v="permit"/>
  <tag k="amenity" v="parking_entrance"/>
  <tag k="fee" v="yes"/>
  <tag k="lit" v="yes"/>
  <tag k="name" v="Azure on the Park Parking"/>
  <tag k="opening_hours" v="24/7"/>
  <tag k="parking" v="multi-storey"/>
  <tag k="pets_allowed" v="yes"/>
  <tag k="smoothness" v="excellent"/>
  <tag k="surface" v="concrete"/>
 </node>
 <node id="13204047849" visible="true" version="1" changeset="173028485" timestamp="2025-10-09T02:05:53Z" user="shinterro" uid="8562391" lat="33.7825421" lon="-84.3811181"/>
 <node id="13204047850" visible="true" version="1" changeset="173028485" timestamp="2025-10-09T02:05:53Z" user="shinterro" uid="8562391" lat="33.7825533" lon="-84.3811409"/>
 <node id="13204047851" visible="true" version="1" changeset="173028485" timestamp="2025-10-09T02:05:53Z" user="shinterro" uid="8562391" lat="33.7826029" lon="-84.3811550"/>
 <node id="13204047852" visible="true" version="1" changeset="173028485" timestamp="2025-10-09T02:05:53Z" user="shinterro" uid="8562391" lat="33.7827345" lon="-84.3811667"/>
 <node id="13204047853" visible="true" version="1" changeset="173028485" timestamp="2025-10-09T02:05:53Z" user="shinterro" uid="8562391" lat="33.7828987" lon="-84.3811641"/>
 <node id="13204047854" visible="true" version="1" changeset="173028485" timestamp="2025-10-09T02:05:53Z" user="shinterro" uid="8562391" lat="33.7829716" lon="-84.3811627">
  <tag k="highway" v="crossing"/>
 </node>
 <node id="13204047855" visible="true" version="1" changeset="173028485" timestamp="2025-10-09T02:05:53Z" user="shinterro" uid="8562391" lat="33.7830271" lon="-84.3811617"/>
 <node id="13204047856" visible="true" version="1" changeset="173028485" timestamp="2025-10-09T02:05:53Z" user="shinterro" uid="8562391" lat="33.7829142" lon="-84.3803192"/>
 <node id="13204047857" visible="true" version="1" changeset="173028485" timestamp="2025-10-09T02:05:53Z" user="shinterro" uid="8562391" lat="33.7828912" lon="-84.3802280"/>
 <node id="13204047858" visible="true" version="1" changeset="173028485" timestamp="2025-10-09T02:05:53Z" user="shinterro" uid="8562391" lat="33.7824747" lon="-84.3804244"/>
 <node id="13204047859" visible="true" version="1" changeset="173028485" timestamp="2025-10-09T02:05:53Z" user="shinterro" uid="8562391" lat="33.7827154" lon="-84.3810744"/>
 <node id="13204047860" visible="true" version="1" changeset="173028485" timestamp="2025-10-09T02:05:53Z" user="shinterro" uid="8562391" lat="33.7827733" lon="-84.3810743"/>
 <node id="13204047861" visible="true" version="1" changeset="173028485" timestamp="2025-10-09T02:05:53Z" user="shinterro" uid="8562391" lat="33.7827733" lon="-84.3810871"/>
 <node id="13204047862" visible="true" version="1" changeset="173028485" timestamp="2025-10-09T02:05:53Z" user="shinterro" uid="8562391" lat="33.7827857" lon="-84.3810871"/>
 <node id="13204047863" visible="true" version="1" changeset="173028485" timestamp="2025-10-09T02:05:53Z" user="shinterro" uid="8562391" lat="33.7827857" lon="-84.3810635"/>
 <node id="13204047864" visible="true" version="1" changeset="173028485" timestamp="2025-10-09T02:05:53Z" user="shinterro" uid="8562391" lat="33.7827344" lon="-84.3811491"/>
 <node id="13204047865" visible="true" version="1" changeset="173028485" timestamp="2025-10-09T02:05:53Z" user="shinterro" uid="8562391" lat="33.7827155" lon="-84.3811491"/>
 <node id="13204047866" visible="true" version="1" changeset="173028485" timestamp="2025-10-09T02:05:53Z" user="shinterro" uid="8562391" lat="33.7828079" lon="-84.3810635"/>
 <node id="13204047867" visible="true" version="1" changeset="173028485" timestamp="2025-10-09T02:05:53Z" user="shinterro" uid="8562391" lat="33.7828467" lon="-84.3810634"/>
 <node id="13204047868" visible="true" version="1" changeset="173028485" timestamp="2025-10-09T02:05:53Z" user="shinterro" uid="8562391" lat="33.7828467" lon="-84.3810784"/>
 <node id="13204047869" visible="true" version="1" changeset="173028485" timestamp="2025-10-09T02:05:53Z" user="shinterro" uid="8562391" lat="33.7829167" lon="-84.3811496"/>
 <node id="13204047870" visible="true" version="1" changeset="173028485" timestamp="2025-10-09T02:05:53Z" user="shinterro" uid="8562391" lat="33.7828987" lon="-84.3811496"/>
 <node id="13204047871" visible="true" version="1" changeset="173028485" timestamp="2025-10-09T02:05:53Z" user="shinterro" uid="8562391" lat="33.7828988" lon="-84.3812554"/>
 <node id="13204047872" visible="true" version="1" changeset="173028485" timestamp="2025-10-09T02:05:53Z" user="shinterro" uid="8562391" lat="33.7829057" lon="-84.3812554"/>
 <node id="13204950492" visible="true" version="3" changeset="174389334" timestamp="2025-11-08T18:30:06Z" user="confusedbuffalo" uid="242345" lat="33.7811050" lon="-84.3808443">
  <tag k="addr:floor" v="G;1"/>
  <tag k="addr:housenumber" v="970"/>
  <tag k="addr:street" v="Piedmont Avenue Northeast"/>
  <tag k="amenity" v="bar"/>
  <tag k="check_date" v="2025-10-09"/>
  <tag k="contact:facebook" v="https://www.facebook.com/katscafe.atlanta/"/>
  <tag k="level" v="0;1"/>
  <tag k="name" v="Kat's Cafe"/>
  <tag k="payment:cash" v="yes"/>
  <tag k="payment:credit_cards" v="yes"/>
  <tag k="payment:debit_cards" v="yes"/>
  <tag k="phone" v="+1-404-347-2263"/>
  <tag k="restaurant" v="yes"/>
  <tag k="website" v="https://www.katscafeatlanta.com/"/>
  <tag k="wheelchair" v="yes"/>
 </node>
 <node id="13204950493" visible="true" version="3" changeset="174389334" timestamp="2025-11-08T18:30:06Z" user="confusedbuffalo" uid="242345" lat="33.7811669" lon="-84.3808476">
  <tag k="addr:floor" v="G;1"/>
  <tag k="addr:housenumber" v="970"/>
  <tag k="addr:street" v="Piedmont Avenue Northeast"/>
  <tag k="check_date" v="2025-10-09"/>
  <tag k="email" v="helmetmidtown@bellsouth.net"/>
  <tag k="level" v="0;1"/>
  <tag k="name" v="Helmet Hairworx"/>
  <tag k="opening_hours" v="Mo-Sa 10:00-19:00; Su 10:00-18:00"/>
  <tag k="payment:cash" v="yes"/>
  <tag k="payment:credit_cards" v="yes"/>
  <tag k="payment:debit_cards" v="yes"/>
  <tag k="phone" v="+1-404-815-1629"/>
  <tag k="shop" v="hairdresser"/>
  <tag k="website" v="https://www.helmethairworx.com/"/>
  <tag k="wheelchair" v="yes"/>
 </node>
 <node id="13204950494" visible="true" version="4" changeset="188560181" timestamp="2026-09-05T08:35:58Z" user="confusedbuffalo-bot" uid="23492813" lat="33.7825678" lon="-84.3804433">
  <tag k="addr:floor" v="G;1"/>
  <tag k="addr:housenumber" v="1020"/>
  <tag k="addr:street" v="Piedmont Avenue Northeast"/>
  <tag k="addr:unit" v="B"/>
  <tag k="amenity" v="restaurant"/>
  <tag k="check_date" v="2025-10-09"/>
  <tag k="cuisine" v="asian"/>
  <tag k="level" v="0;1"/>
  <tag k="name" v="Dumpling Master"/>
  <tag k="opening_hours" v="Fr-Sa 11:00-22:00; Su-Th 11:00-21:00"/>
  <tag k="outdoor_seating" v="yes"/>
  <tag k="payment:cash" v="yes"/>
  <tag k="payment:credit_cards" v="yes"/>
  <tag k="payment:debit_cards" v="yes"/>
  <tag k="phone" v="+1-404-286-2027"/>
  <tag k="self_service" v="no"/>
  <tag k="website" v="http://dumplingmaster.us"/>
  <tag k="wheelchair" v="yes"/>
 </node>
 <node id="13204950495" visible="true" version="2" changeset="174389334" timestamp="2025-11-08T18:30:06Z" user="confusedbuffalo" uid="242345" lat="33.7828397" lon="-84.3803506">
  <tag k="addr:floor" v="G;1"/>
  <tag k="addr:housenumber" v="1020"/>
  <tag k="addr:street" v="Piedmont Avenue Northeast"/>
  <tag k="addr:unit" v="A"/>
  <tag k="amenity" v="restaurant"/>
  <tag k="check_date" v="2025-10-09"/>
  <tag k="cocktails" v="yes"/>
  <tag k="cuisine" v="thai"/>
  <tag k="email" v="barofthailand@gmail.com"/>
  <tag k="level" v="0;1"/>
  <tag k="name" v="Bar Of Thailand"/>
  <tag k="opening_hours" v="Mo off; Tu-Su 11:30-15:00,17:00-22:00"/>
  <tag k="payment:cash" v="yes"/>
  <tag k="payment:credit_cards" v="yes"/>
  <tag k="payment:debit_cards" v="yes"/>
  <tag k="phone" v="+1-404-500-1955"/>
  <tag k="short_name" v="B.O.T"/>
  <tag k="website" v="https://barofthailand.com/"/>
  <tag k="wheelchair" v="yes"/>
 </node>
 <node id="13207390955" visible="true" version="1" changeset="173109431" timestamp="2025-10-10T19:02:51Z" user="shinterro" uid="8562391" lat="33.7810418" lon="-84.3805676"/>
 <node id="13207390956" visible="true" version="1" changeset="173109431" timestamp="2025-10-10T19:02:51Z" user="shinterro" uid="8562391" lat="33.7807291" lon="-84.3806541"/>
 <node id="13207390957" visible="true" version="1" changeset="173109431" timestamp="2025-10-10T19:02:51Z" user="shinterro" uid="8562391" lat="33.7807274" lon="-84.3800855"/>
 <node id="13207390958" visible="true" version="1" changeset="173109431" timestamp="2025-10-10T19:02:51Z" user="shinterro" uid="8562391" lat="33.7810367" lon="-84.3799990"/>
 <node id="13207390962" visible="true" version="1" changeset="173109431" timestamp="2025-10-10T19:02:51Z" user="shinterro" uid="8562391" lat="33.7809203" lon="-84.3804130"/>
 <node id="13207390963" visible="true" version="1" changeset="173109431" timestamp="2025-10-10T19:02:51Z" user="shinterro" uid="8562391" lat="33.7809113" lon="-84.3804130"/>
 <node id="13207390964" visible="true" version="1" changeset="173109431" timestamp="2025-10-10T19:02:51Z" user="shinterro" uid="8562391" lat="33.7809125" lon="-84.3804523"/>
 <node id="13207390965" visible="true" version="1" changeset="173109431" timestamp="2025-10-10T19:02:51Z" user="shinterro" uid="8562391" lat="33.7809214" lon="-84.3804533"/>
 <node id="13207390966" visible="true" version="1" changeset="173109431" timestamp="2025-10-10T19:02:51Z" user="shinterro" uid="8562391" lat="33.7809726" lon="-84.3804613"/>
 <node id="13207390967" visible="true" version="1" changeset="173109431" timestamp="2025-10-10T19:02:51Z" user="shinterro" uid="8562391" lat="33.7810178" lon="-84.3804603"/>
 <node id="13207390968" visible="true" version="1" changeset="173109431" timestamp="2025-10-10T19:02:51Z" user="shinterro" uid="8562391" lat="33.7810179" lon="-84.3803891"/>
 <node id="13207390969" visible="true" version="1" changeset="173109431" timestamp="2025-10-10T19:02:51Z" user="shinterro" uid="8562391" lat="33.7809998" lon="-84.3803889"/>
 <node id="13207390984" visible="true" version="1" changeset="173109431" timestamp="2025-10-10T19:02:51Z" user="shinterro" uid="8562391" lat="33.7809202" lon="-84.3803799"/>
 <node id="13207390985" visible="true" version="1" changeset="173109431" timestamp="2025-10-10T19:02:51Z" user="shinterro" uid="8562391" lat="33.7809997" lon="-84.3803794"/>
 <node id="13207390986" visible="true" version="1" changeset="173109431" timestamp="2025-10-10T19:02:51Z" user="shinterro" uid="8562391" lat="33.7814042" lon="-84.3800653"/>
 <node id="13207390987" visible="true" version="1" changeset="173109431" timestamp="2025-10-10T19:02:51Z" user="shinterro" uid="8562391" lat="33.7815233" lon="-84.3800376"/>
 <node id="13207390988" visible="true" version="1" changeset="173109431" timestamp="2025-10-10T19:02:51Z" user="shinterro" uid="8562391" lat="33.7815210" lon="-84.3800232"/>
 <node id="13207390989" visible="true" version="1" changeset="173109431" timestamp="2025-10-10T19:02:51Z" user="shinterro" uid="8562391" lat="33.7815554" lon="-84.3800152"/>
 <node id="13207390990" visible="true" version="1" changeset="173109431" timestamp="2025-10-10T19:02:51Z" user="shinterro" uid="8562391" lat="33.7815527" lon="-84.3799985"/>
 <node id="13207390991" visible="true" version="1" changeset="173109431" timestamp="2025-10-10T19:02:51Z" user="shinterro" uid="8562391" lat="33.7813876" lon="-84.3800576"/>
 <node id="13207390992" visible="true" version="1" changeset="173109431" timestamp="2025-10-10T19:02:51Z" user="shinterro" uid="8562391" lat="33.7813934" lon="-84.3800888"/>
 <node id="13207390993" visible="true" version="1" changeset="173109431" timestamp="2025-10-10T19:02:51Z" user="shinterro" uid="8562391" lat="33.7813314" lon="-84.3799506"/>
 <node id="13207390994" visible="true" version="1" changeset="173109431" timestamp="2025-10-10T19:02:51Z" user="shinterro" uid="8562391" lat="33.7813320" lon="-84.3804660"/>
 <node id="13207390995" visible="true" version="1" changeset="173109431" timestamp="2025-10-10T19:02:51Z" user="shinterro" uid="8562391" lat="33.7812062" lon="-84.3805097"/>
 <node id="13207390996" visible="true" version="1" changeset="173109431" timestamp="2025-10-10T19:02:51Z" user="shinterro" uid="8562391" lat="33.7812056" lon="-84.3799508"/>
 <node id="13207390997" visible="true" version="1" changeset="173109431" timestamp="2025-10-10T19:02:51Z" user="shinterro" uid="8562391" lat="33.7810472" lon="-84.3802393"/>
 <node id="13207390998" visible="true" version="1" changeset="173109431" timestamp="2025-10-10T19:02:51Z" user="shinterro" uid="8562391" lat="33.7810423" lon="-84.3802394"/>
 <node id="13207390999" visible="true" version="1" changeset="173109431" timestamp="2025-10-10T19:02:51Z" user="shinterro" uid="8562391" lat="33.7810426" lon="-84.3802947"/>
 <node id="13207391000" visible="true" version="1" changeset="173109431" timestamp="2025-10-10T19:02:51Z" user="shinterro" uid="8562391" lat="33.7810475" lon="-84.3802947"/>
 <node id="13207391001" visible="true" version="1" changeset="173109431" timestamp="2025-10-10T19:02:51Z" user="shinterro" uid="8562391" lat="33.7811297" lon="-84.3802741"/>
 <node id="13207391002" visible="true" version="1" changeset="173109431" timestamp="2025-10-10T19:02:51Z" user="shinterro" uid="8562391" lat="33.7811255" lon="-84.3802741"/>
 <node id="13207391003" visible="true" version="1" changeset="173109431" timestamp="2025-10-10T19:02:51Z" user="shinterro" uid="8562391" lat="33.7811256" lon="-84.3802140"/>
 <node id="13207391004" visible="true" version="1" changeset="173109431" timestamp="2025-10-10T19:02:51Z" user="shinterro" uid="8562391" lat="33.7811302" lon="-84.3802140"/>
 <node id="13207391005" visible="true" version="1" changeset="173109431" timestamp="2025-10-10T19:02:51Z" user="shinterro" uid="8562391" lat="33.7812126" lon="-84.3800167"/>
 <node id="13207391006" visible="true" version="1" changeset="173109431" timestamp="2025-10-10T19:02:51Z" user="shinterro" uid="8562391" lat="33.7812181" lon="-84.3800312"/>
 <node id="13207391007" visible="true" version="1" changeset="173109431" timestamp="2025-10-10T19:02:51Z" user="shinterro" uid="8562391" lat="33.7812182" lon="-84.3799648"/>
 <node id="13207391008" visible="true" version="1" changeset="173109431" timestamp="2025-10-10T19:02:51Z" user="shinterro" uid="8562391" lat="33.7813265" lon="-84.3799651"/>
 <node id="13207391009" visible="true" version="1" changeset="173109431" timestamp="2025-10-10T19:02:51Z" user="shinterro" uid="8562391" lat="33.7813263" lon="-84.3800315"/>
 <node id="13207391010" visible="true" version="1" changeset="173109431" timestamp="2025-10-10T19:02:51Z" user="shinterro" uid="8562391" lat="33.7812175" lon="-84.3801998"/>
 <node id="13207391011" visible="true" version="1" changeset="173109431" timestamp="2025-10-10T19:02:51Z" user="shinterro" uid="8562391" lat="33.7812180" lon="-84.3800719"/>
 <node id="13207391012" visible="true" version="1" changeset="173109431" timestamp="2025-10-10T19:02:51Z" user="shinterro" uid="8562391" lat="33.7813269" lon="-84.3800725"/>
 <node id="13207391013" visible="true" version="1" changeset="173109431" timestamp="2025-10-10T19:02:51Z" user="shinterro" uid="8562391" lat="33.7813265" lon="-84.3801968"/>
 <node id="13207391014" visible="true" version="1" changeset="173109431" timestamp="2025-10-10T19:02:51Z" user="shinterro" uid="8562391" lat="33.7811340" lon="-84.3807167"/>
 <node id="13207391015" visible="true" version="1" changeset="173109431" timestamp="2025-10-10T19:02:51Z" user="shinterro" uid="8562391" lat="33.7811405" lon="-84.3807493"/>
 <node id="13207391016" visible="true" version="1" changeset="173109431" timestamp="2025-10-10T19:02:51Z" user="shinterro" uid="8562391" lat="33.7811375" lon="-84.3807343"/>
 <node id="13207391017" visible="true" version="1" changeset="173109431" timestamp="2025-10-10T19:02:51Z" user="shinterro" uid="8562391" lat="33.7811203" lon="-84.3806476"/>
 <node id="13207391018" visible="true" version="1" changeset="173109431" timestamp="2025-10-10T19:02:51Z" user="shinterro" uid="8562391" lat="33.7810727" lon="-84.3807671"/>
 <node id="13207391019" visible="true" version="1" changeset="173109431" timestamp="2025-10-10T19:02:51Z" user="shinterro" uid="8562391" lat="33.7811978" lon="-84.3807342"/>
 <node id="13207391020" visible="true" version="1" changeset="173109431" timestamp="2025-10-10T19:02:51Z" user="shinterro" uid="8562391" lat="33.7812929" lon="-84.3807110"/>
 <node id="13207391021" visible="true" version="1" changeset="173109431" timestamp="2025-10-10T19:02:51Z" user="shinterro" uid="8562391" lat="33.7812890" lon="-84.3806746"/>
 <node id="13207391022" visible="true" version="1" changeset="173109431" timestamp="2025-10-10T19:02:51Z" user="shinterro" uid="8562391" lat="33.7812925" lon="-84.3806915"/>
 <node id="13207391023" visible="true" version="1" changeset="173109431" timestamp="2025-10-10T19:02:51Z" user="shinterro" uid="8562391" lat="33.7812746" lon="-84.3806056"/>
 <node id="13207391024" visible="true" version="1" changeset="173109431" timestamp="2025-10-10T19:02:51Z" user="shinterro" uid="8562391" lat="33.7812652" lon="-84.3807207"/>
 <node id="13207391025" visible="true" version="1" changeset="173109431" timestamp="2025-10-10T19:02:51Z" user="shinterro" uid="8562391" lat="33.7813230" lon="-84.3807005"/>
 <node id="13207391026" visible="true" version="1" changeset="173109431" timestamp="2025-10-10T19:02:51Z" user="shinterro" uid="8562391" lat="33.7812653" lon="-84.3807859"/>
 <node id="13207391027" visible="true" version="1" changeset="173109431" timestamp="2025-10-10T19:02:51Z" user="shinterro" uid="8562391" lat="33.7813087" lon="-84.3808274"/>
 <node id="13207391028" visible="true" version="1" changeset="173109431" timestamp="2025-10-10T19:02:51Z" user="shinterro" uid="8562391" lat="33.7812648" lon="-84.3808275"/>
 <node id="13207391029" visible="true" version="1" changeset="173109431" timestamp="2025-10-10T19:02:51Z" user="shinterro" uid="8562391" lat="33.7812648" lon="-84.3808066"/>
 <node id="13207391030" visible="true" version="1" changeset="173109431" timestamp="2025-10-10T19:02:51Z" user="shinterro" uid="8562391" lat="33.7812082" lon="-84.3808067"/>
 <node id="13207391031" visible="true" version="1" changeset="173109431" timestamp="2025-10-10T19:02:51Z" user="shinterro" uid="8562391" lat="33.7812460" lon="-84.3808066"/>
 <node id="13207391032" visible="true" version="1" changeset="173109431" timestamp="2025-10-10T19:02:51Z" user="shinterro" uid="8562391" lat="33.7813087" lon="-84.3808482"/>
 <node id="13207391033" visible="true" version="1" changeset="173109431" timestamp="2025-10-10T19:02:51Z" user="shinterro" uid="8562391" lat="33.7813231" lon="-84.3808482"/>
 <node id="13207391034" visible="true" version="1" changeset="173109431" timestamp="2025-10-10T19:02:51Z" user="shinterro" uid="8562391" lat="33.7812644" lon="-84.3809512"/>
 <node id="13207391035" visible="true" version="1" changeset="173109431" timestamp="2025-10-10T19:02:51Z" user="shinterro" uid="8562391" lat="33.7812644" lon="-84.3809681"/>
 <node id="13207391036" visible="true" version="1" changeset="173109431" timestamp="2025-10-10T19:02:51Z" user="shinterro" uid="8562391" lat="33.7816240" lon="-84.3808208"/>
 <node id="13207391037" visible="true" version="1" changeset="173109431" timestamp="2025-10-10T19:02:51Z" user="shinterro" uid="8562391" lat="33.7816227" lon="-84.3809364"/>
 <node id="13207391038" visible="true" version="1" changeset="173109431" timestamp="2025-10-10T19:02:51Z" user="shinterro" uid="8562391" lat="33.7816063" lon="-84.3810356"/>
 <node id="13207391039" visible="true" version="1" changeset="173109431" timestamp="2025-10-10T19:02:51Z" user="shinterro" uid="8562391" lat="33.7816223" lon="-84.3810357"/>
 <node id="13207391040" visible="true" version="1" changeset="173109431" timestamp="2025-10-10T19:02:51Z" user="shinterro" uid="8562391" lat="33.7815884" lon="-84.3811174"/>
 <node id="13207391041" visible="true" version="1" changeset="173109431" timestamp="2025-10-10T19:02:51Z" user="shinterro" uid="8562391" lat="33.7830734" lon="-84.3792626"/>
 <node id="13207391042" visible="true" version="1" changeset="173109431" timestamp="2025-10-10T19:02:51Z" user="shinterro" uid="8562391" lat="33.7830731" lon="-84.3792536"/>
 <node id="13207391043" visible="true" version="1" changeset="173109431" timestamp="2025-10-10T19:02:51Z" user="shinterro" uid="8562391" lat="33.7830112" lon="-84.3792563"/>
 <node id="13207391044" visible="true" version="1" changeset="173109431" timestamp="2025-10-10T19:02:51Z" user="shinterro" uid="8562391" lat="33.7830115" lon="-84.3792684"/>
 <node id="13207391045" visible="true" version="1" changeset="173109431" timestamp="2025-10-10T19:02:51Z" user="shinterro" uid="8562391" lat="33.7829947" lon="-84.3792691"/>
 <node id="13207391046" visible="true" version="1" changeset="173109431" timestamp="2025-10-10T19:02:51Z" user="shinterro" uid="8562391" lat="33.7829952" lon="-84.3792878"/>
 <node id="13207391047" visible="true" version="1" changeset="173109431" timestamp="2025-10-10T19:02:51Z" user="shinterro" uid="8562391" lat="33.7822308" lon="-84.3788307"/>
 <node id="13207391048" visible="true" version="1" changeset="173109431" timestamp="2025-10-10T19:02:51Z" user="shinterro" uid="8562391" lat="33.7822307" lon="-84.3788471"/>
 <node id="13207391049" visible="true" version="1" changeset="173109431" timestamp="2025-10-10T19:02:51Z" user="shinterro" uid="8562391" lat="33.7821758" lon="-84.3788471"/>
 <node id="13207391050" visible="true" version="1" changeset="173109431" timestamp="2025-10-10T19:02:51Z" user="shinterro" uid="8562391" lat="33.7821758" lon="-84.3788300"/>
 <node id="13207391051" visible="true" version="1" changeset="173109431" timestamp="2025-10-10T19:02:51Z" user="shinterro" uid="8562391" lat="33.7821273" lon="-84.3788300"/>
 <node id="13207391052" visible="true" version="1" changeset="173109431" timestamp="2025-10-10T19:02:51Z" user="shinterro" uid="8562391" lat="33.7821273" lon="-84.3787871"/>
 <node id="13207391053" visible="true" version="1" changeset="173109431" timestamp="2025-10-10T19:02:51Z" user="shinterro" uid="8562391" lat="33.7821508" lon="-84.3787742"/>
 <node id="13207391054" visible="true" version="1" changeset="173109431" timestamp="2025-10-10T19:02:51Z" user="shinterro" uid="8562391" lat="33.7821509" lon="-84.3785848"/>
 <node id="13207391055" visible="true" version="1" changeset="173109431" timestamp="2025-10-10T19:02:51Z" user="shinterro" uid="8562391" lat="33.7821305" lon="-84.3785730"/>
 <node id="13207391056" visible="true" version="1" changeset="173109431" timestamp="2025-10-10T19:02:51Z" user="shinterro" uid="8562391" lat="33.7821305" lon="-84.3785330"/>
 <node id="13207391057" visible="true" version="1" changeset="173109431" timestamp="2025-10-10T19:02:51Z" user="shinterro" uid="8562391" lat="33.7821813" lon="-84.3785330"/>
 <node id="13207391058" visible="true" version="1" changeset="173109431" timestamp="2025-10-10T19:02:51Z" user="shinterro" uid="8562391" lat="33.7821814" lon="-84.3785169"/>
 <node id="13207391059" visible="true" version="1" changeset="173109431" timestamp="2025-10-10T19:02:51Z" user="shinterro" uid="8562391" lat="33.7822308" lon="-84.3785169"/>
 <node id="13207391060" visible="true" version="1" changeset="173109431" timestamp="2025-10-10T19:02:51Z" user="shinterro" uid="8562391" lat="33.7822308" lon="-84.3785345"/>
 <node id="13207391061" visible="true" version="1" changeset="173109431" timestamp="2025-10-10T19:02:51Z" user="shinterro" uid="8562391" lat="33.7822828" lon="-84.3785345"/>
 <node id="13207391062" visible="true" version="1" changeset="173109431" timestamp="2025-10-10T19:02:51Z" user="shinterro" uid="8562391" lat="33.7822828" lon="-84.3785794"/>
 <node id="13207391063" visible="true" version="1" changeset="173109431" timestamp="2025-10-10T19:02:51Z" user="shinterro" uid="8562391" lat="33.7822602" lon="-84.3785881"/>
 <node id="13207391064" visible="true" version="1" changeset="173109431" timestamp="2025-10-10T19:02:51Z" user="shinterro" uid="8562391" lat="33.7822602" lon="-84.3787732"/>
 <node id="13207391065" visible="true" version="1" changeset="173109431" timestamp="2025-10-10T19:02:51Z" user="shinterro" uid="8562391" lat="33.7822804" lon="-84.3787806"/>
 <node id="13207391066" visible="true" version="1" changeset="173109431" timestamp="2025-10-10T19:02:51Z" user="shinterro" uid="8562391" lat="33.7822804" lon="-84.3788308"/>
 <node id="13207391067" visible="true" version="1" changeset="173109431" timestamp="2025-10-10T19:02:51Z" user="shinterro" uid="8562391" lat="33.7818545" lon="-84.3793517"/>
 <node id="13207391068" visible="true" version="1" changeset="173109431" timestamp="2025-10-10T19:02:51Z" user="shinterro" uid="8562391" lat="33.7818536" lon="-84.3794137"/>
 <node id="13207391069" visible="true" version="1" changeset="173109431" timestamp="2025-10-10T19:02:51Z" user="shinterro" uid="8562391" lat="33.7818542" lon="-84.3794698"/>
 <node id="13207391070" visible="true" version="1" changeset="173109431" timestamp="2025-10-10T19:02:51Z" user="shinterro" uid="8562391" lat="33.7821759" lon="-84.3793329"/>
 <node id="13207391071" visible="true" version="1" changeset="173109431" timestamp="2025-10-10T19:02:51Z" user="shinterro" uid="8562391" lat="33.7822132" lon="-84.3793328"/>
 <node id="13207391072" visible="true" version="1" changeset="173109431" timestamp="2025-10-10T19:02:51Z" user="shinterro" uid="8562391" lat="33.7822133" lon="-84.3793906"/>
 <node id="13207391073" visible="true" version="1" changeset="173109431" timestamp="2025-10-10T19:02:51Z" user="shinterro" uid="8562391" lat="33.7821760" lon="-84.3793908"/>
 <node id="13207391074" visible="true" version="1" changeset="173109431" timestamp="2025-10-10T19:02:51Z" user="shinterro" uid="8562391" lat="33.7820320" lon="-84.3793705"/>
 <node id="13207391075" visible="true" version="1" changeset="173109431" timestamp="2025-10-10T19:02:51Z" user="shinterro" uid="8562391" lat="33.7820242" lon="-84.3794069"/>
 <node id="13207391076" visible="true" version="1" changeset="173109431" timestamp="2025-10-10T19:02:51Z" user="shinterro" uid="8562391" lat="33.7820471" lon="-84.3793754"/>
 <node id="13207391077" visible="true" version="1" changeset="173109431" timestamp="2025-10-10T19:02:51Z" user="shinterro" uid="8562391" lat="33.7820380" lon="-84.3793951"/>
 <node id="13207391078" visible="true" version="1" changeset="173109431" timestamp="2025-10-10T19:02:51Z" user="shinterro" uid="8562391" lat="33.7820117" lon="-84.3793806"/>
 <node id="13207391079" visible="true" version="1" changeset="173109431" timestamp="2025-10-10T19:02:51Z" user="shinterro" uid="8562391" lat="33.7821690" lon="-84.3793529"/>
 <node id="13207391080" visible="true" version="1" changeset="173109431" timestamp="2025-10-10T19:02:51Z" user="shinterro" uid="8562391" lat="33.7817966" lon="-84.3794769"/>
 <node id="13207391081" visible="true" version="1" changeset="173109431" timestamp="2025-10-10T19:02:51Z" user="shinterro" uid="8562391" lat="33.7818437" lon="-84.3794753">
  <tag k="crossing" v="marked"/>
  <tag k="crossing:markings" v="yes"/>
  <tag k="highway" v="crossing"/>
 </node>
 <node id="13207391082" visible="true" version="1" changeset="173109431" timestamp="2025-10-10T19:02:51Z" user="shinterro" uid="8562391" lat="33.7818748" lon="-84.3794616">
  <tag k="highway" v="crossing"/>
 </node>
 <node id="13207391083" visible="true" version="1" changeset="173109431" timestamp="2025-10-10T19:02:51Z" user="shinterro" uid="8562391" lat="33.7818920" lon="-84.3794545"/>
 <node id="13207391084" visible="true" version="1" changeset="173109431" timestamp="2025-10-10T19:02:51Z" user="shinterro" uid="8562391" lat="33.7820082" lon="-84.3794166"/>
 <node id="13207391085" visible="true" version="1" changeset="173109431" timestamp="2025-10-10T19:02:51Z" user="shinterro" uid="8562391" lat="33.7820551" lon="-84.3793371"/>
 <node id="13207391086" visible="true" version="1" changeset="173109431" timestamp="2025-10-10T19:02:51Z" user="shinterro" uid="8562391" lat="33.7820174" lon="-84.3793542"/>
 <node id="13207391087" visible="true" version="1" changeset="173109431" timestamp="2025-10-10T19:02:51Z" user="shinterro" uid="8562391" lat="33.7819628" lon="-84.3793596"/>
 <node id="13207391088" visible="true" version="1" changeset="173109431" timestamp="2025-10-10T19:02:51Z" user="shinterro" uid="8562391" lat="33.7818959" lon="-84.3793556"/>
 <node id="13207391089" visible="true" version="1" changeset="173109431" timestamp="2025-10-10T19:02:51Z" user="shinterro" uid="8562391" lat="33.7818749" lon="-84.3793532">
  <tag k="highway" v="crossing"/>
 </node>
 <node id="13207391090" visible="true" version="1" changeset="173109431" timestamp="2025-10-10T19:02:51Z" user="shinterro" uid="8562391" lat="33.7818437" lon="-84.3793506">
  <tag k="crossing" v="marked"/>
  <tag k="crossing:markings" v="yes"/>
  <tag k="highway" v="crossing"/>
 </node>
 <node id="13207391091" visible="true" version="1" changeset="173109431" timestamp="2025-10-10T19:02:51Z" user="shinterro" uid="8562391" lat="33.7817969" lon="-84.3793492"/>
 <node id="13207391092" visible="true" version="2" changeset="185616427" timestamp="2026-07-12T21:46:23Z" user="Cerras" uid="24292237" lat="33.7820555" lon="-84.3793167">
  <tag k="access" v="permit"/>
  <tag k="amenity" v="parking_entrance"/>
  <tag k="covered" v="yes"/>
  <tag k="fee" v="yes"/>
  <tag k="lit" v="yes"/>
  <tag k="maxheight" v="6'8&quot;"/>
  <tag k="name" v="MAA Piedmont Park Parking"/>
  <tag k="opening_hours" v="24/7"/>
  <tag k="parking" v="multi-storey"/>
  <tag k="smoothness" v="excellent"/>
  <tag k="surface" v="concrete"/>
 </node>
 <node id="13207391093" visible="true" version="1" changeset="173109431" timestamp="2025-10-10T19:02:51Z" user="shinterro" uid="8562391" lat="33.7820533" lon="-84.3793543"/>
 <node id="13207391094" visible="true" version="1" changeset="173109431" timestamp="2025-10-10T19:02:51Z" user="shinterro" uid="8562391" lat="33.7822335" lon="-84.3793159"/>
 <node id="13207391095" visible="true" version="1" changeset="173109431" timestamp="2025-10-10T19:02:51Z" user="shinterro" uid="8562391" lat="33.7822355" lon="-84.3794212"/>
 <node id="13207391096" visible="true" version="1" changeset="173109431" timestamp="2025-10-10T19:02:51Z" user="shinterro" uid="8562391" lat="33.7822338" lon="-84.3793345"/>
 <node id="13207391097" visible="true" version="1" changeset="173109431" timestamp="2025-10-10T19:02:51Z" user="shinterro" uid="8562391" lat="33.7818967" lon="-84.3798340"/>
 <node id="13207391098" visible="true" version="1" changeset="173109431" timestamp="2025-10-10T19:02:51Z" user="shinterro" uid="8562391" lat="33.7818939" lon="-84.3782756"/>
 <node id="13207391099" visible="true" version="1" changeset="173109431" timestamp="2025-10-10T19:02:51Z" user="shinterro" uid="8562391" lat="33.7825064" lon="-84.3782676"/>
 <node id="13207391100" visible="true" version="1" changeset="173109431" timestamp="2025-10-10T19:02:51Z" user="shinterro" uid="8562391" lat="33.7825148" lon="-84.3793412"/>
 <node id="13207391101" visible="true" version="1" changeset="173109431" timestamp="2025-10-10T19:02:51Z" user="shinterro" uid="8562391" lat="33.7819139" lon="-84.3789405"/>
 <node id="13207391102" visible="true" version="1" changeset="173109431" timestamp="2025-10-10T19:02:51Z" user="shinterro" uid="8562391" lat="33.7819252" lon="-84.3789405"/>
 <node id="13207391103" visible="true" version="1" changeset="173109431" timestamp="2025-10-10T19:02:51Z" user="shinterro" uid="8562391" lat="33.7819250" lon="-84.3788990"/>
 <node id="13207391104" visible="true" version="1" changeset="173109431" timestamp="2025-10-10T19:02:51Z" user="shinterro" uid="8562391" lat="33.7819109" lon="-84.3788991"/>
 <node id="13207391105" visible="true" version="1" changeset="173109431" timestamp="2025-10-10T19:02:51Z" user="shinterro" uid="8562391" lat="33.7819084" lon="-84.3783401"/>
 <node id="13207391106" visible="true" version="1" changeset="173109431" timestamp="2025-10-10T19:02:51Z" user="shinterro" uid="8562391" lat="33.7819186" lon="-84.3783400"/>
 <node id="13207391107" visible="true" version="1" changeset="173109431" timestamp="2025-10-10T19:02:51Z" user="shinterro" uid="8562391" lat="33.7824883" lon="-84.3783429"/>
 <node id="13207391108" visible="true" version="1" changeset="173109431" timestamp="2025-10-10T19:02:51Z" user="shinterro" uid="8562391" lat="33.7824985" lon="-84.3783428"/>
 <node id="13207391109" visible="true" version="1" changeset="173109431" timestamp="2025-10-10T19:02:51Z" user="shinterro" uid="8562391" lat="33.7825010" lon="-84.3789048"/>
 <node id="13207391110" visible="true" version="1" changeset="173109431" timestamp="2025-10-10T19:02:51Z" user="shinterro" uid="8562391" lat="33.7824144" lon="-84.3789149"/>
 <node id="13207391111" visible="true" version="1" changeset="173109431" timestamp="2025-10-10T19:02:51Z" user="shinterro" uid="8562391" lat="33.7824146" lon="-84.3789564"/>
 <node id="13207391112" visible="true" version="1" changeset="173109431" timestamp="2025-10-10T19:02:51Z" user="shinterro" uid="8562391" lat="33.7824312" lon="-84.3789563"/>
 <node id="13207391113" visible="true" version="1" changeset="173109431" timestamp="2025-10-10T19:02:51Z" user="shinterro" uid="8562391" lat="33.7820131" lon="-84.3800408"/>
 <node id="13207391114" visible="true" version="1" changeset="173109431" timestamp="2025-10-10T19:02:51Z" user="shinterro" uid="8562391" lat="33.7821843" lon="-84.3800773"/>
 <node id="13207391115" visible="true" version="1" changeset="173109431" timestamp="2025-10-10T19:02:51Z" user="shinterro" uid="8562391" lat="33.7818757" lon="-84.3801767"/>
 <node id="13207391116" visible="true" version="1" changeset="173109431" timestamp="2025-10-10T19:02:51Z" user="shinterro" uid="8562391" lat="33.7817968" lon="-84.3801908"/>
 <node id="13207391117" visible="true" version="1" changeset="173109431" timestamp="2025-10-10T19:02:51Z" user="shinterro" uid="8562391" lat="33.7821109" lon="-84.3798269"/>
 <node id="13207391118" visible="true" version="1" changeset="173109431" timestamp="2025-10-10T19:02:51Z" user="shinterro" uid="8562391" lat="33.7821180" lon="-84.3798269"/>
 <node id="13207391119" visible="true" version="1" changeset="173109431" timestamp="2025-10-10T19:02:51Z" user="shinterro" uid="8562391" lat="33.7819463" lon="-84.3800593"/>
 <node id="13207391120" visible="true" version="1" changeset="173109431" timestamp="2025-10-10T19:02:51Z" user="shinterro" uid="8562391" lat="33.7819355" lon="-84.3800157"/>
 <node id="13207391121" visible="true" version="1" changeset="173109431" timestamp="2025-10-10T19:02:51Z" user="shinterro" uid="8562391" lat="33.7819091" lon="-84.3794920"/>
 <node id="13207391122" visible="true" version="1" changeset="173109431" timestamp="2025-10-10T19:02:51Z" user="shinterro" uid="8562391" lat="33.7819235" lon="-84.3794565"/>
 <node id="13207391123" visible="true" version="1" changeset="173109431" timestamp="2025-10-10T19:02:51Z" user="shinterro" uid="8562391" lat="33.7820285" lon="-84.3794468"/>
 <node id="13207391124" visible="true" version="1" changeset="173109431" timestamp="2025-10-10T19:02:51Z" user="shinterro" uid="8562391" lat="33.7825937" lon="-84.3800704">
  <tag k="direction" v="backward"/>
  <tag k="highway" v="stop"/>
 </node>
 <node id="13207391125" visible="true" version="1" changeset="173109431" timestamp="2025-10-10T19:02:51Z" user="shinterro" uid="8562391" lat="33.7826632" lon="-84.3798939"/>
 <node id="13207391126" visible="true" version="1" changeset="173109431" timestamp="2025-10-10T19:02:51Z" user="shinterro" uid="8562391" lat="33.7826545" lon="-84.3799060"/>
 <node id="13207391127" visible="true" version="1" changeset="173109431" timestamp="2025-10-10T19:02:51Z" user="shinterro" uid="8562391" lat="33.7826508" lon="-84.3799281"/>
 <node id="13207391128" visible="true" version="1" changeset="173109431" timestamp="2025-10-10T19:02:51Z" user="shinterro" uid="8562391" lat="33.7826588" lon="-84.3799494"/>
 <node id="13207391129" visible="true" version="1" changeset="173109431" timestamp="2025-10-10T19:02:51Z" user="shinterro" uid="8562391" lat="33.7826749" lon="-84.3799607"/>
 <node id="13230587300" visible="true" version="1" changeset="173231595" timestamp="2025-10-13T14:43:36Z" user="shinterro" uid="8562391" lat="33.7832009" lon="-84.3789469"/>
 <node id="13230601401" visible="true" version="1" changeset="173231595" timestamp="2025-10-13T14:43:36Z" user="shinterro" uid="8562391" lat="33.7831847" lon="-84.3782086"/>
 <node id="13230601402" visible="true" version="1" changeset="173231595" timestamp="2025-10-13T14:43:36Z" user="shinterro" uid="8562391" lat="33.7832078" lon="-84.3789804"/>
 <node id="13230601403" visible="true" version="1" changeset="173231595" timestamp="2025-10-13T14:43:36Z" user="shinterro" uid="8562391" lat="33.7828988" lon="-84.3789884"/>
 <node id="13230601404" visible="true" version="1" changeset="173231595" timestamp="2025-10-13T14:43:36Z" user="shinterro" uid="8562391" lat="33.7828988" lon="-84.3791534"/>
 <node id="13230601405" visible="true" version="1" changeset="173231595" timestamp="2025-10-13T14:43:36Z" user="shinterro" uid="8562391" lat="33.7826341" lon="-84.3791601"/>
 <node id="13230601406" visible="true" version="1" changeset="173231595" timestamp="2025-10-13T14:43:36Z" user="shinterro" uid="8562391" lat="33.7826240" lon="-84.3782073"/>
 <node id="13230601407" visible="true" version="1" changeset="173231595" timestamp="2025-10-13T14:43:36Z" user="shinterro" uid="8562391" lat="33.7829651" lon="-84.3799346"/>
 <node id="13230601408" visible="true" version="1" changeset="173231595" timestamp="2025-10-13T14:43:36Z" user="shinterro" uid="8562391" lat="33.7829369" lon="-84.3798862"/>
 <node id="13230601409" visible="true" version="1" changeset="173231595" timestamp="2025-10-13T14:43:36Z" user="shinterro" uid="8562391" lat="33.7829212" lon="-84.3798593"/>
 <node id="13230601410" visible="true" version="1" changeset="173231595" timestamp="2025-10-13T14:43:36Z" user="shinterro" uid="8562391" lat="33.7829116" lon="-84.3798414"/>
 <node id="13230601411" visible="true" version="1" changeset="173231595" timestamp="2025-10-13T14:43:36Z" user="shinterro" uid="8562391" lat="33.7828551" lon="-84.3795980"/>
 <node id="13230601412" visible="true" version="1" changeset="173231595" timestamp="2025-10-13T14:43:36Z" user="shinterro" uid="8562391" lat="33.7831341" lon="-84.3791418"/>
 <node id="13230601413" visible="true" version="1" changeset="173231595" timestamp="2025-10-13T14:43:36Z" user="shinterro" uid="8562391" lat="33.7831337" lon="-84.3791309"/>
 <node id="13230601418" visible="true" version="1" changeset="173231595" timestamp="2025-10-13T14:43:36Z" user="shinterro" uid="8562391" lat="33.7831659" lon="-84.3784597"/>
 <node id="13230601419" visible="true" version="1" changeset="173231595" timestamp="2025-10-13T14:43:36Z" user="shinterro" uid="8562391" lat="33.7831831" lon="-84.3784594"/>
 <node id="13230601420" visible="true" version="1" changeset="173231595" timestamp="2025-10-13T14:43:36Z" user="shinterro" uid="8562391" lat="33.7831819" lon="-84.3783844"/>
 <node id="13230601421" visible="true" version="1" changeset="173231595" timestamp="2025-10-13T14:43:36Z" user="shinterro" uid="8562391" lat="33.7831632" lon="-84.3783848"/>
 <node id="13230601422" visible="true" version="1" changeset="173231595" timestamp="2025-10-13T14:43:36Z" user="shinterro" uid="8562391" lat="33.7829318" lon="-84.3784003"/>
 <node id="13230601423" visible="true" version="1" changeset="173231595" timestamp="2025-10-13T14:43:36Z" user="shinterro" uid="8562391" lat="33.7829132" lon="-84.3784008"/>
 <node id="13230601424" visible="true" version="1" changeset="173231595" timestamp="2025-10-13T14:43:36Z" user="shinterro" uid="8562391" lat="33.7829140" lon="-84.3784510"/>
 <node id="13230601425" visible="true" version="1" changeset="173231595" timestamp="2025-10-13T14:43:36Z" user="shinterro" uid="8562391" lat="33.7829264" lon="-84.3784507"/>
 <node id="13282504353" visible="true" version="1" changeset="174224770" timestamp="2025-11-05T06:24:01Z" user="sarya_Lyft" uid="18784339" lat="33.7817737" lon="-84.3815157"/>
 <node id="13282504354" visible="true" version="1" changeset="174224770" timestamp="2025-11-05T06:24:01Z" user="sarya_Lyft" uid="18784339" lat="33.7818481" lon="-84.3815167"/>
 <node id="13336389442" visible="true" version="1" changeset="175203128" timestamp="2025-11-27T15:32:05Z" user="shinterro" uid="8562391" lat="33.7828429" lon="-84.3790974"/>
 <node id="13336389443" visible="true" version="1" changeset="175203128" timestamp="2025-11-27T15:32:05Z" user="shinterro" uid="8562391" lat="33.7828331" lon="-84.3790974"/>
 <node id="13336389444" visible="true" version="1" changeset="175203128" timestamp="2025-11-27T15:32:05Z" user="shinterro" uid="8562391" lat="33.7828332" lon="-84.3790094"/>
 <node id="13336389445" visible="true" version="1" changeset="175203128" timestamp="2025-11-27T15:32:05Z" user="shinterro" uid="8562391" lat="33.7828457" lon="-84.3790094"/>
 <node id="13336389446" visible="true" version="1" changeset="175203128" timestamp="2025-11-27T15:32:05Z" user="shinterro" uid="8562391" lat="33.7828061" lon="-84.3789581"/>
 <node id="13336389447" visible="true" version="1" changeset="175203128" timestamp="2025-11-27T15:32:05Z" user="shinterro" uid="8562391" lat="33.7828061" lon="-84.3789727"/>
 <node id="13336389448" visible="true" version="1" changeset="175203128" timestamp="2025-11-27T15:32:05Z" user="shinterro" uid="8562391" lat="33.7826757" lon="-84.3789726"/>
 <node id="13336389449" visible="true" version="1" changeset="175203128" timestamp="2025-11-27T15:32:05Z" user="shinterro" uid="8562391" lat="33.7826757" lon="-84.3789576"/>
 <node id="13336389450" visible="true" version="1" changeset="175203128" timestamp="2025-11-27T15:32:05Z" user="shinterro" uid="8562391" lat="33.7826453" lon="-84.3790195"/>
 <node id="13336389451" visible="true" version="1" changeset="175203128" timestamp="2025-11-27T15:32:05Z" user="shinterro" uid="8562391" lat="33.7826548" lon="-84.3790195"/>
 <node id="13336389452" visible="true" version="1" changeset="175203128" timestamp="2025-11-27T15:32:05Z" user="shinterro" uid="8562391" lat="33.7826548" lon="-84.3790850"/>
 <node id="13336389453" visible="true" version="1" changeset="175203128" timestamp="2025-11-27T15:32:05Z" user="shinterro" uid="8562391" lat="33.7826462" lon="-84.3790850"/>
 <node id="13336389454" visible="true" version="1" changeset="175203128" timestamp="2025-11-27T15:32:05Z" user="shinterro" uid="8562391" lat="33.7826756" lon="-84.3791349"/>
 <node id="13336389455" visible="true" version="1" changeset="175203128" timestamp="2025-11-27T15:32:05Z" user="shinterro" uid="8562391" lat="33.7826756" lon="-84.3791440"/>
 <node id="13336389456" visible="true" version="1" changeset="175203128" timestamp="2025-11-27T15:32:05Z" user="shinterro" uid="8562391" lat="33.7828077" lon="-84.3791350"/>
 <node id="13336389457" visible="true" version="1" changeset="175203128" timestamp="2025-11-27T15:32:05Z" user="shinterro" uid="8562391" lat="33.7828077" lon="-84.3791442"/>
 <node id="13336389458" visible="true" version="1" changeset="175203128" timestamp="2025-11-27T15:32:05Z" user="shinterro" uid="8562391" lat="33.7827249" lon="-84.3793314"/>
 <node id="13336389459" visible="true" version="1" changeset="175203128" timestamp="2025-11-27T15:32:05Z" user="shinterro" uid="8562391" lat="33.7827251" lon="-84.3793044"/>
 <node id="13362650108" visible="true" version="1" changeset="175689438" timestamp="2025-12-08T22:30:17Z" user="shinterro" uid="8562391" lat="33.7822126" lon="-84.3808874"/>
 <node id="13362650109" visible="true" version="1" changeset="175689438" timestamp="2025-12-08T22:30:17Z" user="shinterro" uid="8562391" lat="33.7828988" lon="-84.3812182"/>
 <node id="13362650110" visible="true" version="1" changeset="175689438" timestamp="2025-12-08T22:30:17Z" user="shinterro" uid="8562391" lat="33.7827343" lon="-84.3812181"/>
 <node id="13606795471" visible="true" version="1" changeset="179154578" timestamp="2026-02-28T00:45:43Z" user="shinterro" uid="8562391" lat="33.7821064" lon="-84.3802242">
  <tag k="amenity" v="ice_cream"/>
  <tag k="check_date" v="2026-02-27"/>
  <tag k="name" v="Tutti Gelati"/>
 </node>
 <node id="13648671339" visible="true" version="2" changeset="179880405" timestamp="2026-03-15T00:50:01Z" user="EvaUnterwegs" uid="10301161" lat="33.7828640" lon="-84.3801234">
  <tag k="amenity" v="bench"/>
  <tag k="backrest" v="yes"/>
 </node>
 <node id="13988283101" visible="true" version="1" changeset="185096147" timestamp="2026-07-04T15:18:01Z" user="Icy-bear" uid="24278937" lat="33.7818047" lon="-84.3804005">
  <tag k="camera:type" v="fixed"/>
  <tag k="direction" v="99"/>
  <tag k="man_made" v="surveillance"/>
  <tag k="manufacturer" v="Flock Safety"/>
  <tag k="manufacturer:wikidata" v="Q108485435"/>
  <tag k="surveillance" v="public"/>
  <tag k="surveillance:type" v="ALPR"/>
  <tag k="surveillance:zone" v="traffic"/>
 </node>
 <way id="9246227" visible="true" version="8" changeset="173109431" timestamp="2025-10-10T19:02:51Z" user="shinterro" uid="8562391">
  <nd ref="69227192"/>
  <nd ref="6005931647"/>
  <nd ref="13207391124"/>
  <nd ref="5416547093"/>
  <nd ref="9537497952"/>
  <nd ref="9537497954"/>
  <nd ref="9537497949"/>
  <nd ref="69227200"/>
  <tag k="highway" v="residential"/>
  <tag k="name" v="11th Street Northeast"/>
  <tag k="sidewalk:both" v="separate"/>
  <tag k="surface" v="asphalt"/>
  <tag k="tiger:cfcc" v="A41"/>
  <tag k="tiger:county" v="Fulton, GA"/>
  <tag k="tiger:name_base" v="11th"/>
  <tag k="tiger:name_direction_suffix" v="NE"/>
  <tag k="tiger:name_type" v="St"/>
  <tag k="tiger:zip_left" v="30309"/>
  <tag k="tiger:zip_left_1" v="30309"/>
  <tag k="tiger:zip_right" v="30309"/>
  <tag k="tiger:zip_right_1" v="30309"/>
 </way>
 <way id="9272986" visible="true" version="26" changeset="177165397" timestamp="2026-01-13T06:51:52Z" user="Lumikeiju" uid="20996589">
  <nd ref="69589540"/>
  <nd ref="6003256662"/>
  <nd ref="2277885154"/>
  <nd ref="2277885178"/>
  <nd ref="5416547090"/>
  <nd ref="69589545"/>
  <nd ref="5416547087"/>
  <nd ref="69227192"/>
  <nd ref="9537493885"/>
  <nd ref="69589552"/>
  <nd ref="69589556"/>
  <nd ref="13230601407"/>
  <nd ref="69227188"/>
  <nd ref="69387097"/>
  <nd ref="9537493879"/>
  <nd ref="69589562"/>
  <nd ref="5416485179"/>
  <nd ref="69589565"/>
  <nd ref="5416416503"/>
  <nd ref="5416485183"/>
  <nd ref="69589569"/>
  <nd ref="6005931679"/>
  <nd ref="69387083"/>
  <nd ref="6005931685"/>
  <nd ref="1928236255"/>
  <nd ref="69589571"/>
  <nd ref="6702906081"/>
  <nd ref="69249230"/>
  <nd ref="69589572"/>
  <nd ref="5834678446"/>
  <nd ref="69589577"/>
  <tag k="highway" v="secondary"/>
  <tag k="lanes" v="3"/>
  <tag k="maxspeed" v="35 mph"/>
  <tag k="name" v="Piedmont Avenue Northeast"/>
  <tag k="oneway" v="yes"/>
  <tag k="sidewalk:both" v="separate"/>
  <tag k="surface" v="asphalt"/>
  <tag k="tiger:cfcc" v="A31"/>
  <tag k="tiger:county" v="Fulton, GA"/>
  <tag k="tiger:name_base" v="Piedmont"/>
  <tag k="tiger:name_base_1" v="State Route 237"/>
  <tag k="tiger:name_direction_suffix" v="NE"/>
  <tag k="tiger:name_type" v="Rd"/>
  <tag k="tiger:zip_left" v="30305"/>
  <tag k="tiger:zip_right" v="30305"/>
 </way>
 <way id="34841210" visible="true" version="10" changeset="119552423" timestamp="2022-04-10T22:05:06Z" user="KB-01" uid="9509339">
  <nd ref="408351900"/>
  <nd ref="69529966"/>
  <nd ref="1927417712"/>
  <nd ref="408351898"/>
  <nd ref="408351896"/>
  <nd ref="1926653343"/>
  <nd ref="1926653342"/>
  <nd ref="1926653341"/>
  <nd ref="408176049"/>
  <nd ref="1926653335"/>
  <nd ref="1926653334"/>
  <nd ref="408176051"/>
  <nd ref="1926653330"/>
  <nd ref="408176053"/>
  <nd ref="408176054"/>
  <nd ref="408176056"/>
  <nd ref="408176058"/>
  <nd ref="408176062"/>
  <nd ref="408176068"/>
  <nd ref="408176070"/>
  <nd ref="408176071"/>
  <nd ref="408176072"/>
  <nd ref="408176073"/>
  <nd ref="408176074"/>
  <nd ref="408176075"/>
  <nd ref="408176076"/>
  <nd ref="408176077"/>
  <nd ref="408176078"/>
  <nd ref="69365804"/>
  <nd ref="408176080"/>
  <nd ref="408176081"/>
  <nd ref="408176082"/>
  <nd ref="408176083"/>
  <nd ref="408176084"/>
  <nd ref="408176085"/>
  <nd ref="408176086"/>
  <nd ref="408176087"/>
  <nd ref="408176088"/>
  <nd ref="408176090"/>
  <nd ref="408176092"/>
  <nd ref="408176097"/>
  <nd ref="408176099"/>
  <nd ref="7120410348"/>
  <nd ref="408176101"/>
  <nd ref="408176102"/>
  <nd ref="408176104"/>
  <nd ref="408176105"/>
  <nd ref="408176107"/>
  <nd ref="408176109"/>
  <nd ref="408176111"/>
  <nd ref="408176113"/>
  <nd ref="408176115"/>
  <nd ref="408176116"/>
  <nd ref="408176119"/>
  <nd ref="408176120"/>
  <nd ref="408176123"/>
  <nd ref="408351902"/>
  <nd ref="408351901"/>
  <nd ref="408351900"/>
  <tag k="LandPro08:DE3" v="DEVELOPED"/>
  <tag k="LandPro08:LC_NAME" v="RES_HIGH"/>
  <tag k="LandPro08:LU_NAME" v="RES_HIGH"/>
  <tag k="LandPro08:reviewed" v="no"/>
  <tag k="landuse" v="residential"/>
  <tag k="source" v="LandPro08"/>
 </way>
 <way id="102679931" visible="true" version="4" changeset="185370685" timestamp="2026-07-08T21:26:28Z" user="adelriosantiago" uid="12908516">
  <nd ref="69614564"/>
  <nd ref="6003256658"/>
  <nd ref="9543424412"/>
  <nd ref="9543424386"/>
  <nd ref="1185875757"/>
  <nd ref="1185875708"/>
  <tag k="highway" v="footway"/>
  <tag k="surface" v="asphalt"/>
 </way>
 <way id="102679933" visible="true" version="6" changeset="185609152" timestamp="2026-07-12T21:37:36Z" user="Cerras" uid="24292237">
  <nd ref="1185875819"/>
  <nd ref="1185875834"/>
  <nd ref="1185875719"/>
  <nd ref="1185875787"/>
  <nd ref="1185875698"/>
  <nd ref="8238657583"/>
  <nd ref="1185875745"/>
  <tag k="highway" v="footway"/>
  <tag k="source" v="bing_imagery"/>
  <tag k="surface" v="asphalt"/>
 </way>
 <way id="102679950" visible="true" version="3" changeset="185609152" timestamp="2026-07-12T21:38:50Z" user="Cerras" uid="24292237">
  <nd ref="1185875718"/>
  <nd ref="1185875859"/>
  <nd ref="1185875840"/>
  <nd ref="1185875805"/>
  <nd ref="1185875801"/>
  <nd ref="1185875813"/>
  <nd ref="1185875846"/>
  <nd ref="1185875811"/>
  <nd ref="1185875816"/>
  <nd ref="1185875803"/>
  <nd ref="1185875749"/>
  <nd ref="1185875806"/>
  <nd ref="1185875808"/>
  <nd ref="1185875795"/>
  <nd ref="1185875823"/>
  <nd ref="1185875796"/>
  <nd ref="1185875818"/>
  <nd ref="1185875814"/>
  <nd ref="1185875728"/>
  <nd ref="1185875860"/>
  <nd ref="1185875852"/>
  <nd ref="1185875747"/>
  <nd ref="1185875857"/>
  <nd ref="1185875802"/>
  <nd ref="1185875712"/>
  <nd ref="1185875721"/>
  <nd ref="1185875799"/>
  <nd ref="1185875807"/>
  <nd ref="1185875789"/>
  <nd ref="1185875844"/>
  <nd ref="1185875810"/>
  <nd ref="1185875831"/>
  <nd ref="1185875698"/>
  <tag k="highway" v="footway"/>
  <tag k="source" v="bing_imagery"/>
  <tag k="surface" v="asphalt"/>
 </way>
 <way id="182395365" visible="true" version="6" changeset="185609152" timestamp="2026-07-12T21:41:18Z" user="Cerras" uid="24292237">
  <nd ref="1185875817"/>
  <nd ref="9543446989"/>
  <nd ref="9543446988"/>
  <nd ref="11018282497"/>
  <nd ref="1185875718"/>
  <nd ref="1185875812"/>
  <nd ref="9543446990"/>
  <nd ref="9543446991"/>
  <nd ref="1185875828"/>
  <nd ref="9543446992"/>
  <nd ref="1185875708"/>
  <nd ref="1185875832"/>
  <nd ref="1185875822"/>
  <nd ref="1185875771"/>
  <nd ref="1185875759"/>
  <nd ref="1185875752"/>
  <nd ref="1185875778"/>
  <nd ref="1185875736"/>
  <nd ref="9543424393"/>
  <nd ref="9543424408"/>
  <nd ref="6003256657"/>
  <nd ref="1185875788"/>
  <tag k="highway" v="footway"/>
  <tag k="source" v="bing_imagery"/>
  <tag k="surface" v="asphalt"/>
 </way>
 <way id="182395368" visible="true" version="7" changeset="185609645" timestamp="2026-07-12T21:39:58Z" user="Cerras" uid="24292237">
  <nd ref="1185875745"/>
  <nd ref="1185875817"/>
  <tag k="handrail" v="yes"/>
  <tag k="highway" v="steps"/>
  <tag k="incline" v="up"/>
  <tag k="ramp" v="no"/>
  <tag k="source" v="bing_imagery"/>
  <tag k="step_count" v="24"/>
  <tag k="surface" v="concrete"/>
  <tag k="tactile_paving" v="no"/>
 </way>
 <way id="182531842" visible="true" version="7" changeset="48931963" timestamp="2017-05-24T01:32:48Z" user="taposm" uid="166668">
  <nd ref="1928937031"/>
  <nd ref="1928937035"/>
  <nd ref="1928937026"/>
  <nd ref="1928937033"/>
  <nd ref="1928937037"/>
  <nd ref="1928945155"/>
  <nd ref="1928937039"/>
  <nd ref="1928937019"/>
  <nd ref="1928945153"/>
  <nd ref="1928937015"/>
  <nd ref="1928945150"/>
  <nd ref="1928937003"/>
  <nd ref="1928936983"/>
  <nd ref="1928936961"/>
  <nd ref="1928936956"/>
  <nd ref="4873116898"/>
  <nd ref="4873116897"/>
  <nd ref="4873116896"/>
  <nd ref="1928936943"/>
  <nd ref="4873116891"/>
  <nd ref="4873116895"/>
  <nd ref="1928936941"/>
  <nd ref="4873116894"/>
  <nd ref="4873116893"/>
  <nd ref="4873116892"/>
  <nd ref="1928936938"/>
  <nd ref="1928936933"/>
  <nd ref="1928936932"/>
  <nd ref="1928936939"/>
  <nd ref="1928936940"/>
  <nd ref="1928936935"/>
  <nd ref="1928936929"/>
  <nd ref="1928936925"/>
  <nd ref="1928936919"/>
  <nd ref="1928936909"/>
  <nd ref="1928945133"/>
  <nd ref="1928936907"/>
  <nd ref="1928936906"/>
  <nd ref="1928936902"/>
  <nd ref="1928936897"/>
  <nd ref="1928936898"/>
  <nd ref="1928936905"/>
  <nd ref="1928936912"/>
  <nd ref="1928936911"/>
  <nd ref="1928936900"/>
  <nd ref="1928936893"/>
  <nd ref="1928936899"/>
  <nd ref="1928936910"/>
  <nd ref="1928936918"/>
  <nd ref="1928936921"/>
  <nd ref="1928936923"/>
  <nd ref="1928936920"/>
  <nd ref="1928936908"/>
  <nd ref="1928936903"/>
  <nd ref="1928936901"/>
  <nd ref="1928936894"/>
  <nd ref="1928936895"/>
  <nd ref="1928945130"/>
  <nd ref="1928936914"/>
  <nd ref="1928945135"/>
  <nd ref="1928936928"/>
  <nd ref="1928936942"/>
  <nd ref="1928936948"/>
  <nd ref="1928936951"/>
  <nd ref="1928936955"/>
  <nd ref="1928936963"/>
  <nd ref="1928936973"/>
  <nd ref="1928936985"/>
  <nd ref="1928936993"/>
  <nd ref="1928936999"/>
  <nd ref="1928937001"/>
  <nd ref="1928945149"/>
  <nd ref="1928937009"/>
  <nd ref="1928945152"/>
  <nd ref="1928937017"/>
  <nd ref="1928937023"/>
  <nd ref="1928937024"/>
  <nd ref="1928937031"/>
  <tag k="landcover" v="grass"/>
  <tag k="landuse" v="grass"/>
  <tag k="name" v="Oak Hill"/>
  <tag k="source" v="bing_imagery"/>
 </way>
 <way id="208357832" visible="true" version="22" changeset="167839707" timestamp="2025-06-19T18:15:44Z" user="alexwohlbruck" uid="12370548">
  <nd ref="2186577654"/>
  <nd ref="2186577645"/>
  <nd ref="2186577624"/>
  <nd ref="2186577611"/>
  <nd ref="2186577609"/>
  <nd ref="2186577603"/>
  <nd ref="2186577597"/>
  <nd ref="2186577588"/>
  <nd ref="2186577569"/>
  <nd ref="2186577566"/>
  <nd ref="12926353125"/>
  <nd ref="2186577552"/>
  <nd ref="69332053"/>
  <nd ref="406204408"/>
  <nd ref="1926466074"/>
  <nd ref="2186577526"/>
  <nd ref="2186577522"/>
  <nd ref="2186577516"/>
  <nd ref="2396912057"/>
  <nd ref="2396912030"/>
  <nd ref="2186577519"/>
  <nd ref="2186577513"/>
  <nd ref="2396912038"/>
  <nd ref="2396912024"/>
  <nd ref="2186577501"/>
  <nd ref="6011072577"/>
  <nd ref="2186577508"/>
  <nd ref="2186577533"/>
  <nd ref="2186577542"/>
  <nd ref="2186577548"/>
  <nd ref="2186577557"/>
  <nd ref="2186577562"/>
  <nd ref="2186577560"/>
  <nd ref="2186577555"/>
  <nd ref="2186577564"/>
  <nd ref="2186577572"/>
  <nd ref="2186577591"/>
  <nd ref="2186577594"/>
  <nd ref="2186577599"/>
  <nd ref="2186577601"/>
  <nd ref="2186577607"/>
  <nd ref="2349842465"/>
  <nd ref="2186577622"/>
  <nd ref="2186577620"/>
  <nd ref="2186577615"/>
  <nd ref="2349779046"/>
  <nd ref="2186577613"/>
  <nd ref="2349779050"/>
  <nd ref="2186577618"/>
  <nd ref="2349779048"/>
  <nd ref="2186577625"/>
  <nd ref="2186577626"/>
  <nd ref="2349797997"/>
  <nd ref="2186577627"/>
  <nd ref="2186577628"/>
  <nd ref="1926466176"/>
  <nd ref="1926466165"/>
  <nd ref="1926466163"/>
  <nd ref="1926466174"/>
  <nd ref="317776778"/>
  <nd ref="317776779"/>
  <nd ref="1926466193"/>
  <nd ref="1926601992"/>
  <nd ref="317776781"/>
  <nd ref="1926602020"/>
  <nd ref="1926466342"/>
  <nd ref="1926466355"/>
  <nd ref="1926466392"/>
  <nd ref="1926466395"/>
  <nd ref="1926466403"/>
  <nd ref="1926466411"/>
  <nd ref="1926466468"/>
  <nd ref="1595736804"/>
  <nd ref="317776782"/>
  <nd ref="1926466497"/>
  <nd ref="1926466501"/>
  <nd ref="1926466506"/>
  <nd ref="1926466511"/>
  <nd ref="1595736347"/>
  <nd ref="1926466518"/>
  <nd ref="317776783"/>
  <nd ref="11867917026"/>
  <nd ref="1926466515"/>
  <nd ref="317776784"/>
  <nd ref="2186577700"/>
  <nd ref="2186577696"/>
  <nd ref="2186577694"/>
  <nd ref="2186577698"/>
  <nd ref="2186577704"/>
  <nd ref="2186577706"/>
  <nd ref="2186577710"/>
  <nd ref="2186577712"/>
  <nd ref="2186577714"/>
  <nd ref="2186577716"/>
  <nd ref="12926353195"/>
  <nd ref="2351725683"/>
  <nd ref="2351725681"/>
  <nd ref="2351728394"/>
  <nd ref="2351728406"/>
  <nd ref="2351728399"/>
  <nd ref="2351728372"/>
  <nd ref="2351728373"/>
  <nd ref="2351728393"/>
  <nd ref="2351728388"/>
  <nd ref="2351728384"/>
  <nd ref="2351728392"/>
  <nd ref="2186577708"/>
  <nd ref="2186577691"/>
  <nd ref="2186577682"/>
  <nd ref="2186577671"/>
  <nd ref="2186577669"/>
  <nd ref="2186577658"/>
  <nd ref="2186577654"/>
  <tag k="addr:city" v="Atlanta"/>
  <tag k="addr:housenumber" v="1320"/>
  <tag k="addr:postcode" v="30306"/>
  <tag k="addr:state" v="GA"/>
  <tag k="addr:street" v="Monroe Drive NE"/>
  <tag k="LandPro08:reviewed" v="no"/>
  <tag k="leisure" v="park"/>
  <tag k="name" v="Piedmont Park"/>
  <tag k="name:en" v="Piedmont Park"/>
  <tag k="source" v="LandPro08"/>
  <tag k="wikidata" v="Q3363884"/>
  <tag k="wikipedia" v="en:Piedmont Park"/>
 </way>
 <way id="218548419" visible="true" version="2" changeset="173028485" timestamp="2025-10-09T02:05:53Z" user="shinterro" uid="8562391">
  <nd ref="2277875797"/>
  <nd ref="2277875822"/>
  <nd ref="2277875811"/>
  <nd ref="2277875848"/>
  <nd ref="2277875797"/>
  <tag k="addr:city" v="Atlanta"/>
  <tag k="addr:housenumber" v="1001"/>
  <tag k="addr:postcode" v="30309"/>
  <tag k="addr:state" v="GA"/>
  <tag k="addr:street" v="Piedmont Avenue Northeast"/>
  <tag k="building" v="retail"/>
  <tag k="building:levels" v="2"/>
  <tag k="building:material" v="brick"/>
  <tag k="source" v="bing_imagery"/>
 </way>
 <way id="218548420" visible="true" version="3" changeset="173109431" timestamp="2025-10-10T19:02:51Z" user="shinterro" uid="8562391">
  <nd ref="2277875887"/>
  <nd ref="2277875877"/>
  <nd ref="2277875807"/>
  <nd ref="13207391125"/>
  <nd ref="13207391126"/>
  <nd ref="13207391127"/>
  <nd ref="13207391128"/>
  <nd ref="13207391129"/>
  <nd ref="2277875798"/>
  <nd ref="2277875865"/>
  <nd ref="2277875816"/>
  <nd ref="2277875849"/>
  <nd ref="2277875887"/>
  <tag k="addr:housenumber" v="1029"/>
  <tag k="addr:street" v="Piedmont Avenue Northeast"/>
  <tag k="building" v="apartments"/>
  <tag k="building:levels" v="4"/>
  <tag k="building:material" v="brick"/>
  <tag k="building:year_built" v="2001"/>
  <tag k="name" v="Piedmont Park West Lofts"/>
  <tag k="source" v="bing_imagery"/>
  <tag k="units" v="28"/>
 </way>
 <way id="218548421" visible="true" version="4" changeset="174389334" timestamp="2025-11-08T18:30:06Z" user="confusedbuffalo" uid="242345">
  <nd ref="2277885183"/>
  <nd ref="2277875833"/>
  <nd ref="2277875879"/>
  <nd ref="2277875815"/>
  <nd ref="2277885183"/>
  <tag k="addr:floor" v="G;1"/>
  <tag k="addr:housenumber" v="991"/>
  <tag k="addr:street" v="Piedmont Avenue Northeast"/>
  <tag k="amenity" v="restaurant"/>
  <tag k="building" v="retail"/>
  <tag k="check_date" v="2025-10-06"/>
  <tag k="cuisine" v="tulum;mexican"/>
  <tag k="email" v="info@casa-almenara.com"/>
  <tag k="level" v="0;1"/>
  <tag k="name" v="Casa Almenara"/>
  <tag k="opening_hours" v="Mo-Tu 14:00-24:00; We,Fr 14:00-02:00; Sa 11:00-02:00; Su 11:00-24:00"/>
  <tag k="payment:cash" v="yes"/>
  <tag k="payment:credit_cards" v="yes"/>
  <tag k="payment:debit_cards" v="yes"/>
  <tag k="phone" v="+1-404-602-5510"/>
  <tag k="source" v="bing_imagery;local_knowledge"/>
  <tag k="website" v="https://casa-almenara.com/"/>
  <tag k="wheelchair" v="yes"/>
 </way>
 <way id="218548422" visible="true" version="4" changeset="175203128" timestamp="2025-11-27T15:32:05Z" user="shinterro" uid="8562391">
  <nd ref="2277875821"/>
  <nd ref="2277875838"/>
  <nd ref="13230601422"/>
  <nd ref="13230601423"/>
  <nd ref="13230601424"/>
  <nd ref="13230601425"/>
  <nd ref="2277875870"/>
  <nd ref="2277875826"/>
  <nd ref="13230601418"/>
  <nd ref="13230601419"/>
  <nd ref="13230601420"/>
  <nd ref="13230601421"/>
  <nd ref="2277875821"/>
  <tag k="addr:city" v="Atlanta"/>
  <tag k="addr:housenumber" v="273"/>
  <tag k="addr:postcode" v="30309"/>
  <tag k="addr:street" v="12th Street Northeast"/>
  <tag k="building" v="yes"/>
  <tag k="building:levels" v="4"/>
  <tag k="source" v="bing_imagery"/>
 </way>
 <way id="218548423" visible="true" version="3" changeset="173109431" timestamp="2025-10-10T19:02:51Z" user="shinterro" uid="8562391">
  <nd ref="2277875879"/>
  <nd ref="2277875858"/>
  <nd ref="2277875862"/>
  <nd ref="2277875815"/>
  <nd ref="2277875879"/>
  <tag k="addr:city" v="Atlanta"/>
  <tag k="addr:floor" v="G;1"/>
  <tag k="addr:housenumber" v="223"/>
  <tag k="addr:postcode" v="30309"/>
  <tag k="addr:street" v="10th Street Northeast"/>
  <tag k="building" v="retail"/>
  <tag k="source" v="bing_imagery"/>
 </way>
 <way id="218548424" visible="true" version="4" changeset="173118187" timestamp="2025-10-11T01:31:07Z" user="shinterro" uid="8562391">
  <nd ref="2277875874"/>
  <nd ref="2277875868"/>
  <nd ref="2277875841"/>
  <nd ref="2277875842"/>
  <nd ref="2277875818"/>
  <nd ref="2277875855"/>
  <nd ref="2277875850"/>
  <nd ref="2277875871"/>
  <nd ref="2277875857"/>
  <nd ref="2277875895"/>
  <nd ref="2277875837"/>
  <nd ref="2277875840"/>
  <nd ref="2277875863"/>
  <nd ref="2277875804"/>
  <nd ref="2277875880"/>
  <nd ref="2277875817"/>
  <nd ref="2277875851"/>
  <nd ref="2277875869"/>
  <nd ref="2277875843"/>
  <nd ref="2277875845"/>
  <nd ref="2277875864"/>
  <nd ref="2277875852"/>
  <nd ref="2277875847"/>
  <nd ref="2277875886"/>
  <nd ref="2277875824"/>
  <nd ref="2277875884"/>
  <nd ref="2277875867"/>
  <nd ref="2277875889"/>
  <nd ref="2277875874"/>
  <tag k="addr:city" v="Atlanta"/>
  <tag k="addr:housenumber" v="266"/>
  <tag k="addr:postcode" v="30309"/>
  <tag k="addr:street" v="11th Street Northeast"/>
  <tag k="architect" v="Leila Ross Wilburn"/>
  <tag k="building" v="apartments"/>
  <tag k="building:architecture" v="craftsman"/>
  <tag k="building:levels" v="4"/>
  <tag k="building:material" v="brick"/>
  <tag k="building:year_built" v="1911"/>
  <tag k="name" v="Wilburn House"/>
  <tag k="old_name" v="Piedmont Park Apartments"/>
  <tag k="ref:nrhp" v="03001104"/>
  <tag k="source" v="bing_imagery"/>
  <tag k="wikipedia" v="en:Piedmont Park Apartments"/>
 </way>
 <way id="218548425" visible="true" version="3" changeset="173109431" timestamp="2025-10-10T19:02:51Z" user="shinterro" uid="8562391">
  <nd ref="2277875872"/>
  <nd ref="2277875832"/>
  <nd ref="2277875836"/>
  <nd ref="13207390986"/>
  <nd ref="13207390987"/>
  <nd ref="13207390988"/>
  <nd ref="13207390989"/>
  <nd ref="13207390990"/>
  <nd ref="10069328145"/>
  <nd ref="2277875872"/>
  <tag k="addr:city" v="Atlanta"/>
  <tag k="addr:floor" v="G;1"/>
  <tag k="addr:housenumber" v="227"/>
  <tag k="addr:postcode" v="30309"/>
  <tag k="addr:state" v="GA"/>
  <tag k="addr:street" v="10th Street Northeast"/>
  <tag k="building" v="retail"/>
  <tag k="source" v="bing_imagery"/>
 </way>
 <way id="218548426" visible="true" version="2" changeset="173109431" timestamp="2025-10-10T19:02:51Z" user="shinterro" uid="8562391">
  <nd ref="2277875799"/>
  <nd ref="2277875839"/>
  <nd ref="2277875814"/>
  <nd ref="2277875853"/>
  <nd ref="2277875854"/>
  <nd ref="2277875825"/>
  <nd ref="2277875878"/>
  <nd ref="2277875827"/>
  <nd ref="2277875799"/>
  <tag k="addr:city" v="Atlanta"/>
  <tag k="addr:housenumber" v="1015"/>
  <tag k="addr:postcode" v="30309"/>
  <tag k="addr:state" v="GA"/>
  <tag k="addr:street" v="Piedmont Avenue Northeast"/>
  <tag k="building" v="apartments"/>
  <tag k="building:levels" v="2"/>
  <tag k="name" v="1015 Piedmont Condominiums"/>
  <tag k="source" v="bing_imagery"/>
  <tag k="website" v="https://www.1015piedmontcondos.com/"/>
 </way>
 <way id="218548427" visible="true" version="3" changeset="173109431" timestamp="2025-10-10T19:02:51Z" user="shinterro" uid="8562391">
  <nd ref="2277875858"/>
  <nd ref="10069328145"/>
  <nd ref="2277875872"/>
  <nd ref="2277875862"/>
  <nd ref="2277875858"/>
  <tag k="addr:city" v="Atlanta"/>
  <tag k="addr:floor" v="G;1"/>
  <tag k="addr:housenumber" v="225"/>
  <tag k="addr:postcode" v="30309"/>
  <tag k="addr:state" v="GA"/>
  <tag k="addr:street" v="10th Street Northeast"/>
  <tag k="building" v="retail"/>
  <tag k="name" v="Midtown Market"/>
  <tag k="shop" v="convenience"/>
  <tag k="source" v="bing_imagery;local_knowledge"/>
 </way>
 <way id="218548428" visible="true" version="4" changeset="175203128" timestamp="2025-11-27T15:32:05Z" user="shinterro" uid="8562391">
  <nd ref="2277875835"/>
  <nd ref="13336389446"/>
  <nd ref="13336389447"/>
  <nd ref="13336389448"/>
  <nd ref="13336389449"/>
  <nd ref="2277875882"/>
  <nd ref="13336389450"/>
  <nd ref="13336389451"/>
  <nd ref="13336389452"/>
  <nd ref="13336389453"/>
  <nd ref="2277875803"/>
  <nd ref="13336389455"/>
  <nd ref="13336389454"/>
  <nd ref="13336389456"/>
  <nd ref="13336389457"/>
  <nd ref="2277875820"/>
  <nd ref="13336389442"/>
  <nd ref="13336389443"/>
  <nd ref="13336389444"/>
  <nd ref="13336389445"/>
  <nd ref="2277875835"/>
  <tag k="addr:city" v="Atlanta"/>
  <tag k="addr:housenumber" v="250"/>
  <tag k="addr:postcode" v="30309"/>
  <tag k="addr:street" v="11th Street Northeast"/>
  <tag k="building" v="apartments"/>
  <tag k="building:levels" v="3"/>
  <tag k="source" v="bing_imagery"/>
 </way>
 <way id="218548429" visible="true" version="4" changeset="185616433" timestamp="2026-07-12T21:46:31Z" user="Cerras" uid="24292237">
  <nd ref="2277875876"/>
  <nd ref="13207391092"/>
  <nd ref="13207391094"/>
  <nd ref="2277875808"/>
  <nd ref="2277875883"/>
  <nd ref="2277875819"/>
  <nd ref="13207391112"/>
  <nd ref="13207391111"/>
  <nd ref="13207391110"/>
  <nd ref="2277875888"/>
  <nd ref="2277875861"/>
  <nd ref="2277875881"/>
  <nd ref="2277875876"/>
  <tag k="access" v="customers"/>
  <tag k="amenity" v="parking"/>
  <tag k="building:levels" v="5"/>
  <tag k="building:material" v="concrete"/>
  <tag k="building:part" v="parking"/>
  <tag k="parking" v="multi-storey"/>
  <tag k="source" v="bing_imagery"/>
 </way>
 <way id="218548430" visible="true" version="3" changeset="173109431" timestamp="2025-10-10T19:02:51Z" user="shinterro" uid="8562391">
  <nd ref="8238657578"/>
  <nd ref="13207391117"/>
  <nd ref="13207391118"/>
  <nd ref="2277875812"/>
  <nd ref="13207391113"/>
  <nd ref="13207391119"/>
  <nd ref="13207391120"/>
  <nd ref="2277875890"/>
  <nd ref="8238657593"/>
  <nd ref="8238657578"/>
  <tag k="addr:city" v="Atlanta"/>
  <tag k="addr:housenumber" v="230"/>
  <tag k="addr:postcode" v="30309"/>
  <tag k="addr:street" v="10th Street Northeast"/>
  <tag k="building" v="yes"/>
  <tag k="building:levels" v="2"/>
  <tag k="source" v="bing_imagery"/>
 </way>
 <way id="218548431" visible="true" version="3" changeset="173109431" timestamp="2025-10-10T19:02:51Z" user="shinterro" uid="8562391">
  <nd ref="2277875885"/>
  <nd ref="13207391101"/>
  <nd ref="13207391102"/>
  <nd ref="13207391103"/>
  <nd ref="13207391104"/>
  <nd ref="13207391105"/>
  <nd ref="13207391106"/>
  <nd ref="2277875802"/>
  <nd ref="2277875891"/>
  <nd ref="13207391107"/>
  <nd ref="13207391108"/>
  <nd ref="13207391109"/>
  <nd ref="2277875834"/>
  <nd ref="2277875819"/>
  <nd ref="2277875883"/>
  <nd ref="2277875808"/>
  <nd ref="13207391094"/>
  <nd ref="13207391092"/>
  <nd ref="2277875876"/>
  <nd ref="2277875885"/>
  <tag k="building" v="yes"/>
  <tag k="building:levels" v="4"/>
  <tag k="building:material" v="brick"/>
  <tag k="source" v="bing_imagery"/>
 </way>
 <way id="218548432" visible="true" version="3" changeset="173118187" timestamp="2025-10-11T01:31:07Z" user="shinterro" uid="8562391">
  <nd ref="2277875813"/>
  <nd ref="2277875866"/>
  <nd ref="2277875875"/>
  <nd ref="2277875829"/>
  <nd ref="13207391041"/>
  <nd ref="13207391042"/>
  <nd ref="13207391043"/>
  <nd ref="13207391044"/>
  <nd ref="13207391045"/>
  <nd ref="13207391046"/>
  <nd ref="2277875831"/>
  <nd ref="2277875894"/>
  <nd ref="2277875860"/>
  <nd ref="2277875800"/>
  <nd ref="2277875809"/>
  <nd ref="2277875813"/>
  <tag k="addr:housenumber" v="1045"/>
  <tag k="addr:street" v="Piedmont Avenue Northeast"/>
  <tag k="building" v="apartments"/>
  <tag k="building:levels" v="5"/>
  <tag k="building:material" v="concrete"/>
  <tag k="name" v="1045 On The Park Apartment Homes"/>
  <tag k="roof:shape" v="flat"/>
  <tag k="source" v="bing_imagery"/>
  <tag k="website" v="https://www.1045onthepark.com/"/>
 </way>
 <way id="218549364" visible="true" version="5" changeset="175689438" timestamp="2025-12-08T22:30:17Z" user="shinterro" uid="8562391">
  <nd ref="2277885161"/>
  <nd ref="2277885193"/>
  <nd ref="2277885192"/>
  <nd ref="2277885176"/>
  <nd ref="13203924444"/>
  <nd ref="2277885170"/>
  <nd ref="2277885184"/>
  <nd ref="13362650108"/>
  <nd ref="2277885185"/>
  <nd ref="2277885155"/>
  <nd ref="13203924443"/>
  <nd ref="2277885161"/>
  <tag k="addr:city" v="Atlanta"/>
  <tag k="addr:housenumber" v="1000"/>
  <tag k="addr:postcode" v="30309"/>
  <tag k="addr:street" v="Piedmont Avenue Northeast"/>
  <tag k="building" v="retail"/>
  <tag k="building:levels" v="1"/>
  <tag k="building:material" v="brick"/>
  <tag k="roof:shape" v="flat"/>
  <tag k="source" v="bing_imagery"/>
 </way>
 <way id="218549366" visible="true" version="4" changeset="173028485" timestamp="2025-10-09T02:05:53Z" user="shinterro" uid="8562391">
  <nd ref="2277885147"/>
  <nd ref="2277885148"/>
  <nd ref="2277885190"/>
  <nd ref="2277885192"/>
  <nd ref="2277885193"/>
  <nd ref="2277885161"/>
  <nd ref="2277885180"/>
  <nd ref="2277885147"/>
  <tag k="access" v="customers"/>
  <tag k="amenity" v="parking"/>
  <tag k="parking" v="surface"/>
  <tag k="source" v="bing_imagery"/>
 </way>
 <way id="218549367" visible="true" version="2" changeset="21365527" timestamp="2014-03-28T13:43:44Z" user="Saikrishna_FultonCountyImport" uid="1981121">
  <nd ref="2277885173"/>
  <nd ref="2277885195"/>
  <nd ref="2277885162"/>
  <nd ref="2277885150"/>
  <nd ref="2277885173"/>
  <tag k="addr:city" v="Atlanta"/>
  <tag k="addr:housenumber" v="190"/>
  <tag k="addr:postcode" v="30309"/>
  <tag k="addr:street" v="10th Street Northeast"/>
  <tag k="building" v="yes"/>
  <tag k="source" v="bing_imagery"/>
 </way>
 <way id="218549368" visible="true" version="5" changeset="140452309" timestamp="2023-08-27T13:44:52Z" user="Catadmirer" uid="20107238">
  <nd ref="2277885147"/>
  <nd ref="2277885165"/>
  <nd ref="2277885169"/>
  <nd ref="2277885152"/>
  <nd ref="2277885189"/>
  <nd ref="2277885180"/>
  <nd ref="2277885147"/>
  <tag k="access" v="customers"/>
  <tag k="amenity" v="parking"/>
  <tag k="fee" v="no"/>
  <tag k="parking" v="surface"/>
 </way>
 <way id="218549369" visible="true" version="5" changeset="117886530" timestamp="2022-02-26T17:24:50Z" user="demory" uid="186210">
  <nd ref="2277885178"/>
  <nd ref="6005931664"/>
  <nd ref="2277885181"/>
  <tag k="highway" v="service"/>
  <tag k="service" v="driveway"/>
  <tag k="surface" v="paving_stones"/>
 </way>
 <way id="218549370" visible="true" version="3" changeset="56514080" timestamp="2018-02-20T08:56:31Z" user="Iqhra" uid="6371645">
  <nd ref="2277885158"/>
  <nd ref="2277885186"/>
  <nd ref="2277885179"/>
  <nd ref="2277885159"/>
  <tag k="highway" v="service"/>
  <tag k="oneway" v="yes"/>
  <tag k="service" v="parking_aisle"/>
  <tag k="source" v="bing_imagery"/>
 </way>
 <way id="218549373" visible="true" version="3" changeset="56514040" timestamp="2018-02-20T08:54:58Z" user="Iqhra" uid="6371645">
  <nd ref="2277886306"/>
  <nd ref="2277885194"/>
  <nd ref="2277885191"/>
  <tag k="highway" v="service"/>
  <tag k="service" v="parking_aisle"/>
  <tag k="source" v="bing_imagery"/>
 </way>
 <way id="218549374" visible="true" version="3" changeset="173109431" timestamp="2025-10-10T19:02:51Z" user="shinterro" uid="8562391">
  <nd ref="2277885168"/>
  <nd ref="2277885153"/>
  <nd ref="13207390992"/>
  <nd ref="13207390991"/>
  <nd ref="2277885167"/>
  <nd ref="13207390994"/>
  <nd ref="2277885177"/>
  <nd ref="2277885158"/>
  <nd ref="2277885159"/>
  <nd ref="2277885168"/>
  <tag k="amenity" v="parking"/>
  <tag k="parking" v="surface"/>
  <tag k="source" v="bing_imagery"/>
 </way>
 <way id="234934159" visible="true" version="3" changeset="173028485" timestamp="2025-10-09T02:05:53Z" user="shinterro" uid="8562391">
  <nd ref="2430543171"/>
  <nd ref="10059744807"/>
  <nd ref="10059744806"/>
  <nd ref="2430543214"/>
  <nd ref="2749708472"/>
  <nd ref="2749708483"/>
  <nd ref="13204047803"/>
  <nd ref="13204047804"/>
  <nd ref="2430543148"/>
  <nd ref="13204047805"/>
  <nd ref="13204047806"/>
  <nd ref="13204047807"/>
  <nd ref="13204047808"/>
  <nd ref="2430543163"/>
  <nd ref="2430543179"/>
  <nd ref="2430543224"/>
  <nd ref="2430543175"/>
  <nd ref="13203924469"/>
  <nd ref="13203924470"/>
  <nd ref="13203924471"/>
  <nd ref="13203924472"/>
  <nd ref="13203924473"/>
  <nd ref="13204047809"/>
  <nd ref="13203924474"/>
  <nd ref="13203924475"/>
  <nd ref="13203924476"/>
  <nd ref="13204047810"/>
  <nd ref="13204047811"/>
  <nd ref="2430543150"/>
  <nd ref="2430543210"/>
  <nd ref="2430543212"/>
  <nd ref="2430543208"/>
  <nd ref="2430543145"/>
  <nd ref="2430543151"/>
  <nd ref="2430543166"/>
  <nd ref="2430543141"/>
  <nd ref="2430543194"/>
  <nd ref="13204047802"/>
  <nd ref="2430543153"/>
  <nd ref="2430543190"/>
  <nd ref="2430543219"/>
  <nd ref="2430543209"/>
  <nd ref="2430543171"/>
  <tag k="access" v="private"/>
  <tag k="amenity" v="parking"/>
  <tag k="parking" v="surface"/>
  <tag k="source" v="bing_imagery"/>
 </way>
 <way id="234934492" visible="true" version="5" changeset="174389334" timestamp="2025-11-08T18:30:06Z" user="confusedbuffalo" uid="242345">
  <nd ref="2430549017"/>
  <nd ref="2430549032"/>
  <nd ref="9886180312"/>
  <nd ref="9886180313"/>
  <nd ref="2430549008"/>
  <nd ref="9886192318"/>
  <nd ref="9886180314"/>
  <nd ref="2430549072"/>
  <nd ref="2430549017"/>
  <tag k="addr:city" v="Atlanta"/>
  <tag k="addr:housenumber" v="980"/>
  <tag k="addr:postcode" v="30309"/>
  <tag k="addr:state" v="GA"/>
  <tag k="addr:street" v="Piedmont Avenue Northeast"/>
  <tag k="amenity" v="restaurant"/>
  <tag k="building" v="yes"/>
  <tag k="building:levels" v="1"/>
  <tag k="check_date" v="2025-10-06"/>
  <tag k="cuisine" v="italian"/>
  <tag k="email" v="campagnoloatl@gmail.com"/>
  <tag k="name" v="Campagnolo"/>
  <tag k="opening_hours" v="Mo-Fr 17:00-22:00; Sa 11:30-22:00; Su 10:00-21:00"/>
  <tag k="outdoor_seating" v="terrace"/>
  <tag k="payment:cash" v="yes"/>
  <tag k="payment:credit_cards" v="yes"/>
  <tag k="payment:debit_cards" v="yes"/>
  <tag k="phone" v="+1-404-343-2446"/>
  <tag k="source" v="bing_imagery"/>
  <tag k="website" v="https://campagnoloatl.com/"/>
  <tag k="wheelchair" v="yes"/>
 </way>
 <way id="234934493" visible="true" version="7" changeset="174389334" timestamp="2025-11-08T18:30:06Z" user="confusedbuffalo" uid="242345">
  <nd ref="2430548995"/>
  <nd ref="13207391035"/>
  <nd ref="13207391034"/>
  <nd ref="2430549034"/>
  <nd ref="13207391032"/>
  <nd ref="13207391033"/>
  <nd ref="2430549049"/>
  <nd ref="13207391026"/>
  <nd ref="2430549041"/>
  <nd ref="13207391031"/>
  <nd ref="13207391030"/>
  <nd ref="2430548995"/>
  <tag k="addr:housenumber" v="976"/>
  <tag k="addr:street" v="Piedmont Avenue Northeast"/>
  <tag k="building" v="detached"/>
  <tag k="building:levels" v="2"/>
  <tag k="building:use" v="retail"/>
  <tag k="check_date" v="2025-10-09"/>
  <tag k="email" v="Puppyunitedmidtown@gmail.com"/>
  <tag k="name" v="Puppy United"/>
  <tag k="opening_hours" v="Tu-Sa 08:00-17:00"/>
  <tag k="payment:cash" v="yes"/>
  <tag k="payment:credit_cards" v="yes"/>
  <tag k="payment:debit_cards" v="yes"/>
  <tag k="phone" v="+1-404-401-6634"/>
  <tag k="roof:shape" v="pyramidal"/>
  <tag k="shop" v="pet_grooming"/>
  <tag k="source" v="bing_imagery"/>
  <tag k="website" v="http://www.puppyunited.com/"/>
  <tag k="wheelchair" v="yes"/>
 </way>
 <way id="234934494" visible="true" version="2" changeset="173028485" timestamp="2025-10-09T02:05:53Z" user="shinterro" uid="8562391">
  <nd ref="2430549051"/>
  <nd ref="2430549062"/>
  <nd ref="2430549028"/>
  <nd ref="13203924444"/>
  <nd ref="2277885176"/>
  <nd ref="2277885190"/>
  <nd ref="2277885173"/>
  <nd ref="2277885150"/>
  <nd ref="2277885162"/>
  <nd ref="2430548993"/>
  <nd ref="2430549051"/>
  <tag k="amenity" v="parking"/>
  <tag k="parking" v="surface"/>
  <tag k="source" v="bing_imagery"/>
 </way>
 <way id="234934495" visible="true" version="4" changeset="123588691" timestamp="2022-07-14T04:49:13Z" user="jleathe" uid="7523014">
  <nd ref="9886180273"/>
  <nd ref="9886180271"/>
  <nd ref="9886180270"/>
  <nd ref="9886180275"/>
  <nd ref="9886180269"/>
  <nd ref="9886180279"/>
  <nd ref="2430549057"/>
  <nd ref="9886180289"/>
  <nd ref="2430549039"/>
  <nd ref="9886180281"/>
  <nd ref="9886180282"/>
  <nd ref="9886180284"/>
  <nd ref="9886424653"/>
  <nd ref="9886180274"/>
  <nd ref="9886180283"/>
  <nd ref="9886180272"/>
  <nd ref="9886180273"/>
  <tag k="addr:city" v="Atlanta"/>
  <tag k="addr:housenumber" v="990"/>
  <tag k="addr:postcode" v="30309"/>
  <tag k="addr:state" v="GA"/>
  <tag k="addr:street" v="Piedmont Avenue Northeast"/>
  <tag k="building" v="yes"/>
  <tag k="building:levels" v="1"/>
  <tag k="source" v="bing_imagery;aerial imagery;streetlevel imagery"/>
 </way>
 <way id="234934496" visible="true" version="3" changeset="173109431" timestamp="2025-10-10T19:02:51Z" user="shinterro" uid="8562391">
  <nd ref="2430549060"/>
  <nd ref="2430549068"/>
  <nd ref="2430549010"/>
  <nd ref="2430549004"/>
  <nd ref="2430549060"/>
  <tag k="addr:housenumber" v="970"/>
  <tag k="addr:street" v="Piedmont Avenue Northeast"/>
  <tag k="building" v="detached"/>
  <tag k="building:levels" v="2"/>
  <tag k="building:material" v="brick"/>
  <tag k="building:use" v="retail"/>
  <tag k="house" v="detached"/>
  <tag k="roof:shape" v="gabled"/>
  <tag k="source" v="bing_imagery"/>
 </way>
 <way id="234934497" visible="true" version="3" changeset="173109431" timestamp="2025-10-10T19:02:51Z" user="shinterro" uid="8562391">
  <nd ref="2430548997"/>
  <nd ref="2430549000"/>
  <nd ref="10104478182"/>
  <nd ref="2430548998"/>
  <nd ref="2430549052"/>
  <nd ref="2430548997"/>
  <tag k="addr:city" v="Atlanta"/>
  <tag k="addr:housenumber" v="181"/>
  <tag k="addr:postcode" v="30309"/>
  <tag k="addr:street" v="10th Street Northeast"/>
  <tag k="branch" v="Midtown"/>
  <tag k="building" v="church"/>
  <tag k="building:use" v="retail"/>
  <tag k="name" v="Atlanta Intown Real Estate Services"/>
  <tag k="office" v="estate_agent"/>
  <tag k="phone" v="+1 404-881-1810"/>
  <tag k="source" v="bing_imagery"/>
  <tag k="website" v="https://www.atlantaintown.com"/>
 </way>
 <way id="269747030" visible="true" version="2" changeset="51015287" timestamp="2017-08-10T21:36:35Z" user="StackKorora" uid="3009398">
  <nd ref="2748849315"/>
  <nd ref="2748849314"/>
  <nd ref="2748849305"/>
  <nd ref="2748849304"/>
  <nd ref="2748849211"/>
  <nd ref="2748849213"/>
  <nd ref="2748849183"/>
  <nd ref="2748849185"/>
  <nd ref="2748849205"/>
  <nd ref="2748849206"/>
  <nd ref="2748849315"/>
  <tag k="addr:city" v="Atlanta"/>
  <tag k="addr:housenumber" v="263"/>
  <tag k="addr:postcode" v="30309"/>
  <tag k="addr:street" v="10th Street Northeast"/>
  <tag k="building" v="house"/>
  <tag k="building:levels" v="2"/>
  <tag k="roof:levels" v="1"/>
 </way>
 <way id="269747034" visible="true" version="2" changeset="51015287" timestamp="2017-08-10T21:36:36Z" user="StackKorora" uid="3009398">
  <nd ref="2748849398"/>
  <nd ref="2748849394"/>
  <nd ref="2748849241"/>
  <nd ref="2748849242"/>
  <nd ref="2748849193"/>
  <nd ref="2748849194"/>
  <nd ref="2748849235"/>
  <nd ref="2748849237"/>
  <nd ref="2748849251"/>
  <nd ref="2748849252"/>
  <nd ref="2748849348"/>
  <nd ref="2748849347"/>
  <nd ref="2748849398"/>
  <tag k="addr:city" v="Atlanta"/>
  <tag k="addr:housenumber" v="269"/>
  <tag k="addr:postcode" v="30309"/>
  <tag k="addr:street" v="10th Street Northeast"/>
  <tag k="building" v="house"/>
  <tag k="building:levels" v="2"/>
 </way>
 <way id="269747040" visible="true" version="1" changeset="21356851" timestamp="2014-03-28T02:30:08Z" user="Saikrishna_FultonCountyImport" uid="1981121">
  <nd ref="2748849370"/>
  <nd ref="2748849372"/>
  <nd ref="2748849392"/>
  <nd ref="2748849393"/>
  <nd ref="2748849367"/>
  <nd ref="2748849369"/>
  <nd ref="2748849387"/>
  <nd ref="2748849389"/>
  <nd ref="2748849366"/>
  <nd ref="2748849368"/>
  <nd ref="2748849295"/>
  <nd ref="2748849294"/>
  <nd ref="2748849162"/>
  <nd ref="2748849164"/>
  <nd ref="2748849122"/>
  <nd ref="2748849117"/>
  <nd ref="2748849165"/>
  <nd ref="2748849166"/>
  <nd ref="2748849297"/>
  <nd ref="2748849296"/>
  <nd ref="2748849370"/>
  <tag k="addr:city" v="Atlanta"/>
  <tag k="addr:housenumber" v="275"/>
  <tag k="addr:postcode" v="30309"/>
  <tag k="addr:street" v="10th Street Northeast"/>
  <tag k="building" v="yes"/>
 </way>
 <way id="269747044" visible="true" version="1" changeset="21356851" timestamp="2014-03-28T02:30:08Z" user="Saikrishna_FultonCountyImport" uid="1981121">
  <nd ref="2748849041"/>
  <nd ref="2748849040"/>
  <nd ref="2748848859"/>
  <nd ref="2748848861"/>
  <nd ref="2748849041"/>
  <tag k="addr:city" v="Atlanta"/>
  <tag k="addr:housenumber" v="282"/>
  <tag k="addr:postcode" v="30309"/>
  <tag k="addr:street" v="9th Street Northeast"/>
  <tag k="building" v="yes"/>
 </way>
 <way id="269747045" visible="true" version="2" changeset="51015287" timestamp="2017-08-10T21:36:36Z" user="StackKorora" uid="3009398">
  <nd ref="2748849401"/>
  <nd ref="2748849223"/>
  <nd ref="2748849219"/>
  <nd ref="2748849287"/>
  <nd ref="2748849286"/>
  <nd ref="2748849312"/>
  <nd ref="2748849313"/>
  <nd ref="2748849400"/>
  <nd ref="2748849401"/>
  <tag k="addr:city" v="Atlanta"/>
  <tag k="addr:housenumber" v="283"/>
  <tag k="addr:postcode" v="30309"/>
  <tag k="addr:street" v="10th Street Northeast"/>
  <tag k="building" v="house"/>
  <tag k="building:levels" v="1"/>
  <tag k="roof:levels" v="1"/>
 </way>
 <way id="269747048" visible="true" version="1" changeset="21356851" timestamp="2014-03-28T02:30:09Z" user="Saikrishna_FultonCountyImport" uid="1981121">
  <nd ref="2748849039"/>
  <nd ref="2748849038"/>
  <nd ref="2748848847"/>
  <nd ref="2748848848"/>
  <nd ref="2748849039"/>
  <tag k="addr:city" v="Atlanta"/>
  <tag k="addr:housenumber" v="286"/>
  <tag k="addr:postcode" v="30309"/>
  <tag k="addr:street" v="9th Street Northeast"/>
  <tag k="building" v="yes"/>
 </way>
 <way id="269747049" visible="true" version="2" changeset="51015287" timestamp="2017-08-10T21:36:39Z" user="StackKorora" uid="3009398">
  <nd ref="2748849395"/>
  <nd ref="2748849397"/>
  <nd ref="2748849344"/>
  <nd ref="2748849345"/>
  <nd ref="2748849281"/>
  <nd ref="2748849280"/>
  <nd ref="2748849246"/>
  <nd ref="2748849245"/>
  <nd ref="2748849270"/>
  <nd ref="2748849277"/>
  <nd ref="2748849341"/>
  <nd ref="2748849342"/>
  <nd ref="2748849395"/>
  <tag k="addr:city" v="Atlanta"/>
  <tag k="addr:housenumber" v="287"/>
  <tag k="addr:postcode" v="30309"/>
  <tag k="addr:street" v="10th Street Northeast"/>
  <tag k="building" v="house"/>
  <tag k="building:levels" v="2"/>
  <tag k="roof:levels" v="1"/>
 </way>
 <way id="269747052" visible="true" version="2" changeset="51015287" timestamp="2017-08-10T21:36:41Z" user="StackKorora" uid="3009398">
  <nd ref="2748849351"/>
  <nd ref="2748849349"/>
  <nd ref="2748849125"/>
  <nd ref="2748849126"/>
  <nd ref="2748849351"/>
  <tag k="addr:city" v="Atlanta"/>
  <tag k="addr:housenumber" v="301"/>
  <tag k="addr:postcode" v="30309"/>
  <tag k="addr:street" v="10th Street Northeast"/>
  <tag k="building" v="house"/>
  <tag k="building:levels" v="3"/>
 </way>
 <way id="269747350" visible="true" version="1" changeset="21356851" timestamp="2014-03-28T02:30:44Z" user="Saikrishna_FultonCountyImport" uid="1981121">
  <nd ref="2748849049"/>
  <nd ref="2748849048"/>
  <nd ref="2748849078"/>
  <nd ref="2748849077"/>
  <nd ref="2748849052"/>
  <nd ref="2748849051"/>
  <nd ref="2748848993"/>
  <nd ref="2748848994"/>
  <nd ref="2748849049"/>
  <tag k="addr:city" v="Atlanta"/>
  <tag k="addr:housenumber" v="968"/>
  <tag k="addr:postcode" v="30309"/>
  <tag k="addr:street" v="Argonne Avenue Northeast"/>
  <tag k="building" v="house"/>
 </way>
 <way id="269747421" visible="true" version="2" changeset="21365527" timestamp="2014-03-28T13:43:48Z" user="Saikrishna_FultonCountyImport" uid="1981121">
  <nd ref="2748849088"/>
  <nd ref="2748849090"/>
  <nd ref="2748849099"/>
  <nd ref="2748849097"/>
  <nd ref="2748849088"/>
  <tag k="addr:city" v="Atlanta"/>
  <tag k="addr:housenumber" v="975"/>
  <tag k="addr:postcode" v="30309"/>
  <tag k="addr:street" v="Myrtle Street Northeast"/>
  <tag k="building" v="yes"/>
 </way>
 <way id="269747449" visible="true" version="1" changeset="21356851" timestamp="2014-03-28T02:30:52Z" user="Saikrishna_FultonCountyImport" uid="1981121">
  <nd ref="2748849114"/>
  <nd ref="2748849115"/>
  <nd ref="2748849085"/>
  <nd ref="2748849084"/>
  <nd ref="2748849114"/>
  <tag k="building" v="house"/>
 </way>
 <way id="269747474" visible="true" version="1" changeset="21356851" timestamp="2014-03-28T02:30:53Z" user="Saikrishna_FultonCountyImport" uid="1981121">
  <nd ref="2748849061"/>
  <nd ref="2748849072"/>
  <nd ref="2748849071"/>
  <nd ref="2748849060"/>
  <nd ref="2748849061"/>
  <tag k="building" v="house"/>
 </way>
 <way id="269747480" visible="true" version="1" changeset="21356851" timestamp="2014-03-28T02:30:54Z" user="Saikrishna_FultonCountyImport" uid="1981121">
  <nd ref="2748849172"/>
  <nd ref="2748849171"/>
  <nd ref="2748849112"/>
  <nd ref="2748849113"/>
  <nd ref="2748849172"/>
  <tag k="building" v="house"/>
 </way>
 <way id="269747516" visible="true" version="1" changeset="21356851" timestamp="2014-03-28T02:30:57Z" user="Saikrishna_FultonCountyImport" uid="1981121">
  <nd ref="2748849067"/>
  <nd ref="2748849065"/>
  <nd ref="2748849044"/>
  <nd ref="2748849045"/>
  <nd ref="2748849032"/>
  <nd ref="2748849035"/>
  <nd ref="2748849042"/>
  <nd ref="2748849043"/>
  <nd ref="2748849067"/>
  <tag k="building" v="house"/>
 </way>
 <way id="269747518" visible="true" version="2" changeset="21365527" timestamp="2014-03-28T13:43:48Z" user="Saikrishna_FultonCountyImport" uid="1981121">
  <nd ref="2748849150"/>
  <nd ref="2748849147"/>
  <nd ref="2748849129"/>
  <nd ref="2748849130"/>
  <nd ref="2748849121"/>
  <nd ref="2748849120"/>
  <nd ref="2748849091"/>
  <nd ref="2748849092"/>
  <nd ref="2748849150"/>
  <tag k="addr:city" v="Atlanta"/>
  <tag k="addr:housenumber" v="971"/>
  <tag k="addr:postcode" v="30309"/>
  <tag k="addr:street" v="Myrtle Street Northeast"/>
  <tag k="building" v="yes"/>
 </way>
 <way id="269747525" visible="true" version="1" changeset="21356851" timestamp="2014-03-28T02:30:58Z" user="Saikrishna_FultonCountyImport" uid="1981121">
  <nd ref="2748849082"/>
  <nd ref="2748849081"/>
  <nd ref="2748849076"/>
  <nd ref="2748849075"/>
  <nd ref="2748849059"/>
  <nd ref="2748849057"/>
  <nd ref="2748849013"/>
  <nd ref="2748849023"/>
  <nd ref="2748849082"/>
  <tag k="building" v="house"/>
 </way>
 <way id="269843411" visible="true" version="2" changeset="51015287" timestamp="2017-08-10T21:36:44Z" user="StackKorora" uid="3009398">
  <nd ref="2749708563"/>
  <nd ref="2749708561"/>
  <nd ref="2749708575"/>
  <nd ref="2749708573"/>
  <nd ref="2749708527"/>
  <nd ref="2749708529"/>
  <nd ref="2749708498"/>
  <nd ref="2749708500"/>
  <nd ref="2749708521"/>
  <nd ref="2749708519"/>
  <nd ref="2749708563"/>
  <tag k="addr:city" v="Atlanta"/>
  <tag k="addr:housenumber" v="177"/>
  <tag k="addr:postcode" v="30309"/>
  <tag k="addr:street" v="10th Street Northeast"/>
  <tag k="building" v="house"/>
  <tag k="building:levels" v="2"/>
  <tag k="roof:levels" v="2"/>
 </way>
 <way id="269843450" visible="true" version="3" changeset="175203128" timestamp="2025-11-27T15:32:05Z" user="shinterro" uid="8562391">
  <nd ref="2749708785"/>
  <nd ref="2749708696"/>
  <nd ref="2749708693"/>
  <nd ref="13336389459"/>
  <nd ref="13336389458"/>
  <nd ref="2749708788"/>
  <nd ref="2749708785"/>
  <tag k="addr:city" v="Atlanta"/>
  <tag k="addr:housenumber" v="242"/>
  <tag k="addr:postcode" v="30309"/>
  <tag k="addr:street" v="11th Street Northeast"/>
  <tag k="building" v="detached"/>
  <tag k="building:material" v="brick"/>
  <tag k="building:year_built" v="1960"/>
 </way>
 <way id="269843457" visible="true" version="2" changeset="173231595" timestamp="2025-10-13T14:43:36Z" user="shinterro" uid="8562391">
  <nd ref="2749709045"/>
  <nd ref="2749709040"/>
  <nd ref="2749709014"/>
  <nd ref="2749709011"/>
  <nd ref="2749708968"/>
  <nd ref="2749708966"/>
  <nd ref="2749708935"/>
  <nd ref="2749708943"/>
  <nd ref="13230601412"/>
  <nd ref="13230601413"/>
  <nd ref="2749709045"/>
  <tag k="addr:city" v="Atlanta"/>
  <tag k="addr:housenumber" v="261"/>
  <tag k="addr:postcode" v="30309"/>
  <tag k="addr:street" v="12th Street Northeast"/>
  <tag k="building" v="yes"/>
 </way>
 <way id="269843575" visible="true" version="1" changeset="21365527" timestamp="2014-03-28T13:43:30Z" user="Saikrishna_FultonCountyImport" uid="1981121">
  <nd ref="2749708331"/>
  <nd ref="2749708328"/>
  <nd ref="2749708298"/>
  <nd ref="2749708296"/>
  <nd ref="2749708235"/>
  <nd ref="2749708239"/>
  <nd ref="2749708255"/>
  <nd ref="2749708258"/>
  <nd ref="2749708229"/>
  <nd ref="2749708232"/>
  <nd ref="2749708261"/>
  <nd ref="2749708264"/>
  <nd ref="2749708331"/>
  <tag k="addr:city" v="Atlanta"/>
  <tag k="addr:housenumber" v="965"/>
  <tag k="addr:postcode" v="30309"/>
  <tag k="addr:street" v="Myrtle Street Northeast"/>
  <tag k="building" v="house"/>
 </way>
 <way id="269843576" visible="true" version="1" changeset="21365527" timestamp="2014-03-28T13:43:30Z" user="Saikrishna_FultonCountyImport" uid="1981121">
  <nd ref="2749708359"/>
  <nd ref="2749708362"/>
  <nd ref="2749708348"/>
  <nd ref="2749708350"/>
  <nd ref="2749708322"/>
  <nd ref="2749708306"/>
  <nd ref="2749708356"/>
  <nd ref="2749708353"/>
  <nd ref="2749708359"/>
  <tag k="addr:city" v="Atlanta"/>
  <tag k="addr:housenumber" v="968"/>
  <tag k="addr:postcode" v="30309"/>
  <tag k="addr:street" v="Myrtle Street Northeast"/>
  <tag k="building" v="house"/>
 </way>
 <way id="269843577" visible="true" version="1" changeset="21365527" timestamp="2014-03-28T13:43:31Z" user="Saikrishna_FultonCountyImport" uid="1981121">
  <nd ref="2749708446"/>
  <nd ref="2749708442"/>
  <nd ref="2749708440"/>
  <nd ref="2749708437"/>
  <nd ref="2749708409"/>
  <nd ref="2749708411"/>
  <nd ref="2749708381"/>
  <nd ref="2749708386"/>
  <nd ref="2749708446"/>
  <tag k="addr:city" v="Atlanta"/>
  <tag k="addr:housenumber" v="972"/>
  <tag k="addr:postcode" v="30309"/>
  <tag k="addr:street" v="Myrtle Street Northeast"/>
  <tag k="building" v="house"/>
 </way>
 <way id="269843578" visible="true" version="1" changeset="21365527" timestamp="2014-03-28T13:43:31Z" user="Saikrishna_FultonCountyImport" uid="1981121">
  <nd ref="2749708474"/>
  <nd ref="2749708473"/>
  <nd ref="2749708476"/>
  <nd ref="2749708475"/>
  <nd ref="2749708465"/>
  <nd ref="2749708466"/>
  <nd ref="2749708449"/>
  <nd ref="2749708454"/>
  <nd ref="2749708458"/>
  <nd ref="2749708460"/>
  <nd ref="2749708451"/>
  <nd ref="2749708457"/>
  <nd ref="2749708462"/>
  <nd ref="2749708464"/>
  <nd ref="2749708474"/>
  <tag k="addr:city" v="Atlanta"/>
  <tag k="addr:housenumber" v="978"/>
  <tag k="addr:postcode" v="30309"/>
  <tag k="addr:street" v="Myrtle Street Northeast"/>
  <tag k="building" v="house"/>
 </way>
 <way id="269843580" visible="true" version="1" changeset="21365527" timestamp="2014-03-28T13:43:31Z" user="Saikrishna_FultonCountyImport" uid="1981121">
  <nd ref="2749708496"/>
  <nd ref="2749708494"/>
  <nd ref="2749708487"/>
  <nd ref="2749708485"/>
  <nd ref="2749708469"/>
  <nd ref="2749708470"/>
  <nd ref="2749708467"/>
  <nd ref="2749708468"/>
  <nd ref="2749708496"/>
  <tag k="addr:city" v="Atlanta"/>
  <tag k="addr:housenumber" v="979"/>
  <tag k="addr:postcode" v="30309"/>
  <tag k="addr:street" v="Myrtle Street Northeast"/>
  <tag k="building" v="house"/>
 </way>
 <way id="269843581" visible="true" version="1" changeset="21365527" timestamp="2014-03-28T13:43:31Z" user="Saikrishna_FultonCountyImport" uid="1981121">
  <nd ref="2749708513"/>
  <nd ref="2749708511"/>
  <nd ref="2749708509"/>
  <nd ref="2749708506"/>
  <nd ref="2749708489"/>
  <nd ref="2749708492"/>
  <nd ref="2749708477"/>
  <nd ref="2749708479"/>
  <nd ref="2749708513"/>
  <tag k="addr:city" v="Atlanta"/>
  <tag k="addr:housenumber" v="982"/>
  <tag k="addr:postcode" v="30309"/>
  <tag k="addr:street" v="Myrtle Street Northeast"/>
  <tag k="building" v="house"/>
 </way>
 <way id="269843582" visible="true" version="1" changeset="21365527" timestamp="2014-03-28T13:43:31Z" user="Saikrishna_FultonCountyImport" uid="1981121">
  <nd ref="2749708546"/>
  <nd ref="2749708544"/>
  <nd ref="2749708533"/>
  <nd ref="2749708531"/>
  <nd ref="2749708502"/>
  <nd ref="2749708504"/>
  <nd ref="2749708546"/>
  <tag k="addr:city" v="Atlanta"/>
  <tag k="addr:housenumber" v="983"/>
  <tag k="addr:postcode" v="30309"/>
  <tag k="addr:street" v="Myrtle Street Northeast"/>
  <tag k="building" v="house"/>
 </way>
 <way id="269843583" visible="true" version="2" changeset="51015287" timestamp="2017-08-10T21:36:45Z" user="StackKorora" uid="3009398">
  <nd ref="2749708554"/>
  <nd ref="2749708557"/>
  <nd ref="2749708559"/>
  <nd ref="2749708565"/>
  <nd ref="2749708523"/>
  <nd ref="2749708525"/>
  <nd ref="2749708517"/>
  <nd ref="2749708515"/>
  <nd ref="2749708554"/>
  <tag k="addr:city" v="Atlanta"/>
  <tag k="addr:housenumber" v="986"/>
  <tag k="addr:postcode" v="30309"/>
  <tag k="addr:street" v="Myrtle Street Northeast"/>
  <tag k="building" v="house"/>
  <tag k="building:levels" v="3"/>
  <tag k="roof:levels" v="1"/>
 </way>
 <way id="269843584" visible="true" version="3" changeset="117918584" timestamp="2022-02-27T18:42:43Z" user="demory" uid="186210">
  <nd ref="2749708582"/>
  <nd ref="2749708580"/>
  <nd ref="2749708592"/>
  <nd ref="2749708590"/>
  <nd ref="2749708548"/>
  <nd ref="9543446987"/>
  <nd ref="2749708550"/>
  <nd ref="2749708582"/>
  <tag k="addr:city" v="Atlanta"/>
  <tag k="addr:housenumber" v="987"/>
  <tag k="addr:postcode" v="30309"/>
  <tag k="addr:street" v="Myrtle Street Northeast"/>
  <tag k="building" v="house"/>
  <tag k="building:levels" v="2"/>
 </way>
 <way id="269843585" visible="true" version="2" changeset="51015287" timestamp="2017-08-10T21:36:46Z" user="StackKorora" uid="3009398">
  <nd ref="2749708601"/>
  <nd ref="2749708599"/>
  <nd ref="2749708597"/>
  <nd ref="2749708595"/>
  <nd ref="2749708567"/>
  <nd ref="2749708571"/>
  <nd ref="2749708586"/>
  <nd ref="2749708584"/>
  <nd ref="2749708601"/>
  <tag k="addr:city" v="Atlanta"/>
  <tag k="addr:housenumber" v="990"/>
  <tag k="addr:postcode" v="30309"/>
  <tag k="addr:street" v="Myrtle Street Northeast"/>
  <tag k="building" v="house"/>
  <tag k="building:levels" v="2"/>
  <tag k="roof:levels" v="1"/>
 </way>
 <way id="269843588" visible="true" version="3" changeset="173109431" timestamp="2025-10-10T19:02:51Z" user="shinterro" uid="8562391">
  <nd ref="2749708423"/>
  <nd ref="2749708418"/>
  <nd ref="2749708429"/>
  <nd ref="2749708425"/>
  <nd ref="2749708420"/>
  <nd ref="2749708415"/>
  <nd ref="2749708393"/>
  <nd ref="13207391004"/>
  <nd ref="13207391003"/>
  <nd ref="13207391002"/>
  <nd ref="13207391001"/>
  <nd ref="2749708401"/>
  <nd ref="2749708403"/>
  <nd ref="2749708406"/>
  <nd ref="2749708423"/>
  <tag k="addr:city" v="Atlanta"/>
  <tag k="addr:housenumber" v="971"/>
  <tag k="addr:postcode" v="30309"/>
  <tag k="addr:state" v="GA"/>
  <tag k="addr:street" v="Piedmont Avenue Northeast"/>
  <tag k="building" v="yes"/>
 </way>
 <way id="269843649" visible="true" version="2" changeset="173028485" timestamp="2025-10-09T02:05:53Z" user="shinterro" uid="8562391">
  <nd ref="2749708483"/>
  <nd ref="2749708481"/>
  <nd ref="2749708471"/>
  <nd ref="2749708472"/>
  <nd ref="2749708483"/>
  <tag k="building" v="shed"/>
 </way>
 <way id="269843660" visible="true" version="1" changeset="21365527" timestamp="2014-03-28T13:43:35Z" user="Saikrishna_FultonCountyImport" uid="1981121">
  <nd ref="2749708367"/>
  <nd ref="2749708373"/>
  <nd ref="2749708345"/>
  <nd ref="2749708340"/>
  <nd ref="2749708367"/>
  <tag k="building" v="house"/>
 </way>
 <way id="269843686" visible="true" version="3" changeset="173028485" timestamp="2025-10-09T02:05:53Z" user="shinterro" uid="8562391">
  <nd ref="2749708637"/>
  <nd ref="2749708639"/>
  <nd ref="2749708631"/>
  <nd ref="2749708629"/>
  <nd ref="2749708637"/>
  <tag k="addr:housenumber" v="1012"/>
  <tag k="addr:street" v="Piedmont Avenue Northeast"/>
  <tag k="building" v="retail"/>
 </way>
 <way id="269843687" visible="true" version="1" changeset="21365527" timestamp="2014-03-28T13:43:36Z" user="Saikrishna_FultonCountyImport" uid="1981121">
  <nd ref="2749708432"/>
  <nd ref="2749708434"/>
  <nd ref="2749708398"/>
  <nd ref="2749708395"/>
  <nd ref="2749708432"/>
  <tag k="building" v="house"/>
 </way>
 <way id="269843706" visible="true" version="3" changeset="173109431" timestamp="2025-10-10T19:02:51Z" user="shinterro" uid="8562391">
  <nd ref="2749708326"/>
  <nd ref="13207390967"/>
  <nd ref="13207390968"/>
  <nd ref="13207390969"/>
  <nd ref="13207390985"/>
  <nd ref="13207390984"/>
  <nd ref="13207390962"/>
  <nd ref="13207390963"/>
  <nd ref="13207390964"/>
  <nd ref="13207390965"/>
  <nd ref="2749708273"/>
  <nd ref="13207390966"/>
  <nd ref="2749708326"/>
  <tag k="addr:city" v="Atlanta"/>
  <tag k="addr:housenumber" v="961"/>
  <tag k="addr:postcode" v="30309"/>
  <tag k="addr:state" v="GA"/>
  <tag k="addr:street" v="Piedmont Avenue Northeast"/>
  <tag k="building" v="terrace"/>
 </way>
 <way id="269843753" visible="true" version="3" changeset="173109431" timestamp="2025-10-10T19:02:51Z" user="shinterro" uid="8562391">
  <nd ref="2749708376"/>
  <nd ref="2749708364"/>
  <nd ref="2749708390"/>
  <nd ref="2749708384"/>
  <nd ref="2749708379"/>
  <nd ref="2749708370"/>
  <nd ref="2749708336"/>
  <nd ref="13207390997"/>
  <nd ref="13207390998"/>
  <nd ref="13207390999"/>
  <nd ref="13207391000"/>
  <nd ref="2749708342"/>
  <nd ref="2749708376"/>
  <tag k="addr:city" v="Atlanta"/>
  <tag k="addr:housenumber" v="969"/>
  <tag k="addr:postcode" v="30309"/>
  <tag k="addr:state" v="GA"/>
  <tag k="addr:street" v="Piedmont Avenue Northeast"/>
  <tag k="building" v="yes"/>
 </way>
 <way id="269843759" visible="true" version="4" changeset="174389334" timestamp="2025-11-08T18:30:06Z" user="confusedbuffalo" uid="242345">
  <nd ref="2749708657"/>
  <nd ref="2749708655"/>
  <nd ref="2749708661"/>
  <nd ref="2749708659"/>
  <nd ref="2749708646"/>
  <nd ref="13203264190"/>
  <nd ref="2749708642"/>
  <nd ref="2749708644"/>
  <nd ref="2749708657"/>
  <tag k="addr:floor" v="G;1"/>
  <tag k="addr:housenumber" v="1016"/>
  <tag k="addr:street" v="Piedmont Avenue Northeast"/>
  <tag k="building" v="yes"/>
  <tag k="check_date" v="2025-10-07"/>
  <tag k="level" v="0;1"/>
  <tag k="name" v="Alliance Community Pharmacy"/>
  <tag k="opening_hours" v="Mo-Fr 09:00-18:00; Sa 09:00-13:00; Su off"/>
  <tag k="payment:cash" v="yes"/>
  <tag k="payment:credit_cards" v="yes"/>
  <tag k="payment:debit_cards" v="yes"/>
  <tag k="phone" v="+1-404-461-9105"/>
  <tag k="roof:shape" v="hipped"/>
  <tag k="shop" v="chemist"/>
  <tag k="website" v="https://www.alliancecrx.com/"/>
  <tag k="wheelchair" v="yes"/>
 </way>
 <way id="505912698" visible="true" version="11" changeset="174224770" timestamp="2025-11-05T06:24:01Z" user="sarya_Lyft" uid="18784339">
  <nd ref="69588600"/>
  <nd ref="4165941980"/>
  <nd ref="12909445910"/>
  <nd ref="5416547103"/>
  <nd ref="2508783158"/>
  <nd ref="13282504353"/>
  <nd ref="5424144260"/>
  <nd ref="5416547097"/>
  <nd ref="2277885172"/>
  <nd ref="6005931662"/>
  <nd ref="69589540"/>
  <nd ref="6005931644"/>
  <nd ref="13207391116"/>
  <nd ref="11018272833"/>
  <nd ref="11018294018"/>
  <nd ref="13207391080"/>
  <nd ref="69614561"/>
  <tag k="cycleway" v="shared_lane"/>
  <tag k="highway" v="secondary"/>
  <tag k="lanes" v="4"/>
  <tag k="maxspeed" v="30 mph"/>
  <tag k="name" v="10th Street Northeast"/>
  <tag k="oneway" v="no"/>
  <tag k="sidewalk:both" v="separate"/>
  <tag k="source:maxspeed" v="sign"/>
  <tag k="surface" v="asphalt"/>
 </way>
 <way id="505912700" visible="true" version="12" changeset="177165397" timestamp="2026-01-13T06:51:53Z" user="Lumikeiju" uid="20996589">
  <nd ref="6012323214"/>
  <nd ref="69614564"/>
  <nd ref="9543424404"/>
  <nd ref="69279751"/>
  <nd ref="1185875788"/>
  <nd ref="9987791892"/>
  <nd ref="9543424406"/>
  <nd ref="6837291941"/>
  <nd ref="69582301"/>
  <nd ref="7168095523"/>
  <nd ref="6011072580"/>
  <nd ref="69529974"/>
  <tag k="cycleway:left" v="separate"/>
  <tag k="highway" v="secondary"/>
  <tag k="highway_1" v="cycleway"/>
  <tag k="lanes" v="4"/>
  <tag k="maxspeed" v="30 mph"/>
  <tag k="name" v="10th Street Northeast"/>
  <tag k="oneway" v="no"/>
  <tag k="sidewalk:both" v="separate"/>
  <tag k="source:maxspeed" v="sign"/>
  <tag k="surface" v="asphalt"/>
 </way>
 <way id="536885864" visible="true" version="4" changeset="175689438" timestamp="2025-12-08T22:30:17Z" user="shinterro" uid="8562391">
  <nd ref="5199955798"/>
  <nd ref="13204047869"/>
  <nd ref="13204047870"/>
  <nd ref="13204047853"/>
  <nd ref="13362650109"/>
  <nd ref="13204047871"/>
  <nd ref="13204047872"/>
  <nd ref="5199955799"/>
  <nd ref="5199955800"/>
  <nd ref="13204047845"/>
  <nd ref="13204047844"/>
  <nd ref="13204047843"/>
  <nd ref="13204047842"/>
  <nd ref="13204047852"/>
  <nd ref="13204047864"/>
  <nd ref="13204047865"/>
  <nd ref="5199955801"/>
  <nd ref="13204047848"/>
  <nd ref="5199956494"/>
  <nd ref="5199956493"/>
  <nd ref="13204047858"/>
  <nd ref="9537493887"/>
  <nd ref="5199956492"/>
  <nd ref="5199956491"/>
  <nd ref="5199956490"/>
  <nd ref="5199956489"/>
  <nd ref="5199956488"/>
  <nd ref="13204047857"/>
  <nd ref="5199956487"/>
  <nd ref="5199956486"/>
  <nd ref="5199956485"/>
  <nd ref="13204047856"/>
  <nd ref="5199955798"/>
  <tag k="addr:city" v="Atlanta"/>
  <tag k="addr:housenumber" v="1020"/>
  <tag k="addr:state" v="GA"/>
  <tag k="addr:street" v="Piedmont Avenue Northeast"/>
  <tag k="building" v="apartments"/>
  <tag k="building:levels" v="5"/>
  <tag k="height" v="98"/>
  <tag k="name" v="Azure on the Park"/>
 </way>
 <way id="547651108" visible="true" version="11" changeset="177165397" timestamp="2026-01-13T06:51:53Z" user="Lumikeiju" uid="20996589">
  <nd ref="69589527"/>
  <nd ref="2508783143"/>
  <nd ref="9991905533"/>
  <nd ref="9991905530"/>
  <nd ref="9992096939"/>
  <nd ref="8844216117"/>
  <nd ref="9992096941"/>
  <nd ref="5424144251"/>
  <nd ref="13207391017"/>
  <nd ref="13207391023"/>
  <nd ref="69589532"/>
  <nd ref="2277885182"/>
  <nd ref="5424144258"/>
  <nd ref="9537493900"/>
  <nd ref="69589540"/>
  <tag k="highway" v="secondary"/>
  <tag k="lanes" v="3"/>
  <tag k="name" v="Piedmont Avenue Northeast"/>
  <tag k="oneway" v="yes"/>
  <tag k="sidewalk:both" v="separate"/>
  <tag k="surface" v="asphalt"/>
  <tag k="tiger:cfcc" v="A31"/>
  <tag k="tiger:county" v="Fulton, GA"/>
  <tag k="tiger:name_base" v="Piedmont"/>
  <tag k="tiger:name_base_1" v="State Route 237"/>
  <tag k="tiger:name_direction_suffix" v="NE"/>
  <tag k="tiger:name_type" v="Rd"/>
  <tag k="tiger:zip_left" v="30305"/>
  <tag k="tiger:zip_right" v="30305"/>
 </way>
 <way id="561780372" visible="true" version="2" changeset="117886530" timestamp="2022-02-26T17:24:50Z" user="demory" uid="186210">
  <nd ref="5416485155"/>
  <nd ref="9537493916"/>
  <nd ref="5416485154"/>
  <tag k="highway" v="service"/>
 </way>
 <way id="561792274" visible="true" version="1" changeset="56414404" timestamp="2018-02-16T13:48:22Z" user="muziriana" uid="6058023">
  <nd ref="5416547086"/>
  <nd ref="5416547085"/>
  <tag k="highway" v="service"/>
 </way>
 <way id="561792275" visible="true" version="3" changeset="117886530" timestamp="2022-02-26T17:24:50Z" user="demory" uid="186210">
  <nd ref="5416547087"/>
  <nd ref="6005931665"/>
  <nd ref="5416547086"/>
  <tag k="highway" v="service"/>
  <tag k="service" v="driveway"/>
 </way>
 <way id="561792276" visible="true" version="2" changeset="173109431" timestamp="2025-10-10T19:02:51Z" user="shinterro" uid="8562391">
  <nd ref="5416547089"/>
  <nd ref="13207391114"/>
  <nd ref="5416547088"/>
  <tag k="highway" v="service"/>
  <tag k="service" v="parking_aisle"/>
 </way>
 <way id="561792277" visible="true" version="3" changeset="185609250" timestamp="2026-07-12T19:13:55Z" user="Cerras" uid="24292237">
  <nd ref="5416547090"/>
  <nd ref="6005931646"/>
  <nd ref="5416547089"/>
  <tag k="highway" v="service"/>
  <tag k="surface" v="concrete"/>
 </way>
 <way id="561792278" visible="true" version="1" changeset="56414404" timestamp="2018-02-16T13:48:22Z" user="muziriana" uid="6058023">
  <nd ref="5416547092"/>
  <nd ref="5416547091"/>
  <tag k="highway" v="service"/>
  <tag k="service" v="parking_aisle"/>
 </way>
 <way id="561792279" visible="true" version="2" changeset="117886530" timestamp="2022-02-26T17:24:50Z" user="demory" uid="186210">
  <nd ref="5416547093"/>
  <nd ref="9537497941"/>
  <nd ref="5416547092"/>
  <tag k="highway" v="service"/>
 </way>
 <way id="561792280" visible="true" version="1" changeset="56414404" timestamp="2018-02-16T13:48:22Z" user="muziriana" uid="6058023">
  <nd ref="5416547095"/>
  <nd ref="5416547094"/>
  <tag k="highway" v="service"/>
  <tag k="service" v="parking_aisle"/>
 </way>
 <way id="561792281" visible="true" version="2" changeset="56514040" timestamp="2018-02-20T08:54:58Z" user="Iqhra" uid="6371645">
  <nd ref="5416547096"/>
  <nd ref="5416547095"/>
  <tag k="highway" v="service"/>
  <tag k="service" v="parking_aisle"/>
 </way>
 <way id="561792282" visible="true" version="2" changeset="63734322" timestamp="2018-10-21T17:58:36Z" user="afonit" uid="3327134">
  <nd ref="5416547097"/>
  <nd ref="6003256664"/>
  <nd ref="5416547096"/>
  <tag k="highway" v="service"/>
 </way>
 <way id="562680816" visible="true" version="1" changeset="56514040" timestamp="2018-02-20T08:54:58Z" user="Iqhra" uid="6371645">
  <nd ref="5424142498"/>
  <nd ref="5424142497"/>
  <tag k="highway" v="service"/>
  <tag k="service" v="parking_aisle"/>
 </way>
 <way id="562680818" visible="true" version="4" changeset="117886530" timestamp="2022-02-26T17:24:50Z" user="demory" uid="186210">
  <nd ref="2277885154"/>
  <nd ref="2277886306"/>
  <tag k="highway" v="service"/>
  <tag k="source" v="bing_imagery"/>
  <tag k="surface" v="asphalt"/>
 </way>
 <way id="562680819" visible="true" version="2" changeset="185609250" timestamp="2026-07-12T21:48:37Z" user="Cerras" uid="24292237">
  <nd ref="2277885191"/>
  <nd ref="2277885172"/>
  <tag k="highway" v="service"/>
  <tag k="source" v="bing_imagery"/>
  <tag k="surface" v="asphalt"/>
 </way>
 <way id="562681249" visible="true" version="3" changeset="173109431" timestamp="2025-10-10T19:02:51Z" user="shinterro" uid="8562391">
  <nd ref="5424144260"/>
  <nd ref="9650227828"/>
  <nd ref="5424144259"/>
  <nd ref="5424144257"/>
  <nd ref="9886180292"/>
  <nd ref="5424144255"/>
  <nd ref="5424144253"/>
  <nd ref="9886180291"/>
  <nd ref="9886180290"/>
  <nd ref="5424144252"/>
  <nd ref="9886180297"/>
  <nd ref="9886180298"/>
  <nd ref="9659697693"/>
  <nd ref="9659697692"/>
  <nd ref="5424144251"/>
  <tag k="access" v="permissive"/>
  <tag k="highway" v="service"/>
  <tag k="service" v="alley"/>
 </way>
 <way id="562681253" visible="true" version="4" changeset="185609250" timestamp="2026-07-12T21:49:02Z" user="Cerras" uid="24292237">
  <nd ref="5424144259"/>
  <nd ref="13207391039"/>
  <nd ref="13207391037"/>
  <nd ref="13207391036"/>
  <nd ref="5424144250"/>
  <nd ref="6005931660"/>
  <nd ref="5424144258"/>
  <tag k="highway" v="service"/>
  <tag k="service" v="parking_aisle"/>
  <tag k="surface" v="asphalt"/>
 </way>
 <way id="562681259" visible="true" version="3" changeset="123584594" timestamp="2022-07-14T00:08:02Z" user="jleathe" uid="7523014">
  <nd ref="5424144255"/>
  <nd ref="5424144254"/>
  <tag k="highway" v="service"/>
  <tag k="service" v="parking_aisle"/>
 </way>
 <way id="562681264" visible="true" version="2" changeset="63773552" timestamp="2018-10-22T21:20:43Z" user="afonit" uid="3327134">
  <nd ref="69589532"/>
  <nd ref="6005931642"/>
  <nd ref="2277885158"/>
  <tag k="highway" v="service"/>
  <tag k="oneway" v="yes"/>
  <tag k="source" v="bing_imagery"/>
 </way>
 <way id="562681266" visible="true" version="2" changeset="63773552" timestamp="2018-10-22T21:20:43Z" user="afonit" uid="3327134">
  <nd ref="2277885159"/>
  <nd ref="6005931643"/>
  <nd ref="2277885182"/>
  <tag k="highway" v="service"/>
  <tag k="oneway" v="yes"/>
  <tag k="source" v="bing_imagery"/>
 </way>
 <way id="636977364" visible="true" version="4" changeset="185609152" timestamp="2026-07-12T19:14:57Z" user="Cerras" uid="24292237">
  <nd ref="9537493889"/>
  <nd ref="69227188"/>
  <nd ref="9537493890"/>
  <tag k="crossing" v="marked"/>
  <tag k="footway" v="crossing"/>
  <tag k="highway" v="footway"/>
  <tag k="surface" v="asphalt"/>
 </way>
 <way id="637811762" visible="true" version="6" changeset="125556112" timestamp="2022-08-30T08:23:30Z" user="DividedFrame" uid="10161512">
  <nd ref="6012323220"/>
  <nd ref="9987791902"/>
  <nd ref="6012323221"/>
  <nd ref="9543424407"/>
  <nd ref="6012323222"/>
  <nd ref="6837291947"/>
  <nd ref="9543446920"/>
  <tag k="footway" v="sidewalk"/>
  <tag k="highway" v="footway"/>
 </way>
 <way id="644037336" visible="true" version="6" changeset="177165397" timestamp="2026-01-13T06:51:53Z" user="Lumikeiju" uid="20996589">
  <nd ref="6012326800"/>
  <nd ref="69655580"/>
  <nd ref="11018305057"/>
  <nd ref="6012323217"/>
  <nd ref="11018294021"/>
  <nd ref="69614561"/>
  <tag k="highway" v="residential"/>
  <tag k="lit" v="yes"/>
  <tag k="maxspeed" v="25 mph"/>
  <tag k="name" v="Myrtle Street Northeast"/>
  <tag k="sidewalk:both" v="separate"/>
  <tag k="surface" v="asphalt"/>
  <tag k="tiger:cfcc" v="A41"/>
  <tag k="tiger:county" v="Fulton, GA"/>
  <tag k="tiger:name_base" v="Myrtle"/>
  <tag k="tiger:name_direction_suffix" v="NE"/>
  <tag k="tiger:name_type" v="St"/>
  <tag k="tiger:reviewed" v="no"/>
  <tag k="tiger:zip_left" v="30309"/>
  <tag k="tiger:zip_right" v="30309"/>
 </way>
 <way id="741964056" visible="true" version="11" changeset="185616381" timestamp="2026-07-12T21:45:15Z" user="Cerras" uid="24292237">
  <nd ref="12926353106"/>
  <nd ref="9543446984"/>
  <nd ref="12926353105"/>
  <nd ref="9543424389"/>
  <nd ref="2396740007"/>
  <nd ref="2396740006"/>
  <nd ref="6003256649"/>
  <nd ref="6003256650"/>
  <nd ref="6003256651"/>
  <nd ref="6945805266"/>
  <nd ref="2396740003"/>
  <nd ref="1927417783"/>
  <nd ref="6003256653"/>
  <nd ref="6003256654"/>
  <nd ref="6003256655"/>
  <nd ref="6003256656"/>
  <nd ref="6003256657"/>
  <nd ref="9543424405"/>
  <nd ref="6003256658"/>
  <nd ref="11018314443"/>
  <nd ref="11018294017"/>
  <tag k="bicycle" v="designated"/>
  <tag k="highway" v="cycleway"/>
  <tag k="sidewalk:right" v="separate"/>
  <tag k="source:width" v="ARCore"/>
  <tag k="surface" v="asphalt"/>
  <tag k="width" v="6'8&quot;"/>
 </way>
 <way id="773904459" visible="true" version="3" changeset="173109431" timestamp="2025-10-10T19:02:51Z" user="shinterro" uid="8562391">
  <nd ref="13207391093"/>
  <nd ref="13207391074"/>
  <nd ref="13207391078"/>
  <nd ref="7223816745"/>
  <nd ref="7223816744"/>
  <nd ref="7223816747"/>
  <nd ref="13207391068"/>
  <tag k="highway" v="service"/>
  <tag k="oneway" v="yes"/>
  <tag k="service" v="driveway"/>
  <tag k="surface" v="concrete"/>
 </way>
 <way id="805300614" visible="true" version="1" changeset="85372230" timestamp="2020-05-18T09:10:47Z" user="daggarw" uid="10127762">
  <nd ref="69279751"/>
  <nd ref="6012323219"/>
  <nd ref="69279748"/>
  <nd ref="6012326795"/>
  <nd ref="69279745"/>
  <tag k="bicycle" v="designated"/>
  <tag k="highway" v="residential"/>
  <tag k="maxspeed" v="25 mph"/>
  <tag k="name" v="Argonne Avenue Northeast"/>
  <tag k="oneway" v="yes"/>
  <tag k="tiger:cfcc" v="A41"/>
  <tag k="tiger:county" v="Fulton, GA"/>
  <tag k="tiger:name_base" v="Argonne"/>
  <tag k="tiger:name_direction_suffix" v="NE"/>
  <tag k="tiger:name_type" v="Ave"/>
  <tag k="tiger:reviewed" v="no"/>
  <tag k="tiger:zip_left" v="30309"/>
  <tag k="tiger:zip_right" v="30309"/>
 </way>
 <way id="886024366" visible="true" version="2" changeset="173109431" timestamp="2025-10-10T19:02:51Z" user="shinterro" uid="8562391">
  <nd ref="8238657578"/>
  <nd ref="8238657593"/>
  <nd ref="13207391121"/>
  <nd ref="2277875830"/>
  <nd ref="13207391122"/>
  <nd ref="13207391123"/>
  <nd ref="2749706207"/>
  <nd ref="2277875844"/>
  <nd ref="2277875859"/>
  <nd ref="2277875810"/>
  <nd ref="8238657578"/>
  <tag k="building" v="apartments"/>
  <tag k="building:levels" v="4"/>
  <tag k="building:material" v="brick"/>
  <tag k="source" v="bing_imagery"/>
 </way>
 <way id="886024367" visible="true" version="2" changeset="173028485" timestamp="2025-10-09T02:05:53Z" user="shinterro" uid="8562391">
  <nd ref="5199956493"/>
  <nd ref="5199956494"/>
  <nd ref="13204047848"/>
  <nd ref="5199955801"/>
  <nd ref="13204047859"/>
  <nd ref="13204047860"/>
  <nd ref="13204047861"/>
  <nd ref="13204047862"/>
  <nd ref="13204047863"/>
  <nd ref="13203924479"/>
  <nd ref="13204047866"/>
  <nd ref="8238657577"/>
  <nd ref="5199956493"/>
  <tag k="amenity" v="parking"/>
  <tag k="building:levels" v="5"/>
  <tag k="building:part" v="parking"/>
 </way>
 <way id="923220375" visible="true" version="5" changeset="174224770" timestamp="2025-11-05T06:24:01Z" user="sarya_Lyft" uid="18784339">
  <nd ref="6003256663"/>
  <nd ref="13203924442"/>
  <nd ref="2277885191"/>
  <nd ref="6003256664"/>
  <nd ref="6003256665"/>
  <nd ref="13282504354"/>
  <nd ref="6003256666"/>
  <nd ref="9650227829"/>
  <nd ref="4165941979"/>
  <tag k="footway" v="sidewalk"/>
  <tag k="highway" v="footway"/>
 </way>
 <way id="931095546" visible="true" version="6" changeset="185609152" timestamp="2026-07-12T21:46:05Z" user="Cerras" uid="24292237">
  <nd ref="6012323213"/>
  <nd ref="9543424414"/>
  <nd ref="6012323214"/>
  <tag k="bicycle" v="yes"/>
  <tag k="crossing" v="marked"/>
  <tag k="crossing:markings" v="yes"/>
  <tag k="footway" v="crossing"/>
  <tag k="highway" v="footway"/>
  <tag k="surface" v="concrete"/>
 </way>
 <way id="931095547" visible="true" version="3" changeset="157625528" timestamp="2024-10-08T12:58:28Z" user="VLD275" uid="17310249">
  <nd ref="6012323216"/>
  <nd ref="9543424416"/>
  <nd ref="6012323217"/>
  <nd ref="9543424413"/>
  <nd ref="6012323213"/>
  <tag k="crossing" v="marked"/>
  <tag k="crossing:markings" v="yes"/>
  <tag k="footway" v="crossing"/>
  <tag k="highway" v="footway"/>
 </way>
 <way id="1035389483" visible="true" version="1" changeset="117886530" timestamp="2022-02-26T17:24:50Z" user="demory" uid="186210">
  <nd ref="9537493885"/>
  <nd ref="9537493886"/>
  <nd ref="9537493887"/>
  <tag k="highway" v="service"/>
  <tag k="service" v="driveway"/>
 </way>
 <way id="1035389484" visible="true" version="2" changeset="119599179" timestamp="2022-04-12T00:19:38Z" user="David Andron" uid="10594286">
  <nd ref="6003256663"/>
  <nd ref="2277886306"/>
  <nd ref="6005931664"/>
  <nd ref="6005931665"/>
  <nd ref="9537493865"/>
  <nd ref="9537493864"/>
  <nd ref="6005931666"/>
  <nd ref="9537493886"/>
  <nd ref="9537493862"/>
  <nd ref="9537493866"/>
  <nd ref="9537493863"/>
  <nd ref="9659697639"/>
  <nd ref="6005931667"/>
  <tag k="footway" v="sidewalk"/>
  <tag k="highway" v="footway"/>
  <tag k="surface" v="concrete"/>
 </way>
 <way id="1035389485" visible="true" version="2" changeset="173028485" timestamp="2025-10-09T02:05:53Z" user="shinterro" uid="8562391">
  <nd ref="6005931667"/>
  <nd ref="6005931668"/>
  <nd ref="9537493888"/>
  <tag k="crossing" v="marked"/>
  <tag k="footway" v="crossing"/>
  <tag k="highway" v="footway"/>
  <tag k="surface" v="concrete"/>
 </way>
 <way id="1035389486" visible="true" version="5" changeset="173109431" timestamp="2025-10-10T19:02:51Z" user="shinterro" uid="8562391">
  <nd ref="9543446922"/>
  <nd ref="9543424395"/>
  <nd ref="9543424394"/>
  <nd ref="9543424393"/>
  <nd ref="9543424392"/>
  <nd ref="9543424386"/>
  <nd ref="9543424385"/>
  <nd ref="13207391089"/>
  <nd ref="7223816747"/>
  <nd ref="13207391082"/>
  <nd ref="13207391115"/>
  <nd ref="6003256661"/>
  <nd ref="13203924439"/>
  <nd ref="6005931645"/>
  <nd ref="13203924438"/>
  <nd ref="13203924437"/>
  <nd ref="6005931646"/>
  <nd ref="9537497944"/>
  <nd ref="9537497933"/>
  <tag k="footway" v="sidewalk"/>
  <tag k="highway" v="footway"/>
  <tag k="surface" v="concrete"/>
 </way>
 <way id="1035389487" visible="true" version="4" changeset="173028485" timestamp="2025-10-09T02:05:53Z" user="shinterro" uid="8562391">
  <nd ref="6005931660"/>
  <nd ref="13203924441"/>
  <nd ref="13203924440"/>
  <nd ref="9537493897"/>
  <nd ref="11018189843"/>
  <nd ref="9537493896"/>
  <tag k="footway" v="sidewalk"/>
  <tag k="highway" v="footway"/>
  <tag k="surface" v="concrete"/>
 </way>
 <way id="1035389489" visible="true" version="4" changeset="185609152" timestamp="2026-07-12T21:48:18Z" user="Cerras" uid="24292237">
  <nd ref="9537493894"/>
  <nd ref="6003256662"/>
  <nd ref="9537493895"/>
  <tag k="crossing" v="traffic_signals"/>
  <tag k="footway" v="crossing"/>
  <tag k="highway" v="footway"/>
  <tag k="surface" v="asphalt"/>
  <tag k="surface:colour" v="rainbow"/>
 </way>
 <way id="1035389490" visible="true" version="4" changeset="185609152" timestamp="2026-07-12T21:47:43Z" user="Cerras" uid="24292237">
  <nd ref="9537493903"/>
  <nd ref="6005931644"/>
  <nd ref="9537493893"/>
  <tag k="crossing" v="traffic_signals"/>
  <tag k="footway" v="crossing"/>
  <tag k="highway" v="footway"/>
  <tag k="surface" v="asphalt"/>
  <tag k="surface:colour" v="rainbow"/>
 </way>
 <way id="1035389492" visible="true" version="3" changeset="173028485" timestamp="2025-10-09T02:05:53Z" user="shinterro" uid="8562391">
  <nd ref="9537493898"/>
  <nd ref="6005931662"/>
  <nd ref="9537493899"/>
  <tag k="crossing" v="traffic_signals"/>
  <tag k="footway" v="crossing"/>
  <tag k="highway" v="footway"/>
  <tag k="surface" v="concrete"/>
  <tag k="surface:colour" v="rainbow"/>
 </way>
 <way id="1035389493" visible="true" version="4" changeset="185609152" timestamp="2026-07-12T19:11:40Z" user="Cerras" uid="24292237">
  <nd ref="9537493901"/>
  <nd ref="9537493900"/>
  <nd ref="9537493902"/>
  <tag k="crossing" v="traffic_signals"/>
  <tag k="crossing:markings" v="r"/>
  <tag k="footway" v="crossing"/>
  <tag k="highway" v="footway"/>
  <tag k="surface" v="asphalt"/>
  <tag k="surface:colour" v="rainbow"/>
 </way>
 <way id="1035389500" visible="true" version="3" changeset="176514652" timestamp="2025-12-28T06:43:15Z" user="adelriosantiago" uid="12908516">
  <nd ref="9537497932"/>
  <nd ref="9537493869"/>
  <nd ref="6005931648"/>
  <nd ref="9537493868"/>
  <nd ref="9537493867"/>
  <nd ref="13230601409"/>
  <nd ref="6005931649"/>
  <nd ref="9537493904"/>
  <tag k="footway" v="sidewalk"/>
  <tag k="highway" v="footway"/>
  <tag k="surface" v="concrete"/>
 </way>
 <way id="1035389501" visible="true" version="2" changeset="185609152" timestamp="2026-07-12T19:14:35Z" user="Cerras" uid="24292237">
  <nd ref="9537497933"/>
  <nd ref="9537497934"/>
  <nd ref="6005931647"/>
  <nd ref="9537497931"/>
  <nd ref="9537497932"/>
  <tag k="crossing" v="marked"/>
  <tag k="footway" v="crossing"/>
  <tag k="highway" v="footway"/>
  <tag k="surface" v="asphalt"/>
 </way>
 <way id="1035389502" visible="true" version="1" changeset="117886530" timestamp="2022-02-26T17:24:50Z" user="demory" uid="186210">
  <nd ref="9537497932"/>
  <nd ref="9537497935"/>
  <nd ref="9537497936"/>
  <nd ref="9537497955"/>
  <nd ref="9537497950"/>
  <nd ref="9537497937"/>
  <nd ref="9537497938"/>
  <nd ref="69227200"/>
  <nd ref="9537497939"/>
  <nd ref="9537497940"/>
  <nd ref="9537497941"/>
  <nd ref="9537497942"/>
  <tag k="footway" v="sidewalk"/>
  <tag k="highway" v="footway"/>
 </way>
 <way id="1035389503" visible="true" version="1" changeset="117886530" timestamp="2022-02-26T17:24:50Z" user="demory" uid="186210">
  <nd ref="9537497942"/>
  <nd ref="9537497943"/>
  <tag k="access" v="private"/>
  <tag k="highway" v="steps"/>
 </way>
 <way id="1035389504" visible="true" version="1" changeset="117886530" timestamp="2022-02-26T17:24:50Z" user="demory" uid="186210">
  <nd ref="9537497944"/>
  <nd ref="9537497945"/>
  <tag k="access" v="private"/>
  <tag k="highway" v="steps"/>
 </way>
 <way id="1035389505" visible="true" version="1" changeset="117886530" timestamp="2022-02-26T17:24:50Z" user="demory" uid="186210">
  <nd ref="9537497943"/>
  <nd ref="9537497946"/>
  <nd ref="9537497947"/>
  <nd ref="9537497948"/>
  <tag k="access" v="private"/>
  <tag k="highway" v="footway"/>
 </way>
 <way id="1035389506" visible="true" version="1" changeset="117886530" timestamp="2022-02-26T17:24:50Z" user="demory" uid="186210">
  <nd ref="9537497945"/>
  <nd ref="9537497946"/>
  <tag k="access" v="private"/>
  <tag k="highway" v="footway"/>
 </way>
 <way id="1035389507" visible="true" version="1" changeset="117886530" timestamp="2022-02-26T17:24:50Z" user="demory" uid="186210">
  <nd ref="9537497949"/>
  <nd ref="9537497950"/>
  <nd ref="9537497951"/>
  <tag k="highway" v="service"/>
  <tag k="service" v="driveway"/>
 </way>
 <way id="1035389508" visible="true" version="1" changeset="117886530" timestamp="2022-02-26T17:24:50Z" user="demory" uid="186210">
  <nd ref="9537497952"/>
  <nd ref="9537497936"/>
  <nd ref="9537497953"/>
  <tag k="highway" v="service"/>
  <tag k="service" v="driveway"/>
 </way>
 <way id="1035389509" visible="true" version="1" changeset="117886530" timestamp="2022-02-26T17:24:50Z" user="demory" uid="186210">
  <nd ref="9537497954"/>
  <nd ref="9537497955"/>
  <nd ref="9537497956"/>
  <tag k="highway" v="service"/>
  <tag k="service" v="driveway"/>
 </way>
 <way id="1035815115" visible="true" version="3" changeset="185609152" timestamp="2026-07-12T21:42:14Z" user="Cerras" uid="24292237">
  <nd ref="9543424403"/>
  <nd ref="9543424410"/>
  <nd ref="9543424404"/>
  <nd ref="9543424405"/>
  <nd ref="9543424409"/>
  <nd ref="9543424392"/>
  <tag k="crossing" v="marked"/>
  <tag k="crossing:markings" v="yes"/>
  <tag k="footway" v="crossing"/>
  <tag k="highway" v="footway"/>
  <tag k="surface" v="asphalt"/>
 </way>
 <way id="1035815118" visible="true" version="2" changeset="185609152" timestamp="2026-07-12T21:42:58Z" user="Cerras" uid="24292237">
  <nd ref="6012323213"/>
  <nd ref="6012323218"/>
  <nd ref="9543424403"/>
  <nd ref="9543424411"/>
  <tag k="footway" v="sidewalk"/>
  <tag k="highway" v="footway"/>
  <tag k="surface" v="concrete"/>
 </way>
 <way id="1035815119" visible="true" version="3" changeset="185609152" timestamp="2026-07-12T21:42:36Z" user="Cerras" uid="24292237">
  <nd ref="9543424411"/>
  <nd ref="6012323219"/>
  <nd ref="6012323220"/>
  <tag k="crossing" v="marked"/>
  <tag k="crossing:markings" v="yes"/>
  <tag k="footway" v="crossing"/>
  <tag k="highway" v="footway"/>
  <tag k="surface" v="asphalt"/>
 </way>
 <way id="1035815120" visible="true" version="2" changeset="125636024" timestamp="2022-09-01T04:46:23Z" user="DividedFrame" uid="10161512">
  <nd ref="6012323216"/>
  <nd ref="9543446917"/>
  <nd ref="9991905554"/>
  <nd ref="9537493891"/>
  <tag k="footway" v="sidewalk"/>
  <tag k="highway" v="footway"/>
 </way>
 <way id="1050091590" visible="true" version="4" changeset="185609152" timestamp="2026-07-12T21:49:26Z" user="Cerras" uid="24292237">
  <nd ref="4165941981"/>
  <nd ref="9659697673"/>
  <nd ref="9650227827"/>
  <nd ref="12909445913"/>
  <nd ref="2508783157"/>
  <nd ref="9650227828"/>
  <nd ref="9537493896"/>
  <tag k="footway" v="sidewalk"/>
  <tag k="highway" v="footway"/>
  <tag k="surface" v="concrete"/>
 </way>
 <way id="1051166437" visible="true" version="2" changeset="173028485" timestamp="2025-10-09T02:05:53Z" user="shinterro" uid="8562391">
  <nd ref="9659697639"/>
  <nd ref="9659697640"/>
  <nd ref="9659697641"/>
  <nd ref="13204047854"/>
  <nd ref="9659697642"/>
  <nd ref="9659697643"/>
  <nd ref="9659697644"/>
  <nd ref="9659697645"/>
  <nd ref="9659697649"/>
  <nd ref="9659697646"/>
  <nd ref="9659697647"/>
  <nd ref="9659697648"/>
  <nd ref="4165941958"/>
  <tag k="footway" v="sidewalk"/>
  <tag k="highway" v="footway"/>
 </way>
 <way id="1051166442" visible="true" version="3" changeset="173109431" timestamp="2025-10-10T19:02:51Z" user="shinterro" uid="8562391">
  <nd ref="9659697685"/>
  <nd ref="9659697695"/>
  <nd ref="9659697694"/>
  <nd ref="9659697691"/>
  <nd ref="9659697693"/>
  <nd ref="13207391016"/>
  <nd ref="13207391022"/>
  <nd ref="13204047837"/>
  <nd ref="6005931660"/>
  <tag k="footway" v="sidewalk"/>
  <tag k="highway" v="footway"/>
 </way>
 <way id="1078346902" visible="true" version="5" changeset="174389334" timestamp="2025-11-08T18:30:22Z" user="confusedbuffalo" uid="242345">
  <nd ref="9886180276"/>
  <nd ref="9886180303"/>
  <nd ref="9886180310"/>
  <nd ref="9886180280"/>
  <nd ref="9886180273"/>
  <nd ref="9886180277"/>
  <nd ref="9886180311"/>
  <nd ref="9886180278"/>
  <nd ref="9886180309"/>
  <nd ref="9886180308"/>
  <nd ref="9886180307"/>
  <nd ref="9886180306"/>
  <nd ref="9886180305"/>
  <nd ref="9886180276"/>
  <tag k="addr:city" v="Atlanta"/>
  <tag k="addr:housenumber" v="187"/>
  <tag k="addr:postcode" v="30309"/>
  <tag k="addr:state" v="GA"/>
  <tag k="addr:street" v="10th Street Northeast"/>
  <tag k="amenity" v="restaurant"/>
  <tag k="building" v="yes"/>
  <tag k="building:levels" v="1"/>
  <tag k="check_date" v="2025-10-06"/>
  <tag k="cuisine" v="mexican"/>
  <tag k="name" v="Zocalo"/>
  <tag k="opening_hours" v="Mo-Th 11:00-22:00; Fr-Sa 11:00-23:00; Su 11:00-21:00"/>
  <tag k="outdoor_seating" v="veranda"/>
  <tag k="payment:cash" v="yes"/>
  <tag k="payment:credit_cards" v="yes"/>
  <tag k="payment:debit_cards" v="yes"/>
  <tag k="phone" v="+1-404-249-7576"/>
  <tag k="website" v="https://www.eatzocalo.com/"/>
  <tag k="wheelchair" v="yes"/>
 </way>
 <way id="1078346903" visible="true" version="3" changeset="173109431" timestamp="2025-10-10T19:02:51Z" user="shinterro" uid="8562391">
  <nd ref="9886180272"/>
  <nd ref="9886180283"/>
  <nd ref="9886180274"/>
  <nd ref="9886180275"/>
  <nd ref="9886180270"/>
  <nd ref="9886180271"/>
  <nd ref="9886180273"/>
  <nd ref="9886180272"/>
  <tag k="addr:floor" v="G;1"/>
  <tag k="addr:housenumber" v="990"/>
  <tag k="addr:street" v="Piedmont Avenue Northeast"/>
  <tag k="amenity" v="restaurant"/>
  <tag k="branch" v="Midtown"/>
  <tag k="building:part" v="yes"/>
  <tag k="check_date" v="2025-10-06"/>
  <tag k="cuisine" v="chicken"/>
  <tag k="email" v="info@nellieschicken.com"/>
  <tag k="level" v="0;1"/>
  <tag k="name" v="Nellie B's"/>
  <tag k="opening_hours" v="Mo off; Tu off; We off; Th 00:00-03:00; Fr-Sa 21:00-03:00; Su 18:00-24:00"/>
  <tag k="operator" v="X Atlanta"/>
  <tag k="payment:cash" v="yes"/>
  <tag k="payment:credit_cards" v="yes"/>
  <tag k="payment:debit_cards" v="yes"/>
  <tag k="website" v="https://nellieschicken.com/"/>
  <tag k="wheelchair" v="yes"/>
 </way>
 <way id="1078346904" visible="true" version="4" changeset="173109431" timestamp="2025-10-10T19:02:51Z" user="shinterro" uid="8562391">
  <nd ref="9886180274"/>
  <nd ref="9886424653"/>
  <nd ref="9886180284"/>
  <nd ref="9886180282"/>
  <nd ref="9886180281"/>
  <nd ref="2430549039"/>
  <nd ref="9886180289"/>
  <nd ref="2430549057"/>
  <nd ref="9886180279"/>
  <nd ref="9886180269"/>
  <nd ref="9886180275"/>
  <nd ref="9886180274"/>
  <tag k="addr:floor" v="G;1"/>
  <tag k="addr:housenumber" v="990"/>
  <tag k="addr:street" v="Piedmont Avenue Northeast"/>
  <tag k="amenity" v="nightclub"/>
  <tag k="building:part" v="yes"/>
  <tag k="check_date" v="2025-10-06"/>
  <tag k="email" v="nelsonatlanta@aol.com"/>
  <tag k="level" v="0;1"/>
  <tag k="name" v="X Midtown"/>
  <tag k="opening_hours" v="Mo off; Tu 22:00-03:00; We off; Th-Fr 20:00-03:00; Sa 17:00-03:00; Su 12:00-24:00"/>
  <tag k="outdoor_seating" v="patio"/>
  <tag k="payment:cash" v="yes"/>
  <tag k="payment:credit_cards" v="yes"/>
  <tag k="payment:debit_cards" v="yes"/>
  <tag k="website" v="https://xmidtown.com"/>
 </way>
 <way id="1078346905" visible="true" version="2" changeset="123588691" timestamp="2022-07-14T04:49:13Z" user="jleathe" uid="7523014">
  <nd ref="9886424629"/>
  <nd ref="9886424628"/>
  <nd ref="9886424630"/>
  <nd ref="9886424631"/>
  <nd ref="9886424632"/>
  <nd ref="9886424633"/>
  <nd ref="9886424634"/>
  <nd ref="9886424629"/>
  <tag k="access" v="customers"/>
  <tag k="area" v="yes"/>
  <tag k="leisure" v="outdoor_seating"/>
  <tag k="weather_protection" v="trees"/>
 </way>
 <way id="1078346906" visible="true" version="4" changeset="173109431" timestamp="2025-10-10T19:02:51Z" user="shinterro" uid="8562391">
  <nd ref="2430549000"/>
  <nd ref="2430548998"/>
  <nd ref="5424144257"/>
  <nd ref="9886180292"/>
  <nd ref="9886180293"/>
  <nd ref="2430549034"/>
  <nd ref="13207391034"/>
  <nd ref="13207391035"/>
  <nd ref="2430548995"/>
  <nd ref="9886180294"/>
  <nd ref="2430549060"/>
  <nd ref="2430549068"/>
  <nd ref="9886180297"/>
  <nd ref="9886180298"/>
  <nd ref="9886180299"/>
  <nd ref="9886180300"/>
  <nd ref="9886180301"/>
  <nd ref="9886180302"/>
  <nd ref="2430549000"/>
  <tag k="access" v="yes"/>
  <tag k="amenity" v="parking"/>
  <tag k="fee" v="no"/>
  <tag k="parking" v="surface"/>
  <tag k="source" v="aerial imagery;streetlevel imagery"/>
 </way>
 <way id="1078346907" visible="true" version="2" changeset="173109431" timestamp="2025-10-10T19:02:51Z" user="shinterro" uid="8562391">
  <nd ref="9886180303"/>
  <nd ref="9886180276"/>
  <nd ref="9886180305"/>
  <nd ref="9886180306"/>
  <nd ref="9886180307"/>
  <nd ref="9886180308"/>
  <nd ref="9886180309"/>
  <nd ref="9886180278"/>
  <nd ref="13207391040"/>
  <nd ref="9886180303"/>
  <tag k="access" v="customers"/>
  <tag k="building:part" v="roof"/>
  <tag k="leisure" v="outdoor_seating"/>
  <tag k="weather_protection" v="roof"/>
 </way>
 <way id="1078346908" visible="true" version="3" changeset="173028485" timestamp="2025-10-09T02:05:53Z" user="shinterro" uid="8562391">
  <nd ref="9886180314"/>
  <nd ref="9886180315"/>
  <nd ref="9886424626"/>
  <nd ref="13204047836"/>
  <nd ref="9886424627"/>
  <nd ref="9886180316"/>
  <nd ref="9886192317"/>
  <nd ref="2430549008"/>
  <nd ref="9886192318"/>
  <nd ref="9886180314"/>
  <tag k="access" v="customers"/>
  <tag k="leisure" v="outdoor_seating"/>
 </way>
 <way id="1078377177" visible="true" version="1" changeset="123588691" timestamp="2022-07-14T04:49:13Z" user="jleathe" uid="7523014">
  <nd ref="9886180314"/>
  <nd ref="9886180315"/>
  <nd ref="9886424626"/>
  <tag k="barrier" v="wall"/>
  <tag k="height" v="0.3"/>
  <tag k="material" v="brick"/>
 </way>
 <way id="1078377178" visible="true" version="1" changeset="123588691" timestamp="2022-07-14T04:49:13Z" user="jleathe" uid="7523014">
  <nd ref="9886424627"/>
  <nd ref="9886180316"/>
  <nd ref="9886192317"/>
  <nd ref="2430549008"/>
  <tag k="barrier" v="wall"/>
  <tag k="height" v="0.3"/>
  <tag k="material" v="brick"/>
 </way>
 <way id="1078377179" visible="true" version="1" changeset="123588691" timestamp="2022-07-14T04:49:13Z" user="jleathe" uid="7523014">
  <nd ref="9886424633"/>
  <nd ref="9886180289"/>
  <tag k="barrier" v="wall"/>
  <tag k="height" v="1.3"/>
  <tag k="material" v="brick"/>
 </way>
 <way id="1078377180" visible="true" version="1" changeset="123588691" timestamp="2022-07-14T04:49:13Z" user="jleathe" uid="7523014">
  <nd ref="9886424628"/>
  <nd ref="2430549039"/>
  <tag k="barrier" v="gate"/>
  <tag k="bicycle" v="no"/>
  <tag k="foot" v="customers"/>
  <tag k="horse" v="no"/>
  <tag k="motor_vehicle" v="no"/>
 </way>
 <way id="1078377181" visible="true" version="1" changeset="123588691" timestamp="2022-07-14T04:49:13Z" user="jleathe" uid="7523014">
  <nd ref="9886424628"/>
  <nd ref="9886424635"/>
  <nd ref="9886424636"/>
  <nd ref="9886424637"/>
  <nd ref="9886424633"/>
  <nd ref="9886424632"/>
  <nd ref="9886424631"/>
  <nd ref="9886424630"/>
  <nd ref="9886424628"/>
  <tag k="area" v="yes"/>
  <tag k="barrier" v="planter"/>
  <tag k="height" v="0.3"/>
  <tag k="man_made" v="planter"/>
  <tag k="material" v="brick"/>
  <tag k="source" v="streetlevel imagery;aerial imagery"/>
 </way>
 <way id="1078377182" visible="true" version="4" changeset="185616544" timestamp="2026-07-12T21:48:59Z" user="Cerras" uid="24292237">
  <nd ref="9886424636"/>
  <nd ref="9886424638"/>
  <nd ref="9886424639"/>
  <nd ref="9886424640"/>
  <nd ref="9886424641"/>
  <nd ref="9886424642"/>
  <nd ref="9886424643"/>
  <nd ref="9886180306"/>
  <nd ref="9886180305"/>
  <nd ref="9886180276"/>
  <nd ref="9886180303"/>
  <nd ref="9886180280"/>
  <nd ref="9886180272"/>
  <nd ref="9886180274"/>
  <nd ref="9886180282"/>
  <nd ref="9886180281"/>
  <nd ref="2430549039"/>
  <nd ref="9886424628"/>
  <nd ref="9886424635"/>
  <nd ref="9886424636"/>
  <tag k="access" v="customers"/>
  <tag k="amenity" v="parking"/>
  <tag k="fee" v="no"/>
  <tag k="parking" v="surface"/>
 </way>
 <way id="1078377183" visible="true" version="1" changeset="123588691" timestamp="2022-07-14T04:49:13Z" user="jleathe" uid="7523014">
  <nd ref="9886424642"/>
  <nd ref="9886424644"/>
  <nd ref="9886424645"/>
  <nd ref="9886424646"/>
  <nd ref="9886424647"/>
  <nd ref="9886424648"/>
  <nd ref="9886424649"/>
  <nd ref="9886424650"/>
  <nd ref="9886424651"/>
  <nd ref="9886424652"/>
  <nd ref="9886424638"/>
  <nd ref="9886424639"/>
  <nd ref="9886424640"/>
  <nd ref="9886424641"/>
  <nd ref="9886424642"/>
  <tag k="area" v="yes"/>
  <tag k="landuse" v="flowerbed"/>
 </way>
 <way id="1090426240" visible="true" version="3" changeset="137999739" timestamp="2023-07-01T17:02:23Z" user="paricdil" uid="11164219">
  <nd ref="9987770708"/>
  <nd ref="9991905555"/>
  <nd ref="9987770709"/>
  <nd ref="9991905549"/>
  <nd ref="9991905550"/>
  <nd ref="9991905551"/>
  <nd ref="9991905552"/>
  <nd ref="9991905553"/>
  <nd ref="9991905554"/>
  <nd ref="11018272833"/>
  <tag k="highway" v="service"/>
  <tag k="service" v="alley"/>
 </way>
 <way id="1090427713" visible="true" version="2" changeset="173109431" timestamp="2025-10-10T19:02:51Z" user="shinterro" uid="8562391">
  <nd ref="9987790524"/>
  <nd ref="9987790525"/>
  <nd ref="9987790526"/>
  <nd ref="9987790527"/>
  <nd ref="9987790524"/>
  <tag k="building" v="apartments"/>
  <tag k="building:levels" v="3"/>
  <tag k="roof:shape" v="flat"/>
 </way>
 <way id="1090914937" visible="true" version="2" changeset="140449249" timestamp="2023-08-27T12:46:52Z" user="Catadmirer" uid="20107238">
  <nd ref="9992096975"/>
  <nd ref="9992096976"/>
  <nd ref="9992096977"/>
  <tag k="footway" v="sidewalk"/>
  <tag k="highway" v="footway"/>
  <tag k="surface" v="concrete"/>
 </way>
 <way id="1098690521" visible="true" version="2" changeset="173028485" timestamp="2025-10-09T02:05:53Z" user="shinterro" uid="8562391">
  <nd ref="10059744801"/>
  <nd ref="10059744802"/>
  <nd ref="10059744803"/>
  <nd ref="10059744804"/>
  <nd ref="10059744805"/>
  <nd ref="13204047803"/>
  <nd ref="2749708483"/>
  <nd ref="2749708472"/>
  <nd ref="2430543214"/>
  <nd ref="10059744806"/>
  <nd ref="10059744807"/>
  <nd ref="2430543171"/>
  <nd ref="10059744808"/>
  <nd ref="10059744809"/>
  <nd ref="10059744810"/>
  <nd ref="10059744811"/>
  <nd ref="10059744812"/>
  <nd ref="10059744801"/>
  <tag k="addr:city" v="Atlanta"/>
  <tag k="addr:housenumber" v="1023"/>
  <tag k="addr:postcode" v="30309"/>
  <tag k="addr:street" v="Juniper Street Northeast"/>
  <tag k="landuse" v="residential"/>
  <tag k="name" v="Tuscany Condominiums"/>
  <tag k="residential" v="apartments"/>
 </way>
 <way id="1117890737" visible="true" version="3" changeset="177165397" timestamp="2026-01-13T06:51:53Z" user="Lumikeiju" uid="20996589">
  <nd ref="69614561"/>
  <nd ref="13207391091"/>
  <nd ref="6012323214"/>
  <tag k="highway" v="secondary"/>
  <tag k="highway_1" v="cycleway"/>
  <tag k="lanes" v="4"/>
  <tag k="maxspeed" v="30 mph"/>
  <tag k="name" v="10th Street Northeast"/>
  <tag k="oneway" v="no"/>
  <tag k="sidewalk:both" v="separate"/>
  <tag k="source:maxspeed" v="sign"/>
  <tag k="surface" v="asphalt"/>
 </way>
 <way id="1186266067" visible="true" version="5" changeset="185609645" timestamp="2026-07-12T21:40:43Z" user="Cerras" uid="24292237">
  <nd ref="69227200"/>
  <nd ref="11018282492"/>
  <nd ref="11018282493"/>
  <nd ref="11018282494"/>
  <nd ref="11018282495"/>
  <nd ref="11018282496"/>
  <nd ref="11018282497"/>
  <tag k="handrail" v="no"/>
  <tag k="highway" v="steps"/>
  <tag k="incline" v="down"/>
  <tag k="step_count" v="13"/>
  <tag k="surface" v="rock"/>
 </way>
 <way id="1186268825" visible="true" version="4" changeset="185609152" timestamp="2026-07-12T19:11:47Z" user="Cerras" uid="24292237">
  <nd ref="11018212800"/>
  <nd ref="69589540"/>
  <nd ref="11018212801"/>
  <tag k="crossing" v="traffic_signals"/>
  <tag k="crossing:island" v="no"/>
  <tag k="crossing:markings" v="lines"/>
  <tag k="footway" v="crossing"/>
  <tag k="highway" v="footway"/>
  <tag k="surface" v="asphalt"/>
  <tag k="tactile_paving" v="no"/>
 </way>
 <way id="1186268826" visible="true" version="3" changeset="185609152" timestamp="2026-07-12T19:11:44Z" user="Cerras" uid="24292237">
  <nd ref="11018189845"/>
  <nd ref="69589540"/>
  <nd ref="11018189844"/>
  <tag k="crossing" v="traffic_signals"/>
  <tag k="crossing:island" v="no"/>
  <tag k="crossing:markings" v="lines"/>
  <tag k="footway" v="crossing"/>
  <tag k="highway" v="footway"/>
  <tag k="surface" v="asphalt"/>
  <tag k="tactile_paving" v="no"/>
 </way>
 <way id="1186278549" visible="true" version="3" changeset="185609152" timestamp="2026-07-12T21:45:58Z" user="Cerras" uid="24292237">
  <nd ref="6012323214"/>
  <nd ref="11018294017"/>
  <tag k="bicycle" v="yes"/>
  <tag k="crossing" v="marked"/>
  <tag k="crossing:markings" v="yes"/>
  <tag k="footway" v="crossing"/>
  <tag k="highway" v="footway"/>
  <tag k="surface" v="asphalt"/>
 </way>
 <way id="1186278550" visible="true" version="4" changeset="157625528" timestamp="2024-10-08T12:58:28Z" user="VLD275" uid="17310249">
  <nd ref="11018294018"/>
  <nd ref="11018294019"/>
  <nd ref="11018294021"/>
  <nd ref="6012323213"/>
  <tag k="crossing" v="uncontrolled"/>
  <tag k="crossing:island" v="no"/>
  <tag k="crossing:markings" v="yes"/>
  <tag k="crossing:signals" v="no"/>
  <tag k="cycleway" v="crossing"/>
  <tag k="highway" v="cycleway"/>
  <tag k="oneway" v="yes"/>
  <tag k="tactile_paving" v="no"/>
 </way>
 <way id="1186278776" visible="true" version="4" changeset="185609152" timestamp="2026-07-12T21:46:12Z" user="Cerras" uid="24292237">
  <nd ref="11018294017"/>
  <nd ref="13207391090"/>
  <nd ref="11018314445"/>
  <nd ref="13207391081"/>
  <nd ref="11018314444"/>
  <tag k="crossing" v="marked"/>
  <tag k="crossing:markings" v="yes"/>
  <tag k="cycleway" v="crossing"/>
  <tag k="highway" v="cycleway"/>
  <tag k="oneway" v="yes"/>
  <tag k="surface" v="paving_stones"/>
 </way>
 <way id="1186279112" visible="true" version="1" changeset="138000479" timestamp="2023-07-01T17:26:30Z" user="paricdil" uid="11164219">
  <nd ref="11018305057"/>
  <nd ref="11018305058"/>
  <nd ref="6012323213"/>
  <tag k="highway" v="cycleway"/>
  <tag k="oneway" v="yes"/>
 </way>
 <way id="1300601308" visible="true" version="4" changeset="173057405" timestamp="2025-10-09T15:45:44Z" user="shinterro" uid="8562391">
  <nd ref="12046595126"/>
  <nd ref="12046595127"/>
  <nd ref="12046595128"/>
  <nd ref="12046595129"/>
  <nd ref="12046595126"/>
  <tag k="addr:city" v="Atlanta"/>
  <tag k="addr:housenumber" v="180"/>
  <tag k="addr:postcode" v="30309"/>
  <tag k="addr:state" v="GA"/>
  <tag k="addr:street" v="10th Street Northeast"/>
  <tag k="building" v="apartments"/>
  <tag k="building:levels" v="32"/>
  <tag k="name" v="Modera Parkside"/>
  <tag k="operator" v="Mill Creek Residential"/>
  <tag k="operator:wikidata" v="Q113185027"/>
  <tag k="pets_allowed" v="yes"/>
  <tag k="smoking" v="no"/>
  <tag k="website" v="https://www.moderaparksideatl.com/"/>
 </way>
 <way id="1327337972" visible="true" version="2" changeset="185609152" timestamp="2026-07-12T21:45:55Z" user="Cerras" uid="24292237">
  <nd ref="11018294017"/>
  <nd ref="9543424415"/>
  <nd ref="9543424385"/>
  <tag k="bicycle" v="yes"/>
  <tag k="crossing" v="marked"/>
  <tag k="crossing:markings" v="yes"/>
  <tag k="footway" v="crossing"/>
  <tag k="highway" v="footway"/>
  <tag k="surface" v="asphalt"/>
 </way>
 <way id="1327337973" visible="true" version="2" changeset="185609152" timestamp="2026-07-12T21:46:54Z" user="Cerras" uid="24292237">
  <nd ref="11018314444"/>
  <nd ref="11018294018"/>
  <tag k="highway" v="cycleway"/>
  <tag k="surface" v="asphalt"/>
 </way>
 <way id="1335713041" visible="true" version="2" changeset="160440738" timestamp="2024-12-20T16:31:15Z" user="VLD296" uid="22297949">
  <nd ref="6012323216"/>
  <nd ref="6012326801"/>
  <nd ref="6012326802"/>
  <nd ref="6012326803"/>
  <tag k="footway" v="sidewalk"/>
  <tag k="highway" v="footway"/>
 </way>
 <way id="1388934201" visible="true" version="2" changeset="173028485" timestamp="2025-10-09T02:05:53Z" user="shinterro" uid="8562391">
  <nd ref="9987791821"/>
  <nd ref="9987791856"/>
  <nd ref="6005931640"/>
  <nd ref="9992096942"/>
  <nd ref="9991905535"/>
  <nd ref="9987770710"/>
  <nd ref="9991905532"/>
  <nd ref="9987791820"/>
  <nd ref="10069328144"/>
  <nd ref="9987791882"/>
  <nd ref="10069328146"/>
  <nd ref="9987791884"/>
  <nd ref="6005931641"/>
  <nd ref="7203011588"/>
  <nd ref="9992096975"/>
  <nd ref="6005931642"/>
  <nd ref="6005931643"/>
  <nd ref="9537493891"/>
  <tag k="footway" v="sidewalk"/>
  <tag k="highway" v="footway"/>
 </way>
 <way id="1388984807" visible="true" version="1" changeset="166650792" timestamp="2025-05-23T11:21:01Z" user="Mruthula12" uid="21759008">
  <nd ref="6012326799"/>
  <nd ref="6012323212"/>
  <nd ref="6012323213"/>
  <tag k="footway" v="sidewalk"/>
  <tag k="highway" v="footway"/>
 </way>
 <way id="1436592764" visible="true" version="1" changeset="173028485" timestamp="2025-10-09T02:05:53Z" user="shinterro" uid="8562391">
  <nd ref="9537493896"/>
  <nd ref="9537493898"/>
  <tag k="footway" v="sidewalk"/>
  <tag k="highway" v="footway"/>
  <tag k="surface" v="concrete"/>
 </way>
 <way id="1436592765" visible="true" version="1" changeset="173028485" timestamp="2025-10-09T02:05:53Z" user="shinterro" uid="8562391">
  <nd ref="11018189843"/>
  <nd ref="11018189845"/>
  <tag k="footway" v="sidewalk"/>
  <tag k="highway" v="footway"/>
  <tag k="surface" v="concrete"/>
 </way>
 <way id="1436592766" visible="true" version="1" changeset="173028485" timestamp="2025-10-09T02:05:53Z" user="shinterro" uid="8562391">
  <nd ref="9537493897"/>
  <nd ref="9537493901"/>
  <tag k="footway" v="sidewalk"/>
  <tag k="highway" v="footway"/>
  <tag k="surface" v="concrete"/>
 </way>
 <way id="1436592767" visible="true" version="1" changeset="173028485" timestamp="2025-10-09T02:05:53Z" user="shinterro" uid="8562391">
  <nd ref="9537493902"/>
  <nd ref="9537493891"/>
  <tag k="footway" v="sidewalk"/>
  <tag k="highway" v="footway"/>
  <tag k="surface" v="concrete"/>
 </way>
 <way id="1436592768" visible="true" version="1" changeset="173028485" timestamp="2025-10-09T02:05:53Z" user="shinterro" uid="8562391">
  <nd ref="11018212801"/>
  <nd ref="9537493891"/>
  <tag k="footway" v="sidewalk"/>
  <tag k="highway" v="footway"/>
  <tag k="surface" v="concrete"/>
 </way>
 <way id="1436592769" visible="true" version="1" changeset="173028485" timestamp="2025-10-09T02:05:53Z" user="shinterro" uid="8562391">
  <nd ref="9537493891"/>
  <nd ref="9537493903"/>
  <tag k="footway" v="sidewalk"/>
  <tag k="highway" v="footway"/>
  <tag k="surface" v="concrete"/>
 </way>
 <way id="1436592770" visible="true" version="1" changeset="173028485" timestamp="2025-10-09T02:05:53Z" user="shinterro" uid="8562391">
  <nd ref="9537493893"/>
  <nd ref="6005931645"/>
  <tag k="footway" v="sidewalk"/>
  <tag k="highway" v="footway"/>
  <tag k="surface" v="concrete"/>
 </way>
 <way id="1436592771" visible="true" version="1" changeset="173028485" timestamp="2025-10-09T02:05:53Z" user="shinterro" uid="8562391">
  <nd ref="11018189844"/>
  <nd ref="6005931645"/>
  <tag k="footway" v="sidewalk"/>
  <tag k="highway" v="footway"/>
  <tag k="surface" v="concrete"/>
 </way>
 <way id="1436592772" visible="true" version="1" changeset="173028485" timestamp="2025-10-09T02:05:53Z" user="shinterro" uid="8562391">
  <nd ref="6005931645"/>
  <nd ref="9537493894"/>
  <tag k="footway" v="sidewalk"/>
  <tag k="highway" v="footway"/>
  <tag k="surface" v="concrete"/>
 </way>
 <way id="1436592773" visible="true" version="1" changeset="173028485" timestamp="2025-10-09T02:05:53Z" user="shinterro" uid="8562391">
  <nd ref="9537493895"/>
  <nd ref="6003256663"/>
  <tag k="footway" v="sidewalk"/>
  <tag k="highway" v="footway"/>
  <tag k="surface" v="concrete"/>
 </way>
 <way id="1436592774" visible="true" version="1" changeset="173028485" timestamp="2025-10-09T02:05:53Z" user="shinterro" uid="8562391">
  <nd ref="6003256663"/>
  <nd ref="11018212800"/>
  <tag k="footway" v="sidewalk"/>
  <tag k="highway" v="footway"/>
  <tag k="surface" v="concrete"/>
 </way>
 <way id="1436592775" visible="true" version="1" changeset="173028485" timestamp="2025-10-09T02:05:53Z" user="shinterro" uid="8562391">
  <nd ref="9537493899"/>
  <nd ref="6003256663"/>
  <tag k="footway" v="sidewalk"/>
  <tag k="highway" v="footway"/>
  <tag k="surface" v="concrete"/>
 </way>
 <way id="1436592776" visible="true" version="1" changeset="173028485" timestamp="2025-10-09T02:05:53Z" user="shinterro" uid="8562391">
  <nd ref="2277885193"/>
  <nd ref="2277885192"/>
  <nd ref="2277885176"/>
  <nd ref="13203924444"/>
  <nd ref="2277885170"/>
  <nd ref="13203924443"/>
  <nd ref="2277885161"/>
  <nd ref="2277885193"/>
  <tag k="building:levels" v="2"/>
  <tag k="building:part" v="yes"/>
  <tag k="roof:shape" v="pyramidal"/>
 </way>
 <way id="1436592779" visible="true" version="2" changeset="174749270" timestamp="2025-11-16T23:04:57Z" user="shinterro" uid="8562391">
  <nd ref="13203924481"/>
  <nd ref="13203924480"/>
  <nd ref="13204047866"/>
  <nd ref="13203924479"/>
  <nd ref="13203924478"/>
  <nd ref="13203924477"/>
  <nd ref="13203924481"/>
  <tag k="access" v="private"/>
  <tag k="layer" v="1"/>
  <tag k="leisure" v="swimming_pool"/>
  <tag k="location" v="roof"/>
  <tag k="sport" v="swimming"/>
 </way>
 <way id="1436592781" visible="true" version="1" changeset="173028485" timestamp="2025-10-09T02:05:53Z" user="shinterro" uid="8562391">
  <nd ref="13204047837"/>
  <nd ref="13204047836"/>
  <nd ref="9886192318"/>
  <tag k="footway" v="link"/>
  <tag k="highway" v="footway"/>
 </way>
 <way id="1436592783" visible="true" version="1" changeset="173028485" timestamp="2025-10-09T02:05:53Z" user="shinterro" uid="8562391">
  <nd ref="13204047855"/>
  <nd ref="13204047839"/>
  <tag k="highway" v="service"/>
  <tag k="service" v="driveway"/>
  <tag k="surface" v="asphalt"/>
 </way>
 <way id="1436592784" visible="true" version="1" changeset="173028485" timestamp="2025-10-09T02:05:53Z" user="shinterro" uid="8562391">
  <nd ref="13204047853"/>
  <nd ref="13203924478"/>
  <nd ref="13204047852"/>
  <tag k="covered" v="yes"/>
  <tag k="highway" v="service"/>
  <tag k="service" v="driveway"/>
  <tag k="surface" v="concrete"/>
 </way>
 <way id="1436592785" visible="true" version="1" changeset="173028485" timestamp="2025-10-09T02:05:53Z" user="shinterro" uid="8562391">
  <nd ref="13204047839"/>
  <nd ref="13204047854"/>
  <nd ref="13204047853"/>
  <tag k="highway" v="service"/>
  <tag k="service" v="driveway"/>
  <tag k="surface" v="concrete"/>
 </way>
 <way id="1436592786" visible="true" version="1" changeset="173028485" timestamp="2025-10-09T02:05:53Z" user="shinterro" uid="8562391">
  <nd ref="13204047841"/>
  <nd ref="13204047840"/>
  <tag k="highway" v="service"/>
  <tag k="service" v="driveway"/>
  <tag k="surface" v="concrete"/>
 </way>
 <way id="1436592787" visible="true" version="2" changeset="175689438" timestamp="2025-12-08T22:30:17Z" user="shinterro" uid="8562391">
  <nd ref="13362650109"/>
  <nd ref="13204047853"/>
  <nd ref="13204047870"/>
  <nd ref="13204047869"/>
  <nd ref="5199955798"/>
  <nd ref="13204047868"/>
  <nd ref="13204047867"/>
  <nd ref="13203924480"/>
  <nd ref="13204047866"/>
  <nd ref="13203924479"/>
  <nd ref="13204047863"/>
  <nd ref="13204047862"/>
  <nd ref="13204047861"/>
  <nd ref="13204047860"/>
  <nd ref="13204047859"/>
  <nd ref="5199955801"/>
  <nd ref="13204047865"/>
  <nd ref="13204047864"/>
  <nd ref="13204047852"/>
  <nd ref="13204047842"/>
  <nd ref="13362650110"/>
  <nd ref="13203924477"/>
  <nd ref="13203924481"/>
  <nd ref="13362650109"/>
  <tag k="building:levels" v="23"/>
  <tag k="building:part" v="yes"/>
 </way>
 <way id="1436592788" visible="true" version="1" changeset="173028485" timestamp="2025-10-09T02:05:53Z" user="shinterro" uid="8562391">
  <nd ref="13204047852"/>
  <nd ref="13204047840"/>
  <nd ref="13204047851"/>
  <nd ref="13204047846"/>
  <nd ref="13204047850"/>
  <nd ref="13204047847"/>
  <nd ref="13204047849"/>
  <nd ref="13204047848"/>
  <tag k="highway" v="service"/>
  <tag k="service" v="driveway"/>
  <tag k="surface" v="concrete"/>
 </way>
 <way id="1436985557" visible="true" version="1" changeset="173109431" timestamp="2025-10-10T19:02:51Z" user="shinterro" uid="8562391">
  <nd ref="13207390958"/>
  <nd ref="13207390957"/>
  <nd ref="13207390956"/>
  <nd ref="13207390955"/>
  <nd ref="13207390958"/>
  <tag k="landuse" v="residential"/>
  <tag k="name" v="Piedmont Walk"/>
 </way>
 <way id="1436985566" visible="true" version="1" changeset="173109431" timestamp="2025-10-10T19:02:51Z" user="shinterro" uid="8562391">
  <nd ref="13207390996"/>
  <nd ref="13207390995"/>
  <nd ref="13207390994"/>
  <nd ref="2277885167"/>
  <nd ref="13207390993"/>
  <nd ref="13207390996"/>
  <tag k="addr:city" v="Atlanta"/>
  <tag k="addr:housenumber" v="975"/>
  <tag k="addr:postcode" v="30309"/>
  <tag k="addr:state" v="GA"/>
  <tag k="addr:street" v="Piedmont Avenue Northeast"/>
  <tag k="landuse" v="residential"/>
 </way>
 <way id="1436985567" visible="true" version="1" changeset="173109431" timestamp="2025-10-10T19:02:51Z" user="shinterro" uid="8562391">
  <nd ref="9992096976"/>
  <nd ref="13207391005"/>
  <tag k="footway" v="sidewalk"/>
  <tag k="highway" v="footway"/>
  <tag k="surface" v="concrete"/>
 </way>
 <way id="1436985568" visible="true" version="1" changeset="173109431" timestamp="2025-10-10T19:02:51Z" user="shinterro" uid="8562391">
  <nd ref="13207391009"/>
  <nd ref="13207391008"/>
  <nd ref="13207391007"/>
  <nd ref="13207391006"/>
  <nd ref="13207391009"/>
  <tag k="building" v="apartments"/>
  <tag k="building:levels" v="3"/>
  <tag k="roof:shape" v="skillion"/>
 </way>
 <way id="1436985569" visible="true" version="1" changeset="173109431" timestamp="2025-10-10T19:02:51Z" user="shinterro" uid="8562391">
  <nd ref="13207391013"/>
  <nd ref="13207391012"/>
  <nd ref="13207391011"/>
  <nd ref="13207391010"/>
  <nd ref="13207391013"/>
  <tag k="building" v="apartments"/>
  <tag k="building:levels" v="3"/>
  <tag k="roof:shape" v="flat"/>
 </way>
 <way id="1436985570" visible="true" version="1" changeset="173109431" timestamp="2025-10-10T19:02:51Z" user="shinterro" uid="8562391">
  <nd ref="13207391017"/>
  <nd ref="13207391014"/>
  <tag k="highway" v="service"/>
  <tag k="service" v="driveway"/>
  <tag k="surface" v="asphalt"/>
 </way>
 <way id="1436985571" visible="true" version="1" changeset="173109431" timestamp="2025-10-10T19:02:51Z" user="shinterro" uid="8562391">
  <nd ref="13207391014"/>
  <nd ref="13207391016"/>
  <nd ref="13207391015"/>
  <tag k="highway" v="service"/>
  <tag k="service" v="driveway"/>
  <tag k="surface" v="concrete"/>
 </way>
 <way id="1436985572" visible="true" version="1" changeset="173109431" timestamp="2025-10-10T19:02:51Z" user="shinterro" uid="8562391">
  <nd ref="2430549010"/>
  <nd ref="2430549004"/>
  <nd ref="13207391019"/>
  <nd ref="13207391015"/>
  <nd ref="13207391018"/>
  <nd ref="2430549010"/>
  <tag k="access" v="permissive"/>
  <tag k="amenity" v="parking"/>
  <tag k="capacity" v="5"/>
  <tag k="parking" v="surface"/>
  <tag k="surface" v="asphalt"/>
 </way>
 <way id="1436985573" visible="true" version="1" changeset="173109431" timestamp="2025-10-10T19:02:51Z" user="shinterro" uid="8562391">
  <nd ref="13207391023"/>
  <nd ref="13207391021"/>
  <tag k="highway" v="service"/>
  <tag k="service" v="driveway"/>
  <tag k="surface" v="asphalt"/>
 </way>
 <way id="1436985574" visible="true" version="1" changeset="173109431" timestamp="2025-10-10T19:02:51Z" user="shinterro" uid="8562391">
  <nd ref="13207391021"/>
  <nd ref="13207391022"/>
  <nd ref="13207391020"/>
  <tag k="highway" v="service"/>
  <tag k="service" v="driveway"/>
  <tag k="surface" v="concrete"/>
 </way>
 <way id="1436985575" visible="true" version="1" changeset="173109431" timestamp="2025-10-10T19:02:51Z" user="shinterro" uid="8562391">
  <nd ref="13207391026"/>
  <nd ref="2430549049"/>
  <nd ref="13207391025"/>
  <nd ref="13207391020"/>
  <nd ref="13207391024"/>
  <nd ref="13207391026"/>
  <tag k="access" v="permissive"/>
  <tag k="amenity" v="parking"/>
  <tag k="capacity" v="3"/>
  <tag k="parking" v="surface"/>
  <tag k="surface" v="asphalt"/>
 </way>
 <way id="1436985576" visible="true" version="1" changeset="173109431" timestamp="2025-10-10T19:02:51Z" user="shinterro" uid="8562391">
  <nd ref="13207391031"/>
  <nd ref="13207391029"/>
  <nd ref="13207391028"/>
  <nd ref="13207391027"/>
  <nd ref="13207391032"/>
  <nd ref="13207391033"/>
  <nd ref="2430549049"/>
  <nd ref="13207391026"/>
  <nd ref="2430549041"/>
  <nd ref="13207391031"/>
  <tag k="building:levels" v="1"/>
  <tag k="building:part" v="yes"/>
 </way>
 <way id="1436985577" visible="true" version="1" changeset="173109431" timestamp="2025-10-10T19:02:51Z" user="shinterro" uid="8562391">
  <nd ref="9886180284"/>
  <nd ref="13207391036"/>
  <tag k="footway" v="link"/>
  <tag k="highway" v="footway"/>
  <tag k="surface" v="asphalt"/>
 </way>
 <way id="1436985578" visible="true" version="1" changeset="173109431" timestamp="2025-10-10T19:02:51Z" user="shinterro" uid="8562391">
  <nd ref="9886180283"/>
  <nd ref="13207391037"/>
  <tag k="footway" v="link"/>
  <tag k="highway" v="footway"/>
  <tag k="surface" v="asphalt"/>
 </way>
 <way id="1436985579" visible="true" version="1" changeset="173109431" timestamp="2025-10-10T19:02:51Z" user="shinterro" uid="8562391">
  <nd ref="13207391039"/>
  <nd ref="13207391038"/>
  <nd ref="9886180303"/>
  <tag k="footway" v="link"/>
  <tag k="highway" v="footway"/>
  <tag k="surface" v="asphalt"/>
 </way>
 <way id="1436985580" visible="true" version="1" changeset="173109431" timestamp="2025-10-10T19:02:51Z" user="shinterro" uid="8562391">
  <nd ref="13207391066"/>
  <nd ref="13207391065"/>
  <nd ref="13207391064"/>
  <nd ref="13207391063"/>
  <nd ref="13207391062"/>
  <nd ref="13207391061"/>
  <nd ref="13207391060"/>
  <nd ref="13207391059"/>
  <nd ref="13207391058"/>
  <nd ref="13207391057"/>
  <nd ref="13207391056"/>
  <nd ref="13207391055"/>
  <nd ref="13207391054"/>
  <nd ref="13207391053"/>
  <nd ref="13207391052"/>
  <nd ref="13207391051"/>
  <nd ref="13207391050"/>
  <nd ref="13207391049"/>
  <nd ref="13207391048"/>
  <nd ref="13207391047"/>
  <nd ref="13207391066"/>
  <tag k="man_made" v="courtyard"/>
 </way>
 <way id="1436985581" visible="true" version="1" changeset="173109431" timestamp="2025-10-10T19:02:51Z" user="shinterro" uid="8562391">
  <nd ref="13207391091"/>
  <nd ref="13207391090"/>
  <nd ref="13207391067"/>
  <tag k="highway" v="service"/>
  <tag k="oneway" v="yes"/>
  <tag k="service" v="driveway"/>
  <tag k="surface" v="concrete"/>
 </way>
 <way id="1436985582" visible="true" version="1" changeset="173109431" timestamp="2025-10-10T19:02:51Z" user="shinterro" uid="8562391">
  <nd ref="13207391068"/>
  <nd ref="11018314445"/>
  <nd ref="69614561"/>
  <tag k="highway" v="service"/>
  <tag k="oneway" v="yes"/>
  <tag k="service" v="driveway"/>
  <tag k="surface" v="asphalt"/>
 </way>
 <way id="1436985583" visible="true" version="1" changeset="173109431" timestamp="2025-10-10T19:02:51Z" user="shinterro" uid="8562391">
  <nd ref="13207391080"/>
  <nd ref="13207391081"/>
  <nd ref="13207391069"/>
  <tag k="highway" v="service"/>
  <tag k="oneway" v="yes"/>
  <tag k="service" v="driveway"/>
  <tag k="surface" v="asphalt"/>
 </way>
 <way id="1436985584" visible="true" version="2" changeset="185616433" timestamp="2026-07-12T21:46:38Z" user="Cerras" uid="24292237">
  <nd ref="13207391073"/>
  <nd ref="13207391072"/>
  <nd ref="13207391071"/>
  <nd ref="13207391070"/>
  <nd ref="13207391073"/>
  <tag k="access" v="customers"/>
  <tag k="amenity" v="parking"/>
  <tag k="parking" v="surface"/>
 </way>
 <way id="1436985585" visible="true" version="1" changeset="173109431" timestamp="2025-10-10T19:02:51Z" user="shinterro" uid="8562391">
  <nd ref="13207391093"/>
  <nd ref="13207391085"/>
  <nd ref="13207391092"/>
  <tag k="highway" v="service"/>
  <tag k="service" v="driveway"/>
  <tag k="surface" v="concrete"/>
 </way>
 <way id="1436985586" visible="true" version="1" changeset="173109431" timestamp="2025-10-10T19:02:51Z" user="shinterro" uid="8562391">
  <nd ref="13207391079"/>
  <nd ref="13207391093"/>
  <tag k="highway" v="service"/>
  <tag k="service" v="driveway"/>
  <tag k="surface" v="concrete"/>
 </way>
 <way id="1436985587" visible="true" version="1" changeset="173109431" timestamp="2025-10-10T19:02:51Z" user="shinterro" uid="8562391">
  <nd ref="13207391067"/>
  <nd ref="13207391089"/>
  <nd ref="13207391088"/>
  <nd ref="13207391087"/>
  <nd ref="13207391086"/>
  <nd ref="13207391093"/>
  <tag k="highway" v="service"/>
  <tag k="oneway" v="yes"/>
  <tag k="service" v="driveway"/>
  <tag k="surface" v="concrete"/>
 </way>
 <way id="1436985588" visible="true" version="1" changeset="173109431" timestamp="2025-10-10T19:02:51Z" user="shinterro" uid="8562391">
  <nd ref="13207391093"/>
  <nd ref="13207391076"/>
  <nd ref="13207391077"/>
  <nd ref="13207391075"/>
  <nd ref="13207391084"/>
  <nd ref="13207391083"/>
  <nd ref="13207391082"/>
  <nd ref="13207391069"/>
  <tag k="highway" v="service"/>
  <tag k="oneway" v="yes"/>
  <tag k="service" v="driveway"/>
  <tag k="surface" v="concrete"/>
 </way>
 <way id="1436985589" visible="true" version="1" changeset="173109431" timestamp="2025-10-10T19:02:51Z" user="shinterro" uid="8562391">
  <nd ref="2277875844"/>
  <nd ref="13207391095"/>
  <nd ref="13207391096"/>
  <nd ref="13207391094"/>
  <tag k="barrier" v="fence"/>
  <tag k="fence_type" v="bars"/>
  <tag k="height" v="2"/>
 </way>
 <way id="1436985590" visible="true" version="1" changeset="173109431" timestamp="2025-10-10T19:02:51Z" user="shinterro" uid="8562391">
  <nd ref="13207391100"/>
  <nd ref="13207391099"/>
  <nd ref="13207391098"/>
  <nd ref="13207391088"/>
  <nd ref="13207391097"/>
  <nd ref="8238657593"/>
  <nd ref="8238657578"/>
  <nd ref="2277875810"/>
  <nd ref="2277875859"/>
  <nd ref="2277875844"/>
  <nd ref="13207391095"/>
  <nd ref="13207391096"/>
  <nd ref="13207391100"/>
  <tag k="addr:city" v="Atlanta"/>
  <tag k="addr:housenumber" v="250"/>
  <tag k="addr:postcode" v="30309"/>
  <tag k="addr:street" v="10th Street Northeast"/>
  <tag k="landuse" v="residential"/>
  <tag k="name" v="MAA Piedmont Park"/>
  <tag k="website" v="https://www.maac.com/georgia/atlanta/maa-piedmont-park/"/>
 </way>
 <way id="1436985591" visible="true" version="1" changeset="173109431" timestamp="2025-10-10T19:02:51Z" user="shinterro" uid="8562391">
  <nd ref="13207391115"/>
  <nd ref="13207391114"/>
  <tag k="highway" v="service"/>
  <tag k="service" v="parking_aisle"/>
  <tag k="surface" v="asphalt"/>
 </way>
 <way id="1436985592" visible="true" version="1" changeset="173109431" timestamp="2025-10-10T19:02:51Z" user="shinterro" uid="8562391">
  <nd ref="13207391116"/>
  <nd ref="13207391115"/>
  <tag k="highway" v="service"/>
  <tag k="service" v="driveway"/>
  <tag k="surface" v="asphalt"/>
 </way>
 <way id="1441910180" visible="true" version="1" changeset="173231595" timestamp="2025-10-13T14:43:36Z" user="shinterro" uid="8562391">
  <nd ref="13230601406"/>
  <nd ref="13230601405"/>
  <nd ref="13230601404"/>
  <nd ref="13230601403"/>
  <nd ref="13230601402"/>
  <nd ref="13230587300"/>
  <nd ref="13230601401"/>
  <nd ref="13230601406"/>
  <tag k="landuse" v="residential"/>
  <tag k="name" v="Wilburn House Condominiums"/>
  <tag k="residential" v="apartments"/>
 </way>
 <way id="1441910181" visible="true" version="1" changeset="173231595" timestamp="2025-10-13T14:43:36Z" user="shinterro" uid="8562391">
  <nd ref="13230601408"/>
  <nd ref="13230601407"/>
  <tag k="highway" v="service"/>
  <tag k="service" v="driveway"/>
  <tag k="surface" v="asphalt"/>
 </way>
 <way id="1441910183" visible="true" version="1" changeset="173231595" timestamp="2025-10-13T14:43:36Z" user="shinterro" uid="8562391">
  <nd ref="9537493890"/>
  <nd ref="6005931649"/>
  <tag k="footway" v="sidewalk"/>
  <tag k="highway" v="footway"/>
  <tag k="surface" v="concrete"/>
 </way>
 <way id="1441910184" visible="true" version="1" changeset="173231595" timestamp="2025-10-13T14:43:36Z" user="shinterro" uid="8562391">
  <nd ref="13230601411"/>
  <nd ref="13230601410"/>
  <nd ref="13230601409"/>
  <nd ref="13230601408"/>
  <tag k="highway" v="service"/>
  <tag k="service" v="driveway"/>
  <tag k="surface" v="concrete"/>
 </way>
 <way id="1457022192" visible="true" version="1" changeset="175689438" timestamp="2025-12-08T22:30:17Z" user="shinterro" uid="8562391">
  <nd ref="2277885155"/>
  <nd ref="13203924443"/>
  <nd ref="2277885170"/>
  <nd ref="13362650108"/>
  <nd ref="2277885185"/>
  <nd ref="2277885155"/>
  <tag k="building:levels" v="1"/>
  <tag k="building:part" v="yes"/>
 </way>
 <way id="1457022193" visible="true" version="1" changeset="175689438" timestamp="2025-12-08T22:30:17Z" user="shinterro" uid="8562391">
  <nd ref="13204047842"/>
  <nd ref="13204047843"/>
  <nd ref="13204047844"/>
  <nd ref="13204047845"/>
  <nd ref="5199955800"/>
  <nd ref="5199955799"/>
  <nd ref="13204047872"/>
  <nd ref="13204047871"/>
  <nd ref="13362650109"/>
  <nd ref="13203924481"/>
  <nd ref="13203924477"/>
  <nd ref="13362650110"/>
  <nd ref="13204047842"/>
  <tag k="building:levels" v="25"/>
  <tag k="building:part" v="yes"/>
 </way>
 <way id="1457022194" visible="true" version="1" changeset="175689438" timestamp="2025-12-08T22:30:17Z" user="shinterro" uid="8562391">
  <nd ref="13204047866"/>
  <nd ref="13203924480"/>
  <nd ref="13204047867"/>
  <nd ref="13204047868"/>
  <nd ref="5199955798"/>
  <nd ref="13204047856"/>
  <nd ref="5199956485"/>
  <nd ref="5199956486"/>
  <nd ref="5199956487"/>
  <nd ref="13204047857"/>
  <nd ref="5199956488"/>
  <nd ref="5199956489"/>
  <nd ref="5199956490"/>
  <nd ref="5199956491"/>
  <nd ref="5199956492"/>
  <nd ref="9537493887"/>
  <nd ref="13204047858"/>
  <nd ref="5199956493"/>
  <nd ref="8238657577"/>
  <nd ref="13204047866"/>
  <tag k="building:levels" v="5"/>
  <tag k="building:part" v="yes"/>
 </way>
 <relation id="1155552" visible="true" version="64" changeset="184963031" timestamp="2026-07-02T09:01:03Z" user="akshay_Lyft" uid="22704881">
  <member type="node" ref="2390825039" role="stop"/>
  <member type="node" ref="1125569125" role="stop"/>
  <member type="node" ref="1125569053" role="stop"/>
  <member type="node" ref="1125569140" role="stop"/>
  <member type="node" ref="1125569079" role="stop"/>
  <member type="node" ref="1125569146" role="stop"/>
  <member type="node" ref="1125569036" role="stop"/>
  <member type="node" ref="1125569061" role="stop"/>
  <member type="node" ref="1125569089" role="platform"/>
  <member type="node" ref="1125569072" role="stop"/>
  <member type="node" ref="1125569048" role="platform"/>
  <member type="node" ref="1125569144" role="platform"/>
  <member type="node" ref="1125569001" role="platform"/>
  <member type="node" ref="1125569157" role="stop"/>
  <member type="node" ref="1125569039" role="stop"/>
  <member type="node" ref="1125569150" role="stop"/>
  <member type="node" ref="1125569030" role="stop"/>
  <member type="node" ref="1125569151" role="platform"/>
  <member type="node" ref="1125569103" role="stop"/>
  <member type="node" ref="801683358" role="stop"/>
  <member type="node" ref="1125569158" role="platform"/>
  <member type="node" ref="1125569134" role="stop"/>
  <member type="way" ref="9167366" role="forward"/>
  <member type="way" ref="178494397" role="forward"/>
  <member type="way" ref="69963947" role=""/>
  <member type="way" ref="178304234" role=""/>
  <member type="way" ref="1382220736" role=""/>
  <member type="way" ref="1382214649" role=""/>
  <member type="way" ref="179788770" role=""/>
  <member type="way" ref="1302448804" role=""/>
  <member type="way" ref="44227140" role=""/>
  <member type="way" ref="1432512849" role=""/>
  <member type="way" ref="1303021328" role=""/>
  <member type="way" ref="1432512850" role=""/>
  <member type="way" ref="44227139" role=""/>
  <member type="way" ref="30678704" role=""/>
  <member type="way" ref="1528675106" role=""/>
  <member type="way" ref="1528675107" role=""/>
  <member type="way" ref="1534507177" role=""/>
  <member type="way" ref="1528675108" role=""/>
  <member type="way" ref="86529632" role=""/>
  <member type="way" ref="86529633" role=""/>
  <member type="way" ref="74838042" role=""/>
  <member type="way" ref="1382938034" role=""/>
  <member type="way" ref="1382938035" role=""/>
  <member type="way" ref="77078505" role=""/>
  <member type="way" ref="1299931061" role=""/>
  <member type="way" ref="74838043" role=""/>
  <member type="way" ref="74838047" role=""/>
  <member type="way" ref="629278099" role="forward"/>
  <member type="way" ref="629278104" role="forward"/>
  <member type="way" ref="563290424" role="forward"/>
  <member type="way" ref="1378254457" role=""/>
  <member type="way" ref="1378254458" role=""/>
  <member type="way" ref="1378254459" role=""/>
  <member type="way" ref="77078503" role=""/>
  <member type="way" ref="1321809569" role=""/>
  <member type="way" ref="1321809570" role=""/>
  <member type="way" ref="1377749390" role=""/>
  <member type="way" ref="959687121" role=""/>
  <member type="way" ref="77078507" role=""/>
  <member type="way" ref="80428428" role=""/>
  <member type="way" ref="1381040664" role=""/>
  <member type="way" ref="1388731490" role=""/>
  <member type="way" ref="1381040663" role=""/>
  <member type="way" ref="25513383" role=""/>
  <member type="way" ref="25513378" role=""/>
  <member type="way" ref="493783288" role=""/>
  <member type="way" ref="493783287" role=""/>
  <member type="way" ref="493784094" role=""/>
  <member type="way" ref="730104015" role=""/>
  <member type="way" ref="74847319" role=""/>
  <member type="way" ref="1502793535" role=""/>
  <member type="way" ref="115698391" role=""/>
  <member type="way" ref="1118654772" role="forward"/>
  <member type="way" ref="115698385" role="forward"/>
  <member type="way" ref="115698374" role="forward"/>
  <member type="way" ref="115698379" role="forward"/>
  <member type="way" ref="115698392" role="forward"/>
  <member type="way" ref="629238200" role="forward"/>
  <member type="way" ref="115698387" role="forward"/>
  <member type="way" ref="1118654773" role="forward"/>
  <member type="way" ref="60867519" role=""/>
  <member type="way" ref="60867523" role=""/>
  <member type="way" ref="65948479" role=""/>
  <member type="way" ref="65948482" role="forward"/>
  <member type="way" ref="629238196" role="forward"/>
  <member type="way" ref="65948445" role="forward"/>
  <member type="way" ref="65948450" role="forward"/>
  <member type="way" ref="40507170" role="forward"/>
  <member type="way" ref="1385972264" role="forward"/>
  <member type="way" ref="1385972263" role="forward"/>
  <member type="way" ref="43597116" role="forward"/>
  <member type="way" ref="28687929" role=""/>
  <member type="way" ref="1200739609" role=""/>
  <member type="way" ref="1200739606" role=""/>
  <member type="way" ref="1200739612" role=""/>
  <member type="way" ref="28687966" role=""/>
  <member type="way" ref="9180620" role=""/>
  <member type="way" ref="75359077" role=""/>
  <member type="way" ref="75359079" role=""/>
  <member type="way" ref="1467111308" role=""/>
  <member type="way" ref="1467111309" role=""/>
  <member type="way" ref="173336551" role=""/>
  <member type="way" ref="1102858242" role=""/>
  <member type="way" ref="1102858241" role=""/>
  <member type="way" ref="1102858240" role=""/>
  <member type="way" ref="173336559" role=""/>
  <member type="way" ref="9265222" role=""/>
  <member type="way" ref="1428892288" role=""/>
  <member type="way" ref="75359070" role=""/>
  <member type="way" ref="75359068" role=""/>
  <member type="way" ref="75359075" role=""/>
  <member type="way" ref="505912700" role=""/>
  <member type="way" ref="1117890737" role=""/>
  <member type="way" ref="505912698" role=""/>
  <member type="way" ref="631653295" role=""/>
  <member type="way" ref="1377396917" role=""/>
  <member type="way" ref="234013266" role=""/>
  <member type="way" ref="9269517" role="forward"/>
  <member type="way" ref="234013258" role="forward"/>
  <member type="way" ref="629238146" role="forward"/>
  <member type="way" ref="9267063" role="forward"/>
  <member type="way" ref="75359073" role="forward"/>
  <member type="way" ref="311764304" role="forward"/>
  <member type="way" ref="9274352" role="forward"/>
  <member type="way" ref="1431371320" role="forward"/>
  <member type="way" ref="39701768" role="forward"/>
  <member type="way" ref="1434982549" role="forward"/>
  <member type="way" ref="1434982548" role="forward"/>
  <member type="way" ref="9267063" role="forward"/>
  <member type="way" ref="75359073" role="forward"/>
  <member type="way" ref="311764304" role="forward"/>
  <member type="way" ref="9274352" role="forward"/>
  <member type="way" ref="1431371320" role="forward"/>
  <member type="way" ref="629238145" role="forward"/>
  <member type="way" ref="533146591" role="backward"/>
  <member type="way" ref="1200739608" role=""/>
  <member type="way" ref="1200739613" role=""/>
  <member type="way" ref="1200739607" role=""/>
  <tag k="colour" v="#4D2958"/>
  <tag k="from" v="Midtown Station"/>
  <tag k="name" v="MARTA 36 North Decatur Road/Virginia Highland"/>
  <tag k="network" v="MARTA"/>
  <tag k="network:wikidata" v="Q1423792"/>
  <tag k="network:wikipedia" v="en:Metropolitan Atlanta Rapid Transit Authority"/>
  <tag k="operator" v="Metropolitan Atlanta Rapid Transit Authority"/>
  <tag k="public_transport:version" v="1"/>
  <tag k="ref" v="36"/>
  <tag k="route" v="bus"/>
  <tag k="to" v="Decatur Station"/>
  <tag k="type" v="route"/>
 </relation>
 <relation id="8111322" visible="true" version="1" changeset="57170684" timestamp="2018-03-14T09:07:49Z" user="Upendrakarukonda" uid="4007051">
  <member type="way" ref="75359075" role="from"/>
  <member type="node" ref="69529974" role="via"/>
  <member type="way" ref="75359075" role="to"/>
  <tag k="restriction" v="no_u_turn"/>
  <tag k="type" v="restriction"/>
 </relation>
</osm>
