<?xml version="1.0" encoding="UTF-8"?>
<osm version="0.6" generator="openstreetmap-cgimap 2.1.0 (2942771 spike-08.openstreetmap.org)" copyright="OpenStreetMap and contributors" attribution="http://www.openstreetmap.org/copyright" license="http://opendatacommons.org/licenses/odbl/1-0/">
 <bounds minlat="33.7852000" minlon="-84.3830000" maxlat="33.7868000" maxlon="-84.3778000"/>
 <node id="69227188" visible="true" version="7" changeset="185608973" timestamp="2026-07-12T19:14:54Z" user="Cerras" uid="24292237" lat="33.7830112" lon="-84.3798960">
  <tag k="crossing" v="uncontrolled"/>
  <tag k="crossing:markings" v="yes"/>
  <tag k="highway" v="crossing"/>
  <tag k="tactile_paving" v="no"/>
 </node>
 <node id="69227192" visible="true" version="5" changeset="173109431" timestamp="2025-10-10T19:02:51Z" user="shinterro" uid="8562391" lat="33.7825957" lon="-84.3801911"/>
 <node id="69233073" visible="true" version="7" changeset="186950804" timestamp="2026-08-04T23:02:28Z" user="adelriosantiago" uid="12908516" lat="33.7881375" lon="-84.3776205">
  <tag k="crossing" v="uncontrolled"/>
  <tag k="crossing:markings" v="ladder:paired"/>
  <tag k="highway" v="crossing"/>
  <tag k="tactile_paving" v="yes"/>
 </node>
 <node id="69249210" visible="true" version="4" changeset="171561157" timestamp="2025-09-06T21:55:57Z" user="shinterro" uid="8562391" lat="33.7854532" lon="-84.3829993"/>
 <node id="69249214" visible="true" version="2" changeset="3021897" timestamp="2009-11-03T03:06:37Z" user="woodpeck_fixbot" uid="147510" lat="33.7854320" lon="-84.3821740"/>
 <node id="69249224" visible="true" version="4" changeset="173299277" timestamp="2025-10-15T02:49:39Z" user="shinterro" uid="8562391" lat="33.7854183" lon="-84.3814448"/>
 <node id="69249229" visible="true" version="4" changeset="173252543" timestamp="2025-10-14T01:46:49Z" user="shinterro" uid="8562391" lat="33.7853595" lon="-84.3784747"/>
 <node id="69249230" visible="true" version="3" changeset="123836578" timestamp="2022-07-20T07:24:05Z" user="amarajz" uid="10127760" lat="33.7854184" lon="-84.3783803"/>
 <node id="69315704" visible="true" version="4" changeset="173425135" timestamp="2025-10-17T19:17:07Z" user="shinterro" uid="8562391" lat="33.7864811" lon="-84.3791279"/>
 <node id="69315708" visible="true" version="3" changeset="173425135" timestamp="2025-10-17T19:17:07Z" user="shinterro" uid="8562391" lat="33.7876516" lon="-84.3791289">
  <tag k="noexit" v="yes"/>
 </node>
 <node id="69332053" visible="true" version="3" changeset="167839707" timestamp="2025-06-19T18:15:44Z" user="alexwohlbruck" uid="12370548" lat="33.7841439" lon="-84.3701463"/>
 <node id="69387071" visible="true" version="4" changeset="171561157" timestamp="2025-09-06T21:55:57Z" user="shinterro" uid="8562391" lat="33.7843299" lon="-84.3830794">
  <tag k="highway" v="traffic_signals"/>
 </node>
 <node id="69387078" visible="true" version="6" changeset="173231595" timestamp="2025-10-13T14:43:36Z" user="shinterro" uid="8562391" lat="33.7843032" lon="-84.3822440">
  <tag k="highway" v="traffic_signals"/>
 </node>
 <node id="69387083" visible="true" version="5" changeset="117886530" timestamp="2022-02-26T17:24:50Z" user="demory" uid="186210" lat="33.7842779" lon="-84.3789003">
  <tag k="highway" v="traffic_signals"/>
  <tag k="traffic_signals" v="signal"/>
 </node>
 <node id="69387097" visible="true" version="2" changeset="2760040" timestamp="2009-10-06T13:25:36Z" user="woodpeck_fixbot" uid="147510" lat="33.7833130" lon="-84.3795770"/>
 <node id="69421277" visible="true" version="5" changeset="23276069" timestamp="2014-06-29T17:44:54Z" user="Jack the Ripper" uid="1946151" lat="33.7865802" lon="-84.3831523">
  <tag k="highway" v="traffic_signals"/>
 </node>
 <node id="69421281" visible="true" version="5" changeset="56333681" timestamp="2018-02-13T20:27:41Z" user="manings" uid="3272286" lat="33.7865321" lon="-84.3829880"/>
 <node id="69421284" visible="true" version="4" changeset="117865749" timestamp="2022-02-25T23:28:06Z" user="demory" uid="186210" lat="33.7865089" lon="-84.3781405">
  <tag k="highway" v="traffic_signals"/>
 </node>
 <node id="69515861" visible="true" version="4" changeset="171561157" timestamp="2025-09-06T21:55:57Z" user="shinterro" uid="8562391" lat="33.7842205" lon="-84.3831270"/>
 <node id="69515865" visible="true" version="4" changeset="171561157" timestamp="2025-09-06T21:55:57Z" user="shinterro" uid="8562391" lat="33.7844563" lon="-84.3830338"/>
 <node id="69515868" visible="true" version="5" changeset="171561157" timestamp="2025-09-06T21:55:57Z" user="shinterro" uid="8562391" lat="33.7847423" lon="-84.3830002"/>
 <node id="69515870" visible="true" version="2" changeset="2760040" timestamp="2009-10-06T13:37:08Z" user="woodpeck_fixbot" uid="147510" lat="33.7859480" lon="-84.3830480"/>
 <node id="69588608" visible="true" version="2" changeset="3353591" timestamp="2009-12-12T04:34:11Z" user="woodpeck_fixbot" uid="147510" lat="33.7843810" lon="-84.3822210"/>
 <node id="69589540" visible="true" version="6" changeset="173109431" timestamp="2025-10-10T19:02:51Z" user="shinterro" uid="8562391" lat="33.7817935" lon="-84.3804635">
  <tag k="highway" v="traffic_signals"/>
 </node>
 <node id="69589545" visible="true" version="2" changeset="3353591" timestamp="2009-12-12T04:34:18Z" user="woodpeck_fixbot" uid="147510" lat="33.7823030" lon="-84.3803050"/>
 <node id="69589552" visible="true" version="2" changeset="3110547" timestamp="2009-11-14T05:07:12Z" user="woodpeck_fixbot" uid="147510" lat="33.7826990" lon="-84.3801410"/>
 <node id="69589556" visible="true" version="2" changeset="3353591" timestamp="2009-12-12T04:34:18Z" user="woodpeck_fixbot" uid="147510" lat="33.7827960" lon="-84.3800770"/>
 <node id="69589562" visible="true" version="2" changeset="2760040" timestamp="2009-10-06T13:42:54Z" user="woodpeck_fixbot" uid="147510" lat="33.7835340" lon="-84.3793840"/>
 <node id="69589565" visible="true" version="2" changeset="3353591" timestamp="2009-12-12T04:34:18Z" user="woodpeck_fixbot" uid="147510" lat="33.7837630" lon="-84.3792100"/>
 <node id="69589569" visible="true" version="2" changeset="3110547" timestamp="2009-11-14T05:07:12Z" user="woodpeck_fixbot" uid="147510" lat="33.7839960" lon="-84.3790580"/>
 <node id="69589571" visible="true" version="2" changeset="2760040" timestamp="2009-10-06T13:42:54Z" user="woodpeck_fixbot" uid="147510" lat="33.7847800" lon="-84.3786480"/>
 <node id="69589572" visible="true" version="2" changeset="3353591" timestamp="2009-12-12T04:34:18Z" user="woodpeck_fixbot" uid="147510" lat="33.7856210" lon="-84.3782980"/>
 <node id="69589577" visible="true" version="2" changeset="3353591" timestamp="2009-12-12T04:34:19Z" user="woodpeck_fixbot" uid="147510" lat="33.7858950" lon="-84.3782180"/>
 <node id="69589580" visible="true" version="2" changeset="3353591" timestamp="2009-12-12T04:34:19Z" user="woodpeck_fixbot" uid="147510" lat="33.7861880" lon="-84.3781620"/>
 <node id="69589586" visible="true" version="2" changeset="2760040" timestamp="2009-10-06T13:42:54Z" user="woodpeck_fixbot" uid="147510" lat="33.7870800" lon="-84.3781350"/>
 <node id="69589594" visible="true" version="2" changeset="3110547" timestamp="2009-11-14T05:07:12Z" user="woodpeck_fixbot" uid="147510" lat="33.7873210" lon="-84.3781350"/>
 <node id="69589596" visible="true" version="2" changeset="3353591" timestamp="2009-12-12T04:34:19Z" user="woodpeck_fixbot" uid="147510" lat="33.7874410" lon="-84.3781200"/>
 <node id="69589600" visible="true" version="4" changeset="173473919" timestamp="2025-10-19T03:39:47Z" user="shinterro" uid="8562391" lat="33.7875801" lon="-84.3780749"/>
 <node id="69589602" visible="true" version="2" changeset="3353591" timestamp="2009-12-12T04:34:19Z" user="woodpeck_fixbot" uid="147510" lat="33.7876820" lon="-84.3780250"/>
 <node id="69589604" visible="true" version="2" changeset="3110547" timestamp="2009-11-14T05:07:12Z" user="woodpeck_fixbot" uid="147510" lat="33.7877970" lon="-84.3779410"/>
 <node id="317776778" visible="true" version="2" changeset="13203034" timestamp="2012-09-22T03:09:22Z" user="Ryan Lash" uid="127401" lat="33.7883296" lon="-84.3744382"/>
 <node id="317776779" visible="true" version="2" changeset="13203034" timestamp="2012-09-22T03:09:22Z" user="Ryan Lash" uid="127401" lat="33.7890553" lon="-84.3734676"/>
 <node id="317776781" visible="true" version="2" changeset="13203034" timestamp="2012-09-22T03:09:22Z" user="Ryan Lash" uid="127401" lat="33.7896896" lon="-84.3724861"/>
 <node id="317776782" visible="true" version="2" changeset="13203034" timestamp="2012-09-22T03:09:22Z" user="Ryan Lash" uid="127401" lat="33.7921410" lon="-84.3716251"/>
 <node id="317776783" visible="true" version="2" changeset="13203034" timestamp="2012-09-22T03:09:22Z" user="Ryan Lash" uid="127401" lat="33.7929504" lon="-84.3723851"/>
 <node id="317776784" visible="true" version="3" changeset="13480644" timestamp="2012-10-13T16:01:53Z" user="Ryan Lash" uid="127401" lat="33.7931398" lon="-84.3727306"/>
 <node id="367914456" visible="true" version="10" changeset="173425135" timestamp="2025-10-17T19:17:07Z" user="shinterro" uid="8562391" lat="33.7863672" lon="-84.3819422"/>
 <node id="406204408" visible="true" version="2" changeset="119552423" timestamp="2022-04-10T22:05:06Z" user="KB-01" uid="9509339" lat="33.7828113" lon="-84.3691643"/>
 <node id="767408386" visible="true" version="2" changeset="10424068" timestamp="2012-01-18T02:33:41Z" user="kentix" uid="575563" lat="33.7867269" lon="-84.3772337"/>
 <node id="767408433" visible="true" version="1" changeset="4939188" timestamp="2010-06-08T18:07:35Z" user="Liber" uid="82286" lat="33.7865903" lon="-84.3774476"/>
 <node id="767408434" visible="true" version="1" changeset="4939188" timestamp="2010-06-08T18:07:35Z" user="Liber" uid="82286" lat="33.7864967" lon="-84.3777802"/>
 <node id="1573471346" visible="true" version="2" changeset="117865749" timestamp="2022-02-25T23:28:06Z" user="demory" uid="186210" lat="33.7864468" lon="-84.3784090"/>
 <node id="1573471353" visible="true" version="2" changeset="117865749" timestamp="2022-02-25T23:28:06Z" user="demory" uid="186210" lat="33.7868615" lon="-84.3781487"/>
 <node id="1573471363" visible="true" version="1" changeset="10267079" timestamp="2012-01-02T01:20:08Z" user="kentix" uid="575563" lat="33.7862779" lon="-84.3781541"/>
 <node id="1595736347" visible="true" version="2" changeset="13203034" timestamp="2012-09-22T03:09:20Z" user="Ryan Lash" uid="127401" lat="33.7929787" lon="-84.3720664"/>
 <node id="1595736562" visible="true" version="1" changeset="10424068" timestamp="2012-01-18T02:33:10Z" user="kentix" uid="575563" lat="33.7866567" lon="-84.3773213"/>
 <node id="1595736661" visible="true" version="1" changeset="10424068" timestamp="2012-01-18T02:33:14Z" user="kentix" uid="575563" lat="33.7865388" lon="-84.3775806"/>
 <node id="1595736804" visible="true" version="2" changeset="13203034" timestamp="2012-09-22T03:09:20Z" user="Ryan Lash" uid="127401" lat="33.7920239" lon="-84.3715022"/>
 <node id="1595736807" visible="true" version="1" changeset="10424068" timestamp="2012-01-18T02:33:20Z" user="kentix" uid="575563" lat="33.7864641" lon="-84.3776636"/>
 <node id="1926466074" visible="true" version="1" changeset="13203034" timestamp="2012-09-22T03:08:56Z" user="Ryan Lash" uid="127401" lat="33.7825542" lon="-84.3689727"/>
 <node id="1926466163" visible="true" version="1" changeset="13203034" timestamp="2012-09-22T03:08:57Z" user="Ryan Lash" uid="127401" lat="33.7880923" lon="-84.3750978"/>
 <node id="1926466165" visible="true" version="1" changeset="13203034" timestamp="2012-09-22T03:08:57Z" user="Ryan Lash" uid="127401" lat="33.7881217" lon="-84.3753913"/>
 <node id="1926466174" visible="true" version="1" changeset="13203034" timestamp="2012-09-22T03:08:57Z" user="Ryan Lash" uid="127401" lat="33.7881460" lon="-84.3748555"/>
 <node id="1926466176" visible="true" version="1" changeset="13203034" timestamp="2012-09-22T03:08:57Z" user="Ryan Lash" uid="127401" lat="33.7881525" lon="-84.3756962"/>
 <node id="1926466193" visible="true" version="1" changeset="13203034" timestamp="2012-09-22T03:08:58Z" user="Ryan Lash" uid="127401" lat="33.7889684" lon="-84.3733494"/>
 <node id="1926466342" visible="true" version="2" changeset="13203164" timestamp="2012-09-22T03:55:20Z" user="Ryan Lash" uid="127401" lat="33.7898677" lon="-84.3722906"/>
 <node id="1926466355" visible="true" version="2" changeset="13203164" timestamp="2012-09-22T03:55:20Z" user="Ryan Lash" uid="127401" lat="33.7899980" lon="-84.3722386"/>
 <node id="1926466392" visible="true" version="2" changeset="13203164" timestamp="2012-09-22T03:55:20Z" user="Ryan Lash" uid="127401" lat="33.7901539" lon="-84.3722456"/>
 <node id="1926466395" visible="true" version="2" changeset="13203164" timestamp="2012-09-22T03:55:21Z" user="Ryan Lash" uid="127401" lat="33.7903272" lon="-84.3722782"/>
 <node id="1926466403" visible="true" version="1" changeset="13203034" timestamp="2012-09-22T03:09:00Z" user="Ryan Lash" uid="127401" lat="33.7904873" lon="-84.3723423"/>
 <node id="1926466411" visible="true" version="1" changeset="13203034" timestamp="2012-09-22T03:09:00Z" user="Ryan Lash" uid="127401" lat="33.7905685" lon="-84.3723814"/>
 <node id="1926466468" visible="true" version="2" changeset="13480644" timestamp="2012-10-13T16:01:54Z" user="Ryan Lash" uid="127401" lat="33.7917995" lon="-84.3713067"/>
 <node id="1926466497" visible="true" version="1" changeset="13203034" timestamp="2012-09-22T03:09:00Z" user="Ryan Lash" uid="127401" lat="33.7924143" lon="-84.3717259"/>
 <node id="1926466501" visible="true" version="1" changeset="13203034" timestamp="2012-09-22T03:09:01Z" user="Ryan Lash" uid="127401" lat="33.7926421" lon="-84.3717997"/>
 <node id="1926466506" visible="true" version="1" changeset="13203034" timestamp="2012-09-22T03:09:01Z" user="Ryan Lash" uid="127401" lat="33.7927726" lon="-84.3718466"/>
 <node id="1926466511" visible="true" version="1" changeset="13203034" timestamp="2012-09-22T03:09:01Z" user="Ryan Lash" uid="127401" lat="33.7928941" lon="-84.3719234"/>
 <node id="1926466515" visible="true" version="2" changeset="13480644" timestamp="2012-10-13T16:01:53Z" user="Ryan Lash" uid="127401" lat="33.7929525" lon="-84.3725141"/>
 <node id="1926466518" visible="true" version="1" changeset="13203034" timestamp="2012-09-22T03:09:01Z" user="Ryan Lash" uid="127401" lat="33.7929569" lon="-84.3722496"/>
 <node id="1926601992" visible="true" version="1" changeset="13203164" timestamp="2012-09-22T03:55:06Z" user="Ryan Lash" uid="127401" lat="33.7890402" lon="-84.3732635"/>
 <node id="1926602020" visible="true" version="1" changeset="13203164" timestamp="2012-09-22T03:55:06Z" user="Ryan Lash" uid="127401" lat="33.7897789" lon="-84.3723639"/>
 <node id="1928236255" visible="true" version="1" changeset="13214747" timestamp="2012-09-23T01:29:37Z" user="Ryan Lash" uid="127401" lat="33.7844907" lon="-84.3787918"/>
 <node id="1928236261" visible="true" version="1" changeset="13214747" timestamp="2012-09-23T01:29:37Z" user="Ryan Lash" uid="127401" lat="33.7851146" lon="-84.3778238"/>
 <node id="1928236262" visible="true" version="1" changeset="13214747" timestamp="2012-09-23T01:29:37Z" user="Ryan Lash" uid="127401" lat="33.7851633" lon="-84.3778305"/>
 <node id="1928236263" visible="true" version="1" changeset="13214747" timestamp="2012-09-23T01:29:37Z" user="Ryan Lash" uid="127401" lat="33.7852488" lon="-84.3778260"/>
 <node id="1928236264" visible="true" version="1" changeset="13214747" timestamp="2012-09-23T01:29:37Z" user="Ryan Lash" uid="127401" lat="33.7853105" lon="-84.3777818"/>
 <node id="1928236265" visible="true" version="1" changeset="13214747" timestamp="2012-09-23T01:29:37Z" user="Ryan Lash" uid="127401" lat="33.7853564" lon="-84.3777397"/>
 <node id="1928236266" visible="true" version="1" changeset="13214747" timestamp="2012-09-23T01:29:37Z" user="Ryan Lash" uid="127401" lat="33.7854061" lon="-84.3776435"/>
 <node id="1928236277" visible="true" version="1" changeset="13214747" timestamp="2012-09-23T01:29:37Z" user="Ryan Lash" uid="127401" lat="33.7854208" lon="-84.3775572"/>
 <node id="1928236279" visible="true" version="1" changeset="13214747" timestamp="2012-09-23T01:29:37Z" user="Ryan Lash" uid="127401" lat="33.7854474" lon="-84.3774976"/>
 <node id="1928236281" visible="true" version="1" changeset="13214747" timestamp="2012-09-23T01:29:37Z" user="Ryan Lash" uid="127401" lat="33.7854871" lon="-84.3774601"/>
 <node id="1928236283" visible="true" version="1" changeset="13214747" timestamp="2012-09-23T01:29:37Z" user="Ryan Lash" uid="127401" lat="33.7855384" lon="-84.3774608"/>
 <node id="1928236285" visible="true" version="1" changeset="13214747" timestamp="2012-09-23T01:29:37Z" user="Ryan Lash" uid="127401" lat="33.7855820" lon="-84.3774835"/>
 <node id="1928236286" visible="true" version="1" changeset="13214747" timestamp="2012-09-23T01:29:37Z" user="Ryan Lash" uid="127401" lat="33.7856269" lon="-84.3775187"/>
 <node id="1928236288" visible="true" version="1" changeset="13214747" timestamp="2012-09-23T01:29:37Z" user="Ryan Lash" uid="127401" lat="33.7856652" lon="-84.3775422"/>
 <node id="1928236290" visible="true" version="1" changeset="13214747" timestamp="2012-09-23T01:29:37Z" user="Ryan Lash" uid="127401" lat="33.7857517" lon="-84.3775758"/>
 <node id="1928236292" visible="true" version="1" changeset="13214747" timestamp="2012-09-23T01:29:37Z" user="Ryan Lash" uid="127401" lat="33.7858161" lon="-84.3775813"/>
 <node id="1928236294" visible="true" version="1" changeset="13214747" timestamp="2012-09-23T01:29:37Z" user="Ryan Lash" uid="127401" lat="33.7858700" lon="-84.3775665"/>
 <node id="1928236296" visible="true" version="1" changeset="13214747" timestamp="2012-09-23T01:29:37Z" user="Ryan Lash" uid="127401" lat="33.7859246" lon="-84.3775399"/>
 <node id="1928236298" visible="true" version="1" changeset="13214747" timestamp="2012-09-23T01:29:38Z" user="Ryan Lash" uid="127401" lat="33.7859858" lon="-84.3775156"/>
 <node id="1928236299" visible="true" version="1" changeset="13214747" timestamp="2012-09-23T01:29:38Z" user="Ryan Lash" uid="127401" lat="33.7860391" lon="-84.3774921"/>
 <node id="1928236300" visible="true" version="1" changeset="13214747" timestamp="2012-09-23T01:29:38Z" user="Ryan Lash" uid="127401" lat="33.7860566" lon="-84.3774812"/>
 <node id="1928236301" visible="true" version="1" changeset="13214747" timestamp="2012-09-23T01:29:38Z" user="Ryan Lash" uid="127401" lat="33.7861256" lon="-84.3774765"/>
 <node id="1928236302" visible="true" version="1" changeset="13214747" timestamp="2012-09-23T01:29:38Z" user="Ryan Lash" uid="127401" lat="33.7861938" lon="-84.3775211"/>
 <node id="1928236303" visible="true" version="1" changeset="13214747" timestamp="2012-09-23T01:29:38Z" user="Ryan Lash" uid="127401" lat="33.7862263" lon="-84.3775766"/>
 <node id="1928236304" visible="true" version="1" changeset="13214747" timestamp="2012-09-23T01:29:38Z" user="Ryan Lash" uid="127401" lat="33.7862692" lon="-84.3776392"/>
 <node id="1928236305" visible="true" version="1" changeset="13214747" timestamp="2012-09-23T01:29:38Z" user="Ryan Lash" uid="127401" lat="33.7863187" lon="-84.3776611"/>
 <node id="1928236306" visible="true" version="1" changeset="13214747" timestamp="2012-09-23T01:29:38Z" user="Ryan Lash" uid="127401" lat="33.7863746" lon="-84.3776752"/>
 <node id="1928236307" visible="true" version="5" changeset="166497665" timestamp="2025-05-19T21:36:53Z" user="VLD277" uid="19857719" lat="33.7863969" lon="-84.3781444">
  <tag k="crossing" v="traffic_signals"/>
  <tag k="crossing:markings" v="surface:lines"/>
  <tag k="crossing:signals" v="yes"/>
  <tag k="highway" v="crossing"/>
  <tag k="tactile_paving" v="yes"/>
 </node>
 <node id="1928236308" visible="true" version="2" changeset="117865749" timestamp="2022-02-25T23:28:06Z" user="demory" uid="186210" lat="33.7864021" lon="-84.3780434"/>
 <node id="1928236310" visible="true" version="2" changeset="117865749" timestamp="2022-02-25T23:28:06Z" user="demory" uid="186210" lat="33.7864075" lon="-84.3779173"/>
 <node id="1928236311" visible="true" version="2" changeset="117865749" timestamp="2022-02-25T23:28:06Z" user="demory" uid="186210" lat="33.7864161" lon="-84.3777798"/>
 <node id="1928236314" visible="true" version="2" changeset="117865749" timestamp="2022-02-25T23:28:06Z" user="demory" uid="186210" lat="33.7864228" lon="-84.3776772"/>
 <node id="1928236316" visible="true" version="1" changeset="13214747" timestamp="2012-09-23T01:29:38Z" user="Ryan Lash" uid="127401" lat="33.7865660" lon="-84.3778934"/>
 <node id="1928236317" visible="true" version="1" changeset="13214747" timestamp="2012-09-23T01:29:38Z" user="Ryan Lash" uid="127401" lat="33.7865716" lon="-84.3777827"/>
 <node id="1928236319" visible="true" version="2" changeset="117865749" timestamp="2022-02-25T23:28:06Z" user="demory" uid="186210" lat="33.7865663" lon="-84.3781327"/>
 <node id="1928236321" visible="true" version="2" changeset="40801558" timestamp="2016-07-17T16:22:43Z" user="taposm" uid="166668" lat="33.7865631" lon="-84.3780442"/>
 <node id="1928236323" visible="true" version="1" changeset="13214747" timestamp="2012-09-23T01:29:38Z" user="Ryan Lash" uid="127401" lat="33.7865936" lon="-84.3776665"/>
 <node id="1928236325" visible="true" version="1" changeset="13214747" timestamp="2012-09-23T01:29:38Z" user="Ryan Lash" uid="127401" lat="33.7866378" lon="-84.3775460"/>
 <node id="1928236327" visible="true" version="1" changeset="13214747" timestamp="2012-09-23T01:29:38Z" user="Ryan Lash" uid="127401" lat="33.7866803" lon="-84.3772919"/>
 <node id="1928236328" visible="true" version="1" changeset="13214747" timestamp="2012-09-23T01:29:38Z" user="Ryan Lash" uid="127401" lat="33.7866865" lon="-84.3774464"/>
 <node id="1928236332" visible="true" version="1" changeset="13214747" timestamp="2012-09-23T01:29:38Z" user="Ryan Lash" uid="127401" lat="33.7867443" lon="-84.3773759"/>
 <node id="1928236350" visible="true" version="1" changeset="13214747" timestamp="2012-09-23T01:29:39Z" user="Ryan Lash" uid="127401" lat="33.7872529" lon="-84.3781350"/>
 <node id="1928236351" visible="true" version="3" changeset="166666039" timestamp="2025-05-23T17:01:43Z" user="VLD277" uid="19857719" lat="33.7872478" lon="-84.3780564"/>
 <node id="2186577501" visible="true" version="2" changeset="17096545" timestamp="2013-07-26T03:38:45Z" user="Ryan Lash" uid="127401" lat="33.7818636" lon="-84.3697114"/>
 <node id="2186577508" visible="true" version="1" changeset="15253978" timestamp="2013-03-05T02:27:32Z" user="Ryan Lash" uid="127401" lat="33.7818935" lon="-84.3782268"/>
 <node id="2186577513" visible="true" version="2" changeset="17096545" timestamp="2013-07-26T03:38:45Z" user="Ryan Lash" uid="127401" lat="33.7824437" lon="-84.3696412"/>
 <node id="2186577516" visible="true" version="2" changeset="17096545" timestamp="2013-07-26T03:38:45Z" user="Ryan Lash" uid="127401" lat="33.7824337" lon="-84.3693557"/>
 <node id="2186577519" visible="true" version="2" changeset="17096545" timestamp="2013-07-26T03:38:45Z" user="Ryan Lash" uid="127401" lat="33.7824674" lon="-84.3696360"/>
 <node id="2186577522" visible="true" version="2" changeset="17096545" timestamp="2013-07-26T03:38:45Z" user="Ryan Lash" uid="127401" lat="33.7825499" lon="-84.3692681"/>
 <node id="2186577526" visible="true" version="1" changeset="15253978" timestamp="2013-03-05T02:27:32Z" user="Ryan Lash" uid="127401" lat="33.7825131" lon="-84.3690639"/>
 <node id="2186577533" visible="true" version="1" changeset="15253978" timestamp="2013-03-05T02:27:32Z" user="Ryan Lash" uid="127401" lat="33.7825697" lon="-84.3781357"/>
 <node id="2186577542" visible="true" version="2" changeset="119552423" timestamp="2022-04-10T22:05:06Z" user="KB-01" uid="9509339" lat="33.7831824" lon="-84.3781357"/>
 <node id="2186577548" visible="true" version="2" changeset="15831458" timestamp="2013-04-23T01:12:03Z" user="Ryan Lash" uid="127401" lat="33.7839617" lon="-84.3781145"/>
 <node id="2186577552" visible="true" version="1" changeset="15253978" timestamp="2013-03-05T02:27:32Z" user="Ryan Lash" uid="127401" lat="33.7841965" lon="-84.3701851"/>
 <node id="2186577555" visible="true" version="2" changeset="15831458" timestamp="2013-04-23T01:12:02Z" user="Ryan Lash" uid="127401" lat="33.7840883" lon="-84.3788985"/>
 <node id="2186577557" visible="true" version="2" changeset="15831458" timestamp="2013-04-23T01:12:02Z" user="Ryan Lash" uid="127401" lat="33.7840681" lon="-84.3782409"/>
 <node id="2186577560" visible="true" version="2" changeset="15831458" timestamp="2013-04-23T01:12:02Z" user="Ryan Lash" uid="127401" lat="33.7840816" lon="-84.3785891"/>
 <node id="2186577562" visible="true" version="2" changeset="15831458" timestamp="2013-04-23T01:12:02Z" user="Ryan Lash" uid="127401" lat="33.7840717" lon="-84.3784010"/>
 <node id="2186577564" visible="true" version="2" changeset="15831458" timestamp="2013-04-23T01:12:02Z" user="Ryan Lash" uid="127401" lat="33.7842441" lon="-84.3787963"/>
 <node id="2186577566" visible="true" version="1" changeset="15253978" timestamp="2013-03-05T02:27:33Z" user="Ryan Lash" uid="127401" lat="33.7849618" lon="-84.3705356"/>
 <node id="2186577569" visible="true" version="1" changeset="15253978" timestamp="2013-03-05T02:27:33Z" user="Ryan Lash" uid="127401" lat="33.7852730" lon="-84.3706436"/>
 <node id="2186577572" visible="true" version="1" changeset="15253978" timestamp="2013-03-05T02:27:33Z" user="Ryan Lash" uid="127401" lat="33.7853813" lon="-84.3784256"/>
 <node id="2186577588" visible="true" version="1" changeset="15253978" timestamp="2013-03-05T02:27:33Z" user="Ryan Lash" uid="127401" lat="33.7855816" lon="-84.3707354"/>
 <node id="2186577591" visible="true" version="1" changeset="15253978" timestamp="2013-03-05T02:27:33Z" user="Ryan Lash" uid="127401" lat="33.7855915" lon="-84.3783619"/>
 <node id="2186577594" visible="true" version="1" changeset="15253978" timestamp="2013-03-05T02:27:33Z" user="Ryan Lash" uid="127401" lat="33.7860107" lon="-84.3782349"/>
 <node id="2186577597" visible="true" version="1" changeset="15253978" timestamp="2013-03-05T02:27:33Z" user="Ryan Lash" uid="127401" lat="33.7860676" lon="-84.3708088"/>
 <node id="2186577599" visible="true" version="1" changeset="15253978" timestamp="2013-03-05T02:27:33Z" user="Ryan Lash" uid="127401" lat="33.7862458" lon="-84.3782050"/>
 <node id="2186577601" visible="true" version="1" changeset="15253978" timestamp="2013-03-05T02:27:33Z" user="Ryan Lash" uid="127401" lat="33.7862690" lon="-84.3782021"/>
 <node id="2186577603" visible="true" version="1" changeset="15253978" timestamp="2013-03-05T02:27:33Z" user="Ryan Lash" uid="127401" lat="33.7863567" lon="-84.3708260"/>
 <node id="2186577607" visible="true" version="1" changeset="15253978" timestamp="2013-03-05T02:27:33Z" user="Ryan Lash" uid="127401" lat="33.7864914" lon="-84.3781738"/>
 <node id="2186577609" visible="true" version="1" changeset="15253978" timestamp="2013-03-05T02:27:33Z" user="Ryan Lash" uid="127401" lat="33.7866554" lon="-84.3708134"/>
 <node id="2186577611" visible="true" version="1" changeset="15253978" timestamp="2013-03-05T02:27:33Z" user="Ryan Lash" uid="127401" lat="33.7869368" lon="-84.3707766"/>
 <node id="2186577613" visible="true" version="2" changeset="16593933" timestamp="2013-06-17T18:58:57Z" user="Ryan Lash" uid="127401" lat="33.7872804" lon="-84.3771149"/>
 <node id="2186577615" visible="true" version="2" changeset="16593933" timestamp="2013-06-17T18:58:57Z" user="Ryan Lash" uid="127401" lat="33.7872897" lon="-84.3773808"/>
 <node id="2186577618" visible="true" version="2" changeset="16593933" timestamp="2013-06-17T18:58:57Z" user="Ryan Lash" uid="127401" lat="33.7873636" lon="-84.3769267"/>
 <node id="2186577620" visible="true" version="1" changeset="15253978" timestamp="2013-03-05T02:27:33Z" user="Ryan Lash" uid="127401" lat="33.7873762" lon="-84.3777552"/>
 <node id="2186577622" visible="true" version="2" changeset="16593933" timestamp="2013-06-17T19:44:48Z" user="Ryan Lash" uid="127401" lat="33.7874627" lon="-84.3780599"/>
 <node id="2186577624" visible="true" version="1" changeset="15253978" timestamp="2013-03-05T02:27:33Z" user="Ryan Lash" uid="127401" lat="33.7875910" lon="-84.3707175"/>
 <node id="2186577625" visible="true" version="2" changeset="16593933" timestamp="2013-06-17T18:58:57Z" user="Ryan Lash" uid="127401" lat="33.7876241" lon="-84.3766957"/>
 <node id="2186577626" visible="true" version="3" changeset="16593933" timestamp="2013-06-17T19:14:30Z" user="Ryan Lash" uid="127401" lat="33.7877345" lon="-84.3765517"/>
 <node id="2186577627" visible="true" version="2" changeset="16593933" timestamp="2013-06-17T18:58:57Z" user="Ryan Lash" uid="127401" lat="33.7879541" lon="-84.3762315"/>
 <node id="2186577628" visible="true" version="2" changeset="16593933" timestamp="2013-06-17T18:58:57Z" user="Ryan Lash" uid="127401" lat="33.7880469" lon="-84.3759505"/>
 <node id="2186577645" visible="true" version="1" changeset="15253978" timestamp="2013-03-05T02:27:33Z" user="Ryan Lash" uid="127401" lat="33.7896847" lon="-84.3704307"/>
 <node id="2186577654" visible="true" version="1" changeset="15253978" timestamp="2013-03-05T02:27:33Z" user="Ryan Lash" uid="127401" lat="33.7899594" lon="-84.3704034"/>
 <node id="2186577658" visible="true" version="1" changeset="15253978" timestamp="2013-03-05T02:27:33Z" user="Ryan Lash" uid="127401" lat="33.7900317" lon="-84.3703943"/>
 <node id="2186577669" visible="true" version="1" changeset="15253978" timestamp="2013-03-05T02:27:34Z" user="Ryan Lash" uid="127401" lat="33.7912567" lon="-84.3701170"/>
 <node id="2186577671" visible="true" version="2" changeset="16611365" timestamp="2013-06-19T00:43:02Z" user="Ryan Lash" uid="127401" lat="33.7915604" lon="-84.3699520"/>
 <node id="2186577682" visible="true" version="2" changeset="16611365" timestamp="2013-06-19T00:43:01Z" user="Ryan Lash" uid="127401" lat="33.7924030" lon="-84.3699509"/>
 <node id="2186577691" visible="true" version="2" changeset="16611365" timestamp="2013-06-19T00:43:02Z" user="Ryan Lash" uid="127401" lat="33.7929694" lon="-84.3699826"/>
 <node id="2186577694" visible="true" version="1" changeset="15253978" timestamp="2013-03-05T02:27:34Z" user="Ryan Lash" uid="127401" lat="33.7930901" lon="-84.3723245"/>
 <node id="2186577696" visible="true" version="1" changeset="15253978" timestamp="2013-03-05T02:27:34Z" user="Ryan Lash" uid="127401" lat="33.7930925" lon="-84.3724806"/>
 <node id="2186577698" visible="true" version="1" changeset="15253978" timestamp="2013-03-05T02:27:34Z" user="Ryan Lash" uid="127401" lat="33.7931092" lon="-84.3721306"/>
 <node id="2186577700" visible="true" version="1" changeset="15253978" timestamp="2013-03-05T02:27:34Z" user="Ryan Lash" uid="127401" lat="33.7931398" lon="-84.3725795"/>
 <node id="2186577704" visible="true" version="1" changeset="15253978" timestamp="2013-03-05T02:27:34Z" user="Ryan Lash" uid="127401" lat="33.7931516" lon="-84.3718932"/>
 <node id="2186577706" visible="true" version="1" changeset="15253978" timestamp="2013-03-05T02:27:34Z" user="Ryan Lash" uid="127401" lat="33.7932763" lon="-84.3715547"/>
 <node id="2186577708" visible="true" version="2" changeset="16611365" timestamp="2013-06-19T00:43:02Z" user="Ryan Lash" uid="127401" lat="33.7933764" lon="-84.3699981"/>
 <node id="2186577710" visible="true" version="1" changeset="15253978" timestamp="2013-03-05T02:27:34Z" user="Ryan Lash" uid="127401" lat="33.7934391" lon="-84.3711516"/>
 <node id="2186577712" visible="true" version="1" changeset="15253978" timestamp="2013-03-05T02:27:34Z" user="Ryan Lash" uid="127401" lat="33.7936219" lon="-84.3707023"/>
 <node id="2186577714" visible="true" version="1" changeset="15253978" timestamp="2013-03-05T02:27:34Z" user="Ryan Lash" uid="127401" lat="33.7937622" lon="-84.3704134"/>
 <node id="2186577716" visible="true" version="2" changeset="16611365" timestamp="2013-06-19T00:27:03Z" user="Ryan Lash" uid="127401" lat="33.7938793" lon="-84.3702511"/>
 <node id="2277885154" visible="true" version="1" changeset="15831458" timestamp="2013-04-23T02:18:52Z" user="Ryan Lash" uid="127401" lat="33.7819496" lon="-84.3804149"/>
 <node id="2277885178" visible="true" version="1" changeset="15831458" timestamp="2013-04-23T02:18:53Z" user="Ryan Lash" uid="127401" lat="33.7821104" lon="-84.3803649"/>
 <node id="2349772852" visible="true" version="2" changeset="173473919" timestamp="2025-10-19T03:39:47Z" user="shinterro" uid="8562391" lat="33.7875099" lon="-84.3781026"/>
 <node id="2349779046" visible="true" version="1" changeset="16593933" timestamp="2013-06-17T18:58:57Z" user="Ryan Lash" uid="127401" lat="33.7872812" lon="-84.3772238"/>
 <node id="2349779048" visible="true" version="1" changeset="16593933" timestamp="2013-06-17T18:58:57Z" user="Ryan Lash" uid="127401" lat="33.7875137" lon="-84.3768106"/>
 <node id="2349779050" visible="true" version="1" changeset="16593933" timestamp="2013-06-17T18:58:57Z" user="Ryan Lash" uid="127401" lat="33.7873138" lon="-84.3769997"/>
 <node id="2349797997" visible="true" version="1" changeset="16593933" timestamp="2013-06-17T19:14:29Z" user="Ryan Lash" uid="127401" lat="33.7878313" lon="-84.3764281"/>
 <node id="2349842465" visible="true" version="1" changeset="16593933" timestamp="2013-06-17T19:44:48Z" user="Ryan Lash" uid="127401" lat="33.7865284" lon="-84.3780606"/>
 <node id="2351725681" visible="true" version="2" changeset="16611365" timestamp="2013-06-19T00:43:02Z" user="Ryan Lash" uid="127401" lat="33.7962307" lon="-84.3696637"/>
 <node id="2351725683" visible="true" version="1" changeset="16611365" timestamp="2013-06-19T00:27:02Z" user="Ryan Lash" uid="127401" lat="33.7951690" lon="-84.3707304"/>
 <node id="2351728372" visible="true" version="1" changeset="16611365" timestamp="2013-06-19T00:43:00Z" user="Ryan Lash" uid="127401" lat="33.7953242" lon="-84.3681297"/>
 <node id="2351728373" visible="true" version="1" changeset="16611365" timestamp="2013-06-19T00:43:00Z" user="Ryan Lash" uid="127401" lat="33.7948641" lon="-84.3679750"/>
 <node id="2351728384" visible="true" version="1" changeset="16611365" timestamp="2013-06-19T00:43:00Z" user="Ryan Lash" uid="127401" lat="33.7937882" lon="-84.3690084"/>
 <node id="2351728388" visible="true" version="3" changeset="141821167" timestamp="2023-09-27T13:49:44Z" user="ZakharP" uid="18232787" lat="33.7938639" lon="-84.3684360"/>
 <node id="2351728392" visible="true" version="1" changeset="16611365" timestamp="2013-06-19T00:43:00Z" user="Ryan Lash" uid="127401" lat="33.7936297" lon="-84.3690395"/>
 <node id="2351728393" visible="true" version="1" changeset="16611365" timestamp="2013-06-19T00:43:00Z" user="Ryan Lash" uid="127401" lat="33.7939286" lon="-84.3679355"/>
 <node id="2351728394" visible="true" version="1" changeset="16611365" timestamp="2013-06-19T00:43:00Z" user="Ryan Lash" uid="127401" lat="33.7952317" lon="-84.3691315"/>
 <node id="2351728399" visible="true" version="1" changeset="16611365" timestamp="2013-06-19T00:43:00Z" user="Ryan Lash" uid="127401" lat="33.7955241" lon="-84.3677601"/>
 <node id="2351728406" visible="true" version="1" changeset="16611365" timestamp="2013-06-19T00:43:00Z" user="Ryan Lash" uid="127401" lat="33.7958344" lon="-84.3680517"/>
 <node id="2355558352" visible="true" version="2" changeset="173425135" timestamp="2025-10-17T19:17:07Z" user="shinterro" uid="8562391" lat="33.7860909" lon="-84.3783054"/>
 <node id="2355558353" visible="true" version="2" changeset="173425135" timestamp="2025-10-17T19:17:07Z" user="shinterro" uid="8562391" lat="33.7859884" lon="-84.3783224"/>
 <node id="2355558354" visible="true" version="2" changeset="173425135" timestamp="2025-10-17T19:17:07Z" user="shinterro" uid="8562391" lat="33.7859941" lon="-84.3786995"/>
 <node id="2355558355" visible="true" version="2" changeset="173425135" timestamp="2025-10-17T19:17:07Z" user="shinterro" uid="8562391" lat="33.7860965" lon="-84.3786973"/>
 <node id="2396912024" visible="true" version="1" changeset="17096545" timestamp="2013-07-26T03:38:43Z" user="Ryan Lash" uid="127401" lat="33.7819155" lon="-84.3696746"/>
 <node id="2396912030" visible="true" version="1" changeset="17096545" timestamp="2013-07-26T03:38:43Z" user="Ryan Lash" uid="127401" lat="33.7824674" lon="-84.3695378"/>
 <node id="2396912038" visible="true" version="1" changeset="17096545" timestamp="2013-07-26T03:38:44Z" user="Ryan Lash" uid="127401" lat="33.7823592" lon="-84.3696829"/>
 <node id="2396912057" visible="true" version="1" changeset="17096545" timestamp="2013-07-26T03:38:44Z" user="Ryan Lash" uid="127401" lat="33.7824516" lon="-84.3694439"/>
 <node id="2430535685" visible="true" version="3" changeset="173299277" timestamp="2025-10-15T02:49:39Z" user="shinterro" uid="8562391" lat="33.7846228" lon="-84.3814879"/>
 <node id="2430535691" visible="true" version="3" changeset="173299277" timestamp="2025-10-15T02:49:39Z" user="shinterro" uid="8562391" lat="33.7844299" lon="-84.3819987"/>
 <node id="2430535698" visible="true" version="3" changeset="173299277" timestamp="2025-10-15T02:49:39Z" user="shinterro" uid="8562391" lat="33.7852996" lon="-84.3820096"/>
 <node id="2430535701" visible="true" version="3" changeset="173299277" timestamp="2025-10-15T02:49:39Z" user="shinterro" uid="8562391" lat="33.7852395" lon="-84.3814917"/>
 <node id="2430535705" visible="true" version="3" changeset="173299277" timestamp="2025-10-15T02:49:39Z" user="shinterro" uid="8562391" lat="33.7846154" lon="-84.3809538"/>
 <node id="2430535709" visible="true" version="3" changeset="173299277" timestamp="2025-10-15T02:49:39Z" user="shinterro" uid="8562391" lat="33.7844779" lon="-84.3809733"/>
 <node id="2430535711" visible="true" version="3" changeset="173299277" timestamp="2025-10-15T02:49:39Z" user="shinterro" uid="8562391" lat="33.7846214" lon="-84.3818164"/>
 <node id="2430535719" visible="true" version="3" changeset="173299277" timestamp="2025-10-15T02:49:39Z" user="shinterro" uid="8562391" lat="33.7852383" lon="-84.3817897"/>
 <node id="2430535722" visible="true" version="3" changeset="173299277" timestamp="2025-10-15T02:49:39Z" user="shinterro" uid="8562391" lat="33.7852739" lon="-84.3817899"/>
 <node id="2623528194" visible="true" version="3" changeset="173471756" timestamp="2025-10-19T00:38:49Z" user="shinterro" uid="8562391" lat="33.7873389" lon="-84.3809365"/>
 <node id="2623528200" visible="true" version="3" changeset="173471756" timestamp="2025-10-19T00:38:49Z" user="shinterro" uid="8562391" lat="33.7867157" lon="-84.3809350"/>
 <node id="2623528201" visible="true" version="3" changeset="173471756" timestamp="2025-10-19T00:38:49Z" user="shinterro" uid="8562391" lat="33.7867165" lon="-84.3800250"/>
 <node id="2623528205" visible="true" version="2" changeset="173471756" timestamp="2025-10-19T00:38:49Z" user="shinterro" uid="8562391" lat="33.7873178" lon="-84.3800264"/>
 <node id="2748849576" visible="true" version="2" changeset="173252543" timestamp="2025-10-14T01:46:49Z" user="shinterro" uid="8562391" lat="33.7851296" lon="-84.3786988"/>
 <node id="2748849578" visible="true" version="2" changeset="173252543" timestamp="2025-10-14T01:46:49Z" user="shinterro" uid="8562391" lat="33.7851305" lon="-84.3787706"/>
 <node id="2748849581" visible="true" version="2" changeset="173252543" timestamp="2025-10-14T01:46:49Z" user="shinterro" uid="8562391" lat="33.7851489" lon="-84.3789566"/>
 <node id="2748849583" visible="true" version="2" changeset="173252543" timestamp="2025-10-14T01:46:49Z" user="shinterro" uid="8562391" lat="33.7851508" lon="-84.3791083"/>
 <node id="2748849584" visible="true" version="2" changeset="173252543" timestamp="2025-10-14T01:46:49Z" user="shinterro" uid="8562391" lat="33.7851597" lon="-84.3787701"/>
 <node id="2748849587" visible="true" version="2" changeset="173252543" timestamp="2025-10-14T01:46:49Z" user="shinterro" uid="8562391" lat="33.7851700" lon="-84.3789562"/>
 <node id="2748849595" visible="true" version="2" changeset="173252543" timestamp="2025-10-14T01:46:49Z" user="shinterro" uid="8562391" lat="33.7852856" lon="-84.3786333"/>
 <node id="2748849597" visible="true" version="2" changeset="173252543" timestamp="2025-10-14T01:46:49Z" user="shinterro" uid="8562391" lat="33.7852916" lon="-84.3791057"/>
 <node id="2748849621" visible="true" version="2" changeset="173425135" timestamp="2025-10-17T19:17:07Z" user="shinterro" uid="8562391" lat="33.7854671" lon="-84.3788644"/>
 <node id="2748849623" visible="true" version="2" changeset="173425135" timestamp="2025-10-17T19:17:07Z" user="shinterro" uid="8562391" lat="33.7854699" lon="-84.3789515"/>
 <node id="2748849625" visible="true" version="2" changeset="173425135" timestamp="2025-10-17T19:17:07Z" user="shinterro" uid="8562391" lat="33.7854741" lon="-84.3788453"/>
 <node id="2748849629" visible="true" version="2" changeset="173425135" timestamp="2025-10-17T19:17:07Z" user="shinterro" uid="8562391" lat="33.7854795" lon="-84.3788347"/>
 <node id="2748849630" visible="true" version="2" changeset="173425135" timestamp="2025-10-17T19:17:07Z" user="shinterro" uid="8562391" lat="33.7854850" lon="-84.3788260"/>
 <node id="2748849635" visible="true" version="2" changeset="173425135" timestamp="2025-10-17T19:17:07Z" user="shinterro" uid="8562391" lat="33.7855653" lon="-84.3787300"/>
 <node id="2748849637" visible="true" version="2" changeset="173425135" timestamp="2025-10-17T19:17:07Z" user="shinterro" uid="8562391" lat="33.7855685" lon="-84.3790768"/>
 <node id="2748849644" visible="true" version="2" changeset="173425135" timestamp="2025-10-17T19:17:07Z" user="shinterro" uid="8562391" lat="33.7855921" lon="-84.3787316"/>
 <node id="2748849649" visible="true" version="2" changeset="173425135" timestamp="2025-10-17T19:17:07Z" user="shinterro" uid="8562391" lat="33.7856055" lon="-84.3793446"/>
 <node id="2748849650" visible="true" version="2" changeset="173425135" timestamp="2025-10-17T19:17:07Z" user="shinterro" uid="8562391" lat="33.7855867" lon="-84.3784645"/>
 <node id="2748849653" visible="true" version="2" changeset="173425135" timestamp="2025-10-17T19:17:07Z" user="shinterro" uid="8562391" lat="33.7856001" lon="-84.3790753"/>
 <node id="2748849666" visible="true" version="2" changeset="173425135" timestamp="2025-10-17T19:17:07Z" user="shinterro" uid="8562391" lat="33.7856889" lon="-84.3793517"/>
 <node id="2748849667" visible="true" version="2" changeset="173425135" timestamp="2025-10-17T19:17:07Z" user="shinterro" uid="8562391" lat="33.7856887" lon="-84.3793422"/>
 <node id="2748849676" visible="true" version="2" changeset="173425135" timestamp="2025-10-17T19:17:07Z" user="shinterro" uid="8562391" lat="33.7857114" lon="-84.3793512"/>
 <node id="2748849677" visible="true" version="2" changeset="173425135" timestamp="2025-10-17T19:17:07Z" user="shinterro" uid="8562391" lat="33.7857112" lon="-84.3793415"/>
 <node id="2748849679" visible="true" version="2" changeset="173425135" timestamp="2025-10-17T19:17:07Z" user="shinterro" uid="8562391" lat="33.7857582" lon="-84.3785511"/>
 <node id="2748849680" visible="true" version="2" changeset="173425135" timestamp="2025-10-17T19:17:07Z" user="shinterro" uid="8562391" lat="33.7857720" lon="-84.3784584"/>
 <node id="2748849681" visible="true" version="2" changeset="173425135" timestamp="2025-10-17T19:17:07Z" user="shinterro" uid="8562391" lat="33.7857648" lon="-84.3784473"/>
 <node id="2748849682" visible="true" version="2" changeset="173425135" timestamp="2025-10-17T19:17:07Z" user="shinterro" uid="8562391" lat="33.7857599" lon="-84.3786328"/>
 <node id="2748849683" visible="true" version="2" changeset="173425135" timestamp="2025-10-17T19:17:07Z" user="shinterro" uid="8562391" lat="33.7857608" lon="-84.3786724"/>
 <node id="2748849685" visible="true" version="2" changeset="173425135" timestamp="2025-10-17T19:17:07Z" user="shinterro" uid="8562391" lat="33.7857625" lon="-84.3787260"/>
 <node id="2748849686" visible="true" version="2" changeset="173425135" timestamp="2025-10-17T19:17:07Z" user="shinterro" uid="8562391" lat="33.7857644" lon="-84.3788172"/>
 <node id="2748849687" visible="true" version="2" changeset="173425135" timestamp="2025-10-17T19:17:07Z" user="shinterro" uid="8562391" lat="33.7857649" lon="-84.3788676"/>
 <node id="2748849689" visible="true" version="2" changeset="173425135" timestamp="2025-10-17T19:17:07Z" user="shinterro" uid="8562391" lat="33.7857661" lon="-84.3789279"/>
 <node id="2748849691" visible="true" version="2" changeset="173425135" timestamp="2025-10-17T19:17:07Z" user="shinterro" uid="8562391" lat="33.7857674" lon="-84.3789775"/>
 <node id="2748849692" visible="true" version="2" changeset="173425135" timestamp="2025-10-17T19:17:07Z" user="shinterro" uid="8562391" lat="33.7857694" lon="-84.3790695"/>
 <node id="2748849696" visible="true" version="2" changeset="173425135" timestamp="2025-10-17T19:17:07Z" user="shinterro" uid="8562391" lat="33.7857727" lon="-84.3791236"/>
 <node id="2748849697" visible="true" version="2" changeset="173425135" timestamp="2025-10-17T19:17:07Z" user="shinterro" uid="8562391" lat="33.7857740" lon="-84.3785507"/>
 <node id="2748849699" visible="true" version="2" changeset="173425135" timestamp="2025-10-17T19:17:07Z" user="shinterro" uid="8562391" lat="33.7857729" lon="-84.3784983"/>
 <node id="2748849700" visible="true" version="2" changeset="173425135" timestamp="2025-10-17T19:17:07Z" user="shinterro" uid="8562391" lat="33.7857753" lon="-84.3792432"/>
 <node id="2748849702" visible="true" version="2" changeset="173425135" timestamp="2025-10-17T19:17:07Z" user="shinterro" uid="8562391" lat="33.7857775" lon="-84.3786719"/>
 <node id="2748849704" visible="true" version="2" changeset="173425135" timestamp="2025-10-17T19:17:07Z" user="shinterro" uid="8562391" lat="33.7857786" lon="-84.3787255"/>
 <node id="2748849707" visible="true" version="2" changeset="173425135" timestamp="2025-10-17T19:17:07Z" user="shinterro" uid="8562391" lat="33.7857807" lon="-84.3788167"/>
 <node id="2748849710" visible="true" version="2" changeset="173425135" timestamp="2025-10-17T19:17:07Z" user="shinterro" uid="8562391" lat="33.7857818" lon="-84.3788671"/>
 <node id="2748849714" visible="true" version="2" changeset="173425135" timestamp="2025-10-17T19:17:07Z" user="shinterro" uid="8562391" lat="33.7857838" lon="-84.3789273"/>
 <node id="2748849715" visible="true" version="2" changeset="173425135" timestamp="2025-10-17T19:17:07Z" user="shinterro" uid="8562391" lat="33.7857841" lon="-84.3793489"/>
 <node id="2748849717" visible="true" version="2" changeset="173425135" timestamp="2025-10-17T19:17:07Z" user="shinterro" uid="8562391" lat="33.7857849" lon="-84.3789770"/>
 <node id="2748849719" visible="true" version="2" changeset="173425135" timestamp="2025-10-17T19:17:07Z" user="shinterro" uid="8562391" lat="33.7857873" lon="-84.3790690"/>
 <node id="2748849720" visible="true" version="2" changeset="173425135" timestamp="2025-10-17T19:17:07Z" user="shinterro" uid="8562391" lat="33.7857884" lon="-84.3791232"/>
 <node id="2748849723" visible="true" version="2" changeset="173425135" timestamp="2025-10-17T19:17:07Z" user="shinterro" uid="8562391" lat="33.7857919" lon="-84.3792427"/>
 <node id="2748849725" visible="true" version="2" changeset="173425135" timestamp="2025-10-17T19:17:07Z" user="shinterro" uid="8562391" lat="33.7857940" lon="-84.3793366"/>
 <node id="2748849863" visible="true" version="2" changeset="173471756" timestamp="2025-10-19T00:38:49Z" user="shinterro" uid="8562391" lat="33.7865789" lon="-84.3786933"/>
 <node id="2748849865" visible="true" version="2" changeset="173471756" timestamp="2025-10-19T00:38:49Z" user="shinterro" uid="8562391" lat="33.7865801" lon="-84.3788161"/>
 <node id="2748849873" visible="true" version="2" changeset="173471756" timestamp="2025-10-19T00:38:49Z" user="shinterro" uid="8562391" lat="33.7866030" lon="-84.3786690"/>
 <node id="2748849875" visible="true" version="2" changeset="173471756" timestamp="2025-10-19T00:38:49Z" user="shinterro" uid="8562391" lat="33.7866032" lon="-84.3786929"/>
 <node id="2748849881" visible="true" version="2" changeset="173425135" timestamp="2025-10-17T19:17:07Z" user="shinterro" uid="8562391" lat="33.7866299" lon="-84.3788842"/>
 <node id="2748849884" visible="true" version="2" changeset="173471756" timestamp="2025-10-19T00:38:49Z" user="shinterro" uid="8562391" lat="33.7866505" lon="-84.3786683"/>
 <node id="2748849886" visible="true" version="2" changeset="173471756" timestamp="2025-10-19T00:38:49Z" user="shinterro" uid="8562391" lat="33.7866508" lon="-84.3786989"/>
 <node id="2748849899" visible="true" version="2" changeset="173471756" timestamp="2025-10-19T00:38:49Z" user="shinterro" uid="8562391" lat="33.7866901" lon="-84.3786723"/>
 <node id="2748849900" visible="true" version="2" changeset="173471756" timestamp="2025-10-19T00:38:49Z" user="shinterro" uid="8562391" lat="33.7866904" lon="-84.3786983"/>
 <node id="2748849905" visible="true" version="2" changeset="173471756" timestamp="2025-10-19T00:38:49Z" user="shinterro" uid="8562391" lat="33.7867149" lon="-84.3784175"/>
 <node id="2748849907" visible="true" version="2" changeset="173471756" timestamp="2025-10-19T00:38:49Z" user="shinterro" uid="8562391" lat="33.7867234" lon="-84.3786719"/>
 <node id="2748849908" visible="true" version="2" changeset="173471756" timestamp="2025-10-19T00:38:49Z" user="shinterro" uid="8562391" lat="33.7867155" lon="-84.3784773"/>
 <node id="2748849912" visible="true" version="2" changeset="173471756" timestamp="2025-10-19T00:38:49Z" user="shinterro" uid="8562391" lat="33.7867236" lon="-84.3786969"/>
 <node id="2748849915" visible="true" version="2" changeset="173471756" timestamp="2025-10-19T00:38:49Z" user="shinterro" uid="8562391" lat="33.7867173" lon="-84.3785993"/>
 <node id="2748849917" visible="true" version="2" changeset="173471756" timestamp="2025-10-19T00:38:49Z" user="shinterro" uid="8562391" lat="33.7867170" lon="-84.3785236"/>
 <node id="2748849920" visible="true" version="2" changeset="173471756" timestamp="2025-10-19T00:38:49Z" user="shinterro" uid="8562391" lat="33.7867178" lon="-84.3786510"/>
 <node id="2748849921" visible="true" version="2" changeset="173471756" timestamp="2025-10-19T00:38:49Z" user="shinterro" uid="8562391" lat="33.7867175" lon="-84.3785692"/>
 <node id="2748849925" visible="true" version="2" changeset="173471756" timestamp="2025-10-19T00:38:49Z" user="shinterro" uid="8562391" lat="33.7867410" lon="-84.3783925"/>
 <node id="2748849926" visible="true" version="2" changeset="173471756" timestamp="2025-10-19T00:38:49Z" user="shinterro" uid="8562391" lat="33.7867412" lon="-84.3784171"/>
 <node id="2748849928" visible="true" version="2" changeset="173471756" timestamp="2025-10-19T00:38:49Z" user="shinterro" uid="8562391" lat="33.7867402" lon="-84.3785689"/>
 <node id="2748849930" visible="true" version="2" changeset="173471756" timestamp="2025-10-19T00:38:49Z" user="shinterro" uid="8562391" lat="33.7867405" lon="-84.3785990"/>
 <node id="2748849932" visible="true" version="2" changeset="173471756" timestamp="2025-10-19T00:38:49Z" user="shinterro" uid="8562391" lat="33.7867397" lon="-84.3784770"/>
 <node id="2748849933" visible="true" version="2" changeset="173471756" timestamp="2025-10-19T00:38:49Z" user="shinterro" uid="8562391" lat="33.7867413" lon="-84.3786507"/>
 <node id="2748849935" visible="true" version="2" changeset="173471756" timestamp="2025-10-19T00:38:49Z" user="shinterro" uid="8562391" lat="33.7867402" lon="-84.3785233"/>
 <node id="2748849937" visible="true" version="2" changeset="173471756" timestamp="2025-10-19T00:38:49Z" user="shinterro" uid="8562391" lat="33.7867417" lon="-84.3786966"/>
 <node id="2748849955" visible="true" version="2" changeset="173471756" timestamp="2025-10-19T00:38:49Z" user="shinterro" uid="8562391" lat="33.7868353" lon="-84.3783912"/>
 <node id="2748849961" visible="true" version="2" changeset="173425135" timestamp="2025-10-17T19:17:07Z" user="shinterro" uid="8562391" lat="33.7868588" lon="-84.3788909"/>
 <node id="2749706062" visible="true" version="2" changeset="173425135" timestamp="2025-10-17T19:17:07Z" user="shinterro" uid="8562391" lat="33.7855325" lon="-84.3820126"/>
 <node id="2749706065" visible="true" version="2" changeset="173425135" timestamp="2025-10-17T19:17:07Z" user="shinterro" uid="8562391" lat="33.7866914" lon="-84.3793326"/>
 <node id="2749706067" visible="true" version="2" changeset="173425135" timestamp="2025-10-17T19:17:07Z" user="shinterro" uid="8562391" lat="33.7866273" lon="-84.3790141"/>
 <node id="2749706077" visible="true" version="2" changeset="173425135" timestamp="2025-10-17T19:17:07Z" user="shinterro" uid="8562391" lat="33.7868561" lon="-84.3790208"/>
 <node id="2749706086" visible="true" version="9" changeset="168936012" timestamp="2025-07-14T21:04:48Z" user="shinterro" uid="8562391" lat="33.7885448" lon="-84.3831894"/>
 <node id="2749706138" visible="true" version="4" changeset="174749270" timestamp="2025-11-16T23:04:57Z" user="shinterro" uid="8562391" lat="33.7863310" lon="-84.3815022"/>
 <node id="2749706158" visible="true" version="4" changeset="174749270" timestamp="2025-11-16T23:04:57Z" user="shinterro" uid="8562391" lat="33.7857824" lon="-84.3809129"/>
 <node id="2749706196" visible="true" version="1" changeset="21365527" timestamp="2014-03-28T13:42:13Z" user="Saikrishna_FultonCountyImport" uid="1981121" lat="33.7866626" lon="-84.3798956">
  <tag k="addr:city" v="Atlanta"/>
  <tag k="addr:housenumber" v="238"/>
  <tag k="addr:postcode" v="30309"/>
  <tag k="addr:street" v="14th Street Northeast"/>
 </node>
 <node id="2749710125" visible="true" version="2" changeset="173425135" timestamp="2025-10-17T19:17:07Z" user="shinterro" uid="8562391" lat="33.7848459" lon="-84.3793372"/>
 <node id="2749710128" visible="true" version="2" changeset="173425135" timestamp="2025-10-17T19:17:07Z" user="shinterro" uid="8562391" lat="33.7848478" lon="-84.3798148"/>
 <node id="2749710255" visible="true" version="2" changeset="173425135" timestamp="2025-10-17T19:17:07Z" user="shinterro" uid="8562391" lat="33.7850534" lon="-84.3792046"/>
 <node id="2749710256" visible="true" version="2" changeset="173425135" timestamp="2025-10-17T19:17:07Z" user="shinterro" uid="8562391" lat="33.7850540" lon="-84.3793361"/>
 <node id="2749710300" visible="true" version="2" changeset="173425135" timestamp="2025-10-17T19:17:07Z" user="shinterro" uid="8562391" lat="33.7852343" lon="-84.3792036"/>
 <node id="2749710302" visible="true" version="2" changeset="173425135" timestamp="2025-10-17T19:17:07Z" user="shinterro" uid="8562391" lat="33.7852366" lon="-84.3798127"/>
 <node id="2749710369" visible="true" version="2" changeset="173425135" timestamp="2025-10-17T19:17:07Z" user="shinterro" uid="8562391" lat="33.7854624" lon="-84.3794535"/>
 <node id="2749710371" visible="true" version="2" changeset="173425135" timestamp="2025-10-17T19:17:07Z" user="shinterro" uid="8562391" lat="33.7854611" lon="-84.3799078"/>
 <node id="2749710391" visible="true" version="2" changeset="173425135" timestamp="2025-10-17T19:17:07Z" user="shinterro" uid="8562391" lat="33.7855143" lon="-84.3799677"/>
 <node id="2749710393" visible="true" version="2" changeset="173425135" timestamp="2025-10-17T19:17:07Z" user="shinterro" uid="8562391" lat="33.7855112" lon="-84.3793927"/>
 <node id="2749710452" visible="true" version="2" changeset="173425135" timestamp="2025-10-17T19:17:07Z" user="shinterro" uid="8562391" lat="33.7856237" lon="-84.3802619"/>
 <node id="2749710453" visible="true" version="2" changeset="173425135" timestamp="2025-10-17T19:17:07Z" user="shinterro" uid="8562391" lat="33.7856222" lon="-84.3804472"/>
 <node id="2749710455" visible="true" version="2" changeset="173425135" timestamp="2025-10-17T19:17:07Z" user="shinterro" uid="8562391" lat="33.7856319" lon="-84.3797557"/>
 <node id="2749710456" visible="true" version="3" changeset="173425135" timestamp="2025-10-17T19:17:07Z" user="shinterro" uid="8562391" lat="33.7856330" lon="-84.3793932"/>
 <node id="2749710470" visible="true" version="2" changeset="53350875" timestamp="2017-10-29T19:35:58Z" user="swimdb" uid="231017" lat="33.7856981" lon="-84.3826272"/>
 <node id="2749710475" visible="true" version="2" changeset="173425135" timestamp="2025-10-17T19:17:07Z" user="shinterro" uid="8562391" lat="33.7857232" lon="-84.3802017"/>
 <node id="2749710477" visible="true" version="2" changeset="173425135" timestamp="2025-10-17T19:17:07Z" user="shinterro" uid="8562391" lat="33.7857236" lon="-84.3800968"/>
 <node id="2749710479" visible="true" version="2" changeset="53350875" timestamp="2017-10-29T19:35:58Z" user="swimdb" uid="231017" lat="33.7857358" lon="-84.3827541"/>
 <node id="2749710480" visible="true" version="2" changeset="173425135" timestamp="2025-10-17T19:17:07Z" user="shinterro" uid="8562391" lat="33.7857370" lon="-84.3802317"/>
 <node id="2749710482" visible="true" version="2" changeset="173425135" timestamp="2025-10-17T19:17:07Z" user="shinterro" uid="8562391" lat="33.7857371" lon="-84.3802018"/>
 <node id="2749710491" visible="true" version="2" changeset="173425135" timestamp="2025-10-17T19:17:07Z" user="shinterro" uid="8562391" lat="33.7857664" lon="-84.3802635"/>
 <node id="2749710493" visible="true" version="2" changeset="173425135" timestamp="2025-10-17T19:17:07Z" user="shinterro" uid="8562391" lat="33.7857650" lon="-84.3804489"/>
 <node id="2749710496" visible="true" version="2" changeset="53350875" timestamp="2017-10-29T19:35:58Z" user="swimdb" uid="231017" lat="33.7857706" lon="-84.3827103"/>
 <node id="2749710498" visible="true" version="2" changeset="173425135" timestamp="2025-10-17T19:17:07Z" user="shinterro" uid="8562391" lat="33.7857713" lon="-84.3797563"/>
 <node id="2749710499" visible="true" version="2" changeset="173425135" timestamp="2025-10-17T19:17:07Z" user="shinterro" uid="8562391" lat="33.7857720" lon="-84.3795044"/>
 <node id="2749710518" visible="true" version="2" changeset="53350875" timestamp="2017-10-29T19:35:58Z" user="swimdb" uid="231017" lat="33.7858365" lon="-84.3828698"/>
 <node id="2749710533" visible="true" version="2" changeset="53350875" timestamp="2017-10-29T19:35:58Z" user="swimdb" uid="231017" lat="33.7858561" lon="-84.3828453"/>
 <node id="2749710558" visible="true" version="2" changeset="173425135" timestamp="2025-10-17T19:17:07Z" user="shinterro" uid="8562391" lat="33.7858784" lon="-84.3801918"/>
 <node id="2749710562" visible="true" version="2" changeset="173425135" timestamp="2025-10-17T19:17:07Z" user="shinterro" uid="8562391" lat="33.7858789" lon="-84.3800978"/>
 <node id="2749710569" visible="true" version="2" changeset="173425135" timestamp="2025-10-17T19:17:07Z" user="shinterro" uid="8562391" lat="33.7858950" lon="-84.3799693"/>
 <node id="2749710579" visible="true" version="2" changeset="173425135" timestamp="2025-10-17T19:17:07Z" user="shinterro" uid="8562391" lat="33.7858942" lon="-84.3801691"/>
 <node id="2749710580" visible="true" version="2" changeset="173425135" timestamp="2025-10-17T19:17:07Z" user="shinterro" uid="8562391" lat="33.7858941" lon="-84.3801919"/>
 <node id="2749710582" visible="true" version="2" changeset="53350875" timestamp="2017-10-29T19:35:58Z" user="swimdb" uid="231017" lat="33.7858950" lon="-84.3828903"/>
 <node id="2749710601" visible="true" version="2" changeset="173425135" timestamp="2025-10-17T19:17:07Z" user="shinterro" uid="8562391" lat="33.7859285" lon="-84.3791407"/>
 <node id="2749710602" visible="true" version="2" changeset="173425135" timestamp="2025-10-17T19:17:07Z" user="shinterro" uid="8562391" lat="33.7859292" lon="-84.3790109"/>
 <node id="2749710603" visible="true" version="2" changeset="173425135" timestamp="2025-10-17T19:17:07Z" user="shinterro" uid="8562391" lat="33.7859304" lon="-84.3803739"/>
 <node id="2749710604" visible="true" version="2" changeset="173425135" timestamp="2025-10-17T19:17:07Z" user="shinterro" uid="8562391" lat="33.7859311" lon="-84.3802330"/>
 <node id="2749710605" visible="true" version="2" changeset="173425135" timestamp="2025-10-17T19:17:07Z" user="shinterro" uid="8562391" lat="33.7859424" lon="-84.3795051"/>
 <node id="2749710606" visible="true" version="2" changeset="173425135" timestamp="2025-10-17T19:17:07Z" user="shinterro" uid="8562391" lat="33.7859413" lon="-84.3799091"/>
 <node id="2749710617" visible="true" version="2" changeset="53350875" timestamp="2017-10-29T19:35:58Z" user="swimdb" uid="231017" lat="33.7859614" lon="-84.3822945"/>
 <node id="2749710618" visible="true" version="2" changeset="53350875" timestamp="2017-10-29T19:35:58Z" user="swimdb" uid="231017" lat="33.7859278" lon="-84.3828897"/>
 <node id="2749710621" visible="true" version="2" changeset="173425135" timestamp="2025-10-17T19:17:07Z" user="shinterro" uid="8562391" lat="33.7859819" lon="-84.3800452"/>
 <node id="2749710622" visible="true" version="2" changeset="173425135" timestamp="2025-10-17T19:17:07Z" user="shinterro" uid="8562391" lat="33.7859818" lon="-84.3799193"/>
 <node id="2749710625" visible="true" version="2" changeset="173425135" timestamp="2025-10-17T19:17:07Z" user="shinterro" uid="8562391" lat="33.7860291" lon="-84.3793682"/>
 <node id="2749710626" visible="true" version="2" changeset="173425135" timestamp="2025-10-17T19:17:07Z" user="shinterro" uid="8562391" lat="33.7860255" lon="-84.3792039"/>
 <node id="2749710628" visible="true" version="2" changeset="173425135" timestamp="2025-10-17T19:17:07Z" user="shinterro" uid="8562391" lat="33.7860236" lon="-84.3803744"/>
 <node id="2749710629" visible="true" version="2" changeset="173425135" timestamp="2025-10-17T19:17:07Z" user="shinterro" uid="8562391" lat="33.7860244" lon="-84.3801699"/>
 <node id="2749710630" visible="true" version="2" changeset="53350875" timestamp="2017-10-29T19:35:58Z" user="swimdb" uid="231017" lat="33.7860334" lon="-84.3823770"/>
 <node id="2749710634" visible="true" version="2" changeset="173425135" timestamp="2025-10-17T19:17:07Z" user="shinterro" uid="8562391" lat="33.7860293" lon="-84.3801162"/>
 <node id="2749710639" visible="true" version="2" changeset="173425135" timestamp="2025-10-17T19:17:07Z" user="shinterro" uid="8562391" lat="33.7860512" lon="-84.3794632"/>
 <node id="2749710640" visible="true" version="2" changeset="173425135" timestamp="2025-10-17T19:17:07Z" user="shinterro" uid="8562391" lat="33.7860513" lon="-84.3796758"/>
 <node id="2749710643" visible="true" version="2" changeset="53350875" timestamp="2017-10-29T19:35:58Z" user="swimdb" uid="231017" lat="33.7860492" lon="-84.3828871"/>
 <node id="2749710678" visible="true" version="2" changeset="173425135" timestamp="2025-10-17T19:17:07Z" user="shinterro" uid="8562391" lat="33.7862050" lon="-84.3796757"/>
 <node id="2749710679" visible="true" version="2" changeset="173425135" timestamp="2025-10-17T19:17:07Z" user="shinterro" uid="8562391" lat="33.7862052" lon="-84.3799191"/>
 <node id="2749710687" visible="true" version="2" changeset="173425135" timestamp="2025-10-17T19:17:07Z" user="shinterro" uid="8562391" lat="33.7863239" lon="-84.3793590"/>
 <node id="2749710688" visible="true" version="2" changeset="173425135" timestamp="2025-10-17T19:17:07Z" user="shinterro" uid="8562391" lat="33.7863204" lon="-84.3791948"/>
 <node id="2749710691" visible="true" version="2" changeset="173425135" timestamp="2025-10-17T19:17:07Z" user="shinterro" uid="8562391" lat="33.7863230" lon="-84.3801160"/>
 <node id="2749710692" visible="true" version="2" changeset="173425135" timestamp="2025-10-17T19:17:07Z" user="shinterro" uid="8562391" lat="33.7863313" lon="-84.3794629"/>
 <node id="2749710693" visible="true" version="2" changeset="173425135" timestamp="2025-10-17T19:17:07Z" user="shinterro" uid="8562391" lat="33.7863443" lon="-84.3791440"/>
 <node id="2749710694" visible="true" version="2" changeset="173425135" timestamp="2025-10-17T19:17:07Z" user="shinterro" uid="8562391" lat="33.7863451" lon="-84.3790143"/>
 <node id="2749710695" visible="true" version="2" changeset="53350875" timestamp="2017-10-29T19:35:58Z" user="swimdb" uid="231017" lat="33.7862612" lon="-84.3824596"/>
 <node id="2749710703" visible="true" version="2" changeset="173425135" timestamp="2025-10-17T19:17:07Z" user="shinterro" uid="8562391" lat="33.7863746" lon="-84.3795229"/>
 <node id="2749710705" visible="true" version="2" changeset="173425135" timestamp="2025-10-17T19:17:07Z" user="shinterro" uid="8562391" lat="33.7863750" lon="-84.3800794"/>
 <node id="2749710740" visible="true" version="2" changeset="173425135" timestamp="2025-10-17T19:17:07Z" user="shinterro" uid="8562391" lat="33.7866935" lon="-84.3791969"/>
 <node id="3602660734" visible="true" version="1" changeset="32050788" timestamp="2015-06-18T13:13:49Z" user="andygol" uid="94578" lat="33.7853786" lon="-84.3828708"/>
 <node id="3602660735" visible="true" version="2" changeset="171561157" timestamp="2025-09-06T21:55:57Z" user="shinterro" uid="8562391" lat="33.7853843" lon="-84.3829958">
  <tag k="highway" v="crossing"/>
 </node>
 <node id="3602660736" visible="true" version="2" changeset="166654397" timestamp="2025-05-23T12:39:55Z" user="saraswathi89" uid="21759278" lat="33.7853910" lon="-84.3831075">
  <tag k="barrier" v="kerb"/>
  <tag k="kerb" v="lowered"/>
  <tag k="tactile_paving" v="yes"/>
 </node>
 <node id="3602660737" visible="true" version="8" changeset="176069957" timestamp="2025-12-17T22:38:39Z" user="adelriosantiago" uid="12908516" lat="33.7854506" lon="-84.3828834">
  <tag k="crossing:island" v="no"/>
  <tag k="crossing:signals" v="yes"/>
  <tag k="highway" v="crossing"/>
  <tag k="tactile_paving" v="yes"/>
 </node>
 <node id="3602660738" visible="true" version="1" changeset="32050788" timestamp="2015-06-18T13:13:49Z" user="andygol" uid="94578" lat="33.7854564" lon="-84.3831085"/>
 <node id="3602660739" visible="true" version="1" changeset="32050788" timestamp="2015-06-18T13:13:49Z" user="andygol" uid="94578" lat="33.7854686" lon="-84.3832386"/>
 <node id="3602660741" visible="true" version="3" changeset="166654397" timestamp="2025-05-23T12:39:55Z" user="saraswathi89" uid="21759278" lat="33.7855165" lon="-84.3828949">
  <tag k="barrier" v="kerb"/>
  <tag k="kerb" v="lowered"/>
  <tag k="tactile_paving" v="yes"/>
 </node>
 <node id="3602660742" visible="true" version="3" changeset="169171459" timestamp="2025-07-19T21:25:19Z" user="adelriosantiago" uid="12908516" lat="33.7855175" lon="-84.3831095">
  <tag k="barrier" v="kerb"/>
  <tag k="kerb" v="lowered"/>
  <tag k="tactile_paving" v="yes"/>
 </node>
 <node id="3602660743" visible="true" version="5" changeset="171561157" timestamp="2025-09-06T21:55:57Z" user="shinterro" uid="8562391" lat="33.7855158" lon="-84.3830028">
  <tag k="crossing" v="uncontrolled"/>
  <tag k="crossing:island" v="no"/>
  <tag k="crossing:markings" v="yes"/>
  <tag k="highway" v="crossing"/>
  <tag k="tactile_paving" v="yes"/>
 </node>
 <node id="3602660751" visible="true" version="3" changeset="166654397" timestamp="2025-05-23T12:39:55Z" user="saraswathi89" uid="21759278" lat="33.7864104" lon="-84.3829919">
  <tag k="barrier" v="kerb"/>
  <tag k="kerb" v="lowered"/>
  <tag k="tactile_paving" v="yes"/>
 </node>
 <node id="3602660753" visible="true" version="5" changeset="175334067" timestamp="2025-11-30T22:38:39Z" user="adelriosantiago" uid="12908516" lat="33.7864569" lon="-84.3831320">
  <tag k="crossing" v="traffic_signals"/>
  <tag k="crossing:island" v="no"/>
  <tag k="crossing:markings" v="yes"/>
  <tag k="highway" v="crossing"/>
  <tag k="tactile_paving" v="yes"/>
 </node>
 <node id="3602660756" visible="true" version="3" changeset="175334056" timestamp="2025-11-30T22:38:27Z" user="adelriosantiago" uid="12908516" lat="33.7864962" lon="-84.3832506">
  <tag k="barrier" v="kerb"/>
  <tag k="kerb" v="lowered"/>
  <tag k="tactile_paving" v="yes"/>
 </node>
 <node id="3602660757" visible="true" version="6" changeset="175463497" timestamp="2025-12-03T20:51:07Z" user="adelriosantiago" uid="12908516" lat="33.7865410" lon="-84.3830273">
  <tag k="crossing" v="traffic_signals"/>
  <tag k="crossing:island" v="no"/>
  <tag k="highway" v="crossing"/>
  <tag k="kerb" v="lowered"/>
  <tag k="tactile_paving" v="yes"/>
 </node>
 <node id="3602660760" visible="true" version="1" changeset="32050788" timestamp="2015-06-18T13:13:49Z" user="andygol" uid="94578" lat="33.7866765" lon="-84.3830479"/>
 <node id="4141755253" visible="true" version="3" changeset="170902838" timestamp="2025-08-23T23:14:22Z" user="shinterro" uid="8562391" lat="33.7855056" lon="-84.3822473">
  <tag k="barrier" v="kerb"/>
  <tag k="kerb" v="lowered"/>
  <tag k="tactile_paving" v="yes"/>
 </node>
 <node id="4141755254" visible="true" version="3" changeset="170902838" timestamp="2025-08-23T23:14:22Z" user="shinterro" uid="8562391" lat="33.7854994" lon="-84.3820867">
  <tag k="barrier" v="kerb"/>
  <tag k="kerb" v="lowered"/>
  <tag k="tactile_paving" v="yes"/>
 </node>
 <node id="4141755255" visible="true" version="2" changeset="166572476" timestamp="2025-05-21T14:32:29Z" user="sgopal" uid="21758061" lat="33.7853585" lon="-84.3820913">
  <tag k="barrier" v="kerb"/>
  <tag k="kerb" v="lowered"/>
  <tag k="tactile_paving" v="yes"/>
 </node>
 <node id="4141755256" visible="true" version="3" changeset="170902838" timestamp="2025-08-23T23:14:22Z" user="shinterro" uid="8562391" lat="33.7853756" lon="-84.3822823"/>
 <node id="4165941938" visible="true" version="7" changeset="171561157" timestamp="2025-09-06T21:55:57Z" user="shinterro" uid="8562391" lat="33.7844163" lon="-84.3830453">
  <tag k="crossing" v="traffic_signals"/>
  <tag k="crossing:island" v="no"/>
  <tag k="crossing:signals" v="yes"/>
  <tag k="highway" v="crossing"/>
  <tag k="tactile_paving" v="yes"/>
 </node>
 <node id="4165941939" visible="true" version="2" changeset="171561157" timestamp="2025-09-06T21:55:57Z" user="shinterro" uid="8562391" lat="33.7843921" lon="-84.3829430"/>
 <node id="4165941942" visible="true" version="7" changeset="171561157" timestamp="2025-09-06T21:55:57Z" user="shinterro" uid="8562391" lat="33.7842464" lon="-84.3831138">
  <tag k="crossing" v="traffic_signals"/>
  <tag k="crossing:island" v="no"/>
  <tag k="crossing:signals" v="yes"/>
  <tag k="highway" v="crossing"/>
  <tag k="tactile_paving" v="yes"/>
 </node>
 <node id="4165941946" visible="true" version="2" changeset="166596720" timestamp="2025-05-22T06:42:42Z" user="Mruthula12" uid="21759008" lat="33.7843371" lon="-84.3823149">
  <tag k="barrier" v="kerb"/>
  <tag k="kerb" v="lowered"/>
  <tag k="tactile_paving" v="yes"/>
 </node>
 <node id="4165941947" visible="true" version="6" changeset="185301295" timestamp="2026-07-07T22:28:31Z" user="7BMap" uid="24289496" lat="33.7843515" lon="-84.3822268">
  <tag k="crossing" v="traffic_signals"/>
  <tag k="crossing:markings" v="yes"/>
  <tag k="highway" v="crossing"/>
  <tag k="tactile_paving" v="yes"/>
 </node>
 <node id="4165941948" visible="true" version="4" changeset="173231595" timestamp="2025-10-13T14:43:36Z" user="shinterro" uid="8562391" lat="33.7843652" lon="-84.3821361">
  <tag k="barrier" v="kerb"/>
  <tag k="kerb" v="lowered"/>
  <tag k="tactile_paving" v="yes"/>
 </node>
 <node id="4306377241" visible="true" version="1" changeset="40785359" timestamp="2016-07-16T18:44:22Z" user="taposm" uid="166668" lat="33.7864806" lon="-84.3801983"/>
 <node id="4307557040" visible="true" version="2" changeset="117865749" timestamp="2022-02-25T23:28:06Z" user="demory" uid="186210" lat="33.7866024" lon="-84.3782489"/>
 <node id="4307557041" visible="true" version="2" changeset="117865749" timestamp="2022-02-25T23:28:06Z" user="demory" uid="186210" lat="33.7863984" lon="-84.3782455"/>
 <node id="4307557044" visible="true" version="3" changeset="175203128" timestamp="2025-11-27T15:32:05Z" user="shinterro" uid="8562391" lat="33.7863996" lon="-84.3818040"/>
 <node id="4307557045" visible="true" version="4" changeset="175203128" timestamp="2025-11-27T15:32:05Z" user="shinterro" uid="8562391" lat="33.7865865" lon="-84.3818057"/>
 <node id="4307557046" visible="true" version="3" changeset="175203128" timestamp="2025-11-27T15:32:05Z" user="shinterro" uid="8562391" lat="33.7864052" lon="-84.3820894">
  <tag k="barrier" v="kerb"/>
  <tag k="kerb" v="lowered"/>
  <tag k="tactile_paving" v="yes"/>
 </node>
 <node id="4307557047" visible="true" version="3" changeset="175203128" timestamp="2025-11-27T15:32:05Z" user="shinterro" uid="8562391" lat="33.7863945" lon="-84.3822582"/>
 <node id="4307557048" visible="true" version="3" changeset="175203128" timestamp="2025-11-27T15:32:05Z" user="shinterro" uid="8562391" lat="33.7865884" lon="-84.3822746"/>
 <node id="4307557049" visible="true" version="2" changeset="166572476" timestamp="2025-05-21T14:32:29Z" user="sgopal" uid="21758061" lat="33.7881635" lon="-84.3776959"/>
 <node id="4307557050" visible="true" version="2" changeset="166572476" timestamp="2025-05-21T14:32:29Z" user="sgopal" uid="21758061" lat="33.7881054" lon="-84.3775413">
  <tag k="barrier" v="kerb"/>
  <tag k="kerb" v="lowered"/>
  <tag k="tactile_paving" v="yes"/>
 </node>
 <node id="4307557057" visible="true" version="3" changeset="187611785" timestamp="2026-08-17T22:24:59Z" user="adelriosantiago" uid="12908516" lat="33.7891403" lon="-84.3763295">
  <tag k="barrier" v="kerb"/>
  <tag k="kerb" v="lowered"/>
  <tag k="tactile_paving" v="yes"/>
 </node>
 <node id="4311962828" visible="true" version="1" changeset="40884067" timestamp="2016-07-19T22:51:08Z" user="taposm" uid="166668" lat="33.7864243" lon="-84.3789628">
  <tag k="amenity" v="recycling"/>
  <tag k="recycling_type" v="container"/>
 </node>
 <node id="4311962829" visible="true" version="1" changeset="40884067" timestamp="2016-07-19T22:51:08Z" user="taposm" uid="166668" lat="33.7864243" lon="-84.3789769">
  <tag k="amenity" v="waste_basket"/>
 </node>
 <node id="4311962830" visible="true" version="1" changeset="40884067" timestamp="2016-07-19T22:51:08Z" user="taposm" uid="166668" lat="33.7864243" lon="-84.3800578">
  <tag k="amenity" v="bicycle_parking"/>
  <tag k="bicycle_parking" v="ground_slots"/>
 </node>
 <node id="4312094710" visible="true" version="1" changeset="40885714" timestamp="2016-07-20T02:08:44Z" user="taposm" uid="166668" lat="33.7861104" lon="-84.3784323"/>
 <node id="4312094711" visible="true" version="1" changeset="40885714" timestamp="2016-07-20T02:08:44Z" user="taposm" uid="166668" lat="33.7861106" lon="-84.3786411"/>
 <node id="4312094712" visible="true" version="1" changeset="40885714" timestamp="2016-07-20T02:08:44Z" user="taposm" uid="166668" lat="33.7861188" lon="-84.3784219"/>
 <node id="4312094713" visible="true" version="1" changeset="40885714" timestamp="2016-07-20T02:08:44Z" user="taposm" uid="166668" lat="33.7861430" lon="-84.3784219"/>
 <node id="4312094714" visible="true" version="1" changeset="40885714" timestamp="2016-07-20T02:08:44Z" user="taposm" uid="166668" lat="33.7861514" lon="-84.3784326"/>
 <node id="4312094715" visible="true" version="1" changeset="40885714" timestamp="2016-07-20T02:08:44Z" user="taposm" uid="166668" lat="33.7861517" lon="-84.3784481"/>
 <node id="4312094716" visible="true" version="1" changeset="40885714" timestamp="2016-07-20T02:08:44Z" user="taposm" uid="166668" lat="33.7861689" lon="-84.3784328"/>
 <node id="4312094717" visible="true" version="1" changeset="40885714" timestamp="2016-07-20T02:08:44Z" user="taposm" uid="166668" lat="33.7861689" lon="-84.3784481"/>
 <node id="4312094718" visible="true" version="1" changeset="40885714" timestamp="2016-07-20T02:08:44Z" user="taposm" uid="166668" lat="33.7861776" lon="-84.3784225"/>
 <node id="4312094719" visible="true" version="1" changeset="40885714" timestamp="2016-07-20T02:08:44Z" user="taposm" uid="166668" lat="33.7861875" lon="-84.3785459"/>
 <node id="4312094720" visible="true" version="1" changeset="40885714" timestamp="2016-07-20T02:08:44Z" user="taposm" uid="166668" lat="33.7861875" lon="-84.3786411"/>
 <node id="4312094721" visible="true" version="1" changeset="40885714" timestamp="2016-07-20T02:08:44Z" user="taposm" uid="166668" lat="33.7862013" lon="-84.3784226"/>
 <node id="4312094722" visible="true" version="1" changeset="40885714" timestamp="2016-07-20T02:08:44Z" user="taposm" uid="166668" lat="33.7862099" lon="-84.3784338"/>
 <node id="4312094723" visible="true" version="1" changeset="40885714" timestamp="2016-07-20T02:08:44Z" user="taposm" uid="166668" lat="33.7862099" lon="-84.3784497"/>
 <node id="4312094724" visible="true" version="1" changeset="40885714" timestamp="2016-07-20T02:08:44Z" user="taposm" uid="166668" lat="33.7862811" lon="-84.3784350"/>
 <node id="4312094725" visible="true" version="1" changeset="40885714" timestamp="2016-07-20T02:08:44Z" user="taposm" uid="166668" lat="33.7862813" lon="-84.3784497"/>
 <node id="4312094726" visible="true" version="1" changeset="40885714" timestamp="2016-07-20T02:08:44Z" user="taposm" uid="166668" lat="33.7862823" lon="-84.3788946"/>
 <node id="4312094727" visible="true" version="1" changeset="40885714" timestamp="2016-07-20T02:08:44Z" user="taposm" uid="166668" lat="33.7862834" lon="-84.3785459"/>
 <node id="4312094728" visible="true" version="1" changeset="40885714" timestamp="2016-07-20T02:08:44Z" user="taposm" uid="166668" lat="33.7862896" lon="-84.3784236"/>
 <node id="4312094729" visible="true" version="1" changeset="40885714" timestamp="2016-07-20T02:08:44Z" user="taposm" uid="166668" lat="33.7863143" lon="-84.3784238"/>
 <node id="4312094730" visible="true" version="1" changeset="40885714" timestamp="2016-07-20T02:08:44Z" user="taposm" uid="166668" lat="33.7863226" lon="-84.3784349"/>
 <node id="4312094731" visible="true" version="1" changeset="40885714" timestamp="2016-07-20T02:08:44Z" user="taposm" uid="166668" lat="33.7863226" lon="-84.3784500"/>
 <node id="4312094732" visible="true" version="1" changeset="40885714" timestamp="2016-07-20T02:08:44Z" user="taposm" uid="166668" lat="33.7863431" lon="-84.3784502"/>
 <node id="4312094733" visible="true" version="1" changeset="40885714" timestamp="2016-07-20T02:08:44Z" user="taposm" uid="166668" lat="33.7863433" lon="-84.3784347"/>
 <node id="4312094734" visible="true" version="1" changeset="40885714" timestamp="2016-07-20T02:08:44Z" user="taposm" uid="166668" lat="33.7863520" lon="-84.3784236"/>
 <node id="4312094735" visible="true" version="1" changeset="40885714" timestamp="2016-07-20T02:08:44Z" user="taposm" uid="166668" lat="33.7863753" lon="-84.3784237"/>
 <node id="4312094736" visible="true" version="1" changeset="40885714" timestamp="2016-07-20T02:08:44Z" user="taposm" uid="166668" lat="33.7863849" lon="-84.3784350"/>
 <node id="4312094737" visible="true" version="1" changeset="40885714" timestamp="2016-07-20T02:08:44Z" user="taposm" uid="166668" lat="33.7863859" lon="-84.3788933"/>
 <node id="4338645785" visible="true" version="2" changeset="173425135" timestamp="2025-10-17T19:17:07Z" user="shinterro" uid="8562391" lat="33.7864800" lon="-84.3812201"/>
 <node id="4338645786" visible="true" version="2" changeset="173425135" timestamp="2025-10-17T19:17:07Z" user="shinterro" uid="8562391" lat="33.7860351" lon="-84.3812184"/>
 <node id="4338645787" visible="true" version="2" changeset="173425135" timestamp="2025-10-17T19:17:07Z" user="shinterro" uid="8562391" lat="33.7859813" lon="-84.3811897"/>
 <node id="4338645788" visible="true" version="2" changeset="173425135" timestamp="2025-10-17T19:17:07Z" user="shinterro" uid="8562391" lat="33.7859495" lon="-84.3811087"/>
 <node id="4338646189" visible="true" version="2" changeset="173425135" timestamp="2025-10-17T19:17:07Z" user="shinterro" uid="8562391" lat="33.7859726" lon="-84.3810289"/>
 <node id="4338646190" visible="true" version="2" changeset="173425135" timestamp="2025-10-17T19:17:07Z" user="shinterro" uid="8562391" lat="33.7860337" lon="-84.3809897"/>
 <node id="4338646192" visible="true" version="2" changeset="173425135" timestamp="2025-10-17T19:17:07Z" user="shinterro" uid="8562391" lat="33.7864805" lon="-84.3809872"/>
 <node id="4338646193" visible="true" version="5" changeset="173425135" timestamp="2025-10-17T19:17:07Z" user="shinterro" uid="8562391" lat="33.7864948" lon="-84.3819353"/>
 <node id="4338646194" visible="true" version="2" changeset="85807031" timestamp="2020-05-27T05:31:05Z" user="sinreeya" uid="10127754" lat="33.7866376" lon="-84.3819327"/>
 <node id="4338646195" visible="true" version="1" changeset="41289603" timestamp="2016-08-06T15:55:42Z" user="bbgatch" uid="3856911" lat="33.7867224" lon="-84.3816412"/>
 <node id="4338646196" visible="true" version="1" changeset="41289603" timestamp="2016-08-06T15:55:42Z" user="bbgatch" uid="3856911" lat="33.7867246" lon="-84.3814669"/>
 <node id="4338646197" visible="true" version="2" changeset="85807031" timestamp="2020-05-27T05:31:05Z" user="sinreeya" uid="10127754" lat="33.7866455" lon="-84.3813801"/>
 <node id="4338646198" visible="true" version="3" changeset="175203128" timestamp="2025-11-27T15:32:05Z" user="shinterro" uid="8562391" lat="33.7865848" lon="-84.3813794">
  <tag k="highway" v="crossing"/>
 </node>
 <node id="4338646199" visible="true" version="1" changeset="41289603" timestamp="2016-08-06T15:55:42Z" user="bbgatch" uid="3856911" lat="33.7864801" lon="-84.3813784"/>
 <node id="4338646200" visible="true" version="2" changeset="171561157" timestamp="2025-09-06T21:55:57Z" user="shinterro" uid="8562391" lat="33.7848641" lon="-84.3828821"/>
 <node id="4338646201" visible="true" version="2" changeset="171561157" timestamp="2025-09-06T21:55:57Z" user="shinterro" uid="8562391" lat="33.7848550" lon="-84.3823079"/>
 <node id="4589683532" visible="true" version="3" changeset="168936012" timestamp="2025-07-14T21:04:48Z" user="shinterro" uid="8562391" lat="33.7872350" lon="-84.3825510"/>
 <node id="4842645344" visible="true" version="3" changeset="170902838" timestamp="2025-08-23T23:14:22Z" user="shinterro" uid="8562391" lat="33.7861728" lon="-84.3823007"/>
 <node id="4873101752" visible="true" version="4" changeset="168936012" timestamp="2025-07-14T21:04:48Z" user="shinterro" uid="8562391" lat="33.7880870" lon="-84.3835756"/>
 <node id="5198685811" visible="true" version="3" changeset="174749270" timestamp="2025-11-16T23:04:57Z" user="shinterro" uid="8562391" lat="33.7863343" lon="-84.3807879"/>
 <node id="5198685812" visible="true" version="3" changeset="174749270" timestamp="2025-11-16T23:04:57Z" user="shinterro" uid="8562391" lat="33.7863345" lon="-84.3809117"/>
 <node id="5198685813" visible="true" version="3" changeset="174749270" timestamp="2025-11-16T23:04:57Z" user="shinterro" uid="8562391" lat="33.7862330" lon="-84.3809120"/>
 <node id="5198685814" visible="true" version="3" changeset="174749270" timestamp="2025-11-16T23:04:57Z" user="shinterro" uid="8562391" lat="33.7862330" lon="-84.3808948"/>
 <node id="5198685815" visible="true" version="3" changeset="174749270" timestamp="2025-11-16T23:04:57Z" user="shinterro" uid="8562391" lat="33.7861133" lon="-84.3808950"/>
 <node id="5198685816" visible="true" version="3" changeset="174749270" timestamp="2025-11-16T23:04:57Z" user="shinterro" uid="8562391" lat="33.7861133" lon="-84.3809119"/>
 <node id="5198685817" visible="true" version="3" changeset="174749270" timestamp="2025-11-16T23:04:57Z" user="shinterro" uid="8562391" lat="33.7860119" lon="-84.3809122"/>
 <node id="5198685818" visible="true" version="3" changeset="174749270" timestamp="2025-11-16T23:04:57Z" user="shinterro" uid="8562391" lat="33.7860117" lon="-84.3807904"/>
 <node id="5198685819" visible="true" version="3" changeset="174749270" timestamp="2025-11-16T23:04:57Z" user="shinterro" uid="8562391" lat="33.7860275" lon="-84.3807904"/>
 <node id="5198685820" visible="true" version="3" changeset="174749270" timestamp="2025-11-16T23:04:57Z" user="shinterro" uid="8562391" lat="33.7860272" lon="-84.3806506"/>
 <node id="5198686021" visible="true" version="3" changeset="174749270" timestamp="2025-11-16T23:04:57Z" user="shinterro" uid="8562391" lat="33.7860117" lon="-84.3806506"/>
 <node id="5198686022" visible="true" version="3" changeset="174749270" timestamp="2025-11-16T23:04:57Z" user="shinterro" uid="8562391" lat="33.7860116" lon="-84.3805275"/>
 <node id="5198686023" visible="true" version="3" changeset="174749270" timestamp="2025-11-16T23:04:57Z" user="shinterro" uid="8562391" lat="33.7861147" lon="-84.3805273"/>
 <node id="5198686024" visible="true" version="3" changeset="174749270" timestamp="2025-11-16T23:04:57Z" user="shinterro" uid="8562391" lat="33.7861147" lon="-84.3805448"/>
 <node id="5198686025" visible="true" version="3" changeset="174749270" timestamp="2025-11-16T23:04:57Z" user="shinterro" uid="8562391" lat="33.7862296" lon="-84.3805446"/>
 <node id="5198686026" visible="true" version="3" changeset="174749270" timestamp="2025-11-16T23:04:57Z" user="shinterro" uid="8562391" lat="33.7862296" lon="-84.3805270"/>
 <node id="5198686027" visible="true" version="3" changeset="174749270" timestamp="2025-11-16T23:04:57Z" user="shinterro" uid="8562391" lat="33.7863313" lon="-84.3805268"/>
 <node id="5198686028" visible="true" version="3" changeset="174749270" timestamp="2025-11-16T23:04:57Z" user="shinterro" uid="8562391" lat="33.7863314" lon="-84.3806530"/>
 <node id="5198686029" visible="true" version="3" changeset="174749270" timestamp="2025-11-16T23:04:57Z" user="shinterro" uid="8562391" lat="33.7863150" lon="-84.3806531"/>
 <node id="5198686030" visible="true" version="3" changeset="174749270" timestamp="2025-11-16T23:04:57Z" user="shinterro" uid="8562391" lat="33.7863152" lon="-84.3807880"/>
 <node id="5198686031" visible="true" version="3" changeset="174749270" timestamp="2025-11-16T23:04:57Z" user="shinterro" uid="8562391" lat="33.7858870" lon="-84.3811686"/>
 <node id="5198686032" visible="true" version="3" changeset="174749270" timestamp="2025-11-16T23:04:57Z" user="shinterro" uid="8562391" lat="33.7858872" lon="-84.3812936"/>
 <node id="5198686033" visible="true" version="3" changeset="174749270" timestamp="2025-11-16T23:04:57Z" user="shinterro" uid="8562391" lat="33.7857854" lon="-84.3812937"/>
 <node id="5198686034" visible="true" version="3" changeset="174749270" timestamp="2025-11-16T23:04:57Z" user="shinterro" uid="8562391" lat="33.7857854" lon="-84.3812754"/>
 <node id="5198686035" visible="true" version="3" changeset="174749270" timestamp="2025-11-16T23:04:57Z" user="shinterro" uid="8562391" lat="33.7856663" lon="-84.3812756"/>
 <node id="5198686036" visible="true" version="3" changeset="174749270" timestamp="2025-11-16T23:04:57Z" user="shinterro" uid="8562391" lat="33.7856663" lon="-84.3812961"/>
 <node id="5198686037" visible="true" version="3" changeset="174749270" timestamp="2025-11-16T23:04:57Z" user="shinterro" uid="8562391" lat="33.7855645" lon="-84.3812962"/>
 <node id="5198686038" visible="true" version="3" changeset="174749270" timestamp="2025-11-16T23:04:57Z" user="shinterro" uid="8562391" lat="33.7855643" lon="-84.3811714"/>
 <node id="5198686039" visible="true" version="3" changeset="174749270" timestamp="2025-11-16T23:04:57Z" user="shinterro" uid="8562391" lat="33.7855801" lon="-84.3811714"/>
 <node id="5198686040" visible="true" version="3" changeset="174749270" timestamp="2025-11-16T23:04:57Z" user="shinterro" uid="8562391" lat="33.7855799" lon="-84.3810309"/>
 <node id="5198686041" visible="true" version="3" changeset="174749270" timestamp="2025-11-16T23:04:57Z" user="shinterro" uid="8562391" lat="33.7855646" lon="-84.3810309"/>
 <node id="5198686042" visible="true" version="3" changeset="174749270" timestamp="2025-11-16T23:04:57Z" user="shinterro" uid="8562391" lat="33.7855644" lon="-84.3809109"/>
 <node id="5198686043" visible="true" version="3" changeset="174749270" timestamp="2025-11-16T23:04:57Z" user="shinterro" uid="8562391" lat="33.7856675" lon="-84.3809108"/>
 <node id="5198686044" visible="true" version="3" changeset="174749270" timestamp="2025-11-16T23:04:57Z" user="shinterro" uid="8562391" lat="33.7856675" lon="-84.3809255"/>
 <node id="5198686045" visible="true" version="3" changeset="174749270" timestamp="2025-11-16T23:04:57Z" user="shinterro" uid="8562391" lat="33.7857825" lon="-84.3809252"/>
 <node id="5198686047" visible="true" version="3" changeset="174749270" timestamp="2025-11-16T23:04:57Z" user="shinterro" uid="8562391" lat="33.7858840" lon="-84.3809128"/>
 <node id="5198686048" visible="true" version="3" changeset="174749270" timestamp="2025-11-16T23:04:57Z" user="shinterro" uid="8562391" lat="33.7858842" lon="-84.3810347"/>
 <node id="5198686049" visible="true" version="3" changeset="174749270" timestamp="2025-11-16T23:04:57Z" user="shinterro" uid="8562391" lat="33.7858677" lon="-84.3810348"/>
 <node id="5198686050" visible="true" version="3" changeset="174749270" timestamp="2025-11-16T23:04:57Z" user="shinterro" uid="8562391" lat="33.7858679" lon="-84.3811686"/>
 <node id="5198748651" visible="true" version="2" changeset="56333681" timestamp="2018-02-13T20:27:41Z" user="manings" uid="3272286" lat="33.7865032" lon="-84.3821632">
  <tag k="highway" v="traffic_signals"/>
 </node>
 <node id="5198748652" visible="true" version="2" changeset="170902838" timestamp="2025-08-23T23:14:22Z" user="shinterro" uid="8562391" lat="33.7861411" lon="-84.3823010"/>
 <node id="5198748653" visible="true" version="1" changeset="53350875" timestamp="2017-10-29T19:35:58Z" user="swimdb" uid="231017" lat="33.7860837" lon="-84.3823134"/>
 <node id="5198748654" visible="true" version="1" changeset="53350875" timestamp="2017-10-29T19:35:58Z" user="swimdb" uid="231017" lat="33.7861047" lon="-84.3823374"/>
 <node id="5198748655" visible="true" version="1" changeset="53350875" timestamp="2017-10-29T19:35:58Z" user="swimdb" uid="231017" lat="33.7862976" lon="-84.3824146"/>
 <node id="5198748656" visible="true" version="1" changeset="53350875" timestamp="2017-10-29T19:35:58Z" user="swimdb" uid="231017" lat="33.7863293" lon="-84.3825391"/>
 <node id="5198748657" visible="true" version="1" changeset="53350875" timestamp="2017-10-29T19:35:58Z" user="swimdb" uid="231017" lat="33.7859875" lon="-84.3828153"/>
 <node id="5198748658" visible="true" version="1" changeset="53350875" timestamp="2017-10-29T19:35:58Z" user="swimdb" uid="231017" lat="33.7859110" lon="-84.3828703"/>
 <node id="5198748659" visible="true" version="3" changeset="173425135" timestamp="2025-10-17T19:17:07Z" user="shinterro" uid="8562391" lat="33.7855305" lon="-84.3815894"/>
 <node id="5198748660" visible="true" version="3" changeset="173425135" timestamp="2025-10-17T19:17:07Z" user="shinterro" uid="8562391" lat="33.7863656" lon="-84.3815839"/>
 <node id="5198748664" visible="true" version="1" changeset="53350875" timestamp="2017-10-29T19:35:58Z" user="swimdb" uid="231017" lat="33.7862105" lon="-84.3823155"/>
 <node id="5198748665" visible="true" version="1" changeset="53350875" timestamp="2017-10-29T19:35:58Z" user="swimdb" uid="231017" lat="33.7862009" lon="-84.3823262"/>
 <node id="5198748666" visible="true" version="3" changeset="173425135" timestamp="2025-10-17T19:17:07Z" user="shinterro" uid="8562391" lat="33.7861629" lon="-84.3820085"/>
 <node id="5198766607" visible="true" version="2" changeset="168936012" timestamp="2025-07-14T21:04:48Z" user="shinterro" uid="8562391" lat="33.7871953" lon="-84.3827104"/>
 <node id="5198766608" visible="true" version="2" changeset="168936012" timestamp="2025-07-14T21:04:48Z" user="shinterro" uid="8562391" lat="33.7869436" lon="-84.3830146"/>
 <node id="5198766609" visible="true" version="2" changeset="168936012" timestamp="2025-07-14T21:04:48Z" user="shinterro" uid="8562391" lat="33.7866926" lon="-84.3827139"/>
 <node id="5198766610" visible="true" version="2" changeset="168936012" timestamp="2025-07-14T21:04:48Z" user="shinterro" uid="8562391" lat="33.7869441" lon="-84.3824101"/>
 <node id="5198785447" visible="true" version="2" changeset="88422311" timestamp="2020-07-23T19:35:32Z" user="NW757" uid="11412374" lat="33.7867886" lon="-84.3810013"/>
 <node id="5198785448" visible="true" version="1" changeset="53351434" timestamp="2017-10-29T20:01:10Z" user="swimdb" uid="231017" lat="33.7871887" lon="-84.3809973"/>
 <node id="5198785449" visible="true" version="2" changeset="88422311" timestamp="2020-07-23T19:35:32Z" user="NW757" uid="11412374" lat="33.7874460" lon="-84.3813016"/>
 <node id="5198785450" visible="true" version="3" changeset="168936012" timestamp="2025-07-14T21:04:48Z" user="shinterro" uid="8562391" lat="33.7868424" lon="-84.3820376"/>
 <node id="5198785451" visible="true" version="3" changeset="174800161" timestamp="2025-11-18T03:30:04Z" user="shinterro" uid="8562391" lat="33.7867781" lon="-84.3819871"/>
 <node id="5198785452" visible="true" version="3" changeset="174800161" timestamp="2025-11-18T03:30:04Z" user="shinterro" uid="8562391" lat="33.7867637" lon="-84.3820044"/>
 <node id="5198785453" visible="true" version="3" changeset="174800161" timestamp="2025-11-18T03:30:04Z" user="shinterro" uid="8562391" lat="33.7867307" lon="-84.3819647"/>
 <node id="5198785454" visible="true" version="3" changeset="174800161" timestamp="2025-11-18T03:30:04Z" user="shinterro" uid="8562391" lat="33.7867506" lon="-84.3819409"/>
 <node id="5198785455" visible="true" version="3" changeset="174800161" timestamp="2025-11-18T03:30:04Z" user="shinterro" uid="8562391" lat="33.7867262" lon="-84.3819114"/>
 <node id="5198785456" visible="true" version="3" changeset="174800161" timestamp="2025-11-18T03:30:04Z" user="shinterro" uid="8562391" lat="33.7867380" lon="-84.3818972"/>
 <node id="5198785457" visible="true" version="4" changeset="174800161" timestamp="2025-11-18T03:30:04Z" user="shinterro" uid="8562391" lat="33.7867161" lon="-84.3818708"/>
 <node id="5198785458" visible="true" version="3" changeset="174800161" timestamp="2025-11-18T03:30:04Z" user="shinterro" uid="8562391" lat="33.7867440" lon="-84.3818373"/>
 <node id="5198785459" visible="true" version="3" changeset="174800161" timestamp="2025-11-18T03:30:04Z" user="shinterro" uid="8562391" lat="33.7867138" lon="-84.3818009"/>
 <node id="5198785460" visible="true" version="4" changeset="174800161" timestamp="2025-11-18T03:30:04Z" user="shinterro" uid="8562391" lat="33.7867410" lon="-84.3817682"/>
 <node id="5198785461" visible="true" version="3" changeset="168936012" timestamp="2025-07-14T21:04:48Z" user="shinterro" uid="8562391" lat="33.7866910" lon="-84.3817094"/>
 <node id="5198785462" visible="true" version="3" changeset="168936012" timestamp="2025-07-14T21:04:48Z" user="shinterro" uid="8562391" lat="33.7868930" lon="-84.3815422"/>
 <node id="5198785463" visible="true" version="3" changeset="168936012" timestamp="2025-07-14T21:04:48Z" user="shinterro" uid="8562391" lat="33.7866906" lon="-84.3812985"/>
 <node id="5198785464" visible="true" version="2" changeset="168936012" timestamp="2025-07-14T21:04:48Z" user="shinterro" uid="8562391" lat="33.7867901" lon="-84.3811789"/>
 <node id="5198785465" visible="true" version="4" changeset="174800161" timestamp="2025-11-18T03:30:04Z" user="shinterro" uid="8562391" lat="33.7868178" lon="-84.3820062"/>
 <node id="5198785466" visible="true" version="4" changeset="174800161" timestamp="2025-11-18T03:30:04Z" user="shinterro" uid="8562391" lat="33.7868058" lon="-84.3820205"/>
 <node id="5198785467" visible="true" version="3" changeset="174800161" timestamp="2025-11-18T03:30:04Z" user="shinterro" uid="8562391" lat="33.7871131" lon="-84.3814038"/>
 <node id="5198785468" visible="true" version="1" changeset="53351434" timestamp="2017-10-29T20:01:10Z" user="swimdb" uid="231017" lat="33.7871987" lon="-84.3815053"/>
 <node id="5198785469" visible="true" version="1" changeset="53351434" timestamp="2017-10-29T20:01:10Z" user="swimdb" uid="231017" lat="33.7871851" lon="-84.3815218"/>
 <node id="5198785470" visible="true" version="1" changeset="53351434" timestamp="2017-10-29T20:01:10Z" user="swimdb" uid="231017" lat="33.7871989" lon="-84.3815383"/>
 <node id="5198785471" visible="true" version="1" changeset="53351434" timestamp="2017-10-29T20:01:10Z" user="swimdb" uid="231017" lat="33.7872153" lon="-84.3815183"/>
 <node id="5198785472" visible="true" version="2" changeset="88422311" timestamp="2020-07-23T19:35:32Z" user="NW757" uid="11412374" lat="33.7872425" lon="-84.3815508"/>
 <node id="5198785473" visible="true" version="3" changeset="174800161" timestamp="2025-11-18T03:30:04Z" user="shinterro" uid="8562391" lat="33.7870701" lon="-84.3814213"/>
 <node id="5198785474" visible="true" version="2" changeset="174800161" timestamp="2025-11-18T03:30:04Z" user="shinterro" uid="8562391" lat="33.7870844" lon="-84.3814385"/>
 <node id="5198788173" visible="true" version="2" changeset="168936012" timestamp="2025-07-14T21:04:48Z" user="shinterro" uid="8562391" lat="33.7873905" lon="-84.3817292"/>
 <node id="5198788174" visible="true" version="2" changeset="168936012" timestamp="2025-07-14T21:04:48Z" user="shinterro" uid="8562391" lat="33.7875461" lon="-84.3815406"/>
 <node id="5198802567" visible="true" version="3" changeset="168936012" timestamp="2025-07-14T21:04:48Z" user="shinterro" uid="8562391" lat="33.7868266" lon="-84.3820175"/>
 <node id="5198802568" visible="true" version="3" changeset="168936012" timestamp="2025-07-14T21:04:48Z" user="shinterro" uid="8562391" lat="33.7874211" lon="-84.3813334"/>
 <node id="5199951239" visible="true" version="2" changeset="173299277" timestamp="2025-10-15T02:49:39Z" user="shinterro" uid="8562391" lat="33.7849161" lon="-84.3799578"/>
 <node id="5199951240" visible="true" version="2" changeset="173299277" timestamp="2025-10-15T02:49:39Z" user="shinterro" uid="8562391" lat="33.7852148" lon="-84.3799497"/>
 <node id="5199951241" visible="true" version="2" changeset="173299277" timestamp="2025-10-15T02:49:39Z" user="shinterro" uid="8562391" lat="33.7852436" lon="-84.3801091"/>
 <node id="5199951242" visible="true" version="2" changeset="173299277" timestamp="2025-10-15T02:49:39Z" user="shinterro" uid="8562391" lat="33.7851915" lon="-84.3801080"/>
 <node id="5199951243" visible="true" version="2" changeset="173299277" timestamp="2025-10-15T02:49:39Z" user="shinterro" uid="8562391" lat="33.7851929" lon="-84.3801451"/>
 <node id="5199951244" visible="true" version="2" changeset="173299277" timestamp="2025-10-15T02:49:39Z" user="shinterro" uid="8562391" lat="33.7852211" lon="-84.3801448"/>
 <node id="5199951245" visible="true" version="2" changeset="173299277" timestamp="2025-10-15T02:49:39Z" user="shinterro" uid="8562391" lat="33.7852241" lon="-84.3803448"/>
 <node id="5199951246" visible="true" version="2" changeset="173299277" timestamp="2025-10-15T02:49:39Z" user="shinterro" uid="8562391" lat="33.7851978" lon="-84.3803444"/>
 <node id="5199951247" visible="true" version="2" changeset="173299277" timestamp="2025-10-15T02:49:39Z" user="shinterro" uid="8562391" lat="33.7851978" lon="-84.3803773"/>
 <node id="5199951248" visible="true" version="2" changeset="173299277" timestamp="2025-10-15T02:49:39Z" user="shinterro" uid="8562391" lat="33.7852471" lon="-84.3803780"/>
 <node id="5199951249" visible="true" version="2" changeset="173299277" timestamp="2025-10-15T02:49:39Z" user="shinterro" uid="8562391" lat="33.7852297" lon="-84.3805385"/>
 <node id="5199951250" visible="true" version="2" changeset="173299277" timestamp="2025-10-15T02:49:39Z" user="shinterro" uid="8562391" lat="33.7851950" lon="-84.3805144"/>
 <node id="5199951251" visible="true" version="2" changeset="173299277" timestamp="2025-10-15T02:49:39Z" user="shinterro" uid="8562391" lat="33.7851555" lon="-84.3805145"/>
 <node id="5199951252" visible="true" version="2" changeset="173299277" timestamp="2025-10-15T02:49:39Z" user="shinterro" uid="8562391" lat="33.7851555" lon="-84.3804851"/>
 <node id="5199951253" visible="true" version="2" changeset="173299277" timestamp="2025-10-15T02:49:39Z" user="shinterro" uid="8562391" lat="33.7851150" lon="-84.3804852"/>
 <node id="5199951254" visible="true" version="2" changeset="173299277" timestamp="2025-10-15T02:49:39Z" user="shinterro" uid="8562391" lat="33.7851150" lon="-84.3804986"/>
 <node id="5199951255" visible="true" version="2" changeset="173299277" timestamp="2025-10-15T02:49:39Z" user="shinterro" uid="8562391" lat="33.7850398" lon="-84.3804988"/>
 <node id="5199951256" visible="true" version="2" changeset="173299277" timestamp="2025-10-15T02:49:39Z" user="shinterro" uid="8562391" lat="33.7850398" lon="-84.3804888"/>
 <node id="5199951257" visible="true" version="2" changeset="173299277" timestamp="2025-10-15T02:49:39Z" user="shinterro" uid="8562391" lat="33.7850008" lon="-84.3804889"/>
 <node id="5199951258" visible="true" version="2" changeset="173299277" timestamp="2025-10-15T02:49:39Z" user="shinterro" uid="8562391" lat="33.7850008" lon="-84.3805210"/>
 <node id="5199951259" visible="true" version="2" changeset="173299277" timestamp="2025-10-15T02:49:39Z" user="shinterro" uid="8562391" lat="33.7849652" lon="-84.3805210"/>
 <node id="5199951260" visible="true" version="2" changeset="173299277" timestamp="2025-10-15T02:49:39Z" user="shinterro" uid="8562391" lat="33.7849285" lon="-84.3805489"/>
 <node id="5199951261" visible="true" version="2" changeset="173299277" timestamp="2025-10-15T02:49:39Z" user="shinterro" uid="8562391" lat="33.7849019" lon="-84.3803892"/>
 <node id="5199951262" visible="true" version="2" changeset="173299277" timestamp="2025-10-15T02:49:39Z" user="shinterro" uid="8562391" lat="33.7849024" lon="-84.3803742"/>
 <node id="5199951263" visible="true" version="2" changeset="173299277" timestamp="2025-10-15T02:49:39Z" user="shinterro" uid="8562391" lat="33.7849691" lon="-84.3803726"/>
 <node id="5199951264" visible="true" version="2" changeset="173299277" timestamp="2025-10-15T02:49:39Z" user="shinterro" uid="8562391" lat="33.7849898" lon="-84.3802931"/>
 <node id="5199951265" visible="true" version="2" changeset="173299277" timestamp="2025-10-15T02:49:39Z" user="shinterro" uid="8562391" lat="33.7849877" lon="-84.3802111"/>
 <node id="5199951266" visible="true" version="2" changeset="173299277" timestamp="2025-10-15T02:49:39Z" user="shinterro" uid="8562391" lat="33.7849554" lon="-84.3801143"/>
 <node id="5199951267" visible="true" version="2" changeset="173299277" timestamp="2025-10-15T02:49:39Z" user="shinterro" uid="8562391" lat="33.7848962" lon="-84.3801168"/>
 <node id="5412021437" visible="true" version="1" changeset="56349485" timestamp="2018-02-14T11:00:28Z" user="venkanna37" uid="5680733" lat="33.7858470" lon="-84.3824119"/>
 <node id="5412021438" visible="true" version="1" changeset="56349485" timestamp="2018-02-14T11:00:28Z" user="venkanna37" uid="5680733" lat="33.7857785" lon="-84.3822889"/>
 <node id="5412021439" visible="true" version="3" changeset="175203128" timestamp="2025-11-27T15:32:05Z" user="shinterro" uid="8562391" lat="33.7857724" lon="-84.3821708"/>
 <node id="5416416503" visible="true" version="1" changeset="56412417" timestamp="2018-02-16T12:23:59Z" user="muziriana" uid="6058023" lat="33.7837905" lon="-84.3791921"/>
 <node id="5416485179" visible="true" version="1" changeset="56413398" timestamp="2018-02-16T13:05:36Z" user="muziriana" uid="6058023" lat="33.7836546" lon="-84.3792924"/>
 <node id="5416485183" visible="true" version="1" changeset="56413398" timestamp="2018-02-16T13:05:36Z" user="muziriana" uid="6058023" lat="33.7838834" lon="-84.3791315"/>
 <node id="5416547087" visible="true" version="1" changeset="56414404" timestamp="2018-02-16T13:48:22Z" user="muziriana" uid="6058023" lat="33.7823132" lon="-84.3803011"/>
 <node id="5416547090" visible="true" version="1" changeset="56414404" timestamp="2018-02-16T13:48:22Z" user="muziriana" uid="6058023" lat="33.7822013" lon="-84.3803366"/>
 <node id="5424123711" visible="true" version="3" changeset="173471756" timestamp="2025-10-19T00:38:49Z" user="shinterro" uid="8562391" lat="33.7872454" lon="-84.3791286"/>
 <node id="5424123714" visible="true" version="2" changeset="173425135" timestamp="2025-10-17T19:17:07Z" user="shinterro" uid="8562391" lat="33.7875936" lon="-84.3791288"/>
 <node id="5424125374" visible="true" version="1" changeset="56513754" timestamp="2018-02-20T08:42:29Z" user="Iqhra" uid="6371645" lat="33.7873116" lon="-84.3781350"/>
 <node id="5424125380" visible="true" version="1" changeset="56513754" timestamp="2018-02-20T08:42:29Z" user="Iqhra" uid="6371645" lat="33.7874227" lon="-84.3781223"/>
 <node id="5424125832" visible="true" version="3" changeset="173473919" timestamp="2025-10-19T03:39:47Z" user="shinterro" uid="8562391" lat="33.7870895" lon="-84.3791276"/>
 <node id="5674178517" visible="true" version="2" changeset="117865749" timestamp="2022-02-25T23:28:06Z" user="demory" uid="186210" lat="33.7864937" lon="-84.3780018">
  <tag k="barrier" v="gate"/>
 </node>
 <node id="5674178518" visible="true" version="2" changeset="117865749" timestamp="2022-02-25T23:28:06Z" user="demory" uid="186210" lat="33.7865903" lon="-84.3781525">
  <tag k="highway" v="traffic_signals"/>
 </node>
 <node id="5674178519" visible="true" version="4" changeset="176881471" timestamp="2026-01-05T22:41:24Z" user="adelriosantiago" uid="12908516" lat="33.7864443" lon="-84.3782860">
  <tag k="crossing" v="traffic_signals"/>
  <tag k="crossing:markings" v="surface: lines"/>
  <tag k="crossing:signals" v="yes"/>
  <tag k="highway" v="crossing"/>
  <tag k="tactile_paving" v="yes"/>
 </node>
 <node id="5674179651" visible="true" version="4" changeset="184289649" timestamp="2026-06-18T20:53:31Z" user="adelriosantiago" uid="12908516" lat="33.7864055" lon="-84.3821642">
  <tag k="crossing" v="traffic_signals"/>
  <tag k="highway" v="crossing"/>
  <tag k="tactile_paving" v="yes"/>
 </node>
 <node id="5674179652" visible="true" version="5" changeset="183718750" timestamp="2026-06-06T00:11:02Z" user="adelriosantiago" uid="12908516" lat="33.7865040" lon="-84.3822701">
  <tag k="crossing" v="traffic_signals"/>
  <tag k="crossing:island" v="no"/>
  <tag k="highway" v="crossing"/>
  <tag k="kerb" v="lowered"/>
  <tag k="tactile_paving" v="yes"/>
 </node>
 <node id="5674179653" visible="true" version="4" changeset="175203128" timestamp="2025-11-27T15:32:05Z" user="shinterro" uid="8562391" lat="33.7865870" lon="-84.3819338">
  <tag k="highway" v="crossing"/>
 </node>
 <node id="5674179654" visible="true" version="5" changeset="186838274" timestamp="2026-08-02T22:09:27Z" user="adelriosantiago" uid="12908516" lat="33.7864932" lon="-84.3818049">
  <tag k="crossing" v="traffic_signals"/>
  <tag k="crossing:island" v="no"/>
  <tag k="highway" v="crossing"/>
 </node>
 <node id="5674181090" visible="true" version="4" changeset="180335300" timestamp="2026-03-24T05:40:32Z" user="adelriosantiago" uid="12908516" lat="33.7855027" lon="-84.3821732">
  <tag k="crossing" v="traffic_signals"/>
  <tag k="highway" v="crossing"/>
  <tag k="tactile_paving" v="no"/>
 </node>
 <node id="5674181091" visible="true" version="4" changeset="180335300" timestamp="2026-03-24T05:40:56Z" user="adelriosantiago" uid="12908516" lat="33.7854301" lon="-84.3820890">
  <tag k="crossing" v="traffic_signals"/>
  <tag k="crossing:island" v="no"/>
  <tag k="crossing:markings" v="yes"/>
  <tag k="highway" v="crossing"/>
  <tag k="tactile_paving" v="no"/>
 </node>
 <node id="5674181092" visible="true" version="6" changeset="180326542" timestamp="2026-03-23T21:24:26Z" user="adelriosantiago" uid="12908516" lat="33.7854348" lon="-84.3822800">
  <tag k="crossing:island" v="no"/>
  <tag k="crossing:signals" v="no"/>
  <tag k="highway" v="crossing"/>
 </node>
 <node id="5834678394" visible="true" version="2" changeset="173471756" timestamp="2025-10-19T00:38:49Z" user="shinterro" uid="8562391" lat="33.7864806" lon="-84.3801352"/>
 <node id="5834678395" visible="true" version="2" changeset="173471756" timestamp="2025-10-19T00:38:49Z" user="shinterro" uid="8562391" lat="33.7867163" lon="-84.3801425">
  <tag k="access" v="permit"/>
  <tag k="amenity" v="parking_entrance"/>
  <tag k="covered" v="yes"/>
  <tag k="lit" v="yes"/>
  <tag k="opening_hours" v="24/7"/>
  <tag k="parking" v="multi-storey"/>
  <tag k="smoothness" v="excellent"/>
  <tag k="surface" v="concrete"/>
 </node>
 <node id="5834678396" visible="true" version="1" changeset="61690508" timestamp="2018-08-15T16:14:05Z" user="herbm123" uid="8241265" lat="33.7864804" lon="-84.3808239"/>
 <node id="5834678397" visible="true" version="2" changeset="173471756" timestamp="2025-10-19T00:38:49Z" user="shinterro" uid="8562391" lat="33.7867158" lon="-84.3808274">
  <tag k="access" v="permit"/>
  <tag k="amenity" v="parking_entrance"/>
  <tag k="covered" v="yes"/>
  <tag k="lit" v="yes"/>
  <tag k="opening_hours" v="24/7"/>
  <tag k="parking" v="multi-storey"/>
  <tag k="smoothness" v="excellent"/>
  <tag k="surface" v="concrete"/>
 </node>
 <node id="5834678398" visible="true" version="2" changeset="173471756" timestamp="2025-10-19T00:38:49Z" user="shinterro" uid="8562391" lat="33.7866160" lon="-84.3801394"/>
 <node id="5834678399" visible="true" version="1" changeset="61690508" timestamp="2018-08-15T16:14:05Z" user="herbm123" uid="8241265" lat="33.7866773" lon="-84.3800223"/>
 <node id="5834678400" visible="true" version="2" changeset="173471756" timestamp="2025-10-19T00:38:49Z" user="shinterro" uid="8562391" lat="33.7867179" lon="-84.3799985">
  <tag k="barrier" v="gate"/>
 </node>
 <node id="5834678401" visible="true" version="2" changeset="173471756" timestamp="2025-10-19T00:38:49Z" user="shinterro" uid="8562391" lat="33.7873365" lon="-84.3800014"/>
 <node id="5834678402" visible="true" version="2" changeset="173471756" timestamp="2025-10-19T00:38:49Z" user="shinterro" uid="8562391" lat="33.7874128" lon="-84.3800838"/>
 <node id="5834678403" visible="true" version="1" changeset="61690508" timestamp="2018-08-15T16:14:05Z" user="herbm123" uid="8241265" lat="33.7874143" lon="-84.3808884"/>
 <node id="5834678404" visible="true" version="2" changeset="173471756" timestamp="2025-10-19T00:38:49Z" user="shinterro" uid="8562391" lat="33.7873474" lon="-84.3809586"/>
 <node id="5834678405" visible="true" version="2" changeset="173471756" timestamp="2025-10-19T00:38:49Z" user="shinterro" uid="8562391" lat="33.7866975" lon="-84.3809574"/>
 <node id="5834678406" visible="true" version="2" changeset="173471756" timestamp="2025-10-19T00:38:49Z" user="shinterro" uid="8562391" lat="33.7866039" lon="-84.3808260"/>
 <node id="5834678446" visible="true" version="1" changeset="61690508" timestamp="2018-08-15T16:14:05Z" user="herbm123" uid="8241265" lat="33.7858393" lon="-84.3782343"/>
 <node id="5834678447" visible="true" version="1" changeset="61690508" timestamp="2018-08-15T16:14:05Z" user="herbm123" uid="8241265" lat="33.7858627" lon="-84.3792069"/>
 <node id="5834678448" visible="true" version="2" changeset="173299277" timestamp="2025-10-15T02:49:39Z" user="shinterro" uid="8562391" lat="33.7846375" lon="-84.3814453">
  <tag k="access" v="permit"/>
  <tag k="amenity" v="parking_entrance"/>
  <tag k="fee" v="yes"/>
  <tag k="lit" v="yes"/>
  <tag k="opening_hours" v="24/7"/>
  <tag k="parking" v="multi-storey"/>
  <tag k="smoothness" v="excellent"/>
  <tag k="supervised" v="yes"/>
  <tag k="surface" v="concrete"/>
 </node>
 <node id="5853527355" visible="true" version="2" changeset="173252543" timestamp="2025-10-14T01:46:49Z" user="shinterro" uid="8562391" lat="33.7853808" lon="-84.3801162"/>
 <node id="5853527356" visible="true" version="2" changeset="173425135" timestamp="2025-10-17T19:17:07Z" user="shinterro" uid="8562391" lat="33.7857014" lon="-84.3800977"/>
 <node id="5853527365" visible="true" version="2" changeset="173425135" timestamp="2025-10-17T19:17:07Z" user="shinterro" uid="8562391" lat="33.7864806" lon="-84.3803012"/>
 <node id="5853527366" visible="true" version="2" changeset="173425135" timestamp="2025-10-17T19:17:07Z" user="shinterro" uid="8562391" lat="33.7861291" lon="-84.3803242"/>
 <node id="5996570157" visible="true" version="1" changeset="63660719" timestamp="2018-10-18T21:20:44Z" user="afonit" uid="3327134" lat="33.7862294" lon="-84.3822589"/>
 <node id="5996570158" visible="true" version="1" changeset="63660719" timestamp="2018-10-18T21:20:45Z" user="afonit" uid="3327134" lat="33.7856739" lon="-84.3822685"/>
 <node id="5996570159" visible="true" version="2" changeset="173425135" timestamp="2025-10-17T19:17:07Z" user="shinterro" uid="8562391" lat="33.7854794" lon="-84.3812902"/>
 <node id="5996570160" visible="true" version="4" changeset="173425135" timestamp="2025-10-17T19:17:07Z" user="shinterro" uid="8562391" lat="33.7854676" lon="-84.3810174">
  <tag k="highway" v="crossing"/>
 </node>
 <node id="5996570161" visible="true" version="3" changeset="166572476" timestamp="2025-05-21T14:32:29Z" user="sgopal" uid="21758061" lat="33.7854457" lon="-84.3804955">
  <tag k="highway" v="crossing"/>
 </node>
 <node id="5996570162" visible="true" version="2" changeset="166572476" timestamp="2025-05-21T14:32:29Z" user="sgopal" uid="21758061" lat="33.7854316" lon="-84.3801117">
  <tag k="highway" v="crossing"/>
 </node>
 <node id="5996570163" visible="true" version="1" changeset="63660719" timestamp="2018-10-18T21:20:45Z" user="afonit" uid="3327134" lat="33.7854205" lon="-84.3799547"/>
 <node id="5996570164" visible="true" version="1" changeset="63660719" timestamp="2018-10-18T21:20:45Z" user="afonit" uid="3327134" lat="33.7854101" lon="-84.3794829"/>
 <node id="5996570165" visible="true" version="1" changeset="63660719" timestamp="2018-10-18T21:20:45Z" user="afonit" uid="3327134" lat="33.7854412" lon="-84.3793381"/>
 <node id="5996570166" visible="true" version="1" changeset="63660719" timestamp="2018-10-18T21:20:45Z" user="afonit" uid="3327134" lat="33.7854181" lon="-84.3786842"/>
 <node id="5996570167" visible="true" version="1" changeset="63660719" timestamp="2018-10-18T21:20:45Z" user="afonit" uid="3327134" lat="33.7854157" lon="-84.3785912"/>
 <node id="5996570168" visible="true" version="2" changeset="117886530" timestamp="2022-02-26T17:24:50Z" user="demory" uid="186210" lat="33.7854188" lon="-84.3785140"/>
 <node id="5996570169" visible="true" version="4" changeset="173252543" timestamp="2025-10-14T01:46:49Z" user="shinterro" uid="8562391" lat="33.7853541" lon="-84.3785270">
  <tag k="crossing" v="uncontrolled"/>
  <tag k="crossing:markings" v="yes"/>
  <tag k="highway" v="crossing"/>
 </node>
 <node id="5996570170" visible="true" version="1" changeset="63660719" timestamp="2018-10-18T21:20:45Z" user="afonit" uid="3327134" lat="33.7851965" lon="-84.3785768"/>
 <node id="5996570171" visible="true" version="1" changeset="63660719" timestamp="2018-10-18T21:20:45Z" user="afonit" uid="3327134" lat="33.7854500" lon="-84.3784819"/>
 <node id="5996570172" visible="true" version="1" changeset="63660719" timestamp="2018-10-18T21:20:45Z" user="afonit" uid="3327134" lat="33.7855249" lon="-84.3784540"/>
 <node id="5996570173" visible="true" version="2" changeset="166572476" timestamp="2025-05-21T14:32:29Z" user="sgopal" uid="21758061" lat="33.7858420" lon="-84.3783457">
  <tag k="highway" v="crossing"/>
 </node>
 <node id="5996570174" visible="true" version="1" changeset="63660719" timestamp="2018-10-18T21:20:45Z" user="afonit" uid="3327134" lat="33.7860963" lon="-84.3782805"/>
 <node id="5996570175" visible="true" version="2" changeset="117865749" timestamp="2022-02-25T23:28:06Z" user="demory" uid="186210" lat="33.7863840" lon="-84.3782451"/>
 <node id="5996570176" visible="true" version="2" changeset="117865749" timestamp="2022-02-25T23:28:06Z" user="demory" uid="186210" lat="33.7865680" lon="-84.3783036"/>
 <node id="5996570177" visible="true" version="2" changeset="117865749" timestamp="2022-02-25T23:28:06Z" user="demory" uid="186210" lat="33.7865691" lon="-84.3784168"/>
 <node id="5996570178" visible="true" version="9" changeset="186546763" timestamp="2026-07-28T22:08:28Z" user="adelriosantiago" uid="12908516" lat="33.7865702" lon="-84.3791280">
  <tag k="crossing" v="unmarked"/>
  <tag k="crossing:island" v="no"/>
  <tag k="crossing:markings" v="no"/>
  <tag k="highway" v="crossing"/>
  <tag k="tactile_paving" v="yes"/>
 </node>
 <node id="5996570179" visible="true" version="1" changeset="63660719" timestamp="2018-10-18T21:20:45Z" user="afonit" uid="3327134" lat="33.7865689" lon="-84.3795815"/>
 <node id="5996570180" visible="true" version="5" changeset="173471756" timestamp="2025-10-19T00:38:49Z" user="shinterro" uid="8562391" lat="33.7865721" lon="-84.3801383">
  <tag k="crossing" v="unmarked"/>
  <tag k="crossing:markings" v="no"/>
  <tag k="highway" v="crossing"/>
 </node>
 <node id="5996570181" visible="true" version="3" changeset="173471756" timestamp="2025-10-19T00:38:49Z" user="shinterro" uid="8562391" lat="33.7865749" lon="-84.3803635"/>
 <node id="5996570182" visible="true" version="2" changeset="173471756" timestamp="2025-10-19T00:38:49Z" user="shinterro" uid="8562391" lat="33.7865779" lon="-84.3806083"/>
 <node id="5996570183" visible="true" version="3" changeset="173471756" timestamp="2025-10-19T00:38:49Z" user="shinterro" uid="8562391" lat="33.7865805" lon="-84.3808254">
  <tag k="highway" v="crossing"/>
 </node>
 <node id="5996570685" visible="true" version="3" changeset="173425135" timestamp="2025-10-17T19:17:07Z" user="shinterro" uid="8562391" lat="33.7864012" lon="-84.3812198">
  <tag k="highway" v="crossing"/>
 </node>
 <node id="5996570686" visible="true" version="3" changeset="173425135" timestamp="2025-10-17T19:17:07Z" user="shinterro" uid="8562391" lat="33.7864018" lon="-84.3809861">
  <tag k="highway" v="crossing"/>
 </node>
 <node id="5996570688" visible="true" version="4" changeset="173425135" timestamp="2025-10-17T19:17:07Z" user="shinterro" uid="8562391" lat="33.7864120" lon="-84.3803018">
  <tag k="highway" v="crossing"/>
 </node>
 <node id="5996570689" visible="true" version="1" changeset="63660719" timestamp="2018-10-18T21:20:45Z" user="afonit" uid="3327134" lat="33.7864158" lon="-84.3783620"/>
 <node id="5996570690" visible="true" version="3" changeset="166497665" timestamp="2025-05-19T21:36:53Z" user="VLD277" uid="19857719" lat="33.7864155" lon="-84.3782838"/>
 <node id="5996570691" visible="true" version="2" changeset="117865749" timestamp="2022-02-25T23:28:06Z" user="demory" uid="186210" lat="33.7866170" lon="-84.3782458"/>
 <node id="5996570692" visible="true" version="2" changeset="117865749" timestamp="2022-02-25T23:28:06Z" user="demory" uid="186210" lat="33.7868929" lon="-84.3782491"/>
 <node id="5996570694" visible="true" version="6" changeset="176716727" timestamp="2026-01-01T19:44:41Z" user="adelriosantiago" uid="12908516" lat="33.7873100" lon="-84.3782543">
  <tag k="crossing" v="unmarked"/>
  <tag k="crossing:markings" v="no"/>
  <tag k="highway" v="crossing"/>
  <tag k="tactile_paving" v="no"/>
 </node>
 <node id="5996570695" visible="true" version="5" changeset="176716727" timestamp="2026-01-01T19:44:18Z" user="adelriosantiago" uid="12908516" lat="33.7874333" lon="-84.3782554">
  <tag k="crossing" v="unmarked"/>
  <tag k="crossing:markings" v="no"/>
  <tag k="highway" v="crossing"/>
  <tag k="tactile_paving" v="no"/>
 </node>
 <node id="5996570696" visible="true" version="1" changeset="63660719" timestamp="2018-10-18T21:20:45Z" user="afonit" uid="3327134" lat="33.7876057" lon="-84.3782076"/>
 <node id="5996570697" visible="true" version="1" changeset="63660719" timestamp="2018-10-18T21:20:45Z" user="afonit" uid="3327134" lat="33.7877300" lon="-84.3781386"/>
 <node id="5996570698" visible="true" version="1" changeset="63660719" timestamp="2018-10-18T21:20:45Z" user="afonit" uid="3327134" lat="33.7878639" lon="-84.3780273"/>
 <node id="6003256662" visible="true" version="7" changeset="185616482" timestamp="2026-07-12T21:48:12Z" user="Cerras" uid="24292237" lat="33.7818760" lon="-84.3804364">
  <tag k="button_operated" v="yes"/>
  <tag k="crossing" v="traffic_signals"/>
  <tag k="highway" v="crossing"/>
  <tag k="tactile_paving" v="yes"/>
  <tag k="traffic_signals:sound" v="no"/>
  <tag k="traffic_signals:vibration" v="no"/>
 </node>
 <node id="6005931655" visible="true" version="3" changeset="140449264" timestamp="2023-08-27T12:51:32Z" user="Catadmirer" uid="20107238" lat="33.7843293" lon="-84.3787705">
  <tag k="barrier" v="kerb"/>
  <tag k="kerb" v="lowered"/>
  <tag k="tactile_paving" v="yes"/>
 </node>
 <node id="6005931656" visible="true" version="2" changeset="117886530" timestamp="2022-02-26T17:24:50Z" user="demory" uid="186210" lat="33.7843340" lon="-84.3787680"/>
 <node id="6005931657" visible="true" version="3" changeset="166556854" timestamp="2025-05-21T08:43:38Z" user="rboda" uid="22723613" lat="33.7854733" lon="-84.3782588"/>
 <node id="6005931658" visible="true" version="3" changeset="117886530" timestamp="2022-02-26T17:24:50Z" user="demory" uid="186210" lat="33.7858864" lon="-84.3781330"/>
 <node id="6005931659" visible="true" version="2" changeset="117865749" timestamp="2022-02-25T23:28:06Z" user="demory" uid="186210" lat="33.7861268" lon="-84.3780788"/>
 <node id="6005931679" visible="true" version="7" changeset="185609083" timestamp="2026-07-12T19:17:04Z" user="Cerras" uid="24292237" lat="33.7842099" lon="-84.3789354">
  <tag k="button_operated" v="yes"/>
  <tag k="crossing" v="traffic_signals"/>
  <tag k="crossing:markings" v="ladder:paired"/>
  <tag k="crossing:signals" v="yes"/>
  <tag k="highway" v="crossing"/>
  <tag k="tactile_paving" v="yes"/>
  <tag k="traffic_signals:sound" v="yes"/>
  <tag k="traffic_signals:vibration" v="no"/>
 </node>
 <node id="6005931683" visible="true" version="2" changeset="117886530" timestamp="2022-02-26T17:24:50Z" user="demory" uid="186210" lat="33.7846835" lon="-84.3788108"/>
 <node id="6005931685" visible="true" version="7" changeset="185609081" timestamp="2026-07-12T19:18:06Z" user="Cerras" uid="24292237" lat="33.7843325" lon="-84.3788711">
  <tag k="button_operated" v="yes"/>
  <tag k="crossing" v="traffic_signals"/>
  <tag k="crossing:markings" v="ladder:paired"/>
  <tag k="crossing:signals" v="yes"/>
  <tag k="highway" v="crossing"/>
  <tag k="tactile_paving" v="yes"/>
  <tag k="traffic_signals:sound" v="yes"/>
  <tag k="traffic_signals:vibration" v="no"/>
 </node>
 <node id="6005931687" visible="true" version="2" changeset="117886530" timestamp="2022-02-26T17:24:50Z" user="demory" uid="186210" lat="33.7843359" lon="-84.3792544"/>
 <node id="6005931689" visible="true" version="1" changeset="63773552" timestamp="2018-10-22T21:20:35Z" user="afonit" uid="3327134" lat="33.7843735" lon="-84.3817317"/>
 <node id="6005931690" visible="true" version="1" changeset="63773552" timestamp="2018-10-22T21:20:35Z" user="afonit" uid="3327134" lat="33.7844879" lon="-84.3821112"/>
 <node id="6005931691" visible="true" version="3" changeset="173299277" timestamp="2025-10-15T02:49:39Z" user="shinterro" uid="8562391" lat="33.7853562" lon="-84.3814464">
  <tag k="highway" v="crossing"/>
 </node>
 <node id="6005931694" visible="true" version="3" changeset="173252543" timestamp="2025-10-14T01:46:49Z" user="shinterro" uid="8562391" lat="33.7852777" lon="-84.3785614"/>
 <node id="6005931695" visible="true" version="2" changeset="165309987" timestamp="2025-04-23T02:44:34Z" user="Evan Carroll" uid="4807863" lat="33.7865929" lon="-84.3827173"/>
 <node id="6005931697" visible="true" version="1" changeset="63773552" timestamp="2018-10-22T21:20:35Z" user="afonit" uid="3327134" lat="33.7866308" lon="-84.3829625"/>
 <node id="6011072577" visible="true" version="2" changeset="117918584" timestamp="2022-02-27T18:42:43Z" user="demory" uid="186210" lat="33.7818740" lon="-84.3726875"/>
 <node id="6702906076" visible="true" version="3" changeset="173299277" timestamp="2025-10-15T02:49:39Z" user="shinterro" uid="8562391" lat="33.7843673" lon="-84.3808199">
  <tag k="highway" v="crossing"/>
 </node>
 <node id="6702906079" visible="true" version="3" changeset="173299277" timestamp="2025-10-15T02:49:39Z" user="shinterro" uid="8562391" lat="33.7843653" lon="-84.3805223"/>
 <node id="6702906081" visible="true" version="1" changeset="73264336" timestamp="2019-08-12T11:12:39Z" user="accheela" uid="10145800" lat="33.7850252" lon="-84.3785421"/>
 <node id="6702906082" visible="true" version="3" changeset="166572476" timestamp="2025-05-21T14:32:29Z" user="sgopal" uid="21758061" lat="33.7850554" lon="-84.3786386">
  <tag k="highway" v="crossing"/>
 </node>
 <node id="6702906083" visible="true" version="1" changeset="73264336" timestamp="2019-08-12T11:12:39Z" user="accheela" uid="10145800" lat="33.7850913" lon="-84.3788039"/>
 <node id="6702906084" visible="true" version="2" changeset="173252543" timestamp="2025-10-14T01:46:49Z" user="shinterro" uid="8562391" lat="33.7851461" lon="-84.3791308"/>
 <node id="6702910685" visible="true" version="2" changeset="173252543" timestamp="2025-10-14T01:46:49Z" user="shinterro" uid="8562391" lat="33.7853685" lon="-84.3791304"/>
 <node id="6702910688" visible="true" version="3" changeset="173252543" timestamp="2025-10-14T01:46:49Z" user="shinterro" uid="8562391" lat="33.7853106" lon="-84.3791305">
  <tag k="highway" v="crossing"/>
 </node>
 <node id="6702910689" visible="true" version="2" changeset="173252543" timestamp="2025-10-14T01:46:49Z" user="shinterro" uid="8562391" lat="33.7853644" lon="-84.3793724"/>
 <node id="6702910690" visible="true" version="2" changeset="173425135" timestamp="2025-10-17T19:17:07Z" user="shinterro" uid="8562391" lat="33.7856122" lon="-84.3793691">
  <tag k="barrier" v="gate"/>
 </node>
 <node id="6702910691" visible="true" version="1" changeset="73264336" timestamp="2019-08-12T11:12:39Z" user="accheela" uid="10145800" lat="33.7856644" lon="-84.3793966"/>
 <node id="6702910692" visible="true" version="2" changeset="173425135" timestamp="2025-10-17T19:17:07Z" user="shinterro" uid="8562391" lat="33.7856661" lon="-84.3797071"/>
 <node id="6702910693" visible="true" version="2" changeset="166572476" timestamp="2025-05-21T14:32:29Z" user="sgopal" uid="21758061" lat="33.7854352" lon="-84.3793660">
  <tag k="highway" v="crossing"/>
 </node>
 <node id="6702910694" visible="true" version="2" changeset="173425135" timestamp="2025-10-17T19:17:07Z" user="shinterro" uid="8562391" lat="33.7856319" lon="-84.3793692"/>
 <node id="6885701905" visible="true" version="3" changeset="168936012" timestamp="2025-07-14T21:04:48Z" user="shinterro" uid="8562391" lat="33.7866187" lon="-84.3820743"/>
 <node id="6885701906" visible="true" version="3" changeset="168936012" timestamp="2025-07-14T21:04:48Z" user="shinterro" uid="8562391" lat="33.7868635" lon="-84.3823656"/>
 <node id="6885701907" visible="true" version="2" changeset="165309987" timestamp="2025-04-23T02:44:34Z" user="Evan Carroll" uid="4807863" lat="33.7866594" lon="-84.3826252"/>
 <node id="6937415799" visible="true" version="2" changeset="168936012" timestamp="2025-07-14T21:04:48Z" user="shinterro" uid="8562391" lat="33.7869601" lon="-84.3829946"/>
 <node id="7258187490" visible="true" version="2" changeset="173252543" timestamp="2025-10-14T01:46:49Z" user="shinterro" uid="8562391" lat="33.7853961" lon="-84.3804952"/>
 <node id="7258187491" visible="true" version="1" changeset="81687156" timestamp="2020-03-02T15:24:53Z" user="adrianb_telenav" uid="10324067" lat="33.7864805" lon="-84.3804985"/>
 <node id="7415937421" visible="true" version="1" changeset="83727923" timestamp="2020-04-17T22:30:04Z" user="SeyfuLakew" uid="8143452" lat="33.7860504" lon="-84.3830649"/>
 <node id="7430645949" visible="true" version="2" changeset="171561157" timestamp="2025-09-06T21:55:57Z" user="shinterro" uid="8562391" lat="33.7852684" lon="-84.3829966"/>
 <node id="7430645952" visible="true" version="3" changeset="171561157" timestamp="2025-09-06T21:55:57Z" user="shinterro" uid="8562391" lat="33.7852865" lon="-84.3831072">
  <tag k="highway" v="crossing"/>
 </node>
 <node id="7430645953" visible="true" version="3" changeset="171561157" timestamp="2025-09-06T21:55:57Z" user="shinterro" uid="8562391" lat="33.7852536" lon="-84.3831072">
  <tag k="highway" v="crossing"/>
 </node>
 <node id="7447894489" visible="true" version="2" changeset="96028671" timestamp="2020-12-17T21:30:05Z" user="JessAk71" uid="381909" lat="33.7853139" lon="-84.3812537"/>
 <node id="7447894490" visible="true" version="2" changeset="96028671" timestamp="2020-12-17T21:30:05Z" user="JessAk71" uid="381909" lat="33.7853045" lon="-84.3806453"/>
 <node id="7447894491" visible="true" version="2" changeset="96028671" timestamp="2020-12-17T21:30:05Z" user="JessAk71" uid="381909" lat="33.7848800" lon="-84.3806550"/>
 <node id="7447894492" visible="true" version="2" changeset="96028671" timestamp="2020-12-17T21:30:05Z" user="JessAk71" uid="381909" lat="33.7848901" lon="-84.3812634"/>
 <node id="7447894493" visible="true" version="2" changeset="96028671" timestamp="2020-12-17T21:30:05Z" user="JessAk71" uid="381909" lat="33.7850476" lon="-84.3812597"/>
 <node id="7447894494" visible="true" version="2" changeset="96028671" timestamp="2020-12-17T21:30:05Z" user="JessAk71" uid="381909" lat="33.7850331" lon="-84.3806514"/>
 <node id="7477484616" visible="true" version="3" changeset="171561157" timestamp="2025-09-06T21:55:57Z" user="shinterro" uid="8562391" lat="33.7851142" lon="-84.3829975"/>
 <node id="7477484617" visible="true" version="4" changeset="171809790" timestamp="2025-09-12T03:21:24Z" user="shinterro" uid="8562391" lat="33.7851116" lon="-84.3828774">
  <tag k="barrier" v="gate"/>
 </node>
 <node id="7477484618" visible="true" version="4" changeset="171561157" timestamp="2025-09-06T21:55:57Z" user="shinterro" uid="8562391" lat="33.7851099" lon="-84.3827885"/>
 <node id="7561466661" visible="true" version="2" changeset="168936012" timestamp="2025-07-14T21:04:48Z" user="shinterro" uid="8562391" lat="33.7867357" lon="-84.3815612"/>
 <node id="7561466662" visible="true" version="1" changeset="85807031" timestamp="2020-05-27T05:31:05Z" user="sinreeya" uid="10127754" lat="33.7866763" lon="-84.3817035"/>
 <node id="7561466663" visible="true" version="1" changeset="85807031" timestamp="2020-05-27T05:31:05Z" user="sinreeya" uid="10127754" lat="33.7866368" lon="-84.3818113"/>
 <node id="7561466664" visible="true" version="1" changeset="85807031" timestamp="2020-05-27T05:31:05Z" user="sinreeya" uid="10127754" lat="33.7866491" lon="-84.3817470"/>
 <node id="8238395912" visible="true" version="3" changeset="173425135" timestamp="2025-10-17T19:17:07Z" user="shinterro" uid="8562391" lat="33.7861610" lon="-84.3815852"/>
 <node id="8238404055" visible="true" version="3" changeset="173425135" timestamp="2025-10-17T19:17:07Z" user="shinterro" uid="8562391" lat="33.7863305" lon="-84.3812920"/>
 <node id="8238404056" visible="true" version="4" changeset="174749270" timestamp="2025-11-16T23:04:57Z" user="shinterro" uid="8562391" lat="33.7855281" lon="-84.3805285"/>
 <node id="8238404057" visible="true" version="3" changeset="173425135" timestamp="2025-10-17T19:17:07Z" user="shinterro" uid="8562391" lat="33.7859758" lon="-84.3812932"/>
 <node id="8238404058" visible="true" version="4" changeset="174749270" timestamp="2025-11-16T23:04:57Z" user="shinterro" uid="8562391" lat="33.7859763" lon="-84.3815029"/>
 <node id="8238404059" visible="true" version="3" changeset="174749270" timestamp="2025-11-16T23:04:57Z" user="shinterro" uid="8562391" lat="33.7863713" lon="-84.3815021"/>
 <node id="8238404060" visible="true" version="3" changeset="174749270" timestamp="2025-11-16T23:04:57Z" user="shinterro" uid="8562391" lat="33.7855295" lon="-84.3815039"/>
 <node id="8238404061" visible="true" version="4" changeset="174749270" timestamp="2025-11-16T23:04:57Z" user="shinterro" uid="8562391" lat="33.7863699" lon="-84.3805267"/>
 <node id="8238404062" visible="true" version="2" changeset="131606932" timestamp="2023-01-23T12:55:13Z" user="smikhnouski_lyft" uid="12195445" lat="33.7856310" lon="-84.3804960">
  <tag k="access:delivery" v="no"/>
  <tag k="barrier" v="bollard"/>
 </node>
 <node id="8238636193" visible="true" version="2" changeset="173425135" timestamp="2025-10-17T19:17:07Z" user="shinterro" uid="8562391" lat="33.7855905" lon="-84.3786390"/>
 <node id="8238636194" visible="true" version="2" changeset="173299277" timestamp="2025-10-15T02:49:39Z" user="shinterro" uid="8562391" lat="33.7848656" lon="-84.3820310"/>
 <node id="8238636195" visible="true" version="2" changeset="173299277" timestamp="2025-10-15T02:49:39Z" user="shinterro" uid="8562391" lat="33.7850043" lon="-84.3818262"/>
 <node id="8323499758" visible="true" version="3" changeset="173425135" timestamp="2025-10-17T19:17:07Z" user="shinterro" uid="8562391" lat="33.7854083" lon="-84.3810180"/>
 <node id="8481441836" visible="true" version="2" changeset="117865749" timestamp="2022-02-25T23:28:06Z" user="demory" uid="186210" lat="33.7864804" lon="-84.3789347"/>
 <node id="8481441837" visible="true" version="1" changeset="100312550" timestamp="2021-03-03T03:11:11Z" user="kumrrst" uid="11676211" lat="33.7862024" lon="-84.3789354"/>
 <node id="8481441838" visible="true" version="1" changeset="100312550" timestamp="2021-03-03T03:11:11Z" user="kumrrst" uid="11676211" lat="33.7861969" lon="-84.3789269"/>
 <node id="8481441839" visible="true" version="1" changeset="100312550" timestamp="2021-03-03T03:11:11Z" user="kumrrst" uid="11676211" lat="33.7861954" lon="-84.3786818"/>
 <node id="8481441840" visible="true" version="1" changeset="100312550" timestamp="2021-03-03T03:11:11Z" user="kumrrst" uid="11676211" lat="33.7864147" lon="-84.3789354">
  <tag k="highway" v="crossing"/>
 </node>
 <node id="8481441841" visible="true" version="1" changeset="100312550" timestamp="2021-03-03T03:11:11Z" user="kumrrst" uid="11676211" lat="33.7862772" lon="-84.3789349">
  <tag k="barrier" v="gate"/>
 </node>
 <node id="8482370929" visible="true" version="2" changeset="173252543" timestamp="2025-10-14T01:46:49Z" user="shinterro" uid="8562391" lat="33.7854191" lon="-84.3815493"/>
 <node id="8482370930" visible="true" version="4" changeset="183277071" timestamp="2026-05-27T21:58:34Z" user="adelriosantiago" uid="12908516" lat="33.7854927" lon="-84.3815494">
  <tag k="crossing:markings" v="no"/>
  <tag k="highway" v="crossing"/>
  <tag k="tactile_paving" v="no"/>
 </node>
 <node id="8482370931" visible="true" version="1" changeset="100339034" timestamp="2021-03-03T10:01:40Z" user="appank" uid="10297537" lat="33.7856102" lon="-84.3815522"/>
 <node id="8482370932" visible="true" version="1" changeset="100339034" timestamp="2021-03-03T10:01:40Z" user="appank" uid="10297537" lat="33.7857881" lon="-84.3815522"/>
 <node id="8482370933" visible="true" version="1" changeset="100339034" timestamp="2021-03-03T10:01:40Z" user="appank" uid="10297537" lat="33.7860347" lon="-84.3815522"/>
 <node id="8482370934" visible="true" version="1" changeset="100339034" timestamp="2021-03-03T10:01:40Z" user="appank" uid="10297537" lat="33.7862330" lon="-84.3815413"/>
 <node id="8482370935" visible="true" version="4" changeset="180427378" timestamp="2026-03-25T20:57:18Z" user="adelriosantiago" uid="12908516" lat="33.7864002" lon="-84.3815440">
  <tag k="crossing:markings" v="yes"/>
  <tag k="highway" v="crossing"/>
 </node>
 <node id="8482370936" visible="true" version="1" changeset="100339034" timestamp="2021-03-03T10:01:40Z" user="appank" uid="10297537" lat="33.7864852" lon="-84.3815467"/>
 <node id="9005931628" visible="true" version="1" changeset="109655608" timestamp="2021-08-14T05:16:24Z" user="zluuzki" uid="12785610" lat="33.7853280" lon="-84.3902876">
  <tag k="power" v="tower"/>
 </node>
 <node id="9005931629" visible="true" version="1" changeset="109655608" timestamp="2021-08-14T05:16:24Z" user="zluuzki" uid="12785610" lat="33.7853414" lon="-84.3904090">
  <tag k="power" v="tower"/>
 </node>
 <node id="9005931630" visible="true" version="1" changeset="109655608" timestamp="2021-08-14T05:16:24Z" user="zluuzki" uid="12785610" lat="33.7859189" lon="-84.3903023">
  <tag k="power" v="tower"/>
 </node>
 <node id="9005931631" visible="true" version="1" changeset="109655608" timestamp="2021-08-14T05:16:24Z" user="zluuzki" uid="12785610" lat="33.7865141" lon="-84.3902490">
  <tag k="power" v="tower"/>
 </node>
 <node id="9005931632" visible="true" version="2" changeset="164875126" timestamp="2025-04-12T23:09:10Z" user="AdorkaBluwu" uid="22726974" lat="33.7865507" lon="-84.3896061">
  <tag k="line_attachment" v="anchor"/>
  <tag k="power" v="tower"/>
 </node>
 <node id="9005931633" visible="true" version="1" changeset="109655608" timestamp="2021-08-14T05:16:24Z" user="zluuzki" uid="12785610" lat="33.7865773" lon="-84.3856837">
  <tag k="power" v="tower"/>
 </node>
 <node id="9005931634" visible="true" version="1" changeset="109655608" timestamp="2021-08-14T05:16:24Z" user="zluuzki" uid="12785610" lat="33.7865930" lon="-84.3844961">
  <tag k="power" v="tower"/>
 </node>
 <node id="9005931635" visible="true" version="1" changeset="109655608" timestamp="2021-08-14T05:16:24Z" user="zluuzki" uid="12785610" lat="33.7865131" lon="-84.3836243">
  <tag k="power" v="tower"/>
 </node>
 <node id="9005931636" visible="true" version="1" changeset="109655608" timestamp="2021-08-14T05:16:24Z" user="zluuzki" uid="12785610" lat="33.7864248" lon="-84.3815057">
  <tag k="power" v="tower"/>
 </node>
 <node id="9005931637" visible="true" version="1" changeset="109655608" timestamp="2021-08-14T05:16:24Z" user="zluuzki" uid="12785610" lat="33.7864197" lon="-84.3802220">
  <tag k="power" v="tower"/>
 </node>
 <node id="9005931638" visible="true" version="1" changeset="109655608" timestamp="2021-08-14T05:16:24Z" user="zluuzki" uid="12785610" lat="33.7864257" lon="-84.3784856">
  <tag k="power" v="tower"/>
 </node>
 <node id="9005931639" visible="true" version="2" changeset="176798624" timestamp="2026-01-03T21:25:11Z" user="adelriosantiago" uid="12908516" lat="33.7864189" lon="-84.3780635">
  <tag k="line_attachment" v="anchor"/>
  <tag k="power" v="tower"/>
 </node>
 <node id="9005931640" visible="true" version="1" changeset="109655608" timestamp="2021-08-14T05:16:24Z" user="zluuzki" uid="12785610" lat="33.7873838" lon="-84.3780277">
  <tag k="power" v="tower"/>
 </node>
 <node id="9005931641" visible="true" version="1" changeset="109655608" timestamp="2021-08-14T05:16:24Z" user="zluuzki" uid="12785610" lat="33.7882816" lon="-84.3773573">
  <tag k="power" v="tower"/>
 </node>
 <node id="9005931642" visible="true" version="2" changeset="166746360" timestamp="2025-05-25T18:18:10Z" user="Benjaminbikes" uid="22838380" lat="33.7888855" lon="-84.3766633">
  <tag k="line_attachment" v="suspension"/>
  <tag k="power" v="tower"/>
 </node>
 <node id="9005931643" visible="true" version="1" changeset="109655608" timestamp="2021-08-14T05:16:24Z" user="zluuzki" uid="12785610" lat="33.7895200" lon="-84.3759101">
  <tag k="power" v="tower"/>
 </node>
 <node id="9005931644" visible="true" version="1" changeset="109655608" timestamp="2021-08-14T05:16:24Z" user="zluuzki" uid="12785610" lat="33.7902233" lon="-84.3752468">
  <tag k="power" v="tower"/>
 </node>
 <node id="9005931645" visible="true" version="2" changeset="166669883" timestamp="2025-05-23T18:56:25Z" user="VLD192" uid="14737946" lat="33.7910091" lon="-84.3745986">
  <tag k="power" v="tower"/>
 </node>
 <node id="9005931646" visible="true" version="1" changeset="109655608" timestamp="2021-08-14T05:16:24Z" user="zluuzki" uid="12785610" lat="33.7918006" lon="-84.3739856">
  <tag k="power" v="tower"/>
 </node>
 <node id="9005931647" visible="true" version="1" changeset="109655608" timestamp="2021-08-14T05:16:24Z" user="zluuzki" uid="12785610" lat="33.7926338" lon="-84.3734399">
  <tag k="power" v="tower"/>
 </node>
 <node id="9005931648" visible="true" version="1" changeset="109655608" timestamp="2021-08-14T05:16:24Z" user="zluuzki" uid="12785610" lat="33.7931035" lon="-84.3730066">
  <tag k="power" v="tower"/>
 </node>
 <node id="9005931649" visible="true" version="1" changeset="109655608" timestamp="2021-08-14T05:16:24Z" user="zluuzki" uid="12785610" lat="33.7933515" lon="-84.3727572">
  <tag k="power" v="tower"/>
 </node>
 <node id="9005931650" visible="true" version="1" changeset="109655608" timestamp="2021-08-14T05:16:24Z" user="zluuzki" uid="12785610" lat="33.7931179" lon="-84.3725098">
  <tag k="power" v="tower"/>
 </node>
 <node id="9005931651" visible="true" version="1" changeset="109655608" timestamp="2021-08-14T05:16:24Z" user="zluuzki" uid="12785610" lat="33.7931069" lon="-84.3723249">
  <tag k="power" v="tower"/>
 </node>
 <node id="9005931652" visible="true" version="1" changeset="109655608" timestamp="2021-08-14T05:16:24Z" user="zluuzki" uid="12785610" lat="33.7931494" lon="-84.3719733">
  <tag k="power" v="tower"/>
 </node>
 <node id="9005931653" visible="true" version="1" changeset="109655608" timestamp="2021-08-14T05:16:24Z" user="zluuzki" uid="12785610" lat="33.7933532" lon="-84.3714183">
  <tag k="power" v="tower"/>
 </node>
 <node id="9005931654" visible="true" version="1" changeset="109655608" timestamp="2021-08-14T05:16:24Z" user="zluuzki" uid="12785610" lat="33.7936148" lon="-84.3707857">
  <tag k="power" v="tower"/>
 </node>
 <node id="9005931655" visible="true" version="1" changeset="109655608" timestamp="2021-08-14T05:16:24Z" user="zluuzki" uid="12785610" lat="33.7937601" lon="-84.3704791">
  <tag k="power" v="tower"/>
 </node>
 <node id="9005931656" visible="true" version="1" changeset="109655608" timestamp="2021-08-14T05:16:24Z" user="zluuzki" uid="12785610" lat="33.7926822" lon="-84.3704546">
  <tag k="power" v="tower"/>
 </node>
 <node id="9005931657" visible="true" version="1" changeset="109655608" timestamp="2021-08-14T05:16:24Z" user="zluuzki" uid="12785610" lat="33.7917157" lon="-84.3703953">
  <tag k="power" v="tower"/>
 </node>
 <node id="9005931658" visible="true" version="1" changeset="109655608" timestamp="2021-08-14T05:16:24Z" user="zluuzki" uid="12785610" lat="33.7916256" lon="-84.3698659">
  <tag k="power" v="tower"/>
 </node>
 <node id="9005931659" visible="true" version="1" changeset="109655608" timestamp="2021-08-14T05:16:24Z" user="zluuzki" uid="12785610" lat="33.7915543" lon="-84.3692353">
  <tag k="power" v="tower"/>
 </node>
 <node id="9005931660" visible="true" version="1" changeset="109655608" timestamp="2021-08-14T05:16:24Z" user="zluuzki" uid="12785610" lat="33.7914702" lon="-84.3686037">
  <tag k="power" v="tower"/>
 </node>
 <node id="9005931661" visible="true" version="1" changeset="109655608" timestamp="2021-08-14T05:16:24Z" user="zluuzki" uid="12785610" lat="33.7913666" lon="-84.3676849">
  <tag k="power" v="tower"/>
 </node>
 <node id="9005931662" visible="true" version="1" changeset="109655608" timestamp="2021-08-14T05:16:24Z" user="zluuzki" uid="12785610" lat="33.7909945" lon="-84.3672127">
  <tag k="power" v="tower"/>
 </node>
 <node id="9005931663" visible="true" version="1" changeset="109655608" timestamp="2021-08-14T05:16:24Z" user="zluuzki" uid="12785610" lat="33.7909969" lon="-84.3667429"/>
 <node id="9511013679" visible="true" version="2" changeset="166556854" timestamp="2025-05-21T08:43:38Z" user="rboda" uid="22723613" lat="33.7915542" lon="-84.3741476">
  <tag k="barrier" v="kerb"/>
  <tag k="kerb" v="lowered"/>
 </node>
 <node id="9535944742" visible="true" version="1" changeset="117865749" timestamp="2022-02-25T23:28:06Z" user="demory" uid="186210" lat="33.7864469" lon="-84.3781887"/>
 <node id="9535944743" visible="true" version="1" changeset="117865749" timestamp="2022-02-25T23:28:06Z" user="demory" uid="186210" lat="33.7864585" lon="-84.3781614"/>
 <node id="9535944744" visible="true" version="1" changeset="117865749" timestamp="2022-02-25T23:28:06Z" user="demory" uid="186210" lat="33.7864580" lon="-84.3781574"/>
 <node id="9535944745" visible="true" version="1" changeset="117865749" timestamp="2022-02-25T23:28:06Z" user="demory" uid="186210" lat="33.7864189" lon="-84.3781558"/>
 <node id="9535944746" visible="true" version="1" changeset="117865749" timestamp="2022-02-25T23:28:06Z" user="demory" uid="186210" lat="33.7864142" lon="-84.3781634"/>
 <node id="9535944747" visible="true" version="1" changeset="117865749" timestamp="2022-02-25T23:28:06Z" user="demory" uid="186210" lat="33.7864155" lon="-84.3781719"/>
 <node id="9535944748" visible="true" version="1" changeset="117865749" timestamp="2022-02-25T23:28:06Z" user="demory" uid="186210" lat="33.7864421" lon="-84.3781919"/>
 <node id="9535944749" visible="true" version="1" changeset="117865749" timestamp="2022-02-25T23:28:06Z" user="demory" uid="186210" lat="33.7864548" lon="-84.3781556"/>
 <node id="9535944750" visible="true" version="3" changeset="176921675" timestamp="2026-01-06T22:20:18Z" user="adelriosantiago" uid="12908516" lat="33.7863977" lon="-84.3781952">
  <tag k="crossing" v="traffic_signals"/>
  <tag k="crossing:markings" v="surface:lines"/>
  <tag k="crossing:signals" v="yes"/>
  <tag k="highway" v="crossing"/>
  <tag k="tactile_paving" v="yes"/>
 </node>
 <node id="9535944751" visible="true" version="3" changeset="176921675" timestamp="2026-01-06T22:20:16Z" user="adelriosantiago" uid="12908516" lat="33.7864763" lon="-84.3782869">
  <tag k="crossing" v="traffic_signals"/>
  <tag k="crossing:markings" v="surface: lines"/>
  <tag k="crossing:signals" v="yes"/>
  <tag k="highway" v="crossing"/>
  <tag k="tactile_paving" v="yes"/>
 </node>
 <node id="9535944752" visible="true" version="1" changeset="117865749" timestamp="2022-02-25T23:28:06Z" user="demory" uid="186210" lat="33.7865056" lon="-84.3783613"/>
 <node id="9535944753" visible="true" version="1" changeset="117865749" timestamp="2022-02-25T23:28:06Z" user="demory" uid="186210" lat="33.7865439" lon="-84.3781310"/>
 <node id="9535944754" visible="true" version="1" changeset="117865749" timestamp="2022-02-25T23:28:06Z" user="demory" uid="186210" lat="33.7864776" lon="-84.3781716"/>
 <node id="9535944755" visible="true" version="1" changeset="117865749" timestamp="2022-02-25T23:28:06Z" user="demory" uid="186210" lat="33.7864595" lon="-84.3782035"/>
 <node id="9535944756" visible="true" version="3" changeset="176881471" timestamp="2026-01-05T22:41:27Z" user="adelriosantiago" uid="12908516" lat="33.7865125" lon="-84.3782891">
  <tag k="crossing" v="traffic_signals"/>
  <tag k="crossing:markings" v="surface: lines"/>
  <tag k="crossing:signals" v="yes"/>
  <tag k="highway" v="crossing"/>
  <tag k="tactile_paving" v="yes"/>
 </node>
 <node id="9535944757" visible="true" version="1" changeset="117865749" timestamp="2022-02-25T23:28:06Z" user="demory" uid="186210" lat="33.7865462" lon="-84.3782138"/>
 <node id="9535944758" visible="true" version="1" changeset="117865749" timestamp="2022-02-25T23:28:06Z" user="demory" uid="186210" lat="33.7865701" lon="-84.3781961"/>
 <node id="9535944759" visible="true" version="1" changeset="117865749" timestamp="2022-02-25T23:28:06Z" user="demory" uid="186210" lat="33.7864499" lon="-84.3787428"/>
 <node id="9535944760" visible="true" version="1" changeset="117865749" timestamp="2022-02-25T23:28:06Z" user="demory" uid="186210" lat="33.7865319" lon="-84.3782323"/>
 <node id="9535944761" visible="true" version="1" changeset="117865749" timestamp="2022-02-25T23:28:06Z" user="demory" uid="186210" lat="33.7864881" lon="-84.3783050"/>
 <node id="9535944762" visible="true" version="1" changeset="117865749" timestamp="2022-02-25T23:28:06Z" user="demory" uid="186210" lat="33.7864497" lon="-84.3782370">
  <tag k="highway" v="traffic_signals"/>
  <tag k="traffic_signals" v="signal"/>
 </node>
 <node id="9535944763" visible="true" version="1" changeset="117865749" timestamp="2022-02-25T23:28:06Z" user="demory" uid="186210" lat="33.7864234" lon="-84.3782128"/>
 <node id="9535944764" visible="true" version="2" changeset="175595301" timestamp="2025-12-06T17:45:25Z" user="shinterro" uid="8562391" lat="33.7865184" lon="-84.3782547"/>
 <node id="9535944765" visible="true" version="1" changeset="117865749" timestamp="2022-02-25T23:28:06Z" user="demory" uid="186210" lat="33.7865020" lon="-84.3787143"/>
 <node id="9535944766" visible="true" version="5" changeset="176928114" timestamp="2026-01-07T04:43:14Z" user="adelriosantiago" uid="12908516" lat="33.7866013" lon="-84.3781524">
  <tag k="crossing" v="traffic_signals"/>
  <tag k="crossing:island" v="no"/>
  <tag k="crossing:markings" v="surface:lines"/>
  <tag k="crossing:signals" v="yes"/>
  <tag k="highway" v="crossing"/>
  <tag k="tactile_paving" v="yes"/>
 </node>
 <node id="9535944767" visible="true" version="1" changeset="117865749" timestamp="2022-02-25T23:28:06Z" user="demory" uid="186210" lat="33.7864524" lon="-84.3781430"/>
 <node id="9535944768" visible="true" version="1" changeset="117865749" timestamp="2022-02-25T23:28:06Z" user="demory" uid="186210" lat="33.7865006" lon="-84.3782275"/>
 <node id="9535944769" visible="true" version="1" changeset="117865749" timestamp="2022-02-25T23:28:06Z" user="demory" uid="186210" lat="33.7865105" lon="-84.3782100"/>
 <node id="9535944770" visible="true" version="1" changeset="117865749" timestamp="2022-02-25T23:28:06Z" user="demory" uid="186210" lat="33.7865309" lon="-84.3781897"/>
 <node id="9535944771" visible="true" version="1" changeset="117865749" timestamp="2022-02-25T23:28:06Z" user="demory" uid="186210" lat="33.7865484" lon="-84.3781773"/>
 <node id="9535944772" visible="true" version="1" changeset="117865749" timestamp="2022-02-25T23:28:06Z" user="demory" uid="186210" lat="33.7865559" lon="-84.3781682"/>
 <node id="9535944773" visible="true" version="1" changeset="117865749" timestamp="2022-02-25T23:28:06Z" user="demory" uid="186210" lat="33.7865549" lon="-84.3781575"/>
 <node id="9535944774" visible="true" version="1" changeset="117865749" timestamp="2022-02-25T23:28:06Z" user="demory" uid="186210" lat="33.7865489" lon="-84.3781519"/>
 <node id="9535944775" visible="true" version="1" changeset="117865749" timestamp="2022-02-25T23:28:06Z" user="demory" uid="186210" lat="33.7865357" lon="-84.3781511"/>
 <node id="9535944776" visible="true" version="1" changeset="117865749" timestamp="2022-02-25T23:28:06Z" user="demory" uid="186210" lat="33.7865211" lon="-84.3781573"/>
 <node id="9535944777" visible="true" version="1" changeset="117865749" timestamp="2022-02-25T23:28:06Z" user="demory" uid="186210" lat="33.7865038" lon="-84.3781740"/>
 <node id="9535944778" visible="true" version="1" changeset="117865749" timestamp="2022-02-25T23:28:06Z" user="demory" uid="186210" lat="33.7864851" lon="-84.3782056"/>
 <node id="9535944779" visible="true" version="1" changeset="117865749" timestamp="2022-02-25T23:28:06Z" user="demory" uid="186210" lat="33.7864756" lon="-84.3782263"/>
 <node id="9535944780" visible="true" version="1" changeset="117865749" timestamp="2022-02-25T23:28:06Z" user="demory" uid="186210" lat="33.7864746" lon="-84.3782330"/>
 <node id="9535944781" visible="true" version="1" changeset="117865749" timestamp="2022-02-25T23:28:06Z" user="demory" uid="186210" lat="33.7864772" lon="-84.3782393"/>
 <node id="9535944782" visible="true" version="1" changeset="117865749" timestamp="2022-02-25T23:28:06Z" user="demory" uid="186210" lat="33.7864822" lon="-84.3782431"/>
 <node id="9535944783" visible="true" version="1" changeset="117865749" timestamp="2022-02-25T23:28:06Z" user="demory" uid="186210" lat="33.7864884" lon="-84.3782440"/>
 <node id="9535944784" visible="true" version="1" changeset="117865749" timestamp="2022-02-25T23:28:06Z" user="demory" uid="186210" lat="33.7864946" lon="-84.3782392"/>
 <node id="9535944785" visible="true" version="1" changeset="117865749" timestamp="2022-02-25T23:28:06Z" user="demory" uid="186210" lat="33.7864979" lon="-84.3782343"/>
 <node id="9535944786" visible="true" version="1" changeset="117865749" timestamp="2022-02-25T23:28:06Z" user="demory" uid="186210" lat="33.7865563" lon="-84.3781625"/>
 <node id="9535944787" visible="true" version="1" changeset="117865749" timestamp="2022-02-25T23:28:06Z" user="demory" uid="186210" lat="33.7865535" lon="-84.3781720"/>
 <node id="9535944788" visible="true" version="1" changeset="117865749" timestamp="2022-02-25T23:28:06Z" user="demory" uid="186210" lat="33.7865427" lon="-84.3781507"/>
 <node id="9535944789" visible="true" version="1" changeset="117865749" timestamp="2022-02-25T23:28:06Z" user="demory" uid="186210" lat="33.7865522" lon="-84.3781544"/>
 <node id="9535944790" visible="true" version="1" changeset="117865749" timestamp="2022-02-25T23:28:06Z" user="demory" uid="186210" lat="33.7865282" lon="-84.3781531"/>
 <node id="9535944791" visible="true" version="1" changeset="117865749" timestamp="2022-02-25T23:28:06Z" user="demory" uid="186210" lat="33.7865133" lon="-84.3781634"/>
 <node id="9535944792" visible="true" version="1" changeset="117865749" timestamp="2022-02-25T23:28:06Z" user="demory" uid="186210" lat="33.7865207" lon="-84.3781979"/>
 <node id="9535944793" visible="true" version="2" changeset="166497665" timestamp="2025-05-19T21:36:53Z" user="VLD277" uid="19857719" lat="33.7865701" lon="-84.3782919"/>
 <node id="9535944794" visible="true" version="1" changeset="117865749" timestamp="2022-02-25T23:28:06Z" user="demory" uid="186210" lat="33.7865825" lon="-84.3782616"/>
 <node id="9535944795" visible="true" version="2" changeset="117886530" timestamp="2022-02-26T17:24:50Z" user="demory" uid="186210" lat="33.7857762" lon="-84.3781686"/>
 <node id="9535944796" visible="true" version="3" changeset="166556854" timestamp="2025-05-21T08:43:38Z" user="rboda" uid="22723613" lat="33.7856989" lon="-84.3781865"/>
 <node id="9535944797" visible="true" version="1" changeset="117865749" timestamp="2022-02-25T23:28:06Z" user="demory" uid="186210" lat="33.7863955" lon="-84.3780445"/>
 <node id="9535944798" visible="true" version="1" changeset="117865749" timestamp="2022-02-25T23:28:06Z" user="demory" uid="186210" lat="33.7864099" lon="-84.3782582"/>
 <node id="9535944799" visible="true" version="1" changeset="117865749" timestamp="2022-02-25T23:28:06Z" user="demory" uid="186210" lat="33.7864050" lon="-84.3782507"/>
 <node id="9535944800" visible="true" version="3" changeset="176763731" timestamp="2026-01-02T22:36:25Z" user="adelriosantiago" uid="12908516" lat="33.7864254" lon="-84.3782852">
  <tag k="barrier" v="kerb"/>
  <tag k="kerb" v="lowered"/>
  <tag k="tactile_paving" v="yes"/>
 </node>
 <node id="9535944801" visible="true" version="3" changeset="176763731" timestamp="2026-01-02T22:36:22Z" user="adelriosantiago" uid="12908516" lat="33.7865510" lon="-84.3782918">
  <tag k="barrier" v="kerb"/>
  <tag k="kerb" v="lowered"/>
  <tag k="tactile_paving" v="yes"/>
 </node>
 <node id="9535944802" visible="true" version="2" changeset="158350606" timestamp="2024-10-25T18:43:27Z" user="adelriosantiago" uid="12908516" lat="33.7863961" lon="-84.3780865">
  <tag k="barrier" v="kerb"/>
  <tag k="kerb" v="lowered"/>
  <tag k="tactile_paving" v="yes"/>
 </node>
 <node id="9535944803" visible="true" version="2" changeset="176835640" timestamp="2026-01-04T20:53:03Z" user="adelriosantiago" uid="12908516" lat="33.7864517" lon="-84.3780428">
  <tag k="barrier" v="kerb"/>
  <tag k="kerb" v="lowered"/>
  <tag k="tactile_paving" v="yes"/>
 </node>
 <node id="9535944804" visible="true" version="2" changeset="176650785" timestamp="2025-12-30T22:53:51Z" user="adelriosantiago" uid="12908516" lat="33.7865293" lon="-84.3780434">
  <tag k="barrier" v="kerb"/>
  <tag k="kerb" v="lowered"/>
  <tag k="tactile_paving" v="yes"/>
 </node>
 <node id="9535944805" visible="true" version="1" changeset="117865749" timestamp="2022-02-25T23:28:06Z" user="demory" uid="186210" lat="33.7866008" lon="-84.3780444"/>
 <node id="9535944806" visible="true" version="3" changeset="176798593" timestamp="2026-01-03T21:24:13Z" user="adelriosantiago" uid="12908516" lat="33.7866007" lon="-84.3780758">
  <tag k="barrier" v="kerb"/>
  <tag k="kerb" v="lowered"/>
  <tag k="tactile_paving" v="yes"/>
 </node>
 <node id="9535944807" visible="true" version="3" changeset="176798593" timestamp="2026-01-03T21:24:11Z" user="adelriosantiago" uid="12908516" lat="33.7866020" lon="-84.3782341">
  <tag k="barrier" v="kerb"/>
  <tag k="kerb" v="lowered"/>
  <tag k="tactile_paving" v="yes"/>
 </node>
 <node id="9535944808" visible="true" version="2" changeset="158350606" timestamp="2024-10-25T18:43:59Z" user="adelriosantiago" uid="12908516" lat="33.7863981" lon="-84.3782246">
  <tag k="barrier" v="kerb"/>
  <tag k="kerb" v="lowered"/>
  <tag k="tactile_paving" v="yes"/>
 </node>
 <node id="9535944809" visible="true" version="7" changeset="185609212" timestamp="2026-07-12T19:25:37Z" user="Cerras" uid="24292237" lat="33.7864933" lon="-84.3780430">
  <tag k="button_operated" v="yes"/>
  <tag k="crossing" v="traffic_signals"/>
  <tag k="crossing:island" v="no"/>
  <tag k="crossing:markings" v="surface:lines"/>
  <tag k="highway" v="crossing"/>
  <tag k="tactile_paving" v="yes"/>
  <tag k="traffic_signals:sound" v="no"/>
  <tag k="traffic_signals:vibration" v="no"/>
 </node>
 <node id="9535944810" visible="true" version="3" changeset="166572476" timestamp="2025-05-21T14:32:29Z" user="sgopal" uid="21758061" lat="33.7864113" lon="-84.3804983">
  <tag k="highway" v="crossing"/>
 </node>
 <node id="9536158704" visible="true" version="3" changeset="168936012" timestamp="2025-07-14T21:04:48Z" user="shinterro" uid="8562391" lat="33.7869545" lon="-84.3831429"/>
 <node id="9536158706" visible="true" version="2" changeset="168936012" timestamp="2025-07-14T21:04:48Z" user="shinterro" uid="8562391" lat="33.7869971" lon="-84.3830256"/>
 <node id="9536158728" visible="true" version="2" changeset="168936012" timestamp="2025-07-14T21:04:48Z" user="shinterro" uid="8562391" lat="33.7871264" lon="-84.3828693"/>
 <node id="9537493828" visible="true" version="1" changeset="117886530" timestamp="2022-02-26T17:24:50Z" user="demory" uid="186210" lat="33.7843309" lon="-84.3790008"/>
 <node id="9537493833" visible="true" version="1" changeset="117886530" timestamp="2022-02-26T17:24:50Z" user="demory" uid="186210" lat="33.7843441" lon="-84.3796015"/>
 <node id="9537493870" visible="true" version="2" changeset="173252543" timestamp="2025-10-14T01:46:49Z" user="shinterro" uid="8562391" lat="33.7852883" lon="-84.3785745"/>
 <node id="9537493871" visible="true" version="2" changeset="173252543" timestamp="2025-10-14T01:46:49Z" user="shinterro" uid="8562391" lat="33.7853205" lon="-84.3785346">
  <tag k="barrier" v="kerb"/>
  <tag k="kerb" v="lowered"/>
 </node>
 <node id="9537493872" visible="true" version="2" changeset="173252543" timestamp="2025-10-14T01:46:49Z" user="shinterro" uid="8562391" lat="33.7852581" lon="-84.3785558"/>
 <node id="9537493873" visible="true" version="1" changeset="117886530" timestamp="2022-02-26T17:24:50Z" user="demory" uid="186210" lat="33.7852945" lon="-84.3786009"/>
 <node id="9537493874" visible="true" version="2" changeset="173252543" timestamp="2025-10-14T01:46:49Z" user="shinterro" uid="8562391" lat="33.7853871" lon="-84.3785194">
  <tag k="barrier" v="kerb"/>
  <tag k="kerb" v="lowered"/>
 </node>
 <node id="9537493875" visible="true" version="1" changeset="117886530" timestamp="2022-02-26T17:24:50Z" user="demory" uid="186210" lat="33.7854274" lon="-84.3784978"/>
 <node id="9537493876" visible="true" version="1" changeset="117886530" timestamp="2022-02-26T17:24:50Z" user="demory" uid="186210" lat="33.7853529" lon="-84.3783133"/>
 <node id="9537493877" visible="true" version="1" changeset="117886530" timestamp="2022-02-26T17:24:50Z" user="demory" uid="186210" lat="33.7849925" lon="-84.3784542"/>
 <node id="9537493878" visible="true" version="1" changeset="117886530" timestamp="2022-02-26T17:24:50Z" user="demory" uid="186210" lat="33.7846774" lon="-84.3785962"/>
 <node id="9537493879" visible="true" version="1" changeset="117886530" timestamp="2022-02-26T17:24:50Z" user="demory" uid="186210" lat="33.7833748" lon="-84.3795230"/>
 <node id="9537493885" visible="true" version="2" changeset="173028485" timestamp="2025-10-09T02:05:53Z" user="shinterro" uid="8562391" lat="33.7826281" lon="-84.3801770"/>
 <node id="9657075275" visible="true" version="1" changeset="119552423" timestamp="2022-04-10T22:05:06Z" user="KB-01" uid="9509339" lat="33.7857739" lon="-84.3822668">
  <tag k="highway" v="crossing"/>
 </node>
 <node id="9659685907" visible="true" version="1" changeset="119599179" timestamp="2022-04-12T00:19:38Z" user="David Andron" uid="10594286" lat="33.7853846" lon="-84.3823427"/>
 <node id="9659685908" visible="true" version="1" changeset="119599179" timestamp="2022-04-12T00:19:38Z" user="David Andron" uid="10594286" lat="33.7853820" lon="-84.3823034"/>
 <node id="9659685909" visible="true" version="1" changeset="119599179" timestamp="2022-04-12T00:19:38Z" user="David Andron" uid="10594286" lat="33.7853649" lon="-84.3822710"/>
 <node id="9659685910" visible="true" version="1" changeset="119599179" timestamp="2022-04-12T00:19:38Z" user="David Andron" uid="10594286" lat="33.7853489" lon="-84.3822656"/>
 <node id="9659685911" visible="true" version="1" changeset="119599179" timestamp="2022-04-12T00:19:38Z" user="David Andron" uid="10594286" lat="33.7853233" lon="-84.3822656"/>
 <node id="9659685912" visible="true" version="1" changeset="119599179" timestamp="2022-04-12T00:19:38Z" user="David Andron" uid="10594286" lat="33.7844153" lon="-84.3823058"/>
 <node id="9659685913" visible="true" version="1" changeset="119599179" timestamp="2022-04-12T00:19:38Z" user="David Andron" uid="10594286" lat="33.7843580" lon="-84.3823099"/>
 <node id="9659685914" visible="true" version="1" changeset="119599179" timestamp="2022-04-12T00:19:38Z" user="David Andron" uid="10594286" lat="33.7843468" lon="-84.3823121"/>
 <node id="9659685915" visible="true" version="1" changeset="119599179" timestamp="2022-04-12T00:19:38Z" user="David Andron" uid="10594286" lat="33.7843412" lon="-84.3823178"/>
 <node id="9659697625" visible="true" version="1" changeset="119599179" timestamp="2022-04-12T00:19:38Z" user="David Andron" uid="10594286" lat="33.7845547" lon="-84.3829189"/>
 <node id="9659697627" visible="true" version="1" changeset="119599179" timestamp="2022-04-12T00:19:38Z" user="David Andron" uid="10594286" lat="33.7849545" lon="-84.3828937"/>
 <node id="9659697628" visible="true" version="1" changeset="119599179" timestamp="2022-04-12T00:19:38Z" user="David Andron" uid="10594286" lat="33.7850732" lon="-84.3828910"/>
 <node id="9659697629" visible="true" version="1" changeset="119599179" timestamp="2022-04-12T00:19:38Z" user="David Andron" uid="10594286" lat="33.7852650" lon="-84.3828944"/>
 <node id="9659697630" visible="true" version="1" changeset="119599179" timestamp="2022-04-12T00:19:38Z" user="David Andron" uid="10594286" lat="33.7853352" lon="-84.3828951"/>
 <node id="9659697631" visible="true" version="1" changeset="119599179" timestamp="2022-04-12T00:19:38Z" user="David Andron" uid="10594286" lat="33.7853597" lon="-84.3828910"/>
 <node id="9659697632" visible="true" version="1" changeset="119599179" timestamp="2022-04-12T00:19:38Z" user="David Andron" uid="10594286" lat="33.7853708" lon="-84.3828816"/>
 <node id="9659697633" visible="true" version="1" changeset="119599179" timestamp="2022-04-12T00:19:38Z" user="David Andron" uid="10594286" lat="33.7853895" lon="-84.3828407"/>
 <node id="9659697634" visible="true" version="1" changeset="119599179" timestamp="2022-04-12T00:19:38Z" user="David Andron" uid="10594286" lat="33.7853841" lon="-84.3828591"/>
 <node id="9659697635" visible="true" version="1" changeset="119599179" timestamp="2022-04-12T00:19:38Z" user="David Andron" uid="10594286" lat="33.7855426" lon="-84.3828967"/>
 <node id="9659697637" visible="true" version="1" changeset="119599179" timestamp="2022-04-12T00:19:38Z" user="David Andron" uid="10594286" lat="33.7855047" lon="-84.3820700"/>
 <node id="9659697638" visible="true" version="3" changeset="175203128" timestamp="2025-11-27T15:32:05Z" user="shinterro" uid="8562391" lat="33.7863756" lon="-84.3820491"/>
 <node id="9659697752" visible="true" version="5" changeset="183376345" timestamp="2026-05-29T21:54:57Z" user="adelriosantiago" uid="12908516" lat="33.7851119" lon="-84.3828922">
  <tag k="crossing:markings" v="no"/>
  <tag k="highway" v="crossing"/>
  <tag k="tactile_paving" v="no"/>
 </node>
 <node id="9659697753" visible="true" version="2" changeset="171561157" timestamp="2025-09-06T21:55:57Z" user="shinterro" uid="8562391" lat="33.7847400" lon="-84.3829035">
  <tag k="highway" v="crossing"/>
 </node>
 <node id="10748418043" visible="true" version="2" changeset="173299277" timestamp="2025-10-15T02:49:39Z" user="shinterro" uid="8562391" lat="33.7849292" lon="-84.3821965"/>
 <node id="10748418044" visible="true" version="3" changeset="183178763" timestamp="2026-05-25T21:46:58Z" user="adelriosantiago" uid="12908516" lat="33.7849298" lon="-84.3820443">
  <tag k="access" v="permit"/>
  <tag k="amenity" v="parking_entrance"/>
  <tag k="fee" v="yes"/>
  <tag k="lit" v="yes"/>
  <tag k="maxheight" v="6'5&quot;"/>
  <tag k="opening_hours" v="24/7"/>
  <tag k="parking" v="multi-storey"/>
  <tag k="smoothness" v="excellent"/>
  <tag k="supervised" v="yes"/>
  <tag k="surface" v="concrete"/>
 </node>
 <node id="10748418045" visible="true" version="4" changeset="183178753" timestamp="2026-05-25T21:46:38Z" user="adelriosantiago" uid="12908516" lat="33.7849296" lon="-84.3821011">
  <tag k="crossing:markings" v="no"/>
  <tag k="highway" v="crossing"/>
  <tag k="tactile_paving" v="no"/>
 </node>
 <node id="11050833236" visible="true" version="1" changeset="138616746" timestamp="2023-07-17T11:04:34Z" user="mpatsevich_lyft" uid="12896788" lat="33.7858438" lon="-84.3784214">
  <tag k="barrier" v="gate"/>
 </node>
 <node id="11068664324" visible="true" version="3" changeset="173425135" timestamp="2025-10-17T19:17:07Z" user="shinterro" uid="8562391" lat="33.7853616" lon="-84.3787806"/>
 <node id="11068664325" visible="true" version="3" changeset="173425135" timestamp="2025-10-17T19:17:07Z" user="shinterro" uid="8562391" lat="33.7854215" lon="-84.3787797">
  <tag k="highway" v="crossing"/>
 </node>
 <node id="11068664329" visible="true" version="2" changeset="173425135" timestamp="2025-10-17T19:17:07Z" user="shinterro" uid="8562391" lat="33.7855492" lon="-84.3788223"/>
 <node id="11068664331" visible="true" version="2" changeset="173425135" timestamp="2025-10-17T19:17:07Z" user="shinterro" uid="8562391" lat="33.7855534" lon="-84.3789860"/>
 <node id="11068664333" visible="true" version="2" changeset="173425135" timestamp="2025-10-17T19:17:07Z" user="shinterro" uid="8562391" lat="33.7854965" lon="-84.3790293"/>
 <node id="11068664335" visible="true" version="3" changeset="173425135" timestamp="2025-10-17T19:17:07Z" user="shinterro" uid="8562391" lat="33.7854303" lon="-84.3790314">
  <tag k="highway" v="crossing"/>
 </node>
 <node id="11068664336" visible="true" version="3" changeset="173425135" timestamp="2025-10-17T19:17:07Z" user="shinterro" uid="8562391" lat="33.7853671" lon="-84.3790335"/>
 <node id="11068664338" visible="true" version="2" changeset="173425135" timestamp="2025-10-17T19:17:07Z" user="shinterro" uid="8562391" lat="33.7855306" lon="-84.3791043"/>
 <node id="11068664339" visible="true" version="2" changeset="173425135" timestamp="2025-10-17T19:17:07Z" user="shinterro" uid="8562391" lat="33.7855382" lon="-84.3792522"/>
 <node id="11867917026" visible="true" version="1" changeset="150687696" timestamp="2024-04-30T03:57:22Z" user="Trexer0" uid="8532341" lat="33.7929521" lon="-84.3724889"/>
 <node id="11883033709" visible="true" version="1" changeset="150948700" timestamp="2024-05-06T06:33:24Z" user="kmarkish_lyft" uid="11824233" lat="33.7852948" lon="-84.3827847"/>
 <node id="11883033710" visible="true" version="1" changeset="150948700" timestamp="2024-05-06T06:33:24Z" user="kmarkish_lyft" uid="11824233" lat="33.7852888" lon="-84.3824135"/>
 <node id="11883033711" visible="true" version="1" changeset="150948700" timestamp="2024-05-06T06:33:24Z" user="kmarkish_lyft" uid="11824233" lat="33.7849554" lon="-84.3824214"/>
 <node id="11883033712" visible="true" version="1" changeset="150948700" timestamp="2024-05-06T06:33:24Z" user="kmarkish_lyft" uid="11824233" lat="33.7849614" lon="-84.3827926"/>
 <node id="12046621998" visible="true" version="3" changeset="165967774" timestamp="2025-05-08T06:45:39Z" user="Saint_Vincent" uid="14728764" lat="33.7884636" lon="-84.3833731"/>
 <node id="12046621999" visible="true" version="4" changeset="168936012" timestamp="2025-07-14T21:04:48Z" user="shinterro" uid="8562391" lat="33.7883167" lon="-84.3833849"/>
 <node id="12046622000" visible="true" version="3" changeset="165967774" timestamp="2025-05-08T06:45:39Z" user="Saint_Vincent" uid="14728764" lat="33.7881519" lon="-84.3834811"/>
 <node id="12046622001" visible="true" version="3" changeset="165967774" timestamp="2025-05-08T06:45:39Z" user="Saint_Vincent" uid="14728764" lat="33.7881032" lon="-84.3835385"/>
 <node id="12777488377" visible="true" version="2" changeset="168936012" timestamp="2025-07-14T21:04:48Z" user="shinterro" uid="8562391" lat="33.7880946" lon="-84.3826831"/>
 <node id="12777488378" visible="true" version="2" changeset="168936012" timestamp="2025-07-14T21:04:48Z" user="shinterro" uid="8562391" lat="33.7871967" lon="-84.3816080"/>
 <node id="12777488380" visible="true" version="2" changeset="168936012" timestamp="2025-07-14T21:04:48Z" user="shinterro" uid="8562391" lat="33.7874840" lon="-84.3822492"/>
 <node id="12777488381" visible="true" version="2" changeset="168936012" timestamp="2025-07-14T21:04:48Z" user="shinterro" uid="8562391" lat="33.7879718" lon="-84.3828320"/>
 <node id="12777488383" visible="true" version="2" changeset="168936012" timestamp="2025-07-14T21:04:48Z" user="shinterro" uid="8562391" lat="33.7886253" lon="-84.3826400"/>
 <node id="12777488384" visible="true" version="1" changeset="165309987" timestamp="2025-04-23T02:44:34Z" user="Evan Carroll" uid="4807863" lat="33.7873538" lon="-84.3811093"/>
 <node id="12777488385" visible="true" version="2" changeset="168936012" timestamp="2025-07-14T21:04:48Z" user="shinterro" uid="8562391" lat="33.7866054" lon="-84.3809766"/>
 <node id="12777488386" visible="true" version="2" changeset="168936012" timestamp="2025-07-14T21:04:48Z" user="shinterro" uid="8562391" lat="33.7866378" lon="-84.3828952"/>
 <node id="12777488387" visible="true" version="2" changeset="168936012" timestamp="2025-07-14T21:04:48Z" user="shinterro" uid="8562391" lat="33.7868140" lon="-84.3830687"/>
 <node id="12818637185" visible="true" version="1" changeset="165967774" timestamp="2025-05-08T06:45:39Z" user="Saint_Vincent" uid="14728764" lat="33.7882395" lon="-84.3834275"/>
 <node id="12818637188" visible="true" version="2" changeset="168936012" timestamp="2025-07-14T21:04:48Z" user="shinterro" uid="8562391" lat="33.7884791" lon="-84.3833515"/>
 <node id="12818637189" visible="true" version="1" changeset="165967774" timestamp="2025-05-08T06:45:39Z" user="Saint_Vincent" uid="14728764" lat="33.7884725" lon="-84.3833477"/>
 <node id="12818637190" visible="true" version="1" changeset="165967774" timestamp="2025-05-08T06:45:39Z" user="Saint_Vincent" uid="14728764" lat="33.7883917" lon="-84.3833685"/>
 <node id="12818637191" visible="true" version="1" changeset="165967774" timestamp="2025-05-08T06:45:39Z" user="Saint_Vincent" uid="14728764" lat="33.7881609" lon="-84.3834929"/>
 <node id="12849706240" visible="true" version="1" changeset="166497665" timestamp="2025-05-19T21:36:53Z" user="VLD277" uid="19857719" lat="33.7873968" lon="-84.3780424"/>
 <node id="12849706241" visible="true" version="3" changeset="166877977" timestamp="2025-05-28T14:07:15Z" user="sgopal" uid="21758061" lat="33.7874912" lon="-84.3780158">
  <tag k="crossing" v="unmarked"/>
  <tag k="crossing:markings" v="no"/>
  <tag k="highway" v="crossing"/>
 </node>
 <node id="12849706242" visible="true" version="3" changeset="166877894" timestamp="2025-05-28T14:05:27Z" user="sgopal" uid="21758061" lat="33.7876590" lon="-84.3779462">
  <tag k="crossing" v="unmarked"/>
  <tag k="crossing:markings" v="no"/>
  <tag k="highway" v="crossing"/>
 </node>
 <node id="12849706243" visible="true" version="1" changeset="166497665" timestamp="2025-05-19T21:36:53Z" user="VLD277" uid="19857719" lat="33.7878838" lon="-84.3777633"/>
 <node id="12849706244" visible="true" version="1" changeset="166497665" timestamp="2025-05-19T21:36:53Z" user="VLD277" uid="19857719" lat="33.7880276" lon="-84.3776264"/>
 <node id="12849706245" visible="true" version="1" changeset="166497665" timestamp="2025-05-19T21:36:53Z" user="VLD277" uid="19857719" lat="33.7883549" lon="-84.3772721"/>
 <node id="12849706246" visible="true" version="2" changeset="166572476" timestamp="2025-05-21T14:32:29Z" user="sgopal" uid="21758061" lat="33.7887055" lon="-84.3768701">
  <tag k="highway" v="crossing"/>
 </node>
 <node id="12853379121" visible="true" version="3" changeset="175203128" timestamp="2025-11-27T15:32:05Z" user="shinterro" uid="8562391" lat="33.7865677" lon="-84.3818055">
  <tag k="barrier" v="kerb"/>
  <tag k="kerb" v="lowered"/>
  <tag k="tactile_paving" v="yes"/>
 </node>
 <node id="12853379122" visible="true" version="3" changeset="175203128" timestamp="2025-11-27T15:32:05Z" user="shinterro" uid="8562391" lat="33.7864306" lon="-84.3818043">
  <tag k="barrier" v="kerb"/>
  <tag k="kerb" v="lowered"/>
  <tag k="tactile_paving" v="yes"/>
 </node>
 <node id="12857268096" visible="true" version="3" changeset="173231595" timestamp="2025-10-13T14:43:36Z" user="shinterro" uid="8562391" lat="33.7843410" lon="-84.3822957"/>
 <node id="12857480649" visible="true" version="1" changeset="166654397" timestamp="2025-05-23T12:39:55Z" user="saraswathi89" uid="21759278" lat="33.7866224" lon="-84.3830397">
  <tag k="barrier" v="kerb"/>
  <tag k="kerb" v="lowered"/>
  <tag k="tactile_paving" v="yes"/>
 </node>
 <node id="12857480651" visible="true" version="1" changeset="166654397" timestamp="2025-05-23T12:39:55Z" user="saraswathi89" uid="21759278" lat="33.7854078" lon="-84.3828750">
  <tag k="barrier" v="kerb"/>
  <tag k="kerb" v="lowered"/>
  <tag k="tactile_paving" v="yes"/>
 </node>
 <node id="12857480652" visible="true" version="1" changeset="166654397" timestamp="2025-05-23T12:39:55Z" user="saraswathi89" uid="21759278" lat="33.7853800" lon="-84.3829042">
  <tag k="barrier" v="kerb"/>
  <tag k="kerb" v="lowered"/>
  <tag k="tactile_paving" v="yes"/>
 </node>
 <node id="12926353125" visible="true" version="1" changeset="167839707" timestamp="2025-06-19T18:15:44Z" user="alexwohlbruck" uid="12370548" lat="33.7842405" lon="-84.3702052"/>
 <node id="12926353195" visible="true" version="1" changeset="167839707" timestamp="2025-06-19T18:15:44Z" user="alexwohlbruck" uid="12370548" lat="33.7943436" lon="-84.3703556"/>
 <node id="12989531794" visible="true" version="3" changeset="169313099" timestamp="2025-07-22T20:35:07Z" user="shinterro" uid="8562391" lat="33.7867896" lon="-84.3826531">
  <tag k="addr:city" v="Atlanta"/>
  <tag k="addr:floor" v="G;1"/>
  <tag k="addr:housenumber" v="1175"/>
  <tag k="addr:postcode" v="30361"/>
  <tag k="addr:state" v="GA"/>
  <tag k="addr:street" v="Peachtree Street Northeast"/>
  <tag k="addr:unit" v="120"/>
  <tag k="amenity" v="bank"/>
  <tag k="atm" v="yes"/>
  <tag k="branch" v="Colony Square"/>
  <tag k="brand" v="Truist"/>
  <tag k="brand:wikidata" v="Q795486"/>
  <tag k="check_date" v="2025-07-22"/>
  <tag k="drive_through" v="no"/>
  <tag k="level" v="0;1"/>
  <tag k="name" v="Truist"/>
  <tag k="opening_hours" v="Mo-Th 09:00-16:00; Fr 09:00-17:00"/>
  <tag k="payment:cash" v="yes"/>
  <tag k="payment:credit_cards" v="yes"/>
  <tag k="payment:debit_cards" v="yes"/>
  <tag k="phone" v="+1 404-479-4957"/>
  <tag k="website" v="https://www.truist.com/branch/ga/atlanta/30361/1175-peachtree-st-ne-ste-120"/>
  <tag k="wheelchair" v="yes"/>
 </node>
 <node id="12989531795" visible="true" version="3" changeset="169313099" timestamp="2025-07-22T20:35:07Z" user="shinterro" uid="8562391" lat="33.7867727" lon="-84.3826743">
  <tag k="addr:floor" v="G;1"/>
  <tag k="addr:housenumber" v="1175"/>
  <tag k="addr:street" v="Peachtree Street Northeast"/>
  <tag k="addr:unit" v="120"/>
  <tag k="amenity" v="atm"/>
  <tag k="brand" v="Truist"/>
  <tag k="brand:wikidata" v="Q795486"/>
  <tag k="check_date" v="2025-07-22"/>
  <tag k="drive_through" v="no"/>
  <tag k="level" v="0;1"/>
  <tag k="opening_hours" v="24/7"/>
  <tag k="operator" v="Truist"/>
  <tag k="operator:wikidata" v="Q795486"/>
  <tag k="website" v="https://www.truist.com/branch/ga/atlanta/30361/1175-peachtree-st-ne-ste-120"/>
 </node>
 <node id="12999945994" visible="true" version="1" changeset="168936012" timestamp="2025-07-14T21:04:48Z" user="shinterro" uid="8562391" lat="33.7866501" lon="-84.3830081"/>
 <node id="12999959305" visible="true" version="1" changeset="168936012" timestamp="2025-07-14T21:04:48Z" user="shinterro" uid="8562391" lat="33.7868574" lon="-84.3823190"/>
 <node id="12999959306" visible="true" version="1" changeset="168936012" timestamp="2025-07-14T21:04:48Z" user="shinterro" uid="8562391" lat="33.7868486" lon="-84.3823304"/>
 <node id="12999959307" visible="true" version="1" changeset="168936012" timestamp="2025-07-14T21:04:48Z" user="shinterro" uid="8562391" lat="33.7867315" lon="-84.3816046"/>
 <node id="12999959308" visible="true" version="1" changeset="168936012" timestamp="2025-07-14T21:04:48Z" user="shinterro" uid="8562391" lat="33.7867345" lon="-84.3815181"/>
 <node id="12999959309" visible="true" version="1" changeset="168936012" timestamp="2025-07-14T21:04:48Z" user="shinterro" uid="8562391" lat="33.7867080" lon="-84.3814223"/>
 <node id="12999959310" visible="true" version="1" changeset="168936012" timestamp="2025-07-14T21:04:48Z" user="shinterro" uid="8562391" lat="33.7867497" lon="-84.3813697">
  <tag k="entrance" v="yes"/>
 </node>
 <node id="12999959311" visible="true" version="1" changeset="168936012" timestamp="2025-07-14T21:04:48Z" user="shinterro" uid="8562391" lat="33.7866721" lon="-84.3816086"/>
 <node id="12999959312" visible="true" version="2" changeset="175203128" timestamp="2025-11-27T15:32:05Z" user="shinterro" uid="8562391" lat="33.7866015" lon="-84.3815924"/>
 <node id="12999959313" visible="true" version="2" changeset="175203128" timestamp="2025-11-27T15:32:05Z" user="shinterro" uid="8562391" lat="33.7865857" lon="-84.3815921"/>
 <node id="12999959314" visible="true" version="2" changeset="175203128" timestamp="2025-11-27T15:32:05Z" user="shinterro" uid="8562391" lat="33.7866014" lon="-84.3815835"/>
 <node id="12999959315" visible="true" version="1" changeset="168936012" timestamp="2025-07-14T21:04:48Z" user="shinterro" uid="8562391" lat="33.7866757" lon="-84.3815986"/>
 <node id="12999959316" visible="true" version="2" changeset="175203128" timestamp="2025-11-27T15:32:05Z" user="shinterro" uid="8562391" lat="33.7866015" lon="-84.3816026"/>
 <node id="12999959317" visible="true" version="1" changeset="168936012" timestamp="2025-07-14T21:04:48Z" user="shinterro" uid="8562391" lat="33.7865688" lon="-84.3815131">
  <tag k="natural" v="tree"/>
 </node>
 <node id="12999959318" visible="true" version="1" changeset="168936012" timestamp="2025-07-14T21:04:48Z" user="shinterro" uid="8562391" lat="33.7865708" lon="-84.3816210">
  <tag k="natural" v="tree"/>
 </node>
 <node id="12999959319" visible="true" version="1" changeset="168936012" timestamp="2025-07-14T21:04:48Z" user="shinterro" uid="8562391" lat="33.7865727" lon="-84.3817277">
  <tag k="natural" v="tree"/>
 </node>
 <node id="12999959320" visible="true" version="1" changeset="168936012" timestamp="2025-07-14T21:04:48Z" user="shinterro" uid="8562391" lat="33.7866284" lon="-84.3816981">
  <tag k="natural" v="tree"/>
 </node>
 <node id="12999959321" visible="true" version="1" changeset="168936012" timestamp="2025-07-14T21:04:48Z" user="shinterro" uid="8562391" lat="33.7866270" lon="-84.3816277">
  <tag k="natural" v="tree"/>
 </node>
 <node id="12999959322" visible="true" version="1" changeset="168936012" timestamp="2025-07-14T21:04:48Z" user="shinterro" uid="8562391" lat="33.7866252" lon="-84.3815385">
  <tag k="natural" v="tree"/>
 </node>
 <node id="12999959323" visible="true" version="1" changeset="168936012" timestamp="2025-07-14T21:04:48Z" user="shinterro" uid="8562391" lat="33.7866234" lon="-84.3814460">
  <tag k="natural" v="tree"/>
 </node>
 <node id="12999959324" visible="true" version="2" changeset="175203128" timestamp="2025-11-27T15:32:05Z" user="shinterro" uid="8562391" lat="33.7866182" lon="-84.3814353"/>
 <node id="12999959325" visible="true" version="2" changeset="175203128" timestamp="2025-11-27T15:32:05Z" user="shinterro" uid="8562391" lat="33.7866346" lon="-84.3814335"/>
 <node id="12999959326" visible="true" version="2" changeset="175203128" timestamp="2025-11-27T15:32:05Z" user="shinterro" uid="8562391" lat="33.7866475" lon="-84.3814430"/>
 <node id="12999959327" visible="true" version="2" changeset="175203128" timestamp="2025-11-27T15:32:05Z" user="shinterro" uid="8562391" lat="33.7866618" lon="-84.3814564"/>
 <node id="12999959328" visible="true" version="2" changeset="175203128" timestamp="2025-11-27T15:32:05Z" user="shinterro" uid="8562391" lat="33.7866765" lon="-84.3814874"/>
 <node id="12999959329" visible="true" version="1" changeset="168936012" timestamp="2025-07-14T21:04:48Z" user="shinterro" uid="8562391" lat="33.7866824" lon="-84.3815245"/>
 <node id="12999959330" visible="true" version="1" changeset="168936012" timestamp="2025-07-14T21:04:48Z" user="shinterro" uid="8562391" lat="33.7866791" lon="-84.3815768"/>
 <node id="12999959331" visible="true" version="1" changeset="168936012" timestamp="2025-07-14T21:04:48Z" user="shinterro" uid="8562391" lat="33.7866716" lon="-84.3816163"/>
 <node id="12999959332" visible="true" version="2" changeset="175203128" timestamp="2025-11-27T15:32:05Z" user="shinterro" uid="8562391" lat="33.7866491" lon="-84.3816803"/>
 <node id="12999959333" visible="true" version="2" changeset="175203128" timestamp="2025-11-27T15:32:05Z" user="shinterro" uid="8562391" lat="33.7866230" lon="-84.3817480"/>
 <node id="12999959334" visible="true" version="1" changeset="168936012" timestamp="2025-07-14T21:04:48Z" user="shinterro" uid="8562391" lat="33.7866168" lon="-84.3817962"/>
 <node id="12999959335" visible="true" version="1" changeset="168936012" timestamp="2025-07-14T21:04:48Z" user="shinterro" uid="8562391" lat="33.7866153" lon="-84.3818429"/>
 <node id="12999959336" visible="true" version="2" changeset="175203128" timestamp="2025-11-27T15:32:05Z" user="shinterro" uid="8562391" lat="33.7866116" lon="-84.3818622"/>
 <node id="12999959337" visible="true" version="2" changeset="175203128" timestamp="2025-11-27T15:32:05Z" user="shinterro" uid="8562391" lat="33.7866031" lon="-84.3818683"/>
 <node id="12999959338" visible="true" version="2" changeset="175203128" timestamp="2025-11-27T15:32:05Z" user="shinterro" uid="8562391" lat="33.7866006" lon="-84.3814374"/>
 <node id="12999959339" visible="true" version="1" changeset="168936012" timestamp="2025-07-14T21:04:48Z" user="shinterro" uid="8562391" lat="33.7867421" lon="-84.3810915"/>
 <node id="12999959340" visible="true" version="1" changeset="168936012" timestamp="2025-07-14T21:04:48Z" user="shinterro" uid="8562391" lat="33.7866068" lon="-84.3810911"/>
 <node id="12999959341" visible="true" version="2" changeset="173471756" timestamp="2025-10-19T00:38:49Z" user="shinterro" uid="8562391" lat="33.7865837" lon="-84.3810910"/>
 <node id="12999959342" visible="true" version="1" changeset="168936012" timestamp="2025-07-14T21:04:48Z" user="shinterro" uid="8562391" lat="33.7864803" lon="-84.3810908"/>
 <node id="12999959343" visible="true" version="1" changeset="168936012" timestamp="2025-07-14T21:04:48Z" user="shinterro" uid="8562391" lat="33.7867643" lon="-84.3816469"/>
 <node id="12999959344" visible="true" version="1" changeset="168936012" timestamp="2025-07-14T21:04:48Z" user="shinterro" uid="8562391" lat="33.7867827" lon="-84.3816220"/>
 <node id="12999959345" visible="true" version="1" changeset="168936012" timestamp="2025-07-14T21:04:48Z" user="shinterro" uid="8562391" lat="33.7867970" lon="-84.3815878"/>
 <node id="12999959346" visible="true" version="1" changeset="168936012" timestamp="2025-07-14T21:04:48Z" user="shinterro" uid="8562391" lat="33.7867981" lon="-84.3815590"/>
 <node id="12999959347" visible="true" version="1" changeset="168936012" timestamp="2025-07-14T21:04:48Z" user="shinterro" uid="8562391" lat="33.7867992" lon="-84.3815131"/>
 <node id="12999959348" visible="true" version="1" changeset="168936012" timestamp="2025-07-14T21:04:48Z" user="shinterro" uid="8562391" lat="33.7868106" lon="-84.3814742"/>
 <node id="12999959349" visible="true" version="1" changeset="168936012" timestamp="2025-07-14T21:04:48Z" user="shinterro" uid="8562391" lat="33.7868191" lon="-84.3814533"/>
 <node id="12999959361" visible="true" version="2" changeset="174800161" timestamp="2025-11-18T03:30:04Z" user="shinterro" uid="8562391" lat="33.7869885" lon="-84.3814592"/>
 <node id="12999959362" visible="true" version="1" changeset="168936012" timestamp="2025-07-14T21:04:48Z" user="shinterro" uid="8562391" lat="33.7870062" lon="-84.3809991"/>
 <node id="12999959363" visible="true" version="1" changeset="168936012" timestamp="2025-07-14T21:04:48Z" user="shinterro" uid="8562391" lat="33.7873165" lon="-84.3811484"/>
 <node id="12999959366" visible="true" version="1" changeset="168936012" timestamp="2025-07-14T21:04:48Z" user="shinterro" uid="8562391" lat="33.7868515" lon="-84.3811050"/>
 <node id="12999959367" visible="true" version="1" changeset="168936012" timestamp="2025-07-14T21:04:48Z" user="shinterro" uid="8562391" lat="33.7869257" lon="-84.3811037"/>
 <node id="12999959368" visible="true" version="1" changeset="168936012" timestamp="2025-07-14T21:04:48Z" user="shinterro" uid="8562391" lat="33.7868275" lon="-84.3812218"/>
 <node id="12999959369" visible="true" version="1" changeset="168936012" timestamp="2025-07-14T21:04:48Z" user="shinterro" uid="8562391" lat="33.7869195" lon="-84.3813326"/>
 <node id="12999959370" visible="true" version="1" changeset="168936012" timestamp="2025-07-14T21:04:48Z" user="shinterro" uid="8562391" lat="33.7869010" lon="-84.3813551"/>
 <node id="12999959371" visible="true" version="1" changeset="168936012" timestamp="2025-07-14T21:04:48Z" user="shinterro" uid="8562391" lat="33.7868806" lon="-84.3815274"/>
 <node id="12999959372" visible="true" version="1" changeset="168936012" timestamp="2025-07-14T21:04:48Z" user="shinterro" uid="8562391" lat="33.7869622" lon="-84.3814280"/>
 <node id="12999959373" visible="true" version="2" changeset="174800161" timestamp="2025-11-18T03:30:04Z" user="shinterro" uid="8562391" lat="33.7870138" lon="-84.3814894"/>
 <node id="12999959374" visible="true" version="1" changeset="168936012" timestamp="2025-07-14T21:04:48Z" user="shinterro" uid="8562391" lat="33.7867239" lon="-84.3817479"/>
 <node id="12999959375" visible="true" version="1" changeset="168936012" timestamp="2025-07-14T21:04:48Z" user="shinterro" uid="8562391" lat="33.7867102" lon="-84.3816579"/>
 <node id="12999959376" visible="true" version="1" changeset="168936012" timestamp="2025-07-14T21:04:48Z" user="shinterro" uid="8562391" lat="33.7867213" lon="-84.3816722"/>
 <node id="12999959377" visible="true" version="1" changeset="168936012" timestamp="2025-07-14T21:04:48Z" user="shinterro" uid="8562391" lat="33.7867527" lon="-84.3817128">
  <tag k="access" v="permissive"/>
  <tag k="covered" v="yes"/>
  <tag k="entrance" v="main"/>
  <tag k="wheelchair" v="yes"/>
 </node>
 <node id="12999959378" visible="true" version="1" changeset="168936012" timestamp="2025-07-14T21:04:48Z" user="shinterro" uid="8562391" lat="33.7867860" lon="-84.3816724"/>
 <node id="12999959379" visible="true" version="1" changeset="168936012" timestamp="2025-07-14T21:04:48Z" user="shinterro" uid="8562391" lat="33.7867528" lon="-84.3816334"/>
 <node id="12999959380" visible="true" version="1" changeset="168936012" timestamp="2025-07-14T21:04:48Z" user="shinterro" uid="8562391" lat="33.7867631" lon="-84.3817946"/>
 <node id="12999959393" visible="true" version="1" changeset="168936012" timestamp="2025-07-14T21:04:48Z" user="shinterro" uid="8562391" lat="33.7886558" lon="-84.3829507"/>
 <node id="12999959399" visible="true" version="1" changeset="168936012" timestamp="2025-07-14T21:04:48Z" user="shinterro" uid="8562391" lat="33.7886959" lon="-84.3826966"/>
 <node id="12999959400" visible="true" version="1" changeset="168936012" timestamp="2025-07-14T21:04:48Z" user="shinterro" uid="8562391" lat="33.7887071" lon="-84.3827355"/>
 <node id="12999959401" visible="true" version="1" changeset="168936012" timestamp="2025-07-14T21:04:48Z" user="shinterro" uid="8562391" lat="33.7886753" lon="-84.3826711"/>
 <node id="12999959402" visible="true" version="1" changeset="168936012" timestamp="2025-07-14T21:04:48Z" user="shinterro" uid="8562391" lat="33.7885881" lon="-84.3831020"/>
 <node id="12999959411" visible="true" version="1" changeset="168936012" timestamp="2025-07-14T21:04:48Z" user="shinterro" uid="8562391" lat="33.7885676" lon="-84.3831435"/>
 <node id="12999959417" visible="true" version="1" changeset="168936012" timestamp="2025-07-14T21:04:48Z" user="shinterro" uid="8562391" lat="33.7877378" lon="-84.3826320"/>
 <node id="12999959420" visible="true" version="1" changeset="168936012" timestamp="2025-07-14T21:04:48Z" user="shinterro" uid="8562391" lat="33.7876738" lon="-84.3825556"/>
 <node id="12999959423" visible="true" version="1" changeset="168936012" timestamp="2025-07-14T21:04:48Z" user="shinterro" uid="8562391" lat="33.7865632" lon="-84.3819342"/>
 <node id="12999959424" visible="true" version="1" changeset="168936012" timestamp="2025-07-14T21:04:48Z" user="shinterro" uid="8562391" lat="33.7865643" lon="-84.3820001"/>
 <node id="12999959425" visible="true" version="1" changeset="168936012" timestamp="2025-07-14T21:04:48Z" user="shinterro" uid="8562391" lat="33.7865650" lon="-84.3820209"/>
 <node id="12999959426" visible="true" version="1" changeset="168936012" timestamp="2025-07-14T21:04:48Z" user="shinterro" uid="8562391" lat="33.7864967" lon="-84.3820096"/>
 <node id="12999959427" visible="true" version="1" changeset="168936012" timestamp="2025-07-14T21:04:48Z" user="shinterro" uid="8562391" lat="33.7865319" lon="-84.3820100"/>
 <node id="12999959428" visible="true" version="2" changeset="175203128" timestamp="2025-11-27T15:32:05Z" user="shinterro" uid="8562391" lat="33.7865874" lon="-84.3820284"/>
 <node id="12999959429" visible="true" version="1" changeset="168936012" timestamp="2025-07-14T21:04:48Z" user="shinterro" uid="8562391" lat="33.7865994" lon="-84.3820284"/>
 <node id="12999959430" visible="true" version="1" changeset="168936012" timestamp="2025-07-14T21:04:48Z" user="shinterro" uid="8562391" lat="33.7866362" lon="-84.3820291"/>
 <node id="12999959431" visible="true" version="1" changeset="168936012" timestamp="2025-07-14T21:04:48Z" user="shinterro" uid="8562391" lat="33.7866479" lon="-84.3820338"/>
 <node id="12999959432" visible="true" version="1" changeset="168936012" timestamp="2025-07-14T21:04:48Z" user="shinterro" uid="8562391" lat="33.7866702" lon="-84.3820502"/>
 <node id="12999959433" visible="true" version="1" changeset="168936012" timestamp="2025-07-14T21:04:48Z" user="shinterro" uid="8562391" lat="33.7866897" lon="-84.3820767"/>
 <node id="12999959434" visible="true" version="2" changeset="171809790" timestamp="2025-09-12T03:21:24Z" user="shinterro" uid="8562391" lat="33.7867333" lon="-84.3821311">
  <tag k="access" v="permit"/>
  <tag k="amenity" v="parking_entrance"/>
  <tag k="covered" v="yes"/>
  <tag k="fee" v="yes"/>
  <tag k="lit" v="yes"/>
  <tag k="maxheight" v="2"/>
  <tag k="name" v="Colony Square Parking Garage - 14th Street Exit"/>
  <tag k="opening_hours" v="24/7"/>
  <tag k="operator" v="Colony Square"/>
  <tag k="parking" v="underground"/>
  <tag k="smoothness" v="excellent"/>
  <tag k="supervised" v="yes"/>
  <tag k="surface" v="concrete"/>
 </node>
 <node id="12999959443" visible="true" version="2" changeset="175203128" timestamp="2025-11-27T15:32:05Z" user="shinterro" uid="8562391" lat="33.7865872" lon="-84.3819929"/>
 <node id="12999959444" visible="true" version="1" changeset="168936012" timestamp="2025-07-14T21:04:48Z" user="shinterro" uid="8562391" lat="33.7865997" lon="-84.3819932"/>
 <node id="12999959445" visible="true" version="1" changeset="168936012" timestamp="2025-07-14T21:04:48Z" user="shinterro" uid="8562391" lat="33.7866482" lon="-84.3819942"/>
 <node id="12999959446" visible="true" version="1" changeset="168936012" timestamp="2025-07-14T21:04:48Z" user="shinterro" uid="8562391" lat="33.7866788" lon="-84.3820093"/>
 <node id="12999959447" visible="true" version="1" changeset="168936012" timestamp="2025-07-14T21:04:48Z" user="shinterro" uid="8562391" lat="33.7867106" lon="-84.3820421"/>
 <node id="12999959448" visible="true" version="2" changeset="171809790" timestamp="2025-09-12T03:21:24Z" user="shinterro" uid="8562391" lat="33.7867618" lon="-84.3820964">
  <tag k="access" v="permit"/>
  <tag k="amenity" v="parking_entrance"/>
  <tag k="covered" v="yes"/>
  <tag k="fee" v="yes"/>
  <tag k="lit" v="yes"/>
  <tag k="maxheight" v="2"/>
  <tag k="name" v="Colony Square Parking Garage - 14th Street Exit"/>
  <tag k="opening_hours" v="24/7"/>
  <tag k="operator" v="Colony Square"/>
  <tag k="parking" v="underground"/>
  <tag k="smoothness" v="excellent"/>
  <tag k="supervised" v="yes"/>
  <tag k="surface" v="concrete"/>
 </node>
 <node id="12999959449" visible="true" version="2" changeset="171809790" timestamp="2025-09-12T03:21:24Z" user="shinterro" uid="8562391" lat="33.7867926" lon="-84.3820590">
  <tag k="access" v="permit"/>
  <tag k="amenity" v="parking_entrance"/>
  <tag k="covered" v="yes"/>
  <tag k="fee" v="yes"/>
  <tag k="lit" v="yes"/>
  <tag k="maxheight" v="2"/>
  <tag k="name" v="Colony Square Parking Garage - 14th Street Entrance"/>
  <tag k="opening_hours" v="24/7"/>
  <tag k="operator" v="Colony Square"/>
  <tag k="parking" v="underground"/>
  <tag k="smoothness" v="excellent"/>
  <tag k="supervised" v="yes"/>
  <tag k="surface" v="concrete"/>
 </node>
 <node id="12999959450" visible="true" version="1" changeset="168936012" timestamp="2025-07-14T21:04:48Z" user="shinterro" uid="8562391" lat="33.7867635" lon="-84.3820274"/>
 <node id="12999959451" visible="true" version="1" changeset="168936012" timestamp="2025-07-14T21:04:48Z" user="shinterro" uid="8562391" lat="33.7867067" lon="-84.3819761"/>
 <node id="12999959452" visible="true" version="1" changeset="168936012" timestamp="2025-07-14T21:04:48Z" user="shinterro" uid="8562391" lat="33.7866665" lon="-84.3819452"/>
 <node id="12999959453" visible="true" version="2" changeset="175203128" timestamp="2025-11-27T15:32:05Z" user="shinterro" uid="8562391" lat="33.7866234" lon="-84.3824644"/>
 <node id="12999959454" visible="true" version="1" changeset="168936012" timestamp="2025-07-14T21:04:48Z" user="shinterro" uid="8562391" lat="33.7868450" lon="-84.3823429"/>
 <node id="12999959467" visible="true" version="1" changeset="168936012" timestamp="2025-07-14T21:04:48Z" user="shinterro" uid="8562391" lat="33.7866610" lon="-84.3828864"/>
 <node id="12999959468" visible="true" version="1" changeset="168936012" timestamp="2025-07-14T21:04:48Z" user="shinterro" uid="8562391" lat="33.7866465" lon="-84.3827932"/>
 <node id="12999959469" visible="true" version="1" changeset="168936012" timestamp="2025-07-14T21:04:48Z" user="shinterro" uid="8562391" lat="33.7866774" lon="-84.3827000"/>
 <node id="12999959470" visible="true" version="1" changeset="168936012" timestamp="2025-07-14T21:04:48Z" user="shinterro" uid="8562391" lat="33.7866278" lon="-84.3827583"/>
 <node id="12999959471" visible="true" version="1" changeset="168936012" timestamp="2025-07-14T21:04:48Z" user="shinterro" uid="8562391" lat="33.7866487" lon="-84.3828951"/>
 <node id="12999959472" visible="true" version="1" changeset="168936012" timestamp="2025-07-14T21:04:48Z" user="shinterro" uid="8562391" lat="33.7867247" lon="-84.3829878"/>
 <node id="12999959473" visible="true" version="1" changeset="168936012" timestamp="2025-07-14T21:04:48Z" user="shinterro" uid="8562391" lat="33.7867353" lon="-84.3829746">
  <tag k="access" v="permissive"/>
  <tag k="entrance" v="main"/>
 </node>
 <node id="12999959486" visible="true" version="1" changeset="168936012" timestamp="2025-07-14T21:04:48Z" user="shinterro" uid="8562391" lat="33.7871208" lon="-84.3828625"/>
 <node id="12999959488" visible="true" version="1" changeset="168936012" timestamp="2025-07-14T21:04:48Z" user="shinterro" uid="8562391" lat="33.7866256" lon="-84.3826590"/>
 <node id="12999959515" visible="true" version="1" changeset="168936012" timestamp="2025-07-14T21:04:48Z" user="shinterro" uid="8562391" lat="33.7870440" lon="-84.3824688"/>
 <node id="12999959516" visible="true" version="1" changeset="168936012" timestamp="2025-07-14T21:04:48Z" user="shinterro" uid="8562391" lat="33.7871034" lon="-84.3823938">
  <tag k="access" v="permissive"/>
  <tag k="entrance" v="yes"/>
  <tag k="wheelchair" v="yes"/>
 </node>
 <node id="12999959518" visible="true" version="1" changeset="168936012" timestamp="2025-07-14T21:04:48Z" user="shinterro" uid="8562391" lat="33.7871128" lon="-84.3824780"/>
 <node id="12999959520" visible="true" version="1" changeset="168936012" timestamp="2025-07-14T21:04:48Z" user="shinterro" uid="8562391" lat="33.7875107" lon="-84.3822811">
  <tag k="access" v="permissive"/>
  <tag k="entrance" v="yes"/>
  <tag k="wheelchair" v="yes"/>
 </node>
 <node id="12999959522" visible="true" version="1" changeset="168936012" timestamp="2025-07-14T21:04:48Z" user="shinterro" uid="8562391" lat="33.7874359" lon="-84.3823075">
  <tag k="access" v="permissive"/>
  <tag k="entrance" v="yes"/>
  <tag k="wheelchair" v="yes"/>
 </node>
 <node id="12999959529" visible="true" version="2" changeset="175203128" timestamp="2025-11-27T15:32:05Z" user="shinterro" uid="8562391" lat="33.7867304" lon="-84.3824176"/>
 <node id="12999959530" visible="true" version="2" changeset="175203128" timestamp="2025-11-27T15:32:05Z" user="shinterro" uid="8562391" lat="33.7867487" lon="-84.3824174"/>
 <node id="12999959531" visible="true" version="2" changeset="175203128" timestamp="2025-11-27T15:32:05Z" user="shinterro" uid="8562391" lat="33.7867738" lon="-84.3823436"/>
 <node id="12999959532" visible="true" version="1" changeset="168936012" timestamp="2025-07-14T21:04:48Z" user="shinterro" uid="8562391" lat="33.7868332" lon="-84.3823430"/>
 <node id="12999959533" visible="true" version="2" changeset="175203128" timestamp="2025-11-27T15:32:05Z" user="shinterro" uid="8562391" lat="33.7865891" lon="-84.3824646"/>
 <node id="12999959534" visible="true" version="2" changeset="175203128" timestamp="2025-11-27T15:32:05Z" user="shinterro" uid="8562391" lat="33.7866869" lon="-84.3824641"/>
 <node id="12999959535" visible="true" version="2" changeset="175203128" timestamp="2025-11-27T15:32:05Z" user="shinterro" uid="8562391" lat="33.7866867" lon="-84.3824178"/>
 <node id="12999959536" visible="true" version="2" changeset="175203128" timestamp="2025-11-27T15:32:05Z" user="shinterro" uid="8562391" lat="33.7867627" lon="-84.3824173"/>
 <node id="12999959537" visible="true" version="2" changeset="175203128" timestamp="2025-11-27T15:32:05Z" user="shinterro" uid="8562391" lat="33.7867624" lon="-84.3823437"/>
 <node id="12999959538" visible="true" version="1" changeset="168936012" timestamp="2025-07-14T21:04:48Z" user="shinterro" uid="8562391" lat="33.7868587" lon="-84.3823427"/>
 <node id="12999959550" visible="true" version="1" changeset="168936012" timestamp="2025-07-14T21:04:48Z" user="shinterro" uid="8562391" lat="33.7870586" lon="-84.3825467"/>
 <node id="12999959551" visible="true" version="1" changeset="168936012" timestamp="2025-07-14T21:04:48Z" user="shinterro" uid="8562391" lat="33.7867407" lon="-84.3821984"/>
 <node id="12999959552" visible="true" version="1" changeset="168936012" timestamp="2025-07-14T21:04:48Z" user="shinterro" uid="8562391" lat="33.7868799" lon="-84.3823695"/>
 <node id="12999959553" visible="true" version="2" changeset="175203128" timestamp="2025-11-27T15:32:05Z" user="shinterro" uid="8562391" lat="33.7865899" lon="-84.3826596"/>
 <node id="12999959554" visible="true" version="1" changeset="168936012" timestamp="2025-07-14T21:04:48Z" user="shinterro" uid="8562391" lat="33.7866195" lon="-84.3826591"/>
 <node id="12999959555" visible="true" version="1" changeset="168936012" timestamp="2025-07-14T21:04:48Z" user="shinterro" uid="8562391" lat="33.7866542" lon="-84.3826585"/>
 <node id="12999959556" visible="true" version="1" changeset="168936012" timestamp="2025-07-14T21:04:48Z" user="shinterro" uid="8562391" lat="33.7868933" lon="-84.3823526"/>
 <node id="12999959557" visible="true" version="1" changeset="168936012" timestamp="2025-07-14T21:04:48Z" user="shinterro" uid="8562391" lat="33.7869049" lon="-84.3823658"/>
 <node id="12999959558" visible="true" version="1" changeset="168936012" timestamp="2025-07-14T21:04:48Z" user="shinterro" uid="8562391" lat="33.7869282" lon="-84.3823363"/>
 <node id="12999959559" visible="true" version="1" changeset="168936012" timestamp="2025-07-14T21:04:48Z" user="shinterro" uid="8562391" lat="33.7870840" lon="-84.3825145"/>
 <node id="12999959560" visible="true" version="1" changeset="168936012" timestamp="2025-07-14T21:04:48Z" user="shinterro" uid="8562391" lat="33.7871425" lon="-84.3824405"/>
 <node id="12999959562" visible="true" version="1" changeset="168936012" timestamp="2025-07-14T21:04:48Z" user="shinterro" uid="8562391" lat="33.7873061" lon="-84.3824649"/>
 <node id="12999959591" visible="true" version="1" changeset="168936012" timestamp="2025-07-14T21:04:48Z" user="shinterro" uid="8562391" lat="33.7876304" lon="-84.3834037"/>
 <node id="12999959593" visible="true" version="1" changeset="168936012" timestamp="2025-07-14T21:04:48Z" user="shinterro" uid="8562391" lat="33.7870645" lon="-84.3832240"/>
 <node id="12999959594" visible="true" version="1" changeset="168936012" timestamp="2025-07-14T21:04:48Z" user="shinterro" uid="8562391" lat="33.7880913" lon="-84.3835502"/>
 <node id="12999959598" visible="true" version="1" changeset="168936012" timestamp="2025-07-14T21:04:48Z" user="shinterro" uid="8562391" lat="33.7866253" lon="-84.3826272"/>
 <node id="12999959599" visible="true" version="1" changeset="168936012" timestamp="2025-07-14T21:04:48Z" user="shinterro" uid="8562391" lat="33.7867037" lon="-84.3821671"/>
 <node id="12999959609" visible="true" version="1" changeset="168936012" timestamp="2025-07-14T21:04:48Z" user="shinterro" uid="8562391" lat="33.7877467" lon="-84.3834478"/>
 <node id="12999959610" visible="true" version="1" changeset="168936012" timestamp="2025-07-14T21:04:48Z" user="shinterro" uid="8562391" lat="33.7872453" lon="-84.3809713"/>
 <node id="12999959611" visible="true" version="1" changeset="168936012" timestamp="2025-07-14T21:04:48Z" user="shinterro" uid="8562391" lat="33.7869550" lon="-84.3831167"/>
 <node id="12999959617" visible="true" version="1" changeset="168936012" timestamp="2025-07-14T21:04:48Z" user="shinterro" uid="8562391" lat="33.7873628" lon="-84.3833314"/>
 <node id="12999959621" visible="true" version="1" changeset="168936012" timestamp="2025-07-14T21:04:48Z" user="shinterro" uid="8562391" lat="33.7873767" lon="-84.3833210"/>
 <node id="12999959622" visible="true" version="1" changeset="168936012" timestamp="2025-07-14T21:04:48Z" user="shinterro" uid="8562391" lat="33.7873714" lon="-84.3833276"/>
 <node id="12999959623" visible="true" version="1" changeset="168936012" timestamp="2025-07-14T21:04:48Z" user="shinterro" uid="8562391" lat="33.7873518" lon="-84.3833292"/>
 <node id="12999959626" visible="true" version="1" changeset="168936012" timestamp="2025-07-14T21:04:48Z" user="shinterro" uid="8562391" lat="33.7872858" lon="-84.3833051"/>
 <node id="12999959627" visible="true" version="1" changeset="168936012" timestamp="2025-07-14T21:04:48Z" user="shinterro" uid="8562391" lat="33.7870829" lon="-84.3832307"/>
 <node id="12999959628" visible="true" version="1" changeset="168936012" timestamp="2025-07-14T21:04:48Z" user="shinterro" uid="8562391" lat="33.7875474" lon="-84.3833722"/>
 <node id="12999959629" visible="true" version="1" changeset="168936012" timestamp="2025-07-14T21:04:48Z" user="shinterro" uid="8562391" lat="33.7874543" lon="-84.3833380"/>
 <node id="12999959640" visible="true" version="1" changeset="168936012" timestamp="2025-07-14T21:04:48Z" user="shinterro" uid="8562391" lat="33.7869552" lon="-84.3831809"/>
 <node id="12999959654" visible="true" version="1" changeset="168936012" timestamp="2025-07-14T21:04:48Z" user="shinterro" uid="8562391" lat="33.7869573" lon="-84.3831850"/>
 <node id="12999959662" visible="true" version="1" changeset="168936012" timestamp="2025-07-14T21:04:48Z" user="shinterro" uid="8562391" lat="33.7869768" lon="-84.3822422"/>
 <node id="12999959663" visible="true" version="1" changeset="168936012" timestamp="2025-07-14T21:04:48Z" user="shinterro" uid="8562391" lat="33.7868633" lon="-84.3821065"/>
 <node id="12999959664" visible="true" version="1" changeset="168936012" timestamp="2025-07-14T21:04:48Z" user="shinterro" uid="8562391" lat="33.7868779" lon="-84.3819945"/>
 <node id="12999959665" visible="true" version="1" changeset="168936012" timestamp="2025-07-14T21:04:48Z" user="shinterro" uid="8562391" lat="33.7869171" lon="-84.3820414"/>
 <node id="12999959667" visible="true" version="1" changeset="168936012" timestamp="2025-07-14T21:04:48Z" user="shinterro" uid="8562391" lat="33.7873093" lon="-84.3814689"/>
 <node id="12999959668" visible="true" version="1" changeset="168936012" timestamp="2025-07-14T21:04:48Z" user="shinterro" uid="8562391" lat="33.7874726" lon="-84.3816297"/>
 <node id="12999959669" visible="true" version="1" changeset="168936012" timestamp="2025-07-14T21:04:48Z" user="shinterro" uid="8562391" lat="33.7873727" lon="-84.3817508"/>
 <node id="12999959670" visible="true" version="1" changeset="168936012" timestamp="2025-07-14T21:04:48Z" user="shinterro" uid="8562391" lat="33.7876361" lon="-84.3820654"/>
 <node id="12999959672" visible="true" version="1" changeset="168936012" timestamp="2025-07-14T21:04:48Z" user="shinterro" uid="8562391" lat="33.7877388" lon="-84.3821881"/>
 <node id="12999959673" visible="true" version="1" changeset="168936012" timestamp="2025-07-14T21:04:48Z" user="shinterro" uid="8562391" lat="33.7877097" lon="-84.3822235"/>
 <node id="12999959675" visible="true" version="1" changeset="168936012" timestamp="2025-07-14T21:04:48Z" user="shinterro" uid="8562391" lat="33.7879226" lon="-84.3824778"/>
 <node id="12999959685" visible="true" version="1" changeset="168936012" timestamp="2025-07-14T21:04:48Z" user="shinterro" uid="8562391" lat="33.7871530" lon="-84.3827615"/>
 <node id="12999959692" visible="true" version="1" changeset="168936012" timestamp="2025-07-14T21:04:48Z" user="shinterro" uid="8562391" lat="33.7871604" lon="-84.3824619"/>
 <node id="12999959693" visible="true" version="1" changeset="168936012" timestamp="2025-07-14T21:04:48Z" user="shinterro" uid="8562391" lat="33.7870942" lon="-84.3825420"/>
 <node id="12999959694" visible="true" version="1" changeset="168936012" timestamp="2025-07-14T21:04:48Z" user="shinterro" uid="8562391" lat="33.7871075" lon="-84.3825579"/>
 <node id="12999959695" visible="true" version="1" changeset="168936012" timestamp="2025-07-14T21:04:48Z" user="shinterro" uid="8562391" lat="33.7870879" lon="-84.3825816"/>
 <node id="12999959696" visible="true" version="1" changeset="168936012" timestamp="2025-07-14T21:04:48Z" user="shinterro" uid="8562391" lat="33.7871309" lon="-84.3827881"/>
 <node id="12999959700" visible="true" version="1" changeset="168936012" timestamp="2025-07-14T21:04:48Z" user="shinterro" uid="8562391" lat="33.7872943" lon="-84.3824792"/>
 <node id="12999959709" visible="true" version="1" changeset="168936012" timestamp="2025-07-14T21:04:48Z" user="shinterro" uid="8562391" lat="33.7875702" lon="-84.3815114"/>
 <node id="12999959710" visible="true" version="1" changeset="168936012" timestamp="2025-07-14T21:04:48Z" user="shinterro" uid="8562391" lat="33.7872523" lon="-84.3816038"/>
 <node id="12999959711" visible="true" version="1" changeset="168936012" timestamp="2025-07-14T21:04:48Z" user="shinterro" uid="8562391" lat="33.7873366" lon="-84.3815015"/>
 <node id="12999959712" visible="true" version="1" changeset="168936012" timestamp="2025-07-14T21:04:48Z" user="shinterro" uid="8562391" lat="33.7872260" lon="-84.3815725"/>
 <node id="12999959713" visible="true" version="1" changeset="168936012" timestamp="2025-07-14T21:04:48Z" user="shinterro" uid="8562391" lat="33.7866874" lon="-84.3813981"/>
 <node id="12999959714" visible="true" version="1" changeset="168936012" timestamp="2025-07-14T21:04:48Z" user="shinterro" uid="8562391" lat="33.7867296" lon="-84.3821356"/>
 <node id="12999959715" visible="true" version="1" changeset="168936012" timestamp="2025-07-14T21:04:48Z" user="shinterro" uid="8562391" lat="33.7867866" lon="-84.3822058"/>
 <node id="12999959716" visible="true" version="1" changeset="168936012" timestamp="2025-07-14T21:04:48Z" user="shinterro" uid="8562391" lat="33.7867747" lon="-84.3822202"/>
 <node id="12999959717" visible="true" version="1" changeset="168936012" timestamp="2025-07-14T21:04:48Z" user="shinterro" uid="8562391" lat="33.7868650" lon="-84.3823281"/>
 <node id="12999959718" visible="true" version="1" changeset="168936012" timestamp="2025-07-14T21:04:48Z" user="shinterro" uid="8562391" lat="33.7868887" lon="-84.3822995"/>
 <node id="12999959719" visible="true" version="1" changeset="168936012" timestamp="2025-07-14T21:04:48Z" user="shinterro" uid="8562391" lat="33.7869093" lon="-84.3823240"/>
 <node id="12999959720" visible="true" version="1" changeset="168936012" timestamp="2025-07-14T21:04:48Z" user="shinterro" uid="8562391" lat="33.7869443" lon="-84.3822816"/>
 <node id="12999959721" visible="true" version="1" changeset="168936012" timestamp="2025-07-14T21:04:48Z" user="shinterro" uid="8562391" lat="33.7870453" lon="-84.3824022"/>
 <node id="12999959722" visible="true" version="1" changeset="168936012" timestamp="2025-07-14T21:04:48Z" user="shinterro" uid="8562391" lat="33.7870776" lon="-84.3823631"/>
 <node id="12999959723" visible="true" version="1" changeset="168936012" timestamp="2025-07-14T21:04:48Z" user="shinterro" uid="8562391" lat="33.7876710" lon="-84.3824726"/>
 <node id="12999959724" visible="true" version="1" changeset="168936012" timestamp="2025-07-14T21:04:48Z" user="shinterro" uid="8562391" lat="33.7876379" lon="-84.3825127"/>
 <node id="12999959725" visible="true" version="1" changeset="168936012" timestamp="2025-07-14T21:04:48Z" user="shinterro" uid="8562391" lat="33.7877642" lon="-84.3826636"/>
 <node id="12999959726" visible="true" version="1" changeset="168936012" timestamp="2025-07-14T21:04:48Z" user="shinterro" uid="8562391" lat="33.7877972" lon="-84.3826235"/>
 <node id="12999959727" visible="true" version="1" changeset="168936012" timestamp="2025-07-14T21:04:48Z" user="shinterro" uid="8562391" lat="33.7876078" lon="-84.3820997"/>
 <node id="12999959766" visible="true" version="1" changeset="168936012" timestamp="2025-07-14T21:04:48Z" user="shinterro" uid="8562391" lat="33.7868806" lon="-84.3830520"/>
 <node id="12999959767" visible="true" version="1" changeset="168936012" timestamp="2025-07-14T21:04:48Z" user="shinterro" uid="8562391" lat="33.7868279" lon="-84.3829888"/>
 <node id="12999959768" visible="true" version="1" changeset="168936012" timestamp="2025-07-14T21:04:48Z" user="shinterro" uid="8562391" lat="33.7867878" lon="-84.3830373"/>
 <node id="12999959770" visible="true" version="1" changeset="168936012" timestamp="2025-07-14T21:04:48Z" user="shinterro" uid="8562391" lat="33.7866261" lon="-84.3827147"/>
 <node id="12999959771" visible="true" version="1" changeset="168936012" timestamp="2025-07-14T21:04:48Z" user="shinterro" uid="8562391" lat="33.7867727" lon="-84.3830473"/>
 <node id="12999959772" visible="true" version="1" changeset="168936012" timestamp="2025-07-14T21:04:48Z" user="shinterro" uid="8562391" lat="33.7870952" lon="-84.3828319"/>
 <node id="12999959773" visible="true" version="1" changeset="168936012" timestamp="2025-07-14T21:04:48Z" user="shinterro" uid="8562391" lat="33.7869916" lon="-84.3830323"/>
 <node id="12999959774" visible="true" version="1" changeset="168936012" timestamp="2025-07-14T21:04:48Z" user="shinterro" uid="8562391" lat="33.7866117" lon="-84.3827335"/>
 <node id="12999959775" visible="true" version="1" changeset="168936012" timestamp="2025-07-14T21:04:48Z" user="shinterro" uid="8562391" lat="33.7869290" lon="-84.3824285"/>
 <node id="12999959776" visible="true" version="1" changeset="168936012" timestamp="2025-07-14T21:04:48Z" user="shinterro" uid="8562391" lat="33.7868933" lon="-84.3823859"/>
 <node id="12999959777" visible="true" version="1" changeset="168936012" timestamp="2025-07-14T21:04:48Z" user="shinterro" uid="8562391" lat="33.7866683" lon="-84.3826586"/>
 <node id="12999959778" visible="true" version="1" changeset="168936012" timestamp="2025-07-14T21:04:48Z" user="shinterro" uid="8562391" lat="33.7867035" lon="-84.3827007"/>
 <node id="12999959779" visible="true" version="1" changeset="168936012" timestamp="2025-07-14T21:04:48Z" user="shinterro" uid="8562391" lat="33.7867023" lon="-84.3827255"/>
 <node id="12999959780" visible="true" version="1" changeset="168936012" timestamp="2025-07-14T21:04:48Z" user="shinterro" uid="8562391" lat="33.7866525" lon="-84.3827858"/>
 <node id="12999959781" visible="true" version="1" changeset="168936012" timestamp="2025-07-14T21:04:48Z" user="shinterro" uid="8562391" lat="33.7867089" lon="-84.3828533"/>
 <node id="12999959782" visible="true" version="1" changeset="168936012" timestamp="2025-07-14T21:04:48Z" user="shinterro" uid="8562391" lat="33.7866716" lon="-84.3828985"/>
 <node id="12999959783" visible="true" version="1" changeset="168936012" timestamp="2025-07-14T21:04:48Z" user="shinterro" uid="8562391" lat="33.7868574" lon="-84.3830801"/>
 <node id="12999959784" visible="true" version="1" changeset="168936012" timestamp="2025-07-14T21:04:48Z" user="shinterro" uid="8562391" lat="33.7869274" lon="-84.3829953"/>
 <node id="12999959785" visible="true" version="1" changeset="168936012" timestamp="2025-07-14T21:04:48Z" user="shinterro" uid="8562391" lat="33.7887071" lon="-84.3827858"/>
 <node id="12999959786" visible="true" version="1" changeset="168936012" timestamp="2025-07-14T21:04:48Z" user="shinterro" uid="8562391" lat="33.7886865" lon="-84.3828776"/>
 <node id="12999959787" visible="true" version="1" changeset="168936012" timestamp="2025-07-14T21:04:48Z" user="shinterro" uid="8562391" lat="33.7886252" lon="-84.3830238"/>
 <node id="13039725326" visible="true" version="2" changeset="173425135" timestamp="2025-10-17T19:17:07Z" user="shinterro" uid="8562391" lat="33.7862646" lon="-84.3813431">
  <tag k="addr:floor" v="G;1"/>
  <tag k="addr:housenumber" v="181"/>
  <tag k="addr:street" v="14th Street Northeast"/>
  <tag k="addr:unit" v="100"/>
  <tag k="amenity" v="dentist"/>
  <tag k="check_date" v="2025-07-31"/>
  <tag k="email" v="smile@legacydentalatlanta.com"/>
  <tag k="healthcare" v="dentist"/>
  <tag k="healthcare:speciality" v="general"/>
  <tag k="level" v="0;1"/>
  <tag k="name" v="Legacy Dental"/>
  <tag k="payment:cash" v="yes"/>
  <tag k="payment:credit_cards" v="yes"/>
  <tag k="payment:debit_cards" v="yes"/>
  <tag k="phone" v="+1 404-874-1955"/>
  <tag k="website" v="http://www.legacydentalatlanta.com/"/>
  <tag k="wheelchair" v="yes"/>
 </node>
 <node id="13093190271" visible="true" version="1" changeset="170902838" timestamp="2025-08-23T23:14:22Z" user="shinterro" uid="8562391" lat="33.7857766" lon="-84.3822799">
  <tag k="barrier" v="gate"/>
 </node>
 <node id="13093245596" visible="true" version="1" changeset="170902838" timestamp="2025-08-23T23:14:22Z" user="shinterro" uid="8562391" lat="33.7854881" lon="-84.3822779">
  <tag k="barrier" v="kerb"/>
  <tag k="kerb" v="lowered"/>
  <tag k="tactile_paving" v="yes"/>
 </node>
 <node id="13093245597" visible="true" version="1" changeset="170902838" timestamp="2025-08-23T23:14:22Z" user="shinterro" uid="8562391" lat="33.7855099" lon="-84.3822718"/>
 <node id="13093245598" visible="true" version="1" changeset="170902838" timestamp="2025-08-23T23:14:22Z" user="shinterro" uid="8562391" lat="33.7855622" lon="-84.3828783"/>
 <node id="13093245599" visible="true" version="2" changeset="175203128" timestamp="2025-11-27T15:32:05Z" user="shinterro" uid="8562391" lat="33.7864135" lon="-84.3822817"/>
 <node id="13093245600" visible="true" version="1" changeset="170902838" timestamp="2025-08-23T23:14:22Z" user="shinterro" uid="8562391" lat="33.7864160" lon="-84.3829695"/>
 <node id="13093245601" visible="true" version="1" changeset="170902838" timestamp="2025-08-23T23:14:22Z" user="shinterro" uid="8562391" lat="33.7864026" lon="-84.3829644"/>
 <node id="13093245602" visible="true" version="1" changeset="170902838" timestamp="2025-08-23T23:14:22Z" user="shinterro" uid="8562391" lat="33.7864000" lon="-84.3828451"/>
 <node id="13093245603" visible="true" version="1" changeset="170902838" timestamp="2025-08-23T23:14:22Z" user="shinterro" uid="8562391" lat="33.7863887" lon="-84.3822862"/>
 <node id="13093245604" visible="true" version="1" changeset="170902838" timestamp="2025-08-23T23:14:22Z" user="shinterro" uid="8562391" lat="33.7862294" lon="-84.3822837"/>
 <node id="13093245605" visible="true" version="1" changeset="170902838" timestamp="2025-08-23T23:14:22Z" user="shinterro" uid="8562391" lat="33.7857739" lon="-84.3822799"/>
 <node id="13093245606" visible="true" version="1" changeset="170902838" timestamp="2025-08-23T23:14:22Z" user="shinterro" uid="8562391" lat="33.7856756" lon="-84.3822829"/>
 <node id="13093245607" visible="true" version="1" changeset="170902838" timestamp="2025-08-23T23:14:22Z" user="shinterro" uid="8562391" lat="33.7855127" lon="-84.3822882"/>
 <node id="13093245608" visible="true" version="1" changeset="170902838" timestamp="2025-08-23T23:14:22Z" user="shinterro" uid="8562391" lat="33.7854785" lon="-84.3822912"/>
 <node id="13093245609" visible="true" version="1" changeset="170902838" timestamp="2025-08-23T23:14:22Z" user="shinterro" uid="8562391" lat="33.7854948" lon="-84.3828456"/>
 <node id="13093245610" visible="true" version="1" changeset="170902838" timestamp="2025-08-23T23:14:22Z" user="shinterro" uid="8562391" lat="33.7854955" lon="-84.3828803"/>
 <node id="13093245611" visible="true" version="1" changeset="170902838" timestamp="2025-08-23T23:14:22Z" user="shinterro" uid="8562391" lat="33.7858046" lon="-84.3829148"/>
 <node id="13093245612" visible="true" version="2" changeset="171809790" timestamp="2025-09-12T03:21:24Z" user="shinterro" uid="8562391" lat="33.7854497" lon="-84.3828512">
  <tag k="direction" v="backward"/>
  <tag k="highway" v="stop"/>
 </node>
 <node id="13124096629" visible="true" version="1" changeset="171561157" timestamp="2025-09-06T21:55:57Z" user="shinterro" uid="8562391" lat="33.7845981" lon="-84.3830124"/>
 <node id="13124096643" visible="true" version="1" changeset="171561157" timestamp="2025-09-06T21:55:57Z" user="shinterro" uid="8562391" lat="33.7849475" lon="-84.3829988"/>
 <node id="13125576248" visible="true" version="1" changeset="171605511" timestamp="2025-09-07T21:03:18Z" user="shinterro" uid="8562391" lat="33.7865753" lon="-84.3862321"/>
 <node id="13137393406" visible="true" version="1" changeset="171809790" timestamp="2025-09-12T03:21:24Z" user="shinterro" uid="8562391" lat="33.7854352" lon="-84.3822949">
  <tag k="direction" v="forward"/>
  <tag k="highway" v="stop"/>
 </node>
 <node id="13137393409" visible="true" version="1" changeset="171809790" timestamp="2025-09-12T03:21:24Z" user="shinterro" uid="8562391" lat="33.7853415" lon="-84.3822905"/>
 <node id="13137393410" visible="true" version="1" changeset="171809790" timestamp="2025-09-12T03:21:24Z" user="shinterro" uid="8562391" lat="33.7853170" lon="-84.3822821"/>
 <node id="13137393429" visible="true" version="1" changeset="171809790" timestamp="2025-09-12T03:21:24Z" user="shinterro" uid="8562391" lat="33.7852783" lon="-84.3822829"/>
 <node id="13137393430" visible="true" version="1" changeset="171809790" timestamp="2025-09-12T03:21:24Z" user="shinterro" uid="8562391" lat="33.7853602" lon="-84.3823146"/>
 <node id="13137393431" visible="true" version="1" changeset="171809790" timestamp="2025-09-12T03:21:24Z" user="shinterro" uid="8562391" lat="33.7853700" lon="-84.3823382"/>
 <node id="13137393432" visible="true" version="1" changeset="171809790" timestamp="2025-09-12T03:21:24Z" user="shinterro" uid="8562391" lat="33.7853794" lon="-84.3828344"/>
 <node id="13137393433" visible="true" version="1" changeset="171809790" timestamp="2025-09-12T03:21:24Z" user="shinterro" uid="8562391" lat="33.7853457" lon="-84.3828766"/>
 <node id="13230601407" visible="true" version="1" changeset="173231595" timestamp="2025-10-13T14:43:36Z" user="shinterro" uid="8562391" lat="33.7829651" lon="-84.3799346"/>
 <node id="13232006940" visible="true" version="2" changeset="173425135" timestamp="2025-10-17T19:17:07Z" user="shinterro" uid="8562391" lat="33.7855236" lon="-84.3787787"/>
 <node id="13232006941" visible="true" version="2" changeset="173425135" timestamp="2025-10-17T19:17:07Z" user="shinterro" uid="8562391" lat="33.7855272" lon="-84.3790282"/>
 <node id="13232006942" visible="true" version="1" changeset="173252543" timestamp="2025-10-14T01:46:49Z" user="shinterro" uid="8562391" lat="33.7853739" lon="-84.3799574"/>
 <node id="13232006943" visible="true" version="1" changeset="173252543" timestamp="2025-10-14T01:46:49Z" user="shinterro" uid="8562391" lat="33.7854296" lon="-84.3820636">
  <tag k="direction" v="backward"/>
  <tag k="highway" v="stop"/>
 </node>
 <node id="13232006944" visible="true" version="1" changeset="173252543" timestamp="2025-10-14T01:46:49Z" user="shinterro" uid="8562391" lat="33.7853549" lon="-84.3785616">
  <tag k="direction" v="forward"/>
  <tag k="highway" v="stop"/>
 </node>
 <node id="13232006945" visible="true" version="1" changeset="173252543" timestamp="2025-10-14T01:46:49Z" user="shinterro" uid="8562391" lat="33.7852683" lon="-84.3785567"/>
 <node id="13232006946" visible="true" version="1" changeset="173252543" timestamp="2025-10-14T01:46:49Z" user="shinterro" uid="8562391" lat="33.7853814" lon="-84.3784225"/>
 <node id="13232006947" visible="true" version="1" changeset="173252543" timestamp="2025-10-14T01:46:49Z" user="shinterro" uid="8562391" lat="33.7853264" lon="-84.3786575"/>
 <node id="13232006948" visible="true" version="1" changeset="173252543" timestamp="2025-10-14T01:46:49Z" user="shinterro" uid="8562391" lat="33.7853117" lon="-84.3786579"/>
 <node id="13232006949" visible="true" version="1" changeset="173252543" timestamp="2025-10-14T01:46:49Z" user="shinterro" uid="8562391" lat="33.7853238" lon="-84.3791097"/>
 <node id="13232006950" visible="true" version="1" changeset="173252543" timestamp="2025-10-14T01:46:49Z" user="shinterro" uid="8562391" lat="33.7853385" lon="-84.3791093"/>
 <node id="13232006955" visible="true" version="1" changeset="173252543" timestamp="2025-10-14T01:46:49Z" user="shinterro" uid="8562391" lat="33.7851606" lon="-84.3788387"/>
 <node id="13232006956" visible="true" version="1" changeset="173252543" timestamp="2025-10-14T01:46:49Z" user="shinterro" uid="8562391" lat="33.7851685" lon="-84.3788385"/>
 <node id="13233847281" visible="true" version="1" changeset="173299277" timestamp="2025-10-15T02:49:39Z" user="shinterro" uid="8562391" lat="33.7852384" lon="-84.3805328"/>
 <node id="13233847282" visible="true" version="1" changeset="173299277" timestamp="2025-10-15T02:49:39Z" user="shinterro" uid="8562391" lat="33.7851448" lon="-84.3799764"/>
 <node id="13233847283" visible="true" version="1" changeset="173299277" timestamp="2025-10-15T02:49:39Z" user="shinterro" uid="8562391" lat="33.7851453" lon="-84.3800065"/>
 <node id="13233847284" visible="true" version="1" changeset="173299277" timestamp="2025-10-15T02:49:39Z" user="shinterro" uid="8562391" lat="33.7851041" lon="-84.3800076"/>
 <node id="13233847285" visible="true" version="1" changeset="173299277" timestamp="2025-10-15T02:49:39Z" user="shinterro" uid="8562391" lat="33.7851039" lon="-84.3799932"/>
 <node id="13233847286" visible="true" version="1" changeset="173299277" timestamp="2025-10-15T02:49:39Z" user="shinterro" uid="8562391" lat="33.7850291" lon="-84.3799951"/>
 <node id="13233847287" visible="true" version="1" changeset="173299277" timestamp="2025-10-15T02:49:39Z" user="shinterro" uid="8562391" lat="33.7850294" lon="-84.3800087"/>
 <node id="13233847288" visible="true" version="1" changeset="173299277" timestamp="2025-10-15T02:49:39Z" user="shinterro" uid="8562391" lat="33.7849895" lon="-84.3800097"/>
 <node id="13233847289" visible="true" version="1" changeset="173299277" timestamp="2025-10-15T02:49:39Z" user="shinterro" uid="8562391" lat="33.7849889" lon="-84.3799763"/>
 <node id="13233847290" visible="true" version="1" changeset="173299277" timestamp="2025-10-15T02:49:39Z" user="shinterro" uid="8562391" lat="33.7849442" lon="-84.3799774"/>
 <node id="13233847291" visible="true" version="1" changeset="173299277" timestamp="2025-10-15T02:49:39Z" user="shinterro" uid="8562391" lat="33.7851859" lon="-84.3799753"/>
 <node id="13233847292" visible="true" version="1" changeset="173299277" timestamp="2025-10-15T02:49:39Z" user="shinterro" uid="8562391" lat="33.7849343" lon="-84.3805443"/>
 <node id="13233847293" visible="true" version="1" changeset="173299277" timestamp="2025-10-15T02:49:39Z" user="shinterro" uid="8562391" lat="33.7849204" lon="-84.3804941"/>
 <node id="13233847294" visible="true" version="1" changeset="173299277" timestamp="2025-10-15T02:49:39Z" user="shinterro" uid="8562391" lat="33.7848854" lon="-84.3804939"/>
 <node id="13233847295" visible="true" version="1" changeset="173299277" timestamp="2025-10-15T02:49:39Z" user="shinterro" uid="8562391" lat="33.7848759" lon="-84.3800170"/>
 <node id="13233847296" visible="true" version="1" changeset="173299277" timestamp="2025-10-15T02:49:39Z" user="shinterro" uid="8562391" lat="33.7849074" lon="-84.3800158"/>
 <node id="13233847297" visible="true" version="1" changeset="173299277" timestamp="2025-10-15T02:49:39Z" user="shinterro" uid="8562391" lat="33.7852201" lon="-84.3799561"/>
 <node id="13233847298" visible="true" version="1" changeset="173299277" timestamp="2025-10-15T02:49:39Z" user="shinterro" uid="8562391" lat="33.7852616" lon="-84.3799550"/>
 <node id="13233847299" visible="true" version="1" changeset="173299277" timestamp="2025-10-15T02:49:39Z" user="shinterro" uid="8562391" lat="33.7852741" lon="-84.3805334"/>
 <node id="13233862405" visible="true" version="1" changeset="173299277" timestamp="2025-10-15T02:49:39Z" user="shinterro" uid="8562391" lat="33.7852780" lon="-84.3817585"/>
 <node id="13233862417" visible="true" version="1" changeset="173299277" timestamp="2025-10-15T02:49:39Z" user="shinterro" uid="8562391" lat="33.7843658" lon="-84.3806038"/>
 <node id="13233862418" visible="true" version="1" changeset="173299277" timestamp="2025-10-15T02:49:39Z" user="shinterro" uid="8562391" lat="33.7853503" lon="-84.3811422"/>
 <node id="13233862419" visible="true" version="1" changeset="173299277" timestamp="2025-10-15T02:49:39Z" user="shinterro" uid="8562391" lat="33.7853661" lon="-84.3811985"/>
 <node id="13233862420" visible="true" version="1" changeset="173299277" timestamp="2025-10-15T02:49:39Z" user="shinterro" uid="8562391" lat="33.7852749" lon="-84.3812007">
  <tag k="access" v="permit"/>
  <tag k="amenity" v="parking_entrance"/>
  <tag k="covered" v="yes"/>
  <tag k="fee" v="yes"/>
  <tag k="lit" v="yes"/>
  <tag k="opening_hours" v="24/7"/>
  <tag k="parking" v="multi-storey"/>
  <tag k="smoothness" v="excellent"/>
  <tag k="supervised" v="yes"/>
  <tag k="surface" v="concrete"/>
 </node>
 <node id="13233862421" visible="true" version="1" changeset="173299277" timestamp="2025-10-15T02:49:39Z" user="shinterro" uid="8562391" lat="33.7853131" lon="-84.3811998"/>
 <node id="13233862422" visible="true" version="1" changeset="173299277" timestamp="2025-10-15T02:49:39Z" user="shinterro" uid="8562391" lat="33.7853514" lon="-84.3811989"/>
 <node id="13233862423" visible="true" version="1" changeset="173299277" timestamp="2025-10-15T02:49:39Z" user="shinterro" uid="8562391" lat="33.7854125" lon="-84.3811973"/>
 <node id="13233862424" visible="true" version="1" changeset="173299277" timestamp="2025-10-15T02:49:39Z" user="shinterro" uid="8562391" lat="33.7850300" lon="-84.3820092">
  <tag k="access" v="permissive"/>
  <tag k="entrance" v="main"/>
  <tag k="wheelchair" v="yes"/>
 </node>
 <node id="13233862425" visible="true" version="1" changeset="173299277" timestamp="2025-10-15T02:49:39Z" user="shinterro" uid="8562391" lat="33.7850300" lon="-84.3820988"/>
 <node id="13233862464" visible="true" version="1" changeset="173299277" timestamp="2025-10-15T02:49:39Z" user="shinterro" uid="8562391" lat="33.7851707" lon="-84.3814286">
  <tag k="access" v="permit"/>
  <tag k="barrier" v="gate"/>
  <tag k="material" v="metal"/>
  <tag k="maxheight" v="2"/>
  <tag k="maxwidth" v="4"/>
  <tag k="motor_vehicle" v="permit"/>
  <tag k="vehicle" v="yes"/>
  <tag k="wheelchair" v="no"/>
 </node>
 <node id="13233862465" visible="true" version="1" changeset="173299277" timestamp="2025-10-15T02:49:39Z" user="shinterro" uid="8562391" lat="33.7851883" lon="-84.3814703">
  <tag k="access" v="permit"/>
  <tag k="barrier" v="gate"/>
  <tag k="material" v="metal"/>
  <tag k="maxheight" v="2"/>
  <tag k="maxwidth" v="4"/>
  <tag k="motor_vehicle" v="permit"/>
  <tag k="vehicle" v="yes"/>
  <tag k="wheelchair" v="no"/>
 </node>
 <node id="13233862467" visible="true" version="1" changeset="173299277" timestamp="2025-10-15T02:49:39Z" user="shinterro" uid="8562391" lat="33.7852447" lon="-84.3814303"/>
 <node id="13233862470" visible="true" version="1" changeset="173299277" timestamp="2025-10-15T02:49:39Z" user="shinterro" uid="8562391" lat="33.7852443" lon="-84.3814711"/>
 <node id="13233862471" visible="true" version="1" changeset="173299277" timestamp="2025-10-15T02:49:39Z" user="shinterro" uid="8562391" lat="33.7852786" lon="-84.3814483"/>
 <node id="13233862472" visible="true" version="1" changeset="173299277" timestamp="2025-10-15T02:49:39Z" user="shinterro" uid="8562391" lat="33.7853005" lon="-84.3817931"/>
 <node id="13233862473" visible="true" version="1" changeset="173299277" timestamp="2025-10-15T02:49:39Z" user="shinterro" uid="8562391" lat="33.7852738" lon="-84.3817930"/>
 <node id="13233862474" visible="true" version="1" changeset="173299277" timestamp="2025-10-15T02:49:39Z" user="shinterro" uid="8562391" lat="33.7849704" lon="-84.3820089"/>
 <node id="13233862477" visible="true" version="1" changeset="173299277" timestamp="2025-10-15T02:49:39Z" user="shinterro" uid="8562391" lat="33.7844428" lon="-84.3820284"/>
 <node id="13233862478" visible="true" version="1" changeset="173299277" timestamp="2025-10-15T02:49:39Z" user="shinterro" uid="8562391" lat="33.7844429" lon="-84.3819988"/>
 <node id="13233862479" visible="true" version="1" changeset="173299277" timestamp="2025-10-15T02:49:39Z" user="shinterro" uid="8562391" lat="33.7844305" lon="-84.3818525"/>
 <node id="13233862480" visible="true" version="1" changeset="173299277" timestamp="2025-10-15T02:49:39Z" user="shinterro" uid="8562391" lat="33.7844362" lon="-84.3818526"/>
 <node id="13233862481" visible="true" version="1" changeset="173299277" timestamp="2025-10-15T02:49:39Z" user="shinterro" uid="8562391" lat="33.7844375" lon="-84.3815481"/>
 <node id="13233862482" visible="true" version="1" changeset="173299277" timestamp="2025-10-15T02:49:39Z" user="shinterro" uid="8562391" lat="33.7844519" lon="-84.3815482"/>
 <node id="13233862483" visible="true" version="1" changeset="173299277" timestamp="2025-10-15T02:49:39Z" user="shinterro" uid="8562391" lat="33.7844522" lon="-84.3814907"/>
 <node id="13233862484" visible="true" version="1" changeset="173299277" timestamp="2025-10-15T02:49:39Z" user="shinterro" uid="8562391" lat="33.7844347" lon="-84.3814906"/>
 <node id="13233862485" visible="true" version="1" changeset="173299277" timestamp="2025-10-15T02:49:39Z" user="shinterro" uid="8562391" lat="33.7844348" lon="-84.3814687"/>
 <node id="13233862486" visible="true" version="1" changeset="173299277" timestamp="2025-10-15T02:49:39Z" user="shinterro" uid="8562391" lat="33.7844287" lon="-84.3814686"/>
 <node id="13233862487" visible="true" version="1" changeset="173299277" timestamp="2025-10-15T02:49:39Z" user="shinterro" uid="8562391" lat="33.7844289" lon="-84.3814212"/>
 <node id="13233862488" visible="true" version="1" changeset="173299277" timestamp="2025-10-15T02:49:39Z" user="shinterro" uid="8562391" lat="33.7844347" lon="-84.3814212"/>
 <node id="13233862489" visible="true" version="1" changeset="173299277" timestamp="2025-10-15T02:49:39Z" user="shinterro" uid="8562391" lat="33.7844348" lon="-84.3813977"/>
 <node id="13233862490" visible="true" version="1" changeset="173299277" timestamp="2025-10-15T02:49:39Z" user="shinterro" uid="8562391" lat="33.7844390" lon="-84.3813978"/>
 <node id="13233862491" visible="true" version="1" changeset="173299277" timestamp="2025-10-15T02:49:39Z" user="shinterro" uid="8562391" lat="33.7844394" lon="-84.3813065"/>
 <node id="13233862492" visible="true" version="1" changeset="173299277" timestamp="2025-10-15T02:49:39Z" user="shinterro" uid="8562391" lat="33.7844559" lon="-84.3813066"/>
 <node id="13233862493" visible="true" version="1" changeset="173299277" timestamp="2025-10-15T02:49:39Z" user="shinterro" uid="8562391" lat="33.7844566" lon="-84.3811651"/>
 <node id="13233862494" visible="true" version="1" changeset="173299277" timestamp="2025-10-15T02:49:39Z" user="shinterro" uid="8562391" lat="33.7844477" lon="-84.3811650"/>
 <node id="13233862495" visible="true" version="1" changeset="173299277" timestamp="2025-10-15T02:49:39Z" user="shinterro" uid="8562391" lat="33.7844481" lon="-84.3810572"/>
 <node id="13233862496" visible="true" version="1" changeset="173299277" timestamp="2025-10-15T02:49:39Z" user="shinterro" uid="8562391" lat="33.7844571" lon="-84.3810573"/>
 <node id="13233862497" visible="true" version="1" changeset="173299277" timestamp="2025-10-15T02:49:39Z" user="shinterro" uid="8562391" lat="33.7844573" lon="-84.3809990"/>
 <node id="13233862498" visible="true" version="1" changeset="173299277" timestamp="2025-10-15T02:49:39Z" user="shinterro" uid="8562391" lat="33.7844721" lon="-84.3809991"/>
 <node id="13233862499" visible="true" version="1" changeset="173299277" timestamp="2025-10-15T02:49:39Z" user="shinterro" uid="8562391" lat="33.7844722" lon="-84.3809733"/>
 <node id="13233862500" visible="true" version="1" changeset="173299277" timestamp="2025-10-15T02:49:39Z" user="shinterro" uid="8562391" lat="33.7844780" lon="-84.3809555"/>
 <node id="13233862501" visible="true" version="1" changeset="173299277" timestamp="2025-10-15T02:49:39Z" user="shinterro" uid="8562391" lat="33.7845234" lon="-84.3809558"/>
 <node id="13233862502" visible="true" version="1" changeset="173299277" timestamp="2025-10-15T02:49:39Z" user="shinterro" uid="8562391" lat="33.7845234" lon="-84.3809731"/>
 <node id="13233862503" visible="true" version="1" changeset="173299277" timestamp="2025-10-15T02:49:39Z" user="shinterro" uid="8562391" lat="33.7845709" lon="-84.3809734"/>
 <node id="13233862504" visible="true" version="1" changeset="173299277" timestamp="2025-10-15T02:49:39Z" user="shinterro" uid="8562391" lat="33.7845710" lon="-84.3809535"/>
 <node id="13233862505" visible="true" version="1" changeset="173299277" timestamp="2025-10-15T02:49:39Z" user="shinterro" uid="8562391" lat="33.7846153" lon="-84.3809768"/>
 <node id="13233862506" visible="true" version="1" changeset="173299277" timestamp="2025-10-15T02:49:39Z" user="shinterro" uid="8562391" lat="33.7846225" lon="-84.3809768"/>
 <node id="13233862507" visible="true" version="1" changeset="173299277" timestamp="2025-10-15T02:49:39Z" user="shinterro" uid="8562391" lat="33.7846224" lon="-84.3810022"/>
 <node id="13233862508" visible="true" version="1" changeset="173299277" timestamp="2025-10-15T02:49:39Z" user="shinterro" uid="8562391" lat="33.7846390" lon="-84.3810023"/>
 <node id="13233862509" visible="true" version="1" changeset="173299277" timestamp="2025-10-15T02:49:39Z" user="shinterro" uid="8562391" lat="33.7846388" lon="-84.3810593"/>
 <node id="13233862510" visible="true" version="1" changeset="173299277" timestamp="2025-10-15T02:49:39Z" user="shinterro" uid="8562391" lat="33.7846455" lon="-84.3810593"/>
 <node id="13233862511" visible="true" version="1" changeset="173299277" timestamp="2025-10-15T02:49:39Z" user="shinterro" uid="8562391" lat="33.7846451" lon="-84.3811671"/>
 <node id="13233862512" visible="true" version="1" changeset="173299277" timestamp="2025-10-15T02:49:39Z" user="shinterro" uid="8562391" lat="33.7846392" lon="-84.3811671"/>
 <node id="13233862513" visible="true" version="1" changeset="173299277" timestamp="2025-10-15T02:49:39Z" user="shinterro" uid="8562391" lat="33.7846386" lon="-84.3813177"/>
 <node id="13233862514" visible="true" version="1" changeset="173299277" timestamp="2025-10-15T02:49:39Z" user="shinterro" uid="8562391" lat="33.7846196" lon="-84.3813175"/>
 <node id="13233862515" visible="true" version="1" changeset="173299277" timestamp="2025-10-15T02:49:39Z" user="shinterro" uid="8562391" lat="33.7846192" lon="-84.3813933"/>
 <node id="13233862516" visible="true" version="1" changeset="173299277" timestamp="2025-10-15T02:49:39Z" user="shinterro" uid="8562391" lat="33.7846285" lon="-84.3813934"/>
 <node id="13233862517" visible="true" version="1" changeset="173299277" timestamp="2025-10-15T02:49:39Z" user="shinterro" uid="8562391" lat="33.7846284" lon="-84.3814214"/>
 <node id="13233862518" visible="true" version="1" changeset="173299277" timestamp="2025-10-15T02:49:39Z" user="shinterro" uid="8562391" lat="33.7846376" lon="-84.3814214"/>
 <node id="13233862519" visible="true" version="1" changeset="173299277" timestamp="2025-10-15T02:49:39Z" user="shinterro" uid="8562391" lat="33.7846374" lon="-84.3814714"/>
 <node id="13233862520" visible="true" version="1" changeset="173299277" timestamp="2025-10-15T02:49:39Z" user="shinterro" uid="8562391" lat="33.7846228" lon="-84.3814713"/>
 <node id="13233862521" visible="true" version="1" changeset="173299277" timestamp="2025-10-15T02:49:39Z" user="shinterro" uid="8562391" lat="33.7846674" lon="-84.3818064"/>
 <node id="13233862522" visible="true" version="1" changeset="173299277" timestamp="2025-10-15T02:49:39Z" user="shinterro" uid="8562391" lat="33.7846673" lon="-84.3818166"/>
 <node id="13233862523" visible="true" version="1" changeset="173299277" timestamp="2025-10-15T02:49:39Z" user="shinterro" uid="8562391" lat="33.7848867" lon="-84.3818078"/>
 <node id="13233862524" visible="true" version="1" changeset="173299277" timestamp="2025-10-15T02:49:39Z" user="shinterro" uid="8562391" lat="33.7848868" lon="-84.3817862"/>
 <node id="13233862525" visible="true" version="1" changeset="173299277" timestamp="2025-10-15T02:49:39Z" user="shinterro" uid="8562391" lat="33.7849713" lon="-84.3817868"/>
 <node id="13233862526" visible="true" version="1" changeset="173299277" timestamp="2025-10-15T02:49:39Z" user="shinterro" uid="8562391" lat="33.7850155" lon="-84.3819384"/>
 <node id="13233862527" visible="true" version="1" changeset="173299277" timestamp="2025-10-15T02:49:39Z" user="shinterro" uid="8562391" lat="33.7850233" lon="-84.3819384"/>
 <node id="13233862528" visible="true" version="1" changeset="173299277" timestamp="2025-10-15T02:49:39Z" user="shinterro" uid="8562391" lat="33.7850236" lon="-84.3818873"/>
 <node id="13233862529" visible="true" version="1" changeset="173299277" timestamp="2025-10-15T02:49:39Z" user="shinterro" uid="8562391" lat="33.7850143" lon="-84.3818872"/>
 <node id="13233862530" visible="true" version="1" changeset="173299277" timestamp="2025-10-15T02:49:39Z" user="shinterro" uid="8562391" lat="33.7850145" lon="-84.3818263"/>
 <node id="13233862531" visible="true" version="1" changeset="173299277" timestamp="2025-10-15T02:49:39Z" user="shinterro" uid="8562391" lat="33.7850420" lon="-84.3817885"/>
 <node id="13233862532" visible="true" version="1" changeset="173299277" timestamp="2025-10-15T02:49:39Z" user="shinterro" uid="8562391" lat="33.7850419" lon="-84.3818099"/>
 <node id="13233862533" visible="true" version="1" changeset="173299277" timestamp="2025-10-15T02:49:39Z" user="shinterro" uid="8562391" lat="33.7850044" lon="-84.3818097"/>
 <node id="13233862534" visible="true" version="1" changeset="173299277" timestamp="2025-10-15T02:49:39Z" user="shinterro" uid="8562391" lat="33.7849712" lon="-84.3818260"/>
 <node id="13233862535" visible="true" version="1" changeset="173299277" timestamp="2025-10-15T02:49:39Z" user="shinterro" uid="8562391" lat="33.7848899" lon="-84.3820312"/>
 <node id="13233862536" visible="true" version="1" changeset="173299277" timestamp="2025-10-15T02:49:39Z" user="shinterro" uid="8562391" lat="33.7848898" lon="-84.3820441"/>
 <node id="13233862537" visible="true" version="1" changeset="173299277" timestamp="2025-10-15T02:49:39Z" user="shinterro" uid="8562391" lat="33.7849703" lon="-84.3820446"/>
 <node id="13233862538" visible="true" version="1" changeset="173299277" timestamp="2025-10-15T02:49:39Z" user="shinterro" uid="8562391" lat="33.7850152" lon="-84.3820091"/>
 <node id="13233862539" visible="true" version="1" changeset="173299277" timestamp="2025-10-15T02:49:39Z" user="shinterro" uid="8562391" lat="33.7852150" lon="-84.3820104"/>
 <node id="13233862540" visible="true" version="1" changeset="173299277" timestamp="2025-10-15T02:49:39Z" user="shinterro" uid="8562391" lat="33.7852150" lon="-84.3820210"/>
 <node id="13233862541" visible="true" version="1" changeset="173299277" timestamp="2025-10-15T02:49:39Z" user="shinterro" uid="8562391" lat="33.7852720" lon="-84.3820214"/>
 <node id="13233862542" visible="true" version="1" changeset="173299277" timestamp="2025-10-15T02:49:39Z" user="shinterro" uid="8562391" lat="33.7852720" lon="-84.3820095"/>
 <node id="13239616783" visible="true" version="1" changeset="173425135" timestamp="2025-10-17T19:17:07Z" user="shinterro" uid="8562391" lat="33.7863214" lon="-84.3810168"/>
 <node id="13239616784" visible="true" version="1" changeset="173425135" timestamp="2025-10-17T19:17:07Z" user="shinterro" uid="8562391" lat="33.7863908" lon="-84.3810169"/>
 <node id="13239616785" visible="true" version="1" changeset="173425135" timestamp="2025-10-17T19:17:07Z" user="shinterro" uid="8562391" lat="33.7863906" lon="-84.3811847"/>
 <node id="13239616786" visible="true" version="1" changeset="173425135" timestamp="2025-10-17T19:17:07Z" user="shinterro" uid="8562391" lat="33.7863212" lon="-84.3811846"/>
 <node id="13239616794" visible="true" version="1" changeset="173425135" timestamp="2025-10-17T19:17:07Z" user="shinterro" uid="8562391" lat="33.7868016" lon="-84.3788892"/>
 <node id="13239616795" visible="true" version="1" changeset="173425135" timestamp="2025-10-17T19:17:07Z" user="shinterro" uid="8562391" lat="33.7867989" lon="-84.3790192"/>
 <node id="13239616796" visible="true" version="1" changeset="173425135" timestamp="2025-10-17T19:17:07Z" user="shinterro" uid="8562391" lat="33.7867443" lon="-84.3788876"/>
 <node id="13239616797" visible="true" version="1" changeset="173425135" timestamp="2025-10-17T19:17:07Z" user="shinterro" uid="8562391" lat="33.7867417" lon="-84.3790175"/>
 <node id="13239616798" visible="true" version="1" changeset="173425135" timestamp="2025-10-17T19:17:07Z" user="shinterro" uid="8562391" lat="33.7866871" lon="-84.3788859"/>
 <node id="13239616799" visible="true" version="1" changeset="173425135" timestamp="2025-10-17T19:17:07Z" user="shinterro" uid="8562391" lat="33.7866845" lon="-84.3790158"/>
 <node id="13239619608" visible="true" version="1" changeset="173425135" timestamp="2025-10-17T19:17:07Z" user="shinterro" uid="8562391" lat="33.7868047" lon="-84.3791992"/>
 <node id="13239619609" visible="true" version="1" changeset="173425135" timestamp="2025-10-17T19:17:07Z" user="shinterro" uid="8562391" lat="33.7868027" lon="-84.3793350"/>
 <node id="13239619610" visible="true" version="1" changeset="173425135" timestamp="2025-10-17T19:17:07Z" user="shinterro" uid="8562391" lat="33.7867491" lon="-84.3791981"/>
 <node id="13239619611" visible="true" version="1" changeset="173425135" timestamp="2025-10-17T19:17:07Z" user="shinterro" uid="8562391" lat="33.7867471" lon="-84.3793338"/>
 <node id="13239619612" visible="true" version="1" changeset="173425135" timestamp="2025-10-17T19:17:07Z" user="shinterro" uid="8562391" lat="33.7865900" lon="-84.3795752">
  <tag k="barrier" v="gate"/>
 </node>
 <node id="13239619613" visible="true" version="2" changeset="173471756" timestamp="2025-10-19T00:38:49Z" user="shinterro" uid="8562391" lat="33.7870891" lon="-84.3799505"/>
 <node id="13239619614" visible="true" version="1" changeset="173425135" timestamp="2025-10-17T19:17:07Z" user="shinterro" uid="8562391" lat="33.7865921" lon="-84.3799447"/>
 <node id="13239619615" visible="true" version="1" changeset="173425135" timestamp="2025-10-17T19:17:07Z" user="shinterro" uid="8562391" lat="33.7865888" lon="-84.3793680"/>
 <node id="13239619616" visible="true" version="1" changeset="173425135" timestamp="2025-10-17T19:17:07Z" user="shinterro" uid="8562391" lat="33.7870904" lon="-84.3793881"/>
 <node id="13239619617" visible="true" version="1" changeset="173425135" timestamp="2025-10-17T19:17:07Z" user="shinterro" uid="8562391" lat="33.7863118" lon="-84.3820075"/>
 <node id="13239619622" visible="true" version="1" changeset="173425135" timestamp="2025-10-17T19:17:07Z" user="shinterro" uid="8562391" lat="33.7855889" lon="-84.3820122">
  <tag k="access" v="permit"/>
  <tag k="amenity" v="parking_entrance"/>
  <tag k="covered" v="yes"/>
  <tag k="lit" v="yes"/>
  <tag k="opening_hours" v="24/7"/>
  <tag k="parking" v="multi-storey"/>
  <tag k="smoothness" v="excellent"/>
  <tag k="surface" v="concrete"/>
 </node>
 <node id="13239619623" visible="true" version="1" changeset="173425135" timestamp="2025-10-17T19:17:07Z" user="shinterro" uid="8562391" lat="33.7855897" lon="-84.3820694"/>
 <node id="13239619624" visible="true" version="1" changeset="173425135" timestamp="2025-10-17T19:17:07Z" user="shinterro" uid="8562391" lat="33.7855911" lon="-84.3821724"/>
 <node id="13239619625" visible="true" version="1" changeset="173425135" timestamp="2025-10-17T19:17:07Z" user="shinterro" uid="8562391" lat="33.7856013" lon="-84.3804959"/>
 <node id="13239619626" visible="true" version="2" changeset="174749270" timestamp="2025-11-16T23:04:57Z" user="shinterro" uid="8562391" lat="33.7856013" lon="-84.3805284">
  <tag k="access" v="permit"/>
  <tag k="amenity" v="parking_entrance"/>
  <tag k="covered" v="yes"/>
  <tag k="lit" v="yes"/>
  <tag k="name" v="Mayfair Parking"/>
  <tag k="opening_hours" v="24/7"/>
  <tag k="operator" v="Mayfair"/>
  <tag k="parking" v="multi-storey"/>
  <tag k="smoothness" v="excellent"/>
  <tag k="supervised" v="yes"/>
  <tag k="surface" v="concrete"/>
 </node>
 <node id="13239619627" visible="true" version="1" changeset="173425135" timestamp="2025-10-17T19:17:07Z" user="shinterro" uid="8562391" lat="33.7862874" lon="-84.3810771"/>
 <node id="13239619628" visible="true" version="1" changeset="173425135" timestamp="2025-10-17T19:17:07Z" user="shinterro" uid="8562391" lat="33.7860320" lon="-84.3810759">
  <tag k="access" v="permit"/>
  <tag k="amenity" v="parking_entrance"/>
  <tag k="covered" v="yes"/>
  <tag k="lit" v="yes"/>
  <tag k="name" v="Mayfair Parking"/>
  <tag k="opening_hours" v="24/7"/>
  <tag k="operator" v="Mayfair"/>
  <tag k="parking" v="multi-storey"/>
  <tag k="smoothness" v="excellent"/>
  <tag k="supervised" v="yes"/>
  <tag k="surface" v="concrete"/>
 </node>
 <node id="13239619629" visible="true" version="1" changeset="173425135" timestamp="2025-10-17T19:17:07Z" user="shinterro" uid="8562391" lat="33.7860343" lon="-84.3811246">
  <tag k="access" v="permit"/>
  <tag k="amenity" v="parking_entrance"/>
  <tag k="covered" v="yes"/>
  <tag k="lit" v="yes"/>
  <tag k="name" v="Mayfair Parking"/>
  <tag k="opening_hours" v="24/7"/>
  <tag k="operator" v="Mayfair"/>
  <tag k="parking" v="multi-storey"/>
  <tag k="smoothness" v="excellent"/>
  <tag k="supervised" v="yes"/>
  <tag k="surface" v="concrete"/>
 </node>
 <node id="13239619630" visible="true" version="1" changeset="173425135" timestamp="2025-10-17T19:17:07Z" user="shinterro" uid="8562391" lat="33.7862872" lon="-84.3811257"/>
 <node id="13239619631" visible="true" version="1" changeset="173425135" timestamp="2025-10-17T19:17:07Z" user="shinterro" uid="8562391" lat="33.7864043" lon="-84.3805414"/>
 <node id="13239619632" visible="true" version="1" changeset="173425135" timestamp="2025-10-17T19:17:07Z" user="shinterro" uid="8562391" lat="33.7862877" lon="-84.3809872"/>
 <node id="13239619633" visible="true" version="1" changeset="173425135" timestamp="2025-10-17T19:17:07Z" user="shinterro" uid="8562391" lat="33.7862869" lon="-84.3812194"/>
 <node id="13239619634" visible="true" version="1" changeset="173425135" timestamp="2025-10-17T19:17:07Z" user="shinterro" uid="8562391" lat="33.7859974" lon="-84.3810042"/>
 <node id="13239619635" visible="true" version="1" changeset="173425135" timestamp="2025-10-17T19:17:07Z" user="shinterro" uid="8562391" lat="33.7859555" lon="-84.3810638"/>
 <node id="13239619636" visible="true" version="1" changeset="173425135" timestamp="2025-10-17T19:17:07Z" user="shinterro" uid="8562391" lat="33.7859595" lon="-84.3811553"/>
 <node id="13239619637" visible="true" version="1" changeset="173425135" timestamp="2025-10-17T19:17:07Z" user="shinterro" uid="8562391" lat="33.7860075" lon="-84.3812098"/>
 <node id="13239619638" visible="true" version="2" changeset="174749270" timestamp="2025-11-16T23:04:57Z" user="shinterro" uid="8562391" lat="33.7855288" lon="-84.3810168">
  <tag k="access" v="permit"/>
  <tag k="amenity" v="parking_entrance"/>
  <tag k="covered" v="yes"/>
  <tag k="lit" v="yes"/>
  <tag k="name" v="Mayfair Parking"/>
  <tag k="opening_hours" v="24/7"/>
  <tag k="operator" v="Mayfair"/>
  <tag k="parking" v="multi-storey"/>
  <tag k="smoothness" v="excellent"/>
  <tag k="supervised" v="yes"/>
  <tag k="surface" v="concrete"/>
 </node>
 <node id="13239619639" visible="true" version="1" changeset="173425135" timestamp="2025-10-17T19:17:07Z" user="shinterro" uid="8562391" lat="33.7856631" lon="-84.3797558"/>
 <node id="13239619640" visible="true" version="1" changeset="173425135" timestamp="2025-10-17T19:17:07Z" user="shinterro" uid="8562391" lat="33.7855979" lon="-84.3799680"/>
 <node id="13239619641" visible="true" version="1" changeset="173425135" timestamp="2025-10-17T19:17:07Z" user="shinterro" uid="8562391" lat="33.7855975" lon="-84.3800990"/>
 <node id="13239619642" visible="true" version="1" changeset="173425135" timestamp="2025-10-17T19:17:07Z" user="shinterro" uid="8562391" lat="33.7863939" lon="-84.3803350"/>
 <node id="13239619643" visible="true" version="1" changeset="173425135" timestamp="2025-10-17T19:17:07Z" user="shinterro" uid="8562391" lat="33.7863969" lon="-84.3803189"/>
 <node id="13239619644" visible="true" version="1" changeset="173425135" timestamp="2025-10-17T19:17:07Z" user="shinterro" uid="8562391" lat="33.7863943" lon="-84.3803158"/>
 <node id="13239619645" visible="true" version="1" changeset="173425135" timestamp="2025-10-17T19:17:07Z" user="shinterro" uid="8562391" lat="33.7863715" lon="-84.3803158"/>
 <node id="13239619646" visible="true" version="1" changeset="173425135" timestamp="2025-10-17T19:17:07Z" user="shinterro" uid="8562391" lat="33.7863683" lon="-84.3803210"/>
 <node id="13239619647" visible="true" version="1" changeset="173425135" timestamp="2025-10-17T19:17:07Z" user="shinterro" uid="8562391" lat="33.7863692" lon="-84.3803268"/>
 <node id="13239619648" visible="true" version="1" changeset="173425135" timestamp="2025-10-17T19:17:07Z" user="shinterro" uid="8562391" lat="33.7863878" lon="-84.3803372"/>
 <node id="13239619649" visible="true" version="1" changeset="173425135" timestamp="2025-10-17T19:17:07Z" user="shinterro" uid="8562391" lat="33.7863967" lon="-84.3803295"/>
 <node id="13239619650" visible="true" version="1" changeset="173425135" timestamp="2025-10-17T19:17:07Z" user="shinterro" uid="8562391" lat="33.7863759" lon="-84.3803021"/>
 <node id="13239619651" visible="true" version="1" changeset="173425135" timestamp="2025-10-17T19:17:07Z" user="shinterro" uid="8562391" lat="33.7864806" lon="-84.3803544"/>
 <node id="13239619652" visible="true" version="1" changeset="173425135" timestamp="2025-10-17T19:17:07Z" user="shinterro" uid="8562391" lat="33.7864118" lon="-84.3803530"/>
 <node id="13239619653" visible="true" version="1" changeset="173425135" timestamp="2025-10-17T19:17:07Z" user="shinterro" uid="8562391" lat="33.7863770" lon="-84.3803523"/>
 <node id="13239619654" visible="true" version="1" changeset="173425135" timestamp="2025-10-17T19:17:07Z" user="shinterro" uid="8562391" lat="33.7863319" lon="-84.3803289"/>
 <node id="13239619655" visible="true" version="1" changeset="173425135" timestamp="2025-10-17T19:17:07Z" user="shinterro" uid="8562391" lat="33.7861308" lon="-84.3797006"/>
 <node id="13239619656" visible="true" version="1" changeset="173425135" timestamp="2025-10-17T19:17:07Z" user="shinterro" uid="8562391" lat="33.7861302" lon="-84.3799191"/>
 <node id="13239619657" visible="true" version="1" changeset="173425135" timestamp="2025-10-17T19:17:07Z" user="shinterro" uid="8562391" lat="33.7861296" lon="-84.3801161"/>
 <node id="13239619658" visible="true" version="1" changeset="173425135" timestamp="2025-10-17T19:17:07Z" user="shinterro" uid="8562391" lat="33.7862611" lon="-84.3794210">
  <tag k="noexit" v="yes"/>
 </node>
 <node id="13239619659" visible="true" version="1" changeset="173425135" timestamp="2025-10-17T19:17:07Z" user="shinterro" uid="8562391" lat="33.7858225" lon="-84.3794491"/>
 <node id="13239619660" visible="true" version="1" changeset="173425135" timestamp="2025-10-17T19:17:07Z" user="shinterro" uid="8562391" lat="33.7858069" lon="-84.3793955"/>
 <node id="13239619661" visible="true" version="1" changeset="173425135" timestamp="2025-10-17T19:17:07Z" user="shinterro" uid="8562391" lat="33.7856514" lon="-84.3793747"/>
 <node id="13239619662" visible="true" version="1" changeset="173425135" timestamp="2025-10-17T19:17:07Z" user="shinterro" uid="8562391" lat="33.7866150" lon="-84.3804905">
  <tag k="amenity" v="fountain"/>
  <tag k="fountain" v="decorative"/>
  <tag k="material" v="concrete"/>
  <tag k="name" v="Windsor Fountain"/>
  <tag k="start_date" v="2001"/>
  <tag k="website" v="https://www.midtownatl.com/go/unnamed-2"/>
 </node>
 <node id="13239619663" visible="true" version="1" changeset="173425135" timestamp="2025-10-17T19:17:07Z" user="shinterro" uid="8562391" lat="33.7855939" lon="-84.3808494"/>
 <node id="13239619664" visible="true" version="1" changeset="173425135" timestamp="2025-10-17T19:17:07Z" user="shinterro" uid="8562391" lat="33.7856348" lon="-84.3808482"/>
 <node id="13239619665" visible="true" version="1" changeset="173425135" timestamp="2025-10-17T19:17:07Z" user="shinterro" uid="8562391" lat="33.7856349" lon="-84.3805939"/>
 <node id="13239619666" visible="true" version="1" changeset="173425135" timestamp="2025-10-17T19:17:07Z" user="shinterro" uid="8562391" lat="33.7855941" lon="-84.3805956"/>
 <node id="13239619667" visible="true" version="1" changeset="173425135" timestamp="2025-10-17T19:17:07Z" user="shinterro" uid="8562391" lat="33.7855712" lon="-84.3806897"/>
 <node id="13239619668" visible="true" version="1" changeset="173425135" timestamp="2025-10-17T19:17:07Z" user="shinterro" uid="8562391" lat="33.7855712" lon="-84.3807555"/>
 <node id="13239619669" visible="true" version="1" changeset="173425135" timestamp="2025-10-17T19:17:07Z" user="shinterro" uid="8562391" lat="33.7856569" lon="-84.3806892"/>
 <node id="13239619670" visible="true" version="1" changeset="173425135" timestamp="2025-10-17T19:17:07Z" user="shinterro" uid="8562391" lat="33.7856569" lon="-84.3807549"/>
 <node id="13239619671" visible="true" version="1" changeset="173425135" timestamp="2025-10-17T19:17:07Z" user="shinterro" uid="8562391" lat="33.7856571" lon="-84.3808169"/>
 <node id="13239619672" visible="true" version="1" changeset="173425135" timestamp="2025-10-17T19:17:07Z" user="shinterro" uid="8562391" lat="33.7856571" lon="-84.3808273"/>
 <node id="13239619673" visible="true" version="1" changeset="173425135" timestamp="2025-10-17T19:17:07Z" user="shinterro" uid="8562391" lat="33.7856462" lon="-84.3808272"/>
 <node id="13239619674" visible="true" version="1" changeset="173425135" timestamp="2025-10-17T19:17:07Z" user="shinterro" uid="8562391" lat="33.7856140" lon="-84.3808571"/>
 <node id="13239619675" visible="true" version="1" changeset="173425135" timestamp="2025-10-17T19:17:07Z" user="shinterro" uid="8562391" lat="33.7855817" lon="-84.3808294"/>
 <node id="13239619676" visible="true" version="1" changeset="173425135" timestamp="2025-10-17T19:17:07Z" user="shinterro" uid="8562391" lat="33.7855710" lon="-84.3808294"/>
 <node id="13239619677" visible="true" version="1" changeset="173425135" timestamp="2025-10-17T19:17:07Z" user="shinterro" uid="8562391" lat="33.7855710" lon="-84.3808169"/>
 <node id="13239619678" visible="true" version="1" changeset="173425135" timestamp="2025-10-17T19:17:07Z" user="shinterro" uid="8562391" lat="33.7855625" lon="-84.3808169"/>
 <node id="13239619679" visible="true" version="1" changeset="173425135" timestamp="2025-10-17T19:17:07Z" user="shinterro" uid="8562391" lat="33.7855624" lon="-84.3807819"/>
 <node id="13239619680" visible="true" version="1" changeset="173425135" timestamp="2025-10-17T19:17:07Z" user="shinterro" uid="8562391" lat="33.7855749" lon="-84.3807221"/>
 <node id="13239619681" visible="true" version="1" changeset="173425135" timestamp="2025-10-17T19:17:07Z" user="shinterro" uid="8562391" lat="33.7855619" lon="-84.3806622"/>
 <node id="13239619682" visible="true" version="1" changeset="173425135" timestamp="2025-10-17T19:17:07Z" user="shinterro" uid="8562391" lat="33.7855620" lon="-84.3806271"/>
 <node id="13239619683" visible="true" version="1" changeset="173425135" timestamp="2025-10-17T19:17:07Z" user="shinterro" uid="8562391" lat="33.7855725" lon="-84.3806271"/>
 <node id="13239619684" visible="true" version="1" changeset="173425135" timestamp="2025-10-17T19:17:07Z" user="shinterro" uid="8562391" lat="33.7855725" lon="-84.3806172"/>
 <node id="13239619685" visible="true" version="1" changeset="173425135" timestamp="2025-10-17T19:17:07Z" user="shinterro" uid="8562391" lat="33.7855835" lon="-84.3806172"/>
 <node id="13239619686" visible="true" version="1" changeset="173425135" timestamp="2025-10-17T19:17:07Z" user="shinterro" uid="8562391" lat="33.7856156" lon="-84.3805861"/>
 <node id="13239619687" visible="true" version="1" changeset="173425135" timestamp="2025-10-17T19:17:07Z" user="shinterro" uid="8562391" lat="33.7856473" lon="-84.3806169"/>
 <node id="13239619688" visible="true" version="1" changeset="173425135" timestamp="2025-10-17T19:17:07Z" user="shinterro" uid="8562391" lat="33.7856571" lon="-84.3806169"/>
 <node id="13239619689" visible="true" version="1" changeset="173425135" timestamp="2025-10-17T19:17:07Z" user="shinterro" uid="8562391" lat="33.7856571" lon="-84.3806260"/>
 <node id="13239619690" visible="true" version="1" changeset="173425135" timestamp="2025-10-17T19:17:07Z" user="shinterro" uid="8562391" lat="33.7856659" lon="-84.3806260"/>
 <node id="13239619691" visible="true" version="1" changeset="173425135" timestamp="2025-10-17T19:17:07Z" user="shinterro" uid="8562391" lat="33.7856660" lon="-84.3806600"/>
 <node id="13239619692" visible="true" version="1" changeset="173425135" timestamp="2025-10-17T19:17:07Z" user="shinterro" uid="8562391" lat="33.7856535" lon="-84.3807220"/>
 <node id="13239619693" visible="true" version="1" changeset="173425135" timestamp="2025-10-17T19:17:07Z" user="shinterro" uid="8562391" lat="33.7856660" lon="-84.3807840"/>
 <node id="13239619694" visible="true" version="1" changeset="173425135" timestamp="2025-10-17T19:17:07Z" user="shinterro" uid="8562391" lat="33.7856659" lon="-84.3808169"/>
 <node id="13239619695" visible="true" version="1" changeset="173425135" timestamp="2025-10-17T19:17:07Z" user="shinterro" uid="8562391" lat="33.7858292" lon="-84.3804065"/>
 <node id="13239619696" visible="true" version="1" changeset="173425135" timestamp="2025-10-17T19:17:07Z" user="shinterro" uid="8562391" lat="33.7858097" lon="-84.3803852"/>
 <node id="13239619697" visible="true" version="1" changeset="173425135" timestamp="2025-10-17T19:17:07Z" user="shinterro" uid="8562391" lat="33.7858107" lon="-84.3802930"/>
 <node id="13239619698" visible="true" version="1" changeset="173425135" timestamp="2025-10-17T19:17:07Z" user="shinterro" uid="8562391" lat="33.7858417" lon="-84.3802482"/>
 <node id="13239619699" visible="true" version="1" changeset="173425135" timestamp="2025-10-17T19:17:07Z" user="shinterro" uid="8562391" lat="33.7858548" lon="-84.3802484"/>
 <node id="13239619700" visible="true" version="1" changeset="173425135" timestamp="2025-10-17T19:17:07Z" user="shinterro" uid="8562391" lat="33.7858694" lon="-84.3802669"/>
 <node id="13239619701" visible="true" version="1" changeset="173425135" timestamp="2025-10-17T19:17:07Z" user="shinterro" uid="8562391" lat="33.7858690" lon="-84.3803027"/>
 <node id="13239619702" visible="true" version="1" changeset="173425135" timestamp="2025-10-17T19:17:07Z" user="shinterro" uid="8562391" lat="33.7858595" lon="-84.3803144"/>
 <node id="13239619703" visible="true" version="1" changeset="173425135" timestamp="2025-10-17T19:17:07Z" user="shinterro" uid="8562391" lat="33.7858593" lon="-84.3803322"/>
 <node id="13239619704" visible="true" version="1" changeset="173425135" timestamp="2025-10-17T19:17:07Z" user="shinterro" uid="8562391" lat="33.7858859" lon="-84.3803614"/>
 <node id="13239619705" visible="true" version="1" changeset="173425135" timestamp="2025-10-17T19:17:07Z" user="shinterro" uid="8562391" lat="33.7858854" lon="-84.3804073"/>
 <node id="13239619706" visible="true" version="1" changeset="173425135" timestamp="2025-10-17T19:17:07Z" user="shinterro" uid="8562391" lat="33.7854759" lon="-84.3804704"/>
 <node id="13239619707" visible="true" version="1" changeset="173425135" timestamp="2025-10-17T19:17:07Z" user="shinterro" uid="8562391" lat="33.7854725" lon="-84.3801431"/>
 <node id="13239619708" visible="true" version="1" changeset="173425135" timestamp="2025-10-17T19:17:07Z" user="shinterro" uid="8562391" lat="33.7854458" lon="-84.3799259"/>
 <node id="13239619709" visible="true" version="1" changeset="173425135" timestamp="2025-10-17T19:17:07Z" user="shinterro" uid="8562391" lat="33.7854452" lon="-84.3794498"/>
 <node id="13239619710" visible="true" version="1" changeset="173425135" timestamp="2025-10-17T19:17:07Z" user="shinterro" uid="8562391" lat="33.7854530" lon="-84.3793539"/>
 <node id="13239619711" visible="true" version="1" changeset="173425135" timestamp="2025-10-17T19:17:07Z" user="shinterro" uid="8562391" lat="33.7858359" lon="-84.3793626"/>
 <node id="13239619712" visible="true" version="1" changeset="173425135" timestamp="2025-10-17T19:17:07Z" user="shinterro" uid="8562391" lat="33.7858415" lon="-84.3794129"/>
 <node id="13239619713" visible="true" version="1" changeset="173425135" timestamp="2025-10-17T19:17:07Z" user="shinterro" uid="8562391" lat="33.7863954" lon="-84.3793693"/>
 <node id="13239619714" visible="true" version="1" changeset="173425135" timestamp="2025-10-17T19:17:07Z" user="shinterro" uid="8562391" lat="33.7864015" lon="-84.3804714"/>
 <node id="13239619716" visible="true" version="1" changeset="173425135" timestamp="2025-10-17T19:17:07Z" user="shinterro" uid="8562391" lat="33.7859701" lon="-84.3784611">
  <tag k="leisure" v="outdoor_seating"/>
 </node>
 <node id="13239619717" visible="true" version="1" changeset="173425135" timestamp="2025-10-17T19:17:07Z" user="shinterro" uid="8562391" lat="33.7859699" lon="-84.3784086">
  <tag k="leisure" v="outdoor_seating"/>
 </node>
 <node id="13239619718" visible="true" version="1" changeset="173425135" timestamp="2025-10-17T19:17:07Z" user="shinterro" uid="8562391" lat="33.7859698" lon="-84.3783561">
  <tag k="leisure" v="outdoor_seating"/>
 </node>
 <node id="13239619719" visible="true" version="1" changeset="173425135" timestamp="2025-10-17T19:17:07Z" user="shinterro" uid="8562391" lat="33.7855209" lon="-84.3789569"/>
 <node id="13239619720" visible="true" version="1" changeset="173425135" timestamp="2025-10-17T19:17:07Z" user="shinterro" uid="8562391" lat="33.7854955" lon="-84.3789280"/>
 <node id="13239619721" visible="true" version="1" changeset="173425135" timestamp="2025-10-17T19:17:07Z" user="shinterro" uid="8562391" lat="33.7854948" lon="-84.3788847"/>
 <node id="13239619722" visible="true" version="1" changeset="173425135" timestamp="2025-10-17T19:17:07Z" user="shinterro" uid="8562391" lat="33.7855204" lon="-84.3788541"/>
 <node id="13239619723" visible="true" version="1" changeset="173425135" timestamp="2025-10-17T19:17:07Z" user="shinterro" uid="8562391" lat="33.7855417" lon="-84.3789879"/>
 <node id="13239619724" visible="true" version="1" changeset="173425135" timestamp="2025-10-17T19:17:07Z" user="shinterro" uid="8562391" lat="33.7855413" lon="-84.3789603"/>
 <node id="13239619725" visible="true" version="1" changeset="173425135" timestamp="2025-10-17T19:17:07Z" user="shinterro" uid="8562391" lat="33.7855049" lon="-84.3789444"/>
 <node id="13239619726" visible="true" version="1" changeset="173425135" timestamp="2025-10-17T19:17:07Z" user="shinterro" uid="8562391" lat="33.7854915" lon="-84.3789076"/>
 <node id="13239619727" visible="true" version="1" changeset="173425135" timestamp="2025-10-17T19:17:07Z" user="shinterro" uid="8562391" lat="33.7855055" lon="-84.3788656"/>
 <node id="13239619728" visible="true" version="1" changeset="173425135" timestamp="2025-10-17T19:17:07Z" user="shinterro" uid="8562391" lat="33.7855377" lon="-84.3788502"/>
 <node id="13239619729" visible="true" version="1" changeset="173425135" timestamp="2025-10-17T19:17:07Z" user="shinterro" uid="8562391" lat="33.7855374" lon="-84.3788246"/>
 <node id="13239619730" visible="true" version="1" changeset="173425135" timestamp="2025-10-17T19:17:07Z" user="shinterro" uid="8562391" lat="33.7855643" lon="-84.3788241"/>
 <node id="13239619731" visible="true" version="1" changeset="173425135" timestamp="2025-10-17T19:17:07Z" user="shinterro" uid="8562391" lat="33.7855666" lon="-84.3789874"/>
 <node id="13239619732" visible="true" version="1" changeset="173425135" timestamp="2025-10-17T19:17:07Z" user="shinterro" uid="8562391" lat="33.7855567" lon="-84.3788617"/>
 <node id="13239619733" visible="true" version="1" changeset="173425135" timestamp="2025-10-17T19:17:07Z" user="shinterro" uid="8562391" lat="33.7855586" lon="-84.3789465"/>
 <node id="13239619734" visible="true" version="1" changeset="173425135" timestamp="2025-10-17T19:17:07Z" user="shinterro" uid="8562391" lat="33.7855438" lon="-84.3790119"/>
 <node id="13239619735" visible="true" version="1" changeset="173425135" timestamp="2025-10-17T19:17:07Z" user="shinterro" uid="8562391" lat="33.7855397" lon="-84.3787973"/>
 <node id="13239619736" visible="true" version="1" changeset="173425135" timestamp="2025-10-17T19:17:07Z" user="shinterro" uid="8562391" lat="33.7854897" lon="-84.3789876"/>
 <node id="13239619737" visible="true" version="1" changeset="173425135" timestamp="2025-10-17T19:17:07Z" user="shinterro" uid="8562391" lat="33.7854770" lon="-84.3789679"/>
 <node id="13239619738" visible="true" version="1" changeset="173425135" timestamp="2025-10-17T19:17:07Z" user="shinterro" uid="8562391" lat="33.7854664" lon="-84.3789403"/>
 <node id="13239619739" visible="true" version="1" changeset="173425135" timestamp="2025-10-17T19:17:07Z" user="shinterro" uid="8562391" lat="33.7854631" lon="-84.3789240"/>
 <node id="13239619740" visible="true" version="1" changeset="173425135" timestamp="2025-10-17T19:17:07Z" user="shinterro" uid="8562391" lat="33.7854619" lon="-84.3788962"/>
 <node id="13239619741" visible="true" version="1" changeset="173425135" timestamp="2025-10-17T19:17:07Z" user="shinterro" uid="8562391" lat="33.7854634" lon="-84.3788816"/>
 <node id="13239619742" visible="true" version="1" changeset="173425135" timestamp="2025-10-17T19:17:07Z" user="shinterro" uid="8562391" lat="33.7856152" lon="-84.3793540"/>
 <node id="13239619743" visible="true" version="1" changeset="173425135" timestamp="2025-10-17T19:17:07Z" user="shinterro" uid="8562391" lat="33.7857237" lon="-84.3786339"/>
 <node id="13239619744" visible="true" version="1" changeset="173425135" timestamp="2025-10-17T19:17:07Z" user="shinterro" uid="8562391" lat="33.7857232" lon="-84.3786096"/>
 <node id="13239619745" visible="true" version="1" changeset="173425135" timestamp="2025-10-17T19:17:07Z" user="shinterro" uid="8562391" lat="33.7856919" lon="-84.3786106"/>
 <node id="13239619746" visible="true" version="1" changeset="173425135" timestamp="2025-10-17T19:17:07Z" user="shinterro" uid="8562391" lat="33.7856923" lon="-84.3786254"/>
 <node id="13239619747" visible="true" version="1" changeset="173425135" timestamp="2025-10-17T19:17:07Z" user="shinterro" uid="8562391" lat="33.7856723" lon="-84.3786260"/>
 <node id="13239619748" visible="true" version="1" changeset="173425135" timestamp="2025-10-17T19:17:07Z" user="shinterro" uid="8562391" lat="33.7856720" lon="-84.3786131"/>
 <node id="13239619749" visible="true" version="1" changeset="173425135" timestamp="2025-10-17T19:17:07Z" user="shinterro" uid="8562391" lat="33.7856410" lon="-84.3786141"/>
 <node id="13239619750" visible="true" version="1" changeset="173425135" timestamp="2025-10-17T19:17:07Z" user="shinterro" uid="8562391" lat="33.7856415" lon="-84.3786375"/>
 <node id="13239619751" visible="true" version="1" changeset="173425135" timestamp="2025-10-17T19:17:07Z" user="shinterro" uid="8562391" lat="33.7855940" lon="-84.3784535"/>
 <node id="13239619752" visible="true" version="1" changeset="173425135" timestamp="2025-10-17T19:17:07Z" user="shinterro" uid="8562391" lat="33.7856678" lon="-84.3784513"/>
 <node id="13239619753" visible="true" version="1" changeset="173425135" timestamp="2025-10-17T19:17:07Z" user="shinterro" uid="8562391" lat="33.7856680" lon="-84.3784601"/>
 <node id="13239619754" visible="true" version="1" changeset="173425135" timestamp="2025-10-17T19:17:07Z" user="shinterro" uid="8562391" lat="33.7856900" lon="-84.3784594"/>
 <node id="13239619755" visible="true" version="1" changeset="173425135" timestamp="2025-10-17T19:17:07Z" user="shinterro" uid="8562391" lat="33.7856898" lon="-84.3784496"/>
 <node id="13239619756" visible="true" version="1" changeset="173425135" timestamp="2025-10-17T19:17:07Z" user="shinterro" uid="8562391" lat="33.7850340" lon="-84.3797877"/>
 <node id="13239619757" visible="true" version="1" changeset="173425135" timestamp="2025-10-17T19:17:07Z" user="shinterro" uid="8562391" lat="33.7850341" lon="-84.3798138"/>
 <node id="13239619758" visible="true" version="1" changeset="173425135" timestamp="2025-10-17T19:17:07Z" user="shinterro" uid="8562391" lat="33.7851029" lon="-84.3792645"/>
 <node id="13239619759" visible="true" version="1" changeset="173425135" timestamp="2025-10-17T19:17:07Z" user="shinterro" uid="8562391" lat="33.7851483" lon="-84.3792642"/>
 <node id="13239619760" visible="true" version="1" changeset="173425135" timestamp="2025-10-17T19:17:07Z" user="shinterro" uid="8562391" lat="33.7850233" lon="-84.3797878"/>
 <node id="13239619761" visible="true" version="1" changeset="173425135" timestamp="2025-10-17T19:17:07Z" user="shinterro" uid="8562391" lat="33.7850225" lon="-84.3795755"/>
 <node id="13239619762" visible="true" version="1" changeset="173425135" timestamp="2025-10-17T19:17:07Z" user="shinterro" uid="8562391" lat="33.7848933" lon="-84.3795762"/>
 <node id="13239619763" visible="true" version="1" changeset="173425135" timestamp="2025-10-17T19:17:07Z" user="shinterro" uid="8562391" lat="33.7848930" lon="-84.3794920"/>
 <node id="13239619764" visible="true" version="1" changeset="173425135" timestamp="2025-10-17T19:17:07Z" user="shinterro" uid="8562391" lat="33.7848830" lon="-84.3794921"/>
 <node id="13239619765" visible="true" version="1" changeset="173425135" timestamp="2025-10-17T19:17:07Z" user="shinterro" uid="8562391" lat="33.7848827" lon="-84.3794178"/>
 <node id="13239619766" visible="true" version="1" changeset="173425135" timestamp="2025-10-17T19:17:07Z" user="shinterro" uid="8562391" lat="33.7848919" lon="-84.3794177"/>
 <node id="13239619767" visible="true" version="1" changeset="173425135" timestamp="2025-10-17T19:17:07Z" user="shinterro" uid="8562391" lat="33.7848917" lon="-84.3793788"/>
 <node id="13239619768" visible="true" version="1" changeset="173425135" timestamp="2025-10-17T19:17:07Z" user="shinterro" uid="8562391" lat="33.7851033" lon="-84.3793776"/>
 <node id="13239619769" visible="true" version="1" changeset="173425135" timestamp="2025-10-17T19:17:07Z" user="shinterro" uid="8562391" lat="33.7851031" lon="-84.3793083"/>
 <node id="13239619770" visible="true" version="1" changeset="173425135" timestamp="2025-10-17T19:17:07Z" user="shinterro" uid="8562391" lat="33.7851485" lon="-84.3793081"/>
 <node id="13239619771" visible="true" version="1" changeset="173425135" timestamp="2025-10-17T19:17:07Z" user="shinterro" uid="8562391" lat="33.7851832" lon="-84.3793079"/>
 <node id="13239619772" visible="true" version="1" changeset="173425135" timestamp="2025-10-17T19:17:07Z" user="shinterro" uid="8562391" lat="33.7851833" lon="-84.3793256"/>
 <node id="13239619773" visible="true" version="1" changeset="173425135" timestamp="2025-10-17T19:17:07Z" user="shinterro" uid="8562391" lat="33.7851962" lon="-84.3793255"/>
 <node id="13239619774" visible="true" version="1" changeset="173425135" timestamp="2025-10-17T19:17:07Z" user="shinterro" uid="8562391" lat="33.7851965" lon="-84.3793831"/>
 <node id="13239619775" visible="true" version="1" changeset="173425135" timestamp="2025-10-17T19:17:07Z" user="shinterro" uid="8562391" lat="33.7852115" lon="-84.3793830"/>
 <node id="13239619776" visible="true" version="1" changeset="173425135" timestamp="2025-10-17T19:17:07Z" user="shinterro" uid="8562391" lat="33.7852116" lon="-84.3794201"/>
 <node id="13239619777" visible="true" version="1" changeset="173425135" timestamp="2025-10-17T19:17:07Z" user="shinterro" uid="8562391" lat="33.7852204" lon="-84.3794201"/>
 <node id="13239619779" visible="true" version="1" changeset="173425135" timestamp="2025-10-17T19:17:07Z" user="shinterro" uid="8562391" lat="33.7852206" lon="-84.3794614"/>
 <node id="13239619780" visible="true" version="1" changeset="173425135" timestamp="2025-10-17T19:17:07Z" user="shinterro" uid="8562391" lat="33.7852256" lon="-84.3794613"/>
 <node id="13239619781" visible="true" version="1" changeset="173425135" timestamp="2025-10-17T19:17:07Z" user="shinterro" uid="8562391" lat="33.7852257" lon="-84.3794902"/>
 <node id="13239619782" visible="true" version="1" changeset="173425135" timestamp="2025-10-17T19:17:07Z" user="shinterro" uid="8562391" lat="33.7852354" lon="-84.3794901"/>
 <node id="13239619783" visible="true" version="1" changeset="173425135" timestamp="2025-10-17T19:17:07Z" user="shinterro" uid="8562391" lat="33.7852357" lon="-84.3795823"/>
 <node id="13239619784" visible="true" version="1" changeset="173425135" timestamp="2025-10-17T19:17:07Z" user="shinterro" uid="8562391" lat="33.7852248" lon="-84.3795824"/>
 <node id="13239619786" visible="true" version="1" changeset="173425135" timestamp="2025-10-17T19:17:07Z" user="shinterro" uid="8562391" lat="33.7852251" lon="-84.3796539"/>
 <node id="13239619787" visible="true" version="1" changeset="173425135" timestamp="2025-10-17T19:17:07Z" user="shinterro" uid="8562391" lat="33.7852151" lon="-84.3796540"/>
 <node id="13239619788" visible="true" version="1" changeset="173425135" timestamp="2025-10-17T19:17:07Z" user="shinterro" uid="8562391" lat="33.7852155" lon="-84.3797476"/>
 <node id="13239619789" visible="true" version="1" changeset="173425135" timestamp="2025-10-17T19:17:07Z" user="shinterro" uid="8562391" lat="33.7851913" lon="-84.3797477"/>
 <node id="13239619791" visible="true" version="1" changeset="173425135" timestamp="2025-10-17T19:17:07Z" user="shinterro" uid="8562391" lat="33.7851914" lon="-84.3797788"/>
 <node id="13239619793" visible="true" version="1" changeset="173425135" timestamp="2025-10-17T19:17:07Z" user="shinterro" uid="8562391" lat="33.7851541" lon="-84.3797790"/>
 <node id="13239619794" visible="true" version="1" changeset="173425135" timestamp="2025-10-17T19:17:07Z" user="shinterro" uid="8562391" lat="33.7851542" lon="-84.3798131"/>
 <node id="13239619795" visible="true" version="1" changeset="173425135" timestamp="2025-10-17T19:17:07Z" user="shinterro" uid="8562391" lat="33.7851107" lon="-84.3798134"/>
 <node id="13241914624" visible="true" version="2" changeset="173473919" timestamp="2025-10-19T03:39:47Z" user="shinterro" uid="8562391" lat="33.7877166" lon="-84.3781460"/>
 <node id="13241914625" visible="true" version="2" changeset="173473919" timestamp="2025-10-19T03:39:47Z" user="shinterro" uid="8562391" lat="33.7876740" lon="-84.3780286"/>
 <node id="13241914739" visible="true" version="1" changeset="173471756" timestamp="2025-10-19T00:38:49Z" user="shinterro" uid="8562391" lat="33.7871160" lon="-84.3791284"/>
 <node id="13241914740" visible="true" version="1" changeset="173471756" timestamp="2025-10-19T00:38:49Z" user="shinterro" uid="8562391" lat="33.7870899" lon="-84.3797266"/>
 <node id="13241914751" visible="true" version="1" changeset="173471756" timestamp="2025-10-19T00:38:49Z" user="shinterro" uid="8562391" lat="33.7868383" lon="-84.3787180"/>
 <node id="13241914752" visible="true" version="1" changeset="173471756" timestamp="2025-10-19T00:38:49Z" user="shinterro" uid="8562391" lat="33.7868275" lon="-84.3787181"/>
 <node id="13241914753" visible="true" version="1" changeset="173471756" timestamp="2025-10-19T00:38:49Z" user="shinterro" uid="8562391" lat="33.7868282" lon="-84.3787926"/>
 <node id="13241914754" visible="true" version="1" changeset="173471756" timestamp="2025-10-19T00:38:49Z" user="shinterro" uid="8562391" lat="33.7868128" lon="-84.3788129"/>
 <node id="13241914755" visible="true" version="1" changeset="173471756" timestamp="2025-10-19T00:38:49Z" user="shinterro" uid="8562391" lat="33.7866945" lon="-84.3804861">
  <tag k="entrance" v="main"/>
 </node>
 <node id="13241914756" visible="true" version="1" changeset="173471756" timestamp="2025-10-19T00:38:49Z" user="shinterro" uid="8562391" lat="33.7866785" lon="-84.3804858"/>
 <node id="13241914757" visible="true" version="1" changeset="173471756" timestamp="2025-10-19T00:38:49Z" user="shinterro" uid="8562391" lat="33.7866329" lon="-84.3803729"/>
 <node id="13241914758" visible="true" version="1" changeset="173471756" timestamp="2025-10-19T00:38:49Z" user="shinterro" uid="8562391" lat="33.7866631" lon="-84.3803994"/>
 <node id="13241914759" visible="true" version="1" changeset="173471756" timestamp="2025-10-19T00:38:49Z" user="shinterro" uid="8562391" lat="33.7866705" lon="-84.3804106"/>
 <node id="13241914760" visible="true" version="1" changeset="173471756" timestamp="2025-10-19T00:38:49Z" user="shinterro" uid="8562391" lat="33.7866785" lon="-84.3804352"/>
 <node id="13241914761" visible="true" version="1" changeset="173471756" timestamp="2025-10-19T00:38:49Z" user="shinterro" uid="8562391" lat="33.7866785" lon="-84.3805371"/>
 <node id="13241914762" visible="true" version="1" changeset="173471756" timestamp="2025-10-19T00:38:49Z" user="shinterro" uid="8562391" lat="33.7866730" lon="-84.3805603"/>
 <node id="13241914763" visible="true" version="1" changeset="173471756" timestamp="2025-10-19T00:38:49Z" user="shinterro" uid="8562391" lat="33.7866658" lon="-84.3805735"/>
 <node id="13241914764" visible="true" version="1" changeset="173471756" timestamp="2025-10-19T00:38:49Z" user="shinterro" uid="8562391" lat="33.7866561" lon="-84.3805857"/>
 <node id="13241914765" visible="true" version="1" changeset="173471756" timestamp="2025-10-19T00:38:49Z" user="shinterro" uid="8562391" lat="33.7866410" lon="-84.3805977"/>
 <node id="13241914766" visible="true" version="1" changeset="173471756" timestamp="2025-10-19T00:38:49Z" user="shinterro" uid="8562391" lat="33.7866185" lon="-84.3806070"/>
 <node id="13241914767" visible="true" version="1" changeset="173471756" timestamp="2025-10-19T00:38:49Z" user="shinterro" uid="8562391" lat="33.7866649" lon="-84.3805368"/>
 <node id="13241914768" visible="true" version="1" changeset="173471756" timestamp="2025-10-19T00:38:49Z" user="shinterro" uid="8562391" lat="33.7866663" lon="-84.3805284"/>
 <node id="13241914769" visible="true" version="1" changeset="173471756" timestamp="2025-10-19T00:38:49Z" user="shinterro" uid="8562391" lat="33.7866633" lon="-84.3804325"/>
 <node id="13241914770" visible="true" version="1" changeset="173471756" timestamp="2025-10-19T00:38:49Z" user="shinterro" uid="8562391" lat="33.7866596" lon="-84.3804228"/>
 <node id="13241914771" visible="true" version="1" changeset="173471756" timestamp="2025-10-19T00:38:49Z" user="shinterro" uid="8562391" lat="33.7866479" lon="-84.3803831"/>
 <node id="13241914772" visible="true" version="1" changeset="173471756" timestamp="2025-10-19T00:38:49Z" user="shinterro" uid="8562391" lat="33.7866122" lon="-84.3803651"/>
 <node id="13241914773" visible="true" version="1" changeset="173471756" timestamp="2025-10-19T00:38:49Z" user="shinterro" uid="8562391" lat="33.7867175" lon="-84.3809574">
  <tag k="barrier" v="gate"/>
 </node>
 <node id="13241914774" visible="true" version="1" changeset="173471756" timestamp="2025-10-19T00:38:49Z" user="shinterro" uid="8562391" lat="33.7873880" lon="-84.3800332"/>
 <node id="13241914775" visible="true" version="1" changeset="173471756" timestamp="2025-10-19T00:38:49Z" user="shinterro" uid="8562391" lat="33.7873874" lon="-84.3809357"/>
 <node id="13241914776" visible="true" version="1" changeset="173471756" timestamp="2025-10-19T00:38:49Z" user="shinterro" uid="8562391" lat="33.7866245" lon="-84.3801002"/>
 <node id="13241914777" visible="true" version="1" changeset="173471756" timestamp="2025-10-19T00:38:49Z" user="shinterro" uid="8562391" lat="33.7866568" lon="-84.3800385"/>
 <node id="13241914778" visible="true" version="1" changeset="173471756" timestamp="2025-10-19T00:38:49Z" user="shinterro" uid="8562391" lat="33.7866381" lon="-84.3800670"/>
 <node id="13241914779" visible="true" version="1" changeset="173471756" timestamp="2025-10-19T00:38:49Z" user="shinterro" uid="8562391" lat="33.7866572" lon="-84.3809463"/>
 <node id="13241914780" visible="true" version="1" changeset="173471756" timestamp="2025-10-19T00:38:49Z" user="shinterro" uid="8562391" lat="33.7866094" lon="-84.3808845"/>
 <node id="13241914781" visible="true" version="1" changeset="173471756" timestamp="2025-10-19T00:38:49Z" user="shinterro" uid="8562391" lat="33.7866290" lon="-84.3809218"/>
 <node id="13241914793" visible="true" version="1" changeset="173471756" timestamp="2025-10-19T00:38:49Z" user="shinterro" uid="8562391" lat="33.7866947" lon="-84.3803988"/>
 <node id="13241914794" visible="true" version="1" changeset="173471756" timestamp="2025-10-19T00:38:49Z" user="shinterro" uid="8562391" lat="33.7866944" lon="-84.3805716"/>
 <node id="13241914795" visible="true" version="1" changeset="173471756" timestamp="2025-10-19T00:38:49Z" user="shinterro" uid="8562391" lat="33.7867069" lon="-84.3803109"/>
 <node id="13241914796" visible="true" version="1" changeset="173471756" timestamp="2025-10-19T00:38:49Z" user="shinterro" uid="8562391" lat="33.7867067" lon="-84.3803989"/>
 <node id="13241914797" visible="true" version="1" changeset="173471756" timestamp="2025-10-19T00:38:49Z" user="shinterro" uid="8562391" lat="33.7867067" lon="-84.3805716"/>
 <node id="13241914798" visible="true" version="1" changeset="173471756" timestamp="2025-10-19T00:38:49Z" user="shinterro" uid="8562391" lat="33.7867066" lon="-84.3806603"/>
 <node id="13241914799" visible="true" version="1" changeset="173471756" timestamp="2025-10-19T00:38:49Z" user="shinterro" uid="8562391" lat="33.7868053" lon="-84.3806835"/>
 <node id="13241914800" visible="true" version="1" changeset="173471756" timestamp="2025-10-19T00:38:49Z" user="shinterro" uid="8562391" lat="33.7868053" lon="-84.3806605"/>
 <node id="13241914801" visible="true" version="1" changeset="173471756" timestamp="2025-10-19T00:38:49Z" user="shinterro" uid="8562391" lat="33.7867259" lon="-84.3805717"/>
 <node id="13241914802" visible="true" version="1" changeset="173471756" timestamp="2025-10-19T00:38:49Z" user="shinterro" uid="8562391" lat="33.7867160" lon="-84.3805716"/>
 <node id="13241914803" visible="true" version="1" changeset="173471756" timestamp="2025-10-19T00:38:49Z" user="shinterro" uid="8562391" lat="33.7867163" lon="-84.3803989"/>
 <node id="13241914804" visible="true" version="1" changeset="173471756" timestamp="2025-10-19T00:38:49Z" user="shinterro" uid="8562391" lat="33.7867251" lon="-84.3803989"/>
 <node id="13241914805" visible="true" version="1" changeset="173471756" timestamp="2025-10-19T00:38:49Z" user="shinterro" uid="8562391" lat="33.7868026" lon="-84.3803112"/>
 <node id="13241914806" visible="true" version="1" changeset="173471756" timestamp="2025-10-19T00:38:49Z" user="shinterro" uid="8562391" lat="33.7868027" lon="-84.3802860"/>
 <node id="13241914807" visible="true" version="1" changeset="173471756" timestamp="2025-10-19T00:38:49Z" user="shinterro" uid="8562391" lat="33.7869259" lon="-84.3800255"/>
 <node id="13241914808" visible="true" version="1" changeset="173471756" timestamp="2025-10-19T00:38:49Z" user="shinterro" uid="8562391" lat="33.7869258" lon="-84.3800510"/>
 <node id="13241914809" visible="true" version="1" changeset="173471756" timestamp="2025-10-19T00:38:49Z" user="shinterro" uid="8562391" lat="33.7869845" lon="-84.3800512"/>
 <node id="13241914810" visible="true" version="1" changeset="173471756" timestamp="2025-10-19T00:38:49Z" user="shinterro" uid="8562391" lat="33.7869845" lon="-84.3800256"/>
 <node id="13241914811" visible="true" version="1" changeset="173471756" timestamp="2025-10-19T00:38:49Z" user="shinterro" uid="8562391" lat="33.7870606" lon="-84.3800258"/>
 <node id="13241914812" visible="true" version="1" changeset="173471756" timestamp="2025-10-19T00:38:49Z" user="shinterro" uid="8562391" lat="33.7870605" lon="-84.3800552"/>
 <node id="13241914813" visible="true" version="1" changeset="173471756" timestamp="2025-10-19T00:38:49Z" user="shinterro" uid="8562391" lat="33.7871128" lon="-84.3800554"/>
 <node id="13241914814" visible="true" version="1" changeset="173471756" timestamp="2025-10-19T00:38:49Z" user="shinterro" uid="8562391" lat="33.7871128" lon="-84.3800260"/>
 <node id="13241914815" visible="true" version="1" changeset="173471756" timestamp="2025-10-19T00:38:49Z" user="shinterro" uid="8562391" lat="33.7873102" lon="-84.3800264"/>
 <node id="13241914816" visible="true" version="1" changeset="173471756" timestamp="2025-10-19T00:38:49Z" user="shinterro" uid="8562391" lat="33.7873098" lon="-84.3802817"/>
 <node id="13241914817" visible="true" version="1" changeset="173471756" timestamp="2025-10-19T00:38:49Z" user="shinterro" uid="8562391" lat="33.7872303" lon="-84.3802815"/>
 <node id="13241914818" visible="true" version="1" changeset="173471756" timestamp="2025-10-19T00:38:49Z" user="shinterro" uid="8562391" lat="33.7872302" lon="-84.3803103"/>
 <node id="13241914819" visible="true" version="1" changeset="173471756" timestamp="2025-10-19T00:38:49Z" user="shinterro" uid="8562391" lat="33.7873111" lon="-84.3803105"/>
 <node id="13241914820" visible="true" version="1" changeset="173471756" timestamp="2025-10-19T00:38:49Z" user="shinterro" uid="8562391" lat="33.7873105" lon="-84.3806582"/>
 <node id="13241914821" visible="true" version="1" changeset="173471756" timestamp="2025-10-19T00:38:49Z" user="shinterro" uid="8562391" lat="33.7872297" lon="-84.3806580"/>
 <node id="13241914822" visible="true" version="1" changeset="173471756" timestamp="2025-10-19T00:38:49Z" user="shinterro" uid="8562391" lat="33.7872297" lon="-84.3806889"/>
 <node id="13241914823" visible="true" version="1" changeset="173471756" timestamp="2025-10-19T00:38:49Z" user="shinterro" uid="8562391" lat="33.7873107" lon="-84.3806891"/>
 <node id="13241914824" visible="true" version="1" changeset="173471756" timestamp="2025-10-19T00:38:49Z" user="shinterro" uid="8562391" lat="33.7873103" lon="-84.3809364"/>
 <node id="13241914825" visible="true" version="1" changeset="173471756" timestamp="2025-10-19T00:38:49Z" user="shinterro" uid="8562391" lat="33.7866652" lon="-84.3804442"/>
 <node id="13241914826" visible="true" version="1" changeset="173471756" timestamp="2025-10-19T00:38:49Z" user="shinterro" uid="8562391" lat="33.7866628" lon="-84.3805451"/>
 <node id="13241914827" visible="true" version="1" changeset="173471756" timestamp="2025-10-19T00:38:49Z" user="shinterro" uid="8562391" lat="33.7867161" lon="-84.3806833"/>
 <node id="13241914828" visible="true" version="1" changeset="173471756" timestamp="2025-10-19T00:38:49Z" user="shinterro" uid="8562391" lat="33.7867257" lon="-84.3806833"/>
 <node id="13241914829" visible="true" version="1" changeset="173471756" timestamp="2025-10-19T00:38:49Z" user="shinterro" uid="8562391" lat="33.7867258" lon="-84.3806603"/>
 <node id="13241914830" visible="true" version="1" changeset="173471756" timestamp="2025-10-19T00:38:49Z" user="shinterro" uid="8562391" lat="33.7866829" lon="-84.3806602"/>
 <node id="13241914831" visible="true" version="1" changeset="173471756" timestamp="2025-10-19T00:38:49Z" user="shinterro" uid="8562391" lat="33.7866831" lon="-84.3805753"/>
 <node id="13241914832" visible="true" version="1" changeset="173471756" timestamp="2025-10-19T00:38:49Z" user="shinterro" uid="8562391" lat="33.7866823" lon="-84.3803973"/>
 <node id="13241914833" visible="true" version="1" changeset="173471756" timestamp="2025-10-19T00:38:49Z" user="shinterro" uid="8562391" lat="33.7866825" lon="-84.3803109"/>
 <node id="13241914834" visible="true" version="1" changeset="173471756" timestamp="2025-10-19T00:38:49Z" user="shinterro" uid="8562391" lat="33.7867253" lon="-84.3803110"/>
 <node id="13241914835" visible="true" version="1" changeset="173471756" timestamp="2025-10-19T00:38:49Z" user="shinterro" uid="8562391" lat="33.7867253" lon="-84.3802858"/>
 <node id="13241914836" visible="true" version="1" changeset="173471756" timestamp="2025-10-19T00:38:49Z" user="shinterro" uid="8562391" lat="33.7867161" lon="-84.3802858"/>
 <node id="13241914837" visible="true" version="1" changeset="173471756" timestamp="2025-10-19T00:38:49Z" user="shinterro" uid="8562391" lat="33.7873841" lon="-84.3801009"/>
 <node id="13241914838" visible="true" version="1" changeset="173471756" timestamp="2025-10-19T00:38:49Z" user="shinterro" uid="8562391" lat="33.7873829" lon="-84.3808827"/>
 <node id="13242266167" visible="true" version="1" changeset="173473919" timestamp="2025-10-19T03:39:47Z" user="shinterro" uid="8562391" lat="33.7866353" lon="-84.3785693">
  <tag k="amenity" v="fountain"/>
  <tag k="fountain" v="decorative"/>
  <tag k="material" v="concrete"/>
 </node>
 <node id="13309610059" visible="true" version="1" changeset="174749270" timestamp="2025-11-16T23:04:57Z" user="shinterro" uid="8562391" lat="33.7861091" lon="-84.3807651"/>
 <node id="13309610060" visible="true" version="1" changeset="174749270" timestamp="2025-11-16T23:04:57Z" user="shinterro" uid="8562391" lat="33.7861091" lon="-84.3807257"/>
 <node id="13309610061" visible="true" version="1" changeset="174749270" timestamp="2025-11-16T23:04:57Z" user="shinterro" uid="8562391" lat="33.7861012" lon="-84.3807257"/>
 <node id="13309610062" visible="true" version="1" changeset="174749270" timestamp="2025-11-16T23:04:57Z" user="shinterro" uid="8562391" lat="33.7861011" lon="-84.3806731"/>
 <node id="13309610063" visible="true" version="1" changeset="174749270" timestamp="2025-11-16T23:04:57Z" user="shinterro" uid="8562391" lat="33.7862266" lon="-84.3806727"/>
 <node id="13309610064" visible="true" version="1" changeset="174749270" timestamp="2025-11-16T23:04:57Z" user="shinterro" uid="8562391" lat="33.7862268" lon="-84.3807647"/>
 <node id="13309610065" visible="true" version="1" changeset="174749270" timestamp="2025-11-16T23:04:57Z" user="shinterro" uid="8562391" lat="33.7862329" lon="-84.3807881"/>
 <node id="13309610066" visible="true" version="1" changeset="174749270" timestamp="2025-11-16T23:04:57Z" user="shinterro" uid="8562391" lat="33.7862298" lon="-84.3806532"/>
 <node id="13309610067" visible="true" version="1" changeset="174749270" timestamp="2025-11-16T23:04:57Z" user="shinterro" uid="8562391" lat="33.7861149" lon="-84.3806504"/>
 <node id="13309610068" visible="true" version="1" changeset="174749270" timestamp="2025-11-16T23:04:57Z" user="shinterro" uid="8562391" lat="33.7861131" lon="-84.3807902"/>
 <node id="13309610069" visible="true" version="1" changeset="174749270" timestamp="2025-11-16T23:04:57Z" user="shinterro" uid="8562391" lat="33.7856678" lon="-84.3811469"/>
 <node id="13309610070" visible="true" version="1" changeset="174749270" timestamp="2025-11-16T23:04:57Z" user="shinterro" uid="8562391" lat="33.7856677" lon="-84.3810552"/>
 <node id="13309610071" visible="true" version="1" changeset="174749270" timestamp="2025-11-16T23:04:57Z" user="shinterro" uid="8562391" lat="33.7857932" lon="-84.3810550"/>
 <node id="13309610072" visible="true" version="1" changeset="174749270" timestamp="2025-11-16T23:04:57Z" user="shinterro" uid="8562391" lat="33.7857933" lon="-84.3811467"/>
 <node id="13309610073" visible="true" version="1" changeset="174749270" timestamp="2025-11-16T23:04:57Z" user="shinterro" uid="8562391" lat="33.7857826" lon="-84.3810349"/>
 <node id="13309610074" visible="true" version="1" changeset="174749270" timestamp="2025-11-16T23:04:57Z" user="shinterro" uid="8562391" lat="33.7856677" lon="-84.3810307"/>
 <node id="13309610075" visible="true" version="1" changeset="174749270" timestamp="2025-11-16T23:04:57Z" user="shinterro" uid="8562391" lat="33.7856662" lon="-84.3811712"/>
 <node id="13309610076" visible="true" version="1" changeset="174749270" timestamp="2025-11-16T23:04:57Z" user="shinterro" uid="8562391" lat="33.7857853" lon="-84.3811687"/>
 <node id="13312675264" visible="true" version="1" changeset="174800161" timestamp="2025-11-18T03:30:04Z" user="shinterro" uid="8562391" lat="33.7872094" lon="-84.3815926"/>
 <node id="13312675265" visible="true" version="1" changeset="174800161" timestamp="2025-11-18T03:30:04Z" user="shinterro" uid="8562391" lat="33.7868751" lon="-84.3819980"/>
 <node id="13336389441" visible="true" version="1" changeset="175203128" timestamp="2025-11-27T15:32:05Z" user="shinterro" uid="8562391" lat="33.7848912" lon="-84.3793370"/>
 <node id="13336389460" visible="true" version="1" changeset="175203128" timestamp="2025-11-27T15:32:05Z" user="shinterro" uid="8562391" lat="33.7863894" lon="-84.3820445"/>
 <node id="13336389461" visible="true" version="1" changeset="175203128" timestamp="2025-11-27T15:32:05Z" user="shinterro" uid="8562391" lat="33.7863979" lon="-84.3820304"/>
 <node id="13336389462" visible="true" version="1" changeset="175203128" timestamp="2025-11-27T15:32:05Z" user="shinterro" uid="8562391" lat="33.7864001" lon="-84.3822581"/>
 <node id="13336389463" visible="true" version="1" changeset="175203128" timestamp="2025-11-27T15:32:05Z" user="shinterro" uid="8562391" lat="33.7864121" lon="-84.3822686"/>
 <node id="13336389464" visible="true" version="1" changeset="175203128" timestamp="2025-11-27T15:32:05Z" user="shinterro" uid="8562391" lat="33.7864059" lon="-84.3822607"/>
 <node id="13336389465" visible="true" version="1" changeset="175203128" timestamp="2025-11-27T15:32:05Z" user="shinterro" uid="8562391" lat="33.7864058" lon="-84.3822468">
  <tag k="barrier" v="kerb"/>
  <tag k="kerb" v="lowered"/>
  <tag k="tactile_paving" v="yes"/>
 </node>
 <node id="13336389466" visible="true" version="1" changeset="175203128" timestamp="2025-11-27T15:32:05Z" user="shinterro" uid="8562391" lat="33.7865654" lon="-84.3822743">
  <tag k="barrier" v="kerb"/>
  <tag k="kerb" v="lowered"/>
  <tag k="tactile_paving" v="yes"/>
 </node>
 <node id="13336389467" visible="true" version="1" changeset="175203128" timestamp="2025-11-27T15:32:05Z" user="shinterro" uid="8562391" lat="33.7865152" lon="-84.3828917"/>
 <node id="13336389468" visible="true" version="1" changeset="175203128" timestamp="2025-11-27T15:32:05Z" user="shinterro" uid="8562391" lat="33.7866682" lon="-84.3821444"/>
 <node id="13336389469" visible="true" version="1" changeset="175203128" timestamp="2025-11-27T15:32:05Z" user="shinterro" uid="8562391" lat="33.7865878" lon="-84.3821454"/>
 <node id="13336389470" visible="true" version="1" changeset="175203128" timestamp="2025-11-27T15:32:05Z" user="shinterro" uid="8562391" lat="33.7866771" lon="-84.3822487">
  <tag k="leisure" v="outdoor_seating"/>
 </node>
 <node id="13336389471" visible="true" version="1" changeset="175203128" timestamp="2025-11-27T15:32:05Z" user="shinterro" uid="8562391" lat="33.7866574" lon="-84.3822762">
  <tag k="leisure" v="outdoor_seating"/>
 </node>
 <node id="13336389472" visible="true" version="1" changeset="175203128" timestamp="2025-11-27T15:32:05Z" user="shinterro" uid="8562391" lat="33.7866574" lon="-84.3823425">
  <tag k="leisure" v="outdoor_seating"/>
 </node>
 <node id="13336389473" visible="true" version="1" changeset="175203128" timestamp="2025-11-27T15:32:05Z" user="shinterro" uid="8562391" lat="33.7867206" lon="-84.3823194">
  <tag k="leisure" v="outdoor_seating"/>
 </node>
 <node id="13336389474" visible="true" version="1" changeset="175203128" timestamp="2025-11-27T15:32:05Z" user="shinterro" uid="8562391" lat="33.7867200" lon="-84.3823466">
  <tag k="leisure" v="outdoor_seating"/>
 </node>
 <node id="13336389475" visible="true" version="1" changeset="175203128" timestamp="2025-11-27T15:32:05Z" user="shinterro" uid="8562391" lat="33.7866387" lon="-84.3821826">
  <tag k="leisure" v="outdoor_seating"/>
 </node>
 <node id="13336389476" visible="true" version="1" changeset="175203128" timestamp="2025-11-27T15:32:05Z" user="shinterro" uid="8562391" lat="33.7866682" lon="-84.3821826">
  <tag k="leisure" v="outdoor_seating"/>
 </node>
 <node id="13336389477" visible="true" version="1" changeset="175203128" timestamp="2025-11-27T15:32:05Z" user="shinterro" uid="8562391" lat="33.7866565" lon="-84.3824854">
  <tag k="leisure" v="outdoor_seating"/>
 </node>
 <node id="13336389478" visible="true" version="1" changeset="175203128" timestamp="2025-11-27T15:32:05Z" user="shinterro" uid="8562391" lat="33.7866858" lon="-84.3824857">
  <tag k="leisure" v="outdoor_seating"/>
 </node>
 <node id="13336389479" visible="true" version="1" changeset="175203128" timestamp="2025-11-27T15:32:05Z" user="shinterro" uid="8562391" lat="33.7867074" lon="-84.3822366"/>
 <node id="13336389480" visible="true" version="1" changeset="175203128" timestamp="2025-11-27T15:32:05Z" user="shinterro" uid="8562391" lat="33.7866864" lon="-84.3823454"/>
 <node id="13336389481" visible="true" version="1" changeset="175203128" timestamp="2025-11-27T15:32:05Z" user="shinterro" uid="8562391" lat="33.7867074" lon="-84.3822247"/>
 <node id="13336389482" visible="true" version="1" changeset="175203128" timestamp="2025-11-27T15:32:05Z" user="shinterro" uid="8562391" lat="33.7866882" lon="-84.3823038">
  <tag k="natural" v="tree"/>
 </node>
 <node id="13336389483" visible="true" version="1" changeset="175203128" timestamp="2025-11-27T15:32:05Z" user="shinterro" uid="8562391" lat="33.7866586" lon="-84.3822514">
  <tag k="natural" v="tree"/>
 </node>
 <node id="13336389484" visible="true" version="1" changeset="175203128" timestamp="2025-11-27T15:32:05Z" user="shinterro" uid="8562391" lat="33.7866201" lon="-84.3822749"/>
 <node id="13336389485" visible="true" version="1" changeset="175203128" timestamp="2025-11-27T15:32:05Z" user="shinterro" uid="8562391" lat="33.7866108" lon="-84.3822748"/>
 <node id="13336389486" visible="true" version="1" changeset="175203128" timestamp="2025-11-27T15:32:05Z" user="shinterro" uid="8562391" lat="33.7866066" lon="-84.3825094">
  <tag k="natural" v="tree"/>
 </node>
 <node id="13336389487" visible="true" version="1" changeset="175203128" timestamp="2025-11-27T15:32:05Z" user="shinterro" uid="8562391" lat="33.7866059" lon="-84.3824081">
  <tag k="natural" v="tree"/>
 </node>
 <node id="13336389488" visible="true" version="1" changeset="175203128" timestamp="2025-11-27T15:32:05Z" user="shinterro" uid="8562391" lat="33.7866052" lon="-84.3823092">
  <tag k="natural" v="tree"/>
 </node>
 <node id="13336389489" visible="true" version="1" changeset="175203128" timestamp="2025-11-27T15:32:05Z" user="shinterro" uid="8562391" lat="33.7866048" lon="-84.3822448">
  <tag k="natural" v="tree"/>
 </node>
 <node id="13336389490" visible="true" version="1" changeset="175203128" timestamp="2025-11-27T15:32:05Z" user="shinterro" uid="8562391" lat="33.7866044" lon="-84.3821857">
  <tag k="natural" v="tree"/>
 </node>
 <node id="13336389491" visible="true" version="1" changeset="175203128" timestamp="2025-11-27T15:32:05Z" user="shinterro" uid="8562391" lat="33.7866039" lon="-84.3821140">
  <tag k="natural" v="tree"/>
 </node>
 <node id="13336389492" visible="true" version="1" changeset="175203128" timestamp="2025-11-27T15:32:05Z" user="shinterro" uid="8562391" lat="33.7866253" lon="-84.3822750"/>
 <node id="13336389493" visible="true" version="1" changeset="175203128" timestamp="2025-11-27T15:32:05Z" user="shinterro" uid="8562391" lat="33.7867074" lon="-84.3822150"/>
 <node id="13336389494" visible="true" version="1" changeset="175203128" timestamp="2025-11-27T15:32:05Z" user="shinterro" uid="8562391" lat="33.7867248" lon="-84.3822149"/>
 <node id="13336389495" visible="true" version="1" changeset="175203128" timestamp="2025-11-27T15:32:05Z" user="shinterro" uid="8562391" lat="33.7866251" lon="-84.3822155"/>
 <node id="13336389496" visible="true" version="1" changeset="175203128" timestamp="2025-11-27T15:32:05Z" user="shinterro" uid="8562391" lat="33.7866259" lon="-84.3824182"/>
 <node id="13336389497" visible="true" version="1" changeset="175203128" timestamp="2025-11-27T15:32:05Z" user="shinterro" uid="8562391" lat="33.7866255" lon="-84.3823103"/>
 <node id="13336389498" visible="true" version="1" changeset="175203128" timestamp="2025-11-27T15:32:05Z" user="shinterro" uid="8562391" lat="33.7866319" lon="-84.3823103"/>
 <node id="13336389499" visible="true" version="1" changeset="175203128" timestamp="2025-11-27T15:32:05Z" user="shinterro" uid="8562391" lat="33.7866471" lon="-84.3823102"/>
 <node id="13336389500" visible="true" version="1" changeset="175203128" timestamp="2025-11-27T15:32:05Z" user="shinterro" uid="8562391" lat="33.7866676" lon="-84.3823101"/>
 <node id="13336389501" visible="true" version="1" changeset="175203128" timestamp="2025-11-27T15:32:05Z" user="shinterro" uid="8562391" lat="33.7867075" lon="-84.3822621"/>
 <node id="13336389502" visible="true" version="1" changeset="175203128" timestamp="2025-11-27T15:32:05Z" user="shinterro" uid="8562391" lat="33.7866674" lon="-84.3822623"/>
 <node id="13336389503" visible="true" version="1" changeset="175203128" timestamp="2025-11-27T15:32:05Z" user="shinterro" uid="8562391" lat="33.7866677" lon="-84.3823455"/>
 <node id="13336389504" visible="true" version="1" changeset="175203128" timestamp="2025-11-27T15:32:05Z" user="shinterro" uid="8562391" lat="33.7867079" lon="-84.3823453"/>
 <node id="13336389505" visible="true" version="1" changeset="175203128" timestamp="2025-11-27T15:32:05Z" user="shinterro" uid="8562391" lat="33.7867077" lon="-84.3822887"/>
 <node id="13336389506" visible="true" version="1" changeset="175203128" timestamp="2025-11-27T15:32:05Z" user="shinterro" uid="8562391" lat="33.7867384" lon="-84.3822885"/>
 <node id="13336389507" visible="true" version="1" changeset="175203128" timestamp="2025-11-27T15:32:05Z" user="shinterro" uid="8562391" lat="33.7867507" lon="-84.3822885"/>
 <node id="13336389508" visible="true" version="1" changeset="175203128" timestamp="2025-11-27T15:32:05Z" user="shinterro" uid="8562391" lat="33.7867622" lon="-84.3822884"/>
 <node id="13336389509" visible="true" version="1" changeset="175203128" timestamp="2025-11-27T15:32:05Z" user="shinterro" uid="8562391" lat="33.7866602" lon="-84.3816497"/>
 <node id="13336389510" visible="true" version="1" changeset="175203128" timestamp="2025-11-27T15:32:05Z" user="shinterro" uid="8562391" lat="33.7866822" lon="-84.3815526"/>
 <node id="13336389511" visible="true" version="1" changeset="175203128" timestamp="2025-11-27T15:32:05Z" user="shinterro" uid="8562391" lat="33.7866138" lon="-84.3818538"/>
 <node id="13336389512" visible="true" version="1" changeset="175203128" timestamp="2025-11-27T15:32:05Z" user="shinterro" uid="8562391" lat="33.7866079" lon="-84.3818678"/>
 <node id="13336389513" visible="true" version="1" changeset="175203128" timestamp="2025-11-27T15:32:05Z" user="shinterro" uid="8562391" lat="33.7866334" lon="-84.3817122"/>
 <node id="13336389514" visible="true" version="1" changeset="175203128" timestamp="2025-11-27T15:32:05Z" user="shinterro" uid="8562391" lat="33.7865060" lon="-84.3827931"/>
 <node id="13699872407" visible="true" version="1" changeset="180741608" timestamp="2026-04-01T21:30:21Z" user="shinterro" uid="8562391" lat="33.7866428" lon="-84.3824361">
  <tag k="amenity" v="public_bookcase"/>
  <tag k="lit" v="no"/>
  <tag k="operator" v="Colony Square"/>
  <tag k="public_bookcase:type" v="wooden_cabinet"/>
 </node>
 <node id="13700001529" visible="true" version="1" changeset="180743186" timestamp="2026-04-01T22:39:37Z" user="shinterro" uid="8562391" lat="33.7865774" lon="-84.3779272">
  <tag k="historic" v="memorial"/>
  <tag k="material" v="bronze"/>
  <tag k="memorial" v="plaque"/>
  <tag k="name" v="Tenth Street School Memorial"/>
 </node>
 <node id="13700001530" visible="true" version="1" changeset="180743186" timestamp="2026-04-01T22:39:37Z" user="shinterro" uid="8562391" lat="33.7866686" lon="-84.3778589">
  <tag k="artist_name" v="Eino"/>
  <tag k="artwork_type" v="statue"/>
  <tag k="name" v="The Last Meter"/>
  <tag k="tourism" v="artwork"/>
 </node>
 <node id="13932175647" visible="true" version="1" changeset="184034643" timestamp="2026-06-12T22:03:56Z" user="adelriosantiago" uid="12908516" lat="33.7864775" lon="-84.3822638"/>
 <node id="13932175648" visible="true" version="1" changeset="184034643" timestamp="2026-06-12T22:03:56Z" user="adelriosantiago" uid="12908516" lat="33.7865342" lon="-84.3822722"/>
 <node id="13983811211" visible="true" version="1" changeset="184993338" timestamp="2026-07-02T18:35:04Z" user="ATLDOT - GIS Team" uid="24267288" lat="33.7864058" lon="-84.3822337"/>
 <node id="13983811212" visible="true" version="1" changeset="184993338" timestamp="2026-07-02T18:35:04Z" user="ATLDOT - GIS Team" uid="24267288" lat="33.7861888" lon="-84.3822372"/>
 <node id="13983811213" visible="true" version="1" changeset="184993338" timestamp="2026-07-02T18:35:04Z" user="ATLDOT - GIS Team" uid="24267288" lat="33.7857967" lon="-84.3822377"/>
 <node id="13983811214" visible="true" version="1" changeset="184993338" timestamp="2026-07-02T18:35:04Z" user="ATLDOT - GIS Team" uid="24267288" lat="33.7855466" lon="-84.3822354"/>
 <node id="13983811215" visible="true" version="1" changeset="184993338" timestamp="2026-07-02T18:35:04Z" user="ATLDOT - GIS Team" uid="24267288" lat="33.7854337" lon="-84.3822393"/>
 <node id="13983811216" visible="true" version="1" changeset="184993338" timestamp="2026-07-02T18:35:04Z" user="ATLDOT - GIS Team" uid="24267288" lat="33.7851277" lon="-84.3822497"/>
 <node id="13983811217" visible="true" version="1" changeset="184993338" timestamp="2026-07-02T18:35:04Z" user="ATLDOT - GIS Team" uid="24267288" lat="33.7847517" lon="-84.3822684"/>
 <node id="13983811218" visible="true" version="1" changeset="184993338" timestamp="2026-07-02T18:35:04Z" user="ATLDOT - GIS Team" uid="24267288" lat="33.7842955" lon="-84.3823089"/>
 <node id="13983811219" visible="true" version="1" changeset="184993338" timestamp="2026-07-02T18:35:04Z" user="ATLDOT - GIS Team" uid="24267288" lat="33.7842219" lon="-84.3823371"/>
 <node id="13983811220" visible="true" version="1" changeset="184993338" timestamp="2026-07-02T18:35:04Z" user="ATLDOT - GIS Team" uid="24267288" lat="33.7836504" lon="-84.3823682"/>
 <node id="13983811221" visible="true" version="1" changeset="184993338" timestamp="2026-07-02T18:35:04Z" user="ATLDOT - GIS Team" uid="24267288" lat="33.7830811" lon="-84.3824100"/>
 <node id="13983811222" visible="true" version="1" changeset="184993338" timestamp="2026-07-02T18:35:04Z" user="ATLDOT - GIS Team" uid="24267288" lat="33.7830279" lon="-84.3824131"/>
 <node id="13983811223" visible="true" version="1" changeset="184993338" timestamp="2026-07-02T18:35:04Z" user="ATLDOT - GIS Team" uid="24267288" lat="33.7829831" lon="-84.3824169"/>
 <node id="13983811224" visible="true" version="1" changeset="184993338" timestamp="2026-07-02T18:35:04Z" user="ATLDOT - GIS Team" uid="24267288" lat="33.7827592" lon="-84.3824358"/>
 <node id="13983811225" visible="true" version="1" changeset="184993338" timestamp="2026-07-02T18:35:04Z" user="ATLDOT - GIS Team" uid="24267288" lat="33.7823750" lon="-84.3824751"/>
 <node id="13983811226" visible="true" version="1" changeset="184993338" timestamp="2026-07-02T18:35:04Z" user="ATLDOT - GIS Team" uid="24267288" lat="33.7822411" lon="-84.3824908"/>
 <node id="13983811227" visible="true" version="1" changeset="184993338" timestamp="2026-07-02T18:35:04Z" user="ATLDOT - GIS Team" uid="24267288" lat="33.7818425" lon="-84.3825528"/>
 <node id="13983811228" visible="true" version="7" changeset="185616482" timestamp="2026-07-12T21:51:25Z" user="Cerras" uid="24292237" lat="33.7817477" lon="-84.3825679">
  <tag k="button_operated" v="yes"/>
  <tag k="crossing:signals" v="yes"/>
  <tag k="highway" v="crossing"/>
  <tag k="tactile_paving" v="yes"/>
  <tag k="traffic_signals:sound" v="no"/>
  <tag k="traffic_signals:vibration" v="no"/>
 </node>
 <node id="13983811229" visible="true" version="1" changeset="184993338" timestamp="2026-07-02T18:35:04Z" user="ATLDOT - GIS Team" uid="24267288" lat="33.7816472" lon="-84.3825709"/>
 <node id="13983811230" visible="true" version="1" changeset="184993338" timestamp="2026-07-02T18:35:04Z" user="ATLDOT - GIS Team" uid="24267288" lat="33.7811085" lon="-84.3826089"/>
 <node id="13983811231" visible="true" version="1" changeset="184993338" timestamp="2026-07-02T18:35:04Z" user="ATLDOT - GIS Team" uid="24267288" lat="33.7805942" lon="-84.3826362"/>
 <node id="13983811232" visible="true" version="1" changeset="184993338" timestamp="2026-07-02T18:35:04Z" user="ATLDOT - GIS Team" uid="24267288" lat="33.7798039" lon="-84.3826678"/>
 <node id="13983811233" visible="true" version="1" changeset="184993338" timestamp="2026-07-02T18:35:04Z" user="ATLDOT - GIS Team" uid="24267288" lat="33.7795962" lon="-84.3826807"/>
 <node id="13983811234" visible="true" version="1" changeset="184993338" timestamp="2026-07-02T18:35:04Z" user="ATLDOT - GIS Team" uid="24267288" lat="33.7795201" lon="-84.3826873"/>
 <node id="13983811235" visible="true" version="1" changeset="184993338" timestamp="2026-07-02T18:35:04Z" user="ATLDOT - GIS Team" uid="24267288" lat="33.7794914" lon="-84.3826909"/>
 <node id="13983811236" visible="true" version="1" changeset="184993338" timestamp="2026-07-02T18:35:04Z" user="ATLDOT - GIS Team" uid="24267288" lat="33.7791126" lon="-84.3827287"/>
 <node id="13983811237" visible="true" version="1" changeset="184993338" timestamp="2026-07-02T18:35:04Z" user="ATLDOT - GIS Team" uid="24267288" lat="33.7787732" lon="-84.3827631"/>
 <node id="13983811238" visible="true" version="1" changeset="184993338" timestamp="2026-07-02T18:35:04Z" user="ATLDOT - GIS Team" uid="24267288" lat="33.7784863" lon="-84.3827882"/>
 <node id="13983811239" visible="true" version="1" changeset="184993338" timestamp="2026-07-02T18:35:04Z" user="ATLDOT - GIS Team" uid="24267288" lat="33.7784309" lon="-84.3827965"/>
 <node id="13983811240" visible="true" version="1" changeset="184993338" timestamp="2026-07-02T18:35:04Z" user="ATLDOT - GIS Team" uid="24267288" lat="33.7783821" lon="-84.3828021"/>
 <node id="13983811241" visible="true" version="1" changeset="184993338" timestamp="2026-07-02T18:35:04Z" user="ATLDOT - GIS Team" uid="24267288" lat="33.7778056" lon="-84.3828563"/>
 <node id="13983811242" visible="true" version="1" changeset="184993338" timestamp="2026-07-02T18:35:04Z" user="ATLDOT - GIS Team" uid="24267288" lat="33.7773065" lon="-84.3829012"/>
 <node id="13983811243" visible="true" version="1" changeset="184993338" timestamp="2026-07-02T18:35:04Z" user="ATLDOT - GIS Team" uid="24267288" lat="33.7772639" lon="-84.3829044"/>
 <node id="13983811244" visible="true" version="1" changeset="184993338" timestamp="2026-07-02T18:35:04Z" user="ATLDOT - GIS Team" uid="24267288" lat="33.7772116" lon="-84.3829081"/>
 <node id="13983811245" visible="true" version="1" changeset="184993338" timestamp="2026-07-02T18:35:04Z" user="ATLDOT - GIS Team" uid="24267288" lat="33.7765812" lon="-84.3829598"/>
 <node id="13983811246" visible="true" version="1" changeset="184993338" timestamp="2026-07-02T18:35:04Z" user="ATLDOT - GIS Team" uid="24267288" lat="33.7763577" lon="-84.3829767"/>
 <node id="13983811247" visible="true" version="1" changeset="184993338" timestamp="2026-07-02T18:35:04Z" user="ATLDOT - GIS Team" uid="24267288" lat="33.7761215" lon="-84.3830088"/>
 <node id="13983811248" visible="true" version="1" changeset="184993338" timestamp="2026-07-02T18:35:04Z" user="ATLDOT - GIS Team" uid="24267288" lat="33.7760528" lon="-84.3830147"/>
 <node id="13983811249" visible="true" version="1" changeset="184993338" timestamp="2026-07-02T18:35:04Z" user="ATLDOT - GIS Team" uid="24267288" lat="33.7759918" lon="-84.3830194"/>
 <node id="13983811250" visible="true" version="1" changeset="184993338" timestamp="2026-07-02T18:35:04Z" user="ATLDOT - GIS Team" uid="24267288" lat="33.7748180" lon="-84.3831220"/>
 <node id="13983811251" visible="true" version="1" changeset="184993338" timestamp="2026-07-02T18:35:04Z" user="ATLDOT - GIS Team" uid="24267288" lat="33.7740594" lon="-84.3831956"/>
 <node id="13983811252" visible="true" version="1" changeset="184993338" timestamp="2026-07-02T18:35:04Z" user="ATLDOT - GIS Team" uid="24267288" lat="33.7736556" lon="-84.3832394"/>
 <node id="13983811253" visible="true" version="1" changeset="184993338" timestamp="2026-07-02T18:35:04Z" user="ATLDOT - GIS Team" uid="24267288" lat="33.7855052" lon="-84.3822369"/>
 <node id="13983811254" visible="true" version="1" changeset="184993338" timestamp="2026-07-02T18:35:04Z" user="ATLDOT - GIS Team" uid="24267288" lat="33.7857734" lon="-84.3822375">
  <tag k="highway" v="crossing"/>
 </node>
 <node id="13983811255" visible="true" version="6" changeset="185616482" timestamp="2026-07-12T21:53:38Z" user="Cerras" uid="24292237" lat="33.7806746" lon="-84.3826319">
  <tag k="button_operated" v="no"/>
  <tag k="crossing:signals" v="yes"/>
  <tag k="highway" v="crossing"/>
  <tag k="tactile_paving" v="yes"/>
  <tag k="traffic_signals:sound" v="no"/>
  <tag k="traffic_signals:vibration" v="no"/>
 </node>
 <node id="13983811256" visible="true" version="1" changeset="184993338" timestamp="2026-07-02T18:35:04Z" user="ATLDOT - GIS Team" uid="24267288" lat="33.7812466" lon="-84.3825991">
  <tag k="highway" v="crossing"/>
 </node>
 <node id="13983811257" visible="true" version="1" changeset="184993338" timestamp="2026-07-02T18:35:04Z" user="ATLDOT - GIS Team" uid="24267288" lat="33.7797421" lon="-84.3826716">
  <tag k="highway" v="crossing"/>
 </node>
 <node id="13983811258" visible="true" version="1" changeset="184993338" timestamp="2026-07-02T18:35:04Z" user="ATLDOT - GIS Team" uid="24267288" lat="33.7735986" lon="-84.3832452">
  <tag k="highway" v="crossing"/>
 </node>
 <node id="13983811260" visible="true" version="1" changeset="184993338" timestamp="2026-07-02T18:35:04Z" user="ATLDOT - GIS Team" uid="24267288" lat="33.7736186" lon="-84.3832432"/>
 <node id="14053858082" visible="true" version="1" changeset="186459429" timestamp="2026-07-27T14:01:45Z" user="SeriouslyUGuys" uid="652102" lat="33.7865757" lon="-84.3830326"/>
 <node id="14053858089" visible="true" version="1" changeset="186459429" timestamp="2026-07-27T14:01:45Z" user="SeriouslyUGuys" uid="652102" lat="33.7865139" lon="-84.3791279">
  <tag k="highway" v="crossing"/>
 </node>
 <node id="14053858090" visible="true" version="1" changeset="186459429" timestamp="2026-07-27T14:01:45Z" user="SeriouslyUGuys" uid="652102" lat="33.7865100" lon="-84.3801362">
  <tag k="highway" v="crossing"/>
 </node>
 <node id="14053858091" visible="true" version="1" changeset="186459429" timestamp="2026-07-27T14:01:45Z" user="SeriouslyUGuys" uid="652102" lat="33.7865073" lon="-84.3808243">
  <tag k="highway" v="crossing"/>
 </node>
 <node id="14053858092" visible="true" version="1" changeset="186459429" timestamp="2026-07-27T14:01:45Z" user="SeriouslyUGuys" uid="652102" lat="33.7865097" lon="-84.3810909">
  <tag k="highway" v="crossing"/>
 </node>
 <node id="14053858093" visible="true" version="1" changeset="186459429" timestamp="2026-07-27T14:01:45Z" user="SeriouslyUGuys" uid="652102" lat="33.7865131" lon="-84.3813787">
  <tag k="highway" v="crossing"/>
 </node>
 <node id="14053858094" visible="true" version="1" changeset="186459429" timestamp="2026-07-27T14:01:45Z" user="SeriouslyUGuys" uid="652102" lat="33.7865183" lon="-84.3818051"/>
 <node id="14053858095" visible="true" version="1" changeset="186459429" timestamp="2026-07-27T14:01:45Z" user="SeriouslyUGuys" uid="652102" lat="33.7865202" lon="-84.3819349">
  <tag k="highway" v="crossing"/>
 </node>
 <node id="14053858096" visible="true" version="1" changeset="186459429" timestamp="2026-07-27T14:01:45Z" user="SeriouslyUGuys" uid="652102" lat="33.7865213" lon="-84.3820099">
  <tag k="highway" v="crossing"/>
 </node>
 <node id="14053858097" visible="true" version="1" changeset="186459429" timestamp="2026-07-27T14:01:45Z" user="SeriouslyUGuys" uid="652102" lat="33.7865251" lon="-84.3822716"/>
 <way id="9247806" visible="true" version="16" changeset="171809790" timestamp="2025-09-12T03:21:24Z" user="shinterro" uid="8562391">
  <nd ref="69249210"/>
  <nd ref="3602660737"/>
  <tag k="highway" v="residential"/>
  <tag k="name" v="13th Street Northeast"/>
  <tag k="oneway" v="no"/>
  <tag k="surface" v="asphalt"/>
  <tag k="tiger:cfcc" v="A41"/>
  <tag k="tiger:county" v="Fulton, GA"/>
  <tag k="tiger:name_base" v="13th"/>
  <tag k="tiger:name_direction_suffix" v="NE"/>
  <tag k="tiger:name_type" v="St"/>
 </way>
 <way id="9252985" visible="true" version="10" changeset="186459429" timestamp="2026-07-27T14:01:45Z" user="SeriouslyUGuys" uid="652102">
  <nd ref="69315704"/>
  <nd ref="14053858089"/>
  <nd ref="5996570178"/>
  <nd ref="5424125832"/>
  <nd ref="13241914739"/>
  <nd ref="5424123711"/>
  <nd ref="5424123714"/>
  <nd ref="69315708"/>
  <tag k="highway" v="residential"/>
  <tag k="name" v="14th Place Northeast"/>
  <tag k="sidewalk:both" v="no"/>
  <tag k="surface" v="asphalt"/>
  <tag k="tiger:cfcc" v="A41"/>
  <tag k="tiger:county" v="Fulton, GA"/>
  <tag k="tiger:name_base" v="14th"/>
  <tag k="tiger:name_direction_suffix" v="NE"/>
  <tag k="tiger:name_type" v="Pl"/>
  <tag k="tiger:zip_left" v="30309"/>
  <tag k="tiger:zip_right" v="30309"/>
 </way>
 <way id="9272944" visible="true" version="28" changeset="185869636" timestamp="2026-07-16T21:13:51Z" user="ATLDOT - GIS Team" uid="24267288">
  <nd ref="5198748651"/>
  <nd ref="5674179651"/>
  <nd ref="5412021439"/>
  <nd ref="13239619624"/>
  <nd ref="5674181090"/>
  <nd ref="69249214"/>
  <tag k="cycleway:left" v="no"/>
  <tag k="cycleway:right" v="separate"/>
  <tag k="highway" v="secondary"/>
  <tag k="lanes" v="4"/>
  <tag k="maxspeed" v="30 mph"/>
  <tag k="name" v="Juniper Street Northeast"/>
  <tag k="oneway" v="yes"/>
  <tag k="sidewalk:both" v="separate"/>
  <tag k="source:maxspeed" v="sign"/>
  <tag k="surface" v="asphalt"/>
  <tag k="tiger:cfcc" v="A41"/>
  <tag k="tiger:county" v="Fulton, GA"/>
  <tag k="tiger:name_base" v="Juniper"/>
  <tag k="tiger:name_direction_suffix" v="NE"/>
  <tag k="tiger:name_type" v="St"/>
  <tag k="tiger:zip_left" v="30309"/>
  <tag k="tiger:zip_right" v="30309"/>
 </way>
 <way id="9272986" visible="true" version="26" changeset="177165397" timestamp="2026-01-13T06:51:52Z" user="Lumikeiju" uid="20996589">
  <nd ref="69589540"/>
  <nd ref="6003256662"/>
  <nd ref="2277885154"/>
  <nd ref="2277885178"/>
  <nd ref="5416547090"/>
  <nd ref="69589545"/>
  <nd ref="5416547087"/>
  <nd ref="69227192"/>
  <nd ref="9537493885"/>
  <nd ref="69589552"/>
  <nd ref="69589556"/>
  <nd ref="13230601407"/>
  <nd ref="69227188"/>
  <nd ref="69387097"/>
  <nd ref="9537493879"/>
  <nd ref="69589562"/>
  <nd ref="5416485179"/>
  <nd ref="69589565"/>
  <nd ref="5416416503"/>
  <nd ref="5416485183"/>
  <nd ref="69589569"/>
  <nd ref="6005931679"/>
  <nd ref="69387083"/>
  <nd ref="6005931685"/>
  <nd ref="1928236255"/>
  <nd ref="69589571"/>
  <nd ref="6702906081"/>
  <nd ref="69249230"/>
  <nd ref="69589572"/>
  <nd ref="5834678446"/>
  <nd ref="69589577"/>
  <tag k="highway" v="secondary"/>
  <tag k="lanes" v="3"/>
  <tag k="maxspeed" v="35 mph"/>
  <tag k="name" v="Piedmont Avenue Northeast"/>
  <tag k="oneway" v="yes"/>
  <tag k="sidewalk:both" v="separate"/>
  <tag k="surface" v="asphalt"/>
  <tag k="tiger:cfcc" v="A31"/>
  <tag k="tiger:county" v="Fulton, GA"/>
  <tag k="tiger:name_base" v="Piedmont"/>
  <tag k="tiger:name_base_1" v="State Route 237"/>
  <tag k="tiger:name_direction_suffix" v="NE"/>
  <tag k="tiger:name_type" v="Rd"/>
  <tag k="tiger:zip_left" v="30305"/>
  <tag k="tiger:zip_right" v="30305"/>
 </way>
 <way id="28977645" visible="true" version="23" changeset="176688331" timestamp="2025-12-31T22:48:50Z" user="adelriosantiago" uid="12908516">
  <nd ref="5674178518"/>
  <nd ref="9535944766"/>
  <nd ref="1573471353"/>
  <nd ref="69589586"/>
  <nd ref="1928236350"/>
  <nd ref="5424125374"/>
  <nd ref="69589594"/>
  <nd ref="5424125380"/>
  <nd ref="69589596"/>
  <nd ref="2349772852"/>
  <nd ref="69589600"/>
  <nd ref="13241914625"/>
  <nd ref="69589602"/>
  <nd ref="69589604"/>
  <nd ref="69233073"/>
  <tag k="highway" v="secondary"/>
  <tag k="lanes" v="4"/>
  <tag k="lanes:backward" v="2"/>
  <tag k="lanes:forward" v="2"/>
  <tag k="name" v="Piedmont Avenue Northeast"/>
  <tag k="oneway" v="no"/>
  <tag k="source" v="bing_imagery"/>
  <tag k="surface" v="asphalt"/>
  <tag k="tiger:cfcc" v="A31"/>
  <tag k="tiger:county" v="Fulton, GA"/>
  <tag k="tiger:name_base" v="Piedmont"/>
  <tag k="tiger:name_base_1" v="State Route 237"/>
  <tag k="tiger:name_direction_suffix" v="NE"/>
  <tag k="tiger:name_type" v="Rd"/>
  <tag k="tiger:zip_left" v="30305"/>
  <tag k="tiger:zip_right" v="30305"/>
  <tag k="turn:lanes:backward" v="right|right"/>
 </way>
 <way id="61491566" visible="true" version="10" changeset="185609995" timestamp="2026-07-12T19:26:50Z" user="Cerras" uid="24292237">
  <nd ref="767408386"/>
  <nd ref="1928236327"/>
  <nd ref="1595736562"/>
  <nd ref="767408433"/>
  <nd ref="1595736661"/>
  <nd ref="767408434"/>
  <nd ref="5674178517"/>
  <nd ref="9535944809"/>
  <nd ref="69421284"/>
  <tag k="bicycle" v="designated"/>
  <tag k="foot" v="designated"/>
  <tag k="highway" v="pedestrian"/>
  <tag k="noname" v="yes"/>
  <tag k="segregated" v="no"/>
  <tag k="source" v="bing_imagery"/>
  <tag k="surface" v="asphalt"/>
 </way>
 <way id="182466137" visible="true" version="3" changeset="140449249" timestamp="2023-08-27T12:55:36Z" user="Catadmirer" uid="20107238">
  <nd ref="1928236261"/>
  <nd ref="1928236262"/>
  <nd ref="1928236263"/>
  <nd ref="1928236264"/>
  <nd ref="1928236265"/>
  <nd ref="1928236266"/>
  <nd ref="1928236277"/>
  <nd ref="1928236279"/>
  <nd ref="1928236281"/>
  <nd ref="1928236283"/>
  <nd ref="1928236285"/>
  <nd ref="1928236286"/>
  <nd ref="1928236288"/>
  <nd ref="1928236290"/>
  <nd ref="1928236292"/>
  <nd ref="1928236294"/>
  <nd ref="1928236296"/>
  <nd ref="1928236298"/>
  <nd ref="1928236299"/>
  <nd ref="1928236300"/>
  <nd ref="1928236301"/>
  <nd ref="1928236302"/>
  <nd ref="1928236303"/>
  <nd ref="1928236304"/>
  <nd ref="1928236305"/>
  <nd ref="1928236306"/>
  <nd ref="1928236314"/>
  <nd ref="1595736807"/>
  <tag k="highway" v="footway"/>
  <tag k="source" v="bing_imagery"/>
  <tag k="surface" v="concrete"/>
 </way>
 <way id="182466139" visible="true" version="4" changeset="185609152" timestamp="2026-07-12T19:24:50Z" user="Cerras" uid="24292237">
  <nd ref="1928236308"/>
  <nd ref="1928236310"/>
  <nd ref="1928236311"/>
  <nd ref="1928236314"/>
  <tag k="highway" v="footway"/>
  <tag k="source" v="bing_imagery"/>
  <tag k="surface" v="concrete"/>
 </way>
 <way id="182466140" visible="true" version="4" changeset="185609152" timestamp="2026-07-12T19:24:03Z" user="Cerras" uid="24292237">
  <nd ref="1928236321"/>
  <nd ref="1928236316"/>
  <nd ref="1928236317"/>
  <nd ref="1928236323"/>
  <nd ref="1928236325"/>
  <nd ref="1928236328"/>
  <nd ref="1928236332"/>
  <tag k="highway" v="footway"/>
  <tag k="source" v="bing_imagery"/>
  <tag k="surface" v="concrete"/>
 </way>
 <way id="208357832" visible="true" version="22" changeset="167839707" timestamp="2025-06-19T18:15:44Z" user="alexwohlbruck" uid="12370548">
  <nd ref="2186577654"/>
  <nd ref="2186577645"/>
  <nd ref="2186577624"/>
  <nd ref="2186577611"/>
  <nd ref="2186577609"/>
  <nd ref="2186577603"/>
  <nd ref="2186577597"/>
  <nd ref="2186577588"/>
  <nd ref="2186577569"/>
  <nd ref="2186577566"/>
  <nd ref="12926353125"/>
  <nd ref="2186577552"/>
  <nd ref="69332053"/>
  <nd ref="406204408"/>
  <nd ref="1926466074"/>
  <nd ref="2186577526"/>
  <nd ref="2186577522"/>
  <nd ref="2186577516"/>
  <nd ref="2396912057"/>
  <nd ref="2396912030"/>
  <nd ref="2186577519"/>
  <nd ref="2186577513"/>
  <nd ref="2396912038"/>
  <nd ref="2396912024"/>
  <nd ref="2186577501"/>
  <nd ref="6011072577"/>
  <nd ref="2186577508"/>
  <nd ref="2186577533"/>
  <nd ref="2186577542"/>
  <nd ref="2186577548"/>
  <nd ref="2186577557"/>
  <nd ref="2186577562"/>
  <nd ref="2186577560"/>
  <nd ref="2186577555"/>
  <nd ref="2186577564"/>
  <nd ref="2186577572"/>
  <nd ref="2186577591"/>
  <nd ref="2186577594"/>
  <nd ref="2186577599"/>
  <nd ref="2186577601"/>
  <nd ref="2186577607"/>
  <nd ref="2349842465"/>
  <nd ref="2186577622"/>
  <nd ref="2186577620"/>
  <nd ref="2186577615"/>
  <nd ref="2349779046"/>
  <nd ref="2186577613"/>
  <nd ref="2349779050"/>
  <nd ref="2186577618"/>
  <nd ref="2349779048"/>
  <nd ref="2186577625"/>
  <nd ref="2186577626"/>
  <nd ref="2349797997"/>
  <nd ref="2186577627"/>
  <nd ref="2186577628"/>
  <nd ref="1926466176"/>
  <nd ref="1926466165"/>
  <nd ref="1926466163"/>
  <nd ref="1926466174"/>
  <nd ref="317776778"/>
  <nd ref="317776779"/>
  <nd ref="1926466193"/>
  <nd ref="1926601992"/>
  <nd ref="317776781"/>
  <nd ref="1926602020"/>
  <nd ref="1926466342"/>
  <nd ref="1926466355"/>
  <nd ref="1926466392"/>
  <nd ref="1926466395"/>
  <nd ref="1926466403"/>
  <nd ref="1926466411"/>
  <nd ref="1926466468"/>
  <nd ref="1595736804"/>
  <nd ref="317776782"/>
  <nd ref="1926466497"/>
  <nd ref="1926466501"/>
  <nd ref="1926466506"/>
  <nd ref="1926466511"/>
  <nd ref="1595736347"/>
  <nd ref="1926466518"/>
  <nd ref="317776783"/>
  <nd ref="11867917026"/>
  <nd ref="1926466515"/>
  <nd ref="317776784"/>
  <nd ref="2186577700"/>
  <nd ref="2186577696"/>
  <nd ref="2186577694"/>
  <nd ref="2186577698"/>
  <nd ref="2186577704"/>
  <nd ref="2186577706"/>
  <nd ref="2186577710"/>
  <nd ref="2186577712"/>
  <nd ref="2186577714"/>
  <nd ref="2186577716"/>
  <nd ref="12926353195"/>
  <nd ref="2351725683"/>
  <nd ref="2351725681"/>
  <nd ref="2351728394"/>
  <nd ref="2351728406"/>
  <nd ref="2351728399"/>
  <nd ref="2351728372"/>
  <nd ref="2351728373"/>
  <nd ref="2351728393"/>
  <nd ref="2351728388"/>
  <nd ref="2351728384"/>
  <nd ref="2351728392"/>
  <nd ref="2186577708"/>
  <nd ref="2186577691"/>
  <nd ref="2186577682"/>
  <nd ref="2186577671"/>
  <nd ref="2186577669"/>
  <nd ref="2186577658"/>
  <nd ref="2186577654"/>
  <tag k="addr:city" v="Atlanta"/>
  <tag k="addr:housenumber" v="1320"/>
  <tag k="addr:postcode" v="30306"/>
  <tag k="addr:state" v="GA"/>
  <tag k="addr:street" v="Monroe Drive NE"/>
  <tag k="LandPro08:reviewed" v="no"/>
  <tag k="leisure" v="park"/>
  <tag k="name" v="Piedmont Park"/>
  <tag k="name:en" v="Piedmont Park"/>
  <tag k="source" v="LandPro08"/>
  <tag k="wikidata" v="Q3363884"/>
  <tag k="wikipedia" v="en:Piedmont Park"/>
 </way>
 <way id="226820766" visible="true" version="9" changeset="180071455" timestamp="2026-03-18T17:25:34Z" user="shinterro" uid="8562391">
  <nd ref="2355558352"/>
  <nd ref="2355558353"/>
  <nd ref="2355558354"/>
  <nd ref="2355558355"/>
  <nd ref="2355558352"/>
  <tag k="addr:city" v="Atlanta"/>
  <tag k="addr:housenumber" v="1144"/>
  <tag k="addr:postcode" v="30309"/>
  <tag k="addr:street" v="Piedmont Avenue Northeast"/>
  <tag k="amenity" v="restaurant"/>
  <tag k="building" v="retail"/>
  <tag k="building:levels" v="1"/>
  <tag k="check_date" v="2026-03-18"/>
  <tag k="cuisine" v="american"/>
  <tag k="email" v="info@thenookatlanta.com"/>
  <tag k="internet_access" v="no"/>
  <tag k="name" v="The Nook"/>
  <tag k="opening_hours" v="Mo-We 11:00-24:00; Th-Fr 11:00-01:00; Sa-Su 10:00-24:00"/>
  <tag k="outdoor_seating" v="yes"/>
  <tag k="payment:cash" v="yes"/>
  <tag k="payment:credit_cards" v="yes"/>
  <tag k="payment:debit_cards" v="yes"/>
  <tag k="phone" v="+1-404-745-9222"/>
  <tag k="smoking" v="no"/>
  <tag k="website" v="https://www.thenookatlanta.com/"/>
  <tag k="wheelchair" v="limited"/>
 </way>
 <way id="234933263" visible="true" version="4" changeset="173299277" timestamp="2025-10-15T02:49:39Z" user="shinterro" uid="8562391">
  <nd ref="2430535719"/>
  <nd ref="2430535701"/>
  <nd ref="2430535685"/>
  <nd ref="2430535711"/>
  <nd ref="13233862522"/>
  <nd ref="13233862521"/>
  <nd ref="13233862523"/>
  <nd ref="13233862524"/>
  <nd ref="13233862525"/>
  <nd ref="13233862534"/>
  <nd ref="8238636195"/>
  <nd ref="13233862533"/>
  <nd ref="13233862532"/>
  <nd ref="13233862531"/>
  <nd ref="2430535719"/>
  <tag k="amenity" v="parking"/>
  <tag k="building:levels" v="8"/>
  <tag k="building:part" v="parking"/>
  <tag k="parking" v="multi-storey"/>
  <tag k="source" v="bing_imagery"/>
 </way>
 <way id="234933267" visible="true" version="5" changeset="173299277" timestamp="2025-10-15T02:49:39Z" user="shinterro" uid="8562391">
  <nd ref="2430535685"/>
  <nd ref="2430535701"/>
  <nd ref="2430535719"/>
  <nd ref="2430535722"/>
  <nd ref="13233862473"/>
  <nd ref="13233862472"/>
  <nd ref="2430535698"/>
  <nd ref="13233862542"/>
  <nd ref="13233862541"/>
  <nd ref="13233862540"/>
  <nd ref="13233862539"/>
  <nd ref="13233862424"/>
  <nd ref="13233862538"/>
  <nd ref="13233862474"/>
  <nd ref="13233862537"/>
  <nd ref="10748418044"/>
  <nd ref="13233862536"/>
  <nd ref="13233862535"/>
  <nd ref="8238636194"/>
  <nd ref="13233862477"/>
  <nd ref="13233862478"/>
  <nd ref="2430535691"/>
  <nd ref="13233862479"/>
  <nd ref="13233862480"/>
  <nd ref="13233862481"/>
  <nd ref="13233862482"/>
  <nd ref="13233862483"/>
  <nd ref="13233862484"/>
  <nd ref="13233862485"/>
  <nd ref="13233862486"/>
  <nd ref="13233862487"/>
  <nd ref="13233862488"/>
  <nd ref="13233862489"/>
  <nd ref="13233862490"/>
  <nd ref="13233862491"/>
  <nd ref="13233862492"/>
  <nd ref="13233862493"/>
  <nd ref="13233862494"/>
  <nd ref="13233862495"/>
  <nd ref="13233862496"/>
  <nd ref="13233862497"/>
  <nd ref="13233862498"/>
  <nd ref="13233862499"/>
  <nd ref="2430535709"/>
  <nd ref="13233862500"/>
  <nd ref="13233862501"/>
  <nd ref="13233862502"/>
  <nd ref="13233862503"/>
  <nd ref="13233862504"/>
  <nd ref="2430535705"/>
  <nd ref="13233862505"/>
  <nd ref="13233862506"/>
  <nd ref="13233862507"/>
  <nd ref="13233862508"/>
  <nd ref="13233862509"/>
  <nd ref="13233862510"/>
  <nd ref="13233862511"/>
  <nd ref="13233862512"/>
  <nd ref="13233862513"/>
  <nd ref="13233862514"/>
  <nd ref="13233862515"/>
  <nd ref="13233862516"/>
  <nd ref="13233862517"/>
  <nd ref="13233862518"/>
  <nd ref="5834678448"/>
  <nd ref="13233862519"/>
  <nd ref="13233862520"/>
  <nd ref="2430535685"/>
  <tag k="addr:housenumber" v="1101"/>
  <tag k="addr:street" v="Juniper Street Northeast"/>
  <tag k="building" v="apartments"/>
  <tag k="building:levels" v="17"/>
  <tag k="building:year_built" v="1999"/>
  <tag k="height" v="71.4"/>
  <tag k="name" v="Park Central Condominiums"/>
  <tag k="pets_allowed" v="yes"/>
  <tag k="phone" v="+1 404-815-9338"/>
  <tag k="source" v="bing_imagery"/>
  <tag k="units" v="397"/>
  <tag k="website" v="https://www.parkcentralatlanta.com/"/>
 </way>
 <way id="256716603" visible="true" version="4" changeset="176108793" timestamp="2025-12-18T18:40:56Z" user="Aleks-Berlin" uid="85218">
  <nd ref="2623528194"/>
  <nd ref="13241914824"/>
  <nd ref="2623528200"/>
  <nd ref="5834678397"/>
  <nd ref="13241914827"/>
  <nd ref="13241914828"/>
  <nd ref="13241914829"/>
  <nd ref="13241914798"/>
  <nd ref="13241914830"/>
  <nd ref="13241914831"/>
  <nd ref="13241914762"/>
  <nd ref="13241914826"/>
  <nd ref="13241914767"/>
  <nd ref="13241914768"/>
  <nd ref="13241914825"/>
  <nd ref="13241914769"/>
  <nd ref="13241914770"/>
  <nd ref="13241914759"/>
  <nd ref="13241914832"/>
  <nd ref="13241914833"/>
  <nd ref="13241914795"/>
  <nd ref="13241914834"/>
  <nd ref="13241914835"/>
  <nd ref="13241914836"/>
  <nd ref="5834678395"/>
  <nd ref="2623528201"/>
  <nd ref="13241914807"/>
  <nd ref="13241914810"/>
  <nd ref="13241914811"/>
  <nd ref="13241914814"/>
  <nd ref="13241914815"/>
  <nd ref="2623528205"/>
  <nd ref="13241914837"/>
  <nd ref="13241914838"/>
  <nd ref="2623528194"/>
  <tag k="fixme" v="tags"/>
  <tag k="type" v="multipolygon"/>
 </way>
 <way id="269747038" visible="true" version="4" changeset="173473919" timestamp="2025-10-19T03:39:47Z" user="shinterro" uid="8562391">
  <nd ref="2748849865"/>
  <nd ref="13241914754"/>
  <nd ref="13241914753"/>
  <nd ref="13241914752"/>
  <nd ref="13241914751"/>
  <nd ref="2748849955"/>
  <nd ref="2748849925"/>
  <nd ref="2748849926"/>
  <nd ref="2748849905"/>
  <nd ref="2748849908"/>
  <nd ref="2748849932"/>
  <nd ref="2748849935"/>
  <nd ref="2748849917"/>
  <nd ref="2748849921"/>
  <nd ref="2748849928"/>
  <nd ref="2748849930"/>
  <nd ref="2748849915"/>
  <nd ref="2748849920"/>
  <nd ref="2748849933"/>
  <nd ref="2748849937"/>
  <nd ref="2748849912"/>
  <nd ref="2748849907"/>
  <nd ref="2748849899"/>
  <nd ref="2748849900"/>
  <nd ref="2748849886"/>
  <nd ref="2748849884"/>
  <nd ref="2748849873"/>
  <nd ref="2748849875"/>
  <nd ref="2748849863"/>
  <nd ref="2748849865"/>
  <tag k="addr:city" v="Atlanta"/>
  <tag k="addr:housenumber" v="272"/>
  <tag k="addr:postcode" v="30309"/>
  <tag k="addr:street" v="14th Street Northeast"/>
  <tag k="building" v="apartments"/>
  <tag k="building:levels" v="3"/>
  <tag k="building:material" v="brick"/>
  <tag k="building:units" v="33"/>
  <tag k="name" v="Parkview Condominiums"/>
 </way>
 <way id="269747361" visible="true" version="2" changeset="173252543" timestamp="2025-10-14T01:46:49Z" user="shinterro" uid="8562391">
  <nd ref="2748849597"/>
  <nd ref="2748849595"/>
  <nd ref="2748849576"/>
  <nd ref="2748849578"/>
  <nd ref="2748849584"/>
  <nd ref="13232006955"/>
  <nd ref="13232006956"/>
  <nd ref="2748849587"/>
  <nd ref="2748849581"/>
  <nd ref="2748849583"/>
  <nd ref="2748849597"/>
  <tag k="addr:city" v="Atlanta"/>
  <tag k="addr:housenumber" v="1116"/>
  <tag k="addr:postcode" v="30309"/>
  <tag k="addr:state" v="GA"/>
  <tag k="addr:street" v="Piedmont Avenue Northeast"/>
  <tag k="building" v="apartments"/>
 </way>
 <way id="269747459" visible="true" version="3" changeset="173471756" timestamp="2025-10-19T00:38:49Z" user="shinterro" uid="8562391">
  <nd ref="2749706067"/>
  <nd ref="13239616799"/>
  <nd ref="13239616798"/>
  <nd ref="2748849881"/>
  <nd ref="2749706067"/>
  <tag k="addr:city" v="Atlanta"/>
  <tag k="addr:housenumber" v="1161"/>
  <tag k="addr:postcode" v="30309"/>
  <tag k="addr:street" v="14th Place Northeast"/>
  <tag k="building" v="terrace"/>
  <tag k="building:levels" v="2"/>
 </way>
 <way id="269747490" visible="true" version="5" changeset="173425135" timestamp="2025-10-17T19:17:07Z" user="shinterro" uid="8562391">
  <nd ref="2748849723"/>
  <nd ref="2748849700"/>
  <nd ref="2748849696"/>
  <nd ref="2748849720"/>
  <nd ref="2748849719"/>
  <nd ref="2748849692"/>
  <nd ref="2748849691"/>
  <nd ref="2748849717"/>
  <nd ref="2748849714"/>
  <nd ref="2748849689"/>
  <nd ref="2748849687"/>
  <nd ref="2748849710"/>
  <nd ref="2748849707"/>
  <nd ref="2748849686"/>
  <nd ref="2748849685"/>
  <nd ref="2748849704"/>
  <nd ref="2748849702"/>
  <nd ref="2748849683"/>
  <nd ref="2748849682"/>
  <nd ref="2748849679"/>
  <nd ref="2748849697"/>
  <nd ref="2748849699"/>
  <nd ref="2748849680"/>
  <nd ref="2748849681"/>
  <nd ref="13239619755"/>
  <nd ref="13239619754"/>
  <nd ref="13239619753"/>
  <nd ref="13239619752"/>
  <nd ref="13239619751"/>
  <nd ref="2748849650"/>
  <nd ref="8238636193"/>
  <nd ref="2748849644"/>
  <nd ref="2748849635"/>
  <nd ref="13232006940"/>
  <nd ref="2748849630"/>
  <nd ref="2748849629"/>
  <nd ref="2748849625"/>
  <nd ref="2748849621"/>
  <nd ref="13239619741"/>
  <nd ref="13239619740"/>
  <nd ref="13239619739"/>
  <nd ref="13239619738"/>
  <nd ref="2748849623"/>
  <nd ref="13239619737"/>
  <nd ref="13239619736"/>
  <nd ref="13232006941"/>
  <nd ref="2748849637"/>
  <nd ref="2748849653"/>
  <nd ref="2748849649"/>
  <nd ref="13239619742"/>
  <nd ref="2748849666"/>
  <nd ref="2748849667"/>
  <nd ref="2748849677"/>
  <nd ref="2748849676"/>
  <nd ref="2748849715"/>
  <nd ref="2748849725"/>
  <nd ref="2748849723"/>
  <tag k="addr:city" v="Atlanta"/>
  <tag k="addr:housenumber" v="1130"/>
  <tag k="addr:postcode" v="30309"/>
  <tag k="addr:state" v="GA"/>
  <tag k="addr:street" v="Piedmont Avenue Northeast"/>
  <tag k="building" v="apartments"/>
  <tag k="building:levels" v="16"/>
  <tag k="building:units" v="127"/>
  <tag k="building:year_built" v="1988"/>
  <tag k="name" v="Ansley Above the Park"/>
 </way>
 <way id="269843407" visible="true" version="7" changeset="123625140" timestamp="2022-07-14T20:56:59Z" user="jScher" uid="10019160">
  <nd ref="2749710630"/>
  <nd ref="2749710617"/>
  <nd ref="2749710470"/>
  <nd ref="2749710496"/>
  <nd ref="2749710479"/>
  <nd ref="2749710518"/>
  <nd ref="2749710533"/>
  <nd ref="2749710582"/>
  <nd ref="5198748658"/>
  <nd ref="2749710618"/>
  <nd ref="5198748657"/>
  <nd ref="2749710643"/>
  <nd ref="5198748656"/>
  <nd ref="2749710695"/>
  <nd ref="5198748655"/>
  <nd ref="5198748664"/>
  <nd ref="5198748665"/>
  <nd ref="4842645344"/>
  <nd ref="5198748652"/>
  <nd ref="5198748654"/>
  <nd ref="5198748653"/>
  <nd ref="2749710630"/>
  <tag k="addr:city" v="Atlanta"/>
  <tag k="addr:housenumber" v="173"/>
  <tag k="addr:postcode" v="30309"/>
  <tag k="addr:street" v="14th Street Northeast"/>
  <tag k="building" v="office"/>
  <tag k="building:levels" v="20"/>
  <tag k="height" v="200"/>
  <tag k="name" v="The Campanile"/>
  <tag k="roof:shape" v="flat"/>
 </way>
 <way id="269843422" visible="true" version="2" changeset="173425135" timestamp="2025-10-17T19:17:07Z" user="shinterro" uid="8562391">
  <nd ref="2749710453"/>
  <nd ref="2749710493"/>
  <nd ref="2749710491"/>
  <nd ref="2749710452"/>
  <nd ref="2749710453"/>
  <tag k="addr:city" v="Atlanta"/>
  <tag k="addr:housenumber" v="194"/>
  <tag k="addr:postcode" v="30309"/>
  <tag k="addr:street" v="14th Street Northeast"/>
  <tag k="building" v="service"/>
 </way>
 <way id="269843433" visible="true" version="2" changeset="173425135" timestamp="2025-10-17T19:17:07Z" user="shinterro" uid="8562391">
  <nd ref="2749710482"/>
  <nd ref="2749710480"/>
  <nd ref="2749710604"/>
  <nd ref="2749710603"/>
  <nd ref="2749710628"/>
  <nd ref="2749710629"/>
  <nd ref="2749710579"/>
  <nd ref="2749710580"/>
  <nd ref="2749710558"/>
  <nd ref="2749710562"/>
  <nd ref="2749710477"/>
  <nd ref="2749710475"/>
  <nd ref="2749710482"/>
  <tag k="addr:city" v="Atlanta"/>
  <tag k="addr:housenumber" v="207"/>
  <tag k="addr:postcode" v="30309"/>
  <tag k="addr:street" v="14th Street Northeast"/>
  <tag k="building" v="detached"/>
 </way>
 <way id="269843436" visible="true" version="4" changeset="173425135" timestamp="2025-10-17T19:17:07Z" user="shinterro" uid="8562391">
  <nd ref="2749710634"/>
  <nd ref="13239619657"/>
  <nd ref="2749710691"/>
  <nd ref="2749710705"/>
  <nd ref="2749710703"/>
  <nd ref="2749710692"/>
  <nd ref="2749710639"/>
  <nd ref="2749710640"/>
  <nd ref="2749710678"/>
  <nd ref="2749710679"/>
  <nd ref="13239619656"/>
  <nd ref="2749710622"/>
  <nd ref="2749710621"/>
  <nd ref="2749710634"/>
  <tag k="addr:city" v="Atlanta"/>
  <tag k="addr:housenumber" v="209"/>
  <tag k="addr:postcode" v="30309"/>
  <tag k="addr:state" v="GA"/>
  <tag k="addr:street" v="14th Street Northeast"/>
  <tag k="building" v="residential"/>
  <tag k="building:levels" v="3"/>
  <tag k="name" v="Colony Park Citihomes I"/>
  <tag k="website" v="https://www.colonypark2.com/"/>
 </way>
 <way id="269843449" visible="true" version="4" changeset="175203128" timestamp="2025-11-27T15:32:05Z" user="shinterro" uid="8562391">
  <nd ref="2749710300"/>
  <nd ref="2749710255"/>
  <nd ref="2749710256"/>
  <nd ref="13336389441"/>
  <nd ref="2749710125"/>
  <nd ref="2749710128"/>
  <nd ref="13239619757"/>
  <nd ref="13239619795"/>
  <nd ref="13239619794"/>
  <nd ref="2749710302"/>
  <nd ref="13239619783"/>
  <nd ref="13239619782"/>
  <nd ref="2749710300"/>
  <tag k="addr:city" v="Atlanta"/>
  <tag k="addr:housenumber" v="275"/>
  <tag k="addr:postcode" v="30309"/>
  <tag k="addr:state" v="GA"/>
  <tag k="addr:street" v="13th Street Northeast"/>
  <tag k="building" v="apartments"/>
  <tag k="building:levels" v="1"/>
  <tag k="building:year_built" v="2005"/>
  <tag k="name" v="Parc Vue"/>
 </way>
 <way id="269843452" visible="true" version="4" changeset="173425135" timestamp="2025-10-17T19:17:07Z" user="shinterro" uid="8562391">
  <nd ref="2749710391"/>
  <nd ref="13239619640"/>
  <nd ref="2749710569"/>
  <nd ref="2749710606"/>
  <nd ref="2749710605"/>
  <nd ref="2749710499"/>
  <nd ref="2749710498"/>
  <nd ref="13239619639"/>
  <nd ref="2749710455"/>
  <nd ref="2749710456"/>
  <nd ref="2749710393"/>
  <nd ref="2749710369"/>
  <nd ref="2749710371"/>
  <nd ref="2749710391"/>
  <tag k="addr:city" v="Atlanta"/>
  <tag k="addr:housenumber" v="244"/>
  <tag k="addr:postcode" v="30309"/>
  <tag k="addr:state" v="GA"/>
  <tag k="addr:street" v="13th Street Northeast"/>
  <tag k="building" v="residential"/>
  <tag k="building:levels" v="3"/>
  <tag k="name" v="Colony Park Citihomes II"/>
  <tag k="website" v="https://www.colonypark2.com/"/>
 </way>
 <way id="269843455" visible="true" version="2" changeset="173425135" timestamp="2025-10-17T19:17:07Z" user="shinterro" uid="8562391">
  <nd ref="2749710687"/>
  <nd ref="2749710688"/>
  <nd ref="2749710626"/>
  <nd ref="2749710625"/>
  <nd ref="2749710687"/>
  <tag k="addr:city" v="Atlanta"/>
  <tag k="addr:housenumber" v="253"/>
  <tag k="addr:postcode" v="30309"/>
  <tag k="addr:street" v="14th Street Northeast"/>
  <tag k="building" v="apartments"/>
  <tag k="building:levels" v="3"/>
  <tag k="building:units" v="23"/>
  <tag k="building:year_built" v="1925"/>
  <tag k="name" v="Park Gate Apartments"/>
 </way>
 <way id="269843456" visible="true" version="2" changeset="173425135" timestamp="2025-10-17T19:17:07Z" user="shinterro" uid="8562391">
  <nd ref="2749710693"/>
  <nd ref="2749710694"/>
  <nd ref="2749710602"/>
  <nd ref="2749710601"/>
  <nd ref="2749710693"/>
  <tag k="addr:city" v="Atlanta"/>
  <tag k="addr:housenumber" v="259"/>
  <tag k="addr:postcode" v="30309"/>
  <tag k="addr:street" v="14th Street Northeast"/>
  <tag k="building" v="apartments"/>
  <tag k="building:levels" v="3"/>
  <tag k="building:units" v="26"/>
  <tag k="building:year_built" v="1940"/>
  <tag k="name" v="The Plaza"/>
 </way>
 <way id="269843635" visible="true" version="3" changeset="173471756" timestamp="2025-10-19T00:38:49Z" user="shinterro" uid="8562391">
  <nd ref="2749706065"/>
  <nd ref="13239619611"/>
  <nd ref="13239619610"/>
  <nd ref="2749710740"/>
  <nd ref="2749706065"/>
  <tag k="addr:city" v="Atlanta"/>
  <tag k="addr:housenumber" v="1160"/>
  <tag k="addr:postcode" v="30309"/>
  <tag k="addr:street" v="14th Place Northeast"/>
  <tag k="building" v="terrace"/>
  <tag k="building:levels" v="2"/>
 </way>
 <way id="290405874" visible="true" version="10" changeset="175595301" timestamp="2025-12-06T17:45:25Z" user="shinterro" uid="8562391">
  <nd ref="69421277"/>
  <nd ref="3602660757"/>
  <nd ref="69421281"/>
  <nd ref="13336389467"/>
  <nd ref="13336389514"/>
  <nd ref="5674179652"/>
  <nd ref="5198748651"/>
  <tag k="highway" v="secondary"/>
  <tag k="lanes" v="5"/>
  <tag k="lanes:backward" v="2"/>
  <tag k="lanes:forward" v="3"/>
  <tag k="name" v="14th Street Northeast"/>
  <tag k="sidewalk:both" v="separate"/>
  <tag k="surface" v="asphalt"/>
  <tag k="tiger:cfcc" v="A41"/>
  <tag k="tiger:county" v="Fulton, GA"/>
  <tag k="tiger:name_base" v="14th"/>
  <tag k="tiger:name_direction_suffix" v="NE"/>
  <tag k="tiger:name_type" v="St"/>
  <tag k="tiger:reviewed" v="no"/>
  <tag k="tiger:zip_left" v="30309"/>
  <tag k="tiger:zip_right" v="30309"/>
  <tag k="turn:lanes:backward" v="through|through;right"/>
  <tag k="turn:lanes:forward" v="through|through|right"/>
 </way>
 <way id="354587522" visible="true" version="11" changeset="171561157" timestamp="2025-09-06T21:55:57Z" user="shinterro" uid="8562391">
  <nd ref="69421277"/>
  <nd ref="3602660753"/>
  <nd ref="7415937421"/>
  <nd ref="69515870"/>
  <nd ref="3602660743"/>
  <nd ref="69249210"/>
  <nd ref="3602660735"/>
  <nd ref="7430645949"/>
  <nd ref="7477484616"/>
  <nd ref="13124096643"/>
  <nd ref="69515868"/>
  <nd ref="13124096629"/>
  <nd ref="69515865"/>
  <nd ref="4165941938"/>
  <nd ref="69387071"/>
  <nd ref="4165941942"/>
  <nd ref="69515861"/>
  <tag k="highway" v="secondary"/>
  <tag k="lanes" v="4"/>
  <tag k="maxspeed" v="25 mph"/>
  <tag k="name" v="Peachtree Street Northeast"/>
  <tag k="short_name" v="Peachtree Street"/>
  <tag k="sidewalk:both" v="separate"/>
  <tag k="surface" v="asphalt"/>
  <tag k="tiger:cfcc" v="A41"/>
  <tag k="tiger:county" v="Fulton, GA"/>
  <tag k="tiger:name_base" v="Peachtree"/>
  <tag k="tiger:name_type" v="St"/>
  <tag k="tiger:zip_left" v="30308"/>
 </way>
 <way id="354587528" visible="true" version="3" changeset="166654397" timestamp="2025-05-23T12:39:55Z" user="saraswathi89" uid="21759278">
  <nd ref="3602660751"/>
  <nd ref="3602660753"/>
  <nd ref="3602660756"/>
  <tag k="crossing" v="traffic_signals"/>
  <tag k="footway" v="crossing"/>
  <tag k="highway" v="footway"/>
 </way>
 <way id="354587529" visible="true" version="5" changeset="186459429" timestamp="2026-07-27T14:01:45Z" user="SeriouslyUGuys" uid="652102">
  <nd ref="12857480649"/>
  <nd ref="14053858082"/>
  <nd ref="3602660757"/>
  <nd ref="3602660751"/>
  <tag k="crossing" v="traffic_signals"/>
  <tag k="footway" v="crossing"/>
  <tag k="highway" v="footway"/>
  <tag k="surface" v="concrete"/>
 </way>
 <way id="354587535" visible="true" version="3" changeset="166654397" timestamp="2025-05-23T12:39:55Z" user="saraswathi89" uid="21759278">
  <nd ref="12857480651"/>
  <nd ref="3602660737"/>
  <nd ref="3602660741"/>
  <nd ref="3602660743"/>
  <nd ref="3602660742"/>
  <tag k="crossing" v="zebra"/>
  <tag k="footway" v="crossing"/>
  <tag k="highway" v="footway"/>
 </way>
 <way id="412845925" visible="true" version="5" changeset="184993338" timestamp="2026-07-02T18:35:04Z" user="ATLDOT - GIS Team" uid="24267288">
  <nd ref="4141755253"/>
  <nd ref="13983811253"/>
  <nd ref="5674181090"/>
  <nd ref="4141755254"/>
  <tag k="crossing" v="traffic_signals"/>
  <tag k="footway" v="crossing"/>
  <tag k="highway" v="footway"/>
 </way>
 <way id="412845926" visible="true" version="4" changeset="170902838" timestamp="2025-08-23T23:14:22Z" user="shinterro" uid="8562391">
  <nd ref="13093245596"/>
  <nd ref="5674181092"/>
  <nd ref="4141755256"/>
  <tag k="crossing" v="zebra"/>
  <tag k="footway" v="crossing"/>
  <tag k="highway" v="footway"/>
 </way>
 <way id="431441735" visible="true" version="8" changeset="175595301" timestamp="2025-12-06T17:45:25Z" user="shinterro" uid="8562391">
  <nd ref="4306377241"/>
  <nd ref="5834678394"/>
  <nd ref="69315704"/>
  <tag k="cycleway:left" v="lane"/>
  <tag k="cycleway:left:buffer" v="no"/>
  <tag k="highway" v="secondary"/>
  <tag k="lanes" v="3"/>
  <tag k="lanes:backward" v="2"/>
  <tag k="lanes:forward" v="1"/>
  <tag k="name" v="14th Street Northeast"/>
  <tag k="sidewalk:both" v="separate"/>
  <tag k="surface" v="asphalt"/>
 </way>
 <way id="431441736" visible="true" version="16" changeset="175203128" timestamp="2025-11-27T15:32:05Z" user="shinterro" uid="8562391">
  <nd ref="5198748651"/>
  <nd ref="12999959426"/>
  <nd ref="4338646193"/>
  <nd ref="5674179654"/>
  <nd ref="8482370936"/>
  <nd ref="4338646199"/>
  <nd ref="4338645785"/>
  <nd ref="12999959342"/>
  <nd ref="4338646192"/>
  <nd ref="5834678396"/>
  <nd ref="7258187491"/>
  <nd ref="13239619651"/>
  <nd ref="5853527365"/>
  <nd ref="4306377241"/>
  <tag k="cycleway:left" v="lane"/>
  <tag k="cycleway:left:buffer" v="no"/>
  <tag k="highway" v="secondary"/>
  <tag k="lanes" v="4"/>
  <tag k="lanes:backward" v="3"/>
  <tag k="lanes:forward" v="1"/>
  <tag k="name" v="14th Street Northeast"/>
  <tag k="sidewalk:both" v="separate"/>
  <tag k="surface" v="asphalt"/>
  <tag k="turn:lanes:backward" v="left|left|through"/>
  <tag k="turn:lanes:forward" v="through"/>
 </way>
 <way id="431441737" visible="true" version="10" changeset="186612504" timestamp="2026-07-29T21:41:36Z" user="adelriosantiago" uid="12908516">
  <nd ref="8481441836"/>
  <nd ref="9535944759"/>
  <nd ref="1573471346"/>
  <nd ref="5674178519"/>
  <nd ref="9535944762"/>
  <tag k="highway" v="secondary"/>
  <tag k="lanes" v="1"/>
  <tag k="name" v="14th Street Northeast"/>
  <tag k="oneway" v="yes"/>
  <tag k="sidewalk:left" v="separate"/>
  <tag k="sidewalk:right" v="yes"/>
  <tag k="surface" v="asphalt"/>
  <tag k="tiger:cfcc" v="A41"/>
  <tag k="tiger:county" v="Fulton, GA"/>
  <tag k="tiger:name_base" v="14th"/>
  <tag k="tiger:name_direction_suffix" v="NE"/>
  <tag k="tiger:name_type" v="St"/>
  <tag k="tiger:reviewed" v="no"/>
  <tag k="tiger:zip_left" v="30309"/>
  <tag k="tiger:zip_right" v="30309"/>
  <tag k="turn:lanes:forward" v="left"/>
 </way>
 <way id="431545106" visible="true" version="4" changeset="166497665" timestamp="2025-05-19T21:36:53Z" user="VLD277" uid="19857719">
  <nd ref="9535944803"/>
  <nd ref="9535944809"/>
  <nd ref="9535944804"/>
  <tag k="crossing" v="traffic_signals"/>
  <tag k="crossing:markings" v="surface:lines"/>
  <tag k="crossing:signals" v="yes"/>
  <tag k="footway" v="crossing"/>
  <tag k="highway" v="footway"/>
  <tag k="surface" v="paving_stones"/>
 </way>
 <way id="431545107" visible="true" version="4" changeset="166497665" timestamp="2025-05-19T21:36:53Z" user="VLD277" uid="19857719">
  <nd ref="9535944801"/>
  <nd ref="9535944756"/>
  <nd ref="9535944751"/>
  <nd ref="5674178519"/>
  <nd ref="9535944800"/>
  <tag k="crossing" v="traffic_signals"/>
  <tag k="crossing:markings" v="surface: lines"/>
  <tag k="crossing:signals" v="yes"/>
  <tag k="footway" v="crossing"/>
  <tag k="highway" v="footway"/>
  <tag k="surface" v="paving_stones"/>
 </way>
 <way id="431545109" visible="true" version="5" changeset="175203128" timestamp="2025-11-27T15:32:05Z" user="shinterro" uid="8562391">
  <nd ref="4307557045"/>
  <nd ref="5674179653"/>
  <nd ref="12999959443"/>
  <nd ref="12999959428"/>
  <nd ref="13336389469"/>
  <nd ref="4307557048"/>
  <tag k="footway" v="sidewalk"/>
  <tag k="highway" v="footway"/>
  <tag k="surface" v="concrete"/>
 </way>
 <way id="431545110" visible="true" version="7" changeset="186459429" timestamp="2026-07-27T14:01:45Z" user="SeriouslyUGuys" uid="652102">
  <nd ref="13932175647"/>
  <nd ref="5674179652"/>
  <nd ref="14053858097"/>
  <nd ref="13932175648"/>
  <tag k="crossing" v="traffic_signals"/>
  <tag k="footway" v="crossing"/>
  <tag k="highway" v="footway"/>
 </way>
 <way id="431571139" visible="true" version="3" changeset="177165397" timestamp="2026-01-13T06:51:52Z" user="Lumikeiju" uid="20996589">
  <nd ref="69589577"/>
  <nd ref="69589580"/>
  <nd ref="1573471363"/>
  <tag k="highway" v="secondary"/>
  <tag k="lanes" v="3"/>
  <tag k="name" v="Piedmont Avenue Northeast"/>
  <tag k="oneway" v="yes"/>
  <tag k="sidewalk:both" v="separate"/>
  <tag k="surface" v="asphalt"/>
  <tag k="tiger:cfcc" v="A31"/>
  <tag k="tiger:county" v="Fulton, GA"/>
  <tag k="tiger:name_base" v="Piedmont"/>
  <tag k="tiger:name_base_1" v="State Route 237"/>
  <tag k="tiger:name_direction_suffix" v="NE"/>
  <tag k="tiger:name_type" v="Rd"/>
  <tag k="tiger:zip_left" v="30305"/>
  <tag k="tiger:zip_right" v="30305"/>
  <tag k="turn:lanes" v="left|none|none"/>
 </way>
 <way id="432035109" visible="true" version="2" changeset="173425135" timestamp="2025-10-17T19:17:07Z" user="shinterro" uid="8562391">
  <nd ref="4312094737"/>
  <nd ref="4312094736"/>
  <nd ref="4312094735"/>
  <nd ref="4312094734"/>
  <nd ref="4312094733"/>
  <nd ref="4312094732"/>
  <nd ref="4312094731"/>
  <nd ref="4312094730"/>
  <nd ref="4312094729"/>
  <nd ref="4312094728"/>
  <nd ref="4312094724"/>
  <nd ref="4312094725"/>
  <nd ref="4312094723"/>
  <nd ref="4312094722"/>
  <nd ref="4312094721"/>
  <nd ref="4312094718"/>
  <nd ref="4312094716"/>
  <nd ref="4312094717"/>
  <nd ref="4312094715"/>
  <nd ref="4312094714"/>
  <nd ref="4312094713"/>
  <nd ref="4312094712"/>
  <nd ref="4312094710"/>
  <nd ref="4312094711"/>
  <nd ref="4312094720"/>
  <nd ref="4312094719"/>
  <nd ref="4312094727"/>
  <nd ref="4312094726"/>
  <nd ref="4312094737"/>
  <tag k="addr:city" v="Atlanta"/>
  <tag k="addr:housenumber" v="1156"/>
  <tag k="addr:postcode" v="30309"/>
  <tag k="addr:state" v="GA"/>
  <tag k="addr:street" v="Piedmont Avenue Northeast"/>
  <tag k="building" v="residential"/>
  <tag k="building:levels" v="3"/>
  <tag k="building:units" v="17"/>
  <tag k="building:year_built" v="1942"/>
  <tag k="name" v="Piedmont Hall Condominiums"/>
  <tag k="phone" v="+1 404-872-7958"/>
 </way>
 <way id="435974022" visible="true" version="3" changeset="173425135" timestamp="2025-10-17T19:17:07Z" user="shinterro" uid="8562391">
  <nd ref="5996570685"/>
  <nd ref="13239619633"/>
  <nd ref="4338645786"/>
  <nd ref="13239619637"/>
  <nd ref="4338645787"/>
  <nd ref="13239619636"/>
  <nd ref="4338645788"/>
  <nd ref="13239619635"/>
  <nd ref="4338646189"/>
  <nd ref="13239619634"/>
  <nd ref="4338646190"/>
  <nd ref="13239619632"/>
  <nd ref="5996570686"/>
  <tag k="highway" v="service"/>
  <tag k="oneway" v="yes"/>
  <tag k="service" v="driveway"/>
  <tag k="surface" v="paving_stones"/>
 </way>
 <way id="435974023" visible="true" version="6" changeset="168936012" timestamp="2025-07-14T21:04:48Z" user="shinterro" uid="8562391">
  <nd ref="12999959423"/>
  <nd ref="5674179653"/>
  <nd ref="4338646194"/>
  <tag k="highway" v="service"/>
  <tag k="oneway" v="yes"/>
  <tag k="service" v="driveway"/>
  <tag k="surface" v="concrete"/>
 </way>
 <way id="536728181" visible="true" version="3" changeset="174749270" timestamp="2025-11-16T23:04:57Z" user="shinterro" uid="8562391">
  <nd ref="5198685811"/>
  <nd ref="5198685812"/>
  <nd ref="5198685813"/>
  <nd ref="5198685814"/>
  <nd ref="5198685815"/>
  <nd ref="5198685816"/>
  <nd ref="5198685817"/>
  <nd ref="5198685818"/>
  <nd ref="5198685819"/>
  <nd ref="5198685820"/>
  <nd ref="5198686021"/>
  <nd ref="5198686022"/>
  <nd ref="5198686023"/>
  <nd ref="5198686024"/>
  <nd ref="5198686025"/>
  <nd ref="5198686026"/>
  <nd ref="5198686027"/>
  <nd ref="5198686028"/>
  <nd ref="5198686029"/>
  <nd ref="5198686030"/>
  <nd ref="5198685811"/>
  <tag k="addr:city" v="Atlanta"/>
  <tag k="addr:housenumber" v="199"/>
  <tag k="addr:state" v="GA"/>
  <tag k="addr:street" v="14th Street Northeast"/>
  <tag k="building" v="apartments"/>
  <tag k="building:levels" v="30"/>
  <tag k="building:year_built" v="1990"/>
  <tag k="height" v="113"/>
  <tag k="name" v="Mayfair Tower Condominiums"/>
  <tag k="website" v="https://mayfairtower.com/"/>
 </way>
 <way id="536728182" visible="true" version="3" changeset="173425135" timestamp="2025-10-17T19:17:07Z" user="shinterro" uid="8562391">
  <nd ref="5198686031"/>
  <nd ref="5198686032"/>
  <nd ref="5198686033"/>
  <nd ref="5198686034"/>
  <nd ref="5198686035"/>
  <nd ref="5198686036"/>
  <nd ref="5198686037"/>
  <nd ref="5198686038"/>
  <nd ref="5198686039"/>
  <nd ref="5198686040"/>
  <nd ref="5198686041"/>
  <nd ref="5198686042"/>
  <nd ref="5198686043"/>
  <nd ref="5198686044"/>
  <nd ref="5198686045"/>
  <nd ref="2749706158"/>
  <nd ref="5198686047"/>
  <nd ref="5198686048"/>
  <nd ref="5198686049"/>
  <nd ref="5198686050"/>
  <nd ref="5198686031"/>
  <tag k="addr:city" v="Atlanta"/>
  <tag k="addr:housenumber" v="195"/>
  <tag k="addr:postcode" v="30309"/>
  <tag k="addr:state" v="GA"/>
  <tag k="addr:street" v="14th Street Northeast"/>
  <tag k="building:levels" v="35"/>
  <tag k="building:part" v="apartments"/>
  <tag k="building:year_built" v="2002"/>
  <tag k="height" v="120"/>
  <tag k="name" v="Mayfair Renaissance"/>
 </way>
 <way id="536735326" visible="true" version="7" changeset="173425135" timestamp="2025-10-17T19:17:07Z" user="shinterro" uid="8562391">
  <nd ref="5198748666"/>
  <nd ref="13239619622"/>
  <nd ref="2749706062"/>
  <nd ref="5198748659"/>
  <nd ref="8238395912"/>
  <nd ref="5198748666"/>
  <tag k="access" v="permit"/>
  <tag k="addr:city" v="Atlanta"/>
  <tag k="addr:housenumber" v="1155"/>
  <tag k="addr:postcode" v="30309"/>
  <tag k="addr:street" v="Juniper Street Northeast"/>
  <tag k="amenity" v="parking"/>
  <tag k="building" v="parking"/>
  <tag k="building:levels" v="6"/>
  <tag k="capacity" v="525"/>
  <tag k="fee" v="yes"/>
  <tag k="height" v="18"/>
  <tag k="lit" v="yes"/>
  <tag k="name" v="1155 Juniper St NE Garage"/>
  <tag k="opening_hours" v="24/7"/>
  <tag k="parking" v="multi-storey"/>
  <tag k="smoothness" v="excellent"/>
  <tag k="surface" v="concrete"/>
 </way>
 <way id="536737548" visible="true" version="4" changeset="168936012" timestamp="2025-07-14T21:04:48Z" user="shinterro" uid="8562391">
  <nd ref="5198766607"/>
  <nd ref="12999959685"/>
  <nd ref="12999959696"/>
  <nd ref="12999959772"/>
  <nd ref="12999959486"/>
  <nd ref="9536158728"/>
  <nd ref="9536158706"/>
  <nd ref="12999959773"/>
  <nd ref="6937415799"/>
  <nd ref="5198766608"/>
  <nd ref="12999959784"/>
  <nd ref="12999959766"/>
  <nd ref="12999959783"/>
  <nd ref="12777488387"/>
  <nd ref="12999959768"/>
  <nd ref="12999959473"/>
  <nd ref="12999959782"/>
  <nd ref="12999959781"/>
  <nd ref="12999959780"/>
  <nd ref="12999959779"/>
  <nd ref="5198766609"/>
  <nd ref="12999959778"/>
  <nd ref="12999959777"/>
  <nd ref="12999959776"/>
  <nd ref="12999959775"/>
  <nd ref="5198766610"/>
  <nd ref="12999959550"/>
  <nd ref="12999959695"/>
  <nd ref="5198766607"/>
  <tag k="addr:city" v="Atlanta"/>
  <tag k="addr:housenumber" v="1175"/>
  <tag k="addr:state" v="GA"/>
  <tag k="addr:street" v="Peachtree Street Northeast"/>
  <tag k="building" v="yes"/>
  <tag k="building:levels" v="22"/>
  <tag k="height" v="96"/>
  <tag k="name" v="100 Colony Square"/>
 </way>
 <way id="536739486" visible="true" version="13" changeset="174800161" timestamp="2025-11-18T03:30:04Z" user="shinterro" uid="8562391">
  <nd ref="5198785447"/>
  <nd ref="12999959362"/>
  <nd ref="5198785448"/>
  <nd ref="12999959363"/>
  <nd ref="5198785449"/>
  <nd ref="5198802568"/>
  <nd ref="12999959667"/>
  <nd ref="5198785472"/>
  <nd ref="12999959712"/>
  <nd ref="13312675264"/>
  <nd ref="12777488378"/>
  <nd ref="12999959664"/>
  <nd ref="13312675265"/>
  <nd ref="5198785450"/>
  <nd ref="5198802567"/>
  <nd ref="5198785465"/>
  <nd ref="5198785466"/>
  <nd ref="5198785451"/>
  <nd ref="5198785452"/>
  <nd ref="5198785453"/>
  <nd ref="5198785454"/>
  <nd ref="5198785455"/>
  <nd ref="5198785456"/>
  <nd ref="5198785457"/>
  <nd ref="5198785458"/>
  <nd ref="5198785459"/>
  <nd ref="5198785460"/>
  <nd ref="12999959374"/>
  <nd ref="5198785461"/>
  <nd ref="12999959376"/>
  <nd ref="12999959379"/>
  <nd ref="12999959343"/>
  <nd ref="12999959378"/>
  <nd ref="5198785462"/>
  <nd ref="12999959371"/>
  <nd ref="12999959349"/>
  <nd ref="12999959310"/>
  <nd ref="5198785463"/>
  <nd ref="5198785464"/>
  <nd ref="5198785447"/>
  <tag k="addr:city" v="Atlanta"/>
  <tag k="addr:housenumber" v="188"/>
  <tag k="addr:postcode" v="30361"/>
  <tag k="addr:state" v="GA"/>
  <tag k="addr:street" v="14th Street Northeast"/>
  <tag k="air_conditioning" v="yes"/>
  <tag k="bar" v="yes"/>
  <tag k="building" v="yes"/>
  <tag k="check_date" v="2025-09-09"/>
  <tag k="email" v="ATLTW_GM@hilton.com"/>
  <tag k="fax" v="+1-404-733-6990"/>
  <tag k="internet_access" v="wlan"/>
  <tag k="internet_access:fee" v="no"/>
  <tag k="name" v="The Starling Atlanta Midtown, Curio Collection by Hilton"/>
  <tag k="opening_hours" v="24/7"/>
  <tag k="payment:cash" v="yes"/>
  <tag k="payment:credit_cards" v="yes"/>
  <tag k="payment:debit_cards" v="yes"/>
  <tag k="phone" v="+1-404-892-6000"/>
  <tag k="smoking" v="no"/>
  <tag k="tourism" v="hotel"/>
  <tag k="website" v="https://www.hilton.com/en/hotels/atltwqq-the-starling-atlanta-midtown/"/>
  <tag k="wheelchair" v="yes"/>
 </way>
 <way id="536739494" visible="true" version="5" changeset="174800161" timestamp="2025-11-18T03:30:04Z" user="shinterro" uid="8562391">
  <nd ref="5198785467"/>
  <nd ref="5198785468"/>
  <nd ref="5198785469"/>
  <nd ref="5198785470"/>
  <nd ref="5198785471"/>
  <nd ref="5198785472"/>
  <nd ref="12999959712"/>
  <nd ref="13312675264"/>
  <nd ref="12777488378"/>
  <nd ref="12999959664"/>
  <nd ref="13312675265"/>
  <nd ref="5198785450"/>
  <nd ref="5198802567"/>
  <nd ref="5198785465"/>
  <nd ref="5198785466"/>
  <nd ref="5198785451"/>
  <nd ref="5198785452"/>
  <nd ref="5198785453"/>
  <nd ref="5198785454"/>
  <nd ref="5198785455"/>
  <nd ref="5198785456"/>
  <nd ref="5198785457"/>
  <nd ref="5198785458"/>
  <nd ref="5198785459"/>
  <nd ref="5198785460"/>
  <nd ref="12999959380"/>
  <nd ref="12999959373"/>
  <nd ref="5198785473"/>
  <nd ref="5198785474"/>
  <nd ref="5198785467"/>
  <tag k="building:levels" v="28"/>
  <tag k="building:part" v="yes"/>
  <tag k="height" v="90"/>
 </way>
 <way id="536885263" visible="true" version="2" changeset="173299277" timestamp="2025-10-15T02:49:39Z" user="shinterro" uid="8562391">
  <nd ref="5199951239"/>
  <nd ref="13233847290"/>
  <nd ref="13233847289"/>
  <nd ref="13233847288"/>
  <nd ref="13233847287"/>
  <nd ref="13233847286"/>
  <nd ref="13233847285"/>
  <nd ref="13233847284"/>
  <nd ref="13233847283"/>
  <nd ref="13233847282"/>
  <nd ref="13233847291"/>
  <nd ref="5199951240"/>
  <nd ref="5199951241"/>
  <nd ref="5199951242"/>
  <nd ref="5199951243"/>
  <nd ref="5199951244"/>
  <nd ref="5199951245"/>
  <nd ref="5199951246"/>
  <nd ref="5199951247"/>
  <nd ref="5199951248"/>
  <nd ref="5199951249"/>
  <nd ref="5199951250"/>
  <nd ref="5199951251"/>
  <nd ref="5199951252"/>
  <nd ref="5199951253"/>
  <nd ref="5199951254"/>
  <nd ref="5199951255"/>
  <nd ref="5199951256"/>
  <nd ref="5199951257"/>
  <nd ref="5199951258"/>
  <nd ref="5199951259"/>
  <nd ref="13233847292"/>
  <nd ref="5199951260"/>
  <nd ref="13233847293"/>
  <nd ref="5199951261"/>
  <nd ref="5199951262"/>
  <nd ref="5199951263"/>
  <nd ref="5199951264"/>
  <nd ref="5199951265"/>
  <nd ref="5199951266"/>
  <nd ref="5199951267"/>
  <nd ref="13233847296"/>
  <nd ref="5199951239"/>
  <tag k="building:levels" v="25"/>
  <tag k="building:part" v="yes"/>
 </way>
 <way id="561173073" visible="true" version="2" changeset="169215989" timestamp="2025-07-20T21:45:40Z" user="adelriosantiago" uid="12908516">
  <nd ref="69249210"/>
  <nd ref="3602660738"/>
  <nd ref="3602660739"/>
  <tag k="highway" v="service"/>
  <tag k="surface" v="asphalt"/>
 </way>
 <way id="561231781" visible="true" version="4" changeset="184993338" timestamp="2026-07-02T18:35:04Z" user="ATLDOT - GIS Team" uid="24267288">
  <nd ref="5412021439"/>
  <nd ref="13983811254"/>
  <nd ref="9657075275"/>
  <nd ref="13093190271"/>
  <tag k="highway" v="service"/>
 </way>
 <way id="617214328" visible="true" version="4" changeset="186459429" timestamp="2026-07-27T14:01:45Z" user="SeriouslyUGuys" uid="652102">
  <nd ref="5834678395"/>
  <nd ref="5834678398"/>
  <nd ref="5996570180"/>
  <nd ref="14053858090"/>
  <nd ref="5834678394"/>
  <tag k="highway" v="service"/>
  <tag k="oneway" v="yes"/>
 </way>
 <way id="617214329" visible="true" version="4" changeset="186459429" timestamp="2026-07-27T14:01:45Z" user="SeriouslyUGuys" uid="652102">
  <nd ref="5834678396"/>
  <nd ref="14053858091"/>
  <nd ref="5996570183"/>
  <nd ref="5834678406"/>
  <nd ref="5834678397"/>
  <tag k="highway" v="service"/>
  <tag k="oneway" v="yes"/>
 </way>
 <way id="617214330" visible="true" version="2" changeset="173471756" timestamp="2025-10-19T00:38:49Z" user="shinterro" uid="8562391">
  <nd ref="13241914773"/>
  <nd ref="5834678404"/>
  <nd ref="13241914775"/>
  <nd ref="5834678403"/>
  <nd ref="5834678402"/>
  <nd ref="13241914774"/>
  <nd ref="5834678401"/>
  <nd ref="5834678400"/>
  <tag k="access" v="private"/>
  <tag k="highway" v="service"/>
  <tag k="oneway" v="yes"/>
 </way>
 <way id="617214336" visible="true" version="6" changeset="173425135" timestamp="2025-10-17T19:17:07Z" user="shinterro" uid="8562391">
  <nd ref="5834678446"/>
  <nd ref="5996570173"/>
  <nd ref="11050833236"/>
  <tag k="highway" v="service"/>
  <tag k="service" v="driveway"/>
  <tag k="surface" v="asphalt"/>
 </way>
 <way id="617214337" visible="true" version="5" changeset="173299277" timestamp="2025-10-15T02:49:39Z" user="shinterro" uid="8562391">
  <nd ref="13233862471"/>
  <nd ref="13233862470"/>
  <nd ref="13233862465"/>
  <tag k="highway" v="service"/>
  <tag k="oneway" v="yes"/>
  <tag k="service" v="driveway"/>
  <tag k="surface" v="concrete"/>
 </way>
 <way id="619421340" visible="true" version="3" changeset="173425135" timestamp="2025-10-17T19:17:07Z" user="shinterro" uid="8562391">
  <nd ref="5853527355"/>
  <nd ref="5996570162"/>
  <nd ref="13239619641"/>
  <nd ref="5853527356"/>
  <tag k="highway" v="service"/>
  <tag k="service" v="driveway"/>
 </way>
 <way id="619421348" visible="true" version="3" changeset="173425135" timestamp="2025-10-17T19:17:07Z" user="shinterro" uid="8562391">
  <nd ref="5853527365"/>
  <nd ref="5996570688"/>
  <nd ref="13239619650"/>
  <nd ref="13239619654"/>
  <tag k="highway" v="service"/>
  <tag k="oneway" v="yes"/>
  <tag k="service" v="driveway"/>
 </way>
 <way id="635800750" visible="true" version="3" changeset="119599179" timestamp="2022-04-12T00:19:38Z" user="David Andron" uid="10594286">
  <nd ref="3602660734"/>
  <nd ref="9659697634"/>
  <nd ref="9659697633"/>
  <nd ref="9659685907"/>
  <nd ref="9659685908"/>
  <nd ref="4141755256"/>
  <tag k="footway" v="sidewalk"/>
  <tag k="highway" v="footway"/>
  <tag k="surface" v="concrete"/>
 </way>
 <way id="635800751" visible="true" version="7" changeset="175203128" timestamp="2025-11-27T15:32:05Z" user="shinterro" uid="8562391">
  <nd ref="3602660741"/>
  <nd ref="9659697635"/>
  <nd ref="13093245611"/>
  <nd ref="3602660751"/>
  <nd ref="13093245600"/>
  <nd ref="13093245599"/>
  <nd ref="13336389463"/>
  <nd ref="13336389464"/>
  <nd ref="13336389462"/>
  <nd ref="4307557047"/>
  <tag k="footway" v="sidewalk"/>
  <tag k="highway" v="footway"/>
  <tag k="surface" v="paving_stones"/>
 </way>
 <way id="635800752" visible="true" version="7" changeset="139026559" timestamp="2023-07-26T09:02:15Z" user="yallasan" uid="11705831">
  <nd ref="4141755254"/>
  <nd ref="9659697637"/>
  <nd ref="8482370930"/>
  <nd ref="5996570159"/>
  <nd ref="5996570160"/>
  <nd ref="5996570161"/>
  <nd ref="5996570162"/>
  <nd ref="5996570163"/>
  <nd ref="5996570164"/>
  <nd ref="6702910693"/>
  <nd ref="5996570165"/>
  <nd ref="11068664335"/>
  <nd ref="11068664325"/>
  <nd ref="5996570166"/>
  <nd ref="5996570167"/>
  <nd ref="5996570168"/>
  <tag k="footway" v="sidewalk"/>
  <tag k="highway" v="footway"/>
 </way>
 <way id="635800753" visible="true" version="3" changeset="124275031" timestamp="2022-07-30T16:37:05Z" user="rerobins" uid="614696">
  <nd ref="5996570168"/>
  <nd ref="9537493875"/>
  <nd ref="5996570171"/>
  <nd ref="5996570172"/>
  <nd ref="5996570173"/>
  <nd ref="5996570174"/>
  <nd ref="5996570175"/>
  <nd ref="4307557041"/>
  <tag k="footway" v="sidewalk"/>
  <tag k="highway" v="footway"/>
  <tag k="surface" v="concrete"/>
 </way>
 <way id="635800754" visible="true" version="4" changeset="173471756" timestamp="2025-10-19T00:38:49Z" user="shinterro" uid="8562391">
  <nd ref="4307557040"/>
  <nd ref="9535944794"/>
  <nd ref="9535944793"/>
  <nd ref="5996570176"/>
  <nd ref="5996570177"/>
  <nd ref="5996570178"/>
  <nd ref="5996570179"/>
  <nd ref="5996570180"/>
  <nd ref="5996570181"/>
  <nd ref="5996570182"/>
  <nd ref="5996570183"/>
  <nd ref="12999959341"/>
  <nd ref="4338646198"/>
  <nd ref="12999959313"/>
  <nd ref="4307557045"/>
  <tag k="footway" v="sidewalk"/>
  <tag k="highway" v="footway"/>
  <tag k="surface" v="concrete"/>
 </way>
 <way id="635800755" visible="true" version="5" changeset="173425135" timestamp="2025-10-17T19:17:07Z" user="shinterro" uid="8562391">
  <nd ref="4307557044"/>
  <nd ref="8482370935"/>
  <nd ref="5996570685"/>
  <nd ref="5996570686"/>
  <nd ref="13239619631"/>
  <nd ref="9535944810"/>
  <nd ref="13239619652"/>
  <nd ref="5996570688"/>
  <nd ref="8481441840"/>
  <nd ref="5996570689"/>
  <nd ref="5996570690"/>
  <nd ref="9535944798"/>
  <nd ref="9535944799"/>
  <nd ref="4307557041"/>
  <tag k="footway" v="sidewalk"/>
  <tag k="highway" v="footway"/>
 </way>
 <way id="635800756" visible="true" version="4" changeset="176716732" timestamp="2026-01-01T19:44:29Z" user="adelriosantiago" uid="12908516">
  <nd ref="4307557040"/>
  <nd ref="5996570691"/>
  <nd ref="5996570692"/>
  <nd ref="5996570694"/>
  <nd ref="5996570695"/>
  <nd ref="5996570696"/>
  <nd ref="13241914624"/>
  <nd ref="5996570697"/>
  <nd ref="5996570698"/>
  <nd ref="4307557049"/>
  <tag k="footway" v="sidewalk"/>
  <tag k="highway" v="footway"/>
  <tag k="surface" v="concrete"/>
 </way>
 <way id="636977367" visible="true" version="7" changeset="173299277" timestamp="2025-10-15T02:49:39Z" user="shinterro" uid="8562391">
  <nd ref="6005931683"/>
  <nd ref="6702906082"/>
  <nd ref="5996570170"/>
  <nd ref="9537493872"/>
  <nd ref="13232006945"/>
  <nd ref="6005931694"/>
  <nd ref="9537493870"/>
  <nd ref="9537493873"/>
  <nd ref="6702910688"/>
  <nd ref="13233862418"/>
  <nd ref="13233862422"/>
  <nd ref="6005931691"/>
  <nd ref="4141755255"/>
  <nd ref="13233862425"/>
  <nd ref="10748418045"/>
  <nd ref="6005931690"/>
  <nd ref="4165941948"/>
  <nd ref="6005931689"/>
  <nd ref="6702906076"/>
  <nd ref="13233862417"/>
  <nd ref="6702906079"/>
  <nd ref="9537493833"/>
  <nd ref="6005931687"/>
  <nd ref="9537493828"/>
  <tag k="footway" v="sidewalk"/>
  <tag k="highway" v="footway"/>
  <tag k="surface" v="concrete"/>
 </way>
 <way id="636977368" visible="true" version="3" changeset="168936012" timestamp="2025-07-14T21:04:48Z" user="shinterro" uid="8562391">
  <nd ref="4307557048"/>
  <nd ref="12999959533"/>
  <nd ref="12999959553"/>
  <nd ref="6005931695"/>
  <nd ref="6005931697"/>
  <nd ref="12999945994"/>
  <nd ref="3602660760"/>
  <tag k="footway" v="sidewalk"/>
  <tag k="highway" v="footway"/>
  <tag k="surface" v="concrete"/>
 </way>
 <way id="673535177" visible="true" version="7" changeset="173252543" timestamp="2025-10-14T01:46:49Z" user="shinterro" uid="8562391">
  <nd ref="6702910689"/>
  <nd ref="6702910685"/>
  <nd ref="11068664336"/>
  <nd ref="11068664324"/>
  <nd ref="13232006944"/>
  <nd ref="5996570169"/>
  <nd ref="69249229"/>
  <nd ref="13232006946"/>
  <nd ref="69249230"/>
  <tag k="highway" v="residential"/>
  <tag k="lanes" v="2"/>
  <tag k="name" v="13th Street Northeast"/>
  <tag k="sidewalk:both" v="separate"/>
  <tag k="surface" v="asphalt"/>
  <tag k="tiger:cfcc" v="A41"/>
  <tag k="tiger:county" v="Fulton, GA"/>
  <tag k="tiger:name_base" v="13th"/>
  <tag k="tiger:name_direction_suffix" v="NE"/>
  <tag k="tiger:name_type" v="St"/>
  <tag k="turn:forward" v="left"/>
 </way>
 <way id="713016717" visible="true" version="3" changeset="173252543" timestamp="2025-10-14T01:46:49Z" user="shinterro" uid="8562391">
  <nd ref="6702906083"/>
  <nd ref="6702906084"/>
  <nd ref="6702910688"/>
  <tag k="highway" v="service"/>
  <tag k="service" v="driveway"/>
  <tag k="surface" v="asphalt"/>
 </way>
 <way id="713016719" visible="true" version="3" changeset="173425135" timestamp="2025-10-17T19:17:07Z" user="shinterro" uid="8562391">
  <nd ref="6702910689"/>
  <nd ref="6702910693"/>
  <nd ref="6702910690"/>
  <nd ref="6702910694"/>
  <nd ref="13239619661"/>
  <nd ref="6702910691"/>
  <nd ref="6702910692"/>
  <tag k="highway" v="service"/>
  <tag k="service" v="driveway"/>
 </way>
 <way id="735186770" visible="true" version="2" changeset="168936012" timestamp="2025-07-14T21:04:48Z" user="shinterro" uid="8562391">
  <nd ref="6885701905"/>
  <nd ref="12999959599"/>
  <nd ref="12999959454"/>
  <nd ref="6885701906"/>
  <nd ref="6885701907"/>
  <nd ref="12999959598"/>
  <nd ref="12999959453"/>
  <nd ref="6885701905"/>
  <tag k="description" v="Beautiful outdoor hangout, with decorative lighting, tons of places to sit and enjoy the outdoors"/>
  <tag k="leisure" v="park"/>
  <tag k="name" v="The Grove"/>
  <tag k="operator" v="Colony Square"/>
 </way>
 <way id="750019483" visible="true" version="9" changeset="173299277" timestamp="2025-10-15T02:49:39Z" user="shinterro" uid="8562391">
  <nd ref="69249214"/>
  <nd ref="5674181091"/>
  <nd ref="13232006943"/>
  <nd ref="8482370929"/>
  <nd ref="69249224"/>
  <nd ref="13233862423"/>
  <nd ref="8323499758"/>
  <nd ref="7258187490"/>
  <nd ref="5853527355"/>
  <tag k="highway" v="residential"/>
  <tag k="name" v="13th Street Northeast"/>
  <tag k="sidewalk:both" v="separate"/>
  <tag k="surface" v="asphalt"/>
  <tag k="tiger:cfcc" v="A41"/>
  <tag k="tiger:county" v="Fulton, GA"/>
  <tag k="tiger:name_base" v="13th"/>
  <tag k="tiger:name_direction_suffix" v="NE"/>
  <tag k="tiger:name_type" v="St"/>
 </way>
 <way id="777734673" visible="true" version="4" changeset="173425135" timestamp="2025-10-17T19:17:07Z" user="shinterro" uid="8562391">
  <nd ref="8238404062"/>
  <nd ref="13239619625"/>
  <nd ref="5996570161"/>
  <nd ref="7258187490"/>
  <tag k="highway" v="service"/>
 </way>
 <way id="794446912" visible="true" version="1" changeset="83889674" timestamp="2020-04-21T15:34:37Z" user="rserezo_lyft" uid="10313603">
  <nd ref="7430645949"/>
  <nd ref="7430645952"/>
  <tag k="highway" v="service"/>
  <tag k="oneway" v="yes"/>
 </way>
 <way id="794446915" visible="true" version="1" changeset="83889674" timestamp="2020-04-21T15:34:37Z" user="rserezo_lyft" uid="10313603">
  <nd ref="7430645953"/>
  <nd ref="7430645949"/>
  <tag k="highway" v="service"/>
  <tag k="oneway" v="yes"/>
 </way>
 <way id="796360049" visible="true" version="3" changeset="173299277" timestamp="2025-10-15T02:49:39Z" user="shinterro" uid="8562391">
  <nd ref="7447894489"/>
  <nd ref="13233862421"/>
  <nd ref="7447894490"/>
  <nd ref="7447894494"/>
  <nd ref="7447894491"/>
  <nd ref="7447894492"/>
  <nd ref="7447894493"/>
  <nd ref="7447894489"/>
  <tag k="addr:city" v="Atlanta"/>
  <tag k="addr:housenumber" v="195"/>
  <tag k="addr:postcode" v="30309"/>
  <tag k="addr:state" v="GA"/>
  <tag k="addr:street" v="13th Street Northeast"/>
  <tag k="building" v="apartments"/>
  <tag k="building:levels" v="25"/>
  <tag k="height" v="105"/>
  <tag k="name" v="Vireo Piedmont Park"/>
  <tag k="phone" v="+1 629-777-4259"/>
  <tag k="website" v="https://www.vireoatlanta.com/"/>
 </way>
 <way id="796360050" visible="true" version="3" changeset="173299277" timestamp="2025-10-15T02:49:39Z" user="shinterro" uid="8562391">
  <nd ref="7447894489"/>
  <nd ref="7447894493"/>
  <nd ref="7447894494"/>
  <nd ref="7447894490"/>
  <nd ref="13233862421"/>
  <nd ref="7447894489"/>
  <tag k="building:levels" v="25"/>
  <tag k="building:part" v="yes"/>
  <tag k="height" v="105"/>
 </way>
 <way id="808638589" visible="true" version="3" changeset="168936012" timestamp="2025-07-14T21:04:48Z" user="shinterro" uid="8562391">
  <nd ref="4338646194"/>
  <nd ref="7561466663"/>
  <nd ref="7561466664"/>
  <nd ref="7561466662"/>
  <nd ref="12999959375"/>
  <nd ref="4338646195"/>
  <nd ref="12999959307"/>
  <nd ref="7561466661"/>
  <nd ref="12999959308"/>
  <nd ref="4338646196"/>
  <nd ref="12999959309"/>
  <nd ref="12999959713"/>
  <nd ref="4338646197"/>
  <tag k="highway" v="service"/>
  <tag k="lanes" v="1"/>
  <tag k="oneway" v="yes"/>
  <tag k="service" v="driveway"/>
 </way>
 <way id="885660359" visible="true" version="3" changeset="174800161" timestamp="2025-11-18T03:30:04Z" user="shinterro" uid="8562391">
  <nd ref="5198785460"/>
  <nd ref="12999959374"/>
  <nd ref="5198785461"/>
  <nd ref="12999959376"/>
  <nd ref="12999959379"/>
  <nd ref="12999959343"/>
  <nd ref="12999959378"/>
  <nd ref="5198785462"/>
  <nd ref="12999959371"/>
  <nd ref="12999959349"/>
  <nd ref="12999959310"/>
  <nd ref="5198785463"/>
  <nd ref="5198785464"/>
  <nd ref="5198785447"/>
  <nd ref="12999959362"/>
  <nd ref="5198785448"/>
  <nd ref="12999959363"/>
  <nd ref="5198785449"/>
  <nd ref="5198802568"/>
  <nd ref="12999959667"/>
  <nd ref="5198785472"/>
  <nd ref="5198785471"/>
  <nd ref="5198785470"/>
  <nd ref="5198785469"/>
  <nd ref="5198785468"/>
  <nd ref="5198785467"/>
  <nd ref="5198785474"/>
  <nd ref="5198785473"/>
  <nd ref="12999959373"/>
  <nd ref="12999959380"/>
  <nd ref="5198785460"/>
  <tag k="building:part" v="yes"/>
  <tag k="height" v="12"/>
 </way>
 <way id="885988836" visible="true" version="2" changeset="173425135" timestamp="2025-10-17T19:17:07Z" user="shinterro" uid="8562391">
  <nd ref="8238395912"/>
  <nd ref="5198748660"/>
  <nd ref="367914456"/>
  <nd ref="13239619617"/>
  <nd ref="5198748666"/>
  <nd ref="8238395912"/>
  <tag k="addr:city" v="Atlanta"/>
  <tag k="addr:floor" v="G;1"/>
  <tag k="addr:housenumber" v="173"/>
  <tag k="addr:postcode" v="30309"/>
  <tag k="addr:state" v="GA"/>
  <tag k="addr:street" v="14th Street Northeast"/>
  <tag k="amenity" v="place_of_worship"/>
  <tag k="building" v="cinema"/>
  <tag k="building:levels" v="6"/>
  <tag k="building:use" v="church"/>
  <tag k="check_date" v="2025-07-23"/>
  <tag k="denomination" v="nondenominational"/>
  <tag k="height" v="18"/>
  <tag k="level" v="0;1"/>
  <tag k="name" v="Free Chapel Midtown"/>
  <tag k="payment:cash" v="yes"/>
  <tag k="payment:credit_cards" v="yes"/>
  <tag k="payment:debit_cards" v="yes"/>
  <tag k="phone" v="+1 678-677-8300"/>
  <tag k="religion" v="christian"/>
  <tag k="website" v="https://freechapel.org/midtown/"/>
  <tag k="wheelchair" v="yes"/>
 </way>
 <way id="885990067" visible="true" version="3" changeset="173425135" timestamp="2025-10-17T19:17:07Z" user="shinterro" uid="8562391">
  <nd ref="8238404055"/>
  <nd ref="8238404057"/>
  <nd ref="8238404058"/>
  <nd ref="2749706138"/>
  <nd ref="8238404055"/>
  <tag k="addr:city" v="Atlanta"/>
  <tag k="addr:housenumber" v="181"/>
  <tag k="addr:postcode" v="30309"/>
  <tag k="addr:street" v="14th Street Northeast"/>
  <tag k="building" v="commercial"/>
  <tag k="building:levels" v="5"/>
  <tag k="name" v="Mayfair Royal"/>
  <tag k="source" v="EsriWorldImagery"/>
 </way>
 <way id="885990068" visible="true" version="3" changeset="173425135" timestamp="2025-10-17T19:17:07Z" user="shinterro" uid="8562391">
  <nd ref="8238404059"/>
  <nd ref="2749706138"/>
  <nd ref="8238404058"/>
  <nd ref="8238404060"/>
  <nd ref="13239619638"/>
  <nd ref="8238404056"/>
  <nd ref="13239619626"/>
  <nd ref="5198686022"/>
  <nd ref="5198686023"/>
  <nd ref="5198686026"/>
  <nd ref="5198686027"/>
  <nd ref="8238404061"/>
  <nd ref="8238404059"/>
  <tag k="addr:city" v="Atlanta"/>
  <tag k="addr:housenumber" v="195-199"/>
  <tag k="addr:state" v="GA"/>
  <tag k="addr:street" v="14th Street Northeast"/>
  <tag k="landuse" v="residential"/>
  <tag k="name" v="Mayfair"/>
  <tag k="residential" v="apartments"/>
  <tag k="source" v="EsriWorldImagery"/>
 </way>
 <way id="886021358" visible="true" version="2" changeset="173299277" timestamp="2025-10-15T02:49:39Z" user="shinterro" uid="8562391">
  <nd ref="13233862538"/>
  <nd ref="13233862424"/>
  <nd ref="13233862539"/>
  <nd ref="13233862540"/>
  <nd ref="13233862541"/>
  <nd ref="13233862542"/>
  <nd ref="2430535698"/>
  <nd ref="13233862472"/>
  <nd ref="13233862473"/>
  <nd ref="2430535722"/>
  <nd ref="2430535719"/>
  <nd ref="13233862531"/>
  <nd ref="13233862532"/>
  <nd ref="13233862533"/>
  <nd ref="8238636195"/>
  <nd ref="13233862530"/>
  <nd ref="13233862529"/>
  <nd ref="13233862528"/>
  <nd ref="13233862527"/>
  <nd ref="13233862526"/>
  <nd ref="13233862538"/>
  <tag k="building:levels" v="11"/>
  <tag k="building:part" v="yes"/>
 </way>
 <way id="886021360" visible="true" version="5" changeset="174749270" timestamp="2025-11-16T23:04:57Z" user="shinterro" uid="8562391">
  <nd ref="2748849653"/>
  <nd ref="2748849637"/>
  <nd ref="13232006941"/>
  <nd ref="13239619736"/>
  <nd ref="13239619737"/>
  <nd ref="2748849623"/>
  <nd ref="13239619738"/>
  <nd ref="13239619739"/>
  <nd ref="13239619740"/>
  <nd ref="13239619741"/>
  <nd ref="2748849621"/>
  <nd ref="2748849625"/>
  <nd ref="2748849629"/>
  <nd ref="2748849630"/>
  <nd ref="13232006940"/>
  <nd ref="2748849635"/>
  <nd ref="2748849644"/>
  <nd ref="2748849653"/>
  <tag k="building:levels" v="0"/>
  <tag k="building:part" v="yes"/>
  <tag k="roof:levels" v="3"/>
  <tag k="roof:shape" v="flat"/>
 </way>
 <way id="886021361" visible="true" version="2" changeset="173425135" timestamp="2025-10-17T19:17:07Z" user="shinterro" uid="8562391">
  <nd ref="2748849653"/>
  <nd ref="2748849649"/>
  <nd ref="13239619742"/>
  <nd ref="2748849666"/>
  <nd ref="2748849667"/>
  <nd ref="2748849677"/>
  <nd ref="2748849676"/>
  <nd ref="2748849715"/>
  <nd ref="2748849725"/>
  <nd ref="2748849723"/>
  <nd ref="2748849700"/>
  <nd ref="2748849696"/>
  <nd ref="2748849720"/>
  <nd ref="2748849719"/>
  <nd ref="2748849692"/>
  <nd ref="2748849691"/>
  <nd ref="2748849717"/>
  <nd ref="2748849714"/>
  <nd ref="2748849689"/>
  <nd ref="2748849687"/>
  <nd ref="2748849710"/>
  <nd ref="2748849707"/>
  <nd ref="2748849686"/>
  <nd ref="2748849685"/>
  <nd ref="2748849704"/>
  <nd ref="2748849702"/>
  <nd ref="2748849683"/>
  <nd ref="2748849682"/>
  <nd ref="13239619743"/>
  <nd ref="13239619744"/>
  <nd ref="13239619745"/>
  <nd ref="13239619746"/>
  <nd ref="13239619747"/>
  <nd ref="13239619748"/>
  <nd ref="13239619749"/>
  <nd ref="13239619750"/>
  <nd ref="8238636193"/>
  <nd ref="2748849644"/>
  <nd ref="2748849653"/>
  <tag k="building:levels" v="15"/>
  <tag k="building:part" v="yes"/>
 </way>
 <way id="886021362" visible="true" version="2" changeset="173425135" timestamp="2025-10-17T19:17:07Z" user="shinterro" uid="8562391">
  <nd ref="2748849682"/>
  <nd ref="13239619743"/>
  <nd ref="13239619744"/>
  <nd ref="13239619745"/>
  <nd ref="13239619746"/>
  <nd ref="13239619747"/>
  <nd ref="13239619748"/>
  <nd ref="13239619749"/>
  <nd ref="13239619750"/>
  <nd ref="8238636193"/>
  <nd ref="2748849650"/>
  <nd ref="13239619751"/>
  <nd ref="13239619752"/>
  <nd ref="13239619753"/>
  <nd ref="13239619754"/>
  <nd ref="13239619755"/>
  <nd ref="2748849681"/>
  <nd ref="2748849680"/>
  <nd ref="2748849699"/>
  <nd ref="2748849697"/>
  <nd ref="2748849679"/>
  <nd ref="2748849682"/>
  <tag k="building:levels" v="9"/>
  <tag k="building:part" v="yes"/>
 </way>
 <way id="895437150" visible="true" version="3" changeset="173425135" timestamp="2025-10-17T19:17:07Z" user="shinterro" uid="8562391">
  <nd ref="13239619638"/>
  <nd ref="5996570160"/>
  <nd ref="8323499758"/>
  <tag k="highway" v="service"/>
 </way>
 <way id="913008573" visible="true" version="2" changeset="173425135" timestamp="2025-10-17T19:17:07Z" user="shinterro" uid="8562391">
  <nd ref="8481441841"/>
  <nd ref="8481441837"/>
  <nd ref="8481441838"/>
  <nd ref="8481441839"/>
  <tag k="access" v="private"/>
  <tag k="highway" v="service"/>
  <tag k="service" v="driveway"/>
 </way>
 <way id="913124519" visible="true" version="3" changeset="173425135" timestamp="2025-10-17T19:17:07Z" user="shinterro" uid="8562391">
  <nd ref="8482370929"/>
  <nd ref="8482370930"/>
  <nd ref="8482370931"/>
  <nd ref="8482370932"/>
  <nd ref="8482370933"/>
  <nd ref="8482370934"/>
  <nd ref="8482370935"/>
  <nd ref="8482370936"/>
  <tag k="highway" v="service"/>
  <tag k="service" v="alley"/>
  <tag k="surface" v="asphalt"/>
 </way>
 <way id="973011281" visible="true" version="6" changeset="171605511" timestamp="2025-09-07T21:03:18Z" user="shinterro" uid="8562391">
  <nd ref="9005931628"/>
  <nd ref="9005931629"/>
  <nd ref="9005931630"/>
  <nd ref="9005931631"/>
  <nd ref="9005931632"/>
  <nd ref="13125576248"/>
  <nd ref="9005931633"/>
  <nd ref="9005931634"/>
  <nd ref="9005931635"/>
  <nd ref="9005931636"/>
  <nd ref="9005931637"/>
  <nd ref="9005931638"/>
  <nd ref="9005931639"/>
  <nd ref="9005931640"/>
  <nd ref="9005931641"/>
  <nd ref="9005931642"/>
  <nd ref="9005931643"/>
  <nd ref="9005931644"/>
  <nd ref="9005931645"/>
  <nd ref="9511013679"/>
  <nd ref="9005931646"/>
  <nd ref="9005931647"/>
  <nd ref="9005931648"/>
  <nd ref="9005931649"/>
  <nd ref="9005931650"/>
  <nd ref="9005931651"/>
  <nd ref="9005931652"/>
  <nd ref="9005931653"/>
  <nd ref="9005931654"/>
  <nd ref="9005931655"/>
  <nd ref="9005931656"/>
  <nd ref="9005931657"/>
  <nd ref="9005931658"/>
  <nd ref="9005931659"/>
  <nd ref="9005931660"/>
  <nd ref="9005931661"/>
  <nd ref="9005931662"/>
  <nd ref="9005931663"/>
  <tag k="cables" v="3"/>
  <tag k="circuits" v="1"/>
  <tag k="operator" v="Georgia Power"/>
  <tag k="operator:wikidata" v="Q5547666"/>
  <tag k="power" v="line"/>
  <tag k="voltage" v="115000"/>
 </way>
 <way id="1029549928" visible="true" version="4" changeset="185869636" timestamp="2026-07-16T21:13:51Z" user="ATLDOT - GIS Team" uid="24267288">
  <nd ref="69249214"/>
  <nd ref="10748418043"/>
  <nd ref="69588608"/>
  <nd ref="4165941947"/>
  <nd ref="69387078"/>
  <tag k="cycleway:left" v="no"/>
  <tag k="cycleway:right" v="separate"/>
  <tag k="highway" v="secondary"/>
  <tag k="lanes" v="4"/>
  <tag k="maxspeed" v="25 mph"/>
  <tag k="name" v="Juniper Street Northeast"/>
  <tag k="oneway" v="yes"/>
  <tag k="sidewalk:both" v="separate"/>
  <tag k="source:maxspeed" v="sign"/>
  <tag k="surface" v="asphalt"/>
  <tag k="tiger:cfcc" v="A41"/>
  <tag k="tiger:county" v="Fulton, GA"/>
  <tag k="tiger:name_base" v="Juniper"/>
  <tag k="tiger:name_direction_suffix" v="NE"/>
  <tag k="tiger:name_type" v="St"/>
  <tag k="tiger:zip_left" v="30309"/>
  <tag k="tiger:zip_right" v="30309"/>
  <tag k="turn:lanes" v="left|none|none|none"/>
 </way>
 <way id="1035224023" visible="true" version="3" changeset="175595301" timestamp="2025-12-06T17:45:25Z" user="shinterro" uid="8562391">
  <nd ref="9535944742"/>
  <nd ref="9535944748"/>
  <nd ref="9535944747"/>
  <nd ref="9535944746"/>
  <nd ref="9535944745"/>
  <nd ref="9535944749"/>
  <nd ref="9535944744"/>
  <nd ref="9535944743"/>
  <nd ref="9535944742"/>
  <tag k="area:highway" v="traffic_island"/>
  <tag k="barrier" v="kerb"/>
  <tag k="kerb" v="raised"/>
  <tag k="surface" v="concrete"/>
  <tag k="traffic_calming" v="island"/>
 </way>
 <way id="1035224024" visible="true" version="4" changeset="170408408" timestamp="2025-08-13T20:33:14Z" user="bsvka" uid="11236721">
  <nd ref="69315704"/>
  <nd ref="8481441836"/>
  <tag k="cycleway:left" v="lane"/>
  <tag k="cycleway:left:buffer" v="no"/>
  <tag k="highway" v="secondary"/>
  <tag k="lanes" v="3"/>
  <tag k="lanes:backward" v="2"/>
  <tag k="lanes:forward" v="1"/>
  <tag k="name" v="14th Street Northeast"/>
  <tag k="sidewalk:both" v="separate"/>
  <tag k="surface" v="asphalt"/>
  <tag k="turn:lanes:forward" v="left"/>
 </way>
 <way id="1035224025" visible="true" version="3" changeset="175595301" timestamp="2025-12-06T17:45:25Z" user="shinterro" uid="8562391">
  <nd ref="5674178518"/>
  <nd ref="9535944758"/>
  <nd ref="9535944757"/>
  <nd ref="9535944760"/>
  <nd ref="9535944764"/>
  <nd ref="9535944756"/>
  <nd ref="9535944752"/>
  <tag k="cycleway:right" v="lane"/>
  <tag k="cycleway:right:buffer" v="no"/>
  <tag k="highway" v="secondary"/>
  <tag k="lanes" v="2"/>
  <tag k="name" v="14th Street Northeast"/>
  <tag k="oneway" v="yes"/>
  <tag k="sidewalk:right" v="separate"/>
  <tag k="surface" v="asphalt"/>
 </way>
 <way id="1035224026" visible="true" version="3" changeset="175595301" timestamp="2025-12-06T17:45:25Z" user="shinterro" uid="8562391">
  <nd ref="1573471363"/>
  <nd ref="1928236307"/>
  <nd ref="9535944767"/>
  <nd ref="69421284"/>
  <tag k="highway" v="secondary"/>
  <tag k="lanes" v="2"/>
  <tag k="name" v="Piedmont Avenue Northeast"/>
  <tag k="oneway" v="yes"/>
  <tag k="sidewalk:right" v="separate"/>
  <tag k="surface" v="asphalt"/>
  <tag k="tiger:cfcc" v="A31"/>
  <tag k="tiger:county" v="Fulton, GA"/>
  <tag k="tiger:name_base" v="Piedmont"/>
  <tag k="tiger:name_base_1" v="State Route 237"/>
  <tag k="tiger:name_direction_suffix" v="NE"/>
  <tag k="tiger:name_type" v="Rd"/>
  <tag k="tiger:zip_left" v="30305"/>
  <tag k="tiger:zip_right" v="30305"/>
  <tag k="turn:lanes" v="through|through"/>
 </way>
 <way id="1035224027" visible="true" version="2" changeset="118595194" timestamp="2022-03-17T13:55:09Z" user="ashybko_lyft" uid="11249764">
  <nd ref="1573471363"/>
  <nd ref="9535944750"/>
  <nd ref="9535944763"/>
  <nd ref="9535944762"/>
  <tag k="highway" v="secondary"/>
  <tag k="lanes" v="1"/>
  <tag k="name" v="Piedmont Avenue Northeast"/>
  <tag k="oneway" v="yes"/>
  <tag k="surface" v="asphalt"/>
  <tag k="tiger:cfcc" v="A31"/>
  <tag k="tiger:county" v="Fulton, GA"/>
  <tag k="tiger:name_base" v="Piedmont"/>
  <tag k="tiger:name_base_1" v="State Route 237"/>
  <tag k="tiger:name_direction_suffix" v="NE"/>
  <tag k="tiger:name_type" v="Rd"/>
  <tag k="tiger:zip_left" v="30305"/>
  <tag k="tiger:zip_right" v="30305"/>
  <tag k="turn:lanes" v="left"/>
 </way>
 <way id="1035224028" visible="true" version="3" changeset="176928119" timestamp="2026-01-07T04:43:27Z" user="adelriosantiago" uid="12908516">
  <nd ref="69421284"/>
  <nd ref="9535944753"/>
  <nd ref="1928236319"/>
  <nd ref="5674178518"/>
  <tag k="highway" v="secondary"/>
  <tag k="name" v="Piedmont Avenue Northeast"/>
  <tag k="oneway" v="yes"/>
  <tag k="sidewalk:right" v="separate"/>
  <tag k="source" v="bing_imagery"/>
  <tag k="surface" v="asphalt"/>
  <tag k="tiger:cfcc" v="A31"/>
  <tag k="tiger:county" v="Fulton, GA"/>
  <tag k="tiger:name_base" v="Piedmont"/>
  <tag k="tiger:name_base_1" v="State Route 237"/>
  <tag k="tiger:name_direction_suffix" v="NE"/>
  <tag k="tiger:name_type" v="Rd"/>
  <tag k="tiger:zip_left" v="30305"/>
  <tag k="tiger:zip_right" v="30305"/>
 </way>
 <way id="1035224029" visible="true" version="2" changeset="166497665" timestamp="2025-05-19T21:36:53Z" user="VLD277" uid="19857719">
  <nd ref="9535944808"/>
  <nd ref="9535944750"/>
  <nd ref="1928236307"/>
  <nd ref="9535944802"/>
  <tag k="crossing" v="traffic_signals"/>
  <tag k="crossing:markings" v="surface:lines"/>
  <tag k="crossing:signals" v="yes"/>
  <tag k="footway" v="crossing"/>
  <tag k="highway" v="footway"/>
  <tag k="surface" v="paving_stones"/>
 </way>
 <way id="1035224030" visible="true" version="2" changeset="166497665" timestamp="2025-05-19T21:36:53Z" user="VLD277" uid="19857719">
  <nd ref="9535944806"/>
  <nd ref="9535944766"/>
  <nd ref="9535944807"/>
  <tag k="crossing" v="traffic_signals"/>
  <tag k="crossing:markings" v="surface:lines"/>
  <tag k="crossing:signals" v="yes"/>
  <tag k="footway" v="crossing"/>
  <tag k="highway" v="footway"/>
  <tag k="surface" v="paving_stones"/>
 </way>
 <way id="1035224031" visible="true" version="3" changeset="175595301" timestamp="2025-12-06T17:45:25Z" user="shinterro" uid="8562391">
  <nd ref="9535944768"/>
  <nd ref="9535944785"/>
  <nd ref="9535944784"/>
  <nd ref="9535944783"/>
  <nd ref="9535944782"/>
  <nd ref="9535944781"/>
  <nd ref="9535944780"/>
  <nd ref="9535944779"/>
  <nd ref="9535944778"/>
  <nd ref="9535944777"/>
  <nd ref="9535944791"/>
  <nd ref="9535944776"/>
  <nd ref="9535944790"/>
  <nd ref="9535944775"/>
  <nd ref="9535944788"/>
  <nd ref="9535944774"/>
  <nd ref="9535944789"/>
  <nd ref="9535944773"/>
  <nd ref="9535944786"/>
  <nd ref="9535944772"/>
  <nd ref="9535944787"/>
  <nd ref="9535944771"/>
  <nd ref="9535944770"/>
  <nd ref="9535944792"/>
  <nd ref="9535944769"/>
  <nd ref="9535944768"/>
  <tag k="area:highway" v="traffic_island"/>
  <tag k="barrier" v="kerb"/>
  <tag k="kerb" v="raised"/>
  <tag k="surface" v="concrete"/>
  <tag k="traffic_calming" v="island"/>
 </way>
 <way id="1035224032" visible="true" version="3" changeset="175595301" timestamp="2025-12-06T17:45:25Z" user="shinterro" uid="8562391">
  <nd ref="9535944762"/>
  <nd ref="9535944755"/>
  <nd ref="9535944754"/>
  <nd ref="69421284"/>
  <tag k="highway" v="secondary"/>
  <tag k="lanes" v="1"/>
  <tag k="name" v="14th Street Northeast"/>
  <tag k="oneway" v="yes"/>
  <tag k="sidewalk:right" v="separate"/>
  <tag k="surface" v="asphalt"/>
  <tag k="tiger:cfcc" v="A41"/>
  <tag k="tiger:county" v="Fulton, GA"/>
  <tag k="tiger:name_base" v="14th"/>
  <tag k="tiger:name_direction_suffix" v="NE"/>
  <tag k="tiger:name_type" v="St"/>
  <tag k="tiger:zip_left" v="30309"/>
  <tag k="tiger:zip_right" v="30309"/>
  <tag k="turn:lanes" v="left"/>
 </way>
 <way id="1035224033" visible="true" version="2" changeset="123794894" timestamp="2022-07-19T08:28:50Z" user="A_Prokopova_lyft" uid="10976496">
  <nd ref="9535944762"/>
  <nd ref="9535944751"/>
  <nd ref="9535944761"/>
  <nd ref="9535944752"/>
  <tag k="highway" v="secondary"/>
  <tag k="lanes" v="1"/>
  <tag k="name" v="Piedmont Avenue Northeast"/>
  <tag k="oneway" v="yes"/>
  <tag k="surface" v="asphalt"/>
  <tag k="tiger:cfcc" v="A31"/>
  <tag k="tiger:county" v="Fulton, GA"/>
  <tag k="tiger:name_base" v="Piedmont"/>
  <tag k="tiger:name_base_1" v="State Route 237"/>
  <tag k="tiger:name_direction_suffix" v="NE"/>
  <tag k="tiger:name_type" v="Rd"/>
  <tag k="tiger:zip_left" v="30305"/>
  <tag k="tiger:zip_right" v="30305"/>
 </way>
 <way id="1035224034" visible="true" version="6" changeset="186612504" timestamp="2026-07-29T21:42:14Z" user="adelriosantiago" uid="12908516">
  <nd ref="9535944752"/>
  <nd ref="9535944765"/>
  <nd ref="8481441836"/>
  <tag k="cycleway:right" v="lane"/>
  <tag k="cycleway:right:buffer" v="no"/>
  <tag k="highway" v="secondary"/>
  <tag k="lanes" v="2"/>
  <tag k="name" v="14th Street Northeast"/>
  <tag k="oneway" v="yes"/>
  <tag k="sidewalk:left" v="separate"/>
  <tag k="sidewalk:right" v="yes"/>
  <tag k="surface" v="asphalt"/>
  <tag k="turn:lanes:backward" v="left"/>
 </way>
 <way id="1035224035" visible="true" version="2" changeset="177043637" timestamp="2026-01-09T22:28:35Z" user="adelriosantiago" uid="12908516">
  <nd ref="1928236321"/>
  <nd ref="9535944805"/>
  <tag k="footway" v="sidewalk"/>
  <tag k="highway" v="footway"/>
  <tag k="surface" v="concrete"/>
 </way>
 <way id="1035389474" visible="true" version="2" changeset="176602180" timestamp="2025-12-29T22:39:07Z" user="adelriosantiago" uid="12908516">
  <nd ref="6005931655"/>
  <nd ref="6005931656"/>
  <nd ref="9537493878"/>
  <nd ref="9537493877"/>
  <nd ref="9537493876"/>
  <nd ref="6005931657"/>
  <nd ref="9535944796"/>
  <nd ref="9535944795"/>
  <nd ref="6005931658"/>
  <nd ref="6005931659"/>
  <nd ref="9535944797"/>
  <nd ref="1928236308"/>
  <tag k="footway" v="sidewalk"/>
  <tag k="highway" v="footway"/>
  <tag k="surface" v="concrete"/>
 </way>
 <way id="1035389481" visible="true" version="2" changeset="173252543" timestamp="2025-10-14T01:46:49Z" user="shinterro" uid="8562391">
  <nd ref="9537493874"/>
  <nd ref="5996570169"/>
  <nd ref="9537493871"/>
  <tag k="crossing" v="marked"/>
  <tag k="footway" v="crossing"/>
  <tag k="highway" v="footway"/>
 </way>
 <way id="1046200682" visible="true" version="3" changeset="186459429" timestamp="2026-07-27T14:01:45Z" user="SeriouslyUGuys" uid="652102">
  <nd ref="4338646197"/>
  <nd ref="4338646198"/>
  <nd ref="14053858093"/>
  <nd ref="4338646199"/>
  <tag k="highway" v="service"/>
  <tag k="lanes" v="1"/>
  <tag k="oneway" v="yes"/>
  <tag k="turn:lanes" v="right"/>
 </way>
 <way id="1051166432" visible="true" version="1" changeset="119599179" timestamp="2022-04-12T00:19:38Z" user="David Andron" uid="10594286">
  <nd ref="4141755256"/>
  <nd ref="9659685909"/>
  <nd ref="9659685910"/>
  <nd ref="9659685911"/>
  <nd ref="9659685912"/>
  <nd ref="9659685913"/>
  <nd ref="9659685914"/>
  <nd ref="9659685915"/>
  <nd ref="4165941946"/>
  <tag k="footway" v="sidewalk"/>
  <tag k="highway" v="footway"/>
 </way>
 <way id="1051166434" visible="true" version="3" changeset="171561157" timestamp="2025-09-06T21:55:57Z" user="shinterro" uid="8562391">
  <nd ref="4165941939"/>
  <nd ref="9659697625"/>
  <nd ref="9659697753"/>
  <nd ref="9659697627"/>
  <nd ref="9659697628"/>
  <nd ref="9659697752"/>
  <nd ref="9659697629"/>
  <nd ref="9659697630"/>
  <nd ref="9659697631"/>
  <nd ref="9659697632"/>
  <nd ref="3602660734"/>
  <tag k="footway" v="sidewalk"/>
  <tag k="highway" v="footway"/>
  <tag k="surface" v="concrete"/>
 </way>
 <way id="1051166436" visible="true" version="3" changeset="173425135" timestamp="2025-10-17T19:17:07Z" user="shinterro" uid="8562391">
  <nd ref="9659697637"/>
  <nd ref="13239619623"/>
  <nd ref="9659697638"/>
  <tag k="footway" v="sidewalk"/>
  <tag k="highway" v="footway"/>
  <tag k="surface" v="concrete"/>
 </way>
 <way id="1192333038" visible="true" version="3" changeset="173425135" timestamp="2025-10-17T19:17:07Z" user="shinterro" uid="8562391">
  <nd ref="11068664324"/>
  <nd ref="11068664325"/>
  <nd ref="13232006940"/>
  <tag k="highway" v="service"/>
 </way>
 <way id="1192333039" visible="true" version="2" changeset="173425135" timestamp="2025-10-17T19:17:07Z" user="shinterro" uid="8562391">
  <nd ref="11068664333"/>
  <nd ref="11068664338"/>
  <nd ref="11068664339"/>
  <tag k="highway" v="service"/>
 </way>
 <way id="1280096923" visible="true" version="2" changeset="171809790" timestamp="2025-09-12T03:21:24Z" user="shinterro" uid="8562391">
  <nd ref="7477484618"/>
  <nd ref="11883033709"/>
  <nd ref="11883033710"/>
  <nd ref="11883033711"/>
  <nd ref="11883033712"/>
  <nd ref="7477484618"/>
  <tag k="highway" v="service"/>
  <tag k="service" v="driveway"/>
 </way>
 <way id="1380157623" visible="true" version="3" changeset="174800161" timestamp="2025-11-18T03:30:04Z" user="shinterro" uid="8562391">
  <nd ref="12777488377"/>
  <nd ref="12999959675"/>
  <nd ref="12999959673"/>
  <nd ref="12999959672"/>
  <nd ref="12999959670"/>
  <nd ref="12999959669"/>
  <nd ref="5198788173"/>
  <nd ref="12999959668"/>
  <nd ref="5198788174"/>
  <nd ref="12999959709"/>
  <nd ref="5198802568"/>
  <nd ref="12999959667"/>
  <nd ref="12999959711"/>
  <nd ref="12999959710"/>
  <nd ref="12999959712"/>
  <nd ref="13312675264"/>
  <nd ref="12777488378"/>
  <nd ref="12999959664"/>
  <nd ref="13312675265"/>
  <nd ref="5198785450"/>
  <nd ref="5198802567"/>
  <nd ref="12999959449"/>
  <nd ref="12999959448"/>
  <nd ref="12999959434"/>
  <nd ref="12999959714"/>
  <nd ref="12999959715"/>
  <nd ref="12999959716"/>
  <nd ref="12999959305"/>
  <nd ref="12999959717"/>
  <nd ref="12999959718"/>
  <nd ref="12999959719"/>
  <nd ref="12999959720"/>
  <nd ref="12999959721"/>
  <nd ref="12999959722"/>
  <nd ref="12999959516"/>
  <nd ref="12999959560"/>
  <nd ref="12999959692"/>
  <nd ref="4589683532"/>
  <nd ref="12999959700"/>
  <nd ref="12999959562"/>
  <nd ref="12999959522"/>
  <nd ref="12777488380"/>
  <nd ref="12999959520"/>
  <nd ref="12999959723"/>
  <nd ref="12999959724"/>
  <nd ref="12999959420"/>
  <nd ref="12999959417"/>
  <nd ref="12999959725"/>
  <nd ref="12999959726"/>
  <nd ref="12777488381"/>
  <nd ref="12777488377"/>
  <tag k="addr:city" v="Atlanta"/>
  <tag k="addr:housenumber" v="1197"/>
  <tag k="addr:street" v="Peachtree Street Northeast"/>
  <tag k="building" v="retail"/>
  <tag k="building:levels" v="6"/>
  <tag k="name" v="300 Colony Square"/>
 </way>
 <way id="1380157624" visible="true" version="3" changeset="168936012" timestamp="2025-07-14T21:04:48Z" user="shinterro" uid="8562391">
  <nd ref="2749706086"/>
  <nd ref="12999959411"/>
  <nd ref="12999959402"/>
  <nd ref="12999959787"/>
  <nd ref="12999959393"/>
  <nd ref="12999959786"/>
  <nd ref="12999959785"/>
  <nd ref="12999959400"/>
  <nd ref="12999959399"/>
  <nd ref="12999959401"/>
  <nd ref="12777488383"/>
  <nd ref="12777488384"/>
  <nd ref="12999959610"/>
  <nd ref="12777488385"/>
  <nd ref="12999959340"/>
  <nd ref="6885701905"/>
  <nd ref="12999959453"/>
  <nd ref="12999959598"/>
  <nd ref="12999959770"/>
  <nd ref="12999959774"/>
  <nd ref="12777488386"/>
  <nd ref="12999959771"/>
  <nd ref="12777488387"/>
  <nd ref="12999959783"/>
  <nd ref="12999959611"/>
  <nd ref="9536158704"/>
  <nd ref="12999959640"/>
  <nd ref="12999959654"/>
  <nd ref="12999959593"/>
  <nd ref="12999959627"/>
  <nd ref="12999959626"/>
  <nd ref="12999959623"/>
  <nd ref="12999959617"/>
  <nd ref="12999959622"/>
  <nd ref="12999959621"/>
  <nd ref="12999959629"/>
  <nd ref="12999959628"/>
  <nd ref="12999959591"/>
  <nd ref="12999959609"/>
  <nd ref="4873101752"/>
  <nd ref="12999959594"/>
  <nd ref="12046622001"/>
  <nd ref="12046622000"/>
  <nd ref="12818637191"/>
  <nd ref="12818637185"/>
  <nd ref="12046621999"/>
  <nd ref="12818637190"/>
  <nd ref="12046621998"/>
  <nd ref="12818637189"/>
  <nd ref="12818637188"/>
  <nd ref="2749706086"/>
  <tag k="addr:city" v="Atlanta"/>
  <tag k="addr:housenumber" v="1197"/>
  <tag k="addr:postcode" v="30309"/>
  <tag k="addr:street" v="14th Street Northeast"/>
  <tag k="landuse" v="retail"/>
  <tag k="name" v="Colony Square"/>
  <tag k="phone" v="+1-404-879-2250"/>
  <tag k="website" v="https://www.colonysquaremidtown.com/"/>
 </way>
 <way id="1388100453" visible="true" version="2" changeset="176881477" timestamp="2026-01-05T22:41:37Z" user="adelriosantiago" uid="12908516">
  <nd ref="9535944793"/>
  <nd ref="9535944801"/>
  <tag k="footway" v="sidewalk"/>
  <tag k="highway" v="footway"/>
  <tag k="surface" v="concrete"/>
 </way>
 <way id="1388100454" visible="true" version="1" changeset="166497665" timestamp="2025-05-19T21:36:53Z" user="VLD277" uid="19857719">
  <nd ref="9535944800"/>
  <nd ref="5996570690"/>
  <tag k="footway" v="sidewalk"/>
  <tag k="highway" v="footway"/>
 </way>
 <way id="1388100455" visible="true" version="2" changeset="177003536" timestamp="2026-01-08T22:39:05Z" user="adelriosantiago" uid="12908516">
  <nd ref="4307557041"/>
  <nd ref="9535944808"/>
  <tag k="footway" v="sidewalk"/>
  <tag k="highway" v="footway"/>
  <tag k="surface" v="concrete"/>
 </way>
 <way id="1388100456" visible="true" version="2" changeset="185609152" timestamp="2026-07-12T19:25:43Z" user="Cerras" uid="24292237">
  <nd ref="9535944802"/>
  <nd ref="9535944797"/>
  <tag k="footway" v="sidewalk"/>
  <tag k="highway" v="footway"/>
  <tag k="surface" v="concrete"/>
 </way>
 <way id="1388100457" visible="true" version="2" changeset="185609152" timestamp="2026-07-12T19:25:01Z" user="Cerras" uid="24292237">
  <nd ref="1928236308"/>
  <nd ref="9535944803"/>
  <tag k="footway" v="sidewalk"/>
  <tag k="highway" v="footway"/>
  <tag k="surface" v="concrete"/>
 </way>
 <way id="1388100458" visible="true" version="2" changeset="176650789" timestamp="2025-12-30T22:54:10Z" user="adelriosantiago" uid="12908516">
  <nd ref="9535944804"/>
  <nd ref="1928236321"/>
  <tag k="footway" v="sidewalk"/>
  <tag k="highway" v="footway"/>
  <tag k="surface" v="concrete"/>
 </way>
 <way id="1388100459" visible="true" version="2" changeset="176928118" timestamp="2026-01-07T04:43:26Z" user="adelriosantiago" uid="12908516">
  <nd ref="9535944807"/>
  <nd ref="4307557040"/>
  <tag k="footway" v="sidewalk"/>
  <tag k="highway" v="footway"/>
  <tag k="surface" v="concrete"/>
 </way>
 <way id="1388100460" visible="true" version="2" changeset="185609152" timestamp="2026-07-12T19:25:46Z" user="Cerras" uid="24292237">
  <nd ref="9535944805"/>
  <nd ref="9535944806"/>
  <tag k="footway" v="sidewalk"/>
  <tag k="highway" v="footway"/>
  <tag k="surface" v="concrete"/>
 </way>
 <way id="1388100461" visible="true" version="2" changeset="186483735" timestamp="2026-07-27T21:01:10Z" user="adelriosantiago" uid="12908516">
  <nd ref="9535944805"/>
  <nd ref="1928236351"/>
  <nd ref="12849706240"/>
  <nd ref="12849706241"/>
  <nd ref="12849706242"/>
  <nd ref="12849706243"/>
  <nd ref="12849706244"/>
  <nd ref="4307557050"/>
  <nd ref="12849706245"/>
  <nd ref="12849706246"/>
  <nd ref="4307557057"/>
  <tag k="footway" v="sidewalk"/>
  <tag k="highway" v="footway"/>
  <tag k="surface" v="concrete"/>
 </way>
 <way id="1388548611" visible="true" version="2" changeset="175203128" timestamp="2025-11-27T15:32:05Z" user="shinterro" uid="8562391">
  <nd ref="4307557044"/>
  <nd ref="13336389461"/>
  <nd ref="13336389460"/>
  <nd ref="9659697638"/>
  <tag k="footway" v="sidewalk"/>
  <tag k="highway" v="footway"/>
  <tag k="surface" v="concrete"/>
 </way>
 <way id="1388548612" visible="true" version="3" changeset="184993338" timestamp="2026-07-02T18:35:04Z" user="ATLDOT - GIS Team" uid="24267288">
  <nd ref="4307557046"/>
  <nd ref="5674179651"/>
  <nd ref="13983811211"/>
  <nd ref="13336389465"/>
  <tag k="crossing" v="traffic_signals"/>
  <tag k="footway" v="crossing"/>
  <tag k="highway" v="footway"/>
 </way>
 <way id="1388548613" visible="true" version="2" changeset="170902838" timestamp="2025-08-23T23:14:22Z" user="shinterro" uid="8562391">
  <nd ref="4307557047"/>
  <nd ref="5996570157"/>
  <nd ref="9657075275"/>
  <nd ref="5996570158"/>
  <nd ref="13093245597"/>
  <nd ref="4141755253"/>
  <tag k="footway" v="sidewalk"/>
  <tag k="highway" v="footway"/>
  <tag k="surface" v="concrete"/>
 </way>
 <way id="1388548614" visible="true" version="2" changeset="186459429" timestamp="2026-07-27T14:01:45Z" user="SeriouslyUGuys" uid="652102">
  <nd ref="12853379122"/>
  <nd ref="5674179654"/>
  <nd ref="14053858094"/>
  <nd ref="12853379121"/>
  <tag k="crossing" v="traffic_signals"/>
  <tag k="footway" v="crossing"/>
  <tag k="highway" v="footway"/>
 </way>
 <way id="1388548615" visible="true" version="2" changeset="186784171" timestamp="2026-08-01T22:06:58Z" user="adelriosantiago" uid="12908516">
  <nd ref="12853379121"/>
  <nd ref="4307557045"/>
  <tag k="footway" v="sidewalk"/>
  <tag k="highway" v="footway"/>
  <tag k="surface" v="concrete"/>
 </way>
 <way id="1388548616" visible="true" version="1" changeset="166572476" timestamp="2025-05-21T14:32:29Z" user="sgopal" uid="21758061">
  <nd ref="4307557044"/>
  <nd ref="12853379122"/>
  <tag k="footway" v="sidewalk"/>
  <tag k="highway" v="footway"/>
 </way>
 <way id="1388548618" visible="true" version="1" changeset="166572476" timestamp="2025-05-21T14:32:29Z" user="sgopal" uid="21758061">
  <nd ref="4141755254"/>
  <nd ref="5674181091"/>
  <nd ref="4141755255"/>
  <tag k="crossing" v="traffic_signals"/>
  <tag k="footway" v="crossing"/>
  <tag k="highway" v="footway"/>
 </way>
 <way id="1388983680" visible="true" version="4" changeset="173028485" timestamp="2025-10-09T02:05:53Z" user="shinterro" uid="8562391">
  <nd ref="4338646200"/>
  <nd ref="7477484617"/>
  <nd ref="13137393433"/>
  <nd ref="13137393432"/>
  <nd ref="13137393431"/>
  <nd ref="13137393430"/>
  <nd ref="13137393409"/>
  <nd ref="13137393410"/>
  <nd ref="13137393429"/>
  <nd ref="4338646201"/>
  <nd ref="4338646200"/>
  <tag k="access" v="permit"/>
  <tag k="addr:city" v="Atlanta"/>
  <tag k="addr:housenumber" v="1125"/>
  <tag k="addr:postcode" v="30309"/>
  <tag k="addr:street" v="Peachtree Street Northeast"/>
  <tag k="amenity" v="parking"/>
  <tag k="barrier" v="fence"/>
  <tag k="fee" v="yes"/>
  <tag k="fence_type" v="chain_link"/>
  <tag k="height" v="2"/>
  <tag k="name" v="1125 Peachtree St NE Parking"/>
  <tag k="operator" v="AAA Parking"/>
  <tag k="parking" v="surface"/>
  <tag k="smoothness" v="excellent"/>
  <tag k="surface" v="asphalt"/>
 </way>
 <way id="1389003125" visible="true" version="1" changeset="166654397" timestamp="2025-05-23T12:39:55Z" user="saraswathi89" uid="21759278">
  <nd ref="3602660736"/>
  <nd ref="3602660735"/>
  <nd ref="12857480652"/>
  <tag k="crossing" v="zebra"/>
  <tag k="footway" v="crossing"/>
  <tag k="highway" v="footway"/>
 </way>
 <way id="1389003126" visible="true" version="1" changeset="166654397" timestamp="2025-05-23T12:39:55Z" user="saraswathi89" uid="21759278">
  <nd ref="12857480652"/>
  <nd ref="3602660734"/>
  <nd ref="12857480651"/>
  <tag k="footway" v="sidewalk"/>
  <tag k="highway" v="footway"/>
 </way>
 <way id="1414724020" visible="true" version="1" changeset="168936012" timestamp="2025-07-14T21:04:48Z" user="shinterro" uid="8562391">
  <nd ref="12999959310"/>
  <nd ref="12999959309"/>
  <tag k="highway" v="footway"/>
  <tag k="surface" v="asphalt"/>
 </way>
 <way id="1414724021" visible="true" version="2" changeset="180431944" timestamp="2026-03-26T00:05:50Z" user="adelriosantiago" uid="12908516">
  <nd ref="12999959312"/>
  <nd ref="12999959311"/>
  <tag k="handrail" v="yes"/>
  <tag k="highway" v="steps"/>
  <tag k="surface" v="concrete"/>
 </way>
 <way id="1414724022" visible="true" version="1" changeset="168936012" timestamp="2025-07-14T21:04:48Z" user="shinterro" uid="8562391">
  <nd ref="12999959313"/>
  <nd ref="12999959312"/>
  <tag k="footway" v="sidewalk"/>
  <tag k="highway" v="footway"/>
 </way>
 <way id="1414724023" visible="true" version="2" changeset="175203128" timestamp="2025-11-27T15:32:05Z" user="shinterro" uid="8562391">
  <nd ref="12999959316"/>
  <nd ref="12999959337"/>
  <nd ref="13336389512"/>
  <nd ref="12999959336"/>
  <nd ref="13336389511"/>
  <nd ref="12999959335"/>
  <nd ref="12999959334"/>
  <nd ref="12999959333"/>
  <nd ref="13336389513"/>
  <nd ref="12999959332"/>
  <nd ref="13336389509"/>
  <nd ref="12999959331"/>
  <nd ref="12999959316"/>
  <tag k="landuse" v="grass"/>
 </way>
 <way id="1414724024" visible="true" version="2" changeset="175203128" timestamp="2025-11-27T15:32:05Z" user="shinterro" uid="8562391">
  <nd ref="12999959315"/>
  <nd ref="12999959330"/>
  <nd ref="13336389510"/>
  <nd ref="12999959329"/>
  <nd ref="12999959328"/>
  <nd ref="12999959327"/>
  <nd ref="12999959326"/>
  <nd ref="12999959325"/>
  <nd ref="12999959324"/>
  <nd ref="12999959338"/>
  <nd ref="12999959314"/>
  <nd ref="12999959315"/>
  <tag k="landuse" v="grass"/>
 </way>
 <way id="1414724025" visible="true" version="2" changeset="186459429" timestamp="2026-07-27T14:01:45Z" user="SeriouslyUGuys" uid="652102">
  <nd ref="12999959342"/>
  <nd ref="14053858092"/>
  <nd ref="12999959341"/>
  <tag k="highway" v="service"/>
  <tag k="surface" v="asphalt"/>
 </way>
 <way id="1414724026" visible="true" version="1" changeset="168936012" timestamp="2025-07-14T21:04:48Z" user="shinterro" uid="8562391">
  <nd ref="12999959341"/>
  <nd ref="12999959340"/>
  <nd ref="12999959339"/>
  <tag k="highway" v="service"/>
  <tag k="surface" v="concrete"/>
 </way>
 <way id="1414724027" visible="true" version="1" changeset="168936012" timestamp="2025-07-14T21:04:48Z" user="shinterro" uid="8562391">
  <nd ref="12999959349"/>
  <nd ref="12999959348"/>
  <nd ref="12999959347"/>
  <nd ref="12999959346"/>
  <nd ref="12999959345"/>
  <nd ref="12999959344"/>
  <nd ref="12999959343"/>
  <nd ref="12999959378"/>
  <nd ref="5198785462"/>
  <nd ref="12999959371"/>
  <nd ref="12999959349"/>
  <tag k="access" v="customers"/>
  <tag k="leisure" v="outdoor_seating"/>
  <tag k="operator" v="The Starling Outdoor Seating"/>
 </way>
 <way id="1414724028" visible="true" version="1" changeset="168936012" timestamp="2025-07-14T21:04:48Z" user="shinterro" uid="8562391">
  <nd ref="5198785447"/>
  <nd ref="5198785464"/>
  <nd ref="12999959366"/>
  <nd ref="12999959367"/>
  <nd ref="12999959362"/>
  <nd ref="5198785447"/>
  <tag k="building:levels" v="2"/>
  <tag k="building:part" v="yes"/>
 </way>
 <way id="1414724034" visible="true" version="1" changeset="168936012" timestamp="2025-07-14T21:04:48Z" user="shinterro" uid="8562391">
  <nd ref="12999959372"/>
  <nd ref="12999959370"/>
  <nd ref="12999959369"/>
  <nd ref="12999959368"/>
  <nd ref="12999959367"/>
  <nd ref="12999959366"/>
  <nd ref="5198785464"/>
  <nd ref="5198785463"/>
  <nd ref="12999959310"/>
  <nd ref="12999959349"/>
  <nd ref="12999959371"/>
  <nd ref="12999959372"/>
  <tag k="building:levels" v="2"/>
  <tag k="building:part" v="yes"/>
 </way>
 <way id="1414724035" visible="true" version="3" changeset="174800161" timestamp="2025-11-18T03:30:04Z" user="shinterro" uid="8562391">
  <nd ref="12999959373"/>
  <nd ref="12999959361"/>
  <nd ref="12999959372"/>
  <nd ref="12999959371"/>
  <nd ref="5198785462"/>
  <nd ref="12999959378"/>
  <nd ref="12999959377"/>
  <nd ref="12999959374"/>
  <nd ref="5198785460"/>
  <nd ref="12999959380"/>
  <nd ref="12999959373"/>
  <tag k="building:levels" v="3"/>
  <tag k="building:part" v="yes"/>
  <tag k="roof:direction" v="135"/>
  <tag k="roof:levels" v="3"/>
  <tag k="roof:shape" v="skillion"/>
 </way>
 <way id="1414724036" visible="true" version="1" changeset="168936012" timestamp="2025-07-14T21:04:48Z" user="shinterro" uid="8562391">
  <nd ref="5198785461"/>
  <nd ref="12999959374"/>
  <nd ref="12999959377"/>
  <nd ref="12999959378"/>
  <nd ref="12999959343"/>
  <nd ref="12999959379"/>
  <nd ref="12999959376"/>
  <nd ref="5198785461"/>
  <tag k="building:levels" v="3"/>
  <tag k="building:part" v="yes"/>
 </way>
 <way id="1414724037" visible="true" version="1" changeset="168936012" timestamp="2025-07-14T21:04:48Z" user="shinterro" uid="8562391">
  <nd ref="12999959311"/>
  <nd ref="12999959375"/>
  <nd ref="12999959376"/>
  <tag k="highway" v="footway"/>
  <tag k="surface" v="asphalt"/>
 </way>
 <way id="1414724038" visible="true" version="1" changeset="168936012" timestamp="2025-07-14T21:04:48Z" user="shinterro" uid="8562391">
  <nd ref="12999959377"/>
  <nd ref="12999959376"/>
  <tag k="covered" v="yes"/>
  <tag k="highway" v="footway"/>
  <tag k="surface" v="asphalt"/>
 </way>
 <way id="1414724049" visible="true" version="2" changeset="186459429" timestamp="2026-07-27T14:01:45Z" user="SeriouslyUGuys" uid="652102">
  <nd ref="4338646193"/>
  <nd ref="14053858095"/>
  <nd ref="12999959423"/>
  <tag k="highway" v="service"/>
  <tag k="oneway" v="yes"/>
  <tag k="service" v="driveway"/>
  <tag k="surface" v="asphalt"/>
 </way>
 <way id="1414724050" visible="true" version="1" changeset="168936012" timestamp="2025-07-14T21:04:48Z" user="shinterro" uid="8562391">
  <nd ref="12999959424"/>
  <nd ref="12999959427"/>
  <tag k="highway" v="service"/>
  <tag k="oneway" v="yes"/>
  <tag k="service" v="driveway"/>
  <tag k="surface" v="asphalt"/>
 </way>
 <way id="1414724051" visible="true" version="2" changeset="186459429" timestamp="2026-07-27T14:01:45Z" user="SeriouslyUGuys" uid="652102">
  <nd ref="12999959425"/>
  <nd ref="12999959427"/>
  <nd ref="14053858096"/>
  <nd ref="12999959426"/>
  <tag k="highway" v="service"/>
  <tag k="oneway" v="yes"/>
  <tag k="service" v="driveway"/>
  <tag k="surface" v="asphalt"/>
 </way>
 <way id="1414724052" visible="true" version="1" changeset="168936012" timestamp="2025-07-14T21:04:48Z" user="shinterro" uid="8562391">
  <nd ref="12999959434"/>
  <nd ref="12999959433"/>
  <nd ref="12999959432"/>
  <nd ref="12999959431"/>
  <nd ref="12999959430"/>
  <nd ref="12999959429"/>
  <nd ref="12999959428"/>
  <nd ref="12999959425"/>
  <tag k="highway" v="service"/>
  <tag k="oneway" v="yes"/>
  <tag k="service" v="driveway"/>
  <tag k="surface" v="concrete"/>
 </way>
 <way id="1414724055" visible="true" version="1" changeset="168936012" timestamp="2025-07-14T21:04:48Z" user="shinterro" uid="8562391">
  <nd ref="12999959448"/>
  <nd ref="12999959447"/>
  <nd ref="12999959446"/>
  <nd ref="12999959445"/>
  <nd ref="12999959444"/>
  <nd ref="12999959443"/>
  <nd ref="12999959424"/>
  <tag k="highway" v="service"/>
  <tag k="oneway" v="yes"/>
  <tag k="service" v="driveway"/>
  <tag k="surface" v="concrete"/>
 </way>
 <way id="1414724056" visible="true" version="1" changeset="168936012" timestamp="2025-07-14T21:04:48Z" user="shinterro" uid="8562391">
  <nd ref="4338646194"/>
  <nd ref="12999959452"/>
  <nd ref="12999959451"/>
  <nd ref="12999959450"/>
  <nd ref="12999959449"/>
  <tag k="highway" v="service"/>
  <tag k="oneway" v="yes"/>
  <tag k="service" v="driveway"/>
  <tag k="surface" v="concrete"/>
 </way>
 <way id="1414724061" visible="true" version="1" changeset="168936012" timestamp="2025-07-14T21:04:48Z" user="shinterro" uid="8562391">
  <nd ref="12999959782"/>
  <nd ref="12999959781"/>
  <nd ref="12999959780"/>
  <nd ref="12999959468"/>
  <nd ref="12999959467"/>
  <nd ref="12999959782"/>
  <tag k="access" v="private"/>
  <tag k="leisure" v="outdoor_seating"/>
 </way>
 <way id="1414724062" visible="true" version="1" changeset="168936012" timestamp="2025-07-14T21:04:48Z" user="shinterro" uid="8562391">
  <nd ref="12999959472"/>
  <nd ref="12999959471"/>
  <nd ref="12999959470"/>
  <nd ref="12999959469"/>
  <tag k="footway" v="sidewalk"/>
  <tag k="highway" v="footway"/>
  <tag k="surface" v="concrete"/>
 </way>
 <way id="1414724063" visible="true" version="1" changeset="168936012" timestamp="2025-07-14T21:04:48Z" user="shinterro" uid="8562391">
  <nd ref="3602660760"/>
  <nd ref="12999959472"/>
  <nd ref="12999959473"/>
  <tag k="footway" v="sidewalk"/>
  <tag k="highway" v="footway"/>
  <tag k="surface" v="concrete"/>
 </way>
 <way id="1414724075" visible="true" version="1" changeset="168936012" timestamp="2025-07-14T21:04:48Z" user="shinterro" uid="8562391">
  <nd ref="12999959554"/>
  <nd ref="12999959553"/>
  <tag k="footway" v="sidewalk"/>
  <tag k="highway" v="footway"/>
  <tag k="surface" v="paving_stones"/>
 </way>
 <way id="1414724076" visible="true" version="6" changeset="184666675" timestamp="2026-06-26T20:43:00Z" user="adelriosantiago" uid="12908516">
  <nd ref="12999959555"/>
  <nd ref="12999959488"/>
  <nd ref="12999959554"/>
  <tag k="handrail" v="yes"/>
  <tag k="highway" v="steps"/>
  <tag k="incline" v="down"/>
  <tag k="ramp" v="no"/>
  <tag k="step_count" v="14"/>
  <tag k="surface" v="concrete"/>
  <tag k="tactile_paving" v="no"/>
 </way>
 <way id="1414724077" visible="true" version="6" changeset="185065963" timestamp="2026-07-03T22:42:45Z" user="adelriosantiago" uid="12908516">
  <nd ref="12999959532"/>
  <nd ref="12999959531"/>
  <tag k="handrail" v="yes"/>
  <tag k="highway" v="steps"/>
  <tag k="incline" v="down"/>
  <tag k="ramp" v="no"/>
  <tag k="step_count" v="8"/>
  <tag k="surface" v="concrete"/>
  <tag k="tactile_paving" v="no"/>
 </way>
 <way id="1414724079" visible="true" version="2" changeset="175203128" timestamp="2025-11-27T15:32:05Z" user="shinterro" uid="8562391">
  <nd ref="12999959529"/>
  <nd ref="12999959535"/>
  <nd ref="12999959534"/>
  <nd ref="12999959453"/>
  <nd ref="12999959533"/>
  <tag k="footway" v="sidewalk"/>
  <tag k="highway" v="footway"/>
  <tag k="surface" v="concrete"/>
 </way>
 <way id="1414724080" visible="true" version="6" changeset="184764016" timestamp="2026-06-28T21:54:17Z" user="adelriosantiago" uid="12908516">
  <nd ref="12999959530"/>
  <nd ref="12999959529"/>
  <tag k="handrail" v="yes"/>
  <tag k="highway" v="steps"/>
  <tag k="incline" v="down"/>
  <tag k="ramp" v="no"/>
  <tag k="step_count" v="5"/>
  <tag k="surface" v="concrete"/>
  <tag k="tactile_paving" v="no"/>
 </way>
 <way id="1414724081" visible="true" version="1" changeset="168936012" timestamp="2025-07-14T21:04:48Z" user="shinterro" uid="8562391">
  <nd ref="12999959531"/>
  <nd ref="12999959537"/>
  <nd ref="12999959536"/>
  <nd ref="12999959530"/>
  <tag k="footway" v="sidewalk"/>
  <tag k="highway" v="footway"/>
  <tag k="surface" v="concrete"/>
 </way>
 <way id="1414724090" visible="true" version="1" changeset="168936012" timestamp="2025-07-14T21:04:48Z" user="shinterro" uid="8562391">
  <nd ref="12999959552"/>
  <nd ref="12999959538"/>
  <nd ref="12999959306"/>
  <nd ref="12999959551"/>
  <tag k="footway" v="sidewalk"/>
  <tag k="highway" v="footway"/>
  <tag k="surface" v="paving_stones"/>
 </way>
 <way id="1414724091" visible="true" version="1" changeset="168936012" timestamp="2025-07-14T21:04:48Z" user="shinterro" uid="8562391">
  <nd ref="12999959560"/>
  <nd ref="12999959518"/>
  <nd ref="12999959559"/>
  <nd ref="12999959515"/>
  <nd ref="12999959558"/>
  <nd ref="12999959557"/>
  <nd ref="12999959556"/>
  <nd ref="12999959552"/>
  <nd ref="12999959555"/>
  <tag k="footway" v="sidewalk"/>
  <tag k="highway" v="footway"/>
  <tag k="surface" v="paving_stones"/>
 </way>
 <way id="1414724104" visible="true" version="2" changeset="169920684" timestamp="2025-08-03T18:45:16Z" user="CityStridesAtlantaGA" uid="21730901">
  <nd ref="12999959770"/>
  <nd ref="12999959488"/>
  <nd ref="12999959598"/>
  <nd ref="6885701907"/>
  <nd ref="6885701906"/>
  <nd ref="12999959454"/>
  <nd ref="12999959599"/>
  <nd ref="12999959714"/>
  <nd ref="12999959715"/>
  <nd ref="12999959716"/>
  <nd ref="12999959305"/>
  <nd ref="12999959717"/>
  <nd ref="12999959718"/>
  <nd ref="12999959719"/>
  <nd ref="12999959720"/>
  <nd ref="12999959721"/>
  <nd ref="12999959722"/>
  <nd ref="12999959516"/>
  <nd ref="12999959560"/>
  <nd ref="12999959692"/>
  <nd ref="12999959693"/>
  <nd ref="12999959694"/>
  <nd ref="12999959695"/>
  <nd ref="12999959550"/>
  <nd ref="5198766610"/>
  <nd ref="12999959775"/>
  <nd ref="12999959776"/>
  <nd ref="12999959777"/>
  <nd ref="12999959770"/>
  <tag k="area" v="yes"/>
  <tag k="name" v="Colony Square Plaza"/>
  <tag k="place" v="square"/>
  <tag k="surface" v="paving_stones"/>
 </way>
 <way id="1414724120" visible="true" version="4" changeset="183932834" timestamp="2026-06-10T16:32:23Z" user="shinterro" uid="8562391">
  <nd ref="12999959665"/>
  <nd ref="12999959663"/>
  <nd ref="12999959662"/>
  <nd ref="12999959720"/>
  <nd ref="12999959719"/>
  <nd ref="12999959718"/>
  <nd ref="12999959717"/>
  <nd ref="12999959305"/>
  <nd ref="12999959716"/>
  <nd ref="12999959715"/>
  <nd ref="12999959714"/>
  <nd ref="12999959434"/>
  <nd ref="12999959448"/>
  <nd ref="12999959449"/>
  <nd ref="5198802567"/>
  <nd ref="5198785450"/>
  <nd ref="13312675265"/>
  <nd ref="12999959664"/>
  <nd ref="12999959665"/>
  <tag k="addr:floor" v="G;1"/>
  <tag k="addr:housenumber" v="1197"/>
  <tag k="addr:street" v="Peachtree Street Northeast"/>
  <tag k="addr:unit" v="517"/>
  <tag k="air_conditioning" v="yes"/>
  <tag k="amenity" v="restaurant"/>
  <tag k="bar" v="yes"/>
  <tag k="brewery" v="various"/>
  <tag k="building:levels" v="1"/>
  <tag k="building:part" v="yes"/>
  <tag k="check_date" v="2026-06-10"/>
  <tag k="cuisine" v="american"/>
  <tag k="level" v="0;1"/>
  <tag k="microbrewery" v="no"/>
  <tag k="name" v="Establishment Atlanta"/>
  <tag k="opening_hours" v="Mo-Th 11:30-15:00,16:00-22:00; Fr 11:30-15:00,16:00-23:00; Sa 16:30-23:00; Su off"/>
  <tag k="opening_hours:bar" v="Mo-Th 11:30-22:00; Fr 11:30-01:00; Sa 04:30-01:00; Su off"/>
  <tag k="outdoor_seating" v="no"/>
  <tag k="payment:cash" v="yes"/>
  <tag k="payment:credit_cards" v="yes"/>
  <tag k="payment:debit_cards" v="yes"/>
  <tag k="phone" v="+1 404-347-5291"/>
  <tag k="reservation" v="yes"/>
  <tag k="smoking" v="no"/>
  <tag k="website" v="https://establishmentatlanta.com/"/>
  <tag k="wheelchair" v="yes"/>
 </way>
 <way id="1414724132" visible="true" version="2" changeset="174800161" timestamp="2025-11-18T03:30:04Z" user="shinterro" uid="8562391">
  <nd ref="12777488380"/>
  <nd ref="12999959522"/>
  <nd ref="12999959562"/>
  <nd ref="12999959700"/>
  <nd ref="4589683532"/>
  <nd ref="12999959692"/>
  <nd ref="12999959560"/>
  <nd ref="12999959516"/>
  <nd ref="12999959722"/>
  <nd ref="12999959721"/>
  <nd ref="12999959720"/>
  <nd ref="12999959719"/>
  <nd ref="12999959718"/>
  <nd ref="12999959717"/>
  <nd ref="12999959305"/>
  <nd ref="12999959716"/>
  <nd ref="12999959715"/>
  <nd ref="12999959714"/>
  <nd ref="12999959434"/>
  <nd ref="12999959448"/>
  <nd ref="12999959449"/>
  <nd ref="5198802567"/>
  <nd ref="5198785450"/>
  <nd ref="13312675265"/>
  <nd ref="12999959664"/>
  <nd ref="12777488378"/>
  <nd ref="13312675264"/>
  <nd ref="12999959712"/>
  <nd ref="12999959710"/>
  <nd ref="12999959711"/>
  <nd ref="12999959667"/>
  <nd ref="5198802568"/>
  <nd ref="12999959709"/>
  <nd ref="5198788174"/>
  <nd ref="12999959668"/>
  <nd ref="5198788173"/>
  <nd ref="12999959669"/>
  <nd ref="12999959670"/>
  <nd ref="12999959727"/>
  <nd ref="12777488380"/>
  <tag k="building:levels" v="5"/>
  <tag k="building:part" v="yes"/>
 </way>
 <way id="1414724141" visible="true" version="1" changeset="168936012" timestamp="2025-07-14T21:04:48Z" user="shinterro" uid="8562391">
  <nd ref="12999959778"/>
  <nd ref="12999959775"/>
  <nd ref="12999959776"/>
  <nd ref="12999959777"/>
  <nd ref="12999959778"/>
  <tag k="building:levels" v="2"/>
  <tag k="building:part" v="yes"/>
 </way>
 <way id="1414724142" visible="true" version="1" changeset="168936012" timestamp="2025-07-14T21:04:48Z" user="shinterro" uid="8562391">
  <nd ref="12999959767"/>
  <nd ref="12999959766"/>
  <nd ref="12999959784"/>
  <nd ref="12999959779"/>
  <nd ref="12999959780"/>
  <nd ref="12999959781"/>
  <nd ref="12999959782"/>
  <nd ref="12999959473"/>
  <nd ref="12999959768"/>
  <nd ref="12999959767"/>
  <tag k="building:levels" v="2"/>
  <tag k="building:part" v="yes"/>
 </way>
 <way id="1424485338" visible="true" version="1" changeset="170902838" timestamp="2025-08-23T23:14:22Z" user="shinterro" uid="8562391">
  <nd ref="13093190271"/>
  <nd ref="5412021438"/>
  <nd ref="5412021437"/>
  <tag k="access" v="private"/>
  <tag k="highway" v="service"/>
 </way>
 <way id="1424485366" visible="true" version="1" changeset="170902838" timestamp="2025-08-23T23:14:22Z" user="shinterro" uid="8562391">
  <nd ref="13093245597"/>
  <nd ref="13093245596"/>
  <tag k="footway" v="sidewalk"/>
  <tag k="highway" v="footway"/>
  <tag k="surface" v="concrete"/>
 </way>
 <way id="1424485367" visible="true" version="4" changeset="184993338" timestamp="2026-07-02T18:35:04Z" user="ATLDOT - GIS Team" uid="24267288">
  <nd ref="5674181092"/>
  <nd ref="13983811215"/>
  <nd ref="69249214"/>
  <tag k="highway" v="residential"/>
  <tag k="lane_markings" v="no"/>
  <tag k="name" v="13th Street Northeast"/>
  <tag k="oneway" v="no"/>
  <tag k="surface" v="asphalt"/>
  <tag k="tiger:cfcc" v="A41"/>
  <tag k="tiger:county" v="Fulton, GA"/>
  <tag k="tiger:name_base" v="13th"/>
  <tag k="tiger:name_direction_suffix" v="NE"/>
  <tag k="tiger:name_type" v="St"/>
 </way>
 <way id="1424485368" visible="true" version="3" changeset="176026110" timestamp="2025-12-16T22:50:35Z" user="adelriosantiago" uid="12908516">
  <nd ref="3602660737"/>
  <nd ref="13093245612"/>
  <nd ref="13137393406"/>
  <nd ref="5674181092"/>
  <tag k="highway" v="residential"/>
  <tag k="lane_markings" v="no"/>
  <tag k="name" v="13th Street Northeast"/>
  <tag k="oneway" v="no"/>
  <tag k="sidewalk:left" v="no"/>
  <tag k="sidewalk:right" v="separate"/>
  <tag k="surface" v="asphalt"/>
  <tag k="tiger:cfcc" v="A41"/>
  <tag k="tiger:county" v="Fulton, GA"/>
  <tag k="tiger:name_base" v="13th"/>
  <tag k="tiger:name_direction_suffix" v="NE"/>
  <tag k="tiger:name_type" v="St"/>
 </way>
 <way id="1424485369" visible="true" version="1" changeset="170902838" timestamp="2025-08-23T23:14:22Z" user="shinterro" uid="8562391">
  <nd ref="13093245601"/>
  <nd ref="13093245602"/>
  <nd ref="13093245603"/>
  <nd ref="13093245604"/>
  <nd ref="13093190271"/>
  <nd ref="13093245605"/>
  <nd ref="13093245606"/>
  <nd ref="13093245607"/>
  <nd ref="13093245608"/>
  <nd ref="13093245609"/>
  <nd ref="13093245610"/>
  <nd ref="13093245598"/>
  <nd ref="13093245601"/>
  <tag k="barrier" v="wall"/>
  <tag k="construction" v="commercial"/>
  <tag k="height" v="2"/>
  <tag k="landuse" v="construction"/>
 </way>
 <way id="1442051391" visible="true" version="2" changeset="173425135" timestamp="2025-10-17T19:17:07Z" user="shinterro" uid="8562391">
  <nd ref="13232006941"/>
  <nd ref="11068664333"/>
  <nd ref="11068664335"/>
  <nd ref="11068664336"/>
  <tag k="highway" v="service"/>
 </way>
 <way id="1442051392" visible="true" version="2" changeset="173425135" timestamp="2025-10-17T19:17:07Z" user="shinterro" uid="8562391">
  <nd ref="13232006940"/>
  <nd ref="13239619735"/>
  <nd ref="11068664329"/>
  <nd ref="13239619732"/>
  <nd ref="13239619733"/>
  <nd ref="11068664331"/>
  <nd ref="13239619734"/>
  <nd ref="13232006941"/>
  <tag k="covered" v="yes"/>
  <tag k="highway" v="service"/>
 </way>
 <way id="1442051393" visible="true" version="1" changeset="173252543" timestamp="2025-10-14T01:46:49Z" user="shinterro" uid="8562391">
  <nd ref="5853527355"/>
  <nd ref="13232006942"/>
  <nd ref="6702910689"/>
  <tag k="highway" v="residential"/>
  <tag k="name" v="13th Street Northeast"/>
  <tag k="sidewalk:both" v="separate"/>
  <tag k="surface" v="asphalt"/>
  <tag k="tiger:cfcc" v="A41"/>
  <tag k="tiger:county" v="Fulton, GA"/>
  <tag k="tiger:name_base" v="13th"/>
  <tag k="tiger:name_direction_suffix" v="NE"/>
  <tag k="tiger:name_type" v="St"/>
 </way>
 <way id="1442051394" visible="true" version="1" changeset="173252543" timestamp="2025-10-14T01:46:49Z" user="shinterro" uid="8562391">
  <nd ref="9537493871"/>
  <nd ref="6005931694"/>
  <tag k="footway" v="sidewalk"/>
  <tag k="highway" v="footway"/>
  <tag k="surface" v="concrete"/>
 </way>
 <way id="1442051395" visible="true" version="1" changeset="173252543" timestamp="2025-10-14T01:46:49Z" user="shinterro" uid="8562391">
  <nd ref="5996570168"/>
  <nd ref="9537493874"/>
  <tag k="footway" v="sidewalk"/>
  <tag k="highway" v="footway"/>
  <tag k="surface" v="concrete"/>
 </way>
 <way id="1442051396" visible="true" version="1" changeset="173252543" timestamp="2025-10-14T01:46:49Z" user="shinterro" uid="8562391">
  <nd ref="13232006950"/>
  <nd ref="13232006949"/>
  <nd ref="13232006948"/>
  <nd ref="13232006947"/>
  <nd ref="13232006950"/>
  <tag k="amenity" v="parking"/>
  <tag k="orientation" v="parallel"/>
  <tag k="parking" v="surface"/>
  <tag k="smoothness" v="good"/>
  <tag k="surface" v="asphalt"/>
 </way>
 <way id="1442051398" visible="true" version="1" changeset="173252543" timestamp="2025-10-14T01:46:49Z" user="shinterro" uid="8562391">
  <nd ref="6702910688"/>
  <nd ref="6702910685"/>
  <tag k="highway" v="service"/>
  <tag k="service" v="driveway"/>
  <tag k="surface" v="asphalt"/>
 </way>
 <way id="1442258925" visible="true" version="3" changeset="188114389" timestamp="2026-08-27T19:17:55Z" user="Karen@Digible" uid="24477572">
  <nd ref="13233847281"/>
  <nd ref="13233847299"/>
  <nd ref="13233847298"/>
  <nd ref="13233847297"/>
  <nd ref="5199951240"/>
  <nd ref="5199951239"/>
  <nd ref="13233847296"/>
  <nd ref="13233847295"/>
  <nd ref="13233847294"/>
  <nd ref="13233847293"/>
  <nd ref="5199951260"/>
  <nd ref="13233847292"/>
  <nd ref="5199951249"/>
  <nd ref="13233847281"/>
  <tag k="addr:city" v="Atlanta"/>
  <tag k="addr:housenumber" v="207"/>
  <tag k="addr:state" v="GA"/>
  <tag k="addr:street" v="13th Street Northeast"/>
  <tag k="building" v="apartments"/>
  <tag k="building:levels" v="5"/>
  <tag k="building:year_built" v="2017"/>
  <tag k="description" v="The Registry on the Park. Located in the heart of vibrant Midtown Atlanta, our luxury apartment community offers a sophisticated lifestyle surrounded by some of the city’s most desirable dining, shopping, entertainment, and cultural destinations."/>
  <tag k="height" v="98"/>
  <tag k="image" v="https://theregistryonthepark.com/assets/images/cache/instagram-451971429_444795578377888_4160280916491539280_n-a3d4ceb465c669ffc49cb6b770940a0b.jpg"/>
  <tag k="name" v="The Registry on the Park"/>
  <tag k="phone" v="+1 855-942-5434"/>
  <tag k="units" v="245"/>
  <tag k="website" v="http://www.theregistryonthepark.com/?rcstdid=Mg%3D%3D-YRjTEizZPgM%3D&amp;utm_source=googlemybusiness&amp;utm_medium=organic&amp;utm_campaign=gmblisting"/>
  <tag k="wikipedia" v="en:Yoo on the Park"/>
 </way>
 <way id="1442258928" visible="true" version="1" changeset="173299277" timestamp="2025-10-15T02:49:39Z" user="shinterro" uid="8562391">
  <nd ref="13233862405"/>
  <nd ref="13233862471"/>
  <tag k="highway" v="service"/>
  <tag k="surface" v="concrete"/>
 </way>
 <way id="1442258935" visible="true" version="1" changeset="173299277" timestamp="2025-10-15T02:49:39Z" user="shinterro" uid="8562391">
  <nd ref="13233862421"/>
  <nd ref="13233862420"/>
  <tag k="covered" v="yes"/>
  <tag k="highway" v="service"/>
  <tag k="service" v="driveway"/>
  <tag k="surface" v="concrete"/>
 </way>
 <way id="1442258936" visible="true" version="1" changeset="173299277" timestamp="2025-10-15T02:49:39Z" user="shinterro" uid="8562391">
  <nd ref="13233862423"/>
  <nd ref="13233862419"/>
  <tag k="highway" v="service"/>
  <tag k="service" v="driveway"/>
  <tag k="surface" v="asphalt"/>
 </way>
 <way id="1442258937" visible="true" version="1" changeset="173299277" timestamp="2025-10-15T02:49:39Z" user="shinterro" uid="8562391">
  <nd ref="13233862419"/>
  <nd ref="13233862422"/>
  <nd ref="13233862421"/>
  <tag k="highway" v="service"/>
  <tag k="service" v="driveway"/>
  <tag k="surface" v="concrete"/>
 </way>
 <way id="1442258941" visible="true" version="1" changeset="173299277" timestamp="2025-10-15T02:49:39Z" user="shinterro" uid="8562391">
  <nd ref="13233862464"/>
  <nd ref="13233862467"/>
  <nd ref="13233862471"/>
  <tag k="highway" v="service"/>
  <tag k="oneway" v="yes"/>
  <tag k="service" v="driveway"/>
  <tag k="surface" v="concrete"/>
 </way>
 <way id="1442258944" visible="true" version="1" changeset="173299277" timestamp="2025-10-15T02:49:39Z" user="shinterro" uid="8562391">
  <nd ref="69249224"/>
  <nd ref="6005931691"/>
  <nd ref="13233862471"/>
  <tag k="highway" v="service"/>
 </way>
 <way id="1442889872" visible="true" version="1" changeset="173425135" timestamp="2025-10-17T19:17:07Z" user="shinterro" uid="8562391">
  <nd ref="13239616786"/>
  <nd ref="13239616783"/>
  <nd ref="13239616784"/>
  <nd ref="13239616785"/>
  <nd ref="13239616786"/>
  <tag k="barrier" v="kerb"/>
  <tag k="kerb" v="raised"/>
  <tag k="landuse" v="flowerbed"/>
 </way>
 <way id="1442889875" visible="true" version="2" changeset="173471756" timestamp="2025-10-19T00:38:49Z" user="shinterro" uid="8562391">
  <nd ref="13239616795"/>
  <nd ref="2749706077"/>
  <nd ref="2748849961"/>
  <nd ref="13239616794"/>
  <nd ref="13239616795"/>
  <tag k="addr:city" v="Atlanta"/>
  <tag k="addr:housenumber" v="1167"/>
  <tag k="addr:postcode" v="30309"/>
  <tag k="addr:street" v="14th Place Northeast"/>
  <tag k="building" v="terrace"/>
  <tag k="building:levels" v="2"/>
 </way>
 <way id="1442889876" visible="true" version="2" changeset="173471756" timestamp="2025-10-19T00:38:49Z" user="shinterro" uid="8562391">
  <nd ref="13239616797"/>
  <nd ref="13239616795"/>
  <nd ref="13239616794"/>
  <nd ref="13239616796"/>
  <nd ref="13239616797"/>
  <tag k="addr:city" v="Atlanta"/>
  <tag k="addr:housenumber" v="1165"/>
  <tag k="addr:postcode" v="30309"/>
  <tag k="addr:street" v="14th Place Northeast"/>
  <tag k="building" v="terrace"/>
  <tag k="building:levels" v="2"/>
 </way>
 <way id="1442889877" visible="true" version="2" changeset="173471756" timestamp="2025-10-19T00:38:49Z" user="shinterro" uid="8562391">
  <nd ref="13239616799"/>
  <nd ref="13239616797"/>
  <nd ref="13239616796"/>
  <nd ref="13239616798"/>
  <nd ref="13239616799"/>
  <tag k="addr:city" v="Atlanta"/>
  <tag k="addr:housenumber" v="1163"/>
  <tag k="addr:postcode" v="30309"/>
  <tag k="addr:street" v="14th Place Northeast"/>
  <tag k="building" v="terrace"/>
  <tag k="building:levels" v="2"/>
 </way>
 <way id="1442889883" visible="true" version="2" changeset="173471756" timestamp="2025-10-19T00:38:49Z" user="shinterro" uid="8562391">
  <nd ref="13239619611"/>
  <nd ref="13239619609"/>
  <nd ref="13239619608"/>
  <nd ref="13239619610"/>
  <nd ref="13239619611"/>
  <tag k="addr:city" v="Atlanta"/>
  <tag k="addr:housenumber" v="1162"/>
  <tag k="addr:postcode" v="30309"/>
  <tag k="addr:street" v="14th Place Northeast"/>
  <tag k="building" v="terrace"/>
  <tag k="building:levels" v="2"/>
 </way>
 <way id="1442889884" visible="true" version="2" changeset="173471756" timestamp="2025-10-19T00:38:49Z" user="shinterro" uid="8562391">
  <nd ref="13239619616"/>
  <nd ref="13239619615"/>
  <nd ref="13239619612"/>
  <nd ref="13239619614"/>
  <nd ref="13239619613"/>
  <nd ref="13241914740"/>
  <nd ref="13239619616"/>
  <tag k="barrier" v="fence"/>
  <tag k="fence_type" v="chain_link"/>
  <tag k="height" v="2"/>
  <tag k="landuse" v="brownfield"/>
 </way>
 <way id="1442889885" visible="true" version="1" changeset="173425135" timestamp="2025-10-17T19:17:07Z" user="shinterro" uid="8562391">
  <nd ref="13239619659"/>
  <nd ref="13239619658"/>
  <tag k="highway" v="service"/>
  <tag k="service" v="alley"/>
 </way>
 <way id="1442889886" visible="true" version="2" changeset="186730551" timestamp="2026-07-31T21:09:22Z" user="adelriosantiago" uid="12908516">
  <nd ref="7258187491"/>
  <nd ref="9535944810"/>
  <nd ref="8238404062"/>
  <tag k="highway" v="service"/>
  <tag k="service" v="alley"/>
  <tag k="surface" v="asphalt"/>
 </way>
 <way id="1442889889" visible="true" version="1" changeset="173425135" timestamp="2025-10-17T19:17:07Z" user="shinterro" uid="8562391">
  <nd ref="13239619624"/>
  <nd ref="13239619623"/>
  <nd ref="13239619622"/>
  <tag k="highway" v="service"/>
  <tag k="service" v="driveway"/>
 </way>
 <way id="1442889890" visible="true" version="1" changeset="173425135" timestamp="2025-10-17T19:17:07Z" user="shinterro" uid="8562391">
  <nd ref="13239619626"/>
  <nd ref="13239619625"/>
  <tag k="highway" v="service"/>
  <tag k="oneway" v="yes"/>
 </way>
 <way id="1442889891" visible="true" version="1" changeset="173425135" timestamp="2025-10-17T19:17:07Z" user="shinterro" uid="8562391">
  <nd ref="13239619628"/>
  <nd ref="13239619627"/>
  <tag k="highway" v="service"/>
  <tag k="oneway" v="yes"/>
  <tag k="service" v="driveway"/>
  <tag k="surface" v="paving_stones"/>
 </way>
 <way id="1442889892" visible="true" version="1" changeset="173425135" timestamp="2025-10-17T19:17:07Z" user="shinterro" uid="8562391">
  <nd ref="13239619630"/>
  <nd ref="13239619629"/>
  <tag k="highway" v="service"/>
  <tag k="oneway" v="yes"/>
  <tag k="service" v="driveway"/>
  <tag k="surface" v="paving_stones"/>
 </way>
 <way id="1442889893" visible="true" version="1" changeset="173425135" timestamp="2025-10-17T19:17:07Z" user="shinterro" uid="8562391">
  <nd ref="5996570686"/>
  <nd ref="4338646192"/>
  <tag k="highway" v="service"/>
  <tag k="oneway" v="yes"/>
  <tag k="service" v="driveway"/>
 </way>
 <way id="1442889894" visible="true" version="1" changeset="173425135" timestamp="2025-10-17T19:17:07Z" user="shinterro" uid="8562391">
  <nd ref="4338645785"/>
  <nd ref="5996570685"/>
  <tag k="highway" v="service"/>
  <tag k="oneway" v="yes"/>
  <tag k="service" v="driveway"/>
 </way>
 <way id="1442889895" visible="true" version="1" changeset="173425135" timestamp="2025-10-17T19:17:07Z" user="shinterro" uid="8562391">
  <nd ref="13239619633"/>
  <nd ref="13239619630"/>
  <nd ref="13239619627"/>
  <nd ref="13239619632"/>
  <tag k="highway" v="service"/>
  <tag k="service" v="driveway"/>
  <tag k="surface" v="paving_stones"/>
 </way>
 <way id="1442889896" visible="true" version="1" changeset="173425135" timestamp="2025-10-17T19:17:07Z" user="shinterro" uid="8562391">
  <nd ref="5198686022"/>
  <nd ref="13239619626"/>
  <nd ref="8238404056"/>
  <nd ref="13239619638"/>
  <nd ref="8238404060"/>
  <nd ref="8238404058"/>
  <nd ref="8238404057"/>
  <nd ref="5198686032"/>
  <nd ref="5198686031"/>
  <nd ref="5198686050"/>
  <nd ref="5198686049"/>
  <nd ref="5198686048"/>
  <nd ref="5198686047"/>
  <nd ref="5198685817"/>
  <nd ref="5198685818"/>
  <nd ref="5198685819"/>
  <nd ref="5198685820"/>
  <nd ref="5198686021"/>
  <nd ref="5198686022"/>
  <tag k="access" v="permit"/>
  <tag k="amenity" v="parking"/>
  <tag k="building" v="parking"/>
  <tag k="building:levels" v="1"/>
  <tag k="lit" v="yes"/>
  <tag k="opening_hours" v="24/7"/>
  <tag k="parking" v="multi-storey"/>
  <tag k="smoothness" v="excellent"/>
  <tag k="surface" v="concrete"/>
 </way>
 <way id="1442889897" visible="true" version="1" changeset="173425135" timestamp="2025-10-17T19:17:07Z" user="shinterro" uid="8562391">
  <nd ref="13239619639"/>
  <nd ref="6702910692"/>
  <tag k="highway" v="service"/>
  <tag k="service" v="driveway"/>
 </way>
 <way id="1442889898" visible="true" version="1" changeset="173425135" timestamp="2025-10-17T19:17:07Z" user="shinterro" uid="8562391">
  <nd ref="13239619640"/>
  <nd ref="13239619639"/>
  <tag k="covered" v="yes"/>
  <tag k="highway" v="service"/>
  <tag k="service" v="driveway"/>
 </way>
 <way id="1442889899" visible="true" version="1" changeset="173425135" timestamp="2025-10-17T19:17:07Z" user="shinterro" uid="8562391">
  <nd ref="13239619641"/>
  <nd ref="13239619640"/>
  <tag k="highway" v="service"/>
  <tag k="service" v="driveway"/>
 </way>
 <way id="1442889900" visible="true" version="1" changeset="173425135" timestamp="2025-10-17T19:17:07Z" user="shinterro" uid="8562391">
  <nd ref="13239619649"/>
  <nd ref="13239619642"/>
  <nd ref="13239619648"/>
  <nd ref="13239619647"/>
  <nd ref="13239619646"/>
  <nd ref="13239619645"/>
  <nd ref="13239619644"/>
  <nd ref="13239619643"/>
  <nd ref="13239619649"/>
  <tag k="barrier" v="kerb"/>
  <tag k="kerb" v="raised"/>
  <tag k="landuse" v="flowerbed"/>
  <tag k="traffic_calming" v="island"/>
 </way>
 <way id="1442889901" visible="true" version="1" changeset="173425135" timestamp="2025-10-17T19:17:07Z" user="shinterro" uid="8562391">
  <nd ref="13239619654"/>
  <nd ref="5853527366"/>
  <nd ref="13239619657"/>
  <tag k="highway" v="service"/>
 </way>
 <way id="1442889902" visible="true" version="1" changeset="173425135" timestamp="2025-10-17T19:17:07Z" user="shinterro" uid="8562391">
  <nd ref="13239619654"/>
  <nd ref="13239619653"/>
  <nd ref="13239619652"/>
  <nd ref="13239619651"/>
  <tag k="highway" v="service"/>
  <tag k="oneway" v="yes"/>
  <tag k="service" v="driveway"/>
 </way>
 <way id="1442889903" visible="true" version="1" changeset="173425135" timestamp="2025-10-17T19:17:07Z" user="shinterro" uid="8562391">
  <nd ref="13239619656"/>
  <nd ref="13239619655"/>
  <tag k="highway" v="service"/>
  <tag k="service" v="parking_aisle"/>
 </way>
 <way id="1442889904" visible="true" version="1" changeset="173425135" timestamp="2025-10-17T19:17:07Z" user="shinterro" uid="8562391">
  <nd ref="13239619657"/>
  <nd ref="13239619656"/>
  <tag k="covered" v="yes"/>
  <tag k="highway" v="service"/>
 </way>
 <way id="1442889905" visible="true" version="1" changeset="173425135" timestamp="2025-10-17T19:17:07Z" user="shinterro" uid="8562391">
  <nd ref="6702910691"/>
  <nd ref="13239619660"/>
  <nd ref="13239619659"/>
  <tag k="highway" v="service"/>
  <tag k="service" v="driveway"/>
 </way>
 <way id="1442889906" visible="true" version="2" changeset="174746656" timestamp="2025-11-16T21:30:32Z" user="shinterro" uid="8562391">
  <nd ref="13239619694"/>
  <nd ref="13239619693"/>
  <nd ref="13239619670"/>
  <nd ref="13239619692"/>
  <nd ref="13239619669"/>
  <nd ref="13239619691"/>
  <nd ref="13239619690"/>
  <nd ref="13239619689"/>
  <nd ref="13239619688"/>
  <nd ref="13239619687"/>
  <nd ref="13239619665"/>
  <nd ref="13239619686"/>
  <nd ref="13239619666"/>
  <nd ref="13239619685"/>
  <nd ref="13239619684"/>
  <nd ref="13239619683"/>
  <nd ref="13239619682"/>
  <nd ref="13239619681"/>
  <nd ref="13239619667"/>
  <nd ref="13239619680"/>
  <nd ref="13239619668"/>
  <nd ref="13239619679"/>
  <nd ref="13239619678"/>
  <nd ref="13239619677"/>
  <nd ref="13239619676"/>
  <nd ref="13239619675"/>
  <nd ref="13239619663"/>
  <nd ref="13239619674"/>
  <nd ref="13239619664"/>
  <nd ref="13239619673"/>
  <nd ref="13239619672"/>
  <nd ref="13239619671"/>
  <nd ref="13239619694"/>
  <tag k="access" v="private"/>
  <tag k="layer" v="1"/>
  <tag k="leisure" v="swimming_pool"/>
  <tag k="location" v="roof"/>
  <tag k="sport" v="swimming"/>
 </way>
 <way id="1442889907" visible="true" version="2" changeset="174749270" timestamp="2025-11-16T23:04:57Z" user="shinterro" uid="8562391">
  <nd ref="13239619705"/>
  <nd ref="13239619704"/>
  <nd ref="13239619703"/>
  <nd ref="13239619702"/>
  <nd ref="13239619701"/>
  <nd ref="13239619700"/>
  <nd ref="13239619699"/>
  <nd ref="13239619698"/>
  <nd ref="13239619697"/>
  <nd ref="13239619696"/>
  <nd ref="13239619695"/>
  <nd ref="13239619705"/>
  <tag k="access" v="private"/>
  <tag k="leisure" v="swimming_pool"/>
  <tag k="location" v="outdoor"/>
  <tag k="sport" v="swimming"/>
  <tag k="swimming_pool" v="inground"/>
 </way>
 <way id="1442889908" visible="true" version="1" changeset="173425135" timestamp="2025-10-17T19:17:07Z" user="shinterro" uid="8562391">
  <nd ref="13239619714"/>
  <nd ref="13239619713"/>
  <nd ref="13239619712"/>
  <nd ref="13239619711"/>
  <nd ref="13239619710"/>
  <nd ref="13239619709"/>
  <nd ref="13239619708"/>
  <nd ref="13239619707"/>
  <nd ref="13239619706"/>
  <nd ref="13239619714"/>
  <tag k="landuse" v="residential"/>
  <tag k="name" v="Colony Park Citihomes Condominiums"/>
  <tag k="residential" v="apartments"/>
 </way>
 <way id="1442889909" visible="true" version="1" changeset="173425135" timestamp="2025-10-17T19:17:07Z" user="shinterro" uid="8562391">
  <nd ref="8481441836"/>
  <nd ref="8481441840"/>
  <nd ref="8481441841"/>
  <tag k="highway" v="service"/>
  <tag k="service" v="driveway"/>
 </way>
 <way id="1442889910" visible="true" version="1" changeset="173425135" timestamp="2025-10-17T19:17:07Z" user="shinterro" uid="8562391">
  <nd ref="11050833236"/>
  <nd ref="5834678447"/>
  <tag k="access" v="private"/>
  <tag k="highway" v="service"/>
  <tag k="service" v="parking_aisle"/>
  <tag k="surface" v="asphalt"/>
 </way>
 <way id="1442889911" visible="true" version="2" changeset="174746656" timestamp="2025-11-16T21:30:32Z" user="shinterro" uid="8562391">
  <nd ref="13239619731"/>
  <nd ref="13239619730"/>
  <nd ref="13239619729"/>
  <nd ref="13239619728"/>
  <nd ref="13239619722"/>
  <nd ref="13239619727"/>
  <nd ref="13239619721"/>
  <nd ref="13239619726"/>
  <nd ref="13239619720"/>
  <nd ref="13239619725"/>
  <nd ref="13239619719"/>
  <nd ref="13239619724"/>
  <nd ref="13239619723"/>
  <nd ref="13239619731"/>
  <tag k="access" v="private"/>
  <tag k="layer" v="1"/>
  <tag k="leisure" v="swimming_pool"/>
  <tag k="location" v="roof"/>
  <tag k="sport" v="swimming"/>
 </way>
 <way id="1442889913" visible="true" version="2" changeset="175203128" timestamp="2025-11-27T15:32:05Z" user="shinterro" uid="8562391">
  <nd ref="13239619795"/>
  <nd ref="13239619794"/>
  <nd ref="13239619793"/>
  <nd ref="13239619791"/>
  <nd ref="13239619789"/>
  <nd ref="13239619788"/>
  <nd ref="13239619787"/>
  <nd ref="13239619786"/>
  <nd ref="13239619784"/>
  <nd ref="13239619783"/>
  <nd ref="13239619782"/>
  <nd ref="13239619781"/>
  <nd ref="13239619780"/>
  <nd ref="13239619779"/>
  <nd ref="13239619777"/>
  <nd ref="13239619776"/>
  <nd ref="13239619775"/>
  <nd ref="13239619774"/>
  <nd ref="13239619773"/>
  <nd ref="13239619772"/>
  <nd ref="13239619771"/>
  <nd ref="13239619770"/>
  <nd ref="13239619769"/>
  <nd ref="13239619768"/>
  <nd ref="13239619767"/>
  <nd ref="13239619766"/>
  <nd ref="13239619765"/>
  <nd ref="13239619764"/>
  <nd ref="13239619763"/>
  <nd ref="13239619762"/>
  <nd ref="13239619761"/>
  <nd ref="13239619760"/>
  <nd ref="13239619756"/>
  <nd ref="13239619757"/>
  <nd ref="13239619795"/>
  <tag k="building:levels" v="14"/>
  <tag k="building:part" v="yes"/>
 </way>
 <way id="1443116863" visible="true" version="1" changeset="173471756" timestamp="2025-10-19T00:38:49Z" user="shinterro" uid="8562391">
  <nd ref="13241914756"/>
  <nd ref="13241914755"/>
  <tag k="footway" v="sidewalk"/>
  <tag k="highway" v="footway"/>
  <tag k="surface" v="concrete"/>
 </way>
 <way id="1443116864" visible="true" version="1" changeset="173471756" timestamp="2025-10-19T00:38:49Z" user="shinterro" uid="8562391">
  <nd ref="5996570181"/>
  <nd ref="13241914772"/>
  <tag k="footway" v="sidewalk"/>
  <tag k="highway" v="footway"/>
  <tag k="surface" v="concrete"/>
 </way>
 <way id="1443116865" visible="true" version="1" changeset="173471756" timestamp="2025-10-19T00:38:49Z" user="shinterro" uid="8562391">
  <nd ref="13241914766"/>
  <nd ref="5996570182"/>
  <tag k="footway" v="sidewalk"/>
  <tag k="highway" v="footway"/>
  <tag k="surface" v="concrete"/>
 </way>
 <way id="1443116866" visible="true" version="1" changeset="173471756" timestamp="2025-10-19T00:38:49Z" user="shinterro" uid="8562391">
  <nd ref="13241914762"/>
  <nd ref="13241914763"/>
  <nd ref="13241914764"/>
  <nd ref="13241914765"/>
  <nd ref="13241914766"/>
  <tag k="highway" v="steps"/>
  <tag k="incline" v="down"/>
  <tag k="surface" v="concrete"/>
 </way>
 <way id="1443116867" visible="true" version="1" changeset="173471756" timestamp="2025-10-19T00:38:49Z" user="shinterro" uid="8562391">
  <nd ref="13241914759"/>
  <nd ref="13241914760"/>
  <nd ref="13241914756"/>
  <nd ref="13241914761"/>
  <nd ref="13241914762"/>
  <tag k="footway" v="sidewalk"/>
  <tag k="highway" v="footway"/>
  <tag k="surface" v="concrete"/>
 </way>
 <way id="1443116868" visible="true" version="1" changeset="173471756" timestamp="2025-10-19T00:38:49Z" user="shinterro" uid="8562391">
  <nd ref="13241914772"/>
  <nd ref="13241914757"/>
  <nd ref="13241914771"/>
  <nd ref="13241914758"/>
  <nd ref="13241914759"/>
  <tag k="highway" v="steps"/>
  <tag k="incline" v="up"/>
  <tag k="surface" v="concrete"/>
 </way>
 <way id="1443116869" visible="true" version="1" changeset="173471756" timestamp="2025-10-19T00:38:49Z" user="shinterro" uid="8562391">
  <nd ref="5834678406"/>
  <nd ref="13241914780"/>
  <nd ref="13241914781"/>
  <nd ref="13241914779"/>
  <nd ref="5834678405"/>
  <nd ref="13241914773"/>
  <tag k="highway" v="service"/>
  <tag k="oneway" v="yes"/>
 </way>
 <way id="1443116870" visible="true" version="1" changeset="173471756" timestamp="2025-10-19T00:38:49Z" user="shinterro" uid="8562391">
  <nd ref="5834678400"/>
  <nd ref="5834678399"/>
  <nd ref="13241914777"/>
  <nd ref="13241914778"/>
  <nd ref="13241914776"/>
  <nd ref="5834678398"/>
  <tag k="highway" v="service"/>
  <tag k="oneway" v="yes"/>
 </way>
 <way id="1443116872" visible="true" version="1" changeset="173471756" timestamp="2025-10-19T00:38:49Z" user="shinterro" uid="8562391">
  <nd ref="13241914802"/>
  <nd ref="13241914797"/>
  <nd ref="13241914794"/>
  <nd ref="13241914755"/>
  <nd ref="13241914793"/>
  <nd ref="13241914796"/>
  <nd ref="13241914803"/>
  <nd ref="13241914802"/>
  <tag k="building:levels" v="3"/>
  <tag k="building:part" v="yes"/>
 </way>
 <way id="1443116873" visible="true" version="1" changeset="173471756" timestamp="2025-10-19T00:38:49Z" user="shinterro" uid="8562391">
  <nd ref="13241914804"/>
  <nd ref="13241914803"/>
  <nd ref="13241914796"/>
  <nd ref="13241914795"/>
  <nd ref="13241914834"/>
  <nd ref="13241914804"/>
  <tag k="building:levels" v="2"/>
  <tag k="building:part" v="yes"/>
 </way>
 <way id="1443116874" visible="true" version="1" changeset="173471756" timestamp="2025-10-19T00:38:49Z" user="shinterro" uid="8562391">
  <nd ref="13241914829"/>
  <nd ref="13241914798"/>
  <nd ref="13241914797"/>
  <nd ref="13241914802"/>
  <nd ref="13241914801"/>
  <nd ref="13241914829"/>
  <tag k="building:levels" v="2"/>
  <tag k="building:part" v="yes"/>
 </way>
 <way id="1443116875" visible="true" version="1" changeset="173471756" timestamp="2025-10-19T00:38:49Z" user="shinterro" uid="8562391">
  <nd ref="13241914824"/>
  <nd ref="13241914823"/>
  <nd ref="13241914822"/>
  <nd ref="13241914821"/>
  <nd ref="13241914820"/>
  <nd ref="13241914819"/>
  <nd ref="13241914818"/>
  <nd ref="13241914817"/>
  <nd ref="13241914816"/>
  <nd ref="13241914815"/>
  <nd ref="13241914814"/>
  <nd ref="13241914813"/>
  <nd ref="13241914812"/>
  <nd ref="13241914811"/>
  <nd ref="13241914810"/>
  <nd ref="13241914809"/>
  <nd ref="13241914808"/>
  <nd ref="13241914807"/>
  <nd ref="2623528201"/>
  <nd ref="5834678395"/>
  <nd ref="13241914836"/>
  <nd ref="13241914835"/>
  <nd ref="13241914806"/>
  <nd ref="13241914805"/>
  <nd ref="13241914834"/>
  <nd ref="13241914804"/>
  <nd ref="13241914803"/>
  <nd ref="13241914802"/>
  <nd ref="13241914801"/>
  <nd ref="13241914829"/>
  <nd ref="13241914800"/>
  <nd ref="13241914799"/>
  <nd ref="13241914828"/>
  <nd ref="13241914827"/>
  <nd ref="5834678397"/>
  <nd ref="2623528200"/>
  <nd ref="13241914824"/>
  <tag k="building:levels" v="6"/>
  <tag k="building:part" v="yes"/>
 </way>
 <way id="1451201953" visible="true" version="1" changeset="174749270" timestamp="2025-11-16T23:04:57Z" user="shinterro" uid="8562391">
  <nd ref="13309610064"/>
  <nd ref="13309610063"/>
  <nd ref="13309610062"/>
  <nd ref="13309610061"/>
  <nd ref="13309610060"/>
  <nd ref="13309610059"/>
  <nd ref="13309610064"/>
  <tag k="building:levels" v="30"/>
  <tag k="building:part" v="yes"/>
  <tag k="roof:levels" v="2"/>
  <tag k="roof:shape" v="flat"/>
 </way>
 <way id="1451201954" visible="true" version="1" changeset="174749270" timestamp="2025-11-16T23:04:57Z" user="shinterro" uid="8562391">
  <nd ref="5198685814"/>
  <nd ref="5198685813"/>
  <nd ref="5198685812"/>
  <nd ref="5198685811"/>
  <nd ref="5198686030"/>
  <nd ref="13309610065"/>
  <nd ref="5198685814"/>
  <tag k="building:levels" v="30"/>
  <tag k="building:part" v="yes"/>
  <tag k="roof:levels" v="1"/>
  <tag k="roof:shape" v="pyramidal"/>
 </way>
 <way id="1451201955" visible="true" version="1" changeset="174749270" timestamp="2025-11-16T23:04:57Z" user="shinterro" uid="8562391">
  <nd ref="5198686026"/>
  <nd ref="5198686025"/>
  <nd ref="13309610066"/>
  <nd ref="5198686029"/>
  <nd ref="5198686028"/>
  <nd ref="5198686027"/>
  <nd ref="5198686026"/>
  <tag k="building:levels" v="30"/>
  <tag k="building:part" v="yes"/>
  <tag k="roof:levels" v="1"/>
  <tag k="roof:shape" v="pyramidal"/>
 </way>
 <way id="1451201956" visible="true" version="1" changeset="174749270" timestamp="2025-11-16T23:04:57Z" user="shinterro" uid="8562391">
  <nd ref="5198686021"/>
  <nd ref="5198685820"/>
  <nd ref="13309610067"/>
  <nd ref="5198686024"/>
  <nd ref="5198686023"/>
  <nd ref="5198686022"/>
  <nd ref="5198686021"/>
  <tag k="building:levels" v="30"/>
  <tag k="building:part" v="yes"/>
  <tag k="roof:levels" v="1"/>
  <tag k="roof:shape" v="pyramidal"/>
 </way>
 <way id="1451201957" visible="true" version="1" changeset="174749270" timestamp="2025-11-16T23:04:57Z" user="shinterro" uid="8562391">
  <nd ref="5198685816"/>
  <nd ref="5198685815"/>
  <nd ref="13309610068"/>
  <nd ref="5198685819"/>
  <nd ref="5198685818"/>
  <nd ref="5198685817"/>
  <nd ref="5198685816"/>
  <tag k="building:levels" v="30"/>
  <tag k="building:part" v="yes"/>
  <tag k="roof:levels" v="1"/>
  <tag k="roof:shape" v="pyramidal"/>
 </way>
 <way id="1451201958" visible="true" version="1" changeset="174749270" timestamp="2025-11-16T23:04:57Z" user="shinterro" uid="8562391">
  <nd ref="13309610072"/>
  <nd ref="13309610071"/>
  <nd ref="13309610070"/>
  <nd ref="13309610069"/>
  <nd ref="13309610072"/>
  <tag k="building:levels" v="35"/>
  <tag k="building:part" v="yes"/>
  <tag k="roof:levels" v="2"/>
  <tag k="roof:shape" v="flat"/>
 </way>
 <way id="1451201959" visible="true" version="1" changeset="174749270" timestamp="2025-11-16T23:04:57Z" user="shinterro" uid="8562391">
  <nd ref="5198686045"/>
  <nd ref="2749706158"/>
  <nd ref="5198686047"/>
  <nd ref="5198686048"/>
  <nd ref="5198686049"/>
  <nd ref="13309610073"/>
  <nd ref="5198686045"/>
  <tag k="building:levels" v="35"/>
  <tag k="building:part" v="yes"/>
  <tag k="roof:levels" v="1"/>
  <tag k="roof:shape" v="pyramidal"/>
 </way>
 <way id="1451201960" visible="true" version="1" changeset="174749270" timestamp="2025-11-16T23:04:57Z" user="shinterro" uid="8562391">
  <nd ref="5198686044"/>
  <nd ref="5198686043"/>
  <nd ref="5198686042"/>
  <nd ref="5198686041"/>
  <nd ref="5198686040"/>
  <nd ref="13309610074"/>
  <nd ref="5198686044"/>
  <tag k="building:levels" v="35"/>
  <tag k="building:part" v="yes"/>
  <tag k="roof:levels" v="1"/>
  <tag k="roof:shape" v="pyramidal"/>
 </way>
 <way id="1451201961" visible="true" version="1" changeset="174749270" timestamp="2025-11-16T23:04:57Z" user="shinterro" uid="8562391">
  <nd ref="5198686036"/>
  <nd ref="5198686035"/>
  <nd ref="13309610075"/>
  <nd ref="5198686039"/>
  <nd ref="5198686038"/>
  <nd ref="5198686037"/>
  <nd ref="5198686036"/>
  <tag k="building:levels" v="35"/>
  <tag k="building:part" v="yes"/>
  <tag k="roof:levels" v="1"/>
  <tag k="roof:shape" v="pyramidal"/>
 </way>
 <way id="1451201962" visible="true" version="1" changeset="174749270" timestamp="2025-11-16T23:04:57Z" user="shinterro" uid="8562391">
  <nd ref="5198686033"/>
  <nd ref="5198686034"/>
  <nd ref="13309610076"/>
  <nd ref="5198686050"/>
  <nd ref="5198686031"/>
  <nd ref="5198686032"/>
  <nd ref="5198686033"/>
  <tag k="building:levels" v="35"/>
  <tag k="building:part" v="yes"/>
  <tag k="roof:levels" v="1"/>
  <tag k="roof:shape" v="pyramidal"/>
 </way>
 <way id="1451518596" visible="true" version="1" changeset="174800161" timestamp="2025-11-18T03:30:04Z" user="shinterro" uid="8562391">
  <nd ref="5198785458"/>
  <nd ref="13312675265"/>
  <nd ref="5198785450"/>
  <nd ref="5198785465"/>
  <nd ref="5198785466"/>
  <nd ref="5198785451"/>
  <nd ref="5198785452"/>
  <nd ref="5198785453"/>
  <nd ref="5198785454"/>
  <nd ref="5198785455"/>
  <nd ref="5198785456"/>
  <nd ref="5198785457"/>
  <nd ref="5198785458"/>
  <tag k="building:levels" v="28"/>
  <tag k="building:part" v="yes"/>
  <tag k="height" v="94.5"/>
  <tag k="roof:levels" v="2"/>
 </way>
 <way id="1451518631" visible="true" version="1" changeset="174800161" timestamp="2025-11-18T03:30:04Z" user="shinterro" uid="8562391">
  <nd ref="12999959784"/>
  <nd ref="5198766608"/>
  <nd ref="6937415799"/>
  <nd ref="12999959772"/>
  <nd ref="12999959696"/>
  <nd ref="12999959685"/>
  <nd ref="5198766607"/>
  <nd ref="12999959695"/>
  <nd ref="12999959550"/>
  <nd ref="5198766610"/>
  <nd ref="12999959775"/>
  <nd ref="12999959778"/>
  <nd ref="5198766609"/>
  <nd ref="12999959779"/>
  <nd ref="12999959784"/>
  <tag k="building:levels" v="22"/>
  <tag k="building:part" v="yes"/>
 </way>
 <way id="1454188326" visible="true" version="1" changeset="175203128" timestamp="2025-11-27T15:32:05Z" user="shinterro" uid="8562391">
  <nd ref="5199951239"/>
  <nd ref="13233847290"/>
  <nd ref="13233847289"/>
  <nd ref="13233847288"/>
  <nd ref="13233847287"/>
  <nd ref="13233847286"/>
  <nd ref="13233847285"/>
  <nd ref="13233847284"/>
  <nd ref="13233847283"/>
  <nd ref="13233847282"/>
  <nd ref="13233847291"/>
  <nd ref="5199951240"/>
  <nd ref="5199951239"/>
  <tag k="building:levels" v="5"/>
  <tag k="building:part" v="yes"/>
 </way>
 <way id="1454188328" visible="true" version="1" changeset="175203128" timestamp="2025-11-27T15:32:05Z" user="shinterro" uid="8562391">
  <nd ref="5199951249"/>
  <nd ref="5199951250"/>
  <nd ref="5199951251"/>
  <nd ref="5199951252"/>
  <nd ref="5199951253"/>
  <nd ref="5199951254"/>
  <nd ref="5199951255"/>
  <nd ref="5199951256"/>
  <nd ref="5199951257"/>
  <nd ref="5199951258"/>
  <nd ref="5199951259"/>
  <nd ref="13233847292"/>
  <nd ref="5199951249"/>
  <tag k="building:levels" v="5"/>
  <tag k="building:part" v="yes"/>
 </way>
 <way id="1454188329" visible="true" version="1" changeset="175203128" timestamp="2025-11-27T15:32:05Z" user="shinterro" uid="8562391">
  <nd ref="5199951249"/>
  <nd ref="13233847281"/>
  <nd ref="13233847299"/>
  <nd ref="13233847298"/>
  <nd ref="13233847297"/>
  <nd ref="5199951240"/>
  <nd ref="5199951241"/>
  <nd ref="5199951242"/>
  <nd ref="5199951243"/>
  <nd ref="5199951244"/>
  <nd ref="5199951245"/>
  <nd ref="5199951246"/>
  <nd ref="5199951247"/>
  <nd ref="5199951248"/>
  <nd ref="5199951249"/>
  <tag k="building:levels" v="5"/>
  <tag k="building:part" v="yes"/>
 </way>
 <way id="1454188331" visible="true" version="1" changeset="175203128" timestamp="2025-11-27T15:32:05Z" user="shinterro" uid="8562391">
  <nd ref="13239619767"/>
  <nd ref="13336389441"/>
  <nd ref="2749710256"/>
  <nd ref="2749710255"/>
  <nd ref="2749710300"/>
  <nd ref="13239619782"/>
  <nd ref="13239619781"/>
  <nd ref="13239619780"/>
  <nd ref="13239619779"/>
  <nd ref="13239619777"/>
  <nd ref="13239619776"/>
  <nd ref="13239619775"/>
  <nd ref="13239619774"/>
  <nd ref="13239619773"/>
  <nd ref="13239619772"/>
  <nd ref="13239619771"/>
  <nd ref="13239619770"/>
  <nd ref="13239619759"/>
  <nd ref="13239619758"/>
  <nd ref="13239619769"/>
  <nd ref="13239619768"/>
  <nd ref="13239619767"/>
  <tag k="building:levels" v="1"/>
  <tag k="building:part" v="yes"/>
 </way>
 <way id="1454188332" visible="true" version="1" changeset="175203128" timestamp="2025-11-27T15:32:05Z" user="shinterro" uid="8562391">
  <nd ref="13239619793"/>
  <nd ref="13239619794"/>
  <nd ref="2749710302"/>
  <nd ref="13239619783"/>
  <nd ref="13239619784"/>
  <nd ref="13239619786"/>
  <nd ref="13239619787"/>
  <nd ref="13239619788"/>
  <nd ref="13239619789"/>
  <nd ref="13239619791"/>
  <nd ref="13239619793"/>
  <tag k="building:levels" v="1"/>
  <tag k="building:part" v="yes"/>
 </way>
 <way id="1454188334" visible="true" version="1" changeset="175203128" timestamp="2025-11-27T15:32:05Z" user="shinterro" uid="8562391">
  <nd ref="13336389464"/>
  <nd ref="13336389465"/>
  <tag k="footway" v="sidewalk"/>
  <tag k="highway" v="footway"/>
  <tag k="surface" v="concrete"/>
 </way>
 <way id="1454188335" visible="true" version="1" changeset="175203128" timestamp="2025-11-27T15:32:05Z" user="shinterro" uid="8562391">
  <nd ref="9659697638"/>
  <nd ref="4307557046"/>
  <tag k="footway" v="sidewalk"/>
  <tag k="highway" v="footway"/>
  <tag k="surface" v="concrete"/>
 </way>
 <way id="1454188336" visible="true" version="1" changeset="175203128" timestamp="2025-11-27T15:32:05Z" user="shinterro" uid="8562391">
  <nd ref="13336389466"/>
  <nd ref="4307557048"/>
  <tag k="footway" v="sidewalk"/>
  <tag k="highway" v="footway"/>
  <tag k="surface" v="concrete"/>
 </way>
 <way id="1454188337" visible="true" version="1" changeset="175203128" timestamp="2025-11-27T15:32:05Z" user="shinterro" uid="8562391">
  <nd ref="13336389469"/>
  <nd ref="13336389468"/>
  <nd ref="13336389494"/>
  <tag k="footway" v="sidewalk"/>
  <tag k="highway" v="footway"/>
  <tag k="surface" v="concrete"/>
 </way>
 <way id="1454188338" visible="true" version="5" changeset="184610352" timestamp="2026-06-25T21:47:59Z" user="adelriosantiago" uid="12908516">
  <nd ref="13336389499"/>
  <nd ref="13336389498"/>
  <tag k="handrail" v="yes"/>
  <tag k="highway" v="steps"/>
  <tag k="incline" v="down"/>
  <tag k="ramp" v="no"/>
  <tag k="step_count" v="5"/>
  <tag k="surface" v="concrete"/>
  <tag k="tactile_paving" v="no"/>
 </way>
 <way id="1454188339" visible="true" version="1" changeset="175203128" timestamp="2025-11-27T15:32:05Z" user="shinterro" uid="8562391">
  <nd ref="13336389500"/>
  <nd ref="13336389499"/>
  <tag k="footway" v="sidewalk"/>
  <tag k="highway" v="footway"/>
  <tag k="surface" v="concrete"/>
 </way>
 <way id="1454188340" visible="true" version="5" changeset="185113259" timestamp="2026-07-04T22:01:02Z" user="adelriosantiago" uid="12908516">
  <nd ref="13336389479"/>
  <nd ref="13336389481"/>
  <tag k="handrail" v="yes"/>
  <tag k="highway" v="steps"/>
  <tag k="incline" v="down"/>
  <tag k="ramp" v="no"/>
  <tag k="step_count" v="6"/>
  <tag k="surface" v="concrete"/>
  <tag k="tactile_paving" v="no"/>
 </way>
 <way id="1454188341" visible="true" version="1" changeset="175203128" timestamp="2025-11-27T15:32:05Z" user="shinterro" uid="8562391">
  <nd ref="12999959535"/>
  <nd ref="13336389480"/>
  <tag k="footway" v="sidewalk"/>
  <tag k="highway" v="footway"/>
  <tag k="surface" v="concrete"/>
 </way>
 <way id="1454188342" visible="true" version="1" changeset="175203128" timestamp="2025-11-27T15:32:05Z" user="shinterro" uid="8562391">
  <nd ref="13336389481"/>
  <nd ref="13336389493"/>
  <tag k="footway" v="sidewalk"/>
  <tag k="highway" v="footway"/>
  <tag k="surface" v="concrete"/>
 </way>
 <way id="1454188343" visible="true" version="1" changeset="175203128" timestamp="2025-11-27T15:32:05Z" user="shinterro" uid="8562391">
  <nd ref="13336389485"/>
  <nd ref="4307557048"/>
  <tag k="footway" v="sidewalk"/>
  <tag k="highway" v="footway"/>
  <tag k="surface" v="concrete"/>
 </way>
 <way id="1454188344" visible="true" version="5" changeset="184369159" timestamp="2026-06-20T21:38:51Z" user="adelriosantiago" uid="12908516">
  <nd ref="13336389484"/>
  <nd ref="13336389485"/>
  <tag k="handrail" v="yes"/>
  <tag k="highway" v="steps"/>
  <tag k="incline" v="down"/>
  <tag k="ramp" v="no"/>
  <tag k="step_count" v="2"/>
  <tag k="surface" v="concrete"/>
  <tag k="tactile_paving" v="no"/>
 </way>
 <way id="1454188345" visible="true" version="5" changeset="184820002" timestamp="2026-06-29T21:30:51Z" user="adelriosantiago" uid="12908516">
  <nd ref="13336389507"/>
  <nd ref="13336389506"/>
  <tag k="handrail" v="yes"/>
  <tag k="highway" v="steps"/>
  <tag k="incline" v="down"/>
  <tag k="ramp" v="no"/>
  <tag k="step_count" v="3"/>
  <tag k="surface" v="concrete"/>
  <tag k="tactile_paving" v="no"/>
 </way>
 <way id="1454188346" visible="true" version="1" changeset="175203128" timestamp="2025-11-27T15:32:05Z" user="shinterro" uid="8562391">
  <nd ref="12999959537"/>
  <nd ref="13336389508"/>
  <nd ref="13336389507"/>
  <tag k="footway" v="sidewalk"/>
  <tag k="highway" v="footway"/>
  <tag k="surface" v="concrete"/>
 </way>
 <way id="1454188347" visible="true" version="1" changeset="175203128" timestamp="2025-11-27T15:32:05Z" user="shinterro" uid="8562391">
  <nd ref="13336389492"/>
  <nd ref="13336389484"/>
  <tag k="footway" v="sidewalk"/>
  <tag k="highway" v="footway"/>
  <tag k="surface" v="concrete"/>
 </way>
 <way id="1454188348" visible="true" version="1" changeset="175203128" timestamp="2025-11-27T15:32:05Z" user="shinterro" uid="8562391">
  <nd ref="13336389501"/>
  <nd ref="13336389479"/>
  <tag k="footway" v="sidewalk"/>
  <tag k="highway" v="footway"/>
  <tag k="surface" v="concrete"/>
 </way>
 <way id="1454188349" visible="true" version="1" changeset="175203128" timestamp="2025-11-27T15:32:05Z" user="shinterro" uid="8562391">
  <nd ref="13336389497"/>
  <nd ref="13336389492"/>
  <nd ref="13336389495"/>
  <nd ref="13336389493"/>
  <nd ref="13336389494"/>
  <tag k="footway" v="sidewalk"/>
  <tag k="highway" v="footway"/>
  <tag k="surface" v="concrete"/>
 </way>
 <way id="1454188350" visible="true" version="1" changeset="175203128" timestamp="2025-11-27T15:32:05Z" user="shinterro" uid="8562391">
  <nd ref="13336389498"/>
  <nd ref="13336389497"/>
  <nd ref="13336389496"/>
  <nd ref="12999959535"/>
  <tag k="footway" v="sidewalk"/>
  <tag k="highway" v="footway"/>
  <tag k="surface" v="concrete"/>
 </way>
 <way id="1454188351" visible="true" version="1" changeset="175203128" timestamp="2025-11-27T15:32:05Z" user="shinterro" uid="8562391">
  <nd ref="13336389506"/>
  <nd ref="13336389505"/>
  <nd ref="13336389504"/>
  <nd ref="13336389480"/>
  <nd ref="13336389503"/>
  <nd ref="13336389500"/>
  <nd ref="13336389502"/>
  <nd ref="13336389501"/>
  <nd ref="13336389505"/>
  <tag k="footway" v="sidewalk"/>
  <tag k="highway" v="footway"/>
  <tag k="surface" v="concrete"/>
 </way>
 <way id="1528894868" visible="true" version="2" changeset="184034643" timestamp="2026-06-12T22:04:21Z" user="adelriosantiago" uid="12908516">
  <nd ref="13336389465"/>
  <nd ref="13932175647"/>
  <tag k="crossing" v="traffic_signals"/>
  <tag k="footway" v="crossing"/>
  <tag k="highway" v="footway"/>
  <tag k="surface" v="concrete"/>
 </way>
 <way id="1528894869" visible="true" version="2" changeset="184369145" timestamp="2026-06-20T21:38:17Z" user="adelriosantiago" uid="12908516">
  <nd ref="13932175648"/>
  <nd ref="13336389466"/>
  <tag k="crossing" v="traffic_signals"/>
  <tag k="footway" v="crossing"/>
  <tag k="highway" v="footway"/>
  <tag k="surface" v="concrete"/>
 </way>
 <way id="1534659926" visible="true" version="4" changeset="185912544" timestamp="2026-07-17T15:29:24Z" user="ATLDOT - GIS Team" uid="24267288">
  <nd ref="13983811211"/>
  <nd ref="13983811212"/>
  <nd ref="13983811213"/>
  <nd ref="13983811254"/>
  <nd ref="13983811214"/>
  <nd ref="13983811253"/>
  <nd ref="13983811215"/>
  <nd ref="13983811216"/>
  <nd ref="13983811217"/>
  <nd ref="12857268096"/>
  <nd ref="13983811218"/>
  <nd ref="13983811219"/>
  <nd ref="13983811220"/>
  <nd ref="13983811221"/>
  <nd ref="13983811222"/>
  <nd ref="13983811223"/>
  <nd ref="13983811224"/>
  <nd ref="13983811225"/>
  <nd ref="13983811226"/>
  <nd ref="13983811227"/>
  <nd ref="13983811228"/>
  <nd ref="13983811229"/>
  <nd ref="13983811256"/>
  <nd ref="13983811230"/>
  <nd ref="13983811255"/>
  <nd ref="13983811231"/>
  <nd ref="13983811232"/>
  <nd ref="13983811257"/>
  <nd ref="13983811233"/>
  <nd ref="13983811234"/>
  <nd ref="13983811235"/>
  <nd ref="13983811236"/>
  <nd ref="13983811237"/>
  <nd ref="13983811238"/>
  <nd ref="13983811239"/>
  <nd ref="13983811240"/>
  <nd ref="13983811241"/>
  <nd ref="13983811242"/>
  <nd ref="13983811243"/>
  <nd ref="13983811244"/>
  <nd ref="13983811245"/>
  <nd ref="13983811246"/>
  <nd ref="13983811247"/>
  <nd ref="13983811248"/>
  <nd ref="13983811249"/>
  <nd ref="13983811250"/>
  <nd ref="13983811251"/>
  <nd ref="13983811252"/>
  <nd ref="13983811260"/>
  <nd ref="13983811258"/>
  <tag k="foot" v="no"/>
  <tag k="highway" v="cycleway"/>
  <tag k="name" v="Juniper St One-Way Protected Bike Lane"/>
  <tag k="oneway" v="yes"/>
 </way>
 <relation id="3857425" visible="true" version="1" changeset="23261681" timestamp="2014-06-29T01:52:20Z" user="Jack the Ripper" uid="1946151">
  <member type="way" ref="275500242" role="from"/>
  <member type="way" ref="290277131" role="to"/>
  <member type="node" ref="69233073" role="via"/>
  <tag k="restriction" v="no_left_turn"/>
  <tag k="type" v="restriction"/>
 </relation>
 <relation id="5517215" visible="true" version="94" changeset="188838447" timestamp="2026-09-10T18:03:23Z" user="LiudmilaBareika" uid="23318824">
  <member type="way" ref="371536767" role=""/>
  <member type="way" ref="9521074" role="forward"/>
  <member type="way" ref="9509796" role=""/>
  <member type="way" ref="1054258143" role=""/>
  <member type="way" ref="261635831" role=""/>
  <member type="way" ref="429388909" role=""/>
  <member type="way" ref="429388908" role=""/>
  <member type="way" ref="261635832" role=""/>
  <member type="way" ref="9516542" role=""/>
  <member type="way" ref="9516536" role=""/>
  <member type="way" ref="9514826" role=""/>
  <member type="way" ref="9514828" role=""/>
  <member type="way" ref="9519179" role=""/>
  <member type="way" ref="9514273" role=""/>
  <member type="way" ref="371539552" role=""/>
  <member type="way" ref="9516078" role=""/>
  <member type="way" ref="9518693" role=""/>
  <member type="way" ref="371539550" role=""/>
  <member type="way" ref="371539537" role=""/>
  <member type="way" ref="9514492" role=""/>
  <member type="way" ref="9514488" role=""/>
  <member type="way" ref="371539555" role=""/>
  <member type="way" ref="9516605" role=""/>
  <member type="way" ref="371539545" role=""/>
  <member type="way" ref="9519434" role=""/>
  <member type="way" ref="429206362" role=""/>
  <member type="way" ref="9518781" role=""/>
  <member type="way" ref="371539559" role=""/>
  <member type="way" ref="371539556" role=""/>
  <member type="way" ref="429206364" role=""/>
  <member type="way" ref="9518699" role=""/>
  <member type="way" ref="302691163" role=""/>
  <member type="way" ref="302691159" role=""/>
  <member type="way" ref="196862758" role=""/>
  <member type="way" ref="9517523" role=""/>
  <member type="way" ref="9517543" role=""/>
  <member type="way" ref="196862671" role=""/>
  <member type="way" ref="371539543" role=""/>
  <member type="way" ref="371539542" role=""/>
  <member type="way" ref="371539541" role=""/>
  <member type="way" ref="9519873" role=""/>
  <member type="way" ref="1258025723" role=""/>
  <member type="way" ref="1258025724" role=""/>
  <member type="way" ref="371539548" role=""/>
  <member type="way" ref="9519785" role=""/>
  <member type="way" ref="9519783" role=""/>
  <member type="way" ref="181630930" role=""/>
  <member type="way" ref="371539535" role=""/>
  <member type="way" ref="371539534" role=""/>
  <member type="way" ref="9096016" role=""/>
  <member type="way" ref="1258023971" role=""/>
  <member type="way" ref="1258023972" role=""/>
  <member type="way" ref="371539557" role=""/>
  <member type="way" ref="371539538" role=""/>
  <member type="way" ref="9095862" role=""/>
  <member type="way" ref="9095869" role=""/>
  <member type="way" ref="9095867" role=""/>
  <member type="way" ref="9094663" role=""/>
  <member type="way" ref="371543634" role=""/>
  <member type="way" ref="9096468" role=""/>
  <member type="way" ref="9095128" role=""/>
  <member type="way" ref="9096199" role=""/>
  <member type="way" ref="1517240500" role=""/>
  <member type="way" ref="371543633" role=""/>
  <member type="way" ref="371543628" role=""/>
  <member type="way" ref="640351220" role=""/>
  <member type="way" ref="283124235" role="forward"/>
  <member type="way" ref="9094993" role=""/>
  <member type="way" ref="704525179" role=""/>
  <member type="way" ref="704525180" role=""/>
  <member type="way" ref="9096482" role=""/>
  <member type="way" ref="346019590" role=""/>
  <member type="way" ref="9095601" role=""/>
  <member type="way" ref="9096487" role=""/>
  <member type="way" ref="9096485" role=""/>
  <member type="way" ref="9095503" role=""/>
  <member type="way" ref="9095554" role=""/>
  <member type="way" ref="371543621" role=""/>
  <member type="way" ref="371543630" role=""/>
  <member type="way" ref="371543629" role=""/>
  <member type="way" ref="371543631" role=""/>
  <member type="way" ref="9096540" role=""/>
  <member type="way" ref="1043610760" role=""/>
  <member type="way" ref="133093070" role=""/>
  <member type="way" ref="1557918490" role=""/>
  <member type="way" ref="1557918489" role=""/>
  <member type="way" ref="9095484" role=""/>
  <member type="way" ref="133092926" role=""/>
  <member type="way" ref="9222092" role=""/>
  <member type="way" ref="640351217" role="backward"/>
  <member type="way" ref="112482571" role="forward"/>
  <member type="way" ref="246121646" role="forward"/>
  <member type="way" ref="246121640" role="forward"/>
  <member type="way" ref="246171026" role="forward"/>
  <member type="way" ref="246171038" role="forward"/>
  <member type="way" ref="198292177" role=""/>
  <member type="way" ref="640351219" role=""/>
  <member type="way" ref="316105182" role=""/>
  <member type="way" ref="371583960" role=""/>
  <member type="way" ref="371583963" role=""/>
  <member type="way" ref="371583962" role=""/>
  <member type="way" ref="122481394" role=""/>
  <member type="way" ref="371583973" role=""/>
  <member type="way" ref="1058657283" role=""/>
  <member type="way" ref="1058657282" role=""/>
  <member type="way" ref="9227463" role=""/>
  <member type="way" ref="371583966" role=""/>
  <member type="way" ref="371583968" role=""/>
  <member type="way" ref="9224021" role=""/>
  <member type="way" ref="371583959" role=""/>
  <member type="way" ref="371583965" role=""/>
  <member type="way" ref="1482870730" role=""/>
  <member type="way" ref="1482870731" role=""/>
  <member type="way" ref="985400893" role=""/>
  <member type="way" ref="9229894" role=""/>
  <member type="way" ref="9223455" role=""/>
  <member type="way" ref="985400894" role=""/>
  <member type="way" ref="9439227" role=""/>
  <member type="way" ref="419473849" role=""/>
  <member type="way" ref="419473848" role=""/>
  <member type="way" ref="9435488" role=""/>
  <member type="way" ref="371583957" role=""/>
  <member type="way" ref="9442788" role=""/>
  <member type="way" ref="371583958" role=""/>
  <member type="way" ref="9441026" role=""/>
  <member type="way" ref="9438474" role=""/>
  <member type="way" ref="88314792" role=""/>
  <member type="way" ref="371583970" role=""/>
  <member type="way" ref="9442520" role=""/>
  <member type="way" ref="371583972" role=""/>
  <member type="way" ref="371583969" role=""/>
  <member type="way" ref="44488127" role=""/>
  <member type="way" ref="44488129" role=""/>
  <member type="way" ref="44488130" role=""/>
  <member type="way" ref="44487733" role=""/>
  <member type="way" ref="9439102" role=""/>
  <member type="way" ref="44487735" role=""/>
  <member type="way" ref="44487732" role=""/>
  <member type="way" ref="44487736" role=""/>
  <member type="way" ref="551528804" role=""/>
  <member type="way" ref="9442367" role=""/>
  <member type="way" ref="44487739" role=""/>
  <member type="way" ref="44487741" role=""/>
  <member type="way" ref="44487745" role=""/>
  <member type="way" ref="481030069" role=""/>
  <member type="way" ref="481030070" role=""/>
  <member type="way" ref="44487743" role=""/>
  <member type="way" ref="44487747" role=""/>
  <member type="way" ref="481030082" role=""/>
  <member type="way" ref="481030081" role=""/>
  <member type="way" ref="481030084" role=""/>
  <member type="way" ref="481030083" role=""/>
  <member type="way" ref="44487744" role=""/>
  <member type="way" ref="44487751" role=""/>
  <member type="way" ref="44487748" role=""/>
  <member type="way" ref="44487765" role=""/>
  <member type="way" ref="44487757" role=""/>
  <member type="way" ref="31648262" role=""/>
  <member type="way" ref="44072462" role=""/>
  <member type="way" ref="44072461" role=""/>
  <member type="way" ref="391301276" role=""/>
  <member type="way" ref="9438798" role=""/>
  <member type="way" ref="263261997" role=""/>
  <member type="way" ref="263261998" role=""/>
  <member type="way" ref="44487768" role=""/>
  <member type="way" ref="9439147" role=""/>
  <member type="way" ref="42285829" role=""/>
  <member type="way" ref="42285489" role=""/>
  <member type="way" ref="1126626289" role=""/>
  <member type="way" ref="1126626288" role=""/>
  <member type="way" ref="1049988147" role=""/>
  <member type="way" ref="1049988146" role=""/>
  <member type="way" ref="42285491" role=""/>
  <member type="way" ref="42285243" role=""/>
  <member type="way" ref="42285242" role=""/>
  <member type="way" ref="42285240" role=""/>
  <member type="way" ref="42285239" role=""/>
  <member type="way" ref="143327541" role=""/>
  <member type="way" ref="1073671230" role=""/>
  <member type="way" ref="1073671229" role=""/>
  <member type="way" ref="1073670881" role=""/>
  <member type="way" ref="1073670880" role=""/>
  <member type="way" ref="143327543" role=""/>
  <member type="way" ref="1469152705" role=""/>
  <member type="way" ref="1469152706" role=""/>
  <member type="way" ref="44487774" role=""/>
  <member type="way" ref="44487773" role=""/>
  <member type="way" ref="1457169132" role=""/>
  <member type="way" ref="1457169133" role=""/>
  <member type="way" ref="292810972" role=""/>
  <member type="way" ref="292810971" role=""/>
  <member type="way" ref="597352068" role=""/>
  <member type="way" ref="1454781918" role=""/>
  <member type="way" ref="1454781917" role=""/>
  <member type="way" ref="288732370" role=""/>
  <member type="way" ref="1015399371" role=""/>
  <member type="way" ref="1015399370" role=""/>
  <member type="way" ref="288732369" role=""/>
  <member type="way" ref="1015399390" role=""/>
  <member type="way" ref="1015399391" role=""/>
  <member type="way" ref="143231741" role=""/>
  <member type="way" ref="143231742" role=""/>
  <member type="way" ref="505616518" role=""/>
  <member type="way" ref="505616517" role=""/>
  <member type="way" ref="506217709" role=""/>
  <member type="way" ref="506217710" role=""/>
  <member type="way" ref="505616516" role=""/>
  <member type="way" ref="505616515" role=""/>
  <member type="way" ref="506120790" role=""/>
  <member type="way" ref="506120789" role=""/>
  <member type="way" ref="143231738" role=""/>
  <member type="way" ref="928930023" role=""/>
  <member type="way" ref="928930022" role=""/>
  <member type="way" ref="934498287" role=""/>
  <member type="way" ref="934498286" role=""/>
  <member type="way" ref="23629854" role=""/>
  <member type="way" ref="23629853" role=""/>
  <member type="way" ref="143516607" role=""/>
  <member type="way" ref="143516610" role=""/>
  <member type="way" ref="54053510" role=""/>
  <member type="way" ref="164644705" role=""/>
  <member type="way" ref="164655764" role=""/>
  <member type="way" ref="164655754" role=""/>
  <member type="way" ref="923208649" role=""/>
  <member type="way" ref="1042838184" role="forward"/>
  <member type="way" ref="1042838185" role="forward"/>
  <member type="way" ref="1042838183" role="forward"/>
  <member type="way" ref="81775506" role="forward"/>
  <member type="way" ref="1124079320" role="forward"/>
  <member type="way" ref="1124079321" role="forward"/>
  <member type="way" ref="59577580" role="forward"/>
  <member type="way" ref="1034401694" role="forward"/>
  <member type="way" ref="1034401693" role="forward"/>
  <member type="way" ref="1046198033" role="forward"/>
  <member type="way" ref="196945007" role="forward"/>
  <member type="way" ref="1046198035" role="forward"/>
  <member type="way" ref="1046198034" role="forward"/>
  <member type="way" ref="1046198036" role="forward"/>
  <member type="way" ref="1026730888" role="forward"/>
  <member type="way" ref="196945005" role="forward"/>
  <member type="way" ref="525608942" role="forward"/>
  <member type="way" ref="23552465" role="forward"/>
  <member type="way" ref="23552464" role="forward"/>
  <member type="way" ref="1055358585" role="forward"/>
  <member type="way" ref="525609446" role="forward"/>
  <member type="way" ref="1055358586" role="forward"/>
  <member type="way" ref="923212642" role="forward"/>
  <member type="way" ref="525610945" role=""/>
  <member type="way" ref="9144577" role=""/>
  <member type="way" ref="1175014897" role=""/>
  <member type="way" ref="1175014896" role=""/>
  <member type="way" ref="1175014894" role=""/>
  <member type="way" ref="1175014893" role=""/>
  <member type="way" ref="1175014892" role=""/>
  <member type="way" ref="1175014891" role=""/>
  <member type="way" ref="1175014890" role=""/>
  <member type="way" ref="1175014889" role=""/>
  <member type="way" ref="1175014887" role=""/>
  <member type="way" ref="1175014888" role=""/>
  <member type="way" ref="1175014886" role=""/>
  <member type="way" ref="196945000" role=""/>
  <member type="way" ref="329888861" role=""/>
  <member type="way" ref="329888862" role=""/>
  <member type="way" ref="196945001" role=""/>
  <member type="way" ref="1148225433" role=""/>
  <member type="way" ref="329890074" role="forward"/>
  <member type="way" ref="329895905" role="forward"/>
  <member type="way" ref="133115034" role="forward"/>
  <member type="way" ref="196944989" role="forward"/>
  <member type="way" ref="329895904" role="forward"/>
  <member type="way" ref="1055644886" role="forward"/>
  <member type="way" ref="31021831" role="forward"/>
  <member type="way" ref="629238280" role=""/>
  <member type="way" ref="525766241" role=""/>
  <member type="way" ref="169927718" role=""/>
  <member type="way" ref="472407797" role=""/>
  <member type="way" ref="472407798" role=""/>
  <member type="way" ref="1050667886" role=""/>
  <member type="way" ref="1050667887" role=""/>
  <member type="way" ref="9257467" role=""/>
  <member type="way" ref="507340763" role=""/>
  <member type="way" ref="1118679443" role=""/>
  <member type="way" ref="1394806409" role=""/>
  <member type="way" ref="758038040" role=""/>
  <member type="way" ref="1118679444" role=""/>
  <member type="way" ref="758038039" role=""/>
  <member type="way" ref="9266984" role=""/>
  <member type="way" ref="361827922" role=""/>
  <member type="way" ref="1128435075" role=""/>
  <member type="way" ref="361827920" role=""/>
  <member type="way" ref="361828346" role=""/>
  <member type="way" ref="1416938869" role=""/>
  <member type="way" ref="525766886" role=""/>
  <member type="way" ref="361828345" role=""/>
  <member type="way" ref="200081620" role=""/>
  <member type="way" ref="200081618" role=""/>
  <member type="way" ref="361829635" role=""/>
  <member type="way" ref="361829634" role=""/>
  <member type="way" ref="361829636" role=""/>
  <member type="way" ref="112508097" role=""/>
  <member type="way" ref="112508105" role="forward"/>
  <member type="way" ref="1034389122" role="forward"/>
  <member type="way" ref="112508099" role="forward"/>
  <member type="way" ref="533140869" role="forward"/>
  <member type="way" ref="1051747987" role="forward"/>
  <member type="way" ref="1051747988" role="forward"/>
  <member type="way" ref="112508100" role="forward"/>
  <member type="way" ref="112508103" role="forward"/>
  <member type="way" ref="1051451849" role="forward"/>
  <member type="way" ref="112508108" role="forward"/>
  <member type="way" ref="1053244319" role="forward"/>
  <member type="way" ref="112508109" role="forward"/>
  <member type="way" ref="1053244320" role="forward"/>
  <member type="way" ref="9270296" role=""/>
  <member type="way" ref="371602523" role=""/>
  <member type="way" ref="629278088" role=""/>
  <member type="way" ref="423236892" role="forward"/>
  <member type="way" ref="423236891" role=""/>
  <member type="way" ref="629278172" role=""/>
  <member type="way" ref="423237112" role="forward"/>
  <member type="way" ref="1377749106" role=""/>
  <member type="way" ref="354587523" role=""/>
  <member type="way" ref="629278174" role=""/>
  <member type="way" ref="354587522" role=""/>
  <member type="way" ref="943600887" role=""/>
  <member type="way" ref="1377424701" role=""/>
  <member type="way" ref="631653294" role=""/>
  <member type="way" ref="1377401836" role=""/>
  <member type="way" ref="1377394234" role=""/>
  <member type="way" ref="354587521" role=""/>
  <member type="way" ref="959690884" role=""/>
  <tag k="cycle_network" v="US:US"/>
  <tag k="description" v="21 south (Georgia)"/>
  <tag k="direction" v="south"/>
  <tag k="from" v="Chattanooga"/>
  <tag k="is_in:state" v="GA"/>
  <tag k="network" v="ncn"/>
  <tag k="operator" v="Georgia Department of Transportation"/>
  <tag k="operator:wikidata" v="Q944993"/>
  <tag k="ref" v="21"/>
  <tag k="route" v="bicycle"/>
  <tag k="source" v="GDOT application to AASHTO, Autumn 2015"/>
  <tag k="to" v="Atlanta"/>
  <tag k="type" v="route"/>
  <tag k="wikidata" v="Q131363201"/>
 </relation>
 <relation id="8759416" visible="true" version="31" changeset="174841890" timestamp="2025-11-19T03:49:01Z" user="MooPoo7" uid="7596709">
  <member type="way" ref="1035802253" role="forward"/>
  <member type="way" ref="1035802254" role="forward"/>
  <member type="way" ref="73229541" role="forward"/>
  <member type="way" ref="629278170" role="forward"/>
  <member type="way" ref="629278171" role="forward"/>
  <member type="way" ref="734459876" role=""/>
  <member type="way" ref="629278082" role=""/>
  <member type="way" ref="629278173" role=""/>
  <member type="way" ref="629278172" role=""/>
  <member type="way" ref="423237112" role="forward"/>
  <member type="way" ref="423237113" role="forward"/>
  <member type="way" ref="1377749106" role=""/>
  <member type="way" ref="354587523" role=""/>
  <member type="way" ref="629278174" role=""/>
  <member type="way" ref="354587522" role=""/>
  <member type="way" ref="943600887" role=""/>
  <member type="way" ref="1377424701" role=""/>
  <member type="way" ref="631653294" role=""/>
  <member type="way" ref="1377401836" role=""/>
  <member type="way" ref="1377394234" role=""/>
  <member type="way" ref="354587521" role=""/>
  <member type="way" ref="959690884" role=""/>
  <member type="way" ref="422300227" role=""/>
  <member type="way" ref="1367094310" role=""/>
  <member type="way" ref="1377709098" role=""/>
  <member type="way" ref="1377709096" role=""/>
  <member type="way" ref="179215365" role=""/>
  <member type="way" ref="1118733308" role=""/>
  <member type="way" ref="507036353" role=""/>
  <member type="way" ref="38974973" role=""/>
  <member type="way" ref="586936416" role=""/>
  <member type="way" ref="630644314" role=""/>
  <member type="way" ref="630644318" role=""/>
  <member type="way" ref="1117890730" role=""/>
  <member type="way" ref="38974972" role=""/>
  <member type="way" ref="630697026" role=""/>
  <member type="way" ref="9247536" role=""/>
  <member type="way" ref="563984030" role=""/>
  <member type="way" ref="905997410" role=""/>
  <member type="way" ref="133115165" role=""/>
  <member type="way" ref="629238271" role=""/>
  <member type="way" ref="569514068" role=""/>
  <member type="way" ref="422711475" role=""/>
  <member type="way" ref="422711474" role=""/>
  <member type="way" ref="54032752" role=""/>
  <member type="way" ref="9268420" role=""/>
  <member type="way" ref="629278230" role=""/>
  <member type="way" ref="1177485082" role=""/>
  <member type="way" ref="169927472" role=""/>
  <member type="way" ref="563545719" role=""/>
  <member type="way" ref="629306023" role=""/>
  <member type="way" ref="9255385" role=""/>
  <member type="way" ref="1377745413" role=""/>
  <member type="way" ref="1451865874" role=""/>
  <member type="way" ref="46225715" role=""/>
  <member type="way" ref="46225714" role=""/>
  <member type="way" ref="133115037" role=""/>
  <member type="way" ref="42003713" role=""/>
  <member type="way" ref="42003704" role=""/>
  <member type="way" ref="563540321" role=""/>
  <member type="way" ref="563540325" role=""/>
  <member type="way" ref="257518317" role=""/>
  <member type="way" ref="1118685136" role=""/>
  <member type="way" ref="507009476" role="forward"/>
  <member type="way" ref="442591121" role="forward"/>
  <member type="way" ref="442591117" role="forward"/>
  <member type="way" ref="442591123" role=""/>
  <member type="way" ref="1029976476" role="forward"/>
  <member type="way" ref="629278075" role="forward"/>
  <member type="way" ref="442591115" role="forward"/>
  <member type="way" ref="442591113" role="forward"/>
  <member type="way" ref="629278076" role="forward"/>
  <member type="way" ref="563535950" role=""/>
  <member type="way" ref="954464535" role=""/>
  <member type="way" ref="28688761" role=""/>
  <member type="way" ref="9276117" role=""/>
  <member type="way" ref="9245034" role=""/>
  <member type="way" ref="629238288" role="forward"/>
  <member type="way" ref="629238295" role="forward"/>
  <member type="way" ref="629238287" role="forward"/>
  <member type="way" ref="629238292" role="forward"/>
  <member type="way" ref="346573804" role="forward"/>
  <member type="way" ref="629238290" role="forward"/>
  <member type="way" ref="629329062" role="forward"/>
  <member type="way" ref="629735854" role="forward"/>
  <member type="way" ref="629278074" role="forward"/>
  <member type="way" ref="954464531" role="forward"/>
  <member type="way" ref="563535955" role="forward"/>
  <member type="way" ref="563535951" role="forward"/>
  <tag k="name" v="MARTA 40 Peachtree Street/Downtown"/>
  <tag k="network" v="MARTA"/>
  <tag k="network:wikidata" v="Q1423792"/>
  <tag k="network:wikipedia" v="en:Metropolitan Atlanta Rapid Transit Authority"/>
  <tag k="operator" v="Metropolitan Atlanta Rapid Transit Authority"/>
  <tag k="public_transport:version" v="1"/>
  <tag k="ref" v="40"/>
  <tag k="route" v="bus"/>
  <tag k="type" v="route"/>
 </relation>
 <relation id="8759422" visible="true" version="40" changeset="178160049" timestamp="2026-02-05T22:31:56Z" user="oscarm_lyft" uid="22944464">
  <member type="way" ref="1035802253" role="forward"/>
  <member type="way" ref="1035802254" role="forward"/>
  <member type="way" ref="73229541" role="forward"/>
  <member type="way" ref="629278170" role="forward"/>
  <member type="way" ref="629278171" role="forward"/>
  <member type="way" ref="734459876" role=""/>
  <member type="way" ref="629278082" role=""/>
  <member type="way" ref="629278173" role=""/>
  <member type="way" ref="629278172" role=""/>
  <member type="way" ref="423237112" role="forward"/>
  <member type="way" ref="423237113" role="forward"/>
  <member type="way" ref="1377749106" role=""/>
  <member type="way" ref="354587523" role=""/>
  <member type="way" ref="629278174" role=""/>
  <member type="way" ref="290405874" role=""/>
  <member type="way" ref="431441736" role=""/>
  <member type="way" ref="431441735" role=""/>
  <member type="way" ref="1035224024" role=""/>
  <member type="way" ref="431441737" role=""/>
  <member type="way" ref="1035224032" role=""/>
  <member type="way" ref="1035224028" role=""/>
  <member type="way" ref="28977645" role=""/>
  <member type="way" ref="290277131" role=""/>
  <member type="way" ref="290277132" role=""/>
  <member type="way" ref="1377986788" role=""/>
  <member type="way" ref="290277130" role=""/>
  <member type="way" ref="1377986789" role=""/>
  <member type="way" ref="290277129" role=""/>
  <member type="way" ref="1377947685" role=""/>
  <member type="way" ref="1377786493" role=""/>
  <member type="way" ref="1377972534" role=""/>
  <member type="way" ref="958101484" role=""/>
  <member type="way" ref="525609444" role=""/>
  <member type="way" ref="671964434" role=""/>
  <member type="way" ref="525615043" role=""/>
  <member type="way" ref="226119769" role=""/>
  <member type="way" ref="226119752" role=""/>
  <member type="way" ref="226324122" role=""/>
  <member type="way" ref="1377416115" role=""/>
  <member type="way" ref="1377416116" role=""/>
  <member type="way" ref="1377424634" role=""/>
  <member type="way" ref="226324123" role=""/>
  <member type="way" ref="1141891557" role=""/>
  <member type="way" ref="1141891558" role=""/>
  <member type="way" ref="1141891559" role=""/>
  <member type="way" ref="1141891560" role=""/>
  <member type="way" ref="1141891561" role=""/>
  <member type="way" ref="1141891562" role=""/>
  <member type="way" ref="564972239" role=""/>
  <member type="way" ref="1141891563" role=""/>
  <member type="way" ref="9267907" role="forward"/>
  <member type="way" ref="569577330" role="forward"/>
  <member type="way" ref="1078533534" role="forward"/>
  <member type="way" ref="376413683" role="forward"/>
  <member type="way" ref="569577331" role="forward"/>
  <member type="way" ref="564981043" role="forward"/>
  <member type="way" ref="569577329" role="forward"/>
  <member type="way" ref="564981061" role="forward"/>
  <member type="way" ref="484023279" role=""/>
  <member type="way" ref="1078533532" role=""/>
  <member type="way" ref="1078533533" role=""/>
  <member type="way" ref="1262850651" role=""/>
  <member type="way" ref="40897307" role=""/>
  <member type="way" ref="1000354102" role=""/>
  <member type="way" ref="40897309" role=""/>
  <member type="way" ref="43990399" role=""/>
  <member type="way" ref="1024545876" role=""/>
  <member type="way" ref="43990400" role=""/>
  <member type="way" ref="629238192" role=""/>
  <member type="way" ref="569571561" role=""/>
  <member type="way" ref="1001768868" role=""/>
  <member type="way" ref="1474556374" role=""/>
  <member type="way" ref="569571564" role=""/>
  <member type="way" ref="629278163" role=""/>
  <member type="way" ref="1376920740" role=""/>
  <member type="way" ref="543554120" role=""/>
  <member type="way" ref="9246905" role=""/>
  <member type="way" ref="40929764" role=""/>
  <member type="way" ref="1377713896" role=""/>
  <member type="way" ref="40929765" role=""/>
  <member type="way" ref="565014515" role=""/>
  <member type="way" ref="764115538" role=""/>
  <member type="way" ref="484060617" role=""/>
  <member type="way" ref="1436686416" role=""/>
  <member type="way" ref="1436686417" role=""/>
  <member type="way" ref="1436686418" role=""/>
  <member type="way" ref="1436686419" role=""/>
  <member type="way" ref="1436864494" role=""/>
  <member type="way" ref="565014516" role=""/>
  <member type="way" ref="1436864495" role=""/>
  <member type="way" ref="1436860469" role=""/>
  <member type="way" ref="1436860468" role=""/>
  <member type="way" ref="706615413" role=""/>
  <member type="way" ref="1436878031" role=""/>
  <member type="way" ref="1436878032" role=""/>
  <member type="way" ref="1436878033" role=""/>
  <member type="way" ref="706615414" role=""/>
  <member type="way" ref="1444139568" role=""/>
  <member type="way" ref="1444139566" role=""/>
  <member type="way" ref="1444139567" role=""/>
  <member type="way" ref="1444139565" role=""/>
  <member type="way" ref="1436911353" role=""/>
  <member type="way" ref="1436911352" role=""/>
  <member type="way" ref="1436909880" role=""/>
  <member type="way" ref="1436909879" role=""/>
  <member type="way" ref="1436913307" role=""/>
  <member type="way" ref="1436913306" role=""/>
  <member type="way" ref="1436892264" role=""/>
  <member type="way" ref="1436892263" role=""/>
  <member type="way" ref="1436892262" role=""/>
  <member type="way" ref="1436892260" role=""/>
  <member type="way" ref="1436892261" role=""/>
  <member type="way" ref="752661148" role=""/>
  <member type="way" ref="1436895636" role=""/>
  <member type="way" ref="776894986" role=""/>
  <member type="way" ref="79161441" role=""/>
  <member type="way" ref="629278169" role=""/>
  <member type="way" ref="629278167" role="forward"/>
  <member type="way" ref="629278168" role="forward"/>
  <member type="way" ref="83179423" role="forward"/>
  <member type="way" ref="83179425" role="forward"/>
  <member type="way" ref="83179430" role="forward"/>
  <member type="way" ref="39005913" role="forward"/>
  <tag k="name" v="MARTA 27 Cheshire Bridge Road"/>
  <tag k="network" v="MARTA"/>
  <tag k="network:wikidata" v="Q1423792"/>
  <tag k="network:wikipedia" v="en:Metropolitan Atlanta Rapid Transit Authority"/>
  <tag k="operator" v="Metropolitan Atlanta Rapid Transit Authority"/>
  <tag k="public_transport:version" v="1"/>
  <tag k="ref" v="27"/>
  <tag k="route" v="bus"/>
  <tag k="type" v="route"/>
 </relation>
 <relation id="8780536" visible="true" version="109" changeset="185854308" timestamp="2026-07-16T16:05:28Z" user="ATLDOT - GIS Team" uid="24267288">
  <member type="way" ref="959171127" role="forward"/>
  <member type="way" ref="9184125" role="forward"/>
  <member type="way" ref="44338684" role="forward"/>
  <member type="way" ref="1409803597" role="forward"/>
  <member type="way" ref="44338688" role="forward"/>
  <member type="way" ref="1409803598" role="forward"/>
  <member type="way" ref="369529884" role="forward"/>
  <member type="way" ref="369529906" role="forward"/>
  <member type="way" ref="96668739" role="forward"/>
  <member type="way" ref="96668732" role="forward"/>
  <member type="way" ref="1409803177" role="forward"/>
  <member type="way" ref="370411017" role="forward"/>
  <member type="way" ref="1409802584" role="forward"/>
  <member type="way" ref="1409802585" role="forward"/>
  <member type="way" ref="370411023" role="forward"/>
  <member type="way" ref="370411015" role="forward"/>
  <member type="way" ref="1416288196" role="forward"/>
  <member type="way" ref="1416288197" role="forward"/>
  <member type="way" ref="1416288198" role="forward"/>
  <member type="way" ref="370411022" role="forward"/>
  <member type="way" ref="1222679711" role="forward"/>
  <member type="way" ref="119686468" role="forward"/>
  <member type="way" ref="1339782510" role="forward"/>
  <member type="way" ref="561310251" role="forward"/>
  <member type="way" ref="1339771749" role="forward"/>
  <member type="way" ref="561310252" role="forward"/>
  <member type="way" ref="9173279" role="forward"/>
  <member type="way" ref="195697436" role="forward"/>
  <member type="way" ref="879194357" role="forward"/>
  <member type="way" ref="1416281221" role="forward"/>
  <member type="way" ref="880093579" role="forward"/>
  <member type="way" ref="631165822" role="forward"/>
  <member type="way" ref="1416278766" role="forward"/>
  <member type="way" ref="1416278767" role="forward"/>
  <member type="way" ref="631165778" role="forward"/>
  <member type="way" ref="1342096545" role="forward"/>
  <member type="way" ref="879272945" role="forward"/>
  <member type="way" ref="1416277040" role="forward"/>
  <member type="way" ref="879161771" role="forward"/>
  <member type="way" ref="1416277041" role="forward"/>
  <member type="way" ref="879161770" role="forward"/>
  <member type="way" ref="1342092218" role="forward"/>
  <member type="way" ref="959171126" role="forward"/>
  <member type="way" ref="175629435" role="forward"/>
  <member type="way" ref="175629577" role="forward"/>
  <member type="way" ref="175629477" role="forward"/>
  <member type="way" ref="175629507" role="forward"/>
  <member type="way" ref="528247719" role="forward"/>
  <member type="way" ref="528247720" role="forward"/>
  <member type="way" ref="528247721" role="forward"/>
  <member type="way" ref="958175480" role="forward"/>
  <member type="way" ref="175629482" role="forward"/>
  <member type="way" ref="175629582" role="forward"/>
  <member type="way" ref="963899747" role="forward"/>
  <member type="way" ref="963899745" role="forward"/>
  <member type="way" ref="28800436" role="forward"/>
  <member type="way" ref="175629413" role="forward"/>
  <member type="way" ref="175629414" role="forward"/>
  <member type="way" ref="129601717" role="forward"/>
  <member type="way" ref="129601714" role="forward"/>
  <member type="way" ref="129601715" role="forward"/>
  <member type="way" ref="946822105" role="forward"/>
  <member type="way" ref="946822104" role="forward"/>
  <member type="way" ref="946822103" role="forward"/>
  <member type="way" ref="946822102" role="forward"/>
  <member type="way" ref="631165818" role="forward"/>
  <member type="way" ref="251670471" role="forward"/>
  <member type="way" ref="630696955" role="forward"/>
  <member type="way" ref="1016531913" role="forward"/>
  <member type="way" ref="1066021810" role="forward"/>
  <member type="way" ref="271855179" role="forward"/>
  <member type="way" ref="1066021809" role="forward"/>
  <member type="way" ref="1066021808" role="forward"/>
  <member type="way" ref="1066021807" role="forward"/>
  <member type="way" ref="1066021806" role="forward"/>
  <member type="way" ref="1066021805" role="forward"/>
  <member type="way" ref="1066021811" role="forward"/>
  <member type="way" ref="1066021804" role="forward"/>
  <member type="way" ref="251668314" role="forward"/>
  <member type="way" ref="630696956" role="forward"/>
  <member type="way" ref="1420293445" role="forward"/>
  <member type="way" ref="1434584715" role="forward"/>
  <member type="way" ref="631165782" role="forward"/>
  <member type="way" ref="1434584716" role="forward"/>
  <member type="way" ref="631165784" role="forward"/>
  <member type="way" ref="211339186" role="forward"/>
  <member type="way" ref="631165792" role="forward"/>
  <member type="way" ref="631165794" role="forward"/>
  <member type="way" ref="1031909632" role="forward"/>
  <member type="way" ref="631165789" role="forward"/>
  <member type="way" ref="1031909633" role="forward"/>
  <member type="way" ref="1184419146" role="forward"/>
  <member type="way" ref="1216785516" role="forward"/>
  <member type="way" ref="1365953812" role="forward"/>
  <member type="way" ref="182640624" role="forward"/>
  <member type="way" ref="460812759" role="forward"/>
  <member type="way" ref="182640622" role="forward"/>
  <member type="way" ref="182640635" role="forward"/>
  <member type="way" ref="369529901" role="forward"/>
  <member type="way" ref="9176182" role="forward"/>
  <member type="way" ref="96027431" role="forward"/>
  <member type="way" ref="1409804637" role="forward"/>
  <member type="way" ref="1347242973" role="forward"/>
  <member type="way" ref="1409804636" role="forward"/>
  <member type="way" ref="369529887" role="forward"/>
  <member type="way" ref="1342094280" role="forward"/>
  <member type="way" ref="9259658" role="forward"/>
  <member type="way" ref="389732693" role="forward"/>
  <member type="way" ref="274792328" role="forward"/>
  <member type="way" ref="46868871" role="forward"/>
  <member type="way" ref="38985094" role="forward"/>
  <member type="way" ref="96024372" role="forward"/>
  <member type="way" ref="96024369" role="forward"/>
  <member type="way" ref="96024374" role="forward"/>
  <member type="way" ref="123355221" role="forward"/>
  <member type="way" ref="38983466" role="forward"/>
  <member type="way" ref="175629458" role="forward"/>
  <member type="way" ref="175629461" role="forward"/>
  <member type="way" ref="175629466" role="forward"/>
  <member type="way" ref="493157854" role="forward"/>
  <member type="way" ref="484027943" role="forward"/>
  <member type="way" ref="175629463" role="forward"/>
  <member type="way" ref="38983363" role="forward"/>
  <member type="way" ref="879130781" role="forward"/>
  <member type="way" ref="1257642774" role="forward"/>
  <member type="way" ref="1257642773" role="forward"/>
  <member type="way" ref="1490449278" role="forward"/>
  <member type="way" ref="187141933" role="forward"/>
  <member type="way" ref="9235561" role="forward"/>
  <member type="way" ref="62238522" role="forward"/>
  <member type="way" ref="96433134" role="backward"/>
  <member type="way" ref="484857194" role="backward"/>
  <member type="way" ref="1321837584" role="backward"/>
  <member type="way" ref="9269453" role="backward"/>
  <member type="way" ref="9268415" role="forward"/>
  <member type="way" ref="371602523" role="forward"/>
  <member type="way" ref="629278088" role="forward"/>
  <member type="way" ref="423236892" role="forward"/>
  <member type="way" ref="423236891" role="forward"/>
  <member type="way" ref="629278173" role="backward"/>
  <member type="way" ref="629278082" role="forward"/>
  <member type="way" ref="734459876" role="forward"/>
  <member type="way" ref="629278171" role="forward"/>
  <member type="way" ref="629278170" role="forward"/>
  <member type="way" ref="73229541" role="forward"/>
  <member type="way" ref="1035802254" role="forward"/>
  <member type="way" ref="1035802253" role="forward"/>
  <member type="way" ref="734459876" role="backward"/>
  <member type="way" ref="629278082" role="backward"/>
  <member type="way" ref="629278173" role="forward"/>
  <member type="way" ref="629278172" role="forward"/>
  <member type="way" ref="423237112" role="forward"/>
  <member type="way" ref="1377749106" role="forward"/>
  <member type="way" ref="354587523" role="forward"/>
  <member type="way" ref="629278174" role="forward"/>
  <member type="way" ref="354587522" role="forward"/>
  <member type="way" ref="943600887" role="forward"/>
  <member type="way" ref="1377424701" role="forward"/>
  <member type="way" ref="631653294" role="forward"/>
  <member type="way" ref="1377401836" role="forward"/>
  <member type="way" ref="1377394234" role="forward"/>
  <member type="way" ref="354587521" role="forward"/>
  <member type="way" ref="959690884" role="forward"/>
  <member type="way" ref="422300227" role="backward"/>
  <member type="way" ref="1367094310" role="backward"/>
  <member type="way" ref="1377709098" role="backward"/>
  <member type="way" ref="1377709096" role="backward"/>
  <member type="way" ref="179215365" role="backward"/>
  <member type="way" ref="1118733308" role="backward"/>
  <member type="way" ref="507036353" role="backward"/>
  <member type="way" ref="38974973" role="backward"/>
  <member type="way" ref="586936416" role="backward"/>
  <member type="way" ref="630644314" role="backward"/>
  <member type="way" ref="630644318" role="backward"/>
  <member type="way" ref="1117890730" role="forward"/>
  <member type="way" ref="38974972" role="forward"/>
  <member type="way" ref="630697026" role="forward"/>
  <member type="way" ref="9247536" role="forward"/>
  <member type="way" ref="1038713474" role="forward"/>
  <member type="way" ref="9264594" role="forward"/>
  <member type="way" ref="1376879126" role="forward"/>
  <member type="way" ref="1376879127" role="forward"/>
  <member type="way" ref="1539788920" role="forward"/>
  <member type="way" ref="435586505" role="forward"/>
  <member type="way" ref="1466964615" role="forward"/>
  <member type="way" ref="1466964616" role="forward"/>
  <member type="way" ref="630644309" role="forward"/>
  <member type="way" ref="1424977885" role="forward"/>
  <member type="way" ref="9244683" role="forward"/>
  <member type="way" ref="580342815" role="forward"/>
  <member type="way" ref="54032750" role="forward"/>
  <member type="way" ref="9245544" role="forward"/>
  <member type="way" ref="583666182" role="forward"/>
  <member type="way" ref="631165781" role="forward"/>
  <member type="way" ref="9264609" role="forward"/>
  <member type="way" ref="755543600" role="forward"/>
  <member type="way" ref="564295946" role="forward"/>
  <member type="way" ref="44698164" role="forward"/>
  <member type="way" ref="849819590" role="forward"/>
  <member type="way" ref="579586365" role="forward"/>
  <member type="way" ref="630697023" role="forward"/>
  <member type="way" ref="630644331" role="forward"/>
  <member type="way" ref="630391544" role="forward"/>
  <member type="way" ref="385744394" role="forward"/>
  <member type="way" ref="629305908" role="forward"/>
  <member type="way" ref="1435989862" role="forward"/>
  <member type="way" ref="629278227" role="forward"/>
  <member type="way" ref="1435989863" role="forward"/>
  <member type="way" ref="39441455" role="forward"/>
  <member type="way" ref="629305962" role="forward"/>
  <member type="way" ref="1040740790" role="forward"/>
  <member type="way" ref="580807402" role="forward"/>
  <member type="way" ref="580808690" role="forward"/>
  <member type="way" ref="1052597162" role="forward"/>
  <member type="way" ref="580808689" role="forward"/>
  <member type="way" ref="54032747" role="forward"/>
  <member type="way" ref="630644330" role="forward"/>
  <member type="way" ref="54032748" role="forward"/>
  <member type="way" ref="1046207259" role="forward"/>
  <member type="way" ref="1031935808" role="forward"/>
  <member type="way" ref="9258588" role="forward"/>
  <member type="way" ref="1031935809" role="forward"/>
  <member type="way" ref="1031935807" role="forward"/>
  <member type="way" ref="573514731" role="forward"/>
  <member type="way" ref="108618203" role="forward"/>
  <member type="way" ref="1037077590" role="forward"/>
  <member type="way" ref="1037083651" role="forward"/>
  <member type="way" ref="595386368" role="forward"/>
  <member type="way" ref="1037083652" role="forward"/>
  <member type="way" ref="595386367" role="forward"/>
  <member type="way" ref="1038713477" role="forward"/>
  <member type="way" ref="1376879125" role="forward"/>
  <member type="way" ref="591623771" role="forward"/>
  <member type="way" ref="1038713479" role="forward"/>
  <member type="way" ref="1038713475" role="forward"/>
  <member type="way" ref="1038713473" role="forward"/>
  <member type="way" ref="1038713476" role="forward"/>
  <member type="way" ref="630696900" role="forward"/>
  <member type="way" ref="617206187" role="forward"/>
  <member type="way" ref="631165848" role="forward"/>
  <member type="way" ref="1049882185" role="forward"/>
  <member type="way" ref="9243865" role="forward"/>
  <member type="way" ref="630697027" role="forward"/>
  <member type="way" ref="38976074" role="forward"/>
  <member type="way" ref="38976077" role="forward"/>
  <member type="way" ref="96398242" role="forward"/>
  <member type="way" ref="44450080" role="forward"/>
  <member type="way" ref="1057523016" role="forward"/>
  <member type="way" ref="1036831669" role="forward"/>
  <member type="way" ref="175629473" role="forward"/>
  <member type="way" ref="1036831668" role="forward"/>
  <member type="way" ref="44450082" role="forward"/>
  <member type="way" ref="311764308" role="forward"/>
  <member type="way" ref="1117890734" role="forward"/>
  <member type="way" ref="234013261" role="forward"/>
  <member type="way" ref="311764298" role="forward"/>
  <member type="way" ref="311764294" role="forward"/>
  <member type="way" ref="75359073" role="forward"/>
  <member type="way" ref="311764304" role="forward"/>
  <member type="way" ref="75359067" role="forward"/>
  <member type="way" ref="44450083" role="forward"/>
  <member type="way" ref="1051776111" role="forward"/>
  <member type="way" ref="1051776110" role="forward"/>
  <member type="way" ref="629238142" role="forward"/>
  <member type="way" ref="73229536" role="forward"/>
  <member type="way" ref="631611891" role="forward"/>
  <member type="way" ref="73229529" role="forward"/>
  <member type="way" ref="629278093" role="forward"/>
  <member type="way" ref="1049838769" role="forward"/>
  <member type="way" ref="1049838768" role="forward"/>
  <member type="way" ref="1049838770" role="forward"/>
  <member type="way" ref="9244849" role="forward"/>
  <member type="way" ref="28686211" role="forward"/>
  <member type="way" ref="483872299" role="forward"/>
  <member type="way" ref="38978405" role="forward"/>
  <member type="way" ref="38978406" role="forward"/>
  <member type="way" ref="1020867016" role="forward"/>
  <member type="way" ref="1257642772" role="forward"/>
  <member type="way" ref="1257642771" role="forward"/>
  <member type="way" ref="187141934" role="forward"/>
  <member type="way" ref="1020867018" role="forward"/>
  <member type="way" ref="38983371" role="forward"/>
  <member type="way" ref="175629465" role="forward"/>
  <member type="way" ref="878228419" role="forward"/>
  <member type="way" ref="484027942" role="forward"/>
  <member type="way" ref="175629460" role="forward"/>
  <member type="way" ref="493157853" role="forward"/>
  <member type="way" ref="175629464" role="forward"/>
  <member type="way" ref="175629459" role="forward"/>
  <member type="way" ref="38983358" role="forward"/>
  <member type="way" ref="1163543771" role="forward"/>
  <member type="way" ref="998976501" role="forward"/>
  <member type="way" ref="38985100" role="forward"/>
  <member type="way" ref="38985101" role="forward"/>
  <member type="way" ref="96027122" role="forward"/>
  <member type="way" ref="9234700" role="forward"/>
  <member type="way" ref="96024373" role="forward"/>
  <member type="way" ref="119686432" role="forward"/>
  <member type="way" ref="1416316127" role="forward"/>
  <member type="way" ref="1416316117" role="forward"/>
  <member type="way" ref="9176174" role="forward"/>
  <member type="way" ref="369529899" role="forward"/>
  <member type="way" ref="1416316126" role="forward"/>
  <member type="way" ref="1347242971" role="forward"/>
  <member type="way" ref="1416316125" role="forward"/>
  <member type="way" ref="631165773" role="forward"/>
  <member type="way" ref="96027432" role="forward"/>
  <member type="way" ref="96027433" role="forward"/>
  <member type="way" ref="369529908" role="forward"/>
  <member type="way" ref="1416316124" role="forward"/>
  <member type="way" ref="369529898" role="forward"/>
  <member type="way" ref="44338686" role="forward"/>
  <member type="way" ref="44338685" role="forward"/>
  <member type="way" ref="96668738" role="forward"/>
  <member type="way" ref="1416316123" role="forward"/>
  <member type="way" ref="96668733" role="forward"/>
  <member type="way" ref="1416316122" role="forward"/>
  <member type="way" ref="370411024" role="forward"/>
  <member type="way" ref="1416316121" role="forward"/>
  <member type="way" ref="1416316120" role="forward"/>
  <member type="way" ref="370411016" role="forward"/>
  <member type="way" ref="370411018" role="forward"/>
  <member type="way" ref="1416316119" role="forward"/>
  <member type="way" ref="370411019" role="forward"/>
  <member type="way" ref="1416316118" role="forward"/>
  <member type="way" ref="370411020" role="forward"/>
  <member type="way" ref="1339767669" role="forward"/>
  <member type="way" ref="370411025" role="forward"/>
  <member type="way" ref="1342093627" role="forward"/>
  <member type="way" ref="119686435" role="forward"/>
  <member type="way" ref="630696886" role="forward"/>
  <member type="way" ref="119686461" role="forward"/>
  <member type="way" ref="1416319355" role="forward"/>
  <member type="way" ref="9291079" role="forward"/>
  <member type="way" ref="1416319354" role="forward"/>
  <member type="way" ref="1339779625" role="forward"/>
  <member type="way" ref="879266495" role="forward"/>
  <member type="way" ref="1342589370" role="forward"/>
  <member type="way" ref="1416327550" role="forward"/>
  <member type="way" ref="1416327548" role="forward"/>
  <member type="way" ref="879144055" role="forward"/>
  <member type="way" ref="1416327547" role="forward"/>
  <member type="way" ref="1416327549" role="forward"/>
  <member type="way" ref="1339772060" role="forward"/>
  <member type="way" ref="631165777" role="forward"/>
  <member type="way" ref="1342088450" role="forward"/>
  <member type="way" ref="631165836" role="forward"/>
  <member type="way" ref="1416329165" role="forward"/>
  <member type="way" ref="879150293" role="forward"/>
  <member type="way" ref="1416329164" role="forward"/>
  <member type="way" ref="879174710" role="forward"/>
  <member type="way" ref="9279361" role="forward"/>
  <member type="way" ref="989372947" role="forward"/>
  <member type="way" ref="353256671" role="forward"/>
  <member type="way" ref="1034404395" role="forward"/>
  <member type="way" ref="1031627879" role="forward"/>
  <member type="way" ref="9281942" role="forward"/>
  <member type="way" ref="1031627880" role="forward"/>
  <member type="way" ref="1146817270" role="forward"/>
  <member type="way" ref="683104018" role="forward"/>
  <member type="way" ref="565422125" role="forward"/>
  <member type="way" ref="565424737" role="forward"/>
  <member type="way" ref="1480599446" role="forward"/>
  <member type="way" ref="1480599447" role="backward"/>
  <member type="way" ref="631281886" role="backward"/>
  <member type="way" ref="631281887" role="backward"/>
  <member type="way" ref="543030638" role="backward"/>
  <member type="way" ref="1446920325" role="backward"/>
  <member type="way" ref="1446920324" role="backward"/>
  <member type="way" ref="1446499814" role="backward"/>
  <member type="way" ref="1446499812" role="backward"/>
  <member type="way" ref="1446499813" role="backward"/>
  <member type="way" ref="1446499811" role="backward"/>
  <member type="way" ref="1446499816" role="backward"/>
  <member type="way" ref="1446499815" role="backward"/>
  <member type="way" ref="252693083" role="forward"/>
  <member type="way" ref="365614287" role="forward"/>
  <member type="way" ref="1042845815" role="forward"/>
  <member type="way" ref="1042845816" role="forward"/>
  <member type="way" ref="252693084" role="forward"/>
  <member type="way" ref="99135056" role="forward"/>
  <member type="way" ref="99135055" role="forward"/>
  <member type="way" ref="1182211547" role="forward"/>
  <member type="way" ref="1042842922" role="forward"/>
  <member type="way" ref="1042842923" role="forward"/>
  <member type="way" ref="1042842924" role="forward"/>
  <member type="way" ref="631281827" role="forward"/>
  <member type="way" ref="1042842925" role="forward"/>
  <tag k="fixme" v="verify route at Sugarloaf Mills, Arts Center"/>
  <tag k="name" v="Gwinnett County Transit 103A"/>
  <tag k="network" v="Gwinnett County Transit"/>
  <tag k="network:wikidata" v="Q5623666"/>
  <tag k="network:wikipedia" v="en:Gwinnett County Transit"/>
  <tag k="operator" v="Gwinnett County"/>
  <tag k="public_transport:version" v="1"/>
  <tag k="ref" v="103A"/>
  <tag k="route" v="bus"/>
  <tag k="type" v="route"/>
 </relation>
 <relation id="8787107" visible="true" version="35" changeset="172182642" timestamp="2025-09-19T21:22:21Z" user="shinterro" uid="8562391">
  <member type="way" ref="630809641" role="forward"/>
  <member type="way" ref="1054608008" role="forward"/>
  <member type="way" ref="532052747" role="forward"/>
  <member type="way" ref="630809643" role="forward"/>
  <member type="way" ref="278367434" role="forward"/>
  <member type="way" ref="1413185188" role=""/>
  <member type="way" ref="630809642" role=""/>
  <member type="way" ref="630809645" role="forward"/>
  <member type="way" ref="214341578" role="forward"/>
  <member type="way" ref="582747141" role="forward"/>
  <member type="way" ref="582747149" role="forward"/>
  <member type="way" ref="277752571" role="forward"/>
  <member type="way" ref="288217260" role="forward"/>
  <member type="way" ref="438904964" role="forward"/>
  <member type="way" ref="438904965" role="forward"/>
  <member type="way" ref="28101260" role="forward"/>
  <member type="way" ref="437989585" role="forward"/>
  <member type="way" ref="570317069" role="forward"/>
  <member type="way" ref="451966309" role="forward"/>
  <member type="way" ref="451966312" role="forward"/>
  <member type="way" ref="630809646" role="forward"/>
  <member type="way" ref="582747133" role="forward"/>
  <member type="way" ref="582747128" role="forward"/>
  <member type="way" ref="582747123" role="forward"/>
  <member type="way" ref="1010906158" role="forward"/>
  <member type="way" ref="541176011" role="forward"/>
  <member type="way" ref="533684298" role="forward"/>
  <member type="way" ref="214341579" role="forward"/>
  <member type="way" ref="214341570" role="forward"/>
  <member type="way" ref="540656845" role="forward"/>
  <member type="way" ref="540656841" role="forward"/>
  <member type="way" ref="438904958" role="forward"/>
  <member type="way" ref="438904959" role="forward"/>
  <member type="way" ref="438904957" role="forward"/>
  <member type="way" ref="9097161" role="forward"/>
  <member type="way" ref="438904956" role="forward"/>
  <member type="way" ref="9099097" role="forward"/>
  <member type="way" ref="390916508" role=""/>
  <member type="way" ref="570316067" role=""/>
  <member type="way" ref="624246383" role=""/>
  <member type="way" ref="755212981" role=""/>
  <member type="way" ref="570316070" role=""/>
  <member type="way" ref="623138519" role=""/>
  <member type="way" ref="623138520" role=""/>
  <member type="way" ref="570343403" role=""/>
  <member type="way" ref="606842879" role=""/>
  <member type="way" ref="536789464" role=""/>
  <member type="way" ref="536789463" role=""/>
  <member type="way" ref="536789462" role=""/>
  <member type="way" ref="536789461" role=""/>
  <member type="way" ref="570343402" role=""/>
  <member type="way" ref="536789455" role=""/>
  <member type="way" ref="564149145" role=""/>
  <member type="way" ref="536789456" role=""/>
  <member type="way" ref="437647056" role=""/>
  <member type="way" ref="564149146" role=""/>
  <member type="way" ref="564149147" role=""/>
  <member type="way" ref="624557375" role=""/>
  <member type="way" ref="624557377" role=""/>
  <member type="way" ref="561642029" role=""/>
  <member type="way" ref="685000423" role=""/>
  <member type="way" ref="685000422" role=""/>
  <member type="way" ref="561642032" role=""/>
  <member type="way" ref="561642035" role=""/>
  <member type="way" ref="561642039" role=""/>
  <member type="way" ref="717332900" role=""/>
  <member type="way" ref="503146419" role=""/>
  <member type="way" ref="430268421" role=""/>
  <member type="way" ref="606817043" role=""/>
  <member type="way" ref="626777849" role=""/>
  <member type="way" ref="626777850" role=""/>
  <member type="way" ref="561642047" role=""/>
  <member type="way" ref="561642043" role=""/>
  <member type="way" ref="561642051" role=""/>
  <member type="way" ref="561642055" role=""/>
  <member type="way" ref="561642059" role=""/>
  <member type="way" ref="626639641" role=""/>
  <member type="way" ref="430268422" role=""/>
  <member type="way" ref="430268420" role=""/>
  <member type="way" ref="626710002" role=""/>
  <member type="way" ref="606818817" role=""/>
  <member type="way" ref="466947351" role=""/>
  <member type="way" ref="536796434" role=""/>
  <member type="way" ref="606818818" role=""/>
  <member type="way" ref="626709104" role=""/>
  <member type="way" ref="606819818" role=""/>
  <member type="way" ref="606822882" role=""/>
  <member type="way" ref="548447756" role=""/>
  <member type="way" ref="548447760" role=""/>
  <member type="way" ref="626289292" role="forward"/>
  <member type="way" ref="626289295" role="forward"/>
  <member type="way" ref="1355303193" role="forward"/>
  <member type="way" ref="1346313059" role="forward"/>
  <member type="way" ref="1355303190" role="forward"/>
  <member type="way" ref="1355303192" role="forward"/>
  <member type="way" ref="1346313061" role="forward"/>
  <member type="way" ref="1346313058" role="forward"/>
  <member type="way" ref="630809654" role="forward"/>
  <member type="way" ref="359612957" role="forward"/>
  <member type="way" ref="41644281" role="forward"/>
  <member type="way" ref="176229040" role="forward"/>
  <member type="way" ref="1414812079" role="forward"/>
  <member type="way" ref="282799466" role="forward"/>
  <member type="way" ref="1414812080" role="forward"/>
  <member type="way" ref="282799470" role="forward"/>
  <member type="way" ref="1414812076" role="forward"/>
  <member type="way" ref="434686182" role="forward"/>
  <member type="way" ref="282799467" role="forward"/>
  <member type="way" ref="1414812078" role="forward"/>
  <member type="way" ref="1414812073" role="forward"/>
  <member type="way" ref="9262561" role="forward"/>
  <member type="way" ref="1414812072" role="forward"/>
  <member type="way" ref="1023124880" role="forward"/>
  <member type="way" ref="28101254" role="forward"/>
  <member type="way" ref="359612946" role="forward"/>
  <member type="way" ref="282799465" role="forward"/>
  <member type="way" ref="84241527" role="forward"/>
  <member type="way" ref="84241528" role="forward"/>
  <member type="way" ref="73325908" role="forward"/>
  <member type="way" ref="73325907" role="forward"/>
  <member type="way" ref="282799464" role="forward"/>
  <member type="way" ref="282799462" role="forward"/>
  <member type="way" ref="358758368" role="forward"/>
  <member type="way" ref="73325902" role="forward"/>
  <member type="way" ref="73325903" role="forward"/>
  <member type="way" ref="358758343" role="forward"/>
  <member type="way" ref="73325904" role="forward"/>
  <member type="way" ref="73325905" role="forward"/>
  <member type="way" ref="1049858020" role="forward"/>
  <member type="way" ref="1049858019" role="forward"/>
  <member type="way" ref="358758384" role="forward"/>
  <member type="way" ref="358758331" role="forward"/>
  <member type="way" ref="46938919" role="forward"/>
  <member type="way" ref="46938918" role="forward"/>
  <member type="way" ref="46938922" role="forward"/>
  <member type="way" ref="46938915" role="forward"/>
  <member type="way" ref="358758316" role="forward"/>
  <member type="way" ref="46938923" role="forward"/>
  <member type="way" ref="46938924" role="forward"/>
  <member type="way" ref="358758284" role="forward"/>
  <member type="way" ref="389396741" role="forward"/>
  <member type="way" ref="389396740" role="forward"/>
  <member type="way" ref="68668224" role="forward"/>
  <member type="way" ref="68668217" role="forward"/>
  <member type="way" ref="358758245" role="forward"/>
  <member type="way" ref="9238120" role="forward"/>
  <member type="way" ref="27609107" role="forward"/>
  <member type="way" ref="380515247" role="forward"/>
  <member type="way" ref="73325899" role="forward"/>
  <member type="way" ref="175629472" role="forward"/>
  <member type="way" ref="968808052" role="forward"/>
  <member type="way" ref="73325900" role="forward"/>
  <member type="way" ref="287527640" role="forward"/>
  <member type="way" ref="287527637" role="forward"/>
  <member type="way" ref="1059205201" role="forward"/>
  <member type="way" ref="287527655" role="forward"/>
  <member type="way" ref="1059205202" role="forward"/>
  <member type="way" ref="287527650" role="forward"/>
  <member type="way" ref="629238142" role="forward"/>
  <member type="way" ref="73229536" role="forward"/>
  <member type="way" ref="73229547" role="forward"/>
  <member type="way" ref="629278170" role="forward"/>
  <member type="way" ref="73229541" role="forward"/>
  <member type="way" ref="1035802254" role="forward"/>
  <member type="way" ref="1035802253" role="forward"/>
  <member type="way" ref="734459876" role="backward"/>
  <member type="way" ref="629278082" role="backward"/>
  <member type="way" ref="629278173" role="forward"/>
  <member type="way" ref="629278172" role="forward"/>
  <member type="way" ref="423237112" role="forward"/>
  <member type="way" ref="1377749106" role="forward"/>
  <member type="way" ref="354587523" role="forward"/>
  <member type="way" ref="629278174" role="forward"/>
  <member type="way" ref="354587522" role="forward"/>
  <member type="way" ref="943600887" role="forward"/>
  <member type="way" ref="1377424701" role="forward"/>
  <member type="way" ref="631653294" role="forward"/>
  <member type="way" ref="1377401836" role="forward"/>
  <member type="way" ref="1377394234" role="forward"/>
  <member type="way" ref="234013266" role="forward"/>
  <member type="way" ref="533146591" role="forward"/>
  <member type="way" ref="533146592" role="forward"/>
  <member type="way" ref="1431371321" role="forward"/>
  <member type="way" ref="9274708" role="forward"/>
  <member type="way" ref="629238141" role="forward"/>
  <member type="way" ref="311764287" role="forward"/>
  <member type="way" ref="761148056" role="forward"/>
  <member type="way" ref="761148054" role="forward"/>
  <member type="way" ref="761148055" role="forward"/>
  <member type="way" ref="62607075" role="forward"/>
  <member type="way" ref="1428164321" role="forward"/>
  <member type="way" ref="1428164322" role="forward"/>
  <member type="way" ref="1428164320" role="forward"/>
  <member type="way" ref="1059205200" role="forward"/>
  <member type="way" ref="311764312" role="forward"/>
  <member type="way" ref="631611890" role="forward"/>
  <member type="way" ref="9238861" role="forward"/>
  <member type="way" ref="963930666" role="forward"/>
  <member type="way" ref="631611889" role="forward"/>
  <member type="way" ref="124718364" role="forward"/>
  <member type="way" ref="358758258" role="forward"/>
  <member type="way" ref="880536843" role="forward"/>
  <member type="way" ref="434839148" role="forward"/>
  <member type="way" ref="358758302" role="forward"/>
  <member type="way" ref="68668213" role="forward"/>
  <member type="way" ref="68668220" role="forward"/>
  <member type="way" ref="358758272" role="forward"/>
  <member type="way" ref="631611851" role="forward"/>
  <member type="way" ref="358758230" role="forward"/>
  <member type="way" ref="73229517" role="forward"/>
  <member type="way" ref="46938925" role="forward"/>
  <member type="way" ref="46938921" role="forward"/>
  <member type="way" ref="46938920" role="forward"/>
  <member type="way" ref="46938911" role="forward"/>
  <member type="way" ref="46938912" role="forward"/>
  <member type="way" ref="358758200" role="forward"/>
  <member type="way" ref="358758183" role="forward"/>
  <member type="way" ref="358758214" role="forward"/>
  <member type="way" ref="1023147366" role="forward"/>
  <member type="way" ref="61959470" role="forward"/>
  <member type="way" ref="61959471" role="forward"/>
  <member type="way" ref="73229506" role="forward"/>
  <member type="way" ref="73229509" role="forward"/>
  <member type="way" ref="359612955" role="forward"/>
  <member type="way" ref="73229481" role="forward"/>
  <member type="way" ref="73229484" role="forward"/>
  <member type="way" ref="73229486" role="forward"/>
  <member type="way" ref="163463487" role="forward"/>
  <member type="way" ref="359612947" role="forward"/>
  <member type="way" ref="359612951" role="forward"/>
  <member type="way" ref="9133189" role="forward"/>
  <member type="way" ref="73229463" role="forward"/>
  <member type="way" ref="67478074" role="forward"/>
  <member type="way" ref="1409977150" role="forward"/>
  <member type="way" ref="359612960" role="forward"/>
  <member type="way" ref="359612958" role="forward"/>
  <member type="way" ref="359612959" role="forward"/>
  <member type="way" ref="124718369" role="forward"/>
  <member type="way" ref="359612961" role="forward"/>
  <member type="way" ref="41644284" role="forward"/>
  <member type="way" ref="41644285" role="forward"/>
  <member type="way" ref="630809655" role="forward"/>
  <member type="way" ref="626289290" role="forward"/>
  <member type="way" ref="626700044" role="forward"/>
  <tag k="fixme" v="verify route at Civic Center"/>
  <tag k="name" v="CobbLinc 102 Acworth Park and Ride"/>
  <tag k="network" v="CobbLinc"/>
  <tag k="network:wikidata" v="Q5138753"/>
  <tag k="network:wikipedia" v="en:CobbLinc"/>
  <tag k="note" v="uses express lane"/>
  <tag k="operator" v="Cobb County"/>
  <tag k="public_transport:version" v="1"/>
  <tag k="ref" v="100"/>
  <tag k="route" v="bus"/>
  <tag k="type" v="route"/>
 </relation>
 <relation id="8852715" visible="true" version="12" changeset="174821386" timestamp="2025-11-18T15:39:22Z" user="lleveto" uid="17701087">
  <member type="way" ref="1409935746" role=""/>
  <member type="way" ref="11798943" role=""/>
  <member type="way" ref="1451695661" role=""/>
  <member type="way" ref="1309015524" role=""/>
  <member type="way" ref="1368403200" role=""/>
  <member type="way" ref="1309015537" role=""/>
  <member type="way" ref="1309015538" role=""/>
  <member type="way" ref="1309015533" role=""/>
  <member type="way" ref="1013891827" role=""/>
  <member type="way" ref="1013891828" role=""/>
  <member type="way" ref="1013891829" role=""/>
  <member type="way" ref="1416750967" role=""/>
  <member type="way" ref="1013891830" role=""/>
  <member type="relation" ref="3087492" role=""/>
  <member type="relation" ref="8843676" role=""/>
  <member type="relation" ref="14582274" role=""/>
  <member type="relation" ref="5517215" role=""/>
  <member type="relation" ref="8883784" role=""/>
  <tag k="cycle_network" v="US:US"/>
  <tag k="description" v="21 (super)"/>
  <tag k="from" v="Cleveland"/>
  <tag k="network" v="ncn"/>
  <tag k="ref" v="21"/>
  <tag k="route" v="bicycle"/>
  <tag k="source" v="AASHTO;https://route.transportation.org/committee-notices-actions-and-approvals/past-meetings"/>
  <tag k="to" v="Atlanta"/>
  <tag k="type" v="route"/>
  <tag k="via" v="Cincinnati, Knoxville, Chattanooga"/>
  <tag k="wikidata" v="Q61437491"/>
  <tag k="wikipedia" v="en:U.S. Bicycle Route 21"/>
 </relation>
 <relation id="8883784" visible="true" version="59" changeset="188838447" timestamp="2026-09-10T18:03:23Z" user="LiudmilaBareika" uid="23318824">
  <member type="way" ref="959690884" role=""/>
  <member type="way" ref="354587521" role=""/>
  <member type="way" ref="1377394234" role=""/>
  <member type="way" ref="1377401836" role=""/>
  <member type="way" ref="631653294" role=""/>
  <member type="way" ref="1377424701" role=""/>
  <member type="way" ref="943600887" role=""/>
  <member type="way" ref="354587522" role=""/>
  <member type="way" ref="629278174" role=""/>
  <member type="way" ref="354587523" role=""/>
  <member type="way" ref="1377749106" role=""/>
  <member type="way" ref="423237113" role="forward"/>
  <member type="way" ref="629278172" role=""/>
  <member type="way" ref="423236891" role=""/>
  <member type="way" ref="423236894" role="forward"/>
  <member type="way" ref="629278088" role=""/>
  <member type="way" ref="371602523" role=""/>
  <member type="way" ref="9270296" role=""/>
  <member type="way" ref="26786742" role="forward"/>
  <member type="way" ref="630779026" role="forward"/>
  <member type="way" ref="1452444264" role="forward"/>
  <member type="way" ref="26786744" role="forward"/>
  <member type="way" ref="963897075" role="forward"/>
  <member type="way" ref="1051451847" role="forward"/>
  <member type="way" ref="1135076027" role="forward"/>
  <member type="way" ref="1051451852" role="forward"/>
  <member type="way" ref="60783400" role="forward"/>
  <member type="way" ref="1145707061" role="forward"/>
  <member type="way" ref="61853192" role="forward"/>
  <member type="way" ref="543944194" role="forward"/>
  <member type="way" ref="26786738" role="forward"/>
  <member type="way" ref="26786737" role="forward"/>
  <member type="way" ref="1114817997" role="forward"/>
  <member type="way" ref="25958945" role="forward"/>
  <member type="way" ref="1114817998" role="forward"/>
  <member type="way" ref="1114817999" role="forward"/>
  <member type="way" ref="629278080" role="forward"/>
  <member type="way" ref="1113545269" role="forward"/>
  <member type="way" ref="25958477" role="forward"/>
  <member type="way" ref="112508097" role=""/>
  <member type="way" ref="361829636" role=""/>
  <member type="way" ref="361829634" role=""/>
  <member type="way" ref="361829635" role=""/>
  <member type="way" ref="200081618" role=""/>
  <member type="way" ref="200081620" role=""/>
  <member type="way" ref="361828345" role=""/>
  <member type="way" ref="525766886" role=""/>
  <member type="way" ref="1416938869" role=""/>
  <member type="way" ref="361828346" role=""/>
  <member type="way" ref="361827920" role=""/>
  <member type="way" ref="1128435075" role=""/>
  <member type="way" ref="361827922" role=""/>
  <member type="way" ref="9266984" role=""/>
  <member type="way" ref="758038039" role=""/>
  <member type="way" ref="1118679444" role=""/>
  <member type="way" ref="758038040" role=""/>
  <member type="way" ref="1394806409" role=""/>
  <member type="way" ref="1118679443" role=""/>
  <member type="way" ref="507340763" role=""/>
  <member type="way" ref="9257467" role=""/>
  <member type="way" ref="1050667887" role=""/>
  <member type="way" ref="1050667886" role=""/>
  <member type="way" ref="472407798" role=""/>
  <member type="way" ref="472407797" role=""/>
  <member type="way" ref="169927718" role=""/>
  <member type="way" ref="525766241" role=""/>
  <member type="way" ref="629238280" role=""/>
  <member type="way" ref="329895906" role="forward"/>
  <member type="way" ref="329895907" role="forward"/>
  <member type="way" ref="329895908" role="forward"/>
  <member type="way" ref="329895911" role="forward"/>
  <member type="way" ref="1325278082" role="forward"/>
  <member type="way" ref="1148225433" role=""/>
  <member type="way" ref="196945001" role=""/>
  <member type="way" ref="329888862" role=""/>
  <member type="way" ref="329888861" role=""/>
  <member type="way" ref="196945000" role=""/>
  <member type="way" ref="1175014886" role=""/>
  <member type="way" ref="1175014888" role=""/>
  <member type="way" ref="1175014887" role=""/>
  <member type="way" ref="1175014889" role=""/>
  <member type="way" ref="1175014890" role=""/>
  <member type="way" ref="1175014891" role=""/>
  <member type="way" ref="1175014892" role=""/>
  <member type="way" ref="1175014893" role=""/>
  <member type="way" ref="1175014894" role=""/>
  <member type="way" ref="1175014896" role=""/>
  <member type="way" ref="1175014897" role=""/>
  <member type="way" ref="9144577" role=""/>
  <member type="way" ref="525610945" role=""/>
  <member type="way" ref="1283695081" role="forward"/>
  <member type="way" ref="23552463" role="forward"/>
  <member type="way" ref="196945006" role="forward"/>
  <member type="way" ref="525609447" role="forward"/>
  <member type="way" ref="23552462" role="forward"/>
  <member type="way" ref="9121430" role="forward"/>
  <member type="way" ref="1029600821" role="forward"/>
  <member type="way" ref="1029600822" role="forward"/>
  <member type="way" ref="1029600823" role="forward"/>
  <member type="way" ref="1065790752" role="forward"/>
  <member type="way" ref="1029600824" role="forward"/>
  <member type="way" ref="525608941" role="forward"/>
  <member type="way" ref="1029593386" role="forward"/>
  <member type="way" ref="1029593387" role="forward"/>
  <member type="way" ref="1029593388" role="forward"/>
  <member type="way" ref="81775233" role="forward"/>
  <member type="way" ref="1124079325" role="forward"/>
  <member type="way" ref="1029593389" role="forward"/>
  <member type="way" ref="1029594005" role="forward"/>
  <member type="way" ref="164655761" role=""/>
  <member type="way" ref="923208649" role=""/>
  <member type="way" ref="164655754" role=""/>
  <member type="way" ref="164655764" role=""/>
  <member type="way" ref="164644705" role=""/>
  <member type="way" ref="54053510" role=""/>
  <member type="way" ref="143516610" role=""/>
  <member type="way" ref="143516607" role=""/>
  <member type="way" ref="23629853" role=""/>
  <member type="way" ref="23629854" role=""/>
  <member type="way" ref="934498286" role=""/>
  <member type="way" ref="934498287" role=""/>
  <member type="way" ref="928930022" role=""/>
  <member type="way" ref="928930023" role=""/>
  <member type="way" ref="143231738" role=""/>
  <member type="way" ref="506120789" role=""/>
  <member type="way" ref="506120790" role=""/>
  <member type="way" ref="505616515" role=""/>
  <member type="way" ref="505616516" role=""/>
  <member type="way" ref="506217710" role=""/>
  <member type="way" ref="506217709" role=""/>
  <member type="way" ref="505616517" role=""/>
  <member type="way" ref="505616518" role=""/>
  <member type="way" ref="143231742" role=""/>
  <member type="way" ref="143231741" role=""/>
  <member type="way" ref="1015399391" role=""/>
  <member type="way" ref="1015399390" role=""/>
  <member type="way" ref="288732369" role=""/>
  <member type="way" ref="1015399370" role=""/>
  <member type="way" ref="1015399371" role=""/>
  <member type="way" ref="288732370" role=""/>
  <member type="way" ref="1454781917" role=""/>
  <member type="way" ref="1454781918" role=""/>
  <member type="way" ref="597352068" role=""/>
  <member type="way" ref="292810971" role=""/>
  <member type="way" ref="1457169132" role=""/>
  <member type="way" ref="1457169133" role=""/>
  <member type="way" ref="292810972" role=""/>
  <member type="way" ref="44487773" role=""/>
  <member type="way" ref="44487774" role=""/>
  <member type="way" ref="1469152706" role=""/>
  <member type="way" ref="1469152705" role=""/>
  <member type="way" ref="143327543" role=""/>
  <member type="way" ref="1073670880" role=""/>
  <member type="way" ref="1073670881" role=""/>
  <member type="way" ref="1073671229" role=""/>
  <member type="way" ref="1073671230" role=""/>
  <member type="way" ref="143327541" role=""/>
  <member type="way" ref="42285239" role=""/>
  <member type="way" ref="42285240" role=""/>
  <member type="way" ref="42285242" role=""/>
  <member type="way" ref="42285243" role=""/>
  <member type="way" ref="42285491" role=""/>
  <member type="way" ref="1049988146" role=""/>
  <member type="way" ref="1049988147" role=""/>
  <member type="way" ref="1126626288" role=""/>
  <member type="way" ref="1126626289" role=""/>
  <member type="way" ref="42285489" role=""/>
  <member type="way" ref="42285829" role=""/>
  <member type="way" ref="9439147" role=""/>
  <member type="way" ref="44487768" role=""/>
  <member type="way" ref="263261998" role=""/>
  <member type="way" ref="263261997" role=""/>
  <member type="way" ref="9438798" role=""/>
  <member type="way" ref="391301276" role=""/>
  <member type="way" ref="44072461" role=""/>
  <member type="way" ref="44072462" role=""/>
  <member type="way" ref="31648262" role=""/>
  <member type="way" ref="44487757" role=""/>
  <member type="way" ref="44487765" role=""/>
  <member type="way" ref="44487748" role=""/>
  <member type="way" ref="44487751" role=""/>
  <member type="way" ref="44487744" role=""/>
  <member type="way" ref="481030083" role=""/>
  <member type="way" ref="481030084" role=""/>
  <member type="way" ref="481030081" role=""/>
  <member type="way" ref="481030082" role=""/>
  <member type="way" ref="44487747" role=""/>
  <member type="way" ref="44487743" role=""/>
  <member type="way" ref="481030070" role=""/>
  <member type="way" ref="481030069" role=""/>
  <member type="way" ref="44487745" role=""/>
  <member type="way" ref="44487741" role=""/>
  <member type="way" ref="44487739" role=""/>
  <member type="way" ref="9442367" role=""/>
  <member type="way" ref="551528804" role=""/>
  <member type="way" ref="44487736" role=""/>
  <member type="way" ref="44487732" role=""/>
  <member type="way" ref="44487735" role=""/>
  <member type="way" ref="9439102" role=""/>
  <member type="way" ref="44487733" role=""/>
  <member type="way" ref="44488130" role=""/>
  <member type="way" ref="44488129" role=""/>
  <member type="way" ref="44488127" role=""/>
  <member type="way" ref="371583969" role=""/>
  <member type="way" ref="371583972" role=""/>
  <member type="way" ref="9442520" role=""/>
  <member type="way" ref="371583970" role=""/>
  <member type="way" ref="88314792" role=""/>
  <member type="way" ref="9438474" role=""/>
  <member type="way" ref="9441026" role=""/>
  <member type="way" ref="371583958" role=""/>
  <member type="way" ref="9442788" role=""/>
  <member type="way" ref="371583957" role=""/>
  <member type="way" ref="9435488" role=""/>
  <member type="way" ref="419473848" role=""/>
  <member type="way" ref="419473849" role=""/>
  <member type="way" ref="9439227" role=""/>
  <member type="way" ref="985400894" role=""/>
  <member type="way" ref="9223455" role=""/>
  <member type="way" ref="9229894" role=""/>
  <member type="way" ref="985400893" role=""/>
  <member type="way" ref="1482870731" role=""/>
  <member type="way" ref="1482870730" role=""/>
  <member type="way" ref="371583965" role=""/>
  <member type="way" ref="371583959" role=""/>
  <member type="way" ref="9224021" role=""/>
  <member type="way" ref="371583968" role=""/>
  <member type="way" ref="371583966" role=""/>
  <member type="way" ref="9227463" role=""/>
  <member type="way" ref="1058657282" role=""/>
  <member type="way" ref="1058657283" role=""/>
  <member type="way" ref="371583973" role=""/>
  <member type="way" ref="122481394" role=""/>
  <member type="way" ref="371583962" role=""/>
  <member type="way" ref="371583963" role=""/>
  <member type="way" ref="371583960" role=""/>
  <member type="way" ref="316105182" role=""/>
  <member type="way" ref="640351219" role=""/>
  <member type="way" ref="198292177" role=""/>
  <member type="way" ref="246121648" role="forward"/>
  <member type="way" ref="246171033" role="forward"/>
  <member type="way" ref="246171017" role="forward"/>
  <member type="way" ref="246121644" role="forward"/>
  <member type="way" ref="246121655" role="forward"/>
  <member type="way" ref="246121645" role="forward"/>
  <member type="way" ref="9222092" role=""/>
  <member type="way" ref="133092926" role=""/>
  <member type="way" ref="9095484" role=""/>
  <member type="way" ref="133093070" role=""/>
  <member type="way" ref="1557918490" role=""/>
  <member type="way" ref="1557918489" role=""/>
  <member type="way" ref="1043610760" role=""/>
  <member type="way" ref="9096540" role=""/>
  <member type="way" ref="371543631" role=""/>
  <member type="way" ref="371543629" role=""/>
  <member type="way" ref="371543630" role=""/>
  <member type="way" ref="371543621" role=""/>
  <member type="way" ref="9095554" role=""/>
  <member type="way" ref="9095503" role=""/>
  <member type="way" ref="9096485" role=""/>
  <member type="way" ref="9096487" role=""/>
  <member type="way" ref="9095601" role=""/>
  <member type="way" ref="346019590" role=""/>
  <member type="way" ref="9096482" role=""/>
  <member type="way" ref="704525180" role=""/>
  <member type="way" ref="704525179" role=""/>
  <member type="way" ref="9094993" role=""/>
  <member type="way" ref="640351221" role="backward"/>
  <member type="way" ref="9095127" role="forward"/>
  <member type="way" ref="640351220" role=""/>
  <member type="way" ref="371543628" role=""/>
  <member type="way" ref="371543633" role=""/>
  <member type="way" ref="1517240500" role=""/>
  <member type="way" ref="9096199" role=""/>
  <member type="way" ref="9095128" role=""/>
  <member type="way" ref="9096468" role=""/>
  <member type="way" ref="371543634" role=""/>
  <member type="way" ref="9094663" role=""/>
  <member type="way" ref="9095867" role=""/>
  <member type="way" ref="9095869" role=""/>
  <member type="way" ref="9095862" role=""/>
  <member type="way" ref="371539538" role=""/>
  <member type="way" ref="371539557" role=""/>
  <member type="way" ref="1258023972" role=""/>
  <member type="way" ref="1258023971" role=""/>
  <member type="way" ref="9096016" role=""/>
  <member type="way" ref="371539534" role=""/>
  <member type="way" ref="371539535" role=""/>
  <member type="way" ref="181630930" role=""/>
  <member type="way" ref="9519783" role=""/>
  <member type="way" ref="9519785" role=""/>
  <member type="way" ref="371539548" role=""/>
  <member type="way" ref="1258025724" role=""/>
  <member type="way" ref="1258025723" role=""/>
  <member type="way" ref="9519873" role=""/>
  <member type="way" ref="371539541" role=""/>
  <member type="way" ref="371539542" role=""/>
  <member type="way" ref="371539543" role=""/>
  <member type="way" ref="196862671" role=""/>
  <member type="way" ref="9517543" role=""/>
  <member type="way" ref="9517523" role=""/>
  <member type="way" ref="196862758" role=""/>
  <member type="way" ref="302691159" role=""/>
  <member type="way" ref="302691163" role=""/>
  <member type="way" ref="9518699" role=""/>
  <member type="way" ref="429206364" role=""/>
  <member type="way" ref="371539556" role=""/>
  <member type="way" ref="371539559" role=""/>
  <member type="way" ref="9518781" role=""/>
  <member type="way" ref="429206362" role=""/>
  <member type="way" ref="9519434" role=""/>
  <member type="way" ref="371539545" role=""/>
  <member type="way" ref="9516605" role=""/>
  <member type="way" ref="371539555" role=""/>
  <member type="way" ref="9514488" role=""/>
  <member type="way" ref="9514492" role=""/>
  <member type="way" ref="371539537" role=""/>
  <member type="way" ref="371539550" role=""/>
  <member type="way" ref="9518693" role=""/>
  <member type="way" ref="9516078" role=""/>
  <member type="way" ref="371539552" role=""/>
  <member type="way" ref="9514273" role=""/>
  <member type="way" ref="9519179" role=""/>
  <member type="way" ref="9514828" role=""/>
  <member type="way" ref="9514826" role=""/>
  <member type="way" ref="9516536" role=""/>
  <member type="way" ref="9516542" role=""/>
  <member type="way" ref="261635832" role=""/>
  <member type="way" ref="429388908" role=""/>
  <member type="way" ref="429388909" role=""/>
  <member type="way" ref="261635831" role=""/>
  <member type="way" ref="1054258143" role=""/>
  <member type="way" ref="9509796" role=""/>
  <member type="way" ref="640351222" role="backward"/>
  <member type="way" ref="640351225" role="forward"/>
  <member type="way" ref="371536767" role=""/>
  <tag k="cycle_network" v="US:US"/>
  <tag k="description" v="21 north (Georgia)"/>
  <tag k="direction" v="north"/>
  <tag k="from" v="Atlanta"/>
  <tag k="is_in:state" v="GA"/>
  <tag k="network" v="ncn"/>
  <tag k="operator" v="Georgia Department of Transportation"/>
  <tag k="operator:wikidata" v="Q944993"/>
  <tag k="ref" v="21"/>
  <tag k="route" v="bicycle"/>
  <tag k="source" v="GDOT application to AASHTO, Autumn 2015"/>
  <tag k="to" v="Chattanooga"/>
  <tag k="type" v="route"/>
  <tag k="wikidata" v="Q131363201"/>
 </relation>
 <relation id="12837744" visible="true" version="1" changeset="106217562" timestamp="2021-06-11T13:33:05Z" user="Emey_lyft" uid="10907417">
  <member type="way" ref="290405874" role="from"/>
  <member type="node" ref="69421277" role="via"/>
  <member type="way" ref="354587522" role="to"/>
  <tag k="restriction" v="no_left_turn"/>
  <tag k="type" v="restriction"/>
 </relation>
 <relation id="13852972" visible="true" version="1" changeset="117865749" timestamp="2022-02-25T23:28:06Z" user="demory" uid="186210">
  <member type="way" ref="1035224028" role="from"/>
  <member type="node" ref="5674178518" role="via"/>
  <member type="way" ref="1035224025" role="to"/>
  <tag k="restriction" v="no_left_turn"/>
  <tag k="type" v="restriction"/>
 </relation>
 <relation id="13852973" visible="true" version="1" changeset="117865749" timestamp="2022-02-25T23:28:06Z" user="demory" uid="186210">
  <member type="way" ref="1035224027" role="from"/>
  <member type="node" ref="9535944762" role="via"/>
  <member type="way" ref="1035224032" role="to"/>
  <tag k="restriction" v="no_right_turn"/>
  <tag k="type" v="restriction"/>
 </relation>
 <relation id="13852974" visible="true" version="1" changeset="117865749" timestamp="2022-02-25T23:28:06Z" user="demory" uid="186210">
  <member type="way" ref="431441737" role="from"/>
  <member type="node" ref="9535944762" role="via"/>
  <member type="way" ref="1035224033" role="to"/>
  <tag k="restriction" v="no_left_turn"/>
  <tag k="type" v="restriction"/>
 </relation>
 <relation id="13852975" visible="true" version="1" changeset="117865749" timestamp="2022-02-25T23:28:06Z" user="demory" uid="186210">
  <member type="way" ref="28977645" role="from"/>
  <member type="node" ref="5674178518" role="via"/>
  <member type="way" ref="28977645" role="to"/>
  <tag k="restriction" v="no_u_turn"/>
  <tag k="type" v="restriction"/>
 </relation>
 <relation id="19728888" visible="true" version="1" changeset="173471756" timestamp="2025-10-19T00:38:49Z" user="shinterro" uid="8562391">
  <member type="way" ref="256716603" role="outer"/>
  <member type="way" ref="536738756" role="inner"/>
  <tag k="addr:city" v="Atlanta"/>
  <tag k="addr:housenumber" v="222"/>
  <tag k="addr:postcode" v="30309"/>
  <tag k="addr:street" v="14th Street Northeast"/>
  <tag k="building" v="apartments"/>
  <tag k="building:levels" v="1"/>
  <tag k="name" v="Windsor At Midtown"/>
  <tag k="type" v="multipolygon"/>
  <tag k="website" v="https://www.windsorcommunities.com/"/>
 </relation>
</osm>
