o Krog_YellowPaint
v 25390.1679 -117100.0000 1023.1259
v 25387.4084 -117090.3830 1023.0383
v 25397.0856 -117097.7741 1023.2547
v 25387.4084 -117090.3830 1023.0383
v 25390.1679 -117100.0000 1023.1259
v 25357.5210 -117100.0000 1022.4819
v 25397.0856 -117097.7741 1023.2547
v 25400.0000 -117086.3313 1023.1649
v 25400.0000 -117096.8363 1023.2840
v 25400.0000 -117086.3313 1023.1649
v 25397.0856 -117097.7741 1023.2547
v 25387.4084 -117090.3830 1023.0383
v 25400.0000 -117117.8462 1023.0468
v 25394.7402 -117119.5386 1022.9756
v 25397.8363 -117108.0374 1023.1782
v 25397.8363 -117108.0374 1023.1782
v 25400.0000 -117107.3412 1023.2075
v 25400.0000 -117117.8462 1023.0468
v 25346.1289 -117124.6756 1021.9534
v 25397.8363 -117108.0374 1023.1782
v 25394.7402 -117119.5386 1022.9756
v 25394.7402 -117119.5386 1022.9756
v 25349.4995 -117134.0959 1021.9040
v 25346.1289 -117124.6756 1021.9534
v 25357.5210 -117100.0000 1022.4819
v 25342.9124 -117115.2056 1022.0065
v 25339.8493 -117105.6863 1022.0633
v 25342.9124 -117115.2056 1022.0065
v 25357.5210 -117100.0000 1022.4819
v 25390.1679 -117100.0000 1023.1259
v 25455.4618 -117100.0000 1023.0127
v 25481.2100 -117081.2100 1022.6571
v 25489.1576 -117089.1576 1022.7031
v 25441.1688 -117094.0942 1023.0249
v 25455.4618 -117100.0000 1023.0127
v 25422.8149 -117100.0000 1023.1935
v 25455.4618 -117100.0000 1023.0127
v 25441.1688 -117094.0942 1023.0249
v 25481.2100 -117081.2100 1022.6571
v 25438.1057 -117084.5749 1022.9339
v 25400.0000 -117086.3313 1023.1649
v 25435.0426 -117075.0555 1022.8430
v 25400.0000 -117086.3313 1023.1649
v 25438.1057 -117084.5749 1022.9339
v 25400.0000 -117096.8363 1023.2840
v 25438.1057 -117084.5749 1022.9339
v 25465.3147 -117065.3147 1022.5649
v 25473.2624 -117073.2624 1022.6110
v 25435.0426 -117075.0555 1022.8430
v 25465.3147 -117065.3147 1022.5649
v 25438.1057 -117084.5749 1022.9339
v 25500.0000 -117075.1638 1022.7576
v 25489.1576 -117089.1576 1022.7031
v 25481.2100 -117081.2100 1022.6571
v 25489.1576 -117089.1576 1022.7031
v 25500.0000 -117075.1638 1022.7576
v 25500.0000 -117085.6688 1022.7611
v 25500.0000 -117054.1539 1022.7504
v 25473.2624 -117073.2624 1022.6110
v 25465.3147 -117065.3147 1022.5649
v 25473.2624 -117073.2624 1022.6110
v 25500.0000 -117054.1539 1022.7504
v 25500.0000 -117064.6589 1022.7540
v 25405.5541 -117105.5541 1023.2084
v 25400.0000 -117117.8462 1023.0468
v 25400.0000 -117107.3412 1023.2075
v 25400.0000 -117117.8462 1023.0468
v 25405.5541 -117105.5541 1023.2084
v 25413.5017 -117113.5017 1023.0489
v 25422.8149 -117100.0000 1023.1935
v 25413.5017 -117113.5017 1023.0489
v 25405.5541 -117105.5541 1023.2084
v 25422.8149 -117100.0000 1023.1935
v 25455.4618 -117100.0000 1023.0127
v 25444.2318 -117103.6135 1023.0224
v 25444.2318 -117103.6135 1023.0224
v 25413.5017 -117113.5017 1023.0489
v 25422.8149 -117100.0000 1023.1935
v 25545.5564 -117050.0000 1022.5011
v 25540.9706 -117040.9706 1022.3161
v 25548.9182 -117048.9182 1022.4576
v 25545.5564 -117050.0000 1022.5011
v 25512.9094 -117050.0000 1022.6787
v 25530.2359 -117044.4248 1022.4548
v 25530.2359 -117044.4248 1022.4548
v 25540.9706 -117040.9706 1022.3161
v 25545.5564 -117050.0000 1022.5011
v 25556.8658 -117056.8658 1022.2830
v 25550.0000 -117069.5800 1022.2168
v 25550.0000 -117059.0751 1022.3563
v 25550.0000 -117069.5800 1022.2168
v 25556.8658 -117056.8658 1022.2830
v 25564.8135 -117064.8135 1022.0585
v 25519.0379 -117069.0379 1022.3925
v 25500.0000 -117085.6688 1022.7611
v 25500.0000 -117075.1638 1022.7576
v 25500.0000 -117085.6688 1022.7611
v 25519.0379 -117069.0379 1022.3925
v 25526.9855 -117076.9855 1022.2436
v 25503.1427 -117053.1427 1022.6901
v 25500.0000 -117064.6589 1022.7540
v 25500.0000 -117054.1539 1022.7504
v 25500.0000 -117064.6589 1022.7540
v 25503.1427 -117053.1427 1022.6901
v 25511.0903 -117061.0903 1022.5413
v 25533.2990 -117053.9441 1022.5154
v 25512.9094 -117050.0000 1022.6787
v 25545.5564 -117050.0000 1022.5011
v 25512.9094 -117050.0000 1022.6787
v 25511.0903 -117061.0903 1022.5413
v 25503.1427 -117053.1427 1022.6901
v 25511.0903 -117061.0903 1022.5413
v 25512.9094 -117050.0000 1022.6787
v 25533.2990 -117053.9441 1022.5154
v 25536.3620 -117063.4634 1022.3723
v 25550.0000 -117059.0751 1022.3563
v 25550.0000 -117069.5800 1022.2168
v 25536.3620 -117063.4634 1022.3723
v 25526.9855 -117076.9855 1022.2436
v 25519.0379 -117069.0379 1022.3925
v 25550.0000 -117069.5800 1022.2168
v 25539.4251 -117072.9828 1022.2291
v 25536.3620 -117063.4634 1022.3723
v 25539.4251 -117072.9828 1022.2291
v 25526.9855 -117076.9855 1022.2436
v 25536.3620 -117063.4634 1022.3723
v 25578.2033 -117050.0000 1022.1657
v 25564.8135 -117064.8135 1022.0585
v 25556.8658 -117056.8658 1022.2830
v 25578.2033 -117050.0000 1022.1657
v 25600.0000 -117050.0000 1021.9252
v 25600.0000 -117053.4913 1021.8651
v 25600.0000 -117053.4913 1021.8651
v 25564.8135 -117064.8135 1022.0585
v 25578.2033 -117050.0000 1022.1657
v 25548.9182 -117048.9182 1022.4576
v 25550.0000 -117038.0652 1022.2158
v 25550.0000 -117048.5702 1022.4456
v 25550.0000 -117038.0652 1022.2158
v 25548.9182 -117048.9182 1022.4576
v 25540.9706 -117040.9706 1022.3161
v 25586.7462 -117036.7462 1021.7814
v 25600.0000 -117021.9765 1021.6034
v 25600.0000 -117032.4814 1021.7240
v 25600.0000 -117021.9765 1021.6034
v 25586.7462 -117036.7462 1021.7814
v 25578.7986 -117028.7986 1021.6952
v 25600.0000 -117050.0000 1021.9252
v 25594.6938 -117044.6938 1021.8676
v 25600.0000 -117042.9864 1021.8447
v 25594.6938 -117044.6938 1021.8676
v 25600.0000 -117050.0000 1021.9252
v 25578.2033 -117050.0000 1022.1657
v 25578.7986 -117028.7986 1021.6952
v 25550.0000 -117048.5702 1022.4456
v 25550.0000 -117038.0652 1022.2158
v 25550.0000 -117048.5702 1022.4456
v 25578.7986 -117028.7986 1021.6952
v 25586.7462 -117036.7462 1021.7814
v 25700.0000 -117000.0000 1021.2126
v 25668.2979 -117000.0000 1021.2565
v 25692.2824 -116992.2824 1021.0609
v 25700.0000 -117000.0000 1021.2126
v 25692.2824 -116992.2824 1021.0609
v 25700.0000 -116989.7991 1020.9869
v 25600.0000 -117050.0000 1021.9252
v 25604.2485 -117052.1243 1021.8350
v 25600.0000 -117053.4913 1021.8651
v 25600.0000 -117032.4814 1021.7240
v 25616.6265 -117016.6265 1021.0934
v 25624.5741 -117024.5741 1020.9702
v 25616.6265 -117016.6265 1021.0934
v 25600.0000 -117032.4814 1021.7240
v 25600.0000 -117021.9765 1021.6034
v 25631.5553 -117032.8327 1020.8767
v 25632.5217 -117032.5217 1020.8471
v 25634.6184 -117042.3520 1020.9034
v 25634.6184 -117042.3520 1020.9034
v 25632.5217 -117032.5217 1020.8471
v 25640.4693 -117040.4693 1020.7239
v 25604.2485 -117052.1243 1021.8350
v 25600.0000 -117050.0000 1021.9252
v 25600.0000 -117042.9864 1021.8447
v 25634.6184 -117042.3520 1020.9034
v 25604.2485 -117052.1243 1021.8350
v 25631.5553 -117032.8327 1020.8767
v 25600.0000 -117042.9864 1021.8447
v 25631.5553 -117032.8327 1020.8767
v 25604.2485 -117052.1243 1021.8350
v 25625.4291 -117013.7941 1021.1212
v 25624.5741 -117024.5741 1020.9702
v 25616.6265 -117016.6265 1021.0934
v 25668.2979 -117000.0000 1021.2565
v 25700.0000 -117000.3040 1021.2083
v 25628.4922 -117023.3134 1020.9826
v 25700.0000 -117000.3040 1021.2083
v 25668.2979 -117000.0000 1021.2565
v 25700.0000 -117000.0000 1021.2126
v 25628.4922 -117023.3134 1020.9826
v 25624.5741 -117024.5741 1020.9702
v 25625.4291 -117013.7941 1021.1212
v 25625.4291 -117013.7941 1021.1212
v 25668.2979 -117000.0000 1021.2565
v 25628.4922 -117023.3134 1020.9826
v 25640.4693 -117040.4693 1020.7239
v 25700.0000 -117010.8090 1021.0601
v 25700.0000 -117021.3139 1020.9118
v 25700.0000 -117010.8090 1021.0601
v 25640.4693 -117040.4693 1020.7239
v 25632.5217 -117032.5217 1020.8471
v 25723.6855 -116992.6826 1020.6799
v 25767.9383 -116967.9383 1019.4397
v 25775.8859 -116975.8859 1019.4911
v 25723.6855 -116992.6826 1020.6799
v 25700.9448 -117000.0000 1021.1978
v 25700.0000 -116989.7991 1020.9869
v 25700.0000 -116989.7991 1020.9869
v 25700.9448 -117000.0000 1021.1978
v 25700.0000 -117000.0000 1021.2126
v 25720.6224 -116983.1633 1020.5173
v 25767.9383 -116967.9383 1019.4397
v 25723.6855 -116992.6826 1020.6799
v 25700.0000 -116989.7991 1020.9869
v 25720.6224 -116983.1633 1020.5173
v 25723.6855 -116992.6826 1020.6799
v 25766.2387 -117000.0000 1020.1756
v 25783.8335 -116983.8335 1019.5425
v 25791.7811 -116991.7811 1019.5939
v 25783.8335 -116983.8335 1019.5425
v 25766.2387 -117000.0000 1020.1756
v 25733.5918 -117000.0000 1020.6867
v 25800.0000 -116978.6316 1019.5793
v 25791.7811 -116991.7811 1019.5939
v 25783.8335 -116983.8335 1019.5425
v 25791.7811 -116991.7811 1019.5939
v 25800.0000 -116978.6316 1019.5793
v 25800.0000 -116989.1365 1019.6126
v 25800.0000 -116957.6217 1019.5128
v 25775.8859 -116975.8859 1019.4911
v 25767.9383 -116967.9383 1019.4397
v 25775.8859 -116975.8859 1019.4911
v 25800.0000 -116957.6217 1019.5128
v 25800.0000 -116968.1266 1019.5460
v 25708.1776 -117008.1776 1020.9635
v 25700.0000 -117021.3139 1020.9118
v 25700.0000 -117010.8090 1021.0601
v 25700.0000 -117021.3139 1020.9118
v 25708.1776 -117008.1776 1020.9635
v 25716.1252 -117016.1252 1020.7215
v 25700.0000 -117000.0000 1021.2126
v 25700.2300 -117000.2300 1021.2056
v 25700.0000 -117000.3040 1021.2083
v 25726.7486 -117002.2020 1020.7612
v 25716.1252 -117016.1252 1020.7215
v 25708.1776 -117008.1776 1020.9635
v 25729.8116 -117011.7213 1020.5724
v 25733.5918 -117000.0000 1020.6867
v 25766.2387 -117000.0000 1020.1756
v 25729.8116 -117011.7213 1020.5724
v 25716.1252 -117016.1252 1020.7215
v 25726.7486 -117002.2020 1020.7612
v 25726.7486 -117002.2020 1020.7612
v 25733.5918 -117000.0000 1020.6867
v 25729.8116 -117011.7213 1020.5724
v 25700.0000 -117000.0000 1021.2126
v 25700.9448 -117000.0000 1021.1978
v 25700.2300 -117000.2300 1021.2056
v 25850.0000 -116950.0000 1019.1850
v 25823.6864 -116950.0000 1019.3448
v 25843.5942 -116943.5942 1019.0740
v 25859.4894 -116959.4894 1018.9285
v 25850.0000 -116973.0478 1018.9599
v 25850.0000 -116962.5428 1019.0625
v 25850.0000 -116973.0478 1018.9599
v 25859.4894 -116959.4894 1018.9285
v 25867.4370 -116967.4370 1018.7137
v 25850.0000 -116950.0000 1019.1850
v 25851.5418 -116951.5418 1019.1433
v 25850.0000 -116952.0379 1019.1651
v 25821.6615 -116971.6615 1019.1455
v 25800.0000 -116989.1365 1019.6126
v 25800.0000 -116978.6316 1019.5793
v 25800.0000 -116989.1365 1019.6126
v 25821.6615 -116971.6615 1019.1455
v 25829.6091 -116979.6091 1019.0196
v 25805.7662 -116955.7662 1019.3973
v 25800.0000 -116968.1266 1019.5460
v 25800.0000 -116957.6217 1019.5128
v 25800.0000 -116968.1266 1019.5460
v 25805.7662 -116955.7662 1019.3973
v 25813.7138 -116963.7138 1019.2714
v 25823.6864 -116950.0000 1019.3448
v 25850.0000 -116950.0000 1019.1850
v 25850.0000 -116952.0379 1019.1651
v 25813.7138 -116963.7138 1019.2714
v 25805.7662 -116955.7662 1019.3973
v 25823.6864 -116950.0000 1019.3448
v 25850.0000 -116952.0379 1019.1651
v 25813.7138 -116963.7138 1019.2714
v 25823.6864 -116950.0000 1019.3448
v 25829.6091 -116979.6091 1019.0196
v 25850.0000 -116962.5428 1019.0625
v 25850.0000 -116973.0478 1018.9599
v 25850.0000 -116962.5428 1019.0625
v 25829.6091 -116979.6091 1019.0196
v 25821.6615 -116971.6615 1019.1455
v 25888.9803 -116950.0000 1018.7450
v 25867.4370 -116967.4370 1018.7137
v 25859.4894 -116959.4894 1018.9285
v 25888.9803 -116950.0000 1018.7450
v 25900.0000 -116950.0000 1018.6206
v 25900.0000 -116956.9591 1018.5111
v 25900.0000 -116956.9591 1018.5111
v 25867.4370 -116967.4370 1018.7137
v 25888.9803 -116950.0000 1018.7450
v 25850.0000 -116950.0000 1019.1850
v 25856.3333 -116950.0000 1019.1135
v 25851.5418 -116951.5418 1019.1433
v 25850.0000 -116950.0000 1019.1850
v 25843.5942 -116943.5942 1019.0740
v 25850.0000 -116941.5330 1018.9923
v 25889.3697 -116939.3697 1018.4987
v 25900.0000 -116925.4442 1018.2366
v 25900.0000 -116935.9492 1018.4009
v 25900.0000 -116925.4442 1018.2366
v 25889.3697 -116939.3697 1018.4987
v 25881.4221 -116931.4221 1018.4075
v 25900.0000 -116950.0000 1018.6206
v 25897.3173 -116947.3173 1018.5898
v 25900.0000 -116946.4541 1018.5651
v 25897.3173 -116947.3173 1018.5898
v 25900.0000 -116950.0000 1018.6206
v 25888.9803 -116950.0000 1018.7450
v 25856.3333 -116950.0000 1019.1135
v 25850.0000 -116950.0000 1019.1850
v 25850.0000 -116941.5330 1018.9923
v 25881.4221 -116931.4221 1018.4075
v 25889.3697 -116939.3697 1018.4987
v 25856.3333 -116950.0000 1019.1135
v 25850.0000 -116941.5330 1018.9923
v 25881.4221 -116931.4221 1018.4075
v 25856.3333 -116950.0000 1019.1135
v 26000.0000 -116900.0000 1017.9558
v 25979.0748 -116900.0000 1017.9313
v 25994.9060 -116894.9060 1017.8426
v 26000.0000 -116900.0000 1017.9558
v 25994.9060 -116894.9060 1017.8426
v 26000.0000 -116893.2668 1017.8150
v 25900.0000 -116950.0000 1018.6206
v 25908.4684 -116954.2342 1018.4420
v 25900.0000 -116956.9591 1018.5111
v 25919.2501 -116919.2501 1017.5833
v 25927.1977 -116927.1977 1017.4778
v 25914.0720 -116931.4212 1017.9233
v 25914.0720 -116931.4212 1017.9233
v 25911.0089 -116921.9018 1017.8630
v 25919.2501 -116919.2501 1017.5833
v 25914.0720 -116931.4212 1017.9233
v 25900.0000 -116935.9492 1018.4009
v 25900.0000 -116925.4442 1018.2366
v 25900.0000 -116925.4442 1018.2366
v 25911.0089 -116921.9018 1017.8630
v 25914.0720 -116931.4212 1017.9233
v 25917.1351 -116940.9405 1017.9836
v 25920.1982 -116950.4598 1018.0439
v 25908.4684 -116954.2342 1018.4420
v 25920.1982 -116950.4598 1018.0439
v 25935.1453 -116935.1453 1017.3724
v 25943.0929 -116943.0929 1017.2670
v 25908.4684 -116954.2342 1018.4420
v 25900.0000 -116950.0000 1018.6206
v 25900.0000 -116946.4541 1018.5651
v 25917.1351 -116940.9405 1017.9836
v 25935.1453 -116935.1453 1017.3724
v 25920.1982 -116950.4598 1018.0439
v 25900.0000 -116946.4541 1018.5651
v 25917.1351 -116940.9405 1017.9836
v 25908.4684 -116954.2342 1018.4420
v 25979.0748 -116900.0000 1017.9313
v 25927.1977 -116927.1977 1017.4778
v 25919.2501 -116919.2501 1017.5833
v 25979.0748 -116900.0000 1017.9313
v 26000.0000 -116900.0000 1017.9558
v 26000.0000 -116903.7718 1017.9013
v 26000.0000 -116903.7718 1017.9013
v 25927.1977 -116927.1977 1017.4778
v 25979.0748 -116900.0000 1017.9313
v 25943.0929 -116943.0929 1017.2670
v 26000.0000 -116914.2767 1017.7497
v 26000.0000 -116924.7817 1017.5980
v 26000.0000 -116914.2767 1017.7497
v 25943.0929 -116943.0929 1017.2670
v 25935.1453 -116935.1453 1017.3724
v 26011.7218 -116900.0000 1017.8367
v 26070.5618 -116870.5618 1016.6237
v 26078.5095 -116878.5095 1016.7091
v 26000.0000 -116900.0000 1017.9558
v 26000.0000 -116893.2668 1017.8150
v 26006.2022 -116891.2711 1017.7103
v 26006.2022 -116891.2711 1017.7103
v 26011.7218 -116900.0000 1017.8367
v 26000.0000 -116900.0000 1017.9558
v 26006.2022 -116891.2711 1017.7103
v 26070.5618 -116870.5618 1016.6237
v 26011.7218 -116900.0000 1017.8367
v 26077.0157 -116900.0000 1017.1735
v 26086.4571 -116886.4571 1016.7945
v 26094.4047 -116894.4047 1016.8799
v 26086.4571 -116886.4571 1016.7945
v 26077.0157 -116900.0000 1017.1735
v 26044.3687 -116900.0000 1017.5051
v 26078.5095 -116878.5095 1016.7091
v 26100.0000 -116861.0894 1016.4160
v 26100.0000 -116871.5944 1016.5575
v 26100.0000 -116861.0894 1016.4160
v 26078.5095 -116878.5095 1016.7091
v 26070.5618 -116870.5618 1016.6237
v 26094.4047 -116894.4047 1016.8799
v 26100.0000 -116882.0993 1016.6989
v 26100.0000 -116892.6042 1016.8404
v 26100.0000 -116882.0993 1016.6989
v 26094.4047 -116894.4047 1016.8799
v 26086.4571 -116886.4571 1016.7945
v 26015.3914 -116919.8291 1017.4893
v 26000.0000 -116924.7817 1017.5980
v 26000.0000 -116914.2767 1017.7497
v 26010.8012 -116910.8012 1017.6734
v 26018.7488 -116918.7488 1017.4656
v 26015.3914 -116919.8291 1017.4893
v 26000.0000 -116914.2767 1017.7497
v 26010.8012 -116910.8012 1017.6734
v 26015.3914 -116919.8291 1017.4893
v 26000.0000 -116900.0000 1017.9558
v 26002.8536 -116902.8536 1017.8812
v 26000.0000 -116903.7718 1017.9013
v 26012.3284 -116910.3098 1017.6657
v 26018.7488 -116918.7488 1017.4656
v 26010.8012 -116910.8012 1017.6734
v 26018.7488 -116918.7488 1017.4656
v 26044.3687 -116900.0000 1017.5051
v 26077.0157 -116900.0000 1017.1735
v 26044.3687 -116900.0000 1017.5051
v 26018.7488 -116918.7488 1017.4656
v 26012.3284 -116910.3098 1017.6657
v 26000.0000 -116900.0000 1017.9558
v 26009.2653 -116900.7904 1017.8490
v 26002.8536 -116902.8536 1017.8812
v 26009.2653 -116900.7904 1017.8490
v 26000.0000 -116900.0000 1017.9558
v 26011.7218 -116900.0000 1017.8367
v 26100.0000 -116882.0993 1016.6989
v 26107.4906 -116879.6890 1016.5896
v 26110.5382 -116889.2133 1016.6866
v 26110.5382 -116889.2133 1016.6866
v 26100.0000 -116892.6042 1016.8404
v 26100.0000 -116882.0993 1016.6989
v 26110.5382 -116889.2133 1016.6866
v 26162.4110 -116862.4110 1015.7930
v 26170.3855 -116870.3855 1015.8185
v 26107.4906 -116879.6890 1016.5896
v 26107.5217 -116879.6791 1016.5891
v 26110.5382 -116889.2133 1016.6866
v 26107.5217 -116879.6791 1016.5891
v 26162.4110 -116862.4110 1015.7930
v 26110.5382 -116889.2133 1016.6866
v 26100.0000 -116861.0894 1016.4160
v 26101.4265 -116860.6304 1016.3952
v 26104.4741 -116870.1547 1016.4921
v 26104.4741 -116870.1547 1016.4921
v 26100.0000 -116871.5944 1016.5575
v 26100.0000 -116861.0894 1016.4160
v 26104.4741 -116870.1547 1016.4921
v 26146.4621 -116846.4621 1015.7420
v 26154.4366 -116854.4366 1015.7675
v 26101.4265 -116860.6304 1016.3952
v 26101.4575 -116860.6205 1016.3947
v 26104.4741 -116870.1547 1016.4921
v 26101.4575 -116860.6205 1016.3947
v 26146.4621 -116846.4621 1015.7420
v 26104.4741 -116870.1547 1016.4921
v 26196.8839 -116830.5995 1016.0871
v 26200.0000 -116829.6203 1016.1084
v 26200.0000 -116840.1024 1016.0794
v 26154.4366 -116854.4366 1015.7675
v 26146.4621 -116846.4621 1015.7420
v 26196.8839 -116830.5995 1016.0871
v 26196.8839 -116830.5995 1016.0871
v 26199.8826 -116840.1393 1016.0785
v 26154.4366 -116854.4366 1015.7675
v 26200.0000 -116840.1024 1016.0794
v 26199.8826 -116840.1393 1016.0785
v 26196.8839 -116830.5995 1016.0871
v 26170.3855 -116870.3855 1015.8185
v 26200.0000 -116850.5856 1016.0503
v 26200.0000 -116861.0688 1016.0212
v 26200.0000 -116850.5856 1016.0503
v 26170.3855 -116870.3855 1015.8185
v 26162.4110 -116862.4110 1015.7930
v 26300.0000 -116800.0000 1016.2839
v 26294.2576 -116800.0000 1016.2785
v 26298.6269 -116798.6269 1016.2546
v 26300.0000 -116800.0000 1016.2839
v 26298.6269 -116798.6269 1016.2546
v 26300.0000 -116798.1955 1016.2475
v 26205.8800 -116859.2189 1015.9772
v 26200.0000 -116850.5856 1016.0503
v 26202.8813 -116849.6791 1016.0287
v 26200.0000 -116850.5856 1016.0503
v 26205.8800 -116859.2189 1015.9772
v 26200.0000 -116861.0688 1016.0212
v 26205.8800 -116859.2189 1015.9772
v 26238.4893 -116838.4893 1015.7619
v 26246.4651 -116846.4651 1015.6731
v 26202.8813 -116849.6791 1016.0287
v 26238.4893 -116838.4893 1015.7619
v 26205.8800 -116859.2189 1015.9772
v 26222.5378 -116822.5378 1015.9395
v 26200.0000 -116840.1024 1016.0794
v 26200.0000 -116829.6203 1016.1084
v 26200.0000 -116840.1024 1016.0794
v 26222.5378 -116822.5378 1015.9395
v 26230.5136 -116830.5136 1015.8507
v 26230.5136 -116830.5136 1015.8507
v 26222.5378 -116822.5378 1015.9395
v 26292.2843 -116800.6201 1016.2692
v 26292.2843 -116800.6201 1016.2692
v 26295.2822 -116810.1601 1016.1568
v 26230.5136 -116830.5136 1015.8507
v 26294.2576 -116800.0000 1016.2785
v 26300.0000 -116800.0000 1016.2839
v 26300.0000 -116808.6776 1016.1791
v 26295.2822 -116810.1601 1016.1568
v 26292.2843 -116800.6201 1016.2692
v 26294.2576 -116800.0000 1016.2785
v 26294.2576 -116800.0000 1016.2785
v 26300.0000 -116808.6776 1016.1791
v 26295.2822 -116810.1601 1016.1568
v 26298.2802 -116819.7002 1016.0445
v 26300.0000 -116819.1597 1016.0526
v 26300.0000 -116829.6419 1015.9261
v 26246.4651 -116846.4651 1015.6731
v 26238.4893 -116838.4893 1015.7619
v 26298.2802 -116819.7002 1016.0445
v 26300.0000 -116829.6419 1015.9261
v 26246.4651 -116846.4651 1015.6731
v 26298.2802 -116819.7002 1016.0445
v 26327.6138 -116800.0000 1016.1096
v 26374.7161 -116774.7161 1015.3035
v 26382.6918 -116782.6918 1015.4137
v 26327.6138 -116800.0000 1016.1096
v 26300.0000 -116800.0000 1016.2839
v 26300.0000 -116798.1955 1016.2475
v 26300.0000 -116798.1955 1016.2475
v 26374.7161 -116774.7161 1015.3035
v 26327.6138 -116800.0000 1016.1096
v 26390.6676 -116790.6676 1015.5240
v 26398.6434 -116798.6434 1015.6342
v 26396.6785 -116799.2608 1015.6591
v 26394.3263 -116800.0000 1015.6888
v 26360.9701 -116800.0000 1015.8992
v 26390.6676 -116790.6676 1015.5240
v 26390.6676 -116790.6676 1015.5240
v 26396.6785 -116799.2608 1015.6591
v 26394.3263 -116800.0000 1015.6888
v 26387.6847 -116770.6407 1015.2120
v 26400.0000 -116777.2528 1015.2917
v 26390.6826 -116780.1807 1015.3574
v 26400.0000 -116777.2528 1015.2917
v 26387.6847 -116770.6407 1015.2120
v 26400.0000 -116766.7706 1015.1252
v 26387.6847 -116770.6407 1015.2120
v 26382.6918 -116782.6918 1015.4137
v 26374.7161 -116774.7161 1015.3035
v 26390.6826 -116780.1807 1015.3574
v 26382.6918 -116782.6918 1015.4137
v 26387.6847 -116770.6407 1015.2120
v 26393.6806 -116789.7208 1015.5027
v 26400.0000 -116787.7349 1015.4582
v 26400.0000 -116798.2170 1015.6247
v 26393.6806 -116789.7208 1015.5027
v 26398.6434 -116798.6434 1015.6342
v 26390.6676 -116790.6676 1015.5240
v 26400.0000 -116798.2170 1015.6247
v 26398.6434 -116798.6434 1015.6342
v 26393.6806 -116789.7208 1015.5027
v 26301.2781 -116829.2402 1015.9170
v 26300.0000 -116829.6419 1015.9261
v 26300.0000 -116819.1597 1016.0526
v 26314.5785 -116814.5785 1015.9486
v 26322.5542 -116822.5542 1015.7652
v 26301.2781 -116829.2402 1015.9170
v 26300.0000 -116819.1597 1016.0526
v 26314.5785 -116814.5785 1015.9486
v 26301.2781 -116829.2402 1015.9170
v 26300.0000 -116800.0000 1016.2839
v 26306.6027 -116806.6027 1016.1320
v 26300.0000 -116808.6776 1016.1791
v 26360.9701 -116800.0000 1015.8992
v 26322.5542 -116822.5542 1015.7652
v 26314.5785 -116814.5785 1015.9486
v 26322.5542 -116822.5542 1015.7652
v 26360.9701 -116800.0000 1015.8992
v 26394.3263 -116800.0000 1015.6888
v 26300.0000 -116800.0000 1016.2839
v 26327.6138 -116800.0000 1016.1096
v 26306.6027 -116806.6027 1016.1320
v 26466.7567 -116766.7567 1014.0697
v 26400.0000 -116798.2170 1015.6247
v 26400.0000 -116787.7349 1015.4582
v 26400.0000 -116798.2170 1015.6247
v 26466.7567 -116766.7567 1014.0697
v 26474.7325 -116774.7325 1014.0703
v 26450.8052 -116750.8052 1014.0685
v 26400.0000 -116777.2528 1015.2917
v 26400.0000 -116766.7706 1015.1252
v 26400.0000 -116777.2528 1015.2917
v 26450.8052 -116750.8052 1014.0685
v 26458.7810 -116758.7810 1014.0691
v 26458.7810 -116758.7810 1014.0691
v 26500.0000 -116735.3458 1013.8111
v 26500.0000 -116745.8279 1013.8534
v 26500.0000 -116735.3458 1013.8111
v 26458.7810 -116758.7810 1014.0691
v 26450.8052 -116750.8052 1014.0685
v 26474.7325 -116774.7325 1014.0703
v 26500.0000 -116756.3101 1013.8958
v 26500.0000 -116766.7922 1013.9381
v 26500.0000 -116756.3101 1013.8958
v 26474.7325 -116774.7325 1014.0703
v 26466.7567 -116766.7567 1014.0697
v 26542.8459 -116742.8459 1013.1730
v 26500.0000 -116766.7922 1013.9381
v 26500.0000 -116756.3101 1013.8958
v 26500.0000 -116766.7922 1013.9381
v 26542.8459 -116742.8459 1013.1730
v 26550.8216 -116750.8216 1013.0809
v 26526.8943 -116726.8943 1013.3574
v 26500.0000 -116745.8279 1013.8534
v 26500.0000 -116735.3458 1013.8111
v 26500.0000 -116745.8279 1013.8534
v 26526.8943 -116726.8943 1013.3574
v 26534.8701 -116734.8701 1013.2652
v 26578.4855 -116710.6819 1013.4285
v 26600.0000 -116703.9210 1013.4582
v 26600.0000 -116714.4031 1013.3550
v 26578.4855 -116710.6819 1013.4285
v 26534.8701 -116734.8701 1013.2652
v 26526.8943 -116726.8943 1013.3574
v 26600.0000 -116714.4031 1013.3550
v 26581.4834 -116720.2219 1013.3295
v 26578.4855 -116710.6819 1013.4285
v 26581.4834 -116720.2219 1013.3295
v 26534.8701 -116734.8701 1013.2652
v 26578.4855 -116710.6819 1013.4285
v 26584.4814 -116729.7620 1013.2304
v 26600.0000 -116724.8853 1013.2518
v 26600.0000 -116735.3674 1013.1486
v 26584.4814 -116729.7620 1013.2304
v 26550.8216 -116750.8216 1013.0809
v 26542.8459 -116742.8459 1013.1730
v 26600.0000 -116735.3674 1013.1486
v 26587.4793 -116739.3020 1013.1314
v 26584.4814 -116729.7620 1013.2304
v 26587.4793 -116739.3020 1013.1314
v 26550.8216 -116750.8216 1013.0809
v 26584.4814 -116729.7620 1013.2304
v 26676.8838 -116690.2425 1012.6579
v 26679.0726 -116679.0726 1012.4073
v 26687.0483 -116687.0483 1012.5073
v 26673.8859 -116680.7025 1012.4842
v 26645.8336 -116700.0000 1013.1177
v 26612.4774 -116700.0000 1013.3936
v 26673.8859 -116680.7025 1012.4842
v 26679.0726 -116679.0726 1012.4073
v 26676.8838 -116690.2425 1012.6579
v 26676.8838 -116690.2425 1012.6579
v 26645.8336 -116700.0000 1013.1177
v 26673.8859 -116680.7025 1012.4842
v 26700.0000 -116700.0000 1012.6697
v 26679.8818 -116699.7826 1012.8316
v 26695.0241 -116695.0241 1012.6073
v 26679.8818 -116699.7826 1012.8316
v 26700.0000 -116700.0000 1012.6697
v 26679.1898 -116700.0000 1012.8418
v 26687.0483 -116687.0483 1012.5073
v 26700.0000 -116672.4962 1012.0970
v 26700.0000 -116682.9783 1012.3153
v 26700.0000 -116672.4962 1012.0970
v 26687.0483 -116687.0483 1012.5073
v 26679.0726 -116679.0726 1012.4073
v 26700.0000 -116700.0000 1012.6697
v 26695.0241 -116695.0241 1012.6073
v 26700.0000 -116693.4604 1012.5336
v 26618.9350 -116718.9350 1013.0723
v 26600.0000 -116735.3674 1013.1486
v 26600.0000 -116724.8853 1013.2518
v 26600.0000 -116735.3674 1013.1486
v 26618.9350 -116718.9350 1013.0723
v 26626.9107 -116726.9107 1012.8935
v 26602.9834 -116702.9834 1013.4299
v 26600.0000 -116714.4031 1013.3550
v 26600.0000 -116703.9210 1013.4582
v 26600.0000 -116714.4031 1013.3550
v 26602.9834 -116702.9834 1013.4299
v 26610.9592 -116710.9592 1013.2511
v 26679.1898 -116700.0000 1012.8418
v 26626.9107 -116726.9107 1012.8935
v 26618.9350 -116718.9350 1013.0723
v 26700.0000 -116700.0000 1012.6697
v 26700.0000 -116703.9426 1012.6140
v 26682.8797 -116709.3226 1012.6794
v 26682.8797 -116709.3226 1012.6794
v 26679.1898 -116700.0000 1012.8418
v 26700.0000 -116700.0000 1012.6697
v 26682.8797 -116709.3226 1012.6794
v 26626.9107 -116726.9107 1012.8935
v 26679.1898 -116700.0000 1012.8418
v 26612.4774 -116700.0000 1013.3936
v 26610.9592 -116710.9592 1013.2511
v 26602.9834 -116702.9834 1013.4299
v 26610.9592 -116710.9592 1013.2511
v 26612.4774 -116700.0000 1013.3936
v 26645.8336 -116700.0000 1013.1177
v 26771.1132 -116671.1132 1010.4327
v 26779.0890 -116679.0890 1010.4153
v 26778.2801 -116679.3432 1010.4392
v 26712.5461 -116700.0000 1012.3812
v 26700.0000 -116693.4604 1012.5336
v 26771.1132 -116671.1132 1010.4327
v 26700.0000 -116693.4604 1012.5336
v 26712.5461 -116700.0000 1012.3812
v 26700.0000 -116700.0000 1012.6697
v 26771.1132 -116671.1132 1010.4327
v 26778.2801 -116679.3432 1010.4392
v 26712.5461 -116700.0000 1012.3812
v 26755.1617 -116655.1617 1010.4674
v 26700.0000 -116682.9783 1012.3153
v 26700.0000 -116672.4962 1012.0970
v 26700.0000 -116682.9783 1012.3153
v 26755.1617 -116655.1617 1010.4674
v 26763.1375 -116663.1375 1010.4500
v 26800.0000 -116650.0000 1010.8988
v 26789.0345 -116644.5172 1010.8647
v 26800.0000 -116641.0713 1010.6989
v 26775.2822 -116669.8032 1010.4816
v 26779.0890 -116679.0890 1010.4153
v 26771.1132 -116671.1132 1010.4327
v 26775.2822 -116669.8032 1010.4816
v 26800.0000 -116662.0356 1010.7715
v 26800.0000 -116672.5178 1010.6606
v 26800.0000 -116672.5178 1010.6606
v 26779.0890 -116679.0890 1010.4153
v 26775.2822 -116669.8032 1010.4816
v 26772.2842 -116660.2631 1010.5573
v 26769.2863 -116650.7231 1010.6330
v 26789.0345 -116644.5172 1010.8647
v 26769.2863 -116650.7231 1010.6330
v 26763.1375 -116663.1375 1010.4500
v 26755.1617 -116655.1617 1010.4674
v 26789.0345 -116644.5172 1010.8647
v 26800.0000 -116651.5535 1010.8824
v 26772.2842 -116660.2631 1010.5573
v 26789.0345 -116644.5172 1010.8647
v 26800.0000 -116650.0000 1010.8988
v 26800.0000 -116651.5535 1010.8824
v 26772.2842 -116660.2631 1010.5573
v 26763.1375 -116663.1375 1010.4500
v 26769.2863 -116650.7231 1010.6330
v 26700.0000 -116700.0000 1012.6697
v 26702.9999 -116702.9999 1012.5566
v 26700.0000 -116703.9426 1012.6140
v 26700.0000 -116700.0000 1012.6697
v 26712.5461 -116700.0000 1012.3812
v 26702.9999 -116702.9999 1012.5566
v 26804.9435 -116650.0000 1010.8138
v 26831.2508 -116631.2508 1009.9413
v 26839.2266 -116639.2266 1009.9827
v 26804.9435 -116650.0000 1010.8138
v 26800.0000 -116650.0000 1010.8988
v 26800.0000 -116641.0713 1010.6989
v 26800.0000 -116641.0713 1010.6989
v 26831.2508 -116631.2508 1009.9413
v 26804.9435 -116650.0000 1010.8138
v 26850.0000 -116650.0000 1010.0387
v 26838.2997 -116650.0000 1010.2400
v 26847.2024 -116647.2024 1010.0242
v 26850.0000 -116650.0000 1010.0387
v 26855.1781 -116655.1781 1009.8358
v 26850.0000 -116656.8053 1009.9533
v 26809.1578 -116659.1578 1010.6264
v 26800.0000 -116672.5178 1010.6606
v 26800.0000 -116662.0356 1010.7715
v 26800.0000 -116672.5178 1010.6606
v 26809.1578 -116659.1578 1010.6264
v 26817.1336 -116667.1336 1010.3891
v 26800.0000 -116650.0000 1010.8988
v 26801.1820 -116651.1820 1010.8636
v 26800.0000 -116651.5535 1010.8824
v 26801.1820 -116651.1820 1010.8636
v 26800.0000 -116650.0000 1010.8988
v 26804.9435 -116650.0000 1010.8138
v 26838.2997 -116650.0000 1010.2400
v 26850.0000 -116650.0000 1010.0387
v 26850.0000 -116656.8053 1009.9533
v 26817.1336 -116667.1336 1010.3891
v 26809.1578 -116659.1578 1010.6264
v 26838.2997 -116650.0000 1010.2400
v 26850.0000 -116656.8053 1009.9533
v 26817.1336 -116667.1336 1010.3891
v 26838.2997 -116650.0000 1010.2400
v 26850.0000 -116650.0000 1010.0387
v 26871.6559 -116650.0000 1009.4668
v 26855.1781 -116655.1781 1009.8358
v 26839.2266 -116639.2266 1009.9827
v 26850.0000 -116625.3589 1009.5753
v 26850.0000 -116635.8411 1009.7724
v 26850.0000 -116625.3589 1009.5753
v 26839.2266 -116639.2266 1009.9827
v 26831.2508 -116631.2508 1009.9413
v 26850.0000 -116650.0000 1010.0387
v 26847.2024 -116647.2024 1010.0242
v 26850.0000 -116646.3232 1009.9695
v 26877.2712 -116627.2712 1008.8911
v 26900.0000 -116609.6465 1008.4526
v 26900.0000 -116620.1287 1008.5216
v 26900.0000 -116609.6465 1008.4526
v 26877.2712 -116627.2712 1008.8911
v 26869.2954 -116619.2954 1008.9517
v 26893.2227 -116643.2227 1008.7699
v 26900.0000 -116630.6108 1008.5906
v 26900.0000 -116641.0929 1008.6597
v 26900.0000 -116630.6108 1008.5906
v 26893.2227 -116643.2227 1008.7699
v 26885.2469 -116635.2469 1008.8305
v 26871.6559 -116650.0000 1009.4668
v 26850.0000 -116650.0000 1010.0387
v 26850.0000 -116646.3232 1009.9695
v 26870.6826 -116639.8237 1009.3011
v 26885.2469 -116635.2469 1008.8305
v 26873.6805 -116649.3638 1009.4014
v 26873.6805 -116649.3638 1009.4014
v 26885.2469 -116635.2469 1008.8305
v 26893.2227 -116643.2227 1008.7699
v 26850.0000 -116646.3232 1009.9695
v 26870.6826 -116639.8237 1009.3011
v 26871.6559 -116650.0000 1009.4668
v 26873.6805 -116649.3638 1009.4014
v 26871.6559 -116650.0000 1009.4668
v 26870.6826 -116639.8237 1009.3011
v 26867.6846 -116630.2837 1009.2009
v 26850.0000 -116625.3589 1009.5753
v 26864.6867 -116620.7437 1009.1006
v 26850.0000 -116625.3589 1009.5753
v 26867.6846 -116630.2837 1009.2009
v 26850.0000 -116635.8411 1009.7724
v 26867.6846 -116630.2837 1009.2009
v 26869.2954 -116619.2954 1008.9517
v 26877.2712 -116627.2712 1008.8911
v 26864.6867 -116620.7437 1009.1006
v 26869.2954 -116619.2954 1008.9517
v 26867.6846 -116630.2837 1009.2009
v 26964.0534 -116600.0000 1007.4823
v 26983.4291 -116583.4291 1006.8024
v 26991.4048 -116591.4048 1006.8847
v 26960.0871 -116590.7643 1007.3124
v 26964.0534 -116600.0000 1007.4823
v 26930.6971 -116600.0000 1007.9545
v 26964.0534 -116600.0000 1007.4823
v 26960.0871 -116590.7643 1007.3124
v 26983.4291 -116583.4291 1006.8024
v 27000.0000 -116600.0000 1006.9734
v 26997.4096 -116600.0000 1007.0101
v 26999.3806 -116599.3806 1006.9670
v 26991.4048 -116591.4048 1006.8847
v 27000.0000 -116578.2217 1006.4576
v 27000.0000 -116588.7038 1006.7059
v 27000.0000 -116578.2217 1006.4576
v 26991.4048 -116591.4048 1006.8847
v 26983.4291 -116583.4291 1006.8024
v 27000.0000 -116600.0000 1006.9734
v 26999.3806 -116599.3806 1006.9670
v 27000.0000 -116599.1860 1006.9541
v 26900.0000 -116620.1287 1008.5216
v 26907.3400 -116607.3400 1008.1917
v 26915.3157 -116615.3157 1007.9774
v 26907.3400 -116607.3400 1008.1917
v 26900.0000 -116620.1287 1008.5216
v 26900.0000 -116609.6465 1008.4526
v 26900.0000 -116641.0929 1008.6597
v 26923.2915 -116623.2915 1007.7630
v 26931.2673 -116631.2673 1007.5486
v 26923.2915 -116623.2915 1007.7630
v 26900.0000 -116641.0929 1008.6597
v 26900.0000 -116630.6108 1008.5906
v 26966.0829 -116609.8443 1007.3283
v 26931.2673 -116631.2673 1007.5486
v 26923.2915 -116623.2915 1007.7630
v 26966.0829 -116609.8443 1007.3283
v 26997.4096 -116600.0000 1007.0101
v 27000.0000 -116609.6681 1006.8504
v 27000.0000 -116609.6681 1006.8504
v 26997.4096 -116600.0000 1007.0101
v 27000.0000 -116600.0000 1006.9734
v 26969.0809 -116619.3844 1007.1645
v 26931.2673 -116631.2673 1007.5486
v 26966.0829 -116609.8443 1007.3283
v 27000.0000 -116609.6681 1006.8504
v 26969.0809 -116619.3844 1007.1645
v 26966.0829 -116609.8443 1007.3283
v 26930.6971 -116600.0000 1007.9545
v 26915.3157 -116615.3157 1007.9774
v 26907.3400 -116607.3400 1008.1917
v 26930.6971 -116600.0000 1007.9545
v 26964.0534 -116600.0000 1007.4823
v 26963.0850 -116600.3043 1007.4921
v 26963.0850 -116600.3043 1007.4921
v 26915.3157 -116615.3157 1007.9774
v 26930.6971 -116600.0000 1007.9545
v 27030.7658 -116600.0000 1006.1305
v 27075.4697 -116575.4697 1004.3246
v 27083.4455 -116583.4455 1004.2950
v 27030.7658 -116600.0000 1006.1305
v 27000.0000 -116600.0000 1006.9734
v 27000.0000 -116599.1860 1006.9541
v 27000.0000 -116599.1860 1006.9541
v 27075.4697 -116575.4697 1004.3246
v 27030.7658 -116600.0000 1006.1305
v 27059.5182 -116559.5182 1004.3839
v 27000.0000 -116588.7038 1006.7059
v 27000.0000 -116578.2217 1006.4576
v 27000.0000 -116588.7038 1006.7059
v 27059.5182 -116559.5182 1004.3839
v 27067.4940 -116567.4940 1004.3543
v 27100.0000 -116550.0000 1004.4236
v 27096.0662 -116548.0331 1004.4307
v 27100.0000 -116546.7969 1004.3424
v 27100.0000 -116567.7611 1004.3561
v 27083.4455 -116583.4455 1004.2950
v 27075.4697 -116575.4697 1004.3246
v 27083.4455 -116583.4455 1004.2950
v 27100.0000 -116567.7611 1004.3561
v 27100.0000 -116578.2433 1004.3162
v 27067.4940 -116567.4940 1004.3543
v 27059.5182 -116559.5182 1004.3839
v 27096.0662 -116548.0331 1004.4307
v 27096.0662 -116548.0331 1004.4307
v 27100.0000 -116557.2790 1004.3959
v 27067.4940 -116567.4940 1004.3543
v 27096.0662 -116548.0331 1004.4307
v 27100.0000 -116550.0000 1004.4236
v 27100.0000 -116557.2790 1004.3959
v 27000.0000 -116600.0000 1006.9734
v 27007.3564 -116607.3564 1006.6736
v 27000.0000 -116609.6681 1006.8504
v 27000.0000 -116600.0000 1006.9734
v 27030.7658 -116600.0000 1006.1305
v 27007.3564 -116607.3564 1006.6736
v 27123.1632 -116550.0000 1004.0334
v 27135.6073 -116535.6073 1003.4590
v 27143.5831 -116543.5831 1003.5268
v 27123.1632 -116550.0000 1004.0334
v 27100.0000 -116550.0000 1004.4236
v 27100.0000 -116546.7969 1004.3424
v 27100.0000 -116546.7969 1004.3424
v 27135.6073 -116535.6073 1003.4590
v 27123.1632 -116550.0000 1004.0334
v 27151.5589 -116551.5589 1003.5249
v 27150.0000 -116562.5309 1003.4235
v 27150.0000 -116552.0487 1003.5555
v 27150.0000 -116562.5309 1003.4235
v 27151.5589 -116551.5589 1003.5249
v 27159.5346 -116559.5346 1003.2364
v 27113.5143 -116563.5143 1004.0257
v 27100.0000 -116578.2433 1004.3162
v 27100.0000 -116567.7611 1004.3561
v 27100.0000 -116578.2433 1004.3162
v 27113.5143 -116563.5143 1004.0257
v 27121.4901 -116571.4901 1003.7908
v 27100.0000 -116550.0000 1004.4236
v 27105.5385 -116555.5385 1004.2605
v 27100.0000 -116557.2790 1004.3959
v 27105.5385 -116555.5385 1004.2605
v 27100.0000 -116550.0000 1004.4236
v 27123.1632 -116550.0000 1004.0334
v 27121.4901 -116571.4901 1003.7908
v 27150.0000 -116552.0487 1003.5555
v 27150.0000 -116562.5309 1003.4235
v 27150.0000 -116552.0487 1003.5555
v 27121.4901 -116571.4901 1003.7908
v 27113.5143 -116563.5143 1004.0257
v 27156.5195 -116550.0000 1003.4390
v 27159.5346 -116559.5346 1003.2364
v 27151.5589 -116551.5589 1003.5249
v 27159.8817 -116559.4256 1003.2304
v 27156.5195 -116550.0000 1003.4390
v 27189.8757 -116550.0000 1002.7109
v 27156.5195 -116550.0000 1003.4390
v 27159.8817 -116559.4256 1003.2304
v 27159.5346 -116559.5346 1003.2364
v 27143.5831 -116543.5831 1003.5268
v 27150.0000 -116531.0845 1003.1624
v 27150.0000 -116541.5666 1003.3946
v 27150.0000 -116531.0845 1003.1624
v 27143.5831 -116543.5831 1003.5268
v 27135.6073 -116535.6073 1003.4590
v 27181.6277 -116531.6277 1002.4840
v 27200.0000 -116515.3720 1002.1595
v 27200.0000 -116525.8542 1002.2595
v 27200.0000 -116515.3720 1002.1595
v 27181.6277 -116531.6277 1002.4840
v 27173.6519 -116523.6519 1002.4815
v 27197.5792 -116547.5792 1002.4891
v 27200.0000 -116536.3363 1002.3595
v 27200.0000 -116546.8185 1002.4595
v 27200.0000 -116536.3363 1002.3595
v 27197.5792 -116547.5792 1002.4891
v 27189.6034 -116539.6034 1002.4866
v 27189.8757 -116550.0000 1002.7109
v 27156.5195 -116550.0000 1003.4390
v 27156.8837 -116549.8855 1003.4285
v 27189.6034 -116539.6034 1002.4866
v 27197.5792 -116547.5792 1002.4891
v 27189.8757 -116550.0000 1002.7109
v 27189.8757 -116550.0000 1002.7109
v 27156.8837 -116549.8855 1003.4285
v 27189.6034 -116539.6034 1002.4866
v 27153.8858 -116540.3455 1003.2827
v 27150.0000 -116531.0845 1003.1624
v 27150.8879 -116530.8055 1003.1369
v 27150.0000 -116531.0845 1003.1624
v 27153.8858 -116540.3455 1003.2827
v 27150.0000 -116541.5666 1003.3946
v 27153.8858 -116540.3455 1003.2827
v 27173.6519 -116523.6519 1002.4815
v 27181.6277 -116531.6277 1002.4840
v 27150.8879 -116530.8055 1003.1369
v 27173.6519 -116523.6519 1002.4815
v 27153.8858 -116540.3455 1003.2827
v 27282.1863 -116500.0000 1001.3279
v 27287.7594 -116487.7594 1000.9853
v 27295.7320 -116495.7320 1001.1118
v 27287.7594 -116487.7594 1000.9853
v 27282.1863 -116500.0000 1001.3279
v 27248.9100 -116500.0000 1001.6052
v 27295.7320 -116495.7320 1001.1118
v 27300.0000 -116483.9027 1000.7669
v 27300.0000 -116494.3873 1001.0356
v 27300.0000 -116483.9027 1000.7669
v 27295.7320 -116495.7320 1001.1118
v 27287.7594 -116487.7594 1000.9853
v 27200.0000 -116525.8542 1002.2595
v 27211.6965 -116511.6965 1001.7387
v 27219.6722 -116519.6722 1001.5517
v 27211.6965 -116511.6965 1001.7387
v 27200.0000 -116525.8542 1002.2595
v 27200.0000 -116515.3720 1002.1595
v 27200.0000 -116546.8185 1002.4595
v 27227.6480 -116527.6480 1001.3648
v 27235.6238 -116535.6238 1001.1779
v 27227.6480 -116527.6480 1001.3648
v 27200.0000 -116546.8185 1002.4595
v 27200.0000 -116536.3363 1002.3595
v 27246.2828 -116500.8277 1001.6146
v 27219.6722 -116519.6722 1001.5517
v 27211.6965 -116511.6965 1001.7387
v 27248.9100 -116500.0000 1001.6052
v 27282.1863 -116500.0000 1001.3279
v 27249.2826 -116510.3672 1001.4455
v 27249.2826 -116510.3672 1001.4455
v 27246.2828 -116500.8277 1001.6146
v 27248.9100 -116500.0000 1001.6052
v 27249.2826 -116510.3672 1001.4455
v 27219.6722 -116519.6722 1001.5517
v 27246.2828 -116500.8277 1001.6146
v 27252.2823 -116519.9067 1001.2764
v 27300.0000 -116515.3565 1000.9475
v 27255.2821 -116529.4462 1001.1073
v 27300.0000 -116515.3565 1000.9475
v 27252.2823 -116519.9067 1001.2764
v 27300.0000 -116504.8719 1001.1059
v 27252.2823 -116519.9067 1001.2764
v 27235.6238 -116535.6238 1001.1779
v 27227.6480 -116527.6480 1001.3648
v 27255.2821 -116529.4462 1001.1073
v 27235.6238 -116535.6238 1001.1779
v 27252.2823 -116519.9067 1001.2764
v 27347.6890 -116489.8462 999.6066
v 27379.4787 -116479.4787 998.4659
v 27350.7657 -116499.3611 999.7658
v 27350.7657 -116499.3611 999.7658
v 27379.4787 -116479.4787 998.4659
v 27387.4104 -116487.4104 998.4508
v 27347.6890 -116489.8462 999.6066
v 27348.7389 -116500.0000 999.8379
v 27315.4626 -116500.0000 1000.7539
v 27350.7657 -116499.3611 999.7658
v 27350.7180 -116499.3764 999.7675
v 27347.6890 -116489.8462 999.6066
v 27350.7180 -116499.3764 999.7675
v 27348.7389 -116500.0000 999.8379
v 27347.6890 -116489.8462 999.6066
v 27344.6122 -116480.3310 999.4474
v 27300.0000 -116494.3873 1001.0356
v 27300.0000 -116483.9027 1000.7669
v 27341.5832 -116470.8007 999.2865
v 27363.6154 -116463.6154 998.4959
v 27344.6599 -116480.3157 999.4457
v 27344.6599 -116480.3157 999.4457
v 27363.6154 -116463.6154 998.4959
v 27371.5471 -116471.5471 998.4809
v 27300.0000 -116483.9027 1000.7669
v 27341.5832 -116470.8007 999.2865
v 27344.6122 -116480.3310 999.4474
v 27344.6599 -116480.3157 999.4457
v 27344.6122 -116480.3310 999.4474
v 27341.5832 -116470.8007 999.2865
v 27400.0000 -116472.7862 998.3623
v 27387.4104 -116487.4104 998.4508
v 27379.4787 -116479.4787 998.4659
v 27387.4104 -116487.4104 998.4508
v 27400.0000 -116472.7862 998.3623
v 27400.0000 -116483.3046 998.3873
v 27400.0000 -116451.7495 998.3123
v 27371.5471 -116471.5471 998.4809
v 27363.6154 -116463.6154 998.4959
v 27371.5471 -116471.5471 998.4809
v 27400.0000 -116451.7495 998.3123
v 27400.0000 -116462.2679 998.3373
v 27303.7047 -116503.7047 1001.0332
v 27300.0000 -116515.3565 1000.9475
v 27300.0000 -116504.8719 1001.1059
v 27300.0000 -116515.3565 1000.9475
v 27303.7047 -116503.7047 1001.0332
v 27311.6773 -116511.6773 1000.7185
v 27315.4626 -116500.0000 1000.7539
v 27311.6773 -116511.6773 1000.7185
v 27303.7047 -116503.7047 1001.0332
v 27311.6773 -116511.6773 1000.7185
v 27315.4626 -116500.0000 1000.7539
v 27348.7389 -116500.0000 999.8379
v 27439.0231 -116439.0231 997.3082
v 27446.9547 -116446.9547 997.3830
v 27439.6842 -116449.3258 997.5782
v 27439.6842 -116449.3258 997.5782
v 27436.5836 -116439.8187 997.3737
v 27439.0231 -116439.0231 997.3082
v 27436.5836 -116439.8187 997.3737
v 27437.6170 -116450.0000 997.6337
v 27405.3645 -116450.0000 998.2119
v 27439.6842 -116449.3258 997.5782
v 27437.6170 -116450.0000 997.6337
v 27436.5836 -116439.8187 997.3737
v 27454.8864 -116454.8864 997.2326
v 27450.0000 -116466.9983 997.2214
v 27450.0000 -116456.4799 997.3392
v 27450.0000 -116466.9983 997.2214
v 27454.8864 -116454.8864 997.2326
v 27462.8180 -116462.8180 996.9418
v 27417.1826 -116467.1826 997.8076
v 27400.0000 -116483.3046 998.3873
v 27400.0000 -116472.7862 998.3623
v 27400.0000 -116483.3046 998.3873
v 27417.1826 -116467.1826 997.8076
v 27425.1142 -116475.1142 997.5766
v 27401.3193 -116451.3193 998.2697
v 27400.0000 -116462.2679 998.3373
v 27400.0000 -116451.7495 998.3123
v 27400.0000 -116462.2679 998.3373
v 27401.3193 -116451.3193 998.2697
v 27409.2509 -116459.2509 998.0387
v 27409.2509 -116459.2509 998.0387
v 27405.3645 -116450.0000 998.2119
v 27437.6170 -116450.0000 997.6337
v 27405.3645 -116450.0000 998.2119
v 27409.2509 -116459.2509 998.0387
v 27401.3193 -116451.3193 998.2697
v 27442.7847 -116458.8330 997.4422
v 27450.0000 -116456.4799 997.3392
v 27450.0000 -116466.9983 997.2214
v 27425.1142 -116475.1142 997.5766
v 27417.1826 -116467.1826 997.8076
v 27442.7847 -116458.8330 997.4422
v 27442.7847 -116458.8330 997.4422
v 27445.8852 -116468.3402 997.2801
v 27425.1142 -116475.1142 997.5766
v 27450.0000 -116466.9983 997.2214
v 27445.8852 -116468.3402 997.2801
v 27442.7847 -116458.8330 997.4422
v 27469.8695 -116450.0000 996.9361
v 27462.8180 -116462.8180 996.9418
v 27454.8864 -116454.8864 997.2326
v 27469.8695 -116450.0000 996.9361
v 27500.0000 -116450.0000 996.2149
v 27500.0000 -116450.6920 996.2061
v 27500.0000 -116450.6920 996.2061
v 27462.8180 -116462.8180 996.9418
v 27469.8695 -116450.0000 996.9361
v 27446.9547 -116446.9547 997.3830
v 27450.0000 -116435.4432 997.0478
v 27450.0000 -116445.9616 997.3108
v 27450.0000 -116435.4432 997.0478
v 27446.9547 -116446.9547 997.3830
v 27439.0231 -116439.0231 997.3082
v 27484.6586 -116434.6586 996.1985
v 27500.0000 -116419.1370 995.7773
v 27500.0000 -116429.6553 995.9265
v 27500.0000 -116419.1370 995.7773
v 27484.6586 -116434.6586 996.1985
v 27476.7269 -116426.7269 996.1901
v 27500.0000 -116450.0000 996.2149
v 27492.5902 -116442.5902 996.2070
v 27500.0000 -116440.1737 996.0756
v 27492.5902 -116442.5902 996.2070
v 27500.0000 -116450.0000 996.2149
v 27469.8695 -116450.0000 996.9361
v 27476.7269 -116426.7269 996.1901
v 27450.0000 -116445.9616 997.3108
v 27450.0000 -116435.4432 997.0478
v 27450.0000 -116445.9616 997.3108
v 27476.7269 -116426.7269 996.1901
v 27484.6586 -116434.6586 996.1985
v 27590.9322 -116400.0000 994.5794
v 27589.8384 -116389.8384 994.3325
v 27597.7700 -116397.7700 994.4531
v 27589.8384 -116389.8384 994.3325
v 27590.9322 -116400.0000 994.5794
v 27558.6797 -116400.0000 994.9080
v 27597.7700 -116397.7700 994.4531
v 27600.0000 -116386.5244 994.1514
v 27600.0000 -116397.0428 994.4133
v 27600.0000 -116386.5244 994.1514
v 27597.7700 -116397.7700 994.4531
v 27589.8384 -116389.8384 994.3325
v 27500.0000 -116450.0000 996.2149
v 27500.8377 -116450.4188 996.1897
v 27500.0000 -116450.6920 996.2061
v 27500.0000 -116429.6553 995.9265
v 27514.4307 -116414.4307 995.1732
v 27522.3624 -116422.3624 994.9903
v 27514.4307 -116414.4307 995.1732
v 27500.0000 -116429.6553 995.9265
v 27500.0000 -116419.1370 995.7773
v 27530.2940 -116430.2940 994.8074
v 27538.2257 -116438.2257 994.6245
v 27500.8377 -116450.4188 996.1897
v 27500.8377 -116450.4188 996.1897
v 27500.0000 -116440.1737 996.0756
v 27530.2940 -116430.2940 994.8074
v 27500.8377 -116450.4188 996.1897
v 27500.0000 -116450.0000 996.2149
v 27500.0000 -116440.1737 996.0756
v 27558.6797 -116400.0000 994.9080
v 27522.3624 -116422.3624 994.9903
v 27514.4307 -116414.4307 995.1732
v 27522.3624 -116422.3624 994.9903
v 27558.6797 -116400.0000 994.9080
v 27590.9322 -116400.0000 994.5794
v 27537.8566 -116427.8277 994.7621
v 27600.0000 -116407.5611 994.3896
v 27600.0000 -116418.0795 994.2543
v 27538.2257 -116438.2257 994.6245
v 27530.2940 -116430.2940 994.8074
v 27537.8566 -116427.8277 994.7621
v 27537.8566 -116427.8277 994.7621
v 27540.9571 -116437.3349 994.6081
v 27538.2257 -116438.2257 994.6245
v 27600.0000 -116418.0795 994.2543
v 27540.9571 -116437.3349 994.6081
v 27537.8566 -116427.8277 994.7621
v 27655.4372 -116400.0000 993.0802
v 27681.1093 -116381.1093 991.9584
v 27689.0409 -116389.0409 991.9546
v 27632.9285 -116396.8223 993.5722
v 27655.4372 -116400.0000 993.0802
v 27623.1847 -116400.0000 993.8986
v 27655.4372 -116400.0000 993.0802
v 27632.9285 -116396.8223 993.5722
v 27681.1093 -116381.1093 991.9584
v 27629.8280 -116387.3151 993.4142
v 27600.0000 -116386.5244 994.1514
v 27626.7274 -116377.8079 993.2562
v 27600.0000 -116386.5244 994.1514
v 27629.8280 -116387.3151 993.4142
v 27600.0000 -116397.0428 994.4133
v 27629.8280 -116387.3151 993.4142
v 27665.2460 -116365.2460 991.9660
v 27673.1777 -116373.1777 991.9622
v 27626.7274 -116377.8079 993.2562
v 27665.2460 -116365.2460 991.9660
v 27629.8280 -116387.3151 993.4142
v 27700.0000 -116374.9486 991.8821
v 27689.0409 -116389.0409 991.9546
v 27681.1093 -116381.1093 991.9584
v 27689.0409 -116389.0409 991.9546
v 27700.0000 -116374.9486 991.8821
v 27700.0000 -116385.4669 991.9104
v 27700.0000 -116353.9119 991.8257
v 27673.1777 -116373.1777 991.9622
v 27665.2460 -116365.2460 991.9660
v 27673.1777 -116373.1777 991.9622
v 27700.0000 -116353.9119 991.8257
v 27700.0000 -116364.4302 991.8539
v 27605.7017 -116405.7017 994.2728
v 27600.0000 -116418.0795 994.2543
v 27600.0000 -116407.5611 994.3896
v 27600.0000 -116418.0795 994.2543
v 27605.7017 -116405.7017 994.2728
v 27613.6333 -116413.6333 993.9750
v 27623.1847 -116400.0000 993.8986
v 27613.6333 -116413.6333 993.9750
v 27605.7017 -116405.7017 994.2728
v 27623.1847 -116400.0000 993.8986
v 27655.4372 -116400.0000 993.0802
v 27636.0291 -116406.3295 993.4956
v 27636.0291 -116406.3295 993.4956
v 27613.6333 -116413.6333 993.9750
v 27623.1847 -116400.0000 993.8986
v 27744.2474 -116350.0000 991.2321
v 27740.6537 -116340.6537 991.0389
v 27748.5853 -116348.5853 991.1386
v 27744.2474 -116350.0000 991.2321
v 27711.9949 -116350.0000 991.6571
v 27721.7993 -116346.8025 991.4456
v 27721.7993 -116346.8025 991.4456
v 27740.6537 -116340.6537 991.0389
v 27744.2474 -116350.0000 991.2321
v 27756.5169 -116356.5169 990.9301
v 27750.0000 -116369.1606 990.9559
v 27750.0000 -116358.6423 991.0659
v 27750.0000 -116369.1606 990.9559
v 27756.5169 -116356.5169 990.9301
v 27764.4486 -116364.4486 990.6548
v 27718.8131 -116368.8131 991.3705
v 27700.0000 -116385.4669 991.9104
v 27700.0000 -116374.9486 991.8821
v 27700.0000 -116385.4669 991.9104
v 27718.8131 -116368.8131 991.3705
v 27726.7448 -116376.7448 991.1830
v 27702.9498 -116352.9498 991.7455
v 27700.0000 -116364.4302 991.8539
v 27700.0000 -116353.9119 991.8257
v 27700.0000 -116364.4302 991.8539
v 27702.9498 -116352.9498 991.7455
v 27710.8815 -116360.8815 991.5580
v 27711.9949 -116350.0000 991.6571
v 27744.2474 -116350.0000 991.2321
v 27724.8999 -116356.3097 991.4211
v 27710.8815 -116360.8815 991.5580
v 27702.9498 -116352.9498 991.7455
v 27711.9949 -116350.0000 991.6571
v 27711.9949 -116350.0000 991.6571
v 27724.8999 -116356.3097 991.4211
v 27710.8815 -116360.8815 991.5580
v 27728.0004 -116365.8169 991.2808
v 27750.0000 -116358.6423 991.0659
v 27750.0000 -116369.1606 990.9559
v 27726.7448 -116376.7448 991.1830
v 27718.8131 -116368.8131 991.3705
v 27728.0004 -116365.8169 991.2808
v 27728.0004 -116365.8169 991.2808
v 27731.1010 -116375.3241 991.1405
v 27726.7448 -116376.7448 991.1830
v 27750.0000 -116369.1606 990.9559
v 27731.1010 -116375.3241 991.1405
v 27728.0004 -116365.8169 991.2808
v 27776.4999 -116350.0000 990.5971
v 27764.4486 -116364.4486 990.6548
v 27756.5169 -116356.5169 990.9301
v 27776.4999 -116350.0000 990.5971
v 27800.0000 -116350.0000 990.1012
v 27800.0000 -116352.8544 990.0623
v 27800.0000 -116352.8544 990.0623
v 27764.4486 -116364.4486 990.6548
v 27776.4999 -116350.0000 990.5971
v 27748.5853 -116348.5853 991.1386
v 27750.0000 -116337.6056 990.8465
v 27750.0000 -116348.1239 991.1094
v 27750.0000 -116337.6056 990.8465
v 27748.5853 -116348.5853 991.1386
v 27740.6537 -116340.6537 991.0389
v 27786.2891 -116336.2891 990.0478
v 27800.0000 -116321.2993 989.6824
v 27800.0000 -116331.8177 989.8359
v 27800.0000 -116321.2993 989.6824
v 27786.2891 -116336.2891 990.0478
v 27778.3575 -116328.3575 990.0169
v 27800.0000 -116350.0000 990.1012
v 27794.2208 -116344.2208 990.0787
v 27800.0000 -116342.3360 989.9893
v 27794.2208 -116344.2208 990.0787
v 27800.0000 -116350.0000 990.1012
v 27776.4999 -116350.0000 990.5971
v 27778.3575 -116328.3575 990.0169
v 27750.0000 -116348.1239 991.1094
v 27750.0000 -116337.6056 990.8465
v 27750.0000 -116348.1239 991.1094
v 27778.3575 -116328.3575 990.0169
v 27786.2891 -116336.2891 990.0478
v 27897.5626 -116300.0000 988.6846
v 27891.4689 -116291.4689 988.5290
v 27899.4006 -116299.4006 988.6577
v 27891.4689 -116291.4689 988.5290
v 27897.5626 -116300.0000 988.6846
v 27865.3102 -116300.0000 988.9117
v 27899.4006 -116299.4006 988.6577
v 27900.0000 -116288.6868 988.3797
v 27900.0000 -116299.2051 988.6472
v 27900.0000 -116288.6868 988.3797
v 27899.4006 -116299.4006 988.6577
v 27891.4689 -116291.4689 988.5290
v 27800.0000 -116350.0000 990.1012
v 27803.4551 -116351.7276 990.0091
v 27800.0000 -116352.8544 990.0623
v 27819.9718 -116325.3044 989.0630
v 27816.0613 -116316.0613 989.0608
v 27823.9929 -116323.9929 988.9074
v 27819.9718 -116325.3044 989.0630
v 27800.0000 -116331.8177 989.8359
v 27800.0000 -116321.2993 989.6824
v 27800.0000 -116321.2993 989.6824
v 27816.0613 -116316.0613 989.0608
v 27819.9718 -116325.3044 989.0630
v 27831.9246 -116331.9246 988.7539
v 27839.8562 -116339.8562 988.6005
v 27803.4551 -116351.7276 990.0091
v 27803.4551 -116351.7276 990.0091
v 27800.0000 -116342.3360 989.9893
v 27831.9246 -116331.9246 988.7539
v 27803.4551 -116351.7276 990.0091
v 27800.0000 -116350.0000 990.1012
v 27800.0000 -116342.3360 989.9893
v 27823.9929 -116323.9929 988.9074
v 27816.0613 -116316.0613 989.0608
v 27816.8712 -116315.7972 989.0584
v 27865.3102 -116300.0000 988.9117
v 27897.5626 -116300.0000 988.6846
v 27823.9929 -116323.9929 988.9074
v 27823.9929 -116323.9929 988.9074
v 27816.8712 -116315.7972 989.0584
v 27865.3102 -116300.0000 988.9117
v 27839.8562 -116339.8562 988.6005
v 27900.0000 -116309.7235 988.5478
v 27900.0000 -116320.2418 988.4183
v 27900.0000 -116309.7235 988.5478
v 27839.8562 -116339.8562 988.6005
v 27831.9246 -116331.9246 988.7539
v 27962.0676 -116300.0000 987.0432
v 27982.7399 -116282.7399 986.0633
v 27990.6715 -116290.6715 986.0574
v 27982.7399 -116282.7399 986.0633
v 27962.0676 -116300.0000 987.0432
v 27929.8151 -116300.0000 987.8872
v 27915.0437 -116294.2990 988.1288
v 27900.0000 -116288.6868 988.3797
v 27911.9432 -116284.7918 987.9682
v 27900.0000 -116288.6868 988.3797
v 27915.0437 -116294.2990 988.1288
v 27900.0000 -116299.2051 988.6472
v 27915.0437 -116294.2990 988.1288
v 27966.8766 -116266.8766 986.0751
v 27974.8082 -116274.8082 986.0692
v 27911.9432 -116284.7918 987.9682
v 27966.8766 -116266.8766 986.0751
v 27915.0437 -116294.2990 988.1288
v 28000.0000 -116277.1109 985.9514
v 27990.6715 -116290.6715 986.0574
v 27982.7399 -116282.7399 986.0633
v 27990.6715 -116290.6715 986.0574
v 28000.0000 -116277.1109 985.9514
v 28000.0000 -116287.6293 985.9970
v 28000.0000 -116256.0742 985.8604
v 27974.8082 -116274.8082 986.0692
v 27966.8766 -116266.8766 986.0751
v 27974.8082 -116274.8082 986.0692
v 28000.0000 -116256.0742 985.8604
v 28000.0000 -116266.5926 985.9059
v 27907.3322 -116307.3322 988.3860
v 27900.0000 -116320.2418 988.4183
v 27900.0000 -116309.7235 988.5478
v 27900.0000 -116320.2418 988.4183
v 27907.3322 -116307.3322 988.3860
v 27915.2639 -116315.2639 988.0816
v 27918.1442 -116303.8062 988.1461
v 27915.2639 -116315.2639 988.0816
v 27907.3322 -116307.3322 988.3860
v 27929.8151 -116300.0000 987.8872
v 27962.0676 -116300.0000 987.0432
v 27921.2448 -116313.3134 987.9489
v 27921.2448 -116313.3134 987.9489
v 27918.1442 -116303.8062 988.1461
v 27929.8151 -116300.0000 987.8872
v 27921.2448 -116313.3134 987.9489
v 27915.2639 -116315.2639 988.0816
v 27918.1442 -116303.8062 988.1461
v 28050.0000 -116250.0000 984.9704
v 28018.6277 -116250.0000 985.5123
v 28042.2862 -116242.2862 984.8999
v 28058.1500 -116258.1500 984.6820
v 28050.0000 -116271.3254 984.8207
v 28050.0000 -116260.8073 984.8945
v 28050.0000 -116271.3254 984.8207
v 28058.1500 -116258.1500 984.6820
v 28066.0819 -116266.0819 984.4014
v 28050.0000 -116250.0000 984.9704
v 28050.2181 -116250.2181 984.9627
v 28050.0000 -116250.2892 984.9684
v 28000.0000 -116277.1109 985.9514
v 28013.2161 -116272.8008 985.5545
v 28016.3167 -116282.3080 985.5069
v 28016.3167 -116282.3080 985.5069
v 28000.0000 -116287.6293 985.9970
v 28000.0000 -116277.1109 985.9514
v 28017.4977 -116281.9228 985.4715
v 28020.4440 -116270.4440 985.3374
v 28028.3760 -116278.3760 985.1447
v 28017.4977 -116281.9228 985.4715
v 28016.3167 -116282.3080 985.5069
v 28013.2161 -116272.8008 985.5545
v 28014.3977 -116272.4155 985.5190
v 28020.4440 -116270.4440 985.3374
v 28017.4977 -116281.9228 985.4715
v 28013.2161 -116272.8008 985.5545
v 28014.3977 -116272.4155 985.5190
v 28017.4977 -116281.9228 985.4715
v 28010.1156 -116263.2936 985.6021
v 28000.0000 -116266.5926 985.9059
v 28000.0000 -116256.0742 985.8604
v 28011.2976 -116262.9081 985.5666
v 28004.5804 -116254.5804 985.7228
v 28012.5121 -116262.5121 985.5301
v 28000.0000 -116256.0742 985.8604
v 28004.5804 -116254.5804 985.7228
v 28010.1156 -116263.2936 985.6021
v 28010.1156 -116263.2936 985.6021
v 28004.5804 -116254.5804 985.7228
v 28011.2976 -116262.9081 985.5666
v 28018.6277 -116250.0000 985.5123
v 28050.0000 -116250.0000 984.9704
v 28050.0000 -116250.2892 984.9684
v 28012.5121 -116262.5121 985.5301
v 28008.1976 -116253.4008 985.6686
v 28018.6277 -116250.0000 985.5123
v 28012.5121 -116262.5121 985.5301
v 28004.5804 -116254.5804 985.7228
v 28007.0151 -116253.7864 985.6863
v 28050.0000 -116250.2892 984.9684
v 28012.5121 -116262.5121 985.5301
v 28018.6277 -116250.0000 985.5123
v 28012.5121 -116262.5121 985.5301
v 28007.0151 -116253.7864 985.6863
v 28008.1976 -116253.4008 985.6686
v 28028.3760 -116278.3760 985.1447
v 28050.0000 -116260.8073 984.8945
v 28050.0000 -116271.3254 984.8207
v 28050.0000 -116260.8073 984.8945
v 28028.3760 -116278.3760 985.1447
v 28020.4440 -116270.4440 985.3374
v 28083.1461 -116250.0000 984.2061
v 28066.0819 -116266.0819 984.4014
v 28058.1500 -116258.1500 984.6820
v 28083.1461 -116250.0000 984.2061
v 28100.0000 -116250.0000 983.8174
v 28100.0000 -116255.0229 983.7555
v 28100.0000 -116255.0229 983.7555
v 28066.0819 -116266.0819 984.4014
v 28083.1461 -116250.0000 984.2061
v 28050.0000 -116250.0000 984.9704
v 28050.8869 -116250.0000 984.9499
v 28050.2181 -116250.2181 984.9627
v 28050.0000 -116250.0000 984.9704
v 28042.2862 -116242.2862 984.8999
v 28050.0000 -116239.7711 984.7017
v 28087.9240 -116237.9240 983.7787
v 28100.0000 -116223.4685 983.3523
v 28100.0000 -116233.9866 983.5367
v 28100.0000 -116223.4685 983.3523
v 28087.9240 -116237.9240 983.7787
v 28079.9921 -116229.9921 983.7533
v 28100.0000 -116250.0000 983.8174
v 28095.8559 -116245.8559 983.8041
v 28100.0000 -116244.5048 983.7211
v 28095.8559 -116245.8559 983.8041
v 28100.0000 -116250.0000 983.8174
v 28083.1461 -116250.0000 984.2061
v 28050.8869 -116250.0000 984.9499
v 28050.0000 -116250.0000 984.9704
v 28050.0000 -116239.7711 984.7017
v 28079.9921 -116229.9921 983.7533
v 28087.9240 -116237.9240 983.7787
v 28050.8869 -116250.0000 984.9499
v 28050.0000 -116239.7711 984.7017
v 28079.9921 -116229.9921 983.7533
v 28050.8869 -116250.0000 984.9499
v 28200.0000 -116200.0000 981.6457
v 28171.9781 -116200.0000 982.0086
v 28193.1099 -116193.1099 981.5577
v 28200.0000 -116200.0000 981.6457
v 28198.3456 -116191.4029 981.4749
v 28200.0000 -116190.8634 981.4487
v 28198.3456 -116191.4029 981.4749
v 28200.0000 -116200.0000 981.6457
v 28193.1099 -116193.1099 981.5577
v 28100.0000 -116250.0000 983.8174
v 28106.0806 -116253.0403 983.6206
v 28100.0000 -116255.0229 983.7555
v 28106.3715 -116231.9092 983.2382
v 28117.6981 -116217.6981 982.5231
v 28125.6300 -116225.6300 982.3358
v 28106.3715 -116231.9092 983.2382
v 28100.0000 -116223.4685 983.3523
v 28103.2716 -116222.4018 983.1990
v 28100.0000 -116223.4685 983.3523
v 28106.3715 -116231.9092 983.2382
v 28100.0000 -116233.9866 983.5367
v 28103.2716 -116222.4018 983.1990
v 28117.6981 -116217.6981 982.5231
v 28106.3715 -116231.9092 983.2382
v 28109.4714 -116241.4166 983.2773
v 28112.5712 -116250.9240 983.3164
v 28106.0806 -116253.0403 983.6206
v 28112.5712 -116250.9240 983.3164
v 28133.5619 -116233.5619 982.1485
v 28141.4938 -116241.4938 981.9612
v 28106.0806 -116253.0403 983.6206
v 28100.0000 -116250.0000 983.8174
v 28100.0000 -116244.5048 983.7211
v 28109.4714 -116241.4166 983.2773
v 28133.5619 -116233.5619 982.1485
v 28112.5712 -116250.9240 983.3164
v 28100.0000 -116244.5048 983.7211
v 28109.4714 -116241.4166 983.2773
v 28106.0806 -116253.0403 983.6206
v 28171.9781 -116200.0000 982.0086
v 28125.6300 -116225.6300 982.3358
v 28117.6981 -116217.6981 982.5231
v 28171.9781 -116200.0000 982.0086
v 28200.0000 -116200.0000 981.6457
v 28200.0000 -116201.3816 981.6309
v 28200.0000 -116201.3816 981.6309
v 28125.6300 -116225.6300 982.3358
v 28171.9781 -116200.0000 982.0086
v 28141.4938 -116241.4938 981.9612
v 28200.0000 -116211.8997 981.5188
v 28200.0000 -116222.4178 981.4067
v 28200.0000 -116211.8997 981.5188
v 28141.4938 -116241.4938 981.9612
v 28133.5619 -116233.5619 982.1485
v 28204.2372 -116200.0000 981.6005
v 28268.5218 -116168.5218 980.2362
v 28276.4538 -116176.4538 980.3226
v 28204.2372 -116200.0000 981.6005
v 28200.0000 -116200.0000 981.6457
v 28200.0000 -116190.8634 981.4487
v 28200.0000 -116190.8634 981.4487
v 28268.5218 -116168.5218 980.2362
v 28204.2372 -116200.0000 981.6005
v 28268.7556 -116200.0000 980.9124
v 28284.3857 -116184.3857 980.4091
v 28292.3176 -116192.3176 980.4955
v 28284.3857 -116184.3857 980.4091
v 28268.7556 -116200.0000 980.9124
v 28236.4964 -116200.0000 981.2564
v 28293.4196 -116160.4039 980.2227
v 28300.0000 -116168.7765 980.3098
v 28296.5195 -116169.9113 980.3117
v 28300.0000 -116168.7765 980.3098
v 28293.4196 -116160.4039 980.2227
v 28300.0000 -116158.2584 980.2191
v 28293.4196 -116160.4039 980.2227
v 28276.4538 -116176.4538 980.3226
v 28268.5218 -116168.5218 980.2362
v 28296.5195 -116169.9113 980.3117
v 28276.4538 -116176.4538 980.3226
v 28293.4196 -116160.4039 980.2227
v 28299.6193 -116179.4187 980.4008
v 28300.0000 -116179.2946 980.4006
v 28300.0000 -116189.8127 980.4913
v 28292.3176 -116192.3176 980.4955
v 28284.3857 -116184.3857 980.4091
v 28299.6193 -116179.4187 980.4008
v 28300.0000 -116189.8127 980.4913
v 28292.3176 -116192.3176 980.4955
v 28299.6193 -116179.4187 980.4008
v 28207.6452 -116219.9251 981.3030
v 28200.0000 -116211.8997 981.5188
v 28204.5453 -116210.4177 981.4572
v 28200.0000 -116211.8997 981.5188
v 28207.6452 -116219.9251 981.3030
v 28200.0000 -116222.4178 981.4067
v 28207.6452 -116219.9251 981.3030
v 28208.9738 -116208.9738 981.3971
v 28216.9057 -116216.9057 981.1775
v 28204.5453 -116210.4177 981.4572
v 28208.9738 -116208.9738 981.3971
v 28207.6452 -116219.9251 981.3030
v 28200.0000 -116200.0000 981.6457
v 28201.0419 -116201.0419 981.6168
v 28200.0000 -116201.3816 981.6309
v 28236.4964 -116200.0000 981.2564
v 28216.9057 -116216.9057 981.1775
v 28208.9738 -116208.9738 981.3971
v 28216.9057 -116216.9057 981.1775
v 28236.4964 -116200.0000 981.2564
v 28268.7556 -116200.0000 980.9124
v 28200.0000 -116200.0000 981.6457
v 28201.4455 -116200.9103 981.6147
v 28201.0419 -116201.0419 981.6168
v 28201.4455 -116200.9103 981.6147
v 28200.0000 -116200.0000 981.6457
v 28204.2372 -116200.0000 981.6005
v 28302.7192 -116188.9261 980.4966
v 28300.0000 -116189.8127 980.4913
v 28300.0000 -116179.2946 980.4006
v 28302.7192 -116188.9261 980.4966
v 28359.7976 -116159.7976 980.5166
v 28367.7295 -116167.7295 980.6228
v 28300.0000 -116179.2946 980.4006
v 28359.7976 -116159.7976 980.5166
v 28302.7192 -116188.9261 980.4966
v 28343.9337 -116143.9337 980.3044
v 28300.0000 -116168.7765 980.3098
v 28300.0000 -116158.2584 980.2191
v 28300.0000 -116168.7765 980.3098
v 28343.9337 -116143.9337 980.3044
v 28351.8656 -116151.8656 980.4105
v 28351.8656 -116151.8656 980.4105
v 28400.0000 -116125.6533 981.9000
v 28400.0000 -116136.1714 981.7804
v 28400.0000 -116125.6533 981.9000
v 28351.8656 -116151.8656 980.4105
v 28343.9337 -116143.9337 980.3044
v 28367.7295 -116167.7295 980.6228
v 28400.0000 -116146.6895 981.6608
v 28400.0000 -116157.2076 981.5412
v 28400.0000 -116146.6895 981.6608
v 28367.7295 -116167.7295 980.6228
v 28359.7976 -116159.7976 980.5166
v 28500.0000 -116100.0000 986.5764
v 28483.5676 -116098.4060 985.8396
v 28494.7575 -116094.7575 986.2931
v 28483.5676 -116098.4060 985.8396
v 28500.0000 -116100.0000 986.5764
v 28478.6788 -116100.0000 985.6415
v 28500.0000 -116100.0000 986.5764
v 28494.7575 -116094.7575 986.2931
v 28500.0000 -116093.0482 986.5407
v 28435.2095 -116135.2095 982.6941
v 28400.0000 -116157.2076 981.5412
v 28400.0000 -116146.6895 981.6608
v 28400.0000 -116157.2076 981.5412
v 28435.2095 -116135.2095 982.6941
v 28443.1414 -116143.1414 982.8072
v 28419.3456 -116119.3456 982.4678
v 28400.0000 -116136.1714 981.7804
v 28400.0000 -116125.6533 981.9000
v 28400.0000 -116136.1714 981.7804
v 28419.3456 -116119.3456 982.4678
v 28427.2775 -116127.2775 982.5809
v 28478.6788 -116100.0000 985.6415
v 28427.2775 -116127.2775 982.5809
v 28419.3456 -116119.3456 982.4678
v 28500.0000 -116100.0000 986.5764
v 28500.0000 -116103.5663 986.4709
v 28486.6674 -116107.9134 985.7577
v 28486.6674 -116107.9134 985.7577
v 28478.6788 -116100.0000 985.6415
v 28500.0000 -116100.0000 986.5764
v 28486.6674 -116107.9134 985.7577
v 28427.2775 -116127.2775 982.5809
v 28478.6788 -116100.0000 985.6415
v 28489.7673 -116117.4208 985.6124
v 28500.0000 -116114.0844 986.1597
v 28500.0000 -116124.6026 985.8486
v 28489.7673 -116117.4208 985.6124
v 28443.1414 -116143.1414 982.8072
v 28435.2095 -116135.2095 982.6941
v 28500.0000 -116124.6026 985.8486
v 28492.8672 -116126.9282 985.4671
v 28489.7673 -116117.4208 985.6124
v 28492.8672 -116126.9282 985.4671
v 28443.1414 -116143.1414 982.8072
v 28489.7673 -116117.4208 985.6124
v 28510.9379 -116100.0000 987.0152
v 28570.1694 -116070.1694 989.2386
v 28578.1013 -116078.1013 989.5975
v 28510.9379 -116100.0000 987.0152
v 28500.0000 -116100.0000 986.5764
v 28500.0000 -116093.0482 986.5407
v 28500.0000 -116093.0482 986.5407
v 28570.1694 -116070.1694 989.2386
v 28510.9379 -116100.0000 987.0152
v 28587.9412 -116095.9293 990.0839
v 28586.0332 -116086.0332 989.9565
v 28593.9652 -116093.9652 990.3155
v 28584.8413 -116086.4219 989.9107
v 28575.4562 -116100.0000 989.6038
v 28543.1971 -116100.0000 988.3095
v 28584.8413 -116086.4219 989.9107
v 28586.0332 -116086.0332 989.9565
v 28587.9412 -116095.9293 990.0839
v 28587.9412 -116095.9293 990.0839
v 28575.4562 -116100.0000 989.6038
v 28584.8413 -116086.4219 989.9107
v 28600.0000 -116081.4794 990.8416
v 28593.9652 -116093.9652 990.3155
v 28586.0332 -116086.0332 989.9565
v 28593.9652 -116093.9652 990.3155
v 28600.0000 -116081.4794 990.8416
v 28600.0000 -116091.9975 990.6979
v 28578.6415 -116067.4071 989.7755
v 28578.1013 -116078.1013 989.5975
v 28570.1694 -116070.1694 989.2386
v 28578.6415 -116067.4071 989.7755
v 28600.0000 -116060.4431 991.1291
v 28600.0000 -116070.9612 990.9854
v 28581.7414 -116076.9145 989.8282
v 28578.1013 -116078.1013 989.5975
v 28578.6415 -116067.4071 989.7755
v 28600.0000 -116070.9612 990.9854
v 28581.7414 -116076.9145 989.8282
v 28578.6415 -116067.4071 989.7755
v 28510.6213 -116110.6213 986.6498
v 28500.0000 -116124.6026 985.8486
v 28500.0000 -116114.0844 986.1597
v 28500.0000 -116124.6026 985.8486
v 28510.6213 -116110.6213 986.6498
v 28518.5533 -116118.5533 986.7046
v 28500.0000 -116100.0000 986.5764
v 28502.6894 -116102.6894 986.5949
v 28500.0000 -116103.5663 986.4709
v 28543.1971 -116100.0000 988.3095
v 28518.5533 -116118.5533 986.7046
v 28510.6213 -116110.6213 986.6498
v 28518.5533 -116118.5533 986.7046
v 28543.1971 -116100.0000 988.3095
v 28575.4562 -116100.0000 989.6038
v 28500.0000 -116100.0000 986.5764
v 28510.9379 -116100.0000 987.0152
v 28502.6894 -116102.6894 986.5949
v 28610.4426 -111400.0000 1023.1362
v 28600.3455 -111350.0531 1021.7879
v 28611.6980 -111355.7430 1021.7762
v 28611.6980 -111355.7430 1021.7762
v 28620.6449 -111400.0000 1022.9709
v 28610.4426 -111400.0000 1023.1362
v 28630.8472 -111400.0000 1022.8056
v 28623.0506 -111361.4329 1021.7645
v 28634.4031 -111367.1228 1021.7528
v 28634.4031 -111367.1228 1021.7528
v 28641.0495 -111400.0000 1022.6403
v 28630.8472 -111400.0000 1022.8056
v 28610.0060 -111347.3735 1021.5891
v 28611.6980 -111355.7430 1021.7762
v 28600.3455 -111350.0531 1021.7879
v 28600.3455 -111350.0531 1021.7879
v 28600.2955 -111349.8060 1021.7823
v 28610.0060 -111347.3735 1021.5891
v 28623.0506 -111361.4329 1021.7645
v 28619.7622 -111345.1666 1021.4008
v 28629.5639 -111343.1851 1021.2176
v 28629.5639 -111343.1851 1021.2176
v 28634.4031 -111367.1228 1021.7528
v 28623.0506 -111361.4329 1021.7645
v 28619.3621 -111444.1211 1024.2048
v 28613.0886 -111413.0886 1023.4448
v 28625.8760 -111425.8760 1023.5809
v 28634.0772 -111500.0000 1025.5140
v 28619.4280 -111444.4043 1024.2116
v 28629.1350 -111441.9970 1023.9757
v 28629.1350 -111441.9970 1023.9757
v 28644.4185 -111500.0000 1025.3346
v 28634.0772 -111500.0000 1025.5140
v 28625.8760 -111425.8760 1023.5809
v 28629.1350 -111441.9970 1023.9757
v 28619.3621 -111444.1211 1024.2048
v 28619.4280 -111444.4043 1024.2116
v 28619.3621 -111444.1211 1024.2048
v 28629.1350 -111441.9970 1023.9757
v 28638.8502 -111439.5878 1023.7397
v 28638.6633 -111438.6633 1023.7171
v 28652.6156 -111452.6156 1023.8656
v 28652.6156 -111452.6156 1023.8656
v 28638.9161 -111439.8710 1023.7465
v 28638.8502 -111439.5878 1023.7397
v 28652.6156 -111452.6156 1023.8656
v 28665.1012 -111500.0000 1024.9757
v 28654.7598 -111500.0000 1025.1551
v 28654.7598 -111500.0000 1025.1551
v 28638.9161 -111439.8710 1023.7465
v 28652.6156 -111452.6156 1023.8656
v 28648.6231 -111437.4637 1023.5235
v 28652.6156 -111452.6156 1023.8656
v 28638.6633 -111438.6633 1023.7171
v 28638.6633 -111438.6633 1023.7171
v 28630.8472 -111400.0000 1022.8056
v 28641.0495 -111400.0000 1022.6403
v 28641.0495 -111400.0000 1022.6403
v 28648.6231 -111437.4637 1023.5235
v 28638.6633 -111438.6633 1023.7171
v 28620.6449 -111400.0000 1022.9709
v 28625.8760 -111425.8760 1023.5809
v 28613.0886 -111413.0886 1023.4448
v 28613.0886 -111413.0886 1023.4448
v 28610.4426 -111400.0000 1023.1362
v 28620.6449 -111400.0000 1022.9709
v 28660.4268 -111600.0000 1028.4465
v 28646.2688 -111546.2688 1026.7979
v 28660.3099 -111560.3099 1027.0081
v 28660.3099 -111560.3099 1027.0081
v 28670.7681 -111600.0000 1028.2259
v 28660.4268 -111600.0000 1028.4465
v 28681.1094 -111600.0000 1028.0053
v 28674.3510 -111574.3510 1027.2183
v 28688.3921 -111588.3921 1027.4285
v 28688.3921 -111588.3921 1027.4285
v 28691.4507 -111600.0000 1027.7847
v 28681.1094 -111600.0000 1028.0053
v 28665.1012 -111500.0000 1024.9757
v 28688.3921 -111588.3921 1027.4285
v 28674.3510 -111574.3510 1027.2183
v 28674.3510 -111574.3510 1027.2183
v 28654.7598 -111500.0000 1025.1551
v 28665.1012 -111500.0000 1024.9757
v 28644.4185 -111500.0000 1025.3346
v 28660.3099 -111560.3099 1027.0081
v 28646.2688 -111546.2688 1026.7979
v 28646.2688 -111546.2688 1026.7979
v 28634.0772 -111500.0000 1025.5140
v 28644.4185 -111500.0000 1025.3346
v 28687.9479 -111700.0000 1029.2254
v 28683.2037 -111683.2037 1029.0370
v 28697.6854 -111697.6854 1028.9153
v 28697.6854 -111697.6854 1028.9153
v 28698.3392 -111700.0000 1028.9413
v 28687.9479 -111700.0000 1029.2254
v 28699.4380 -111630.3125 1028.0064
v 28700.0000 -111632.3024 1028.0201
v 28689.8025 -111632.9883 1028.2466
v 28689.8025 -111632.9883 1028.2466
v 28700.0000 -111632.3024 1028.0201
v 28700.0000 -111669.0911 1028.4961
v 28689.7793 -111632.9032 1028.2460
v 28681.1094 -111600.0000 1028.0053
v 28691.4507 -111600.0000 1027.7847
v 28689.8025 -111632.9883 1028.2466
v 28689.7793 -111632.9032 1028.2460
v 28699.4380 -111630.3125 1028.0064
v 28691.4507 -111600.0000 1027.7847
v 28699.4380 -111630.3125 1028.0064
v 28689.7793 -111632.9032 1028.2460
v 28683.2037 -111683.2037 1029.0370
v 28670.5076 -111638.2549 1028.7264
v 28680.1430 -111635.5792 1028.4862
v 28680.1430 -111635.5792 1028.4862
v 28697.6854 -111697.6854 1028.9153
v 28683.2037 -111683.2037 1029.0370
v 28670.4843 -111638.1698 1028.7257
v 28660.4268 -111600.0000 1028.4465
v 28670.7681 -111600.0000 1028.2259
v 28670.5076 -111638.2549 1028.7264
v 28670.4843 -111638.1698 1028.7257
v 28680.1430 -111635.5792 1028.4862
v 28670.7681 -111600.0000 1028.2259
v 28680.1430 -111635.5792 1028.4862
v 28670.4843 -111638.1698 1028.7257
v 28700.0000 -111705.8798 1028.8826
v 28697.7414 -111734.6713 1028.8794
v 28697.7261 -111734.6183 1028.8799
v 28697.7414 -111734.6713 1028.8794
v 28700.0000 -111705.8798 1028.8826
v 28700.0000 -111742.3430 1028.8003
v 28700.0000 -111705.8798 1028.8826
v 28687.9479 -111700.0000 1029.2254
v 28698.3392 -111700.0000 1028.9413
v 28697.7261 -111734.6183 1028.8799
v 28687.9479 -111700.0000 1029.2254
v 28700.0000 -111705.8798 1028.8826
v 28650.0000 -116050.0000 993.7967
v 28632.0291 -116050.0000 992.8892
v 28645.5813 -116045.5813 993.5540
v 28661.4451 -116061.4451 993.9286
v 28650.0000 -116075.6950 993.1344
v 28650.0000 -116065.1768 993.4055
v 28650.0000 -116075.6950 993.1344
v 28661.4451 -116061.4451 993.9286
v 28669.3770 -116069.3770 994.0200
v 28650.0000 -116050.0000 993.7967
v 28653.5132 -116053.5132 993.8371
v 28650.0000 -116054.6587 993.6766
v 28623.7392 -116073.7392 991.8587
v 28600.0000 -116091.9975 990.6979
v 28600.0000 -116081.4794 990.8416
v 28600.0000 -116091.9975 990.6979
v 28623.7392 -116073.7392 991.8587
v 28631.6711 -116081.6711 992.0548
v 28607.8754 -116057.8754 991.4665
v 28600.0000 -116070.9612 990.9854
v 28600.0000 -116060.4431 991.1291
v 28600.0000 -116070.9612 990.9854
v 28607.8754 -116057.8754 991.4665
v 28615.8073 -116065.8073 991.6626
v 28632.0291 -116050.0000 992.8892
v 28650.0000 -116050.0000 993.7967
v 28650.0000 -116054.6587 993.6766
v 28615.8073 -116065.8073 991.6626
v 28607.8754 -116057.8754 991.4665
v 28632.0291 -116050.0000 992.8892
v 28650.0000 -116054.6587 993.6766
v 28615.8073 -116065.8073 991.6626
v 28632.0291 -116050.0000 992.8892
v 28631.6711 -116081.6711 992.0548
v 28650.0000 -116065.1768 993.4055
v 28650.0000 -116075.6950 993.1344
v 28650.0000 -116065.1768 993.4055
v 28631.6711 -116081.6711 992.0548
v 28623.7392 -116073.7392 991.8587
v 28669.3770 -116069.3770 994.0200
v 28661.4451 -116061.4451 993.9286
v 28679.9153 -116055.4229 994.9359
v 28679.9153 -116055.4229 994.9359
v 28683.0152 -116064.9303 994.7638
v 28669.3770 -116069.3770 994.0200
v 28696.5474 -116050.0000 995.8431
v 28700.0000 -116050.0000 995.9948
v 28700.0000 -116059.3924 995.6902
v 28683.0152 -116064.9303 994.7638
v 28679.9153 -116055.4229 994.9359
v 28696.5474 -116050.0000 995.8431
v 28696.5474 -116050.0000 995.8431
v 28700.0000 -116059.3924 995.6902
v 28683.0152 -116064.9303 994.7638
v 28650.0000 -116050.0000 993.7967
v 28664.2883 -116050.0000 994.4248
v 28653.5132 -116053.5132 993.8371
v 28650.0000 -116050.0000 993.7967
v 28645.5813 -116045.5813 993.5540
v 28650.0000 -116044.1406 993.7691
v 28691.2192 -116041.2192 995.5674
v 28700.0000 -116027.8380 995.9786
v 28700.0000 -116038.3562 995.9863
v 28700.0000 -116027.8380 995.9786
v 28691.2192 -116041.2192 995.5674
v 28683.2872 -116033.2872 995.1814
v 28700.0000 -116050.0000 995.9948
v 28699.1511 -116049.1511 995.9535
v 28700.0000 -116048.8743 995.9940
v 28699.1511 -116049.1511 995.9535
v 28700.0000 -116050.0000 995.9948
v 28696.5474 -116050.0000 995.8431
v 28664.2883 -116050.0000 994.4248
v 28650.0000 -116044.1406 993.7691
v 28673.7155 -116036.4081 994.7753
v 28650.0000 -116044.1406 993.7691
v 28664.2883 -116050.0000 994.4248
v 28650.0000 -116050.0000 993.7967
v 28683.2872 -116033.2872 995.1814
v 28691.2192 -116041.2192 995.5674
v 28676.8154 -116045.9155 994.9563
v 28676.8154 -116045.9155 994.9563
v 28673.7155 -116036.4081 994.7753
v 28683.2872 -116033.2872 995.1814
v 28673.7155 -116036.4081 994.7753
v 28676.8154 -116045.9155 994.9563
v 28664.2883 -116050.0000 994.4248
v 28719.1217 -111700.0000 1028.4457
v 28700.0000 -111669.0911 1028.4961
v 28700.0000 -111632.3024 1028.0201
v 28700.0000 -111669.0911 1028.4961
v 28719.1217 -111700.0000 1028.4457
v 28708.7305 -111700.0000 1028.6903
v 28707.3421 -111731.8735 1028.6226
v 28700.0000 -111742.3430 1028.8003
v 28700.0000 -111705.8798 1028.8826
v 28700.0000 -111742.3430 1028.8003
v 28727.3988 -111800.0000 1027.9189
v 28716.9745 -111800.0000 1028.2047
v 28727.3988 -111800.0000 1027.9189
v 28700.0000 -111742.3430 1028.8003
v 28707.3421 -111731.8735 1028.6226
v 28716.9431 -111729.0757 1028.3657
v 28712.1672 -111712.1672 1028.5348
v 28726.6543 -111726.6543 1028.1049
v 28726.6543 -111726.6543 1028.1049
v 28716.9584 -111729.1287 1028.3651
v 28716.9431 -111729.0757 1028.3657
v 28726.6543 -111726.6543 1028.1049
v 28748.2476 -111800.0000 1027.3472
v 28737.8232 -111800.0000 1027.6331
v 28737.8232 -111800.0000 1027.6331
v 28716.9584 -111729.1287 1028.3651
v 28726.6543 -111726.6543 1028.1049
v 28726.5591 -111726.3310 1028.1091
v 28726.6543 -111726.6543 1028.1049
v 28712.1672 -111712.1672 1028.5348
v 28712.1672 -111712.1672 1028.5348
v 28708.7305 -111700.0000 1028.6903
v 28719.1217 -111700.0000 1028.4457
v 28719.1217 -111700.0000 1028.4457
v 28726.5591 -111726.3310 1028.1091
v 28712.1672 -111712.1672 1028.5348
v 28725.9989 -111830.6533 1028.0345
v 28724.0569 -111824.0569 1028.0945
v 28738.8308 -111838.8308 1027.7409
v 28738.8308 -111838.8308 1027.7409
v 28746.4149 -111900.0000 1027.4038
v 28725.9989 -111830.6533 1028.0345
v 28738.8308 -111838.8308 1027.7409
v 28756.8393 -111900.0000 1027.1846
v 28746.4149 -111900.0000 1027.4038
v 28767.2636 -111900.0000 1026.9654
v 28753.6046 -111853.6046 1027.3874
v 28768.3785 -111868.3785 1027.0338
v 28768.3785 -111868.3785 1027.0338
v 28777.6880 -111900.0000 1026.7463
v 28767.2636 -111900.0000 1026.9654
v 28754.7777 -111822.1807 1027.2456
v 28753.6046 -111853.6046 1027.3874
v 28745.1848 -111825.0049 1027.5185
v 28753.6046 -111853.6046 1027.3874
v 28754.7777 -111822.1807 1027.2456
v 28768.3785 -111868.3785 1027.0338
v 28745.1848 -111825.0049 1027.5185
v 28737.8232 -111800.0000 1027.6331
v 28748.2476 -111800.0000 1027.3472
v 28748.2476 -111800.0000 1027.3472
v 28754.7777 -111822.1807 1027.2456
v 28745.1848 -111825.0049 1027.5185
v 28735.5918 -111827.8291 1027.7914
v 28738.8308 -111838.8308 1027.7409
v 28724.0569 -111824.0569 1028.0945
v 28724.0569 -111824.0569 1028.0945
v 28727.3988 -111800.0000 1027.9189
v 28735.5918 -111827.8291 1027.7914
v 28724.0569 -111824.0569 1028.0945
v 28716.9745 -111800.0000 1028.2047
v 28727.3988 -111800.0000 1027.9189
v 28770.1288 -112000.0000 1028.3258
v 28761.8525 -111961.8525 1028.1243
v 28774.9203 -111974.9203 1028.0704
v 28774.9203 -111974.9203 1028.0704
v 28780.3615 -112000.0000 1028.2029
v 28770.1288 -112000.0000 1028.3258
v 28800.0000 -112000.0000 1027.9668
v 28790.5941 -112000.0000 1028.0799
v 28787.9881 -111987.9881 1028.0164
v 28800.0000 -111996.1892 1027.9024
v 28800.0000 -112000.0000 1027.9668
v 28787.9881 -111987.9881 1028.0164
v 28787.9881 -111987.9881 1028.0164
v 28783.2121 -111918.8105 1026.9479
v 28800.0000 -111996.1892 1027.9024
v 28773.4780 -111921.1084 1027.1914
v 28777.6880 -111900.0000 1026.7463
v 28783.1223 -111918.4585 1026.9439
v 28777.6880 -111900.0000 1026.7463
v 28773.4780 -111921.1084 1027.1914
v 28767.2636 -111900.0000 1026.9654
v 28787.9881 -111987.9881 1028.0164
v 28773.4780 -111921.1084 1027.1914
v 28783.2121 -111918.8105 1026.9479
v 28783.1223 -111918.4585 1026.9439
v 28783.2121 -111918.8105 1026.9479
v 28773.4780 -111921.1084 1027.1914
v 28763.8210 -111923.7615 1027.4393
v 28774.9203 -111974.9203 1028.0704
v 28761.8525 -111961.8525 1028.1243
v 28756.8393 -111900.0000 1027.1846
v 28763.7311 -111923.4095 1027.4353
v 28754.0869 -111926.0593 1027.6828
v 28754.0869 -111926.0593 1027.6828
v 28746.4149 -111900.0000 1027.4038
v 28756.8393 -111900.0000 1027.1846
v 28761.8525 -111961.8525 1028.1243
v 28754.0869 -111926.0593 1027.6828
v 28763.8210 -111923.7615 1027.4393
v 28763.7311 -111923.4095 1027.4353
v 28763.8210 -111923.7615 1027.4393
v 28754.0869 -111926.0593 1027.6828
v 28800.0000 -112100.0000 1029.3460
v 28791.5497 -112100.0000 1029.4080
v 28789.2575 -112089.2575 1029.3270
v 28794.7182 -112019.0086 1028.2925
v 28800.0000 -112000.0000 1027.9668
v 28800.0000 -112043.7620 1028.5704
v 28800.0000 -112000.0000 1027.9668
v 28794.7182 -112019.0086 1028.2925
v 28790.5941 -112000.0000 1028.0799
v 28800.0000 -112091.6823 1029.2313
v 28800.0000 -112100.0000 1029.3460
v 28789.2575 -112089.2575 1029.3270
v 28789.2575 -112089.2575 1029.3270
v 28784.9437 -112021.1205 1028.4391
v 28800.0000 -112091.6823 1029.2313
v 28775.1657 -112023.2157 1028.5855
v 28780.3615 -112000.0000 1028.2029
v 28784.9401 -112021.1038 1028.4389
v 28780.3615 -112000.0000 1028.2029
v 28775.1657 -112023.2157 1028.5855
v 28770.1288 -112000.0000 1028.3258
v 28789.2575 -112089.2575 1029.3270
v 28775.1657 -112023.2157 1028.5855
v 28784.9437 -112021.1205 1028.4391
v 28784.9401 -112021.1038 1028.4389
v 28784.9437 -112021.1205 1028.4391
v 28775.1657 -112023.2157 1028.5855
v 28800.0000 -112100.0000 1029.3460
v 28800.0000 -112139.6026 1029.8815
v 28796.0283 -112120.9890 1029.6589
v 28796.0283 -112120.9890 1029.6589
v 28791.5497 -112100.0000 1029.4080
v 28800.0000 -112100.0000 1029.3460
v 28800.0000 -116000.0000 999.7296
v 28785.3795 -116000.0000 999.1782
v 28796.4051 -115996.4051 999.5687
v 28800.0000 -116000.0000 999.7296
v 28796.4051 -115996.4051 999.5687
v 28800.0000 -115995.2330 999.6656
v 28700.0000 -116050.0000 995.9948
v 28711.3703 -116055.6851 996.1605
v 28700.0000 -116059.3924 995.6902
v 28700.0000 -116038.3562 995.9863
v 28720.9932 -116020.9932 996.2716
v 28728.9251 -116028.9251 996.3900
v 28720.9932 -116020.9932 996.2716
v 28700.0000 -116038.3562 995.9863
v 28700.0000 -116027.8380 995.9786
v 28736.8570 -116036.8570 996.5085
v 28744.7889 -116044.7889 996.6269
v 28711.3703 -116055.6851 996.1605
v 28711.3703 -116055.6851 996.1605
v 28700.0000 -116048.8743 995.9940
v 28736.8570 -116036.8570 996.5085
v 28711.3703 -116055.6851 996.1605
v 28700.0000 -116050.0000 995.9948
v 28700.0000 -116048.8743 995.9940
v 28768.7895 -116005.4092 998.4293
v 28728.9251 -116028.9251 996.3900
v 28720.9932 -116020.9932 996.2716
v 28785.3795 -116000.0000 999.1782
v 28800.0000 -116005.7511 999.5986
v 28771.8894 -116014.9166 998.3296
v 28800.0000 -116005.7511 999.5986
v 28785.3795 -116000.0000 999.1782
v 28800.0000 -116000.0000 999.7296
v 28771.8894 -116014.9166 998.3296
v 28728.9251 -116028.9251 996.3900
v 28768.7895 -116005.4092 998.4293
v 28768.7895 -116005.4092 998.4293
v 28785.3795 -116000.0000 999.1782
v 28771.8894 -116014.9166 998.3296
v 28774.9893 -116024.4240 998.2299
v 28800.0000 -116026.7873 999.1193
v 28778.0892 -116033.9314 998.1302
v 28800.0000 -116026.7873 999.1193
v 28774.9893 -116024.4240 998.2299
v 28800.0000 -116016.2692 999.3590
v 28774.9893 -116024.4240 998.2299
v 28744.7889 -116044.7889 996.6269
v 28736.8570 -116036.8570 996.5085
v 28778.0892 -116033.9314 998.1302
v 28744.7889 -116044.7889 996.6269
v 28774.9893 -116024.4240 998.2299
v 28800.8268 -112000.0000 1027.9713
v 28800.0000 -112000.0000 1027.9668
v 28800.0000 -111996.1892 1027.9024
v 28801.7748 -112100.0000 1029.3645
v 28800.0000 -112100.0000 1029.3460
v 28800.0000 -112091.6823 1029.2313
v 28800.0000 -112043.7620 1028.5704
v 28804.4927 -112016.8967 1028.2467
v 28804.4963 -112016.9135 1028.2470
v 28804.4927 -112016.8967 1028.2467
v 28800.0000 -112000.0000 1027.9668
v 28801.0559 -112001.0559 1027.9924
v 28822.2250 -112100.0000 1029.5779
v 28811.9999 -112100.0000 1029.4712
v 28800.0000 -112043.7620 1028.5704
v 28800.0000 -112043.7620 1028.5704
v 28804.4963 -112016.9135 1028.2470
v 28822.2250 -112100.0000 1029.5779
v 28800.0000 -112043.7620 1028.5704
v 28800.0000 -112000.0000 1027.9668
v 28804.4927 -112016.8967 1028.2467
v 28800.0000 -112000.0000 1027.9668
v 28800.8268 -112000.0000 1027.9713
v 28801.0559 -112001.0559 1027.9924
v 28805.8081 -112118.9022 1029.6766
v 28800.0000 -112100.0000 1029.3460
v 28802.2562 -112102.2562 1029.4056
v 28823.1126 -112200.0000 1030.9967
v 28812.8874 -112200.0000 1030.8646
v 28800.0000 -112139.6026 1029.8815
v 28800.0000 -112139.6026 1029.8815
v 28805.8081 -112118.9022 1029.6766
v 28823.1126 -112200.0000 1030.9967
v 28800.0000 -112139.6026 1029.8815
v 28800.0000 -112100.0000 1029.3460
v 28805.8081 -112118.9022 1029.6766
v 28815.5880 -112116.8154 1029.7747
v 28815.2550 -112115.2550 1029.7493
v 28828.2538 -112128.2538 1030.0929
v 28828.2538 -112128.2538 1030.0929
v 28843.5628 -112200.0000 1031.2608
v 28833.3377 -112200.0000 1031.1287
v 28833.3377 -112200.0000 1031.1287
v 28815.5880 -112116.8154 1029.7747
v 28828.2538 -112128.2538 1030.0929
v 28825.3678 -112114.7286 1029.8464
v 28828.2538 -112128.2538 1030.0929
v 28815.2550 -112115.2550 1029.7493
v 28815.2550 -112115.2550 1029.7493
v 28822.2250 -112100.0000 1029.5779
v 28825.3678 -112114.7286 1029.8464
v 28815.2550 -112115.2550 1029.7493
v 28811.9999 -112100.0000 1029.4712
v 28822.2250 -112100.0000 1029.5779
v 28800.0000 -112100.0000 1029.3460
v 28801.7748 -112100.0000 1029.3645
v 28802.2562 -112102.2562 1029.4056
v 28816.8962 -112218.7874 1031.2425
v 28816.3833 -112216.3833 1031.1901
v 28829.3820 -112229.3820 1031.5804
v 28829.3820 -112229.3820 1031.5804
v 28834.2252 -112300.0000 1033.0135
v 28816.8962 -112218.7874 1031.2425
v 28829.3820 -112229.3820 1031.5804
v 28844.4503 -112300.0000 1033.1204
v 28834.2252 -112300.0000 1033.0135
v 28854.6754 -112300.0000 1033.2272
v 28842.3808 -112242.3808 1031.9707
v 28855.3795 -112255.3795 1032.3609
v 28855.3795 -112255.3795 1032.3609
v 28864.9005 -112300.0000 1033.3340
v 28854.6754 -112300.0000 1033.2272
v 28846.2358 -112212.5270 1031.5096
v 28842.3808 -112242.3808 1031.9707
v 28836.4559 -112214.6138 1031.4190
v 28842.3808 -112242.3808 1031.9707
v 28846.2358 -112212.5270 1031.5096
v 28855.3795 -112255.3795 1032.3609
v 28836.4559 -112214.6138 1031.4190
v 28833.3377 -112200.0000 1031.1287
v 28843.5628 -112200.0000 1031.2608
v 28843.5628 -112200.0000 1031.2608
v 28846.2358 -112212.5270 1031.5096
v 28836.4559 -112214.6138 1031.4190
v 28826.6761 -112216.7006 1031.3284
v 28829.3820 -112229.3820 1031.5804
v 28816.3833 -112216.3833 1031.1901
v 28816.3833 -112216.3833 1031.1901
v 28812.8874 -112200.0000 1030.8646
v 28823.1126 -112200.0000 1030.9967
v 28823.1126 -112200.0000 1030.9967
v 28826.6761 -112216.7006 1031.3284
v 28816.3833 -112216.3833 1031.1901
v 28855.5629 -112400.0000 1035.0937
v 28843.5090 -112343.5090 1033.8852
v 28856.5078 -112356.5078 1034.2525
v 28856.5078 -112356.5078 1034.2525
v 28865.7880 -112400.0000 1035.1828
v 28855.5629 -112400.0000 1035.0937
v 28876.0131 -112400.0000 1035.2720
v 28869.5065 -112369.5065 1034.6197
v 28882.5053 -112382.5053 1034.9869
v 28882.5053 -112382.5053 1034.9869
v 28886.2383 -112400.0000 1035.3612
v 28876.0131 -112400.0000 1035.2720
v 28864.9005 -112300.0000 1033.3340
v 28882.5053 -112382.5053 1034.9869
v 28869.5065 -112369.5065 1034.6197
v 28869.5065 -112369.5065 1034.6197
v 28854.6754 -112300.0000 1033.2272
v 28864.9005 -112300.0000 1033.3340
v 28844.4503 -112300.0000 1033.1204
v 28856.5078 -112356.5078 1034.2525
v 28843.5090 -112343.5090 1033.8852
v 28843.5090 -112343.5090 1033.8852
v 28834.2252 -112300.0000 1033.0135
v 28844.4503 -112300.0000 1033.1204
v 28876.9007 -112500.0000 1037.4388
v 28870.6348 -112470.6348 1036.7832
v 28883.6335 -112483.6335 1037.1833
v 28883.6335 -112483.6335 1037.1833
v 28887.1258 -112500.0000 1037.5487
v 28876.9007 -112500.0000 1037.4388
v 28900.0000 -112500.0000 1037.6870
v 28897.3509 -112500.0000 1037.6586
v 28896.6323 -112496.6323 1037.5834
v 28900.0000 -112464.4948 1036.9038
v 28900.0000 -112500.0000 1037.6870
v 28896.6323 -112496.6323 1037.5834
v 28886.2383 -112400.0000 1035.3612
v 28887.9717 -112408.1238 1035.5555
v 28878.1919 -112410.2106 1035.5162
v 28878.1919 -112410.2106 1035.5162
v 28876.0131 -112400.0000 1035.2720
v 28886.2383 -112400.0000 1035.3612
v 28896.6323 -112496.6323 1037.5834
v 28878.1919 -112410.2106 1035.5162
v 28900.0000 -112464.4948 1036.9038
v 28887.9717 -112408.1238 1035.5555
v 28900.0000 -112464.4948 1036.9038
v 28878.1919 -112410.2106 1035.5162
v 28868.4120 -112412.2974 1035.4770
v 28883.6335 -112483.6335 1037.1833
v 28870.6348 -112470.6348 1036.7832
v 28858.6322 -112414.3842 1035.4377
v 28865.7880 -112400.0000 1035.1828
v 28868.4120 -112412.2974 1035.4770
v 28865.7880 -112400.0000 1035.1828
v 28858.6322 -112414.3842 1035.4377
v 28855.5629 -112400.0000 1035.0937
v 28868.4120 -112412.2974 1035.4770
v 28870.6348 -112470.6348 1036.7832
v 28858.6322 -112414.3842 1035.4377
v 28900.0000 -112600.0000 1039.9554
v 28898.2384 -112600.0000 1039.9387
v 28897.7605 -112597.7605 1039.8805
v 28900.0000 -112500.0000 1037.6870
v 28900.0000 -112512.4152 1037.9686
v 28899.0598 -112508.0090 1037.8586
v 28899.0598 -112508.0090 1037.8586
v 28897.3509 -112500.0000 1037.6586
v 28900.0000 -112500.0000 1037.6870
v 28900.0000 -112560.3355 1039.0556
v 28897.7605 -112597.7605 1039.8805
v 28879.5001 -112512.1826 1037.7431
v 28897.7605 -112597.7605 1039.8805
v 28900.0000 -112560.3355 1039.0556
v 28900.0000 -112600.0000 1039.9554
v 28879.5001 -112512.1826 1037.7431
v 28887.1258 -112500.0000 1037.5487
v 28889.2800 -112510.0958 1037.8008
v 28879.5001 -112512.1826 1037.7431
v 28876.9007 -112500.0000 1037.4388
v 28887.1258 -112500.0000 1037.5487
v 28879.5001 -112512.1826 1037.7431
v 28889.2800 -112510.0958 1037.8008
v 28900.0000 -112560.3355 1039.0556
v 28898.2384 -112600.0000 1039.9387
v 28900.0000 -112600.0000 1039.9554
v 28900.0000 -112608.2558 1040.1188
v 28866.9634 -115983.9176 1000.0295
v 28871.8170 -115971.8170 999.9045
v 28879.7489 -115979.7489 1000.0721
v 28817.6386 -116000.0000 999.8655
v 28800.0000 -116000.0000 999.7296
v 28800.0000 -115995.2330 999.6656
v 28863.8635 -115974.4102 999.8780
v 28866.9634 -115983.9176 1000.0295
v 28817.6386 -116000.0000 999.8655
v 28866.9634 -115983.9176 1000.0295
v 28863.8635 -115974.4102 999.8780
v 28871.8170 -115971.8170 999.9045
v 28817.6386 -116000.0000 999.8655
v 28800.0000 -115995.2330 999.6656
v 28863.8635 -115974.4102 999.8780
v 28882.1569 -116000.0000 1000.3624
v 28887.6808 -115987.6808 1000.2396
v 28895.6127 -115995.6127 1000.4072
v 28882.1569 -116000.0000 1000.3624
v 28849.8978 -116000.0000 1000.1139
v 28870.0633 -115993.4250 1000.1810
v 28870.0633 -115993.4250 1000.1810
v 28887.6808 -115987.6808 1000.2396
v 28882.1569 -116000.0000 1000.3624
v 28900.0000 -115983.6641 1000.4778
v 28895.6127 -115995.6127 1000.4072
v 28887.6808 -115987.6808 1000.2396
v 28895.6127 -115995.6127 1000.4072
v 28900.0000 -115983.6641 1000.4778
v 28900.0000 -115994.1823 1000.4920
v 28900.0000 -115962.6279 1000.4495
v 28879.7489 -115979.7489 1000.0721
v 28871.8170 -115971.8170 999.9045
v 28879.7489 -115979.7489 1000.0721
v 28900.0000 -115962.6279 1000.4495
v 28900.0000 -115973.1460 1000.4637
v 28812.2689 -116012.2689 999.5738
v 28800.0000 -116026.7873 999.1193
v 28800.0000 -116016.2692 999.3590
v 28800.0000 -116026.7873 999.1193
v 28812.2689 -116012.2689 999.5738
v 28820.2008 -116020.2008 999.4731
v 28800.0000 -116000.0000 999.7296
v 28804.3370 -116004.3370 999.6745
v 28800.0000 -116005.7511 999.5986
v 28849.8978 -116000.0000 1000.1139
v 28820.2008 -116020.2008 999.4731
v 28812.2689 -116012.2689 999.5738
v 28873.1632 -116002.9324 1000.2333
v 28849.8978 -116000.0000 1000.1139
v 28882.1569 -116000.0000 1000.3624
v 28849.8978 -116000.0000 1000.1139
v 28873.1632 -116002.9324 1000.2333
v 28820.2008 -116020.2008 999.4731
v 28800.0000 -116000.0000 999.7296
v 28817.6386 -116000.0000 999.8655
v 28804.3370 -116004.3370 999.6745
v 28907.5760 -112500.0000 1037.7415
v 28900.0000 -112500.0000 1037.6870
v 28900.0000 -112464.4948 1036.9038
v 28908.4635 -112600.0000 1039.9432
v 28900.0000 -112600.0000 1039.9554
v 28900.0000 -112560.3355 1039.0556
v 28900.0000 -112512.4152 1037.9686
v 28900.0000 -112500.0000 1037.6870
v 28909.6310 -112509.6310 1037.8916
v 28909.6310 -112509.6310 1037.8916
v 28918.6886 -112600.0000 1039.9285
v 28900.0000 -112512.4152 1037.9686
v 28909.6310 -112509.6310 1037.8916
v 28928.9137 -112600.0000 1039.9138
v 28918.6886 -112600.0000 1039.9285
v 28900.0000 -112500.0000 1037.6870
v 28908.8397 -112505.9222 1037.8338
v 28909.6310 -112509.6310 1037.8916
v 28908.8397 -112505.9222 1037.8338
v 28900.0000 -112500.0000 1037.6870
v 28907.5760 -112500.0000 1037.7415
v 28900.0000 -112608.2558 1040.1188
v 28900.0000 -112600.0000 1039.9554
v 28910.7593 -112610.7593 1040.1515
v 28910.7593 -112610.7593 1040.1515
v 28919.5761 -112700.0000 1041.9047
v 28900.0000 -112608.2558 1040.1188
v 28910.7593 -112610.7593 1040.1515
v 28929.8012 -112700.0000 1041.8886
v 28919.5761 -112700.0000 1041.9047
v 28940.0264 -112700.0000 1041.8726
v 28923.7581 -112623.7581 1040.3885
v 28936.7568 -112636.7568 1040.6254
v 28936.7568 -112636.7568 1040.6254
v 28950.2515 -112700.0000 1041.8565
v 28940.0264 -112700.0000 1041.8726
v 28928.9137 -112600.0000 1039.9138
v 28936.7568 -112636.7568 1040.6254
v 28923.7581 -112623.7581 1040.3885
v 28923.7581 -112623.7581 1040.3885
v 28918.6886 -112600.0000 1039.9285
v 28928.9137 -112600.0000 1039.9138
v 28900.0000 -112600.0000 1039.9554
v 28908.4635 -112600.0000 1039.9432
v 28910.7593 -112610.7593 1040.1515
v 28940.9139 -112800.0000 1043.7737
v 28924.8863 -112724.8863 1042.4480
v 28937.8851 -112737.8851 1042.7157
v 28937.8851 -112737.8851 1042.7157
v 28951.1390 -112800.0000 1043.8119
v 28940.9139 -112800.0000 1043.7737
v 28961.3641 -112800.0000 1043.8502
v 28950.8838 -112750.8838 1042.9834
v 28963.8826 -112763.8826 1043.2511
v 28971.4436 -112799.3174 1043.8764
v 28971.5892 -112800.0000 1043.8885
v 28961.3641 -112800.0000 1043.8502
v 28963.8826 -112763.8826 1043.2511
v 28971.4436 -112799.3174 1043.8764
v 28961.3641 -112800.0000 1043.8502
v 28950.2515 -112700.0000 1041.8565
v 28956.2530 -112728.1265 1042.5063
v 28944.8067 -112722.4034 1042.3901
v 28944.8067 -112722.4034 1042.3901
v 28940.0264 -112700.0000 1041.8726
v 28950.2515 -112700.0000 1041.8565
v 28929.8012 -112700.0000 1041.8886
v 28933.3604 -112716.6802 1042.2740
v 28921.9141 -112710.9571 1042.1579
v 28921.9141 -112710.9571 1042.1579
v 28919.5761 -112700.0000 1041.9047
v 28929.8012 -112700.0000 1041.8886
v 28956.2530 -112728.1265 1042.5063
v 28963.8826 -112763.8826 1043.2511
v 28950.8838 -112750.8838 1042.9834
v 28950.8838 -112750.8838 1042.9834
v 28944.8067 -112722.4034 1042.3901
v 28956.2530 -112728.1265 1042.5063
v 28933.3604 -112716.6802 1042.2740
v 28937.8851 -112737.8851 1042.7157
v 28924.8863 -112724.8863 1042.4480
v 28924.8863 -112724.8863 1042.4480
v 28921.9141 -112710.9571 1042.1579
v 28933.3604 -112716.6802 1042.2740
v 28962.2516 -112900.0000 1045.7479
v 28952.0121 -112852.0121 1044.9380
v 28965.0108 -112865.0108 1045.2673
v 28965.0108 -112865.0108 1045.2673
v 28972.4767 -112900.0000 1045.8578
v 28962.2516 -112900.0000 1045.7479
v 28982.5317 -112899.2026 1045.9542
v 28991.0083 -112891.0083 1045.9258
v 28992.3115 -112897.1158 1046.0289
v 28991.0083 -112891.0083 1045.9258
v 28982.5317 -112899.2026 1045.9542
v 28978.0096 -112878.0096 1045.5965
v 28992.3115 -112897.1158 1046.0289
v 28992.9270 -112900.0000 1046.0776
v 28982.7018 -112900.0000 1045.9677
v 28982.7018 -112900.0000 1045.9677
v 28982.5317 -112899.2026 1045.9542
v 28992.3115 -112897.1158 1046.0289
v 28971.5892 -112800.0000 1043.8885
v 28991.0083 -112891.0083 1045.9258
v 28978.0096 -112878.0096 1045.5965
v 28961.6637 -112801.4042 1043.8816
v 28961.3641 -112800.0000 1043.8502
v 28971.5892 -112800.0000 1043.8885
v 28978.0096 -112878.0096 1045.5965
v 28961.6637 -112801.4042 1043.8816
v 28971.5892 -112800.0000 1043.8885
v 28951.8839 -112803.4910 1043.8901
v 28965.0108 -112865.0108 1045.2673
v 28952.0121 -112852.0121 1044.9380
v 28942.1041 -112805.5778 1043.8985
v 28951.1390 -112800.0000 1043.8119
v 28951.8839 -112803.4910 1043.8901
v 28951.1390 -112800.0000 1043.8119
v 28942.1041 -112805.5778 1043.8985
v 28940.9139 -112800.0000 1043.7737
v 28951.8839 -112803.4910 1043.8901
v 28952.0121 -112852.0121 1044.9380
v 28942.1041 -112805.5778 1043.8985
v 28983.5894 -113000.0000 1047.4995
v 28979.1378 -112979.1378 1047.1239
v 28992.1366 -112992.1366 1047.4598
v 28992.1366 -112992.1366 1047.4598
v 28993.8145 -113000.0000 1047.6014
v 28983.5894 -113000.0000 1047.4995
v 28982.7018 -112900.0000 1045.9677
v 29000.0000 -112933.1480 1046.6539
v 29000.0000 -112981.0684 1047.3772
v 29000.0000 -112933.1480 1046.6539
v 28982.7018 -112900.0000 1045.9677
v 28992.9270 -112900.0000 1046.0776
v 28972.7519 -112901.2894 1045.8802
v 28992.1366 -112992.1366 1047.4598
v 28979.1378 -112979.1378 1047.1239
v 28962.9720 -112903.3762 1045.8066
v 28972.4767 -112900.0000 1045.8578
v 28972.7519 -112901.2894 1045.8802
v 28972.4767 -112900.0000 1045.8578
v 28962.9720 -112903.3762 1045.8066
v 28962.2516 -112900.0000 1045.7479
v 28972.7519 -112901.2894 1045.8802
v 28979.1378 -112979.1378 1047.1239
v 28962.9720 -112903.3762 1045.8066
v 28983.5894 -113000.0000 1047.4995
v 29000.0000 -113028.9887 1048.0228
v 29000.0000 -113076.9090 1048.6176
v 29000.0000 -113028.9887 1048.0228
v 28983.5894 -113000.0000 1047.4995
v 28993.8145 -113000.0000 1047.6014
v 28950.0000 -115950.0000 1000.7699
v 28938.7298 -115950.0000 1000.6938
v 28947.2289 -115947.2289 1000.7000
v 28963.0927 -115963.0927 1000.5603
v 28950.0000 -115977.8797 1000.4964
v 28950.0000 -115967.3616 1000.5996
v 28950.0000 -115977.8797 1000.4964
v 28963.0927 -115963.0927 1000.5603
v 28971.0246 -115971.0246 1000.4333
v 28950.0000 -115950.0000 1000.7699
v 28955.1608 -115955.1608 1000.6872
v 28950.0000 -115956.8435 1000.7027
v 28925.3868 -115975.3868 1000.3548
v 28900.0000 -115994.1823 1000.4920
v 28900.0000 -115983.6641 1000.4778
v 28900.0000 -115994.1823 1000.4920
v 28925.3868 -115975.3868 1000.3548
v 28933.3187 -115983.3187 1000.3305
v 28909.5229 -115959.5229 1000.4033
v 28900.0000 -115973.1460 1000.4637
v 28900.0000 -115962.6279 1000.4495
v 28900.0000 -115973.1460 1000.4637
v 28909.5229 -115959.5229 1000.4033
v 28917.4548 -115967.4548 1000.3790
v 28938.7298 -115950.0000 1000.6938
v 28950.0000 -115950.0000 1000.7699
v 28950.0000 -115956.8435 1000.7027
v 28917.4548 -115967.4548 1000.3790
v 28909.5229 -115959.5229 1000.4033
v 28938.7298 -115950.0000 1000.6938
v 28950.0000 -115956.8435 1000.7027
v 28917.4548 -115967.4548 1000.3790
v 28938.7298 -115950.0000 1000.6938
v 28933.3187 -115983.3187 1000.3305
v 28950.0000 -115967.3616 1000.5996
v 28950.0000 -115977.8797 1000.4964
v 28950.0000 -115967.3616 1000.5996
v 28933.3187 -115983.3187 1000.3305
v 28925.3868 -115975.3868 1000.3548
v 28950.0000 -115950.0000 1000.7699
v 28970.9890 -115950.0000 1000.8330
v 28955.1608 -115955.1608 1000.6872
v 28971.0246 -115971.0246 1000.4333
v 29000.0000 -115951.0591 1000.9000
v 29000.0000 -115961.5772 1000.7000
v 29000.0000 -115951.0591 1000.9000
v 28971.0246 -115971.0246 1000.4333
v 28963.0927 -115963.0927 1000.5603
v 28950.0000 -115950.0000 1000.7699
v 28947.2289 -115947.2289 1000.7000
v 28950.0000 -115946.3253 1000.7000
v 28992.8667 -115942.8667 1000.7631
v 29000.0000 -115930.0228 1000.6041
v 29000.0000 -115940.5409 1000.7705
v 29000.0000 -115930.0228 1000.6041
v 28992.8667 -115942.8667 1000.7631
v 28984.9348 -115934.9348 1000.5884
v 28970.9890 -115950.0000 1000.8330
v 28950.0000 -115950.0000 1000.7699
v 28950.0000 -115946.3253 1000.7000
v 28984.9348 -115934.9348 1000.5884
v 28992.8667 -115942.8667 1000.7631
v 28970.9890 -115950.0000 1000.8330
v 28950.0000 -115946.3253 1000.7000
v 28984.9348 -115934.9348 1000.5884
v 28970.9890 -115950.0000 1000.8330
v 29014.2647 -113000.0000 1047.7993
v 29000.0000 -112981.0684 1047.3772
v 29000.0000 -112933.1480 1046.6539
v 29000.0000 -112981.0684 1047.3772
v 29014.2647 -113000.0000 1047.7993
v 29004.0396 -113000.0000 1047.7016
v 29015.1522 -113100.0000 1049.0181
v 29000.0000 -113076.9090 1048.6176
v 29000.0000 -113028.9887 1048.0228
v 29000.0000 -113076.9090 1048.6176
v 29015.1522 -113100.0000 1049.0181
v 29004.9271 -113100.0000 1048.9413
v 29025.3773 -113100.0000 1049.0949
v 29005.1354 -113005.1354 1047.7653
v 29018.1341 -113018.1341 1048.0243
v 29018.1341 -113018.1341 1048.0243
v 29035.6024 -113100.0000 1049.1717
v 29025.3773 -113100.0000 1049.0949
v 29014.2647 -113000.0000 1047.7993
v 29015.9683 -113007.9842 1047.9403
v 29004.5220 -113002.2610 1047.7415
v 29004.5220 -113002.2610 1047.7415
v 29004.0396 -113000.0000 1047.7016
v 29014.2647 -113000.0000 1047.7993
v 29016.9825 -113012.7368 1047.9822
v 29018.1341 -113018.1341 1048.0243
v 29005.1354 -113005.1354 1047.7653
v 29005.1354 -113005.1354 1047.7653
v 29004.8092 -113003.6069 1047.7534
v 29016.9825 -113012.7368 1047.9822
v 29015.9683 -113007.9842 1047.9403
v 29016.9825 -113012.7368 1047.9822
v 29004.8092 -113003.6069 1047.7534
v 29004.8092 -113003.6069 1047.7534
v 29004.5220 -113002.2610 1047.7415
v 29015.9683 -113007.9842 1047.9403
v 29025.5759 -113196.7714 1049.6199
v 29019.2624 -113119.2624 1049.1883
v 29035.3558 -113194.6846 1049.7077
v 29019.2624 -113119.2624 1049.1883
v 29025.5759 -113196.7714 1049.6199
v 29006.2636 -113106.2636 1048.9966
v 29035.3558 -113194.6846 1049.7077
v 29036.4899 -113200.0000 1049.7443
v 29026.2648 -113200.0000 1049.6421
v 29026.2648 -113200.0000 1049.6421
v 29025.5759 -113196.7714 1049.6199
v 29035.3558 -113194.6846 1049.7077
v 29045.1356 -113192.5978 1049.7955
v 29045.2599 -113145.2599 1049.5717
v 29054.9154 -113190.5110 1049.8833
v 29045.2599 -113145.2599 1049.5717
v 29045.1356 -113192.5978 1049.7955
v 29032.2611 -113132.2611 1049.3800
v 29054.9154 -113190.5110 1049.8833
v 29056.9402 -113200.0000 1049.9487
v 29046.7151 -113200.0000 1049.8465
v 29046.7151 -113200.0000 1049.8465
v 29045.1356 -113192.5978 1049.7955
v 29054.9154 -113190.5110 1049.8833
v 29035.6024 -113100.0000 1049.1717
v 29037.6086 -113109.4022 1049.2904
v 29026.8073 -113106.7018 1049.1795
v 29026.8073 -113106.7018 1049.1795
v 29025.3773 -113100.0000 1049.0949
v 29035.6024 -113100.0000 1049.1717
v 29015.1522 -113100.0000 1049.0181
v 29016.0060 -113104.0015 1049.0686
v 29005.2047 -113101.3012 1048.9577
v 29005.2047 -113101.3012 1048.9577
v 29004.9271 -113100.0000 1048.9413
v 29015.1522 -113100.0000 1049.0181
v 29042.3855 -113131.7891 1049.4879
v 29045.2599 -113145.2599 1049.5717
v 29032.2611 -113132.2611 1049.3800
v 29032.2611 -113132.2611 1049.3800
v 29030.2123 -113122.6592 1049.3203
v 29042.3855 -113131.7891 1049.4879
v 29018.0391 -113113.5293 1049.1527
v 29019.2624 -113119.2624 1049.1883
v 29006.2636 -113106.2636 1048.9966
v 29006.2636 -113106.2636 1048.9966
v 29005.8658 -113104.3994 1048.9850
v 29018.0391 -113113.5293 1049.1527
v 29037.6086 -113109.4022 1049.2904
v 29039.8545 -113119.9272 1049.3913
v 29028.4082 -113114.2041 1049.2514
v 29028.4082 -113114.2041 1049.2514
v 29026.8073 -113106.7018 1049.1795
v 29037.6086 -113109.4022 1049.2904
v 29016.0060 -113104.0015 1049.0686
v 29016.9618 -113108.4809 1049.1115
v 29005.5155 -113102.7578 1048.9717
v 29005.5155 -113102.7578 1048.9717
v 29005.2047 -113101.3012 1048.9577
v 29016.0060 -113104.0015 1049.0686
v 29039.8545 -113119.9272 1049.3913
v 29042.3855 -113131.7891 1049.4879
v 29030.2123 -113122.6592 1049.3203
v 29030.2123 -113122.6592 1049.3203
v 29028.4082 -113114.2041 1049.2514
v 29039.8545 -113119.9272 1049.3913
v 29016.9618 -113108.4809 1049.1115
v 29018.0391 -113113.5293 1049.1527
v 29005.8658 -113104.3994 1048.9850
v 29005.8658 -113104.3994 1048.9850
v 29005.5155 -113102.7578 1048.9717
v 29016.9618 -113108.4809 1049.1115
v 29046.4439 -113294.5698 1050.0974
v 29046.3881 -113246.3881 1050.0173
v 29056.2237 -113292.4830 1050.2123
v 29046.3881 -113246.3881 1050.0173
v 29046.4439 -113294.5698 1050.0974
v 29033.3894 -113233.3894 1049.8386
v 29056.2237 -113292.4830 1050.2123
v 29057.8277 -113300.0000 1050.2441
v 29047.6026 -113300.0000 1050.1204
v 29047.6026 -113300.0000 1050.1204
v 29046.4439 -113294.5698 1050.0974
v 29056.2237 -113292.4830 1050.2123
v 29066.0036 -113290.3962 1050.3271
v 29072.3856 -113272.3856 1050.3746
v 29075.7834 -113288.3094 1050.4420
v 29072.3856 -113272.3856 1050.3746
v 29066.0036 -113290.3962 1050.3271
v 29059.3869 -113259.3869 1050.1960
v 29075.7834 -113288.3094 1050.4420
v 29078.2779 -113300.0000 1050.4914
v 29068.0528 -113300.0000 1050.3678
v 29068.0528 -113300.0000 1050.3678
v 29066.0036 -113290.3962 1050.3271
v 29075.7834 -113288.3094 1050.4420
v 29056.9402 -113200.0000 1049.9487
v 29060.1488 -113215.0372 1050.0395
v 29049.3475 -113212.3369 1049.9210
v 29049.3475 -113212.3369 1049.9210
v 29046.7151 -113200.0000 1049.8465
v 29056.9402 -113200.0000 1049.9487
v 29036.4899 -113200.0000 1049.7443
v 29038.5462 -113209.6365 1049.8025
v 29027.7449 -113206.9362 1049.6840
v 29027.7449 -113206.9362 1049.6840
v 29026.2648 -113200.0000 1049.6421
v 29036.4899 -113200.0000 1049.7443
v 29067.7886 -113250.8414 1050.2557
v 29072.3856 -113272.3856 1050.3746
v 29059.3869 -113259.3869 1050.1960
v 29059.3869 -113259.3869 1050.1960
v 29055.6154 -113241.7115 1050.0984
v 29067.7886 -113250.8414 1050.2557
v 29043.4421 -113232.5816 1049.9411
v 29046.3881 -113246.3881 1050.0173
v 29033.3894 -113233.3894 1049.8386
v 29033.3894 -113233.3894 1049.8386
v 29031.2689 -113223.4517 1049.7838
v 29043.4421 -113232.5816 1049.9411
v 29060.1488 -113215.0372 1050.0395
v 29063.7406 -113231.8703 1050.1411
v 29052.2943 -113226.1471 1050.0044
v 29052.2943 -113226.1471 1050.0044
v 29049.3475 -113212.3369 1049.9210
v 29060.1488 -113215.0372 1050.0395
v 29038.5462 -113209.6365 1049.8025
v 29040.8480 -113220.4240 1049.8677
v 29029.4017 -113214.7008 1049.7309
v 29029.4017 -113214.7008 1049.7309
v 29027.7449 -113206.9362 1049.6840
v 29038.5462 -113209.6365 1049.8025
v 29063.7406 -113231.8703 1050.1411
v 29067.7886 -113250.8414 1050.2557
v 29055.6154 -113241.7115 1050.0984
v 29055.6154 -113241.7115 1050.0984
v 29052.2943 -113226.1471 1050.0044
v 29063.7406 -113231.8703 1050.1411
v 29040.8480 -113220.4240 1049.8677
v 29043.4421 -113232.5816 1049.9411
v 29031.2689 -113223.4517 1049.7838
v 29031.2689 -113223.4517 1049.7838
v 29029.4017 -113214.7008 1049.7309
v 29040.8480 -113220.4240 1049.8677
v 29068.9403 -113400.0000 1049.8391
v 29060.5151 -113360.5151 1049.8523
v 29073.5139 -113373.5139 1049.9184
v 29073.5139 -113373.5139 1049.9184
v 29079.1654 -113400.0000 1049.9096
v 29068.9403 -113400.0000 1049.8391
v 29089.3905 -113400.0000 1049.9800
v 29086.5126 -113386.5126 1049.9845
v 29099.5114 -113399.5114 1050.0506
v 29099.5114 -113399.5114 1050.0506
v 29099.6157 -113400.0000 1050.0504
v 29089.3905 -113400.0000 1049.9800
v 29078.2779 -113300.0000 1050.4914
v 29099.5114 -113399.5114 1050.0506
v 29086.5126 -113386.5126 1049.9845
v 29086.5126 -113386.5126 1049.9845
v 29068.0528 -113300.0000 1050.3678
v 29078.2779 -113300.0000 1050.4914
v 29057.8277 -113300.0000 1050.2441
v 29073.5139 -113373.5139 1049.9184
v 29060.5151 -113360.5151 1049.8523
v 29060.5151 -113360.5151 1049.8523
v 29047.6026 -113300.0000 1050.1204
v 29057.8277 -113300.0000 1050.2441
v 29100.0000 -113500.0000 1048.6461
v 29088.1798 -113490.1666 1048.7269
v 29087.6409 -113487.6409 1048.7348
v 29088.1798 -113490.1666 1048.7269
v 29100.0000 -113500.0000 1048.6461
v 29090.2780 -113500.0000 1048.6957
v 29089.3905 -113400.0000 1049.9800
v 29100.0000 -113401.8012 1050.0277
v 29100.0000 -113449.7216 1049.3535
v 29100.0000 -113401.8012 1050.0277
v 29089.3905 -113400.0000 1049.9800
v 29099.6157 -113400.0000 1050.0504
v 29100.0000 -113497.6419 1048.6793
v 29100.0000 -113500.0000 1048.6461
v 29087.6409 -113487.6409 1048.7348
v 29087.6409 -113487.6409 1048.7348
v 29097.9597 -113488.0798 1048.7997
v 29100.0000 -113497.6419 1048.6793
v 29087.6409 -113487.6409 1048.7348
v 29068.9403 -113400.0000 1049.8391
v 29079.1654 -113400.0000 1049.9096
v 29079.1654 -113400.0000 1049.9096
v 29097.9597 -113488.0798 1048.7997
v 29087.6409 -113487.6409 1048.7348
v 29090.2780 -113500.0000 1048.6957
v 29100.0000 -113500.0000 1048.6461
v 29100.0000 -113545.5622 1047.3932
v 29001.2821 -115950.6410 1000.9000
v 29000.0000 -115961.5772 1000.7000
v 29000.0000 -115951.0591 1000.9000
v 29000.0000 -115961.5772 1000.7000
v 29001.2821 -115950.6410 1000.9000
v 29014.0151 -115957.0075 1000.7000
v 29000.0000 -115940.5409 1000.7705
v 29022.6408 -115922.6408 999.9526
v 29030.5727 -115930.5727 999.8907
v 29022.6408 -115922.6408 999.9526
v 29000.0000 -115940.5409 1000.7705
v 29000.0000 -115930.0228 1000.6041
v 29014.0151 -115957.0075 1000.7000
v 29038.5046 -115938.5046 999.8289
v 29046.4365 -115946.4365 999.7671
v 29038.5046 -115938.5046 999.8289
v 29014.0151 -115957.0075 1000.7000
v 29001.2821 -115950.6410 1000.9000
v 29030.5727 -115930.5727 999.8907
v 29049.9870 -115913.7245 1000.2469
v 29053.3572 -115923.1438 1000.1360
v 29049.9870 -115913.7245 1000.2469
v 29030.5727 -115930.5727 999.8907
v 29022.6408 -115922.6408 999.9526
v 29046.4365 -115946.4365 999.7671
v 29056.7275 -115932.5630 1000.0250
v 29060.0977 -115941.9823 999.9141
v 29056.7275 -115932.5630 1000.0250
v 29046.4365 -115946.4365 999.7671
v 29038.5046 -115938.5046 999.8289
v 29100.5032 -113500.0000 1048.6545
v 29100.0000 -113500.0000 1048.6461
v 29100.0000 -113497.6419 1048.6793
v 29117.5194 -113483.9062 1049.1643
v 29100.0000 -113449.7216 1049.3535
v 29100.0000 -113401.8012 1050.0277
v 29117.5194 -113483.9062 1049.1643
v 29110.7283 -113500.0000 1048.8247
v 29107.7395 -113485.9930 1048.9720
v 29110.7283 -113500.0000 1048.8247
v 29117.5194 -113483.9062 1049.1643
v 29120.9534 -113500.0000 1048.9950
v 29107.7395 -113485.9930 1048.9720
v 29100.0000 -113449.7216 1049.3535
v 29117.5194 -113483.9062 1049.1643
v 29100.0000 -113545.5622 1047.3932
v 29100.0000 -113500.0000 1048.6461
v 29100.6397 -113500.6397 1048.6336
v 29111.6158 -113600.0000 1045.9885
v 29109.0478 -113587.9650 1046.2991
v 29118.8276 -113585.8782 1046.4341
v 29118.8276 -113585.8782 1046.4341
v 29121.8409 -113600.0000 1046.0696
v 29111.6158 -113600.0000 1045.9885
v 29100.6397 -113500.6397 1048.6336
v 29118.8276 -113585.8782 1046.4341
v 29100.0000 -113545.5622 1047.3932
v 29109.0478 -113587.9650 1046.2991
v 29100.0000 -113545.5622 1047.3932
v 29118.8276 -113585.8782 1046.4341
v 29128.6075 -113583.7915 1046.5690
v 29126.6372 -113526.6372 1048.1250
v 29138.3873 -113581.7047 1046.7040
v 29126.6372 -113526.6372 1048.1250
v 29128.6075 -113583.7915 1046.5690
v 29113.6384 -113513.6384 1048.3793
v 29138.3873 -113581.7047 1046.7040
v 29142.2911 -113600.0000 1046.2319
v 29132.0660 -113600.0000 1046.1508
v 29132.0660 -113600.0000 1046.1508
v 29128.6075 -113583.7915 1046.5690
v 29138.3873 -113581.7047 1046.7040
v 29120.9534 -113500.0000 1048.9950
v 29123.4559 -113511.7279 1048.6244
v 29112.0096 -113506.0048 1048.6350
v 29112.0096 -113506.0048 1048.6350
v 29110.7283 -113500.0000 1048.8247
v 29120.9534 -113500.0000 1048.9950
v 29100.0000 -113500.0000 1048.6461
v 29100.5032 -113500.0000 1048.6545
v 29100.5633 -113500.2816 1048.6456
v 29123.4559 -113511.7279 1048.6244
v 29126.6372 -113526.6372 1048.1250
v 29113.6384 -113513.6384 1048.3793
v 29113.6384 -113513.6384 1048.3793
v 29112.0096 -113506.0048 1048.6350
v 29123.4559 -113511.7279 1048.6244
v 29100.0000 -113500.0000 1048.6461
v 29100.5633 -113500.2816 1048.6456
v 29100.6397 -113500.6397 1048.6336
v 29132.9535 -113700.0000 1043.1617
v 29114.7667 -113614.7667 1045.5429
v 29127.7654 -113627.7654 1045.2318
v 29127.7654 -113627.7654 1045.2318
v 29143.1786 -113700.0000 1043.2137
v 29132.9535 -113700.0000 1043.1617
v 29153.4038 -113700.0000 1043.2657
v 29140.7642 -113640.7642 1044.9206
v 29153.7629 -113653.7629 1044.6095
v 29153.7629 -113653.7629 1044.6095
v 29163.6289 -113700.0000 1043.3178
v 29153.4038 -113700.0000 1043.2657
v 29142.2911 -113600.0000 1046.2319
v 29147.3420 -113623.6710 1045.4786
v 29135.8957 -113617.9478 1045.5796
v 29135.8957 -113617.9478 1045.5796
v 29132.0660 -113600.0000 1046.1508
v 29142.2911 -113600.0000 1046.2319
v 29121.8409 -113600.0000 1046.0696
v 29124.4494 -113612.2247 1045.6806
v 29113.0031 -113606.5015 1045.7816
v 29113.0031 -113606.5015 1045.7816
v 29111.6158 -113600.0000 1045.9885
v 29121.8409 -113600.0000 1046.0696
v 29147.3420 -113623.6710 1045.4786
v 29153.7629 -113653.7629 1044.6095
v 29140.7642 -113640.7642 1044.9206
v 29140.7642 -113640.7642 1044.9206
v 29135.8957 -113617.9478 1045.5796
v 29147.3420 -113623.6710 1045.4786
v 29124.4494 -113612.2247 1045.6806
v 29127.7654 -113627.7654 1045.2318
v 29114.7667 -113614.7667 1045.5429
v 29114.7667 -113614.7667 1045.5429
v 29113.0031 -113606.5015 1045.7816
v 29124.4494 -113612.2247 1045.6806
v 29154.2913 -113800.0000 1040.7709
v 29141.8924 -113741.8924 1042.0610
v 29154.8912 -113754.8912 1041.7715
v 29154.8912 -113754.8912 1041.7715
v 29164.5164 -113800.0000 1040.7700
v 29154.2913 -113800.0000 1040.7709
v 29174.7415 -113800.0000 1040.7690
v 29167.8899 -113767.8899 1041.4819
v 29180.8887 -113780.8887 1041.1924
v 29180.8887 -113780.8887 1041.1924
v 29184.9666 -113800.0000 1040.7681
v 29174.7415 -113800.0000 1040.7690
v 29163.6289 -113700.0000 1043.3178
v 29171.2281 -113735.6141 1042.5217
v 29159.7818 -113729.8909 1042.5976
v 29159.7818 -113729.8909 1042.5976
v 29153.4038 -113700.0000 1043.2657
v 29163.6289 -113700.0000 1043.3178
v 29143.1786 -113700.0000 1043.2137
v 29148.3355 -113724.1677 1042.6735
v 29136.8892 -113718.4446 1042.7494
v 29136.8892 -113718.4446 1042.7494
v 29132.9535 -113700.0000 1043.1617
v 29143.1786 -113700.0000 1043.2137
v 29171.2281 -113735.6141 1042.5217
v 29180.8887 -113780.8887 1041.1924
v 29167.8899 -113767.8899 1041.4819
v 29167.8899 -113767.8899 1041.4819
v 29159.7818 -113729.8909 1042.5976
v 29171.2281 -113735.6141 1042.5217
v 29148.3355 -113724.1677 1042.6735
v 29154.8912 -113754.8912 1041.7715
v 29141.8924 -113741.8924 1042.0610
v 29141.8924 -113741.8924 1042.0610
v 29136.8892 -113718.4446 1042.7494
v 29148.3355 -113724.1677 1042.6735
v 29171.6517 -113881.3603 1037.8167
v 29169.0182 -113869.0182 1038.1862
v 29182.0169 -113882.0169 1037.6985
v 29182.0169 -113882.0169 1037.6985
v 29175.6290 -113900.0000 1037.2586
v 29171.6517 -113881.3603 1037.8167
v 29182.0169 -113882.0169 1037.6985
v 29185.8541 -113900.0000 1037.1601
v 29175.6290 -113900.0000 1037.2586
v 29200.0000 -113900.0000 1037.0238
v 29196.0792 -113900.0000 1037.0615
v 29195.0157 -113895.0157 1037.2108
v 29184.9666 -113800.0000 1040.7681
v 29195.1142 -113847.5571 1039.1381
v 29183.6679 -113841.8340 1039.3352
v 29183.6679 -113841.8340 1039.3352
v 29174.7415 -113800.0000 1040.7690
v 29184.9666 -113800.0000 1040.7681
v 29164.5164 -113800.0000 1040.7700
v 29172.2216 -113836.1108 1039.5323
v 29160.7753 -113830.3877 1039.7294
v 29160.7753 -113830.3877 1039.7294
v 29154.2913 -113800.0000 1040.7709
v 29164.5164 -113800.0000 1040.7700
v 29191.2114 -113877.1867 1037.9230
v 29183.6679 -113841.8340 1039.3352
v 29195.1142 -113847.5571 1039.1381
v 29200.0000 -113870.4544 1038.2234
v 29200.0000 -113900.0000 1037.0238
v 29195.0157 -113895.0157 1037.2108
v 29195.1142 -113847.5571 1039.1381
v 29200.0000 -113870.4544 1038.2234
v 29191.2114 -113877.1867 1037.9230
v 29195.0157 -113895.0157 1037.2108
v 29191.2114 -113877.1867 1037.9230
v 29200.0000 -113870.4544 1038.2234
v 29181.4315 -113879.2735 1037.8081
v 29182.0169 -113882.0169 1037.6985
v 29169.0182 -113869.0182 1038.1862
v 29169.0182 -113869.0182 1038.1862
v 29172.2216 -113836.1108 1039.5323
v 29181.4315 -113879.2735 1037.8081
v 29169.0182 -113869.0182 1038.1862
v 29160.7753 -113830.3877 1039.7294
v 29172.2216 -113836.1108 1039.5323
v 29200.0000 -114000.0000 1033.5081
v 29196.9667 -114000.0000 1033.5735
v 29196.1440 -113996.1440 1033.6809
v 29196.0792 -113900.0000 1037.0615
v 29200.0000 -113900.0000 1037.0238
v 29200.0000 -113918.3748 1036.3778
v 29200.0000 -114000.0000 1033.5081
v 29196.1440 -113996.1440 1033.6809
v 29192.5197 -113979.1587 1034.3129
v 29192.5197 -113979.1587 1034.3129
v 29200.0000 -113966.2951 1034.6931
v 29200.0000 -114000.0000 1033.5081
v 29200.0000 -113966.2951 1034.6931
v 29175.6290 -113900.0000 1037.2586
v 29185.8541 -113900.0000 1037.1601
v 29192.5197 -113979.1587 1034.3129
v 29175.6290 -113900.0000 1037.2586
v 29200.0000 -113966.2951 1034.6931
v 29196.9667 -114000.0000 1033.5735
v 29200.0000 -114000.0000 1033.5081
v 29200.0000 -114014.2154 1032.9212
v 29200.9912 -113875.0999 1038.0309
v 29200.0000 -113900.0000 1037.0238
v 29200.0000 -113870.4544 1038.2234
v 29200.0000 -113900.0000 1037.0238
v 29200.9912 -113875.0999 1038.0309
v 29206.3044 -113900.0000 1036.9991
v 29214.3541 -113985.6459 1033.9567
v 29227.6421 -114000.0000 1033.6626
v 29217.4170 -114000.0000 1033.6054
v 29227.6421 -114000.0000 1033.6626
v 29214.3541 -113985.6459 1033.9567
v 29222.7811 -113977.2189 1034.2200
v 29200.0000 -114000.0000 1033.5081
v 29205.9271 -113994.0729 1033.6934
v 29207.1919 -114000.0000 1033.5483
v 29222.7811 -113977.2189 1034.2200
v 29214.3541 -113985.6459 1033.9567
v 29212.0794 -113974.9851 1034.3404
v 29212.0794 -113974.9851 1034.3404
v 29221.8592 -113972.8983 1034.3755
v 29222.7811 -113977.2189 1034.2200
v 29200.0000 -113918.3748 1036.3778
v 29200.0000 -113900.0000 1037.0238
v 29208.0145 -113908.0145 1036.7107
v 29221.8592 -113972.8983 1034.3755
v 29212.0794 -113974.9851 1034.3404
v 29200.0000 -113918.3748 1036.3778
v 29200.0000 -113918.3748 1036.3778
v 29208.0145 -113908.0145 1036.7107
v 29221.8592 -113972.8983 1034.3755
v 29200.0000 -114000.0000 1033.5081
v 29202.2995 -113977.0719 1034.3052
v 29205.9271 -113994.0729 1033.6934
v 29202.2995 -113977.0719 1034.3052
v 29200.0000 -114000.0000 1033.5081
v 29200.0000 -113966.2951 1034.6931
v 29200.0000 -113900.0000 1037.0238
v 29206.3044 -113900.0000 1036.9991
v 29208.0145 -113908.0145 1036.7107
v 29200.0000 -114014.2154 1032.9212
v 29200.0000 -114000.0000 1033.5081
v 29209.1427 -114009.1427 1032.9604
v 29228.5296 -114100.0000 1028.8479
v 29218.3045 -114100.0000 1029.0383
v 29200.0000 -114014.2154 1032.9212
v 29200.0000 -114014.2154 1032.9212
v 29209.1427 -114009.1427 1032.9604
v 29228.5296 -114100.0000 1028.8479
v 29238.7547 -114100.0000 1028.6574
v 29222.1415 -114022.1415 1032.1816
v 29235.1402 -114035.1402 1031.4028
v 29235.1402 -114035.1402 1031.4028
v 29248.9798 -114100.0000 1028.4670
v 29238.7547 -114100.0000 1028.6574
v 29227.6421 -114000.0000 1033.6626
v 29229.1997 -114007.2999 1033.0724
v 29218.3984 -114004.5996 1033.2336
v 29218.3984 -114004.5996 1033.2336
v 29217.4170 -114000.0000 1033.6054
v 29227.6421 -114000.0000 1033.6626
v 29200.0000 -114000.0000 1033.5081
v 29207.1919 -114000.0000 1033.5483
v 29207.5971 -114001.8993 1033.3948
v 29232.9085 -114024.6814 1032.0651
v 29235.1402 -114035.1402 1031.4028
v 29222.1415 -114022.1415 1032.1816
v 29222.1415 -114022.1415 1032.1816
v 29220.7353 -114015.5515 1032.5989
v 29232.9085 -114024.6814 1032.0651
v 29200.0000 -114000.0000 1033.5081
v 29208.5621 -114006.4216 1033.1327
v 29209.1427 -114009.1427 1032.9604
v 29229.1997 -114007.2999 1033.0724
v 29230.9434 -114015.4717 1032.6371
v 29219.4971 -114009.7485 1032.9593
v 29219.4971 -114009.7485 1032.9593
v 29218.3984 -114004.5996 1033.2336
v 29229.1997 -114007.2999 1033.0724
v 29200.0000 -114000.0000 1033.5081
v 29207.5971 -114001.8993 1033.3948
v 29208.0508 -114004.0254 1033.2815
v 29230.9434 -114015.4717 1032.6371
v 29232.9085 -114024.6814 1032.0651
v 29220.7353 -114015.5515 1032.5989
v 29220.7353 -114015.5515 1032.5989
v 29219.4971 -114009.7485 1032.9593
v 29230.9434 -114015.4717 1032.6371
v 29200.0000 -114000.0000 1033.5081
v 29208.0508 -114004.0254 1033.2815
v 29208.5621 -114006.4216 1033.1327
v 29234.2556 -114174.7555 1025.7877
v 29236.2685 -114136.2685 1027.1926
v 29244.0355 -114172.6687 1025.6453
v 29236.2685 -114136.2685 1027.1926
v 29234.2556 -114174.7555 1025.7877
v 29223.2697 -114123.2697 1027.9762
v 29244.0355 -114172.6687 1025.6453
v 29249.8673 -114200.0000 1024.4835
v 29239.6422 -114200.0000 1024.7147
v 29239.6422 -114200.0000 1024.7147
v 29234.2556 -114174.7555 1025.7877
v 29244.0355 -114172.6687 1025.6453
v 29253.8153 -114170.5819 1025.5028
v 29262.2660 -114162.2660 1025.6252
v 29263.5951 -114168.4951 1025.3604
v 29262.2660 -114162.2660 1025.6252
v 29253.8153 -114170.5819 1025.5028
v 29249.2672 -114149.2672 1026.4089
v 29263.5951 -114168.4951 1025.3604
v 29270.3176 -114200.0000 1024.0212
v 29260.0925 -114200.0000 1024.2524
v 29260.0925 -114200.0000 1024.2524
v 29253.8153 -114170.5819 1025.5028
v 29263.5951 -114168.4951 1025.3604
v 29248.9798 -114100.0000 1028.4670
v 29251.7399 -114112.9350 1027.9013
v 29240.9386 -114110.2346 1028.2098
v 29240.9386 -114110.2346 1028.2098
v 29238.7547 -114100.0000 1028.6574
v 29248.9798 -114100.0000 1028.4670
v 29228.5296 -114100.0000 1028.8479
v 29230.1373 -114107.5343 1028.5183
v 29219.3359 -114104.8340 1028.8269
v 29219.3359 -114104.8340 1028.8269
v 29218.3045 -114100.0000 1029.0383
v 29228.5296 -114100.0000 1028.8479
v 29258.3116 -114143.7337 1026.4608
v 29262.2660 -114162.2660 1025.6252
v 29249.2672 -114149.2672 1026.4089
v 29249.2672 -114149.2672 1026.4089
v 29246.1384 -114134.6038 1027.0700
v 29258.3116 -114143.7337 1026.4608
v 29233.9651 -114125.4739 1027.6793
v 29236.2685 -114136.2685 1027.1926
v 29223.2697 -114123.2697 1027.9762
v 29223.2697 -114123.2697 1027.9762
v 29221.7919 -114116.3439 1028.2885
v 29233.9651 -114125.4739 1027.6793
v 29251.7399 -114112.9350 1027.9013
v 29254.8295 -114127.4148 1027.2240
v 29243.3832 -114121.6916 1027.6739
v 29243.3832 -114121.6916 1027.6739
v 29240.9386 -114110.2346 1028.2098
v 29251.7399 -114112.9350 1027.9013
v 29230.1373 -114107.5343 1028.5183
v 29231.9369 -114115.9685 1028.1238
v 29220.4906 -114110.2453 1028.5738
v 29220.4906 -114110.2453 1028.5738
v 29219.3359 -114104.8340 1028.8269
v 29230.1373 -114107.5343 1028.5183
v 29254.8295 -114127.4148 1027.2240
v 29258.3116 -114143.7337 1026.4608
v 29246.1384 -114134.6038 1027.0700
v 29246.1384 -114134.6038 1027.0700
v 29243.3832 -114121.6916 1027.6739
v 29254.8295 -114127.4148 1027.2240
v 29231.9369 -114115.9685 1028.1238
v 29233.9651 -114125.4739 1027.6793
v 29221.7919 -114116.3439 1028.2885
v 29221.7919 -114116.3439 1028.2885
v 29220.4906 -114110.2453 1028.5738
v 29231.9369 -114115.9685 1028.1238
v 29255.1236 -114272.5539 1021.3596
v 29263.3942 -114263.3942 1021.5528
v 29264.9034 -114270.4671 1021.2255
v 29263.3942 -114263.3942 1021.5528
v 29255.1236 -114272.5539 1021.3596
v 29250.3955 -114250.3955 1022.3849
v 29264.9034 -114270.4671 1021.2255
v 29271.2051 -114300.0000 1019.8590
v 29260.9800 -114300.0000 1020.0896
v 29260.9800 -114300.0000 1020.0896
v 29255.1236 -114272.5539 1021.3596
v 29264.9034 -114270.4671 1021.2255
v 29281.4302 -114300.0000 1019.6284
v 29276.3930 -114276.3930 1020.7207
v 29289.3918 -114289.3918 1019.8887
v 29289.3918 -114289.3918 1019.8887
v 29291.6553 -114300.0000 1019.3978
v 29281.4302 -114300.0000 1019.6284
v 29270.3176 -114200.0000 1024.0212
v 29278.7156 -114239.3578 1022.2366
v 29267.2693 -114233.6347 1022.7273
v 29267.2693 -114233.6347 1022.7273
v 29260.0925 -114200.0000 1024.2524
v 29270.3176 -114200.0000 1024.0212
v 29249.8673 -114200.0000 1024.4835
v 29255.8230 -114227.9115 1023.2179
v 29244.3767 -114222.1884 1023.7086
v 29244.3767 -114222.1884 1023.7086
v 29239.6422 -114200.0000 1024.7147
v 29249.8673 -114200.0000 1024.4835
v 29284.4631 -114266.2935 1020.9726
v 29289.3918 -114289.3918 1019.8887
v 29276.3930 -114276.3930 1020.7207
v 29274.6833 -114268.3803 1021.0968
v 29278.7156 -114239.3578 1022.2366
v 29284.4631 -114266.2935 1020.9726
v 29278.7156 -114239.3578 1022.2366
v 29274.6833 -114268.3803 1021.0968
v 29267.2693 -114233.6347 1022.7273
v 29276.3930 -114276.3930 1020.7207
v 29274.6833 -114268.3803 1021.0968
v 29284.4631 -114266.2935 1020.9726
v 29255.8230 -114227.9115 1023.2179
v 29263.3942 -114263.3942 1021.5528
v 29250.3955 -114250.3955 1022.3849
v 29250.3955 -114250.3955 1022.3849
v 29244.3767 -114222.1884 1023.7086
v 29255.8230 -114227.9115 1023.2179
v 29282.3177 -114400.0000 1014.7568
v 29277.5212 -114377.5212 1015.9056
v 29290.5200 -114390.5200 1014.9734
v 29290.5200 -114390.5200 1014.9734
v 29292.5428 -114400.0000 1014.4890
v 29282.3177 -114400.0000 1014.7568
v 29281.4302 -114300.0000 1019.6284
v 29300.0000 -114339.1076 1017.2871
v 29300.0000 -114387.0280 1014.9313
v 29300.0000 -114339.1076 1017.2871
v 29281.4302 -114300.0000 1019.6284
v 29291.6553 -114300.0000 1019.3978
v 29271.2051 -114300.0000 1019.8590
v 29290.5200 -114390.5200 1014.9734
v 29277.5212 -114377.5212 1015.9056
v 29277.5212 -114377.5212 1015.9056
v 29260.9800 -114300.0000 1020.0896
v 29271.2051 -114300.0000 1019.8590
v 29282.3177 -114400.0000 1014.7568
v 29300.0000 -114434.9483 1012.3467
v 29300.0000 -114482.8686 1009.6771
v 29300.0000 -114434.9483 1012.3467
v 29282.3177 -114400.0000 1014.7568
v 29292.5428 -114400.0000 1014.4890
v 29312.1303 -114395.9566 1014.3357
v 29312.9931 -114400.0000 1014.2457
v 29302.7679 -114400.0000 1014.2834
v 29302.7679 -114400.0000 1014.2834
v 29302.5841 -114399.1386 1014.3026
v 29312.1303 -114395.9566 1014.3357
v 29300.0000 -114387.0280 1014.9313
v 29310.7082 -114389.2918 1014.7594
v 29302.2812 -114397.7188 1014.3928
v 29310.7082 -114389.2918 1014.7594
v 29300.0000 -114387.0280 1014.9313
v 29300.0000 -114339.1076 1017.2871
v 29302.2812 -114397.7188 1014.3928
v 29312.1303 -114395.9566 1014.3357
v 29302.5841 -114399.1386 1014.3026
v 29312.1303 -114395.9566 1014.3357
v 29302.2812 -114397.7188 1014.3928
v 29310.7082 -114389.2918 1014.7594
v 29313.8806 -114500.0000 1008.5830
v 29300.0000 -114482.8686 1009.6771
v 29300.0000 -114434.9483 1012.3467
v 29300.0000 -114482.8686 1009.6771
v 29313.8806 -114500.0000 1008.5830
v 29303.6554 -114500.0000 1008.6859
v 29324.1057 -114500.0000 1008.4801
v 29303.5188 -114403.5188 1014.0622
v 29316.5175 -114416.5175 1013.2071
v 29316.5175 -114416.5175 1013.2071
v 29334.3308 -114500.0000 1008.3771
v 29324.1057 -114500.0000 1008.4801
v 29312.9931 -114400.0000 1014.2457
v 29314.5448 -114407.2724 1013.7470
v 29303.0985 -114401.5493 1014.1772
v 29303.0985 -114401.5493 1014.1772
v 29302.7679 -114400.0000 1014.2834
v 29312.9931 -114400.0000 1014.2457
v 29314.5448 -114407.2724 1013.7470
v 29316.5175 -114416.5175 1013.2071
v 29303.5188 -114403.5188 1014.0622
v 29303.5188 -114403.5188 1014.0622
v 29303.0985 -114401.5493 1014.1772
v 29314.5448 -114407.2724 1013.7470
v 29317.7511 -114566.0598 1006.1347
v 29304.6470 -114504.6470 1008.5241
v 29317.6458 -114517.6458 1007.9683
v 29325.7997 -114600.0000 1004.8102
v 29317.7760 -114566.1703 1006.1304
v 29327.5191 -114563.9177 1006.1680
v 29327.5191 -114563.9177 1006.1680
v 29336.0771 -114600.0000 1004.7599
v 29325.7997 -114600.0000 1004.8102
v 29317.6458 -114517.6458 1007.9683
v 29327.5191 -114563.9177 1006.1680
v 29317.7511 -114566.0598 1006.1347
v 29317.7760 -114566.1703 1006.1304
v 29317.7511 -114566.0598 1006.1347
v 29327.5191 -114563.9177 1006.1680
v 29337.2635 -114561.6647 1006.2056
v 29330.6445 -114530.6445 1007.4125
v 29343.6433 -114543.6433 1006.8567
v 29346.3545 -114600.0000 1004.7096
v 29337.2884 -114561.7752 1006.2013
v 29347.0316 -114559.5226 1006.2389
v 29347.0316 -114559.5226 1006.2389
v 29356.6319 -114600.0000 1004.6593
v 29346.3545 -114600.0000 1004.7096
v 29343.6433 -114543.6433 1006.8567
v 29347.0316 -114559.5226 1006.2389
v 29337.2635 -114561.6647 1006.2056
v 29337.2884 -114561.7752 1006.2013
v 29337.2635 -114561.6647 1006.2056
v 29347.0316 -114559.5226 1006.2389
v 29334.3308 -114500.0000 1008.3771
v 29338.4309 -114519.2155 1007.6498
v 29326.9846 -114513.4923 1007.9693
v 29326.9846 -114513.4923 1007.9693
v 29324.1057 -114500.0000 1008.4801
v 29334.3308 -114500.0000 1008.3771
v 29313.8806 -114500.0000 1008.5830
v 29315.5383 -114507.7692 1008.2889
v 29304.0920 -114502.0460 1008.6085
v 29304.0920 -114502.0460 1008.6085
v 29303.6554 -114500.0000 1008.6859
v 29313.8806 -114500.0000 1008.5830
v 29338.4309 -114519.2155 1007.6498
v 29343.6433 -114543.6433 1006.8567
v 29330.6445 -114530.6445 1007.4125
v 29330.6445 -114530.6445 1007.4125
v 29326.9846 -114513.4923 1007.9693
v 29338.4309 -114519.2155 1007.6498
v 29315.5383 -114507.7692 1008.2889
v 29317.6458 -114517.6458 1007.9683
v 29304.6470 -114504.6470 1008.5241
v 29304.6470 -114504.6470 1008.5241
v 29304.0920 -114502.0460 1008.6085
v 29315.5383 -114507.7692 1008.2889
v 29340.8872 -114663.6128 1003.1727
v 29333.8213 -114633.8213 1003.9261
v 29347.2942 -114647.2942 1003.5235
v 29349.8402 -114700.0000 1002.2506
v 29340.8971 -114663.6535 1003.1717
v 29350.6124 -114661.2846 1003.1698
v 29350.6124 -114661.2846 1003.1698
v 29360.1384 -114700.0000 1002.1887
v 29349.8402 -114700.0000 1002.2506
v 29347.2942 -114647.2942 1003.5235
v 29350.6124 -114661.2846 1003.1698
v 29340.8872 -114663.6128 1003.1727
v 29340.8971 -114663.6535 1003.1717
v 29340.8872 -114663.6128 1003.1727
v 29350.6124 -114661.2846 1003.1698
v 29370.4367 -114700.0000 1002.1267
v 29360.7887 -114660.7887 1003.1204
v 29374.4478 -114674.4478 1002.7123
v 29374.4478 -114674.4478 1002.7123
v 29380.7350 -114700.0000 1002.0648
v 29370.4367 -114700.0000 1002.1267
v 29356.6319 -114600.0000 1004.6593
v 29364.2514 -114632.1257 1003.7545
v 29352.5912 -114626.2956 1003.9690
v 29352.5912 -114626.2956 1003.9690
v 29346.3545 -114600.0000 1004.7096
v 29356.6319 -114600.0000 1004.6593
v 29336.0771 -114600.0000 1004.7599
v 29340.9310 -114620.4655 1004.1835
v 29329.2709 -114614.6354 1004.3980
v 29329.2709 -114614.6354 1004.3980
v 29325.7997 -114600.0000 1004.8102
v 29336.0771 -114600.0000 1004.7599
v 29360.7887 -114660.7887 1003.1204
v 29360.3378 -114658.9564 1003.1656
v 29370.0532 -114656.5875 1003.1527
v 29370.0532 -114656.5875 1003.1527
v 29374.4478 -114674.4478 1002.7123
v 29360.7887 -114660.7887 1003.1204
v 29360.3280 -114658.9157 1003.1666
v 29352.5912 -114626.2956 1003.9690
v 29364.2514 -114632.1257 1003.7545
v 29360.3378 -114658.9564 1003.1656
v 29360.3280 -114658.9157 1003.1666
v 29370.0532 -114656.5875 1003.1527
v 29364.2514 -114632.1257 1003.7545
v 29370.0532 -114656.5875 1003.1527
v 29360.3280 -114658.9157 1003.1666
v 29340.9310 -114620.4655 1004.1835
v 29347.2942 -114647.2942 1003.5235
v 29333.8213 -114633.8213 1003.9261
v 29333.8213 -114633.8213 1003.9261
v 29329.2709 -114614.6354 1004.3980
v 29340.9310 -114620.4655 1004.1835
v 29374.4454 -114800.0000 1000.8684
v 29366.1056 -114766.1056 1001.3818
v 29379.7647 -114779.7647 1001.1403
v 29379.7647 -114779.7647 1001.1403
v 29384.7437 -114800.0000 1000.8338
v 29374.4454 -114800.0000 1000.8684
v 29400.0000 -114800.0000 1000.7826
v 29395.0419 -114800.0000 1000.7992
v 29393.4238 -114793.4238 1000.8988
v 29400.0000 -114778.2965 1001.0357
v 29393.4238 -114793.4238 1000.8988
v 29384.2204 -114756.0195 1001.3904
v 29393.4238 -114793.4238 1000.8988
v 29400.0000 -114778.2965 1001.0357
v 29400.0000 -114800.0000 1000.7826
v 29384.2204 -114756.0195 1001.3904
v 29380.7350 -114700.0000 1002.0648
v 29393.9308 -114753.6302 1001.3599
v 29384.2204 -114756.0195 1001.3904
v 29370.4367 -114700.0000 1002.1267
v 29380.7350 -114700.0000 1002.0648
v 29384.2204 -114756.0195 1001.3904
v 29393.9308 -114753.6302 1001.3599
v 29400.0000 -114778.2965 1001.0357
v 29374.5100 -114758.4088 1001.4210
v 29379.7647 -114779.7647 1001.1403
v 29366.1056 -114766.1056 1001.3818
v 29364.7997 -114760.7980 1001.4515
v 29349.8402 -114700.0000 1002.2506
v 29360.1384 -114700.0000 1002.1887
v 29366.1056 -114766.1056 1001.3818
v 29364.7997 -114760.7980 1001.4515
v 29374.5100 -114758.4088 1001.4210
v 29360.1384 -114700.0000 1002.1887
v 29374.5100 -114758.4088 1001.4210
v 29364.7997 -114760.7980 1001.4515
v 29400.0000 -114900.0000 1000.8836
v 29399.0506 -114900.0000 1000.8832
v 29398.7408 -114898.7408 1000.8865
v 29395.0419 -114800.0000 1000.7992
v 29400.0000 -114800.0000 1000.7826
v 29400.0000 -114820.1505 1000.8029
v 29400.0000 -114862.0045 1000.8452
v 29400.0000 -114900.0000 1000.8836
v 29398.7408 -114898.7408 1000.8865
v 29388.6923 -114857.9018 1000.8790
v 29398.4026 -114855.5125 1000.8440
v 29400.0000 -114862.0045 1000.8452
v 29388.6923 -114857.9018 1000.8790
v 29374.4454 -114800.0000 1000.8684
v 29384.7437 -114800.0000 1000.8338
v 29400.0000 -114862.0045 1000.8452
v 29398.7408 -114898.7408 1000.8865
v 29388.6923 -114857.9018 1000.8790
v 29384.7437 -114800.0000 1000.8338
v 29398.4026 -114855.5125 1000.8440
v 29388.6923 -114857.9018 1000.8790
v 29399.0506 -114900.0000 1000.8832
v 29400.0000 -114900.0000 1000.8836
v 29400.0000 -114903.8584 1000.8437
v 29400.0000 -114800.0000 1000.7826
v 29404.2857 -114795.7143 1000.8038
v 29405.3402 -114800.0000 1000.7978
v 29400.0000 -114800.0000 1000.7826
v 29400.0000 -114778.2965 1001.0357
v 29404.2857 -114795.7143 1000.8038
v 29409.3489 -114900.0000 1000.8845
v 29400.0000 -114900.0000 1000.8836
v 29400.0000 -114862.0045 1000.8452
v 29400.0000 -114820.1505 1000.8029
v 29407.0830 -114807.0830 1000.7904
v 29417.8234 -114850.7340 1000.8355
v 29407.0830 -114807.0830 1000.7904
v 29400.0000 -114820.1505 1000.8029
v 29400.0000 -114800.0000 1000.7826
v 29417.8234 -114850.7340 1000.8355
v 29429.9454 -114900.0000 1000.8864
v 29419.6471 -114900.0000 1000.8854
v 29408.1130 -114853.1233 1000.8370
v 29400.0000 -114820.1505 1000.8029
v 29417.8234 -114850.7340 1000.8355
v 29419.6471 -114900.0000 1000.8854
v 29408.1130 -114853.1233 1000.8370
v 29417.8234 -114850.7340 1000.8355
v 29400.0000 -114800.0000 1000.7826
v 29405.3402 -114800.0000 1000.7978
v 29407.0830 -114807.0830 1000.7904
v 29400.0000 -114903.8584 1000.8437
v 29400.0000 -114900.0000 1000.8836
v 29412.3999 -114912.3999 1000.6729
v 29412.3999 -114912.3999 1000.6729
v 29412.5849 -114955.0056 1000.2310
v 29400.0000 -114903.8584 1000.8437
v 29422.2952 -114952.6163 1000.1912
v 29433.9541 -115000.0000 999.6236
v 29423.6558 -115000.0000 999.6920
v 29412.3999 -114912.3999 1000.6729
v 29422.2952 -114952.6163 1000.1912
v 29412.5849 -114955.0056 1000.2310
v 29423.6558 -115000.0000 999.6920
v 29412.5849 -114955.0056 1000.2310
v 29422.2952 -114952.6163 1000.1912
v 29432.0056 -114950.2271 1000.1514
v 29426.0590 -114926.0590 1000.4409
v 29439.7181 -114939.7181 1000.2089
v 29441.7160 -114947.8378 1000.1116
v 29444.2524 -115000.0000 999.5551
v 29432.0056 -114950.2271 1000.1514
v 29444.2524 -115000.0000 999.5551
v 29441.7160 -114947.8378 1000.1116
v 29454.5506 -115000.0000 999.4867
v 29439.7181 -114939.7181 1000.2089
v 29441.7160 -114947.8378 1000.1116
v 29432.0056 -114950.2271 1000.1514
v 29429.9454 -114900.0000 1000.8864
v 29439.7181 -114939.7181 1000.2089
v 29426.0590 -114926.0590 1000.4409
v 29426.0590 -114926.0590 1000.4409
v 29419.6471 -114900.0000 1000.8854
v 29429.9454 -114900.0000 1000.8864
v 29400.0000 -114900.0000 1000.8836
v 29409.3489 -114900.0000 1000.8845
v 29412.3999 -114912.3999 1000.6729
v 29436.4775 -115052.1094 998.0357
v 29431.3760 -115031.3760 998.6694
v 29445.0351 -115045.0351 998.1558
v 29446.1878 -115049.7201 998.0126
v 29458.5593 -115100.0000 996.4758
v 29448.2611 -115100.0000 996.5719
v 29445.0351 -115045.0351 998.1558
v 29446.1878 -115049.7201 998.0126
v 29436.4775 -115052.1094 998.0357
v 29448.2611 -115100.0000 996.5719
v 29436.4775 -115052.1094 998.0357
v 29446.1878 -115049.7201 998.0126
v 29468.8576 -115100.0000 996.3797
v 29458.6942 -115058.6942 997.6423
v 29472.3533 -115072.3533 997.1287
v 29472.3533 -115072.3533 997.1287
v 29479.1558 -115100.0000 996.2837
v 29468.8576 -115100.0000 996.3797
v 29465.6086 -115044.9416 998.0221
v 29472.3533 -115072.3533 997.1287
v 29458.6942 -115058.6942 997.6423
v 29455.8982 -115047.3308 998.0126
v 29454.5506 -115000.0000 999.4867
v 29465.6086 -115044.9416 998.0221
v 29454.5506 -115000.0000 999.4867
v 29455.8982 -115047.3308 998.0126
v 29444.2524 -115000.0000 999.5551
v 29458.6942 -115058.6942 997.6423
v 29455.8982 -115047.3308 998.0126
v 29465.6086 -115044.9416 998.0221
v 29433.9541 -115000.0000 999.6236
v 29445.0351 -115045.0351 998.1558
v 29431.3760 -115031.3760 998.6694
v 29431.3760 -115031.3760 998.6694
v 29423.6558 -115000.0000 999.6920
v 29433.9541 -115000.0000 999.6236
v 29489.6570 -115142.6786 994.9468
v 29479.9566 -115145.1084 994.9667
v 29479.7908 -115144.4346 994.9878
v 29479.7908 -115144.4346 994.9878
v 29489.5012 -115142.0453 994.9666
v 29489.6570 -115142.6786 994.9468
v 29479.7908 -115144.4346 994.9878
v 29468.8576 -115100.0000 996.3797
v 29479.1558 -115100.0000 996.2837
v 29479.1558 -115100.0000 996.2837
v 29489.5012 -115142.0453 994.9666
v 29479.7908 -115144.4346 994.9878
v 29470.2562 -115147.5382 994.9867
v 29460.5558 -115149.9681 995.0066
v 29460.3701 -115149.2131 995.0303
v 29460.3701 -115149.2131 995.0303
v 29470.0804 -115146.8239 995.0090
v 29470.2562 -115147.5382 994.9867
v 29460.3701 -115149.2131 995.0303
v 29448.2611 -115100.0000 996.5719
v 29458.5593 -115100.0000 996.4758
v 29458.5593 -115100.0000 996.4758
v 29470.0804 -115146.8239 995.0090
v 29460.3701 -115149.2131 995.0303
v 30200.0000 -115569.3393 1000.5207
v 30198.1768 -115569.8518 1000.4928
v 30195.7460 -115560.1475 1000.4593
v 30195.7460 -115560.1475 1000.4593
v 30200.0000 -115558.9518 1000.5244
v 30200.0000 -115569.3393 1000.5207
v 30250.0000 -115550.0000 1000.7982
v 30231.8484 -115550.0000 1000.7000
v 30246.0174 -115546.0174 1000.7000
v 30262.2343 -115562.2343 1000.5952
v 30250.0000 -115576.0605 1000.5068
v 30250.0000 -115565.6730 1000.6230
v 30250.0000 -115576.0605 1000.5068
v 30262.2343 -115562.2343 1000.5952
v 30270.3427 -115570.3427 1000.4606
v 30250.0000 -115550.0000 1000.7982
v 30254.1258 -115554.1258 1000.7298
v 30250.0000 -115555.2855 1000.7391
v 30204.0300 -115588.9816 1000.4918
v 30200.6076 -115579.5561 1000.5137
v 30201.3241 -115579.3547 1000.5099
v 30200.6076 -115579.5561 1000.5137
v 30204.0300 -115588.9816 1000.4918
v 30203.0384 -115589.2603 1000.4971
v 30204.0300 -115588.9816 1000.4918
v 30223.2046 -115573.2046 1000.3937
v 30231.3130 -115581.3130 1000.3469
v 30201.3241 -115579.3547 1000.5099
v 30223.2046 -115573.2046 1000.3937
v 30204.0300 -115588.9816 1000.4918
v 30206.9877 -115556.9877 1000.4873
v 30200.0000 -115569.3393 1000.5207
v 30200.0000 -115558.9518 1000.5244
v 30200.0000 -115569.3393 1000.5207
v 30206.9877 -115556.9877 1000.4873
v 30215.0962 -115565.0962 1000.4405
v 30231.8484 -115550.0000 1000.7000
v 30250.0000 -115550.0000 1000.7982
v 30250.0000 -115555.2855 1000.7391
v 30215.0962 -115565.0962 1000.4405
v 30206.9877 -115556.9877 1000.4873
v 30231.8484 -115550.0000 1000.7000
v 30250.0000 -115555.2855 1000.7391
v 30215.0962 -115565.0962 1000.4405
v 30231.8484 -115550.0000 1000.7000
v 30231.3130 -115581.3130 1000.3469
v 30250.0000 -115565.6730 1000.6230
v 30250.0000 -115576.0605 1000.5068
v 30250.0000 -115565.6730 1000.6230
v 30231.3130 -115581.3130 1000.3469
v 30223.2046 -115573.2046 1000.3937
v 30250.0000 -115550.0000 1000.7982
v 30268.8046 -115550.0000 1000.8482
v 30254.1258 -115554.1258 1000.7298
v 30297.5935 -115552.2956 1000.8806
v 30300.0000 -115551.6192 1000.9000
v 30300.0000 -115562.0067 1000.7000
v 30270.3427 -115570.3427 1000.4606
v 30262.2343 -115562.2343 1000.5952
v 30297.5935 -115552.2956 1000.8806
v 30300.0000 -115562.0067 1000.7000
v 30270.3427 -115570.3427 1000.4606
v 30297.5935 -115552.2956 1000.8806
v 30250.0000 -115550.0000 1000.7982
v 30246.0174 -115546.0174 1000.7000
v 30250.0000 -115544.8980 1000.7000
v 30292.1817 -115533.0417 1000.6090
v 30300.0000 -115530.8442 1000.6151
v 30300.0000 -115541.2317 1000.7865
v 30293.1555 -115543.1555 1000.7812
v 30285.0471 -115535.0471 1000.6035
v 30292.1817 -115533.0417 1000.6090
v 30292.1817 -115533.0417 1000.6090
v 30294.8876 -115542.6687 1000.7825
v 30293.1555 -115543.1555 1000.7812
v 30300.0000 -115541.2317 1000.7865
v 30294.8876 -115542.6687 1000.7825
v 30292.1817 -115533.0417 1000.6090
v 30268.8046 -115550.0000 1000.8482
v 30250.0000 -115550.0000 1000.7982
v 30250.0000 -115544.8980 1000.7000
v 30285.0471 -115535.0471 1000.6035
v 30293.1555 -115543.1555 1000.7812
v 30268.8046 -115550.0000 1000.8482
v 30250.0000 -115544.8980 1000.7000
v 30285.0471 -115535.0471 1000.6035
v 30268.8046 -115550.0000 1000.8482
v 30300.2995 -115561.9226 1000.7000
v 30300.0000 -115562.0067 1000.7000
v 30300.0000 -115551.6192 1000.9000
v 30300.2995 -115561.9226 1000.7000
v 30302.0731 -115551.0365 1000.9000
v 30315.3720 -115557.6860 1000.7002
v 30300.0000 -115551.6192 1000.9000
v 30302.0731 -115551.0365 1000.9000
v 30300.2995 -115561.9226 1000.7000
v 30300.0000 -115541.2317 1000.7865
v 30324.0768 -115524.0768 999.9430
v 30332.1852 -115532.1852 999.8880
v 30324.0768 -115524.0768 999.9430
v 30300.0000 -115541.2317 1000.7865
v 30300.0000 -115530.8442 1000.6151
v 30315.3720 -115557.6860 1000.7002
v 30340.2936 -115540.2936 999.8331
v 30348.4021 -115548.4021 999.7781
v 30340.2936 -115540.2936 999.8331
v 30315.3720 -115557.6860 1000.7002
v 30302.0731 -115551.0365 1000.9000
v 30388.4512 -115505.9827 1000.5165
v 30400.0000 -115502.7366 1000.6194
v 30400.0000 -115513.1241 1000.4922
v 30332.1852 -115532.1852 999.8880
v 30324.0768 -115524.0768 999.9430
v 30388.4512 -115505.9827 1000.5165
v 30388.4512 -115505.9827 1000.5165
v 30391.1571 -115515.6096 1000.4134
v 30332.1852 -115532.1852 999.8880
v 30400.0000 -115513.1241 1000.4922
v 30391.1571 -115515.6096 1000.4134
v 30388.4512 -115505.9827 1000.5165
v 30393.8630 -115525.2365 1000.3103
v 30400.0000 -115533.8991 1000.2378
v 30396.5689 -115534.8635 1000.2073
v 30400.0000 -115533.8991 1000.2378
v 30393.8630 -115525.2365 1000.3103
v 30400.0000 -115523.5116 1000.3650
v 30393.8630 -115525.2365 1000.3103
v 30348.4021 -115548.4021 999.7781
v 30340.2936 -115540.2936 999.8331
v 30396.5689 -115534.8635 1000.2073
v 30348.4021 -115548.4021 999.7781
v 30393.8630 -115525.2365 1000.3103
v 30487.4265 -115488.5505 1000.8477
v 30480.1955 -115480.1955 1000.6535
v 30488.3039 -115488.3039 1000.8471
v 30480.1955 -115480.1955 1000.6535
v 30446.6922 -115500.0000 1000.8740
v 30409.7360 -115500.0000 1000.6990
v 30446.6922 -115500.0000 1000.8740
v 30480.1955 -115480.1955 1000.6535
v 30487.4265 -115488.5505 1000.8477
v 30500.0000 -115500.0000 1001.1264
v 30483.6484 -115500.0000 1001.0490
v 30496.4123 -115496.4123 1001.0408
v 30484.7206 -115478.9236 1000.6785
v 30500.0000 -115474.6289 1000.7633
v 30500.0000 -115485.0164 1000.9120
v 30488.3039 -115488.3039 1000.8471
v 30480.1955 -115480.1955 1000.6535
v 30484.7206 -115478.9236 1000.6785
v 30500.0000 -115485.0164 1000.9120
v 30488.3039 -115488.3039 1000.8471
v 30484.7206 -115478.9236 1000.6785
v 30500.0000 -115500.0000 1001.1264
v 30496.4123 -115496.4123 1001.0408
v 30500.0000 -115495.4039 1001.0607
v 30418.3530 -115518.3530 1000.3610
v 30400.0000 -115533.8991 1000.2378
v 30400.0000 -115523.5116 1000.3650
v 30400.0000 -115533.8991 1000.2378
v 30418.3530 -115518.3530 1000.3610
v 30426.4614 -115526.4614 1000.2320
v 30402.1361 -115502.1361 1000.6189
v 30400.0000 -115513.1241 1000.4922
v 30400.0000 -115502.7366 1000.6194
v 30400.0000 -115513.1241 1000.4922
v 30402.1361 -115502.1361 1000.6189
v 30410.2446 -115510.2446 1000.4900
v 30483.6484 -115500.0000 1001.0490
v 30426.4614 -115526.4614 1000.2320
v 30418.3530 -115518.3530 1000.3610
v 30483.6484 -115500.0000 1001.0490
v 30500.0000 -115500.0000 1001.1264
v 30500.0000 -115505.7915 1001.0069
v 30500.0000 -115505.7915 1001.0069
v 30426.4614 -115526.4614 1000.2320
v 30483.6484 -115500.0000 1001.0490
v 30409.7360 -115500.0000 1000.6990
v 30410.2446 -115510.2446 1000.4900
v 30402.1361 -115502.1361 1000.6189
v 30410.2446 -115510.2446 1000.4900
v 30409.7360 -115500.0000 1000.6990
v 30446.6922 -115500.0000 1000.8740
v 30520.6046 -115500.0000 1001.1950
v 30574.4717 -115474.4717 1001.0088
v 30582.5801 -115482.5801 1001.1518
v 30520.6046 -115500.0000 1001.1950
v 30500.0000 -115500.0000 1001.1264
v 30500.0000 -115495.4039 1001.0607
v 30500.0000 -115495.4039 1001.0607
v 30574.4717 -115474.4717 1001.0088
v 30520.6046 -115500.0000 1001.1950
v 30558.2549 -115458.2549 1000.7227
v 30500.0000 -115485.0164 1000.9120
v 30500.0000 -115474.6289 1000.7633
v 30500.0000 -115485.0164 1000.9120
v 30558.2549 -115458.2549 1000.7227
v 30566.3633 -115466.3633 1000.8657
v 30600.0000 -115450.0000 1002.3311
v 30595.5463 -115447.7731 1002.2137
v 30600.0000 -115446.5213 1002.2902
v 30586.4019 -115471.1184 1001.4858
v 30582.5801 -115482.5801 1001.1518
v 30574.4717 -115474.4717 1001.0088
v 30586.4019 -115471.1184 1001.4858
v 30600.0000 -115477.6838 1001.8483
v 30589.1078 -115480.7454 1001.4128
v 30600.0000 -115477.6838 1001.8483
v 30586.4019 -115471.1184 1001.4858
v 30600.0000 -115467.2963 1002.0294
v 30589.1078 -115480.7454 1001.4128
v 30582.5801 -115482.5801 1001.1518
v 30586.4019 -115471.1184 1001.4858
v 30583.6960 -115461.4915 1001.5587
v 30580.9901 -115451.8645 1001.6317
v 30595.5463 -115447.7731 1002.2137
v 30580.9901 -115451.8645 1001.6317
v 30566.3633 -115466.3633 1000.8657
v 30558.2549 -115458.2549 1000.7227
v 30595.5463 -115447.7731 1002.2137
v 30600.0000 -115450.0000 1002.3311
v 30600.0000 -115456.9088 1002.2106
v 30583.6960 -115461.4915 1001.5587
v 30566.3633 -115466.3633 1000.8657
v 30580.9901 -115451.8645 1001.6317
v 30600.0000 -115456.9088 1002.2106
v 30583.6960 -115461.4915 1001.5587
v 30595.5463 -115447.7731 1002.2137
v 30500.0000 -115500.0000 1001.1264
v 30504.5208 -115504.5208 1001.0377
v 30500.0000 -115505.7915 1001.0069
v 30500.0000 -115500.0000 1001.1264
v 30520.6046 -115500.0000 1001.1950
v 30504.5208 -115504.5208 1001.0377
v 30624.5798 -115450.0000 1003.1100
v 30636.3142 -115436.3142 1003.3211
v 30644.4226 -115444.4226 1003.6734
v 30624.5798 -115450.0000 1003.1100
v 30600.0000 -115450.0000 1002.3311
v 30600.0000 -115446.5213 1002.2902
v 30600.0000 -115446.5213 1002.2902
v 30636.3142 -115436.3142 1003.3211
v 30624.5798 -115450.0000 1003.1100
v 30652.5311 -115452.5311 1003.9086
v 30650.0000 -115463.6300 1003.5366
v 30650.0000 -115453.2425 1003.8255
v 30650.0000 -115463.6300 1003.5366
v 30652.5311 -115452.5311 1003.9086
v 30660.6395 -115460.6395 1003.8860
v 30613.5014 -115463.5014 1002.3835
v 30600.0000 -115477.6838 1001.8483
v 30600.0000 -115467.2963 1002.0294
v 30600.0000 -115477.6838 1001.8483
v 30613.5014 -115463.5014 1002.3835
v 30621.6098 -115471.6098 1002.4150
v 30600.0000 -115450.0000 1002.3311
v 30605.3930 -115455.3930 1002.3520
v 30600.0000 -115456.9088 1002.2106
v 30605.3930 -115455.3930 1002.3520
v 30600.0000 -115450.0000 1002.3311
v 30624.5798 -115450.0000 1003.1100
v 30621.6098 -115471.6098 1002.4150
v 30650.0000 -115453.2425 1003.8255
v 30650.0000 -115463.6300 1003.5366
v 30650.0000 -115453.2425 1003.8255
v 30621.6098 -115471.6098 1002.4150
v 30613.5014 -115463.5014 1002.3835
v 30661.5360 -115450.0000 1004.2488
v 30660.6395 -115460.6395 1003.8860
v 30652.5311 -115452.5311 1003.9086
v 30661.5360 -115450.0000 1004.2488
v 30698.4922 -115450.0000 1005.3160
v 30685.3773 -115453.6863 1004.8206
v 30685.3773 -115453.6863 1004.8206
v 30660.6395 -115460.6395 1003.8860
v 30661.5360 -115450.0000 1004.2488
v 30644.4226 -115444.4226 1003.6734
v 30650.0000 -115432.4675 1003.7544
v 30650.0000 -115442.8550 1003.8500
v 30650.0000 -115432.4675 1003.7544
v 30644.4226 -115444.4226 1003.6734
v 30636.3142 -115436.3142 1003.3211
v 30683.4523 -115433.4523 1004.7295
v 30700.0000 -115418.4137 1005.5473
v 30700.0000 -115428.8012 1005.4856
v 30677.2595 -115424.8055 1004.5083
v 30683.4523 -115433.4523 1004.7295
v 30675.3439 -115425.3439 1004.4208
v 30683.4523 -115433.4523 1004.7295
v 30677.2595 -115424.8055 1004.5083
v 30700.0000 -115418.4137 1005.5473
v 30699.6692 -115449.6692 1005.3470
v 30700.0000 -115439.1887 1005.4238
v 30700.0000 -115449.5762 1005.3621
v 30700.0000 -115439.1887 1005.4238
v 30699.6692 -115449.6692 1005.3470
v 30691.5607 -115441.5607 1005.0382
v 30682.6714 -115444.0593 1004.8045
v 30698.4922 -115450.0000 1005.3160
v 30661.5360 -115450.0000 1004.2488
v 30698.4922 -115450.0000 1005.3160
v 30691.5607 -115441.5607 1005.0382
v 30699.6692 -115449.6692 1005.3470
v 30691.5607 -115441.5607 1005.0382
v 30698.4922 -115450.0000 1005.3160
v 30682.6714 -115444.0593 1004.8045
v 30679.9654 -115434.4324 1004.6378
v 30650.0000 -115442.8550 1003.8500
v 30650.0000 -115432.4675 1003.7544
v 30675.3439 -115425.3439 1004.4208
v 30683.4523 -115433.4523 1004.7295
v 30679.9654 -115434.4324 1004.6378
v 30650.0000 -115432.4675 1003.7544
v 30675.3439 -115425.3439 1004.4208
v 30679.9654 -115434.4324 1004.6378
v 30800.0000 -115400.0000 1011.7328
v 30765.5112 -115400.0000 1009.6373
v 30792.4329 -115392.4329 1011.2267
v 30800.0000 -115400.0000 1011.7328
v 30792.4329 -115392.4329 1011.2267
v 30800.0000 -115390.3060 1011.7278
v 30700.0000 -115428.8012 1005.4856
v 30714.3736 -115414.3736 1006.0257
v 30722.4820 -115422.4820 1006.2338
v 30714.3736 -115414.3736 1006.0257
v 30700.0000 -115428.8012 1005.4856
v 30700.0000 -115418.4137 1005.5473
v 30700.0000 -115449.5762 1005.3621
v 30730.5904 -115430.5904 1006.4420
v 30738.6989 -115438.6989 1006.6501
v 30730.5904 -115430.5904 1006.4420
v 30700.0000 -115449.5762 1005.3621
v 30700.0000 -115439.1887 1005.4238
v 30765.5112 -115400.0000 1009.6373
v 30722.4820 -115422.4820 1006.2338
v 30714.3736 -115414.3736 1006.0257
v 30765.5112 -115400.0000 1009.6373
v 30800.0000 -115400.0000 1011.7328
v 30800.0000 -115400.6935 1011.7085
v 30800.0000 -115400.6935 1011.7085
v 30722.4820 -115422.4820 1006.2338
v 30765.5112 -115400.0000 1009.6373
v 30738.6989 -115438.6989 1006.6501
v 30800.0000 -115411.0810 1011.3440
v 30800.0000 -115421.4686 1010.9794
v 30800.0000 -115411.0810 1011.3440
v 30738.6989 -115438.6989 1006.6501
v 30730.5904 -115430.5904 1006.4420
v 30872.5043 -115380.3143 1016.9209
v 30870.4923 -115370.4923 1016.7715
v 30878.6007 -115378.6007 1017.3571
v 30872.5043 -115380.3143 1016.9209
v 30802.4674 -115400.0000 1011.9097
v 30800.0000 -115390.3060 1011.7278
v 30800.0000 -115390.3060 1011.7278
v 30802.4674 -115400.0000 1011.9097
v 30800.0000 -115400.0000 1011.7328
v 30869.7984 -115370.6873 1016.7219
v 30870.4923 -115370.4923 1016.7715
v 30872.5043 -115380.3143 1016.9209
v 30800.0000 -115390.3060 1011.7278
v 30869.7984 -115370.6873 1016.7219
v 30872.5043 -115380.3143 1016.9209
v 30886.7092 -115386.7092 1017.9427
v 30894.8176 -115394.8176 1018.5283
v 30877.9162 -115399.5682 1017.3190
v 30877.9162 -115399.5682 1017.3190
v 30875.2103 -115389.9412 1017.1199
v 30886.7092 -115386.7092 1017.9427
v 30875.2103 -115389.9412 1017.1199
v 30876.3798 -115400.0000 1017.2091
v 30839.4236 -115400.0000 1014.5594
v 30877.9162 -115399.5682 1017.3190
v 30876.3798 -115400.0000 1017.2091
v 30875.2103 -115389.9412 1017.1199
v 30900.0000 -115382.9734 1019.2606
v 30894.8176 -115394.8176 1018.5283
v 30886.7092 -115386.7092 1017.9427
v 30894.8176 -115394.8176 1018.5283
v 30900.0000 -115382.9734 1019.2606
v 30900.0000 -115393.3609 1019.0422
v 30900.0000 -115362.1984 1019.6975
v 30878.6007 -115378.6007 1017.3571
v 30870.4923 -115370.4923 1016.7715
v 30878.6007 -115378.6007 1017.3571
v 30900.0000 -115362.1984 1019.6975
v 30900.0000 -115372.5859 1019.4791
v 30808.6498 -115408.6498 1011.9906
v 30800.0000 -115421.4686 1010.9794
v 30800.0000 -115411.0810 1011.3440
v 30800.0000 -115421.4686 1010.9794
v 30808.6498 -115408.6498 1011.9906
v 30816.7582 -115416.7582 1012.2323
v 30800.0000 -115400.0000 1011.7328
v 30800.5414 -115400.5414 1011.7490
v 30800.0000 -115400.6935 1011.7085
v 30839.4236 -115400.0000 1014.5594
v 30816.7582 -115416.7582 1012.2323
v 30808.6498 -115408.6498 1011.9906
v 30816.7582 -115416.7582 1012.2323
v 30839.4236 -115400.0000 1014.5594
v 30876.3798 -115400.0000 1017.2091
v 30800.0000 -115400.0000 1011.7328
v 30802.4674 -115400.0000 1011.9097
v 30800.5414 -115400.5414 1011.7490
v 30950.0000 -115350.0000 1024.1727
v 30943.3988 -115350.0000 1023.6157
v 30948.5517 -115348.5517 1024.0561
v 30964.7685 -115364.7685 1024.7217
v 30950.0000 -115379.3071 1023.2854
v 30950.0000 -115368.9196 1023.5999
v 30950.0000 -115379.3071 1023.2854
v 30964.7685 -115364.7685 1024.7217
v 30972.8769 -115372.8769 1025.0231
v 30950.0000 -115350.0000 1024.1727
v 30956.6601 -115356.6601 1024.4202
v 30950.0000 -115358.5321 1023.9144
v 30925.7388 -115375.7388 1021.3464
v 30900.0000 -115393.3609 1019.0422
v 30900.0000 -115382.9734 1019.2606
v 30900.0000 -115393.3609 1019.0422
v 30925.7388 -115375.7388 1021.3464
v 30933.8473 -115383.8473 1021.7851
v 30909.5220 -115359.5220 1020.4692
v 30900.0000 -115372.5859 1019.4791
v 30900.0000 -115362.1984 1019.6975
v 30900.0000 -115372.5859 1019.4791
v 30909.5220 -115359.5220 1020.4692
v 30917.6304 -115367.6304 1020.9078
v 30943.3988 -115350.0000 1023.6157
v 30950.0000 -115350.0000 1024.1727
v 30950.0000 -115358.5321 1023.9144
v 30917.6304 -115367.6304 1020.9078
v 30909.5220 -115359.5220 1020.4692
v 30943.3988 -115350.0000 1023.6157
v 30950.0000 -115358.5321 1023.9144
v 30917.6304 -115367.6304 1020.9078
v 30943.3988 -115350.0000 1023.6157
v 30933.8473 -115383.8473 1021.7851
v 30950.0000 -115368.9196 1023.5999
v 30950.0000 -115379.3071 1023.2854
v 30950.0000 -115368.9196 1023.5999
v 30933.8473 -115383.8473 1021.7851
v 30925.7388 -115375.7388 1021.3464
v 30950.0000 -115350.0000 1024.1727
v 30968.7738 -115353.2552 1025.4467
v 30956.6601 -115356.6601 1024.4202
v 30968.7738 -115353.2552 1025.4467
v 30950.0000 -115350.0000 1024.1727
v 30980.3550 -115350.0000 1026.4280
v 30971.4797 -115362.8822 1025.2903
v 31000.0000 -115354.8658 1027.7070
v 31000.0000 -115365.2533 1027.3214
v 30971.4797 -115362.8822 1025.2903
v 30972.8769 -115372.8769 1025.0231
v 30964.7685 -115364.7685 1024.7217
v 31000.0000 -115365.2533 1027.3214
v 30974.1856 -115372.5091 1025.1340
v 30971.4797 -115362.8822 1025.2903
v 30974.1856 -115372.5091 1025.1340
v 30972.8769 -115372.8769 1025.0231
v 30971.4797 -115362.8822 1025.2903
v 30950.0000 -115350.0000 1024.1727
v 30948.5517 -115348.5517 1024.0561
v 30950.0000 -115348.1446 1024.1770
v 30995.6898 -115345.6898 1027.5775
v 31000.0000 -115334.0908 1027.8697
v 31000.0000 -115344.4783 1027.8814
v 31000.0000 -115334.0908 1027.8697
v 30995.6898 -115345.6898 1027.5775
v 30987.5813 -115337.5813 1026.9940
v 30966.0679 -115343.6283 1025.3814
v 30950.0000 -115350.0000 1024.1727
v 30950.0000 -115348.1446 1024.1770
v 30987.5813 -115337.5813 1026.9940
v 30995.6898 -115345.6898 1027.5775
v 30980.3550 -115350.0000 1026.4280
v 30980.3550 -115350.0000 1026.4280
v 30966.0679 -115343.6283 1025.3814
v 30987.5813 -115337.5813 1026.9940
v 30980.3550 -115350.0000 1026.4280
v 30950.0000 -115350.0000 1024.1727
v 30966.0679 -115343.6283 1025.3814
v 31050.0000 -115350.0000 1030.2848
v 31017.3112 -115350.0000 1028.7176
v 31042.8279 -115342.8279 1029.9328
v 31026.6110 -115326.6110 1029.1371
v 31000.0000 -115344.4783 1027.8814
v 31000.0000 -115334.0908 1027.8697
v 31000.0000 -115344.4783 1027.8814
v 31026.6110 -115326.6110 1029.1371
v 31034.7194 -115334.7194 1029.5349
v 31050.0000 -115350.0000 1030.2848
v 31050.9363 -115350.9363 1030.2902
v 31050.0000 -115351.1995 1030.2466
v 31003.7982 -115353.7982 1027.9489
v 31000.0000 -115365.2533 1027.3214
v 31000.0000 -115354.8658 1027.7070
v 31000.0000 -115365.2533 1027.3214
v 31003.7982 -115353.7982 1027.9489
v 31011.9066 -115361.9066 1028.0797
v 31017.3112 -115350.0000 1028.7176
v 31050.0000 -115350.0000 1030.2848
v 31050.0000 -115351.1995 1030.2466
v 31011.9066 -115361.9066 1028.0797
v 31003.7982 -115353.7982 1027.9489
v 31017.3112 -115350.0000 1028.7176
v 31050.0000 -115351.1995 1030.2466
v 31011.9066 -115361.9066 1028.0797
v 31017.3112 -115350.0000 1028.7176
v 31050.0000 -115350.0000 1030.2848
v 31054.2674 -115350.0000 1030.4367
v 31050.9363 -115350.9363 1030.2902
v 31034.7194 -115334.7194 1029.5349
v 31050.0000 -115320.0369 1030.4162
v 31050.0000 -115330.4244 1030.3706
v 31050.0000 -115320.0369 1030.4162
v 31034.7194 -115334.7194 1029.5349
v 31026.6110 -115326.6110 1029.1371
v 31050.0000 -115350.0000 1030.2848
v 31042.8279 -115342.8279 1029.9328
v 31050.0000 -115340.8120 1030.3251
v 31073.7491 -115323.7491 1031.2457
v 31100.0000 -115305.9831 1032.6446
v 31100.0000 -115316.3706 1032.5079
v 31100.0000 -115305.9831 1032.6446
v 31073.7491 -115323.7491 1031.2457
v 31065.6407 -115315.6407 1030.9925
v 31089.9660 -115339.9660 1031.7521
v 31100.0000 -115326.7581 1032.3712
v 31100.0000 -115337.1457 1032.2346
v 31100.0000 -115326.7581 1032.3712
v 31089.9660 -115339.9660 1031.7521
v 31081.8576 -115331.8576 1031.4989
v 31054.2674 -115350.0000 1030.4367
v 31050.0000 -115350.0000 1030.2848
v 31050.0000 -115340.8120 1030.3251
v 31067.7492 -115335.8231 1030.9790
v 31081.8576 -115331.8576 1031.4989
v 31070.4551 -115345.4500 1031.0332
v 31070.4551 -115345.4500 1031.0332
v 31081.8576 -115331.8576 1031.4989
v 31089.9660 -115339.9660 1031.7521
v 31050.0000 -115340.8120 1030.3251
v 31067.7492 -115335.8231 1030.9790
v 31054.2674 -115350.0000 1030.4367
v 31070.4551 -115345.4500 1031.0332
v 31054.2674 -115350.0000 1030.4367
v 31067.7492 -115335.8231 1030.9790
v 31065.6407 -115315.6407 1030.9925
v 31050.0000 -115330.4244 1030.3706
v 31050.0000 -115320.0369 1030.4162
v 31050.0000 -115330.4244 1030.3706
v 31065.6407 -115315.6407 1030.9925
v 31073.7491 -115323.7491 1031.2457
v 31161.3127 -115299.1371 1035.6591
v 31182.7297 -115282.7297 1036.5521
v 31190.8382 -115290.8382 1037.0079
v 31158.2426 -115300.0000 1035.5188
v 31121.2865 -115300.0000 1033.7450
v 31158.6068 -115289.5101 1035.4500
v 31158.6068 -115289.5101 1035.4500
v 31161.3127 -115299.1371 1035.6591
v 31158.2426 -115300.0000 1035.5188
v 31158.6068 -115289.5101 1035.4500
v 31182.7297 -115282.7297 1036.5521
v 31161.3127 -115299.1371 1035.6591
v 31200.0000 -115300.0000 1037.5231
v 31195.1988 -115300.0000 1037.2926
v 31198.9466 -115298.9466 1037.4638
v 31190.8382 -115290.8382 1037.0079
v 31200.0000 -115277.8755 1037.4953
v 31200.0000 -115288.2630 1037.5084
v 31200.0000 -115277.8755 1037.4953
v 31190.8382 -115290.8382 1037.0079
v 31182.7297 -115282.7297 1036.5521
v 31200.0000 -115300.0000 1037.5231
v 31198.9466 -115298.9466 1037.4638
v 31200.0000 -115298.6505 1037.5214
v 31100.0000 -115316.3706 1032.5079
v 31104.6704 -115304.6704 1032.7863
v 31112.7788 -115312.7788 1032.8956
v 31104.6704 -115304.6704 1032.7863
v 31100.0000 -115316.3706 1032.5079
v 31100.0000 -115305.9831 1032.6446
v 31100.0000 -115337.1457 1032.2346
v 31120.8872 -115320.8872 1033.0050
v 31128.9957 -115328.9957 1033.1143
v 31120.8872 -115320.8872 1033.0050
v 31100.0000 -115337.1457 1032.2346
v 31100.0000 -115326.7581 1032.3712
v 31128.9957 -115328.9957 1033.1143
v 31120.8872 -115320.8872 1033.0050
v 31164.0186 -115308.7640 1035.4936
v 31164.0186 -115308.7640 1035.4936
v 31166.7245 -115318.3910 1035.2912
v 31128.9957 -115328.9957 1033.1143
v 31195.1988 -115300.0000 1037.2926
v 31200.0000 -115300.0000 1037.5231
v 31200.0000 -115309.0380 1037.2111
v 31166.7245 -115318.3910 1035.2912
v 31164.0186 -115308.7640 1035.4936
v 31195.1988 -115300.0000 1037.2926
v 31195.1988 -115300.0000 1037.2926
v 31200.0000 -115309.0380 1037.2111
v 31166.7245 -115318.3910 1035.2912
v 31121.2865 -115300.0000 1033.7450
v 31112.7788 -115312.7788 1032.8956
v 31104.6704 -115304.6704 1032.7863
v 31112.7788 -115312.7788 1032.8956
v 31121.2865 -115300.0000 1033.7450
v 31158.2426 -115300.0000 1035.5188
v 31277.0060 -115277.0060 1041.3142
v 31285.1144 -115285.1144 1041.7265
v 31262.9940 -115291.3319 1040.6370
v 31262.9940 -115291.3319 1040.6370
v 31260.2881 -115281.7050 1040.4908
v 31277.0060 -115277.0060 1041.3142
v 31232.1550 -115300.0000 1039.1181
v 31200.0000 -115300.0000 1037.5231
v 31200.0000 -115298.6505 1037.5214
v 31260.2881 -115281.7050 1040.4908
v 31262.9940 -115291.3319 1040.6370
v 31232.1550 -115300.0000 1039.1181
v 31232.1550 -115300.0000 1039.1181
v 31200.0000 -115298.6505 1037.5214
v 31260.2881 -115281.7050 1040.4908
v 31257.5821 -115272.0780 1040.3445
v 31200.0000 -115288.2630 1037.5084
v 31200.0000 -115277.8755 1037.4953
v 31260.7891 -115260.7891 1040.4894
v 31268.8975 -115268.8975 1040.9018
v 31257.5821 -115272.0780 1040.3445
v 31257.5821 -115272.0780 1040.3445
v 31254.8762 -115262.4511 1040.1982
v 31260.7891 -115260.7891 1040.4894
v 31200.0000 -115277.8755 1037.4953
v 31254.8762 -115262.4511 1040.1982
v 31257.5821 -115272.0780 1040.3445
v 31300.0000 -115250.0000 1043.6059
v 31299.7028 -115249.8514 1043.5875
v 31300.0000 -115249.7679 1043.6054
v 31300.0000 -115270.5429 1043.1448
v 31285.1144 -115285.1144 1041.7265
v 31277.0060 -115277.0060 1041.3142
v 31285.1144 -115285.1144 1041.7265
v 31300.0000 -115270.5429 1043.1448
v 31300.0000 -115280.9304 1042.9117
v 31268.8975 -115268.8975 1040.9018
v 31260.7891 -115260.7891 1040.4894
v 31299.7028 -115249.8514 1043.5875
v 31299.7028 -115249.8514 1043.5875
v 31300.0000 -115260.1554 1043.3780
v 31268.8975 -115268.8975 1040.9018
v 31299.7028 -115249.8514 1043.5875
v 31300.0000 -115250.0000 1043.6059
v 31300.0000 -115260.1554 1043.3780
v 31200.0000 -115300.0000 1037.5231
v 31207.0550 -115307.0550 1037.6313
v 31200.0000 -115309.0380 1037.2111
v 31200.0000 -115300.0000 1037.5231
v 31232.1550 -115300.0000 1039.1181
v 31207.0550 -115307.0550 1037.6313
v 31336.1303 -115250.0000 1046.1007
v 31338.8485 -115238.8485 1046.2610
v 31346.9569 -115246.9569 1046.8408
v 31336.1303 -115250.0000 1046.1007
v 31300.0000 -115250.0000 1043.6059
v 31300.0000 -115249.7679 1043.6054
v 31300.0000 -115249.7679 1043.6054
v 31338.8485 -115238.8485 1046.2610
v 31336.1303 -115250.0000 1046.1007
v 31359.2634 -115264.2728 1047.0061
v 31350.0000 -115266.8766 1046.4412
v 31350.0000 -115256.4891 1046.8211
v 31355.0653 -115255.0653 1047.1299
v 31363.1737 -115263.1737 1047.2446
v 31359.2634 -115264.2728 1047.0061
v 31350.0000 -115256.4891 1046.8211
v 31355.0653 -115255.0653 1047.1299
v 31359.2634 -115264.2728 1047.0061
v 31316.0356 -115266.0356 1044.1268
v 31300.0000 -115280.9304 1042.9117
v 31300.0000 -115270.5429 1043.1448
v 31300.0000 -115280.9304 1042.9117
v 31316.0356 -115266.0356 1044.1268
v 31324.1441 -115274.1441 1044.3902
v 31300.0000 -115250.0000 1043.6059
v 31307.9272 -115257.9272 1043.8634
v 31300.0000 -115260.1554 1043.3780
v 31307.9272 -115257.9272 1043.8634
v 31300.0000 -115250.0000 1043.6059
v 31336.1303 -115250.0000 1046.1007
v 31324.1441 -115274.1441 1044.3902
v 31350.0000 -115256.4891 1046.8211
v 31350.0000 -115266.8766 1046.4412
v 31350.0000 -115256.4891 1046.8211
v 31324.1441 -115274.1441 1044.3902
v 31316.0356 -115266.0356 1044.1268
v 31363.1737 -115263.1737 1047.2446
v 31355.0653 -115255.0653 1047.1299
v 31356.5575 -115254.6459 1047.2140
v 31373.0865 -115250.0000 1048.1456
v 31400.0000 -115252.8228 1049.3201
v 31363.1737 -115263.1737 1047.2446
v 31400.0000 -115252.8228 1049.3201
v 31373.0865 -115250.0000 1048.1456
v 31400.0000 -115250.0000 1049.4131
v 31363.1737 -115263.1737 1047.2446
v 31356.5575 -115254.6459 1047.2140
v 31373.0865 -115250.0000 1048.1456
v 31346.9569 -115246.9569 1046.8408
v 31350.0000 -115235.7140 1047.0183
v 31350.0000 -115246.1015 1047.0474
v 31350.0000 -115235.7140 1047.0183
v 31346.9569 -115246.9569 1046.8408
v 31338.8485 -115238.8485 1046.2610
v 31385.9866 -115235.9866 1048.7139
v 31400.0000 -115221.6602 1049.5375
v 31400.0000 -115232.0477 1049.4919
v 31400.0000 -115221.6602 1049.5375
v 31385.9866 -115235.9866 1048.7139
v 31377.8781 -115227.8781 1048.3093
v 31400.0000 -115250.0000 1049.4131
v 31394.0950 -115244.0950 1049.1185
v 31400.0000 -115242.4352 1049.4463
v 31394.0950 -115244.0950 1049.1185
v 31400.0000 -115250.0000 1049.4131
v 31373.0865 -115250.0000 1048.1456
v 31353.8516 -115245.0190 1047.2258
v 31350.0000 -115235.7140 1047.0183
v 31351.1457 -115235.3920 1047.0713
v 31350.0000 -115235.7140 1047.0183
v 31353.8516 -115245.0190 1047.2258
v 31350.0000 -115246.1015 1047.0474
v 31353.8516 -115245.0190 1047.2258
v 31377.8781 -115227.8781 1048.3093
v 31385.9866 -115235.9866 1048.7139
v 31351.1457 -115235.3920 1047.0713
v 31377.8781 -115227.8781 1048.3093
v 31353.8516 -115245.0190 1047.2258
v 31500.0000 -115200.0000 1055.3237
v 31477.0856 -115200.0000 1054.0196
v 31494.9756 -115194.9756 1055.0119
v 31500.0000 -115200.0000 1055.3237
v 31494.9756 -115194.9756 1055.0119
v 31500.0000 -115193.5645 1055.2964
v 31400.0000 -115250.0000 1049.4131
v 31403.6139 -115251.8070 1049.5164
v 31400.0000 -115252.8228 1049.3201
v 31400.0000 -115232.0477 1049.4919
v 31416.9078 -115216.9078 1050.0786
v 31425.0163 -115225.0163 1050.2925
v 31416.9078 -115216.9078 1050.0786
v 31400.0000 -115232.0477 1049.4919
v 31400.0000 -115221.6602 1049.5375
v 31433.1247 -115233.1247 1050.5064
v 31441.2331 -115241.2331 1050.7203
v 31403.6139 -115251.8070 1049.5164
v 31403.6139 -115251.8070 1049.5164
v 31400.0000 -115242.4352 1049.4463
v 31433.1247 -115233.1247 1050.5064
v 31403.6139 -115251.8070 1049.5164
v 31400.0000 -115250.0000 1049.4131
v 31400.0000 -115242.4352 1049.4463
v 31425.0163 -115225.0163 1050.2925
v 31416.9078 -115216.9078 1050.0786
v 31447.4182 -115208.3321 1052.0768
v 31447.4182 -115208.3321 1052.0768
v 31450.1226 -115217.9595 1051.9368
v 31425.0163 -115225.0163 1050.2925
v 31477.0856 -115200.0000 1054.0196
v 31500.0000 -115200.0000 1055.3237
v 31500.0000 -115203.9514 1055.2030
v 31450.1226 -115217.9595 1051.9368
v 31447.4182 -115208.3321 1052.0768
v 31477.0856 -115200.0000 1054.0196
v 31477.0856 -115200.0000 1054.0196
v 31500.0000 -115203.9514 1055.2030
v 31450.1226 -115217.9595 1051.9368
v 31452.8270 -115227.5868 1051.7968
v 31500.0000 -115214.3383 1054.8859
v 31500.0000 -115224.7252 1054.5688
v 31441.2331 -115241.2331 1050.7203
v 31433.1247 -115233.1247 1050.5064
v 31452.8270 -115227.5868 1051.7968
v 31452.8270 -115227.5868 1051.7968
v 31455.5313 -115237.2142 1051.6567
v 31441.2331 -115241.2331 1050.7203
v 31500.0000 -115224.7252 1054.5688
v 31455.5313 -115237.2142 1051.6567
v 31452.8270 -115227.5868 1051.7968
v 31546.3977 -115190.9206 1057.6704
v 31573.0506 -115173.0506 1058.9649
v 31581.1603 -115181.1603 1059.4162
v 31514.0694 -115200.0000 1056.0469
v 31500.0000 -115193.5645 1055.2964
v 31543.6944 -115181.2929 1057.4907
v 31500.0000 -115193.5645 1055.2964
v 31514.0694 -115200.0000 1056.0469
v 31500.0000 -115200.0000 1055.3237
v 31543.6944 -115181.2929 1057.4907
v 31573.0506 -115173.0506 1058.9649
v 31546.3977 -115190.9206 1057.6704
v 31546.3977 -115190.9206 1057.6704
v 31514.0694 -115200.0000 1056.0469
v 31543.6944 -115181.2929 1057.4907
v 31588.0474 -115200.0000 1059.8501
v 31589.2700 -115189.2700 1059.8675
v 31597.3798 -115197.3798 1060.3188
v 31589.2700 -115189.2700 1059.8675
v 31588.0474 -115200.0000 1059.8501
v 31551.0537 -115200.0000 1057.9483
v 31581.1603 -115181.1603 1059.4162
v 31600.0000 -115165.4840 1060.5534
v 31600.0000 -115175.8707 1060.5266
v 31600.0000 -115165.4840 1060.5534
v 31581.1603 -115181.1603 1059.4162
v 31573.0506 -115173.0506 1058.9649
v 31597.3798 -115197.3798 1060.3188
v 31600.0000 -115186.2574 1060.4999
v 31600.0000 -115196.6441 1060.4732
v 31600.0000 -115186.2574 1060.4999
v 31597.3798 -115197.3798 1060.3188
v 31589.2700 -115189.2700 1059.8675
v 31511.1943 -115211.1943 1055.5167
v 31500.0000 -115224.7252 1054.5688
v 31500.0000 -115214.3383 1054.8859
v 31500.0000 -115224.7252 1054.5688
v 31511.1943 -115211.1943 1055.5167
v 31519.3037 -115219.3037 1055.6566
v 31500.0000 -115200.0000 1055.3237
v 31503.0850 -115203.0850 1055.3769
v 31500.0000 -115203.9514 1055.2030
v 31519.3037 -115219.3037 1055.6566
v 31511.1943 -115211.1943 1055.5167
v 31549.1011 -115200.5482 1057.8292
v 31549.1011 -115200.5482 1057.8292
v 31551.8044 -115210.1759 1057.6392
v 31519.3037 -115219.3037 1055.6566
v 31551.8044 -115210.1759 1057.6392
v 31551.0537 -115200.0000 1057.9483
v 31588.0474 -115200.0000 1059.8501
v 31549.1011 -115200.5482 1057.8292
v 31551.0537 -115200.0000 1057.9483
v 31551.8044 -115210.1759 1057.6392
v 31500.0000 -115200.0000 1055.3237
v 31514.0694 -115200.0000 1056.0469
v 31503.0850 -115203.0850 1055.3769
v 31648.0810 -115183.1444 1062.6875
v 31600.0000 -115186.2574 1060.4999
v 31645.3779 -115173.5167 1062.5897
v 31600.0000 -115186.2574 1060.4999
v 31648.0810 -115183.1444 1062.6875
v 31600.0000 -115196.6441 1060.4732
v 31648.0810 -115183.1444 1062.6875
v 31667.3481 -115167.3481 1063.6015
v 31675.4579 -115175.4579 1063.9482
v 31645.3779 -115173.5167 1062.5897
v 31667.3481 -115167.3481 1063.6015
v 31648.0810 -115183.1444 1062.6875
v 31642.6747 -115163.8890 1062.4919
v 31600.0000 -115175.8707 1060.5266
v 31600.0000 -115165.4840 1060.5534
v 31651.1287 -115151.1287 1062.9080
v 31659.2384 -115159.2384 1063.2547
v 31642.6747 -115163.8890 1062.4919
v 31642.6747 -115163.8890 1062.4919
v 31639.9715 -115154.2613 1062.3942
v 31651.1287 -115151.1287 1062.9080
v 31600.0000 -115165.4840 1060.5534
v 31639.9715 -115154.2613 1062.3942
v 31642.6747 -115163.8890 1062.4919
v 31697.1743 -115148.5872 1066.3877
v 31700.0000 -115137.4071 1066.4917
v 31700.0000 -115147.7938 1066.5418
v 31700.0000 -115137.4071 1066.4917
v 31697.1743 -115148.5872 1066.3877
v 31683.8712 -115141.9356 1065.6120
v 31700.0000 -115158.1805 1066.2981
v 31675.4579 -115175.4579 1063.9482
v 31667.3481 -115167.3481 1063.6015
v 31675.4579 -115175.4579 1063.9482
v 31700.0000 -115158.1805 1066.2981
v 31700.0000 -115168.5672 1065.9751
v 31683.8712 -115141.9356 1065.6120
v 31659.2384 -115159.2384 1063.2547
v 31651.1287 -115151.1287 1062.9080
v 31659.2384 -115159.2384 1063.2547
v 31683.8712 -115141.9356 1065.6120
v 31697.1743 -115148.5872 1066.3877
v 31750.0000 -115150.0000 1068.9427
v 31741.6550 -115146.4851 1068.5268
v 31745.4262 -115145.4262 1068.7020
v 31741.6550 -115146.4851 1068.5268
v 31750.0000 -115150.0000 1068.9427
v 31729.1360 -115150.0000 1067.9453
v 31729.2068 -115129.2068 1067.8483
v 31700.0000 -115147.7938 1066.5418
v 31700.0000 -115137.4071 1066.4917
v 31700.0000 -115147.7938 1066.5418
v 31729.2068 -115129.2068 1067.8483
v 31737.3165 -115137.3165 1068.2752
v 31750.0000 -115150.0000 1068.9427
v 31753.5359 -115153.5359 1068.9715
v 31750.0000 -115154.5287 1068.7923
v 31706.3872 -115156.3872 1066.6458
v 31700.0000 -115168.5672 1065.9751
v 31700.0000 -115158.1805 1066.2981
v 31700.0000 -115168.5672 1065.9751
v 31706.3872 -115156.3872 1066.6458
v 31714.4969 -115164.4969 1066.7642
v 31744.3582 -115156.1128 1068.4700
v 31750.0000 -115150.0000 1068.9427
v 31750.0000 -115154.5287 1068.7923
v 31714.4969 -115164.4969 1066.7642
v 31706.3872 -115156.3872 1066.6458
v 31729.1360 -115150.0000 1067.9453
v 31729.1360 -115150.0000 1067.9453
v 31744.3582 -115156.1128 1068.4700
v 31714.4969 -115164.4969 1066.7642
v 31729.1360 -115150.0000 1067.9453
v 31750.0000 -115150.0000 1068.9427
v 31744.3582 -115156.1128 1068.4700
v 31750.0000 -115150.0000 1068.9427
v 31766.1297 -115150.0000 1069.5933
v 31753.5359 -115153.5359 1068.9715
v 31736.2487 -115127.2296 1068.2376
v 31750.0000 -115133.7554 1068.9763
v 31738.9518 -115136.8573 1068.3656
v 31750.0000 -115133.7554 1068.9763
v 31736.2487 -115127.2296 1068.2376
v 31750.0000 -115123.3687 1068.9978
v 31736.2487 -115127.2296 1068.2376
v 31737.3165 -115137.3165 1068.2752
v 31729.2068 -115129.2068 1067.8483
v 31738.9518 -115136.8573 1068.3656
v 31737.3165 -115137.3165 1068.2752
v 31736.2487 -115127.2296 1068.2376
v 31750.0000 -115150.0000 1068.9427
v 31745.4262 -115145.4262 1068.7020
v 31750.0000 -115144.1420 1068.9548
v 31776.3555 -115126.3555 1070.0547
v 31800.0000 -115109.3302 1071.5083
v 31800.0000 -115119.7169 1071.3681
v 31800.0000 -115109.3302 1071.5083
v 31776.3555 -115126.3555 1070.0547
v 31768.2458 -115118.2458 1069.7444
v 31792.5750 -115142.5750 1070.6753
v 31800.0000 -115130.1036 1071.2280
v 31800.0000 -115140.4903 1071.0878
v 31800.0000 -115130.1036 1071.2280
v 31792.5750 -115142.5750 1070.6753
v 31784.4653 -115134.4653 1070.3650
v 31766.1297 -115150.0000 1069.5933
v 31750.0000 -115150.0000 1068.9427
v 31750.0000 -115144.1420 1068.9548
v 31784.4653 -115134.4653 1070.3650
v 31792.5750 -115142.5750 1070.6753
v 31766.1297 -115150.0000 1069.5933
v 31750.0000 -115144.1420 1068.9548
v 31784.4653 -115134.4653 1070.3650
v 31766.1297 -115150.0000 1069.5933
v 31768.2458 -115118.2458 1069.7444
v 31750.0000 -115133.7554 1068.9763
v 31750.0000 -115123.3687 1068.9978
v 31750.0000 -115133.7554 1068.9763
v 31768.2458 -115118.2458 1069.7444
v 31776.3555 -115126.3555 1070.0547
v 31870.2247 -115100.0000 1075.5522
v 31885.3630 -115085.3630 1076.3115
v 31893.4727 -115093.4727 1076.8112
v 31885.3630 -115085.3630 1076.3115
v 31870.2247 -115100.0000 1075.5522
v 31833.2310 -115100.0000 1073.4883
v 31893.4727 -115093.4727 1076.8112
v 31900.0000 -115081.2533 1077.1990
v 31900.0000 -115091.6400 1077.2070
v 31900.0000 -115081.2533 1077.1990
v 31893.4727 -115093.4727 1076.8112
v 31885.3630 -115085.3630 1076.3115
v 31800.0000 -115119.7169 1071.3681
v 31807.2849 -115107.2849 1071.7856
v 31815.3946 -115115.3946 1071.9542
v 31807.2849 -115107.2849 1071.7856
v 31800.0000 -115119.7169 1071.3681
v 31800.0000 -115109.3302 1071.5083
v 31800.0000 -115140.4903 1071.0878
v 31823.5043 -115123.5043 1072.1227
v 31831.6140 -115131.6140 1072.2912
v 31823.5043 -115123.5043 1072.1227
v 31800.0000 -115140.4903 1071.0878
v 31800.0000 -115130.1036 1071.2280
v 31832.5258 -115100.1980 1073.4420
v 31815.3946 -115115.3946 1071.9542
v 31807.2849 -115107.2849 1071.7856
v 31835.2290 -115109.8257 1073.2557
v 31833.2310 -115100.0000 1073.4883
v 31870.2247 -115100.0000 1075.5522
v 31835.2290 -115109.8257 1073.2557
v 31815.3946 -115115.3946 1071.9542
v 31832.5258 -115100.1980 1073.4420
v 31832.5258 -115100.1980 1073.4420
v 31833.2310 -115100.0000 1073.4883
v 31835.2290 -115109.8257 1073.2557
v 31837.9322 -115119.4534 1073.0695
v 31900.0000 -115112.4134 1076.7788
v 31840.6353 -115129.0811 1072.8832
v 31900.0000 -115112.4134 1076.7788
v 31837.9322 -115119.4534 1073.0695
v 31900.0000 -115102.0267 1077.1425
v 31837.9322 -115119.4534 1073.0695
v 31831.6140 -115131.6140 1072.2912
v 31823.5043 -115123.5043 1072.1227
v 31840.6353 -115129.0811 1072.8832
v 31831.6140 -115131.6140 1072.2912
v 31837.9322 -115119.4534 1073.0695
v 31979.6594 -115079.6594 1081.4645
v 31987.7680 -115087.7680 1081.9050
v 31976.7566 -115090.8625 1081.3176
v 31976.7566 -115090.8625 1081.3176
v 31974.0529 -115081.2349 1081.1654
v 31979.6594 -115079.6594 1081.4645
v 31944.2120 -115100.0000 1079.5815
v 31907.2184 -115100.0000 1077.6001
v 31934.2093 -115092.4218 1079.0399
v 31974.0529 -115081.2349 1081.1654
v 31976.7566 -115090.8625 1081.3176
v 31944.2120 -115100.0000 1079.5815
v 31944.2120 -115100.0000 1079.5815
v 31934.2093 -115092.4218 1079.0399
v 31974.0529 -115081.2349 1081.1654
v 31931.5062 -115082.7941 1078.8877
v 31900.0000 -115081.2533 1077.1990
v 31928.8030 -115073.1663 1078.7355
v 31900.0000 -115081.2533 1077.1990
v 31931.5062 -115082.7941 1078.8877
v 31900.0000 -115091.6400 1077.2070
v 31963.4410 -115063.4410 1080.5832
v 31971.5507 -115071.5507 1081.0239
v 31971.3491 -115071.6074 1081.0131
v 31931.5062 -115082.7941 1078.8877
v 31928.8030 -115073.1663 1078.7355
v 31963.4410 -115063.4410 1080.5832
v 31963.4410 -115063.4410 1080.5832
v 31971.3491 -115071.6074 1081.0131
v 31931.5062 -115082.7941 1078.8877
v 32000.0000 -115073.9431 1083.0315
v 31987.7680 -115087.7680 1081.9050
v 31979.6594 -115079.6594 1081.4645
v 31987.7680 -115087.7680 1081.9050
v 32000.0000 -115073.9431 1083.0315
v 32000.0000 -115084.3304 1082.8474
v 31968.6454 -115061.9798 1080.9841
v 31971.5507 -115071.5507 1081.0239
v 31963.4410 -115063.4410 1080.5832
v 31968.6454 -115061.9798 1080.9841
v 32000.0000 -115053.1683 1083.3996
v 32000.0000 -115063.5557 1083.2156
v 32000.0000 -115063.5557 1083.2156
v 31971.5507 -115071.5507 1081.0239
v 31968.6454 -115061.9798 1080.9841
v 31901.5824 -115101.5824 1077.2432
v 31900.0000 -115112.4134 1076.7788
v 31900.0000 -115102.0267 1077.1425
v 31900.0000 -115112.4134 1076.7788
v 31901.5824 -115101.5824 1077.2432
v 31909.6921 -115109.6921 1077.3959
v 31907.2184 -115100.0000 1077.6001
v 31909.6921 -115109.6921 1077.3959
v 31901.5824 -115101.5824 1077.2432
v 31907.2184 -115100.0000 1077.6001
v 31944.2120 -115100.0000 1079.5815
v 31936.9125 -115102.0495 1079.1194
v 31936.9125 -115102.0495 1079.1194
v 31909.6921 -115109.6921 1077.3959
v 31907.2184 -115100.0000 1077.6001
v 32048.2360 -115050.0000 1085.8163
v 32041.5044 -115041.5044 1085.4330
v 32049.6130 -115049.6130 1085.8812
v 32041.5044 -115041.5044 1085.4330
v 32048.2360 -115050.0000 1085.8163
v 32011.2739 -115050.0000 1084.0075
v 32057.7216 -115057.7216 1085.9652
v 32050.0000 -115070.2790 1085.3569
v 32050.0000 -115059.8916 1085.6364
v 32050.0000 -115070.2790 1085.3569
v 32057.7216 -115057.7216 1085.9652
v 32065.8303 -115065.8303 1086.0309
v 32018.6905 -115068.6905 1083.8675
v 32000.0000 -115084.3304 1082.8474
v 32000.0000 -115073.9431 1083.0315
v 32000.0000 -115084.3304 1082.8474
v 32018.6905 -115068.6905 1083.8675
v 32026.7991 -115076.7991 1084.0460
v 32002.4732 -115052.4732 1083.5103
v 32000.0000 -115063.5557 1083.2156
v 32000.0000 -115053.1683 1083.3996
v 32000.0000 -115063.5557 1083.2156
v 32002.4732 -115052.4732 1083.5103
v 32010.5819 -115060.5819 1083.6889
v 32010.5819 -115060.5819 1083.6889
v 32011.2739 -115050.0000 1084.0075
v 32048.2360 -115050.0000 1085.8163
v 32011.2739 -115050.0000 1084.0075
v 32010.5819 -115060.5819 1083.6889
v 32002.4732 -115052.4732 1083.5103
v 32026.7991 -115076.7991 1084.0460
v 32050.0000 -115059.8916 1085.6364
v 32050.0000 -115070.2790 1085.3569
v 32050.0000 -115059.8916 1085.6364
v 32026.7991 -115076.7991 1084.0460
v 32018.6905 -115068.6905 1083.8675
v 32070.3253 -115054.1797 1086.5747
v 32065.8303 -115065.8303 1086.0309
v 32057.7216 -115057.7216 1085.9652
v 32085.1980 -115050.0000 1087.2939
v 32100.0000 -115056.2276 1087.6832
v 32073.0307 -115063.8067 1086.3791
v 32100.0000 -115056.2276 1087.6832
v 32085.1980 -115050.0000 1087.2939
v 32100.0000 -115050.0000 1087.8789
v 32073.0307 -115063.8067 1086.3791
v 32065.8303 -115065.8303 1086.0309
v 32070.3253 -115054.1797 1086.5747
v 32070.3253 -115054.1797 1086.5747
v 32085.1980 -115050.0000 1087.2939
v 32073.0307 -115063.8067 1086.3791
v 32049.6130 -115049.6130 1085.8812
v 32050.0000 -115039.1169 1085.8158
v 32050.0000 -115049.5043 1085.8987
v 32050.0000 -115039.1169 1085.8158
v 32049.6130 -115049.6130 1085.8812
v 32041.5044 -115041.5044 1085.4330
v 32088.6442 -115038.6442 1087.3395
v 32100.0000 -115025.0655 1087.8819
v 32100.0000 -115035.4528 1087.8807
v 32100.0000 -115025.0655 1087.8819
v 32088.6442 -115038.6442 1087.3395
v 32080.5355 -115030.5355 1086.9543
v 32100.0000 -115050.0000 1087.8789
v 32096.7528 -115046.7528 1087.7247
v 32100.0000 -115045.8402 1087.8794
v 32096.7528 -115046.7528 1087.7247
v 32100.0000 -115050.0000 1087.8789
v 32085.1980 -115050.0000 1087.2939
v 32067.6198 -115044.5526 1086.5556
v 32050.0000 -115039.1169 1085.8158
v 32064.9143 -115034.9255 1086.3719
v 32050.0000 -115039.1169 1085.8158
v 32067.6198 -115044.5526 1086.5556
v 32050.0000 -115049.5043 1085.8987
v 32067.6198 -115044.5526 1086.5556
v 32080.5355 -115030.5355 1086.9543
v 32088.6442 -115038.6442 1087.3395
v 32064.9143 -115034.9255 1086.3719
v 32080.5355 -115030.5355 1086.9543
v 32067.6198 -115044.5526 1086.5556
v 32200.0000 -115000.0000 1092.9668
v 32189.1920 -115000.0000 1092.4175
v 32197.6290 -114997.6290 1092.8302
v 32200.0000 -115000.0000 1092.9668
v 32197.6290 -114997.6290 1092.8302
v 32200.0000 -114996.9626 1092.9470
v 32100.0000 -115050.0000 1087.8789
v 32107.9736 -115053.9868 1088.0685
v 32100.0000 -115056.2276 1087.6832
v 32100.0000 -115035.4528 1087.8807
v 32119.5667 -115019.5667 1088.3490
v 32127.6753 -115027.6753 1088.5413
v 32119.5667 -115019.5667 1088.3490
v 32100.0000 -115035.4528 1087.8807
v 32100.0000 -115025.0655 1087.8819
v 32135.7839 -115035.7839 1088.7337
v 32143.8926 -115043.8926 1088.9260
v 32107.9736 -115053.9868 1088.0685
v 32107.9736 -115053.9868 1088.0685
v 32100.0000 -115045.8402 1087.8794
v 32135.7839 -115035.7839 1088.7337
v 32107.9736 -115053.9868 1088.0685
v 32100.0000 -115050.0000 1087.8789
v 32100.0000 -115045.8402 1087.8794
v 32161.1850 -115007.8708 1090.7810
v 32127.6753 -115027.6753 1088.5413
v 32119.5667 -115019.5667 1088.3490
v 32189.1920 -115000.0000 1092.4175
v 32200.0000 -115000.0000 1092.9668
v 32200.0000 -115007.3500 1092.7676
v 32163.8904 -115017.4978 1090.6576
v 32161.1850 -115007.8708 1090.7810
v 32189.1920 -115000.0000 1092.4175
v 32161.1850 -115007.8708 1090.7810
v 32163.8904 -115017.4978 1090.6576
v 32127.6753 -115027.6753 1088.5413
v 32189.1920 -115000.0000 1092.4175
v 32200.0000 -115007.3500 1092.7676
v 32163.8904 -115017.4978 1090.6576
v 32166.5959 -115027.1249 1090.5341
v 32200.0000 -115028.1248 1092.2046
v 32169.3014 -115036.7520 1090.4107
v 32200.0000 -115028.1248 1092.2046
v 32166.5959 -115027.1249 1090.5341
v 32200.0000 -115017.7374 1092.4861
v 32166.5959 -115027.1249 1090.5341
v 32143.8926 -115043.8926 1088.9260
v 32135.7839 -115035.7839 1088.7337
v 32169.3014 -115036.7520 1090.4107
v 32143.8926 -115043.8926 1088.9260
v 32166.5959 -115027.1249 1090.5341
v 32226.1540 -115000.0000 1094.1294
v 32275.6912 -114975.6912 1096.1728
v 32283.7999 -114983.7999 1096.5862
v 32226.1540 -115000.0000 1094.1294
v 32200.0000 -115000.0000 1092.9668
v 32200.0000 -114996.9626 1092.9470
v 32200.0000 -114996.9626 1092.9470
v 32275.6912 -114975.6912 1096.1728
v 32226.1540 -115000.0000 1094.1294
v 32300.0000 -115000.0000 1097.4121
v 32263.1160 -115000.0000 1095.7725
v 32291.9085 -114991.9085 1096.9996
v 32283.7999 -114983.7999 1096.5862
v 32300.0000 -114968.8598 1097.3746
v 32300.0000 -114979.2472 1097.3871
v 32300.0000 -114968.8598 1097.3746
v 32283.7999 -114983.7999 1096.5862
v 32275.6912 -114975.6912 1096.1728
v 32300.0000 -115000.0000 1097.4121
v 32291.9085 -114991.9085 1096.9996
v 32300.0000 -114989.6346 1097.3996
v 32213.8462 -115013.8462 1093.1477
v 32200.0000 -115028.1248 1092.2046
v 32200.0000 -115017.7374 1092.4861
v 32200.0000 -115028.1248 1092.2046
v 32213.8462 -115013.8462 1093.1477
v 32221.9548 -115021.9548 1093.2537
v 32200.0000 -115000.0000 1092.9668
v 32205.7376 -115005.7376 1093.0418
v 32200.0000 -115007.3500 1092.7676
v 32263.1160 -115000.0000 1095.7725
v 32221.9548 -115021.9548 1093.2537
v 32213.8462 -115013.8462 1093.1477
v 32263.1160 -115000.0000 1095.7725
v 32300.0000 -115000.0000 1097.4121
v 32300.0000 -115000.0219 1097.4114
v 32300.0000 -115000.0219 1097.4114
v 32221.9548 -115021.9548 1093.2537
v 32263.1160 -115000.0000 1095.7725
v 32200.0000 -115000.0000 1092.9668
v 32226.1540 -115000.0000 1094.1294
v 32205.7376 -115005.7376 1093.0418
v 32300.0781 -115000.0000 1097.4150
v 32369.9708 -114969.9708 1099.9616
v 32378.0794 -114978.0794 1100.2710
v 32300.0781 -115000.0000 1097.4150
v 32300.0000 -115000.0000 1097.4121
v 32300.0000 -114989.6346 1097.3996
v 32300.0000 -114989.6346 1097.3996
v 32369.9708 -114969.9708 1099.9616
v 32300.0781 -115000.0000 1097.4150
v 32353.7535 -114953.7535 1099.3428
v 32300.0000 -114979.2472 1097.3871
v 32300.0000 -114968.8598 1097.3746
v 32300.0000 -114979.2472 1097.3871
v 32353.7535 -114953.7535 1099.3428
v 32361.8622 -114961.8622 1099.6522
v 32400.0000 -114950.0000 1102.3382
v 32388.1656 -114944.0828 1101.7409
v 32400.0000 -114940.7570 1102.2548
v 32400.0000 -114961.5317 1102.0543
v 32378.0794 -114978.0794 1100.2710
v 32369.9708 -114969.9708 1099.9616
v 32378.0794 -114978.0794 1100.2710
v 32400.0000 -114961.5317 1102.0543
v 32400.0000 -114971.9191 1101.7987
v 32361.8622 -114961.8622 1099.6522
v 32353.7535 -114953.7535 1099.3428
v 32388.1656 -114944.0828 1101.7409
v 32388.1656 -114944.0828 1101.7409
v 32400.0000 -114951.1444 1102.3100
v 32361.8622 -114961.8622 1099.6522
v 32388.1656 -114944.0828 1101.7409
v 32400.0000 -114950.0000 1102.3382
v 32400.0000 -114951.1444 1102.3100
v 32300.0000 -115000.0000 1097.4121
v 32300.0171 -115000.0171 1097.4122
v 32300.0000 -115000.0219 1097.4114
v 32300.0000 -115000.0000 1097.4121
v 32300.0781 -115000.0000 1097.4150
v 32300.0171 -115000.0171 1097.4122
v 32404.0720 -114950.0000 1102.5063
v 32431.8158 -114931.8158 1103.4882
v 32439.9245 -114939.9245 1103.8962
v 32404.0720 -114950.0000 1102.5063
v 32400.0000 -114950.0000 1102.3382
v 32400.0000 -114940.7570 1102.2548
v 32400.0000 -114940.7570 1102.2548
v 32431.8158 -114931.8158 1103.4882
v 32404.0720 -114950.0000 1102.5063
v 32450.0000 -114950.0000 1104.4031
v 32441.0341 -114950.0000 1104.0328
v 32448.0331 -114948.0331 1104.3041
v 32450.0000 -114950.0000 1104.4031
v 32456.1417 -114956.1417 1104.4484
v 32450.0000 -114957.8677 1104.1532
v 32409.0019 -114959.0019 1102.4240
v 32400.0000 -114971.9191 1101.7987
v 32400.0000 -114961.5317 1102.0543
v 32400.0000 -114971.9191 1101.7987
v 32409.0019 -114959.0019 1102.4240
v 32417.1106 -114967.1106 1102.5012
v 32400.0000 -114950.0000 1102.3382
v 32400.8933 -114950.8933 1102.3467
v 32400.0000 -114951.1444 1102.3100
v 32400.8933 -114950.8933 1102.3467
v 32400.0000 -114950.0000 1102.3382
v 32404.0720 -114950.0000 1102.5063
v 32441.0341 -114950.0000 1104.0328
v 32450.0000 -114950.0000 1104.4031
v 32450.0000 -114957.8677 1104.1532
v 32417.1106 -114967.1106 1102.5012
v 32409.0019 -114959.0019 1102.4240
v 32441.0341 -114950.0000 1104.0328
v 32450.0000 -114957.8677 1104.1532
v 32417.1106 -114967.1106 1102.5012
v 32441.0341 -114950.0000 1104.0328
v 32450.0000 -114950.0000 1104.4031
v 32458.1134 -114955.5876 1104.5432
v 32456.1417 -114956.1417 1104.4484
v 32458.1134 -114955.5876 1104.5432
v 32450.0000 -114950.0000 1104.4031
v 32477.9961 -114950.0000 1105.4993
v 32449.9969 -114926.7064 1104.3843
v 32450.0000 -114926.7056 1104.3845
v 32450.0000 -114937.0929 1104.3928
v 32439.9245 -114939.9245 1103.8962
v 32431.8158 -114931.8158 1103.4882
v 32449.9969 -114926.7064 1104.3843
v 32450.0000 -114937.0929 1104.3928
v 32439.9245 -114939.9245 1103.8962
v 32449.9969 -114926.7064 1104.3843
v 32450.0000 -114950.0000 1104.4031
v 32448.0331 -114948.0331 1104.3041
v 32450.0000 -114947.4803 1104.4011
v 32478.9556 -114928.9556 1105.5201
v 32500.0000 -114912.6541 1106.7359
v 32500.0000 -114923.0415 1106.6316
v 32500.0000 -114912.6541 1106.7359
v 32478.9556 -114928.9556 1105.5201
v 32470.8470 -114920.8470 1105.1961
v 32495.1728 -114945.1728 1106.1681
v 32500.0000 -114933.4289 1106.5273
v 32500.0000 -114943.8163 1106.4230
v 32500.0000 -114933.4289 1106.5273
v 32495.1728 -114945.1728 1106.1681
v 32487.0642 -114937.0642 1105.8441
v 32450.0000 -114950.0000 1104.4031
v 32450.0000 -114947.4803 1104.4011
v 32455.4079 -114945.9605 1104.6116
v 32455.4079 -114945.9605 1104.6116
v 32477.9961 -114950.0000 1105.4993
v 32450.0000 -114950.0000 1104.4031
v 32477.9961 -114950.0000 1105.4993
v 32487.0642 -114937.0642 1105.8441
v 32495.1728 -114945.1728 1106.1681
v 32455.4079 -114945.9605 1104.6116
v 32487.0642 -114937.0642 1105.8441
v 32477.9961 -114950.0000 1105.4993
v 32452.7024 -114936.3335 1104.4980
v 32450.0000 -114937.0929 1104.3928
v 32450.0000 -114926.7056 1104.3845
v 32452.7024 -114936.3335 1104.4980
v 32470.8470 -114920.8470 1105.1961
v 32478.9556 -114928.9556 1105.5201
v 32450.0000 -114926.7056 1104.3845
v 32470.8470 -114920.8470 1105.1961
v 32452.7024 -114936.3335 1104.4980
v 32581.9900 -114900.0000 1110.8186
v 32587.9404 -114887.9404 1111.0188
v 32596.0490 -114896.0490 1111.4684
v 32546.2676 -114899.6516 1109.0927
v 32581.9900 -114900.0000 1110.8186
v 32545.0280 -114900.0000 1109.0354
v 32581.9900 -114900.0000 1110.8186
v 32546.2676 -114899.6516 1109.0927
v 32587.9404 -114887.9404 1111.0188
v 32596.0490 -114896.0490 1111.4684
v 32600.0000 -114884.5513 1111.5889
v 32600.0000 -114894.9387 1111.6552
v 32600.0000 -114884.5513 1111.5889
v 32596.0490 -114896.0490 1111.4684
v 32587.9404 -114887.9404 1111.0188
v 32500.0000 -114923.0415 1106.6316
v 32509.8781 -114909.8781 1107.0300
v 32517.9867 -114917.9867 1107.1671
v 32509.8781 -114909.8781 1107.0300
v 32500.0000 -114923.0415 1106.6316
v 32500.0000 -114912.6541 1106.7359
v 32500.0000 -114943.8163 1106.4230
v 32526.0954 -114926.0954 1107.3042
v 32534.2040 -114934.2040 1107.4413
v 32526.0954 -114926.0954 1107.3042
v 32500.0000 -114943.8163 1106.4230
v 32500.0000 -114933.4289 1106.5273
v 32545.0280 -114900.0000 1109.0354
v 32517.9867 -114917.9867 1107.1671
v 32509.8781 -114909.8781 1107.0300
v 32545.0280 -114900.0000 1109.0354
v 32581.9900 -114900.0000 1110.8186
v 32548.9731 -114909.2787 1108.9349
v 32548.9731 -114909.2787 1108.9349
v 32517.9867 -114917.9867 1107.1671
v 32545.0280 -114900.0000 1109.0354
v 32551.6785 -114918.9058 1108.7638
v 32600.0000 -114905.3261 1111.5206
v 32600.0000 -114915.7135 1111.1951
v 32534.2040 -114934.2040 1107.4413
v 32526.0954 -114926.0954 1107.3042
v 32551.6785 -114918.9058 1108.7638
v 32551.6785 -114918.9058 1108.7638
v 32554.3840 -114928.5328 1108.5927
v 32534.2040 -114934.2040 1107.4413
v 32600.0000 -114915.7135 1111.1951
v 32554.3840 -114928.5328 1108.5927
v 32551.6785 -114918.9058 1108.7638
v 32655.9141 -114900.0000 1113.8683
v 32682.2199 -114882.2199 1114.7808
v 32690.3286 -114890.3286 1115.1488
v 32682.2199 -114882.2199 1114.7808
v 32655.9141 -114900.0000 1113.8683
v 32618.9521 -114900.0000 1112.4267
v 32666.0027 -114866.0027 1114.0447
v 32600.0000 -114894.9387 1111.6552
v 32600.0000 -114884.5513 1111.5889
v 32600.0000 -114894.9387 1111.6552
v 32666.0027 -114866.0027 1114.0447
v 32674.1113 -114874.1113 1114.4127
v 32700.0000 -114877.2232 1115.8999
v 32690.3286 -114890.3286 1115.1488
v 32682.2199 -114882.2199 1114.7808
v 32690.3286 -114890.3286 1115.1488
v 32700.0000 -114877.2232 1115.8999
v 32700.0000 -114887.6106 1115.7575
v 32700.0000 -114856.4485 1116.1845
v 32674.1113 -114874.1113 1114.4127
v 32666.0027 -114866.0027 1114.0447
v 32674.1113 -114874.1113 1114.4127
v 32700.0000 -114856.4485 1116.1845
v 32700.0000 -114866.8359 1116.0422
v 32604.1577 -114904.1577 1111.7222
v 32600.0000 -114915.7135 1111.1951
v 32600.0000 -114905.3261 1111.5206
v 32600.0000 -114915.7135 1111.1951
v 32604.1577 -114904.1577 1111.7222
v 32612.2663 -114912.2663 1111.7897
v 32618.9521 -114900.0000 1112.4267
v 32612.2663 -114912.2663 1111.7897
v 32604.1577 -114904.1577 1111.7222
v 32612.2663 -114912.2663 1111.7897
v 32618.9521 -114900.0000 1112.4267
v 32655.9141 -114900.0000 1113.8683
v 32750.0000 -114850.0000 1118.7045
v 32738.8089 -114845.5421 1118.1285
v 32744.0650 -114844.0650 1118.3736
v 32738.8089 -114845.5421 1118.1285
v 32750.0000 -114850.0000 1118.7045
v 32722.9460 -114850.0000 1117.3888
v 32760.2822 -114860.2822 1118.8533
v 32750.0000 -114873.5592 1118.1094
v 32750.0000 -114863.1718 1118.3718
v 32750.0000 -114873.5592 1118.1094
v 32760.2822 -114860.2822 1118.8533
v 32768.3909 -114868.3909 1118.9706
v 32750.0000 -114850.0000 1118.7045
v 32752.1736 -114852.1736 1118.7359
v 32750.0000 -114852.7844 1118.6341
v 32721.2511 -114871.2511 1116.7696
v 32700.0000 -114887.6106 1115.7575
v 32700.0000 -114877.2232 1115.8999
v 32700.0000 -114887.6106 1115.7575
v 32721.2511 -114871.2511 1116.7696
v 32729.3597 -114879.3597 1116.9591
v 32705.0338 -114855.0338 1116.3906
v 32700.0000 -114866.8359 1116.0422
v 32700.0000 -114856.4485 1116.1845
v 32700.0000 -114866.8359 1116.0422
v 32705.0338 -114855.0338 1116.3906
v 32713.1425 -114863.1425 1116.5801
v 32741.5144 -114855.1691 1118.1612
v 32750.0000 -114850.0000 1118.7045
v 32750.0000 -114852.7844 1118.6341
v 32713.1425 -114863.1425 1116.5801
v 32705.0338 -114855.0338 1116.3906
v 32722.9460 -114850.0000 1117.3888
v 32722.9460 -114850.0000 1117.3888
v 32741.5144 -114855.1691 1118.1612
v 32713.1425 -114863.1425 1116.5801
v 32722.9460 -114850.0000 1117.3888
v 32750.0000 -114850.0000 1118.7045
v 32741.5144 -114855.1691 1118.1612
v 32744.2198 -114864.7962 1118.0496
v 32750.0000 -114863.1718 1118.3718
v 32750.0000 -114873.5592 1118.1094
v 32729.3597 -114879.3597 1116.9591
v 32721.2511 -114871.2511 1116.7696
v 32744.2198 -114864.7962 1118.0496
v 32744.2198 -114864.7962 1118.0496
v 32746.9253 -114874.4233 1117.9381
v 32729.3597 -114879.3597 1116.9591
v 32750.0000 -114873.5592 1118.1094
v 32746.9253 -114874.4233 1117.9381
v 32744.2198 -114864.7962 1118.0496
v 32796.8701 -114850.0000 1120.8917
v 32768.3909 -114868.3909 1118.9706
v 32760.2822 -114860.2822 1118.8533
v 32796.8701 -114850.0000 1120.8917
v 32800.0000 -114850.0000 1121.0377
v 32800.0000 -114859.5078 1120.7316
v 32800.0000 -114859.5078 1120.7316
v 32768.3909 -114868.3909 1118.9706
v 32796.8701 -114850.0000 1120.8917
v 32750.0000 -114850.0000 1118.7045
v 32759.9081 -114850.0000 1119.1668
v 32752.1736 -114852.1736 1118.7359
v 32750.0000 -114850.0000 1118.7045
v 32744.0650 -114844.0650 1118.3736
v 32750.0000 -114842.3971 1118.6556
v 32791.2047 -114841.2047 1120.5707
v 32800.0000 -114828.3456 1121.0122
v 32800.0000 -114838.7330 1121.0244
v 32800.0000 -114828.3456 1121.0122
v 32791.2047 -114841.2047 1120.5707
v 32783.0961 -114833.0961 1120.1402
v 32800.0000 -114850.0000 1121.0377
v 32799.3134 -114849.3134 1121.0013
v 32800.0000 -114849.1204 1121.0367
v 32799.3134 -114849.3134 1121.0013
v 32800.0000 -114850.0000 1121.0377
v 32796.8701 -114850.0000 1120.8917
v 32759.9081 -114850.0000 1119.1668
v 32750.0000 -114850.0000 1118.7045
v 32750.0000 -114842.3971 1118.6556
v 32783.0961 -114833.0961 1120.1402
v 32791.2047 -114841.2047 1120.5707
v 32759.9081 -114850.0000 1119.1668
v 32750.0000 -114842.3971 1118.6556
v 32783.0961 -114833.0961 1120.1402
v 32759.9081 -114850.0000 1119.1668
v 32843.1960 -114847.3685 1122.8803
v 32838.3445 -114838.3445 1122.6624
v 32846.4531 -114846.4531 1123.0184
v 32833.8321 -114850.0000 1122.4833
v 32800.0000 -114850.0000 1121.0377
v 32800.0000 -114849.1204 1121.0367
v 32838.3445 -114838.3445 1122.6624
v 32843.1960 -114847.3685 1122.8803
v 32833.8321 -114850.0000 1122.4833
v 32800.0000 -114849.1204 1121.0367
v 32838.3445 -114838.3445 1122.6624
v 32833.8321 -114850.0000 1122.4833
v 32822.1273 -114822.1273 1121.9503
v 32800.0000 -114838.7330 1121.0244
v 32800.0000 -114828.3456 1121.0122
v 32800.0000 -114838.7330 1121.0244
v 32822.1273 -114822.1273 1121.9503
v 32830.2359 -114830.2359 1122.3063
v 32800.0000 -114850.0000 1121.0377
v 32807.4220 -114857.4220 1121.1112
v 32800.0000 -114859.5078 1120.7316
v 32807.4220 -114857.4220 1121.1112
v 32800.0000 -114850.0000 1121.0377
v 32833.8321 -114850.0000 1122.4833
v 32835.0795 -114818.4873 1122.6497
v 32850.0000 -114824.6816 1123.3736
v 32837.7850 -114828.1144 1122.7140
v 32850.0000 -114824.6816 1123.3736
v 32835.0795 -114818.4873 1122.6497
v 32850.0000 -114814.2942 1123.4555
v 32835.0795 -114818.4873 1122.6497
v 32830.2359 -114830.2359 1122.3063
v 32822.1273 -114822.1273 1121.9503
v 32837.7850 -114828.1144 1122.7140
v 32830.2359 -114830.2359 1122.3063
v 32835.0795 -114818.4873 1122.6497
v 32846.4531 -114846.4531 1123.0184
v 32850.0000 -114835.0690 1123.2918
v 32850.0000 -114845.4564 1123.2099
v 32846.4531 -114846.4531 1123.0184
v 32838.3445 -114838.3445 1122.6624
v 32840.4905 -114837.7414 1122.7782
v 32840.4905 -114837.7414 1122.7782
v 32850.0000 -114835.0690 1123.2918
v 32846.4531 -114846.4531 1123.0184
v 32869.2670 -114819.2670 1124.0380
v 32900.0000 -114800.2428 1125.6517
v 32900.0000 -114810.6302 1125.4713
v 32900.0000 -114800.2428 1125.6517
v 32869.2670 -114819.2670 1124.0380
v 32861.1584 -114811.1584 1123.8402
v 32885.4843 -114835.4843 1124.4335
v 32900.0000 -114821.0176 1125.2909
v 32900.0000 -114831.4050 1125.1105
v 32900.0000 -114821.0176 1125.2909
v 32885.4843 -114835.4843 1124.4335
v 32877.3757 -114827.3757 1124.2358
v 32877.3757 -114827.3757 1124.2358
v 32850.0000 -114845.4564 1123.2099
v 32850.0000 -114835.0690 1123.2918
v 32850.0000 -114845.4564 1123.2099
v 32877.3757 -114827.3757 1124.2358
v 32885.4843 -114835.4843 1124.4335
v 32861.1584 -114811.1584 1123.8402
v 32850.0000 -114824.6816 1123.3736
v 32850.0000 -114814.2942 1123.4555
v 32850.0000 -114824.6816 1123.3736
v 32861.1584 -114811.1584 1123.8402
v 32869.2670 -114819.2670 1124.0380
v 32937.8261 -114800.0000 1127.1455
v 32978.2518 -114778.2518 1128.5461
v 32986.3605 -114786.3605 1128.9368
v 32931.3502 -114791.4325 1126.8151
v 32937.8261 -114800.0000 1127.1455
v 32900.8640 -114800.0000 1125.6899
v 32937.8261 -114800.0000 1127.1455
v 32931.3502 -114791.4325 1126.8151
v 32978.2518 -114778.2518 1128.5461
v 33000.0000 -114800.0000 1129.5939
v 32974.7881 -114800.0000 1128.6011
v 32994.4691 -114794.4691 1129.3274
v 32986.3605 -114786.3605 1128.9368
v 33000.0000 -114772.1400 1129.4479
v 33000.0000 -114782.5274 1129.5023
v 33000.0000 -114772.1400 1129.4479
v 32986.3605 -114786.3605 1128.9368
v 32978.2518 -114778.2518 1128.5461
v 33000.0000 -114800.0000 1129.5939
v 32994.4691 -114794.4691 1129.3274
v 33000.0000 -114792.9147 1129.5568
v 32900.0000 -114810.6302 1125.4713
v 32900.1895 -114800.1895 1125.6576
v 32908.2982 -114808.2982 1125.7304
v 32900.1895 -114800.1895 1125.6576
v 32900.0000 -114810.6302 1125.4713
v 32900.0000 -114800.2428 1125.6517
v 32900.0000 -114831.4050 1125.1105
v 32916.4068 -114816.4068 1125.8031
v 32924.5154 -114824.5154 1125.8759
v 32916.4068 -114816.4068 1125.8031
v 32900.0000 -114831.4050 1125.1105
v 32900.0000 -114821.0176 1125.2909
v 32924.5154 -114824.5154 1125.8759
v 32916.4068 -114816.4068 1125.8031
v 32936.7612 -114810.6867 1126.7786
v 32936.7612 -114810.6867 1126.7786
v 32939.4666 -114820.3137 1126.5924
v 32924.5154 -114824.5154 1125.8759
v 32974.7881 -114800.0000 1128.6011
v 33000.0000 -114800.0000 1129.5939
v 33000.0000 -114803.3021 1129.4935
v 32939.4666 -114820.3137 1126.5924
v 32936.7612 -114810.6867 1126.7786
v 32974.7881 -114800.0000 1128.6011
v 32974.7881 -114800.0000 1128.6011
v 33000.0000 -114803.3021 1129.4935
v 32939.4666 -114820.3137 1126.5924
v 32900.8640 -114800.0000 1125.6899
v 32908.2982 -114808.2982 1125.7304
v 32900.1895 -114800.1895 1125.6576
v 32900.8640 -114800.0000 1125.6899
v 32937.8261 -114800.0000 1127.1455
v 32934.0557 -114801.0596 1126.9648
v 32934.0557 -114801.0596 1126.9648
v 32908.2982 -114808.2982 1125.7304
v 32900.8640 -114800.0000 1125.6899
v 33011.7502 -114800.0000 1129.9464
v 33072.5314 -114772.5314 1131.6259
v 33080.6400 -114780.6400 1131.9117
v 33011.7502 -114800.0000 1129.9464
v 33000.0000 -114800.0000 1129.5939
v 33000.0000 -114792.9147 1129.5568
v 33000.0000 -114792.9147 1129.5568
v 33072.5314 -114772.5314 1131.6259
v 33011.7502 -114800.0000 1129.9464
v 33056.3141 -114756.3141 1131.0544
v 33000.0000 -114782.5274 1129.5023
v 33000.0000 -114772.1400 1129.4479
v 33000.0000 -114782.5274 1129.5023
v 33056.3141 -114756.3141 1131.0544
v 33064.4227 -114764.4227 1131.3402
v 33100.0000 -114750.0000 1133.5554
v 33092.3654 -114746.1827 1133.2129
v 33100.0000 -114744.0372 1133.4820
v 33100.0000 -114764.8119 1133.2706
v 33080.6400 -114780.6400 1131.9117
v 33072.5314 -114772.5314 1131.6259
v 33080.6400 -114780.6400 1131.9117
v 33100.0000 -114764.8119 1133.2706
v 33100.0000 -114775.1993 1133.0708
v 33064.4227 -114764.4227 1131.3402
v 33056.3141 -114756.3141 1131.0544
v 33092.3654 -114746.1827 1133.2129
v 33092.3654 -114746.1827 1133.2129
v 33100.0000 -114754.4245 1133.4703
v 33064.4227 -114764.4227 1131.3402
v 33092.3654 -114746.1827 1133.2129
v 33100.0000 -114750.0000 1133.5554
v 33100.0000 -114754.4245 1133.4703
v 33000.0000 -114800.0000 1129.5939
v 33002.5777 -114802.5777 1129.5943
v 33000.0000 -114803.3021 1129.4935
v 33000.0000 -114800.0000 1129.5939
v 33011.7502 -114800.0000 1129.9464
v 33002.5777 -114802.5777 1129.5943
v 33126.5970 -114746.9500 1134.2380
v 33134.3764 -114734.3764 1134.2941
v 33142.4850 -114742.4850 1134.6133
v 33115.7441 -114750.0000 1133.9817
v 33100.0000 -114750.0000 1133.5554
v 33100.0000 -114744.0372 1133.4820
v 33123.8915 -114737.3230 1134.0464
v 33126.5970 -114746.9500 1134.2380
v 33115.7441 -114750.0000 1133.9817
v 33126.5970 -114746.9500 1134.2380
v 33123.8915 -114737.3230 1134.0464
v 33134.3764 -114734.3764 1134.2941
v 33115.7441 -114750.0000 1133.9817
v 33100.0000 -114744.0372 1133.4820
v 33123.8915 -114737.3230 1134.0464
v 33150.5937 -114750.5937 1134.9058
v 33150.0000 -114761.1479 1134.6134
v 33150.0000 -114750.7605 1134.8890
v 33150.0000 -114761.1479 1134.6134
v 33150.5937 -114750.5937 1134.9058
v 33158.7023 -114758.7023 1134.8592
v 33111.5625 -114761.5625 1133.5616
v 33100.0000 -114775.1993 1133.0708
v 33100.0000 -114764.8119 1133.2706
v 33100.0000 -114775.1993 1133.0708
v 33111.5625 -114761.5625 1133.5616
v 33119.6711 -114769.6711 1133.5660
v 33100.0000 -114750.0000 1133.5554
v 33103.4539 -114753.4539 1133.5572
v 33100.0000 -114754.4245 1133.4703
v 33103.4539 -114753.4539 1133.5572
v 33100.0000 -114750.0000 1133.5554
v 33115.7441 -114750.0000 1133.9817
v 33129.3025 -114756.5771 1134.1743
v 33150.0000 -114750.7605 1134.8890
v 33150.0000 -114761.1479 1134.6134
v 33119.6711 -114769.6711 1133.5660
v 33111.5625 -114761.5625 1133.5616
v 33129.3025 -114756.5771 1134.1743
v 33129.3025 -114756.5771 1134.1743
v 33132.0079 -114766.2042 1133.9920
v 33119.6711 -114769.6711 1133.5660
v 33150.0000 -114761.1479 1134.6134
v 33132.0079 -114766.2042 1133.9920
v 33129.3025 -114756.5771 1134.1743
v 33152.7061 -114750.0000 1134.9653
v 33158.7023 -114758.7023 1134.8592
v 33150.5937 -114750.5937 1134.9058
v 33158.7023 -114758.7023 1134.8592
v 33152.7061 -114750.0000 1134.9653
v 33189.6682 -114750.0000 1135.7306
v 33142.4850 -114742.4850 1134.6133
v 33150.0000 -114729.9857 1134.7402
v 33150.0000 -114740.3731 1134.8279
v 33150.0000 -114729.9857 1134.7402
v 33142.4850 -114742.4850 1134.6133
v 33134.3764 -114734.3764 1134.2941
v 33181.5162 -114731.5162 1135.4057
v 33200.0000 -114715.9343 1136.0144
v 33200.0000 -114726.3217 1135.9931
v 33200.0000 -114715.9343 1136.0144
v 33181.5162 -114731.5162 1135.4057
v 33173.4076 -114723.4076 1135.1694
v 33197.7334 -114747.7334 1135.8785
v 33200.0000 -114736.7091 1135.9718
v 33200.0000 -114747.0965 1135.9505
v 33200.0000 -114736.7091 1135.9718
v 33197.7334 -114747.7334 1135.8785
v 33189.6248 -114739.6248 1135.6421
v 33189.6248 -114739.6248 1135.6421
v 33189.6682 -114750.0000 1135.7306
v 33152.7061 -114750.0000 1134.9653
v 33189.6682 -114750.0000 1135.7306
v 33189.6248 -114739.6248 1135.6421
v 33197.7334 -114747.7334 1135.8785
v 33173.4076 -114723.4076 1135.1694
v 33150.0000 -114740.3731 1134.8279
v 33150.0000 -114729.9857 1134.7402
v 33150.0000 -114740.3731 1134.8279
v 33173.4076 -114723.4076 1135.1694
v 33181.5162 -114731.5162 1135.4057
v 33295.6875 -114700.0000 1139.0512
v 33290.8692 -114690.8692 1138.7887
v 33299.1689 -114699.1689 1139.1504
v 33295.6875 -114700.0000 1139.0512
v 33279.6260 -114693.5572 1138.4685
v 33279.8178 -114693.5073 1138.4739
v 33279.6260 -114693.5572 1138.4685
v 33295.6875 -114700.0000 1139.0512
v 33256.7001 -114700.0000 1137.8272
v 33279.8178 -114693.5073 1138.4739
v 33290.8692 -114690.8692 1138.7887
v 33295.6875 -114700.0000 1139.0512
v 33299.1689 -114699.1689 1139.1504
v 33300.0000 -114688.6896 1139.0362
v 33300.0000 -114698.9706 1139.1729
v 33300.0000 -114688.6896 1139.0362
v 33299.1689 -114699.1689 1139.1504
v 33290.8692 -114690.8692 1138.7887
v 33200.0000 -114726.3217 1135.9931
v 33212.4387 -114712.4387 1136.1258
v 33220.5473 -114720.5473 1136.1771
v 33212.4387 -114712.4387 1136.1258
v 33200.0000 -114726.3217 1135.9931
v 33200.0000 -114715.9343 1136.0144
v 33228.6560 -114728.6560 1136.2285
v 33236.7646 -114736.7646 1136.2798
v 33228.2786 -114739.1494 1136.2038
v 33228.2786 -114739.1494 1136.2038
v 33225.5731 -114729.5223 1136.2008
v 33228.6560 -114728.6560 1136.2285
v 33228.2786 -114739.1494 1136.2038
v 33200.0000 -114747.0965 1135.9505
v 33200.0000 -114736.7091 1135.9718
v 33200.0000 -114736.7091 1135.9718
v 33225.5731 -114729.5223 1136.2008
v 33228.2786 -114739.1494 1136.2038
v 33220.5473 -114720.5473 1136.1771
v 33212.4387 -114712.4387 1136.1258
v 33220.1622 -114710.2682 1136.4227
v 33220.1622 -114710.2682 1136.4227
v 33222.8676 -114719.8952 1136.2663
v 33220.5473 -114720.5473 1136.1771
v 33282.2361 -114703.2110 1138.5484
v 33256.7001 -114700.0000 1137.8272
v 33295.6875 -114700.0000 1139.0512
v 33220.1622 -114710.2682 1136.4227
v 33256.7001 -114700.0000 1137.8272
v 33222.8676 -114719.8952 1136.2663
v 33222.8676 -114719.8952 1136.2663
v 33256.7001 -114700.0000 1137.8272
v 33282.2361 -114703.2110 1138.5484
v 33284.8471 -114712.8687 1138.3883
v 33300.0000 -114709.2515 1138.9547
v 33300.0000 -114719.5325 1138.6970
v 33287.2654 -114722.5724 1138.2210
v 33236.7646 -114736.7646 1136.2798
v 33284.6554 -114712.9185 1138.3810
v 33284.6554 -114712.9185 1138.3810
v 33236.7646 -114736.7646 1136.2798
v 33228.6560 -114728.6560 1136.2285
v 33300.0000 -114719.5325 1138.6970
v 33287.2654 -114722.5724 1138.2210
v 33284.8471 -114712.8687 1138.3883
v 33284.6554 -114712.9185 1138.3810
v 33284.8471 -114712.8687 1138.3883
v 33287.2654 -114722.5724 1138.2210
v 33384.2433 -114699.4226 1141.0207
v 33388.1976 -114688.1976 1140.9579
v 33396.4974 -114696.4974 1141.2497
v 33381.9214 -114689.6958 1140.8406
v 33381.8243 -114700.0000 1140.9755
v 33338.7559 -114700.0000 1140.0339
v 33381.9214 -114689.6958 1140.8406
v 33388.1976 -114688.1976 1140.9579
v 33384.2433 -114699.4226 1141.0207
v 33384.2433 -114699.4226 1141.0207
v 33381.8243 -114700.0000 1140.9755
v 33381.9214 -114689.6958 1140.8406
v 33371.5982 -114671.5982 1140.3743
v 33300.0000 -114698.9706 1139.1729
v 33300.0000 -114688.6896 1139.0362
v 33371.5982 -114671.5982 1140.3743
v 33379.8979 -114679.8979 1140.6661
v 33379.5995 -114679.9691 1140.6605
v 33379.5995 -114679.9691 1140.6605
v 33300.0000 -114698.9706 1139.1729
v 33371.5982 -114671.5982 1140.3743
v 33377.2777 -114670.2424 1140.5288
v 33400.0000 -114664.8183 1141.1470
v 33400.0000 -114675.0993 1141.2130
v 33379.8979 -114679.8979 1140.6661
v 33371.5982 -114671.5982 1140.3743
v 33377.2777 -114670.2424 1140.5288
v 33400.0000 -114675.0993 1141.2130
v 33379.8979 -114679.8979 1140.6661
v 33377.2777 -114670.2424 1140.5288
v 33396.4974 -114696.4974 1141.2497
v 33400.0000 -114685.3803 1141.2790
v 33400.0000 -114695.6612 1141.3450
v 33400.0000 -114685.3803 1141.2790
v 33396.4974 -114696.4974 1141.2497
v 33388.1976 -114688.1976 1140.9579
v 33307.4687 -114707.4687 1139.1630
v 33300.0000 -114719.5325 1138.6970
v 33300.0000 -114709.2515 1138.9547
v 33300.0000 -114719.5325 1138.6970
v 33307.4687 -114707.4687 1139.1630
v 33315.7684 -114715.7684 1139.1368
v 33338.7559 -114700.0000 1140.0339
v 33315.7684 -114715.7684 1139.1368
v 33307.4687 -114707.4687 1139.1630
v 33315.7684 -114715.7684 1139.1368
v 33338.7559 -114700.0000 1140.0339
v 33381.8243 -114700.0000 1140.9755
v 33468.9266 -114668.9266 1142.4193
v 33400.0000 -114695.6612 1141.3450
v 33400.0000 -114685.3803 1141.2790
v 33400.0000 -114695.6612 1141.3450
v 33468.9266 -114668.9266 1142.4193
v 33477.2263 -114677.2263 1142.6226
v 33452.3272 -114652.3272 1142.0127
v 33400.0000 -114675.0993 1141.2130
v 33400.0000 -114664.8183 1141.1470
v 33400.0000 -114675.0993 1141.2130
v 33452.3272 -114652.3272 1142.0127
v 33460.6269 -114660.6269 1142.2160
v 33500.0000 -114650.0000 1144.1732
v 33487.7450 -114643.8725 1143.7513
v 33500.0000 -114640.9470 1144.0455
v 33479.1885 -114666.4770 1142.9230
v 33477.2263 -114677.2263 1142.6226
v 33468.9266 -114668.9266 1142.4193
v 33479.1885 -114666.4770 1142.9230
v 33500.0000 -114661.5090 1143.9447
v 33500.0000 -114671.7900 1143.7405
v 33481.5104 -114676.2037 1142.8329
v 33477.2263 -114677.2263 1142.6226
v 33479.1885 -114666.4770 1142.9230
v 33500.0000 -114671.7900 1143.7405
v 33481.5104 -114676.2037 1142.8329
v 33479.1885 -114666.4770 1142.9230
v 33476.8666 -114656.7502 1143.0132
v 33474.5447 -114647.0235 1143.1033
v 33487.7450 -114643.8725 1143.7513
v 33474.5447 -114647.0235 1143.1033
v 33460.6269 -114660.6269 1142.2160
v 33452.3272 -114652.3272 1142.0127
v 33487.7450 -114643.8725 1143.7513
v 33500.0000 -114651.2280 1144.1488
v 33476.8666 -114656.7502 1143.0132
v 33487.7450 -114643.8725 1143.7513
v 33500.0000 -114650.0000 1144.1732
v 33500.0000 -114651.2280 1144.1488
v 33476.8666 -114656.7502 1143.0132
v 33460.6269 -114660.6269 1142.2160
v 33474.5447 -114647.0235 1143.1033
v 33505.1443 -114650.0000 1144.2693
v 33533.0561 -114633.0561 1144.5523
v 33541.3558 -114641.3558 1144.8244
v 33505.1443 -114650.0000 1144.2693
v 33500.0000 -114650.0000 1144.1732
v 33500.0000 -114640.9470 1144.0455
v 33500.0000 -114640.9470 1144.0455
v 33533.0561 -114633.0561 1144.5523
v 33505.1443 -114650.0000 1144.2693
v 33550.0000 -114650.0000 1145.1079
v 33548.2127 -114650.0000 1145.0745
v 33549.6556 -114649.6556 1145.0966
v 33550.0000 -114650.0000 1145.1079
v 33557.9553 -114657.9553 1144.9982
v 33550.0000 -114659.8543 1144.8839
v 33509.2911 -114659.2911 1144.1357
v 33500.0000 -114671.7900 1143.7405
v 33500.0000 -114661.5090 1143.9447
v 33500.0000 -114671.7900 1143.7405
v 33509.2911 -114659.2911 1144.1357
v 33517.5908 -114667.5908 1144.1022
v 33500.0000 -114650.0000 1144.1732
v 33500.9914 -114650.9914 1144.1692
v 33500.0000 -114651.2280 1144.1488
v 33500.9914 -114650.9914 1144.1692
v 33500.0000 -114650.0000 1144.1732
v 33505.1443 -114650.0000 1144.2693
v 33548.2127 -114650.0000 1145.0745
v 33550.0000 -114650.0000 1145.1079
v 33550.0000 -114659.8543 1144.8839
v 33517.5908 -114667.5908 1144.1022
v 33509.2911 -114659.2911 1144.1357
v 33548.2127 -114650.0000 1145.0745
v 33550.0000 -114659.8543 1144.8839
v 33517.5908 -114667.5908 1144.1022
v 33548.2127 -114650.0000 1145.0745
v 33550.0000 -114650.0000 1145.1079
v 33578.7775 -114652.9848 1145.2928
v 33557.9553 -114657.9553 1144.9982
v 33578.7775 -114652.9848 1145.2928
v 33550.0000 -114650.0000 1145.1079
v 33591.2811 -114650.0000 1145.4698
v 33541.3558 -114641.3558 1144.8244
v 33550.0000 -114629.0114 1144.8593
v 33550.0000 -114639.2924 1144.9810
v 33550.0000 -114629.0114 1144.8593
v 33541.3558 -114641.3558 1144.8244
v 33533.0561 -114633.0561 1144.5523
v 33550.0000 -114650.0000 1145.1079
v 33549.6556 -114649.6556 1145.0966
v 33550.0000 -114649.5734 1145.1028
v 33581.7203 -114631.7203 1145.1695
v 33600.0000 -114617.0758 1145.4564
v 33600.0000 -114627.3567 1145.4844
v 33600.0000 -114617.0758 1145.4564
v 33581.7203 -114631.7203 1145.1695
v 33573.4206 -114623.4206 1144.9984
v 33598.3198 -114648.3198 1145.5116
v 33600.0000 -114637.6377 1145.5125
v 33600.0000 -114647.9187 1145.5406
v 33600.0000 -114637.6377 1145.5125
v 33598.3198 -114648.3198 1145.5116
v 33590.0201 -114640.0201 1145.3405
v 33550.0000 -114650.0000 1145.1079
v 33550.0000 -114649.5734 1145.1028
v 33576.4556 -114643.2581 1145.2600
v 33576.4556 -114643.2581 1145.2600
v 33591.2811 -114650.0000 1145.4698
v 33550.0000 -114650.0000 1145.1079
v 33591.2811 -114650.0000 1145.4698
v 33590.0201 -114640.0201 1145.3405
v 33598.3198 -114648.3198 1145.5116
v 33576.4556 -114643.2581 1145.2600
v 33590.0201 -114640.0201 1145.3405
v 33591.2811 -114650.0000 1145.4698
v 33574.1337 -114633.5314 1145.1244
v 33550.0000 -114639.2924 1144.9810
v 33550.0000 -114629.0114 1144.8593
v 33574.1337 -114633.5314 1145.1244
v 33573.4206 -114623.4206 1144.9984
v 33581.7203 -114631.7203 1145.1695
v 33550.0000 -114629.0114 1144.8593
v 33571.8118 -114623.8047 1144.9888
v 33574.1337 -114633.5314 1145.1244
v 33571.8118 -114623.8047 1144.9888
v 33573.4206 -114623.4206 1144.9984
v 33574.1337 -114633.5314 1145.1244
v 33700.0000 -114600.0000 1147.0569
v 33671.5327 -114600.0000 1146.5880
v 33694.5141 -114594.5141 1146.8762
v 33700.0000 -114600.0000 1147.0569
v 33694.5141 -114594.5141 1146.8762
v 33700.0000 -114593.2045 1146.9457
v 33600.0000 -114627.3567 1145.4844
v 33613.7851 -114613.7851 1145.3736
v 33622.0848 -114622.0848 1145.3518
v 33613.7851 -114613.7851 1145.3736
v 33600.0000 -114627.3567 1145.4844
v 33600.0000 -114617.0758 1145.4564
v 33600.0000 -114647.9187 1145.5406
v 33630.3845 -114630.3845 1145.3301
v 33638.6843 -114638.6843 1145.3083
v 33630.3845 -114630.3845 1145.3301
v 33600.0000 -114647.9187 1145.5406
v 33600.0000 -114637.6377 1145.5125
v 33669.0789 -114600.5858 1146.5364
v 33622.0848 -114622.0848 1145.3518
v 33613.7851 -114613.7851 1145.3736
v 33671.5327 -114600.0000 1146.5880
v 33700.0000 -114603.4855 1146.9904
v 33671.4008 -114610.3125 1146.3889
v 33700.0000 -114603.4855 1146.9904
v 33671.5327 -114600.0000 1146.5880
v 33700.0000 -114600.0000 1147.0569
v 33671.4008 -114610.3125 1146.3889
v 33622.0848 -114622.0848 1145.3518
v 33669.0789 -114600.5858 1146.5364
v 33669.0789 -114600.5858 1146.5364
v 33671.5327 -114600.0000 1146.5880
v 33671.4008 -114610.3125 1146.3889
v 33673.7227 -114620.0392 1146.2415
v 33700.0000 -114624.0474 1146.5977
v 33676.0445 -114629.7659 1146.0940
v 33700.0000 -114624.0474 1146.5977
v 33673.7227 -114620.0392 1146.2415
v 33700.0000 -114613.7664 1146.7941
v 33673.7227 -114620.0392 1146.2415
v 33638.6843 -114638.6843 1145.3083
v 33630.3845 -114630.3845 1145.3301
v 33676.0445 -114629.7659 1146.0940
v 33638.6843 -114638.6843 1145.3083
v 33673.7227 -114620.0392 1146.2415
v 33768.6678 -114587.0936 1147.7221
v 33775.2430 -114575.2430 1147.6120
v 33783.5428 -114583.5428 1147.8538
v 33714.6011 -114600.0000 1147.2433
v 33700.0000 -114600.0000 1147.0569
v 33700.0000 -114593.2045 1146.9457
v 33766.3459 -114577.3669 1147.5332
v 33768.6678 -114587.0936 1147.7221
v 33714.6011 -114600.0000 1147.2433
v 33768.6678 -114587.0936 1147.7221
v 33766.3459 -114577.3669 1147.5332
v 33775.2430 -114575.2430 1147.6120
v 33714.6011 -114600.0000 1147.2433
v 33700.0000 -114593.2045 1146.9457
v 33766.3459 -114577.3669 1147.5332
v 33800.0000 -114600.0000 1148.3332
v 33770.9897 -114596.8203 1147.9109
v 33791.8425 -114591.8425 1148.0956
v 33770.9897 -114596.8203 1147.9109
v 33800.0000 -114600.0000 1148.3332
v 33757.6695 -114600.0000 1147.7930
v 33783.5428 -114583.5428 1147.8538
v 33800.0000 -114569.3332 1148.0136
v 33800.0000 -114579.6142 1148.1208
v 33800.0000 -114569.3332 1148.0136
v 33783.5428 -114583.5428 1147.8538
v 33775.2430 -114575.2430 1147.6120
v 33800.0000 -114600.0000 1148.3332
v 33791.8425 -114591.8425 1148.0956
v 33800.0000 -114589.8952 1148.2279
v 33711.1135 -114611.1135 1146.9471
v 33700.0000 -114624.0474 1146.5977
v 33700.0000 -114613.7664 1146.7941
v 33700.0000 -114624.0474 1146.5977
v 33711.1135 -114611.1135 1146.9471
v 33719.4132 -114619.4132 1146.8652
v 33700.0000 -114600.0000 1147.0569
v 33702.8138 -114602.8138 1147.0291
v 33700.0000 -114603.4855 1146.9904
v 33757.6695 -114600.0000 1147.7930
v 33719.4132 -114619.4132 1146.8652
v 33711.1135 -114611.1135 1146.9471
v 33773.3116 -114606.5470 1147.8444
v 33800.0000 -114600.0000 1148.3332
v 33800.0000 -114600.1761 1148.3293
v 33773.3116 -114606.5470 1147.8444
v 33719.4132 -114619.4132 1146.8652
v 33757.6695 -114600.0000 1147.7930
v 33757.6695 -114600.0000 1147.7930
v 33800.0000 -114600.0000 1148.3332
v 33773.3116 -114606.5470 1147.8444
v 33700.0000 -114600.0000 1147.0569
v 33714.6011 -114600.0000 1147.2433
v 33702.8138 -114602.8138 1147.0291
v 33872.5714 -114572.5714 1147.2708
v 33880.8712 -114580.8712 1147.2685
v 33870.5787 -114583.3281 1147.4042
v 33870.5787 -114583.3281 1147.4042
v 33868.2568 -114573.6014 1147.3277
v 33872.5714 -114572.5714 1147.2708
v 33800.7379 -114600.0000 1148.3254
v 33800.0000 -114600.0000 1148.3332
v 33800.0000 -114589.8952 1148.2279
v 33800.0000 -114589.8952 1148.2279
v 33870.5787 -114583.3281 1147.4042
v 33800.7379 -114600.0000 1148.3254
v 33800.0000 -114589.8952 1148.2279
v 33868.2568 -114573.6014 1147.3277
v 33870.5787 -114583.3281 1147.4042
v 33855.9720 -114555.9720 1147.2754
v 33800.0000 -114579.6142 1148.1208
v 33800.0000 -114569.3332 1148.0136
v 33800.0000 -114579.6142 1148.1208
v 33855.9720 -114555.9720 1147.2754
v 33864.2717 -114564.2717 1147.2731
v 33863.6130 -114554.1480 1147.2153
v 33900.0000 -114545.4620 1146.9294
v 33900.0000 -114555.7429 1146.9923
v 33864.2717 -114564.2717 1147.2731
v 33855.9720 -114555.9720 1147.2754
v 33863.6130 -114554.1480 1147.2153
v 33863.6130 -114554.1480 1147.2153
v 33865.9349 -114563.8747 1147.2600
v 33864.2717 -114564.2717 1147.2731
v 33900.0000 -114555.7429 1146.9923
v 33865.9349 -114563.8747 1147.2600
v 33863.6130 -114554.1480 1147.2153
v 33880.8712 -114580.8712 1147.2685
v 33900.0000 -114566.0239 1147.0552
v 33900.0000 -114576.3049 1147.1181
v 33900.0000 -114566.0239 1147.0552
v 33880.8712 -114580.8712 1147.2685
v 33872.5714 -114572.5714 1147.2708
v 33800.0000 -114600.0000 1148.3332
v 33800.1422 -114600.1422 1148.3300
v 33800.0000 -114600.1761 1148.3293
v 33800.0000 -114600.0000 1148.3332
v 33800.7379 -114600.0000 1148.3254
v 33800.1422 -114600.1422 1148.3300
v 33900.0000 -114545.4620 1146.9294
v 33928.0720 -114538.7608 1146.4459
v 33922.7802 -114550.3050 1146.6000
v 33922.7802 -114550.3050 1146.6000
v 33900.0000 -114555.7429 1146.9923
v 33900.0000 -114545.4620 1146.9294
v 33900.0000 -114566.0239 1147.0552
v 33917.4883 -114561.8492 1146.7540
v 33912.1965 -114573.3934 1146.9081
v 33912.1965 -114573.3934 1146.9081
v 33900.0000 -114576.3049 1147.1181
v 33900.0000 -114566.0239 1147.0552
v 33956.4293 -114542.2725 1145.9025
v 33922.7802 -114550.3050 1146.6000
v 33928.0720 -114538.7608 1146.4459
v 33928.0720 -114538.7608 1146.4459
v 33953.9992 -114532.5717 1145.9085
v 33956.4293 -114542.2725 1145.9025
v 33917.4883 -114561.8492 1146.7540
v 33958.8037 -114551.9867 1145.8977
v 33961.1256 -114561.7134 1145.8939
v 33961.1256 -114561.7134 1145.8939
v 33912.1965 -114573.3934 1146.9081
v 33917.4883 -114561.8492 1146.7540
vt 126.95084 585.50000
vt 126.93704 585.45191
vt 126.98543 585.48887
vt 126.93704 585.45191
vt 126.95084 585.50000
vt 126.78760 585.50000
vt 126.98543 585.48887
vt 127.00000 585.43166
vt 127.00000 585.48418
vt 127.00000 585.43166
vt 126.98543 585.48887
vt 126.93704 585.45191
vt 127.00000 585.58923
vt 126.97370 585.59769
vt 126.98918 585.54019
vt 126.98918 585.54019
vt 127.00000 585.53671
vt 127.00000 585.58923
vt 126.73064 585.62338
vt 126.98918 585.54019
vt 126.97370 585.59769
vt 126.97370 585.59769
vt 126.74750 585.67048
vt 126.73064 585.62338
vt 126.78760 585.50000
vt 126.71456 585.57603
vt 126.69925 585.52843
vt 126.71456 585.57603
vt 126.78760 585.50000
vt 126.95084 585.50000
vt 127.27731 585.50000
vt 127.40605 585.40605
vt 127.44579 585.44579
vt 127.20584 585.47047
vt 127.27731 585.50000
vt 127.11407 585.50000
vt 127.27731 585.50000
vt 127.20584 585.47047
vt 127.40605 585.40605
vt 127.19053 585.42287
vt 127.00000 585.43166
vt 127.17521 585.37528
vt 127.00000 585.43166
vt 127.19053 585.42287
vt 127.00000 585.48418
vt 127.19053 585.42287
vt 127.32657 585.32657
vt 127.36631 585.36631
vt 127.17521 585.37528
vt 127.32657 585.32657
vt 127.19053 585.42287
vt 127.50000 585.37582
vt 127.44579 585.44579
vt 127.40605 585.40605
vt 127.44579 585.44579
vt 127.50000 585.37582
vt 127.50000 585.42834
vt 127.50000 585.27077
vt 127.36631 585.36631
vt 127.32657 585.32657
vt 127.36631 585.36631
vt 127.50000 585.27077
vt 127.50000 585.32329
vt 127.02777 585.52777
vt 127.00000 585.58923
vt 127.00000 585.53671
vt 127.00000 585.58923
vt 127.02777 585.52777
vt 127.06751 585.56751
vt 127.11407 585.50000
vt 127.06751 585.56751
vt 127.02777 585.52777
vt 127.11407 585.50000
vt 127.27731 585.50000
vt 127.22116 585.51807
vt 127.22116 585.51807
vt 127.06751 585.56751
vt 127.11407 585.50000
vt 127.72778 585.25000
vt 127.70485 585.20485
vt 127.74459 585.24459
vt 127.72778 585.25000
vt 127.56455 585.25000
vt 127.65118 585.22212
vt 127.65118 585.22212
vt 127.70485 585.20485
vt 127.72778 585.25000
vt 127.78433 585.28433
vt 127.75000 585.34790
vt 127.75000 585.29538
vt 127.75000 585.34790
vt 127.78433 585.28433
vt 127.82407 585.32407
vt 127.59519 585.34519
vt 127.50000 585.42834
vt 127.50000 585.37582
vt 127.50000 585.42834
vt 127.59519 585.34519
vt 127.63493 585.38493
vt 127.51571 585.26571
vt 127.50000 585.32329
vt 127.50000 585.27077
vt 127.50000 585.32329
vt 127.51571 585.26571
vt 127.55545 585.30545
vt 127.66649 585.26972
vt 127.56455 585.25000
vt 127.72778 585.25000
vt 127.56455 585.25000
vt 127.55545 585.30545
vt 127.51571 585.26571
vt 127.55545 585.30545
vt 127.56455 585.25000
vt 127.66649 585.26972
vt 127.68181 585.31732
vt 127.75000 585.29538
vt 127.75000 585.34790
vt 127.68181 585.31732
vt 127.63493 585.38493
vt 127.59519 585.34519
vt 127.75000 585.34790
vt 127.69713 585.36491
vt 127.68181 585.31732
vt 127.69713 585.36491
vt 127.63493 585.38493
vt 127.68181 585.31732
vt 127.89102 585.25000
vt 127.82407 585.32407
vt 127.78433 585.28433
vt 127.89102 585.25000
vt 128.00000 585.25000
vt 128.00000 585.26746
vt 128.00000 585.26746
vt 127.82407 585.32407
vt 127.89102 585.25000
vt 127.74459 585.24459
vt 127.75000 585.19033
vt 127.75000 585.24285
vt 127.75000 585.19033
vt 127.74459 585.24459
vt 127.70485 585.20485
vt 127.93373 585.18373
vt 128.00000 585.10988
vt 128.00000 585.16241
vt 128.00000 585.10988
vt 127.93373 585.18373
vt 127.89399 585.14399
vt 128.00000 585.25000
vt 127.97347 585.22347
vt 128.00000 585.21493
vt 127.97347 585.22347
vt 128.00000 585.25000
vt 127.89102 585.25000
vt 127.89399 585.14399
vt 127.75000 585.24285
vt 127.75000 585.19033
vt 127.75000 585.24285
vt 127.89399 585.14399
vt 127.93373 585.18373
vt 128.50000 585.00000
vt 128.34149 585.00000
vt 128.46141 584.96141
vt 128.50000 585.00000
vt 128.46141 584.96141
vt 128.50000 584.94900
vt 128.00000 585.25000
vt 128.02124 585.26062
vt 128.00000 585.26746
vt 128.00000 585.16241
vt 128.08313 585.08313
vt 128.12287 585.12287
vt 128.08313 585.08313
vt 128.00000 585.16241
vt 128.00000 585.10988
vt 128.15778 585.16416
vt 128.16261 585.16261
vt 128.17309 585.21176
vt 128.17309 585.21176
vt 128.16261 585.16261
vt 128.20235 585.20235
vt 128.02124 585.26062
vt 128.00000 585.25000
vt 128.00000 585.21493
vt 128.17309 585.21176
vt 128.02124 585.26062
vt 128.15778 585.16416
vt 128.00000 585.21493
vt 128.15778 585.16416
vt 128.02124 585.26062
vt 128.12715 585.06897
vt 128.12287 585.12287
vt 128.08313 585.08313
vt 128.34149 585.00000
vt 128.50000 585.00152
vt 128.14246 585.11657
vt 128.50000 585.00152
vt 128.34149 585.00000
vt 128.50000 585.00000
vt 128.14246 585.11657
vt 128.12287 585.12287
vt 128.12715 585.06897
vt 128.12715 585.06897
vt 128.34149 585.00000
vt 128.14246 585.11657
vt 128.20235 585.20235
vt 128.50000 585.05404
vt 128.50000 585.10657
vt 128.50000 585.05404
vt 128.20235 585.20235
vt 128.16261 585.16261
vt 128.61843 584.96341
vt 128.83969 584.83969
vt 128.87943 584.87943
vt 128.61843 584.96341
vt 128.50472 585.00000
vt 128.50000 584.94900
vt 128.50000 584.94900
vt 128.50472 585.00000
vt 128.50000 585.00000
vt 128.60311 584.91582
vt 128.83969 584.83969
vt 128.61843 584.96341
vt 128.50000 584.94900
vt 128.60311 584.91582
vt 128.61843 584.96341
vt 128.83119 585.00000
vt 128.91917 584.91917
vt 128.95891 584.95891
vt 128.91917 584.91917
vt 128.83119 585.00000
vt 128.66796 585.00000
vt 129.00000 584.89316
vt 128.95891 584.95891
vt 128.91917 584.91917
vt 128.95891 584.95891
vt 129.00000 584.89316
vt 129.00000 584.94568
vt 129.00000 584.78811
vt 128.87943 584.87943
vt 128.83969 584.83969
vt 128.87943 584.87943
vt 129.00000 584.78811
vt 129.00000 584.84063
vt 128.54089 585.04089
vt 128.50000 585.10657
vt 128.50000 585.05404
vt 128.50000 585.10657
vt 128.54089 585.04089
vt 128.58063 585.08063
vt 128.50000 585.00000
vt 128.50115 585.00115
vt 128.50000 585.00152
vt 128.63374 585.01101
vt 128.58063 585.08063
vt 128.54089 585.04089
vt 128.64906 585.05861
vt 128.66796 585.00000
vt 128.83119 585.00000
vt 128.64906 585.05861
vt 128.58063 585.08063
vt 128.63374 585.01101
vt 128.63374 585.01101
vt 128.66796 585.00000
vt 128.64906 585.05861
vt 128.50000 585.00000
vt 128.50472 585.00000
vt 128.50115 585.00115
vt 129.25000 584.75000
vt 129.11843 584.75000
vt 129.21797 584.71797
vt 129.29745 584.79745
vt 129.25000 584.86524
vt 129.25000 584.81271
vt 129.25000 584.86524
vt 129.29745 584.79745
vt 129.33719 584.83719
vt 129.25000 584.75000
vt 129.25771 584.75771
vt 129.25000 584.76019
vt 129.10831 584.85831
vt 129.00000 584.94568
vt 129.00000 584.89316
vt 129.00000 584.94568
vt 129.10831 584.85831
vt 129.14805 584.89805
vt 129.02883 584.77883
vt 129.00000 584.84063
vt 129.00000 584.78811
vt 129.00000 584.84063
vt 129.02883 584.77883
vt 129.06857 584.81857
vt 129.11843 584.75000
vt 129.25000 584.75000
vt 129.25000 584.76019
vt 129.06857 584.81857
vt 129.02883 584.77883
vt 129.11843 584.75000
vt 129.25000 584.76019
vt 129.06857 584.81857
vt 129.11843 584.75000
vt 129.14805 584.89805
vt 129.25000 584.81271
vt 129.25000 584.86524
vt 129.25000 584.81271
vt 129.14805 584.89805
vt 129.10831 584.85831
vt 129.44490 584.75000
vt 129.33719 584.83719
vt 129.29745 584.79745
vt 129.44490 584.75000
vt 129.50000 584.75000
vt 129.50000 584.78480
vt 129.50000 584.78480
vt 129.33719 584.83719
vt 129.44490 584.75000
vt 129.25000 584.75000
vt 129.28167 584.75000
vt 129.25771 584.75771
vt 129.25000 584.75000
vt 129.21797 584.71797
vt 129.25000 584.70766
vt 129.44685 584.69685
vt 129.50000 584.62722
vt 129.50000 584.67975
vt 129.50000 584.62722
vt 129.44685 584.69685
vt 129.40711 584.65711
vt 129.50000 584.75000
vt 129.48659 584.73659
vt 129.50000 584.73227
vt 129.48659 584.73659
vt 129.50000 584.75000
vt 129.44490 584.75000
vt 129.28167 584.75000
vt 129.25000 584.75000
vt 129.25000 584.70766
vt 129.40711 584.65711
vt 129.44685 584.69685
vt 129.28167 584.75000
vt 129.25000 584.70766
vt 129.40711 584.65711
vt 129.28167 584.75000
vt 130.00000 584.50000
vt 129.89537 584.50000
vt 129.97453 584.47453
vt 130.00000 584.50000
vt 129.97453 584.47453
vt 130.00000 584.46633
vt 129.50000 584.75000
vt 129.54234 584.77117
vt 129.50000 584.78480
vt 129.59625 584.59625
vt 129.63599 584.63599
vt 129.57036 584.65711
vt 129.57036 584.65711
vt 129.55504 584.60951
vt 129.59625 584.59625
vt 129.57036 584.65711
vt 129.50000 584.67975
vt 129.50000 584.62722
vt 129.50000 584.62722
vt 129.55504 584.60951
vt 129.57036 584.65711
vt 129.58568 584.70470
vt 129.60099 584.75230
vt 129.54234 584.77117
vt 129.60099 584.75230
vt 129.67573 584.67573
vt 129.71546 584.71546
vt 129.54234 584.77117
vt 129.50000 584.75000
vt 129.50000 584.73227
vt 129.58568 584.70470
vt 129.67573 584.67573
vt 129.60099 584.75230
vt 129.50000 584.73227
vt 129.58568 584.70470
vt 129.54234 584.77117
vt 129.89537 584.50000
vt 129.63599 584.63599
vt 129.59625 584.59625
vt 129.89537 584.50000
vt 130.00000 584.50000
vt 130.00000 584.51886
vt 130.00000 584.51886
vt 129.63599 584.63599
vt 129.89537 584.50000
vt 129.71546 584.71546
vt 130.00000 584.57138
vt 130.00000 584.62391
vt 130.00000 584.57138
vt 129.71546 584.71546
vt 129.67573 584.67573
vt 130.05861 584.50000
vt 130.35281 584.35281
vt 130.39255 584.39255
vt 130.00000 584.50000
vt 130.00000 584.46633
vt 130.03101 584.45636
vt 130.03101 584.45636
vt 130.05861 584.50000
vt 130.00000 584.50000
vt 130.03101 584.45636
vt 130.35281 584.35281
vt 130.05861 584.50000
vt 130.38508 584.50000
vt 130.43229 584.43229
vt 130.47202 584.47202
vt 130.43229 584.43229
vt 130.38508 584.50000
vt 130.22184 584.50000
vt 130.39255 584.39255
vt 130.50000 584.30545
vt 130.50000 584.35797
vt 130.50000 584.30545
vt 130.39255 584.39255
vt 130.35281 584.35281
vt 130.47202 584.47202
vt 130.50000 584.41050
vt 130.50000 584.46302
vt 130.50000 584.41050
vt 130.47202 584.47202
vt 130.43229 584.43229
vt 130.07696 584.59915
vt 130.00000 584.62391
vt 130.00000 584.57138
vt 130.05401 584.55401
vt 130.09374 584.59374
vt 130.07696 584.59915
vt 130.00000 584.57138
vt 130.05401 584.55401
vt 130.07696 584.59915
vt 130.00000 584.50000
vt 130.01427 584.51427
vt 130.00000 584.51886
vt 130.06164 584.55155
vt 130.09374 584.59374
vt 130.05401 584.55401
vt 130.09374 584.59374
vt 130.22184 584.50000
vt 130.38508 584.50000
vt 130.22184 584.50000
vt 130.09374 584.59374
vt 130.06164 584.55155
vt 130.00000 584.50000
vt 130.04633 584.50395
vt 130.01427 584.51427
vt 130.04633 584.50395
vt 130.00000 584.50000
vt 130.05861 584.50000
vt 130.50000 584.41050
vt 130.53745 584.39845
vt 130.55269 584.44607
vt 130.55269 584.44607
vt 130.50000 584.46302
vt 130.50000 584.41050
vt 130.55269 584.44607
vt 130.81206 584.31206
vt 130.85193 584.35193
vt 130.53745 584.39845
vt 130.53761 584.39840
vt 130.55269 584.44607
vt 130.53761 584.39840
vt 130.81206 584.31206
vt 130.55269 584.44607
vt 130.50000 584.30545
vt 130.50713 584.30315
vt 130.52237 584.35077
vt 130.52237 584.35077
vt 130.50000 584.35797
vt 130.50000 584.30545
vt 130.52237 584.35077
vt 130.73231 584.23231
vt 130.77218 584.27218
vt 130.50713 584.30315
vt 130.50729 584.30310
vt 130.52237 584.35077
vt 130.50729 584.30310
vt 130.73231 584.23231
vt 130.52237 584.35077
vt 130.98442 584.15300
vt 131.00000 584.14810
vt 131.00000 584.20051
vt 130.77218 584.27218
vt 130.73231 584.23231
vt 130.98442 584.15300
vt 130.98442 584.15300
vt 130.99941 584.20070
vt 130.77218 584.27218
vt 131.00000 584.20051
vt 130.99941 584.20070
vt 130.98442 584.15300
vt 130.85193 584.35193
vt 131.00000 584.25293
vt 131.00000 584.30534
vt 131.00000 584.25293
vt 130.85193 584.35193
vt 130.81206 584.31206
vt 131.50000 584.00000
vt 131.47129 584.00000
vt 131.49313 583.99313
vt 131.50000 584.00000
vt 131.49313 583.99313
vt 131.50000 583.99098
vt 131.02940 584.29609
vt 131.00000 584.25293
vt 131.01441 584.24840
vt 131.00000 584.25293
vt 131.02940 584.29609
vt 131.00000 584.30534
vt 131.02940 584.29609
vt 131.19245 584.19245
vt 131.23233 584.23233
vt 131.01441 584.24840
vt 131.19245 584.19245
vt 131.02940 584.29609
vt 131.11269 584.11269
vt 131.00000 584.20051
vt 131.00000 584.14810
vt 131.00000 584.20051
vt 131.11269 584.11269
vt 131.15257 584.15257
vt 131.15257 584.15257
vt 131.11269 584.11269
vt 131.46142 584.00310
vt 131.46142 584.00310
vt 131.47641 584.05080
vt 131.15257 584.15257
vt 131.47129 584.00000
vt 131.50000 584.00000
vt 131.50000 584.04339
vt 131.47641 584.05080
vt 131.46142 584.00310
vt 131.47129 584.00000
vt 131.47129 584.00000
vt 131.50000 584.04339
vt 131.47641 584.05080
vt 131.49140 584.09850
vt 131.50000 584.09580
vt 131.50000 584.14821
vt 131.23233 584.23233
vt 131.19245 584.19245
vt 131.49140 584.09850
vt 131.50000 584.14821
vt 131.23233 584.23233
vt 131.49140 584.09850
vt 131.63807 584.00000
vt 131.87358 583.87358
vt 131.91346 583.91346
vt 131.63807 584.00000
vt 131.50000 584.00000
vt 131.50000 583.99098
vt 131.50000 583.99098
vt 131.87358 583.87358
vt 131.63807 584.00000
vt 131.95334 583.95334
vt 131.99322 583.99322
vt 131.98339 583.99630
vt 131.97163 584.00000
vt 131.80485 584.00000
vt 131.95334 583.95334
vt 131.95334 583.95334
vt 131.98339 583.99630
vt 131.97163 584.00000
vt 131.93842 583.85320
vt 132.00000 583.88626
vt 131.95341 583.90090
vt 132.00000 583.88626
vt 131.93842 583.85320
vt 132.00000 583.83385
vt 131.93842 583.85320
vt 131.91346 583.91346
vt 131.87358 583.87358
vt 131.95341 583.90090
vt 131.91346 583.91346
vt 131.93842 583.85320
vt 131.96840 583.94860
vt 132.00000 583.93867
vt 132.00000 583.99109
vt 131.96840 583.94860
vt 131.99322 583.99322
vt 131.95334 583.95334
vt 132.00000 583.99109
vt 131.99322 583.99322
vt 131.96840 583.94860
vt 131.50639 584.14620
vt 131.50000 584.14821
vt 131.50000 584.09580
vt 131.57289 584.07289
vt 131.61277 584.11277
vt 131.50639 584.14620
vt 131.50000 584.09580
vt 131.57289 584.07289
vt 131.50639 584.14620
vt 131.50000 584.00000
vt 131.53301 584.03301
vt 131.50000 584.04339
vt 131.80485 584.00000
vt 131.61277 584.11277
vt 131.57289 584.07289
vt 131.61277 584.11277
vt 131.80485 584.00000
vt 131.97163 584.00000
vt 131.50000 584.00000
vt 131.63807 584.00000
vt 131.53301 584.03301
vt 132.33378 583.83378
vt 132.00000 583.99109
vt 132.00000 583.93867
vt 132.00000 583.99109
vt 132.33378 583.83378
vt 132.37366 583.87366
vt 132.25403 583.75403
vt 132.00000 583.88626
vt 132.00000 583.83385
vt 132.00000 583.88626
vt 132.25403 583.75403
vt 132.29390 583.79390
vt 132.29390 583.79390
vt 132.50000 583.67673
vt 132.50000 583.72914
vt 132.50000 583.67673
vt 132.29390 583.79390
vt 132.25403 583.75403
vt 132.37366 583.87366
vt 132.50000 583.78155
vt 132.50000 583.83396
vt 132.50000 583.78155
vt 132.37366 583.87366
vt 132.33378 583.83378
vt 132.71423 583.71423
vt 132.50000 583.83396
vt 132.50000 583.78155
vt 132.50000 583.83396
vt 132.71423 583.71423
vt 132.75411 583.75411
vt 132.63447 583.63447
vt 132.50000 583.72914
vt 132.50000 583.67673
vt 132.50000 583.72914
vt 132.63447 583.63447
vt 132.67435 583.67435
vt 132.89243 583.55341
vt 133.00000 583.51960
vt 133.00000 583.57202
vt 132.89243 583.55341
vt 132.67435 583.67435
vt 132.63447 583.63447
vt 133.00000 583.57202
vt 132.90742 583.60111
vt 132.89243 583.55341
vt 132.90742 583.60111
vt 132.67435 583.67435
vt 132.89243 583.55341
vt 132.92241 583.64881
vt 133.00000 583.62443
vt 133.00000 583.67684
vt 132.92241 583.64881
vt 132.75411 583.75411
vt 132.71423 583.71423
vt 133.00000 583.67684
vt 132.93740 583.69651
vt 132.92241 583.64881
vt 132.93740 583.69651
vt 132.75411 583.75411
vt 132.92241 583.64881
vt 133.38442 583.45121
vt 133.39536 583.39536
vt 133.43524 583.43524
vt 133.36943 583.40351
vt 133.22917 583.50000
vt 133.06239 583.50000
vt 133.36943 583.40351
vt 133.39536 583.39536
vt 133.38442 583.45121
vt 133.38442 583.45121
vt 133.22917 583.50000
vt 133.36943 583.40351
vt 133.50000 583.50000
vt 133.39941 583.49891
vt 133.47512 583.47512
vt 133.39941 583.49891
vt 133.50000 583.50000
vt 133.39595 583.50000
vt 133.43524 583.43524
vt 133.50000 583.36248
vt 133.50000 583.41489
vt 133.50000 583.36248
vt 133.43524 583.43524
vt 133.39536 583.39536
vt 133.50000 583.50000
vt 133.47512 583.47512
vt 133.50000 583.46730
vt 133.09467 583.59467
vt 133.00000 583.67684
vt 133.00000 583.62443
vt 133.00000 583.67684
vt 133.09467 583.59467
vt 133.13455 583.63455
vt 133.01492 583.51492
vt 133.00000 583.57202
vt 133.00000 583.51960
vt 133.00000 583.57202
vt 133.01492 583.51492
vt 133.05480 583.55480
vt 133.39595 583.50000
vt 133.13455 583.63455
vt 133.09467 583.59467
vt 133.50000 583.50000
vt 133.50000 583.51971
vt 133.41440 583.54661
vt 133.41440 583.54661
vt 133.39595 583.50000
vt 133.50000 583.50000
vt 133.41440 583.54661
vt 133.13455 583.63455
vt 133.39595 583.50000
vt 133.06239 583.50000
vt 133.05480 583.55480
vt 133.01492 583.51492
vt 133.05480 583.55480
vt 133.06239 583.50000
vt 133.22917 583.50000
vt 133.85557 583.35557
vt 133.89544 583.39544
vt 133.89140 583.39672
vt 133.56273 583.50000
vt 133.50000 583.46730
vt 133.85557 583.35557
vt 133.50000 583.46730
vt 133.56273 583.50000
vt 133.50000 583.50000
vt 133.85557 583.35557
vt 133.89140 583.39672
vt 133.56273 583.50000
vt 133.77581 583.27581
vt 133.50000 583.41489
vt 133.50000 583.36248
vt 133.50000 583.41489
vt 133.77581 583.27581
vt 133.81569 583.31569
vt 134.00000 583.25000
vt 133.94517 583.22259
vt 134.00000 583.20536
vt 133.87641 583.34902
vt 133.89544 583.39544
vt 133.85557 583.35557
vt 133.87641 583.34902
vt 134.00000 583.31018
vt 134.00000 583.36259
vt 134.00000 583.36259
vt 133.89544 583.39544
vt 133.87641 583.34902
vt 133.86142 583.30132
vt 133.84643 583.25362
vt 133.94517 583.22259
vt 133.84643 583.25362
vt 133.81569 583.31569
vt 133.77581 583.27581
vt 133.94517 583.22259
vt 134.00000 583.25777
vt 133.86142 583.30132
vt 133.94517 583.22259
vt 134.00000 583.25000
vt 134.00000 583.25777
vt 133.86142 583.30132
vt 133.81569 583.31569
vt 133.84643 583.25362
vt 133.50000 583.50000
vt 133.51500 583.51500
vt 133.50000 583.51971
vt 133.50000 583.50000
vt 133.56273 583.50000
vt 133.51500 583.51500
vt 134.02472 583.25000
vt 134.15625 583.15625
vt 134.19613 583.19613
vt 134.02472 583.25000
vt 134.00000 583.25000
vt 134.00000 583.20536
vt 134.00000 583.20536
vt 134.15625 583.15625
vt 134.02472 583.25000
vt 134.25000 583.25000
vt 134.19150 583.25000
vt 134.23601 583.23601
vt 134.25000 583.25000
vt 134.27589 583.27589
vt 134.25000 583.28403
vt 134.04579 583.29579
vt 134.00000 583.36259
vt 134.00000 583.31018
vt 134.00000 583.36259
vt 134.04579 583.29579
vt 134.08567 583.33567
vt 134.00000 583.25000
vt 134.00591 583.25591
vt 134.00000 583.25777
vt 134.00591 583.25591
vt 134.00000 583.25000
vt 134.02472 583.25000
vt 134.19150 583.25000
vt 134.25000 583.25000
vt 134.25000 583.28403
vt 134.08567 583.33567
vt 134.04579 583.29579
vt 134.19150 583.25000
vt 134.25000 583.28403
vt 134.08567 583.33567
vt 134.19150 583.25000
vt 134.25000 583.25000
vt 134.35828 583.25000
vt 134.27589 583.27589
vt 134.19613 583.19613
vt 134.25000 583.12679
vt 134.25000 583.17921
vt 134.25000 583.12679
vt 134.19613 583.19613
vt 134.15625 583.15625
vt 134.25000 583.25000
vt 134.23601 583.23601
vt 134.25000 583.23162
vt 134.38636 583.13636
vt 134.50000 583.04823
vt 134.50000 583.10064
vt 134.50000 583.04823
vt 134.38636 583.13636
vt 134.34648 583.09648
vt 134.46611 583.21611
vt 134.50000 583.15305
vt 134.50000 583.20546
vt 134.50000 583.15305
vt 134.46611 583.21611
vt 134.42623 583.17623
vt 134.35828 583.25000
vt 134.25000 583.25000
vt 134.25000 583.23162
vt 134.35341 583.19912
vt 134.42623 583.17623
vt 134.36840 583.24682
vt 134.36840 583.24682
vt 134.42623 583.17623
vt 134.46611 583.21611
vt 134.25000 583.23162
vt 134.35341 583.19912
vt 134.35828 583.25000
vt 134.36840 583.24682
vt 134.35828 583.25000
vt 134.35341 583.19912
vt 134.33842 583.15142
vt 134.25000 583.12679
vt 134.32343 583.10372
vt 134.25000 583.12679
vt 134.33842 583.15142
vt 134.25000 583.17921
vt 134.33842 583.15142
vt 134.34648 583.09648
vt 134.38636 583.13636
vt 134.32343 583.10372
vt 134.34648 583.09648
vt 134.33842 583.15142
vt 134.82027 583.00000
vt 134.91715 582.91715
vt 134.95702 582.95702
vt 134.80044 582.95382
vt 134.82027 583.00000
vt 134.65349 583.00000
vt 134.82027 583.00000
vt 134.80044 582.95382
vt 134.91715 582.91715
vt 135.00000 583.00000
vt 134.98705 583.00000
vt 134.99690 582.99690
vt 134.95702 582.95702
vt 135.00000 582.89111
vt 135.00000 582.94352
vt 135.00000 582.89111
vt 134.95702 582.95702
vt 134.91715 582.91715
vt 135.00000 583.00000
vt 134.99690 582.99690
vt 135.00000 582.99593
vt 134.50000 583.10064
vt 134.53670 583.03670
vt 134.57658 583.07658
vt 134.53670 583.03670
vt 134.50000 583.10064
vt 134.50000 583.04823
vt 134.50000 583.20546
vt 134.61646 583.11646
vt 134.65634 583.15634
vt 134.61646 583.11646
vt 134.50000 583.20546
vt 134.50000 583.15305
vt 134.83041 583.04922
vt 134.65634 583.15634
vt 134.61646 583.11646
vt 134.83041 583.04922
vt 134.98705 583.00000
vt 135.00000 583.04834
vt 135.00000 583.04834
vt 134.98705 583.00000
vt 135.00000 583.00000
vt 134.84540 583.09692
vt 134.65634 583.15634
vt 134.83041 583.04922
vt 135.00000 583.04834
vt 134.84540 583.09692
vt 134.83041 583.04922
vt 134.65349 583.00000
vt 134.57658 583.07658
vt 134.53670 583.03670
vt 134.65349 583.00000
vt 134.82027 583.00000
vt 134.81543 583.00152
vt 134.81543 583.00152
vt 134.57658 583.07658
vt 134.65349 583.00000
vt 135.15383 583.00000
vt 135.37735 582.87735
vt 135.41723 582.91723
vt 135.15383 583.00000
vt 135.00000 583.00000
vt 135.00000 582.99593
vt 135.00000 582.99593
vt 135.37735 582.87735
vt 135.15383 583.00000
vt 135.29759 582.79759
vt 135.00000 582.94352
vt 135.00000 582.89111
vt 135.00000 582.94352
vt 135.29759 582.79759
vt 135.33747 582.83747
vt 135.50000 582.75000
vt 135.48033 582.74017
vt 135.50000 582.73398
vt 135.50000 582.83881
vt 135.41723 582.91723
vt 135.37735 582.87735
vt 135.41723 582.91723
vt 135.50000 582.83881
vt 135.50000 582.89122
vt 135.33747 582.83747
vt 135.29759 582.79759
vt 135.48033 582.74017
vt 135.48033 582.74017
vt 135.50000 582.78640
vt 135.33747 582.83747
vt 135.48033 582.74017
vt 135.50000 582.75000
vt 135.50000 582.78640
vt 135.00000 583.00000
vt 135.03678 583.03678
vt 135.00000 583.04834
vt 135.00000 583.00000
vt 135.15383 583.00000
vt 135.03678 583.03678
vt 135.61582 582.75000
vt 135.67804 582.67804
vt 135.71792 582.71792
vt 135.61582 582.75000
vt 135.50000 582.75000
vt 135.50000 582.73398
vt 135.50000 582.73398
vt 135.67804 582.67804
vt 135.61582 582.75000
vt 135.75779 582.75779
vt 135.75000 582.81265
vt 135.75000 582.76024
vt 135.75000 582.81265
vt 135.75779 582.75779
vt 135.79767 582.79767
vt 135.56757 582.81757
vt 135.50000 582.89122
vt 135.50000 582.83881
vt 135.50000 582.89122
vt 135.56757 582.81757
vt 135.60745 582.85745
vt 135.50000 582.75000
vt 135.52769 582.77769
vt 135.50000 582.78640
vt 135.52769 582.77769
vt 135.50000 582.75000
vt 135.61582 582.75000
vt 135.60745 582.85745
vt 135.75000 582.76024
vt 135.75000 582.81265
vt 135.75000 582.76024
vt 135.60745 582.85745
vt 135.56757 582.81757
vt 135.78260 582.75000
vt 135.79767 582.79767
vt 135.75779 582.75779
vt 135.79941 582.79713
vt 135.78260 582.75000
vt 135.94938 582.75000
vt 135.78260 582.75000
vt 135.79941 582.79713
vt 135.79767 582.79767
vt 135.71792 582.71792
vt 135.75000 582.65542
vt 135.75000 582.70783
vt 135.75000 582.65542
vt 135.71792 582.71792
vt 135.67804 582.67804
vt 135.90814 582.65814
vt 136.00000 582.57686
vt 136.00000 582.62927
vt 136.00000 582.57686
vt 135.90814 582.65814
vt 135.86826 582.61826
vt 135.98790 582.73790
vt 136.00000 582.68168
vt 136.00000 582.73409
vt 136.00000 582.68168
vt 135.98790 582.73790
vt 135.94802 582.69802
vt 135.94938 582.75000
vt 135.78260 582.75000
vt 135.78442 582.74943
vt 135.94802 582.69802
vt 135.98790 582.73790
vt 135.94938 582.75000
vt 135.94938 582.75000
vt 135.78442 582.74943
vt 135.94802 582.69802
vt 135.76943 582.70173
vt 135.75000 582.65542
vt 135.75444 582.65403
vt 135.75000 582.65542
vt 135.76943 582.70173
vt 135.75000 582.70783
vt 135.76943 582.70173
vt 135.86826 582.61826
vt 135.90814 582.65814
vt 135.75444 582.65403
vt 135.86826 582.61826
vt 135.76943 582.70173
vt 136.41093 582.50000
vt 136.43880 582.43880
vt 136.47866 582.47866
vt 136.43880 582.43880
vt 136.41093 582.50000
vt 136.24455 582.50000
vt 136.47866 582.47866
vt 136.50000 582.41951
vt 136.50000 582.47194
vt 136.50000 582.41951
vt 136.47866 582.47866
vt 136.43880 582.43880
vt 136.00000 582.62927
vt 136.05848 582.55848
vt 136.09836 582.59836
vt 136.05848 582.55848
vt 136.00000 582.62927
vt 136.00000 582.57686
vt 136.00000 582.73409
vt 136.13824 582.63824
vt 136.17812 582.67812
vt 136.13824 582.63824
vt 136.00000 582.73409
vt 136.00000 582.68168
vt 136.23141 582.50414
vt 136.09836 582.59836
vt 136.05848 582.55848
vt 136.24455 582.50000
vt 136.41093 582.50000
vt 136.24641 582.55184
vt 136.24641 582.55184
vt 136.23141 582.50414
vt 136.24455 582.50000
vt 136.24641 582.55184
vt 136.09836 582.59836
vt 136.23141 582.50414
vt 136.26141 582.59953
vt 136.50000 582.57678
vt 136.27641 582.64723
vt 136.50000 582.57678
vt 136.26141 582.59953
vt 136.50000 582.52436
vt 136.26141 582.59953
vt 136.17812 582.67812
vt 136.13824 582.63824
vt 136.27641 582.64723
vt 136.17812 582.67812
vt 136.26141 582.59953
vt 136.73844 582.44923
vt 136.89739 582.39739
vt 136.75383 582.49681
vt 136.75383 582.49681
vt 136.89739 582.39739
vt 136.93705 582.43705
vt 136.73844 582.44923
vt 136.74369 582.50000
vt 136.57731 582.50000
vt 136.75383 582.49681
vt 136.75359 582.49688
vt 136.73844 582.44923
vt 136.75359 582.49688
vt 136.74369 582.50000
vt 136.73844 582.44923
vt 136.72306 582.40165
vt 136.50000 582.47194
vt 136.50000 582.41951
vt 136.70792 582.35400
vt 136.81808 582.31808
vt 136.72330 582.40158
vt 136.72330 582.40158
vt 136.81808 582.31808
vt 136.85774 582.35774
vt 136.50000 582.41951
vt 136.70792 582.35400
vt 136.72306 582.40165
vt 136.72330 582.40158
vt 136.72306 582.40165
vt 136.70792 582.35400
vt 137.00000 582.36393
vt 136.93705 582.43705
vt 136.89739 582.39739
vt 136.93705 582.43705
vt 137.00000 582.36393
vt 137.00000 582.41652
vt 137.00000 582.25875
vt 136.85774 582.35774
vt 136.81808 582.31808
vt 136.85774 582.35774
vt 137.00000 582.25875
vt 137.00000 582.31134
vt 136.51852 582.51852
vt 136.50000 582.57678
vt 136.50000 582.52436
vt 136.50000 582.57678
vt 136.51852 582.51852
vt 136.55839 582.55839
vt 136.57731 582.50000
vt 136.55839 582.55839
vt 136.51852 582.51852
vt 136.55839 582.55839
vt 136.57731 582.50000
vt 136.74369 582.50000
vt 137.19512 582.19512
vt 137.23477 582.23477
vt 137.19842 582.24663
vt 137.19842 582.24663
vt 137.18292 582.19909
vt 137.19512 582.19512
vt 137.18292 582.19909
vt 137.18809 582.25000
vt 137.02682 582.25000
vt 137.19842 582.24663
vt 137.18809 582.25000
vt 137.18292 582.19909
vt 137.27443 582.27443
vt 137.25000 582.33499
vt 137.25000 582.28240
vt 137.25000 582.33499
vt 137.27443 582.27443
vt 137.31409 582.31409
vt 137.08591 582.33591
vt 137.00000 582.41652
vt 137.00000 582.36393
vt 137.00000 582.41652
vt 137.08591 582.33591
vt 137.12557 582.37557
vt 137.00660 582.25660
vt 137.00000 582.31134
vt 137.00000 582.25875
vt 137.00000 582.31134
vt 137.00660 582.25660
vt 137.04625 582.29625
vt 137.04625 582.29625
vt 137.02682 582.25000
vt 137.18809 582.25000
vt 137.02682 582.25000
vt 137.04625 582.29625
vt 137.00660 582.25660
vt 137.21392 582.29417
vt 137.25000 582.28240
vt 137.25000 582.33499
vt 137.12557 582.37557
vt 137.08591 582.33591
vt 137.21392 582.29417
vt 137.21392 582.29417
vt 137.22943 582.34170
vt 137.12557 582.37557
vt 137.25000 582.33499
vt 137.22943 582.34170
vt 137.21392 582.29417
vt 137.34935 582.25000
vt 137.31409 582.31409
vt 137.27443 582.27443
vt 137.34935 582.25000
vt 137.50000 582.25000
vt 137.50000 582.25346
vt 137.50000 582.25346
vt 137.31409 582.31409
vt 137.34935 582.25000
vt 137.23477 582.23477
vt 137.25000 582.17722
vt 137.25000 582.22981
vt 137.25000 582.17722
vt 137.23477 582.23477
vt 137.19512 582.19512
vt 137.42329 582.17329
vt 137.50000 582.09568
vt 137.50000 582.14828
vt 137.50000 582.09568
vt 137.42329 582.17329
vt 137.38363 582.13363
vt 137.50000 582.25000
vt 137.46295 582.21295
vt 137.50000 582.20087
vt 137.46295 582.21295
vt 137.50000 582.25000
vt 137.34935 582.25000
vt 137.38363 582.13363
vt 137.25000 582.22981
vt 137.25000 582.17722
vt 137.25000 582.22981
vt 137.38363 582.13363
vt 137.42329 582.17329
vt 137.95466 582.00000
vt 137.94919 581.94919
vt 137.98885 581.98885
vt 137.94919 581.94919
vt 137.95466 582.00000
vt 137.79340 582.00000
vt 137.98885 581.98885
vt 138.00000 581.93262
vt 138.00000 581.98521
vt 138.00000 581.93262
vt 137.98885 581.98885
vt 137.94919 581.94919
vt 137.50000 582.25000
vt 137.50419 582.25209
vt 137.50000 582.25346
vt 137.50000 582.14828
vt 137.57215 582.07215
vt 137.61181 582.11181
vt 137.57215 582.07215
vt 137.50000 582.14828
vt 137.50000 582.09568
vt 137.65147 582.15147
vt 137.69113 582.19113
vt 137.50419 582.25209
vt 137.50419 582.25209
vt 137.50000 582.20087
vt 137.65147 582.15147
vt 137.50419 582.25209
vt 137.50000 582.25000
vt 137.50000 582.20087
vt 137.79340 582.00000
vt 137.61181 582.11181
vt 137.57215 582.07215
vt 137.61181 582.11181
vt 137.79340 582.00000
vt 137.95466 582.00000
vt 137.68928 582.13914
vt 138.00000 582.03781
vt 138.00000 582.09040
vt 137.69113 582.19113
vt 137.65147 582.15147
vt 137.68928 582.13914
vt 137.68928 582.13914
vt 137.70479 582.18667
vt 137.69113 582.19113
vt 138.00000 582.09040
vt 137.70479 582.18667
vt 137.68928 582.13914
vt 138.27719 582.00000
vt 138.40555 581.90555
vt 138.44520 581.94520
vt 138.16464 581.98411
vt 138.27719 582.00000
vt 138.11592 582.00000
vt 138.27719 582.00000
vt 138.16464 581.98411
vt 138.40555 581.90555
vt 138.14914 581.93658
vt 138.00000 581.93262
vt 138.13364 581.88904
vt 138.00000 581.93262
vt 138.14914 581.93658
vt 138.00000 581.98521
vt 138.14914 581.93658
vt 138.32623 581.82623
vt 138.36589 581.86589
vt 138.13364 581.88904
vt 138.32623 581.82623
vt 138.14914 581.93658
vt 138.50000 581.87474
vt 138.44520 581.94520
vt 138.40555 581.90555
vt 138.44520 581.94520
vt 138.50000 581.87474
vt 138.50000 581.92733
vt 138.50000 581.76956
vt 138.36589 581.86589
vt 138.32623 581.82623
vt 138.36589 581.86589
vt 138.50000 581.76956
vt 138.50000 581.82215
vt 138.02851 582.02851
vt 138.00000 582.09040
vt 138.00000 582.03781
vt 138.00000 582.09040
vt 138.02851 582.02851
vt 138.06817 582.06817
vt 138.11592 582.00000
vt 138.06817 582.06817
vt 138.02851 582.02851
vt 138.11592 582.00000
vt 138.27719 582.00000
vt 138.18015 582.03165
vt 138.18015 582.03165
vt 138.06817 582.06817
vt 138.11592 582.00000
vt 138.72124 581.75000
vt 138.70327 581.70327
vt 138.74293 581.74293
vt 138.72124 581.75000
vt 138.55997 581.75000
vt 138.60900 581.73401
vt 138.60900 581.73401
vt 138.70327 581.70327
vt 138.72124 581.75000
vt 138.78258 581.78258
vt 138.75000 581.84580
vt 138.75000 581.79321
vt 138.75000 581.84580
vt 138.78258 581.78258
vt 138.82224 581.82224
vt 138.59407 581.84407
vt 138.50000 581.92733
vt 138.50000 581.87474
vt 138.50000 581.92733
vt 138.59407 581.84407
vt 138.63372 581.88372
vt 138.51475 581.76475
vt 138.50000 581.82215
vt 138.50000 581.76956
vt 138.50000 581.82215
vt 138.51475 581.76475
vt 138.55441 581.80441
vt 138.55997 581.75000
vt 138.72124 581.75000
vt 138.62450 581.78155
vt 138.55441 581.80441
vt 138.51475 581.76475
vt 138.55997 581.75000
vt 138.55997 581.75000
vt 138.62450 581.78155
vt 138.55441 581.80441
vt 138.64000 581.82908
vt 138.75000 581.79321
vt 138.75000 581.84580
vt 138.63372 581.88372
vt 138.59407 581.84407
vt 138.64000 581.82908
vt 138.64000 581.82908
vt 138.65550 581.87662
vt 138.63372 581.88372
vt 138.75000 581.84580
vt 138.65550 581.87662
vt 138.64000 581.82908
vt 138.88250 581.75000
vt 138.82224 581.82224
vt 138.78258 581.78258
vt 138.88250 581.75000
vt 139.00000 581.75000
vt 139.00000 581.76427
vt 139.00000 581.76427
vt 138.82224 581.82224
vt 138.88250 581.75000
vt 138.74293 581.74293
vt 138.75000 581.68803
vt 138.75000 581.74062
vt 138.75000 581.68803
vt 138.74293 581.74293
vt 138.70327 581.70327
vt 138.93145 581.68145
vt 139.00000 581.60650
vt 139.00000 581.65909
vt 139.00000 581.60650
vt 138.93145 581.68145
vt 138.89179 581.64179
vt 139.00000 581.75000
vt 138.97110 581.72110
vt 139.00000 581.71168
vt 138.97110 581.72110
vt 139.00000 581.75000
vt 138.88250 581.75000
vt 138.89179 581.64179
vt 138.75000 581.74062
vt 138.75000 581.68803
vt 138.75000 581.74062
vt 138.89179 581.64179
vt 138.93145 581.68145
vt 139.48781 581.50000
vt 139.45734 581.45734
vt 139.49700 581.49700
vt 139.45734 581.45734
vt 139.48781 581.50000
vt 139.32655 581.50000
vt 139.49700 581.49700
vt 139.50000 581.44343
vt 139.50000 581.49603
vt 139.50000 581.44343
vt 139.49700 581.49700
vt 139.45734 581.45734
vt 139.00000 581.75000
vt 139.01728 581.75864
vt 139.00000 581.76427
vt 139.09986 581.62652
vt 139.08031 581.58031
vt 139.11996 581.61996
vt 139.09986 581.62652
vt 139.00000 581.65909
vt 139.00000 581.60650
vt 139.00000 581.60650
vt 139.08031 581.58031
vt 139.09986 581.62652
vt 139.15962 581.65962
vt 139.19928 581.69928
vt 139.01728 581.75864
vt 139.01728 581.75864
vt 139.00000 581.71168
vt 139.15962 581.65962
vt 139.01728 581.75864
vt 139.00000 581.75000
vt 139.00000 581.71168
vt 139.11996 581.61996
vt 139.08031 581.58031
vt 139.08436 581.57899
vt 139.32655 581.50000
vt 139.48781 581.50000
vt 139.11996 581.61996
vt 139.11996 581.61996
vt 139.08436 581.57899
vt 139.32655 581.50000
vt 139.19928 581.69928
vt 139.50000 581.54862
vt 139.50000 581.60121
vt 139.50000 581.54862
vt 139.19928 581.69928
vt 139.15962 581.65962
vt 139.81034 581.50000
vt 139.91370 581.41370
vt 139.95336 581.45336
vt 139.91370 581.41370
vt 139.81034 581.50000
vt 139.64908 581.50000
vt 139.57522 581.47149
vt 139.50000 581.44343
vt 139.55972 581.42396
vt 139.50000 581.44343
vt 139.57522 581.47149
vt 139.50000 581.49603
vt 139.57522 581.47149
vt 139.83438 581.33438
vt 139.87404 581.37404
vt 139.55972 581.42396
vt 139.83438 581.33438
vt 139.57522 581.47149
vt 140.00000 581.38555
vt 139.95336 581.45336
vt 139.91370 581.41370
vt 139.95336 581.45336
vt 140.00000 581.38555
vt 140.00000 581.43815
vt 140.00000 581.28037
vt 139.87404 581.37404
vt 139.83438 581.33438
vt 139.87404 581.37404
vt 140.00000 581.28037
vt 140.00000 581.33296
vt 139.53666 581.53666
vt 139.50000 581.60121
vt 139.50000 581.54862
vt 139.50000 581.60121
vt 139.53666 581.53666
vt 139.57632 581.57632
vt 139.59072 581.51903
vt 139.57632 581.57632
vt 139.53666 581.53666
vt 139.64908 581.50000
vt 139.81034 581.50000
vt 139.60622 581.56657
vt 139.60622 581.56657
vt 139.59072 581.51903
vt 139.64908 581.50000
vt 139.60622 581.56657
vt 139.57632 581.57632
vt 139.59072 581.51903
vt 140.25000 581.25000
vt 140.09314 581.25000
vt 140.21143 581.21143
vt 140.29075 581.29075
vt 140.25000 581.35663
vt 140.25000 581.30404
vt 140.25000 581.35663
vt 140.29075 581.29075
vt 140.33041 581.33041
vt 140.25000 581.25000
vt 140.25109 581.25109
vt 140.25000 581.25145
vt 140.00000 581.38555
vt 140.06608 581.36400
vt 140.08158 581.41154
vt 140.08158 581.41154
vt 140.00000 581.43815
vt 140.00000 581.38555
vt 140.08749 581.40961
vt 140.10222 581.35222
vt 140.14188 581.39188
vt 140.08749 581.40961
vt 140.08158 581.41154
vt 140.06608 581.36400
vt 140.07199 581.36208
vt 140.10222 581.35222
vt 140.08749 581.40961
vt 140.06608 581.36400
vt 140.07199 581.36208
vt 140.08749 581.40961
vt 140.05058 581.31647
vt 140.00000 581.33296
vt 140.00000 581.28037
vt 140.05649 581.31454
vt 140.02290 581.27290
vt 140.06256 581.31256
vt 140.00000 581.28037
vt 140.02290 581.27290
vt 140.05058 581.31647
vt 140.05058 581.31647
vt 140.02290 581.27290
vt 140.05649 581.31454
vt 140.09314 581.25000
vt 140.25000 581.25000
vt 140.25000 581.25145
vt 140.06256 581.31256
vt 140.04099 581.26700
vt 140.09314 581.25000
vt 140.06256 581.31256
vt 140.02290 581.27290
vt 140.03508 581.26893
vt 140.25000 581.25145
vt 140.06256 581.31256
vt 140.09314 581.25000
vt 140.06256 581.31256
vt 140.03508 581.26893
vt 140.04099 581.26700
vt 140.14188 581.39188
vt 140.25000 581.30404
vt 140.25000 581.35663
vt 140.25000 581.30404
vt 140.14188 581.39188
vt 140.10222 581.35222
vt 140.41573 581.25000
vt 140.33041 581.33041
vt 140.29075 581.29075
vt 140.41573 581.25000
vt 140.50000 581.25000
vt 140.50000 581.27511
vt 140.50000 581.27511
vt 140.33041 581.33041
vt 140.41573 581.25000
vt 140.25000 581.25000
vt 140.25443 581.25000
vt 140.25109 581.25109
vt 140.25000 581.25000
vt 140.21143 581.21143
vt 140.25000 581.19886
vt 140.43962 581.18962
vt 140.50000 581.11734
vt 140.50000 581.16993
vt 140.50000 581.11734
vt 140.43962 581.18962
vt 140.39996 581.14996
vt 140.50000 581.25000
vt 140.47928 581.22928
vt 140.50000 581.22252
vt 140.47928 581.22928
vt 140.50000 581.25000
vt 140.41573 581.25000
vt 140.25443 581.25000
vt 140.25000 581.25000
vt 140.25000 581.19886
vt 140.39996 581.14996
vt 140.43962 581.18962
vt 140.25443 581.25000
vt 140.25000 581.19886
vt 140.39996 581.14996
vt 140.25443 581.25000
vt 141.00000 581.00000
vt 140.85989 581.00000
vt 140.96555 580.96555
vt 141.00000 581.00000
vt 140.99173 580.95701
vt 141.00000 580.95432
vt 140.99173 580.95701
vt 141.00000 581.00000
vt 140.96555 580.96555
vt 140.50000 581.25000
vt 140.53040 581.26520
vt 140.50000 581.27511
vt 140.53186 581.15955
vt 140.58849 581.08849
vt 140.62815 581.12815
vt 140.53186 581.15955
vt 140.50000 581.11734
vt 140.51636 581.11201
vt 140.50000 581.11734
vt 140.53186 581.15955
vt 140.50000 581.16993
vt 140.51636 581.11201
vt 140.58849 581.08849
vt 140.53186 581.15955
vt 140.54736 581.20708
vt 140.56286 581.25462
vt 140.53040 581.26520
vt 140.56286 581.25462
vt 140.66781 581.16781
vt 140.70747 581.20747
vt 140.53040 581.26520
vt 140.50000 581.25000
vt 140.50000 581.22252
vt 140.54736 581.20708
vt 140.66781 581.16781
vt 140.56286 581.25462
vt 140.50000 581.22252
vt 140.54736 581.20708
vt 140.53040 581.26520
vt 140.85989 581.00000
vt 140.62815 581.12815
vt 140.58849 581.08849
vt 140.85989 581.00000
vt 141.00000 581.00000
vt 141.00000 581.00691
vt 141.00000 581.00691
vt 140.62815 581.12815
vt 140.85989 581.00000
vt 140.70747 581.20747
vt 141.00000 581.05950
vt 141.00000 581.11209
vt 141.00000 581.05950
vt 140.70747 581.20747
vt 140.66781 581.16781
vt 141.02119 581.00000
vt 141.34261 580.84261
vt 141.38227 580.88227
vt 141.02119 581.00000
vt 141.00000 581.00000
vt 141.00000 580.95432
vt 141.00000 580.95432
vt 141.34261 580.84261
vt 141.02119 581.00000
vt 141.34378 581.00000
vt 141.42193 580.92193
vt 141.46159 580.96159
vt 141.42193 580.92193
vt 141.34378 581.00000
vt 141.18248 581.00000
vt 141.46710 580.80202
vt 141.50000 580.84388
vt 141.48260 580.84956
vt 141.50000 580.84388
vt 141.46710 580.80202
vt 141.50000 580.79129
vt 141.46710 580.80202
vt 141.38227 580.88227
vt 141.34261 580.84261
vt 141.48260 580.84956
vt 141.38227 580.88227
vt 141.46710 580.80202
vt 141.49810 580.89709
vt 141.50000 580.89647
vt 141.50000 580.94906
vt 141.46159 580.96159
vt 141.42193 580.92193
vt 141.49810 580.89709
vt 141.50000 580.94906
vt 141.46159 580.96159
vt 141.49810 580.89709
vt 141.03823 581.09963
vt 141.00000 581.05950
vt 141.02273 581.05209
vt 141.00000 581.05950
vt 141.03823 581.09963
vt 141.00000 581.11209
vt 141.03823 581.09963
vt 141.04487 581.04487
vt 141.08453 581.08453
vt 141.02273 581.05209
vt 141.04487 581.04487
vt 141.03823 581.09963
vt 141.00000 581.00000
vt 141.00521 581.00521
vt 141.00000 581.00691
vt 141.18248 581.00000
vt 141.08453 581.08453
vt 141.04487 581.04487
vt 141.08453 581.08453
vt 141.18248 581.00000
vt 141.34378 581.00000
vt 141.00000 581.00000
vt 141.00723 581.00455
vt 141.00521 581.00521
vt 141.00723 581.00455
vt 141.00000 581.00000
vt 141.02119 581.00000
vt 141.51360 580.94463
vt 141.50000 580.94906
vt 141.50000 580.89647
vt 141.51360 580.94463
vt 141.79899 580.79899
vt 141.83865 580.83865
vt 141.50000 580.89647
vt 141.79899 580.79899
vt 141.51360 580.94463
vt 141.71967 580.71967
vt 141.50000 580.84388
vt 141.50000 580.79129
vt 141.50000 580.84388
vt 141.71967 580.71967
vt 141.75933 580.75933
vt 141.75933 580.75933
vt 142.00000 580.62827
vt 142.00000 580.68086
vt 142.00000 580.62827
vt 141.75933 580.75933
vt 141.71967 580.71967
vt 141.83865 580.83865
vt 142.00000 580.73345
vt 142.00000 580.78604
vt 142.00000 580.73345
vt 141.83865 580.83865
vt 141.79899 580.79899
vt 142.50000 580.50000
vt 142.41784 580.49203
vt 142.47379 580.47379
vt 142.41784 580.49203
vt 142.50000 580.50000
vt 142.39339 580.50000
vt 142.50000 580.50000
vt 142.47379 580.47379
vt 142.50000 580.46524
vt 142.17605 580.67605
vt 142.00000 580.78604
vt 142.00000 580.73345
vt 142.00000 580.78604
vt 142.17605 580.67605
vt 142.21571 580.71571
vt 142.09673 580.59673
vt 142.00000 580.68086
vt 142.00000 580.62827
vt 142.00000 580.68086
vt 142.09673 580.59673
vt 142.13639 580.63639
vt 142.39339 580.50000
vt 142.13639 580.63639
vt 142.09673 580.59673
vt 142.50000 580.50000
vt 142.50000 580.51783
vt 142.43334 580.53957
vt 142.43334 580.53957
vt 142.39339 580.50000
vt 142.50000 580.50000
vt 142.43334 580.53957
vt 142.13639 580.63639
vt 142.39339 580.50000
vt 142.44884 580.58710
vt 142.50000 580.57042
vt 142.50000 580.62301
vt 142.44884 580.58710
vt 142.21571 580.71571
vt 142.17605 580.67605
vt 142.50000 580.62301
vt 142.46434 580.63464
vt 142.44884 580.58710
vt 142.46434 580.63464
vt 142.21571 580.71571
vt 142.44884 580.58710
vt 142.55469 580.50000
vt 142.85085 580.35085
vt 142.89051 580.39051
vt 142.55469 580.50000
vt 142.50000 580.50000
vt 142.50000 580.46524
vt 142.50000 580.46524
vt 142.85085 580.35085
vt 142.55469 580.50000
vt 142.93971 580.47965
vt 142.93017 580.43017
vt 142.96983 580.46983
vt 142.92421 580.43211
vt 142.87728 580.50000
vt 142.71599 580.50000
vt 142.92421 580.43211
vt 142.93017 580.43017
vt 142.93971 580.47965
vt 142.93971 580.47965
vt 142.87728 580.50000
vt 142.92421 580.43211
vt 143.00000 580.40740
vt 142.96983 580.46983
vt 142.93017 580.43017
vt 142.96983 580.46983
vt 143.00000 580.40740
vt 143.00000 580.45999
vt 142.89321 580.33704
vt 142.89051 580.39051
vt 142.85085 580.35085
vt 142.89321 580.33704
vt 143.00000 580.30222
vt 143.00000 580.35481
vt 142.90871 580.38457
vt 142.89051 580.39051
vt 142.89321 580.33704
vt 143.00000 580.35481
vt 142.90871 580.38457
vt 142.89321 580.33704
vt 142.55311 580.55311
vt 142.50000 580.62301
vt 142.50000 580.57042
vt 142.50000 580.62301
vt 142.55311 580.55311
vt 142.59277 580.59277
vt 142.50000 580.50000
vt 142.51345 580.51345
vt 142.50000 580.51783
vt 142.71599 580.50000
vt 142.59277 580.59277
vt 142.55311 580.55311
vt 142.59277 580.59277
vt 142.71599 580.50000
vt 142.87728 580.50000
vt 142.50000 580.50000
vt 142.55469 580.50000
vt 142.51345 580.51345
vt 143.05221 557.00000
vt 143.00173 556.75027
vt 143.05849 556.77872
vt 143.05849 556.77872
vt 143.10322 557.00000
vt 143.05221 557.00000
vt 143.15424 557.00000
vt 143.11525 556.80716
vt 143.17202 556.83561
vt 143.17202 556.83561
vt 143.20525 557.00000
vt 143.15424 557.00000
vt 143.05003 556.73687
vt 143.05849 556.77872
vt 143.00173 556.75027
vt 143.00173 556.75027
vt 143.00148 556.74903
vt 143.05003 556.73687
vt 143.11525 556.80716
vt 143.09881 556.72583
vt 143.14782 556.71593
vt 143.14782 556.71593
vt 143.17202 556.83561
vt 143.11525 556.80716
vt 143.09681 557.22061
vt 143.06544 557.06544
vt 143.12938 557.12938
vt 143.17039 557.50000
vt 143.09714 557.22202
vt 143.14567 557.20999
vt 143.14567 557.20999
vt 143.22209 557.50000
vt 143.17039 557.50000
vt 143.12938 557.12938
vt 143.14567 557.20999
vt 143.09681 557.22061
vt 143.09714 557.22202
vt 143.09681 557.22061
vt 143.14567 557.20999
vt 143.19425 557.19794
vt 143.19332 557.19332
vt 143.26308 557.26308
vt 143.26308 557.26308
vt 143.19458 557.19936
vt 143.19425 557.19794
vt 143.26308 557.26308
vt 143.32551 557.50000
vt 143.27380 557.50000
vt 143.27380 557.50000
vt 143.19458 557.19936
vt 143.26308 557.26308
vt 143.24312 557.18732
vt 143.26308 557.26308
vt 143.19332 557.19332
vt 143.19332 557.19332
vt 143.15424 557.00000
vt 143.20525 557.00000
vt 143.20525 557.00000
vt 143.24312 557.18732
vt 143.19332 557.19332
vt 143.10322 557.00000
vt 143.12938 557.12938
vt 143.06544 557.06544
vt 143.06544 557.06544
vt 143.05221 557.00000
vt 143.10322 557.00000
vt 143.30213 558.00000
vt 143.23134 557.73134
vt 143.30155 557.80155
vt 143.30155 557.80155
vt 143.35384 558.00000
vt 143.30213 558.00000
vt 143.40555 558.00000
vt 143.37176 557.87176
vt 143.44196 557.94196
vt 143.44196 557.94196
vt 143.45725 558.00000
vt 143.40555 558.00000
vt 143.32551 557.50000
vt 143.44196 557.94196
vt 143.37176 557.87176
vt 143.37176 557.87176
vt 143.27380 557.50000
vt 143.32551 557.50000
vt 143.22209 557.50000
vt 143.30155 557.80155
vt 143.23134 557.73134
vt 143.23134 557.73134
vt 143.17039 557.50000
vt 143.22209 557.50000
vt 143.43974 558.50000
vt 143.41602 558.41602
vt 143.48843 558.48843
vt 143.48843 558.48843
vt 143.49170 558.50000
vt 143.43974 558.50000
vt 143.49719 558.15156
vt 143.50000 558.16151
vt 143.44901 558.16494
vt 143.44901 558.16494
vt 143.50000 558.16151
vt 143.50000 558.34546
vt 143.44890 558.16452
vt 143.40555 558.00000
vt 143.45725 558.00000
vt 143.44901 558.16494
vt 143.44890 558.16452
vt 143.49719 558.15156
vt 143.45725 558.00000
vt 143.49719 558.15156
vt 143.44890 558.16452
vt 143.41602 558.41602
vt 143.35254 558.19127
vt 143.40072 558.17790
vt 143.40072 558.17790
vt 143.48843 558.48843
vt 143.41602 558.41602
vt 143.35242 558.19085
vt 143.30213 558.00000
vt 143.35384 558.00000
vt 143.35254 558.19127
vt 143.35242 558.19085
vt 143.40072 558.17790
vt 143.35384 558.00000
vt 143.40072 558.17790
vt 143.35242 558.19085
vt 143.50000 558.52940
vt 143.48871 558.67336
vt 143.48863 558.67309
vt 143.48871 558.67336
vt 143.50000 558.52940
vt 143.50000 558.71171
vt 143.50000 558.52940
vt 143.43974 558.50000
vt 143.49170 558.50000
vt 143.48863 558.67309
vt 143.43974 558.50000
vt 143.50000 558.52940
vt 143.25000 580.25000
vt 143.16015 580.25000
vt 143.22791 580.22791
vt 143.30723 580.30723
vt 143.25000 580.37847
vt 143.25000 580.32588
vt 143.25000 580.37847
vt 143.30723 580.30723
vt 143.34689 580.34689
vt 143.25000 580.25000
vt 143.26757 580.26757
vt 143.25000 580.27329
vt 143.11870 580.36870
vt 143.00000 580.45999
vt 143.00000 580.40740
vt 143.00000 580.45999
vt 143.11870 580.36870
vt 143.15836 580.40836
vt 143.03938 580.28938
vt 143.00000 580.35481
vt 143.00000 580.30222
vt 143.00000 580.35481
vt 143.03938 580.28938
vt 143.07904 580.32904
vt 143.16015 580.25000
vt 143.25000 580.25000
vt 143.25000 580.27329
vt 143.07904 580.32904
vt 143.03938 580.28938
vt 143.16015 580.25000
vt 143.25000 580.27329
vt 143.07904 580.32904
vt 143.16015 580.25000
vt 143.15836 580.40836
vt 143.25000 580.32588
vt 143.25000 580.37847
vt 143.25000 580.32588
vt 143.15836 580.40836
vt 143.11870 580.36870
vt 143.34689 580.34689
vt 143.30723 580.30723
vt 143.39958 580.27711
vt 143.39958 580.27711
vt 143.41508 580.32465
vt 143.34689 580.34689
vt 143.48274 580.25000
vt 143.50000 580.25000
vt 143.50000 580.29696
vt 143.41508 580.32465
vt 143.39958 580.27711
vt 143.48274 580.25000
vt 143.48274 580.25000
vt 143.50000 580.29696
vt 143.41508 580.32465
vt 143.25000 580.25000
vt 143.32144 580.25000
vt 143.26757 580.26757
vt 143.25000 580.25000
vt 143.22791 580.22791
vt 143.25000 580.22070
vt 143.45610 580.20610
vt 143.50000 580.13919
vt 143.50000 580.19178
vt 143.50000 580.13919
vt 143.45610 580.20610
vt 143.41644 580.16644
vt 143.50000 580.25000
vt 143.49576 580.24576
vt 143.50000 580.24437
vt 143.49576 580.24576
vt 143.50000 580.25000
vt 143.48274 580.25000
vt 143.32144 580.25000
vt 143.25000 580.22070
vt 143.36858 580.18204
vt 143.25000 580.22070
vt 143.32144 580.25000
vt 143.25000 580.25000
vt 143.41644 580.16644
vt 143.45610 580.20610
vt 143.38408 580.22958
vt 143.38408 580.22958
vt 143.36858 580.18204
vt 143.41644 580.16644
vt 143.36858 580.18204
vt 143.38408 580.22958
vt 143.32144 580.25000
vt 143.59561 558.50000
vt 143.50000 558.34546
vt 143.50000 558.16151
vt 143.50000 558.34546
vt 143.59561 558.50000
vt 143.54365 558.50000
vt 143.53671 558.65937
vt 143.50000 558.71171
vt 143.50000 558.52940
vt 143.50000 558.71171
vt 143.63699 559.00000
vt 143.58487 559.00000
vt 143.63699 559.00000
vt 143.50000 558.71171
vt 143.53671 558.65937
vt 143.58472 558.64538
vt 143.56084 558.56084
vt 143.63327 558.63327
vt 143.63327 558.63327
vt 143.58479 558.64564
vt 143.58472 558.64538
vt 143.63327 558.63327
vt 143.74124 559.00000
vt 143.68912 559.00000
vt 143.68912 559.00000
vt 143.58479 558.64564
vt 143.63327 558.63327
vt 143.63280 558.63165
vt 143.63327 558.63327
vt 143.56084 558.56084
vt 143.56084 558.56084
vt 143.54365 558.50000
vt 143.59561 558.50000
vt 143.59561 558.50000
vt 143.63280 558.63165
vt 143.56084 558.56084
vt 143.62999 559.15327
vt 143.62028 559.12028
vt 143.69415 559.19415
vt 143.69415 559.19415
vt 143.73207 559.50000
vt 143.62999 559.15327
vt 143.69415 559.19415
vt 143.78420 559.50000
vt 143.73207 559.50000
vt 143.83632 559.50000
vt 143.76802 559.26802
vt 143.84189 559.34189
vt 143.84189 559.34189
vt 143.88844 559.50000
vt 143.83632 559.50000
vt 143.77389 559.11090
vt 143.76802 559.26802
vt 143.72592 559.12502
vt 143.76802 559.26802
vt 143.77389 559.11090
vt 143.84189 559.34189
vt 143.72592 559.12502
vt 143.68912 559.00000
vt 143.74124 559.00000
vt 143.74124 559.00000
vt 143.77389 559.11090
vt 143.72592 559.12502
vt 143.67796 559.13915
vt 143.69415 559.19415
vt 143.62028 559.12028
vt 143.62028 559.12028
vt 143.63699 559.00000
vt 143.67796 559.13915
vt 143.62028 559.12028
vt 143.58487 559.00000
vt 143.63699 559.00000
vt 143.85064 560.00000
vt 143.80926 559.80926
vt 143.87460 559.87460
vt 143.87460 559.87460
vt 143.90181 560.00000
vt 143.85064 560.00000
vt 144.00000 560.00000
vt 143.95297 560.00000
vt 143.93994 559.93994
vt 144.00000 559.98095
vt 144.00000 560.00000
vt 143.93994 559.93994
vt 143.93994 559.93994
vt 143.91606 559.59405
vt 144.00000 559.98095
vt 143.86739 559.60554
vt 143.88844 559.50000
vt 143.91561 559.59229
vt 143.88844 559.50000
vt 143.86739 559.60554
vt 143.83632 559.50000
vt 143.93994 559.93994
vt 143.86739 559.60554
vt 143.91606 559.59405
vt 143.91561 559.59229
vt 143.91606 559.59405
vt 143.86739 559.60554
vt 143.81910 559.61881
vt 143.87460 559.87460
vt 143.80926 559.80926
vt 143.78420 559.50000
vt 143.81866 559.61705
vt 143.77043 559.63030
vt 143.77043 559.63030
vt 143.73207 559.50000
vt 143.78420 559.50000
vt 143.80926 559.80926
vt 143.77043 559.63030
vt 143.81910 559.61881
vt 143.81866 559.61705
vt 143.81910 559.61881
vt 143.77043 559.63030
vt 144.00000 560.50000
vt 143.95775 560.50000
vt 143.94629 560.44629
vt 143.97359 560.09504
vt 144.00000 560.00000
vt 144.00000 560.21881
vt 144.00000 560.00000
vt 143.97359 560.09504
vt 143.95297 560.00000
vt 144.00000 560.45841
vt 144.00000 560.50000
vt 143.94629 560.44629
vt 143.94629 560.44629
vt 143.92472 560.10560
vt 144.00000 560.45841
vt 143.87583 560.11608
vt 143.90181 560.00000
vt 143.92470 560.10552
vt 143.90181 560.00000
vt 143.87583 560.11608
vt 143.85064 560.00000
vt 143.94629 560.44629
vt 143.87583 560.11608
vt 143.92472 560.10560
vt 143.92470 560.10552
vt 143.92472 560.10560
vt 143.87583 560.11608
vt 144.00000 560.50000
vt 144.00000 560.69801
vt 143.98014 560.60494
vt 143.98014 560.60494
vt 143.95775 560.50000
vt 144.00000 560.50000
vt 144.00000 580.00000
vt 143.92690 580.00000
vt 143.98203 579.98203
vt 144.00000 580.00000
vt 143.98203 579.98203
vt 144.00000 579.97616
vt 143.50000 580.25000
vt 143.55685 580.27843
vt 143.50000 580.29696
vt 143.50000 580.19178
vt 143.60497 580.10497
vt 143.64463 580.14463
vt 143.60497 580.10497
vt 143.50000 580.19178
vt 143.50000 580.13919
vt 143.68429 580.18429
vt 143.72394 580.22394
vt 143.55685 580.27843
vt 143.55685 580.27843
vt 143.50000 580.24437
vt 143.68429 580.18429
vt 143.55685 580.27843
vt 143.50000 580.25000
vt 143.50000 580.24437
vt 143.84395 580.02705
vt 143.64463 580.14463
vt 143.60497 580.10497
vt 143.92690 580.00000
vt 144.00000 580.02876
vt 143.85945 580.07458
vt 144.00000 580.02876
vt 143.92690 580.00000
vt 144.00000 580.00000
vt 143.85945 580.07458
vt 143.64463 580.14463
vt 143.84395 580.02705
vt 143.84395 580.02705
vt 143.92690 580.00000
vt 143.85945 580.07458
vt 143.87495 580.12212
vt 144.00000 580.13394
vt 143.89045 580.16966
vt 144.00000 580.13394
vt 143.87495 580.12212
vt 144.00000 580.08135
vt 143.87495 580.12212
vt 143.72394 580.22394
vt 143.68429 580.18429
vt 143.89045 580.16966
vt 143.72394 580.22394
vt 143.87495 580.12212
vt 144.00413 560.00000
vt 144.00000 560.00000
vt 144.00000 559.98095
vt 144.00887 560.50000
vt 144.00000 560.50000
vt 144.00000 560.45841
vt 144.00000 560.21881
vt 144.02246 560.08448
vt 144.02248 560.08457
vt 144.02246 560.08448
vt 144.00000 560.00000
vt 144.00528 560.00528
vt 144.11113 560.50000
vt 144.06000 560.50000
vt 144.00000 560.21881
vt 144.00000 560.21881
vt 144.02248 560.08457
vt 144.11113 560.50000
vt 144.00000 560.21881
vt 144.00000 560.00000
vt 144.02246 560.08448
vt 144.00000 560.00000
vt 144.00413 560.00000
vt 144.00528 560.00528
vt 144.02904 560.59451
vt 144.00000 560.50000
vt 144.01128 560.51128
vt 144.11556 561.00000
vt 144.06444 561.00000
vt 144.00000 560.69801
vt 144.00000 560.69801
vt 144.02904 560.59451
vt 144.11556 561.00000
vt 144.00000 560.69801
vt 144.00000 560.50000
vt 144.02904 560.59451
vt 144.07794 560.58408
vt 144.07627 560.57627
vt 144.14127 560.64127
vt 144.14127 560.64127
vt 144.21781 561.00000
vt 144.16669 561.00000
vt 144.16669 561.00000
vt 144.07794 560.58408
vt 144.14127 560.64127
vt 144.12684 560.57364
vt 144.14127 560.64127
vt 144.07627 560.57627
vt 144.07627 560.57627
vt 144.11113 560.50000
vt 144.12684 560.57364
vt 144.07627 560.57627
vt 144.06000 560.50000
vt 144.11113 560.50000
vt 144.00000 560.50000
vt 144.00887 560.50000
vt 144.01128 560.51128
vt 144.08448 561.09394
vt 144.08192 561.08192
vt 144.14691 561.14691
vt 144.14691 561.14691
vt 144.17113 561.50000
vt 144.08448 561.09394
vt 144.14691 561.14691
vt 144.22225 561.50000
vt 144.17113 561.50000
vt 144.27338 561.50000
vt 144.21190 561.21190
vt 144.27690 561.27690
vt 144.27690 561.27690
vt 144.32450 561.50000
vt 144.27338 561.50000
vt 144.23118 561.06263
vt 144.21190 561.21190
vt 144.18228 561.07307
vt 144.21190 561.21190
vt 144.23118 561.06263
vt 144.27690 561.27690
vt 144.18228 561.07307
vt 144.16669 561.00000
vt 144.21781 561.00000
vt 144.21781 561.00000
vt 144.23118 561.06263
vt 144.18228 561.07307
vt 144.13338 561.08350
vt 144.14691 561.14691
vt 144.08192 561.08192
vt 144.08192 561.08192
vt 144.06444 561.00000
vt 144.11556 561.00000
vt 144.11556 561.00000
vt 144.13338 561.08350
vt 144.08192 561.08192
vt 144.27781 562.00000
vt 144.21755 561.71755
vt 144.28254 561.78254
vt 144.28254 561.78254
vt 144.32894 562.00000
vt 144.27781 562.00000
vt 144.38007 562.00000
vt 144.34753 561.84753
vt 144.41253 561.91253
vt 144.41253 561.91253
vt 144.43119 562.00000
vt 144.38007 562.00000
vt 144.32450 561.50000
vt 144.41253 561.91253
vt 144.34753 561.84753
vt 144.34753 561.84753
vt 144.27338 561.50000
vt 144.32450 561.50000
vt 144.22225 561.50000
vt 144.28254 561.78254
vt 144.21755 561.71755
vt 144.21755 561.71755
vt 144.17113 561.50000
vt 144.22225 561.50000
vt 144.38450 562.50000
vt 144.35317 562.35317
vt 144.41817 562.41817
vt 144.41817 562.41817
vt 144.43563 562.50000
vt 144.38450 562.50000
vt 144.50000 562.50000
vt 144.48675 562.50000
vt 144.48316 562.48316
vt 144.50000 562.32247
vt 144.50000 562.50000
vt 144.48316 562.48316
vt 144.43119 562.00000
vt 144.43986 562.04062
vt 144.39096 562.05105
vt 144.39096 562.05105
vt 144.38007 562.00000
vt 144.43119 562.00000
vt 144.48316 562.48316
vt 144.39096 562.05105
vt 144.50000 562.32247
vt 144.43986 562.04062
vt 144.50000 562.32247
vt 144.39096 562.05105
vt 144.34206 562.06149
vt 144.41817 562.41817
vt 144.35317 562.35317
vt 144.29316 562.07192
vt 144.32894 562.00000
vt 144.34206 562.06149
vt 144.32894 562.00000
vt 144.29316 562.07192
vt 144.27781 562.00000
vt 144.34206 562.06149
vt 144.35317 562.35317
vt 144.29316 562.07192
vt 144.50000 563.00000
vt 144.49119 563.00000
vt 144.48880 562.98880
vt 144.50000 562.50000
vt 144.50000 562.56208
vt 144.49530 562.54005
vt 144.49530 562.54005
vt 144.48675 562.50000
vt 144.50000 562.50000
vt 144.50000 562.80168
vt 144.48880 562.98880
vt 144.39750 562.56091
vt 144.48880 562.98880
vt 144.50000 562.80168
vt 144.50000 563.00000
vt 144.39750 562.56091
vt 144.43563 562.50000
vt 144.44640 562.55048
vt 144.39750 562.56091
vt 144.38450 562.50000
vt 144.43563 562.50000
vt 144.39750 562.56091
vt 144.44640 562.55048
vt 144.50000 562.80168
vt 144.49119 563.00000
vt 144.50000 563.00000
vt 144.50000 563.04128
vt 144.33482 579.91959
vt 144.35908 579.85908
vt 144.39874 579.89874
vt 144.08819 580.00000
vt 144.00000 580.00000
vt 144.00000 579.97616
vt 144.31932 579.87205
vt 144.33482 579.91959
vt 144.08819 580.00000
vt 144.33482 579.91959
vt 144.31932 579.87205
vt 144.35908 579.85908
vt 144.08819 580.00000
vt 144.00000 579.97616
vt 144.31932 579.87205
vt 144.41078 580.00000
vt 144.43840 579.93840
vt 144.47806 579.97806
vt 144.41078 580.00000
vt 144.24949 580.00000
vt 144.35032 579.96713
vt 144.35032 579.96713
vt 144.43840 579.93840
vt 144.41078 580.00000
vt 144.50000 579.91832
vt 144.47806 579.97806
vt 144.43840 579.93840
vt 144.47806 579.97806
vt 144.50000 579.91832
vt 144.50000 579.97091
vt 144.50000 579.81314
vt 144.39874 579.89874
vt 144.35908 579.85908
vt 144.39874 579.89874
vt 144.50000 579.81314
vt 144.50000 579.86573
vt 144.06134 580.06134
vt 144.00000 580.13394
vt 144.00000 580.08135
vt 144.00000 580.13394
vt 144.06134 580.06134
vt 144.10100 580.10100
vt 144.00000 580.00000
vt 144.02169 580.02169
vt 144.00000 580.02876
vt 144.24949 580.00000
vt 144.10100 580.10100
vt 144.06134 580.06134
vt 144.36582 580.01466
vt 144.24949 580.00000
vt 144.41078 580.00000
vt 144.24949 580.00000
vt 144.36582 580.01466
vt 144.10100 580.10100
vt 144.00000 580.00000
vt 144.08819 580.00000
vt 144.02169 580.02169
vt 144.53788 562.50000
vt 144.50000 562.50000
vt 144.50000 562.32247
vt 144.54232 563.00000
vt 144.50000 563.00000
vt 144.50000 562.80168
vt 144.50000 562.56208
vt 144.50000 562.50000
vt 144.54816 562.54816
vt 144.54816 562.54816
vt 144.59344 563.00000
vt 144.50000 562.56208
vt 144.54816 562.54816
vt 144.64457 563.00000
vt 144.59344 563.00000
vt 144.50000 562.50000
vt 144.54420 562.52961
vt 144.54816 562.54816
vt 144.54420 562.52961
vt 144.50000 562.50000
vt 144.53788 562.50000
vt 144.50000 563.04128
vt 144.50000 563.00000
vt 144.55380 563.05380
vt 144.55380 563.05380
vt 144.59788 563.50000
vt 144.50000 563.04128
vt 144.55380 563.05380
vt 144.64901 563.50000
vt 144.59788 563.50000
vt 144.70013 563.50000
vt 144.61879 563.11879
vt 144.68378 563.18378
vt 144.68378 563.18378
vt 144.75126 563.50000
vt 144.70013 563.50000
vt 144.64457 563.00000
vt 144.68378 563.18378
vt 144.61879 563.11879
vt 144.61879 563.11879
vt 144.59344 563.00000
vt 144.64457 563.00000
vt 144.50000 563.00000
vt 144.54232 563.00000
vt 144.55380 563.05380
vt 144.70457 564.00000
vt 144.62443 563.62443
vt 144.68943 563.68943
vt 144.68943 563.68943
vt 144.75569 564.00000
vt 144.70457 564.00000
vt 144.80682 564.00000
vt 144.75442 563.75442
vt 144.81941 563.81941
vt 144.85722 563.99659
vt 144.85795 564.00000
vt 144.80682 564.00000
vt 144.81941 563.81941
vt 144.85722 563.99659
vt 144.80682 564.00000
vt 144.75126 563.50000
vt 144.78127 563.64063
vt 144.72403 563.61202
vt 144.72403 563.61202
vt 144.70013 563.50000
vt 144.75126 563.50000
vt 144.64901 563.50000
vt 144.66680 563.58340
vt 144.60957 563.55479
vt 144.60957 563.55479
vt 144.59788 563.50000
vt 144.64901 563.50000
vt 144.78127 563.64063
vt 144.81941 563.81941
vt 144.75442 563.75442
vt 144.75442 563.75442
vt 144.72403 563.61202
vt 144.78127 563.64063
vt 144.66680 563.58340
vt 144.68943 563.68943
vt 144.62443 563.62443
vt 144.62443 563.62443
vt 144.60957 563.55479
vt 144.66680 563.58340
vt 144.81126 564.50000
vt 144.76006 564.26006
vt 144.82505 564.32505
vt 144.82505 564.32505
vt 144.86238 564.50000
vt 144.81126 564.50000
vt 144.91266 564.49601
vt 144.95504 564.45504
vt 144.96156 564.48558
vt 144.95504 564.45504
vt 144.91266 564.49601
vt 144.89005 564.39005
vt 144.96156 564.48558
vt 144.96463 564.50000
vt 144.91351 564.50000
vt 144.91351 564.50000
vt 144.91266 564.49601
vt 144.96156 564.48558
vt 144.85795 564.00000
vt 144.95504 564.45504
vt 144.89005 564.39005
vt 144.80832 564.00702
vt 144.80682 564.00000
vt 144.85795 564.00000
vt 144.89005 564.39005
vt 144.80832 564.00702
vt 144.85795 564.00000
vt 144.75942 564.01746
vt 144.82505 564.32505
vt 144.76006 564.26006
vt 144.71052 564.02789
vt 144.75569 564.00000
vt 144.75942 564.01746
vt 144.75569 564.00000
vt 144.71052 564.02789
vt 144.70457 564.00000
vt 144.75942 564.01746
vt 144.76006 564.26006
vt 144.71052 564.02789
vt 144.91795 565.00000
vt 144.89569 564.89569
vt 144.96068 564.96068
vt 144.96068 564.96068
vt 144.96907 565.00000
vt 144.91795 565.00000
vt 144.91351 564.50000
vt 145.00000 564.66574
vt 145.00000 564.90534
vt 145.00000 564.66574
vt 144.91351 564.50000
vt 144.96463 564.50000
vt 144.86376 564.50645
vt 144.96068 564.96068
vt 144.89569 564.89569
vt 144.81486 564.51688
vt 144.86238 564.50000
vt 144.86376 564.50645
vt 144.86238 564.50000
vt 144.81486 564.51688
vt 144.81126 564.50000
vt 144.86376 564.50645
vt 144.89569 564.89569
vt 144.81486 564.51688
vt 144.91795 565.00000
vt 145.00000 565.14494
vt 145.00000 565.38455
vt 145.00000 565.14494
vt 144.91795 565.00000
vt 144.96907 565.00000
vt 144.75000 579.75000
vt 144.69365 579.75000
vt 144.73614 579.73614
vt 144.81546 579.81546
vt 144.75000 579.88940
vt 144.75000 579.83681
vt 144.75000 579.88940
vt 144.81546 579.81546
vt 144.85512 579.85512
vt 144.75000 579.75000
vt 144.77580 579.77580
vt 144.75000 579.78422
vt 144.62693 579.87693
vt 144.50000 579.97091
vt 144.50000 579.91832
vt 144.50000 579.97091
vt 144.62693 579.87693
vt 144.66659 579.91659
vt 144.54761 579.79761
vt 144.50000 579.86573
vt 144.50000 579.81314
vt 144.50000 579.86573
vt 144.54761 579.79761
vt 144.58727 579.83727
vt 144.69365 579.75000
vt 144.75000 579.75000
vt 144.75000 579.78422
vt 144.58727 579.83727
vt 144.54761 579.79761
vt 144.69365 579.75000
vt 144.75000 579.78422
vt 144.58727 579.83727
vt 144.69365 579.75000
vt 144.66659 579.91659
vt 144.75000 579.83681
vt 144.75000 579.88940
vt 144.75000 579.83681
vt 144.66659 579.91659
vt 144.62693 579.87693
vt 144.75000 579.75000
vt 144.85494 579.75000
vt 144.77580 579.77580
vt 144.85512 579.85512
vt 145.00000 579.75530
vt 145.00000 579.80789
vt 145.00000 579.75530
vt 144.85512 579.85512
vt 144.81546 579.81546
vt 144.75000 579.75000
vt 144.73614 579.73614
vt 144.75000 579.73163
vt 144.96433 579.71433
vt 145.00000 579.65011
vt 145.00000 579.70270
vt 145.00000 579.65011
vt 144.96433 579.71433
vt 144.92467 579.67467
vt 144.85494 579.75000
vt 144.75000 579.75000
vt 144.75000 579.73163
vt 144.92467 579.67467
vt 144.96433 579.71433
vt 144.85494 579.75000
vt 144.75000 579.73163
vt 144.92467 579.67467
vt 144.85494 579.75000
vt 145.07132 565.00000
vt 145.00000 564.90534
vt 145.00000 564.66574
vt 145.00000 564.90534
vt 145.07132 565.00000
vt 145.02020 565.00000
vt 145.07576 565.50000
vt 145.00000 565.38455
vt 145.00000 565.14494
vt 145.00000 565.38455
vt 145.07576 565.50000
vt 145.02464 565.50000
vt 145.12689 565.50000
vt 145.02568 565.02568
vt 145.09067 565.09067
vt 145.09067 565.09067
vt 145.17801 565.50000
vt 145.12689 565.50000
vt 145.07132 565.00000
vt 145.07984 565.03992
vt 145.02261 565.01131
vt 145.02261 565.01131
vt 145.02020 565.00000
vt 145.07132 565.00000
vt 145.08491 565.06368
vt 145.09067 565.09067
vt 145.02568 565.02568
vt 145.02568 565.02568
vt 145.02405 565.01803
vt 145.08491 565.06368
vt 145.07984 565.03992
vt 145.08491 565.06368
vt 145.02405 565.01803
vt 145.02405 565.01803
vt 145.02261 565.01131
vt 145.07984 565.03992
vt 145.12788 565.98386
vt 145.09631 565.59631
vt 145.17678 565.97342
vt 145.09631 565.59631
vt 145.12788 565.98386
vt 145.03132 565.53132
vt 145.17678 565.97342
vt 145.18245 566.00000
vt 145.13132 566.00000
vt 145.13132 566.00000
vt 145.12788 565.98386
vt 145.17678 565.97342
vt 145.22568 565.96299
vt 145.22630 565.72630
vt 145.27458 565.95256
vt 145.22630 565.72630
vt 145.22568 565.96299
vt 145.16131 565.66131
vt 145.27458 565.95256
vt 145.28470 566.00000
vt 145.23358 566.00000
vt 145.23358 566.00000
vt 145.22568 565.96299
vt 145.27458 565.95256
vt 145.17801 565.50000
vt 145.18804 565.54701
vt 145.13404 565.53351
vt 145.13404 565.53351
vt 145.12689 565.50000
vt 145.17801 565.50000
vt 145.07576 565.50000
vt 145.08003 565.52001
vt 145.02602 565.50651
vt 145.02602 565.50651
vt 145.02464 565.50000
vt 145.07576 565.50000
vt 145.21193 565.65895
vt 145.22630 565.72630
vt 145.16131 565.66131
vt 145.16131 565.66131
vt 145.15106 565.61330
vt 145.21193 565.65895
vt 145.09020 565.56765
vt 145.09631 565.59631
vt 145.03132 565.53132
vt 145.03132 565.53132
vt 145.02933 565.52200
vt 145.09020 565.56765
vt 145.18804 565.54701
vt 145.19927 565.59964
vt 145.14204 565.57102
vt 145.14204 565.57102
vt 145.13404 565.53351
vt 145.18804 565.54701
vt 145.08003 565.52001
vt 145.08481 565.54240
vt 145.02758 565.51379
vt 145.02758 565.51379
vt 145.02602 565.50651
vt 145.08003 565.52001
vt 145.19927 565.59964
vt 145.21193 565.65895
vt 145.15106 565.61330
vt 145.15106 565.61330
vt 145.14204 565.57102
vt 145.19927 565.59964
vt 145.08481 565.54240
vt 145.09020 565.56765
vt 145.02933 565.52200
vt 145.02933 565.52200
vt 145.02758 565.51379
vt 145.08481 565.54240
vt 145.23222 566.47285
vt 145.23194 566.23194
vt 145.28112 566.46242
vt 145.23194 566.23194
vt 145.23222 566.47285
vt 145.16695 566.16695
vt 145.28112 566.46242
vt 145.28914 566.50000
vt 145.23801 566.50000
vt 145.23801 566.50000
vt 145.23222 566.47285
vt 145.28112 566.46242
vt 145.33002 566.45198
vt 145.36193 566.36193
vt 145.37892 566.44155
vt 145.36193 566.36193
vt 145.33002 566.45198
vt 145.29693 566.29693
vt 145.37892 566.44155
vt 145.39139 566.50000
vt 145.34026 566.50000
vt 145.34026 566.50000
vt 145.33002 566.45198
vt 145.37892 566.44155
vt 145.28470 566.00000
vt 145.30074 566.07519
vt 145.24674 566.06168
vt 145.24674 566.06168
vt 145.23358 566.00000
vt 145.28470 566.00000
vt 145.18245 566.00000
vt 145.19273 566.04818
vt 145.13872 566.03468
vt 145.13872 566.03468
vt 145.13132 566.00000
vt 145.18245 566.00000
vt 145.33894 566.25421
vt 145.36193 566.36193
vt 145.29693 566.29693
vt 145.29693 566.29693
vt 145.27808 566.20856
vt 145.33894 566.25421
vt 145.21721 566.16291
vt 145.23194 566.23194
vt 145.16695 566.16695
vt 145.16695 566.16695
vt 145.15634 566.11726
vt 145.21721 566.16291
vt 145.30074 566.07519
vt 145.31870 566.15935
vt 145.26147 566.13074
vt 145.26147 566.13074
vt 145.24674 566.06168
vt 145.30074 566.07519
vt 145.19273 566.04818
vt 145.20424 566.10212
vt 145.14701 566.07350
vt 145.14701 566.07350
vt 145.13872 566.03468
vt 145.19273 566.04818
vt 145.31870 566.15935
vt 145.33894 566.25421
vt 145.27808 566.20856
vt 145.27808 566.20856
vt 145.26147 566.13074
vt 145.31870 566.15935
vt 145.20424 566.10212
vt 145.21721 566.16291
vt 145.15634 566.11726
vt 145.15634 566.11726
vt 145.14701 566.07350
vt 145.20424 566.10212
vt 145.34470 567.00000
vt 145.30258 566.80258
vt 145.36757 566.86757
vt 145.36757 566.86757
vt 145.39583 567.00000
vt 145.34470 567.00000
vt 145.44695 567.00000
vt 145.43256 566.93256
vt 145.49756 566.99756
vt 145.49756 566.99756
vt 145.49808 567.00000
vt 145.44695 567.00000
vt 145.39139 566.50000
vt 145.49756 566.99756
vt 145.43256 566.93256
vt 145.43256 566.93256
vt 145.34026 566.50000
vt 145.39139 566.50000
vt 145.28914 566.50000
vt 145.36757 566.86757
vt 145.30258 566.80258
vt 145.30258 566.80258
vt 145.23801 566.50000
vt 145.28914 566.50000
vt 145.50000 567.50000
vt 145.44090 567.45083
vt 145.43820 567.43820
vt 145.44090 567.45083
vt 145.50000 567.50000
vt 145.45139 567.50000
vt 145.44695 567.00000
vt 145.50000 567.00901
vt 145.50000 567.24861
vt 145.50000 567.00901
vt 145.44695 567.00000
vt 145.49808 567.00000
vt 145.50000 567.48821
vt 145.50000 567.50000
vt 145.43820 567.43820
vt 145.43820 567.43820
vt 145.48980 567.44040
vt 145.50000 567.48821
vt 145.43820 567.43820
vt 145.34470 567.00000
vt 145.39583 567.00000
vt 145.39583 567.00000
vt 145.48980 567.44040
vt 145.43820 567.43820
vt 145.45139 567.50000
vt 145.50000 567.50000
vt 145.50000 567.72781
vt 145.00641 579.75321
vt 145.00000 579.80789
vt 145.00000 579.75530
vt 145.00000 579.80789
vt 145.00641 579.75321
vt 145.07008 579.78504
vt 145.00000 579.70270
vt 145.11320 579.61320
vt 145.15286 579.65286
vt 145.11320 579.61320
vt 145.00000 579.70270
vt 145.00000 579.65011
vt 145.07008 579.78504
vt 145.19252 579.69252
vt 145.23218 579.73218
vt 145.19252 579.69252
vt 145.07008 579.78504
vt 145.00641 579.75321
vt 145.15286 579.65286
vt 145.24993 579.56862
vt 145.26679 579.61572
vt 145.24993 579.56862
vt 145.15286 579.65286
vt 145.11320 579.61320
vt 145.23218 579.73218
vt 145.28364 579.66282
vt 145.30049 579.70991
vt 145.28364 579.66282
vt 145.23218 579.73218
vt 145.19252 579.69252
vt 145.50252 567.50000
vt 145.50000 567.50000
vt 145.50000 567.48821
vt 145.58760 567.41953
vt 145.50000 567.24861
vt 145.50000 567.00901
vt 145.58760 567.41953
vt 145.55364 567.50000
vt 145.53870 567.42997
vt 145.55364 567.50000
vt 145.58760 567.41953
vt 145.60477 567.50000
vt 145.53870 567.42997
vt 145.50000 567.24861
vt 145.58760 567.41953
vt 145.50000 567.72781
vt 145.50000 567.50000
vt 145.50320 567.50320
vt 145.55808 568.00000
vt 145.54524 567.93983
vt 145.59414 567.92939
vt 145.59414 567.92939
vt 145.60920 568.00000
vt 145.55808 568.00000
vt 145.50320 567.50320
vt 145.59414 567.92939
vt 145.50000 567.72781
vt 145.54524 567.93983
vt 145.50000 567.72781
vt 145.59414 567.92939
vt 145.64304 567.91896
vt 145.63319 567.63319
vt 145.69194 567.90852
vt 145.63319 567.63319
vt 145.64304 567.91896
vt 145.56819 567.56819
vt 145.69194 567.90852
vt 145.71146 568.00000
vt 145.66033 568.00000
vt 145.66033 568.00000
vt 145.64304 567.91896
vt 145.69194 567.90852
vt 145.60477 567.50000
vt 145.61728 567.55864
vt 145.56005 567.53002
vt 145.56005 567.53002
vt 145.55364 567.50000
vt 145.60477 567.50000
vt 145.50000 567.50000
vt 145.50252 567.50000
vt 145.50282 567.50141
vt 145.61728 567.55864
vt 145.63319 567.63319
vt 145.56819 567.56819
vt 145.56819 567.56819
vt 145.56005 567.53002
vt 145.61728 567.55864
vt 145.50000 567.50000
vt 145.50282 567.50141
vt 145.50320 567.50320
vt 145.66477 568.50000
vt 145.57383 568.07383
vt 145.63883 568.13883
vt 145.63883 568.13883
vt 145.71589 568.50000
vt 145.66477 568.50000
vt 145.76702 568.50000
vt 145.70382 568.20382
vt 145.76881 568.26881
vt 145.76881 568.26881
vt 145.81814 568.50000
vt 145.76702 568.50000
vt 145.71146 568.00000
vt 145.73671 568.11835
vt 145.67948 568.08974
vt 145.67948 568.08974
vt 145.66033 568.00000
vt 145.71146 568.00000
vt 145.60920 568.00000
vt 145.62225 568.06112
vt 145.56502 568.03251
vt 145.56502 568.03251
vt 145.55808 568.00000
vt 145.60920 568.00000
vt 145.73671 568.11835
vt 145.76881 568.26881
vt 145.70382 568.20382
vt 145.70382 568.20382
vt 145.67948 568.08974
vt 145.73671 568.11835
vt 145.62225 568.06112
vt 145.63883 568.13883
vt 145.57383 568.07383
vt 145.57383 568.07383
vt 145.56502 568.03251
vt 145.62225 568.06112
vt 145.77146 569.00000
vt 145.70946 568.70946
vt 145.77446 568.77446
vt 145.77446 568.77446
vt 145.82258 569.00000
vt 145.77146 569.00000
vt 145.87371 569.00000
vt 145.83945 568.83945
vt 145.90444 568.90444
vt 145.90444 568.90444
vt 145.92483 569.00000
vt 145.87371 569.00000
vt 145.81814 568.50000
vt 145.85614 568.67807
vt 145.79891 568.64945
vt 145.79891 568.64945
vt 145.76702 568.50000
vt 145.81814 568.50000
vt 145.71589 568.50000
vt 145.74168 568.62084
vt 145.68445 568.59222
vt 145.68445 568.59222
vt 145.66477 568.50000
vt 145.71589 568.50000
vt 145.85614 568.67807
vt 145.90444 568.90444
vt 145.83945 568.83945
vt 145.83945 568.83945
vt 145.79891 568.64945
vt 145.85614 568.67807
vt 145.74168 568.62084
vt 145.77446 568.77446
vt 145.70946 568.70946
vt 145.70946 568.70946
vt 145.68445 568.59222
vt 145.74168 568.62084
vt 145.85826 569.40680
vt 145.84509 569.34509
vt 145.91008 569.41008
vt 145.91008 569.41008
vt 145.87815 569.50000
vt 145.85826 569.40680
vt 145.91008 569.41008
vt 145.92927 569.50000
vt 145.87815 569.50000
vt 146.00000 569.50000
vt 145.98040 569.50000
vt 145.97508 569.47508
vt 145.92483 569.00000
vt 145.97557 569.23779
vt 145.91834 569.20917
vt 145.91834 569.20917
vt 145.87371 569.00000
vt 145.92483 569.00000
vt 145.82258 569.00000
vt 145.86111 569.18055
vt 145.80388 569.15194
vt 145.80388 569.15194
vt 145.77146 569.00000
vt 145.82258 569.00000
vt 145.95606 569.38593
vt 145.91834 569.20917
vt 145.97557 569.23779
vt 146.00000 569.35227
vt 146.00000 569.50000
vt 145.97508 569.47508
vt 145.97557 569.23779
vt 146.00000 569.35227
vt 145.95606 569.38593
vt 145.97508 569.47508
vt 145.95606 569.38593
vt 146.00000 569.35227
vt 145.90716 569.39637
vt 145.91008 569.41008
vt 145.84509 569.34509
vt 145.84509 569.34509
vt 145.86111 569.18055
vt 145.90716 569.39637
vt 145.84509 569.34509
vt 145.80388 569.15194
vt 145.86111 569.18055
vt 146.00000 570.00000
vt 145.98483 570.00000
vt 145.98072 569.98072
vt 145.98040 569.50000
vt 146.00000 569.50000
vt 146.00000 569.59187
vt 146.00000 570.00000
vt 145.98072 569.98072
vt 145.96260 569.89579
vt 145.96260 569.89579
vt 146.00000 569.83148
vt 146.00000 570.00000
vt 146.00000 569.83148
vt 145.87815 569.50000
vt 145.92927 569.50000
vt 145.96260 569.89579
vt 145.87815 569.50000
vt 146.00000 569.83148
vt 145.98483 570.00000
vt 146.00000 570.00000
vt 146.00000 570.07108
vt 146.00496 569.37550
vt 146.00000 569.50000
vt 146.00000 569.35227
vt 146.00000 569.50000
vt 146.00496 569.37550
vt 146.03152 569.50000
vt 146.07177 569.92823
vt 146.13821 570.00000
vt 146.08708 570.00000
vt 146.13821 570.00000
vt 146.07177 569.92823
vt 146.11391 569.88609
vt 146.00000 570.00000
vt 146.02964 569.97036
vt 146.03596 570.00000
vt 146.11391 569.88609
vt 146.07177 569.92823
vt 146.06040 569.87493
vt 146.06040 569.87493
vt 146.10930 569.86449
vt 146.11391 569.88609
vt 146.00000 569.59187
vt 146.00000 569.50000
vt 146.04007 569.54007
vt 146.10930 569.86449
vt 146.06040 569.87493
vt 146.00000 569.59187
vt 146.00000 569.59187
vt 146.04007 569.54007
vt 146.10930 569.86449
vt 146.00000 570.00000
vt 146.01150 569.88536
vt 146.02964 569.97036
vt 146.01150 569.88536
vt 146.00000 570.00000
vt 146.00000 569.83148
vt 146.00000 569.50000
vt 146.03152 569.50000
vt 146.04007 569.54007
vt 146.00000 570.07108
vt 146.00000 570.00000
vt 146.04571 570.04571
vt 146.14265 570.50000
vt 146.09152 570.50000
vt 146.00000 570.07108
vt 146.00000 570.07108
vt 146.04571 570.04571
vt 146.14265 570.50000
vt 146.19377 570.50000
vt 146.11071 570.11071
vt 146.17570 570.17570
vt 146.17570 570.17570
vt 146.24490 570.50000
vt 146.19377 570.50000
vt 146.13821 570.00000
vt 146.14600 570.03650
vt 146.09199 570.02300
vt 146.09199 570.02300
vt 146.08708 570.00000
vt 146.13821 570.00000
vt 146.00000 570.00000
vt 146.03596 570.00000
vt 146.03799 570.00950
vt 146.16454 570.12341
vt 146.17570 570.17570
vt 146.11071 570.11071
vt 146.11071 570.11071
vt 146.10368 570.07776
vt 146.16454 570.12341
vt 146.00000 570.00000
vt 146.04281 570.03211
vt 146.04571 570.04571
vt 146.14600 570.03650
vt 146.15472 570.07736
vt 146.09749 570.04874
vt 146.09749 570.04874
vt 146.09199 570.02300
vt 146.14600 570.03650
vt 146.00000 570.00000
vt 146.03799 570.00950
vt 146.04025 570.02013
vt 146.15472 570.07736
vt 146.16454 570.12341
vt 146.10368 570.07776
vt 146.10368 570.07776
vt 146.09749 570.04874
vt 146.15472 570.07736
vt 146.00000 570.00000
vt 146.04025 570.02013
vt 146.04281 570.03211
vt 146.17128 570.87378
vt 146.18134 570.68134
vt 146.22018 570.86334
vt 146.18134 570.68134
vt 146.17128 570.87378
vt 146.11635 570.61635
vt 146.22018 570.86334
vt 146.24934 571.00000
vt 146.19821 571.00000
vt 146.19821 571.00000
vt 146.17128 570.87378
vt 146.22018 570.86334
vt 146.26908 570.85291
vt 146.31133 570.81133
vt 146.31798 570.84248
vt 146.31133 570.81133
vt 146.26908 570.85291
vt 146.24634 570.74634
vt 146.31798 570.84248
vt 146.35159 571.00000
vt 146.30046 571.00000
vt 146.30046 571.00000
vt 146.26908 570.85291
vt 146.31798 570.84248
vt 146.24490 570.50000
vt 146.25870 570.56467
vt 146.20469 570.55117
vt 146.20469 570.55117
vt 146.19377 570.50000
vt 146.24490 570.50000
vt 146.14265 570.50000
vt 146.15069 570.53767
vt 146.09668 570.52417
vt 146.09668 570.52417
vt 146.09152 570.50000
vt 146.14265 570.50000
vt 146.29156 570.71867
vt 146.31133 570.81133
vt 146.24634 570.74634
vt 146.24634 570.74634
vt 146.23069 570.67302
vt 146.29156 570.71867
vt 146.16983 570.62737
vt 146.18134 570.68134
vt 146.11635 570.61635
vt 146.11635 570.61635
vt 146.10896 570.58172
vt 146.16983 570.62737
vt 146.25870 570.56467
vt 146.27415 570.63707
vt 146.21692 570.60846
vt 146.21692 570.60846
vt 146.20469 570.55117
vt 146.25870 570.56467
vt 146.15069 570.53767
vt 146.15968 570.57984
vt 146.10245 570.55123
vt 146.10245 570.55123
vt 146.09668 570.52417
vt 146.15069 570.53767
vt 146.27415 570.63707
vt 146.29156 570.71867
vt 146.23069 570.67302
vt 146.23069 570.67302
vt 146.21692 570.60846
vt 146.27415 570.63707
vt 146.15968 570.57984
vt 146.16983 570.62737
vt 146.10896 570.58172
vt 146.10896 570.58172
vt 146.10245 570.55123
vt 146.15968 570.57984
vt 146.27562 571.36277
vt 146.31697 571.31697
vt 146.32452 571.35234
vt 146.31697 571.31697
vt 146.27562 571.36277
vt 146.25198 571.25198
vt 146.32452 571.35234
vt 146.35603 571.50000
vt 146.30490 571.50000
vt 146.30490 571.50000
vt 146.27562 571.36277
vt 146.32452 571.35234
vt 146.40715 571.50000
vt 146.38196 571.38196
vt 146.44696 571.44696
vt 146.44696 571.44696
vt 146.45828 571.50000
vt 146.40715 571.50000
vt 146.35159 571.00000
vt 146.39358 571.19679
vt 146.33635 571.16817
vt 146.33635 571.16817
vt 146.30046 571.00000
vt 146.35159 571.00000
vt 146.24934 571.00000
vt 146.27912 571.13956
vt 146.22188 571.11094
vt 146.22188 571.11094
vt 146.19821 571.00000
vt 146.24934 571.00000
vt 146.42232 571.33147
vt 146.44696 571.44696
vt 146.38196 571.38196
vt 146.37342 571.34190
vt 146.39358 571.19679
vt 146.42232 571.33147
vt 146.39358 571.19679
vt 146.37342 571.34190
vt 146.33635 571.16817
vt 146.38196 571.38196
vt 146.37342 571.34190
vt 146.42232 571.33147
vt 146.27912 571.13956
vt 146.31697 571.31697
vt 146.25198 571.25198
vt 146.25198 571.25198
vt 146.22188 571.11094
vt 146.27912 571.13956
vt 146.41159 572.00000
vt 146.38761 571.88761
vt 146.45260 571.95260
vt 146.45260 571.95260
vt 146.46271 572.00000
vt 146.41159 572.00000
vt 146.40715 571.50000
vt 146.50000 571.69554
vt 146.50000 571.93514
vt 146.50000 571.69554
vt 146.40715 571.50000
vt 146.45828 571.50000
vt 146.35603 571.50000
vt 146.45260 571.95260
vt 146.38761 571.88761
vt 146.38761 571.88761
vt 146.30490 571.50000
vt 146.35603 571.50000
vt 146.41159 572.00000
vt 146.50000 572.17474
vt 146.50000 572.41434
vt 146.50000 572.17474
vt 146.41159 572.00000
vt 146.46271 572.00000
vt 146.56065 571.97978
vt 146.56497 572.00000
vt 146.51384 572.00000
vt 146.51384 572.00000
vt 146.51292 571.99569
vt 146.56065 571.97978
vt 146.50000 571.93514
vt 146.55354 571.94646
vt 146.51141 571.98859
vt 146.55354 571.94646
vt 146.50000 571.93514
vt 146.50000 571.69554
vt 146.51141 571.98859
vt 146.56065 571.97978
vt 146.51292 571.99569
vt 146.56065 571.97978
vt 146.51141 571.98859
vt 146.55354 571.94646
vt 146.56940 572.50000
vt 146.50000 572.41434
vt 146.50000 572.17474
vt 146.50000 572.41434
vt 146.56940 572.50000
vt 146.51828 572.50000
vt 146.62053 572.50000
vt 146.51759 572.01759
vt 146.58259 572.08259
vt 146.58259 572.08259
vt 146.67165 572.50000
vt 146.62053 572.50000
vt 146.56497 572.00000
vt 146.57272 572.03636
vt 146.51549 572.00775
vt 146.51549 572.00775
vt 146.51384 572.00000
vt 146.56497 572.00000
vt 146.57272 572.03636
vt 146.58259 572.08259
vt 146.51759 572.01759
vt 146.51759 572.01759
vt 146.51549 572.00775
vt 146.57272 572.03636
vt 146.58876 572.83030
vt 146.52324 572.52324
vt 146.58823 572.58823
vt 146.62900 573.00000
vt 146.58888 572.83085
vt 146.63760 572.81959
vt 146.63760 572.81959
vt 146.68039 573.00000
vt 146.62900 573.00000
vt 146.58823 572.58823
vt 146.63760 572.81959
vt 146.58876 572.83030
vt 146.58888 572.83085
vt 146.58876 572.83030
vt 146.63760 572.81959
vt 146.68632 572.80832
vt 146.65322 572.65322
vt 146.71822 572.71822
vt 146.73177 573.00000
vt 146.68644 572.80888
vt 146.73516 572.79761
vt 146.73516 572.79761
vt 146.78316 573.00000
vt 146.73177 573.00000
vt 146.71822 572.71822
vt 146.73516 572.79761
vt 146.68632 572.80832
vt 146.68644 572.80888
vt 146.68632 572.80832
vt 146.73516 572.79761
vt 146.67165 572.50000
vt 146.69215 572.59608
vt 146.63492 572.56746
vt 146.63492 572.56746
vt 146.62053 572.50000
vt 146.67165 572.50000
vt 146.56940 572.50000
vt 146.57769 572.53885
vt 146.52046 572.51023
vt 146.52046 572.51023
vt 146.51828 572.50000
vt 146.56940 572.50000
vt 146.69215 572.59608
vt 146.71822 572.71822
vt 146.65322 572.65322
vt 146.65322 572.65322
vt 146.63492 572.56746
vt 146.69215 572.59608
vt 146.57769 572.53885
vt 146.58823 572.58823
vt 146.52324 572.52324
vt 146.52324 572.52324
vt 146.52046 572.51023
vt 146.57769 572.53885
vt 146.70444 573.31806
vt 146.66911 573.16911
vt 146.73647 573.23647
vt 146.74920 573.50000
vt 146.70449 573.31827
vt 146.75306 573.30642
vt 146.75306 573.30642
vt 146.80069 573.50000
vt 146.74920 573.50000
vt 146.73647 573.23647
vt 146.75306 573.30642
vt 146.70444 573.31806
vt 146.70449 573.31827
vt 146.70444 573.31806
vt 146.75306 573.30642
vt 146.85218 573.50000
vt 146.80394 573.30394
vt 146.87224 573.37224
vt 146.87224 573.37224
vt 146.90367 573.50000
vt 146.85218 573.50000
vt 146.78316 573.00000
vt 146.82126 573.16063
vt 146.76296 573.13148
vt 146.76296 573.13148
vt 146.73177 573.00000
vt 146.78316 573.00000
vt 146.68039 573.00000
vt 146.70466 573.10233
vt 146.64635 573.07318
vt 146.64635 573.07318
vt 146.62900 573.00000
vt 146.68039 573.00000
vt 146.80394 573.30394
vt 146.80169 573.29478
vt 146.85027 573.28294
vt 146.85027 573.28294
vt 146.87224 573.37224
vt 146.80394 573.30394
vt 146.80164 573.29458
vt 146.76296 573.13148
vt 146.82126 573.16063
vt 146.80169 573.29478
vt 146.80164 573.29458
vt 146.85027 573.28294
vt 146.82126 573.16063
vt 146.85027 573.28294
vt 146.80164 573.29458
vt 146.70466 573.10233
vt 146.73647 573.23647
vt 146.66911 573.16911
vt 146.66911 573.16911
vt 146.64635 573.07318
vt 146.70466 573.10233
vt 146.87223 574.00000
vt 146.83053 573.83053
vt 146.89882 573.89882
vt 146.89882 573.89882
vt 146.92372 574.00000
vt 146.87223 574.00000
vt 147.00000 574.00000
vt 146.97521 574.00000
vt 146.96712 573.96712
vt 147.00000 573.89148
vt 146.96712 573.96712
vt 146.92110 573.78010
vt 146.96712 573.96712
vt 147.00000 573.89148
vt 147.00000 574.00000
vt 146.92110 573.78010
vt 146.90367 573.50000
vt 146.96965 573.76815
vt 146.92110 573.78010
vt 146.85218 573.50000
vt 146.90367 573.50000
vt 146.92110 573.78010
vt 146.96965 573.76815
vt 147.00000 573.89148
vt 146.87255 573.79204
vt 146.89882 573.89882
vt 146.83053 573.83053
vt 146.82400 573.80399
vt 146.74920 573.50000
vt 146.80069 573.50000
vt 146.83053 573.83053
vt 146.82400 573.80399
vt 146.87255 573.79204
vt 146.80069 573.50000
vt 146.87255 573.79204
vt 146.82400 573.80399
vt 147.00000 574.50000
vt 146.99525 574.50000
vt 146.99370 574.49370
vt 146.97521 574.00000
vt 147.00000 574.00000
vt 147.00000 574.10075
vt 147.00000 574.31002
vt 147.00000 574.50000
vt 146.99370 574.49370
vt 146.94346 574.28951
vt 146.99201 574.27756
vt 147.00000 574.31002
vt 146.94346 574.28951
vt 146.87223 574.00000
vt 146.92372 574.00000
vt 147.00000 574.31002
vt 146.99370 574.49370
vt 146.94346 574.28951
vt 146.92372 574.00000
vt 146.99201 574.27756
vt 146.94346 574.28951
vt 146.99525 574.50000
vt 147.00000 574.50000
vt 147.00000 574.51929
vt 147.00000 574.00000
vt 147.02143 573.97857
vt 147.02670 574.00000
vt 147.00000 574.00000
vt 147.00000 573.89148
vt 147.02143 573.97857
vt 147.04674 574.50000
vt 147.00000 574.50000
vt 147.00000 574.31002
vt 147.00000 574.10075
vt 147.03541 574.03541
vt 147.08912 574.25367
vt 147.03541 574.03541
vt 147.00000 574.10075
vt 147.00000 574.00000
vt 147.08912 574.25367
vt 147.14973 574.50000
vt 147.09824 574.50000
vt 147.04057 574.26562
vt 147.00000 574.10075
vt 147.08912 574.25367
vt 147.09824 574.50000
vt 147.04057 574.26562
vt 147.08912 574.25367
vt 147.00000 574.00000
vt 147.02670 574.00000
vt 147.03541 574.03541
vt 147.00000 574.51929
vt 147.00000 574.50000
vt 147.06200 574.56200
vt 147.06200 574.56200
vt 147.06292 574.77503
vt 147.00000 574.51929
vt 147.11148 574.76308
vt 147.16977 575.00000
vt 147.11828 575.00000
vt 147.06200 574.56200
vt 147.11148 574.76308
vt 147.06292 574.77503
vt 147.11828 575.00000
vt 147.06292 574.77503
vt 147.11148 574.76308
vt 147.16003 574.75114
vt 147.13030 574.63030
vt 147.19859 574.69859
vt 147.20858 574.73919
vt 147.22126 575.00000
vt 147.16003 574.75114
vt 147.22126 575.00000
vt 147.20858 574.73919
vt 147.27275 575.00000
vt 147.19859 574.69859
vt 147.20858 574.73919
vt 147.16003 574.75114
vt 147.14973 574.50000
vt 147.19859 574.69859
vt 147.13030 574.63030
vt 147.13030 574.63030
vt 147.09824 574.50000
vt 147.14973 574.50000
vt 147.00000 574.50000
vt 147.04674 574.50000
vt 147.06200 574.56200
vt 147.18239 575.26055
vt 147.15688 575.15688
vt 147.22518 575.22518
vt 147.23094 575.24860
vt 147.29280 575.50000
vt 147.24131 575.50000
vt 147.22518 575.22518
vt 147.23094 575.24860
vt 147.18239 575.26055
vt 147.24131 575.50000
vt 147.18239 575.26055
vt 147.23094 575.24860
vt 147.34429 575.50000
vt 147.29347 575.29347
vt 147.36177 575.36177
vt 147.36177 575.36177
vt 147.39578 575.50000
vt 147.34429 575.50000
vt 147.32804 575.22471
vt 147.36177 575.36177
vt 147.29347 575.29347
vt 147.27949 575.23665
vt 147.27275 575.00000
vt 147.32804 575.22471
vt 147.27275 575.00000
vt 147.27949 575.23665
vt 147.22126 575.00000
vt 147.29347 575.29347
vt 147.27949 575.23665
vt 147.32804 575.22471
vt 147.16977 575.00000
vt 147.22518 575.22518
vt 147.15688 575.15688
vt 147.15688 575.15688
vt 147.11828 575.00000
vt 147.16977 575.00000
vt 147.44829 575.71339
vt 147.39978 575.72554
vt 147.39895 575.72217
vt 147.39895 575.72217
vt 147.44751 575.71023
vt 147.44829 575.71339
vt 147.39895 575.72217
vt 147.34429 575.50000
vt 147.39578 575.50000
vt 147.39578 575.50000
vt 147.44751 575.71023
vt 147.39895 575.72217
vt 147.35128 575.73769
vt 147.30278 575.74984
vt 147.30185 575.74607
vt 147.30185 575.74607
vt 147.35040 575.73412
vt 147.35128 575.73769
vt 147.30185 575.74607
vt 147.24131 575.50000
vt 147.29280 575.50000
vt 147.29280 575.50000
vt 147.35040 575.73412
vt 147.30185 575.74607
vt 151.00000 577.84670
vt 150.99088 577.84926
vt 150.97873 577.80074
vt 150.97873 577.80074
vt 151.00000 577.79476
vt 151.00000 577.84670
vt 151.25000 577.75000
vt 151.15924 577.75000
vt 151.23009 577.73009
vt 151.31117 577.81117
vt 151.25000 577.88030
vt 151.25000 577.82837
vt 151.25000 577.88030
vt 151.31117 577.81117
vt 151.35171 577.85171
vt 151.25000 577.75000
vt 151.27063 577.77063
vt 151.25000 577.77643
vt 151.02015 577.94491
vt 151.00304 577.89778
vt 151.00662 577.89677
vt 151.00304 577.89778
vt 151.02015 577.94491
vt 151.01519 577.94630
vt 151.02015 577.94491
vt 151.11602 577.86602
vt 151.15657 577.90657
vt 151.00662 577.89677
vt 151.11602 577.86602
vt 151.02015 577.94491
vt 151.03494 577.78494
vt 151.00000 577.84670
vt 151.00000 577.79476
vt 151.00000 577.84670
vt 151.03494 577.78494
vt 151.07548 577.82548
vt 151.15924 577.75000
vt 151.25000 577.75000
vt 151.25000 577.77643
vt 151.07548 577.82548
vt 151.03494 577.78494
vt 151.15924 577.75000
vt 151.25000 577.77643
vt 151.07548 577.82548
vt 151.15924 577.75000
vt 151.15657 577.90657
vt 151.25000 577.82837
vt 151.25000 577.88030
vt 151.25000 577.82837
vt 151.15657 577.90657
vt 151.11602 577.86602
vt 151.25000 577.75000
vt 151.34402 577.75000
vt 151.27063 577.77063
vt 151.48797 577.76148
vt 151.50000 577.75810
vt 151.50000 577.81003
vt 151.35171 577.85171
vt 151.31117 577.81117
vt 151.48797 577.76148
vt 151.50000 577.81003
vt 151.35171 577.85171
vt 151.48797 577.76148
vt 151.25000 577.75000
vt 151.23009 577.73009
vt 151.25000 577.72449
vt 151.46091 577.66521
vt 151.50000 577.65422
vt 151.50000 577.70616
vt 151.46578 577.71578
vt 151.42524 577.67524
vt 151.46091 577.66521
vt 151.46091 577.66521
vt 151.47444 577.71334
vt 151.46578 577.71578
vt 151.50000 577.70616
vt 151.47444 577.71334
vt 151.46091 577.66521
vt 151.34402 577.75000
vt 151.25000 577.75000
vt 151.25000 577.72449
vt 151.42524 577.67524
vt 151.46578 577.71578
vt 151.34402 577.75000
vt 151.25000 577.72449
vt 151.42524 577.67524
vt 151.34402 577.75000
vt 151.50150 577.80961
vt 151.50000 577.81003
vt 151.50000 577.75810
vt 151.50150 577.80961
vt 151.51037 577.75518
vt 151.57686 577.78843
vt 151.50000 577.75810
vt 151.51037 577.75518
vt 151.50150 577.80961
vt 151.50000 577.70616
vt 151.62038 577.62038
vt 151.66093 577.66093
vt 151.62038 577.62038
vt 151.50000 577.70616
vt 151.50000 577.65422
vt 151.57686 577.78843
vt 151.70147 577.70147
vt 151.74201 577.74201
vt 151.70147 577.70147
vt 151.57686 577.78843
vt 151.51037 577.75518
vt 151.94226 577.52991
vt 152.00000 577.51368
vt 152.00000 577.56562
vt 151.66093 577.66093
vt 151.62038 577.62038
vt 151.94226 577.52991
vt 151.94226 577.52991
vt 151.95579 577.57805
vt 151.66093 577.66093
vt 152.00000 577.56562
vt 151.95579 577.57805
vt 151.94226 577.52991
vt 151.96931 577.62618
vt 152.00000 577.66950
vt 151.98284 577.67432
vt 152.00000 577.66950
vt 151.96931 577.62618
vt 152.00000 577.61756
vt 151.96931 577.62618
vt 151.74201 577.74201
vt 151.70147 577.70147
vt 151.98284 577.67432
vt 151.74201 577.74201
vt 151.96931 577.62618
vt 152.43713 577.44275
vt 152.40098 577.40098
vt 152.44152 577.44152
vt 152.40098 577.40098
vt 152.23346 577.50000
vt 152.04868 577.50000
vt 152.23346 577.50000
vt 152.40098 577.40098
vt 152.43713 577.44275
vt 152.50000 577.50000
vt 152.41824 577.50000
vt 152.48206 577.48206
vt 152.42360 577.39462
vt 152.50000 577.37314
vt 152.50000 577.42508
vt 152.44152 577.44152
vt 152.40098 577.40098
vt 152.42360 577.39462
vt 152.50000 577.42508
vt 152.44152 577.44152
vt 152.42360 577.39462
vt 152.50000 577.50000
vt 152.48206 577.48206
vt 152.50000 577.47702
vt 152.09176 577.59176
vt 152.00000 577.66950
vt 152.00000 577.61756
vt 152.00000 577.66950
vt 152.09176 577.59176
vt 152.13231 577.63231
vt 152.01068 577.51068
vt 152.00000 577.56562
vt 152.00000 577.51368
vt 152.00000 577.56562
vt 152.01068 577.51068
vt 152.05122 577.55122
vt 152.41824 577.50000
vt 152.13231 577.63231
vt 152.09176 577.59176
vt 152.41824 577.50000
vt 152.50000 577.50000
vt 152.50000 577.52896
vt 152.50000 577.52896
vt 152.13231 577.63231
vt 152.41824 577.50000
vt 152.04868 577.50000
vt 152.05122 577.55122
vt 152.01068 577.51068
vt 152.05122 577.55122
vt 152.04868 577.50000
vt 152.23346 577.50000
vt 152.60302 577.50000
vt 152.87236 577.37236
vt 152.91290 577.41290
vt 152.60302 577.50000
vt 152.50000 577.50000
vt 152.50000 577.47702
vt 152.50000 577.47702
vt 152.87236 577.37236
vt 152.60302 577.50000
vt 152.79127 577.29127
vt 152.50000 577.42508
vt 152.50000 577.37314
vt 152.50000 577.42508
vt 152.79127 577.29127
vt 152.83182 577.33182
vt 153.00000 577.25000
vt 152.97773 577.23887
vt 153.00000 577.23261
vt 152.93201 577.35559
vt 152.91290 577.41290
vt 152.87236 577.37236
vt 152.93201 577.35559
vt 153.00000 577.38842
vt 152.94554 577.40373
vt 153.00000 577.38842
vt 152.93201 577.35559
vt 153.00000 577.33648
vt 152.94554 577.40373
vt 152.91290 577.41290
vt 152.93201 577.35559
vt 152.91848 577.30746
vt 152.90495 577.25932
vt 152.97773 577.23887
vt 152.90495 577.25932
vt 152.83182 577.33182
vt 152.79127 577.29127
vt 152.97773 577.23887
vt 153.00000 577.25000
vt 153.00000 577.28454
vt 152.91848 577.30746
vt 152.83182 577.33182
vt 152.90495 577.25932
vt 153.00000 577.28454
vt 152.91848 577.30746
vt 152.97773 577.23887
vt 152.50000 577.50000
vt 152.52260 577.52260
vt 152.50000 577.52896
vt 152.50000 577.50000
vt 152.60302 577.50000
vt 152.52260 577.52260
vt 153.12290 577.25000
vt 153.18157 577.18157
vt 153.22211 577.22211
vt 153.12290 577.25000
vt 153.00000 577.25000
vt 153.00000 577.23261
vt 153.00000 577.23261
vt 153.18157 577.18157
vt 153.12290 577.25000
vt 153.26266 577.26266
vt 153.25000 577.31815
vt 153.25000 577.26621
vt 153.25000 577.31815
vt 153.26266 577.26266
vt 153.30320 577.30320
vt 153.06751 577.31751
vt 153.00000 577.38842
vt 153.00000 577.33648
vt 153.00000 577.38842
vt 153.06751 577.31751
vt 153.10805 577.35805
vt 153.00000 577.25000
vt 153.02696 577.27696
vt 153.00000 577.28454
vt 153.02696 577.27696
vt 153.00000 577.25000
vt 153.12290 577.25000
vt 153.10805 577.35805
vt 153.25000 577.26621
vt 153.25000 577.31815
vt 153.25000 577.26621
vt 153.10805 577.35805
vt 153.06751 577.31751
vt 153.30768 577.25000
vt 153.30320 577.30320
vt 153.26266 577.26266
vt 153.30768 577.25000
vt 153.49246 577.25000
vt 153.42689 577.26843
vt 153.42689 577.26843
vt 153.30320 577.30320
vt 153.30768 577.25000
vt 153.22211 577.22211
vt 153.25000 577.16234
vt 153.25000 577.21427
vt 153.25000 577.16234
vt 153.22211 577.22211
vt 153.18157 577.18157
vt 153.41726 577.16726
vt 153.50000 577.09207
vt 153.50000 577.14401
vt 153.38630 577.12403
vt 153.41726 577.16726
vt 153.37672 577.12672
vt 153.41726 577.16726
vt 153.38630 577.12403
vt 153.50000 577.09207
vt 153.49835 577.24835
vt 153.50000 577.19594
vt 153.50000 577.24788
vt 153.50000 577.19594
vt 153.49835 577.24835
vt 153.45780 577.20780
vt 153.41336 577.22030
vt 153.49246 577.25000
vt 153.30768 577.25000
vt 153.49246 577.25000
vt 153.45780 577.20780
vt 153.49835 577.24835
vt 153.45780 577.20780
vt 153.49246 577.25000
vt 153.41336 577.22030
vt 153.39983 577.17216
vt 153.25000 577.21427
vt 153.25000 577.16234
vt 153.37672 577.12672
vt 153.41726 577.16726
vt 153.39983 577.17216
vt 153.25000 577.16234
vt 153.37672 577.12672
vt 153.39983 577.17216
vt 154.00000 577.00000
vt 153.82756 577.00000
vt 153.96216 576.96216
vt 154.00000 577.00000
vt 153.96216 576.96216
vt 154.00000 576.95153
vt 153.50000 577.14401
vt 153.57187 577.07187
vt 153.61241 577.11241
vt 153.57187 577.07187
vt 153.50000 577.14401
vt 153.50000 577.09207
vt 153.50000 577.24788
vt 153.65295 577.15295
vt 153.69349 577.19349
vt 153.65295 577.15295
vt 153.50000 577.24788
vt 153.50000 577.19594
vt 153.82756 577.00000
vt 153.61241 577.11241
vt 153.57187 577.07187
vt 153.82756 577.00000
vt 154.00000 577.00000
vt 154.00000 577.00347
vt 154.00000 577.00347
vt 153.61241 577.11241
vt 153.82756 577.00000
vt 153.69349 577.19349
vt 154.00000 577.05541
vt 154.00000 577.10734
vt 154.00000 577.05541
vt 153.69349 577.19349
vt 153.65295 577.15295
vt 154.36252 576.90157
vt 154.35246 576.85246
vt 154.39300 576.89300
vt 154.36252 576.90157
vt 154.01234 577.00000
vt 154.00000 576.95153
vt 154.00000 576.95153
vt 154.01234 577.00000
vt 154.00000 577.00000
vt 154.34899 576.85344
vt 154.35246 576.85246
vt 154.36252 576.90157
vt 154.00000 576.95153
vt 154.34899 576.85344
vt 154.36252 576.90157
vt 154.43355 576.93355
vt 154.47409 576.97409
vt 154.38958 576.99784
vt 154.38958 576.99784
vt 154.37605 576.94971
vt 154.43355 576.93355
vt 154.37605 576.94971
vt 154.38190 577.00000
vt 154.19712 577.00000
vt 154.38958 576.99784
vt 154.38190 577.00000
vt 154.37605 576.94971
vt 154.50000 576.91487
vt 154.47409 576.97409
vt 154.43355 576.93355
vt 154.47409 576.97409
vt 154.50000 576.91487
vt 154.50000 576.96680
vt 154.50000 576.81099
vt 154.39300 576.89300
vt 154.35246 576.85246
vt 154.39300 576.89300
vt 154.50000 576.81099
vt 154.50000 576.86293
vt 154.04325 577.04325
vt 154.00000 577.10734
vt 154.00000 577.05541
vt 154.00000 577.10734
vt 154.04325 577.04325
vt 154.08379 577.08379
vt 154.00000 577.00000
vt 154.00271 577.00271
vt 154.00000 577.00347
vt 154.19712 577.00000
vt 154.08379 577.08379
vt 154.04325 577.04325
vt 154.08379 577.08379
vt 154.19712 577.00000
vt 154.38190 577.00000
vt 154.00000 577.00000
vt 154.01234 577.00000
vt 154.00271 577.00271
vt 154.75000 576.75000
vt 154.71699 576.75000
vt 154.74276 576.74276
vt 154.82384 576.82384
vt 154.75000 576.89654
vt 154.75000 576.84460
vt 154.75000 576.89654
vt 154.82384 576.82384
vt 154.86438 576.86438
vt 154.75000 576.75000
vt 154.78330 576.78330
vt 154.75000 576.79266
vt 154.62869 576.87869
vt 154.50000 576.96680
vt 154.50000 576.91487
vt 154.50000 576.96680
vt 154.62869 576.87869
vt 154.66924 576.91924
vt 154.54761 576.79761
vt 154.50000 576.86293
vt 154.50000 576.81099
vt 154.50000 576.86293
vt 154.54761 576.79761
vt 154.58815 576.83815
vt 154.71699 576.75000
vt 154.75000 576.75000
vt 154.75000 576.79266
vt 154.58815 576.83815
vt 154.54761 576.79761
vt 154.71699 576.75000
vt 154.75000 576.79266
vt 154.58815 576.83815
vt 154.71699 576.75000
vt 154.66924 576.91924
vt 154.75000 576.84460
vt 154.75000 576.89654
vt 154.75000 576.84460
vt 154.66924 576.91924
vt 154.62869 576.87869
vt 154.75000 576.75000
vt 154.84387 576.76628
vt 154.78330 576.78330
vt 154.84387 576.76628
vt 154.75000 576.75000
vt 154.90178 576.75000
vt 154.85740 576.81441
vt 155.00000 576.77433
vt 155.00000 576.82627
vt 154.85740 576.81441
vt 154.86438 576.86438
vt 154.82384 576.82384
vt 155.00000 576.82627
vt 154.87093 576.86255
vt 154.85740 576.81441
vt 154.87093 576.86255
vt 154.86438 576.86438
vt 154.85740 576.81441
vt 154.75000 576.75000
vt 154.74276 576.74276
vt 154.75000 576.74072
vt 154.97845 576.72845
vt 155.00000 576.67045
vt 155.00000 576.72239
vt 155.00000 576.67045
vt 154.97845 576.72845
vt 154.93791 576.68791
vt 154.83034 576.71814
vt 154.75000 576.75000
vt 154.75000 576.74072
vt 154.93791 576.68791
vt 154.97845 576.72845
vt 154.90178 576.75000
vt 154.90178 576.75000
vt 154.83034 576.71814
vt 154.93791 576.68791
vt 154.90178 576.75000
vt 154.75000 576.75000
vt 154.83034 576.71814
vt 155.25000 576.75000
vt 155.08656 576.75000
vt 155.21414 576.71414
vt 155.13306 576.63306
vt 155.00000 576.72239
vt 155.00000 576.67045
vt 155.00000 576.72239
vt 155.13306 576.63306
vt 155.17360 576.67360
vt 155.25000 576.75000
vt 155.25468 576.75468
vt 155.25000 576.75600
vt 155.01899 576.76899
vt 155.00000 576.82627
vt 155.00000 576.77433
vt 155.00000 576.82627
vt 155.01899 576.76899
vt 155.05953 576.80953
vt 155.08656 576.75000
vt 155.25000 576.75000
vt 155.25000 576.75600
vt 155.05953 576.80953
vt 155.01899 576.76899
vt 155.08656 576.75000
vt 155.25000 576.75600
vt 155.05953 576.80953
vt 155.08656 576.75000
vt 155.25000 576.75000
vt 155.27134 576.75000
vt 155.25468 576.75468
vt 155.17360 576.67360
vt 155.25000 576.60018
vt 155.25000 576.65212
vt 155.25000 576.60018
vt 155.17360 576.67360
vt 155.13306 576.63306
vt 155.25000 576.75000
vt 155.21414 576.71414
vt 155.25000 576.70406
vt 155.36875 576.61875
vt 155.50000 576.52992
vt 155.50000 576.58185
vt 155.50000 576.52992
vt 155.36875 576.61875
vt 155.32820 576.57820
vt 155.44983 576.69983
vt 155.50000 576.63379
vt 155.50000 576.68573
vt 155.50000 576.63379
vt 155.44983 576.69983
vt 155.40929 576.65929
vt 155.27134 576.75000
vt 155.25000 576.75000
vt 155.25000 576.70406
vt 155.33875 576.67912
vt 155.40929 576.65929
vt 155.35228 576.72725
vt 155.35228 576.72725
vt 155.40929 576.65929
vt 155.44983 576.69983
vt 155.25000 576.70406
vt 155.33875 576.67912
vt 155.27134 576.75000
vt 155.35228 576.72725
vt 155.27134 576.75000
vt 155.33875 576.67912
vt 155.32820 576.57820
vt 155.25000 576.65212
vt 155.25000 576.60018
vt 155.25000 576.65212
vt 155.32820 576.57820
vt 155.36875 576.61875
vt 155.80656 576.49569
vt 155.91365 576.41365
vt 155.95419 576.45419
vt 155.79121 576.50000
vt 155.60643 576.50000
vt 155.79303 576.44755
vt 155.79303 576.44755
vt 155.80656 576.49569
vt 155.79121 576.50000
vt 155.79303 576.44755
vt 155.91365 576.41365
vt 155.80656 576.49569
vt 156.00000 576.50000
vt 155.97599 576.50000
vt 155.99473 576.49473
vt 155.95419 576.45419
vt 156.00000 576.38938
vt 156.00000 576.44131
vt 156.00000 576.38938
vt 155.95419 576.45419
vt 155.91365 576.41365
vt 156.00000 576.50000
vt 155.99473 576.49473
vt 156.00000 576.49325
vt 155.50000 576.58185
vt 155.52335 576.52335
vt 155.56389 576.56389
vt 155.52335 576.52335
vt 155.50000 576.58185
vt 155.50000 576.52992
vt 155.50000 576.68573
vt 155.60444 576.60444
vt 155.64498 576.64498
vt 155.60444 576.60444
vt 155.50000 576.68573
vt 155.50000 576.63379
vt 155.64498 576.64498
vt 155.60444 576.60444
vt 155.82009 576.54382
vt 155.82009 576.54382
vt 155.83362 576.59195
vt 155.64498 576.64498
vt 155.97599 576.50000
vt 156.00000 576.50000
vt 156.00000 576.54519
vt 155.83362 576.59195
vt 155.82009 576.54382
vt 155.97599 576.50000
vt 155.97599 576.50000
vt 156.00000 576.54519
vt 155.83362 576.59195
vt 155.60643 576.50000
vt 155.56389 576.56389
vt 155.52335 576.52335
vt 155.56389 576.56389
vt 155.60643 576.50000
vt 155.79121 576.50000
vt 156.38503 576.38503
vt 156.42557 576.42557
vt 156.31497 576.45666
vt 156.31497 576.45666
vt 156.30144 576.40852
vt 156.38503 576.38503
vt 156.16078 576.50000
vt 156.00000 576.50000
vt 156.00000 576.49325
vt 156.30144 576.40852
vt 156.31497 576.45666
vt 156.16078 576.50000
vt 156.16078 576.50000
vt 156.00000 576.49325
vt 156.30144 576.40852
vt 156.28791 576.36039
vt 156.00000 576.44131
vt 156.00000 576.38938
vt 156.30395 576.30395
vt 156.34449 576.34449
vt 156.28791 576.36039
vt 156.28791 576.36039
vt 156.27438 576.31226
vt 156.30395 576.30395
vt 156.00000 576.38938
vt 156.27438 576.31226
vt 156.28791 576.36039
vt 156.50000 576.25000
vt 156.49851 576.24926
vt 156.50000 576.24884
vt 156.50000 576.35271
vt 156.42557 576.42557
vt 156.38503 576.38503
vt 156.42557 576.42557
vt 156.50000 576.35271
vt 156.50000 576.40465
vt 156.34449 576.34449
vt 156.30395 576.30395
vt 156.49851 576.24926
vt 156.49851 576.24926
vt 156.50000 576.30078
vt 156.34449 576.34449
vt 156.49851 576.24926
vt 156.50000 576.25000
vt 156.50000 576.30078
vt 156.00000 576.50000
vt 156.03528 576.53528
vt 156.00000 576.54519
vt 156.00000 576.50000
vt 156.16078 576.50000
vt 156.03528 576.53528
vt 156.68065 576.25000
vt 156.69424 576.19424
vt 156.73478 576.23478
vt 156.68065 576.25000
vt 156.50000 576.25000
vt 156.50000 576.24884
vt 156.50000 576.24884
vt 156.69424 576.19424
vt 156.68065 576.25000
vt 156.79632 576.32136
vt 156.75000 576.33438
vt 156.75000 576.28245
vt 156.77533 576.27533
vt 156.81587 576.31587
vt 156.79632 576.32136
vt 156.75000 576.28245
vt 156.77533 576.27533
vt 156.79632 576.32136
vt 156.58018 576.33018
vt 156.50000 576.40465
vt 156.50000 576.35271
vt 156.50000 576.40465
vt 156.58018 576.33018
vt 156.62072 576.37072
vt 156.50000 576.25000
vt 156.53964 576.28964
vt 156.50000 576.30078
vt 156.53964 576.28964
vt 156.50000 576.25000
vt 156.68065 576.25000
vt 156.62072 576.37072
vt 156.75000 576.28245
vt 156.75000 576.33438
vt 156.75000 576.28245
vt 156.62072 576.37072
vt 156.58018 576.33018
vt 156.81587 576.31587
vt 156.77533 576.27533
vt 156.78279 576.27323
vt 156.86543 576.25000
vt 157.00000 576.26411
vt 156.81587 576.31587
vt 157.00000 576.26411
vt 156.86543 576.25000
vt 157.00000 576.25000
vt 156.81587 576.31587
vt 156.78279 576.27323
vt 156.86543 576.25000
vt 156.73478 576.23478
vt 156.75000 576.17857
vt 156.75000 576.23051
vt 156.75000 576.17857
vt 156.73478 576.23478
vt 156.69424 576.19424
vt 156.92993 576.17993
vt 157.00000 576.10830
vt 157.00000 576.16024
vt 157.00000 576.10830
vt 156.92993 576.17993
vt 156.88939 576.13939
vt 157.00000 576.25000
vt 156.97047 576.22047
vt 157.00000 576.21218
vt 156.97047 576.22047
vt 157.00000 576.25000
vt 156.86543 576.25000
vt 156.76926 576.22509
vt 156.75000 576.17857
vt 156.75573 576.17696
vt 156.75000 576.17857
vt 156.76926 576.22509
vt 156.75000 576.23051
vt 156.76926 576.22509
vt 156.88939 576.13939
vt 156.92993 576.17993
vt 156.75573 576.17696
vt 156.88939 576.13939
vt 156.76926 576.22509
vt 157.50000 576.00000
vt 157.38543 576.00000
vt 157.47488 575.97488
vt 157.50000 576.00000
vt 157.47488 575.97488
vt 157.50000 575.96782
vt 157.00000 576.25000
vt 157.01807 576.25903
vt 157.00000 576.26411
vt 157.00000 576.16024
vt 157.08454 576.08454
vt 157.12508 576.12508
vt 157.08454 576.08454
vt 157.00000 576.16024
vt 157.00000 576.10830
vt 157.16562 576.16562
vt 157.20617 576.20617
vt 157.01807 576.25903
vt 157.01807 576.25903
vt 157.00000 576.21218
vt 157.16562 576.16562
vt 157.01807 576.25903
vt 157.00000 576.25000
vt 157.00000 576.21218
vt 157.12508 576.12508
vt 157.08454 576.08454
vt 157.23709 576.04166
vt 157.23709 576.04166
vt 157.25061 576.08980
vt 157.12508 576.12508
vt 157.38543 576.00000
vt 157.50000 576.00000
vt 157.50000 576.01976
vt 157.25061 576.08980
vt 157.23709 576.04166
vt 157.38543 576.00000
vt 157.38543 576.00000
vt 157.50000 576.01976
vt 157.25061 576.08980
vt 157.26413 576.13793
vt 157.50000 576.07169
vt 157.50000 576.12363
vt 157.20617 576.20617
vt 157.16562 576.16562
vt 157.26413 576.13793
vt 157.26413 576.13793
vt 157.27766 576.18607
vt 157.20617 576.20617
vt 157.50000 576.12363
vt 157.27766 576.18607
vt 157.26413 576.13793
vt 157.73199 575.95460
vt 157.86525 575.86525
vt 157.90580 575.90580
vt 157.57035 576.00000
vt 157.50000 575.96782
vt 157.71847 575.90646
vt 157.50000 575.96782
vt 157.57035 576.00000
vt 157.50000 576.00000
vt 157.71847 575.90646
vt 157.86525 575.86525
vt 157.73199 575.95460
vt 157.73199 575.95460
vt 157.57035 576.00000
vt 157.71847 575.90646
vt 157.94024 576.00000
vt 157.94635 575.94635
vt 157.98690 575.98690
vt 157.94635 575.94635
vt 157.94024 576.00000
vt 157.75527 576.00000
vt 157.90580 575.90580
vt 158.00000 575.82742
vt 158.00000 575.87935
vt 158.00000 575.82742
vt 157.90580 575.90580
vt 157.86525 575.86525
vt 157.98690 575.98690
vt 158.00000 575.93129
vt 158.00000 575.98322
vt 158.00000 575.93129
vt 157.98690 575.98690
vt 157.94635 575.94635
vt 157.55597 576.05597
vt 157.50000 576.12363
vt 157.50000 576.07169
vt 157.50000 576.12363
vt 157.55597 576.05597
vt 157.59652 576.09652
vt 157.50000 576.00000
vt 157.51542 576.01542
vt 157.50000 576.01976
vt 157.59652 576.09652
vt 157.55597 576.05597
vt 157.74551 576.00274
vt 157.74551 576.00274
vt 157.75902 576.05088
vt 157.59652 576.09652
vt 157.75902 576.05088
vt 157.75527 576.00000
vt 157.94024 576.00000
vt 157.74551 576.00274
vt 157.75527 576.00000
vt 157.75902 576.05088
vt 157.50000 576.00000
vt 157.57035 576.00000
vt 157.51542 576.01542
vt 158.24041 575.91572
vt 158.00000 575.93129
vt 158.22689 575.86758
vt 158.00000 575.93129
vt 158.24041 575.91572
vt 158.00000 575.98322
vt 158.24041 575.91572
vt 158.33674 575.83674
vt 158.37729 575.87729
vt 158.22689 575.86758
vt 158.33674 575.83674
vt 158.24041 575.91572
vt 158.21337 575.81944
vt 158.00000 575.87935
vt 158.00000 575.82742
vt 158.25564 575.75564
vt 158.29619 575.79619
vt 158.21337 575.81944
vt 158.21337 575.81944
vt 158.19986 575.77131
vt 158.25564 575.75564
vt 158.00000 575.82742
vt 158.19986 575.77131
vt 158.21337 575.81944
vt 158.48587 575.74294
vt 158.50000 575.68704
vt 158.50000 575.73897
vt 158.50000 575.68704
vt 158.48587 575.74294
vt 158.41936 575.70968
vt 158.50000 575.79090
vt 158.37729 575.87729
vt 158.33674 575.83674
vt 158.37729 575.87729
vt 158.50000 575.79090
vt 158.50000 575.84284
vt 158.41936 575.70968
vt 158.29619 575.79619
vt 158.25564 575.75564
vt 158.29619 575.79619
vt 158.41936 575.70968
vt 158.48587 575.74294
vt 158.75000 575.75000
vt 158.70828 575.73243
vt 158.72713 575.72713
vt 158.70828 575.73243
vt 158.75000 575.75000
vt 158.64568 575.75000
vt 158.64603 575.64603
vt 158.50000 575.73897
vt 158.50000 575.68704
vt 158.50000 575.73897
vt 158.64603 575.64603
vt 158.68658 575.68658
vt 158.75000 575.75000
vt 158.76768 575.76768
vt 158.75000 575.77264
vt 158.53194 575.78194
vt 158.50000 575.84284
vt 158.50000 575.79090
vt 158.50000 575.84284
vt 158.53194 575.78194
vt 158.57248 575.82248
vt 158.72179 575.78056
vt 158.75000 575.75000
vt 158.75000 575.77264
vt 158.57248 575.82248
vt 158.53194 575.78194
vt 158.64568 575.75000
vt 158.64568 575.75000
vt 158.72179 575.78056
vt 158.57248 575.82248
vt 158.64568 575.75000
vt 158.75000 575.75000
vt 158.72179 575.78056
vt 158.75000 575.75000
vt 158.83065 575.75000
vt 158.76768 575.76768
vt 158.68124 575.63615
vt 158.75000 575.66878
vt 158.69476 575.68429
vt 158.75000 575.66878
vt 158.68124 575.63615
vt 158.75000 575.61684
vt 158.68124 575.63615
vt 158.68658 575.68658
vt 158.64603 575.64603
vt 158.69476 575.68429
vt 158.68658 575.68658
vt 158.68124 575.63615
vt 158.75000 575.75000
vt 158.72713 575.72713
vt 158.75000 575.72071
vt 158.88178 575.63178
vt 159.00000 575.54665
vt 159.00000 575.59858
vt 159.00000 575.54665
vt 158.88178 575.63178
vt 158.84123 575.59123
vt 158.96287 575.71287
vt 159.00000 575.65052
vt 159.00000 575.70245
vt 159.00000 575.65052
vt 158.96287 575.71287
vt 158.92233 575.67233
vt 158.83065 575.75000
vt 158.75000 575.75000
vt 158.75000 575.72071
vt 158.92233 575.67233
vt 158.96287 575.71287
vt 158.83065 575.75000
vt 158.75000 575.72071
vt 158.92233 575.67233
vt 158.83065 575.75000
vt 158.84123 575.59123
vt 158.75000 575.66878
vt 158.75000 575.61684
vt 158.75000 575.66878
vt 158.84123 575.59123
vt 158.88178 575.63178
vt 159.35112 575.50000
vt 159.42681 575.42681
vt 159.46736 575.46736
vt 159.42681 575.42681
vt 159.35112 575.50000
vt 159.16615 575.50000
vt 159.46736 575.46736
vt 159.50000 575.40627
vt 159.50000 575.45820
vt 159.50000 575.40627
vt 159.46736 575.46736
vt 159.42681 575.42681
vt 159.00000 575.59858
vt 159.03642 575.53642
vt 159.07697 575.57697
vt 159.03642 575.53642
vt 159.00000 575.59858
vt 159.00000 575.54665
vt 159.00000 575.70245
vt 159.11752 575.61752
vt 159.15807 575.65807
vt 159.11752 575.61752
vt 159.00000 575.70245
vt 159.00000 575.65052
vt 159.16263 575.50099
vt 159.07697 575.57697
vt 159.03642 575.53642
vt 159.17614 575.54913
vt 159.16615 575.50000
vt 159.35112 575.50000
vt 159.17614 575.54913
vt 159.07697 575.57697
vt 159.16263 575.50099
vt 159.16263 575.50099
vt 159.16615 575.50000
vt 159.17614 575.54913
vt 159.18966 575.59727
vt 159.50000 575.56207
vt 159.20318 575.64541
vt 159.50000 575.56207
vt 159.18966 575.59727
vt 159.50000 575.51013
vt 159.18966 575.59727
vt 159.15807 575.65807
vt 159.11752 575.61752
vt 159.20318 575.64541
vt 159.15807 575.65807
vt 159.18966 575.59727
vt 159.89830 575.39830
vt 159.93884 575.43884
vt 159.88378 575.45431
vt 159.88378 575.45431
vt 159.87026 575.40617
vt 159.89830 575.39830
vt 159.72106 575.50000
vt 159.53609 575.50000
vt 159.67105 575.46211
vt 159.87026 575.40617
vt 159.88378 575.45431
vt 159.72106 575.50000
vt 159.72106 575.50000
vt 159.67105 575.46211
vt 159.87026 575.40617
vt 159.65753 575.41397
vt 159.50000 575.40627
vt 159.64401 575.36583
vt 159.50000 575.40627
vt 159.65753 575.41397
vt 159.50000 575.45820
vt 159.81721 575.31721
vt 159.85775 575.35775
vt 159.85675 575.35804
vt 159.65753 575.41397
vt 159.64401 575.36583
vt 159.81721 575.31721
vt 159.81721 575.31721
vt 159.85675 575.35804
vt 159.65753 575.41397
vt 160.00000 575.36972
vt 159.93884 575.43884
vt 159.89830 575.39830
vt 159.93884 575.43884
vt 160.00000 575.36972
vt 160.00000 575.42165
vt 159.84323 575.30990
vt 159.85775 575.35775
vt 159.81721 575.31721
vt 159.84323 575.30990
vt 160.00000 575.26584
vt 160.00000 575.31778
vt 160.00000 575.31778
vt 159.85775 575.35775
vt 159.84323 575.30990
vt 159.50791 575.50791
vt 159.50000 575.56207
vt 159.50000 575.51013
vt 159.50000 575.56207
vt 159.50791 575.50791
vt 159.54846 575.54846
vt 159.53609 575.50000
vt 159.54846 575.54846
vt 159.50791 575.50791
vt 159.53609 575.50000
vt 159.72106 575.50000
vt 159.68456 575.51025
vt 159.68456 575.51025
vt 159.54846 575.54846
vt 159.53609 575.50000
vt 160.24118 575.25000
vt 160.20752 575.20752
vt 160.24807 575.24807
vt 160.20752 575.20752
vt 160.24118 575.25000
vt 160.05637 575.25000
vt 160.28861 575.28861
vt 160.25000 575.35140
vt 160.25000 575.29946
vt 160.25000 575.35140
vt 160.28861 575.28861
vt 160.32915 575.32915
vt 160.09345 575.34345
vt 160.00000 575.42165
vt 160.00000 575.36972
vt 160.00000 575.42165
vt 160.09345 575.34345
vt 160.13400 575.38400
vt 160.01237 575.26237
vt 160.00000 575.31778
vt 160.00000 575.26584
vt 160.00000 575.31778
vt 160.01237 575.26237
vt 160.05291 575.30291
vt 160.05291 575.30291
vt 160.05637 575.25000
vt 160.24118 575.25000
vt 160.05637 575.25000
vt 160.05291 575.30291
vt 160.01237 575.26237
vt 160.13400 575.38400
vt 160.25000 575.29946
vt 160.25000 575.35140
vt 160.25000 575.29946
vt 160.13400 575.38400
vt 160.09345 575.34345
vt 160.35163 575.27090
vt 160.32915 575.32915
vt 160.28861 575.28861
vt 160.42599 575.25000
vt 160.50000 575.28114
vt 160.36515 575.31903
vt 160.50000 575.28114
vt 160.42599 575.25000
vt 160.50000 575.25000
vt 160.36515 575.31903
vt 160.32915 575.32915
vt 160.35163 575.27090
vt 160.35163 575.27090
vt 160.42599 575.25000
vt 160.36515 575.31903
vt 160.24807 575.24807
vt 160.25000 575.19558
vt 160.25000 575.24752
vt 160.25000 575.19558
vt 160.24807 575.24807
vt 160.20752 575.20752
vt 160.44322 575.19322
vt 160.50000 575.12533
vt 160.50000 575.17726
vt 160.50000 575.12533
vt 160.44322 575.19322
vt 160.40268 575.15268
vt 160.50000 575.25000
vt 160.48376 575.23376
vt 160.50000 575.22920
vt 160.48376 575.23376
vt 160.50000 575.25000
vt 160.42599 575.25000
vt 160.33810 575.22276
vt 160.25000 575.19558
vt 160.32457 575.17463
vt 160.25000 575.19558
vt 160.33810 575.22276
vt 160.25000 575.24752
vt 160.33810 575.22276
vt 160.40268 575.15268
vt 160.44322 575.19322
vt 160.32457 575.17463
vt 160.40268 575.15268
vt 160.33810 575.22276
vt 161.00000 575.00000
vt 160.94596 575.00000
vt 160.98814 574.98814
vt 161.00000 575.00000
vt 160.98814 574.98814
vt 161.00000 574.98481
vt 160.50000 575.25000
vt 160.53987 575.26993
vt 160.50000 575.28114
vt 160.50000 575.17726
vt 160.59783 575.09783
vt 160.63838 575.13838
vt 160.59783 575.09783
vt 160.50000 575.17726
vt 160.50000 575.12533
vt 160.67892 575.17892
vt 160.71946 575.21946
vt 160.53987 575.26993
vt 160.53987 575.26993
vt 160.50000 575.22920
vt 160.67892 575.17892
vt 160.53987 575.26993
vt 160.50000 575.25000
vt 160.50000 575.22920
vt 160.80592 575.03935
vt 160.63838 575.13838
vt 160.59783 575.09783
vt 160.94596 575.00000
vt 161.00000 575.00000
vt 161.00000 575.03675
vt 160.81945 575.08749
vt 160.80592 575.03935
vt 160.94596 575.00000
vt 160.80592 575.03935
vt 160.81945 575.08749
vt 160.63838 575.13838
vt 160.94596 575.00000
vt 161.00000 575.03675
vt 160.81945 575.08749
vt 160.83298 575.13562
vt 161.00000 575.14062
vt 160.84651 575.18376
vt 161.00000 575.14062
vt 160.83298 575.13562
vt 161.00000 575.08869
vt 160.83298 575.13562
vt 160.71946 575.21946
vt 160.67892 575.17892
vt 160.84651 575.18376
vt 160.71946 575.21946
vt 160.83298 575.13562
vt 161.13077 575.00000
vt 161.37846 574.87846
vt 161.41900 574.91900
vt 161.13077 575.00000
vt 161.00000 575.00000
vt 161.00000 574.98481
vt 161.00000 574.98481
vt 161.37846 574.87846
vt 161.13077 575.00000
vt 161.50000 575.00000
vt 161.31558 575.00000
vt 161.45954 574.95954
vt 161.41900 574.91900
vt 161.50000 574.84430
vt 161.50000 574.89624
vt 161.50000 574.84430
vt 161.41900 574.91900
vt 161.37846 574.87846
vt 161.50000 575.00000
vt 161.45954 574.95954
vt 161.50000 574.94817
vt 161.06923 575.06923
vt 161.00000 575.14062
vt 161.00000 575.08869
vt 161.00000 575.14062
vt 161.06923 575.06923
vt 161.10977 575.10977
vt 161.00000 575.00000
vt 161.02869 575.02869
vt 161.00000 575.03675
vt 161.31558 575.00000
vt 161.10977 575.10977
vt 161.06923 575.06923
vt 161.31558 575.00000
vt 161.50000 575.00000
vt 161.50000 575.00011
vt 161.50000 575.00011
vt 161.10977 575.10977
vt 161.31558 575.00000
vt 161.00000 575.00000
vt 161.13077 575.00000
vt 161.02869 575.02869
vt 161.50039 575.00000
vt 161.84985 574.84985
vt 161.89040 574.89040
vt 161.50039 575.00000
vt 161.50000 575.00000
vt 161.50000 574.94817
vt 161.50000 574.94817
vt 161.84985 574.84985
vt 161.50039 575.00000
vt 161.76877 574.76877
vt 161.50000 574.89624
vt 161.50000 574.84430
vt 161.50000 574.89624
vt 161.76877 574.76877
vt 161.80931 574.80931
vt 162.00000 574.75000
vt 161.94083 574.72041
vt 162.00000 574.70378
vt 162.00000 574.80766
vt 161.89040 574.89040
vt 161.84985 574.84985
vt 161.89040 574.89040
vt 162.00000 574.80766
vt 162.00000 574.85960
vt 161.80931 574.80931
vt 161.76877 574.76877
vt 161.94083 574.72041
vt 161.94083 574.72041
vt 162.00000 574.75572
vt 161.80931 574.80931
vt 161.94083 574.72041
vt 162.00000 574.75000
vt 162.00000 574.75572
vt 161.50000 575.00000
vt 161.50009 575.00009
vt 161.50000 575.00011
vt 161.50000 575.00000
vt 161.50039 575.00000
vt 161.50009 575.00009
vt 162.02036 574.75000
vt 162.15908 574.65908
vt 162.19962 574.69962
vt 162.02036 574.75000
vt 162.00000 574.75000
vt 162.00000 574.70378
vt 162.00000 574.70378
vt 162.15908 574.65908
vt 162.02036 574.75000
vt 162.25000 574.75000
vt 162.20517 574.75000
vt 162.24017 574.74017
vt 162.25000 574.75000
vt 162.28071 574.78071
vt 162.25000 574.78934
vt 162.04501 574.79501
vt 162.00000 574.85960
vt 162.00000 574.80766
vt 162.00000 574.85960
vt 162.04501 574.79501
vt 162.08555 574.83555
vt 162.00000 574.75000
vt 162.00447 574.75447
vt 162.00000 574.75572
vt 162.00447 574.75447
vt 162.00000 574.75000
vt 162.02036 574.75000
vt 162.20517 574.75000
vt 162.25000 574.75000
vt 162.25000 574.78934
vt 162.08555 574.83555
vt 162.04501 574.79501
vt 162.20517 574.75000
vt 162.25000 574.78934
vt 162.08555 574.83555
vt 162.20517 574.75000
vt 162.25000 574.75000
vt 162.29057 574.77794
vt 162.28071 574.78071
vt 162.29057 574.77794
vt 162.25000 574.75000
vt 162.38998 574.75000
vt 162.24998 574.63353
vt 162.25000 574.63353
vt 162.25000 574.68546
vt 162.19962 574.69962
vt 162.15908 574.65908
vt 162.24998 574.63353
vt 162.25000 574.68546
vt 162.19962 574.69962
vt 162.24998 574.63353
vt 162.25000 574.75000
vt 162.24017 574.74017
vt 162.25000 574.73740
vt 162.39478 574.64478
vt 162.50000 574.56327
vt 162.50000 574.61521
vt 162.50000 574.56327
vt 162.39478 574.64478
vt 162.35423 574.60423
vt 162.47586 574.72586
vt 162.50000 574.66714
vt 162.50000 574.71908
vt 162.50000 574.66714
vt 162.47586 574.72586
vt 162.43532 574.68532
vt 162.25000 574.75000
vt 162.25000 574.73740
vt 162.27704 574.72980
vt 162.27704 574.72980
vt 162.38998 574.75000
vt 162.25000 574.75000
vt 162.38998 574.75000
vt 162.43532 574.68532
vt 162.47586 574.72586
vt 162.27704 574.72980
vt 162.43532 574.68532
vt 162.38998 574.75000
vt 162.26351 574.68167
vt 162.25000 574.68546
vt 162.25000 574.63353
vt 162.26351 574.68167
vt 162.35423 574.60423
vt 162.39478 574.64478
vt 162.25000 574.63353
vt 162.35423 574.60423
vt 162.26351 574.68167
vt 162.90995 574.50000
vt 162.93970 574.43970
vt 162.98025 574.48025
vt 162.73134 574.49826
vt 162.90995 574.50000
vt 162.72514 574.50000
vt 162.90995 574.50000
vt 162.73134 574.49826
vt 162.93970 574.43970
vt 162.98025 574.48025
vt 163.00000 574.42276
vt 163.00000 574.47469
vt 163.00000 574.42276
vt 162.98025 574.48025
vt 162.93970 574.43970
vt 162.50000 574.61521
vt 162.54939 574.54939
vt 162.58993 574.58993
vt 162.54939 574.54939
vt 162.50000 574.61521
vt 162.50000 574.56327
vt 162.50000 574.71908
vt 162.63048 574.63048
vt 162.67102 574.67102
vt 162.63048 574.63048
vt 162.50000 574.71908
vt 162.50000 574.66714
vt 162.72514 574.50000
vt 162.58993 574.58993
vt 162.54939 574.54939
vt 162.72514 574.50000
vt 162.90995 574.50000
vt 162.74487 574.54639
vt 162.74487 574.54639
vt 162.58993 574.58993
vt 162.72514 574.50000
vt 162.75839 574.59453
vt 163.00000 574.52663
vt 163.00000 574.57857
vt 162.67102 574.67102
vt 162.63048 574.63048
vt 162.75839 574.59453
vt 162.75839 574.59453
vt 162.77192 574.64266
vt 162.67102 574.67102
vt 163.00000 574.57857
vt 162.77192 574.64266
vt 162.75839 574.59453
vt 163.27957 574.50000
vt 163.41110 574.41110
vt 163.45164 574.45164
vt 163.41110 574.41110
vt 163.27957 574.50000
vt 163.09476 574.50000
vt 163.33001 574.33001
vt 163.00000 574.47469
vt 163.00000 574.42276
vt 163.00000 574.47469
vt 163.33001 574.33001
vt 163.37056 574.37056
vt 163.50000 574.38612
vt 163.45164 574.45164
vt 163.41110 574.41110
vt 163.45164 574.45164
vt 163.50000 574.38612
vt 163.50000 574.43805
vt 163.50000 574.28224
vt 163.37056 574.37056
vt 163.33001 574.33001
vt 163.37056 574.37056
vt 163.50000 574.28224
vt 163.50000 574.33418
vt 163.02079 574.52079
vt 163.00000 574.57857
vt 163.00000 574.52663
vt 163.00000 574.57857
vt 163.02079 574.52079
vt 163.06133 574.56133
vt 163.09476 574.50000
vt 163.06133 574.56133
vt 163.02079 574.52079
vt 163.06133 574.56133
vt 163.09476 574.50000
vt 163.27957 574.50000
vt 163.75000 574.25000
vt 163.69404 574.22771
vt 163.72032 574.22032
vt 163.69404 574.22771
vt 163.75000 574.25000
vt 163.61473 574.25000
vt 163.80141 574.30141
vt 163.75000 574.36780
vt 163.75000 574.31586
vt 163.75000 574.36780
vt 163.80141 574.30141
vt 163.84195 574.34195
vt 163.75000 574.25000
vt 163.76087 574.26087
vt 163.75000 574.26392
vt 163.60626 574.35626
vt 163.50000 574.43805
vt 163.50000 574.38612
vt 163.50000 574.43805
vt 163.60626 574.35626
vt 163.64680 574.39680
vt 163.52517 574.27517
vt 163.50000 574.33418
vt 163.50000 574.28224
vt 163.50000 574.33418
vt 163.52517 574.27517
vt 163.56571 574.31571
vt 163.70757 574.27585
vt 163.75000 574.25000
vt 163.75000 574.26392
vt 163.56571 574.31571
vt 163.52517 574.27517
vt 163.61473 574.25000
vt 163.61473 574.25000
vt 163.70757 574.27585
vt 163.56571 574.31571
vt 163.61473 574.25000
vt 163.75000 574.25000
vt 163.70757 574.27585
vt 163.72110 574.32398
vt 163.75000 574.31586
vt 163.75000 574.36780
vt 163.64680 574.39680
vt 163.60626 574.35626
vt 163.72110 574.32398
vt 163.72110 574.32398
vt 163.73463 574.37212
vt 163.64680 574.39680
vt 163.75000 574.36780
vt 163.73463 574.37212
vt 163.72110 574.32398
vt 163.98435 574.25000
vt 163.84195 574.34195
vt 163.80141 574.30141
vt 163.98435 574.25000
vt 164.00000 574.25000
vt 164.00000 574.29754
vt 164.00000 574.29754
vt 163.84195 574.34195
vt 163.98435 574.25000
vt 163.75000 574.25000
vt 163.79954 574.25000
vt 163.76087 574.26087
vt 163.75000 574.25000
vt 163.72032 574.22032
vt 163.75000 574.21199
vt 163.95602 574.20602
vt 164.00000 574.14173
vt 164.00000 574.19367
vt 164.00000 574.14173
vt 163.95602 574.20602
vt 163.91548 574.16548
vt 164.00000 574.25000
vt 163.99657 574.24657
vt 164.00000 574.24560
vt 163.99657 574.24657
vt 164.00000 574.25000
vt 163.98435 574.25000
vt 163.79954 574.25000
vt 163.75000 574.25000
vt 163.75000 574.21199
vt 163.91548 574.16548
vt 163.95602 574.20602
vt 163.79954 574.25000
vt 163.75000 574.21199
vt 163.91548 574.16548
vt 163.79954 574.25000
vt 164.21598 574.23684
vt 164.19172 574.19172
vt 164.23227 574.23227
vt 164.16916 574.25000
vt 164.00000 574.25000
vt 164.00000 574.24560
vt 164.19172 574.19172
vt 164.21598 574.23684
vt 164.16916 574.25000
vt 164.00000 574.24560
vt 164.19172 574.19172
vt 164.16916 574.25000
vt 164.11064 574.11064
vt 164.00000 574.19367
vt 164.00000 574.14173
vt 164.00000 574.19367
vt 164.11064 574.11064
vt 164.15118 574.15118
vt 164.00000 574.25000
vt 164.03711 574.28711
vt 164.00000 574.29754
vt 164.03711 574.28711
vt 164.00000 574.25000
vt 164.16916 574.25000
vt 164.17540 574.09244
vt 164.25000 574.12341
vt 164.18893 574.14057
vt 164.25000 574.12341
vt 164.17540 574.09244
vt 164.25000 574.07147
vt 164.17540 574.09244
vt 164.15118 574.15118
vt 164.11064 574.11064
vt 164.18893 574.14057
vt 164.15118 574.15118
vt 164.17540 574.09244
vt 164.23227 574.23227
vt 164.25000 574.17534
vt 164.25000 574.22728
vt 164.23227 574.23227
vt 164.19172 574.19172
vt 164.20245 574.18871
vt 164.20245 574.18871
vt 164.25000 574.17534
vt 164.23227 574.23227
vt 164.34634 574.09634
vt 164.50000 574.00121
vt 164.50000 574.05315
vt 164.50000 574.00121
vt 164.34634 574.09634
vt 164.30579 574.05579
vt 164.42742 574.17742
vt 164.50000 574.10509
vt 164.50000 574.15702
vt 164.50000 574.10509
vt 164.42742 574.17742
vt 164.38688 574.13688
vt 164.38688 574.13688
vt 164.25000 574.22728
vt 164.25000 574.17534
vt 164.25000 574.22728
vt 164.38688 574.13688
vt 164.42742 574.17742
vt 164.30579 574.05579
vt 164.25000 574.12341
vt 164.25000 574.07147
vt 164.25000 574.12341
vt 164.30579 574.05579
vt 164.34634 574.09634
vt 164.68913 574.00000
vt 164.89126 573.89126
vt 164.93180 573.93180
vt 164.65675 573.95716
vt 164.68913 574.00000
vt 164.50432 574.00000
vt 164.68913 574.00000
vt 164.65675 573.95716
vt 164.89126 573.89126
vt 165.00000 574.00000
vt 164.87394 574.00000
vt 164.97235 573.97235
vt 164.93180 573.93180
vt 165.00000 573.86070
vt 165.00000 573.91264
vt 165.00000 573.86070
vt 164.93180 573.93180
vt 164.89126 573.89126
vt 165.00000 574.00000
vt 164.97235 573.97235
vt 165.00000 573.96457
vt 164.50000 574.05315
vt 164.50095 574.00095
vt 164.54149 574.04149
vt 164.50095 574.00095
vt 164.50000 574.05315
vt 164.50000 574.00121
vt 164.50000 574.15702
vt 164.58203 574.08203
vt 164.62258 574.12258
vt 164.58203 574.08203
vt 164.50000 574.15702
vt 164.50000 574.10509
vt 164.62258 574.12258
vt 164.58203 574.08203
vt 164.68381 574.05343
vt 164.68381 574.05343
vt 164.69733 574.10157
vt 164.62258 574.12258
vt 164.87394 574.00000
vt 165.00000 574.00000
vt 165.00000 574.01651
vt 164.69733 574.10157
vt 164.68381 574.05343
vt 164.87394 574.00000
vt 164.87394 574.00000
vt 165.00000 574.01651
vt 164.69733 574.10157
vt 164.50432 574.00000
vt 164.54149 574.04149
vt 164.50095 574.00095
vt 164.50432 574.00000
vt 164.68913 574.00000
vt 164.67028 574.00530
vt 164.67028 574.00530
vt 164.54149 574.04149
vt 164.50432 574.00000
vt 165.05875 574.00000
vt 165.36266 573.86266
vt 165.40320 573.90320
vt 165.05875 574.00000
vt 165.00000 574.00000
vt 165.00000 573.96457
vt 165.00000 573.96457
vt 165.36266 573.86266
vt 165.05875 574.00000
vt 165.28157 573.78157
vt 165.00000 573.91264
vt 165.00000 573.86070
vt 165.00000 573.91264
vt 165.28157 573.78157
vt 165.32211 573.82211
vt 165.50000 573.75000
vt 165.46183 573.73091
vt 165.50000 573.72019
vt 165.50000 573.82406
vt 165.40320 573.90320
vt 165.36266 573.86266
vt 165.40320 573.90320
vt 165.50000 573.82406
vt 165.50000 573.87600
vt 165.32211 573.82211
vt 165.28157 573.78157
vt 165.46183 573.73091
vt 165.46183 573.73091
vt 165.50000 573.77212
vt 165.32211 573.82211
vt 165.46183 573.73091
vt 165.50000 573.75000
vt 165.50000 573.77212
vt 165.00000 574.00000
vt 165.01289 574.01289
vt 165.00000 574.01651
vt 165.00000 574.00000
vt 165.05875 574.00000
vt 165.01289 574.01289
vt 165.63298 573.73475
vt 165.67188 573.67188
vt 165.71243 573.71243
vt 165.57872 573.75000
vt 165.50000 573.75000
vt 165.50000 573.72019
vt 165.61946 573.68661
vt 165.63298 573.73475
vt 165.57872 573.75000
vt 165.63298 573.73475
vt 165.61946 573.68661
vt 165.67188 573.67188
vt 165.57872 573.75000
vt 165.50000 573.72019
vt 165.61946 573.68661
vt 165.75297 573.75297
vt 165.75000 573.80574
vt 165.75000 573.75380
vt 165.75000 573.80574
vt 165.75297 573.75297
vt 165.79351 573.79351
vt 165.55781 573.80781
vt 165.50000 573.87600
vt 165.50000 573.82406
vt 165.50000 573.87600
vt 165.55781 573.80781
vt 165.59836 573.84836
vt 165.50000 573.75000
vt 165.51727 573.76727
vt 165.50000 573.77212
vt 165.51727 573.76727
vt 165.50000 573.75000
vt 165.57872 573.75000
vt 165.64651 573.78289
vt 165.75000 573.75380
vt 165.75000 573.80574
vt 165.59836 573.84836
vt 165.55781 573.80781
vt 165.64651 573.78289
vt 165.64651 573.78289
vt 165.66004 573.83102
vt 165.59836 573.84836
vt 165.75000 573.80574
vt 165.66004 573.83102
vt 165.64651 573.78289
vt 165.76353 573.75000
vt 165.79351 573.79351
vt 165.75297 573.75297
vt 165.79351 573.79351
vt 165.76353 573.75000
vt 165.94834 573.75000
vt 165.71243 573.71243
vt 165.75000 573.64993
vt 165.75000 573.70187
vt 165.75000 573.64993
vt 165.71243 573.71243
vt 165.67188 573.67188
vt 165.90758 573.65758
vt 166.00000 573.57967
vt 166.00000 573.63161
vt 166.00000 573.57967
vt 165.90758 573.65758
vt 165.86704 573.61704
vt 165.98867 573.73867
vt 166.00000 573.68355
vt 166.00000 573.73548
vt 166.00000 573.68355
vt 165.98867 573.73867
vt 165.94812 573.69812
vt 165.94812 573.69812
vt 165.94834 573.75000
vt 165.76353 573.75000
vt 165.94834 573.75000
vt 165.94812 573.69812
vt 165.98867 573.73867
vt 165.86704 573.61704
vt 165.75000 573.70187
vt 165.75000 573.64993
vt 165.75000 573.70187
vt 165.86704 573.61704
vt 165.90758 573.65758
vt 166.47844 573.50000
vt 166.45435 573.45435
vt 166.49584 573.49584
vt 166.47844 573.50000
vt 166.39813 573.46779
vt 166.39909 573.46754
vt 166.39813 573.46779
vt 166.47844 573.50000
vt 166.28350 573.50000
vt 166.39909 573.46754
vt 166.45435 573.45435
vt 166.47844 573.50000
vt 166.49584 573.49584
vt 166.50000 573.44345
vt 166.50000 573.49485
vt 166.50000 573.44345
vt 166.49584 573.49584
vt 166.45435 573.45435
vt 166.00000 573.63161
vt 166.06219 573.56219
vt 166.10274 573.60274
vt 166.06219 573.56219
vt 166.00000 573.63161
vt 166.00000 573.57967
vt 166.14328 573.64328
vt 166.18382 573.68382
vt 166.14139 573.69575
vt 166.14139 573.69575
vt 166.12787 573.64761
vt 166.14328 573.64328
vt 166.14139 573.69575
vt 166.00000 573.73548
vt 166.00000 573.68355
vt 166.00000 573.68355
vt 166.12787 573.64761
vt 166.14139 573.69575
vt 166.10274 573.60274
vt 166.06219 573.56219
vt 166.10081 573.55134
vt 166.10081 573.55134
vt 166.11434 573.59948
vt 166.10274 573.60274
vt 166.41118 573.51606
vt 166.28350 573.50000
vt 166.47844 573.50000
vt 166.10081 573.55134
vt 166.28350 573.50000
vt 166.11434 573.59948
vt 166.11434 573.59948
vt 166.28350 573.50000
vt 166.41118 573.51606
vt 166.42424 573.56434
vt 166.50000 573.54626
vt 166.50000 573.59766
vt 166.43633 573.61286
vt 166.18382 573.68382
vt 166.42328 573.56459
vt 166.42328 573.56459
vt 166.18382 573.68382
vt 166.14328 573.64328
vt 166.50000 573.59766
vt 166.43633 573.61286
vt 166.42424 573.56434
vt 166.42328 573.56459
vt 166.42424 573.56434
vt 166.43633 573.61286
vt 166.92122 573.49711
vt 166.94099 573.44099
vt 166.98249 573.48249
vt 166.90961 573.44848
vt 166.90912 573.50000
vt 166.69378 573.50000
vt 166.90961 573.44848
vt 166.94099 573.44099
vt 166.92122 573.49711
vt 166.92122 573.49711
vt 166.90912 573.50000
vt 166.90961 573.44848
vt 166.85799 573.35799
vt 166.50000 573.49485
vt 166.50000 573.44345
vt 166.85799 573.35799
vt 166.89949 573.39949
vt 166.89800 573.39985
vt 166.89800 573.39985
vt 166.50000 573.49485
vt 166.85799 573.35799
vt 166.88639 573.35121
vt 167.00000 573.32409
vt 167.00000 573.37550
vt 166.89949 573.39949
vt 166.85799 573.35799
vt 166.88639 573.35121
vt 167.00000 573.37550
vt 166.89949 573.39949
vt 166.88639 573.35121
vt 166.98249 573.48249
vt 167.00000 573.42690
vt 167.00000 573.47831
vt 167.00000 573.42690
vt 166.98249 573.48249
vt 166.94099 573.44099
vt 166.53734 573.53734
vt 166.50000 573.59766
vt 166.50000 573.54626
vt 166.50000 573.59766
vt 166.53734 573.53734
vt 166.57884 573.57884
vt 166.69378 573.50000
vt 166.57884 573.57884
vt 166.53734 573.53734
vt 166.57884 573.57884
vt 166.69378 573.50000
vt 166.90912 573.50000
vt 167.34463 573.34463
vt 167.00000 573.47831
vt 167.00000 573.42690
vt 167.00000 573.47831
vt 167.34463 573.34463
vt 167.38613 573.38613
vt 167.26164 573.26164
vt 167.00000 573.37550
vt 167.00000 573.32409
vt 167.00000 573.37550
vt 167.26164 573.26164
vt 167.30313 573.30313
vt 167.50000 573.25000
vt 167.43872 573.21936
vt 167.50000 573.20474
vt 167.39594 573.33238
vt 167.38613 573.38613
vt 167.34463 573.34463
vt 167.39594 573.33238
vt 167.50000 573.30754
vt 167.50000 573.35895
vt 167.40755 573.38102
vt 167.38613 573.38613
vt 167.39594 573.33238
vt 167.50000 573.35895
vt 167.40755 573.38102
vt 167.39594 573.33238
vt 167.38433 573.28375
vt 167.37272 573.23512
vt 167.43872 573.21936
vt 167.37272 573.23512
vt 167.30313 573.30313
vt 167.26164 573.26164
vt 167.43872 573.21936
vt 167.50000 573.25614
vt 167.38433 573.28375
vt 167.43872 573.21936
vt 167.50000 573.25000
vt 167.50000 573.25614
vt 167.38433 573.28375
vt 167.30313 573.30313
vt 167.37272 573.23512
vt 167.52572 573.25000
vt 167.66528 573.16528
vt 167.70678 573.20678
vt 167.52572 573.25000
vt 167.50000 573.25000
vt 167.50000 573.20474
vt 167.50000 573.20474
vt 167.66528 573.16528
vt 167.52572 573.25000
vt 167.75000 573.25000
vt 167.74106 573.25000
vt 167.74828 573.24828
vt 167.75000 573.25000
vt 167.78978 573.28978
vt 167.75000 573.29927
vt 167.54646 573.29646
vt 167.50000 573.35895
vt 167.50000 573.30754
vt 167.50000 573.35895
vt 167.54646 573.29646
vt 167.58795 573.33795
vt 167.50000 573.25000
vt 167.50496 573.25496
vt 167.50000 573.25614
vt 167.50496 573.25496
vt 167.50000 573.25000
vt 167.52572 573.25000
vt 167.74106 573.25000
vt 167.75000 573.25000
vt 167.75000 573.29927
vt 167.58795 573.33795
vt 167.54646 573.29646
vt 167.74106 573.25000
vt 167.75000 573.29927
vt 167.58795 573.33795
vt 167.74106 573.25000
vt 167.75000 573.25000
vt 167.89389 573.26492
vt 167.78978 573.28978
vt 167.89389 573.26492
vt 167.75000 573.25000
vt 167.95641 573.25000
vt 167.70678 573.20678
vt 167.75000 573.14506
vt 167.75000 573.19646
vt 167.75000 573.14506
vt 167.70678 573.20678
vt 167.66528 573.16528
vt 167.75000 573.25000
vt 167.74828 573.24828
vt 167.75000 573.24787
vt 167.90860 573.15860
vt 168.00000 573.08538
vt 168.00000 573.13678
vt 168.00000 573.08538
vt 167.90860 573.15860
vt 167.86710 573.11710
vt 167.99160 573.24160
vt 168.00000 573.18819
vt 168.00000 573.23959
vt 168.00000 573.18819
vt 167.99160 573.24160
vt 167.95010 573.20010
vt 167.75000 573.25000
vt 167.75000 573.24787
vt 167.88228 573.21629
vt 167.88228 573.21629
vt 167.95641 573.25000
vt 167.75000 573.25000
vt 167.95641 573.25000
vt 167.95010 573.20010
vt 167.99160 573.24160
vt 167.88228 573.21629
vt 167.95010 573.20010
vt 167.95641 573.25000
vt 167.87067 573.16766
vt 167.75000 573.19646
vt 167.75000 573.14506
vt 167.87067 573.16766
vt 167.86710 573.11710
vt 167.90860 573.15860
vt 167.75000 573.14506
vt 167.85906 573.11902
vt 167.87067 573.16766
vt 167.85906 573.11902
vt 167.86710 573.11710
vt 167.87067 573.16766
vt 168.50000 573.00000
vt 168.35766 573.00000
vt 168.47257 572.97257
vt 168.50000 573.00000
vt 168.47257 572.97257
vt 168.50000 572.96602
vt 168.00000 573.13678
vt 168.06893 573.06893
vt 168.11042 573.11042
vt 168.06893 573.06893
vt 168.00000 573.13678
vt 168.00000 573.08538
vt 168.00000 573.23959
vt 168.15192 573.15192
vt 168.19342 573.19342
vt 168.15192 573.15192
vt 168.00000 573.23959
vt 168.00000 573.18819
vt 168.34539 573.00293
vt 168.11042 573.11042
vt 168.06893 573.06893
vt 168.35766 573.00000
vt 168.50000 573.01743
vt 168.35700 573.05156
vt 168.50000 573.01743
vt 168.35766 573.00000
vt 168.50000 573.00000
vt 168.35700 573.05156
vt 168.11042 573.11042
vt 168.34539 573.00293
vt 168.34539 573.00293
vt 168.35766 573.00000
vt 168.35700 573.05156
vt 168.36861 573.10020
vt 168.50000 573.12024
vt 168.38022 573.14883
vt 168.50000 573.12024
vt 168.36861 573.10020
vt 168.50000 573.06883
vt 168.36861 573.10020
vt 168.19342 573.19342
vt 168.15192 573.15192
vt 168.38022 573.14883
vt 168.19342 573.19342
vt 168.36861 573.10020
vt 168.84334 572.93547
vt 168.87622 572.87622
vt 168.91771 572.91771
vt 168.57301 573.00000
vt 168.50000 573.00000
vt 168.50000 572.96602
vt 168.83173 572.88683
vt 168.84334 572.93547
vt 168.57301 573.00000
vt 168.84334 572.93547
vt 168.83173 572.88683
vt 168.87622 572.87622
vt 168.57301 573.00000
vt 168.50000 572.96602
vt 168.83173 572.88683
vt 169.00000 573.00000
vt 168.85495 572.98410
vt 168.95921 572.95921
vt 168.85495 572.98410
vt 169.00000 573.00000
vt 168.78835 573.00000
vt 168.91771 572.91771
vt 169.00000 572.84667
vt 169.00000 572.89807
vt 169.00000 572.84667
vt 168.91771 572.91771
vt 168.87622 572.87622
vt 169.00000 573.00000
vt 168.95921 572.95921
vt 169.00000 572.94948
vt 168.55557 573.05557
vt 168.50000 573.12024
vt 168.50000 573.06883
vt 168.50000 573.12024
vt 168.55557 573.05557
vt 168.59707 573.09707
vt 168.50000 573.00000
vt 168.51407 573.01407
vt 168.50000 573.01743
vt 168.78835 573.00000
vt 168.59707 573.09707
vt 168.55557 573.05557
vt 168.86656 573.03273
vt 169.00000 573.00000
vt 169.00000 573.00088
vt 168.86656 573.03273
vt 168.59707 573.09707
vt 168.78835 573.00000
vt 168.78835 573.00000
vt 169.00000 573.00000
vt 168.86656 573.03273
vt 168.50000 573.00000
vt 168.57301 573.00000
vt 168.51407 573.01407
vt 169.36286 572.86286
vt 169.40436 572.90436
vt 169.35289 572.91664
vt 169.35289 572.91664
vt 169.34128 572.86801
vt 169.36286 572.86286
vt 169.00369 573.00000
vt 169.00000 573.00000
vt 169.00000 572.94948
vt 169.00000 572.94948
vt 169.35289 572.91664
vt 169.00369 573.00000
vt 169.00000 572.94948
vt 169.34128 572.86801
vt 169.35289 572.91664
vt 169.27986 572.77986
vt 169.00000 572.89807
vt 169.00000 572.84667
vt 169.00000 572.89807
vt 169.27986 572.77986
vt 169.32136 572.82136
vt 169.31807 572.77074
vt 169.50000 572.72731
vt 169.50000 572.77871
vt 169.32136 572.82136
vt 169.27986 572.77986
vt 169.31807 572.77074
vt 169.31807 572.77074
vt 169.32967 572.81937
vt 169.32136 572.82136
vt 169.50000 572.77871
vt 169.32967 572.81937
vt 169.31807 572.77074
vt 169.40436 572.90436
vt 169.50000 572.83012
vt 169.50000 572.88152
vt 169.50000 572.83012
vt 169.40436 572.90436
vt 169.36286 572.86286
vt 169.00000 573.00000
vt 169.00071 573.00071
vt 169.00000 573.00088
vt 169.00000 573.00000
vt 169.00369 573.00000
vt 169.00071 573.00071
vt 169.50000 572.72731
vt 169.64036 572.69380
vt 169.61390 572.75153
vt 169.61390 572.75153
vt 169.50000 572.77871
vt 169.50000 572.72731
vt 169.50000 572.83012
vt 169.58744 572.80925
vt 169.56098 572.86697
vt 169.56098 572.86697
vt 169.50000 572.88152
vt 169.50000 572.83012
vt 169.78215 572.71136
vt 169.61390 572.75153
vt 169.64036 572.69380
vt 169.64036 572.69380
vt 169.77000 572.66286
vt 169.78215 572.71136
vt 169.58744 572.80925
vt 169.79402 572.75993
vt 169.80563 572.80857
vt 169.80563 572.80857
vt 169.56098 572.86697
vt 169.58744 572.80925
f 3/3 2/2 1/1
f 6/6 5/5 4/4
f 9/9 8/8 7/7
f 12/12 11/11 10/10
f 15/15 14/14 13/13
f 18/18 17/17 16/16
f 21/21 20/20 19/19
f 24/24 23/23 22/22
f 27/27 26/26 25/25
f 30/30 29/29 28/28
f 33/33 32/32 31/31
f 36/36 35/35 34/34
f 39/39 38/38 37/37
f 42/42 41/41 40/40
f 45/45 44/44 43/43
f 48/48 47/47 46/46
f 51/51 50/50 49/49
f 54/54 53/53 52/52
f 57/57 56/56 55/55
f 60/60 59/59 58/58
f 63/63 62/62 61/61
f 66/66 65/65 64/64
f 69/69 68/68 67/67
f 72/72 71/71 70/70
f 75/75 74/74 73/73
f 78/78 77/77 76/76
f 81/81 80/80 79/79
f 84/84 83/83 82/82
f 87/87 86/86 85/85
f 90/90 89/89 88/88
f 93/93 92/92 91/91
f 96/96 95/95 94/94
f 99/99 98/98 97/97
f 102/102 101/101 100/100
f 105/105 104/104 103/103
f 108/108 107/107 106/106
f 111/111 110/110 109/109
f 114/114 113/113 112/112
f 117/117 116/116 115/115
f 120/120 119/119 118/118
f 123/123 122/122 121/121
f 126/126 125/125 124/124
f 129/129 128/128 127/127
f 132/132 131/131 130/130
f 135/135 134/134 133/133
f 138/138 137/137 136/136
f 141/141 140/140 139/139
f 144/144 143/143 142/142
f 147/147 146/146 145/145
f 150/150 149/149 148/148
f 153/153 152/152 151/151
f 156/156 155/155 154/154
f 159/159 158/158 157/157
f 162/162 161/161 160/160
f 165/165 164/164 163/163
f 168/168 167/167 166/166
f 171/171 170/170 169/169
f 174/174 173/173 172/172
f 177/177 176/176 175/175
f 180/180 179/179 178/178
f 183/183 182/182 181/181
f 186/186 185/185 184/184
f 189/189 188/188 187/187
f 192/192 191/191 190/190
f 195/195 194/194 193/193
f 198/198 197/197 196/196
f 201/201 200/200 199/199
f 204/204 203/203 202/202
f 207/207 206/206 205/205
f 210/210 209/209 208/208
f 213/213 212/212 211/211
f 216/216 215/215 214/214
f 219/219 218/218 217/217
f 222/222 221/221 220/220
f 225/225 224/224 223/223
f 228/228 227/227 226/226
f 231/231 230/230 229/229
f 234/234 233/233 232/232
f 237/237 236/236 235/235
f 240/240 239/239 238/238
f 243/243 242/242 241/241
f 246/246 245/245 244/244
f 249/249 248/248 247/247
f 252/252 251/251 250/250
f 255/255 254/254 253/253
f 258/258 257/257 256/256
f 261/261 260/260 259/259
f 264/264 263/263 262/262
f 267/267 266/266 265/265
f 270/270 269/269 268/268
f 273/273 272/272 271/271
f 276/276 275/275 274/274
f 279/279 278/278 277/277
f 282/282 281/281 280/280
f 285/285 284/284 283/283
f 288/288 287/287 286/286
f 291/291 290/290 289/289
f 294/294 293/293 292/292
f 297/297 296/296 295/295
f 300/300 299/299 298/298
f 303/303 302/302 301/301
f 306/306 305/305 304/304
f 309/309 308/308 307/307
f 312/312 311/311 310/310
f 315/315 314/314 313/313
f 318/318 317/317 316/316
f 321/321 320/320 319/319
f 324/324 323/323 322/322
f 327/327 326/326 325/325
f 330/330 329/329 328/328
f 333/333 332/332 331/331
f 336/336 335/335 334/334
f 339/339 338/338 337/337
f 342/342 341/341 340/340
f 345/345 344/344 343/343
f 348/348 347/347 346/346
f 351/351 350/350 349/349
f 354/354 353/353 352/352
f 357/357 356/356 355/355
f 360/360 359/359 358/358
f 363/363 362/362 361/361
f 366/366 365/365 364/364
f 369/369 368/368 367/367
f 372/372 371/371 370/370
f 375/375 374/374 373/373
f 378/378 377/377 376/376
f 381/381 380/380 379/379
f 384/384 383/383 382/382
f 387/387 386/386 385/385
f 390/390 389/389 388/388
f 393/393 392/392 391/391
f 396/396 395/395 394/394
f 399/399 398/398 397/397
f 402/402 401/401 400/400
f 405/405 404/404 403/403
f 408/408 407/407 406/406
f 411/411 410/410 409/409
f 414/414 413/413 412/412
f 417/417 416/416 415/415
f 420/420 419/419 418/418
f 423/423 422/422 421/421
f 426/426 425/425 424/424
f 429/429 428/428 427/427
f 432/432 431/431 430/430
f 435/435 434/434 433/433
f 438/438 437/437 436/436
f 441/441 440/440 439/439
f 444/444 443/443 442/442
f 447/447 446/446 445/445
f 450/450 449/449 448/448
f 453/453 452/452 451/451
f 456/456 455/455 454/454
f 459/459 458/458 457/457
f 462/462 461/461 460/460
f 465/465 464/464 463/463
f 468/468 467/467 466/466
f 471/471 470/470 469/469
f 474/474 473/473 472/472
f 477/477 476/476 475/475
f 480/480 479/479 478/478
f 483/483 482/482 481/481
f 486/486 485/485 484/484
f 489/489 488/488 487/487
f 492/492 491/491 490/490
f 495/495 494/494 493/493
f 498/498 497/497 496/496
f 501/501 500/500 499/499
f 504/504 503/503 502/502
f 507/507 506/506 505/505
f 510/510 509/509 508/508
f 513/513 512/512 511/511
f 516/516 515/515 514/514
f 519/519 518/518 517/517
f 522/522 521/521 520/520
f 525/525 524/524 523/523
f 528/528 527/527 526/526
f 531/531 530/530 529/529
f 534/534 533/533 532/532
f 537/537 536/536 535/535
f 540/540 539/539 538/538
f 543/543 542/542 541/541
f 546/546 545/545 544/544
f 549/549 548/548 547/547
f 552/552 551/551 550/550
f 555/555 554/554 553/553
f 558/558 557/557 556/556
f 561/561 560/560 559/559
f 564/564 563/563 562/562
f 567/567 566/566 565/565
f 570/570 569/569 568/568
f 573/573 572/572 571/571
f 576/576 575/575 574/574
f 579/579 578/578 577/577
f 582/582 581/581 580/580
f 585/585 584/584 583/583
f 588/588 587/587 586/586
f 591/591 590/590 589/589
f 594/594 593/593 592/592
f 597/597 596/596 595/595
f 600/600 599/599 598/598
f 603/603 602/602 601/601
f 606/606 605/605 604/604
f 609/609 608/608 607/607
f 612/612 611/611 610/610
f 615/615 614/614 613/613
f 618/618 617/617 616/616
f 621/621 620/620 619/619
f 624/624 623/623 622/622
f 627/627 626/626 625/625
f 630/630 629/629 628/628
f 633/633 632/632 631/631
f 636/636 635/635 634/634
f 639/639 638/638 637/637
f 642/642 641/641 640/640
f 645/645 644/644 643/643
f 648/648 647/647 646/646
f 651/651 650/650 649/649
f 654/654 653/653 652/652
f 657/657 656/656 655/655
f 660/660 659/659 658/658
f 663/663 662/662 661/661
f 666/666 665/665 664/664
f 669/669 668/668 667/667
f 672/672 671/671 670/670
f 675/675 674/674 673/673
f 678/678 677/677 676/676
f 681/681 680/680 679/679
f 684/684 683/683 682/682
f 687/687 686/686 685/685
f 690/690 689/689 688/688
f 693/693 692/692 691/691
f 696/696 695/695 694/694
f 699/699 698/698 697/697
f 702/702 701/701 700/700
f 705/705 704/704 703/703
f 708/708 707/707 706/706
f 711/711 710/710 709/709
f 714/714 713/713 712/712
f 717/717 716/716 715/715
f 720/720 719/719 718/718
f 723/723 722/722 721/721
f 726/726 725/725 724/724
f 729/729 728/728 727/727
f 732/732 731/731 730/730
f 735/735 734/734 733/733
f 738/738 737/737 736/736
f 741/741 740/740 739/739
f 744/744 743/743 742/742
f 747/747 746/746 745/745
f 750/750 749/749 748/748
f 753/753 752/752 751/751
f 756/756 755/755 754/754
f 759/759 758/758 757/757
f 762/762 761/761 760/760
f 765/765 764/764 763/763
f 768/768 767/767 766/766
f 771/771 770/770 769/769
f 774/774 773/773 772/772
f 777/777 776/776 775/775
f 780/780 779/779 778/778
f 783/783 782/782 781/781
f 786/786 785/785 784/784
f 789/789 788/788 787/787
f 792/792 791/791 790/790
f 795/795 794/794 793/793
f 798/798 797/797 796/796
f 801/801 800/800 799/799
f 804/804 803/803 802/802
f 807/807 806/806 805/805
f 810/810 809/809 808/808
f 813/813 812/812 811/811
f 816/816 815/815 814/814
f 819/819 818/818 817/817
f 822/822 821/821 820/820
f 825/825 824/824 823/823
f 828/828 827/827 826/826
f 831/831 830/830 829/829
f 834/834 833/833 832/832
f 837/837 836/836 835/835
f 840/840 839/839 838/838
f 843/843 842/842 841/841
f 846/846 845/845 844/844
f 849/849 848/848 847/847
f 852/852 851/851 850/850
f 855/855 854/854 853/853
f 858/858 857/857 856/856
f 861/861 860/860 859/859
f 864/864 863/863 862/862
f 867/867 866/866 865/865
f 870/870 869/869 868/868
f 873/873 872/872 871/871
f 876/876 875/875 874/874
f 879/879 878/878 877/877
f 882/882 881/881 880/880
f 885/885 884/884 883/883
f 888/888 887/887 886/886
f 891/891 890/890 889/889
f 894/894 893/893 892/892
f 897/897 896/896 895/895
f 900/900 899/899 898/898
f 903/903 902/902 901/901
f 906/906 905/905 904/904
f 909/909 908/908 907/907
f 912/912 911/911 910/910
f 915/915 914/914 913/913
f 918/918 917/917 916/916
f 921/921 920/920 919/919
f 924/924 923/923 922/922
f 927/927 926/926 925/925
f 930/930 929/929 928/928
f 933/933 932/932 931/931
f 936/936 935/935 934/934
f 939/939 938/938 937/937
f 942/942 941/941 940/940
f 945/945 944/944 943/943
f 948/948 947/947 946/946
f 951/951 950/950 949/949
f 954/954 953/953 952/952
f 957/957 956/956 955/955
f 960/960 959/959 958/958
f 963/963 962/962 961/961
f 966/966 965/965 964/964
f 969/969 968/968 967/967
f 972/972 971/971 970/970
f 975/975 974/974 973/973
f 978/978 977/977 976/976
f 981/981 980/980 979/979
f 984/984 983/983 982/982
f 987/987 986/986 985/985
f 990/990 989/989 988/988
f 993/993 992/992 991/991
f 996/996 995/995 994/994
f 999/999 998/998 997/997
f 1002/1002 1001/1001 1000/1000
f 1005/1005 1004/1004 1003/1003
f 1008/1008 1007/1007 1006/1006
f 1011/1011 1010/1010 1009/1009
f 1014/1014 1013/1013 1012/1012
f 1017/1017 1016/1016 1015/1015
f 1020/1020 1019/1019 1018/1018
f 1023/1023 1022/1022 1021/1021
f 1026/1026 1025/1025 1024/1024
f 1029/1029 1028/1028 1027/1027
f 1032/1032 1031/1031 1030/1030
f 1035/1035 1034/1034 1033/1033
f 1038/1038 1037/1037 1036/1036
f 1041/1041 1040/1040 1039/1039
f 1044/1044 1043/1043 1042/1042
f 1047/1047 1046/1046 1045/1045
f 1050/1050 1049/1049 1048/1048
f 1053/1053 1052/1052 1051/1051
f 1056/1056 1055/1055 1054/1054
f 1059/1059 1058/1058 1057/1057
f 1062/1062 1061/1061 1060/1060
f 1065/1065 1064/1064 1063/1063
f 1068/1068 1067/1067 1066/1066
f 1071/1071 1070/1070 1069/1069
f 1074/1074 1073/1073 1072/1072
f 1077/1077 1076/1076 1075/1075
f 1080/1080 1079/1079 1078/1078
f 1083/1083 1082/1082 1081/1081
f 1086/1086 1085/1085 1084/1084
f 1089/1089 1088/1088 1087/1087
f 1092/1092 1091/1091 1090/1090
f 1095/1095 1094/1094 1093/1093
f 1098/1098 1097/1097 1096/1096
f 1101/1101 1100/1100 1099/1099
f 1104/1104 1103/1103 1102/1102
f 1107/1107 1106/1106 1105/1105
f 1110/1110 1109/1109 1108/1108
f 1113/1113 1112/1112 1111/1111
f 1116/1116 1115/1115 1114/1114
f 1119/1119 1118/1118 1117/1117
f 1122/1122 1121/1121 1120/1120
f 1125/1125 1124/1124 1123/1123
f 1128/1128 1127/1127 1126/1126
f 1131/1131 1130/1130 1129/1129
f 1134/1134 1133/1133 1132/1132
f 1137/1137 1136/1136 1135/1135
f 1140/1140 1139/1139 1138/1138
f 1143/1143 1142/1142 1141/1141
f 1146/1146 1145/1145 1144/1144
f 1149/1149 1148/1148 1147/1147
f 1152/1152 1151/1151 1150/1150
f 1155/1155 1154/1154 1153/1153
f 1158/1158 1157/1157 1156/1156
f 1161/1161 1160/1160 1159/1159
f 1164/1164 1163/1163 1162/1162
f 1167/1167 1166/1166 1165/1165
f 1170/1170 1169/1169 1168/1168
f 1173/1173 1172/1172 1171/1171
f 1176/1176 1175/1175 1174/1174
f 1179/1179 1178/1178 1177/1177
f 1182/1182 1181/1181 1180/1180
f 1185/1185 1184/1184 1183/1183
f 1188/1188 1187/1187 1186/1186
f 1191/1191 1190/1190 1189/1189
f 1194/1194 1193/1193 1192/1192
f 1197/1197 1196/1196 1195/1195
f 1200/1200 1199/1199 1198/1198
f 1203/1203 1202/1202 1201/1201
f 1206/1206 1205/1205 1204/1204
f 1209/1209 1208/1208 1207/1207
f 1212/1212 1211/1211 1210/1210
f 1215/1215 1214/1214 1213/1213
f 1218/1218 1217/1217 1216/1216
f 1221/1221 1220/1220 1219/1219
f 1224/1224 1223/1223 1222/1222
f 1227/1227 1226/1226 1225/1225
f 1230/1230 1229/1229 1228/1228
f 1233/1233 1232/1232 1231/1231
f 1236/1236 1235/1235 1234/1234
f 1239/1239 1238/1238 1237/1237
f 1242/1242 1241/1241 1240/1240
f 1245/1245 1244/1244 1243/1243
f 1248/1248 1247/1247 1246/1246
f 1251/1251 1250/1250 1249/1249
f 1254/1254 1253/1253 1252/1252
f 1257/1257 1256/1256 1255/1255
f 1260/1260 1259/1259 1258/1258
f 1263/1263 1262/1262 1261/1261
f 1266/1266 1265/1265 1264/1264
f 1269/1269 1268/1268 1267/1267
f 1272/1272 1271/1271 1270/1270
f 1275/1275 1274/1274 1273/1273
f 1278/1278 1277/1277 1276/1276
f 1281/1281 1280/1280 1279/1279
f 1284/1284 1283/1283 1282/1282
f 1287/1287 1286/1286 1285/1285
f 1290/1290 1289/1289 1288/1288
f 1293/1293 1292/1292 1291/1291
f 1296/1296 1295/1295 1294/1294
f 1299/1299 1298/1298 1297/1297
f 1302/1302 1301/1301 1300/1300
f 1305/1305 1304/1304 1303/1303
f 1308/1308 1307/1307 1306/1306
f 1311/1311 1310/1310 1309/1309
f 1314/1314 1313/1313 1312/1312
f 1317/1317 1316/1316 1315/1315
f 1320/1320 1319/1319 1318/1318
f 1323/1323 1322/1322 1321/1321
f 1326/1326 1325/1325 1324/1324
f 1329/1329 1328/1328 1327/1327
f 1332/1332 1331/1331 1330/1330
f 1335/1335 1334/1334 1333/1333
f 1338/1338 1337/1337 1336/1336
f 1341/1341 1340/1340 1339/1339
f 1344/1344 1343/1343 1342/1342
f 1347/1347 1346/1346 1345/1345
f 1350/1350 1349/1349 1348/1348
f 1353/1353 1352/1352 1351/1351
f 1356/1356 1355/1355 1354/1354
f 1359/1359 1358/1358 1357/1357
f 1362/1362 1361/1361 1360/1360
f 1365/1365 1364/1364 1363/1363
f 1368/1368 1367/1367 1366/1366
f 1371/1371 1370/1370 1369/1369
f 1374/1374 1373/1373 1372/1372
f 1377/1377 1376/1376 1375/1375
f 1380/1380 1379/1379 1378/1378
f 1383/1383 1382/1382 1381/1381
f 1386/1386 1385/1385 1384/1384
f 1389/1389 1388/1388 1387/1387
f 1392/1392 1391/1391 1390/1390
f 1395/1395 1394/1394 1393/1393
f 1398/1398 1397/1397 1396/1396
f 1401/1401 1400/1400 1399/1399
f 1404/1404 1403/1403 1402/1402
f 1407/1407 1406/1406 1405/1405
f 1410/1410 1409/1409 1408/1408
f 1413/1413 1412/1412 1411/1411
f 1416/1416 1415/1415 1414/1414
f 1419/1419 1418/1418 1417/1417
f 1422/1422 1421/1421 1420/1420
f 1425/1425 1424/1424 1423/1423
f 1428/1428 1427/1427 1426/1426
f 1431/1431 1430/1430 1429/1429
f 1434/1434 1433/1433 1432/1432
f 1437/1437 1436/1436 1435/1435
f 1440/1440 1439/1439 1438/1438
f 1443/1443 1442/1442 1441/1441
f 1446/1446 1445/1445 1444/1444
f 1449/1449 1448/1448 1447/1447
f 1452/1452 1451/1451 1450/1450
f 1455/1455 1454/1454 1453/1453
f 1458/1458 1457/1457 1456/1456
f 1461/1461 1460/1460 1459/1459
f 1464/1464 1463/1463 1462/1462
f 1467/1467 1466/1466 1465/1465
f 1470/1470 1469/1469 1468/1468
f 1473/1473 1472/1472 1471/1471
f 1476/1476 1475/1475 1474/1474
f 1479/1479 1478/1478 1477/1477
f 1482/1482 1481/1481 1480/1480
f 1485/1485 1484/1484 1483/1483
f 1488/1488 1487/1487 1486/1486
f 1491/1491 1490/1490 1489/1489
f 1494/1494 1493/1493 1492/1492
f 1497/1497 1496/1496 1495/1495
f 1500/1500 1499/1499 1498/1498
f 1503/1503 1502/1502 1501/1501
f 1506/1506 1505/1505 1504/1504
f 1509/1509 1508/1508 1507/1507
f 1512/1512 1511/1511 1510/1510
f 1515/1515 1514/1514 1513/1513
f 1518/1518 1517/1517 1516/1516
f 1521/1521 1520/1520 1519/1519
f 1524/1524 1523/1523 1522/1522
f 1527/1527 1526/1526 1525/1525
f 1530/1530 1529/1529 1528/1528
f 1533/1533 1532/1532 1531/1531
f 1536/1536 1535/1535 1534/1534
f 1539/1539 1538/1538 1537/1537
f 1542/1542 1541/1541 1540/1540
f 1545/1545 1544/1544 1543/1543
f 1548/1548 1547/1547 1546/1546
f 1551/1551 1550/1550 1549/1549
f 1554/1554 1553/1553 1552/1552
f 1557/1557 1556/1556 1555/1555
f 1560/1560 1559/1559 1558/1558
f 1563/1563 1562/1562 1561/1561
f 1566/1566 1565/1565 1564/1564
f 1569/1569 1568/1568 1567/1567
f 1572/1572 1571/1571 1570/1570
f 1575/1575 1574/1574 1573/1573
f 1578/1578 1577/1577 1576/1576
f 1581/1581 1580/1580 1579/1579
f 1584/1584 1583/1583 1582/1582
f 1587/1587 1586/1586 1585/1585
f 1590/1590 1589/1589 1588/1588
f 1593/1593 1592/1592 1591/1591
f 1596/1596 1595/1595 1594/1594
f 1599/1599 1598/1598 1597/1597
f 1602/1602 1601/1601 1600/1600
f 1605/1605 1604/1604 1603/1603
f 1608/1608 1607/1607 1606/1606
f 1611/1611 1610/1610 1609/1609
f 1614/1614 1613/1613 1612/1612
f 1617/1617 1616/1616 1615/1615
f 1620/1620 1619/1619 1618/1618
f 1623/1623 1622/1622 1621/1621
f 1626/1626 1625/1625 1624/1624
f 1629/1629 1628/1628 1627/1627
f 1632/1632 1631/1631 1630/1630
f 1635/1635 1634/1634 1633/1633
f 1638/1638 1637/1637 1636/1636
f 1641/1641 1640/1640 1639/1639
f 1644/1644 1643/1643 1642/1642
f 1647/1647 1646/1646 1645/1645
f 1650/1650 1649/1649 1648/1648
f 1653/1653 1652/1652 1651/1651
f 1656/1656 1655/1655 1654/1654
f 1659/1659 1658/1658 1657/1657
f 1662/1662 1661/1661 1660/1660
f 1665/1665 1664/1664 1663/1663
f 1668/1668 1667/1667 1666/1666
f 1671/1671 1670/1670 1669/1669
f 1674/1674 1673/1673 1672/1672
f 1677/1677 1676/1676 1675/1675
f 1680/1680 1679/1679 1678/1678
f 1683/1683 1682/1682 1681/1681
f 1686/1686 1685/1685 1684/1684
f 1689/1689 1688/1688 1687/1687
f 1692/1692 1691/1691 1690/1690
f 1695/1695 1694/1694 1693/1693
f 1698/1698 1697/1697 1696/1696
f 1701/1701 1700/1700 1699/1699
f 1704/1704 1703/1703 1702/1702
f 1707/1707 1706/1706 1705/1705
f 1710/1710 1709/1709 1708/1708
f 1713/1713 1712/1712 1711/1711
f 1716/1716 1715/1715 1714/1714
f 1719/1719 1718/1718 1717/1717
f 1722/1722 1721/1721 1720/1720
f 1725/1725 1724/1724 1723/1723
f 1728/1728 1727/1727 1726/1726
f 1731/1731 1730/1730 1729/1729
f 1734/1734 1733/1733 1732/1732
f 1737/1737 1736/1736 1735/1735
f 1740/1740 1739/1739 1738/1738
f 1743/1743 1742/1742 1741/1741
f 1746/1746 1745/1745 1744/1744
f 1749/1749 1748/1748 1747/1747
f 1752/1752 1751/1751 1750/1750
f 1755/1755 1754/1754 1753/1753
f 1758/1758 1757/1757 1756/1756
f 1761/1761 1760/1760 1759/1759
f 1764/1764 1763/1763 1762/1762
f 1767/1767 1766/1766 1765/1765
f 1770/1770 1769/1769 1768/1768
f 1773/1773 1772/1772 1771/1771
f 1776/1776 1775/1775 1774/1774
f 1779/1779 1778/1778 1777/1777
f 1782/1782 1781/1781 1780/1780
f 1785/1785 1784/1784 1783/1783
f 1788/1788 1787/1787 1786/1786
f 1791/1791 1790/1790 1789/1789
f 1794/1794 1793/1793 1792/1792
f 1797/1797 1796/1796 1795/1795
f 1800/1800 1799/1799 1798/1798
f 1803/1803 1802/1802 1801/1801
f 1806/1806 1805/1805 1804/1804
f 1809/1809 1808/1808 1807/1807
f 1812/1812 1811/1811 1810/1810
f 1815/1815 1814/1814 1813/1813
f 1818/1818 1817/1817 1816/1816
f 1821/1821 1820/1820 1819/1819
f 1824/1824 1823/1823 1822/1822
f 1827/1827 1826/1826 1825/1825
f 1830/1830 1829/1829 1828/1828
f 1833/1833 1832/1832 1831/1831
f 1836/1836 1835/1835 1834/1834
f 1839/1839 1838/1838 1837/1837
f 1842/1842 1841/1841 1840/1840
f 1845/1845 1844/1844 1843/1843
f 1848/1848 1847/1847 1846/1846
f 1851/1851 1850/1850 1849/1849
f 1854/1854 1853/1853 1852/1852
f 1857/1857 1856/1856 1855/1855
f 1860/1860 1859/1859 1858/1858
f 1863/1863 1862/1862 1861/1861
f 1866/1866 1865/1865 1864/1864
f 1869/1869 1868/1868 1867/1867
f 1872/1872 1871/1871 1870/1870
f 1875/1875 1874/1874 1873/1873
f 1878/1878 1877/1877 1876/1876
f 1881/1881 1880/1880 1879/1879
f 1884/1884 1883/1883 1882/1882
f 1887/1887 1886/1886 1885/1885
f 1890/1890 1889/1889 1888/1888
f 1893/1893 1892/1892 1891/1891
f 1896/1896 1895/1895 1894/1894
f 1899/1899 1898/1898 1897/1897
f 1902/1902 1901/1901 1900/1900
f 1905/1905 1904/1904 1903/1903
f 1908/1908 1907/1907 1906/1906
f 1911/1911 1910/1910 1909/1909
f 1914/1914 1913/1913 1912/1912
f 1917/1917 1916/1916 1915/1915
f 1920/1920 1919/1919 1918/1918
f 1923/1923 1922/1922 1921/1921
f 1926/1926 1925/1925 1924/1924
f 1929/1929 1928/1928 1927/1927
f 1932/1932 1931/1931 1930/1930
f 1935/1935 1934/1934 1933/1933
f 1938/1938 1937/1937 1936/1936
f 1941/1941 1940/1940 1939/1939
f 1944/1944 1943/1943 1942/1942
f 1947/1947 1946/1946 1945/1945
f 1950/1950 1949/1949 1948/1948
f 1953/1953 1952/1952 1951/1951
f 1956/1956 1955/1955 1954/1954
f 1959/1959 1958/1958 1957/1957
f 1962/1962 1961/1961 1960/1960
f 1965/1965 1964/1964 1963/1963
f 1968/1968 1967/1967 1966/1966
f 1971/1971 1970/1970 1969/1969
f 1974/1974 1973/1973 1972/1972
f 1977/1977 1976/1976 1975/1975
f 1980/1980 1979/1979 1978/1978
f 1983/1983 1982/1982 1981/1981
f 1986/1986 1985/1985 1984/1984
f 1989/1989 1988/1988 1987/1987
f 1992/1992 1991/1991 1990/1990
f 1995/1995 1994/1994 1993/1993
f 1998/1998 1997/1997 1996/1996
f 2001/2001 2000/2000 1999/1999
f 2004/2004 2003/2003 2002/2002
f 2007/2007 2006/2006 2005/2005
f 2010/2010 2009/2009 2008/2008
f 2013/2013 2012/2012 2011/2011
f 2016/2016 2015/2015 2014/2014
f 2019/2019 2018/2018 2017/2017
f 2022/2022 2021/2021 2020/2020
f 2025/2025 2024/2024 2023/2023
f 2028/2028 2027/2027 2026/2026
f 2031/2031 2030/2030 2029/2029
f 2034/2034 2033/2033 2032/2032
f 2037/2037 2036/2036 2035/2035
f 2040/2040 2039/2039 2038/2038
f 2043/2043 2042/2042 2041/2041
f 2046/2046 2045/2045 2044/2044
f 2049/2049 2048/2048 2047/2047
f 2052/2052 2051/2051 2050/2050
f 2055/2055 2054/2054 2053/2053
f 2058/2058 2057/2057 2056/2056
f 2061/2061 2060/2060 2059/2059
f 2064/2064 2063/2063 2062/2062
f 2067/2067 2066/2066 2065/2065
f 2070/2070 2069/2069 2068/2068
f 2073/2073 2072/2072 2071/2071
f 2076/2076 2075/2075 2074/2074
f 2079/2079 2078/2078 2077/2077
f 2082/2082 2081/2081 2080/2080
f 2085/2085 2084/2084 2083/2083
f 2088/2088 2087/2087 2086/2086
f 2091/2091 2090/2090 2089/2089
f 2094/2094 2093/2093 2092/2092
f 2097/2097 2096/2096 2095/2095
f 2100/2100 2099/2099 2098/2098
f 2103/2103 2102/2102 2101/2101
f 2106/2106 2105/2105 2104/2104
f 2109/2109 2108/2108 2107/2107
f 2112/2112 2111/2111 2110/2110
f 2115/2115 2114/2114 2113/2113
f 2118/2118 2117/2117 2116/2116
f 2121/2121 2120/2120 2119/2119
f 2124/2124 2123/2123 2122/2122
f 2127/2127 2126/2126 2125/2125
f 2130/2130 2129/2129 2128/2128
f 2133/2133 2132/2132 2131/2131
f 2136/2136 2135/2135 2134/2134
f 2139/2139 2138/2138 2137/2137
f 2142/2142 2141/2141 2140/2140
f 2145/2145 2144/2144 2143/2143
f 2148/2148 2147/2147 2146/2146
f 2151/2151 2150/2150 2149/2149
f 2154/2154 2153/2153 2152/2152
f 2157/2157 2156/2156 2155/2155
f 2160/2160 2159/2159 2158/2158
f 2163/2163 2162/2162 2161/2161
f 2166/2166 2165/2165 2164/2164
f 2169/2169 2168/2168 2167/2167
f 2172/2172 2171/2171 2170/2170
f 2175/2175 2174/2174 2173/2173
f 2178/2178 2177/2177 2176/2176
f 2181/2181 2180/2180 2179/2179
f 2184/2184 2183/2183 2182/2182
f 2187/2187 2186/2186 2185/2185
f 2190/2190 2189/2189 2188/2188
f 2193/2193 2192/2192 2191/2191
f 2196/2196 2195/2195 2194/2194
f 2199/2199 2198/2198 2197/2197
f 2202/2202 2201/2201 2200/2200
f 2205/2205 2204/2204 2203/2203
f 2208/2208 2207/2207 2206/2206
f 2211/2211 2210/2210 2209/2209
f 2214/2214 2213/2213 2212/2212
f 2217/2217 2216/2216 2215/2215
f 2220/2220 2219/2219 2218/2218
f 2223/2223 2222/2222 2221/2221
f 2226/2226 2225/2225 2224/2224
f 2229/2229 2228/2228 2227/2227
f 2232/2232 2231/2231 2230/2230
f 2235/2235 2234/2234 2233/2233
f 2238/2238 2237/2237 2236/2236
f 2241/2241 2240/2240 2239/2239
f 2244/2244 2243/2243 2242/2242
f 2247/2247 2246/2246 2245/2245
f 2250/2250 2249/2249 2248/2248
f 2253/2253 2252/2252 2251/2251
f 2256/2256 2255/2255 2254/2254
f 2259/2259 2258/2258 2257/2257
f 2262/2262 2261/2261 2260/2260
f 2265/2265 2264/2264 2263/2263
f 2268/2268 2267/2267 2266/2266
f 2271/2271 2270/2270 2269/2269
f 2274/2274 2273/2273 2272/2272
f 2277/2277 2276/2276 2275/2275
f 2280/2280 2279/2279 2278/2278
f 2283/2283 2282/2282 2281/2281
f 2286/2286 2285/2285 2284/2284
f 2289/2289 2288/2288 2287/2287
f 2292/2292 2291/2291 2290/2290
f 2295/2295 2294/2294 2293/2293
f 2298/2298 2297/2297 2296/2296
f 2301/2301 2300/2300 2299/2299
f 2304/2304 2303/2303 2302/2302
f 2307/2307 2306/2306 2305/2305
f 2310/2310 2309/2309 2308/2308
f 2313/2313 2312/2312 2311/2311
f 2316/2316 2315/2315 2314/2314
f 2319/2319 2318/2318 2317/2317
f 2322/2322 2321/2321 2320/2320
f 2325/2325 2324/2324 2323/2323
f 2328/2328 2327/2327 2326/2326
f 2331/2331 2330/2330 2329/2329
f 2334/2334 2333/2333 2332/2332
f 2337/2337 2336/2336 2335/2335
f 2340/2340 2339/2339 2338/2338
f 2343/2343 2342/2342 2341/2341
f 2346/2346 2345/2345 2344/2344
f 2349/2349 2348/2348 2347/2347
f 2352/2352 2351/2351 2350/2350
f 2355/2355 2354/2354 2353/2353
f 2358/2358 2357/2357 2356/2356
f 2361/2361 2360/2360 2359/2359
f 2364/2364 2363/2363 2362/2362
f 2367/2367 2366/2366 2365/2365
f 2370/2370 2369/2369 2368/2368
f 2373/2373 2372/2372 2371/2371
f 2376/2376 2375/2375 2374/2374
f 2379/2379 2378/2378 2377/2377
f 2382/2382 2381/2381 2380/2380
f 2385/2385 2384/2384 2383/2383
f 2388/2388 2387/2387 2386/2386
f 2391/2391 2390/2390 2389/2389
f 2394/2394 2393/2393 2392/2392
f 2397/2397 2396/2396 2395/2395
f 2400/2400 2399/2399 2398/2398
f 2403/2403 2402/2402 2401/2401
f 2406/2406 2405/2405 2404/2404
f 2409/2409 2408/2408 2407/2407
f 2412/2412 2411/2411 2410/2410
f 2415/2415 2414/2414 2413/2413
f 2418/2418 2417/2417 2416/2416
f 2421/2421 2420/2420 2419/2419
f 2424/2424 2423/2423 2422/2422
f 2427/2427 2426/2426 2425/2425
f 2430/2430 2429/2429 2428/2428
f 2433/2433 2432/2432 2431/2431
f 2436/2436 2435/2435 2434/2434
f 2439/2439 2438/2438 2437/2437
f 2442/2442 2441/2441 2440/2440
f 2445/2445 2444/2444 2443/2443
f 2448/2448 2447/2447 2446/2446
f 2451/2451 2450/2450 2449/2449
f 2454/2454 2453/2453 2452/2452
f 2457/2457 2456/2456 2455/2455
f 2460/2460 2459/2459 2458/2458
f 2463/2463 2462/2462 2461/2461
f 2466/2466 2465/2465 2464/2464
f 2469/2469 2468/2468 2467/2467
f 2472/2472 2471/2471 2470/2470
f 2475/2475 2474/2474 2473/2473
f 2478/2478 2477/2477 2476/2476
f 2481/2481 2480/2480 2479/2479
f 2484/2484 2483/2483 2482/2482
f 2487/2487 2486/2486 2485/2485
f 2490/2490 2489/2489 2488/2488
f 2493/2493 2492/2492 2491/2491
f 2496/2496 2495/2495 2494/2494
f 2499/2499 2498/2498 2497/2497
f 2502/2502 2501/2501 2500/2500
f 2505/2505 2504/2504 2503/2503
f 2508/2508 2507/2507 2506/2506
f 2511/2511 2510/2510 2509/2509
f 2514/2514 2513/2513 2512/2512
f 2517/2517 2516/2516 2515/2515
f 2520/2520 2519/2519 2518/2518
f 2523/2523 2522/2522 2521/2521
f 2526/2526 2525/2525 2524/2524
f 2529/2529 2528/2528 2527/2527
f 2532/2532 2531/2531 2530/2530
f 2535/2535 2534/2534 2533/2533
f 2538/2538 2537/2537 2536/2536
f 2541/2541 2540/2540 2539/2539
f 2544/2544 2543/2543 2542/2542
f 2547/2547 2546/2546 2545/2545
f 2550/2550 2549/2549 2548/2548
f 2553/2553 2552/2552 2551/2551
f 2556/2556 2555/2555 2554/2554
f 2559/2559 2558/2558 2557/2557
f 2562/2562 2561/2561 2560/2560
f 2565/2565 2564/2564 2563/2563
f 2568/2568 2567/2567 2566/2566
f 2571/2571 2570/2570 2569/2569
f 2574/2574 2573/2573 2572/2572
f 2577/2577 2576/2576 2575/2575
f 2580/2580 2579/2579 2578/2578
f 2583/2583 2582/2582 2581/2581
f 2586/2586 2585/2585 2584/2584
f 2589/2589 2588/2588 2587/2587
f 2592/2592 2591/2591 2590/2590
f 2595/2595 2594/2594 2593/2593
f 2598/2598 2597/2597 2596/2596
f 2601/2601 2600/2600 2599/2599
f 2604/2604 2603/2603 2602/2602
f 2607/2607 2606/2606 2605/2605
f 2610/2610 2609/2609 2608/2608
f 2613/2613 2612/2612 2611/2611
f 2616/2616 2615/2615 2614/2614
f 2619/2619 2618/2618 2617/2617
f 2622/2622 2621/2621 2620/2620
f 2625/2625 2624/2624 2623/2623
f 2628/2628 2627/2627 2626/2626
f 2631/2631 2630/2630 2629/2629
f 2634/2634 2633/2633 2632/2632
f 2637/2637 2636/2636 2635/2635
f 2640/2640 2639/2639 2638/2638
f 2643/2643 2642/2642 2641/2641
f 2646/2646 2645/2645 2644/2644
f 2649/2649 2648/2648 2647/2647
f 2652/2652 2651/2651 2650/2650
f 2655/2655 2654/2654 2653/2653
f 2658/2658 2657/2657 2656/2656
f 2661/2661 2660/2660 2659/2659
f 2664/2664 2663/2663 2662/2662
f 2667/2667 2666/2666 2665/2665
f 2670/2670 2669/2669 2668/2668
f 2673/2673 2672/2672 2671/2671
f 2676/2676 2675/2675 2674/2674
f 2679/2679 2678/2678 2677/2677
f 2682/2682 2681/2681 2680/2680
f 2685/2685 2684/2684 2683/2683
f 2688/2688 2687/2687 2686/2686
f 2691/2691 2690/2690 2689/2689
f 2694/2694 2693/2693 2692/2692
f 2697/2697 2696/2696 2695/2695
f 2700/2700 2699/2699 2698/2698
f 2703/2703 2702/2702 2701/2701
f 2706/2706 2705/2705 2704/2704
f 2709/2709 2708/2708 2707/2707
f 2712/2712 2711/2711 2710/2710
f 2715/2715 2714/2714 2713/2713
f 2718/2718 2717/2717 2716/2716
f 2721/2721 2720/2720 2719/2719
f 2724/2724 2723/2723 2722/2722
f 2727/2727 2726/2726 2725/2725
f 2730/2730 2729/2729 2728/2728
f 2733/2733 2732/2732 2731/2731
f 2736/2736 2735/2735 2734/2734
f 2739/2739 2738/2738 2737/2737
f 2742/2742 2741/2741 2740/2740
f 2745/2745 2744/2744 2743/2743
f 2748/2748 2747/2747 2746/2746
f 2751/2751 2750/2750 2749/2749
f 2754/2754 2753/2753 2752/2752
f 2757/2757 2756/2756 2755/2755
f 2760/2760 2759/2759 2758/2758
f 2763/2763 2762/2762 2761/2761
f 2766/2766 2765/2765 2764/2764
f 2769/2769 2768/2768 2767/2767
f 2772/2772 2771/2771 2770/2770
f 2775/2775 2774/2774 2773/2773
f 2778/2778 2777/2777 2776/2776
f 2781/2781 2780/2780 2779/2779
f 2784/2784 2783/2783 2782/2782
f 2787/2787 2786/2786 2785/2785
f 2790/2790 2789/2789 2788/2788
f 2793/2793 2792/2792 2791/2791
f 2796/2796 2795/2795 2794/2794
f 2799/2799 2798/2798 2797/2797
f 2802/2802 2801/2801 2800/2800
f 2805/2805 2804/2804 2803/2803
f 2808/2808 2807/2807 2806/2806
f 2811/2811 2810/2810 2809/2809
f 2814/2814 2813/2813 2812/2812
f 2817/2817 2816/2816 2815/2815
f 2820/2820 2819/2819 2818/2818
f 2823/2823 2822/2822 2821/2821
f 2826/2826 2825/2825 2824/2824
f 2829/2829 2828/2828 2827/2827
f 2832/2832 2831/2831 2830/2830
f 2835/2835 2834/2834 2833/2833
f 2838/2838 2837/2837 2836/2836
f 2841/2841 2840/2840 2839/2839
f 2844/2844 2843/2843 2842/2842
f 2847/2847 2846/2846 2845/2845
f 2850/2850 2849/2849 2848/2848
f 2853/2853 2852/2852 2851/2851
f 2856/2856 2855/2855 2854/2854
f 2859/2859 2858/2858 2857/2857
f 2862/2862 2861/2861 2860/2860
f 2865/2865 2864/2864 2863/2863
f 2868/2868 2867/2867 2866/2866
f 2871/2871 2870/2870 2869/2869
f 2874/2874 2873/2873 2872/2872
f 2877/2877 2876/2876 2875/2875
f 2880/2880 2879/2879 2878/2878
f 2883/2883 2882/2882 2881/2881
f 2886/2886 2885/2885 2884/2884
f 2889/2889 2888/2888 2887/2887
f 2892/2892 2891/2891 2890/2890
f 2895/2895 2894/2894 2893/2893
f 2898/2898 2897/2897 2896/2896
f 2901/2901 2900/2900 2899/2899
f 2904/2904 2903/2903 2902/2902
f 2907/2907 2906/2906 2905/2905
f 2910/2910 2909/2909 2908/2908
f 2913/2913 2912/2912 2911/2911
f 2916/2916 2915/2915 2914/2914
f 2919/2919 2918/2918 2917/2917
f 2922/2922 2921/2921 2920/2920
f 2925/2925 2924/2924 2923/2923
f 2928/2928 2927/2927 2926/2926
f 2931/2931 2930/2930 2929/2929
f 2934/2934 2933/2933 2932/2932
f 2937/2937 2936/2936 2935/2935
f 2940/2940 2939/2939 2938/2938
f 2943/2943 2942/2942 2941/2941
f 2946/2946 2945/2945 2944/2944
f 2949/2949 2948/2948 2947/2947
f 2952/2952 2951/2951 2950/2950
f 2955/2955 2954/2954 2953/2953
f 2958/2958 2957/2957 2956/2956
f 2961/2961 2960/2960 2959/2959
f 2964/2964 2963/2963 2962/2962
f 2967/2967 2966/2966 2965/2965
f 2970/2970 2969/2969 2968/2968
f 2973/2973 2972/2972 2971/2971
f 2976/2976 2975/2975 2974/2974
f 2979/2979 2978/2978 2977/2977
f 2982/2982 2981/2981 2980/2980
f 2985/2985 2984/2984 2983/2983
f 2988/2988 2987/2987 2986/2986
f 2991/2991 2990/2990 2989/2989
f 2994/2994 2993/2993 2992/2992
f 2997/2997 2996/2996 2995/2995
f 3000/3000 2999/2999 2998/2998
f 3003/3003 3002/3002 3001/3001
f 3006/3006 3005/3005 3004/3004
f 3009/3009 3008/3008 3007/3007
f 3012/3012 3011/3011 3010/3010
f 3015/3015 3014/3014 3013/3013
f 3018/3018 3017/3017 3016/3016
f 3021/3021 3020/3020 3019/3019
f 3024/3024 3023/3023 3022/3022
f 3027/3027 3026/3026 3025/3025
f 3030/3030 3029/3029 3028/3028
f 3033/3033 3032/3032 3031/3031
f 3036/3036 3035/3035 3034/3034
f 3039/3039 3038/3038 3037/3037
f 3042/3042 3041/3041 3040/3040
f 3045/3045 3044/3044 3043/3043
f 3048/3048 3047/3047 3046/3046
f 3051/3051 3050/3050 3049/3049
f 3054/3054 3053/3053 3052/3052
f 3057/3057 3056/3056 3055/3055
f 3060/3060 3059/3059 3058/3058
f 3063/3063 3062/3062 3061/3061
f 3066/3066 3065/3065 3064/3064
f 3069/3069 3068/3068 3067/3067
f 3072/3072 3071/3071 3070/3070
f 3075/3075 3074/3074 3073/3073
f 3078/3078 3077/3077 3076/3076
f 3081/3081 3080/3080 3079/3079
f 3084/3084 3083/3083 3082/3082
f 3087/3087 3086/3086 3085/3085
f 3090/3090 3089/3089 3088/3088
f 3093/3093 3092/3092 3091/3091
f 3096/3096 3095/3095 3094/3094
f 3099/3099 3098/3098 3097/3097
f 3102/3102 3101/3101 3100/3100
f 3105/3105 3104/3104 3103/3103
f 3108/3108 3107/3107 3106/3106
f 3111/3111 3110/3110 3109/3109
f 3114/3114 3113/3113 3112/3112
f 3117/3117 3116/3116 3115/3115
f 3120/3120 3119/3119 3118/3118
f 3123/3123 3122/3122 3121/3121
f 3126/3126 3125/3125 3124/3124
f 3129/3129 3128/3128 3127/3127
f 3132/3132 3131/3131 3130/3130
f 3135/3135 3134/3134 3133/3133
f 3138/3138 3137/3137 3136/3136
f 3141/3141 3140/3140 3139/3139
f 3144/3144 3143/3143 3142/3142
f 3147/3147 3146/3146 3145/3145
f 3150/3150 3149/3149 3148/3148
f 3153/3153 3152/3152 3151/3151
f 3156/3156 3155/3155 3154/3154
f 3159/3159 3158/3158 3157/3157
f 3162/3162 3161/3161 3160/3160
f 3165/3165 3164/3164 3163/3163
f 3168/3168 3167/3167 3166/3166
f 3171/3171 3170/3170 3169/3169
f 3174/3174 3173/3173 3172/3172
f 3177/3177 3176/3176 3175/3175
f 3180/3180 3179/3179 3178/3178
f 3183/3183 3182/3182 3181/3181
f 3186/3186 3185/3185 3184/3184
f 3189/3189 3188/3188 3187/3187
f 3192/3192 3191/3191 3190/3190
f 3195/3195 3194/3194 3193/3193
f 3198/3198 3197/3197 3196/3196
f 3201/3201 3200/3200 3199/3199
f 3204/3204 3203/3203 3202/3202
f 3207/3207 3206/3206 3205/3205
f 3210/3210 3209/3209 3208/3208
f 3213/3213 3212/3212 3211/3211
f 3216/3216 3215/3215 3214/3214
f 3219/3219 3218/3218 3217/3217
f 3222/3222 3221/3221 3220/3220
f 3225/3225 3224/3224 3223/3223
f 3228/3228 3227/3227 3226/3226
f 3231/3231 3230/3230 3229/3229
f 3234/3234 3233/3233 3232/3232
f 3237/3237 3236/3236 3235/3235
f 3240/3240 3239/3239 3238/3238
f 3243/3243 3242/3242 3241/3241
f 3246/3246 3245/3245 3244/3244
f 3249/3249 3248/3248 3247/3247
f 3252/3252 3251/3251 3250/3250
f 3255/3255 3254/3254 3253/3253
f 3258/3258 3257/3257 3256/3256
f 3261/3261 3260/3260 3259/3259
f 3264/3264 3263/3263 3262/3262
f 3267/3267 3266/3266 3265/3265
f 3270/3270 3269/3269 3268/3268
f 3273/3273 3272/3272 3271/3271
f 3276/3276 3275/3275 3274/3274
f 3279/3279 3278/3278 3277/3277
f 3282/3282 3281/3281 3280/3280
f 3285/3285 3284/3284 3283/3283
f 3288/3288 3287/3287 3286/3286
f 3291/3291 3290/3290 3289/3289
f 3294/3294 3293/3293 3292/3292
f 3297/3297 3296/3296 3295/3295
f 3300/3300 3299/3299 3298/3298
f 3303/3303 3302/3302 3301/3301
f 3306/3306 3305/3305 3304/3304
f 3309/3309 3308/3308 3307/3307
f 3312/3312 3311/3311 3310/3310
f 3315/3315 3314/3314 3313/3313
f 3318/3318 3317/3317 3316/3316
f 3321/3321 3320/3320 3319/3319
f 3324/3324 3323/3323 3322/3322
f 3327/3327 3326/3326 3325/3325
f 3330/3330 3329/3329 3328/3328
f 3333/3333 3332/3332 3331/3331
f 3336/3336 3335/3335 3334/3334
f 3339/3339 3338/3338 3337/3337
f 3342/3342 3341/3341 3340/3340
f 3345/3345 3344/3344 3343/3343
f 3348/3348 3347/3347 3346/3346
f 3351/3351 3350/3350 3349/3349
f 3354/3354 3353/3353 3352/3352
f 3357/3357 3356/3356 3355/3355
f 3360/3360 3359/3359 3358/3358
f 3363/3363 3362/3362 3361/3361
f 3366/3366 3365/3365 3364/3364
f 3369/3369 3368/3368 3367/3367
f 3372/3372 3371/3371 3370/3370
f 3375/3375 3374/3374 3373/3373
f 3378/3378 3377/3377 3376/3376
f 3381/3381 3380/3380 3379/3379
f 3384/3384 3383/3383 3382/3382
f 3387/3387 3386/3386 3385/3385
f 3390/3390 3389/3389 3388/3388
f 3393/3393 3392/3392 3391/3391
f 3396/3396 3395/3395 3394/3394
f 3399/3399 3398/3398 3397/3397
f 3402/3402 3401/3401 3400/3400
f 3405/3405 3404/3404 3403/3403
f 3408/3408 3407/3407 3406/3406
f 3411/3411 3410/3410 3409/3409
f 3414/3414 3413/3413 3412/3412
f 3417/3417 3416/3416 3415/3415
f 3420/3420 3419/3419 3418/3418
f 3423/3423 3422/3422 3421/3421
f 3426/3426 3425/3425 3424/3424
f 3429/3429 3428/3428 3427/3427
f 3432/3432 3431/3431 3430/3430
f 3435/3435 3434/3434 3433/3433
f 3438/3438 3437/3437 3436/3436
f 3441/3441 3440/3440 3439/3439
f 3444/3444 3443/3443 3442/3442
f 3447/3447 3446/3446 3445/3445
f 3450/3450 3449/3449 3448/3448
f 3453/3453 3452/3452 3451/3451
f 3456/3456 3455/3455 3454/3454
f 3459/3459 3458/3458 3457/3457
f 3462/3462 3461/3461 3460/3460
f 3465/3465 3464/3464 3463/3463
f 3468/3468 3467/3467 3466/3466
f 3471/3471 3470/3470 3469/3469
f 3474/3474 3473/3473 3472/3472
f 3477/3477 3476/3476 3475/3475
f 3480/3480 3479/3479 3478/3478
f 3483/3483 3482/3482 3481/3481
f 3486/3486 3485/3485 3484/3484
f 3489/3489 3488/3488 3487/3487
f 3492/3492 3491/3491 3490/3490
f 3495/3495 3494/3494 3493/3493
f 3498/3498 3497/3497 3496/3496
f 3501/3501 3500/3500 3499/3499
f 3504/3504 3503/3503 3502/3502
f 3507/3507 3506/3506 3505/3505
f 3510/3510 3509/3509 3508/3508
f 3513/3513 3512/3512 3511/3511
f 3516/3516 3515/3515 3514/3514
f 3519/3519 3518/3518 3517/3517
f 3522/3522 3521/3521 3520/3520
f 3525/3525 3524/3524 3523/3523
f 3528/3528 3527/3527 3526/3526
f 3531/3531 3530/3530 3529/3529
f 3534/3534 3533/3533 3532/3532
f 3537/3537 3536/3536 3535/3535
f 3540/3540 3539/3539 3538/3538
f 3543/3543 3542/3542 3541/3541
f 3546/3546 3545/3545 3544/3544
f 3549/3549 3548/3548 3547/3547
f 3552/3552 3551/3551 3550/3550
f 3555/3555 3554/3554 3553/3553
f 3558/3558 3557/3557 3556/3556
f 3561/3561 3560/3560 3559/3559
f 3564/3564 3563/3563 3562/3562
f 3567/3567 3566/3566 3565/3565
f 3570/3570 3569/3569 3568/3568
f 3573/3573 3572/3572 3571/3571
f 3576/3576 3575/3575 3574/3574
f 3579/3579 3578/3578 3577/3577
f 3582/3582 3581/3581 3580/3580
f 3585/3585 3584/3584 3583/3583
f 3588/3588 3587/3587 3586/3586
f 3591/3591 3590/3590 3589/3589
f 3594/3594 3593/3593 3592/3592
f 3597/3597 3596/3596 3595/3595
f 3600/3600 3599/3599 3598/3598
f 3603/3603 3602/3602 3601/3601
f 3606/3606 3605/3605 3604/3604
f 3609/3609 3608/3608 3607/3607
f 3612/3612 3611/3611 3610/3610
f 3615/3615 3614/3614 3613/3613
f 3618/3618 3617/3617 3616/3616
f 3621/3621 3620/3620 3619/3619
f 3624/3624 3623/3623 3622/3622
f 3627/3627 3626/3626 3625/3625
f 3630/3630 3629/3629 3628/3628
f 3633/3633 3632/3632 3631/3631
f 3636/3636 3635/3635 3634/3634
f 3639/3639 3638/3638 3637/3637
f 3642/3642 3641/3641 3640/3640
f 3645/3645 3644/3644 3643/3643
f 3648/3648 3647/3647 3646/3646
f 3651/3651 3650/3650 3649/3649
f 3654/3654 3653/3653 3652/3652
f 3657/3657 3656/3656 3655/3655
f 3660/3660 3659/3659 3658/3658
f 3663/3663 3662/3662 3661/3661
f 3666/3666 3665/3665 3664/3664
f 3669/3669 3668/3668 3667/3667
f 3672/3672 3671/3671 3670/3670
f 3675/3675 3674/3674 3673/3673
f 3678/3678 3677/3677 3676/3676
f 3681/3681 3680/3680 3679/3679
f 3684/3684 3683/3683 3682/3682
f 3687/3687 3686/3686 3685/3685
f 3690/3690 3689/3689 3688/3688
f 3693/3693 3692/3692 3691/3691
f 3696/3696 3695/3695 3694/3694
f 3699/3699 3698/3698 3697/3697
f 3702/3702 3701/3701 3700/3700
f 3705/3705 3704/3704 3703/3703
f 3708/3708 3707/3707 3706/3706
f 3711/3711 3710/3710 3709/3709
f 3714/3714 3713/3713 3712/3712
f 3717/3717 3716/3716 3715/3715
f 3720/3720 3719/3719 3718/3718
f 3723/3723 3722/3722 3721/3721
f 3726/3726 3725/3725 3724/3724
f 3729/3729 3728/3728 3727/3727
f 3732/3732 3731/3731 3730/3730
f 3735/3735 3734/3734 3733/3733
f 3738/3738 3737/3737 3736/3736
f 3741/3741 3740/3740 3739/3739
f 3744/3744 3743/3743 3742/3742
f 3747/3747 3746/3746 3745/3745
f 3750/3750 3749/3749 3748/3748
f 3753/3753 3752/3752 3751/3751
f 3756/3756 3755/3755 3754/3754
f 3759/3759 3758/3758 3757/3757
f 3762/3762 3761/3761 3760/3760
f 3765/3765 3764/3764 3763/3763
f 3768/3768 3767/3767 3766/3766
f 3771/3771 3770/3770 3769/3769
f 3774/3774 3773/3773 3772/3772
f 3777/3777 3776/3776 3775/3775
f 3780/3780 3779/3779 3778/3778
f 3783/3783 3782/3782 3781/3781
f 3786/3786 3785/3785 3784/3784
f 3789/3789 3788/3788 3787/3787
f 3792/3792 3791/3791 3790/3790
f 3795/3795 3794/3794 3793/3793
f 3798/3798 3797/3797 3796/3796
f 3801/3801 3800/3800 3799/3799
f 3804/3804 3803/3803 3802/3802
f 3807/3807 3806/3806 3805/3805
f 3810/3810 3809/3809 3808/3808
f 3813/3813 3812/3812 3811/3811
f 3816/3816 3815/3815 3814/3814
f 3819/3819 3818/3818 3817/3817
f 3822/3822 3821/3821 3820/3820
f 3825/3825 3824/3824 3823/3823
f 3828/3828 3827/3827 3826/3826
f 3831/3831 3830/3830 3829/3829
f 3834/3834 3833/3833 3832/3832
f 3837/3837 3836/3836 3835/3835
f 3840/3840 3839/3839 3838/3838
f 3843/3843 3842/3842 3841/3841
f 3846/3846 3845/3845 3844/3844
f 3849/3849 3848/3848 3847/3847
f 3852/3852 3851/3851 3850/3850
f 3855/3855 3854/3854 3853/3853
f 3858/3858 3857/3857 3856/3856
f 3861/3861 3860/3860 3859/3859
f 3864/3864 3863/3863 3862/3862
f 3867/3867 3866/3866 3865/3865
f 3870/3870 3869/3869 3868/3868
f 3873/3873 3872/3872 3871/3871
f 3876/3876 3875/3875 3874/3874
f 3879/3879 3878/3878 3877/3877
f 3882/3882 3881/3881 3880/3880
f 3885/3885 3884/3884 3883/3883
f 3888/3888 3887/3887 3886/3886
f 3891/3891 3890/3890 3889/3889
f 3894/3894 3893/3893 3892/3892
f 3897/3897 3896/3896 3895/3895
f 3900/3900 3899/3899 3898/3898
f 3903/3903 3902/3902 3901/3901
f 3906/3906 3905/3905 3904/3904
f 3909/3909 3908/3908 3907/3907
f 3912/3912 3911/3911 3910/3910
f 3915/3915 3914/3914 3913/3913
f 3918/3918 3917/3917 3916/3916
f 3921/3921 3920/3920 3919/3919
f 3924/3924 3923/3923 3922/3922
f 3927/3927 3926/3926 3925/3925
f 3930/3930 3929/3929 3928/3928
f 3933/3933 3932/3932 3931/3931
f 3936/3936 3935/3935 3934/3934
f 3939/3939 3938/3938 3937/3937
f 3942/3942 3941/3941 3940/3940
f 3945/3945 3944/3944 3943/3943
f 3948/3948 3947/3947 3946/3946
f 3951/3951 3950/3950 3949/3949
f 3954/3954 3953/3953 3952/3952
f 3957/3957 3956/3956 3955/3955
f 3960/3960 3959/3959 3958/3958
f 3963/3963 3962/3962 3961/3961
f 3966/3966 3965/3965 3964/3964
f 3969/3969 3968/3968 3967/3967
f 3972/3972 3971/3971 3970/3970
f 3975/3975 3974/3974 3973/3973
f 3978/3978 3977/3977 3976/3976
f 3981/3981 3980/3980 3979/3979
f 3984/3984 3983/3983 3982/3982
f 3987/3987 3986/3986 3985/3985
f 3990/3990 3989/3989 3988/3988
f 3993/3993 3992/3992 3991/3991
f 3996/3996 3995/3995 3994/3994
f 3999/3999 3998/3998 3997/3997
f 4002/4002 4001/4001 4000/4000
f 4005/4005 4004/4004 4003/4003
f 4008/4008 4007/4007 4006/4006
f 4011/4011 4010/4010 4009/4009
f 4014/4014 4013/4013 4012/4012
f 4017/4017 4016/4016 4015/4015
f 4020/4020 4019/4019 4018/4018
f 4023/4023 4022/4022 4021/4021
f 4026/4026 4025/4025 4024/4024
f 4029/4029 4028/4028 4027/4027
f 4032/4032 4031/4031 4030/4030
f 4035/4035 4034/4034 4033/4033
f 4038/4038 4037/4037 4036/4036
f 4041/4041 4040/4040 4039/4039
f 4044/4044 4043/4043 4042/4042
f 4047/4047 4046/4046 4045/4045
f 4050/4050 4049/4049 4048/4048
f 4053/4053 4052/4052 4051/4051
f 4056/4056 4055/4055 4054/4054
f 4059/4059 4058/4058 4057/4057
f 4062/4062 4061/4061 4060/4060
f 4065/4065 4064/4064 4063/4063
f 4068/4068 4067/4067 4066/4066
f 4071/4071 4070/4070 4069/4069
f 4074/4074 4073/4073 4072/4072
f 4077/4077 4076/4076 4075/4075
f 4080/4080 4079/4079 4078/4078
f 4083/4083 4082/4082 4081/4081
f 4086/4086 4085/4085 4084/4084
f 4089/4089 4088/4088 4087/4087
f 4092/4092 4091/4091 4090/4090
f 4095/4095 4094/4094 4093/4093
f 4098/4098 4097/4097 4096/4096
f 4101/4101 4100/4100 4099/4099
f 4104/4104 4103/4103 4102/4102
f 4107/4107 4106/4106 4105/4105
f 4110/4110 4109/4109 4108/4108
f 4113/4113 4112/4112 4111/4111
f 4116/4116 4115/4115 4114/4114
f 4119/4119 4118/4118 4117/4117
f 4122/4122 4121/4121 4120/4120
f 4125/4125 4124/4124 4123/4123
f 4128/4128 4127/4127 4126/4126
f 4131/4131 4130/4130 4129/4129
f 4134/4134 4133/4133 4132/4132
f 4137/4137 4136/4136 4135/4135
f 4140/4140 4139/4139 4138/4138
f 4143/4143 4142/4142 4141/4141
f 4146/4146 4145/4145 4144/4144
f 4149/4149 4148/4148 4147/4147
f 4152/4152 4151/4151 4150/4150
f 4155/4155 4154/4154 4153/4153
f 4158/4158 4157/4157 4156/4156
f 4161/4161 4160/4160 4159/4159
f 4164/4164 4163/4163 4162/4162
f 4167/4167 4166/4166 4165/4165
f 4170/4170 4169/4169 4168/4168
f 4173/4173 4172/4172 4171/4171
f 4176/4176 4175/4175 4174/4174
f 4179/4179 4178/4178 4177/4177
f 4182/4182 4181/4181 4180/4180
f 4185/4185 4184/4184 4183/4183
f 4188/4188 4187/4187 4186/4186
f 4191/4191 4190/4190 4189/4189
f 4194/4194 4193/4193 4192/4192
f 4197/4197 4196/4196 4195/4195
f 4200/4200 4199/4199 4198/4198
f 4203/4203 4202/4202 4201/4201
f 4206/4206 4205/4205 4204/4204
f 4209/4209 4208/4208 4207/4207
f 4212/4212 4211/4211 4210/4210
f 4215/4215 4214/4214 4213/4213
f 4218/4218 4217/4217 4216/4216
f 4221/4221 4220/4220 4219/4219
f 4224/4224 4223/4223 4222/4222
f 4227/4227 4226/4226 4225/4225
f 4230/4230 4229/4229 4228/4228
f 4233/4233 4232/4232 4231/4231
f 4236/4236 4235/4235 4234/4234
f 4239/4239 4238/4238 4237/4237
f 4242/4242 4241/4241 4240/4240
f 4245/4245 4244/4244 4243/4243
f 4248/4248 4247/4247 4246/4246
f 4251/4251 4250/4250 4249/4249
f 4254/4254 4253/4253 4252/4252
f 4257/4257 4256/4256 4255/4255
f 4260/4260 4259/4259 4258/4258
f 4263/4263 4262/4262 4261/4261
f 4266/4266 4265/4265 4264/4264
f 4269/4269 4268/4268 4267/4267
f 4272/4272 4271/4271 4270/4270
f 4275/4275 4274/4274 4273/4273
f 4278/4278 4277/4277 4276/4276
f 4281/4281 4280/4280 4279/4279
f 4284/4284 4283/4283 4282/4282
f 4287/4287 4286/4286 4285/4285
f 4290/4290 4289/4289 4288/4288
f 4293/4293 4292/4292 4291/4291
f 4296/4296 4295/4295 4294/4294
f 4299/4299 4298/4298 4297/4297
f 4302/4302 4301/4301 4300/4300
f 4305/4305 4304/4304 4303/4303
f 4308/4308 4307/4307 4306/4306
f 4311/4311 4310/4310 4309/4309
f 4314/4314 4313/4313 4312/4312
f 4317/4317 4316/4316 4315/4315
f 4320/4320 4319/4319 4318/4318
f 4323/4323 4322/4322 4321/4321
f 4326/4326 4325/4325 4324/4324
f 4329/4329 4328/4328 4327/4327
f 4332/4332 4331/4331 4330/4330
f 4335/4335 4334/4334 4333/4333
f 4338/4338 4337/4337 4336/4336
f 4341/4341 4340/4340 4339/4339
f 4344/4344 4343/4343 4342/4342
f 4347/4347 4346/4346 4345/4345
f 4350/4350 4349/4349 4348/4348
f 4353/4353 4352/4352 4351/4351
f 4356/4356 4355/4355 4354/4354
f 4359/4359 4358/4358 4357/4357
f 4362/4362 4361/4361 4360/4360
f 4365/4365 4364/4364 4363/4363
f 4368/4368 4367/4367 4366/4366
f 4371/4371 4370/4370 4369/4369
f 4374/4374 4373/4373 4372/4372
f 4377/4377 4376/4376 4375/4375
f 4380/4380 4379/4379 4378/4378
f 4383/4383 4382/4382 4381/4381
f 4386/4386 4385/4385 4384/4384
f 4389/4389 4388/4388 4387/4387
f 4392/4392 4391/4391 4390/4390
f 4395/4395 4394/4394 4393/4393
f 4398/4398 4397/4397 4396/4396
f 4401/4401 4400/4400 4399/4399
f 4404/4404 4403/4403 4402/4402
f 4407/4407 4406/4406 4405/4405
f 4410/4410 4409/4409 4408/4408
f 4413/4413 4412/4412 4411/4411
f 4416/4416 4415/4415 4414/4414
f 4419/4419 4418/4418 4417/4417
f 4422/4422 4421/4421 4420/4420
f 4425/4425 4424/4424 4423/4423
f 4428/4428 4427/4427 4426/4426
f 4431/4431 4430/4430 4429/4429
f 4434/4434 4433/4433 4432/4432
f 4437/4437 4436/4436 4435/4435
f 4440/4440 4439/4439 4438/4438
f 4443/4443 4442/4442 4441/4441
f 4446/4446 4445/4445 4444/4444
f 4449/4449 4448/4448 4447/4447
f 4452/4452 4451/4451 4450/4450
f 4455/4455 4454/4454 4453/4453
f 4458/4458 4457/4457 4456/4456
f 4461/4461 4460/4460 4459/4459
f 4464/4464 4463/4463 4462/4462
f 4467/4467 4466/4466 4465/4465
f 4470/4470 4469/4469 4468/4468
f 4473/4473 4472/4472 4471/4471
f 4476/4476 4475/4475 4474/4474
f 4479/4479 4478/4478 4477/4477
f 4482/4482 4481/4481 4480/4480
f 4485/4485 4484/4484 4483/4483
f 4488/4488 4487/4487 4486/4486
f 4491/4491 4490/4490 4489/4489
f 4494/4494 4493/4493 4492/4492
f 4497/4497 4496/4496 4495/4495
f 4500/4500 4499/4499 4498/4498
f 4503/4503 4502/4502 4501/4501
f 4506/4506 4505/4505 4504/4504
f 4509/4509 4508/4508 4507/4507
f 4512/4512 4511/4511 4510/4510
f 4515/4515 4514/4514 4513/4513
f 4518/4518 4517/4517 4516/4516
f 4521/4521 4520/4520 4519/4519
f 4524/4524 4523/4523 4522/4522
f 4527/4527 4526/4526 4525/4525
f 4530/4530 4529/4529 4528/4528
f 4533/4533 4532/4532 4531/4531
f 4536/4536 4535/4535 4534/4534
f 4539/4539 4538/4538 4537/4537
f 4542/4542 4541/4541 4540/4540
f 4545/4545 4544/4544 4543/4543
f 4548/4548 4547/4547 4546/4546
f 4551/4551 4550/4550 4549/4549
f 4554/4554 4553/4553 4552/4552
f 4557/4557 4556/4556 4555/4555
f 4560/4560 4559/4559 4558/4558
f 4563/4563 4562/4562 4561/4561
f 4566/4566 4565/4565 4564/4564
f 4569/4569 4568/4568 4567/4567
f 4572/4572 4571/4571 4570/4570
f 4575/4575 4574/4574 4573/4573
f 4578/4578 4577/4577 4576/4576
f 4581/4581 4580/4580 4579/4579
f 4584/4584 4583/4583 4582/4582
f 4587/4587 4586/4586 4585/4585
f 4590/4590 4589/4589 4588/4588
f 4593/4593 4592/4592 4591/4591
f 4596/4596 4595/4595 4594/4594
f 4599/4599 4598/4598 4597/4597
f 4602/4602 4601/4601 4600/4600
f 4605/4605 4604/4604 4603/4603
f 4608/4608 4607/4607 4606/4606
f 4611/4611 4610/4610 4609/4609
f 4614/4614 4613/4613 4612/4612
f 4617/4617 4616/4616 4615/4615
f 4620/4620 4619/4619 4618/4618
f 4623/4623 4622/4622 4621/4621
f 4626/4626 4625/4625 4624/4624
f 4629/4629 4628/4628 4627/4627
f 4632/4632 4631/4631 4630/4630
f 4635/4635 4634/4634 4633/4633
f 4638/4638 4637/4637 4636/4636
f 4641/4641 4640/4640 4639/4639
f 4644/4644 4643/4643 4642/4642
f 4647/4647 4646/4646 4645/4645
f 4650/4650 4649/4649 4648/4648
f 4653/4653 4652/4652 4651/4651
f 4656/4656 4655/4655 4654/4654
f 4659/4659 4658/4658 4657/4657
f 4662/4662 4661/4661 4660/4660
f 4665/4665 4664/4664 4663/4663
f 4668/4668 4667/4667 4666/4666
f 4671/4671 4670/4670 4669/4669
f 4674/4674 4673/4673 4672/4672
f 4677/4677 4676/4676 4675/4675
f 4680/4680 4679/4679 4678/4678
f 4683/4683 4682/4682 4681/4681
f 4686/4686 4685/4685 4684/4684
f 4689/4689 4688/4688 4687/4687
f 4692/4692 4691/4691 4690/4690
f 4695/4695 4694/4694 4693/4693
f 4698/4698 4697/4697 4696/4696
f 4701/4701 4700/4700 4699/4699
f 4704/4704 4703/4703 4702/4702
f 4707/4707 4706/4706 4705/4705
f 4710/4710 4709/4709 4708/4708
f 4713/4713 4712/4712 4711/4711
f 4716/4716 4715/4715 4714/4714
f 4719/4719 4718/4718 4717/4717
f 4722/4722 4721/4721 4720/4720
f 4725/4725 4724/4724 4723/4723
f 4728/4728 4727/4727 4726/4726
f 4731/4731 4730/4730 4729/4729
f 4734/4734 4733/4733 4732/4732
f 4737/4737 4736/4736 4735/4735
f 4740/4740 4739/4739 4738/4738
f 4743/4743 4742/4742 4741/4741
f 4746/4746 4745/4745 4744/4744
f 4749/4749 4748/4748 4747/4747
f 4752/4752 4751/4751 4750/4750
f 4755/4755 4754/4754 4753/4753
f 4758/4758 4757/4757 4756/4756
f 4761/4761 4760/4760 4759/4759
f 4764/4764 4763/4763 4762/4762
f 4767/4767 4766/4766 4765/4765
f 4770/4770 4769/4769 4768/4768
f 4773/4773 4772/4772 4771/4771
f 4776/4776 4775/4775 4774/4774
f 4779/4779 4778/4778 4777/4777
f 4782/4782 4781/4781 4780/4780
f 4785/4785 4784/4784 4783/4783
f 4788/4788 4787/4787 4786/4786
f 4791/4791 4790/4790 4789/4789
f 4794/4794 4793/4793 4792/4792
f 4797/4797 4796/4796 4795/4795
f 4800/4800 4799/4799 4798/4798
f 4803/4803 4802/4802 4801/4801
f 4806/4806 4805/4805 4804/4804
f 4809/4809 4808/4808 4807/4807
f 4812/4812 4811/4811 4810/4810
f 4815/4815 4814/4814 4813/4813
f 4818/4818 4817/4817 4816/4816
f 4821/4821 4820/4820 4819/4819
f 4824/4824 4823/4823 4822/4822
f 4827/4827 4826/4826 4825/4825
f 4830/4830 4829/4829 4828/4828
f 4833/4833 4832/4832 4831/4831
f 4836/4836 4835/4835 4834/4834
f 4839/4839 4838/4838 4837/4837
f 4842/4842 4841/4841 4840/4840
f 4845/4845 4844/4844 4843/4843
f 4848/4848 4847/4847 4846/4846
f 4851/4851 4850/4850 4849/4849
f 4854/4854 4853/4853 4852/4852
f 4857/4857 4856/4856 4855/4855
f 4860/4860 4859/4859 4858/4858
f 4863/4863 4862/4862 4861/4861
f 4866/4866 4865/4865 4864/4864
f 4869/4869 4868/4868 4867/4867
f 4872/4872 4871/4871 4870/4870
f 4875/4875 4874/4874 4873/4873
f 4878/4878 4877/4877 4876/4876
f 4881/4881 4880/4880 4879/4879
f 4884/4884 4883/4883 4882/4882
f 4887/4887 4886/4886 4885/4885
f 4890/4890 4889/4889 4888/4888
f 4893/4893 4892/4892 4891/4891
f 4896/4896 4895/4895 4894/4894
f 4899/4899 4898/4898 4897/4897
f 4902/4902 4901/4901 4900/4900
f 4905/4905 4904/4904 4903/4903
f 4908/4908 4907/4907 4906/4906
f 4911/4911 4910/4910 4909/4909
f 4914/4914 4913/4913 4912/4912
f 4917/4917 4916/4916 4915/4915
f 4920/4920 4919/4919 4918/4918
f 4923/4923 4922/4922 4921/4921
f 4926/4926 4925/4925 4924/4924
f 4929/4929 4928/4928 4927/4927
f 4932/4932 4931/4931 4930/4930
f 4935/4935 4934/4934 4933/4933
f 4938/4938 4937/4937 4936/4936
f 4941/4941 4940/4940 4939/4939
f 4944/4944 4943/4943 4942/4942
f 4947/4947 4946/4946 4945/4945
f 4950/4950 4949/4949 4948/4948
f 4953/4953 4952/4952 4951/4951
f 4956/4956 4955/4955 4954/4954
f 4959/4959 4958/4958 4957/4957
f 4962/4962 4961/4961 4960/4960
f 4965/4965 4964/4964 4963/4963
f 4968/4968 4967/4967 4966/4966
f 4971/4971 4970/4970 4969/4969
f 4974/4974 4973/4973 4972/4972
f 4977/4977 4976/4976 4975/4975
f 4980/4980 4979/4979 4978/4978
f 4983/4983 4982/4982 4981/4981
f 4986/4986 4985/4985 4984/4984
f 4989/4989 4988/4988 4987/4987
f 4992/4992 4991/4991 4990/4990
f 4995/4995 4994/4994 4993/4993
f 4998/4998 4997/4997 4996/4996
f 5001/5001 5000/5000 4999/4999
f 5004/5004 5003/5003 5002/5002
f 5007/5007 5006/5006 5005/5005
f 5010/5010 5009/5009 5008/5008
f 5013/5013 5012/5012 5011/5011
f 5016/5016 5015/5015 5014/5014
f 5019/5019 5018/5018 5017/5017
f 5022/5022 5021/5021 5020/5020
f 5025/5025 5024/5024 5023/5023
f 5028/5028 5027/5027 5026/5026
f 5031/5031 5030/5030 5029/5029
f 5034/5034 5033/5033 5032/5032
f 5037/5037 5036/5036 5035/5035
f 5040/5040 5039/5039 5038/5038
f 5043/5043 5042/5042 5041/5041
f 5046/5046 5045/5045 5044/5044
f 5049/5049 5048/5048 5047/5047
f 5052/5052 5051/5051 5050/5050
f 5055/5055 5054/5054 5053/5053
f 5058/5058 5057/5057 5056/5056
f 5061/5061 5060/5060 5059/5059
f 5064/5064 5063/5063 5062/5062
f 5067/5067 5066/5066 5065/5065
f 5070/5070 5069/5069 5068/5068
f 5073/5073 5072/5072 5071/5071
f 5076/5076 5075/5075 5074/5074
f 5079/5079 5078/5078 5077/5077
f 5082/5082 5081/5081 5080/5080
f 5085/5085 5084/5084 5083/5083
f 5088/5088 5087/5087 5086/5086
f 5091/5091 5090/5090 5089/5089
f 5094/5094 5093/5093 5092/5092
f 5097/5097 5096/5096 5095/5095
f 5100/5100 5099/5099 5098/5098
f 5103/5103 5102/5102 5101/5101
f 5106/5106 5105/5105 5104/5104
f 5109/5109 5108/5108 5107/5107
f 5112/5112 5111/5111 5110/5110
f 5115/5115 5114/5114 5113/5113
f 5118/5118 5117/5117 5116/5116
f 5121/5121 5120/5120 5119/5119
f 5124/5124 5123/5123 5122/5122
f 5127/5127 5126/5126 5125/5125
f 5130/5130 5129/5129 5128/5128
f 5133/5133 5132/5132 5131/5131
f 5136/5136 5135/5135 5134/5134
f 5139/5139 5138/5138 5137/5137
f 5142/5142 5141/5141 5140/5140
f 5145/5145 5144/5144 5143/5143
f 5148/5148 5147/5147 5146/5146
f 5151/5151 5150/5150 5149/5149
f 5154/5154 5153/5153 5152/5152
f 5157/5157 5156/5156 5155/5155
f 5160/5160 5159/5159 5158/5158
f 5163/5163 5162/5162 5161/5161
f 5166/5166 5165/5165 5164/5164
f 5169/5169 5168/5168 5167/5167
f 5172/5172 5171/5171 5170/5170
f 5175/5175 5174/5174 5173/5173
f 5178/5178 5177/5177 5176/5176
f 5181/5181 5180/5180 5179/5179
f 5184/5184 5183/5183 5182/5182
f 5187/5187 5186/5186 5185/5185
f 5190/5190 5189/5189 5188/5188
f 5193/5193 5192/5192 5191/5191
f 5196/5196 5195/5195 5194/5194
f 5199/5199 5198/5198 5197/5197
f 5202/5202 5201/5201 5200/5200
f 5205/5205 5204/5204 5203/5203
f 5208/5208 5207/5207 5206/5206
f 5211/5211 5210/5210 5209/5209
f 5214/5214 5213/5213 5212/5212
f 5217/5217 5216/5216 5215/5215
f 5220/5220 5219/5219 5218/5218
f 5223/5223 5222/5222 5221/5221
f 5226/5226 5225/5225 5224/5224
f 5229/5229 5228/5228 5227/5227
f 5232/5232 5231/5231 5230/5230
f 5235/5235 5234/5234 5233/5233
f 5238/5238 5237/5237 5236/5236
f 5241/5241 5240/5240 5239/5239
f 5244/5244 5243/5243 5242/5242
f 5247/5247 5246/5246 5245/5245
f 5250/5250 5249/5249 5248/5248
f 5253/5253 5252/5252 5251/5251
f 5256/5256 5255/5255 5254/5254
f 5259/5259 5258/5258 5257/5257
f 5262/5262 5261/5261 5260/5260
f 5265/5265 5264/5264 5263/5263
f 5268/5268 5267/5267 5266/5266
f 5271/5271 5270/5270 5269/5269
f 5274/5274 5273/5273 5272/5272
f 5277/5277 5276/5276 5275/5275
f 5280/5280 5279/5279 5278/5278
f 5283/5283 5282/5282 5281/5281
f 5286/5286 5285/5285 5284/5284
f 5289/5289 5288/5288 5287/5287
f 5292/5292 5291/5291 5290/5290
f 5295/5295 5294/5294 5293/5293
f 5298/5298 5297/5297 5296/5296
f 5301/5301 5300/5300 5299/5299
f 5304/5304 5303/5303 5302/5302
f 5307/5307 5306/5306 5305/5305
f 5310/5310 5309/5309 5308/5308
f 5313/5313 5312/5312 5311/5311
f 5316/5316 5315/5315 5314/5314
f 5319/5319 5318/5318 5317/5317
f 5322/5322 5321/5321 5320/5320
f 5325/5325 5324/5324 5323/5323
f 5328/5328 5327/5327 5326/5326
f 5331/5331 5330/5330 5329/5329
f 5334/5334 5333/5333 5332/5332
f 5337/5337 5336/5336 5335/5335
f 5340/5340 5339/5339 5338/5338
f 5343/5343 5342/5342 5341/5341
f 5346/5346 5345/5345 5344/5344
f 5349/5349 5348/5348 5347/5347
f 5352/5352 5351/5351 5350/5350
f 5355/5355 5354/5354 5353/5353
f 5358/5358 5357/5357 5356/5356
f 5361/5361 5360/5360 5359/5359
f 5364/5364 5363/5363 5362/5362
f 5367/5367 5366/5366 5365/5365
f 5370/5370 5369/5369 5368/5368
f 5373/5373 5372/5372 5371/5371
f 5376/5376 5375/5375 5374/5374
f 5379/5379 5378/5378 5377/5377
f 5382/5382 5381/5381 5380/5380
f 5385/5385 5384/5384 5383/5383
f 5388/5388 5387/5387 5386/5386
f 5391/5391 5390/5390 5389/5389
f 5394/5394 5393/5393 5392/5392
f 5397/5397 5396/5396 5395/5395
f 5400/5400 5399/5399 5398/5398
f 5403/5403 5402/5402 5401/5401
f 5406/5406 5405/5405 5404/5404
f 5409/5409 5408/5408 5407/5407
f 5412/5412 5411/5411 5410/5410
f 5415/5415 5414/5414 5413/5413
f 5418/5418 5417/5417 5416/5416
f 5421/5421 5420/5420 5419/5419
f 5424/5424 5423/5423 5422/5422
f 5427/5427 5426/5426 5425/5425
f 5430/5430 5429/5429 5428/5428
f 5433/5433 5432/5432 5431/5431
f 5436/5436 5435/5435 5434/5434
f 5439/5439 5438/5438 5437/5437
f 5442/5442 5441/5441 5440/5440
f 5445/5445 5444/5444 5443/5443
f 5448/5448 5447/5447 5446/5446
f 5451/5451 5450/5450 5449/5449
f 5454/5454 5453/5453 5452/5452
f 5457/5457 5456/5456 5455/5455
f 5460/5460 5459/5459 5458/5458
f 5463/5463 5462/5462 5461/5461
f 5466/5466 5465/5465 5464/5464
f 5469/5469 5468/5468 5467/5467
f 5472/5472 5471/5471 5470/5470
f 5475/5475 5474/5474 5473/5473
f 5478/5478 5477/5477 5476/5476
f 5481/5481 5480/5480 5479/5479
f 5484/5484 5483/5483 5482/5482
f 5487/5487 5486/5486 5485/5485
f 5490/5490 5489/5489 5488/5488
f 5493/5493 5492/5492 5491/5491
f 5496/5496 5495/5495 5494/5494
f 5499/5499 5498/5498 5497/5497
f 5502/5502 5501/5501 5500/5500
f 5505/5505 5504/5504 5503/5503
f 5508/5508 5507/5507 5506/5506
f 5511/5511 5510/5510 5509/5509
f 5514/5514 5513/5513 5512/5512
f 5517/5517 5516/5516 5515/5515
f 5520/5520 5519/5519 5518/5518
f 5523/5523 5522/5522 5521/5521
f 5526/5526 5525/5525 5524/5524
f 5529/5529 5528/5528 5527/5527
f 5532/5532 5531/5531 5530/5530
f 5535/5535 5534/5534 5533/5533
f 5538/5538 5537/5537 5536/5536
f 5541/5541 5540/5540 5539/5539
f 5544/5544 5543/5543 5542/5542
f 5547/5547 5546/5546 5545/5545
f 5550/5550 5549/5549 5548/5548
f 5553/5553 5552/5552 5551/5551
f 5556/5556 5555/5555 5554/5554
f 5559/5559 5558/5558 5557/5557
f 5562/5562 5561/5561 5560/5560
f 5565/5565 5564/5564 5563/5563
f 5568/5568 5567/5567 5566/5566
f 5571/5571 5570/5570 5569/5569
f 5574/5574 5573/5573 5572/5572
f 5577/5577 5576/5576 5575/5575
f 5580/5580 5579/5579 5578/5578
f 5583/5583 5582/5582 5581/5581
f 5586/5586 5585/5585 5584/5584
f 5589/5589 5588/5588 5587/5587
f 5592/5592 5591/5591 5590/5590
f 5595/5595 5594/5594 5593/5593
f 5598/5598 5597/5597 5596/5596
f 5601/5601 5600/5600 5599/5599
f 5604/5604 5603/5603 5602/5602
f 5607/5607 5606/5606 5605/5605
f 5610/5610 5609/5609 5608/5608
f 5613/5613 5612/5612 5611/5611
f 5616/5616 5615/5615 5614/5614
f 5619/5619 5618/5618 5617/5617
f 5622/5622 5621/5621 5620/5620
f 5625/5625 5624/5624 5623/5623
f 5628/5628 5627/5627 5626/5626
f 5631/5631 5630/5630 5629/5629
f 5634/5634 5633/5633 5632/5632
f 5637/5637 5636/5636 5635/5635
f 5640/5640 5639/5639 5638/5638
f 5643/5643 5642/5642 5641/5641
f 5646/5646 5645/5645 5644/5644
f 5649/5649 5648/5648 5647/5647
f 5652/5652 5651/5651 5650/5650
f 5655/5655 5654/5654 5653/5653
f 5658/5658 5657/5657 5656/5656
f 5661/5661 5660/5660 5659/5659
f 5664/5664 5663/5663 5662/5662
f 5667/5667 5666/5666 5665/5665
f 5670/5670 5669/5669 5668/5668
f 5673/5673 5672/5672 5671/5671
f 5676/5676 5675/5675 5674/5674
f 5679/5679 5678/5678 5677/5677
f 5682/5682 5681/5681 5680/5680
f 5685/5685 5684/5684 5683/5683
f 5688/5688 5687/5687 5686/5686
f 5691/5691 5690/5690 5689/5689
f 5694/5694 5693/5693 5692/5692
f 5697/5697 5696/5696 5695/5695
f 5700/5700 5699/5699 5698/5698
f 5703/5703 5702/5702 5701/5701
f 5706/5706 5705/5705 5704/5704
f 5709/5709 5708/5708 5707/5707
f 5712/5712 5711/5711 5710/5710
f 5715/5715 5714/5714 5713/5713
f 5718/5718 5717/5717 5716/5716
f 5721/5721 5720/5720 5719/5719
f 5724/5724 5723/5723 5722/5722
f 5727/5727 5726/5726 5725/5725
f 5730/5730 5729/5729 5728/5728
f 5733/5733 5732/5732 5731/5731
f 5736/5736 5735/5735 5734/5734
f 5739/5739 5738/5738 5737/5737
f 5742/5742 5741/5741 5740/5740
f 5745/5745 5744/5744 5743/5743
f 5748/5748 5747/5747 5746/5746
f 5751/5751 5750/5750 5749/5749
f 5754/5754 5753/5753 5752/5752
f 5757/5757 5756/5756 5755/5755
f 5760/5760 5759/5759 5758/5758
f 5763/5763 5762/5762 5761/5761
f 5766/5766 5765/5765 5764/5764
f 5769/5769 5768/5768 5767/5767
f 5772/5772 5771/5771 5770/5770
f 5775/5775 5774/5774 5773/5773
f 5778/5778 5777/5777 5776/5776
f 5781/5781 5780/5780 5779/5779
f 5784/5784 5783/5783 5782/5782
f 5787/5787 5786/5786 5785/5785
f 5790/5790 5789/5789 5788/5788
f 5793/5793 5792/5792 5791/5791
f 5796/5796 5795/5795 5794/5794
f 5799/5799 5798/5798 5797/5797
f 5802/5802 5801/5801 5800/5800
f 5805/5805 5804/5804 5803/5803
f 5808/5808 5807/5807 5806/5806
f 5811/5811 5810/5810 5809/5809
f 5814/5814 5813/5813 5812/5812
f 5817/5817 5816/5816 5815/5815
f 5820/5820 5819/5819 5818/5818
f 5823/5823 5822/5822 5821/5821
f 5826/5826 5825/5825 5824/5824
f 5829/5829 5828/5828 5827/5827
f 5832/5832 5831/5831 5830/5830
f 5835/5835 5834/5834 5833/5833
f 5838/5838 5837/5837 5836/5836
f 5841/5841 5840/5840 5839/5839
f 5844/5844 5843/5843 5842/5842
f 5847/5847 5846/5846 5845/5845
f 5850/5850 5849/5849 5848/5848
f 5853/5853 5852/5852 5851/5851
f 5856/5856 5855/5855 5854/5854
f 5859/5859 5858/5858 5857/5857
f 5862/5862 5861/5861 5860/5860
f 5865/5865 5864/5864 5863/5863
f 5868/5868 5867/5867 5866/5866
f 5871/5871 5870/5870 5869/5869
f 5874/5874 5873/5873 5872/5872
f 5877/5877 5876/5876 5875/5875
f 5880/5880 5879/5879 5878/5878
f 5883/5883 5882/5882 5881/5881
f 5886/5886 5885/5885 5884/5884
f 5889/5889 5888/5888 5887/5887
f 5892/5892 5891/5891 5890/5890
f 5895/5895 5894/5894 5893/5893
f 5898/5898 5897/5897 5896/5896
f 5901/5901 5900/5900 5899/5899
f 5904/5904 5903/5903 5902/5902
f 5907/5907 5906/5906 5905/5905
f 5910/5910 5909/5909 5908/5908
f 5913/5913 5912/5912 5911/5911
f 5916/5916 5915/5915 5914/5914
f 5919/5919 5918/5918 5917/5917
f 5922/5922 5921/5921 5920/5920
f 5925/5925 5924/5924 5923/5923
f 5928/5928 5927/5927 5926/5926
f 5931/5931 5930/5930 5929/5929
f 5934/5934 5933/5933 5932/5932
f 5937/5937 5936/5936 5935/5935
f 5940/5940 5939/5939 5938/5938
f 5943/5943 5942/5942 5941/5941
f 5946/5946 5945/5945 5944/5944
f 5949/5949 5948/5948 5947/5947
