# OSM contributors ODbL; elevations USGS 3DEP
# Centimeters, Z up, OBJ Y = negative Unreal Y.
o Park_Asphalt_4_19
v 3122.478658 -26301.970177 -663.145833
v 3096.410198 -26275.901718 -647.667685
v 3101.179126 -26268.714304 -647.089811
v 3122.478658 -26236.613050 -644.508840
v 3079.113491 -26301.970177 -647.561476
v 3189.145325 -26235.303511 -663.666667
v 3189.145325 -26301.970177 -684.760417
v 3123.000983 -26235.825836 -644.453709
v 3123.347552 -26235.303511 -644.389975
v 3255.811991 -26235.303511 -683.718750
v 3255.811991 -26301.970177 -705.333333
v 3322.478658 -26235.303511 -704.031250
v 3322.478658 -26301.970177 -719.395833
v 3389.145325 -26235.303511 -719.656250
v 3389.145325 -26301.970177 -726.427083
v 3455.811991 -26235.303511 -730.854167
v 3455.811991 -26301.970177 -735.541667
v 3486.811762 -26266.303282 -739.451759
v 3507.380449 -26235.303511 -740.523253
v 3477.534762 -26280.284967 -738.514218
v 3463.146388 -26301.970177 -737.060116
v 3055.811991 -26337.088664 -643.440129
v 3055.811991 -26368.636844 -647.260417
v 3043.228628 -26356.053481 -640.919581
v 3034.879429 -26368.636844 -639.901313
v 3122.478658 -26368.636844 -672.000000
v 3069.819413 -26315.977599 -646.081778
v 3064.608521 -26323.831112 -645.099060
v 3189.145325 -26368.636844 -698.302083
v 3255.811991 -26368.636844 -716.791667
v 3322.478658 -26368.636844 -723.562500
v 3389.145325 -26368.636844 -729.552083
v 3455.811991 -26313.024097 -736.448434
v 3440.964158 -26335.401775 -736.254125
v 3433.630192 -26346.455045 -736.158148
v 3418.912327 -26368.636844 -734.668287
v 3460.220977 -26306.379163 -736.919475
v 2989.145325 -26422.868352 -632.932115
v 2989.145325 -26435.303511 -635.020833
v 2983.426770 -26429.584956 -632.183894
v 2978.557959 -26435.303511 -631.919066
v 3055.811991 -26435.303511 -655.072917
v 3014.084761 -26393.576281 -635.513278
v 3033.329508 -26370.972784 -639.630161
v 2999.798513 -26410.355882 -634.034691
v 3122.478658 -26435.303511 -677.208333
v 3189.145325 -26435.303511 -701.427083
v 3255.811991 -26435.303511 -718.354167
v 3322.478658 -26435.303511 -724.864583
v 3389.145325 -26413.499711 -732.180767
v 3380.448622 -26426.606808 -732.167417
v 3374.678265 -26435.303511 -731.593439
v 3407.039407 -26386.530927 -734.305199
v 3404.393553 -26390.518584 -733.991076
v 2922.478658 -26501.170230 -628.611469
v 2922.478658 -26501.970177 -628.770833
v 2922.110787 -26501.602306 -628.589772
v 2921.797579 -26501.970177 -628.571298
v 2989.145325 -26501.970177 -646.479167
v 2952.768778 -26465.593631 -629.569756
v 2960.062939 -26457.026433 -630.234230
v 3055.811991 -26501.970177 -665.489583
v 3122.478658 -26501.970177 -687.625000
v 3189.145325 -26501.970177 -709.239583
v 3255.811991 -26501.970177 -720.958333
v 3322.478658 -26501.970177 -727.989583
v 3353.857837 -26466.682690 -731.238479
v 3331.252345 -26500.752201 -729.303379
v 3330.444204 -26501.970177 -729.234200
v 2922.478658 -26568.636844 -641.010417
v 2891.452795 -26537.610981 -626.224654
v 2920.327366 -26503.696984 -628.457603
v 2865.037198 -26568.636844 -625.079387
v 2880.591793 -26550.367534 -625.753767
v 2989.145325 -26568.636844 -658.718750
v 3055.811991 -26568.636844 -677.208333
v 3122.478658 -26568.636844 -698.302083
v 3189.145325 -26568.636844 -716.270833
v 3255.811991 -26568.636844 -725.385417
v 3322.478658 -26513.975324 -729.302646
v 3300.676267 -26546.834453 -730.597143
v 3294.681740 -26555.869009 -730.307281
v 3285.064684 -26568.636844 -729.727613
v 3327.267052 -26506.758571 -729.467252
v 2855.811991 -26579.472109 -624.552446
v 2855.811991 -26635.303511 -635.020833
v 2830.136812 -26609.628331 -622.885299
v 2808.276817 -26635.303511 -622.022934
v 2922.478658 -26635.303511 -653.510417
v 2860.794803 -26573.619656 -624.837062
v 2989.145325 -26635.303511 -671.479167
v 3055.811991 -26635.303511 -689.447917
v 3122.478658 -26635.303511 -708.197917
v 3189.145325 -26635.303511 -723.302083
v 3255.811991 -26603.282640 -731.069493
v 3243.449998 -26617.802149 -731.761483
v 3241.086557 -26620.578077 -731.893782
v 3228.549239 -26635.303511 -730.998160
v 3271.744549 -26584.569402 -731.609072
v 3283.185572 -26571.131598 -730.052881
v 2789.145325 -26657.773988 -621.268207
v 2789.145325 -26701.970177 -630.072917
v 2768.820828 -26681.645681 -620.148846
v 2751.516436 -26701.970177 -619.195816
v 2761.385073 -26690.379186 -619.739326
v 2855.811991 -26701.970177 -648.041667
v 2799.478820 -26645.637006 -621.635493
v 2801.120646 -26643.708636 -621.707794
v 2922.478658 -26701.970177 -666.010417
v 2989.145325 -26701.970177 -683.458333
v 3055.811991 -26701.970177 -701.166667
v 3122.478658 -26701.970177 -719.135417
v 3189.145325 -26681.584518 -732.883698
v 3179.770574 -26692.595427 -733.039333
v 3171.788858 -26701.970177 -732.426057
v 3210.428566 -26656.586752 -733.611153
v 3203.714425 -26664.472699 -733.381666
v 2722.478658 -26736.075866 -617.863027
v 2722.478658 -26768.636844 -624.604167
v 2707.504845 -26753.663031 -616.649329
v 2694.756056 -26768.636844 -615.724271
v 2789.145325 -26768.636844 -643.875000
v 2738.162837 -26717.654356 -618.582906
v 2855.811991 -26768.636844 -662.625000
v 2922.478658 -26768.636844 -680.333333
v 2989.145325 -26768.636844 -697.000000
v 3055.811991 -26768.636844 -714.187500
v 3122.478658 -26759.886397 -732.030825
v 3118.454591 -26764.612777 -731.998571
v 3115.028477 -26768.636844 -731.767394
v 3163.978852 -26711.143250 -732.936775
v 3149.112583 -26728.604102 -733.908922
v 2655.811991 -26816.786900 -613.030480
v 2655.811991 -26835.303511 -616.791667
v 2647.672201 -26827.163721 -612.499199
v 2641.287183 -26835.303511 -612.366139
v 2722.478658 -26835.303511 -638.406250
v 2676.978465 -26789.803318 -614.412008
v 2677.849647 -26788.692713 -614.461128
v 2681.913926 -26783.720287 -614.733520
v 2789.145325 -26835.303511 -657.677083
v 2855.811991 -26835.303511 -676.687500
v 2922.478658 -26835.303511 -694.395833
v 2989.145325 -26835.303511 -712.364583
v 3055.811991 -26835.303511 -730.072917
v 3087.796599 -26800.621452 -731.429203
v 3084.507705 -26804.484351 -731.360421
v 3058.268097 -26835.303511 -730.811667
v 2589.145325 -26901.775335 -610.760223
v 2589.145325 -26901.970177 -610.802083
v 2589.059673 -26901.884526 -610.759258
v 2588.992486 -26901.970177 -610.759695
v 2655.811991 -26901.970177 -630.854167
v 2618.365937 -26864.524123 -611.546045
v 2605.582988 -26880.820166 -611.202276
v 2722.478658 -26901.970177 -652.468750
v 2789.145325 -26901.970177 -671.739583
v 2855.811991 -26901.970177 -689.968750
v 2922.478658 -26901.970177 -708.197917
v 2989.145325 -26901.970177 -726.947917
v 3055.811991 -26838.188276 -730.692690
v 3044.772132 -26851.154902 -730.546026
v 3026.480616 -26872.638802 -730.303024
v 3005.036558 -26897.825453 -730.200292
v 3001.507716 -26901.970177 -730.183386
v 3057.138608 -26836.630127 -730.699950
v 2589.145325 -26968.636844 -625.385417
v 2559.753409 -26939.244929 -610.804271
v 2569.449658 -26926.883893 -610.789489
v 2536.697790 -26968.636844 -610.429674
v 2655.811991 -26968.636844 -645.437500
v 2722.478658 -26968.636844 -666.531250
v 2789.145325 -26968.636844 -685.020833
v 2855.811991 -26968.636844 -703.510417
v 2922.478658 -26968.636844 -722.520833
v 2989.145325 -26916.490154 -729.897287
v 2965.300985 -26944.496003 -728.879754
v 2965.164633 -26944.656152 -728.873936
v 2944.747335 -26968.636844 -728.522938
v 2995.822625 -26908.647477 -729.843152
v 2522.478658 -26986.763770 -610.198648
v 2522.478658 -27035.303511 -620.437500
v 2501.140881 -27013.965734 -609.851962
v 2484.403093 -27035.303511 -609.580015
v 2589.145325 -27035.303511 -640.489583
v 2530.447145 -26976.605331 -610.452624
v 2533.316329 -26972.947620 -610.442090
v 2655.811991 -27035.303511 -660.020833
v 2722.478658 -27035.303511 -679.812500
v 2789.145325 -27035.303511 -698.562500
v 2855.811991 -27035.303511 -717.833333
v 2922.478658 -26995.310455 -728.147298
v 2904.897952 -27017.722805 -727.861655
v 2893.496361 -27032.257856 -727.777722
v 2891.107287 -27035.303511 -727.760135
v 2934.506641 -26980.664827 -728.064982
v 2927.647457 -26988.721133 -728.049563
v 2455.811991 -27074.735481 -609.590733
v 2455.811991 -27101.970177 -615.229167
v 2446.237165 -27092.395351 -610.628762
v 2441.045887 -27101.970177 -611.191560
v 2522.478658 -27101.970177 -635.541667
v 2471.834617 -27051.326137 -609.626161
v 2461.049670 -27065.075073 -609.186582
v 2589.145325 -27101.970177 -655.593750
v 2655.811991 -27101.970177 -674.083333
v 2722.478658 -27101.970177 -693.093750
v 2789.145325 -27101.970177 -712.885417
v 2855.811991 -27080.298890 -727.676073
v 2846.285424 -27092.443610 -727.578957
v 2838.812590 -27101.970177 -727.436373
v 2875.591688 -27055.083208 -727.414124
v 2455.811991 -27168.636844 -629.812500
v 2426.315611 -27139.140464 -615.294750
v 2435.493778 -27112.210523 -611.913481
v 2416.262759 -27168.636844 -618.380300
v 2522.478658 -27168.636844 -650.645833
v 2589.145325 -27168.636844 -669.656250
v 2655.811991 -27168.636844 -687.625000
v 2722.478658 -27168.636844 -707.156250
v 2789.145325 -27165.287325 -726.736043
v 2787.672896 -27167.164416 -726.709529
v 2786.517893 -27168.636844 -726.668205
v 2821.229703 -27124.385309 -727.013329
v 2816.979160 -27129.804013 -726.911060
v 2455.811991 -27235.303511 -643.614583
v 2409.369894 -27188.861413 -620.574949
v 2415.180545 -27171.812201 -618.724871
v 2393.541663 -27235.303511 -624.884836
v 2394.867313 -27231.413880 -624.523873
v 2522.478658 -27235.303511 -663.927083
v 2589.145325 -27235.303511 -682.677083
v 2655.811991 -27235.303511 -701.947917
v 2722.478658 -27235.303511 -721.739583
v 2758.366632 -27204.524818 -725.941362
v 2748.963044 -27216.512762 -725.698568
v 2734.223197 -27235.303511 -725.317997
v 2389.145325 -27248.202941 -626.132308
v 2389.145325 -27301.970177 -636.843750
v 2375.478459 -27288.303312 -630.330634
v 2370.820566 -27301.970177 -631.618331
v 2455.811991 -27301.970177 -656.895833
v 2392.424176 -27238.582362 -625.201926
v 2522.478658 -27301.970177 -675.906250
v 2589.145325 -27301.970177 -694.656250
v 2655.811991 -27301.970177 -714.187500
v 2722.478658 -27262.114107 -727.290215
v 2718.072375 -27275.042718 -728.658726
v 2712.347813 -27291.839332 -730.436670
v 2708.895054 -27301.970177 -731.190668
v 2729.613183 -27241.180478 -725.198971
v 2729.293530 -27242.118383 -725.306743
v 2389.145325 -27368.636844 -649.864583
v 2358.532742 -27338.024261 -635.156194
v 2348.099470 -27368.636844 -638.320437
v 2455.811991 -27368.636844 -669.135417
v 2522.478658 -27368.636844 -686.843750
v 2589.145325 -27368.636844 -704.552083
v 2655.811991 -27368.636844 -724.864583
v 2695.402095 -27341.560281 -735.219743
v 2686.173957 -27368.636844 -736.131719
v 2389.145325 -27435.303511 -659.239583
v 2341.587024 -27387.745210 -639.175925
v 2325.378373 -27435.303511 -643.048756
v 2333.927616 -27410.218915 -641.006034
v 2455.811991 -27435.303511 -676.166667
v 2522.478658 -27435.303511 -693.093750
v 2589.145325 -27435.303511 -713.145833
v 2655.811991 -27435.303511 -738.145833
v 2678.456378 -27391.281231 -738.663506
v 2677.445910 -27394.246075 -738.839709
v 2663.452861 -27435.303511 -741.279784
v 2322.478658 -27443.811655 -642.910729
v 2322.478658 -27501.970177 -647.000000
v 2309.403541 -27488.895061 -642.658653
v 2313.614384 -27469.820594 -642.419536
v 2306.517104 -27501.970177 -643.383710
v 2389.145325 -27501.970177 -663.145833
v 2324.641307 -27437.466160 -642.988328
v 2455.811991 -27501.970177 -681.114583
v 2522.478658 -27501.970177 -702.208333
v 2589.145325 -27501.970177 -725.385417
v 2655.811991 -27457.722821 -743.050057
v 2644.564943 -27490.723129 -746.051232
v 2640.731764 -27501.970177 -746.543917
v 2661.510661 -27441.002180 -741.796543
v 2657.132678 -27453.847754 -742.759551
v 2322.478658 -27568.636844 -650.385417
v 2301.376936 -27547.535122 -644.532986
v 2305.959631 -27504.495444 -643.385644
v 2299.130108 -27568.636844 -644.913100
v 2389.145325 -27568.636844 -668.354167
v 2455.811991 -27568.636844 -690.750000
v 2522.478658 -27568.636844 -714.708333
v 2589.145325 -27568.636844 -739.187500
v 2627.619226 -27540.444079 -749.581894
v 2622.269443 -27556.141041 -750.574716
v 2620.938940 -27568.636844 -752.600431
v 2322.478658 -27635.303511 -655.333333
v 2294.961612 -27607.786465 -646.841745
v 2299.051793 -27569.372370 -644.949335
v 2292.031706 -27635.303511 -647.245862
v 2389.145325 -27635.303511 -678.770833
v 2455.811991 -27635.303511 -704.552083
v 2522.478658 -27635.303511 -727.208333
v 2589.145325 -27635.303511 -752.989583
v 2617.879444 -27597.370964 -757.258567
v 2617.253129 -27603.253187 -758.212145
v 2613.840537 -27635.303511 -763.407876
v 2322.478658 -27701.970177 -666.010417
v 2288.546288 -27668.037807 -651.562650
v 2284.933304 -27701.970177 -652.810878
v 2285.236117 -27699.126221 -652.706261
v 2389.145325 -27701.970177 -693.614583
v 2455.811991 -27701.970177 -717.312500
v 2522.478658 -27701.970177 -739.968750
v 2589.145325 -27701.970177 -765.750000
v 2611.464120 -27657.622306 -765.195175
v 2610.345291 -27668.130113 -766.808726
v 2606.742135 -27701.970177 -772.005116
v 2322.478658 -27768.636844 -679.812500
v 2282.130964 -27728.289150 -657.274530
v 2277.834901 -27768.636844 -659.060129
v 2389.145325 -27768.636844 -707.677083
v 2455.811991 -27768.636844 -726.947917
v 2522.478658 -27768.636844 -745.958333
v 2589.145325 -27768.636844 -762.625000
v 2605.048796 -27717.873649 -769.228884
v 2603.437453 -27733.007039 -768.091494
v 2599.643732 -27768.636844 -765.413640
v 2322.478658 -27835.303511 -687.364583
v 2275.715640 -27788.540492 -660.329713
v 2270.736499 -27835.303511 -658.461737
v 2389.145325 -27835.303511 -714.447917
v 2455.811991 -27835.303511 -724.604167
v 2522.478658 -27835.303511 -734.239583
v 2589.145325 -27835.303511 -747.520833
v 2598.633472 -27778.124991 -763.922208
v 2596.529615 -27797.883964 -758.681273
v 2592.545330 -27835.303511 -748.755991
v 2322.478658 -27901.970177 -690.489583
v 2269.300315 -27848.791835 -658.291759
v 2264.557414 -27901.970177 -655.420080
v 2264.512603 -27893.756999 -655.392948
v 2389.145325 -27901.970177 -715.750000
v 2455.811991 -27901.970177 -722.260417
v 2522.478658 -27901.970177 -727.468750
v 2589.145325 -27867.235626 -745.026137
v 2585.802824 -27898.627676 -741.907744
v 2585.446927 -27901.970177 -741.489029
v 2592.218148 -27838.376334 -748.553110
v 2322.478658 -27968.636844 -690.750000
v 2264.605392 -27910.763578 -655.483478
v 2269.321423 -27968.636844 -656.903792
v 2264.706925 -27929.372878 -655.039278
v 2389.145325 -27968.636844 -716.531250
v 2455.811991 -27968.636844 -722.000000
v 2522.478658 -27968.636844 -725.385417
v 2584.611216 -27909.818995 -741.425590
v 2589.145325 -27948.398939 -743.037949
v 2589.145325 -27968.636844 -743.354167
v 2589.751902 -27953.560203 -743.369755
v 2591.523785 -27968.636844 -744.338998
v 2322.478658 -28035.303511 -687.364583
v 2271.120563 -27983.945416 -657.271950
v 2277.156424 -28035.303511 -659.215227
v 2389.145325 -28035.303511 -715.489583
v 2455.811991 -28035.303511 -722.781250
v 2522.478658 -28035.303511 -724.864583
v 2589.145325 -28035.303511 -737.885417
v 2591.840540 -27971.332059 -744.238534
v 2596.984188 -28015.098469 -742.758020
v 2599.358785 -28035.303511 -742.074531
v 2322.478658 -28101.970177 -677.729167
v 2279.999002 -28059.490522 -657.484956
v 2279.171496 -28052.449409 -657.988657
v 2284.991424 -28101.970177 -654.446080
v 2389.145325 -28101.970177 -710.802083
v 2455.811991 -28101.970177 -723.041667
v 2522.478658 -28101.970177 -725.385417
v 2589.145325 -28101.970177 -733.979167
v 2600.718979 -28046.877165 -741.276136
v 2604.216473 -28076.636735 -740.761999
v 2607.193786 -28101.970177 -740.324329
v 2322.478658 -28168.636844 -662.364583
v 2288.877442 -28135.035628 -649.239108
v 2286.403781 -28113.987675 -652.553628
v 2292.826425 -28168.636844 -644.526912
v 2389.145325 -28168.636844 -699.864583
v 2455.811991 -28168.636844 -721.479167
v 2522.478658 -28168.636844 -725.906250
v 2589.145325 -28168.636844 -732.416667
v 2609.597419 -28122.422271 -739.731318
v 2611.448758 -28138.175001 -739.926194
v 2615.028787 -28168.636844 -740.303034
v 2322.478658 -28235.303511 -651.947917
v 2297.755881 -28210.580734 -640.938555
v 2293.636066 -28175.525941 -643.937540
v 2300.661426 -28235.303511 -639.505276
v 2389.145325 -28235.303511 -687.885417
v 2455.811991 -28235.303511 -718.354167
v 2522.478658 -28235.303511 -727.729167
v 2589.145325 -28235.303511 -732.156250
v 2618.475858 -28197.967377 -741.582458
v 2618.681044 -28199.713266 -741.640560
v 2622.863788 -28235.303511 -742.824982
v 2322.478658 -28301.970177 -651.427083
v 2306.634321 -28286.125840 -642.514644
v 2300.868352 -28237.064206 -639.609533
v 2309.063486 -28301.970177 -643.461825
v 2308.100637 -28298.602472 -642.995374
v 2389.145325 -28301.970177 -689.447917
v 2455.811991 -28301.970177 -719.135417
v 2522.478658 -28301.970177 -728.510417
v 2589.145325 -28301.970177 -731.895833
v 2622.870950 -28235.364453 -742.825820
v 2637.788326 -28267.053669 -746.803055
v 2652.813327 -28298.971513 -750.808985
v 2654.224918 -28301.970177 -751.216337
v 2322.478658 -28348.570033 -650.698961
v 2322.244447 -28348.072494 -650.567672
v 2389.145325 -28368.636844 -691.791667
v 2331.924905 -28368.636844 -656.252422
v 2455.811991 -28368.636844 -721.739583
v 2522.478658 -28368.636844 -729.031250
v 2589.145325 -28368.636844 -732.416667
v 2655.811991 -28368.636844 -748.041667
v 2655.811991 -28305.341623 -751.503124
v 2663.807133 -28322.325829 -754.852951
v 2685.607573 -28368.636844 -763.986958
v 2389.145325 -28435.303511 -687.104167
v 2340.326680 -28386.484867 -660.215773
v 2363.307561 -28435.303511 -672.267638
v 2348.263254 -28403.344654 -664.377951
v 2455.811991 -28435.303511 -718.093750
v 2522.478658 -28435.303511 -730.072917
v 2589.145325 -28435.303511 -732.677083
v 2655.811991 -28435.303511 -740.229167
v 2712.108655 -28424.933508 -765.854283
v 2715.844748 -28432.870148 -766.544154
v 2716.990229 -28435.303511 -766.755668
v 2389.145325 -28490.191077 -680.028816
v 2455.811991 -28501.970177 -712.364583
v 2394.690216 -28501.970177 -681.326182
v 2522.478658 -28501.970177 -729.552083
v 2589.145325 -28501.970177 -732.677083
v 2655.811991 -28501.970177 -736.583333
v 2722.478658 -28501.970177 -756.895833
v 2722.478658 -28446.962667 -766.994868
v 2736.421856 -28476.582420 -769.182053
v 2753.765847 -28501.970177 -774.006015
v 2455.811991 -28568.636844 -703.250000
v 2399.622009 -28512.446862 -682.398249
v 2426.072872 -28568.636844 -687.218756
v 2400.300868 -28513.888973 -682.521967
v 2522.478658 -28568.636844 -726.687500
v 2589.145325 -28568.636844 -733.458333
v 2655.811991 -28568.636844 -735.281250
v 2722.478658 -28568.636844 -742.312500
v 2789.145325 -28568.636844 -766.531250
v 2766.256942 -28520.254369 -773.480552
v 2789.145325 -28553.757885 -772.517706
v 2799.310088 -28568.636844 -772.288636
v 2455.811991 -28630.504804 -688.266353
v 2452.338482 -28624.433291 -687.864359
v 2522.478658 -28635.303511 -713.666667
v 2458.557329 -28635.303511 -688.198012
v 2589.145325 -28635.303511 -727.729167
v 2655.811991 -28635.303511 -733.718750
v 2722.478658 -28635.303511 -737.104167
v 2789.145325 -28635.303511 -746.739583
v 2803.299278 -28574.476134 -771.856590
v 2821.227383 -28600.718902 -769.914905
v 2840.341615 -28628.697898 -769.299132
v 2844.854329 -28635.303511 -769.153753
v 2522.478658 -28701.970177 -682.156250
v 2462.227823 -28641.719343 -686.627992
v 2502.853266 -28701.970177 -675.026713
v 2502.029768 -28700.764759 -675.254922
v 2464.987432 -28646.542994 -685.520158
v 2589.145325 -28701.970177 -701.427083
v 2655.811991 -28701.970177 -720.437500
v 2722.478658 -28701.970177 -733.979167
v 2789.145325 -28701.970177 -739.187500
v 2855.811991 -28701.970177 -750.385417
v 2855.811991 -28651.343098 -767.986237
v 2877.383951 -28682.919663 -765.603525
v 2890.398570 -28701.970177 -764.166006
v 2522.478658 -28730.697398 -668.241503
v 2589.145325 -28768.636844 -675.385417
v 2548.397507 -28768.636844 -659.786643
v 2539.072105 -28754.986524 -662.828636
v 2655.811991 -28768.636844 -704.812500
v 2722.478658 -28768.636844 -727.989583
v 2789.145325 -28768.636844 -737.104167
v 2855.811991 -28768.636844 -742.833333
v 2922.478658 -28768.636844 -758.197917
v 2902.971214 -28720.373740 -763.999417
v 2922.478658 -28737.447647 -766.969878
v 2958.113240 -28768.636844 -771.700083
v 2589.145325 -28828.282611 -658.144062
v 2576.114441 -28809.208288 -658.669349
v 2655.811991 -28835.303511 -694.135417
v 2593.941748 -28835.303511 -658.850043
v 2722.478658 -28835.303511 -723.562500
v 2789.145325 -28835.303511 -734.760417
v 2855.811991 -28835.303511 -738.145833
v 2922.478658 -28835.303511 -743.354167
v 2989.145325 -28835.303511 -756.114583
v 2983.717520 -28791.047011 -772.210034
v 2989.145325 -28795.797702 -772.318138
v 3031.731010 -28833.070858 -775.162506
v 3034.281882 -28835.303511 -775.332883
v 2655.811991 -28901.970177 -674.604167
v 2604.283810 -28850.441996 -660.313148
v 2639.485989 -28901.970177 -665.038149
v 2722.478658 -28901.970177 -707.416667
v 2789.145325 -28901.970177 -726.947917
v 2855.811991 -28901.970177 -735.020833
v 2922.478658 -28901.970177 -738.406250
v 2989.145325 -28901.970177 -742.312500
v 3055.811991 -28901.970177 -758.979167
v 3055.811991 -28854.147757 -777.286187
v 3110.450524 -28901.970177 -785.658137
v 2655.811991 -28923.979823 -662.739592
v 2650.199115 -28917.651818 -662.861987
v 2722.478658 -28968.636844 -672.781250
v 2700.748512 -28968.636844 -661.661527
v 2676.934861 -28947.793927 -660.711270
v 2789.145325 -28968.636844 -704.031250
v 2855.811991 -28968.636844 -724.604167
v 2922.478658 -28968.636844 -734.239583
v 2989.145325 -28968.636844 -737.104167
v 3055.811991 -28968.636844 -742.833333
v 3122.478658 -28968.636844 -762.104167
v 3122.478658 -28912.497812 -786.884286
v 3127.757988 -28917.118550 -786.824412
v 3175.771478 -28959.142397 -786.279883
v 3186.619165 -28968.636844 -786.156857
v 2722.478658 -28987.656173 -663.940234
v 2789.145325 -29035.303511 -672.260417
v 2776.917153 -29035.303511 -666.671760
v 2772.961840 -29031.841619 -666.473297
v 2724.948351 -28989.817773 -664.064154
v 2855.811991 -29035.303511 -699.083333
v 2922.478658 -29035.303511 -722.260417
v 2989.145325 -29035.303511 -732.937500
v 3055.811991 -29035.303511 -735.281250
v 3122.478658 -29035.303511 -739.708333
v 3189.145325 -29035.303511 -752.989583
v 3189.145325 -28970.847867 -785.972745
v 3255.811991 -29035.303511 -775.645833
v 3206.869074 -28986.360594 -784.057897
v 3223.784967 -29001.166243 -782.255059
v 3255.811991 -29029.197922 -778.841727
v 3262.787807 -29035.303511 -778.316263
v 2789.145325 -29046.006228 -667.076288
v 2855.811991 -29101.970177 -670.177083
v 2853.085795 -29101.970177 -668.941776
v 2820.975330 -29073.865466 -668.004941
v 2922.478658 -29101.970177 -702.468750
v 2989.145325 -29101.970177 -723.822917
v 3055.811991 -29101.970177 -730.593750
v 3122.478658 -29101.970177 -733.458333
v 3189.145325 -29101.970177 -736.583333
v 3255.811991 -29101.970177 -744.916667
v 3322.478658 -29101.970177 -765.229167
v 3271.798457 -29043.190089 -777.514293
v 3319.811946 -29085.213936 -773.240978
v 3322.478658 -29087.547977 -773.003634
v 3338.956449 -29101.970177 -771.730170
v 2855.811991 -29104.356283 -669.272973
v 2922.478658 -29162.706338 -679.692690
v 2917.002308 -29157.913159 -678.837525
v 2874.939217 -29121.097403 -672.269124
v 2868.988819 -29115.889312 -671.337034
v 2989.145325 -29168.636844 -705.593750
v 2929.254437 -29168.636844 -680.327282
v 3055.811991 -29168.636844 -722.000000
v 3122.478658 -29168.636844 -729.031250
v 3189.145325 -29168.636844 -731.895833
v 3255.811991 -29168.636844 -734.500000
v 3322.478658 -29168.636844 -742.833333
v 3389.145325 -29168.636844 -762.364583
v 3367.825436 -29127.237782 -772.065310
v 3389.145325 -29145.898033 -772.312813
v 3415.125090 -29168.636844 -770.686227
v 2989.145325 -29221.056393 -685.117364
v 2965.015798 -29199.937005 -683.187481
v 3055.811991 -29235.303511 -705.333333
v 3005.423079 -29235.303511 -685.846996
v 3122.478658 -29235.303511 -718.614583
v 3189.145325 -29235.303511 -726.166667
v 3255.811991 -29235.303511 -730.072917
v 3322.478658 -29235.303511 -733.197917
v 3389.145325 -29235.303511 -740.750000
v 3455.811991 -29235.303511 -756.635417
v 3415.838925 -29169.261628 -770.661059
v 3423.425588 -29176.349528 -770.211702
v 3455.811991 -29208.637351 -767.468544
v 3482.559568 -29235.303511 -765.203000
v 3055.811991 -29279.406448 -684.832358
v 3122.478658 -29301.970177 -695.697917
v 3081.591720 -29301.970177 -682.601319
v 3061.042777 -29283.984698 -684.379674
v 3189.145325 -29301.970177 -709.760417
v 3255.811991 -29301.970177 -722.520833
v 3322.478658 -29301.970177 -729.552083
v 3389.145325 -29301.970177 -732.677083
v 3455.811991 -29301.970177 -738.666667
v 3522.478658 -29301.970177 -751.427083
v 3517.649639 -29270.286771 -762.504145
v 3522.478658 -29275.101092 -762.132735
v 3549.429780 -29301.970177 -758.270142
v 3122.478658 -29337.756503 -678.643496
v 3109.056266 -29326.008544 -679.942773
v 3189.145325 -29368.636844 -686.322917
v 3157.760362 -29368.636844 -675.779531
v 3157.069756 -29368.032390 -675.835590
v 3255.811991 -29368.636844 -708.458333
v 3322.478658 -29368.636844 -724.604167
v 3389.145325 -29368.636844 -730.072917
v 3455.811991 -29368.636844 -731.895833
v 3522.478658 -29368.636844 -735.020833
v 3589.145325 -29368.636844 -743.354167
v 3564.761664 -29317.255393 -756.431047
v 3589.145325 -29341.564833 -753.506171
v 3611.873689 -29364.224015 -751.667678
v 3616.299992 -29368.636844 -751.309636
v 3189.145325 -29396.106559 -675.270649
v 3255.811991 -29435.303511 -687.364583
v 3229.930481 -29435.303511 -676.546921
v 3201.174869 -29406.635427 -676.062398
v 3322.478658 -29435.303511 -713.927083
v 3389.145325 -29435.303511 -726.427083
v 3455.811991 -29435.303511 -728.510417
v 3522.478658 -29435.303511 -729.291667
v 3589.145325 -29435.303511 -732.937500
v 3655.811991 -29435.303511 -744.916667
v 3655.811991 -29408.028573 -752.268115
v 3683.170204 -29435.303511 -752.931768
v 3255.811991 -29461.106240 -674.362427
v 3244.608607 -29449.936958 -675.308033
v 3322.478658 -29501.970177 -689.187500
v 3296.800693 -29501.970177 -675.546081
v 3291.720633 -29496.905580 -675.399381
v 3389.145325 -29501.970177 -714.708333
v 3455.811991 -29501.970177 -724.864583
v 3522.478658 -29501.970177 -727.208333
v 3589.145325 -29501.970177 -728.250000
v 3655.811991 -29501.970177 -733.197917
v 3722.478658 -29501.970177 -745.177083
v 3706.097740 -29458.161258 -753.041502
v 3722.478658 -29474.492314 -753.119903
v 3750.040416 -29501.970177 -754.759101
v 3322.478658 -29527.569981 -675.787603
v 3389.145325 -29568.636844 -684.500000
v 3363.670906 -29568.636844 -672.956904
v 3338.832658 -29543.874201 -674.663769
v 3455.811991 -29568.636844 -710.020833
v 3522.478658 -29568.636844 -723.562500
v 3589.145325 -29568.636844 -726.166667
v 3655.811991 -29568.636844 -727.468750
v 3722.478658 -29568.636844 -730.854167
v 3789.145325 -29568.636844 -743.875000
v 3753.209765 -29505.129879 -754.700742
v 3789.145325 -29540.956055 -754.039040
v 3816.910628 -29568.636844 -757.215361
v 3389.145325 -29594.033722 -671.107115
v 3455.811991 -29635.303511 -679.552083
v 3430.541118 -29635.303511 -668.101219
v 3522.478658 -29635.303511 -702.729167
v 3589.145325 -29635.303511 -712.625000
v 3655.811991 -29635.303511 -718.875000
v 3722.478658 -29635.303511 -723.822917
v 3789.145325 -29635.303511 -728.510417
v 3855.811991 -29635.303511 -745.697917
v 3847.433816 -29599.067123 -758.092079
v 3855.811991 -29607.419796 -758.332725
v 3883.780840 -29635.303511 -760.774874
v -1610.854675 -29686.398789 -266.139697
v -1610.854675 -29701.970177 -267.052083
v -1621.996106 -29690.828747 -266.268701
v -1615.979254 -29687.809838 -266.162322
v -1644.201595 -29701.970177 -266.661299
v -1544.188009 -29701.970177 -267.572917
v -1570.790921 -29675.367265 -265.806317
v -1563.313960 -29673.308489 -265.744099
v -1546.759888 -29675.371918 -265.994332
v -1544.188009 -29675.293394 -266.009824
v -1599.895646 -29683.381229 -266.048505
v -1584.685328 -29676.529859 -265.765888
v -1573.806925 -29676.197719 -265.831414
v -1477.521342 -29695.611786 -267.956767
v -1477.521342 -29701.970177 -268.354167
v -1489.099556 -29690.391964 -267.540074
v -1479.003850 -29694.217124 -267.858019
v -1530.085481 -29674.862815 -266.149859
v -1519.908043 -29678.718942 -266.495070
v -1509.108147 -29680.065126 -266.700510
v -1494.603819 -29688.306455 -267.353373
v -1471.076799 -29701.674458 -268.637772
v -1470.556347 -29701.970177 -268.680651
v 3455.811991 -29660.497463 -666.463038
v 3522.478658 -29701.970177 -665.229167
v 3497.411330 -29701.970177 -657.591465
v 3480.168734 -29684.780066 -661.268662
v 3589.145325 -29701.970177 -677.468750
v 3655.811991 -29701.970177 -691.791667
v 3722.478658 -29701.970177 -707.937500
v 3789.145325 -29701.970177 -720.697917
v 3855.811991 -29701.970177 -729.812500
v 3922.478658 -29701.970177 -750.645833
v 3894.545841 -29646.035744 -761.589071
v 3895.323166 -29646.816056 -761.645375
v 3922.478658 -29674.264205 -763.524781
v 3949.889224 -29701.970177 -765.100624
v -1677.521342 -29718.688101 -267.381008
v -1677.521342 -29768.636844 -270.697917
v -1708.250926 -29737.907260 -267.696981
v -1694.509290 -29727.211672 -267.416153
v -1742.089979 -29768.636844 -267.923483
v -1737.616252 -29760.763307 -267.685129
v -1610.854675 -29768.636844 -271.218750
v -1666.388989 -29713.102530 -267.097063
v -1655.244272 -29707.510755 -266.878179
v -1544.188009 -29768.636844 -271.218750
v -1477.521342 -29768.636844 -272.781250
v -1417.754726 -29761.736793 -276.058457
v -1461.614158 -29707.051110 -269.516611
v -1451.367726 -29720.215672 -271.076818
v -1439.217149 -29731.646267 -272.584042
v -1412.833183 -29768.636844 -276.824260
v 3522.478658 -29726.961203 -650.976472
v 3589.145325 -29768.636844 -644.135417
v 3564.281542 -29768.636844 -637.822347
v 3527.280759 -29731.748688 -649.465394
v 3655.811991 -29768.636844 -664.447917
v 3722.478658 -29768.636844 -686.322917
v 3789.145325 -29768.636844 -709.760417
v 3855.811991 -29768.636844 -723.302083
v 3922.478658 -29768.636844 -734.760417
v 3989.145325 -29768.636844 -751.947917
v 3980.106118 -29732.512721 -765.525429
v 3989.145325 -29741.649344 -765.652506
v 4015.845079 -29768.636844 -761.960324
v -1744.188009 -29772.329271 -267.919875
v -1744.188009 -29835.303511 -269.395833
v -1765.337278 -29814.154241 -267.660932
v -1764.602237 -29808.257295 -267.565791
v -1767.973488 -29835.303511 -267.909241
v -1677.521342 -29835.303511 -273.562500
v -1742.850149 -29769.974704 -267.948306
v -1610.854675 -29835.303511 -274.604167
v -1544.188009 -29835.303511 -274.864583
v -1477.521342 -29835.303511 -277.729167
v -1410.854675 -29835.303511 -281.895833
v -1410.854675 -29771.410732 -277.153791
v -1365.282396 -29835.303511 -284.744101
v 3589.145325 -29793.424944 -635.420850
v 3574.392785 -29778.717309 -636.845741
v 3655.811991 -29835.303511 -644.656250
v 3631.151754 -29835.303511 -635.793977
v 3621.504810 -29825.685931 -635.708287
v 3722.478658 -29835.303511 -672.520833
v 3789.145325 -29835.303511 -702.468750
v 3855.811991 -29835.303511 -718.093750
v 3922.478658 -29835.303511 -724.604167
v 3989.145325 -29835.303511 -731.895833
v 4055.811991 -29835.303511 -744.656250
v 4022.497593 -29775.361053 -761.197978
v 4055.811991 -29809.034484 -757.380310
v 4064.889069 -29818.209386 -756.340121
v 4081.800933 -29835.303511 -754.402103
v -1744.188009 -29901.970177 -269.135417
v -1766.671423 -29879.486763 -267.818029
v -1771.358873 -29862.463108 -267.591562
v -1760.480632 -29901.970177 -268.371700
v -1677.521342 -29901.970177 -273.822917
v -1610.854675 -29901.970177 -277.729167
v -1544.188009 -29901.970177 -279.031250
v -1477.521342 -29901.970177 -281.895833
v -1410.854675 -29901.970177 -286.062500
v -1344.188009 -29901.970177 -290.229167
v -1363.600609 -29837.661392 -284.996580
v -1344.188009 -29864.878046 -287.910908
v -1325.792339 -29890.668954 -290.672570
v -1317.731608 -29901.970177 -291.882692
v 3655.811991 -29859.888685 -640.142566
v 3722.478658 -29901.970177 -664.187500
v 3697.614559 -29901.970177 -652.338203
v 3668.226830 -29872.265734 -643.786663
v 3789.145325 -29901.970177 -694.656250
v 3855.811991 -29901.970177 -713.406250
v 3922.478658 -29901.970177 -718.354167
v 3989.145325 -29901.970177 -720.958333
v 4055.811991 -29901.970177 -725.385417
v 4122.478658 -29901.970177 -741.791667
v 4107.280545 -29861.057718 -753.192504
v 4122.478658 -29876.419623 -752.471000
v 4147.756788 -29901.970177 -753.542047
v -1744.188009 -29931.406129 -269.825322
v -1756.857524 -29915.128403 -268.849929
v -1677.521342 -29968.636844 -274.343750
v -1704.999803 -29968.636844 -272.841022
v -1723.305890 -29958.235364 -271.596123
v -1610.854675 -29968.636844 -279.031250
v -1544.188009 -29968.636844 -282.677083
v -1477.521342 -29968.636844 -285.541667
v -1410.854675 -29968.636844 -289.968750
v -1344.188009 -29968.636844 -294.656250
v -1277.521342 -29968.636844 -299.343750
v -1277.521342 -29958.345361 -298.579929
v -1270.180820 -29968.636844 -299.859880
v 3722.478658 -29927.102239 -660.653304
v 3710.230986 -29914.722573 -656.557413
v 3789.145325 -29968.636844 -686.843750
v 3763.570413 -29968.636844 -674.555804
v 3752.622461 -29957.570905 -670.851803
v 3855.811991 -29968.636844 -708.718750
v 3922.478658 -29968.636844 -714.968750
v 3989.145325 -29968.636844 -716.270833
v 4055.811991 -29968.636844 -718.093750
v 4122.478658 -29968.636844 -725.385417
v 4189.145325 -29968.636844 -745.177083
v 4149.672020 -29903.906050 -753.630759
v 4189.145325 -29943.804762 -755.459117
v 4213.712642 -29968.636844 -757.364776
v -1677.521342 -29984.250048 -274.648695
v -1610.854675 -29989.017592 -279.110862
v -1621.606088 -29991.977985 -278.366468
v -1658.818668 -29987.339518 -275.731839
v -1675.811901 -29985.221349 -274.761151
v -1544.188009 -30035.303511 -284.239583
v -1566.556486 -30035.303511 -282.579423
v -1591.556322 -30000.253498 -280.587052
v -1601.422840 -29986.420543 -279.800737
v -1477.521342 -30035.303511 -289.187500
v -1410.854675 -30035.303511 -294.656250
v -1344.188009 -30035.303511 -300.385417
v -1277.521342 -30035.303511 -305.072917
v -1251.921256 -29994.236930 -302.943762
v -1222.630032 -30035.303511 -308.074785
v 3789.145325 -29994.487378 -680.381116
v 3855.811991 -30035.303511 -697.781250
v 3829.526268 -30035.303511 -686.897318
v 3795.013937 -30000.419237 -681.328124
v 3922.478658 -30035.303511 -709.500000
v 3989.145325 -30035.303511 -711.322917
v 4055.811991 -30035.303511 -712.104167
v 4122.478658 -30035.303511 -714.708333
v 4189.145325 -30035.303511 -728.250000
v 4255.811991 -30035.303511 -756.375000
v 4234.454971 -29989.602715 -760.775489
v 4255.811991 -30011.189902 -764.287278
v 4279.359899 -30035.303511 -768.792842
v 4276.846447 -30032.451047 -768.403353
v -1544.188009 -30066.664333 -284.239583
v -1477.521342 -30101.970177 -289.708333
v -1519.005698 -30101.970177 -286.305320
v -1410.854675 -30101.970177 -295.958333
v -1344.188009 -30101.970177 -301.947917
v -1277.521342 -30101.970177 -307.156250
v -1210.854675 -30101.970177 -311.843750
v -1212.367528 -30049.691641 -309.310459
v -1210.854675 -30051.812675 -309.492617
v -1175.079244 -30101.970177 -314.638706
v 3855.811991 -30061.872518 -686.053524
v 3922.478658 -30101.970177 -686.062500
v 3895.482123 -30101.970177 -678.891545
v 3879.796888 -30086.115902 -681.723331
v 3989.145325 -30101.970177 -693.614583
v 4055.811991 -30101.970177 -695.958333
v 4122.478658 -30101.970177 -700.385417
v 4189.145325 -30101.970177 -717.833333
v 4255.811991 -30101.970177 -744.916667
v 4322.478658 -30101.970177 -775.385417
v 4289.053935 -30046.305068 -771.240492
v 4322.478658 -30088.968538 -778.534251
v 4332.664801 -30101.970177 -780.080592
v -1477.521342 -30160.131648 -289.708333
v -1410.854675 -30168.636844 -295.177083
v -1471.454910 -30168.636844 -290.205970
v -1344.188009 -30168.636844 -300.385417
v -1277.521342 -30168.636844 -306.114583
v -1210.854675 -30168.636844 -311.583333
v -1144.188009 -30168.636844 -317.052083
v -1174.559258 -30102.699204 -314.679330
v -1144.188009 -30145.279990 -317.052083
v -1127.528456 -30168.636844 -318.418687
v 3922.478658 -30129.257657 -672.098985
v 3989.145325 -30168.636844 -667.312500
v 3961.437977 -30168.636844 -660.926822
v 4055.811991 -30168.636844 -675.385417
v 4122.478658 -30168.636844 -685.281250
v 4189.145325 -30168.636844 -707.416667
v 4255.811991 -30168.636844 -734.239583
v 4322.478658 -30168.636844 -764.447917
v 4369.517092 -30149.008611 -786.042562
v 4384.894843 -30168.636844 -788.829239
v -1410.854675 -30235.303511 -294.656250
v -1456.364649 -30189.793537 -291.278557
v -1423.904122 -30235.303511 -293.789685
v -1440.323241 -30212.283747 -292.519511
v -1344.188009 -30235.303511 -299.604167
v -1277.521342 -30235.303511 -304.812500
v -1210.854675 -30235.303511 -310.281250
v -1144.188009 -30235.303511 -315.750000
v -1099.123517 -30208.460845 -320.126530
v -1085.648370 -30227.176482 -320.939481
v -1079.796959 -30235.303511 -321.283606
v 3989.145325 -30196.642796 -656.372675
v 3964.579840 -30171.812567 -660.410407
v 4055.811991 -30235.303511 -655.593750
v 4027.393832 -30235.303511 -649.488286
v 4006.971315 -30214.660899 -653.164156
v 4122.478658 -30235.303511 -672.000000
v 4189.145325 -30235.303511 -695.958333
v 4255.811991 -30235.303511 -723.822917
v 4322.478658 -30235.303511 -749.083333
v 4389.145325 -30235.303511 -760.541667
v 4389.145325 -30174.062178 -788.052422
v 4407.156052 -30197.051153 -781.454126
v 4437.124886 -30235.303511 -770.474935
v -1410.854675 -30253.598962 -294.584783
v -1344.188009 -30301.970177 -298.562500
v -1376.353335 -30301.970177 -296.552167
v -1402.514970 -30265.291310 -295.060342
v -1277.521342 -30301.970177 -303.770833
v -1210.854675 -30301.970177 -309.500000
v -1144.188009 -30301.970177 -315.750000
v -1077.521342 -30301.970177 -321.479167
v -1077.521342 -30238.464116 -321.479167
v -1040.237294 -30301.970177 -324.391983
v -1077.052005 -30239.115978 -321.515834
v -1054.798567 -30270.023788 -323.254383
v 4055.811991 -30267.468694 -646.798583
v 4042.858670 -30250.935015 -648.536570
v 4122.478658 -30301.970177 -658.458333
v 4082.842200 -30301.970177 -645.917110
v 4076.522675 -30293.903906 -646.123194
v 4189.145325 -30301.970177 -683.718750
v 4255.811991 -30301.970177 -709.239583
v 4322.478658 -30301.970177 -721.479167
v 4389.145325 -30301.970177 -724.083333
v 4455.811991 -30301.970177 -737.364583
v 4446.523424 -30247.299848 -765.766508
v 4455.811991 -30259.155818 -761.113173
v 4489.354928 -30301.970177 -757.411729
v -1344.188009 -30347.066277 -298.562500
v -1277.521342 -30368.636844 -303.770833
v -1328.802547 -30368.636844 -299.764489
v -1210.854675 -30368.636844 -309.500000
v -1144.188009 -30368.636844 -316.010417
v -1077.521342 -30368.636844 -322.260417
v -1031.141357 -30348.350162 -326.189634
v -1032.142653 -30319.729239 -325.440605
v -1030.431633 -30368.636844 -326.491133
v 4122.478658 -30352.562334 -643.438787
v 4189.145325 -30368.636844 -664.708333
v 4135.072243 -30368.636844 -643.586036
v 4255.811991 -30368.636844 -686.062500
v 4322.478658 -30368.636844 -698.562500
v 4389.145325 -30368.636844 -704.031250
v 4455.811991 -30368.636844 -714.708333
v 4522.478658 -30368.636844 -743.875000
v 4522.478658 -30344.249458 -756.068693
v 4541.584971 -30368.636844 -755.667178
v -1277.521342 -30435.303511 -304.031250
v -1289.311387 -30423.513465 -303.064098
v -1304.282267 -30402.720404 -301.813275
v -1326.535705 -30371.812594 -299.953992
v -1326.898430 -30371.306434 -299.923676
v -1280.232063 -30435.303511 -303.861830
v -1282.028829 -30433.628213 -303.716811
v -1210.854675 -30435.303511 -309.500000
v -1144.188009 -30435.303511 -316.531250
v -1077.521342 -30435.303511 -323.302083
v -1041.553224 -30404.604962 -325.772928
v -1030.232769 -30374.321131 -326.553408
v -1049.359680 -30425.488343 -325.458858
v -1058.511299 -30435.303511 -324.861501
v 4189.145325 -30435.303511 -645.958333
v 4180.634382 -30426.792568 -645.027449
v 4155.257420 -30394.401297 -644.224618
v 4187.302286 -30435.303511 -645.195200
v 4255.811991 -30435.303511 -670.958333
v 4322.478658 -30435.303511 -689.708333
v 4389.145325 -30435.303511 -699.343750
v 4455.811991 -30435.303511 -706.114583
v 4522.478658 -30435.303511 -720.958333
v 4589.145325 -30435.303511 -749.343750
v 4564.625540 -30398.045933 -754.149071
v 4589.145325 -30429.343098 -752.533502
v 4593.815014 -30435.303511 -752.353510
v -1277.521342 -30437.830975 -304.080615
v -1210.854675 -30482.550936 -310.053681
v -1241.866508 -30470.958345 -307.373891
v -1242.076041 -30470.880019 -307.356810
v -1144.188009 -30488.372414 -316.945851
v -1157.326138 -30488.832048 -315.563780
v -1190.908829 -30490.006930 -312.166806
v -1077.521342 -30455.691897 -323.222441
v -1086.611486 -30465.441132 -322.261141
v -1105.459430 -30474.032089 -320.313338
v -1136.316937 -30488.097046 -317.650866
v -1067.683790 -30445.141063 -323.686363
v 4189.145325 -30437.655974 -645.241567
v 4255.811991 -30501.970177 -654.031250
v 4239.532328 -30501.970177 -647.099675
v 4233.992164 -30494.898687 -646.895372
v 4194.624792 -30444.649992 -645.443632
v 4322.478658 -30501.970177 -679.291667
v 4389.145325 -30501.970177 -694.916667
v 4455.811991 -30501.970177 -703.250000
v 4522.478658 -30501.970177 -712.364583
v 4589.145325 -30501.970177 -726.427083
v 4610.709410 -30456.867596 -751.786557
v 4643.360285 -30498.543323 -752.382996
v 4646.045056 -30501.970177 -752.432039
v 4255.811991 -30522.749614 -647.456506
v 4322.478658 -30568.636844 -657.937500
v 4291.762371 -30568.636844 -646.418892
v 4273.359536 -30545.147382 -646.950042
v 4389.145325 -30568.636844 -680.333333
v 4455.811991 -30568.636844 -696.739583
v 4522.478658 -30568.636844 -704.552083
v 4589.145325 -30568.636844 -711.062500
v 4655.811991 -30568.636844 -733.458333
v 4655.811991 -30514.436738 -752.513058
v 4696.021795 -30568.636844 -756.547557
v 4682.727657 -30548.792018 -755.890510
v 4695.160050 -30567.152069 -756.574718
v 4322.478658 -30607.843255 -640.937845
v 4389.145325 -30635.303511 -651.166667
v 4343.992413 -30635.303511 -636.174489
v 4455.811991 -30635.303511 -681.635417
v 4522.478658 -30635.303511 -695.958333
v 4589.145325 -30635.303511 -700.645833
v 4655.811991 -30635.303511 -723.302083
v 4722.478658 -30635.303511 -757.156250
v 4722.478658 -30614.221665 -761.767904
v 4728.457334 -30624.522845 -761.546336
v 4734.714299 -30635.303511 -761.314456
v 4389.145325 -30692.936895 -631.580321
v 4455.811991 -30701.970177 -662.364583
v 4396.222456 -30701.970177 -632.104272
v 4391.461653 -30695.893467 -631.751809
v 4522.478658 -30701.970177 -689.447917
v 4589.145325 -30701.970177 -701.427083
v 4655.811991 -30701.970177 -723.822917
v 4722.478658 -30701.970177 -741.791667
v 4751.638042 -30664.462895 -754.650365
v 4761.754618 -30681.893621 -752.095289
v 4773.406802 -30701.970177 -749.152375
v 4455.811991 -30768.636844 -635.802083
v 4421.826701 -30734.651554 -632.084942
v 4442.108211 -30768.636844 -631.091409
v 4423.975197 -30737.393904 -632.180749
v 4522.478658 -30768.636844 -669.916667
v 4589.145325 -30768.636844 -698.041667
v 4655.811991 -30768.636844 -714.447917
v 4722.478658 -30768.636844 -721.218750
v 4789.145325 -30768.636844 -726.427083
v 4789.145325 -30729.087442 -741.258109
v 4795.051902 -30739.264396 -738.918396
v 4812.099305 -30768.636844 -732.165578
v 4455.811991 -30792.248275 -629.161368
v 4522.478658 -30835.303511 -651.947917
v 4480.800714 -30835.303511 -630.132118
v 4589.145325 -30835.303511 -686.583333
v 4655.811991 -30835.303511 -700.385417
v 4722.478658 -30835.303511 -705.593750
v 4789.145325 -30835.303511 -711.583333
v 4828.349186 -30796.635172 -728.572256
v 4843.848135 -30823.339655 -725.144986
v 4850.791808 -30835.303511 -723.864469
v 4522.478658 -30901.970177 -636.322917
v 4515.363900 -30894.855420 -634.266307
v 4484.991200 -30842.523663 -630.633352
v 4519.493217 -30901.970177 -634.900167
v 4589.145325 -30901.970177 -672.260417
v 4655.811991 -30901.970177 -694.395833
v 4722.478658 -30901.970177 -700.906250
v 4789.145325 -30901.970177 -706.375000
v 4855.811991 -30901.970177 -717.052083
v 4855.811991 -30843.953219 -723.850946
v 4889.484312 -30901.970177 -728.758476
v 4522.478658 -30907.114052 -635.378533
v 4589.145325 -30968.636844 -657.677083
v 4558.185720 -30968.636844 -642.076345
v 4551.585768 -30957.265214 -640.838348
v 4655.811991 -30968.636844 -688.666667
v 4722.478658 -30968.636844 -698.562500
v 4789.145325 -30968.636844 -702.729167
v 4855.811991 -30968.636844 -711.322917
v 4922.478658 -30968.636844 -731.635417
v 4894.943754 -30911.376724 -729.443923
v 4922.478658 -30958.818996 -732.900999
v 4928.176815 -30968.636844 -733.861259
v 4589.145325 -31021.979829 -650.800839
v 4584.883052 -31014.635990 -649.599720
v 4655.811991 -31035.303511 -679.552083
v 4596.878224 -31035.303511 -652.617510
v 4722.478658 -31035.303511 -696.479167
v 4789.145325 -31035.303511 -700.125000
v 4855.811991 -31035.303511 -706.114583
v 4922.478658 -31035.303511 -721.739583
v 4928.241038 -30968.747500 -733.869489
v 4936.058229 -30982.216415 -734.871174
v 4961.538322 -31026.118276 -738.208121
v 4966.869318 -31035.303511 -738.906284
v 4655.811991 -31101.970177 -672.000000
v 4607.573994 -31053.732180 -655.418188
v 4635.570727 -31101.970177 -664.172324
v 4618.180336 -31072.006766 -658.734624
v 4722.478658 -31101.970177 -692.833333
v 4789.145325 -31101.970177 -699.083333
v 4855.811991 -31101.970177 -701.687500
v 4922.478658 -31101.970177 -711.843750
v 4989.145325 -31101.970177 -736.322917
v 4989.145325 -31073.684772 -741.073981
v 5005.561822 -31101.970177 -744.980054
v 4655.811991 -31136.845606 -668.321732
v 4722.478658 -31168.636844 -687.625000
v 4674.263230 -31168.636844 -671.239288
v 4789.145325 -31168.636844 -698.041667
v 4855.811991 -31168.636844 -699.604167
v 4922.478658 -31168.636844 -705.854167
v 4989.145325 -31168.636844 -724.604167
v 5028.268322 -31141.093175 -747.020611
v 5044.254325 -31168.636844 -749.360163
v 4722.478658 -31235.303511 -677.989583
v 4699.784087 -31212.608940 -673.557050
v 4684.774904 -31186.748318 -672.193941
v 4712.955734 -31235.303511 -674.567282
v 4789.145325 -31235.303511 -694.656250
v 4855.811991 -31235.303511 -698.822917
v 4922.478658 -31235.303511 -701.687500
v 4989.145325 -31235.303511 -713.927083
v 5055.811991 -31235.303511 -738.927083
v 5055.811991 -31188.550549 -749.884809
v 5061.430174 -31198.230603 -749.986217
v 5082.946828 -31235.303511 -750.374593
v 4722.478658 -31251.711382 -675.041294
v 4718.072188 -31244.119094 -674.821958
v 4789.145325 -31301.970177 -689.447917
v 4751.648237 -31301.970177 -676.265347
v 4751.369472 -31301.489869 -676.253649
v 4855.811991 -31301.970177 -698.562500
v 4922.478658 -31301.970177 -700.125000
v 4989.145325 -31301.970177 -708.979167
v 5055.811991 -31301.970177 -729.552083
v 5120.478416 -31299.969935 -754.335880
v 5121.639332 -31301.970177 -754.494474
v 4789.145325 -31366.577159 -682.129157
v 4855.811991 -31368.636844 -695.177083
v 4790.340740 -31368.636844 -682.133983
v 4922.478658 -31368.636844 -698.822917
v 4989.145325 -31368.636844 -708.979167
v 5055.811991 -31368.636844 -728.770833
v 5122.478658 -31368.636844 -750.125000
v 5122.478658 -31303.416326 -754.710818
v 5156.544830 -31368.636844 -761.169892
v 5128.024742 -31312.972155 -755.837068
v 5132.337027 -31320.910217 -756.677047
v 4855.811991 -31435.303511 -689.708333
v 4791.994181 -31371.485700 -682.229684
v 4829.033244 -31435.303511 -683.327460
v 4817.964040 -31416.231421 -682.999387
v 4922.478658 -31435.303511 -697.260417
v 4989.145325 -31435.303511 -702.468750
v 5055.811991 -31435.303511 -717.052083
v 5122.478658 -31435.303511 -738.927083
v 5189.145325 -31435.303511 -761.322917
v 5161.216183 -31377.846599 -761.245408
v 5189.145325 -31432.909989 -761.696904
v 5190.095340 -31434.782981 -761.715973
v 5190.359362 -31435.303511 -761.721273
v 4855.811991 -31483.137789 -687.279249
v 4848.993090 -31469.694059 -686.337122
v 4922.478658 -31501.970177 -697.781250
v 4865.364117 -31501.970177 -687.964688
v 4989.145325 -31501.970177 -699.604167
v 5055.811991 -31501.970177 -704.291667
v 5122.478658 -31501.970177 -719.135417
v 5189.145325 -31501.970177 -739.968750
v 5191.608964 -31437.767150 -761.265175
v 5218.974496 -31491.719363 -752.107749
v 5224.173894 -31501.970177 -750.367856
v 4922.478658 -31568.636844 -697.260417
v 4875.196070 -31521.354256 -689.503117
v 4899.178649 -31568.636844 -692.618618
v 4875.828196 -31522.600516 -689.585235
v 4989.145325 -31568.636844 -699.604167
v 5055.811991 -31568.636844 -700.385417
v 5122.478658 -31568.636844 -706.114583
v 5189.145325 -31568.636844 -717.833333
v 5255.811991 -31568.636844 -732.937500
v 5247.853652 -31548.655744 -738.614139
v 5255.811991 -31564.345920 -734.663927
v 5257.988425 -31568.636844 -733.354083
v 4922.478658 -31614.573720 -695.824889
v 4989.145325 -31635.303511 -699.864583
v 4932.993181 -31635.303511 -695.916386
v 5055.811991 -31635.303511 -698.302083
v 5122.478658 -31635.303511 -701.166667
v 5189.145325 -31635.303511 -706.375000
v 5255.811991 -31635.303511 -714.708333
v 5260.228617 -31573.053470 -732.161140
v 5276.732809 -31605.592126 -724.875589
v 5291.802957 -31635.303511 -718.223076
v 4989.145325 -31701.970177 -701.166667
v 4943.815724 -31656.640577 -697.094085
v 4933.586509 -31636.473280 -695.980951
v 4966.807712 -31701.970177 -697.850927
v 5055.811991 -31701.970177 -701.947917
v 5122.478658 -31701.970177 -701.427083
v 5189.145325 -31701.970177 -702.729167
v 5255.811991 -31701.970177 -706.895833
v 5322.478658 -31701.970177 -710.541667
v 5305.611965 -31662.528508 -715.211359
v 5322.478658 -31695.781850 -711.532766
v 4989.145325 -31746.009650 -699.446375
v 5055.811991 -31768.636844 -702.989583
v 5000.622244 -31768.636844 -699.324639
v 4991.344821 -31750.346044 -699.423045
v 5122.478658 -31768.636844 -700.385417
v 5189.145325 -31768.636844 -700.906250
v 5255.811991 -31768.636844 -704.291667
v 5322.478658 -31768.636844 -706.114583
v 5055.811991 -31835.303511 -696.218750
v 5012.435378 -31791.926897 -697.743709
v 5034.436776 -31835.303511 -694.298320
v 5020.223978 -31807.282425 -696.524025
v 5122.478658 -31835.303511 -697.781250
v 5189.145325 -31835.303511 -699.864583
v 5255.811991 -31835.303511 -702.468750
v 5322.478658 -31835.303511 -704.031250
v 5055.811991 -31877.445581 -695.724898
v 5122.478658 -31901.970177 -698.302083
v 5068.251308 -31901.970177 -695.972002
v 5189.145325 -31901.970177 -701.166667
v 5255.811991 -31901.970177 -703.770833
v 5322.478658 -31901.970177 -704.812500
v 5122.478658 -31968.636844 -700.125000
v 5081.055031 -31927.213217 -697.212401
v 5077.982290 -31921.155189 -696.914720
v 5102.065839 -31968.636844 -699.168149
v 5189.145325 -31968.636844 -703.250000
v 5255.811991 -31968.636844 -706.375000
v 5322.478658 -31968.636844 -707.937500
v 5122.478658 -32008.881511 -701.225440
v 5189.145325 -32035.303511 -706.635417
v 5135.507297 -32035.303511 -702.863993
v 5133.439471 -32030.491180 -702.587012
v 5255.811991 -32035.303511 -710.541667
v 5322.478658 -32035.303511 -711.843750
v 5189.145325 -32101.970177 -711.062500
v 5145.323632 -32058.148485 -705.071253
v 5164.153525 -32101.970177 -708.817143
v 5157.671774 -32086.885583 -707.527708
v 5255.811991 -32101.970177 -715.229167
v 5322.478658 -32101.970177 -716.791667
v 5189.145325 -32160.132110 -715.606401
v 5255.811991 -32168.636844 -720.177083
v 5192.799753 -32168.636844 -716.484960
v 5322.478658 -32168.636844 -721.218750
v 5189.145325 -32210.838883 -718.908461
v 5189.145325 -32235.303511 -720.437500
v 5177.394914 -32223.553100 -718.555598
v 5167.571429 -32235.303511 -718.836312
v 5170.348599 -32231.177376 -718.687841
v 5255.811991 -32235.303511 -723.822917
v 5195.553156 -32175.044675 -716.996720
v 5204.018557 -32194.745701 -718.657918
v 5322.478658 -32235.303511 -725.906250
v 5189.145325 -32301.970177 -724.604167
v 5149.430800 -32262.255652 -719.174446
v 5136.091466 -32301.970177 -721.495542
v 5146.428283 -32266.716592 -719.347029
v 5255.811991 -32301.970177 -727.729167
v 5322.478658 -32301.970177 -731.114583
v 5189.145325 -32368.636844 -730.333333
v 5133.668446 -32313.159965 -722.315191
v 5134.374661 -32307.825321 -721.898125
v 5126.324259 -32368.636844 -727.143201
v 5255.811991 -32368.636844 -733.197917
v 5322.478658 -32368.636844 -735.802083
v 5122.478658 -32397.685931 -728.876958
v 5122.478658 -32435.303511 -731.375000
v 5118.080921 -32430.905774 -730.859640
v 5117.498736 -32435.303511 -731.083208
v 5117.993068 -32431.569403 -730.893377
v 5189.145325 -32435.303511 -735.281250
v 5125.874683 -32372.032869 -727.372420
v 5126.183864 -32369.697362 -727.214782
v 5255.811991 -32435.303511 -738.666667
v 5322.478658 -32435.303511 -740.750000
v 5122.478658 -32501.970177 -734.500000
v 5110.287158 -32489.778678 -733.214178
v 5108.673213 -32501.970177 -733.691087
v 5189.145325 -32501.970177 -738.666667
v 5255.811991 -32501.970177 -742.312500
v 5322.478658 -32501.970177 -745.437500
v 5122.478658 -32568.636844 -737.104167
v 5102.493396 -32548.651582 -735.152481
v 5099.847690 -32568.636844 -735.866536
v 5101.611475 -32555.313484 -735.390504
v 5189.145325 -32568.636844 -740.750000
v 5255.811991 -32568.636844 -744.395833
v 5322.478658 -32568.636844 -747.781250
v 5122.478658 -32635.303511 -739.708333
v 5094.699634 -32607.524486 -737.104050
v 5094.595132 -32635.303511 -738.292373
v 5093.420678 -32617.185525 -737.454226
v 5189.145325 -32635.303511 -743.354167
v 5255.811991 -32635.303511 -746.739583
v 5322.478658 -32635.303511 -750.125000
v 5122.478658 -32701.970177 -741.270833
v 5101.558618 -32681.050138 -739.718174
v 5096.954214 -32671.696409 -739.265129
v 5111.856578 -32701.970177 -740.772923
v 5189.145325 -32701.970177 -744.916667
v 5255.811991 -32701.970177 -749.083333
v 5322.478658 -32701.970177 -752.729167
v 5122.478658 -32721.934753 -741.114860
v 5121.079188 -32720.705673 -741.058862
v 5189.145325 -32765.946653 -744.916667
v 5185.067703 -32764.559222 -744.693672
v 5162.122791 -32756.752101 -743.320608
v 5255.811991 -32768.636844 -749.604167
v 5197.051720 -32768.636844 -745.472585
v 5322.478658 -32740.857366 -753.184876
v 5317.356654 -32746.689442 -752.973111
v 5306.081492 -32752.239678 -752.421542
v 5272.771070 -32768.636844 -750.597863
v 5255.811991 -32771.626992 -749.522405
v 5213.836506 -32774.347951 -746.496602
v 5258.620110 -32771.444963 -749.702890
v 5268.347390 -32770.814415 -750.287626
vt 15.612393 131.509851
vt 15.482051 131.379509
vt 15.505896 131.343572
vt 15.612393 131.183065
vt 15.395567 131.509851
vt 15.945727 131.176518
vt 15.945727 131.509851
vt 15.615005 131.179129
vt 15.616738 131.176518
vt 16.279060 131.176518
vt 16.279060 131.509851
vt 16.612393 131.176518
vt 16.612393 131.509851
vt 16.945727 131.176518
vt 16.945727 131.509851
vt 17.279060 131.176518
vt 17.279060 131.509851
vt 17.434059 131.331516
vt 17.536902 131.176518
vt 17.387674 131.401425
vt 17.315732 131.509851
vt 15.279060 131.685443
vt 15.279060 131.843184
vt 15.216143 131.780267
vt 15.174397 131.843184
vt 15.612393 131.843184
vt 15.349097 131.579888
vt 15.323043 131.619156
vt 15.945727 131.843184
vt 16.279060 131.843184
vt 16.612393 131.843184
vt 16.945727 131.843184
vt 17.279060 131.565120
vt 17.204821 131.677009
vt 17.168151 131.732275
vt 17.094562 131.843184
vt 17.301105 131.531896
vt 14.945727 132.114342
vt 14.945727 132.176518
vt 14.917134 132.147925
vt 14.892790 132.176518
vt 15.279060 132.176518
vt 15.070424 131.967881
vt 15.166648 131.854864
vt 14.998993 132.051779
vt 15.612393 132.176518
vt 15.945727 132.176518
vt 16.279060 132.176518
vt 16.612393 132.176518
vt 16.945727 132.067499
vt 16.902243 132.133034
vt 16.873391 132.176518
vt 17.035197 131.932655
vt 17.021968 131.952593
vt 14.612393 132.505851
vt 14.612393 132.509851
vt 14.610554 132.508012
vt 14.608988 132.509851
vt 14.945727 132.509851
vt 14.763844 132.327968
vt 14.800315 132.285132
vt 15.279060 132.509851
vt 15.612393 132.509851
vt 15.945727 132.509851
vt 16.279060 132.509851
vt 16.612393 132.509851
vt 16.769289 132.333413
vt 16.656262 132.503761
vt 16.652221 132.509851
vt 14.612393 132.843184
vt 14.457264 132.688055
vt 14.601637 132.518485
vt 14.325186 132.843184
vt 14.402959 132.751838
vt 14.945727 132.843184
vt 15.279060 132.843184
vt 15.612393 132.843184
vt 15.945727 132.843184
vt 16.279060 132.843184
vt 16.612393 132.569877
vt 16.503381 132.734172
vt 16.473409 132.779345
vt 16.425323 132.843184
vt 16.636335 132.533793
vt 14.279060 132.897361
vt 14.279060 133.176518
vt 14.150684 133.048142
vt 14.041384 133.176518
vt 14.612393 133.176518
vt 14.303974 132.868098
vt 14.945727 133.176518
vt 15.279060 133.176518
vt 15.612393 133.176518
vt 15.945727 133.176518
vt 16.279060 133.016413
vt 16.217250 133.089011
vt 16.205433 133.102890
vt 16.142746 133.176518
vt 16.358723 132.922847
vt 16.415928 132.855658
vt 13.945727 133.288870
vt 13.945727 133.509851
vt 13.844104 133.408228
vt 13.757582 133.509851
vt 13.806925 133.451896
vt 14.279060 133.509851
vt 13.997394 133.228185
vt 14.005603 133.218543
vt 14.612393 133.509851
vt 14.945727 133.509851
vt 15.279060 133.509851
vt 15.612393 133.509851
vt 15.945727 133.407923
vt 15.898853 133.462977
vt 15.858944 133.509851
vt 16.052143 133.282934
vt 16.018572 133.322363
vt 13.612393 133.680379
vt 13.612393 133.843184
vt 13.537524 133.768315
vt 13.473780 133.843184
vt 13.945727 133.843184
vt 13.690814 133.588272
vt 14.279060 133.843184
vt 14.612393 133.843184
vt 14.945727 133.843184
vt 15.279060 133.843184
vt 15.612393 133.799432
vt 15.592273 133.823064
vt 15.575142 133.843184
vt 15.819894 133.555716
vt 15.745563 133.643021
vt 13.279060 134.083935
vt 13.279060 134.176518
vt 13.238361 134.135819
vt 13.206436 134.176518
vt 13.612393 134.176518
vt 13.384892 133.949017
vt 13.389248 133.943464
vt 13.409570 133.918601
vt 13.945727 134.176518
vt 14.279060 134.176518
vt 14.612393 134.176518
vt 14.945727 134.176518
vt 15.279060 134.176518
vt 15.438983 134.003107
vt 15.422539 134.022422
vt 15.291340 134.176518
vt 12.945727 134.508877
vt 12.945727 134.509851
vt 12.945298 134.509423
vt 12.944962 134.509851
vt 13.279060 134.509851
vt 13.091830 134.322621
vt 13.027915 134.404101
vt 13.612393 134.509851
vt 13.945727 134.509851
vt 14.279060 134.509851
vt 14.612393 134.509851
vt 14.945727 134.509851
vt 15.279060 134.190941
vt 15.223861 134.255775
vt 15.132403 134.363194
vt 15.025183 134.489127
vt 15.007539 134.509851
vt 15.285693 134.183151
vt 12.945727 134.843184
vt 12.798767 134.696225
vt 12.847248 134.634419
vt 12.683489 134.843184
vt 13.279060 134.843184
vt 13.612393 134.843184
vt 13.945727 134.843184
vt 14.279060 134.843184
vt 14.612393 134.843184
vt 14.945727 134.582451
vt 14.826505 134.722480
vt 14.825823 134.723281
vt 14.723737 134.843184
vt 14.979113 134.543237
vt 12.612393 134.933819
vt 12.612393 135.176518
vt 12.505704 135.069829
vt 12.422015 135.176518
vt 12.945727 135.176518
vt 12.652236 134.883027
vt 12.666582 134.864738
vt 13.279060 135.176518
vt 13.612393 135.176518
vt 13.945727 135.176518
vt 14.279060 135.176518
vt 14.612393 134.976552
vt 14.524490 135.088614
vt 14.467482 135.161289
vt 14.455536 135.176518
vt 14.672533 134.903324
vt 14.638237 134.943606
vt 12.279060 135.373677
vt 12.279060 135.509851
vt 12.231186 135.461977
vt 12.205229 135.509851
vt 12.612393 135.509851
vt 12.359173 135.256631
vt 12.305248 135.325375
vt 12.945727 135.509851
vt 13.279060 135.509851
vt 13.612393 135.509851
vt 13.945727 135.509851
vt 14.279060 135.401494
vt 14.231427 135.462218
vt 14.194063 135.509851
vt 14.377958 135.275416
vt 12.279060 135.843184
vt 12.131578 135.695702
vt 12.177469 135.561053
vt 12.081314 135.843184
vt 12.612393 135.843184
vt 12.945727 135.843184
vt 13.279060 135.843184
vt 13.612393 135.843184
vt 13.945727 135.826437
vt 13.938364 135.835822
vt 13.932589 135.843184
vt 14.106149 135.621927
vt 14.084896 135.649020
vt 12.279060 136.176518
vt 12.046849 135.944307
vt 12.075903 135.859061
vt 11.967708 136.176518
vt 11.974337 136.157069
vt 12.612393 136.176518
vt 12.945727 136.176518
vt 13.279060 136.176518
vt 13.612393 136.176518
vt 13.791833 136.022624
vt 13.744815 136.082564
vt 13.671116 136.176518
vt 11.945727 136.241015
vt 11.945727 136.509851
vt 11.877392 136.441517
vt 11.854103 136.509851
vt 12.279060 136.509851
vt 11.962121 136.192912
vt 12.612393 136.509851
vt 12.945727 136.509851
vt 13.279060 136.509851
vt 13.612393 136.310571
vt 13.590362 136.375214
vt 13.561739 136.459197
vt 13.544475 136.509851
vt 13.648066 136.205902
vt 13.646468 136.210592
vt 11.945727 136.843184
vt 11.792664 136.690121
vt 11.740497 136.843184
vt 12.279060 136.843184
vt 12.612393 136.843184
vt 12.945727 136.843184
vt 13.279060 136.843184
vt 13.477010 136.707801
vt 13.430870 136.843184
vt 11.945727 137.176518
vt 11.707935 136.938726
vt 11.626892 137.176518
vt 11.669638 137.051095
vt 12.279060 137.176518
vt 12.612393 137.176518
vt 12.945727 137.176518
vt 13.279060 137.176518
vt 13.392282 136.956406
vt 13.387230 136.971230
vt 13.317264 137.176518
vt 11.612393 137.219058
vt 11.612393 137.509851
vt 11.547018 137.444475
vt 11.568072 137.349103
vt 11.532586 137.509851
vt 11.945727 137.509851
vt 11.623207 137.187331
vt 12.279060 137.509851
vt 12.612393 137.509851
vt 12.945727 137.509851
vt 13.279060 137.288614
vt 13.222825 137.453616
vt 13.203659 137.509851
vt 13.307553 137.205011
vt 13.285663 137.269239
vt 11.612393 137.843184
vt 11.506885 137.737676
vt 11.529798 137.522477
vt 11.495651 137.843184
vt 11.945727 137.843184
vt 12.279060 137.843184
vt 12.612393 137.843184
vt 12.945727 137.843184
vt 13.138096 137.702220
vt 13.111347 137.780705
vt 13.104695 137.843184
vt 11.612393 138.176518
vt 11.474808 138.038932
vt 11.495259 137.846862
vt 11.460159 138.176518
vt 11.945727 138.176518
vt 12.279060 138.176518
vt 12.612393 138.176518
vt 12.945727 138.176518
vt 13.089397 137.986855
vt 13.086266 138.016266
vt 13.069203 138.176518
vt 11.612393 138.509851
vt 11.442731 138.340189
vt 11.424667 138.509851
vt 11.426181 138.495631
vt 11.945727 138.509851
vt 12.279060 138.509851
vt 12.612393 138.509851
vt 12.945727 138.509851
vt 13.057321 138.288112
vt 13.051726 138.340651
vt 13.033711 138.509851
vt 11.612393 138.843184
vt 11.410655 138.641446
vt 11.389175 138.843184
vt 11.945727 138.843184
vt 12.279060 138.843184
vt 12.612393 138.843184
vt 12.945727 138.843184
vt 13.025244 138.589368
vt 13.017187 138.665035
vt 12.998219 138.843184
vt 11.612393 139.176518
vt 11.378578 138.942702
vt 11.353682 139.176518
vt 11.945727 139.176518
vt 12.279060 139.176518
vt 12.612393 139.176518
vt 12.945727 139.176518
vt 12.993167 138.890625
vt 12.982648 138.989420
vt 12.962727 139.176518
vt 11.612393 139.509851
vt 11.346502 139.243959
vt 11.322787 139.509851
vt 11.322563 139.468785
vt 11.945727 139.509851
vt 12.279060 139.509851
vt 12.612393 139.509851
vt 12.945727 139.336178
vt 12.929014 139.493138
vt 12.927235 139.509851
vt 12.961091 139.191882
vt 11.612393 139.843184
vt 11.323027 139.553818
vt 11.346607 139.843184
vt 11.323535 139.646864
vt 11.945727 139.843184
vt 12.279060 139.843184
vt 12.612393 139.843184
vt 12.923056 139.549095
vt 12.945727 139.741995
vt 12.945727 139.843184
vt 12.948760 139.767801
vt 12.957619 139.843184
vt 11.612393 140.176518
vt 11.355603 139.919727
vt 11.385782 140.176518
vt 11.945727 140.176518
vt 12.279060 140.176518
vt 12.612393 140.176518
vt 12.945727 140.176518
vt 12.959203 139.856660
vt 12.984921 140.075492
vt 12.996794 140.176518
vt 11.612393 140.509851
vt 11.399995 140.297453
vt 11.395857 140.262247
vt 11.424957 140.509851
vt 11.945727 140.509851
vt 12.279060 140.509851
vt 12.612393 140.509851
vt 12.945727 140.509851
vt 13.003595 140.234386
vt 13.021082 140.383184
vt 13.035969 140.509851
vt 11.612393 140.843184
vt 11.444387 140.675178
vt 11.432019 140.569938
vt 11.464132 140.843184
vt 11.945727 140.843184
vt 12.279060 140.843184
vt 12.612393 140.843184
vt 12.945727 140.843184
vt 13.047987 140.612111
vt 13.057244 140.690875
vt 13.075144 140.843184
vt 11.612393 141.176518
vt 11.488779 141.052904
vt 11.468180 140.877630
vt 11.503307 141.176518
vt 11.945727 141.176518
vt 12.279060 141.176518
vt 12.612393 141.176518
vt 12.945727 141.176518
vt 13.092379 140.989837
vt 13.093405 140.998566
vt 13.114319 141.176518
vt 11.612393 141.509851
vt 11.533172 141.430629
vt 11.504342 141.185321
vt 11.545317 141.509851
vt 11.540503 141.493012
vt 11.945727 141.509851
vt 12.279060 141.509851
vt 12.612393 141.509851
vt 12.945727 141.509851
vt 13.114355 141.176822
vt 13.188942 141.335268
vt 13.264067 141.494858
vt 13.271125 141.509851
vt 11.612393 141.742850
vt 11.611222 141.740362
vt 11.945727 141.843184
vt 11.659625 141.843184
vt 12.279060 141.843184
vt 12.612393 141.843184
vt 12.945727 141.843184
vt 13.279060 141.843184
vt 13.279060 141.526708
vt 13.319036 141.611629
vt 13.428038 141.843184
vt 11.945727 142.176518
vt 11.701633 141.932424
vt 11.816538 142.176518
vt 11.741316 142.016723
vt 12.279060 142.176518
vt 12.612393 142.176518
vt 12.945727 142.176518
vt 13.279060 142.176518
vt 13.560543 142.124668
vt 13.579224 142.164351
vt 13.584951 142.176518
vt 11.945727 142.450955
vt 12.279060 142.509851
vt 11.973451 142.509851
vt 12.612393 142.509851
vt 12.945727 142.509851
vt 13.279060 142.509851
vt 13.612393 142.509851
vt 13.612393 142.234813
vt 13.682109 142.382912
vt 13.768829 142.509851
vt 12.279060 142.843184
vt 11.998110 142.562234
vt 12.130364 142.843184
vt 12.001504 142.569445
vt 12.612393 142.843184
vt 12.945727 142.843184
vt 13.279060 142.843184
vt 13.612393 142.843184
vt 13.945727 142.843184
vt 13.831285 142.601272
vt 13.945727 142.768789
vt 13.996550 142.843184
vt 12.279060 143.152524
vt 12.261692 143.122166
vt 12.612393 143.176518
vt 12.292787 143.176518
vt 12.945727 143.176518
vt 13.279060 143.176518
vt 13.612393 143.176518
vt 13.945727 143.176518
vt 14.016496 142.872381
vt 14.106137 143.003595
vt 14.201708 143.143489
vt 14.224272 143.176518
vt 12.612393 143.509851
vt 12.311139 143.208597
vt 12.514266 143.509851
vt 12.510149 143.503824
vt 12.324937 143.232715
vt 12.945727 143.509851
vt 13.279060 143.509851
vt 13.612393 143.509851
vt 13.945727 143.509851
vt 14.279060 143.509851
vt 14.279060 143.256715
vt 14.386920 143.414598
vt 14.451993 143.509851
vt 12.612393 143.653487
vt 12.945727 143.843184
vt 12.741988 143.843184
vt 12.695361 143.774933
vt 13.279060 143.843184
vt 13.612393 143.843184
vt 13.945727 143.843184
vt 14.279060 143.843184
vt 14.612393 143.843184
vt 14.514856 143.601869
vt 14.612393 143.687238
vt 14.790566 143.843184
vt 12.945727 144.141413
vt 12.880572 144.046041
vt 13.279060 144.176518
vt 12.969709 144.176518
vt 13.612393 144.176518
vt 13.945727 144.176518
vt 14.279060 144.176518
vt 14.612393 144.176518
vt 14.945727 144.176518
vt 14.918588 143.955235
vt 14.945727 143.978989
vt 15.158655 144.165354
vt 15.171409 144.176518
vt 13.279060 144.509851
vt 13.021419 144.252210
vt 13.197430 144.509851
vt 13.612393 144.509851
vt 13.945727 144.509851
vt 14.279060 144.509851
vt 14.612393 144.509851
vt 14.945727 144.509851
vt 15.279060 144.509851
vt 15.279060 144.270739
vt 15.552253 144.509851
vt 13.279060 144.619899
vt 13.250996 144.588259
vt 13.612393 144.843184
vt 13.503743 144.843184
vt 13.384674 144.738970
vt 13.945727 144.843184
vt 14.279060 144.843184
vt 14.612393 144.843184
vt 14.945727 144.843184
vt 15.279060 144.843184
vt 15.612393 144.843184
vt 15.612393 144.562489
vt 15.638790 144.585593
vt 15.878857 144.795712
vt 15.933096 144.843184
vt 13.612393 144.938281
vt 13.945727 145.176518
vt 13.884586 145.176518
vt 13.864809 145.159208
vt 13.624742 144.949089
vt 14.279060 145.176518
vt 14.612393 145.176518
vt 14.945727 145.176518
vt 15.279060 145.176518
vt 15.612393 145.176518
vt 15.945727 145.176518
vt 15.945727 144.854239
vt 16.279060 145.176518
vt 16.034345 144.931803
vt 16.118925 145.005831
vt 16.279060 145.145990
vt 16.313939 145.176518
vt 13.945727 145.230031
vt 14.279060 145.509851
vt 14.265429 145.509851
vt 14.104877 145.369327
vt 14.612393 145.509851
vt 14.945727 145.509851
vt 15.279060 145.509851
vt 15.612393 145.509851
vt 15.945727 145.509851
vt 16.279060 145.509851
vt 16.612393 145.509851
vt 16.358992 145.215950
vt 16.599060 145.426070
vt 16.612393 145.437740
vt 16.694782 145.509851
vt 14.279060 145.521781
vt 14.612393 145.813532
vt 14.585012 145.789566
vt 14.374696 145.605487
vt 14.344944 145.579447
vt 14.945727 145.843184
vt 14.646272 145.843184
vt 15.279060 145.843184
vt 15.612393 145.843184
vt 15.945727 145.843184
vt 16.279060 145.843184
vt 16.612393 145.843184
vt 16.945727 145.843184
vt 16.839127 145.636189
vt 16.945727 145.729490
vt 17.075625 145.843184
vt 14.945727 146.105282
vt 14.825079 145.999685
vt 15.279060 146.176518
vt 15.027115 146.176518
vt 15.612393 146.176518
vt 15.945727 146.176518
vt 16.279060 146.176518
vt 16.612393 146.176518
vt 16.945727 146.176518
vt 17.279060 146.176518
vt 17.079195 145.846308
vt 17.117128 145.881748
vt 17.279060 146.043187
vt 17.412798 146.176518
vt 15.279060 146.397032
vt 15.612393 146.509851
vt 15.407959 146.509851
vt 15.305214 146.419923
vt 15.945727 146.509851
vt 16.279060 146.509851
vt 16.612393 146.509851
vt 16.945727 146.509851
vt 17.279060 146.509851
vt 17.612393 146.509851
vt 17.588248 146.351434
vt 17.612393 146.375505
vt 17.747149 146.509851
vt 15.612393 146.688783
vt 15.545281 146.630043
vt 15.945727 146.843184
vt 15.788802 146.843184
vt 15.785349 146.840162
vt 16.279060 146.843184
vt 16.612393 146.843184
vt 16.945727 146.843184
vt 17.279060 146.843184
vt 17.612393 146.843184
vt 17.945727 146.843184
vt 17.823808 146.586277
vt 17.945727 146.707824
vt 18.059368 146.821120
vt 18.081500 146.843184
vt 15.945727 146.980533
vt 16.279060 147.176518
vt 16.149652 147.176518
vt 16.005874 147.033177
vt 16.612393 147.176518
vt 16.945727 147.176518
vt 17.279060 147.176518
vt 17.612393 147.176518
vt 17.945727 147.176518
vt 18.279060 147.176518
vt 18.279060 147.040143
vt 18.415851 147.176518
vt 16.279060 147.305531
vt 16.223043 147.249685
vt 16.612393 147.509851
vt 16.484003 147.509851
vt 16.458603 147.484528
vt 16.945727 147.509851
vt 17.279060 147.509851
vt 17.612393 147.509851
vt 17.945727 147.509851
vt 18.279060 147.509851
vt 18.612393 147.509851
vt 18.530489 147.290806
vt 18.612393 147.372462
vt 18.750202 147.509851
vt 16.612393 147.637850
vt 16.945727 147.843184
vt 16.818355 147.843184
vt 16.694163 147.719371
vt 17.279060 147.843184
vt 17.612393 147.843184
vt 17.945727 147.843184
vt 18.279060 147.843184
vt 18.612393 147.843184
vt 18.945727 147.843184
vt 18.766049 147.525649
vt 18.945727 147.704780
vt 19.084553 147.843184
vt 16.945727 147.970169
vt 17.279060 148.176518
vt 17.152706 148.176518
vt 17.612393 148.176518
vt 17.945727 148.176518
vt 18.279060 148.176518
vt 18.612393 148.176518
vt 18.945727 148.176518
vt 19.279060 148.176518
vt 19.237169 147.995336
vt 19.279060 148.037099
vt 19.418904 148.176518
vt -8.054273 148.431994
vt -8.054273 148.509851
vt -8.109981 148.454144
vt -8.079896 148.439049
vt -8.221008 148.509851
vt -7.720940 148.509851
vt -7.853955 148.376836
vt -7.816570 148.366542
vt -7.733799 148.376860
vt -7.720940 148.376467
vt -7.999478 148.416906
vt -7.923427 148.382649
vt -7.869035 148.380989
vt -7.387607 148.478059
vt -7.387607 148.509851
vt -7.445498 148.451960
vt -7.395019 148.471086
vt -7.650427 148.374314
vt -7.599540 148.393595
vt -7.545541 148.400326
vt -7.473019 148.441532
vt -7.355384 148.508372
vt -7.352782 148.509851
vt 17.279060 148.302487
vt 17.612393 148.509851
vt 17.487057 148.509851
vt 17.400844 148.423900
vt 17.945727 148.509851
vt 18.279060 148.509851
vt 18.612393 148.509851
vt 18.945727 148.509851
vt 19.279060 148.509851
vt 19.612393 148.509851
vt 19.472729 148.230179
vt 19.476616 148.234080
vt 19.612393 148.371321
vt 19.749446 148.509851
vt -8.387607 148.593441
vt -8.387607 148.843184
vt -8.541255 148.689536
vt -8.472546 148.636058
vt -8.710450 148.843184
vt -8.688081 148.803817
vt -8.054273 148.843184
vt -8.331945 148.565513
vt -8.276221 148.537554
vt -7.720940 148.843184
vt -7.387607 148.843184
vt -7.088774 148.808684
vt -7.308071 148.535256
vt -7.256839 148.601078
vt -7.196086 148.658231
vt -7.064166 148.843184
vt 17.612393 148.634806
vt 17.945727 148.843184
vt 17.821408 148.843184
vt 17.636404 148.658743
vt 18.279060 148.843184
vt 18.612393 148.843184
vt 18.945727 148.843184
vt 19.279060 148.843184
vt 19.612393 148.843184
vt 19.945727 148.843184
vt 19.900531 148.662564
vt 19.945727 148.708247
vt 20.079225 148.843184
vt -8.720940 148.861646
vt -8.720940 149.176518
vt -8.826686 149.070771
vt -8.823011 149.041286
vt -8.839867 149.176518
vt -8.387607 149.176518
vt -8.714251 148.849874
vt -8.054273 149.176518
vt -7.720940 149.176518
vt -7.387607 149.176518
vt -7.054273 149.176518
vt -7.054273 148.857054
vt -6.826412 149.176518
vt 17.945727 148.967125
vt 17.871964 148.893587
vt 18.279060 149.176518
vt 18.155759 149.176518
vt 18.107524 149.128430
vt 18.612393 149.176518
vt 18.945727 149.176518
vt 19.279060 149.176518
vt 19.612393 149.176518
vt 19.945727 149.176518
vt 20.279060 149.176518
vt 20.112488 148.876805
vt 20.279060 149.045172
vt 20.324445 149.091047
vt 20.409005 149.176518
vt -8.720940 149.509851
vt -8.833357 149.397434
vt -8.856794 149.312316
vt -8.802403 149.509851
vt -8.387607 149.509851
vt -8.054273 149.509851
vt -7.720940 149.509851
vt -7.387607 149.509851
vt -7.054273 149.509851
vt -6.720940 149.509851
vt -6.818003 149.188307
vt -6.720940 149.324390
vt -6.628962 149.453345
vt -6.588658 149.509851
vt 18.279060 149.299443
vt 18.612393 149.509851
vt 18.488073 149.509851
vt 18.341134 149.361329
vt 18.945727 149.509851
vt 19.279060 149.509851
vt 19.612393 149.509851
vt 19.945727 149.509851
vt 20.279060 149.509851
vt 20.612393 149.509851
vt 20.536403 149.305289
vt 20.612393 149.382098
vt 20.738784 149.509851
vt -8.720940 149.657031
vt -8.784288 149.575642
vt -8.387607 149.843184
vt -8.524999 149.843184
vt -8.616529 149.791177
vt -8.054273 149.843184
vt -7.720940 149.843184
vt -7.387607 149.843184
vt -7.054273 149.843184
vt -6.720940 149.843184
vt -6.387607 149.843184
vt -6.387607 149.791727
vt -6.350904 149.843184
vt 18.612393 149.635511
vt 18.551155 149.573613
vt 18.945727 149.843184
vt 18.817852 149.843184
vt 18.763112 149.787855
vt 19.279060 149.843184
vt 19.612393 149.843184
vt 19.945727 149.843184
vt 20.279060 149.843184
vt 20.612393 149.843184
vt 20.945727 149.843184
vt 20.748360 149.519530
vt 20.945727 149.719024
vt 21.068563 149.843184
vt -8.387607 149.921250
vt -8.054273 149.945088
vt -8.108030 149.959890
vt -8.294093 149.936698
vt -8.379060 149.926107
vt -7.720940 150.176518
vt -7.832782 150.176518
vt -7.957782 150.001267
vt -8.007114 149.932103
vt -7.387607 150.176518
vt -7.054273 150.176518
vt -6.720940 150.176518
vt -6.387607 150.176518
vt -6.259606 149.971185
vt -6.113150 150.176518
vt 18.945727 149.972437
vt 19.279060 150.176518
vt 19.147631 150.176518
vt 18.975070 150.002096
vt 19.612393 150.176518
vt 19.945727 150.176518
vt 20.279060 150.176518
vt 20.612393 150.176518
vt 20.945727 150.176518
vt 21.279060 150.176518
vt 21.172275 149.948014
vt 21.279060 150.055950
vt 21.396799 150.176518
vt 21.384232 150.162255
vt -7.720940 150.333322
vt -7.387607 150.509851
vt -7.595028 150.509851
vt -7.054273 150.509851
vt -6.720940 150.509851
vt -6.387607 150.509851
vt -6.054273 150.509851
vt -6.061838 150.248458
vt -6.054273 150.259063
vt -5.875396 150.509851
vt 19.279060 150.309363
vt 19.612393 150.509851
vt 19.477411 150.509851
vt 19.398984 150.430580
vt 19.945727 150.509851
vt 20.279060 150.509851
vt 20.612393 150.509851
vt 20.945727 150.509851
vt 21.279060 150.509851
vt 21.612393 150.509851
vt 21.445270 150.231525
vt 21.612393 150.444843
vt 21.663324 150.509851
vt -7.387607 150.800658
vt -7.054273 150.843184
vt -7.357275 150.843184
vt -6.720940 150.843184
vt -6.387607 150.843184
vt -6.054273 150.843184
vt -5.720940 150.843184
vt -5.872796 150.513496
vt -5.720940 150.726400
vt -5.637642 150.843184
vt 19.612393 150.646288
vt 19.945727 150.843184
vt 19.807190 150.843184
vt 20.279060 150.843184
vt 20.612393 150.843184
vt 20.945727 150.843184
vt 21.279060 150.843184
vt 21.612393 150.843184
vt 21.847585 150.745043
vt 21.924474 150.843184
vt -7.054273 151.176518
vt -7.281823 150.948968
vt -7.119521 151.176518
vt -7.201616 151.061419
vt -6.720940 151.176518
vt -6.387607 151.176518
vt -6.054273 151.176518
vt -5.720940 151.176518
vt -5.495618 151.042304
vt -5.428242 151.135882
vt -5.398985 151.176518
vt 19.945727 150.983214
vt 19.822899 150.859063
vt 20.279060 151.176518
vt 20.136969 151.176518
vt 20.034857 151.073304
vt 20.612393 151.176518
vt 20.945727 151.176518
vt 21.279060 151.176518
vt 21.612393 151.176518
vt 21.945727 151.176518
vt 21.945727 150.870311
vt 22.035780 150.985256
vt 22.185624 151.176518
vt -7.054273 151.267995
vt -6.720940 151.509851
vt -6.881767 151.509851
vt -7.012575 151.326457
vt -6.387607 151.509851
vt -6.054273 151.509851
vt -5.720940 151.509851
vt -5.387607 151.509851
vt -5.387607 151.192321
vt -5.201186 151.509851
vt -5.385260 151.195580
vt -5.273993 151.350119
vt 20.279060 151.337343
vt 20.214293 151.254675
vt 20.612393 151.509851
vt 20.414211 151.509851
vt 20.382613 151.469520
vt 20.945727 151.509851
vt 21.279060 151.509851
vt 21.612393 151.509851
vt 21.945727 151.509851
vt 22.279060 151.509851
vt 22.232617 151.236499
vt 22.279060 151.295779
vt 22.446775 151.509851
vt -6.720940 151.735331
vt -6.387607 151.843184
vt -6.644013 151.843184
vt -6.054273 151.843184
vt -5.720940 151.843184
vt -5.387607 151.843184
vt -5.155707 151.741751
vt -5.160713 151.598646
vt -5.152158 151.843184
vt 20.612393 151.762812
vt 20.945727 151.843184
vt 20.675361 151.843184
vt 21.279060 151.843184
vt 21.612393 151.843184
vt 21.945727 151.843184
vt 22.279060 151.843184
vt 22.612393 151.843184
vt 22.612393 151.721247
vt 22.707925 151.843184
vt -6.387607 152.176518
vt -6.446557 152.117567
vt -6.521411 152.013602
vt -6.632679 151.859063
vt -6.634492 151.856532
vt -6.401160 152.176518
vt -6.410144 152.168141
vt -6.054273 152.176518
vt -5.720940 152.176518
vt -5.387607 152.176518
vt -5.207766 152.023025
vt -5.151164 151.871606
vt -5.246798 152.127442
vt -5.292556 152.176518
vt 20.945727 152.176518
vt 20.903172 152.133963
vt 20.776287 151.972006
vt 20.936511 152.176518
vt 21.279060 152.176518
vt 21.612393 152.176518
vt 21.945727 152.176518
vt 22.279060 152.176518
vt 22.612393 152.176518
vt 22.945727 152.176518
vt 22.823128 151.990230
vt 22.945727 152.146715
vt 22.969075 152.176518
vt -6.387607 152.189155
vt -6.054273 152.412755
vt -6.209333 152.354792
vt -6.210380 152.354400
vt -5.720940 152.441862
vt -5.786631 152.444160
vt -5.954544 152.450035
vt -5.387607 152.278459
vt -5.433057 152.327206
vt -5.527297 152.370160
vt -5.681585 152.440485
vt -5.338419 152.225705
vt 20.945727 152.188280
vt 21.279060 152.509851
vt 21.197662 152.509851
vt 21.169961 152.474493
vt 20.973124 152.223250
vt 21.612393 152.509851
vt 21.945727 152.509851
vt 22.279060 152.509851
vt 22.612393 152.509851
vt 22.945727 152.509851
vt 23.053547 152.284338
vt 23.216801 152.492717
vt 23.230225 152.509851
vt 21.279060 152.613748
vt 21.612393 152.843184
vt 21.458812 152.843184
vt 21.366798 152.725737
vt 21.945727 152.843184
vt 22.279060 152.843184
vt 22.612393 152.843184
vt 22.945727 152.843184
vt 23.279060 152.843184
vt 23.279060 152.572184
vt 23.480109 152.843184
vt 23.413638 152.743960
vt 23.475800 152.835760
vt 21.612393 153.039216
vt 21.945727 153.176518
vt 21.719962 153.176518
vt 22.279060 153.176518
vt 22.612393 153.176518
vt 22.945727 153.176518
vt 23.279060 153.176518
vt 23.612393 153.176518
vt 23.612393 153.071108
vt 23.642287 153.122614
vt 23.673571 153.176518
vt 21.945727 153.464684
vt 22.279060 153.509851
vt 21.981112 153.509851
vt 21.957308 153.479467
vt 22.612393 153.509851
vt 22.945727 153.509851
vt 23.279060 153.509851
vt 23.612393 153.509851
vt 23.758190 153.322314
vt 23.808773 153.409468
vt 23.867034 153.509851
vt 22.279060 153.843184
vt 22.109134 153.673258
vt 22.210541 153.843184
vt 22.119876 153.686970
vt 22.612393 153.843184
vt 22.945727 153.843184
vt 23.279060 153.843184
vt 23.612393 153.843184
vt 23.945727 153.843184
vt 23.945727 153.645437
vt 23.975260 153.696322
vt 24.060497 153.843184
vt 22.279060 153.961241
vt 22.612393 154.176518
vt 22.404004 154.176518
vt 22.945727 154.176518
vt 23.279060 154.176518
vt 23.612393 154.176518
vt 23.945727 154.176518
vt 24.141746 153.983176
vt 24.219241 154.116698
vt 24.253959 154.176518
vt 22.612393 154.509851
vt 22.576820 154.474277
vt 22.424956 154.212618
vt 22.597466 154.509851
vt 22.945727 154.509851
vt 23.279060 154.509851
vt 23.612393 154.509851
vt 23.945727 154.509851
vt 24.279060 154.509851
vt 24.279060 154.219766
vt 24.447422 154.509851
vt 22.612393 154.535570
vt 22.945727 154.843184
vt 22.790929 154.843184
vt 22.757929 154.786326
vt 23.279060 154.843184
vt 23.612393 154.843184
vt 23.945727 154.843184
vt 24.279060 154.843184
vt 24.612393 154.843184
vt 24.474719 154.556884
vt 24.612393 154.794095
vt 24.640884 154.843184
vt 22.945727 155.109899
vt 22.924415 155.073180
vt 23.279060 155.176518
vt 22.984391 155.176518
vt 23.612393 155.176518
vt 23.945727 155.176518
vt 24.279060 155.176518
vt 24.612393 155.176518
vt 24.641205 154.843737
vt 24.680291 154.911082
vt 24.807692 155.130591
vt 24.834347 155.176518
vt 23.279060 155.509851
vt 23.037870 155.268661
vt 23.177854 155.509851
vt 23.090902 155.360034
vt 23.612393 155.509851
vt 23.945727 155.509851
vt 24.279060 155.509851
vt 24.612393 155.509851
vt 24.945727 155.509851
vt 24.945727 155.368424
vt 25.027809 155.509851
vt 23.279060 155.684228
vt 23.612393 155.843184
vt 23.371316 155.843184
vt 23.945727 155.843184
vt 24.279060 155.843184
vt 24.612393 155.843184
vt 24.945727 155.843184
vt 25.141342 155.705466
vt 25.221272 155.843184
vt 23.612393 156.176518
vt 23.498920 156.063045
vt 23.423875 155.933742
vt 23.564779 156.176518
vt 23.945727 156.176518
vt 24.279060 156.176518
vt 24.612393 156.176518
vt 24.945727 156.176518
vt 25.279060 156.176518
vt 25.279060 155.942753
vt 25.307151 155.991153
vt 25.414734 156.176518
vt 23.612393 156.258557
vt 23.590361 156.220595
vt 23.945727 156.509851
vt 23.758241 156.509851
vt 23.756847 156.507449
vt 24.279060 156.509851
vt 24.612393 156.509851
vt 24.945727 156.509851
vt 25.279060 156.509851
vt 25.602392 156.499850
vt 25.608197 156.509851
vt 23.945727 156.832886
vt 24.279060 156.843184
vt 23.951704 156.843184
vt 24.612393 156.843184
vt 24.945727 156.843184
vt 25.279060 156.843184
vt 25.612393 156.843184
vt 25.612393 156.517082
vt 25.782724 156.843184
vt 25.640124 156.564861
vt 25.661685 156.604551
vt 24.279060 157.176518
vt 23.959971 156.857429
vt 24.145166 157.176518
vt 24.089820 157.081157
vt 24.612393 157.176518
vt 24.945727 157.176518
vt 25.279060 157.176518
vt 25.612393 157.176518
vt 25.945727 157.176518
vt 25.806081 156.889233
vt 25.945727 157.164550
vt 25.950477 157.173915
vt 25.951797 157.176518
vt 24.279060 157.415689
vt 24.244965 157.348470
vt 24.612393 157.509851
vt 24.326821 157.509851
vt 24.945727 157.509851
vt 25.279060 157.509851
vt 25.612393 157.509851
vt 25.945727 157.509851
vt 25.958045 157.188836
vt 26.094872 157.458597
vt 26.120869 157.509851
vt 24.612393 157.843184
vt 24.375980 157.606771
vt 24.495893 157.843184
vt 24.379141 157.613003
vt 24.945727 157.843184
vt 25.279060 157.843184
vt 25.612393 157.843184
vt 25.945727 157.843184
vt 26.279060 157.843184
vt 26.239268 157.743279
vt 26.279060 157.821730
vt 26.289942 157.843184
vt 24.612393 158.072869
vt 24.945727 158.176518
vt 24.664966 158.176518
vt 25.279060 158.176518
vt 25.612393 158.176518
vt 25.945727 158.176518
vt 26.279060 158.176518
vt 26.301143 157.865267
vt 26.383664 158.027961
vt 26.459015 158.176518
vt 24.945727 158.509851
vt 24.719079 158.283203
vt 24.667933 158.182366
vt 24.834039 158.509851
vt 25.279060 158.509851
vt 25.612393 158.509851
vt 25.945727 158.509851
vt 26.279060 158.509851
vt 26.612393 158.509851
vt 26.528060 158.312643
vt 26.612393 158.478909
vt 24.945727 158.730048
vt 25.279060 158.843184
vt 25.003111 158.843184
vt 24.956724 158.751730
vt 25.612393 158.843184
vt 25.945727 158.843184
vt 26.279060 158.843184
vt 26.612393 158.843184
vt 25.279060 159.176518
vt 25.062177 158.959634
vt 25.172184 159.176518
vt 25.101120 159.036412
vt 25.612393 159.176518
vt 25.945727 159.176518
vt 26.279060 159.176518
vt 26.612393 159.176518
vt 25.279060 159.387228
vt 25.612393 159.509851
vt 25.341257 159.509851
vt 25.945727 159.509851
vt 26.279060 159.509851
vt 26.612393 159.509851
vt 25.612393 159.843184
vt 25.405275 159.636066
vt 25.389911 159.605776
vt 25.510329 159.843184
vt 25.945727 159.843184
vt 26.279060 159.843184
vt 26.612393 159.843184
vt 25.612393 160.044408
vt 25.945727 160.176518
vt 25.677536 160.176518
vt 25.667197 160.152456
vt 26.279060 160.176518
vt 26.612393 160.176518
vt 25.945727 160.509851
vt 25.726618 160.290742
vt 25.820768 160.509851
vt 25.788359 160.434428
vt 26.279060 160.509851
vt 26.612393 160.509851
vt 25.945727 160.800661
vt 26.279060 160.843184
vt 25.963999 160.843184
vt 26.612393 160.843184
vt 25.945727 161.054194
vt 25.945727 161.176518
vt 25.886975 161.117765
vt 25.837857 161.176518
vt 25.851743 161.155887
vt 26.279060 161.176518
vt 25.977766 160.875223
vt 26.020093 160.973729
vt 26.612393 161.176518
vt 25.945727 161.509851
vt 25.747154 161.311278
vt 25.680457 161.509851
vt 25.732141 161.333583
vt 26.279060 161.509851
vt 26.612393 161.509851
vt 25.945727 161.843184
vt 25.668342 161.565800
vt 25.671873 161.539127
vt 25.631621 161.843184
vt 26.279060 161.843184
vt 26.612393 161.843184
vt 25.612393 161.988430
vt 25.612393 162.176518
vt 25.590405 162.154529
vt 25.587494 162.176518
vt 25.589965 162.157847
vt 25.945727 162.176518
vt 25.629373 161.860164
vt 25.630919 161.848487
vt 26.279060 162.176518
vt 26.612393 162.176518
vt 25.612393 162.509851
vt 25.551436 162.448893
vt 25.543366 162.509851
vt 25.945727 162.509851
vt 26.279060 162.509851
vt 26.612393 162.509851
vt 25.612393 162.843184
vt 25.512467 162.743258
vt 25.499238 162.843184
vt 25.508057 162.776567
vt 25.945727 162.843184
vt 26.279060 162.843184
vt 26.612393 162.843184
vt 25.612393 163.176518
vt 25.473498 163.037622
vt 25.472976 163.176518
vt 25.467103 163.085928
vt 25.945727 163.176518
vt 26.279060 163.176518
vt 26.612393 163.176518
vt 25.612393 163.509851
vt 25.507793 163.405251
vt 25.484771 163.358482
vt 25.559283 163.509851
vt 25.945727 163.509851
vt 26.279060 163.509851
vt 26.612393 163.509851
vt 25.612393 163.609674
vt 25.605396 163.603528
vt 25.945727 163.829733
vt 25.925339 163.822796
vt 25.810614 163.783761
vt 26.279060 163.843184
vt 25.985259 163.843184
vt 26.612393 163.704287
vt 26.586783 163.733447
vt 26.530407 163.761198
vt 26.363855 163.843184
vt 26.279060 163.858135
vt 26.069183 163.871740
vt 26.293101 163.857225
vt 26.341737 163.854072
f 3/3 2/2 1/1
f 4/4 3/3 1/1
f 5/5 1/1 2/2
f 8/8 7/7 6/6
f 9/9 8/8 6/6
f 4/4 1/1 7/7
f 8/8 4/4 7/7
f 6/6 11/11 10/10
f 6/6 7/7 11/11
f 10/10 13/13 12/12
f 10/10 11/11 13/13
f 12/12 15/15 14/14
f 12/12 13/13 15/15
f 14/14 17/17 16/16
f 14/14 15/15 17/17
f 19/19 16/16 18/18
f 18/18 16/16 17/17
f 20/20 18/18 17/17
f 21/21 20/20 17/17
f 24/24 23/23 22/22
f 25/25 23/23 24/24
f 27/27 26/26 1/1
f 5/5 27/27 1/1
f 22/22 23/23 26/26
f 28/28 22/22 26/26
f 27/27 28/28 26/26
f 1/1 29/29 7/7
f 1/1 26/26 29/29
f 7/7 30/30 11/11
f 7/7 29/29 30/30
f 11/11 31/31 13/13
f 11/11 30/30 31/31
f 13/13 32/32 15/15
f 13/13 31/31 32/32
f 33/33 17/17 15/15
f 34/34 33/33 15/15
f 35/35 34/34 15/15
f 35/35 15/15 32/32
f 36/36 35/35 32/32
f 21/21 17/17 37/37
f 37/37 17/17 33/33
f 40/40 39/39 38/38
f 41/41 39/39 40/40
f 43/43 42/42 23/23
f 44/44 43/43 23/23
f 25/25 44/44 23/23
f 38/38 39/39 42/42
f 45/45 38/38 42/42
f 43/43 45/45 42/42
f 23/23 46/46 26/26
f 23/23 42/42 46/46
f 26/26 47/47 29/29
f 26/26 46/46 47/47
f 29/29 48/48 30/30
f 29/29 47/47 48/48
f 30/30 49/49 31/31
f 30/30 48/48 49/49
f 50/50 32/32 31/31
f 51/51 50/50 31/31
f 51/51 31/31 49/49
f 52/52 51/51 49/49
f 36/36 32/32 53/53
f 54/54 53/53 32/32
f 50/50 54/54 32/32
f 57/57 56/56 55/55
f 58/58 56/56 57/57
f 60/60 59/59 39/39
f 61/61 60/60 39/39
f 41/41 61/61 39/39
f 55/55 56/56 59/59
f 60/60 55/55 59/59
f 39/39 62/62 42/42
f 39/39 59/59 62/62
f 42/42 63/63 46/46
f 42/42 62/62 63/63
f 46/46 64/64 47/47
f 46/46 63/63 64/64
f 47/47 65/65 48/48
f 47/47 64/64 65/65
f 48/48 66/66 49/49
f 48/48 65/65 66/66
f 52/52 49/49 67/67
f 67/67 49/49 66/66
f 68/68 67/67 66/66
f 69/69 68/68 66/66
f 71/71 70/70 56/56
f 72/72 71/71 56/56
f 58/58 72/72 56/56
f 74/74 73/73 70/70
f 71/71 74/74 70/70
f 56/56 75/75 59/59
f 56/56 70/70 75/75
f 59/59 76/76 62/62
f 59/59 75/75 76/76
f 62/62 77/77 63/63
f 62/62 76/76 77/77
f 63/63 78/78 64/64
f 63/63 77/77 78/78
f 64/64 79/79 65/65
f 64/64 78/78 79/79
f 80/80 66/66 65/65
f 81/81 80/80 65/65
f 81/81 65/65 79/79
f 82/82 81/81 79/79
f 83/83 82/82 79/79
f 69/69 66/66 84/84
f 84/84 66/66 80/80
f 87/87 86/86 85/85
f 88/88 86/86 87/87
f 90/90 89/89 70/70
f 73/73 90/90 70/70
f 85/85 86/86 89/89
f 90/90 85/85 89/89
f 70/70 91/91 75/75
f 70/70 89/89 91/91
f 75/75 92/92 76/76
f 75/75 91/91 92/92
f 76/76 93/93 77/77
f 76/76 92/92 93/93
f 77/77 94/94 78/78
f 77/77 93/93 94/94
f 95/95 79/79 78/78
f 96/96 95/95 78/78
f 97/97 96/96 78/78
f 97/97 78/78 94/94
f 98/98 97/97 94/94
f 83/83 79/79 99/99
f 100/100 83/83 99/99
f 99/99 79/79 95/95
f 103/103 102/102 101/101
f 105/105 104/104 102/102
f 103/103 105/105 102/102
f 107/107 106/106 86/86
f 108/108 107/107 86/86
f 88/88 108/108 86/86
f 101/101 102/102 106/106
f 107/107 101/101 106/106
f 86/86 109/109 89/89
f 86/86 106/106 109/109
f 89/89 110/110 91/91
f 89/89 109/109 110/110
f 91/91 111/111 92/92
f 91/91 110/110 111/111
f 92/92 112/112 93/93
f 92/92 111/111 112/112
f 113/113 94/94 93/93
f 114/114 113/113 93/93
f 114/114 93/93 112/112
f 115/115 114/114 112/112
f 98/98 94/94 116/116
f 117/117 116/116 94/94
f 113/113 117/117 94/94
f 120/120 119/119 118/118
f 121/121 119/119 120/120
f 123/123 122/122 102/102
f 104/104 123/123 102/102
f 118/118 119/119 122/122
f 123/123 118/118 122/122
f 102/102 124/124 106/106
f 102/102 122/122 124/124
f 106/106 125/125 109/109
f 106/106 124/124 125/125
f 109/109 126/126 110/110
f 109/109 125/125 126/126
f 110/110 127/127 111/111
f 110/110 126/126 127/127
f 128/128 112/112 111/111
f 129/129 128/128 111/111
f 129/129 111/111 127/127
f 130/130 129/129 127/127
f 131/131 115/115 112/112
f 132/132 131/131 112/112
f 132/132 112/112 128/128
f 135/135 134/134 133/133
f 136/136 134/134 135/135
f 138/138 137/137 119/119
f 139/139 138/138 119/119
f 140/140 139/139 119/119
f 121/121 140/140 119/119
f 133/133 134/134 137/137
f 138/138 133/133 137/137
f 119/119 141/141 122/122
f 119/119 137/137 141/141
f 122/122 142/142 124/124
f 122/122 141/141 142/142
f 124/124 143/143 125/125
f 124/124 142/142 143/143
f 125/125 144/144 126/126
f 125/125 143/143 144/144
f 126/126 145/145 127/127
f 126/126 144/144 145/145
f 130/130 127/127 146/146
f 146/146 127/127 145/145
f 147/147 146/146 145/145
f 148/148 147/147 145/145
f 151/151 150/150 149/149
f 152/152 150/150 151/151
f 154/154 153/153 134/134
f 136/136 154/154 134/134
f 149/149 150/150 153/153
f 155/155 149/149 153/153
f 154/154 155/155 153/153
f 134/134 156/156 137/137
f 134/134 153/153 156/156
f 137/137 157/157 141/141
f 137/137 156/156 157/157
f 141/141 158/158 142/142
f 141/141 157/157 158/158
f 142/142 159/159 143/143
f 142/142 158/158 159/159
f 143/143 160/160 144/144
f 143/143 159/159 160/160
f 161/161 145/145 144/144
f 162/162 161/161 144/144
f 163/163 162/162 144/144
f 163/163 144/144 160/160
f 164/164 163/163 160/160
f 165/165 164/164 160/160
f 148/148 145/145 166/166
f 166/166 145/145 161/161
f 168/168 167/167 150/150
f 169/169 168/168 150/150
f 152/152 169/169 150/150
f 170/170 167/167 168/168
f 150/150 171/171 153/153
f 150/150 167/167 171/171
f 153/153 172/172 156/156
f 153/153 171/171 172/172
f 156/156 173/173 157/157
f 156/156 172/172 173/173
f 157/157 174/174 158/158
f 157/157 173/173 174/174
f 158/158 175/175 159/159
f 158/158 174/174 175/175
f 176/176 160/160 159/159
f 177/177 176/176 159/159
f 178/178 177/177 159/159
f 178/178 159/159 175/175
f 179/179 178/178 175/175
f 165/165 160/160 180/180
f 180/180 160/160 176/176
f 183/183 182/182 181/181
f 184/184 182/182 183/183
f 186/186 185/185 167/167
f 187/187 186/186 167/167
f 170/170 187/187 167/167
f 181/181 182/182 185/185
f 186/186 181/181 185/185
f 167/167 188/188 171/171
f 167/167 185/185 188/188
f 171/171 189/189 172/172
f 171/171 188/188 189/189
f 172/172 190/190 173/173
f 172/172 189/189 190/190
f 173/173 191/191 174/174
f 173/173 190/190 191/191
f 192/192 175/175 174/174
f 193/193 192/192 174/174
f 193/193 174/174 191/191
f 194/194 193/193 191/191
f 195/195 194/194 191/191
f 179/179 175/175 196/196
f 197/197 196/196 175/175
f 192/192 197/197 175/175
f 200/200 199/199 198/198
f 201/201 199/199 200/200
f 203/203 202/202 182/182
f 184/184 203/203 182/182
f 198/198 199/199 202/202
f 204/204 198/198 202/202
f 203/203 204/204 202/202
f 182/182 205/205 185/185
f 182/182 202/202 205/205
f 185/185 206/206 188/188
f 185/185 205/205 206/206
f 188/188 207/207 189/189
f 188/188 206/206 207/207
f 189/189 208/208 190/190
f 189/189 207/207 208/208
f 209/209 191/191 190/190
f 210/210 209/209 190/190
f 210/210 190/190 208/208
f 211/211 210/210 208/208
f 195/195 191/191 212/212
f 212/212 191/191 209/209
f 214/214 213/213 199/199
f 215/215 214/214 199/199
f 201/201 215/215 199/199
f 216/216 213/213 214/214
f 199/199 217/217 202/202
f 199/199 213/213 217/217
f 202/202 218/218 205/205
f 202/202 217/217 218/218
f 205/205 219/219 206/206
f 205/205 218/218 219/219
f 206/206 220/220 207/207
f 206/206 219/219 220/220
f 221/221 208/208 207/207
f 222/222 221/221 207/207
f 222/222 207/207 220/220
f 223/223 222/222 220/220
f 224/224 211/211 208/208
f 225/225 224/224 208/208
f 225/225 208/208 221/221
f 227/227 226/226 213/213
f 228/228 227/227 213/213
f 216/216 228/228 213/213
f 230/230 229/229 226/226
f 227/227 230/230 226/226
f 213/213 231/231 217/217
f 213/213 226/226 231/231
f 217/217 232/232 218/218
f 217/217 231/231 232/232
f 218/218 233/233 219/219
f 218/218 232/232 233/233
f 219/219 234/234 220/220
f 219/219 233/233 234/234
f 223/223 220/220 235/235
f 235/235 220/220 234/234
f 236/236 235/235 234/234
f 237/237 236/236 234/234
f 240/240 239/239 238/238
f 241/241 239/239 240/240
f 243/243 242/242 226/226
f 229/229 243/243 226/226
f 238/238 239/239 242/242
f 243/243 238/238 242/242
f 226/226 244/244 231/231
f 226/226 242/242 244/244
f 231/231 245/245 232/232
f 231/231 244/244 245/245
f 232/232 246/246 233/233
f 232/232 245/245 246/246
f 247/247 234/234 233/233
f 248/248 247/247 233/233
f 249/249 248/248 233/233
f 249/249 233/233 246/246
f 250/250 249/249 246/246
f 251/251 237/237 234/234
f 252/252 251/251 234/234
f 252/252 234/234 247/247
f 254/254 253/253 239/239
f 241/241 254/254 239/239
f 255/255 253/253 254/254
f 239/239 256/256 242/242
f 239/239 253/253 256/256
f 242/242 257/257 244/244
f 242/242 256/256 257/257
f 244/244 258/258 245/245
f 244/244 257/257 258/258
f 245/245 259/259 246/246
f 245/245 258/258 259/259
f 250/250 246/246 260/260
f 260/260 246/246 259/259
f 261/261 260/260 259/259
f 263/263 262/262 253/253
f 255/255 263/263 253/253
f 265/265 264/264 262/262
f 263/263 265/265 262/262
f 253/253 266/266 256/256
f 253/253 262/262 266/266
f 256/256 267/267 257/257
f 256/256 266/266 267/267
f 257/257 268/268 258/258
f 257/257 267/267 268/268
f 258/258 269/269 259/259
f 258/258 268/268 269/269
f 261/261 259/259 270/270
f 270/270 259/259 269/269
f 271/271 270/270 269/269
f 272/272 271/271 269/269
f 275/275 274/274 273/273
f 276/276 275/275 273/273
f 277/277 274/274 275/275
f 279/279 278/278 262/262
f 264/264 279/279 262/262
f 273/273 274/274 278/278
f 279/279 273/273 278/278
f 262/262 280/280 266/266
f 262/262 278/278 280/280
f 266/266 281/281 267/267
f 266/266 280/280 281/281
f 267/267 282/282 268/268
f 267/267 281/281 282/282
f 283/283 269/269 268/268
f 284/284 283/283 268/268
f 284/284 268/268 282/282
f 285/285 284/284 282/282
f 272/272 269/269 286/286
f 287/287 286/286 269/269
f 283/283 287/287 269/269
f 289/289 288/288 274/274
f 290/290 289/289 274/274
f 277/277 290/290 274/274
f 291/291 288/288 289/289
f 274/274 292/292 278/278
f 274/274 288/288 292/292
f 278/278 293/293 280/280
f 278/278 292/292 293/293
f 280/280 294/294 281/281
f 280/280 293/293 294/294
f 281/281 295/295 282/282
f 281/281 294/294 295/295
f 285/285 282/282 296/296
f 296/296 282/282 295/295
f 297/297 296/296 295/295
f 298/298 297/297 295/295
f 300/300 299/299 288/288
f 301/301 300/300 288/288
f 291/291 301/301 288/288
f 302/302 299/299 300/300
f 288/288 303/303 292/292
f 288/288 299/299 303/303
f 292/292 304/304 293/293
f 292/292 303/303 304/304
f 293/293 305/305 294/294
f 293/293 304/304 305/305
f 294/294 306/306 295/295
f 294/294 305/305 306/306
f 298/298 295/295 307/307
f 307/307 295/295 306/306
f 308/308 307/307 306/306
f 309/309 308/308 306/306
f 311/311 310/310 299/299
f 302/302 311/311 299/299
f 313/313 312/312 310/310
f 311/311 313/313 310/310
f 299/299 314/314 303/303
f 299/299 310/310 314/314
f 303/303 315/315 304/304
f 303/303 314/314 315/315
f 304/304 316/316 305/305
f 304/304 315/315 316/316
f 305/305 317/317 306/306
f 305/305 316/316 317/317
f 309/309 306/306 318/318
f 318/318 306/306 317/317
f 319/319 318/318 317/317
f 320/320 319/319 317/317
f 322/322 321/321 310/310
f 312/312 322/322 310/310
f 323/323 321/321 322/322
f 310/310 324/324 314/314
f 310/310 321/321 324/324
f 314/314 325/325 315/315
f 314/314 324/324 325/325
f 315/315 326/326 316/316
f 315/315 325/325 326/326
f 316/316 327/327 317/317
f 316/316 326/326 327/327
f 320/320 317/317 328/328
f 328/328 317/317 327/327
f 329/329 328/328 327/327
f 330/330 329/329 327/327
f 332/332 331/331 321/321
f 323/323 332/332 321/321
f 333/333 331/331 332/332
f 321/321 334/334 324/324
f 321/321 331/331 334/334
f 324/324 335/335 325/325
f 324/324 334/334 335/335
f 325/325 336/336 326/326
f 325/325 335/335 336/336
f 326/326 337/337 327/327
f 326/326 336/336 337/337
f 330/330 327/327 338/338
f 338/338 327/327 337/337
f 339/339 338/338 337/337
f 340/340 339/339 337/337
f 342/342 341/341 331/331
f 333/333 342/342 331/331
f 343/343 341/341 342/342
f 344/344 343/343 342/342
f 331/331 345/345 334/334
f 331/331 341/341 345/345
f 334/334 346/346 335/335
f 334/334 345/345 346/346
f 335/335 347/347 336/336
f 335/335 346/346 347/347
f 348/348 337/337 336/336
f 349/349 348/348 336/336
f 349/349 336/336 347/347
f 350/350 349/349 347/347
f 340/340 337/337 351/351
f 351/351 337/337 348/348
f 353/353 352/352 341/341
f 343/343 353/353 341/341
f 354/354 352/352 353/353
f 355/355 354/354 353/353
f 341/341 356/356 345/345
f 341/341 352/352 356/356
f 345/345 357/357 346/346
f 345/345 356/356 357/357
f 346/346 358/358 347/347
f 346/346 357/357 358/358
f 359/359 350/350 347/347
f 360/360 359/359 347/347
f 361/361 360/360 347/347
f 347/347 358/358 361/361
f 362/362 360/360 361/361
f 363/363 362/362 361/361
f 365/365 364/364 352/352
f 354/354 365/365 352/352
f 366/366 364/364 365/365
f 352/352 367/367 356/356
f 352/352 364/364 367/367
f 356/356 368/368 357/357
f 356/356 367/367 368/368
f 357/357 369/369 358/358
f 357/357 368/368 369/369
f 358/358 370/370 361/361
f 358/358 369/369 370/370
f 363/363 361/361 371/371
f 371/371 361/361 370/370
f 372/372 371/371 370/370
f 373/373 372/372 370/370
f 375/375 374/374 364/364
f 376/376 375/375 364/364
f 366/366 376/376 364/364
f 377/377 374/374 375/375
f 364/364 378/378 367/367
f 364/364 374/374 378/378
f 367/367 379/379 368/368
f 367/367 378/378 379/379
f 368/368 380/380 369/369
f 368/368 379/379 380/380
f 369/369 381/381 370/370
f 369/369 380/380 381/381
f 373/373 370/370 382/382
f 382/382 370/370 381/381
f 383/383 382/382 381/381
f 384/384 383/383 381/381
f 386/386 385/385 374/374
f 387/387 386/386 374/374
f 377/377 387/387 374/374
f 388/388 385/385 386/386
f 374/374 389/389 378/378
f 374/374 385/385 389/389
f 378/378 390/390 379/379
f 378/378 389/389 390/390
f 379/379 391/391 380/380
f 379/379 390/390 391/391
f 380/380 392/392 381/381
f 380/380 391/391 392/392
f 384/384 381/381 393/393
f 393/393 381/381 392/392
f 394/394 393/393 392/392
f 395/395 394/394 392/392
f 397/397 396/396 385/385
f 398/398 397/397 385/385
f 388/388 398/398 385/385
f 399/399 396/396 397/397
f 385/385 400/400 389/389
f 385/385 396/396 400/400
f 389/389 401/401 390/390
f 389/389 400/400 401/401
f 390/390 402/402 391/391
f 390/390 401/401 402/402
f 391/391 403/403 392/392
f 391/391 402/402 403/403
f 395/395 392/392 404/404
f 404/404 392/392 403/403
f 405/405 404/404 403/403
f 406/406 405/405 403/403
f 408/408 407/407 396/396
f 409/409 408/408 396/396
f 399/399 409/409 396/396
f 410/410 407/407 408/408
f 411/411 410/410 408/408
f 396/396 412/412 400/400
f 396/396 407/407 412/412
f 400/400 413/413 401/401
f 400/400 412/412 413/413
f 401/401 414/414 402/402
f 401/401 413/413 414/414
f 402/402 415/415 403/403
f 402/402 414/414 415/415
f 416/416 406/406 403/403
f 417/417 416/416 403/403
f 418/418 417/417 403/403
f 418/418 403/403 415/415
f 419/419 418/418 415/415
f 420/420 407/407 410/410
f 421/421 420/420 410/410
f 407/407 422/422 412/412
f 423/423 422/422 407/407
f 420/420 423/423 407/407
f 412/412 424/424 413/413
f 412/412 422/422 424/424
f 413/413 425/425 414/414
f 413/413 424/424 425/425
f 414/414 426/426 415/415
f 414/414 425/425 426/426
f 419/419 415/415 427/427
f 428/428 419/419 427/427
f 415/415 426/426 427/427
f 429/429 428/428 427/427
f 430/430 429/429 427/427
f 432/432 431/431 422/422
f 423/423 432/432 422/422
f 434/434 433/433 431/431
f 432/432 434/434 431/431
f 422/422 435/435 424/424
f 422/422 431/431 435/435
f 424/424 436/436 425/425
f 424/424 435/435 436/436
f 425/425 437/437 426/426
f 425/425 436/436 437/437
f 426/426 438/438 427/427
f 426/426 437/437 438/438
f 430/430 427/427 439/439
f 439/439 427/427 438/438
f 440/440 439/439 438/438
f 441/441 440/440 438/438
f 442/442 431/431 433/433
f 431/431 443/443 435/435
f 444/444 443/443 431/431
f 442/442 444/444 431/431
f 435/435 445/445 436/436
f 435/435 443/443 445/445
f 436/436 446/446 437/437
f 436/436 445/445 446/446
f 437/437 447/447 438/438
f 437/437 446/446 447/447
f 441/441 438/438 448/448
f 449/449 441/441 448/448
f 438/438 447/447 448/448
f 450/450 449/449 448/448
f 451/451 450/450 448/448
f 453/453 452/452 443/443
f 444/444 453/453 443/443
f 455/455 454/454 452/452
f 453/453 455/455 452/452
f 443/443 456/456 445/445
f 443/443 452/452 456/456
f 445/445 457/457 446/446
f 445/445 456/456 457/457
f 446/446 458/458 447/447
f 446/446 457/457 458/458
f 447/447 459/459 448/448
f 447/447 458/458 459/459
f 451/451 448/448 460/460
f 461/461 451/451 460/460
f 462/462 461/461 460/460
f 448/448 459/459 460/460
f 462/462 460/460 463/463
f 464/464 452/452 454/454
f 465/465 464/464 454/454
f 452/452 466/466 456/456
f 467/467 466/466 452/452
f 464/464 467/467 452/452
f 456/456 468/468 457/457
f 456/456 466/466 468/468
f 457/457 469/469 458/458
f 457/457 468/468 469/469
f 458/458 470/470 459/459
f 458/458 469/469 470/470
f 459/459 471/471 460/460
f 459/459 470/470 471/471
f 472/472 463/463 460/460
f 473/473 472/472 460/460
f 473/473 460/460 471/471
f 474/474 473/473 471/471
f 475/475 474/474 471/471
f 477/477 476/476 466/466
f 467/467 477/477 466/466
f 478/478 476/476 477/477
f 479/479 478/478 477/477
f 480/480 479/479 477/477
f 466/466 481/481 468/468
f 466/466 476/476 481/481
f 468/468 482/482 469/469
f 468/468 481/481 482/482
f 469/469 483/483 470/470
f 469/469 482/482 483/483
f 470/470 484/484 471/471
f 470/470 483/483 484/484
f 475/475 471/471 485/485
f 486/486 475/475 485/485
f 471/471 484/484 485/485
f 487/487 486/486 485/485
f 488/488 487/487 485/485
f 489/489 476/476 478/478
f 476/476 490/490 481/481
f 491/491 490/490 476/476
f 492/492 491/491 476/476
f 489/489 492/492 476/476
f 481/481 493/493 482/482
f 481/481 490/490 493/493
f 482/482 494/494 483/483
f 482/482 493/493 494/494
f 483/483 495/495 484/484
f 483/483 494/494 495/495
f 484/484 496/496 485/485
f 484/484 495/495 496/496
f 488/488 485/485 497/497
f 498/498 488/488 497/497
f 499/499 498/498 497/497
f 485/485 496/496 497/497
f 499/499 497/497 500/500
f 502/502 501/501 490/490
f 491/491 502/502 490/490
f 490/490 503/503 493/493
f 504/504 503/503 490/490
f 501/501 504/504 490/490
f 493/493 505/505 494/494
f 493/493 503/503 505/505
f 494/494 506/506 495/495
f 494/494 505/505 506/506
f 495/495 507/507 496/496
f 495/495 506/506 507/507
f 496/496 508/508 497/497
f 496/496 507/507 508/508
f 500/500 497/497 509/509
f 510/510 500/500 509/509
f 511/511 510/510 509/509
f 497/497 508/508 509/509
f 512/512 511/511 509/509
f 513/513 512/512 509/509
f 515/515 514/514 503/503
f 504/504 515/515 503/503
f 516/516 514/514 515/515
f 503/503 517/517 505/505
f 503/503 514/514 517/517
f 505/505 518/518 506/506
f 505/505 517/517 518/518
f 506/506 519/519 507/507
f 506/506 518/518 519/519
f 507/507 520/520 508/508
f 507/507 519/519 520/520
f 508/508 521/521 509/509
f 508/508 520/520 521/521
f 513/513 509/509 522/522
f 523/523 513/513 522/522
f 509/509 521/521 522/522
f 523/523 522/522 524/524
f 525/525 514/514 516/516
f 526/526 525/525 516/516
f 514/514 527/527 517/517
f 528/528 527/527 514/514
f 529/529 528/528 514/514
f 525/525 529/529 514/514
f 517/517 530/530 518/518
f 517/517 527/527 530/530
f 518/518 531/531 519/519
f 518/518 530/530 531/531
f 519/519 532/532 520/520
f 519/519 531/531 532/532
f 520/520 533/533 521/521
f 520/520 532/532 533/533
f 521/521 534/534 522/522
f 521/521 533/533 534/534
f 524/524 522/522 535/535
f 536/536 524/524 535/535
f 522/522 534/534 535/535
f 537/537 536/536 535/535
f 538/538 537/537 535/535
f 539/539 538/538 535/535
f 540/540 527/527 528/528
f 527/527 541/541 530/530
f 542/542 541/541 527/527
f 543/543 542/542 527/527
f 544/544 543/543 527/527
f 540/540 544/544 527/527
f 530/530 545/545 531/531
f 530/530 541/541 545/545
f 531/531 546/546 532/532
f 531/531 545/545 546/546
f 532/532 547/547 533/533
f 532/532 546/546 547/547
f 533/533 548/548 534/534
f 533/533 547/547 548/548
f 534/534 549/549 535/535
f 534/534 548/548 549/549
f 539/539 535/535 550/550
f 551/551 539/539 550/550
f 535/535 549/549 550/550
f 554/554 553/553 552/552
f 555/555 554/554 552/552
f 551/551 550/550 552/552
f 553/553 551/551 552/552
f 555/555 552/552 556/556
f 557/557 541/541 542/542
f 541/541 558/558 545/545
f 559/559 558/558 541/541
f 560/560 559/559 541/541
f 557/557 560/560 541/541
f 545/545 561/561 546/546
f 545/545 558/558 561/561
f 546/546 562/562 547/547
f 546/546 561/561 562/562
f 547/547 563/563 548/548
f 547/547 562/562 563/563
f 548/548 564/564 549/549
f 548/548 563/563 564/564
f 549/549 565/565 550/550
f 549/549 564/564 565/565
f 550/550 566/566 552/552
f 550/550 565/565 566/566
f 556/556 552/552 567/567
f 568/568 556/556 567/567
f 569/569 568/568 567/567
f 570/570 569/569 567/567
f 552/552 566/566 567/567
f 570/570 567/567 571/571
f 572/572 558/558 559/559
f 573/573 561/561 558/558
f 574/574 573/573 558/558
f 575/575 574/574 558/558
f 576/576 575/575 558/558
f 572/572 576/576 558/558
f 561/561 577/577 562/562
f 578/578 577/577 561/561
f 573/573 578/578 561/561
f 562/562 579/579 563/563
f 562/562 577/577 579/579
f 563/563 580/580 564/564
f 563/563 579/579 580/580
f 564/564 581/581 565/565
f 564/564 580/580 581/581
f 565/565 582/582 566/566
f 565/565 581/581 582/582
f 566/566 583/583 567/567
f 566/566 582/582 583/583
f 571/571 567/567 584/584
f 585/585 571/571 584/584
f 586/586 585/585 584/584
f 567/567 583/583 584/584
f 586/586 584/584 587/587
f 589/589 588/588 577/577
f 578/578 589/589 577/577
f 577/577 590/590 579/579
f 591/591 590/590 577/577
f 588/588 591/591 577/577
f 579/579 592/592 580/580
f 579/579 590/590 592/592
f 580/580 593/593 581/581
f 580/580 592/592 593/593
f 581/581 594/594 582/582
f 581/581 593/593 594/594
f 582/582 595/595 583/583
f 582/582 594/594 595/595
f 583/583 596/596 584/584
f 583/583 595/595 596/596
f 587/587 584/584 597/597
f 598/598 587/587 597/597
f 599/599 598/598 597/597
f 600/600 599/599 597/597
f 584/584 596/596 597/597
f 600/600 597/597 601/601
f 602/602 590/590 591/591
f 590/590 603/603 592/592
f 604/604 603/603 590/590
f 605/605 604/604 590/590
f 602/602 605/605 590/590
f 592/592 606/606 593/593
f 592/592 603/603 606/606
f 593/593 607/607 594/594
f 593/593 606/606 607/607
f 594/594 608/608 595/595
f 594/594 607/607 608/608
f 595/595 609/609 596/596
f 595/595 608/608 609/609
f 596/596 610/610 597/597
f 596/596 609/609 610/610
f 601/601 597/597 611/611
f 612/612 601/601 611/611
f 613/613 612/612 611/611
f 597/597 610/610 611/611
f 613/613 611/611 614/614
f 616/616 615/615 603/603
f 604/604 616/616 603/603
f 603/603 617/617 606/606
f 618/618 617/617 603/603
f 619/619 618/618 603/603
f 615/615 619/619 603/603
f 606/606 620/620 607/607
f 606/606 617/617 620/620
f 607/607 621/621 608/608
f 607/607 620/620 621/621
f 608/608 622/622 609/609
f 608/608 621/621 622/622
f 609/609 623/623 610/610
f 609/609 622/622 623/623
f 610/610 624/624 611/611
f 610/610 623/623 624/624
f 614/614 611/611 625/625
f 626/626 614/614 625/625
f 627/627 626/626 625/625
f 611/611 624/624 625/625
f 628/628 627/627 625/625
f 629/629 628/628 625/625
f 630/630 617/617 618/618
f 617/617 631/631 620/620
f 632/632 631/631 617/617
f 633/633 632/632 617/617
f 630/630 633/633 617/617
f 620/620 634/634 621/621
f 620/620 631/631 634/634
f 621/621 635/635 622/622
f 621/621 634/634 635/635
f 622/622 636/636 623/623
f 622/622 635/635 636/636
f 623/623 637/637 624/624
f 623/623 636/636 637/637
f 624/624 638/638 625/625
f 624/624 637/637 638/638
f 629/629 625/625 639/639
f 640/640 629/629 639/639
f 625/625 638/638 639/639
f 640/640 639/639 641/641
f 643/643 642/642 631/631
f 632/632 643/643 631/631
f 631/631 644/644 634/634
f 645/645 644/644 631/631
f 646/646 645/645 631/631
f 642/642 646/646 631/631
f 634/634 647/647 635/635
f 634/634 644/644 647/647
f 635/635 648/648 636/636
f 635/635 647/647 648/648
f 636/636 649/649 637/637
f 636/636 648/648 649/649
f 637/637 650/650 638/638
f 637/637 649/649 650/650
f 638/638 651/651 639/639
f 638/638 650/650 651/651
f 641/641 639/639 652/652
f 653/653 641/641 652/652
f 654/654 653/653 652/652
f 639/639 651/651 652/652
f 654/654 652/652 655/655
f 656/656 644/644 645/645
f 644/644 657/657 647/647
f 658/658 657/657 644/644
f 659/659 658/658 644/644
f 656/656 659/659 644/644
f 647/647 660/660 648/648
f 647/647 657/657 660/660
f 648/648 661/661 649/649
f 648/648 660/660 661/661
f 649/649 662/662 650/650
f 649/649 661/661 662/662
f 650/650 663/663 651/651
f 650/650 662/662 663/663
f 651/651 664/664 652/652
f 651/651 663/663 664/664
f 655/655 652/652 665/665
f 666/666 655/655 665/665
f 667/667 666/666 665/665
f 652/652 664/664 665/665
f 667/667 665/665 668/668
f 669/669 657/657 658/658
f 657/657 670/670 660/660
f 671/671 670/670 657/657
f 669/669 671/671 657/657
f 660/660 672/672 661/661
f 660/660 670/670 672/672
f 661/661 673/673 662/662
f 661/661 672/672 673/673
f 662/662 674/674 663/663
f 662/662 673/673 674/674
f 663/663 675/675 664/664
f 663/663 674/674 675/675
f 664/664 676/676 665/665
f 664/664 675/675 676/676
f 668/668 665/665 677/677
f 678/678 668/668 677/677
f 679/679 678/678 677/677
f 665/665 676/676 677/677
f 679/679 677/677 680/680
f 683/683 682/682 681/681
f 684/684 683/683 681/681
f 685/685 682/682 683/683
f 688/688 687/687 686/686
f 689/689 688/688 686/686
f 690/690 689/689 686/686
f 681/681 682/682 686/686
f 691/691 681/681 686/686
f 692/692 691/691 686/686
f 693/693 692/692 686/686
f 687/687 693/693 686/686
f 696/696 695/695 694/694
f 697/697 696/696 694/694
f 690/690 686/686 695/695
f 698/698 690/690 695/695
f 699/699 698/698 695/695
f 700/700 699/699 695/695
f 701/701 700/700 695/695
f 696/696 701/701 695/695
f 702/702 694/694 695/695
f 703/703 702/702 695/695
f 704/704 670/670 671/671
f 670/670 705/705 672/672
f 706/706 705/705 670/670
f 707/707 706/706 670/670
f 704/704 707/707 670/670
f 672/672 708/708 673/673
f 672/672 705/705 708/708
f 673/673 709/709 674/674
f 673/673 708/708 709/709
f 674/674 710/710 675/675
f 674/674 709/709 710/710
f 675/675 711/711 676/676
f 675/675 710/710 711/711
f 676/676 712/712 677/677
f 676/676 711/711 712/712
f 680/680 677/677 713/713
f 714/714 680/680 713/713
f 715/715 714/714 713/713
f 716/716 715/715 713/713
f 677/677 712/712 713/713
f 716/716 713/713 717/717
f 720/720 719/719 718/718
f 721/721 720/720 718/718
f 722/722 719/719 720/720
f 723/723 722/722 720/720
f 725/725 724/724 682/682
f 726/726 725/725 682/682
f 685/685 726/726 682/682
f 718/718 719/719 724/724
f 725/725 718/718 724/724
f 682/682 727/727 686/686
f 682/682 724/724 727/727
f 686/686 728/728 695/695
f 686/686 727/727 728/728
f 703/703 695/695 729/729
f 731/731 730/730 703/703
f 729/729 732/732 731/731
f 703/703 729/729 731/731
f 729/729 695/695 728/728
f 733/733 729/729 728/728
f 734/734 705/705 706/706
f 705/705 735/735 708/708
f 736/736 735/735 705/705
f 737/737 736/736 705/705
f 734/734 737/737 705/705
f 708/708 738/738 709/709
f 708/708 735/735 738/738
f 709/709 739/739 710/710
f 709/709 738/738 739/739
f 710/710 740/740 711/711
f 710/710 739/739 740/740
f 711/711 741/741 712/712
f 711/711 740/740 741/741
f 712/712 742/742 713/713
f 712/712 741/741 742/742
f 717/717 713/713 743/743
f 744/744 717/717 743/743
f 745/745 744/744 743/743
f 713/713 742/742 743/743
f 745/745 743/743 746/746
f 749/749 748/748 747/747
f 750/750 749/749 747/747
f 751/751 748/748 749/749
f 753/753 752/752 719/719
f 722/722 753/753 719/719
f 747/747 748/748 752/752
f 753/753 747/747 752/752
f 719/719 754/754 724/724
f 719/719 752/752 754/754
f 724/724 755/755 727/727
f 724/724 754/754 755/755
f 727/727 756/756 728/728
f 727/727 755/755 756/756
f 733/733 728/728 757/757
f 758/758 733/733 757/757
f 728/728 756/756 757/757
f 758/758 757/757 759/759
f 761/761 760/760 735/735
f 736/736 761/761 735/735
f 735/735 762/762 738/738
f 763/763 762/762 735/735
f 764/764 763/763 735/735
f 760/760 764/764 735/735
f 738/738 765/765 739/739
f 738/738 762/762 765/765
f 739/739 766/766 740/740
f 739/739 765/765 766/766
f 740/740 767/767 741/741
f 740/740 766/766 767/767
f 741/741 768/768 742/742
f 741/741 767/767 768/768
f 742/742 769/769 743/743
f 742/742 768/768 769/769
f 746/746 743/743 770/770
f 771/771 746/746 770/770
f 772/772 771/771 770/770
f 743/743 769/769 770/770
f 773/773 772/772 770/770
f 774/774 773/773 770/770
f 776/776 775/775 748/748
f 777/777 776/776 748/748
f 751/751 777/777 748/748
f 778/778 775/775 776/776
f 748/748 779/779 752/752
f 748/748 775/775 779/779
f 752/752 780/780 754/754
f 752/752 779/779 780/780
f 754/754 781/781 755/755
f 754/754 780/780 781/781
f 755/755 782/782 756/756
f 755/755 781/781 782/782
f 756/756 783/783 757/757
f 756/756 782/782 783/783
f 759/759 757/757 784/784
f 785/785 759/759 784/784
f 786/786 785/785 784/784
f 757/757 783/783 784/784
f 787/787 786/786 784/784
f 788/788 787/787 784/784
f 789/789 762/762 763/763
f 762/762 790/790 765/765
f 791/791 790/790 762/762
f 792/792 791/791 762/762
f 789/789 792/792 762/762
f 765/765 793/793 766/766
f 765/765 790/790 793/793
f 766/766 794/794 767/767
f 766/766 793/793 794/794
f 767/767 795/795 768/768
f 767/767 794/794 795/795
f 768/768 796/796 769/769
f 768/768 795/795 796/796
f 769/769 797/797 770/770
f 769/769 796/796 797/797
f 774/774 770/770 798/798
f 799/799 774/774 798/798
f 800/800 799/799 798/798
f 770/770 797/797 798/798
f 800/800 798/798 801/801
f 802/802 775/775 778/778
f 803/803 802/802 778/778
f 775/775 804/804 779/779
f 805/805 804/804 775/775
f 806/806 805/805 775/775
f 802/802 806/806 775/775
f 779/779 807/807 780/780
f 779/779 804/804 807/807
f 780/780 808/808 781/781
f 780/780 807/807 808/808
f 781/781 809/809 782/782
f 781/781 808/808 809/809
f 782/782 810/810 783/783
f 782/782 809/809 810/810
f 783/783 811/811 784/784
f 783/783 810/810 811/811
f 788/788 784/784 812/812
f 813/813 788/788 812/812
f 784/784 811/811 812/812
f 813/813 812/812 814/814
f 816/816 815/815 790/790
f 791/791 816/816 790/790
f 790/790 817/817 793/793
f 818/818 817/817 790/790
f 819/819 818/818 790/790
f 815/815 819/819 790/790
f 793/793 820/820 794/794
f 793/793 817/817 820/820
f 794/794 821/821 795/795
f 794/794 820/820 821/821
f 795/795 822/822 796/796
f 795/795 821/821 822/822
f 796/796 823/823 797/797
f 796/796 822/822 823/823
f 797/797 824/824 798/798
f 797/797 823/823 824/824
f 801/801 798/798 825/825
f 826/826 801/801 825/825
f 827/827 826/826 825/825
f 798/798 824/824 825/825
f 827/827 825/825 828/828
f 829/829 804/804 805/805
f 830/830 807/807 804/804
f 831/831 830/830 804/804
f 832/832 831/831 804/804
f 832/832 804/804 829/829
f 833/833 832/832 829/829
f 807/807 834/834 808/808
f 835/835 834/834 807/807
f 836/836 835/835 807/807
f 837/837 836/836 807/807
f 830/830 837/837 807/807
f 808/808 838/838 809/809
f 808/808 834/834 838/838
f 809/809 839/839 810/810
f 809/809 838/838 839/839
f 810/810 840/840 811/811
f 810/810 839/839 840/840
f 811/811 841/841 812/812
f 811/811 840/840 841/841
f 814/814 812/812 842/842
f 842/842 812/812 841/841
f 843/843 842/842 841/841
f 844/844 817/817 818/818
f 817/817 845/845 820/820
f 846/846 845/845 817/817
f 847/847 846/846 817/817
f 844/844 847/847 817/817
f 820/820 848/848 821/821
f 820/820 845/845 848/848
f 821/821 849/849 822/822
f 821/821 848/848 849/849
f 822/822 850/850 823/823
f 822/822 849/849 850/850
f 823/823 851/851 824/824
f 823/823 850/850 851/851
f 824/824 852/852 825/825
f 824/824 851/851 852/852
f 828/828 825/825 853/853
f 854/854 828/828 853/853
f 855/855 854/854 853/853
f 825/825 852/852 853/853
f 855/855 853/853 856/856
f 857/857 855/855 856/856
f 858/858 834/834 835/835
f 834/834 859/859 838/838
f 860/860 859/859 834/834
f 858/858 860/860 834/834
f 838/838 861/861 839/839
f 838/838 859/859 861/861
f 839/839 862/862 840/840
f 839/839 861/861 862/862
f 840/840 863/863 841/841
f 840/840 862/862 863/863
f 843/843 841/841 864/864
f 865/865 843/843 864/864
f 866/866 865/865 864/864
f 841/841 863/863 864/864
f 866/866 864/864 867/867
f 868/868 845/845 846/846
f 845/845 869/869 848/848
f 870/870 869/869 845/845
f 871/871 870/870 845/845
f 868/868 871/871 845/845
f 848/848 872/872 849/849
f 848/848 869/869 872/872
f 849/849 873/873 850/850
f 849/849 872/872 873/873
f 850/850 874/874 851/851
f 850/850 873/873 874/874
f 851/851 875/875 852/852
f 851/851 874/874 875/875
f 852/852 876/876 853/853
f 852/852 875/875 876/876
f 856/856 853/853 877/877
f 878/878 856/856 877/877
f 879/879 878/878 877/877
f 853/853 876/876 877/877
f 879/879 877/877 880/880
f 881/881 859/859 860/860
f 859/859 882/882 861/861
f 883/883 882/882 859/859
f 881/881 883/883 859/859
f 861/861 884/884 862/862
f 861/861 882/882 884/884
f 862/862 885/885 863/863
f 862/862 884/884 885/885
f 863/863 886/886 864/864
f 863/863 885/885 886/886
f 867/867 864/864 887/887
f 888/888 867/867 887/887
f 889/889 888/888 887/887
f 864/864 886/886 887/887
f 889/889 887/887 890/890
f 891/891 869/869 870/870
f 869/869 892/892 872/872
f 893/893 892/892 869/869
f 891/891 893/893 869/869
f 872/872 894/894 873/873
f 872/872 892/892 894/894
f 873/873 895/895 874/874
f 873/873 894/894 895/895
f 874/874 896/896 875/875
f 874/874 895/895 896/896
f 875/875 897/897 876/876
f 875/875 896/896 897/897
f 876/876 898/898 877/877
f 876/876 897/897 898/898
f 880/880 877/877 899/899
f 899/899 877/877 898/898
f 900/900 899/899 898/898
f 902/902 901/901 882/882
f 883/883 902/902 882/882
f 904/904 903/903 901/901
f 902/902 904/904 901/901
f 882/882 905/905 884/884
f 882/882 901/901 905/905
f 884/884 906/906 885/885
f 884/884 905/905 906/906
f 885/885 907/907 886/886
f 885/885 906/906 907/907
f 886/886 908/908 887/887
f 886/886 907/907 908/908
f 909/909 890/890 887/887
f 910/910 909/909 887/887
f 910/910 887/887 908/908
f 911/911 910/910 908/908
f 913/913 912/912 892/892
f 893/893 913/913 892/892
f 892/892 914/914 894/894
f 915/915 914/914 892/892
f 916/916 915/915 892/892
f 912/912 916/916 892/892
f 894/894 917/917 895/895
f 894/894 914/914 917/917
f 895/895 918/918 896/896
f 895/895 917/917 918/918
f 896/896 919/919 897/897
f 896/896 918/918 919/919
f 897/897 920/920 898/898
f 897/897 919/919 920/920
f 900/900 898/898 921/921
f 922/922 900/900 921/921
f 898/898 920/920 921/921
f 923/923 922/922 921/921
f 924/924 923/923 921/921
f 925/925 901/901 903/903
f 901/901 926/926 905/905
f 927/927 926/926 901/901
f 928/928 927/927 901/901
f 925/925 928/928 901/901
f 905/905 929/929 906/906
f 905/905 926/926 929/929
f 906/906 930/930 907/907
f 906/906 929/929 930/930
f 907/907 931/931 908/908
f 907/907 930/930 931/931
f 911/911 908/908 932/932
f 933/933 911/911 932/932
f 908/908 931/931 932/932
f 933/933 932/932 934/934
f 935/935 933/933 934/934
f 936/936 935/935 934/934
f 938/938 937/937 914/914
f 915/915 938/938 914/914
f 914/914 939/939 917/917
f 940/940 939/939 914/914
f 941/941 940/940 914/914
f 937/937 941/941 914/914
f 917/917 942/942 918/918
f 917/917 939/939 942/942
f 918/918 943/943 919/919
f 918/918 942/942 943/943
f 919/919 944/944 920/920
f 919/919 943/943 944/944
f 920/920 945/945 921/921
f 920/920 944/944 945/945
f 924/924 921/921 946/946
f 947/947 924/924 946/946
f 948/948 947/947 946/946
f 921/921 945/945 946/946
f 948/948 946/946 949/949
f 950/950 926/926 927/927
f 926/926 951/951 929/929
f 952/952 951/951 926/926
f 950/950 952/952 926/926
f 929/929 953/953 930/930
f 929/929 951/951 953/953
f 930/930 954/954 931/931
f 930/930 953/953 954/954
f 931/931 955/955 932/932
f 931/931 954/954 955/955
f 934/934 932/932 956/956
f 957/957 934/934 956/956
f 956/956 932/932 955/955
f 958/958 956/956 955/955
f 959/959 939/939 940/940
f 939/939 960/960 942/942
f 961/961 960/960 939/939
f 959/959 961/961 939/939
f 942/942 962/962 943/943
f 942/942 960/960 962/962
f 943/943 963/963 944/944
f 943/943 962/962 963/963
f 944/944 964/964 945/945
f 944/944 963/963 964/964
f 945/945 965/965 946/946
f 945/945 964/964 965/965
f 949/949 946/946 966/966
f 967/967 949/949 966/966
f 946/946 965/965 966/966
f 967/967 966/966 968/968
f 970/970 969/969 951/951
f 971/971 970/970 951/951
f 972/972 971/971 951/951
f 973/973 972/972 951/951
f 952/952 973/973 951/951
f 974/974 969/969 970/970
f 975/975 974/974 970/970
f 951/951 976/976 953/953
f 951/951 969/969 976/976
f 953/953 977/977 954/954
f 953/953 976/976 977/977
f 954/954 978/978 955/955
f 954/954 977/977 978/978
f 958/958 955/955 979/979
f 980/980 958/958 979/979
f 979/979 955/955 978/978
f 981/981 979/979 978/978
f 982/982 981/981 978/978
f 984/984 983/983 960/960
f 985/985 984/984 960/960
f 961/961 985/985 960/960
f 986/986 983/983 984/984
f 960/960 987/987 962/962
f 960/960 983/983 987/987
f 962/962 988/988 963/963
f 962/962 987/987 988/988
f 963/963 989/989 964/964
f 963/963 988/988 989/989
f 964/964 990/990 965/965
f 964/964 989/989 990/990
f 965/965 991/991 966/966
f 965/965 990/990 991/991
f 968/968 966/966 992/992
f 993/993 968/968 992/992
f 994/994 993/993 992/992
f 966/966 991/991 992/992
f 994/994 992/992 995/995
f 996/996 969/969 974/974
f 997/997 976/976 969/969
f 998/998 997/997 969/969
f 998/998 969/969 996/996
f 999/999 998/998 996/996
f 1000/1000 977/977 976/976
f 1001/1001 1000/1000 976/976
f 1001/1001 976/976 997/997
f 1002/1002 1001/1001 997/997
f 1003/1003 978/978 977/977
f 1004/1004 1003/1003 977/977
f 1005/1005 1004/1004 977/977
f 1005/1005 977/977 1000/1000
f 1006/1006 1005/1005 1000/1000
f 982/982 978/978 1007/1007
f 1007/1007 978/978 1003/1003
f 1008/1008 983/983 986/986
f 983/983 1009/1009 987/987
f 1010/1010 1009/1009 983/983
f 1011/1011 1010/1010 983/983
f 1012/1012 1011/1011 983/983
f 1008/1008 1012/1012 983/983
f 987/987 1013/1013 988/988
f 987/987 1009/1009 1013/1013
f 988/988 1014/1014 989/989
f 988/988 1013/1013 1014/1014
f 989/989 1015/1015 990/990
f 989/989 1014/1014 1015/1015
f 990/990 1016/1016 991/991
f 990/990 1015/1015 1016/1016
f 991/991 1017/1017 992/992
f 991/991 1016/1016 1017/1017
f 995/995 992/992 1018/1018
f 1018/1018 992/992 1017/1017
f 1019/1019 1018/1018 1017/1017
f 1020/1020 1019/1019 1017/1017
f 1021/1021 1009/1009 1010/1010
f 1009/1009 1022/1022 1013/1013
f 1023/1023 1022/1022 1009/1009
f 1024/1024 1023/1023 1009/1009
f 1021/1021 1024/1024 1009/1009
f 1013/1013 1025/1025 1014/1014
f 1013/1013 1022/1022 1025/1025
f 1014/1014 1026/1026 1015/1015
f 1014/1014 1025/1025 1026/1026
f 1015/1015 1027/1027 1016/1016
f 1015/1015 1026/1026 1027/1027
f 1016/1016 1028/1028 1017/1017
f 1016/1016 1027/1027 1028/1028
f 1020/1020 1017/1017 1029/1029
f 1030/1030 1020/1020 1029/1029
f 1017/1017 1028/1028 1029/1029
f 1030/1030 1029/1029 1031/1031
f 1032/1032 1030/1030 1031/1031
f 1033/1033 1032/1032 1031/1031
f 1034/1034 1022/1022 1023/1023
f 1022/1022 1035/1035 1025/1025
f 1036/1036 1035/1035 1022/1022
f 1034/1034 1036/1036 1022/1022
f 1025/1025 1037/1037 1026/1026
f 1025/1025 1035/1035 1037/1037
f 1026/1026 1038/1038 1027/1027
f 1026/1026 1037/1037 1038/1038
f 1027/1027 1039/1039 1028/1028
f 1027/1027 1038/1038 1039/1039
f 1028/1028 1040/1040 1029/1029
f 1028/1028 1039/1039 1040/1040
f 1031/1031 1029/1029 1041/1041
f 1042/1042 1031/1031 1041/1041
f 1029/1029 1040/1040 1041/1041
f 1043/1043 1042/1042 1041/1041
f 1044/1044 1043/1043 1041/1041
f 1045/1045 1035/1035 1036/1036
f 1035/1035 1046/1046 1037/1037
f 1047/1047 1046/1046 1035/1035
f 1048/1048 1047/1047 1035/1035
f 1045/1045 1048/1048 1035/1035
f 1037/1037 1049/1049 1038/1038
f 1037/1037 1046/1046 1049/1049
f 1038/1038 1050/1050 1039/1039
f 1038/1038 1049/1049 1050/1050
f 1039/1039 1051/1051 1040/1040
f 1039/1039 1050/1050 1051/1051
f 1040/1040 1052/1052 1041/1041
f 1040/1040 1051/1051 1052/1052
f 1044/1044 1041/1041 1053/1053
f 1053/1053 1041/1041 1052/1052
f 1054/1054 1053/1053 1052/1052
f 1055/1055 1054/1054 1052/1052
f 1057/1057 1056/1056 1046/1046
f 1047/1047 1057/1057 1046/1046
f 1059/1059 1058/1058 1056/1056
f 1057/1057 1059/1059 1056/1056
f 1046/1046 1060/1060 1049/1049
f 1046/1046 1056/1056 1060/1060
f 1049/1049 1061/1061 1050/1050
f 1049/1049 1060/1060 1061/1061
f 1050/1050 1062/1062 1051/1051
f 1050/1050 1061/1061 1062/1062
f 1051/1051 1063/1063 1052/1052
f 1051/1051 1062/1062 1063/1063
f 1055/1055 1052/1052 1064/1064
f 1065/1065 1055/1055 1064/1064
f 1052/1052 1063/1063 1064/1064
f 1066/1066 1065/1065 1064/1064
f 1067/1067 1066/1066 1064/1064
f 1068/1068 1056/1056 1058/1058
f 1056/1056 1069/1069 1060/1060
f 1070/1070 1069/1069 1056/1056
f 1068/1068 1070/1070 1056/1056
f 1060/1060 1071/1071 1061/1061
f 1060/1060 1069/1069 1071/1071
f 1061/1061 1072/1072 1062/1062
f 1061/1061 1071/1071 1072/1072
f 1062/1062 1073/1073 1063/1063
f 1062/1062 1072/1072 1073/1073
f 1063/1063 1074/1074 1064/1064
f 1063/1063 1073/1073 1074/1074
f 1075/1075 1067/1067 1064/1064
f 1076/1076 1075/1075 1064/1064
f 1076/1076 1064/1064 1074/1074
f 1077/1077 1076/1076 1074/1074
f 1079/1079 1078/1078 1069/1069
f 1080/1080 1079/1079 1069/1069
f 1070/1070 1080/1080 1069/1069
f 1081/1081 1078/1078 1079/1079
f 1069/1069 1082/1082 1071/1071
f 1069/1069 1078/1078 1082/1082
f 1071/1071 1083/1083 1072/1072
f 1071/1071 1082/1082 1083/1083
f 1072/1072 1084/1084 1073/1073
f 1072/1072 1083/1083 1084/1084
f 1073/1073 1085/1085 1074/1074
f 1073/1073 1084/1084 1085/1085
f 1077/1077 1074/1074 1086/1086
f 1087/1087 1077/1077 1086/1086
f 1074/1074 1085/1085 1086/1086
f 1087/1087 1086/1086 1088/1088
f 1089/1089 1078/1078 1081/1081
f 1078/1078 1090/1090 1082/1082
f 1091/1091 1090/1090 1078/1078
f 1092/1092 1091/1091 1078/1078
f 1089/1089 1092/1092 1078/1078
f 1082/1082 1093/1093 1083/1083
f 1082/1082 1090/1090 1093/1093
f 1083/1083 1094/1094 1084/1084
f 1083/1083 1093/1093 1094/1094
f 1084/1084 1095/1095 1085/1085
f 1084/1084 1094/1094 1095/1095
f 1085/1085 1096/1096 1086/1086
f 1085/1085 1095/1095 1096/1096
f 1088/1088 1086/1086 1097/1097
f 1098/1098 1088/1088 1097/1097
f 1099/1099 1098/1098 1097/1097
f 1086/1086 1096/1096 1097/1097
f 1099/1099 1097/1097 1100/1100
f 1102/1102 1101/1101 1090/1090
f 1091/1091 1102/1102 1090/1090
f 1090/1090 1103/1103 1093/1093
f 1104/1104 1103/1103 1090/1090
f 1101/1101 1104/1104 1090/1090
f 1093/1093 1105/1105 1094/1094
f 1093/1093 1103/1103 1105/1105
f 1094/1094 1106/1106 1095/1095
f 1094/1094 1105/1105 1106/1106
f 1095/1095 1107/1107 1096/1096
f 1095/1095 1106/1106 1107/1107
f 1096/1096 1108/1108 1097/1097
f 1096/1096 1107/1107 1108/1108
f 1109/1109 1100/1100 1097/1097
f 1110/1110 1109/1109 1097/1097
f 1110/1110 1097/1097 1108/1108
f 1111/1111 1110/1110 1108/1108
f 1112/1112 1111/1111 1108/1108
f 1114/1114 1113/1113 1103/1103
f 1104/1104 1114/1114 1103/1103
f 1116/1116 1115/1115 1113/1113
f 1114/1114 1116/1116 1113/1113
f 1103/1103 1117/1117 1105/1105
f 1103/1103 1113/1113 1117/1117
f 1105/1105 1118/1118 1106/1106
f 1105/1105 1117/1117 1118/1118
f 1106/1106 1119/1119 1107/1107
f 1106/1106 1118/1118 1119/1119
f 1107/1107 1120/1120 1108/1108
f 1107/1107 1119/1119 1120/1120
f 1112/1112 1108/1108 1121/1121
f 1122/1122 1112/1112 1121/1121
f 1108/1108 1120/1120 1121/1121
f 1122/1122 1121/1121 1123/1123
f 1124/1124 1113/1113 1115/1115
f 1113/1113 1125/1125 1117/1117
f 1126/1126 1125/1125 1113/1113
f 1124/1124 1126/1126 1113/1113
f 1117/1117 1127/1127 1118/1118
f 1117/1117 1125/1125 1127/1127
f 1118/1118 1128/1128 1119/1119
f 1118/1118 1127/1127 1128/1128
f 1119/1119 1129/1129 1120/1120
f 1119/1119 1128/1128 1129/1129
f 1120/1120 1130/1130 1121/1121
f 1120/1120 1129/1129 1130/1130
f 1123/1123 1121/1121 1131/1131
f 1131/1131 1121/1121 1130/1130
f 1132/1132 1131/1131 1130/1130
f 1134/1134 1133/1133 1125/1125
f 1135/1135 1134/1134 1125/1125
f 1126/1126 1135/1135 1125/1125
f 1136/1136 1133/1133 1134/1134
f 1125/1125 1137/1137 1127/1127
f 1125/1125 1133/1133 1137/1137
f 1127/1127 1138/1138 1128/1128
f 1127/1127 1137/1137 1138/1138
f 1128/1128 1139/1139 1129/1129
f 1128/1128 1138/1138 1139/1139
f 1129/1129 1140/1140 1130/1130
f 1129/1129 1139/1139 1140/1140
f 1132/1132 1130/1130 1141/1141
f 1142/1142 1132/1132 1141/1141
f 1130/1130 1140/1140 1141/1141
f 1143/1143 1142/1142 1141/1141
f 1144/1144 1143/1143 1141/1141
f 1146/1146 1145/1145 1133/1133
f 1136/1136 1146/1146 1133/1133
f 1133/1133 1147/1147 1137/1137
f 1148/1148 1147/1147 1133/1133
f 1149/1149 1148/1148 1133/1133
f 1145/1145 1149/1149 1133/1133
f 1137/1137 1150/1150 1138/1138
f 1137/1137 1147/1147 1150/1150
f 1138/1138 1151/1151 1139/1139
f 1138/1138 1150/1150 1151/1151
f 1139/1139 1152/1152 1140/1140
f 1139/1139 1151/1151 1152/1152
f 1140/1140 1153/1153 1141/1141
f 1140/1140 1152/1152 1153/1153
f 1144/1144 1141/1141 1154/1154
f 1154/1154 1141/1141 1153/1153
f 1155/1155 1154/1154 1153/1153
f 1156/1156 1147/1147 1148/1148
f 1147/1147 1157/1157 1150/1150
f 1158/1158 1157/1157 1147/1147
f 1156/1156 1158/1158 1147/1147
f 1150/1150 1159/1159 1151/1151
f 1150/1150 1157/1157 1159/1159
f 1151/1151 1160/1160 1152/1152
f 1151/1151 1159/1159 1160/1160
f 1152/1152 1161/1161 1153/1153
f 1152/1152 1160/1160 1161/1161
f 1155/1155 1153/1153 1162/1162
f 1163/1163 1155/1155 1162/1162
f 1153/1153 1161/1161 1162/1162
f 1163/1163 1162/1162 1164/1164
f 1165/1165 1163/1163 1164/1164
f 1166/1166 1165/1165 1164/1164
f 1168/1168 1167/1167 1157/1157
f 1158/1158 1168/1168 1157/1157
f 1170/1170 1169/1169 1167/1167
f 1168/1168 1170/1170 1167/1167
f 1157/1157 1171/1171 1159/1159
f 1157/1157 1167/1167 1171/1171
f 1159/1159 1172/1172 1160/1160
f 1159/1159 1171/1171 1172/1172
f 1160/1160 1173/1173 1161/1161
f 1160/1160 1172/1172 1173/1173
f 1161/1161 1174/1174 1162/1162
f 1161/1161 1173/1173 1174/1174
f 1164/1164 1162/1162 1175/1175
f 1176/1176 1164/1164 1175/1175
f 1177/1177 1176/1176 1175/1175
f 1162/1162 1174/1174 1175/1175
f 1178/1178 1177/1177 1175/1175
f 1179/1179 1178/1178 1175/1175
f 1181/1181 1180/1180 1167/1167
f 1169/1169 1181/1181 1167/1167
f 1167/1167 1182/1182 1171/1171
f 1183/1183 1182/1182 1167/1167
f 1180/1180 1183/1183 1167/1167
f 1171/1171 1184/1184 1172/1172
f 1171/1171 1182/1182 1184/1184
f 1172/1172 1185/1185 1173/1173
f 1172/1172 1184/1184 1185/1185
f 1173/1173 1186/1186 1174/1174
f 1173/1173 1185/1185 1186/1186
f 1174/1174 1187/1187 1175/1175
f 1174/1174 1186/1186 1187/1187
f 1179/1179 1175/1175 1188/1188
f 1188/1188 1175/1175 1187/1187
f 1189/1189 1188/1188 1187/1187
f 1190/1190 1189/1189 1187/1187
f 1192/1192 1191/1191 1182/1182
f 1183/1183 1192/1192 1182/1182
f 1194/1194 1193/1193 1191/1191
f 1192/1192 1194/1194 1191/1191
f 1182/1182 1195/1195 1184/1184
f 1182/1182 1191/1191 1195/1195
f 1184/1184 1196/1196 1185/1185
f 1184/1184 1195/1195 1196/1196
f 1185/1185 1197/1197 1186/1186
f 1185/1185 1196/1196 1197/1197
f 1186/1186 1198/1198 1187/1187
f 1186/1186 1197/1197 1198/1198
f 1190/1190 1187/1187 1199/1199
f 1200/1200 1190/1190 1199/1199
f 1201/1201 1200/1200 1199/1199
f 1187/1187 1198/1198 1199/1199
f 1201/1201 1199/1199 1202/1202
f 1203/1203 1191/1191 1193/1193
f 1191/1191 1204/1204 1195/1195
f 1205/1205 1204/1204 1191/1191
f 1203/1203 1205/1205 1191/1191
f 1195/1195 1206/1206 1196/1196
f 1195/1195 1204/1204 1206/1206
f 1196/1196 1207/1207 1197/1197
f 1196/1196 1206/1206 1207/1207
f 1197/1197 1208/1208 1198/1198
f 1197/1197 1207/1207 1208/1208
f 1198/1198 1209/1209 1199/1199
f 1198/1198 1208/1208 1209/1209
f 1202/1202 1199/1199 1210/1210
f 1210/1210 1199/1199 1209/1209
f 1211/1211 1210/1210 1209/1209
f 1212/1212 1211/1211 1209/1209
f 1214/1214 1213/1213 1204/1204
f 1215/1215 1214/1214 1204/1204
f 1205/1205 1215/1215 1204/1204
f 1216/1216 1213/1213 1214/1214
f 1204/1204 1217/1217 1206/1206
f 1204/1204 1213/1213 1217/1217
f 1206/1206 1218/1218 1207/1207
f 1206/1206 1217/1217 1218/1218
f 1207/1207 1219/1219 1208/1208
f 1207/1207 1218/1218 1219/1219
f 1208/1208 1220/1220 1209/1209
f 1208/1208 1219/1219 1220/1220
f 1212/1212 1209/1209 1221/1221
f 1222/1222 1212/1212 1221/1221
f 1223/1223 1222/1222 1221/1221
f 1209/1209 1220/1220 1221/1221
f 1224/1224 1213/1213 1216/1216
f 1213/1213 1225/1225 1217/1217
f 1226/1226 1225/1225 1213/1213
f 1227/1227 1226/1226 1213/1213
f 1224/1224 1227/1227 1213/1213
f 1217/1217 1228/1228 1218/1218
f 1217/1217 1225/1225 1228/1228
f 1218/1218 1229/1229 1219/1219
f 1218/1218 1228/1228 1229/1229
f 1219/1219 1230/1230 1220/1220
f 1219/1219 1229/1229 1230/1230
f 1220/1220 1231/1231 1221/1221
f 1220/1220 1230/1230 1231/1231
f 1233/1233 1232/1232 1225/1225
f 1226/1226 1233/1233 1225/1225
f 1235/1235 1234/1234 1232/1232
f 1233/1233 1235/1235 1232/1232
f 1225/1225 1236/1236 1228/1228
f 1225/1225 1232/1232 1236/1236
f 1228/1228 1237/1237 1229/1229
f 1228/1228 1236/1236 1237/1237
f 1229/1229 1238/1238 1230/1230
f 1229/1229 1237/1237 1238/1238
f 1230/1230 1239/1239 1231/1231
f 1230/1230 1238/1238 1239/1239
f 1240/1240 1232/1232 1234/1234
f 1232/1232 1241/1241 1236/1236
f 1242/1242 1241/1241 1232/1232
f 1240/1240 1242/1242 1232/1232
f 1236/1236 1243/1243 1237/1237
f 1236/1236 1241/1241 1243/1243
f 1237/1237 1244/1244 1238/1238
f 1237/1237 1243/1243 1244/1244
f 1238/1238 1245/1245 1239/1239
f 1238/1238 1244/1244 1245/1245
f 1247/1247 1246/1246 1241/1241
f 1248/1248 1247/1247 1241/1241
f 1242/1242 1248/1248 1241/1241
f 1249/1249 1246/1246 1247/1247
f 1241/1241 1250/1250 1243/1243
f 1241/1241 1246/1246 1250/1250
f 1243/1243 1251/1251 1244/1244
f 1243/1243 1250/1250 1251/1251
f 1244/1244 1252/1252 1245/1245
f 1244/1244 1251/1251 1252/1252
f 1253/1253 1246/1246 1249/1249
f 1246/1246 1254/1254 1250/1250
f 1255/1255 1254/1254 1246/1246
f 1256/1256 1255/1255 1246/1246
f 1253/1253 1256/1256 1246/1246
f 1250/1250 1257/1257 1251/1251
f 1250/1250 1254/1254 1257/1257
f 1251/1251 1258/1258 1252/1252
f 1251/1251 1257/1257 1258/1258
f 1260/1260 1259/1259 1254/1254
f 1255/1255 1260/1260 1254/1254
f 1262/1262 1261/1261 1259/1259
f 1260/1260 1262/1262 1259/1259
f 1254/1254 1263/1263 1257/1257
f 1254/1254 1259/1259 1263/1263
f 1257/1257 1264/1264 1258/1258
f 1257/1257 1263/1263 1264/1264
f 1265/1265 1259/1259 1261/1261
f 1259/1259 1266/1266 1263/1263
f 1267/1267 1266/1266 1259/1259
f 1265/1265 1267/1267 1259/1259
f 1263/1263 1268/1268 1264/1264
f 1263/1263 1266/1266 1268/1268
f 1271/1271 1270/1270 1269/1269
f 1272/1272 1270/1270 1271/1271
f 1273/1273 1272/1272 1271/1271
f 1275/1275 1274/1274 1266/1266
f 1267/1267 1275/1275 1266/1266
f 1269/1269 1270/1270 1274/1274
f 1276/1276 1269/1269 1274/1274
f 1275/1275 1276/1276 1274/1274
f 1266/1266 1277/1277 1268/1268
f 1266/1266 1274/1274 1277/1277
f 1279/1279 1278/1278 1270/1270
f 1272/1272 1279/1279 1270/1270
f 1280/1280 1278/1278 1279/1279
f 1281/1281 1280/1280 1279/1279
f 1270/1270 1282/1282 1274/1274
f 1270/1270 1278/1278 1282/1282
f 1274/1274 1283/1283 1277/1277
f 1274/1274 1282/1282 1283/1283
f 1285/1285 1284/1284 1278/1278
f 1286/1286 1285/1285 1278/1278
f 1280/1280 1286/1286 1278/1278
f 1287/1287 1284/1284 1285/1285
f 1278/1278 1288/1288 1282/1282
f 1278/1278 1284/1284 1288/1288
f 1282/1282 1289/1289 1283/1283
f 1282/1282 1288/1288 1289/1289
f 1292/1292 1291/1291 1290/1290
f 1294/1294 1293/1293 1291/1291
f 1292/1292 1294/1294 1291/1291
f 1296/1296 1295/1295 1284/1284
f 1297/1297 1296/1296 1284/1284
f 1287/1287 1297/1297 1284/1284
f 1290/1290 1291/1291 1295/1295
f 1296/1296 1290/1290 1295/1295
f 1284/1284 1298/1298 1288/1288
f 1284/1284 1295/1295 1298/1298
f 1288/1288 1299/1299 1289/1289
f 1288/1288 1298/1298 1299/1299
f 1301/1301 1300/1300 1291/1291
f 1293/1293 1301/1301 1291/1291
f 1302/1302 1300/1300 1301/1301
f 1291/1291 1303/1303 1295/1295
f 1291/1291 1300/1300 1303/1303
f 1295/1295 1304/1304 1298/1298
f 1295/1295 1303/1303 1304/1304
f 1298/1298 1305/1305 1299/1299
f 1298/1298 1304/1304 1305/1305
f 1307/1307 1306/1306 1300/1300
f 1302/1302 1307/1307 1300/1300
f 1309/1309 1308/1308 1306/1306
f 1307/1307 1309/1309 1306/1306
f 1300/1300 1310/1310 1303/1303
f 1300/1300 1306/1306 1310/1310
f 1303/1303 1311/1311 1304/1304
f 1303/1303 1310/1310 1311/1311
f 1304/1304 1312/1312 1305/1305
f 1304/1304 1311/1311 1312/1312
f 1314/1314 1313/1313 1306/1306
f 1308/1308 1314/1314 1306/1306
f 1315/1315 1313/1313 1314/1314
f 1316/1316 1315/1315 1314/1314
f 1306/1306 1317/1317 1310/1310
f 1306/1306 1313/1313 1317/1317
f 1310/1310 1318/1318 1311/1311
f 1310/1310 1317/1317 1318/1318
f 1311/1311 1319/1319 1312/1312
f 1311/1311 1318/1318 1319/1319
f 1321/1321 1320/1320 1313/1313
f 1322/1322 1321/1321 1313/1313
f 1315/1315 1322/1322 1313/1313
f 1323/1323 1320/1320 1321/1321
f 1313/1313 1324/1324 1317/1317
f 1313/1313 1320/1320 1324/1324
f 1317/1317 1325/1325 1318/1318
f 1317/1317 1324/1324 1325/1325
f 1318/1318 1326/1326 1319/1319
f 1318/1318 1325/1325 1326/1326
f 1327/1327 1320/1320 1323/1323
f 1328/1328 1327/1327 1323/1323
f 1329/1329 1324/1324 1320/1320
f 1330/1330 1329/1329 1320/1320
f 1330/1330 1320/1320 1327/1327
f 1331/1331 1330/1330 1327/1327
f 1324/1324 1332/1332 1325/1325
f 1333/1333 1332/1332 1324/1324
f 1329/1329 1333/1333 1324/1324
f 1334/1334 1326/1326 1325/1325
f 1335/1335 1334/1334 1325/1325
f 1336/1336 1335/1335 1325/1325
f 1336/1336 1325/1325 1332/1332
f 1337/1337 1336/1336 1332/1332
f 1338/1338 1332/1332 1333/1333
f 1339/1339 1338/1338 1333/1333
f 1337/1337 1332/1332 1340/1340
f 1341/1341 1337/1337 1340/1340
f 1340/1340 1332/1332 1338/1338
