# OSM contributors ODbL; elevations USGS 3DEP
# Centimeters, Z up. Explicit orientation verification required on import.
o Park_Gravel_3_16
v -11410.854675 1035.303511 -145.958333
v -11410.854675 1101.970177 -145.437500
v -11477.521342 1035.303511 -145.697917
v -11477.521342 1101.970177 -145.697917
v -11394.791233 1051.366953 -145.958333
v -11398.084112 1035.303511 -146.008218
v -11388.045382 1084.274809 -145.753943
v -11384.417972 1101.970177 -145.644037
v -8744.188009 1035.303511 -172.000000
v -8744.188009 1101.970177 -173.562500
v -8755.255166 1090.903020 -173.562500
v -8760.282231 1067.322382 -173.127651
v -8767.108211 1035.303511 -172.537192
v -8752.895802 1101.970177 -173.698559
v -8677.521342 1035.303511 -169.916667
v -8677.521342 1101.970177 -170.177083
v -8610.854675 1035.303511 -170.958333
v -8610.854675 1101.970177 -168.875000
v -8544.188009 1035.303511 -179.552083
v -8544.188009 1101.970177 -173.302083
v -8477.521342 1101.970177 -184.500000
v -8480.816141 1035.303511 -191.929401
v -8477.521342 1050.758546 -190.701408
v -8473.047525 1071.744042 -189.558264
v -8466.603732 1101.970177 -187.911753
v -11410.854675 1168.636844 -145.437500
v -11477.521342 1168.636844 -145.697917
v -11377.601290 1135.223562 -145.697292
v -11374.803659 1148.871068 -145.719149
v -11370.751831 1168.636844 -145.750803
v -8744.188009 1142.816140 -175.636709
v -8677.521342 1168.636844 -171.218750
v -8738.683393 1168.636844 -176.474864
v -8610.854675 1168.636844 -167.312500
v -8544.188009 1168.636844 -167.572917
v -8477.521342 1168.636844 -174.343750
v -8463.645621 1115.845898 -186.939092
v -8459.659036 1134.545920 -185.398359
v -8452.391323 1168.636844 -182.589537
v -11410.854675 1235.303511 -145.437500
v -11477.521342 1235.303511 -145.437500
v -11360.411347 1219.080172 -145.831588
v -11357.085691 1235.303511 -145.857570
v -8677.521342 1235.303511 -173.822917
v -8737.191924 1175.632928 -176.619975
v -8724.470983 1235.303511 -177.674254
v -8733.505252 1192.926136 -176.925517
v -8610.854675 1235.303511 -167.572917
v -8544.188009 1235.303511 -167.052083
v -8477.521342 1235.303511 -173.041667
v -8446.270546 1197.347797 -182.018418
v -8445.582379 1200.575807 -181.954206
v -8438.178914 1235.303511 -183.184636
v -11410.854675 1301.970177 -144.916667
v -11477.521342 1301.970177 -144.916667
v -11344.188009 1301.970177 -145.697917
v -11348.320213 1278.063587 -145.759019
v -11344.188009 1298.221458 -145.712560
v -11343.419551 1301.970177 -145.706922
v -8677.521342 1301.970177 -173.302083
v -8719.128683 1260.362837 -177.040243
v -8720.116763 1255.728014 -177.157506
v -8710.258574 1301.970177 -175.476040
v -8610.854675 1301.970177 -167.572917
v -8544.188009 1301.970177 -166.270833
v -8477.521342 1301.970177 -171.739583
v -8427.519137 1285.305715 -183.589007
v -8423.966505 1301.970177 -184.082300
v -11410.854675 1368.636844 -144.135417
v -11477.521342 1368.636844 -144.135417
v -11344.188009 1368.636844 -145.177083
v -11343.221405 1302.936781 -145.705468
v -11335.078490 1342.659846 -145.522365
v -11329.753411 1368.636844 -145.402624
v -8677.521342 1368.636844 -173.041667
v -8701.065441 1345.092745 -174.697111
v -8706.728273 1318.529891 -175.176920
v -8696.046165 1368.636844 -173.837655
v -8610.854675 1368.636844 -166.531250
v -8544.188009 1368.636844 -164.447917
v -8477.521342 1368.636844 -170.437500
v -8410.854675 1368.636844 -186.583333
v -8419.493567 1322.951551 -184.949255
v -8410.854675 1363.474316 -186.623666
v -8409.754096 1368.636844 -186.922965
v -11410.854675 1435.303511 -143.093750
v -11477.521342 1435.303511 -142.833333
v -11344.188009 1435.303511 -144.395833
v -11326.031462 1386.793391 -145.389855
v -11321.836767 1407.256105 -145.248371
v -11316.087270 1435.303511 -145.054444
v -8677.521342 1435.303511 -172.260417
v -8683.002199 1429.822654 -172.560151
v -8693.339784 1381.331768 -173.572597
v -8681.833756 1435.303511 -172.395180
v -8610.854675 1435.303511 -166.270833
v -8544.188009 1435.303511 -163.666667
v -8477.521342 1435.303511 -169.395833
v -8410.854675 1435.303511 -185.541667
v -8409.455896 1370.035624 -186.965812
v -8406.105077 1385.753429 -187.688817
v -8395.541687 1435.303511 -189.968077
v -11410.854675 1501.970177 -142.052083
v -11477.521342 1501.970177 -142.312500
v -11344.188009 1501.970177 -143.875000
v -11308.841519 1470.650000 -145.086194
v -11308.595044 1471.852364 -145.083541
v -11302.421130 1501.970177 -145.017063
v -8677.521342 1455.531910 -172.181399
v -8679.951294 1444.133645 -172.301860
v -8610.854675 1501.970177 -167.052083
v -8667.621347 1501.970177 -171.265235
v -8544.188009 1501.970177 -163.145833
v -8477.521342 1501.970177 -167.052083
v -8410.854675 1501.970177 -180.593750
v -8392.716588 1448.555306 -189.542352
v -8391.392654 1454.765532 -189.342843
v -8381.329278 1501.970177 -188.551767
v -11410.854675 1568.636844 -141.531250
v -11477.521342 1568.636844 -142.572917
v -11344.188009 1568.636844 -143.093750
v -11291.651576 1554.506610 -145.106323
v -11288.754990 1568.636844 -145.042567
v -8610.854675 1568.636844 -166.791667
v -8664.938957 1514.552562 -171.017001
v -8666.562804 1506.935523 -171.167275
v -8653.408938 1568.636844 -170.116218
v -8544.188009 1568.636844 -162.364583
v -8477.521342 1568.636844 -164.187500
v -8410.854675 1568.636844 -174.343750
v -8373.329412 1539.495441 -186.603655
v -8367.116869 1568.636844 -185.449052
v -11410.854675 1635.303511 -141.010417
v -11477.521342 1635.303511 -142.052083
v -11344.188009 1635.303511 -142.312500
v -11277.521342 1635.303511 -144.916667
v -11282.111598 1601.044882 -145.022936
v -11277.521342 1623.437237 -145.009372
v -11275.088850 1635.303511 -144.964176
v -8610.854675 1635.303511 -166.531250
v -8646.875715 1599.282471 -169.486101
v -8653.174315 1569.737400 -170.093589
v -8639.196529 1635.303511 -168.856168
v -8544.188009 1635.303511 -161.322917
v -8477.521342 1635.303511 -162.104167
v -8410.854675 1635.303511 -169.395833
v -8365.939609 1574.159060 -185.208687
v -8355.266170 1624.225349 -183.029454
v -8352.904460 1635.303511 -182.751547
v -11410.854675 1701.970177 -140.750000
v -11477.521342 1701.970177 -142.052083
v -11344.188009 1701.970177 -141.531250
v -11277.521342 1701.970177 -144.135417
v -11274.461634 1638.363219 -144.964475
v -11268.869875 1665.641141 -144.797711
v -11261.422709 1701.970177 -144.575614
v -8610.854675 1701.970177 -167.833333
v -8628.812474 1684.012379 -168.955696
v -8624.984120 1701.970177 -168.716424
v -8626.397336 1695.341154 -168.804750
v -8544.188009 1701.970177 -161.843750
v -8477.521342 1701.970177 -160.281250
v -8410.854675 1701.970177 -165.750000
v -8344.188009 1701.970177 -179.552083
v -8352.551119 1636.960937 -182.703495
v -8344.188009 1676.190086 -181.566153
v -8339.162630 1699.762815 -181.196813
v -8338.692051 1701.970177 -181.162227
v -11410.854675 1768.636844 -141.010417
v -11477.521342 1768.636844 -142.833333
v -11344.188009 1768.636844 -141.010417
v -11277.521342 1768.636844 -143.614583
v -11257.271691 1722.219829 -144.610018
v -11255.628152 1730.237400 -144.598741
v -11247.756569 1768.636844 -144.544732
v -8610.854675 1768.247680 -169.127816
v -8544.188009 1768.636844 -163.666667
v -8610.771711 1768.636844 -169.128611
v -8477.521342 1768.636844 -160.541667
v -8410.854675 1768.636844 -164.708333
v -8344.188009 1768.636844 -177.468750
v -8337.202928 1708.955258 -181.298353
v -8325.774140 1762.564692 -182.837405
v -8324.479642 1768.636844 -183.011728
v -11410.854675 1835.303511 -141.270833
v -11477.521342 1835.303511 -143.093750
v -11344.188009 1835.303511 -141.010417
v -11277.521342 1835.303511 -142.833333
v -11242.386429 1794.833659 -144.507887
v -11240.081748 1806.076438 -144.492074
v -11234.090429 1835.303511 -144.360201
v -8544.188009 1835.303511 -165.229167
v -8610.749232 1768.742288 -169.129238
v -8596.559302 1835.303511 -168.706948
v -8599.620357 1820.944909 -168.798044
v -8477.521342 1835.303511 -163.145833
v -8410.854675 1835.303511 -165.489583
v -8344.188009 1835.303511 -175.906250
v -8319.139687 1793.685166 -183.045915
v -8312.385651 1825.366569 -183.965509
v -8310.267232 1835.303511 -184.253941
v -11410.854675 1901.970177 -141.531250
v -11477.521342 1901.970177 -143.093750
v -11344.188009 1901.970177 -140.750000
v -11277.521342 1901.970177 -142.052083
v -11222.891805 1889.933047 -144.327110
v -11220.424289 1901.970177 -144.282437
v -8544.188009 1901.970177 -166.791667
v -8592.685990 1853.472196 -168.875564
v -8582.346893 1901.970177 -168.580364
v -8477.521342 1901.970177 -165.229167
v -8410.854675 1901.970177 -165.750000
v -8344.188009 1901.970177 -174.604167
v -8301.076445 1878.415075 -185.842118
v -8298.997161 1888.168446 -186.171444
v -8296.054823 1901.970177 -186.637463
v -11410.854675 1968.636844 -141.270833
v -11477.521342 1968.636844 -143.093750
v -11344.188009 1968.636844 -140.229167
v -11277.521342 1968.636844 -141.010417
v -11210.854675 1968.636844 -143.875000
v -11215.902983 1924.026178 -144.200582
v -11210.854675 1948.653016 -144.109185
v -11206.758148 1968.636844 -143.987014
v -8544.188009 1968.636844 -166.791667
v -8574.622748 1938.202104 -168.218295
v -8568.134484 1968.636844 -167.914158
v -8572.843378 1946.548663 -168.134887
v -8477.521342 1968.636844 -163.666667
v -8410.854675 1968.636844 -163.666667
v -8344.188009 1968.636844 -173.822917
v -8285.608672 1950.970324 -189.057594
v -8283.013203 1963.144983 -189.658904
v -8281.842414 1968.636844 -189.896390
v -11410.854675 2035.303511 -141.010417
v -11477.521342 2035.303511 -143.093750
v -11344.188009 2035.303511 -139.968750
v -11277.521342 2035.303511 -140.489583
v -11210.854675 2035.303511 -143.093750
v -11205.701862 1973.789657 -144.015897
v -11202.661260 1988.622437 -143.960849
v -11193.092008 2035.303511 -143.787604
v -8544.188009 2035.303511 -167.833333
v -8556.559506 2022.932013 -168.219943
v -8559.454888 2009.350540 -168.143453
v -8553.922075 2035.303511 -168.251594
v -8477.521342 2035.303511 -164.447917
v -8410.854675 2035.303511 -164.447917
v -8344.188009 2035.303511 -174.083333
v -8277.521342 2035.303511 -189.187500
v -8277.521342 1988.905856 -190.456186
v -8267.630005 2035.303511 -191.892162
v -11410.854675 2101.970177 -140.489583
v -11465.248376 2101.970177 -142.401862
v -11476.957362 2044.850972 -143.036628
v -11477.521342 2042.099745 -143.067202
v -11344.188009 2101.970177 -139.447917
v -11277.521342 2101.970177 -139.708333
v -11210.854675 2101.970177 -142.312500
v -11189.419537 2053.218696 -143.861079
v -11188.511920 2057.646266 -143.879238
v -11179.425868 2101.970177 -143.785725
v -8544.188009 2080.963450 -168.903488
v -8546.066399 2072.152418 -168.777692
v -8477.521342 2101.970177 -165.750000
v -8539.709666 2101.970177 -169.150924
v -8410.854675 2101.970177 -164.968750
v -8344.188009 2101.970177 -172.260417
v -8277.521342 2101.970177 -184.760417
v -8264.949961 2047.874892 -191.495527
v -8258.831693 2076.574078 -191.119289
v -8253.417596 2101.970177 -190.786353
v -11410.854675 2168.636844 -140.489583
v -11462.083802 2117.407717 -142.290607
v -11463.715639 2109.447231 -142.347977
v -11451.582236 2168.636844 -141.921412
v -11344.188009 2168.636844 -138.927083
v -11277.521342 2168.636844 -139.187500
v -11210.854675 2168.636844 -141.531250
v -11171.321977 2141.502876 -143.856746
v -11165.759728 2168.636844 -143.821228
v -8477.521342 2168.636844 -167.052083
v -8538.496265 2107.661921 -169.195733
v -8525.497256 2168.636844 -169.488360
v -8410.854675 2168.636844 -165.750000
v -8344.188009 2168.636844 -168.875000
v -8277.521342 2168.636844 -178.770833
v -8246.886719 2132.604800 -189.427410
v -8245.443203 2139.375955 -189.168666
v -8239.205187 2168.636844 -188.050527
v -11410.854675 2235.303511 -140.489583
v -11444.893860 2201.264326 -141.686273
v -11450.473916 2174.043490 -141.882447
v -11437.916096 2235.303511 -141.546670
v -11344.188009 2235.303511 -138.666667
v -11277.521342 2235.303511 -138.666667
v -11210.854675 2235.303511 -140.489583
v -11162.936091 2182.411214 -143.857003
v -11154.132034 2225.359485 -143.968551
v -11152.093587 2235.303511 -143.932616
v -8477.521342 2235.303511 -169.135417
v -8520.433023 2192.391830 -169.973535
v -8511.284847 2235.303511 -170.322415
v -8519.289419 2197.756172 -170.017148
v -8410.854675 2235.303511 -167.572917
v -8344.188009 2235.303511 -168.354167
v -8277.521342 2235.303511 -174.083333
v -8232.054713 2202.177832 -187.816990
v -8228.823478 2217.334708 -187.711457
v -8224.992778 2235.303511 -187.420664
v -11410.854675 2301.970177 -141.010417
v -11427.703917 2285.120936 -141.536955
v -11437.232193 2238.639749 -141.546019
v -11424.249955 2301.970177 -141.533670
v -11344.188009 2301.970177 -138.927083
v -11277.521342 2301.970177 -138.406250
v -11210.854675 2301.970177 -139.708333
v -11144.188009 2301.970177 -143.354167
v -11149.694368 2247.007473 -143.890321
v -11144.188009 2273.868795 -143.793251
v -11138.427447 2301.970177 -143.534184
v -8477.521342 2301.970177 -170.437500
v -8502.369781 2277.121738 -170.825757
v -8505.900930 2260.558049 -170.626389
v -8497.072438 2301.970177 -170.819357
v -8410.854675 2301.970177 -169.656250
v -8344.188009 2301.970177 -169.656250
v -8277.521342 2301.970177 -173.302083
v -8210.854675 2301.970177 -189.968750
v -8218.837527 2264.176174 -188.532385
v -8210.854675 2299.578760 -190.006116
v -8210.315440 2301.970177 -190.158325
v -11410.854675 2367.315524 -141.776182
v -11344.188009 2368.636844 -139.187500
v -11410.583815 2368.636844 -141.781086
v -11410.748747 2367.832267 -141.778100
v -11277.521342 2368.636844 -138.145833
v -11210.854675 2368.636844 -138.927083
v -11144.188009 2368.636844 -142.572917
v -11136.942091 2309.216095 -143.552297
v -11136.452645 2311.603732 -143.543436
v -11124.761307 2368.636844 -143.331772
v -8477.521342 2368.636844 -170.958333
v -8483.707933 2362.450253 -171.030832
v -8492.160416 2324.964932 -170.903066
v -8492.512440 2323.359926 -170.897402
v -8482.312933 2368.636844 -171.051919
v -8410.854675 2368.636844 -169.656250
v -8344.188009 2368.636844 -169.135417
v -8277.521342 2368.636844 -172.520833
v -8210.854675 2368.636844 -188.927083
v -8210.158449 2302.666403 -190.199919
v -8204.940678 2325.806331 -191.652348
v -8195.282920 2368.636844 -194.340702
v -11344.188009 2435.303511 -139.708333
v -11410.513974 2368.977545 -141.781020
v -11396.917675 2435.303511 -141.974061
v -11397.507024 2432.428526 -141.965694
v -11277.521342 2435.303511 -138.145833
v -11210.854675 2435.303511 -138.666667
v -11144.188009 2435.303511 -142.052083
v -11119.752149 2393.072704 -143.431990
v -11111.095167 2435.303511 -143.474041
v -8477.521342 2389.886732 -171.207355
v -8478.082846 2387.396558 -171.189141
v -8410.854675 2435.303511 -169.656250
v -8467.280412 2435.303511 -171.419554
v -8344.188009 2435.303511 -167.833333
v -8277.521342 2435.303511 -170.958333
v -8210.854675 2435.303511 -187.625000
v -8190.749433 2388.742087 -196.309477
v -8180.250399 2435.303511 -199.460247
v -11344.188009 2501.970177 -140.489583
v -11393.324031 2452.834155 -142.025084
v -11383.251535 2501.970177 -142.015502
v -11277.521342 2501.970177 -138.406250
v -11210.854675 2501.970177 -138.145833
v -11144.188009 2501.970177 -141.270833
v -11109.969198 2440.796250 -143.500967
v -11102.562206 2476.929314 -143.678091
v -11097.429026 2501.970177 -143.645313
v -8410.854675 2501.970177 -169.395833
v -8464.298917 2448.525936 -171.274732
v -8452.247892 2501.970177 -171.174448
v -8464.005276 2449.828185 -171.272289
v -8344.188009 2501.970177 -167.312500
v -8277.521342 2501.970177 -169.135417
v -8210.854675 2501.970177 -181.375000
v -8176.785537 2450.669584 -199.719747
v -8171.340416 2474.817770 -200.127559
v -8165.217879 2501.970177 -200.093217
v -11344.188009 2568.636844 -141.270833
v -11376.134088 2536.690764 -142.144359
v -11369.585394 2568.636844 -142.064502
v -11371.023578 2561.621045 -142.082039
v -11277.521342 2568.636844 -138.927083
v -11210.854675 2568.636844 -137.885417
v -11144.188009 2568.636844 -139.708333
v -11085.372263 2560.785923 -143.798072
v -11083.762886 2568.636844 -143.720939
v -8410.854675 2568.636844 -169.656250
v -8444.889900 2534.601619 -170.985751
v -8449.927705 2512.259811 -171.114946
v -8437.215372 2568.636844 -170.994879
v -8344.188009 2568.636844 -167.052083
v -8277.521342 2568.636844 -167.833333
v -8210.854675 2568.636844 -173.041667
v -8162.707967 2513.101211 -199.383449
v -8151.931399 2560.893453 -196.335988
v -8150.185359 2568.636844 -196.029650
v -11344.188009 2635.303511 -141.791667
v -11358.944146 2620.547374 -142.137514
v -11355.919254 2635.303511 -142.112443
v -11357.781855 2626.217304 -142.127880
v -11277.521342 2635.303511 -139.447917
v -11210.854675 2635.303511 -138.406250
v -11144.188009 2635.303511 -139.708333
v -11077.521342 2635.303511 -143.354167
v -11083.485752 2569.988769 -143.723500
v -11077.521342 2599.084574 -143.778607
v -11070.244029 2634.585028 -143.590002
v -11070.096746 2635.303511 -143.586185
v -8410.854675 2635.303511 -170.958333
v -8425.480884 2620.677303 -171.415402
v -8435.850135 2574.691438 -171.043804
v -8422.182852 2635.303511 -171.400840
v -8344.188009 2635.303511 -168.093750
v -8277.521342 2635.303511 -167.833333
v -8210.854675 2635.303511 -171.218750
v -8144.188009 2635.303511 -194.656250
v -8148.630397 2575.532837 -196.241710
v -8144.188009 2595.234072 -196.847547
v -8135.152839 2635.303511 -200.832635
v -11344.188009 2692.531303 -142.462305
v -11344.540132 2690.813563 -142.451803
v -11277.521342 2701.970177 -139.968750
v -11342.253114 2701.970177 -142.497335
v -11210.854675 2701.970177 -139.187500
v -11144.188009 2701.970177 -140.489583
v -11077.521342 2701.970177 -143.354167
v -11068.182320 2644.642532 -143.646011
v -11057.002306 2699.181287 -143.995387
v -11056.430606 2701.970177 -144.013252
v -8410.854675 2685.542045 -172.135799
v -8421.772565 2637.123064 -171.427459
v -8344.188009 2701.970177 -169.656250
v -8407.150332 2701.970177 -172.361662
v -8407.694995 2699.554691 -172.328453
v -8277.521342 2701.970177 -168.354167
v -8210.854675 2701.970177 -170.177083
v -8144.188009 2701.970177 -189.447917
v -8134.552827 2637.964464 -201.086885
v -8132.522383 2646.969137 -201.947266
v -8120.475256 2700.396090 -206.243921
v -8120.120319 2701.970177 -206.370511
v -11277.521342 2768.636844 -140.750000
v -11341.754203 2704.403983 -142.506367
v -11328.586974 2768.636844 -142.345801
v -11331.298409 2755.409822 -142.378865
v -11210.854675 2768.636844 -139.708333
v -11144.188009 2768.636844 -140.229167
v -11077.521342 2768.636844 -142.572917
v -11050.992377 2728.499142 -144.079568
v -11043.760583 2763.777546 -143.948641
v -11042.764465 2768.636844 -143.930607
v -8344.188009 2768.636844 -170.958333
v -8406.071867 2706.752986 -172.408736
v -8392.117812 2768.636844 -173.205043
v -8393.617424 2761.986317 -173.119465
v -8277.521342 2768.636844 -169.135417
v -8210.854675 2768.636844 -169.656250
v -8144.188009 2768.636844 -186.583333
v -8113.113366 2733.044820 -209.112339
v -8106.397686 2762.827717 -212.370936
v -8105.087799 2768.636844 -213.006522
v -11277.521342 2835.303511 -141.531250
v -11324.564260 2788.260593 -142.450057
v -11314.920833 2835.303511 -142.115617
v -11210.854675 2835.303511 -139.968750
v -11144.188009 2835.303511 -139.968750
v -11077.521342 2835.303511 -141.791667
v -11033.802435 2812.355751 -143.939133
v -11030.518860 2828.373805 -143.892512
v -11029.098325 2835.303511 -143.872343
v -8344.188009 2835.303511 -171.739583
v -8386.662850 2792.828669 -173.232839
v -8377.085292 2835.303511 -173.281643
v -8277.521342 2835.303511 -169.395833
v -8210.854675 2835.303511 -169.395833
v -8144.188009 2835.303511 -182.937500
v -8093.704349 2819.120503 -210.444750
v -8092.320116 2825.259343 -210.838999
v -8090.055279 2835.303511 -211.484057
v -11277.521342 2901.970177 -142.052083
v -11307.374317 2872.117202 -142.285310
v -11301.254693 2901.970177 -142.237500
v -11210.854675 2901.970177 -140.750000
v -11144.188009 2901.970177 -139.968750
v -11077.521342 2901.970177 -141.270833
v -11016.612492 2896.212361 -143.932993
v -11015.432185 2901.970177 -143.938727
v -8344.188009 2901.970177 -172.781250
v -8367.253834 2878.904352 -173.502057
v -8362.052771 2901.970177 -173.548877
v -8365.462284 2886.849570 -173.518184
v -8277.521342 2901.970177 -169.656250
v -8210.854675 2901.970177 -168.875000
v -8144.188009 2901.970177 -177.208333
v -8077.521342 2901.970177 -207.677083
v -8078.242546 2887.690970 -209.527887
v -8077.521342 2890.889385 -209.408457
v -8075.022758 2901.970177 -208.340770
v -11277.521342 2968.636844 -142.572917
v -11290.184375 2955.973811 -142.572917
v -11291.573240 2949.198599 -142.530836
v -11287.588553 2968.636844 -142.533592
v -11210.854675 2968.636844 -141.270833
v -11144.188009 2968.636844 -140.489583
v -11077.521342 2968.636844 -141.270833
v -11010.854675 2968.636844 -144.135417
v -11010.854675 2924.300353 -144.135417
v -11001.766045 2968.636844 -144.312929
v -8344.188009 2968.636844 -174.343750
v -8347.844817 2964.980036 -174.415172
v -8351.384714 2949.281197 -174.199335
v -8347.020251 2968.636844 -174.410131
v -8277.521342 2968.636844 -170.697917
v -8210.854675 2968.636844 -169.656250
v -8144.188009 2968.636844 -175.385417
v -8077.521342 2968.636844 -199.083333
v -8074.295333 2905.196187 -208.332366
v -8064.164975 2950.122596 -205.904667
v -8059.990238 2968.636844 -204.904208
v -11277.521342 3017.747082 -142.764754
v -11278.331517 3013.794858 -142.746150
v -11210.854675 3035.303511 -141.791667
v -11273.922413 3035.303511 -142.777100
v -11144.188009 3035.303511 -140.750000
v -11077.521342 3035.303511 -141.531250
v -11010.854675 3035.303511 -144.135417
v -10999.422549 2980.068970 -144.358700
v -10990.793691 3022.162582 -144.527233
v -10988.099904 3035.303511 -144.579846
v -8344.188009 2981.197358 -174.589073
v -8277.521342 3035.303511 -172.260417
v -8331.987731 3035.303511 -175.026288
v -8337.307143 3011.712823 -174.835659
v -8210.854675 3035.303511 -170.697917
v -8144.188009 3035.303511 -174.083333
v -8077.521342 3035.303511 -192.833333
v -8054.886316 2991.271870 -205.361016
v -8050.087405 3012.554223 -205.146642
v -8044.957718 3035.303511 -204.917491
v -11210.854675 3101.970177 -142.312500
v -11272.994432 3039.830421 -142.797967
v -11260.256272 3101.970177 -142.698450
v -11144.188009 3101.970177 -141.010417
v -11077.521342 3101.970177 -141.010417
v -11010.854675 3101.970177 -143.614583
v -10982.232606 3063.925580 -144.694441
v -10977.551968 3086.758841 -144.644043
v -10974.433764 3101.970177 -144.610468
v -8277.521342 3101.970177 -173.041667
v -8328.435800 3051.055719 -175.030513
v -8316.955211 3101.970177 -175.352245
v -8323.229573 3074.144450 -175.176412
v -8210.854675 3101.970177 -170.697917
v -8144.188009 3101.970177 -171.479167
v -8077.521342 3101.970177 -183.458333
v -8036.009835 3074.985849 -205.137811
v -8035.477299 3077.347553 -205.150924
v -8029.925198 3101.970177 -204.095724
v -11210.854675 3168.636844 -142.833333
v -11255.804489 3123.687030 -142.833333
v -11246.590132 3168.636844 -142.972925
v -11251.848070 3142.987377 -142.893271
v -11144.188009 3168.636844 -141.270833
v -11077.521342 3168.636844 -140.750000
v -11010.854675 3168.636844 -142.833333
v -10965.042664 3147.782189 -144.509349
v -10964.310245 3151.355101 -144.490367
v -10960.767624 3168.636844 -144.398554
v -8277.521342 3168.636844 -174.083333
v -8309.026784 3137.131402 -175.437083
v -8309.152003 3136.576076 -175.435743
v -8301.922691 3168.636844 -175.608418
v -8210.854675 3168.636844 -171.218750
v -8144.188009 3168.636844 -170.958333
v -8077.521342 3168.636844 -178.510417
v -8016.068283 3163.423237 -199.061649
v -8014.892678 3168.636844 -199.060447
v -11210.854675 3235.303511 -143.875000
v -11238.614546 3207.543640 -143.549689
v -11232.923992 3235.303511 -143.702583
v -11144.188009 3235.303511 -141.791667
v -11077.521342 3235.303511 -141.010417
v -11010.854675 3235.303511 -142.052083
v -10947.852721 3231.638799 -144.309942
v -10947.101484 3235.303511 -144.293406
v -8277.521342 3235.303511 -175.645833
v -8289.617767 3223.207086 -176.118350
v -8295.074433 3199.007703 -175.892219
v -8286.890171 3235.303511 -176.231385
v -8210.854675 3235.303511 -172.000000
v -8144.188009 3235.303511 -171.479167
v -8077.521342 3235.303511 -174.083333
v -8010.854675 3235.303511 -182.156250
v -8010.854675 3186.544698 -195.488738
v -8007.854694 3199.849102 -192.038314
v -7999.860158 3235.303511 -182.843407
v -11210.854675 3301.970177 -144.656250
v -11221.424603 3291.400249 -144.449806
v -11225.364624 3272.179895 -144.193786
v -11219.257852 3301.970177 -144.492125
v -11144.188009 3301.970177 -142.572917
v -11077.521342 3301.970177 -141.010417
v -11010.854675 3301.970177 -141.791667
v -10944.188009 3301.970177 -143.875000
v -10944.188009 3249.516132 -144.284797
v -10933.435343 3301.970177 -144.127016
v -8277.521342 3276.852670 -176.295039
v -8210.854675 3301.970177 -172.781250
v -8271.857650 3301.970177 -176.355643
v -8144.188009 3286.876610 -171.680624
v -8154.992603 3291.165583 -171.781789
v -8178.239568 3300.393658 -172.253164
v -8179.863514 3301.970177 -172.297013
v -8077.521342 3271.071663 -172.965579
v -8103.627925 3275.863595 -171.796042
v -8127.468181 3280.239536 -171.720010
v -8010.854675 3258.834823 -178.847159
v -8047.300334 3265.524518 -173.493079
v -7996.659266 3249.498920 -180.381824
v -7995.201981 3255.961730 -179.495761
v -8002.697993 3257.337642 -179.185148
v -11210.854675 3342.962861 -145.136633
v -11212.122901 3336.776154 -145.039362
v -11144.188009 3368.636844 -143.614583
v -11205.591711 3368.636844 -145.293591
v -11077.521342 3368.636844 -141.010417
v -11010.854675 3368.636844 -141.010417
v -10944.188009 3368.636844 -143.354167
v -10930.662778 3315.495408 -144.139165
v -10924.585076 3345.143878 -144.073723
v -10919.769203 3368.636844 -144.021868
v -8210.854675 3332.056253 -172.663726
v -8217.433564 3338.443008 -173.024260
v -8224.553963 3354.937556 -173.377039
v -8270.208750 3309.282769 -176.230463
v -8266.919292 3323.870956 -175.980736
v -8230.467699 3368.636844 -173.670034
v -8256.825130 3368.636844 -175.214415
v -8195.588719 3317.236134 -172.483087
v -11144.188009 3435.303511 -145.177083
v -11204.234661 3375.256859 -145.411641
v -11191.925571 3435.303511 -146.109458
v -11077.521342 3435.303511 -141.270833
v -11010.854675 3435.303511 -141.010417
v -10944.188009 3435.303511 -142.833333
v -10913.472835 3399.352017 -144.074054
v -10911.343353 3409.740137 -144.059443
v -10906.103063 3435.303511 -144.023488
v -8252.841722 3386.302583 -174.912005
v -8239.083239 3388.594916 -174.096890
v -8239.353091 3406.805095 -174.041568
v -8250.799734 3395.358452 -174.756983
v -8241.792610 3435.303511 -173.710632
v -8239.775400 3435.303511 -173.616076
v -11144.188009 3501.970177 -148.041667
v -11187.044718 3459.113468 -147.037213
v -11178.259431 3501.970177 -148.041667
v -11077.521342 3501.970177 -142.572917
v -11010.854675 3501.970177 -140.750000
v -10944.188009 3501.970177 -142.572917
v -10898.101630 3474.336396 -144.121060
v -10896.282892 3483.208627 -144.143239
v -10892.436923 3501.970177 -144.190138
v -8239.892627 3443.214209 -173.652472
v -8220.330444 3492.494409 -172.927995
v -8231.368456 3481.456397 -173.402285
v -8238.764152 3448.734209 -173.621137
v -8226.732040 3501.970177 -173.017001
v -8219.738505 3493.985596 -172.892022
v -8211.987110 3501.970177 -172.556222
v -11144.188009 3568.636844 -149.604167
v -11169.854775 3542.970078 -149.002602
v -11172.397732 3530.564931 -148.711856
v -11164.593291 3568.636844 -149.205626
v -11077.521342 3568.636844 -143.875000
v -11010.854675 3568.636844 -140.489583
v -10944.188009 3568.636844 -142.052083
v -10879.092950 3567.065236 -144.352860
v -10878.770783 3568.636844 -144.351908
v -8224.535216 3511.690005 -173.024286
v -8210.854675 3503.136679 -172.529947
v -8210.854675 3568.636844 -173.041667
v -8211.900821 3567.590699 -173.066186
v -8211.664376 3568.636844 -173.054318
v -8144.188009 3549.368161 -172.445565
v -8144.188009 3568.636844 -172.520833
v -8178.092763 3534.732090 -172.520833
v -8181.689155 3533.179592 -172.536801
v -8077.521342 3555.629713 -171.479167
v -8077.521342 3568.636844 -171.479167
v -8090.724121 3555.434065 -171.633887
v -8131.537247 3554.829267 -172.269229
v -8010.854675 3568.636844 -170.437500
v -8032.082525 3547.408995 -170.769185
v -8014.532860 3544.187708 -170.657245
v -8010.854675 3543.512567 -170.633783
v -8076.917954 3555.638655 -171.469739
v -7944.188009 3531.275727 -169.782118
v -7944.188009 3568.636844 -168.614583
v -7975.754934 3537.069918 -169.724358
v -7924.601857 3568.636844 -167.849499
v -7933.489850 3529.312052 -169.425586
v -11144.188009 3635.303511 -148.822917
v -11152.664832 3626.826687 -148.756691
v -11159.156009 3595.161190 -149.000991
v -11150.927150 3635.303511 -148.664968
v -11077.521342 3635.303511 -144.395833
v -11010.854675 3635.303511 -141.010417
v -10944.188009 3635.303511 -141.531250
v -10877.521342 3635.303511 -143.875000
v -10877.521342 3574.731911 -144.348216
v -10871.618184 3603.528914 -144.284654
v -10865.104642 3635.303511 -144.214519
v -8277.521342 3633.371156 -174.083333
v -8277.521342 3635.303511 -174.083333
v -8279.165874 3633.658979 -174.109029
v -8288.562244 3635.303511 -174.126462
v -8210.854675 3572.219353 -173.055661
v -8210.854675 3621.703304 -173.248958
v -8210.854675 3635.303511 -173.302083
v -8222.429144 3623.729042 -173.437722
v -8245.168147 3627.708772 -173.704194
v -8144.188009 3635.303511 -172.520833
v -8200.096132 3619.820368 -173.115526
v -8210.321745 3574.577296 -173.058626
v -8077.521342 3635.303511 -171.218750
v -8010.854675 3635.303511 -170.177083
v -7944.188009 3635.303511 -167.833333
v -7918.882413 3593.942440 -166.736434
v -7909.534191 3635.303511 -165.667470
v -11144.188009 3668.178639 -148.052406
v -11077.521342 3701.970177 -143.875000
v -11137.261010 3701.970177 -146.908655
v -11010.854675 3701.970177 -140.750000
v -10944.188009 3701.970177 -141.010417
v -10877.521342 3701.970177 -143.354167
v -10861.903007 3650.921846 -144.363073
v -10858.376461 3668.125173 -144.366428
v -10851.438502 3701.970177 -144.373028
v -8610.854675 3691.710417 -170.217161
v -8610.854675 3701.970177 -170.177083
v -8619.586254 3693.238599 -170.040652
v -8669.475920 3701.970177 -169.261126
v -8544.188009 3680.042565 -171.304405
v -8544.188009 3701.970177 -171.218750
v -8562.849524 3683.308662 -171.000060
v -8477.521342 3701.970177 -172.260417
v -8506.112794 3673.378725 -171.925361
v -8498.377225 3672.024863 -172.051517
v -8477.521342 3668.374713 -172.391649
v -8410.854675 3701.970177 -173.041667
v -8449.376064 3663.448789 -172.740718
v -8435.074956 3660.945841 -173.049368
v -8410.854675 3656.706861 -173.572096
v -8344.188009 3645.039009 -174.153604
v -8344.188009 3701.970177 -173.041667
v -8392.639334 3653.518852 -173.609456
v -8277.521342 3701.970177 -173.041667
v -8335.902604 3643.588915 -174.181926
v -8308.470417 3638.787795 -174.149786
v -8210.854675 3701.970177 -172.781250
v -8144.188009 3701.970177 -172.520833
v -8077.521342 3701.970177 -171.739583
v -8010.854675 3701.970177 -170.697917
v -7944.188009 3701.970177 -168.354167
v -7908.783565 3638.624644 -165.633529
v -7899.414767 3680.076753 -165.209901
v -7894.570094 3701.511935 -165.055647
v -7894.479522 3701.970177 -165.053212
v -11077.521342 3768.636844 -143.093750
v -11135.474890 3710.683296 -146.715847
v -11123.594870 3768.636844 -145.073472
v -11010.854675 3768.636844 -140.750000
v -10944.188009 3768.636844 -140.750000
v -10877.521342 3768.636844 -142.833333
v -10845.134738 3732.721432 -144.739390
v -10844.713064 3734.778455 -144.763897
v -10837.772362 3768.636844 -144.851836
v -9010.854675 3767.597796 -164.683981
v -9010.854675 3768.636844 -164.708333
v -9011.706095 3767.785424 -164.675075
v -9015.569664 3768.636844 -164.616244
v -8944.188009 3768.636844 -165.750000
v -8957.077909 3755.746943 -165.246488
v -8947.329895 3753.598761 -165.441392
v -8944.188009 3752.906380 -165.504211
v -9010.475513 3767.514240 -164.687947
v -8877.521342 3738.381826 -166.413066
v -8877.521342 3768.636844 -166.531250
v -8902.449724 3743.708462 -165.849615
v -8884.184277 3739.683283 -166.261988
v -8878.190843 3738.499000 -166.397833
v -8810.854675 3726.713974 -167.476261
v -8810.854675 3768.636844 -167.312500
v -8846.533174 3732.958345 -166.755023
v -8744.188009 3768.636844 -168.354167
v -8789.796444 3723.028409 -167.819693
v -8751.586304 3716.340955 -168.267468
v -8744.188009 3715.046121 -168.354167
v -8677.521342 3768.636844 -169.395833
v -8733.059714 3713.098472 -168.528046
v -8688.284034 3705.261932 -169.022150
v -8677.521342 3703.378269 -169.140917
v -8610.854675 3768.636844 -170.437500
v -8676.322984 3703.168535 -169.158822
v -8544.188009 3768.636844 -171.218750
v -8477.521342 3768.636844 -172.000000
v -8410.854675 3768.636844 -172.520833
v -8344.188009 3768.636844 -172.520833
v -8277.521342 3768.636844 -173.041667
v -8210.854675 3768.636844 -172.781250
v -8144.188009 3768.636844 -172.781250
v -8077.521342 3768.636844 -172.000000
v -8010.854675 3768.636844 -170.958333
v -7944.188009 3768.636844 -169.656250
v -7884.091401 3762.066785 -166.476148
v -7893.259501 3708.142779 -165.189201
v -7893.221864 3708.239927 -165.190117
v -7893.223793 3708.323442 -165.193181
v -7893.096552 3708.967205 -165.207364
v -7883.858462 3763.440328 -166.491146
v -7882.977186 3768.636844 -166.547888
v -11077.521342 3835.303511 -142.833333
v -11118.284947 3794.539906 -144.744127
v -11119.430840 3788.949968 -144.815201
v -11109.928730 3835.303511 -143.972656
v -11010.854675 3835.303511 -141.270833
v -10944.188009 3835.303511 -141.010417
v -10877.521342 3835.303511 -141.791667
v -10827.523121 3818.635065 -143.809861
v -10824.106222 3835.303511 -143.669542
v -9277.521342 3826.363460 -160.541667
v -9277.521342 3835.303511 -160.541667
v -9284.847023 3827.977830 -160.427203
v -9318.089477 3835.303511 -159.749320
v -9210.854675 3811.672044 -161.398713
v -9210.854675 3835.303511 -161.583333
v -9230.218837 3815.939349 -161.280768
v -9263.057984 3823.176152 -160.767657
v -9144.188009 3796.980628 -162.325602
v -9144.188009 3835.303511 -162.625000
v -9175.590652 3803.900868 -161.889001
v -9199.912367 3809.260674 -161.550847
v -9077.521342 3782.289212 -163.459580
v -9077.521342 3835.303511 -163.666667
v -9120.962466 3791.862387 -162.648515
v -9136.766749 3795.345196 -162.428783
v -9010.854675 3835.303511 -164.708333
v -9066.334280 3779.823906 -163.624747
v -9073.621131 3781.429718 -163.517163
v -8944.188009 3835.303511 -165.750000
v -8877.521342 3835.303511 -166.531250
v -8810.854675 3835.303511 -167.312500
v -8744.188009 3835.303511 -168.093750
v -8677.521342 3835.303511 -169.135417
v -8610.854675 3835.303511 -170.437500
v -8544.188009 3835.303511 -171.218750
v -8477.521342 3835.303511 -172.000000
v -8410.854675 3835.303511 -172.520833
v -8344.188009 3835.303511 -172.520833
v -8277.521342 3835.303511 -173.041667
v -8210.854675 3835.303511 -173.302083
v -8144.188009 3835.303511 -173.041667
v -8077.521342 3835.303511 -172.260417
v -8010.854675 3835.303511 -171.218750
v -7944.188009 3835.303511 -170.437500
v -7877.521342 3835.303511 -169.395833
v -7877.521342 3800.807654 -167.778840
v -7871.671194 3835.303511 -169.372981
v -11077.521342 3901.970177 -142.312500
v -11101.095004 3878.396515 -143.325431
v -11106.189117 3853.546227 -143.698664
v -11096.262589 3901.970177 -142.824956
v -11010.854675 3901.970177 -140.750000
v -10944.188009 3901.970177 -139.968750
v -10877.521342 3901.970177 -140.229167
v -10810.854675 3901.970177 -140.750000
v -10818.651291 3861.913951 -142.510005
v -10816.609676 3871.873432 -142.076026
v -10816.483108 3871.865490 -142.080879
v -10810.854675 3872.588329 -142.242047
v -10744.188009 3885.115091 -142.845110
v -10744.188009 3901.970177 -141.791667
v -10768.075939 3878.082247 -142.631477
v -10763.926474 3878.615148 -142.711632
v -10715.216957 3894.655357 -143.154188
v -10693.003946 3901.970177 -143.391169
v -9610.854675 3899.820541 -156.131377
v -9610.854675 3901.970177 -156.114583
v -9612.616136 3900.208716 -156.114583
v -9620.609289 3901.970177 -156.000271
v -9544.188009 3885.129125 -156.961619
v -9544.188009 3901.970177 -156.895833
v -9557.987951 3888.170235 -156.841927
v -9578.786074 3892.753543 -156.562392
v -9477.521342 3870.437709 -157.937500
v -9477.521342 3901.970177 -157.937500
v -9503.359765 3876.131754 -157.634706
v -9515.640456 3878.838065 -157.432249
v -9410.854675 3855.746293 -158.538188
v -9410.854675 3901.970177 -158.718750
v -9448.731580 3864.093273 -158.274880
v -9452.494838 3864.922587 -158.230779
v -9344.188009 3901.970177 -159.500000
v -9394.103394 3852.054792 -158.720072
v -9389.349220 3851.007109 -158.771693
v -9344.188009 3841.054877 -159.262050
v -9277.521342 3901.970177 -160.802083
v -9339.475208 3840.016311 -159.350040
v -9326.203602 3837.091631 -159.597826
v -9210.854675 3901.970177 -161.843750
v -9144.188009 3901.970177 -162.625000
v -9077.521342 3901.970177 -163.666667
v -9010.854675 3901.970177 -164.447917
v -8944.188009 3901.970177 -165.489583
v -8877.521342 3901.970177 -166.531250
v -8810.854675 3901.970177 -167.312500
v -8744.188009 3901.970177 -168.093750
v -8677.521342 3901.970177 -169.395833
v -8610.854675 3901.970177 -170.437500
v -8544.188009 3901.970177 -171.218750
v -8477.521342 3901.970177 -172.260417
v -8410.854675 3901.970177 -173.302083
v -8344.188009 3901.970177 -173.302083
v -8277.521342 3901.970177 -173.302083
v -8210.854675 3901.970177 -173.041667
v -8144.188009 3901.970177 -172.520833
v -8144.398932 3901.759254 -172.523305
v -8145.622805 3894.542592 -172.584466
v -8150.722973 3895.435213 -172.597415
v -8188.061835 3901.970177 -172.863598
v -8144.363162 3901.970177 -172.522202
v -8077.521342 3901.970177 -172.000000
v -8010.854675 3868.310464 -171.218750
v -8035.763946 3877.060906 -171.607957
v -8056.213674 3884.244744 -171.819541
v -8075.999541 3901.970177 -171.982166
v -7944.188009 3857.524753 -170.524302
v -7946.511226 3857.855644 -170.552819
v -7983.092368 3863.065818 -171.001857
v -8004.675943 3866.139921 -171.170479
v -7877.521342 3848.029562 -169.743811
v -7888.346508 3849.571367 -169.955113
v -7924.737115 3854.754404 -170.665440
v -7870.476452 3842.348401 -169.698543
v -7869.701859 3846.915850 -169.835538
v -11077.521342 3968.636844 -140.489583
v -11097.839130 3948.319056 -141.600712
v -11088.208016 3941.262294 -141.530320
v -11092.947394 3918.142486 -142.292095
v -11125.202014 3968.636844 -141.607099
v -11124.418450 3967.793848 -141.615078
v -11010.854675 3968.636844 -139.447917
v -10944.188009 3968.636844 -138.927083
v -10877.521342 3968.636844 -139.187500
v -10810.854675 3968.636844 -139.708333
v -10744.188009 3968.636844 -139.708333
v -10677.521342 3968.636844 -140.750000
v -10677.521342 3907.068652 -143.636009
v -10610.854675 3943.787145 -144.518996
v -10610.854675 3968.636844 -143.354167
v -10669.919583 3909.571937 -143.815611
v -10666.507439 3910.695567 -143.896228
v -10623.654366 3933.702490 -144.491727
v -10579.314827 3968.636844 -144.832597
v -9877.521342 3958.586205 -152.144218
v -9877.521342 3968.636844 -151.947917
v -9885.757064 3960.401122 -152.044429
v -9923.129102 3968.636844 -151.591606
v -9810.854675 3943.894789 -153.212410
v -9810.854675 3968.636844 -152.729167
v -9831.128879 3948.362641 -152.887559
v -9831.368545 3948.415456 -152.883719
v -9744.188009 3929.203373 -154.232944
v -9744.188009 3968.636844 -153.770833
v -9776.500693 3936.324160 -153.897055
v -9677.521342 3968.636844 -154.291667
v -9721.872508 3924.285679 -154.464913
v -9705.077309 3920.584500 -154.719563
v -9677.521342 3914.511957 -155.137368
v -9610.854675 3968.636844 -155.593750
v -9667.244322 3912.247197 -155.373478
v -9641.931691 3906.669022 -155.713690
v -9544.188009 3968.636844 -156.635417
v -9477.521342 3968.636844 -157.937500
v -9410.854675 3968.636844 -158.718750
v -9344.188009 3968.636844 -159.500000
v -9277.521342 3968.636844 -160.802083
v -9210.854675 3968.636844 -161.843750
v -9144.188009 3968.636844 -162.625000
v -9077.521342 3968.636844 -163.406250
v -9010.854675 3968.636844 -164.187500
v -8944.188009 3968.636844 -165.229167
v -8877.521342 3968.636844 -166.270833
v -8810.854675 3968.636844 -167.052083
v -8744.188009 3968.636844 -168.093750
v -8677.521342 3968.636844 -169.395833
v -8610.854675 3968.636844 -170.177083
v -8544.188009 3964.298590 -171.462220
v -8547.880084 3964.944769 -171.421478
v -8568.975511 3968.636844 -170.995036
v -8477.521342 3952.630738 -172.656202
v -8491.143354 3955.014832 -172.461984
v -8410.854675 3940.962886 -173.606714
v -8434.406624 3945.084896 -173.270918
v -8450.105974 3947.832561 -173.047082
v -8344.188009 3929.295034 -173.729034
v -8377.669893 3935.154959 -173.820596
v -8386.803704 3936.753539 -173.761727
v -8277.521342 3917.627182 -173.485564
v -8320.933163 3925.225023 -173.574601
v -8210.854675 3905.959330 -173.072832
v -8260.199165 3914.595493 -173.333054
v -8264.196433 3915.295086 -173.354134
v -8196.896896 3903.516470 -172.932622
v -8207.459703 3905.365149 -173.015143
v -8144.188009 3903.002981 -172.520833
v -8077.521342 3903.333503 -171.989349
v -8096.899913 3920.694055 -172.005115
v -8106.164823 3939.993363 -171.926721
v -8119.915537 3968.636844 -172.141576
v -8133.057170 3968.636844 -172.346914
v -8076.802236 3902.689283 -171.991573
v -11144.188009 3989.062908 -141.732926
v -11144.188009 4035.303511 -141.010417
v -11166.463522 4013.027997 -141.445485
v -11187.168579 4035.303511 -141.681988
v -11077.521342 4035.303511 -139.708333
v -11134.348149 3978.476704 -141.706151
v -11010.854675 4035.303511 -139.187500
v -10944.188009 4035.303511 -139.187500
v -10877.521342 4035.303511 -138.927083
v -10810.854675 4035.303511 -138.927083
v -10744.188009 4035.303511 -138.927083
v -10677.521342 4035.303511 -139.187500
v -10610.854675 4035.303511 -140.229167
v -10544.188009 4035.303511 -142.572917
v -10544.188009 3996.312655 -144.857537
v -10508.842438 4035.303511 -144.091672
v -10543.099165 3997.170536 -144.854057
v -10516.688722 4024.561561 -144.383938
v -10210.854675 4032.043286 -147.114617
v -10210.854675 4035.303511 -147.000000
v -10213.526178 4032.632008 -147.093920
v -10225.648914 4035.303511 -146.884420
v -10144.188009 4017.351870 -148.081822
v -10144.188009 4035.303511 -147.520833
v -10158.897992 4020.593527 -147.923059
v -10210.242252 4031.908325 -147.124147
v -10077.521342 4002.660454 -148.934250
v -10077.521342 4035.303511 -148.041667
v -10104.269807 4008.555046 -148.668584
v -10010.854675 4035.303511 -149.083333
v -10049.641621 3996.516565 -149.537868
v -10020.805398 3990.161891 -150.024730
v -10010.854675 3987.969038 -150.192735
v -9944.188009 4035.303511 -150.125000
v -9995.013435 3984.478084 -150.522074
v -9957.659781 3976.246413 -151.120587
v -9944.188009 3973.277622 -151.336443
v -9877.521342 4035.303511 -151.166667
v -9940.385250 3972.439603 -151.412229
v -9810.854675 4035.303511 -152.208333
v -9744.188009 4035.303511 -153.250000
v -9677.521342 4035.303511 -154.031250
v -9610.854675 4035.303511 -155.593750
v -9544.188009 4035.303511 -156.635417
v -9477.521342 4035.303511 -157.677083
v -9410.854675 4035.303511 -158.718750
v -9344.188009 4035.303511 -159.760417
v -9277.521342 4035.303511 -160.802083
v -9210.854675 4035.303511 -161.583333
v -9144.188009 4035.303511 -162.364583
v -9077.521342 4035.303511 -163.406250
v -9010.854675 4035.303511 -164.187500
v -8944.188009 4035.303511 -165.229167
v -8877.521342 4024.933253 -166.490741
v -8886.018968 4026.805885 -166.365281
v -8887.071774 4027.037893 -166.344718
v -8924.579470 4035.303511 -165.612146
v -8810.854675 4010.969999 -167.217447
v -8826.909951 4013.779958 -167.040276
v -8831.390782 4014.767404 -166.991623
v -8744.188009 3999.302147 -168.213536
v -8766.617322 4003.227675 -167.878412
v -8774.827004 4004.664516 -167.755749
v -8677.521342 3987.634295 -169.395833
v -8703.315052 3992.148653 -168.892050
v -8718.090274 3994.734579 -168.603471
v -8610.854675 3975.966442 -170.177083
v -8640.012783 3981.069630 -169.835387
v -8661.353544 3984.804642 -169.585300
v -8576.710513 3969.990607 -170.838673
v -8604.616814 3974.874706 -170.274550
v -8132.202514 3973.676393 -172.372931
v -8120.540549 3969.938777 -172.161513
v -8121.704043 3991.120810 -172.345177
v -8130.783983 3982.040870 -172.416114
v -8123.536509 4024.481848 -172.909392
v -8119.734939 4035.303511 -172.989381
v -8121.746422 4035.303511 -173.036525
v -8122.964424 4028.149516 -172.953291
v -11210.854675 4063.294643 -142.161424
v -11210.854675 4101.970177 -142.312500
v -11225.742244 4087.082609 -142.428809
v -11234.676583 4101.970177 -142.591663
v -11234.054672 4100.364546 -142.578103
v -11144.188009 4101.970177 -141.531250
v -11198.578896 4047.579290 -141.956179
v -11206.049103 4055.616104 -142.075114
v -11077.521342 4101.970177 -140.229167
v -11010.854675 4101.970177 -138.927083
v -10944.188009 4101.970177 -138.406250
v -10877.521342 4101.970177 -138.406250
v -10810.854675 4101.970177 -138.406250
v -10744.188009 4101.970177 -138.927083
v -10677.521342 4101.970177 -138.666667
v -10610.854675 4101.970177 -138.406250
v -10544.188009 4101.970177 -139.447917
v -10477.521342 4101.970177 -141.791667
v -10481.166675 4073.192997 -143.208783
v -10477.521342 4080.015552 -142.992310
v -10410.854675 4076.117534 -144.666996
v -10410.854675 4101.970177 -143.354167
v -10432.038920 4080.785933 -144.016174
v -10472.361869 4089.671951 -142.585151
v -10462.824723 4087.570238 -142.923615
v -10344.188009 4061.426118 -145.560794
v -10344.188009 4101.970177 -144.135417
v -10377.410735 4068.747451 -145.433179
v -10399.679106 4073.654760 -144.923023
v -10277.521342 4046.734702 -146.211248
v -10277.521342 4101.970177 -144.916667
v -10322.782549 4056.708970 -145.977476
v -10336.533488 4059.739282 -145.709798
v -10210.854675 4101.970177 -145.437500
v -10268.154363 4044.670489 -146.332808
v -10273.387870 4045.823804 -146.264890
v -10144.188009 4101.970177 -146.479167
v -10077.521342 4101.970177 -147.520833
v -10010.854675 4101.970177 -148.822917
v -9944.188009 4101.970177 -149.864583
v -9877.521342 4101.970177 -150.645833
v -9810.854675 4101.970177 -152.208333
v -9744.188009 4101.970177 -153.510417
v -9677.521342 4101.970177 -154.812500
v -9610.854675 4101.970177 -156.114583
v -9544.188009 4101.970177 -156.895833
v -9477.521342 4101.970177 -157.937500
v -9410.854675 4101.970177 -158.979167
v -9344.188009 4101.970177 -160.281250
v -9277.521342 4101.970177 -161.583333
v -9210.854675 4098.390333 -162.569065
v -9213.788081 4099.036772 -162.544790
v -9227.099282 4101.970177 -162.371178
v -9144.188009 4083.698917 -162.931717
v -9159.159896 4086.998290 -162.794930
v -9202.799863 4096.615284 -162.604258
v -9077.521342 4069.007501 -163.801219
v -9104.531710 4074.959809 -163.448935
v -9010.854675 4054.316085 -164.410304
v -9013.363010 4054.868850 -164.387387
v -9049.903524 4062.921328 -164.053543
v -9076.508628 4068.784328 -163.810471
v -8944.188009 4039.624669 -165.279805
v -8950.217392 4040.953372 -165.201167
v -8995.275339 4050.882847 -164.613497
v -8940.647153 4038.844366 -165.325987
v -8117.141651 4062.349868 -173.139901
v -8106.492942 4072.998578 -172.973515
v -8113.161419 4085.727963 -173.683893
v -8105.431686 4076.019579 -173.018175
v -8082.183496 4101.970177 -172.739372
v -8110.396097 4101.970177 -174.061837
v -11210.854675 4168.636844 -141.791667
v -11246.638471 4132.853048 -142.490569
v -11260.498639 4168.636844 -141.985588
v -11144.188009 4168.636844 -141.531250
v -11077.521342 4168.636844 -140.750000
v -11010.854675 4168.636844 -138.927083
v -10944.188009 4168.636844 -137.625000
v -10877.521342 4156.246117 -137.346173
v -10889.180492 4156.977694 -137.331884
v -10893.669806 4157.259384 -137.363656
v -10915.614560 4167.664610 -137.413163
v -10917.665013 4168.636844 -137.417789
v -10810.854675 4157.952565 -137.312844
v -10825.877178 4153.005603 -137.409464
v -10826.449975 4153.041544 -137.408762
v -10859.748504 4155.130926 -137.367954
v -10744.188009 4168.636844 -138.145833
v -10778.409582 4168.636844 -137.611121
v -10802.795559 4160.606459 -137.386934
v -10677.521342 4168.636844 -137.885417
v -10610.854675 4168.636844 -137.885417
v -10544.188009 4168.636844 -138.927083
v -10477.521342 4168.636844 -141.270833
v -10410.854675 4168.636844 -142.572917
v -10344.188009 4168.636844 -143.354167
v -10277.521342 4168.636844 -144.135417
v -10210.854675 4168.636844 -144.916667
v -10144.188009 4168.636844 -145.958333
v -10077.521342 4168.636844 -147.260417
v -10010.854675 4168.636844 -148.562500
v -9944.188009 4168.636844 -149.864583
v -9877.521342 4168.636844 -151.166667
v -9810.854675 4168.636844 -152.468750
v -9744.188009 4168.636844 -153.770833
v -9677.521342 4168.636844 -155.333333
v -9610.854675 4168.636844 -156.375000
v -9544.188009 4168.636844 -157.416667
v -9477.521342 4157.155998 -158.368639
v -9486.929009 4159.229177 -158.237841
v -9518.527953 4166.192675 -157.798510
v -9529.619095 4168.636844 -157.644306
v -9410.854675 4142.464582 -159.453710
v -9432.300824 4147.190696 -159.173999
v -9455.382335 4152.277197 -158.762926
v -9344.188009 4127.773165 -160.583629
v -9377.672638 4135.152215 -160.016105
v -9392.236717 4138.361719 -159.769262
v -9277.521342 4113.081749 -161.713547
v -9323.044452 4123.113734 -160.941986
v -9265.945481 4110.530763 -161.831086
v -9268.416267 4111.075253 -161.796734
v -8103.462336 4142.695850 -174.691325
v -8077.521342 4107.174267 -172.642804
v -8077.521342 4168.636844 -174.083333
v -8099.045745 4168.636844 -175.512688
v -8010.854675 4168.636844 -170.958333
v -8057.064220 4122.427299 -172.041370
v -8019.737653 4140.346454 -171.242338
v -8010.854675 4140.834381 -171.066937
v -8068.982375 4116.705818 -172.465936
v -7944.188009 4168.636844 -170.177083
v -7969.731652 4143.093200 -170.576203
v -7965.194582 4143.342414 -170.572309
v -7944.188009 4140.350493 -170.619058
v -7877.521342 4168.636844 -173.302083
v -7910.592614 4135.565572 -172.268606
v -7907.029865 4135.058137 -172.348144
v -7877.521342 4130.855301 -173.006915
v -7817.557759 4153.711114 -187.667916
v -7815.870555 4163.620965 -189.638887
v -7852.237362 4127.254158 -179.694838
v -7848.865148 4126.773861 -179.909631
v -7822.776592 4123.058123 -181.571339
v -7815.016575 4168.636844 -189.904912
v -11277.521342 4233.636805 -140.274741
v -11277.521342 4235.303511 -140.229167
v -11277.764469 4235.060383 -140.237714
v -11277.805992 4235.303511 -140.231390
v -11210.854675 4235.303511 -140.489583
v -11265.251231 4180.906955 -141.764503
v -11271.090560 4195.982771 -141.329463
v -11144.188009 4235.303511 -140.229167
v -11077.521342 4235.303511 -139.447917
v -11010.854675 4235.303511 -137.885417
v -10944.188009 4185.164507 -137.431316
v -10960.146427 4202.333355 -137.541807
v -10968.341501 4211.150018 -137.598547
v -10982.663637 4226.558473 -137.581573
v -10986.050860 4235.303511 -137.497857
v -10935.657006 4177.167846 -137.458379
v -10937.620480 4178.098838 -137.462808
v -10744.188009 4195.201426 -137.730762
v -10756.661513 4185.373768 -137.689420
v -10777.541680 4168.922647 -137.620217
v -10677.521342 4235.303511 -137.625000
v -10714.203063 4235.303511 -137.338424
v -10718.921625 4222.399714 -137.503182
v -10731.467668 4205.223562 -137.673544
v -10610.854675 4235.303511 -138.666667
v -10544.188009 4235.303511 -139.708333
v -10477.521342 4235.303511 -141.270833
v -10410.854675 4235.303511 -142.833333
v -10344.188009 4235.303511 -143.354167
v -10277.521342 4235.303511 -144.395833
v -10210.854675 4235.303511 -145.437500
v -10144.188009 4235.303511 -145.958333
v -10077.521342 4235.303511 -147.000000
v -10010.854675 4235.303511 -148.562500
v -9944.188009 4235.303511 -150.385417
v -9877.521342 4235.303511 -151.947917
v -9810.854675 4230.613078 -153.195034
v -9814.698123 4231.460063 -153.129892
v -9832.138907 4235.303511 -152.834292
v -9744.188009 4215.921662 -154.324952
v -9760.069937 4219.421582 -154.055773
v -9677.521342 4201.230246 -155.587969
v -9705.441751 4207.383101 -154.981654
v -9707.964806 4207.939110 -154.938891
v -9610.854675 4186.538830 -156.584789
v -9644.819188 4194.023632 -156.141806
v -9650.813566 4195.344620 -156.063624
v -9544.188009 4171.847414 -157.441749
v -9581.673570 4180.108154 -156.920574
v -9596.185380 4183.306139 -156.718812
v -9541.557195 4171.267658 -157.498880
v -8077.521342 4235.303511 -175.906250
v -8089.783007 4223.041846 -176.385221
v -8093.585746 4200.706333 -176.027010
v -8087.695394 4235.303511 -176.542128
v -8010.854675 4235.303511 -170.958333
v -7944.188009 4235.303511 -169.395833
v -7877.521342 4235.303511 -173.041667
v -7810.854675 4235.303511 -198.562500
v -7810.854675 4193.081900 -193.779583
v -7803.666224 4235.303511 -201.061610
v -11410.854675 4301.970177 -140.229167
v -11425.623851 4287.201002 -140.748395
v -11413.337301 4284.982487 -140.656409
v -11410.854675 4284.534212 -140.637822
v -11477.521342 4301.970177 -140.229167
v -11477.521342 4296.571850 -140.418952
v -11476.337881 4296.358159 -140.426464
v -11344.188009 4272.496574 -140.314144
v -11344.188009 4301.970177 -139.968750
v -11369.153694 4277.004492 -140.651405
v -11277.521342 4301.970177 -140.229167
v -11312.683537 4266.807983 -140.503871
v -11287.336141 4262.231141 -140.305845
v -11280.160174 4260.935416 -140.249783
v -11280.473053 4250.919901 -140.252227
v -11210.854675 4301.970177 -140.229167
v -11144.188009 4301.970177 -139.447917
v -11077.521342 4301.970177 -138.666667
v -11010.854675 4301.970177 -137.885417
v -10991.474128 4249.305155 -137.527902
v -10992.975872 4253.182314 -137.536221
v -10999.721712 4270.598538 -137.667976
v -10998.741681 4301.970177 -137.648835
v -10677.521342 4301.970177 -137.625000
v -10699.736669 4279.754850 -137.451443
v -10699.620153 4275.183224 -137.452353
v -10708.088083 4252.026073 -137.386197
v -10700.302869 4301.970177 -137.358029
v -10610.854675 4301.970177 -138.666667
v -10544.188009 4301.970177 -139.447917
v -10477.521342 4301.970177 -141.010417
v -10410.854675 4301.970177 -142.833333
v -10344.188009 4301.970177 -144.135417
v -10277.521342 4301.970177 -145.177083
v -10210.854675 4301.970177 -146.739583
v -10144.188009 4301.970177 -147.781250
v -10077.521342 4289.378743 -148.689851
v -10086.838513 4291.431979 -148.608434
v -10087.839051 4291.652469 -148.599691
v -10134.658719 4301.970177 -147.967369
v -10010.854675 4274.687326 -149.793244
v -10023.692895 4277.516501 -149.580760
v -10033.210865 4279.613988 -149.423229
v -9944.188009 4259.995910 -151.060599
v -9960.547278 4263.601023 -150.711853
v -9978.582679 4267.575507 -150.327375
v -9877.521342 4245.304494 -152.182315
v -9897.401660 4249.685545 -151.819051
v -9923.954494 4255.537026 -151.333863
v -9869.326308 4243.498544 -152.332059
v -8077.521342 4295.061143 -176.373107
v -8083.797909 4258.195518 -176.477379
v -8010.854675 4301.970177 -170.958333
v -8076.345043 4301.970177 -176.330590
v -7944.188009 4301.970177 -169.135417
v -7877.521342 4301.970177 -172.000000
v -7810.854675 4301.970177 -196.479167
v -7802.191226 4243.966960 -201.743610
v -7797.982086 4268.689484 -202.648111
v -7792.315872 4301.970177 -203.865721
v -11410.854675 4368.636844 -139.447917
v -11477.521342 4368.636844 -138.666667
v -11344.188009 4368.636844 -139.968750
v -11277.521342 4368.636844 -140.489583
v -11210.854675 4368.636844 -140.489583
v -11144.188009 4368.636844 -139.447917
v -11077.521342 4368.636844 -139.187500
v -11010.854675 4368.636844 -138.666667
v -10998.351077 4314.473776 -137.738890
v -10997.419156 4344.305388 -138.066637
v -10987.921208 4364.792810 -138.084116
v -10986.139117 4368.636844 -138.087396
v -10677.521342 4368.636844 -137.885417
v -10703.455107 4342.703079 -137.480202
v -10701.203749 4337.316927 -137.485545
v -10700.406767 4306.046702 -137.372735
v -10714.295168 4368.636844 -137.598121
v -10610.854675 4368.636844 -138.406250
v -10544.188009 4368.636844 -139.447917
v -10477.521342 4368.636844 -141.010417
v -10410.854675 4362.835823 -143.546603
v -10415.608164 4363.883355 -143.428900
v -10421.824834 4365.253331 -143.186062
v -10421.911070 4368.636844 -143.182693
v -10344.188009 4348.144407 -145.397993
v -10360.979978 4351.844874 -145.171210
v -10402.566602 4361.009370 -143.816576
v -10277.521342 4333.452991 -146.283901
v -10306.351793 4339.806393 -146.056787
v -10210.854675 4318.761575 -147.264315
v -10213.129749 4319.262936 -147.226660
v -10251.723607 4327.767912 -146.587897
v -10276.275367 4333.178414 -146.298583
v -10144.188009 4304.070159 -147.846874
v -10149.984131 4305.347457 -147.796226
v -10197.095422 4315.729431 -147.384548
v -10142.467236 4303.690950 -147.868633
v -8010.854675 4368.636844 -171.739583
v -8076.103678 4303.387842 -176.327404
v -8064.994691 4368.636844 -175.969272
v -7944.188009 4368.636844 -169.135417
v -7877.521342 4368.636844 -169.656250
v -7810.854675 4368.636844 -185.541667
v -7788.511896 4324.312956 -203.984944
v -7788.194249 4326.178669 -203.837674
v -7780.965521 4368.636844 -200.486244
v -11410.854675 4435.303511 -139.187500
v -11477.521342 4435.303511 -138.406250
v -11344.188009 4435.303511 -140.229167
v -11277.521342 4435.303511 -140.750000
v -11210.854675 4435.303511 -140.229167
v -11144.188009 4435.303511 -139.708333
v -11077.521342 4435.303511 -138.927083
v -11010.854675 4435.303511 -138.145833
v -10976.261185 4389.943906 -138.105574
v -10959.864466 4406.989283 -137.921026
v -10944.188009 4423.285904 -137.744585
v -10944.188009 4435.303511 -137.885417
v -10943.663263 4423.831409 -137.748928
v -10921.021446 4435.303511 -137.794922
v -10744.188009 4403.232641 -138.040282
v -10744.188009 4435.303511 -138.666667
v -10760.792631 4418.698888 -138.082910
v -10778.619420 4435.303511 -138.263174
v -10677.521342 4435.303511 -138.406250
v -10726.276110 4386.548743 -137.644457
v -10718.917029 4379.694184 -137.648398
v -10732.256370 4392.119010 -137.776611
v -10610.854675 4435.303511 -139.187500
v -10544.188009 4435.303511 -140.489583
v -10477.521342 4435.303511 -142.833333
v -10431.393018 4414.765168 -144.614192
v -10421.962982 4370.673668 -143.260229
v -10432.747544 4421.098455 -144.718583
v -10438.685119 4435.303511 -144.805485
v -8010.854675 4435.303511 -172.520833
v -8062.424349 4383.733838 -175.945382
v -8064.222235 4373.173889 -175.962092
v -8053.661678 4435.303511 -175.530701
v -8054.474998 4430.424611 -175.568829
v -7944.188009 4435.303511 -169.135417
v -7877.521342 4435.303511 -169.135417
v -7810.854675 4435.303511 -181.635417
v -7774.921070 4404.570450 -202.245179
v -7778.406412 4383.667855 -201.237364
v -7778.326037 4384.144919 -201.260780
v -7769.797821 4435.303511 -203.126114
v -11410.854675 4501.970177 -139.708333
v -11477.521342 4501.970177 -138.406250
v -11344.188009 4501.970177 -141.010417
v -11277.521342 4501.970177 -141.270833
v -11210.854675 4501.970177 -141.010417
v -11144.188009 4501.970177 -139.968750
v -11077.521342 4501.970177 -139.187500
v -11010.854675 4501.970177 -139.187500
v -10944.188009 4501.970177 -138.927083
v -10877.521342 4501.970177 -138.927083
v -10919.084494 4436.284921 -137.806524
v -10898.564801 4446.681791 -137.929433
v -10877.521342 4448.164143 -137.876184
v -10810.854675 4501.970177 -139.968750
v -10863.686124 4449.138729 -138.111394
v -10860.939708 4449.332193 -138.128168
v -10823.260540 4451.986405 -138.358297
v -10810.854675 4447.770621 -138.275014
v -10744.188009 4501.970177 -139.968750
v -10801.549625 4444.608561 -138.176199
v -10801.373822 4444.548819 -138.177093
v -10781.176575 4437.685353 -138.279727
v -10677.521342 4501.970177 -139.708333
v -10610.854675 4501.970177 -140.229167
v -10544.188009 4501.970177 -141.270833
v -10477.521342 4501.970177 -144.916667
v -10450.133126 4462.691726 -145.293993
v -10452.486306 4468.321473 -145.332041
v -10466.551136 4501.970177 -145.559452
v -8010.854675 4501.970177 -173.041667
v -8048.888547 4463.936306 -175.418784
v -8042.548241 4501.970177 -174.774909
v -8043.623007 4495.522933 -174.884054
v -7944.188009 4501.970177 -169.135417
v -7877.521342 4501.970177 -168.614583
v -7810.854675 4501.970177 -184.760417
v -7761.584387 4484.573799 -208.580105
v -7758.684384 4501.970177 -210.845562
v -11410.854675 4568.636844 -141.791667
v -11477.521342 4568.636844 -140.489583
v -11344.188009 4557.024463 -142.515807
v -11354.024303 4558.800549 -142.372257
v -11363.583787 4560.526653 -142.276831
v -11408.499523 4568.636844 -141.828466
v -11277.521342 4544.986825 -141.942968
v -11297.554146 4548.604040 -141.921234
v -11300.583207 4549.150981 -141.959854
v -11210.854675 4542.976611 -141.490961
v -11216.961180 4534.051805 -141.410227
v -11237.582627 4537.775308 -141.534414
v -11241.083990 4538.407530 -141.555500
v -11144.188009 4568.636844 -141.010417
v -11192.886768 4568.636844 -141.581105
v -11194.309415 4567.157916 -141.580446
v -11077.521342 4568.636844 -140.229167
v -11010.854675 4568.636844 -140.489583
v -10944.188009 4568.636844 -140.229167
v -10877.521342 4568.636844 -140.229167
v -10810.854675 4568.636844 -141.010417
v -10744.188009 4568.636844 -141.010417
v -10677.521342 4568.636844 -140.750000
v -10610.854675 4568.636844 -140.750000
v -10544.188009 4568.636844 -142.833333
v -10477.521342 4523.148206 -145.661207
v -10496.197354 4549.960832 -145.582494
v -10505.974090 4563.997019 -145.262230
v -10510.955424 4568.636844 -145.040185
v -10469.784895 4509.706624 -145.581518
v -10472.225067 4515.544491 -145.662840
v -8010.854675 4568.636844 -173.302083
v -8035.551864 4543.939655 -174.556237
v -8031.434805 4568.636844 -174.266777
v -7944.188009 4568.636844 -169.135417
v -7877.521342 4568.636844 -168.354167
v -7810.854675 4568.636844 -181.635417
v -7756.542505 4514.818764 -211.866312
v -7748.247705 4564.577148 -215.819343
v -7747.570947 4568.636844 -215.996503
v -11410.854675 4569.062101 -141.803295
v -11426.584367 4571.902326 -141.573737
v -11466.964617 4579.193569 -140.984430
v -11477.521342 4581.099739 -140.879049
v -11410.494460 4568.997059 -141.804330
v -11144.188009 4619.262136 -141.801437
v -11161.656707 4601.102372 -141.722402
v -11077.521342 4635.303511 -141.270833
v -11128.656994 4635.303511 -141.870079
v -11129.004000 4635.046827 -141.870135
v -11010.854675 4635.303511 -141.010417
v -10944.188009 4635.303511 -140.489583
v -10877.521342 4635.303511 -140.750000
v -10810.854675 4635.303511 -141.531250
v -10744.188009 4635.303511 -141.791667
v -10677.521342 4635.303511 -142.052083
v -10610.854675 4635.303511 -143.354167
v -10544.188009 4599.591076 -144.284313
v -10562.678044 4616.813475 -144.513799
v -10576.854788 4630.018292 -144.475833
v -10582.529019 4635.303511 -144.460638
v -10528.161523 4584.663330 -144.398420
v -8010.854675 4635.303511 -173.822917
v -8022.215182 4623.943004 -174.266686
v -8020.321368 4635.303511 -174.155730
v -8021.839474 4626.196778 -174.244674
v -7944.188009 4635.303511 -169.395833
v -7877.521342 4635.303511 -167.833333
v -7810.854675 4635.303511 -172.000000
v -7744.188009 4635.303511 -198.822917
v -7745.650738 4580.155687 -213.754447
v -7744.188009 4588.930227 -212.046548
v -7736.457510 4635.303511 -204.047042
v -11077.521342 4669.898658 -141.541108
v -11091.384040 4662.874739 -141.648687
v -11010.854675 4701.970177 -141.531250
v -11014.223660 4701.970177 -141.544410
v -11045.636816 4686.053834 -141.542771
v -10944.188009 4701.970177 -141.270833
v -10877.521342 4701.970177 -141.270833
v -10810.854675 4701.970177 -141.791667
v -10744.188009 4701.970177 -142.312500
v -10677.521342 4701.970177 -144.395833
v -10610.854675 4661.687223 -144.590903
v -10612.295137 4663.028929 -144.625662
v -10635.766440 4677.058413 -144.824870
v -10641.357760 4680.400508 -144.767637
v -10639.112890 4690.171809 -145.181311
v -10636.402319 4701.970177 -145.680803
v -10597.194566 4648.963620 -144.421363
v -8010.854675 4692.091779 -174.266575
v -7944.188009 4701.970177 -170.437500
v -8009.207931 4701.970177 -174.247261
v -7877.521342 4701.970177 -167.833333
v -7810.854675 4701.970177 -168.614583
v -7744.188009 4701.970177 -184.760417
v -7734.911022 4644.580497 -203.533886
v -7734.758972 4645.492610 -203.450774
v -7725.344074 4701.970177 -198.304495
v -11010.854675 4703.677167 -141.577925
v -10944.188009 4724.161821 -141.877636
v -10946.450992 4724.002411 -141.882117
v -10999.889592 4709.232929 -141.687009
v -11007.394485 4705.430368 -141.612348
v -10877.521342 4768.636844 -143.093750
v -10917.584792 4728.573394 -141.998265
v -10918.177368 4725.994073 -141.927737
v -10920.314669 4725.843517 -141.923620
v -10908.380569 4768.636844 -143.093750
v -10810.854675 4768.636844 -142.312500
v -10744.188009 4768.636844 -142.052083
v -10677.521342 4768.636844 -144.135417
v -10624.421499 4754.119385 -147.073743
v -10624.137959 4755.353561 -147.106708
v -10621.086242 4768.636844 -147.221711
v -7944.188009 4768.636844 -171.218750
v -8008.878499 4703.946353 -174.251117
v -7998.094494 4768.636844 -174.377333
v -7877.521342 4768.636844 -167.833333
v -7810.854675 4768.636844 -167.833333
v -7744.188009 4768.636844 -176.947917
v -7723.867205 4710.829532 -196.735873
v -7721.574340 4724.583846 -194.300558
v -7714.230637 4768.636844 -193.096812
v -10877.521342 4835.303511 -143.875000
v -10897.700467 4815.124386 -143.638526
v -10893.064492 4835.303511 -143.935715
v -10810.854675 4835.303511 -142.572917
v -10744.188009 4835.303511 -142.052083
v -10677.521342 4835.303511 -144.135417
v -10610.854675 4835.303511 -147.781250
v -10610.854675 4813.172035 -147.781250
v -10609.730109 4818.066961 -147.807607
v -10605.770165 4835.303511 -147.900418
v -7944.188009 4835.303511 -171.479167
v -7995.541817 4783.949702 -174.287578
v -7986.981057 4835.303511 -173.819412
v -7877.521342 4835.303511 -167.833333
v -7810.854675 4835.303511 -167.572917
v -7744.188009 4835.303511 -172.520833
v -7708.237657 4804.587195 -184.671625
v -7703.117200 4835.303511 -184.071998
v -10877.521342 4901.970177 -144.656250
v -10877.816142 4901.675377 -144.653947
v -10882.620983 4880.761227 -144.427628
v -10877.748414 4901.970177 -144.657137
v -10810.854675 4901.970177 -143.354167
v -10744.188009 4901.970177 -142.312500
v -10677.521342 4901.970177 -143.875000
v -10610.854675 4901.970177 -147.520833
v -10604.253634 4841.904552 -147.935962
v -10595.038719 4882.014538 -148.031253
v -10590.454087 4901.970177 -148.078662
v -7944.188009 4901.970177 -171.739583
v -7982.205134 4863.953052 -173.670141
v -7975.867621 4901.970177 -173.348314
v -7978.272409 4887.544469 -173.470432
v -7877.521342 4901.970177 -167.833333
v -7810.854675 4901.970177 -167.312500
v -7744.188009 4901.970177 -169.395833
v -7694.900975 4884.590544 -178.489185
v -7692.003763 4901.970177 -178.161156
v -10877.521342 4902.958561 -144.675554
v -10810.854675 4968.636844 -144.656250
v -10862.432337 4968.636844 -145.663626
v -10867.929593 4944.708803 -145.303650
v -10744.188009 4968.636844 -142.833333
v -10677.521342 4968.636844 -143.614583
v -10610.854675 4968.636844 -146.739583
v -10584.369309 4928.455544 -148.038126
v -10580.347329 4945.962114 -147.958657
v -10575.138010 4968.636844 -147.855729
v -7944.188009 4968.636844 -172.000000
v -7968.868452 4943.956401 -173.156896
v -7964.754184 4968.636844 -172.883703
v -7877.521342 4968.636844 -167.833333
v -7810.854675 4968.636844 -167.052083
v -7744.188009 4968.636844 -167.833333
v -7691.191906 4906.840301 -177.974116
v -7681.564292 4964.593894 -175.756055
v -7680.890326 4968.636844 -175.745544
v -10810.854675 5035.303511 -145.177083
v -10857.931817 4988.226369 -145.728769
v -10847.116260 5035.303511 -145.885317
v -10744.188009 5035.303511 -142.833333
v -10677.521342 5035.303511 -142.833333
v -10610.854675 5035.303511 -145.697917
v -10565.655939 5009.909690 -147.990822
v -10564.484984 5015.006536 -148.007505
v -10559.821933 5035.303511 -147.890730
v -7944.188009 5035.303511 -172.781250
v -7955.531770 5023.959750 -173.135743
v -7956.488876 5018.218314 -173.109586
v -7953.640747 5035.303511 -173.076648
v -7877.521342 5035.303511 -168.614583
v -7810.854675 5035.303511 -166.791667
v -7744.188009 5035.303511 -166.531250
v -7677.521342 5035.303511 -171.479167
v -7680.300140 4972.177223 -175.570384
v -7677.521342 4988.846520 -174.745674
v -7669.776890 5035.303511 -173.808553
v -10810.854675 5101.970177 -145.958333
v -10838.047492 5074.777360 -146.170777
v -10838.546813 5072.603955 -146.155060
v -10831.800183 5101.970177 -146.121970
v -10744.188009 5101.970177 -142.833333
v -10677.521342 5101.970177 -142.572917
v -10610.854675 5101.970177 -144.916667
v -10544.600659 5101.557527 -148.027159
v -10544.505856 5101.970177 -148.026768
v -7944.188009 5092.008072 -173.445757
v -7945.597109 5083.555237 -173.390734
v -7877.521342 5101.970177 -169.916667
v -7942.527310 5101.970177 -173.471681
v -7810.854675 5101.970177 -166.791667
v -7744.188009 5101.970177 -165.229167
v -7677.521342 5101.970177 -168.093750
v -7668.227610 5044.597243 -173.258045
v -7658.663453 5101.970177 -172.660895
v -10810.854675 5168.636844 -146.218750
v -10818.163167 5161.328352 -146.247299
v -10823.855423 5136.551531 -146.194985
v -10816.484106 5168.636844 -146.240740
v -10744.188009 5168.636844 -143.614583
v -10677.521342 5168.636844 -142.312500
v -10610.854675 5168.636844 -144.135417
v -10544.188009 5168.636844 -147.520833
v -10544.188009 5103.353680 -148.030858
v -10529.189779 5168.636844 -147.930941
v -7877.521342 5168.636844 -169.916667
v -7942.195087 5103.963099 -173.453512
v -7931.413873 5168.636844 -173.074432
v -7810.854675 5168.636844 -166.270833
v -7744.188009 5168.636844 -164.708333
v -7677.521342 5168.636844 -166.010417
v -7658.516607 5102.851069 -172.603553
v -7654.890928 5124.600592 -171.187752
v -7647.624840 5168.187991 -171.046121
v -7647.550016 5168.636844 -171.044663
v -10810.854675 5193.140206 -146.218750
v -10744.188009 5235.303511 -143.875000
v -10801.168029 5235.303511 -145.878204
v -10809.164033 5200.499107 -146.159313
v -10677.521342 5235.303511 -142.052083
v -10610.854675 5235.303511 -143.354167
v -10544.188009 5235.303511 -146.739583
v -10524.716334 5188.108519 -147.977201
v -10521.581769 5201.752418 -147.927511
v -10513.873702 5235.303511 -147.805321
v -7877.521342 5235.303511 -170.697917
v -7928.858405 5183.966448 -173.104341
v -7920.300437 5235.303511 -172.870293
v -7923.813577 5214.229082 -172.966372
v -7810.854675 5235.303511 -166.531250
v -7744.188009 5235.303511 -164.708333
v -7677.521342 5235.303511 -164.968750
v -7641.554245 5204.603941 -169.101339
v -7636.733074 5233.524914 -169.139099
v -7636.436579 5235.303511 -169.141421
v -10744.188009 5301.970177 -144.135417
v -10798.278842 5247.879344 -145.825755
v -10785.851952 5301.970177 -145.600165
v -10677.521342 5301.970177 -141.531250
v -10610.854675 5301.970177 -142.312500
v -10544.188009 5301.970177 -145.958333
v -10506.890378 5265.699994 -147.932092
v -10504.832009 5274.659511 -147.969458
v -10498.557625 5301.970177 -147.919014
v -7877.521342 5301.970177 -171.479167
v -7915.521722 5263.969797 -172.963557
v -7909.187000 5301.970177 -172.839800
v -7810.854675 5301.970177 -167.052083
v -7744.188009 5301.970177 -164.708333
v -7677.521342 5301.970177 -164.968750
v -7628.217563 5284.607290 -168.242829
v -7625.841308 5298.861837 -168.400627
v -7625.323142 5301.970177 -168.435037
v -10744.188009 5368.636844 -144.395833
v -10778.394517 5334.430335 -145.464787
v -10779.781252 5328.394259 -145.489961
v -10770.535875 5368.636844 -145.219204
v -10677.521342 5368.636844 -141.270833
v -10610.854675 5368.636844 -141.270833
v -10544.188009 5368.636844 -144.916667
v -10492.198988 5329.647570 -147.976007
v -10484.947684 5361.210502 -148.041001
v -10483.241548 5368.636844 -148.011604
v -7877.521342 5368.636844 -172.520833
v -7902.185040 5343.973146 -173.195231
v -7898.073563 5368.636844 -173.163090
v -7902.030044 5344.902928 -173.194020
v -7810.854675 5368.636844 -167.833333
v -7744.188009 5368.636844 -165.489583
v -7677.521342 5368.636844 -165.489583
v -7614.880880 5364.610639 -168.149711
v -7614.209706 5368.636844 -168.210005
v -10744.188009 5435.303511 -144.395833
v -10758.510192 5420.981327 -144.843402
v -10765.089862 5392.341836 -145.049016
v -10755.219797 5435.303511 -144.740577
v -10677.521342 5435.303511 -141.010417
v -10610.854675 5435.303511 -139.968750
v -10544.188009 5435.303511 -143.354167
v -10477.521342 5435.303511 -147.520833
v -10477.521342 5393.535324 -148.010304
v -10467.925470 5435.303511 -147.820704
v -7877.521342 5435.303511 -173.302083
v -7888.848357 5423.976495 -173.523314
v -7891.138277 5410.239850 -173.433898
v -7886.960126 5435.303511 -173.523305
v -7810.854675 5435.303511 -169.135417
v -7744.188009 5435.303511 -166.270833
v -7677.521342 5435.303511 -165.750000
v -7610.854675 5435.303511 -167.572917
v -7610.854675 5388.762813 -168.118315
v -7603.096269 5435.303511 -169.148843
v -10744.188009 5483.321850 -144.395833
v -10750.398472 5456.289412 -144.589910
v -10677.521342 5501.970177 -140.489583
v -10739.903720 5501.970177 -144.144801
v -10610.854675 5501.970177 -138.406250
v -10544.188009 5501.970177 -141.270833
v -10477.521342 5501.970177 -146.739583
v -10465.063359 5447.761494 -147.861481
v -10462.816208 5457.542723 -147.834637
v -10452.609393 5501.970177 -147.712706
v -7877.521342 5491.924365 -173.744434
v -7880.246511 5475.576773 -173.680589
v -7810.854675 5501.970177 -169.916667
v -7875.846689 5501.970177 -173.724792
v -7744.188009 5501.970177 -166.270833
v -7677.521342 5501.970177 -165.750000
v -7610.854675 5501.970177 -167.833333
v -7601.544198 5444.613988 -169.209524
v -7593.166008 5494.872605 -170.845848
v -7591.982832 5501.970177 -171.076931
v -10677.521342 5568.636844 -140.489583
v -10738.625868 5507.532319 -144.069927
v -10724.587643 5568.636844 -143.247374
v -10735.707082 5520.236988 -143.898904
v -10610.854675 5568.636844 -137.625000
v -10544.188009 5568.636844 -139.447917
v -10477.521342 5568.636844 -145.437500
v -10448.124818 5521.490299 -147.735384
v -10445.179034 5534.312485 -147.750280
v -10437.293316 5568.636844 -147.480329
v -7810.854675 5568.636844 -170.177083
v -7875.511675 5503.979845 -173.713013
v -7864.733253 5568.636844 -173.334031
v -7744.188009 5568.636844 -166.531250
v -7677.521342 5568.636844 -165.489583
v -7610.854675 5568.636844 -167.052083
v -7588.207515 5524.617337 -171.106556
v -7582.274242 5560.209528 -171.616534
v -7580.869395 5568.636844 -171.737283
v -10677.521342 5635.303511 -140.489583
v -10718.741543 5594.083310 -142.904829
v -10721.015692 5584.184564 -143.038080
v -10709.271566 5635.303511 -142.349948
v -10610.854675 5635.303511 -137.104167
v -10544.188009 5635.303511 -137.625000
v -10477.521342 5635.303511 -143.093750
v -10433.433428 5585.437875 -147.479452
v -10425.294709 5620.863477 -147.477603
v -10421.977239 5635.303511 -147.216164
v -7810.854675 5635.303511 -171.218750
v -7862.174992 5583.983194 -173.423920
v -7853.619816 5635.303511 -173.390417
v -7858.462978 5606.250619 -173.409383
v -7744.188009 5635.303511 -167.052083
v -7677.521342 5635.303511 -165.750000
v -7610.854675 5635.303511 -167.052083
v -7574.870833 5604.620687 -171.128378
v -7571.382476 5625.546450 -171.523543
v -7569.755958 5635.303511 -171.707797
v -10677.521342 5701.970177 -140.229167
v -10698.857218 5680.634302 -141.562659
v -10706.324302 5648.132140 -142.127145
v -10693.955489 5701.970177 -141.320497
v -10610.854675 5701.970177 -136.062500
v -10544.188009 5701.970177 -135.541667
v -10477.521342 5701.970177 -141.010417
v -10410.854675 5701.970177 -147.260417
v -10418.742038 5649.385451 -147.291254
v -10410.854675 5683.716968 -147.474321
v -10406.661162 5701.970177 -147.440607
v -7810.854675 5701.970177 -173.041667
v -7848.838310 5663.986543 -173.931908
v -7842.506379 5701.970177 -174.030782
v -7744.188009 5701.970177 -168.614583
v -7677.521342 5701.970177 -166.531250
v -7610.854675 5701.970177 -167.572917
v -7561.534150 5684.624036 -172.253857
v -7561.046527 5687.549163 -172.324329
v -7557.920563 5701.970177 -172.742264
v -10677.521342 5768.636844 -140.489583
v -10678.972893 5767.185293 -140.580305
v -10691.632912 5712.079716 -141.205753
v -10678.639412 5768.636844 -140.563830
v -10610.854675 5768.636844 -136.062500
v -10544.188009 5768.636844 -134.500000
v -10477.521342 5768.636844 -138.927083
v -10410.854675 5768.636844 -146.218750
v -10405.410384 5707.414469 -147.451818
v -10404.050648 5713.333027 -147.428389
v -10391.345085 5768.636844 -147.209471
v -7810.854675 5768.636844 -174.343750
v -7835.263135 5744.228385 -174.629787
v -7835.407546 5743.562174 -174.621288
v -7836.679445 5736.924464 -174.531392
v -7829.972247 5768.636844 -174.642462
v -7744.188009 5768.636844 -171.218750
v -7677.521342 5768.636844 -168.354167
v -7610.854675 5768.636844 -167.833333
v -7544.188009 5768.636844 -176.427083
v -7548.564190 5745.133945 -175.173448
v -7544.188009 5765.322589 -176.310567
v -7543.469596 5768.636844 -176.679650
v -10677.521342 5773.503494 -140.546614
v -10610.854675 5835.303511 -136.322917
v -10663.323335 5835.303511 -140.217075
v -10676.941522 5776.027292 -140.533157
v -10544.188009 5835.303511 -133.718750
v -10477.521342 5835.303511 -137.104167
v -10410.854675 5835.303511 -144.395833
v -10389.359257 5777.280603 -147.242785
v -10385.526059 5793.965460 -147.307089
v -10376.029008 5835.303511 -146.844513
v -7810.854675 5835.303511 -175.385417
v -7816.812787 5829.345399 -175.385417
v -7822.209127 5804.450456 -175.080751
v -7815.521280 5835.303511 -175.385417
v -7744.188009 5835.303511 -172.781250
v -7677.521342 5835.303511 -169.135417
v -7610.854675 5835.303511 -168.614583
v -7544.188009 5835.303511 -181.635417
v -7543.270771 5769.554081 -176.889285
v -7535.365772 5806.022227 -183.104159
v -7529.018628 5835.303511 -188.094254
v -10610.854675 5901.970177 -136.062500
v -10659.088568 5853.736285 -139.830773
v -10662.250131 5839.974868 -140.119176
v -10648.007257 5901.970177 -139.400427
v -10544.188009 5901.970177 -132.677083
v -10477.521342 5901.970177 -134.500000
v -10410.854675 5901.970177 -142.572917
v -10374.667867 5841.228179 -146.893932
v -10365.641734 5880.516452 -147.221642
v -10360.712930 5901.970177 -147.077839
v -7810.854675 5856.831963 -175.469512
v -7744.188009 5901.970177 -173.302083
v -7801.070312 5901.970177 -175.301852
v -7809.010709 5865.338737 -175.437915
v -7677.521342 5901.970177 -169.916667
v -7610.854675 5901.970177 -170.697917
v -7544.188009 5901.970177 -185.541667
v -7524.820423 5854.671096 -191.848792
v -7522.167353 5866.910508 -193.809571
v -7514.567661 5901.970177 -199.426205
v -10610.854675 5968.636844 -136.843750
v -10639.204243 5940.287277 -139.058560
v -10647.558741 5903.922444 -139.383009
v -10632.691180 5968.636844 -138.805623
v -10632.867351 5967.870021 -138.812465
v -10544.188009 5968.636844 -132.156250
v -10477.521342 5968.636844 -132.677083
v -10410.854675 5968.636844 -140.489583
v -10345.757409 5967.067444 -147.658641
v -10345.396853 5968.636844 -147.649033
v -7744.188009 5968.636844 -174.343750
v -7798.362439 5914.462414 -175.401844
v -7786.619345 5968.636844 -175.338234
v -7677.521342 5968.636844 -169.656250
v -7610.854675 5968.636844 -169.135417
v -7544.188009 5968.636844 -181.114583
v -7506.370075 5939.788111 -193.814340
v -7500.116694 5968.636844 -193.681794
v -10610.854675 6035.303511 -137.885417
v -10619.319918 6026.838268 -138.513696
v -10617.375103 6035.303511 -138.471236
v -10618.175961 6031.817597 -138.488721
v -10544.188009 6035.303511 -132.156250
v -10477.521342 6035.303511 -130.854167
v -10410.854675 6035.303511 -138.145833
v -10344.188009 6035.303511 -146.739583
v -10345.285087 5969.123332 -147.653656
v -10344.188009 5973.898612 -147.699035
v -10330.593697 6033.070908 -147.411701
v -10330.080776 6035.303511 -147.400860
v -7744.188009 6035.303511 -175.125000
v -7779.912091 5999.579428 -175.543642
v -7782.613872 5987.115301 -175.460901
v -7772.168378 6035.303511 -175.452895
v -7677.521342 6035.303511 -170.437500
v -7610.854675 6035.303511 -167.833333
v -7544.188009 6035.303511 -172.260417
v -7487.919727 6024.905125 -182.872967
v -7485.665727 6035.303511 -181.861729
v -10610.854675 6063.685138 -138.328880
v -10544.188009 6101.970177 -132.156250
v -10602.059026 6101.970177 -138.033775
v -10603.484571 6095.765173 -138.081604
v -10477.521342 6101.970177 -129.812500
v -10410.854675 6101.970177 -135.802083
v -10344.188009 6101.970177 -145.177083
v -10325.873084 6053.618435 -147.526553
v -10315.902307 6097.018484 -147.171486
v -10315.506976 6098.791909 -147.156174
v -10314.820096 6101.970177 -147.127296
v -7744.188009 6101.970177 -176.427083
v -7761.461743 6084.696443 -176.292132
v -7769.415453 6048.003583 -175.668682
v -7757.717411 6101.970177 -176.374234
v -7677.521342 6101.970177 -173.041667
v -7610.854675 6101.970177 -169.395833
v -7544.188009 6101.970177 -171.479167
v -7477.521342 6101.970177 -181.895833
v -7482.572097 6049.575354 -182.090530
v -7477.521342 6072.876011 -182.464079
v -7471.214759 6101.970177 -183.620290
v -10544.188009 6168.636844 -132.937500
v -10599.435593 6113.389260 -137.901150
v -10586.876589 6168.636844 -137.773316
v -10588.996601 6158.827319 -137.783563
v -10477.521342 6168.636844 -129.812500
v -10410.854675 6168.636844 -134.239583
v -10344.188009 6168.636844 -143.354167
v -10306.723313 6139.434873 -147.372280
v -10301.525852 6163.484092 -147.161341
v -10300.412251 6168.636844 -147.116146
v -7744.188009 6164.385385 -177.158512
v -7756.217035 6108.891864 -176.461208
v -7677.521342 6168.636844 -174.864583
v -7743.266443 6168.636844 -177.175935
v -7610.854675 6168.636844 -170.697917
v -7544.188009 6168.636844 -169.395833
v -7477.521342 6168.636844 -173.562500
v -7469.469380 6110.022140 -182.682158
v -7469.373679 6110.463636 -182.648279
v -7456.763792 6168.636844 -178.184298
v -10544.188009 6235.303511 -135.020833
v -10580.265791 6199.225729 -137.980339
v -10572.468745 6235.303511 -138.003567
v -10477.521342 6235.303511 -130.854167
v -10410.854675 6235.303511 -133.197917
v -10344.188009 6235.303511 -141.270833
v -10288.343202 6224.481651 -147.280755
v -10287.544728 6228.176276 -147.246393
v -10286.004407 6235.303511 -147.180105
v -7677.521342 6235.303511 -176.166667
v -7743.011395 6169.813457 -177.189949
v -7743.018616 6169.780146 -177.189552
v -7728.815476 6235.303511 -177.368873
v -7610.854675 6235.303511 -171.479167
v -7544.188009 6235.303511 -169.395833
v -7477.521342 6235.303511 -170.437500
v -7456.175260 6171.351917 -178.039589
v -7451.019032 6195.139154 -176.771764
v -7442.976842 6232.240199 -176.383489
v -7442.312825 6235.303511 -176.351431
v -10544.188009 6301.970177 -137.104167
v -10561.885679 6284.272507 -138.417666
v -10558.060900 6301.970177 -138.513132
v -10561.226265 6287.323690 -138.434125
v -10477.521342 6301.970177 -131.895833
v -10410.854675 6301.970177 -132.156250
v -10344.188009 6301.970177 -139.187500
v -10277.521342 6301.970177 -146.739583
v -10277.521342 6274.555577 -147.275025
v -10273.563605 6292.868459 -147.118330
v -10271.596563 6301.970177 -147.040451
v -7677.521342 6301.970177 -176.947917
v -7724.561047 6254.930472 -177.499163
v -7714.364509 6301.970177 -177.235754
v -7716.621779 6291.556710 -177.294066
v -7610.854675 6301.970177 -172.520833
v -7544.188009 6301.970177 -169.916667
v -7477.521342 6301.970177 -169.656250
v -7432.568684 6280.256169 -174.827408
v -7429.778423 6293.128481 -174.981745
v -7427.861857 6301.970177 -175.087756
v -10544.188009 6366.161559 -138.608652
v -10477.521342 6368.636844 -132.937500
v -10543.653056 6368.636844 -138.620694
v -10410.854675 6368.636844 -132.156250
v -10344.188009 6368.636844 -137.885417
v -10277.521342 6368.636844 -145.697917
v -10269.963091 6309.528428 -147.093876
v -10259.582481 6357.560642 -146.992161
v -10257.188718 6368.636844 -146.968706
v -7677.521342 6368.636844 -178.770833
v -7706.110699 6340.047487 -178.212447
v -7699.913541 6368.636844 -178.420955
v -7610.854675 6368.636844 -173.822917
v -7544.188009 6368.636844 -170.177083
v -7477.521342 6368.636844 -169.916667
v -7416.580005 6354.016763 -175.508481
v -7414.118336 6365.373184 -175.600282
v -7413.410890 6368.636844 -175.676590
v -10477.521342 6435.303511 -134.239583
v -10543.505568 6369.319284 -138.621348
v -10529.245211 6435.303511 -139.290742
v -10533.264017 6416.708057 -139.102096
v -10410.854675 6435.303511 -132.937500
v -10344.188009 6435.303511 -137.104167
v -10277.521342 6435.303511 -144.916667
v -10251.582980 6394.575206 -147.116421
v -10245.601357 6422.252826 -147.189291
v -10242.780874 6435.303511 -147.223651
v -7677.521342 6435.303511 -180.593750
v -7687.660352 6425.164501 -180.158089
v -7690.224942 6413.333273 -179.794508
v -7685.462574 6435.303511 -180.252525
v -7610.854675 6435.303511 -176.427083
v -7544.188009 6435.303511 -171.479167
v -7477.521342 6435.303511 -171.218750
v -7410.854675 6435.303511 -177.989583
v -7410.854675 6380.429433 -176.274768
v -7400.911581 6435.303511 -180.902599
v -7403.381586 6414.905044 -179.541513
v -10477.521342 6501.970177 -136.062500
v -10525.125457 6454.366062 -139.409664
v -10514.837367 6501.970177 -139.706643
v -10410.854675 6501.970177 -133.979167
v -10344.188009 6501.970177 -136.583333
v -10277.521342 6501.970177 -143.875000
v -10233.202869 6479.621984 -147.686571
v -10231.620234 6486.945009 -147.695792
v -10228.373030 6501.970177 -147.714712
v -7677.521342 6501.970177 -181.895833
v -7678.708470 6500.783050 -181.821638
v -7679.791552 6461.465642 -181.007181
v -7678.675768 6501.970177 -181.837210
v -7610.854675 6501.970177 -178.770833
v -7544.188009 6501.970177 -172.781250
v -7477.521342 6501.970177 -173.822917
v -7410.854675 6501.970177 -181.375000
v -7400.110042 6446.048144 -180.633770
v -7400.257144 6440.708160 -180.840986
v -7398.572644 6501.857836 -183.768129
v -7398.569549 6501.970177 -183.774439
v -10477.521342 6568.636844 -138.145833
v -10506.745346 6539.412840 -140.086490
v -10500.429523 6568.636844 -140.293475
v -10505.301770 6546.092424 -140.133799
v -10410.854675 6568.636844 -135.281250
v -10344.188009 6568.636844 -136.583333
v -10277.521342 6568.636844 -142.833333
v -10217.639110 6551.637192 -148.165276
v -10214.822758 6564.668761 -148.283494
v -10213.965185 6568.636844 -148.295191
v -7677.521342 6543.877433 -181.404733
v -7610.854675 6568.636844 -178.250000
v -7676.839291 6568.636844 -181.085276
v -7544.188009 6568.636844 -173.302083
v -7477.521342 6568.636844 -176.427083
v -7410.854675 6568.636844 -186.322917
v -7398.221543 6514.603310 -184.286542
v -7396.888144 6563.007511 -188.087385
v -7396.733072 6568.636844 -188.529417
v -10477.521342 6635.303511 -139.968750
v -10488.365235 6624.459618 -140.688852
v -10491.320647 6610.784607 -140.591996
v -10486.021678 6635.303511 -140.732452
v -10410.854675 6635.303511 -136.843750
v -10344.188009 6635.303511 -137.364583
v -10277.521342 6635.303511 -142.312500
v -10210.854675 6635.303511 -148.041667
v -10210.854675 6583.029512 -148.450057
v -10199.557341 6635.303511 -148.438839
v -7610.854675 6635.303511 -177.989583
v -7676.819970 6569.338216 -181.081707
v -7675.002814 6635.303511 -179.242477
v -7675.097467 6631.867465 -179.338280
v -7676.781966 6570.717790 -181.043242
v -7544.188009 6635.303511 -174.083333
v -7477.521342 6635.303511 -174.343750
v -7410.854675 6635.303511 -182.416667
v -7396.333043 6583.158477 -188.194846
v -7395.203645 6624.157186 -186.004340
v -7394.896595 6635.303511 -185.408807
v -10477.521342 6674.635494 -141.044234
v -10410.854675 6701.970177 -138.145833
v -10471.613834 6701.970177 -141.468600
v -10477.339523 6675.476790 -141.057295
v -10344.188009 6701.970177 -137.885417
v -10277.521342 6701.970177 -141.531250
v -10210.854675 6701.970177 -147.000000
v -10196.442647 6649.715539 -148.492043
v -10189.676863 6681.021559 -148.320032
v -10185.149496 6701.970177 -148.204930
v -7610.854675 6701.970177 -176.687500
v -7674.931470 6637.893383 -179.190500
v -7673.166336 6701.970177 -177.904525
v -7673.412967 6693.017141 -178.084206
v -7544.188009 6701.970177 -174.343750
v -7477.521342 6701.970177 -172.520833
v -7410.854675 6701.970177 -177.468750
v -7394.444543 6651.713643 -183.891015
v -7393.519145 6685.306862 -181.549591
v -7393.060118 6701.970177 -180.388170
v -10410.854675 6768.636844 -139.447917
v -10469.985124 6709.506395 -141.526722
v -10457.205990 6768.636844 -142.525934
v -10344.188009 6768.636844 -138.406250
v -10277.521342 6768.636844 -141.010417
v -10210.854675 6768.636844 -145.958333
v -10178.062536 6734.762317 -148.280943
v -10175.695739 6745.713742 -148.239261
v -10170.741652 6768.636844 -148.152014
v -7610.854675 6768.636844 -174.864583
v -7673.042970 6706.448549 -177.779660
v -7671.329859 6768.636844 -176.281970
v -7544.188009 6768.636844 -173.041667
v -7477.521342 6768.636844 -171.218750
v -7410.854675 6768.636844 -173.041667
v -7392.556043 6720.268810 -178.683894
v -7391.834645 6746.456537 -177.040675
v -7391.223641 6768.636844 -175.648913
v -10410.854675 6835.303511 -141.270833
v -10451.605013 6794.553173 -142.862643
v -10442.798145 6835.303511 -143.516859
v -10344.188009 6835.303511 -139.708333
v -10277.521342 6835.303511 -141.010417
v -10210.854675 6835.303511 -145.697917
v -10159.682425 6819.809095 -148.357033
v -10156.333808 6835.303511 -148.466554
v -7610.854675 6835.303511 -173.562500
v -7671.154470 6775.003716 -176.153507
v -7669.493382 6835.303511 -175.165902
v -7544.188009 6835.303511 -171.479167
v -7477.521342 6835.303511 -169.656250
v -7410.854675 6835.303511 -169.135417
v -7390.667543 6788.823976 -173.751371
v -7390.150146 6807.606213 -172.699355
v -7389.387164 6835.303511 -171.147996
v -10410.854675 6901.970177 -142.833333
v -10433.224902 6879.599951 -143.881938
v -10435.396152 6869.553340 -143.799136
v -10428.390301 6901.970177 -144.271803
v -10344.188009 6901.970177 -140.489583
v -10277.521342 6901.970177 -141.531250
v -10210.854675 6901.970177 -145.177083
v -10144.188009 6901.970177 -148.562500
v -10147.733492 6875.098109 -148.592394
v -10144.188009 6891.503447 -148.644271
v -10141.925963 6901.970177 -148.615517
v -7610.854675 6901.970177 -173.822917
v -7669.265970 6843.558883 -175.191931
v -7667.656905 6901.970177 -175.376103
v -7668.359468 6876.466167 -175.295688
v -7544.188009 6901.970177 -171.739583
v -7477.521342 6901.970177 -169.395833
v -7410.854675 6901.970177 -167.572917
v -7388.779043 6857.379143 -169.825280
v -7388.465646 6868.755888 -169.575777
v -7387.550687 6901.970177 -168.847354
v -10410.854675 6968.636844 -144.656250
v -10414.844791 6964.646728 -144.874459
v -10421.415028 6934.245524 -144.582141
v -10413.982456 6968.636844 -144.912826
v -10344.188009 6968.636844 -141.270833
v -10277.521342 6968.636844 -141.531250
v -10210.854675 6968.636844 -144.656250
v -10144.188009 6968.636844 -148.302083
v -10141.302314 6904.855872 -148.630133
v -10133.752368 6939.790292 -148.700115
v -10127.518119 6968.636844 -148.757901
v -7610.854675 6968.636844 -173.822917
v -7667.377470 6912.114049 -175.368462
v -7665.820428 6968.636844 -175.111176
v -7544.188009 6968.636844 -170.958333
v -7477.521342 6968.636844 -167.833333
v -7410.854675 6968.636844 -166.010417
v -7386.890543 6925.934310 -168.509016
v -7386.781146 6929.905563 -168.422777
v -7385.714210 6968.636844 -167.581696
v -10410.854675 6983.109428 -144.995451
v -10344.188009 7035.303511 -142.312500
v -10399.574612 7035.303511 -145.557809
v -10407.433905 6998.937707 -145.165991
v -10277.521342 7035.303511 -141.531250
v -10210.854675 7035.303511 -144.135417
v -10144.188009 7035.303511 -148.041667
v -10122.922203 6989.902650 -148.800501
v -10119.771245 7004.482476 -148.829707
v -10113.110275 7035.303511 -148.891448
v -7610.854675 7035.303511 -173.041667
v -7665.488970 6980.669216 -174.962404
v -7663.983951 7035.303511 -174.701957
v -7664.990469 6998.765518 -174.876137
v -7544.188009 7035.303511 -170.177083
v -7477.521342 7035.303511 -167.052083
v -7410.854675 7035.303511 -165.750000
v -7385.002043 6994.489476 -167.828180
v -7383.877733 7035.303511 -167.752195
v -10344.188009 7101.970177 -142.833333
v -10396.464680 7049.693506 -145.488008
v -10385.166768 7101.970177 -145.554579
v -10277.521342 7101.970177 -141.531250
v -10210.854675 7101.970177 -143.614583
v -10144.188009 7101.970177 -147.260417
v -10104.542091 7074.949428 -148.816001
v -10098.702430 7101.970177 -148.681841
v -7610.854675 7101.970177 -172.781250
v -7663.600470 7049.224382 -174.635594
v -7662.147474 7101.970177 -173.983425
v -7544.188009 7101.970177 -169.916667
v -7477.521342 7101.970177 -167.052083
v -7410.854675 7101.970177 -165.750000
v -7383.412147 7052.204914 -167.786750
v -7383.113543 7063.044643 -167.808912
v -7382.041256 7101.970177 -167.888496
v -10344.188009 7168.636844 -143.614583
v -10378.084569 7134.740284 -145.468301
v -10379.471657 7128.322074 -145.485199
v -10370.758923 7168.636844 -145.586643
v -10277.521342 7168.636844 -141.531250
v -10210.854675 7168.636844 -142.833333
v -10144.188009 7168.636844 -146.479167
v -10091.808997 7133.866842 -148.772664
v -10086.161980 7159.996206 -148.847066
v -10084.294586 7168.636844 -148.818753
v -7610.854675 7168.636844 -171.218750
v -7661.711971 7117.779549 -173.602686
v -7660.310997 7168.636844 -172.764260
v -7661.621469 7121.064869 -173.548524
v -7544.188009 7168.636844 -168.875000
v -7477.521342 7168.636844 -166.531250
v -7410.854675 7168.636844 -165.229167
v -7381.225043 7131.599809 -167.601852
v -7380.204778 7168.636844 -167.384238
v -10344.188009 7235.303511 -144.395833
v -10359.704458 7219.787062 -145.365611
v -10365.490534 7193.014257 -145.481303
v -10356.351079 7235.303511 -145.346073
v -10277.521342 7235.303511 -141.791667
v -10210.854675 7235.303511 -142.312500
v -10144.188009 7235.303511 -145.958333
v -10077.521342 7235.303511 -148.822917
v -10077.827874 7198.559026 -148.954476
v -10077.521342 7199.977382 -148.960909
v -10069.886741 7235.303511 -148.942207
v -7610.854675 7235.303511 -169.656250
v -7661.610490 7184.547696 -172.431959
v -7660.210014 7172.302646 -172.675187
v -7667.415469 7235.303511 -172.086597
v -7666.139695 7224.148790 -172.162498
v -7544.188009 7235.303511 -166.791667
v -7477.521342 7235.303511 -165.489583
v -7410.854675 7235.303511 -165.489583
v -7381.340920 7198.150599 -167.304353
v -7380.043148 7174.504265 -167.395602
v -7380.896819 7194.267599 -167.335578
v -7385.590126 7235.303511 -167.167307
v -10344.188009 7291.583363 -145.055363
v -10277.521342 7301.970177 -141.791667
v -10341.943235 7301.970177 -145.063091
v -10210.854675 7301.970177 -141.791667
v -10144.188009 7301.970177 -145.177083
v -10077.521342 7301.970177 -148.302083
v -10067.781869 7245.042983 -148.937051
v -10063.846750 7263.251209 -148.871657
v -10055.478897 7301.970177 -148.732600
v -7610.854675 7301.970177 -168.875000
v -7668.452660 7244.372192 -172.024890
v -7675.040184 7301.970177 -171.883696
v -7544.188009 7301.970177 -166.270833
v -7477.521342 7301.970177 -164.968750
v -7410.854675 7301.970177 -165.229167
v -7388.183091 7257.975095 -166.906557
v -7393.214841 7301.970177 -166.400562
v -10277.521342 7368.636844 -142.312500
v -10341.324347 7304.833839 -145.054035
v -10327.535390 7368.636844 -145.438378
v -10337.528286 7322.398624 -145.159844
v -10210.854675 7368.636844 -141.531250
v -10144.188009 7368.636844 -144.135417
v -10077.521342 7368.636844 -147.781250
v -10049.865626 7327.943392 -148.740776
v -10049.401758 7330.089761 -148.741452
v -10041.071053 7368.636844 -148.635554
v -7677.521342 7368.636844 -171.218750
v -7682.137002 7364.021184 -171.344959
v -7680.252489 7347.543950 -171.508607
v -7677.521342 7323.664176 -171.745773
v -7682.664899 7368.636844 -171.299118
v -7610.854675 7368.636844 -167.833333
v -7675.294831 7304.196688 -171.860843
v -7544.188009 7368.636844 -165.750000
v -7477.521342 7368.636844 -164.708333
v -7410.854675 7368.636844 -165.229167
v -7395.009613 7317.662759 -166.097480
v -7395.025262 7317.799591 -166.094838
v -7400.839556 7368.636844 -165.776869
v -10277.521342 7435.303511 -143.093750
v -10322.944236 7389.880617 -145.400381
v -10323.547163 7387.090807 -145.405371
v -10313.127546 7435.303511 -145.180051
v -10210.854675 7435.303511 -141.531250
v -10144.188009 7435.303511 -143.354167
v -10077.521342 7435.303511 -147.260417
v -10031.021647 7415.136539 -148.871087
v -10026.663208 7435.303511 -148.849733
v -7677.521342 7435.303511 -170.177083
v -7688.979173 7423.845680 -170.535141
v -7687.308886 7409.241530 -170.737232
v -7690.289613 7435.303511 -170.426464
v -7610.854675 7435.303511 -167.052083
v -7544.188009 7435.303511 -164.968750
v -7477.521342 7435.303511 -164.708333
v -7410.854675 7435.303511 -165.489583
v -7401.867433 7377.624086 -165.580231
v -7402.066009 7379.360339 -165.580032
v -7408.464270 7435.303511 -165.573621
v -10277.521342 7501.970177 -143.875000
v -10304.564125 7474.927395 -145.142630
v -10309.566039 7451.782991 -145.164488
v -10298.719701 7501.970177 -145.117091
v -10210.854675 7501.970177 -141.791667
v -10144.188009 7501.970177 -142.833333
v -10077.521342 7501.970177 -146.479167
v -10021.903379 7457.327759 -148.912446
v -10012.641536 7500.183317 -149.034474
v -10012.255364 7501.970177 -149.028619
v -7677.521342 7501.970177 -168.875000
v -7695.821344 7483.670176 -169.589844
v -7694.365283 7470.939110 -169.810059
v -7697.914328 7501.970177 -169.432621
v -7610.854675 7501.970177 -165.750000
v -7544.188009 7501.970177 -164.187500
v -7477.521342 7501.970177 -164.447917
v -7410.854675 7456.204007 -165.571226
v -7415.551775 7497.273078 -165.676608
v -7416.088985 7501.970177 -165.647767
v -7408.709604 7437.448582 -165.556617
v -7409.122406 7441.057919 -165.559428
v -10277.521342 7568.636844 -144.395833
v -10286.184013 7559.974173 -144.835735
v -10295.584916 7516.475174 -145.046733
v -10284.311857 7568.636844 -144.767190
v -10210.854675 7568.636844 -141.791667
v -10144.188009 7568.636844 -142.312500
v -10077.521342 7568.636844 -145.958333
v -10010.854675 7568.636844 -149.083333
v -10010.854675 7508.451316 -149.083333
v -9997.847520 7568.636844 -149.235761
v -7677.521342 7568.636844 -167.833333
v -7702.663515 7543.494671 -168.913661
v -7701.421679 7532.636690 -169.049361
v -7705.539043 7568.636844 -168.599442
v -7610.854675 7568.636844 -164.968750
v -7544.188009 7568.636844 -163.406250
v -7477.521342 7568.636844 -164.187500
v -7416.178803 7502.755499 -165.649081
v -7422.393946 7557.097574 -165.739965
v -7423.235200 7564.453079 -165.688230
v -7423.713700 7568.636844 -165.658803
v -10277.521342 7600.057298 -144.395833
v -10281.603792 7581.167357 -144.619092
v -10210.854675 7635.303511 -141.791667
v -10269.904013 7635.303511 -144.098281
v -10144.188009 7635.303511 -141.531250
v -10077.521342 7635.303511 -144.916667
v -10010.854675 7635.303511 -148.562500
v -9994.261425 7585.230094 -149.277785
v -9993.941132 7586.712126 -149.272463
v -9983.439675 7635.303511 -149.097949
v -7677.521342 7635.303511 -166.791667
v -7709.505686 7603.319167 -168.165994
v -7708.478076 7594.334270 -168.278284
v -7713.163758 7635.303511 -167.905492
v -7610.854675 7635.303511 -163.927083
v -7544.188009 7635.303511 -162.885417
v -7477.521342 7635.303511 -164.187500
v -7429.236116 7616.922070 -165.507799
v -7430.291597 7626.150659 -165.478938
v -7431.338415 7635.303511 -165.450314
v -10210.854675 7701.970177 -141.791667
v -10267.803902 7645.020950 -144.016246
v -10255.496168 7701.970177 -143.709856
v -10144.188009 7701.970177 -141.270833
v -10077.521342 7701.970177 -143.875000
v -10010.854675 7701.970177 -148.041667
v -9975.881314 7670.276872 -149.245573
v -9969.031831 7701.970177 -149.185260
v -7677.521342 7701.970177 -165.229167
v -7718.580102 7660.911417 -167.474568
v -7714.310492 7645.329977 -167.706332
v -7729.830981 7701.970177 -167.272512
v -7610.854675 7701.970177 -162.625000
v -7544.188009 7701.970177 -162.364583
v -7477.521342 7701.970177 -164.187500
v -7436.078287 7676.746565 -164.996935
v -7437.347994 7687.848239 -164.972136
v -7440.073661 7701.970177 -164.918900
v -10210.854675 7768.636844 -142.052083
v -10249.423791 7730.067728 -143.558689
v -10253.641545 7710.551724 -143.663687
v -10241.088324 7768.636844 -143.351185
v -10144.188009 7768.636844 -141.270833
v -10077.521342 7768.636844 -143.354167
v -10010.854675 7768.636844 -147.520833
v -9965.978885 7716.096492 -149.213558
v -9957.501203 7755.323650 -149.292139
v -9954.623986 7768.636844 -149.278042
v -7744.188009 7768.636844 -166.531250
v -7747.257745 7765.567108 -166.627179
v -7745.013886 7757.378409 -166.760820
v -7744.188009 7754.364466 -166.810007
v -7748.098911 7768.636844 -166.638189
v -7677.521342 7768.636844 -163.145833
v -7732.918923 7713.239263 -167.040976
v -7610.854675 7768.636844 -161.062500
v -7544.188009 7768.636844 -162.104167
v -7477.521342 7768.636844 -164.447917
v -7447.684891 7731.806629 -165.003340
v -7441.418668 7708.938786 -164.947073
v -7457.777067 7768.636844 -164.910673
v -10210.854675 7835.303511 -142.312500
v -10231.043680 7815.114506 -143.101133
v -10239.660421 7775.243907 -143.315639
v -10226.680480 7835.303511 -143.054335
v -10144.188009 7835.303511 -141.010417
v -10077.521342 7835.303511 -142.312500
v -10010.854675 7835.303511 -146.739583
v -9944.188009 7835.303511 -149.604167
v -9951.997761 7780.788676 -149.360112
v -9944.188009 7816.925251 -149.604167
v -9940.216142 7835.303511 -149.650712
v -7744.188009 7835.303511 -165.229167
v -7761.596566 7817.894953 -166.045193
v -7766.366841 7835.303511 -166.095527
v -7677.521342 7835.303511 -161.583333
v -7610.854675 7835.303511 -160.020833
v -7544.188009 7835.303511 -161.583333
v -7477.521342 7835.303511 -164.708333
v -7458.193712 7770.157339 -164.900908
v -7462.023712 7784.134474 -164.811142
v -7474.968756 7831.375893 -164.742846
v -7476.044998 7835.303511 -164.737168
v -10210.854675 7901.970177 -142.572917
v -10212.663569 7900.161284 -142.650643
v -10225.679297 7839.936091 -143.025500
v -10212.272635 7901.970177 -142.639384
v -10144.188009 7901.970177 -140.750000
v -10077.521342 7901.970177 -141.270833
v -10010.854675 7901.970177 -145.697917
v -9944.188009 7901.970177 -149.083333
v -9939.121092 7840.370427 -149.643752
v -9938.016637 7845.480859 -149.621084
v -9925.808298 7901.970177 -149.370516
v -7744.188009 7901.970177 -163.666667
v -7775.935387 7870.222799 -165.650878
v -7784.634771 7901.970177 -165.404613
v -7778.563974 7879.815516 -165.576467
v -7677.521342 7901.970177 -160.020833
v -7610.854675 7901.970177 -159.239583
v -7544.188009 7901.970177 -162.104167
v -7477.521342 7840.691257 -164.750425
v -7490.701354 7888.790165 -164.508385
v -7491.743799 7892.594446 -164.489241
v -7494.312928 7901.970177 -164.442061
v -7476.362533 7836.462320 -164.735493
v -10210.854675 7908.531233 -142.572917
v -10211.698174 7904.628274 -142.612456
v -10144.188009 7968.636844 -140.489583
v -10197.864791 7968.636844 -142.166983
v -10077.521342 7968.636844 -140.750000
v -10010.854675 7968.636844 -144.395833
v -9944.188009 7968.636844 -148.302083
v -9924.035514 7910.173042 -149.366174
v -9920.740981 7925.417205 -149.358103
v -9911.400453 7968.636844 -149.070542
v -7744.188009 7968.636844 -161.583333
v -7790.274209 7922.550644 -165.003793
v -7802.902701 7968.636844 -164.564939
v -7677.521342 7968.636844 -158.718750
v -7610.854675 7968.636844 -158.979167
v -7544.188009 7968.636844 -162.885417
v -7505.040176 7941.118010 -163.939221
v -7508.518843 7953.812999 -163.965694
v -7512.580858 7968.636844 -163.996606
v -10144.188009 8035.303511 -140.229167
v -10194.283458 7985.208061 -141.990335
v -10197.717050 7969.320457 -142.159696
v -10183.456947 8035.303511 -141.456321
v -10183.735926 8034.012641 -141.470082
v -10077.521342 8035.303511 -139.708333
v -10010.854675 8035.303511 -143.093750
v -9944.188009 8035.303511 -147.520833
v -9902.360870 8010.463983 -149.119020
v -9896.992609 8035.303511 -148.995690
v -7810.854675 7997.656642 -163.948523
v -7810.854675 8035.303511 -162.625000
v -7818.951851 8027.206335 -163.257592
v -7821.170631 8035.303511 -163.189154
v -7744.188009 8035.303511 -159.239583
v -7804.613030 7974.878489 -164.432359
v -7677.521342 8035.303511 -157.416667
v -7610.854675 8035.303511 -159.500000
v -7544.188009 8035.303511 -163.666667
v -7519.378997 7993.445856 -163.369968
v -7525.293887 8015.031553 -163.576715
v -7530.848788 8035.303511 -163.770879
v -10144.188009 8101.970177 -139.708333
v -10175.903347 8070.254839 -140.947214
v -10169.049102 8101.970177 -140.679470
v -10077.521342 8101.970177 -138.666667
v -10010.854675 8101.970177 -141.270833
v -9944.188009 8101.970177 -146.218750
v -9896.073266 8039.557409 -148.991185
v -9883.980759 8095.510761 -148.931941
v -9882.584765 8101.970177 -148.865764
v -7810.854675 8101.970177 -159.500000
v -7833.290672 8079.534180 -161.778656
v -7828.889105 8063.471176 -162.290899
v -7839.438561 8101.970177 -161.398149
v -7744.188009 8101.970177 -156.635417
v -7677.521342 8101.970177 -156.635417
v -7610.854675 8101.970177 -160.802083
v -7544.188009 8083.983432 -164.046979
v -7548.056640 8098.101546 -163.915487
v -7549.116718 8101.970177 -163.937214
v -7533.717818 8045.773701 -163.543969
v -7542.068931 8076.250106 -163.945174
v -10144.188009 8168.636844 -138.927083
v -10157.523236 8155.301617 -139.604263
v -10154.641258 8168.636844 -139.457912
v -10155.773679 8163.397007 -139.515418
v -10077.521342 8168.636844 -137.625000
v -10010.854675 8168.636844 -139.447917
v -9944.188009 8168.636844 -144.395833
v -9877.521342 8168.636844 -147.781250
v -9882.092143 8104.249593 -148.842412
v -9877.521342 8125.399186 -148.625736
v -9868.176920 8168.636844 -147.963758
v -7810.854675 8168.636844 -156.635417
v -7852.247478 8127.244041 -161.162755
v -7840.965791 8107.543624 -161.260082
v -7875.951579 8168.636844 -160.703973
v -7862.263584 8144.734461 -160.968898
v -7744.188009 8168.636844 -154.812500
v -7677.521342 8168.636844 -156.895833
v -7610.854675 8168.636844 -162.104167
v -7562.395461 8150.429392 -162.695021
v -7567.384648 8168.636844 -162.953191
v -10144.188009 8217.005167 -139.116022
v -10077.521342 8235.303511 -136.843750
v -10140.233413 8235.303511 -139.048471
v -10141.792555 8228.089191 -139.075104
v -10010.854675 8235.303511 -137.364583
v -9944.188009 8235.303511 -141.791667
v -9877.521342 8235.303511 -145.697917
v -9868.111019 8168.941776 -147.957899
v -9865.600648 8180.557538 -147.734685
v -9854.129895 8233.633959 -146.389700
v -9853.769076 8235.303511 -146.347393
v -7877.521342 8171.378010 -160.662884
v -7877.521342 8235.303511 -157.416667
v -7900.798893 8212.025959 -160.144505
v -7914.129071 8235.303511 -159.561651
v -7810.854675 8235.303511 -154.291667
v -7876.523186 8169.635000 -160.704607
v -7744.188009 8235.303511 -153.510417
v -7677.521342 8235.303511 -157.156250
v -7610.854675 8235.303511 -162.625000
v -7577.140990 8202.350530 -162.235861
v -7575.619018 8198.687213 -162.322826
v -7589.152166 8231.260890 -162.508642
v -7591.467223 8235.303511 -162.549268
v -10077.521342 8301.970177 -136.062500
v -10139.143125 8240.348394 -138.951021
v -10125.825569 8301.970177 -138.326761
v -10010.854675 8301.970177 -135.802083
v -9944.188009 8301.970177 -138.927083
v -9877.521342 8301.970177 -142.833333
v -9847.220537 8265.604316 -145.342829
v -9840.148772 8298.326143 -144.157806
v -9839.361232 8301.970177 -144.025837
v -7944.188009 8287.793317 -158.452380
v -7944.188009 8301.970177 -157.677083
v -7949.350308 8296.807878 -158.181214
v -7952.306563 8301.970177 -158.025927
v -7877.521342 8301.970177 -154.812500
v -7925.074601 8254.416919 -159.456373
v -7922.528750 8249.971279 -159.480860
v -7810.854675 8301.970177 -152.468750
v -7744.188009 8301.970177 -152.989583
v -7677.521342 8301.970177 -157.416667
v -7610.854675 8269.158454 -162.228262
v -7619.284749 8283.879299 -161.364223
v -7622.802592 8290.022260 -161.003662
v -7629.644715 8301.970177 -160.595974
v -7598.526885 8247.631301 -162.287912
v -10077.521342 8368.636844 -135.802083
v -10120.763014 8325.395172 -137.997949
v -10111.417725 8368.636844 -137.655792
v -10113.830308 8357.473557 -137.744123
v -10010.854675 8368.636844 -134.760417
v -9944.188009 8368.636844 -136.583333
v -9877.521342 8368.636844 -140.229167
v -9828.840425 8350.651094 -142.262854
v -9826.167648 8363.018326 -141.852843
v -9824.953387 8368.636844 -141.666572
v -7944.188009 8368.636844 -154.552083
v -7973.626016 8339.198837 -157.196904
v -7952.661333 8302.589687 -158.012132
v -7990.484055 8368.636844 -156.360523
v -7877.521342 8368.636844 -151.947917
v -7810.854675 8368.636844 -151.427083
v -7744.188009 8368.636844 -152.989583
v -7677.521342 8368.636844 -157.156250
v -7647.078300 8332.413220 -158.486930
v -7649.417332 8336.497707 -158.379606
v -7667.822207 8368.636844 -157.535122
v -10077.521342 8435.303511 -136.322917
v -10102.382903 8410.441950 -137.488302
v -10097.009880 8435.303511 -137.388696
v -10010.854675 8435.303511 -133.718750
v -9944.188009 8435.303511 -134.760417
v -9877.521342 8435.303511 -137.885417
v -9810.854675 8435.303511 -139.708333
v -9812.186525 8427.710509 -139.938857
v -9810.854675 8433.873121 -139.758620
v -9810.545543 8435.303511 -139.711956
v -8010.854675 8435.303511 -153.770833
v -8022.177431 8423.980755 -154.611194
v -8012.926499 8407.826505 -155.214708
v -8010.854675 8404.208624 -155.349871
v -8028.661547 8435.303511 -154.327298
v -7944.188009 8435.303511 -151.166667
v -7997.901723 8381.589796 -155.992508
v -7877.521342 8435.303511 -149.864583
v -7810.854675 8435.303511 -150.906250
v -7744.188009 8435.303511 -153.250000
v -7677.521342 8385.573761 -156.825451
v -7679.549915 8389.116116 -156.629478
v -7695.629715 8417.195138 -155.076073
v -7705.999698 8435.303511 -154.741731
v -7671.354007 8374.804179 -157.132159
v -10077.521342 8501.970177 -136.062500
v -10084.002792 8495.488728 -136.442272
v -10085.868061 8486.857924 -136.577993
v -10082.602036 8501.970177 -136.399890
v -10010.854675 8501.970177 -132.937500
v -9944.188009 8501.970177 -132.677083
v -9877.521342 8501.970177 -135.541667
v -9810.854675 8501.970177 -137.625000
v -9810.460314 8435.697872 -139.703712
v -9798.205401 8492.402693 -138.171040
v -9796.137698 8501.970177 -137.912441
v -8010.854675 8501.970177 -149.864583
v -8046.453138 8466.371714 -153.062883
v -8043.059082 8460.444914 -153.304092
v -8066.839039 8501.970177 -152.051473
v -7944.188009 8501.970177 -148.562500
v -7877.521342 8501.970177 -148.822917
v -7810.854675 8501.970177 -150.645833
v -7744.188009 8501.970177 -152.989583
v -7709.682498 8441.734525 -154.422023
v -7719.905422 8459.586097 -153.534562
v -7739.815081 8494.352934 -153.087665
v -7744.177190 8501.970177 -152.989752
v -10077.521342 8525.479102 -136.154332
v -10010.854675 8568.636844 -132.416667
v -10068.194192 8568.636844 -135.776404
v -10071.886937 8551.550107 -135.926031
v -9944.188009 8568.636844 -131.375000
v -9877.521342 8568.636844 -133.458333
v -9810.854675 8568.636844 -136.062500
v -9792.080203 8520.744649 -137.625000
v -9784.224277 8557.094876 -136.957165
v -9781.729854 8568.636844 -136.745113
v -8077.521342 8520.623932 -151.448623
v -8077.521342 8568.636844 -148.822917
v -8095.004553 8551.153633 -150.257086
v -8105.016531 8568.636844 -149.682141
v -8010.854675 8568.636844 -146.739583
v -8070.728846 8508.762674 -151.885020
v -8073.191665 8513.063322 -151.726791
v -7944.188009 8568.636844 -146.739583
v -7877.521342 8568.636844 -148.041667
v -7810.854675 8568.636844 -150.385417
v -7744.188009 8501.989069 -152.989436
v -7768.456837 8544.368016 -151.805149
v -7769.947664 8546.971342 -151.748392
v -7782.354682 8568.636844 -151.276041
v -7744.181130 8501.977056 -152.989530
v -10010.854675 8635.303511 -132.156250
v -10065.622681 8580.535505 -135.579250
v -10053.786347 8635.303511 -135.174883
v -10057.905814 8616.242291 -135.315617
v -9944.188009 8635.303511 -130.072917
v -9877.521342 8635.303511 -131.895833
v -9810.854675 8635.303511 -134.500000
v -9773.700092 8605.791427 -136.352770
v -9770.243154 8621.787059 -136.085902
v -9767.322010 8635.303511 -135.860396
v -8144.188009 8631.022682 -147.738219
v -8144.188009 8635.303511 -147.520833
v -8146.015265 8633.476254 -147.642175
v -8147.376084 8635.303511 -147.608007
v -8077.521342 8635.303511 -145.697917
v -8119.280261 8593.544592 -148.960332
v -8129.275861 8610.999204 -148.347282
v -8010.854675 8635.303511 -144.656250
v -7944.188009 8635.303511 -145.437500
v -7877.521342 8635.303511 -147.520833
v -7810.854675 8618.404376 -149.996608
v -7817.008252 8629.149934 -149.696321
v -7820.532174 8635.303511 -149.524359
v -7792.732545 8586.758975 -150.668575
v -7800.080247 8599.589751 -150.396123
v -10010.854675 8701.970177 -131.895833
v -10047.242570 8665.582283 -134.596497
v -10039.378503 8701.970177 -134.124257
v -9944.188009 8701.970177 -129.291667
v -9877.521342 8701.970177 -130.072917
v -9810.854675 8701.970177 -132.937500
v -9755.319981 8690.838205 -135.367730
v -9752.914165 8701.970177 -135.200801
v -8144.188009 8701.970177 -144.656250
v -8174.471696 8671.686490 -146.785572
v -8163.878508 8657.462351 -147.107108
v -8197.024963 8701.970177 -145.894616
v -8077.521342 8701.970177 -143.614583
v -8010.854675 8701.970177 -143.093750
v -7944.188009 8701.970177 -144.395833
v -7877.521342 8701.970177 -146.739583
v -7841.283960 8671.540893 -147.662386
v -7858.709666 8701.970177 -147.033516
v -10010.854675 8768.636844 -131.635417
v -10028.862459 8750.629061 -133.112618
v -10029.943566 8745.626657 -133.216620
v -10024.970658 8768.636844 -132.683087
v -9944.188009 8768.636844 -128.510417
v -9877.521342 8768.636844 -128.510417
v -9810.854675 8768.636844 -131.375000
v -9744.188009 8768.636844 -134.500000
v -9744.188009 8742.347055 -134.910778
v -9738.506321 8768.636844 -134.677553
v -8210.854675 8720.540200 -145.275741
v -8210.854675 8768.636844 -142.833333
v -8231.384558 8748.106962 -144.357036
v -8246.673843 8768.636844 -143.952682
v -8243.134254 8763.884017 -144.046293
v -8144.188009 8768.636844 -141.791667
v -8202.928127 8709.896726 -145.692378
v -8203.506381 8710.673184 -145.661983
v -8077.521342 8768.636844 -141.791667
v -8010.854675 8768.636844 -142.572917
v -7944.188009 8768.636844 -143.875000
v -7877.521342 8734.819683 -145.584718
v -7889.835375 8756.322811 -144.395833
v -7890.477997 8757.444977 -144.382046
v -7897.812135 8768.636844 -144.237312
v -7860.345414 8704.826568 -146.840591
v -7865.559667 8713.931852 -146.225605
v -10010.854675 8833.953037 -131.380275
v -10015.962443 8810.318841 -131.851688
v -9944.188009 8835.303511 -127.468750
v -10010.562814 8835.303511 -131.357899
v -9877.521342 8835.303511 -126.947917
v -9810.854675 8835.303511 -129.812500
v -9744.188009 8835.303511 -132.937500
v -9736.939870 8775.884983 -134.613252
v -9728.299783 8815.863609 -134.013757
v -9724.098477 8835.303511 -133.722247
v -8277.521342 8810.057718 -142.975063
v -8277.521342 8835.303511 -141.791667
v -8288.297419 8824.527433 -142.423077
v -8296.322722 8835.303511 -142.158881
v -8210.854675 8835.303511 -139.968750
v -8259.840989 8786.317197 -143.604453
v -8144.188009 8835.303511 -139.447917
v -8077.521342 8835.303511 -140.489583
v -8010.854675 8835.303511 -142.833333
v -7944.188009 8831.251665 -144.364178
v -7945.917525 8833.573995 -144.348542
v -7947.205553 8835.303511 -144.325110
v -7917.461094 8795.363759 -143.770598
v -7899.684194 8771.493599 -144.189208
v -7939.312067 8824.704432 -144.255888
v -9944.188009 8901.970177 -126.687500
v -10010.482347 8835.675839 -131.348821
v -9996.154970 8901.970177 -129.732439
v -9877.521342 8901.970177 -125.645833
v -9810.854675 8901.970177 -128.250000
v -9744.188009 8901.970177 -131.895833
v -9718.559759 8860.931760 -133.438052
v -9714.318659 8880.555793 -133.280527
v -9709.690632 8901.970177 -133.108632
v -8344.188009 8899.575236 -139.829951
v -8344.188009 8901.970177 -139.708333
v -8345.210281 8900.947905 -139.764239
v -8345.971601 8901.970177 -139.736202
v -8277.521342 8901.970177 -138.666667
v -8316.753850 8862.737669 -141.271950
v -8322.390001 8870.305683 -140.975702
v -8210.854675 8901.970177 -137.885417
v -8144.188009 8901.970177 -138.145833
v -8077.521342 8901.970177 -140.489583
v -8010.854675 8901.970177 -143.093750
v -7974.373956 8871.784231 -143.118339
v -7978.939940 8877.915265 -143.124452
v -7996.854432 8901.970177 -143.148438
v -9944.188009 8968.636844 -125.645833
v -9992.102236 8920.722616 -129.201967
v -9981.747125 8968.636844 -127.846563
v -9988.000195 8939.703207 -128.665042
v -9877.521342 8968.636844 -124.343750
v -9810.854675 8968.636844 -126.427083
v -9744.188009 8968.636844 -130.333333
v -9700.337535 8945.247976 -132.423128
v -9700.179648 8945.978538 -132.411556
v -9695.282788 8968.636844 -132.052658
v -8344.188009 8968.636844 -136.322917
v -8373.666712 8939.158141 -138.280487
v -8362.017874 8923.516516 -138.892775
v -8395.620480 8968.636844 -137.327457
v -8277.521342 8968.636844 -136.322917
v -8210.854675 8968.636844 -136.583333
v -8144.188009 8968.636844 -138.406250
v -8077.521342 8968.636844 -141.010417
v -8010.854675 8920.769183 -142.579715
v -8018.567814 8931.126098 -141.995223
v -8031.286817 8948.204702 -141.031394
v -8046.503311 8968.636844 -141.131581
v -8002.830386 8909.994466 -142.654922
v -9944.188009 9035.303511 -124.864583
v -9973.722125 9005.769394 -126.941201
v -9974.019072 9004.395391 -126.974702
v -9967.339281 9035.303511 -126.040234
v -9877.521342 9035.303511 -123.302083
v -9810.854675 9035.303511 -124.604167
v -9744.188009 9035.303511 -128.250000
v -9681.799537 9031.025316 -131.064448
v -9680.874943 9035.303511 -130.970483
v -8430.579573 9015.578613 -135.578705
v -8410.854675 8989.092754 -136.666129
v -8410.854675 9033.959655 -134.562993
v -8412.036794 9034.121392 -134.564647
v -8441.273621 9029.938182 -135.184879
v -8414.292127 9034.429967 -134.587833
v -8415.787568 9035.303511 -134.577076
v -8445.269359 9035.303511 -135.037729
v -8344.188009 9031.220938 -134.122695
v -8349.723823 9029.767697 -134.281906
v -8402.123142 8977.368377 -137.147494
v -8360.171052 9027.025129 -134.492083
v -8277.521342 9035.303511 -134.239583
v -8328.636311 9035.303511 -134.039915
v -8210.854675 9035.303511 -135.281250
v -8144.188009 9035.303511 -136.843750
v -8077.521342 9010.286701 -138.895385
v -8088.199679 9024.625174 -137.750137
v -8096.152190 9035.303511 -137.406670
v -8058.195687 8984.336931 -140.104652
v -8059.743248 8986.414938 -139.968731
v -9944.188009 9101.970177 -124.083333
v -9955.342014 9090.816172 -124.780459
v -9960.037948 9069.087574 -125.273556
v -9952.931437 9101.970177 -124.493182
v -9877.521342 9101.970177 -122.000000
v -9810.854675 9101.970177 -122.520833
v -9744.188009 9101.970177 -125.906250
v -9677.521342 9101.970177 -129.031250
v -9677.521342 9050.820990 -130.629662
v -9672.375288 9074.632343 -130.046372
v -9666.467099 9101.970177 -129.376695
v -8497.494441 9081.997078 -133.717699
v -8477.521342 9069.596151 -134.202110
v -8477.521342 9083.135687 -133.673222
v -8485.650121 9093.841398 -133.255030
v -8498.194172 9082.431528 -133.709589
v -8491.822252 9101.970177 -133.049226
v -8529.663383 9101.970177 -133.344860
v -8459.036004 9053.788849 -134.747375
v -8454.757514 9058.067339 -134.563533
v -8465.034357 9061.843214 -134.456182
v -8461.459771 9061.982383 -134.436783
v -8277.521342 9055.410477 -133.846869
v -8307.335991 9040.895190 -134.013907
v -8210.854675 9087.867200 -134.049289
v -8238.337869 9074.486984 -133.933462
v -8254.141987 9066.792736 -133.898536
v -8144.188009 9099.804219 -135.332015
v -8145.112540 9101.045646 -135.281250
v -8145.801070 9101.970177 -135.243444
v -8181.886916 9101.970177 -134.397682
v -8116.656109 9062.835410 -136.413564
v -8137.451434 9090.758597 -135.596651
v -9944.188009 9142.426972 -123.451196
v -9877.521342 9168.636844 -120.958333
v -9938.523592 9168.636844 -122.864654
v -9810.854675 9168.636844 -120.958333
v -9744.188009 9168.636844 -124.083333
v -9677.521342 9168.636844 -127.208333
v -9663.419426 9116.072093 -129.031250
v -9658.394164 9139.324526 -128.532851
v -9652.059255 9168.636844 -127.904562
v -8610.854675 9152.380345 -132.016428
v -8610.854675 9168.636844 -131.635417
v -8620.884094 9158.607425 -131.831304
v -8637.037611 9168.636844 -131.533140
v -8544.188009 9168.636844 -131.635417
v -8579.754210 9133.070643 -132.469000
v -8553.922803 9117.032401 -133.008449
v -8544.188009 9110.988248 -133.211745
v -8609.651433 9151.633274 -132.033938
v -8538.624326 9107.533860 -133.284468
v -8494.493140 9105.487772 -132.987649
v -8504.094825 9142.063361 -132.205421
v -8508.363201 9158.322834 -131.777500
v -8506.952039 9168.636844 -131.489964
v -8155.403329 9114.863734 -134.514736
v -9877.521342 9235.303511 -120.177083
v -9936.961903 9175.862950 -122.731170
v -9924.115748 9235.303511 -121.815168
v -9932.075701 9198.471941 -122.382757
v -9810.854675 9235.303511 -119.916667
v -9744.188009 9235.303511 -122.260417
v -9677.521342 9235.303511 -125.125000
v -9645.039315 9201.118871 -127.208333
v -9644.413041 9204.016709 -127.137347
v -9637.651410 9235.303511 -126.370935
v -8744.188009 9235.164538 -129.815214
v -8744.188009 9235.303511 -129.812500
v -8744.273747 9235.217772 -129.814175
v -8744.411840 9235.303511 -129.813374
v -8677.521342 9193.772441 -130.884070
v -8677.521342 9235.303511 -130.072917
v -8703.143863 9209.680990 -130.473269
v -8721.108694 9220.835020 -130.185241
v -8610.854675 9235.303511 -130.333333
v -8662.013979 9184.144207 -131.132697
v -8665.380064 9186.234147 -131.078730
v -8544.188009 9235.303511 -130.333333
v -8501.049888 9211.774965 -130.792875
v -8500.958363 9212.443909 -130.779810
v -8487.605200 9235.303511 -130.333333
v -9877.521342 9301.970177 -119.135417
v -9918.581792 9260.909727 -121.220518
v -9909.707903 9301.970177 -120.266975
v -9810.854675 9301.970177 -118.614583
v -9744.188009 9301.970177 -120.437500
v -9677.521342 9301.970177 -123.041667
v -9630.431917 9268.708893 -125.552626
v -9626.659204 9286.165649 -125.125000
v -9623.243566 9301.970177 -124.737847
v -8810.854675 9276.556635 -129.428337
v -8810.854675 9301.970177 -129.031250
v -8826.533516 9286.291337 -129.276232
v -8851.786068 9301.970177 -129.031250
v -8744.188009 9301.970177 -129.031250
v -8785.403632 9260.754554 -129.675244
v -8776.837324 9255.435893 -129.704110
v -8677.521342 9301.970177 -129.291667
v -8610.854675 9301.970177 -129.552083
v -8544.188009 9301.970177 -129.812500
v -8477.521342 9301.970177 -129.812500
v -8477.521342 9252.566310 -130.198468
v -8410.854675 9301.917425 -130.073535
v -8410.854675 9301.970177 -130.072917
v -8410.957477 9301.867376 -130.073318
v -8473.405947 9259.611553 -130.159503
v -8429.900558 9292.644921 -130.071372
v -8410.746321 9301.970177 -130.072070
v -9877.521342 9368.636844 -118.354167
v -9900.201681 9345.956505 -119.417308
v -9904.113454 9327.856307 -119.766943
v -9895.300059 9368.636844 -118.909752
v -9810.854675 9368.636844 -117.312500
v -9744.188009 9368.636844 -118.614583
v -9677.521342 9368.636844 -121.218750
v -9610.854675 9368.636844 -123.302083
v -9616.450794 9333.401076 -124.090683
v -9610.854675 9359.294925 -123.557526
v -9608.835722 9368.636844 -123.341516
v -8944.188009 9359.340829 -128.358938
v -8944.188009 9368.636844 -128.250000
v -8949.923169 9362.901683 -128.339612
v -8959.160296 9368.636844 -128.366971
v -8877.521342 9368.636844 -127.989583
v -8908.793285 9337.364901 -128.478207
v -8888.294585 9324.637639 -128.677071
v -8877.521342 9317.948732 -128.781585
v -8944.023216 9359.238512 -128.359493
v -8810.854675 9368.636844 -127.989583
v -8867.663401 9311.828119 -128.877220
v -8744.188009 9368.636844 -128.510417
v -8677.521342 9368.636844 -129.031250
v -8610.854675 9368.636844 -130.072917
v -8544.188009 9368.636844 -130.854167
v -8477.521342 9368.636844 -130.854167
v -8410.854675 9357.783653 -130.072917
v -8417.550532 9361.940987 -130.046761
v -8428.334970 9368.636844 -130.277764
v -8376.420648 9336.404205 -129.938409
v -8376.706554 9318.542466 -129.870870
v -8360.421706 9326.470758 -129.774614
v -9877.521342 9435.303511 -117.312500
v -9881.821570 9431.003283 -117.514073
v -9890.132330 9392.548491 -118.374641
v -9880.892215 9435.303511 -117.404672
v -9810.854675 9435.303511 -116.010417
v -9744.188009 9435.303511 -117.052083
v -9677.521342 9435.303511 -119.656250
v -9610.854675 9435.303511 -121.479167
v -9608.279093 9371.212427 -123.292022
v -9602.469670 9398.093259 -122.693158
v -9594.427877 9435.303511 -121.864170
v -9077.521342 9434.880073 -126.443624
v -9077.521342 9435.303511 -126.427083
v -9077.824143 9435.000710 -126.436546
v -9078.584179 9435.303511 -126.427083
v -9010.854675 9400.732925 -127.893206
v -9010.854675 9435.303511 -126.947917
v -9032.182938 9413.975248 -127.614425
v -9044.956563 9421.906155 -127.204830
v -8944.188009 9435.303511 -126.687500
v -8991.053054 9388.438466 -128.152033
v -8999.751846 9393.839385 -128.038331
v -8877.521342 9435.303511 -126.947917
v -8810.854675 9435.303511 -127.468750
v -8744.188009 9435.303511 -128.250000
v -8677.521342 9435.303511 -129.552083
v -8610.854675 9435.303511 -131.635417
v -8544.188009 9435.303511 -132.937500
v -8477.521342 9399.175750 -132.285678
v -8499.810301 9413.014552 -132.934372
v -8517.685528 9424.112948 -133.001896
v -8535.709198 9435.303511 -133.069981
v -8458.680417 9387.477769 -131.516543
v -8461.956898 9389.512075 -131.650297
vt -57.054273 5.176518
vt -57.054273 5.509851
vt -57.387607 5.176518
vt -57.387607 5.509851
vt -56.973956 5.256835
vt -56.990421 5.176518
vt -56.940227 5.421374
vt -56.922090 5.509851
vt -43.720940 5.176518
vt -43.720940 5.509851
vt -43.776276 5.454515
vt -43.801411 5.336612
vt -43.835541 5.176518
vt -43.764479 5.509851
vt -43.387607 5.176518
vt -43.387607 5.509851
vt -43.054273 5.176518
vt -43.054273 5.509851
vt -42.720940 5.176518
vt -42.720940 5.509851
vt -42.387607 5.509851
vt -42.404081 5.176518
vt -42.387607 5.253793
vt -42.365238 5.358720
vt -42.333019 5.509851
vt -57.054273 5.843184
vt -57.387607 5.843184
vt -56.888006 5.676118
vt -56.874018 5.744355
vt -56.853759 5.843184
vt -43.720940 5.714081
vt -43.387607 5.843184
vt -43.693417 5.843184
vt -43.054273 5.843184
vt -42.720940 5.843184
vt -42.387607 5.843184
vt -42.318228 5.579229
vt -42.298295 5.672730
vt -42.261957 5.843184
vt -57.054273 6.176518
vt -57.387607 6.176518
vt -56.802057 6.095401
vt -56.785428 6.176518
vt -43.387607 6.176518
vt -43.685960 5.878165
vt -43.622355 6.176518
vt -43.667526 5.964631
vt -43.054273 6.176518
vt -42.720940 6.176518
vt -42.387607 6.176518
vt -42.231353 5.986739
vt -42.227912 6.002879
vt -42.190895 6.176518
vt -57.054273 6.509851
vt -57.387607 6.509851
vt -56.720940 6.509851
vt -56.741601 6.390318
vt -56.720940 6.491107
vt -56.717098 6.509851
vt -43.387607 6.509851
vt -43.595643 6.301814
vt -43.600584 6.278640
vt -43.551293 6.509851
vt -43.054273 6.509851
vt -42.720940 6.509851
vt -42.387607 6.509851
vt -42.137596 6.426529
vt -42.119833 6.509851
vt -57.054273 6.843184
vt -57.387607 6.843184
vt -56.720940 6.843184
vt -56.716107 6.514684
vt -56.675392 6.713299
vt -56.648767 6.843184
vt -43.387607 6.843184
vt -43.505327 6.725464
vt -43.533641 6.592649
vt -43.480231 6.843184
vt -43.054273 6.843184
vt -42.720940 6.843184
vt -42.387607 6.843184
vt -42.054273 6.843184
vt -42.097468 6.614758
vt -42.054273 6.817372
vt -42.048770 6.843184
vt -57.054273 7.176518
vt -57.387607 7.176518
vt -56.720940 7.176518
vt -56.630157 6.933967
vt -56.609184 7.036281
vt -56.580436 7.176518
vt -43.387607 7.176518
vt -43.415011 7.149113
vt -43.466699 6.906659
vt -43.409169 7.176518
vt -43.054273 7.176518
vt -42.720940 7.176518
vt -42.387607 7.176518
vt -42.054273 7.176518
vt -42.047279 6.850178
vt -42.030525 6.928767
vt -41.977708 7.176518
vt -57.054273 7.509851
vt -57.387607 7.509851
vt -56.720940 7.509851
vt -56.544208 7.353250
vt -56.542975 7.359262
vt -56.512106 7.509851
vt -43.387607 7.277660
vt -43.399756 7.220668
vt -43.054273 7.509851
vt -43.338107 7.509851
vt -42.720940 7.509851
vt -42.387607 7.509851
vt -42.054273 7.509851
vt -41.963583 7.242777
vt -41.956963 7.273828
vt -41.906646 7.509851
vt -57.054273 7.843184
vt -57.387607 7.843184
vt -56.720940 7.843184
vt -56.458258 7.772533
vt -56.443775 7.843184
vt -43.054273 7.843184
vt -43.324695 7.572763
vt -43.332814 7.534678
vt -43.267045 7.843184
vt -42.720940 7.843184
vt -42.387607 7.843184
vt -42.054273 7.843184
vt -41.866647 7.697477
vt -41.835584 7.843184
vt -57.054273 8.176518
vt -57.387607 8.176518
vt -56.720940 8.176518
vt -56.387607 8.176518
vt -56.410558 8.005224
vt -56.387607 8.117186
vt -56.375444 8.176518
vt -43.054273 8.176518
vt -43.234379 7.996412
vt -43.265872 7.848687
vt -43.195983 8.176518
vt -42.720940 8.176518
vt -42.387607 8.176518
vt -42.054273 8.176518
vt -41.829698 7.870795
vt -41.776331 8.121127
vt -41.764522 8.176518
vt -57.054273 8.509851
vt -57.387607 8.509851
vt -56.720940 8.509851
vt -56.387607 8.509851
vt -56.372308 8.191816
vt -56.344349 8.328206
vt -56.307114 8.509851
vt -43.054273 8.509851
vt -43.144062 8.420062
vt -43.124921 8.509851
vt -43.131987 8.476706
vt -42.720940 8.509851
vt -42.387607 8.509851
vt -42.054273 8.509851
vt -41.720940 8.509851
vt -41.762756 8.184805
vt -41.720940 8.380950
vt -41.695813 8.498814
vt -41.693460 8.509851
vt -57.054273 8.843184
vt -57.387607 8.843184
vt -56.720940 8.843184
vt -56.387607 8.843184
vt -56.286358 8.611099
vt -56.278141 8.651187
vt -56.238783 8.843184
vt -43.054273 8.841238
vt -42.720940 8.843184
vt -43.053859 8.843184
vt -42.387607 8.843184
vt -42.054273 8.843184
vt -41.720940 8.843184
vt -41.686015 8.544776
vt -41.628871 8.812823
vt -41.622398 8.843184
vt -57.054273 9.176518
vt -57.387607 9.176518
vt -56.720940 9.176518
vt -56.387607 9.176518
vt -56.211932 8.974168
vt -56.200409 9.030382
vt -56.170452 9.176518
vt -42.720940 9.176518
vt -43.053746 8.843711
vt -42.982797 9.176518
vt -42.998102 9.104725
vt -42.387607 9.176518
vt -42.054273 9.176518
vt -41.720940 9.176518
vt -41.595698 8.968426
vt -41.561928 9.126833
vt -41.551336 9.176518
vt -57.054273 9.509851
vt -57.387607 9.509851
vt -56.720940 9.509851
vt -56.387607 9.509851
vt -56.114459 9.449665
vt -56.102121 9.509851
vt -42.720940 9.509851
vt -42.963430 9.267361
vt -42.911734 9.509851
vt -42.387607 9.509851
vt -42.054273 9.509851
vt -41.720940 9.509851
vt -41.505382 9.392075
vt -41.494986 9.440842
vt -41.480274 9.509851
vt -57.054273 9.843184
vt -57.387607 9.843184
vt -56.720940 9.843184
vt -56.387607 9.843184
vt -56.054273 9.843184
vt -56.079515 9.620131
vt -56.054273 9.743265
vt -56.033791 9.843184
vt -42.720940 9.843184
vt -42.873114 9.691011
vt -42.840672 9.843184
vt -42.864217 9.732743
vt -42.387607 9.843184
vt -42.054273 9.843184
vt -41.720940 9.843184
vt -41.428043 9.754852
vt -41.415066 9.815725
vt -41.409212 9.843184
vt -57.054273 10.176518
vt -57.387607 10.176518
vt -56.720940 10.176518
vt -56.387607 10.176518
vt -56.054273 10.176518
vt -56.028509 9.868948
vt -56.013306 9.943112
vt -55.965460 10.176518
vt -42.720940 10.176518
vt -42.782798 10.114660
vt -42.797274 10.046753
vt -42.769610 10.176518
vt -42.387607 10.176518
vt -42.054273 10.176518
vt -41.720940 10.176518
vt -41.387607 10.176518
vt -41.387607 9.944529
vt -41.338150 10.176518
vt -57.054273 10.509851
vt -57.326242 10.509851
vt -57.384787 10.224255
vt -57.387607 10.210499
vt -56.720940 10.509851
vt -56.387607 10.509851
vt -56.054273 10.509851
vt -55.947098 10.266093
vt -55.942560 10.288231
vt -55.897129 10.509851
vt -42.720940 10.404817
vt -42.730332 10.360762
vt -42.387607 10.509851
vt -42.698548 10.509851
vt -42.054273 10.509851
vt -41.720940 10.509851
vt -41.387607 10.509851
vt -41.324750 10.239374
vt -41.294158 10.382870
vt -41.267088 10.509851
vt -57.054273 10.843184
vt -57.310419 10.587039
vt -57.318578 10.547236
vt -57.257911 10.843184
vt -56.720940 10.843184
vt -56.387607 10.843184
vt -56.054273 10.843184
vt -55.856610 10.707514
vt -55.828799 10.843184
vt -42.387607 10.843184
vt -42.692481 10.538310
vt -42.627486 10.843184
vt -42.054273 10.843184
vt -41.720940 10.843184
vt -41.387607 10.843184
vt -41.234434 10.663024
vt -41.227216 10.696880
vt -41.196026 10.843184
vt -57.054273 11.176518
vt -57.224469 11.006322
vt -57.252370 10.870217
vt -57.189580 11.176518
vt -56.720940 11.176518
vt -56.387607 11.176518
vt -56.054273 11.176518
vt -55.814680 10.912056
vt -55.770660 11.126797
vt -55.760468 11.176518
vt -42.387607 11.176518
vt -42.602165 10.961959
vt -42.556424 11.176518
vt -42.596447 10.988781
vt -42.054273 11.176518
vt -41.720940 11.176518
vt -41.387607 11.176518
vt -41.160274 11.010889
vt -41.144117 11.086674
vt -41.124964 11.176518
vt -57.054273 11.509851
vt -57.138520 11.425605
vt -57.186161 11.193199
vt -57.121250 11.509851
vt -56.720940 11.509851
vt -56.387607 11.509851
vt -56.054273 11.509851
vt -55.720940 11.509851
vt -55.748472 11.235037
vt -55.720940 11.369344
vt -55.692137 11.509851
vt -42.387607 11.509851
vt -42.511849 11.385609
vt -42.529505 11.302790
vt -42.485362 11.509851
vt -42.054273 11.509851
vt -41.720940 11.509851
vt -41.387607 11.509851
vt -41.054273 11.509851
vt -41.094188 11.320881
vt -41.054273 11.497894
vt -41.051577 11.509851
vt -57.054273 11.836578
vt -56.720940 11.843184
vt -57.052919 11.843184
vt -57.053744 11.839161
vt -56.387607 11.843184
vt -56.054273 11.843184
vt -55.720940 11.843184
vt -55.684710 11.546080
vt -55.682263 11.558019
vt -55.623807 11.843184
vt -42.387607 11.843184
vt -42.418540 11.812251
vt -42.460802 11.624825
vt -42.462562 11.616800
vt -42.411565 11.843184
vt -42.054273 11.843184
vt -41.720940 11.843184
vt -41.387607 11.843184
vt -41.054273 11.843184
vt -41.050792 11.513332
vt -41.024703 11.629032
vt -40.976415 11.843184
vt -56.720940 12.176518
vt -57.052570 11.844888
vt -56.984588 12.176518
vt -56.987535 12.162143
vt -56.387607 12.176518
vt -56.054273 12.176518
vt -55.720940 12.176518
vt -55.598761 11.965364
vt -55.555476 12.176518
vt -42.387607 11.949434
vt -42.390414 11.936983
vt -42.054273 12.176518
vt -42.336402 12.176518
vt -41.720940 12.176518
vt -41.387607 12.176518
vt -41.054273 12.176518
vt -40.953747 11.943710
vt -40.901252 12.176518
vt -56.720940 12.509851
vt -56.966620 12.264171
vt -56.916258 12.509851
vt -56.387607 12.509851
vt -56.054273 12.509851
vt -55.720940 12.509851
vt -55.549846 12.203981
vt -55.512811 12.384647
vt -55.487145 12.509851
vt -42.054273 12.509851
vt -42.321495 12.242630
vt -42.261239 12.509851
vt -42.320026 12.249141
vt -41.720940 12.509851
vt -41.387607 12.509851
vt -41.054273 12.509851
vt -40.883928 12.253348
vt -40.856702 12.374089
vt -40.826089 12.509851
vt -56.720940 12.843184
vt -56.880670 12.683454
vt -56.847927 12.843184
vt -56.855118 12.808105
vt -56.387607 12.843184
vt -56.054273 12.843184
vt -55.720940 12.843184
vt -55.426861 12.803930
vt -55.418814 12.843184
vt -42.054273 12.843184
vt -42.224450 12.673008
vt -42.249639 12.561299
vt -42.186077 12.843184
vt -41.720940 12.843184
vt -41.387607 12.843184
vt -41.054273 12.843184
vt -40.813540 12.565506
vt -40.759657 12.804467
vt -40.750927 12.843184
vt -56.720940 13.176518
vt -56.794721 13.102737
vt -56.779596 13.176518
vt -56.788909 13.131087
vt -56.387607 13.176518
vt -56.054273 13.176518
vt -55.720940 13.176518
vt -55.387607 13.176518
vt -55.417429 12.849944
vt -55.387607 12.995423
vt -55.351220 13.172925
vt -55.350484 13.176518
vt -42.054273 13.176518
vt -42.127404 13.103387
vt -42.179251 12.873457
vt -42.110914 13.176518
vt -41.720940 13.176518
vt -41.387607 13.176518
vt -41.054273 13.176518
vt -40.720940 13.176518
vt -40.743152 12.877664
vt -40.720940 12.976170
vt -40.675764 13.176518
vt -56.720940 13.462657
vt -56.722701 13.454068
vt -56.387607 13.509851
vt -56.711266 13.509851
vt -56.054273 13.509851
vt -55.720940 13.509851
vt -55.387607 13.509851
vt -55.340912 13.223213
vt -55.285012 13.495906
vt -55.282153 13.509851
vt -42.054273 13.427710
vt -42.108863 13.185615
vt -41.720940 13.509851
vt -42.035752 13.509851
vt -42.038475 13.497773
vt -41.387607 13.509851
vt -41.054273 13.509851
vt -40.720940 13.509851
vt -40.672764 13.189822
vt -40.662612 13.234846
vt -40.602376 13.501980
vt -40.600602 13.509851
vt -56.387607 13.843184
vt -56.708771 13.522020
vt -56.642935 13.843184
vt -56.656492 13.777049
vt -56.054273 13.843184
vt -55.720940 13.843184
vt -55.387607 13.843184
vt -55.254962 13.642496
vt -55.218803 13.818888
vt -55.213822 13.843184
vt -41.720940 13.843184
vt -42.030359 13.533765
vt -41.960589 13.843184
vt -41.968087 13.809932
vt -41.387607 13.843184
vt -41.054273 13.843184
vt -40.720940 13.843184
vt -40.565567 13.665224
vt -40.531988 13.814139
vt -40.525439 13.843184
vt -56.387607 14.176518
vt -56.622821 13.941303
vt -56.574604 14.176518
vt -56.054273 14.176518
vt -55.720940 14.176518
vt -55.387607 14.176518
vt -55.169012 14.061779
vt -55.152594 14.141869
vt -55.145492 14.176518
vt -41.720940 14.176518
vt -41.933314 13.964143
vt -41.885426 14.176518
vt -41.387607 14.176518
vt -41.054273 14.176518
vt -40.720940 14.176518
vt -40.468522 14.095603
vt -40.461601 14.126297
vt -40.450276 14.176518
vt -56.387607 14.509851
vt -56.536872 14.360586
vt -56.506273 14.509851
vt -56.054273 14.509851
vt -55.720940 14.509851
vt -55.387607 14.509851
vt -55.083062 14.481062
vt -55.077161 14.509851
vt -41.720940 14.509851
vt -41.836269 14.394522
vt -41.810264 14.509851
vt -41.827311 14.434248
vt -41.387607 14.509851
vt -41.054273 14.509851
vt -40.720940 14.509851
vt -40.387607 14.509851
vt -40.391213 14.438455
vt -40.387607 14.454447
vt -40.375114 14.509851
vt -56.387607 14.843184
vt -56.450922 14.779869
vt -56.457866 14.745993
vt -56.437943 14.843184
vt -56.054273 14.843184
vt -55.720940 14.843184
vt -55.387607 14.843184
vt -55.054273 14.843184
vt -55.054273 14.621502
vt -55.008830 14.843184
vt -41.720940 14.843184
vt -41.739224 14.824900
vt -41.756924 14.746406
vt -41.735101 14.843184
vt -41.387607 14.843184
vt -41.054273 14.843184
vt -40.720940 14.843184
vt -40.387607 14.843184
vt -40.371477 14.525981
vt -40.320825 14.750613
vt -40.299951 14.843184
vt -56.387607 15.088735
vt -56.391658 15.068974
vt -56.054273 15.176518
vt -56.369612 15.176518
vt -55.720940 15.176518
vt -55.387607 15.176518
vt -55.054273 15.176518
vt -54.997113 14.900345
vt -54.953968 15.110813
vt -54.940500 15.176518
vt -41.720940 14.905987
vt -41.387607 15.176518
vt -41.659939 15.176518
vt -41.686536 15.058564
vt -41.054273 15.176518
vt -40.720940 15.176518
vt -40.387607 15.176518
vt -40.274432 14.956359
vt -40.250437 15.062771
vt -40.224789 15.176518
vt -56.054273 15.509851
vt -56.364972 15.199152
vt -56.301281 15.509851
vt -55.720940 15.509851
vt -55.387607 15.509851
vt -55.054273 15.509851
vt -54.911163 15.319628
vt -54.887760 15.433794
vt -54.872169 15.509851
vt -41.387607 15.509851
vt -41.642179 15.255279
vt -41.584776 15.509851
vt -41.616148 15.370722
vt -41.054273 15.509851
vt -40.720940 15.509851
vt -40.387607 15.509851
vt -40.180049 15.374929
vt -40.177386 15.386738
vt -40.149626 15.509851
vt -56.054273 15.843184
vt -56.279022 15.618435
vt -56.232951 15.843184
vt -56.259240 15.714937
vt -55.720940 15.843184
vt -55.387607 15.843184
vt -55.054273 15.843184
vt -54.825213 15.738911
vt -54.821551 15.756776
vt -54.803838 15.843184
vt -41.387607 15.843184
vt -41.545134 15.685657
vt -41.545760 15.682880
vt -41.509613 15.843184
vt -41.054273 15.843184
vt -40.720940 15.843184
vt -40.387607 15.843184
vt -40.080341 15.817116
vt -40.074463 15.843184
vt -56.054273 16.176518
vt -56.193073 16.037718
vt -56.164620 16.176518
vt -55.720940 16.176518
vt -55.387607 16.176518
vt -55.054273 16.176518
vt -54.739264 16.158194
vt -54.735507 16.176518
vt -41.387607 16.176518
vt -41.448089 16.116035
vt -41.475372 15.995039
vt -41.434451 16.176518
vt -41.054273 16.176518
vt -40.720940 16.176518
vt -40.387607 16.176518
vt -40.054273 16.176518
vt -40.054273 15.932723
vt -40.039273 15.999246
vt -39.999301 16.176518
vt -56.054273 16.509851
vt -56.107123 16.457001
vt -56.126823 16.360899
vt -56.096289 16.509851
vt -55.720940 16.509851
vt -55.387607 16.509851
vt -55.054273 16.509851
vt -54.720940 16.509851
vt -54.720940 16.247581
vt -54.667177 16.509851
vt -41.387607 16.384263
vt -41.054273 16.509851
vt -41.359288 16.509851
vt -40.720940 16.434383
vt -40.774963 16.455828
vt -40.891198 16.501968
vt -40.899318 16.509851
vt -40.387607 16.355358
vt -40.518140 16.379318
vt -40.637341 16.401198
vt -40.054273 16.294174
vt -40.236502 16.327623
vt -39.983296 16.247495
vt -39.976010 16.279809
vt -40.013490 16.286688
vt -56.054273 16.714814
vt -56.060615 16.683881
vt -55.720940 16.843184
vt -56.027959 16.843184
vt -55.387607 16.843184
vt -55.054273 16.843184
vt -54.720940 16.843184
vt -54.653314 16.577477
vt -54.622925 16.725719
vt -54.598846 16.843184
vt -41.054273 16.660281
vt -41.087168 16.692215
vt -41.122770 16.774688
vt -41.351044 16.546414
vt -41.334596 16.619355
vt -41.152338 16.843184
vt -41.284126 16.843184
vt -40.977944 16.586181
vt -55.720940 17.176518
vt -56.021173 16.876284
vt -55.959628 17.176518
vt -55.387607 17.176518
vt -55.054273 17.176518
vt -54.720940 17.176518
vt -54.567364 16.996760
vt -54.556717 17.048701
vt -54.530515 17.176518
vt -41.264209 16.931513
vt -41.195416 16.942975
vt -41.196765 17.034025
vt -41.253999 16.976792
vt -41.208963 17.176518
vt -41.198877 17.176518
vt -55.720940 17.509851
vt -55.935224 17.295567
vt -55.891297 17.509851
vt -55.387607 17.509851
vt -55.054273 17.509851
vt -54.720940 17.509851
vt -54.490508 17.371682
vt -54.481414 17.416043
vt -54.462185 17.509851
vt -41.199463 17.216071
vt -41.101652 17.462472
vt -41.156842 17.407282
vt -41.193821 17.243671
vt -41.133660 17.509851
vt -41.098693 17.469928
vt -41.059936 17.509851
vt -55.720940 17.843184
vt -55.849274 17.714850
vt -55.861989 17.652825
vt -55.822966 17.843184
vt -55.387607 17.843184
vt -55.054273 17.843184
vt -54.720940 17.843184
vt -54.395465 17.835326
vt -54.393854 17.843184
vt -41.122676 17.558450
vt -41.054273 17.515683
vt -41.054273 17.843184
vt -41.059504 17.837953
vt -41.058322 17.843184
vt -40.720940 17.746841
vt -40.720940 17.843184
vt -40.890464 17.673660
vt -40.908446 17.665898
vt -40.387607 17.778149
vt -40.387607 17.843184
vt -40.453621 17.777170
vt -40.657686 17.774146
vt -40.054273 17.843184
vt -40.160413 17.737045
vt -40.072664 17.720939
vt -40.054273 17.717563
vt -40.384590 17.778193
vt -39.720940 17.656379
vt -39.720940 17.843184
vt -39.878775 17.685350
vt -39.623009 17.843184
vt -39.667449 17.646560
vt -55.720940 18.176518
vt -55.763324 18.134133
vt -55.795780 17.975806
vt -55.754636 18.176518
vt -55.387607 18.176518
vt -55.054273 18.176518
vt -54.720940 18.176518
vt -54.387607 18.176518
vt -54.387607 17.873660
vt -54.358091 18.017645
vt -54.325523 18.176518
vt -41.387607 18.166856
vt -41.387607 18.176518
vt -41.395829 18.168295
vt -41.442811 18.176518
vt -41.054273 17.861097
vt -41.054273 18.108517
vt -41.054273 18.176518
vt -41.112146 18.118645
vt -41.225841 18.138544
vt -40.720940 18.176518
vt -41.000481 18.099102
vt -41.051609 17.872886
vt -40.387607 18.176518
vt -40.054273 18.176518
vt -39.720940 18.176518
vt -39.594412 17.969712
vt -39.547671 18.176518
vt -55.720940 18.340893
vt -55.387607 18.509851
vt -55.686305 18.509851
vt -55.054273 18.509851
vt -54.720940 18.509851
vt -54.387607 18.509851
vt -54.309515 18.254609
vt -54.291882 18.340626
vt -54.257193 18.509851
vt -43.054273 18.458552
vt -43.054273 18.509851
vt -43.097931 18.466193
vt -43.347380 18.509851
vt -42.720940 18.400213
vt -42.720940 18.509851
vt -42.814248 18.416543
vt -42.387607 18.509851
vt -42.530564 18.366894
vt -42.491886 18.360124
vt -42.387607 18.341874
vt -42.054273 18.509851
vt -42.246880 18.317244
vt -42.175375 18.304729
vt -42.054273 18.283534
vt -41.720940 18.225195
vt -41.720940 18.509851
vt -41.963197 18.267594
vt -41.387607 18.509851
vt -41.679513 18.217945
vt -41.542352 18.193939
vt -41.054273 18.509851
vt -40.720940 18.509851
vt -40.387607 18.509851
vt -40.054273 18.509851
vt -39.720940 18.509851
vt -39.543918 18.193123
vt -39.497074 18.400384
vt -39.472850 18.507560
vt -39.472398 18.509851
vt -55.387607 18.843184
vt -55.677374 18.553416
vt -55.617974 18.843184
vt -55.054273 18.843184
vt -54.720940 18.843184
vt -54.387607 18.843184
vt -54.225674 18.663607
vt -54.223565 18.673892
vt -54.188862 18.843184
vt -45.054273 18.837989
vt -45.054273 18.843184
vt -45.058530 18.838927
vt -45.077848 18.843184
vt -44.720940 18.843184
vt -44.785390 18.778735
vt -44.736649 18.767994
vt -44.720940 18.764532
vt -45.052378 18.837571
vt -44.387607 18.691909
vt -44.387607 18.843184
vt -44.512249 18.718542
vt -44.420921 18.698416
vt -44.390954 18.692495
vt -44.054273 18.633570
vt -44.054273 18.843184
vt -44.232666 18.664792
vt -43.720940 18.843184
vt -43.948982 18.615142
vt -43.757932 18.581705
vt -43.720940 18.575231
vt -43.387607 18.843184
vt -43.665299 18.565492
vt -43.441420 18.526310
vt -43.387607 18.516891
vt -43.054273 18.843184
vt -43.381615 18.515843
vt -42.720940 18.843184
vt -42.387607 18.843184
vt -42.054273 18.843184
vt -41.720940 18.843184
vt -41.387607 18.843184
vt -41.054273 18.843184
vt -40.720940 18.843184
vt -40.387607 18.843184
vt -40.054273 18.843184
vt -39.720940 18.843184
vt -39.420457 18.810334
vt -39.466298 18.540714
vt -39.466109 18.541200
vt -39.466119 18.541617
vt -39.465483 18.544836
vt -39.419292 18.817202
vt -39.414886 18.843184
vt -55.387607 19.176518
vt -55.591425 18.972700
vt -55.597154 18.944750
vt -55.549644 19.176518
vt -55.054273 19.176518
vt -54.720940 19.176518
vt -54.387607 19.176518
vt -54.137616 19.093175
vt -54.120531 19.176518
vt -46.387607 19.131817
vt -46.387607 19.176518
vt -46.424235 19.139889
vt -46.590447 19.176518
vt -46.054273 19.058360
vt -46.054273 19.176518
vt -46.151094 19.079697
vt -46.315290 19.115881
vt -45.720940 18.984903
vt -45.720940 19.176518
vt -45.877953 19.019504
vt -45.999562 19.046303
vt -45.387607 18.911446
vt -45.387607 19.176518
vt -45.604812 18.959312
vt -45.683834 18.976726
vt -45.054273 19.176518
vt -45.331671 18.899120
vt -45.368106 18.907149
vt -44.720940 19.176518
vt -44.387607 19.176518
vt -44.054273 19.176518
vt -43.720940 19.176518
vt -43.387607 19.176518
vt -43.054273 19.176518
vt -42.720940 19.176518
vt -42.387607 19.176518
vt -42.054273 19.176518
vt -41.720940 19.176518
vt -41.387607 19.176518
vt -41.054273 19.176518
vt -40.720940 19.176518
vt -40.387607 19.176518
vt -40.054273 19.176518
vt -39.720940 19.176518
vt -39.387607 19.176518
vt -39.387607 19.004038
vt -39.358356 19.176518
vt -55.387607 19.509851
vt -55.505475 19.391983
vt -55.530946 19.267731
vt -55.481313 19.509851
vt -55.054273 19.509851
vt -54.720940 19.509851
vt -54.387607 19.509851
vt -54.054273 19.509851
vt -54.093256 19.309570
vt -54.083048 19.359367
vt -54.082416 19.359327
vt -54.054273 19.362942
vt -53.720940 19.425575
vt -53.720940 19.509851
vt -53.840380 19.390411
vt -53.819632 19.393076
vt -53.576085 19.473277
vt -53.465020 19.509851
vt -48.054273 19.499103
vt -48.054273 19.509851
vt -48.063081 19.501044
vt -48.103046 19.509851
vt -47.720940 19.425646
vt -47.720940 19.509851
vt -47.789940 19.440851
vt -47.893930 19.463768
vt -47.387607 19.352189
vt -47.387607 19.509851
vt -47.516799 19.380659
vt -47.578202 19.394190
vt -47.054273 19.278731
vt -47.054273 19.509851
vt -47.243658 19.320466
vt -47.262474 19.324613
vt -46.720940 19.509851
vt -46.970517 19.260274
vt -46.946746 19.255036
vt -46.720940 19.205274
vt -46.387607 19.509851
vt -46.697376 19.200082
vt -46.631018 19.185458
vt -46.054273 19.509851
vt -45.720940 19.509851
vt -45.387607 19.509851
vt -45.054273 19.509851
vt -44.720940 19.509851
vt -44.387607 19.509851
vt -44.054273 19.509851
vt -43.720940 19.509851
vt -43.387607 19.509851
vt -43.054273 19.509851
vt -42.720940 19.509851
vt -42.387607 19.509851
vt -42.054273 19.509851
vt -41.720940 19.509851
vt -41.387607 19.509851
vt -41.054273 19.509851
vt -40.720940 19.509851
vt -40.721995 19.508796
vt -40.728114 19.472713
vt -40.753615 19.477176
vt -40.940309 19.509851
vt -40.721816 19.509851
vt -40.387607 19.509851
vt -40.054273 19.341552
vt -40.178820 19.385305
vt -40.281068 19.421224
vt -40.379998 19.509851
vt -39.720940 19.287624
vt -39.732556 19.289278
vt -39.915462 19.315329
vt -40.023380 19.330700
vt -39.387607 19.240148
vt -39.441733 19.247857
vt -39.623686 19.273772
vt -39.352382 19.211742
vt -39.348509 19.234579
vt -55.387607 19.843184
vt -55.489196 19.741595
vt -55.441040 19.706311
vt -55.464737 19.590712
vt -55.626010 19.843184
vt -55.622092 19.838969
vt -55.054273 19.843184
vt -54.720940 19.843184
vt -54.387607 19.843184
vt -54.054273 19.843184
vt -53.720940 19.843184
vt -53.387607 19.843184
vt -53.387607 19.535343
vt -53.054273 19.718936
vt -53.054273 19.843184
vt -53.349598 19.547860
vt -53.332537 19.553478
vt -53.118272 19.668512
vt -52.896574 19.843184
vt -49.387607 19.792931
vt -49.387607 19.843184
vt -49.428785 19.802006
vt -49.615646 19.843184
vt -49.054273 19.719474
vt -49.054273 19.843184
vt -49.155644 19.741813
vt -49.156843 19.742077
vt -48.720940 19.646017
vt -48.720940 19.843184
vt -48.882503 19.681621
vt -48.387607 19.843184
vt -48.609363 19.621428
vt -48.525387 19.602922
vt -48.387607 19.572560
vt -48.054273 19.843184
vt -48.336222 19.561236
vt -48.209658 19.533345
vt -47.720940 19.843184
vt -47.387607 19.843184
vt -47.054273 19.843184
vt -46.720940 19.843184
vt -46.387607 19.843184
vt -46.054273 19.843184
vt -45.720940 19.843184
vt -45.387607 19.843184
vt -45.054273 19.843184
vt -44.720940 19.843184
vt -44.387607 19.843184
vt -44.054273 19.843184
vt -43.720940 19.843184
vt -43.387607 19.843184
vt -43.054273 19.843184
vt -42.720940 19.821493
vt -42.739400 19.824724
vt -42.844878 19.843184
vt -42.387607 19.763154
vt -42.455717 19.775074
vt -42.054273 19.704814
vt -42.172033 19.725424
vt -42.250530 19.739163
vt -41.720940 19.646475
vt -41.888349 19.675775
vt -41.934019 19.683768
vt -41.387607 19.588136
vt -41.604666 19.626125
vt -41.054273 19.529797
vt -41.300996 19.572977
vt -41.320982 19.576475
vt -40.984484 19.517582
vt -41.037299 19.526826
vt -40.720940 19.515015
vt -40.387607 19.516668
vt -40.484500 19.603470
vt -40.530824 19.699967
vt -40.599578 19.843184
vt -40.665286 19.843184
vt -40.384011 19.513446
vt -55.720940 19.945315
vt -55.720940 20.176518
vt -55.832318 20.065140
vt -55.935843 20.176518
vt -55.387607 20.176518
vt -55.671741 19.892384
vt -55.054273 20.176518
vt -54.720940 20.176518
vt -54.387607 20.176518
vt -54.054273 20.176518
vt -53.720940 20.176518
vt -53.387607 20.176518
vt -53.054273 20.176518
vt -52.720940 20.176518
vt -52.720940 19.981563
vt -52.544212 20.176518
vt -52.715496 19.985853
vt -52.583444 20.122808
vt -51.054273 20.160216
vt -51.054273 20.176518
vt -51.067631 20.163160
vt -51.128245 20.176518
vt -50.720940 20.086759
vt -50.720940 20.176518
vt -50.794490 20.102968
vt -51.051211 20.159542
vt -50.387607 20.013302
vt -50.387607 20.176518
vt -50.521349 20.042775
vt -50.054273 20.176518
vt -50.248208 19.982583
vt -50.104027 19.950809
vt -50.054273 19.939845
vt -49.720940 20.176518
vt -49.975067 19.922390
vt -49.788299 19.881232
vt -49.720940 19.866388
vt -49.387607 20.176518
vt -49.701926 19.862198
vt -49.054273 20.176518
vt -48.720940 20.176518
vt -48.387607 20.176518
vt -48.054273 20.176518
vt -47.720940 20.176518
vt -47.387607 20.176518
vt -47.054273 20.176518
vt -46.720940 20.176518
vt -46.387607 20.176518
vt -46.054273 20.176518
vt -45.720940 20.176518
vt -45.387607 20.176518
vt -45.054273 20.176518
vt -44.720940 20.176518
vt -44.387607 20.124666
vt -44.430095 20.134029
vt -44.435359 20.135189
vt -44.622897 20.176518
vt -44.054273 20.054850
vt -44.134550 20.068900
vt -44.156954 20.073837
vt -43.720940 19.996511
vt -43.833087 20.016138
vt -43.874135 20.023323
vt -43.387607 19.938171
vt -43.516575 19.960743
vt -43.590451 19.973673
vt -43.054273 19.879832
vt -43.200064 19.905348
vt -43.306768 19.924023
vt -42.883553 19.849953
vt -43.023084 19.874374
vt -40.661013 19.868382
vt -40.602703 19.849694
vt -40.608520 19.955604
vt -40.653920 19.910204
vt -40.617683 20.122409
vt -40.598675 20.176518
vt -40.608732 20.176518
vt -40.614822 20.140748
vt -56.054273 20.316473
vt -56.054273 20.509851
vt -56.128711 20.435413
vt -56.173383 20.509851
vt -56.170273 20.501823
vt -55.720940 20.509851
vt -55.992894 20.237896
vt -56.030246 20.278081
vt -55.387607 20.509851
vt -55.054273 20.509851
vt -54.720940 20.509851
vt -54.387607 20.509851
vt -54.054273 20.509851
vt -53.720940 20.509851
vt -53.387607 20.509851
vt -53.054273 20.509851
vt -52.720940 20.509851
vt -52.387607 20.509851
vt -52.405833 20.365965
vt -52.387607 20.400078
vt -52.054273 20.380588
vt -52.054273 20.509851
vt -52.160195 20.403930
vt -52.361809 20.448360
vt -52.314124 20.437851
vt -51.720940 20.307131
vt -51.720940 20.509851
vt -51.887054 20.343737
vt -51.998396 20.368274
vt -51.387607 20.233674
vt -51.387607 20.509851
vt -51.613913 20.283545
vt -51.682667 20.298696
vt -51.054273 20.509851
vt -51.340772 20.223352
vt -51.366939 20.229119
vt -50.720940 20.509851
vt -50.387607 20.509851
vt -50.054273 20.509851
vt -49.720940 20.509851
vt -49.387607 20.509851
vt -49.054273 20.509851
vt -48.720940 20.509851
vt -48.387607 20.509851
vt -48.054273 20.509851
vt -47.720940 20.509851
vt -47.387607 20.509851
vt -47.054273 20.509851
vt -46.720940 20.509851
vt -46.387607 20.509851
vt -46.054273 20.491952
vt -46.068940 20.495184
vt -46.135496 20.509851
vt -45.720940 20.418495
vt -45.795799 20.434991
vt -46.013999 20.483076
vt -45.387607 20.345038
vt -45.522659 20.374799
vt -45.054273 20.271580
vt -45.066815 20.274344
vt -45.249518 20.314607
vt -45.382543 20.343922
vt -44.720940 20.198123
vt -44.751087 20.204767
vt -44.976377 20.254414
vt -44.703236 20.194222
vt -40.585708 20.311749
vt -40.532465 20.364993
vt -40.565807 20.428640
vt -40.527158 20.380098
vt -40.410917 20.509851
vt -40.551980 20.509851
vt -56.054273 20.843184
vt -56.233192 20.664265
vt -56.302493 20.843184
vt -55.720940 20.843184
vt -55.387607 20.843184
vt -55.054273 20.843184
vt -54.720940 20.843184
vt -54.387607 20.781231
vt -54.445902 20.784888
vt -54.468349 20.786297
vt -54.578073 20.838323
vt -54.588325 20.843184
vt -54.054273 20.789763
vt -54.129386 20.765028
vt -54.132250 20.765208
vt -54.298743 20.775655
vt -53.720940 20.843184
vt -53.892048 20.843184
vt -54.013978 20.803032
vt -53.387607 20.843184
vt -53.054273 20.843184
vt -52.720940 20.843184
vt -52.387607 20.843184
vt -52.054273 20.843184
vt -51.720940 20.843184
vt -51.387607 20.843184
vt -51.054273 20.843184
vt -50.720940 20.843184
vt -50.387607 20.843184
vt -50.054273 20.843184
vt -49.720940 20.843184
vt -49.387607 20.843184
vt -49.054273 20.843184
vt -48.720940 20.843184
vt -48.387607 20.843184
vt -48.054273 20.843184
vt -47.720940 20.843184
vt -47.387607 20.785780
vt -47.434645 20.796146
vt -47.592640 20.830963
vt -47.648095 20.843184
vt -47.054273 20.712323
vt -47.161504 20.735953
vt -47.276912 20.761386
vt -46.720940 20.638866
vt -46.888363 20.675761
vt -46.961184 20.691809
vt -46.387607 20.565409
vt -46.615222 20.615569
vt -46.329727 20.552654
vt -46.342081 20.555376
vt -40.517312 20.713479
vt -40.387607 20.535871
vt -40.387607 20.843184
vt -40.495229 20.843184
vt -40.054273 20.843184
vt -40.285321 20.612136
vt -40.098688 20.701732
vt -40.054273 20.704172
vt -40.344912 20.583529
vt -39.720940 20.843184
vt -39.848658 20.715466
vt -39.825973 20.716712
vt -39.720940 20.701752
vt -39.387607 20.843184
vt -39.552963 20.677828
vt -39.535149 20.675291
vt -39.387607 20.654277
vt -39.087789 20.768556
vt -39.079353 20.818105
vt -39.261187 20.636271
vt -39.244326 20.633869
vt -39.113883 20.615291
vt -39.075083 20.843184
vt -56.387607 21.168184
vt -56.387607 21.176518
vt -56.388822 21.175302
vt -56.389030 21.176518
vt -56.054273 21.176518
vt -56.326256 20.904535
vt -56.355453 20.979914
vt -55.720940 21.176518
vt -55.387607 21.176518
vt -55.054273 21.176518
vt -54.720940 20.925823
vt -54.800732 21.011667
vt -54.841708 21.055750
vt -54.913318 21.132792
vt -54.930254 21.176518
vt -54.678285 20.885839
vt -54.688102 20.890494
vt -53.720940 20.976007
vt -53.783308 20.926869
vt -53.887708 20.844613
vt -53.387607 21.176518
vt -53.571015 21.176518
vt -53.594608 21.111999
vt -53.657338 21.026118
vt -53.054273 21.176518
vt -52.720940 21.176518
vt -52.387607 21.176518
vt -52.054273 21.176518
vt -51.720940 21.176518
vt -51.387607 21.176518
vt -51.054273 21.176518
vt -50.720940 21.176518
vt -50.387607 21.176518
vt -50.054273 21.176518
vt -49.720940 21.176518
vt -49.387607 21.176518
vt -49.054273 21.153065
vt -49.073491 21.157300
vt -49.160695 21.176518
vt -48.720940 21.079608
vt -48.800350 21.097108
vt -48.387607 21.006151
vt -48.527209 21.036916
vt -48.539824 21.039696
vt -48.054273 20.932694
vt -48.224096 20.970118
vt -48.254068 20.976723
vt -47.720940 20.859237
vt -47.908368 20.900541
vt -47.980927 20.916531
vt -47.707786 20.856338
vt -40.387607 21.176518
vt -40.448915 21.115209
vt -40.467929 21.003532
vt -40.438477 21.176518
vt -40.054273 21.176518
vt -39.720940 21.176518
vt -39.387607 21.176518
vt -39.054273 21.176518
vt -39.054273 20.965409
vt -39.018331 21.176518
vt -57.054273 21.509851
vt -57.128119 21.436005
vt -57.066687 21.424912
vt -57.054273 21.422671
vt -57.387607 21.509851
vt -57.387607 21.482859
vt -57.381689 21.481791
vt -56.720940 21.362483
vt -56.720940 21.509851
vt -56.845768 21.385022
vt -56.387607 21.509851
vt -56.563418 21.334040
vt -56.436681 21.311156
vt -56.400801 21.304677
vt -56.402365 21.254600
vt -56.054273 21.509851
vt -55.720940 21.509851
vt -55.387607 21.509851
vt -55.054273 21.509851
vt -54.957371 21.246526
vt -54.964879 21.265912
vt -54.998609 21.352993
vt -54.993708 21.509851
vt -53.387607 21.509851
vt -53.498683 21.398774
vt -53.498101 21.375916
vt -53.540440 21.260130
vt -53.501514 21.509851
vt -53.054273 21.509851
vt -52.720940 21.509851
vt -52.387607 21.509851
vt -52.054273 21.509851
vt -51.720940 21.509851
vt -51.387607 21.509851
vt -51.054273 21.509851
vt -50.720940 21.509851
vt -50.387607 21.446894
vt -50.434193 21.457160
vt -50.439195 21.458262
vt -50.673294 21.509851
vt -50.054273 21.373437
vt -50.118464 21.387583
vt -50.166054 21.398070
vt -49.720940 21.299980
vt -49.802736 21.318005
vt -49.892913 21.337878
vt -49.387607 21.226522
vt -49.487008 21.248428
vt -49.619772 21.277685
vt -49.346632 21.217493
vt -40.387607 21.475306
vt -40.418990 21.290978
vt -40.054273 21.509851
vt -40.381725 21.509851
vt -39.720940 21.509851
vt -39.387607 21.509851
vt -39.054273 21.509851
vt -39.010956 21.219835
vt -38.989910 21.343447
vt -38.961579 21.509851
vt -57.054273 21.843184
vt -57.387607 21.843184
vt -56.720940 21.843184
vt -56.387607 21.843184
vt -56.054273 21.843184
vt -55.720940 21.843184
vt -55.387607 21.843184
vt -55.054273 21.843184
vt -54.991755 21.572369
vt -54.987096 21.721527
vt -54.939606 21.823964
vt -54.930696 21.843184
vt -53.387607 21.843184
vt -53.517276 21.713515
vt -53.506019 21.686585
vt -53.502034 21.530234
vt -53.571476 21.843184
vt -53.054273 21.843184
vt -52.720940 21.843184
vt -52.387607 21.843184
vt -52.054273 21.814179
vt -52.078041 21.819417
vt -52.109124 21.826267
vt -52.109555 21.843184
vt -51.720940 21.740722
vt -51.804900 21.759224
vt -52.012833 21.805047
vt -51.387607 21.667265
vt -51.531759 21.699032
vt -51.054273 21.593808
vt -51.065649 21.596315
vt -51.258618 21.638840
vt -51.381377 21.665892
vt -50.720940 21.520351
vt -50.749921 21.526737
vt -50.985477 21.578647
vt -50.712336 21.518455
vt -40.054273 21.843184
vt -40.380518 21.516939
vt -40.324973 21.843184
vt -39.720940 21.843184
vt -39.387607 21.843184
vt -39.054273 21.843184
vt -38.942559 21.621565
vt -38.940971 21.630893
vt -38.904828 21.843184
vt -57.054273 22.176518
vt -57.387607 22.176518
vt -56.720940 22.176518
vt -56.387607 22.176518
vt -56.054273 22.176518
vt -55.720940 22.176518
vt -55.387607 22.176518
vt -55.054273 22.176518
vt -54.881306 21.949720
vt -54.799322 22.034946
vt -54.720940 22.116430
vt -54.720940 22.176518
vt -54.718316 22.119157
vt -54.605107 22.176518
vt -53.720940 22.016163
vt -53.720940 22.176518
vt -53.803963 22.093494
vt -53.893097 22.176518
vt -53.387607 22.176518
vt -53.631381 21.932744
vt -53.594585 21.898471
vt -53.661282 21.960595
vt -53.054273 22.176518
vt -52.720940 22.176518
vt -52.387607 22.176518
vt -52.156965 22.073826
vt -52.109815 21.853368
vt -52.163738 22.105492
vt -52.193426 22.176518
vt -40.054273 22.176518
vt -40.312122 21.918669
vt -40.321111 21.865869
vt -40.268308 22.176518
vt -40.272375 22.152123
vt -39.720940 22.176518
vt -39.387607 22.176518
vt -39.054273 22.176518
vt -38.874605 22.022852
vt -38.892032 21.918339
vt -38.891630 21.920725
vt -38.848989 22.176518
vt -57.054273 22.509851
vt -57.387607 22.509851
vt -56.720940 22.509851
vt -56.387607 22.509851
vt -56.054273 22.509851
vt -55.720940 22.509851
vt -55.387607 22.509851
vt -55.054273 22.509851
vt -54.720940 22.509851
vt -54.387607 22.509851
vt -54.595422 22.181425
vt -54.492824 22.233409
vt -54.387607 22.240821
vt -54.054273 22.509851
vt -54.318431 22.245694
vt -54.304699 22.246661
vt -54.116303 22.259932
vt -54.054273 22.238853
vt -53.720940 22.509851
vt -54.007748 22.223043
vt -54.006869 22.222744
vt -53.905883 22.188427
vt -53.387607 22.509851
vt -53.054273 22.509851
vt -52.720940 22.509851
vt -52.387607 22.509851
vt -52.250666 22.313459
vt -52.262432 22.341607
vt -52.332756 22.509851
vt -40.054273 22.509851
vt -40.244443 22.319682
vt -40.212741 22.509851
vt -40.218115 22.477615
vt -39.720940 22.509851
vt -39.387607 22.509851
vt -39.054273 22.509851
vt -38.807922 22.422869
vt -38.793422 22.509851
vt -57.054273 22.843184
vt -57.387607 22.843184
vt -56.720940 22.785122
vt -56.770122 22.794003
vt -56.817919 22.802633
vt -57.042498 22.843184
vt -56.387607 22.724934
vt -56.487771 22.743020
vt -56.502916 22.745755
vt -56.054273 22.714883
vt -56.084806 22.670259
vt -56.187913 22.688877
vt -56.205420 22.692038
vt -55.720940 22.843184
vt -55.964434 22.843184
vt -55.971547 22.835790
vt -55.387607 22.843184
vt -55.054273 22.843184
vt -54.720940 22.843184
vt -54.387607 22.843184
vt -54.054273 22.843184
vt -53.720940 22.843184
vt -53.387607 22.843184
vt -53.054273 22.843184
vt -52.720940 22.843184
vt -52.387607 22.615741
vt -52.480987 22.749804
vt -52.529870 22.819985
vt -52.554777 22.843184
vt -52.348924 22.548533
vt -52.361125 22.577722
vt -40.054273 22.843184
vt -40.177759 22.719698
vt -40.157174 22.843184
vt -39.720940 22.843184
vt -39.387607 22.843184
vt -39.054273 22.843184
vt -38.782713 22.574094
vt -38.741239 22.822886
vt -38.737855 22.843184
vt -57.054273 22.845311
vt -57.132922 22.859512
vt -57.334823 22.895968
vt -57.387607 22.905499
vt -57.052472 22.844985
vt -55.720940 23.096311
vt -55.808284 23.005512
vt -55.387607 23.176518
vt -55.643285 23.176518
vt -55.645020 23.175234
vt -55.054273 23.176518
vt -54.720940 23.176518
vt -54.387607 23.176518
vt -54.054273 23.176518
vt -53.720940 23.176518
vt -53.387607 23.176518
vt -53.054273 23.176518
vt -52.720940 22.997955
vt -52.813390 23.084067
vt -52.884274 23.150091
vt -52.912645 23.176518
vt -52.640808 22.923317
vt -40.054273 23.176518
vt -40.111076 23.119715
vt -40.101607 23.176518
vt -40.109197 23.130984
vt -39.720940 23.176518
vt -39.387607 23.176518
vt -39.054273 23.176518
vt -38.720940 23.176518
vt -38.728254 22.900778
vt -38.720940 22.944651
vt -38.682288 23.176518
vt -55.387607 23.349493
vt -55.456920 23.314374
vt -55.054273 23.509851
vt -55.071118 23.509851
vt -55.228184 23.430269
vt -54.720940 23.509851
vt -54.387607 23.509851
vt -54.054273 23.509851
vt -53.720940 23.509851
vt -53.387607 23.509851
vt -53.054273 23.308436
vt -53.061476 23.315145
vt -53.178832 23.385292
vt -53.206789 23.402003
vt -53.195564 23.450859
vt -53.182012 23.509851
vt -52.985973 23.244818
vt -40.054273 23.460459
vt -39.720940 23.509851
vt -40.046040 23.509851
vt -39.387607 23.509851
vt -39.054273 23.509851
vt -38.720940 23.509851
vt -38.674555 23.222902
vt -38.673795 23.227463
vt -38.626720 23.509851
vt -55.054273 23.518386
vt -54.720940 23.620809
vt -54.732255 23.620012
vt -54.999448 23.546165
vt -55.036972 23.527152
vt -54.387607 23.843184
vt -54.587924 23.642867
vt -54.590887 23.629970
vt -54.601573 23.629218
vt -54.541903 23.843184
vt -54.054273 23.843184
vt -53.720940 23.843184
vt -53.387607 23.843184
vt -53.122107 23.770597
vt -53.120690 23.776768
vt -53.105431 23.843184
vt -39.720940 23.843184
vt -40.044392 23.519732
vt -39.990472 23.843184
vt -39.387607 23.843184
vt -39.054273 23.843184
vt -38.720940 23.843184
vt -38.619336 23.554148
vt -38.607872 23.622919
vt -38.571153 23.843184
vt -54.387607 24.176518
vt -54.488502 24.075622
vt -54.465322 24.176518
vt -54.054273 24.176518
vt -53.720940 24.176518
vt -53.387607 24.176518
vt -53.054273 24.176518
vt -53.054273 24.065860
vt -53.048651 24.090335
vt -53.028851 24.176518
vt -39.720940 24.176518
vt -39.977709 23.919749
vt -39.934905 24.176518
vt -39.387607 24.176518
vt -39.054273 24.176518
vt -38.720940 24.176518
vt -38.541188 24.022936
vt -38.515586 24.176518
vt -54.387607 24.509851
vt -54.389081 24.508377
vt -54.413105 24.403806
vt -54.388742 24.509851
vt -54.054273 24.509851
vt -53.720940 24.509851
vt -53.387607 24.509851
vt -53.054273 24.509851
vt -53.021268 24.209523
vt -52.975194 24.410073
vt -52.952270 24.509851
vt -39.720940 24.509851
vt -39.911026 24.319765
vt -39.879338 24.509851
vt -39.891362 24.437722
vt -39.387607 24.509851
vt -39.054273 24.509851
vt -38.720940 24.509851
vt -38.474505 24.422953
vt -38.460019 24.509851
vt -54.387607 24.514793
vt -54.054273 24.843184
vt -54.312162 24.843184
vt -54.339648 24.723544
vt -53.720940 24.843184
vt -53.387607 24.843184
vt -53.054273 24.843184
vt -52.921847 24.642278
vt -52.901737 24.729811
vt -52.875690 24.843184
vt -39.720940 24.843184
vt -39.844342 24.719782
vt -39.823771 24.843184
vt -39.387607 24.843184
vt -39.054273 24.843184
vt -38.720940 24.843184
vt -38.455960 24.534202
vt -38.407821 24.822969
vt -38.404452 24.843184
vt -54.054273 25.176518
vt -54.289659 24.941132
vt -54.235581 25.176518
vt -53.720940 25.176518
vt -53.387607 25.176518
vt -53.054273 25.176518
vt -52.828280 25.049548
vt -52.822425 25.075033
vt -52.799110 25.176518
vt -39.720940 25.176518
vt -39.777659 25.119799
vt -39.782444 25.091092
vt -39.768204 25.176518
vt -39.387607 25.176518
vt -39.054273 25.176518
vt -38.720940 25.176518
vt -38.387607 25.176518
vt -38.401501 24.860886
vt -38.387607 24.944233
vt -38.348884 25.176518
vt -54.054273 25.509851
vt -54.190237 25.373887
vt -54.192734 25.363020
vt -54.159001 25.509851
vt -53.720940 25.509851
vt -53.387607 25.509851
vt -53.054273 25.509851
vt -52.723003 25.507788
vt -52.722529 25.509851
vt -39.720940 25.460040
vt -39.727986 25.417776
vt -39.387607 25.509851
vt -39.712637 25.509851
vt -39.054273 25.509851
vt -38.720940 25.509851
vt -38.387607 25.509851
vt -38.341138 25.222986
vt -38.293317 25.509851
vt -54.054273 25.843184
vt -54.090816 25.806642
vt -54.119277 25.682758
vt -54.082421 25.843184
vt -53.720940 25.843184
vt -53.387607 25.843184
vt -53.054273 25.843184
vt -52.720940 25.843184
vt -52.720940 25.516768
vt -52.645949 25.843184
vt -39.387607 25.843184
vt -39.710975 25.519815
vt -39.657069 25.843184
vt -39.054273 25.843184
vt -38.720940 25.843184
vt -38.387607 25.843184
vt -38.292583 25.514255
vt -38.274455 25.623003
vt -38.238124 25.840940
vt -38.237750 25.843184
vt -54.054273 25.965701
vt -53.720940 26.176518
vt -54.005840 26.176518
vt -54.045820 26.002496
vt -53.387607 26.176518
vt -53.054273 26.176518
vt -52.720940 26.176518
vt -52.623582 25.940543
vt -52.607909 26.008762
vt -52.569369 26.176518
vt -39.387607 26.176518
vt -39.644292 25.919832
vt -39.601502 26.176518
vt -39.619068 26.071145
vt -39.054273 26.176518
vt -38.720940 26.176518
vt -38.387607 26.176518
vt -38.207771 26.023020
vt -38.183665 26.167625
vt -38.182183 26.176518
vt -53.720940 26.509851
vt -53.991394 26.239397
vt -53.929260 26.509851
vt -53.387607 26.509851
vt -53.054273 26.509851
vt -52.720940 26.509851
vt -52.534452 26.328500
vt -52.524160 26.373298
vt -52.492788 26.509851
vt -39.387607 26.509851
vt -39.577609 26.319849
vt -39.545935 26.509851
vt -39.054273 26.509851
vt -38.720940 26.509851
vt -38.387607 26.509851
vt -38.141088 26.423036
vt -38.129207 26.494309
vt -38.126616 26.509851
vt -53.720940 26.843184
vt -53.891973 26.672152
vt -53.898906 26.641971
vt -53.852679 26.843184
vt -53.387607 26.843184
vt -53.054273 26.843184
vt -52.720940 26.843184
vt -52.460995 26.648238
vt -52.424738 26.806053
vt -52.416208 26.843184
vt -39.387607 26.843184
vt -39.510925 26.719866
vt -39.490368 26.843184
vt -39.510150 26.724515
vt -39.054273 26.843184
vt -38.720940 26.843184
vt -38.387607 26.843184
vt -38.074404 26.823053
vt -38.071049 26.843184
vt -53.720940 27.176518
vt -53.792551 27.104907
vt -53.825449 26.961709
vt -53.776099 27.176518
vt -53.387607 27.176518
vt -53.054273 27.176518
vt -52.720940 27.176518
vt -52.387607 27.176518
vt -52.387607 26.967677
vt -52.339627 27.176518
vt -39.387607 27.176518
vt -39.444242 27.119882
vt -39.455691 27.051199
vt -39.434801 27.176518
vt -39.054273 27.176518
vt -38.720940 27.176518
vt -38.387607 27.176518
vt -38.054273 27.176518
vt -38.054273 26.943814
vt -38.015481 27.176518
vt -53.720940 27.416609
vt -53.751992 27.281447
vt -53.387607 27.509851
vt -53.699519 27.509851
vt -53.054273 27.509851
vt -52.720940 27.509851
vt -52.387607 27.509851
vt -52.325317 27.238807
vt -52.314081 27.287714
vt -52.263047 27.509851
vt -39.387607 27.459622
vt -39.401233 27.377884
vt -39.054273 27.509851
vt -39.379233 27.509851
vt -38.720940 27.509851
vt -38.387607 27.509851
vt -38.054273 27.509851
vt -38.007721 27.223070
vt -37.965830 27.474363
vt -37.959914 27.509851
vt -53.387607 27.843184
vt -53.693129 27.537662
vt -53.622938 27.843184
vt -53.678535 27.601185
vt -53.054273 27.843184
vt -52.720940 27.843184
vt -52.387607 27.843184
vt -52.240624 27.607451
vt -52.225895 27.671562
vt -52.186467 27.843184
vt -39.054273 27.843184
vt -39.377558 27.519899
vt -39.323666 27.843184
vt -38.720940 27.843184
vt -38.387607 27.843184
vt -38.054273 27.843184
vt -37.941038 27.623087
vt -37.911371 27.801048
vt -37.904347 27.843184
vt -53.387607 28.176518
vt -53.593708 27.970417
vt -53.605078 27.920923
vt -53.546358 28.176518
vt -53.054273 28.176518
vt -52.720940 28.176518
vt -52.387607 28.176518
vt -52.167167 27.927189
vt -52.126474 28.104317
vt -52.109886 28.176518
vt -39.054273 28.176518
vt -39.310875 27.919916
vt -39.268099 28.176518
vt -39.292315 28.031253
vt -38.720940 28.176518
vt -38.387607 28.176518
vt -38.054273 28.176518
vt -37.874354 28.023103
vt -37.856912 28.127732
vt -37.848780 28.176518
vt -53.387607 28.509851
vt -53.494286 28.403172
vt -53.531622 28.240661
vt -53.469777 28.509851
vt -53.054273 28.509851
vt -52.720940 28.509851
vt -52.387607 28.509851
vt -52.054273 28.509851
vt -52.093710 28.246927
vt -52.054273 28.418585
vt -52.033306 28.509851
vt -39.054273 28.509851
vt -39.244192 28.319933
vt -39.212532 28.509851
vt -38.720940 28.509851
vt -38.387607 28.509851
vt -38.054273 28.509851
vt -37.807671 28.423120
vt -37.805233 28.437746
vt -37.789603 28.509851
vt -53.387607 28.843184
vt -53.394864 28.835926
vt -53.458165 28.560399
vt -53.393197 28.843184
vt -53.054273 28.843184
vt -52.720940 28.843184
vt -52.387607 28.843184
vt -52.054273 28.843184
vt -52.027052 28.537072
vt -52.020253 28.566665
vt -51.956725 28.843184
vt -39.054273 28.843184
vt -39.176316 28.721142
vt -39.177038 28.717811
vt -39.183397 28.684622
vt -39.149861 28.843184
vt -38.720940 28.843184
vt -38.387607 28.843184
vt -38.054273 28.843184
vt -37.720940 28.843184
vt -37.742821 28.725670
vt -37.720940 28.826613
vt -37.717348 28.843184
vt -53.387607 28.867517
vt -53.054273 29.176518
vt -53.316617 29.176518
vt -53.384708 28.880136
vt -52.720940 29.176518
vt -52.387607 29.176518
vt -52.054273 29.176518
vt -51.946796 28.886403
vt -51.927630 28.969827
vt -51.880145 29.176518
vt -39.054273 29.176518
vt -39.084064 29.146727
vt -39.111046 29.022252
vt -39.077606 29.176518
vt -38.720940 29.176518
vt -38.387607 29.176518
vt -38.054273 29.176518
vt -37.720940 29.176518
vt -37.716354 28.847770
vt -37.676829 29.030111
vt -37.645093 29.176518
vt -53.054273 29.509851
vt -53.295443 29.268681
vt -53.311251 29.199874
vt -53.240036 29.509851
vt -52.720940 29.509851
vt -52.387607 29.509851
vt -52.054273 29.509851
vt -51.873339 29.206141
vt -51.828209 29.402582
vt -51.803565 29.509851
vt -39.054273 29.284160
vt -38.720940 29.509851
vt -39.005352 29.509851
vt -39.045054 29.326694
vt -38.387607 29.509851
vt -38.054273 29.509851
vt -37.720940 29.509851
vt -37.624102 29.273355
vt -37.610837 29.334553
vt -37.572838 29.509851
vt -53.054273 29.843184
vt -53.196021 29.701436
vt -53.237794 29.519612
vt -53.163456 29.843184
vt -53.164337 29.839350
vt -52.720940 29.843184
vt -52.387607 29.843184
vt -52.054273 29.843184
vt -51.728787 29.835337
vt -51.726984 29.843184
vt -38.720940 29.843184
vt -38.991812 29.572312
vt -38.933097 29.843184
vt -38.387607 29.843184
vt -38.054273 29.843184
vt -37.720940 29.843184
vt -37.531850 29.698941
vt -37.500583 29.843184
vt -53.054273 30.176518
vt -53.096600 30.134191
vt -53.086876 30.176518
vt -53.090880 30.159088
vt -52.720940 30.176518
vt -52.387607 30.176518
vt -52.054273 30.176518
vt -51.720940 30.176518
vt -51.726425 29.845617
vt -51.720940 29.869493
vt -51.652968 30.165355
vt -51.650404 30.176518
vt -38.720940 30.176518
vt -38.899560 29.997897
vt -38.913069 29.935577
vt -38.860842 30.176518
vt -38.387607 30.176518
vt -38.054273 30.176518
vt -37.720940 30.176518
vt -37.439599 30.124526
vt -37.428329 30.176518
vt -53.054273 30.318426
vt -52.720940 30.509851
vt -53.010295 30.509851
vt -53.017423 30.478826
vt -52.387607 30.509851
vt -52.054273 30.509851
vt -51.720940 30.509851
vt -51.629365 30.268092
vt -51.579512 30.485092
vt -51.577535 30.493960
vt -51.574100 30.509851
vt -38.720940 30.509851
vt -38.807309 30.423482
vt -38.847077 30.240018
vt -38.788587 30.509851
vt -38.387607 30.509851
vt -38.054273 30.509851
vt -37.720940 30.509851
vt -37.387607 30.509851
vt -37.412860 30.247877
vt -37.387607 30.364380
vt -37.356074 30.509851
vt -52.720940 30.843184
vt -52.997178 30.566946
vt -52.934383 30.843184
vt -52.944983 30.794137
vt -52.387607 30.843184
vt -52.054273 30.843184
vt -51.720940 30.843184
vt -51.533617 30.697174
vt -51.507629 30.817420
vt -51.502061 30.843184
vt -38.720940 30.821927
vt -38.781085 30.544459
vt -38.387607 30.843184
vt -38.716332 30.843184
vt -38.054273 30.843184
vt -37.720940 30.843184
vt -37.387607 30.843184
vt -37.347347 30.550111
vt -37.346868 30.552318
vt -37.283819 30.843184
vt -52.720940 31.176518
vt -52.901329 30.996129
vt -52.862344 31.176518
vt -52.387607 31.176518
vt -52.054273 31.176518
vt -51.720940 31.176518
vt -51.441716 31.122408
vt -51.437724 31.140881
vt -51.430022 31.176518
vt -38.387607 31.176518
vt -38.715057 30.849067
vt -38.715093 30.848901
vt -38.644077 31.176518
vt -38.054273 31.176518
vt -37.720940 31.176518
vt -37.387607 31.176518
vt -37.280876 30.856760
vt -37.255095 30.975696
vt -37.214884 31.161201
vt -37.211564 31.176518
vt -52.720940 31.509851
vt -52.809428 31.421363
vt -52.790305 31.509851
vt -52.806131 31.436618
vt -52.387607 31.509851
vt -52.054273 31.509851
vt -51.720940 31.509851
vt -51.387607 31.509851
vt -51.387607 31.372778
vt -51.367818 31.464342
vt -51.357983 31.509851
vt -38.387607 31.509851
vt -38.622805 31.274652
vt -38.571823 31.509851
vt -38.583109 31.457784
vt -38.054273 31.509851
vt -37.720940 31.509851
vt -37.387607 31.509851
vt -37.162843 31.401281
vt -37.148892 31.465642
vt -37.139309 31.509851
vt -52.720940 31.830808
vt -52.387607 31.843184
vt -52.718265 31.843184
vt -52.054273 31.843184
vt -51.720940 31.843184
vt -51.387607 31.843184
vt -51.349815 31.547642
vt -51.297912 31.787803
vt -51.285944 31.843184
vt -38.387607 31.843184
vt -38.530553 31.700237
vt -38.499568 31.843184
vt -38.054273 31.843184
vt -37.720940 31.843184
vt -37.387607 31.843184
vt -37.082900 31.770084
vt -37.070592 31.826866
vt -37.067054 31.843184
vt -52.387607 32.176518
vt -52.717528 31.846596
vt -52.646226 32.176518
vt -52.666320 32.083540
vt -52.054273 32.176518
vt -51.720940 32.176518
vt -51.387607 32.176518
vt -51.257915 31.972876
vt -51.228007 32.111264
vt -51.213904 32.176518
vt -38.387607 32.176518
vt -38.438302 32.125823
vt -38.451125 32.066666
vt -38.427313 32.176518
vt -38.054273 32.176518
vt -37.720940 32.176518
vt -37.387607 32.176518
vt -37.054273 32.176518
vt -37.054273 31.902147
vt -37.004558 32.176518
vt -37.016908 32.074525
vt -52.387607 32.509851
vt -52.625627 32.271830
vt -52.574187 32.509851
vt -52.054273 32.509851
vt -51.720940 32.509851
vt -51.387607 32.509851
vt -51.166014 32.398110
vt -51.158101 32.434725
vt -51.141865 32.509851
vt -38.387607 32.509851
vt -38.393542 32.503915
vt -38.398958 32.307328
vt -38.393379 32.509851
vt -38.054273 32.509851
vt -37.720940 32.509851
vt -37.387607 32.509851
vt -37.054273 32.509851
vt -37.000550 32.230241
vt -37.001286 32.203541
vt -36.992863 32.509289
vt -36.992848 32.509851
vt -52.387607 32.843184
vt -52.533727 32.697064
vt -52.502148 32.843184
vt -52.526509 32.730462
vt -52.054273 32.843184
vt -51.720940 32.843184
vt -51.387607 32.843184
vt -51.088196 32.758186
vt -51.074114 32.823344
vt -51.069826 32.843184
vt -38.387607 32.719387
vt -38.054273 32.843184
vt -38.384196 32.843184
vt -37.720940 32.843184
vt -37.387607 32.843184
vt -37.054273 32.843184
vt -36.991108 32.573017
vt -36.984441 32.815038
vt -36.983665 32.843184
vt -52.387607 33.176518
vt -52.441826 33.122298
vt -52.456603 33.053923
vt -52.430108 33.176518
vt -52.054273 33.176518
vt -51.720940 33.176518
vt -51.387607 33.176518
vt -51.054273 33.176518
vt -51.054273 32.915148
vt -50.997787 33.176518
vt -38.054273 33.176518
vt -38.384100 32.846691
vt -38.375014 33.176518
vt -38.375487 33.159337
vt -38.383910 32.853589
vt -37.720940 33.176518
vt -37.387607 33.176518
vt -37.054273 33.176518
vt -36.981665 32.915792
vt -36.976018 33.120786
vt -36.974483 33.176518
vt -52.387607 33.373177
vt -52.054273 33.509851
vt -52.358069 33.509851
vt -52.386698 33.377384
vt -51.720940 33.509851
vt -51.387607 33.509851
vt -51.054273 33.509851
vt -50.982213 33.248578
vt -50.948384 33.405108
vt -50.925747 33.509851
vt -38.054273 33.509851
vt -38.374657 33.189467
vt -38.365832 33.509851
vt -38.367065 33.465086
vt -37.720940 33.509851
vt -37.387607 33.509851
vt -37.054273 33.509851
vt -36.972223 33.258568
vt -36.967596 33.426534
vt -36.965301 33.509851
vt -52.054273 33.843184
vt -52.349926 33.547532
vt -52.286030 33.843184
vt -51.720940 33.843184
vt -51.387607 33.843184
vt -51.054273 33.843184
vt -50.890313 33.673812
vt -50.878479 33.728569
vt -50.853708 33.843184
vt -38.054273 33.843184
vt -38.365215 33.532243
vt -38.356649 33.843184
vt -37.720940 33.843184
vt -37.387607 33.843184
vt -37.054273 33.843184
vt -36.962780 33.601344
vt -36.959173 33.732283
vt -36.956118 33.843184
vt -52.054273 34.176518
vt -52.258025 33.972766
vt -52.213991 34.176518
vt -51.720940 34.176518
vt -51.387607 34.176518
vt -51.054273 34.176518
vt -50.798412 34.099045
vt -50.781669 34.176518
vt -38.054273 34.176518
vt -38.355772 33.875019
vt -38.347467 34.176518
vt -37.720940 34.176518
vt -37.387607 34.176518
vt -37.054273 34.176518
vt -36.953338 33.944120
vt -36.950751 34.038031
vt -36.946936 34.176518
vt -52.054273 34.509851
vt -52.166125 34.398000
vt -52.176981 34.347767
vt -52.141952 34.509851
vt -51.720940 34.509851
vt -51.387607 34.509851
vt -51.054273 34.509851
vt -50.720940 34.509851
vt -50.738667 34.375491
vt -50.720940 34.457517
vt -50.709630 34.509851
vt -38.054273 34.509851
vt -38.346330 34.217794
vt -38.338285 34.509851
vt -38.341797 34.382331
vt -37.720940 34.509851
vt -37.387607 34.509851
vt -37.054273 34.509851
vt -36.943895 34.286896
vt -36.942328 34.343779
vt -36.937753 34.509851
vt -52.054273 34.843184
vt -52.074224 34.823234
vt -52.107075 34.671228
vt -52.069912 34.843184
vt -51.720940 34.843184
vt -51.387607 34.843184
vt -51.054273 34.843184
vt -50.720940 34.843184
vt -50.706512 34.524279
vt -50.668762 34.698951
vt -50.637591 34.843184
vt -38.054273 34.843184
vt -38.336887 34.560570
vt -38.329102 34.843184
vt -37.720940 34.843184
vt -37.387607 34.843184
vt -37.054273 34.843184
vt -36.934453 34.629672
vt -36.933906 34.649528
vt -36.928571 34.843184
vt -52.054273 34.915547
vt -51.720940 35.176518
vt -51.997873 35.176518
vt -52.037170 34.994689
vt -51.387607 35.176518
vt -51.054273 35.176518
vt -50.720940 35.176518
vt -50.614611 34.949513
vt -50.598856 35.022412
vt -50.565551 35.176518
vt -38.054273 35.176518
vt -38.327445 34.903346
vt -38.319920 35.176518
vt -38.324952 34.993828
vt -37.720940 35.176518
vt -37.387607 35.176518
vt -37.054273 35.176518
vt -36.925010 34.972447
vt -36.919389 35.176518
vt -51.720940 35.509851
vt -51.982323 35.248468
vt -51.925834 35.509851
vt -51.387607 35.509851
vt -51.054273 35.509851
vt -50.720940 35.509851
vt -50.522710 35.374747
vt -50.493512 35.509851
vt -38.054273 35.509851
vt -38.318002 35.246122
vt -38.310737 35.509851
vt -37.720940 35.509851
vt -37.387607 35.509851
vt -37.054273 35.509851
vt -36.917061 35.261025
vt -36.915568 35.315223
vt -36.910206 35.509851
vt -51.720940 35.843184
vt -51.890423 35.673701
vt -51.897358 35.641610
vt -51.853795 35.843184
vt -51.387607 35.843184
vt -51.054273 35.843184
vt -50.720940 35.843184
vt -50.459045 35.669334
vt -50.430810 35.799981
vt -50.421473 35.843184
vt -38.054273 35.843184
vt -38.308560 35.588898
vt -38.301555 35.843184
vt -38.308107 35.605324
vt -37.720940 35.843184
vt -37.387607 35.843184
vt -37.054273 35.843184
vt -36.906125 35.657999
vt -36.901024 35.843184
vt -51.720940 36.176518
vt -51.798522 36.098935
vt -51.827453 35.965071
vt -51.781755 36.176518
vt -51.387607 36.176518
vt -51.054273 36.176518
vt -50.720940 36.176518
vt -50.387607 36.176518
vt -50.389139 35.992795
vt -50.387607 35.999887
vt -50.349434 36.176518
vt -38.054273 36.176518
vt -38.308052 35.922738
vt -38.301050 35.861513
vt -38.337077 36.176518
vt -38.330698 36.120744
vt -37.720940 36.176518
vt -37.387607 36.176518
vt -37.054273 36.176518
vt -36.906705 35.990753
vt -36.900216 35.872521
vt -36.904484 35.971338
vt -36.927951 36.176518
vt -51.720940 36.457917
vt -51.387607 36.509851
vt -51.709716 36.509851
vt -51.054273 36.509851
vt -50.720940 36.509851
vt -50.387607 36.509851
vt -50.338909 36.225215
vt -50.319234 36.316256
vt -50.277394 36.509851
vt -38.054273 36.509851
vt -38.342263 36.221861
vt -38.375201 36.509851
vt -37.720940 36.509851
vt -37.387607 36.509851
vt -37.054273 36.509851
vt -36.940915 36.289875
vt -36.966074 36.509851
vt -51.387607 36.843184
vt -51.706622 36.524169
vt -51.637677 36.843184
vt -51.687641 36.611993
vt -51.054273 36.843184
vt -50.720940 36.843184
vt -50.387607 36.843184
vt -50.249328 36.639717
vt -50.247009 36.650449
vt -50.205355 36.843184
vt -38.387607 36.843184
vt -38.410685 36.820106
vt -38.401262 36.737720
vt -38.387607 36.618321
vt -38.413324 36.843184
vt -38.054273 36.843184
vt -38.376474 36.520983
vt -37.720940 36.843184
vt -37.387607 36.843184
vt -37.054273 36.843184
vt -36.975048 36.588314
vt -36.975126 36.588998
vt -37.004198 36.843184
vt -51.387607 37.176518
vt -51.614721 36.949403
vt -51.617736 36.935454
vt -51.565638 37.176518
vt -51.054273 37.176518
vt -50.720940 37.176518
vt -50.387607 37.176518
vt -50.155108 37.075683
vt -50.133316 37.176518
vt -38.387607 37.176518
vt -38.444896 37.119228
vt -38.436544 37.046208
vt -38.451448 37.176518
vt -38.054273 37.176518
vt -37.720940 37.176518
vt -37.387607 37.176518
vt -37.054273 37.176518
vt -37.009337 36.888120
vt -37.010330 36.896802
vt -37.042321 37.176518
vt -51.387607 37.509851
vt -51.522821 37.374637
vt -51.547830 37.258915
vt -51.493599 37.509851
vt -51.054273 37.509851
vt -50.720940 37.509851
vt -50.387607 37.509851
vt -50.109517 37.286639
vt -50.063208 37.500917
vt -50.061277 37.509851
vt -38.387607 37.509851
vt -38.479107 37.418351
vt -38.471826 37.354696
vt -38.489572 37.509851
vt -38.054273 37.509851
vt -37.720940 37.509851
vt -37.387607 37.509851
vt -37.054273 37.281020
vt -37.077759 37.486365
vt -37.080445 37.509851
vt -37.043548 37.187243
vt -37.045612 37.205290
vt -51.387607 37.843184
vt -51.430920 37.799871
vt -51.477925 37.582376
vt -51.421559 37.843184
vt -51.054273 37.843184
vt -50.720940 37.843184
vt -50.387607 37.843184
vt -50.054273 37.843184
vt -50.054273 37.542257
vt -49.989238 37.843184
vt -38.387607 37.843184
vt -38.513318 37.717473
vt -38.507108 37.663183
vt -38.527695 37.843184
vt -38.054273 37.843184
vt -37.720940 37.843184
vt -37.387607 37.843184
vt -37.080894 37.513777
vt -37.111970 37.785488
vt -37.116176 37.822265
vt -37.118569 37.843184
vt -51.387607 38.000286
vt -51.408019 37.905837
vt -51.054273 38.176518
vt -51.349520 38.176518
vt -50.720940 38.176518
vt -50.387607 38.176518
vt -50.054273 38.176518
vt -49.971307 37.926150
vt -49.969706 37.933561
vt -49.917198 38.176518
vt -38.387607 38.176518
vt -38.547528 38.016596
vt -38.542390 37.971671
vt -38.565819 38.176518
vt -38.054273 38.176518
vt -37.720940 38.176518
vt -37.387607 38.176518
vt -37.146181 38.084610
vt -37.151458 38.130753
vt -37.156692 38.176518
vt -51.054273 38.509851
vt -51.339020 38.225105
vt -51.277481 38.509851
vt -50.720940 38.509851
vt -50.387607 38.509851
vt -50.054273 38.509851
vt -49.879407 38.351384
vt -49.845159 38.509851
vt -38.387607 38.509851
vt -38.592901 38.304557
vt -38.571552 38.226650
vt -38.649155 38.509851
vt -38.054273 38.509851
vt -37.720940 38.509851
vt -37.387607 38.509851
vt -37.180391 38.383733
vt -37.186740 38.439241
vt -37.200368 38.509851
vt -51.054273 38.843184
vt -51.247119 38.650339
vt -51.268208 38.552759
vt -51.205442 38.843184
vt -50.720940 38.843184
vt -50.387607 38.843184
vt -50.054273 38.843184
vt -49.829894 38.580482
vt -49.787506 38.776618
vt -49.773120 38.843184
vt -38.720940 38.843184
vt -38.736289 38.827836
vt -38.725069 38.786892
vt -38.720940 38.771822
vt -38.740495 38.843184
vt -38.387607 38.843184
vt -38.664595 38.566196
vt -38.054273 38.843184
vt -37.720940 38.843184
vt -37.387607 38.843184
vt -37.238424 38.659033
vt -37.207093 38.544694
vt -37.288885 38.843184
vt -51.054273 39.176518
vt -51.155218 39.075573
vt -51.198302 38.876220
vt -51.133402 39.176518
vt -50.720940 39.176518
vt -50.387607 39.176518
vt -50.054273 39.176518
vt -49.720940 39.176518
vt -49.759989 38.903943
vt -49.720940 39.084626
vt -49.701081 39.176518
vt -38.720940 39.176518
vt -38.807983 39.089475
vt -38.831834 39.176518
vt -38.387607 39.176518
vt -38.054273 39.176518
vt -37.720940 39.176518
vt -37.387607 39.176518
vt -37.290969 38.850787
vt -37.310119 38.920672
vt -37.374844 39.156879
vt -37.380225 39.176518
vt -51.054273 39.509851
vt -51.063318 39.500806
vt -51.128396 39.199680
vt -51.061363 39.509851
vt -50.720940 39.509851
vt -50.387607 39.509851
vt -50.054273 39.509851
vt -49.720940 39.509851
vt -49.695605 39.201852
vt -49.690083 39.227404
vt -49.629041 39.509851
vt -38.720940 39.509851
vt -38.879677 39.351114
vt -38.923174 39.509851
vt -38.892820 39.399078
vt -38.387607 39.509851
vt -38.054273 39.509851
vt -37.720940 39.509851
vt -37.387607 39.203456
vt -37.453507 39.443951
vt -37.458719 39.462972
vt -37.471565 39.509851
vt -37.381813 39.182312
vt -51.054273 39.542656
vt -51.058491 39.523141
vt -50.720940 39.843184
vt -50.989324 39.843184
vt -50.387607 39.843184
vt -50.054273 39.843184
vt -49.720940 39.843184
vt -49.620178 39.550865
vt -49.603705 39.627086
vt -49.557002 39.843184
vt -38.720940 39.843184
vt -38.951371 39.612753
vt -39.014514 39.843184
vt -38.387607 39.843184
vt -38.054273 39.843184
vt -37.720940 39.843184
vt -37.525201 39.705590
vt -37.542594 39.769065
vt -37.562904 39.843184
vt -50.720940 40.176518
vt -50.971417 39.926040
vt -50.988585 39.846602
vt -50.917285 40.176518
vt -50.918680 40.170063
vt -50.387607 40.176518
vt -50.054273 40.176518
vt -49.720940 40.176518
vt -49.511804 40.052320
vt -49.484963 40.176518
vt -39.054273 39.988283
vt -39.054273 40.176518
vt -39.094759 40.136032
vt -39.105853 40.176518
vt -38.720940 40.176518
vt -39.023065 39.874392
vt -38.387607 40.176518
vt -38.054273 40.176518
vt -37.720940 40.176518
vt -37.596895 39.967229
vt -37.626469 40.075158
vt -37.654244 40.176518
vt -50.720940 40.509851
vt -50.879517 40.351274
vt -50.845246 40.509851
vt -50.387607 40.509851
vt -50.054273 40.509851
vt -49.720940 40.509851
vt -49.480366 40.197787
vt -49.419904 40.477554
vt -49.412924 40.509851
vt -39.054273 40.509851
vt -39.166453 40.397671
vt -39.144446 40.317356
vt -39.197193 40.509851
vt -38.720940 40.509851
vt -38.387607 40.509851
vt -38.054273 40.509851
vt -37.720940 40.419917
vt -37.740283 40.490508
vt -37.745584 40.509851
vt -37.668589 40.228869
vt -37.710345 40.381251
vt -50.720940 40.843184
vt -50.787616 40.776508
vt -50.773206 40.843184
vt -50.778868 40.816985
vt -50.387607 40.843184
vt -50.054273 40.843184
vt -49.720940 40.843184
vt -49.387607 40.843184
vt -49.410461 40.521248
vt -49.387607 40.626996
vt -49.340885 40.843184
vt -39.054273 40.843184
vt -39.261237 40.636220
vt -39.204829 40.537718
vt -39.379758 40.843184
vt -39.311318 40.723672
vt -38.720940 40.843184
vt -38.387607 40.843184
vt -38.054273 40.843184
vt -37.811977 40.752147
vt -37.836923 40.843184
vt -50.720940 41.085026
vt -50.387607 41.176518
vt -50.701167 41.176518
vt -50.708963 41.140446
vt -50.054273 41.176518
vt -49.720940 41.176518
vt -49.387607 41.176518
vt -49.340555 40.844709
vt -49.328003 40.902788
vt -49.270649 41.168170
vt -49.268845 41.176518
vt -39.387607 40.856890
vt -39.387607 41.176518
vt -39.503994 41.060130
vt -39.570645 41.176518
vt -39.054273 41.176518
vt -39.382616 40.848175
vt -38.720940 41.176518
vt -38.387607 41.176518
vt -38.054273 41.176518
vt -37.885705 41.011753
vt -37.878095 40.993436
vt -37.945761 41.156304
vt -37.957336 41.176518
vt -50.387607 41.509851
vt -50.695716 41.201742
vt -50.629128 41.509851
vt -50.054273 41.509851
vt -49.720940 41.509851
vt -49.387607 41.509851
vt -49.236103 41.328022
vt -49.200744 41.491631
vt -49.196806 41.509851
vt -39.720940 41.438967
vt -39.720940 41.509851
vt -39.746752 41.484039
vt -39.761533 41.509851
vt -39.387607 41.509851
vt -39.625373 41.272085
vt -39.612644 41.249856
vt -39.054273 41.509851
vt -38.720940 41.509851
vt -38.387607 41.509851
vt -38.054273 41.345792
vt -38.096424 41.419396
vt -38.114013 41.450111
vt -38.148224 41.509851
vt -37.992634 41.238157
vt -50.387607 41.843184
vt -50.603815 41.626976
vt -50.557089 41.843184
vt -50.569152 41.787368
vt -50.054273 41.843184
vt -49.720940 41.843184
vt -49.387607 41.843184
vt -49.144202 41.753255
vt -49.130838 41.815092
vt -49.124767 41.843184
vt -39.720940 41.843184
vt -39.868130 41.695994
vt -39.763307 41.512948
vt -39.952420 41.843184
vt -39.387607 41.843184
vt -39.054273 41.843184
vt -38.720940 41.843184
vt -38.387607 41.843184
vt -38.235391 41.662066
vt -38.247087 41.682489
vt -38.339111 41.843184
vt -50.387607 42.176518
vt -50.511915 42.052210
vt -50.485049 42.176518
vt -50.054273 42.176518
vt -49.720940 42.176518
vt -49.387607 42.176518
vt -49.054273 42.176518
vt -49.060933 42.138553
vt -49.054273 42.169366
vt -49.052728 42.176518
vt -40.054273 42.176518
vt -40.110887 42.119904
vt -40.064632 42.039133
vt -40.054273 42.021043
vt -40.143308 42.176518
vt -39.720940 42.176518
vt -39.989509 41.907949
vt -39.387607 42.176518
vt -39.054273 42.176518
vt -38.720940 42.176518
vt -38.387607 41.927869
vt -38.397750 41.945581
vt -38.478149 42.085976
vt -38.529998 42.176518
vt -38.356770 41.874021
vt -50.387607 42.509851
vt -50.420014 42.477444
vt -50.429340 42.434290
vt -50.413010 42.509851
vt -50.054273 42.509851
vt -49.720940 42.509851
vt -49.387607 42.509851
vt -49.054273 42.509851
vt -49.052302 42.178489
vt -48.991027 42.462013
vt -48.980688 42.509851
vt -40.054273 42.509851
vt -40.232266 42.331859
vt -40.215295 42.302225
vt -40.334195 42.509851
vt -39.720940 42.509851
vt -39.387607 42.509851
vt -39.054273 42.509851
vt -38.720940 42.509851
vt -38.548412 42.208673
vt -38.599527 42.297930
vt -38.699075 42.471765
vt -38.720886 42.509851
vt -50.387607 42.627396
vt -50.054273 42.843184
vt -50.340971 42.843184
vt -50.359435 42.757751
vt -49.720940 42.843184
vt -49.387607 42.843184
vt -49.054273 42.843184
vt -48.960401 42.603723
vt -48.921121 42.785474
vt -48.908649 42.843184
vt -40.387607 42.603120
vt -40.387607 42.843184
vt -40.475023 42.755768
vt -40.525083 42.843184
vt -40.054273 42.843184
vt -40.353644 42.543813
vt -40.365958 42.565317
vt -39.720940 42.843184
vt -39.387607 42.843184
vt -39.054273 42.843184
vt -38.720940 42.509945
vt -38.842284 42.721840
vt -38.849738 42.734857
vt -38.911773 42.843184
vt -38.720906 42.509885
vt -50.054273 43.176518
vt -50.328113 42.902678
vt -50.268932 43.176518
vt -50.289529 43.081211
vt -49.720940 43.176518
vt -49.387607 43.176518
vt -49.054273 43.176518
vt -48.868500 43.028957
vt -48.851216 43.108935
vt -48.836610 43.176518
vt -40.720940 43.155113
vt -40.720940 43.176518
vt -40.730076 43.167381
vt -40.736880 43.176518
vt -40.387607 43.176518
vt -40.596401 42.967723
vt -40.646379 43.054996
vt -40.054273 43.176518
vt -39.720940 43.176518
vt -39.387607 43.176518
vt -39.054273 43.092022
vt -39.085041 43.145750
vt -39.102661 43.176518
vt -38.963663 42.933795
vt -39.000401 42.997949
vt -50.054273 43.509851
vt -50.236213 43.327911
vt -50.196893 43.509851
vt -49.720940 43.509851
vt -49.387607 43.509851
vt -49.054273 43.509851
vt -48.776600 43.454191
vt -48.764571 43.509851
vt -40.720940 43.509851
vt -40.872358 43.358432
vt -40.819393 43.287312
vt -40.985125 43.509851
vt -40.387607 43.509851
vt -40.054273 43.509851
vt -39.720940 43.509851
vt -39.387607 43.509851
vt -39.206420 43.357704
vt -39.293548 43.509851
vt -50.054273 43.843184
vt -50.144312 43.753145
vt -50.149718 43.728133
vt -50.124853 43.843184
vt -49.720940 43.843184
vt -49.387607 43.843184
vt -49.054273 43.843184
vt -48.720940 43.843184
vt -48.720940 43.711735
vt -48.692532 43.843184
vt -41.054273 43.602701
vt -41.054273 43.843184
vt -41.156923 43.740535
vt -41.233369 43.843184
vt -41.215671 43.819420
vt -40.720940 43.843184
vt -41.014641 43.549484
vt -41.017532 43.553366
vt -40.387607 43.843184
vt -40.054273 43.843184
vt -39.720940 43.843184
vt -39.387607 43.674098
vt -39.449177 43.781614
vt -39.452390 43.787225
vt -39.489061 43.843184
vt -39.301727 43.524133
vt -39.327798 43.569659
vt -50.054273 44.169765
vt -50.079812 44.051594
vt -49.720940 44.176518
vt -50.052814 44.176518
vt -49.387607 44.176518
vt -49.054273 44.176518
vt -48.720940 44.176518
vt -48.684699 43.879425
vt -48.641499 44.079318
vt -48.620492 44.176518
vt -41.387607 44.050289
vt -41.387607 44.176518
vt -41.441487 44.122637
vt -41.481614 44.176518
vt -41.054273 44.176518
vt -41.299205 43.931586
vt -40.720940 44.176518
vt -40.387607 44.176518
vt -40.054273 44.176518
vt -39.720940 44.156258
vt -39.729588 44.167870
vt -39.736028 44.176518
vt -39.587305 43.976819
vt -39.498421 43.857468
vt -39.696560 44.123522
vt -49.720940 44.509851
vt -50.052412 44.178379
vt -49.980775 44.509851
vt -49.387607 44.509851
vt -49.054273 44.509851
vt -48.720940 44.509851
vt -48.592799 44.304659
vt -48.571593 44.402779
vt -48.548453 44.509851
vt -41.720940 44.497876
vt -41.720940 44.509851
vt -41.726051 44.504740
vt -41.729858 44.509851
vt -41.387607 44.509851
vt -41.583769 44.313688
vt -41.611950 44.351528
vt -41.054273 44.509851
vt -40.720940 44.509851
vt -40.387607 44.509851
vt -40.054273 44.509851
vt -39.871870 44.358921
vt -39.894700 44.389576
vt -39.984272 44.509851
vt -49.720940 44.843184
vt -49.960511 44.603613
vt -49.908736 44.843184
vt -49.940001 44.698516
vt -49.387607 44.843184
vt -49.054273 44.843184
vt -48.720940 44.843184
vt -48.501688 44.726240
vt -48.500898 44.729893
vt -48.476414 44.843184
vt -41.720940 44.843184
vt -41.868334 44.695791
vt -41.810089 44.617583
vt -41.978102 44.843184
vt -41.387607 44.843184
vt -41.054273 44.843184
vt -40.720940 44.843184
vt -40.387607 44.843184
vt -40.054273 44.603846
vt -40.092839 44.655630
vt -40.156434 44.741024
vt -40.232517 44.843184
vt -40.014152 44.549972
vt -49.720940 45.176518
vt -49.868611 45.028847
vt -49.870095 45.021977
vt -49.836696 45.176518
vt -49.387607 45.176518
vt -49.054273 45.176518
vt -48.720940 45.176518
vt -48.408998 45.155127
vt -48.404375 45.176518
vt -42.152898 45.077893
vt -42.054273 44.945464
vt -42.054273 45.169798
vt -42.060184 45.170607
vt -42.206368 45.149691
vt -42.071461 45.172150
vt -42.078938 45.176518
vt -42.226347 45.176518
vt -41.720940 45.156105
vt -41.748619 45.148838
vt -42.010616 44.886842
vt -41.800855 45.135126
vt -41.387607 45.176518
vt -41.643182 45.176518
vt -41.054273 45.176518
vt -40.720940 45.176518
vt -40.387607 45.051434
vt -40.440998 45.123126
vt -40.480761 45.176518
vt -40.290978 44.921685
vt -40.298716 44.932075
vt -49.720940 45.509851
vt -49.776710 45.454081
vt -49.800190 45.345438
vt -49.764657 45.509851
vt -49.387607 45.509851
vt -49.054273 45.509851
vt -48.720940 45.509851
vt -48.387607 45.509851
vt -48.387607 45.254105
vt -48.361876 45.373162
vt -48.332335 45.509851
vt -42.487472 45.409985
vt -42.387607 45.347981
vt -42.387607 45.415678
vt -42.428251 45.469207
vt -42.490971 45.412158
vt -42.459111 45.509851
vt -42.648317 45.509851
vt -42.295180 45.268944
vt -42.273788 45.290337
vt -42.325172 45.309216
vt -42.307299 45.309912
vt -41.387607 45.277052
vt -41.536680 45.204476
vt -41.054273 45.439336
vt -41.191689 45.372435
vt -41.270710 45.333964
vt -40.720940 45.499021
vt -40.725563 45.505228
vt -40.729005 45.509851
vt -40.909435 45.509851
vt -40.583281 45.314177
vt -40.687257 45.453793
vt -49.720940 45.712135
vt -49.387607 45.843184
vt -49.692618 45.843184
vt -49.054273 45.843184
vt -48.720940 45.843184
vt -48.387607 45.843184
vt -48.317097 45.580360
vt -48.291971 45.696623
vt -48.260296 45.843184
vt -43.054273 45.761902
vt -43.054273 45.843184
vt -43.104420 45.793037
vt -43.185188 45.843184
vt -42.720940 45.843184
vt -42.898771 45.665353
vt -42.769614 45.585162
vt -42.720940 45.554941
vt -43.048257 45.758166
vt -42.693122 45.537669
vt -42.472466 45.527439
vt -42.520474 45.710317
vt -42.541816 45.791614
vt -42.534760 45.843184
vt -40.777017 45.574319
vt -49.387607 46.176518
vt -49.684810 45.879315
vt -49.620579 46.176518
vt -49.660379 45.992360
vt -49.054273 46.176518
vt -48.720940 46.176518
vt -48.387607 46.176518
vt -48.225197 46.005594
vt -48.222065 46.020084
vt -48.188257 46.176518
vt -43.720940 46.175823
vt -43.720940 46.176518
vt -43.721369 46.176089
vt -43.722059 46.176518
vt -43.387607 45.968862
vt -43.387607 46.176518
vt -43.515719 46.048405
vt -43.605543 46.104175
vt -43.054273 46.176518
vt -43.310070 45.920721
vt -43.326900 45.931171
vt -42.720940 46.176518
vt -42.505249 46.058875
vt -42.504792 46.062220
vt -42.438026 46.176518
vt -49.387607 46.509851
vt -49.592909 46.304549
vt -49.548540 46.509851
vt -49.054273 46.509851
vt -48.720940 46.509851
vt -48.387607 46.509851
vt -48.152160 46.343544
vt -48.133296 46.430828
vt -48.116218 46.509851
vt -44.054273 46.382783
vt -44.054273 46.509851
vt -44.132668 46.431457
vt -44.258930 46.509851
vt -43.720940 46.509851
vt -43.927018 46.303773
vt -43.884187 46.277179
vt -43.387607 46.509851
vt -43.054273 46.509851
vt -42.720940 46.509851
vt -42.387607 46.509851
vt -42.387607 46.262832
vt -42.054273 46.509587
vt -42.054273 46.509851
vt -42.054787 46.509337
vt -42.367030 46.298058
vt -42.149503 46.463225
vt -42.053732 46.509851
vt -49.387607 46.843184
vt -49.501008 46.729783
vt -49.520567 46.639282
vt -49.476500 46.843184
vt -49.054273 46.843184
vt -48.720940 46.843184
vt -48.387607 46.843184
vt -48.054273 46.843184
vt -48.082254 46.667005
vt -48.054273 46.796475
vt -48.044179 46.843184
vt -44.720940 46.796704
vt -44.720940 46.843184
vt -44.749616 46.814508
vt -44.795801 46.843184
vt -44.387607 46.843184
vt -44.543966 46.686825
vt -44.441473 46.623188
vt -44.387607 46.589744
vt -44.720116 46.796193
vt -44.054273 46.843184
vt -44.338317 46.559141
vt -43.720940 46.843184
vt -43.387607 46.843184
vt -43.054273 46.843184
vt -42.720940 46.843184
vt -42.387607 46.843184
vt -42.054273 46.788918
vt -42.087753 46.809705
vt -42.141675 46.843184
vt -41.882103 46.682021
vt -41.883533 46.592712
vt -41.802109 46.632354
vt -49.387607 47.176518
vt -49.409108 47.155016
vt -49.450662 46.962742
vt -49.404461 47.176518
vt -49.054273 47.176518
vt -48.720940 47.176518
vt -48.387607 47.176518
vt -48.054273 47.176518
vt -48.041395 46.856062
vt -48.012348 46.990466
vt -47.972139 47.176518
vt -45.387607 47.174400
vt -45.387607 47.176518
vt -45.389121 47.175004
vt -45.392921 47.176518
vt -45.054273 47.003665
vt -45.054273 47.176518
vt -45.160915 47.069876
vt -45.224783 47.109531
vt -44.720940 47.176518
vt -44.955265 46.942192
vt -44.998759 46.969197
vt -44.387607 47.176518
vt -44.054273 47.176518
vt -43.720940 47.176518
vt -43.387607 47.176518
vt -43.054273 47.176518
vt -42.720940 47.176518
vt -42.387607 46.995879
vt -42.499052 47.065073
vt -42.588428 47.120565
vt -42.678546 47.176518
vt -42.293402 46.937389
vt -42.309784 46.947560
f 1/1 2/2 3/3
f 2/2 4/4 3/3
f 5/5 1/1 6/6
f 2/2 1/1 5/5
f 2/2 5/5 7/7
f 2/2 7/7 8/8
f 9/9 10/10 11/11
f 9/9 11/11 12/12
f 9/9 12/12 13/13
f 11/11 10/10 14/14
f 15/15 16/16 9/9
f 16/16 10/10 9/9
f 17/17 18/18 15/15
f 18/18 16/16 15/15
f 19/19 20/20 17/17
f 20/20 18/18 17/17
f 21/21 19/19 22/22
f 21/21 22/22 23/23
f 21/21 20/20 19/19
f 21/21 23/23 24/24
f 21/21 24/24 25/25
f 2/2 26/26 4/4
f 26/26 27/27 4/4
f 28/28 2/2 8/8
f 26/26 2/2 28/28
f 26/26 28/28 29/29
f 26/26 29/29 30/30
f 14/14 10/10 31/31
f 16/16 32/32 10/10
f 10/10 32/32 33/33
f 10/10 33/33 31/31
f 18/18 34/34 16/16
f 34/34 32/32 16/16
f 20/20 35/35 18/18
f 35/35 34/34 18/18
f 21/21 36/36 20/20
f 36/36 35/35 20/20
f 37/37 21/21 25/25
f 36/36 21/21 37/37
f 36/36 37/37 38/38
f 36/36 38/38 39/39
f 26/26 40/40 27/27
f 40/40 41/41 27/27
f 42/42 26/26 30/30
f 40/40 26/26 42/42
f 40/40 42/42 43/43
f 32/32 44/44 45/45
f 32/32 45/45 33/33
f 44/44 46/46 47/47
f 44/44 47/47 45/45
f 34/34 48/48 32/32
f 48/48 44/44 32/32
f 35/35 49/49 34/34
f 49/49 48/48 34/34
f 36/36 50/50 35/35
f 50/50 49/49 35/35
f 36/36 39/39 51/51
f 36/36 51/51 52/52
f 50/50 36/36 52/52
f 50/50 52/52 53/53
f 40/40 54/54 41/41
f 54/54 55/55 41/41
f 56/56 40/40 43/43
f 56/56 43/43 57/57
f 56/56 57/57 58/58
f 56/56 54/54 40/40
f 59/59 56/56 58/58
f 44/44 60/60 61/61
f 44/44 61/61 62/62
f 44/44 62/62 46/46
f 61/61 60/60 63/63
f 48/48 64/64 44/44
f 64/64 60/60 44/44
f 49/49 65/65 48/48
f 65/65 64/64 48/48
f 50/50 66/66 49/49
f 66/66 65/65 49/49
f 67/67 50/50 53/53
f 66/66 50/50 67/67
f 66/66 67/67 68/68
f 54/54 69/69 55/55
f 69/69 70/70 55/55
f 56/56 71/71 54/54
f 71/71 69/69 54/54
f 72/72 56/56 59/59
f 71/71 56/56 72/72
f 71/71 72/72 73/73
f 71/71 73/73 74/74
f 60/60 75/75 76/76
f 60/60 76/76 77/77
f 60/60 77/77 63/63
f 76/76 75/75 78/78
f 64/64 79/79 60/60
f 79/79 75/75 60/60
f 65/65 80/80 64/64
f 80/80 79/79 64/64
f 66/66 81/81 65/65
f 81/81 80/80 65/65
f 82/82 66/66 68/68
f 82/82 68/68 83/83
f 82/82 83/83 84/84
f 82/82 81/81 66/66
f 85/85 82/82 84/84
f 69/69 86/86 70/70
f 86/86 87/87 70/70
f 71/71 88/88 69/69
f 88/88 86/86 69/69
f 89/89 71/71 74/74
f 88/88 71/71 89/89
f 88/88 89/89 90/90
f 88/88 90/90 91/91
f 75/75 92/92 93/93
f 75/75 93/93 94/94
f 75/75 94/94 78/78
f 93/93 92/92 95/95
f 79/79 96/96 75/75
f 96/96 92/92 75/75
f 80/80 97/97 79/79
f 97/97 96/96 79/79
f 81/81 98/98 80/80
f 98/98 97/97 80/80
f 82/82 99/99 81/81
f 99/99 98/98 81/81
f 100/100 82/82 85/85
f 99/99 82/82 100/100
f 99/99 100/100 101/101
f 99/99 101/101 102/102
f 86/86 103/103 87/87
f 103/103 104/104 87/87
f 88/88 105/105 86/86
f 105/105 103/103 86/86
f 106/106 88/88 91/91
f 105/105 88/88 106/106
f 105/105 106/106 107/107
f 105/105 107/107 108/108
f 92/92 109/109 110/110
f 92/92 110/110 95/95
f 96/96 111/111 92/92
f 92/92 111/111 112/112
f 92/92 112/112 109/109
f 97/97 113/113 96/96
f 113/113 111/111 96/96
f 98/98 114/114 97/97
f 114/114 113/113 97/97
f 99/99 115/115 98/98
f 115/115 114/114 98/98
f 99/99 102/102 116/116
f 99/99 116/116 117/117
f 115/115 99/99 117/117
f 115/115 117/117 118/118
f 103/103 119/119 104/104
f 119/119 120/120 104/104
f 105/105 121/121 103/103
f 121/121 119/119 103/103
f 122/122 105/105 108/108
f 121/121 105/105 122/122
f 121/121 122/122 123/123
f 111/111 124/124 125/125
f 111/111 125/125 126/126
f 111/111 126/126 112/112
f 125/125 124/124 127/127
f 113/113 128/128 111/111
f 128/128 124/124 111/111
f 114/114 129/129 113/113
f 129/129 128/128 113/113
f 115/115 130/130 114/114
f 130/130 129/129 114/114
f 131/131 115/115 118/118
f 130/130 115/115 131/131
f 130/130 131/131 132/132
f 119/119 133/133 120/120
f 133/133 134/134 120/120
f 121/121 135/135 119/119
f 135/135 133/133 119/119
f 136/136 121/121 123/123
f 136/136 123/123 137/137
f 136/136 137/137 138/138
f 136/136 135/135 121/121
f 139/139 136/136 138/138
f 124/124 140/140 141/141
f 124/124 141/141 142/142
f 124/124 142/142 127/127
f 141/141 140/140 143/143
f 128/128 144/144 124/124
f 144/144 140/140 124/124
f 129/129 145/145 128/128
f 145/145 144/144 128/128
f 130/130 146/146 129/129
f 146/146 145/145 129/129
f 130/130 132/132 147/147
f 130/130 147/147 148/148
f 146/146 130/130 148/148
f 146/146 148/148 149/149
f 133/133 150/150 134/134
f 150/150 151/151 134/134
f 135/135 152/152 133/133
f 152/152 150/150 133/133
f 136/136 153/153 135/135
f 153/153 152/152 135/135
f 154/154 136/136 139/139
f 153/153 136/136 154/154
f 153/153 154/154 155/155
f 153/153 155/155 156/156
f 140/140 157/157 158/158
f 140/140 158/158 143/143
f 157/157 159/159 160/160
f 157/157 160/160 158/158
f 144/144 161/161 140/140
f 161/161 157/157 140/140
f 145/145 162/162 144/144
f 162/162 161/161 144/144
f 146/146 163/163 145/145
f 163/163 162/162 145/145
f 164/164 146/146 149/149
f 164/164 149/149 165/165
f 164/164 165/165 166/166
f 164/164 163/163 146/146
f 164/164 166/166 167/167
f 164/164 167/167 168/168
f 150/150 169/169 151/151
f 169/169 170/170 151/151
f 152/152 171/171 150/150
f 171/171 169/169 150/150
f 153/153 172/172 152/152
f 172/172 171/171 152/152
f 173/173 153/153 156/156
f 172/172 153/153 173/173
f 172/172 173/173 174/174
f 172/172 174/174 175/175
f 159/159 157/157 176/176
f 161/161 177/177 157/157
f 157/157 177/177 178/178
f 157/157 178/178 176/176
f 162/162 179/179 161/161
f 179/179 177/177 161/161
f 163/163 180/180 162/162
f 180/180 179/179 162/162
f 164/164 181/181 163/163
f 181/181 180/180 163/163
f 182/182 164/164 168/168
f 181/181 164/164 182/182
f 181/181 182/182 183/183
f 181/181 183/183 184/184
f 169/169 185/185 170/170
f 185/185 186/186 170/170
f 171/171 187/187 169/169
f 187/187 185/185 169/169
f 172/172 188/188 171/171
f 188/188 187/187 171/171
f 172/172 175/175 189/189
f 172/172 189/189 190/190
f 188/188 172/172 190/190
f 188/188 190/190 191/191
f 177/177 192/192 193/193
f 177/177 193/193 178/178
f 192/192 194/194 195/195
f 192/192 195/195 193/193
f 179/179 196/196 177/177
f 196/196 192/192 177/177
f 180/180 197/197 179/179
f 197/197 196/196 179/179
f 181/181 198/198 180/180
f 198/198 197/197 180/180
f 199/199 181/181 184/184
f 198/198 181/181 199/199
f 198/198 199/199 200/200
f 198/198 200/200 201/201
f 185/185 202/202 186/186
f 202/202 203/203 186/186
f 187/187 204/204 185/185
f 204/204 202/202 185/185
f 188/188 205/205 187/187
f 205/205 204/204 187/187
f 206/206 188/188 191/191
f 205/205 188/188 206/206
f 205/205 206/206 207/207
f 192/192 208/208 209/209
f 192/192 209/209 194/194
f 209/209 208/208 210/210
f 196/196 211/211 192/192
f 211/211 208/208 192/192
f 197/197 212/212 196/196
f 212/212 211/211 196/196
f 198/198 213/213 197/197
f 213/213 212/212 197/197
f 214/214 198/198 201/201
f 213/213 198/198 214/214
f 213/213 214/214 215/215
f 213/213 215/215 216/216
f 202/202 217/217 203/203
f 217/217 218/218 203/203
f 204/204 219/219 202/202
f 219/219 217/217 202/202
f 205/205 220/220 204/204
f 220/220 219/219 204/204
f 221/221 205/205 207/207
f 221/221 207/207 222/222
f 221/221 222/222 223/223
f 221/221 220/220 205/205
f 224/224 221/221 223/223
f 208/208 225/225 226/226
f 208/208 226/226 210/210
f 225/225 227/227 228/228
f 225/225 228/228 226/226
f 211/211 229/229 208/208
f 229/229 225/225 208/208
f 212/212 230/230 211/211
f 230/230 229/229 211/211
f 213/213 231/231 212/212
f 231/231 230/230 212/212
f 213/213 216/216 232/232
f 213/213 232/232 233/233
f 231/231 213/213 233/233
f 231/231 233/233 234/234
f 217/217 235/235 218/218
f 235/235 236/236 218/218
f 219/219 237/237 217/217
f 237/237 235/235 217/217
f 220/220 238/238 219/219
f 238/238 237/237 219/219
f 221/221 239/239 220/220
f 239/239 238/238 220/220
f 240/240 221/221 224/224
f 239/239 221/221 240/240
f 239/239 240/240 241/241
f 239/239 241/241 242/242
f 225/225 243/243 244/244
f 225/225 244/244 245/245
f 225/225 245/245 227/227
f 244/244 243/243 246/246
f 229/229 247/247 225/225
f 247/247 243/243 225/225
f 230/230 248/248 229/229
f 248/248 247/247 229/229
f 231/231 249/249 230/230
f 249/249 248/248 230/230
f 250/250 231/231 234/234
f 250/250 234/234 251/251
f 250/250 249/249 231/231
f 252/252 250/250 251/251
f 235/235 253/253 236/236
f 236/236 253/253 254/254
f 236/236 254/254 255/255
f 236/236 255/255 256/256
f 237/237 257/257 235/235
f 257/257 253/253 235/235
f 238/238 258/258 237/237
f 258/258 257/257 237/237
f 239/239 259/259 238/238
f 259/259 258/258 238/238
f 239/239 242/242 260/260
f 239/239 260/260 261/261
f 259/259 239/239 261/261
f 259/259 261/261 262/262
f 243/243 263/263 264/264
f 243/243 264/264 246/246
f 247/247 265/265 243/243
f 243/243 265/265 266/266
f 243/243 266/266 263/263
f 248/248 267/267 247/247
f 267/267 265/265 247/247
f 249/249 268/268 248/248
f 268/268 267/267 248/248
f 250/250 269/269 249/249
f 269/269 268/268 249/249
f 270/270 250/250 252/252
f 269/269 250/250 270/270
f 269/269 270/270 271/271
f 269/269 271/271 272/272
f 253/253 273/273 274/274
f 253/253 274/274 275/275
f 253/253 275/275 254/254
f 274/274 273/273 276/276
f 257/257 277/277 253/253
f 277/277 273/273 253/253
f 258/258 278/278 257/257
f 278/278 277/277 257/257
f 259/259 279/279 258/258
f 279/279 278/278 258/258
f 280/280 259/259 262/262
f 279/279 259/259 280/280
f 279/279 280/280 281/281
f 265/265 282/282 283/283
f 265/265 283/283 266/266
f 283/283 282/282 284/284
f 267/267 285/285 265/265
f 285/285 282/282 265/265
f 268/268 286/286 267/267
f 286/286 285/285 267/267
f 269/269 287/287 268/268
f 287/287 286/286 268/268
f 288/288 269/269 272/272
f 287/287 269/269 288/288
f 287/287 288/288 289/289
f 287/287 289/289 290/290
f 273/273 291/291 292/292
f 273/273 292/292 293/293
f 273/273 293/293 276/276
f 292/292 291/291 294/294
f 277/277 295/295 273/273
f 295/295 291/291 273/273
f 278/278 296/296 277/277
f 296/296 295/295 277/277
f 279/279 297/297 278/278
f 297/297 296/296 278/278
f 279/279 281/281 298/298
f 279/279 298/298 299/299
f 297/297 279/279 299/299
f 297/297 299/299 300/300
f 282/282 301/301 302/302
f 282/282 302/302 284/284
f 301/301 303/303 304/304
f 301/301 304/304 302/302
f 285/285 305/305 282/282
f 305/305 301/301 282/282
f 286/286 306/306 285/285
f 306/306 305/305 285/285
f 287/287 307/307 286/286
f 307/307 306/306 286/286
f 287/287 290/290 308/308
f 287/287 308/308 309/309
f 307/307 287/287 309/309
f 307/307 309/309 310/310
f 291/291 311/311 312/312
f 291/291 312/312 313/313
f 291/291 313/313 294/294
f 312/312 311/311 314/314
f 295/295 315/315 291/291
f 315/315 311/311 291/291
f 296/296 316/316 295/295
f 316/316 315/315 295/295
f 297/297 317/317 296/296
f 317/317 316/316 296/296
f 318/318 297/297 300/300
f 318/318 300/300 319/319
f 318/318 319/319 320/320
f 318/318 317/317 297/297
f 321/321 318/318 320/320
f 301/301 322/322 323/323
f 301/301 323/323 324/324
f 301/301 324/324 303/303
f 323/323 322/322 325/325
f 305/305 326/326 301/301
f 326/326 322/322 301/301
f 306/306 327/327 305/305
f 327/327 326/326 305/305
f 307/307 328/328 306/306
f 328/328 327/327 306/306
f 329/329 307/307 310/310
f 329/329 310/310 330/330
f 329/329 330/330 331/331
f 329/329 328/328 307/307
f 332/332 329/329 331/331
f 314/314 311/311 333/333
f 315/315 334/334 311/311
f 311/311 334/334 335/335
f 311/311 335/335 336/336
f 311/311 336/336 333/333
f 316/316 337/337 315/315
f 337/337 334/334 315/315
f 317/317 338/338 316/316
f 338/338 337/337 316/316
f 318/318 339/339 317/317
f 339/339 338/338 317/317
f 340/340 318/318 321/321
f 339/339 318/318 340/340
f 339/339 340/340 341/341
f 339/339 341/341 342/342
f 322/322 343/343 344/344
f 322/322 344/344 345/345
f 322/322 345/345 346/346
f 322/322 346/346 325/325
f 344/344 343/343 347/347
f 326/326 348/348 322/322
f 348/348 343/343 322/322
f 327/327 349/349 326/326
f 349/349 348/348 326/326
f 328/328 350/350 327/327
f 350/350 349/349 327/327
f 329/329 351/351 328/328
f 351/351 350/350 328/328
f 352/352 329/329 332/332
f 351/351 329/329 352/352
f 351/351 352/352 353/353
f 351/351 353/353 354/354
f 334/334 355/355 356/356
f 334/334 356/356 335/335
f 355/355 357/357 358/358
f 355/355 358/358 356/356
f 337/337 359/359 334/334
f 359/359 355/355 334/334
f 338/338 360/360 337/337
f 360/360 359/359 337/337
f 339/339 361/361 338/338
f 361/361 360/360 338/338
f 362/362 339/339 342/342
f 361/361 339/339 362/362
f 361/361 362/362 363/363
f 343/343 364/364 365/365
f 343/343 365/365 347/347
f 348/348 366/366 343/343
f 343/343 366/366 367/367
f 343/343 367/367 364/364
f 349/349 368/368 348/348
f 368/368 366/366 348/348
f 350/350 369/369 349/349
f 369/369 368/368 349/349
f 351/351 370/370 350/350
f 370/370 369/369 350/350
f 371/371 351/351 354/354
f 370/370 351/351 371/371
f 370/370 371/371 372/372
f 355/355 373/373 374/374
f 355/355 374/374 357/357
f 374/374 373/373 375/375
f 359/359 376/376 355/355
f 376/376 373/373 355/355
f 360/360 377/377 359/359
f 377/377 376/376 359/359
f 361/361 378/378 360/360
f 378/378 377/377 360/360
f 361/361 363/363 379/379
f 361/361 379/379 380/380
f 378/378 361/361 380/380
f 378/378 380/380 381/381
f 366/366 382/382 383/383
f 366/366 383/383 367/367
f 382/382 384/384 385/385
f 382/382 385/385 383/383
f 368/368 386/386 366/366
f 386/386 382/382 366/366
f 369/369 387/387 368/368
f 387/387 386/386 368/368
f 370/370 388/388 369/369
f 388/388 387/387 369/369
f 370/370 372/372 389/389
f 370/370 389/389 390/390
f 388/388 370/370 390/390
f 388/388 390/390 391/391
f 373/373 392/392 393/393
f 373/373 393/393 375/375
f 392/392 394/394 395/395
f 392/392 395/395 393/393
f 376/376 396/396 373/373
f 396/396 392/392 373/373
f 377/377 397/397 376/376
f 397/397 396/396 376/376
f 378/378 398/398 377/377
f 398/398 397/397 377/377
f 399/399 378/378 381/381
f 398/398 378/378 399/399
f 398/398 399/399 400/400
f 382/382 401/401 402/402
f 382/382 402/402 403/403
f 382/382 403/403 384/384
f 402/402 401/401 404/404
f 386/386 405/405 382/382
f 405/405 401/401 382/382
f 387/387 406/406 386/386
f 406/406 405/405 386/386
f 388/388 407/407 387/387
f 407/407 406/406 387/387
f 388/388 391/391 408/408
f 388/388 408/408 409/409
f 407/407 388/388 409/409
f 407/407 409/409 410/410
f 392/392 411/411 412/412
f 392/392 412/412 394/394
f 411/411 413/413 414/414
f 411/411 414/414 412/412
f 396/396 415/415 392/392
f 415/415 411/411 392/392
f 397/397 416/416 396/396
f 416/416 415/415 396/396
f 398/398 417/417 397/397
f 417/417 416/416 397/397
f 418/418 398/398 400/400
f 418/418 400/400 419/419
f 418/418 419/419 420/420
f 418/418 417/417 398/398
f 418/418 420/420 421/421
f 418/418 421/421 422/422
f 401/401 423/423 424/424
f 401/401 424/424 425/425
f 401/401 425/425 404/404
f 424/424 423/423 426/426
f 405/405 427/427 401/401
f 427/427 423/423 401/401
f 406/406 428/428 405/405
f 428/428 427/427 405/405
f 407/407 429/429 406/406
f 429/429 428/428 406/406
f 430/430 407/407 410/410
f 430/430 410/410 431/431
f 430/430 431/431 432/432
f 430/430 429/429 407/407
f 433/433 430/430 432/432
f 411/411 434/434 435/435
f 411/411 435/435 413/413
f 415/415 436/436 411/411
f 411/411 436/436 437/437
f 411/411 437/437 434/434
f 416/416 438/438 415/415
f 438/438 436/436 415/415
f 417/417 439/439 416/416
f 439/439 438/438 416/416
f 418/418 440/440 417/417
f 440/440 439/439 417/417
f 441/441 418/418 422/422
f 440/440 418/418 441/441
f 440/440 441/441 442/442
f 440/440 442/442 443/443
f 423/423 444/444 445/445
f 423/423 445/445 426/426
f 427/427 446/446 423/423
f 423/423 446/446 447/447
f 423/423 447/447 448/448
f 423/423 448/448 444/444
f 428/428 449/449 427/427
f 449/449 446/446 427/427
f 429/429 450/450 428/428
f 450/450 449/449 428/428
f 430/430 451/451 429/429
f 451/451 450/450 429/429
f 430/430 433/433 452/452
f 430/430 452/452 453/453
f 451/451 430/430 453/453
f 451/451 453/453 454/454
f 451/451 454/454 455/455
f 436/436 456/456 457/457
f 436/436 457/457 437/437
f 456/456 458/458 459/459
f 456/456 459/459 457/457
f 438/438 460/460 436/436
f 460/460 456/456 436/436
f 439/439 461/461 438/438
f 461/461 460/460 438/438
f 440/440 462/462 439/439
f 462/462 461/461 439/439
f 463/463 440/440 443/443
f 462/462 440/440 463/463
f 462/462 463/463 464/464
f 462/462 464/464 465/465
f 446/446 466/466 467/467
f 446/446 467/467 447/447
f 466/466 468/468 469/469
f 466/466 469/469 467/467
f 449/449 470/470 446/446
f 470/470 466/466 446/446
f 450/450 471/471 449/449
f 471/471 470/470 449/449
f 451/451 472/472 450/450
f 472/472 471/471 450/450
f 473/473 451/451 455/455
f 472/472 451/451 473/473
f 472/472 473/473 474/474
f 472/472 474/474 475/475
f 456/456 476/476 477/477
f 456/456 477/477 458/458
f 477/477 476/476 478/478
f 460/460 479/479 456/456
f 479/479 476/476 456/456
f 461/461 480/480 460/460
f 480/480 479/479 460/460
f 462/462 481/481 461/461
f 481/481 480/480 461/461
f 482/482 462/462 465/465
f 481/481 462/462 482/482
f 481/481 482/482 483/483
f 481/481 483/483 484/484
f 466/466 485/485 486/486
f 466/466 486/486 468/468
f 486/486 485/485 487/487
f 470/470 488/488 466/466
f 488/488 485/485 466/466
f 471/471 489/489 470/470
f 489/489 488/488 470/470
f 472/472 490/490 471/471
f 490/490 489/489 471/471
f 491/491 472/472 475/475
f 490/490 472/472 491/491
f 490/490 491/491 492/492
f 490/490 492/492 493/493
f 476/476 494/494 495/495
f 476/476 495/495 478/478
f 495/495 494/494 496/496
f 479/479 497/497 476/476
f 497/497 494/494 476/476
f 480/480 498/498 479/479
f 498/498 497/497 479/479
f 481/481 499/499 480/480
f 499/499 498/498 480/480
f 500/500 481/481 484/484
f 499/499 481/481 500/500
f 499/499 500/500 501/501
f 485/485 502/502 503/503
f 485/485 503/503 487/487
f 502/502 504/504 505/505
f 502/502 505/505 503/503
f 488/488 506/506 485/485
f 506/506 502/502 485/485
f 489/489 507/507 488/488
f 507/507 506/506 488/488
f 490/490 508/508 489/489
f 508/508 507/507 489/489
f 509/509 490/490 493/493
f 509/509 493/493 510/510
f 509/509 510/510 511/511
f 509/509 508/508 490/490
f 512/512 509/509 511/511
f 494/494 513/513 514/514
f 494/494 514/514 515/515
f 494/494 515/515 496/496
f 514/514 513/513 516/516
f 497/497 517/517 494/494
f 517/517 513/513 494/494
f 498/498 518/518 497/497
f 518/518 517/517 497/497
f 499/499 519/519 498/498
f 519/519 518/518 498/498
f 520/520 499/499 501/501
f 520/520 501/501 521/521
f 520/520 519/519 499/499
f 522/522 520/520 521/521
f 502/502 523/523 524/524
f 502/502 524/524 525/525
f 502/502 525/525 504/504
f 524/524 523/523 526/526
f 506/506 527/527 502/502
f 527/527 523/523 502/502
f 507/507 528/528 506/506
f 528/528 527/527 506/506
f 508/508 529/529 507/507
f 529/529 528/528 507/507
f 509/509 530/530 508/508
f 530/530 529/529 508/508
f 531/531 509/509 512/512
f 530/530 509/509 531/531
f 530/530 531/531 532/532
f 530/530 532/532 533/533
f 513/513 534/534 535/535
f 513/513 535/535 516/516
f 517/517 536/536 513/513
f 513/513 536/536 537/537
f 513/513 537/537 534/534
f 518/518 538/538 517/517
f 538/538 536/536 517/517
f 519/519 539/539 518/518
f 539/539 538/538 518/518
f 520/520 540/540 519/519
f 540/540 539/539 519/519
f 541/541 520/520 522/522
f 540/540 520/520 541/541
f 540/540 541/541 542/542
f 540/540 542/542 543/543
f 526/526 523/523 544/544
f 527/527 545/545 523/523
f 523/523 545/545 546/546
f 523/523 546/546 547/547
f 523/523 547/547 544/544
f 528/528 548/548 527/527
f 548/548 545/545 527/527
f 529/529 549/549 528/528
f 549/549 548/548 528/528
f 530/530 550/550 529/529
f 550/550 549/549 529/529
f 551/551 530/530 533/533
f 550/550 530/530 551/551
f 550/550 551/551 552/552
f 550/550 552/552 553/553
f 536/536 554/554 555/555
f 536/536 555/555 537/537
f 555/555 554/554 556/556
f 538/538 557/557 536/536
f 557/557 554/554 536/536
f 539/539 558/558 538/538
f 558/558 557/557 538/538
f 540/540 559/559 539/539
f 559/559 558/558 539/539
f 560/560 540/540 543/543
f 559/559 540/540 560/560
f 559/559 560/560 561/561
f 559/559 561/561 562/562
f 545/545 563/563 564/564
f 545/545 564/564 546/546
f 563/563 565/565 566/566
f 563/563 566/566 564/564
f 548/548 567/567 545/545
f 567/567 563/563 545/545
f 549/549 568/568 548/548
f 568/568 567/567 548/548
f 550/550 569/569 549/549
f 569/569 568/568 549/549
f 550/550 553/553 570/570
f 550/550 570/570 571/571
f 569/569 550/550 571/571
f 569/569 571/571 572/572
f 554/554 573/573 574/574
f 554/554 574/574 556/556
f 573/573 575/575 576/576
f 573/573 576/576 574/574
f 557/557 577/577 554/554
f 577/577 573/573 554/554
f 558/558 578/578 557/557
f 578/578 577/577 557/557
f 559/559 579/579 558/558
f 579/579 578/578 558/558
f 580/580 559/559 562/562
f 579/579 559/559 580/580
f 579/579 580/580 581/581
f 579/579 581/581 582/582
f 563/563 583/583 584/584
f 563/563 584/584 585/585
f 563/563 585/585 565/565
f 584/584 583/583 586/586
f 567/567 587/587 563/563
f 587/587 583/583 563/563
f 568/568 588/588 567/567
f 588/588 587/587 567/567
f 569/569 589/589 568/568
f 589/589 588/588 568/568
f 590/590 569/569 572/572
f 589/589 569/569 590/590
f 589/589 590/590 591/591
f 573/573 592/592 593/593
f 573/573 593/593 575/575
f 593/593 592/592 594/594
f 577/577 595/595 573/573
f 595/595 592/592 573/573
f 578/578 596/596 577/577
f 596/596 595/595 577/577
f 579/579 597/597 578/578
f 597/597 596/596 578/578
f 598/598 579/579 582/582
f 597/597 579/579 598/598
f 597/597 598/598 599/599
f 583/583 600/600 601/601
f 583/583 601/601 602/602
f 583/583 602/602 586/586
f 601/601 600/600 603/603
f 587/587 604/604 583/583
f 604/604 600/600 583/583
f 588/588 605/605 587/587
f 605/605 604/604 587/587
f 589/589 606/606 588/588
f 606/606 605/605 588/588
f 607/607 589/589 591/591
f 607/607 591/591 608/608
f 607/607 606/606 589/589
f 607/607 608/608 609/609
f 607/607 609/609 610/610
f 592/592 611/611 612/612
f 592/592 612/612 613/613
f 592/592 613/613 594/594
f 612/612 611/611 614/614
f 595/595 615/615 592/592
f 615/615 611/611 592/592
f 596/596 616/616 595/595
f 616/616 615/615 595/595
f 597/597 617/617 596/596
f 617/617 616/616 596/596
f 618/618 597/597 599/599
f 618/618 599/599 619/619
f 618/618 617/617 597/597
f 620/620 618/618 619/619
f 603/603 600/600 621/621
f 604/604 622/622 600/600
f 600/600 622/622 623/623
f 600/600 623/623 621/621
f 604/604 605/605 624/624
f 604/604 624/624 625/625
f 622/622 604/604 625/625
f 622/622 625/625 626/626
f 622/622 626/626 627/627
f 605/605 606/606 628/628
f 605/605 628/628 629/629
f 605/605 629/629 630/630
f 605/605 630/630 624/624
f 606/606 607/607 631/631
f 606/606 631/631 632/632
f 628/628 606/606 632/632
f 633/633 607/607 610/610
f 631/631 607/607 633/633
f 633/633 634/634 635/635
f 633/633 635/635 631/631
f 611/611 636/636 637/637
f 611/611 637/637 614/614
f 615/615 638/638 611/611
f 611/611 638/638 639/639
f 611/611 639/639 636/636
f 616/616 640/640 615/615
f 640/640 638/638 615/615
f 617/617 641/641 616/616
f 641/641 640/640 616/616
f 618/618 642/642 617/617
f 642/642 641/641 617/617
f 643/643 618/618 620/620
f 642/642 618/618 643/643
f 642/642 643/643 644/644
f 642/642 644/644 645/645
f 623/623 622/622 646/646
f 623/623 646/646 647/647
f 623/623 647/647 648/648
f 623/623 648/648 649/649
f 650/650 649/649 648/648
f 650/650 648/648 651/651
f 650/650 651/651 652/652
f 653/653 622/622 627/627
f 646/646 622/622 653/653
f 638/638 654/654 655/655
f 638/638 655/655 639/639
f 655/655 654/654 656/656
f 640/640 657/657 638/638
f 657/657 654/654 638/638
f 641/641 658/658 640/640
f 658/658 657/657 640/640
f 642/642 659/659 641/641
f 659/659 658/658 641/641
f 660/660 642/642 645/645
f 659/659 642/642 660/660
f 659/659 660/660 661/661
f 659/659 661/661 662/662
f 663/663 652/652 651/651
f 663/663 651/651 664/664
f 663/663 664/664 665/665
f 663/663 665/665 666/666
f 667/667 666/666 665/665
f 667/667 665/665 668/668
f 654/654 669/669 670/670
f 654/654 670/670 656/656
f 670/670 669/669 671/671
f 657/657 672/672 654/654
f 672/672 669/669 654/654
f 658/658 673/673 657/657
f 673/673 672/672 657/657
f 659/659 674/674 658/658
f 674/674 673/673 658/658
f 659/659 662/662 675/675
f 659/659 675/675 676/676
f 674/674 659/659 676/676
f 674/674 676/676 677/677
f 667/667 668/668 678/678
f 678/678 679/679 680/680
f 678/678 680/680 681/681
f 678/678 681/681 667/667
f 682/682 680/680 679/679
f 682/682 679/679 683/683
f 682/682 683/683 684/684
f 669/669 685/685 686/686
f 669/669 686/686 687/687
f 669/669 687/687 671/671
f 686/686 685/685 688/688
f 672/672 689/689 669/669
f 689/689 685/685 669/669
f 673/673 690/690 672/672
f 690/690 689/689 672/672
f 674/674 691/691 673/673
f 691/691 690/690 673/673
f 692/692 674/674 677/677
f 691/691 674/674 692/692
f 691/691 692/692 693/693
f 694/694 682/682 684/684
f 694/694 684/684 695/695
f 694/694 695/695 696/696
f 694/694 696/696 697/697
f 697/697 696/696 698/698
f 699/699 700/700 701/701
f 696/696 695/695 702/702
f 696/696 702/702 701/701
f 696/696 701/701 700/700
f 703/703 704/704 705/705
f 700/700 699/699 706/706
f 700/700 706/706 705/705
f 700/700 705/705 704/704
f 707/707 708/708 709/709
f 707/707 709/709 710/710
f 707/707 704/704 703/703
f 707/707 703/703 711/711
f 707/707 711/711 708/708
f 712/712 713/713 714/714
f 713/713 707/707 710/710
f 713/713 710/710 714/714
f 715/715 713/713 712/712
f 715/715 712/712 716/716
f 685/685 717/717 718/718
f 685/685 718/718 719/719
f 685/685 719/719 688/688
f 718/718 717/717 720/720
f 689/689 721/721 685/685
f 721/721 717/717 685/685
f 690/690 722/722 689/689
f 722/722 721/721 689/689
f 691/691 723/723 690/690
f 723/723 722/722 690/690
f 724/724 691/691 693/693
f 724/724 693/693 725/725
f 724/724 723/723 691/691
f 724/724 725/725 726/726
f 724/724 726/726 727/727
f 728/728 729/729 730/730
f 730/730 729/729 731/731
f 698/698 696/696 732/732
f 733/733 734/734 735/735
f 734/734 729/729 728/728
f 734/734 728/728 736/736
f 734/734 736/736 735/735
f 700/700 737/737 696/696
f 737/737 734/734 733/733
f 737/737 733/733 738/738
f 737/737 738/738 739/739
f 737/737 739/739 732/732
f 737/737 732/732 696/696
f 704/704 740/740 700/700
f 740/740 737/737 700/700
f 707/707 741/741 704/704
f 741/741 740/740 704/704
f 713/713 742/742 707/707
f 742/742 741/741 707/707
f 743/743 713/713 715/715
f 742/742 713/713 743/743
f 742/742 743/743 744/744
f 720/720 717/717 745/745
f 721/721 746/746 717/717
f 717/717 746/746 747/747
f 717/717 747/747 745/745
f 722/722 748/748 721/721
f 748/748 746/746 721/721
f 723/723 749/749 722/722
f 749/749 748/748 722/722
f 724/724 750/750 723/723
f 750/750 749/749 723/723
f 751/751 724/724 727/727
f 750/750 724/724 751/751
f 750/750 751/751 752/752
f 750/750 752/752 753/753
f 754/754 755/755 756/756
f 756/756 755/755 757/757
f 758/758 759/759 760/760
f 759/759 755/755 754/754
f 759/759 754/754 760/760
f 761/761 762/762 763/763
f 761/761 763/763 764/764
f 761/761 759/759 758/758
f 761/761 758/758 762/762
f 765/765 766/766 767/767
f 765/765 767/767 768/768
f 765/765 761/761 764/764
f 765/765 764/764 766/766
f 769/769 770/770 771/771
f 770/770 765/765 768/768
f 770/770 768/768 771/771
f 729/729 772/772 773/773
f 729/729 773/773 774/774
f 729/729 774/774 731/731
f 772/772 770/770 769/769
f 772/772 769/769 773/773
f 734/734 775/775 729/729
f 775/775 772/772 729/729
f 737/737 776/776 734/734
f 776/776 775/775 734/734
f 740/740 777/777 737/737
f 777/777 776/776 737/737
f 741/741 778/778 740/740
f 778/778 777/777 740/740
f 742/742 779/779 741/741
f 779/779 778/778 741/741
f 742/742 744/744 780/780
f 742/742 780/780 781/781
f 779/779 742/742 781/781
f 779/779 781/781 782/782
f 779/779 782/782 783/783
f 746/746 784/784 785/785
f 746/746 785/785 747/747
f 785/785 784/784 786/786
f 748/748 787/787 746/746
f 787/787 784/784 746/746
f 749/749 788/788 748/748
f 788/788 787/787 748/748
f 750/750 789/789 749/749
f 789/789 788/788 749/749
f 750/750 753/753 790/790
f 750/750 790/790 791/791
f 789/789 750/750 791/791
f 789/789 791/791 792/792
f 793/793 794/794 795/795
f 795/795 794/794 796/796
f 797/797 798/798 799/799
f 797/797 799/799 800/800
f 797/797 794/794 793/793
f 797/797 793/793 801/801
f 797/797 801/801 798/798
f 802/802 803/803 804/804
f 802/802 804/804 805/805
f 802/802 805/805 806/806
f 803/803 797/797 800/800
f 803/803 800/800 804/804
f 807/807 808/808 809/809
f 808/808 803/803 802/802
f 808/808 802/802 809/809
f 810/810 811/811 812/812
f 810/810 812/812 813/813
f 810/810 808/808 807/807
f 810/810 807/807 811/811
f 814/814 815/815 816/816
f 814/814 816/816 817/817
f 814/814 810/810 813/813
f 814/814 813/813 815/815
f 755/755 818/818 819/819
f 755/755 819/819 757/757
f 818/818 814/814 817/817
f 818/818 817/817 819/819
f 759/759 820/820 755/755
f 820/820 818/818 755/755
f 761/761 821/821 759/759
f 821/821 820/820 759/759
f 765/765 822/822 761/761
f 822/822 821/821 761/761
f 770/770 823/823 765/765
f 823/823 822/822 765/765
f 772/772 824/824 770/770
f 824/824 823/823 770/770
f 775/775 825/825 772/772
f 825/825 824/824 772/772
f 776/776 826/826 775/775
f 826/826 825/825 775/775
f 777/777 827/827 776/776
f 827/827 826/826 776/776
f 778/778 828/828 777/777
f 828/828 827/827 777/777
f 779/779 829/829 778/778
f 829/829 828/828 778/778
f 830/830 779/779 783/783
f 830/830 783/783 831/831
f 831/831 832/832 833/833
f 831/831 834/834 830/830
f 829/829 779/779 830/830
f 829/829 830/830 835/835
f 829/829 835/835 836/836
f 784/784 837/837 838/838
f 784/784 838/838 839/839
f 784/784 839/839 786/786
f 838/838 837/837 840/840
f 787/787 841/841 784/784
f 841/841 837/837 784/784
f 788/788 842/842 787/787
f 842/842 841/841 787/787
f 789/789 843/843 788/788
f 843/843 842/842 788/788
f 844/844 789/789 792/792
f 843/843 789/789 844/844
f 843/843 844/844 845/845
f 846/846 847/847 848/848
f 848/848 847/847 849/849
f 850/850 851/851 852/852
f 851/851 847/847 846/846
f 851/851 846/846 853/853
f 851/851 853/853 852/852
f 854/854 855/855 856/856
f 855/855 851/851 850/850
f 855/855 850/850 857/857
f 855/855 857/857 856/856
f 858/858 859/859 860/860
f 859/859 855/855 854/854
f 859/859 854/854 861/861
f 859/859 861/861 860/860
f 794/794 862/862 863/863
f 794/794 863/863 796/796
f 862/862 859/859 858/858
f 862/862 858/858 864/864
f 862/862 864/864 863/863
f 797/797 865/865 794/794
f 865/865 862/862 794/794
f 803/803 866/866 797/797
f 866/866 865/865 797/797
f 808/808 867/867 803/803
f 867/867 866/866 803/803
f 810/810 868/868 808/808
f 868/868 867/867 808/808
f 814/814 869/869 810/810
f 869/869 868/868 810/810
f 818/818 870/870 814/814
f 870/870 869/869 814/814
f 820/820 871/871 818/818
f 871/871 870/870 818/818
f 821/821 872/872 820/820
f 872/872 871/871 820/820
f 822/822 873/873 821/821
f 873/873 872/872 821/821
f 823/823 874/874 822/822
f 874/874 873/873 822/822
f 824/824 875/875 823/823
f 875/875 874/874 823/823
f 825/825 876/876 824/824
f 876/876 875/875 824/824
f 826/826 877/877 825/825
f 877/877 876/876 825/825
f 827/827 878/878 826/826
f 878/878 877/877 826/826
f 828/828 879/879 827/827
f 879/879 878/878 827/827
f 829/829 880/880 828/828
f 880/880 879/879 828/828
f 881/881 829/829 836/836
f 881/881 836/836 882/882
f 881/881 880/880 829/829
f 883/883 881/881 882/882
f 837/837 884/884 885/885
f 837/837 885/885 886/886
f 837/837 886/886 840/840
f 885/885 884/884 887/887
f 841/841 888/888 837/837
f 888/888 884/884 837/837
f 842/842 889/889 841/841
f 889/889 888/888 841/841
f 843/843 890/890 842/842
f 890/890 889/889 842/842
f 891/891 843/843 845/845
f 891/891 845/845 892/892
f 891/891 892/892 893/893
f 891/891 893/893 894/894
f 891/891 894/894 895/895
f 891/891 890/890 843/843
f 896/896 897/897 898/898
f 896/896 898/898 899/899
f 897/897 891/891 895/895
f 897/897 895/895 898/898
f 897/897 896/896 900/900
f 897/897 900/900 901/901
f 902/902 903/903 904/904
f 904/904 903/903 905/905
f 906/906 907/907 908/908
f 907/907 903/903 902/902
f 907/907 902/902 909/909
f 907/907 909/909 908/908
f 910/910 911/911 912/912
f 911/911 907/907 906/906
f 911/911 906/906 913/913
f 911/911 913/913 912/912
f 914/914 915/915 916/916
f 915/915 911/911 910/910
f 915/915 910/910 917/917
f 915/915 917/917 916/916
f 918/918 919/919 920/920
f 918/918 920/920 921/921
f 918/918 915/915 914/914
f 918/918 914/914 919/919
f 847/847 922/922 923/923
f 847/847 923/923 924/924
f 847/847 924/924 849/849
f 922/922 918/918 921/921
f 922/922 921/921 923/923
f 851/851 925/925 847/847
f 925/925 922/922 847/847
f 855/855 926/926 851/851
f 926/926 925/925 851/851
f 859/859 927/927 855/855
f 927/927 926/926 855/855
f 862/862 928/928 859/859
f 928/928 927/927 859/859
f 865/865 929/929 862/862
f 929/929 928/928 862/862
f 866/866 930/930 865/865
f 930/930 929/929 865/865
f 867/867 931/931 866/866
f 931/931 930/930 866/866
f 868/868 932/932 867/867
f 932/932 931/931 867/867
f 869/869 933/933 868/868
f 933/933 932/932 868/868
f 870/870 934/934 869/869
f 934/934 933/933 869/869
f 871/871 935/935 870/870
f 935/935 934/934 870/870
f 872/872 936/936 871/871
f 936/936 935/935 871/871
f 873/873 937/937 872/872
f 937/937 936/936 872/872
f 874/874 938/938 873/873
f 938/938 937/937 873/873
f 875/875 939/939 874/874
f 939/939 938/938 874/874
f 876/876 940/940 875/875
f 940/940 939/939 875/875
f 877/877 941/941 942/942
f 877/877 942/942 943/943
f 877/877 943/943 944/944
f 877/877 944/944 876/876
f 940/940 876/876 944/944
f 940/940 944/944 945/945
f 942/942 941/941 946/946
f 878/878 947/947 877/877
f 947/947 941/941 877/877
f 878/878 879/879 948/948
f 878/878 948/948 949/949
f 878/878 949/949 950/950
f 878/878 950/950 951/951
f 878/878 951/951 947/947
f 879/879 880/880 952/952
f 879/879 952/952 953/953
f 879/879 953/953 954/954
f 879/879 954/954 955/955
f 879/879 955/955 948/948
f 880/880 881/881 956/956
f 880/880 956/956 957/957
f 880/880 957/957 958/958
f 952/952 880/880 958/958
f 959/959 881/881 883/883
f 956/956 881/881 959/959
f 956/956 959/959 960/960
f 961/961 962/962 963/963
f 961/961 963/963 964/964
f 961/961 964/964 887/887
f 961/961 887/887 884/884
f 962/962 961/961 965/965
f 962/962 965/965 966/966
f 888/888 967/967 884/884
f 967/967 961/961 884/884
f 889/889 968/968 888/888
f 968/968 967/967 888/888
f 890/890 969/969 889/889
f 969/969 968/968 889/889
f 891/891 970/970 890/890
f 970/970 969/969 890/890
f 897/897 971/971 891/891
f 971/971 970/970 891/891
f 972/972 897/897 901/901
f 972/972 901/901 973/973
f 972/972 971/971 897/897
f 974/974 975/975 976/976
f 974/974 976/976 977/977
f 974/974 977/977 978/978
f 975/975 972/972 973/973
f 975/975 973/973 976/976
f 979/979 975/975 974/974
f 980/980 981/981 982/982
f 982/982 981/981 983/983
f 984/984 985/985 986/986
f 985/985 981/981 980/980
f 985/985 980/980 987/987
f 985/985 987/987 986/986
f 988/988 989/989 990/990
f 989/989 985/985 984/984
f 989/989 984/984 990/990
f 991/991 992/992 993/993
f 991/991 993/993 994/994
f 991/991 989/989 988/988
f 991/991 988/988 992/992
f 903/903 995/995 996/996
f 903/903 996/996 997/997
f 903/903 997/997 905/905
f 995/995 991/991 994/994
f 995/995 994/994 996/996
f 907/907 998/998 903/903
f 998/998 995/995 903/903
f 911/911 999/999 907/907
f 999/999 998/998 907/907
f 915/915 1000/1000 911/911
f 1000/1000 999/999 911/911
f 918/918 1001/1001 915/915
f 1001/1001 1000/1000 915/915
f 922/922 1002/1002 918/918
f 1002/1002 1001/1001 918/918
f 925/925 1003/1003 922/922
f 1003/1003 1002/1002 922/922
f 926/926 1004/1004 925/925
f 1004/1004 1003/1003 925/925
f 927/927 1005/1005 926/926
f 1005/1005 1004/1004 926/926
f 928/928 1006/1006 927/927
f 1006/1006 1005/1005 927/927
f 929/929 1007/1007 928/928
f 1007/1007 1006/1006 928/928
f 930/930 1008/1008 929/929
f 1008/1008 1007/1007 929/929
f 931/931 1009/1009 930/930
f 1009/1009 1008/1008 930/930
f 932/932 1010/1010 931/931
f 1010/1010 1009/1009 931/931
f 933/933 1011/1011 932/932
f 1011/1011 1010/1010 932/932
f 934/934 1012/1012 933/933
f 1012/1012 1011/1011 933/933
f 934/934 935/935 1013/1013
f 934/934 1013/1013 1014/1014
f 1012/1012 934/934 1014/1014
f 1012/1012 1014/1014 1015/1015
f 935/935 936/936 1016/1016
f 935/935 1016/1016 1017/1017
f 1013/1013 935/935 1017/1017
f 936/936 937/937 1018/1018
f 936/936 1018/1018 1019/1019
f 936/936 1019/1019 1020/1020
f 936/936 1020/1020 1016/1016
f 937/937 938/938 1021/1021
f 937/937 1021/1021 1022/1022
f 937/937 1022/1022 1023/1023
f 937/937 1023/1023 1018/1018
f 938/938 939/939 1024/1024
f 938/938 1024/1024 1025/1025
f 1021/1021 938/938 1025/1025
f 939/939 940/940 1026/1026
f 939/939 1026/1026 1027/1027
f 939/939 1027/1027 1028/1028
f 1024/1024 939/939 1028/1028
f 940/940 945/945 1029/1029
f 940/940 1029/1029 1030/1030
f 946/946 941/941 1031/1031
f 1026/1026 940/940 1030/1030
f 941/941 947/947 1032/1032
f 941/941 1032/1032 1033/1033
f 941/941 1033/1033 1034/1034
f 1031/1031 941/941 1034/1034
f 1031/1031 1034/1034 1035/1035
f 1031/1031 1035/1035 1036/1036
f 1037/1037 947/947 951/951
f 1032/1032 947/947 1037/1037
f 1038/1038 1039/1039 1040/1040
f 1040/1040 1039/1039 1041/1041
f 961/961 1042/1042 1043/1043
f 961/961 1043/1043 965/965
f 1042/1042 1039/1039 1038/1038
f 1042/1042 1038/1038 1043/1043
f 967/967 1044/1044 961/961
f 1044/1044 1042/1042 961/961
f 968/968 1045/1045 967/967
f 1045/1045 1044/1044 967/967
f 969/969 1046/1046 968/968
f 1046/1046 1045/1045 968/968
f 970/970 1047/1047 969/969
f 1047/1047 1046/1046 969/969
f 971/971 1048/1048 970/970
f 1048/1048 1047/1047 970/970
f 972/972 1049/1049 971/971
f 1049/1049 1048/1048 971/971
f 975/975 1050/1050 972/972
f 1050/1050 1049/1049 972/972
f 1051/1051 975/975 979/979
f 1051/1051 979/979 1052/1052
f 1051/1051 1050/1050 975/975
f 1053/1053 1051/1051 1052/1052
f 1053/1053 1052/1052 1054/1054
f 1053/1053 1054/1054 1055/1055
f 1056/1056 1057/1057 1058/1058
f 1058/1058 1057/1057 1059/1059
f 1060/1060 1061/1061 1062/1062
f 1061/1061 1057/1057 1056/1056
f 1061/1061 1056/1056 1063/1063
f 1061/1061 1063/1063 1062/1062
f 1064/1064 1065/1065 1066/1066
f 1065/1065 1061/1061 1060/1060
f 1065/1065 1060/1060 1066/1066
f 1067/1067 1068/1068 1069/1069
f 1067/1067 1069/1069 1070/1070
f 1067/1067 1065/1065 1064/1064
f 1067/1067 1064/1064 1068/1068
f 1071/1071 1072/1072 1073/1073
f 1071/1071 1073/1073 1074/1074
f 1071/1071 1067/1067 1070/1070
f 1071/1071 1070/1070 1072/1072
f 981/981 1075/1075 1076/1076
f 981/981 1076/1076 983/983
f 1075/1075 1071/1071 1074/1074
f 1075/1075 1074/1074 1076/1076
f 985/985 1077/1077 981/981
f 1077/1077 1075/1075 981/981
f 989/989 1078/1078 985/985
f 1078/1078 1077/1077 985/985
f 991/991 1079/1079 989/989
f 1079/1079 1078/1078 989/989
f 995/995 1080/1080 991/991
f 1080/1080 1079/1079 991/991
f 998/998 1081/1081 995/995
f 1081/1081 1080/1080 995/995
f 999/999 1082/1082 998/998
f 1082/1082 1081/1081 998/998
f 1000/1000 1083/1083 999/999
f 1083/1083 1082/1082 999/999
f 1001/1001 1084/1084 1000/1000
f 1084/1084 1083/1083 1000/1000
f 1002/1002 1085/1085 1001/1001
f 1085/1085 1084/1084 1001/1001
f 1003/1003 1086/1086 1002/1002
f 1086/1086 1085/1085 1002/1002
f 1004/1004 1087/1087 1003/1003
f 1087/1087 1086/1086 1003/1003
f 1005/1005 1088/1088 1004/1004
f 1088/1088 1087/1087 1004/1004
f 1006/1006 1089/1089 1005/1005
f 1089/1089 1088/1088 1005/1005
f 1007/1007 1090/1090 1006/1006
f 1090/1090 1089/1089 1006/1006
f 1007/1007 1008/1008 1091/1091
f 1007/1007 1091/1091 1092/1092
f 1090/1090 1007/1007 1092/1092
f 1090/1090 1092/1092 1093/1093
f 1090/1090 1093/1093 1094/1094
f 1008/1008 1009/1009 1095/1095
f 1008/1008 1095/1095 1096/1096
f 1008/1008 1096/1096 1097/1097
f 1091/1091 1008/1008 1097/1097
f 1009/1009 1010/1010 1098/1098
f 1009/1009 1098/1098 1099/1099
f 1009/1009 1099/1099 1100/1100
f 1095/1095 1009/1009 1100/1100
f 1010/1010 1011/1011 1101/1101
f 1010/1010 1101/1101 1102/1102
f 1010/1010 1102/1102 1103/1103
f 1098/1098 1010/1010 1103/1103
f 1011/1011 1012/1012 1104/1104
f 1011/1011 1104/1104 1105/1105
f 1011/1011 1105/1105 1106/1106
f 1101/1101 1011/1011 1106/1106
f 1012/1012 1015/1015 1107/1107
f 1012/1012 1107/1107 1108/1108
f 1104/1104 1012/1012 1108/1108
f 1109/1109 1036/1036 1035/1035
f 1109/1109 1035/1035 1110/1110
f 1109/1109 1110/1110 1111/1111
f 1109/1109 1111/1111 1112/1112
f 1112/1112 1111/1111 1113/1113
f 1113/1113 1114/1114 1115/1115
f 1113/1113 1115/1115 1116/1116
f 1113/1113 1116/1116 1112/1112
f 1117/1117 1118/1118 1119/1119
f 1119/1119 1118/1118 1120/1120
f 1119/1119 1120/1120 1121/1121
f 1039/1039 1122/1122 1123/1123
f 1039/1039 1123/1123 1041/1041
f 1122/1122 1118/1118 1117/1117
f 1122/1122 1117/1117 1124/1124
f 1122/1122 1124/1124 1123/1123
f 1042/1042 1125/1125 1039/1039
f 1125/1125 1122/1122 1039/1039
f 1044/1044 1126/1126 1042/1042
f 1126/1126 1125/1125 1042/1042
f 1045/1045 1127/1127 1044/1044
f 1127/1127 1126/1126 1044/1044
f 1046/1046 1128/1128 1045/1045
f 1128/1128 1127/1127 1045/1045
f 1047/1047 1129/1129 1046/1046
f 1129/1129 1128/1128 1046/1046
f 1048/1048 1130/1130 1047/1047
f 1130/1130 1129/1129 1047/1047
f 1049/1049 1131/1131 1048/1048
f 1131/1131 1130/1130 1048/1048
f 1050/1050 1132/1132 1049/1049
f 1132/1132 1131/1131 1049/1049
f 1051/1051 1133/1133 1050/1050
f 1133/1133 1132/1132 1050/1050
f 1134/1134 1051/1051 1053/1053
f 1134/1134 1053/1053 1135/1135
f 1134/1134 1135/1135 1136/1136
f 1134/1134 1133/1133 1051/1051
f 1137/1137 1138/1138 1139/1139
f 1134/1134 1136/1136 1140/1140
f 1134/1134 1140/1140 1141/1141
f 1134/1134 1141/1141 1139/1139
f 1134/1134 1139/1139 1138/1138
f 1142/1142 1143/1143 1144/1144
f 1143/1143 1138/1138 1137/1137
f 1143/1143 1137/1137 1145/1145
f 1143/1143 1145/1145 1144/1144
f 1146/1146 1147/1147 1148/1148
f 1147/1147 1143/1143 1142/1142
f 1147/1147 1142/1142 1149/1149
f 1147/1147 1149/1149 1148/1148
f 1057/1057 1150/1150 1151/1151
f 1057/1057 1151/1151 1059/1059
f 1150/1150 1147/1147 1146/1146
f 1150/1150 1146/1146 1152/1152
f 1150/1150 1152/1152 1151/1151
f 1061/1061 1153/1153 1057/1057
f 1153/1153 1150/1150 1057/1057
f 1065/1065 1154/1154 1061/1061
f 1154/1154 1153/1153 1061/1061
f 1067/1067 1155/1155 1065/1065
f 1155/1155 1154/1154 1065/1065
f 1071/1071 1156/1156 1067/1067
f 1156/1156 1155/1155 1067/1067
f 1075/1075 1157/1157 1071/1071
f 1157/1157 1156/1156 1071/1071
f 1077/1077 1158/1158 1075/1075
f 1158/1158 1157/1157 1075/1075
f 1078/1078 1159/1159 1077/1077
f 1159/1159 1158/1158 1077/1077
f 1079/1079 1160/1160 1078/1078
f 1160/1160 1159/1159 1078/1078
f 1080/1080 1161/1161 1079/1079
f 1161/1161 1160/1160 1079/1079
f 1081/1081 1162/1162 1080/1080
f 1162/1162 1161/1161 1080/1080
f 1082/1082 1163/1163 1081/1081
f 1163/1163 1162/1162 1081/1081
f 1083/1083 1164/1164 1082/1082
f 1164/1164 1163/1163 1082/1082
f 1084/1084 1165/1165 1083/1083
f 1165/1165 1164/1164 1083/1083
f 1085/1085 1166/1166 1084/1084
f 1166/1166 1165/1165 1084/1084
f 1085/1085 1086/1086 1167/1167
f 1085/1085 1167/1167 1168/1168
f 1166/1166 1085/1085 1168/1168
f 1166/1166 1168/1168 1169/1169
f 1086/1086 1087/1087 1170/1170
f 1086/1086 1170/1170 1171/1171
f 1086/1086 1171/1171 1172/1172
f 1086/1086 1172/1172 1167/1167
f 1087/1087 1088/1088 1173/1173
f 1087/1087 1173/1173 1174/1174
f 1170/1170 1087/1087 1174/1174
f 1088/1088 1089/1089 1175/1175
f 1088/1088 1175/1175 1176/1176
f 1088/1088 1176/1176 1177/1177
f 1088/1088 1177/1177 1178/1178
f 1088/1088 1178/1178 1173/1173
f 1089/1089 1090/1090 1179/1179
f 1089/1089 1179/1179 1180/1180
f 1089/1089 1180/1180 1181/1181
f 1175/1175 1089/1089 1181/1181
f 1182/1182 1090/1090 1094/1094
f 1179/1179 1090/1090 1182/1182
f 1183/1183 1115/1115 1114/1114
f 1183/1183 1114/1114 1184/1184
f 1185/1185 1183/1183 1184/1184
f 1185/1185 1184/1184 1186/1186
f 1185/1185 1186/1186 1187/1187
f 1185/1185 1187/1187 1188/1188
f 1118/1118 1189/1189 1190/1190
f 1118/1118 1190/1190 1120/1120
f 1190/1190 1189/1189 1191/1191
f 1122/1122 1192/1192 1118/1118
f 1192/1192 1189/1189 1118/1118
f 1125/1125 1193/1193 1122/1122
f 1193/1193 1192/1192 1122/1122
f 1126/1126 1194/1194 1125/1125
f 1194/1194 1193/1193 1125/1125
f 1127/1127 1195/1195 1126/1126
f 1195/1195 1194/1194 1126/1126
f 1127/1127 1128/1128 1196/1196
f 1127/1127 1196/1196 1197/1197
f 1127/1127 1197/1197 1198/1198
f 1127/1127 1198/1198 1199/1199
f 1127/1127 1199/1199 1200/1200
f 1127/1127 1200/1200 1195/1195
f 1128/1128 1129/1129 1201/1201
f 1128/1128 1201/1201 1202/1202
f 1128/1128 1202/1202 1203/1203
f 1128/1128 1203/1203 1204/1204
f 1128/1128 1204/1204 1196/1196
f 1130/1130 1205/1205 1129/1129
f 1129/1129 1205/1205 1206/1206
f 1129/1129 1206/1206 1207/1207
f 1129/1129 1207/1207 1201/1201
f 1131/1131 1208/1208 1130/1130
f 1208/1208 1205/1205 1130/1130
f 1132/1132 1209/1209 1131/1131
f 1209/1209 1208/1208 1131/1131
f 1133/1133 1210/1210 1132/1132
f 1210/1210 1209/1209 1132/1132
f 1134/1134 1211/1211 1133/1133
f 1211/1211 1210/1210 1133/1133
f 1138/1138 1212/1212 1134/1134
f 1212/1212 1211/1211 1134/1134
f 1143/1143 1213/1213 1138/1138
f 1213/1213 1212/1212 1138/1138
f 1147/1147 1214/1214 1143/1143
f 1214/1214 1213/1213 1143/1143
f 1150/1150 1215/1215 1147/1147
f 1215/1215 1214/1214 1147/1147
f 1153/1153 1216/1216 1150/1150
f 1216/1216 1215/1215 1150/1150
f 1154/1154 1217/1217 1153/1153
f 1217/1217 1216/1216 1153/1153
f 1155/1155 1218/1218 1154/1154
f 1218/1218 1217/1217 1154/1154
f 1156/1156 1219/1219 1155/1155
f 1219/1219 1218/1218 1155/1155
f 1157/1157 1220/1220 1156/1156
f 1220/1220 1219/1219 1156/1156
f 1158/1158 1221/1221 1157/1157
f 1221/1221 1220/1220 1157/1157
f 1159/1159 1222/1222 1158/1158
f 1222/1222 1221/1221 1158/1158
f 1160/1160 1223/1223 1159/1159
f 1223/1223 1222/1222 1159/1159
f 1161/1161 1224/1224 1160/1160
f 1224/1224 1223/1223 1160/1160
f 1162/1162 1225/1225 1161/1161
f 1225/1225 1224/1224 1161/1161
f 1162/1162 1163/1163 1226/1226
f 1162/1162 1226/1226 1227/1227
f 1225/1225 1162/1162 1227/1227
f 1225/1225 1227/1227 1228/1228
f 1225/1225 1228/1228 1229/1229
f 1163/1163 1164/1164 1230/1230
f 1163/1163 1230/1230 1231/1231
f 1163/1163 1231/1231 1232/1232
f 1163/1163 1232/1232 1226/1226
f 1164/1164 1165/1165 1233/1233
f 1164/1164 1233/1233 1234/1234
f 1164/1164 1234/1234 1235/1235
f 1164/1164 1235/1235 1230/1230
f 1165/1165 1166/1166 1236/1236
f 1165/1165 1236/1236 1237/1237
f 1233/1233 1165/1165 1237/1237
f 1166/1166 1169/1169 1238/1238
f 1166/1166 1238/1238 1239/1239
f 1236/1236 1166/1166 1239/1239
f 1240/1240 1188/1188 1187/1187
f 1240/1240 1187/1187 1241/1241
f 1240/1240 1241/1241 1242/1242
f 1240/1240 1242/1242 1243/1243
f 1244/1244 1245/1245 1246/1246
f 1244/1244 1246/1246 1247/1247
f 1242/1242 1241/1241 1248/1248
f 1242/1242 1248/1248 1245/1245
f 1242/1242 1245/1245 1244/1244
f 1249/1249 1250/1250 1251/1251
f 1249/1249 1251/1251 1252/1252
f 1249/1249 1244/1244 1247/1247
f 1249/1249 1247/1247 1250/1250
f 1253/1253 1254/1254 1255/1255
f 1253/1253 1255/1255 1256/1256
f 1253/1253 1249/1249 1252/1252
f 1253/1253 1252/1252 1254/1254
f 1257/1257 1258/1258 1259/1259
f 1257/1257 1259/1259 1260/1260
f 1257/1257 1260/1260 1261/1261
f 1256/1256 1259/1259 1258/1258
f 1256/1256 1258/1258 1262/1262
f 1256/1256 1262/1262 1253/1253
f 1263/1263 1264/1264 1265/1265
f 1265/1265 1264/1264 1266/1266
f 1189/1189 1267/1267 1268/1268
f 1189/1189 1268/1268 1191/1191
f 1267/1267 1264/1264 1263/1263
f 1267/1267 1263/1263 1269/1269
f 1267/1267 1269/1269 1268/1268
f 1192/1192 1270/1270 1189/1189
f 1270/1270 1267/1267 1189/1189
f 1193/1193 1271/1271 1192/1192
f 1271/1271 1270/1270 1192/1192
f 1194/1194 1272/1272 1193/1193
f 1272/1272 1271/1271 1193/1193
f 1194/1194 1195/1195 1273/1273
f 1194/1194 1273/1273 1274/1274
f 1194/1194 1274/1274 1275/1275
f 1272/1272 1194/1194 1275/1275
f 1272/1272 1275/1275 1276/1276
f 1272/1272 1276/1276 1277/1277
f 1278/1278 1195/1195 1200/1200
f 1195/1195 1278/1278 1279/1279
f 1195/1195 1279/1279 1273/1273
f 1205/1205 1280/1280 1281/1281
f 1205/1205 1281/1281 1282/1282
f 1205/1205 1282/1282 1206/1206
f 1208/1208 1283/1283 1205/1205
f 1283/1283 1284/1284 1285/1285
f 1283/1283 1285/1285 1286/1286
f 1283/1283 1286/1286 1280/1280
f 1283/1283 1280/1280 1205/1205
f 1209/1209 1287/1287 1208/1208
f 1287/1287 1283/1283 1208/1208
f 1210/1210 1288/1288 1209/1209
f 1288/1288 1287/1287 1209/1209
f 1211/1211 1289/1289 1210/1210
f 1289/1289 1288/1288 1210/1210
f 1212/1212 1290/1290 1211/1211
f 1290/1290 1289/1289 1211/1211
f 1213/1213 1291/1291 1212/1212
f 1291/1291 1290/1290 1212/1212
f 1214/1214 1292/1292 1213/1213
f 1292/1292 1291/1291 1213/1213
f 1215/1215 1293/1293 1214/1214
f 1293/1293 1292/1292 1214/1214
f 1216/1216 1294/1294 1215/1215
f 1294/1294 1293/1293 1215/1215
f 1217/1217 1295/1295 1216/1216
f 1295/1295 1294/1294 1216/1216
f 1218/1218 1296/1296 1217/1217
f 1296/1296 1295/1295 1217/1217
f 1219/1219 1297/1297 1218/1218
f 1297/1297 1296/1296 1218/1218
f 1220/1220 1298/1298 1219/1219
f 1298/1298 1297/1297 1219/1219
f 1220/1220 1221/1221 1299/1299
f 1220/1220 1299/1299 1300/1300
f 1298/1298 1220/1220 1300/1300
f 1298/1298 1300/1300 1301/1301
f 1221/1221 1222/1222 1302/1302
f 1221/1221 1302/1302 1303/1303
f 1299/1299 1221/1221 1303/1303
f 1222/1222 1223/1223 1304/1304
f 1222/1222 1304/1304 1305/1305
f 1222/1222 1305/1305 1306/1306
f 1222/1222 1306/1306 1302/1302
f 1223/1223 1224/1224 1307/1307
f 1223/1223 1307/1307 1308/1308
f 1223/1223 1308/1308 1309/1309
f 1304/1304 1223/1223 1309/1309
f 1224/1224 1225/1225 1310/1310
f 1224/1224 1310/1310 1311/1311
f 1224/1224 1311/1311 1312/1312
f 1307/1307 1224/1224 1312/1312
f 1313/1313 1225/1225 1229/1229
f 1310/1310 1225/1225 1313/1313
f 1242/1242 1314/1314 1315/1315
f 1242/1242 1315/1315 1316/1316
f 1242/1242 1316/1316 1243/1243
f 1315/1315 1314/1314 1317/1317
f 1244/1244 1318/1318 1242/1242
f 1318/1318 1314/1314 1242/1242
f 1249/1249 1319/1319 1244/1244
f 1319/1319 1318/1318 1244/1244
f 1253/1253 1320/1320 1249/1249
f 1320/1320 1319/1319 1249/1249
f 1321/1321 1253/1253 1262/1262
f 1321/1321 1262/1262 1322/1322
f 1321/1321 1320/1320 1253/1253
f 1323/1323 1321/1321 1322/1322
f 1324/1324 1325/1325 1326/1326
f 1324/1324 1326/1326 1327/1327
f 1324/1324 1328/1328 1329/1329
f 1324/1324 1329/1329 1330/1330
f 1324/1324 1330/1330 1325/1325
f 1331/1331 1332/1332 1333/1333
f 1332/1332 1324/1324 1327/1327
f 1332/1332 1327/1327 1333/1333
f 1334/1334 1335/1335 1336/1336
f 1334/1334 1336/1336 1337/1337
f 1334/1334 1337/1337 1338/1338
f 1334/1334 1338/1338 1266/1266
f 1334/1334 1266/1266 1264/1264
f 1334/1334 1332/1332 1331/1331
f 1334/1334 1331/1331 1335/1335
f 1267/1267 1339/1339 1264/1264
f 1339/1339 1334/1334 1264/1264
f 1270/1270 1340/1340 1267/1267
f 1340/1340 1339/1339 1267/1267
f 1271/1271 1341/1341 1270/1270
f 1341/1341 1340/1340 1270/1270
f 1272/1272 1342/1342 1271/1271
f 1342/1342 1341/1341 1271/1271
f 1272/1272 1277/1277 1343/1343
f 1272/1272 1343/1343 1344/1344
f 1272/1272 1344/1344 1345/1345
f 1272/1272 1345/1345 1346/1346
f 1272/1272 1346/1346 1342/1342
f 1283/1283 1347/1347 1348/1348
f 1283/1283 1348/1348 1349/1349
f 1283/1283 1349/1349 1350/1350
f 1283/1283 1350/1350 1284/1284
f 1348/1348 1347/1347 1351/1351
f 1287/1287 1352/1352 1283/1283
f 1352/1352 1347/1347 1283/1283
f 1288/1288 1353/1353 1287/1287
f 1353/1353 1352/1352 1287/1287
f 1289/1289 1354/1354 1288/1288
f 1354/1354 1353/1353 1288/1288
f 1290/1290 1355/1355 1289/1289
f 1355/1355 1354/1354 1289/1289
f 1291/1291 1356/1356 1290/1290
f 1356/1356 1355/1355 1290/1290
f 1292/1292 1357/1357 1291/1291
f 1357/1357 1356/1356 1291/1291
f 1293/1293 1358/1358 1292/1292
f 1358/1358 1357/1357 1292/1292
f 1294/1294 1359/1359 1293/1293
f 1359/1359 1358/1358 1293/1293
f 1294/1294 1295/1295 1360/1360
f 1294/1294 1360/1360 1361/1361
f 1294/1294 1361/1361 1362/1362
f 1359/1359 1294/1294 1362/1362
f 1359/1359 1362/1362 1363/1363
f 1295/1295 1296/1296 1364/1364
f 1295/1295 1364/1364 1365/1365
f 1295/1295 1365/1365 1366/1366
f 1360/1360 1295/1295 1366/1366
f 1296/1296 1297/1297 1367/1367
f 1296/1296 1367/1367 1368/1368
f 1296/1296 1368/1368 1369/1369
f 1364/1364 1296/1296 1369/1369
f 1297/1297 1298/1298 1370/1370
f 1297/1297 1370/1370 1371/1371
f 1297/1297 1371/1371 1372/1372
f 1367/1367 1297/1297 1372/1372
f 1373/1373 1298/1298 1301/1301
f 1370/1370 1298/1298 1373/1373
f 1314/1314 1374/1374 1375/1375
f 1314/1314 1375/1375 1317/1317
f 1318/1318 1376/1376 1314/1314
f 1314/1314 1376/1376 1377/1377
f 1314/1314 1377/1377 1374/1374
f 1319/1319 1378/1378 1318/1318
f 1378/1378 1376/1376 1318/1318
f 1320/1320 1379/1379 1319/1319
f 1379/1379 1378/1378 1319/1319
f 1321/1321 1380/1380 1320/1320
f 1380/1380 1379/1379 1320/1320
f 1381/1381 1321/1321 1323/1323
f 1380/1380 1321/1321 1381/1381
f 1380/1380 1381/1381 1382/1382
f 1380/1380 1382/1382 1383/1383
f 1324/1324 1384/1384 1328/1328
f 1384/1384 1385/1385 1328/1328
f 1332/1332 1386/1386 1324/1324
f 1386/1386 1384/1384 1324/1324
f 1334/1334 1387/1387 1332/1332
f 1387/1387 1386/1386 1332/1332
f 1339/1339 1388/1388 1334/1334
f 1388/1388 1387/1387 1334/1334
f 1340/1340 1389/1389 1339/1339
f 1389/1389 1388/1388 1339/1339
f 1341/1341 1390/1390 1340/1340
f 1390/1390 1389/1389 1340/1340
f 1342/1342 1391/1391 1341/1341
f 1391/1391 1390/1390 1341/1341
f 1392/1392 1342/1342 1346/1346
f 1391/1391 1342/1342 1392/1392
f 1391/1391 1392/1392 1393/1393
f 1391/1391 1393/1393 1394/1394
f 1391/1391 1394/1394 1395/1395
f 1347/1347 1396/1396 1397/1397
f 1347/1347 1397/1397 1398/1398
f 1347/1347 1398/1398 1399/1399
f 1347/1347 1399/1399 1351/1351
f 1397/1397 1396/1396 1400/1400
f 1352/1352 1401/1401 1347/1347
f 1401/1401 1396/1396 1347/1347
f 1353/1353 1402/1402 1352/1352
f 1402/1402 1401/1401 1352/1352
f 1354/1354 1403/1403 1353/1353
f 1403/1403 1402/1402 1353/1353
f 1354/1354 1355/1355 1404/1404
f 1354/1354 1404/1404 1405/1405
f 1403/1403 1354/1354 1405/1405
f 1403/1403 1405/1405 1406/1406
f 1403/1403 1406/1406 1407/1407
f 1355/1355 1356/1356 1408/1408
f 1355/1355 1408/1408 1409/1409
f 1355/1355 1409/1409 1410/1410
f 1355/1355 1410/1410 1404/1404
f 1356/1356 1357/1357 1411/1411
f 1356/1356 1411/1411 1412/1412
f 1408/1408 1356/1356 1412/1412
f 1357/1357 1358/1358 1413/1413
f 1357/1357 1413/1413 1414/1414
f 1357/1357 1414/1414 1415/1415
f 1357/1357 1415/1415 1416/1416
f 1357/1357 1416/1416 1411/1411
f 1358/1358 1359/1359 1417/1417
f 1358/1358 1417/1417 1418/1418
f 1358/1358 1418/1418 1419/1419
f 1413/1413 1358/1358 1419/1419
f 1420/1420 1359/1359 1363/1363
f 1417/1417 1359/1359 1420/1420
f 1376/1376 1421/1421 1422/1422
f 1376/1376 1422/1422 1377/1377
f 1422/1422 1421/1421 1423/1423
f 1378/1378 1424/1424 1376/1376
f 1424/1424 1421/1421 1376/1376
f 1379/1379 1425/1425 1378/1378
f 1425/1425 1424/1424 1378/1378
f 1380/1380 1426/1426 1379/1379
f 1426/1426 1425/1425 1379/1379
f 1427/1427 1380/1380 1383/1383
f 1426/1426 1380/1380 1427/1427
f 1426/1426 1427/1427 1428/1428
f 1426/1426 1428/1428 1429/1429
f 1384/1384 1430/1430 1385/1385
f 1430/1430 1431/1431 1385/1385
f 1386/1386 1432/1432 1384/1384
f 1432/1432 1430/1430 1384/1384
f 1387/1387 1433/1433 1386/1386
f 1433/1433 1432/1432 1386/1386
f 1388/1388 1434/1434 1387/1387
f 1434/1434 1433/1433 1387/1387
f 1389/1389 1435/1435 1388/1388
f 1435/1435 1434/1434 1388/1388
f 1390/1390 1436/1436 1389/1389
f 1436/1436 1435/1435 1389/1389
f 1391/1391 1437/1437 1390/1390
f 1437/1437 1436/1436 1390/1390
f 1391/1391 1395/1395 1438/1438
f 1391/1391 1438/1438 1439/1439
f 1391/1391 1439/1439 1440/1440
f 1391/1391 1440/1440 1441/1441
f 1441/1441 1437/1437 1391/1391
f 1441/1441 1440/1440 1442/1442
f 1441/1441 1442/1442 1443/1443
f 1444/1444 1445/1445 1446/1446
f 1446/1446 1445/1445 1447/1447
f 1396/1396 1448/1448 1449/1449
f 1396/1396 1449/1449 1450/1450
f 1396/1396 1450/1450 1400/1400
f 1448/1448 1445/1445 1444/1444
f 1448/1448 1444/1444 1451/1451
f 1448/1448 1451/1451 1449/1449
f 1401/1401 1452/1452 1396/1396
f 1452/1452 1448/1448 1396/1396
f 1402/1402 1453/1453 1401/1401
f 1453/1453 1452/1452 1401/1401
f 1403/1403 1454/1454 1402/1402
f 1454/1454 1453/1453 1402/1402
f 1455/1455 1403/1403 1407/1407
f 1455/1455 1407/1407 1456/1456
f 1454/1454 1403/1403 1455/1455
f 1454/1454 1455/1455 1457/1457
f 1454/1454 1457/1457 1458/1458
f 1421/1421 1459/1459 1460/1460
f 1421/1421 1460/1460 1461/1461
f 1421/1421 1461/1461 1423/1423
f 1459/1459 1462/1462 1463/1463
f 1459/1459 1463/1463 1460/1460
f 1424/1424 1464/1464 1421/1421
f 1464/1464 1459/1459 1421/1421
f 1425/1425 1465/1465 1424/1424
f 1465/1465 1464/1464 1424/1424
f 1426/1426 1466/1466 1425/1425
f 1466/1466 1465/1465 1425/1425
f 1467/1467 1426/1426 1429/1429
f 1467/1467 1429/1429 1468/1468
f 1467/1467 1468/1468 1469/1469
f 1466/1466 1426/1426 1467/1467
f 1466/1466 1467/1467 1470/1470
f 1430/1430 1471/1471 1431/1431
f 1471/1471 1472/1472 1431/1431
f 1432/1432 1473/1473 1430/1430
f 1473/1473 1471/1471 1430/1430
f 1433/1433 1474/1474 1432/1432
f 1474/1474 1473/1473 1432/1432
f 1434/1434 1475/1475 1433/1433
f 1475/1475 1474/1474 1433/1433
f 1435/1435 1476/1476 1434/1434
f 1476/1476 1475/1475 1434/1434
f 1436/1436 1477/1477 1435/1435
f 1477/1477 1476/1476 1435/1435
f 1437/1437 1478/1478 1436/1436
f 1478/1478 1477/1477 1436/1436
f 1441/1441 1479/1479 1437/1437
f 1479/1479 1478/1478 1437/1437
f 1480/1480 1441/1441 1443/1443
f 1480/1480 1443/1443 1481/1481
f 1480/1480 1481/1481 1482/1482
f 1480/1480 1482/1482 1483/1483
f 1480/1480 1479/1479 1441/1441
f 1484/1484 1485/1485 1486/1486
f 1484/1484 1486/1486 1487/1487
f 1484/1484 1487/1487 1488/1488
f 1484/1484 1480/1480 1483/1483
f 1484/1484 1483/1483 1485/1485
f 1445/1445 1489/1489 1490/1490
f 1445/1445 1490/1490 1491/1491
f 1445/1445 1491/1491 1492/1492
f 1445/1445 1492/1492 1447/1447
f 1489/1489 1484/1484 1488/1488
f 1489/1489 1488/1488 1490/1490
f 1448/1448 1493/1493 1445/1445
f 1493/1493 1489/1489 1445/1445
f 1452/1452 1494/1494 1448/1448
f 1494/1494 1493/1493 1448/1448
f 1453/1453 1495/1495 1452/1452
f 1495/1495 1494/1494 1452/1452
f 1454/1454 1496/1496 1453/1453
f 1496/1496 1495/1495 1453/1453
f 1497/1497 1454/1454 1458/1458
f 1496/1496 1454/1454 1497/1497
f 1496/1496 1497/1497 1498/1498
f 1496/1496 1498/1498 1499/1499
f 1459/1459 1500/1500 1501/1501
f 1459/1459 1501/1501 1462/1462
f 1500/1500 1502/1502 1503/1503
f 1500/1500 1503/1503 1501/1501
f 1464/1464 1504/1504 1459/1459
f 1504/1504 1500/1500 1459/1459
f 1465/1465 1505/1505 1464/1464
f 1505/1505 1504/1504 1464/1464
f 1466/1466 1506/1506 1465/1465
f 1506/1506 1505/1505 1465/1465
f 1507/1507 1466/1466 1470/1470
f 1506/1506 1466/1466 1507/1507
f 1506/1506 1507/1507 1508/1508
f 1471/1471 1509/1509 1472/1472
f 1509/1509 1510/1510 1472/1472
f 1471/1471 1473/1473 1511/1511
f 1471/1471 1511/1511 1512/1512
f 1509/1509 1471/1471 1512/1512
f 1509/1509 1512/1512 1513/1513
f 1509/1509 1513/1513 1514/1514
f 1473/1473 1474/1474 1515/1515
f 1473/1473 1515/1515 1516/1516
f 1473/1473 1516/1516 1517/1517
f 1473/1473 1517/1517 1511/1511
f 1475/1475 1518/1518 1519/1519
f 1475/1475 1519/1519 1520/1520
f 1475/1475 1520/1520 1521/1521
f 1475/1475 1521/1521 1474/1474
f 1515/1515 1474/1474 1521/1521
f 1476/1476 1522/1522 1475/1475
f 1475/1475 1522/1522 1523/1523
f 1475/1475 1523/1523 1524/1524
f 1475/1475 1524/1524 1518/1518
f 1477/1477 1525/1525 1476/1476
f 1525/1525 1522/1522 1476/1476
f 1478/1478 1526/1526 1477/1477
f 1526/1526 1525/1525 1477/1477
f 1479/1479 1527/1527 1478/1478
f 1527/1527 1526/1526 1478/1478
f 1480/1480 1528/1528 1479/1479
f 1528/1528 1527/1527 1479/1479
f 1484/1484 1529/1529 1480/1480
f 1529/1529 1528/1528 1480/1480
f 1489/1489 1530/1530 1484/1484
f 1530/1530 1529/1529 1484/1484
f 1493/1493 1531/1531 1489/1489
f 1531/1531 1530/1530 1489/1489
f 1494/1494 1532/1532 1493/1493
f 1532/1532 1531/1531 1493/1493
f 1495/1495 1533/1533 1494/1494
f 1533/1533 1532/1532 1494/1494
f 1495/1495 1496/1496 1534/1534
f 1495/1495 1534/1534 1535/1535
f 1533/1533 1495/1495 1535/1535
f 1533/1533 1535/1535 1536/1536
f 1533/1533 1536/1536 1537/1537
f 1538/1538 1496/1496 1499/1499
f 1534/1534 1496/1496 1538/1538
f 1534/1534 1538/1538 1539/1539
f 1500/1500 1540/1540 1541/1541
f 1500/1500 1541/1541 1502/1502
f 1541/1541 1540/1540 1542/1542
f 1504/1504 1543/1543 1500/1500
f 1543/1543 1540/1540 1500/1500
f 1505/1505 1544/1544 1504/1504
f 1544/1544 1543/1543 1504/1504
f 1506/1506 1545/1545 1505/1505
f 1545/1545 1544/1544 1505/1505
f 1506/1506 1508/1508 1546/1546
f 1506/1506 1546/1546 1547/1547
f 1545/1545 1506/1506 1547/1547
f 1545/1545 1547/1547 1548/1548
f 1510/1510 1509/1509 1549/1549
f 1510/1510 1549/1549 1550/1550
f 1510/1510 1550/1550 1551/1551
f 1552/1552 1510/1510 1551/1551
f 1553/1553 1509/1509 1514/1514
f 1549/1549 1509/1509 1553/1553
f 1522/1522 1554/1554 1555/1555
f 1522/1522 1555/1555 1523/1523
f 1525/1525 1556/1556 1522/1522
f 1522/1522 1556/1556 1557/1557
f 1522/1522 1557/1557 1558/1558
f 1522/1522 1558/1558 1554/1554
f 1526/1526 1559/1559 1525/1525
f 1559/1559 1556/1556 1525/1525
f 1527/1527 1560/1560 1526/1526
f 1560/1560 1559/1559 1526/1526
f 1528/1528 1561/1561 1527/1527
f 1561/1561 1560/1560 1527/1527
f 1529/1529 1562/1562 1528/1528
f 1562/1562 1561/1561 1528/1528
f 1530/1530 1563/1563 1529/1529
f 1563/1563 1562/1562 1529/1529
f 1531/1531 1564/1564 1530/1530
f 1564/1564 1563/1563 1530/1530
f 1532/1532 1565/1565 1531/1531
f 1565/1565 1564/1564 1531/1531
f 1532/1532 1533/1533 1566/1566
f 1532/1532 1566/1566 1567/1567
f 1565/1565 1532/1532 1567/1567
f 1565/1565 1567/1567 1568/1568
f 1565/1565 1568/1568 1569/1569
f 1570/1570 1533/1533 1537/1537
f 1566/1566 1533/1533 1570/1570
f 1540/1540 1571/1571 1572/1572
f 1540/1540 1572/1572 1542/1542
f 1571/1571 1573/1573 1574/1574
f 1571/1571 1574/1574 1572/1572
f 1543/1543 1575/1575 1540/1540
f 1575/1575 1571/1571 1540/1540
f 1544/1544 1576/1576 1543/1543
f 1576/1576 1575/1575 1543/1543
f 1545/1545 1577/1577 1544/1544
f 1577/1577 1576/1576 1544/1544
f 1578/1578 1545/1545 1548/1548
f 1578/1578 1548/1548 1579/1579
f 1578/1578 1579/1579 1580/1580
f 1578/1578 1577/1577 1545/1545
f 1581/1581 1578/1578 1580/1580
f 1557/1557 1556/1556 1582/1582
f 1557/1557 1582/1582 1583/1583
f 1559/1559 1584/1584 1556/1556
f 1556/1556 1584/1584 1585/1585
f 1556/1556 1585/1585 1586/1586
f 1556/1556 1586/1586 1582/1582
f 1560/1560 1587/1587 1559/1559
f 1587/1587 1584/1584 1559/1559
f 1561/1561 1588/1588 1560/1560
f 1588/1588 1587/1587 1560/1560
f 1562/1562 1589/1589 1561/1561
f 1589/1589 1588/1588 1561/1561
f 1563/1563 1590/1590 1562/1562
f 1590/1590 1589/1589 1562/1562
f 1564/1564 1591/1591 1563/1563
f 1591/1591 1590/1590 1563/1563
f 1564/1564 1565/1565 1592/1592
f 1564/1564 1592/1592 1593/1593
f 1564/1564 1593/1593 1594/1594
f 1591/1591 1564/1564 1594/1594
f 1591/1591 1594/1594 1595/1595
f 1591/1591 1595/1595 1596/1596
f 1591/1591 1596/1596 1597/1597
f 1598/1598 1565/1565 1569/1569
f 1592/1592 1565/1565 1598/1598
f 1573/1573 1571/1571 1599/1599
f 1575/1575 1600/1600 1571/1571
f 1571/1571 1600/1600 1601/1601
f 1571/1571 1601/1601 1599/1599
f 1576/1576 1602/1602 1575/1575
f 1602/1602 1600/1600 1575/1575
f 1577/1577 1603/1603 1576/1576
f 1603/1603 1602/1602 1576/1576
f 1578/1578 1604/1604 1577/1577
f 1604/1604 1603/1603 1577/1577
f 1605/1605 1578/1578 1581/1581
f 1604/1604 1578/1578 1605/1605
f 1604/1604 1605/1605 1606/1606
f 1604/1604 1606/1606 1607/1607
f 1585/1585 1584/1584 1608/1608
f 1584/1584 1587/1587 1609/1609
f 1584/1584 1609/1609 1610/1610
f 1584/1584 1610/1610 1611/1611
f 1584/1584 1611/1611 1612/1612
f 1608/1608 1584/1584 1612/1612
f 1588/1588 1613/1613 1614/1614
f 1588/1588 1614/1614 1615/1615
f 1588/1588 1615/1615 1616/1616
f 1588/1588 1616/1616 1587/1587
f 1609/1609 1587/1587 1616/1616
f 1614/1614 1613/1613 1617/1617
f 1589/1589 1618/1618 1588/1588
f 1618/1618 1613/1613 1588/1588
f 1590/1590 1619/1619 1589/1589
f 1619/1619 1618/1618 1589/1589
f 1591/1591 1620/1620 1590/1590
f 1620/1620 1619/1619 1590/1590
f 1591/1591 1597/1597 1621/1621
f 1591/1591 1621/1621 1622/1622
f 1620/1620 1591/1591 1622/1622
f 1620/1620 1622/1622 1623/1623
f 1600/1600 1624/1624 1625/1625
f 1600/1600 1625/1625 1601/1601
f 1625/1625 1624/1624 1626/1626
f 1602/1602 1627/1627 1600/1600
f 1627/1627 1624/1624 1600/1600
f 1603/1603 1628/1628 1602/1602
f 1628/1628 1627/1627 1602/1602
f 1604/1604 1629/1629 1603/1603
f 1629/1629 1628/1628 1603/1603
f 1604/1604 1607/1607 1630/1630
f 1604/1604 1630/1630 1631/1631
f 1629/1629 1604/1604 1631/1631
f 1629/1629 1631/1631 1632/1632
f 1613/1613 1633/1633 1634/1634
f 1613/1613 1634/1634 1617/1617
f 1634/1634 1633/1633 1635/1635
f 1618/1618 1636/1636 1613/1613
f 1636/1636 1633/1633 1613/1613
f 1619/1619 1637/1637 1618/1618
f 1637/1637 1636/1636 1618/1618
f 1620/1620 1638/1638 1619/1619
f 1638/1638 1637/1637 1619/1619
f 1639/1639 1620/1620 1623/1623
f 1639/1639 1623/1623 1640/1640
f 1639/1639 1638/1638 1620/1620
f 1639/1639 1640/1640 1641/1641
f 1639/1639 1641/1641 1642/1642
f 1624/1624 1643/1643 1644/1644
f 1624/1624 1644/1644 1626/1626
f 1644/1644 1643/1643 1645/1645
f 1627/1627 1646/1646 1624/1624
f 1646/1646 1643/1643 1624/1624
f 1628/1628 1647/1647 1627/1627
f 1647/1647 1646/1646 1627/1627
f 1629/1629 1648/1648 1628/1628
f 1648/1648 1647/1647 1628/1628
f 1649/1649 1629/1629 1632/1632
f 1648/1648 1629/1629 1649/1649
f 1648/1648 1649/1649 1650/1650
f 1633/1633 1651/1651 1652/1652
f 1633/1633 1652/1652 1653/1653
f 1633/1633 1653/1653 1635/1635
f 1652/1652 1651/1651 1654/1654
f 1636/1636 1655/1655 1633/1633
f 1655/1655 1651/1651 1633/1633
f 1637/1637 1656/1656 1636/1636
f 1656/1656 1655/1655 1636/1636
f 1638/1638 1657/1657 1637/1637
f 1657/1657 1656/1656 1637/1637
f 1639/1639 1658/1658 1638/1638
f 1658/1658 1657/1657 1638/1638
f 1659/1659 1639/1639 1642/1642
f 1658/1658 1639/1639 1659/1659
f 1658/1658 1659/1659 1660/1660
f 1658/1658 1660/1660 1661/1661
f 1643/1643 1662/1662 1663/1663
f 1643/1643 1663/1663 1645/1645
f 1662/1662 1664/1664 1665/1665
f 1662/1662 1665/1665 1663/1663
f 1646/1646 1666/1666 1643/1643
f 1666/1666 1662/1662 1643/1643
f 1647/1647 1667/1667 1646/1646
f 1667/1667 1666/1666 1646/1646
f 1648/1648 1668/1668 1647/1647
f 1668/1668 1667/1667 1647/1647
f 1669/1669 1648/1648 1650/1650
f 1668/1668 1648/1648 1669/1669
f 1668/1668 1669/1669 1670/1670
f 1654/1654 1651/1651 1671/1671
f 1655/1655 1672/1672 1651/1651
f 1651/1651 1672/1672 1673/1673
f 1651/1651 1673/1673 1674/1674
f 1651/1651 1674/1674 1671/1671
f 1656/1656 1675/1675 1655/1655
f 1675/1675 1672/1672 1655/1655
f 1657/1657 1676/1676 1656/1656
f 1676/1676 1675/1675 1656/1656
f 1658/1658 1677/1677 1657/1657
f 1677/1677 1676/1676 1657/1657
f 1678/1678 1658/1658 1661/1661
f 1677/1677 1658/1658 1678/1678
f 1677/1677 1678/1678 1679/1679
f 1677/1677 1679/1679 1680/1680
f 1662/1662 1681/1681 1682/1682
f 1662/1662 1682/1682 1664/1664
f 1682/1682 1681/1681 1683/1683
f 1666/1666 1684/1684 1662/1662
f 1684/1684 1681/1681 1662/1662
f 1667/1667 1685/1685 1666/1666
f 1685/1685 1684/1684 1666/1666
f 1668/1668 1686/1686 1667/1667
f 1686/1686 1685/1685 1667/1667
f 1668/1668 1670/1670 1687/1687
f 1668/1668 1687/1687 1688/1688
f 1686/1686 1668/1668 1688/1688
f 1686/1686 1688/1688 1689/1689
f 1672/1672 1690/1690 1691/1691
f 1672/1672 1691/1691 1673/1673
f 1691/1691 1690/1690 1692/1692
f 1675/1675 1693/1693 1672/1672
f 1693/1693 1690/1690 1672/1672
f 1676/1676 1694/1694 1675/1675
f 1694/1694 1693/1693 1675/1675
f 1677/1677 1695/1695 1676/1676
f 1695/1695 1694/1694 1676/1676
f 1677/1677 1680/1680 1696/1696
f 1677/1677 1696/1696 1697/1697
f 1695/1695 1677/1677 1697/1697
f 1695/1695 1697/1697 1698/1698
f 1681/1681 1699/1699 1700/1700
f 1681/1681 1700/1700 1701/1701
f 1681/1681 1701/1701 1683/1683
f 1700/1700 1699/1699 1702/1702
f 1684/1684 1703/1703 1681/1681
f 1703/1703 1699/1699 1681/1681
f 1685/1685 1704/1704 1684/1684
f 1704/1704 1703/1703 1684/1684
f 1686/1686 1705/1705 1685/1685
f 1705/1705 1704/1704 1685/1685
f 1706/1706 1686/1686 1689/1689
f 1706/1706 1689/1689 1707/1707
f 1706/1706 1707/1707 1708/1708
f 1706/1706 1705/1705 1686/1686
f 1709/1709 1706/1706 1708/1708
f 1690/1690 1710/1710 1711/1711
f 1690/1690 1711/1711 1712/1712
f 1690/1690 1712/1712 1692/1692
f 1711/1711 1710/1710 1713/1713
f 1693/1693 1714/1714 1690/1690
f 1714/1714 1710/1710 1690/1690
f 1694/1694 1715/1715 1693/1693
f 1715/1715 1714/1714 1693/1693
f 1695/1695 1716/1716 1694/1694
f 1716/1716 1715/1715 1694/1694
f 1717/1717 1695/1695 1698/1698
f 1716/1716 1695/1695 1717/1717
f 1716/1716 1717/1717 1718/1718
f 1699/1699 1719/1719 1720/1720
f 1699/1699 1720/1720 1702/1702
f 1703/1703 1721/1721 1699/1699
f 1699/1699 1721/1721 1722/1722
f 1699/1699 1722/1722 1719/1719
f 1704/1704 1723/1723 1703/1703
f 1723/1723 1721/1721 1703/1703
f 1705/1705 1724/1724 1704/1704
f 1724/1724 1723/1723 1704/1704
f 1706/1706 1725/1725 1705/1705
f 1725/1725 1724/1724 1705/1705
f 1726/1726 1706/1706 1709/1709
f 1725/1725 1706/1706 1726/1726
f 1725/1725 1726/1726 1727/1727
f 1710/1710 1728/1728 1729/1729
f 1710/1710 1729/1729 1730/1730
f 1710/1710 1730/1730 1713/1713
f 1729/1729 1728/1728 1731/1731
f 1714/1714 1732/1732 1710/1710
f 1732/1732 1728/1728 1710/1710
f 1715/1715 1733/1733 1714/1714
f 1733/1733 1732/1732 1714/1714
f 1716/1716 1734/1734 1715/1715
f 1734/1734 1733/1733 1715/1715
f 1735/1735 1716/1716 1718/1718
f 1735/1735 1718/1718 1736/1736
f 1735/1735 1734/1734 1716/1716
f 1737/1737 1735/1735 1736/1736
f 1721/1721 1738/1738 1739/1739
f 1721/1721 1739/1739 1722/1722
f 1739/1739 1738/1738 1740/1740
f 1723/1723 1741/1741 1721/1721
f 1741/1741 1738/1738 1721/1721
f 1724/1724 1742/1742 1723/1723
f 1742/1742 1741/1741 1723/1723
f 1725/1725 1743/1743 1724/1724
f 1743/1743 1742/1742 1724/1724
f 1725/1725 1727/1727 1744/1744
f 1725/1725 1744/1744 1745/1745
f 1743/1743 1725/1725 1745/1745
f 1743/1743 1745/1745 1746/1746
f 1743/1743 1746/1746 1747/1747
f 1731/1731 1728/1728 1748/1748
f 1732/1732 1749/1749 1728/1728
f 1728/1728 1749/1749 1750/1750
f 1728/1728 1750/1750 1751/1751
f 1728/1728 1751/1751 1748/1748
f 1733/1733 1752/1752 1732/1732
f 1752/1752 1749/1749 1732/1732
f 1734/1734 1753/1753 1733/1733
f 1753/1753 1752/1752 1733/1733
f 1735/1735 1754/1754 1734/1734
f 1754/1754 1753/1753 1734/1734
f 1755/1755 1735/1735 1737/1737
f 1754/1754 1735/1735 1755/1755
f 1754/1754 1755/1755 1756/1756
f 1754/1754 1756/1756 1757/1757
f 1738/1738 1758/1758 1759/1759
f 1738/1738 1759/1759 1740/1740
f 1758/1758 1760/1760 1761/1761
f 1758/1758 1761/1761 1759/1759
f 1741/1741 1762/1762 1738/1738
f 1762/1762 1758/1758 1738/1738
f 1742/1742 1763/1763 1741/1741
f 1763/1763 1762/1762 1741/1741
f 1743/1743 1764/1764 1742/1742
f 1764/1764 1763/1763 1742/1742
f 1765/1765 1743/1743 1747/1747
f 1764/1764 1743/1743 1765/1765
f 1764/1764 1765/1765 1766/1766
f 1764/1764 1766/1766 1767/1767
f 1749/1749 1768/1768 1769/1769
f 1749/1749 1769/1769 1750/1750
f 1769/1769 1768/1768 1770/1770
f 1752/1752 1771/1771 1749/1749
f 1771/1771 1768/1768 1749/1749
f 1753/1753 1772/1772 1752/1752
f 1772/1772 1771/1771 1752/1752
f 1754/1754 1773/1773 1753/1753
f 1773/1773 1772/1772 1753/1753
f 1754/1754 1757/1757 1774/1774
f 1754/1754 1774/1774 1775/1775
f 1773/1773 1754/1754 1775/1775
f 1773/1773 1775/1775 1776/1776
f 1758/1758 1777/1777 1778/1778
f 1758/1758 1778/1778 1760/1760
f 1778/1778 1777/1777 1779/1779
f 1762/1762 1780/1780 1758/1758
f 1780/1780 1777/1777 1758/1758
f 1763/1763 1781/1781 1762/1762
f 1781/1781 1780/1780 1762/1762
f 1764/1764 1782/1782 1763/1763
f 1782/1782 1781/1781 1763/1763
f 1783/1783 1764/1764 1767/1767
f 1782/1782 1764/1764 1783/1783
f 1782/1782 1783/1783 1784/1784
f 1782/1782 1784/1784 1785/1785
f 1768/1768 1786/1786 1787/1787
f 1768/1768 1787/1787 1788/1788
f 1768/1768 1788/1788 1770/1770
f 1787/1787 1786/1786 1789/1789
f 1771/1771 1790/1790 1768/1768
f 1790/1790 1786/1786 1768/1768
f 1772/1772 1791/1791 1771/1771
f 1791/1791 1790/1790 1771/1771
f 1773/1773 1792/1792 1772/1772
f 1792/1792 1791/1791 1772/1772
f 1773/1773 1776/1776 1793/1793
f 1773/1773 1793/1793 1794/1794
f 1792/1792 1773/1773 1794/1794
f 1792/1792 1794/1794 1795/1795
f 1777/1777 1796/1796 1797/1797
f 1777/1777 1797/1797 1779/1779
f 1796/1796 1798/1798 1799/1799
f 1796/1796 1799/1799 1797/1797
f 1780/1780 1800/1800 1777/1777
f 1800/1800 1796/1796 1777/1777
f 1781/1781 1801/1801 1780/1780
f 1801/1801 1800/1800 1780/1780
f 1782/1782 1802/1802 1781/1781
f 1802/1802 1801/1801 1781/1781
f 1803/1803 1782/1782 1785/1785
f 1802/1802 1782/1782 1803/1803
f 1802/1802 1803/1803 1804/1804
f 1786/1786 1805/1805 1806/1806
f 1786/1786 1806/1806 1807/1807
f 1786/1786 1807/1807 1789/1789
f 1806/1806 1805/1805 1808/1808
f 1790/1790 1809/1809 1786/1786
f 1809/1809 1805/1805 1786/1786
f 1791/1791 1810/1810 1790/1790
f 1810/1810 1809/1809 1790/1790
f 1792/1792 1811/1811 1791/1791
f 1811/1811 1810/1810 1791/1791
f 1812/1812 1792/1792 1795/1795
f 1812/1812 1795/1795 1813/1813
f 1812/1812 1811/1811 1792/1792
f 1814/1814 1812/1812 1813/1813
f 1796/1796 1815/1815 1816/1816
f 1796/1796 1816/1816 1817/1817
f 1796/1796 1817/1817 1798/1798
f 1816/1816 1815/1815 1818/1818
f 1800/1800 1819/1819 1796/1796
f 1819/1819 1815/1815 1796/1796
f 1801/1801 1820/1820 1800/1800
f 1820/1820 1819/1819 1800/1800
f 1802/1802 1821/1821 1801/1801
f 1821/1821 1820/1820 1801/1801
f 1822/1822 1802/1802 1804/1804
f 1822/1822 1804/1804 1823/1823
f 1822/1822 1821/1821 1802/1802
f 1824/1824 1822/1822 1823/1823
f 1805/1805 1825/1825 1826/1826
f 1805/1805 1826/1826 1808/1808
f 1809/1809 1827/1827 1805/1805
f 1805/1805 1827/1827 1828/1828
f 1805/1805 1828/1828 1825/1825
f 1810/1810 1829/1829 1809/1809
f 1829/1829 1827/1827 1809/1809
f 1811/1811 1830/1830 1810/1810
f 1830/1830 1829/1829 1810/1810
f 1812/1812 1831/1831 1811/1811
f 1831/1831 1830/1830 1811/1811
f 1832/1832 1812/1812 1814/1814
f 1831/1831 1812/1812 1832/1832
f 1831/1831 1832/1832 1833/1833
f 1831/1831 1833/1833 1834/1834
f 1815/1815 1835/1835 1836/1836
f 1815/1815 1836/1836 1818/1818
f 1819/1819 1837/1837 1815/1815
f 1815/1815 1837/1837 1838/1838
f 1815/1815 1838/1838 1835/1835
f 1820/1820 1839/1839 1819/1819
f 1839/1839 1837/1837 1819/1819
f 1821/1821 1840/1840 1820/1820
f 1840/1840 1839/1839 1820/1820
f 1822/1822 1841/1841 1821/1821
f 1841/1841 1840/1840 1821/1821
f 1842/1842 1822/1822 1824/1824
f 1841/1841 1822/1822 1842/1842
f 1841/1841 1842/1842 1843/1843
f 1841/1841 1843/1843 1844/1844
f 1827/1827 1845/1845 1846/1846
f 1827/1827 1846/1846 1828/1828
f 1845/1845 1847/1847 1848/1848
f 1845/1845 1848/1848 1846/1846
f 1829/1829 1849/1849 1827/1827
f 1849/1849 1845/1845 1827/1827
f 1830/1830 1850/1850 1829/1829
f 1850/1850 1849/1849 1829/1829
f 1831/1831 1851/1851 1830/1830
f 1851/1851 1850/1850 1830/1830
f 1831/1831 1834/1834 1852/1852
f 1831/1831 1852/1852 1853/1853
f 1851/1851 1831/1831 1853/1853
f 1851/1851 1853/1853 1854/1854
f 1837/1837 1855/1855 1856/1856
f 1837/1837 1856/1856 1838/1838
f 1856/1856 1855/1855 1857/1857
f 1839/1839 1858/1858 1837/1837
f 1858/1858 1855/1855 1837/1837
f 1840/1840 1859/1859 1839/1839
f 1859/1859 1858/1858 1839/1839
f 1841/1841 1860/1860 1840/1840
f 1860/1860 1859/1859 1840/1840
f 1861/1861 1841/1841 1844/1844
f 1860/1860 1841/1841 1861/1861
f 1860/1860 1861/1861 1862/1862
f 1860/1860 1862/1862 1863/1863
f 1845/1845 1864/1864 1865/1865
f 1845/1845 1865/1865 1866/1866
f 1845/1845 1866/1866 1847/1847
f 1865/1865 1864/1864 1867/1867
f 1849/1849 1868/1868 1845/1845
f 1868/1868 1864/1864 1845/1845
f 1850/1850 1869/1869 1849/1849
f 1869/1869 1868/1868 1849/1849
f 1851/1851 1870/1870 1850/1850
f 1870/1870 1869/1869 1850/1850
f 1851/1851 1854/1854 1871/1871
f 1851/1851 1871/1871 1872/1872
f 1870/1870 1851/1851 1872/1872
f 1870/1870 1872/1872 1873/1873
f 1855/1855 1874/1874 1875/1875
f 1855/1855 1875/1875 1857/1857
f 1874/1874 1876/1876 1877/1877
f 1874/1874 1877/1877 1875/1875
f 1858/1858 1878/1878 1855/1855
f 1878/1878 1874/1874 1855/1855
f 1859/1859 1879/1879 1858/1858
f 1879/1879 1878/1878 1858/1858
f 1860/1860 1880/1880 1859/1859
f 1880/1880 1879/1879 1859/1859
f 1881/1881 1860/1860 1863/1863
f 1880/1880 1860/1860 1881/1881
f 1880/1880 1881/1881 1882/1882
f 1880/1880 1882/1882 1883/1883
f 1864/1864 1884/1884 1885/1885
f 1864/1864 1885/1885 1886/1886
f 1864/1864 1886/1886 1867/1867
f 1885/1885 1884/1884 1887/1887
f 1868/1868 1888/1888 1864/1864
f 1888/1888 1884/1884 1864/1864
f 1869/1869 1889/1889 1868/1868
f 1889/1889 1888/1888 1868/1868
f 1870/1870 1890/1890 1869/1869
f 1890/1890 1889/1889 1869/1869
f 1891/1891 1870/1870 1873/1873
f 1891/1891 1873/1873 1892/1892
f 1891/1891 1892/1892 1893/1893
f 1891/1891 1890/1890 1870/1870
f 1894/1894 1891/1891 1893/1893
f 1874/1874 1895/1895 1896/1896
f 1874/1874 1896/1896 1876/1876
f 1896/1896 1895/1895 1897/1897
f 1878/1878 1898/1898 1874/1874
f 1898/1898 1895/1895 1874/1874
f 1879/1879 1899/1899 1878/1878
f 1899/1899 1898/1898 1878/1878
f 1880/1880 1900/1900 1879/1879
f 1900/1900 1899/1899 1879/1879
f 1901/1901 1880/1880 1883/1883
f 1900/1900 1880/1880 1901/1901
f 1900/1900 1901/1901 1902/1902
f 1900/1900 1902/1902 1903/1903
f 1884/1884 1904/1904 1905/1905
f 1884/1884 1905/1905 1906/1906
f 1884/1884 1906/1906 1887/1887
f 1905/1905 1904/1904 1907/1907
f 1888/1888 1908/1908 1884/1884
f 1908/1908 1904/1904 1884/1884
f 1889/1889 1909/1909 1888/1888
f 1909/1909 1908/1908 1888/1888
f 1890/1890 1910/1910 1889/1889
f 1910/1910 1909/1909 1889/1889
f 1891/1891 1911/1911 1890/1890
f 1911/1911 1910/1910 1890/1890
f 1912/1912 1891/1891 1894/1894
f 1911/1911 1891/1891 1912/1912
f 1911/1911 1912/1912 1913/1913
f 1911/1911 1913/1913 1914/1914
f 1895/1895 1915/1915 1916/1916
f 1895/1895 1916/1916 1917/1917
f 1895/1895 1917/1917 1918/1918
f 1895/1895 1918/1918 1897/1897
f 1916/1916 1915/1915 1919/1919
f 1898/1898 1920/1920 1895/1895
f 1920/1920 1915/1915 1895/1895
f 1899/1899 1921/1921 1898/1898
f 1921/1921 1920/1920 1898/1898
f 1900/1900 1922/1922 1899/1899
f 1922/1922 1921/1921 1899/1899
f 1923/1923 1900/1900 1903/1903
f 1923/1923 1903/1903 1924/1924
f 1923/1923 1924/1924 1925/1925
f 1923/1923 1922/1922 1900/1900
f 1926/1926 1923/1923 1925/1925
f 1907/1907 1904/1904 1927/1927
f 1908/1908 1928/1928 1904/1904
f 1904/1904 1928/1928 1929/1929
f 1904/1904 1929/1929 1930/1930
f 1904/1904 1930/1930 1927/1927
f 1909/1909 1931/1931 1908/1908
f 1931/1931 1928/1928 1908/1908
f 1910/1910 1932/1932 1909/1909
f 1932/1932 1931/1931 1909/1909
f 1911/1911 1933/1933 1910/1910
f 1933/1933 1932/1932 1910/1910
f 1911/1911 1914/1914 1934/1934
f 1911/1911 1934/1934 1935/1935
f 1933/1933 1911/1911 1935/1935
f 1933/1933 1935/1935 1936/1936
f 1915/1915 1937/1937 1938/1938
f 1915/1915 1938/1938 1939/1939
f 1915/1915 1939/1939 1919/1919
f 1938/1938 1937/1937 1940/1940
f 1920/1920 1941/1941 1915/1915
f 1941/1941 1937/1937 1915/1915
f 1921/1921 1942/1942 1920/1920
f 1942/1942 1941/1941 1920/1920
f 1922/1922 1943/1943 1921/1921
f 1943/1943 1942/1942 1921/1921
f 1923/1923 1944/1944 1922/1922
f 1944/1944 1943/1943 1922/1922
f 1945/1945 1923/1923 1926/1926
f 1944/1944 1923/1923 1945/1945
f 1944/1944 1945/1945 1946/1946
f 1944/1944 1946/1946 1947/1947
f 1928/1928 1948/1948 1949/1949
f 1928/1928 1949/1949 1950/1950
f 1928/1928 1950/1950 1929/1929
f 1949/1949 1948/1948 1951/1951
f 1931/1931 1952/1952 1928/1928
f 1952/1952 1948/1948 1928/1928
f 1932/1932 1953/1953 1931/1931
f 1953/1953 1952/1952 1931/1931
f 1933/1933 1954/1954 1932/1932
f 1954/1954 1953/1953 1932/1932
f 1933/1933 1936/1936 1955/1955
f 1933/1933 1955/1955 1956/1956
f 1954/1954 1933/1933 1956/1956
f 1954/1954 1956/1956 1957/1957
f 1940/1940 1937/1937 1958/1958
f 1941/1941 1959/1959 1937/1937
f 1937/1937 1959/1959 1960/1960
f 1937/1937 1960/1960 1961/1961
f 1937/1937 1961/1961 1958/1958
f 1942/1942 1962/1962 1941/1941
f 1962/1962 1959/1959 1941/1941
f 1943/1943 1963/1963 1942/1942
f 1963/1963 1962/1962 1942/1942
f 1944/1944 1964/1964 1943/1943
f 1964/1964 1963/1963 1943/1943
f 1965/1965 1944/1944 1947/1947
f 1964/1964 1944/1944 1965/1965
f 1964/1964 1965/1965 1966/1966
f 1964/1964 1966/1966 1967/1967
f 1948/1948 1968/1968 1969/1969
f 1948/1948 1969/1969 1970/1970
f 1948/1948 1970/1970 1951/1951
f 1968/1968 1971/1971 1972/1972
f 1968/1968 1972/1972 1969/1969
f 1952/1952 1973/1973 1948/1948
f 1973/1973 1968/1968 1948/1948
f 1953/1953 1974/1974 1952/1952
f 1974/1974 1973/1973 1952/1952
f 1954/1954 1975/1975 1953/1953
f 1975/1975 1974/1974 1953/1953
f 1976/1976 1954/1954 1957/1957
f 1975/1975 1954/1954 1976/1976
f 1975/1975 1976/1976 1977/1977
f 1959/1959 1978/1978 1979/1979
f 1959/1959 1979/1979 1960/1960
f 1979/1979 1978/1978 1980/1980
f 1962/1962 1981/1981 1959/1959
f 1981/1981 1978/1978 1959/1959
f 1963/1963 1982/1982 1962/1962
f 1982/1982 1981/1981 1962/1962
f 1964/1964 1983/1983 1963/1963
f 1983/1983 1982/1982 1963/1963
f 1984/1984 1964/1964 1967/1967
f 1983/1983 1964/1964 1984/1984
f 1983/1983 1984/1984 1985/1985
f 1968/1968 1986/1986 1987/1987
f 1968/1968 1987/1987 1971/1971
f 1986/1986 1988/1988 1989/1989
f 1986/1986 1989/1989 1987/1987
f 1973/1973 1990/1990 1968/1968
f 1990/1990 1986/1986 1968/1968
f 1974/1974 1991/1991 1973/1973
f 1991/1991 1990/1990 1973/1973
f 1975/1975 1992/1992 1974/1974
f 1992/1992 1991/1991 1974/1974
f 1993/1993 1975/1975 1977/1977
f 1993/1993 1977/1977 1994/1994
f 1993/1993 1994/1994 1995/1995
f 1993/1993 1992/1992 1975/1975
f 1993/1993 1995/1995 1996/1996
f 1993/1993 1996/1996 1997/1997
f 1978/1978 1998/1998 1999/1999
f 1978/1978 1999/1999 2000/2000
f 1978/1978 2000/2000 1980/1980
f 1999/1999 1998/1998 2001/2001
f 1981/1981 2002/2002 1978/1978
f 2002/2002 1998/1998 1978/1978
f 1982/1982 2003/2003 1981/1981
f 2003/2003 2002/2002 1981/1981
f 1983/1983 2004/2004 1982/1982
f 2004/2004 2003/2003 1982/1982
f 2005/2005 1983/1983 1985/1985
f 2004/2004 1983/1983 2005/2005
f 2004/2004 2005/2005 2006/2006
f 1988/1988 1986/1986 2007/2007
f 1990/1990 2008/2008 1986/1986
f 1986/1986 2008/2008 2009/2009
f 1986/1986 2009/2009 2010/2010
f 1986/1986 2010/2010 2007/2007
f 1991/1991 2011/2011 1990/1990
f 2011/2011 2008/2008 1990/1990
f 1992/1992 2012/2012 1991/1991
f 2012/2012 2011/2011 1991/1991
f 1993/1993 2013/2013 1992/1992
f 2013/2013 2012/2012 1992/1992
f 2014/2014 1993/1993 1997/1997
f 2013/2013 1993/1993 2014/2014
f 2013/2013 2014/2014 2015/2015
f 2013/2013 2015/2015 2016/2016
f 2013/2013 2016/2016 2017/2017
f 1998/1998 2018/2018 2019/2019
f 1998/1998 2019/2019 2020/2020
f 1998/1998 2020/2020 2001/2001
f 2019/2019 2018/2018 2021/2021
f 2002/2002 2022/2022 1998/1998
f 2022/2022 2018/2018 1998/1998
f 2003/2003 2023/2023 2002/2002
f 2023/2023 2022/2022 2002/2002
f 2004/2004 2024/2024 2003/2003
f 2024/2024 2023/2023 2003/2003
f 2025/2025 2004/2004 2006/2006
f 2025/2025 2006/2006 2026/2026
f 2025/2025 2026/2026 2027/2027
f 2025/2025 2024/2024 2004/2004
f 2028/2028 2025/2025 2027/2027
f 2008/2008 2029/2029 2030/2030
f 2008/2008 2030/2030 2009/2009
f 2029/2029 2031/2031 2032/2032
f 2029/2029 2032/2032 2030/2030
f 2011/2011 2033/2033 2008/2008
f 2033/2033 2029/2029 2008/2008
f 2012/2012 2034/2034 2011/2011
f 2034/2034 2033/2033 2011/2011
f 2013/2013 2035/2035 2012/2012
f 2035/2035 2034/2034 2012/2012
f 2036/2036 2013/2013 2017/2017
f 2035/2035 2013/2013 2036/2036
f 2035/2035 2036/2036 2037/2037
f 2035/2035 2037/2037 2038/2038
f 2018/2018 2039/2039 2040/2040
f 2018/2018 2040/2040 2021/2021
f 2022/2022 2041/2041 2018/2018
f 2018/2018 2041/2041 2042/2042
f 2018/2018 2042/2042 2039/2039
f 2023/2023 2043/2043 2022/2022
f 2043/2043 2041/2041 2022/2022
f 2024/2024 2044/2044 2023/2023
f 2044/2044 2043/2043 2023/2023
f 2025/2025 2045/2045 2024/2024
f 2045/2045 2044/2044 2024/2024
f 2046/2046 2025/2025 2028/2028
f 2045/2045 2025/2025 2046/2046
f 2045/2045 2046/2046 2047/2047
f 2045/2045 2047/2047 2048/2048
f 2029/2029 2049/2049 2050/2050
f 2029/2029 2050/2050 2031/2031
f 2050/2050 2049/2049 2051/2051
f 2033/2033 2052/2052 2029/2029
f 2052/2052 2049/2049 2029/2029
f 2034/2034 2053/2053 2033/2033
f 2053/2053 2052/2052 2033/2033
f 2035/2035 2054/2054 2034/2034
f 2054/2054 2053/2053 2034/2034
f 2055/2055 2035/2035 2038/2038
f 2054/2054 2035/2035 2055/2055
f 2054/2054 2055/2055 2056/2056
f 2054/2054 2056/2056 2057/2057
f 2041/2041 2058/2058 2059/2059
f 2041/2041 2059/2059 2060/2060
f 2041/2041 2060/2060 2042/2042
f 2059/2059 2058/2058 2061/2061
f 2043/2043 2062/2062 2041/2041
f 2062/2062 2058/2058 2041/2041
f 2044/2044 2063/2063 2043/2043
f 2063/2063 2062/2062 2043/2043
f 2045/2045 2064/2064 2044/2044
f 2064/2064 2063/2063 2044/2044
f 2045/2045 2048/2048 2065/2065
f 2045/2045 2065/2065 2066/2066
f 2064/2064 2045/2045 2066/2066
f 2064/2064 2066/2066 2067/2067
f 2064/2064 2067/2067 2068/2068
f 2049/2049 2069/2069 2070/2070
f 2049/2049 2070/2070 2051/2051
f 2069/2069 2071/2071 2072/2072
f 2069/2069 2072/2072 2070/2070
f 2052/2052 2073/2073 2049/2049
f 2073/2073 2069/2069 2049/2049
f 2053/2053 2074/2074 2052/2052
f 2074/2074 2073/2073 2052/2052
f 2054/2054 2075/2075 2053/2053
f 2075/2075 2074/2074 2053/2053
f 2076/2076 2054/2054 2057/2057
f 2076/2076 2057/2057 2077/2077
f 2076/2076 2075/2075 2054/2054
f 2076/2076 2077/2077 2078/2078
f 2076/2076 2078/2078 2079/2079
f 2058/2058 2080/2080 2081/2081
f 2058/2058 2081/2081 2061/2061
f 2080/2080 2082/2082 2083/2083
f 2080/2080 2083/2083 2081/2081
f 2062/2062 2084/2084 2058/2058
f 2084/2084 2080/2080 2058/2058
f 2063/2063 2085/2085 2062/2062
f 2085/2085 2084/2084 2062/2062
f 2064/2064 2086/2086 2063/2063
f 2086/2086 2085/2085 2063/2063
f 2087/2087 2064/2064 2068/2068
f 2086/2086 2064/2064 2087/2087
f 2086/2086 2087/2087 2088/2088
f 2086/2086 2088/2088 2089/2089
f 2071/2071 2069/2069 2090/2090
f 2073/2073 2091/2091 2069/2069
f 2069/2069 2091/2091 2092/2092
f 2069/2069 2092/2092 2090/2090
f 2074/2074 2093/2093 2073/2073
f 2093/2093 2091/2091 2073/2073
f 2075/2075 2094/2094 2074/2074
f 2094/2094 2093/2093 2074/2074
f 2076/2076 2095/2095 2075/2075
f 2095/2095 2094/2094 2075/2075
f 2096/2096 2076/2076 2079/2079
f 2095/2095 2076/2076 2096/2096
f 2095/2095 2096/2096 2097/2097
f 2095/2095 2097/2097 2098/2098
f 2080/2080 2099/2099 2100/2100
f 2080/2080 2100/2100 2082/2082
f 2100/2100 2099/2099 2101/2101
f 2084/2084 2102/2102 2080/2080
f 2102/2102 2099/2099 2080/2080
f 2085/2085 2103/2103 2084/2084
f 2103/2103 2102/2102 2084/2084
f 2086/2086 2104/2104 2085/2085
f 2104/2104 2103/2103 2085/2085
f 2086/2086 2089/2089 2105/2105
f 2086/2086 2105/2105 2106/2106
f 2104/2104 2086/2086 2106/2106
f 2104/2104 2106/2106 2107/2107
f 2091/2091 2108/2108 2109/2109
f 2091/2091 2109/2109 2092/2092
f 2108/2108 2110/2110 2111/2111
f 2108/2108 2111/2111 2109/2109
f 2093/2093 2112/2112 2091/2091
f 2112/2112 2108/2108 2091/2091
f 2094/2094 2113/2113 2093/2093
f 2113/2113 2112/2112 2093/2093
f 2095/2095 2114/2114 2094/2094
f 2114/2114 2113/2113 2094/2094
f 2115/2115 2095/2095 2098/2098
f 2114/2114 2095/2095 2115/2115
f 2114/2114 2115/2115 2116/2116
f 2114/2114 2116/2116 2117/2117
f 2099/2099 2118/2118 2119/2119
f 2099/2099 2119/2119 2120/2120
f 2099/2099 2120/2120 2101/2101
f 2119/2119 2118/2118 2121/2121
f 2102/2102 2122/2122 2099/2099
f 2122/2122 2118/2118 2099/2099
f 2103/2103 2123/2123 2102/2102
f 2123/2123 2122/2122 2102/2102
f 2104/2104 2124/2124 2103/2103
f 2124/2124 2123/2123 2103/2103
f 2125/2125 2104/2104 2107/2107
f 2125/2125 2107/2107 2126/2126
f 2125/2125 2124/2124 2104/2104
f 2127/2127 2125/2125 2126/2126
f 2127/2127 2126/2126 2128/2128
f 2108/2108 2129/2129 2130/2130
f 2108/2108 2130/2130 2110/2110
f 2130/2130 2129/2129 2131/2131
f 2112/2112 2132/2132 2108/2108
f 2132/2132 2129/2129 2108/2108
f 2113/2113 2133/2133 2112/2112
f 2133/2133 2132/2132 2112/2112
f 2114/2114 2134/2134 2113/2113
f 2134/2134 2133/2133 2113/2113
f 2135/2135 2114/2114 2117/2117
f 2134/2134 2114/2114 2135/2135
f 2134/2134 2135/2135 2136/2136
f 2134/2134 2136/2136 2137/2137
f 2118/2118 2138/2138 2139/2139
f 2118/2118 2139/2139 2140/2140
f 2118/2118 2140/2140 2121/2121
f 2139/2139 2138/2138 2141/2141
f 2122/2122 2142/2142 2118/2118
f 2142/2142 2138/2138 2118/2118
f 2123/2123 2143/2143 2122/2122
f 2143/2143 2142/2142 2122/2122
f 2124/2124 2144/2144 2123/2123
f 2144/2144 2143/2143 2123/2123
f 2125/2125 2145/2145 2124/2124
f 2145/2145 2144/2144 2124/2124
f 2146/2146 2125/2125 2127/2127
f 2146/2146 2127/2127 2147/2147
f 2145/2145 2125/2125 2146/2146
f 2145/2145 2146/2146 2148/2148
f 2145/2145 2148/2148 2149/2149
f 2129/2129 2150/2150 2151/2151
f 2129/2129 2151/2151 2131/2131
f 2150/2150 2152/2152 2153/2153
f 2150/2150 2153/2153 2151/2151
f 2132/2132 2154/2154 2129/2129
f 2154/2154 2150/2150 2129/2129
f 2133/2133 2155/2155 2132/2132
f 2155/2155 2154/2154 2132/2132
f 2134/2134 2156/2156 2133/2133
f 2156/2156 2155/2155 2133/2133
f 2134/2134 2137/2137 2157/2157
f 2134/2134 2157/2157 2158/2158
f 2156/2156 2134/2134 2158/2158
f 2156/2156 2158/2158 2159/2159
f 2141/2141 2138/2138 2160/2160
f 2142/2142 2161/2161 2138/2138
f 2138/2138 2161/2161 2162/2162
f 2138/2138 2162/2162 2160/2160
f 2143/2143 2163/2163 2142/2142
f 2163/2163 2161/2161 2142/2142
f 2144/2144 2164/2164 2143/2143
f 2164/2164 2163/2163 2143/2143
f 2145/2145 2165/2165 2144/2144
f 2165/2165 2164/2164 2144/2144
f 2166/2166 2145/2145 2149/2149
f 2165/2165 2145/2145 2166/2166
f 2165/2165 2166/2166 2167/2167
f 2165/2165 2167/2167 2168/2168
f 2150/2150 2169/2169 2170/2170
f 2150/2150 2170/2170 2171/2171
f 2150/2150 2171/2171 2152/2152
f 2170/2170 2169/2169 2172/2172
f 2154/2154 2173/2173 2150/2150
f 2173/2173 2169/2169 2150/2150
f 2155/2155 2174/2174 2154/2154
f 2174/2174 2173/2173 2154/2154
f 2156/2156 2175/2175 2155/2155
f 2175/2175 2174/2174 2155/2155
f 2176/2176 2156/2156 2159/2159
f 2176/2176 2159/2159 2177/2177
f 2176/2176 2175/2175 2156/2156
f 2178/2178 2176/2176 2177/2177
f 2161/2161 2179/2179 2180/2180
f 2161/2161 2180/2180 2162/2162
f 2179/2179 2181/2181 2182/2182
f 2179/2179 2182/2182 2183/2183
f 2179/2179 2183/2183 2180/2180
f 2163/2163 2184/2184 2161/2161
f 2184/2184 2179/2179 2161/2161
f 2164/2164 2185/2185 2163/2163
f 2185/2185 2184/2184 2163/2163
f 2165/2165 2186/2186 2164/2164
f 2186/2186 2185/2185 2164/2164
f 2187/2187 2165/2165 2168/2168
f 2186/2186 2165/2165 2187/2187
f 2186/2186 2187/2187 2188/2188
f 2186/2186 2188/2188 2189/2189
f 2172/2172 2169/2169 2190/2190
f 2173/2173 2191/2191 2169/2169
f 2169/2169 2191/2191 2192/2192
f 2169/2169 2192/2192 2193/2193
f 2169/2169 2193/2193 2190/2190
f 2174/2174 2194/2194 2173/2173
f 2194/2194 2191/2191 2173/2173
f 2175/2175 2195/2195 2174/2174
f 2195/2195 2194/2194 2174/2174
f 2176/2176 2196/2196 2175/2175
f 2196/2196 2195/2195 2175/2175
f 2197/2197 2176/2176 2178/2178
f 2196/2196 2176/2176 2197/2197
f 2196/2196 2197/2197 2198/2198
f 2196/2196 2198/2198 2199/2199
f 2179/2179 2200/2200 2201/2201
f 2179/2179 2201/2201 2181/2181
f 2200/2200 2202/2202 2203/2203
f 2200/2200 2203/2203 2201/2201
f 2184/2184 2204/2204 2179/2179
f 2204/2204 2200/2200 2179/2179
f 2185/2185 2205/2205 2184/2184
f 2205/2205 2204/2204 2184/2184
f 2186/2186 2206/2206 2185/2185
f 2206/2206 2205/2205 2185/2185
f 2207/2207 2186/2186 2189/2189
f 2206/2206 2186/2186 2207/2207
f 2206/2206 2207/2207 2208/2208
f 2206/2206 2208/2208 2209/2209
f 2191/2191 2210/2210 2211/2211
f 2191/2191 2211/2211 2192/2192
f 2211/2211 2210/2210 2212/2212
f 2194/2194 2213/2213 2191/2191
f 2213/2213 2210/2210 2191/2191
f 2195/2195 2214/2214 2194/2194
f 2214/2214 2213/2213 2194/2194
f 2196/2196 2215/2215 2195/2195
f 2215/2215 2214/2214 2195/2195
f 2216/2216 2196/2196 2199/2199
f 2215/2215 2196/2196 2216/2216
f 2215/2215 2216/2216 2217/2217
f 2215/2215 2217/2217 2218/2218
f 2200/2200 2219/2219 2220/2220
f 2200/2200 2220/2220 2202/2202
f 2220/2220 2219/2219 2221/2221
f 2204/2204 2222/2222 2200/2200
f 2222/2222 2219/2219 2200/2200
f 2205/2205 2223/2223 2204/2204
f 2223/2223 2222/2222 2204/2204
f 2206/2206 2224/2224 2205/2205
f 2224/2224 2223/2223 2205/2205
f 2225/2225 2206/2206 2209/2209
f 2224/2224 2206/2206 2225/2225
f 2224/2224 2225/2225 2226/2226
f 2224/2224 2226/2226 2227/2227
f 2210/2210 2228/2228 2229/2229
f 2210/2210 2229/2229 2212/2212
f 2229/2229 2228/2228 2230/2230
f 2213/2213 2231/2231 2210/2210
f 2231/2231 2228/2228 2210/2210
f 2214/2214 2232/2232 2213/2213
f 2232/2232 2231/2231 2213/2213
f 2215/2215 2233/2233 2214/2214
f 2233/2233 2232/2232 2214/2214
f 2234/2234 2215/2215 2218/2218
f 2233/2233 2215/2215 2234/2234
f 2233/2233 2234/2234 2235/2235
f 2219/2219 2236/2236 2237/2237
f 2219/2219 2237/2237 2221/2221
f 2237/2237 2236/2236 2238/2238
f 2222/2222 2239/2239 2219/2219
f 2239/2239 2236/2236 2219/2219
f 2223/2223 2240/2240 2222/2222
f 2240/2240 2239/2239 2222/2222
f 2224/2224 2241/2241 2223/2223
f 2241/2241 2240/2240 2223/2223
f 2242/2242 2224/2224 2227/2227
f 2241/2241 2224/2224 2242/2242
f 2241/2241 2242/2242 2243/2243
f 2241/2241 2243/2243 2244/2244
f 2228/2228 2245/2245 2246/2246
f 2228/2228 2246/2246 2247/2247
f 2228/2228 2247/2247 2230/2230
f 2246/2246 2245/2245 2248/2248
f 2231/2231 2249/2249 2228/2228
f 2249/2249 2245/2245 2228/2228
f 2232/2232 2250/2250 2231/2231
f 2250/2250 2249/2249 2231/2231
f 2233/2233 2251/2251 2232/2232
f 2251/2251 2250/2250 2232/2232
f 2252/2252 2233/2233 2235/2235
f 2252/2252 2235/2235 2253/2253
f 2252/2252 2253/2253 2254/2254
f 2252/2252 2251/2251 2233/2233
f 2255/2255 2252/2252 2254/2254
f 2236/2236 2256/2256 2257/2257
f 2236/2236 2257/2257 2238/2238
f 2256/2256 2258/2258 2259/2259
f 2256/2256 2259/2259 2257/2257
f 2239/2239 2260/2260 2236/2236
f 2260/2260 2256/2256 2236/2236
f 2240/2240 2261/2261 2239/2239
f 2261/2261 2260/2260 2239/2239
f 2241/2241 2262/2262 2240/2240
f 2262/2262 2261/2261 2240/2240
f 2263/2263 2241/2241 2244/2244
f 2262/2262 2241/2241 2263/2263
f 2262/2262 2263/2263 2264/2264
f 2262/2262 2264/2264 2265/2265
f 2245/2245 2266/2266 2267/2267
f 2245/2245 2267/2267 2268/2268
f 2245/2245 2268/2268 2248/2248
f 2267/2267 2266/2266 2269/2269
f 2249/2249 2270/2270 2245/2245
f 2270/2270 2266/2266 2245/2245
f 2250/2250 2271/2271 2249/2249
f 2271/2271 2270/2270 2249/2249
f 2251/2251 2272/2272 2250/2250
f 2272/2272 2271/2271 2250/2250
f 2252/2252 2273/2273 2251/2251
f 2273/2273 2272/2272 2251/2251
f 2274/2274 2252/2252 2255/2255
f 2273/2273 2252/2252 2274/2274
f 2273/2273 2274/2274 2275/2275
f 2273/2273 2275/2275 2276/2276
f 2256/2256 2277/2277 2278/2278
f 2256/2256 2278/2278 2258/2258
f 2278/2278 2277/2277 2279/2279
f 2260/2260 2280/2280 2256/2256
f 2280/2280 2277/2277 2256/2256
f 2261/2261 2281/2281 2260/2260
f 2281/2281 2280/2280 2260/2260
f 2262/2262 2282/2282 2261/2261
f 2282/2282 2281/2281 2261/2261
f 2283/2283 2262/2262 2265/2265
f 2282/2282 2262/2262 2283/2283
f 2282/2282 2283/2283 2284/2284
f 2282/2282 2284/2284 2285/2285
f 2269/2269 2266/2266 2286/2286
f 2270/2270 2287/2287 2266/2266
f 2266/2266 2287/2287 2288/2288
f 2266/2266 2288/2288 2289/2289
f 2266/2266 2289/2289 2286/2286
f 2271/2271 2290/2290 2270/2270
f 2290/2290 2287/2287 2270/2270
f 2272/2272 2291/2291 2271/2271
f 2291/2291 2290/2290 2271/2271
f 2273/2273 2292/2292 2272/2272
f 2292/2292 2291/2291 2272/2272
f 2293/2293 2273/2273 2276/2276
f 2292/2292 2273/2273 2293/2293
f 2292/2292 2293/2293 2294/2294
f 2292/2292 2294/2294 2295/2295
f 2277/2277 2296/2296 2297/2297
f 2277/2277 2297/2297 2279/2279
f 2296/2296 2298/2298 2299/2299
f 2296/2296 2299/2299 2297/2297
f 2280/2280 2300/2300 2277/2277
f 2300/2300 2296/2296 2277/2277
f 2281/2281 2301/2301 2280/2280
f 2301/2301 2300/2300 2280/2280
f 2282/2282 2302/2302 2281/2281
f 2302/2302 2301/2301 2281/2281
f 2303/2303 2282/2282 2285/2285
f 2302/2302 2282/2282 2303/2303
f 2302/2302 2303/2303 2304/2304
f 2287/2287 2305/2305 2306/2306
f 2287/2287 2306/2306 2288/2288
f 2306/2306 2305/2305 2307/2307
f 2290/2290 2308/2308 2287/2287
f 2308/2308 2305/2305 2287/2287
f 2291/2291 2309/2309 2290/2290
f 2309/2309 2308/2308 2290/2290
f 2292/2292 2310/2310 2291/2291
f 2310/2310 2309/2309 2291/2291
f 2311/2311 2292/2292 2295/2295
f 2310/2310 2292/2292 2311/2311
f 2310/2310 2311/2311 2312/2312
f 2296/2296 2313/2313 2314/2314
f 2296/2296 2314/2314 2298/2298
f 2314/2314 2313/2313 2315/2315
f 2300/2300 2316/2316 2296/2296
f 2316/2316 2313/2313 2296/2296
f 2301/2301 2317/2317 2300/2300
f 2317/2317 2316/2316 2300/2300
f 2302/2302 2318/2318 2301/2301
f 2318/2318 2317/2317 2301/2301
f 2302/2302 2304/2304 2319/2319
f 2302/2302 2319/2319 2320/2320
f 2318/2318 2302/2302 2320/2320
f 2318/2318 2320/2320 2321/2321
f 2305/2305 2322/2322 2323/2323
f 2305/2305 2323/2323 2324/2324
f 2305/2305 2324/2324 2307/2307
f 2323/2323 2322/2322 2325/2325
f 2308/2308 2326/2326 2305/2305
f 2326/2326 2322/2322 2305/2305
f 2309/2309 2327/2327 2308/2308
f 2327/2327 2326/2326 2308/2308
f 2310/2310 2328/2328 2309/2309
f 2328/2328 2327/2327 2309/2309
f 2310/2310 2312/2312 2329/2329
f 2310/2310 2329/2329 2330/2330
f 2328/2328 2310/2310 2330/2330
f 2328/2328 2330/2330 2331/2331
f 2313/2313 2332/2332 2333/2333
f 2313/2313 2333/2333 2315/2315
f 2332/2332 2334/2334 2335/2335
f 2332/2332 2335/2335 2333/2333
f 2316/2316 2336/2336 2313/2313
f 2336/2336 2332/2332 2313/2313
f 2317/2317 2337/2337 2316/2316
f 2337/2337 2336/2336 2316/2316
f 2318/2318 2338/2338 2317/2317
f 2338/2338 2337/2337 2317/2317
f 2339/2339 2318/2318 2321/2321
f 2338/2338 2318/2318 2339/2339
f 2338/2338 2339/2339 2340/2340
f 2322/2322 2341/2341 2342/2342
f 2322/2322 2342/2342 2343/2343
f 2322/2322 2343/2343 2325/2325
f 2342/2342 2341/2341 2344/2344
f 2326/2326 2345/2345 2322/2322
f 2345/2345 2341/2341 2322/2322
f 2327/2327 2346/2346 2326/2326
f 2346/2346 2345/2345 2326/2326
f 2328/2328 2347/2347 2327/2327
f 2347/2347 2346/2346 2327/2327
f 2348/2348 2328/2328 2331/2331
f 2348/2348 2331/2331 2349/2349
f 2348/2348 2349/2349 2350/2350
f 2348/2348 2347/2347 2328/2328
f 2351/2351 2348/2348 2350/2350
f 2332/2332 2352/2352 2353/2353
f 2332/2332 2353/2353 2354/2354
f 2332/2332 2354/2354 2334/2334
f 2352/2352 2355/2355 2356/2356
f 2352/2352 2356/2356 2353/2353
f 2336/2336 2357/2357 2332/2332
f 2357/2357 2352/2352 2332/2332
f 2337/2337 2358/2358 2336/2336
f 2358/2358 2357/2357 2336/2336
f 2338/2338 2359/2359 2337/2337
f 2359/2359 2358/2358 2337/2337
f 2360/2360 2338/2338 2340/2340
f 2360/2360 2340/2340 2361/2361
f 2360/2360 2361/2361 2362/2362
f 2359/2359 2338/2338 2360/2360
f 2359/2359 2360/2360 2363/2363
f 2344/2344 2341/2341 2364/2364
f 2345/2345 2365/2365 2341/2341
f 2341/2341 2365/2365 2366/2366
f 2341/2341 2366/2366 2364/2364
f 2346/2346 2367/2367 2345/2345
f 2367/2367 2365/2365 2345/2345
f 2347/2347 2368/2368 2346/2346
f 2368/2368 2367/2367 2346/2346
f 2348/2348 2369/2369 2347/2347
f 2369/2369 2368/2368 2347/2347
f 2370/2370 2348/2348 2351/2351
f 2369/2369 2348/2348 2370/2370
f 2369/2369 2370/2370 2371/2371
f 2369/2369 2371/2371 2372/2372
f 2352/2352 2373/2373 2374/2374
f 2352/2352 2374/2374 2355/2355
f 2374/2374 2373/2373 2375/2375
f 2357/2357 2376/2376 2352/2352
f 2376/2376 2373/2373 2352/2352
f 2358/2358 2377/2377 2357/2357
f 2377/2377 2376/2376 2357/2357
f 2359/2359 2378/2378 2358/2358
f 2378/2378 2377/2377 2358/2358
f 2379/2379 2359/2359 2363/2363
f 2378/2378 2359/2359 2379/2379
f 2378/2378 2379/2379 2380/2380
f 2365/2365 2381/2381 2382/2382
f 2365/2365 2382/2382 2366/2366
f 2381/2381 2383/2383 2384/2384
f 2381/2381 2384/2384 2382/2382
f 2367/2367 2385/2385 2365/2365
f 2385/2385 2381/2381 2365/2365
f 2368/2368 2386/2386 2367/2367
f 2386/2386 2385/2385 2367/2367
f 2369/2369 2387/2387 2368/2368
f 2387/2387 2386/2386 2368/2368
f 2369/2369 2372/2372 2388/2388
f 2369/2369 2388/2388 2389/2389
f 2387/2387 2369/2369 2389/2389
f 2387/2387 2389/2389 2390/2390
f 2391/2391 2392/2392 2393/2393
f 2391/2391 2393/2393 2394/2394
f 2392/2392 2391/2391 2395/2395
f 2373/2373 2396/2396 2397/2397
f 2373/2373 2397/2397 2375/2375
f 2396/2396 2391/2391 2394/2394
f 2396/2396 2394/2394 2397/2397
f 2376/2376 2398/2398 2373/2373
f 2398/2398 2396/2396 2373/2373
f 2377/2377 2399/2399 2376/2376
f 2399/2399 2398/2398 2376/2376
f 2378/2378 2400/2400 2377/2377
f 2400/2400 2399/2399 2377/2377
f 2378/2378 2380/2380 2401/2401
f 2378/2378 2401/2401 2402/2402
f 2400/2400 2378/2378 2402/2402
f 2400/2400 2402/2402 2403/2403
f 2381/2381 2404/2404 2405/2405
f 2381/2381 2405/2405 2406/2406
f 2381/2381 2406/2406 2383/2383
f 2405/2405 2404/2404 2407/2407
f 2385/2385 2408/2408 2381/2381
f 2408/2408 2404/2404 2381/2381
f 2386/2386 2409/2409 2385/2385
f 2409/2409 2408/2408 2385/2385
f 2387/2387 2410/2410 2386/2386
f 2410/2410 2409/2409 2386/2386
f 2411/2411 2387/2387 2390/2390
f 2410/2410 2387/2387 2411/2411
f 2410/2410 2411/2411 2412/2412
f 2391/2391 2413/2413 2414/2414
f 2391/2391 2414/2414 2415/2415
f 2391/2391 2415/2415 2395/2395
f 2414/2414 2413/2413 2416/2416
f 2396/2396 2417/2417 2391/2391
f 2417/2417 2413/2413 2391/2391
f 2398/2398 2418/2418 2396/2396
f 2418/2418 2417/2417 2396/2396
f 2399/2399 2419/2419 2398/2398
f 2419/2419 2418/2418 2398/2398
f 2400/2400 2420/2420 2399/2399
f 2420/2420 2419/2419 2399/2399
f 2421/2421 2400/2400 2403/2403
f 2420/2420 2400/2400 2421/2421
f 2420/2420 2421/2421 2422/2422
f 2420/2420 2422/2422 2423/2423
f 2404/2404 2424/2424 2425/2425
f 2404/2404 2425/2425 2426/2426
f 2404/2404 2426/2426 2407/2407
f 2425/2425 2424/2424 2427/2427
f 2408/2408 2428/2428 2404/2404
f 2428/2428 2424/2424 2404/2404
f 2409/2409 2429/2429 2408/2408
f 2429/2429 2428/2428 2408/2408
f 2410/2410 2430/2430 2409/2409
f 2430/2430 2429/2429 2409/2409
f 2410/2410 2412/2412 2431/2431
f 2410/2410 2431/2431 2432/2432
f 2430/2430 2410/2410 2432/2432
f 2430/2430 2432/2432 2433/2433
f 2413/2413 2434/2434 2435/2435
f 2413/2413 2435/2435 2436/2436
f 2413/2413 2436/2436 2416/2416
f 2435/2435 2434/2434 2437/2437
f 2417/2417 2438/2438 2413/2413
f 2438/2438 2434/2434 2413/2413
f 2418/2418 2439/2439 2417/2417
f 2439/2439 2438/2438 2417/2417
f 2419/2419 2440/2440 2418/2418
f 2440/2440 2439/2439 2418/2418
f 2419/2419 2420/2420 2441/2441
f 2419/2419 2441/2441 2442/2442
f 2440/2440 2419/2419 2442/2442
f 2440/2440 2442/2442 2443/2443
f 2444/2444 2420/2420 2423/2423
f 2420/2420 2444/2444 2445/2445
f 2420/2420 2445/2445 2441/2441
f 2424/2424 2446/2446 2447/2447
f 2424/2424 2447/2447 2448/2448
f 2424/2424 2448/2448 2427/2427
f 2447/2447 2446/2446 2449/2449
f 2428/2428 2450/2450 2424/2424
f 2450/2450 2446/2446 2424/2424
f 2429/2429 2451/2451 2428/2428
f 2451/2451 2450/2450 2428/2428
f 2430/2430 2452/2452 2429/2429
f 2452/2452 2451/2451 2429/2429
f 2453/2453 2430/2430 2433/2433
f 2453/2453 2433/2433 2454/2454
f 2453/2453 2452/2452 2430/2430
f 2455/2455 2453/2453 2454/2454
f 2434/2434 2456/2456 2457/2457
f 2434/2434 2457/2457 2458/2458
f 2434/2434 2458/2458 2437/2437
f 2457/2457 2456/2456 2459/2459
f 2438/2438 2460/2460 2434/2434
f 2460/2460 2456/2456 2434/2434
f 2439/2439 2461/2461 2438/2438
f 2461/2461 2460/2460 2438/2438
f 2440/2440 2462/2462 2439/2439
f 2462/2462 2461/2461 2439/2439
f 2440/2440 2443/2443 2463/2463
f 2440/2440 2463/2463 2464/2464
f 2462/2462 2440/2440 2464/2464
f 2462/2462 2464/2464 2465/2465
f 2462/2462 2465/2465 2466/2466
f 2446/2446 2467/2467 2468/2468
f 2446/2446 2468/2468 2449/2449
f 2450/2450 2469/2469 2446/2446
f 2446/2446 2469/2469 2470/2470
f 2446/2446 2470/2470 2467/2467
f 2451/2451 2471/2471 2450/2450
f 2471/2471 2469/2469 2450/2450
f 2452/2452 2472/2472 2451/2451
f 2472/2472 2471/2471 2451/2451
f 2453/2453 2473/2473 2452/2452
f 2473/2473 2472/2472 2452/2452
f 2474/2474 2453/2453 2455/2455
f 2473/2473 2453/2453 2474/2474
f 2473/2473 2474/2474 2475/2475
f 2473/2473 2475/2475 2476/2476
f 2456/2456 2477/2477 2478/2478
f 2456/2456 2478/2478 2479/2479
f 2456/2456 2479/2479 2459/2459
f 2478/2478 2477/2477 2480/2480
f 2460/2460 2481/2481 2456/2456
f 2481/2481 2477/2477 2456/2456
f 2461/2461 2482/2482 2460/2460
f 2482/2482 2481/2481 2460/2460
f 2462/2462 2483/2483 2461/2461
f 2483/2483 2482/2482 2461/2461
f 2484/2484 2462/2462 2466/2466
f 2483/2483 2462/2462 2484/2484
f 2483/2483 2484/2484 2485/2485
f 2483/2483 2485/2485 2486/2486
f 2469/2469 2487/2487 2488/2488
f 2469/2469 2488/2488 2470/2470
f 2488/2488 2487/2487 2489/2489
f 2471/2471 2490/2490 2469/2469
f 2490/2490 2487/2487 2469/2469
f 2472/2472 2491/2491 2471/2471
f 2491/2491 2490/2490 2471/2471
f 2473/2473 2492/2492 2472/2472
f 2492/2492 2491/2491 2472/2472
f 2493/2493 2473/2473 2476/2476
f 2492/2492 2473/2473 2493/2493
f 2492/2492 2493/2493 2494/2494
f 2477/2477 2495/2495 2496/2496
f 2477/2477 2496/2496 2497/2497
f 2477/2477 2497/2497 2480/2480
f 2496/2496 2495/2495 2498/2498
f 2481/2481 2499/2499 2477/2477
f 2499/2499 2495/2495 2477/2477
f 2482/2482 2500/2500 2481/2481
f 2500/2500 2499/2499 2481/2481
f 2483/2483 2501/2501 2482/2482
f 2501/2501 2500/2500 2482/2482
f 2502/2502 2483/2483 2486/2486
f 2501/2501 2483/2483 2502/2502
f 2501/2501 2502/2502 2503/2503
f 2501/2501 2503/2503 2504/2504
f 2487/2487 2505/2505 2506/2506
f 2487/2487 2506/2506 2507/2507
f 2487/2487 2507/2507 2489/2489
f 2506/2506 2505/2505 2508/2508
f 2490/2490 2509/2509 2487/2487
f 2509/2509 2505/2505 2487/2487
f 2491/2491 2510/2510 2490/2490
f 2510/2510 2509/2509 2490/2490
f 2492/2492 2511/2511 2491/2491
f 2511/2511 2510/2510 2491/2491
f 2492/2492 2494/2494 2512/2512
f 2492/2492 2512/2512 2513/2513
f 2511/2511 2492/2492 2513/2513
f 2511/2511 2513/2513 2514/2514
f 2515/2515 2516/2516 2517/2517
f 2515/2515 2517/2517 2518/2518
f 2516/2516 2515/2515 2519/2519
f 2495/2495 2520/2520 2521/2521
f 2495/2495 2521/2521 2498/2498
f 2520/2520 2515/2515 2518/2518
f 2520/2520 2518/2518 2521/2521
f 2499/2499 2522/2522 2495/2495
f 2522/2522 2520/2520 2495/2495
f 2500/2500 2523/2523 2499/2499
f 2523/2523 2522/2522 2499/2499
f 2501/2501 2524/2524 2500/2500
f 2524/2524 2523/2523 2500/2500
f 2525/2525 2501/2501 2504/2504
f 2525/2525 2504/2504 2526/2526
f 2524/2524 2501/2501 2525/2525
f 2524/2524 2525/2525 2527/2527
f 2505/2505 2528/2528 2529/2529
f 2505/2505 2529/2529 2530/2530
f 2505/2505 2530/2530 2508/2508
f 2529/2529 2528/2528 2531/2531
f 2509/2509 2532/2532 2505/2505
f 2532/2532 2528/2528 2505/2505
f 2510/2510 2533/2533 2509/2509
f 2533/2533 2532/2532 2509/2509
f 2511/2511 2534/2534 2510/2510
f 2534/2534 2533/2533 2510/2510
f 2535/2535 2511/2511 2514/2514
f 2535/2535 2514/2514 2536/2536
f 2535/2535 2536/2536 2537/2537
f 2535/2535 2534/2534 2511/2511
f 2538/2538 2535/2535 2537/2537
f 2515/2515 2539/2539 2540/2540
f 2515/2515 2540/2540 2519/2519
f 2540/2540 2539/2539 2541/2541
f 2520/2520 2542/2542 2515/2515
f 2542/2542 2539/2539 2515/2515
f 2522/2522 2543/2543 2520/2520
f 2543/2543 2542/2542 2520/2520
f 2523/2523 2544/2544 2522/2522
f 2544/2544 2543/2543 2522/2522
f 2524/2524 2545/2545 2523/2523
f 2545/2545 2544/2544 2523/2523
f 2524/2524 2527/2527 2546/2546
f 2524/2524 2546/2546 2547/2547
f 2545/2545 2524/2524 2547/2547
f 2545/2545 2547/2547 2548/2548
f 2545/2545 2548/2548 2549/2549
f 2528/2528 2550/2550 2551/2551
f 2528/2528 2551/2551 2552/2552
f 2528/2528 2552/2552 2531/2531
f 2551/2551 2550/2550 2553/2553
f 2532/2532 2554/2554 2528/2528
f 2554/2554 2550/2550 2528/2528
f 2533/2533 2555/2555 2532/2532
f 2555/2555 2554/2554 2532/2532
f 2534/2534 2556/2556 2533/2533
f 2556/2556 2555/2555 2533/2533
f 2535/2535 2557/2557 2534/2534
f 2557/2557 2556/2556 2534/2534
f 2558/2558 2535/2535 2538/2538
f 2557/2557 2535/2535 2558/2558
f 2557/2557 2558/2558 2559/2559
f 2557/2557 2559/2559 2560/2560
f 2539/2539 2561/2561 2562/2562
f 2539/2539 2562/2562 2541/2541
f 2561/2561 2563/2563 2564/2564
f 2561/2561 2564/2564 2562/2562
f 2542/2542 2565/2565 2539/2539
f 2565/2565 2561/2561 2539/2539
f 2543/2543 2566/2566 2542/2542
f 2566/2566 2565/2565 2542/2542
f 2544/2544 2567/2567 2543/2543
f 2567/2567 2566/2566 2543/2543
f 2544/2544 2545/2545 2568/2568
f 2544/2544 2568/2568 2569/2569
f 2567/2567 2544/2544 2569/2569
f 2567/2567 2569/2569 2570/2570
f 2567/2567 2570/2570 2571/2571
f 2572/2572 2545/2545 2549/2549
f 2568/2568 2545/2545 2572/2572
f 2550/2550 2573/2573 2574/2574
f 2550/2550 2574/2574 2553/2553
f 2554/2554 2575/2575 2550/2550
f 2550/2550 2575/2575 2576/2576
f 2550/2550 2576/2576 2573/2573
f 2555/2555 2577/2577 2554/2554
f 2577/2577 2575/2575 2554/2554
f 2556/2556 2578/2578 2555/2555
f 2578/2578 2577/2577 2555/2555
f 2557/2557 2579/2579 2556/2556
f 2579/2579 2578/2578 2556/2556
f 2557/2557 2560/2560 2580/2580
f 2557/2557 2580/2580 2581/2581
f 2579/2579 2557/2557 2581/2581
f 2579/2579 2581/2581 2582/2582
f 2561/2561 2583/2583 2584/2584
f 2561/2561 2584/2584 2563/2563
f 2584/2584 2583/2583 2585/2585
f 2565/2565 2586/2586 2561/2561
f 2586/2586 2583/2583 2561/2561
f 2566/2566 2587/2587 2565/2565
f 2587/2587 2586/2586 2565/2565
f 2567/2567 2588/2588 2566/2566
f 2588/2588 2587/2587 2566/2566
f 2589/2589 2567/2567 2571/2571
f 2588/2588 2567/2567 2589/2589
f 2588/2588 2589/2589 2590/2590
f 2588/2588 2590/2590 2591/2591
f 2575/2575 2592/2592 2593/2593
f 2575/2575 2593/2593 2594/2594
f 2575/2575 2594/2594 2576/2576
f 2592/2592 2595/2595 2596/2596
f 2592/2592 2596/2596 2593/2593
f 2577/2577 2597/2597 2575/2575
f 2597/2597 2592/2592 2575/2575
f 2578/2578 2598/2598 2577/2577
f 2598/2598 2597/2597 2577/2577
f 2579/2579 2599/2599 2578/2578
f 2599/2599 2598/2598 2578/2578
f 2600/2600 2579/2579 2582/2582
f 2599/2599 2579/2579 2600/2600
f 2599/2599 2600/2600 2601/2601
f 2602/2602 2603/2603 2604/2604
f 2604/2604 2603/2603 2605/2605
f 2583/2583 2606/2606 2607/2607
f 2583/2583 2607/2607 2585/2585
f 2606/2606 2603/2603 2602/2602
f 2606/2606 2602/2602 2607/2607
f 2586/2586 2608/2608 2583/2583
f 2608/2608 2606/2606 2583/2583
f 2587/2587 2609/2609 2586/2586
f 2609/2609 2608/2608 2586/2586
f 2588/2588 2610/2610 2587/2587
f 2610/2610 2609/2609 2587/2587
f 2611/2611 2588/2588 2591/2591
f 2610/2610 2588/2588 2611/2611
f 2610/2610 2611/2611 2612/2612
f 2610/2610 2612/2612 2613/2613
f 2592/2592 2614/2614 2615/2615
f 2592/2592 2615/2615 2595/2595
f 2615/2615 2614/2614 2616/2616
f 2597/2597 2617/2617 2592/2592
f 2617/2617 2614/2614 2592/2592
f 2598/2598 2618/2618 2597/2597
f 2618/2618 2617/2617 2597/2597
f 2599/2599 2619/2619 2598/2598
f 2619/2619 2618/2618 2598/2598
f 2599/2599 2601/2601 2620/2620
f 2599/2599 2620/2620 2621/2621
f 2619/2619 2599/2599 2621/2621
f 2619/2619 2621/2621 2622/2622
f 2603/2603 2623/2623 2624/2624
f 2603/2603 2624/2624 2625/2625
f 2603/2603 2625/2625 2605/2605
f 2624/2624 2623/2623 2626/2626
f 2606/2606 2627/2627 2603/2603
f 2627/2627 2623/2623 2603/2603
f 2608/2608 2628/2628 2606/2606
f 2628/2628 2627/2627 2606/2606
f 2609/2609 2629/2629 2608/2608
f 2629/2629 2628/2628 2608/2608
f 2609/2609 2610/2610 2630/2630
f 2609/2609 2630/2630 2631/2631
f 2629/2629 2609/2609 2631/2631
f 2629/2629 2631/2631 2632/2632
f 2633/2633 2610/2610 2613/2613
f 2610/2610 2633/2633 2634/2634
f 2610/2610 2634/2634 2630/2630
f 2614/2614 2635/2635 2636/2636
f 2614/2614 2636/2636 2616/2616
f 2635/2635 2637/2637 2638/2638
f 2635/2635 2638/2638 2636/2636
f 2617/2617 2639/2639 2614/2614
f 2639/2639 2635/2635 2614/2614
f 2618/2618 2640/2640 2617/2617
f 2640/2640 2639/2639 2617/2617
f 2619/2619 2641/2641 2618/2618
f 2641/2641 2640/2640 2618/2618
f 2642/2642 2619/2619 2622/2622
f 2642/2642 2622/2622 2643/2643
f 2642/2642 2643/2643 2644/2644
f 2642/2642 2641/2641 2619/2619
f 2645/2645 2642/2642 2644/2644
f 2623/2623 2646/2646 2647/2647
f 2623/2623 2647/2647 2648/2648
f 2623/2623 2648/2648 2626/2626
f 2646/2646 2649/2649 2650/2650
f 2646/2646 2650/2650 2647/2647
f 2627/2627 2651/2651 2623/2623
f 2651/2651 2646/2646 2623/2623
f 2628/2628 2652/2652 2627/2627
f 2652/2652 2651/2651 2627/2627
f 2629/2629 2653/2653 2628/2628
f 2653/2653 2652/2652 2628/2628
f 2654/2654 2629/2629 2632/2632
f 2653/2653 2629/2629 2654/2654
f 2653/2653 2654/2654 2655/2655
f 2637/2637 2635/2635 2656/2656
f 2639/2639 2657/2657 2635/2635
f 2635/2635 2657/2657 2658/2658
f 2635/2635 2658/2658 2659/2659
f 2635/2635 2659/2659 2656/2656
f 2640/2640 2660/2660 2639/2639
f 2660/2660 2657/2657 2639/2639
f 2641/2641 2661/2661 2640/2640
f 2661/2661 2660/2660 2640/2640
f 2642/2642 2662/2662 2641/2641
f 2662/2662 2661/2661 2641/2641
f 2642/2642 2645/2645 2663/2663
f 2642/2642 2663/2663 2664/2664
f 2662/2662 2642/2642 2664/2664
f 2662/2662 2664/2664 2665/2665
f 2662/2662 2665/2665 2666/2666
f 2667/2667 2668/2668 2669/2669
f 2669/2669 2668/2668 2670/2670
f 2646/2646 2671/2671 2672/2672
f 2646/2646 2672/2672 2649/2649
f 2671/2671 2668/2668 2667/2667
f 2671/2671 2667/2667 2672/2672
f 2651/2651 2673/2673 2646/2646
f 2673/2673 2671/2671 2646/2646
f 2652/2652 2674/2674 2651/2651
f 2674/2674 2673/2673 2651/2651
f 2653/2653 2675/2675 2652/2652
f 2675/2675 2674/2674 2652/2652
f 2676/2676 2653/2653 2655/2655
f 2676/2676 2655/2655 2677/2677
f 2675/2675 2653/2653 2676/2676
f 2675/2675 2676/2676 2678/2678
f 2675/2675 2678/2678 2679/2679
f 2657/2657 2680/2680 2681/2681
f 2657/2657 2681/2681 2658/2658
f 2681/2681 2680/2680 2682/2682
f 2660/2660 2683/2683 2657/2657
f 2683/2683 2680/2680 2657/2657
f 2661/2661 2684/2684 2660/2660
f 2684/2684 2683/2683 2660/2660
f 2662/2662 2685/2685 2661/2661
f 2685/2685 2684/2684 2661/2661
f 2686/2686 2662/2662 2666/2666
f 2685/2685 2662/2662 2686/2686
f 2685/2685 2686/2686 2687/2687
f 2685/2685 2687/2687 2688/2688
f 2689/2689 2690/2690 2691/2691
f 2691/2691 2690/2690 2692/2692
f 2668/2668 2693/2693 2694/2694
f 2668/2668 2694/2694 2695/2695
f 2668/2668 2695/2695 2670/2670
f 2693/2693 2690/2690 2689/2689
f 2693/2693 2689/2689 2694/2694
f 2671/2671 2696/2696 2668/2668
f 2696/2696 2693/2693 2668/2668
f 2673/2673 2697/2697 2671/2671
f 2697/2697 2696/2696 2671/2671
f 2674/2674 2698/2698 2673/2673
f 2698/2698 2697/2697 2673/2673
f 2674/2674 2675/2675 2699/2699
f 2674/2674 2699/2699 2700/2700
f 2674/2674 2700/2700 2701/2701
f 2698/2698 2674/2674 2701/2701
f 2698/2698 2701/2701 2702/2702
f 2703/2703 2675/2675 2679/2679
f 2699/2699 2675/2675 2703/2703
f 2680/2680 2704/2704 2705/2705
f 2680/2680 2705/2705 2682/2682
f 2704/2704 2706/2706 2707/2707
f 2704/2704 2707/2707 2705/2705
f 2683/2683 2708/2708 2680/2680
f 2708/2708 2704/2704 2680/2680
f 2684/2684 2709/2709 2683/2683
f 2709/2709 2708/2708 2683/2683
f 2685/2685 2710/2710 2684/2684
f 2710/2710 2709/2709 2684/2684
f 2711/2711 2685/2685 2688/2688
f 2710/2710 2685/2685 2711/2711
f 2710/2710 2711/2711 2712/2712
f 2710/2710 2712/2712 2713/2713
f 2690/2690 2714/2714 2715/2715
f 2690/2690 2715/2715 2716/2716
f 2690/2690 2716/2716 2692/2692
f 2715/2715 2714/2714 2717/2717
f 2693/2693 2718/2718 2690/2690
f 2718/2718 2714/2714 2690/2690
f 2696/2696 2719/2719 2693/2693
f 2719/2719 2718/2718 2693/2693
f 2697/2697 2720/2720 2696/2696
f 2720/2720 2719/2719 2696/2696
f 2698/2698 2721/2721 2697/2697
f 2721/2721 2720/2720 2697/2697
f 2722/2722 2698/2698 2702/2702
f 2721/2721 2698/2698 2722/2722
f 2721/2721 2722/2722 2723/2723
f 2721/2721 2723/2723 2724/2724
f 2704/2704 2725/2725 2726/2726
f 2704/2704 2726/2726 2706/2706
f 2726/2726 2725/2725 2727/2727
f 2708/2708 2728/2728 2704/2704
f 2728/2728 2725/2725 2704/2704
f 2709/2709 2729/2729 2708/2708
f 2729/2729 2728/2728 2708/2708
f 2710/2710 2730/2730 2709/2709
f 2730/2730 2729/2729 2709/2709
f 2731/2731 2710/2710 2713/2713
f 2731/2731 2713/2713 2732/2732
f 2731/2731 2732/2732 2733/2733
f 2731/2731 2730/2730 2710/2710
f 2734/2734 2731/2731 2733/2733
f 2735/2735 2736/2736 2737/2737
f 2735/2735 2737/2737 2738/2738
f 2736/2736 2735/2735 2739/2739
f 2714/2714 2740/2740 2741/2741
f 2714/2714 2741/2741 2717/2717
f 2740/2740 2735/2735 2738/2738
f 2740/2740 2738/2738 2741/2741
f 2718/2718 2742/2742 2714/2714
f 2742/2742 2740/2740 2714/2714
f 2719/2719 2743/2743 2718/2718
f 2743/2743 2742/2742 2718/2718
f 2720/2720 2744/2744 2719/2719
f 2744/2744 2743/2743 2719/2719
f 2720/2720 2721/2721 2745/2745
f 2720/2720 2745/2745 2746/2746
f 2720/2720 2746/2746 2747/2747
f 2744/2744 2720/2720 2747/2747
f 2744/2744 2747/2747 2748/2748
f 2749/2749 2721/2721 2724/2724
f 2745/2745 2721/2721 2749/2749
f 2725/2725 2750/2750 2751/2751
f 2725/2725 2751/2751 2752/2752
f 2725/2725 2752/2752 2727/2727
f 2751/2751 2750/2750 2753/2753
f 2728/2728 2754/2754 2725/2725
f 2754/2754 2750/2750 2725/2725
f 2729/2729 2755/2755 2728/2728
f 2755/2755 2754/2754 2728/2728
f 2730/2730 2756/2756 2729/2729
f 2756/2756 2755/2755 2729/2729
f 2731/2731 2757/2757 2730/2730
f 2757/2757 2756/2756 2730/2730
f 2758/2758 2731/2731 2734/2734
f 2757/2757 2731/2731 2758/2758
f 2757/2757 2758/2758 2759/2759
f 2757/2757 2759/2759 2760/2760
f 2735/2735 2761/2761 2762/2762
f 2735/2735 2762/2762 2763/2763
f 2735/2735 2763/2763 2739/2739
f 2762/2762 2761/2761 2764/2764
f 2740/2740 2765/2765 2735/2735
f 2765/2765 2761/2761 2735/2735
f 2742/2742 2766/2766 2740/2740
f 2766/2766 2765/2765 2740/2740
f 2743/2743 2767/2767 2742/2742
f 2767/2767 2766/2766 2742/2742
f 2744/2744 2768/2768 2743/2743
f 2768/2768 2767/2767 2743/2743
f 2744/2744 2748/2748 2769/2769
f 2744/2744 2769/2769 2770/2770
f 2768/2768 2744/2744 2770/2770
f 2768/2768 2770/2770 2771/2771
f 2768/2768 2771/2771 2772/2772
f 2753/2753 2750/2750 2773/2773
f 2754/2754 2774/2774 2750/2750
f 2750/2750 2774/2774 2775/2775
f 2750/2750 2775/2775 2776/2776
f 2750/2750 2776/2776 2773/2773
f 2755/2755 2777/2777 2754/2754
f 2777/2777 2774/2774 2754/2754
f 2756/2756 2778/2778 2755/2755
f 2778/2778 2777/2777 2755/2755
f 2757/2757 2779/2779 2756/2756
f 2779/2779 2778/2778 2756/2756
f 2780/2780 2757/2757 2760/2760
f 2779/2779 2757/2757 2780/2780
f 2779/2779 2780/2780 2781/2781
f 2779/2779 2781/2781 2782/2782
f 2783/2783 2784/2784 2785/2785
f 2785/2785 2784/2784 2786/2786
f 2761/2761 2787/2787 2788/2788
f 2761/2761 2788/2788 2764/2764
f 2787/2787 2784/2784 2783/2783
f 2787/2787 2783/2783 2789/2789
f 2787/2787 2789/2789 2788/2788
f 2765/2765 2790/2790 2761/2761
f 2790/2790 2787/2787 2761/2761
f 2766/2766 2791/2791 2765/2765
f 2791/2791 2790/2790 2765/2765
f 2767/2767 2792/2792 2766/2766
f 2792/2792 2791/2791 2766/2766
f 2767/2767 2768/2768 2793/2793
f 2767/2767 2793/2793 2794/2794
f 2792/2792 2767/2767 2794/2794
f 2792/2792 2794/2794 2795/2795
f 2792/2792 2795/2795 2796/2796
f 2797/2797 2768/2768 2772/2772
f 2793/2793 2768/2768 2797/2797
f 2774/2774 2798/2798 2799/2799
f 2774/2774 2799/2799 2775/2775
f 2798/2798 2800/2800 2801/2801
f 2798/2798 2801/2801 2799/2799
f 2777/2777 2802/2802 2774/2774
f 2802/2802 2798/2798 2774/2774
f 2778/2778 2803/2803 2777/2777
f 2803/2803 2802/2802 2777/2777
f 2779/2779 2804/2804 2778/2778
f 2804/2804 2803/2803 2778/2778
f 2805/2805 2779/2779 2782/2782
f 2804/2804 2779/2779 2805/2805
f 2804/2804 2805/2805 2806/2806
f 2804/2804 2806/2806 2807/2807
f 2808/2808 2809/2809 2810/2810
f 2810/2810 2809/2809 2811/2811
f 2784/2784 2812/2812 2813/2813
f 2784/2784 2813/2813 2786/2786
f 2812/2812 2809/2809 2808/2808
f 2812/2812 2808/2808 2814/2814
f 2812/2812 2814/2814 2813/2813
f 2787/2787 2815/2815 2784/2784
f 2815/2815 2812/2812 2784/2784
f 2790/2790 2816/2816 2787/2787
f 2816/2816 2815/2815 2787/2787
f 2791/2791 2817/2817 2790/2790
f 2817/2817 2816/2816 2790/2790
f 2791/2791 2792/2792 2818/2818
f 2791/2791 2818/2818 2819/2819
f 2817/2817 2791/2791 2819/2819
f 2817/2817 2819/2819 2820/2820
f 2821/2821 2792/2792 2796/2796
f 2792/2792 2821/2821 2822/2822
f 2792/2792 2822/2822 2818/2818
f 2798/2798 2823/2823 2824/2824
f 2798/2798 2824/2824 2800/2800
f 2824/2824 2823/2823 2825/2825
f 2802/2802 2826/2826 2798/2798
f 2826/2826 2823/2823 2798/2798
f 2803/2803 2827/2827 2802/2802
f 2827/2827 2826/2826 2802/2802
f 2804/2804 2828/2828 2803/2803
f 2828/2828 2827/2827 2803/2803
f 2829/2829 2804/2804 2807/2807
f 2828/2828 2804/2804 2829/2829
f 2828/2828 2829/2829 2830/2830
f 2809/2809 2831/2831 2832/2832
f 2809/2809 2832/2832 2833/2833
f 2809/2809 2833/2833 2811/2811
f 2832/2832 2831/2831 2834/2834
f 2812/2812 2835/2835 2809/2809
f 2835/2835 2831/2831 2809/2809
f 2815/2815 2836/2836 2812/2812
f 2836/2836 2835/2835 2812/2812
f 2816/2816 2837/2837 2815/2815
f 2837/2837 2836/2836 2815/2815
f 2817/2817 2838/2838 2816/2816
f 2838/2838 2837/2837 2816/2816
f 2839/2839 2817/2817 2820/2820
f 2838/2838 2817/2817 2839/2839
f 2838/2838 2839/2839 2840/2840
f 2823/2823 2841/2841 2842/2842
f 2823/2823 2842/2842 2843/2843
f 2823/2823 2843/2843 2825/2825
f 2842/2842 2841/2841 2844/2844
f 2826/2826 2845/2845 2823/2823
f 2845/2845 2841/2841 2823/2823
f 2827/2827 2846/2846 2826/2826
f 2846/2846 2845/2845 2826/2826
f 2828/2828 2847/2847 2827/2827
f 2847/2847 2846/2846 2827/2827
f 2848/2848 2828/2828 2830/2830
f 2848/2848 2830/2830 2849/2849
f 2848/2848 2847/2847 2828/2828
f 2850/2850 2848/2848 2849/2849
f 2851/2851 2852/2852 2853/2853
f 2852/2852 2854/2854 2855/2855
f 2852/2852 2855/2855 2853/2853
f 2831/2831 2856/2856 2857/2857
f 2831/2831 2857/2857 2834/2834
f 2856/2856 2852/2852 2851/2851
f 2856/2856 2851/2851 2858/2858
f 2856/2856 2858/2858 2857/2857
f 2835/2835 2859/2859 2831/2831
f 2859/2859 2856/2856 2831/2831
f 2836/2836 2860/2860 2835/2835
f 2860/2860 2859/2859 2835/2835
f 2837/2837 2861/2861 2836/2836
f 2861/2861 2860/2860 2836/2836
f 2837/2837 2838/2838 2862/2862
f 2837/2837 2862/2862 2863/2863
f 2861/2861 2837/2837 2863/2863
f 2861/2861 2863/2863 2864/2864
f 2861/2861 2864/2864 2865/2865
f 2838/2838 2840/2840 2866/2866
f 2838/2838 2866/2866 2867/2867
f 2862/2862 2838/2838 2867/2867
f 2841/2841 2868/2868 2869/2869
f 2841/2841 2869/2869 2844/2844
f 2845/2845 2870/2870 2841/2841
f 2841/2841 2870/2870 2871/2871
f 2841/2841 2871/2871 2868/2868
f 2846/2846 2872/2872 2845/2845
f 2872/2872 2870/2870 2845/2845
f 2847/2847 2873/2873 2846/2846
f 2873/2873 2872/2872 2846/2846
f 2848/2848 2874/2874 2847/2847
f 2874/2874 2873/2873 2847/2847
f 2875/2875 2848/2848 2850/2850
f 2874/2874 2848/2848 2875/2875
f 2874/2874 2875/2875 2876/2876
f 2874/2874 2876/2876 2877/2877
f 2878/2878 2879/2879 2880/2880
f 2880/2880 2879/2879 2881/2881
f 2852/2852 2882/2882 2883/2883
f 2852/2852 2883/2883 2854/2854
f 2882/2882 2879/2879 2878/2878
f 2882/2882 2878/2878 2883/2883
f 2856/2856 2884/2884 2852/2852
f 2884/2884 2882/2882 2852/2852
f 2859/2859 2885/2885 2856/2856
f 2885/2885 2884/2884 2856/2856
f 2860/2860 2886/2886 2859/2859
f 2886/2886 2885/2885 2859/2859
f 2860/2860 2861/2861 2887/2887
f 2860/2860 2887/2887 2888/2888
f 2886/2886 2860/2860 2888/2888
f 2886/2886 2888/2888 2889/2889
f 2890/2890 2861/2861 2865/2865
f 2890/2890 2865/2865 2891/2891
f 2861/2861 2890/2890 2892/2892
f 2861/2861 2892/2892 2887/2887
f 2870/2870 2893/2893 2894/2894
f 2870/2870 2894/2894 2871/2871
f 2894/2894 2893/2893 2895/2895
f 2872/2872 2896/2896 2870/2870
f 2896/2896 2893/2893 2870/2870
f 2873/2873 2897/2897 2872/2872
f 2897/2897 2896/2896 2872/2872
f 2874/2874 2898/2898 2873/2873
f 2898/2898 2897/2897 2873/2873
f 2899/2899 2874/2874 2877/2877
f 2898/2898 2874/2874 2899/2899
f 2898/2898 2899/2899 2900/2900
f 2898/2898 2900/2900 2901/2901
f 2902/2902 2903/2903 2904/2904
f 2904/2904 2903/2903 2905/2905
f 2879/2879 2906/2906 2907/2907
f 2879/2879 2907/2907 2881/2881
f 2906/2906 2903/2903 2902/2902
f 2906/2906 2902/2902 2908/2908
f 2906/2906 2908/2908 2907/2907
f 2882/2882 2909/2909 2879/2879
f 2909/2909 2906/2906 2879/2879
f 2884/2884 2910/2910 2882/2882
f 2910/2910 2909/2909 2882/2882
f 2885/2885 2911/2911 2884/2884
f 2911/2911 2910/2910 2884/2884
f 2886/2886 2912/2912 2885/2885
f 2912/2912 2911/2911 2885/2885
f 2913/2913 2886/2886 2889/2889
f 2912/2912 2886/2886 2913/2913
f 2912/2912 2913/2913 2914/2914
f 2912/2912 2914/2914 2915/2915
f 2893/2893 2916/2916 2917/2917
f 2893/2893 2917/2917 2895/2895
f 2916/2916 2918/2918 2919/2919
f 2916/2916 2919/2919 2917/2917
f 2896/2896 2920/2920 2893/2893
f 2920/2920 2916/2916 2893/2893
f 2897/2897 2921/2921 2896/2896
f 2921/2921 2920/2920 2896/2896
f 2898/2898 2922/2922 2897/2897
f 2922/2922 2921/2921 2897/2897
f 2898/2898 2901/2901 2923/2923
f 2898/2898 2923/2923 2924/2924
f 2922/2922 2898/2898 2924/2924
f 2922/2922 2924/2924 2925/2925
f 2903/2903 2926/2926 2927/2927
f 2903/2903 2927/2927 2928/2928
f 2903/2903 2928/2928 2905/2905
f 2927/2927 2926/2926 2929/2929
f 2906/2906 2930/2930 2903/2903
f 2930/2930 2926/2926 2903/2903
f 2909/2909 2931/2931 2906/2906
f 2931/2931 2930/2930 2906/2906
f 2910/2910 2932/2932 2909/2909
f 2932/2932 2931/2931 2909/2909
f 2911/2911 2933/2933 2910/2910
f 2933/2933 2932/2932 2910/2910
f 2911/2911 2912/2912 2934/2934
f 2911/2911 2934/2934 2935/2935
f 2911/2911 2935/2935 2936/2936
f 2933/2933 2911/2911 2936/2936
f 2933/2933 2936/2936 2937/2937
f 2938/2938 2912/2912 2915/2915
f 2934/2934 2912/2912 2938/2938
f 2916/2916 2939/2939 2940/2940
f 2916/2916 2940/2940 2941/2941
f 2916/2916 2941/2941 2918/2918
f 2940/2940 2939/2939 2942/2942
f 2920/2920 2943/2943 2916/2916
f 2943/2943 2939/2939 2916/2916
f 2921/2921 2944/2944 2920/2920
f 2944/2944 2943/2943 2920/2920
f 2922/2922 2945/2945 2921/2921
f 2945/2945 2944/2944 2921/2921
f 2946/2946 2922/2922 2925/2925
f 2945/2945 2922/2922 2946/2946
f 2945/2945 2946/2946 2947/2947
f 2948/2948 2949/2949 2950/2950
f 2948/2948 2950/2950 2951/2951
f 2952/2952 2948/2948 2951/2951
f 2952/2952 2951/2951 2953/2953
f 2952/2952 2953/2953 2954/2954
f 2952/2952 2954/2954 2955/2955
f 2929/2929 2926/2926 2956/2956
f 2929/2929 2956/2956 2957/2957
f 2929/2929 2957/2957 2958/2958
f 2949/2949 2958/2958 2957/2957
f 2949/2949 2957/2957 2959/2959
f 2949/2949 2959/2959 2950/2950
f 2930/2930 2960/2960 2926/2926
f 2926/2926 2960/2960 2961/2961
f 2926/2926 2961/2961 2956/2956
f 2931/2931 2962/2962 2930/2930
f 2962/2962 2960/2960 2930/2930
f 2932/2932 2963/2963 2931/2931
f 2963/2963 2962/2962 2931/2931
f 2932/2932 2933/2933 2964/2964
f 2932/2932 2964/2964 2965/2965
f 2963/2963 2932/2932 2965/2965
f 2963/2963 2965/2965 2966/2966
f 2933/2933 2937/2937 2967/2967
f 2933/2933 2967/2967 2968/2968
f 2964/2964 2933/2933 2968/2968
f 2939/2939 2969/2969 2970/2970
f 2939/2939 2970/2970 2971/2971
f 2939/2939 2971/2971 2942/2942
f 2970/2970 2969/2969 2972/2972
f 2943/2943 2973/2973 2939/2939
f 2973/2973 2969/2969 2939/2939
f 2944/2944 2974/2974 2943/2943
f 2974/2974 2973/2973 2943/2943
f 2945/2945 2975/2975 2944/2944
f 2975/2975 2974/2974 2944/2944
f 2976/2976 2945/2945 2947/2947
f 2976/2976 2947/2947 2977/2977
f 2976/2976 2975/2975 2945/2945
f 2976/2976 2977/2977 2978/2978
f 2976/2976 2978/2978 2979/2979
f 2980/2980 2981/2981 2982/2982
f 2980/2980 2982/2982 2983/2983
f 2984/2984 2980/2980 2983/2983
f 2984/2984 2983/2983 2985/2985
f 2984/2984 2985/2985 2986/2986
f 2987/2987 2955/2955 2954/2954
f 2987/2987 2954/2954 2988/2988
f 2989/2989 2987/2987 2988/2988
f 2989/2989 2988/2988 2990/2990
f 2989/2989 2990/2990 2982/2982
f 2989/2989 2982/2982 2981/2981
f 2960/2960 2991/2991 2992/2992
f 2960/2960 2992/2992 2961/2961
f 2960/2960 2962/2962 2993/2993
f 2960/2960 2993/2993 2994/2994
f 2960/2960 2994/2994 2995/2995
f 2960/2960 2995/2995 2991/2991
f 2962/2962 2963/2963 2996/2996
f 2962/2962 2996/2996 2997/2997
f 2993/2993 2962/2962 2997/2997
f 2993/2993 2997/2997 2998/2998
f 2993/2993 2998/2998 2999/2999
f 3000/3000 2963/2963 2966/2966
f 2963/2963 3000/3000 3001/3001
f 2963/2963 3001/3001 2996/2996
f 2972/2972 2969/2969 3002/3002
f 2973/2973 3003/3003 2969/2969
f 2969/2969 3003/3003 3004/3004
f 2969/2969 3004/3004 3002/3002
f 2974/2974 3005/3005 2973/2973
f 3005/3005 3003/3003 2973/2973
f 2975/2975 3006/3006 2974/2974
f 3006/3006 3005/3005 2974/2974
f 2976/2976 3007/3007 2975/2975
f 3007/3007 3006/3006 2975/2975
f 3008/3008 2976/2976 2979/2979
f 3007/3007 2976/2976 3008/3008
f 3007/3007 3008/3008 3009/3009
f 3007/3007 3009/3009 3010/3010
f 3011/3011 3012/3012 3013/3013
f 3013/3013 3012/3012 3014/3014
f 3015/3015 3016/3016 3017/3017
f 3015/3015 3017/3017 3018/3018
f 3015/3015 3012/3012 3011/3011
f 3015/3015 3011/3011 3019/3019
f 3015/3015 3019/3019 3016/3016
f 3020/3020 2986/2986 2985/2985
f 3020/3020 2985/2985 3021/3021
f 3020/3020 3021/3021 3022/3022
f 3018/3018 3020/3020 3022/3022
f 3018/3018 3022/3022 3023/3023
f 3018/3018 3023/3023 3024/3024
f 3018/3018 3024/3024 3015/3015
f 3025/3025 2999/2999 2998/2998
f 3003/3003 3026/3026 3027/3027
f 3003/3003 3027/3027 3004/3004
f 3026/3026 3028/3028 3029/3029
f 3026/3026 3029/3029 3027/3027
f 3005/3005 3030/3030 3003/3003
f 3030/3030 3026/3026 3003/3003
f 3006/3006 3031/3031 3005/3005
f 3031/3031 3030/3030 3005/3005
f 3007/3007 3032/3032 3006/3006
f 3032/3032 3031/3031 3006/3006
f 3033/3033 3007/3007 3010/3010
f 3032/3032 3007/3007 3033/3033
f 3032/3032 3033/3033 3034/3034
f 3032/3032 3034/3034 3035/3035
f 3036/3036 3037/3037 3038/3038
f 3038/3038 3037/3037 3039/3039
f 3040/3040 3041/3041 3042/3042
f 3041/3041 3037/3037 3036/3036
f 3041/3041 3036/3036 3043/3043
f 3041/3041 3043/3043 3042/3042
f 3012/3012 3044/3044 3045/3045
f 3012/3012 3045/3045 3014/3014
f 3044/3044 3041/3041 3040/3040
f 3044/3044 3040/3040 3046/3046
f 3044/3044 3046/3046 3045/3045
f 3015/3015 3047/3047 3012/3012
f 3047/3047 3044/3044 3012/3012
f 3048/3048 3015/3015 3024/3024
f 3047/3047 3015/3015 3048/3048
f 3047/3047 3048/3048 3049/3049
f 3047/3047 3049/3049 3050/3050
f 3026/3026 3051/3051 3052/3052
f 3026/3026 3052/3052 3028/3028
f 3052/3052 3051/3051 3053/3053
f 3030/3030 3054/3054 3026/3026
f 3054/3054 3051/3051 3026/3026
f 3031/3031 3055/3055 3030/3030
f 3055/3055 3054/3054 3030/3030
f 3032/3032 3056/3056 3031/3031
f 3056/3056 3055/3055 3031/3031
f 3032/3032 3035/3035 3057/3057
f 3032/3032 3057/3057 3058/3058
f 3056/3056 3032/3032 3058/3058
f 3056/3056 3058/3058 3059/3059
f 3060/3060 3061/3061 3062/3062
f 3062/3062 3061/3061 3063/3063
f 3037/3037 3064/3064 3065/3065
f 3037/3037 3065/3065 3066/3066
f 3037/3037 3066/3066 3039/3039
f 3064/3064 3061/3061 3060/3060
f 3064/3064 3060/3060 3065/3065
f 3041/3041 3067/3067 3037/3037
f 3067/3067 3064/3064 3037/3037
f 3044/3044 3068/3068 3041/3041
f 3068/3068 3067/3067 3041/3041
f 3047/3047 3069/3069 3044/3044
f 3069/3069 3068/3068 3044/3044
f 3070/3070 3047/3047 3050/3050
f 3070/3070 3050/3050 3071/3071
f 3070/3070 3069/3069 3047/3047
f 3072/3072 3073/3073 3074/3074
f 3070/3070 3071/3071 3075/3075
f 3070/3070 3075/3075 3076/3076
f 3070/3070 3076/3076 3074/3074
f 3070/3070 3074/3074 3073/3073
f 3077/3077 3073/3073 3072/3072
f 3051/3051 3078/3078 3079/3079
f 3051/3051 3079/3079 3080/3080
f 3051/3051 3080/3080 3053/3053
f 3079/3079 3078/3078 3081/3081
f 3054/3054 3082/3082 3051/3051
f 3082/3082 3078/3078 3051/3051
f 3055/3055 3083/3083 3054/3054
f 3083/3083 3082/3082 3054/3054
f 3056/3056 3084/3084 3055/3055
f 3084/3084 3083/3083 3055/3055
f 3085/3085 3056/3056 3059/3059
f 3085/3085 3059/3059 3086/3086
f 3085/3085 3086/3086 3087/3087
f 3085/3085 3084/3084 3056/3056
f 3088/3088 3085/3085 3087/3087
f 3089/3089 3090/3090 3091/3091
f 3091/3091 3090/3090 3092/3092
f 3093/3093 3094/3094 3095/3095
f 3093/3093 3095/3095 3096/3096
f 3093/3093 3090/3090 3089/3089
f 3093/3093 3089/3089 3097/3097
f 3093/3093 3097/3097 3094/3094
f 3061/3061 3098/3098 3099/3099
f 3061/3061 3099/3099 3063/3063
f 3098/3098 3093/3093 3096/3096
f 3098/3098 3096/3096 3099/3099
f 3064/3064 3100/3100 3061/3061
f 3100/3100 3098/3098 3061/3061
f 3067/3067 3101/3101 3064/3064
f 3101/3101 3100/3100 3064/3064
f 3068/3068 3102/3102 3067/3067
f 3102/3102 3101/3101 3067/3067
f 3069/3069 3103/3103 3068/3068
f 3103/3103 3102/3102 3068/3068
f 3070/3070 3104/3104 3069/3069
f 3104/3104 3103/3103 3069/3069
f 3070/3070 3073/3073 3105/3105
f 3070/3070 3105/3105 3106/3106
f 3104/3104 3070/3070 3106/3106
f 3104/3104 3106/3106 3107/3107
f 3108/3108 3073/3073 3077/3077
f 3108/3108 3077/3077 3109/3109
f 3108/3108 3109/3109 3110/3110
f 3105/3105 3073/3073 3108/3108
f 3078/3078 3111/3111 3112/3112
f 3078/3078 3112/3112 3113/3113
f 3078/3078 3113/3113 3081/3081
f 3112/3112 3111/3111 3114/3114
f 3082/3082 3115/3115 3078/3078
f 3115/3115 3111/3111 3078/3078
f 3083/3083 3116/3116 3082/3082
f 3116/3116 3115/3115 3082/3082
f 3084/3084 3117/3117 3083/3083
f 3117/3117 3116/3116 3083/3083
f 3085/3085 3118/3118 3084/3084
f 3118/3118 3117/3117 3084/3084
f 3119/3119 3085/3085 3088/3088
f 3118/3118 3085/3085 3119/3119
f 3118/3118 3119/3119 3120/3120
f 3118/3118 3120/3120 3121/3121
f 3122/3122 3123/3123 3124/3124
f 3124/3124 3123/3123 3125/3125
f 3126/3126 3127/3127 3128/3128
f 3127/3127 3123/3123 3122/3122
f 3127/3127 3122/3122 3129/3129
f 3127/3127 3129/3129 3128/3128
f 3090/3090 3130/3130 3131/3131
f 3090/3090 3131/3131 3092/3092
f 3130/3130 3127/3127 3126/3126
f 3130/3130 3126/3126 3132/3132
f 3130/3130 3132/3132 3131/3131
f 3093/3093 3133/3133 3090/3090
f 3133/3133 3130/3130 3090/3090
f 3098/3098 3134/3134 3093/3093
f 3134/3134 3133/3133 3093/3093
f 3100/3100 3135/3135 3098/3098
f 3135/3135 3134/3134 3098/3098
f 3101/3101 3136/3136 3100/3100
f 3136/3136 3135/3135 3100/3100
f 3102/3102 3137/3137 3101/3101
f 3137/3137 3136/3136 3101/3101
f 3103/3103 3138/3138 3102/3102
f 3138/3138 3137/3137 3102/3102
f 3103/3103 3104/3104 3139/3139
f 3103/3103 3139/3139 3140/3140
f 3138/3138 3103/3103 3140/3140
f 3138/3138 3140/3140 3141/3141
f 3138/3138 3141/3141 3142/3142
f 3143/3143 3104/3104 3107/3107
f 3104/3104 3143/3143 3144/3144
f 3104/3104 3144/3144 3139/3139
