# OSM contributors ODbL; elevations USGS 3DEP
# Centimeters, Z up. Explicit orientation verification required on import.
o Park_Asphalt_4_17
v -2210.854675 9435.303511 -311.062500
v -2210.854675 9501.970177 -307.416667
v -2243.360386 9469.464467 -307.289691
v -2226.539001 9447.310072 -309.486888
v -2217.422662 9435.303511 -310.677657
v -2268.041316 9501.970177 -306.523125
v -2144.188009 9435.303511 -312.104167
v -2144.188009 9501.970177 -309.500000
v -2077.521342 9435.303511 -315.229167
v -2077.521342 9501.970177 -312.885417
v -2010.854675 9435.303511 -318.093750
v -2010.854675 9501.970177 -314.187500
v -1944.188009 9435.303511 -318.875000
v -1944.188009 9501.970177 -314.708333
v -1877.521342 9435.303511 -318.875000
v -1877.521342 9450.665218 -318.154920
v -1887.244636 9463.471161 -317.554641
v -1899.663823 9479.827696 -316.787929
v -1916.476162 9501.970177 -315.141331
v -1870.891450 9441.933402 -318.745510
v -1865.857508 9435.303511 -319.148371
v -555.836748 9435.303511 -347.396925
v -544.188009 9435.303511 -347.260417
v -544.188009 9443.457484 -347.196714
v -477.521342 9435.303511 -349.604167
v -477.521342 9501.970177 -355.333333
v -498.576734 9501.970177 -352.619162
v -505.835710 9483.311905 -351.829202
v -543.615634 9443.858139 -347.267366
v -410.854675 9435.303511 -363.666667
v -410.854675 9501.970177 -378.510417
v -385.562795 9460.595391 -382.536781
v -375.672583 9435.303511 -378.371682
v -389.577170 9470.861208 -382.721254
v -406.895348 9501.970177 -380.582877
v 722.478658 9435.303511 -770.437500
v 722.478658 9501.970177 -774.604167
v 683.197113 9462.688632 -774.450723
v 684.063414 9448.094688 -773.487842
v 684.822702 9435.303511 -772.643904
v 676.001127 9501.970177 -775.511931
v 681.673908 9488.348948 -775.081887
v 789.145325 9435.303511 -760.802083
v 789.145325 9501.970177 -764.968750
v 855.811991 9435.303511 -759.500000
v 855.811991 9501.970177 -761.843750
v 922.478658 9435.303511 -768.875000
v 922.478658 9501.970177 -771.218750
v 962.915250 9475.740103 -775.825039
v 965.315579 9435.303511 -774.396947
v 961.358224 9501.970177 -776.534316
v 4589.145325 9435.303511 -637.364583
v 4589.145325 9501.970177 -637.885417
v 4548.072434 9460.897287 -636.601889
v 4548.209671 9444.965770 -636.480640
v 4548.292903 9435.303511 -636.407105
v 4547.718626 9501.970177 -637.238124
v 4655.811991 9435.303511 -639.708333
v 4655.811991 9501.970177 -640.489583
v 4722.478658 9435.303511 -643.093750
v 4722.478658 9501.970177 -643.614583
v 4789.145325 9435.303511 -644.135417
v 4789.145325 9501.970177 -644.395833
v 4855.811991 9435.303511 -644.135417
v 4855.811991 9501.970177 -643.875000
v 4868.198080 9447.689599 -643.845118
v 4868.304776 9435.303511 -644.037817
v 4868.197799 9447.722198 -643.844996
v 4867.730498 9501.970177 -643.642217
v -2300.905131 9545.253055 -301.829350
v -2277.521342 9514.455728 -305.643425
v -2277.521342 9555.670267 -303.228510
v -2287.451143 9558.707043 -302.197232
v -2304.066737 9549.417009 -301.771515
v -2297.604551 9561.812203 -301.971391
v -2305.882056 9568.636844 -301.804046
v -2318.659970 9568.636844 -301.504563
v -2210.854675 9549.157056 -304.836134
v -2232.407942 9547.083577 -304.612758
v -2272.132758 9507.358761 -306.164508
v -2245.367495 9545.836835 -304.432693
v -2144.188009 9568.636844 -306.895833
v -2157.943794 9568.636844 -306.251031
v -2190.993240 9551.067776 -305.662647
v -2077.521342 9568.636844 -308.979167
v -2010.854675 9568.636844 -309.760417
v -1944.188009 9538.467719 -313.140080
v -1957.208568 9555.616285 -312.301504
v -1964.772372 9565.578098 -311.403608
v -1967.094816 9568.636844 -311.127912
v -1928.436196 9517.721990 -314.462211
v -477.521342 9568.636844 -365.229167
v -486.579494 9559.578692 -362.716945
v -486.029914 9534.220183 -359.023636
v -486.775806 9568.636844 -362.915551
v -410.854675 9507.733428 -380.401483
v -436.946008 9542.545511 -382.753383
v -442.580905 9550.063811 -380.897853
v -456.501220 9568.636844 -376.313996
v -408.385669 9504.439183 -380.844399
v -407.935342 9503.838339 -380.826636
v 655.811991 9550.447434 -776.663707
v 655.811991 9568.636844 -776.947917
v 650.463982 9563.288835 -776.655447
v 648.236718 9568.636844 -776.681598
v 722.478658 9568.636844 -778.250000
v 670.065164 9516.223350 -776.407338
v 667.945363 9521.313321 -776.445467
v 789.145325 9568.636844 -777.208333
v 855.811991 9568.636844 -776.166667
v 922.478658 9568.636844 -778.770833
v 957.775108 9537.266627 -777.974711
v 959.777795 9528.594514 -777.774260
v 950.530651 9568.636844 -780.962395
v 4589.145325 9568.636844 -638.406250
v 4547.503062 9526.994581 -637.430259
v 4547.675011 9507.033302 -637.276999
v 4547.144349 9568.636844 -637.914051
v 4655.811991 9568.636844 -641.791667
v 4722.478658 9568.636844 -644.916667
v 4789.145325 9568.636844 -644.395833
v 4855.811991 9568.636844 -642.833333
v 4867.628707 9513.786893 -643.367250
v 4867.156221 9568.636844 -642.523140
v -2358.474239 9621.017281 -296.516333
v -2344.188009 9602.253148 -299.199172
v -2344.188009 9604.906816 -299.064415
v -2354.738330 9624.753189 -296.779014
v -2369.351179 9635.303511 -296.537897
v -2360.346875 9635.303511 -296.889628
v -2329.677504 9583.147349 -300.339433
v -2326.877597 9585.947256 -300.230062
v -2339.751788 9596.561774 -299.540174
v -2342.774850 9600.397046 -299.309988
v -2144.188009 9575.949412 -306.553057
v -2077.521342 9630.001370 -305.623294
v -2095.915998 9614.974935 -305.870219
v -2106.477592 9606.347260 -306.011995
v -2142.759773 9576.708661 -306.550941
v -2010.854675 9626.270220 -307.509113
v -2014.753313 9631.404873 -307.262853
v -2017.713470 9635.303511 -306.968705
v -2071.030710 9635.303511 -305.510812
v -1985.980941 9593.510579 -309.760417
v -810.854675 9598.575687 -343.720661
v -810.854675 9635.303511 -342.572917
v -837.135763 9609.022423 -343.188880
v -828.486097 9597.053546 -343.630483
v -826.686780 9594.619623 -343.720600
v -823.163364 9589.959757 -343.893747
v -856.128577 9635.303511 -341.334958
v -758.385429 9635.303511 -343.187791
v -477.521342 9596.682717 -373.445731
v -494.066686 9618.758166 -375.776812
v -498.448498 9614.376354 -373.397625
v -487.213499 9588.832649 -368.722867
v -507.652982 9635.303511 -370.989316
v -506.467269 9635.303511 -371.531224
v -465.506347 9580.651839 -376.493224
v -477.226468 9596.289284 -373.520523
v 655.811991 9635.303511 -776.687500
v 630.862801 9610.354321 -775.907838
v 645.106893 9576.152040 -776.542209
v 620.472309 9635.303511 -775.859226
v 722.478658 9635.303511 -778.770833
v 789.145325 9635.303511 -783.718750
v 855.811991 9635.303511 -786.843750
v 922.478658 9635.303511 -789.187500
v 943.001424 9589.159610 -783.500689
v 949.263769 9574.122743 -781.699163
v 926.425300 9628.961462 -788.489470
v 923.784051 9635.303511 -789.284385
v 4589.145325 9635.303511 -639.187500
v 4546.933689 9593.091875 -638.198165
v 4547.140352 9569.100835 -637.919442
v 4546.570071 9635.303511 -638.522262
v 4655.811991 9635.303511 -642.312500
v 4722.478658 9635.303511 -644.135417
v 4789.145325 9635.303511 -642.833333
v 4855.811991 9635.303511 -641.010417
v 4867.128480 9571.857264 -642.410680
v 4867.059335 9579.884187 -642.130374
v 4866.593820 9633.924796 -640.669067
v 4866.581944 9635.303511 -640.631786
v -2410.854675 9689.815942 -293.000214
v -2410.854675 9701.970177 -292.572917
v -2416.108421 9696.716432 -291.998288
v -2420.108404 9701.970177 -291.994559
v -2382.139618 9652.100382 -294.922931
v -2365.392674 9644.795240 -296.062216
v -2368.549418 9677.608768 -293.759882
v -2387.291330 9658.866856 -294.272356
v -2370.623614 9699.169495 -292.985683
v -2369.767097 9701.970177 -292.893913
v -2049.072223 9653.241208 -305.340478
v -2038.123893 9662.184804 -305.255552
v -877.521342 9664.905505 -340.287469
v -877.521342 9701.970177 -339.708333
v -893.070309 9686.421210 -340.194239
v -904.307235 9701.970177 -339.708333
v -810.854675 9701.970177 -340.750000
v -865.103036 9647.721816 -340.750000
v -864.671326 9647.124443 -340.778139
v -744.188009 9701.970177 -340.750000
v -756.496169 9636.625969 -343.158272
v -744.188009 9645.241529 -342.965963
v -677.521342 9701.970177 -341.270833
v -711.062647 9668.428873 -342.318999
v -704.183186 9673.244410 -342.144327
v -677.521342 9684.971206 -341.602844
v -610.854675 9696.176168 -348.155109
v -610.854675 9701.970177 -348.562500
v -616.777037 9696.047816 -348.030413
v -654.180784 9695.237186 -343.955211
v -548.660040 9676.614975 -363.436659
v -544.188009 9672.332671 -363.115021
v -544.188009 9685.256075 -366.194426
v -551.384478 9694.773708 -367.337851
v -563.694194 9682.463992 -362.481284
v -599.568318 9696.420771 -351.831556
v -556.825869 9701.970177 -366.079652
v -509.206274 9638.835051 -371.534764
v -511.872030 9642.514756 -371.624451
v -512.228288 9642.988000 -371.629853
v -522.680297 9656.811222 -371.766682
v -525.272173 9654.219347 -369.660783
v -542.600371 9683.156357 -366.605754
v 655.811991 9701.970177 -776.687500
v 611.261620 9657.419806 -775.643351
v 592.707899 9701.970177 -775.701499
v 722.478658 9701.970177 -778.250000
v 789.145325 9701.970177 -783.458333
v 855.811991 9701.970177 -790.750000
v 922.478658 9638.437963 -789.518087
v 903.799061 9683.290581 -793.591932
v 903.586830 9683.800181 -793.604382
v 896.019642 9701.970177 -794.048284
v 923.400242 9636.225095 -789.353097
v 4589.145325 9701.970177 -639.187500
v 4546.364317 9659.189169 -638.519047
v 4545.995794 9701.970177 -637.839077
v 4546.071033 9693.235900 -637.977901
v 4655.811991 9701.970177 -641.791667
v 4722.478658 9701.970177 -642.052083
v 4789.145325 9701.970177 -640.750000
v 4855.811991 9701.970177 -638.666667
v 4866.489962 9645.981481 -640.217911
v 4866.059161 9695.992329 -638.476545
v 4866.007667 9701.970177 -638.268398
v -2410.854675 9768.636844 -287.885417
v -2444.925512 9734.566008 -288.151595
v -2421.560237 9703.877076 -291.769740
v -2470.865628 9768.636844 -286.713328
v -2460.980856 9755.653769 -287.261396
v -2354.648247 9751.406551 -290.308478
v -2344.188009 9764.093618 -289.696374
v -2344.188009 9768.636844 -289.447917
v -2340.442208 9768.636844 -289.623501
v -944.188009 9757.154742 -338.414945
v -944.188009 9768.636844 -338.145833
v -949.004855 9763.819998 -338.127018
v -952.485893 9768.636844 -337.789284
v -877.521342 9768.636844 -339.187500
v -921.037582 9725.120604 -339.527471
v -937.041785 9747.266237 -338.758367
v -810.854675 9768.636844 -338.927083
v -744.188009 9768.636844 -338.927083
v -677.521342 9768.636844 -342.833333
v -610.854675 9768.636844 -358.979167
v -572.972453 9723.324715 -366.600342
v -580.088658 9732.736195 -366.829823
v -602.431722 9762.285837 -361.671864
v -607.021467 9768.636844 -360.656195
v 589.145325 9768.636844 -777.468750
v 565.693125 9745.184644 -776.094598
v 584.308741 9722.137863 -776.046150
v 589.145325 9710.524473 -775.879740
v 546.750039 9768.636844 -776.309504
v 655.811991 9768.636844 -777.729167
v 591.660439 9704.485292 -775.724431
v 722.478658 9768.636844 -778.250000
v 789.145325 9768.636844 -782.416667
v 855.811991 9768.636844 -789.708333
v 884.197880 9730.356066 -793.078530
v 880.748360 9738.638900 -792.612244
v 868.255232 9768.636844 -790.923494
v 4589.145325 9768.636844 -639.187500
v 4545.794944 9725.286463 -637.832801
v 4545.421517 9768.636844 -637.821131
v 4545.536373 9755.303433 -637.824720
v 4655.811991 9768.636844 -640.750000
v 4722.478658 9768.636844 -639.708333
v 4789.145325 9768.636844 -638.406250
v 4855.811991 9768.636844 -636.322917
v 4865.920589 9712.078775 -637.797959
v 4865.524501 9758.059862 -636.201550
v 4865.433389 9768.636844 -635.834330
v -2477.521342 9835.303511 -282.937500
v -2502.559694 9810.265159 -282.057245
v -2500.401475 9807.430463 -282.406170
v -2477.521342 9777.378737 -286.105261
v -2521.622853 9835.303511 -281.387056
v -2410.854675 9835.303511 -283.979167
v -2473.742603 9772.415583 -286.435726
v -2344.188009 9835.303511 -286.322917
v -2322.846801 9789.978052 -289.281188
v -2277.521342 9828.171465 -289.317117
v -2277.521342 9835.303511 -288.927083
v -2316.471138 9796.353715 -289.231379
v -2319.898676 9793.553789 -289.228737
v -2273.054901 9831.820062 -289.309502
v -2268.790627 9835.303511 -289.302231
v -944.188009 9835.303511 -336.322917
v -976.972128 9802.519391 -335.810665
v -973.227015 9797.337134 -336.113290
v -1000.664551 9835.303511 -333.675579
v -877.521342 9835.303511 -336.843750
v -810.854675 9835.303511 -336.583333
v -744.188009 9835.303511 -338.406250
v -677.521342 9835.303511 -347.781250
v -610.854675 9773.941003 -360.160171
v -636.596805 9809.561381 -361.856848
v -637.730449 9811.130047 -361.530443
v -655.200125 9835.303511 -356.500475
v -608.629533 9770.861987 -360.656716
v 522.478658 9798.685659 -776.584859
v 522.478658 9835.303511 -777.729167
v 506.117048 9818.941901 -776.706566
v 492.901257 9835.303511 -776.689336
v 589.145325 9835.303511 -780.333333
v 535.905087 9782.063273 -776.589879
v 655.811991 9835.303511 -781.114583
v 722.478658 9835.303511 -780.854167
v 789.145325 9835.303511 -786.322917
v 855.811991 9798.515002 -791.108872
v 844.995518 9824.487037 -791.143259
v 840.490823 9835.303511 -791.337125
v 864.596699 9777.421552 -790.772107
v 857.909891 9793.477619 -791.028448
v 4589.145325 9835.303511 -639.187500
v 4545.225571 9791.383757 -637.815008
v 4544.847240 9835.303511 -638.149264
v 4655.811991 9835.303511 -641.010417
v 4722.478658 9835.303511 -639.708333
v 4789.145325 9835.303511 -636.843750
v 4855.811991 9835.303511 -634.239583
v 4865.351217 9778.176070 -635.503139
v 4864.989841 9820.127394 -634.211923
v 4864.859112 9835.303511 -633.744819
v -2544.188009 9864.941532 -279.088694
v -2544.188009 9901.970177 -277.208333
v -2560.193876 9885.964310 -276.207967
v -2572.380077 9901.970177 -275.446329
v -2477.521342 9901.970177 -278.510417
v -2531.376785 9848.114734 -280.193399
v -2539.822094 9859.207157 -279.465165
v -2410.854675 9901.970177 -280.593750
v -2344.188009 9901.970177 -283.197917
v -2277.521342 9901.970177 -285.541667
v -2216.309556 9896.515297 -288.687975
v -2226.211126 9870.086335 -289.501374
v -2210.854675 9882.630887 -289.573196
v -2210.854675 9889.350629 -289.258208
v -2220.462674 9901.970177 -288.216292
v -2207.700360 9885.207619 -289.587949
v -1010.854675 9849.403978 -332.867437
v -1010.854675 9901.970177 -331.635417
v -1032.906674 9879.918179 -330.774010
v -1048.714254 9901.970177 -329.417082
v -1048.274497 9901.316731 -329.455612
v -1045.597474 9897.478928 -329.687426
v -944.188009 9901.970177 -334.239583
v -1004.939401 9841.218785 -333.290343
v -1009.412244 9847.408031 -332.970562
v -877.521342 9901.970177 -334.500000
v -810.854675 9901.970177 -335.281250
v -744.188009 9901.970177 -343.354167
v -677.521342 9866.190239 -355.020327
v -692.531351 9886.960168 -357.777497
v -703.378783 9901.970177 -355.628817
v -664.564078 9848.260774 -357.195512
v -673.915679 9861.200944 -355.625623
v 455.811991 9901.970177 -775.906250
v 445.361162 9891.519348 -775.334720
v 449.968243 9888.456077 -775.526745
v 455.811991 9881.221313 -775.744149
v 429.643385 9901.970177 -775.292923
v 522.478658 9901.970177 -778.510417
v 476.329010 9855.820530 -776.347152
v 476.580648 9855.508993 -776.352348
v 589.145325 9901.970177 -782.677083
v 655.811991 9901.970177 -785.802083
v 722.478658 9901.970177 -787.364583
v 789.145325 9901.970177 -792.572917
v 822.788280 9868.946466 -791.711046
v 835.071421 9848.316338 -791.621189
v 814.741120 9882.462060 -792.443751
v 798.983794 9901.970177 -793.226253
v 4589.145325 9901.970177 -639.187500
v 4544.656199 9857.481051 -638.144786
v 4544.272962 9901.970177 -637.960521
v 4655.811991 9901.970177 -641.531250
v 4722.478658 9901.970177 -642.572917
v 4789.145325 9901.970177 -640.229167
v 4855.811991 9901.970177 -636.322917
v 4864.781844 9844.273364 -634.029352
v 4864.455182 9882.194927 -635.232266
v 4864.284835 9901.970177 -635.859558
v -2610.854675 9956.994252 -270.677351
v -2610.854675 9968.636844 -270.177083
v -2615.575614 9963.915905 -269.716054
v -2618.795549 9968.636844 -269.587722
v -2617.088313 9966.133763 -269.655765
v -2544.188009 9968.636844 -272.781250
v -2588.543037 9924.281816 -272.954512
v -2583.512086 9916.905636 -273.758771
v -2579.242713 9910.983850 -274.418850
v -2477.521342 9968.636844 -274.864583
v -2410.854675 9968.636844 -277.468750
v -2344.188009 9968.636844 -279.812500
v -2277.521342 9968.636844 -282.677083
v -2245.126647 9934.364873 -285.794750
v -2271.219899 9968.636844 -282.997078
v -1077.521342 9944.775400 -326.893127
v -1077.521342 9968.636844 -326.427083
v -1087.119953 9959.038233 -325.977148
v -1093.579633 9968.636844 -325.548896
v -1010.854675 9968.636844 -329.812500
v -1060.302322 9919.189197 -328.267261
v -944.188009 9968.636844 -331.114583
v -877.521342 9968.636844 -332.156250
v -810.854675 9968.636844 -339.708333
v -744.188009 9958.439476 -356.809742
v -746.286137 9961.342738 -357.247464
v -748.465897 9964.358956 -357.702217
v -751.557441 9968.636844 -357.080570
v -710.100908 9911.271841 -357.167721
v -720.498624 9925.659562 -359.548082
v 389.145325 9968.636844 -777.208333
v 365.276514 9944.768033 -774.504445
v 375.157502 9938.198114 -774.916900
v 389.145325 9928.897541 -775.500785
v 329.378437 9968.636844 -774.173296
v 455.811991 9968.636844 -778.510417
v 405.318838 9918.143691 -775.354595
v 421.509159 9907.378665 -775.313546
v 522.478658 9968.636844 -781.635417
v 589.145325 9968.636844 -785.541667
v 655.811991 9968.636844 -789.187500
v 722.478658 9968.636844 -792.312500
v 789.145325 9914.150545 -793.048712
v 774.627407 9932.124233 -792.616597
v 764.799726 9944.291245 -792.324083
v 745.135013 9968.636844 -793.286015
v 794.587764 9907.412616 -792.998107
v 4589.145325 9968.636844 -639.187500
v 4544.086826 9923.578346 -637.955432
v 4543.698685 9968.636844 -637.412241
v 4543.932394 9941.506031 -637.739309
v 4655.811991 9968.636844 -642.312500
v 4722.478658 9968.636844 -645.697917
v 4789.145325 9968.636844 -645.958333
v 4855.811991 9968.636844 -641.791667
v 4864.212472 9910.370658 -636.486989
v 4863.920522 9944.262460 -639.285422
v 4863.710557 9968.636844 -641.298006
v -2610.854675 10035.303511 -267.312500
v -2642.608192 10003.549994 -266.320203
v -2664.265796 10035.303511 -265.434765
v -2650.664540 10015.361890 -265.990831
v -2544.188009 10035.303511 -269.135417
v -2477.521342 10035.303511 -271.739583
v -2410.854675 10035.303511 -273.562500
v -2344.188009 10035.303511 -276.166667
v -2277.521342 9976.913424 -282.353779
v -2277.621927 9977.045536 -282.344297
v -2302.760829 10010.064024 -279.974325
v -2317.042546 10028.822230 -278.111666
v -2321.977123 10035.303511 -277.468086
v -2273.943738 9972.214448 -282.760933
v -1077.521342 10035.303511 -325.645833
v -1113.937585 9998.887268 -324.081073
v -1111.101233 9994.672657 -324.285576
v -1138.445013 10035.303511 -322.314070
v -1010.854675 10035.303511 -327.468750
v -944.188009 10035.303511 -328.510417
v -877.521342 10035.303511 -333.718750
v -810.854675 10035.303511 -352.989583
v -776.433170 10003.058349 -362.566364
v -782.471367 10011.413635 -361.424076
v -799.736099 10035.303511 -358.157984
v 189.145325 10026.130755 -767.412960
v 189.145325 10035.303511 -768.093750
v 182.279748 10028.437934 -766.618724
v 161.849547 10035.303511 -766.494388
v 255.811991 10003.727397 -770.519870
v 255.811991 10035.303511 -772.000000
v 232.178067 10011.669586 -768.861119
v 207.252714 10020.045760 -768.022319
v 322.478658 10035.303511 -776.427083
v 282.076386 9994.901238 -771.850263
v 297.849242 9989.600764 -772.813855
v 322.478658 9973.224542 -774.002124
v 261.313211 10001.878711 -770.798528
v 389.145325 10035.303511 -779.812500
v 325.234189 9971.392375 -774.070484
v 328.805846 9969.017563 -774.159091
v 455.811991 10035.303511 -782.156250
v 522.478658 10035.303511 -785.541667
v 589.145325 10035.303511 -789.447917
v 655.811991 10035.303511 -792.833333
v 722.478658 9996.686200 -793.517746
v 705.223649 10018.048502 -793.626829
v 694.399982 10031.448579 -793.979126
v 691.286231 10035.303511 -794.080475
v 735.011687 9981.169873 -793.144771
v 4589.145325 10035.303511 -640.489583
v 4543.517454 9989.675640 -637.816075
v 4544.755254 10035.303511 -638.408799
v 4543.608185 10013.270234 -638.096827
v 4543.397735 10003.573564 -637.973330
v 4655.811991 10035.303511 -644.135417
v 4722.478658 10035.303511 -648.822917
v 4789.145325 10035.303511 -650.385417
v 4855.811991 10035.303511 -647.520833
v 4863.643099 9976.467952 -642.005799
v 4863.427655 10001.478467 -644.167763
v 4865.188612 10035.303511 -646.971422
v -2677.521342 10054.738264 -263.905912
v -2677.521342 10101.970177 -261.322917
v -2696.673348 10082.818172 -259.901479
v -2709.736044 10101.970177 -259.687014
v -2610.854675 10101.970177 -263.145833
v -2669.640770 10043.184083 -264.753266
v -2544.188009 10101.970177 -266.270833
v -2477.521342 10101.970177 -268.614583
v -2410.854675 10101.970177 -269.656250
v -2344.188009 10064.476219 -274.913152
v -2354.251254 10077.693706 -273.952117
v -2360.014556 10086.143630 -273.363906
v -2370.809111 10101.970177 -271.846242
v -2331.577920 10047.913599 -276.412957
v -1144.188009 10043.837181 -322.000000
v -1144.188009 10101.970177 -322.000000
v -1167.572848 10078.585338 -320.629795
v -1183.310393 10101.970177 -319.707673
v -1077.521342 10101.970177 -323.822917
v -1140.755216 10038.736303 -322.093865
v -1142.514602 10041.350621 -322.045757
v -1010.854675 10101.970177 -324.604167
v -944.188009 10101.970177 -327.208333
v -877.521342 10101.970177 -340.750000
v -810.854675 10050.688713 -357.076278
v -817.286013 10059.588003 -357.581093
v -831.747757 10081.077095 -359.108785
v -845.808398 10101.970177 -354.996049
v -804.400443 10041.757743 -358.384918
v -77.521342 10091.387065 -742.312229
v -77.521342 10101.970177 -744.916667
v -87.556738 10091.934782 -739.271757
v -141.993810 10101.970177 -723.509792
v -105.969579 10092.939727 -733.389726
v -10.854675 10101.970177 -759.500000
v -24.340327 10088.484525 -753.231279
v -16.671620 10088.065979 -755.121715
v -10.854675 10087.748499 -756.555668
v -61.320600 10090.502853 -745.638542
v 55.811991 10101.970177 -764.968750
v 32.584792 10078.742978 -758.254638
v 45.071223 10074.546909 -759.974182
v 55.811991 10070.937470 -761.453326
v 9.013485 10086.664125 -757.960979
v 122.478658 10048.534112 -764.859366
v 122.478658 10101.970177 -767.572917
v 82.483111 10061.974630 -761.479845
v 189.145325 10101.970177 -770.697917
v 132.381430 10045.206282 -765.154568
v 153.192217 10038.212810 -766.100767
v 255.811991 10101.970177 -774.864583
v 322.478658 10101.970177 -778.510417
v 389.145325 10101.970177 -782.156250
v 455.811991 10101.970177 -785.802083
v 522.478658 10101.970177 -789.447917
v 589.145325 10101.970177 -792.833333
v 655.811991 10079.221855 -795.063562
v 654.286269 10081.110752 -795.082004
v 644.171253 10090.329439 -795.036487
v 631.398689 10101.970177 -794.979012
v 675.435611 10054.927130 -794.443083
v 4589.145325 10101.970177 -642.312500
v 4545.978683 10058.803535 -639.108726
v 4548.225971 10101.970177 -640.714088
v 4655.811991 10101.970177 -646.739583
v 4722.478658 10101.970177 -651.947917
v 4789.145325 10101.970177 -654.031250
v 4855.811991 10101.970177 -652.468750
v 4865.703575 10045.195095 -647.907223
v 4866.439674 10059.334326 -648.930741
v 4868.659329 10101.970177 -652.017086
v -2744.188009 10152.482276 -256.556310
v -2744.188009 10168.636844 -256.114583
v -2750.738503 10162.086350 -255.219008
v -2755.206292 10168.636844 -255.253780
v -2751.393221 10163.046271 -255.224103
v -2677.521342 10168.636844 -257.156250
v -2723.705925 10122.452261 -257.697476
v -2717.816994 10113.818144 -258.536155
v -2610.854675 10168.636844 -260.281250
v -2544.188009 10168.636844 -264.187500
v -2477.521342 10168.636844 -266.010417
v -2410.854675 10160.683389 -267.133417
v -2414.079711 10165.411808 -266.879851
v -2416.279359 10168.636844 -266.728096
v -2387.047133 10125.777719 -270.028243
v -1210.854675 10142.898963 -317.614116
v -1210.854675 10168.636844 -317.312500
v -1221.208111 10158.283409 -316.867626
v -1228.175773 10168.636844 -316.229931
v -1144.188009 10168.636844 -320.437500
v -1194.390479 10118.434374 -318.672569
v -1077.521342 10168.636844 -321.218750
v -1010.854675 10168.636844 -322.000000
v -944.188009 10168.636844 -330.593750
v -877.521342 10149.093288 -350.505957
v -878.806310 10151.002657 -350.640246
v -885.383020 10160.775166 -351.327567
v -890.673778 10168.636844 -349.825427
v -858.565389 10120.926131 -355.263152
v -277.521342 10161.867213 -687.804375
v -277.521342 10168.636844 -689.708333
v -282.136692 10164.021494 -685.796103
v -292.024660 10168.636844 -682.230060
v -210.854675 10130.749595 -707.243012
v -210.854675 10168.636844 -716.270833
v -236.685171 10142.806348 -698.714168
v -255.253947 10151.473589 -693.753333
v -144.188009 10102.520213 -722.895125
v -144.188009 10168.636844 -736.583333
v -191.233651 10121.591202 -711.039020
v -157.554079 10105.870781 -719.098633
v -206.404013 10128.672185 -708.104066
v -77.521342 10168.636844 -753.510417
v -143.748219 10102.409967 -722.983966
v -10.854675 10168.636844 -762.625000
v 55.811991 10168.636844 -767.312500
v 122.478658 10168.636844 -769.916667
v 189.145325 10168.636844 -774.083333
v 255.811991 10168.636844 -779.031250
v 322.478658 10168.636844 -783.197917
v 389.145325 10168.636844 -787.104167
v 455.811991 10168.636844 -791.010417
v 522.478658 10168.636844 -793.875000
v 589.145325 10132.161294 -794.484410
v 576.540732 10140.542152 -794.302661
v 567.236838 10146.728357 -794.168506
v 534.287039 10168.636844 -794.336265
v 607.279162 10120.104015 -794.604216
v 622.892388 10109.722702 -794.910451
v 4589.145325 10168.636844 -643.614583
v 4549.640011 10129.131531 -641.299819
v 4551.696688 10168.636844 -642.736881
v 4550.136708 10138.672242 -641.646876
v 4655.811991 10168.636844 -647.000000
v 4722.478658 10168.636844 -651.947917
v 4789.145325 10168.636844 -656.895833
v 4855.811991 10168.636844 -658.458333
v 4869.364904 10115.523090 -653.686394
v 4869.703936 10122.035330 -654.271479
v 4872.130046 10168.636844 -658.458333
v -2744.188009 10235.303511 -252.208333
v -2777.771081 10201.720439 -251.552414
v -2800.676540 10235.303511 -251.325700
v -2677.521342 10235.303511 -254.031250
v -2610.854675 10235.303511 -258.197917
v -2544.188009 10235.303511 -262.104167
v -2477.521342 10235.303511 -263.666667
v -2441.112289 10205.045897 -265.441525
v -2452.922473 10222.361519 -264.602105
v -2461.749606 10235.303511 -263.974708
v -1210.854675 10233.559468 -316.298084
v -1217.371507 10228.786679 -315.965357
v -1245.440006 10200.718180 -314.649646
v -1236.754706 10181.384511 -315.494566
v -1231.251714 10218.621110 -315.227660
v -1247.979123 10206.370311 -314.338642
v -1144.188009 10235.303511 -318.354167
v -1208.473336 10235.303511 -316.345250
v -1077.521342 10235.303511 -318.875000
v -1010.854675 10235.303511 -323.302083
v -944.188009 10235.303511 -341.531250
v -910.219678 10197.680620 -351.650394
v -912.200652 10200.624201 -351.835354
v -935.539158 10235.303511 -345.855676
v -344.188009 10192.984832 -661.135002
v -344.188009 10235.303511 -671.218750
v -370.529899 10208.961620 -650.021760
v -352.953815 10197.076397 -657.144938
v -399.960687 10235.303511 -642.460963
v -389.420947 10221.736041 -643.973670
v -277.521342 10235.303511 -701.427083
v -327.588213 10185.236640 -666.810536
v -304.103881 10174.274993 -676.992793
v -210.854675 10235.303511 -724.864583
v -144.188009 10235.303511 -743.354167
v -77.521342 10235.303511 -755.854167
v -10.854675 10235.303511 -761.583333
v 55.811991 10235.303511 -767.052083
v 122.478658 10235.303511 -772.781250
v 189.145325 10235.303511 -778.250000
v 255.811991 10235.303511 -783.458333
v 322.478658 10235.303511 -787.625000
v 389.145325 10235.303511 -791.531250
v 455.811991 10220.815297 -794.067748
v 447.109865 10226.601384 -793.896886
v 437.485761 10233.000499 -793.833103
v 432.784218 10235.303511 -793.747288
v 522.478658 10176.488296 -794.335046
v 487.152189 10199.977042 -794.193406
v 483.837418 10202.181050 -794.180115
v 527.194514 10173.352700 -794.317111
v 4589.145325 10235.303511 -643.093750
v 4553.301340 10199.459526 -642.533688
v 4555.167405 10235.303511 -642.828298
v 4553.400970 10201.373246 -642.549417
v 4655.811991 10235.303511 -644.916667
v 4722.478658 10235.303511 -650.125000
v 4789.145325 10235.303511 -657.677083
v 4855.811991 10235.303511 -662.625000
v 4873.026232 10185.851085 -660.139412
v 4875.600763 10235.303511 -663.320699
v -2810.854675 10250.226288 -250.292285
v -2810.854675 10301.970177 -247.260417
v -2831.836236 10280.988617 -247.096498
v -2846.146787 10301.970177 -247.536136
v -2744.188009 10301.970177 -248.302083
v -2804.803658 10241.354528 -250.906662
v -2677.521342 10301.970177 -251.687500
v -2610.854675 10301.970177 -256.114583
v -2544.188009 10301.970177 -259.500000
v -2477.521342 10258.427402 -262.944045
v -2486.498700 10271.589646 -262.322318
v -2495.177444 10284.314075 -261.721272
v -2507.219854 10301.970177 -260.655255
v -2468.144866 10244.679986 -263.666667
v -1144.188009 10282.384720 -316.515057
v -1077.521342 10301.970177 -318.354167
v -1117.445758 10301.970177 -316.794619
v -1133.201560 10290.430962 -316.629909
v -1010.854675 10301.970177 -331.895833
v -944.188009 10248.155070 -345.045348
v -965.835914 10280.322272 -347.921718
v -980.404537 10301.970177 -344.623039
v -939.018283 10240.473236 -345.792235
v -410.854675 10249.326992 -638.541906
v -410.854675 10301.970177 -644.916667
v -430.578719 10282.246133 -632.974374
v -416.427595 10256.500833 -636.711230
v -441.420208 10301.970177 -631.544246
v -344.188009 10301.970177 -674.864583
v -404.723570 10241.434616 -640.340396
v -277.521342 10301.970177 -704.552083
v -210.854675 10301.970177 -729.552083
v -144.188009 10301.970177 -744.656250
v -77.521342 10301.970177 -753.770833
v -10.854675 10301.970177 -760.802083
v 55.811991 10301.970177 -768.354167
v 122.478658 10301.970177 -776.427083
v 189.145325 10301.970177 -783.197917
v 255.811991 10299.114770 -786.698749
v 253.674791 10299.832977 -786.568252
v 247.315029 10301.970177 -786.379072
v 322.478658 10276.711413 -788.433748
v 303.573110 10283.064629 -787.376238
v 296.445248 10285.459949 -787.275129
v 389.145325 10254.308055 -791.605487
v 353.471428 10266.296281 -789.562048
v 350.505745 10267.292900 -789.454082
v 403.369747 10249.527933 -792.253584
v 404.566242 10249.125850 -792.314343
v 4589.145325 10301.970177 -643.093750
v 4556.962669 10269.787521 -642.842323
v 4556.665231 10264.074250 -642.839999
v 4558.638122 10301.970177 -642.855412
v 4655.811991 10301.970177 -644.916667
v 4722.478658 10301.970177 -649.864583
v 4789.145325 10301.970177 -657.416667
v 4855.811991 10301.970177 -663.666667
v 4876.687561 10256.179080 -664.092813
v 4879.071480 10301.970177 -664.938670
v -2877.521342 10343.711046 -244.520245
v -2877.521342 10368.636844 -242.572917
v -2888.306048 10357.852138 -243.246961
v -2896.531007 10368.636844 -242.721430
v -2810.854675 10368.636844 -242.833333
v -2859.461218 10320.030302 -246.440850
v -2850.032182 10307.666788 -247.188200
v -2874.630146 10339.920061 -244.827709
v -2744.188009 10368.636844 -245.437500
v -2677.521342 10368.636844 -249.864583
v -2610.854675 10368.636844 -254.291667
v -2544.188009 10356.171414 -257.806211
v -2545.076074 10357.473460 -257.720425
v -2544.188009 10358.133873 -257.744884
v -2544.188009 10368.636844 -257.416667
v -2522.210022 10323.948164 -259.500000
v -2530.064539 10368.636844 -257.858025
v -1077.521342 10333.590626 -319.342306
v -1084.176483 10326.335888 -318.855629
v -1010.854675 10368.636844 -343.354167
v -1046.503379 10368.636844 -331.099925
v -1047.249864 10366.589424 -330.779339
v -991.030464 10317.759526 -344.869197
v -991.856808 10320.968045 -345.476340
v -1000.461458 10354.378102 -346.546637
v -1004.133751 10368.636844 -347.003419
v -477.521342 10367.649379 -622.933663
v -477.521342 10368.636844 -623.041667
v -477.871592 10368.286594 -622.851492
v -478.064111 10368.636844 -622.819047
v -410.854675 10368.636844 -650.906250
v -454.225156 10325.266363 -628.035098
v -441.696198 10302.472288 -631.468612
v -466.964801 10348.443744 -625.245351
v -344.188009 10368.636844 -680.593750
v -277.521342 10368.636844 -710.281250
v -210.854675 10368.636844 -730.072917
v -144.188009 10368.636844 -743.093750
v -77.521342 10368.636844 -754.291667
v -10.854675 10368.165222 -764.422125
v -11.301889 10368.189631 -764.376293
v -19.495838 10368.636844 -763.131490
v 55.811991 10362.802865 -772.869093
v 50.916298 10363.741151 -772.384141
v 43.236627 10365.213001 -771.444676
v 122.478658 10343.921485 -780.032274
v 103.979835 10350.138021 -778.326416
v 80.203260 10358.128147 -775.761606
v 189.145325 10321.518127 -785.259615
v 188.324254 10321.794048 -785.205326
v 153.878154 10333.369673 -782.927760
v 134.263757 10339.961098 -781.119030
v 242.384751 10303.626999 -786.251831
v 203.776472 10316.601325 -785.255422
v 4589.145325 10368.636844 -645.177083
v 4560.623997 10340.115516 -644.062969
v 4559.929493 10326.775254 -643.640660
v 4562.108839 10368.636844 -644.754638
v 4655.811991 10368.636844 -646.739583
v 4722.478658 10368.636844 -650.385417
v 4789.145325 10368.636844 -656.635417
v 4855.811991 10368.636844 -663.406250
v 4879.496721 10310.138342 -664.930018
v 4880.348890 10326.507076 -664.912681
v 4882.542197 10368.636844 -664.868058
v -2944.188009 10431.135571 -237.234494
v -2944.188009 10435.303511 -236.843750
v -2945.991178 10433.500342 -236.878968
v -2947.366118 10435.303511 -236.707191
v -2877.521342 10435.303511 -237.625000
v -2917.149283 10395.675569 -240.875730
v -2901.477113 10375.122263 -242.278731
v -2937.919812 10422.915129 -238.078616
v -2810.854675 10435.303511 -239.968750
v -2744.188009 10435.303511 -243.354167
v -2677.521342 10435.303511 -248.041667
v -2610.854675 10435.303511 -251.947917
v -2544.188009 10435.303511 -255.072917
v -2477.521342 10435.303511 -258.197917
v -2511.039500 10382.784885 -258.176229
v -2477.521342 10407.710789 -258.736837
v -2440.417081 10435.303511 -259.792240
v -1010.854675 10394.732787 -348.145219
v -1015.891466 10414.289592 -350.004329
v -1019.163597 10426.994589 -351.212092
v -1028.705076 10417.453110 -346.180453
v -1028.538478 10417.910047 -346.287587
v -1021.303532 10435.303511 -350.777480
v -1029.288238 10435.303511 -347.097030
v -1005.510202 10373.981317 -347.425152
v -477.521342 10435.303511 -631.635417
v -501.518029 10411.306824 -618.699703
v -492.233404 10394.415199 -620.330414
v -514.708013 10435.303511 -615.220988
v -410.854675 10435.303511 -661.062500
v -344.188009 10435.303511 -689.187500
v -277.521342 10435.303511 -711.583333
v -210.854675 10435.303511 -727.989583
v -144.188009 10408.631849 -743.718672
v -162.372023 10417.119497 -740.299726
v -185.675614 10427.996781 -734.315972
v -193.082161 10431.453892 -732.414165
v -195.198137 10435.303511 -731.781401
v -77.521342 10377.514230 -754.742471
v -87.975746 10382.393973 -753.234258
v -116.920502 10395.904351 -749.058517
v -46.061332 10370.086749 -759.175022
v -63.667294 10371.047655 -756.552920
v -71.468981 10374.689205 -755.591979
v 4589.145325 10435.303511 -646.218750
v 4564.285326 10410.443512 -645.441875
v 4563.193755 10389.476258 -645.097206
v 4565.579556 10435.303511 -645.942589
v 4655.811991 10435.303511 -647.520833
v 4722.478658 10435.303511 -649.864583
v 4789.145325 10435.303511 -655.333333
v 4855.811991 10435.303511 -662.364583
v 4882.760983 10372.839346 -664.863607
v 4884.010218 10396.835071 -664.838191
v 4886.012914 10435.303511 -664.370113
v -2944.188009 10501.970177 -231.895833
v -2974.833072 10471.325114 -232.853492
v -2974.355166 10470.698363 -232.920543
v -2998.200342 10501.970177 -230.840905
v -2877.521342 10501.970177 -233.458333
v -2810.854675 10501.970177 -236.062500
v -2744.188009 10501.970177 -238.666667
v -2677.521342 10501.970177 -242.052083
v -2610.854675 10501.970177 -245.437500
v -2544.188009 10501.970177 -249.604167
v -2477.521342 10501.970177 -255.333333
v -2410.854675 10501.970177 -260.281250
v -2416.452675 10453.124731 -260.613119
v -2410.854675 10457.880611 -260.797925
v -2364.295344 10501.970177 -262.099974
v -2402.631364 10464.866872 -261.037277
v -1323.131974 10498.392039 -304.212272
v -1318.246334 10501.970177 -304.263347
v -1323.494499 10501.970177 -304.058340
v -1030.890964 10472.484658 -352.167828
v -1031.290120 10474.079338 -352.233010
v -1032.807953 10480.016899 -352.461128
v -1033.892995 10478.931858 -351.791454
v -1044.620404 10501.970177 -348.072373
v -1038.419925 10501.970177 -351.366378
v -477.521342 10501.970177 -637.625000
v -522.279640 10457.211879 -613.847154
v -517.502006 10440.386655 -614.444390
v -534.697305 10501.970177 -609.707049
v -534.633724 10500.718826 -609.684326
v -410.854675 10501.970177 -668.354167
v -344.188009 10501.970177 -692.572917
v -277.521342 10501.970177 -709.760417
v -210.854675 10463.787629 -727.099455
v -221.588974 10483.316661 -723.847529
v -224.397893 10488.426959 -722.996574
v -231.842039 10501.970177 -720.823373
v -196.320371 10437.345205 -731.461758
v -200.751457 10445.406729 -730.199662
v 4589.145325 10501.970177 -646.218750
v 4567.946654 10480.771507 -645.970328
v 4566.458016 10452.177262 -645.952883
v 4569.050273 10501.970177 -645.826269
v 4655.811991 10501.970177 -647.520833
v 4722.478658 10501.970177 -649.864583
v 4789.145325 10501.970177 -654.552083
v 4855.811991 10501.970177 -661.062500
v 4887.671547 10467.163066 -664.355806
v 4889.081326 10494.242570 -663.942555
v 4889.872723 10501.970177 -663.856544
v -3010.854675 10518.565734 -229.556528
v -3010.854675 10568.636844 -226.427083
v -3032.516860 10546.974659 -226.342465
v -3049.034565 10568.636844 -224.935681
v -2944.188009 10568.636844 -227.729167
v -3003.674966 10509.149887 -230.285247
v -3010.790519 10518.481597 -229.563039
v -2877.521342 10568.636844 -230.072917
v -2810.854675 10568.636844 -231.895833
v -2744.188009 10568.636844 -233.458333
v -2677.521342 10568.636844 -235.541667
v -2610.854675 10568.636844 -238.927083
v -2544.188009 10568.636844 -244.656250
v -2477.521342 10568.636844 -251.427083
v -2410.854675 10568.636844 -257.937500
v -2344.188009 10568.636844 -262.625000
v -2360.425523 10505.715563 -262.236508
v -2344.188009 10521.430951 -262.809398
v -2318.219681 10546.564254 -263.725609
v -2295.413754 10568.636844 -264.530244
v -1325.398218 10520.759968 -302.883012
v -1298.643132 10516.327147 -304.187868
v -1277.521342 10531.796297 -304.106542
v -1277.521342 10568.636844 -301.947917
v -1330.248945 10568.636844 -299.888245
v -1249.618055 10552.232073 -304.108103
v -1214.386961 10568.636844 -304.660722
v -1077.521342 10543.628715 -331.407393
v -1077.521342 10568.636844 -331.895833
v -1090.564405 10555.593781 -328.176522
v -1120.822343 10568.636844 -318.195126
v -1094.202712 10558.931385 -326.921039
v -1053.949176 10522.004766 -343.820804
v -1044.451659 10525.565507 -348.991543
v -1045.323261 10534.168258 -348.830944
v -1055.794210 10523.697310 -342.900133
v -1048.815504 10568.636844 -347.594339
v -477.521342 10568.636844 -646.218750
v -535.156214 10511.001972 -610.647227
v -538.084664 10568.636844 -616.173665
v -410.854675 10568.636844 -673.822917
v -344.188009 10568.636844 -693.875000
v -277.521342 10568.636844 -707.937500
v -248.044330 10531.447189 -715.863079
v -256.627243 10547.062180 -713.424487
v -257.632211 10566.840987 -712.648120
v -257.723460 10568.636844 -712.577629
v 4589.145325 10568.636844 -647.000000
v 4573.415526 10552.907045 -646.508444
v 4570.338401 10522.860415 -646.096235
v 4569.722278 10514.878266 -645.990660
v 4575.026440 10568.636844 -646.613937
v 4655.811991 10568.636844 -648.822917
v 4722.478658 10568.636844 -651.687500
v 4789.145325 10568.636844 -655.333333
v 4855.811991 10568.636844 -660.802083
v 4893.758932 10539.917118 -663.434184
v 4895.079664 10552.813422 -663.471512
v 4896.700166 10568.636844 -663.517314
v -3010.854675 10635.303511 -222.000000
v -3061.358754 10584.799432 -223.380971
v -3077.521342 10635.303511 -220.958333
v -3077.521342 10605.995897 -222.217645
v -2944.188009 10635.303511 -224.083333
v -2877.521342 10635.303511 -226.947917
v -2810.854675 10635.303511 -228.770833
v -2744.188009 10630.625061 -231.036919
v -2746.212039 10633.279481 -230.885792
v -2747.755389 10635.303511 -230.742686
v -2677.521342 10607.916765 -234.160732
v -2678.125533 10607.467457 -234.157647
v -2709.014541 10584.496730 -233.999930
v -2715.264269 10592.692953 -233.516478
v -2717.370145 10595.454708 -233.353576
v -2610.854675 10635.303511 -236.322917
v -2640.694060 10635.303511 -234.924196
v -2544.188009 10635.303511 -241.270833
v -2477.521342 10635.303511 -247.781250
v -2410.854675 10635.303511 -254.031250
v -2344.188009 10635.303511 -260.541667
v -2295.402745 10617.422108 -264.530674
v -2277.521342 10585.953917 -265.229167
v -2277.521342 10590.165234 -265.229167
v -2289.573510 10608.536522 -264.758379
v -2307.133532 10635.303511 -263.147060
v -2276.013839 10587.412945 -265.282165
v -2275.831515 10587.589406 -265.288575
v -1277.521342 10635.303511 -298.302083
v -1331.531282 10581.293570 -299.145989
v -1337.003391 10635.303511 -295.746214
v -1210.854675 10635.303511 -301.687500
v -1210.854675 10570.281594 -304.735402
v -1144.188009 10635.303511 -308.458333
v -1207.776733 10571.714787 -304.980825
v -1200.097946 10575.290286 -305.545015
v -1145.523335 10577.642771 -310.365498
v -1144.188009 10577.155914 -310.502585
v -1077.521342 10635.303511 -328.770833
v -1137.945092 10574.879760 -312.484744
v -1051.456325 10594.701861 -344.521076
v -1054.627446 10626.000953 -341.369273
v -1055.569950 10635.303511 -340.432510
v -477.521342 10635.303511 -656.635417
v -538.379782 10574.445071 -616.934794
v -541.472022 10635.303511 -624.660077
v -539.909221 10604.545998 -620.755762
v -410.854675 10635.303511 -682.677083
v -344.188009 10635.303511 -696.739583
v -277.521342 10635.303511 -706.375000
v -258.680757 10587.477429 -711.617302
v -260.269960 10618.754573 -710.536606
v -261.110818 10635.303511 -709.964802
v 4589.145325 10635.303511 -648.562500
v 4581.021956 10627.180142 -648.149985
v 4576.744681 10585.414632 -647.054149
v 4581.853883 10635.303511 -648.306160
v 4655.811991 10635.303511 -650.906250
v 4722.478658 10635.303511 -652.989583
v 4789.145325 10635.303511 -656.114583
v 4855.811991 10635.303511 -660.802083
v 4901.365362 10614.190215 -663.293283
v 4901.485944 10615.367639 -663.299878
v 4903.527609 10635.303511 -663.411531
v -3010.854675 10701.970177 -218.093750
v -3077.521342 10701.970177 -216.531250
v -2944.188009 10701.970177 -220.958333
v -2877.521342 10701.970177 -224.604167
v -2810.854675 10701.970177 -227.208333
v -2775.053933 10671.104253 -229.330220
v -2788.134977 10688.259420 -228.417167
v -2798.589612 10701.970177 -227.687437
v -2610.854675 10657.493680 -236.062876
v -2630.832120 10642.637379 -235.300530
v -2544.188009 10701.970177 -238.666667
v -2560.262098 10701.970177 -237.913194
v -2590.830436 10672.384781 -236.827007
v -2477.521342 10701.970177 -244.135417
v -2410.854675 10701.970177 -249.864583
v -2344.188009 10691.786169 -257.894042
v -2348.222375 10697.935811 -257.211796
v -2350.869052 10701.970177 -256.659830
v -2321.812560 10657.678959 -261.677920
v -2325.572047 10663.409598 -261.042159
v -1277.521342 10701.970177 -296.218750
v -1337.664347 10641.827173 -295.513949
v -1343.757837 10701.970177 -292.855178
v -1338.816916 10653.203081 -295.011049
v -1210.854675 10701.970177 -300.385417
v -1144.188009 10701.970177 -306.114583
v -1077.521342 10701.970177 -325.906250
v -1057.589389 10655.235463 -337.958218
v -1060.243056 10681.427263 -335.495590
v -1062.324396 10701.970177 -333.564086
v -544.188009 10688.756901 -628.522141
v -544.188009 10701.970177 -629.812500
v -544.826917 10701.331269 -629.393216
v -544.859380 10701.970177 -629.437476
v -477.521342 10701.970177 -665.229167
v -541.603349 10637.888170 -624.927592
v -542.546970 10656.459584 -626.239908
v -410.854675 10701.970177 -692.312500
v -344.188009 10701.970177 -701.166667
v -277.521342 10701.970177 -706.635417
v -261.904324 10650.920528 -709.425199
v -262.907709 10670.668159 -709.310284
v -264.498176 10701.970177 -709.128132
v 4589.145325 10701.970177 -648.822917
v 4588.628386 10701.453239 -648.802724
v 4583.150961 10647.968848 -648.401235
v 4588.681326 10701.970177 -648.810229
v 4655.811991 10701.970177 -649.864583
v 4722.478658 10701.970177 -651.166667
v 4789.145325 10701.970177 -655.072917
v 4855.811991 10701.970177 -660.802083
v 4908.971792 10688.463312 -664.539882
v 4910.355053 10701.970177 -664.637142
v -3010.854675 10768.636844 -215.229167
v -3077.521342 10768.636844 -212.364583
v -2944.188009 10768.636844 -219.135417
v -2877.521342 10768.636844 -223.041667
v -2810.854675 10718.055224 -226.957004
v -2824.570331 10736.042654 -226.140183
v -2832.737721 10746.753798 -225.653783
v -2849.423836 10768.636844 -224.358737
v -2803.895827 10708.929026 -227.425797
v -2544.188009 10717.527396 -238.423585
v -2555.154176 10706.913852 -238.075383
v -2477.521342 10768.636844 -241.010417
v -2491.380509 10768.636844 -240.306631
v -2512.948334 10747.762543 -239.537551
v -2410.854675 10768.636844 -245.697917
v -2361.570584 10718.282673 -254.555457
v -2371.064072 10741.760780 -252.196064
v -2381.931541 10768.636844 -249.200327
v -2056.137541 10763.162487 -271.945400
v -2049.152700 10768.636844 -272.182843
v -2059.728899 10768.636844 -272.017590
v -1344.188009 10768.636844 -293.093750
v -1355.010103 10757.814750 -292.713286
v -1347.775752 10741.627167 -292.876126
v -1344.188009 10706.215993 -292.849919
v -1359.846576 10768.636844 -292.420921
v -1277.521342 10768.636844 -297.260417
v -1343.797411 10702.360775 -292.859271
v -1210.854675 10768.636844 -300.906250
v -1144.188009 10768.636844 -304.552083
v -1077.521342 10768.636844 -323.041667
v -1063.722454 10715.769066 -332.320577
v -1069.078842 10768.636844 -327.328874
v -544.188009 10733.594096 -629.812500
v -544.204203 10733.469129 -629.803454
v -545.184719 10708.373170 -629.255744
v -477.521342 10768.636844 -665.750000
v -539.646943 10768.636844 -632.260418
v -410.854675 10768.636844 -692.052083
v -344.188009 10768.636844 -701.166667
v -277.521342 10768.636844 -708.458333
v -264.905647 10709.989614 -709.112791
v -264.221359 10715.270160 -709.285023
v -258.473649 10759.624406 -711.485722
v -257.305759 10768.636844 -711.932887
v 4589.145325 10706.500895 -648.681332
v 4655.811991 10768.636844 -647.520833
v 4595.508770 10768.636844 -646.814155
v 4589.557242 10710.523065 -648.560466
v 4722.478658 10768.636844 -649.343750
v 4789.145325 10768.636844 -654.291667
v 4855.811991 10768.636844 -660.541667
v 4914.298505 10740.476072 -665.215244
v 4916.578222 10762.736408 -665.549445
v 4917.182496 10768.636844 -665.575966
v -3010.854675 10835.303511 -212.625000
v -3077.521342 10835.303511 -208.458333
v -2944.188009 10835.303511 -217.052083
v -2877.521342 10805.485387 -222.034089
v -2890.421509 10822.403343 -220.815620
v -2896.621994 10830.534984 -220.173976
v -2900.114637 10835.303511 -219.806669
v -2861.579615 10784.578571 -223.477573
v -2477.521342 10782.050362 -241.324796
v -2410.854675 10835.303511 -245.958333
v -2421.748475 10835.303511 -245.405133
v -2428.536651 10829.459925 -244.923461
v -2470.742493 10788.611234 -241.822805
v -2382.047887 10768.924576 -249.179495
v -2381.805013 10797.686507 -248.534798
v -2381.586631 10823.547919 -248.656292
v -2376.600598 10835.303511 -249.169653
v -2077.521342 10835.303511 -272.000000
v -2093.187141 10819.637712 -271.632833
v -2091.455309 10816.997856 -271.656346
v -2077.521342 10795.758114 -271.845526
v -2103.464419 10835.303511 -270.783918
v -2066.777326 10779.380860 -272.075334
v -2040.297409 10775.577163 -272.429650
v -2010.854675 10798.652854 -273.250250
v -2010.854675 10835.303511 -273.822917
v -1964.091371 10835.303511 -274.553593
v -1344.188009 10835.303511 -294.916667
v -1375.601487 10803.890032 -292.707906
v -1365.442660 10781.158640 -292.522857
v -1389.640404 10835.303511 -292.075892
v -1277.521342 10835.303511 -299.343750
v -1210.854675 10835.303511 -300.906250
v -1144.188009 10835.303511 -303.510417
v -1077.521342 10814.954261 -321.956102
v -1081.805710 10831.019142 -320.391339
v -1082.944695 10835.289936 -320.017616
v -1082.950762 10835.303511 -320.015768
v -1069.855518 10776.302668 -326.724856
v -1071.474276 10792.279881 -325.534687
v -477.521342 10835.303511 -649.604167
v -538.970872 10773.853980 -631.361337
v -531.007845 10835.303511 -623.069847
v -410.854675 10835.303511 -677.729167
v -344.188009 10835.303511 -695.697917
v -277.521342 10835.303511 -706.895833
v -254.296079 10791.862107 -711.905833
v -250.421325 10821.763026 -711.871004
v -248.666661 10835.303511 -711.855232
v 4655.811991 10835.303511 -645.958333
v 4596.234816 10775.726335 -646.656503
v 4595.963522 10773.077282 -646.715411
v 4602.336213 10835.303511 -645.540554
v 4722.478658 10835.303511 -649.083333
v 4789.145325 10835.303511 -655.333333
v 4855.811991 10835.303511 -661.583333
v 4922.478658 10835.303511 -666.791667
v 4920.704785 10803.030289 -666.267952
v 4922.478658 10820.351298 -666.616445
v 4924.009939 10835.303511 -666.869427
v -3010.854675 10901.970177 -210.541667
v -3077.521342 10901.970177 -205.333333
v -2944.188009 10895.477148 -215.641764
v -2946.933120 10899.225066 -215.371629
v -2948.943740 10901.970177 -215.136619
v -2918.747901 10860.743618 -218.145213
v -2410.854675 10844.166914 -246.304560
v -2416.172019 10840.103991 -245.875831
v -2373.283741 10872.874445 -249.333847
v -2360.257038 10873.836792 -250.551341
v -2344.188009 10889.636710 -251.996094
v -2344.188009 10895.106169 -251.974729
v -2331.644472 10901.970177 -252.780886
v -2335.204749 10901.970177 -252.544461
v -2144.188009 10888.890117 -266.991096
v -2144.188009 10901.970177 -266.531250
v -2150.672813 10895.485373 -266.353931
v -2157.049015 10901.970177 -265.526484
v -2077.521342 10901.970177 -270.958333
v -2119.596956 10859.894563 -269.643470
v -2127.453846 10871.870931 -268.700680
v -2010.854675 10901.970177 -273.041667
v -1944.188009 10901.970177 -274.604167
v -1952.468566 10844.412863 -274.699616
v -1944.188009 10850.902736 -274.803649
v -1882.604480 10901.970177 -276.288091
v -1908.554145 10878.830714 -275.668919
v -1900.572823 10885.581935 -275.860786
v -1410.854675 10882.772564 -292.047982
v -1410.854675 10901.970177 -292.572917
v -1416.784257 10896.040596 -292.202318
v -1419.434231 10901.970177 -292.170750
v -1419.172545 10901.384629 -292.173867
v -1344.188009 10901.970177 -296.479167
v -1396.192872 10849.965314 -292.009999
v -1392.307602 10841.271634 -292.049070
v -1277.521342 10901.970177 -298.822917
v -1210.854675 10901.970177 -299.864583
v -1144.188009 10901.970177 -304.812500
v -1101.865157 10877.626362 -315.413719
v -1109.809638 10895.402931 -313.681698
v -1112.744589 10901.970177 -313.041833
v -477.521342 10901.970177 -632.156250
v -529.045592 10850.445927 -620.080254
v -522.368747 10901.970177 -610.783659
v -410.854675 10901.970177 -663.666667
v -344.188009 10901.970177 -689.447917
v -277.521342 10901.970177 -703.510417
v -244.370799 10868.454054 -710.521674
v -242.369000 10883.901645 -710.057827
v -240.027563 10901.970177 -709.515280
v 4655.811991 10901.970177 -646.479167
v 4603.841246 10849.999432 -645.667124
v 4602.369802 10835.631499 -645.543379
v 4609.163656 10901.970177 -645.932506
v 4722.478658 10901.970177 -651.166667
v 4789.145325 10901.970177 -656.895833
v 4855.811991 10901.970177 -662.104167
v 4922.478658 10901.970177 -667.572917
v 4924.184652 10837.009505 -666.924947
v 4927.111065 10865.584506 -667.454143
v 4930.837382 10901.970177 -668.127988
v -3010.854675 10968.636844 -208.979167
v -3077.521342 10968.636844 -202.989583
v -2975.118339 10937.706514 -212.775188
v -2997.772844 10968.636844 -210.103387
v -2329.511910 10906.320012 -252.803561
v -2321.306344 10912.135171 -253.189453
v -2277.521342 10929.839852 -255.612939
v -2277.521342 10945.888233 -255.174116
v -2292.328959 10934.618761 -254.498947
v -2329.298648 10906.482640 -252.813276
v -2210.854675 10968.636844 -258.718750
v -2247.078215 10932.413305 -257.445266
v -2216.041098 10932.151218 -259.759040
v -2210.854675 10929.951441 -260.229899
v -2247.877272 10968.636844 -256.404838
v -2256.150877 10962.152421 -256.065046
v -2270.664441 10932.612474 -255.965681
v -2144.188009 10968.636844 -263.927083
v -2191.206863 10921.617990 -262.090409
v -2165.752225 10910.821624 -264.500786
v -2077.521342 10968.636844 -268.093750
v -2010.854675 10968.636844 -270.437500
v -1944.188009 10968.636844 -272.520833
v -1877.521342 10968.636844 -275.385417
v -1877.521342 10906.606314 -276.354644
v -1810.854675 10967.410445 -277.729167
v -1810.854675 10968.636844 -277.729167
v -1824.800848 10954.690672 -277.456780
v -1853.276906 10928.718742 -276.861480
v -1809.510031 10968.636844 -277.755429
v -1410.854675 10968.636844 -292.833333
v -1437.375642 10942.115878 -291.486566
v -1449.228058 10968.636844 -291.184477
v -1446.037487 10961.497623 -291.265797
v -1344.188009 10968.636844 -295.697917
v -1277.521342 10968.636844 -297.000000
v -1210.854675 10968.636844 -298.822917
v -1144.188009 10968.636844 -307.677083
v -1122.456542 10923.701644 -311.943137
v -1136.674580 10955.515925 -309.255795
v -1142.538416 10968.636844 -308.147475
v -477.521342 10968.636844 -618.354167
v -519.120312 10927.037874 -607.141944
v -520.047230 10919.884987 -608.181081
v -513.729649 10968.636844 -600.250013
v -410.854675 10968.636844 -651.427083
v -344.188009 10968.636844 -681.895833
v -277.521342 10968.636844 -699.864583
v -234.445519 10945.046000 -708.053570
v -234.316676 10946.040265 -708.019831
v -231.388465 10968.636844 -707.253052
v 4655.811991 10968.636844 -646.479167
v 4611.447676 10924.272529 -645.959272
v 4615.991099 10968.636844 -646.634717
v 4615.182363 10960.739933 -646.514487
v 4722.478658 10968.636844 -650.906250
v 4789.145325 10968.636844 -656.114583
v 4855.811991 10968.636844 -662.364583
v 4922.478658 10968.636844 -668.354167
v 4931.791083 10911.282602 -668.300450
v 4933.517346 10928.138723 -668.612617
v 4937.664825 10968.636844 -669.362623
v -3010.854675 10986.497547 -208.909398
v -3031.488777 11014.669409 -206.945507
v -3077.521342 11035.303511 -201.687500
v -3046.601947 11035.303511 -204.948530
v -3003.303558 10976.187961 -209.657587
v -2210.854675 10997.653239 -257.698642
v -2144.188009 11035.303511 -261.062500
v -2162.815943 11035.303511 -259.752723
v -2169.105000 11030.374473 -259.483811
v -2077.521342 11035.303511 -265.229167
v -2010.854675 11035.303511 -268.354167
v -1944.188009 11035.303511 -271.739583
v -1877.521342 11035.303511 -275.125000
v -1810.854675 11035.303511 -277.989583
v -1744.188009 11035.303511 -279.812500
v -1805.980990 10971.855548 -277.862075
v -1766.575223 11007.796049 -279.052897
v -1744.188009 11022.694173 -279.664734
v -1725.240122 11035.303511 -280.108561
v -1477.521342 11031.945895 -289.474148
v -1477.521342 11035.303511 -289.447917
v -1478.558411 11034.266441 -289.411457
v -1479.021885 11035.303511 -289.377579
v -1410.854675 11035.303511 -292.312500
v -1457.967026 10988.191160 -290.656206
v -1472.902430 11021.610618 -289.753361
v -1344.188009 11035.303511 -293.875000
v -1277.521342 11035.303511 -295.437500
v -1210.854675 11035.303511 -298.302083
v -1144.188009 10972.327972 -307.691502
v -1163.539523 11015.628920 -305.290523
v -1163.639312 11015.852208 -305.278142
v -1172.332243 11035.303511 -303.869779
v -1143.047927 10969.776926 -308.011092
v -477.521342 11035.303511 -606.375000
v -509.195032 11003.629820 -596.229521
v -511.994905 10982.023607 -598.711951
v -505.090550 11035.303511 -592.267319
v -410.854675 11035.303511 -639.968750
v -344.188009 11035.303511 -673.302083
v -277.521342 11035.303511 -698.562500
v -230.356735 10976.598557 -707.262788
v -211.591741 11005.480277 -709.704023
v -210.854675 11006.614716 -709.799911
v -210.854675 11035.303511 -709.239583
v -192.215029 11035.303511 -712.880139
v 4655.811991 11035.303511 -647.000000
v 4619.054106 10998.545626 -646.856415
v 4622.818542 11035.303511 -646.613358
v 4722.478658 11035.303511 -650.906250
v 4789.145325 11035.303511 -654.812500
v 4855.811991 11035.303511 -661.583333
v 4922.478658 11035.303511 -668.875000
v 4939.397513 10985.555699 -669.675952
v 4939.923626 10990.692940 -669.753079
v 4944.492268 11035.303511 -670.422832
v -3059.673996 11053.150857 -203.430405
v -3077.521342 11077.517945 -200.698099
v -2144.188009 11049.903121 -260.378143
v -2077.521342 11101.970177 -262.104167
v -2078.829213 11101.970177 -262.022425
v -2085.392935 11095.983657 -261.892810
v -2125.190579 11064.792323 -260.867551
v -2010.854675 11101.970177 -266.270833
v -1944.188009 11101.970177 -270.697917
v -1877.521342 11101.970177 -274.604167
v -1810.854675 11101.970177 -277.989583
v -1744.188009 11101.970177 -280.593750
v -1677.521342 11101.970177 -282.156250
v -1685.857462 11061.511672 -281.235793
v -1677.521342 11067.059148 -281.474394
v -1641.053400 11091.327639 -282.660652
v -1625.060997 11101.970177 -283.180866
v -1544.188009 11093.580889 -285.867625
v -1544.188009 11101.970177 -285.802083
v -1548.964605 11097.193581 -285.615498
v -1555.280083 11101.970177 -285.412128
v -1477.521342 11101.970177 -289.187500
v -1511.006706 11068.484813 -287.748676
v -1508.927828 11066.912492 -287.852265
v -1485.091120 11048.884031 -289.040034
v -1410.854675 11101.970177 -291.531250
v -1344.188009 11101.970177 -292.833333
v -1277.521342 11101.970177 -294.656250
v -1210.854675 11101.970177 -297.260417
v -1184.230697 11061.927490 -300.590082
v -1190.404465 11075.741914 -299.747208
v -1202.126070 11101.970177 -298.146916
v -477.521342 11101.970177 -598.302083
v -485.675402 11093.816117 -595.116904
v -503.942581 11044.162226 -591.782022
v -482.675603 11101.970177 -595.543748
v -410.854675 11101.970177 -632.937500
v -344.188009 11101.970177 -668.875000
v -277.521342 11101.970177 -698.822917
v -210.854675 11101.970177 -710.802083
v -175.477212 11061.065149 -715.545456
v -157.641316 11088.516870 -718.385629
v -148.900451 11101.970177 -719.998414
v 2522.478658 11101.970177 -768.354167
v 2519.279051 11098.770571 -768.916598
v 2521.773768 11096.788971 -768.827785
v 2522.478658 11096.229064 -768.802691
v 2515.250936 11101.970177 -768.975299
v 2522.552201 11101.970177 -768.351007
v 2523.015140 11095.802927 -768.812931
v 4655.811991 11101.970177 -646.739583
v 4626.660537 11072.818723 -646.511838
v 4629.645985 11101.970177 -645.921896
v 4627.994924 11085.848366 -646.248155
v 4722.478658 11101.970177 -650.385417
v 4789.145325 11101.970177 -654.291667
v 4855.811991 11101.970177 -660.541667
v 4922.478658 11101.970177 -667.833333
v 4947.003943 11059.828796 -670.312028
v 4951.319711 11101.970177 -669.973880
v -2077.521342 11103.163037 -262.043592
v -2010.854675 11163.967168 -263.364724
v -2041.961564 11135.595758 -262.750454
v -2063.956565 11115.534954 -262.316116
v -1944.188009 11168.636844 -268.093750
v -2005.734765 11168.636844 -263.525827
v -1877.521342 11168.636844 -272.781250
v -1810.854675 11168.636844 -277.468750
v -1744.188009 11168.636844 -281.114583
v -1677.521342 11168.636844 -283.718750
v -1615.044049 11164.447470 -285.084873
v -1610.854675 11111.424124 -283.716840
v -1610.854675 11163.478820 -285.140210
v -1633.162926 11168.636844 -284.758400
v -1544.188009 11164.863341 -287.521818
v -1548.718042 11164.106811 -287.341873
v -1586.922504 11125.902348 -284.954094
v -1587.872864 11126.621135 -284.940337
v -1586.373113 11157.818292 -285.846110
v -1596.694767 11120.847184 -284.472311
v -1477.521342 11168.636844 -291.010417
v -1529.578346 11168.636844 -288.366897
v -1532.494002 11166.816278 -288.169055
v -1410.854675 11168.636844 -292.572917
v -1344.188009 11168.636844 -292.312500
v -1277.521342 11168.636844 -292.572917
v -1210.854675 11121.501304 -296.421189
v -1217.269408 11135.854909 -295.553857
v -1225.413466 11154.078053 -294.452704
v -1231.919898 11168.636844 -293.819831
v -1204.822081 11108.002771 -297.448935
v -477.521342 11110.109514 -596.807752
v -482.500661 11102.445706 -595.550065
v -410.854675 11168.636844 -620.697917
v -439.495042 11168.636844 -605.818351
v -446.386132 11158.030578 -604.185459
v -344.188009 11168.636844 -655.593750
v -277.521342 11168.636844 -685.802083
v -210.854675 11168.636844 -707.416667
v -144.188009 11168.636844 -722.000000
v -144.188009 11109.223228 -720.839578
v -107.479313 11165.722598 -728.682568
v -105.088701 11168.636844 -729.178389
v 2455.811991 11149.183629 -770.394782
v 2455.811991 11168.636844 -768.875000
v 2444.970429 11157.795282 -771.077192
v 2431.321543 11168.636844 -771.840640
v 2522.478658 11102.949916 -768.308241
v 2518.431710 11156.863210 -766.128840
v 2517.896875 11164.055061 -765.837685
v 2482.124740 11128.282926 -770.588671
v 2472.585591 11135.860049 -770.518381
v 2517.556142 11168.636844 -765.498367
v 2522.547066 11102.038586 -768.349624
v 4655.811991 11168.636844 -645.437500
v 4634.266967 11147.091819 -645.185019
v 4636.473428 11168.636844 -644.984252
v 4722.478658 11168.636844 -649.864583
v 4789.145325 11168.636844 -655.333333
v 4855.811991 11168.636844 -660.281250
v 4922.478658 11168.636844 -664.968750
v 4952.736187 11115.801373 -669.430672
v 4954.610373 11134.101892 -668.711935
v 4958.147154 11168.636844 -667.476691
v -1944.188009 11224.355630 -266.570189
v -1947.369732 11221.869371 -266.402030
v -1877.521342 11235.303511 -271.479167
v -1930.106070 11235.303511 -267.370985
v -1930.589219 11234.981987 -267.342030
v -1810.854675 11235.303511 -276.166667
v -1744.188009 11235.303511 -280.072917
v -1677.521342 11197.195873 -283.384074
v -1684.055122 11201.859628 -283.074195
v -1697.094638 11215.730215 -282.402293
v -1715.495179 11235.303511 -281.305812
v -1639.594301 11170.123880 -284.613474
v -1660.857102 11185.301084 -284.174413
v -1477.521342 11207.849878 -292.082648
v -1486.159575 11195.747976 -291.313076
v -1410.854675 11235.303511 -293.093750
v -1457.925178 11235.303511 -292.909881
v -1344.188009 11235.303511 -292.052083
v -1277.521342 11235.303511 -291.791667
v -1246.816757 11199.341429 -292.812796
v -1244.134350 11195.967903 -292.952032
v -1275.411450 11235.303511 -291.832875
v -410.854675 11212.718026 -605.200626
v -344.188009 11235.303511 -629.031250
v -396.180464 11235.303511 -604.253595
v -410.271603 11213.615449 -605.162996
v -277.521342 11235.303511 -657.937500
v -210.854675 11235.303511 -687.364583
v -144.188009 11235.303511 -712.885417
v -77.521342 11235.303511 -729.812500
v -77.521342 11202.242493 -732.007958
v -50.400755 11235.303511 -736.274827
v 2389.145325 11215.335190 -773.299608
v 2389.145325 11235.303511 -771.739583
v 2383.790674 11229.948860 -772.889996
v 2388.074161 11216.598743 -773.347341
v 2382.072594 11235.303511 -772.734186
v 2455.811991 11235.303511 -766.010417
v 2410.570429 11190.061949 -773.432860
v 2423.397413 11174.931127 -772.529745
v 2513.896801 11217.843483 -765.121847
v 2513.282266 11226.107118 -765.058615
v 2512.598364 11235.303511 -764.679486
v 4655.811991 11235.303511 -644.395833
v 4641.981388 11221.472907 -644.287782
v 4640.975691 11212.523134 -644.404051
v 4640.807485 11210.956800 -644.424583
v 4643.535549 11235.303511 -644.012195
v 4722.478658 11235.303511 -649.083333
v 4789.145325 11235.303511 -653.510417
v 4855.811991 11235.303511 -655.072917
v 4922.478658 11235.303511 -661.843750
v 4959.062219 11177.572009 -667.122196
v 4962.562425 11208.720611 -665.908213
v 4965.549577 11235.303511 -664.872174
v -1877.521342 11270.297313 -270.385610
v -1810.854675 11301.970177 -274.343750
v -1829.926945 11301.970177 -272.928230
v -1840.981096 11294.613920 -272.337688
v -1744.188009 11265.825071 -279.596017
v -1761.702423 11284.455763 -278.278678
v -1774.403656 11297.966506 -277.016188
v -1778.167443 11301.970177 -276.642071
v -1729.229389 11249.913067 -280.373258
v -1729.398531 11250.092989 -280.361774
v -1410.854675 11301.970177 -294.395833
v -1448.952416 11263.872437 -293.502918
v -1454.423827 11240.208798 -293.019364
v -1443.544478 11301.970177 -293.757361
v -1442.118239 11293.429985 -293.751857
v -1344.188009 11301.970177 -293.614583
v -1277.521342 11237.957013 -291.874589
v -1287.499060 11250.505479 -292.305704
v -1311.120439 11268.371080 -292.956275
v -1340.024225 11290.231933 -293.355733
v -1341.211451 11291.129870 -293.372141
v -1328.099313 11301.970177 -293.677430
v -1276.346003 11236.478850 -291.846761
v -344.188009 11301.970177 -599.864583
v -368.962030 11277.196156 -598.896848
v -352.865886 11301.970177 -596.034114
v -277.521342 11301.970177 -630.593750
v -210.854675 11301.970177 -661.583333
v -144.188009 11301.970177 -690.750000
v -77.521342 11301.970177 -717.052083
v -10.854675 11301.970177 -738.145833
v -31.963961 11257.778657 -738.121957
v -10.854675 11283.511672 -740.236836
v 4.287191 11301.970177 -743.350850
v 2389.145325 11301.970177 -766.010417
v 2372.785995 11285.610848 -769.716827
v 2371.385239 11268.612224 -771.374628
v 2374.134072 11301.970177 -767.710910
v 2455.811991 11301.970177 -764.187500
v 2508.667684 11288.159203 -764.358676
v 2507.640613 11301.970177 -763.985044
v 4655.811991 11301.970177 -642.572917
v 4650.421192 11296.579378 -642.551859
v 4648.317269 11277.856408 -642.998067
v 4651.026962 11301.970177 -642.535534
v 4722.478658 11301.970177 -645.697917
v 4789.145325 11301.970177 -645.958333
v 4855.811991 11301.970177 -648.822917
v 4922.478658 11301.970177 -658.979167
v 4971.002228 11283.827081 -663.170566
v 4973.040990 11301.970177 -662.534331
v -1810.854675 11314.662289 -273.253022
v -1794.006316 11318.818537 -274.277936
v -1798.086740 11323.159026 -273.570203
v -1410.854675 11368.636844 -296.218750
v -1448.406715 11331.084804 -294.458498
v -1464.433492 11368.636844 -293.288658
v -1451.116225 11347.309096 -294.183570
v -1344.188009 11368.636844 -298.041667
v -1277.521342 11368.636844 -298.041667
v -1309.137079 11317.646984 -294.731301
v -1277.521342 11343.784926 -296.488422
v -1247.461145 11368.636844 -297.924244
v -344.188009 11315.326538 -594.438562
v -277.521342 11368.636844 -604.291667
v -303.181194 11368.636844 -592.163377
v -328.885898 11337.301842 -592.743733
v -338.042544 11324.785193 -593.500676
v -210.854675 11368.636844 -634.239583
v -144.188009 11368.636844 -664.447917
v -77.521342 11368.636844 -698.041667
v -10.854675 11368.636844 -725.385417
v 55.811991 11368.636844 -745.437500
v 8.256458 11306.808863 -743.581218
v 46.396144 11353.302578 -745.794771
v 55.811991 11363.742512 -746.584609
v 60.226222 11368.636844 -746.713489
v 2389.145325 11348.869356 -763.812018
v 2375.871382 11323.052989 -766.525849
v 2455.811991 11368.636844 -763.927083
v 2399.309129 11368.636844 -763.044226
v 2504.841459 11339.610282 -763.848947
v 2504.053102 11350.211288 -763.810616
v 2502.682862 11368.636844 -763.743994
v 4655.811991 11344.552526 -641.907567
v 4722.478658 11368.636844 -641.010417
v 4658.518375 11368.636844 -641.510106
v 4789.145325 11368.636844 -638.145833
v 4855.811991 11368.636844 -643.093750
v 4922.478658 11368.636844 -656.114583
v 4973.657416 11307.455803 -662.449104
v 4979.442032 11358.933551 -661.649325
v 4980.532402 11368.636844 -661.330349
v -1477.521342 11435.303511 -290.750000
v -1499.010343 11413.814510 -289.406937
v -1480.047923 11393.643524 -291.662143
v -1477.521342 11389.597178 -291.999783
v -1519.211808 11435.303511 -285.375838
v -1410.854675 11435.303511 -296.218750
v -1469.464357 11376.693829 -293.013533
v -1344.188009 11435.303511 -300.125000
v -1277.521342 11435.303511 -302.729167
v -1210.854675 11435.303511 -302.989583
v -1210.854675 11398.900816 -300.145623
v -1176.454678 11427.340614 -302.233107
v -1164.535975 11435.303511 -302.808651
v -277.521342 11399.917171 -592.194978
v -288.665479 11386.332048 -592.181254
v -210.854675 11435.303511 -609.760417
v -248.493248 11435.303511 -592.117336
v -144.188009 11435.303511 -645.177083
v -77.521342 11435.303511 -679.291667
v -10.854675 11435.303511 -705.072917
v 55.811991 11435.303511 -723.302083
v 100.812367 11413.637220 -745.085935
v 120.353342 11435.303511 -744.227599
v 2455.811991 11411.221900 -764.592475
v 2442.517233 11406.956175 -764.318092
v 2400.849617 11371.632924 -763.115110
v 2499.438521 11412.263373 -763.586251
v 2498.617146 11423.308359 -763.778080
v 2494.530714 11423.645098 -763.879117
v 4722.478658 11435.303511 -639.447917
v 4658.860995 11371.685848 -641.435969
v 4666.009788 11435.303511 -641.212569
v 4789.145325 11435.303511 -635.802083
v 4855.811991 11435.303511 -639.968750
v 4922.478658 11435.303511 -653.770833
v 4980.998994 11372.789077 -661.356050
v 4987.881835 11434.040021 -661.735169
v 4988.023815 11435.303511 -661.707942
v -1560.317195 11479.028740 -275.571773
v -1544.188009 11461.871564 -280.184402
v -1544.188009 11489.541286 -278.130790
v -1477.521342 11501.970177 -286.322917
v -1531.314236 11448.177284 -282.960861
v -1525.222190 11441.696963 -284.176497
v -1525.621209 11501.970177 -279.746763
v -1527.493446 11500.422327 -279.605673
v -1410.854675 11501.970177 -294.916667
v -1344.188009 11501.970177 -300.645833
v -1277.521342 11501.970177 -304.031250
v -1210.854675 11501.970177 -306.635417
v -1144.188009 11501.970177 -307.937500
v -1144.188009 11448.898007 -303.791237
v -1077.521342 11493.438072 -307.404243
v -1077.521342 11501.970177 -307.937500
v -1103.228272 11476.263247 -305.929146
v -1134.599578 11455.304047 -304.291709
v -1064.750660 11501.970177 -307.837729
v -210.854675 11481.186350 -597.931247
v -248.445060 11435.362255 -592.124779
v -144.188009 11501.970177 -628.770833
v -193.805303 11501.970177 -601.830193
v -208.224640 11484.392461 -598.532698
v -77.521342 11501.970177 -658.458333
v -10.854675 11501.970177 -679.031250
v 55.811991 11501.970177 -700.645833
v 122.478658 11501.970177 -730.072917
v 122.478658 11437.659980 -744.391984
v 130.267222 11446.295644 -745.511607
v 173.301393 11494.010298 -751.697864
v 180.480462 11501.970177 -752.729871
v 4722.478658 11501.970177 -639.968750
v 4667.300798 11446.792318 -641.261981
v 4673.501200 11501.970177 -642.838523
v 4670.342002 11473.856229 -642.035251
v 4789.145325 11501.970177 -636.583333
v 4855.811991 11501.970177 -639.447917
v 4922.478658 11501.970177 -651.947917
v 4989.145325 11501.970177 -661.322917
v 4988.340572 11438.122351 -661.724277
v 4989.145325 11445.283912 -661.765778
v 4995.515228 11501.970177 -661.621506
v -1477.521342 11541.736182 -285.080229
v -1410.854675 11568.636844 -294.656250
v -1444.983041 11568.636844 -289.323693
v -1344.188009 11568.636844 -299.864583
v -1277.521342 11568.636844 -304.291667
v -1210.854675 11568.636844 -308.458333
v -1144.188009 11568.636844 -311.062500
v -1077.521342 11568.636844 -312.364583
v -1010.854675 11568.636844 -312.364583
v -1039.024101 11519.158117 -308.912408
v -1029.378547 11526.215880 -309.360870
v -1010.854675 11541.024375 -310.315220
v -976.314377 11568.636844 -311.689968
v -144.188009 11560.058634 -612.433455
v -163.726225 11538.395402 -607.917598
v -168.004221 11533.422668 -606.993361
v -77.521342 11568.636844 -633.458333
v -136.451263 11568.636844 -612.740783
v -10.854675 11568.636844 -654.552083
v 55.811991 11568.636844 -682.677083
v 122.478658 11568.636844 -715.229167
v 189.145325 11568.636844 -743.093750
v 189.145325 11511.577448 -754.238163
v 239.759390 11568.636844 -761.085468
v 216.335563 11541.724952 -758.015259
v 218.035127 11543.644414 -758.244506
v 4722.478658 11568.636844 -643.354167
v 4675.740602 11521.898788 -643.719308
v 4680.992613 11568.636844 -643.678276
v 4789.145325 11568.636844 -643.875000
v 4855.811991 11568.636844 -645.177083
v 4922.478658 11568.636844 -651.947917
v 4989.145325 11568.636844 -661.322917
v 4995.682149 11503.455625 -661.716368
v 4996.321639 11509.146491 -662.079794
v 5003.006641 11568.636844 -662.784852
v -1410.854675 11596.852073 -294.656250
v -1441.486973 11571.527177 -289.869954
v -1344.188009 11635.303511 -299.083333
v -1364.344872 11635.303511 -297.744792
v -1277.521342 11635.303511 -303.250000
v -1210.854675 11635.303511 -308.979167
v -1144.188009 11635.303511 -313.406250
v -1077.521342 11635.303511 -315.489583
v -1010.854675 11635.303511 -316.791667
v -944.188009 11635.303511 -317.312500
v -949.304379 11590.229383 -313.186730
v -944.188009 11594.319551 -313.470254
v -909.267295 11622.236134 -315.951024
v -892.921380 11635.303511 -317.112240
v -77.521342 11633.976102 -609.721806
v -77.657884 11633.824710 -609.728801
v -120.692054 11586.110056 -611.933440
v -10.854675 11635.303511 -634.760417
v -76.324143 11635.303511 -609.697886
v 55.811991 11635.303511 -665.750000
v 122.478658 11635.303511 -699.343750
v 189.145325 11635.303511 -730.072917
v 255.811991 11635.303511 -754.291667
v 255.811991 11587.104377 -763.329004
v 297.708302 11635.303511 -768.529866
v 4722.478658 11635.303511 -642.833333
v 4684.180405 11597.005258 -643.431744
v 4688.484026 11635.303511 -641.771001
v 4789.145325 11635.303511 -645.697917
v 4855.811991 11635.303511 -648.562500
v 4922.478658 11635.303511 -653.250000
v 4989.145325 11635.303511 -662.885417
v 5003.023727 11568.788898 -662.796752
v 5004.761442 11584.252962 -664.006937
v 5010.365305 11634.122172 -666.007570
v 5010.498053 11635.303511 -666.054962
v -1344.188009 11651.541664 -299.717636
v -1349.366072 11647.687060 -299.223210
v -1277.521342 11696.558933 -304.446395
v -1290.146744 11688.123890 -303.492560
v -1293.825230 11685.666290 -303.214655
v -1337.934482 11656.196855 -300.168186
v -1210.854675 11701.970177 -309.239583
v -1269.421901 11701.970177 -305.121575
v -1144.188009 11701.970177 -313.666667
v -1077.521342 11701.970177 -316.791667
v -1010.854675 11701.970177 -319.395833
v -944.188009 11701.970177 -320.958333
v -877.521342 11701.970177 -322.260417
v -877.521342 11647.614726 -318.013897
v -810.854675 11697.135256 -321.901575
v -810.854675 11701.970177 -322.260417
v -829.242455 11683.582398 -320.823871
v -871.375169 11652.528147 -318.397758
v -804.294918 11701.970177 -322.183545
v -10.854675 11701.970177 -617.052083
v -65.316633 11647.508219 -610.669823
v -16.197023 11701.970177 -614.714806
v 55.811991 11701.970177 -649.343750
v 122.478658 11701.970177 -684.239583
v 189.145325 11701.970177 -715.750000
v 255.811991 11701.970177 -741.270833
v 322.478658 11701.970177 -764.447917
v 298.612590 11636.343838 -768.642121
v 322.478658 11663.800285 -771.604772
v 338.901321 11682.693550 -773.707575
v 355.657215 11701.970177 -775.853046
v 2455.811991 11682.419154 -765.305538
v 2455.811991 11701.970177 -765.229167
v 2439.579385 11685.737571 -767.702103
v 2411.452481 11701.970177 -771.467223
v 2433.687641 11686.942015 -768.516515
v 2487.680272 11701.970177 -763.237399
v 2483.609330 11676.736570 -763.590402
v 4722.478658 11701.970177 -641.010417
v 4692.620209 11672.111728 -640.893782
v 4692.366736 11669.856050 -640.947540
v 4695.975438 11701.970177 -640.182191
v 4789.145325 11701.970177 -645.697917
v 4855.811991 11701.970177 -651.427083
v 4922.478658 11701.970177 -657.416667
v 4989.145325 11701.970177 -666.010417
v 5013.201246 11659.359432 -667.395902
v 5017.706883 11699.455446 -669.909008
v 5017.989466 11701.970177 -670.066624
v -1210.854675 11741.098999 -310.003818
v -1242.359006 11720.050925 -307.377575
v -1144.188009 11768.636844 -313.406250
v -1174.549786 11768.636844 -312.101642
v -1199.544814 11748.655128 -310.637369
v -1077.521342 11768.636844 -316.531250
v -1010.854675 11768.636844 -320.958333
v -944.188009 11768.636844 -323.562500
v -877.521342 11768.636844 -324.864583
v -810.854675 11768.636844 -325.906250
v -744.188009 11768.636844 -326.427083
v -784.846079 11716.305098 -323.019548
v -744.188009 11746.272451 -324.767226
v -740.572312 11748.937429 -324.965017
v -713.749605 11768.636844 -326.427083
v -10.854675 11707.893570 -615.548097
v 55.811991 11768.636844 -634.239583
v 42.612234 11768.636844 -627.485020
v 7.551888 11728.302068 -619.785235
v 122.478658 11768.636844 -668.875000
v 189.145325 11768.636844 -700.125000
v 255.811991 11768.636844 -727.729167
v 322.478658 11768.636844 -752.468750
v 389.145325 11768.636844 -772.781250
v 379.190052 11729.043262 -778.020221
v 389.145325 11742.596298 -778.477619
v 405.754237 11768.636844 -776.673964
v 392.770458 11747.531528 -778.247678
v 2389.145325 11717.047001 -774.780848
v 2389.145325 11768.636844 -775.385417
v 2368.385136 11747.876656 -779.034669
v 2388.429889 11717.530545 -774.920659
v 2357.253980 11768.636844 -780.243864
v 2358.322901 11763.110054 -780.210554
v 2455.811991 11768.636844 -766.270833
v 2398.141720 11710.966573 -773.479617
v 2493.810591 11739.968777 -762.557390
v 2498.435614 11768.636844 -762.607866
v 4722.478658 11768.636844 -642.312500
v 4701.060012 11747.218198 -641.224834
v 4699.708313 11735.189323 -640.947655
v 4703.466851 11768.636844 -641.347057
v 4789.145325 11768.636844 -648.302083
v 4855.811991 11768.636844 -653.770833
v 4922.478658 11768.636844 -658.458333
v 4989.145325 11768.636844 -665.750000
v 5021.641049 11734.465902 -670.580128
v 5025.048460 11764.788719 -670.954157
v 5025.480879 11768.636844 -671.001623
v -1144.188009 11792.908888 -313.880313
v -1164.179737 11776.926948 -312.709146
v -1077.521342 11835.303511 -317.312500
v -1091.156789 11835.303511 -316.779865
v -1124.142653 11808.933699 -314.976320
v -1010.854675 11835.303511 -321.218750
v -944.188009 11835.303511 -324.604167
v -877.521342 11835.303511 -326.427083
v -810.854675 11835.303511 -327.729167
v -744.188009 11835.303511 -329.031250
v -677.521342 11835.303511 -329.812500
v -689.523629 11786.429140 -327.330598
v -677.521342 11795.243986 -327.778227
v -638.378771 11823.991485 -330.002565
v -622.976325 11835.303511 -330.877832
v 55.811991 11783.822355 -630.799116
v 46.999625 11773.684268 -628.586573
v 122.478658 11835.303511 -651.947917
v 100.561147 11835.303511 -641.160391
v 87.288357 11820.033981 -638.087193
v 189.145325 11835.303511 -683.718750
v 255.811991 11835.303511 -714.447917
v 322.478658 11835.303511 -740.229167
v 389.145325 11835.303511 -756.895833
v 432.306654 11811.798174 -770.758063
v 446.766902 11835.303511 -767.924963
v 2389.145325 11835.303511 -773.562500
v 2351.618183 11797.776370 -780.305658
v 2351.744814 11835.303511 -778.675851
v 2347.950194 11816.741474 -779.992234
v 2455.811991 11835.303511 -764.968750
v 2506.634878 11819.459731 -760.513553
v 2509.190957 11835.303511 -759.964472
v 4722.478658 11835.303511 -644.395833
v 4709.499816 11822.324669 -643.331163
v 4707.049891 11800.522597 -642.525438
v 4710.958264 11835.303511 -643.765812
v 4789.145325 11835.303511 -649.864583
v 4855.811991 11835.303511 -655.072917
v 4922.478658 11835.303511 -660.020833
v 4989.145325 11835.303511 -667.052083
v 5030.080853 11809.572372 -672.465985
v 5032.390038 11830.121993 -673.201094
v 5032.972291 11835.303511 -673.386450
v -2544.188009 11880.519413 -205.650420
v -2544.188009 11901.970177 -204.812500
v -2557.062124 11889.096062 -204.510763
v -2571.973286 11901.970177 -203.184456
v -2562.403429 11892.654403 -204.072698
v -2477.521342 11854.814892 -209.595303
v -2477.521342 11901.970177 -207.937500
v -2516.087540 11863.403979 -207.636202
v -2519.706412 11864.209939 -207.435084
v -2410.854675 11865.276426 -211.922510
v -2410.854675 11901.970177 -211.062500
v -2458.020176 11854.804676 -210.509779
v -2418.896415 11860.693921 -211.747195
v -2469.629080 11853.057204 -210.027046
v -2355.557814 11901.970177 -212.790527
v -2374.321407 11886.094541 -212.576250
v -1077.521342 11846.204064 -317.695723
v -1010.854675 11901.970177 -323.302083
v -1076.270635 11901.970177 -319.724648
v -1044.182065 11872.856403 -320.455961
v -944.188009 11901.970177 -326.166667
v -877.521342 11901.970177 -327.729167
v -810.854675 11901.970177 -328.770833
v -744.188009 11901.970177 -330.333333
v -677.521342 11901.970177 -331.635417
v -610.854675 11901.970177 -332.416667
v -610.854675 11844.206020 -331.288460
v -551.904608 11901.970177 -340.706520
v -587.233912 11861.553830 -334.948955
v 122.478658 11860.518262 -645.545734
v 189.145325 11901.970177 -668.354167
v 158.510059 11901.970177 -653.036534
v 127.577088 11866.383693 -646.605679
v 255.811991 11901.970177 -700.645833
v 322.478658 11901.970177 -726.687500
v 389.145325 11901.970177 -740.750000
v 455.811991 11901.970177 -750.906250
v 455.811991 11850.006431 -765.521054
v 460.753004 11858.038117 -764.767607
v 487.779568 11901.970177 -760.646371
v 2389.145325 11901.970177 -772.000000
v 2361.926709 11874.751562 -776.359231
v 2358.890919 11870.259909 -776.879554
v 2380.323059 11901.970177 -772.999397
v 2455.811991 11901.970177 -764.187500
v 2511.609016 11850.291774 -759.503587
v 2519.459165 11898.950684 -758.007340
v 2519.946300 11901.970177 -757.924384
v 4722.478658 11901.970177 -643.093750
v 4717.939619 11897.431139 -642.934174
v 4714.391469 11865.855871 -643.356839
v 4718.449677 11901.970177 -642.873415
v 4789.145325 11901.970177 -648.041667
v 4855.811991 11901.970177 -654.031250
v 4922.478658 11901.970177 -660.281250
v 4989.145325 11901.970177 -668.875000
v 5038.520656 11884.678842 -676.309958
v 5039.731616 11895.455267 -676.798569
v 5040.463704 11901.970177 -677.093959
v -2610.854675 11939.819252 -199.427771
v -2610.854675 11950.282645 -199.019044
v -2612.672732 11948.527227 -198.966885
v -2616.948032 11945.750828 -198.791431
v -2544.188009 11968.636844 -202.729167
v -2591.675532 11921.149321 -201.430680
v -2591.845548 11968.636844 -199.564408
v -2477.521342 11968.636844 -207.156250
v -2410.854675 11968.636844 -210.281250
v -2372.698275 11940.126578 -211.658694
v -2348.127688 11908.256712 -212.924491
v -2361.669129 11922.661214 -212.276251
v -2390.091068 11967.669187 -210.860345
v -2390.267854 11968.636844 -210.844171
v -1144.188009 11963.591220 -317.273081
v -1144.188009 11968.636844 -317.312500
v -1146.833444 11965.991408 -317.178161
v -1149.749186 11968.636844 -316.943203
v -1077.521342 11903.104937 -319.673981
v -1077.521342 11968.636844 -320.697917
v -1111.879914 11934.278272 -318.684719
v -1141.260716 11960.935304 -317.400983
v -1010.854675 11968.636844 -324.343750
v -1076.926384 11902.565135 -319.698083
v -944.188009 11968.636844 -326.947917
v -877.521342 11968.636844 -328.250000
v -810.854675 11968.636844 -329.291667
v -744.188009 11968.636844 -330.854167
v -677.521342 11968.636844 -332.156250
v -610.854675 11968.636844 -333.197917
v -544.188009 11968.636844 -335.281250
v -547.199768 11907.352464 -340.842524
v -544.188009 11912.874055 -340.726835
v -515.820128 11964.882140 -339.969590
v -513.772119 11968.636844 -339.914921
v 189.145325 11950.910417 -656.883798
v 188.276687 11949.498433 -656.780413
v 160.315703 11904.047460 -653.452493
v 255.811991 11968.636844 -685.020833
v 200.050445 11968.636844 -658.011334
v 322.478658 11968.636844 -712.364583
v 389.145325 11968.636844 -724.864583
v 455.811991 11968.636844 -730.854167
v 522.478658 11968.636844 -748.302083
v 494.744278 11913.291411 -758.876757
v 522.478658 11958.374038 -751.829923
v 528.735551 11968.544706 -751.462202
v 528.792233 11968.636844 -751.458871
v 2389.145325 11915.023303 -771.796045
v 2455.811991 11954.092229 -763.983898
v 2435.058957 11945.624649 -766.448971
v 2428.403841 11941.228693 -767.246039
v 2389.479449 11915.517662 -771.753081
v 2522.478658 11968.636844 -757.677083
v 2520.943792 11908.153101 -757.826973
v 2522.478658 11913.163635 -757.677083
v 2491.459117 11968.636844 -760.585165
v 2532.168466 11944.795780 -757.071470
v 2543.234108 11968.636844 -756.379868
v 4722.478658 11937.824398 -641.693195
v 4789.145325 11968.636844 -643.875000
v 4725.941089 11968.636844 -640.665410
v 4855.811991 11968.636844 -649.604167
v 4922.478658 11968.636844 -656.375000
v 4989.145325 11968.636844 -667.052083
v 5046.606292 11956.633543 -678.077733
v 5047.161700 11959.986553 -678.166685
v 5048.594575 11968.636844 -678.198818
v -2544.188009 12014.652420 -201.111432
v -2565.640874 11993.938679 -200.415045
v -2477.521342 12035.303511 -204.552083
v -2522.800031 12035.303511 -201.722165
v -2410.854675 12035.303511 -207.677083
v -2393.447963 11986.043557 -210.213255
v -2399.657705 12020.033332 -208.667218
v -2396.532908 12035.303511 -208.180583
v -1210.854675 12024.077503 -310.070071
v -1210.854675 12035.303511 -309.500000
v -1216.740504 12029.417682 -309.109144
v -1223.227737 12035.303511 -307.663374
v -1144.188009 12035.303511 -316.791667
v -1181.786974 11997.704545 -314.588602
v -1077.521342 12035.303511 -320.958333
v -1010.854675 12035.303511 -324.343750
v -944.188009 12035.303511 -326.947917
v -877.521342 12035.303511 -327.729167
v -810.854675 12035.303511 -329.031250
v -744.188009 12035.303511 -330.333333
v -677.521342 12035.303511 -331.895833
v -610.854675 12035.303511 -332.677083
v -544.188009 12035.303511 -332.937500
v -477.521342 12035.303511 -333.458333
v -484.440487 12022.411817 -334.720721
v -477.521342 12035.096990 -333.495442
v -477.408695 12035.303511 -333.476374
v 255.811991 12035.303511 -667.312500
v 217.484297 11996.975817 -658.928317
v 241.063111 12035.303511 -659.822834
v 322.478658 12035.303511 -698.562500
v 389.145325 12035.303511 -716.010417
v 455.811991 12035.303511 -723.562500
v 522.478658 12035.303511 -737.885417
v 538.885651 11985.043837 -753.044730
v 559.313316 12018.249294 -756.953072
v 572.130953 12035.303511 -759.996204
v 2522.478658 11981.293328 -757.775962
v 2543.858449 11990.016636 -756.340846
v 2555.329785 11994.697130 -755.623888
v 2549.197928 11992.195231 -756.007129
v 4789.145325 12035.303511 -637.885417
v 4726.379423 11972.537609 -640.337210
v 4735.277158 12035.303511 -635.360346
v 4730.224801 12004.802356 -637.744710
v 4729.074624 11996.522418 -638.402353
v 4855.811991 12035.303511 -644.916667
v 4922.478658 12035.303511 -652.468750
v 4989.145325 12035.303511 -664.447917
v 5055.811991 12035.303511 -677.468750
v 5055.811991 12012.208497 -678.190469
v 5056.662473 12017.342869 -678.076531
v 5059.637559 12035.303511 -677.677961
v -2477.521342 12078.912126 -201.656199
v -2518.678807 12039.282745 -201.715496
v -2410.854675 12101.970177 -202.989583
v -2453.574186 12101.970177 -201.153979
v -2471.986639 12084.241337 -201.540125
v -2392.848166 12053.310020 -207.044042
v -2388.986013 12072.183493 -205.852780
v -2369.283025 12101.970177 -204.451087
v -1277.521342 12084.563787 -295.370862
v -1277.521342 12101.970177 -293.875000
v -1286.647564 12092.843955 -293.197663
v -1296.706288 12101.970177 -290.727470
v -1210.854675 12101.970177 -304.812500
v -1251.694034 12061.130819 -301.621925
v -1230.720187 12042.101368 -306.073239
v -1275.449922 12082.684399 -295.872214
v -1144.188009 12101.970177 -314.447917
v -1077.521342 12101.970177 -320.958333
v -1010.854675 12101.970177 -323.822917
v -944.188009 12101.970177 -325.385417
v -877.521342 12099.716895 -327.225937
v -878.702745 12100.788775 -327.203718
v -880.004861 12101.970177 -327.140425
v -810.854675 12044.721750 -328.994460
v -814.199413 12042.265273 -328.938729
v -818.927205 12046.554772 -328.829633
v -843.749215 12069.075638 -328.256856
v -744.188009 12101.970177 -329.812500
v -759.989385 12101.970177 -329.565604
v -761.631217 12098.960134 -329.551708
v -778.090359 12068.784864 -329.412406
v -677.521342 12101.970177 -330.593750
v -610.854675 12101.970177 -330.854167
v -544.188009 12101.970177 -331.114583
v -477.521342 12101.970177 -331.114583
v -477.273521 12035.551332 -333.459301
v -455.968077 12074.611540 -332.918335
v -437.807133 12101.970177 -332.665920
v 255.811991 12059.278024 -659.726814
v 322.478658 12101.970177 -684.500000
v 282.075776 12101.970177 -661.299908
v 256.259233 12060.005022 -659.753602
v 389.145325 12101.970177 -710.281250
v 455.811991 12101.970177 -720.697917
v 522.478658 12101.970177 -730.333333
v 589.145325 12101.970177 -751.947917
v 589.145325 12057.941598 -762.267115
v 594.239035 12064.718919 -762.469438
v 622.236398 12101.970177 -763.581497
v 4789.145325 12101.970177 -633.718750
v 4737.818047 12050.642900 -634.520739
v 4746.320141 12101.970177 -631.042176
v 4855.811991 12101.970177 -641.531250
v 4922.478658 12101.970177 -651.427083
v 4989.145325 12101.970177 -665.489583
v 5055.811991 12101.970177 -678.250000
v 5060.397050 12039.888570 -677.898599
v 5067.401929 12082.177135 -678.968787
v 5070.680543 12101.970177 -679.469686
v -2410.854675 12143.103609 -199.936711
v -2344.188009 12168.636844 -199.864583
v -2359.618775 12116.580447 -203.592347
v -2344.188009 12132.314384 -202.844160
v -2384.336895 12168.636844 -198.766762
v -2314.979760 12162.096493 -201.656138
v -2308.565432 12168.636844 -201.395241
v -1344.188009 12155.674131 -278.532098
v -1344.188009 12168.636844 -277.468750
v -1349.704504 12163.120349 -277.037774
v -1353.066267 12168.636844 -275.942799
v -1352.697098 12167.159781 -276.144725
v -1277.521342 12168.636844 -288.406250
v -1321.333410 12124.824776 -284.812291
v -1320.179658 12123.267431 -285.129330
v -1210.854675 12168.636844 -299.083333
v -1144.188009 12168.636844 -309.500000
v -1077.521342 12168.636844 -319.395833
v -1010.854675 12168.636844 -322.781250
v -944.188009 12160.203178 -324.702999
v -948.609805 12164.215048 -324.552349
v -953.116412 12168.303867 -324.365233
v -953.483412 12168.636844 -324.349995
v -908.386676 12127.720835 -326.163182
v -913.656275 12132.501911 -325.981740
v -744.188009 12130.939536 -329.359854
v -677.521342 12168.636844 -328.510417
v -723.625960 12168.636844 -328.690513
v -730.251577 12156.489810 -328.906192
v -610.854675 12168.636844 -328.510417
v -544.188009 12168.636844 -328.770833
v -477.521342 12168.636844 -329.031250
v -410.854675 12168.636844 -329.552083
v -428.447726 12116.069700 -332.150301
v -410.854675 12142.572832 -331.181084
v -397.569646 12162.586125 -331.746566
v -393.553117 12168.636844 -331.917531
v 322.478658 12167.645632 -667.054957
v 389.145325 12168.636844 -699.343750
v 323.088442 12168.636844 -667.089413
v 455.811991 12168.636844 -715.750000
v 522.478658 12168.636844 -724.604167
v 589.145325 12168.636844 -735.020833
v 655.811991 12168.636844 -755.072917
v 633.078791 12116.396278 -762.997824
v 655.811991 12146.643423 -761.774037
v 671.918548 12168.073637 -761.032813
v 672.341844 12168.636844 -761.013332
v 4789.145325 12168.636844 -633.718750
v 4751.053397 12130.544916 -631.338005
v 4757.363125 12168.636844 -632.228959
v 4751.703714 12134.470889 -631.429831
v 4855.811991 12168.636844 -639.968750
v 4922.478658 12168.636844 -651.427083
v 4989.145325 12168.636844 -666.010417
v 5055.811991 12168.636844 -679.291667
v 5073.632400 12119.790586 -680.547162
v 5078.141386 12147.011401 -681.483271
v 5081.723527 12168.636844 -682.226958
v -2344.188009 12207.295093 -196.542390
v -2378.462538 12174.293100 -198.441305
v -2284.891268 12227.933584 -197.548304
v -2277.521342 12200.290862 -200.132548
v -2277.521342 12224.234835 -198.168394
v -2281.768603 12227.190477 -197.743439
v -2315.250485 12235.158232 -195.504348
v -2263.564242 12214.522180 -200.600733
v -1344.188009 12235.303511 -272.000000
v -1364.621534 12214.869985 -270.164175
v -1363.687291 12235.303511 -268.648561
v -1365.942421 12220.154911 -269.503619
v -1277.521342 12235.303511 -282.677083
v -1210.854675 12235.303511 -293.093750
v -1144.188009 12235.303511 -304.552083
v -1077.521342 12235.303511 -316.010417
v -1010.854675 12220.689461 -321.967928
v -1018.516865 12227.641322 -321.470209
v -1026.961963 12235.303511 -320.355363
v -983.563335 12195.928185 -322.887857
v -677.521342 12235.303511 -325.906250
v -698.951819 12213.873033 -326.827091
v -685.374230 12235.303511 -325.906250
v -692.606978 12224.407705 -326.374429
v -698.871936 12214.019486 -326.820798
v -610.854675 12235.303511 -325.645833
v -544.188009 12235.303511 -325.906250
v -477.521342 12235.303511 -326.427083
v -410.854675 12235.303511 -326.947917
v -359.391008 12220.100512 -329.954143
v -349.299101 12235.303511 -329.833334
v 389.145325 12235.303511 -677.729167
v 324.063294 12170.221480 -667.051646
v 372.181387 12235.303511 -668.385748
v 370.409083 12232.945411 -668.321517
v 331.569326 12181.268052 -666.913911
v 324.241780 12170.511611 -667.037754
v 455.811991 12235.303511 -705.072917
v 522.478658 12235.303511 -718.354167
v 589.145325 12235.303511 -726.687500
v 655.811991 12235.303511 -739.708333
v 718.722123 12231.546976 -759.742028
v 710.758304 12219.750996 -760.243728
v 718.281785 12230.826889 -759.789119
v 721.019267 12235.303511 -759.576175
v 4789.145325 12235.303511 -633.979167
v 4764.288747 12210.446933 -632.716919
v 4762.443170 12199.305155 -632.586885
v 4768.406109 12235.303511 -633.493091
v 4855.811991 12235.303511 -638.927083
v 4922.478658 12235.303511 -649.343750
v 4989.145325 12235.303511 -663.927083
v 5055.811991 12235.303511 -677.989583
v 5086.867750 12199.692603 -682.688390
v 5088.880842 12211.845668 -682.710526
v 5092.766511 12235.303511 -682.753252
v -1344.188009 12297.033503 -266.212813
v -1357.899145 12274.184792 -265.998278
v -1277.521342 12301.970177 -275.906250
v -1341.225592 12301.970177 -266.201306
v -1210.854675 12301.970177 -286.583333
v -1144.188009 12301.970177 -300.385417
v -1077.521342 12281.175745 -314.397721
v -1087.305618 12290.052962 -312.403959
v -1088.423924 12291.067595 -312.176079
v -1100.440514 12301.970177 -309.100738
v -1042.575883 12249.469930 -318.460166
v -1053.470394 12259.354458 -317.137805
v -677.521342 12247.133531 -325.259296
v -610.854675 12301.970177 -323.041667
v -641.120214 12301.970177 -322.686992
v -661.728898 12270.924131 -324.143315
v -544.188009 12301.970177 -323.302083
v -477.521342 12301.970177 -323.562500
v -410.854675 12301.970177 -324.604167
v -344.188009 12301.970177 -325.906250
v -344.188009 12243.003140 -329.591690
v -335.813487 12255.618977 -330.209858
v -310.394242 12293.911916 -332.086188
v -303.229139 12301.970177 -332.786060
v 389.145325 12257.874494 -670.058559
v 455.811991 12301.970177 -687.625000
v 422.286833 12301.970177 -671.255294
v 409.248839 12284.622770 -670.784494
v 522.478658 12301.970177 -708.197917
v 589.145325 12301.970177 -720.697917
v 655.811991 12301.970177 -728.250000
v 722.478658 12301.970177 -740.750000
v 722.478658 12237.690062 -759.330971
v 748.113296 12279.610551 -755.925101
v 761.786345 12301.970177 -754.108472
v 4789.145325 12301.970177 -633.458333
v 4777.524097 12290.348950 -633.276752
v 4773.182626 12264.139422 -633.379760
v 4779.449093 12301.970177 -633.268954
v 4855.811991 12301.970177 -636.843750
v 4922.478658 12301.970177 -647.000000
v 4989.145325 12301.970177 -661.583333
v 5055.811991 12301.970177 -676.427083
v 5100.103101 12279.594620 -683.871996
v 5103.809494 12301.970177 -683.926693
v -1277.521342 12355.635282 -269.617371
v -1285.899437 12353.541305 -268.586408
v -1311.820030 12334.338156 -266.887937
v -1336.780418 12309.377768 -266.010423
v -1329.791787 12321.023865 -265.637548
v -1210.854675 12363.504161 -280.814522
v -1215.322279 12364.169241 -280.036657
v -1232.904307 12366.786628 -276.501981
v -1144.188009 12337.928602 -297.014314
v -1163.379657 12349.445195 -291.961363
v -1178.874426 12358.743352 -287.881759
v -1123.377454 12322.780732 -302.986736
v -1132.035353 12330.635994 -300.356390
v -610.854675 12347.563838 -321.438765
v -544.188009 12368.636844 -320.958333
v -596.866198 12368.636844 -320.752559
v -599.972739 12363.956982 -320.904951
v -477.521342 12368.636844 -321.479167
v -410.854675 12368.636844 -322.000000
v -344.188009 12368.636844 -323.302083
v -277.521342 12368.636844 -330.854167
v -277.521342 12330.882552 -334.393632
v -277.514297 12330.890475 -334.395751
v -243.951645 12368.636844 -344.491856
v 455.811991 12346.576318 -675.776494
v 522.478658 12368.636844 -694.135417
v 472.392279 12368.636844 -675.939974
v 589.145325 12368.636844 -710.020833
v 655.811991 12368.636844 -721.739583
v 722.478658 12368.636844 -732.416667
v 789.145325 12368.636844 -749.604167
v 777.944806 12328.394213 -754.129223
v 789.145325 12346.710493 -754.143606
v 802.553424 12368.636844 -753.427570
v 4789.145325 12360.506482 -632.543704
v 4783.922083 12328.973688 -632.934387
v 4855.811991 12368.636844 -635.281250
v 4790.492076 12368.636844 -632.474535
v 4922.478658 12368.636844 -645.958333
v 4989.145325 12368.636844 -660.281250
v 5055.811991 12368.636844 -674.864583
v 5110.359754 12341.514201 -684.950171
v 5113.338451 12359.496637 -685.415593
v 5114.852478 12368.636844 -685.473421
v -544.188009 12435.303511 -318.875000
v -569.245802 12410.245717 -319.560174
v -562.373816 12435.303511 -318.661885
v -562.171280 12420.903164 -319.226772
v -569.094659 12410.473407 -319.553051
v -477.521342 12435.303511 -319.395833
v -410.854675 12435.303511 -320.177083
v -344.188009 12435.303511 -321.218750
v -277.521342 12435.303511 -324.604167
v -210.854675 12435.303511 -339.708333
v -238.075696 12375.245254 -345.071973
v -210.854675 12405.859482 -347.759435
v -184.674152 12435.303511 -350.753242
v 522.478658 12435.303511 -677.989583
v 503.532012 12416.356865 -675.695263
v 482.901487 12382.619633 -676.371316
v 515.118003 12435.303511 -675.229338
v 589.145325 12435.303511 -693.614583
v 655.811991 12435.303511 -709.239583
v 722.478658 12435.303511 -724.864583
v 789.145325 12435.303511 -737.625000
v 807.776316 12377.177875 -752.614836
v 823.658354 12403.149873 -750.143433
v 837.607827 12425.961537 -748.768968
v 843.320502 12435.303511 -748.206089
v 4855.811991 12435.303511 -634.239583
v 4790.759447 12370.250967 -632.460803
v 4801.535060 12435.303511 -631.695352
v 4922.478658 12435.303511 -645.177083
v 4989.145325 12435.303511 -660.020833
v 5055.811991 12435.303511 -675.125000
v 5122.478658 12435.303511 -687.885417
v 5121.099211 12406.348467 -687.185125
v 5122.478658 12414.676212 -687.563115
v 5125.895462 12435.303511 -688.125661
v -544.188009 12501.970177 -316.270833
v -563.046225 12483.111961 -316.786488
v -562.396492 12436.915796 -318.598639
v -563.311459 12501.970177 -316.046730
v -477.521342 12501.970177 -317.052083
v -410.854675 12501.970177 -317.833333
v -344.188009 12501.970177 -319.135417
v -277.521342 12501.970177 -320.437500
v -210.854675 12501.970177 -324.864583
v -144.188009 12501.970177 -348.302083
v -159.198492 12463.954812 -353.106850
v -144.188009 12480.836412 -354.493616
v -125.396659 12501.970177 -357.844566
v 522.478658 12447.340437 -674.886313
v 589.145325 12501.970177 -676.947917
v 555.885081 12501.970177 -668.892701
v 539.067892 12474.468920 -671.909957
v 655.811991 12501.970177 -693.875000
v 722.478658 12501.970177 -713.927083
v 789.145325 12501.970177 -729.552083
v 855.811991 12501.970177 -740.750000
v 855.811991 12455.730925 -747.613639
v 883.902955 12501.970177 -747.882471
v 867.439337 12474.745199 -747.743464
v 867.803449 12475.343995 -747.747030
v 4855.811991 12501.970177 -633.458333
v 4803.994798 12450.152984 -631.636635
v 4812.578044 12501.970177 -631.431742
v 4805.400995 12458.642221 -631.603067
v 4922.478658 12501.970177 -644.135417
v 4989.145325 12501.970177 -659.760417
v 5055.811991 12501.970177 -676.427083
v 5122.478658 12501.970177 -689.187500
v 5126.573801 12439.398654 -688.237343
v 5131.801002 12470.955349 -689.200804
v 5137.030296 12501.970177 -690.153820
v -544.188009 12568.636844 -314.187500
v -563.970863 12548.853989 -314.573884
v -564.249102 12568.636844 -313.952409
v -564.065179 12555.559865 -314.363220
v -477.521342 12568.636844 -314.968750
v -410.854675 12568.636844 -316.010417
v -344.188009 12568.636844 -317.052083
v -277.521342 12568.636844 -318.354167
v -210.854675 12568.636844 -321.479167
v -144.188009 12568.636844 -339.187500
v -77.521342 12568.636844 -368.875000
v -119.759891 12508.309591 -359.444057
v -80.321289 12552.664370 -370.635168
v -77.521342 12556.987981 -371.195672
v -69.977600 12568.636844 -371.586032
v 589.145325 12556.360869 -663.775171
v 655.811991 12568.636844 -679.031250
v 596.652159 12568.636844 -662.854733
v 722.478658 12568.636844 -701.687500
v 789.145325 12568.636844 -722.781250
v 855.811991 12568.636844 -732.156250
v 922.478658 12568.636844 -742.052083
v 896.613603 12522.991692 -746.182867
v 922.478658 12565.768636 -742.724320
v 924.212918 12568.636844 -742.505972
v 4855.811991 12568.636844 -632.677083
v 4817.252771 12530.077624 -631.321486
v 4816.216437 12523.931147 -631.344937
v 4816.140452 12523.476488 -631.346703
v 4823.754097 12568.636844 -631.174370
v 4922.478658 12568.636844 -643.093750
v 4989.145325 12568.636844 -660.281250
v 5055.811991 12568.636844 -678.250000
v 5122.478658 12568.636844 -690.229167
v 5139.981362 12519.472881 -690.554899
v 5142.762101 12535.965384 -690.986390
v 5148.270714 12568.636844 -691.841170
v -544.188009 12635.303511 -312.364583
v -564.895502 12614.596017 -312.688138
v -565.186746 12635.303511 -312.282557
v -477.521342 12635.303511 -313.145833
v -410.854675 12635.303511 -313.927083
v -344.188009 12635.303511 -313.927083
v -277.521342 12635.303511 -314.708333
v -210.854675 12635.303511 -319.916667
v -144.188009 12635.303511 -332.937500
v -77.521342 12635.303511 -355.593750
v -57.020215 12589.137971 -372.478714
v -57.259054 12588.276514 -372.551039
v -45.923619 12629.161712 -368.666458
v -45.193359 12635.303511 -367.716744
v 655.811991 12635.303511 -665.229167
v 608.468243 12587.959762 -662.085246
v 598.730913 12572.036244 -662.719361
v 637.317877 12635.303511 -659.594241
v 628.379618 12620.520963 -660.393269
v 722.478658 12635.303511 -692.052083
v 789.145325 12635.303511 -716.010417
v 855.811991 12635.303511 -727.208333
v 922.478658 12635.303511 -732.937500
v 926.865297 12573.023483 -742.274842
v 954.233910 12618.287087 -741.218074
v 964.522881 12635.303511 -740.820792
v 4855.811991 12635.303511 -630.854167
v 4830.772740 12610.264259 -630.365119
v 4827.215856 12589.168458 -630.775228
v 4834.994515 12635.303511 -630.122302
v 4922.478658 12635.303511 -641.010417
v 4989.145325 12635.303511 -658.979167
v 5055.811991 12635.303511 -677.989583
v 5122.478658 12635.303511 -691.010417
v 5153.501331 12599.659517 -692.773995
v 5153.761520 12601.202695 -692.810374
v 5159.511132 12635.303511 -693.614262
v -544.188009 12701.970177 -306.895833
v -565.099056 12681.059130 -308.529509
v -565.733866 12674.203934 -309.089369
v -563.162634 12701.970177 -307.637030
v -477.521342 12701.970177 -308.979167
v -410.854675 12701.970177 -311.322917
v -344.188009 12701.970177 -311.843750
v -277.521342 12701.970177 -313.406250
v -210.854675 12701.970177 -319.395833
v -144.188009 12701.970177 -333.197917
v -77.521342 12701.970177 -353.510417
v -40.830857 12671.993996 -365.769627
v -38.599124 12690.763816 -365.871769
v -37.266687 12701.970177 -365.932752
v 655.811991 12665.890017 -660.211068
v 722.478658 12701.970177 -681.895833
v 677.627840 12701.970177 -663.324792
v 657.008465 12667.868806 -660.381838
v 789.145325 12701.970177 -705.333333
v 855.811991 12701.970177 -721.218750
v 922.478658 12701.970177 -729.291667
v 989.145325 12701.970177 -736.843750
v 983.044063 12665.934784 -740.344951
v 989.145325 12676.025360 -740.188199
v 1004.832844 12701.970177 -741.072027
v 4855.811991 12701.970177 -630.333333
v 4844.292709 12690.450895 -630.018353
v 4838.215275 12654.405768 -630.086296
v 4846.234932 12701.970177 -629.921819
v 4922.478658 12701.970177 -639.187500
v 4989.145325 12701.970177 -656.895833
v 5055.811991 12701.970177 -676.427083
v 5122.478658 12701.970177 -691.010417
v 5167.021300 12679.846153 -694.490311
v 5170.751549 12701.970177 -694.781736
v -544.188009 12768.636844 -299.604167
v -551.386201 12761.438651 -300.672648
v -551.682353 12759.968194 -300.845048
v -562.991894 12703.813960 -307.428696
v -549.936475 12768.636844 -299.806261
v -477.521342 12768.636844 -303.770833
v -410.854675 12768.636844 -307.937500
v -344.188009 12768.636844 -309.239583
v -277.521342 12768.636844 -312.885417
v -210.854675 12768.636844 -319.135417
v -144.188009 12768.636844 -329.031250
v -77.521342 12768.636844 -344.656250
v -31.834520 12747.656999 -360.470518
v -31.274629 12752.365920 -360.004771
v -29.340015 12768.636844 -358.395456
v 722.478658 12768.636844 -667.833333
v 710.993017 12757.151203 -665.500312
v 685.818619 12715.516503 -663.858858
v 717.937803 12768.636844 -666.130513
v 789.145325 12768.636844 -691.010417
v 855.811991 12768.636844 -711.843750
v 922.478658 12768.636844 -725.125000
v 989.145325 12768.636844 -731.375000
v 1010.097985 12710.677935 -740.790413
v 1035.288649 12748.113502 -740.268450
v 1038.143952 12752.356737 -740.366513
v 1049.098955 12768.636844 -740.742755
v 4855.811991 12758.771501 -629.889573
v 4849.214694 12719.643079 -629.911786
v 4922.478658 12768.636844 -638.927083
v 4857.475350 12768.636844 -630.039912
v 4989.145325 12768.636844 -655.593750
v 5055.811991 12768.636844 -675.645833
v 5122.478658 12768.636844 -691.270833
v 5175.760359 12731.677315 -695.521180
v 5180.541269 12760.032788 -696.226979
v 5181.991967 12768.636844 -696.385258
v -544.188009 12797.179182 -297.931764
v -477.521342 12835.303511 -300.645833
v -536.509716 12835.303511 -296.267790
v -540.372812 12816.122428 -297.104967
v -410.854675 12835.303511 -305.072917
v -344.188009 12835.303511 -306.635417
v -277.521342 12835.303511 -310.281250
v -210.854675 12835.303511 -318.354167
v -144.188009 12835.303511 -325.906250
v -77.521342 12835.303511 -334.760417
v -23.950134 12813.968024 -353.380643
v -22.838183 12823.320003 -352.346069
v -21.413343 12835.303511 -350.979135
v 722.478658 12776.146740 -666.102537
v 789.145325 12835.303511 -675.906250
v 758.247766 12835.303511 -665.043827
v 743.438926 12810.811897 -665.482146
v 855.811991 12835.303511 -697.520833
v 922.478658 12835.303511 -713.406250
v 989.145325 12835.303511 -725.125000
v 1055.811991 12835.303511 -735.802083
v 1055.811991 12778.613014 -740.895370
v 1122.478658 12827.179792 -759.009881
v 1122.478658 12835.303511 -757.677083
v 1115.760070 12828.584923 -756.076170
v 1068.084843 12796.851563 -743.283780
v 1093.333951 12834.373982 -748.197489
v 1098.406529 12832.214255 -750.055966
v 1189.145325 12828.065627 -789.044609
v 1189.145325 12835.303511 -787.885417
v 1180.223722 12826.381908 -785.306516
v 1151.874983 12821.031823 -773.338742
v 1211.884513 12835.303511 -795.257888
v 1205.552724 12831.162095 -793.868277
v 4922.478658 12835.303511 -637.885417
v 4857.812678 12770.637531 -630.054771
v 4868.715768 12835.303511 -630.114999
v 4989.145325 12835.303511 -655.333333
v 5055.811991 12835.303511 -675.125000
v 5122.478658 12835.303511 -690.489583
v 5189.145325 12835.303511 -697.781250
v 5186.759778 12796.914626 -697.126372
v 5189.145325 12811.063250 -697.497184
v 5193.232384 12835.303511 -697.733355
v -477.521342 12901.970177 -299.083333
v -534.573300 12844.918219 -296.186164
v -523.082956 12901.970177 -295.167882
v -529.063272 12872.276662 -295.697861
v -410.854675 12901.970177 -303.250000
v -344.188009 12901.970177 -304.291667
v -277.521342 12901.970177 -307.416667
v -210.854675 12901.970177 -316.270833
v -144.188009 12901.970177 -325.645833
v -77.521342 12901.970177 -332.416667
v -16.625640 12875.570127 -350.003709
v -13.841846 12898.983006 -349.436550
v -13.486672 12901.970177 -349.425876
v 789.145325 12883.863546 -665.663118
v 775.900235 12864.180165 -665.158604
v 772.249080 12858.459594 -665.081677
v 855.811991 12901.970177 -681.375000
v 801.329408 12901.970177 -665.413306
v 922.478658 12901.970177 -698.302083
v 989.145325 12901.970177 -716.010417
v 1055.811991 12901.970177 -731.895833
v 1122.478658 12901.970177 -752.208333
v 1189.145325 12901.970177 -780.333333
v 1255.811991 12901.970177 -803.510417
v 1251.267803 12861.062828 -805.712375
v 1255.811991 12867.721208 -806.587472
v 1279.186108 12901.970177 -807.893064
v 4922.478658 12901.970177 -636.583333
v 4871.332647 12850.824167 -630.190082
v 4871.213533 12850.117699 -630.186664
v 4879.956185 12901.970177 -630.105300
v 4989.145325 12901.970177 -654.291667
v 5055.811991 12901.970177 -673.041667
v 5122.478658 12901.970177 -688.406250
v 5189.145325 12901.970177 -697.781250
v 5194.061238 12840.219424 -697.877264
v 5197.759197 12862.151936 -697.949490
v 5204.472802 12901.970177 -698.080615
v -477.521342 12968.636844 -298.822917
v -517.800699 12928.357487 -295.518751
v -518.055254 12926.933768 -295.502436
v -510.598907 12968.636844 -295.721895
v -410.854675 12968.636844 -301.687500
v -344.188009 12968.636844 -302.468750
v -277.521342 12968.636844 -304.552083
v -210.854675 12968.636844 -312.625000
v -144.188009 12968.636844 -324.864583
v -77.521342 12968.636844 -333.979167
v -10.854675 12968.636844 -350.385417
v -11.049111 12922.471092 -350.153435
v -10.854675 12923.040498 -350.207306
v 4.715178 12968.636844 -356.528210
v 855.811991 12968.636844 -666.010417
v 826.394952 12939.219804 -664.171852
v 805.841125 12908.674991 -665.189848
v 846.189891 12968.636844 -663.379373
v 835.782016 12953.169817 -663.796046
v 922.478658 12968.636844 -686.583333
v 989.145325 12968.636844 -709.500000
v 1055.811991 12968.636844 -727.208333
v 1122.478658 12968.636844 -747.260417
v 1189.145325 12968.636844 -773.302083
v 1255.811991 12968.636844 -796.479167
v 1287.888089 12934.046275 -807.770523
v 1282.060514 12906.181907 -808.201686
v 1293.242946 12959.650361 -806.346054
v 1291.546982 12968.636844 -804.994145
v 4922.478658 12968.636844 -636.843750
v 4884.852617 12931.010803 -630.964681
v 4882.212952 12915.355010 -630.501389
v 4891.196603 12968.636844 -632.078124
v 4989.145325 12968.636844 -653.250000
v 5055.811991 12968.636844 -670.437500
v 5122.478658 12968.636844 -687.104167
v 5189.145325 12968.636844 -698.302083
v 5207.581207 12920.406060 -698.717447
v 5208.758616 12927.389246 -698.822595
v 5209.743960 12934.097333 -698.917341
v 5214.071981 12968.636844 -699.373151
v -544.188009 13026.979751 -290.977603
v -544.188009 13035.303511 -290.750000
v -548.898620 13030.592899 -290.197975
v -555.040042 13035.303511 -288.842416
v -477.521342 13035.303511 -298.822917
v -511.170382 13001.654470 -295.668319
v -505.476366 12997.287029 -296.202133
v -509.042837 12977.339888 -295.867776
v -532.867973 13018.297023 -292.585807
v -410.854675 13035.303511 -300.645833
v -344.188009 13035.303511 -300.645833
v -277.521342 13035.303511 -302.989583
v -210.854675 13035.303511 -310.020833
v -144.188009 13035.303511 -324.343750
v -77.521342 13035.303511 -336.843750
v -10.854675 13035.303511 -351.427083
v 12.788727 12992.280246 -359.805835
v 27.479946 13035.303511 -366.102056
v 855.811991 12982.936141 -663.441012
v 922.478658 13035.303511 -677.989583
v 891.050373 13035.303511 -666.695043
v 865.722907 12997.664643 -664.356219
v 989.145325 13035.303511 -701.687500
v 1055.811991 13035.303511 -721.479167
v 1122.478658 13035.303511 -742.052083
v 1189.145325 13035.303511 -764.968750
v 1255.811991 13035.303511 -785.281250
v 1285.873632 12998.698485 -800.002015
v 1283.112674 13013.328102 -796.757392
v 1268.739281 13035.303511 -788.967547
v 4922.478658 13035.303511 -635.281250
v 4896.692025 13009.516878 -631.957192
v 4892.648619 12977.248717 -632.097489
v 4899.923255 13035.303511 -632.549932
v 4899.540507 13032.249012 -632.479720
v 4989.145325 13035.303511 -650.125000
v 5055.811991 13035.303511 -666.791667
v 5122.478658 13035.303511 -685.541667
v 5189.145325 13035.303511 -699.083333
v 5217.642911 12997.134430 -700.194501
v 5222.425740 13035.303511 -700.903356
v -610.854675 13078.114621 -278.696788
v -610.854675 13101.970177 -278.510417
v -624.355097 13088.469756 -276.031824
v -637.347130 13101.970177 -273.439595
v -627.864679 13091.161686 -275.339037
v -544.188009 13101.970177 -290.489583
v -586.626859 13059.531327 -283.195406
v -580.366326 13054.729354 -284.314648
v -477.521342 13101.970177 -298.041667
v -410.854675 13101.970177 -299.083333
v -344.188009 13101.970177 -299.343750
v -277.521342 13101.970177 -301.687500
v -210.854675 13101.970177 -308.458333
v -144.188009 13101.970177 -323.041667
v -77.521342 13101.970177 -338.666667
v -10.854675 13101.970177 -353.250000
v 38.203517 13066.707509 -370.820532
v 47.357874 13093.516060 -374.848539
v 50.244714 13101.970177 -376.162271
v 922.478658 13082.008737 -671.968988
v 895.663797 13042.159469 -667.469217
v 989.145325 13101.970177 -692.052083
v 936.886251 13101.970177 -674.292164
v 929.892966 13092.677346 -673.113444
v 928.389754 13089.555735 -673.004982
v 925.604688 13086.654296 -672.432508
v 1055.811991 13101.970177 -712.104167
v 1122.478658 13101.970177 -729.291667
v 1189.145325 13101.970177 -748.041667
v 1255.811991 13055.067978 -780.340133
v 1254.047995 13057.764943 -779.128424
v 1255.811991 13060.108980 -779.079883
v 1255.811991 13101.970177 -768.614583
v 1263.627448 13043.118967 -785.830774
v 1284.107176 13101.970177 -777.677885
v 1278.807373 13090.665751 -778.806398
v 4922.478658 13101.970177 -632.677083
v 4906.242523 13085.734042 -631.345213
v 4908.277014 13101.970177 -631.401154
v 4989.145325 13101.970177 -645.958333
v 5055.811991 13101.970177 -663.666667
v 5122.478658 13101.970177 -683.197917
v 5189.145325 13101.970177 -698.822917
v 5224.370919 13050.826891 -701.131009
v 5227.193408 13073.351594 -701.461339
v 5230.779500 13101.970177 -701.587686
v -610.854675 13168.636844 -275.645833
v -656.121517 13123.370002 -268.926536
v -676.257669 13168.636844 -262.105370
v -663.889493 13132.224262 -266.799519
v -544.188009 13168.636844 -287.885417
v -477.521342 13168.636844 -293.614583
v -410.854675 13168.636844 -295.437500
v -344.188009 13168.636844 -297.520833
v -277.521342 13168.636844 -300.906250
v -210.854675 13168.636844 -306.635417
v -144.188009 13168.636844 -319.395833
v -77.521342 13168.636844 -337.364583
v -10.854675 13168.636844 -355.333333
v 55.811991 13168.636844 -379.552083
v 55.811991 13118.273960 -378.568433
v 56.215776 13119.456442 -378.747680
v 73.009482 13168.636844 -386.202675
v 989.145325 13168.636844 -680.333333
v 980.702024 13160.193543 -678.948104
v 961.190000 13134.265535 -676.874723
v 987.055998 13168.636844 -679.672257
v 1055.811991 13168.636844 -697.520833
v 1122.478658 13168.636844 -713.145833
v 1189.145325 13168.636844 -730.854167
v 1255.811991 13168.636844 -752.468750
v 1305.259835 13151.418021 -772.284540
v 1303.204099 13142.703720 -773.770598
v 1309.321819 13168.636844 -769.399594
v 4922.478658 13168.636844 -630.593750
v 4915.793020 13161.951206 -630.202013
v 4914.167466 13148.978570 -630.461362
v 4916.630773 13168.636844 -630.205414
v 4989.145325 13168.636844 -643.093750
v 5055.811991 13168.636844 -661.583333
v 5122.478658 13168.636844 -681.895833
v 5189.145325 13168.636844 -698.041667
v 5236.743906 13149.568759 -702.355624
v 5238.997878 13167.556449 -702.338531
v 5239.133259 13168.636844 -702.337505
v -677.521342 13172.357167 -261.509502
v -677.521342 13235.303511 -255.854167
v -678.142507 13234.682346 -255.781374
v -681.458113 13183.947235 -259.653172
v -678.101913 13235.303511 -255.743042
v -610.854675 13235.303511 -270.697917
v -676.578068 13169.580118 -261.969029
v -544.188009 13235.303511 -280.854167
v -477.521342 13235.303511 -285.802083
v -410.854675 13235.303511 -288.927083
v -344.188009 13235.303511 -293.354167
v -277.521342 13235.303511 -298.822917
v -210.854675 13235.303511 -304.552083
v -144.188009 13235.303511 -315.750000
v -77.521342 13235.303511 -334.239583
v -10.854675 13235.303511 -354.812500
v 55.811991 13235.303511 -377.989583
v 81.927021 13194.751874 -388.529125
v 90.004692 13218.407349 -390.940719
v 97.708828 13235.303511 -393.373578
v 989.145325 13171.413188 -679.693473
v 1055.811991 13235.303511 -681.375000
v 1037.225744 13235.303511 -676.801041
v 1023.784068 13217.441915 -677.609668
v 992.487034 13175.853725 -679.492442
v 1122.478658 13235.303511 -699.343750
v 1189.145325 13235.303511 -717.833333
v 1255.811991 13235.303511 -736.843750
v 1322.478658 13235.303511 -756.635417
v 1316.375042 13198.535580 -764.039802
v 1322.478658 13224.408915 -759.401623
v 1325.048734 13235.303511 -757.458644
v 4922.478658 13215.305532 -630.958349
v 4921.480946 13207.343349 -630.829890
v 4989.145325 13235.303511 -642.052083
v 4924.984532 13235.303511 -631.525703
v 5055.811991 13235.303511 -657.937500
v 5122.478658 13235.303511 -678.250000
v 5189.145325 13235.303511 -695.697917
v 5246.294403 13225.785923 -702.729677
v 5246.311358 13225.921228 -702.726907
v 5247.487018 13235.303511 -702.534834
v -677.521342 13239.216099 -255.640197
v -677.895877 13238.456251 -255.610063
v -610.854675 13301.970177 -264.187500
v -637.197601 13301.970177 -259.454006
v -653.745103 13287.452806 -257.274545
v -544.188009 13301.970177 -272.520833
v -477.521342 13301.970177 -278.250000
v -410.854675 13301.970177 -283.458333
v -344.188009 13301.970177 -289.187500
v -277.521342 13301.970177 -293.614583
v -210.854675 13301.970177 -299.864583
v -144.188009 13301.970177 -311.583333
v -77.521342 13301.970177 -330.333333
v -10.854675 13301.970177 -350.906250
v 55.811991 13301.970177 -372.520833
v 122.478658 13301.970177 -397.260417
v 111.064108 13264.593361 -395.989200
v 122.478658 13289.626939 -398.224732
v 128.106799 13301.970177 -399.370970
v 1055.811991 13301.970177 -672.781250
v 1052.249688 13298.407874 -672.363793
v 1043.855319 13262.823995 -674.884975
v 1037.425868 13235.569440 -676.816010
v 1053.090048 13301.970177 -672.036969
v 1122.478658 13301.970177 -692.052083
v 1189.145325 13301.970177 -709.239583
v 1255.811991 13301.970177 -724.604167
v 1322.478658 13301.970177 -742.052083
v 1325.842207 13238.667060 -756.963888
v 1329.545985 13254.367441 -754.701329
v 1340.775648 13301.970177 -747.841365
v 4989.145325 13301.970177 -640.750000
v 4925.343518 13238.168370 -631.528645
v 4933.338292 13301.970177 -632.684140
v 5055.811991 13301.970177 -653.510417
v 5122.478658 13301.970177 -671.739583
v 5189.145325 13301.970177 -689.187500
v 5255.811991 13301.970177 -701.166667
v 5253.624838 13284.286007 -701.532069
v 5255.811991 13301.740455 -701.174743
v 5255.840777 13301.970177 -701.167341
v -610.854675 13324.098482 -262.285849
v -612.682527 13323.477620 -262.010762
v -544.188009 13339.950197 -268.515128
v -560.959554 13341.046240 -266.303087
v -577.343817 13335.481036 -264.842009
v -477.521342 13323.224583 -276.340424
v -506.450539 13337.484004 -272.573202
v -508.537778 13337.620408 -272.381575
v -410.854675 13368.636844 -279.291667
v -451.606249 13327.885270 -278.654923
v -454.177019 13310.819723 -279.520679
v -457.453983 13313.333230 -279.107572
v -463.284422 13316.207097 -278.472452
v -445.467393 13368.636844 -275.641107
v -446.100419 13364.434629 -275.951885
v -344.188009 13368.636844 -285.541667
v -277.521342 13368.636844 -287.885417
v -210.854675 13368.636844 -290.229167
v -144.188009 13368.636844 -303.250000
v -153.453820 13359.371033 -302.779471
v -167.631239 13328.278127 -304.173959
v -168.849480 13325.214106 -304.342818
v -165.522012 13347.302840 -302.166633
v -162.308238 13368.636844 -299.710893
v -149.228892 13368.636844 -302.265453
v -77.521342 13368.636844 -324.083333
v -10.854675 13368.636844 -345.697917
v 55.811991 13368.636844 -366.791667
v 122.478658 13368.636844 -389.187500
v 132.823927 13312.315446 -399.927556
v 134.993696 13317.074029 -400.173461
v 158.504770 13368.636844 -402.838019
v 1055.811991 13313.508541 -671.609385
v 1122.478658 13368.636844 -685.541667
v 1068.816963 13368.636844 -669.820467
v 1057.026262 13318.655855 -671.442354
v 1189.145325 13368.636844 -701.947917
v 1255.811991 13368.636844 -716.270833
v 1322.478658 13368.636844 -732.416667
v 1346.424580 13325.916099 -745.045324
v 1355.887872 13366.031161 -741.798096
v 1356.348348 13368.636844 -741.545607
v 4989.145325 13368.636844 -638.145833
v 4934.894015 13314.385535 -632.424016
v 4941.692051 13368.636844 -631.287352
v 4936.107905 13324.072907 -632.221048
v 5055.811991 13368.636844 -650.906250
v 5122.478658 13368.636844 -665.750000
v 5189.145325 13368.636844 -681.635417
v 5255.811991 13368.636844 -696.218750
v 5255.844901 13302.003087 -701.166667
v 5260.938317 13342.650786 -698.527872
v 5264.194536 13368.636844 -696.840892
v -410.854675 13435.303511 -274.343750
v -439.782357 13406.375829 -273.439760
v -435.447998 13435.303511 -271.749923
v -437.768294 13419.745786 -272.659879
v -344.188009 13435.303511 -280.854167
v -277.521342 13435.303511 -284.239583
v -210.854675 13435.303511 -285.281250
v -153.781946 13425.709573 -294.019153
v -160.876907 13378.138447 -298.765633
v -160.846464 13378.341548 -298.745398
v -144.188009 13379.692150 -301.824902
v -152.351096 13435.303511 -293.508316
v -77.521342 13435.303511 -314.968750
v -118.830920 13435.303511 -302.382238
v -119.772063 13433.239463 -302.361552
v -143.701651 13380.758795 -301.835592
v -10.854675 13435.303511 -338.406250
v 55.811991 13435.303511 -360.802083
v 122.478658 13435.303511 -380.854167
v 158.923284 13369.554697 -402.817328
v 182.852871 13422.035366 -401.634268
v 188.699425 13434.857611 -401.345219
v 188.902742 13435.303511 -401.352224
v 1122.478658 13435.303511 -677.729167
v 1072.832060 13385.656913 -669.002226
v 1070.197205 13374.487715 -669.539186
v 1083.052563 13435.303511 -666.486569
v 1081.541874 13422.577966 -667.447643
v 1189.145325 13435.303511 -694.656250
v 1255.811991 13435.303511 -708.979167
v 1322.478658 13435.303511 -724.343750
v 1361.768687 13407.926873 -737.020967
v 1358.651819 13381.671413 -740.180729
v 1365.018654 13435.303511 -734.480234
v 4989.145325 13435.303511 -635.541667
v 4944.444513 13390.602699 -630.827128
v 4943.421384 13382.437686 -630.998200
v 4950.045810 13435.303511 -630.043297
v 5055.811991 13435.303511 -647.781250
v 5122.478658 13435.303511 -662.885417
v 5189.145325 13435.303511 -679.291667
v 5255.811991 13435.303511 -693.614583
v 5265.395398 13378.220251 -696.742843
v 5268.251797 13401.015565 -696.120188
v 5268.702334 13405.018984 -696.006042
v 5271.724915 13435.303511 -695.106420
v -410.854675 13501.970177 -268.093750
v -428.073258 13484.751595 -267.891970
v -428.353517 13482.872438 -268.038582
v -425.505260 13501.970177 -266.663029
v -344.188009 13501.970177 -275.385417
v -277.521342 13501.970177 -280.333333
v -210.854675 13501.970177 -281.895833
v -144.188009 13501.970177 -289.447917
v -151.416541 13441.569761 -293.150187
v -144.188009 13490.037514 -290.380156
v -77.521342 13501.970177 -307.937500
v -97.578321 13481.913198 -303.941774
v -88.432949 13501.970177 -304.911234
v -142.408358 13501.970177 -289.941492
v -10.854675 13501.970177 -332.677083
v 55.811991 13501.970177 -355.333333
v 122.478658 13501.970177 -375.645833
v 189.145325 13501.970177 -391.791667
v 189.145325 13435.835526 -401.350190
v 201.280563 13462.449667 -401.153668
v 229.297823 13501.970177 -403.868785
v 1122.478658 13501.970177 -669.656250
v 1086.721986 13466.213506 -663.789921
v 1090.966774 13501.970177 -660.670439
v 1189.145325 13501.970177 -687.364583
v 1255.811991 13501.970177 -701.166667
v 1322.478658 13501.970177 -714.447917
v 1366.152000 13444.850436 -733.258581
v 1370.748976 13483.573829 -728.303425
v 1372.932865 13501.970177 -726.076035
v 4989.145325 13501.970177 -634.239583
v 4953.201378 13466.026231 -629.886996
v 4950.484392 13438.803591 -630.036612
v 4956.788803 13501.970177 -630.700589
v 5055.811991 13501.970177 -645.697917
v 5122.478658 13501.970177 -663.145833
v 5189.145325 13501.970177 -681.114583
v 5255.811991 13501.970177 -694.395833
v 5273.489209 13452.980728 -695.133719
v 5275.234267 13470.465204 -695.468131
v 5278.378655 13501.970177 -696.070703
v -410.854675 13568.636844 -262.885417
v -416.387728 13563.103792 -262.777349
v -418.923594 13546.100651 -263.858076
v -415.562522 13568.636844 -262.425666
v -344.188009 13568.636844 -270.697917
v -277.521342 13568.636844 -276.687500
v -210.854675 13568.636844 -278.250000
v -144.188009 13568.636844 -283.197917
v -142.096416 13504.061770 -289.766558
v -77.521342 13525.900737 -304.946180
v -141.986618 13504.797975 -289.724559
v -132.556694 13568.026188 -286.117559
v -132.465621 13568.636844 -286.082723
v -10.854675 13568.636844 -323.041667
v -58.034977 13568.636844 -306.454842
v -71.912888 13538.200800 -305.380394
v 55.811991 13568.636844 -347.260417
v 122.478658 13568.636844 -371.218750
v 189.145325 13568.636844 -388.927083
v 255.811991 13568.636844 -402.989583
v 229.744476 13502.600216 -403.919453
v 255.811991 13539.370461 -406.876525
v 276.559797 13568.636844 -408.176535
v 1122.478658 13568.636844 -661.583333
v 1095.702275 13541.860461 -657.190333
v 1095.604564 13541.037371 -657.262141
v 1098.880984 13568.636844 -654.946488
v 1189.145325 13568.636844 -678.770833
v 1255.811991 13568.636844 -692.312500
v 1322.478658 13568.636844 -705.072917
v 1379.729265 13559.220785 -718.473350
v 1380.847075 13568.636844 -717.385005
v 4989.145325 13568.636844 -635.020833
v 4960.592830 13540.084350 -631.563305
v 4956.816259 13502.245265 -630.706815
v 4963.442544 13568.636844 -632.008789
v 5055.811991 13568.636844 -648.562500
v 5122.478658 13568.636844 -665.750000
v 5189.145325 13568.636844 -682.937500
v 5255.811991 13568.636844 -696.739583
v 5280.880661 13527.038847 -697.333568
v 5281.766199 13535.911424 -697.718136
v 5285.032395 13568.636844 -699.136570
v -410.854675 13600.203247 -261.282435
v -344.188009 13635.303511 -266.531250
v -405.619784 13635.303511 -260.052117
v -409.493671 13609.328864 -260.962568
v -277.521342 13635.303511 -272.260417
v -210.854675 13635.303511 -274.343750
v -144.188009 13635.303511 -276.947917
v -130.410886 13582.413967 -284.597156
v -124.985685 13618.790268 -282.246487
v -119.373838 13635.303511 -281.794434
v -10.854675 13635.303511 -312.885417
v -37.822133 13608.336053 -307.512993
v -47.983300 13590.681468 -306.630274
v -19.401721 13635.303511 -309.947370
v -34.811717 13613.566520 -307.791858
v 55.811991 13635.303511 -338.145833
v 122.478658 13635.303511 -363.666667
v 189.145325 13635.303511 -386.062500
v 255.811991 13635.303511 -399.343750
v 322.478658 13635.303511 -411.322917
v 302.011677 13604.538687 -410.051774
v 322.478658 13633.408946 -411.559737
v 323.821771 13635.303511 -411.658695
v 1122.478658 13635.303511 -651.687500
v 1104.682564 13617.507417 -649.323956
v 1103.104745 13604.216394 -650.853081
v 1106.795195 13635.303511 -647.582844
v 1189.145325 13635.303511 -668.614583
v 1255.811991 13635.303511 -683.458333
v 1322.478658 13635.303511 -696.218750
v 1381.152363 13571.208484 -717.007401
v 1388.171832 13630.338148 -708.325159
v 1389.037732 13635.195918 -707.672881
v 1389.056911 13635.303511 -707.661887
v 4989.145325 13635.303511 -633.458333
v 4967.984283 13614.142469 -631.474486
v 4970.096284 13635.303511 -631.077203
v 4969.880123 13633.137705 -631.117865
v 5055.811991 13635.303511 -647.260417
v 5122.478658 13635.303511 -663.145833
v 5189.145325 13635.303511 -679.031250
v 5255.811991 13635.303511 -693.875000
v 5288.272114 13601.096966 -699.275530
v 5288.298131 13601.357644 -699.267480
v 5291.686136 13635.303511 -698.219135
v -810.854675 13693.328566 -239.086231
v -810.854675 13701.970177 -239.187500
v -815.321806 13697.503046 -239.013003
v -820.102104 13701.970177 -238.898518
v -744.188009 13654.885334 -240.719058
v -744.188009 13701.970177 -241.270833
v -778.429369 13667.728817 -239.799525
v -786.833559 13670.881118 -239.573835
v -677.521342 13654.383065 -243.763642
v -677.521342 13701.970177 -244.135417
v -727.517838 13651.973682 -241.401233
v -681.093773 13653.545844 -243.589644
v -735.687766 13651.697005 -241.046939
v -610.854675 13701.970177 -247.260417
v -652.601717 13660.223135 -244.977375
v -635.032483 13664.340596 -245.885647
v -610.854675 13670.006817 -247.135560
v -544.188009 13685.630568 -250.321590
v -544.188009 13701.970177 -250.385417
v -565.529017 13680.629169 -249.301694
v -588.971193 13675.135348 -248.181381
v -482.084718 13701.970177 -254.024281
v -542.909903 13685.930100 -250.397649
v -539.032886 13686.897273 -250.628596
v -344.188009 13701.970177 -263.406250
v -404.702197 13641.455989 -259.860497
v -392.444910 13701.970177 -260.013187
v -394.149938 13696.953017 -259.952097
v -400.063748 13672.557078 -259.822172
v -277.521342 13701.970177 -268.093750
v -210.854675 13701.970177 -270.437500
v -144.188009 13701.970177 -271.739583
v -109.559390 13664.183191 -279.875736
v -106.599937 13672.891582 -279.297171
v -96.717890 13701.970177 -278.415069
v -10.854675 13647.359779 -311.237099
v 55.811991 13701.970177 -329.552083
v 27.860253 13701.970177 -318.742622
v 1.321883 13664.535756 -313.597724
v 122.478658 13701.970177 -355.072917
v 189.145325 13701.970177 -381.375000
v 255.811991 13701.970177 -399.604167
v 322.478658 13701.970177 -408.718750
v 327.093050 13639.917902 -411.989840
v 338.145277 13655.507923 -413.409975
v 371.083745 13701.970177 -417.642340
v 1122.478658 13701.970177 -640.229167
v 1115.235757 13694.727276 -639.578437
v 1111.801228 13675.459292 -641.991241
v 1110.604926 13667.395418 -643.064125
v 1116.526808 13701.970177 -638.741204
v 1189.145325 13701.970177 -657.677083
v 1255.811991 13701.970177 -676.166667
v 1322.478658 13701.970177 -687.625000
v 1389.145325 13701.970177 -694.656250
v 1389.145325 13635.799520 -707.580207
v 1400.940281 13701.970177 -697.743211
v 4989.145325 13701.970177 -629.552083
v 4975.375735 13688.200588 -628.637697
v 4976.750024 13701.970177 -628.002671
v 5055.811991 13701.970177 -642.052083
v 5122.478658 13701.970177 -657.416667
v 5189.145325 13701.970177 -675.125000
v 5255.811991 13701.970177 -692.312500
v 5294.830063 13666.803864 -698.353748
v 5295.663566 13675.155085 -698.389436
v 5298.339876 13701.970177 -698.126859
v -810.854675 13768.636844 -239.708333
v -840.670632 13738.820887 -238.543648
v -826.744668 13708.177575 -238.739433
v -849.708312 13768.636844 -238.190613
v -849.344989 13757.908328 -238.204805
v -744.188009 13768.636844 -242.312500
v -677.521342 13768.636844 -244.916667
v -610.854675 13768.636844 -247.781250
v -544.188009 13768.636844 -251.166667
v -477.521342 13768.636844 -255.072917
v -477.521342 13703.178001 -254.305821
v -410.854675 13726.061190 -258.906961
v -410.854675 13768.636844 -259.239583
v -475.878765 13703.612754 -254.413577
v -464.777800 13706.550931 -255.173705
v -451.338587 13710.843314 -256.099687
v -344.188009 13768.636844 -262.625000
v -382.967885 13729.856967 -260.352742
v -397.486729 13731.086193 -259.625060
v -380.362621 13737.523134 -260.544932
v -277.521342 13768.636844 -266.010417
v -210.854675 13768.636844 -268.093750
v -144.188009 13768.636844 -268.875000
v -77.521342 13768.636844 -273.822917
v -90.078199 13721.507921 -277.211835
v -77.521342 13758.457326 -274.936301
v -74.061943 13768.636844 -274.755333
v 55.811991 13741.398264 -320.927189
v 37.455483 13715.504991 -319.492537
v 122.478658 13768.636844 -339.447917
v 75.122227 13768.636844 -322.059227
v 73.589083 13766.474227 -321.969349
v 189.145325 13768.636844 -370.177083
v 255.811991 13768.636844 -399.604167
v 322.478658 13768.636844 -411.062500
v 389.145325 13768.636844 -419.656250
v 374.278877 13706.477158 -418.140919
v 389.145325 13727.447432 -420.460731
v 410.412477 13757.446393 -424.028554
v 418.345719 13768.636844 -425.359452
v 1122.478658 13735.360536 -635.272785
v 1189.145325 13768.636844 -649.083333
v 1128.410178 13768.636844 -632.001573
v 1122.947620 13737.991452 -635.014154
v 1255.811991 13768.636844 -668.875000
v 1322.478658 13768.636844 -681.114583
v 1389.145325 13768.636844 -686.583333
v 1403.498795 13716.323648 -695.104796
v 1409.749027 13751.387952 -691.810912
v 1412.823651 13768.636844 -690.190578
v 4989.145325 13768.636844 -623.302083
v 4982.767187 13762.258707 -623.102767
v 4983.403764 13768.636844 -622.808668
v 4982.943988 13764.030145 -623.021085
v 5055.811991 13768.636844 -632.156250
v 5122.478658 13768.636844 -647.520833
v 5189.145325 13768.636844 -669.916667
v 5255.811991 13768.636844 -691.270833
v 5303.055018 13749.213204 -698.217878
v 5304.993616 13768.636844 -698.186999
v -810.854675 13835.303511 -240.229167
v -850.619355 13795.538831 -238.365197
v -842.641402 13835.303511 -239.235831
v -851.193827 13812.502322 -238.612300
v -744.188009 13835.303511 -242.312500
v -677.521342 13835.303511 -244.656250
v -610.854675 13835.303511 -247.520833
v -544.188009 13835.303511 -251.166667
v -477.521342 13835.303511 -255.333333
v -410.854675 13835.303511 -259.760417
v -344.188009 13835.303511 -263.666667
v -277.521342 13835.303511 -266.791667
v -210.854675 13835.303511 -269.135417
v -144.188009 13835.303511 -270.437500
v -77.521342 13835.303511 -270.177083
v -72.281104 13773.877082 -273.925265
v -70.597008 13778.832651 -273.779249
v -51.405995 13835.303511 -272.115332
v 122.478658 13835.303511 -317.572917
v 122.154141 13834.978994 -317.560240
v 109.722684 13817.443462 -318.749411
v 122.384201 13835.303511 -317.534543
v 189.145325 13835.303511 -358.979167
v 255.811991 13835.303511 -397.260417
v 322.478658 13835.303511 -415.229167
v 389.145325 13835.303511 -423.041667
v 455.811991 13835.303511 -431.375000
v 446.546077 13808.415629 -430.090405
v 455.811991 13821.485917 -431.644875
v 465.607692 13835.303511 -432.943843
v 1189.145325 13835.303511 -640.229167
v 1129.696820 13775.855006 -631.404779
v 1140.293548 13835.303511 -626.107950
v 1255.811991 13835.303511 -659.239583
v 1322.478658 13835.303511 -673.041667
v 1389.145325 13835.303511 -680.072917
v 1417.959858 13797.451377 -688.947025
v 1420.895419 13813.920112 -687.866234
v 1424.707021 13835.303511 -686.462909
v 4989.145325 13826.163991 -621.054929
v 5055.811991 13835.303511 -629.552083
v 4990.057505 13835.303511 -620.819066
v 4989.475920 13829.476365 -620.969447
v 5122.478658 13835.303511 -644.135417
v 5189.145325 13835.303511 -665.750000
v 5255.811991 13835.303511 -688.145833
v 5307.893928 13797.696304 -698.594856
v 5310.446471 13823.271323 -698.953807
v 5311.647356 13835.303511 -698.614964
v -810.854675 13886.286219 -241.623225
v -832.009714 13863.648115 -240.343119
v -744.188009 13901.970177 -244.656250
v -796.198202 13901.970177 -242.624602
v -677.521342 13901.970177 -247.260417
v -610.854675 13901.970177 -249.604167
v -544.188009 13901.970177 -252.208333
v -477.521342 13901.970177 -255.593750
v -410.854675 13901.970177 -259.760417
v -344.188009 13901.970177 -263.927083
v -277.521342 13901.970177 -267.052083
v -210.854675 13901.970177 -269.656250
v -144.188009 13901.970177 -271.739583
v -77.521342 13901.970177 -271.218750
v -37.962272 13874.862581 -269.558973
v -32.092673 13892.134273 -269.645418
v -28.525344 13901.970177 -269.687625
v 122.478658 13835.436750 -317.534923
v 189.145325 13901.970177 -337.885417
v 169.646175 13901.970177 -326.383965
v 145.856284 13868.412698 -321.920771
v 255.811991 13901.970177 -374.864583
v 322.478658 13901.970177 -406.895833
v 389.145325 13901.970177 -427.208333
v 455.811991 13901.970177 -435.541667
v 489.466054 13868.957573 -437.027831
v 512.869666 13901.970177 -441.559468
v 1189.145325 13901.970177 -630.333333
v 1144.157882 13856.982735 -624.006974
v 1152.176919 13901.970177 -619.791561
v 1145.240404 13863.055771 -623.437919
v 1255.811991 13901.970177 -650.645833
v 1322.478658 13901.970177 -666.270833
v 1389.145325 13901.970177 -675.906250
v 1429.339200 13861.290406 -687.802810
v 1439.523262 13885.681448 -690.109146
v 1446.170413 13901.601512 -690.853826
v 1446.324342 13901.970177 -690.871071
v 5055.811991 13901.970177 -628.250000
v 4990.158640 13836.316826 -620.812706
v 4996.711245 13901.970177 -619.246371
v 4996.007852 13894.922585 -619.414510
v 5122.478658 13901.970177 -645.437500
v 5189.145325 13901.970177 -667.052083
v 5255.811991 13901.970177 -686.322917
v 5317.837923 13897.329442 -699.291118
v 5318.301097 13901.970177 -699.260114
v -744.188009 13926.345740 -244.846684
v -744.982504 13926.159545 -244.814194
v -794.713257 13903.559224 -242.695022
v -677.521342 13941.969491 -247.729159
v -698.921214 13936.954297 -246.834454
v -712.351318 13933.806868 -246.272957
v -610.854675 13957.593243 -250.473277
v -625.278618 13954.212901 -249.913367
v -652.859924 13947.749049 -248.760224
v -544.188009 13968.636844 -253.250000
v -568.888154 13968.636844 -252.285151
v -573.548108 13967.403459 -252.083849
v -608.744044 13958.087882 -250.563452
v -477.521342 13968.636844 -255.854167
v -410.854675 13968.636844 -258.979167
v -344.188009 13968.636844 -262.885417
v -277.521342 13968.636844 -267.052083
v -210.854675 13968.636844 -270.177083
v -144.188009 13968.636844 -272.520833
v -77.521342 13968.636844 -272.520833
v -10.854675 13968.636844 -266.531250
v -12.736606 13945.503167 -267.493720
v -10.854675 13950.692059 -267.232218
v -4.346381 13968.636844 -266.226174
v 189.145325 13929.475235 -325.959395
v 255.811991 13968.636844 -347.781250
v 216.908149 13968.636844 -325.137998
v 322.478658 13968.636844 -384.239583
v 389.145325 13968.636844 -417.052083
v 455.811991 13968.636844 -438.406250
v 522.478658 13968.636844 -447.260417
v 518.813277 13910.354100 -442.775828
v 522.478658 13915.524403 -443.525948
v 560.131640 13968.636844 -451.084548
v 1189.145325 13968.636844 -620.697917
v 1160.672482 13940.164001 -616.693923
v 1156.386796 13925.587930 -617.578531
v 1170.733167 13968.636844 -615.016040
v 1165.023300 13954.961594 -615.551025
v 1255.811991 13968.636844 -642.312500
v 1322.478658 13968.636844 -659.500000
v 1389.145325 13968.636844 -673.041667
v 1455.811991 13968.636844 -695.958333
v 1455.811991 13924.693295 -694.241788
v 1468.935518 13956.124416 -701.313637
v 1474.159869 13968.636844 -704.128872
v 5055.811991 13968.636844 -628.770833
v 4997.550092 13910.374945 -619.439826
v 5003.364985 13968.636844 -620.371117
v 5122.478658 13968.636844 -643.614583
v 5189.145325 13968.636844 -664.447917
v 5255.811991 13968.636844 -684.500000
v 5322.478658 13968.636844 -699.343750
v 5320.957792 13928.588745 -699.498197
v 5322.478658 13943.826949 -699.634491
v -544.188009 13975.174420 -252.534953
v -477.521342 14000.129877 -252.532636
v -496.007919 13993.180785 -252.543416
v -533.880255 13978.944598 -252.565501
v -543.248446 13975.423101 -252.548125
v -410.854675 14033.445372 -252.143892
v -413.185694 14032.109463 -252.175522
v -415.207317 14030.950869 -252.202954
v -452.718123 14009.453391 -252.711947
v -344.188009 14035.303511 -255.854167
v -407.612421 14035.303511 -252.137892
v -277.521342 14035.303511 -263.666667
v -210.854675 14035.303511 -269.656250
v -144.188009 14035.303511 -272.520833
v -77.521342 14035.303511 -272.781250
v -10.854675 14035.303511 -268.614583
v -0.642631 13978.848888 -266.012670
v 7.104823 14000.210306 -266.044681
v 19.832582 14035.303511 -266.097269
v 255.811991 14023.513721 -329.131686
v 254.257084 14021.320404 -328.972067
v 218.123484 13970.351168 -325.262758
v 322.478658 14035.303511 -358.718750
v 264.170122 14035.303511 -329.336714
v 389.145325 14035.303511 -395.697917
v 455.811991 14035.303511 -429.031250
v 522.478658 14035.303511 -449.343750
v 589.145325 14035.303511 -458.197917
v 575.601153 13990.457787 -454.019479
v 589.145325 13999.260117 -455.945205
v 605.830066 14010.103497 -458.382635
v 644.605403 14035.303511 -464.047222
v 1189.145325 14012.734347 -614.324449
v 1187.788406 14009.484498 -614.375418
v 1255.811991 14035.303511 -632.677083
v 1198.568693 14035.303511 -614.117733
v 1322.478658 14035.303511 -650.645833
v 1389.145325 14035.303511 -667.312500
v 1455.811991 14035.303511 -689.447917
v 1487.312272 14000.137124 -704.694739
v 1491.700624 14010.647320 -705.313985
v 1501.995395 14035.303511 -706.766693
v 5055.811991 14035.303511 -628.510417
v 5004.941544 13984.433064 -620.561909
v 5010.037802 14035.303511 -621.179394
v 5009.104214 14026.137329 -621.065680
v 5009.071717 14025.815025 -621.061734
v 5122.478658 14035.303511 -641.531250
v 5189.145325 14035.303511 -659.239583
v 5255.811991 14035.303511 -679.552083
v 5322.478658 14035.303511 -698.041667
v -344.188009 14089.120525 -245.763477
v -353.425032 14079.485620 -247.028789
v -381.356953 14050.350544 -250.854980
v -277.521342 14101.970177 -251.166667
v -331.868992 14101.970177 -244.797801
v -210.854675 14101.970177 -263.666667
v -144.188009 14101.970177 -270.177083
v -77.521342 14101.970177 -271.218750
v -10.854675 14101.970177 -269.135417
v 26.946251 14054.917445 -266.050045
v 37.296131 14083.454317 -265.981336
v 41.221653 14094.277838 -265.820550
v 46.262474 14101.970177 -265.565595
v 322.478658 14101.970177 -332.677083
v 284.527145 14064.018665 -328.377889
v 311.432096 14101.970177 -326.851748
v 389.145325 14101.970177 -370.697917
v 455.811991 14101.970177 -406.375000
v 522.478658 14101.970177 -439.187500
v 589.145325 14101.970177 -460.541667
v 655.811991 14101.970177 -469.656250
v 655.811991 14042.586650 -465.712813
v 722.478658 14101.970177 -476.687500
v 676.614897 14056.106416 -468.804666
v 711.171935 14078.564966 -474.366079
v 722.478658 14085.913182 -476.185719
v 658.501001 14044.334232 -466.112469
v 747.185605 14101.970177 -479.775868
v 1255.811991 14101.970177 -622.260417
v 1205.323695 14051.481881 -613.779961
v 1226.404219 14101.970177 -613.070488
v 1322.478658 14101.970177 -641.010417
v 1389.145325 14101.970177 -657.937500
v 1455.811991 14101.970177 -677.729167
v 1522.478658 14101.970177 -701.947917
v 1514.465730 14065.170225 -705.843060
v 1522.478658 14084.361354 -705.249571
v 1529.830921 14101.970177 -704.992213
v 5055.811991 14101.970177 -625.645833
v 5012.407037 14058.565223 -620.559315
v 5016.827888 14101.970177 -620.315975
v 5015.723331 14091.125371 -620.376774
v 5122.478658 14101.970177 -638.927083
v 5189.145325 14101.970177 -657.416667
v 5255.811991 14101.970177 -679.031250
v 5322.478658 14101.970177 -699.604167
v -277.521342 14158.658829 -238.323144
v -311.539577 14123.175273 -242.375875
v -210.854675 14168.636844 -251.427083
v -267.955377 14168.636844 -238.267156
v -269.654122 14166.864926 -238.277098
v -144.188009 14168.636844 -264.968750
v -77.521342 14168.636844 -268.614583
v -10.854675 14168.636844 -267.312500
v 55.811991 14168.636844 -264.708333
v 55.811991 14116.542832 -264.911826
v 89.949401 14168.636844 -263.374841
v 322.478658 14117.552206 -326.712088
v 389.145325 14168.636844 -344.135417
v 358.694070 14168.636844 -327.244486
v 326.524284 14123.258875 -326.771562
v 455.811991 14168.636844 -379.291667
v 522.478658 14168.636844 -419.395833
v 589.145325 14168.636844 -456.114583
v 655.811991 14168.636844 -472.520833
v 722.478658 14168.636844 -480.593750
v 789.145325 14168.636844 -488.145833
v 763.842870 14112.795701 -482.365473
v 789.145325 14129.239715 -486.299093
v 849.765806 14168.636844 -495.723394
v 1255.811991 14168.636844 -611.843750
v 1253.112704 14165.937557 -611.421986
v 1233.318618 14118.530307 -612.643717
v 1254.239745 14168.636844 -611.333998
v 1322.478658 14168.636844 -631.375000
v 1389.145325 14168.636844 -648.822917
v 1455.811991 14168.636844 -667.312500
v 1522.478658 14168.636844 -691.010417
v 1535.101281 14114.592801 -705.300801
v 1537.230836 14119.693129 -705.379071
v 1542.211300 14133.659413 -705.227771
v 1552.632518 14168.636844 -703.967153
v 5055.811991 14168.636844 -621.739583
v 5019.967129 14132.791982 -618.939203
v 5023.617975 14168.636844 -618.595636
v 5122.478658 14168.636844 -636.583333
v 5189.145325 14168.636844 -656.895833
v 5255.811991 14168.636844 -678.510417
v 5322.478658 14168.636844 -700.125000
v -210.854675 14228.197134 -237.002326
v -227.768668 14210.554579 -237.376985
v -144.188009 14235.303511 -252.729167
v -204.041762 14235.303511 -237.064317
v -77.521342 14235.303511 -263.406250
v -10.854675 14235.303511 -265.229167
v 55.811991 14235.303511 -263.406250
v 122.478658 14235.303511 -260.541667
v 92.929455 14173.184434 -263.151848
v 122.478658 14218.276799 -260.940730
v 123.257228 14219.464904 -260.879430
v 133.636329 14235.303511 -260.062235
v 389.145325 14199.666751 -331.165885
v 362.657884 14174.228110 -327.106190
v 455.811991 14235.303511 -354.031250
v 438.516865 14235.303511 -344.235182
v 400.579230 14210.647918 -333.052336
v 522.478658 14235.303511 -397.781250
v 589.145325 14235.303511 -440.750000
v 655.811991 14235.303511 -468.093750
v 722.478658 14235.303511 -481.635417
v 789.145325 14235.303511 -491.791667
v 855.811991 14235.303511 -499.343750
v 855.811991 14172.566248 -496.648008
v 922.478658 14235.303511 -509.239583
v 867.035588 14179.860440 -498.627433
v 869.184739 14181.257170 -499.053490
v 921.855674 14215.487904 -509.495196
v 922.478658 14215.892780 -509.618699
v 952.346007 14235.303511 -514.839711
v 1255.811991 14172.402406 -611.270090
v 1322.478658 14235.303511 -621.739583
v 1280.331807 14235.303511 -609.062601
v 1275.988277 14220.725032 -609.977089
v 1256.083724 14173.053211 -611.252676
v 1389.145325 14235.303511 -640.229167
v 1455.811991 14235.303511 -657.677083
v 1522.478658 14235.303511 -676.427083
v 1558.828034 14189.431267 -701.268227
v 1565.429278 14211.587464 -698.392554
v 1572.495265 14235.303511 -695.964821
v 5055.811991 14235.303511 -619.135417
v 5027.527221 14207.018741 -617.478106
v 5030.408062 14235.303511 -616.158394
v 5028.961564 14221.101454 -616.821034
v 5122.478658 14235.303511 -634.500000
v 5189.145325 14235.303511 -655.072917
v 5255.811991 14235.303511 -676.947917
v 5322.478658 14235.303511 -698.041667
v -144.188009 14301.970177 -235.020833
v -182.634929 14263.523257 -235.171017
v -194.832894 14244.909046 -236.922980
v -157.440512 14301.970177 -231.759475
v -171.593316 14280.372863 -233.675887
v -77.521342 14301.970177 -251.687500
v -10.854675 14301.970177 -260.802083
v 55.811991 14301.970177 -261.583333
v 122.478658 14301.970177 -258.979167
v 151.311320 14262.275714 -258.459882
v 156.704564 14269.529417 -258.001463
v 180.824792 14301.970177 -256.016277
v 455.811991 14246.543579 -349.947944
v 522.478658 14289.870111 -376.253021
v 505.921099 14279.109387 -369.632565
v 487.917114 14267.408633 -362.433763
v 589.145325 14301.970177 -410.541667
v 541.097066 14301.970177 -382.388390
v 655.811991 14301.970177 -447.000000
v 722.478658 14301.970177 -474.083333
v 789.145325 14301.970177 -491.010417
v 855.811991 14301.970177 -502.208333
v 922.478658 14301.970177 -510.281250
v 989.145325 14301.970177 -518.614583
v 974.526609 14249.718639 -518.322865
v 989.145325 14259.219313 -520.618530
v 1054.684879 14301.970177 -528.343111
v 1027.197543 14283.949373 -525.107685
v 1027.670671 14284.258218 -525.163437
v 1322.478658 14301.970177 -610.802083
v 1290.737578 14270.229097 -606.462483
v 1290.485099 14269.381685 -606.525570
v 1300.194554 14301.970177 -603.664206
v 1389.145325 14301.970177 -630.854167
v 1455.811991 14301.970177 -646.739583
v 1522.478658 14301.970177 -662.104167
v 1589.145325 14301.970177 -685.802083
v 1575.444767 14245.203121 -694.642067
v 1589.145325 14291.187219 -688.497823
v 1592.358012 14301.970177 -687.257832
v 5055.811991 14301.970177 -614.968750
v 5035.087313 14281.245499 -613.835369
v 5037.198149 14301.970177 -612.860151
v 5122.478658 14301.970177 -632.156250
v 5189.145325 14301.970177 -654.552083
v 5255.811991 14301.970177 -675.385417
v 5322.478658 14301.970177 -694.916667
v -144.188009 14322.193623 -229.648981
v -77.521342 14368.636844 -235.541667
v -113.753584 14368.636844 -225.634413
v -141.265543 14326.653333 -229.263482
v -10.854675 14368.636844 -250.125000
v 55.811991 14368.636844 -257.416667
v 122.478658 14368.636844 -257.156250
v 189.145325 14368.636844 -254.552083
v 180.942045 14302.127878 -256.007859
v 189.145325 14313.160967 -255.418894
v 230.392532 14368.636844 -252.779742
v 589.145325 14333.196644 -394.928433
v 655.811991 14368.636844 -413.927083
v 643.677268 14368.636844 -407.243505
v 611.262969 14347.570856 -399.923311
v 722.478658 14368.636844 -448.041667
v 789.145325 14368.636844 -478.250000
v 855.811991 14368.636844 -499.864583
v 922.478658 14368.636844 -512.885417
v 989.145325 14368.636844 -520.958333
v 1055.811991 14368.636844 -528.510417
v 1055.811991 14302.709172 -528.510417
v 1122.478658 14368.636844 -538.406250
v 1057.958070 14304.116256 -528.828975
v 1079.842001 14318.464531 -532.783839
v 1122.478658 14346.419404 -540.489135
v 1156.364607 14368.636844 -546.083535
v 1322.478658 14368.636844 -598.041667
v 1319.029720 14365.187906 -597.597077
v 1307.101832 14325.153539 -601.439254
v 1320.057301 14368.636844 -597.171491
v 1389.145325 14368.636844 -620.437500
v 1455.811991 14368.636844 -636.062500
v 1522.478658 14368.636844 -648.822917
v 1589.145325 14368.636844 -669.656250
v 1593.721419 14306.546272 -686.892481
v 1608.678234 14356.746829 -681.920815
v 1612.220759 14368.636844 -680.743275
v 5055.811991 14368.636844 -612.364583
v 5042.775299 14355.600151 -611.397016
v 5042.199797 14351.077538 -611.508487
v 5044.679664 14368.636844 -611.233956
v 5043.212303 14359.034374 -611.347495
v 5122.478658 14368.636844 -631.635417
v 5189.145325 14368.636844 -653.510417
v 5255.811991 14368.636844 -673.562500
v 5322.478658 14368.636844 -693.093750
v -77.521342 14423.636130 -220.717640
v -80.609997 14419.214273 -221.064915
v -10.854675 14435.303511 -233.718750
v -68.953456 14435.303511 -219.647952
v -75.861187 14426.012884 -220.479100
v 55.811991 14435.303511 -248.302083
v 122.478658 14435.303511 -253.250000
v 189.145325 14435.303511 -252.468750
v 255.811991 14435.303511 -250.385417
v 245.153753 14388.490106 -251.757712
v 255.811991 14402.825019 -251.019762
v 279.811377 14435.303511 -249.354193
v 277.259607 14431.671221 -249.534783
v 655.811991 14376.523177 -409.429409
v 722.478658 14419.849709 -419.834581
v 716.604838 14416.032325 -418.931380
v 678.337805 14391.162657 -413.047169
v 663.933903 14381.801591 -410.733829
v 789.145325 14435.303511 -448.822917
v 746.257469 14435.303511 -424.698498
v 855.811991 14435.303511 -480.854167
v 922.478658 14435.303511 -505.072917
v 989.145325 14435.303511 -522.520833
v 1055.811991 14435.303511 -531.895833
v 1122.478658 14435.303511 -539.708333
v 1189.145325 14435.303511 -548.562500
v 1184.184660 14386.877158 -551.032743
v 1189.145325 14390.129635 -551.915249
v 1255.811991 14433.839867 -562.621865
v 1255.811991 14435.303511 -562.364583
v 1251.561494 14431.053013 -561.800064
v 1236.355990 14421.083472 -559.391977
v 1322.478658 14376.763808 -596.390877
v 1258.044335 14435.303511 -563.105791
v 1389.145325 14435.303511 -608.458333
v 1339.920048 14435.303511 -590.767999
v 1323.718566 14380.925393 -595.991147
v 1455.811991 14435.303511 -625.645833
v 1522.478658 14435.303511 -638.406250
v 1589.145325 14435.303511 -655.072917
v 1622.013561 14401.505081 -675.947436
v 1625.294967 14412.518684 -674.884100
v 1625.926569 14414.703252 -674.665281
v 1631.701638 14435.303511 -672.527654
v 5055.811991 14435.303511 -612.885417
v 5054.696609 14434.188129 -612.763422
v 5051.990741 14416.480819 -612.350269
v 5054.867052 14435.303511 -612.796829
v 5122.478658 14435.303511 -629.552083
v 5189.145325 14435.303511 -649.604167
v 5255.811991 14435.303511 -671.739583
v 5322.478658 14435.303511 -692.312500
v -10.854675 14501.970177 -216.010417
v -44.116179 14468.708673 -216.789983
v -19.385715 14501.970177 -213.944305
v 55.811991 14501.970177 -231.895833
v 122.478658 14501.970177 -244.916667
v 189.145325 14501.970177 -249.083333
v 255.811991 14501.970177 -248.302083
v 322.478658 14501.970177 -245.697917
v 281.592161 14437.838348 -249.208363
v 317.213083 14491.560876 -246.208801
v 322.478658 14499.502277 -245.765398
v 324.115009 14501.970177 -245.646781
v 789.145325 14463.176242 -433.362261
v 855.811991 14501.970177 -451.427083
v 848.837670 14501.970177 -447.286080
v 821.946707 14484.493794 -441.013502
v 922.478658 14501.970177 -489.187500
v 989.145325 14501.970177 -518.614583
v 1055.811991 14501.970177 -532.677083
v 1122.478658 14501.970177 -542.572917
v 1189.145325 14501.970177 -550.385417
v 1255.811991 14501.970177 -559.239583
v 1322.478658 14501.970177 -574.083333
v 1288.527320 14455.289786 -570.104239
v 1322.478658 14477.550098 -577.898971
v 1389.145325 14501.970177 -594.135417
v 1347.321862 14460.146714 -588.090619
v 1340.335299 14436.697247 -590.617795
v 1340.698650 14489.496099 -581.512640
v 1359.567626 14501.867609 -585.255026
v 1356.627360 14491.379382 -586.009434
v 1455.811991 14501.970177 -612.104167
v 1522.478658 14501.970177 -627.989583
v 1589.145325 14501.970177 -643.875000
v 1641.074015 14468.735737 -665.924223
v 1648.279208 14494.437394 -660.847710
v 1650.390945 14501.970177 -660.143368
v 5055.811991 14441.487232 -613.320210
v 5122.478658 14501.970177 -626.947917
v 5065.054440 14501.970177 -618.872636
v 5060.769179 14473.927265 -616.298254
v 5189.145325 14501.970177 -645.697917
v 5255.811991 14501.970177 -669.916667
v 5322.478658 14501.970177 -692.052083
v -10.854675 14513.444092 -212.917838
v -11.649479 14512.375112 -213.013470
v 55.811991 14568.636844 -211.322917
v 30.182025 14568.636844 -206.216947
v 20.456375 14555.556226 -207.805050
v 122.478658 14568.636844 -226.687500
v 189.145325 14568.636844 -240.489583
v 255.811991 14568.636844 -244.656250
v 322.478658 14568.636844 -243.614583
v 327.335072 14506.826592 -245.432332
v 352.834005 14545.283405 -243.632925
v 368.318590 14568.636844 -242.540210
v 855.811991 14506.502774 -449.160785
v 922.478658 14550.106134 -469.632268
v 874.380766 14518.570584 -455.200638
v 868.758495 14514.916681 -453.500547
v 989.145325 14568.636844 -498.822917
v 950.741622 14568.636844 -477.670877
v 926.315844 14552.621998 -470.723648
v 1055.811991 14568.636844 -520.958333
v 1122.478658 14568.636844 -537.625000
v 1189.145325 14568.636844 -551.687500
v 1255.811991 14568.636844 -561.062500
v 1322.478658 14568.636844 -570.177083
v 1389.145325 14568.636844 -582.416667
v 1455.811991 14568.636844 -596.739583
v 1522.478658 14568.636844 -614.187500
v 1589.145325 14568.636844 -627.468750
v 1655.811991 14568.636844 -630.072917
v 1652.567925 14509.735685 -657.051212
v 1655.811991 14508.522166 -658.486495
v 1722.478658 14513.616180 -681.384686
v 1722.478658 14568.636844 -655.593750
v 1661.423840 14507.582027 -661.079144
v 1713.180984 14509.380845 -679.847053
v 1658.588655 14507.483490 -660.040373
v 1789.145325 14560.169646 -703.192608
v 1789.145325 14568.636844 -700.645833
v 1743.868126 14523.359645 -691.272038
v 1762.891633 14532.025353 -698.325931
v 1797.043737 14568.636844 -704.255654
v 5122.478658 14568.636844 -624.604167
v 5066.721536 14512.879722 -618.723533
v 5075.241828 14568.636844 -620.360233
v 5189.145325 14568.636844 -642.833333
v 5255.811991 14568.636844 -667.833333
v 5322.478658 14568.636844 -689.187500
v 55.811991 14604.005662 -200.270161
v 50.312920 14595.712108 -201.766379
v 122.478658 14635.303511 -204.291667
v 76.564147 14635.303511 -194.785928
v 189.145325 14635.303511 -224.864583
v 255.811991 14635.303511 -238.666667
v 322.478658 14635.303511 -240.489583
v 389.145325 14635.303511 -240.229167
v 388.454927 14599.005933 -241.237860
v 389.145325 14600.047172 -241.193207
v 412.522171 14635.303511 -239.681272
v 989.145325 14593.816365 -484.069291
v 978.487174 14586.828312 -482.293544
v 1055.811991 14635.303511 -489.187500
v 1052.421350 14635.303511 -487.690850
v 1030.658504 14621.034625 -486.445268
v 1122.478658 14635.303511 -516.791667
v 1189.145325 14635.303511 -543.093750
v 1255.811991 14635.303511 -559.760417
v 1322.478658 14635.303511 -572.260417
v 1389.145325 14635.303511 -583.197917
v 1455.811991 14635.303511 -592.312500
v 1522.478658 14635.303511 -602.989583
v 1589.145325 14635.303511 -611.843750
v 1655.811991 14635.303511 -613.927083
v 1722.478658 14635.303511 -627.989583
v 1789.145325 14635.303511 -677.208333
v 1804.739149 14584.230668 -703.935156
v 1800.152606 14571.969592 -704.856337
v 1819.291258 14623.132413 -698.444322
v 1821.275516 14635.303511 -695.281566
v 5122.478658 14635.303511 -624.083333
v 5078.746463 14591.571316 -620.495927
v 5078.326056 14588.820155 -620.479649
v 5085.429216 14635.303511 -620.320499
v 5189.145325 14635.303511 -642.052083
v 5255.811991 14635.303511 -666.010417
v 5322.478658 14635.303511 -686.843750
v 122.478658 14701.970177 -189.447917
v 117.400904 14696.892424 -189.527257
v 83.850597 14646.292741 -193.847630
v 120.767728 14701.970177 -189.066967
v 189.145325 14701.970177 -208.197917
v 255.811991 14701.970177 -227.468750
v 322.478658 14701.970177 -236.062500
v 389.145325 14701.970177 -236.583333
v 447.278856 14693.437042 -236.595821
v 424.075850 14652.728461 -238.729820
v 429.619355 14661.822065 -238.244676
v 452.045297 14701.970177 -236.091927
v 1055.811991 14637.526597 -487.893594
v 1122.478658 14681.236828 -492.569019
v 1082.829834 14655.240939 -489.860697
v 1062.267947 14641.759467 -488.456161
v 1189.145325 14701.970177 -517.833333
v 1154.101078 14701.970177 -498.805402
v 1135.001164 14689.447253 -495.038632
v 1255.811991 14701.970177 -545.177083
v 1322.478658 14701.970177 -562.885417
v 1389.145325 14701.970177 -580.072917
v 1455.811991 14701.970177 -593.093750
v 1522.478658 14701.970177 -601.687500
v 1589.145325 14701.970177 -607.937500
v 1655.811991 14701.970177 -611.322917
v 1722.478658 14701.970177 -623.302083
v 1789.145325 14701.970177 -664.708333
v 1827.534041 14673.692227 -688.604983
v 1829.396118 14685.113887 -687.365366
v 1832.144204 14701.970177 -685.535916
v 5122.478658 14701.970177 -625.645833
v 5090.771390 14670.262909 -621.682425
v 5087.104494 14646.266600 -620.747592
v 5095.616604 14701.970177 -622.812726
v 5189.145325 14701.970177 -642.312500
v 5255.811991 14701.970177 -664.447917
v 5322.478658 14701.970177 -684.760417
v 122.478658 14704.550557 -189.024573
v 189.145325 14768.636844 -196.479167
v 164.971309 14768.636844 -189.963514
v 155.092441 14753.737798 -189.745225
v 255.811991 14768.636844 -214.708333
v 322.478658 14768.636844 -229.031250
v 389.145325 14768.636844 -232.677083
v 455.811991 14768.636844 -232.677083
v 455.811991 14708.713514 -235.720065
v 457.781997 14712.240323 -235.540969
v 485.944639 14762.658580 -232.980667
v 489.283979 14768.636844 -232.677083
v 1189.145325 14724.947060 -506.075632
v 1187.172494 14723.653566 -505.666351
v 1255.811991 14768.001336 -516.546386
v 1254.179588 14767.004441 -516.309093
v 1243.140392 14760.262896 -514.368635
v 1239.343824 14757.859880 -513.744510
v 1322.478658 14768.636844 -537.625000
v 1256.852628 14768.636844 -516.604162
v 1389.145325 14768.636844 -561.843750
v 1455.811991 14768.636844 -587.104167
v 1522.478658 14768.636844 -601.947917
v 1589.145325 14768.636844 -607.937500
v 1655.811991 14768.636844 -610.802083
v 1722.478658 14768.636844 -616.010417
v 1789.145325 14768.636844 -643.354167
v 1839.500978 14747.095362 -674.292652
v 1840.519802 14753.344655 -672.735595
v 1843.012892 14768.636844 -669.025429
v 5122.478658 14768.636844 -626.166667
v 5105.686150 14751.844336 -624.264390
v 5097.419509 14712.221848 -623.082967
v 5095.882933 14703.713045 -622.854432
v 5109.189656 14768.636844 -624.609362
v 5189.145325 14768.636844 -641.791667
v 5255.811991 14768.636844 -662.104167
v 5322.478658 14768.636844 -682.416667
v -3076.116185 14835.303511 225.538545
v -3077.521342 14835.303511 225.395833
v -3077.521342 14834.000035 225.339825
v 189.145325 14805.483814 -189.282493
v 187.768543 14803.019027 -189.392811
v 255.811991 14835.303511 -201.166667
v 205.802018 14835.303511 -187.882767
v 322.478658 14835.303511 -217.572917
v 389.145325 14835.303511 -227.468750
v 455.811991 14835.303511 -228.770833
v 522.478658 14835.303511 -229.031250
v 509.369825 14804.595593 -230.710589
v 522.478658 14821.912420 -229.763575
v 532.615709 14835.303511 -228.952054
v 1322.478658 14808.714114 -524.787749
v 1389.145325 14835.303511 -546.479167
v 1366.018464 14835.303511 -535.999808
v 1343.668385 14821.654504 -530.244376
v 1455.811991 14835.303511 -576.427083
v 1522.478658 14835.303511 -597.781250
v 1589.145325 14835.303511 -607.937500
v 1655.811991 14835.303511 -611.583333
v 1722.478658 14835.303511 -613.406250
v 1789.145325 14835.303511 -623.822917
v 1849.605837 14809.076836 -655.106758
v 1853.505563 14832.997082 -646.873867
v 1853.881581 14835.303511 -646.328881
v 5122.478658 14832.331805 -619.697647
v 5189.145325 14835.303511 -639.447917
v 5123.098660 14835.303511 -619.582318
v 5255.811991 14835.303511 -658.718750
v 5322.478658 14835.303511 -677.729167
v -3010.854675 14901.970177 231.645833
v -3054.846546 14855.034017 227.544598
v -3011.210793 14895.512162 231.660118
v -3010.854675 14895.845951 231.693679
v -3077.521342 14901.970177 226.437500
v -3004.380858 14901.970177 232.126312
v -3010.155056 14896.501703 231.740481
v 255.811991 14901.970177 -185.802083
v 226.879686 14873.037872 -184.784932
v 213.332500 14848.784979 -186.775994
v 243.040700 14901.970177 -182.559373
v 322.478658 14901.970177 -203.250000
v 389.145325 14901.970177 -218.354167
v 455.811991 14901.970177 -224.604167
v 522.478658 14901.970177 -225.385417
v 542.155680 14847.905855 -228.385244
v 564.194867 14877.019719 -227.075803
v 580.804985 14898.961760 -226.005614
v 583.082356 14901.970177 -225.858883
v 1389.145325 14849.426892 -543.665524
v 1455.811991 14901.970177 -562.364583
v 1428.625274 14874.783460 -555.886498
v 1426.229221 14872.073719 -555.381733
v 1425.423463 14871.581649 -555.123567
v 1393.932381 14852.350308 -545.177462
v 1452.664770 14901.970177 -560.987674
v 1449.713961 14898.633052 -560.361513
v 1522.478658 14901.970177 -587.104167
v 1589.145325 14901.970177 -604.812500
v 1655.811991 14901.970177 -611.843750
v 1722.478658 14901.970177 -613.406250
v 1789.145325 14901.970177 -614.447917
v 1855.811991 14901.970177 -626.687500
v 1855.811991 14847.144318 -643.392254
v 1864.750269 14901.970177 -629.655288
v 5189.145325 14901.970177 -638.145833
v 5123.262117 14836.086970 -619.616181
v 5137.007664 14901.970177 -621.038164
v 5136.697471 14900.483403 -621.006074
v 5123.604817 14837.729551 -619.651634
v 5255.811991 14901.970177 -658.718750
v 5322.478658 14901.970177 -677.989583
v -3010.854675 14968.636844 230.083333
v -3077.521342 14968.636844 225.395833
v -2965.608337 14947.216516 233.766755
v -2983.949371 14921.319892 233.113618
v -2952.377766 14965.897421 234.259196
v -2951.754999 14968.636844 234.238779
v 255.811991 14924.834022 -180.711305
v 322.478658 14968.636844 -188.145833
v 282.369553 14968.636844 -177.805205
v 280.258688 14965.848382 -177.881866
v 269.657783 14949.621495 -178.761838
v 389.145325 14968.636844 -204.812500
v 455.811991 14968.636844 -218.093750
v 522.478658 14968.636844 -221.479167
v 589.145325 14968.636844 -222.000000
v 589.145325 14909.979387 -225.436960
v 633.139221 14968.636844 -221.656298
v 619.454289 14950.017665 -222.854179
v 620.692916 14951.679313 -222.747140
v 1455.811991 14905.529429 -561.433060
v 1522.478658 14968.636844 -573.302083
v 1511.613890 14968.636844 -568.676069
v 1487.144255 14940.963674 -565.499945
v 1589.145325 14968.636844 -595.437500
v 1655.811991 14968.636844 -609.500000
v 1722.478658 14968.636844 -613.145833
v 1789.145325 14968.636844 -614.187500
v 1855.811991 14968.636844 -619.135417
v 1866.491324 14912.649510 -627.938984
v 1869.815557 14933.039784 -626.395280
v 1874.742999 14963.263868 -624.107080
v 1878.525760 14968.636844 -624.370231
v 5189.145325 14968.636844 -635.802083
v 5140.838085 14920.329604 -621.649572
v 5150.916669 14968.636844 -622.959644
v 5255.811991 14968.636844 -658.979167
v 5322.478658 14968.636844 -680.593750
v -3010.854675 15035.303511 229.302083
v -3077.521342 15035.303511 224.614583
v -2944.188009 15035.303511 233.729167
v -2944.188009 15001.922465 234.250746
v -2943.025109 15035.303511 233.806390
v -2940.268489 15019.163618 234.241633
v 322.478658 15021.621152 -175.727636
v 389.145325 15035.303511 -190.489583
v 332.836199 15035.303511 -175.312514
v 455.811991 15035.303511 -209.760417
v 522.478658 15035.303511 -217.572917
v 589.145325 15035.303511 -218.093750
v 655.811991 15035.303511 -218.354167
v 649.749742 14991.267934 -220.465696
v 655.811991 14999.527477 -220.031168
v 678.806568 15030.856556 -218.293150
v 682.070495 15035.303511 -218.046450
v 1522.478658 14980.924014 -570.614265
v 1589.145325 15035.303511 -582.677083
v 1570.563011 15035.303511 -575.999064
v 1562.004844 15025.624920 -575.040665
v 1524.574550 14983.294297 -570.848977
v 1655.811991 15035.303511 -602.989583
v 1722.478658 15035.303511 -612.625000
v 1789.145325 15035.303511 -614.968750
v 1855.811991 15035.303511 -616.531250
v 1922.478658 15035.303511 -626.166667
v 1893.647993 14990.116231 -625.170509
v 1922.478658 15031.066866 -626.696247
v 1925.461402 15035.303511 -626.772537
v 5189.145325 15035.303511 -632.677083
v 5158.414052 15004.572238 -623.793825
v 5164.825673 15035.303511 -624.222204
v 5255.811991 15035.303511 -656.635417
v 5322.478658 15035.303511 -678.770833
v -3010.854675 15101.970177 229.041667
v -3077.521342 15101.970177 224.614583
v -2944.188009 15042.112236 233.702570
v -2949.465067 15073.009187 233.231449
v -2958.614938 15087.543248 232.567067
v -2967.697366 15101.970177 231.907582
v -2943.194753 15036.296766 233.795125
v 389.145325 15101.970177 -177.208333
v 365.102232 15077.927085 -175.517803
v 357.557297 15067.960192 -175.469800
v 383.302846 15101.970177 -175.451025
v 455.811991 15101.970177 -199.343750
v 522.478658 15101.970177 -212.104167
v 589.145325 15101.970177 -214.708333
v 655.811991 15101.970177 -215.229167
v 722.478658 15101.970177 -215.489583
v 707.863393 15070.445177 -216.646012
v 722.478658 15099.686476 -215.560949
v 723.620088 15101.970177 -215.480666
v 1589.145325 15056.318598 -577.341221
v 1655.811991 15101.970177 -587.625000
v 1629.512131 15101.970177 -578.995358
v 1599.435139 15067.955542 -577.762874
v 1722.478658 15101.970177 -606.375000
v 1789.145325 15101.970177 -615.489583
v 1855.811991 15101.970177 -617.052083
v 1922.478658 15101.970177 -622.781250
v 1931.076265 15043.278776 -627.196528
v 1932.556676 15045.381528 -627.308317
v 1968.504537 15096.441320 -630.613133
v 1972.397044 15101.970177 -630.970985
v 5189.145325 15101.970177 -631.635417
v 5175.990020 15088.814872 -627.267444
v 5175.975433 15088.744957 -627.263466
v 5178.734678 15101.970177 -628.300756
v 5255.811991 15101.970177 -654.812500
v 5322.478658 15101.970177 -676.687500
v -3010.854675 15142.103775 229.198439
v -3023.144934 15150.808232 228.416290
v -3027.657437 15151.834082 228.120639
v -3077.521342 15162.727890 227.937271
v -3076.411131 15162.917509 227.964988
v -2987.360558 15125.464294 230.601823
v -2978.567404 15119.236628 231.185743
v 389.145325 15109.688118 -175.851664
v 455.811991 15168.636844 -186.062500
v 432.607669 15168.636844 -178.901791
v 424.024801 15156.943071 -178.308718
v 395.581139 15118.189857 -176.343270
v 522.478658 15168.636844 -203.250000
v 589.145325 15168.636844 -211.062500
v 655.811991 15168.636844 -212.364583
v 722.478658 15168.636844 -212.885417
v 724.760678 15104.252198 -215.409356
v 729.000412 15112.734789 -215.094566
v 744.194025 15162.945369 -213.192566
v 745.916253 15168.636844 -212.976970
v 1655.811991 15138.683703 -579.880741
v 1631.731368 15104.479954 -579.194139
v 1722.478658 15168.636844 -596.479167
v 1676.900040 15168.636844 -580.811517
v 1664.697859 15151.305053 -580.272942
v 1789.145325 15168.636844 -613.406250
v 1855.811991 15168.636844 -618.093750
v 1922.478658 15168.636844 -621.218750
v 1989.145325 15168.636844 -627.989583
v 1989.145325 15125.759179 -631.674383
v 2005.932809 15149.603865 -631.658089
v 2019.332686 15168.636844 -631.645084
v 5189.145325 15151.842669 -628.908015
v 5189.068087 15151.498809 -628.902079
v 5255.811991 15168.636844 -651.427083
v 5193.116740 15168.636844 -629.385784
v 5190.138799 15156.265586 -629.015405
v 5322.478658 15168.636844 -676.427083
v 455.811991 15200.251692 -179.764229
v 522.478658 15235.303511 -192.052083
v 473.551015 15235.303511 -177.908937
v 467.947652 15216.785986 -179.978253
v 589.145325 15235.303511 -205.333333
v 655.811991 15235.303511 -209.239583
v 722.478658 15235.303511 -210.281250
v 756.085659 15202.243845 -211.835198
v 759.387638 15213.155949 -211.434741
v 766.089443 15235.303511 -210.621959
v 1722.478658 15233.376015 -584.846347
v 1789.145325 15235.303511 -609.500000
v 1723.835682 15235.303511 -585.008884
v 1855.811991 15235.303511 -618.614583
v 1922.478658 15235.303511 -620.177083
v 1989.145325 15235.303511 -621.739583
v 2055.811991 15235.303511 -624.604167
v 2043.361082 15202.766409 -628.688754
v 2055.811991 15220.451491 -627.156858
v 2066.268328 15235.303511 -625.053462
v 5255.811991 15235.303511 -649.343750
v 5194.375788 15173.867307 -629.664966
v 5209.164371 15235.303511 -632.944196
v 5322.478658 15235.303511 -675.645833
v 522.478658 15301.970177 -177.989583
v 481.247852 15260.739371 -174.768427
v 476.195046 15244.041281 -176.830103
v 493.724205 15301.970177 -170.800970
v 589.145325 15301.970177 -192.833333
v 655.811991 15301.970177 -203.510417
v 722.478658 15301.970177 -207.156250
v 772.451011 15256.326689 -209.850441
v 789.145325 15295.943323 -208.433341
v 789.145325 15301.970177 -208.197917
v 789.255401 15296.204541 -208.424427
v 791.685020 15301.970177 -208.227679
v 1789.145325 15301.970177 -598.822917
v 1727.063735 15239.888587 -585.485075
v 1770.771324 15301.970177 -590.568971
v 1739.554404 15257.630142 -586.937941
v 1855.811991 15301.970177 -615.489583
v 1922.478658 15301.970177 -620.177083
v 1989.145325 15301.970177 -621.739583
v 2055.811991 15301.970177 -621.739583
v 2080.789354 15255.928954 -625.032868
v 2091.141585 15270.633105 -625.018185
v 2113.203970 15301.970177 -624.878207
v 5255.811991 15301.970177 -645.437500
v 5215.510961 15261.669147 -633.630557
v 5225.212001 15301.970177 -636.472659
v 5216.949627 15267.645798 -634.052042
v 5322.478658 15301.970177 -671.479167
v 522.478658 15368.636844 -166.270833
v 511.256284 15357.414470 -165.437923
v 506.582272 15344.462441 -166.546144
v 515.932958 15368.636844 -165.248068
v 511.568684 15358.280152 -165.415722
v 589.145325 15368.636844 -183.197917
v 655.811991 15368.636844 -197.520833
v 722.478658 15368.636844 -204.291667
v 789.145325 15368.636844 -205.333333
v 793.534679 15306.359532 -208.043603
v 808.915963 15342.860266 -206.595379
v 819.778125 15368.636844 -205.572652
v 1789.145325 15328.068327 -591.278920
v 1855.811991 15368.636844 -604.552083
v 1817.706966 15368.636844 -590.262699
v 1814.410948 15363.955231 -590.379971
v 1922.478658 15368.636844 -617.833333
v 1989.145325 15368.636844 -622.781250
v 2055.811991 15368.636844 -623.822917
v 2122.478658 15368.636844 -625.125000
v 2118.217626 15309.091498 -625.124574
v 2122.478658 15315.143803 -625.333957
v 2155.645898 15362.254042 -628.129802
v 2160.139611 15368.636844 -628.508601
v 5255.811991 15368.636844 -645.697917
v 5236.646133 15349.470986 -640.008052
v 5230.355041 15323.335903 -638.062869
v 5241.259632 15368.636844 -641.263995
v 5322.478658 15368.636844 -668.875000
v 522.478658 15384.170193 -163.965102
v 589.145325 15435.303511 -178.250000
v 544.026063 15435.303511 -163.445242
v 531.229246 15404.935877 -163.753982
v 655.811991 15435.303511 -196.218750
v 722.478658 15435.303511 -201.947917
v 789.145325 15435.303511 -202.729167
v 828.576525 15389.515990 -204.744239
v 842.087976 15421.579495 -203.472068
v 847.871229 15435.303511 -202.958565
v 1855.811991 15422.760639 -588.695503
v 1922.478658 15435.303511 -608.718750
v 1864.642607 15435.303511 -588.159841
v 1989.145325 15435.303511 -621.479167
v 2055.811991 15435.303511 -625.645833
v 2122.478658 15435.303511 -626.947917
v 2189.145325 15435.303511 -628.770833
v 2186.110024 15405.524820 -629.545038
v 2189.145325 15408.557561 -629.711121
v 2215.913850 15435.303511 -630.966689
v 5255.811991 15433.949473 -646.718426
v 5254.810655 15424.931850 -646.272431
v 5243.760455 15379.026009 -642.188295
v 5322.478658 15435.303511 -669.135417
v 5255.962347 15435.303511 -646.790093
v 589.145325 15501.970177 -163.666667
v 559.719026 15472.543878 -160.448165
v 550.889808 15451.591601 -162.134389
v 572.119167 15501.970177 -159.476636
v 655.811991 15501.970177 -186.583333
v 722.478658 15501.970177 -198.562500
v 789.145325 15501.970177 -200.645833
v 855.811991 15501.970177 -201.166667
v 848.237087 15436.171715 -202.936254
v 855.811991 15460.803969 -202.292305
v 864.302241 15501.970177 -201.166667
v 856.492317 15463.016269 -202.231813
v 1922.478658 15501.970177 -592.833333
v 1885.648644 15465.140164 -588.517316
v 1911.578249 15501.970177 -588.277303
v 1889.267492 15470.280320 -588.483819
v 1989.145325 15501.970177 -616.010417
v 2055.811991 15501.970177 -626.687500
v 2122.478658 15501.970177 -628.510417
v 2189.145325 15501.970177 -629.291667
v 2255.811991 15501.970177 -631.375000
v 2223.860785 15443.243744 -631.277404
v 2255.811991 15475.168004 -632.526656
v 2270.169287 15489.513191 -633.592757
v 2282.636787 15501.970177 -634.518531
v 5322.478658 15501.970177 -667.312500
v 5255.981128 15435.472647 -646.791778
v 5263.365161 15501.970177 -648.377708
v 589.145325 15553.918504 -154.940971
v 584.730181 15531.896889 -157.553375
v 655.811991 15568.636844 -173.562500
v 592.096225 15568.636844 -153.402433
v 722.478658 15568.636844 -192.833333
v 789.145325 15568.636844 -198.041667
v 855.811991 15568.636844 -198.562500
v 866.431326 15512.589512 -200.876294
v 867.042213 15515.636461 -200.764432
v 877.592108 15568.256653 -198.832587
v 877.668333 15568.636844 -198.818629
v 1922.478658 15517.452951 -588.962640
v 1989.145325 15568.636844 -600.906250
v 1958.513891 15568.636844 -589.539116
v 1926.695765 15523.442864 -589.030103
v 2055.811991 15568.636844 -619.656250
v 2122.478658 15568.636844 -628.250000
v 2189.145325 15568.636844 -630.854167
v 2255.811991 15568.636844 -631.895833
v 2322.478658 15568.636844 -637.885417
v 2316.477789 15535.782639 -637.823874
v 2322.478658 15541.778447 -638.409995
v 2349.359725 15568.636844 -642.715608
v 5322.478658 15568.636844 -664.708333
v 5264.308649 15510.466835 -648.348018
v 5270.047282 15568.636844 -648.937959
v 5270.348731 15564.861300 -649.102370
v 5265.922439 15524.999957 -648.549566
v 655.811991 15635.303511 -165.229167
v 592.836217 15572.327737 -153.175210
v 592.505597 15570.678688 -153.276731
v 605.462317 15635.303511 -149.691572
v 722.478658 15635.303511 -187.364583
v 789.145325 15635.303511 -194.916667
v 855.811991 15635.303511 -195.958333
v 883.149210 15595.974062 -197.921784
v 888.142003 15620.876846 -197.027031
v 891.034425 15635.303511 -196.508684
v 1989.145325 15604.539089 -589.266069
v 1979.645924 15595.047700 -588.818187
v 1964.124037 15576.605409 -589.037448
v 2055.811991 15635.303511 -599.864583
v 2019.935714 15635.303511 -588.793388
v 2122.478658 15635.303511 -617.833333
v 2189.145325 15635.303511 -630.593750
v 2255.811991 15635.303511 -633.979167
v 2322.478658 15635.303511 -635.281250
v 2389.145325 15635.303511 -641.531250
v 2362.786292 15582.052087 -643.451289
v 2389.145325 15608.388890 -644.895578
v 2409.094794 15628.321535 -646.456233
v 2416.082663 15635.303511 -647.002897
v 5322.478658 15635.303511 -663.927083
v 5268.994737 15581.819590 -648.466887
v 5264.724441 15635.303511 -647.458107
v 5267.476023 15600.840937 -648.108119
v 655.811991 15701.970177 -153.770833
v 609.554101 15655.712287 -147.446512
v 618.828410 15701.970177 -143.224734
v 613.605388 15675.919072 -145.602317
v 722.478658 15701.970177 -177.729167
v 789.145325 15701.970177 -191.010417
v 855.811991 15701.970177 -193.354167
v 896.821056 15664.165752 -195.584412
v 903.263564 15682.755084 -195.031545
v 909.922943 15701.970177 -194.411021
v 2055.811991 15671.149532 -590.342984
v 2025.954427 15641.317148 -589.053353
v 2122.478658 15701.970177 -606.375000
v 2086.658651 15701.970177 -593.362263
v 2072.262929 15687.586595 -591.953206
v 2189.145325 15701.970177 -627.989583
v 2255.811991 15701.970177 -636.583333
v 2322.478658 15701.970177 -637.364583
v 2389.145325 15701.970177 -639.187500
v 2455.811991 15701.970177 -645.437500
v 2455.403296 15674.590983 -649.311633
v 2455.811991 15674.999333 -649.335630
v 2482.805600 15701.970177 -651.764127
v 5322.478658 15701.970177 -661.843750
v 5264.065462 15643.556982 -647.012275
v 5256.069740 15701.970177 -642.128602
v 5260.631307 15686.568545 -644.144606
v 5263.388216 15652.039247 -646.446745
v 655.811991 15768.636844 -139.187500
v 627.311873 15740.136726 -137.294914
v 624.155283 15728.539265 -138.931737
v 636.688806 15768.636844 -134.556103
v 629.142574 15746.862808 -136.555968
v 722.478658 15768.636844 -164.447917
v 789.145325 15768.636844 -185.541667
v 855.811991 15768.636844 -190.229167
v 922.478658 15768.636844 -191.010417
v 915.211598 15717.230161 -193.679785
v 922.478658 15738.198669 -192.675004
v 933.027622 15768.636844 -190.845589
v 2122.478658 15737.759975 -598.825590
v 2118.571431 15733.856043 -598.229653
v 2189.145325 15768.636844 -618.354167
v 2153.381589 15768.636844 -604.383957
v 2255.811991 15768.636844 -635.802083
v 2322.478658 15768.636844 -639.968750
v 2389.145325 15768.636844 -640.489583
v 2455.811991 15768.636844 -643.354167
v 2522.478658 15768.636844 -653.510417
v 2501.711798 15720.860431 -654.055356
v 2522.478658 15741.609777 -656.572077
v 2548.020301 15767.129878 -661.363575
v 2549.528538 15768.636844 -661.646513
v 5255.811991 15702.840438 -642.038486
v 5255.811991 15768.636844 -641.010417
v 5240.777593 15753.602446 -638.191467
v 5236.324792 15768.636844 -637.889420
v 5322.478658 15768.636844 -659.239583
v 5256.010845 15702.169031 -642.103350
v 655.811991 15823.815236 -127.548308
v 722.478658 15835.303511 -151.427083
v 659.793485 15835.303511 -126.695824
v 789.145325 15835.303511 -178.510417
v 855.811991 15835.303511 -186.843750
v 922.478658 15835.303511 -187.885417
v 936.718589 15779.286828 -190.330301
v 938.622648 15784.780834 -190.064480
v 956.132301 15835.303511 -187.491038
v 2189.145325 15804.370418 -607.885346
v 2164.879933 15780.125491 -605.509684
v 2255.811991 15835.303511 -624.604167
v 2220.104527 15835.303511 -610.795421
v 2211.188436 15826.394939 -609.957334
v 2322.478658 15835.303511 -640.229167
v 2389.145325 15835.303511 -643.614583
v 2455.811991 15835.303511 -644.916667
v 2522.478658 15835.303511 -650.385417
v 2589.145325 15835.303511 -661.843750
v 2589.145325 15808.220220 -666.604485
v 2616.251476 15835.303511 -667.773221
v 5255.811991 15835.303511 -643.093750
v 5224.133407 15803.624927 -637.030271
v 5227.692460 15797.782972 -637.417714
v 5204.834089 15835.303511 -637.518042
v 5322.478658 15835.303511 -656.114583
v 722.478658 15901.970177 -142.833333
v 661.905214 15841.396733 -126.743512
v 682.898164 15901.970177 -127.836037
v 789.145325 15901.970177 -169.656250
v 855.811991 15901.970177 -182.677083
v 922.478658 15901.970177 -185.020833
v 973.981731 15886.806583 -185.672394
v 977.142728 15895.927382 -185.280485
v 980.035537 15901.970177 -185.020833
v 2255.811991 15870.980861 -613.454995
v 2322.478658 15901.970177 -628.250000
v 2286.827464 15901.970177 -615.159327
v 2257.496938 15872.664387 -613.547584
v 2389.145325 15901.970177 -644.395833
v 2455.811991 15901.970177 -647.781250
v 2522.478658 15901.970177 -649.343750
v 2589.145325 15901.970177 -654.291667
v 2655.811991 15901.970177 -661.843750
v 2640.637305 15859.668774 -667.777719
v 2655.811991 15874.830663 -667.780519
v 2682.974413 15901.970177 -667.891633
v 3855.811991 15889.162906 -676.353816
v 3855.811991 15901.970177 -673.302083
v 3845.073733 15891.231919 -677.622554
v 3789.341775 15901.970177 -680.312614
v 3795.180543 15900.845182 -680.030789
v 3922.478658 15877.760537 -661.109080
v 3922.478658 15901.970177 -660.541667
v 3900.970406 15880.461925 -669.783494
v 3912.732885 15878.195567 -665.058104
v 3989.145325 15879.166284 -648.110759
v 3989.145325 15901.970177 -652.208333
v 3963.766105 15876.590958 -655.975561
v 3959.157257 15876.123281 -656.562628
v 4055.811991 15885.931206 -645.512156
v 4055.811991 15901.970177 -649.083333
v 4037.961681 15884.119867 -646.712589
v 4011.125446 15881.396691 -647.481217
v 4122.478658 15893.727054 -642.885266
v 4122.478658 15901.970177 -644.656250
v 4112.157256 15891.648775 -643.043531
v 4115.061824 15891.943513 -642.936664
v 4063.093635 15886.670102 -645.193129
v 4156.757586 15901.970177 -643.718936
v 5189.145325 15901.970177 -640.750000
v 5173.655802 15886.480654 -638.934822
v 5183.945299 15869.591109 -638.123427
v 5189.145325 15861.055603 -637.713371
v 5164.219230 15901.970177 -639.776324
v 5255.811991 15901.970177 -646.479167
v 5198.894605 15845.052791 -637.363491
v 5322.478658 15901.970177 -655.593750
v 722.478658 15968.636844 -132.677083
v 697.264297 15943.422483 -126.964455
v 693.663546 15933.032808 -127.182910
v 706.002843 15968.636844 -128.043260
v 789.145325 15968.636844 -159.239583
v 855.811991 15968.636844 -177.208333
v 922.478658 15968.636844 -181.375000
v 989.145325 15968.636844 -181.895833
v 989.145325 15920.999630 -184.128828
v 1000.488835 15944.695111 -182.885170
v 1011.950231 15968.636844 -181.628588
v 2322.478658 15937.591304 -617.953268
v 2303.805440 15918.933835 -616.489871
v 2389.145325 15968.636844 -635.802083
v 2353.550402 15968.636844 -621.480689
v 2350.113942 15965.203282 -621.090564
v 2455.811991 15968.636844 -648.562500
v 2522.478658 15968.636844 -650.645833
v 2589.145325 15968.636844 -651.947917
v 2655.811991 15968.636844 -655.072917
v 2722.478658 15968.636844 -660.541667
v 2686.945807 15905.938222 -667.814878
v 2722.478658 15941.441106 -667.128134
v 2733.254309 15952.207670 -666.625227
v 2749.697351 15968.636844 -665.857818
v 3655.811991 15946.610354 -692.964128
v 3655.811991 15968.636844 -688.145833
v 3641.326057 15954.150910 -693.747816
v 3613.497566 15968.636844 -691.782229
v 3722.478658 15917.020097 -687.297995
v 3722.478658 15968.636844 -679.031250
v 3685.170035 15931.328221 -692.293300
v 3692.798758 15927.357141 -691.439308
v 3789.145325 15902.008029 -680.328306
v 3789.145325 15968.636844 -671.479167
v 3733.640933 15913.132452 -686.656149
v 3736.404373 15912.169989 -686.395367
v 3855.811991 15968.636844 -666.010417
v 3789.177061 15902.001914 -680.326515
v 3922.478658 15968.636844 -662.104167
v 3989.145325 15968.636844 -658.458333
v 4055.811991 15968.636844 -653.770833
v 4122.478658 15968.636844 -648.562500
v 4149.968968 15929.460487 -644.441482
v 4156.894931 15902.003205 -643.715825
v 4164.418340 15904.928660 -643.567245
v 4154.551417 15921.680506 -644.164228
v 4126.893893 15968.636844 -648.269301
v 5122.478658 15950.275495 -642.674457
v 5122.478658 15968.636844 -644.395833
v 5113.941537 15960.099723 -643.495434
v 5106.522896 15968.636844 -643.897216
v 5189.145325 15968.636844 -648.822917
v 5144.938245 15924.429764 -641.742877
v 5163.665531 15902.879039 -639.864753
v 5136.869146 15933.715410 -642.077567
v 5255.811991 15968.636844 -653.510417
v 5322.478658 15968.636844 -659.239583
v 722.478658 16012.418277 -128.230532
v 721.175358 16009.695811 -128.140479
v 715.170536 15995.089475 -127.935079
v 789.145325 16035.303511 -148.822917
v 733.434287 16035.303511 -129.672247
v 855.811991 16035.303511 -170.697917
v 922.478658 16035.303511 -177.729167
v 989.145325 16035.303511 -179.291667
v 1032.893262 16012.384781 -180.186930
v 1043.864925 16035.303511 -179.291667
v 2389.145325 16004.201748 -625.938380
v 2455.811991 16035.303511 -637.885417
v 2420.273340 16035.303511 -626.918411
v 2396.422445 16011.472730 -626.167492
v 2522.478658 16035.303511 -648.562500
v 2589.145325 16035.303511 -653.250000
v 2655.811991 16035.303511 -655.333333
v 2722.478658 16035.303511 -657.677083
v 2789.145325 16035.303511 -662.625000
v 2779.562812 15998.477118 -666.795246
v 2789.145325 16008.051549 -667.096025
v 2816.420289 16035.303511 -666.034371
v 3522.478658 16016.068703 -682.607886
v 3522.478658 16035.303511 -678.250000
v 3510.387328 16023.212181 -681.036674
v 3518.033255 16018.385525 -682.100346
v 3491.956892 16035.303511 -676.938518
v 3495.692841 16032.488393 -677.868806
v 3589.145325 15981.323885 -691.297945
v 3589.145325 16035.303511 -680.333333
v 3553.659776 15999.817962 -687.264104
v 3562.020496 15995.460586 -688.214515
v 3655.811991 16035.303511 -677.989583
v 3597.485632 15976.977151 -691.887661
v 3606.077967 15972.499067 -691.831466
v 3722.478658 16035.303511 -673.562500
v 3789.145325 16035.303511 -669.656250
v 3855.811991 16035.303511 -666.010417
v 3922.478658 16035.303511 -662.104167
v 3989.145325 16035.303511 -657.937500
v 4055.811991 16035.303511 -652.729167
v 4122.478658 15976.132934 -648.503937
v 4100.545580 16013.370433 -649.926541
v 4091.648453 16028.475781 -650.316099
v 4089.264330 16035.303511 -650.377049
v 4125.257274 15971.415460 -648.356275
v 4417.334790 16027.242824 -636.739024
v 4432.517547 16035.303511 -636.909614
v 4412.587005 16035.303511 -636.520345
v 5055.811991 16007.771552 -645.369899
v 5055.811991 16035.303511 -647.520833
v 5037.599891 16017.091410 -645.600026
v 5002.011304 16035.303511 -644.788767
v 5122.478658 16035.303511 -651.166667
v 5081.699187 15994.524040 -645.750643
v 5085.891639 15992.378595 -645.663761
v 5101.223564 15974.735136 -644.350969
v 5064.397812 16003.377844 -645.496178
v 5189.145325 16035.303511 -655.593750
v 5255.811991 16035.303511 -660.281250
v 5322.478658 16035.303511 -664.968750
v 789.145325 16101.970177 -139.708333
v 743.495458 16056.320310 -130.257384
v 765.348981 16101.970177 -133.945156
v 855.811991 16101.970177 -161.843750
v 922.478658 16101.970177 -173.822917
v 989.145325 16101.970177 -175.906250
v 1055.811991 16101.970177 -175.906250
v 1054.011007 16056.497680 -178.215400
v 1055.811991 16060.259760 -178.024357
v 1075.779620 16101.970177 -175.282262
v 2455.811991 16070.812191 -625.956719
v 2442.730947 16057.742178 -626.310698
v 2522.478658 16101.970177 -633.718750
v 2486.996277 16101.970177 -624.016537
v 2589.145325 16101.970177 -648.822917
v 2655.811991 16101.970177 -656.635417
v 2722.478658 16101.970177 -659.500000
v 2789.145325 16101.970177 -662.104167
v 2855.811991 16101.970177 -665.229167
v 2825.871314 16044.746565 -666.404236
v 2853.020596 16071.872951 -667.466723
v 2855.811991 16073.062311 -667.713436
v 2922.478658 16101.467715 -669.738685
v 2922.478658 16101.970177 -669.656250
v 2921.603165 16101.094684 -669.673349
v 2889.412302 16087.378767 -668.714387
v 2923.657922 16101.970177 -669.757593
v 3455.811991 16062.539479 -675.066245
v 3455.811991 16101.970177 -674.604167
v 3433.325416 16079.483602 -676.097416
v 3403.483443 16101.970177 -672.968900
v 3414.010569 16094.037760 -674.072522
v 3522.478658 16101.970177 -676.947917
v 3471.344145 16050.835664 -675.749452
v 3589.145325 16101.970177 -677.208333
v 3655.811991 16101.970177 -676.166667
v 3722.478658 16101.970177 -673.562500
v 3789.145325 16101.970177 -670.177083
v 3855.811991 16101.970177 -666.791667
v 3922.478658 16101.970177 -662.885417
v 3989.145325 16101.970177 -658.718750
v 4055.811991 16101.970177 -653.770833
v 4080.606518 16060.098037 -651.082655
v 4073.640533 16080.047451 -651.965793
v 4074.886047 16101.970177 -652.206165
v 4389.145325 16075.102282 -634.507860
v 4389.145325 16101.970177 -633.458333
v 4379.186057 16092.010909 -633.925174
v 4373.319997 16101.970177 -633.767422
v 4403.897750 16050.055937 -635.543860
v 4452.571934 16045.950597 -636.719038
v 4455.811991 16047.670778 -636.688248
v 4455.811991 16101.970177 -633.718750
v 4395.811791 16063.784102 -634.976018
v 4522.478658 16101.970177 -632.677083
v 4482.176405 16061.667924 -635.510835
v 4493.561945 16067.712628 -635.127543
v 4522.478658 16076.316479 -634.681279
v 4589.145325 16096.152414 -632.962082
v 4589.145325 16101.970177 -632.416667
v 4580.863351 16093.688203 -633.096047
v 4526.548863 16077.527524 -634.570766
v 4574.835295 16091.894621 -633.259718
v 4608.698268 16101.970177 -632.493045
v 4855.811991 16088.068694 -642.040987
v 4855.811991 16101.970177 -642.312500
v 4844.531161 16090.689347 -641.871843
v 4795.971855 16101.970177 -638.338741
v 4922.478658 16072.581337 -644.435115
v 4922.478658 16101.970177 -645.697917
v 4898.630087 16078.121607 -644.021064
v 4895.781437 16078.783377 -643.889331
v 4989.145325 16041.887546 -644.521200
v 4989.145325 16101.970177 -648.041667
v 4949.401298 16062.226151 -644.936665
v 4934.725766 16069.736206 -644.743426
v 5055.811991 16101.970177 -651.427083
v 4993.500595 16039.658781 -644.611774
v 5122.478658 16101.970177 -654.812500
v 5189.145325 16101.970177 -659.239583
v 5255.811991 16101.970177 -664.708333
v 5322.478658 16101.970177 -669.135417
v 789.145325 16151.678406 -135.630705
v 774.697530 16121.498380 -134.607335
v 855.811991 16168.636844 -151.947917
v 797.263675 16168.636844 -136.396020
v 922.478658 16168.636844 -168.093750
v 989.145325 16168.636844 -172.260417
v 1055.811991 16168.636844 -172.260417
v 1091.464724 16137.622910 -173.120880
v 1080.772093 16112.398965 -174.637397
v 1083.775835 16119.121958 -174.228390
v 1104.353937 16168.636844 -171.122715
v 2522.478658 16137.422634 -620.562565
v 2589.145325 16168.636844 -631.114583
v 2553.719215 16168.636844 -619.352008
v 2535.347951 16150.281074 -620.063886
v 2655.811991 16168.636844 -650.645833
v 2722.478658 16168.636844 -661.062500
v 2789.145325 16168.636844 -664.187500
v 2855.811991 16168.636844 -666.531250
v 2922.478658 16168.636844 -668.875000
v 2989.145325 16168.636844 -671.739583
v 2950.720365 16113.500972 -671.452681
v 2989.145325 16129.873119 -673.859475
v 3055.811991 16158.278523 -677.236327
v 3055.811991 16168.636844 -676.427083
v 3037.763587 16150.588440 -676.145077
v 3012.028429 16139.623176 -674.935237
v 3080.122673 16168.636844 -678.421319
v 3389.145325 16112.774261 -673.618123
v 3389.145325 16168.636844 -679.291667
v 3361.349878 16140.841397 -677.120147
v 3373.169433 16124.812443 -675.215186
v 3340.853856 16168.636844 -678.159835
v 3455.811991 16168.636844 -680.854167
v 3395.306688 16108.131540 -673.291004
v 3522.478658 16168.636844 -681.895833
v 3589.145325 16168.636844 -681.114583
v 3655.811991 16168.636844 -678.770833
v 3722.478658 16168.636844 -675.125000
v 3789.145325 16168.636844 -669.916667
v 3855.811991 16168.636844 -663.406250
v 3922.478658 16168.636844 -658.718750
v 3989.145325 16168.636844 -656.114583
v 4055.811991 16168.636844 -652.729167
v 4076.034993 16122.193179 -651.637939
v 4076.739009 16134.584794 -651.381068
v 4093.165011 16168.636844 -649.373231
v 4389.145325 16168.636844 -629.812500
v 4354.474363 16133.965882 -632.385735
v 4364.360309 16117.181740 -633.110533
v 4334.052989 16168.636844 -632.179749
v 4455.811991 16168.636844 -627.989583
v 4522.478658 16168.636844 -627.208333
v 4589.145325 16168.636844 -627.208333
v 4655.811991 16168.636844 -627.989583
v 4623.121726 16106.261719 -632.247638
v 4649.758466 16114.187189 -631.794428
v 4655.811991 16114.239886 -631.814369
v 4722.478658 16168.636844 -630.333333
v 4668.189448 16114.347634 -632.241938
v 4693.109264 16114.564565 -633.102773
v 4722.478658 16114.820231 -634.117314
v 4789.145325 16168.636844 -634.500000
v 4735.441556 16114.933076 -634.919561
v 4740.001084 16114.972767 -635.113462
v 4779.559543 16105.782928 -637.279911
v 4789.145325 16103.556051 -637.804884
v 4855.811991 16168.636844 -640.229167
v 4790.432236 16103.257088 -637.930660
v 4922.478658 16168.636844 -645.697917
v 4989.145325 16168.636844 -649.604167
v 5055.811991 16168.636844 -653.510417
v 5122.478658 16168.636844 -656.895833
v 5189.145325 16168.636844 -661.062500
v 5255.811991 16168.636844 -665.750000
v 5322.478658 16168.636844 -669.656250
v 855.811991 16235.303511 -144.135417
v 804.719213 16184.210733 -136.551332
v 801.458616 16177.399665 -136.483408
v 828.842251 16235.303511 -139.289291
v 826.629400 16229.978963 -139.058062
v 922.478658 16235.303511 -160.802083
v 989.145325 16235.303511 -167.833333
v 1055.811991 16235.303511 -168.614583
v 1122.478658 16235.303511 -168.875000
v 1105.118327 16170.476114 -171.054507
v 1122.478658 16212.248421 -169.505413
v 1132.060221 16235.303511 -168.613004
v 2589.145325 16204.033077 -618.532329
v 2581.656454 16196.550522 -618.705604
v 2655.811991 16235.303511 -631.635417
v 2620.442153 16235.303511 -618.786217
v 2722.478658 16235.303511 -652.208333
v 2789.145325 16235.303511 -664.187500
v 2855.811991 16235.303511 -668.614583
v 2922.478658 16235.303511 -671.218750
v 2989.145325 16235.303511 -673.822917
v 3055.811991 16235.303511 -676.947917
v 3122.478658 16235.303511 -680.333333
v 3122.478658 16186.683927 -681.472855
v 3189.145325 16215.089331 -681.682480
v 3189.145325 16235.303511 -682.156250
v 3153.924009 16200.082196 -682.018667
v 3134.644556 16191.867585 -681.684024
v 3236.587424 16235.303511 -683.638816
v 3322.478658 16193.556158 -680.844081
v 3322.478658 16235.303511 -686.062500
v 3310.086910 16222.911763 -684.465126
v 3318.923884 16198.376925 -681.432791
v 3305.623643 16235.303511 -685.601621
v 3389.145325 16235.303511 -686.583333
v 3333.054994 16179.213180 -679.133836
v 3455.811991 16235.303511 -686.583333
v 3522.478658 16235.303511 -685.802083
v 3589.145325 16235.303511 -684.239583
v 3655.811991 16235.303511 -679.552083
v 3722.478658 16235.303511 -669.656250
v 3789.145325 16235.303511 -658.979167
v 3855.811991 16215.048676 -653.978847
v 3855.723565 16215.065714 -653.984021
v 3838.829323 16218.320843 -654.972651
v 3819.857511 16221.976272 -656.966735
v 3797.192613 16233.774332 -658.129832
v 3794.254954 16235.303511 -658.280584
v 3922.478658 16202.203553 -650.720433
v 3914.499735 16203.740906 -650.915128
v 3894.725996 16207.550848 -651.397632
v 3989.145325 16200.809575 -647.945726
v 3978.819723 16199.761797 -648.615107
v 3950.755864 16196.914050 -650.434412
v 3950.215801 16196.859247 -650.477005
v 4055.811991 16207.574496 -643.146854
v 4030.787912 16205.035207 -645.042511
v 4024.951439 16204.442958 -645.484643
v 4117.469221 16230.294074 -634.906374
v 4100.472164 16183.784994 -645.698934
v 4122.478658 16203.425370 -639.809057
v 4122.478658 16232.966240 -633.923962
v 4115.529926 16229.259603 -635.244280
v 4082.674652 16216.483930 -639.800043
v 4061.157062 16208.116881 -642.783705
v 4141.226842 16220.157766 -635.816534
v 4184.601721 16235.303511 -631.274319
v 4126.860277 16235.303511 -633.304292
v 4255.811991 16230.978498 -628.269793
v 4255.811991 16235.303511 -627.729167
v 4252.894376 16232.385895 -628.299013
v 4243.176653 16235.303511 -628.370805
v 4247.335855 16235.067211 -628.193748
v 4322.478658 16182.266091 -631.079906
v 4322.478658 16235.303511 -624.864583
v 4297.466578 16210.291430 -629.065831
v 4296.536055 16211.334055 -628.975487
v 4389.145325 16235.303511 -624.343750
v 4328.906117 16175.064303 -631.873651
v 4332.908827 16170.579377 -632.069564
v 4455.811991 16235.303511 -623.822917
v 4522.478658 16235.303511 -623.302083
v 4589.145325 16235.303511 -623.822917
v 4655.811991 16235.303511 -625.645833
v 4722.478658 16235.303511 -628.770833
v 4789.145325 16235.303511 -633.458333
v 4855.811991 16235.303511 -639.447917
v 4922.478658 16235.303511 -645.437500
v 4989.145325 16235.303511 -650.645833
v 5055.811991 16235.303511 -655.593750
v 5122.478658 16235.303511 -660.020833
v 5189.145325 16235.303511 -663.406250
v 5255.811991 16235.303511 -666.791667
v 5322.478658 16235.303511 -669.916667
v 855.811991 16300.197912 -141.093492
v 922.478658 16301.970177 -155.072917
v 856.548535 16301.970177 -141.165781
v 989.145325 16301.970177 -162.625000
v 1055.811991 16301.970177 -164.187500
v 1122.478658 16301.970177 -165.229167
v 1138.874053 16251.698905 -167.722199
v 1147.803312 16273.184427 -166.407690
v 1152.329100 16285.729566 -165.650912
v 1157.327652 16301.970177 -164.684651
v 2655.811991 16270.643520 -615.621975
v 2722.478658 16301.970177 -626.427083
v 2693.350657 16301.970177 -615.504083
v 2674.273458 16289.089417 -614.186728
v 2789.145325 16301.970177 -649.864583
v 2855.811991 16301.970177 -666.791667
v 2922.478658 16301.970177 -674.343750
v 2989.145325 16301.970177 -677.989583
v 3055.811991 16301.970177 -680.593750
v 3122.478658 16301.970177 -683.718750
v 3189.145325 16301.970177 -686.583333
v 3255.811991 16301.970177 -689.187500
v 3255.811991 16243.494735 -684.847526
v 3322.478658 16301.970177 -690.750000
v 3270.084432 16249.575951 -685.633376
v 3296.438525 16260.804931 -687.143534
v 3303.518969 16241.146894 -685.954934
v 3257.260683 16244.111994 -684.927292
v 3389.145325 16301.970177 -691.531250
v 3455.811991 16301.970177 -691.270833
v 3522.478658 16301.970177 -690.750000
v 3589.145325 16301.970177 -688.145833
v 3655.811991 16301.970177 -674.343750
v 3722.478658 16272.685929 -656.660019
v 3709.915207 16279.233654 -656.248548
v 3703.227555 16282.719074 -656.029519
v 3677.682338 16296.032538 -665.666507
v 3669.802487 16301.970177 -668.496160
v 3789.145325 16237.963294 -657.909019
v 3753.867337 16256.327014 -656.170482
v 3747.053398 16259.878251 -655.832958
v 3790.894557 16237.052743 -658.070386
v 4136.974296 16240.698596 -631.578875
v 4189.145325 16236.890057 -630.711749
v 4189.145325 16268.397095 -622.711915
v 4137.251213 16240.845962 -631.531723
v 4255.811991 16301.970177 -612.364583
v 4191.583099 16237.741285 -630.428959
v 4192.798512 16238.165686 -630.269428
v 4252.382115 16301.970177 -612.458369
v 4247.428458 16299.340229 -613.261581
v 4192.339836 16270.093095 -622.193940
v 4322.478658 16301.970177 -610.281250
v 4389.145325 16301.970177 -613.927083
v 4455.811991 16301.970177 -619.135417
v 4522.478658 16301.970177 -620.437500
v 4589.145325 16301.970177 -621.479167
v 4655.811991 16301.970177 -623.822917
v 4722.478658 16301.970177 -627.989583
v 4789.145325 16301.970177 -633.718750
v 4855.811991 16301.970177 -639.968750
v 4922.478658 16301.970177 -646.218750
v 4989.145325 16301.970177 -652.468750
v 5055.811991 16301.970177 -657.677083
v 5122.478658 16301.970177 -661.583333
v 5189.145325 16301.970177 -664.708333
v 5255.811991 16301.970177 -667.833333
v 5322.478658 16301.970177 -670.437500
v 922.478658 16368.636844 -149.864583
v 857.072320 16303.230506 -141.177804
v 884.254819 16368.636844 -142.846925
v 867.900946 16329.286270 -141.842728
v 989.145325 16368.636844 -157.156250
v 1055.811991 16368.636844 -158.979167
v 1122.478658 16368.636844 -161.062500
v 1172.822543 16352.314063 -162.475985
v 1177.846385 16368.636844 -161.495060
v 2722.478658 16320.608421 -618.127240
v 2718.349036 16318.848868 -617.362183
v 2789.145325 16349.013825 -632.406980
v 2779.657100 16344.971072 -630.571516
v 2754.954052 16334.445572 -625.792798
v 2855.811991 16368.636844 -655.593750
v 2835.199986 16368.636844 -646.173419
v 2922.478658 16368.636844 -675.385417
v 2989.145325 16368.636844 -682.937500
v 3055.811991 16368.636844 -686.062500
v 3122.478658 16368.636844 -688.927083
v 3189.145325 16368.636844 -691.791667
v 3255.811991 16368.636844 -694.135417
v 3322.478658 16368.636844 -695.437500
v 3389.145325 16368.636844 -696.479167
v 3455.811991 16368.636844 -696.739583
v 3522.478658 16368.636844 -697.000000
v 3589.145325 16368.636844 -692.833333
v 3655.811991 16312.512320 -673.520145
v 3647.427244 16318.830409 -674.762449
v 3623.805245 16336.630098 -678.262340
v 3606.586108 16349.605092 -685.295510
v 3603.830612 16351.681418 -686.420994
v 3597.723597 16368.636844 -689.784026
v 3661.823974 16307.982160 -669.740826
v 4255.811991 16303.791135 -611.959136
v 4322.478658 16339.185175 -603.448809
v 4302.517081 16328.587362 -606.018301
v 4259.693891 16305.852077 -611.530581
v 4389.145325 16368.636844 -602.729167
v 4383.987754 16368.636844 -602.366525
v 4357.605703 16357.834496 -602.494781
v 4455.811991 16368.636844 -610.020833
v 4522.478658 16368.636844 -615.489583
v 4589.145325 16368.636844 -618.875000
v 4655.811991 16368.636844 -622.260417
v 4722.478658 16368.636844 -626.687500
v 4789.145325 16368.636844 -633.197917
v 4855.811991 16368.636844 -639.968750
v 4922.478658 16368.636844 -647.260417
v 4989.145325 16368.636844 -653.510417
v 5055.811991 16366.190716 -658.178806
v 5054.020928 16366.845781 -658.043997
v 5049.123845 16368.636844 -657.727656
v 5122.478658 16333.122219 -661.583333
v 5112.049573 16338.459198 -660.972254
v 5098.986108 16345.144294 -660.206817
v 5062.986681 16363.566639 -658.522645
v 5189.145325 16347.581957 -664.530162
v 5174.877934 16336.281050 -663.905523
v 5155.149935 16316.403022 -663.058421
v 5143.085405 16322.576924 -662.468779
v 5255.811991 16368.636844 -667.052083
v 5218.917922 16368.636844 -665.610909
v 5204.731109 16359.927136 -665.090759
v 5322.478658 16368.636844 -669.135417
v 922.478658 16435.303511 -145.437500
v 897.810752 16410.635605 -142.546730
v 886.681439 16374.475762 -142.904697
v 905.403065 16435.303511 -142.435931
v 900.976987 16420.922902 -142.500523
v 989.145325 16435.303511 -151.166667
v 1055.811991 16435.303511 -153.770833
v 1122.478658 16435.303511 -156.114583
v 1189.145325 16435.303511 -157.937500
v 1184.847773 16391.384796 -160.305730
v 1189.145325 16405.347814 -159.575702
v 1198.365119 16435.303511 -158.153589
v 2855.811991 16377.419229 -652.677724
v 2840.965163 16371.093277 -647.992673
v 2922.478658 16405.824633 -671.899061
v 2902.273227 16397.215481 -666.707682
v 2871.114475 16383.939327 -658.702067
v 2989.145325 16434.230037 -684.474840
v 2987.274897 16433.433083 -684.244277
v 2963.581290 16423.337686 -679.730085
v 3055.811991 16435.303511 -689.447917
v 2991.664737 16435.303511 -684.686988
v 3122.478658 16435.303511 -694.135417
v 3189.145325 16435.303511 -697.520833
v 3255.811991 16435.303511 -699.604167
v 3322.478658 16435.303511 -700.385417
v 3389.145325 16435.303511 -701.166667
v 3455.811991 16435.303511 -702.208333
v 3522.478658 16435.303511 -703.250000
v 3589.145325 16392.453428 -694.787037
v 3581.502034 16413.674144 -697.005505
v 3580.676814 16426.835000 -698.136683
v 3580.145817 16435.303511 -698.970016
v 3595.452040 16374.943559 -691.034934
v 4389.145325 16370.508979 -602.648723
v 4387.003828 16369.871800 -602.525528
v 4455.811991 16390.344914 -608.494485
v 4435.290260 16384.238898 -606.679250
v 4391.810434 16371.301953 -602.833272
v 4522.478658 16410.180849 -612.893083
v 4486.714876 16399.539728 -610.624405
v 4483.576691 16398.605996 -610.408112
v 4589.145325 16428.690121 -617.467501
v 4581.364292 16427.522478 -617.099737
v 4580.149554 16427.340191 -617.001994
v 4531.863123 16412.973094 -613.561703
v 4655.811991 16434.252010 -623.541963
v 4654.751257 16434.242777 -623.487917
v 4624.386079 16433.978442 -620.647377
v 4722.478658 16434.832356 -629.531838
v 4722.003366 16434.828218 -629.500098
v 4789.145325 16431.501921 -635.653584
v 4785.721152 16431.879338 -635.333935
v 4756.261342 16435.126440 -632.711601
v 4855.811991 16416.590130 -641.654608
v 4851.970589 16417.482527 -641.295839
v 4840.626384 16420.117903 -640.236343
v 4793.859641 16430.982302 -636.093669
v 4922.478658 16401.102772 -647.894517
v 4910.081536 16403.982752 -646.594831
v 4894.725310 16407.550163 -644.984920
v 4989.145325 16385.615415 -653.643062
v 4968.192483 16390.482977 -651.716761
v 4948.824236 16394.982422 -649.936139
v 5002.923161 16382.414681 -654.479171
v 5026.303431 16376.983202 -656.123096
v 5255.811991 16391.287213 -666.963605
v 5322.478658 16431.306865 -667.911393
v 5316.655086 16428.640603 -667.781482
v 5314.481037 16427.305889 -667.739611
v 5260.693098 16394.283870 -667.028167
v 922.478658 16490.783195 -144.787347
v 989.145325 16501.970177 -147.000000
v 925.921799 16501.970177 -144.777298
v 1055.811991 16501.970177 -149.343750
v 1122.478658 16501.970177 -151.947917
v 1189.145325 16501.970177 -153.770833
v 1200.431221 16442.016408 -157.834902
v 1202.830222 16448.988408 -157.509847
v 1219.526333 16497.510819 -154.998950
v 1221.060757 16501.970177 -154.768191
v 3055.811991 16462.635441 -689.341151
v 3024.889354 16449.459891 -687.097579
v 3122.478658 16491.040845 -696.530380
v 3103.435319 16482.926839 -694.842747
v 3086.197417 16475.582095 -692.851371
v 3189.145325 16501.970177 -702.989583
v 3148.129488 16501.970177 -699.304567
v 3147.505481 16501.704300 -699.237079
v 3255.811991 16501.970177 -705.593750
v 3322.478658 16501.970177 -705.593750
v 3389.145325 16501.970177 -705.854167
v 3455.811991 16501.970177 -706.895833
v 3522.478658 16501.970177 -709.239583
v 3579.809584 16440.665855 -699.602423
v 3577.431698 16479.517713 -704.180094
v 3576.812346 16489.637199 -705.372410
v 3576.786141 16490.065363 -705.412208
v 3580.353492 16501.970177 -706.300627
v 922.478658 16512.821309 -144.571476
v 922.478658 16568.636844 -144.135417
v 887.644905 16533.803091 -139.236920
v 893.513848 16527.458593 -140.157658
v 856.781294 16568.636844 -138.232919
v 859.810595 16563.892786 -138.264174
v 989.145325 16568.636844 -145.697917
v 927.452721 16506.944240 -144.733970
v 928.348584 16509.854958 -144.732227
v 1055.811991 16568.636844 -147.260417
v 1122.478658 16568.636844 -149.083333
v 1189.145325 16568.636844 -150.906250
v 1237.803627 16550.628480 -153.200619
v 1239.364016 16555.163298 -153.054526
v 1244.003456 16568.636844 -152.620567
v 3189.145325 16519.446248 -702.648254
v 3255.811991 16540.284831 -708.437416
v 3235.849531 16536.234012 -707.356985
v 3217.794502 16530.619355 -706.234998
v 3208.813544 16527.826504 -705.096762
v 3322.478658 16568.636844 -710.020833
v 3266.272361 16568.636844 -710.459945
v 3262.078648 16554.641756 -709.454010
v 3260.530798 16541.242380 -708.471618
v 3389.145325 16568.636844 -709.500000
v 3455.811991 16568.636844 -710.281250
v 3522.478658 16568.636844 -711.583333
v 3589.145325 16568.636844 -708.979167
v 3582.465209 16509.017311 -706.523726
v 3589.145325 16531.309916 -707.229467
v 3596.318363 16555.247482 -705.969867
v 3600.330568 16568.636844 -705.265316
v 855.811991 16570.154828 -138.163622
v 855.811991 16635.303511 -138.927083
v 830.423359 16609.914878 -132.282402
v 814.211542 16635.303511 -131.289501
v 827.150708 16615.040037 -132.081967
v 922.478658 16635.303511 -142.312500
v 856.403554 16569.228407 -138.182806
v 989.145325 16635.303511 -144.395833
v 1055.811991 16635.303511 -146.218750
v 1122.478658 16635.303511 -148.302083
v 1189.145325 16635.303511 -150.645833
v 1255.811991 16635.303511 -152.729167
v 1253.882260 16597.326192 -152.817211
v 1255.811991 16602.930387 -152.855624
v 1263.653390 16625.702844 -152.950452
v 1269.400299 16635.303511 -153.047643
v 3322.478658 16635.303511 -711.843750
v 3270.748040 16583.572893 -710.833386
v 3286.249437 16635.303511 -708.871822
v 3389.145325 16635.303511 -712.104167
v 3455.811991 16635.303511 -712.625000
v 3522.478658 16635.303511 -712.885417
v 3589.145325 16635.303511 -710.281250
v 3605.116398 16584.607917 -704.861624
v 3610.171518 16601.477654 -703.789106
v 3613.458343 16614.374782 -703.129422
v 3617.873955 16635.303511 -702.313544
v 789.145325 16681.454626 -125.245278
v 789.145325 16701.970177 -124.604167
v 783.825056 16696.649909 -123.211753
v 781.962290 16701.970177 -122.527821
v 855.811991 16701.970177 -136.322917
v 804.443164 16650.601350 -128.898516
v 794.490821 16666.187288 -126.662020
v 922.478658 16701.970177 -139.968750
v 989.145325 16701.970177 -142.052083
v 1055.811991 16701.970177 -145.697917
v 1122.478658 16701.970177 -148.822917
v 1189.145325 16701.970177 -150.906250
v 1255.811991 16701.970177 -152.989583
v 1289.663838 16669.155357 -153.787037
v 1309.306618 16701.970177 -154.452327
v 3322.478658 16701.970177 -705.593750
v 3299.272707 16678.764227 -705.865695
v 3289.784956 16647.102099 -708.055727
v 3304.894819 16701.970177 -698.725063
v 3301.726259 16686.952117 -703.529767
v 3389.145325 16701.970177 -713.927083
v 3455.811991 16701.970177 -714.447917
v 3522.478658 16701.970177 -714.968750
v 3589.145325 16701.970177 -713.666667
v 3625.555999 16671.714185 -703.880936
v 3625.779792 16672.774901 -703.884097
v 3631.939508 16701.970177 -703.971109
v 789.145325 16768.636844 -118.875000
v 770.783118 16750.274638 -115.145177
v 773.261989 16726.819211 -117.877426
v 768.842521 16768.636844 -112.768297
v 855.811991 16768.636844 -132.416667
v 922.478658 16768.636844 -136.322917
v 989.145325 16768.636844 -139.187500
v 1055.811991 16768.636844 -144.916667
v 1122.478658 16768.636844 -150.125000
v 1189.145325 16768.636844 -151.947917
v 1255.811991 16768.636844 -153.510417
v 1322.478658 16768.636844 -154.812500
v 1322.127185 16723.387950 -154.802889
v 1322.478658 16723.975114 -154.812500
v 1349.212936 16768.636844 -155.334654
v 3322.478658 16768.636844 -691.270833
v 3318.019582 16764.177768 -690.487011
v 3312.672736 16738.835261 -693.843079
v 3318.960372 16768.636844 -688.563403
v 3389.145325 16768.636844 -714.968750
v 3455.811991 16768.636844 -716.531250
v 3522.478658 16768.636844 -717.312500
v 3589.145325 16768.636844 -716.531250
v 3638.101242 16731.175020 -705.655290
v 3643.382686 16756.207538 -707.098861
v 3646.005062 16768.636844 -707.202699
v 789.145325 16835.303511 -112.625000
v 764.410936 16810.569122 -107.504209
v 767.152780 16784.625402 -110.761128
v 761.796898 16835.303511 -104.505936
v 855.811991 16835.303511 -126.166667
v 922.478658 16835.303511 -131.375000
v 989.145325 16835.303511 -135.281250
v 1055.811991 16823.649186 -144.486883
v 1048.895119 16812.094004 -143.982739
v 1046.272208 16807.712223 -143.791565
v 1044.546796 16824.038315 -143.515740
v 1043.356241 16835.303511 -142.692899
v 1122.478658 16835.303511 -151.427083
v 1062.788209 16835.303511 -145.131606
v 1189.145325 16835.303511 -153.250000
v 1255.811991 16835.303511 -154.812500
v 1322.478658 16835.303511 -156.375000
v 1372.528522 16818.686708 -156.376558
v 1355.112418 16778.492396 -155.565373
v 1366.297645 16801.837989 -156.057416
v 1378.673633 16835.303511 -156.814023
v 3322.478658 16785.312504 -687.557893
v 3389.145325 16835.303511 -712.885417
v 3333.025926 16835.303511 -682.195120
v 3324.994186 16797.235380 -686.278870
v 3455.811991 16835.303511 -718.614583
v 3522.478658 16835.303511 -719.135417
v 3589.145325 16835.303511 -719.395833
v 3655.811991 16835.303511 -712.104167
v 3650.422692 16789.575139 -708.522687
v 3655.811991 16815.118863 -710.133010
v 3660.070615 16835.303511 -710.490548
v 789.145325 16901.970177 -103.770833
v 758.038753 16870.863606 -98.667411
v 761.043571 16842.431593 -103.335594
v 755.033302 16901.970177 -95.242828
v 754.934362 16900.237784 -95.366970
v 855.811991 16901.970177 -117.572917
v 922.478658 16901.970177 -125.125000
v 989.145325 16901.970177 -129.552083
v 1039.492864 16871.859322 -141.165130
v 1038.174613 16884.332799 -140.643828
v 1036.310619 16901.970177 -138.764055
v 1122.478658 16901.970177 -152.729167
v 1073.191480 16852.683000 -146.568269
v 1102.694527 16901.970177 -149.715178
v 1189.145325 16901.970177 -154.291667
v 1255.811991 16901.970177 -155.854167
v 1322.478658 16900.726995 -157.141681
v 1320.908289 16900.399808 -157.101042
v 1305.319702 16897.151925 -156.745829
v 1279.894726 16901.970177 -156.324533
v 1389.145325 16901.970177 -157.937500
v 1389.145325 16863.619683 -157.338274
v 1328.445454 16901.970177 -157.226173
v 1403.327840 16901.970177 -157.992900
v 3389.145325 16901.970177 -704.812500
v 3335.846268 16848.671121 -682.118761
v 3347.091479 16901.970177 -674.586298
v 3455.811991 16901.970177 -719.916667
v 3522.478658 16901.970177 -721.218750
v 3589.145325 16901.970177 -721.739583
v 3655.811991 16901.970177 -718.093750
v 3661.209372 16840.700892 -711.113241
v 3662.744142 16847.975258 -711.347134
v 3674.136168 16901.970177 -713.083233
v 789.145325 16968.636844 -97.000000
v 757.005169 16936.496688 -92.229196
v 762.691593 16968.636844 -90.799907
v 757.514842 16945.420839 -91.581731
v 855.811991 16968.636844 -111.843750
v 922.478658 16968.636844 -120.437500
v 989.145325 16968.636844 -123.822917
v 1035.793559 16906.862664 -138.319064
v 1043.276205 16940.419833 -137.421029
v 1047.776269 16960.601121 -136.880951
v 1049.568090 16968.636844 -136.568344
v 1122.478658 16949.789194 -152.355581
v 1108.189147 16911.149375 -150.480536
v 1189.145325 16961.932042 -155.228571
v 1186.428232 16965.919752 -155.227197
v 1184.576897 16968.636844 -155.119188
v 1129.448766 16968.636844 -152.535057
v 1126.701043 16961.206812 -152.464305
v 1255.811991 16906.534063 -155.907650
v 1251.649651 16907.322863 -155.819339
v 1217.120056 16929.944909 -155.275153
v 1205.957239 16937.258223 -155.171400
v 1259.648774 16905.806960 -155.974066
v 1389.145325 16928.972440 -158.464888
v 1358.796612 16908.293843 -157.705360
v 1411.650577 16924.475429 -158.552878
v 1412.339014 16926.337010 -158.594615
v 1424.955731 16960.453480 -159.359521
v 1403.939008 16939.052361 -158.777337
v 3389.145325 16968.636844 -695.958333
v 3353.672955 16933.164474 -675.173742
v 3349.637086 16914.035618 -674.813512
v 3361.157032 16968.636844 -673.436504
v 3455.811991 16968.636844 -720.177083
v 3522.478658 16968.636844 -722.520833
v 3589.145325 16968.636844 -722.781250
v 3655.811991 16968.636844 -720.958333
v 3679.036059 16925.194245 -714.555708
v 3687.387042 16964.775496 -714.625414
v 3688.201722 16968.636844 -714.632214
v 789.145325 17035.303511 -92.572917
v 774.231559 17020.389745 -90.067870
v 769.987870 17001.358215 -90.337068
v 777.557061 17035.303511 -89.902184
v 855.811991 17035.303511 -106.635417
v 922.478658 17035.303511 -116.270833
v 989.145325 17035.303511 -120.437500
v 1055.811991 17035.303511 -134.500000
v 1055.749233 16996.357210 -136.464504
v 1055.811991 16996.638659 -136.463449
v 1064.433558 17035.303511 -136.722748
v 1133.539040 16979.697226 -152.899607
v 1175.198721 16982.400619 -154.894645
v 1168.481673 17014.639859 -155.083522
v 1149.721727 17023.456322 -153.695584
v 1164.176400 17035.303511 -154.619372
v 1154.102972 17035.303511 -153.911085
v 3389.145325 17035.303511 -687.104167
v 3371.499641 17017.657827 -675.248473
v 3361.958536 16972.435737 -673.576923
v 3375.222586 17035.303511 -674.323528
v 3455.811991 17035.303511 -718.614583
v 3522.478658 17035.303511 -723.822917
v 3589.145325 17035.303511 -724.083333
v 3655.811991 17035.303511 -722.260417
v 3696.862745 17009.687598 -715.025217
v 3699.708492 17023.175615 -714.821774
v 3701.686999 17035.303511 -714.734048
v 789.145325 17087.273013 -89.730834
v 782.460899 17057.295592 -89.829673
v 855.811991 17101.970177 -101.427083
v 792.354485 17101.970177 -89.528801
v 792.335190 17101.578496 -89.546603
v 922.478658 17101.970177 -111.843750
v 989.145325 17101.970177 -117.312500
v 1055.811991 17101.970177 -130.072917
v 1066.907701 17046.399221 -137.013872
v 1068.222262 17052.294586 -137.007508
v 1071.408523 17075.875288 -136.375077
v 1072.694040 17101.970177 -135.018829
v 1164.056803 17035.877530 -154.617690
v 1173.644364 17086.469217 -155.884687
v 1158.708706 17071.533559 -154.659496
v 1160.918169 17053.732270 -154.606240
v 1157.533718 17081.000253 -154.230558
v 1174.227741 17089.547581 -155.854574
v 1182.366398 17101.970177 -156.388325
v 1154.930970 17101.970177 -153.280405
v 3389.145325 17101.970177 -672.781250
v 3387.160718 17099.985571 -671.385824
v 3385.073647 17081.994697 -673.335184
v 3387.390947 17101.970177 -670.882958
v 3455.811991 17101.970177 -714.187500
v 3522.478658 17101.970177 -724.604167
v 3589.145325 17101.970177 -725.645833
v 3655.811991 17101.970177 -724.864583
v 3707.838631 17087.330150 -718.195835
v 3702.089095 17037.768285 -714.879896
v 3709.389127 17100.695664 -718.536227
v 3709.536980 17101.970177 -718.568686
v -410.854675 17161.877289 203.068328
v -410.854675 17168.636844 203.781250
v -414.347667 17165.143853 203.917695
v -418.082781 17168.636844 204.289476
v -344.188009 17117.496223 184.168071
v -344.188009 17168.636844 190.760417
v -376.973392 17135.851461 193.705978
v -348.563985 17118.215283 185.218007
v -394.973811 17147.025878 198.400237
v -277.521342 17113.368311 169.313041
v -277.521342 17168.636844 176.437500
v -330.853148 17115.305038 181.020702
v -294.661559 17109.358036 172.478560
v -210.854675 17143.778369 158.715964
v -210.854675 17168.636844 162.114583
v -262.641878 17116.849642 166.565046
v -241.472690 17121.802571 162.528752
v -187.793951 17168.636844 157.340293
v -197.094899 17153.654322 157.217488
v 855.811991 17168.636844 -94.395833
v 792.520771 17105.345623 -89.203975
v 795.638696 17168.636844 -83.583444
v 922.478658 17168.636844 -105.333333
v 989.145325 17168.636844 -112.885417
v 1055.811991 17168.636844 -124.604167
v 1073.568796 17119.726982 -133.887855
v 1074.460650 17137.830863 -132.667541
v 1075.978251 17168.636844 -130.591025
v 1151.347787 17130.839307 -152.874498
v 1189.145325 17112.317322 -157.156250
v 1189.145325 17168.636844 -157.156250
v 1146.656427 17168.636844 -149.023609
v 1149.950311 17142.098550 -151.727384
v 1204.163101 17135.239993 -157.742882
v 1236.960095 17168.636844 -159.024014
v 3389.145325 17117.093179 -674.139957
v 3455.811991 17168.636844 -712.104167
v 3395.124763 17168.636844 -681.760553
v 3391.520864 17137.570685 -677.167503
v 3522.478658 17168.636844 -725.645833
v 3589.145325 17168.636844 -727.468750
v 3655.811991 17168.636844 -726.947917
v 3716.587363 17162.745549 -723.914968
v 3716.689159 17163.623043 -723.937618
v 3717.270796 17168.636844 -724.067035
v -477.521342 17224.222388 209.120143
v -477.521342 17235.303511 209.250000
v -483.247498 17229.577355 209.205264
v -489.370574 17235.303511 209.203714
v -410.854675 17235.303511 208.989583
v -448.797582 17197.360604 208.693154
v -429.890095 17179.678766 205.982328
v -464.806379 17212.331654 208.931131
v -344.188009 17235.303511 200.395833
v -277.521342 17235.303511 186.593750
v -210.854675 17235.303511 172.531250
v -166.093239 17213.398280 159.142144
v -168.284304 17200.064148 157.720651
v -162.493771 17235.303511 161.763392
v 855.811991 17235.303511 -85.020833
v 795.975155 17175.466675 -82.683457
v 798.922907 17235.303511 -73.020792
v 922.478658 17235.303511 -97.520833
v 989.145325 17235.303511 -105.333333
v 1055.811991 17235.303511 -116.270833
v 1077.023181 17189.848033 -129.575539
v 1077.512778 17199.786437 -128.509188
v 1079.262461 17235.303511 -124.698346
v 1189.145325 17235.303511 -157.156250
v 1143.986868 17190.145054 -148.512639
v 1138.381884 17235.303511 -144.267095
v 1255.811991 17235.303511 -160.541667
v 1239.690820 17171.417515 -159.163269
v 1255.811991 17187.833542 -159.985378
v 1275.218539 17207.595036 -160.444378
v 1302.429328 17235.303511 -161.087964
v 3455.811991 17235.303511 -712.885417
v 3395.909451 17175.400970 -682.232164
v 3402.858580 17235.303511 -690.545696
v 3522.478658 17235.303511 -726.687500
v 3589.145325 17235.303511 -729.031250
v 3655.811991 17235.303511 -729.031250
v 3722.478658 17235.303511 -728.250000
v 3722.478658 17213.529401 -726.804063
v 3725.004613 17235.303511 -728.822287
v -477.521342 17301.970177 209.770833
v -514.256941 17265.234578 209.340338
v -499.722663 17244.984541 209.238909
v -534.524256 17301.970177 208.880163
v -531.574414 17289.362332 208.975503
v -410.854675 17301.970177 212.635417
v -344.188009 17301.970177 208.468750
v -277.521342 17301.970177 197.010417
v -210.854675 17301.970177 183.208333
v -165.639437 17280.518749 169.352054
v -159.427056 17253.966573 163.923770
v -170.658401 17301.970177 173.944348
v 855.811991 17301.970177 -77.989583
v 799.429540 17245.587726 -72.042997
v 802.207118 17301.970177 -68.357458
v 800.904048 17275.518989 -70.086486
v 922.478658 17301.970177 -89.708333
v 989.145325 17301.970177 -97.781250
v 1055.811991 17301.970177 -112.625000
v 1080.477565 17259.969085 -126.387573
v 1080.564905 17261.742012 -126.331215
v 1082.546672 17301.970177 -125.052449
v 1189.145325 17301.970177 -159.760417
v 1136.625949 17249.450802 -144.373881
v 1130.107342 17301.970177 -145.462155
v 1134.783497 17264.295145 -144.681476
v 1255.811991 17301.970177 -161.843750
v 1322.478658 17301.970177 -162.625000
v 1310.746258 17243.772558 -161.350839
v 1312.694917 17245.718207 -161.411675
v 1322.478658 17255.296554 -161.713406
v 1370.153131 17301.970177 -163.369914
v 3455.811991 17301.970177 -714.708333
v 3404.658184 17250.816370 -691.729084
v 3410.592396 17301.970177 -697.927624
v 3406.120928 17263.425444 -693.256983
v 3522.478658 17301.970177 -728.250000
v 3589.145325 17301.970177 -731.114583
v 3655.811991 17301.970177 -731.375000
v 3722.478658 17301.970177 -732.156250
v 3725.336096 17238.160949 -729.142949
v 3731.289223 17289.477802 -733.661332
v 3732.738429 17301.970177 -734.761270
v -477.521342 17368.636844 208.989583
v -536.356569 17309.801617 208.759758
v -539.732556 17368.636844 208.260546
v -544.018950 17342.551202 208.414109
v -410.854675 17368.636844 211.333333
v -344.188009 17368.636844 209.510417
v -277.521342 17368.636844 201.177083
v -210.854675 17368.636844 190.500000
v -171.871592 17307.155443 175.074658
v -180.640913 17319.373393 179.100220
v -172.535886 17319.798113 177.301945
v -144.188009 17333.319157 172.986942
v -144.188009 17368.636844 178.781250
v -91.937833 17368.636844 168.780240
v -123.231768 17343.314623 170.615668
v -96.556232 17363.233952 168.777818
v 855.811991 17368.636844 -78.510417
v 802.883924 17315.708777 -68.586404
v 800.025772 17368.636844 -67.614671
v 803.492397 17328.060243 -68.608751
v 922.478658 17368.636844 -87.885417
v 989.145325 17368.636844 -94.656250
v 1055.811991 17368.636844 -112.364583
v 1083.509547 17329.667733 -125.500036
v 1083.617033 17323.697586 -125.550000
v 1122.478658 17363.433260 -143.614583
v 1122.478658 17368.636844 -143.614583
v 1121.904111 17368.062297 -143.347509
v 1083.278456 17342.503432 -125.341572
v 1081.045772 17368.636844 -124.192918
v 1121.832799 17368.636844 -143.311837
v 1189.145325 17368.636844 -160.802083
v 1129.265030 17308.756549 -145.364195
v 1127.200089 17325.393442 -144.831827
v 1255.811991 17368.636844 -163.406250
v 1322.478658 17368.636844 -163.927083
v 1389.145325 17368.636844 -164.187500
v 1389.145325 17320.563660 -163.811928
v 1403.981300 17368.636844 -164.303406
v 1395.473057 17326.758552 -163.909761
v 1407.694141 17338.723074 -164.098711
v 3455.811991 17368.636844 -718.093750
v 3413.406916 17326.231769 -700.204109
v 3418.326212 17368.636844 -706.233015
v 3522.478658 17368.636844 -729.812500
v 3589.145325 17368.636844 -732.937500
v 3655.811991 17368.636844 -733.718750
v 3722.478658 17368.636844 -736.322917
v 3734.084829 17313.576348 -735.511159
v 3738.589255 17352.405181 -738.958495
v 3740.472245 17368.636844 -740.399589
v -477.521342 17435.303511 207.427083
v -538.856479 17373.968373 208.145854
v -511.044217 17435.303511 207.558032
v -535.161702 17396.453627 207.955756
v -410.854675 17435.303511 207.687500
v -344.188009 17435.303511 206.645833
v -277.521342 17435.303511 200.395833
v -210.854675 17435.303511 191.020833
v -144.188009 17435.303511 180.864583
v -77.521342 17435.303511 170.708333
v -77.521342 17385.502156 167.206676
v -43.201201 17435.303511 164.943622
v -56.476735 17410.121452 165.402884
v 855.811991 17435.303511 -77.989583
v 799.169377 17378.660896 -67.369093
v 799.742573 17371.951678 -67.533461
v 791.846522 17435.303511 -63.247542
v 794.396504 17432.432698 -63.958588
v 794.594474 17432.209820 -64.013791
v 795.190392 17425.234638 -64.450846
v 922.478658 17435.303511 -88.145833
v 989.145325 17435.303511 -94.656250
v 1055.811991 17435.303511 -113.927083
v 1079.059631 17391.884484 -123.352726
v 1122.478658 17435.303511 -143.875000
v 1115.666060 17428.490913 -140.654983
v 1119.144734 17390.851814 -142.138584
v 1119.616682 17386.491739 -142.342778
v 1078.726275 17395.786392 -123.294427
v 1075.350167 17435.303511 -122.703998
v 1115.036427 17435.303511 -140.531810
v 1189.145325 17435.303511 -161.583333
v 1255.811991 17435.303511 -164.708333
v 1322.478658 17435.303511 -164.708333
v 1389.145325 17435.303511 -164.447917
v 1402.343204 17381.834723 -164.290608
v 1397.754665 17418.803841 -164.417095
v 1396.229736 17435.303511 -164.475590
v 3455.811991 17435.303511 -719.395833
v 3422.155649 17401.647168 -708.089406
v 3420.720991 17389.280202 -707.393929
v 3426.060029 17435.303511 -711.376750
v 3522.478658 17435.303511 -731.114583
v 3589.145325 17435.303511 -734.500000
v 3655.811991 17435.303511 -735.802083
v 3722.478658 17435.303511 -738.145833
v 3742.833561 17388.991747 -741.173109
v 3745.889287 17415.332560 -742.537932
v 3748.206062 17435.303511 -743.572708
v -477.521342 17463.555752 206.985642
v -506.351107 17442.863453 207.421575
v -410.854675 17486.675370 205.680787
v -430.820973 17482.003880 205.785273
v -461.973316 17474.715204 206.507603
v -344.188009 17479.419830 204.405552
v -345.547647 17475.580400 204.621767
v -345.381224 17472.404525 204.780441
v -354.882021 17478.302492 204.629385
v -366.024725 17480.133461 204.710511
v -408.784446 17487.159739 205.605258
v -277.521342 17501.970177 199.354167
v -336.202366 17501.970177 202.792508
v -210.854675 17501.970177 191.541667
v -144.188009 17501.970177 181.385417
v -77.521342 17501.970177 171.229167
v -10.854675 17501.970177 160.552083
v -25.981156 17467.967823 162.561573
v -10.854675 17496.660899 160.469126
v -8.055718 17501.970177 159.939811
v 789.145325 17501.970177 -65.489583
v 759.215368 17472.040221 -56.721041
v 763.333771 17467.403653 -57.551414
v 789.145325 17438.344565 -62.755670
v 732.630270 17501.970177 -50.477772
v 855.811991 17501.970177 -80.854167
v 790.575859 17436.734045 -63.016162
v 922.478658 17501.970177 -89.187500
v 989.145325 17501.970177 -96.739583
v 1055.811991 17501.970177 -117.312500
v 1074.174095 17449.069352 -122.444549
v 1073.812325 17453.303845 -122.364740
v 1122.478658 17501.970177 -145.177083
v 1110.025880 17489.517400 -139.339844
v 1114.343340 17442.802682 -140.366931
v 1069.654562 17501.970177 -123.098262
v 1108.874972 17501.970177 -139.491168
v 1109.541946 17494.753551 -139.403472
v 1189.145325 17501.970177 -162.625000
v 1255.811991 17501.970177 -165.750000
v 1322.478658 17501.970177 -165.750000
v 1389.145325 17501.970177 -164.968750
v 1395.630375 17441.788561 -164.498581
v 1393.155096 17468.570975 -164.707819
v 1390.068280 17501.970177 -164.968750
v 3455.811991 17501.970177 -718.875000
v 3430.904382 17477.062568 -712.356212
v 3428.021023 17452.207581 -711.773236
v 3433.793845 17501.970177 -713.026430
v 3522.478658 17501.970177 -732.156250
v 3589.145325 17501.970177 -736.322917
v 3655.811991 17501.970177 -737.104167
v 3722.478658 17501.970177 -739.187500
v 3751.582294 17464.407147 -745.080684
v 3753.189318 17478.259939 -745.654948
v 3755.939878 17501.970177 -746.637850
v -277.521342 17568.636844 198.312500
v -331.823940 17514.334246 202.342771
v -289.462108 17568.636844 198.872223
v -290.761368 17567.666653 198.959655
v -327.313055 17527.072361 201.783015
v -210.854675 17568.636844 192.322917
v -144.188009 17568.636844 182.166667
v -77.521342 17568.636844 171.489583
v -10.854675 17568.636844 160.031250
v -4.934937 17507.889915 159.141521
v 4.514424 17525.814193 156.823705
v 27.089765 17568.636844 151.286242
v 722.478658 17515.639628 -49.383139
v 722.478658 17568.636844 -55.593750
v 701.883742 17548.041928 -47.387963
v 717.263572 17522.704123 -48.744266
v 689.382805 17568.636844 -44.992735
v 789.145325 17568.636844 -73.041667
v 728.284015 17507.775535 -49.980936
v 732.271037 17502.374607 -50.428165
v 855.811991 17568.636844 -83.979167
v 922.478658 17568.636844 -91.010417
v 989.145325 17568.636844 -103.510417
v 1055.811991 17550.338832 -123.358582
v 1048.702925 17561.527778 -122.563387
v 1044.186073 17568.636844 -121.785665
v 1066.931682 17513.089868 -122.785473
v 1069.621915 17502.352312 -123.112978
v 1122.478658 17568.636844 -150.125000
v 1104.385701 17550.543887 -141.219872
v 1104.740551 17546.704419 -141.083228
v 1058.762743 17545.694649 -123.861538
v 1102.713516 17568.636844 -142.867487
v 1189.145325 17568.636844 -163.927083
v 1255.811991 17568.636844 -166.791667
v 1322.478658 17568.636844 -166.531250
v 1389.145325 17511.956514 -165.046768
v 1388.353701 17520.521844 -165.122962
v 1384.350016 17563.841535 -165.508315
v 1383.906825 17568.636844 -165.571435
v 1389.990196 17502.815048 -164.985251
v 3455.811991 17568.636844 -718.875000
v 3439.653114 17552.477967 -714.582798
v 3435.321055 17515.134961 -713.432095
v 3441.527661 17568.636844 -714.522743
v 3522.478658 17568.636844 -733.197917
v 3589.145325 17568.636844 -737.885417
v 3655.811991 17568.636844 -738.666667
v 3722.478658 17568.636844 -740.750000
v 3760.331027 17539.822546 -747.911288
v 3760.489350 17541.187318 -747.976053
v 3763.673694 17568.636844 -749.278660
v -277.521342 17591.238854 198.047633
v -289.420237 17568.668111 198.869894
v -210.854675 17635.303511 192.583333
v -254.291237 17635.303511 195.807141
v -273.669750 17598.544852 197.676155
v -144.188009 17635.303511 182.687500
v -77.521342 17635.303511 170.708333
v -10.854675 17635.303511 157.947917
v 55.811991 17635.303511 143.364583
v 35.010003 17583.660564 149.167443
v 55.811991 17623.119382 143.602555
v 62.235248 17635.303511 141.733678
v 655.811991 17635.303511 -38.666667
v 651.521190 17631.012710 -37.007333
v 652.984714 17628.601599 -37.316005
v 655.811991 17623.943744 -37.912307
v 648.916711 17635.303511 -36.188675
v 722.478658 17635.303511 -64.447917
v 676.702466 17589.527319 -43.705580
v 685.124143 17575.652861 -44.560447
v 789.145325 17635.303511 -77.468750
v 855.811991 17635.303511 -83.458333
v 922.478658 17635.303511 -96.218750
v 989.145325 17634.807981 -114.883581
v 988.912224 17635.070410 -114.884979
v 988.705173 17635.303511 -114.844957
v 1020.272715 17599.764234 -118.709338
v 1034.800890 17583.408167 -120.977510
v 1003.738157 17618.379122 -116.677134
v 1122.478658 17635.303511 -156.114583
v 1098.715946 17611.540799 -145.254281
v 1099.954959 17598.484309 -144.536187
v 1096.460953 17635.303511 -148.288945
v 1189.145325 17635.303511 -166.270833
v 1255.811991 17635.303511 -167.572917
v 1322.478658 17635.303511 -167.572917
v 1378.709218 17624.867404 -166.750901
v 1383.552307 17572.472712 -165.651894
v 1378.750912 17624.423581 -166.741581
v 1378.718889 17624.765498 -166.748759
v 1377.718870 17635.303511 -166.925570
v 3455.811991 17635.303511 -718.354167
v 3448.401847 17627.893367 -716.154280
v 3442.621087 17578.062340 -714.782260
v 3449.261478 17635.303511 -716.435071
v 3522.478658 17635.303511 -733.979167
v 3589.145325 17635.303511 -739.187500
v 3655.811991 17635.303511 -739.968750
v 3722.478658 17635.303511 -741.531250
v 3767.789382 17604.114698 -749.299224
v 3769.079760 17615.237946 -749.305671
v 3771.407511 17635.303511 -749.940897
v -210.854675 17701.970177 192.583333
v -228.390140 17684.434713 193.884794
v -243.174170 17656.391222 194.982046
v -219.145754 17701.970177 193.198687
v -144.188009 17701.970177 183.729167
v -77.521342 17701.970177 170.968750
v -10.854675 17701.970177 157.427083
v 55.811991 17701.970177 143.104167
v 68.029700 17647.521219 140.357882
v 65.505582 17641.506934 140.951784
v 75.006437 17664.144885 138.603267
v 87.104890 17701.970177 135.525418
v 655.811991 17701.970177 -42.833333
v 626.339914 17672.498100 -30.399801
v 615.443232 17701.970177 -26.591215
v 620.845284 17681.550337 -28.365872
v 722.478658 17701.970177 -67.833333
v 789.145325 17701.970177 -75.385417
v 855.811991 17701.970177 -83.197917
v 922.478658 17701.970177 -104.552083
v 957.551732 17670.376585 -110.878199
v 950.037508 17678.836227 -109.734221
v 935.995399 17701.970177 -108.512066
v 1122.478658 17701.970177 -158.458333
v 1092.937846 17672.429366 -148.534467
v 1094.815640 17652.641512 -148.403605
v 1090.134532 17701.970177 -149.866925
v 1189.145325 17701.970177 -167.312500
v 1255.811991 17701.970177 -168.875000
v 1322.478658 17701.970177 -169.395833
v 1373.563349 17679.093640 -168.513765
v 1372.931118 17685.755971 -168.755396
v 1371.392450 17701.970177 -169.204764
v 1722.478658 17694.084430 -171.325148
v 1722.478658 17701.970177 -171.479167
v 1704.181363 17683.672883 -171.121798
v 1708.768477 17679.368333 -171.037724
v 1687.326554 17701.970177 -171.204541
v 1689.273331 17697.662587 -171.169270
v 1729.825377 17701.970177 -171.479167
v 3455.811991 17691.769930 -718.795311
v 3522.478658 17701.970177 -735.020833
v 3456.995294 17701.970177 -719.161581
v 3589.145325 17701.970177 -740.750000
v 3655.811991 17701.970177 -741.010417
v 3722.478658 17701.970177 -742.833333
v 3777.828492 17690.653345 -751.693134
v 3779.141327 17701.970177 -752.129552
v -210.854675 17717.697336 192.460465
v -212.678591 17714.237592 192.622863
v -144.188009 17768.636844 185.291667
v -185.545662 17768.636844 189.492053
v -187.929741 17761.183123 189.792419
v -77.521342 17768.636844 174.093750
v -10.854675 17768.636844 159.770833
v 55.811991 17768.636844 144.406250
v 92.266554 17718.107898 134.401403
v 101.820870 17747.979056 132.320836
v 108.428282 17768.636844 131.046645
v 655.811991 17768.636844 -46.739583
v 609.941595 17722.766448 -25.596197
v 600.876288 17768.636844 -25.280324
v 600.579617 17758.154867 -24.427423
v 722.478658 17768.636844 -65.750000
v 789.145325 17768.636844 -71.739583
v 855.811991 17768.636844 -84.760417
v 922.478658 17724.238599 -106.639748
v 905.708591 17751.866777 -103.858227
v 895.529304 17768.636844 -100.274992
v 930.889867 17710.381386 -107.640574
v 924.480726 17720.940252 -106.877968
v 1122.478658 17768.636844 -159.500000
v 1087.159746 17733.317932 -149.566556
v 1089.660101 17706.969655 -149.819021
v 1083.808112 17768.636844 -149.228136
v 1084.504561 17761.297797 -149.298458
v 1189.145325 17768.636844 -168.354167
v 1255.811991 17768.636844 -169.916667
v 1322.478658 17768.636844 -170.697917
v 1368.407809 17733.421782 -169.830712
v 1367.419656 17743.834754 -170.037950
v 1389.145325 17754.184754 -170.155233
v 1389.145325 17768.636844 -170.437500
v 1405.305024 17768.636844 -170.311252
v 1394.638410 17756.801632 -170.163429
v 1722.478658 17768.636844 -172.520833
v 1677.517117 17723.675303 -171.467047
v 1666.103128 17768.636844 -171.639966
v 1666.776721 17747.440342 -171.484893
v 1789.145325 17768.636844 -173.302083
v 1731.036421 17703.270075 -171.514711
v 1769.522099 17744.579448 -172.644264
v 1771.512295 17746.671971 -172.701481
v 1789.145325 17764.832797 -173.198066
v 1792.838817 17768.636844 -173.287656
v 3522.478658 17768.636844 -734.760417
v 3457.150580 17703.308766 -719.193961
v 3464.729110 17768.636844 -720.323030
v 3464.521183 17766.844478 -720.292052
v 3457.221151 17703.917098 -719.204474
v 3589.145325 17768.636844 -741.791667
v 3655.811991 17768.636844 -742.312500
v 3722.478658 17768.636844 -743.614583
v 3782.389446 17729.969456 -751.568725
v 3786.577225 17766.068744 -750.845654
v 3786.875143 17768.636844 -750.909498
v -144.188009 17835.303511 184.770833
v -173.643698 17805.847822 187.992549
v -174.423749 17803.409026 188.090826
v -164.222270 17835.303511 186.414269
v -77.521342 17835.303511 176.177083
v -10.854675 17835.303511 161.593750
v 55.811991 17835.303511 144.927083
v 122.478658 17835.303511 128.520833
v 109.526671 17772.070912 130.821414
v 122.478658 17812.564740 128.165540
v 129.751674 17835.303511 126.446887
v 655.811991 17835.303511 -48.041667
v 601.217981 17780.709500 -25.649592
v 602.763155 17835.303511 -28.977241
v 602.203841 17815.541844 -27.772715
v 722.478658 17835.303511 -62.885417
v 789.145325 17835.303511 -68.093750
v 855.811991 17835.303511 -85.281250
v 892.341297 17773.888990 -99.296387
v 881.636225 17791.525272 -96.010311
v 881.721738 17794.546590 -96.197141
v 882.091759 17807.620175 -96.459717
v 882.875281 17835.303511 -97.015723
v 1122.478658 17835.303511 -156.635417
v 1081.381646 17794.206499 -147.484910
v 1077.481692 17835.303511 -146.968100
v 1079.349021 17815.625939 -147.215553
v 1189.145325 17835.303511 -167.312500
v 1255.811991 17835.303511 -171.218750
v 1322.478658 17835.303511 -172.000000
v 1389.145325 17835.303511 -171.479167
v 1438.530016 17818.021535 -170.823318
v 1431.209062 17797.378839 -170.557971
v 1444.659086 17835.303511 -171.045465
v 1722.478658 17835.303511 -173.562500
v 1665.786163 17778.611016 -171.790860
v 1677.598272 17835.303511 -172.685930
v 1665.041686 17802.038071 -172.050855
v 1789.145325 17835.303511 -174.604167
v 1831.213921 17810.705441 -174.288066
v 1797.849280 17773.797282 -173.409189
v 1819.543942 17796.141314 -173.935414
v 1850.923924 17835.303511 -174.845489
v 3522.478658 17835.303511 -736.062500
v 3465.899313 17778.724165 -720.812598
v 3472.612299 17835.303511 -721.842796
v 3471.821215 17829.771857 -721.703646
v 3589.145325 17835.303511 -743.354167
v 3655.811991 17835.303511 -743.614583
v 3722.478658 17835.303511 -744.135417
v 3789.145325 17835.303511 -749.604167
v 3789.145325 17788.206152 -750.708011
v 3789.199730 17788.675137 -750.709345
v 3797.136797 17835.303511 -751.414735
vt -11.054273 47.176518
vt -11.054273 47.509851
vt -11.216802 47.347322
vt -11.132695 47.236550
vt -11.087113 47.176518
vt -11.340207 47.509851
vt -10.720940 47.176518
vt -10.720940 47.509851
vt -10.387607 47.176518
vt -10.387607 47.509851
vt -10.054273 47.176518
vt -10.054273 47.509851
vt -9.720940 47.176518
vt -9.720940 47.509851
vt -9.387607 47.176518
vt -9.387607 47.253326
vt -9.436223 47.317356
vt -9.498319 47.399138
vt -9.582381 47.509851
vt -9.354457 47.209667
vt -9.329288 47.176518
vt -2.779184 47.176518
vt -2.720940 47.176518
vt -2.720940 47.217287
vt -2.387607 47.176518
vt -2.387607 47.509851
vt -2.492884 47.509851
vt -2.529179 47.416560
vt -2.718078 47.219291
vt -2.054273 47.176518
vt -2.054273 47.509851
vt -1.927814 47.302977
vt -1.878363 47.176518
vt -1.947886 47.354306
vt -2.034477 47.509851
vt 3.612393 47.176518
vt 3.612393 47.509851
vt 3.415986 47.313443
vt 3.420317 47.240473
vt 3.424114 47.176518
vt 3.380006 47.509851
vt 3.408370 47.441745
vt 3.945727 47.176518
vt 3.945727 47.509851
vt 4.279060 47.176518
vt 4.279060 47.509851
vt 4.612393 47.176518
vt 4.612393 47.509851
vt 4.814576 47.378701
vt 4.826578 47.176518
vt 4.806791 47.509851
vt 22.945727 47.176518
vt 22.945727 47.509851
vt 22.740362 47.304486
vt 22.741048 47.224829
vt 22.741465 47.176518
vt 22.738593 47.509851
vt 23.279060 47.176518
vt 23.279060 47.509851
vt 23.612393 47.176518
vt 23.612393 47.509851
vt 23.945727 47.176518
vt 23.945727 47.509851
vt 24.279060 47.176518
vt 24.279060 47.509851
vt 24.340990 47.238448
vt 24.341524 47.176518
vt 24.340989 47.238611
vt 24.338652 47.509851
vt -11.504526 47.726265
vt -11.387607 47.572279
vt -11.387607 47.778351
vt -11.437256 47.793535
vt -11.520334 47.747085
vt -11.488023 47.809061
vt -11.529410 47.843184
vt -11.593300 47.843184
vt -11.054273 47.745785
vt -11.162040 47.735418
vt -11.360664 47.536794
vt -11.226837 47.729184
vt -10.720940 47.843184
vt -10.789719 47.843184
vt -10.954966 47.755339
vt -10.387607 47.843184
vt -10.054273 47.843184
vt -9.720940 47.692339
vt -9.786043 47.778081
vt -9.823862 47.827890
vt -9.835474 47.843184
vt -9.642181 47.588610
vt -2.387607 47.843184
vt -2.432897 47.797893
vt -2.430150 47.671101
vt -2.433879 47.843184
vt -2.054273 47.538667
vt -2.184730 47.712728
vt -2.212905 47.750319
vt -2.282506 47.843184
vt -2.041928 47.522196
vt -2.039677 47.519192
vt 3.279060 47.752237
vt 3.279060 47.843184
vt 3.252320 47.816444
vt 3.241184 47.843184
vt 3.612393 47.843184
vt 3.350326 47.581117
vt 3.339727 47.606567
vt 3.945727 47.843184
vt 4.279060 47.843184
vt 4.612393 47.843184
vt 4.788876 47.686333
vt 4.798889 47.642973
vt 4.752653 47.843184
vt 22.945727 47.843184
vt 22.737515 47.634973
vt 22.738375 47.535167
vt 22.735722 47.843184
vt 23.279060 47.843184
vt 23.612393 47.843184
vt 23.945727 47.843184
vt 24.279060 47.843184
vt 24.338144 47.568934
vt 24.335781 47.843184
vt -11.792371 48.105086
vt -11.720940 48.011266
vt -11.720940 48.024534
vt -11.773692 48.123766
vt -11.846756 48.176518
vt -11.801734 48.176518
vt -11.648388 47.915737
vt -11.634388 47.929736
vt -11.698759 47.982809
vt -11.713874 48.001985
vt -10.720940 47.879747
vt -10.387607 48.150007
vt -10.479580 48.074875
vt -10.532388 48.031736
vt -10.713799 47.883543
vt -10.054273 48.131351
vt -10.073767 48.157024
vt -10.088567 48.176518
vt -10.355154 48.176518
vt -9.929905 47.967553
vt -4.054273 47.992878
vt -4.054273 48.176518
vt -4.185679 48.045112
vt -4.142430 47.985268
vt -4.133434 47.973098
vt -4.115817 47.949799
vt -4.280643 48.176518
vt -3.791927 48.176518
vt -2.387607 47.983414
vt -2.470333 48.093791
vt -2.492242 48.071882
vt -2.436067 47.944163
vt -2.538265 48.176518
vt -2.532336 48.176518
vt -2.327532 47.903259
vt -2.386132 47.981446
vt 3.279060 48.176518
vt 3.154314 48.051772
vt 3.225534 47.880760
vt 3.102362 48.176518
vt 3.612393 48.176518
vt 3.945727 48.176518
vt 4.279060 48.176518
vt 4.612393 48.176518
vt 4.715007 47.945798
vt 4.746319 47.870614
vt 4.632126 48.144807
vt 4.618920 48.176518
vt 22.945727 48.176518
vt 22.734668 47.965459
vt 22.735702 47.845504
vt 22.732850 48.176518
vt 23.279060 48.176518
vt 23.612393 48.176518
vt 23.945727 48.176518
vt 24.279060 48.176518
vt 24.335642 47.859286
vt 24.335297 47.899421
vt 24.332969 48.169624
vt 24.332910 48.176518
vt -12.054273 48.449080
vt -12.054273 48.509851
vt -12.080542 48.483582
vt -12.100542 48.509851
vt -11.910698 48.260502
vt -11.826963 48.223976
vt -11.842747 48.388044
vt -11.936457 48.294334
vt -11.853118 48.495847
vt -11.848835 48.509851
vt -10.245361 48.266206
vt -10.190619 48.310924
vt -4.387607 48.324528
vt -4.387607 48.509851
vt -4.465352 48.432106
vt -4.521536 48.509851
vt -4.054273 48.509851
vt -4.325515 48.238609
vt -4.323357 48.235622
vt -3.720940 48.509851
vt -3.782481 48.183130
vt -3.720940 48.226208
vt -3.387607 48.509851
vt -3.555313 48.342144
vt -3.520916 48.366222
vt -3.387607 48.424856
vt -3.054273 48.480881
vt -3.054273 48.509851
vt -3.083885 48.480239
vt -3.270904 48.476186
vt -2.743300 48.383075
vt -2.720940 48.361663
vt -2.720940 48.426280
vt -2.756922 48.473869
vt -2.818471 48.412320
vt -2.997842 48.482104
vt -2.784129 48.509851
vt -2.546031 48.194175
vt -2.559360 48.212574
vt -2.561141 48.214940
vt -2.613401 48.284056
vt -2.626361 48.271097
vt -2.713002 48.415782
vt 3.279060 48.509851
vt 3.056308 48.287099
vt 2.963539 48.509851
vt 3.612393 48.509851
vt 3.945727 48.509851
vt 4.279060 48.509851
vt 4.612393 48.192190
vt 4.518995 48.416453
vt 4.517934 48.419001
vt 4.480098 48.509851
vt 4.617001 48.181125
vt 22.945727 48.509851
vt 22.731822 48.295946
vt 22.729979 48.509851
vt 22.730355 48.466180
vt 23.279060 48.509851
vt 23.612393 48.509851
vt 23.945727 48.509851
vt 24.279060 48.509851
vt 24.332450 48.229907
vt 24.330296 48.479962
vt 24.330038 48.509851
vt -12.054273 48.843184
vt -12.224628 48.672830
vt -12.107801 48.519385
vt -12.354328 48.843184
vt -12.304904 48.778269
vt -11.773241 48.757033
vt -11.720940 48.820468
vt -11.720940 48.843184
vt -11.702211 48.843184
vt -4.720940 48.785774
vt -4.720940 48.843184
vt -4.745024 48.819100
vt -4.762429 48.843184
vt -4.387607 48.843184
vt -4.605188 48.625603
vt -4.685209 48.736331
vt -4.054273 48.843184
vt -3.720940 48.843184
vt -3.387607 48.843184
vt -3.054273 48.843184
vt -2.864862 48.616624
vt -2.900443 48.663681
vt -3.012159 48.811429
vt -3.035107 48.843184
vt 2.945727 48.843184
vt 2.828466 48.725923
vt 2.921544 48.610689
vt 2.945727 48.552622
vt 2.733750 48.843184
vt 3.279060 48.843184
vt 2.958302 48.522426
vt 3.612393 48.843184
vt 3.945727 48.843184
vt 4.279060 48.843184
vt 4.420989 48.651780
vt 4.403742 48.693194
vt 4.341276 48.843184
vt 22.945727 48.843184
vt 22.728975 48.626432
vt 22.727108 48.843184
vt 22.727682 48.776517
vt 23.279060 48.843184
vt 23.612393 48.843184
vt 23.945727 48.843184
vt 24.279060 48.843184
vt 24.329603 48.560394
vt 24.327623 48.790299
vt 24.327167 48.843184
vt -12.387607 49.176518
vt -12.512798 49.051326
vt -12.502007 49.037152
vt -12.387607 48.886894
vt -12.608114 49.176518
vt -12.054273 49.176518
vt -12.368713 48.862078
vt -11.720940 49.176518
vt -11.614234 48.949890
vt -11.387607 49.140857
vt -11.387607 49.176518
vt -11.582356 48.981769
vt -11.599493 48.967769
vt -11.365275 49.159100
vt -11.343953 49.176518
vt -4.720940 49.176518
vt -4.884861 49.012597
vt -4.866135 48.986686
vt -5.003323 49.176518
vt -4.387607 49.176518
vt -4.054273 49.176518
vt -3.720940 49.176518
vt -3.387607 49.176518
vt -3.054273 48.869705
vt -3.182984 49.047807
vt -3.188652 49.055650
vt -3.276001 49.176518
vt -3.043148 48.854310
vt 2.612393 48.993428
vt 2.612393 49.176518
vt 2.530585 49.094710
vt 2.464506 49.176518
vt 2.945727 49.176518
vt 2.679525 48.910316
vt 3.279060 49.176518
vt 3.612393 49.176518
vt 3.945727 49.176518
vt 4.279060 48.992575
vt 4.224978 49.122435
vt 4.202454 49.176518
vt 4.322983 48.887108
vt 4.289549 48.967388
vt 22.945727 49.176518
vt 22.726128 48.956919
vt 22.724236 49.176518
vt 23.279060 49.176518
vt 23.612393 49.176518
vt 23.945727 49.176518
vt 24.279060 49.176518
vt 24.326756 48.890880
vt 24.324949 49.100637
vt 24.324296 49.176518
vt -12.720940 49.324708
vt -12.720940 49.509851
vt -12.800969 49.429822
vt -12.861900 49.509851
vt -12.387607 49.509851
vt -12.656884 49.240574
vt -12.699110 49.296036
vt -12.054273 49.509851
vt -11.720940 49.509851
vt -11.387607 49.509851
vt -11.081548 49.482576
vt -11.131056 49.350432
vt -11.054273 49.413154
vt -11.054273 49.446753
vt -11.102313 49.509851
vt -11.038502 49.426038
vt -5.054273 49.247020
vt -5.054273 49.509851
vt -5.164533 49.399591
vt -5.243571 49.509851
vt -5.241372 49.506584
vt -5.227987 49.487395
vt -4.720940 49.509851
vt -5.024697 49.206094
vt -5.047061 49.237040
vt -4.387607 49.509851
vt -4.054273 49.509851
vt -3.720940 49.509851
vt -3.387607 49.330951
vt -3.462657 49.434801
vt -3.516894 49.509851
vt -3.322820 49.241304
vt -3.369578 49.306005
vt 2.279060 49.509851
vt 2.226806 49.457597
vt 2.249841 49.442280
vt 2.279060 49.406107
vt 2.148217 49.509851
vt 2.612393 49.509851
vt 2.381645 49.279103
vt 2.382903 49.277545
vt 2.945727 49.509851
vt 3.279060 49.509851
vt 3.612393 49.509851
vt 3.945727 49.509851
vt 4.113941 49.344732
vt 4.175357 49.241582
vt 4.073706 49.412310
vt 3.994919 49.509851
vt 22.945727 49.509851
vt 22.723281 49.287405
vt 22.721365 49.509851
vt 23.279060 49.509851
vt 23.612393 49.509851
vt 23.945727 49.509851
vt 24.279060 49.509851
vt 24.323909 49.221367
vt 24.322276 49.410975
vt 24.321424 49.509851
vt -13.054273 49.784971
vt -13.054273 49.843184
vt -13.077878 49.819580
vt -13.093978 49.843184
vt -13.085442 49.830669
vt -12.720940 49.843184
vt -12.942715 49.621409
vt -12.917560 49.584528
vt -12.896214 49.554919
vt -12.387607 49.843184
vt -12.054273 49.843184
vt -11.720940 49.843184
vt -11.387607 49.843184
vt -11.225633 49.671824
vt -11.356099 49.843184
vt -5.387607 49.723877
vt -5.387607 49.843184
vt -5.435600 49.795191
vt -5.467898 49.843184
vt -5.054273 49.843184
vt -5.301512 49.595946
vt -4.720940 49.843184
vt -4.387607 49.843184
vt -4.054273 49.843184
vt -3.720940 49.792197
vt -3.731431 49.806714
vt -3.742329 49.821795
vt -3.757787 49.843184
vt -3.550505 49.556359
vt -3.602493 49.628298
vt 1.945727 49.843184
vt 1.826383 49.723840
vt 1.875788 49.690991
vt 1.945727 49.644488
vt 1.646892 49.843184
vt 2.279060 49.843184
vt 2.026594 49.590718
vt 2.107546 49.536893
vt 2.612393 49.843184
vt 2.945727 49.843184
vt 3.279060 49.843184
vt 3.612393 49.843184
vt 3.945727 49.570753
vt 3.873137 49.660621
vt 3.823999 49.721456
vt 3.725675 49.843184
vt 3.972939 49.537063
vt 22.945727 49.843184
vt 22.720434 49.617892
vt 22.718493 49.843184
vt 22.719662 49.707530
vt 23.279060 49.843184
vt 23.612393 49.843184
vt 23.945727 49.843184
vt 24.279060 49.843184
vt 24.321062 49.551853
vt 24.319603 49.721312
vt 24.318553 49.843184
vt -13.054273 50.176518
vt -13.213041 50.017750
vt -13.321329 50.176518
vt -13.253323 50.076809
vt -12.720940 50.176518
vt -12.387607 50.176518
vt -12.054273 50.176518
vt -11.720940 50.176518
vt -11.387607 49.884567
vt -11.388110 49.885228
vt -11.513804 50.050320
vt -11.585213 50.144111
vt -11.609886 50.176518
vt -11.369719 49.861072
vt -5.387607 50.176518
vt -5.569688 49.994436
vt -5.555506 49.973363
vt -5.692225 50.176518
vt -5.054273 50.176518
vt -4.720940 50.176518
vt -4.387607 50.176518
vt -4.054273 50.176518
vt -3.882166 50.015292
vt -3.912357 50.057068
vt -3.998680 50.176518
vt 0.945727 50.130654
vt 0.945727 50.176518
vt 0.911399 50.142190
vt 0.809248 50.176518
vt 1.279060 50.018637
vt 1.279060 50.176518
vt 1.160890 50.058348
vt 1.036264 50.100229
vt 1.612393 50.176518
vt 1.410382 49.974506
vt 1.489246 49.948004
vt 1.612393 49.866123
vt 1.306566 50.009394
vt 1.945727 50.176518
vt 1.626171 49.856962
vt 1.644029 49.845088
vt 2.279060 50.176518
vt 2.612393 50.176518
vt 2.945727 50.176518
vt 3.279060 50.176518
vt 3.612393 49.983431
vt 3.526118 50.090243
vt 3.472000 50.157243
vt 3.456431 50.176518
vt 3.675058 49.905849
vt 22.945727 50.176518
vt 22.717587 49.948378
vt 22.723776 50.176518
vt 22.718041 50.066351
vt 22.716989 50.017868
vt 23.279060 50.176518
vt 23.612393 50.176518
vt 23.945727 50.176518
vt 24.279060 50.176518
vt 24.318215 49.882340
vt 24.317138 50.007392
vt 24.325943 50.176518
vt -13.387607 50.273691
vt -13.387607 50.509851
vt -13.483367 50.414091
vt -13.548680 50.509851
vt -13.054273 50.509851
vt -13.348204 50.215920
vt -12.720940 50.509851
vt -12.387607 50.509851
vt -12.054273 50.509851
vt -11.720940 50.322381
vt -11.771256 50.388469
vt -11.800073 50.430718
vt -11.854046 50.509851
vt -11.657890 50.239568
vt -5.720940 50.219186
vt -5.720940 50.509851
vt -5.837864 50.392927
vt -5.916552 50.509851
vt -5.387607 50.509851
vt -5.703776 50.193682
vt -5.712573 50.206753
vt -5.054273 50.509851
vt -4.720940 50.509851
vt -4.387607 50.509851
vt -4.054273 50.253444
vt -4.086430 50.297940
vt -4.158739 50.405385
vt -4.229042 50.509851
vt -4.022002 50.208789
vt -0.387607 50.456935
vt -0.387607 50.509851
vt -0.437784 50.459674
vt -0.709969 50.509851
vt -0.529848 50.464699
vt -0.054273 50.509851
vt -0.121702 50.442423
vt -0.083358 50.440330
vt -0.054273 50.438742
vt -0.306603 50.452514
vt 0.279060 50.509851
vt 0.162924 50.393715
vt 0.225356 50.372735
vt 0.279060 50.354687
vt 0.045067 50.433321
vt 0.612393 50.242671
vt 0.612393 50.509851
vt 0.412416 50.309873
vt 0.945727 50.509851
vt 0.661907 50.226031
vt 0.765961 50.191064
vt 1.279060 50.509851
vt 1.612393 50.509851
vt 1.945727 50.509851
vt 2.279060 50.509851
vt 2.612393 50.509851
vt 2.945727 50.509851
vt 3.279060 50.396109
vt 3.271431 50.405554
vt 3.220856 50.451647
vt 3.156993 50.509851
vt 3.377178 50.274636
vt 22.945727 50.509851
vt 22.729893 50.294018
vt 22.741130 50.509851
vt 23.279060 50.509851
vt 23.612393 50.509851
vt 23.945727 50.509851
vt 24.279060 50.509851
vt 24.328518 50.225975
vt 24.332198 50.296672
vt 24.343297 50.509851
vt -13.720940 50.762411
vt -13.720940 50.843184
vt -13.753693 50.810432
vt -13.776031 50.843184
vt -13.756966 50.815231
vt -13.387607 50.843184
vt -13.618530 50.612261
vt -13.589085 50.569091
vt -13.054273 50.843184
vt -12.720940 50.843184
vt -12.387607 50.843184
vt -12.054273 50.803417
vt -12.070399 50.827059
vt -12.081397 50.843184
vt -11.935236 50.628889
vt -6.054273 50.714495
vt -6.054273 50.843184
vt -6.106041 50.791417
vt -6.140879 50.843184
vt -5.720940 50.843184
vt -5.971952 50.592172
vt -5.387607 50.843184
vt -5.054273 50.843184
vt -4.720940 50.843184
vt -4.387607 50.745466
vt -4.394032 50.755013
vt -4.426915 50.803876
vt -4.453369 50.843184
vt -4.292827 50.604631
vt -1.387607 50.809336
vt -1.387607 50.843184
vt -1.410683 50.820107
vt -1.460123 50.843184
vt -1.054273 50.653748
vt -1.054273 50.843184
vt -1.183426 50.714032
vt -1.276270 50.757368
vt -0.720940 50.512601
vt -0.720940 50.843184
vt -0.956168 50.607956
vt -0.787770 50.529354
vt -1.032020 50.643361
vt -0.387607 50.843184
vt -0.718741 50.512050
vt -0.054273 50.843184
vt 0.279060 50.843184
vt 0.612393 50.843184
vt 0.945727 50.843184
vt 1.279060 50.843184
vt 1.612393 50.843184
vt 1.945727 50.843184
vt 2.279060 50.843184
vt 2.612393 50.843184
vt 2.945727 50.660806
vt 2.882704 50.702711
vt 2.836184 50.733642
vt 2.671435 50.843184
vt 3.036396 50.600520
vt 3.114462 50.548614
vt 22.945727 50.843184
vt 22.748200 50.645658
vt 22.758483 50.843184
vt 22.750684 50.693361
vt 23.279060 50.843184
vt 23.612393 50.843184
vt 23.945727 50.843184
vt 24.279060 50.843184
vt 24.346825 50.577615
vt 24.348520 50.610177
vt 24.360650 50.843184
vt -13.720940 51.176518
vt -13.888855 51.008602
vt -14.003383 51.176518
vt -13.387607 51.176518
vt -13.054273 51.176518
vt -12.720940 51.176518
vt -12.387607 51.176518
vt -12.205561 51.025229
vt -12.264612 51.111808
vt -12.308748 51.176518
vt -6.054273 51.167797
vt -6.086858 51.143933
vt -6.227200 51.003591
vt -6.183774 50.906923
vt -6.156259 51.093106
vt -6.239896 51.031852
vt -5.720940 51.176518
vt -6.042367 51.176518
vt -5.387607 51.176518
vt -5.054273 51.176518
vt -4.720940 51.176518
vt -4.551098 50.988403
vt -4.561003 51.003121
vt -4.677696 51.176518
vt -1.720940 50.964924
vt -1.720940 51.176518
vt -1.852649 51.044808
vt -1.764769 50.985382
vt -1.999803 51.176518
vt -1.947105 51.108680
vt -1.387607 51.176518
vt -1.637941 50.926183
vt -1.520519 50.871375
vt -1.054273 51.176518
vt -0.720940 51.176518
vt -0.387607 51.176518
vt -0.054273 51.176518
vt 0.279060 51.176518
vt 0.612393 51.176518
vt 0.945727 51.176518
vt 1.279060 51.176518
vt 1.612393 51.176518
vt 1.945727 51.176518
vt 2.279060 51.104076
vt 2.235549 51.133007
vt 2.187429 51.165002
vt 2.163921 51.176518
vt 2.612393 50.882441
vt 2.435761 50.999885
vt 2.419187 51.010905
vt 2.635973 50.866763
vt 22.945727 51.176518
vt 22.766507 50.997298
vt 22.775837 51.176518
vt 22.767005 51.006866
vt 23.279060 51.176518
vt 23.612393 51.176518
vt 23.945727 51.176518
vt 24.279060 51.176518
vt 24.365131 50.929255
vt 24.378004 51.176518
vt -14.054273 51.251131
vt -14.054273 51.509851
vt -14.159181 51.404943
vt -14.230734 51.509851
vt -13.720940 51.509851
vt -14.024018 51.206773
vt -13.387607 51.509851
vt -13.054273 51.509851
vt -12.720940 51.509851
vt -12.387607 51.292137
vt -12.432493 51.357948
vt -12.475887 51.421570
vt -12.536099 51.509851
vt -12.340724 51.223400
vt -5.720940 51.411924
vt -5.387607 51.509851
vt -5.587229 51.509851
vt -5.666008 51.452155
vt -5.054273 51.509851
vt -4.720940 51.240775
vt -4.829180 51.401611
vt -4.902023 51.509851
vt -4.695091 51.202366
vt -2.054273 51.246635
vt -2.054273 51.509851
vt -2.152894 51.411231
vt -2.082138 51.282504
vt -2.207101 51.509851
vt -1.720940 51.509851
vt -2.023618 51.207173
vt -1.387607 51.509851
vt -1.054273 51.509851
vt -0.720940 51.509851
vt -0.387607 51.509851
vt -0.054273 51.509851
vt 0.279060 51.509851
vt 0.612393 51.509851
vt 0.945727 51.509851
vt 1.279060 51.495574
vt 1.268374 51.499165
vt 1.236575 51.509851
vt 1.612393 51.383557
vt 1.517866 51.415323
vt 1.482226 51.427300
vt 1.945727 51.271540
vt 1.767357 51.331481
vt 1.752529 51.336464
vt 2.016849 51.247640
vt 2.022831 51.245629
vt 22.945727 51.509851
vt 22.784813 51.348938
vt 22.783326 51.320371
vt 22.793191 51.509851
vt 23.279060 51.509851
vt 23.612393 51.509851
vt 23.945727 51.509851
vt 24.279060 51.509851
vt 24.383438 51.280895
vt 24.395357 51.509851
vt -14.387607 51.718555
vt -14.387607 51.843184
vt -14.441530 51.789261
vt -14.482655 51.843184
vt -14.054273 51.843184
vt -14.297306 51.600152
vt -14.250161 51.538334
vt -14.373151 51.699600
vt -13.720940 51.843184
vt -13.387607 51.843184
vt -13.054273 51.843184
vt -12.720940 51.780857
vt -12.725380 51.787367
vt -12.720940 51.790669
vt -12.720940 51.843184
vt -12.611050 51.619741
vt -12.650323 51.843184
vt -5.387607 51.667953
vt -5.420882 51.631679
vt -5.054273 51.843184
vt -5.232517 51.843184
vt -5.236249 51.832947
vt -4.955152 51.588798
vt -4.959284 51.604840
vt -5.002307 51.771891
vt -5.020669 51.843184
vt -2.387607 51.838247
vt -2.387607 51.843184
vt -2.389358 51.841433
vt -2.390321 51.843184
vt -2.054273 51.843184
vt -2.271126 51.626332
vt -2.208481 51.512361
vt -2.334824 51.742219
vt -1.720940 51.843184
vt -1.387607 51.843184
vt -1.054273 51.843184
vt -0.720940 51.843184
vt -0.387607 51.843184
vt -0.054273 51.840826
vt -0.056509 51.840948
vt -0.097479 51.843184
vt 0.279060 51.814014
vt 0.254581 51.818706
vt 0.216183 51.826065
vt 0.612393 51.719607
vt 0.519899 51.750690
vt 0.401016 51.790641
vt 0.945727 51.607591
vt 0.941621 51.608970
vt 0.769391 51.666848
vt 0.671319 51.699805
vt 1.211924 51.518135
vt 1.018882 51.583007
vt 22.945727 51.843184
vt 22.803120 51.700578
vt 22.799647 51.633876
vt 22.810544 51.843184
vt 23.279060 51.843184
vt 23.612393 51.843184
vt 23.945727 51.843184
vt 24.279060 51.843184
vt 24.397484 51.550692
vt 24.401744 51.632535
vt 24.412711 51.843184
vt -14.720940 52.155678
vt -14.720940 52.176518
vt -14.729956 52.167502
vt -14.736831 52.176518
vt -14.387607 52.176518
vt -14.585746 51.978378
vt -14.507386 51.875611
vt -14.689599 52.114576
vt -14.054273 52.176518
vt -13.720940 52.176518
vt -13.387607 52.176518
vt -13.054273 52.176518
vt -12.720940 52.176518
vt -12.387607 52.176518
vt -12.555198 51.913924
vt -12.387607 52.038554
vt -12.202085 52.176518
vt -5.054273 51.973664
vt -5.079457 52.071448
vt -5.095818 52.134973
vt -5.143525 52.087266
vt -5.142692 52.089550
vt -5.106518 52.176518
vt -5.146441 52.176518
vt -5.027551 51.869907
vt -2.387607 52.176518
vt -2.507590 52.056534
vt -2.461167 51.972076
vt -2.573540 52.176518
vt -2.054273 52.176518
vt -1.720940 52.176518
vt -1.387607 52.176518
vt -1.054273 52.176518
vt -0.720940 52.043159
vt -0.811860 52.085597
vt -0.928378 52.139984
vt -0.965411 52.157269
vt -0.975991 52.176518
vt -0.387607 51.887571
vt -0.439879 51.911970
vt -0.584603 51.979522
vt -0.230307 51.850434
vt -0.318336 51.855238
vt -0.357345 51.873446
vt 22.945727 52.176518
vt 22.821427 52.052218
vt 22.815969 51.947381
vt 22.827898 52.176518
vt 23.279060 52.176518
vt 23.612393 52.176518
vt 23.945727 52.176518
vt 24.279060 52.176518
vt 24.413805 51.864197
vt 24.420051 51.984175
vt 24.430065 52.176518
vt -14.720940 52.509851
vt -14.874165 52.356626
vt -14.871776 52.353492
vt -14.991002 52.509851
vt -14.387607 52.509851
vt -14.054273 52.509851
vt -13.720940 52.509851
vt -13.387607 52.509851
vt -13.054273 52.509851
vt -12.720940 52.509851
vt -12.387607 52.509851
vt -12.054273 52.509851
vt -12.082263 52.265624
vt -12.054273 52.289403
vt -11.821477 52.509851
vt -12.013157 52.324334
vt -6.615660 52.491960
vt -6.591232 52.509851
vt -6.617472 52.509851
vt -5.154455 52.362423
vt -5.156451 52.370397
vt -5.164040 52.400084
vt -5.169465 52.394659
vt -5.223102 52.509851
vt -5.192100 52.509851
vt -2.387607 52.509851
vt -2.611398 52.286059
vt -2.587510 52.201933
vt -2.673487 52.509851
vt -2.673169 52.503594
vt -2.054273 52.509851
vt -1.720940 52.509851
vt -1.387607 52.509851
vt -1.054273 52.318938
vt -1.107945 52.416583
vt -1.121989 52.442135
vt -1.159210 52.509851
vt -0.981602 52.186726
vt -1.003757 52.227034
vt 22.945727 52.509851
vt 22.839733 52.403858
vt 22.832290 52.260886
vt 22.845251 52.509851
vt 23.279060 52.509851
vt 23.612393 52.509851
vt 23.945727 52.509851
vt 24.279060 52.509851
vt 24.438358 52.335815
vt 24.445407 52.471213
vt 24.449364 52.509851
vt -15.054273 52.592829
vt -15.054273 52.843184
vt -15.162584 52.734873
vt -15.245173 52.843184
vt -14.720940 52.843184
vt -15.018375 52.545749
vt -15.053953 52.592408
vt -14.387607 52.843184
vt -14.054273 52.843184
vt -13.720940 52.843184
vt -13.387607 52.843184
vt -13.054273 52.843184
vt -12.720940 52.843184
vt -12.387607 52.843184
vt -12.054273 52.843184
vt -11.720940 52.843184
vt -11.802128 52.528578
vt -11.720940 52.607155
vt -11.591098 52.732821
vt -11.477069 52.843184
vt -6.626991 52.603800
vt -6.493216 52.581636
vt -6.387607 52.658981
vt -6.387607 52.843184
vt -6.651245 52.843184
vt -6.248090 52.761160
vt -6.071935 52.843184
vt -5.387607 52.718144
vt -5.387607 52.843184
vt -5.452822 52.777969
vt -5.604112 52.843184
vt -5.471014 52.794657
vt -5.269746 52.610024
vt -5.222258 52.627828
vt -5.226616 52.670841
vt -5.278971 52.618487
vt -5.244078 52.843184
vt -2.387607 52.843184
vt -2.675781 52.555010
vt -2.690423 52.843184
vt -2.054273 52.843184
vt -1.720940 52.843184
vt -1.387607 52.843184
vt -1.240222 52.657236
vt -1.283136 52.735311
vt -1.288161 52.834205
vt -1.288617 52.843184
vt 22.945727 52.843184
vt 22.867078 52.764535
vt 22.851692 52.614302
vt 22.848611 52.574391
vt 22.875132 52.843184
vt 23.279060 52.843184
vt 23.612393 52.843184
vt 23.945727 52.843184
vt 24.279060 52.843184
vt 24.468795 52.699586
vt 24.475398 52.764067
vt 24.483501 52.843184
vt -15.054273 53.176518
vt -15.306794 52.923997
vt -15.387607 53.176518
vt -15.387607 53.029979
vt -14.720940 53.176518
vt -14.387607 53.176518
vt -14.054273 53.176518
vt -13.720940 53.153125
vt -13.731060 53.166397
vt -13.738777 53.176518
vt -13.387607 53.039584
vt -13.390628 53.037337
vt -13.545073 52.922484
vt -13.576321 52.963465
vt -13.586851 52.977274
vt -13.054273 53.176518
vt -13.203470 53.176518
vt -12.720940 53.176518
vt -12.387607 53.176518
vt -12.054273 53.176518
vt -11.720940 53.176518
vt -11.477014 53.087111
vt -11.387607 52.929770
vt -11.387607 52.950826
vt -11.447868 53.042683
vt -11.535668 53.176518
vt -11.380069 52.937065
vt -11.379158 52.937947
vt -6.387607 53.176518
vt -6.657656 52.906468
vt -6.685017 53.176518
vt -6.054273 53.176518
vt -6.054273 52.851408
vt -5.720940 53.176518
vt -6.038884 52.858574
vt -6.000490 52.876451
vt -5.727617 52.888214
vt -5.720940 52.885780
vt -5.387607 53.176518
vt -5.689725 52.874399
vt -5.257282 52.973509
vt -5.273137 53.130005
vt -5.277850 53.176518
vt -2.387607 53.176518
vt -2.691899 52.872225
vt -2.707360 53.176518
vt -2.699546 53.022730
vt -2.054273 53.176518
vt -1.720940 53.176518
vt -1.387607 53.176518
vt -1.293404 52.937387
vt -1.301350 53.093773
vt -1.305554 53.176518
vt 22.945727 53.176518
vt 22.905110 53.135901
vt 22.883723 52.927073
vt 22.909269 53.176518
vt 23.279060 53.176518
vt 23.612393 53.176518
vt 23.945727 53.176518
vt 24.279060 53.176518
vt 24.506827 53.070951
vt 24.507430 53.076838
vt 24.517638 53.176518
vt -15.054273 53.509851
vt -15.387607 53.509851
vt -14.720940 53.509851
vt -14.387607 53.509851
vt -14.054273 53.509851
vt -13.875270 53.355521
vt -13.940675 53.441297
vt -13.992948 53.509851
vt -13.054273 53.287468
vt -13.154161 53.213187
vt -12.720940 53.509851
vt -12.801310 53.509851
vt -12.954152 53.361924
vt -12.387607 53.509851
vt -12.054273 53.509851
vt -11.720940 53.458931
vt -11.741112 53.489679
vt -11.754345 53.509851
vt -11.609063 53.288395
vt -11.627860 53.317048
vt -6.387607 53.509851
vt -6.688322 53.209136
vt -6.718789 53.509851
vt -6.694085 53.266015
vt -6.054273 53.509851
vt -5.720940 53.509851
vt -5.387607 53.509851
vt -5.287947 53.276177
vt -5.301215 53.407136
vt -5.311622 53.509851
vt -2.720940 53.443785
vt -2.720940 53.509851
vt -2.724135 53.506656
vt -2.724297 53.509851
vt -2.387607 53.509851
vt -2.708017 53.189441
vt -2.712735 53.282298
vt -2.054273 53.509851
vt -1.720940 53.509851
vt -1.387607 53.509851
vt -1.309522 53.254603
vt -1.314539 53.353341
vt -1.322491 53.509851
vt 22.945727 53.509851
vt 22.943142 53.507266
vt 22.915755 53.239844
vt 22.943407 53.509851
vt 23.279060 53.509851
vt 23.612393 53.509851
vt 23.945727 53.509851
vt 24.279060 53.509851
vt 24.544859 53.442317
vt 24.551775 53.509851
vt -15.054273 53.843184
vt -15.387607 53.843184
vt -14.720940 53.843184
vt -14.387607 53.843184
vt -14.054273 53.590276
vt -14.122852 53.680213
vt -14.163689 53.733769
vt -14.247119 53.843184
vt -14.019479 53.544645
vt -12.720940 53.587637
vt -12.775771 53.534569
vt -12.387607 53.843184
vt -12.456903 53.843184
vt -12.564742 53.738813
vt -12.054273 53.843184
vt -11.807853 53.591413
vt -11.855320 53.708804
vt -11.909658 53.843184
vt -10.280688 53.815812
vt -10.245764 53.843184
vt -10.298644 53.843184
vt -6.720940 53.843184
vt -6.775051 53.789074
vt -6.738879 53.708136
vt -6.720940 53.531080
vt -6.799233 53.843184
vt -6.387607 53.843184
vt -6.718987 53.511804
vt -6.054273 53.843184
vt -5.720940 53.843184
vt -5.387607 53.843184
vt -5.318612 53.578845
vt -5.345394 53.843184
vt -2.720940 53.667970
vt -2.721021 53.667346
vt -2.725924 53.541866
vt -2.387607 53.843184
vt -2.698235 53.843184
vt -2.054273 53.843184
vt -1.720940 53.843184
vt -1.387607 53.843184
vt -1.324528 53.549948
vt -1.321107 53.576351
vt -1.292368 53.798122
vt -1.286529 53.843184
vt 22.945727 53.532504
vt 23.279060 53.843184
vt 22.977544 53.843184
vt 22.947786 53.552615
vt 23.612393 53.843184
vt 23.945727 53.843184
vt 24.279060 53.843184
vt 24.571493 53.702380
vt 24.582891 53.813682
vt 24.585912 53.843184
vt -15.054273 54.176518
vt -15.387607 54.176518
vt -14.720940 54.176518
vt -14.387607 54.027427
vt -14.452108 54.112017
vt -14.483110 54.152675
vt -14.500573 54.176518
vt -14.307898 53.922893
vt -12.387607 53.910252
vt -12.054273 54.176518
vt -12.108742 54.176518
vt -12.142683 54.147300
vt -12.353712 53.943056
vt -11.910239 53.844623
vt -11.909025 53.988433
vt -11.907933 54.117740
vt -11.883003 54.176518
vt -10.387607 54.176518
vt -10.465936 54.098189
vt -10.457277 54.084989
vt -10.387607 53.978791
vt -10.517322 54.176518
vt -10.333887 53.896904
vt -10.201487 53.877886
vt -10.054273 53.993264
vt -10.054273 54.176518
vt -9.820457 54.176518
vt -6.720940 54.176518
vt -6.878007 54.019450
vt -6.827213 53.905793
vt -6.948202 54.176518
vt -6.387607 54.176518
vt -6.054273 54.176518
vt -5.720940 54.176518
vt -5.387607 54.074771
vt -5.409029 54.155096
vt -5.414723 54.176450
vt -5.414754 54.176518
vt -5.349278 53.881513
vt -5.357371 53.961399
vt -2.387607 54.176518
vt -2.694854 53.869270
vt -2.655039 54.176518
vt -2.054273 54.176518
vt -1.720940 54.176518
vt -1.387607 54.176518
vt -1.271480 53.959311
vt -1.252107 54.108815
vt -1.243333 54.176518
vt 23.279060 54.176518
vt 22.981174 53.878632
vt 22.979818 53.865386
vt 23.011681 54.176518
vt 23.612393 54.176518
vt 23.945727 54.176518
vt 24.279060 54.176518
vt 24.612393 54.176518
vt 24.603524 54.015151
vt 24.612393 54.101756
vt 24.620050 54.176518
vt -15.054273 54.509851
vt -15.387607 54.509851
vt -14.720940 54.477386
vt -14.734666 54.496125
vt -14.744719 54.509851
vt -14.593740 54.303718
vt -12.054273 54.220835
vt -12.080860 54.200520
vt -11.866419 54.364372
vt -11.801285 54.369184
vt -11.720940 54.448184
vt -11.720940 54.475531
vt -11.658222 54.509851
vt -11.676024 54.509851
vt -10.720940 54.444451
vt -10.720940 54.509851
vt -10.753364 54.477427
vt -10.785245 54.509851
vt -10.387607 54.509851
vt -10.597985 54.299473
vt -10.637269 54.359355
vt -10.054273 54.509851
vt -9.720940 54.509851
vt -9.762343 54.222064
vt -9.720940 54.254514
vt -9.413022 54.509851
vt -9.542771 54.394154
vt -9.502864 54.427910
vt -7.054273 54.413863
vt -7.054273 54.509851
vt -7.083921 54.480203
vt -7.097171 54.509851
vt -7.095863 54.506923
vt -6.720940 54.509851
vt -6.980964 54.249827
vt -6.961538 54.206358
vt -6.387607 54.509851
vt -6.054273 54.509851
vt -5.720940 54.509851
vt -5.509326 54.388132
vt -5.549048 54.477015
vt -5.563723 54.509851
vt -2.387607 54.509851
vt -2.645228 54.252230
vt -2.611844 54.509851
vt -2.054273 54.509851
vt -1.720940 54.509851
vt -1.387607 54.509851
vt -1.221854 54.342270
vt -1.211845 54.419508
vt -1.200138 54.509851
vt 23.279060 54.509851
vt 23.019206 54.249997
vt 23.011849 54.178157
vt 23.045818 54.509851
vt 23.612393 54.509851
vt 23.945727 54.509851
vt 24.279060 54.509851
vt 24.612393 54.509851
vt 24.620923 54.185048
vt 24.635555 54.327923
vt 24.654187 54.509851
vt -15.054273 54.843184
vt -15.387607 54.843184
vt -14.875592 54.688533
vt -14.988864 54.843184
vt -11.647560 54.531600
vt -11.606532 54.560676
vt -11.387607 54.649199
vt -11.387607 54.729441
vt -11.461645 54.673094
vt -11.646493 54.532413
vt -11.054273 54.843184
vt -11.235391 54.662067
vt -11.080205 54.660756
vt -11.054273 54.649757
vt -11.239386 54.843184
vt -11.280754 54.810762
vt -11.353322 54.663062
vt -10.720940 54.843184
vt -10.956034 54.608090
vt -10.828761 54.554108
vt -10.387607 54.843184
vt -10.054273 54.843184
vt -9.720940 54.843184
vt -9.387607 54.843184
vt -9.387607 54.533032
vt -9.054273 54.837052
vt -9.054273 54.843184
vt -9.124004 54.773453
vt -9.266385 54.643594
vt -9.047550 54.843184
vt -7.054273 54.843184
vt -7.186878 54.710579
vt -7.246140 54.843184
vt -7.230187 54.807488
vt -6.720940 54.843184
vt -6.387607 54.843184
vt -6.054273 54.843184
vt -5.720940 54.843184
vt -5.612283 54.618508
vt -5.683373 54.777580
vt -5.712692 54.843184
vt -2.387607 54.843184
vt -2.595602 54.635189
vt -2.600236 54.599425
vt -2.568648 54.843184
vt -2.054273 54.843184
vt -1.720940 54.843184
vt -1.387607 54.843184
vt -1.172228 54.725230
vt -1.171583 54.730201
vt -1.156942 54.843184
vt 23.279060 54.843184
vt 23.057238 54.621363
vt 23.079955 54.843184
vt 23.075912 54.803700
vt 23.612393 54.843184
vt 23.945727 54.843184
vt 24.279060 54.843184
vt 24.612393 54.843184
vt 24.658955 54.556413
vt 24.667587 54.640694
vt 24.688324 54.843184
vt -15.054273 54.932488
vt -15.157444 55.073347
vt -15.387607 55.176518
vt -15.233010 55.176518
vt -15.016518 54.880940
vt -11.054273 54.988266
vt -10.720940 55.176518
vt -10.814080 55.176518
vt -10.845525 55.151872
vt -10.387607 55.176518
vt -10.054273 55.176518
vt -9.720940 55.176518
vt -9.387607 55.176518
vt -9.054273 55.176518
vt -8.720940 55.176518
vt -9.029905 54.859278
vt -8.832876 55.038980
vt -8.720940 55.113471
vt -8.626201 55.176518
vt -7.387607 55.159729
vt -7.387607 55.176518
vt -7.392792 55.171332
vt -7.395109 55.176518
vt -7.054273 55.176518
vt -7.289835 54.940956
vt -7.364512 55.108053
vt -6.720940 55.176518
vt -6.387607 55.176518
vt -6.054273 55.176518
vt -5.720940 54.861640
vt -5.817698 55.078145
vt -5.818197 55.079261
vt -5.861661 55.176518
vt -5.715240 54.848885
vt -2.387607 55.176518
vt -2.545975 55.018149
vt -2.559975 54.910118
vt -2.525453 55.176518
vt -2.054273 55.176518
vt -1.720940 55.176518
vt -1.387607 55.176518
vt -1.151784 54.882993
vt -1.057959 55.027401
vt -1.054273 55.033074
vt -1.054273 55.176518
vt -0.961075 55.176518
vt 23.279060 55.176518
vt 23.095271 54.992728
vt 23.114093 55.176518
vt 23.612393 55.176518
vt 23.945727 55.176518
vt 24.279060 55.176518
vt 24.612393 55.176518
vt 24.696988 54.927778
vt 24.699618 54.953465
vt 24.722461 55.176518
vt -15.298370 55.265754
vt -15.387607 55.387590
vt -10.720940 55.249516
vt -10.387607 55.509851
vt -10.394146 55.509851
vt -10.426965 55.479918
vt -10.625953 55.323962
vt -10.054273 55.509851
vt -9.720940 55.509851
vt -9.387607 55.509851
vt -9.054273 55.509851
vt -8.720940 55.509851
vt -8.387607 55.509851
vt -8.429287 55.307558
vt -8.387607 55.335296
vt -8.205267 55.456638
vt -8.125305 55.509851
vt -7.720940 55.467904
vt -7.720940 55.509851
vt -7.744823 55.485968
vt -7.776400 55.509851
vt -7.387607 55.509851
vt -7.555034 55.342424
vt -7.544639 55.334562
vt -7.425456 55.244420
vt -7.054273 55.509851
vt -6.720940 55.509851
vt -6.387607 55.509851
vt -6.054273 55.509851
vt -5.921153 55.309637
vt -5.952022 55.378710
vt -6.010630 55.509851
vt -2.387607 55.509851
vt -2.428377 55.469081
vt -2.519713 55.220811
vt -2.413378 55.509851
vt -2.054273 55.509851
vt -1.720940 55.509851
vt -1.387607 55.509851
vt -1.054273 55.509851
vt -0.877386 55.305326
vt -0.788207 55.442584
vt -0.744502 55.509851
vt 12.612393 55.509851
vt 12.596395 55.493853
vt 12.608869 55.483945
vt 12.612393 55.481145
vt 12.576255 55.509851
vt 12.612761 55.509851
vt 12.615076 55.479015
vt 23.279060 55.509851
vt 23.133303 55.364094
vt 23.148230 55.509851
vt 23.139975 55.429242
vt 23.612393 55.509851
vt 23.945727 55.509851
vt 24.279060 55.509851
vt 24.612393 55.509851
vt 24.735020 55.299144
vt 24.756599 55.509851
vt -10.387607 55.515815
vt -10.054273 55.819836
vt -10.209808 55.677979
vt -10.319783 55.577675
vt -9.720940 55.843184
vt -10.028674 55.843184
vt -9.387607 55.843184
vt -9.054273 55.843184
vt -8.720940 55.843184
vt -8.387607 55.843184
vt -8.075220 55.822237
vt -8.054273 55.557121
vt -8.054273 55.817394
vt -8.165815 55.843184
vt -7.720940 55.824317
vt -7.743590 55.820534
vt -7.934613 55.629512
vt -7.939364 55.633106
vt -7.931866 55.789091
vt -7.983474 55.604236
vt -7.387607 55.843184
vt -7.647892 55.843184
vt -7.662470 55.834081
vt -7.054273 55.843184
vt -6.720940 55.843184
vt -6.387607 55.843184
vt -6.054273 55.607507
vt -6.086347 55.679275
vt -6.127067 55.770390
vt -6.159599 55.843184
vt -6.024110 55.540014
vt -2.387607 55.550548
vt -2.412503 55.512229
vt -2.054273 55.843184
vt -2.197475 55.843184
vt -2.231931 55.790153
vt -1.720940 55.843184
vt -1.387607 55.843184
vt -1.054273 55.843184
vt -0.720940 55.843184
vt -0.720940 55.546116
vt -0.537397 55.828613
vt -0.525444 55.843184
vt 12.279060 55.745918
vt 12.279060 55.843184
vt 12.224852 55.788976
vt 12.156608 55.843184
vt 12.612393 55.514750
vt 12.592159 55.784316
vt 12.589484 55.820275
vt 12.410624 55.641415
vt 12.362928 55.679300
vt 12.587781 55.843184
vt 12.612735 55.510193
vt 23.279060 55.843184
vt 23.171335 55.735459
vt 23.182367 55.843184
vt 23.612393 55.843184
vt 23.945727 55.843184
vt 24.279060 55.843184
vt 24.612393 55.843184
vt 24.763681 55.579007
vt 24.773052 55.670509
vt 24.790736 55.843184
vt -9.720940 56.121778
vt -9.736849 56.109347
vt -9.387607 56.176518
vt -9.650530 56.176518
vt -9.652946 56.174910
vt -9.054273 56.176518
vt -8.720940 56.176518
vt -8.387607 55.985979
vt -8.420276 56.009298
vt -8.485473 56.078651
vt -8.577476 56.176518
vt -8.197972 55.850619
vt -8.304286 55.926505
vt -7.387607 56.039249
vt -7.430798 55.978740
vt -7.054273 56.176518
vt -7.289626 56.176518
vt -6.720940 56.176518
vt -6.387607 56.176518
vt -6.234084 55.996707
vt -6.220672 55.979840
vt -6.377057 56.176518
vt -2.054273 56.063590
vt -1.720940 56.176518
vt -1.980902 56.176518
vt -2.051358 56.068077
vt -1.387607 56.176518
vt -1.054273 56.176518
vt -0.720940 56.176518
vt -0.387607 56.176518
vt -0.387607 56.011212
vt -0.252004 56.176518
vt 11.945727 56.076676
vt 11.945727 56.176518
vt 11.918953 56.149744
vt 11.940371 56.082994
vt 11.910363 56.176518
vt 12.279060 56.176518
vt 12.052852 55.950310
vt 12.116987 55.874656
vt 12.569484 56.089217
vt 12.566411 56.130536
vt 12.562992 56.176518
vt 23.279060 56.176518
vt 23.209907 56.107365
vt 23.204878 56.062616
vt 23.204037 56.054784
vt 23.217678 56.176518
vt 23.612393 56.176518
vt 23.945727 56.176518
vt 24.279060 56.176518
vt 24.612393 56.176518
vt 24.795311 55.887860
vt 24.812812 56.043603
vt 24.827748 56.176518
vt -9.387607 56.351487
vt -9.054273 56.509851
vt -9.149635 56.509851
vt -9.204905 56.473070
vt -8.720940 56.329125
vt -8.808512 56.422279
vt -8.872018 56.489833
vt -8.890837 56.509851
vt -8.646147 56.249565
vt -8.646993 56.250465
vt -7.054273 56.509851
vt -7.244762 56.319362
vt -7.272119 56.201044
vt -7.217722 56.509851
vt -7.210591 56.467150
vt -6.720940 56.509851
vt -6.387607 56.189785
vt -6.437495 56.252527
vt -6.555602 56.341855
vt -6.700121 56.451160
vt -6.706057 56.455649
vt -6.640497 56.509851
vt -6.381730 56.182394
vt -1.720940 56.509851
vt -1.844810 56.385981
vt -1.764329 56.509851
vt -1.387607 56.509851
vt -1.054273 56.509851
vt -0.720940 56.509851
vt -0.387607 56.509851
vt -0.054273 56.509851
vt -0.159820 56.288893
vt -0.054273 56.417558
vt 0.021436 56.509851
vt 11.945727 56.509851
vt 11.863930 56.428054
vt 11.856926 56.343061
vt 11.870670 56.509851
vt 12.279060 56.509851
vt 12.543338 56.440796
vt 12.538203 56.509851
vt 23.279060 56.509851
vt 23.252106 56.482897
vt 23.241586 56.389282
vt 23.255135 56.509851
vt 23.612393 56.509851
vt 23.945727 56.509851
vt 24.279060 56.509851
vt 24.612393 56.509851
vt 24.855011 56.419135
vt 24.865205 56.509851
vt -9.054273 56.573311
vt -8.970032 56.594093
vt -8.990434 56.615795
vt -7.054273 56.843184
vt -7.242034 56.655424
vt -7.322167 56.843184
vt -7.255581 56.736545
vt -6.720940 56.843184
vt -6.387607 56.843184
vt -6.545685 56.588235
vt -6.387607 56.718925
vt -6.237306 56.843184
vt -1.720940 56.576633
vt -1.387607 56.843184
vt -1.515906 56.843184
vt -1.644429 56.686509
vt -1.690213 56.623926
vt -1.054273 56.843184
vt -0.720940 56.843184
vt -0.387607 56.843184
vt -0.054273 56.843184
vt 0.279060 56.843184
vt 0.041282 56.534044
vt 0.231981 56.766513
vt 0.279060 56.818713
vt 0.301131 56.843184
vt 11.945727 56.744347
vt 11.879357 56.615265
vt 12.279060 56.843184
vt 11.996546 56.843184
vt 12.524207 56.698051
vt 12.520266 56.751056
vt 12.513414 56.843184
vt 23.279060 56.722763
vt 23.612393 56.843184
vt 23.292592 56.843184
vt 23.945727 56.843184
vt 24.279060 56.843184
vt 24.612393 56.843184
vt 24.868287 56.537279
vt 24.897210 56.794668
vt 24.902662 56.843184
vt -7.387607 57.176518
vt -7.495052 57.069073
vt -7.400240 56.968218
vt -7.387607 56.947986
vt -7.596059 57.176518
vt -7.054273 57.176518
vt -7.347322 56.883469
vt -6.720940 57.176518
vt -6.387607 57.176518
vt -6.054273 57.176518
vt -6.054273 56.994504
vt -5.882273 57.136703
vt -5.822680 57.176518
vt -1.387607 56.999586
vt -1.443327 56.931660
vt -1.054273 57.176518
vt -1.242466 57.176518
vt -0.720940 57.176518
vt -0.387607 57.176518
vt -0.054273 57.176518
vt 0.279060 57.176518
vt 0.504062 57.068186
vt 0.601767 57.176518
vt 12.279060 57.056110
vt 12.212586 57.034781
vt 12.004248 56.858165
vt 12.497193 57.061317
vt 12.493086 57.116542
vt 12.472654 57.118225
vt 23.612393 57.176518
vt 23.294305 56.858429
vt 23.330049 57.176518
vt 23.945727 57.176518
vt 24.279060 57.176518
vt 24.612393 57.176518
vt 24.904995 56.863945
vt 24.939409 57.170200
vt 24.940119 57.176518
vt -7.801586 57.395144
vt -7.720940 57.309358
vt -7.720940 57.447706
vt -7.387607 57.509851
vt -7.656571 57.240886
vt -7.626111 57.208485
vt -7.628106 57.509851
vt -7.637467 57.502112
vt -7.054273 57.509851
vt -6.720940 57.509851
vt -6.387607 57.509851
vt -6.054273 57.509851
vt -5.720940 57.509851
vt -5.720940 57.244490
vt -5.387607 57.467190
vt -5.387607 57.509851
vt -5.516141 57.381316
vt -5.672998 57.276520
vt -5.323753 57.509851
vt -1.054273 57.405932
vt -1.242225 57.176811
vt -0.720940 57.509851
vt -0.969027 57.509851
vt -1.041123 57.421962
vt -0.387607 57.509851
vt -0.054273 57.509851
vt 0.279060 57.509851
vt 0.612393 57.509851
vt 0.612393 57.188300
vt 0.651336 57.231478
vt 0.866507 57.470051
vt 0.902402 57.509851
vt 23.612393 57.509851
vt 23.336504 57.233962
vt 23.367506 57.509851
vt 23.351710 57.369281
vt 23.945727 57.509851
vt 24.279060 57.509851
vt 24.612393 57.509851
vt 24.945727 57.509851
vt 24.941703 57.190612
vt 24.945727 57.226420
vt 24.977576 57.509851
vt -7.387607 57.708681
vt -7.054273 57.843184
vt -7.224915 57.843184
vt -6.720940 57.843184
vt -6.387607 57.843184
vt -6.054273 57.843184
vt -5.720940 57.843184
vt -5.387607 57.843184
vt -5.054273 57.843184
vt -5.195121 57.595791
vt -5.146893 57.631079
vt -5.054273 57.705122
vt -4.881572 57.843184
vt -0.720940 57.800293
vt -0.818631 57.691977
vt -0.840021 57.667113
vt -0.387607 57.843184
vt -0.682256 57.843184
vt -0.054273 57.843184
vt 0.279060 57.843184
vt 0.612393 57.843184
vt 0.945727 57.843184
vt 0.945727 57.557887
vt 1.198797 57.843184
vt 1.081678 57.708625
vt 1.090176 57.718222
vt 23.612393 57.843184
vt 23.378703 57.609494
vt 23.404963 57.843184
vt 23.945727 57.843184
vt 24.279060 57.843184
vt 24.612393 57.843184
vt 24.945727 57.843184
vt 24.978411 57.517278
vt 24.981608 57.545732
vt 25.015033 57.843184
vt -7.054273 57.984260
vt -7.207435 57.857636
vt -6.720940 58.176518
vt -6.821724 58.176518
vt -6.387607 58.176518
vt -6.054273 58.176518
vt -5.720940 58.176518
vt -5.387607 58.176518
vt -5.054273 58.176518
vt -4.720940 58.176518
vt -4.746522 57.951147
vt -4.720940 57.971598
vt -4.546336 58.111181
vt -4.464607 58.176518
vt -0.387607 58.169881
vt -0.388289 58.169124
vt -0.603460 57.930550
vt -0.054273 58.176518
vt -0.381621 58.176518
vt 0.279060 58.176518
vt 0.612393 58.176518
vt 0.945727 58.176518
vt 1.279060 58.176518
vt 1.279060 57.935522
vt 1.488542 58.176518
vt 23.612393 58.176518
vt 23.420902 57.985026
vt 23.442420 58.176518
vt 23.945727 58.176518
vt 24.279060 58.176518
vt 24.612393 58.176518
vt 24.945727 58.176518
vt 25.015119 57.843944
vt 25.023807 57.921265
vt 25.051827 58.170611
vt 25.052490 58.176518
vt -6.720940 58.257708
vt -6.746830 58.238435
vt -6.387607 58.482795
vt -6.450734 58.440619
vt -6.469126 58.428331
vt -6.689672 58.280984
vt -6.054273 58.509851
vt -6.347110 58.509851
vt -5.720940 58.509851
vt -5.387607 58.509851
vt -5.054273 58.509851
vt -4.720940 58.509851
vt -4.387607 58.509851
vt -4.387607 58.238074
vt -4.054273 58.485676
vt -4.054273 58.509851
vt -4.146212 58.417912
vt -4.356876 58.262641
vt -4.021475 58.509851
vt -0.054273 58.509851
vt -0.326583 58.237541
vt -0.080985 58.509851
vt 0.279060 58.509851
vt 0.612393 58.509851
vt 0.945727 58.509851
vt 1.279060 58.509851
vt 1.612393 58.509851
vt 1.493063 58.181719
vt 1.612393 58.319001
vt 1.694507 58.413468
vt 1.778286 58.509851
vt 12.279060 58.412096
vt 12.279060 58.509851
vt 12.197897 58.428688
vt 12.057262 58.509851
vt 12.168438 58.434710
vt 12.438401 58.509851
vt 12.418047 58.383683
vt 23.612393 58.509851
vt 23.463101 58.360559
vt 23.461834 58.349280
vt 23.479877 58.509851
vt 23.945727 58.509851
vt 24.279060 58.509851
vt 24.612393 58.509851
vt 24.945727 58.509851
vt 25.066006 58.296797
vt 25.088534 58.497277
vt 25.089947 58.509851
vt -6.054273 58.705495
vt -6.211795 58.600255
vt -5.720940 58.843184
vt -5.872749 58.843184
vt -5.997724 58.743276
vt -5.387607 58.843184
vt -5.054273 58.843184
vt -4.720940 58.843184
vt -4.387607 58.843184
vt -4.054273 58.843184
vt -3.720940 58.843184
vt -3.924230 58.581525
vt -3.720940 58.731362
vt -3.702862 58.744687
vt -3.568748 58.843184
vt -0.054273 58.539468
vt 0.279060 58.843184
vt 0.213061 58.843184
vt 0.037759 58.641510
vt 0.612393 58.843184
vt 0.945727 58.843184
vt 1.279060 58.843184
vt 1.612393 58.843184
vt 1.945727 58.843184
vt 1.895950 58.645216
vt 1.945727 58.712981
vt 2.028771 58.843184
vt 1.963852 58.737658
vt 11.945727 58.585235
vt 11.945727 58.843184
vt 11.841926 58.739383
vt 11.942149 58.587653
vt 11.786270 58.843184
vt 11.791615 58.815550
vt 12.279060 58.843184
vt 11.990709 58.554833
vt 12.469053 58.699844
vt 12.492178 58.843184
vt 23.612393 58.843184
vt 23.505300 58.736091
vt 23.498542 58.675947
vt 23.517334 58.843184
vt 23.945727 58.843184
vt 24.279060 58.843184
vt 24.612393 58.843184
vt 24.945727 58.843184
vt 25.108205 58.672330
vt 25.125242 58.823944
vt 25.127404 58.843184
vt -5.720940 58.964544
vt -5.820899 58.884635
vt -5.387607 59.176518
vt -5.455784 59.176518
vt -5.620713 59.044668
vt -5.054273 59.176518
vt -4.720940 59.176518
vt -4.387607 59.176518
vt -4.054273 59.176518
vt -3.720940 59.176518
vt -3.387607 59.176518
vt -3.447618 58.932146
vt -3.387607 58.976220
vt -3.191894 59.119957
vt -3.114882 59.176518
vt 0.279060 58.919112
vt 0.234998 58.868421
vt 0.612393 59.176518
vt 0.502806 59.176518
vt 0.436442 59.100170
vt 0.945727 59.176518
vt 1.279060 59.176518
vt 1.612393 59.176518
vt 1.945727 59.176518
vt 2.161533 59.058991
vt 2.233835 59.176518
vt 11.945727 59.176518
vt 11.758091 58.988882
vt 11.758724 59.176518
vt 11.739751 59.083707
vt 12.279060 59.176518
vt 12.533174 59.097299
vt 12.545955 59.176518
vt 23.612393 59.176518
vt 23.547499 59.111623
vt 23.535249 59.002613
vt 23.554791 59.176518
vt 23.945727 59.176518
vt 24.279060 59.176518
vt 24.612393 59.176518
vt 24.945727 59.176518
vt 25.150404 59.047862
vt 25.161950 59.150610
vt 25.164861 59.176518
vt -12.720940 59.402597
vt -12.720940 59.509851
vt -12.785311 59.445480
vt -12.859866 59.509851
vt -12.812017 59.463272
vt -12.387607 59.274074
vt -12.387607 59.509851
vt -12.580438 59.317020
vt -12.598532 59.321050
vt -12.054273 59.326382
vt -12.054273 59.509851
vt -12.290101 59.274023
vt -12.094482 59.303470
vt -12.348145 59.265286
vt -11.777789 59.509851
vt -11.871607 59.430473
vt -5.387607 59.231020
vt -5.054273 59.509851
vt -5.381353 59.509851
vt -5.220910 59.364282
vt -4.720940 59.509851
vt -4.387607 59.509851
vt -4.054273 59.509851
vt -3.720940 59.509851
vt -3.387607 59.509851
vt -3.054273 59.509851
vt -3.054273 59.221030
vt -2.759523 59.509851
vt -2.936170 59.307769
vt 0.612393 59.302591
vt 0.945727 59.509851
vt 0.792550 59.509851
vt 0.637885 59.331918
vt 1.279060 59.509851
vt 1.612393 59.509851
vt 1.945727 59.509851
vt 2.279060 59.509851
vt 2.279060 59.250032
vt 2.303765 59.290191
vt 2.438898 59.509851
vt 11.945727 59.509851
vt 11.809634 59.373758
vt 11.794455 59.351300
vt 11.901615 59.509851
vt 12.279060 59.509851
vt 12.558045 59.251459
vt 12.597296 59.494753
vt 12.599731 59.509851
vt 23.612393 59.509851
vt 23.589698 59.487156
vt 23.571957 59.329279
vt 23.592248 59.509851
vt 23.945727 59.509851
vt 24.279060 59.509851
vt 24.612393 59.509851
vt 24.945727 59.509851
vt 25.192603 59.423394
vt 25.198658 59.477276
vt 25.202319 59.509851
vt -13.054273 59.699096
vt -13.054273 59.751413
vt -13.063364 59.742636
vt -13.084740 59.728754
vt -12.720940 59.843184
vt -12.958378 59.605747
vt -12.959228 59.843184
vt -12.387607 59.843184
vt -12.054273 59.843184
vt -11.863491 59.700633
vt -11.740638 59.541284
vt -11.808346 59.613306
vt -11.950455 59.838346
vt -11.951339 59.843184
vt -5.720940 59.817956
vt -5.720940 59.843184
vt -5.734167 59.829957
vt -5.748746 59.843184
vt -5.387607 59.515525
vt -5.387607 59.843184
vt -5.559400 59.671391
vt -5.706304 59.804677
vt -5.054273 59.843184
vt -5.384632 59.512826
vt -4.720940 59.843184
vt -4.387607 59.843184
vt -4.054273 59.843184
vt -3.720940 59.843184
vt -3.387607 59.843184
vt -3.054273 59.843184
vt -2.720940 59.843184
vt -2.735999 59.536762
vt -2.720940 59.564370
vt -2.579101 59.824411
vt -2.568861 59.843184
vt 0.945727 59.754552
vt 0.941383 59.747492
vt 0.801579 59.520237
vt 1.279060 59.843184
vt 1.000252 59.843184
vt 1.612393 59.843184
vt 1.945727 59.843184
vt 2.279060 59.843184
vt 2.612393 59.843184
vt 2.473721 59.566457
vt 2.612393 59.791870
vt 2.643678 59.842724
vt 2.643961 59.843184
vt 11.945727 59.575117
vt 12.279060 59.770461
vt 12.175295 59.728123
vt 12.142019 59.706143
vt 11.947397 59.577588
vt 12.612393 59.843184
vt 12.604719 59.540766
vt 12.612393 59.565818
vt 12.457296 59.843184
vt 12.660842 59.723979
vt 12.716171 59.843184
vt 23.612393 59.689122
vt 23.945727 59.843184
vt 23.629705 59.843184
vt 24.279060 59.843184
vt 24.612393 59.843184
vt 24.945727 59.843184
vt 25.233031 59.783168
vt 25.235809 59.799933
vt 25.242973 59.843184
vt -12.720940 60.073262
vt -12.828204 59.969693
vt -12.387607 60.176518
vt -12.614000 60.176518
vt -12.054273 60.176518
vt -11.967240 59.930218
vt -11.998289 60.100167
vt -11.982665 60.176518
vt -6.054273 60.120388
vt -6.054273 60.176518
vt -6.083703 60.147088
vt -6.116139 60.176518
vt -5.720940 60.176518
vt -5.908935 59.988523
vt -5.387607 60.176518
vt -5.054273 60.176518
vt -4.720940 60.176518
vt -4.387607 60.176518
vt -4.054273 60.176518
vt -3.720940 60.176518
vt -3.387607 60.176518
vt -3.054273 60.176518
vt -2.720940 60.176518
vt -2.387607 60.176518
vt -2.422202 60.112059
vt -2.387607 60.175485
vt -2.387043 60.176518
vt 1.279060 60.176518
vt 1.087421 59.984879
vt 1.205316 60.176518
vt 1.612393 60.176518
vt 1.945727 60.176518
vt 2.279060 60.176518
vt 2.612393 60.176518
vt 2.694428 59.925219
vt 2.796567 60.091246
vt 2.860655 60.176518
vt 12.612393 59.906467
vt 12.719292 59.950083
vt 12.776649 59.973486
vt 12.745990 59.960976
vt 23.945727 60.176518
vt 23.631897 59.862688
vt 23.676386 60.176518
vt 23.651124 60.024012
vt 23.645373 59.982612
vt 24.279060 60.176518
vt 24.612393 60.176518
vt 24.945727 60.176518
vt 25.279060 60.176518
vt 25.279060 60.061042
vt 25.283312 60.086714
vt 25.298188 60.176518
vt -12.387607 60.394561
vt -12.593394 60.196414
vt -12.054273 60.509851
vt -12.267871 60.509851
vt -12.359933 60.421207
vt -11.964241 60.266550
vt -11.944930 60.360917
vt -11.846415 60.509851
vt -6.387607 60.422819
vt -6.387607 60.509851
vt -6.433238 60.464220
vt -6.483531 60.509851
vt -6.054273 60.509851
vt -6.258470 60.305654
vt -6.153601 60.210507
vt -6.377250 60.413422
vt -5.720940 60.509851
vt -5.387607 60.509851
vt -5.054273 60.509851
vt -4.720940 60.509851
vt -4.387607 60.498584
vt -4.393514 60.503944
vt -4.400024 60.509851
vt -4.054273 60.223609
vt -4.070997 60.211326
vt -4.094636 60.232774
vt -4.218746 60.345378
vt -3.720940 60.509851
vt -3.799947 60.509851
vt -3.808156 60.494801
vt -3.890452 60.343924
vt -3.387607 60.509851
vt -3.054273 60.509851
vt -2.720940 60.509851
vt -2.387607 60.509851
vt -2.386368 60.177757
vt -2.279840 60.373058
vt -2.189036 60.509851
vt 1.279060 60.296390
vt 1.612393 60.509851
vt 1.410379 60.509851
vt 1.281296 60.300025
vt 1.945727 60.509851
vt 2.279060 60.509851
vt 2.612393 60.509851
vt 2.945727 60.509851
vt 2.945727 60.289708
vt 2.971195 60.323595
vt 3.111182 60.509851
vt 23.945727 60.509851
vt 23.689090 60.253214
vt 23.731601 60.509851
vt 24.279060 60.509851
vt 24.612393 60.509851
vt 24.945727 60.509851
vt 25.279060 60.509851
vt 25.301985 60.199443
vt 25.337010 60.410886
vt 25.353403 60.509851
vt -12.054273 60.715518
vt -11.720940 60.843184
vt -11.798094 60.582902
vt -11.720940 60.661572
vt -11.921684 60.843184
vt -11.574899 60.810482
vt -11.542827 60.843184
vt -6.720940 60.778371
vt -6.720940 60.843184
vt -6.748523 60.815602
vt -6.765331 60.843184
vt -6.763485 60.835799
vt -6.387607 60.843184
vt -6.606667 60.624124
vt -6.600898 60.616337
vt -6.054273 60.843184
vt -5.720940 60.843184
vt -5.387607 60.843184
vt -5.054273 60.843184
vt -4.720940 60.801016
vt -4.743049 60.821075
vt -4.765582 60.841519
vt -4.767417 60.843184
vt -4.541933 60.638604
vt -4.568281 60.662510
vt -3.720940 60.654698
vt -3.387607 60.843184
vt -3.618130 60.843184
vt -3.651258 60.782449
vt -3.054273 60.843184
vt -2.720940 60.843184
vt -2.387607 60.843184
vt -2.054273 60.843184
vt -2.142239 60.580348
vt -2.054273 60.712864
vt -1.987848 60.812931
vt -1.967766 60.843184
vt 1.612393 60.838228
vt 1.945727 60.843184
vt 1.615442 60.843184
vt 2.279060 60.843184
vt 2.612393 60.843184
vt 2.945727 60.843184
vt 3.279060 60.843184
vt 3.165394 60.581981
vt 3.279060 60.733217
vt 3.359593 60.840368
vt 3.361709 60.843184
vt 23.945727 60.843184
vt 23.755267 60.652725
vt 23.786816 60.843184
vt 23.758519 60.672354
vt 24.279060 60.843184
vt 24.612393 60.843184
vt 24.945727 60.843184
vt 25.279060 60.843184
vt 25.368162 60.598953
vt 25.390707 60.735057
vt 25.408618 60.843184
vt -11.720940 61.036475
vt -11.892313 60.871465
vt -11.424456 61.139668
vt -11.387607 61.001454
vt -11.387607 61.121174
vt -11.408843 61.135952
vt -11.576252 61.175791
vt -11.317821 61.072611
vt -6.720940 61.176518
vt -6.823108 61.074350
vt -6.818436 61.176518
vt -6.829712 61.100775
vt -6.387607 61.176518
vt -6.054273 61.176518
vt -5.720940 61.176518
vt -5.387607 61.176518
vt -5.054273 61.103447
vt -5.092584 61.138207
vt -5.134810 61.176518
vt -4.917817 60.979641
vt -3.387607 61.176518
vt -3.494759 61.069365
vt -3.426871 61.176518
vt -3.463035 61.122039
vt -3.494360 61.070097
vt -3.054273 61.176518
vt -2.720940 61.176518
vt -2.387607 61.176518
vt -2.054273 61.176518
vt -1.796955 61.100503
vt -1.746496 61.176518
vt 1.945727 61.176518
vt 1.620316 60.851107
vt 1.860907 61.176518
vt 1.852045 61.164727
vt 1.657847 60.906340
vt 1.621209 60.852558
vt 2.279060 61.176518
vt 2.612393 61.176518
vt 2.945727 61.176518
vt 3.279060 61.176518
vt 3.593611 61.157735
vt 3.553792 61.098755
vt 3.591409 61.154134
vt 3.605096 61.176518
vt 23.945727 61.176518
vt 23.821444 61.052235
vt 23.812216 60.996526
vt 23.842031 61.176518
vt 24.279060 61.176518
vt 24.612393 61.176518
vt 24.945727 61.176518
vt 25.279060 61.176518
vt 25.434339 60.998463
vt 25.444404 61.059228
vt 25.463833 61.176518
vt -6.720940 61.485168
vt -6.789496 61.370924
vt -6.387607 61.509851
vt -6.706128 61.509851
vt -6.054273 61.509851
vt -5.720940 61.509851
vt -5.387607 61.405879
vt -5.436528 61.450265
vt -5.442120 61.455338
vt -5.502203 61.509851
vt -5.212879 61.247350
vt -5.267352 61.296772
vt -3.387607 61.235668
vt -3.054273 61.509851
vt -3.205601 61.509851
vt -3.308644 61.354621
vt -2.720940 61.509851
vt -2.387607 61.509851
vt -2.054273 61.509851
vt -1.720940 61.509851
vt -1.720940 61.215016
vt -1.679067 61.278095
vt -1.551971 61.469560
vt -1.516146 61.509851
vt 1.945727 61.289372
vt 2.279060 61.509851
vt 2.111434 61.509851
vt 2.046244 61.423114
vt 2.612393 61.509851
vt 2.945727 61.509851
vt 3.279060 61.509851
vt 3.612393 61.509851
vt 3.612393 61.188450
vt 3.740566 61.398053
vt 3.808932 61.509851
vt 23.945727 61.509851
vt 23.887620 61.451745
vt 23.865913 61.320697
vt 23.897245 61.509851
vt 24.279060 61.509851
vt 24.612393 61.509851
vt 24.945727 61.509851
vt 25.279060 61.509851
vt 25.500516 61.397973
vt 25.519047 61.509851
vt -6.387607 61.778176
vt -6.429497 61.767707
vt -6.559100 61.671691
vt -6.683902 61.546889
vt -6.648959 61.605119
vt -6.054273 61.817521
vt -6.076611 61.820846
vt -6.164522 61.833933
vt -5.720940 61.689643
vt -5.816898 61.747226
vt -5.894372 61.793717
vt -5.616887 61.613904
vt -5.660177 61.653180
vt -3.054273 61.737819
vt -2.720940 61.843184
vt -2.984331 61.843184
vt -2.999864 61.819785
vt -2.387607 61.843184
vt -2.054273 61.843184
vt -1.720940 61.843184
vt -1.387607 61.843184
vt -1.387607 61.654413
vt -1.387571 61.654452
vt -1.219758 61.843184
vt 2.279060 61.732882
vt 2.612393 61.843184
vt 2.361961 61.843184
vt 2.945727 61.843184
vt 3.279060 61.843184
vt 3.612393 61.843184
vt 3.945727 61.843184
vt 3.889724 61.641971
vt 3.945727 61.733552
vt 4.012767 61.843184
vt 23.945727 61.802532
vt 23.919610 61.644868
vt 24.279060 61.843184
vt 23.952460 61.843184
vt 24.612393 61.843184
vt 24.945727 61.843184
vt 25.279060 61.843184
vt 25.551799 61.707571
vt 25.566692 61.797483
vt 25.574262 61.843184
vt -2.720940 62.176518
vt -2.846229 62.051229
vt -2.811869 62.176518
vt -2.810856 62.104516
vt -2.845473 62.052367
vt -2.387607 62.176518
vt -2.054273 62.176518
vt -1.720940 62.176518
vt -1.387607 62.176518
vt -1.054273 62.176518
vt -1.190378 61.876226
vt -1.054273 62.029297
vt -0.923371 62.176518
vt 2.612393 62.176518
vt 2.517660 62.081784
vt 2.414507 61.913098
vt 2.575590 62.176518
vt 2.945727 62.176518
vt 3.279060 62.176518
vt 3.612393 62.176518
vt 3.945727 62.176518
vt 4.038882 61.885889
vt 4.118292 62.015749
vt 4.188039 62.129808
vt 4.216603 62.176518
vt 24.279060 62.176518
vt 23.953797 61.851255
vt 24.007675 62.176518
vt 24.612393 62.176518
vt 24.945727 62.176518
vt 25.279060 62.176518
vt 25.612393 62.176518
vt 25.605496 62.031742
vt 25.612393 62.073381
vt 25.629477 62.176518
vt -2.720940 62.509851
vt -2.815231 62.415560
vt -2.811982 62.184579
vt -2.816557 62.509851
vt -2.387607 62.509851
vt -2.054273 62.509851
vt -1.720940 62.509851
vt -1.387607 62.509851
vt -1.054273 62.509851
vt -0.720940 62.509851
vt -0.795992 62.319774
vt -0.720940 62.404182
vt -0.626983 62.509851
vt 2.612393 62.236702
vt 2.945727 62.509851
vt 2.779425 62.509851
vt 2.695339 62.372345
vt 3.279060 62.509851
vt 3.612393 62.509851
vt 3.945727 62.509851
vt 4.279060 62.509851
vt 4.279060 62.278655
vt 4.419515 62.509851
vt 4.337197 62.373726
vt 4.339017 62.376720
vt 24.279060 62.509851
vt 24.019974 62.250765
vt 24.062890 62.509851
vt 24.027005 62.293211
vt 24.612393 62.509851
vt 24.945727 62.509851
vt 25.279060 62.509851
vt 25.612393 62.509851
vt 25.632869 62.196993
vt 25.659005 62.354777
vt 25.685151 62.509851
vt -2.720940 62.843184
vt -2.819854 62.744270
vt -2.821246 62.843184
vt -2.820326 62.777799
vt -2.387607 62.843184
vt -2.054273 62.843184
vt -1.720940 62.843184
vt -1.387607 62.843184
vt -1.054273 62.843184
vt -0.720940 62.843184
vt -0.387607 62.843184
vt -0.598799 62.541548
vt -0.401606 62.763322
vt -0.387607 62.784940
vt -0.349888 62.843184
vt 2.945727 62.781804
vt 3.279060 62.843184
vt 2.983261 62.843184
vt 3.612393 62.843184
vt 3.945727 62.843184
vt 4.279060 62.843184
vt 4.612393 62.843184
vt 4.483068 62.614958
vt 4.612393 62.828843
vt 4.621065 62.843184
vt 24.279060 62.843184
vt 24.086264 62.650388
vt 24.081082 62.619656
vt 24.080702 62.617382
vt 24.118770 62.843184
vt 24.612393 62.843184
vt 24.945727 62.843184
vt 25.279060 62.843184
vt 25.612393 62.843184
vt 25.699907 62.597364
vt 25.713811 62.679827
vt 25.741354 62.843184
vt -2.720940 63.176518
vt -2.824478 63.072980
vt -2.825934 63.176518
vt -2.387607 63.176518
vt -2.054273 63.176518
vt -1.720940 63.176518
vt -1.387607 63.176518
vt -1.054273 63.176518
vt -0.720940 63.176518
vt -0.387607 63.176518
vt -0.285101 62.945690
vt -0.286295 62.941383
vt -0.229618 63.145809
vt -0.225967 63.176518
vt 3.279060 63.176518
vt 3.042341 62.939799
vt 2.993655 62.860181
vt 3.186589 63.176518
vt 3.141898 63.102605
vt 3.612393 63.176518
vt 3.945727 63.176518
vt 4.279060 63.176518
vt 4.612393 63.176518
vt 4.634326 62.865117
vt 4.771170 63.091435
vt 4.822614 63.176518
vt 24.279060 63.176518
vt 24.153864 63.051321
vt 24.136079 62.945842
vt 24.174973 63.176518
vt 24.612393 63.176518
vt 24.945727 63.176518
vt 25.279060 63.176518
vt 25.612393 63.176518
vt 25.767507 62.998298
vt 25.768808 63.006013
vt 25.797556 63.176518
vt -2.720940 63.509851
vt -2.825495 63.405296
vt -2.828669 63.371020
vt -2.815813 63.509851
vt -2.387607 63.509851
vt -2.054273 63.509851
vt -1.720940 63.509851
vt -1.387607 63.509851
vt -1.054273 63.509851
vt -0.720940 63.509851
vt -0.387607 63.509851
vt -0.204154 63.359970
vt -0.192996 63.453819
vt -0.186333 63.509851
vt 3.279060 63.329450
vt 3.612393 63.509851
vt 3.388139 63.509851
vt 3.285042 63.339344
vt 3.945727 63.509851
vt 4.279060 63.509851
vt 4.612393 63.509851
vt 4.945727 63.509851
vt 4.915220 63.329674
vt 4.945727 63.380127
vt 5.024164 63.509851
vt 24.279060 63.509851
vt 24.221464 63.452254
vt 24.191076 63.272029
vt 24.231175 63.509851
vt 24.612393 63.509851
vt 24.945727 63.509851
vt 25.279060 63.509851
vt 25.612393 63.509851
vt 25.835107 63.399231
vt 25.853758 63.509851
vt -2.720940 63.843184
vt -2.756931 63.807193
vt -2.758412 63.799841
vt -2.814959 63.519070
vt -2.749682 63.843184
vt -2.387607 63.843184
vt -2.054273 63.843184
vt -1.720940 63.843184
vt -1.387607 63.843184
vt -1.054273 63.843184
vt -0.720940 63.843184
vt -0.387607 63.843184
vt -0.159173 63.738285
vt -0.156373 63.761830
vt -0.146700 63.843184
vt 3.612393 63.843184
vt 3.554965 63.785756
vt 3.429093 63.577583
vt 3.589689 63.843184
vt 3.945727 63.843184
vt 4.279060 63.843184
vt 4.612393 63.843184
vt 4.945727 63.843184
vt 5.050490 63.553390
vt 5.176443 63.740568
vt 5.190720 63.761784
vt 5.245495 63.843184
vt 24.279060 63.793858
vt 24.246073 63.598215
vt 24.612393 63.843184
vt 24.287377 63.843184
vt 24.945727 63.843184
vt 25.279060 63.843184
vt 25.612393 63.843184
vt 25.878802 63.658387
vt 25.902706 63.800164
vt 25.909960 63.843184
vt -2.720940 63.985896
vt -2.387607 64.176518
vt -2.682549 64.176518
vt -2.701864 64.080612
vt -2.054273 64.176518
vt -1.720940 64.176518
vt -1.387607 64.176518
vt -1.054273 64.176518
vt -0.720940 64.176518
vt -0.387607 64.176518
vt -0.119751 64.069840
vt -0.114191 64.116600
vt -0.107067 64.176518
vt 3.612393 63.880734
vt 3.945727 64.176518
vt 3.791239 64.176518
vt 3.717195 64.054059
vt 4.279060 64.176518
vt 4.612393 64.176518
vt 4.945727 64.176518
vt 5.279060 64.176518
vt 5.279060 63.893065
vt 5.612393 64.135899
vt 5.612393 64.176518
vt 5.578800 64.142925
vt 5.340424 63.984258
vt 5.466670 64.171870
vt 5.492033 64.161071
vt 5.945727 64.140328
vt 5.945727 64.176518
vt 5.901119 64.131910
vt 5.759375 64.105159
vt 6.059423 64.176518
vt 6.027764 64.155810
vt 24.612393 64.176518
vt 24.289063 63.853188
vt 24.343579 64.176518
vt 24.945727 64.176518
vt 25.279060 64.176518
vt 25.612393 64.176518
vt 25.945727 64.176518
vt 25.933799 63.984573
vt 25.945727 64.055316
vt 25.966162 64.176518
vt -2.387607 64.509851
vt -2.672866 64.224591
vt -2.615415 64.509851
vt -2.645316 64.361383
vt -2.054273 64.509851
vt -1.720940 64.509851
vt -1.387607 64.509851
vt -1.054273 64.509851
vt -0.720940 64.509851
vt -0.387607 64.509851
vt -0.083128 64.377851
vt -0.069209 64.494915
vt -0.067433 64.509851
vt 3.945727 64.419318
vt 3.879501 64.320901
vt 3.861245 64.292298
vt 4.279060 64.509851
vt 4.006647 64.509851
vt 4.612393 64.509851
vt 4.945727 64.509851
vt 5.279060 64.509851
vt 5.612393 64.509851
vt 5.945727 64.509851
vt 6.279060 64.509851
vt 6.256339 64.305314
vt 6.279060 64.338606
vt 6.395931 64.509851
vt 24.612393 64.509851
vt 24.356663 64.254121
vt 24.356068 64.250588
vt 24.399781 64.509851
vt 24.945727 64.509851
vt 25.279060 64.509851
vt 25.612393 64.509851
vt 25.945727 64.509851
vt 25.970306 64.201097
vt 25.988796 64.310760
vt 26.022364 64.509851
vt -2.387607 64.843184
vt -2.589003 64.641787
vt -2.590276 64.634669
vt -2.552995 64.843184
vt -2.054273 64.843184
vt -1.720940 64.843184
vt -1.387607 64.843184
vt -1.054273 64.843184
vt -0.720940 64.843184
vt -0.387607 64.843184
vt -0.054273 64.843184
vt -0.055246 64.612355
vt -0.054273 64.615202
vt 0.023576 64.843184
vt 4.279060 64.843184
vt 4.131975 64.696099
vt 4.029206 64.543375
vt 4.230949 64.843184
vt 4.178910 64.765849
vt 4.612393 64.843184
vt 4.945727 64.843184
vt 5.279060 64.843184
vt 5.612393 64.843184
vt 5.945727 64.843184
vt 6.279060 64.843184
vt 6.439440 64.670231
vt 6.410303 64.530910
vt 6.466215 64.798252
vt 6.457735 64.843184
vt 24.612393 64.843184
vt 24.424263 64.655054
vt 24.411065 64.576775
vt 24.455983 64.843184
vt 24.945727 64.843184
vt 25.279060 64.843184
vt 25.612393 64.843184
vt 25.945727 64.843184
vt 26.037906 64.602030
vt 26.043793 64.636946
vt 26.048720 64.670487
vt 26.070360 64.843184
vt -2.720940 65.134899
vt -2.720940 65.176518
vt -2.744493 65.152964
vt -2.775200 65.176518
vt -2.387607 65.176518
vt -2.555852 65.008272
vt -2.527382 64.986435
vt -2.545214 64.886699
vt -2.664340 65.091485
vt -2.054273 65.176518
vt -1.720940 65.176518
vt -1.387607 65.176518
vt -1.054273 65.176518
vt -0.720940 65.176518
vt -0.387607 65.176518
vt -0.054273 65.176518
vt 0.063944 64.961401
vt 0.137400 65.176518
vt 4.279060 64.914681
vt 4.612393 65.176518
vt 4.455252 65.176518
vt 4.328615 64.988323
vt 4.945727 65.176518
vt 5.279060 65.176518
vt 5.612393 65.176518
vt 5.945727 65.176518
vt 6.279060 65.176518
vt 6.429368 64.993492
vt 6.415563 65.066641
vt 6.343696 65.176518
vt 24.612393 65.176518
vt 24.483460 65.047584
vt 24.463243 64.886244
vt 24.499616 65.176518
vt 24.497703 65.161245
vt 24.945727 65.176518
vt 25.279060 65.176518
vt 25.612393 65.176518
vt 25.945727 65.176518
vt 26.088215 64.985672
vt 26.112129 65.176518
vt -3.054273 65.390573
vt -3.054273 65.509851
vt -3.121775 65.442349
vt -3.186736 65.509851
vt -3.139323 65.455808
vt -2.720940 65.509851
vt -2.933134 65.297657
vt -2.901832 65.273647
vt -2.387607 65.509851
vt -2.054273 65.509851
vt -1.720940 65.509851
vt -1.387607 65.509851
vt -1.054273 65.509851
vt -0.720940 65.509851
vt -0.387607 65.509851
vt -0.054273 65.509851
vt 0.191018 65.333538
vt 0.236789 65.467580
vt 0.251224 65.509851
vt 4.612393 65.410044
vt 4.478319 65.210797
vt 4.945727 65.509851
vt 4.684431 65.509851
vt 4.649465 65.463387
vt 4.641949 65.447779
vt 4.628023 65.433271
vt 5.279060 65.509851
vt 5.612393 65.509851
vt 5.945727 65.509851
vt 6.279060 65.275340
vt 6.270240 65.288825
vt 6.279060 65.300545
vt 6.279060 65.509851
vt 6.318137 65.215595
vt 6.420536 65.509851
vt 6.394037 65.453329
vt 24.612393 65.509851
vt 24.531213 65.428670
vt 24.541385 65.509851
vt 24.945727 65.509851
vt 25.279060 65.509851
vt 25.612393 65.509851
vt 25.945727 65.509851
vt 26.121855 65.254134
vt 26.135967 65.366758
vt 26.153897 65.509851
vt -3.054273 65.843184
vt -3.280608 65.616850
vt -3.381288 65.843184
vt -3.319447 65.661121
vt -2.720940 65.843184
vt -2.387607 65.843184
vt -2.054273 65.843184
vt -1.720940 65.843184
vt -1.387607 65.843184
vt -1.054273 65.843184
vt -0.720940 65.843184
vt -0.387607 65.843184
vt -0.054273 65.843184
vt 0.279060 65.843184
vt 0.279060 65.591370
vt 0.281079 65.597282
vt 0.365047 65.843184
vt 4.945727 65.843184
vt 4.903510 65.800968
vt 4.805950 65.671328
vt 4.935280 65.843184
vt 5.279060 65.843184
vt 5.612393 65.843184
vt 5.945727 65.843184
vt 6.279060 65.843184
vt 6.526299 65.757090
vt 6.516020 65.713519
vt 6.546609 65.843184
vt 24.612393 65.843184
vt 24.578965 65.809756
vt 24.570837 65.744893
vt 24.583154 65.843184
vt 24.945727 65.843184
vt 25.279060 65.843184
vt 25.612393 65.843184
vt 25.945727 65.843184
vt 26.183720 65.747844
vt 26.194989 65.837782
vt 26.195666 65.843184
vt -3.387607 65.861786
vt -3.387607 66.176518
vt -3.390713 66.173412
vt -3.407291 65.919736
vt -3.390510 66.176518
vt -3.054273 66.176518
vt -3.382890 65.847901
vt -2.720940 66.176518
vt -2.387607 66.176518
vt -2.054273 66.176518
vt -1.720940 66.176518
vt -1.387607 66.176518
vt -1.054273 66.176518
vt -0.720940 66.176518
vt -0.387607 66.176518
vt -0.054273 66.176518
vt 0.279060 66.176518
vt 0.409635 65.973759
vt 0.450023 66.092037
vt 0.488544 66.176518
vt 4.945727 65.857066
vt 5.279060 66.176518
vt 5.186129 66.176518
vt 5.118920 66.087210
vt 4.962435 65.879269
vt 5.612393 66.176518
vt 5.945727 66.176518
vt 6.279060 66.176518
vt 6.612393 66.176518
vt 6.581875 65.992678
vt 6.612393 66.122045
vt 6.625244 66.176518
vt 24.612393 66.076528
vt 24.607405 66.036717
vt 24.945727 66.176518
vt 24.624923 66.176518
vt 25.279060 66.176518
vt 25.612393 66.176518
vt 25.945727 66.176518
vt 26.231472 66.128930
vt 26.231557 66.129606
vt 26.237435 66.176518
vt -3.387607 66.196080
vt -3.389479 66.192281
vt -3.054273 66.509851
vt -3.185988 66.509851
vt -3.268726 66.437264
vt -2.720940 66.509851
vt -2.387607 66.509851
vt -2.054273 66.509851
vt -1.720940 66.509851
vt -1.387607 66.509851
vt -1.054273 66.509851
vt -0.720940 66.509851
vt -0.387607 66.509851
vt -0.054273 66.509851
vt 0.279060 66.509851
vt 0.612393 66.509851
vt 0.555321 66.322967
vt 0.612393 66.448135
vt 0.640534 66.509851
vt 5.279060 66.509851
vt 5.261248 66.492039
vt 5.219277 66.314120
vt 5.187129 66.177847
vt 5.265450 66.509851
vt 5.612393 66.509851
vt 5.945727 66.509851
vt 6.279060 66.509851
vt 6.612393 66.509851
vt 6.629211 66.193335
vt 6.647730 66.271837
vt 6.703878 66.509851
vt 24.945727 66.509851
vt 24.626718 66.190842
vt 24.666691 66.509851
vt 25.279060 66.509851
vt 25.612393 66.509851
vt 25.945727 66.509851
vt 26.279060 66.509851
vt 26.268124 66.421430
vt 26.279060 66.508702
vt 26.279204 66.509851
vt -3.054273 66.620492
vt -3.063413 66.617388
vt -2.720940 66.699751
vt -2.804798 66.705231
vt -2.886719 66.677405
vt -2.387607 66.616123
vt -2.532253 66.687420
vt -2.542689 66.688102
vt -2.054273 66.843184
vt -2.258031 66.639426
vt -2.270885 66.554099
vt -2.287270 66.566666
vt -2.316422 66.581035
vt -2.227337 66.843184
vt -2.230502 66.822173
vt -1.720940 66.843184
vt -1.387607 66.843184
vt -1.054273 66.843184
vt -0.720940 66.843184
vt -0.767269 66.796855
vt -0.838156 66.641391
vt -0.844247 66.626071
vt -0.827610 66.736514
vt -0.811541 66.843184
vt -0.746144 66.843184
vt -0.387607 66.843184
vt -0.054273 66.843184
vt 0.279060 66.843184
vt 0.612393 66.843184
vt 0.664120 66.561577
vt 0.674968 66.585370
vt 0.792524 66.843184
vt 5.279060 66.567543
vt 5.612393 66.843184
vt 5.344085 66.843184
vt 5.285131 66.593279
vt 5.945727 66.843184
vt 6.279060 66.843184
vt 6.612393 66.843184
vt 6.732123 66.629580
vt 6.779439 66.830156
vt 6.781742 66.843184
vt 24.945727 66.843184
vt 24.674470 66.571928
vt 24.708460 66.843184
vt 24.680540 66.620365
vt 25.279060 66.843184
vt 25.612393 66.843184
vt 25.945727 66.843184
vt 26.279060 66.843184
vt 26.279225 66.510015
vt 26.304692 66.713254
vt 26.320973 66.843184
vt -2.054273 67.176518
vt -2.198912 67.031879
vt -2.177240 67.176518
vt -2.188841 67.098729
vt -1.720940 67.176518
vt -1.387607 67.176518
vt -1.054273 67.176518
vt -0.768910 67.128548
vt -0.804385 66.890692
vt -0.804232 66.891708
vt -0.720940 66.898461
vt -0.761755 67.176518
vt -0.387607 67.176518
vt -0.594155 67.176518
vt -0.598860 67.166197
vt -0.718508 66.903794
vt -0.054273 67.176518
vt 0.279060 67.176518
vt 0.612393 67.176518
vt 0.794616 66.847773
vt 0.914264 67.110177
vt 0.943497 67.174288
vt 0.944514 67.176518
vt 5.612393 67.176518
vt 5.364160 66.928285
vt 5.350986 66.872439
vt 5.415263 67.176518
vt 5.407709 67.112890
vt 5.945727 67.176518
vt 6.279060 67.176518
vt 6.612393 67.176518
vt 6.808843 67.039634
vt 6.793259 66.908357
vt 6.825093 67.176518
vt 24.945727 67.176518
vt 24.722223 66.953013
vt 24.717107 66.912188
vt 24.750229 67.176518
vt 25.279060 67.176518
vt 25.612393 67.176518
vt 25.945727 67.176518
vt 26.279060 67.176518
vt 26.326977 66.891101
vt 26.341259 67.005078
vt 26.343512 67.025095
vt 26.358625 67.176518
vt -2.054273 67.509851
vt -2.140366 67.423758
vt -2.141768 67.414362
vt -2.127526 67.509851
vt -1.720940 67.509851
vt -1.387607 67.509851
vt -1.054273 67.509851
vt -0.720940 67.509851
vt -0.757083 67.207849
vt -0.720940 67.450188
vt -0.387607 67.509851
vt -0.487892 67.409566
vt -0.442165 67.509851
vt -0.712042 67.509851
vt -0.054273 67.509851
vt 0.279060 67.509851
vt 0.612393 67.509851
vt 0.945727 67.509851
vt 0.945727 67.179178
vt 1.006403 67.312248
vt 1.146489 67.509851
vt 5.612393 67.509851
vt 5.433610 67.331068
vt 5.454834 67.509851
vt 5.945727 67.509851
vt 6.279060 67.509851
vt 6.612393 67.509851
vt 6.830760 67.224252
vt 6.853745 67.417869
vt 6.864664 67.509851
vt 24.945727 67.509851
vt 24.766007 67.330131
vt 24.752422 67.194018
vt 24.783944 67.509851
vt 25.279060 67.509851
vt 25.612393 67.509851
vt 25.945727 67.509851
vt 26.279060 67.509851
vt 26.367446 67.264904
vt 26.376171 67.352326
vt 26.391893 67.509851
vt -2.054273 67.843184
vt -2.081939 67.815519
vt -2.094618 67.730503
vt -2.077813 67.843184
vt -1.720940 67.843184
vt -1.387607 67.843184
vt -1.054273 67.843184
vt -0.720940 67.843184
vt -0.710482 67.520309
vt -0.387607 67.629504
vt -0.709933 67.523990
vt -0.662783 67.840131
vt -0.662328 67.843184
vt -0.054273 67.843184
vt -0.290175 67.843184
vt -0.359564 67.691004
vt 0.279060 67.843184
vt 0.612393 67.843184
vt 0.945727 67.843184
vt 1.279060 67.843184
vt 1.148722 67.513001
vt 1.279060 67.696852
vt 1.382799 67.843184
vt 5.612393 67.843184
vt 5.478511 67.709302
vt 5.478023 67.705187
vt 5.494405 67.843184
vt 5.945727 67.843184
vt 6.279060 67.843184
vt 6.612393 67.843184
vt 6.898646 67.796104
vt 6.904235 67.843184
vt 24.945727 67.843184
vt 24.802964 67.700422
vt 24.784081 67.511226
vt 24.817213 67.843184
vt 25.279060 67.843184
vt 25.612393 67.843184
vt 25.945727 67.843184
vt 26.279060 67.843184
vt 26.404403 67.635194
vt 26.408831 67.679557
vt 26.425162 67.843184
vt -2.054273 68.001016
vt -1.720940 68.176518
vt -2.028099 68.176518
vt -2.047468 68.046644
vt -1.387607 68.176518
vt -1.054273 68.176518
vt -0.720940 68.176518
vt -0.652054 67.912070
vt -0.624928 68.093951
vt -0.596869 68.176518
vt -0.054273 68.176518
vt -0.189111 68.041680
vt -0.239916 67.953407
vt -0.097009 68.176518
vt -0.174059 68.067833
vt 0.279060 68.176518
vt 0.612393 68.176518
vt 0.945727 68.176518
vt 1.279060 68.176518
vt 1.612393 68.176518
vt 1.510058 68.022693
vt 1.612393 68.167045
vt 1.619109 68.176518
vt 5.612393 68.176518
vt 5.523413 68.087537
vt 5.515524 68.021082
vt 5.533976 68.176518
vt 5.945727 68.176518
vt 6.279060 68.176518
vt 6.612393 68.176518
vt 6.905762 67.856042
vt 6.940859 68.151691
vt 6.945189 68.175980
vt 6.945285 68.176518
vt 24.945727 68.176518
vt 24.839921 68.070712
vt 24.850481 68.176518
vt 24.849401 68.165689
vt 25.279060 68.176518
vt 25.612393 68.176518
vt 25.945727 68.176518
vt 26.279060 68.176518
vt 26.441361 68.005485
vt 26.441491 68.006788
vt 26.458431 68.176518
vt -4.054273 68.466643
vt -4.054273 68.509851
vt -4.076609 68.487515
vt -4.100511 68.509851
vt -3.720940 68.274427
vt -3.720940 68.509851
vt -3.892147 68.338644
vt -3.934168 68.354406
vt -3.387607 68.271915
vt -3.387607 68.509851
vt -3.637589 68.259868
vt -3.405469 68.267729
vt -3.678439 68.258485
vt -3.054273 68.509851
vt -3.263009 68.301116
vt -3.175162 68.321703
vt -3.054273 68.350034
vt -2.720940 68.428153
vt -2.720940 68.509851
vt -2.827645 68.403146
vt -2.944856 68.375677
vt -2.410424 68.509851
vt -2.714550 68.429651
vt -2.695164 68.434486
vt -1.720940 68.509851
vt -2.023511 68.207280
vt -1.962225 68.509851
vt -1.970750 68.484765
vt -2.000319 68.362785
vt -1.387607 68.509851
vt -1.054273 68.509851
vt -0.720940 68.509851
vt -0.547797 68.320916
vt -0.533000 68.364458
vt -0.483589 68.509851
vt -0.054273 68.236799
vt 0.279060 68.509851
vt 0.139301 68.509851
vt 0.006609 68.322679
vt 0.612393 68.509851
vt 0.945727 68.509851
vt 1.279060 68.509851
vt 1.612393 68.509851
vt 1.635465 68.199590
vt 1.690726 68.277540
vt 1.855419 68.509851
vt 5.612393 68.509851
vt 5.576179 68.473636
vt 5.559006 68.377296
vt 5.553025 68.336977
vt 5.582634 68.509851
vt 5.945727 68.509851
vt 6.279060 68.509851
vt 6.612393 68.509851
vt 6.945727 68.509851
vt 6.945727 68.178998
vt 7.004701 68.509851
vt 24.945727 68.509851
vt 24.876879 68.441003
vt 24.883750 68.509851
vt 25.279060 68.509851
vt 25.612393 68.509851
vt 25.945727 68.509851
vt 26.279060 68.509851
vt 26.474150 68.334019
vt 26.478318 68.375775
vt 26.491699 68.509851
vt -4.054273 68.843184
vt -4.203353 68.694104
vt -4.133723 68.540888
vt -4.248542 68.843184
vt -4.246725 68.789542
vt -3.720940 68.843184
vt -3.387607 68.843184
vt -3.054273 68.843184
vt -2.720940 68.843184
vt -2.387607 68.843184
vt -2.387607 68.515890
vt -2.054273 68.630306
vt -2.054273 68.843184
vt -2.379394 68.518064
vt -2.323889 68.532755
vt -2.256693 68.554217
vt -1.720940 68.843184
vt -1.914839 68.649285
vt -1.987434 68.655431
vt -1.901813 68.687616
vt -1.387607 68.843184
vt -1.054273 68.843184
vt -0.720940 68.843184
vt -0.387607 68.843184
vt -0.450391 68.607540
vt -0.387607 68.792287
vt -0.370310 68.843184
vt 0.279060 68.706991
vt 0.187277 68.577525
vt 0.612393 68.843184
vt 0.375611 68.843184
vt 0.367945 68.832371
vt 0.945727 68.843184
vt 1.279060 68.843184
vt 1.612393 68.843184
vt 1.945727 68.843184
vt 1.871394 68.532386
vt 1.945727 68.637237
vt 2.052062 68.787232
vt 2.091729 68.843184
vt 5.612393 68.676803
vt 5.945727 68.843184
vt 5.642051 68.843184
vt 5.614738 68.689957
vt 6.279060 68.843184
vt 6.612393 68.843184
vt 6.945727 68.843184
vt 7.017494 68.581618
vt 7.048745 68.756940
vt 7.064118 68.843184
vt 24.945727 68.843184
vt 24.913836 68.811294
vt 24.917019 68.843184
vt 24.914720 68.820151
vt 25.279060 68.843184
vt 25.612393 68.843184
vt 25.945727 68.843184
vt 26.279060 68.843184
vt 26.515275 68.746066
vt 26.524968 68.843184
vt -4.054273 69.176518
vt -4.253097 68.977694
vt -4.213207 69.176518
vt -4.255969 69.062512
vt -3.720940 69.176518
vt -3.387607 69.176518
vt -3.054273 69.176518
vt -2.720940 69.176518
vt -2.387607 69.176518
vt -2.054273 69.176518
vt -1.720940 69.176518
vt -1.387607 69.176518
vt -1.054273 69.176518
vt -0.720940 69.176518
vt -0.387607 69.176518
vt -0.361406 68.869385
vt -0.352985 68.894163
vt -0.257030 69.176518
vt 0.612393 69.176518
vt 0.610771 69.174895
vt 0.548613 69.087217
vt 0.611921 69.176518
vt 0.945727 69.176518
vt 1.279060 69.176518
vt 1.612393 69.176518
vt 1.945727 69.176518
vt 2.279060 69.176518
vt 2.232730 69.042078
vt 2.279060 69.107430
vt 2.328038 69.176518
vt 5.945727 69.176518
vt 5.648484 68.879275
vt 5.701468 69.176518
vt 6.279060 69.176518
vt 6.612393 69.176518
vt 6.945727 69.176518
vt 7.089799 68.987257
vt 7.104477 69.069601
vt 7.123535 69.176518
vt 24.945727 69.130820
vt 25.279060 69.176518
vt 24.950288 69.176518
vt 24.947380 69.147382
vt 25.612393 69.176518
vt 25.945727 69.176518
vt 26.279060 69.176518
vt 26.539470 68.988482
vt 26.552232 69.116357
vt 26.558237 69.176518
vt -4.054273 69.431431
vt -4.160049 69.318241
vt -3.720940 69.509851
vt -3.980991 69.509851
vt -3.387607 69.509851
vt -3.054273 69.509851
vt -2.720940 69.509851
vt -2.387607 69.509851
vt -2.054273 69.509851
vt -1.720940 69.509851
vt -1.387607 69.509851
vt -1.054273 69.509851
vt -0.720940 69.509851
vt -0.387607 69.509851
vt -0.189811 69.374313
vt -0.160463 69.460671
vt -0.142627 69.509851
vt 0.612393 69.177184
vt 0.945727 69.509851
vt 0.848231 69.509851
vt 0.729281 69.342063
vt 1.279060 69.509851
vt 1.612393 69.509851
vt 1.945727 69.509851
vt 2.279060 69.509851
vt 2.447330 69.344788
vt 2.564348 69.509851
vt 5.945727 69.509851
vt 5.720789 69.284914
vt 5.760885 69.509851
vt 5.726202 69.315279
vt 6.279060 69.509851
vt 6.612393 69.509851
vt 6.945727 69.509851
vt 7.146696 69.306452
vt 7.197616 69.428407
vt 7.230852 69.508008
vt 7.231622 69.509851
vt 25.279060 69.509851
vt 24.950793 69.181584
vt 24.983556 69.509851
vt 24.980039 69.474613
vt 25.612393 69.509851
vt 25.945727 69.509851
vt 26.279060 69.509851
vt 26.589190 69.486647
vt 26.591505 69.509851
vt -3.720940 69.631729
vt -3.724913 69.630798
vt -3.973566 69.517796
vt -3.387607 69.709847
vt -3.494606 69.684771
vt -3.561757 69.669034
vt -3.054273 69.787966
vt -3.126393 69.771065
vt -3.264300 69.738745
vt -2.720940 69.843184
vt -2.844441 69.843184
vt -2.867741 69.837017
vt -3.043720 69.790439
vt -2.387607 69.843184
vt -2.054273 69.843184
vt -1.720940 69.843184
vt -1.387607 69.843184
vt -1.054273 69.843184
vt -0.720940 69.843184
vt -0.387607 69.843184
vt -0.054273 69.843184
vt -0.063683 69.727516
vt -0.054273 69.753460
vt -0.021732 69.843184
vt 0.945727 69.647376
vt 1.279060 69.843184
vt 1.084541 69.843184
vt 1.612393 69.843184
vt 1.945727 69.843184
vt 2.279060 69.843184
vt 2.612393 69.843184
vt 2.594066 69.551770
vt 2.612393 69.577622
vt 2.800658 69.843184
vt 5.945727 69.843184
vt 5.803362 69.700820
vt 5.781934 69.627940
vt 5.853666 69.843184
vt 5.825117 69.774808
vt 6.279060 69.843184
vt 6.612393 69.843184
vt 6.945727 69.843184
vt 7.279060 69.843184
vt 7.279060 69.623466
vt 7.344678 69.780622
vt 7.370799 69.843184
vt 25.279060 69.843184
vt 24.987750 69.551875
vt 25.016825 69.843184
vt 25.612393 69.843184
vt 25.945727 69.843184
vt 26.279060 69.843184
vt 26.612393 69.843184
vt 26.604789 69.642944
vt 26.612393 69.719135
vt -2.720940 69.875872
vt -2.387607 70.000649
vt -2.480040 69.965904
vt -2.669401 69.894723
vt -2.716242 69.877116
vt -2.054273 70.167227
vt -2.065928 70.160547
vt -2.076037 70.154754
vt -2.263591 70.047267
vt -1.720940 70.176518
vt -2.038062 70.176518
vt -1.387607 70.176518
vt -1.054273 70.176518
vt -0.720940 70.176518
vt -0.387607 70.176518
vt -0.054273 70.176518
vt -0.003213 69.894244
vt 0.035524 70.001052
vt 0.099163 70.176518
vt 1.279060 70.117569
vt 1.271285 70.106602
vt 1.090617 69.851756
vt 1.612393 70.176518
vt 1.320851 70.176518
vt 1.945727 70.176518
vt 2.279060 70.176518
vt 2.612393 70.176518
vt 2.945727 70.176518
vt 2.878006 69.952289
vt 2.945727 69.996301
vt 3.029150 70.050517
vt 3.223027 70.176518
vt 5.945727 70.063672
vt 5.938942 70.047422
vt 6.279060 70.176518
vt 5.992843 70.176518
vt 6.612393 70.176518
vt 6.945727 70.176518
vt 7.279060 70.176518
vt 7.436561 70.000686
vt 7.458503 70.053237
vt 7.509977 70.176518
vt 25.279060 70.176518
vt 25.024708 69.922165
vt 25.050189 70.176518
vt 25.045521 70.130687
vt 25.045359 70.129075
vt 25.612393 70.176518
vt 25.945727 70.176518
vt 26.279060 70.176518
vt 26.612393 70.176518
vt -1.720940 70.445603
vt -1.767125 70.397428
vt -1.906785 70.251753
vt -1.387607 70.509851
vt -1.659345 70.509851
vt -1.054273 70.509851
vt -0.720940 70.509851
vt -0.387607 70.509851
vt -0.054273 70.509851
vt 0.134731 70.274587
vt 0.186481 70.417272
vt 0.206108 70.471389
vt 0.231312 70.509851
vt 1.612393 70.509851
vt 1.422636 70.320093
vt 1.557160 70.509851
vt 1.945727 70.509851
vt 2.279060 70.509851
vt 2.612393 70.509851
vt 2.945727 70.509851
vt 3.279060 70.509851
vt 3.279060 70.212933
vt 3.612393 70.509851
vt 3.383074 70.280532
vt 3.555860 70.392825
vt 3.612393 70.429566
vt 3.292505 70.221671
vt 3.735928 70.509851
vt 6.279060 70.509851
vt 6.026618 70.257409
vt 6.132021 70.509851
vt 6.612393 70.509851
vt 6.945727 70.509851
vt 7.279060 70.509851
vt 7.612393 70.509851
vt 7.572329 70.325851
vt 7.612393 70.421807
vt 7.649155 70.509851
vt 25.279060 70.509851
vt 25.062035 70.292826
vt 25.084139 70.509851
vt 25.078617 70.455627
vt 25.612393 70.509851
vt 25.945727 70.509851
vt 26.279060 70.509851
vt 26.612393 70.509851
vt -1.387607 70.793294
vt -1.557698 70.615876
vt -1.054273 70.843184
vt -1.339777 70.843184
vt -1.348271 70.834325
vt -0.720940 70.843184
vt -0.387607 70.843184
vt -0.054273 70.843184
vt 0.279060 70.843184
vt 0.279060 70.582714
vt 0.449747 70.843184
vt 1.612393 70.587761
vt 1.945727 70.843184
vt 1.793470 70.843184
vt 1.632621 70.616294
vt 2.279060 70.843184
vt 2.612393 70.843184
vt 2.945727 70.843184
vt 3.279060 70.843184
vt 3.612393 70.843184
vt 3.945727 70.843184
vt 3.819214 70.563979
vt 3.945727 70.646199
vt 4.248829 70.843184
vt 6.279060 70.843184
vt 6.265564 70.829688
vt 6.166593 70.592652
vt 6.271199 70.843184
vt 6.612393 70.843184
vt 6.945727 70.843184
vt 7.279060 70.843184
vt 7.612393 70.843184
vt 7.675506 70.572964
vt 7.686154 70.598466
vt 7.711057 70.668297
vt 7.763163 70.843184
vt 25.279060 70.843184
vt 25.099836 70.663960
vt 25.118090 70.843184
vt 25.612393 70.843184
vt 25.945727 70.843184
vt 26.279060 70.843184
vt 26.612393 70.843184
vt -1.054273 71.140986
vt -1.138843 71.052773
vt -0.720940 71.176518
vt -1.020209 71.176518
vt -0.387607 71.176518
vt -0.054273 71.176518
vt 0.279060 71.176518
vt 0.612393 71.176518
vt 0.464647 70.865922
vt 0.612393 71.091384
vt 0.616286 71.097325
vt 0.668182 71.176518
vt 1.945727 70.998334
vt 1.813289 70.871141
vt 2.279060 71.176518
vt 2.192584 71.176518
vt 2.002896 71.053240
vt 2.612393 71.176518
vt 2.945727 71.176518
vt 3.279060 71.176518
vt 3.612393 71.176518
vt 3.945727 71.176518
vt 4.279060 71.176518
vt 4.279060 70.862831
vt 4.612393 71.176518
vt 4.335178 70.899302
vt 4.345924 70.906286
vt 4.609278 71.077440
vt 4.612393 71.079464
vt 4.761730 71.176518
vt 6.279060 70.862012
vt 6.612393 71.176518
vt 6.401659 71.176518
vt 6.379941 71.103625
vt 6.280419 70.865266
vt 6.945727 71.176518
vt 7.279060 71.176518
vt 7.612393 71.176518
vt 7.794140 70.947156
vt 7.827146 71.057937
vt 7.862476 71.176518
vt 25.279060 71.176518
vt 25.137636 71.035094
vt 25.152040 71.176518
vt 25.144808 71.105507
vt 25.612393 71.176518
vt 25.945727 71.176518
vt 26.279060 71.176518
vt 26.612393 71.176518
vt -0.720940 71.509851
vt -0.913175 71.317616
vt -0.974164 71.224545
vt -0.787203 71.509851
vt -0.857967 71.401864
vt -0.387607 71.509851
vt -0.054273 71.509851
vt 0.279060 71.509851
vt 0.612393 71.509851
vt 0.756557 71.311379
vt 0.783523 71.347647
vt 0.904124 71.509851
vt 2.279060 71.232718
vt 2.612393 71.449351
vt 2.529605 71.395547
vt 2.439586 71.337043
vt 2.945727 71.509851
vt 2.705485 71.509851
vt 3.279060 71.509851
vt 3.612393 71.509851
vt 3.945727 71.509851
vt 4.279060 71.509851
vt 4.612393 71.509851
vt 4.945727 71.509851
vt 4.872633 71.248593
vt 4.945727 71.296097
vt 5.273424 71.509851
vt 5.135988 71.419747
vt 5.138353 71.421291
vt 6.612393 71.509851
vt 6.453688 71.351145
vt 6.452425 71.346908
vt 6.500973 71.509851
vt 6.945727 71.509851
vt 7.279060 71.509851
vt 7.612393 71.509851
vt 7.945727 71.509851
vt 7.877224 71.226016
vt 7.945727 71.455936
vt 7.961790 71.509851
vt 25.279060 71.509851
vt 25.175437 71.406227
vt 25.185991 71.509851
vt 25.612393 71.509851
vt 25.945727 71.509851
vt 26.279060 71.509851
vt 26.612393 71.509851
vt -0.720940 71.610968
vt -0.387607 71.843184
vt -0.568768 71.843184
vt -0.706328 71.633267
vt -0.054273 71.843184
vt 0.279060 71.843184
vt 0.612393 71.843184
vt 0.945727 71.843184
vt 0.904710 71.510639
vt 0.945727 71.565805
vt 1.151963 71.843184
vt 2.945727 71.665983
vt 3.279060 71.843184
vt 3.218386 71.843184
vt 3.056315 71.737854
vt 3.612393 71.843184
vt 3.945727 71.843184
vt 4.279060 71.843184
vt 4.612393 71.843184
vt 4.945727 71.843184
vt 5.279060 71.843184
vt 5.279060 71.513546
vt 5.612393 71.843184
vt 5.289790 71.520581
vt 5.399210 71.592323
vt 5.612393 71.732097
vt 5.781823 71.843184
vt 6.612393 71.843184
vt 6.595149 71.825940
vt 6.535509 71.625768
vt 6.600287 71.843184
vt 6.945727 71.843184
vt 7.279060 71.843184
vt 7.612393 71.843184
vt 7.945727 71.843184
vt 7.968607 71.532731
vt 8.043391 71.783734
vt 8.061104 71.843184
vt 25.279060 71.843184
vt 25.213876 71.778001
vt 25.210999 71.755388
vt 25.223398 71.843184
vt 25.216062 71.795172
vt 25.612393 71.843184
vt 25.945727 71.843184
vt 26.279060 71.843184
vt 26.612393 71.843184
vt -0.387607 72.118181
vt -0.403050 72.096071
vt -0.054273 72.176518
vt -0.344767 72.176518
vt -0.379306 72.130064
vt 0.279060 72.176518
vt 0.612393 72.176518
vt 0.945727 72.176518
vt 1.279060 72.176518
vt 1.225769 71.942451
vt 1.279060 72.014125
vt 1.399057 72.176518
vt 1.386298 72.158356
vt 3.279060 71.882616
vt 3.612393 72.099249
vt 3.583024 72.080162
vt 3.391689 71.955813
vt 3.319670 71.909008
vt 3.945727 72.176518
vt 3.731287 72.176518
vt 4.279060 72.176518
vt 4.612393 72.176518
vt 4.945727 72.176518
vt 5.279060 72.176518
vt 5.612393 72.176518
vt 5.945727 72.176518
vt 5.920923 71.934386
vt 5.945727 71.950648
vt 6.279060 72.169199
vt 6.279060 72.176518
vt 6.257807 72.155265
vt 6.181780 72.105417
vt 6.612393 71.883819
vt 6.290222 72.176518
vt 6.945727 72.176518
vt 6.699600 72.176518
vt 6.618593 71.904627
vt 7.279060 72.176518
vt 7.612393 72.176518
vt 7.945727 72.176518
vt 8.110068 72.007525
vt 8.126475 72.062593
vt 8.129633 72.073516
vt 8.158508 72.176518
vt 25.279060 72.176518
vt 25.273483 72.170941
vt 25.259954 72.082404
vt 25.274335 72.176518
vt 25.612393 72.176518
vt 25.945727 72.176518
vt 26.279060 72.176518
vt 26.612393 72.176518
vt -0.054273 72.509851
vt -0.220581 72.343543
vt -0.096929 72.509851
vt 0.279060 72.509851
vt 0.612393 72.509851
vt 0.945727 72.509851
vt 1.279060 72.509851
vt 1.612393 72.509851
vt 1.407961 72.189192
vt 1.586065 72.457804
vt 1.612393 72.497511
vt 1.620575 72.509851
vt 3.945727 72.315881
vt 4.279060 72.509851
vt 4.244188 72.509851
vt 4.109734 72.422469
vt 4.612393 72.509851
vt 4.945727 72.509851
vt 5.279060 72.509851
vt 5.612393 72.509851
vt 5.945727 72.509851
vt 6.279060 72.509851
vt 6.612393 72.509851
vt 6.442637 72.276449
vt 6.612393 72.387750
vt 6.945727 72.509851
vt 6.736609 72.300734
vt 6.701676 72.183486
vt 6.703493 72.447480
vt 6.797838 72.509338
vt 6.783137 72.456897
vt 7.279060 72.509851
vt 7.612393 72.509851
vt 7.945727 72.509851
vt 8.205370 72.343679
vt 8.241396 72.472187
vt 8.251955 72.509851
vt 25.279060 72.207436
vt 25.612393 72.509851
vt 25.325272 72.509851
vt 25.303846 72.369636
vt 25.945727 72.509851
vt 26.279060 72.509851
vt 26.612393 72.509851
vt -0.054273 72.567220
vt -0.058247 72.561876
vt 0.279060 72.843184
vt 0.150910 72.843184
vt 0.102282 72.777781
vt 0.612393 72.843184
vt 0.945727 72.843184
vt 1.279060 72.843184
vt 1.612393 72.843184
vt 1.636675 72.534133
vt 1.764170 72.726417
vt 1.841593 72.843184
vt 4.279060 72.532514
vt 4.612393 72.750531
vt 4.371904 72.592853
vt 4.343792 72.574583
vt 4.945727 72.843184
vt 4.753708 72.843184
vt 4.631579 72.763110
vt 5.279060 72.843184
vt 5.612393 72.843184
vt 5.945727 72.843184
vt 6.279060 72.843184
vt 6.612393 72.843184
vt 6.945727 72.843184
vt 7.279060 72.843184
vt 7.612393 72.843184
vt 7.945727 72.843184
vt 8.279060 72.843184
vt 8.262840 72.548678
vt 8.279060 72.542611
vt 8.612393 72.568081
vt 8.612393 72.843184
vt 8.307119 72.537910
vt 8.565905 72.546904
vt 8.292943 72.537417
vt 8.945727 72.800848
vt 8.945727 72.843184
vt 8.719341 72.616798
vt 8.814458 72.660127
vt 8.985219 72.843184
vt 25.612393 72.843184
vt 25.333608 72.564399
vt 25.376209 72.843184
vt 25.945727 72.843184
vt 26.279060 72.843184
vt 26.612393 72.843184
vt 0.279060 73.020028
vt 0.251565 72.978561
vt 0.612393 73.176518
vt 0.382821 73.176518
vt 0.945727 73.176518
vt 1.279060 73.176518
vt 1.612393 73.176518
vt 1.945727 73.176518
vt 1.942275 72.995030
vt 1.945727 73.000236
vt 2.062611 73.176518
vt 4.945727 72.969082
vt 4.892436 72.934142
vt 5.279060 73.176518
vt 5.262107 73.176518
vt 5.153293 73.105173
vt 5.612393 73.176518
vt 5.945727 73.176518
vt 6.279060 73.176518
vt 6.612393 73.176518
vt 6.945727 73.176518
vt 7.279060 73.176518
vt 7.612393 73.176518
vt 7.945727 73.176518
vt 8.279060 73.176518
vt 8.612393 73.176518
vt 8.945727 73.176518
vt 9.023696 72.921153
vt 9.000763 72.859848
vt 9.096456 73.115662
vt 9.106378 73.176518
vt 25.612393 73.176518
vt 25.393732 72.957857
vt 25.391630 72.944101
vt 25.427146 73.176518
vt 25.945727 73.176518
vt 26.279060 73.176518
vt 26.612393 73.176518
vt 0.612393 73.509851
vt 0.587005 73.484462
vt 0.419253 73.231464
vt 0.603839 73.509851
vt 0.945727 73.509851
vt 1.279060 73.509851
vt 1.612393 73.509851
vt 1.945727 73.509851
vt 2.236394 73.467185
vt 2.120379 73.263642
vt 2.148097 73.309110
vt 2.260226 73.509851
vt 5.279060 73.187633
vt 5.612393 73.406184
vt 5.414149 73.276205
vt 5.311340 73.208797
vt 5.945727 73.509851
vt 5.770505 73.509851
vt 5.675006 73.447236
vt 6.279060 73.509851
vt 6.612393 73.509851
vt 6.945727 73.509851
vt 7.279060 73.509851
vt 7.612393 73.509851
vt 7.945727 73.509851
vt 8.279060 73.509851
vt 8.612393 73.509851
vt 8.945727 73.509851
vt 9.137670 73.368461
vt 9.146981 73.425569
vt 9.160721 73.509851
vt 25.612393 73.509851
vt 25.453857 73.351315
vt 25.435522 73.231333
vt 25.478083 73.509851
vt 25.945727 73.509851
vt 26.279060 73.509851
vt 26.612393 73.509851
vt 0.612393 73.522753
vt 0.945727 73.843184
vt 0.824857 73.843184
vt 0.775462 73.768689
vt 1.279060 73.843184
vt 1.612393 73.843184
vt 1.945727 73.843184
vt 2.279060 73.843184
vt 2.279060 73.543568
vt 2.288910 73.561202
vt 2.429723 73.813293
vt 2.446420 73.843184
vt 5.945727 73.624735
vt 5.935862 73.618268
vt 6.279060 73.840007
vt 6.270898 73.835022
vt 6.215702 73.801314
vt 6.196719 73.789299
vt 6.612393 73.843184
vt 6.284263 73.843184
vt 6.945727 73.843184
vt 7.279060 73.843184
vt 7.612393 73.843184
vt 7.945727 73.843184
vt 8.279060 73.843184
vt 8.612393 73.843184
vt 8.945727 73.843184
vt 9.197505 73.735477
vt 9.202599 73.766723
vt 9.215064 73.843184
vt 25.612393 73.843184
vt 25.528431 73.759222
vt 25.487098 73.561109
vt 25.479415 73.518565
vt 25.545948 73.843184
vt 25.945727 73.843184
vt 26.279060 73.843184
vt 26.612393 73.843184
vt -15.380581 74.176518
vt -15.387607 74.176518
vt -15.387607 74.170000
vt 0.945727 74.027419
vt 0.938843 74.015095
vt 1.279060 74.176518
vt 1.029010 74.176518
vt 1.612393 74.176518
vt 1.945727 74.176518
vt 2.279060 74.176518
vt 2.612393 74.176518
vt 2.546849 74.022978
vt 2.612393 74.109562
vt 2.663079 74.176518
vt 6.612393 74.043571
vt 6.945727 74.176518
vt 6.830092 74.176518
vt 6.718342 74.108273
vt 7.279060 74.176518
vt 7.612393 74.176518
vt 7.945727 74.176518
vt 8.279060 74.176518
vt 8.612393 74.176518
vt 8.945727 74.176518
vt 9.248029 74.045384
vt 9.267528 74.164985
vt 9.269408 74.176518
vt 25.612393 74.161659
vt 25.945727 74.176518
vt 25.615493 74.176518
vt 26.279060 74.176518
vt 26.612393 74.176518
vt -15.054273 74.509851
vt -15.274233 74.275170
vt -15.056054 74.477561
vt -15.054273 74.479230
vt -15.387607 74.509851
vt -15.021904 74.509851
vt -15.050775 74.482509
vt 1.279060 74.509851
vt 1.134398 74.365189
vt 1.066662 74.243925
vt 1.215203 74.509851
vt 1.612393 74.509851
vt 1.945727 74.509851
vt 2.279060 74.509851
vt 2.612393 74.509851
vt 2.710778 74.239529
vt 2.820974 74.385099
vt 2.904025 74.494809
vt 2.915412 74.509851
vt 6.945727 74.247134
vt 7.279060 74.509851
vt 7.143126 74.373917
vt 7.131146 74.360369
vt 7.127117 74.357908
vt 6.969662 74.261752
vt 7.263324 74.509851
vt 7.248570 74.493165
vt 7.612393 74.509851
vt 7.945727 74.509851
vt 8.279060 74.509851
vt 8.612393 74.509851
vt 8.945727 74.509851
vt 9.279060 74.509851
vt 9.279060 74.235722
vt 9.323751 74.509851
vt 25.945727 74.509851
vt 25.616311 74.180435
vt 25.685038 74.509851
vt 25.683487 74.502417
vt 25.618024 74.188648
vt 26.279060 74.509851
vt 26.612393 74.509851
vt -15.054273 74.843184
vt -15.387607 74.843184
vt -14.828042 74.736083
vt -14.919747 74.606599
vt -14.761889 74.829487
vt -14.758775 74.843184
vt 1.279060 74.624170
vt 1.612393 74.843184
vt 1.411848 74.843184
vt 1.401293 74.829242
vt 1.348289 74.748107
vt 1.945727 74.843184
vt 2.279060 74.843184
vt 2.612393 74.843184
vt 2.945727 74.843184
vt 2.945727 74.549897
vt 3.165696 74.843184
vt 3.097271 74.750088
vt 3.103465 74.758397
vt 7.279060 74.527647
vt 7.612393 74.843184
vt 7.558069 74.843184
vt 7.435721 74.704818
vt 7.945727 74.843184
vt 8.279060 74.843184
vt 8.612393 74.843184
vt 8.945727 74.843184
vt 9.279060 74.843184
vt 9.332457 74.563248
vt 9.349078 74.665199
vt 9.373715 74.816319
vt 9.392629 74.843184
vt 25.945727 74.843184
vt 25.704190 74.601648
vt 25.754583 74.843184
vt 26.279060 74.843184
vt 26.612393 74.843184
vt -15.054273 75.176518
vt -15.387607 75.176518
vt -14.720940 75.176518
vt -14.720940 75.009612
vt -14.715126 75.176518
vt -14.701342 75.095818
vt 1.612393 75.108106
vt 1.945727 75.176518
vt 1.664181 75.176518
vt 2.279060 75.176518
vt 2.612393 75.176518
vt 2.945727 75.176518
vt 3.279060 75.176518
vt 3.248749 74.956340
vt 3.279060 74.997637
vt 3.394033 75.154283
vt 3.410352 75.176518
vt 7.612393 74.904620
vt 7.945727 75.176518
vt 7.852815 75.176518
vt 7.810024 75.128125
vt 7.622873 74.916471
vt 8.279060 75.176518
vt 8.612393 75.176518
vt 8.945727 75.176518
vt 9.279060 75.176518
vt 9.612393 75.176518
vt 9.468240 74.950581
vt 9.612393 75.155334
vt 9.627307 75.176518
vt 25.945727 75.176518
vt 25.792070 75.022861
vt 25.824128 75.176518
vt 26.279060 75.176518
vt 26.612393 75.176518
vt -15.054273 75.509851
vt -15.387607 75.509851
vt -14.720940 75.210561
vt -14.747325 75.365046
vt -14.793075 75.437716
vt -14.838487 75.509851
vt -14.715974 75.181484
vt 1.945727 75.509851
vt 1.825511 75.389635
vt 1.787786 75.339801
vt 1.916514 75.509851
vt 2.279060 75.509851
vt 2.612393 75.509851
vt 2.945727 75.509851
vt 3.279060 75.509851
vt 3.612393 75.509851
vt 3.539317 75.352226
vt 3.612393 75.498432
vt 3.618100 75.509851
vt 7.945727 75.281593
vt 8.279060 75.509851
vt 8.147561 75.509851
vt 7.997176 75.339778
vt 8.612393 75.509851
vt 8.945727 75.509851
vt 9.279060 75.509851
vt 9.612393 75.509851
vt 9.655381 75.216394
vt 9.662783 75.226908
vt 9.842523 75.482207
vt 9.861985 75.509851
vt 25.945727 75.509851
vt 25.879950 75.444074
vt 25.879877 75.443725
vt 25.893673 75.509851
vt 26.279060 75.509851
vt 26.612393 75.509851
vt -15.054273 75.710519
vt -15.115725 75.754041
vt -15.138287 75.759170
vt -15.387607 75.813639
vt -15.382056 75.814588
vt -14.936803 75.627321
vt -14.892837 75.596183
vt 1.945727 75.548441
vt 2.279060 75.843184
vt 2.163038 75.843184
vt 2.120124 75.784715
vt 1.977906 75.590949
vt 2.612393 75.843184
vt 2.945727 75.843184
vt 3.279060 75.843184
vt 3.612393 75.843184
vt 3.623803 75.521261
vt 3.645002 75.563674
vt 3.720970 75.814727
vt 3.729581 75.843184
vt 8.279060 75.693419
vt 8.158657 75.522400
vt 8.612393 75.843184
vt 8.384500 75.843184
vt 8.323489 75.756525
vt 8.945727 75.843184
vt 9.279060 75.843184
vt 9.612393 75.843184
vt 9.945727 75.843184
vt 9.945727 75.628796
vt 10.029664 75.748019
vt 10.096663 75.843184
vt 25.945727 75.759213
vt 25.945340 75.757494
vt 26.279060 75.843184
vt 25.965584 75.843184
vt 25.950694 75.781328
vt 26.612393 75.843184
vt 2.279060 76.001258
vt 2.612393 76.176518
vt 2.367755 76.176518
vt 2.339738 76.083930
vt 2.945727 76.176518
vt 3.279060 76.176518
vt 3.612393 76.176518
vt 3.780428 76.011219
vt 3.796938 76.065780
vt 3.830447 76.176518
vt 8.612393 76.166880
vt 8.945727 76.176518
vt 8.619178 76.176518
vt 9.279060 76.176518
vt 9.612393 76.176518
vt 9.945727 76.176518
vt 10.279060 76.176518
vt 10.216805 76.013832
vt 10.279060 76.102257
vt 10.331342 76.176518
vt 26.279060 76.176518
vt 25.971879 75.869337
vt 26.045822 76.176518
vt 26.612393 76.176518
vt 2.612393 76.509851
vt 2.406239 76.303697
vt 2.380975 76.220206
vt 2.468621 76.509851
vt 2.945727 76.509851
vt 3.279060 76.509851
vt 3.612393 76.509851
vt 3.862255 76.281633
vt 3.945727 76.479717
vt 3.945727 76.509851
vt 3.946277 76.481023
vt 3.958425 76.509851
vt 8.945727 76.509851
vt 8.635319 76.199443
vt 8.853857 76.509851
vt 8.697772 76.288151
vt 9.279060 76.509851
vt 9.612393 76.509851
vt 9.945727 76.509851
vt 10.279060 76.509851
vt 10.403947 76.279645
vt 10.455708 76.353166
vt 10.566020 76.509851
vt 26.279060 76.509851
vt 26.077555 76.308346
vt 26.126060 76.509851
vt 26.084748 76.338229
vt 26.612393 76.509851
vt 2.612393 76.843184
vt 2.556281 76.787072
vt 2.532911 76.722312
vt 2.579665 76.843184
vt 2.557843 76.791401
vt 2.945727 76.843184
vt 3.279060 76.843184
vt 3.612393 76.843184
vt 3.945727 76.843184
vt 3.967673 76.531798
vt 4.044580 76.714301
vt 4.098891 76.843184
vt 8.945727 76.640342
vt 9.279060 76.843184
vt 9.088535 76.843184
vt 9.072055 76.819776
vt 9.612393 76.843184
vt 9.945727 76.843184
vt 10.279060 76.843184
vt 10.612393 76.843184
vt 10.591088 76.545457
vt 10.612393 76.575719
vt 10.778229 76.811270
vt 10.800698 76.843184
vt 26.279060 76.843184
vt 26.183231 76.747355
vt 26.151775 76.616680
vt 26.206298 76.843184
vt 26.612393 76.843184
vt 2.612393 76.920851
vt 2.945727 77.176518
vt 2.720130 77.176518
vt 2.656146 77.024679
vt 3.279060 77.176518
vt 3.612393 77.176518
vt 3.945727 77.176518
vt 4.142883 76.947580
vt 4.210440 77.107897
vt 4.239356 77.176518
vt 9.279060 77.113803
vt 9.612393 77.176518
vt 9.323213 77.176518
vt 9.945727 77.176518
vt 10.279060 77.176518
vt 10.612393 77.176518
vt 10.945727 77.176518
vt 10.930550 77.027624
vt 10.945727 77.042788
vt 11.079569 77.176518
vt 26.279060 77.169747
vt 26.274053 77.124659
vt 26.218802 76.895130
vt 26.612393 77.176518
vt 26.279812 77.176518
vt 2.945727 77.509851
vt 2.798595 77.362719
vt 2.754449 77.257958
vt 2.860596 77.509851
vt 3.279060 77.509851
vt 3.612393 77.509851
vt 3.945727 77.509851
vt 4.279060 77.509851
vt 4.241185 77.180859
vt 4.279060 77.304020
vt 4.321511 77.509851
vt 4.282462 77.315081
vt 9.612393 77.509851
vt 9.428243 77.325701
vt 9.557891 77.509851
vt 9.446337 77.351402
vt 9.945727 77.509851
vt 10.279060 77.509851
vt 10.612393 77.509851
vt 10.945727 77.509851
vt 11.279060 77.509851
vt 11.119304 77.216219
vt 11.279060 77.375840
vt 11.350846 77.447566
vt 11.413184 77.509851
vt 26.612393 77.509851
vt 26.279906 77.177363
vt 26.316826 77.509851
vt 2.945727 77.769593
vt 2.923651 77.659484
vt 3.279060 77.843184
vt 2.960481 77.843184
vt 3.612393 77.843184
vt 3.945727 77.843184
vt 4.279060 77.843184
vt 4.332157 77.562948
vt 4.335211 77.578182
vt 4.387961 77.841283
vt 4.388342 77.843184
vt 9.612393 77.587265
vt 9.945727 77.843184
vt 9.792569 77.843184
vt 9.633479 77.617214
vt 10.279060 77.843184
vt 10.612393 77.843184
vt 10.945727 77.843184
vt 11.279060 77.843184
vt 11.612393 77.843184
vt 11.582389 77.678913
vt 11.612393 77.708892
vt 11.746799 77.843184
vt 26.612393 77.843184
vt 26.321543 77.552334
vt 26.350236 77.843184
vt 26.351744 77.824307
vt 26.329612 77.625000
vt 3.279060 78.176518
vt 2.964181 77.861639
vt 2.962528 77.853393
vt 3.027312 78.176518
vt 3.612393 78.176518
vt 3.945727 78.176518
vt 4.279060 78.176518
vt 4.415746 77.979870
vt 4.440710 78.104384
vt 4.455172 78.176518
vt 9.945727 78.022695
vt 9.898230 77.975238
vt 9.820620 77.883027
vt 10.279060 78.176518
vt 10.099679 78.176518
vt 10.612393 78.176518
vt 10.945727 78.176518
vt 11.279060 78.176518
vt 11.612393 78.176518
vt 11.945727 78.176518
vt 11.813931 77.910260
vt 11.945727 78.041944
vt 12.045474 78.141608
vt 12.080413 78.176518
vt 26.612393 78.176518
vt 26.344974 77.909098
vt 26.323622 78.176518
vt 26.337380 78.004205
vt 3.279060 78.509851
vt 3.047771 78.278561
vt 3.094142 78.509851
vt 3.068027 78.379595
vt 3.612393 78.509851
vt 3.945727 78.509851
vt 4.279060 78.509851
vt 4.484105 78.320829
vt 4.516318 78.413775
vt 4.549615 78.509851
vt 10.279060 78.355748
vt 10.129772 78.206586
vt 10.612393 78.509851
vt 10.433293 78.509851
vt 10.361315 78.437933
vt 10.945727 78.509851
vt 11.279060 78.509851
vt 11.612393 78.509851
vt 11.945727 78.509851
vt 12.279060 78.509851
vt 12.277016 78.372955
vt 12.279060 78.374997
vt 12.414028 78.509851
vt 26.612393 78.509851
vt 26.320327 78.217785
vt 26.280349 78.509851
vt 26.303157 78.432843
vt 26.316941 78.260196
vt 3.279060 78.843184
vt 3.136559 78.700684
vt 3.120776 78.642696
vt 3.183444 78.843184
vt 3.145713 78.734314
vt 3.612393 78.843184
vt 3.945727 78.843184
vt 4.279060 78.843184
vt 4.612393 78.843184
vt 4.576058 78.586151
vt 4.612393 78.690993
vt 4.665138 78.843184
vt 10.612393 78.688800
vt 10.592857 78.669280
vt 10.945727 78.843184
vt 10.766908 78.843184
vt 11.279060 78.843184
vt 11.612393 78.843184
vt 11.945727 78.843184
vt 12.279060 78.843184
vt 12.612393 78.843184
vt 12.508559 78.604302
vt 12.612393 78.708049
vt 12.740102 78.835649
vt 12.747643 78.843184
vt 26.279060 78.514202
vt 26.279060 78.843184
vt 26.203888 78.768012
vt 26.181624 78.843184
vt 26.612393 78.843184
vt 26.280054 78.510845
vt 3.279060 79.119076
vt 3.612393 79.176518
vt 3.298967 79.176518
vt 3.945727 79.176518
vt 4.279060 79.176518
vt 4.612393 79.176518
vt 4.683593 78.896434
vt 4.693113 78.923904
vt 4.780662 79.176518
vt 10.945727 79.021852
vt 10.824400 78.900627
vt 11.279060 79.176518
vt 11.100523 79.176518
vt 11.055942 79.131975
vt 11.612393 79.176518
vt 11.945727 79.176518
vt 12.279060 79.176518
vt 12.612393 79.176518
vt 12.945727 79.176518
vt 12.945727 79.041101
vt 13.081257 79.176518
vt 26.279060 79.176518
vt 26.120667 79.018125
vt 26.138462 78.988915
vt 26.024170 79.176518
vt 26.612393 79.176518
vt 3.612393 79.509851
vt 3.309526 79.206984
vt 3.414491 79.509851
vt 3.945727 79.509851
vt 4.279060 79.509851
vt 4.612393 79.509851
vt 4.869909 79.434033
vt 4.885714 79.479637
vt 4.900178 79.509851
vt 11.279060 79.354904
vt 11.612393 79.509851
vt 11.434137 79.509851
vt 11.287485 79.363322
vt 11.945727 79.509851
vt 12.279060 79.509851
vt 12.612393 79.509851
vt 12.945727 79.509851
vt 13.279060 79.509851
vt 13.203187 79.298344
vt 13.279060 79.374153
vt 13.414872 79.509851
vt 19.279060 79.445815
vt 19.279060 79.509851
vt 19.225369 79.456160
vt 18.946709 79.509851
vt 18.975903 79.504226
vt 19.612393 79.388803
vt 19.612393 79.509851
vt 19.504852 79.402310
vt 19.563664 79.390978
vt 19.945727 79.395831
vt 19.945727 79.509851
vt 19.818831 79.382955
vt 19.795786 79.380616
vt 20.279060 79.429656
vt 20.279060 79.509851
vt 20.189808 79.420599
vt 20.055627 79.406983
vt 20.612393 79.468635
vt 20.612393 79.509851
vt 20.560786 79.458244
vt 20.575309 79.459718
vt 20.315468 79.433351
vt 20.783788 79.509851
vt 25.945727 79.509851
vt 25.868279 79.432403
vt 25.919726 79.347956
vt 25.945727 79.305278
vt 25.821096 79.509851
vt 26.279060 79.509851
vt 25.994473 79.225264
vt 26.612393 79.509851
vt 3.612393 79.843184
vt 3.486321 79.717112
vt 3.468318 79.665164
vt 3.530014 79.843184
vt 3.945727 79.843184
vt 4.279060 79.843184
vt 4.612393 79.843184
vt 4.945727 79.843184
vt 4.945727 79.604998
vt 5.002444 79.723476
vt 5.059751 79.843184
vt 11.612393 79.687957
vt 11.519027 79.594669
vt 11.945727 79.843184
vt 11.767752 79.843184
vt 11.750570 79.826016
vt 12.279060 79.843184
vt 12.612393 79.843184
vt 12.945727 79.843184
vt 13.279060 79.843184
vt 13.612393 79.843184
vt 13.434729 79.529691
vt 13.612393 79.707206
vt 13.666272 79.761038
vt 13.748487 79.843184
vt 18.279060 79.733052
vt 18.279060 79.843184
vt 18.206630 79.770755
vt 18.067488 79.843184
vt 18.612393 79.585100
vt 18.612393 79.843184
vt 18.425850 79.656641
vt 18.463994 79.636786
vt 18.945727 79.510040
vt 18.945727 79.843184
vt 18.668205 79.565662
vt 18.682022 79.560850
vt 19.279060 79.843184
vt 18.945885 79.510010
vt 19.612393 79.843184
vt 19.945727 79.843184
vt 20.279060 79.843184
vt 20.612393 79.843184
vt 20.749845 79.647302
vt 20.784475 79.510016
vt 20.822092 79.524643
vt 20.772757 79.608403
vt 20.634469 79.843184
vt 25.612393 79.751377
vt 25.612393 79.843184
vt 25.569708 79.800499
vt 25.532614 79.843184
vt 25.945727 79.843184
vt 25.724691 79.622149
vt 25.818328 79.514395
vt 25.684346 79.668577
vt 26.279060 79.843184
vt 26.612393 79.843184
vt 3.612393 80.062091
vt 3.605877 80.048479
vt 3.575853 79.975447
vt 3.945727 80.176518
vt 3.667171 80.176518
vt 4.279060 80.176518
vt 4.612393 80.176518
vt 4.945727 80.176518
vt 5.164466 80.061924
vt 5.219325 80.176518
vt 11.945727 80.021009
vt 12.279060 80.176518
vt 12.101367 80.176518
vt 11.982112 80.057364
vt 12.612393 80.176518
vt 12.945727 80.176518
vt 13.279060 80.176518
vt 13.612393 80.176518
vt 13.945727 80.176518
vt 13.897814 79.992386
vt 13.945727 80.040258
vt 14.082101 80.176518
vt 17.612393 80.080344
vt 17.612393 80.176518
vt 17.551937 80.116061
vt 17.590166 80.091928
vt 17.459784 80.176518
vt 17.478464 80.162442
vt 17.945727 79.906619
vt 17.945727 80.176518
vt 17.768299 79.999090
vt 17.810102 79.977303
vt 18.279060 80.176518
vt 17.987428 79.884886
vt 18.030390 79.862495
vt 18.612393 80.176518
vt 18.945727 80.176518
vt 19.279060 80.176518
vt 19.612393 80.176518
vt 19.945727 80.176518
vt 20.279060 80.176518
vt 20.612393 79.880665
vt 20.502728 80.066852
vt 20.458242 80.142379
vt 20.446322 80.176518
vt 20.626286 79.857077
vt 22.086674 80.136214
vt 22.162588 80.176518
vt 22.062935 80.176518
vt 25.279060 80.038858
vt 25.279060 80.176518
vt 25.187999 80.085457
vt 25.010057 80.176518
vt 25.612393 80.176518
vt 25.408496 79.972620
vt 25.429458 79.961893
vt 25.506118 79.873676
vt 25.321989 80.016889
vt 25.945727 80.176518
vt 26.279060 80.176518
vt 26.612393 80.176518
vt 3.945727 80.509851
vt 3.717477 80.281602
vt 3.826745 80.509851
vt 4.279060 80.509851
vt 4.612393 80.509851
vt 4.945727 80.509851
vt 5.279060 80.509851
vt 5.270055 80.282488
vt 5.279060 80.301299
vt 5.378898 80.509851
vt 12.279060 80.354061
vt 12.213655 80.288711
vt 12.612393 80.509851
vt 12.434981 80.509851
vt 12.945727 80.509851
vt 13.279060 80.509851
vt 13.612393 80.509851
vt 13.945727 80.509851
vt 14.279060 80.509851
vt 14.129357 80.223733
vt 14.265103 80.359365
vt 14.279060 80.365312
vt 14.612393 80.507339
vt 14.612393 80.509851
vt 14.608016 80.505473
vt 14.447062 80.436894
vt 14.618290 80.509851
vt 17.279060 80.312697
vt 17.279060 80.509851
vt 17.166627 80.397418
vt 17.017417 80.509851
vt 17.070053 80.470189
vt 17.612393 80.509851
vt 17.356721 80.254178
vt 17.945727 80.509851
vt 18.279060 80.509851
vt 18.612393 80.509851
vt 18.945727 80.509851
vt 19.279060 80.509851
vt 19.612393 80.509851
vt 19.945727 80.509851
vt 20.279060 80.509851
vt 20.403033 80.300490
vt 20.368203 80.400237
vt 20.374430 80.509851
vt 21.945727 80.375511
vt 21.945727 80.509851
vt 21.895930 80.460055
vt 21.866600 80.509851
vt 22.019489 80.250280
vt 22.262860 80.229753
vt 22.279060 80.238354
vt 22.279060 80.509851
vt 21.979059 80.318921
vt 22.612393 80.509851
vt 22.410882 80.308340
vt 22.467810 80.338563
vt 22.612393 80.381582
vt 22.945727 80.480762
vt 22.945727 80.509851
vt 22.904317 80.468441
vt 22.632744 80.387638
vt 22.874176 80.459473
vt 23.043491 80.509851
vt 24.279060 80.440343
vt 24.279060 80.509851
vt 24.222656 80.453447
vt 23.979859 80.509851
vt 24.612393 80.362907
vt 24.612393 80.509851
vt 24.493150 80.390608
vt 24.478907 80.393917
vt 24.945727 80.209438
vt 24.945727 80.509851
vt 24.747006 80.311131
vt 24.673629 80.348681
vt 25.279060 80.509851
vt 24.967503 80.198294
vt 25.612393 80.509851
vt 25.945727 80.509851
vt 26.279060 80.509851
vt 26.612393 80.509851
vt 3.945727 80.758392
vt 3.873488 80.607492
vt 4.279060 80.843184
vt 3.986318 80.843184
vt 4.612393 80.843184
vt 4.945727 80.843184
vt 5.279060 80.843184
vt 5.457324 80.688115
vt 5.403860 80.561995
vt 5.418879 80.595610
vt 5.521770 80.843184
vt 12.612393 80.687113
vt 12.945727 80.843184
vt 12.768596 80.843184
vt 12.676740 80.751405
vt 13.279060 80.843184
vt 13.612393 80.843184
vt 13.945727 80.843184
vt 14.279060 80.843184
vt 14.612393 80.843184
vt 14.945727 80.843184
vt 14.753602 80.567505
vt 14.945727 80.649366
vt 15.279060 80.791393
vt 15.279060 80.843184
vt 15.188818 80.752942
vt 15.060142 80.698116
vt 15.400613 80.843184
vt 16.945727 80.563871
vt 16.945727 80.843184
vt 16.806749 80.704207
vt 16.865847 80.624062
vt 16.704269 80.843184
vt 17.279060 80.843184
vt 16.976533 80.540658
vt 17.612393 80.843184
vt 17.945727 80.843184
vt 18.279060 80.843184
vt 18.612393 80.843184
vt 18.945727 80.843184
vt 19.279060 80.843184
vt 19.612393 80.843184
vt 19.945727 80.843184
vt 20.279060 80.843184
vt 20.380175 80.610966
vt 20.383695 80.672924
vt 20.465825 80.843184
vt 21.945727 80.843184
vt 21.772372 80.669829
vt 21.821802 80.585909
vt 21.670265 80.843184
vt 22.279060 80.843184
vt 22.612393 80.843184
vt 22.945727 80.843184
vt 23.279060 80.843184
vt 23.115609 80.531309
vt 23.248792 80.570936
vt 23.279060 80.571199
vt 23.612393 80.843184
vt 23.340947 80.571738
vt 23.465546 80.572823
vt 23.612393 80.574101
vt 23.945727 80.843184
vt 23.677208 80.574665
vt 23.700005 80.574864
vt 23.897798 80.528915
vt 23.945727 80.517780
vt 24.279060 80.843184
vt 23.952161 80.516285
vt 24.612393 80.843184
vt 24.945727 80.843184
vt 25.279060 80.843184
vt 25.612393 80.843184
vt 25.945727 80.843184
vt 26.279060 80.843184
vt 26.612393 80.843184
vt 4.279060 81.176518
vt 4.023596 80.921054
vt 4.007293 80.886998
vt 4.144211 81.176518
vt 4.133147 81.149895
vt 4.612393 81.176518
vt 4.945727 81.176518
vt 5.279060 81.176518
vt 5.612393 81.176518
vt 5.525592 80.852381
vt 5.612393 81.061242
vt 5.660301 81.176518
vt 12.945727 81.020165
vt 12.908282 80.982753
vt 13.279060 81.176518
vt 13.102211 81.176518
vt 13.612393 81.176518
vt 13.945727 81.176518
vt 14.279060 81.176518
vt 14.612393 81.176518
vt 14.945727 81.176518
vt 15.279060 81.176518
vt 15.612393 81.176518
vt 15.612393 80.933420
vt 15.945727 81.075447
vt 15.945727 81.176518
vt 15.769620 81.000411
vt 15.673223 80.959338
vt 16.182937 81.176518
vt 16.612393 80.967781
vt 16.612393 81.176518
vt 16.550435 81.114559
vt 16.594619 80.991885
vt 16.528118 81.176518
vt 16.945727 81.176518
vt 16.665275 80.896066
vt 17.279060 81.176518
vt 17.612393 81.176518
vt 17.945727 81.176518
vt 18.279060 81.176518
vt 18.612393 81.176518
vt 18.945727 81.176518
vt 19.279060 81.075243
vt 19.278618 81.075329
vt 19.194147 81.091604
vt 19.099288 81.109881
vt 18.985963 81.168872
vt 18.971275 81.176518
vt 19.612393 81.011018
vt 19.572499 81.018705
vt 19.473630 81.037754
vt 19.945727 81.004048
vt 19.894099 80.998809
vt 19.753779 80.984570
vt 19.751079 80.984296
vt 20.279060 81.037872
vt 20.153940 81.025176
vt 20.124757 81.022215
vt 20.587346 81.151470
vt 20.502361 80.918925
vt 20.612393 81.017127
vt 20.612393 81.164831
vt 20.577650 81.146298
vt 20.413373 81.082420
vt 20.305785 81.040584
vt 20.706134 81.100789
vt 20.923009 81.176518
vt 20.634301 81.176518
vt 21.279060 81.154892
vt 21.279060 81.176518
vt 21.264472 81.161929
vt 21.215883 81.176518
vt 21.236679 81.175336
vt 21.612393 80.911330
vt 21.612393 81.176518
vt 21.487333 81.051457
vt 21.482680 81.056670
vt 21.945727 81.176518
vt 21.644531 80.875322
vt 21.664544 80.852897
vt 22.279060 81.176518
vt 22.612393 81.176518
vt 22.945727 81.176518
vt 23.279060 81.176518
vt 23.612393 81.176518
vt 23.945727 81.176518
vt 24.279060 81.176518
vt 24.612393 81.176518
vt 24.945727 81.176518
vt 25.279060 81.176518
vt 25.612393 81.176518
vt 25.945727 81.176518
vt 26.279060 81.176518
vt 26.612393 81.176518
vt 4.279060 81.500990
vt 4.612393 81.509851
vt 4.282743 81.509851
vt 4.945727 81.509851
vt 5.279060 81.509851
vt 5.612393 81.509851
vt 5.694370 81.258495
vt 5.739017 81.365922
vt 5.761646 81.428648
vt 5.786638 81.509851
vt 13.279060 81.353218
vt 13.612393 81.509851
vt 13.466753 81.509851
vt 13.371367 81.445447
vt 13.945727 81.509851
vt 14.279060 81.509851
vt 14.612393 81.509851
vt 14.945727 81.509851
vt 15.279060 81.509851
vt 15.612393 81.509851
vt 15.945727 81.509851
vt 16.279060 81.509851
vt 16.279060 81.217474
vt 16.612393 81.509851
vt 16.350422 81.247880
vt 16.482193 81.304025
vt 16.517595 81.205734
vt 16.286303 81.220560
vt 16.945727 81.509851
vt 17.279060 81.509851
vt 17.612393 81.509851
vt 17.945727 81.509851
vt 18.279060 81.509851
vt 18.612393 81.363430
vt 18.549576 81.396168
vt 18.516138 81.413595
vt 18.388412 81.480163
vt 18.349012 81.509851
vt 18.945727 81.189816
vt 18.769337 81.281635
vt 18.735267 81.299391
vt 18.954473 81.185264
vt 20.684871 81.203493
vt 20.945727 81.184450
vt 20.945727 81.341985
vt 20.686256 81.204230
vt 21.279060 81.509851
vt 20.957915 81.188706
vt 20.963993 81.190828
vt 21.261911 81.509851
vt 21.237142 81.496701
vt 20.961699 81.350465
vt 21.612393 81.509851
vt 21.945727 81.509851
vt 22.279060 81.509851
vt 22.612393 81.509851
vt 22.945727 81.509851
vt 23.279060 81.509851
vt 23.612393 81.509851
vt 23.945727 81.509851
vt 24.279060 81.509851
vt 24.612393 81.509851
vt 24.945727 81.509851
vt 25.279060 81.509851
vt 25.612393 81.509851
vt 25.945727 81.509851
vt 26.279060 81.509851
vt 26.612393 81.509851
vt 4.612393 81.843184
vt 4.285362 81.516153
vt 4.421274 81.843184
vt 4.339505 81.646431
vt 4.945727 81.843184
vt 5.279060 81.843184
vt 5.612393 81.843184
vt 5.864113 81.761570
vt 5.889232 81.843184
vt 13.612393 81.603042
vt 13.591745 81.594244
vt 13.945727 81.745069
vt 13.898285 81.724855
vt 13.774770 81.672228
vt 14.279060 81.843184
vt 14.176000 81.843184
vt 14.612393 81.843184
vt 14.945727 81.843184
vt 15.279060 81.843184
vt 15.612393 81.843184
vt 15.945727 81.843184
vt 16.279060 81.843184
vt 16.612393 81.843184
vt 16.945727 81.843184
vt 17.279060 81.843184
vt 17.612393 81.843184
vt 17.945727 81.843184
vt 18.279060 81.562562
vt 18.237136 81.594152
vt 18.119026 81.683150
vt 18.032931 81.748025
vt 18.019153 81.758407
vt 17.988618 81.843184
vt 18.309120 81.539911
vt 21.279060 81.518956
vt 21.612393 81.695926
vt 21.512585 81.642937
vt 21.298469 81.529260
vt 21.945727 81.843184
vt 21.919939 81.843184
vt 21.788029 81.789172
vt 22.279060 81.843184
vt 22.612393 81.843184
vt 22.945727 81.843184
vt 23.279060 81.843184
vt 23.612393 81.843184
vt 23.945727 81.843184
vt 24.279060 81.843184
vt 24.612393 81.843184
vt 24.945727 81.843184
vt 25.279060 81.830954
vt 25.270105 81.834229
vt 25.245619 81.843184
vt 25.612393 81.665611
vt 25.560248 81.692296
vt 25.494931 81.725721
vt 25.314933 81.817833
vt 25.945727 81.737910
vt 25.874390 81.681405
vt 25.775750 81.582015
vt 25.715427 81.612885
vt 26.279060 81.843184
vt 26.094590 81.843184
vt 26.023656 81.799636
vt 26.612393 81.843184
vt 4.612393 82.176518
vt 4.489054 82.053178
vt 4.433407 81.872379
vt 4.527015 82.176518
vt 4.504885 82.104615
vt 4.945727 82.176518
vt 5.279060 82.176518
vt 5.612393 82.176518
vt 5.945727 82.176518
vt 5.924239 81.956924
vt 5.945727 82.026739
vt 5.991826 82.176518
vt 14.279060 81.887096
vt 14.204826 81.855466
vt 14.612393 82.029123
vt 14.511366 81.986077
vt 14.355572 81.919697
vt 14.945727 82.171150
vt 14.936374 82.167165
vt 14.817906 82.116688
vt 15.279060 82.176518
vt 14.958324 82.176518
vt 15.612393 82.176518
vt 15.945727 82.176518
vt 16.279060 82.176518
vt 16.612393 82.176518
vt 16.945727 82.176518
vt 17.279060 82.176518
vt 17.612393 82.176518
vt 17.945727 81.962267
vt 17.907510 82.068371
vt 17.903384 82.134175
vt 17.900729 82.176518
vt 17.977260 81.874718
vt 21.945727 81.852545
vt 21.935019 81.849359
vt 22.279060 81.951725
vt 22.176451 81.921194
vt 21.959052 81.856510
vt 22.612393 82.050904
vt 22.433574 81.997699
vt 22.417883 81.993030
vt 22.945727 82.143451
vt 22.906821 82.137612
vt 22.900748 82.136701
vt 22.659316 82.064865
vt 23.279060 82.171260
vt 23.273756 82.171214
vt 23.121930 82.169892
vt 23.612393 82.174162
vt 23.610017 82.174141
vt 23.945727 82.157510
vt 23.928606 82.159397
vt 23.781307 82.175632
vt 24.279060 82.082951
vt 24.259853 82.087413
vt 24.203132 82.100590
vt 23.969298 82.154912
vt 24.612393 82.005514
vt 24.550408 82.019914
vt 24.473627 82.037751
vt 24.945727 81.928077
vt 24.840962 81.952415
vt 24.744121 81.974912
vt 25.014616 81.912073
vt 25.131517 81.884916
vt 26.279060 81.956436
vt 26.612393 82.156534
vt 26.583275 82.143203
vt 26.572405 82.136529
vt 26.303465 81.971419
vt 4.612393 82.453916
vt 4.945727 82.509851
vt 4.629609 82.509851
vt 5.279060 82.509851
vt 5.612393 82.509851
vt 5.945727 82.509851
vt 6.002156 82.210082
vt 6.014151 82.244942
vt 6.097632 82.487554
vt 6.105304 82.509851
vt 15.279060 82.313177
vt 15.124447 82.247299
vt 15.612393 82.455204
vt 15.517177 82.414634
vt 15.430987 82.377910
vt 15.945727 82.509851
vt 15.740647 82.509851
vt 15.737527 82.508521
vt 16.279060 82.509851
vt 16.612393 82.509851
vt 16.945727 82.509851
vt 17.279060 82.509851
vt 17.612393 82.509851
vt 17.899048 82.203329
vt 17.887158 82.397589
vt 17.884062 82.448186
vt 17.883931 82.450327
vt 17.901767 82.509851
vt 4.612393 82.564107
vt 4.612393 82.843184
vt 4.438225 82.669015
vt 4.467569 82.637293
vt 4.283906 82.843184
vt 4.299053 82.819464
vt 4.945727 82.843184
vt 4.637264 82.534721
vt 4.641743 82.549275
vt 5.279060 82.843184
vt 5.612393 82.843184
vt 5.945727 82.843184
vt 6.189018 82.753142
vt 6.196820 82.775816
vt 6.220017 82.843184
vt 15.945727 82.597231
vt 16.279060 82.701424
vt 16.179248 82.681170
vt 16.088973 82.653097
vt 16.044068 82.639133
vt 16.612393 82.843184
vt 16.331362 82.843184
vt 16.310393 82.773209
vt 16.302654 82.706212
vt 16.945727 82.843184
vt 17.279060 82.843184
vt 17.612393 82.843184
vt 17.945727 82.843184
vt 17.912326 82.545087
vt 17.945727 82.656550
vt 17.981592 82.776237
vt 18.001653 82.843184
vt 4.279060 82.850774
vt 4.279060 83.176518
vt 4.152117 83.049574
vt 4.071058 83.176518
vt 4.135754 83.075200
vt 4.612393 83.176518
vt 4.282018 82.846142
vt 4.945727 83.176518
vt 5.279060 83.176518
vt 5.612393 83.176518
vt 5.945727 83.176518
vt 6.279060 83.176518
vt 6.269411 82.986631
vt 6.279060 83.014652
vt 6.318267 83.128514
vt 6.347001 83.176518
vt 16.612393 83.176518
vt 16.353740 82.917864
vt 16.431247 83.176518
vt 16.945727 83.176518
vt 17.279060 83.176518
vt 17.612393 83.176518
vt 17.945727 83.176518
vt 18.025582 82.923040
vt 18.050858 83.007388
vt 18.067292 83.071874
vt 18.089370 83.176518
vt 3.945727 83.407273
vt 3.945727 83.509851
vt 3.919125 83.483250
vt 3.909811 83.509851
vt 4.279060 83.509851
vt 4.022216 83.253007
vt 3.972454 83.330936
vt 4.612393 83.509851
vt 4.945727 83.509851
vt 5.279060 83.509851
vt 5.612393 83.509851
vt 5.945727 83.509851
vt 6.279060 83.509851
vt 6.448319 83.345777
vt 6.546533 83.509851
vt 16.612393 83.509851
vt 16.496364 83.393821
vt 16.448925 83.235510
vt 16.524474 83.509851
vt 16.508631 83.434761
vt 16.945727 83.509851
vt 17.279060 83.509851
vt 17.612393 83.509851
vt 17.945727 83.509851
vt 18.127780 83.358571
vt 18.128899 83.363875
vt 18.159698 83.509851
vt 3.945727 83.843184
vt 3.853916 83.751373
vt 3.866310 83.634096
vt 3.844213 83.843184
vt 4.279060 83.843184
vt 4.612393 83.843184
vt 4.945727 83.843184
vt 5.279060 83.843184
vt 5.612393 83.843184
vt 5.945727 83.843184
vt 6.279060 83.843184
vt 6.612393 83.843184
vt 6.610636 83.616940
vt 6.612393 83.619876
vt 6.746065 83.843184
vt 16.612393 83.843184
vt 16.590098 83.820889
vt 16.563364 83.694176
vt 16.594802 83.843184
vt 16.945727 83.843184
vt 17.279060 83.843184
vt 17.612393 83.843184
vt 17.945727 83.843184
vt 18.190506 83.655875
vt 18.216913 83.781038
vt 18.230025 83.843184
vt 3.945727 84.176518
vt 3.822055 84.052846
vt 3.835764 83.923127
vt 3.808984 84.176518
vt 4.279060 84.176518
vt 4.612393 84.176518
vt 4.945727 84.176518
vt 5.279060 84.118246
vt 5.244476 84.060470
vt 5.231361 84.038561
vt 5.222734 84.120192
vt 5.216781 84.176518
vt 5.612393 84.176518
vt 5.313941 84.176518
vt 5.945727 84.176518
vt 6.279060 84.176518
vt 6.612393 84.176518
vt 6.862643 84.093434
vt 6.775562 83.892462
vt 6.831488 84.009190
vt 6.893368 84.176518
vt 16.612393 83.926563
vt 16.945727 84.176518
vt 16.665130 84.176518
vt 16.624971 83.986177
vt 17.279060 84.176518
vt 17.612393 84.176518
vt 17.945727 84.176518
vt 18.279060 84.176518
vt 18.252113 83.947876
vt 18.279060 84.075594
vt 18.300353 84.176518
vt 3.945727 84.509851
vt 3.790194 84.354318
vt 3.805218 84.212158
vt 3.775167 84.509851
vt 3.774672 84.501189
vt 4.279060 84.509851
vt 4.612393 84.509851
vt 4.945727 84.509851
vt 5.197464 84.359297
vt 5.190873 84.421664
vt 5.181553 84.509851
vt 5.612393 84.509851
vt 5.365957 84.263415
vt 5.513473 84.509851
vt 5.945727 84.509851
vt 6.279060 84.509851
vt 6.612393 84.503635
vt 6.604541 84.501999
vt 6.526599 84.485760
vt 6.399474 84.509851
vt 6.945727 84.509851
vt 6.945727 84.318098
vt 6.642227 84.509851
vt 7.016639 84.509851
vt 16.945727 84.509851
vt 16.679231 84.243356
vt 16.735457 84.509851
vt 17.279060 84.509851
vt 17.612393 84.509851
vt 17.945727 84.509851
vt 18.279060 84.509851
vt 18.306047 84.203504
vt 18.313721 84.239876
vt 18.370681 84.509851
vt 3.945727 84.843184
vt 3.785026 84.682483
vt 3.813458 84.843184
vt 3.787574 84.727104
vt 4.279060 84.843184
vt 4.612393 84.843184
vt 4.945727 84.843184
vt 5.178968 84.534313
vt 5.216381 84.702099
vt 5.238881 84.803006
vt 5.247840 84.843184
vt 5.612393 84.748946
vt 5.540946 84.555747
vt 5.945727 84.809660
vt 5.932141 84.829599
vt 5.922884 84.843184
vt 5.647244 84.843184
vt 5.633505 84.806034
vt 6.279060 84.532670
vt 6.258248 84.536614
vt 6.085600 84.649725
vt 6.029786 84.686291
vt 6.298244 84.529035
vt 6.945727 84.644862
vt 6.793983 84.541469
vt 7.058253 84.622377
vt 7.061695 84.631685
vt 7.124779 84.802267
vt 7.019695 84.695262
vt 16.945727 84.843184
vt 16.768365 84.665822
vt 16.748185 84.570178
vt 16.805785 84.843184
vt 17.279060 84.843184
vt 17.612393 84.843184
vt 17.945727 84.843184
vt 18.279060 84.843184
vt 18.395180 84.625971
vt 18.436935 84.823877
vt 18.441009 84.843184
vt 3.945727 85.176518
vt 3.871158 85.101949
vt 3.849939 85.006791
vt 3.887785 85.176518
vt 4.279060 85.176518
vt 4.612393 85.176518
vt 4.945727 85.176518
vt 5.279060 85.176518
vt 5.278746 84.981786
vt 5.279060 84.983193
vt 5.322168 85.176518
vt 5.667695 84.898486
vt 5.875994 84.912003
vt 5.842408 85.073199
vt 5.748609 85.117282
vt 5.820882 85.176518
vt 5.770515 85.176518
vt 16.945727 85.176518
vt 16.857498 85.088289
vt 16.809793 84.862179
vt 16.876113 85.176518
vt 17.279060 85.176518
vt 17.612393 85.176518
vt 17.945727 85.176518
vt 18.279060 85.176518
vt 18.484314 85.048438
vt 18.498542 85.115878
vt 18.508435 85.176518
vt 3.945727 85.436365
vt 3.912304 85.286478
vt 4.279060 85.509851
vt 3.961772 85.509851
vt 3.961676 85.507892
vt 4.612393 85.509851
vt 4.945727 85.509851
vt 5.279060 85.509851
vt 5.334539 85.231996
vt 5.341111 85.261473
vt 5.357043 85.379376
vt 5.363470 85.509851
vt 5.820284 85.179388
vt 5.868222 85.432346
vt 5.793544 85.357668
vt 5.804591 85.268661
vt 5.787669 85.405001
vt 5.871139 85.447738
vt 5.911832 85.509851
vt 5.774655 85.509851
vt 16.945727 85.509851
vt 16.935804 85.499928
vt 16.925368 85.409973
vt 16.936955 85.509851
vt 17.279060 85.509851
vt 17.612393 85.509851
vt 17.945727 85.509851
vt 18.279060 85.509851
vt 18.539193 85.436651
vt 18.510445 85.188841
vt 18.546946 85.503478
vt 18.547685 85.509851
vt -2.054273 85.809386
vt -2.054273 85.843184
vt -2.071738 85.825719
vt -2.090414 85.843184
vt -1.720940 85.587481
vt -1.720940 85.843184
vt -1.884867 85.679257
vt -1.742820 85.591076
vt -1.974869 85.735129
vt -1.387607 85.566842
vt -1.387607 85.843184
vt -1.654266 85.576525
vt -1.473308 85.546790
vt -1.054273 85.718892
vt -1.054273 85.843184
vt -1.313209 85.584248
vt -1.207363 85.609013
vt -0.938970 85.843184
vt -0.985474 85.768272
vt 4.279060 85.843184
vt 3.962604 85.526728
vt 3.978193 85.843184
vt 4.612393 85.843184
vt 4.945727 85.843184
vt 5.279060 85.843184
vt 5.367844 85.598635
vt 5.372303 85.689154
vt 5.379891 85.843184
vt 5.756739 85.654197
vt 5.945727 85.561587
vt 5.945727 85.843184
vt 5.733282 85.843184
vt 5.749752 85.710493
vt 6.020816 85.676200
vt 6.184800 85.843184
vt 16.945727 85.585466
vt 17.279060 85.843184
vt 16.975624 85.843184
vt 16.957604 85.687853
vt 17.612393 85.843184
vt 17.945727 85.843184
vt 18.279060 85.843184
vt 18.582937 85.813728
vt 18.583446 85.818115
vt 18.586354 85.843184
vt -2.387607 86.121112
vt -2.387607 86.176518
vt -2.416237 86.147887
vt -2.446853 86.176518
vt -2.054273 86.176518
vt -2.243988 85.986803
vt -2.149450 85.898394
vt -2.324032 86.061658
vt -1.720940 86.176518
vt -1.387607 86.176518
vt -1.054273 86.176518
vt -0.830466 86.066991
vt -0.841422 86.000321
vt -0.812469 86.176518
vt 4.279060 86.176518
vt 3.979876 85.877333
vt 3.994615 86.176518
vt 4.612393 86.176518
vt 4.945727 86.176518
vt 5.279060 86.176518
vt 5.385116 85.949240
vt 5.387564 85.998932
vt 5.396312 86.176518
vt 5.945727 86.176518
vt 5.719934 85.950725
vt 5.691909 86.176518
vt 6.279060 86.176518
vt 6.198454 85.857088
vt 6.279060 85.939168
vt 6.376093 86.037975
vt 6.512147 86.176518
vt 17.279060 86.176518
vt 16.979547 85.877005
vt 17.014293 86.176518
vt 17.612393 86.176518
vt 17.945727 86.176518
vt 18.279060 86.176518
vt 18.612393 86.176518
vt 18.612393 86.067647
vt 18.625023 86.176518
vt -2.387607 86.509851
vt -2.571285 86.326173
vt -2.498613 86.224923
vt -2.672621 86.509851
vt -2.657872 86.446812
vt -2.054273 86.509851
vt -1.720940 86.509851
vt -1.387607 86.509851
vt -1.054273 86.509851
vt -0.828197 86.402594
vt -0.797135 86.269833
vt -0.853292 86.509851
vt 4.279060 86.509851
vt 3.997148 86.227939
vt 4.011036 86.509851
vt 4.004520 86.377595
vt 4.612393 86.509851
vt 4.945727 86.509851
vt 5.279060 86.509851
vt 5.402388 86.299845
vt 5.402825 86.308710
vt 5.412733 86.509851
vt 5.945727 86.509851
vt 5.683130 86.247254
vt 5.650537 86.509851
vt 5.673917 86.321476
vt 6.279060 86.509851
vt 6.612393 86.509851
vt 6.553731 86.218863
vt 6.563475 86.228591
vt 6.612393 86.276483
vt 6.850766 86.509851
vt 17.279060 86.509851
vt 17.023291 86.254082
vt 17.052962 86.509851
vt 17.030605 86.317127
vt 17.612393 86.509851
vt 17.945727 86.509851
vt 18.279060 86.509851
vt 18.612393 86.509851
vt 18.626680 86.190805
vt 18.656446 86.447389
vt 18.663692 86.509851
vt -2.387607 86.843184
vt -2.681783 86.549008
vt -2.698663 86.843184
vt -2.720095 86.712756
vt -2.054273 86.843184
vt -1.720940 86.843184
vt -1.387607 86.843184
vt -1.054273 86.843184
vt -0.859358 86.535777
vt -0.903205 86.596867
vt -0.862679 86.598991
vt -0.720940 86.666596
vt -0.720940 86.843184
vt -0.459689 86.843184
vt -0.616159 86.716573
vt -0.482781 86.816170
vt 4.279060 86.843184
vt 4.014420 86.578544
vt 4.000129 86.843184
vt 4.017462 86.640301
vt 4.612393 86.843184
vt 4.945727 86.843184
vt 5.279060 86.843184
vt 5.417548 86.648339
vt 5.418085 86.618488
vt 5.612393 86.817166
vt 5.612393 86.843184
vt 5.609521 86.840311
vt 5.416392 86.712517
vt 5.405229 86.843184
vt 5.609164 86.843184
vt 5.945727 86.843184
vt 5.646325 86.543783
vt 5.636000 86.626967
vt 6.279060 86.843184
vt 6.612393 86.843184
vt 6.945727 86.843184
vt 6.945727 86.602818
vt 7.019906 86.843184
vt 6.977365 86.633793
vt 7.038471 86.693615
vt 17.279060 86.843184
vt 17.067035 86.631159
vt 17.091631 86.843184
vt 17.612393 86.843184
vt 17.945727 86.843184
vt 18.279060 86.843184
vt 18.612393 86.843184
vt 18.670424 86.567882
vt 18.692946 86.762026
vt 18.702361 86.843184
vt -2.387607 87.176518
vt -2.694282 86.869842
vt -2.555221 87.176518
vt -2.675809 86.982268
vt -2.054273 87.176518
vt -1.720940 87.176518
vt -1.387607 87.176518
vt -1.054273 87.176518
vt -0.720940 87.176518
vt -0.387607 87.176518
vt -0.387607 86.927511
vt -0.216006 87.176518
vt -0.282384 87.050607
vt 4.279060 87.176518
vt 3.995847 86.893304
vt 3.998713 86.859758
vt 3.959233 87.176518
vt 3.971983 87.162163
vt 3.972972 87.161049
vt 3.975952 87.126173
vt 4.612393 87.176518
vt 4.945727 87.176518
vt 5.279060 87.176518
vt 5.395298 86.959422
vt 5.612393 87.176518
vt 5.578330 87.142455
vt 5.595724 86.954259
vt 5.598083 86.932459
vt 5.393631 86.978932
vt 5.376751 87.176518
vt 5.575182 87.176518
vt 5.945727 87.176518
vt 6.279060 87.176518
vt 6.612393 87.176518
vt 6.945727 87.176518
vt 7.011716 86.909174
vt 6.988773 87.094019
vt 6.981149 87.176518
vt 17.279060 87.176518
vt 17.110778 87.008236
vt 17.103605 86.946401
vt 17.130300 87.176518
vt 17.612393 87.176518
vt 17.945727 87.176518
vt 18.279060 87.176518
vt 18.612393 87.176518
vt 18.714168 86.944959
vt 18.729446 87.076663
vt 18.741030 87.176518
vt -2.387607 87.317779
vt -2.531756 87.214317
vt -2.054273 87.433377
vt -2.154105 87.410019
vt -2.309867 87.373576
vt -1.720940 87.397099
vt -1.727738 87.377902
vt -1.726906 87.362023
vt -1.774410 87.391512
vt -1.830124 87.400667
vt -2.043922 87.435799
vt -1.387607 87.509851
vt -1.681012 87.509851
vt -1.054273 87.509851
vt -0.720940 87.509851
vt -0.387607 87.509851
vt -0.054273 87.509851
vt -0.129906 87.339839
vt -0.054273 87.483304
vt -0.040279 87.509851
vt 3.945727 87.509851
vt 3.796077 87.360201
vt 3.816669 87.337018
vt 3.945727 87.191723
vt 3.663151 87.509851
vt 4.279060 87.509851
vt 3.952879 87.183670
vt 4.612393 87.509851
vt 4.945727 87.509851
vt 5.279060 87.509851
vt 5.370870 87.245347
vt 5.369062 87.266519
vt 5.612393 87.509851
vt 5.550129 87.447587
vt 5.571717 87.214013
vt 5.348273 87.509851
vt 5.544375 87.509851
vt 5.547710 87.473768
vt 5.945727 87.509851
vt 6.279060 87.509851
vt 6.612393 87.509851
vt 6.945727 87.509851
vt 6.978152 87.208943
vt 6.965775 87.342855
vt 6.950341 87.509851
vt 17.279060 87.509851
vt 17.154522 87.385313
vt 17.140105 87.261038
vt 17.168969 87.509851
vt 17.612393 87.509851
vt 17.945727 87.509851
vt 18.279060 87.509851
vt 18.612393 87.509851
vt 18.757911 87.322036
vt 18.765947 87.391300
vt 18.779699 87.509851
vt -1.387607 87.843184
vt -1.659120 87.571671
vt -1.447311 87.843184
vt -1.453807 87.838333
vt -1.636565 87.635362
vt -1.054273 87.843184
vt -0.720940 87.843184
vt -0.387607 87.843184
vt -0.054273 87.843184
vt -0.024675 87.539450
vt 0.022572 87.629071
vt 0.135449 87.843184
vt 3.612393 87.578198
vt 3.612393 87.843184
vt 3.509419 87.740210
vt 3.586318 87.613521
vt 3.446914 87.843184
vt 3.945727 87.843184
vt 3.641420 87.538878
vt 3.661355 87.511873
vt 4.279060 87.843184
vt 4.612393 87.843184
vt 4.945727 87.843184
vt 5.279060 87.751694
vt 5.243515 87.807639
vt 5.220930 87.843184
vt 5.334658 87.565449
vt 5.348110 87.511762
vt 5.612393 87.843184
vt 5.521929 87.752719
vt 5.523703 87.733522
vt 5.293814 87.728473
vt 5.513568 87.843184
vt 5.945727 87.843184
vt 6.279060 87.843184
vt 6.612393 87.843184
vt 6.945727 87.559783
vt 6.941769 87.602609
vt 6.921750 87.819208
vt 6.919534 87.843184
vt 6.949951 87.514075
vt 17.279060 87.843184
vt 17.198266 87.762390
vt 17.176605 87.575675
vt 17.207638 87.843184
vt 17.612393 87.843184
vt 17.945727 87.843184
vt 18.279060 87.843184
vt 18.612393 87.843184
vt 18.801655 87.699113
vt 18.802447 87.705937
vt 18.818368 87.843184
vt -1.387607 87.956194
vt -1.447101 87.843341
vt -1.054273 88.176518
vt -1.271456 88.176518
vt -1.368349 87.992724
vt -0.720940 88.176518
vt -0.387607 88.176518
vt -0.054273 88.176518
vt 0.279060 88.176518
vt 0.175050 87.918303
vt 0.279060 88.115597
vt 0.311176 88.176518
vt 3.279060 88.176518
vt 3.257606 88.155064
vt 3.264924 88.143008
vt 3.279060 88.119719
vt 3.244584 88.176518
vt 3.612393 88.176518
vt 3.383512 87.947637
vt 3.425621 87.878264
vt 3.945727 88.176518
vt 4.279060 88.176518
vt 4.612393 88.176518
vt 4.945727 88.174040
vt 4.944561 88.175352
vt 4.943526 88.176518
vt 5.101364 87.998821
vt 5.174004 87.917041
vt 5.018691 88.091896
vt 5.612393 88.176518
vt 5.493580 88.057704
vt 5.499775 87.992422
vt 5.482305 88.176518
vt 5.945727 88.176518
vt 6.279060 88.176518
vt 6.612393 88.176518
vt 6.893546 88.124337
vt 6.917762 87.862364
vt 6.893755 88.122118
vt 6.893594 88.123827
vt 6.888594 88.176518
vt 17.279060 88.176518
vt 17.242009 88.139467
vt 17.213105 87.890312
vt 17.246307 88.176518
vt 17.612393 88.176518
vt 17.945727 88.176518
vt 18.279060 88.176518
vt 18.612393 88.176518
vt 18.838947 88.020573
vt 18.845399 88.076190
vt 18.857038 88.176518
vt -1.054273 88.509851
vt -1.141951 88.422174
vt -1.215871 88.281956
vt -1.095729 88.509851
vt -0.720940 88.509851
vt -0.387607 88.509851
vt -0.054273 88.509851
vt 0.279060 88.509851
vt 0.340148 88.237606
vt 0.327528 88.207535
vt 0.375032 88.320724
vt 0.435524 88.509851
vt 3.279060 88.509851
vt 3.131700 88.362491
vt 3.077216 88.509851
vt 3.104226 88.407752
vt 3.612393 88.509851
vt 3.945727 88.509851
vt 4.279060 88.509851
vt 4.612393 88.509851
vt 4.787759 88.351883
vt 4.750188 88.394181
vt 4.679977 88.509851
vt 5.612393 88.509851
vt 5.464689 88.362147
vt 5.474078 88.263208
vt 5.450673 88.509851
vt 5.945727 88.509851
vt 6.279060 88.509851
vt 6.612393 88.509851
vt 6.867817 88.395468
vt 6.864656 88.428780
vt 6.856962 88.509851
vt 8.612393 88.470422
vt 8.612393 88.509851
vt 8.520907 88.418364
vt 8.543842 88.396842
vt 8.436633 88.509851
vt 8.446367 88.488313
vt 8.649127 88.509851
vt 17.279060 88.458850
vt 17.612393 88.509851
vt 17.284976 88.509851
vt 17.945727 88.509851
vt 18.279060 88.509851
vt 18.612393 88.509851
vt 18.889142 88.453267
vt 18.895707 88.509851
vt -1.054273 88.588487
vt -1.063393 88.571188
vt -0.720940 88.843184
vt -0.927728 88.843184
vt -0.939649 88.805916
vt -0.387607 88.843184
vt -0.054273 88.843184
vt 0.279060 88.843184
vt 0.461333 88.590539
vt 0.509104 88.739895
vt 0.542141 88.843184
vt 3.279060 88.843184
vt 3.049708 88.613832
vt 3.004381 88.843184
vt 3.002898 88.790774
vt 3.612393 88.843184
vt 3.945727 88.843184
vt 4.279060 88.843184
vt 4.612393 88.621193
vt 4.528543 88.759334
vt 4.477647 88.843184
vt 4.654449 88.551907
vt 4.622404 88.604701
vt 5.612393 88.843184
vt 5.435799 88.666590
vt 5.448301 88.534848
vt 5.419041 88.843184
vt 5.422523 88.806489
vt 5.945727 88.843184
vt 6.279060 88.843184
vt 6.612393 88.843184
vt 6.842039 88.667109
vt 6.837098 88.719174
vt 6.945727 88.770924
vt 6.945727 88.843184
vt 7.026525 88.843184
vt 6.973192 88.784008
vt 8.612393 88.843184
vt 8.387586 88.618377
vt 8.330516 88.843184
vt 8.333884 88.737202
vt 8.945727 88.843184
vt 8.655182 88.516350
vt 8.847610 88.722897
vt 8.857561 88.733360
vt 8.945727 88.824164
vt 8.964194 88.843184
vt 17.612393 88.843184
vt 17.285753 88.516544
vt 17.323646 88.843184
vt 17.322606 88.834222
vt 17.286106 88.519585
vt 17.945727 88.843184
vt 18.279060 88.843184
vt 18.612393 88.843184
vt 18.911947 88.649847
vt 18.932886 88.830344
vt 18.934376 88.843184
vt -0.720940 89.176518
vt -0.868218 89.029239
vt -0.872119 89.017045
vt -0.821111 89.176518
vt -0.387607 89.176518
vt -0.054273 89.176518
vt 0.279060 89.176518
vt 0.612393 89.176518
vt 0.547633 88.860355
vt 0.612393 89.062824
vt 0.648758 89.176518
vt 3.279060 89.176518
vt 3.006090 88.903547
vt 3.013816 89.176518
vt 3.011019 89.077709
vt 3.612393 89.176518
vt 3.945727 89.176518
vt 4.279060 89.176518
vt 4.461706 88.869445
vt 4.408181 88.957626
vt 4.408609 88.972733
vt 4.410459 89.038101
vt 4.414376 89.176518
vt 5.612393 89.176518
vt 5.406908 88.971032
vt 5.387408 89.176518
vt 5.396745 89.078130
vt 5.945727 89.176518
vt 6.279060 89.176518
vt 6.612393 89.176518
vt 6.945727 89.176518
vt 7.192650 89.090108
vt 7.156045 88.986894
vt 7.223295 89.176518
vt 8.612393 89.176518
vt 8.328931 88.893055
vt 8.387991 89.176518
vt 8.325208 89.010190
vt 8.945727 89.176518
vt 9.156070 89.053527
vt 8.989246 88.868986
vt 9.097720 88.980707
vt 9.254620 89.176518
vt 17.612393 89.176518
vt 17.329497 88.893621
vt 17.363061 89.176518
vt 17.359106 89.148859
vt 17.945727 89.176518
vt 18.279060 89.176518
vt 18.612393 89.176518
vt 18.945727 89.176518
vt 18.945727 88.941031
vt 18.945999 88.943376
vt 18.985684 89.176518
f 1/1 2/2 3/3
f 1/1 3/3 4/4
f 1/1 4/4 5/5
f 3/3 2/2 6/6
f 7/7 8/8 1/1
f 8/8 2/2 1/1
f 9/9 10/10 7/7
f 10/10 8/8 7/7
f 11/11 12/12 9/9
f 12/12 10/10 9/9
f 13/13 14/14 11/11
f 14/14 12/12 11/11
f 13/13 15/15 16/16
f 13/13 16/16 17/17
f 13/13 17/17 18/18
f 14/14 13/13 18/18
f 14/14 18/18 19/19
f 20/20 15/15 21/21
f 16/16 15/15 20/20
f 22/22 23/23 24/24
f 25/25 26/26 23/23
f 26/26 27/27 28/28
f 26/26 28/28 29/29
f 29/29 24/24 23/23
f 29/29 23/23 26/26
f 30/30 31/31 25/25
f 31/31 26/26 25/25
f 32/32 30/30 33/33
f 31/31 30/30 32/32
f 31/31 32/32 34/34
f 31/31 34/34 35/35
f 36/36 37/37 38/38
f 36/36 38/38 39/39
f 36/36 39/39 40/40
f 37/37 41/41 42/42
f 37/37 42/42 38/38
f 43/43 44/44 36/36
f 44/44 37/37 36/36
f 45/45 46/46 43/43
f 46/46 44/44 43/43
f 47/47 48/48 45/45
f 48/48 46/46 45/45
f 49/49 47/47 50/50
f 48/48 47/47 49/49
f 48/48 49/49 51/51
f 52/52 53/53 54/54
f 52/52 54/54 55/55
f 52/52 55/55 56/56
f 54/54 53/53 57/57
f 58/58 59/59 52/52
f 59/59 53/53 52/52
f 60/60 61/61 58/58
f 61/61 59/59 58/58
f 62/62 63/63 60/60
f 63/63 61/61 60/60
f 64/64 65/65 62/62
f 65/65 63/63 62/62
f 66/66 64/64 67/67
f 65/65 64/64 66/66
f 65/65 66/66 68/68
f 65/65 68/68 69/69
f 70/70 71/71 72/72
f 70/70 72/72 73/73
f 74/74 70/70 73/73
f 74/74 73/73 75/75
f 74/74 75/75 76/76
f 74/74 76/76 77/77
f 6/6 2/2 78/78
f 6/6 78/78 79/79
f 6/6 79/79 80/80
f 71/71 80/80 79/79
f 71/71 79/79 81/81
f 71/71 81/81 72/72
f 8/8 82/82 2/2
f 2/2 82/82 83/83
f 2/2 83/83 84/84
f 2/2 84/84 78/78
f 10/10 85/85 8/8
f 85/85 82/82 8/8
f 12/12 86/86 10/10
f 86/86 85/85 10/10
f 12/12 14/14 87/87
f 12/12 87/87 88/88
f 86/86 12/12 88/88
f 86/86 88/88 89/89
f 86/86 89/89 90/90
f 91/91 14/14 19/19
f 87/87 14/14 91/91
f 26/26 92/92 93/93
f 26/26 93/93 94/94
f 26/26 94/94 27/27
f 93/93 92/92 95/95
f 26/26 31/31 96/96
f 26/26 96/96 97/97
f 92/92 26/26 97/97
f 92/92 97/97 98/98
f 92/92 98/98 99/99
f 100/100 31/31 35/35
f 100/100 35/35 101/101
f 96/96 31/31 100/100
f 102/102 103/103 104/104
f 104/104 103/103 105/105
f 37/37 106/106 107/107
f 37/37 107/107 41/41
f 106/106 103/103 102/102
f 106/106 102/102 108/108
f 106/106 108/108 107/107
f 44/44 109/109 37/37
f 109/109 106/106 37/37
f 46/46 110/110 44/44
f 110/110 109/109 44/44
f 48/48 111/111 46/46
f 111/111 110/110 46/46
f 112/112 48/48 51/51
f 112/112 51/51 113/113
f 111/111 48/48 112/112
f 111/111 112/112 114/114
f 53/53 115/115 116/116
f 53/53 116/116 117/117
f 53/53 117/117 57/57
f 116/116 115/115 118/118
f 59/59 119/119 53/53
f 119/119 115/115 53/53
f 61/61 120/120 59/59
f 120/120 119/119 59/59
f 63/63 121/121 61/61
f 121/121 120/120 61/61
f 65/65 122/122 63/63
f 122/122 121/121 63/63
f 123/123 65/65 69/69
f 122/122 65/65 123/123
f 122/122 123/123 124/124
f 125/125 126/126 127/127
f 125/125 127/127 128/128
f 129/129 125/125 128/128
f 129/129 128/128 130/130
f 131/131 77/77 76/76
f 131/131 76/76 132/132
f 131/131 132/132 133/133
f 133/133 127/127 126/126
f 133/133 126/126 134/134
f 133/133 134/134 131/131
f 83/83 82/82 135/135
f 82/82 85/85 136/136
f 82/82 136/136 137/137
f 82/82 137/137 138/138
f 82/82 138/138 139/139
f 82/82 139/139 135/135
f 85/85 86/86 140/140
f 85/85 140/140 141/141
f 136/136 85/85 141/141
f 136/136 141/141 142/142
f 136/136 142/142 143/143
f 144/144 86/86 90/90
f 140/140 86/86 144/144
f 145/145 146/146 147/147
f 145/145 147/147 148/148
f 145/145 148/148 149/149
f 145/145 149/149 150/150
f 147/147 146/146 151/151
f 152/152 146/146 145/145
f 95/95 92/92 153/153
f 153/153 154/154 155/155
f 153/153 155/155 156/156
f 153/153 156/156 95/95
f 157/157 155/155 154/154
f 157/157 154/154 158/158
f 159/159 92/92 99/99
f 92/92 159/159 160/160
f 92/92 160/160 153/153
f 103/103 161/161 162/162
f 103/103 162/162 163/163
f 103/103 163/163 105/105
f 162/162 161/161 164/164
f 106/106 165/165 103/103
f 165/165 161/161 103/103
f 109/109 166/166 106/106
f 166/166 165/165 106/106
f 110/110 167/167 109/109
f 167/167 166/166 109/109
f 111/111 168/168 110/110
f 168/168 167/167 110/110
f 169/169 111/111 114/114
f 169/169 114/114 170/170
f 168/168 111/111 169/169
f 168/168 169/169 171/171
f 168/168 171/171 172/172
f 115/115 173/173 174/174
f 115/115 174/174 175/175
f 115/115 175/175 118/118
f 174/174 173/173 176/176
f 119/119 177/177 115/115
f 177/177 173/173 115/115
f 120/120 178/178 119/119
f 178/178 177/177 119/119
f 121/121 179/179 120/120
f 179/179 178/178 120/120
f 122/122 180/180 121/121
f 180/180 179/179 121/121
f 122/122 124/124 181/181
f 122/122 181/181 182/182
f 180/180 122/122 182/182
f 180/180 182/182 183/183
f 180/180 183/183 184/184
f 185/185 186/186 187/187
f 187/187 186/186 188/188
f 189/189 129/129 130/130
f 189/189 130/130 190/190
f 189/189 190/190 191/191
f 189/189 191/191 192/192
f 185/185 192/192 191/191
f 185/185 191/191 193/193
f 185/185 193/193 194/194
f 185/185 194/194 186/186
f 195/195 143/143 142/142
f 195/195 142/142 196/196
f 197/197 198/198 199/199
f 199/199 198/198 200/200
f 146/146 201/201 202/202
f 146/146 202/202 203/203
f 146/146 203/203 151/151
f 201/201 198/198 197/197
f 201/201 197/197 202/202
f 204/204 146/146 152/152
f 204/204 152/152 205/205
f 204/204 205/205 206/206
f 204/204 201/201 146/146
f 207/207 208/208 209/209
f 207/207 209/209 210/210
f 207/207 204/204 206/206
f 207/207 206/206 208/208
f 211/211 212/212 213/213
f 207/207 210/210 214/214
f 207/207 214/214 213/213
f 207/207 213/213 212/212
f 215/215 216/216 217/217
f 215/215 217/217 218/218
f 215/215 218/218 219/219
f 220/220 219/219 218/218
f 220/220 218/218 221/221
f 220/220 221/221 212/212
f 220/220 212/212 211/211
f 222/222 157/157 158/158
f 222/222 158/158 223/223
f 222/222 223/223 224/224
f 222/222 224/224 225/225
f 222/222 225/225 226/226
f 216/216 226/226 225/225
f 216/216 225/225 227/227
f 216/216 227/227 217/217
f 161/161 228/228 229/229
f 161/161 229/229 164/164
f 229/229 228/228 230/230
f 165/165 231/231 161/161
f 231/231 228/228 161/161
f 166/166 232/232 165/165
f 232/232 231/231 165/165
f 167/167 233/233 166/166
f 233/233 232/232 166/166
f 167/167 168/168 234/234
f 167/167 234/234 235/235
f 233/233 167/167 235/235
f 233/233 235/235 236/236
f 233/233 236/236 237/237
f 238/238 168/168 172/172
f 234/234 168/168 238/238
f 173/173 239/239 240/240
f 173/173 240/240 176/176
f 239/239 241/241 242/242
f 239/239 242/242 240/240
f 177/177 243/243 173/173
f 243/243 239/239 173/173
f 178/178 244/244 177/177
f 244/244 243/243 177/177
f 179/179 245/245 178/178
f 245/245 244/244 178/178
f 180/180 246/246 179/179
f 246/246 245/245 179/179
f 247/247 180/180 184/184
f 246/246 180/180 247/247
f 246/246 247/247 248/248
f 246/246 248/248 249/249
f 186/186 250/250 251/251
f 186/186 251/251 252/252
f 186/186 252/252 188/188
f 250/250 253/253 254/254
f 250/250 254/254 251/251
f 186/186 194/194 255/255
f 186/186 255/255 256/256
f 186/186 256/256 257/257
f 257/257 250/250 186/186
f 258/258 257/257 256/256
f 259/259 260/260 261/261
f 261/261 260/260 262/262
f 198/198 263/263 264/264
f 198/198 264/264 200/200
f 263/263 260/260 259/259
f 263/263 259/259 265/265
f 263/263 265/265 264/264
f 201/201 266/266 198/198
f 266/266 263/263 198/198
f 204/204 267/267 201/201
f 267/267 266/266 201/201
f 207/207 268/268 204/204
f 268/268 267/267 204/204
f 212/212 269/269 207/207
f 269/269 268/268 207/207
f 212/212 221/221 270/270
f 212/212 270/270 271/271
f 269/269 212/212 271/271
f 269/269 271/271 272/272
f 269/269 272/272 273/273
f 274/274 275/275 276/276
f 274/274 276/276 277/277
f 275/275 274/274 278/278
f 228/228 279/279 280/280
f 228/228 280/280 230/230
f 279/279 274/274 277/277
f 279/279 277/277 280/280
f 231/231 281/281 228/228
f 281/281 279/279 228/228
f 232/232 282/282 231/231
f 282/282 281/281 231/231
f 233/233 283/283 232/232
f 283/283 282/282 232/232
f 284/284 233/233 237/237
f 283/283 233/233 284/284
f 283/283 284/284 285/285
f 283/283 285/285 286/286
f 239/239 287/287 288/288
f 239/239 288/288 241/241
f 287/287 289/289 290/290
f 287/287 290/290 288/288
f 243/243 291/291 239/239
f 291/291 287/287 239/239
f 244/244 292/292 243/243
f 292/292 291/291 243/243
f 245/245 293/293 244/244
f 293/293 292/292 244/244
f 246/246 294/294 245/245
f 294/294 293/293 245/245
f 295/295 246/246 249/249
f 294/294 246/246 295/295
f 294/294 295/295 296/296
f 294/294 296/296 297/297
f 298/298 299/299 300/300
f 298/298 300/300 301/301
f 299/299 298/298 302/302
f 250/250 303/303 304/304
f 250/250 304/304 253/253
f 303/303 298/298 301/301
f 303/303 301/301 304/304
f 257/257 305/305 250/250
f 305/305 303/303 250/250
f 306/306 257/257 258/258
f 307/307 308/308 309/309
f 305/305 257/257 306/306
f 305/305 306/306 310/310
f 305/305 310/310 309/309
f 305/305 309/309 308/308
f 308/308 307/307 311/311
f 308/308 311/311 312/312
f 260/260 313/313 314/314
f 260/260 314/314 315/315
f 260/260 315/315 262/262
f 314/314 313/313 316/316
f 263/263 317/317 260/260
f 317/317 313/313 260/260
f 266/266 318/318 263/263
f 318/318 317/317 263/263
f 267/267 319/319 266/266
f 319/319 318/318 266/266
f 268/268 320/320 267/267
f 320/320 319/319 267/267
f 268/268 269/269 321/321
f 268/268 321/321 322/322
f 320/320 268/268 322/322
f 320/320 322/322 323/323
f 320/320 323/323 324/324
f 325/325 269/269 273/273
f 321/321 269/269 325/325
f 326/326 327/327 328/328
f 328/328 327/327 329/329
f 274/274 330/330 331/331
f 274/274 331/331 278/278
f 330/330 327/327 326/326
f 330/330 326/326 331/331
f 279/279 332/332 274/274
f 332/332 330/330 274/274
f 281/281 333/333 279/279
f 333/333 332/332 279/279
f 282/282 334/334 281/281
f 334/334 333/333 281/281
f 282/282 283/283 335/335
f 282/282 335/335 336/336
f 334/334 282/282 336/336
f 334/334 336/336 337/337
f 338/338 283/283 286/286
f 283/283 338/338 339/339
f 283/283 339/339 335/335
f 287/287 340/340 341/341
f 287/287 341/341 289/289
f 341/341 340/340 342/342
f 291/291 343/343 287/287
f 343/343 340/340 287/287
f 292/292 344/344 291/291
f 344/344 343/343 291/291
f 293/293 345/345 292/292
f 345/345 344/344 292/292
f 294/294 346/346 293/293
f 346/346 345/345 293/293
f 347/347 294/294 297/297
f 346/346 294/294 347/347
f 346/346 347/347 348/348
f 346/346 348/348 349/349
f 350/350 351/351 352/352
f 352/352 351/351 353/353
f 298/298 354/354 355/355
f 298/298 355/355 302/302
f 354/354 351/351 350/350
f 354/354 350/350 356/356
f 354/354 356/356 355/355
f 303/303 357/357 298/298
f 357/357 354/354 298/298
f 305/305 358/358 303/303
f 358/358 357/357 303/303
f 308/308 359/359 305/305
f 359/359 358/358 305/305
f 360/360 308/308 312/312
f 360/360 312/312 361/361
f 360/360 361/361 362/362
f 360/360 362/362 363/363
f 359/359 308/308 360/360
f 359/359 360/360 364/364
f 365/365 363/363 362/362
f 366/366 367/367 368/368
f 368/368 367/367 369/369
f 368/368 369/369 370/370
f 368/368 370/370 371/371
f 313/313 372/372 373/373
f 313/313 373/373 316/316
f 372/372 367/367 366/366
f 372/372 366/366 374/374
f 372/372 374/374 373/373
f 317/317 375/375 313/313
f 375/375 372/372 313/313
f 318/318 376/376 317/317
f 376/376 375/375 317/317
f 319/319 377/377 318/318
f 377/377 376/376 318/318
f 319/319 320/320 378/378
f 319/319 378/378 379/379
f 377/377 319/319 379/379
f 377/377 379/379 380/380
f 381/381 320/320 324/324
f 320/320 381/381 382/382
f 320/320 382/382 378/378
f 383/383 384/384 385/385
f 383/383 385/385 386/386
f 384/384 383/383 387/387
f 327/327 388/388 389/389
f 327/327 389/389 390/390
f 327/327 390/390 329/329
f 388/388 383/383 386/386
f 388/388 386/386 389/389
f 330/330 391/391 327/327
f 391/391 388/388 327/327
f 332/332 392/392 330/330
f 392/392 391/391 330/330
f 333/333 393/393 332/332
f 393/393 392/392 332/332
f 334/334 394/394 333/333
f 394/394 393/393 333/333
f 395/395 334/334 337/337
f 395/395 337/337 396/396
f 394/394 334/334 395/395
f 394/394 395/395 397/397
f 394/394 397/397 398/398
f 340/340 399/399 400/400
f 340/340 400/400 342/342
f 400/400 399/399 401/401
f 343/343 402/402 340/340
f 402/402 399/399 340/340
f 344/344 403/403 343/343
f 403/403 402/402 343/343
f 345/345 404/404 344/344
f 404/404 403/403 344/344
f 346/346 405/405 345/345
f 405/405 404/404 345/345
f 406/406 346/346 349/349
f 405/405 346/346 406/406
f 405/405 406/406 407/407
f 405/405 407/407 408/408
f 409/409 410/410 411/411
f 410/410 412/412 413/413
f 410/410 413/413 411/411
f 351/351 414/414 415/415
f 351/351 415/415 416/416
f 351/351 416/416 417/417
f 351/351 417/417 353/353
f 414/414 410/410 409/409
f 414/414 409/409 415/415
f 354/354 418/418 351/351
f 418/418 414/414 351/351
f 357/357 419/419 354/354
f 419/419 418/418 354/354
f 358/358 420/420 357/357
f 420/420 419/419 357/357
f 359/359 421/421 358/358
f 421/421 420/420 358/358
f 422/422 359/359 364/364
f 421/421 359/359 422/422
f 421/421 422/422 423/423
f 424/424 425/425 426/426
f 426/426 425/425 427/427
f 367/367 428/428 429/429
f 367/367 429/429 369/369
f 428/428 425/425 424/424
f 428/428 424/424 429/429
f 372/372 430/430 367/367
f 430/430 428/428 367/367
f 375/375 431/431 372/372
f 431/431 430/430 372/372
f 376/376 432/432 375/375
f 432/432 431/431 375/375
f 376/376 377/377 433/433
f 376/376 433/433 434/434
f 376/376 434/434 435/435
f 432/432 376/376 435/435
f 432/432 435/435 436/436
f 377/377 380/380 437/437
f 377/377 437/437 438/438
f 433/433 377/377 438/438
f 439/439 440/440 441/441
f 439/439 441/441 442/442
f 440/440 439/439 443/443
f 383/383 444/444 445/445
f 383/383 445/445 446/446
f 383/383 446/446 387/387
f 444/444 439/439 442/442
f 444/444 442/442 445/445
f 388/388 447/447 383/383
f 447/447 444/444 383/383
f 391/391 448/448 388/388
f 448/448 447/447 388/388
f 392/392 449/449 391/391
f 449/449 448/448 391/391
f 393/393 450/450 392/392
f 450/450 449/449 392/392
f 393/393 394/394 451/451
f 393/393 451/451 452/452
f 393/393 452/452 453/453
f 450/450 393/393 453/453
f 450/450 453/453 454/454
f 455/455 394/394 398/398
f 451/451 394/394 455/455
f 399/399 456/456 457/457
f 399/399 457/457 401/401
f 456/456 458/458 459/459
f 456/456 459/459 457/457
f 402/402 460/460 399/399
f 460/460 456/456 399/399
f 403/403 461/461 402/402
f 461/461 460/460 402/402
f 404/404 462/462 403/403
f 462/462 461/461 403/403
f 405/405 463/463 404/404
f 463/463 462/462 404/404
f 464/464 405/405 408/408
f 463/463 405/405 464/464
f 463/463 464/464 465/465
f 463/463 465/465 466/466
f 410/410 467/467 468/468
f 410/410 468/468 412/412
f 467/467 469/469 470/470
f 467/467 470/470 468/468
f 414/414 471/471 410/410
f 471/471 467/467 410/410
f 418/418 472/472 414/414
f 472/472 471/471 414/414
f 419/419 473/473 418/418
f 473/473 472/472 418/418
f 420/420 474/474 419/419
f 474/474 473/473 419/419
f 420/420 421/421 475/475
f 420/420 475/475 476/476
f 420/420 476/476 477/477
f 474/474 420/420 477/477
f 474/474 477/477 478/478
f 474/474 478/478 479/479
f 480/480 421/421 423/423
f 475/475 421/421 480/480
f 425/425 481/481 482/482
f 425/425 482/482 483/483
f 425/425 483/483 427/427
f 482/482 481/481 484/484
f 428/428 485/485 425/425
f 485/485 481/481 425/425
f 430/430 486/486 428/428
f 486/486 485/485 428/428
f 431/431 487/487 430/430
f 487/487 486/486 430/430
f 432/432 488/488 431/431
f 488/488 487/487 431/431
f 489/489 432/432 436/436
f 488/488 432/432 489/489
f 488/488 489/489 490/490
f 488/488 490/490 491/491
f 492/492 493/493 494/494
f 494/494 493/493 495/495
f 496/496 497/497 498/498
f 497/497 493/493 492/492
f 497/497 492/492 499/499
f 497/497 499/499 498/498
f 500/500 501/501 502/502
f 500/500 502/502 503/503
f 500/500 497/497 496/496
f 500/500 496/496 504/504
f 500/500 504/504 501/501
f 439/439 505/505 506/506
f 439/439 506/506 507/507
f 439/439 507/507 443/443
f 505/505 500/500 503/503
f 505/505 503/503 506/506
f 444/444 508/508 439/439
f 508/508 505/505 439/439
f 447/447 509/509 444/444
f 509/509 508/508 444/444
f 448/448 510/510 447/447
f 510/510 509/509 447/447
f 449/449 511/511 448/448
f 511/511 510/510 448/448
f 449/449 450/450 512/512
f 449/449 512/512 513/513
f 511/511 449/449 513/513
f 511/511 513/513 514/514
f 511/511 514/514 515/515
f 516/516 450/450 454/454
f 512/512 450/450 516/516
f 456/456 517/517 518/518
f 456/456 518/518 458/458
f 518/518 517/517 519/519
f 518/518 519/519 520/520
f 518/518 520/520 521/521
f 460/460 522/522 456/456
f 522/522 517/517 456/456
f 461/461 523/523 460/460
f 523/523 522/522 460/460
f 462/462 524/524 461/461
f 524/524 523/523 461/461
f 463/463 525/525 462/462
f 525/525 524/524 462/462
f 526/526 463/463 466/466
f 525/525 463/463 526/526
f 525/525 526/526 527/527
f 525/525 527/527 528/528
f 529/529 530/530 531/531
f 531/531 530/530 532/532
f 467/467 533/533 534/534
f 467/467 534/534 469/469
f 533/533 530/530 529/529
f 533/533 529/529 534/534
f 471/471 535/535 467/467
f 535/535 533/533 467/467
f 472/472 536/536 471/471
f 536/536 535/535 471/471
f 473/473 537/537 472/472
f 537/537 536/536 472/472
f 473/473 474/474 538/538
f 473/473 538/538 539/539
f 473/473 539/539 540/540
f 537/537 473/473 540/540
f 537/537 540/540 541/541
f 542/542 474/474 479/479
f 538/538 474/474 542/542
f 543/543 544/544 545/545
f 545/545 544/544 546/546
f 481/481 547/547 548/548
f 481/481 548/548 484/484
f 547/547 544/544 543/543
f 547/547 543/543 549/549
f 547/547 549/549 548/548
f 485/485 550/550 481/481
f 550/550 547/547 481/481
f 486/486 551/551 485/485
f 551/551 550/550 485/485
f 487/487 552/552 486/486
f 552/552 551/551 486/486
f 487/487 488/488 553/553
f 487/487 553/553 554/554
f 487/487 554/554 555/555
f 552/552 487/487 555/555
f 552/552 555/555 556/556
f 557/557 488/488 491/491
f 553/553 488/488 557/557
f 558/558 559/559 560/560
f 560/560 559/559 561/561
f 560/560 561/561 562/562
f 563/563 564/564 565/565
f 563/563 565/565 566/566
f 563/563 559/559 558/558
f 563/563 558/558 567/567
f 563/563 567/567 564/564
f 568/568 569/569 570/570
f 568/568 570/570 571/571
f 568/568 563/563 566/566
f 568/568 566/566 572/572
f 568/568 572/572 569/569
f 573/573 574/574 575/575
f 574/574 568/568 571/571
f 574/574 571/571 575/575
f 493/493 576/576 577/577
f 493/493 577/577 578/578
f 493/493 578/578 495/495
f 576/576 574/574 573/573
f 576/576 573/573 577/577
f 497/497 579/579 493/493
f 579/579 576/576 493/493
f 500/500 580/580 497/497
f 580/580 579/579 497/497
f 505/505 581/581 500/500
f 581/581 580/580 500/500
f 508/508 582/582 505/505
f 582/582 581/581 505/505
f 509/509 583/583 508/508
f 583/583 582/582 508/508
f 510/510 584/584 509/509
f 584/584 583/583 509/509
f 510/510 511/511 585/585
f 510/510 585/585 586/586
f 510/510 586/586 587/587
f 584/584 510/510 587/587
f 584/584 587/587 588/588
f 589/589 511/511 515/515
f 585/585 511/511 589/589
f 517/517 590/590 591/591
f 517/517 591/591 519/519
f 591/591 590/590 592/592
f 522/522 593/593 517/517
f 593/593 590/590 517/517
f 523/523 594/594 522/522
f 594/594 593/593 522/522
f 524/524 595/595 523/523
f 595/595 594/594 523/523
f 525/525 596/596 524/524
f 596/596 595/595 524/524
f 597/597 525/525 528/528
f 596/596 525/525 597/597
f 596/596 597/597 598/598
f 596/596 598/598 599/599
f 600/600 601/601 602/602
f 601/601 603/603 604/604
f 601/601 604/604 602/602
f 530/530 605/605 606/606
f 530/530 606/606 607/607
f 530/530 607/607 532/532
f 605/605 601/601 600/600
f 605/605 600/600 606/606
f 533/533 608/608 530/530
f 608/608 605/605 530/530
f 535/535 609/609 533/533
f 609/609 608/608 533/533
f 536/536 610/610 535/535
f 610/610 609/609 535/535
f 536/536 537/537 611/611
f 536/536 611/611 612/612
f 610/610 536/536 612/612
f 610/610 612/612 613/613
f 614/614 537/537 541/541
f 611/611 537/537 614/614
f 615/615 616/616 617/617
f 617/617 616/616 618/618
f 544/544 619/619 620/620
f 544/544 620/620 546/546
f 619/619 616/616 615/615
f 619/619 615/615 620/620
f 547/547 621/621 544/544
f 621/621 619/619 544/544
f 550/550 622/622 547/547
f 622/622 621/621 547/547
f 551/551 623/623 550/550
f 623/623 622/622 550/550
f 551/551 552/552 624/624
f 551/551 624/624 625/625
f 551/551 625/625 626/626
f 623/623 551/551 626/626
f 623/623 626/626 627/627
f 628/628 552/552 556/556
f 624/624 552/552 628/628
f 629/629 630/630 631/631
f 631/631 630/630 632/632
f 633/633 634/634 635/635
f 634/634 630/630 629/629
f 634/634 629/629 636/636
f 634/634 636/636 635/635
f 637/637 638/638 639/639
f 637/637 639/639 640/640
f 638/638 634/634 633/633
f 638/638 633/633 641/641
f 638/638 641/641 639/639
f 559/559 642/642 643/643
f 559/559 643/643 561/561
f 642/642 638/638 637/637
f 642/642 637/637 643/643
f 563/563 644/644 559/559
f 644/644 642/642 559/559
f 568/568 645/645 563/563
f 645/645 644/644 563/563
f 574/574 646/646 568/568
f 646/646 645/645 568/568
f 576/576 647/647 574/574
f 647/647 646/646 574/574
f 579/579 648/648 576/576
f 648/648 647/647 576/576
f 580/580 649/649 579/579
f 649/649 648/648 579/579
f 581/581 650/650 580/580
f 650/650 649/649 580/580
f 582/582 651/651 581/581
f 651/651 650/650 581/581
f 583/583 652/652 582/582
f 652/652 651/651 582/582
f 583/583 584/584 653/653
f 583/583 653/653 654/654
f 583/583 654/654 655/655
f 652/652 583/583 655/655
f 652/652 655/655 656/656
f 657/657 584/584 588/588
f 657/657 588/588 658/658
f 653/653 584/584 657/657
f 590/590 659/659 660/660
f 590/590 660/660 592/592
f 659/659 661/661 662/662
f 659/659 662/662 660/660
f 593/593 663/663 590/590
f 663/663 659/659 590/590
f 594/594 664/664 593/593
f 664/664 663/663 593/593
f 595/595 665/665 594/594
f 665/665 664/664 594/594
f 596/596 666/666 595/595
f 666/666 665/665 595/595
f 667/667 596/596 599/599
f 666/666 596/596 667/667
f 666/666 667/667 668/668
f 666/666 668/668 669/669
f 601/601 670/670 671/671
f 601/601 671/671 603/603
f 671/671 670/670 672/672
f 605/605 673/673 601/601
f 673/673 670/670 601/601
f 608/608 674/674 605/605
f 674/674 673/673 605/605
f 609/609 675/675 608/608
f 675/675 674/674 608/608
f 610/610 676/676 609/609
f 676/676 675/675 609/609
f 677/677 610/610 613/613
f 676/676 610/610 677/677
f 676/676 677/677 678/678
f 676/676 678/678 679/679
f 618/618 616/616 680/680
f 618/618 680/680 681/681
f 618/618 681/681 682/682
f 618/618 682/682 683/683
f 682/682 681/681 684/684
f 682/682 684/684 685/685
f 619/619 686/686 616/616
f 616/616 686/686 687/687
f 616/616 687/687 680/680
f 621/621 688/688 619/619
f 688/688 686/686 619/619
f 622/622 689/689 621/621
f 689/689 688/688 621/621
f 623/623 690/690 622/622
f 690/690 689/689 622/622
f 623/623 627/627 691/691
f 623/623 691/691 692/692
f 690/690 623/623 692/692
f 690/690 692/692 693/693
f 694/694 695/695 696/696
f 694/694 696/696 697/697
f 696/696 695/695 698/698
f 696/696 698/698 699/699
f 630/630 700/700 701/701
f 630/630 701/701 702/702
f 630/630 702/702 632/632
f 700/700 695/695 694/694
f 700/700 694/694 701/701
f 634/634 703/703 630/630
f 703/703 700/700 630/630
f 638/638 704/704 634/634
f 704/704 703/703 634/634
f 642/642 705/705 638/638
f 705/705 704/704 638/638
f 644/644 706/706 642/642
f 706/706 705/705 642/642
f 645/645 707/707 644/644
f 707/707 706/706 644/644
f 646/646 708/708 645/645
f 708/708 707/707 645/645
f 647/647 709/709 646/646
f 709/709 708/708 646/646
f 648/648 710/710 647/647
f 710/710 709/709 647/647
f 649/649 711/711 648/648
f 711/711 710/710 648/648
f 650/650 712/712 649/649
f 712/712 711/711 649/649
f 650/650 651/651 713/713
f 650/650 713/713 714/714
f 712/712 650/650 714/714
f 712/712 714/714 715/715
f 712/712 715/715 716/716
f 651/651 652/652 717/717
f 651/651 717/717 718/718
f 651/651 718/718 719/719
f 651/651 719/719 713/713
f 720/720 652/652 656/656
f 717/717 652/652 720/720
f 659/659 721/721 722/722
f 659/659 722/722 661/661
f 721/721 723/723 724/724
f 721/721 724/724 722/722
f 663/663 725/725 659/659
f 725/725 721/721 659/659
f 664/664 726/726 663/663
f 726/726 725/725 663/663
f 665/665 727/727 664/664
f 727/727 726/726 664/664
f 666/666 728/728 665/665
f 728/728 727/727 665/665
f 729/729 666/666 669/669
f 728/728 666/666 729/729
f 728/728 729/729 730/730
f 731/731 732/732 733/733
f 733/733 732/732 734/734
f 670/670 735/735 736/736
f 670/670 736/736 672/672
f 735/735 732/732 731/731
f 735/735 731/731 736/736
f 673/673 737/737 670/670
f 737/737 735/735 670/670
f 674/674 738/738 673/673
f 738/738 737/737 673/673
f 675/675 739/739 674/674
f 739/739 738/738 674/674
f 675/675 676/676 740/740
f 675/675 740/740 741/741
f 675/675 741/741 742/742
f 739/739 675/675 742/742
f 739/739 742/742 743/743
f 744/744 676/676 679/679
f 740/740 676/676 744/744
f 687/687 686/686 745/745
f 688/688 746/746 686/686
f 686/686 746/746 747/747
f 686/686 747/747 748/748
f 686/686 748/748 745/745
f 689/689 749/749 688/688
f 749/749 746/746 688/688
f 689/689 690/690 750/750
f 689/689 750/750 751/751
f 749/749 689/689 751/751
f 749/749 751/751 752/752
f 753/753 690/690 693/693
f 750/750 690/690 753/753
f 754/754 755/755 756/756
f 754/754 756/756 757/757
f 756/756 755/755 758/758
f 695/695 759/759 760/760
f 695/695 760/760 698/698
f 759/759 755/755 754/754
f 759/759 754/754 760/760
f 700/700 761/761 695/695
f 761/761 759/759 695/695
f 703/703 762/762 700/700
f 762/762 761/761 700/700
f 704/704 763/763 703/703
f 763/763 762/762 703/703
f 705/705 764/764 704/704
f 764/764 763/763 704/704
f 706/706 765/765 705/705
f 765/765 764/764 705/705
f 707/707 766/766 706/706
f 766/766 765/765 706/706
f 708/708 767/767 707/707
f 767/767 766/766 707/707
f 709/709 768/768 708/708
f 768/768 767/767 708/708
f 709/709 710/710 769/769
f 709/709 769/769 770/770
f 768/768 709/709 770/770
f 768/768 770/770 771/771
f 710/710 711/711 772/772
f 710/710 772/772 773/773
f 710/710 773/773 774/774
f 710/710 774/774 769/769
f 711/711 712/712 775/775
f 711/711 775/775 776/776
f 711/711 776/776 777/777
f 711/711 777/777 772/772
f 778/778 712/712 716/716
f 778/778 716/716 779/779
f 775/775 712/712 778/778
f 721/721 780/780 781/781
f 721/721 781/781 782/782
f 721/721 782/782 723/723
f 781/781 780/780 783/783
f 725/725 784/784 721/721
f 784/784 780/780 721/721
f 726/726 785/785 725/725
f 785/785 784/784 725/725
f 727/727 786/786 726/726
f 786/786 785/785 726/726
f 728/728 787/787 727/727
f 787/787 786/786 727/727
f 788/788 728/728 730/730
f 787/787 728/728 788/788
f 787/787 788/788 789/789
f 790/790 791/791 792/792
f 792/792 791/791 793/793
f 732/732 794/794 795/795
f 732/732 795/795 796/796
f 732/732 796/796 734/734
f 794/794 791/791 790/790
f 794/794 790/790 797/797
f 794/794 797/797 795/795
f 735/735 798/798 732/732
f 798/798 794/794 732/732
f 737/737 799/799 735/735
f 799/799 798/798 735/735
f 738/738 800/800 737/737
f 800/800 799/799 737/737
f 738/738 739/739 801/801
f 738/738 801/801 802/802
f 802/802 803/803 804/804
f 802/802 804/804 738/738
f 804/804 800/800 738/738
f 805/805 739/739 743/743
f 801/801 739/739 805/805
f 806/806 804/804 803/803
f 746/746 807/807 808/808
f 746/746 808/808 747/747
f 749/749 809/809 746/746
f 809/809 810/810 811/811
f 809/809 811/811 807/807
f 809/809 807/807 746/746
f 749/749 752/752 812/812
f 749/749 812/812 813/813
f 809/809 749/749 813/813
f 809/809 813/813 814/814
f 809/809 814/814 815/815
f 816/816 817/817 818/818
f 818/818 817/817 819/819
f 755/755 820/820 821/821
f 755/755 821/821 822/822
f 755/755 822/822 758/758
f 820/820 817/817 816/816
f 820/820 816/816 823/823
f 820/820 823/823 821/821
f 759/759 824/824 755/755
f 824/824 820/820 755/755
f 761/761 825/825 759/759
f 825/825 824/824 759/759
f 762/762 826/826 761/761
f 826/826 825/825 761/761
f 763/763 827/827 762/762
f 827/827 826/826 762/762
f 764/764 828/828 763/763
f 828/828 827/827 763/763
f 764/764 765/765 829/829
f 764/764 829/829 830/830
f 828/828 764/764 830/830
f 828/828 830/830 831/831
f 765/765 766/766 832/832
f 765/765 832/832 833/833
f 829/829 765/765 833/833
f 829/829 833/833 834/834
f 766/766 767/767 835/835
f 766/766 835/835 836/836
f 832/832 766/766 836/836
f 832/832 836/836 837/837
f 767/767 768/768 838/838
f 767/767 838/838 839/839
f 767/767 839/839 840/840
f 767/767 840/840 841/841
f 767/767 841/841 835/835
f 768/768 771/771 842/842
f 768/768 842/842 843/843
f 838/838 768/768 843/843
f 780/780 844/844 845/845
f 780/780 845/845 846/846
f 780/780 846/846 783/783
f 845/845 844/844 847/847
f 784/784 848/848 780/780
f 848/848 844/844 780/780
f 785/785 849/849 784/784
f 849/849 848/848 784/784
f 786/786 850/850 785/785
f 850/850 849/849 785/785
f 787/787 851/851 786/786
f 851/851 850/850 786/786
f 787/787 789/789 852/852
f 787/787 852/852 853/853
f 851/851 787/787 853/853
f 851/851 853/853 854/854
f 855/855 856/856 857/857
f 857/857 856/856 858/858
f 791/791 859/859 860/860
f 791/791 860/860 861/861
f 791/791 861/861 793/793
f 859/859 856/856 855/855
f 859/859 855/855 862/862
f 859/859 862/862 860/860
f 794/794 863/863 791/791
f 863/863 859/859 791/791
f 798/798 864/864 794/794
f 864/864 863/863 794/794
f 799/799 865/865 798/798
f 865/865 864/864 798/798
f 800/800 866/866 799/799
f 866/866 865/865 799/799
f 804/804 867/867 800/800
f 867/867 866/866 800/800
f 868/868 804/804 806/806
f 868/868 806/806 869/869
f 868/868 869/869 870/870
f 868/868 867/867 804/804
f 871/871 868/868 870/870
f 810/810 809/809 872/872
f 810/810 872/872 873/873
f 810/810 873/873 874/874
f 810/810 874/874 875/875
f 876/876 875/875 874/874
f 876/876 874/874 877/877
f 876/876 877/877 878/878
f 879/879 809/809 815/815
f 872/872 809/809 879/879
f 817/817 880/880 881/881
f 817/817 881/881 882/882
f 817/817 882/882 819/819
f 881/881 880/880 883/883
f 820/820 884/884 817/817
f 884/884 880/880 817/817
f 824/824 885/885 820/820
f 885/885 884/884 820/820
f 825/825 886/886 824/824
f 886/886 885/885 824/824
f 826/826 887/887 825/825
f 887/887 886/886 825/825
f 826/826 827/827 888/888
f 826/826 888/888 889/889
f 887/887 826/826 889/889
f 887/887 889/889 890/890
f 887/887 890/890 891/891
f 887/887 891/891 892/892
f 827/827 828/828 893/893
f 827/827 893/893 894/894
f 827/827 894/894 895/895
f 888/888 827/827 895/895
f 828/828 831/831 896/896
f 828/828 896/896 897/897
f 828/828 897/897 898/898
f 893/893 828/828 898/898
f 844/844 899/899 900/900
f 844/844 900/900 901/901
f 844/844 901/901 847/847
f 900/900 899/899 902/902
f 848/848 903/903 844/844
f 903/903 899/899 844/844
f 849/849 904/904 848/848
f 904/904 903/903 848/848
f 850/850 905/905 849/849
f 905/905 904/904 849/849
f 851/851 906/906 850/850
f 906/906 905/905 850/850
f 851/851 854/854 907/907
f 851/851 907/907 908/908
f 906/906 851/851 908/908
f 906/906 908/908 909/909
f 856/856 910/910 911/911
f 856/856 911/911 912/912
f 856/856 912/912 858/858
f 911/911 910/910 913/913
f 859/859 914/914 856/856
f 914/914 910/910 856/856
f 863/863 915/915 859/859
f 915/915 914/914 859/859
f 864/864 916/916 863/863
f 916/916 915/915 863/863
f 865/865 917/917 864/864
f 917/917 916/916 864/864
f 866/866 918/918 865/865
f 918/918 917/917 865/865
f 867/867 919/919 866/866
f 919/919 918/918 866/866
f 868/868 920/920 867/867
f 920/920 919/919 867/867
f 921/921 868/868 871/871
f 921/921 871/871 922/922
f 921/921 922/922 923/923
f 921/921 920/920 868/868
f 924/924 921/921 923/923
f 924/924 923/923 925/925
f 926/926 927/927 928/928
f 929/929 878/878 877/877
f 929/929 877/877 930/930
f 929/929 930/930 931/931
f 929/929 931/931 932/932
f 933/933 932/932 931/931
f 933/933 931/931 934/934
f 880/880 935/935 936/936
f 880/880 936/936 937/937
f 880/880 937/937 883/883
f 936/936 935/935 938/938
f 936/936 938/938 939/939
f 884/884 940/940 880/880
f 940/940 935/935 880/880
f 885/885 941/941 884/884
f 941/941 940/940 884/884
f 886/886 942/942 885/885
f 942/942 941/941 885/885
f 886/886 887/887 943/943
f 886/886 943/943 944/944
f 886/886 944/944 945/945
f 942/942 886/886 945/945
f 942/942 945/945 946/946
f 887/887 892/892 947/947
f 887/887 947/947 948/948
f 943/943 887/887 948/948
f 899/899 949/949 950/950
f 899/899 950/950 951/951
f 899/899 951/951 902/902
f 950/950 949/949 952/952
f 903/903 953/953 899/899
f 953/953 949/949 899/899
f 904/904 954/954 903/903
f 954/954 953/953 903/903
f 905/905 955/955 904/904
f 955/955 954/954 904/904
f 906/906 956/956 905/905
f 956/956 955/955 905/905
f 957/957 906/906 909/909
f 956/956 906/906 957/957
f 956/956 957/957 958/958
f 956/956 958/958 959/959
f 960/960 961/961 962/962
f 962/962 961/961 963/963
f 910/910 964/964 965/965
f 910/910 965/965 913/913
f 964/964 961/961 960/960
f 964/964 960/960 966/966
f 964/964 966/966 965/965
f 914/914 967/967 910/910
f 967/967 964/964 910/910
f 915/915 968/968 914/914
f 968/968 967/967 914/914
f 916/916 969/969 915/915
f 969/969 968/968 915/915
f 917/917 970/970 916/916
f 970/970 969/969 916/916
f 918/918 971/971 917/917
f 971/971 970/970 917/917
f 919/919 972/972 918/918
f 972/972 971/971 918/918
f 920/920 973/973 919/919
f 973/973 972/972 919/919
f 921/921 974/974 920/920
f 974/974 973/973 920/920
f 975/975 921/921 924/924
f 975/975 924/924 976/976
f 975/975 976/976 977/977
f 975/975 974/974 921/921
f 975/975 977/977 978/978
f 975/975 978/978 979/979
f 980/980 928/928 927/927
f 980/980 927/927 981/981
f 980/980 981/981 982/982
f 980/980 982/982 983/983
f 980/980 983/983 984/984
f 983/983 982/982 985/985
f 983/983 985/985 986/986
f 987/987 988/988 989/989
f 988/988 990/990 991/991
f 988/988 991/991 989/989
f 992/992 933/933 934/934
f 992/992 934/934 993/993
f 992/992 993/993 994/994
f 992/992 994/994 995/995
f 987/987 995/995 994/994
f 987/987 994/994 996/996
f 987/987 996/996 988/988
f 935/935 997/997 998/998
f 935/935 998/998 938/938
f 998/998 997/997 999/999
f 940/940 1000/1000 935/935
f 1000/1000 997/997 935/935
f 941/941 1001/1001 940/940
f 1001/1001 1000/1000 940/940
f 942/942 1002/1002 941/941
f 1002/1002 1001/1001 941/941
f 1003/1003 942/942 946/946
f 1002/1002 942/942 1003/1003
f 1002/1002 1003/1003 1004/1004
f 1002/1002 1004/1004 1005/1005
f 1002/1002 1005/1005 1006/1006
f 949/949 1007/1007 1008/1008
f 949/949 1008/1008 1009/1009
f 949/949 1009/1009 1010/1010
f 949/949 1010/1010 952/952
f 1008/1008 1007/1007 1011/1011
f 953/953 1012/1012 949/949
f 1012/1012 1007/1007 949/949
f 954/954 1013/1013 953/953
f 1013/1013 1012/1012 953/953
f 955/955 1014/1014 954/954
f 1014/1014 1013/1013 954/954
f 956/956 1015/1015 955/955
f 1015/1015 1014/1014 955/955
f 1016/1016 956/956 959/959
f 1015/1015 956/956 1016/1016
f 1015/1015 1016/1016 1017/1017
f 1015/1015 1017/1017 1018/1018
f 961/961 1019/1019 1020/1020
f 961/961 1020/1020 963/963
f 1019/1019 1021/1021 1022/1022
f 1019/1019 1022/1022 1020/1020
f 964/964 1023/1023 961/961
f 1023/1023 1019/1019 961/961
f 967/967 1024/1024 964/964
f 1024/1024 1023/1023 964/964
f 968/968 1025/1025 967/967
f 1025/1025 1024/1024 967/967
f 968/968 969/969 1026/1026
f 968/968 1026/1026 1027/1027
f 1025/1025 968/968 1027/1027
f 1025/1025 1027/1027 1028/1028
f 970/970 1029/1029 1030/1030
f 970/970 1030/1030 1031/1031
f 1032/1032 1033/1033 969/969
f 969/969 970/970 1031/1031
f 969/969 1031/1031 1032/1032
f 1026/1026 969/969 1033/1033
f 971/971 1034/1034 970/970
f 970/970 1034/1034 1035/1035
f 970/970 1035/1035 1029/1029
f 972/972 1036/1036 971/971
f 1036/1036 1034/1034 971/971
f 973/973 1037/1037 972/972
f 1037/1037 1036/1036 972/972
f 974/974 1038/1038 973/973
f 1038/1038 1037/1037 973/973
f 975/975 1039/1039 974/974
f 1039/1039 1038/1038 974/974
f 1040/1040 975/975 979/979
f 1040/1040 979/979 1041/1041
f 1041/1041 1042/1042 1043/1043
f 1041/1041 1043/1043 1040/1040
f 1039/1039 975/975 1040/1040
f 1039/1039 1040/1040 1044/1044
f 1042/1042 1041/1041 1045/1045
f 1042/1042 1045/1045 1046/1046
f 983/983 1047/1047 1048/1048
f 983/983 1048/1048 984/984
f 1048/1048 1047/1047 1049/1049
f 1050/1050 983/983 986/986
f 1050/1050 986/986 1051/1051
f 1050/1050 1047/1047 983/983
f 1052/1052 1053/1053 1054/1054
f 1052/1052 1054/1054 1055/1055
f 1052/1052 1055/1055 1056/1056
f 1052/1052 1050/1050 1051/1051
f 1052/1052 1051/1051 1053/1053
f 988/988 1057/1057 1058/1058
f 988/988 1058/1058 990/990
f 1057/1057 1052/1052 1056/1056
f 1057/1057 1056/1056 1058/1058
f 1059/1059 988/988 996/996
f 1057/1057 988/988 1059/1059
f 1057/1057 1059/1059 1060/1060
f 1057/1057 1060/1060 1061/1061
f 997/997 1062/1062 1063/1063
f 997/997 1063/1063 999/999
f 1062/1062 1064/1064 1065/1065
f 1062/1062 1065/1065 1063/1063
f 1000/1000 1066/1066 997/997
f 1066/1066 1062/1062 997/997
f 1001/1001 1067/1067 1000/1000
f 1067/1067 1066/1066 1000/1000
f 1002/1002 1068/1068 1001/1001
f 1068/1068 1067/1067 1001/1001
f 1069/1069 1002/1002 1006/1006
f 1068/1068 1002/1002 1069/1069
f 1068/1068 1069/1069 1070/1070
f 1068/1068 1070/1070 1071/1071
f 1007/1007 1072/1072 1073/1073
f 1007/1007 1073/1073 1074/1074
f 1007/1007 1074/1074 1011/1011
f 1073/1073 1072/1072 1075/1075
f 1012/1012 1076/1076 1007/1007
f 1076/1076 1072/1072 1007/1007
f 1013/1013 1077/1077 1012/1012
f 1077/1077 1076/1076 1012/1012
f 1014/1014 1078/1078 1013/1013
f 1078/1078 1077/1077 1013/1013
f 1015/1015 1079/1079 1014/1014
f 1079/1079 1078/1078 1014/1014
f 1080/1080 1015/1015 1018/1018
f 1079/1079 1015/1015 1080/1080
f 1079/1079 1080/1080 1081/1081
f 1079/1079 1081/1081 1082/1082
f 1019/1019 1083/1083 1021/1021
f 1083/1083 1084/1084 1021/1021
f 1023/1023 1085/1085 1019/1019
f 1085/1085 1083/1083 1019/1019
f 1024/1024 1086/1086 1023/1023
f 1086/1086 1085/1085 1023/1023
f 1025/1025 1087/1087 1024/1024
f 1087/1087 1086/1086 1024/1024
f 1088/1088 1025/1025 1028/1028
f 1087/1087 1025/1025 1088/1088
f 1087/1087 1088/1088 1089/1089
f 1087/1087 1089/1089 1090/1090
f 1034/1034 1091/1091 1092/1092
f 1034/1034 1092/1092 1035/1035
f 1036/1036 1093/1093 1034/1034
f 1034/1034 1093/1093 1094/1094
f 1034/1034 1094/1094 1095/1095
f 1034/1034 1095/1095 1091/1091
f 1037/1037 1096/1096 1036/1036
f 1096/1096 1093/1093 1036/1036
f 1038/1038 1097/1097 1037/1037
f 1097/1097 1096/1096 1037/1037
f 1038/1038 1039/1039 1098/1098
f 1038/1038 1098/1098 1099/1099
f 1097/1097 1038/1038 1099/1099
f 1097/1097 1099/1099 1100/1100
f 1101/1101 1039/1039 1044/1044
f 1039/1039 1101/1101 1102/1102
f 1039/1039 1102/1102 1098/1098
f 1047/1047 1103/1103 1104/1104
f 1047/1047 1104/1104 1049/1049
f 1103/1103 1105/1105 1106/1106
f 1103/1103 1106/1106 1104/1104
f 1050/1050 1107/1107 1047/1047
f 1107/1107 1103/1103 1047/1047
f 1052/1052 1108/1108 1050/1050
f 1108/1108 1107/1107 1050/1050
f 1057/1057 1109/1109 1052/1052
f 1109/1109 1108/1108 1052/1052
f 1110/1110 1057/1057 1061/1061
f 1109/1109 1057/1057 1110/1110
f 1109/1109 1110/1110 1111/1111
f 1109/1109 1111/1111 1112/1112
f 1113/1113 1114/1114 1115/1115
f 1115/1115 1114/1114 1116/1116
f 1062/1062 1117/1117 1118/1118
f 1062/1062 1118/1118 1064/1064
f 1117/1117 1114/1114 1113/1113
f 1117/1117 1113/1113 1119/1119
f 1117/1117 1119/1119 1118/1118
f 1066/1066 1120/1120 1062/1062
f 1120/1120 1117/1117 1062/1062
f 1067/1067 1121/1121 1066/1066
f 1121/1121 1120/1120 1066/1066
f 1068/1068 1122/1122 1067/1067
f 1122/1122 1121/1121 1067/1067
f 1123/1123 1068/1068 1071/1071
f 1122/1122 1068/1068 1123/1123
f 1122/1122 1123/1123 1124/1124
f 1122/1122 1124/1124 1125/1125
f 1072/1072 1126/1126 1127/1127
f 1072/1072 1127/1127 1128/1128
f 1072/1072 1128/1128 1075/1075
f 1127/1127 1126/1126 1129/1129
f 1076/1076 1130/1130 1072/1072
f 1130/1130 1126/1126 1072/1072
f 1077/1077 1131/1131 1076/1076
f 1131/1131 1130/1130 1076/1076
f 1078/1078 1132/1132 1077/1077
f 1132/1132 1131/1131 1077/1077
f 1079/1079 1133/1133 1078/1078
f 1133/1133 1132/1132 1078/1078
f 1134/1134 1079/1079 1082/1082
f 1133/1133 1079/1079 1134/1134
f 1133/1133 1134/1134 1135/1135
f 1083/1083 1136/1136 1084/1084
f 1136/1136 1137/1137 1084/1084
f 1085/1085 1138/1138 1083/1083
f 1138/1138 1136/1136 1083/1083
f 1086/1086 1139/1139 1085/1085
f 1139/1139 1138/1138 1085/1085
f 1086/1086 1087/1087 1140/1140
f 1086/1086 1140/1140 1141/1141
f 1086/1086 1141/1141 1142/1142
f 1139/1139 1086/1086 1142/1142
f 1139/1139 1142/1142 1143/1143
f 1144/1144 1087/1087 1090/1090
f 1140/1140 1087/1087 1144/1144
f 1093/1093 1145/1145 1146/1146
f 1093/1093 1146/1146 1094/1094
f 1096/1096 1147/1147 1093/1093
f 1093/1093 1147/1147 1148/1148
f 1093/1093 1148/1148 1149/1149
f 1093/1093 1149/1149 1145/1145
f 1097/1097 1150/1150 1096/1096
f 1150/1150 1147/1147 1096/1096
f 1097/1097 1100/1100 1151/1151
f 1097/1097 1151/1151 1152/1152
f 1150/1150 1097/1097 1152/1152
f 1150/1150 1152/1152 1153/1153
f 1154/1154 1155/1155 1156/1156
f 1157/1157 1158/1158 1159/1159
f 1157/1157 1159/1159 1160/1160
f 1158/1158 1157/1157 1161/1161
f 1103/1103 1162/1162 1163/1163
f 1103/1103 1163/1163 1105/1105
f 1162/1162 1157/1157 1160/1160
f 1162/1162 1160/1160 1163/1163
f 1107/1107 1164/1164 1103/1103
f 1164/1164 1162/1162 1103/1103
f 1108/1108 1165/1165 1107/1107
f 1165/1165 1164/1164 1107/1107
f 1109/1109 1166/1166 1108/1108
f 1166/1166 1165/1165 1108/1108
f 1167/1167 1109/1109 1112/1112
f 1166/1166 1109/1109 1167/1167
f 1166/1166 1167/1167 1168/1168
f 1116/1116 1114/1114 1169/1169
f 1116/1116 1169/1169 1170/1170
f 1116/1116 1170/1170 1171/1171
f 1117/1117 1172/1172 1114/1114
f 1114/1114 1172/1172 1173/1173
f 1114/1114 1173/1173 1169/1169
f 1120/1120 1174/1174 1117/1117
f 1174/1174 1172/1172 1117/1117
f 1121/1121 1175/1175 1120/1120
f 1175/1175 1174/1174 1120/1120
f 1122/1122 1176/1176 1121/1121
f 1176/1176 1175/1175 1121/1121
f 1122/1122 1125/1125 1177/1177
f 1122/1122 1177/1177 1178/1178
f 1176/1176 1122/1122 1178/1178
f 1176/1176 1178/1178 1179/1179
f 1176/1176 1179/1179 1180/1180
f 1129/1129 1126/1126 1181/1181
f 1130/1130 1182/1182 1126/1126
f 1126/1126 1182/1182 1183/1183
f 1126/1126 1183/1183 1184/1184
f 1126/1126 1184/1184 1181/1181
f 1131/1131 1185/1185 1130/1130
f 1185/1185 1182/1182 1130/1130
f 1132/1132 1186/1186 1131/1131
f 1186/1186 1185/1185 1131/1131
f 1133/1133 1187/1187 1132/1132
f 1187/1187 1186/1186 1132/1132
f 1133/1133 1135/1135 1188/1188
f 1133/1133 1188/1188 1189/1189
f 1187/1187 1133/1133 1189/1189
f 1187/1187 1189/1189 1190/1190
f 1136/1136 1191/1191 1137/1137
f 1191/1191 1192/1192 1137/1137
f 1138/1138 1193/1193 1136/1136
f 1193/1193 1191/1191 1136/1136
f 1138/1138 1139/1139 1194/1194
f 1138/1138 1194/1194 1195/1195
f 1193/1193 1138/1138 1195/1195
f 1193/1193 1195/1195 1196/1196
f 1193/1193 1196/1196 1197/1197
f 1198/1198 1139/1139 1143/1143
f 1194/1194 1139/1139 1198/1198
f 1148/1148 1147/1147 1199/1199
f 1150/1150 1200/1200 1147/1147
f 1147/1147 1200/1200 1201/1201
f 1147/1147 1201/1201 1202/1202
f 1147/1147 1202/1202 1203/1203
f 1147/1147 1203/1203 1199/1199
f 1150/1150 1153/1153 1204/1204
f 1150/1150 1204/1204 1205/1205
f 1200/1200 1150/1150 1205/1205
f 1200/1200 1205/1205 1206/1206
f 1200/1200 1206/1206 1207/1207
f 1208/1208 1209/1209 1210/1210
f 1208/1208 1210/1210 1211/1211
f 1209/1209 1208/1208 1212/1212
f 1213/1213 1156/1156 1155/1155
f 1213/1213 1155/1155 1214/1214
f 1213/1213 1214/1214 1215/1215
f 1213/1213 1215/1215 1216/1216
f 1216/1216 1208/1208 1211/1211
f 1216/1216 1211/1211 1213/1213
f 1217/1217 1216/1216 1215/1215
f 1157/1157 1218/1218 1219/1219
f 1157/1157 1219/1219 1220/1220
f 1157/1157 1220/1220 1161/1161
f 1219/1219 1218/1218 1221/1221
f 1162/1162 1222/1222 1157/1157
f 1222/1222 1218/1218 1157/1157
f 1164/1164 1223/1223 1162/1162
f 1223/1223 1222/1222 1162/1162
f 1165/1165 1224/1224 1164/1164
f 1224/1224 1223/1223 1164/1164
f 1165/1165 1166/1166 1225/1225
f 1165/1165 1225/1225 1226/1226
f 1224/1224 1165/1165 1226/1226
f 1224/1224 1226/1226 1227/1227
f 1224/1224 1227/1227 1228/1228
f 1229/1229 1166/1166 1168/1168
f 1225/1225 1166/1166 1229/1229
f 1225/1225 1229/1229 1230/1230
f 1172/1172 1231/1231 1232/1232
f 1172/1172 1232/1232 1173/1173
f 1232/1232 1231/1231 1233/1233
f 1174/1174 1234/1234 1172/1172
f 1234/1234 1231/1231 1172/1172
f 1175/1175 1235/1235 1174/1174
f 1235/1235 1234/1234 1174/1174
f 1176/1176 1236/1236 1175/1175
f 1236/1236 1235/1235 1175/1175
f 1237/1237 1176/1176 1180/1180
f 1236/1236 1176/1176 1237/1237
f 1236/1236 1237/1237 1238/1238
f 1236/1236 1238/1238 1239/1239
f 1182/1182 1240/1240 1241/1241
f 1182/1182 1241/1241 1242/1242
f 1182/1182 1242/1242 1183/1183
f 1241/1241 1240/1240 1243/1243
f 1185/1185 1244/1244 1182/1182
f 1244/1244 1240/1240 1182/1182
f 1186/1186 1245/1245 1185/1185
f 1245/1245 1244/1244 1185/1185
f 1187/1187 1246/1246 1186/1186
f 1246/1246 1245/1245 1186/1186
f 1247/1247 1187/1187 1190/1190
f 1247/1247 1190/1190 1248/1248
f 1247/1247 1248/1248 1249/1249
f 1247/1247 1246/1246 1187/1187
f 1250/1250 1247/1247 1249/1249
f 1191/1191 1251/1251 1192/1192
f 1251/1251 1252/1252 1192/1192
f 1191/1191 1193/1193 1253/1253
f 1191/1191 1253/1253 1254/1254
f 1251/1251 1191/1191 1254/1254
f 1251/1251 1254/1254 1255/1255
f 1256/1256 1193/1193 1197/1197
f 1253/1253 1193/1193 1256/1256
f 1201/1201 1200/1200 1257/1257
f 1201/1201 1257/1257 1258/1258
f 1259/1259 1200/1200 1207/1207
f 1259/1259 1207/1207 1260/1260
f 1259/1259 1260/1260 1261/1261
f 1259/1259 1261/1261 1262/1262
f 1257/1257 1200/1200 1259/1259
f 1261/1261 1263/1263 1264/1264
f 1261/1261 1264/1264 1262/1262
f 1265/1265 1266/1266 1267/1267
f 1267/1267 1266/1266 1268/1268
f 1208/1208 1269/1269 1270/1270
f 1208/1208 1270/1270 1212/1212
f 1269/1269 1266/1266 1265/1265
f 1269/1269 1265/1265 1271/1271
f 1269/1269 1271/1271 1270/1270
f 1216/1216 1272/1272 1208/1208
f 1272/1272 1269/1269 1208/1208
f 1273/1273 1216/1216 1217/1217
f 1273/1273 1217/1217 1274/1274
f 1273/1273 1274/1274 1275/1275
f 1273/1273 1272/1272 1216/1216
f 1276/1276 1273/1273 1275/1275
f 1276/1276 1275/1275 1277/1277
f 1276/1276 1277/1277 1278/1278
f 1279/1279 1280/1280 1281/1281
f 1280/1280 1282/1282 1283/1283
f 1280/1280 1283/1283 1281/1281
f 1218/1218 1284/1284 1285/1285
f 1218/1218 1285/1285 1286/1286
f 1218/1218 1286/1286 1221/1221
f 1284/1284 1280/1280 1279/1279
f 1284/1284 1279/1279 1285/1285
f 1222/1222 1287/1287 1218/1218
f 1287/1287 1284/1284 1218/1218
f 1223/1223 1288/1288 1222/1222
f 1288/1288 1287/1287 1222/1222
f 1224/1224 1289/1289 1223/1223
f 1289/1289 1288/1288 1223/1223
f 1290/1290 1224/1224 1228/1228
f 1289/1289 1224/1224 1290/1290
f 1289/1289 1290/1290 1291/1291
f 1289/1289 1291/1291 1292/1292
f 1231/1231 1293/1293 1294/1294
f 1231/1231 1294/1294 1233/1233
f 1294/1294 1293/1293 1295/1295
f 1234/1234 1296/1296 1231/1231
f 1296/1296 1293/1293 1231/1231
f 1235/1235 1297/1297 1234/1234
f 1297/1297 1296/1296 1234/1234
f 1236/1236 1298/1298 1235/1235
f 1298/1298 1297/1297 1235/1235
f 1299/1299 1236/1236 1239/1239
f 1298/1298 1236/1236 1299/1299
f 1298/1298 1299/1299 1300/1300
f 1298/1298 1300/1300 1301/1301
f 1240/1240 1302/1302 1303/1303
f 1240/1240 1303/1303 1304/1304
f 1240/1240 1304/1304 1243/1243
f 1303/1303 1302/1302 1305/1305
f 1244/1244 1306/1306 1240/1240
f 1306/1306 1302/1302 1240/1240
f 1245/1245 1307/1307 1244/1244
f 1307/1307 1306/1306 1244/1244
f 1246/1246 1308/1308 1245/1245
f 1308/1308 1307/1307 1245/1245
f 1247/1247 1309/1309 1246/1246
f 1309/1309 1308/1308 1246/1246
f 1310/1310 1247/1247 1250/1250
f 1309/1309 1247/1247 1310/1310
f 1309/1309 1310/1310 1311/1311
f 1309/1309 1311/1311 1312/1312
f 1251/1251 1313/1313 1252/1252
f 1313/1313 1314/1314 1252/1252
f 1315/1315 1251/1251 1255/1255
f 1313/1313 1251/1251 1315/1315
f 1313/1313 1315/1315 1316/1316
f 1317/1317 1264/1264 1263/1263
f 1317/1317 1263/1263 1318/1318
f 1318/1318 1319/1319 1320/1320
f 1318/1318 1320/1320 1321/1321
f 1318/1318 1321/1321 1322/1322
f 1318/1318 1322/1322 1317/1317
f 1323/1323 1324/1324 1325/1325
f 1323/1323 1325/1325 1326/1326
f 1324/1324 1323/1323 1327/1327
f 1324/1324 1327/1327 1328/1328
f 1324/1324 1328/1328 1320/1320
f 1320/1320 1319/1319 1329/1329
f 1320/1320 1329/1329 1324/1324
f 1266/1266 1330/1330 1331/1331
f 1266/1266 1331/1331 1332/1332
f 1266/1266 1332/1332 1268/1268
f 1330/1330 1323/1323 1326/1326
f 1330/1330 1326/1326 1331/1331
f 1269/1269 1333/1333 1266/1266
f 1333/1333 1330/1330 1266/1266
f 1272/1272 1334/1334 1269/1269
f 1334/1334 1333/1333 1269/1269
f 1273/1273 1335/1335 1272/1272
f 1335/1335 1334/1334 1272/1272
f 1336/1336 1273/1273 1276/1276
f 1336/1336 1276/1276 1337/1337
f 1336/1336 1335/1335 1273/1273
f 1338/1338 1339/1339 1340/1340
f 1339/1339 1336/1336 1337/1337
f 1339/1339 1337/1337 1341/1341
f 1339/1339 1341/1341 1340/1340
f 1342/1342 1339/1339 1338/1338
f 1280/1280 1343/1343 1344/1344
f 1280/1280 1344/1344 1282/1282
f 1343/1343 1345/1345 1346/1346
f 1343/1343 1346/1346 1344/1344
f 1284/1284 1347/1347 1280/1280
f 1347/1347 1343/1343 1280/1280
f 1287/1287 1348/1348 1284/1284
f 1348/1348 1347/1347 1284/1284
f 1288/1288 1349/1349 1287/1287
f 1349/1349 1348/1348 1287/1287
f 1289/1289 1350/1350 1288/1288
f 1350/1350 1349/1349 1288/1288
f 1351/1351 1289/1289 1292/1292
f 1350/1350 1289/1289 1351/1351
f 1350/1350 1351/1351 1352/1352
f 1350/1350 1352/1352 1353/1353
f 1293/1293 1354/1354 1355/1355
f 1293/1293 1355/1355 1356/1356
f 1293/1293 1356/1356 1295/1295
f 1355/1355 1354/1354 1357/1357
f 1296/1296 1358/1358 1293/1293
f 1358/1358 1354/1354 1293/1293
f 1297/1297 1359/1359 1296/1296
f 1359/1359 1358/1358 1296/1296
f 1298/1298 1360/1360 1297/1297
f 1360/1360 1359/1359 1297/1297
f 1361/1361 1298/1298 1301/1301
f 1360/1360 1298/1298 1361/1361
f 1360/1360 1361/1361 1362/1362
f 1360/1360 1362/1362 1363/1363
f 1302/1302 1364/1364 1365/1365
f 1302/1302 1365/1365 1305/1305
f 1364/1364 1366/1366 1367/1367
f 1364/1364 1367/1367 1365/1365
f 1306/1306 1368/1368 1302/1302
f 1368/1368 1364/1364 1302/1302
f 1307/1307 1369/1369 1306/1306
f 1369/1369 1368/1368 1306/1306
f 1308/1308 1370/1370 1307/1307
f 1370/1370 1369/1369 1307/1307
f 1309/1309 1371/1371 1308/1308
f 1371/1371 1370/1370 1308/1308
f 1372/1372 1309/1309 1312/1312
f 1371/1371 1309/1309 1372/1372
f 1371/1371 1372/1372 1373/1373
f 1371/1371 1373/1373 1374/1374
f 1314/1314 1313/1313 1375/1375
f 1314/1314 1375/1375 1376/1376
f 1377/1377 1314/1314 1376/1376
f 1377/1377 1376/1376 1378/1378
f 1379/1379 1313/1313 1316/1316
f 1375/1375 1313/1313 1379/1379
f 1327/1327 1323/1323 1380/1380
f 1330/1330 1381/1381 1323/1323
f 1323/1323 1381/1381 1382/1382
f 1323/1323 1382/1382 1383/1383
f 1323/1323 1383/1383 1380/1380
f 1333/1333 1384/1384 1330/1330
f 1384/1384 1381/1381 1330/1330
f 1334/1334 1385/1385 1333/1333
f 1385/1385 1384/1384 1333/1333
f 1335/1335 1386/1386 1334/1334
f 1386/1386 1385/1385 1334/1334
f 1336/1336 1387/1387 1335/1335
f 1387/1387 1386/1386 1335/1335
f 1339/1339 1388/1388 1336/1336
f 1388/1388 1387/1387 1336/1336
f 1389/1389 1339/1339 1342/1342
f 1389/1389 1342/1342 1390/1390
f 1389/1389 1390/1390 1391/1391
f 1389/1389 1391/1391 1392/1392
f 1389/1389 1388/1388 1339/1339
f 1393/1393 1389/1389 1392/1392
f 1394/1394 1395/1395 1396/1396
f 1396/1396 1395/1395 1397/1397
f 1343/1343 1398/1398 1399/1399
f 1343/1343 1399/1399 1345/1345
f 1398/1398 1395/1395 1394/1394
f 1398/1398 1394/1394 1400/1400
f 1398/1398 1400/1400 1399/1399
f 1347/1347 1401/1401 1343/1343
f 1401/1401 1398/1398 1343/1343
f 1348/1348 1402/1402 1347/1347
f 1402/1402 1401/1401 1347/1347
f 1349/1349 1403/1403 1348/1348
f 1403/1403 1402/1402 1348/1348
f 1349/1349 1350/1350 1404/1404
f 1349/1349 1404/1404 1405/1405
f 1349/1349 1405/1405 1406/1406
f 1403/1403 1349/1349 1406/1406
f 1403/1403 1406/1406 1407/1407
f 1408/1408 1350/1350 1353/1353
f 1404/1404 1350/1350 1408/1408
f 1354/1354 1409/1409 1410/1410
f 1354/1354 1410/1410 1411/1411
f 1354/1354 1411/1411 1357/1357
f 1410/1410 1409/1409 1412/1412
f 1358/1358 1413/1413 1354/1354
f 1413/1413 1409/1409 1354/1354
f 1359/1359 1414/1414 1358/1358
f 1414/1414 1413/1413 1358/1358
f 1360/1360 1415/1415 1359/1359
f 1415/1415 1414/1414 1359/1359
f 1360/1360 1363/1363 1416/1416
f 1360/1360 1416/1416 1417/1417
f 1360/1360 1417/1417 1418/1418
f 1360/1360 1418/1418 1419/1419
f 1419/1419 1415/1415 1360/1360
f 1420/1420 1419/1419 1418/1418
f 1364/1364 1421/1421 1422/1422
f 1364/1364 1422/1422 1366/1366
f 1422/1422 1421/1421 1423/1423
f 1368/1368 1424/1424 1364/1364
f 1424/1424 1421/1421 1364/1364
f 1369/1369 1425/1425 1368/1368
f 1425/1425 1424/1424 1368/1368
f 1370/1370 1426/1426 1369/1369
f 1426/1426 1425/1425 1369/1369
f 1371/1371 1427/1427 1370/1370
f 1427/1427 1426/1426 1370/1370
f 1428/1428 1371/1371 1374/1374
f 1427/1427 1371/1371 1428/1428
f 1427/1427 1428/1428 1429/1429
f 1427/1427 1429/1429 1430/1430
f 1431/1431 1377/1377 1378/1378
f 1432/1432 1377/1377 1431/1431
f 1382/1382 1381/1381 1433/1433
f 1384/1384 1434/1434 1381/1381
f 1381/1381 1434/1434 1435/1435
f 1381/1381 1435/1435 1436/1436
f 1381/1381 1436/1436 1437/1437
f 1381/1381 1437/1437 1433/1433
f 1385/1385 1438/1438 1384/1384
f 1438/1438 1434/1434 1384/1384
f 1386/1386 1439/1439 1385/1385
f 1439/1439 1438/1438 1385/1385
f 1387/1387 1440/1440 1386/1386
f 1440/1440 1439/1439 1386/1386
f 1388/1388 1441/1441 1387/1387
f 1441/1441 1440/1440 1387/1387
f 1389/1389 1442/1442 1388/1388
f 1442/1442 1441/1441 1388/1388
f 1443/1443 1389/1389 1393/1393
f 1443/1443 1393/1393 1444/1444
f 1443/1443 1444/1444 1445/1445
f 1443/1443 1442/1442 1389/1389
f 1443/1443 1445/1445 1446/1446
f 1443/1443 1446/1446 1447/1447
f 1448/1448 1449/1449 1450/1450
f 1450/1450 1449/1449 1451/1451
f 1452/1452 1453/1453 1454/1454
f 1452/1452 1454/1454 1455/1455
f 1452/1452 1455/1455 1397/1397
f 1452/1452 1397/1397 1395/1395
f 1452/1452 1449/1449 1448/1448
f 1452/1452 1448/1448 1453/1453
f 1398/1398 1456/1456 1395/1395
f 1456/1456 1452/1452 1395/1395
f 1401/1401 1457/1457 1398/1398
f 1457/1457 1456/1456 1398/1398
f 1402/1402 1458/1458 1401/1401
f 1458/1458 1457/1457 1401/1401
f 1403/1403 1459/1459 1402/1402
f 1459/1459 1458/1458 1402/1402
f 1460/1460 1403/1403 1407/1407
f 1459/1459 1403/1403 1460/1460
f 1459/1459 1460/1460 1461/1461
f 1459/1459 1461/1461 1462/1462
f 1409/1409 1463/1463 1464/1464
f 1409/1409 1464/1464 1465/1465
f 1409/1409 1465/1465 1412/1412
f 1464/1464 1463/1463 1466/1466
f 1413/1413 1467/1467 1409/1409
f 1467/1467 1463/1463 1409/1409
f 1414/1414 1468/1468 1413/1413
f 1468/1468 1467/1467 1413/1413
f 1415/1415 1469/1469 1414/1414
f 1469/1469 1468/1468 1414/1414
f 1419/1419 1470/1470 1415/1415
f 1470/1470 1469/1469 1415/1415
f 1419/1419 1420/1420 1471/1471
f 1419/1419 1471/1471 1472/1472
f 1470/1470 1419/1419 1472/1472
f 1470/1470 1472/1472 1473/1473
f 1474/1474 1475/1475 1476/1476
f 1474/1474 1476/1476 1477/1477
f 1475/1475 1474/1474 1478/1478
f 1479/1479 1474/1474 1477/1477
f 1479/1479 1477/1477 1480/1480
f 1421/1421 1481/1481 1482/1482
f 1421/1421 1482/1482 1423/1423
f 1481/1481 1483/1483 1484/1484
f 1481/1481 1484/1484 1482/1482
f 1424/1424 1485/1485 1421/1421
f 1485/1485 1481/1481 1421/1421
f 1425/1425 1486/1486 1424/1424
f 1486/1486 1485/1485 1424/1424
f 1426/1426 1487/1487 1425/1425
f 1487/1487 1486/1486 1425/1425
f 1427/1427 1488/1488 1426/1426
f 1488/1488 1487/1487 1426/1426
f 1489/1489 1427/1427 1430/1430
f 1488/1488 1427/1427 1489/1489
f 1488/1488 1489/1489 1490/1490
f 1435/1435 1434/1434 1491/1491
f 1434/1434 1438/1438 1492/1492
f 1434/1434 1492/1492 1493/1493
f 1434/1434 1493/1493 1494/1494
f 1491/1491 1434/1434 1494/1494
f 1439/1439 1495/1495 1438/1438
f 1438/1438 1495/1495 1496/1496
f 1438/1438 1496/1496 1492/1492
f 1440/1440 1497/1497 1439/1439
f 1497/1497 1495/1495 1439/1439
f 1441/1441 1498/1498 1440/1440
f 1498/1498 1497/1497 1440/1440
f 1442/1442 1499/1499 1441/1441
f 1499/1499 1498/1498 1441/1441
f 1443/1443 1500/1500 1442/1442
f 1500/1500 1499/1499 1442/1442
f 1501/1501 1443/1443 1447/1447
f 1501/1501 1447/1447 1502/1502
f 1501/1501 1502/1502 1503/1503
f 1500/1500 1443/1443 1501/1501
f 1500/1500 1501/1501 1504/1504
f 1451/1451 1449/1449 1505/1505
f 1451/1451 1505/1505 1506/1506
f 1451/1451 1506/1506 1507/1507
f 1508/1508 1507/1507 1506/1506
f 1508/1508 1506/1506 1509/1509
f 1508/1508 1509/1509 1503/1503
f 1503/1503 1502/1502 1510/1510
f 1503/1503 1510/1510 1508/1508
f 1452/1452 1511/1511 1449/1449
f 1449/1449 1511/1511 1512/1512
f 1449/1449 1512/1512 1513/1513
f 1449/1449 1513/1513 1505/1505
f 1456/1456 1514/1514 1452/1452
f 1514/1514 1511/1511 1452/1452
f 1457/1457 1515/1515 1456/1456
f 1515/1515 1514/1514 1456/1456
f 1458/1458 1516/1516 1457/1457
f 1516/1516 1515/1515 1457/1457
f 1458/1458 1459/1459 1517/1517
f 1458/1458 1517/1517 1518/1518
f 1458/1458 1518/1518 1519/1519
f 1516/1516 1458/1458 1519/1519
f 1516/1516 1519/1519 1520/1520
f 1521/1521 1459/1459 1462/1462
f 1517/1517 1459/1459 1521/1521
f 1466/1466 1463/1463 1522/1522
f 1466/1466 1522/1522 1523/1523
f 1467/1467 1524/1524 1463/1463
f 1463/1463 1524/1524 1525/1525
f 1463/1463 1525/1525 1526/1526
f 1463/1463 1526/1526 1522/1522
f 1468/1468 1527/1527 1467/1467
f 1527/1527 1524/1524 1467/1467
f 1469/1469 1528/1528 1468/1468
f 1528/1528 1527/1527 1468/1468
f 1470/1470 1529/1529 1469/1469
f 1529/1529 1528/1528 1469/1469
f 1530/1530 1470/1470 1473/1473
f 1530/1530 1473/1473 1531/1531
f 1530/1530 1529/1529 1470/1470
f 1530/1530 1531/1531 1532/1532
f 1530/1530 1532/1532 1533/1533
f 1534/1534 1535/1535 1536/1536
f 1536/1536 1535/1535 1537/1537
f 1478/1478 1474/1474 1538/1538
f 1478/1478 1538/1538 1539/1539
f 1478/1478 1539/1539 1540/1540
f 1478/1478 1540/1540 1541/1541
f 1542/1542 1541/1541 1540/1540
f 1542/1542 1540/1540 1543/1543
f 1542/1542 1543/1543 1535/1535
f 1542/1542 1535/1535 1534/1534
f 1544/1544 1474/1474 1479/1479
f 1538/1538 1474/1474 1544/1544
f 1481/1481 1545/1545 1546/1546
f 1481/1481 1546/1546 1483/1483
f 1546/1546 1545/1545 1547/1547
f 1485/1485 1548/1548 1481/1481
f 1548/1548 1545/1545 1481/1481
f 1486/1486 1549/1549 1485/1485
f 1549/1549 1548/1548 1485/1485
f 1487/1487 1550/1550 1486/1486
f 1550/1550 1549/1549 1486/1486
f 1488/1488 1551/1551 1487/1487
f 1551/1551 1550/1550 1487/1487
f 1488/1488 1490/1490 1552/1552
f 1488/1488 1552/1552 1553/1553
f 1551/1551 1488/1488 1553/1553
f 1551/1551 1553/1553 1554/1554
f 1496/1496 1495/1495 1555/1555
f 1496/1496 1555/1555 1556/1556
f 1497/1497 1557/1557 1495/1495
f 1495/1495 1557/1557 1558/1558
f 1495/1495 1558/1558 1559/1559
f 1495/1495 1559/1559 1555/1555
f 1498/1498 1560/1560 1497/1497
f 1560/1560 1557/1557 1497/1497
f 1499/1499 1561/1561 1498/1498
f 1561/1561 1560/1560 1498/1498
f 1499/1499 1500/1500 1562/1562
f 1499/1499 1562/1562 1563/1563
f 1499/1499 1563/1563 1564/1564
f 1561/1561 1499/1499 1564/1564
f 1561/1561 1564/1564 1565/1565
f 1500/1500 1504/1504 1566/1566
f 1500/1500 1566/1566 1567/1567
f 1562/1562 1500/1500 1567/1567
f 1511/1511 1568/1568 1569/1569
f 1511/1511 1569/1569 1512/1512
f 1514/1514 1570/1570 1511/1511
f 1511/1511 1570/1570 1571/1571
f 1511/1511 1571/1571 1568/1568
f 1515/1515 1572/1572 1514/1514
f 1572/1572 1570/1570 1514/1514
f 1516/1516 1573/1573 1515/1515
f 1573/1573 1572/1572 1515/1515
f 1574/1574 1516/1516 1520/1520
f 1574/1574 1520/1520 1575/1575
f 1573/1573 1516/1516 1574/1574
f 1573/1573 1574/1574 1576/1576
f 1525/1525 1524/1524 1577/1577
f 1527/1527 1578/1578 1524/1524
f 1524/1524 1578/1578 1579/1579
f 1524/1524 1579/1579 1580/1580
f 1524/1524 1580/1580 1577/1577
f 1528/1528 1581/1581 1527/1527
f 1581/1581 1578/1578 1527/1527
f 1529/1529 1582/1582 1528/1528
f 1582/1582 1581/1581 1528/1528
f 1530/1530 1583/1583 1529/1529
f 1583/1583 1582/1582 1529/1529
f 1584/1584 1530/1530 1533/1533
f 1584/1584 1533/1533 1585/1585
f 1584/1584 1583/1583 1530/1530
f 1586/1586 1584/1584 1585/1585
f 1587/1587 1588/1588 1589/1589
f 1587/1587 1589/1589 1590/1590
f 1589/1589 1588/1588 1591/1591
f 1535/1535 1592/1592 1593/1593
f 1535/1535 1593/1593 1594/1594
f 1535/1535 1594/1594 1537/1537
f 1592/1592 1588/1588 1587/1587
f 1592/1592 1587/1587 1593/1593
f 1535/1535 1543/1543 1595/1595
f 1535/1535 1595/1595 1596/1596
f 1592/1592 1535/1535 1596/1596
f 1592/1592 1596/1596 1597/1597
f 1545/1545 1598/1598 1599/1599
f 1545/1545 1599/1599 1600/1600
f 1545/1545 1600/1600 1601/1601
f 1545/1545 1601/1601 1547/1547
f 1599/1599 1598/1598 1602/1602
f 1548/1548 1603/1603 1545/1545
f 1603/1603 1598/1598 1545/1545
f 1549/1549 1604/1604 1548/1548
f 1604/1604 1603/1603 1548/1548
f 1550/1550 1605/1605 1549/1549
f 1605/1605 1604/1604 1549/1549
f 1551/1551 1606/1606 1550/1550
f 1606/1606 1605/1605 1550/1550
f 1551/1551 1554/1554 1607/1607
f 1551/1551 1607/1607 1608/1608
f 1606/1606 1551/1551 1608/1608
f 1606/1606 1608/1608 1609/1609
f 1558/1558 1557/1557 1610/1610
f 1560/1560 1611/1611 1557/1557
f 1557/1557 1611/1611 1612/1612
f 1557/1557 1612/1612 1613/1613
f 1557/1557 1613/1613 1610/1610
f 1560/1560 1561/1561 1614/1614
f 1560/1560 1614/1614 1615/1615
f 1611/1611 1560/1560 1615/1615
f 1611/1611 1615/1615 1616/1616
f 1611/1611 1616/1616 1617/1617
f 1561/1561 1565/1565 1618/1618
f 1561/1561 1618/1618 1619/1619
f 1614/1614 1561/1561 1619/1619
f 1570/1570 1620/1620 1621/1621
f 1570/1570 1621/1621 1622/1622
f 1570/1570 1622/1622 1571/1571
f 1620/1620 1623/1623 1624/1624
f 1620/1620 1624/1624 1621/1621
f 1572/1572 1625/1625 1570/1570
f 1625/1625 1620/1620 1570/1570
f 1572/1572 1573/1573 1626/1626
f 1572/1572 1626/1626 1627/1627
f 1572/1572 1627/1627 1628/1628
f 1572/1572 1628/1628 1629/1629
f 1572/1572 1629/1629 1630/1630
f 1630/1630 1631/1631 1625/1625
f 1630/1630 1625/1625 1572/1572
f 1632/1632 1573/1573 1576/1576
f 1626/1626 1573/1573 1632/1632
f 1578/1578 1633/1633 1634/1634
f 1578/1578 1634/1634 1579/1579
f 1634/1634 1633/1633 1635/1635
f 1581/1581 1636/1636 1578/1578
f 1636/1636 1633/1633 1578/1578
f 1582/1582 1637/1637 1581/1581
f 1637/1637 1636/1636 1581/1581
f 1583/1583 1638/1638 1582/1582
f 1638/1638 1637/1637 1582/1582
f 1584/1584 1639/1639 1583/1583
f 1639/1639 1638/1638 1583/1583
f 1640/1640 1584/1584 1586/1586
f 1640/1640 1586/1586 1641/1641
f 1640/1640 1641/1641 1642/1642
f 1640/1640 1639/1639 1584/1584
f 1643/1643 1640/1640 1642/1642
f 1588/1588 1644/1644 1645/1645
f 1588/1588 1645/1645 1646/1646
f 1588/1588 1646/1646 1591/1591
f 1645/1645 1644/1644 1647/1647
f 1592/1592 1648/1648 1588/1588
f 1648/1648 1644/1644 1588/1588
f 1649/1649 1592/1592 1597/1597
f 1648/1648 1592/1592 1649/1649
f 1648/1648 1649/1649 1650/1650
f 1598/1598 1651/1651 1652/1652
f 1598/1598 1652/1652 1653/1653
f 1598/1598 1653/1653 1602/1602
f 1652/1652 1651/1651 1654/1654
f 1603/1603 1655/1655 1598/1598
f 1655/1655 1651/1651 1598/1598
f 1604/1604 1656/1656 1603/1603
f 1656/1656 1655/1655 1603/1603
f 1605/1605 1657/1657 1604/1604
f 1657/1657 1656/1656 1604/1604
f 1606/1606 1658/1658 1605/1605
f 1658/1658 1657/1657 1605/1605
f 1659/1659 1606/1606 1609/1609
f 1658/1658 1606/1606 1659/1659
f 1658/1658 1659/1659 1660/1660
f 1612/1612 1611/1611 1661/1661
f 1662/1662 1611/1611 1617/1617
f 1661/1661 1611/1611 1662/1662
f 1661/1661 1662/1662 1663/1663
f 1620/1620 1664/1664 1665/1665
f 1620/1620 1665/1665 1623/1623
f 1664/1664 1666/1666 1667/1667
f 1664/1664 1667/1667 1665/1665
f 1625/1625 1668/1668 1620/1620
f 1668/1668 1664/1664 1620/1620
f 1669/1669 1625/1625 1631/1631
f 1669/1669 1631/1631 1670/1670
f 1669/1669 1670/1670 1671/1671
f 1669/1669 1668/1668 1625/1625
f 1672/1672 1669/1669 1671/1671
f 1635/1635 1633/1633 1673/1673
f 1636/1636 1674/1674 1633/1633
f 1633/1633 1674/1674 1675/1675
f 1633/1633 1675/1675 1676/1676
f 1633/1633 1676/1676 1677/1677
f 1633/1633 1677/1677 1673/1673
f 1637/1637 1678/1678 1636/1636
f 1678/1678 1674/1674 1636/1636
f 1638/1638 1679/1679 1637/1637
f 1679/1679 1678/1678 1637/1637
f 1639/1639 1680/1680 1638/1638
f 1680/1680 1679/1679 1638/1638
f 1640/1640 1681/1681 1639/1639
f 1681/1681 1680/1680 1639/1639
f 1682/1682 1640/1640 1643/1643
f 1682/1682 1643/1643 1683/1683
f 1682/1682 1683/1683 1684/1684
f 1682/1682 1684/1684 1685/1685
f 1682/1682 1681/1681 1640/1640
f 1686/1686 1682/1682 1685/1685
f 1647/1647 1644/1644 1687/1687
f 1647/1647 1687/1687 1688/1688
f 1648/1648 1689/1689 1644/1644
f 1644/1644 1689/1689 1690/1690
f 1644/1644 1690/1690 1687/1687
f 1648/1648 1650/1650 1691/1691
f 1648/1648 1691/1691 1692/1692
f 1689/1689 1648/1648 1692/1692
f 1689/1689 1692/1692 1693/1693
f 1654/1654 1651/1651 1694/1694
f 1655/1655 1695/1695 1651/1651
f 1651/1651 1695/1695 1696/1696
f 1651/1651 1696/1696 1694/1694
f 1656/1656 1697/1697 1655/1655
f 1697/1697 1695/1695 1655/1655
f 1657/1657 1698/1698 1656/1656
f 1698/1698 1697/1697 1656/1656
f 1658/1658 1699/1699 1657/1657
f 1699/1699 1698/1698 1657/1657
f 1658/1658 1660/1660 1700/1700
f 1658/1658 1700/1700 1701/1701
f 1699/1699 1658/1658 1701/1701
f 1699/1699 1701/1701 1702/1702
f 1703/1703 1704/1704 1705/1705
f 1703/1703 1705/1705 1706/1706
f 1704/1704 1703/1703 1707/1707
f 1664/1664 1708/1708 1709/1709
f 1664/1664 1709/1709 1666/1666
f 1708/1708 1703/1703 1706/1706
f 1708/1708 1706/1706 1709/1709
f 1668/1668 1710/1710 1664/1664
f 1710/1710 1708/1708 1664/1664
f 1669/1669 1711/1711 1668/1668
f 1711/1711 1710/1710 1668/1668
f 1712/1712 1669/1669 1672/1672
f 1712/1712 1672/1672 1713/1713
f 1712/1712 1711/1711 1669/1669
f 1712/1712 1713/1713 1714/1714
f 1712/1712 1714/1714 1715/1715
f 1674/1674 1716/1716 1717/1717
f 1674/1674 1717/1717 1675/1675
f 1678/1678 1718/1718 1674/1674
f 1674/1674 1718/1718 1719/1719
f 1674/1674 1719/1719 1716/1716
f 1679/1679 1720/1720 1678/1678
f 1720/1720 1718/1718 1678/1678
f 1680/1680 1721/1721 1679/1679
f 1721/1721 1720/1720 1679/1679
f 1681/1681 1722/1722 1680/1680
f 1722/1722 1721/1721 1680/1680
f 1682/1682 1723/1723 1681/1681
f 1723/1723 1722/1722 1681/1681
f 1724/1724 1682/1682 1686/1686
f 1723/1723 1682/1682 1724/1724
f 1723/1723 1724/1724 1725/1725
f 1690/1690 1689/1689 1726/1726
f 1690/1690 1726/1726 1727/1727
f 1690/1690 1727/1727 1728/1728
f 1729/1729 1689/1689 1693/1693
f 1726/1726 1689/1689 1729/1729
f 1726/1726 1729/1729 1730/1730
f 1726/1726 1730/1730 1731/1731
f 1695/1695 1732/1732 1733/1733
f 1695/1695 1733/1733 1696/1696
f 1733/1733 1732/1732 1734/1734
f 1697/1697 1735/1735 1695/1695
f 1735/1735 1732/1732 1695/1695
f 1698/1698 1736/1736 1697/1697
f 1736/1736 1735/1735 1697/1697
f 1699/1699 1737/1737 1698/1698
f 1737/1737 1736/1736 1698/1698
f 1699/1699 1702/1702 1738/1738
f 1699/1699 1738/1738 1739/1739
f 1737/1737 1699/1699 1739/1739
f 1737/1737 1739/1739 1740/1740
f 1741/1741 1742/1742 1743/1743
f 1703/1703 1744/1744 1745/1745
f 1703/1703 1745/1745 1746/1746
f 1703/1703 1746/1746 1707/1707
f 1745/1745 1744/1744 1747/1747
f 1745/1745 1747/1747 1748/1748
f 1745/1745 1748/1748 1743/1743
f 1745/1745 1743/1743 1742/1742
f 1708/1708 1749/1749 1703/1703
f 1749/1749 1744/1744 1703/1703
f 1710/1710 1750/1750 1708/1708
f 1750/1750 1749/1749 1708/1708
f 1711/1711 1751/1751 1710/1710
f 1751/1751 1750/1750 1710/1710
f 1712/1712 1752/1752 1711/1711
f 1752/1752 1751/1751 1711/1711
f 1753/1753 1712/1712 1715/1715
f 1753/1753 1715/1715 1754/1754
f 1753/1753 1752/1752 1712/1712
f 1755/1755 1756/1756 1757/1757
f 1756/1756 1753/1753 1754/1754
f 1756/1756 1754/1754 1758/1758
f 1756/1756 1758/1758 1757/1757
f 1759/1759 1756/1756 1755/1755
f 1718/1718 1760/1760 1761/1761
f 1718/1718 1761/1761 1719/1719
f 1720/1720 1762/1762 1718/1718
f 1718/1718 1762/1762 1763/1763
f 1718/1718 1763/1763 1764/1764
f 1718/1718 1764/1764 1760/1760
f 1721/1721 1765/1765 1720/1720
f 1765/1765 1762/1762 1720/1720
f 1722/1722 1766/1766 1721/1721
f 1766/1766 1765/1765 1721/1721
f 1723/1723 1767/1767 1722/1722
f 1767/1767 1766/1766 1722/1722
f 1768/1768 1723/1723 1725/1725
f 1768/1768 1725/1725 1769/1769
f 1768/1768 1767/1767 1723/1723
f 1768/1768 1769/1769 1770/1770
f 1768/1768 1770/1770 1771/1771
f 1768/1768 1771/1771 1772/1772
f 1732/1732 1773/1773 1774/1774
f 1732/1732 1774/1774 1734/1734
f 1773/1773 1775/1775 1776/1776
f 1773/1773 1776/1776 1774/1774
f 1735/1735 1777/1777 1732/1732
f 1777/1777 1773/1773 1732/1732
f 1736/1736 1778/1778 1735/1735
f 1778/1778 1777/1777 1735/1735
f 1737/1737 1779/1779 1736/1736
f 1779/1779 1778/1778 1736/1736
f 1780/1780 1737/1737 1740/1740
f 1780/1780 1740/1740 1781/1781
f 1780/1780 1781/1781 1782/1782
f 1780/1780 1779/1779 1737/1737
f 1783/1783 1780/1780 1782/1782
f 1747/1747 1744/1744 1784/1784
f 1749/1749 1785/1785 1744/1744
f 1744/1744 1785/1785 1786/1786
f 1744/1744 1786/1786 1784/1784
f 1750/1750 1787/1787 1749/1749
f 1787/1787 1785/1785 1749/1749
f 1751/1751 1788/1788 1750/1750
f 1788/1788 1787/1787 1750/1750
f 1752/1752 1789/1789 1751/1751
f 1789/1789 1788/1788 1751/1751
f 1753/1753 1790/1790 1752/1752
f 1790/1790 1789/1789 1752/1752
f 1756/1756 1791/1791 1753/1753
f 1791/1791 1790/1790 1753/1753
f 1792/1792 1756/1756 1759/1759
f 1792/1792 1759/1759 1793/1793
f 1792/1792 1793/1793 1794/1794
f 1792/1792 1794/1794 1795/1795
f 1792/1792 1791/1791 1756/1756
f 1796/1796 1792/1792 1795/1795
f 1763/1763 1762/1762 1797/1797
f 1763/1763 1797/1797 1798/1798
f 1763/1763 1798/1798 1799/1799
f 1765/1765 1800/1800 1762/1762
f 1762/1762 1800/1800 1801/1801
f 1762/1762 1801/1801 1797/1797
f 1766/1766 1802/1802 1765/1765
f 1802/1802 1800/1800 1765/1765
f 1767/1767 1803/1803 1766/1766
f 1803/1803 1802/1802 1766/1766
f 1768/1768 1804/1804 1767/1767
f 1804/1804 1803/1803 1767/1767
f 1805/1805 1768/1768 1772/1772
f 1805/1805 1772/1772 1806/1806
f 1805/1805 1804/1804 1768/1768
f 1807/1807 1805/1805 1806/1806
f 1807/1807 1806/1806 1808/1808
f 1807/1807 1808/1808 1809/1809
f 1773/1773 1810/1810 1811/1811
f 1773/1773 1811/1811 1775/1775
f 1811/1811 1810/1810 1812/1812
f 1777/1777 1813/1813 1773/1773
f 1813/1813 1810/1810 1773/1773
f 1778/1778 1814/1814 1777/1777
f 1814/1814 1813/1813 1777/1777
f 1779/1779 1815/1815 1778/1778
f 1815/1815 1814/1814 1778/1778
f 1780/1780 1816/1816 1779/1779
f 1816/1816 1815/1815 1779/1779
f 1780/1780 1783/1783 1817/1817
f 1780/1780 1817/1817 1818/1818
f 1816/1816 1780/1780 1818/1818
f 1816/1816 1818/1818 1819/1819
f 1785/1785 1820/1820 1821/1821
f 1785/1785 1821/1821 1786/1786
f 1787/1787 1822/1822 1785/1785
f 1785/1785 1822/1822 1823/1823
f 1785/1785 1823/1823 1820/1820
f 1788/1788 1824/1824 1787/1787
f 1824/1824 1822/1822 1787/1787
f 1789/1789 1825/1825 1788/1788
f 1825/1825 1824/1824 1788/1788
f 1790/1790 1826/1826 1789/1789
f 1826/1826 1825/1825 1789/1789
f 1791/1791 1827/1827 1790/1790
f 1827/1827 1826/1826 1790/1790
f 1792/1792 1828/1828 1791/1791
f 1828/1828 1827/1827 1791/1791
f 1829/1829 1792/1792 1796/1796
f 1829/1829 1796/1796 1830/1830
f 1829/1829 1830/1830 1831/1831
f 1829/1829 1828/1828 1792/1792
f 1829/1829 1831/1831 1832/1832
f 1829/1829 1832/1832 1833/1833
f 1800/1800 1834/1834 1835/1835
f 1800/1800 1835/1835 1836/1836
f 1800/1800 1836/1836 1801/1801
f 1802/1802 1837/1837 1800/1800
f 1800/1800 1837/1837 1838/1838
f 1800/1800 1838/1838 1834/1834
f 1803/1803 1839/1839 1802/1802
f 1839/1839 1837/1837 1802/1802
f 1804/1804 1840/1840 1803/1803
f 1840/1840 1839/1839 1803/1803
f 1805/1805 1841/1841 1804/1804
f 1841/1841 1840/1840 1804/1804
f 1842/1842 1805/1805 1807/1807
f 1842/1842 1807/1807 1843/1843
f 1842/1842 1841/1841 1805/1805
f 1844/1844 1842/1842 1843/1843
f 1810/1810 1845/1845 1846/1846
f 1810/1810 1846/1846 1812/1812
f 1846/1846 1845/1845 1847/1847
f 1813/1813 1848/1848 1810/1810
f 1848/1848 1845/1845 1810/1810
f 1814/1814 1849/1849 1813/1813
f 1849/1849 1848/1848 1813/1813
f 1815/1815 1850/1850 1814/1814
f 1850/1850 1849/1849 1814/1814
f 1816/1816 1851/1851 1815/1815
f 1851/1851 1850/1850 1815/1815
f 1816/1816 1819/1819 1852/1852
f 1816/1816 1852/1852 1853/1853
f 1851/1851 1816/1816 1853/1853
f 1851/1851 1853/1853 1854/1854
f 1851/1851 1854/1854 1855/1855
f 1823/1823 1822/1822 1856/1856
f 1823/1823 1856/1856 1857/1857
f 1822/1822 1824/1824 1858/1858
f 1822/1822 1858/1858 1859/1859
f 1822/1822 1859/1859 1860/1860
f 1856/1856 1822/1822 1860/1860
f 1856/1856 1860/1860 1861/1861
f 1825/1825 1862/1862 1824/1824
f 1824/1824 1862/1862 1863/1863
f 1824/1824 1863/1863 1858/1858
f 1826/1826 1864/1864 1825/1825
f 1864/1864 1862/1862 1825/1825
f 1827/1827 1865/1865 1826/1826
f 1865/1865 1864/1864 1826/1826
f 1828/1828 1866/1866 1827/1827
f 1866/1866 1865/1865 1827/1827
f 1829/1829 1867/1867 1828/1828
f 1867/1867 1866/1866 1828/1828
f 1868/1868 1829/1829 1833/1833
f 1868/1868 1833/1833 1869/1869
f 1868/1868 1867/1867 1829/1829
f 1870/1870 1871/1871 1872/1872
f 1871/1871 1868/1868 1869/1869
f 1871/1871 1869/1869 1873/1873
f 1871/1871 1873/1873 1872/1872
f 1874/1874 1871/1871 1870/1870
f 1837/1837 1875/1875 1876/1876
f 1837/1837 1876/1876 1838/1838
f 1876/1876 1875/1875 1877/1877
f 1839/1839 1878/1878 1837/1837
f 1878/1878 1875/1875 1837/1837
f 1840/1840 1879/1879 1839/1839
f 1879/1879 1878/1878 1839/1839
f 1841/1841 1880/1880 1840/1840
f 1880/1880 1879/1879 1840/1840
f 1842/1842 1881/1881 1841/1841
f 1881/1881 1880/1880 1841/1841
f 1882/1882 1842/1842 1844/1844
f 1882/1882 1844/1844 1883/1883
f 1882/1882 1883/1883 1884/1884
f 1882/1882 1881/1881 1842/1842
f 1882/1882 1884/1884 1885/1885
f 1882/1882 1885/1885 1886/1886
f 1887/1887 1888/1888 1889/1889
f 1889/1889 1888/1888 1890/1890
f 1889/1889 1890/1890 1891/1891
f 1892/1892 1888/1888 1887/1887
f 1892/1892 1887/1887 1893/1893
f 1845/1845 1894/1894 1895/1895
f 1845/1845 1895/1895 1896/1896
f 1845/1845 1896/1896 1847/1847
f 1895/1895 1894/1894 1897/1897
f 1848/1848 1898/1898 1845/1845
f 1898/1898 1894/1894 1845/1845
f 1849/1849 1899/1899 1848/1848
f 1899/1899 1898/1898 1848/1848
f 1850/1850 1900/1900 1849/1849
f 1900/1900 1899/1899 1849/1849
f 1851/1851 1901/1901 1850/1850
f 1901/1901 1900/1900 1850/1850
f 1902/1902 1851/1851 1855/1855
f 1901/1901 1851/1851 1902/1902
f 1901/1901 1902/1902 1903/1903
f 1901/1901 1903/1903 1904/1904
f 1862/1862 1905/1905 1906/1906
f 1862/1862 1906/1906 1863/1863
f 1864/1864 1907/1907 1862/1862
f 1862/1862 1907/1907 1908/1908
f 1862/1862 1908/1908 1909/1909
f 1862/1862 1909/1909 1905/1905
f 1865/1865 1910/1910 1864/1864
f 1910/1910 1907/1907 1864/1864
f 1866/1866 1911/1911 1865/1865
f 1911/1911 1910/1910 1865/1865
f 1867/1867 1912/1912 1866/1866
f 1912/1912 1911/1911 1866/1866
f 1868/1868 1913/1913 1867/1867
f 1913/1913 1912/1912 1867/1867
f 1871/1871 1914/1914 1868/1868
f 1914/1914 1913/1913 1868/1868
f 1915/1915 1871/1871 1874/1874
f 1915/1915 1874/1874 1916/1916
f 1915/1915 1916/1916 1917/1917
f 1915/1915 1914/1914 1871/1871
f 1915/1915 1917/1917 1918/1918
f 1915/1915 1918/1918 1919/1919
f 1877/1877 1875/1875 1920/1920
f 1878/1878 1921/1921 1875/1875
f 1875/1875 1921/1921 1922/1922
f 1875/1875 1922/1922 1923/1923
f 1875/1875 1923/1923 1920/1920
f 1879/1879 1924/1924 1878/1878
f 1924/1924 1921/1921 1878/1878
f 1880/1880 1925/1925 1879/1879
f 1925/1925 1924/1924 1879/1879
f 1881/1881 1926/1926 1880/1880
f 1926/1926 1925/1925 1880/1880
f 1882/1882 1927/1927 1881/1881
f 1927/1927 1926/1926 1881/1881
f 1928/1928 1882/1882 1886/1886
f 1928/1928 1886/1886 1929/1929
f 1928/1928 1929/1929 1930/1930
f 1928/1928 1927/1927 1882/1882
f 1931/1931 1928/1928 1930/1930
f 1931/1931 1930/1930 1932/1932
f 1933/1933 1934/1934 1935/1935
f 1933/1933 1935/1935 1936/1936
f 1935/1935 1934/1934 1937/1937
f 1935/1935 1937/1937 1938/1938
f 1888/1888 1939/1939 1940/1940
f 1888/1888 1940/1940 1890/1890
f 1939/1939 1934/1934 1933/1933
f 1939/1939 1933/1933 1940/1940
f 1941/1941 1888/1888 1892/1892
f 1939/1939 1888/1888 1941/1941
f 1939/1939 1941/1941 1942/1942
f 1894/1894 1943/1943 1944/1944
f 1894/1894 1944/1944 1945/1945
f 1894/1894 1945/1945 1897/1897
f 1944/1944 1943/1943 1946/1946
f 1898/1898 1947/1947 1894/1894
f 1947/1947 1943/1943 1894/1894
f 1899/1899 1948/1948 1898/1898
f 1948/1948 1947/1947 1898/1898
f 1900/1900 1949/1949 1899/1899
f 1949/1949 1948/1948 1899/1899
f 1901/1901 1950/1950 1900/1900
f 1950/1950 1949/1949 1900/1900
f 1951/1951 1901/1901 1904/1904
f 1950/1950 1901/1901 1951/1951
f 1950/1950 1951/1951 1952/1952
f 1950/1950 1952/1952 1953/1953
f 1907/1907 1954/1954 1955/1955
f 1907/1907 1955/1955 1908/1908
f 1910/1910 1956/1956 1907/1907
f 1907/1907 1956/1956 1957/1957
f 1907/1907 1957/1957 1958/1958
f 1907/1907 1958/1958 1954/1954
f 1911/1911 1959/1959 1910/1910
f 1959/1959 1956/1956 1910/1910
f 1912/1912 1960/1960 1911/1911
f 1960/1960 1959/1959 1911/1911
f 1913/1913 1961/1961 1912/1912
f 1961/1961 1960/1960 1912/1912
f 1914/1914 1962/1962 1913/1913
f 1962/1962 1961/1961 1913/1913
f 1915/1915 1963/1963 1914/1914
f 1963/1963 1962/1962 1914/1914
f 1964/1964 1915/1915 1919/1919
f 1964/1964 1919/1919 1965/1965
f 1964/1964 1965/1965 1966/1966
f 1964/1964 1963/1963 1915/1915
f 1964/1964 1966/1966 1967/1967
f 1964/1964 1967/1967 1968/1968
f 1921/1921 1969/1969 1970/1970
f 1921/1921 1970/1970 1922/1922
f 1924/1924 1971/1971 1921/1921
f 1921/1921 1971/1971 1972/1972
f 1921/1921 1972/1972 1973/1973
f 1921/1921 1973/1973 1969/1969
f 1925/1925 1974/1974 1924/1924
f 1974/1974 1971/1971 1924/1924
f 1926/1926 1975/1975 1925/1925
f 1975/1975 1974/1974 1925/1925
f 1927/1927 1976/1976 1926/1926
f 1976/1976 1975/1975 1926/1926
f 1928/1928 1977/1977 1927/1927
f 1977/1977 1976/1976 1927/1927
f 1978/1978 1928/1928 1931/1931
f 1977/1977 1928/1928 1978/1978
f 1977/1977 1978/1978 1979/1979
f 1934/1934 1980/1980 1981/1981
f 1934/1934 1981/1981 1937/1937
f 1981/1981 1980/1980 1982/1982
f 1981/1981 1982/1982 1983/1983
f 1939/1939 1984/1984 1934/1934
f 1984/1984 1980/1980 1934/1934
f 1985/1985 1939/1939 1942/1942
f 1984/1984 1939/1939 1985/1985
f 1984/1984 1985/1985 1986/1986
f 1943/1943 1987/1987 1988/1988
f 1943/1943 1988/1988 1989/1989
f 1943/1943 1989/1989 1946/1946
f 1988/1988 1987/1987 1990/1990
f 1947/1947 1991/1991 1943/1943
f 1991/1991 1987/1987 1943/1943
f 1948/1948 1992/1992 1947/1947
f 1992/1992 1991/1991 1947/1947
f 1949/1949 1993/1993 1948/1948
f 1993/1993 1992/1992 1948/1948
f 1950/1950 1994/1994 1949/1949
f 1994/1994 1993/1993 1949/1949
f 1995/1995 1950/1950 1953/1953
f 1994/1994 1950/1950 1995/1995
f 1994/1994 1995/1995 1996/1996
f 1994/1994 1996/1996 1997/1997
f 1998/1998 1999/1999 2000/2000
f 2000/2000 1999/1999 2001/2001
f 2000/2000 2001/2001 2002/2002
f 2003/2003 2004/2004 2005/2005
f 2004/2004 1999/1999 1998/1998
f 2004/2004 1998/1998 2006/2006
f 2004/2004 2006/2006 2005/2005
f 2007/2007 2008/2008 2009/2009
f 2007/2007 2009/2009 2010/2010
f 2008/2008 2004/2004 2003/2003
f 2008/2008 2003/2003 2011/2011
f 2008/2008 2011/2011 2009/2009
f 2012/2012 2008/2008 2007/2007
f 2012/2012 2007/2007 2013/2013
f 1957/1957 1956/1956 2014/2014
f 1959/1959 2015/2015 1956/1956
f 2015/2015 2016/2016 2017/2017
f 2017/2017 2014/2014 1956/1956
f 2017/2017 1956/1956 2015/2015
f 1960/1960 2018/2018 1959/1959
f 2018/2018 2015/2015 1959/1959
f 1961/1961 2019/2019 1960/1960
f 2019/2019 2018/2018 1960/1960
f 1962/1962 2020/2020 1961/1961
f 2020/2020 2019/2019 1961/1961
f 1963/1963 2021/2021 1962/1962
f 2021/2021 2020/2020 1962/1962
f 1964/1964 2022/2022 1963/1963
f 2022/2022 2021/2021 1963/1963
f 2023/2023 1964/1964 1968/1968
f 2023/2023 1968/1968 2024/2024
f 2023/2023 2022/2022 1964/1964
f 2025/2025 2023/2023 2024/2024
f 2025/2025 2024/2024 2026/2026
f 1972/1972 1971/1971 2027/2027
f 1974/1974 2028/2028 1971/1971
f 1971/1971 2028/2028 2029/2029
f 1971/1971 2029/2029 2030/2030
f 1971/1971 2030/2030 2027/2027
f 1975/1975 2031/2031 1974/1974
f 2031/2031 2028/2028 1974/1974
f 1976/1976 2032/2032 1975/1975
f 2032/2032 2031/2031 1975/1975
f 1977/1977 2033/2033 1976/1976
f 2033/2033 2032/2032 1976/1976
f 2034/2034 1977/1977 1979/1979
f 2034/2034 1979/1979 2035/2035
f 2034/2034 2033/2033 1977/1977
f 2034/2034 2035/2035 2036/2036
f 2034/2034 2036/2036 2037/2037
f 1980/1980 2038/2038 2039/2039
f 1980/1980 2039/2039 2040/2040
f 1980/1980 2040/2040 1982/1982
f 2039/2039 2038/2038 2041/2041
f 1984/1984 2042/2042 1980/1980
f 2042/2042 2038/2038 1980/1980
f 1984/1984 1986/1986 2043/2043
f 1984/1984 2043/2043 2044/2044
f 2042/2042 1984/1984 2044/2044
f 2042/2042 2044/2044 2045/2045
f 1987/1987 2046/2046 2047/2047
f 1987/1987 2047/2047 2048/2048
f 1987/1987 2048/2048 1990/1990
f 2047/2047 2046/2046 2049/2049
f 1991/1991 2050/2050 1987/1987
f 2050/2050 2046/2046 1987/1987
f 1992/1992 2051/2051 1991/1991
f 2051/2051 2050/2050 1991/1991
f 1993/1993 2052/2052 1992/1992
f 2052/2052 2051/2051 1992/1992
f 1994/1994 2053/2053 1993/1993
f 2053/2053 2052/2052 1993/1993
f 2054/2054 1994/1994 1997/1997
f 2053/2053 1994/1994 2054/2054
f 2053/2053 2054/2054 2055/2055
f 2053/2053 2055/2055 2056/2056
f 2057/2057 2058/2058 2059/2059
f 2057/2057 2059/2059 2060/2060
f 1999/1999 2061/2061 2062/2062
f 1999/1999 2062/2062 2001/2001
f 2062/2062 2061/2061 2063/2063
f 2062/2062 2063/2063 2058/2058
f 2062/2062 2058/2058 2057/2057
f 2004/2004 2064/2064 1999/1999
f 2064/2064 2061/2061 1999/1999
f 2008/2008 2065/2065 2004/2004
f 2065/2065 2064/2064 2004/2004
f 2066/2066 2008/2008 2012/2012
f 2012/2012 2067/2067 2068/2068
f 2012/2012 2068/2068 2066/2066
f 2065/2065 2008/2008 2066/2066
f 2065/2065 2066/2066 2069/2069
f 2065/2065 2069/2069 2070/2070
f 2071/2071 2072/2072 2073/2073
f 2073/2073 2072/2072 2074/2074
f 2075/2075 2076/2076 2077/2077
f 2076/2076 2072/2072 2071/2071
f 2076/2076 2071/2071 2078/2078
f 2076/2076 2078/2078 2077/2077
f 2015/2015 2079/2079 2080/2080
f 2015/2015 2080/2080 2016/2016
f 2079/2079 2076/2076 2075/2075
f 2079/2079 2075/2075 2080/2080
f 2018/2018 2081/2081 2015/2015
f 2081/2081 2079/2079 2015/2015
f 2019/2019 2082/2082 2018/2018
f 2082/2082 2081/2081 2018/2018
f 2020/2020 2083/2083 2019/2019
f 2083/2083 2082/2082 2019/2019
f 2021/2021 2084/2084 2020/2020
f 2084/2084 2083/2083 2020/2020
f 2022/2022 2085/2085 2021/2021
f 2085/2085 2084/2084 2021/2021
f 2023/2023 2086/2086 2022/2022
f 2086/2086 2085/2085 2022/2022
f 2087/2087 2023/2023 2025/2025
f 2087/2087 2025/2025 2088/2088
f 2087/2087 2088/2088 2089/2089
f 2087/2087 2086/2086 2023/2023
f 2087/2087 2089/2089 2090/2090
f 2087/2087 2090/2090 2091/2091
f 2028/2028 2092/2092 2093/2093
f 2028/2028 2093/2093 2094/2094
f 2028/2028 2094/2094 2029/2029
f 2031/2031 2095/2095 2028/2028
f 2028/2028 2095/2095 2096/2096
f 2028/2028 2096/2096 2092/2092
f 2032/2032 2097/2097 2031/2031
f 2097/2097 2095/2095 2031/2031
f 2033/2033 2098/2098 2032/2032
f 2098/2098 2097/2097 2032/2032
f 2034/2034 2099/2099 2033/2033
f 2099/2099 2098/2098 2033/2033
f 2100/2100 2034/2034 2037/2037
f 2100/2100 2037/2037 2101/2101
f 2100/2100 2101/2101 2102/2102
f 2100/2100 2099/2099 2034/2034
f 2100/2100 2102/2102 2103/2103
f 2100/2100 2103/2103 2104/2104
f 2041/2041 2038/2038 2105/2105
f 2038/2038 2042/2042 2106/2106
f 2038/2038 2106/2106 2107/2107
f 2038/2038 2107/2107 2108/2108
f 2105/2105 2038/2038 2108/2108
f 2105/2105 2108/2108 2109/2109
f 2110/2110 2042/2042 2045/2045
f 2110/2110 2045/2045 2111/2111
f 2110/2110 2111/2111 2112/2112
f 2042/2042 2110/2110 2113/2113
f 2042/2042 2113/2113 2106/2106
f 2110/2110 2112/2112 2114/2114
f 2110/2110 2114/2114 2115/2115
f 2049/2049 2046/2046 2116/2116
f 2050/2050 2117/2117 2046/2046
f 2046/2046 2117/2117 2118/2118
f 2046/2046 2118/2118 2116/2116
f 2051/2051 2119/2119 2050/2050
f 2119/2119 2117/2117 2050/2050
f 2052/2052 2120/2120 2051/2051
f 2120/2120 2119/2119 2051/2051
f 2053/2053 2121/2121 2052/2052
f 2121/2121 2120/2120 2052/2052
f 2053/2053 2056/2056 2122/2122
f 2053/2053 2122/2122 2123/2123
f 2121/2121 2053/2053 2123/2123
f 2121/2121 2123/2123 2124/2124
f 2061/2061 2125/2125 2126/2126
f 2061/2061 2126/2126 2063/2063
f 2064/2064 2127/2127 2061/2061
f 2061/2061 2127/2127 2128/2128
f 2061/2061 2128/2128 2125/2125
f 2065/2065 2129/2129 2064/2064
f 2129/2129 2127/2127 2064/2064
f 2130/2130 2065/2065 2070/2070
f 2129/2129 2065/2065 2130/2130
f 2129/2129 2130/2130 2131/2131
f 2129/2129 2131/2131 2132/2132
f 2133/2133 2134/2134 2135/2135
f 2135/2135 2134/2134 2136/2136
f 2072/2072 2137/2137 2138/2138
f 2072/2072 2138/2138 2074/2074
f 2137/2137 2134/2134 2133/2133
f 2137/2137 2133/2133 2138/2138
f 2076/2076 2139/2139 2072/2072
f 2139/2139 2137/2137 2072/2072
f 2079/2079 2140/2140 2076/2076
f 2140/2140 2139/2139 2076/2076
f 2081/2081 2141/2141 2079/2079
f 2141/2141 2140/2140 2079/2079
f 2082/2082 2142/2142 2081/2081
f 2142/2142 2141/2141 2081/2081
f 2083/2083 2143/2143 2082/2082
f 2143/2143 2142/2142 2082/2082
f 2084/2084 2144/2144 2083/2083
f 2144/2144 2143/2143 2083/2083
f 2085/2085 2145/2145 2084/2084
f 2145/2145 2144/2144 2084/2084
f 2086/2086 2146/2146 2085/2085
f 2146/2146 2145/2145 2085/2085
f 2087/2087 2147/2147 2086/2086
f 2147/2147 2146/2146 2086/2086
f 2148/2148 2087/2087 2091/2091
f 2148/2148 2091/2091 2149/2149
f 2148/2148 2149/2149 2150/2150
f 2148/2148 2147/2147 2087/2087
f 2151/2151 2148/2148 2150/2150
f 2095/2095 2152/2152 2153/2153
f 2095/2095 2153/2153 2096/2096
f 2153/2153 2152/2152 2154/2154
f 2097/2097 2155/2155 2095/2095
f 2155/2155 2152/2152 2095/2095
f 2098/2098 2156/2156 2097/2097
f 2156/2156 2155/2155 2097/2097
f 2099/2099 2157/2157 2098/2098
f 2157/2157 2156/2156 2098/2098
f 2100/2100 2158/2158 2099/2099
f 2158/2158 2157/2157 2099/2099
f 2159/2159 2100/2100 2104/2104
f 2158/2158 2100/2100 2159/2159
f 2158/2158 2159/2159 2160/2160
f 2158/2158 2160/2160 2161/2161
f 2113/2113 2110/2110 2162/2162
f 2163/2163 2110/2110 2115/2115
f 2115/2115 2164/2164 2165/2165
f 2115/2115 2165/2165 2163/2163
f 2162/2162 2110/2110 2163/2163
f 2117/2117 2166/2166 2167/2167
f 2117/2117 2167/2167 2118/2118
f 2167/2167 2166/2166 2168/2168
f 2167/2167 2168/2168 2169/2169
f 2167/2167 2169/2169 2170/2170
f 2119/2119 2171/2171 2117/2117
f 2171/2171 2166/2166 2117/2117
f 2120/2120 2172/2172 2119/2119
f 2172/2172 2171/2171 2119/2119
f 2121/2121 2173/2173 2120/2120
f 2173/2173 2172/2172 2120/2120
f 2174/2174 2121/2121 2124/2124
f 2174/2174 2124/2124 2175/2175
f 2174/2174 2173/2173 2121/2121
f 2174/2174 2175/2175 2176/2176
f 2174/2174 2176/2176 2177/2177
f 2128/2128 2127/2127 2178/2178
f 2128/2128 2178/2178 2179/2179
f 2129/2129 2180/2180 2127/2127
f 2127/2127 2180/2180 2181/2181
f 2127/2127 2181/2181 2182/2182
f 2127/2127 2182/2182 2178/2178
f 2183/2183 2129/2129 2132/2132
f 2180/2180 2129/2129 2183/2183
f 2180/2180 2183/2183 2184/2184
f 2180/2180 2184/2184 2185/2185
f 2186/2186 2187/2187 2188/2188
f 2188/2188 2187/2187 2189/2189
f 2134/2134 2190/2190 2191/2191
f 2134/2134 2191/2191 2192/2192
f 2134/2134 2192/2192 2136/2136
f 2190/2190 2187/2187 2186/2186
f 2190/2190 2186/2186 2193/2193
f 2190/2190 2193/2193 2191/2191
f 2137/2137 2194/2194 2134/2134
f 2194/2194 2190/2190 2134/2134
f 2139/2139 2195/2195 2137/2137
f 2195/2195 2194/2194 2137/2137
f 2140/2140 2196/2196 2139/2139
f 2196/2196 2195/2195 2139/2139
f 2141/2141 2197/2197 2140/2140
f 2197/2197 2196/2196 2140/2140
f 2141/2141 2142/2142 2198/2198
f 2141/2141 2198/2198 2199/2199
f 2197/2197 2141/2141 2199/2199
f 2197/2197 2199/2199 2200/2200
f 2143/2143 2201/2201 2202/2202
f 2143/2143 2202/2202 2203/2203
f 2143/2143 2203/2203 2204/2204
f 2143/2143 2204/2204 2142/2142
f 2198/2198 2142/2142 2204/2204
f 2144/2144 2205/2205 2143/2143
f 2205/2205 2206/2206 2207/2207
f 2205/2205 2207/2207 2208/2208
f 2208/2208 2201/2201 2143/2143
f 2208/2208 2143/2143 2205/2205
f 2145/2145 2209/2209 2144/2144
f 2209/2209 2205/2205 2144/2144
f 2146/2146 2210/2210 2145/2145
f 2210/2210 2209/2209 2145/2145
f 2147/2147 2211/2211 2146/2146
f 2211/2211 2210/2210 2146/2146
f 2148/2148 2212/2212 2147/2147
f 2212/2212 2211/2211 2147/2147
f 2213/2213 2148/2148 2151/2151
f 2212/2212 2148/2148 2213/2213
f 2212/2212 2213/2213 2214/2214
f 2212/2212 2214/2214 2215/2215
f 2154/2154 2152/2152 2216/2216
f 2155/2155 2217/2217 2152/2152
f 2152/2152 2217/2217 2218/2218
f 2152/2152 2218/2218 2219/2219
f 2152/2152 2219/2219 2216/2216
f 2156/2156 2220/2220 2155/2155
f 2220/2220 2217/2217 2155/2155
f 2157/2157 2221/2221 2156/2156
f 2221/2221 2220/2220 2156/2156
f 2158/2158 2222/2222 2157/2157
f 2222/2222 2221/2221 2157/2157
f 2223/2223 2158/2158 2161/2161
f 2223/2223 2161/2161 2224/2224
f 2223/2223 2222/2222 2158/2158
f 2223/2223 2224/2224 2225/2225
f 2223/2223 2225/2225 2226/2226
f 2166/2166 2227/2227 2228/2228
f 2166/2166 2228/2228 2168/2168
f 2228/2228 2227/2227 2229/2229
f 2171/2171 2230/2230 2166/2166
f 2230/2230 2227/2227 2166/2166
f 2172/2172 2231/2231 2171/2171
f 2231/2231 2230/2230 2171/2171
f 2173/2173 2232/2232 2172/2172
f 2232/2232 2231/2231 2172/2172
f 2174/2174 2233/2233 2173/2173
f 2233/2233 2232/2232 2173/2173
f 2234/2234 2174/2174 2177/2177
f 2233/2233 2174/2174 2234/2234
f 2233/2233 2234/2234 2235/2235
f 2233/2233 2235/2235 2236/2236
f 2181/2181 2180/2180 2237/2237
f 2238/2238 2180/2180 2185/2185
f 2238/2238 2185/2185 2239/2239
f 2238/2238 2239/2239 2240/2240
f 2180/2180 2238/2238 2241/2241
f 2180/2180 2241/2241 2237/2237
f 2238/2238 2240/2240 2242/2242
f 2238/2238 2242/2242 2243/2243
f 2244/2244 2245/2245 2246/2246
f 2246/2246 2245/2245 2247/2247
f 2246/2246 2247/2247 2248/2248
f 2187/2187 2249/2249 2250/2250
f 2187/2187 2250/2250 2251/2251
f 2187/2187 2251/2251 2189/2189
f 2249/2249 2245/2245 2244/2244
f 2249/2249 2244/2244 2250/2250
f 2190/2190 2252/2252 2187/2187
f 2252/2252 2249/2249 2187/2187
f 2194/2194 2253/2253 2190/2190
f 2253/2253 2252/2252 2190/2190
f 2195/2195 2254/2254 2194/2194
f 2254/2254 2253/2253 2194/2194
f 2196/2196 2255/2255 2195/2195
f 2255/2255 2254/2254 2195/2195
f 2196/2196 2197/2197 2256/2256
f 2196/2196 2256/2256 2257/2257
f 2255/2255 2196/2196 2257/2257
f 2255/2255 2257/2257 2258/2258
f 2255/2255 2258/2258 2259/2259
f 2197/2197 2200/2200 2260/2260
f 2197/2197 2260/2260 2261/2261
f 2256/2256 2197/2197 2261/2261
f 2206/2206 2205/2205 2262/2262
f 2209/2209 2263/2263 2205/2205
f 2205/2205 2263/2263 2264/2264
f 2205/2205 2264/2264 2265/2265
f 2205/2205 2265/2265 2262/2262
f 2210/2210 2266/2266 2209/2209
f 2266/2266 2263/2263 2209/2209
f 2211/2211 2267/2267 2210/2210
f 2267/2267 2266/2266 2210/2210
f 2212/2212 2268/2268 2211/2211
f 2268/2268 2267/2267 2211/2211
f 2269/2269 2212/2212 2215/2215
f 2269/2269 2215/2215 2270/2270
f 2269/2269 2270/2270 2271/2271
f 2269/2269 2268/2268 2212/2212
f 2269/2269 2271/2271 2272/2272
f 2269/2269 2272/2272 2273/2273
f 2218/2218 2217/2217 2274/2274
f 2220/2220 2275/2275 2217/2217
f 2217/2217 2275/2275 2276/2276
f 2217/2217 2276/2276 2274/2274
f 2221/2221 2277/2277 2220/2220
f 2277/2277 2275/2275 2220/2220
f 2222/2222 2278/2278 2221/2221
f 2278/2278 2277/2277 2221/2221
f 2223/2223 2279/2279 2222/2222
f 2279/2279 2278/2278 2222/2222
f 2280/2280 2223/2223 2226/2226
f 2280/2280 2226/2226 2281/2281
f 2280/2280 2281/2281 2282/2282
f 2280/2280 2279/2279 2223/2223
f 2280/2280 2282/2282 2283/2283
f 2280/2280 2283/2283 2284/2284
f 2227/2227 2285/2285 2286/2286
f 2227/2227 2286/2286 2229/2229
f 2285/2285 2287/2287 2288/2288
f 2285/2285 2288/2288 2286/2286
f 2230/2230 2289/2289 2227/2227
f 2289/2289 2285/2285 2227/2227
f 2231/2231 2290/2290 2230/2230
f 2290/2290 2289/2289 2230/2230
f 2232/2232 2291/2291 2231/2231
f 2291/2291 2290/2290 2231/2231
f 2233/2233 2292/2292 2232/2232
f 2292/2292 2291/2291 2232/2232
f 2293/2293 2233/2233 2236/2236
f 2292/2292 2233/2233 2293/2293
f 2292/2292 2293/2293 2294/2294
f 2292/2292 2294/2294 2295/2295
f 2238/2238 2296/2296 2297/2297
f 2238/2238 2297/2297 2241/2241
f 2298/2298 2238/2238 2243/2243
f 2298/2298 2243/2243 2299/2299
f 2298/2298 2299/2299 2300/2300
f 2298/2298 2300/2300 2301/2301
f 2296/2296 2238/2238 2298/2298
f 2296/2296 2298/2298 2302/2302
f 2303/2303 2300/2300 2299/2299
f 2245/2245 2304/2304 2305/2305
f 2245/2245 2305/2305 2247/2247
f 2305/2305 2304/2304 2306/2306
f 2305/2305 2306/2306 2307/2307
f 2249/2249 2308/2308 2245/2245
f 2308/2308 2304/2304 2245/2245
f 2252/2252 2309/2309 2249/2249
f 2309/2309 2308/2308 2249/2249
f 2253/2253 2310/2310 2252/2252
f 2310/2310 2309/2309 2252/2252
f 2254/2254 2311/2311 2253/2253
f 2311/2311 2310/2310 2253/2253
f 2254/2254 2255/2255 2312/2312
f 2254/2254 2312/2312 2313/2313
f 2311/2311 2254/2254 2313/2313
f 2311/2311 2313/2313 2314/2314
f 2315/2315 2255/2255 2259/2259
f 2312/2312 2255/2255 2315/2315
f 2263/2263 2316/2316 2317/2317
f 2263/2263 2317/2317 2264/2264
f 2317/2317 2316/2316 2318/2318
f 2317/2317 2318/2318 2319/2319
f 2317/2317 2319/2319 2320/2320
f 2266/2266 2321/2321 2263/2263
f 2321/2321 2316/2316 2263/2263
f 2267/2267 2322/2322 2266/2266
f 2322/2322 2321/2321 2266/2266
f 2268/2268 2323/2323 2267/2267
f 2323/2323 2322/2322 2267/2267
f 2269/2269 2324/2324 2268/2268
f 2324/2324 2323/2323 2268/2268
f 2325/2325 2269/2269 2273/2273
f 2324/2324 2269/2269 2325/2325
f 2324/2324 2325/2325 2326/2326
f 2275/2275 2327/2327 2328/2328
f 2275/2275 2328/2328 2276/2276
f 2328/2328 2327/2327 2329/2329
f 2328/2328 2329/2329 2330/2330
f 2328/2328 2330/2330 2331/2331
f 2328/2328 2331/2331 2332/2332
f 2277/2277 2333/2333 2275/2275
f 2333/2333 2327/2327 2275/2275
f 2278/2278 2334/2334 2277/2277
f 2334/2334 2333/2333 2277/2277
f 2279/2279 2335/2335 2278/2278
f 2335/2335 2334/2334 2278/2278
f 2280/2280 2336/2336 2279/2279
f 2336/2336 2335/2335 2279/2279
f 2337/2337 2280/2280 2284/2284
f 2337/2337 2284/2284 2338/2338
f 2337/2337 2338/2338 2339/2339
f 2336/2336 2280/2280 2337/2337
f 2336/2336 2337/2337 2340/2340
f 2285/2285 2341/2341 2342/2342
f 2285/2285 2342/2342 2343/2343
f 2285/2285 2343/2343 2287/2287
f 2342/2342 2341/2341 2344/2344
f 2289/2289 2345/2345 2285/2285
f 2345/2345 2341/2341 2285/2285
f 2290/2290 2346/2346 2289/2289
f 2346/2346 2345/2345 2289/2289
f 2291/2291 2347/2347 2290/2290
f 2347/2347 2346/2346 2290/2290
f 2292/2292 2348/2348 2291/2291
f 2348/2348 2347/2347 2291/2291
f 2349/2349 2292/2292 2295/2295
f 2348/2348 2292/2292 2349/2349
f 2348/2348 2349/2349 2350/2350
f 2348/2348 2350/2350 2351/2351
f 2306/2306 2304/2304 2352/2352
f 2306/2306 2352/2352 2353/2353
f 2308/2308 2354/2354 2304/2304
f 2304/2304 2354/2354 2355/2355
f 2304/2304 2355/2355 2352/2352
f 2309/2309 2356/2356 2308/2308
f 2356/2356 2354/2354 2308/2308
f 2310/2310 2357/2357 2309/2309
f 2357/2357 2356/2356 2309/2309
f 2310/2310 2311/2311 2358/2358
f 2310/2310 2358/2358 2359/2359
f 2310/2310 2359/2359 2360/2360
f 2357/2357 2310/2310 2360/2360
f 2357/2357 2360/2360 2361/2361
f 2311/2311 2314/2314 2362/2362
f 2311/2311 2362/2362 2363/2363
f 2358/2358 2311/2311 2363/2363
f 2318/2318 2316/2316 2364/2364
f 2321/2321 2365/2365 2316/2316
f 2316/2316 2365/2365 2366/2366
f 2316/2316 2366/2366 2367/2367
f 2316/2316 2367/2367 2364/2364
f 2322/2322 2368/2368 2321/2321
f 2368/2368 2365/2365 2321/2321
f 2323/2323 2369/2369 2322/2322
f 2369/2369 2368/2368 2322/2322
f 2324/2324 2370/2370 2323/2323
f 2370/2370 2369/2369 2323/2323
f 2371/2371 2324/2324 2326/2326
f 2371/2371 2326/2326 2372/2372
f 2371/2371 2370/2370 2324/2324
f 2371/2371 2372/2372 2373/2373
f 2371/2371 2373/2373 2374/2374
f 2371/2371 2374/2374 2375/2375
f 2329/2329 2327/2327 2376/2376
f 2333/2333 2377/2377 2327/2327
f 2327/2327 2377/2377 2378/2378
f 2327/2327 2378/2378 2379/2379
f 2327/2327 2379/2379 2376/2376
f 2334/2334 2380/2380 2333/2333
f 2380/2380 2377/2377 2333/2333
f 2335/2335 2381/2381 2334/2334
f 2381/2381 2380/2380 2334/2334
f 2336/2336 2382/2382 2335/2335
f 2382/2382 2381/2381 2335/2335
f 2383/2383 2336/2336 2340/2340
f 2383/2383 2340/2340 2384/2384
f 2383/2383 2382/2382 2336/2336
f 2383/2383 2384/2384 2385/2385
f 2383/2383 2385/2385 2386/2386
f 2341/2341 2387/2387 2388/2388
f 2341/2341 2388/2388 2389/2389
f 2341/2341 2389/2389 2344/2344
f 2388/2388 2387/2387 2390/2390
f 2345/2345 2391/2391 2341/2341
f 2391/2391 2387/2387 2341/2341
f 2346/2346 2392/2392 2345/2345
f 2392/2392 2391/2391 2345/2345
f 2347/2347 2393/2393 2346/2346
f 2393/2393 2392/2392 2346/2346
f 2348/2348 2394/2394 2347/2347
f 2394/2394 2393/2393 2347/2347
f 2395/2395 2348/2348 2351/2351
f 2394/2394 2348/2348 2395/2395
f 2394/2394 2395/2395 2396/2396
f 2355/2355 2354/2354 2397/2397
f 2355/2355 2397/2397 2398/2398
f 2355/2355 2398/2398 2399/2399
f 2355/2355 2399/2399 2400/2400
f 2401/2401 2400/2400 2399/2399
f 2354/2354 2356/2356 2402/2402
f 2354/2354 2402/2402 2403/2403
f 2397/2397 2354/2354 2403/2403
f 2397/2397 2403/2403 2404/2404
f 2356/2356 2357/2357 2405/2405
f 2356/2356 2405/2405 2406/2406
f 2402/2402 2356/2356 2406/2406
f 2402/2402 2406/2406 2407/2407
f 2408/2408 2357/2357 2361/2361
f 2405/2405 2357/2357 2408/2408
f 2405/2405 2408/2408 2409/2409
f 2366/2366 2365/2365 2410/2410
f 2368/2368 2411/2411 2365/2365
f 2365/2365 2411/2411 2412/2412
f 2365/2365 2412/2412 2413/2413
f 2365/2365 2413/2413 2410/2410
f 2369/2369 2414/2414 2368/2368
f 2414/2414 2411/2411 2368/2368
f 2370/2370 2415/2415 2369/2369
f 2415/2415 2414/2414 2369/2369
f 2371/2371 2416/2416 2370/2370
f 2416/2416 2415/2415 2370/2370
f 2417/2417 2371/2371 2375/2375
f 2417/2417 2375/2375 2418/2418
f 2417/2417 2416/2416 2371/2371
f 2417/2417 2418/2418 2419/2419
f 2417/2417 2419/2419 2420/2420
f 2378/2378 2377/2377 2421/2421
f 2380/2380 2422/2422 2377/2377
f 2377/2377 2422/2422 2423/2423
f 2377/2377 2423/2423 2421/2421
f 2381/2381 2424/2424 2380/2380
f 2424/2424 2422/2422 2380/2380
f 2382/2382 2425/2425 2381/2381
f 2425/2425 2424/2424 2381/2381
f 2383/2383 2426/2426 2382/2382
f 2426/2426 2425/2425 2382/2382
f 2427/2427 2383/2383 2386/2386
f 2427/2427 2386/2386 2428/2428
f 2427/2427 2428/2428 2429/2429
f 2427/2427 2426/2426 2383/2383
f 2430/2430 2427/2427 2429/2429
f 2387/2387 2431/2431 2432/2432
f 2387/2387 2432/2432 2390/2390
f 2391/2391 2433/2433 2387/2387
f 2387/2387 2433/2433 2434/2434
f 2387/2387 2434/2434 2431/2431
f 2392/2392 2435/2435 2391/2391
f 2435/2435 2433/2433 2391/2391
f 2393/2393 2436/2436 2392/2392
f 2436/2436 2435/2435 2392/2392
f 2394/2394 2437/2437 2393/2393
f 2437/2437 2436/2436 2393/2393
f 2394/2394 2396/2396 2438/2438
f 2394/2394 2438/2438 2439/2439
f 2437/2437 2394/2394 2439/2439
f 2437/2437 2439/2439 2440/2440
f 2411/2411 2441/2441 2442/2442
f 2411/2411 2442/2442 2412/2412
f 2441/2441 2443/2443 2444/2444
f 2441/2441 2444/2444 2445/2445
f 2441/2441 2445/2445 2442/2442
f 2414/2414 2446/2446 2411/2411
f 2446/2446 2441/2441 2411/2411
f 2415/2415 2447/2447 2414/2414
f 2447/2447 2446/2446 2414/2414
f 2416/2416 2448/2448 2415/2415
f 2448/2448 2447/2447 2415/2415
f 2417/2417 2449/2449 2416/2416
f 2449/2449 2448/2448 2416/2416
f 2450/2450 2417/2417 2420/2420
f 2450/2450 2420/2420 2451/2451
f 2450/2450 2451/2451 2452/2452
f 2450/2450 2449/2449 2417/2417
f 2453/2453 2450/2450 2452/2452
f 2422/2422 2454/2454 2455/2455
f 2422/2422 2455/2455 2456/2456
f 2422/2422 2456/2456 2423/2423
f 2455/2455 2454/2454 2457/2457
f 2424/2424 2458/2458 2422/2422
f 2458/2458 2454/2454 2422/2422
f 2425/2425 2459/2459 2424/2424
f 2459/2459 2458/2458 2424/2424
f 2426/2426 2460/2460 2425/2425
f 2460/2460 2459/2459 2425/2425
f 2427/2427 2461/2461 2426/2426
f 2461/2461 2460/2460 2426/2426
f 2427/2427 2430/2430 2462/2462
f 2427/2427 2462/2462 2463/2463
f 2461/2461 2427/2427 2463/2463
f 2461/2461 2463/2463 2464/2464
f 2461/2461 2464/2464 2465/2465
f 2433/2433 2466/2466 2467/2467
f 2433/2433 2467/2467 2434/2434
f 2467/2467 2466/2466 2468/2468
f 2435/2435 2469/2469 2433/2433
f 2469/2469 2466/2466 2433/2433
f 2436/2436 2470/2470 2435/2435
f 2470/2470 2469/2469 2435/2435
f 2437/2437 2471/2471 2436/2436
f 2471/2471 2470/2470 2436/2436
f 2472/2472 2437/2437 2440/2440
f 2472/2472 2440/2440 2473/2473
f 2472/2472 2473/2473 2474/2474
f 2472/2472 2471/2471 2437/2437
f 2475/2475 2472/2472 2474/2474
f 2441/2441 2476/2476 2477/2477
f 2441/2441 2477/2477 2478/2478
f 2441/2441 2478/2478 2443/2443
f 2477/2477 2476/2476 2479/2479
f 2446/2446 2480/2480 2441/2441
f 2480/2480 2476/2476 2441/2441
f 2447/2447 2481/2481 2446/2446
f 2481/2481 2480/2480 2446/2446
f 2448/2448 2482/2482 2447/2447
f 2482/2482 2481/2481 2447/2447
f 2449/2449 2483/2483 2448/2448
f 2483/2483 2482/2482 2448/2448
f 2450/2450 2484/2484 2449/2449
f 2484/2484 2483/2483 2449/2449
f 2485/2485 2450/2450 2453/2453
f 2485/2485 2453/2453 2486/2486
f 2485/2485 2486/2486 2487/2487
f 2485/2485 2484/2484 2450/2450
f 2488/2488 2485/2485 2487/2487
f 2457/2457 2454/2454 2489/2489
f 2458/2458 2490/2490 2454/2454
f 2454/2454 2490/2490 2491/2491
f 2454/2454 2491/2491 2492/2492
f 2454/2454 2492/2492 2489/2489
f 2459/2459 2493/2493 2458/2458
f 2493/2493 2490/2490 2458/2458
f 2460/2460 2494/2494 2459/2459
f 2494/2494 2493/2493 2459/2459
f 2461/2461 2495/2495 2460/2460
f 2495/2495 2494/2494 2460/2460
f 2496/2496 2461/2461 2465/2465
f 2496/2496 2465/2465 2497/2497
f 2496/2496 2495/2495 2461/2461
f 2498/2498 2496/2496 2497/2497
f 2498/2498 2497/2497 2499/2499
f 2498/2498 2499/2499 2500/2500
f 2466/2466 2501/2501 2502/2502
f 2466/2466 2502/2502 2468/2468
f 2501/2501 2503/2503 2504/2504
f 2501/2501 2504/2504 2502/2502
f 2469/2469 2505/2505 2466/2466
f 2505/2505 2501/2501 2466/2466
f 2470/2470 2506/2506 2469/2469
f 2506/2506 2505/2505 2469/2469
f 2471/2471 2507/2507 2470/2470
f 2507/2507 2506/2506 2470/2470
f 2472/2472 2508/2508 2471/2471
f 2508/2508 2507/2507 2471/2471
f 2509/2509 2472/2472 2475/2475
f 2508/2508 2472/2472 2509/2509
f 2508/2508 2509/2509 2510/2510
f 2508/2508 2510/2510 2511/2511
f 2476/2476 2512/2512 2513/2513
f 2476/2476 2513/2513 2479/2479
f 2512/2512 2514/2514 2515/2515
f 2512/2512 2515/2515 2513/2513
f 2480/2480 2516/2516 2476/2476
f 2516/2516 2512/2512 2476/2476
f 2481/2481 2517/2517 2480/2480
f 2517/2517 2516/2516 2480/2480
f 2482/2482 2518/2518 2481/2481
f 2518/2518 2517/2517 2481/2481
f 2483/2483 2519/2519 2482/2482
f 2519/2519 2518/2518 2482/2482
f 2484/2484 2520/2520 2483/2483
f 2520/2520 2519/2519 2483/2483
f 2485/2485 2521/2521 2484/2484
f 2521/2521 2520/2520 2484/2484
f 2522/2522 2485/2485 2488/2488
f 2522/2522 2488/2488 2523/2523
f 2522/2522 2523/2523 2524/2524
f 2522/2522 2524/2524 2525/2525
f 2522/2522 2521/2521 2485/2485
f 2526/2526 2522/2522 2525/2525
f 2491/2491 2490/2490 2527/2527
f 2493/2493 2528/2528 2490/2490
f 2490/2490 2528/2528 2529/2529
f 2490/2490 2529/2529 2527/2527
f 2494/2494 2530/2530 2493/2493
f 2530/2530 2528/2528 2493/2493
f 2495/2495 2531/2531 2494/2494
f 2531/2531 2530/2530 2494/2494
f 2496/2496 2532/2532 2495/2495
f 2532/2532 2531/2531 2495/2495
f 2533/2533 2496/2496 2498/2498
f 2533/2533 2498/2498 2534/2534
f 2533/2533 2534/2534 2535/2535
f 2533/2533 2532/2532 2496/2496
f 2536/2536 2533/2533 2535/2535
f 2501/2501 2537/2537 2538/2538
f 2501/2501 2538/2538 2539/2539
f 2501/2501 2539/2539 2540/2540
f 2501/2501 2540/2540 2503/2503
f 2538/2538 2537/2537 2541/2541
f 2505/2505 2542/2542 2501/2501
f 2542/2542 2537/2537 2501/2501
f 2506/2506 2543/2543 2505/2505
f 2543/2543 2542/2542 2505/2505
f 2507/2507 2544/2544 2506/2506
f 2544/2544 2543/2543 2506/2506
f 2508/2508 2545/2545 2507/2507
f 2545/2545 2544/2544 2507/2507
f 2546/2546 2508/2508 2511/2511
f 2545/2545 2508/2508 2546/2546
f 2545/2545 2546/2546 2547/2547
f 2545/2545 2547/2547 2548/2548
f 2512/2512 2549/2549 2550/2550
f 2512/2512 2550/2550 2514/2514
f 2550/2550 2549/2549 2551/2551
f 2516/2516 2552/2552 2512/2512
f 2552/2552 2549/2549 2512/2512
f 2517/2517 2553/2553 2516/2516
f 2553/2553 2552/2552 2516/2516
f 2518/2518 2554/2554 2517/2517
f 2554/2554 2553/2553 2517/2517
f 2519/2519 2555/2555 2518/2518
f 2555/2555 2554/2554 2518/2518
f 2520/2520 2556/2556 2519/2519
f 2556/2556 2555/2555 2519/2519
f 2521/2521 2557/2557 2520/2520
f 2557/2557 2556/2556 2520/2520
f 2522/2522 2558/2558 2521/2521
f 2558/2558 2557/2557 2521/2521
f 2559/2559 2522/2522 2526/2526
f 2559/2559 2526/2526 2560/2560
f 2558/2558 2522/2522 2559/2559
f 2558/2558 2559/2559 2561/2561
f 2558/2558 2561/2561 2562/2562
f 2528/2528 2563/2563 2564/2564
f 2528/2528 2564/2564 2565/2565
f 2528/2528 2565/2565 2529/2529
f 2563/2563 2566/2566 2567/2567
f 2563/2563 2567/2567 2564/2564
f 2530/2530 2568/2568 2528/2528
f 2568/2568 2563/2563 2528/2528
f 2531/2531 2569/2569 2530/2530
f 2569/2569 2568/2568 2530/2530
f 2532/2532 2570/2570 2531/2531
f 2570/2570 2569/2569 2531/2531
f 2533/2533 2571/2571 2532/2532
f 2571/2571 2570/2570 2532/2532
f 2572/2572 2533/2533 2536/2536
f 2571/2571 2533/2533 2572/2572
f 2571/2571 2572/2572 2573/2573
f 2571/2571 2573/2573 2574/2574
f 2537/2537 2575/2575 2576/2576
f 2537/2537 2576/2576 2577/2577
f 2537/2537 2577/2577 2541/2541
f 2576/2576 2575/2575 2578/2578
f 2542/2542 2579/2579 2537/2537
f 2579/2579 2575/2575 2537/2537
f 2543/2543 2580/2580 2542/2542
f 2580/2580 2579/2579 2542/2542
f 2544/2544 2581/2581 2543/2543
f 2581/2581 2580/2580 2543/2543
f 2545/2545 2582/2582 2544/2544
f 2582/2582 2581/2581 2544/2544
f 2583/2583 2545/2545 2548/2548
f 2582/2582 2545/2545 2583/2583
f 2582/2582 2583/2583 2584/2584
f 2582/2582 2584/2584 2585/2585
f 2549/2549 2586/2586 2587/2587
f 2549/2549 2587/2587 2588/2588
f 2549/2549 2588/2588 2551/2551
f 2587/2587 2586/2586 2589/2589
f 2552/2552 2590/2590 2549/2549
f 2590/2590 2586/2586 2549/2549
f 2553/2553 2591/2591 2552/2552
f 2591/2591 2590/2590 2552/2552
f 2554/2554 2592/2592 2553/2553
f 2592/2592 2591/2591 2553/2553
f 2555/2555 2593/2593 2554/2554
f 2593/2593 2592/2592 2554/2554
f 2556/2556 2594/2594 2555/2555
f 2594/2594 2593/2593 2555/2555
f 2557/2557 2595/2595 2556/2556
f 2595/2595 2594/2594 2556/2556
f 2558/2558 2596/2596 2557/2557
f 2596/2596 2595/2595 2557/2557
f 2597/2597 2558/2558 2562/2562
f 2596/2596 2558/2558 2597/2597
f 2596/2596 2597/2597 2598/2598
f 2596/2596 2598/2598 2599/2599
f 2566/2566 2563/2563 2600/2600
f 2568/2568 2601/2601 2563/2563
f 2563/2563 2601/2601 2602/2602
f 2563/2563 2602/2602 2603/2603
f 2563/2563 2603/2603 2600/2600
f 2569/2569 2604/2604 2568/2568
f 2604/2604 2601/2601 2568/2568
f 2570/2570 2605/2605 2569/2569
f 2605/2605 2604/2604 2569/2569
f 2571/2571 2606/2606 2570/2570
f 2606/2606 2605/2605 2570/2570
f 2607/2607 2571/2571 2574/2574
f 2607/2607 2574/2574 2608/2608
f 2607/2607 2608/2608 2609/2609
f 2607/2607 2606/2606 2571/2571
f 2610/2610 2607/2607 2609/2609
f 2575/2575 2611/2611 2612/2612
f 2575/2575 2612/2612 2613/2613
f 2575/2575 2613/2613 2578/2578
f 2612/2612 2611/2611 2614/2614
f 2579/2579 2615/2615 2575/2575
f 2615/2615 2611/2611 2575/2575
f 2580/2580 2616/2616 2579/2579
f 2616/2616 2615/2615 2579/2579
f 2581/2581 2617/2617 2580/2580
f 2617/2617 2616/2616 2580/2580
f 2582/2582 2618/2618 2581/2581
f 2618/2618 2617/2617 2581/2581
f 2619/2619 2582/2582 2585/2585
f 2618/2618 2582/2582 2619/2619
f 2618/2618 2619/2619 2620/2620
f 2586/2586 2621/2621 2622/2622
f 2586/2586 2622/2622 2623/2623
f 2586/2586 2623/2623 2624/2624
f 2586/2586 2624/2624 2589/2589
f 2622/2622 2621/2621 2625/2625
f 2590/2590 2626/2626 2586/2586
f 2626/2626 2621/2621 2586/2586
f 2591/2591 2627/2627 2590/2590
f 2627/2627 2626/2626 2590/2590
f 2592/2592 2628/2628 2591/2591
f 2628/2628 2627/2627 2591/2591
f 2593/2593 2629/2629 2592/2592
f 2629/2629 2628/2628 2592/2592
f 2594/2594 2630/2630 2593/2593
f 2630/2630 2629/2629 2593/2593
f 2595/2595 2631/2631 2594/2594
f 2631/2631 2630/2630 2594/2594
f 2596/2596 2632/2632 2595/2595
f 2632/2632 2631/2631 2595/2595
f 2633/2633 2596/2596 2599/2599
f 2632/2632 2596/2596 2633/2633
f 2632/2632 2633/2633 2634/2634
f 2632/2632 2634/2634 2635/2635
f 2601/2601 2636/2636 2637/2637
f 2601/2601 2637/2637 2638/2638
f 2601/2601 2638/2638 2602/2602
f 2637/2637 2636/2636 2639/2639
f 2604/2604 2640/2640 2601/2601
f 2640/2640 2636/2636 2601/2601
f 2605/2605 2641/2641 2604/2604
f 2641/2641 2640/2640 2604/2604
f 2606/2606 2642/2642 2605/2605
f 2642/2642 2641/2641 2605/2605
f 2607/2607 2643/2643 2606/2606
f 2643/2643 2642/2642 2606/2606
f 2607/2607 2610/2610 2644/2644
f 2607/2607 2644/2644 2645/2645
f 2643/2643 2607/2607 2645/2645
f 2643/2643 2645/2645 2646/2646
f 2643/2643 2646/2646 2647/2647
f 2611/2611 2648/2648 2649/2649
f 2611/2611 2649/2649 2614/2614
f 2615/2615 2650/2650 2611/2611
f 2611/2611 2650/2650 2651/2651
f 2611/2611 2651/2651 2648/2648
f 2616/2616 2652/2652 2615/2615
f 2652/2652 2650/2650 2615/2615
f 2617/2617 2653/2653 2616/2616
f 2653/2653 2652/2652 2616/2616
f 2618/2618 2654/2654 2617/2617
f 2654/2654 2653/2653 2617/2617
f 2618/2618 2620/2620 2655/2655
f 2618/2618 2655/2655 2656/2656
f 2654/2654 2618/2618 2656/2656
f 2654/2654 2656/2656 2657/2657
f 2625/2625 2621/2621 2658/2658
f 2626/2626 2659/2659 2621/2621
f 2621/2621 2659/2659 2660/2660
f 2621/2621 2660/2660 2661/2661
f 2621/2621 2661/2661 2658/2658
f 2627/2627 2662/2662 2626/2626
f 2662/2662 2659/2659 2626/2626
f 2628/2628 2663/2663 2627/2627
f 2663/2663 2662/2662 2627/2627
f 2629/2629 2664/2664 2628/2628
f 2664/2664 2663/2663 2628/2628
f 2630/2630 2665/2665 2629/2629
f 2665/2665 2664/2664 2629/2629
f 2631/2631 2666/2666 2630/2630
f 2666/2666 2665/2665 2630/2630
f 2632/2632 2667/2667 2631/2631
f 2667/2667 2666/2666 2631/2631
f 2632/2632 2635/2635 2668/2668
f 2632/2632 2668/2668 2669/2669
f 2667/2667 2632/2632 2669/2669
f 2667/2667 2669/2669 2670/2670
f 2639/2639 2636/2636 2671/2671
f 2640/2640 2672/2672 2636/2636
f 2636/2636 2672/2672 2673/2673
f 2636/2636 2673/2673 2674/2674
f 2636/2636 2674/2674 2671/2671
f 2641/2641 2675/2675 2640/2640
f 2675/2675 2672/2672 2640/2640
f 2642/2642 2676/2676 2641/2641
f 2676/2676 2675/2675 2641/2641
f 2643/2643 2677/2677 2642/2642
f 2677/2677 2676/2676 2642/2642
f 2678/2678 2643/2643 2647/2647
f 2678/2678 2647/2647 2679/2679
f 2678/2678 2677/2677 2643/2643
f 2680/2680 2681/2681 2682/2682
f 2678/2678 2679/2679 2683/2683
f 2678/2678 2683/2683 2684/2684
f 2684/2684 2685/2685 2682/2682
f 2684/2684 2682/2682 2681/2681
f 2684/2684 2681/2681 2678/2678
f 2686/2686 2687/2687 2688/2688
f 2687/2687 2681/2681 2680/2680
f 2687/2687 2680/2680 2689/2689
f 2687/2687 2689/2689 2688/2688
f 2690/2690 2687/2687 2686/2686
f 2690/2690 2686/2686 2691/2691
f 2650/2650 2692/2692 2693/2693
f 2650/2650 2693/2693 2651/2651
f 2693/2693 2692/2692 2694/2694
f 2652/2652 2695/2695 2650/2650
f 2695/2695 2692/2692 2650/2650
f 2653/2653 2696/2696 2652/2652
f 2696/2696 2695/2695 2652/2652
f 2654/2654 2697/2697 2653/2653
f 2697/2697 2696/2696 2653/2653
f 2698/2698 2654/2654 2657/2657
f 2698/2698 2657/2657 2699/2699
f 2698/2698 2699/2699 2700/2700
f 2698/2698 2697/2697 2654/2654
f 2701/2701 2698/2698 2700/2700
f 2659/2659 2702/2702 2703/2703
f 2659/2659 2703/2703 2660/2660
f 2702/2702 2704/2704 2705/2705
f 2702/2702 2705/2705 2703/2703
f 2662/2662 2706/2706 2659/2659
f 2706/2706 2702/2702 2659/2659
f 2663/2663 2707/2707 2662/2662
f 2707/2707 2706/2706 2662/2662
f 2664/2664 2708/2708 2663/2663
f 2708/2708 2707/2707 2663/2663
f 2665/2665 2709/2709 2664/2664
f 2709/2709 2708/2708 2664/2664
f 2666/2666 2710/2710 2665/2665
f 2710/2710 2709/2709 2665/2665
f 2667/2667 2711/2711 2666/2666
f 2711/2711 2710/2710 2666/2666
f 2667/2667 2670/2670 2712/2712
f 2667/2667 2712/2712 2713/2713
f 2711/2711 2667/2667 2713/2713
f 2711/2711 2713/2713 2714/2714
f 2673/2673 2672/2672 2715/2715
f 2673/2673 2715/2715 2716/2716
f 2673/2673 2716/2716 2717/2717
f 2675/2675 2718/2718 2672/2672
f 2672/2672 2718/2718 2719/2719
f 2672/2672 2719/2719 2715/2715
f 2676/2676 2720/2720 2675/2675
f 2720/2720 2718/2718 2675/2675
f 2677/2677 2721/2721 2676/2676
f 2721/2721 2720/2720 2676/2676
f 2678/2678 2722/2722 2677/2677
f 2722/2722 2721/2721 2677/2677
f 2681/2681 2723/2723 2678/2678
f 2723/2723 2722/2722 2678/2678
f 2687/2687 2724/2724 2681/2681
f 2724/2724 2723/2723 2681/2681
f 2725/2725 2687/2687 2690/2690
f 2725/2725 2690/2690 2726/2726
f 2725/2725 2726/2726 2727/2727
f 2725/2725 2724/2724 2687/2687
f 2728/2728 2725/2725 2727/2727
f 2692/2692 2729/2729 2730/2730
f 2692/2692 2730/2730 2731/2731
f 2692/2692 2731/2731 2694/2694
f 2730/2730 2729/2729 2732/2732
f 2695/2695 2733/2733 2692/2692
f 2733/2733 2729/2729 2692/2692
f 2696/2696 2734/2734 2695/2695
f 2734/2734 2733/2733 2695/2695
f 2697/2697 2735/2735 2696/2696
f 2735/2735 2734/2734 2696/2696
f 2698/2698 2736/2736 2697/2697
f 2736/2736 2735/2735 2697/2697
f 2737/2737 2698/2698 2701/2701
f 2736/2736 2698/2698 2737/2737
f 2736/2736 2737/2737 2738/2738
f 2736/2736 2738/2738 2739/2739
f 2702/2702 2740/2740 2741/2741
f 2702/2702 2741/2741 2742/2742
f 2702/2702 2742/2742 2704/2704
f 2741/2741 2740/2740 2743/2743
f 2706/2706 2744/2744 2702/2702
f 2744/2744 2740/2740 2702/2702
f 2707/2707 2745/2745 2706/2706
f 2745/2745 2744/2744 2706/2706
f 2708/2708 2746/2746 2707/2707
f 2746/2746 2745/2745 2707/2707
f 2709/2709 2747/2747 2708/2708
f 2747/2747 2746/2746 2708/2708
f 2710/2710 2748/2748 2709/2709
f 2748/2748 2747/2747 2709/2709
f 2711/2711 2749/2749 2710/2710
f 2749/2749 2748/2748 2710/2710
f 2750/2750 2711/2711 2714/2714
f 2750/2750 2714/2714 2751/2751
f 2750/2750 2751/2751 2752/2752
f 2750/2750 2749/2749 2711/2711
f 2753/2753 2750/2750 2752/2752
f 2718/2718 2754/2754 2755/2755
f 2718/2718 2755/2755 2756/2756
f 2718/2718 2756/2756 2719/2719
f 2754/2754 2757/2757 2758/2758
f 2754/2754 2758/2758 2755/2755
f 2720/2720 2759/2759 2718/2718
f 2759/2759 2754/2754 2718/2718
f 2721/2721 2760/2760 2720/2720
f 2760/2760 2759/2759 2720/2720
f 2722/2722 2761/2761 2721/2721
f 2761/2761 2760/2760 2721/2721
f 2723/2723 2762/2762 2722/2722
f 2762/2762 2761/2761 2722/2722
f 2724/2724 2763/2763 2723/2723
f 2763/2763 2762/2762 2723/2723
f 2725/2725 2764/2764 2724/2724
f 2764/2764 2763/2763 2724/2724
f 2765/2765 2725/2725 2728/2728
f 2765/2765 2728/2728 2766/2766
f 2764/2764 2725/2725 2765/2765
f 2764/2764 2765/2765 2767/2767
f 2764/2764 2767/2767 2768/2768
f 2729/2729 2769/2769 2770/2770
f 2729/2729 2770/2770 2771/2771
f 2729/2729 2771/2771 2732/2732
f 2770/2770 2769/2769 2772/2772
f 2733/2733 2773/2773 2729/2729
f 2773/2773 2769/2769 2729/2729
f 2734/2734 2774/2774 2733/2733
f 2774/2774 2773/2773 2733/2733
f 2735/2735 2775/2775 2734/2734
f 2775/2775 2774/2774 2734/2734
f 2736/2736 2776/2776 2735/2735
f 2776/2776 2775/2775 2735/2735
f 2777/2777 2736/2736 2739/2739
f 2776/2776 2736/2736 2777/2777
f 2776/2776 2777/2777 2778/2778
f 2776/2776 2778/2778 2779/2779
f 2776/2776 2779/2779 2780/2780
f 2781/2781 2782/2782 2783/2783
f 2783/2783 2782/2782 2784/2784
f 2785/2785 2786/2786 2787/2787
f 2785/2785 2787/2787 2788/2788
f 2785/2785 2788/2788 2743/2743
f 2785/2785 2743/2743 2740/2740
f 2785/2785 2782/2782 2781/2781
f 2785/2785 2781/2781 2789/2789
f 2785/2785 2789/2789 2786/2786
f 2744/2744 2790/2790 2740/2740
f 2790/2790 2785/2785 2740/2740
f 2745/2745 2791/2791 2744/2744
f 2791/2791 2790/2790 2744/2744
f 2746/2746 2792/2792 2745/2745
f 2792/2792 2791/2791 2745/2745
f 2747/2747 2793/2793 2746/2746
f 2793/2793 2792/2792 2746/2746
f 2748/2748 2794/2794 2747/2747
f 2794/2794 2793/2793 2747/2747
f 2749/2749 2795/2795 2748/2748
f 2795/2795 2794/2794 2748/2748
f 2750/2750 2796/2796 2749/2749
f 2796/2796 2795/2795 2749/2749
f 2797/2797 2750/2750 2753/2753
f 2796/2796 2750/2750 2797/2797
f 2796/2796 2797/2797 2798/2798
f 2757/2757 2754/2754 2799/2799
f 2759/2759 2800/2800 2754/2754
f 2754/2754 2800/2800 2801/2801
f 2754/2754 2801/2801 2802/2802
f 2754/2754 2802/2802 2799/2799
f 2760/2760 2803/2803 2759/2759
f 2803/2803 2800/2800 2759/2759
f 2761/2761 2804/2804 2760/2760
f 2804/2804 2803/2803 2760/2760
f 2762/2762 2805/2805 2761/2761
f 2805/2805 2804/2804 2761/2761
f 2763/2763 2806/2806 2762/2762
f 2806/2806 2805/2805 2762/2762
f 2764/2764 2807/2807 2763/2763
f 2807/2807 2806/2806 2763/2763
f 2808/2808 2764/2764 2768/2768
f 2807/2807 2764/2764 2808/2808
f 2807/2807 2808/2808 2809/2809
f 2807/2807 2809/2809 2810/2810
f 2769/2769 2811/2811 2812/2812
f 2769/2769 2812/2812 2813/2813
f 2769/2769 2813/2813 2772/2772
f 2811/2811 2814/2814 2815/2815
f 2811/2811 2815/2815 2812/2812
f 2773/2773 2816/2816 2769/2769
f 2816/2816 2811/2811 2769/2769
f 2774/2774 2817/2817 2773/2773
f 2817/2817 2816/2816 2773/2773
f 2775/2775 2818/2818 2774/2774
f 2818/2818 2817/2817 2774/2774
f 2776/2776 2819/2819 2775/2775
f 2819/2819 2818/2818 2775/2775
f 2820/2820 2776/2776 2780/2780
f 2819/2819 2776/2776 2820/2820
f 2819/2819 2820/2820 2821/2821
f 2822/2822 2823/2823 2824/2824
f 2824/2824 2823/2823 2825/2825
f 2824/2824 2825/2825 2826/2826
f 2782/2782 2827/2827 2828/2828
f 2782/2782 2828/2828 2829/2829
f 2782/2782 2829/2829 2784/2784
f 2827/2827 2823/2823 2822/2822
f 2827/2827 2822/2822 2828/2828
f 2785/2785 2830/2830 2782/2782
f 2830/2830 2827/2827 2782/2782
f 2790/2790 2831/2831 2785/2785
f 2831/2831 2830/2830 2785/2785
f 2791/2791 2832/2832 2790/2790
f 2832/2832 2831/2831 2790/2790
f 2792/2792 2833/2833 2791/2791
f 2833/2833 2832/2832 2791/2791
f 2793/2793 2834/2834 2792/2792
f 2834/2834 2833/2833 2792/2792
f 2794/2794 2835/2835 2793/2793
f 2835/2835 2834/2834 2793/2793
f 2795/2795 2836/2836 2794/2794
f 2836/2836 2835/2835 2794/2794
f 2796/2796 2837/2837 2795/2795
f 2837/2837 2836/2836 2795/2795
f 2796/2796 2798/2798 2838/2838
f 2796/2796 2838/2838 2839/2839
f 2837/2837 2796/2796 2839/2839
f 2837/2837 2839/2839 2840/2840
f 2800/2800 2841/2841 2842/2842
f 2800/2800 2842/2842 2801/2801
f 2803/2803 2843/2843 2800/2800
f 2800/2800 2843/2843 2844/2844
f 2800/2800 2844/2844 2845/2845
f 2800/2800 2845/2845 2846/2846
f 2800/2800 2846/2846 2847/2847
f 2800/2800 2847/2847 2841/2841
f 2804/2804 2848/2848 2803/2803
f 2848/2848 2843/2843 2803/2803
f 2805/2805 2849/2849 2804/2804
f 2849/2849 2848/2848 2804/2804
f 2806/2806 2850/2850 2805/2805
f 2850/2850 2849/2849 2805/2805
f 2806/2806 2807/2807 2851/2851
f 2806/2806 2851/2851 2852/2852
f 2806/2806 2852/2852 2853/2853
f 2806/2806 2853/2853 2854/2854
f 2854/2854 2850/2850 2806/2806
f 2855/2855 2807/2807 2810/2810
f 2851/2851 2807/2807 2855/2855
f 2856/2856 2854/2854 2853/2853
f 2856/2856 2853/2853 2857/2857
f 2811/2811 2858/2858 2859/2859
f 2811/2811 2859/2859 2814/2814
f 2859/2859 2858/2858 2860/2860
f 2816/2816 2861/2861 2811/2811
f 2861/2861 2858/2858 2811/2811
f 2817/2817 2862/2862 2816/2816
f 2862/2862 2861/2861 2816/2816
f 2818/2818 2863/2863 2817/2817
f 2863/2863 2862/2862 2817/2817
f 2819/2819 2864/2864 2818/2818
f 2864/2864 2863/2863 2818/2818
f 2819/2819 2821/2821 2865/2865
f 2819/2819 2865/2865 2866/2866
f 2864/2864 2819/2819 2866/2866
f 2864/2864 2866/2866 2867/2867
f 2823/2823 2868/2868 2869/2869
f 2823/2823 2869/2869 2825/2825
f 2869/2869 2868/2868 2870/2870
f 2869/2869 2870/2870 2871/2871
f 2827/2827 2872/2872 2823/2823
f 2872/2872 2868/2868 2823/2823
f 2830/2830 2873/2873 2827/2827
f 2873/2873 2872/2872 2827/2827
f 2831/2831 2874/2874 2830/2830
f 2874/2874 2873/2873 2830/2830
f 2832/2832 2875/2875 2831/2831
f 2875/2875 2874/2874 2831/2831
f 2833/2833 2876/2876 2832/2832
f 2876/2876 2875/2875 2832/2832
f 2834/2834 2877/2877 2833/2833
f 2877/2877 2876/2876 2833/2833
f 2835/2835 2878/2878 2834/2834
f 2878/2878 2877/2877 2834/2834
f 2836/2836 2879/2879 2835/2835
f 2879/2879 2878/2878 2835/2835
f 2837/2837 2880/2880 2836/2836
f 2880/2880 2879/2879 2836/2836
f 2881/2881 2837/2837 2840/2840
f 2881/2881 2840/2840 2882/2882
f 2881/2881 2880/2880 2837/2837
f 2881/2881 2882/2882 2883/2883
f 2881/2881 2883/2883 2884/2884
f 2843/2843 2885/2885 2886/2886
f 2843/2843 2886/2886 2887/2887
f 2843/2843 2887/2887 2844/2844
f 2886/2886 2885/2885 2888/2888
f 2848/2848 2889/2889 2843/2843
f 2889/2889 2885/2885 2843/2843
f 2849/2849 2890/2890 2848/2848
f 2890/2890 2889/2889 2848/2848
f 2850/2850 2891/2891 2849/2849
f 2891/2891 2890/2890 2849/2849
f 2854/2854 2892/2892 2850/2850
f 2892/2892 2891/2891 2850/2850
f 2893/2893 2854/2854 2856/2856
f 2893/2893 2856/2856 2894/2894
f 2892/2892 2854/2854 2893/2893
f 2892/2892 2893/2893 2895/2895
f 2858/2858 2896/2896 2897/2897
f 2858/2858 2897/2897 2898/2898
f 2858/2858 2898/2898 2860/2860
f 2897/2897 2896/2896 2899/2899
f 2861/2861 2900/2900 2858/2858
f 2900/2900 2896/2896 2858/2858
f 2862/2862 2901/2901 2861/2861
f 2901/2901 2900/2900 2861/2861
f 2863/2863 2902/2902 2862/2862
f 2902/2902 2901/2901 2862/2862
f 2864/2864 2903/2903 2863/2863
f 2903/2903 2902/2902 2863/2863
f 2904/2904 2864/2864 2867/2867
f 2903/2903 2864/2864 2904/2904
f 2903/2903 2904/2904 2905/2905
f 2903/2903 2905/2905 2906/2906
f 2907/2907 2908/2908 2909/2909
f 2907/2907 2909/2909 2910/2910
f 2909/2909 2908/2908 2911/2911
f 2868/2868 2912/2912 2913/2913
f 2868/2868 2913/2913 2870/2870
f 2912/2912 2908/2908 2907/2907
f 2912/2912 2907/2907 2913/2913
f 2872/2872 2914/2914 2868/2868
f 2914/2914 2912/2912 2868/2868
f 2873/2873 2915/2915 2872/2872
f 2915/2915 2914/2914 2872/2872
f 2874/2874 2916/2916 2873/2873
f 2916/2916 2915/2915 2873/2873
f 2875/2875 2917/2917 2874/2874
f 2917/2917 2916/2916 2874/2874
f 2876/2876 2918/2918 2875/2875
f 2918/2918 2917/2917 2875/2875
f 2877/2877 2919/2919 2876/2876
f 2919/2919 2918/2918 2876/2876
f 2878/2878 2920/2920 2877/2877
f 2920/2920 2919/2919 2877/2877
f 2879/2879 2921/2921 2878/2878
f 2921/2921 2920/2920 2878/2878
f 2880/2880 2922/2922 2879/2879
f 2922/2922 2921/2921 2879/2879
f 2881/2881 2923/2923 2880/2880
f 2923/2923 2922/2922 2880/2880
f 2924/2924 2881/2881 2884/2884
f 2923/2923 2881/2881 2924/2924
f 2923/2923 2924/2924 2925/2925
f 2923/2923 2925/2925 2926/2926
f 2888/2888 2885/2885 2927/2927
f 2889/2889 2928/2928 2885/2885
f 2885/2885 2928/2928 2929/2929
f 2885/2885 2929/2929 2930/2930
f 2885/2885 2930/2930 2931/2931
f 2885/2885 2931/2931 2927/2927
f 2890/2890 2932/2932 2889/2889
f 2932/2932 2928/2928 2889/2889
f 2891/2891 2933/2933 2890/2890
f 2933/2933 2932/2932 2890/2890
f 2892/2892 2934/2934 2891/2891
f 2934/2934 2933/2933 2891/2891
f 2935/2935 2892/2892 2895/2895
f 2935/2935 2895/2895 2936/2936
f 2935/2935 2936/2936 2937/2937
f 2935/2935 2934/2934 2892/2892
f 2938/2938 2935/2935 2937/2937
f 2896/2896 2939/2939 2940/2940
f 2896/2896 2940/2940 2899/2899
f 2900/2900 2941/2941 2896/2896
f 2896/2896 2941/2941 2942/2942
f 2896/2896 2942/2942 2939/2939
f 2901/2901 2943/2943 2900/2900
f 2943/2943 2941/2941 2900/2900
f 2902/2902 2944/2944 2901/2901
f 2944/2944 2943/2943 2901/2901
f 2903/2903 2945/2945 2902/2902
f 2945/2945 2944/2944 2902/2902
f 2946/2946 2903/2903 2906/2906
f 2945/2945 2903/2903 2946/2946
f 2945/2945 2946/2946 2947/2947
f 2945/2945 2947/2947 2948/2948
f 2911/2911 2908/2908 2949/2949
f 2911/2911 2949/2949 2950/2950
f 2912/2912 2951/2951 2908/2908
f 2908/2908 2951/2951 2952/2952
f 2908/2908 2952/2952 2953/2953
f 2908/2908 2953/2953 2949/2949
f 2914/2914 2954/2954 2912/2912
f 2954/2954 2951/2951 2912/2912
f 2915/2915 2955/2955 2914/2914
f 2955/2955 2954/2954 2914/2914
f 2916/2916 2956/2956 2915/2915
f 2956/2956 2955/2955 2915/2915
f 2917/2917 2957/2957 2916/2916
f 2957/2957 2956/2956 2916/2916
f 2918/2918 2958/2958 2917/2917
f 2958/2958 2957/2957 2917/2917
f 2919/2919 2959/2959 2918/2918
f 2959/2959 2958/2958 2918/2918
f 2920/2920 2960/2960 2919/2919
f 2960/2960 2959/2959 2919/2919
f 2921/2921 2961/2961 2920/2920
f 2961/2961 2960/2960 2920/2920
f 2922/2922 2962/2962 2921/2921
f 2962/2962 2961/2961 2921/2921
f 2923/2923 2963/2963 2922/2922
f 2963/2963 2962/2962 2922/2922
f 2964/2964 2923/2923 2926/2926
f 2964/2964 2926/2926 2965/2965
f 2964/2964 2965/2965 2966/2966
f 2964/2964 2963/2963 2923/2923
f 2967/2967 2964/2964 2966/2966
f 2928/2928 2968/2968 2969/2969
f 2928/2928 2969/2969 2970/2970
f 2928/2928 2970/2970 2971/2971
f 2928/2928 2971/2971 2929/2929
f 2969/2969 2968/2968 2972/2972
f 2932/2932 2973/2973 2928/2928
f 2973/2973 2968/2968 2928/2928
f 2933/2933 2974/2974 2932/2932
f 2974/2974 2973/2973 2932/2932
f 2934/2934 2975/2975 2933/2933
f 2975/2975 2974/2974 2933/2933
f 2935/2935 2976/2976 2934/2934
f 2976/2976 2975/2975 2934/2934
f 2977/2977 2935/2935 2938/2938
f 2976/2976 2935/2935 2977/2977
f 2976/2976 2977/2977 2978/2978
f 2976/2976 2978/2978 2979/2979
f 2941/2941 2980/2980 2981/2981
f 2941/2941 2981/2981 2942/2942
f 2981/2981 2980/2980 2982/2982
f 2943/2943 2983/2983 2941/2941
f 2983/2983 2980/2980 2941/2941
f 2944/2944 2984/2984 2943/2943
f 2984/2984 2983/2983 2943/2943
f 2945/2945 2985/2985 2944/2944
f 2985/2985 2984/2984 2944/2944
f 2986/2986 2945/2945 2948/2948
f 2986/2986 2948/2948 2987/2987
f 2986/2986 2987/2987 2988/2988
f 2986/2986 2985/2985 2945/2945
f 2989/2989 2986/2986 2988/2988
f 2952/2952 2951/2951 2990/2990
f 2952/2952 2990/2990 2991/2991
f 2951/2951 2954/2954 2992/2992
f 2951/2951 2992/2992 2993/2993
f 2951/2951 2993/2993 2994/2994
f 2990/2990 2951/2951 2994/2994
f 2954/2954 2955/2955 2995/2995
f 2954/2954 2995/2995 2996/2996
f 2954/2954 2996/2996 2997/2997
f 2992/2992 2954/2954 2997/2997
f 2956/2956 2998/2998 2999/2999
f 2956/2956 2999/2999 3000/3000
f 3000/3000 3001/3001 3002/3002
f 3000/3000 3002/3002 2955/2955
f 3000/3000 2955/2955 2956/2956
f 2995/2995 2955/2955 3002/3002
f 2998/2998 3003/3003 3004/3004
f 2998/2998 3004/3004 2999/2999
f 2957/2957 3005/3005 2956/2956
f 3005/3005 2998/2998 2956/2956
f 2958/2958 3006/3006 2957/2957
f 3006/3006 3005/3005 2957/2957
f 2959/2959 3007/3007 2958/2958
f 3007/3007 3006/3006 2958/2958
f 2960/2960 3008/3008 3009/3009
f 2960/2960 3009/3009 3010/3010
f 2960/2960 3010/3010 3011/3011
f 3011/3011 3012/3012 2959/2959
f 3011/3011 2959/2959 2960/2960
f 3007/3007 2959/2959 3012/3012
f 3007/3007 3012/3012 3013/3013
f 3009/3009 3008/3008 3014/3014
f 2961/2961 3015/3015 2960/2960
f 3015/3015 3008/3008 2960/2960
f 2962/2962 3016/3016 2961/2961
f 3016/3016 3015/3015 2961/2961
f 2963/2963 3017/3017 2962/2962
f 3017/3017 3016/3016 2962/2962
f 2964/2964 3018/3018 2963/2963
f 3018/3018 3017/3017 2963/2963
f 3019/3019 2964/2964 2967/2967
f 3018/3018 2964/2964 3019/3019
f 3018/3018 3019/3019 3020/3020
f 3018/3018 3020/3020 3021/3021
f 2972/2972 2968/2968 3022/3022
f 2973/2973 3023/3023 2968/2968
f 2968/2968 3023/3023 3024/3024
f 2968/2968 3024/3024 3025/3025
f 2968/2968 3025/3025 3022/3022
f 2974/2974 3026/3026 2973/2973
f 3026/3026 3023/3023 2973/2973
f 2975/2975 3027/3027 2974/2974
f 3027/3027 3026/3026 2974/2974
f 2976/2976 3028/3028 2975/2975
f 3028/3028 3027/3027 2975/2975
f 3029/3029 2976/2976 2979/2979
f 3028/3028 2976/2976 3029/3029
f 3028/3028 3029/3029 3030/3030
f 3028/3028 3030/3030 3031/3031
f 2980/2980 3032/3032 3033/3033
f 2980/2980 3033/3033 2982/2982
f 3032/3032 3034/3034 3035/3035
f 3032/3032 3035/3035 3033/3033
f 2983/2983 3036/3036 2980/2980
f 3036/3036 3032/3032 2980/2980
f 2984/2984 3037/3037 2983/2983
f 3037/3037 3036/3036 2983/2983
f 2985/2985 3038/3038 2984/2984
f 3038/3038 3037/3037 2984/2984
f 2986/2986 3039/3039 2985/2985
f 3039/3039 3038/3038 2985/2985
f 3040/3040 2986/2986 2989/2989
f 3039/3039 2986/2986 3040/3040
f 3039/3039 3040/3040 3041/3041
f 3039/3039 3041/3041 3042/3042
f 2998/2998 3043/3043 3044/3044
f 2998/2998 3044/3044 3003/3003
f 3043/3043 3045/3045 3046/3046
f 3043/3043 3046/3046 3044/3044
f 3005/3005 3047/3047 2998/2998
f 3047/3047 3043/3043 2998/2998
f 3006/3006 3048/3048 3005/3005
f 3048/3048 3047/3047 3005/3005
f 3007/3007 3049/3049 3006/3006
f 3049/3049 3048/3048 3006/3006
f 3050/3050 3007/3007 3013/3013
f 3050/3050 3013/3013 3051/3051
f 3050/3050 3051/3051 3052/3052
f 3014/3014 3008/3008 3053/3053
f 3049/3049 3007/3007 3050/3050
f 3049/3049 3050/3050 3054/3054
f 3015/3015 3055/3055 3008/3008
f 3008/3008 3055/3055 3056/3056
f 3008/3008 3056/3056 3057/3057
f 3008/3008 3057/3057 3058/3058
f 3008/3008 3058/3058 3053/3053
f 3016/3016 3059/3059 3015/3015
f 3059/3059 3055/3055 3015/3015
f 3017/3017 3060/3060 3016/3016
f 3060/3060 3059/3059 3016/3016
f 3018/3018 3061/3061 3017/3017
f 3061/3061 3060/3060 3017/3017
f 3018/3018 3021/3021 3062/3062
f 3018/3018 3062/3062 3063/3063
f 3018/3018 3063/3063 3064/3064
f 3061/3061 3018/3018 3064/3064
f 3061/3061 3064/3064 3065/3065
f 3023/3023 3066/3066 3067/3067
f 3023/3023 3067/3067 3068/3068
f 3023/3023 3068/3068 3024/3024
f 3066/3066 3069/3069 3070/3070
f 3066/3066 3070/3070 3067/3067
f 3026/3026 3071/3071 3023/3023
f 3071/3071 3066/3066 3023/3023
f 3027/3027 3072/3072 3026/3026
f 3072/3072 3071/3071 3026/3026
f 3028/3028 3073/3073 3027/3027
f 3073/3073 3072/3072 3027/3027
f 3074/3074 3028/3028 3031/3031
f 3074/3074 3031/3031 3075/3075
f 3073/3073 3028/3028 3074/3074
f 3073/3073 3074/3074 3076/3076
f 3032/3032 3077/3077 3078/3078
f 3032/3032 3078/3078 3079/3079
f 3032/3032 3079/3079 3034/3034
f 3078/3078 3077/3077 3080/3080
f 3036/3036 3081/3081 3032/3032
f 3081/3081 3077/3077 3032/3032
f 3037/3037 3082/3082 3036/3036
f 3082/3082 3081/3081 3036/3036
f 3038/3038 3083/3083 3037/3037
f 3083/3083 3082/3082 3037/3037
f 3039/3039 3084/3084 3038/3038
f 3084/3084 3083/3083 3038/3038
f 3085/3085 3039/3039 3042/3042
f 3084/3084 3039/3039 3085/3085
f 3084/3084 3085/3085 3086/3086
f 3084/3084 3086/3086 3087/3087
f 3084/3084 3087/3087 3088/3088
f 3043/3043 3089/3089 3090/3090
f 3043/3043 3090/3090 3091/3091
f 3043/3043 3091/3091 3045/3045
f 3090/3090 3089/3089 3092/3092
f 3047/3047 3093/3093 3043/3043
f 3093/3093 3089/3089 3043/3043
f 3048/3048 3094/3094 3047/3047
f 3094/3094 3093/3093 3047/3047
f 3049/3049 3095/3095 3048/3048
f 3095/3095 3094/3094 3048/3048
f 3096/3096 3049/3049 3054/3054
f 3096/3096 3054/3054 3097/3097
f 3096/3096 3097/3097 3098/3098
f 3096/3096 3095/3095 3049/3049
f 3055/3055 3099/3099 3100/3100
f 3055/3055 3100/3100 3056/3056
f 3100/3100 3099/3099 3101/3101
f 3102/3102 3096/3096 3098/3098
f 3059/3059 3103/3103 3055/3055
f 3103/3103 3099/3099 3055/3055
f 3060/3060 3104/3104 3059/3059
f 3104/3104 3103/3103 3059/3059
f 3061/3061 3105/3105 3060/3060
f 3105/3105 3104/3104 3060/3060
f 3106/3106 3061/3061 3065/3065
f 3106/3106 3065/3065 3107/3107
f 3106/3106 3105/3105 3061/3061
f 3106/3106 3107/3107 3108/3108
f 3106/3106 3108/3108 3109/3109
f 3066/3066 3110/3110 3111/3111
f 3066/3066 3111/3111 3069/3069
f 3111/3111 3110/3110 3112/3112
f 3071/3071 3113/3113 3066/3066
f 3113/3113 3110/3110 3066/3066
f 3072/3072 3114/3114 3071/3071
f 3114/3114 3113/3113 3071/3071
f 3073/3073 3115/3115 3072/3072
f 3115/3115 3114/3114 3072/3072
f 3073/3073 3076/3076 3116/3116
f 3073/3073 3116/3116 3117/3117
f 3115/3115 3073/3073 3117/3117
f 3115/3115 3117/3117 3118/3118
f 3077/3077 3119/3119 3120/3120
f 3077/3077 3120/3120 3121/3121
f 3077/3077 3121/3121 3080/3080
f 3120/3120 3119/3119 3122/3122
f 3081/3081 3123/3123 3077/3077
f 3123/3123 3119/3119 3077/3077
f 3082/3082 3124/3124 3081/3081
f 3124/3124 3123/3123 3081/3081
f 3083/3083 3125/3125 3082/3082
f 3125/3125 3124/3124 3082/3082
f 3084/3084 3126/3126 3083/3083
f 3126/3126 3125/3125 3083/3083
f 3127/3127 3084/3084 3088/3088
f 3126/3126 3084/3084 3127/3127
f 3126/3126 3127/3127 3128/3128
f 3126/3126 3128/3128 3129/3129
f 3089/3089 3130/3130 3131/3131
f 3089/3089 3131/3131 3132/3132
f 3089/3089 3132/3132 3092/3092
f 3131/3131 3130/3130 3133/3133
f 3093/3093 3134/3134 3089/3089
f 3134/3134 3130/3130 3089/3089
f 3094/3094 3135/3135 3093/3093
f 3135/3135 3134/3134 3093/3093
f 3095/3095 3136/3136 3094/3094
f 3136/3136 3135/3135 3094/3094
f 3096/3096 3137/3137 3095/3095
f 3137/3137 3136/3136 3095/3095
f 3138/3138 3096/3096 3102/3102
f 3101/3101 3099/3099 3139/3139
f 3137/3137 3096/3096 3138/3138
f 3137/3137 3138/3138 3140/3140
f 3137/3137 3140/3140 3141/3141
f 3137/3137 3141/3141 3142/3142
f 3103/3103 3143/3143 3099/3099
f 3099/3099 3143/3143 3144/3144
f 3099/3099 3144/3144 3145/3145
f 3099/3099 3145/3145 3139/3139
f 3104/3104 3146/3146 3103/3103
f 3146/3146 3143/3143 3103/3103
f 3105/3105 3147/3147 3104/3104
f 3147/3147 3146/3146 3104/3104
f 3106/3106 3148/3148 3105/3105
f 3148/3148 3147/3147 3105/3105
f 3149/3149 3106/3106 3109/3109
f 3149/3149 3109/3109 3150/3150
f 3149/3149 3150/3150 3151/3151
f 3149/3149 3148/3148 3106/3106
f 3152/3152 3149/3149 3151/3151
f 3110/3110 3153/3153 3154/3154
f 3110/3110 3154/3154 3155/3155
f 3110/3110 3155/3155 3112/3112
f 3154/3154 3153/3153 3156/3156
f 3113/3113 3157/3157 3110/3110
f 3157/3157 3153/3153 3110/3110
f 3114/3114 3158/3158 3113/3113
f 3158/3158 3157/3157 3113/3113
f 3115/3115 3159/3159 3114/3114
f 3159/3159 3158/3158 3114/3114
f 3160/3160 3115/3115 3118/3118
f 3159/3159 3115/3115 3160/3160
f 3159/3159 3160/3160 3161/3161
f 3119/3119 3162/3162 3163/3163
f 3119/3119 3163/3163 3164/3164
f 3119/3119 3164/3164 3122/3122
f 3163/3163 3162/3162 3165/3165
f 3123/3123 3166/3166 3119/3119
f 3166/3166 3162/3162 3119/3119
f 3124/3124 3167/3167 3123/3123
f 3167/3167 3166/3166 3123/3123
f 3125/3125 3168/3168 3124/3124
f 3168/3168 3167/3167 3124/3124
f 3126/3126 3169/3169 3125/3125
f 3169/3169 3168/3168 3125/3125
f 3170/3170 3126/3126 3129/3129
f 3169/3169 3126/3126 3170/3170
f 3169/3169 3170/3170 3171/3171
f 3169/3169 3171/3171 3172/3172
f 3133/3133 3130/3130 3173/3173
f 3134/3134 3174/3174 3130/3130
f 3130/3130 3174/3174 3175/3175
f 3130/3130 3175/3175 3176/3176
f 3130/3130 3176/3176 3173/3173
f 3135/3135 3177/3177 3134/3134
f 3177/3177 3174/3174 3134/3134
f 3136/3136 3178/3178 3135/3135
f 3178/3178 3177/3177 3135/3135
f 3137/3137 3179/3179 3136/3136
f 3179/3179 3178/3178 3136/3136
f 3180/3180 3137/3137 3142/3142
f 3179/3179 3137/3137 3180/3180
f 3179/3179 3180/3180 3181/3181
f 3179/3179 3181/3181 3182/3182
f 3143/3143 3183/3183 3184/3184
f 3143/3143 3184/3184 3185/3185
f 3143/3143 3185/3185 3144/3144
f 3184/3184 3183/3183 3186/3186
f 3184/3184 3186/3186 3187/3187
f 3146/3146 3188/3188 3143/3143
f 3188/3188 3183/3183 3143/3143
f 3147/3147 3189/3189 3146/3146
f 3189/3189 3188/3188 3146/3146
f 3148/3148 3190/3190 3147/3147
f 3190/3190 3189/3189 3147/3147
f 3149/3149 3191/3191 3148/3148
f 3191/3191 3190/3190 3148/3148
f 3192/3192 3149/3149 3152/3152
f 3192/3192 3152/3152 3193/3193
f 3192/3192 3193/3193 3194/3194
f 3192/3192 3191/3191 3149/3149
f 3195/3195 3192/3192 3194/3194
f 3153/3153 3196/3196 3197/3197
f 3153/3153 3197/3197 3198/3198
f 3153/3153 3198/3198 3156/3156
f 3197/3197 3196/3196 3199/3199
f 3157/3157 3200/3200 3153/3153
f 3200/3200 3196/3196 3153/3153
f 3158/3158 3201/3201 3157/3157
f 3201/3201 3200/3200 3157/3157
f 3159/3159 3202/3202 3158/3158
f 3202/3202 3201/3201 3158/3158
f 3159/3159 3161/3161 3203/3203
f 3159/3159 3203/3203 3204/3204
f 3159/3159 3204/3204 3205/3205
f 3202/3202 3159/3159 3205/3205
f 3202/3202 3205/3205 3206/3206
f 3162/3162 3207/3207 3208/3208
f 3162/3162 3208/3208 3165/3165
f 3207/3207 3209/3209 3210/3210
f 3207/3207 3210/3210 3208/3208
f 3166/3166 3211/3211 3162/3162
f 3211/3211 3207/3207 3162/3162
f 3167/3167 3212/3212 3166/3166
f 3212/3212 3211/3211 3166/3166
f 3168/3168 3213/3213 3167/3167
f 3213/3213 3212/3212 3167/3167
f 3169/3169 3214/3214 3168/3168
f 3214/3214 3213/3213 3168/3168
f 3215/3215 3169/3169 3172/3172
f 3214/3214 3169/3169 3215/3215
f 3214/3214 3215/3215 3216/3216
f 3214/3214 3216/3216 3217/3217
f 3218/3218 3219/3219 3220/3220
f 3220/3220 3219/3219 3221/3221
f 3222/3222 3223/3223 3224/3224
f 3223/3223 3219/3219 3218/3218
f 3223/3223 3218/3218 3225/3225
f 3223/3223 3225/3225 3224/3224
f 3226/3226 3227/3227 3228/3228
f 3226/3226 3228/3228 3229/3229
f 3227/3227 3223/3223 3222/3222
f 3227/3227 3222/3222 3230/3230
f 3227/3227 3230/3230 3228/3228
f 3231/3231 3232/3232 3233/3233
f 3231/3231 3233/3233 3234/3234
f 3231/3231 3227/3227 3226/3226
f 3231/3231 3226/3226 3232/3232
f 3235/3235 3236/3236 3237/3237
f 3236/3236 3231/3231 3234/3234
f 3236/3236 3234/3234 3238/3238
f 3236/3236 3238/3238 3237/3237
f 3239/3239 3236/3236 3235/3235
f 3239/3239 3235/3235 3240/3240
f 3239/3239 3240/3240 3241/3241
f 3174/3174 3242/3242 3243/3243
f 3174/3174 3243/3243 3175/3175
f 3243/3243 3242/3242 3244/3244
f 3243/3243 3244/3244 3245/3245
f 3243/3243 3245/3245 3246/3246
f 3177/3177 3247/3247 3174/3174
f 3247/3247 3242/3242 3174/3174
f 3178/3178 3248/3248 3177/3177
f 3248/3248 3247/3247 3177/3177
f 3179/3179 3249/3249 3178/3178
f 3249/3249 3248/3248 3178/3178
f 3179/3179 3182/3182 3250/3250
f 3179/3179 3250/3250 3251/3251
f 3249/3249 3179/3179 3251/3251
f 3249/3249 3251/3251 3252/3252
f 3186/3186 3183/3183 3253/3253
f 3188/3188 3254/3254 3183/3183
f 3183/3183 3254/3254 3255/3255
f 3183/3183 3255/3255 3256/3256
f 3183/3183 3256/3256 3253/3253
f 3189/3189 3257/3257 3188/3188
f 3257/3257 3254/3254 3188/3188
f 3190/3190 3258/3258 3189/3189
f 3258/3258 3257/3257 3189/3189
f 3191/3191 3259/3259 3190/3190
f 3259/3259 3258/3258 3190/3190
f 3192/3192 3260/3260 3191/3191
f 3260/3260 3259/3259 3191/3191
f 3261/3261 3192/3192 3195/3195
f 3260/3260 3192/3192 3261/3261
f 3260/3260 3261/3261 3262/3262
f 3260/3260 3262/3262 3263/3263
f 3196/3196 3264/3264 3265/3265
f 3196/3196 3265/3265 3266/3266
f 3196/3196 3266/3266 3267/3267
f 3196/3196 3267/3267 3199/3199
f 3265/3265 3264/3264 3268/3268
f 3200/3200 3269/3269 3196/3196
f 3269/3269 3264/3264 3196/3196
f 3201/3201 3270/3270 3200/3200
f 3270/3270 3269/3269 3200/3200
f 3202/3202 3271/3271 3201/3201
f 3271/3271 3270/3270 3201/3201
f 3272/3272 3202/3202 3206/3206
f 3272/3272 3206/3206 3273/3273
f 3272/3272 3271/3271 3202/3202
f 3274/3274 3272/3272 3273/3273
f 3207/3207 3275/3275 3276/3276
f 3207/3207 3276/3276 3209/3209
f 3276/3276 3275/3275 3277/3277
f 3211/3211 3278/3278 3207/3207
f 3278/3278 3275/3275 3207/3207
f 3212/3212 3279/3279 3211/3211
f 3279/3279 3278/3278 3211/3211
f 3213/3213 3280/3280 3212/3212
f 3280/3280 3279/3279 3212/3212
f 3214/3214 3281/3281 3213/3213
f 3281/3281 3280/3280 3213/3213
f 3214/3214 3217/3217 3282/3282
f 3214/3214 3282/3282 3283/3283
f 3281/3281 3214/3214 3283/3283
f 3281/3281 3283/3283 3284/3284
f 3219/3219 3285/3285 3286/3286
f 3219/3219 3286/3286 3287/3287
f 3219/3219 3287/3287 3221/3221
f 3286/3286 3285/3285 3288/3288
f 3286/3286 3288/3288 3289/3289
f 3223/3223 3290/3290 3219/3219
f 3290/3290 3285/3285 3219/3219
f 3227/3227 3291/3291 3223/3223
f 3291/3291 3290/3290 3223/3223
f 3231/3231 3292/3292 3227/3227
f 3292/3292 3291/3291 3227/3227
f 3236/3236 3293/3293 3231/3231
f 3293/3293 3292/3292 3231/3231
f 3294/3294 3236/3236 3239/3239
f 3294/3294 3239/3239 3295/3295
f 3294/3294 3293/3293 3236/3236
f 3296/3296 3297/3297 3298/3298
f 3296/3296 3298/3298 3299/3299
f 3296/3296 3299/3299 3300/3300
f 3297/3297 3294/3294 3295/3295
f 3297/3297 3295/3295 3298/3298
f 3242/3242 3301/3301 3302/3302
f 3242/3242 3302/3302 3244/3244
f 3301/3301 3297/3297 3296/3296
f 3301/3301 3296/3296 3303/3303
f 3301/3301 3303/3303 3304/3304
f 3301/3301 3304/3304 3302/3302
f 3247/3247 3305/3305 3242/3242
f 3305/3305 3301/3301 3242/3242
f 3248/3248 3306/3306 3247/3247
f 3306/3306 3305/3305 3247/3247
f 3249/3249 3307/3307 3248/3248
f 3307/3307 3306/3306 3248/3248
f 3308/3308 3249/3249 3252/3252
f 3308/3308 3252/3252 3309/3309
f 3308/3308 3309/3309 3310/3310
f 3308/3308 3307/3307 3249/3249
f 3311/3311 3308/3308 3310/3310
f 3254/3254 3312/3312 3313/3313
f 3254/3254 3313/3313 3255/3255
f 3257/3257 3314/3314 3254/3254
f 3254/3254 3314/3314 3315/3315
f 3254/3254 3315/3315 3316/3316
f 3254/3254 3316/3316 3312/3312
f 3258/3258 3317/3317 3257/3257
f 3317/3317 3314/3314 3257/3257
f 3259/3259 3318/3318 3258/3258
f 3318/3318 3317/3317 3258/3258
f 3260/3260 3319/3319 3259/3259
f 3319/3319 3318/3318 3259/3259
f 3320/3320 3260/3260 3263/3263
f 3320/3320 3263/3263 3321/3321
f 3320/3320 3321/3321 3322/3322
f 3320/3320 3319/3319 3260/3260
f 3320/3320 3322/3322 3323/3323
f 3320/3320 3323/3323 3324/3324
f 3268/3268 3264/3264 3325/3325
f 3269/3269 3326/3326 3264/3264
f 3264/3264 3326/3326 3327/3327
f 3264/3264 3327/3327 3328/3328
f 3264/3264 3328/3328 3325/3325
f 3270/3270 3329/3329 3269/3269
f 3329/3329 3326/3326 3269/3269
f 3271/3271 3330/3330 3270/3270
f 3330/3330 3329/3329 3270/3270
f 3272/3272 3331/3331 3271/3271
f 3331/3331 3330/3330 3271/3271
f 3332/3332 3272/3272 3274/3274
f 3331/3331 3272/3272 3332/3332
f 3331/3331 3332/3332 3333/3333
f 3331/3331 3333/3333 3334/3334
f 3275/3275 3335/3335 3336/3336
f 3275/3275 3336/3336 3277/3277
f 3335/3335 3337/3337 3338/3338
f 3335/3335 3338/3338 3336/3336
f 3278/3278 3339/3339 3275/3275
f 3339/3339 3335/3335 3275/3275
f 3279/3279 3340/3340 3278/3278
f 3340/3340 3339/3339 3278/3278
f 3280/3280 3341/3341 3279/3279
f 3341/3341 3340/3340 3279/3279
f 3281/3281 3342/3342 3280/3280
f 3342/3342 3341/3341 3280/3280
f 3343/3343 3281/3281 3284/3284
f 3342/3342 3281/3281 3343/3343
f 3342/3342 3343/3343 3344/3344
f 3285/3285 3345/3345 3346/3346
f 3285/3285 3346/3346 3288/3288
f 3346/3346 3345/3345 3347/3347
f 3346/3346 3347/3347 3348/3348
f 3290/3290 3349/3349 3285/3285
f 3349/3349 3345/3345 3285/3285
f 3291/3291 3350/3350 3290/3290
f 3350/3350 3349/3349 3290/3290
f 3292/3292 3351/3351 3291/3291
f 3351/3351 3350/3350 3291/3291
f 3293/3293 3352/3352 3292/3292
f 3352/3352 3351/3351 3292/3292
f 3294/3294 3353/3353 3293/3293
f 3353/3353 3352/3352 3293/3293
f 3297/3297 3354/3354 3294/3294
f 3354/3354 3353/3353 3294/3294
f 3301/3301 3355/3355 3297/3297
f 3355/3355 3354/3354 3297/3297
f 3305/3305 3356/3356 3301/3301
f 3356/3356 3355/3355 3301/3301
f 3306/3306 3357/3357 3305/3305
f 3357/3357 3356/3356 3305/3305
f 3307/3307 3358/3358 3306/3306
f 3358/3358 3357/3357 3306/3306
f 3308/3308 3359/3359 3307/3307
f 3359/3359 3358/3358 3307/3307
f 3360/3360 3308/3308 3311/3311
f 3359/3359 3308/3308 3360/3360
f 3359/3359 3360/3360 3361/3361
f 3359/3359 3361/3361 3362/3362
f 3314/3314 3363/3363 3364/3364
f 3314/3314 3364/3364 3365/3365
f 3314/3314 3365/3365 3315/3315
f 3364/3364 3363/3363 3366/3366
f 3317/3317 3367/3367 3314/3314
f 3367/3367 3363/3363 3314/3314
f 3318/3318 3368/3368 3317/3317
f 3368/3368 3367/3367 3317/3317
f 3319/3319 3369/3369 3318/3318
f 3369/3369 3368/3368 3318/3318
f 3320/3320 3370/3370 3319/3319
f 3370/3370 3369/3369 3319/3319
f 3371/3371 3320/3320 3324/3324
f 3371/3371 3324/3324 3372/3372
f 3371/3371 3372/3372 3373/3373
f 3371/3371 3370/3370 3320/3320
f 3374/3374 3371/3371 3373/3373
f 3326/3326 3375/3375 3376/3376
f 3326/3326 3376/3376 3327/3327
f 3376/3376 3375/3375 3377/3377
f 3329/3329 3378/3378 3326/3326
f 3378/3378 3375/3375 3326/3326
f 3330/3330 3379/3379 3329/3329
f 3379/3379 3378/3378 3329/3329
f 3331/3331 3380/3380 3330/3330
f 3380/3380 3379/3379 3330/3330
f 3381/3381 3331/3331 3334/3334
f 3380/3380 3331/3331 3381/3381
f 3380/3380 3381/3381 3382/3382
f 3380/3380 3382/3382 3383/3383
f 3337/3337 3335/3335 3384/3384
f 3339/3339 3385/3385 3335/3335
f 3335/3335 3385/3385 3386/3386
f 3335/3335 3386/3386 3387/3387
f 3335/3335 3387/3387 3384/3384
f 3340/3340 3388/3388 3339/3339
f 3388/3388 3385/3385 3339/3339
f 3341/3341 3389/3389 3340/3340
f 3389/3389 3388/3388 3340/3340
f 3342/3342 3390/3390 3341/3341
f 3390/3390 3389/3389 3341/3341
f 3342/3342 3344/3344 3391/3391
f 3342/3342 3391/3391 3392/3392
f 3390/3390 3342/3342 3392/3392
f 3390/3390 3392/3392 3393/3393
f 3347/3347 3345/3345 3394/3394
f 3347/3347 3394/3394 3395/3395
f 3349/3349 3396/3396 3345/3345
f 3345/3345 3396/3396 3397/3397
f 3345/3345 3397/3397 3394/3394
f 3350/3350 3398/3398 3349/3349
f 3398/3398 3396/3396 3349/3349
f 3351/3351 3399/3399 3350/3350
f 3399/3399 3398/3398 3350/3350
f 3352/3352 3400/3400 3351/3351
f 3400/3400 3399/3399 3351/3351
f 3353/3353 3401/3401 3352/3352
f 3401/3401 3400/3400 3352/3352
f 3354/3354 3402/3402 3353/3353
f 3402/3402 3401/3401 3353/3353
f 3355/3355 3403/3403 3354/3354
f 3403/3403 3402/3402 3354/3354
f 3356/3356 3404/3404 3355/3355
f 3404/3404 3403/3403 3355/3355
f 3357/3357 3405/3405 3356/3356
f 3405/3405 3404/3404 3356/3356
f 3358/3358 3406/3406 3357/3357
f 3406/3406 3405/3405 3357/3357
f 3359/3359 3407/3407 3358/3358
f 3407/3407 3406/3406 3358/3358
f 3408/3408 3359/3359 3362/3362
f 3407/3407 3359/3359 3408/3408
f 3407/3407 3408/3408 3409/3409
f 3407/3407 3409/3409 3410/3410
f 3366/3366 3363/3363 3411/3411
f 3367/3367 3412/3412 3363/3363
f 3363/3363 3412/3412 3413/3413
f 3363/3363 3413/3413 3414/3414
f 3363/3363 3414/3414 3411/3411
f 3368/3368 3415/3415 3367/3367
f 3415/3415 3412/3412 3367/3367
f 3369/3369 3416/3416 3368/3368
f 3416/3416 3415/3415 3368/3368
f 3370/3370 3417/3417 3369/3369
f 3417/3417 3416/3416 3369/3369
f 3371/3371 3418/3418 3370/3370
f 3418/3418 3417/3417 3370/3370
f 3419/3419 3371/3371 3374/3374
f 3418/3418 3371/3371 3419/3419
f 3418/3418 3419/3419 3420/3420
f 3375/3375 3421/3421 3422/3422
f 3375/3375 3422/3422 3377/3377
f 3421/3421 3423/3423 3424/3424
f 3421/3421 3424/3424 3422/3422
f 3378/3378 3425/3425 3375/3375
f 3425/3425 3421/3421 3375/3375
f 3379/3379 3426/3426 3378/3378
f 3426/3426 3425/3425 3378/3378
f 3380/3380 3427/3427 3379/3379
f 3427/3427 3426/3426 3379/3379
f 3380/3380 3383/3383 3428/3428
f 3380/3380 3428/3428 3429/3429
f 3427/3427 3380/3380 3429/3429
f 3427/3427 3429/3429 3430/3430
f 3427/3427 3430/3430 3431/3431
f 3385/3385 3432/3432 3433/3433
f 3385/3385 3433/3433 3386/3386
f 3432/3432 3434/3434 3435/3435
f 3432/3432 3435/3435 3433/3433
f 3388/3388 3436/3436 3385/3385
f 3436/3436 3432/3432 3385/3385
f 3389/3389 3437/3437 3388/3388
f 3437/3437 3436/3436 3388/3388
f 3390/3390 3438/3438 3389/3389
f 3438/3438 3437/3437 3389/3389
f 3439/3439 3390/3390 3393/3393
f 3438/3438 3390/3390 3439/3439
f 3438/3438 3439/3439 3440/3440
f 3397/3397 3396/3396 3441/3441
f 3397/3397 3441/3441 3442/3442
f 3397/3397 3442/3442 3443/3443
f 3396/3396 3398/3398 3444/3444
f 3396/3396 3444/3444 3445/3445
f 3396/3396 3445/3445 3446/3446
f 3441/3441 3396/3396 3446/3446
f 3398/3398 3399/3399 3447/3447
f 3398/3398 3447/3447 3448/3448
f 3398/3398 3448/3448 3449/3449
f 3398/3398 3449/3449 3444/3444
f 3400/3400 3450/3450 3399/3399
f 3399/3399 3450/3450 3451/3451
f 3399/3399 3451/3451 3452/3452
f 3399/3399 3452/3452 3453/3453
f 3399/3399 3453/3453 3447/3447
f 3401/3401 3454/3454 3400/3400
f 3454/3454 3450/3450 3400/3400
f 3402/3402 3455/3455 3401/3401
f 3455/3455 3454/3454 3401/3401
f 3403/3403 3456/3456 3402/3402
f 3456/3456 3455/3455 3402/3402
f 3404/3404 3457/3457 3403/3403
f 3457/3457 3456/3456 3403/3403
f 3405/3405 3458/3458 3404/3404
f 3458/3458 3457/3457 3404/3404
f 3406/3406 3459/3459 3405/3405
f 3459/3459 3458/3458 3405/3405
f 3407/3407 3460/3460 3406/3406
f 3460/3460 3459/3459 3406/3406
f 3461/3461 3407/3407 3410/3410
f 3461/3461 3410/3410 3462/3462
f 3461/3461 3462/3462 3463/3463
f 3461/3461 3460/3460 3407/3407
f 3464/3464 3461/3461 3463/3463
f 3413/3413 3412/3412 3465/3465
f 3415/3415 3466/3466 3412/3412
f 3412/3412 3466/3466 3467/3467
f 3412/3412 3467/3467 3465/3465
f 3416/3416 3468/3468 3415/3415
f 3468/3468 3466/3466 3415/3415
f 3417/3417 3469/3469 3416/3416
f 3469/3469 3468/3468 3416/3416
f 3418/3418 3470/3470 3417/3417
f 3470/3470 3469/3469 3417/3417
f 3471/3471 3418/3418 3420/3420
f 3471/3471 3420/3420 3472/3472
f 3471/3471 3472/3472 3473/3473
f 3471/3471 3470/3470 3418/3418
f 3474/3474 3471/3471 3473/3473
f 3421/3421 3475/3475 3476/3476
f 3421/3421 3476/3476 3477/3477
f 3421/3421 3477/3477 3423/3423
f 3476/3476 3475/3475 3478/3478
f 3476/3476 3478/3478 3479/3479
f 3425/3425 3480/3480 3421/3421
f 3480/3480 3475/3475 3421/3421
f 3426/3426 3481/3481 3425/3425
f 3481/3481 3480/3480 3425/3425
f 3427/3427 3482/3482 3426/3426
f 3482/3482 3481/3481 3426/3426
f 3483/3483 3427/3427 3431/3431
f 3483/3483 3431/3431 3484/3484
f 3483/3483 3482/3482 3427/3427
f 3483/3483 3484/3484 3485/3485
f 3483/3483 3485/3485 3486/3486
f 3432/3432 3487/3487 3488/3488
f 3432/3432 3488/3488 3434/3434
f 3488/3488 3487/3487 3489/3489
f 3436/3436 3490/3490 3432/3432
f 3490/3490 3487/3487 3432/3432
f 3437/3437 3491/3491 3436/3436
f 3491/3491 3490/3490 3436/3436
f 3438/3438 3492/3492 3437/3437
f 3492/3492 3491/3491 3437/3437
f 3493/3493 3438/3438 3440/3440
f 3493/3493 3440/3440 3494/3494
f 3493/3493 3494/3494 3495/3495
f 3493/3493 3492/3492 3438/3438
f 3451/3451 3450/3450 3496/3496
f 3450/3450 3454/3454 3497/3497
f 3450/3450 3497/3497 3498/3498
f 3450/3450 3498/3498 3499/3499
f 3450/3450 3499/3499 3500/3500
f 3450/3450 3500/3500 3496/3496
f 3454/3454 3455/3455 3501/3501
f 3454/3454 3501/3501 3502/3502
f 3454/3454 3502/3502 3503/3503
f 3454/3454 3503/3503 3504/3504
f 3454/3454 3504/3504 3497/3497
f 3456/3456 3505/3505 3455/3455
f 3455/3455 3505/3505 3506/3506
f 3455/3455 3506/3506 3501/3501
f 3457/3457 3507/3507 3456/3456
f 3507/3507 3505/3505 3456/3456
f 3458/3458 3508/3508 3457/3457
f 3508/3508 3507/3507 3457/3457
f 3459/3459 3509/3509 3458/3458
f 3509/3509 3508/3508 3458/3458
f 3460/3460 3510/3510 3459/3459
f 3510/3510 3509/3509 3459/3459
f 3461/3461 3511/3511 3460/3460
f 3511/3511 3510/3510 3460/3460
f 3512/3512 3461/3461 3464/3464
f 3511/3511 3461/3461 3512/3512
f 3511/3511 3512/3512 3513/3513
f 3511/3511 3513/3513 3514/3514
f 3466/3466 3515/3515 3516/3516
f 3466/3466 3516/3516 3517/3517
f 3466/3466 3517/3517 3467/3467
f 3468/3468 3518/3518 3466/3466
f 3466/3466 3518/3518 3519/3519
f 3466/3466 3519/3519 3515/3515
f 3469/3469 3520/3520 3468/3468
f 3520/3520 3518/3518 3468/3468
f 3470/3470 3521/3521 3469/3469
f 3521/3521 3520/3520 3469/3469
f 3471/3471 3522/3522 3470/3470
f 3522/3522 3521/3521 3470/3470
f 3523/3523 3471/3471 3474/3474
f 3523/3523 3474/3474 3524/3524
f 3523/3523 3524/3524 3525/3525
f 3523/3523 3522/3522 3471/3471
f 3523/3523 3525/3525 3526/3526
f 3523/3523 3526/3526 3527/3527
f 3475/3475 3528/3528 3529/3529
f 3475/3475 3529/3529 3478/3478
f 3480/3480 3530/3530 3475/3475
f 3475/3475 3530/3530 3531/3531
f 3475/3475 3531/3531 3528/3528
f 3481/3481 3532/3532 3480/3480
f 3532/3532 3530/3530 3480/3480
f 3482/3482 3533/3533 3481/3481
f 3533/3533 3532/3532 3481/3481
f 3483/3483 3534/3534 3482/3482
f 3534/3534 3533/3533 3482/3482
f 3535/3535 3483/3483 3486/3486
f 3534/3534 3483/3483 3535/3535
f 3534/3534 3535/3535 3536/3536
f 3534/3534 3536/3536 3537/3537
f 3487/3487 3538/3538 3539/3539
f 3487/3487 3539/3539 3489/3489
f 3539/3539 3538/3538 3540/3540
f 3539/3539 3540/3540 3541/3541
f 3539/3539 3541/3541 3542/3542
f 3490/3490 3543/3543 3487/3487
f 3543/3543 3538/3538 3487/3487
f 3491/3491 3544/3544 3490/3490
f 3544/3544 3543/3543 3490/3490
f 3492/3492 3545/3545 3491/3491
f 3545/3545 3544/3544 3491/3491
f 3493/3493 3546/3546 3492/3492
f 3546/3546 3545/3545 3492/3492
f 3505/3505 3547/3547 3548/3548
f 3505/3505 3548/3548 3549/3549
f 3505/3505 3549/3549 3506/3506
f 3507/3507 3550/3550 3505/3505
f 3505/3505 3550/3550 3551/3551
f 3505/3505 3551/3551 3547/3547
f 3508/3508 3552/3552 3507/3507
f 3552/3552 3550/3550 3507/3507
f 3509/3509 3553/3553 3508/3508
f 3553/3553 3552/3552 3508/3508
f 3510/3510 3554/3554 3509/3509
f 3554/3554 3553/3553 3509/3509
f 3511/3511 3555/3555 3510/3510
f 3555/3555 3554/3554 3510/3510
f 3511/3511 3514/3514 3556/3556
f 3511/3511 3556/3556 3557/3557
f 3555/3555 3511/3511 3557/3557
f 3555/3555 3557/3557 3558/3558
f 3555/3555 3558/3558 3559/3559
f 3518/3518 3560/3560 3561/3561
f 3518/3518 3561/3561 3519/3519
f 3561/3561 3560/3560 3562/3562
f 3520/3520 3563/3563 3518/3518
f 3563/3563 3560/3560 3518/3518
f 3521/3521 3564/3564 3520/3520
f 3564/3564 3563/3563 3520/3520
f 3522/3522 3565/3565 3521/3521
f 3565/3565 3564/3564 3521/3521
f 3523/3523 3566/3566 3522/3522
f 3566/3566 3565/3565 3522/3522
f 3567/3567 3523/3523 3527/3527
f 3567/3567 3527/3527 3568/3568
f 3567/3567 3566/3566 3523/3523
f 3569/3569 3570/3570 3571/3571
f 3569/3569 3571/3571 3572/3572
f 3569/3569 3567/3567 3568/3568
f 3569/3569 3568/3568 3573/3573
f 3569/3569 3573/3573 3570/3570
f 3574/3574 3569/3569 3572/3572
f 3530/3530 3575/3575 3576/3576
f 3530/3530 3576/3576 3531/3531
f 3576/3576 3575/3575 3577/3577
f 3532/3532 3578/3578 3530/3530
f 3578/3578 3575/3575 3530/3530
f 3533/3533 3579/3579 3532/3532
f 3579/3579 3578/3578 3532/3532
f 3534/3534 3580/3580 3533/3533
f 3580/3580 3579/3579 3533/3533
f 3581/3581 3534/3534 3537/3537
f 3581/3581 3537/3537 3582/3582
f 3581/3581 3582/3582 3583/3583
f 3581/3581 3580/3580 3534/3534
f 3584/3584 3581/3581 3583/3583
f 3538/3538 3585/3585 3586/3586
f 3538/3538 3586/3586 3540/3540
f 3585/3585 3587/3587 3588/3588
f 3585/3585 3588/3588 3586/3586
f 3543/3543 3589/3589 3538/3538
f 3589/3589 3585/3585 3538/3538
f 3544/3544 3590/3590 3543/3543
f 3590/3590 3589/3589 3543/3543
f 3545/3545 3591/3591 3544/3544
f 3591/3591 3590/3590 3544/3544
f 3546/3546 3592/3592 3545/3545
f 3592/3592 3591/3591 3545/3545
f 3550/3550 3593/3593 3594/3594
f 3550/3550 3594/3594 3551/3551
f 3552/3552 3595/3595 3550/3550
f 3550/3550 3595/3595 3596/3596
f 3550/3550 3596/3596 3597/3597
f 3550/3550 3597/3597 3593/3593
f 3553/3553 3598/3598 3552/3552
f 3598/3598 3595/3595 3552/3552
f 3554/3554 3599/3599 3553/3553
f 3599/3599 3598/3598 3553/3553
f 3555/3555 3600/3600 3554/3554
f 3600/3600 3599/3599 3554/3554
f 3601/3601 3555/3555 3559/3559
f 3601/3601 3559/3559 3602/3602
f 3601/3601 3600/3600 3555/3555
f 3603/3603 3601/3601 3602/3602
f 3562/3562 3560/3560 3604/3604
f 3563/3563 3605/3605 3560/3560
f 3560/3560 3605/3605 3606/3606
f 3560/3560 3606/3606 3607/3607
f 3560/3560 3607/3607 3604/3604
f 3564/3564 3608/3608 3563/3563
f 3608/3608 3605/3605 3563/3563
f 3565/3565 3609/3609 3564/3564
f 3609/3609 3608/3608 3564/3564
f 3566/3566 3610/3610 3565/3565
f 3610/3610 3609/3609 3565/3565
f 3567/3567 3611/3611 3566/3566
f 3611/3611 3610/3610 3566/3566
f 3569/3569 3612/3612 3567/3567
f 3612/3612 3611/3611 3567/3567
f 3613/3613 3569/3569 3574/3574
f 3613/3613 3574/3574 3614/3614
f 3613/3613 3614/3614 3615/3615
f 3613/3613 3612/3612 3569/3569
f 3616/3616 3613/3613 3615/3615
f 3575/3575 3617/3617 3618/3618
f 3575/3575 3618/3618 3619/3619
f 3575/3575 3619/3619 3577/3577
f 3618/3618 3617/3617 3620/3620
f 3578/3578 3621/3621 3575/3575
f 3621/3621 3617/3617 3575/3575
f 3579/3579 3622/3622 3578/3578
f 3622/3622 3621/3621 3578/3578
f 3580/3580 3623/3623 3579/3579
f 3623/3623 3622/3622 3579/3579
f 3581/3581 3624/3624 3580/3580
f 3624/3624 3623/3623 3580/3580
f 3625/3625 3581/3581 3584/3584
f 3624/3624 3581/3581 3625/3625
f 3624/3624 3625/3625 3626/3626
f 3624/3624 3626/3626 3627/3627
f 3624/3624 3627/3627 3628/3628
f 3585/3585 3629/3629 3630/3630
f 3585/3585 3630/3630 3587/3587
f 3630/3630 3629/3629 3631/3631
f 3589/3589 3632/3632 3585/3585
f 3632/3632 3629/3629 3585/3585
f 3590/3590 3633/3633 3589/3589
f 3633/3633 3632/3632 3589/3589
f 3591/3591 3634/3634 3590/3590
f 3634/3634 3633/3633 3590/3590
f 3592/3592 3635/3635 3591/3591
f 3635/3635 3634/3634 3591/3591
f 3595/3595 3636/3636 3637/3637
f 3595/3595 3637/3637 3596/3596
f 3598/3598 3638/3638 3595/3595
f 3595/3595 3638/3638 3639/3639
f 3595/3595 3639/3639 3636/3636
f 3599/3599 3640/3640 3598/3598
f 3640/3640 3638/3638 3598/3598
f 3600/3600 3641/3641 3599/3599
f 3641/3641 3640/3640 3599/3599
f 3601/3601 3642/3642 3600/3600
f 3642/3642 3641/3641 3600/3600
f 3643/3643 3601/3601 3603/3603
f 3643/3643 3603/3603 3644/3644
f 3643/3643 3644/3644 3645/3645
f 3643/3643 3642/3642 3601/3601
f 3643/3643 3645/3645 3646/3646
f 3643/3643 3646/3646 3647/3647
f 3606/3606 3605/3605 3648/3648
f 3606/3606 3648/3648 3649/3649
f 3608/3608 3650/3650 3605/3605
f 3605/3605 3650/3650 3651/3651
f 3605/3605 3651/3651 3652/3652
f 3605/3605 3652/3652 3648/3648
f 3609/3609 3653/3653 3608/3608
f 3653/3653 3650/3650 3608/3608
f 3610/3610 3654/3654 3609/3609
f 3654/3654 3653/3653 3609/3609
f 3611/3611 3655/3655 3610/3610
f 3655/3655 3654/3654 3610/3610
f 3612/3612 3656/3656 3611/3611
f 3656/3656 3655/3655 3611/3611
f 3613/3613 3657/3657 3612/3612
f 3657/3657 3656/3656 3612/3612
f 3658/3658 3613/3613 3616/3616
f 3658/3658 3616/3616 3659/3659
f 3658/3658 3657/3657 3613/3613
f 3660/3660 3661/3661 3662/3662
f 3660/3660 3662/3662 3663/3663
f 3660/3660 3663/3663 3664/3664
f 3660/3660 3658/3658 3659/3659
f 3660/3660 3659/3659 3661/3661
f 3665/3665 3660/3660 3664/3664
f 3620/3620 3617/3617 3666/3666
f 3621/3621 3667/3667 3617/3617
f 3667/3667 3668/3668 3669/3669
f 3667/3667 3669/3669 3670/3670
f 3667/3667 3670/3670 3666/3666
f 3667/3667 3666/3666 3617/3617
f 3622/3622 3671/3671 3621/3621
f 3671/3671 3667/3667 3621/3621
f 3623/3623 3672/3672 3622/3622
f 3672/3672 3671/3671 3622/3622
f 3624/3624 3673/3673 3623/3623
f 3673/3673 3672/3672 3623/3623
f 3624/3624 3628/3628 3674/3674
f 3624/3624 3674/3674 3675/3675
f 3673/3673 3624/3624 3675/3675
f 3673/3673 3675/3675 3676/3676
f 3629/3629 3677/3677 3678/3678
f 3629/3629 3678/3678 3631/3631
f 3677/3677 3679/3679 3680/3680
f 3677/3677 3680/3680 3678/3678
f 3632/3632 3681/3681 3629/3629
f 3681/3681 3677/3677 3629/3629
f 3633/3633 3682/3682 3632/3632
f 3682/3682 3681/3681 3632/3632
f 3634/3634 3683/3683 3633/3633
f 3683/3683 3682/3682 3633/3633
f 3635/3635 3684/3684 3634/3634
f 3684/3684 3683/3683 3634/3634
f 3638/3638 3685/3685 3686/3686
f 3638/3638 3686/3686 3687/3687
f 3638/3638 3687/3687 3639/3639
f 3685/3685 3688/3688 3689/3689
f 3685/3685 3689/3689 3686/3686
f 3640/3640 3690/3690 3638/3638
f 3690/3690 3685/3685 3638/3638
f 3641/3641 3691/3691 3640/3640
f 3691/3691 3690/3690 3640/3640
f 3642/3642 3692/3692 3641/3641
f 3692/3692 3691/3691 3641/3641
f 3643/3643 3693/3693 3642/3642
f 3693/3693 3692/3692 3642/3642
f 3643/3643 3647/3647 3694/3694
f 3643/3643 3694/3694 3695/3695
f 3693/3693 3643/3643 3695/3695
f 3693/3693 3695/3695 3696/3696
f 3651/3651 3650/3650 3697/3697
f 3650/3650 3653/3653 3698/3698
f 3650/3650 3698/3698 3699/3699
f 3650/3650 3699/3699 3700/3700
f 3697/3697 3650/3650 3700/3700
f 3654/3654 3701/3701 3653/3653
f 3653/3653 3701/3701 3702/3702
f 3653/3653 3702/3702 3698/3698
f 3655/3655 3703/3703 3654/3654
f 3703/3703 3701/3701 3654/3654
f 3656/3656 3704/3704 3655/3655
f 3704/3704 3703/3703 3655/3655
f 3657/3657 3705/3705 3656/3656
f 3705/3705 3704/3704 3656/3656
f 3658/3658 3706/3706 3657/3657
f 3706/3706 3705/3705 3657/3657
f 3660/3660 3707/3707 3658/3658
f 3707/3707 3706/3706 3658/3658
f 3708/3708 3660/3660 3665/3665
f 3708/3708 3665/3665 3709/3709
f 3708/3708 3709/3709 3710/3710
f 3708/3708 3707/3707 3660/3660
f 3711/3711 3708/3708 3710/3710
f 3711/3711 3710/3710 3712/3712
f 3711/3711 3712/3712 3713/3713
f 3667/3667 3714/3714 3715/3715
f 3667/3667 3715/3715 3716/3716
f 3667/3667 3716/3716 3668/3668
f 3715/3715 3714/3714 3717/3717
f 3671/3671 3718/3718 3667/3667
f 3718/3718 3714/3714 3667/3667
f 3672/3672 3719/3719 3671/3671
f 3719/3719 3718/3718 3671/3671
f 3673/3673 3720/3720 3672/3672
f 3720/3720 3719/3719 3672/3672
f 3721/3721 3673/3673 3676/3676
f 3721/3721 3676/3676 3722/3722
f 3721/3721 3722/3722 3723/3723
f 3721/3721 3720/3720 3673/3673
f 3724/3724 3721/3721 3723/3723
f 3677/3677 3725/3725 3726/3726
f 3677/3677 3726/3726 3679/3679
f 3726/3726 3725/3725 3727/3727
f 3681/3681 3728/3728 3677/3677
f 3728/3728 3725/3725 3677/3677
f 3682/3682 3729/3729 3681/3681
f 3729/3729 3728/3728 3681/3681
f 3683/3683 3730/3730 3682/3682
f 3730/3730 3729/3729 3682/3682
f 3684/3684 3731/3731 3683/3683
f 3731/3731 3730/3730 3683/3683
f 3688/3688 3685/3685 3732/3732
f 3690/3690 3733/3733 3685/3685
f 3685/3685 3733/3733 3734/3734
f 3685/3685 3734/3734 3735/3735
f 3685/3685 3735/3735 3732/3732
f 3691/3691 3736/3736 3690/3690
f 3736/3736 3733/3733 3690/3690
f 3692/3692 3737/3737 3691/3691
f 3737/3737 3736/3736 3691/3691
f 3693/3693 3738/3738 3692/3692
f 3738/3738 3737/3737 3692/3692
f 3739/3739 3693/3693 3696/3696
f 3739/3739 3696/3696 3740/3740
f 3739/3739 3740/3740 3741/3741
f 3739/3739 3738/3738 3693/3693
f 3742/3742 3739/3739 3741/3741
f 3702/3702 3701/3701 3743/3743
f 3703/3703 3744/3744 3701/3701
f 3701/3701 3744/3744 3745/3745
f 3701/3701 3745/3745 3746/3746
f 3701/3701 3746/3746 3743/3743
f 3704/3704 3747/3747 3703/3703
f 3747/3747 3744/3744 3703/3703
f 3705/3705 3748/3748 3704/3704
f 3748/3748 3747/3747 3704/3704
f 3706/3706 3749/3749 3705/3705
f 3749/3749 3748/3748 3705/3705
f 3707/3707 3750/3750 3706/3706
f 3750/3750 3749/3749 3706/3706
f 3708/3708 3751/3751 3707/3707
f 3751/3751 3750/3750 3707/3707
f 3752/3752 3708/3708 3711/3711
f 3752/3752 3711/3711 3753/3753
f 3752/3752 3751/3751 3708/3708
f 3754/3754 3755/3755 3756/3756
f 3754/3754 3756/3756 3757/3757
f 3754/3754 3752/3752 3753/3753
f 3754/3754 3753/3753 3755/3755
f 3758/3758 3754/3754 3757/3757
f 3714/3714 3759/3759 3760/3760
f 3714/3714 3760/3760 3761/3761
f 3714/3714 3761/3761 3717/3717
f 3760/3760 3759/3759 3762/3762
f 3718/3718 3763/3763 3714/3714
f 3763/3763 3759/3759 3714/3714
f 3719/3719 3764/3764 3718/3718
f 3764/3764 3763/3763 3718/3718
f 3720/3720 3765/3765 3719/3719
f 3765/3765 3764/3764 3719/3719
f 3721/3721 3766/3766 3720/3720
f 3766/3766 3765/3765 3720/3720
f 3767/3767 3721/3721 3724/3724
f 3766/3766 3721/3721 3767/3767
f 3766/3766 3767/3767 3768/3768
f 3766/3766 3768/3768 3769/3769
f 3725/3725 3770/3770 3771/3771
f 3725/3725 3771/3771 3772/3772
f 3725/3725 3772/3772 3727/3727
f 3771/3771 3770/3770 3773/3773
f 3771/3771 3773/3773 3774/3774
f 3728/3728 3775/3775 3725/3725
f 3775/3775 3770/3770 3725/3725
f 3729/3729 3776/3776 3728/3728
f 3776/3776 3775/3775 3728/3728
f 3730/3730 3777/3777 3729/3729
f 3777/3777 3776/3776 3729/3729
f 3731/3731 3778/3778 3730/3730
f 3778/3778 3777/3777 3730/3730
f 3734/3734 3733/3733 3779/3779
f 3734/3734 3779/3779 3780/3780
f 3736/3736 3781/3781 3733/3733
f 3733/3733 3781/3781 3782/3782
f 3733/3733 3782/3782 3783/3783
f 3733/3733 3783/3783 3779/3779
f 3737/3737 3784/3784 3736/3736
f 3784/3784 3781/3781 3736/3736
f 3738/3738 3785/3785 3737/3737
f 3785/3785 3784/3784 3737/3737
f 3739/3739 3786/3786 3738/3738
f 3786/3786 3785/3785 3738/3738
f 3787/3787 3739/3739 3742/3742
f 3787/3787 3742/3742 3788/3788
f 3787/3787 3788/3788 3789/3789
f 3787/3787 3786/3786 3739/3739
f 3790/3790 3787/3787 3789/3789
f 3790/3790 3789/3789 3791/3791
f 3745/3745 3744/3744 3792/3792
f 3744/3744 3747/3747 3793/3793
f 3744/3744 3793/3793 3794/3794
f 3744/3744 3794/3794 3795/3795
f 3744/3744 3795/3795 3796/3796
f 3744/3744 3796/3796 3792/3792
f 3748/3748 3797/3797 3747/3747
f 3747/3747 3797/3797 3798/3798
f 3747/3747 3798/3798 3793/3793
f 3749/3749 3799/3799 3748/3748
f 3799/3799 3797/3797 3748/3748
f 3750/3750 3800/3800 3749/3749
f 3800/3800 3799/3799 3749/3749
f 3751/3751 3801/3801 3750/3750
f 3801/3801 3800/3800 3750/3750
f 3752/3752 3802/3802 3751/3751
f 3802/3802 3801/3801 3751/3751
f 3754/3754 3803/3803 3752/3752
f 3803/3803 3802/3802 3752/3752
f 3804/3804 3754/3754 3758/3758
f 3804/3804 3758/3758 3805/3805
f 3804/3804 3805/3805 3806/3806
f 3804/3804 3803/3803 3754/3754
f 3807/3807 3808/3808 3809/3809
f 3808/3808 3804/3804 3806/3806
f 3808/3808 3806/3806 3810/3810
f 3808/3808 3810/3810 3809/3809
f 3762/3762 3759/3759 3811/3811
f 3812/3812 3808/3808 3807/3807
f 3763/3763 3813/3813 3759/3759
f 3759/3759 3813/3813 3814/3814
f 3759/3759 3814/3814 3815/3815
f 3759/3759 3815/3815 3811/3811
f 3764/3764 3816/3816 3763/3763
f 3816/3816 3813/3813 3763/3763
f 3765/3765 3817/3817 3764/3764
f 3817/3817 3816/3816 3764/3764
f 3766/3766 3818/3818 3765/3765
f 3818/3818 3817/3817 3765/3765
f 3819/3819 3766/3766 3769/3769
f 3818/3818 3766/3766 3819/3819
f 3818/3818 3819/3819 3820/3820
f 3818/3818 3820/3820 3821/3821
f 3818/3818 3821/3821 3822/3822
f 3770/3770 3823/3823 3824/3824
f 3770/3770 3824/3824 3825/3825
f 3770/3770 3825/3825 3773/3773
f 3824/3824 3823/3823 3826/3826
f 3775/3775 3827/3827 3770/3770
f 3827/3827 3823/3823 3770/3770
f 3776/3776 3828/3828 3775/3775
f 3828/3828 3827/3827 3775/3775
f 3777/3777 3829/3829 3776/3776
f 3829/3829 3828/3828 3776/3776
f 3778/3778 3830/3830 3777/3777
f 3830/3830 3829/3829 3777/3777
f 3781/3781 3831/3831 3832/3832
f 3781/3781 3832/3832 3782/3782
f 3832/3832 3831/3831 3833/3833
f 3784/3784 3834/3834 3781/3781
f 3834/3834 3831/3831 3781/3781
f 3785/3785 3835/3835 3784/3784
f 3835/3835 3834/3834 3784/3784
f 3786/3786 3836/3836 3785/3785
f 3836/3836 3835/3835 3785/3785
f 3787/3787 3837/3837 3786/3786
f 3837/3837 3836/3836 3786/3786
f 3838/3838 3787/3787 3790/3790
f 3838/3838 3790/3790 3839/3839
f 3838/3838 3839/3839 3840/3840
f 3838/3838 3840/3840 3841/3841
f 3838/3838 3837/3837 3787/3787
f 3842/3842 3838/3838 3841/3841
f 3798/3798 3797/3797 3843/3843
f 3799/3799 3844/3844 3797/3797
f 3797/3797 3844/3844 3845/3845
f 3797/3797 3845/3845 3846/3846
f 3797/3797 3846/3846 3843/3843
f 3800/3800 3847/3847 3799/3799
f 3847/3847 3844/3844 3799/3799
f 3801/3801 3848/3848 3800/3800
f 3848/3848 3847/3847 3800/3800
f 3802/3802 3849/3849 3801/3801
f 3849/3849 3848/3848 3801/3801
f 3803/3803 3850/3850 3802/3802
f 3850/3850 3849/3849 3802/3802
f 3804/3804 3851/3851 3803/3803
f 3851/3851 3850/3850 3803/3803
f 3808/3808 3852/3852 3804/3804
f 3852/3852 3851/3851 3804/3804
f 3853/3853 3808/3808 3812/3812
f 3853/3853 3812/3812 3854/3854
f 3853/3853 3854/3854 3855/3855
f 3853/3853 3852/3852 3808/3808
f 3813/3813 3856/3856 3857/3857
f 3813/3813 3857/3857 3858/3858
f 3813/3813 3858/3858 3814/3814
f 3853/3853 3855/3855 3859/3859
f 3853/3853 3859/3859 3860/3860
f 3861/3861 3857/3857 3856/3856
f 3856/3856 3853/3853 3860/3860
f 3856/3856 3860/3860 3861/3861
f 3816/3816 3862/3862 3813/3813
f 3862/3862 3856/3856 3813/3813
f 3817/3817 3863/3863 3816/3816
f 3863/3863 3862/3862 3816/3816
f 3818/3818 3864/3864 3817/3817
f 3864/3864 3863/3863 3817/3817
f 3818/3818 3822/3822 3865/3865
f 3818/3818 3865/3865 3866/3866
f 3864/3864 3818/3818 3866/3866
f 3864/3864 3866/3866 3867/3867
f 3826/3826 3823/3823 3868/3868
f 3827/3827 3869/3869 3823/3823
f 3823/3823 3869/3869 3870/3870
f 3823/3823 3870/3870 3871/3871
f 3823/3823 3871/3871 3868/3868
f 3828/3828 3872/3872 3827/3827
f 3872/3872 3869/3869 3827/3827
f 3829/3829 3873/3873 3828/3828
f 3873/3873 3872/3872 3828/3828
f 3830/3830 3874/3874 3829/3829
f 3874/3874 3873/3873 3829/3829
f 3831/3831 3875/3875 3876/3876
f 3831/3831 3876/3876 3833/3833
f 3834/3834 3877/3877 3831/3831
f 3831/3831 3877/3877 3878/3878
f 3831/3831 3878/3878 3879/3879
f 3831/3831 3879/3879 3875/3875
f 3835/3835 3880/3880 3834/3834
f 3880/3880 3877/3877 3834/3834
f 3836/3836 3881/3881 3835/3835
f 3881/3881 3880/3880 3835/3835
f 3837/3837 3882/3882 3836/3836
f 3882/3882 3881/3881 3836/3836
f 3838/3838 3883/3883 3837/3837
f 3883/3883 3882/3882 3837/3837
f 3884/3884 3838/3838 3842/3842
f 3883/3883 3838/3838 3884/3884
f 3883/3883 3884/3884 3885/3885
f 3883/3883 3885/3885 3886/3886
f 3845/3845 3844/3844 3887/3887
f 3844/3844 3847/3847 3888/3888
f 3844/3844 3888/3888 3889/3889
f 3844/3844 3889/3889 3890/3890
f 3887/3887 3844/3844 3890/3890
f 3848/3848 3891/3891 3847/3847
f 3847/3847 3891/3891 3892/3892
f 3847/3847 3892/3892 3893/3893
f 3847/3847 3893/3893 3888/3888
f 3849/3849 3894/3894 3848/3848
f 3894/3894 3891/3891 3848/3848
f 3850/3850 3895/3895 3849/3849
f 3895/3895 3894/3894 3849/3849
f 3851/3851 3896/3896 3850/3850
f 3896/3896 3895/3895 3850/3850
f 3852/3852 3897/3897 3851/3851
f 3897/3897 3896/3896 3851/3851
f 3853/3853 3898/3898 3852/3852
f 3898/3898 3897/3897 3852/3852
f 3856/3856 3899/3899 3853/3853
f 3899/3899 3898/3898 3853/3853
f 3862/3862 3900/3900 3856/3856
f 3900/3900 3899/3899 3856/3856
f 3863/3863 3901/3901 3862/3862
f 3901/3901 3900/3900 3862/3862
f 3864/3864 3902/3902 3863/3863
f 3902/3902 3901/3901 3863/3863
f 3903/3903 3864/3864 3867/3867
f 3903/3903 3867/3867 3904/3904
f 3903/3903 3904/3904 3905/3905
f 3903/3903 3902/3902 3864/3864
f 3906/3906 3907/3907 3908/3908
f 3906/3906 3908/3908 3909/3909
f 3907/3907 3903/3903 3905/3905
f 3907/3907 3905/3905 3910/3910
f 3907/3907 3910/3910 3908/3908
f 3911/3911 3912/3912 3913/3913
f 3911/3911 3913/3913 3914/3914
f 3912/3912 3907/3907 3906/3906
f 3912/3912 3906/3906 3913/3913
f 3915/3915 3912/3912 3911/3911
f 3869/3869 3916/3916 3917/3917
f 3869/3869 3917/3917 3870/3870
f 3917/3917 3916/3916 3918/3918
f 3872/3872 3919/3919 3869/3869
f 3919/3919 3916/3916 3869/3869
f 3873/3873 3920/3920 3872/3872
f 3920/3920 3919/3919 3872/3872
f 3874/3874 3921/3921 3873/3873
f 3921/3921 3920/3920 3873/3873
f 3877/3877 3922/3922 3923/3923
f 3877/3877 3923/3923 3878/3878
f 3880/3880 3924/3924 3877/3877
f 3877/3877 3924/3924 3925/3925
f 3877/3877 3925/3925 3922/3922
f 3881/3881 3926/3926 3880/3880
f 3926/3926 3924/3924 3880/3880
f 3882/3882 3927/3927 3881/3881
f 3927/3927 3926/3926 3881/3881
f 3883/3883 3928/3928 3882/3882
f 3928/3928 3927/3927 3882/3882
f 3929/3929 3883/3883 3886/3886
f 3929/3929 3886/3886 3930/3930
f 3929/3929 3930/3930 3931/3931
f 3929/3929 3928/3928 3883/3883
f 3932/3932 3929/3929 3931/3931
f 3891/3891 3933/3933 3934/3934
f 3891/3891 3934/3934 3892/3892
f 3894/3894 3935/3935 3891/3891
f 3891/3891 3935/3935 3936/3936
f 3891/3891 3936/3936 3937/3937
f 3891/3891 3937/3937 3933/3933
f 3895/3895 3938/3938 3894/3894
f 3938/3938 3935/3935 3894/3894
f 3896/3896 3939/3939 3895/3895
f 3939/3939 3938/3938 3895/3895
f 3897/3897 3940/3940 3896/3896
f 3940/3940 3939/3939 3896/3896
f 3898/3898 3941/3941 3897/3897
f 3941/3941 3940/3940 3897/3897
f 3899/3899 3942/3942 3898/3898
f 3942/3942 3941/3941 3898/3898
f 3900/3900 3943/3943 3899/3899
f 3943/3943 3942/3942 3899/3899
f 3901/3901 3944/3944 3900/3900
f 3944/3944 3943/3943 3900/3900
f 3902/3902 3945/3945 3901/3901
f 3945/3945 3944/3944 3901/3901
f 3903/3903 3946/3946 3902/3902
f 3946/3946 3945/3945 3902/3902
f 3907/3907 3947/3947 3903/3903
f 3947/3947 3946/3946 3903/3903
f 3912/3912 3948/3948 3907/3907
f 3948/3948 3947/3947 3907/3907
f 3949/3949 3912/3912 3915/3915
f 3949/3949 3915/3915 3950/3950
f 3948/3948 3912/3912 3949/3949
f 3948/3948 3949/3949 3951/3951
f 3948/3948 3951/3951 3952/3952
f 3916/3916 3953/3953 3954/3954
f 3916/3916 3954/3954 3955/3955
f 3916/3916 3955/3955 3918/3918
f 3954/3954 3953/3953 3956/3956
f 3919/3919 3957/3957 3916/3916
f 3957/3957 3953/3953 3916/3916
f 3920/3920 3958/3958 3919/3919
f 3958/3958 3957/3957 3919/3919
f 3921/3921 3959/3959 3920/3920
f 3959/3959 3958/3958 3920/3920
f 3924/3924 3960/3960 3961/3961
f 3924/3924 3961/3961 3962/3962
f 3924/3924 3962/3962 3925/3925
f 3961/3961 3960/3960 3963/3963
f 3926/3926 3964/3964 3924/3924
f 3964/3964 3960/3960 3924/3924
f 3927/3927 3965/3965 3926/3926
f 3965/3965 3964/3964 3926/3926
f 3928/3928 3966/3966 3927/3927
f 3966/3966 3965/3965 3927/3927
f 3929/3929 3967/3967 3928/3928
f 3967/3967 3966/3966 3928/3928
f 3968/3968 3929/3929 3932/3932
f 3968/3968 3932/3932 3969/3969
f 3968/3968 3969/3969 3970/3970
f 3967/3967 3929/3929 3968/3968
f 3967/3967 3968/3968 3971/3971
f 3936/3936 3935/3935 3972/3972
f 3935/3935 3938/3938 3973/3973
f 3935/3935 3973/3973 3974/3974
f 3935/3935 3974/3974 3975/3975
f 3972/3972 3935/3935 3975/3975
f 3939/3939 3976/3976 3938/3938
f 3938/3938 3976/3976 3977/3977
f 3938/3938 3977/3977 3978/3978
f 3938/3938 3978/3978 3973/3973
f 3940/3940 3979/3979 3939/3939
f 3979/3979 3976/3976 3939/3939
f 3941/3941 3980/3980 3940/3940
f 3980/3980 3979/3979 3940/3940
f 3942/3942 3981/3981 3941/3941
f 3981/3981 3980/3980 3941/3941
f 3943/3943 3982/3982 3942/3942
f 3982/3982 3981/3981 3942/3942
f 3944/3944 3983/3983 3943/3943
f 3983/3983 3982/3982 3943/3943
f 3945/3945 3984/3984 3944/3944
f 3984/3984 3983/3983 3944/3944
f 3946/3946 3985/3985 3945/3945
f 3985/3985 3984/3984 3945/3945
f 3947/3947 3986/3986 3946/3946
f 3986/3986 3985/3985 3946/3946
f 3948/3948 3987/3987 3947/3947
f 3987/3987 3986/3986 3947/3947
f 3988/3988 3948/3948 3952/3952
f 3987/3987 3948/3948 3988/3988
f 3987/3987 3988/3988 3989/3989
f 3987/3987 3989/3989 3990/3990
f 3953/3953 3991/3991 3992/3992
f 3953/3953 3992/3992 3993/3993
f 3953/3953 3993/3993 3956/3956
f 3992/3992 3991/3991 3994/3994
f 3957/3957 3995/3995 3953/3953
f 3995/3995 3991/3991 3953/3953
f 3958/3958 3996/3996 3957/3957
f 3996/3996 3995/3995 3957/3957
f 3959/3959 3997/3997 3958/3958
f 3997/3997 3996/3996 3958/3958
f 3963/3963 3960/3960 3998/3998
f 3964/3964 3999/3999 3960/3960
f 3960/3960 3999/3999 4000/4000
f 3960/3960 4000/4000 4001/4001
f 3960/3960 4001/4001 3998/3998
f 3965/3965 4002/4002 3964/3964
f 4002/4002 3999/3999 3964/3964
f 3966/3966 4003/4003 3965/3965
f 4003/4003 4002/4002 3965/3965
f 3967/3967 4004/4004 3966/3966
f 4004/4004 4003/4003 3966/3966
f 4005/4005 3967/3967 3971/3971
f 4005/4005 3971/3971 4006/4006
f 4005/4005 4004/4004 3967/3967
f 4005/4005 4006/4006 4007/4007
f 4005/4005 4007/4007 4008/4008
f 4005/4005 4008/4008 4009/4009
f 3976/3976 4010/4010 4011/4011
f 3976/3976 4011/4011 3977/3977
f 3976/3976 3979/3979 4012/4012
f 3976/3976 4012/4012 4013/4013
f 4010/4010 3976/3976 4013/4013
f 4010/4010 4013/4013 4014/4014
f 4010/4010 4014/4014 4015/4015
f 3980/3980 4016/4016 3979/3979
f 3979/3979 4016/4016 4017/4017
f 3979/3979 4017/4017 4012/4012
f 3981/3981 4018/4018 3980/3980
f 4018/4018 4016/4016 3980/3980
f 3982/3982 4019/4019 3981/3981
f 4019/4019 4018/4018 3981/3981
f 3983/3983 4020/4020 3982/3982
f 4020/4020 4019/4019 3982/3982
f 3984/3984 4021/4021 3983/3983
f 4021/4021 4020/4020 3983/3983
f 3985/3985 4022/4022 3984/3984
f 4022/4022 4021/4021 3984/3984
f 3986/3986 4023/4023 3985/3985
f 4023/4023 4022/4022 3985/3985
f 3987/3987 4024/4024 3986/3986
f 4024/4024 4023/4023 3986/3986
f 3987/3987 3990/3990 4025/4025
f 3987/3987 4025/4025 4026/4026
f 4024/4024 3987/3987 4026/4026
f 4024/4024 4026/4026 4027/4027
f 3991/3991 4028/4028 4029/4029
f 3991/3991 4029/4029 4030/4030
f 3991/3991 4030/4030 4031/4031
f 3991/3991 4031/4031 3994/3994
f 4029/4029 4028/4028 4032/4032
f 3995/3995 4033/4033 3991/3991
f 4033/4033 4028/4028 3991/3991
f 3996/3996 4034/4034 3995/3995
f 4034/4034 4033/4033 3995/3995
f 3997/3997 4035/4035 3996/3996
f 4035/4035 4034/4034 3996/3996
f 4036/4036 4037/4037 4038/4038
f 3999/3999 4039/4039 4040/4040
f 3999/3999 4040/4040 4000/4000
f 4002/4002 4041/4041 3999/3999
f 3999/3999 4041/4041 4042/4042
f 3999/3999 4042/4042 4039/4039
f 4003/4003 4043/4043 4002/4002
f 4043/4043 4041/4041 4002/4002
f 4004/4004 4044/4044 4003/4003
f 4044/4044 4043/4043 4003/4003
f 4005/4005 4045/4045 4004/4004
f 4045/4045 4044/4044 4004/4004
f 4046/4046 4005/4005 4009/4009
f 4046/4046 4009/4009 4047/4047
f 4046/4046 4047/4047 4048/4048
f 4046/4046 4045/4045 4005/4005
f 4049/4049 4046/4046 4048/4048
f 4017/4017 4016/4016 4050/4050
f 4018/4018 4051/4051 4016/4016
f 4016/4016 4051/4051 4052/4052
f 4016/4016 4052/4052 4053/4053
f 4016/4016 4053/4053 4050/4050
f 4019/4019 4054/4054 4018/4018
f 4054/4054 4051/4051 4018/4018
f 4020/4020 4055/4055 4019/4019
f 4055/4055 4054/4054 4019/4019
f 4021/4021 4056/4056 4020/4020
f 4056/4056 4055/4055 4020/4020
f 4022/4022 4057/4057 4021/4021
f 4057/4057 4056/4056 4021/4021
f 4023/4023 4058/4058 4022/4022
f 4058/4058 4057/4057 4022/4022
f 4024/4024 4059/4059 4023/4023
f 4059/4059 4058/4058 4023/4023
f 4024/4024 4027/4027 4060/4060
f 4024/4024 4060/4060 4061/4061
f 4059/4059 4024/4024 4061/4061
f 4059/4059 4061/4061 4062/4062
f 4032/4032 4028/4028 4063/4063
f 4033/4033 4064/4064 4028/4028
f 4028/4028 4064/4064 4065/4065
f 4028/4028 4065/4065 4063/4063
f 4034/4034 4066/4066 4033/4033
f 4066/4066 4064/4064 4033/4033
f 4035/4035 4067/4067 4034/4034
f 4067/4067 4066/4066 4034/4034
f 4068/4068 4037/4037 4036/4036
f 4068/4068 4036/4036 4069/4069
f 4068/4068 4069/4069 4070/4070
f 4068/4068 4070/4070 4071/4071
f 4068/4068 4072/4072 4037/4037
f 4073/4073 4068/4068 4071/4071
f 4073/4073 4071/4071 4074/4074
f 4041/4041 4075/4075 4076/4076
f 4041/4041 4076/4076 4077/4077
f 4041/4041 4077/4077 4042/4042
f 4076/4076 4075/4075 4078/4078
f 4043/4043 4079/4079 4041/4041
f 4079/4079 4075/4075 4041/4041
f 4044/4044 4080/4080 4043/4043
f 4080/4080 4079/4079 4043/4043
f 4045/4045 4081/4081 4044/4044
f 4081/4081 4080/4080 4044/4044
f 4046/4046 4082/4082 4045/4045
f 4082/4082 4081/4081 4045/4045
f 4046/4046 4049/4049 4083/4083
f 4046/4046 4083/4083 4084/4084
f 4082/4082 4046/4046 4084/4084
f 4082/4082 4084/4084 4085/4085
f 4082/4082 4085/4085 4086/4086
f 4052/4052 4051/4051 4087/4087
f 4054/4054 4088/4088 4089/4089
f 4054/4054 4089/4089 4090/4090
f 4054/4054 4090/4090 4091/4091
f 4054/4054 4091/4091 4051/4051
f 4051/4051 4091/4091 4092/4092
f 4051/4051 4092/4092 4087/4087
f 4088/4088 4093/4093 4094/4094
f 4088/4088 4094/4094 4089/4089
f 4055/4055 4095/4095 4054/4054
f 4095/4095 4088/4088 4054/4054
f 4056/4056 4096/4096 4055/4055
f 4096/4096 4095/4095 4055/4055
f 4057/4057 4097/4097 4056/4056
f 4097/4097 4096/4096 4056/4056
f 4058/4058 4098/4098 4057/4057
f 4098/4098 4097/4097 4057/4057
f 4059/4059 4099/4099 4058/4058
f 4099/4099 4098/4098 4058/4058
f 4100/4100 4059/4059 4062/4062
f 4100/4100 4062/4062 4101/4101
f 4100/4100 4099/4099 4059/4059
f 4102/4102 4100/4100 4101/4101
f 4064/4064 4103/4103 4104/4104
f 4064/4064 4104/4104 4065/4065
f 4103/4103 4105/4105 4106/4106
f 4103/4103 4106/4106 4107/4107
f 4103/4103 4107/4107 4104/4104
f 4066/4066 4108/4108 4064/4064
f 4108/4108 4103/4103 4064/4064
f 4067/4067 4109/4109 4066/4066
f 4109/4109 4108/4108 4066/4066
f 4068/4068 4110/4110 4072/4072
f 4110/4110 4111/4111 4072/4072
f 4112/4112 4068/4068 4073/4073
f 4112/4112 4073/4073 4113/4113
f 4110/4110 4068/4068 4112/4112
f 4110/4110 4112/4112 4114/4114
f 4110/4110 4114/4114 4115/4115
f 4078/4078 4075/4075 4116/4116
f 4079/4079 4117/4117 4075/4075
f 4075/4075 4117/4117 4118/4118
f 4075/4075 4118/4118 4119/4119
f 4075/4075 4119/4119 4120/4120
f 4075/4075 4120/4120 4116/4116
f 4080/4080 4121/4121 4079/4079
f 4121/4121 4117/4117 4079/4079
f 4081/4081 4122/4122 4080/4080
f 4122/4122 4121/4121 4080/4080
f 4082/4082 4123/4123 4081/4081
f 4123/4123 4122/4122 4081/4081
f 4124/4124 4082/4082 4086/4086
f 4124/4124 4086/4086 4125/4125
f 4124/4124 4123/4123 4082/4082
f 4126/4126 4124/4124 4125/4125
f 4126/4126 4125/4125 4127/4127
f 4126/4126 4127/4127 4128/4128
f 4093/4093 4088/4088 4129/4129
f 4095/4095 4130/4130 4088/4088
f 4088/4088 4130/4130 4131/4131
f 4088/4088 4131/4131 4132/4132
f 4088/4088 4132/4132 4129/4129
f 4096/4096 4133/4133 4095/4095
f 4133/4133 4130/4130 4095/4095
f 4097/4097 4134/4134 4096/4096
f 4134/4134 4133/4133 4096/4096
f 4098/4098 4135/4135 4097/4097
f 4135/4135 4134/4134 4097/4097
f 4099/4099 4136/4136 4098/4098
f 4136/4136 4135/4135 4098/4098
f 4100/4100 4137/4137 4099/4099
f 4137/4137 4136/4136 4099/4099
f 4138/4138 4100/4100 4102/4102
f 4137/4137 4100/4100 4138/4138
f 4137/4137 4138/4138 4139/4139
f 4137/4137 4139/4139 4140/4140
f 4137/4137 4140/4140 4141/4141
f 4103/4103 4142/4142 4143/4143
f 4103/4103 4143/4143 4105/4105
f 4143/4143 4142/4142 4144/4144
f 4108/4108 4145/4145 4103/4103
f 4145/4145 4142/4142 4103/4103
f 4109/4109 4146/4146 4108/4108
f 4146/4146 4145/4145 4108/4108
f 4110/4110 4147/4147 4111/4111
f 4147/4147 4148/4148 4111/4111
f 4149/4149 4110/4110 4115/4115
f 4149/4149 4115/4115 4150/4150
f 4149/4149 4147/4147 4110/4110
f 4151/4151 4149/4149 4150/4150
f 4151/4151 4150/4150 4152/4152
f 4118/4118 4117/4117 4153/4153
f 4121/4121 4154/4154 4117/4117
f 4117/4117 4154/4154 4155/4155
f 4117/4117 4155/4155 4153/4153
f 4122/4122 4156/4156 4121/4121
f 4156/4156 4154/4154 4121/4121
f 4123/4123 4157/4157 4122/4122
f 4157/4157 4156/4156 4122/4122
f 4124/4124 4158/4158 4123/4123
f 4158/4158 4157/4157 4123/4123
f 4159/4159 4124/4124 4126/4126
f 4159/4159 4126/4126 4160/4160
f 4159/4159 4160/4160 4161/4161
f 4159/4159 4158/4158 4124/4124
f 4159/4159 4161/4161 4162/4162
f 4159/4159 4162/4162 4163/4163
f 4131/4131 4130/4130 4164/4164
f 4133/4133 4165/4165 4130/4130
f 4130/4130 4165/4165 4166/4166
f 4130/4130 4166/4166 4167/4167
f 4130/4130 4167/4167 4168/4168
f 4130/4130 4168/4168 4164/4164
f 4134/4134 4169/4169 4133/4133
f 4169/4169 4165/4165 4133/4133
f 4135/4135 4170/4170 4134/4134
f 4170/4170 4169/4169 4134/4134
f 4136/4136 4171/4171 4135/4135
f 4171/4171 4170/4170 4135/4135
f 4137/4137 4172/4172 4136/4136
f 4172/4172 4171/4171 4136/4136
f 4173/4173 4137/4137 4141/4141
f 4173/4173 4141/4141 4174/4174
f 4173/4173 4174/4174 4175/4175
f 4173/4173 4172/4172 4137/4137
f 4176/4176 4173/4173 4175/4175
f 4142/4142 4177/4177 4178/4178
f 4142/4142 4178/4178 4144/4144
f 4178/4178 4177/4177 4179/4179
f 4145/4145 4180/4180 4142/4142
f 4180/4180 4177/4177 4142/4142
f 4146/4146 4181/4181 4145/4145
f 4181/4181 4180/4180 4145/4145
f 4147/4147 4182/4182 4148/4148
f 4182/4182 4183/4183 4148/4148
f 4147/4147 4149/4149 4184/4184
f 4147/4147 4184/4184 4185/4185
f 4147/4147 4185/4185 4186/4186
f 4182/4182 4147/4147 4186/4186
f 4182/4182 4186/4186 4187/4187
f 4188/4188 4149/4149 4151/4151
f 4184/4184 4149/4149 4188/4188
f 4154/4154 4189/4189 4190/4190
f 4154/4154 4190/4190 4191/4191
f 4154/4154 4191/4191 4155/4155
f 4190/4190 4189/4189 4192/4192
f 4156/4156 4193/4193 4154/4154
f 4193/4193 4189/4189 4154/4154
f 4157/4157 4194/4194 4156/4156
f 4194/4194 4193/4193 4156/4156
f 4158/4158 4195/4195 4157/4157
f 4195/4195 4194/4194 4157/4157
f 4159/4159 4196/4196 4158/4158
f 4196/4196 4195/4195 4158/4158
f 4197/4197 4159/4159 4163/4163
f 4197/4197 4163/4163 4198/4198
f 4197/4197 4198/4198 4199/4199
f 4197/4197 4196/4196 4159/4159
f 4200/4200 4197/4197 4199/4199
f 4166/4166 4165/4165 4201/4201
f 4169/4169 4202/4202 4165/4165
f 4165/4165 4202/4202 4203/4203
f 4165/4165 4203/4203 4204/4204
f 4165/4165 4204/4204 4201/4201
f 4170/4170 4205/4205 4169/4169
f 4205/4205 4202/4202 4169/4169
f 4171/4171 4206/4206 4170/4170
f 4206/4206 4205/4205 4170/4170
f 4172/4172 4207/4207 4171/4171
f 4207/4207 4206/4206 4171/4171
f 4173/4173 4208/4208 4172/4172
f 4208/4208 4207/4207 4172/4172
f 4173/4173 4176/4176 4209/4209
f 4173/4173 4209/4209 4210/4210
f 4208/4208 4173/4173 4210/4210
f 4208/4208 4210/4210 4211/4211
f 4208/4208 4211/4211 4212/4212
f 4177/4177 4213/4213 4214/4214
f 4177/4177 4214/4214 4215/4215
f 4177/4177 4215/4215 4179/4179
f 4214/4214 4213/4213 4216/4216
f 4180/4180 4217/4217 4177/4177
f 4217/4217 4213/4213 4177/4177
f 4181/4181 4218/4218 4180/4180
f 4218/4218 4217/4217 4180/4180
f 4183/4183 4182/4182 4219/4219
f 4183/4183 4219/4219 4220/4220
f 4183/4183 4220/4220 4221/4221
f 4222/4222 4183/4183 4221/4221
f 4222/4222 4221/4221 4223/4223
f 4224/4224 4182/4182 4187/4187
f 4224/4224 4187/4187 4225/4225
f 4219/4219 4182/4182 4224/4224
f 4192/4192 4189/4189 4226/4226
f 4193/4193 4227/4227 4189/4189
f 4189/4189 4227/4227 4228/4228
f 4189/4189 4228/4228 4229/4229
f 4189/4189 4229/4229 4230/4230
f 4189/4189 4230/4230 4226/4226
f 4194/4194 4231/4231 4193/4193
f 4231/4231 4227/4227 4193/4193
f 4195/4195 4232/4232 4194/4194
f 4232/4232 4231/4231 4194/4194
f 4196/4196 4233/4233 4195/4195
f 4233/4233 4232/4232 4195/4195
f 4197/4197 4234/4234 4196/4196
f 4234/4234 4233/4233 4196/4196
f 4235/4235 4197/4197 4200/4200
f 4234/4234 4197/4197 4235/4235
f 4234/4234 4235/4235 4236/4236
f 4234/4234 4236/4236 4237/4237
f 4234/4234 4237/4237 4238/4238
f 4202/4202 4239/4239 4240/4240
f 4202/4202 4240/4240 4203/4203
f 4205/4205 4241/4241 4202/4202
f 4202/4202 4241/4241 4242/4242
f 4202/4202 4242/4242 4243/4243
f 4202/4202 4243/4243 4239/4239
f 4206/4206 4244/4244 4205/4205
f 4244/4244 4241/4241 4205/4205
f 4207/4207 4245/4245 4206/4206
f 4245/4245 4244/4244 4206/4206
f 4208/4208 4246/4246 4207/4207
f 4246/4246 4245/4245 4207/4207
f 4247/4247 4208/4208 4212/4212
f 4247/4247 4212/4212 4248/4248
f 4247/4247 4246/4246 4208/4208
f 4247/4247 4248/4248 4249/4249
f 4247/4247 4249/4249 4250/4250
f 4216/4216 4213/4213 4251/4251
f 4216/4216 4251/4251 4252/4252
f 4217/4217 4253/4253 4213/4213
f 4213/4213 4253/4253 4254/4254
f 4213/4213 4254/4254 4255/4255
f 4213/4213 4255/4255 4251/4251
f 4218/4218 4256/4256 4217/4217
f 4256/4256 4253/4253 4217/4217
f 4228/4228 4227/4227 4257/4257
f 4231/4231 4258/4258 4227/4227
f 4227/4227 4258/4258 4259/4259
f 4227/4227 4259/4259 4260/4260
f 4227/4227 4260/4260 4257/4257
f 4232/4232 4261/4261 4231/4231
f 4261/4261 4258/4258 4231/4231
f 4233/4233 4262/4262 4232/4232
f 4262/4262 4261/4261 4232/4232
f 4234/4234 4263/4263 4233/4233
f 4263/4263 4262/4262 4233/4233
f 4264/4264 4234/4234 4238/4238
f 4263/4263 4234/4234 4264/4264
f 4263/4263 4264/4264 4265/4265
f 4263/4263 4265/4265 4266/4266
f 4242/4242 4241/4241 4267/4267
f 4244/4244 4268/4268 4241/4241
f 4241/4241 4268/4268 4269/4269
f 4241/4241 4269/4269 4267/4267
f 4245/4245 4270/4270 4244/4244
f 4270/4270 4268/4268 4244/4244
f 4246/4246 4271/4271 4245/4245
f 4271/4271 4270/4270 4245/4245
f 4247/4247 4272/4272 4246/4246
f 4272/4272 4271/4271 4246/4246
f 4273/4273 4247/4247 4250/4250
f 4273/4273 4250/4250 4274/4274
f 4273/4273 4274/4274 4275/4275
f 4273/4273 4272/4272 4247/4247
f 4276/4276 4273/4273 4275/4275
f 4253/4253 4277/4277 4278/4278
f 4253/4253 4278/4278 4254/4254
f 4278/4278 4277/4277 4279/4279
f 4256/4256 4280/4280 4253/4253
f 4280/4280 4277/4277 4253/4253
f 4258/4258 4281/4281 4282/4282
f 4258/4258 4282/4282 4283/4283
f 4258/4258 4283/4283 4259/4259
f 4282/4282 4281/4281 4284/4284
f 4261/4261 4285/4285 4258/4258
f 4285/4285 4281/4281 4258/4258
f 4262/4262 4286/4286 4261/4261
f 4286/4286 4285/4285 4261/4261
f 4263/4263 4287/4287 4262/4262
f 4287/4287 4286/4286 4262/4262
f 4263/4263 4266/4266 4288/4288
f 4263/4263 4288/4288 4289/4289
f 4263/4263 4289/4289 4290/4290
f 4290/4290 4287/4287 4263/4263
f 4290/4290 4289/4289 4291/4291
f 4290/4290 4291/4291 4292/4292
f 4268/4268 4293/4293 4294/4294
f 4268/4268 4294/4294 4269/4269
f 4293/4293 4295/4295 4296/4296
f 4293/4293 4296/4296 4294/4294
f 4270/4270 4297/4297 4268/4268
f 4297/4297 4293/4293 4268/4268
f 4271/4271 4298/4298 4270/4270
f 4298/4298 4297/4297 4270/4270
f 4272/4272 4299/4299 4271/4271
f 4299/4299 4298/4298 4271/4271
f 4273/4273 4300/4300 4272/4272
f 4300/4300 4299/4299 4272/4272
f 4273/4273 4276/4276 4301/4301
f 4273/4273 4301/4301 4302/4302
f 4300/4300 4273/4273 4302/4302
f 4300/4300 4302/4302 4303/4303
f 4277/4277 4304/4304 4305/4305
f 4277/4277 4305/4305 4279/4279
f 4304/4304 4306/4306 4307/4307
f 4304/4304 4307/4307 4305/4305
f 4280/4280 4308/4308 4277/4277
f 4308/4308 4304/4304 4277/4277
f 4281/4281 4309/4309 4310/4310
f 4281/4281 4310/4310 4311/4311
f 4281/4281 4311/4311 4284/4284
f 4310/4310 4309/4309 4312/4312
f 4310/4310 4312/4312 4313/4313
f 4285/4285 4314/4314 4281/4281
f 4314/4314 4309/4309 4281/4281
f 4286/4286 4315/4315 4285/4285
f 4315/4315 4314/4314 4285/4285
f 4287/4287 4316/4316 4286/4286
f 4316/4316 4315/4315 4286/4286
f 4290/4290 4317/4317 4287/4287
f 4317/4317 4316/4316 4287/4287
f 4318/4318 4290/4290 4292/4292
f 4317/4317 4290/4290 4318/4318
f 4317/4317 4318/4318 4319/4319
f 4317/4317 4319/4319 4320/4320
f 4295/4295 4293/4293 4321/4321
f 4297/4297 4322/4322 4293/4293
f 4293/4293 4322/4322 4323/4323
f 4293/4293 4323/4323 4324/4324
f 4293/4293 4324/4324 4321/4321
f 4298/4298 4325/4325 4297/4297
f 4325/4325 4322/4322 4297/4297
f 4299/4299 4326/4326 4298/4298
f 4326/4326 4325/4325 4298/4298
f 4300/4300 4327/4327 4299/4299
f 4327/4327 4326/4326 4299/4299
f 4328/4328 4300/4300 4303/4303
f 4328/4328 4303/4303 4329/4329
f 4328/4328 4329/4329 4330/4330
f 4328/4328 4327/4327 4300/4300
f 4328/4328 4330/4330 4331/4331
f 4328/4328 4331/4331 4332/4332
f 4304/4304 4333/4333 4334/4334
f 4304/4304 4334/4334 4335/4335
f 4304/4304 4335/4335 4306/4306
f 4334/4334 4333/4333 4336/4336
f 4308/4308 4337/4337 4304/4304
f 4337/4337 4333/4333 4304/4304
f 4312/4312 4309/4309 4338/4338
f 4314/4314 4339/4339 4309/4309
f 4309/4309 4339/4339 4340/4340
f 4309/4309 4340/4340 4341/4341
f 4309/4309 4341/4341 4338/4338
f 4315/4315 4342/4342 4314/4314
f 4342/4342 4339/4339 4314/4314
f 4316/4316 4343/4343 4315/4315
f 4343/4343 4342/4342 4315/4315
f 4317/4317 4344/4344 4316/4316
f 4344/4344 4343/4343 4316/4316
f 4317/4317 4320/4320 4345/4345
f 4317/4317 4345/4345 4346/4346
f 4344/4344 4317/4317 4346/4346
f 4344/4344 4346/4346 4347/4347
f 4323/4323 4322/4322 4348/4348
f 4325/4325 4349/4349 4322/4322
f 4322/4322 4349/4349 4350/4350
f 4322/4322 4350/4350 4348/4348
f 4326/4326 4351/4351 4325/4325
f 4351/4351 4349/4349 4325/4325
f 4327/4327 4352/4352 4326/4326
f 4352/4352 4351/4351 4326/4326
f 4328/4328 4353/4353 4327/4327
f 4353/4353 4352/4352 4327/4327
f 4354/4354 4328/4328 4332/4332
f 4354/4354 4332/4332 4355/4355
f 4354/4354 4355/4355 4356/4356
f 4354/4354 4353/4353 4328/4328
f 4357/4357 4354/4354 4356/4356
f 4333/4333 4358/4358 4359/4359
f 4333/4333 4359/4359 4360/4360
f 4333/4333 4360/4360 4336/4336
f 4337/4337 4361/4361 4333/4333
f 4333/4333 4361/4361 4362/4362
f 4333/4333 4362/4362 4358/4358
f 4339/4339 4363/4363 4364/4364
f 4339/4339 4364/4364 4365/4365
f 4339/4339 4365/4365 4340/4340
f 4364/4364 4363/4363 4366/4366
f 4342/4342 4367/4367 4339/4339
f 4367/4367 4363/4363 4339/4339
f 4343/4343 4368/4368 4342/4342
f 4368/4368 4367/4367 4342/4342
f 4344/4344 4369/4369 4343/4343
f 4369/4369 4368/4368 4343/4343
f 4370/4370 4344/4344 4347/4347
f 4370/4370 4347/4347 4371/4371
f 4370/4370 4371/4371 4372/4372
f 4370/4370 4369/4369 4344/4344
f 4373/4373 4370/4370 4372/4372
f 4373/4373 4372/4372 4374/4374
f 4349/4349 4375/4375 4376/4376
f 4349/4349 4376/4376 4350/4350
f 4375/4375 4377/4377 4378/4378
f 4375/4375 4378/4378 4376/4376
f 4351/4351 4379/4379 4349/4349
f 4379/4379 4375/4375 4349/4349
f 4352/4352 4380/4380 4351/4351
f 4380/4380 4379/4379 4351/4351
f 4353/4353 4381/4381 4352/4352
f 4381/4381 4380/4380 4352/4352
f 4354/4354 4382/4382 4353/4353
f 4382/4382 4381/4381 4353/4353
f 4383/4383 4354/4354 4357/4357
f 4383/4383 4357/4357 4384/4384
f 4383/4383 4384/4384 4385/4385
f 4383/4383 4382/4382 4354/4354
f 4383/4383 4385/4385 4386/4386
f 4383/4383 4386/4386 4387/4387
f 4361/4361 4388/4388 4389/4389
f 4361/4361 4389/4389 4362/4362
f 4389/4389 4388/4388 4390/4390
f 4363/4363 4391/4391 4392/4392
f 4363/4363 4392/4392 4366/4366
f 4367/4367 4393/4393 4363/4363
f 4363/4363 4393/4393 4394/4394
f 4363/4363 4394/4394 4391/4391
f 4368/4368 4395/4395 4367/4367
f 4395/4395 4393/4393 4367/4367
f 4369/4369 4396/4396 4368/4368
f 4396/4396 4395/4395 4368/4368
f 4370/4370 4397/4397 4369/4369
f 4397/4397 4396/4396 4369/4369
f 4398/4398 4370/4370 4373/4373
f 4397/4397 4370/4370 4398/4398
f 4397/4397 4398/4398 4399/4399
f 4397/4397 4399/4399 4400/4400
f 4397/4397 4400/4400 4401/4401
f 4377/4377 4375/4375 4402/4402
f 4379/4379 4403/4403 4375/4375
f 4375/4375 4403/4403 4404/4404
f 4375/4375 4404/4404 4405/4405
f 4375/4375 4405/4405 4402/4402
f 4380/4380 4406/4406 4379/4379
f 4406/4406 4403/4403 4379/4379
f 4381/4381 4407/4407 4380/4380
f 4407/4407 4406/4406 4380/4380
f 4382/4382 4408/4408 4381/4381
f 4408/4408 4407/4407 4381/4381
f 4383/4383 4409/4409 4382/4382
f 4409/4409 4408/4408 4382/4382
f 4410/4410 4383/4383 4387/4387
f 4410/4410 4387/4387 4411/4411
f 4410/4410 4411/4411 4412/4412
f 4410/4410 4409/4409 4383/4383
f 4413/4413 4410/4410 4412/4412
f 4388/4388 4414/4414 4415/4415
f 4388/4388 4415/4415 4390/4390
f 4414/4414 4416/4416 4417/4417
f 4414/4414 4417/4417 4418/4418
f 4414/4414 4418/4418 4415/4415
f 4393/4393 4419/4419 4420/4420
f 4393/4393 4420/4420 4421/4421
f 4393/4393 4421/4421 4394/4394
f 4420/4420 4419/4419 4422/4422
f 4395/4395 4423/4423 4393/4393
f 4423/4423 4419/4419 4393/4393
f 4396/4396 4424/4424 4395/4395
f 4424/4424 4423/4423 4395/4395
f 4397/4397 4425/4425 4396/4396
f 4425/4425 4424/4424 4396/4396
f 4426/4426 4397/4397 4401/4401
f 4425/4425 4397/4397 4426/4426
f 4425/4425 4426/4426 4427/4427
f 4425/4425 4427/4427 4428/4428
f 4404/4404 4403/4403 4429/4429
f 4404/4404 4429/4429 4430/4430
f 4404/4404 4430/4430 4431/4431
f 4406/4406 4432/4432 4403/4403
f 4403/4403 4432/4432 4433/4433
f 4403/4403 4433/4433 4429/4429
f 4407/4407 4434/4434 4406/4406
f 4434/4434 4432/4432 4406/4406
f 4408/4408 4435/4435 4407/4407
f 4435/4435 4434/4434 4407/4407
f 4409/4409 4436/4436 4408/4408
f 4436/4436 4435/4435 4408/4408
f 4410/4410 4437/4437 4409/4409
f 4437/4437 4436/4436 4409/4409
f 4438/4438 4410/4410 4413/4413
f 4438/4438 4413/4413 4439/4439
f 4438/4438 4439/4439 4440/4440
f 4438/4438 4437/4437 4410/4410
f 4438/4438 4440/4440 4441/4441
f 4438/4438 4441/4441 4442/4442
f 4414/4414 4443/4443 4444/4444
f 4414/4414 4444/4444 4416/4416
f 4443/4443 4445/4445 4446/4446
f 4443/4443 4446/4446 4444/4444
f 4419/4419 4447/4447 4448/4448
f 4419/4419 4448/4448 4422/4422
f 4447/4447 4449/4449 4450/4450
f 4447/4447 4450/4450 4448/4448
f 4423/4423 4451/4451 4419/4419
f 4451/4451 4447/4447 4419/4419
f 4424/4424 4452/4452 4423/4423
f 4452/4452 4451/4451 4423/4423
f 4425/4425 4453/4453 4424/4424
f 4453/4453 4452/4452 4424/4424
f 4425/4425 4428/4428 4454/4454
f 4425/4425 4454/4454 4455/4455
f 4453/4453 4425/4425 4455/4455
f 4453/4453 4455/4455 4456/4456
f 4432/4432 4457/4457 4458/4458
f 4432/4432 4458/4458 4433/4433
f 4434/4434 4459/4459 4432/4432
f 4432/4432 4459/4459 4460/4460
f 4432/4432 4460/4460 4461/4461
f 4432/4432 4461/4461 4457/4457
f 4435/4435 4462/4462 4434/4434
f 4462/4462 4459/4459 4434/4434
f 4436/4436 4463/4463 4435/4435
f 4463/4463 4462/4462 4435/4435
f 4437/4437 4464/4464 4436/4436
f 4464/4464 4463/4463 4436/4436
f 4438/4438 4465/4465 4437/4437
f 4465/4465 4464/4464 4437/4437
f 4466/4466 4438/4438 4442/4442
f 4466/4466 4442/4442 4467/4467
f 4466/4466 4467/4467 4468/4468
f 4466/4466 4465/4465 4438/4438
f 4469/4469 4466/4466 4468/4468
f 4443/4443 4470/4470 4471/4471
f 4443/4443 4471/4471 4445/4445
f 4470/4470 4472/4472 4473/4473
f 4470/4470 4473/4473 4474/4474
f 4470/4470 4474/4474 4471/4471
f 4447/4447 4475/4475 4476/4476
f 4447/4447 4476/4476 4477/4477
f 4447/4447 4477/4477 4449/4449
f 4476/4476 4475/4475 4478/4478
f 4476/4476 4478/4478 4479/4479
f 4451/4451 4480/4480 4447/4447
f 4480/4480 4475/4475 4447/4447
f 4452/4452 4481/4481 4451/4451
f 4481/4481 4480/4480 4451/4451
f 4453/4453 4482/4482 4452/4452
f 4482/4482 4481/4481 4452/4452
f 4483/4483 4453/4453 4456/4456
f 4483/4483 4456/4456 4484/4484
f 4483/4483 4484/4484 4485/4485
f 4483/4483 4482/4482 4453/4453
f 4486/4486 4483/4483 4485/4485
f 4459/4459 4487/4487 4488/4488
f 4459/4459 4488/4488 4460/4460
f 4462/4462 4489/4489 4459/4459
f 4459/4459 4489/4489 4490/4490
f 4459/4459 4490/4490 4487/4487
f 4463/4463 4491/4491 4462/4462
f 4491/4491 4489/4489 4462/4462
f 4464/4464 4492/4492 4463/4463
f 4492/4492 4491/4491 4463/4463
f 4465/4465 4493/4493 4464/4464
f 4493/4493 4492/4492 4464/4464
f 4466/4466 4494/4494 4465/4465
f 4494/4494 4493/4493 4465/4465
f 4495/4495 4466/4466 4469/4469
f 4495/4495 4469/4469 4496/4496
f 4495/4495 4496/4496 4497/4497
f 4495/4495 4494/4494 4466/4466
f 4495/4495 4497/4497 4498/4498
f 4495/4495 4498/4498 4499/4499
f 4500/4500 4501/4501 4502/4502
f 4502/4502 4501/4501 4503/4503
f 4470/4470 4504/4504 4505/4505
f 4470/4470 4505/4505 4472/4472
f 4504/4504 4501/4501 4500/4500
f 4504/4504 4500/4500 4505/4505
f 4478/4478 4475/4475 4506/4506
f 4480/4480 4507/4507 4475/4475
f 4475/4475 4507/4507 4508/4508
f 4475/4475 4508/4508 4506/4506
f 4481/4481 4509/4509 4480/4480
f 4509/4509 4507/4507 4480/4480
f 4482/4482 4510/4510 4481/4481
f 4510/4510 4509/4509 4481/4481
f 4483/4483 4511/4511 4482/4482
f 4511/4511 4510/4510 4482/4482
f 4483/4483 4486/4486 4512/4512
f 4483/4483 4512/4512 4513/4513
f 4511/4511 4483/4483 4513/4513
f 4511/4511 4513/4513 4514/4514
f 4489/4489 4515/4515 4516/4516
f 4489/4489 4516/4516 4490/4490
f 4491/4491 4517/4517 4489/4489
f 4489/4489 4517/4517 4518/4518
f 4489/4489 4518/4518 4519/4519
f 4489/4489 4519/4519 4515/4515
f 4492/4492 4520/4520 4491/4491
f 4520/4520 4517/4517 4491/4491
f 4493/4493 4521/4521 4492/4492
f 4521/4521 4520/4520 4492/4492
f 4494/4494 4522/4522 4493/4493
f 4522/4522 4521/4521 4493/4493
f 4495/4495 4523/4523 4494/4494
f 4523/4523 4522/4522 4494/4494
f 4524/4524 4495/4495 4499/4499
f 4524/4524 4499/4499 4525/4525
f 4524/4524 4523/4523 4495/4495
f 4526/4526 4524/4524 4525/4525
f 4501/4501 4527/4527 4528/4528
f 4501/4501 4528/4528 4529/4529
f 4501/4501 4529/4529 4503/4503
f 4528/4528 4527/4527 4530/4530
f 4504/4504 4531/4531 4501/4501
f 4531/4531 4527/4527 4501/4501
f 4507/4507 4532/4532 4533/4533
f 4507/4507 4533/4533 4508/4508
f 4533/4533 4532/4532 4534/4534
f 4509/4509 4535/4535 4507/4507
f 4535/4535 4532/4532 4507/4507
f 4510/4510 4536/4536 4509/4509
f 4536/4536 4535/4535 4509/4509
f 4511/4511 4537/4537 4510/4510
f 4537/4537 4536/4536 4510/4510
f 4538/4538 4511/4511 4514/4514
f 4537/4537 4511/4511 4538/4538
f 4537/4537 4538/4538 4539/4539
f 4537/4537 4539/4539 4540/4540
f 4518/4518 4517/4517 4541/4541
f 4520/4520 4542/4542 4517/4517
f 4517/4517 4542/4542 4543/4543
f 4517/4517 4543/4543 4544/4544
f 4517/4517 4544/4544 4541/4541
f 4521/4521 4545/4545 4520/4520
f 4545/4545 4542/4542 4520/4520
f 4522/4522 4546/4546 4521/4521
f 4546/4546 4545/4545 4521/4521
f 4523/4523 4547/4547 4522/4522
f 4547/4547 4546/4546 4522/4522
f 4524/4524 4548/4548 4523/4523
f 4548/4548 4547/4547 4523/4523
f 4549/4549 4524/4524 4526/4526
f 4549/4549 4526/4526 4550/4550
f 4549/4549 4550/4550 4551/4551
f 4549/4549 4548/4548 4524/4524
f 4552/4552 4549/4549 4551/4551
f 4553/4553 4554/4554 4555/4555
f 4554/4554 4556/4556 4557/4557
f 4554/4554 4557/4557 4555/4555
f 4558/4558 4559/4559 4560/4560
f 4558/4558 4560/4560 4561/4561
f 4559/4559 4554/4554 4553/4553
f 4559/4559 4553/4553 4560/4560
f 4562/4562 4563/4563 4564/4564
f 4563/4563 4559/4559 4558/4558
f 4563/4563 4558/4558 4565/4565
f 4563/4563 4565/4565 4564/4564
f 4566/4566 4567/4567 4568/4568
f 4567/4567 4563/4563 4562/4562
f 4567/4567 4562/4562 4569/4569
f 4567/4567 4569/4569 4568/4568
f 4570/4570 4571/4571 4572/4572
f 4570/4570 4572/4572 4573/4573
f 4571/4571 4567/4567 4566/4566
f 4571/4571 4566/4566 4574/4574
f 4571/4571 4574/4574 4572/4572
f 4575/4575 4571/4571 4570/4570
f 4576/4576 4577/4577 4578/4578
f 4576/4576 4578/4578 4579/4579
f 4577/4577 4576/4576 4580/4580
f 4527/4527 4581/4581 4582/4582
f 4527/4527 4582/4582 4530/4530
f 4581/4581 4576/4576 4579/4579
f 4581/4581 4579/4579 4582/4582
f 4531/4531 4583/4583 4527/4527
f 4583/4583 4581/4581 4527/4527
f 4532/4532 4584/4584 4585/4585
f 4532/4532 4585/4585 4586/4586
f 4532/4532 4586/4586 4534/4534
f 4585/4585 4584/4584 4587/4587
f 4535/4535 4588/4588 4532/4532
f 4588/4588 4584/4584 4532/4532
f 4536/4536 4589/4589 4535/4535
f 4589/4589 4588/4588 4535/4535
f 4537/4537 4590/4590 4536/4536
f 4590/4590 4589/4589 4536/4536
f 4591/4591 4537/4537 4540/4540
f 4591/4591 4540/4540 4592/4592
f 4591/4591 4590/4590 4537/4537
f 4591/4591 4592/4592 4593/4593
f 4591/4591 4593/4593 4594/4594
f 4542/4542 4595/4595 4596/4596
f 4542/4542 4596/4596 4543/4543
f 4545/4545 4597/4597 4542/4542
f 4542/4542 4597/4597 4598/4598
f 4542/4542 4598/4598 4599/4599
f 4542/4542 4599/4599 4595/4595
f 4546/4546 4600/4600 4545/4545
f 4600/4600 4597/4597 4545/4545
f 4547/4547 4601/4601 4546/4546
f 4601/4601 4600/4600 4546/4546
f 4548/4548 4602/4602 4547/4547
f 4602/4602 4601/4601 4547/4547
f 4549/4549 4603/4603 4548/4548
f 4603/4603 4602/4602 4548/4548
f 4604/4604 4549/4549 4552/4552
f 4604/4604 4552/4552 4605/4605
f 4604/4604 4605/4605 4606/4606
f 4604/4604 4603/4603 4549/4549
f 4604/4604 4606/4606 4607/4607
f 4604/4604 4607/4607 4608/4608
f 4609/4609 4610/4610 4611/4611
f 4611/4611 4610/4610 4612/4612
f 4613/4613 4614/4614 4615/4615
f 4613/4613 4615/4615 4616/4616
f 4614/4614 4610/4610 4609/4609
f 4614/4614 4609/4609 4615/4615
f 4617/4617 4618/4618 4619/4619
f 4617/4617 4619/4619 4620/4620
f 4618/4618 4614/4614 4613/4613
f 4618/4618 4613/4613 4619/4619
f 4554/4554 4621/4621 4622/4622
f 4554/4554 4622/4622 4556/4556
f 4621/4621 4618/4618 4617/4617
f 4621/4621 4617/4617 4622/4622
f 4559/4559 4623/4623 4554/4554
f 4623/4623 4621/4621 4554/4554
f 4563/4563 4624/4624 4559/4559
f 4624/4624 4623/4623 4559/4559
f 4567/4567 4625/4625 4563/4563
f 4625/4625 4624/4624 4563/4563
f 4571/4571 4626/4626 4567/4567
f 4626/4626 4625/4625 4567/4567
f 4627/4627 4571/4571 4575/4575
f 4627/4627 4575/4575 4628/4628
f 4628/4628 4629/4629 4630/4630
f 4628/4628 4630/4630 4627/4627
f 4626/4626 4571/4571 4627/4627
f 4626/4626 4627/4627 4631/4631
f 4632/4632 4633/4633 4634/4634
f 4634/4634 4633/4633 4635/4635
f 4576/4576 4636/4636 4637/4637
f 4576/4576 4637/4637 4638/4638
f 4576/4576 4638/4638 4580/4580
f 4636/4636 4633/4633 4632/4632
f 4636/4636 4632/4632 4639/4639
f 4636/4636 4639/4639 4637/4637
f 4581/4581 4640/4640 4576/4576
f 4640/4640 4636/4636 4576/4576
f 4583/4583 4641/4641 4581/4581
f 4641/4641 4640/4640 4581/4581
f 4587/4587 4584/4584 4642/4642
f 4587/4587 4642/4642 4643/4643
f 4587/4587 4643/4643 4644/4644
f 4588/4588 4645/4645 4584/4584
f 4584/4584 4645/4645 4646/4646
f 4584/4584 4646/4646 4642/4642
f 4589/4589 4647/4647 4588/4588
f 4647/4647 4645/4645 4588/4588
f 4590/4590 4648/4648 4589/4589
f 4648/4648 4647/4647 4589/4589
f 4591/4591 4649/4649 4590/4590
f 4649/4649 4648/4648 4590/4590
f 4650/4650 4591/4591 4594/4594
f 4649/4649 4591/4591 4650/4650
f 4649/4649 4650/4650 4651/4651
f 4598/4598 4597/4597 4652/4652
f 4600/4600 4653/4653 4597/4597
f 4597/4597 4653/4653 4654/4654
f 4597/4597 4654/4654 4655/4655
f 4597/4597 4655/4655 4652/4652
f 4601/4601 4656/4656 4600/4600
f 4656/4656 4653/4653 4600/4600
f 4602/4602 4657/4657 4601/4601
f 4657/4657 4656/4656 4601/4601
f 4603/4603 4658/4658 4602/4602
f 4658/4658 4657/4657 4602/4602
f 4604/4604 4659/4659 4603/4603
f 4659/4659 4658/4658 4603/4603
f 4660/4660 4604/4604 4608/4608
f 4660/4660 4608/4608 4661/4661
f 4660/4660 4661/4661 4662/4662
f 4660/4660 4659/4659 4604/4604
f 4663/4663 4660/4660 4662/4662
f 4664/4664 4665/4665 4666/4666
f 4664/4664 4666/4666 4667/4667
f 4666/4666 4665/4665 4668/4668
f 4666/4666 4668/4668 4669/4669
f 4670/4670 4671/4671 4672/4672
f 4670/4670 4672/4672 4673/4673
f 4671/4671 4665/4665 4664/4664
f 4671/4671 4664/4664 4672/4672
f 4610/4610 4674/4674 4675/4675
f 4610/4610 4675/4675 4676/4676
f 4610/4610 4676/4676 4612/4612
f 4674/4674 4671/4671 4670/4670
f 4674/4674 4670/4670 4675/4675
f 4614/4614 4677/4677 4610/4610
f 4677/4677 4674/4674 4610/4610
f 4618/4618 4678/4678 4614/4614
f 4678/4678 4677/4677 4614/4614
f 4621/4621 4679/4679 4618/4618
f 4679/4679 4678/4678 4618/4618
f 4623/4623 4680/4680 4621/4621
f 4680/4680 4679/4679 4621/4621
f 4624/4624 4681/4681 4623/4623
f 4681/4681 4680/4680 4623/4623
f 4625/4625 4682/4682 4624/4624
f 4682/4682 4681/4681 4624/4624
f 4625/4625 4626/4626 4683/4683
f 4625/4625 4683/4683 4684/4684
f 4682/4682 4625/4625 4684/4684
f 4682/4682 4684/4684 4685/4685
f 4682/4682 4685/4685 4686/4686
f 4687/4687 4626/4626 4631/4631
f 4683/4683 4626/4626 4687/4687
f 4688/4688 4689/4689 4690/4690
f 4691/4691 4692/4692 4693/4693
f 4693/4693 4692/4692 4694/4694
f 4695/4695 4696/4696 4697/4697
f 4695/4695 4697/4697 4698/4698
f 4695/4695 4698/4698 4635/4635
f 4695/4695 4635/4635 4633/4633
f 4695/4695 4692/4692 4691/4691
f 4695/4695 4691/4691 4699/4699
f 4695/4695 4699/4699 4696/4696
f 4636/4636 4700/4700 4633/4633
f 4700/4700 4695/4695 4633/4633
f 4640/4640 4701/4701 4636/4636
f 4701/4701 4700/4700 4636/4636
f 4641/4641 4702/4702 4640/4640
f 4702/4702 4701/4701 4640/4640
f 4645/4645 4703/4703 4704/4704
f 4645/4645 4704/4704 4646/4646
f 4704/4704 4703/4703 4705/4705
f 4647/4647 4706/4706 4645/4645
f 4706/4706 4703/4703 4645/4645
f 4648/4648 4707/4707 4647/4647
f 4707/4707 4706/4706 4647/4647
f 4649/4649 4708/4708 4648/4648
f 4708/4708 4707/4707 4648/4648
f 4709/4709 4649/4649 4651/4651
f 4709/4709 4651/4651 4710/4710
f 4709/4709 4710/4710 4711/4711
f 4709/4709 4708/4708 4649/4649
f 4712/4712 4709/4709 4711/4711
f 4653/4653 4713/4713 4714/4714
f 4653/4653 4714/4714 4654/4654
f 4656/4656 4715/4715 4653/4653
f 4653/4653 4715/4715 4716/4716
f 4653/4653 4716/4716 4713/4713
f 4657/4657 4717/4717 4656/4656
f 4717/4717 4715/4715 4656/4656
f 4658/4658 4718/4718 4657/4657
f 4718/4718 4717/4717 4657/4657
f 4659/4659 4719/4719 4658/4658
f 4719/4719 4718/4718 4658/4658
f 4660/4660 4720/4720 4659/4659
f 4720/4720 4719/4719 4659/4659
f 4721/4721 4660/4660 4663/4663
f 4721/4721 4663/4663 4722/4722
f 4721/4721 4722/4722 4723/4723
f 4721/4721 4723/4723 4724/4724
f 4721/4721 4720/4720 4660/4660
f 4725/4725 4726/4726 4727/4727
f 4726/4726 4721/4721 4724/4724
f 4726/4726 4724/4724 4728/4728
f 4726/4726 4728/4728 4727/4727
f 4729/4729 4726/4726 4725/4725
f 4730/4730 4731/4731 4732/4732
f 4731/4731 4733/4733 4734/4734
f 4731/4731 4734/4734 4732/4732
f 4665/4665 4735/4735 4736/4736
f 4665/4665 4736/4736 4668/4668
f 4735/4735 4731/4731 4730/4730
f 4735/4735 4730/4730 4736/4736
f 4671/4671 4737/4737 4665/4665
f 4737/4737 4735/4735 4665/4665
f 4674/4674 4738/4738 4671/4671
f 4738/4738 4737/4737 4671/4671
f 4677/4677 4739/4739 4674/4674
f 4739/4739 4738/4738 4674/4674
f 4678/4678 4740/4740 4677/4677
f 4740/4740 4739/4739 4677/4677
f 4679/4679 4741/4741 4678/4678
f 4741/4741 4740/4740 4678/4678
f 4680/4680 4742/4742 4679/4679
f 4742/4742 4741/4741 4679/4679
f 4681/4681 4743/4743 4680/4680
f 4743/4743 4742/4742 4680/4680
f 4682/4682 4744/4744 4681/4681
f 4744/4744 4743/4743 4681/4681
f 4745/4745 4682/4682 4686/4686
f 4744/4744 4682/4682 4745/4745
f 4744/4744 4745/4745 4746/4746
f 4744/4744 4746/4746 4747/4747
f 4748/4748 4749/4749 4750/4750
f 4750/4750 4749/4749 4751/4751
f 4752/4752 4690/4690 4689/4689
f 4752/4752 4689/4689 4753/4753
f 4752/4752 4753/4753 4754/4754
f 4752/4752 4754/4754 4755/4755
f 4755/4755 4749/4749 4748/4748
f 4755/4755 4748/4748 4756/4756
f 4755/4755 4756/4756 4752/4752
f 4757/4757 4758/4758 4759/4759
f 4757/4757 4759/4759 4760/4760
f 4757/4757 4755/4755 4754/4754
f 4757/4757 4754/4754 4758/4758
f 4761/4761 4762/4762 4763/4763
f 4762/4762 4757/4757 4760/4760
f 4762/4762 4760/4760 4764/4764
f 4762/4762 4764/4764 4765/4765
f 4762/4762 4765/4765 4763/4763
f 4766/4766 4762/4762 4761/4761
f 4767/4767 4768/4768 4769/4769
f 4769/4769 4768/4768 4770/4770
f 4771/4771 4772/4772 4773/4773
f 4772/4772 4768/4768 4767/4767
f 4772/4772 4767/4767 4774/4774
f 4772/4772 4774/4774 4773/4773
f 4775/4775 4776/4776 4777/4777
f 4776/4776 4772/4772 4771/4771
f 4776/4776 4771/4771 4778/4778
f 4776/4776 4778/4778 4777/4777
f 4692/4692 4779/4779 4780/4780
f 4692/4692 4780/4780 4694/4694
f 4779/4779 4776/4776 4775/4775
f 4779/4779 4775/4775 4780/4780
f 4695/4695 4781/4781 4692/4692
f 4781/4781 4779/4779 4692/4692
f 4700/4700 4782/4782 4695/4695
f 4782/4782 4781/4781 4695/4695
f 4701/4701 4783/4783 4700/4700
f 4783/4783 4782/4782 4700/4700
f 4702/4702 4784/4784 4701/4701
f 4784/4784 4783/4783 4701/4701
f 4703/4703 4785/4785 4786/4786
f 4703/4703 4786/4786 4705/4705
f 4706/4706 4787/4787 4703/4703
f 4703/4703 4787/4787 4788/4788
f 4703/4703 4788/4788 4785/4785
f 4707/4707 4789/4789 4706/4706
f 4789/4789 4787/4787 4706/4706
f 4708/4708 4790/4790 4707/4707
f 4790/4790 4789/4789 4707/4707
f 4709/4709 4791/4791 4708/4708
f 4791/4791 4790/4790 4708/4708
f 4792/4792 4709/4709 4712/4712
f 4792/4792 4712/4712 4793/4793
f 4792/4792 4793/4793 4794/4794
f 4791/4791 4709/4709 4792/4792
f 4791/4791 4792/4792 4795/4795
f 4716/4716 4715/4715 4796/4796
f 4717/4717 4797/4797 4715/4715
f 4715/4715 4797/4797 4798/4798
f 4715/4715 4798/4798 4799/4799
f 4715/4715 4799/4799 4796/4796
f 4718/4718 4800/4800 4717/4717
f 4800/4800 4797/4797 4717/4717
f 4719/4719 4801/4801 4718/4718
f 4801/4801 4800/4800 4718/4718
f 4720/4720 4802/4802 4719/4719
f 4802/4802 4801/4801 4719/4719
f 4721/4721 4803/4803 4720/4720
f 4803/4803 4802/4802 4720/4720
f 4726/4726 4804/4804 4721/4721
f 4804/4804 4803/4803 4721/4721
f 4805/4805 4726/4726 4729/4729
f 4805/4805 4729/4729 4806/4806
f 4805/4805 4806/4806 4807/4807
f 4805/4805 4804/4804 4726/4726
f 4808/4808 4809/4809 4810/4810
f 4809/4809 4805/4805 4807/4807
f 4809/4809 4807/4807 4811/4811
f 4809/4809 4811/4811 4810/4810
f 4812/4812 4809/4809 4808/4808
f 4813/4813 4814/4814 4815/4815
f 4813/4813 4815/4815 4816/4816
f 4815/4815 4814/4814 4817/4817
f 4731/4731 4818/4818 4819/4819
f 4731/4731 4819/4819 4733/4733
f 4818/4818 4814/4814 4813/4813
f 4818/4818 4813/4813 4819/4819
f 4735/4735 4820/4820 4731/4731
f 4820/4820 4818/4818 4731/4731
f 4737/4737 4821/4821 4735/4735
f 4821/4821 4820/4820 4735/4735
f 4738/4738 4822/4822 4737/4737
f 4822/4822 4821/4821 4737/4737
f 4739/4739 4823/4823 4738/4738
f 4823/4823 4822/4822 4738/4738
f 4740/4740 4824/4824 4739/4739
f 4824/4824 4823/4823 4739/4739
f 4741/4741 4825/4825 4740/4740
f 4825/4825 4824/4824 4740/4740
f 4742/4742 4826/4826 4741/4741
f 4826/4826 4825/4825 4741/4741
f 4743/4743 4827/4827 4742/4742
f 4827/4827 4826/4826 4742/4742
f 4744/4744 4828/4828 4743/4743
f 4828/4828 4827/4827 4743/4743
f 4829/4829 4744/4744 4747/4747
f 4828/4828 4744/4744 4829/4829
f 4828/4828 4829/4829 4830/4830
f 4828/4828 4830/4830 4831/4831
f 4749/4749 4832/4832 4833/4833
f 4749/4749 4833/4833 4834/4834
f 4749/4749 4834/4834 4751/4751
f 4833/4833 4832/4832 4835/4835
f 4755/4755 4836/4836 4749/4749
f 4836/4836 4832/4832 4749/4749
f 4757/4757 4837/4837 4755/4755
f 4837/4837 4836/4836 4755/4755
f 4762/4762 4838/4838 4757/4757
f 4838/4838 4837/4837 4757/4757
f 4839/4839 4762/4762 4766/4766
f 4839/4839 4766/4766 4840/4840
f 4839/4839 4840/4840 4841/4841
f 4839/4839 4841/4841 4842/4842
f 4839/4839 4838/4838 4762/4762
f 4843/4843 4844/4844 4845/4845
f 4843/4843 4845/4845 4846/4846
f 4843/4843 4839/4839 4842/4842
f 4843/4843 4842/4842 4844/4844
f 4847/4847 4848/4848 4849/4849
f 4847/4847 4849/4849 4850/4850
f 4847/4847 4850/4850 4851/4851
f 4847/4847 4843/4843 4846/4846
f 4847/4847 4846/4846 4848/4848
f 4768/4768 4852/4852 4853/4853
f 4768/4768 4853/4853 4770/4770
f 4852/4852 4847/4847 4851/4851
f 4852/4852 4851/4851 4853/4853
f 4772/4772 4854/4854 4768/4768
f 4854/4854 4852/4852 4768/4768
f 4776/4776 4855/4855 4772/4772
f 4855/4855 4854/4854 4772/4772
f 4779/4779 4856/4856 4776/4776
f 4856/4856 4855/4855 4776/4776
f 4781/4781 4857/4857 4779/4779
f 4857/4857 4856/4856 4779/4779
f 4782/4782 4858/4858 4781/4781
f 4858/4858 4857/4857 4781/4781
f 4783/4783 4859/4859 4782/4782
f 4859/4859 4858/4858 4782/4782
f 4784/4784 4860/4860 4783/4783
f 4860/4860 4859/4859 4783/4783
f 4787/4787 4861/4861 4862/4862
f 4787/4787 4862/4862 4863/4863
f 4787/4787 4863/4863 4788/4788
f 4861/4861 4864/4864 4865/4865
f 4861/4861 4865/4865 4862/4862
f 4789/4789 4866/4866 4787/4787
f 4866/4866 4861/4861 4787/4787
f 4790/4790 4867/4867 4789/4789
f 4867/4867 4866/4866 4789/4789
f 4791/4791 4868/4868 4790/4790
f 4868/4868 4867/4867 4790/4790
f 4869/4869 4791/4791 4795/4795
f 4869/4869 4795/4795 4870/4870
f 4869/4869 4870/4870 4871/4871
f 4869/4869 4868/4868 4791/4791
f 4872/4872 4869/4869 4871/4871
f 4797/4797 4873/4873 4874/4874
f 4797/4797 4874/4874 4798/4798
f 4800/4800 4875/4875 4797/4797
f 4797/4797 4875/4875 4876/4876
f 4797/4797 4876/4876 4873/4873
f 4801/4801 4877/4877 4800/4800
f 4877/4877 4875/4875 4800/4800
f 4802/4802 4878/4878 4801/4801
f 4878/4878 4877/4877 4801/4801
f 4803/4803 4879/4879 4802/4802
f 4879/4879 4878/4878 4802/4802
f 4804/4804 4880/4880 4803/4803
f 4880/4880 4879/4879 4803/4803
f 4805/4805 4881/4881 4804/4804
f 4881/4881 4880/4880 4804/4804
f 4809/4809 4882/4882 4805/4805
f 4882/4882 4881/4881 4805/4805
f 4883/4883 4809/4809 4812/4812
f 4883/4883 4812/4812 4884/4884
f 4883/4883 4882/4882 4809/4809
f 4885/4885 4886/4886 4887/4887
f 4886/4886 4883/4883 4884/4884
f 4886/4886 4884/4884 4888/4888
f 4886/4886 4888/4888 4887/4887
f 4889/4889 4886/4886 4885/4885
f 4890/4890 4891/4891 4892/4892
f 4890/4890 4892/4892 4893/4893
f 4892/4892 4891/4891 4894/4894
f 4814/4814 4895/4895 4896/4896
f 4814/4814 4896/4896 4817/4817
f 4895/4895 4891/4891 4890/4890
f 4895/4895 4890/4890 4896/4896
f 4818/4818 4897/4897 4814/4814
f 4897/4897 4895/4895 4814/4814
f 4820/4820 4898/4898 4818/4818
f 4898/4898 4897/4897 4818/4818
f 4821/4821 4899/4899 4820/4820
f 4899/4899 4898/4898 4820/4820
f 4822/4822 4900/4900 4821/4821
f 4900/4900 4899/4899 4821/4821
f 4823/4823 4901/4901 4822/4822
f 4901/4901 4900/4900 4822/4822
f 4824/4824 4902/4902 4823/4823
f 4902/4902 4901/4901 4823/4823
f 4824/4824 4825/4825 4903/4903
f 4824/4824 4903/4903 4904/4904
f 4824/4824 4904/4904 4905/4905
f 4824/4824 4905/4905 4906/4906
f 4824/4824 4906/4906 4907/4907
f 4824/4824 4907/4907 4908/4908
f 4824/4824 4908/4908 4902/4902
f 4825/4825 4826/4826 4909/4909
f 4825/4825 4909/4909 4910/4910
f 4825/4825 4910/4910 4911/4911
f 4903/4903 4825/4825 4911/4911
f 4826/4826 4827/4827 4912/4912
f 4826/4826 4912/4912 4913/4913
f 4826/4826 4913/4913 4914/4914
f 4826/4826 4914/4914 4915/4915
f 4826/4826 4915/4915 4909/4909
f 4827/4827 4828/4828 4916/4916
f 4827/4827 4916/4916 4917/4917
f 4827/4827 4917/4917 4918/4918
f 4912/4912 4827/4827 4918/4918
f 4919/4919 4828/4828 4831/4831
f 4919/4919 4831/4831 4920/4920
f 4919/4919 4920/4920 4921/4921
f 4919/4919 4921/4921 4922/4922
f 4828/4828 4919/4919 4923/4923
f 4828/4828 4923/4923 4924/4924
f 4828/4828 4924/4924 4925/4925
f 4828/4828 4925/4925 4916/4916
f 4926/4926 4927/4927 4928/4928
f 4926/4926 4928/4928 4922/4922
f 4926/4926 4922/4922 4921/4921
f 4929/4929 4930/4930 4931/4931
f 4930/4930 4932/4932 4933/4933
f 4930/4930 4933/4933 4931/4931
f 4934/4934 4935/4935 4936/4936
f 4935/4935 4930/4930 4929/4929
f 4935/4935 4929/4929 4937/4937
f 4935/4935 4937/4937 4936/4936
f 4832/4832 4938/4938 4939/4939
f 4832/4832 4939/4939 4940/4940
f 4832/4832 4940/4940 4835/4835
f 4938/4938 4935/4935 4934/4934
f 4938/4938 4934/4934 4939/4939
f 4836/4836 4941/4941 4832/4832
f 4941/4941 4938/4938 4832/4832
f 4837/4837 4942/4942 4836/4836
f 4942/4942 4941/4941 4836/4836
f 4838/4838 4943/4943 4837/4837
f 4943/4943 4942/4942 4837/4837
f 4839/4839 4944/4944 4838/4838
f 4944/4944 4943/4943 4838/4838
f 4843/4843 4945/4945 4839/4839
f 4945/4945 4944/4944 4839/4839
f 4847/4847 4946/4946 4843/4843
f 4946/4946 4945/4945 4843/4843
f 4852/4852 4947/4947 4847/4847
f 4947/4947 4946/4946 4847/4847
f 4854/4854 4948/4948 4852/4852
f 4948/4948 4947/4947 4852/4852
f 4855/4855 4949/4949 4854/4854
f 4949/4949 4948/4948 4854/4854
f 4856/4856 4950/4950 4855/4855
f 4950/4950 4949/4949 4855/4855
f 4857/4857 4951/4951 4856/4856
f 4951/4951 4950/4950 4856/4856
f 4858/4858 4952/4952 4857/4857
f 4952/4952 4951/4951 4857/4857
f 4859/4859 4953/4953 4858/4858
f 4953/4953 4952/4952 4858/4858
f 4860/4860 4954/4954 4859/4859
f 4954/4954 4953/4953 4859/4859
f 4864/4864 4861/4861 4955/4955
f 4866/4866 4956/4956 4861/4861
f 4861/4861 4956/4956 4957/4957
f 4861/4861 4957/4957 4955/4955
f 4867/4867 4958/4958 4866/4866
f 4958/4958 4956/4956 4866/4866
f 4868/4868 4959/4959 4867/4867
f 4959/4959 4958/4958 4867/4867
f 4869/4869 4960/4960 4868/4868
f 4960/4960 4959/4959 4868/4868
f 4961/4961 4869/4869 4872/4872
f 4960/4960 4869/4869 4961/4961
f 4960/4960 4961/4961 4962/4962
f 4960/4960 4962/4962 4963/4963
f 4960/4960 4963/4963 4964/4964
f 4876/4876 4875/4875 4965/4965
f 4877/4877 4966/4966 4875/4875
f 4875/4875 4966/4966 4967/4967
f 4875/4875 4967/4967 4968/4968
f 4875/4875 4968/4968 4965/4965
f 4878/4878 4969/4969 4877/4877
f 4969/4969 4966/4966 4877/4877
f 4879/4879 4970/4970 4878/4878
f 4970/4970 4969/4969 4878/4878
f 4880/4880 4971/4971 4879/4879
f 4971/4971 4970/4970 4879/4879
f 4881/4881 4972/4972 4880/4880
f 4972/4972 4971/4971 4880/4880
f 4882/4882 4973/4973 4881/4881
f 4973/4973 4972/4972 4881/4881
f 4883/4883 4974/4974 4882/4882
f 4974/4974 4973/4973 4882/4882
f 4886/4886 4975/4975 4883/4883
f 4975/4975 4974/4974 4883/4883
f 4976/4976 4886/4886 4889/4889
f 4976/4976 4889/4889 4977/4977
f 4976/4976 4975/4975 4886/4886
f 4978/4978 4979/4979 4980/4980
f 4978/4978 4980/4980 4981/4981
f 4978/4978 4981/4981 4894/4894
f 4978/4978 4894/4894 4891/4891
f 4978/4978 4976/4976 4977/4977
f 4978/4978 4977/4977 4982/4982
f 4978/4978 4982/4982 4979/4979
f 4895/4895 4983/4983 4891/4891
f 4983/4983 4978/4978 4891/4891
f 4897/4897 4984/4984 4895/4895
f 4984/4984 4983/4983 4895/4895
f 4898/4898 4985/4985 4897/4897
f 4985/4985 4984/4984 4897/4897
f 4899/4899 4986/4986 4898/4898
f 4986/4986 4985/4985 4898/4898
f 4900/4900 4987/4987 4899/4899
f 4987/4987 4986/4986 4899/4899
f 4900/4900 4901/4901 4988/4988
f 4900/4900 4988/4988 4989/4989
f 4900/4900 4989/4989 4990/4990
f 4987/4987 4900/4900 4990/4990
f 4987/4987 4990/4990 4991/4991
f 4987/4987 4991/4991 4992/4992
f 4901/4901 4902/4902 4993/4993
f 4901/4901 4993/4993 4994/4994
f 4901/4901 4994/4994 4995/4995
f 4988/4988 4901/4901 4995/4995
f 4996/4996 4902/4902 4908/4908
f 4993/4993 4902/4902 4996/4996
f 4997/4997 4928/4928 4927/4927
f 4997/4997 4927/4927 4998/4998
f 4997/4997 4998/4998 4999/4999
f 4997/4997 4999/4999 5000/5000
f 5001/5001 5002/5002 5003/5003
f 5001/5001 5003/5003 4932/4932
f 5001/5001 4932/4932 4930/4930
f 5002/5002 5001/5001 5004/5004
f 5002/5002 5004/5004 5005/5005
f 5002/5002 5005/5005 5006/5006
f 5002/5002 5006/5006 4999/4999
f 5002/5002 4999/4999 4998/4998
f 4935/4935 5007/5007 4930/4930
f 5007/5007 5001/5001 4930/4930
f 4938/4938 5008/5008 4935/4935
f 5008/5008 5007/5007 4935/4935
f 4941/4941 5009/5009 4938/4938
f 5009/5009 5008/5008 4938/4938
f 4942/4942 5010/5010 4941/4941
f 5010/5010 5009/5009 4941/4941
f 4943/4943 5011/5011 4942/4942
f 5011/5011 5010/5010 4942/4942
f 4944/4944 5012/5012 4943/4943
f 5012/5012 5011/5011 4943/4943
f 4945/4945 5013/5013 4944/4944
f 5013/5013 5012/5012 4944/4944
f 4946/4946 5014/5014 4945/4945
f 5014/5014 5013/5013 4945/4945
f 4947/4947 5015/5015 4946/4946
f 5015/5015 5014/5014 4946/4946
f 4948/4948 5016/5016 4947/4947
f 5016/5016 5015/5015 4947/4947
f 4949/4949 5017/5017 4948/4948
f 5017/5017 5016/5016 4948/4948
f 4950/4950 5018/5018 4949/4949
f 5018/5018 5017/5017 4949/4949
f 4951/4951 5019/5019 4950/4950
f 5019/5019 5018/5018 4950/4950
f 4952/4952 5020/5020 4951/4951
f 5020/5020 5019/5019 4951/4951
f 4953/4953 5021/5021 4952/4952
f 5021/5021 5020/5020 4952/4952
f 4954/4954 5022/5022 4953/4953
f 5022/5022 5021/5021 4953/4953
f 4956/4956 5023/5023 5024/5024
f 4956/4956 5024/5024 4957/4957
f 5023/5023 5025/5025 5026/5026
f 5023/5023 5026/5026 5024/5024
f 4958/4958 5027/5027 4956/4956
f 5027/5027 5023/5023 4956/4956
f 4959/4959 5028/5028 4958/4958
f 5028/5028 5027/5027 4958/4958
f 4960/4960 5029/5029 4959/4959
f 5029/5029 5028/5028 4959/4959
f 5030/5030 4960/4960 4964/4964
f 5029/5029 4960/4960 5030/5030
f 5029/5029 5030/5030 5031/5031
f 4967/4967 4966/4966 5032/5032
f 4967/4967 5032/5032 5033/5033
f 4966/4966 4969/4969 5034/5034
f 4966/4966 5034/5034 5035/5035
f 4966/4966 5035/5035 5036/5036
f 5032/5032 4966/4966 5036/5036
f 4970/4970 5037/5037 4969/4969
f 4969/4969 5037/5037 5038/5038
f 4969/4969 5038/5038 5034/5034
f 4971/4971 5039/5039 4970/4970
f 5039/5039 5037/5037 4970/4970
f 4972/4972 5040/5040 4971/4971
f 5040/5040 5039/5039 4971/4971
f 4973/4973 5041/5041 4972/4972
f 5041/5041 5040/5040 4972/4972
f 4974/4974 5042/5042 4973/4973
f 5042/5042 5041/5041 4973/4973
f 4975/4975 5043/5043 4974/4974
f 5043/5043 5042/5042 4974/4974
f 4976/4976 5044/5044 4975/4975
f 5044/5044 5043/5043 4975/4975
f 4978/4978 5045/5045 4976/4976
f 5045/5045 5044/5044 4976/4976
f 4983/4983 5046/5046 4978/4978
f 5046/5046 5045/5045 4978/4978
f 4984/4984 5047/5047 4983/4983
f 5047/5047 5046/5046 4983/4983
f 4985/4985 5048/5048 4984/4984
f 5048/5048 5047/5047 4984/4984
f 4986/4986 5049/5049 4985/4985
f 5049/5049 5048/5048 4985/4985
f 4986/4986 4987/4987 5050/5050
f 4986/4986 5050/5050 5051/5051
f 4986/4986 5051/5051 5052/5052
f 4986/4986 5052/5052 5053/5053
f 4986/4986 5053/5053 5054/5054
f 4986/4986 5054/5054 5055/5055
f 4986/4986 5055/5055 5049/5049
f 5056/5056 4987/4987 4992/4992
f 5050/5050 4987/4987 5056/5056
f 5004/5004 5001/5001 5057/5057
f 5001/5001 5007/5007 5058/5058
f 5001/5001 5058/5058 5059/5059
f 5001/5001 5059/5059 5060/5060
f 5057/5057 5001/5001 5060/5060
f 5008/5008 5061/5061 5007/5007
f 5007/5007 5061/5061 5062/5062
f 5007/5007 5062/5062 5063/5063
f 5007/5007 5063/5063 5058/5058
f 5009/5009 5064/5064 5008/5008
f 5064/5064 5061/5061 5008/5008
f 5010/5010 5065/5065 5009/5009
f 5065/5065 5064/5064 5009/5009
f 5011/5011 5066/5066 5010/5010
f 5066/5066 5065/5065 5010/5010
f 5012/5012 5067/5067 5011/5011
f 5067/5067 5066/5066 5011/5011
f 5013/5013 5068/5068 5012/5012
f 5068/5068 5067/5067 5012/5012
f 5014/5014 5069/5069 5013/5013
f 5069/5069 5068/5068 5013/5013
f 5015/5015 5070/5070 5014/5014
f 5070/5070 5069/5069 5014/5014
f 5016/5016 5071/5071 5015/5015
f 5071/5071 5070/5070 5015/5015
f 5017/5017 5072/5072 5016/5016
f 5072/5072 5071/5071 5016/5016
f 5017/5017 5018/5018 5073/5073
f 5017/5017 5073/5073 5074/5074
f 5072/5072 5017/5017 5074/5074
f 5072/5072 5074/5074 5075/5075
f 5018/5018 5019/5019 5076/5076
f 5018/5018 5076/5076 5077/5077
f 5018/5018 5077/5077 5078/5078
f 5073/5073 5018/5018 5078/5078
f 5073/5073 5078/5078 5079/5079
f 5020/5020 5080/5080 5081/5081
f 5020/5020 5081/5081 5082/5082
f 5082/5082 5083/5083 5019/5019
f 5082/5082 5019/5019 5020/5020
f 5076/5076 5019/5019 5083/5083
f 5021/5021 5084/5084 5020/5020
f 5020/5020 5084/5084 5085/5085
f 5020/5020 5085/5085 5086/5086
f 5020/5020 5086/5086 5080/5080
f 5022/5022 5087/5087 5021/5021
f 5087/5087 5084/5084 5021/5021
f 5023/5023 5088/5088 5089/5089
f 5023/5023 5089/5089 5090/5090
f 5023/5023 5090/5090 5025/5025
f 5088/5088 5091/5091 5092/5092
f 5088/5088 5092/5092 5089/5089
f 5027/5027 5093/5093 5023/5023
f 5093/5093 5088/5088 5023/5023
f 5028/5028 5094/5094 5027/5027
f 5094/5094 5093/5093 5027/5027
f 5029/5029 5095/5095 5028/5028
f 5095/5095 5094/5094 5028/5028
f 5096/5096 5029/5029 5031/5031
f 5096/5096 5031/5031 5097/5097
f 5096/5096 5097/5097 5098/5098
f 5096/5096 5095/5095 5029/5029
f 5099/5099 5096/5096 5098/5098
f 5037/5037 5100/5100 5101/5101
f 5037/5037 5101/5101 5038/5038
f 5037/5037 5039/5039 5102/5102
f 5037/5037 5102/5102 5103/5103
f 5037/5037 5103/5103 5104/5104
f 5100/5100 5037/5037 5104/5104
f 5039/5039 5040/5040 5105/5105
f 5039/5039 5105/5105 5106/5106
f 5039/5039 5106/5106 5107/5107
f 5039/5039 5107/5107 5102/5102
f 5041/5041 5108/5108 5040/5040
f 5040/5040 5108/5108 5109/5109
f 5040/5040 5109/5109 5105/5105
f 5042/5042 5110/5110 5041/5041
f 5110/5110 5108/5108 5041/5041
f 5043/5043 5111/5111 5042/5042
f 5111/5111 5110/5110 5042/5042
f 5044/5044 5112/5112 5043/5043
f 5112/5112 5111/5111 5043/5043
f 5045/5045 5113/5113 5044/5044
f 5113/5113 5112/5112 5044/5044
f 5046/5046 5114/5114 5045/5045
f 5114/5114 5113/5113 5045/5045
f 5047/5047 5115/5115 5046/5046
f 5115/5115 5114/5114 5046/5046
f 5048/5048 5116/5116 5047/5047
f 5116/5116 5115/5115 5047/5047
f 5048/5048 5049/5049 5117/5117
f 5048/5048 5117/5117 5118/5118
f 5048/5048 5118/5118 5119/5119
f 5116/5116 5048/5048 5119/5119
f 5116/5116 5119/5119 5120/5120
f 5121/5121 5049/5049 5055/5055
f 5117/5117 5049/5049 5121/5121
f 5062/5062 5061/5061 5122/5122
f 5062/5062 5122/5122 5123/5123
f 5061/5061 5064/5064 5124/5124
f 5061/5061 5124/5124 5125/5125
f 5061/5061 5125/5125 5126/5126
f 5122/5122 5061/5061 5126/5126
f 5064/5064 5065/5065 5127/5127
f 5064/5064 5127/5127 5128/5128
f 5064/5064 5128/5128 5129/5129
f 5064/5064 5129/5129 5124/5124
f 5065/5065 5066/5066 5130/5130
f 5065/5065 5130/5130 5131/5131
f 5127/5127 5065/5065 5131/5131
f 5131/5131 5132/5132 5133/5133
f 5131/5131 5133/5133 5127/5127
f 5066/5066 5067/5067 5134/5134
f 5066/5066 5134/5134 5135/5135
f 5130/5130 5066/5066 5135/5135
f 5130/5130 5135/5135 5136/5136
f 5067/5067 5068/5068 5137/5137
f 5067/5067 5137/5137 5138/5138
f 5134/5134 5067/5067 5138/5138
f 5068/5068 5069/5069 5139/5139
f 5068/5068 5139/5139 5140/5140
f 5137/5137 5068/5068 5140/5140
f 5137/5137 5140/5140 5141/5141
f 5069/5069 5070/5070 5142/5142
f 5069/5069 5142/5142 5143/5143
f 5069/5069 5143/5143 5144/5144
f 5139/5139 5069/5069 5144/5144
f 5139/5139 5144/5144 5145/5145
f 5070/5070 5071/5071 5146/5146
f 5070/5070 5146/5146 5147/5147
f 5070/5070 5147/5147 5148/5148
f 5142/5142 5070/5070 5148/5148
f 5071/5071 5072/5072 5149/5149
f 5071/5071 5149/5149 5150/5150
f 5071/5071 5150/5150 5151/5151
f 5146/5146 5071/5071 5151/5151
f 5152/5152 5072/5072 5075/5075
f 5152/5152 5075/5075 5153/5153
f 5149/5149 5072/5072 5152/5152
f 5085/5085 5084/5084 5154/5154
f 5084/5084 5087/5087 5155/5155
f 5084/5084 5155/5155 5156/5156
f 5084/5084 5156/5156 5157/5157
f 5084/5084 5157/5157 5158/5158
f 5084/5084 5158/5158 5154/5154
f 5091/5091 5088/5088 5159/5159
f 5093/5093 5160/5160 5088/5088
f 5088/5088 5160/5160 5161/5161
f 5088/5088 5161/5161 5159/5159
f 5094/5094 5162/5162 5093/5093
f 5162/5162 5160/5160 5093/5093
f 5095/5095 5163/5163 5094/5094
f 5163/5163 5162/5162 5094/5094
f 5096/5096 5164/5164 5095/5095
f 5164/5164 5163/5163 5095/5095
f 5096/5096 5099/5099 5165/5165
f 5096/5096 5165/5165 5166/5166
f 5164/5164 5096/5096 5166/5166
f 5164/5164 5166/5166 5167/5167
f 5164/5164 5167/5167 5168/5168
f 5108/5108 5169/5169 5170/5170
f 5108/5108 5170/5170 5109/5109
f 5108/5108 5110/5110 5171/5171
f 5108/5108 5171/5171 5172/5172
f 5108/5108 5172/5172 5173/5173
f 5108/5108 5173/5173 5169/5169
f 5111/5111 5174/5174 5110/5110
f 5110/5110 5174/5174 5175/5175
f 5110/5110 5175/5175 5176/5176
f 5110/5110 5176/5176 5171/5171
f 5112/5112 5177/5177 5111/5111
f 5177/5177 5174/5174 5111/5111
f 5113/5113 5178/5178 5112/5112
f 5178/5178 5177/5177 5112/5112
f 5114/5114 5179/5179 5113/5113
f 5179/5179 5178/5178 5113/5113
f 5115/5115 5180/5180 5114/5114
f 5180/5180 5179/5179 5114/5114
f 5116/5116 5181/5181 5115/5115
f 5181/5181 5180/5180 5115/5115
f 5116/5116 5120/5120 5182/5182
f 5116/5116 5182/5182 5183/5183
f 5116/5116 5183/5183 5184/5184
f 5181/5181 5116/5116 5184/5184
f 5181/5181 5184/5184 5185/5185
f 5181/5181 5185/5185 5186/5186
f 5187/5187 5188/5188 5189/5189
f 5187/5187 5189/5189 5190/5190
f 5189/5189 5188/5188 5191/5191
f 5189/5189 5191/5191 5192/5192
f 5160/5160 5193/5193 5194/5194
f 5160/5160 5194/5194 5161/5161
f 5193/5193 5188/5188 5187/5187
f 5193/5193 5187/5187 5195/5195
f 5193/5193 5195/5195 5194/5194
f 5162/5162 5196/5196 5160/5160
f 5196/5196 5193/5193 5160/5160
f 5163/5163 5197/5197 5162/5162
f 5197/5197 5196/5196 5162/5162
f 5164/5164 5198/5198 5163/5163
f 5198/5198 5197/5197 5163/5163
f 5199/5199 5164/5164 5168/5168
f 5198/5198 5164/5164 5199/5199
f 5198/5198 5199/5199 5200/5200
f 5198/5198 5200/5200 5201/5201
f 5175/5175 5174/5174 5202/5202
f 5174/5174 5177/5177 5203/5203
f 5174/5174 5203/5203 5204/5204
f 5174/5174 5204/5204 5205/5205
f 5202/5202 5174/5174 5205/5205
f 5202/5202 5205/5205 5206/5206
f 5178/5178 5207/5207 5177/5177
f 5177/5177 5207/5207 5208/5208
f 5208/5208 5209/5209 5210/5210
f 5210/5210 5203/5203 5177/5177
f 5210/5210 5177/5177 5208/5208
f 5179/5179 5211/5211 5178/5178
f 5211/5211 5207/5207 5178/5178
f 5180/5180 5212/5212 5179/5179
f 5212/5212 5211/5211 5179/5179
f 5181/5181 5213/5213 5180/5180
f 5213/5213 5212/5212 5180/5180
f 5214/5214 5181/5181 5186/5186
f 5214/5214 5186/5186 5215/5215
f 5214/5214 5215/5215 5216/5216
f 5214/5214 5213/5213 5181/5181
f 5214/5214 5216/5216 5217/5217
f 5214/5214 5217/5217 5218/5218
f 5219/5219 5220/5220 5221/5221
f 5220/5220 5222/5222 5223/5223
f 5220/5220 5223/5223 5221/5221
f 5188/5188 5224/5224 5225/5225
f 5188/5188 5225/5225 5191/5191
f 5224/5224 5220/5220 5219/5219
f 5224/5224 5219/5219 5225/5225
f 5193/5193 5226/5226 5188/5188
f 5226/5226 5224/5224 5188/5188
f 5196/5196 5227/5227 5193/5193
f 5227/5227 5226/5226 5193/5193
f 5197/5197 5228/5228 5196/5196
f 5228/5228 5227/5227 5196/5196
f 5198/5198 5229/5229 5197/5197
f 5229/5229 5228/5228 5197/5197
f 5230/5230 5198/5198 5201/5201
f 5230/5230 5201/5201 5231/5231
f 5230/5230 5231/5231 5232/5232
f 5230/5230 5229/5229 5198/5198
f 5230/5230 5232/5232 5233/5233
f 5230/5230 5233/5233 5234/5234
f 5207/5207 5235/5235 5236/5236
f 5207/5207 5236/5236 5208/5208
f 5236/5236 5235/5235 5237/5237
f 5211/5211 5238/5238 5207/5207
f 5238/5238 5235/5235 5207/5207
f 5212/5212 5239/5239 5211/5211
f 5239/5239 5238/5238 5211/5211
f 5213/5213 5240/5240 5212/5212
f 5240/5240 5239/5239 5212/5212
f 5214/5214 5241/5241 5213/5213
f 5241/5241 5240/5240 5213/5213
f 5242/5242 5214/5214 5218/5218
f 5241/5241 5214/5214 5242/5242
f 5241/5241 5242/5242 5243/5243
f 5241/5241 5243/5243 5244/5244
f 5241/5241 5244/5244 5245/5245
f 5246/5246 5247/5247 5248/5248
f 5248/5248 5247/5247 5249/5249
f 5220/5220 5250/5250 5251/5251
f 5220/5220 5251/5251 5222/5222
f 5250/5250 5247/5247 5246/5246
f 5250/5250 5246/5246 5252/5252
f 5250/5250 5252/5252 5251/5251
f 5224/5224 5253/5253 5220/5220
f 5253/5253 5250/5250 5220/5220
f 5226/5226 5254/5254 5224/5224
f 5254/5254 5253/5253 5224/5224
f 5227/5227 5255/5255 5226/5226
f 5255/5255 5254/5254 5226/5226
f 5228/5228 5256/5256 5227/5227
f 5256/5256 5255/5255 5227/5227
f 5229/5229 5257/5257 5228/5228
f 5257/5257 5256/5256 5228/5228
f 5230/5230 5258/5258 5229/5229
f 5258/5258 5257/5257 5229/5229
f 5259/5259 5230/5230 5234/5234
f 5258/5258 5230/5230 5259/5259
f 5258/5258 5259/5259 5260/5260
f 5235/5235 5261/5261 5262/5262
f 5235/5235 5262/5262 5263/5263
f 5235/5235 5263/5263 5237/5237
f 5261/5261 5264/5264 5265/5265
f 5261/5261 5265/5265 5262/5262
f 5238/5238 5266/5266 5235/5235
f 5266/5266 5261/5261 5235/5235
f 5239/5239 5267/5267 5238/5238
f 5267/5267 5266/5266 5238/5238
f 5240/5240 5268/5268 5239/5239
f 5268/5268 5267/5267 5239/5239
f 5241/5241 5269/5269 5240/5240
f 5269/5269 5268/5268 5240/5240
f 5270/5270 5241/5241 5245/5245
f 5269/5269 5241/5241 5270/5270
f 5269/5269 5270/5270 5271/5271
f 5269/5269 5271/5271 5272/5272
f 5247/5247 5273/5273 5274/5274
f 5247/5247 5274/5274 5275/5275
f 5247/5247 5275/5275 5249/5249
f 5274/5274 5273/5273 5276/5276
f 5250/5250 5277/5277 5247/5247
f 5277/5277 5273/5273 5247/5247
f 5253/5253 5278/5278 5250/5250
f 5278/5278 5277/5277 5250/5250
f 5254/5254 5279/5279 5253/5253
f 5279/5279 5278/5278 5253/5253
f 5255/5255 5280/5280 5254/5254
f 5280/5280 5279/5279 5254/5254
f 5256/5256 5281/5281 5255/5255
f 5281/5281 5280/5280 5255/5255
f 5257/5257 5282/5282 5256/5256
f 5282/5282 5281/5281 5256/5256
f 5258/5258 5283/5283 5257/5257
f 5283/5283 5282/5282 5257/5257
f 5284/5284 5258/5258 5260/5260
f 5284/5284 5260/5260 5285/5285
f 5284/5284 5285/5285 5286/5286
f 5284/5284 5283/5283 5258/5258
f 5287/5287 5284/5284 5286/5286
f 5261/5261 5288/5288 5289/5289
f 5261/5261 5289/5289 5290/5290
f 5261/5261 5290/5290 5264/5264
f 5289/5289 5288/5288 5291/5291
f 5266/5266 5292/5292 5261/5261
f 5292/5292 5288/5288 5261/5261
f 5267/5267 5293/5293 5266/5266
f 5293/5293 5292/5292 5266/5266
f 5268/5268 5294/5294 5267/5267
f 5294/5294 5293/5293 5267/5267
f 5269/5269 5295/5295 5268/5268
f 5295/5295 5294/5294 5268/5268
f 5269/5269 5272/5272 5296/5296
f 5269/5269 5296/5296 5297/5297
f 5295/5295 5269/5269 5297/5297
f 5295/5295 5297/5297 5298/5298
f 5273/5273 5299/5299 5300/5300
f 5273/5273 5300/5300 5301/5301
f 5273/5273 5301/5301 5276/5276
f 5300/5300 5299/5299 5302/5302
f 5277/5277 5303/5303 5273/5273
f 5303/5303 5299/5299 5273/5273
f 5278/5278 5304/5304 5277/5277
f 5304/5304 5303/5303 5277/5277
f 5279/5279 5305/5305 5278/5278
f 5305/5305 5304/5304 5278/5278
f 5280/5280 5306/5306 5307/5307
f 5280/5280 5307/5307 5308/5308
f 5308/5308 5309/5309 5279/5279
f 5308/5308 5279/5279 5280/5280
f 5305/5305 5279/5279 5309/5309
f 5305/5305 5309/5309 5310/5310
f 5281/5281 5311/5311 5280/5280
f 5280/5280 5311/5311 5312/5312
f 5280/5280 5312/5312 5306/5306
f 5282/5282 5313/5313 5281/5281
f 5313/5313 5311/5311 5281/5281
f 5283/5283 5314/5314 5282/5282
f 5314/5314 5313/5313 5282/5282
f 5284/5284 5315/5315 5283/5283
f 5315/5315 5314/5314 5283/5283
f 5316/5316 5284/5284 5287/5287
f 5316/5316 5287/5287 5317/5317
f 5316/5316 5317/5317 5318/5318
f 5315/5315 5284/5284 5316/5316
f 5315/5315 5316/5316 5319/5319
f 5291/5291 5288/5288 5320/5320
f 5292/5292 5321/5321 5288/5288
f 5288/5288 5321/5321 5322/5322
f 5288/5288 5322/5322 5323/5323
f 5288/5288 5323/5323 5320/5320
f 5293/5293 5324/5324 5292/5292
f 5324/5324 5321/5321 5292/5292
f 5294/5294 5325/5325 5293/5293
f 5325/5325 5324/5324 5293/5293
f 5295/5295 5326/5326 5294/5294
f 5326/5326 5325/5325 5294/5294
f 5327/5327 5295/5295 5298/5298
f 5327/5327 5298/5298 5328/5328
f 5327/5327 5328/5328 5329/5329
f 5327/5327 5326/5326 5295/5295
f 5330/5330 5327/5327 5329/5329
f 5299/5299 5331/5331 5332/5332
f 5299/5299 5332/5332 5333/5333
f 5299/5299 5333/5333 5302/5302
f 5332/5332 5331/5331 5334/5334
f 5332/5332 5334/5334 5335/5335
f 5303/5303 5336/5336 5299/5299
f 5336/5336 5331/5331 5299/5299
f 5304/5304 5337/5337 5303/5303
f 5337/5337 5336/5336 5303/5303
f 5305/5305 5338/5338 5304/5304
f 5338/5338 5337/5337 5304/5304
f 5305/5305 5310/5310 5339/5339
f 5305/5305 5339/5339 5340/5340
f 5338/5338 5305/5305 5340/5340
f 5338/5338 5340/5340 5341/5341
f 5311/5311 5342/5342 5343/5343
f 5311/5311 5343/5343 5312/5312
f 5343/5343 5342/5342 5344/5344
f 5313/5313 5345/5345 5311/5311
f 5345/5345 5342/5342 5311/5311
f 5314/5314 5346/5346 5313/5313
f 5346/5346 5345/5345 5313/5313
f 5314/5314 5315/5315 5347/5347
f 5314/5314 5347/5347 5348/5348
f 5314/5314 5348/5348 5349/5349
f 5314/5314 5349/5349 5350/5350
f 5314/5314 5350/5350 5346/5346
f 5351/5351 5315/5315 5319/5319
f 5351/5351 5319/5319 5352/5352
f 5315/5315 5351/5351 5353/5353
f 5315/5315 5353/5353 5347/5347
f 5354/5354 5351/5351 5352/5352
f 5321/5321 5355/5355 5356/5356
f 5321/5321 5356/5356 5322/5322
f 5356/5356 5355/5355 5357/5357
f 5324/5324 5358/5358 5321/5321
f 5358/5358 5355/5355 5321/5321
f 5325/5325 5359/5359 5324/5324
f 5359/5359 5358/5358 5324/5324
f 5326/5326 5360/5360 5325/5325
f 5360/5360 5359/5359 5325/5325
f 5327/5327 5361/5361 5326/5326
f 5361/5361 5360/5360 5326/5326
f 5362/5362 5327/5327 5330/5330
f 5361/5361 5327/5327 5362/5362
f 5361/5361 5362/5362 5363/5363
f 5361/5361 5363/5363 5364/5364
f 5331/5331 5365/5365 5366/5366
f 5331/5331 5366/5366 5334/5334
f 5366/5366 5365/5365 5367/5367
f 5366/5366 5367/5367 5368/5368
f 5336/5336 5369/5369 5331/5331
f 5369/5369 5365/5365 5331/5331
f 5337/5337 5370/5370 5336/5336
f 5370/5370 5369/5369 5336/5336
f 5338/5338 5371/5371 5337/5337
f 5371/5371 5370/5370 5337/5337
f 5338/5338 5341/5341 5372/5372
f 5338/5338 5372/5372 5373/5373
f 5338/5338 5373/5373 5374/5374
f 5371/5371 5338/5338 5374/5374
f 5371/5371 5374/5374 5375/5375
f 5342/5342 5376/5376 5377/5377
f 5342/5342 5377/5377 5344/5344
f 5342/5342 5345/5345 5378/5378
f 5342/5342 5378/5378 5379/5379
f 5376/5376 5342/5342 5379/5379
f 5376/5376 5379/5379 5380/5380
f 5380/5380 5381/5381 5382/5382
f 5380/5380 5382/5382 5376/5376
f 5345/5345 5346/5346 5383/5383
f 5345/5345 5383/5383 5384/5384
f 5345/5345 5384/5384 5385/5385
f 5345/5345 5385/5385 5386/5386
f 5345/5345 5386/5386 5378/5378
f 5387/5387 5346/5346 5350/5350
f 5383/5383 5346/5346 5387/5387
f 5351/5351 5388/5388 5389/5389
f 5351/5351 5389/5389 5353/5353
f 5390/5390 5351/5351 5354/5354
f 5388/5388 5351/5351 5390/5390
f 5388/5388 5390/5390 5391/5391
f 5391/5391 5392/5392 5393/5393
f 5391/5391 5393/5393 5388/5388
f 5355/5355 5394/5394 5395/5395
f 5355/5355 5395/5395 5396/5396
f 5355/5355 5396/5396 5357/5357
f 5395/5395 5394/5394 5397/5397
f 5358/5358 5398/5398 5355/5355
f 5398/5398 5394/5394 5355/5355
f 5359/5359 5399/5399 5358/5358
f 5399/5399 5398/5398 5358/5358
f 5360/5360 5400/5400 5359/5359
f 5400/5400 5399/5399 5359/5359
f 5361/5361 5401/5401 5360/5360
f 5401/5401 5400/5400 5360/5360
f 5402/5402 5361/5361 5364/5364
f 5401/5401 5361/5361 5402/5402
f 5401/5401 5402/5402 5403/5403
f 5401/5401 5403/5403 5404/5404
f 5365/5365 5405/5405 5406/5406
f 5365/5365 5406/5406 5407/5407
f 5365/5365 5407/5407 5367/5367
f 5406/5406 5405/5405 5408/5408
f 5369/5369 5409/5409 5365/5365
f 5409/5409 5405/5405 5365/5365
f 5370/5370 5410/5410 5369/5369
f 5410/5410 5409/5409 5369/5369
f 5371/5371 5411/5411 5370/5370
f 5411/5411 5410/5410 5370/5370
f 5412/5412 5371/5371 5375/5375
f 5412/5412 5375/5375 5413/5413
f 5412/5412 5413/5413 5414/5414
f 5412/5412 5411/5411 5371/5371
f 5415/5415 5412/5412 5414/5414
f 5416/5416 5381/5381 5380/5380
f 5416/5416 5380/5380 5417/5417
f 5416/5416 5417/5417 5418/5418
f 5419/5419 5416/5416 5418/5418
f 5419/5419 5418/5418 5420/5420
f 5419/5419 5420/5420 5421/5421
f 5394/5394 5422/5422 5423/5423
f 5394/5394 5423/5423 5424/5424
f 5394/5394 5424/5424 5397/5397
f 5423/5423 5422/5422 5425/5425
f 5398/5398 5426/5426 5394/5394
f 5426/5426 5422/5422 5394/5394
f 5399/5399 5427/5427 5398/5398
f 5427/5427 5426/5426 5398/5398
f 5400/5400 5428/5428 5399/5399
f 5428/5428 5427/5427 5399/5399
f 5401/5401 5429/5429 5400/5400
f 5429/5429 5428/5428 5400/5400
f 5430/5430 5401/5401 5404/5404
f 5429/5429 5401/5401 5430/5430
f 5429/5429 5430/5430 5431/5431
f 5429/5429 5431/5431 5432/5432
f 5405/5405 5433/5433 5434/5434
f 5405/5405 5434/5434 5408/5408
f 5409/5409 5435/5435 5405/5405
f 5405/5405 5435/5435 5436/5436
f 5405/5405 5436/5436 5437/5437
f 5405/5405 5437/5437 5433/5433
f 5410/5410 5438/5438 5409/5409
f 5438/5438 5435/5435 5409/5409
f 5411/5411 5439/5439 5410/5410
f 5439/5439 5438/5438 5410/5410
f 5412/5412 5440/5440 5411/5411
f 5440/5440 5439/5439 5411/5411
f 5441/5441 5412/5412 5415/5415
f 5440/5440 5412/5412 5441/5441
f 5440/5440 5441/5441 5442/5442
f 5440/5440 5442/5442 5443/5443
f 5440/5440 5443/5443 5444/5444
f 5421/5421 5420/5420 5445/5445
f 5421/5421 5445/5445 5446/5446
f 5446/5446 5447/5447 5448/5448
f 5446/5446 5448/5448 5421/5421
f 5449/5449 5447/5447 5446/5446
f 5449/5449 5446/5446 5450/5450
f 5449/5449 5450/5450 5451/5451
f 5449/5449 5451/5451 5452/5452
f 5422/5422 5453/5453 5454/5454
f 5422/5422 5454/5454 5455/5455
f 5422/5422 5455/5455 5425/5425
f 5454/5454 5453/5453 5456/5456
f 5426/5426 5457/5457 5422/5422
f 5457/5457 5453/5453 5422/5422
f 5427/5427 5458/5458 5426/5426
f 5458/5458 5457/5457 5426/5426
f 5428/5428 5459/5459 5427/5427
f 5459/5459 5458/5458 5427/5427
f 5429/5429 5460/5460 5428/5428
f 5460/5460 5459/5459 5428/5428
f 5461/5461 5429/5429 5432/5432
f 5461/5461 5432/5432 5462/5462
f 5460/5460 5429/5429 5461/5461
f 5460/5460 5461/5461 5463/5463
f 5460/5460 5463/5463 5464/5464
f 5465/5465 5466/5466 5467/5467
f 5467/5467 5466/5466 5468/5468
f 5469/5469 5470/5470 5471/5471
f 5469/5469 5471/5471 5472/5472
f 5470/5470 5466/5466 5465/5465
f 5470/5470 5465/5465 5473/5473
f 5470/5470 5473/5473 5471/5471
f 5474/5474 5475/5475 5476/5476
f 5474/5474 5476/5476 5477/5477
f 5475/5475 5470/5470 5469/5469
f 5475/5475 5469/5469 5476/5476
f 5478/5478 5479/5479 5480/5480
f 5478/5478 5480/5480 5481/5481
f 5479/5479 5475/5475 5474/5474
f 5479/5479 5474/5474 5480/5480
f 5482/5482 5479/5479 5478/5478
f 5482/5482 5478/5478 5483/5483
f 5435/5435 5484/5484 5485/5485
f 5435/5435 5485/5485 5436/5436
f 5485/5485 5484/5484 5486/5486
f 5438/5438 5487/5487 5435/5435
f 5487/5487 5484/5484 5435/5435
f 5439/5439 5488/5488 5438/5438
f 5488/5488 5487/5487 5438/5438
f 5440/5440 5489/5489 5439/5439
f 5489/5489 5488/5488 5439/5439
f 5490/5490 5440/5440 5444/5444
f 5489/5489 5440/5440 5490/5490
f 5489/5489 5490/5490 5491/5491
f 5489/5489 5491/5491 5492/5492
f 5493/5493 5452/5452 5451/5451
f 5493/5493 5451/5451 5494/5494
f 5493/5493 5494/5494 5495/5495
f 5495/5495 5496/5496 5497/5497
f 5495/5495 5497/5497 5493/5493
f 5495/5495 5494/5494 5498/5498
f 5495/5495 5498/5498 5499/5499
f 5456/5456 5453/5453 5500/5500
f 5457/5457 5501/5501 5453/5453
f 5453/5453 5501/5501 5502/5502
f 5453/5453 5502/5502 5503/5503
f 5453/5453 5503/5503 5500/5500
f 5458/5458 5504/5504 5457/5457
f 5504/5504 5501/5501 5457/5457
f 5459/5459 5505/5505 5458/5458
f 5505/5505 5504/5504 5458/5458
f 5460/5460 5506/5506 5459/5459
f 5506/5506 5505/5505 5459/5459
f 5507/5507 5460/5460 5464/5464
f 5506/5506 5460/5460 5507/5507
f 5506/5506 5507/5507 5508/5508
f 5506/5506 5508/5508 5509/5509
f 5510/5510 5511/5511 5512/5512
f 5512/5512 5511/5511 5513/5513
f 5466/5466 5514/5514 5515/5515
f 5466/5466 5515/5515 5516/5516
f 5466/5466 5516/5516 5468/5468
f 5514/5514 5511/5511 5510/5510
f 5514/5514 5510/5510 5517/5517
f 5514/5514 5517/5517 5515/5515
f 5470/5470 5518/5518 5466/5466
f 5518/5518 5514/5514 5466/5466
f 5475/5475 5519/5519 5470/5470
f 5519/5519 5518/5518 5470/5470
f 5479/5479 5520/5520 5475/5475
f 5520/5520 5519/5519 5475/5475
f 5521/5521 5479/5479 5482/5482
f 5521/5521 5482/5482 5522/5522
f 5520/5520 5479/5479 5521/5521
f 5520/5520 5521/5521 5523/5523
f 5484/5484 5524/5524 5525/5525
f 5484/5484 5525/5525 5486/5486
f 5525/5525 5524/5524 5526/5526
f 5487/5487 5527/5527 5484/5484
f 5527/5527 5524/5524 5484/5484
f 5488/5488 5528/5528 5487/5487
f 5528/5528 5527/5527 5487/5487
f 5489/5489 5529/5529 5488/5488
f 5529/5529 5528/5528 5488/5488
f 5530/5530 5489/5489 5492/5492
f 5529/5529 5489/5489 5530/5530
f 5529/5529 5530/5530 5531/5531
f 5529/5529 5531/5531 5532/5532
f 5495/5495 5533/5533 5534/5534
f 5495/5495 5534/5534 5496/5496
f 5534/5534 5533/5533 5535/5535
f 5536/5536 5495/5495 5499/5499
f 5536/5536 5499/5499 5537/5537
f 5536/5536 5537/5537 5538/5538
f 5536/5536 5533/5533 5495/5495
f 5536/5536 5538/5538 5539/5539
f 5536/5536 5539/5539 5540/5540
f 5501/5501 5541/5541 5542/5542
f 5501/5501 5542/5542 5502/5502
f 5542/5542 5541/5541 5543/5543
f 5504/5504 5544/5544 5501/5501
f 5544/5544 5541/5541 5501/5501
f 5505/5505 5545/5545 5504/5504
f 5545/5545 5544/5544 5504/5504
f 5506/5506 5546/5546 5505/5505
f 5546/5546 5545/5545 5505/5505
f 5547/5547 5506/5506 5509/5509
f 5547/5547 5509/5509 5548/5548
f 5547/5547 5546/5546 5506/5506
f 5549/5549 5547/5547 5548/5548
f 5511/5511 5550/5550 5551/5551
f 5511/5511 5551/5551 5552/5552
f 5511/5511 5552/5552 5513/5513
f 5551/5551 5550/5550 5553/5553
f 5551/5551 5553/5553 5554/5554
f 5514/5514 5555/5555 5511/5511
f 5555/5555 5550/5550 5511/5511
f 5518/5518 5556/5556 5514/5514
f 5556/5556 5555/5555 5514/5514
f 5519/5519 5557/5557 5518/5518
f 5557/5557 5556/5556 5518/5518
f 5520/5520 5558/5558 5519/5519
f 5558/5558 5557/5557 5519/5519
f 5559/5559 5520/5520 5523/5523
f 5559/5559 5523/5523 5560/5560
f 5558/5558 5520/5520 5559/5559
f 5558/5558 5559/5559 5561/5561
f 5524/5524 5562/5562 5563/5563
f 5524/5524 5563/5563 5526/5526
f 5562/5562 5564/5564 5565/5565
f 5562/5562 5565/5565 5563/5563
f 5527/5527 5566/5566 5524/5524
f 5566/5566 5562/5562 5524/5524
f 5528/5528 5567/5567 5527/5527
f 5567/5567 5566/5566 5527/5527
f 5529/5529 5568/5568 5528/5528
f 5568/5568 5567/5567 5528/5528
f 5569/5569 5529/5529 5532/5532
f 5568/5568 5529/5529 5569/5569
f 5568/5568 5569/5569 5570/5570
f 5568/5568 5570/5570 5571/5571
f 5533/5533 5572/5572 5573/5573
f 5533/5533 5573/5573 5535/5535
f 5572/5572 5574/5574 5575/5575
f 5572/5572 5575/5575 5573/5573
f 5536/5536 5576/5576 5533/5533
f 5576/5576 5572/5572 5533/5533
f 5577/5577 5536/5536 5540/5540
f 5577/5577 5540/5540 5578/5578
f 5577/5577 5578/5578 5579/5579
f 5577/5577 5579/5579 5580/5580
f 5577/5577 5576/5576 5536/5536
f 5581/5581 5577/5577 5580/5580
f 5541/5541 5582/5582 5583/5583
f 5541/5541 5583/5583 5543/5543
f 5582/5582 5584/5584 5585/5585
f 5582/5582 5585/5585 5583/5583
f 5544/5544 5586/5586 5541/5541
f 5586/5586 5582/5582 5541/5541
f 5545/5545 5587/5587 5544/5544
f 5587/5587 5586/5586 5544/5544
f 5546/5546 5588/5588 5545/5545
f 5588/5588 5587/5587 5545/5545
f 5547/5547 5589/5589 5546/5546
f 5589/5589 5588/5588 5546/5546
f 5590/5590 5547/5547 5549/5549
f 5589/5589 5547/5547 5590/5590
f 5589/5589 5590/5590 5591/5591
f 5589/5589 5591/5591 5592/5592
f 5550/5550 5593/5593 5594/5594
f 5550/5550 5594/5594 5553/5553
f 5594/5594 5593/5593 5595/5595
f 5594/5594 5595/5595 5596/5596
f 5555/5555 5597/5597 5550/5550
f 5597/5597 5593/5593 5550/5550
f 5556/5556 5598/5598 5555/5555
f 5598/5598 5597/5597 5555/5555
f 5557/5557 5599/5599 5556/5556
f 5599/5599 5598/5598 5556/5556
f 5558/5558 5600/5600 5557/5557
f 5600/5600 5599/5599 5557/5557
f 5558/5558 5561/5561 5601/5601
f 5558/5558 5601/5601 5602/5602
f 5602/5602 5603/5603 5604/5604
f 5602/5602 5604/5604 5605/5605
f 5602/5602 5605/5605 5558/5558
f 5605/5605 5600/5600 5558/5558
f 5606/5606 5605/5605 5604/5604
f 5606/5606 5604/5604 5607/5607
f 5606/5606 5607/5607 5608/5608
f 5562/5562 5609/5609 5610/5610
f 5562/5562 5610/5610 5564/5564
f 5609/5609 5611/5611 5612/5612
f 5609/5609 5612/5612 5610/5610
f 5566/5566 5613/5613 5562/5562
f 5613/5613 5609/5609 5562/5562
f 5567/5567 5614/5614 5566/5566
f 5614/5614 5613/5613 5566/5566
f 5568/5568 5615/5615 5567/5567
f 5615/5615 5614/5614 5567/5567
f 5616/5616 5568/5568 5571/5571
f 5616/5616 5571/5571 5617/5617
f 5618/5618 5619/5619 5620/5620
f 5615/5615 5568/5568 5616/5616
f 5615/5615 5616/5616 5621/5621
f 5615/5615 5621/5621 5622/5622
f 5620/5620 5619/5619 5623/5623
f 5572/5572 5624/5624 5625/5625
f 5572/5572 5625/5625 5574/5574
f 5624/5624 5619/5619 5618/5618
f 5624/5624 5618/5618 5626/5626
f 5624/5624 5626/5626 5625/5625
f 5576/5576 5627/5627 5572/5572
f 5627/5627 5624/5624 5572/5572
f 5577/5577 5628/5628 5576/5576
f 5628/5628 5627/5627 5576/5576
f 5629/5629 5577/5577 5581/5581
f 5629/5629 5581/5581 5630/5630
f 5629/5629 5628/5628 5577/5577
f 5631/5631 5629/5629 5630/5630
f 5631/5631 5630/5630 5632/5632
f 5631/5631 5632/5632 5633/5633
f 5582/5582 5634/5634 5635/5635
f 5582/5582 5635/5635 5584/5584
f 5635/5635 5634/5634 5636/5636
f 5586/5586 5637/5637 5582/5582
f 5637/5637 5634/5634 5582/5582
f 5587/5587 5638/5638 5586/5586
f 5638/5638 5637/5637 5586/5586
f 5588/5588 5639/5639 5587/5587
f 5639/5639 5638/5638 5587/5587
f 5589/5589 5640/5640 5588/5588
f 5640/5640 5639/5639 5588/5588
f 5641/5641 5589/5589 5592/5592
f 5640/5640 5589/5589 5641/5641
f 5640/5640 5641/5641 5642/5642
f 5640/5640 5642/5642 5643/5643
f 5593/5593 5644/5644 5645/5645
f 5593/5593 5645/5645 5595/5595
f 5645/5645 5644/5644 5646/5646
f 5645/5645 5646/5646 5647/5647
f 5597/5597 5648/5648 5593/5593
f 5648/5648 5644/5644 5593/5593
f 5598/5598 5649/5649 5597/5597
f 5649/5649 5648/5648 5597/5597
f 5599/5599 5650/5650 5598/5598
f 5650/5650 5649/5649 5598/5598
f 5600/5600 5651/5651 5599/5599
f 5651/5651 5650/5650 5599/5599
f 5605/5605 5652/5652 5600/5600
f 5652/5652 5651/5651 5600/5600
f 5653/5653 5605/5605 5606/5606
f 5653/5653 5606/5606 5654/5654
f 5653/5653 5652/5652 5605/5605
f 5655/5655 5653/5653 5654/5654
f 5655/5655 5654/5654 5656/5656
f 5609/5609 5657/5657 5658/5658
f 5609/5609 5658/5658 5659/5659
f 5609/5609 5659/5659 5611/5611
f 5657/5657 5660/5660 5661/5661
f 5657/5657 5661/5661 5662/5662
f 5657/5657 5662/5662 5663/5663
f 5657/5657 5663/5663 5658/5658
f 5613/5613 5664/5664 5609/5609
f 5664/5664 5657/5657 5609/5609
f 5614/5614 5665/5665 5613/5613
f 5665/5665 5664/5664 5613/5613
f 5615/5615 5666/5666 5614/5614
f 5666/5666 5665/5665 5614/5614
f 5667/5667 5615/5615 5622/5622
f 5619/5619 5668/5668 5669/5669
f 5619/5619 5669/5669 5670/5670
f 5619/5619 5670/5670 5671/5671
f 5619/5619 5671/5671 5623/5623
f 5666/5666 5615/5615 5667/5667
f 5666/5666 5667/5667 5672/5672
f 5666/5666 5672/5672 5673/5673
f 5669/5669 5668/5668 5674/5674
f 5624/5624 5675/5675 5619/5619
f 5675/5675 5668/5668 5619/5619
f 5627/5627 5676/5676 5624/5624
f 5676/5676 5675/5675 5624/5624
f 5628/5628 5677/5677 5627/5627
f 5677/5677 5676/5676 5627/5627
f 5629/5629 5678/5678 5628/5628
f 5678/5678 5677/5677 5628/5628
f 5679/5679 5629/5629 5631/5631
f 5678/5678 5629/5629 5679/5679
f 5678/5678 5679/5679 5680/5680
f 5678/5678 5680/5680 5681/5681
f 5634/5634 5682/5682 5683/5683
f 5634/5634 5683/5683 5684/5684
f 5634/5634 5684/5684 5636/5636
f 5683/5683 5682/5682 5685/5685
f 5637/5637 5686/5686 5634/5634
f 5686/5686 5682/5682 5634/5634
f 5638/5638 5687/5687 5637/5637
f 5687/5687 5686/5686 5637/5637
f 5639/5639 5688/5688 5638/5638
f 5688/5688 5687/5687 5638/5638
f 5640/5640 5689/5689 5639/5639
f 5689/5689 5688/5688 5639/5639
f 5690/5690 5640/5640 5643/5643
f 5689/5689 5640/5640 5690/5690
f 5689/5689 5690/5690 5691/5691
f 5689/5689 5691/5691 5692/5692
f 5646/5646 5644/5644 5693/5693
f 5646/5646 5693/5693 5694/5694
f 5644/5644 5648/5648 5695/5695
f 5644/5644 5695/5695 5696/5696
f 5693/5693 5644/5644 5696/5696
f 5693/5693 5696/5696 5697/5697
f 5698/5698 5699/5699 5700/5700
f 5700/5700 5701/5701 5702/5702
f 5700/5700 5702/5702 5648/5648
f 5700/5700 5648/5648 5649/5649
f 5700/5700 5649/5649 5698/5698
f 5695/5695 5648/5648 5702/5702
f 5695/5695 5702/5702 5703/5703
f 5650/5650 5704/5704 5649/5649
f 5649/5649 5704/5704 5705/5705
f 5649/5649 5705/5705 5698/5698
f 5651/5651 5706/5706 5650/5650
f 5706/5706 5704/5704 5650/5650
f 5652/5652 5707/5707 5651/5651
f 5707/5707 5706/5706 5651/5651
f 5653/5653 5708/5708 5652/5652
f 5708/5708 5707/5707 5652/5652
f 5709/5709 5653/5653 5655/5655
f 5709/5709 5655/5655 5710/5710
f 5709/5709 5710/5710 5711/5711
f 5709/5709 5708/5708 5653/5653
f 5712/5712 5709/5709 5711/5711
f 5713/5713 5714/5714 5715/5715
f 5713/5713 5715/5715 5716/5716
f 5714/5714 5713/5713 5717/5717
f 5657/5657 5718/5718 5719/5719
f 5657/5657 5719/5719 5660/5660
f 5718/5718 5713/5713 5716/5716
f 5718/5718 5716/5716 5719/5719
f 5664/5664 5720/5720 5657/5657
f 5720/5720 5718/5718 5657/5657
f 5665/5665 5721/5721 5664/5664
f 5721/5721 5720/5720 5664/5664
f 5666/5666 5722/5722 5665/5665
f 5722/5722 5721/5721 5665/5665
f 5666/5666 5673/5673 5723/5723
f 5666/5666 5723/5723 5724/5724
f 5668/5668 5725/5725 5726/5726
f 5668/5668 5726/5726 5727/5727
f 5668/5668 5727/5727 5674/5674
f 5722/5722 5666/5666 5724/5724
f 5722/5722 5724/5724 5728/5728
f 5725/5725 5729/5729 5730/5730
f 5725/5725 5730/5730 5726/5726
f 5675/5675 5731/5731 5668/5668
f 5731/5731 5725/5725 5668/5668
f 5676/5676 5732/5732 5675/5675
f 5732/5732 5731/5731 5675/5675
f 5677/5677 5733/5733 5676/5676
f 5733/5733 5732/5732 5676/5676
f 5678/5678 5734/5734 5677/5677
f 5734/5734 5733/5733 5677/5677
f 5735/5735 5678/5678 5681/5681
f 5734/5734 5678/5678 5735/5735
f 5734/5734 5735/5735 5736/5736
f 5734/5734 5736/5736 5737/5737
f 5682/5682 5738/5738 5739/5739
f 5682/5682 5739/5739 5740/5740
f 5682/5682 5740/5740 5685/5685
f 5739/5739 5738/5738 5741/5741
f 5686/5686 5742/5742 5682/5682
f 5742/5742 5738/5738 5682/5682
f 5687/5687 5743/5743 5686/5686
f 5743/5743 5742/5742 5686/5686
f 5688/5688 5744/5744 5687/5687
f 5744/5744 5743/5743 5687/5687
f 5689/5689 5745/5745 5688/5688
f 5745/5745 5744/5744 5688/5688
f 5746/5746 5689/5689 5692/5692
f 5745/5745 5689/5689 5746/5746
f 5745/5745 5746/5746 5747/5747
f 5745/5745 5747/5747 5748/5748
f 5704/5704 5749/5749 5750/5750
f 5704/5704 5750/5750 5705/5705
f 5750/5750 5749/5749 5751/5751
f 5750/5750 5751/5751 5752/5752
f 5750/5750 5752/5752 5753/5753
f 5706/5706 5754/5754 5704/5704
f 5754/5754 5749/5749 5704/5704
f 5707/5707 5755/5755 5706/5706
f 5755/5755 5754/5754 5706/5706
f 5708/5708 5756/5756 5707/5707
f 5756/5756 5755/5755 5707/5707
f 5709/5709 5757/5757 5708/5708
f 5757/5757 5756/5756 5708/5708
f 5758/5758 5709/5709 5712/5712
f 5757/5757 5709/5709 5758/5758
f 5757/5757 5758/5758 5759/5759
f 5757/5757 5759/5759 5760/5760
f 5761/5761 5762/5762 5763/5763
f 5761/5761 5763/5763 5764/5764
f 5763/5763 5762/5762 5765/5765
f 5713/5713 5766/5766 5767/5767
f 5713/5713 5767/5767 5768/5768
f 5713/5713 5768/5768 5717/5717
f 5766/5766 5762/5762 5761/5761
f 5766/5766 5761/5761 5767/5767
f 5718/5718 5769/5769 5713/5713
f 5769/5769 5766/5766 5713/5713
f 5720/5720 5770/5770 5718/5718
f 5770/5770 5769/5769 5718/5718
f 5721/5721 5771/5771 5720/5720
f 5771/5771 5770/5770 5720/5720
f 5721/5721 5722/5722 5772/5772
f 5721/5721 5772/5772 5773/5773
f 5771/5771 5721/5721 5773/5773
f 5771/5771 5773/5773 5774/5774
f 5775/5775 5722/5722 5728/5728
f 5775/5775 5728/5728 5776/5776
f 5725/5725 5777/5777 5778/5778
f 5725/5725 5778/5778 5779/5779
f 5725/5725 5779/5779 5729/5729
f 5772/5772 5722/5722 5775/5775
f 5772/5772 5775/5775 5780/5780
f 5778/5778 5777/5777 5781/5781
f 5731/5731 5782/5782 5725/5725
f 5782/5782 5777/5777 5725/5725
f 5732/5732 5783/5783 5731/5731
f 5783/5783 5782/5782 5731/5731
f 5733/5733 5784/5784 5732/5732
f 5784/5784 5783/5783 5732/5732
f 5733/5733 5734/5734 5785/5785
f 5733/5733 5785/5785 5786/5786
f 5733/5733 5786/5786 5787/5787
f 5784/5784 5733/5733 5787/5787
f 5784/5784 5787/5787 5788/5788
f 5789/5789 5734/5734 5737/5737
f 5785/5785 5734/5734 5789/5789
f 5738/5738 5790/5790 5791/5791
f 5738/5738 5791/5791 5792/5792
f 5738/5738 5792/5792 5741/5741
f 5791/5791 5790/5790 5793/5793
f 5742/5742 5794/5794 5738/5738
f 5794/5794 5790/5790 5738/5738
f 5743/5743 5795/5795 5742/5742
f 5795/5795 5794/5794 5742/5742
f 5744/5744 5796/5796 5743/5743
f 5796/5796 5795/5795 5743/5743
f 5745/5745 5797/5797 5744/5744
f 5797/5797 5796/5796 5744/5744
f 5798/5798 5745/5745 5748/5748
f 5797/5797 5745/5745 5798/5798
f 5797/5797 5798/5798 5799/5799
f 5797/5797 5799/5799 5800/5800
f 5749/5749 5801/5801 5802/5802
f 5749/5749 5802/5802 5751/5751
f 5754/5754 5803/5803 5749/5749
f 5749/5749 5803/5803 5804/5804
f 5749/5749 5804/5804 5805/5805
f 5749/5749 5805/5805 5801/5801
f 5755/5755 5806/5806 5754/5754
f 5806/5806 5803/5803 5754/5754
f 5756/5756 5807/5807 5755/5755
f 5807/5807 5806/5806 5755/5755
f 5757/5757 5808/5808 5756/5756
f 5808/5808 5807/5807 5756/5756
f 5809/5809 5757/5757 5760/5760
f 5809/5809 5760/5760 5810/5810
f 5809/5809 5810/5810 5811/5811
f 5809/5809 5808/5808 5757/5757
f 5812/5812 5809/5809 5811/5811
f 5813/5813 5814/5814 5815/5815
f 5813/5813 5815/5815 5816/5816
f 5814/5814 5813/5813 5817/5817
f 5762/5762 5818/5818 5819/5819
f 5762/5762 5819/5819 5820/5820
f 5762/5762 5820/5820 5765/5765
f 5818/5818 5813/5813 5816/5816
f 5818/5818 5816/5816 5819/5819
f 5766/5766 5821/5821 5762/5762
f 5821/5821 5818/5818 5762/5762
f 5769/5769 5822/5822 5766/5766
f 5822/5822 5821/5821 5766/5766
f 5770/5770 5823/5823 5769/5769
f 5823/5823 5822/5822 5769/5769
f 5770/5770 5771/5771 5824/5824
f 5770/5770 5824/5824 5825/5825
f 5823/5823 5770/5770 5825/5825
f 5823/5823 5825/5825 5826/5826
f 5827/5827 5771/5771 5774/5774
f 5827/5827 5774/5774 5828/5828
f 5771/5771 5827/5827 5829/5829
f 5771/5771 5829/5829 5824/5824
f 5777/5777 5830/5830 5831/5831
f 5777/5777 5831/5831 5832/5832
f 5777/5777 5832/5832 5781/5781
f 5831/5831 5830/5830 5833/5833
f 5782/5782 5834/5834 5777/5777
f 5834/5834 5830/5830 5777/5777
f 5783/5783 5835/5835 5782/5782
f 5835/5835 5834/5834 5782/5782
f 5784/5784 5836/5836 5783/5783
f 5836/5836 5835/5835 5783/5783
f 5837/5837 5784/5784 5788/5788
f 5837/5837 5788/5788 5838/5838
f 5837/5837 5838/5838 5839/5839
f 5837/5837 5839/5839 5840/5840
f 5836/5836 5784/5784 5837/5837
f 5836/5836 5837/5837 5841/5841
f 5790/5790 5842/5842 5843/5843
f 5790/5790 5843/5843 5844/5844
f 5790/5790 5844/5844 5793/5793
f 5843/5843 5842/5842 5845/5845
f 5794/5794 5846/5846 5790/5790
f 5846/5846 5842/5842 5790/5790
f 5795/5795 5847/5847 5794/5794
f 5847/5847 5846/5846 5794/5794
f 5796/5796 5848/5848 5795/5795
f 5848/5848 5847/5847 5795/5795
f 5797/5797 5849/5849 5796/5796
f 5849/5849 5848/5848 5796/5796
f 5797/5797 5800/5800 5850/5850
f 5797/5797 5850/5850 5851/5851
f 5849/5849 5797/5797 5851/5851
f 5849/5849 5851/5851 5852/5852
f 5803/5803 5853/5853 5854/5854
f 5803/5803 5854/5854 5855/5855
f 5803/5803 5855/5855 5804/5804
f 5854/5854 5853/5853 5856/5856
f 5806/5806 5857/5857 5803/5803
f 5857/5857 5853/5853 5803/5803
f 5807/5807 5858/5858 5806/5806
f 5858/5858 5857/5857 5806/5806
f 5808/5808 5859/5859 5807/5807
f 5859/5859 5858/5858 5807/5807
f 5809/5809 5860/5860 5808/5808
f 5860/5860 5859/5859 5808/5808
f 5861/5861 5809/5809 5812/5812
f 5861/5861 5812/5812 5862/5862
f 5860/5860 5809/5809 5861/5861
f 5860/5860 5861/5861 5863/5863
f 5860/5860 5863/5863 5864/5864
f 5813/5813 5865/5865 5866/5866
f 5813/5813 5866/5866 5817/5817
f 5866/5866 5865/5865 5867/5867
f 5866/5866 5867/5867 5868/5868
f 5818/5818 5869/5869 5813/5813
f 5869/5869 5865/5865 5813/5813
f 5821/5821 5870/5870 5818/5818
f 5870/5870 5869/5869 5818/5818
f 5822/5822 5871/5871 5821/5821
f 5871/5871 5870/5870 5821/5821
f 5823/5823 5872/5872 5822/5822
f 5872/5872 5871/5871 5822/5822
f 5873/5873 5823/5823 5826/5826
f 5872/5872 5823/5823 5873/5873
f 5872/5872 5873/5873 5874/5874
f 5872/5872 5874/5874 5875/5875
f 5830/5830 5876/5876 5877/5877
f 5830/5830 5877/5877 5878/5878
f 5830/5830 5878/5878 5833/5833
f 5877/5877 5876/5876 5879/5879
f 5834/5834 5880/5880 5830/5830
f 5880/5880 5876/5876 5830/5830
f 5835/5835 5881/5881 5834/5834
f 5881/5881 5880/5880 5834/5834
f 5836/5836 5882/5882 5835/5835
f 5882/5882 5881/5881 5835/5835
f 5836/5836 5841/5841 5883/5883
f 5836/5836 5883/5883 5884/5884
f 5882/5882 5836/5836 5884/5884
f 5882/5882 5884/5884 5885/5885
f 5886/5886 5887/5887 5888/5888
f 5886/5886 5888/5888 5889/5889
f 5888/5888 5887/5887 5890/5890
f 5888/5888 5890/5890 5891/5891
f 5892/5892 5887/5887 5886/5886
f 5845/5845 5842/5842 5893/5893
f 5846/5846 5894/5894 5842/5842
f 5842/5842 5894/5894 5895/5895
f 5842/5842 5895/5895 5893/5893
f 5847/5847 5896/5896 5846/5846
f 5896/5896 5894/5894 5846/5846
f 5848/5848 5897/5897 5847/5847
f 5897/5897 5896/5896 5847/5847
f 5849/5849 5898/5898 5848/5848
f 5898/5898 5897/5897 5848/5848
f 5899/5899 5849/5849 5852/5852
f 5898/5898 5849/5849 5899/5899
f 5898/5898 5899/5899 5900/5900
f 5853/5853 5901/5901 5902/5902
f 5853/5853 5902/5902 5856/5856
f 5857/5857 5903/5903 5853/5853
f 5903/5903 5904/5904 5905/5905
f 5903/5903 5905/5905 5901/5901
f 5903/5903 5901/5901 5853/5853
f 5858/5858 5906/5906 5857/5857
f 5906/5906 5903/5903 5857/5857
f 5859/5859 5907/5907 5858/5858
f 5907/5907 5906/5906 5858/5858
f 5860/5860 5908/5908 5859/5859
f 5908/5908 5907/5907 5859/5859
f 5860/5860 5864/5864 5909/5909
f 5860/5860 5909/5909 5910/5910
f 5908/5908 5860/5860 5910/5910
f 5908/5908 5910/5910 5911/5911
f 5865/5865 5912/5912 5913/5913
f 5865/5865 5913/5913 5867/5867
f 5913/5913 5912/5912 5914/5914
f 5913/5913 5914/5914 5915/5915
f 5869/5869 5916/5916 5865/5865
f 5916/5916 5912/5912 5865/5865
f 5870/5870 5917/5917 5869/5869
f 5917/5917 5916/5916 5869/5869
f 5871/5871 5918/5918 5870/5870
f 5918/5918 5917/5917 5870/5870
f 5871/5871 5872/5872 5919/5919
f 5871/5871 5919/5919 5920/5920
f 5918/5918 5871/5871 5920/5920
f 5918/5918 5920/5920 5921/5921
f 5922/5922 5872/5872 5875/5875
f 5872/5872 5922/5922 5923/5923
f 5872/5872 5923/5923 5919/5919
f 5876/5876 5924/5924 5925/5925
f 5876/5876 5925/5925 5926/5926
f 5876/5876 5926/5926 5879/5879
f 5924/5924 5927/5927 5928/5928
f 5924/5924 5928/5928 5925/5925
f 5880/5880 5929/5929 5876/5876
f 5929/5929 5924/5924 5876/5876
f 5881/5881 5930/5930 5880/5880
f 5930/5930 5929/5929 5880/5880
f 5882/5882 5931/5931 5881/5881
f 5931/5931 5930/5930 5881/5881
f 5882/5882 5885/5885 5932/5932
f 5882/5882 5932/5932 5933/5933
f 5933/5933 5934/5934 5935/5935
f 5933/5933 5935/5935 5882/5882
f 5935/5935 5931/5931 5882/5882
f 5936/5936 5935/5935 5934/5934
f 5936/5936 5934/5934 5937/5937
f 5887/5887 5938/5938 5939/5939
f 5887/5887 5939/5939 5890/5890
f 5939/5939 5938/5938 5940/5940
f 5939/5939 5940/5940 5941/5941
f 5942/5942 5887/5887 5892/5892
f 5942/5942 5892/5892 5943/5943
f 5942/5942 5943/5943 5944/5944
f 5942/5942 5944/5944 5945/5945
f 5942/5942 5945/5945 5946/5946
f 5942/5942 5938/5938 5887/5887
f 5947/5947 5942/5942 5946/5946
f 5894/5894 5948/5948 5949/5949
f 5894/5894 5949/5949 5895/5895
f 5948/5948 5950/5950 5951/5951
f 5948/5948 5951/5951 5952/5952
f 5948/5948 5952/5952 5949/5949
f 5896/5896 5953/5953 5894/5894
f 5953/5953 5948/5948 5894/5894
f 5897/5897 5954/5954 5896/5896
f 5954/5954 5953/5953 5896/5896
f 5898/5898 5955/5955 5897/5897
f 5955/5955 5954/5954 5897/5897
f 5898/5898 5900/5900 5956/5956
f 5898/5898 5956/5956 5957/5957
f 5955/5955 5898/5898 5957/5957
f 5955/5955 5957/5957 5958/5958
f 5903/5903 5959/5959 5960/5960
f 5903/5903 5960/5960 5961/5961
f 5903/5903 5961/5961 5904/5904
f 5960/5960 5959/5959 5962/5962
f 5906/5906 5963/5963 5903/5903
f 5963/5963 5959/5959 5903/5903
f 5907/5907 5964/5964 5906/5906
f 5964/5964 5963/5963 5906/5906
f 5908/5908 5965/5965 5907/5907
f 5965/5965 5964/5964 5907/5907
f 5966/5966 5908/5908 5911/5911
f 5966/5966 5911/5911 5967/5967
f 5966/5966 5967/5967 5968/5968
f 5966/5966 5965/5965 5908/5908
f 5969/5969 5966/5966 5968/5968
f 5912/5912 5970/5970 5971/5971
f 5912/5912 5971/5971 5914/5914
f 5970/5970 5972/5972 5973/5973
f 5970/5970 5973/5973 5971/5971
f 5916/5916 5974/5974 5912/5912
f 5974/5974 5970/5970 5912/5912
f 5917/5917 5975/5975 5916/5916
f 5975/5975 5974/5974 5916/5916
f 5918/5918 5976/5976 5917/5917
f 5976/5976 5975/5975 5917/5917
f 5918/5918 5921/5921 5977/5977
f 5918/5918 5977/5977 5978/5978
f 5918/5918 5978/5978 5979/5979
f 5976/5976 5918/5918 5979/5979
f 5976/5976 5979/5979 5980/5980
f 5976/5976 5980/5980 5981/5981
f 5924/5924 5982/5982 5983/5983
f 5924/5924 5983/5983 5927/5927
f 5982/5982 5984/5984 5985/5985
f 5982/5982 5985/5985 5983/5983
f 5929/5929 5986/5986 5924/5924
f 5986/5986 5982/5982 5924/5924
f 5930/5930 5987/5987 5929/5929
f 5987/5987 5986/5986 5929/5929
f 5931/5931 5988/5988 5930/5930
f 5988/5988 5987/5987 5930/5930
f 5935/5935 5989/5989 5931/5931
f 5989/5989 5988/5988 5931/5931
f 5990/5990 5935/5935 5936/5936
f 5990/5990 5936/5936 5991/5991
f 5989/5989 5935/5935 5990/5990
f 5989/5989 5990/5990 5992/5992
f 5938/5938 5993/5993 5994/5994
f 5938/5938 5994/5994 5940/5940
f 5994/5994 5993/5993 5995/5995
f 5994/5994 5995/5995 5996/5996
f 5942/5942 5997/5997 5938/5938
f 5997/5997 5993/5993 5938/5938
f 5998/5998 5942/5942 5947/5947
f 5998/5998 5947/5947 5999/5999
f 5998/5998 5999/5999 6000/6000
f 5997/5997 5942/5942 5998/5998
f 5997/5997 5998/5998 6001/6001
f 5948/5948 6002/6002 6003/6003
f 5948/5948 6003/6003 5950/5950
f 6003/6003 6002/6002 6004/6004
f 6003/6003 6004/6004 6005/6005
f 5953/5953 6006/6006 5948/5948
f 6006/6006 6002/6002 5948/5948
f 5954/5954 6007/6007 5953/5953
f 6007/6007 6006/6006 5953/5953
f 5955/5955 6008/6008 5954/5954
f 6008/6008 6007/6007 5954/5954
f 6009/6009 5955/5955 5958/5958
f 6009/6009 5958/5958 6010/6010
f 6009/6009 6008/6008 5955/5955
f 6009/6009 6010/6010 6011/6011
f 6009/6009 6011/6011 6012/6012
