# Original small flower arrangement; OBJ Y reflected for Unreal import.
v 4.756156 -5.811769 9.500000
v 4.756156 -5.811769 9.333333
v 4.756156 -5.811769 9.233333
v 4.756156 -5.811769 9.200000
v 4.756156 -5.811769 9.233333
v 4.756156 -5.811769 9.333333
v 4.756156 -5.811769 9.500000
v 5.371170 -5.329574 9.655646
v 5.324837 -5.527457 9.488980
v 5.278504 -5.725341 9.388980
v 5.232171 -5.923225 9.355646
v 5.185838 -6.121108 9.388980
v 5.139505 -6.318992 9.488980
v 5.093171 -6.516876 9.655646
v 5.904848 -5.194756 9.784479
v 5.839294 -5.474731 9.617812
v 5.773740 -5.754706 9.517812
v 5.708186 -6.034680 9.484479
v 5.642631 -6.314655 9.517812
v 5.577077 -6.594630 9.617812
v 5.511523 -6.874604 9.784479
v 6.415901 -5.156570 9.862917
v 6.338667 -5.486425 9.696250
v 6.261434 -5.816281 9.596250
v 6.184200 -6.146136 9.562917
v 6.106967 -6.475991 9.596250
v 6.029733 -6.805847 9.696250
v 5.952500 -7.135702 9.862917
v 6.908888 -5.195539 9.873458
v 6.825997 -5.549556 9.706792
v 6.743106 -5.903574 9.606792
v 6.660215 -6.257592 9.573458
v 6.577324 -6.611609 9.606792
v 6.494433 -6.965627 9.706792
v 6.411542 -7.319645 9.873458
v 7.384902 -5.306994 9.806792
v 7.302011 -5.661012 9.640125
v 7.219120 -6.015030 9.540125
v 7.136230 -6.369047 9.506792
v 7.053339 -6.723065 9.540125
v 6.970448 -7.077083 9.640125
v 6.887557 -7.431100 9.806792
v 7.843945 -5.490937 9.662917
v 7.766711 -5.820792 9.496250
v 7.689478 -6.150648 9.396250
v 7.612244 -6.480503 9.362917
v 7.535011 -6.810358 9.396250
v 7.457777 -7.140214 9.496250
v 7.380544 -7.470069 9.662917
v 8.284922 -5.752035 9.451145
v 8.219367 -6.032009 9.284479
v 8.153813 -6.311984 9.184479
v 8.088259 -6.591959 9.151145
v 8.022705 -6.871933 9.184479
v 7.957151 -7.151908 9.284479
v 7.891596 -7.431883 9.451145
v 8.703273 -6.109763 9.188980
v 8.656940 -6.307647 9.022313
v 8.610607 -6.505531 8.922313
v 8.564274 -6.703414 8.888980
v 8.517940 -6.901298 8.922313
v 8.471607 -7.099182 9.022313
v 8.425274 -7.297066 9.188980
v 9.040288 -6.814870 8.900000
v 9.040288 -6.814870 8.733333
v 9.040288 -6.814870 8.633333
v 9.040288 -6.814870 8.600000
v 9.040288 -6.814870 8.633333
v 9.040288 -6.814870 8.733333
v 9.040288 -6.814870 8.900000
v 4.506118 -6.252961 9.500000
v 4.506118 -6.252961 9.333333
v 4.506118 -6.252961 9.233333
v 4.506118 -6.252961 9.200000
v 4.506118 -6.252961 9.233333
v 4.506118 -6.252961 9.333333
v 4.506118 -6.252961 9.500000
v 5.284195 -6.179814 9.655646
v 5.138234 -6.321235 9.488980
v 4.992272 -6.462656 9.388980
v 4.846310 -6.604076 9.355646
v 4.700348 -6.745497 9.388980
v 4.554386 -6.886918 9.488980
v 4.408424 -7.028339 9.655646
v 5.806042 -6.354927 9.784479
v 5.599528 -6.555015 9.617812
v 5.393015 -6.755103 9.517812
v 5.186501 -6.955192 9.484479
v 4.979988 -7.155280 9.517812
v 4.773474 -7.355369 9.617812
v 4.566961 -7.555457 9.784479
v 6.256611 -6.599098 9.862917
v 6.013305 -6.834834 9.696250
v 5.769999 -7.070571 9.596250
v 5.526693 -7.306307 9.562917
v 5.283387 -7.542044 9.596250
v 5.040080 -7.777780 9.696250
v 4.796774 -8.013516 9.862917
v 6.650270 -6.898409 9.873458
v 6.389142 -7.151414 9.706792
v 6.128013 -7.404418 9.606792
v 5.866884 -7.657423 9.573458
v 5.605756 -7.910427 9.606792
v 5.344627 -8.163431 9.706792
v 5.083498 -8.416436 9.873458
v 6.990462 -7.249525 9.806792
v 6.729333 -7.502529 9.640125
v 6.468204 -7.755534 9.540125
v 6.207076 -8.008538 9.506792
v 5.945947 -8.261542 9.540125
v 5.684819 -8.514547 9.640125
v 5.423690 -8.767551 9.806792
v 7.277186 -7.652444 9.662917
v 7.033880 -7.888181 9.496250
v 6.790574 -8.123917 9.396250
v 6.547267 -8.359654 9.362917
v 6.303961 -8.595390 9.396250
v 6.060655 -8.831126 9.496250
v 5.817349 -9.066863 9.662917
v 7.506999 -8.110504 9.451145
v 7.300486 -8.310592 9.284479
v 7.093972 -8.510681 9.184479
v 6.887459 -8.710769 9.151145
v 6.680945 -8.910857 9.184479
v 6.474432 -9.110946 9.284479
v 6.267919 -9.311034 9.451145
v 7.665536 -8.637622 9.188980
v 7.519574 -8.779043 9.022313
v 7.373612 -8.920464 8.922313
v 7.227650 -9.061884 8.888980
v 7.081689 -9.203305 8.922313
v 6.935727 -9.344726 9.022313
v 6.789765 -9.486147 9.188980
v 7.567842 -9.413000 8.900000
v 7.567842 -9.413000 8.733333
v 7.567842 -9.413000 8.633333
v 7.567842 -9.413000 8.600000
v 7.567842 -9.413000 8.633333
v 7.567842 -9.413000 8.733333
v 7.567842 -9.413000 8.900000
v 4.057246 -6.488934 9.500000
v 4.057246 -6.488934 9.333333
v 4.057246 -6.488934 9.233333
v 4.057246 -6.488934 9.200000
v 4.057246 -6.488934 9.233333
v 4.057246 -6.488934 9.333333
v 4.057246 -6.488934 9.500000
v 4.751353 -6.848060 9.655646
v 4.552104 -6.888117 9.488980
v 4.352855 -6.928175 9.388980
v 4.153606 -6.968233 9.355646
v 3.954358 -7.008291 9.388980
v 3.755109 -7.048348 9.488980
v 3.555860 -7.088406 9.655646
v 5.095685 -7.277505 9.784479
v 4.813779 -7.334180 9.617812
v 4.531873 -7.390856 9.517812
v 4.249966 -7.447531 9.484479
v 3.968060 -7.504207 9.517812
v 3.686154 -7.560882 9.617812
v 3.404248 -7.617558 9.784479
v 5.342719 -7.726511 9.862917
v 5.010588 -7.793284 9.696250
v 4.678457 -7.860057 9.596250
v 4.346326 -7.926830 9.562917
v 4.014196 -7.993603 9.596250
v 3.682065 -8.060376 9.696250
v 3.349934 -8.127148 9.862917
v 5.512066 -8.191136 9.873458
v 5.155606 -8.262800 9.706792
v 4.799146 -8.334464 9.606792
v 4.442686 -8.406128 9.573458
v 4.086226 -8.477792 9.606792
v 3.729767 -8.549457 9.706792
v 3.373307 -8.621121 9.873458
v 5.608426 -8.670435 9.806792
v 5.251966 -8.742099 9.640125
v 4.895506 -8.813763 9.540125
v 4.539046 -8.885427 9.506792
v 4.182586 -8.957091 9.540125
v 3.826127 -9.028755 9.640125
v 3.469667 -9.100419 9.806792
v 5.631799 -9.164407 9.662917
v 5.299668 -9.231180 9.496250
v 4.967537 -9.297953 9.396250
v 4.635406 -9.364726 9.362917
v 4.303276 -9.431498 9.396250
v 3.971145 -9.498271 9.496250
v 3.639014 -9.565044 9.662917
v 5.577485 -9.673998 9.451145
v 5.295579 -9.730673 9.284479
v 5.013672 -9.787349 9.184479
v 4.731766 -9.844024 9.151145
v 4.449860 -9.900700 9.184479
v 4.167954 -9.957375 9.284479
v 3.886048 -10.014051 9.451145
v 5.425873 -10.203149 9.188980
v 5.226624 -10.243207 9.022313
v 5.027375 -10.283265 8.922313
v 4.828126 -10.323323 8.888980
v 4.628878 -10.363380 8.922313
v 4.429629 -10.403438 9.022313
v 4.230380 -10.443496 9.188980
v 4.924486 -10.802621 8.900000
v 4.924486 -10.802621 8.733333
v 4.924486 -10.802621 8.633333
v 4.924486 -10.802621 8.600000
v 4.924486 -10.802621 8.633333
v 4.924486 -10.802621 8.733333
v 4.924486 -10.802621 8.900000
v 3.552055 -6.444769 9.500000
v 3.552055 -6.444769 9.333333
v 3.552055 -6.444769 9.233333
v 3.552055 -6.444769 9.200000
v 3.552055 -6.444769 9.233333
v 3.552055 -6.444769 9.333333
v 3.552055 -6.444769 9.500000
v 3.941816 -7.122147 9.655646
v 3.752541 -7.048124 9.488980
v 3.563265 -6.974100 9.388980
v 3.373989 -6.900077 9.355646
v 3.184714 -6.826054 9.388980
v 2.995438 -6.752030 9.488980
v 2.806163 -6.678007 9.655646
v 3.999311 -7.669579 9.784479
v 3.731515 -7.564848 9.617812
v 3.463720 -7.460116 9.517812
v 3.195924 -7.355385 9.484479
v 2.928129 -7.250653 9.517812
v 2.660333 -7.145922 9.617812
v 2.392538 -7.041190 9.784479
v 3.964378 -8.180864 9.862917
v 3.648872 -8.057474 9.696250
v 3.333365 -7.934083 9.596250
v 3.017859 -7.810693 9.562917
v 2.702353 -7.687302 9.596250
v 2.386846 -7.563911 9.696250
v 2.071340 -7.440521 9.862917
v 3.855647 -8.663288 9.873458
v 3.517029 -8.530859 9.706792
v 3.178412 -8.398429 9.606792
v 2.839794 -8.266000 9.573458
v 2.501176 -8.133571 9.606792
v 2.162559 -8.001142 9.706792
v 1.823941 -7.868713 9.873458
v 3.677582 -9.118595 9.806792
v 3.338964 -8.986166 9.640125
v 3.000346 -8.853737 9.540125
v 2.661729 -8.721308 9.506792
v 2.323111 -8.588879 9.540125
v 1.984493 -8.456450 9.640125
v 1.645876 -8.324021 9.806792
v 3.430183 -9.546788 9.662917
v 3.114676 -9.423397 9.496250
v 2.799170 -9.300006 9.396250
v 2.483664 -9.176616 9.362917
v 2.168157 -9.053225 9.396250
v 1.852651 -8.929835 9.496250
v 1.537144 -8.806444 9.662917
v 3.108985 -9.946118 9.451145
v 2.841190 -9.841387 9.284479
v 2.573394 -9.736655 9.184479
v 2.305598 -9.631924 9.151145
v 2.037803 -9.527192 9.184479
v 1.770007 -9.422461 9.284479
v 1.502212 -9.317729 9.451145
v 2.695360 -10.309301 9.188980
v 2.506085 -10.235278 9.022313
v 2.316809 -10.161255 8.922313
v 2.127533 -10.087231 8.888980
v 1.938258 -10.013208 8.922313
v 1.748982 -9.939185 9.022313
v 1.559706 -9.865161 9.188980
v 1.949468 -10.542539 8.900000
v 1.949468 -10.542539 8.733333
v 1.949468 -10.542539 8.633333
v 1.949468 -10.542539 8.600000
v 1.949468 -10.542539 8.633333
v 1.949468 -10.542539 8.733333
v 1.949468 -10.542539 8.900000
v 3.150938 -6.134488 9.500000
v 3.150938 -6.134488 9.333333
v 3.150938 -6.134488 9.233333
v 3.150938 -6.134488 9.200000
v 3.150938 -6.134488 9.233333
v 3.150938 -6.134488 9.333333
v 3.150938 -6.134488 9.500000
v 3.112608 -6.915056 9.655646
v 2.993399 -6.750453 9.488980
v 2.874190 -6.585851 9.388980
v 2.754982 -6.421248 9.355646
v 2.635773 -6.256646 9.388980
v 2.516564 -6.092043 9.488980
v 2.397355 -5.927441 9.655646
v 2.865011 -7.406669 9.784479
v 2.696349 -7.173782 9.617812
v 2.527688 -6.940895 9.517812
v 2.359026 -6.708008 9.484479
v 2.190364 -6.475121 9.517812
v 2.021702 -6.242234 9.617812
v 1.853040 -6.009347 9.784479
v 2.559202 -7.817903 9.862917
v 2.360492 -7.543525 9.696250
v 2.161781 -7.269146 9.596250
v 1.963070 -6.994768 9.562917
v 1.764359 -6.720390 9.596250
v 1.565648 -6.446011 9.696250
v 1.366937 -6.171633 9.862917
v 2.206914 -8.164959 9.873458
v 1.993647 -7.870482 9.706792
v 1.780381 -7.576005 9.606792
v 1.567114 -7.281528 9.573458
v 1.353847 -6.987051 9.606792
v 1.140581 -6.692574 9.706792
v 0.927314 -6.398097 9.873458
v 1.810958 -8.451719 9.806792
v 1.597691 -8.157242 9.640125
v 1.384425 -7.862765 9.540125
v 1.171158 -7.568288 9.506792
v 0.957891 -7.273811 9.540125
v 0.744625 -6.979334 9.640125
v 0.531358 -6.684857 9.806792
v 1.371335 -8.678183 9.662917
v 1.172624 -8.403805 9.496250
v 0.973913 -8.129426 9.396250
v 0.775202 -7.855048 9.362917
v 0.576491 -7.580669 9.396250
v 0.377780 -7.306291 9.496250
v 0.179070 -7.031913 9.662917
v 0.885232 -8.840469 9.451145
v 0.716570 -8.607582 9.284479
v 0.547908 -8.374695 9.184479
v 0.379246 -8.141808 9.151145
v 0.210584 -7.908921 9.184479
v 0.041923 -7.676034 9.284479
v -0.126739 -7.443147 9.451145
v 0.340917 -8.922375 9.188980
v 0.221708 -8.757773 9.022313
v 0.102499 -8.593170 8.922313
v -0.016710 -8.428568 8.888980
v -0.135918 -8.263965 8.922313
v -0.255127 -8.099363 9.022313
v -0.374336 -7.934760 9.188980
v -0.412666 -8.715328 8.900000
v -0.412666 -8.715328 8.733333
v -0.412666 -8.715328 8.633333
v -0.412666 -8.715328 8.600000
v -0.412666 -8.715328 8.633333
v -0.412666 -8.715328 8.733333
v -0.412666 -8.715328 8.900000
v 2.981247 -5.656603 9.500000
v 2.981247 -5.656603 9.333333
v 2.981247 -5.656603 9.233333
v 2.981247 -5.656603 9.200000
v 2.981247 -5.656603 9.233333
v 2.981247 -5.656603 9.333333
v 2.981247 -5.656603 9.500000
v 2.526996 -6.292535 9.655646
v 2.515702 -6.089614 9.488980
v 2.504408 -5.886692 9.388980
v 2.493114 -5.683771 9.355646
v 2.481820 -5.480849 9.388980
v 2.470526 -5.277928 9.488980
v 2.459232 -5.075006 9.655646
v 2.052918 -6.572246 9.784479
v 2.036939 -6.285144 9.617812
v 2.020959 -5.998041 9.517812
v 2.004980 -5.710939 9.484479
v 1.989001 -5.423836 9.517812
v 1.973022 -5.136734 9.617812
v 1.957043 -4.849631 9.784479
v 1.573325 -6.752866 9.862917
v 1.554499 -6.414613 9.696250
v 1.535673 -6.076360 9.596250
v 1.516847 -5.738107 9.562917
v 1.498021 -5.399854 9.596250
v 1.479195 -5.061600 9.696250
v 1.460369 -4.723347 9.862917
v 1.089329 -6.854366 9.873458
v 1.069124 -6.491335 9.706792
v 1.048918 -6.128305 9.606792
v 1.028713 -5.765274 9.573458
v 1.008508 -5.402244 9.606792
v 0.988303 -5.039213 9.706792
v 0.968098 -4.676183 9.873458
v 0.601195 -6.881534 9.806792
v 0.580990 -6.518503 9.640125
v 0.560785 -6.155473 9.540125
v 0.540580 -5.792442 9.506792
v 0.520375 -5.429412 9.540125
v 0.500170 -5.066381 9.640125
v 0.479965 -4.703351 9.806792
v 0.108925 -6.834369 9.662917
v 0.090099 -6.496116 9.496250
v 0.071273 -6.157863 9.396250
v 0.052447 -5.819610 9.362917
v 0.033620 -5.481357 9.396250
v 0.014794 -5.143104 9.496250
v -0.004032 -4.804851 9.662917
v -0.387749 -6.708086 9.451145
v -0.403729 -6.420983 9.284479
v -0.419708 -6.133881 9.184479
v -0.435687 -5.846778 9.151145
v -0.451666 -5.559676 9.184479
v -0.467645 -5.272573 9.284479
v -0.483624 -4.985471 9.451145
v -0.889939 -6.482711 9.188980
v -0.901232 -6.279789 9.022313
v -0.912526 -6.076868 8.922313
v -0.923820 -5.873946 8.888980
v -0.935114 -5.671024 8.922313
v -0.946408 -5.468103 9.022313
v -0.957702 -5.265181 9.188980
v -1.411954 -5.901114 8.900000
v -1.411954 -5.901114 8.733333
v -1.411954 -5.901114 8.633333
v -1.411954 -5.901114 8.600000
v -1.411954 -5.901114 8.633333
v -1.411954 -5.901114 8.733333
v -1.411954 -5.901114 8.900000
v 3.096859 -5.162838 9.500000
v 3.096859 -5.162838 9.333333
v 3.096859 -5.162838 9.233333
v 3.096859 -5.162838 9.200000
v 3.096859 -5.162838 9.233333
v 3.096859 -5.162838 9.333333
v 3.096859 -5.162838 9.500000
v 2.370907 -5.452232 9.655646
v 2.471113 -5.275418 9.488980
v 2.571320 -5.098603 9.388980
v 2.671527 -4.921789 9.355646
v 2.771733 -4.744974 9.388980
v 2.871940 -4.568160 9.488980
v 2.972147 -4.391345 9.655646
v 1.820864 -5.431234 9.784479
v 1.962641 -5.181069 9.617812
v 2.104418 -4.930904 9.517812
v 2.246195 -4.680739 9.484479
v 2.387971 -4.430574 9.517812
v 2.529748 -4.180409 9.617812
v 2.671525 -3.930244 9.784479
v 1.319755 -5.323893 9.862917
v 1.486791 -5.029159 9.696250
v 1.653827 -4.734424 9.596250
v 1.820863 -4.439689 9.562917
v 1.987899 -4.144955 9.596250
v 2.154934 -3.850220 9.696250
v 2.321970 -3.555485 9.862917
v 0.857716 -5.147613 9.873458
v 1.036988 -4.831288 9.706792
v 1.216259 -4.514964 9.606792
v 1.395531 -4.198639 9.573458
v 1.574802 -3.882315 9.606792
v 1.754074 -3.565991 9.706792
v 1.933345 -3.249666 9.873458
v 0.432384 -4.906563 9.806792
v 0.611656 -4.590238 9.640125
v 0.790927 -4.273914 9.540125
v 0.970199 -3.957590 9.506792
v 1.149470 -3.641265 9.540125
v 1.328742 -3.324941 9.640125
v 1.508013 -3.008616 9.806792
v 0.043759 -4.600744 9.662917
v 0.210795 -4.306009 9.496250
v 0.377831 -4.011275 9.396250
v 0.544866 -3.716540 9.362917
v 0.711902 -3.421805 9.396250
v 0.878938 -3.127071 9.496250
v 1.045974 -2.832336 9.662917
v -0.305796 -4.225985 9.451145
v -0.164019 -3.975820 9.284479
v -0.022242 -3.725655 9.184479
v 0.119534 -3.475490 9.151145
v 0.261311 -3.225325 9.184479
v 0.403088 -2.975160 9.284479
v 0.544865 -2.724995 9.451145
v -0.606417 -3.764884 9.188980
v -0.506211 -3.588069 9.022313
v -0.406004 -3.411255 8.922313
v -0.305798 -3.234440 8.888980
v -0.205591 -3.057626 8.922313
v -0.105384 -2.880811 9.022313
v -0.005178 -2.703997 9.188980
v -0.731130 -2.993391 8.900000
v -0.731130 -2.993391 8.733333
v -0.731130 -2.993391 8.633333
v -0.731130 -2.993391 8.600000
v -0.731130 -2.993391 8.633333
v -0.731130 -2.993391 8.733333
v -0.731130 -2.993391 8.900000
v 3.461067 -4.809962 9.500000
v 3.461067 -4.809962 9.333333
v 3.461067 -4.809962 9.233333
v 3.461067 -4.809962 9.200000
v 3.461067 -4.809962 9.233333
v 3.461067 -4.809962 9.333333
v 3.461067 -4.809962 9.500000
v 2.693899 -4.660936 9.655646
v 2.873791 -4.566366 9.488980
v 3.053684 -4.471796 9.388980
v 3.233576 -4.377226 9.355646
v 3.413468 -4.282656 9.388980
v 3.593360 -4.188086 9.488980
v 3.773253 -4.093516 9.655646
v 2.242526 -4.345896 9.784479
v 2.497046 -4.212094 9.617812
v 2.751566 -4.078292 9.517812
v 3.006085 -3.944490 9.484479
v 3.260605 -3.810688 9.517812
v 3.515124 -3.676886 9.617812
v 3.769644 -3.543085 9.784479
v 1.878999 -3.984675 9.862917
v 2.178864 -3.827035 9.696250
v 2.478729 -3.669394 9.596250
v 2.778594 -3.511754 9.562917
v 3.078460 -3.354114 9.596250
v 3.378325 -3.196474 9.696250
v 3.678190 -3.038834 9.862917
v 1.585612 -3.586581 9.873458
v 1.907442 -3.417394 9.706792
v 2.229273 -3.248206 9.606792
v 2.551104 -3.079019 9.573458
v 2.872934 -2.909831 9.606792
v 3.194765 -2.740643 9.706792
v 3.516596 -2.571456 9.873458
v 1.358121 -3.153845 9.806792
v 1.679952 -2.984658 9.640125
v 2.001782 -2.815470 9.540125
v 2.323613 -2.646283 9.506792
v 2.645444 -2.477095 9.540125
v 2.967274 -2.307908 9.640125
v 3.289105 -2.138720 9.806792
v 1.196527 -2.686467 9.662917
v 1.496392 -2.528827 9.496250
v 1.796257 -2.371187 9.396250
v 2.096122 -2.213547 9.362917
v 2.395987 -2.055907 9.396250
v 2.695852 -1.898267 9.496250
v 2.995718 -1.740626 9.662917
v 1.105073 -2.182217 9.451145
v 1.359592 -2.048415 9.284479
v 1.614112 -1.914613 9.184479
v 1.868631 -1.780811 9.151145
v 2.123151 -1.647009 9.184479
v 2.377671 -1.513207 9.284479
v 2.632190 -1.379405 9.451145
v 1.101464 -1.631785 9.188980
v 1.281356 -1.537215 9.022313
v 1.461248 -1.442645 8.922313
v 1.641141 -1.348075 8.888980
v 1.821033 -1.253505 8.922313
v 2.000925 -1.158935 9.022313
v 2.180818 -1.064365 9.188980
v 1.413650 -0.915339 8.900000
v 1.413650 -0.915339 8.733333
v 1.413650 -0.915339 8.633333
v 1.413650 -0.915339 8.600000
v 1.413650 -0.915339 8.633333
v 1.413650 -0.915339 8.733333
v 1.413650 -0.915339 8.900000
v 3.958237 -4.710009 9.500000
v 3.958237 -4.710009 9.333333
v 3.958237 -4.710009 9.233333
v 3.958237 -4.710009 9.200000
v 3.958237 -4.710009 9.233333
v 3.958237 -4.710009 9.333333
v 3.958237 -4.710009 9.500000
v 3.393424 -4.169878 9.655646
v 3.595888 -4.187578 9.488980
v 3.798351 -4.205278 9.388980
v 4.000815 -4.222977 9.355646
v 4.203278 -4.240677 9.388980
v 4.405741 -4.258377 9.488980
v 4.608205 -4.276077 9.655646
v 3.184029 -3.660819 9.784479
v 3.470483 -3.685861 9.617812
v 3.756938 -3.710904 9.517812
v 4.043392 -3.735946 9.484479
v 4.329846 -3.760989 9.517812
v 4.616300 -3.786031 9.617812
v 4.902755 -3.811073 9.784479
v 3.073501 -3.160403 9.862917
v 3.410990 -3.189907 9.696250
v 3.748480 -3.219411 9.596250
v 4.085969 -3.248915 9.562917
v 4.423458 -3.278419 9.596250
v 4.760948 -3.307923 9.696250
v 5.098437 -3.337427 9.862917
v 3.041914 -2.666888 9.873458
v 3.404125 -2.698553 9.706792
v 3.766336 -2.730218 9.606792
v 4.128546 -2.761883 9.573458
v 4.490757 -2.793549 9.606792
v 4.852968 -2.825214 9.706792
v 5.215179 -2.856879 9.873458
v 3.084491 -2.179856 9.806792
v 3.446702 -2.211522 9.640125
v 3.808913 -2.243187 9.540125
v 4.171124 -2.274852 9.506792
v 4.533334 -2.306517 9.540125
v 4.895545 -2.338183 9.640125
v 5.257756 -2.369848 9.806792
v 3.201233 -1.699309 9.662917
v 3.538722 -1.728813 9.496250
v 3.876212 -1.758317 9.396250
v 4.213701 -1.787821 9.362917
v 4.551190 -1.817325 9.396250
v 4.888680 -1.846829 9.496250
v 5.226169 -1.876333 9.662917
v 3.396915 -1.225662 9.451145
v 3.683370 -1.250705 9.284479
v 3.969824 -1.275747 9.184479
v 4.256278 -1.300789 9.151145
v 4.542732 -1.325832 9.184479
v 4.829187 -1.350874 9.284479
v 5.115641 -1.375917 9.451145
v 3.691465 -0.760659 9.188980
v 3.893929 -0.778359 9.022313
v 4.096392 -0.796058 8.922313
v 4.298855 -0.813758 8.888980
v 4.501319 -0.831458 8.922313
v 4.703782 -0.849158 9.022313
v 4.906246 -0.866857 9.188980
v 4.341433 -0.326727 8.900000
v 4.341433 -0.326727 8.733333
v 4.341433 -0.326727 8.633333
v 4.341433 -0.326727 8.600000
v 4.341433 -0.326727 8.633333
v 4.341433 -0.326727 8.733333
v 4.341433 -0.326727 8.900000
v 4.430523 -4.894714 9.500000
v 4.430523 -4.894714 9.333333
v 4.430523 -4.894714 9.233333
v 4.430523 -4.894714 9.200000
v 4.430523 -4.894714 9.233333
v 4.430523 -4.894714 9.333333
v 4.430523 -4.894714 9.500000
v 4.247388 -4.134966 9.655646
v 4.408142 -4.259316 9.488980
v 4.568896 -4.383666 9.388980
v 4.729650 -4.508016 9.355646
v 4.890404 -4.632366 9.388980
v 5.051158 -4.756716 9.488980
v 5.211911 -4.881066 9.655646
v 4.346452 -3.593510 9.784479
v 4.573894 -3.769446 9.617812
v 4.801335 -3.945382 9.517812
v 5.028777 -4.121318 9.484479
v 5.256219 -4.297254 9.517812
v 5.483661 -4.473190 9.617812
v 5.711102 -4.649126 9.784479
v 4.524015 -3.112778 9.862917
v 4.791978 -3.320059 9.696250
v 5.059941 -3.527339 9.596250
v 5.327904 -3.734620 9.562917
v 5.595867 -3.941901 9.596250
v 5.863830 -4.149182 9.696250
v 6.131793 -4.356463 9.862917
v 4.764257 -2.680529 9.873458
v 5.051848 -2.902993 9.706792
v 5.339440 -3.125458 9.606792
v 5.627032 -3.347922 9.573458
v 5.914623 -3.570387 9.606792
v 6.202215 -3.792851 9.706792
v 6.489807 -4.015316 9.873458
v 5.063384 -2.293831 9.806792
v 5.350976 -2.516296 9.640125
v 5.638567 -2.738760 9.540125
v 5.926159 -2.961225 9.506792
v 6.213751 -3.183689 9.540125
v 6.501342 -3.406153 9.640125
v 6.788934 -3.628618 9.806792
v 5.421397 -1.952684 9.662917
v 5.689360 -2.159965 9.496250
v 5.957323 -2.367246 9.396250
v 6.225286 -2.574527 9.362917
v 6.493249 -2.781808 9.396250
v 6.761212 -2.989088 9.496250
v 7.029175 -3.196369 9.662917
v 5.842089 -1.660021 9.451145
v 6.069530 -1.835957 9.284479
v 6.296972 -2.011893 9.184479
v 6.524414 -2.187829 9.151145
v 6.751855 -2.363765 9.184479
v 6.979297 -2.539701 9.284479
v 7.206739 -2.715637 9.451145
v 6.341279 -1.428081 9.188980
v 6.502033 -1.552431 9.022313
v 6.662787 -1.676781 8.922313
v 6.823541 -1.801131 8.888980
v 6.984295 -1.925481 8.922313
v 7.145049 -2.049831 9.022313
v 7.305803 -2.174181 9.188980
v 7.122668 -1.414433 8.900000
v 7.122668 -1.414433 8.733333
v 7.122668 -1.414433 8.633333
v 7.122668 -1.414433 8.600000
v 7.122668 -1.414433 8.633333
v 7.122668 -1.414433 8.733333
v 7.122668 -1.414433 8.900000
v 4.727975 -5.305434 9.500000
v 4.727975 -5.305434 9.333333
v 4.727975 -5.305434 9.233333
v 4.727975 -5.305434 9.200000
v 4.727975 -5.305434 9.233333
v 4.727975 -5.305434 9.333333
v 4.727975 -5.305434 9.500000
v 4.984664 -4.567284 9.655646
v 5.052670 -4.758804 9.488980
v 5.120676 -4.950324 9.388980
v 5.188682 -5.141844 9.355646
v 5.256688 -5.333363 9.388980
v 5.324694 -5.524883 9.488980
v 5.392700 -5.716403 9.655646
v 5.360734 -4.165340 9.784479
v 5.456952 -4.436311 9.617812
v 5.553170 -4.707282 9.517812
v 5.649388 -4.978253 9.484479
v 5.745606 -5.249224 9.517812
v 5.841824 -5.520195 9.617812
v 5.938042 -5.791166 9.784479
v 5.770014 -3.856920 9.862917
v 5.883374 -4.176168 9.696250
v 5.996734 -4.495415 9.596250
v 6.110095 -4.814663 9.562917
v 6.223455 -5.133910 9.596250
v 6.336815 -5.453157 9.696250
v 6.450176 -5.772405 9.862917
v 6.205809 -3.623174 9.873458
v 6.327473 -3.965806 9.706792
v 6.449137 -4.308439 9.606792
v 6.570801 -4.651072 9.573458
v 6.692465 -4.993705 9.606792
v 6.814130 -5.336338 9.706792
v 6.935794 -5.678970 9.873458
v 6.666515 -3.459583 9.806792
v 6.788180 -3.802216 9.640125
v 6.909844 -4.144849 9.540125
v 7.031508 -4.487482 9.506792
v 7.153172 -4.830114 9.540125
v 7.274836 -5.172747 9.640125
v 7.396500 -5.515380 9.806792
v 7.152133 -3.366149 9.662917
v 7.265494 -3.685396 9.496250
v 7.378854 -4.004644 9.396250
v 7.492214 -4.323891 9.362917
v 7.605575 -4.643139 9.396250
v 7.718935 -4.962386 9.496250
v 7.832295 -5.281634 9.662917
v 7.664267 -3.347388 9.451145
v 7.760485 -3.618359 9.284479
v 7.856703 -3.889330 9.184479
v 7.952921 -4.160301 9.151145
v 8.049139 -4.431272 9.184479
v 8.145357 -4.702243 9.284479
v 8.241575 -4.973213 9.451145
v 8.209609 -3.422150 9.188980
v 8.277615 -3.613670 9.022313
v 8.345621 -3.805190 8.922313
v 8.413627 -3.996710 8.888980
v 8.481633 -4.188230 8.922313
v 8.549640 -4.379750 9.022313
v 8.617646 -4.571270 9.188980
v 8.874334 -3.833120 8.900000
v 8.874334 -3.833120 8.733333
v 8.874334 -3.833120 8.633333
v 8.874334 -3.833120 8.600000
v 8.874334 -3.833120 8.633333
v 8.874334 -3.833120 8.733333
v 8.874334 -3.833120 8.900000
v 11.687731 9.642971 10.700000
v 11.687731 9.642971 10.533333
v 11.687731 9.642971 10.433333
v 11.687731 9.642971 10.400000
v 11.687731 9.642971 10.433333
v 11.687731 9.642971 10.533333
v 11.687731 9.642971 10.700000
v 12.396480 9.972259 10.855646
v 12.306254 9.790149 10.688980
v 12.216028 9.608039 10.588980
v 12.125802 9.425929 10.555646
v 12.035575 9.243819 10.588980
v 11.945349 9.061710 10.688980
v 11.855123 8.879600 10.855646
v 12.946839 9.981859 10.984479
v 12.819183 9.724202 10.817812
v 12.691528 9.466545 10.717812
v 12.563872 9.208888 10.684479
v 12.436216 8.951231 10.717812
v 12.308560 8.693574 10.817812
v 12.180904 8.435917 10.984479
v 13.453139 9.902531 11.062917
v 13.302740 9.598970 10.896250
v 13.152341 9.295408 10.796250
v 13.001942 8.991847 10.762917
v 12.851543 8.688285 10.796250
v 12.701143 8.384724 10.896250
v 12.550744 8.081162 11.062917
v 13.924260 9.752199 11.073458
v 13.762844 9.426401 10.906792
v 13.601428 9.100603 10.806792
v 13.440012 8.774805 10.773458
v 13.278596 8.449008 10.806792
v 13.117180 8.123210 10.906792
v 12.955763 7.797412 11.073458
v 14.362330 9.535158 11.006792
v 14.200914 9.209360 10.840125
v 14.039498 8.883562 10.740125
v 13.878082 8.557764 10.706792
v 13.716666 8.231966 10.740125
v 13.555250 7.906168 10.840125
v 13.393834 7.580371 11.006792
v 14.767350 9.251407 10.862917
v 14.616950 8.947846 10.696250
v 14.466551 8.644284 10.596250
v 14.316152 8.340723 10.562917
v 14.165753 8.037161 10.596250
v 14.015354 7.733600 10.696250
v 13.864955 7.430038 10.862917
v 15.137190 8.896653 10.651145
v 15.009534 8.638996 10.484479
v 14.881878 8.381338 10.384479
v 14.754222 8.123681 10.351145
v 14.626566 7.866024 10.384479
v 14.498910 7.608367 10.484479
v 14.371255 7.350710 10.651145
v 15.462971 8.452970 10.388980
v 15.372744 8.270860 10.222313
v 15.282518 8.088750 10.122313
v 15.192292 7.906640 10.088980
v 15.102066 7.724530 10.122313
v 15.011840 7.542421 10.222313
v 14.921614 7.360311 10.388980
v 15.630362 7.689599 10.100000
v 15.630362 7.689599 9.933333
v 15.630362 7.689599 9.833333
v 15.630362 7.689599 9.800000
v 15.630362 7.689599 9.833333
v 15.630362 7.689599 9.933333
v 15.630362 7.689599 10.100000
v 11.343696 9.270400 10.700000
v 11.343696 9.270400 10.533333
v 11.343696 9.270400 10.433333
v 11.343696 9.270400 10.400000
v 11.343696 9.270400 10.433333
v 11.343696 9.270400 10.533333
v 11.343696 9.270400 10.700000
v 12.117960 9.164236 10.855646
v 11.943601 9.059816 10.688980
v 11.769242 8.955395 10.588980
v 11.594883 8.850975 10.555646
v 11.420524 8.746554 10.588980
v 11.246165 8.642133 10.688980
v 11.071806 8.537713 10.855646
v 12.586142 8.874766 10.984479
v 12.339451 8.727027 10.817812
v 12.092760 8.579288 10.717812
v 11.846069 8.431549 10.684479
v 11.599378 8.283810 10.717812
v 11.352688 8.136071 10.817812
v 11.105997 7.988332 10.984479
v 12.969181 8.534305 11.062917
v 12.678539 8.360244 10.896250
v 12.387898 8.186184 10.796250
v 12.097256 8.012124 10.762917
v 11.806614 7.838064 10.796250
v 11.515973 7.664003 10.896250
v 11.225331 7.489943 11.062917
v 13.284237 8.153130 11.073458
v 12.972306 7.966319 10.906792
v 12.660374 7.779509 10.806792
v 12.348443 7.592699 10.773458
v 12.036511 7.405888 10.806792
v 11.724580 7.219078 10.906792
v 11.412648 7.032267 11.073458
v 13.535424 7.733704 11.006792
v 13.223492 7.546894 10.840125
v 12.911561 7.360084 10.740125
v 12.599629 7.173273 10.706792
v 12.287698 6.986463 10.740125
v 11.975766 6.799652 10.840125
v 11.663835 6.612842 11.006792
v 13.722741 7.276029 10.862917
v 13.432099 7.101968 10.696250
v 13.141457 6.927908 10.596250
v 12.850816 6.753848 10.562917
v 12.560174 6.579788 10.596250
v 12.269533 6.405727 10.696250
v 11.978891 6.231667 10.862917
v 13.842075 6.777639 10.651145
v 13.595384 6.629900 10.484479
v 13.348693 6.482161 10.384479
v 13.102002 6.334423 10.351145
v 12.855312 6.186684 10.384479
v 12.608621 6.038945 10.484479
v 12.361930 5.891206 10.651145
v 13.876266 6.228259 10.388980
v 13.701907 6.123838 10.222313
v 13.527548 6.019418 10.122313
v 13.353189 5.914997 10.088980
v 13.178830 5.810577 10.122313
v 13.004471 5.706156 10.222313
v 12.830112 5.601735 10.388980
v 13.604376 5.495572 10.100000
v 13.604376 5.495572 9.933333
v 13.604376 5.495572 9.833333
v 13.604376 5.495572 9.800000
v 13.604376 5.495572 9.833333
v 13.604376 5.495572 9.933333
v 13.604376 5.495572 10.100000
v 10.852848 9.142973 10.700000
v 10.852848 9.142973 10.533333
v 10.852848 9.142973 10.433333
v 10.852848 9.142973 10.400000
v 10.852848 9.142973 10.433333
v 10.852848 9.142973 10.533333
v 10.852848 9.142973 10.700000
v 11.446804 8.635064 10.855646
v 11.243670 8.641486 10.688980
v 11.040535 8.647907 10.588980
v 10.837401 8.654328 10.555646
v 10.634267 8.660750 10.588980
v 10.431133 8.667171 10.688980
v 10.227999 8.673593 10.855646
v 11.684164 8.138428 10.984479
v 11.396761 8.147513 10.817812
v 11.109358 8.156598 10.717812
v 10.821954 8.165684 10.684479
v 10.534551 8.174769 10.717812
v 10.247148 8.183854 10.817812
v 9.959745 8.192939 10.984479
v 11.822330 7.644927 11.062917
v 11.483722 7.655631 10.896250
v 11.145115 7.666335 10.796250
v 10.806508 7.677039 10.762917
v 10.467900 7.687743 10.796250
v 10.129293 7.698447 10.896250
v 9.790686 7.709150 11.062917
v 11.881293 7.153930 11.073458
v 11.517882 7.165418 10.906792
v 11.154472 7.176906 10.806792
v 10.791061 7.188394 10.773458
v 10.427650 7.199882 10.806792
v 10.064239 7.211370 10.906792
v 9.700828 7.222858 11.073458
v 11.865846 6.665285 11.006792
v 11.502436 6.676773 10.840125
v 11.139025 6.688261 10.740125
v 10.775614 6.699749 10.706792
v 10.412203 6.711237 10.740125
v 10.048792 6.722725 10.840125
v 9.685382 6.734213 11.006792
v 11.775989 6.178993 10.862917
v 11.437382 6.189697 10.696250
v 11.098775 6.200400 10.596250
v 10.760167 6.211104 10.562917
v 10.421560 6.221808 10.596250
v 10.082952 6.232512 10.696250
v 9.744345 6.243216 10.862917
v 11.606930 5.695204 10.651145
v 11.319527 5.704289 10.484479
v 11.032124 5.713374 10.384479
v 10.744720 5.722460 10.351145
v 10.457317 5.731545 10.384479
v 10.169914 5.740630 10.484479
v 9.882511 5.749715 10.651145
v 11.338676 5.214551 10.388980
v 11.135542 5.220972 10.222313
v 10.932408 5.227393 10.122313
v 10.729274 5.233815 10.088980
v 10.526139 5.240236 10.122313
v 10.323005 5.246658 10.222313
v 10.119871 5.253079 10.388980
v 10.713827 4.745170 10.100000
v 10.713827 4.745170 9.933333
v 10.713827 4.745170 9.833333
v 10.713827 4.745170 9.800000
v 10.713827 4.745170 9.833333
v 10.713827 4.745170 9.933333
v 10.713827 4.745170 10.100000
v 10.371028 9.301147 10.700000
v 10.371028 9.301147 10.533333
v 10.371028 9.301147 10.433333
v 10.371028 9.301147 10.400000
v 10.371028 9.301147 10.433333
v 10.371028 9.301147 10.533333
v 10.371028 9.301147 10.700000
v 10.596099 8.552751 10.855646
v 10.428684 8.667975 10.688980
v 10.261268 8.783200 10.588980
v 10.093852 8.898424 10.555646
v 9.926437 9.013649 10.588980
v 9.759021 9.128874 10.688980
v 9.591605 9.244098 10.855646
v 10.527278 8.006627 10.984479
v 10.290411 8.169652 10.817812
v 10.053544 8.332676 10.717812
v 9.816676 8.495701 10.684479
v 9.579809 8.658726 10.717812
v 9.342942 8.821751 10.817812
v 9.106075 8.984776 10.984479
v 10.376703 7.516769 11.062917
v 10.097636 7.708839 10.896250
v 9.818568 7.900909 10.796250
v 9.539500 8.092978 10.762917
v 9.260433 8.285048 10.796250
v 8.981365 8.477118 10.896250
v 8.702297 8.669187 11.062917
v 10.160854 7.071838 11.073458
v 9.861344 7.277977 10.906792
v 9.561834 7.484116 10.806792
v 9.262324 7.690255 10.773458
v 8.962815 7.896394 10.806792
v 8.663305 8.102533 10.906792
v 8.363795 8.308672 11.073458
v 9.883678 6.669115 11.006792
v 9.584168 6.875254 10.840125
v 9.284658 7.081393 10.740125
v 8.985148 7.287532 10.706792
v 8.685639 7.493671 10.740125
v 8.386129 7.699810 10.840125
v 8.086619 7.905949 11.006792
v 9.545175 6.308601 10.862917
v 9.266108 6.500670 10.696250
v 8.987040 6.692740 10.596250
v 8.707972 6.884809 10.562917
v 8.428905 7.076879 10.596250
v 8.149837 7.268949 10.696250
v 7.870769 7.461018 10.862917
v 9.141398 5.993012 10.651145
v 8.904531 6.156037 10.484479
v 8.667663 6.319062 10.384479
v 8.430796 6.482086 10.351145
v 8.193929 6.645111 10.384479
v 7.957062 6.808136 10.484479
v 7.720195 6.971161 10.651145
v 8.655867 5.733690 10.388980
v 8.488452 5.848914 10.222313
v 8.321036 5.964139 10.122313
v 8.153620 6.079363 10.088980
v 7.986205 6.194588 10.122313
v 7.818789 6.309813 10.222313
v 7.651373 6.425037 10.388980
v 7.876444 5.676640 10.100000
v 7.876444 5.676640 9.933333
v 7.876444 5.676640 9.833333
v 7.876444 5.676640 9.800000
v 7.876444 5.676640 9.833333
v 7.876444 5.676640 9.933333
v 7.876444 5.676640 10.100000
v 10.051211 9.694703 10.700000
v 10.051211 9.694703 10.533333
v 10.051211 9.694703 10.433333
v 10.051211 9.694703 10.400000
v 10.051211 9.694703 10.433333
v 10.051211 9.694703 10.533333
v 10.051211 9.694703 10.700000
v 9.835939 8.943429 10.855646
v 9.757395 9.130874 10.688980
v 9.678851 9.318319 10.588980
v 9.600308 9.505764 10.555646
v 9.521764 9.693209 10.588980
v 9.443220 9.880654 10.688980
v 9.364676 10.068099 10.855646
v 9.482786 8.521208 10.984479
v 9.371659 8.786414 10.817812
v 9.260531 9.051619 10.717812
v 9.149404 9.316824 10.684479
v 9.038276 9.582030 10.717812
v 8.927149 9.847235 10.817812
v 8.816022 10.112440 10.984479
v 9.091278 8.190521 11.062917
v 8.960352 8.502976 10.896250
v 8.829426 8.815430 10.796250
v 8.698500 9.127885 10.762917
v 8.567574 9.440340 10.796250
v 8.436648 9.752794 10.896250
v 8.305722 10.065249 11.062917
v 8.669146 7.932918 11.073458
v 8.528629 8.268261 10.906792
v 8.388113 8.603603 10.806792
v 8.247596 8.938946 10.773458
v 8.107080 9.274288 10.806792
v 7.966563 9.609630 10.906792
v 7.826047 9.944973 11.073458
v 8.218242 7.743979 11.006792
v 8.077725 8.079321 10.840125
v 7.937209 8.414664 10.740125
v 7.796692 8.750006 10.706792
v 7.656176 9.085348 10.740125
v 7.515659 9.420691 10.840125
v 7.375143 9.756033 11.006792
v 7.738567 7.623703 10.862917
v 7.607641 7.936157 10.696250
v 7.476715 8.248612 10.596250
v 7.345789 8.561067 10.562917
v 7.214863 8.873521 10.596250
v 7.083937 9.185976 10.696250
v 6.953011 9.498431 10.862917
v 7.228267 7.576511 10.651145
v 7.117140 7.841716 10.484479
v 7.006012 8.106922 10.384479
v 6.894885 8.372127 10.351145
v 6.783757 8.637332 10.384479
v 6.672630 8.902538 10.484479
v 6.561503 9.167743 10.651145
v 6.679613 7.620853 10.388980
v 6.601069 7.808298 10.222313
v 6.522525 7.995743 10.122313
v 6.443981 8.183188 10.088980
v 6.365437 8.370632 10.122313
v 6.286893 8.558077 10.222313
v 6.208349 8.745522 10.388980
v 5.993077 7.994248 10.100000
v 5.993077 7.994248 9.933333
v 5.993077 7.994248 9.833333
v 5.993077 7.994248 9.800000
v 5.993077 7.994248 9.833333
v 5.993077 7.994248 9.933333
v 5.993077 7.994248 10.100000
v 9.994937 10.198690 10.700000
v 9.994937 10.198690 10.533333
v 9.994937 10.198690 10.433333
v 9.994937 10.198690 10.400000
v 9.994937 10.198690 10.433333
v 9.994937 10.198690 10.533333
v 9.994937 10.198690 10.700000
v 9.407669 9.683063 10.855646
v 9.442934 9.883216 10.688980
v 9.478199 10.083368 10.588980
v 9.513464 10.283521 10.555646
v 9.548729 10.483674 10.588980
v 9.583994 10.683826 10.688980
v 9.619259 10.883979 10.855646
v 8.882307 9.518797 10.984479
v 8.932202 9.801982 10.817812
v 8.982096 10.085167 10.717812
v 9.031991 10.368352 10.684479
v 9.081886 10.651537 10.717812
v 9.131780 10.934722 10.817812
v 9.181675 11.217907 10.984479
v 8.374167 9.452270 11.062917
v 8.432951 9.785908 10.896250
v 8.491734 10.119545 10.796250
v 8.550518 10.453183 10.762917
v 8.609302 10.786820 10.796250
v 8.668086 11.120458 10.896250
v 8.726870 11.454095 11.062917
v 7.879776 9.463783 11.073458
v 7.942866 9.821860 10.906792
v 8.005956 10.179937 10.806792
v 8.069045 10.538014 10.773458
v 8.132135 10.896091 10.806792
v 8.195225 11.254168 10.906792
v 8.258315 11.612245 11.073458
v 7.398303 9.548614 11.006792
v 7.461393 9.906691 10.840125
v 7.524483 10.264768 10.740125
v 7.587573 10.622845 10.706792
v 7.650662 10.980922 10.740125
v 7.713752 11.338999 10.840125
v 7.776842 11.697076 11.006792
v 6.929748 9.706763 10.862917
v 6.988532 10.040401 10.696250
v 7.047316 10.374038 10.596250
v 7.106100 10.707676 10.562917
v 7.164884 11.041313 10.596250
v 7.223667 11.374951 10.696250
v 7.282451 11.708588 10.862917
v 6.474943 9.942952 10.651145
v 6.524838 10.226137 10.484479
v 6.574732 10.509322 10.384479
v 6.624627 10.792507 10.351145
v 6.674522 11.075692 10.384479
v 6.724416 11.358877 10.484479
v 6.774311 11.642062 10.651145
v 6.037359 10.276880 10.388980
v 6.072624 10.477032 10.222313
v 6.107889 10.677185 10.122313
v 6.143154 10.877338 10.088980
v 6.178419 11.077491 10.122313
v 6.213684 11.277643 10.222313
v 6.248949 11.477796 10.388980
v 5.661681 10.962169 10.100000
v 5.661681 10.962169 9.933333
v 5.661681 10.962169 9.833333
v 5.661681 10.962169 9.800000
v 5.661681 10.962169 9.833333
v 5.661681 10.962169 9.933333
v 5.661681 10.962169 10.100000
v 10.220071 10.653095 10.700000
v 10.220071 10.653095 10.533333
v 10.220071 10.653095 10.433333
v 10.220071 10.653095 10.400000
v 10.220071 10.653095 10.433333
v 10.220071 10.653095 10.533333
v 10.220071 10.653095 10.700000
v 9.447261 10.536823 10.855646
v 9.585138 10.686136 10.688980
v 9.723016 10.835450 10.588980
v 9.860893 10.984763 10.555646
v 9.998771 11.134077 10.588980
v 10.136648 11.283390 10.688980
v 10.274526 11.432703 10.855646
v 8.916490 10.682665 10.984479
v 9.111565 10.893921 10.817812
v 9.306640 11.105176 10.717812
v 9.501716 11.316431 10.684479
v 9.696791 11.527687 10.717812
v 9.891866 11.738942 10.817812
v 10.086942 11.950197 10.984479
v 8.453048 10.901421 11.062917
v 8.682878 11.150314 10.896250
v 8.912708 11.399207 10.796250
v 9.142538 11.648099 10.762917
v 9.372368 11.896992 10.796250
v 9.602198 12.145885 10.896250
v 9.832029 12.394778 11.062917
v 8.043364 11.178394 11.073458
v 8.290030 11.445519 10.906792
v 8.536695 11.712643 10.806792
v 8.783361 11.979768 10.773458
v 9.030026 12.246892 10.806792
v 9.276692 12.514017 10.906792
v 9.523357 12.781141 11.073458
v 7.684186 11.510062 11.006792
v 7.930852 11.777187 10.840125
v 8.177517 12.044311 10.740125
v 8.424183 12.311436 10.706792
v 8.670848 12.578560 10.740125
v 8.917514 12.845685 10.840125
v 9.164179 13.112810 11.006792
v 7.375515 11.896426 10.862917
v 7.605345 12.145318 10.696250
v 7.835175 12.394211 10.596250
v 8.065005 12.643104 10.562917
v 8.294835 12.891997 10.596250
v 8.524666 13.140890 10.696250
v 8.754496 13.389783 10.862917
v 7.120602 12.341006 10.651145
v 7.315677 12.552262 10.484479
v 7.510752 12.763517 10.384479
v 7.705828 12.974772 10.351145
v 7.900903 13.186028 10.384479
v 8.095978 13.397283 10.484479
v 8.291054 13.608538 10.651145
v 6.933018 12.858500 10.388980
v 7.070895 13.007814 10.222313
v 7.208773 13.157127 10.122313
v 7.346650 13.306441 10.088980
v 7.484528 13.455754 10.122313
v 7.622405 13.605067 10.222313
v 7.760283 13.754381 10.388980
v 6.987473 13.638109 10.100000
v 6.987473 13.638109 9.933333
v 6.987473 13.638109 9.833333
v 6.987473 13.638109 9.800000
v 6.987473 13.638109 9.833333
v 6.987473 13.638109 9.933333
v 6.987473 13.638109 10.100000
v 10.655136 10.913648 10.700000
v 10.655136 10.913648 10.533333
v 10.655136 10.913648 10.433333
v 10.655136 10.913648 10.400000
v 10.655136 10.913648 10.433333
v 10.655136 10.913648 10.533333
v 10.655136 10.913648 10.700000
v 9.942145 11.233646 10.855646
v 10.138860 11.284714 10.688980
v 10.335575 11.335783 10.588980
v 10.532290 11.386851 10.555646
v 10.729005 11.437919 10.588980
v 10.925720 11.488987 10.688980
v 11.122435 11.540056 10.855646
v 9.574481 11.643293 10.984479
v 9.852802 11.715547 10.817812
v 10.131123 11.787800 10.717812
v 10.409444 11.860054 10.684479
v 10.687765 11.932308 10.717812
v 10.966086 12.004561 10.817812
v 11.244407 12.076815 10.984479
v 9.302877 12.077878 11.062917
v 9.630784 12.163004 10.896250
v 9.958691 12.248131 10.796250
v 10.286598 12.333257 10.762917
v 10.614505 12.418384 10.796250
v 10.942412 12.503510 10.896250
v 11.270319 12.588636 11.062917
v 9.107972 12.532374 11.073458
v 9.459898 12.623736 10.906792
v 9.811825 12.715098 10.806792
v 10.163752 12.806460 10.773458
v 10.515678 12.897822 10.806792
v 10.867605 12.989184 10.906792
v 11.219532 13.080546 11.073458
v 8.985126 13.005577 11.006792
v 9.337052 13.096939 10.840125
v 9.688979 13.188301 10.740125
v 10.040906 13.279663 10.706792
v 10.392832 13.371025 10.740125
v 10.744759 13.462387 10.840125
v 11.096686 13.553749 11.006792
v 8.934338 13.497487 10.862917
v 9.262245 13.582614 10.696250
v 9.590153 13.667740 10.596250
v 9.918060 13.752866 10.562917
v 10.245967 13.837993 10.596250
v 10.573874 13.923119 10.696250
v 10.901781 14.008246 10.862917
v 8.960250 14.009309 10.651145
v 9.238571 14.081562 10.484479
v 9.516892 14.153816 10.384479
v 9.795213 14.226070 10.351145
v 10.073534 14.298323 10.384479
v 10.351855 14.370577 10.484479
v 10.630177 14.442830 10.651145
v 9.082223 14.546068 10.388980
v 9.278938 14.597136 10.222313
v 9.475653 14.648204 10.122313
v 9.672367 14.699273 10.088980
v 9.869082 14.750341 10.122313
v 10.065797 14.801409 10.222313
v 10.262512 14.852477 10.388980
v 9.549521 15.172476 10.100000
v 9.549521 15.172476 9.933333
v 9.549521 15.172476 9.833333
v 9.549521 15.172476 9.800000
v 9.549521 15.172476 9.833333
v 9.549521 15.172476 9.933333
v 9.549521 15.172476 10.100000
v 11.162001 10.897625 10.700000
v 11.162001 10.897625 10.533333
v 11.162001 10.897625 10.433333
v 11.162001 10.897625 10.400000
v 11.162001 10.897625 10.433333
v 11.162001 10.897625 10.533333
v 11.162001 10.897625 10.700000
v 10.735199 11.552297 10.855646
v 10.928296 11.488906 10.688980
v 11.121393 11.425515 10.588980
v 11.314489 11.362124 10.555646
v 11.507586 11.298734 10.588980
v 11.700683 11.235343 10.688980
v 11.893780 11.171952 10.855646
v 10.647372 12.095688 10.984479
v 10.920574 12.006000 10.817812
v 11.193776 11.916312 10.717812
v 11.466978 11.826624 10.684479
v 11.740180 11.736936 10.717812
v 12.013381 11.647248 10.817812
v 12.286583 11.557559 10.984479
v 10.653839 12.608124 11.062917
v 10.975714 12.502457 10.896250
v 11.297590 12.396790 10.796250
v 11.619466 12.291123 10.762917
v 11.941342 12.185456 10.796250
v 12.263217 12.079789 10.896250
v 12.585093 11.974122 11.062917
v 10.735593 13.095844 11.073458
v 11.081047 12.982437 10.906792
v 11.426501 12.869030 10.806792
v 11.771954 12.755623 10.773458
v 12.117408 12.642215 10.806792
v 12.462861 12.528808 10.906792
v 12.808315 12.415401 11.073458
v 10.888082 13.560344 11.006792
v 11.233535 13.446936 10.840125
v 11.578989 13.333529 10.740125
v 11.924442 13.220122 10.706792
v 12.269896 13.106715 10.740125
v 12.615350 12.993307 10.840125
v 12.960803 12.879900 11.006792
v 11.111303 14.001622 10.862917
v 11.433179 13.895955 10.696250
v 11.755055 13.790288 10.596250
v 12.076931 13.684621 10.562917
v 12.398806 13.578954 10.596250
v 12.720682 13.473287 10.696250
v 13.042558 13.367620 10.862917
v 11.409814 14.418185 10.651145
v 11.683015 14.328497 10.484479
v 11.956217 14.238809 10.384479
v 12.229419 14.149121 10.351145
v 12.502621 14.059433 10.384479
v 12.775823 13.969744 10.484479
v 13.049024 13.880056 10.651145
v 11.802617 14.803792 10.388980
v 11.995714 14.740402 10.222313
v 12.188811 14.677011 10.122313
v 12.381907 14.613620 10.088980
v 12.575004 14.550229 10.122313
v 12.768101 14.486838 10.222313
v 12.961197 14.423448 10.388980
v 12.534395 15.078119 10.100000
v 12.534395 15.078119 9.933333
v 12.534395 15.078119 9.833333
v 12.534395 15.078119 9.800000
v 12.534395 15.078119 9.833333
v 12.534395 15.078119 9.933333
v 12.534395 15.078119 10.100000
v 11.579741 10.610114 10.700000
v 11.579741 10.610114 10.533333
v 11.579741 10.610114 10.433333
v 11.579741 10.610114 10.400000
v 11.579741 10.610114 10.433333
v 11.579741 10.610114 10.533333
v 11.579741 10.610114 10.700000
v 11.574635 11.391605 10.855646
v 11.702806 11.233881 10.688980
v 11.830978 11.076158 10.588980
v 11.959150 10.918434 10.555646
v 12.087321 10.760710 10.588980
v 12.215493 10.602987 10.688980
v 12.343664 10.445263 10.855646
v 11.794529 11.896218 10.984479
v 11.975872 11.673063 10.817812
v 12.157215 11.449909 10.717812
v 12.338558 11.226754 10.684479
v 12.519901 11.003600 10.717812
v 12.701244 10.780445 10.817812
v 12.882587 10.557291 10.984479
v 12.077013 12.323811 11.062917
v 12.290664 12.060899 10.896250
v 12.504316 11.797987 10.796250
v 12.717967 11.535075 10.762917
v 12.931618 11.272163 10.796250
v 13.145269 11.009251 10.896250
v 13.358920 10.746339 11.062917
v 12.409471 12.689907 11.073458
v 12.638773 12.407736 10.906792
v 12.868074 12.125566 10.806792
v 13.097375 11.843395 10.773458
v 13.326677 11.561225 10.806792
v 13.555978 11.279054 10.906792
v 13.785280 10.996883 11.073458
v 12.788880 12.998227 11.006792
v 13.018181 12.716057 10.840125
v 13.247483 12.433886 10.740125
v 13.476784 12.151715 10.706792
v 13.706085 11.869545 10.740125
v 13.935387 11.587374 10.840125
v 14.164688 11.305204 11.006792
v 13.215239 13.248772 10.862917
v 13.428890 12.985860 10.696250
v 13.642541 12.722948 10.596250
v 13.856193 12.460036 10.562917
v 14.069844 12.197124 10.596250
v 14.283495 11.934212 10.696250
v 14.497146 11.671300 10.862917
v 13.691572 13.437820 10.651145
v 13.872915 13.214665 10.484479
v 14.054258 12.991511 10.384479
v 14.235601 12.768356 10.351145
v 14.416944 12.545202 10.384479
v 14.598287 12.322047 10.484479
v 14.779630 12.098893 10.651145
v 14.230495 13.549848 10.388980
v 14.358667 13.392124 10.222313
v 14.486838 13.234400 10.122313
v 14.615010 13.076677 10.088980
v 14.743181 12.918953 10.122313
v 14.871353 12.761229 10.222313
v 14.999525 12.603506 10.388980
v 14.994418 13.384997 10.100000
v 14.994418 13.384997 9.933333
v 14.994418 13.384997 9.833333
v 14.994418 13.384997 9.800000
v 14.994418 13.384997 9.833333
v 14.994418 13.384997 9.933333
v 14.994418 13.384997 10.100000
v 11.775726 10.142396 10.700000
v 11.775726 10.142396 10.533333
v 11.775726 10.142396 10.433333
v 11.775726 10.142396 10.400000
v 11.775726 10.142396 10.433333
v 11.775726 10.142396 10.533333
v 11.775726 10.142396 10.700000
v 12.193936 10.802590 10.855646
v 12.216489 10.600609 10.688980
v 12.239042 10.398629 10.588980
v 12.261595 10.196648 10.555646
v 12.284148 9.994668 10.588980
v 12.306701 9.792688 10.688980
v 12.329254 9.590707 10.855646
v 12.651738 11.108213 10.984479
v 12.683647 10.822442 10.817812
v 12.715555 10.536671 10.717812
v 12.747464 10.250900 10.684479
v 12.779373 9.965129 10.717812
v 12.811282 9.679358 10.817812
v 12.843191 9.393588 10.984479
v 13.120552 11.315204 11.062917
v 13.158146 10.978520 10.896250
v 13.195740 10.641836 10.796250
v 13.233334 10.305152 10.762917
v 13.270928 9.968468 10.796250
v 13.308522 9.631784 10.896250
v 13.346116 9.295100 11.062917
v 13.598160 11.443444 11.073458
v 13.638508 11.082097 10.906792
v 13.678856 10.720751 10.806792
v 13.719203 10.359404 10.773458
v 13.759551 9.998057 10.806792
v 13.799899 9.636710 10.906792
v 13.840246 9.275364 11.073458
v 14.084030 11.497696 11.006792
v 14.124377 11.136349 10.840125
v 14.164725 10.775002 10.740125
v 14.205073 10.413656 10.706792
v 14.245420 10.052309 10.740125
v 14.285768 9.690962 10.840125
v 14.326116 9.329615 11.006792
v 14.578160 11.477960 10.862917
v 14.615754 11.141276 10.696250
v 14.653348 10.804592 10.596250
v 14.690942 10.467907 10.562917
v 14.728536 10.131223 10.596250
v 14.766130 9.794539 10.696250
v 14.803724 9.457855 10.862917
v 15.081085 11.379472 10.651145
v 15.112994 11.093701 10.484479
v 15.144903 10.807930 10.384479
v 15.176812 10.522159 10.351145
v 15.208720 10.236388 10.384479
v 15.240629 9.950618 10.484479
v 15.272538 9.664847 10.651145
v 15.595022 11.182352 10.388980
v 15.617575 10.980372 10.222313
v 15.640128 10.778392 10.122313
v 15.662681 10.576411 10.088980
v 15.685234 10.374431 10.122313
v 15.707787 10.172450 10.222313
v 15.730340 9.970470 10.388980
v 16.148550 10.630663 10.100000
v 16.148550 10.630663 9.933333
v 16.148550 10.630663 9.833333
v 16.148550 10.630663 9.800000
v 16.148550 10.630663 9.833333
v 16.148550 10.630663 9.933333
v 16.148550 10.630663 10.100000
v 17.659507 -9.657813 11.900000
v 17.659507 -9.657813 11.733333
v 17.659507 -9.657813 11.633333
v 17.659507 -9.657813 11.600000
v 17.659507 -9.657813 11.633333
v 17.659507 -9.657813 11.733333
v 17.659507 -9.657813 11.900000
v 18.424662 -9.498775 12.055646
v 18.295295 -9.655520 11.888980
v 18.165928 -9.812265 11.788980
v 18.036561 -9.969009 11.755646
v 17.907194 -10.125754 11.788980
v 17.777827 -10.282499 11.888980
v 17.648460 -10.439243 12.055646
v 18.962717 -9.614897 12.184479
v 18.779683 -9.836667 12.017812
v 18.596649 -10.058436 11.917812
v 18.413614 -10.280205 11.884479
v 18.230580 -10.501975 11.917812
v 18.047546 -10.723744 12.017812
v 17.864512 -10.945513 12.184479
v 19.437599 -9.807561 12.262917
v 19.221956 -10.068841 12.096250
v 19.006312 -10.330121 11.996250
v 18.790668 -10.591401 11.962917
v 18.575024 -10.852681 11.996250
v 18.359380 -11.113961 12.096250
v 18.143736 -11.375241 12.262917
v 19.862042 -10.061340 12.273458
v 19.630602 -10.341759 12.106792
v 19.399162 -10.622178 12.006792
v 19.167722 -10.902597 11.973458
v 18.936281 -11.183016 12.006792
v 18.704841 -11.463435 12.106792
v 18.473401 -11.743855 12.273458
v 20.239095 -10.372536 12.206792
v 20.007655 -10.652955 12.040125
v 19.776215 -10.933374 11.940125
v 19.544775 -11.213793 11.906792
v 19.313335 -11.494212 11.940125
v 19.081895 -11.774631 12.040125
v 18.850455 -12.055051 12.206792
v 20.568760 -10.741149 12.062917
v 20.353116 -11.002429 11.896250
v 20.137473 -11.263709 11.796250
v 19.921829 -11.524989 11.762917
v 19.706185 -11.786269 11.796250
v 19.490541 -12.047549 11.896250
v 19.274897 -12.308829 12.062917
v 20.847985 -11.170877 11.851145
v 20.664951 -11.392646 11.684479
v 20.481917 -11.614416 11.584479
v 20.298882 -11.836185 11.551145
v 20.115848 -12.057954 11.584479
v 19.932814 -12.279724 11.684479
v 19.749780 -12.501493 11.851145
v 21.064037 -11.677147 11.588980
v 20.934670 -11.833892 11.422313
v 20.805303 -11.990636 11.322313
v 20.675936 -12.147381 11.288980
v 20.546569 -12.304126 11.322313
v 20.417202 -12.460870 11.422313
v 20.287835 -12.617615 11.588980
v 21.052990 -12.458577 11.300000
v 21.052990 -12.458577 11.133333
v 21.052990 -12.458577 11.033333
v 21.052990 -12.458577 11.000000
v 21.052990 -12.458577 11.033333
v 21.052990 -12.458577 11.133333
v 21.052990 -12.458577 11.300000
v 17.239594 -9.942140 11.900000
v 17.239594 -9.942140 11.733333
v 17.239594 -9.942140 11.633333
v 17.239594 -9.942140 11.600000
v 17.239594 -9.942140 11.633333
v 17.239594 -9.942140 11.733333
v 17.239594 -9.942140 11.900000
v 17.969265 -10.222023 12.055646
v 17.775692 -10.283944 11.888980
v 17.582119 -10.345865 11.788980
v 17.388546 -10.407786 11.755646
v 17.194973 -10.469707 11.788980
v 17.001400 -10.531628 11.888980
v 16.807827 -10.593548 12.055646
v 18.359126 -10.610606 12.184479
v 18.085250 -10.698214 12.017812
v 17.811374 -10.785823 11.917812
v 17.537498 -10.873431 11.884479
v 17.263623 -10.961039 11.917812
v 16.989747 -11.048648 12.017812
v 16.715871 -11.136256 12.184479
v 18.654460 -11.029426 12.262917
v 18.331790 -11.132642 12.096250
v 18.009121 -11.235859 11.996250
v 17.686451 -11.339076 11.962917
v 17.363781 -11.442293 11.996250
v 17.041111 -11.545510 12.096250
v 16.718442 -11.648727 12.262917
v 18.874321 -11.472389 12.273458
v 18.528015 -11.583166 12.106792
v 18.181709 -11.693944 12.006792
v 17.835403 -11.804722 11.973458
v 17.489098 -11.915499 12.006792
v 17.142792 -12.026277 12.106792
v 16.796486 -12.137055 12.273458
v 19.023273 -11.938034 12.206792
v 18.676967 -12.048811 12.040125
v 18.330662 -12.159589 11.940125
v 17.984356 -12.270367 11.906792
v 17.638050 -12.381144 11.940125
v 17.291744 -12.491922 12.040125
v 16.945438 -12.602700 12.206792
v 19.101318 -12.426361 12.062917
v 18.778648 -12.529578 11.896250
v 18.455978 -12.632795 11.796250
v 18.133308 -12.736012 11.762917
v 17.810638 -12.839229 11.796250
v 17.487969 -12.942446 11.896250
v 17.165299 -13.045663 12.062917
v 19.103888 -12.938832 11.851145
v 18.830012 -13.026440 11.684479
v 18.556136 -13.114049 11.584479
v 18.282261 -13.201657 11.551145
v 18.008385 -13.289266 11.584479
v 17.734509 -13.376874 11.684479
v 17.460633 -13.464483 11.851145
v 19.011932 -13.481540 11.588980
v 18.818359 -13.543461 11.422313
v 18.624786 -13.605382 11.322313
v 18.431213 -13.667303 11.288980
v 18.237640 -13.729224 11.322313
v 18.044067 -13.791144 11.422313
v 17.850494 -13.853065 11.588980
v 18.580166 -14.132948 11.300000
v 18.580166 -14.132948 11.133333
v 18.580166 -14.132948 11.033333
v 18.580166 -14.132948 11.000000
v 18.580166 -14.132948 11.033333
v 18.580166 -14.132948 11.133333
v 18.580166 -14.132948 11.300000
v 16.732621 -9.954309 11.900000
v 16.732621 -9.954309 11.733333
v 16.732621 -9.954309 11.633333
v 16.732621 -9.954309 11.600000
v 16.732621 -9.954309 11.633333
v 16.732621 -9.954309 11.733333
v 16.732621 -9.954309 11.900000
v 17.195144 -10.584252 12.055646
v 16.998823 -10.531689 11.888980
v 16.802502 -10.479127 11.788980
v 16.606181 -10.426565 11.755646
v 16.409860 -10.374002 11.788980
v 16.213539 -10.321440 11.888980
v 16.017218 -10.268878 12.055646
v 17.313032 -11.121923 12.184479
v 17.035268 -11.047555 12.017812
v 16.757504 -10.973188 11.917812
v 16.479741 -10.898820 11.884479
v 16.201977 -10.824453 11.917812
v 15.924214 -10.750085 12.017812
v 15.646450 -10.675718 12.184479
v 17.335052 -11.633926 12.262917
v 17.007801 -11.546310 12.096250
v 16.680551 -11.458693 11.996250
v 16.353301 -11.371076 11.962917
v 16.026050 -11.283459 11.996250
v 15.698800 -11.195842 12.096250
v 15.371550 -11.108225 12.262917
v 17.280526 -12.125436 12.273458
v 16.929305 -12.031401 12.106792
v 16.578083 -11.937366 12.006792
v 16.226861 -11.843331 11.973458
v 15.875639 -11.749296 12.006792
v 15.524417 -11.655261 12.106792
v 15.173195 -11.561226 12.273458
v 17.154086 -12.597692 12.206792
v 16.802864 -12.503657 12.040125
v 16.451643 -12.409622 11.940125
v 16.100421 -12.315587 11.906792
v 15.749199 -12.221552 11.940125
v 15.397977 -12.127517 12.040125
v 15.046755 -12.033482 12.206792
v 16.955732 -13.050693 12.062917
v 16.628481 -12.963076 11.896250
v 16.301231 -12.875459 11.796250
v 15.973981 -12.787842 11.762917
v 15.646730 -12.700225 11.796250
v 15.319480 -12.612608 11.896250
v 14.992229 -12.524992 12.062917
v 16.680831 -13.483200 11.851145
v 16.403068 -13.408833 11.684479
v 16.125304 -13.334465 11.584479
v 15.847541 -13.260098 11.551145
v 15.569777 -13.185730 11.584479
v 15.292013 -13.111363 11.684479
v 15.014250 -13.036995 11.851145
v 16.310063 -13.890040 11.588980
v 16.113742 -13.837478 11.422313
v 15.917421 -13.784916 11.322313
v 15.721100 -13.732353 11.288980
v 15.524779 -13.679791 11.322313
v 15.328458 -13.627229 11.422313
v 15.132137 -13.574666 11.588980
v 15.594660 -14.204609 11.300000
v 15.594660 -14.204609 11.133333
v 15.594660 -14.204609 11.033333
v 15.594660 -14.204609 11.000000
v 15.594660 -14.204609 11.033333
v 15.594660 -14.204609 11.133333
v 15.594660 -14.204609 11.300000
v 16.299550 -9.690456 11.900000
v 16.299550 -9.690456 11.733333
v 16.299550 -9.690456 11.633333
v 16.299550 -9.690456 11.600000
v 16.299550 -9.690456 11.633333
v 16.299550 -9.690456 11.733333
v 16.299550 -9.690456 11.900000
v 16.348076 -10.470456 12.055646
v 16.211338 -10.320099 11.888980
v 16.074599 -10.169742 11.788980
v 15.937861 -10.019384 11.755646
v 15.801122 -9.869027 11.788980
v 15.664384 -9.718670 11.888980
v 15.527646 -9.568312 12.055646
v 16.156563 -10.986509 12.184479
v 15.963099 -10.773777 12.017812
v 15.769636 -10.561044 11.917812
v 15.576172 -10.348312 11.884479
v 15.382708 -10.135580 11.917812
v 15.189245 -9.922848 12.017812
v 14.995781 -9.710115 12.184479
v 15.898277 -11.429139 12.262917
v 15.670346 -11.178506 12.096250
v 15.442415 -10.927873 11.996250
v 15.214483 -10.677240 11.962917
v 14.986552 -10.426607 11.996250
v 14.758621 -10.175974 12.096250
v 14.530690 -9.925341 12.262917
v 15.586677 -11.813144 12.273458
v 15.342050 -11.544152 12.106792
v 15.097422 -11.275160 12.006792
v 14.852795 -11.006168 11.973458
v 14.608167 -10.737176 12.006792
v 14.363539 -10.468184 12.106792
v 14.118912 -10.199192 12.273458
v 15.224988 -12.142072 12.206792
v 14.980361 -11.873080 12.040125
v 14.735733 -11.604088 11.940125
v 14.491106 -11.335096 11.906792
v 14.246478 -11.066104 11.940125
v 14.001851 -10.797112 12.040125
v 13.757223 -10.528120 12.206792
v 14.813211 -12.415923 12.062917
v 14.585280 -12.165290 11.896250
v 14.357348 -11.914657 11.796250
v 14.129417 -11.664024 11.762917
v 13.901486 -11.413391 11.796250
v 13.673555 -11.162758 11.896250
v 13.445623 -10.912125 12.062917
v 14.348119 -12.631149 11.851145
v 14.154655 -12.418416 11.684479
v 13.961192 -12.205684 11.584479
v 13.767728 -11.992952 11.551145
v 13.574265 -11.780220 11.584479
v 13.380801 -11.567487 11.684479
v 13.187338 -11.354755 11.851145
v 13.816255 -12.772952 11.588980
v 13.679516 -12.622595 11.422313
v 13.542778 -12.472237 11.322313
v 13.406040 -12.321880 11.288980
v 13.269301 -12.171522 11.322313
v 13.132563 -12.021165 11.422313
v 12.995824 -11.870808 11.588980
v 13.044351 -12.650808 11.300000
v 13.044351 -12.650808 11.133333
v 13.044351 -12.650808 11.033333
v 13.044351 -12.650808 11.000000
v 13.044351 -12.650808 11.033333
v 13.044351 -12.650808 11.133333
v 13.044351 -12.650808 11.300000
v 16.077876 -9.234353 11.900000
v 16.077876 -9.234353 11.733333
v 16.077876 -9.234353 11.633333
v 16.077876 -9.234353 11.600000
v 16.077876 -9.234353 11.633333
v 16.077876 -9.234353 11.733333
v 16.077876 -9.234353 11.900000
v 15.697000 -9.916766 12.055646
v 15.663257 -9.716351 11.888980
v 15.629515 -9.515936 11.788980
v 15.595773 -9.315521 11.755646
v 15.562030 -9.115106 11.788980
v 15.528288 -8.914691 11.888980
v 15.494546 -8.714276 12.055646
v 15.256889 -10.247357 12.184479
v 15.209149 -9.963801 12.017812
v 15.161409 -9.680245 11.917812
v 15.113669 -9.396689 11.884479
v 15.065929 -9.113133 11.917812
v 15.018188 -8.829577 12.017812
v 14.970448 -8.546021 12.184479
v 14.800302 -10.480082 12.262917
v 14.744056 -10.146007 12.096250
v 14.687811 -9.811932 11.996250
v 14.631565 -9.477857 11.962917
v 14.575319 -9.143782 11.996250
v 14.519074 -8.809708 12.096250
v 14.462828 -8.475633 12.262917
v 14.330558 -10.634664 12.273458
v 14.270192 -10.276118 12.106792
v 14.209827 -9.917572 12.006792
v 14.149461 -9.559025 11.973458
v 14.089095 -9.200479 12.006792
v 14.028730 -8.841933 12.106792
v 13.968364 -8.483387 12.273458
v 13.848454 -10.715832 12.206792
v 13.788089 -10.357286 12.040125
v 13.727723 -9.998740 11.940125
v 13.667357 -9.640193 11.906792
v 13.606992 -9.281647 11.940125
v 13.546626 -8.923101 12.040125
v 13.486260 -8.564555 12.206792
v 13.353990 -10.723586 12.062917
v 13.297745 -10.389511 11.896250
v 13.241499 -10.055436 11.796250
v 13.185253 -9.721361 11.762917
v 13.129008 -9.387287 11.796250
v 13.072762 -9.053212 11.896250
v 13.016517 -8.719137 12.062917
v 12.846370 -10.653198 11.851145
v 12.798630 -10.369642 11.684479
v 12.750890 -10.086086 11.584479
v 12.703150 -9.802530 11.551145
v 12.655410 -9.518973 11.584479
v 12.607669 -9.235417 11.684479
v 12.559929 -8.951861 11.851145
v 12.322273 -10.484943 11.588980
v 12.288531 -10.284528 11.422313
v 12.254788 -10.084113 11.322313
v 12.221046 -9.883698 11.288980
v 12.187304 -9.683283 11.322313
v 12.153561 -9.482868 11.422313
v 12.119819 -9.282453 11.588980
v 11.738942 -9.964866 11.300000
v 11.738942 -9.964866 11.133333
v 11.738942 -9.964866 11.033333
v 11.738942 -9.964866 11.000000
v 11.738942 -9.964866 11.033333
v 11.738942 -9.964866 11.133333
v 11.738942 -9.964866 11.300000
v 16.137981 -8.730809 11.900000
v 16.137981 -8.730809 11.733333
v 16.137981 -8.730809 11.633333
v 16.137981 -8.730809 11.600000
v 16.137981 -8.730809 11.633333
v 16.137981 -8.730809 11.733333
v 16.137981 -8.730809 11.900000
v 15.448627 -9.098974 12.055646
v 15.528593 -8.912131 11.888980
v 15.608560 -8.725289 11.788980
v 15.688527 -8.538447 11.755646
v 15.768493 -8.351604 11.788980
v 15.848460 -8.164762 11.888980
v 15.928427 -7.977920 12.055646
v 14.899651 -9.139143 12.184479
v 15.012792 -8.874790 12.017812
v 15.125932 -8.610438 11.917812
v 15.239072 -8.346085 11.884479
v 15.352213 -8.081732 11.917812
v 15.465353 -7.817379 12.017812
v 15.578494 -7.553026 12.184479
v 14.389725 -9.088073 12.262917
v 14.523023 -8.776623 12.096250
v 14.656320 -8.465173 11.996250
v 14.789618 -8.153723 11.962917
v 14.922916 -7.842272 11.996250
v 15.056213 -7.530822 12.096250
v 15.189511 -7.219372 12.262917
v 13.910978 -8.964154 12.273458
v 14.054040 -8.629889 12.106792
v 14.197102 -8.295625 12.006792
v 14.340164 -7.961361 11.973458
v 14.483226 -7.627096 12.006792
v 14.626288 -7.292832 12.106792
v 14.769350 -6.958567 12.273458
v 13.461524 -8.771792 12.206792
v 13.604586 -8.437527 12.040125
v 13.747648 -8.103263 11.940125
v 13.890710 -7.768999 11.906792
v 14.033771 -7.434734 11.940125
v 14.176833 -7.100470 12.040125
v 14.319895 -6.766205 12.206792
v 13.041362 -8.510987 12.062917
v 13.174660 -8.199537 11.896250
v 13.307958 -7.888087 11.796250
v 13.441255 -7.576636 11.762917
v 13.574553 -7.265186 11.796250
v 13.707851 -6.953736 11.896250
v 13.841148 -6.642286 12.062917
v 12.652380 -8.177333 11.851145
v 12.765520 -7.912980 11.684479
v 12.878660 -7.648627 11.584479
v 12.991801 -7.384274 11.551145
v 13.104941 -7.119922 11.584479
v 13.218082 -6.855569 11.684479
v 13.331222 -6.591216 11.851145
v 12.302447 -7.752439 11.588980
v 12.382413 -7.565597 11.422313
v 12.462380 -7.378755 11.322313
v 12.542347 -7.191912 11.288980
v 12.622313 -7.005070 11.322313
v 12.702280 -6.818228 11.422313
v 12.782247 -6.631385 11.588980
v 12.092892 -6.999550 11.300000
v 12.092892 -6.999550 11.133333
v 12.092892 -6.999550 11.033333
v 12.092892 -6.999550 11.000000
v 12.092892 -6.999550 11.033333
v 12.092892 -6.999550 11.133333
v 12.092892 -6.999550 11.300000
v 16.460781 -8.339696 11.900000
v 16.460781 -8.339696 11.733333
v 16.460781 -8.339696 11.633333
v 16.460781 -8.339696 11.600000
v 16.460781 -8.339696 11.633333
v 16.460781 -8.339696 11.733333
v 16.460781 -8.339696 11.900000
v 15.681814 -8.276723 12.055646
v 15.850101 -8.162774 11.888980
v 16.018388 -8.048825 11.788980
v 16.186675 -7.934877 11.755646
v 16.354962 -7.820928 11.788980
v 16.523248 -7.706980 11.888980
v 16.691535 -7.593031 12.055646
v 15.198269 -8.013717 12.184479
v 15.436369 -7.852497 12.017812
v 15.674469 -7.691278 11.917812
v 15.912568 -7.530058 11.884479
v 16.150668 -7.368839 11.917812
v 16.388768 -7.207620 12.017812
v 16.626868 -7.046400 12.184479
v 14.796903 -7.695067 12.262917
v 15.077423 -7.505125 12.096250
v 15.357942 -7.315182 11.996250
v 15.638462 -7.125240 11.962917
v 15.918982 -6.935297 11.996250
v 16.199502 -6.745355 12.096250
v 16.480022 -6.555412 12.262917
v 14.461151 -7.331989 12.273458
v 14.762219 -7.128133 12.106792
v 15.063288 -6.924277 12.006792
v 15.364356 -6.720421 11.973458
v 15.665424 -6.516565 12.006792
v 15.966493 -6.312709 12.106792
v 16.267561 -6.108853 12.273458
v 14.187045 -6.927171 12.206792
v 14.488113 -6.723315 12.040125
v 14.789181 -6.519459 11.940125
v 15.090250 -6.315603 11.906792
v 15.391318 -6.111747 11.940125
v 15.692386 -5.907891 12.040125
v 15.993455 -5.704035 12.206792
v 13.974584 -6.480611 12.062917
v 14.255104 -6.290669 11.896250
v 14.535624 -6.100726 11.796250
v 14.816143 -5.910784 11.762917
v 15.096663 -5.720841 11.796250
v 15.377183 -5.530899 11.896250
v 15.657703 -5.340957 12.062917
v 13.827738 -5.989624 11.851145
v 14.065838 -5.828404 11.684479
v 14.303937 -5.667185 11.584479
v 14.542037 -5.505965 11.551145
v 14.780137 -5.344746 11.584479
v 15.018237 -5.183527 11.684479
v 15.256336 -5.022307 11.851145
v 13.763070 -5.442992 11.588980
v 13.931357 -5.329044 11.422313
v 14.099644 -5.215095 11.322313
v 14.267931 -5.101147 11.288980
v 14.436218 -4.987198 11.322313
v 14.604505 -4.873250 11.422313
v 14.772791 -4.759301 11.588980
v 13.993825 -4.696328 11.300000
v 13.993825 -4.696328 11.133333
v 13.993825 -4.696328 11.033333
v 13.993825 -4.696328 11.000000
v 13.993825 -4.696328 11.033333
v 13.993825 -4.696328 11.133333
v 13.993825 -4.696328 11.300000
v 16.943789 -8.185189 11.900000
v 16.943789 -8.185189 11.733333
v 16.943789 -8.185189 11.633333
v 16.943789 -8.185189 11.600000
v 16.943789 -8.185189 11.633333
v 16.943789 -8.185189 11.733333
v 16.943789 -8.185189 11.900000
v 16.322527 -7.711071 12.055646
v 16.525704 -7.706195 11.888980
v 16.728881 -7.701318 11.788980
v 16.932058 -7.696441 11.755646
v 17.135235 -7.691564 11.788980
v 17.338412 -7.686687 11.888980
v 17.541589 -7.681810 12.055646
v 16.057934 -7.228393 12.184479
v 16.345398 -7.221493 12.017812
v 16.632862 -7.214593 11.917812
v 16.920326 -7.207693 11.884479
v 17.207790 -7.200793 11.917812
v 17.495254 -7.193893 12.017812
v 17.782718 -7.186993 12.184479
v 15.892558 -6.743333 12.262917
v 16.231237 -6.735203 12.096250
v 16.569916 -6.727074 11.996250
v 16.908595 -6.718945 11.962917
v 17.247274 -6.710815 11.996250
v 17.585953 -6.702686 12.096250
v 17.924632 -6.694557 12.262917
v 15.806401 -6.256371 12.273458
v 16.169888 -6.247646 12.106792
v 16.533376 -6.238921 12.006792
v 16.896864 -6.230197 11.973458
v 17.260351 -6.221472 12.006792
v 17.623839 -6.212747 12.106792
v 17.987327 -6.204022 12.273458
v 15.794669 -5.767623 12.206792
v 16.158157 -5.758898 12.040125
v 16.521645 -5.750173 11.940125
v 16.885132 -5.741448 11.906792
v 17.248620 -5.732724 11.940125
v 17.612108 -5.723999 12.040125
v 17.975595 -5.715274 12.206792
v 15.857364 -5.277088 12.062917
v 16.196043 -5.268959 11.896250
v 16.534722 -5.260830 11.796250
v 16.873401 -5.252700 11.762917
v 17.212080 -5.244571 11.796250
v 17.550759 -5.236442 11.896250
v 17.889438 -5.228312 12.062917
v 15.999277 -4.784652 11.851145
v 16.286741 -4.777752 11.684479
v 16.574205 -4.770852 11.584479
v 16.861669 -4.763952 11.551145
v 17.149134 -4.757052 11.584479
v 17.436598 -4.750152 11.684479
v 17.724062 -4.743252 11.851145
v 16.240407 -4.289835 11.588980
v 16.443584 -4.284958 11.422313
v 16.646761 -4.280081 11.322313
v 16.849938 -4.275204 11.288980
v 17.053115 -4.270327 11.322313
v 17.256292 -4.265450 11.422313
v 17.459469 -4.260574 11.588980
v 16.838207 -3.786456 11.300000
v 16.838207 -3.786456 11.133333
v 16.838207 -3.786456 11.033333
v 16.838207 -3.786456 11.000000
v 16.838207 -3.786456 11.033333
v 16.838207 -3.786456 11.133333
v 16.838207 -3.786456 11.300000
v 17.433654 -8.316344 11.900000
v 17.433654 -8.316344 11.733333
v 17.433654 -8.316344 11.633333
v 17.433654 -8.316344 11.600000
v 17.433654 -8.316344 11.633333
v 17.433654 -8.316344 11.733333
v 17.433654 -8.316344 11.900000
v 17.167342 -7.581611 12.055646
v 17.340902 -7.687354 11.888980
v 17.514462 -7.793097 11.788980
v 17.688022 -7.898840 11.755646
v 17.861582 -8.004583 11.788980
v 18.035142 -8.110327 11.888980
v 18.208703 -8.216070 12.055646
v 17.205709 -7.032506 12.184479
v 17.451269 -7.182116 12.017812
v 17.696830 -7.331727 11.917812
v 17.942390 -7.481337 11.884479
v 18.187951 -7.630947 11.917812
v 18.433511 -7.780557 12.017812
v 18.679072 -7.930167 12.184479
v 17.328829 -6.535039 12.262917
v 17.618139 -6.711303 12.096250
v 17.907449 -6.887568 11.996250
v 18.196759 -7.063833 11.962917
v 18.486068 -7.240098 11.996250
v 18.775378 -7.416363 12.096250
v 19.064688 -7.592628 12.262917
v 17.519620 -6.078800 12.273458
v 17.830122 -6.267977 12.106792
v 18.140624 -6.457153 12.006792
v 18.451127 -6.646330 11.973458
v 18.761629 -6.835506 12.006792
v 19.072131 -7.024683 12.106792
v 19.382633 -7.213859 12.273458
v 17.773988 -5.661296 12.206792
v 18.084490 -5.850473 12.040125
v 18.394993 -6.039650 11.940125
v 18.705495 -6.228826 11.906792
v 19.015997 -6.418003 11.940125
v 19.326499 -6.607179 12.040125
v 19.637001 -6.796356 12.206792
v 18.091933 -5.282528 12.062917
v 18.381243 -5.458793 11.896250
v 18.670553 -5.635058 11.796250
v 18.959863 -5.811322 11.762917
v 19.249173 -5.987587 11.796250
v 19.538483 -6.163852 11.896250
v 19.827793 -6.340117 12.062917
v 18.477549 -4.944989 11.851145
v 18.723110 -5.094599 11.684479
v 18.968670 -5.244209 11.584479
v 19.214231 -5.393819 11.551145
v 19.459791 -5.543429 11.584479
v 19.705352 -5.693039 11.684479
v 19.950913 -5.842649 11.851145
v 18.947919 -4.659086 11.588980
v 19.121479 -4.764829 11.422313
v 19.295039 -4.870572 11.322313
v 19.468599 -4.976315 11.288980
v 19.642159 -5.082059 11.322313
v 19.815719 -5.187802 11.422313
v 19.989279 -5.293545 11.588980
v 19.722967 -4.558812 11.300000
v 19.722967 -4.558812 11.133333
v 19.722967 -4.558812 11.033333
v 19.722967 -4.558812 11.000000
v 19.722967 -4.558812 11.033333
v 19.722967 -4.558812 11.133333
v 19.722967 -4.558812 11.300000
v 17.774847 -8.691519 11.900000
v 17.774847 -8.691519 11.733333
v 17.774847 -8.691519 11.633333
v 17.774847 -8.691519 11.600000
v 17.774847 -8.691519 11.633333
v 17.774847 -8.691519 11.733333
v 17.774847 -8.691519 11.900000
v 17.948038 -7.929443 12.055646
v 18.036877 -8.112234 11.888980
v 18.125716 -8.295024 11.788980
v 18.214555 -8.477815 11.755646
v 18.303394 -8.660605 11.788980
v 18.392233 -8.843396 11.888980
v 18.481072 -9.026186 12.055646
v 18.277182 -7.488250 12.184479
v 18.402876 -7.746870 12.017812
v 18.528569 -8.005490 11.917812
v 18.654262 -8.264110 11.884479
v 18.779956 -8.522730 11.917812
v 18.905649 -8.781350 12.017812
v 19.031342 -9.039970 12.184479
v 18.649709 -7.136317 12.262917
v 18.797796 -7.441013 12.096250
v 18.945883 -7.745709 11.996250
v 19.093970 -8.050406 11.962917
v 19.242057 -8.355102 11.996250
v 19.390144 -8.659798 12.096250
v 19.538231 -8.964494 12.262917
v 19.056874 -6.855654 12.273458
v 19.215808 -7.182670 12.106792
v 19.374743 -7.509685 12.006792
v 19.533677 -7.836701 11.973458
v 19.692612 -8.163717 12.006792
v 19.851546 -8.490732 12.106792
v 20.010481 -8.817748 12.273458
v 19.496581 -6.641950 12.206792
v 19.655516 -6.968965 12.040125
v 19.814450 -7.295981 11.940125
v 19.973385 -7.622996 11.906792
v 20.132319 -7.950012 11.940125
v 20.291254 -8.277028 12.040125
v 20.450189 -8.604043 12.206792
v 19.968831 -6.495203 12.062917
v 20.116918 -6.799900 11.896250
v 20.265005 -7.104596 11.796250
v 20.413092 -7.409292 11.762917
v 20.561179 -7.713988 11.796250
v 20.709266 -8.018684 11.896250
v 20.857353 -8.323380 12.062917
v 20.475720 -6.419727 11.851145
v 20.601413 -6.678347 11.684479
v 20.727107 -6.936967 11.584479
v 20.852800 -7.195587 11.551145
v 20.978493 -7.454207 11.584479
v 21.104187 -7.712828 11.684479
v 21.229880 -7.971448 11.851145
v 21.025991 -6.433511 11.588980
v 21.114830 -6.616302 11.422313
v 21.203669 -6.799092 11.322313
v 21.292507 -6.981883 11.288980
v 21.381346 -7.164673 11.322313
v 21.470185 -7.347464 11.422313
v 21.559024 -7.530254 11.588980
v 21.732215 -6.768178 11.300000
v 21.732215 -6.768178 11.133333
v 21.732215 -6.768178 11.033333
v 21.732215 -6.768178 11.000000
v 21.732215 -6.768178 11.033333
v 21.732215 -6.768178 11.133333
v 21.732215 -6.768178 11.300000
v 17.859042 -9.191600 11.900000
v 17.859042 -9.191600 11.733333
v 17.859042 -9.191600 11.633333
v 17.859042 -9.191600 11.600000
v 17.859042 -9.191600 11.633333
v 17.859042 -9.191600 11.733333
v 17.859042 -9.191600 11.900000
v 18.416749 -8.644135 12.055646
v 18.392661 -8.845938 11.888980
v 18.368573 -9.047741 11.788980
v 18.344485 -9.249544 11.755646
v 18.320397 -9.451347 11.788980
v 18.296309 -9.653150 11.888980
v 18.272221 -9.854953 12.055646
v 18.932170 -8.450928 12.184479
v 18.898089 -8.736448 12.017812
v 18.864008 -9.021968 11.917812
v 18.829928 -9.307488 11.884479
v 18.795847 -9.593008 11.917812
v 18.761766 -9.878528 12.017812
v 18.727686 -10.164048 12.184479
v 19.435828 -8.356266 12.262917
v 19.395676 -8.692655 12.096250
v 19.355523 -9.029043 11.996250
v 19.315371 -9.365432 11.962917
v 19.275218 -9.701821 11.996250
v 19.235066 -10.038209 12.096250
v 19.194913 -10.374598 12.262917
v 19.930095 -8.340288 12.273458
v 19.887001 -8.701317 12.106792
v 19.843907 -9.062347 12.006792
v 19.800814 -9.423376 11.973458
v 19.757720 -9.784406 12.006792
v 19.714626 -10.145435 12.106792
v 19.671532 -10.506465 12.273458
v 20.415538 -8.398232 12.206792
v 20.372444 -8.759261 12.040125
v 20.329350 -9.120291 11.940125
v 20.286257 -9.481320 11.906792
v 20.243163 -9.842350 11.940125
v 20.200069 -10.203379 12.040125
v 20.156975 -10.564409 12.206792
v 20.892157 -8.530099 12.062917
v 20.852004 -8.866487 11.896250
v 20.811852 -9.202876 11.796250
v 20.771699 -9.539264 11.762917
v 20.731547 -9.875653 11.796250
v 20.691394 -10.212042 11.896250
v 20.651242 -10.548430 12.062917
v 21.359384 -8.740649 11.851145
v 21.325304 -9.026169 11.684479
v 21.291223 -9.311689 11.584479
v 21.257142 -9.597209 11.551145
v 21.223062 -9.882729 11.584479
v 21.188981 -10.168249 11.684479
v 21.154900 -10.453769 11.851145
v 21.814849 -9.049743 11.588980
v 21.790761 -9.251547 11.422313
v 21.766673 -9.453350 11.322313
v 21.742585 -9.655153 11.288980
v 21.718497 -9.856956 11.322313
v 21.694409 -10.058759 11.422313
v 21.670322 -10.260562 11.588980
v 22.228028 -9.713097 11.300000
v 22.228028 -9.713097 11.133333
v 22.228028 -9.713097 11.033333
v 22.228028 -9.713097 11.000000
v 22.228028 -9.713097 11.033333
v 22.228028 -9.713097 11.133333
v 22.228028 -9.713097 11.300000
v 21.855327 6.486300 9.500000
v 21.855327 6.486300 9.333333
v 21.855327 6.486300 9.233333
v 21.855327 6.486300 9.200000
v 21.855327 6.486300 9.233333
v 21.855327 6.486300 9.333333
v 21.855327 6.486300 9.500000
v 22.611550 6.289117 9.655646
v 22.426044 6.206098 9.488980
v 22.240538 6.123079 9.388980
v 22.055032 6.040060 9.355646
v 21.869526 5.957041 9.388980
v 21.684020 5.874021 9.488980
v 21.498513 5.791002 9.655646
v 23.042124 5.946197 9.784479
v 22.779662 5.828738 9.617812
v 22.517199 5.711279 9.517812
v 22.254737 5.593820 9.484479
v 21.992274 5.476360 9.517812
v 21.729812 5.358901 9.617812
v 21.467350 5.241442 9.784479
v 23.382111 5.562737 9.862917
v 23.072888 5.424351 9.696250
v 22.763665 5.285965 9.596250
v 22.454442 5.147579 9.562917
v 22.145219 5.009194 9.596250
v 21.835996 4.870808 9.696250
v 21.526773 4.732422 9.862917
v 23.649769 5.146908 9.873458
v 23.317895 4.998385 9.706792
v 22.986021 4.849862 9.606792
v 22.654147 4.701339 9.573458
v 22.322273 4.552816 9.606792
v 21.990399 4.404294 9.706792
v 21.658525 4.255771 9.873458
v 23.849474 4.700668 9.806792
v 23.517600 4.552145 9.640125
v 23.185726 4.403622 9.540125
v 22.853852 4.255099 9.506792
v 22.521978 4.106576 9.540125
v 22.190104 3.958053 9.640125
v 21.858230 3.809530 9.806792
v 23.981226 4.224017 9.662917
v 23.672003 4.085631 9.496250
v 23.362780 3.947245 9.396250
v 23.053557 3.808859 9.362917
v 22.744334 3.670473 9.396250
v 22.435111 3.532087 9.496250
v 22.125888 3.393701 9.662917
v 24.040649 3.714997 9.451145
v 23.778186 3.597537 9.284479
v 23.515724 3.480078 9.184479
v 23.253262 3.362619 9.151145
v 22.990799 3.245160 9.184479
v 22.728337 3.127700 9.284479
v 22.465875 3.010241 9.451145
v 24.009485 3.165436 9.188980
v 23.823979 3.082417 9.022313
v 23.638473 2.999398 8.922313
v 23.452967 2.916379 8.888980
v 23.267461 2.833360 8.922313
v 23.081954 2.750340 9.022313
v 22.896448 2.667321 9.188980
v 23.652672 2.470139 8.900000
v 23.652672 2.470139 8.733333
v 23.652672 2.470139 8.633333
v 23.652672 2.470139 8.600000
v 23.652672 2.470139 8.633333
v 23.652672 2.470139 8.733333
v 23.652672 2.470139 8.900000
v 21.352836 6.417948 9.500000
v 21.352836 6.417948 9.333333
v 21.352836 6.417948 9.233333
v 21.352836 6.417948 9.200000
v 21.352836 6.417948 9.233333
v 21.352836 6.417948 9.333333
v 21.352836 6.417948 9.500000
v 21.882407 5.843222 9.655646
v 21.681465 5.873674 9.488980
v 21.480524 5.904126 9.388980
v 21.279583 5.934578 9.355646
v 21.078641 5.965030 9.388980
v 20.877700 5.995482 9.488980
v 20.676759 6.025934 9.655646
v 22.059232 5.321954 9.784479
v 21.774931 5.365038 9.617812
v 21.490630 5.408123 9.517812
v 21.206330 5.451208 9.484479
v 20.922029 5.494293 9.517812
v 20.637728 5.537378 9.617812
v 20.353428 5.580463 9.784479
v 22.137933 4.815556 9.862917
v 21.802981 4.866317 9.696250
v 21.468028 4.917078 9.596250
v 21.133076 4.967838 9.562917
v 20.798124 5.018599 9.596250
v 20.463172 5.069360 9.696250
v 20.128220 5.120121 9.862917
v 22.138286 4.321031 9.873458
v 21.778799 4.375510 9.706792
v 21.419311 4.429989 9.606792
v 21.059823 4.484469 9.573458
v 20.700336 4.538948 9.606792
v 20.340848 4.593427 9.706792
v 19.981360 4.647906 9.873458
v 22.065033 3.837661 9.806792
v 21.705546 3.892141 9.640125
v 21.346058 3.946620 9.540125
v 20.986570 4.001099 9.506792
v 20.627083 4.055578 9.540125
v 20.267595 4.110057 9.640125
v 19.908107 4.164537 9.806792
v 21.918173 3.365446 9.662917
v 21.583221 3.416207 9.496250
v 21.248269 3.466968 9.396250
v 20.913317 3.517729 9.362917
v 20.578365 3.568490 9.396250
v 20.243413 3.619251 9.496250
v 19.908461 3.670012 9.662917
v 21.692966 2.905105 9.451145
v 21.408665 2.948190 9.284479
v 21.124365 2.991275 9.184479
v 20.840064 3.034359 9.151145
v 20.555763 3.077444 9.184479
v 20.271463 3.120529 9.284479
v 19.987162 3.163614 9.451145
v 21.369635 2.459634 9.188980
v 21.168693 2.490086 9.022313
v 20.967752 2.520538 8.922313
v 20.766811 2.550990 8.888980
v 20.565870 2.581442 8.922313
v 20.364928 2.611894 9.022313
v 20.163987 2.642346 9.188980
v 20.693558 2.067620 8.900000
v 20.693558 2.067620 8.733333
v 20.693558 2.067620 8.633333
v 20.693558 2.067620 8.600000
v 20.693558 2.067620 8.633333
v 20.693558 2.067620 8.733333
v 20.693558 2.067620 8.900000
v 20.893159 6.632113 9.500000
v 20.893159 6.632113 9.333333
v 20.893159 6.632113 9.233333
v 20.893159 6.632113 9.200000
v 20.893159 6.632113 9.233333
v 20.893159 6.632113 9.333333
v 20.893159 6.632113 9.500000
v 21.027943 5.862316 9.655646
v 20.875364 5.996571 9.488980
v 20.722785 6.130826 9.388980
v 20.570206 6.265080 9.355646
v 20.417627 6.399335 9.388980
v 20.265048 6.533590 9.488980
v 20.112469 6.667845 9.655646
v 20.894878 5.328198 9.784479
v 20.679003 5.518148 9.617812
v 20.463127 5.708098 9.517812
v 20.247252 5.898048 9.484479
v 20.031376 6.087997 9.517812
v 19.815501 6.277947 9.617812
v 19.599625 6.467897 9.784479
v 20.687306 4.859640 9.862917
v 20.432970 5.083432 9.696250
v 20.178634 5.307223 9.596250
v 19.924298 5.531015 9.562917
v 19.669962 5.754806 9.596250
v 19.415626 5.978598 9.696250
v 19.161289 6.202389 9.862917
v 20.420244 4.443428 9.873458
v 20.147277 4.683613 9.706792
v 19.874311 4.923797 9.606792
v 19.601344 5.163982 9.573458
v 19.328377 5.404166 9.606792
v 19.055411 5.644351 9.706792
v 18.782444 5.884535 9.873458
v 20.097290 4.076395 9.806792
v 19.824323 4.316580 9.640125
v 19.551357 4.556764 9.540125
v 19.278390 4.796949 9.506792
v 19.005423 5.037133 9.540125
v 18.732457 5.277318 9.640125
v 18.459490 5.517503 9.806792
v 19.718445 3.758541 9.662917
v 19.464109 3.982333 9.496250
v 19.209772 4.206124 9.396250
v 18.955436 4.429916 9.362917
v 18.701100 4.653707 9.396250
v 18.446764 4.877499 9.496250
v 18.192428 5.101291 9.662917
v 19.280109 3.493034 9.451145
v 19.064233 3.682983 9.284479
v 18.848358 3.872933 9.184479
v 18.632482 4.062883 9.151145
v 18.416607 4.252833 9.184479
v 18.200731 4.442783 9.284479
v 17.984856 4.632733 9.451145
v 18.767265 3.293085 9.188980
v 18.614686 3.427340 9.022313
v 18.462107 3.561595 8.922313
v 18.309529 3.695850 8.888980
v 18.156950 3.830105 8.922313
v 18.004371 3.964360 9.022313
v 17.851792 4.098615 9.188980
v 17.986575 3.328817 8.900000
v 17.986575 3.328817 8.733333
v 17.986575 3.328817 8.633333
v 17.986575 3.328817 8.600000
v 17.986575 3.328817 8.633333
v 17.986575 3.328817 8.733333
v 17.986575 3.328817 8.900000
v 20.622242 7.060801 9.500000
v 20.622242 7.060801 9.333333
v 20.622242 7.060801 9.233333
v 20.622242 7.060801 9.200000
v 20.622242 7.060801 9.233333
v 20.622242 7.060801 9.333333
v 20.622242 7.060801 9.500000
v 20.319444 6.340337 9.655646
v 20.263671 6.535769 9.488980
v 20.207897 6.731202 9.388980
v 20.152123 6.926635 9.355646
v 20.096349 7.122068 9.388980
v 20.040575 7.317501 9.488980
v 19.984801 7.512934 9.655646
v 19.918738 5.962948 9.784479
v 19.839826 6.239455 9.617812
v 19.760915 6.515962 9.517812
v 19.682004 6.792469 9.484479
v 19.603092 7.068976 9.517812
v 19.524181 7.345483 9.617812
v 19.445269 7.621991 9.784479
v 19.490796 5.680994 9.862917
v 19.397825 6.006764 9.696250
v 19.304855 6.332534 9.596250
v 19.211885 6.658304 9.562917
v 19.118914 6.984074 9.596250
v 19.025944 7.309843 9.696250
v 18.932974 7.635613 9.862917
v 19.041107 5.475239 9.873458
v 18.941327 5.824872 9.706792
v 18.841546 6.174505 9.606792
v 18.741766 6.524138 9.573458
v 18.641985 6.873771 9.606792
v 18.542204 7.223404 9.706792
v 18.442424 7.573037 9.873458
v 18.570988 5.341073 9.806792
v 18.471208 5.690706 9.640125
v 18.371427 6.040339 9.540125
v 18.271647 6.389972 9.506792
v 18.171866 6.739605 9.540125
v 18.072085 7.089238 9.640125
v 17.972305 7.438871 9.806792
v 18.080439 5.278497 9.662917
v 17.987468 5.604267 9.496250
v 17.894498 5.930037 9.396250
v 17.801527 6.255807 9.362917
v 17.708557 6.581577 9.396250
v 17.615587 6.907346 9.496250
v 17.522616 7.233116 9.662917
v 17.568143 5.292120 9.451145
v 17.489231 5.568627 9.284479
v 17.410320 5.845134 9.184479
v 17.331408 6.121641 9.151145
v 17.252497 6.398148 9.184479
v 17.173586 6.674655 9.284479
v 17.094674 6.951162 9.451145
v 17.028611 5.401177 9.188980
v 16.972837 5.596610 9.022313
v 16.917063 5.792043 8.922313
v 16.861289 5.987475 8.888980
v 16.805515 6.182908 8.922313
v 16.749742 6.378341 9.022313
v 16.693968 6.573774 9.188980
v 16.391170 5.853310 8.900000
v 16.391170 5.853310 8.733333
v 16.391170 5.853310 8.633333
v 16.391170 5.853310 8.600000
v 16.391170 5.853310 8.633333
v 16.391170 5.853310 8.733333
v 16.391170 5.853310 8.900000
v 20.626097 7.567905 9.500000
v 20.626097 7.567905 9.333333
v 20.626097 7.567905 9.233333
v 20.626097 7.567905 9.200000
v 20.626097 7.567905 9.233333
v 20.626097 7.567905 9.333333
v 20.626097 7.567905 9.500000
v 19.981856 7.125516 9.655646
v 20.040595 7.320078 9.488980
v 20.099333 7.514641 9.388980
v 20.158072 7.709203 9.355646
v 20.216811 7.903765 9.388980
v 20.275550 8.098327 9.488980
v 20.334289 8.292889 9.655646
v 19.440728 7.024675 9.784479
v 19.523835 7.299950 9.617812
v 19.606941 7.575226 9.517812
v 19.690048 7.850501 9.484479
v 19.773154 8.125776 9.517812
v 19.856261 8.401052 9.617812
v 19.939367 8.676327 9.784479
v 18.928284 7.018843 9.862917
v 19.026197 7.343162 9.696250
v 19.124110 7.667481 9.596250
v 19.222023 7.991799 9.562917
v 19.319936 8.316118 9.596250
v 19.417849 8.640437 9.696250
v 19.515762 8.964755 9.862917
v 18.438743 7.088871 9.873458
v 18.543828 7.436947 9.706792
v 18.648913 7.785022 9.606792
v 18.753998 8.133097 9.573458
v 18.859083 8.481173 9.606792
v 18.964168 8.829248 9.706792
v 19.069254 9.177324 9.873458
v 17.970718 7.230169 9.806792
v 18.075803 7.578245 9.640125
v 18.180888 7.926320 9.540125
v 18.285973 8.274396 9.506792
v 18.391059 8.622471 9.540125
v 18.496144 8.970547 9.640125
v 18.601229 9.318622 9.806792
v 17.524210 7.442738 9.662917
v 17.622123 7.767057 9.496250
v 17.720036 8.091375 9.396250
v 17.817949 8.415694 9.362917
v 17.915862 8.740013 9.396250
v 18.013774 9.064331 9.496250
v 18.111687 9.388650 9.662917
v 17.100604 7.731166 9.451145
v 17.183711 8.006442 9.284479
v 17.266817 8.281717 9.184479
v 17.349924 8.556992 9.151145
v 17.433030 8.832267 9.184479
v 17.516137 9.107543 9.284479
v 17.599243 9.382818 9.451145
v 16.705682 8.114604 9.188980
v 16.764421 8.309166 9.022313
v 16.823160 8.503728 8.922313
v 16.881899 8.698290 8.888980
v 16.940638 8.892852 8.922313
v 16.999377 9.087415 9.022313
v 17.058116 9.281977 9.188980
v 16.413874 8.839588 8.900000
v 16.413874 8.839588 8.733333
v 16.413874 8.839588 8.633333
v 16.413874 8.839588 8.600000
v 16.413874 8.839588 8.633333
v 16.413874 8.839588 8.733333
v 16.413874 8.839588 8.900000
v 20.903502 7.992423 9.500000
v 20.903502 7.992423 9.333333
v 20.903502 7.992423 9.233333
v 20.903502 7.992423 9.200000
v 20.903502 7.992423 9.233333
v 20.903502 7.992423 9.333333
v 20.903502 7.992423 9.500000
v 20.122358 7.968566 9.655646
v 20.276960 8.100485 9.488980
v 20.431563 8.232405 9.388980
v 20.586166 8.364324 9.355646
v 20.740768 8.496244 9.388980
v 20.895371 8.628163 9.488980
v 21.049974 8.760083 9.655646
v 19.612614 8.176288 9.784479
v 19.831353 8.362934 9.617812
v 20.050091 8.549579 9.517812
v 20.268830 8.736225 9.484479
v 20.487569 8.922871 9.517812
v 20.706307 9.109516 9.617812
v 20.925046 9.296162 9.784479
v 19.178366 8.448430 9.862917
v 19.436075 8.668329 9.696250
v 19.693785 8.888227 9.596250
v 19.951494 9.108126 9.562917
v 20.209203 9.328024 9.596250
v 20.466913 9.547923 9.696250
v 20.724622 9.767821 9.862917
v 18.804397 8.772008 9.873458
v 19.080984 9.008014 9.706792
v 19.357571 9.244020 9.606792
v 19.634158 9.480027 9.573458
v 19.910745 9.716033 9.606792
v 20.187332 9.952040 9.706792
v 20.463919 10.188046 9.873458
v 18.487061 9.143909 9.806792
v 18.763648 9.379915 9.640125
v 19.040235 9.615921 9.540125
v 19.316822 9.851928 9.506792
v 19.593409 10.087934 9.540125
v 19.869996 10.323940 9.640125
v 20.146583 10.559947 9.806792
v 18.226358 9.564133 9.662917
v 18.484067 9.784032 9.496250
v 18.741777 10.003930 9.396250
v 18.999486 10.223829 9.362917
v 19.257196 10.443727 9.396250
v 19.514905 10.663626 9.496250
v 19.772615 10.883524 9.662917
v 18.025934 10.035793 9.451145
v 18.244673 10.222438 9.284479
v 18.463412 10.409084 9.184479
v 18.682150 10.595729 9.151145
v 18.900889 10.782375 9.184479
v 19.119628 10.969021 9.284479
v 19.338366 11.155666 9.451145
v 17.901007 10.571872 9.188980
v 18.055609 10.703791 9.022313
v 18.210212 10.835711 8.922313
v 18.364815 10.967630 8.888980
v 18.519417 11.099550 8.922313
v 18.674020 11.231469 9.022313
v 18.828622 11.363389 9.188980
v 18.047479 11.339531 8.900000
v 18.047479 11.339531 8.733333
v 18.047479 11.339531 8.633333
v 18.047479 11.339531 8.600000
v 18.047479 11.339531 8.633333
v 18.047479 11.339531 8.733333
v 18.047479 11.339531 8.900000
v 21.366381 8.199575 9.500000
v 21.366381 8.199575 9.333333
v 21.366381 8.199575 9.233333
v 21.366381 8.199575 9.200000
v 21.366381 8.199575 9.233333
v 21.366381 8.199575 9.333333
v 21.366381 8.199575 9.500000
v 20.696343 8.601823 9.655646
v 20.897724 8.629216 9.488980
v 21.099105 8.656609 9.388980
v 21.300486 8.684002 9.355646
v 21.501867 8.711396 9.388980
v 21.703248 8.738789 9.488980
v 21.904629 8.766182 9.655646
v 20.379822 9.052159 9.784479
v 20.664745 9.090916 9.617812
v 20.949668 9.129673 9.517812
v 21.234591 9.168430 9.484479
v 21.519514 9.207187 9.517812
v 21.804437 9.245944 9.617812
v 22.089360 9.284702 9.784479
v 20.161641 9.515871 9.862917
v 20.497326 9.561534 9.696250
v 20.833011 9.607196 9.596250
v 21.168696 9.652858 9.562917
v 21.504381 9.698520 9.596250
v 21.840066 9.744182 9.696250
v 22.175751 9.789844 9.862917
v 20.021977 9.990265 9.873458
v 20.382252 10.039272 9.706792
v 20.742526 10.088279 9.606792
v 21.102801 10.137286 9.573458
v 21.463075 10.186293 9.606792
v 21.823350 10.235299 9.706792
v 22.183624 10.284306 9.873458
v 19.956082 10.474692 9.806792
v 20.316357 10.523699 9.640125
v 20.676631 10.572706 9.540125
v 21.036906 10.621713 9.506792
v 21.397180 10.670720 9.540125
v 21.757455 10.719727 9.640125
v 22.117729 10.768734 9.806792
v 19.963955 10.969154 9.662917
v 20.299640 11.014817 9.496250
v 20.635325 11.060479 9.396250
v 20.971010 11.106141 9.362917
v 21.306696 11.151803 9.396250
v 21.642381 11.197465 9.496250
v 21.978066 11.243127 9.662917
v 20.050347 11.474297 9.451145
v 20.335270 11.513054 9.284479
v 20.620192 11.551811 9.184479
v 20.905115 11.590569 9.151145
v 21.190038 11.629326 9.184479
v 21.474961 11.668083 9.284479
v 21.759884 11.706840 9.451145
v 20.235077 11.992817 9.188980
v 20.436458 12.020210 9.022313
v 20.637839 12.047603 8.922313
v 20.839220 12.074996 8.888980
v 21.040601 12.102389 8.922313
v 21.241982 12.129783 9.022313
v 21.443363 12.157176 9.188980
v 20.773325 12.559424 8.900000
v 20.773325 12.559424 8.733333
v 20.773325 12.559424 8.633333
v 20.773325 12.559424 8.600000
v 20.773325 12.559424 8.633333
v 20.773325 12.559424 8.733333
v 20.773325 12.559424 8.900000
v 21.867775 8.123590 9.500000
v 21.867775 8.123590 9.333333
v 21.867775 8.123590 9.233333
v 21.867775 8.123590 9.200000
v 21.867775 8.123590 9.233333
v 21.867775 8.123590 9.333333
v 21.867775 8.123590 9.500000
v 21.521575 8.824233 9.655646
v 21.705797 8.738403 9.488980
v 21.890019 8.652572 9.388980
v 22.074242 8.566742 9.355646
v 22.258464 8.480912 9.388980
v 22.442687 8.395082 9.488980
v 22.626909 8.309252 9.655646
v 21.498770 9.374203 9.784479
v 21.759416 9.252767 9.617812
v 22.020063 9.131331 9.517812
v 22.280709 9.009894 9.484479
v 22.541355 8.888458 9.517812
v 22.802001 8.767022 9.617812
v 23.062647 8.645585 9.784479
v 21.565926 9.882261 9.862917
v 21.873009 9.739190 9.696250
v 22.180092 9.596118 9.596250
v 22.487176 9.453047 9.562917
v 22.794259 9.309975 9.596250
v 23.101342 9.166903 9.696250
v 23.408425 9.023832 9.862917
v 21.704910 10.356854 9.873458
v 22.034488 10.203302 9.706792
v 22.364065 10.049750 9.606792
v 22.693642 9.896199 9.573458
v 23.023220 9.742647 9.606792
v 23.352797 9.589095 9.706792
v 23.682374 9.435543 9.873458
v 21.911377 10.800006 9.806792
v 22.240954 10.646454 9.640125
v 22.570532 10.492903 9.540125
v 22.900109 10.339351 9.506792
v 23.229687 10.185799 9.540125
v 23.559264 10.032247 9.640125
v 23.888841 9.878695 9.806792
v 22.185327 11.211718 9.662917
v 22.492410 11.068646 9.496250
v 22.799493 10.925574 9.396250
v 23.106576 10.782503 9.362917
v 23.413659 10.639431 9.396250
v 23.720742 10.496360 9.496250
v 24.027825 10.353288 9.662917
v 22.531105 11.589964 9.451145
v 22.791751 11.468528 9.284479
v 23.052397 11.347091 9.184479
v 23.313043 11.225655 9.151145
v 23.573689 11.104219 9.184479
v 23.834335 10.982782 9.284479
v 24.094981 10.861346 9.451145
v 22.966843 11.926298 9.188980
v 23.151065 11.840467 9.022313
v 23.335287 11.754637 8.922313
v 23.519510 11.668807 8.888980
v 23.703732 11.582977 8.922313
v 23.887955 11.497147 9.022313
v 24.072177 11.411316 9.188980
v 23.725977 12.111959 8.900000
v 23.725977 12.111959 8.733333
v 23.725977 12.111959 8.633333
v 23.725977 12.111959 8.600000
v 23.725977 12.111959 8.633333
v 23.725977 12.111959 8.733333
v 23.725977 12.111959 8.900000
v 22.248494 7.788594 9.500000
v 22.248494 7.788594 9.333333
v 22.248494 7.788594 9.233333
v 22.248494 7.788594 9.200000
v 22.248494 7.788594 9.233333
v 22.248494 7.788594 9.333333
v 22.248494 7.788594 9.500000
v 22.336047 8.565182 9.655646
v 22.444622 8.393379 9.488980
v 22.553196 8.221576 9.388980
v 22.661771 8.049773 9.355646
v 22.770345 7.877970 9.388980
v 22.878920 7.706167 9.488980
v 22.987494 7.534364 9.655646
v 22.614200 9.040176 9.784479
v 22.767816 8.797101 9.617812
v 22.921432 8.554026 9.517812
v 23.075048 8.310952 9.484479
v 23.228664 8.067877 9.517812
v 23.382280 7.824802 9.617812
v 23.535896 7.581728 9.784479
v 22.945372 9.431274 9.862917
v 23.126356 9.144893 9.696250
v 23.307341 8.858512 9.596250
v 23.488325 8.572131 9.562917
v 23.669309 8.285749 9.596250
v 23.850294 7.999368 9.696250
v 24.031278 7.712987 9.862917
v 23.318877 9.755386 9.873458
v 23.513119 9.448027 9.706792
v 23.707360 9.140668 9.606792
v 23.901602 8.833309 9.573458
v 24.095844 8.525950 9.606792
v 24.290086 8.218592 9.706792
v 24.484327 7.911233 9.873458
v 23.732154 10.016565 9.806792
v 23.926396 9.709206 9.640125
v 24.120637 9.401847 9.540125
v 24.314879 9.094488 9.506792
v 24.509121 8.787129 9.540125
v 24.703363 8.479770 9.640125
v 24.897604 8.172411 9.806792
v 24.185203 10.214811 9.662917
v 24.366187 9.928429 9.496250
v 24.547172 9.642048 9.396250
v 24.728156 9.355667 9.362917
v 24.909141 9.069286 9.396250
v 25.090125 8.782905 9.496250
v 25.271109 8.496524 9.662917
v 24.680585 10.346070 9.451145
v 24.834201 10.102995 9.284479
v 24.987817 9.859921 9.184479
v 25.141433 9.616846 9.151145
v 25.295049 9.373771 9.184479
v 25.448665 9.130697 9.284479
v 25.602281 8.887622 9.451145
v 25.228987 10.393434 9.188980
v 25.337562 10.221631 9.022313
v 25.446136 10.049828 8.922313
v 25.554710 9.878025 8.888980
v 25.663285 9.706222 8.922313
v 25.771859 9.534419 9.022313
v 25.880434 9.362616 9.188980
v 25.967988 10.139204 8.900000
v 25.967988 10.139204 8.733333
v 25.967988 10.139204 8.633333
v 25.967988 10.139204 8.600000
v 25.967988 10.139204 8.633333
v 25.967988 10.139204 8.733333
v 25.967988 10.139204 8.900000
v 22.387662 7.300945 9.500000
v 22.387662 7.300945 9.333333
v 22.387662 7.300945 9.233333
v 22.387662 7.300945 9.200000
v 22.387662 7.300945 9.233333
v 22.387662 7.300945 9.333333
v 22.387662 7.300945 9.500000
v 22.881172 7.906918 9.655646
v 22.879627 7.703688 9.488980
v 22.878082 7.500458 9.388980
v 22.876537 7.297228 9.355646
v 22.874992 7.093999 9.388980
v 22.873447 6.890769 9.488980
v 22.871902 6.687539 9.655646
v 23.371970 8.156127 9.784479
v 23.369784 7.868588 9.617812
v 23.367598 7.581050 9.517812
v 23.365412 7.293511 9.484479
v 23.363226 7.005973 9.517812
v 23.361040 6.718435 9.617812
v 23.358853 6.430896 9.784479
v 23.862013 8.306095 9.862917
v 23.859438 7.967328 9.696250
v 23.856862 7.628561 9.596250
v 23.854286 7.289795 9.562917
v 23.851711 6.951028 9.596250
v 23.849135 6.612261 9.696250
v 23.846560 6.273495 9.862917
v 24.351454 8.376823 9.873458
v 24.348690 8.013242 9.706792
v 24.345925 7.649660 9.606792
v 24.343161 7.286078 9.573458
v 24.340397 6.922496 9.606792
v 24.337633 6.558914 9.706792
v 24.334869 6.195332 9.873458
v 24.840329 8.373107 9.806792
v 24.837564 8.009525 9.640125
v 24.834800 7.645943 9.540125
v 24.832036 7.282361 9.506792
v 24.829272 6.918779 9.540125
v 24.826508 6.555197 9.640125
v 24.823743 6.191616 9.806792
v 25.328638 8.294944 9.662917
v 25.326062 7.956178 9.496250
v 25.323486 7.617411 9.396250
v 25.320911 7.278644 9.362917
v 25.318335 6.939877 9.396250
v 25.315760 6.601111 9.496250
v 25.313184 6.262344 9.662917
v 25.816344 8.137543 9.451145
v 25.814158 7.850004 9.284479
v 25.811972 7.562466 9.184479
v 25.809786 7.274927 9.151145
v 25.807599 6.987389 9.184479
v 25.805413 6.699850 9.284479
v 25.803227 6.412312 9.451145
v 26.303296 7.880900 9.188980
v 26.301751 7.677670 9.022313
v 26.300205 7.474440 8.922313
v 26.298660 7.271211 8.888980
v 26.297115 7.067981 8.922313
v 26.295570 6.864751 9.022313
v 26.294025 6.661521 9.188980
v 26.787535 7.267494 8.900000
v 26.787535 7.267494 8.733333
v 26.787535 7.267494 8.633333
v 26.787535 7.267494 8.600000
v 26.787535 7.267494 8.633333
v 26.787535 7.267494 8.733333
v 26.787535 7.267494 8.900000
v 22.241095 6.815469 9.500000
v 22.241095 6.815469 9.333333
v 22.241095 6.815469 9.233333
v 22.241095 6.815469 9.200000
v 22.241095 6.815469 9.233333
v 22.241095 6.815469 9.333333
v 22.241095 6.815469 9.500000
v 22.983876 7.058433 9.655646
v 22.872702 6.888301 9.488980
v 22.761528 6.718169 9.388980
v 22.650353 6.548036 9.355646
v 22.539179 6.377904 9.388980
v 22.428005 6.207771 9.488980
v 22.316831 6.037639 9.655646
v 23.531494 7.002736 9.784479
v 23.374200 6.762026 9.617812
v 23.216906 6.521315 9.517812
v 23.059612 6.280604 9.484479
v 22.902317 6.039893 9.517812
v 22.745023 5.799182 9.617812
v 22.587729 5.558471 9.784479
v 24.024823 6.863960 9.862917
v 23.839505 6.580364 9.696250
v 23.654188 6.296768 9.596250
v 23.468870 6.013171 9.562917
v 23.283552 5.729575 9.596250
v 23.098234 5.445979 9.696250
v 22.912916 5.162383 9.862917
v 24.474806 6.658849 9.873458
v 24.275913 6.354479 9.706792
v 24.077020 6.050109 9.606792
v 23.878128 5.745739 9.573458
v 23.679235 5.441369 9.606792
v 23.480343 5.136999 9.706792
v 23.281450 4.832629 9.873458
v 24.884064 6.391417 9.806792
v 24.685171 6.087047 9.640125
v 24.486279 5.782677 9.540125
v 24.287386 5.478306 9.506792
v 24.088493 5.173936 9.540125
v 23.889601 4.869566 9.640125
v 23.690708 4.565196 9.806792
v 25.252598 6.061663 9.662917
v 25.067280 5.778066 9.496250
v 24.881962 5.494470 9.396250
v 24.696644 5.210874 9.362917
v 24.511326 4.927278 9.396250
v 24.326009 4.643682 9.496250
v 24.140691 4.360085 9.662917
v 25.577785 5.665574 9.451145
v 25.420491 5.424863 9.284479
v 25.263196 5.184152 9.184479
v 25.105902 4.943442 9.151145
v 24.948608 4.702731 9.184479
v 24.791314 4.462020 9.284479
v 24.634020 4.221309 9.451145
v 25.848683 5.186406 9.188980
v 25.737509 5.016274 9.022313
v 25.626335 4.846142 8.922313
v 25.515160 4.676009 8.888980
v 25.403986 4.505877 8.922313
v 25.292812 4.335744 9.022313
v 25.181638 4.165612 9.188980
v 25.924419 4.408577 8.900000
v 25.924419 4.408577 8.733333
v 25.924419 4.408577 8.633333
v 25.924419 4.408577 8.600000
v 25.924419 4.408577 8.633333
v 25.924419 4.408577 8.733333
v 25.924419 4.408577 8.900000
v 6.398170 -14.918291 10.700000
v 6.398170 -14.918291 10.533333
v 6.398170 -14.918291 10.433333
v 6.398170 -14.918291 10.400000
v 6.398170 -14.918291 10.433333
v 6.398170 -14.918291 10.533333
v 6.398170 -14.918291 10.700000
v 7.089526 -15.282683 10.855646
v 6.889978 -15.321225 10.688980
v 6.690431 -15.359767 10.588980
v 6.490883 -15.398308 10.555646
v 6.291335 -15.436850 10.588980
v 6.091788 -15.475392 10.688980
v 5.892240 -15.513934 10.855646
v 7.430583 -15.714734 10.984479
v 7.148254 -15.769264 10.817812
v 6.865925 -15.823795 10.717812
v 6.583596 -15.878326 10.684479
v 6.301267 -15.932856 10.717812
v 6.018939 -15.987387 10.817812
v 5.736610 -16.041917 10.984479
v 7.674196 -16.165605 11.062917
v 7.341567 -16.229851 10.896250
v 7.008939 -16.294097 10.796250
v 6.676310 -16.358343 10.762917
v 6.343681 -16.422589 10.796250
v 6.011052 -16.486835 10.896250
v 5.678423 -16.551080 11.062917
v 7.840006 -16.631504 11.073458
v 7.483012 -16.700456 10.906792
v 7.126017 -16.769408 10.806792
v 6.769023 -16.838360 10.773458
v 6.412028 -16.907312 10.806792
v 6.055034 -16.976264 10.906792
v 5.698040 -17.045216 11.073458
v 7.932720 -17.111522 11.006792
v 7.575725 -17.180474 10.840125
v 7.218731 -17.249425 10.740125
v 6.861736 -17.318377 10.706792
v 6.504742 -17.387329 10.740125
v 6.147747 -17.456281 10.840125
v 5.790753 -17.525233 11.006792
v 7.952336 -17.605657 10.862917
v 7.619707 -17.669903 10.696250
v 7.287078 -17.734149 10.596250
v 6.954450 -17.798395 10.562917
v 6.621821 -17.862641 10.596250
v 6.289192 -17.926886 10.696250
v 5.956563 -17.991132 10.862917
v 7.894149 -18.114820 10.651145
v 7.611821 -18.169351 10.484479
v 7.329492 -18.223881 10.384479
v 7.047163 -18.278412 10.351145
v 6.764834 -18.332943 10.384479
v 6.482505 -18.387473 10.484479
v 6.200176 -18.442004 10.651145
v 7.738519 -18.642804 10.388980
v 7.538971 -18.681346 10.222313
v 7.339424 -18.719887 10.122313
v 7.139876 -18.758429 10.088980
v 6.940328 -18.796971 10.122313
v 6.740781 -18.835513 10.222313
v 6.541233 -18.874055 10.388980
v 7.232589 -19.238447 10.100000
v 7.232589 -19.238447 9.933333
v 7.232589 -19.238447 9.833333
v 7.232589 -19.238447 9.800000
v 7.232589 -19.238447 9.833333
v 7.232589 -19.238447 9.933333
v 7.232589 -19.238447 10.100000
v 5.893328 -14.870287 10.700000
v 5.893328 -14.870287 10.533333
v 5.893328 -14.870287 10.433333
v 5.893328 -14.870287 10.400000
v 5.893328 -14.870287 10.433333
v 5.893328 -14.870287 10.533333
v 5.893328 -14.870287 10.700000
v 6.277929 -15.550608 10.855646
v 6.089222 -15.475148 10.688980
v 5.900514 -15.399688 10.588980
v 5.711807 -15.324227 10.555646
v 5.523099 -15.248767 10.588980
v 5.334392 -15.173307 10.688980
v 5.145685 -15.097847 10.855646
v 6.331260 -16.098462 10.984479
v 6.064268 -15.991697 10.817812
v 5.797277 -15.884933 10.717812
v 5.530285 -15.778168 10.684479
v 5.263294 -15.671404 10.717812
v 4.996302 -15.564639 10.817812
v 4.729310 -15.457875 10.984479
v 6.292441 -16.609466 11.062917
v 5.977882 -16.483681 10.896250
v 5.663323 -16.357895 10.796250
v 5.348764 -16.232109 10.762917
v 5.034205 -16.106323 10.796250
v 4.719645 -15.980538 10.896250
v 4.405086 -15.854752 11.062917
v 6.180045 -17.091049 11.073458
v 5.842444 -16.956049 10.906792
v 5.504843 -16.821050 10.806792
v 5.167242 -16.686050 10.773458
v 4.829641 -16.551050 10.806792
v 4.492040 -16.416051 10.906792
v 4.154439 -16.281051 11.073458
v 5.998524 -17.544990 11.006792
v 5.660923 -17.409990 10.840125
v 5.323322 -17.274990 10.740125
v 4.985721 -17.139991 10.706792
v 4.648120 -17.004991 10.740125
v 4.310518 -16.869991 10.840125
v 3.972917 -16.734992 11.006792
v 5.747877 -17.971289 10.862917
v 5.433317 -17.845503 10.696250
v 5.118758 -17.719717 10.596250
v 4.804199 -17.593932 10.562917
v 4.489640 -17.468146 10.596250
v 4.175081 -17.342360 10.696250
v 3.860522 -17.216574 10.862917
v 5.423652 -18.368166 10.651145
v 5.156661 -18.261401 10.484479
v 4.889669 -18.154637 10.384479
v 4.622677 -18.047872 10.351145
v 4.355686 -17.941108 10.384479
v 4.088694 -17.834344 10.484479
v 3.821703 -17.727579 10.651145
v 5.007278 -18.728194 10.388980
v 4.818571 -18.652734 10.222313
v 4.629863 -18.577273 10.122313
v 4.441156 -18.501813 10.088980
v 4.252449 -18.426353 10.122313
v 4.063741 -18.350893 10.222313
v 3.875034 -18.275433 10.388980
v 4.259634 -18.955754 10.100000
v 4.259634 -18.955754 9.933333
v 4.259634 -18.955754 9.833333
v 4.259634 -18.955754 9.800000
v 4.259634 -18.955754 9.833333
v 4.259634 -18.955754 9.933333
v 4.259634 -18.955754 10.100000
v 5.494582 -14.556965 10.700000
v 5.494582 -14.556965 10.533333
v 5.494582 -14.556965 10.433333
v 5.494582 -14.556965 10.400000
v 5.494582 -14.556965 10.433333
v 5.494582 -14.556965 10.533333
v 5.494582 -14.556965 10.700000
v 5.450319 -15.337218 10.855646
v 5.332365 -15.171714 10.688980
v 5.214411 -15.006210 10.588980
v 5.096457 -14.840706 10.555646
v 4.978503 -14.675202 10.588980
v 4.860549 -14.509698 10.688980
v 4.742596 -14.344194 10.855646
v 5.198992 -15.826935 10.984479
v 5.032106 -15.592773 10.817812
v 4.865219 -15.358610 10.717812
v 4.698333 -15.124448 10.684479
v 4.531446 -14.890285 10.717812
v 4.364560 -14.656123 10.817812
v 4.197673 -14.421960 10.984479
v 4.890065 -16.235833 11.062917
v 4.693446 -15.959951 10.896250
v 4.496827 -15.684070 10.796250
v 4.300208 -15.408189 10.762917
v 4.103589 -15.132308 10.796250
v 3.906970 -14.856427 10.896250
v 3.710351 -14.580545 11.062917
v 4.535149 -16.580200 11.073458
v 4.324127 -16.284110 10.906792
v 4.113105 -15.988020 10.806792
v 3.902083 -15.691930 10.773458
v 3.691062 -15.395840 10.806792
v 3.480040 -15.099751 10.906792
v 3.269018 -14.803661 11.073458
v 4.137024 -16.863941 11.006792
v 3.926002 -16.567851 10.840125
v 3.714981 -16.271762 10.740125
v 3.503959 -15.975672 10.706792
v 3.292937 -15.679582 10.740125
v 3.081915 -15.383492 10.840125
v 2.870894 -15.087402 11.006792
v 3.695692 -17.087057 10.862917
v 3.499073 -16.811175 10.696250
v 3.302453 -16.535294 10.596250
v 3.105834 -16.259413 10.562917
v 2.909215 -15.983532 10.596250
v 2.712596 -15.707651 10.696250
v 2.515977 -15.431769 10.862917
v 3.208369 -17.245642 10.651145
v 3.041483 -17.011479 10.484479
v 2.874596 -16.777317 10.384479
v 2.707710 -16.543154 10.351145
v 2.540823 -16.308992 10.384479
v 2.373937 -16.074829 10.484479
v 2.207050 -15.840667 10.651145
v 2.663447 -17.323408 10.388980
v 2.545493 -17.157904 10.222313
v 2.427539 -16.992400 10.122313
v 2.309585 -16.826896 10.088980
v 2.191631 -16.661392 10.122313
v 2.073677 -16.495888 10.222313
v 1.955723 -16.330384 10.388980
v 1.911461 -17.110637 10.100000
v 1.911461 -17.110637 9.933333
v 1.911461 -17.110637 9.833333
v 1.911461 -17.110637 9.800000
v 1.911461 -17.110637 9.833333
v 1.911461 -17.110637 9.933333
v 1.911461 -17.110637 10.100000
v 5.328529 -14.077803 10.700000
v 5.328529 -14.077803 10.533333
v 5.328529 -14.077803 10.433333
v 5.328529 -14.077803 10.400000
v 5.328529 -14.077803 10.433333
v 5.328529 -14.077803 10.533333
v 5.328529 -14.077803 10.700000
v 4.869456 -14.710264 10.855646
v 4.859705 -14.507262 10.688980
v 4.849954 -14.304261 10.588980
v 4.840204 -14.101259 10.555646
v 4.830453 -13.898258 10.588980
v 4.820702 -13.695256 10.688980
v 4.810951 -13.492255 10.855646
v 4.393266 -14.986362 10.984479
v 4.379470 -14.699147 10.817812
v 4.365674 -14.411931 10.717812
v 4.351878 -14.124715 10.684479
v 4.338082 -13.837500 10.717812
v 4.324286 -13.550284 10.817812
v 4.310490 -13.263068 10.984479
v 3.912314 -15.163330 11.062917
v 3.896060 -14.824944 10.896250
v 3.879806 -14.486558 10.796250
v 3.863552 -14.148171 10.762917
v 3.847298 -13.809785 10.796250
v 3.831044 -13.471399 10.896250
v 3.814790 -13.133012 11.062917
v 3.427560 -15.261148 11.073458
v 3.410115 -14.897975 10.906792
v 3.392670 -14.534801 10.806792
v 3.375226 -14.171627 10.773458
v 3.357781 -13.808454 10.806792
v 3.340337 -13.445280 10.906792
v 3.322892 -13.082106 11.073458
v 2.939234 -15.284604 11.006792
v 2.921789 -14.921431 10.840125
v 2.904345 -14.558257 10.740125
v 2.886900 -14.195083 10.706792
v 2.869456 -13.831910 10.740125
v 2.852011 -13.468736 10.840125
v 2.834567 -13.105562 11.006792
v 2.447336 -15.233698 10.862917
v 2.431082 -14.895312 10.696250
v 2.414828 -14.556926 10.596250
v 2.398574 -14.218539 10.562917
v 2.382320 -13.880153 10.596250
v 2.366066 -13.541767 10.696250
v 2.349813 -13.203380 10.862917
v 1.951636 -15.103642 10.651145
v 1.937840 -14.816427 10.484479
v 1.924044 -14.529211 10.384479
v 1.910248 -14.241995 10.351145
v 1.896452 -13.954780 10.384479
v 1.882656 -13.667564 10.484479
v 1.868860 -13.380348 10.651145
v 1.451175 -14.874456 10.388980
v 1.441424 -14.671455 10.222313
v 1.431673 -14.468453 10.122313
v 1.421922 -14.265451 10.088980
v 1.412172 -14.062450 10.122313
v 1.402421 -13.859448 10.222313
v 1.392670 -13.656447 10.388980
v 0.933597 -14.288907 10.100000
v 0.933597 -14.288907 9.933333
v 0.933597 -14.288907 9.833333
v 0.933597 -14.288907 9.800000
v 0.933597 -14.288907 9.833333
v 0.933597 -14.288907 9.933333
v 0.933597 -14.288907 10.100000
v 5.447892 -13.584932 10.700000
v 5.447892 -13.584932 10.533333
v 5.447892 -13.584932 10.433333
v 5.447892 -13.584932 10.400000
v 5.447892 -13.584932 10.433333
v 5.447892 -13.584932 10.533333
v 5.447892 -13.584932 10.700000
v 4.719761 -13.868798 10.855646
v 4.821309 -13.692751 10.688980
v 4.922857 -13.516703 10.588980
v 5.024404 -13.340656 10.555646
v 5.125952 -13.164608 10.588980
v 5.227500 -12.988561 10.688980
v 5.329048 -12.812513 10.855646
v 4.169894 -13.843619 10.984479
v 4.313568 -13.594539 10.817812
v 4.457243 -13.345459 10.717812
v 4.600917 -13.096379 10.684479
v 4.744592 -12.847299 10.717812
v 4.888267 -12.598220 10.817812
v 5.031941 -12.349140 10.984479
v 3.669615 -13.732472 11.062917
v 3.838887 -13.439015 10.896250
v 4.008158 -13.145559 10.796250
v 4.177430 -12.852103 10.762917
v 4.346702 -12.558647 10.796250
v 4.515974 -12.265190 10.896250
v 4.685246 -11.971734 11.062917
v 3.208929 -13.552683 11.073458
v 3.390601 -13.237731 10.906792
v 3.572272 -12.922779 10.806792
v 3.753943 -12.607826 10.773458
v 3.935614 -12.292874 10.806792
v 4.117285 -11.977922 10.906792
v 4.298957 -11.662969 11.073458
v 2.785442 -13.308407 11.006792
v 2.967113 -12.993455 10.840125
v 3.148785 -12.678502 10.740125
v 3.330456 -12.363550 10.706792
v 3.512127 -12.048598 10.740125
v 3.693798 -11.733645 10.840125
v 3.875470 -11.418693 11.006792
v 2.399153 -12.999642 10.862917
v 2.568425 -12.706186 10.696250
v 2.737697 -12.412730 10.596250
v 2.906969 -12.119274 10.562917
v 3.076241 -11.825817 10.596250
v 3.245512 -11.532361 10.696250
v 3.414784 -11.238905 10.862917
v 2.052458 -12.622237 10.651145
v 2.196132 -12.373157 10.484479
v 2.339807 -12.124077 10.384479
v 2.483482 -11.874997 10.351145
v 2.627156 -11.625917 10.384479
v 2.770831 -11.376837 10.484479
v 2.914505 -11.127757 10.651145
v 1.755351 -12.158863 10.388980
v 1.856898 -11.982816 10.222313
v 1.958446 -11.806768 10.122313
v 2.059994 -11.630721 10.088980
v 2.161542 -11.454673 10.122313
v 2.263090 -11.278626 10.222313
v 2.364638 -11.102578 10.388980
v 1.636507 -11.386444 10.100000
v 1.636507 -11.386444 9.933333
v 1.636507 -11.386444 9.833333
v 1.636507 -11.386444 9.800000
v 1.636507 -11.386444 9.833333
v 1.636507 -11.386444 9.933333
v 1.636507 -11.386444 10.100000
v 5.814772 -13.234835 10.700000
v 5.814772 -13.234835 10.533333
v 5.814772 -13.234835 10.433333
v 5.814772 -13.234835 10.400000
v 5.814772 -13.234835 10.433333
v 5.814772 -13.234835 10.533333
v 5.814772 -13.234835 10.700000
v 5.048759 -13.079981 10.855646
v 5.229365 -12.986781 10.688980
v 5.409971 -12.893581 10.588980
v 5.590578 -12.800382 10.555646
v 5.771184 -12.707182 10.588980
v 5.951790 -12.613983 10.688980
v 6.132396 -12.520783 10.855646
v 4.599795 -12.761518 10.984479
v 4.855324 -12.629655 10.817812
v 5.110854 -12.497792 10.717812
v 5.366383 -12.365929 10.684479
v 5.621913 -12.234066 10.717812
v 5.877442 -12.102203 10.817812
v 6.132972 -11.970340 10.984479
v 4.239024 -12.397544 11.062917
v 4.540079 -12.242188 10.896250
v 4.841134 -12.086832 10.796250
v 5.142189 -11.931476 10.762917
v 5.443244 -11.776120 10.796250
v 5.744299 -11.620764 10.896250
v 6.045354 -11.465409 11.062917
v 3.948672 -11.997231 11.073458
v 4.271779 -11.830495 10.906792
v 4.594887 -11.663759 10.806792
v 4.917995 -11.497023 10.773458
v 5.241102 -11.330287 10.806792
v 5.564210 -11.163551 10.906792
v 5.887318 -10.996816 11.073458
v 3.724478 -11.562778 11.006792
v 4.047585 -11.396042 10.840125
v 4.370693 -11.229306 10.740125
v 4.693801 -11.062570 10.706792
v 5.016908 -10.895834 10.740125
v 5.340016 -10.729099 10.840125
v 5.663123 -10.562363 11.006792
v 3.566441 -11.094185 10.862917
v 3.867496 -10.938829 10.696250
v 4.168551 -10.783473 10.596250
v 4.469606 -10.628117 10.562917
v 4.770661 -10.472762 10.596250
v 5.071716 -10.317406 10.696250
v 5.372771 -10.162050 10.862917
v 3.478824 -10.589254 10.651145
v 3.734353 -10.457391 10.484479
v 3.989883 -10.325528 10.384479
v 4.245412 -10.193665 10.351145
v 4.500941 -10.061802 10.384479
v 4.756471 -9.929939 10.484479
v 5.012000 -9.798076 10.651145
v 3.479400 -10.038811 10.388980
v 3.660006 -9.945611 10.222313
v 3.840612 -9.852411 10.122313
v 4.021218 -9.759212 10.088980
v 4.201824 -9.666012 10.122313
v 4.382430 -9.572813 10.222313
v 4.563036 -9.479613 10.388980
v 3.797023 -9.324759 10.100000
v 3.797023 -9.324759 9.933333
v 3.797023 -9.324759 9.833333
v 3.797023 -9.324759 9.800000
v 3.797023 -9.324759 9.833333
v 3.797023 -9.324759 9.933333
v 3.797023 -9.324759 10.100000
v 6.312688 -13.138664 10.700000
v 6.312688 -13.138664 10.533333
v 6.312688 -13.138664 10.433333
v 6.312688 -13.138664 10.400000
v 6.312688 -13.138664 10.433333
v 6.312688 -13.138664 10.533333
v 6.312688 -13.138664 10.700000
v 5.751998 -12.594255 10.855646
v 5.954321 -12.613494 10.688980
v 6.156644 -12.632732 10.588980
v 6.358967 -12.651971 10.555646
v 6.561290 -12.671209 10.588980
v 6.763613 -12.690448 10.688980
v 6.965936 -12.709686 10.855646
v 5.546479 -12.083619 10.984479
v 5.832734 -12.110838 10.817812
v 6.118990 -12.138058 10.717812
v 6.405245 -12.165277 10.684479
v 6.691501 -12.192497 10.717812
v 6.977757 -12.219716 10.817812
v 7.264012 -12.246936 10.984479
v 5.439758 -11.582377 11.062917
v 5.777014 -11.614446 10.896250
v 6.114269 -11.646515 10.796250
v 6.451524 -11.678584 10.762917
v 6.788779 -11.710652 10.796250
v 7.126035 -11.742721 10.896250
v 7.463290 -11.774790 11.062917
v 5.411924 -11.088636 11.073458
v 5.773884 -11.123054 10.906792
v 6.135843 -11.157472 10.806792
v 6.497803 -11.191890 10.773458
v 6.859763 -11.226308 10.806792
v 7.221722 -11.260726 10.906792
v 7.583682 -11.295144 11.073458
v 5.458203 -10.601942 11.006792
v 5.820162 -10.636360 10.840125
v 6.182122 -10.670778 10.740125
v 6.544082 -10.705196 10.706792
v 6.906041 -10.739614 10.740125
v 7.268001 -10.774032 10.840125
v 7.629961 -10.808451 11.006792
v 5.578595 -10.122296 10.862917
v 5.915850 -10.154365 10.696250
v 6.253105 -10.186434 10.596250
v 6.590360 -10.218503 10.562917
v 6.927616 -10.250572 10.596250
v 7.264871 -10.282641 10.696250
v 7.602126 -10.314710 10.862917
v 5.777872 -9.650151 10.651145
v 6.064128 -9.677370 10.484479
v 6.350384 -9.704590 10.384479
v 6.636639 -9.731809 10.351145
v 6.922895 -9.759029 10.384479
v 7.209150 -9.786248 10.484479
v 7.495406 -9.813468 10.651145
v 6.075949 -9.187400 10.388980
v 6.278272 -9.206639 10.222313
v 6.480595 -9.225877 10.122313
v 6.682918 -9.245116 10.088980
v 6.885241 -9.264354 10.122313
v 7.087564 -9.283593 10.222313
v 7.289887 -9.302831 10.388980
v 6.729197 -8.758422 10.100000
v 6.729197 -8.758422 9.933333
v 6.729197 -8.758422 9.833333
v 6.729197 -8.758422 9.800000
v 6.729197 -8.758422 9.833333
v 6.729197 -8.758422 9.933333
v 6.729197 -8.758422 10.100000
v 6.783555 -13.326954 10.700000
v 6.783555 -13.326954 10.533333
v 6.783555 -13.326954 10.433333
v 6.783555 -13.326954 10.400000
v 6.783555 -13.326954 10.433333
v 6.783555 -13.326954 10.533333
v 6.783555 -13.326954 10.700000
v 6.606202 -12.565836 10.855646
v 6.766006 -12.691405 10.688980
v 6.925810 -12.816973 10.588980
v 7.085614 -12.942542 10.555646
v 7.245418 -13.068110 10.588980
v 7.405222 -13.193679 10.688980
v 7.565025 -13.319247 10.855646
v 6.709380 -12.025150 10.984479
v 6.935477 -12.202809 10.817812
v 7.161575 -12.380469 10.717812
v 7.387672 -12.558129 10.684479
v 7.613770 -12.735789 10.717812
v 7.839868 -12.913449 10.817812
v 8.065965 -13.091109 10.984479
v 6.890593 -11.545781 11.062917
v 7.156972 -11.755093 10.896250
v 7.423352 -11.964405 10.796250
v 7.689731 -12.173717 10.762917
v 7.956110 -12.383029 10.796250
v 8.222490 -12.592341 10.896250
v 8.488869 -12.801653 11.062917
v 7.134113 -11.115371 11.073458
v 7.420005 -11.340015 10.906792
v 7.705898 -11.564660 10.806792
v 7.991790 -11.789304 10.773458
v 8.277682 -12.013949 10.806792
v 8.563574 -12.238593 10.906792
v 8.849466 -12.463238 11.073458
v 7.436172 -10.730958 11.006792
v 7.722064 -10.955603 10.840125
v 8.007956 -11.180247 10.740125
v 8.293848 -11.404892 10.706792
v 8.579740 -11.629536 10.740125
v 8.865632 -11.854181 10.840125
v 9.151524 -12.078825 11.006792
v 7.796769 -10.392543 10.862917
v 8.063148 -10.601855 10.696250
v 8.329527 -10.811167 10.596250
v 8.595907 -11.020479 10.562917
v 8.862286 -11.229791 10.596250
v 9.128665 -11.439103 10.696250
v 9.395045 -11.648416 10.862917
v 8.219673 -10.103087 10.651145
v 8.445770 -10.280747 10.484479
v 8.671868 -10.458407 10.384479
v 8.897965 -10.636067 10.351145
v 9.124063 -10.813727 10.384479
v 9.350160 -10.991387 10.484479
v 9.576258 -11.169047 10.651145
v 8.720612 -9.874949 10.388980
v 8.880416 -10.000517 10.222313
v 9.040220 -10.126086 10.122313
v 9.200024 -10.251654 10.088980
v 9.359828 -10.377223 10.122313
v 9.519631 -10.502791 10.222313
v 9.679435 -10.628360 10.388980
v 9.502082 -9.867242 10.100000
v 9.502082 -9.867242 9.933333
v 9.502082 -9.867242 9.833333
v 9.502082 -9.867242 9.800000
v 9.502082 -9.867242 9.833333
v 9.502082 -9.867242 9.933333
v 9.502082 -9.867242 10.100000
v 7.077877 -13.739924 10.700000
v 7.077877 -13.739924 10.533333
v 7.077877 -13.739924 10.433333
v 7.077877 -13.739924 10.400000
v 7.077877 -13.739924 10.433333
v 7.077877 -13.739924 10.533333
v 7.077877 -13.739924 10.700000
v 7.340170 -13.003747 10.855646
v 7.406718 -13.195778 10.688980
v 7.473266 -13.387810 10.588980
v 7.539814 -13.579841 10.555646
v 7.606362 -13.771872 10.588980
v 7.672910 -13.963904 10.688980
v 7.739458 -14.155935 10.855646
v 7.719285 -12.604674 10.984479
v 7.813440 -12.876369 10.817812
v 7.907596 -13.148063 10.717812
v 8.001751 -13.419758 10.684479
v 8.095906 -13.691452 10.717812
v 8.190061 -13.963147 10.817812
v 8.284216 -14.234842 10.984479
v 8.130898 -12.299374 11.062917
v 8.241828 -12.619475 10.896250
v 8.352758 -12.939575 10.796250
v 8.463688 -13.259675 10.762917
v 8.574618 -13.579775 10.796250
v 8.685548 -13.899875 10.896250
v 8.796477 -14.219975 11.062917
v 8.568457 -12.068948 11.073458
v 8.687513 -12.412496 10.906792
v 8.806569 -12.756044 10.806792
v 8.925625 -13.099591 10.773458
v 9.044680 -13.443139 10.806792
v 9.163736 -13.786687 10.906792
v 9.282792 -14.130235 11.073458
v 9.030394 -11.908865 11.006792
v 9.149450 -12.252413 10.840125
v 9.268506 -12.595960 10.740125
v 9.387561 -12.939508 10.706792
v 9.506617 -13.283056 10.740125
v 9.625673 -13.626604 10.840125
v 9.744729 -13.970152 11.006792
v 9.516709 -11.819125 10.862917
v 9.627638 -12.139225 10.696250
v 9.738568 -12.459325 10.596250
v 9.849498 -12.779425 10.562917
v 9.960428 -13.099525 10.596250
v 10.071358 -13.419625 10.696250
v 10.182288 -13.739725 10.862917
v 10.028970 -11.804258 10.651145
v 10.123125 -12.075953 10.484479
v 10.217280 -12.347647 10.384479
v 10.311435 -12.619342 10.351145
v 10.405590 -12.891037 10.384479
v 10.499746 -13.162731 10.484479
v 10.593901 -13.434426 10.651145
v 10.573728 -11.883164 10.388980
v 10.640276 -12.075196 10.222313
v 10.706824 -12.267227 10.122313
v 10.773372 -12.459259 10.088980
v 10.839920 -12.651290 10.122313
v 10.906468 -12.843322 10.222313
v 10.973016 -13.035353 10.388980
v 11.235309 -12.299176 10.100000
v 11.235309 -12.299176 9.933333
v 11.235309 -12.299176 9.833333
v 11.235309 -12.299176 9.800000
v 11.235309 -12.299176 9.833333
v 11.235309 -12.299176 9.933333
v 11.235309 -12.299176 10.100000
v 7.102208 -14.246459 10.700000
v 7.102208 -14.246459 10.533333
v 7.102208 -14.246459 10.433333
v 7.102208 -14.246459 10.400000
v 7.102208 -14.246459 10.433333
v 7.102208 -14.246459 10.533333
v 7.102208 -14.246459 10.700000
v 7.720870 -13.768953 10.855646
v 7.673034 -13.966479 10.688980
v 7.625197 -14.164004 10.588980
v 7.577361 -14.361530 10.555646
v 7.529525 -14.559056 10.588980
v 7.481689 -14.756582 10.688980
v 7.433852 -14.954107 10.855646
v 8.255557 -13.638197 10.984479
v 8.187876 -13.917665 10.817812
v 8.120196 -14.197133 10.717812
v 8.052515 -14.476602 10.684479
v 7.984834 -14.756070 10.717812
v 7.917153 -15.035538 10.817812
v 7.849472 -15.315006 10.984479
v 8.766885 -13.603897 11.062917
v 8.687146 -13.933156 10.896250
v 8.607407 -14.262414 10.796250
v 8.527668 -14.591673 10.762917
v 8.447929 -14.920932 10.796250
v 8.368190 -15.250190 10.896250
v 8.288451 -15.579449 11.062917
v 9.259562 -13.646613 11.073458
v 9.173982 -13.999990 10.906792
v 9.088402 -14.353367 10.806792
v 9.002822 -14.706744 10.773458
v 8.917242 -15.060122 10.806792
v 8.831662 -15.413499 10.906792
v 8.746082 -15.766876 11.073458
v 9.734715 -13.761684 11.006792
v 9.649135 -14.115061 10.840125
v 9.563555 -14.468439 10.740125
v 9.477975 -14.821816 10.706792
v 9.392395 -15.175193 10.740125
v 9.306816 -15.528570 10.840125
v 9.221236 -15.881948 11.006792
v 10.192346 -13.949112 10.862917
v 10.112607 -14.278370 10.696250
v 10.032868 -14.607629 10.596250
v 9.953129 -14.936887 10.562917
v 9.873390 -15.266146 10.596250
v 9.793651 -15.595404 10.696250
v 9.713912 -15.924663 10.862917
v 10.631325 -14.213554 10.651145
v 10.563644 -14.493022 10.484479
v 10.495963 -14.772490 10.384479
v 10.428283 -15.051959 10.351145
v 10.360602 -15.331427 10.384479
v 10.292921 -15.610895 10.484479
v 10.225240 -15.890363 10.651145
v 11.046945 -14.574453 10.388980
v 10.999109 -14.771979 10.222313
v 10.951272 -14.969504 10.122313
v 10.903436 -15.167030 10.088980
v 10.855600 -15.364556 10.122313
v 10.807764 -15.562082 10.222313
v 10.759927 -15.759607 10.388980
v 11.378590 -15.282101 10.100000
v 11.378590 -15.282101 9.933333
v 11.378590 -15.282101 9.833333
v 11.378590 -15.282101 9.800000
v 11.378590 -15.282101 9.833333
v 11.378590 -15.282101 9.933333
v 11.378590 -15.282101 10.100000
v 6.848822 -14.685737 10.700000
v 6.848822 -14.685737 10.533333
v 6.848822 -14.685737 10.433333
v 6.848822 -14.685737 10.400000
v 6.848822 -14.685737 10.433333
v 6.848822 -14.685737 10.533333
v 6.848822 -14.685737 10.700000
v 7.627433 -14.618508 10.855646
v 7.480401 -14.758815 10.688980
v 7.333368 -14.899122 10.588980
v 7.186335 -15.039429 10.555646
v 7.039302 -15.179736 10.588980
v 6.892269 -15.320043 10.688980
v 6.745236 -15.460350 10.855646
v 8.147933 -14.797583 10.984479
v 7.939904 -14.996095 10.817812
v 7.731876 -15.194608 10.717812
v 7.523847 -15.393120 10.684479
v 7.315818 -15.591633 10.717812
v 7.107790 -15.790145 10.817812
v 6.899761 -15.988658 10.984479
v 8.596633 -15.045172 11.062917
v 8.351542 -15.279052 10.896250
v 8.106451 -15.512932 10.796250
v 7.861359 -15.746812 10.762917
v 7.616268 -15.980692 10.796250
v 7.371177 -16.214572 10.896250
v 7.126086 -16.448451 11.062917
v 8.988006 -15.347468 11.073458
v 8.724961 -15.598480 10.906792
v 8.461916 -15.849492 10.806792
v 8.198872 -16.100504 10.773458
v 7.935827 -16.351515 10.806792
v 7.672783 -16.602527 10.906792
v 7.409738 -16.853539 11.073458
v 9.325518 -15.701160 11.006792
v 9.062473 -15.952172 10.840125
v 8.799429 -16.203183 10.740125
v 8.536384 -16.454195 10.706792
v 8.273340 -16.705207 10.740125
v 8.010295 -16.956219 10.840125
v 7.747250 -17.207231 11.006792
v 9.609170 -16.106247 10.862917
v 9.364079 -16.340127 10.696250
v 9.118988 -16.574007 10.596250
v 8.873896 -16.807887 10.562917
v 8.628805 -17.041767 10.596250
v 8.383714 -17.275646 10.696250
v 8.138623 -17.509526 10.862917
v 9.835495 -16.566041 10.651145
v 9.627466 -16.764553 10.484479
v 9.419437 -16.963066 10.384479
v 9.211409 -17.161578 10.351145
v 9.003380 -17.360091 10.384479
v 8.795351 -17.558604 10.484479
v 8.587323 -17.757116 10.651145
v 9.990020 -17.094349 10.388980
v 9.842987 -17.234656 10.222313
v 9.695954 -17.374963 10.122313
v 9.548921 -17.515270 10.088980
v 9.401888 -17.655577 10.122313
v 9.254855 -17.795884 10.222313
v 9.107822 -17.936191 10.388980
v 9.886433 -17.868962 10.100000
v 9.886433 -17.868962 9.933333
v 9.886433 -17.868962 9.833333
v 9.886433 -17.868962 9.800000
v 9.886433 -17.868962 9.833333
v 9.886433 -17.868962 9.933333
v 9.886433 -17.868962 10.100000
v 2.877174 12.746587 11.900000
v 2.877174 12.746587 11.733333
v 2.877174 12.746587 11.633333
v 2.877174 12.746587 11.600000
v 2.877174 12.746587 11.633333
v 2.877174 12.746587 11.733333
v 2.877174 12.746587 11.900000
v 3.467251 12.234177 12.055646
v 3.264172 12.242142 11.888980
v 3.061092 12.250108 11.788980
v 2.858013 12.258074 11.755646
v 2.654933 12.266039 11.788980
v 2.451854 12.274005 11.888980
v 2.248774 12.281970 12.055646
v 3.700829 11.735750 12.184479
v 3.413503 11.747020 12.017812
v 3.126177 11.758290 11.917812
v 2.838851 11.769560 11.884479
v 2.551526 11.780830 11.917812
v 2.264200 11.792100 12.017812
v 1.976874 11.803370 12.184479
v 3.835239 11.241213 12.262917
v 3.496722 11.254491 12.096250
v 3.158206 11.267769 11.996250
v 2.819690 11.281047 11.962917
v 2.481174 11.294325 11.996250
v 2.142658 11.307603 12.096250
v 1.804141 11.320881 12.262917
v 3.890468 10.749782 12.273458
v 3.527155 10.764033 12.106792
v 3.163842 10.778283 12.006792
v 2.800529 10.792534 11.973458
v 2.437216 10.806784 12.006792
v 2.073903 10.821035 12.106792
v 1.710590 10.835285 12.273458
v 3.871306 10.261269 12.206792
v 3.507993 10.275520 12.040125
v 3.144680 10.289770 11.940125
v 2.781367 10.304021 11.906792
v 2.418054 10.318271 11.940125
v 2.054741 10.332522 12.040125
v 1.691428 10.346772 12.206792
v 3.777755 9.775674 12.062917
v 3.439238 9.788952 11.896250
v 3.100722 9.802229 11.796250
v 2.762206 9.815507 11.762917
v 2.423690 9.828785 11.796250
v 2.085174 9.842063 11.896250
v 1.746657 9.855341 12.062917
v 3.605022 9.293184 11.851145
v 3.317696 9.304454 11.684479
v 3.030371 9.315724 11.584479
v 2.743045 9.326994 11.551145
v 2.455719 9.338264 11.584479
v 2.168393 9.349534 11.684479
v 1.881067 9.360804 11.851145
v 3.333122 8.814584 11.588980
v 3.130042 8.822550 11.422313
v 2.926963 8.830515 11.322313
v 2.723883 8.838481 11.288980
v 2.520804 8.846446 11.322313
v 2.317724 8.854412 11.422313
v 2.114645 8.862377 11.588980
v 2.704722 8.349968 11.300000
v 2.704722 8.349968 11.133333
v 2.704722 8.349968 11.033333
v 2.704722 8.349968 11.000000
v 2.704722 8.349968 11.033333
v 2.704722 8.349968 11.133333
v 2.704722 8.349968 11.300000
v 2.396571 12.908419 11.900000
v 2.396571 12.908419 11.733333
v 2.396571 12.908419 11.633333
v 2.396571 12.908419 11.600000
v 2.396571 12.908419 11.633333
v 2.396571 12.908419 11.733333
v 2.396571 12.908419 11.900000
v 2.615946 12.158333 12.055646
v 2.449411 12.274827 11.888980
v 2.282876 12.391321 11.788980
v 2.116341 12.507815 11.755646
v 1.949806 12.624309 11.788980
v 1.783271 12.740804 11.888980
v 1.616737 12.857298 12.055646
v 2.542974 11.612748 12.184479
v 2.307353 11.777569 12.017812
v 2.071732 11.942390 11.917812
v 1.836111 12.107211 11.884479
v 1.600491 12.272032 11.917812
v 1.364870 12.436853 12.017812
v 1.129249 12.601674 12.184479
v 2.388680 11.124050 12.262917
v 2.111080 11.318236 12.096250
v 1.833481 11.512421 11.996250
v 1.555882 11.706607 11.962917
v 1.278282 11.900793 11.996250
v 1.000683 12.094979 12.096250
v 0.723083 12.289164 12.262917
v 2.169454 10.680773 12.273458
v 1.871520 10.889183 12.106792
v 1.573586 11.097593 12.006792
v 1.275652 11.306003 11.973458
v 0.977718 11.514413 12.006792
v 0.679784 11.722823 12.106792
v 0.381850 11.931233 12.273458
v 1.889224 10.280169 12.206792
v 1.591290 10.488579 12.040125
v 1.293356 10.696989 11.940125
v 0.995422 10.905399 11.906792
v 0.697488 11.113809 11.940125
v 0.399554 11.322219 12.040125
v 0.101620 11.530629 12.206792
v 1.547991 9.922238 12.062917
v 1.270391 10.116423 11.896250
v 0.992792 10.310609 11.796250
v 0.715192 10.504795 11.762917
v 0.437593 10.698981 11.796250
v 0.159994 10.893166 11.896250
v -0.117606 11.087352 12.062917
v 1.141825 9.609728 11.851145
v 0.906204 9.774549 11.684479
v 0.670584 9.939370 11.584479
v 0.434963 10.104191 11.551145
v 0.199342 10.269012 11.584479
v -0.036279 10.433833 11.684479
v -0.271900 10.598654 11.851145
v 0.654337 9.354104 11.588980
v 0.487803 9.470599 11.422313
v 0.321268 9.587093 11.322313
v 0.154733 9.703587 11.288980
v -0.011802 9.820081 11.322313
v -0.178337 9.936575 11.422313
v -0.344872 10.053069 11.588980
v -0.125497 9.302983 11.300000
v -0.125497 9.302983 11.133333
v -0.125497 9.302983 11.033333
v -0.125497 9.302983 11.000000
v -0.125497 9.302983 11.033333
v -0.125497 9.302983 11.133333
v -0.125497 9.302983 11.300000
v 2.079755 13.304396 11.900000
v 2.079755 13.304396 11.733333
v 2.079755 13.304396 11.633333
v 2.079755 13.304396 11.600000
v 2.079755 13.304396 11.633333
v 2.079755 13.304396 11.733333
v 2.079755 13.304396 11.900000
v 1.858778 12.554780 12.055646
v 1.781661 12.742816 11.888980
v 1.704544 12.930853 11.788980
v 1.627428 13.118890 11.755646
v 1.550311 13.306926 11.788980
v 1.473195 13.494963 11.888980
v 1.396078 13.682999 12.055646
v 1.502425 12.135256 12.184479
v 1.393317 12.401299 12.017812
v 1.284209 12.667341 11.917812
v 1.175101 12.933384 11.884479
v 1.065993 13.199426 11.917812
v 0.956885 13.465469 12.017812
v 0.847777 13.731511 12.184479
v 1.108414 11.807555 12.262917
v 0.979867 12.120996 12.096250
v 0.851320 12.434437 11.996250
v 0.722774 12.747878 11.962917
v 0.594227 13.061319 11.996250
v 0.465680 13.374760 12.096250
v 0.337133 13.688201 12.262917
v 0.684335 11.553169 12.273458
v 0.546372 11.889570 12.106792
v 0.408409 12.225971 12.006792
v 0.270446 12.562372 11.973458
v 0.132483 12.898773 12.006792
v -0.005480 13.235174 12.106792
v -0.143442 13.571575 12.273458
v 0.232008 11.367663 12.206792
v 0.094045 11.704064 12.040125
v -0.043918 12.040465 11.940125
v -0.181881 12.376866 11.906792
v -0.319844 12.713267 11.940125
v -0.457807 13.049668 12.040125
v -0.595770 13.386069 12.206792
v -0.248568 11.251037 12.062917
v -0.377115 11.564478 11.896250
v -0.505661 11.877919 11.796250
v -0.634208 12.191360 11.762917
v -0.762755 12.504801 11.796250
v -0.891301 12.818242 11.896250
v -1.019848 13.131683 12.062917
v -0.759211 11.207726 11.851145
v -0.868319 11.473769 11.684479
v -0.977427 11.739811 11.584479
v -1.086535 12.005854 11.551145
v -1.195643 12.271896 11.584479
v -1.304751 12.537939 11.684479
v -1.413859 12.803981 11.851145
v -1.307513 11.256238 11.588980
v -1.384629 11.444275 11.422313
v -1.461746 11.632311 11.322313
v -1.538862 11.820348 11.288980
v -1.615979 12.008384 11.322313
v -1.693095 12.196421 11.422313
v -1.770212 12.384458 11.588980
v -1.991190 11.634842 11.300000
v -1.991190 11.634842 11.133333
v -1.991190 11.634842 11.033333
v -1.991190 11.634842 11.000000
v -1.991190 11.634842 11.033333
v -1.991190 11.634842 11.133333
v -1.991190 11.634842 11.300000
v 2.027314 13.808795 11.900000
v 2.027314 13.808795 11.733333
v 2.027314 13.808795 11.633333
v 2.027314 13.808795 11.600000
v 2.027314 13.808795 11.633333
v 2.027314 13.808795 11.733333
v 2.027314 13.808795 11.900000
v 1.436143 13.297648 12.055646
v 1.472928 13.497527 11.888980
v 1.509714 13.697406 11.788980
v 1.546500 13.897284 11.755646
v 1.583285 14.097163 11.788980
v 1.620071 14.297042 11.888980
v 1.656857 14.496921 12.055646
v 0.909548 13.137381 12.184479
v 0.961594 13.420179 12.017812
v 1.013640 13.702976 11.917812
v 1.065686 13.985773 11.884479
v 1.117732 14.268571 11.917812
v 1.169778 14.551368 12.017812
v 1.221824 14.834166 12.184479
v 0.400916 13.074719 12.262917
v 0.462235 13.407900 12.096250
v 0.523553 13.741081 11.996250
v 0.584872 14.074262 11.962917
v 0.646190 14.407443 11.996250
v 0.707509 14.740624 12.096250
v 0.768828 15.073805 12.262917
v -0.093373 13.089991 12.273458
v -0.027563 13.447577 12.106792
v 0.038248 13.805164 12.006792
v 0.104058 14.162751 11.973458
v 0.169868 14.520338 12.006792
v 0.235678 14.877925 12.106792
v 0.301489 15.235512 12.273458
v -0.574187 13.178480 12.206792
v -0.508377 13.536066 12.040125
v -0.442566 13.893653 11.940125
v -0.376756 14.251240 11.906792
v -0.310946 14.608827 11.940125
v -0.245136 14.966414 12.040125
v -0.179325 15.324001 12.206792
v -1.041526 13.340186 12.062917
v -0.980207 13.673367 11.896250
v -0.918889 14.006548 11.796250
v -0.857570 14.339729 11.762917
v -0.796251 14.672910 11.796250
v -0.734933 15.006091 11.896250
v -0.673614 15.339272 12.062917
v -1.494522 13.579826 11.851145
v -1.442476 13.862623 11.684479
v -1.390430 14.145421 11.584479
v -1.338384 14.428218 11.551145
v -1.286338 14.711016 11.584479
v -1.234292 14.993813 11.684479
v -1.182246 15.276610 11.851145
v -1.929555 13.917071 11.588980
v -1.892769 14.116950 11.422313
v -1.855984 14.316828 11.322313
v -1.819198 14.516707 11.288980
v -1.782412 14.716586 11.322313
v -1.745627 14.916465 11.422313
v -1.708841 15.116344 11.588980
v -2.300012 14.605196 11.300000
v -2.300012 14.605196 11.133333
v -2.300012 14.605196 11.033333
v -2.300012 14.605196 11.000000
v -2.300012 14.605196 11.033333
v -2.300012 14.605196 11.133333
v -2.300012 14.605196 11.300000
v 2.255896 14.261476 11.900000
v 2.255896 14.261476 11.733333
v 2.255896 14.261476 11.633333
v 2.255896 14.261476 11.600000
v 2.255896 14.261476 11.633333
v 2.255896 14.261476 11.733333
v 2.255896 14.261476 11.900000
v 1.482224 14.151082 12.055646
v 1.621233 14.299343 11.888980
v 1.760242 14.447604 11.788980
v 1.899250 14.595865 11.755646
v 2.038259 14.744126 11.788980
v 2.177268 14.892387 11.888980
v 2.316277 15.040648 12.055646
v 0.952578 14.300956 12.184479
v 1.149253 14.510722 12.017812
v 1.345929 14.720488 11.917812
v 1.542605 14.930254 11.884479
v 1.739280 15.140020 11.917812
v 1.935956 15.349786 12.017812
v 2.132632 15.559553 12.184479
v 0.490812 14.523229 12.262917
v 0.722528 14.770367 12.096250
v 0.954243 15.017505 11.996250
v 1.185959 15.264643 11.962917
v 1.417675 15.511782 11.996250
v 1.649390 15.758920 12.096250
v 1.881106 16.006058 12.262917
v 0.083246 14.803308 12.273458
v 0.331935 15.068550 12.106792
v 0.580624 15.333791 12.006792
v 0.829313 15.599033 11.973458
v 1.078003 15.864274 12.006792
v 1.326692 16.129516 12.106792
v 1.575381 16.394757 12.273458
v -0.273400 15.137697 12.206792
v -0.024711 15.402939 12.040125
v 0.223978 15.668181 11.940125
v 0.472668 15.933422 11.906792
v 0.721357 16.198664 11.940125
v 0.970046 16.463905 12.040125
v 1.218735 16.729147 12.206792
v -0.579125 15.526396 12.062917
v -0.347409 15.773535 11.896250
v -0.115694 16.020673 11.796250
v 0.116022 16.267811 11.762917
v 0.347738 16.514950 11.796250
v 0.579453 16.762088 11.896250
v 0.811169 17.009226 12.062917
v -0.830651 15.972902 11.851145
v -0.633975 16.182668 11.684479
v -0.437299 16.392435 11.584479
v -0.240624 16.602201 11.551145
v -0.043948 16.811967 11.584479
v 0.152728 17.021733 11.684479
v 0.349404 17.231499 11.851145
v -1.014296 16.491807 11.588980
v -0.875287 16.640068 11.422313
v -0.736278 16.788329 11.322313
v -0.597269 16.936590 11.288980
v -0.458261 17.084851 11.322313
v -0.319252 17.233112 11.422313
v -0.180243 17.381373 11.588980
v -0.953915 17.270979 11.300000
v -0.953915 17.270979 11.133333
v -0.953915 17.270979 11.033333
v -0.953915 17.270979 11.000000
v -0.953915 17.270979 11.033333
v -0.953915 17.270979 11.133333
v -0.953915 17.270979 11.300000
v 2.692929 14.518713 11.900000
v 2.692929 14.518713 11.733333
v 2.692929 14.518713 11.633333
v 2.692929 14.518713 11.600000
v 2.692929 14.518713 11.633333
v 2.692929 14.518713 11.733333
v 2.692929 14.518713 11.900000
v 1.982392 14.844123 12.055646
v 2.179489 14.893694 11.888980
v 2.376587 14.943265 11.788980
v 2.573684 14.992837 11.755646
v 2.770782 15.042408 11.788980
v 2.967879 15.091979 11.888980
v 3.164977 15.141550 12.055646
v 1.617853 15.256553 12.184479
v 1.896715 15.326689 12.017812
v 2.175577 15.396825 11.917812
v 2.454439 15.466960 11.884479
v 2.733302 15.537096 11.917812
v 3.012164 15.607231 12.017812
v 3.291026 15.677367 12.184479
v 1.349560 15.693190 12.262917
v 1.678105 15.775821 12.096250
v 2.006650 15.858452 11.996250
v 2.335194 15.941083 11.962917
v 2.663739 16.023714 11.996250
v 2.992284 16.106345 12.096250
v 3.320829 16.188976 12.262917
v 1.158116 16.149155 12.273458
v 1.510727 16.237839 12.106792
v 1.863338 16.326523 12.006792
v 2.215950 16.415207 11.973458
v 2.568561 16.503891 12.006792
v 2.921172 16.592575 12.106792
v 3.273783 16.681258 12.273458
v 1.038871 16.623279 12.206792
v 1.391482 16.711963 12.040125
v 1.744094 16.800646 11.940125
v 2.096705 16.889330 11.906792
v 2.449316 16.978014 11.940125
v 2.801927 17.066698 12.040125
v 3.154538 17.155382 12.206792
v 0.991826 17.115561 12.062917
v 1.320370 17.198192 11.896250
v 1.648915 17.280823 11.796250
v 1.977460 17.363454 11.762917
v 2.306004 17.446085 11.796250
v 2.634549 17.528716 11.896250
v 2.963094 17.611347 12.062917
v 1.021628 17.627170 11.851145
v 1.300490 17.697306 11.684479
v 1.579353 17.767441 11.584479
v 1.858215 17.837577 11.551145
v 2.137077 17.907713 11.584479
v 2.415939 17.977848 11.684479
v 2.694802 18.047984 11.851145
v 1.147677 18.162987 11.588980
v 1.344775 18.212558 11.422313
v 1.541872 18.262129 11.322313
v 1.738970 18.311700 11.288980
v 1.936067 18.361272 11.322313
v 2.133165 18.410843 11.422313
v 2.330262 18.460414 11.588980
v 1.619725 18.785824 11.300000
v 1.619725 18.785824 11.133333
v 1.619725 18.785824 11.033333
v 1.619725 18.785824 11.000000
v 1.619725 18.785824 11.033333
v 1.619725 18.785824 11.133333
v 1.619725 18.785824 11.300000
v 3.199658 14.498837 11.900000
v 3.199658 14.498837 11.733333
v 3.199658 14.498837 11.633333
v 3.199658 14.498837 11.600000
v 3.199658 14.498837 11.633333
v 3.199658 14.498837 11.733333
v 3.199658 14.498837 11.900000
v 2.777846 15.156735 12.055646
v 2.970455 15.091878 11.888980
v 3.163064 15.027021 11.788980
v 3.355673 14.962164 11.755646
v 3.548283 14.897307 11.788980
v 3.740892 14.832450 11.888980
v 3.933501 14.767593 12.055646
v 2.694153 15.700778 12.184479
v 2.966665 15.609016 12.017812
v 3.239177 15.517253 11.917812
v 3.511689 15.425491 11.884479
v 3.784201 15.333728 11.917812
v 4.056713 15.241966 12.017812
v 4.329225 15.150203 12.184479
v 2.704515 16.213151 12.262917
v 3.025578 16.105040 12.096250
v 3.346641 15.996928 11.996250
v 3.667704 15.888817 11.962917
v 3.988767 15.780706 11.996250
v 4.309830 15.672595 12.096250
v 4.630893 15.564484 12.262917
v 2.789975 16.700235 12.273458
v 3.134556 16.584205 12.106792
v 3.479138 16.468174 12.006792
v 3.823719 16.352144 11.973458
v 4.168301 16.236114 12.006792
v 4.512882 16.120083 12.106792
v 4.857463 16.004053 12.273458
v 2.945990 17.163562 12.206792
v 3.290572 17.047531 12.040125
v 3.635153 16.931501 11.940125
v 3.979734 16.815471 11.906792
v 4.324316 16.699440 11.940125
v 4.668897 16.583410 12.040125
v 5.013479 16.467380 12.206792
v 3.172560 17.603131 12.062917
v 3.493623 17.495020 11.896250
v 3.814687 17.386908 11.796250
v 4.135750 17.278797 11.762917
v 4.456813 17.170686 11.796250
v 4.777876 17.062575 11.896250
v 5.098939 16.954464 12.062917
v 3.474229 18.017412 11.851145
v 3.746741 17.925649 11.684479
v 4.019253 17.833887 11.584479
v 4.291765 17.742124 11.551145
v 4.564277 17.650362 11.584479
v 4.836789 17.558599 11.684479
v 5.109301 17.466836 11.851145
v 3.869953 18.400022 11.588980
v 4.062562 18.335165 11.422313
v 4.255171 18.270308 11.322313
v 4.447780 18.205451 11.288980
v 4.640389 18.140594 11.322313
v 4.832999 18.075737 11.422313
v 5.025608 18.010880 11.588980
v 4.603795 18.668777 11.300000
v 4.603795 18.668777 11.133333
v 4.603795 18.668777 11.033333
v 4.603795 18.668777 11.000000
v 4.603795 18.668777 11.033333
v 4.603795 18.668777 11.133333
v 4.603795 18.668777 11.300000
v 3.615200 14.208159 11.900000
v 3.615200 14.208159 11.733333
v 3.615200 14.208159 11.633333
v 3.615200 14.208159 11.600000
v 3.615200 14.208159 11.633333
v 3.615200 14.208159 11.733333
v 3.615200 14.208159 11.900000
v 3.616035 14.989666 12.055646
v 3.743004 14.830973 11.888980
v 3.869973 14.672279 11.788980
v 3.996942 14.513585 11.755646
v 4.123911 14.354892 11.788980
v 4.250879 14.196198 11.888980
v 4.377848 14.037505 12.055646
v 3.839760 15.492593 12.184479
v 4.019401 15.268066 12.017812
v 4.199042 15.043539 11.917812
v 4.378683 14.819012 11.884479
v 4.558325 14.594486 11.917812
v 4.737966 14.369959 12.017812
v 4.917607 14.145432 12.184479
v 4.125486 15.918025 12.262917
v 4.337133 15.653497 12.096250
v 4.548779 15.388968 11.996250
v 4.760425 15.124439 11.962917
v 4.972071 14.859911 11.996250
v 5.183718 14.595382 12.096250
v 5.395364 14.330854 12.262917
v 4.460718 16.281584 12.273458
v 4.687868 15.997678 12.106792
v 4.915017 15.713772 12.006792
v 5.142167 15.429866 11.973458
v 5.369316 15.145961 12.006792
v 5.596466 14.862055 12.106792
v 5.823616 14.578149 12.273458
v 4.842460 16.587011 12.206792
v 5.069609 16.303105 12.040125
v 5.296759 16.019199 11.940125
v 5.523908 15.735293 11.906792
v 5.751058 15.451388 11.940125
v 5.978208 15.167482 12.040125
v 6.205357 14.883576 12.206792
v 5.270711 16.834306 12.062917
v 5.482358 16.569778 11.896250
v 5.694004 16.305249 11.796250
v 5.905650 16.040720 11.762917
v 6.117296 15.776192 11.796250
v 6.328943 15.511663 11.896250
v 6.540589 15.247134 12.062917
v 5.748468 17.019727 11.851145
v 5.928110 16.795201 11.684479
v 6.107751 16.570674 11.584479
v 6.287392 16.346147 11.551145
v 6.467033 16.121621 11.584479
v 6.646674 15.897094 11.684479
v 6.826315 15.672567 11.851145
v 6.288227 17.127655 11.588980
v 6.415196 16.968961 11.422313
v 6.542165 16.810268 11.322313
v 6.669133 16.651574 11.288980
v 6.796102 16.492881 11.322313
v 6.923071 16.334187 11.422313
v 7.050040 16.175494 11.588980
v 7.050875 16.957001 11.300000
v 7.050875 16.957001 11.133333
v 7.050875 16.957001 11.033333
v 7.050875 16.957001 11.000000
v 7.050875 16.957001 11.033333
v 7.050875 16.957001 11.133333
v 7.050875 16.957001 11.300000
v 3.807623 13.738965 11.900000
v 3.807623 13.738965 11.733333
v 3.807623 13.738965 11.633333
v 3.807623 13.738965 11.600000
v 3.807623 13.738965 11.633333
v 3.807623 13.738965 11.733333
v 3.807623 13.738965 11.900000
v 4.230841 14.395959 12.055646
v 4.251857 14.193813 11.888980
v 4.272874 13.991667 11.788980
v 4.293891 13.789521 11.755646
v 4.314908 13.587375 11.788980
v 4.335925 13.385229 11.888980
v 4.356941 13.183083 12.055646
v 4.690953 14.698093 12.184479
v 4.720688 14.412088 12.017812
v 4.750423 14.126083 11.917812
v 4.780159 13.840078 11.884479
v 4.809894 13.554073 11.917812
v 4.839630 13.268067 12.017812
v 4.869365 12.982062 12.184479
v 5.161327 14.901515 12.262917
v 5.196360 14.564555 12.096250
v 5.231394 14.227594 11.996250
v 5.266427 13.890634 11.962917
v 5.301460 13.553674 11.996250
v 5.336493 13.216714 12.096250
v 5.371526 12.879753 12.262917
v 5.639896 15.026120 12.273458
v 5.677496 14.664477 12.106792
v 5.715095 14.302834 12.006792
v 5.752694 13.941190 11.973458
v 5.790294 13.579547 12.006792
v 5.827893 13.217904 12.106792
v 5.865493 12.856261 12.273458
v 6.126164 15.076676 12.206792
v 6.163764 14.715033 12.040125
v 6.201363 14.353390 11.940125
v 6.238962 13.991747 11.906792
v 6.276562 13.630104 11.940125
v 6.314161 13.268461 12.040125
v 6.351760 12.906818 12.206792
v 6.620131 15.053184 12.062917
v 6.655164 14.716224 11.896250
v 6.690197 14.379263 11.796250
v 6.725230 14.042303 11.762917
v 6.760263 13.705343 11.796250
v 6.795296 13.368383 11.896250
v 6.830330 13.031423 12.062917
v 7.122292 14.950875 11.851145
v 7.152027 14.664870 11.684479
v 7.181763 14.378865 11.584479
v 7.211498 14.092860 11.551145
v 7.241233 13.806854 11.584479
v 7.270969 13.520849 11.684479
v 7.300704 13.234844 11.851145
v 7.634716 14.749854 11.588980
v 7.655732 14.547708 11.422313
v 7.676749 14.345562 11.322313
v 7.697766 14.143416 11.288980
v 7.718783 13.941270 11.322313
v 7.739799 13.739124 11.422313
v 7.760816 13.536978 11.588980
v 8.184034 14.193972 11.300000
v 8.184034 14.193972 11.133333
v 8.184034 14.193972 11.033333
v 8.184034 14.193972 11.000000
v 8.184034 14.193972 11.033333
v 8.184034 14.193972 11.133333
v 8.184034 14.193972 11.300000
v 3.715835 13.240222 11.900000
v 3.715835 13.240222 11.733333
v 3.715835 13.240222 11.633333
v 3.715835 13.240222 11.600000
v 3.715835 13.240222 11.633333
v 3.715835 13.240222 11.733333
v 3.715835 13.240222 11.900000
v 4.427066 13.564113 12.055646
v 4.335458 13.382694 11.888980
v 4.243850 13.201275 11.788980
v 4.152242 13.019857 11.755646
v 4.060634 12.838438 11.788980
v 3.969026 12.657020 11.888980
v 3.877418 12.475601 12.055646
v 4.977482 13.569529 12.184479
v 4.847871 13.312850 12.017812
v 4.718260 13.056170 11.917812
v 4.588649 12.799491 11.884479
v 4.459038 12.542812 11.917812
v 4.329427 12.286133 12.017812
v 4.199816 12.029454 12.184479
v 5.483165 13.486354 12.262917
v 5.330462 13.183945 12.096250
v 5.177759 12.881535 11.996250
v 5.025057 12.579126 11.962917
v 4.872354 12.276717 11.996250
v 4.719651 11.974307 12.096250
v 4.566949 11.671898 12.262917
v 5.953129 13.332444 12.273458
v 5.789241 13.007883 12.106792
v 5.625352 12.683322 12.006792
v 5.461464 12.358760 11.973458
v 5.297576 12.034199 12.006792
v 5.133687 11.709638 12.106792
v 4.969799 11.385077 12.273458
v 6.389537 13.112079 12.206792
v 6.225648 12.787517 12.040125
v 6.061760 12.462956 11.940125
v 5.897871 12.138395 11.906792
v 5.733983 11.813834 11.940125
v 5.570095 11.489272 12.040125
v 5.406206 11.164711 12.206792
v 6.792387 12.825257 12.062917
v 6.639684 12.522848 11.896250
v 6.486982 12.220439 11.796250
v 6.334279 11.918029 11.762917
v 6.181576 11.615620 11.796250
v 6.028873 11.313211 11.896250
v 5.876171 11.010801 12.062917
v 7.159519 12.467701 11.851145
v 7.029908 12.211022 11.684479
v 6.900297 11.954343 11.584479
v 6.770686 11.697664 11.551145
v 6.641075 11.440985 11.584479
v 6.511464 11.184306 11.684479
v 6.381853 10.927627 11.851145
v 7.481918 12.021554 11.588980
v 7.390310 11.840136 11.422313
v 7.298702 11.658717 11.322313
v 7.207094 11.477298 11.288980
v 7.115486 11.295880 11.322313
v 7.023878 11.114461 11.422313
v 6.932270 10.933043 11.588980
v 7.643501 11.256933 11.300000
v 7.643501 11.256933 11.133333
v 7.643501 11.256933 11.033333
v 7.643501 11.256933 11.000000
v 7.643501 11.256933 11.033333
v 7.643501 11.256933 11.133333
v 7.643501 11.256933 11.300000
v 3.368977 12.870278 11.900000
v 3.368977 12.870278 11.733333
v 3.368977 12.870278 11.633333
v 3.368977 12.870278 11.600000
v 3.368977 12.870278 11.633333
v 3.368977 12.870278 11.733333
v 3.368977 12.870278 11.900000
v 4.142411 12.758231 12.055646
v 3.967263 12.655139 11.888980
v 3.792115 12.552047 11.788980
v 3.616967 12.448955 11.755646
v 3.441819 12.345863 11.788980
v 3.266672 12.242771 11.888980
v 3.091524 12.139679 12.055646
v 4.608379 12.465210 12.184479
v 4.360572 12.319351 12.017812
v 4.112765 12.173491 11.917812
v 3.864958 12.027632 11.884479
v 3.617151 11.881773 11.917812
v 3.369344 11.735914 12.017812
v 3.121537 11.590055 12.184479
v 4.988818 12.121846 12.262917
v 4.696862 11.950001 12.096250
v 4.404905 11.778155 11.996250
v 4.112949 11.606309 11.962917
v 3.820992 11.434464 11.996250
v 3.529036 11.262618 12.096250
v 3.237079 11.090773 12.262917
v 5.300967 11.738287 12.273458
v 4.987625 11.553854 12.106792
v 4.674282 11.369420 12.006792
v 4.360939 11.184987 11.973458
v 4.047597 11.000553 12.006792
v 3.734254 10.816119 12.106792
v 3.420911 10.631686 12.273458
v 5.548958 11.316964 12.206792
v 5.235615 11.132531 12.040125
v 4.922273 10.948097 11.940125
v 4.608930 10.763664 11.906792
v 4.295587 10.579230 11.940125
v 3.982244 10.394797 12.040125
v 3.668902 10.210363 12.206792
v 5.732790 10.857878 12.062917
v 5.440834 10.686032 11.896250
v 5.148877 10.514186 11.796250
v 4.856921 10.342341 11.762917
v 4.564964 10.170495 11.796250
v 4.273008 9.998650 11.896250
v 3.981051 9.826804 12.062917
v 5.848332 10.358595 11.851145
v 5.600525 10.212736 11.684479
v 5.352718 10.066877 11.584479
v 5.104911 9.921018 11.551145
v 4.857104 9.775159 11.584479
v 4.609297 9.629300 11.684479
v 4.361490 9.483440 11.851145
v 5.878345 9.808971 11.588980
v 5.703198 9.705879 11.422313
v 5.528050 9.602787 11.322313
v 5.352902 9.499695 11.288980
v 5.177754 9.396603 11.322313
v 5.002606 9.293511 11.422313
v 4.827458 9.190419 11.588980
v 5.600893 9.078372 11.300000
v 5.600893 9.078372 11.133333
v 5.600893 9.078372 11.033333
v 5.600893 9.078372 11.000000
v 5.600893 9.078372 11.033333
v 5.600893 9.078372 11.133333
v 5.600893 9.078372 11.300000
v -6.052106 -7.238925 9.500000
v -6.052106 -7.238925 9.333333
v -6.052106 -7.238925 9.233333
v -6.052106 -7.238925 9.200000
v -6.052106 -7.238925 9.233333
v -6.052106 -7.238925 9.333333
v -6.052106 -7.238925 9.500000
v -5.750850 -7.960035 9.655646
v -5.929283 -7.862740 9.488980
v -6.107717 -7.765446 9.388980
v -6.286150 -7.668152 9.355646
v -6.464584 -7.570858 9.388980
v -6.643018 -7.473563 9.488980
v -6.821451 -7.376269 9.655646
v -5.762827 -8.510348 9.784479
v -6.015283 -8.372691 9.617812
v -6.267739 -8.235035 9.517812
v -6.520195 -8.097379 9.484479
v -6.772650 -7.959722 9.517812
v -7.025106 -7.822066 9.617812
v -7.277562 -7.684410 9.784479
v -5.861938 -9.013150 9.862917
v -6.159371 -8.850968 9.696250
v -6.456805 -8.688787 9.596250
v -6.754239 -8.526606 9.562917
v -7.051672 -8.364424 9.596250
v -7.349106 -8.202243 9.696250
v -7.646539 -8.040062 9.862917
v -6.030620 -9.478016 9.873458
v -6.349841 -9.303955 9.706792
v -6.669062 -9.129894 9.606792
v -6.988283 -8.955833 9.573458
v -7.307504 -8.781771 9.606792
v -7.626725 -8.607710 9.706792
v -7.945946 -8.433649 9.873458
v -6.264664 -9.907243 9.806792
v -6.583885 -9.733182 9.640125
v -6.903106 -9.559121 9.540125
v -7.222327 -9.385059 9.506792
v -7.541548 -9.210998 9.540125
v -7.860769 -9.036937 9.640125
v -8.179990 -8.862875 9.806792
v -6.564070 -10.300830 9.662917
v -6.861504 -10.138649 9.496250
v -7.158937 -9.976468 9.396250
v -7.456371 -9.814286 9.362917
v -7.753804 -9.652105 9.396250
v -8.051238 -9.489924 9.496250
v -8.348672 -9.327742 9.662917
v -6.933048 -10.656482 9.451145
v -7.185503 -10.518826 9.284479
v -7.437959 -10.381169 9.184479
v -7.690415 -10.243513 9.151145
v -7.942871 -10.105857 9.184479
v -8.195326 -9.968201 9.284479
v -8.447782 -9.830544 9.451145
v -7.389158 -10.964623 9.188980
v -7.567592 -10.867329 9.022313
v -7.746025 -10.770034 8.922313
v -7.924459 -10.672740 8.888980
v -8.102893 -10.575446 8.922313
v -8.281326 -10.478151 9.022313
v -8.459760 -10.380857 9.188980
v -8.158503 -11.101967 8.900000
v -8.158503 -11.101967 8.733333
v -8.158503 -11.101967 8.633333
v -8.158503 -11.101967 8.600000
v -8.158503 -11.101967 8.633333
v -8.158503 -11.101967 8.733333
v -8.158503 -11.101967 8.900000
v -6.410907 -6.880552 9.500000
v -6.410907 -6.880552 9.333333
v -6.410907 -6.880552 9.233333
v -6.410907 -6.880552 9.200000
v -6.410907 -6.880552 9.233333
v -6.410907 -6.880552 9.333333
v -6.410907 -6.880552 9.500000
v -6.547335 -7.650059 9.655646
v -6.644841 -7.471742 9.488980
v -6.742348 -7.293424 9.388980
v -6.839855 -7.115106 9.355646
v -6.937361 -6.936789 9.388980
v -7.034868 -6.758471 9.488980
v -7.132375 -6.580153 9.655646
v -6.854933 -8.106536 9.784479
v -6.992889 -7.854245 9.617812
v -7.130846 -7.601953 9.517812
v -7.268803 -7.349661 9.484479
v -7.406759 -7.097369 9.517812
v -7.544716 -6.845078 9.617812
v -7.682673 -6.592786 9.784479
v -7.210145 -8.475937 9.862917
v -7.372680 -8.178697 9.696250
v -7.535215 -7.881456 9.596250
v -7.697751 -7.584216 9.562917
v -7.860286 -7.286976 9.596250
v -8.022821 -6.989735 9.696250
v -8.185356 -6.692495 9.862917
v -7.603375 -8.775812 9.873458
v -7.777816 -8.456798 9.706792
v -7.952257 -8.137784 9.606792
v -8.126699 -7.818771 9.573458
v -8.301140 -7.499757 9.606792
v -8.475581 -7.180744 9.706792
v -8.650022 -6.861730 9.873458
v -8.032323 -9.010367 9.806792
v -8.206764 -8.691353 9.640125
v -8.381205 -8.372339 9.540125
v -8.555647 -8.053326 9.506792
v -8.730088 -7.734312 9.540125
v -8.904529 -7.415299 9.640125
v -9.078970 -7.096285 9.806792
v -8.496989 -9.179602 9.662917
v -8.659524 -8.882361 9.496250
v -8.822059 -8.585121 9.396250
v -8.984595 -8.287881 9.362917
v -9.147130 -7.990640 9.396250
v -9.309665 -7.693400 9.496250
v -9.472200 -7.396160 9.662917
v -8.999673 -9.279311 9.451145
v -9.137629 -9.027019 9.284479
v -9.275586 -8.774727 9.184479
v -9.413543 -8.522435 9.151145
v -9.551499 -8.270144 9.184479
v -9.689456 -8.017852 9.284479
v -9.827413 -7.765560 9.451145
v -9.549971 -9.291943 9.188980
v -9.647477 -9.113626 9.022313
v -9.744984 -8.935308 8.922313
v -9.842491 -8.756990 8.888980
v -9.939997 -8.578673 8.922313
v -10.037504 -8.400355 9.022313
v -10.135010 -8.222037 9.188980
v -10.271439 -8.991545 8.900000
v -10.271439 -8.991545 8.733333
v -10.271439 -8.991545 8.633333
v -10.271439 -8.991545 8.600000
v -10.271439 -8.991545 8.633333
v -10.271439 -8.991545 8.733333
v -10.271439 -8.991545 8.900000
v -6.518997 -6.385086 9.500000
v -6.518997 -6.385086 9.333333
v -6.518997 -6.385086 9.233333
v -6.518997 -6.385086 9.200000
v -6.518997 -6.385086 9.233333
v -6.518997 -6.385086 9.333333
v -6.518997 -6.385086 9.500000
v -7.049795 -6.958679 9.655646
v -7.035417 -6.755953 9.488980
v -7.021039 -6.553226 9.388980
v -7.006661 -6.350500 9.355646
v -6.992283 -6.147773 9.388980
v -6.977905 -5.945047 9.488980
v -6.963527 -5.742320 9.655646
v -7.555353 -7.176392 9.784479
v -7.535011 -6.889566 9.617812
v -7.514668 -6.602739 9.517812
v -7.494325 -6.315913 9.484479
v -7.473983 -6.029087 9.517812
v -7.453640 -5.742260 9.617812
v -7.433297 -5.455434 9.784479
v -8.053890 -7.295109 9.862917
v -8.029923 -6.957182 9.696250
v -8.005956 -6.619254 9.596250
v -7.981989 -6.281326 9.562917
v -7.958022 -5.943399 9.596250
v -7.934055 -5.605471 9.696250
v -7.910088 -5.267543 9.862917
v -8.546821 -7.334784 9.873458
v -8.521098 -6.972102 9.706792
v -8.495376 -6.609421 9.606792
v -8.469653 -6.246740 9.573458
v -8.443931 -5.884058 9.606792
v -8.418208 -5.521377 9.706792
v -8.392486 -5.158696 9.873458
v -9.034485 -7.300197 9.806792
v -9.008762 -6.937516 9.640125
v -8.983040 -6.574834 9.540125
v -8.957317 -6.212153 9.506792
v -8.931595 -5.849472 9.540125
v -8.905872 -5.486790 9.640125
v -8.880149 -5.124109 9.806792
v -9.516882 -7.191349 9.662917
v -9.492915 -6.853422 9.496250
v -9.468948 -6.515494 9.396250
v -9.444981 -6.177566 9.362917
v -9.421014 -5.839639 9.396250
v -9.397047 -5.501711 9.496250
v -9.373080 -5.163783 9.662917
v -9.993673 -7.003458 9.451145
v -9.973330 -6.716632 9.284479
v -9.952988 -6.429806 9.184479
v -9.932645 -6.142979 9.151145
v -9.912302 -5.856153 9.184479
v -9.891960 -5.569327 9.284479
v -9.871617 -5.282500 9.451145
v -10.463443 -6.716572 9.188980
v -10.449065 -6.513846 9.022313
v -10.434687 -6.311119 8.922313
v -10.420309 -6.108393 8.888980
v -10.405931 -5.905666 8.922313
v -10.391553 -5.702940 9.022313
v -10.377175 -5.500214 9.188980
v -10.907973 -6.073806 8.900000
v -10.907973 -6.073806 8.733333
v -10.907973 -6.073806 8.633333
v -10.907973 -6.073806 8.600000
v -10.907973 -6.073806 8.633333
v -10.907973 -6.073806 8.733333
v -10.907973 -6.073806 8.900000
v -6.342060 -5.909836 9.500000
v -6.342060 -5.909836 9.333333
v -6.342060 -5.909836 9.233333
v -6.342060 -5.909836 9.200000
v -6.342060 -5.909836 9.233333
v -6.342060 -5.909836 9.333333
v -6.342060 -5.909836 9.500000
v -7.098704 -6.105402 9.655646
v -6.977006 -5.942631 9.488980
v -6.855308 -5.779860 9.388980
v -6.733610 -5.617089 9.355646
v -6.611913 -5.454318 9.388980
v -6.490215 -5.291547 9.488980
v -6.368517 -5.128776 9.655646
v -7.641711 -6.015229 9.784479
v -7.469527 -5.784933 9.617812
v -7.297344 -5.554638 9.517812
v -7.125160 -5.324342 9.484479
v -6.952977 -5.094046 9.517812
v -6.780794 -4.863751 9.617812
v -6.608610 -4.633455 9.784479
v -8.125290 -5.845571 9.862917
v -7.922430 -5.574245 9.696250
v -7.719570 -5.302920 9.596250
v -7.516710 -5.031595 9.562917
v -7.313851 -4.760269 9.596250
v -7.110991 -4.488944 9.696250
v -6.908131 -4.217619 9.862917
v -8.561419 -5.612448 9.873458
v -8.343700 -5.321248 9.706792
v -8.125980 -5.030048 9.606792
v -7.908261 -4.738848 9.573458
v -7.690541 -4.447647 9.606792
v -7.472822 -4.156447 9.706792
v -7.255102 -3.865247 9.873458
v -8.952969 -5.319701 9.806792
v -8.735250 -5.028501 9.640125
v -8.517530 -4.737301 9.540125
v -8.299811 -4.446100 9.506792
v -8.082091 -4.154900 9.540125
v -7.864372 -3.863700 9.640125
v -7.646652 -3.572499 9.806792
v -9.299940 -4.967329 9.662917
v -9.097080 -4.696004 9.496250
v -8.894220 -4.424678 9.396250
v -8.691361 -4.153353 9.362917
v -8.488501 -3.882028 9.396250
v -8.285641 -3.610702 9.496250
v -8.082781 -3.339377 9.662917
v -9.599461 -4.551493 9.451145
v -9.427277 -4.321197 9.284479
v -9.255094 -4.090902 9.184479
v -9.082911 -3.860606 9.151145
v -8.910727 -3.630310 9.184479
v -8.738544 -3.400015 9.284479
v -8.566361 -3.169719 9.451145
v -9.839554 -4.056172 9.188980
v -9.717856 -3.893401 9.022313
v -9.596158 -3.730630 8.922313
v -9.474461 -3.567859 8.888980
v -9.352763 -3.405088 8.922313
v -9.231065 -3.242317 9.022313
v -9.109367 -3.079546 9.188980
v -9.866011 -3.275111 8.900000
v -9.866011 -3.275111 8.733333
v -9.866011 -3.275111 8.633333
v -9.866011 -3.275111 8.600000
v -9.866011 -3.275111 8.633333
v -9.866011 -3.275111 8.733333
v -9.866011 -3.275111 8.900000
v -5.936272 -5.605690 9.500000
v -5.936272 -5.605690 9.333333
v -5.936272 -5.605690 9.233333
v -5.936272 -5.605690 9.200000
v -5.936272 -5.605690 9.233333
v -5.936272 -5.605690 9.333333
v -5.936272 -5.605690 9.500000
v -6.678532 -5.361138 9.655646
v -6.488152 -5.290001 9.488980
v -6.297773 -5.218864 9.388980
v -6.107394 -5.147727 9.355646
v -5.917015 -5.076591 9.388980
v -5.726635 -5.005454 9.488980
v -5.536256 -4.934317 9.655646
v -7.086587 -4.991708 9.784479
v -6.817230 -4.891060 9.617812
v -6.547873 -4.790413 9.517812
v -6.278516 -4.689765 9.484479
v -6.009158 -4.589117 9.517812
v -5.739801 -4.488470 9.617812
v -5.470444 -4.387822 9.784479
v -7.401675 -4.587540 9.862917
v -7.084329 -4.468961 9.696250
v -6.766983 -4.350381 9.596250
v -6.449637 -4.231802 9.562917
v -6.132291 -4.113223 9.596250
v -5.814945 -3.994644 9.696250
v -5.497599 -3.876065 9.862917
v -7.642535 -4.155635 9.873458
v -7.301943 -4.028370 9.706792
v -6.961351 -3.901105 9.606792
v -6.620759 -3.773840 9.573458
v -6.280167 -3.646575 9.606792
v -5.939575 -3.519309 9.706792
v -5.598983 -3.392044 9.873458
v -7.813657 -3.697673 9.806792
v -7.473065 -3.570408 9.640125
v -7.132473 -3.443142 9.540125
v -6.791881 -3.315877 9.506792
v -6.451289 -3.188612 9.540125
v -6.110697 -3.061347 9.640125
v -5.770105 -2.934082 9.806792
v -7.915041 -3.213652 9.662917
v -7.597695 -3.095073 9.496250
v -7.280349 -2.976494 9.396250
v -6.963003 -2.857915 9.362917
v -6.645656 -2.739336 9.396250
v -6.328310 -2.620756 9.496250
v -6.010964 -2.502177 9.662917
v -7.942195 -2.701895 9.451145
v -7.672838 -2.601247 9.284479
v -7.403481 -2.500600 9.184479
v -7.134124 -2.399952 9.151145
v -6.864767 -2.299304 9.184479
v -6.595410 -2.198657 9.284479
v -6.326053 -2.098009 9.451145
v -7.876384 -2.155400 9.188980
v -7.686005 -2.084263 9.022313
v -7.495625 -2.013126 8.922313
v -7.305246 -1.941990 8.888980
v -7.114867 -1.870853 8.922313
v -6.924487 -1.799716 9.022313
v -6.734108 -1.728579 9.188980
v -7.476368 -1.484027 8.900000
v -7.476368 -1.484027 8.733333
v -7.476368 -1.484027 8.633333
v -7.476368 -1.484027 8.600000
v -7.476368 -1.484027 8.633333
v -7.476368 -1.484027 8.733333
v -7.476368 -1.484027 8.900000
v -5.430467 -5.569211 9.500000
v -5.430467 -5.569211 9.333333
v -5.430467 -5.569211 9.233333
v -5.430467 -5.569211 9.200000
v -5.430467 -5.569211 9.233333
v -5.430467 -5.569211 9.333333
v -5.430467 -5.569211 9.500000
v -5.922681 -4.962186 9.655646
v -5.724064 -5.005268 9.488980
v -5.525447 -5.048351 9.388980
v -5.326831 -5.091433 9.355646
v -5.128214 -5.134516 9.388980
v -4.929597 -5.177599 9.488980
v -4.730980 -5.220681 9.655646
v -6.066230 -4.430790 9.784479
v -5.785218 -4.491745 9.617812
v -5.504206 -4.552700 9.517812
v -5.223194 -4.613655 9.484479
v -4.942182 -4.674611 9.517812
v -4.661171 -4.735566 9.617812
v -4.380159 -4.796521 9.784479
v -6.112789 -3.920432 9.862917
v -5.781712 -3.992247 9.696250
v -5.450635 -4.064062 9.596250
v -5.119558 -4.135877 9.562917
v -4.788481 -4.207693 9.596250
v -4.457403 -4.279508 9.696250
v -4.126326 -4.351323 9.862917
v -6.081908 -3.426873 9.873458
v -5.726579 -3.503948 9.706792
v -5.371250 -3.581024 9.606792
v -5.015921 -3.658099 9.573458
v -4.660592 -3.735175 9.606792
v -4.305263 -3.812251 9.706792
v -3.949934 -3.889326 9.873458
v -5.978272 -2.949094 9.806792
v -5.622943 -3.026170 9.640125
v -5.267614 -3.103246 9.540125
v -4.912285 -3.180321 9.506792
v -4.556956 -3.257397 9.540125
v -4.201627 -3.334473 9.640125
v -3.846298 -3.411548 9.806792
v -5.801880 -2.487098 9.662917
v -5.470803 -2.558913 9.496250
v -5.139725 -2.630728 9.396250
v -4.808648 -2.702543 9.362917
v -4.477571 -2.774359 9.396250
v -4.146494 -2.846174 9.496250
v -3.815417 -2.917989 9.662917
v -5.548047 -2.041900 9.451145
v -5.267035 -2.102855 9.284479
v -4.986024 -2.163810 9.184479
v -4.705012 -2.224765 9.151145
v -4.424000 -2.285721 9.184479
v -4.142988 -2.346676 9.284479
v -3.861976 -2.407631 9.451145
v -5.197226 -1.617739 9.188980
v -4.998609 -1.660822 9.022313
v -4.799992 -1.703905 8.922313
v -4.601375 -1.746987 8.888980
v -4.402759 -1.790070 8.922313
v -4.204142 -1.833153 9.022313
v -4.005525 -1.876235 9.188980
v -4.497739 -1.269209 8.900000
v -4.497739 -1.269209 8.733333
v -4.497739 -1.269209 8.633333
v -4.497739 -1.269209 8.600000
v -4.497739 -1.269209 8.633333
v -4.497739 -1.269209 8.733333
v -4.497739 -1.269209 8.900000
v -4.985235 -5.811983 9.500000
v -4.985235 -5.811983 9.333333
v -4.985235 -5.811983 9.233333
v -4.985235 -5.811983 9.200000
v -4.985235 -5.811983 9.233333
v -4.985235 -5.811983 9.333333
v -4.985235 -5.811983 9.500000
v -5.071129 -5.035209 9.655646
v -4.927334 -5.178833 9.488980
v -4.783539 -5.322457 9.388980
v -4.639744 -5.466080 9.355646
v -4.495950 -5.609704 9.388980
v -4.352155 -5.753328 9.488980
v -4.208360 -5.896952 9.655646
v -4.904595 -4.510562 9.784479
v -4.701148 -4.713767 9.617812
v -4.497701 -4.916973 9.517812
v -4.294254 -5.120178 9.484479
v -4.090806 -5.323383 9.517812
v -3.887359 -5.526588 9.617812
v -3.683912 -5.729794 9.784479
v -4.667844 -4.056050 9.862917
v -4.428150 -4.295459 9.696250
v -4.188456 -4.534867 9.596250
v -3.948763 -4.774276 9.562917
v -3.709069 -5.013684 9.596250
v -3.469375 -5.253093 9.696250
v -3.229682 -5.492501 9.862917
v -4.375027 -3.657537 9.873458
v -4.117775 -3.914482 9.706792
v -3.860523 -4.171428 9.606792
v -3.603272 -4.428373 9.573458
v -3.346020 -4.685319 9.606792
v -3.088769 -4.942264 9.706792
v -2.831517 -5.199210 9.873458
v -4.029536 -3.311634 9.806792
v -3.772284 -3.568580 9.640125
v -3.515033 -3.825525 9.540125
v -3.257781 -4.082471 9.506792
v -3.000529 -4.339417 9.540125
v -2.743278 -4.596362 9.640125
v -2.486026 -4.853308 9.806792
v -3.631371 -3.018343 9.662917
v -3.391678 -3.257752 9.496250
v -3.151984 -3.497160 9.396250
v -2.912290 -3.736569 9.362917
v -2.672596 -3.975977 9.396250
v -2.432903 -4.215386 9.496250
v -2.193209 -4.454794 9.662917
v -3.177141 -2.781051 9.451145
v -2.973694 -2.984256 9.284479
v -2.770247 -3.187461 9.184479
v -2.566799 -3.390666 9.151145
v -2.363352 -3.593872 9.184479
v -2.159905 -3.797077 9.284479
v -1.956457 -4.000282 9.451145
v -2.652693 -2.613893 9.188980
v -2.508898 -2.757516 9.022313
v -2.365103 -2.901140 8.922313
v -2.221308 -3.044764 8.888980
v -2.077514 -3.188388 8.922313
v -1.933719 -3.332011 9.022313
v -1.789924 -3.475635 9.188980
v -1.875818 -2.698862 8.900000
v -1.875818 -2.698862 8.733333
v -1.875818 -2.698862 8.633333
v -1.875818 -2.698862 8.600000
v -1.875818 -2.698862 8.633333
v -1.875818 -2.698862 8.733333
v -1.875818 -2.698862 8.900000
v -4.741934 -6.256925 9.500000
v -4.741934 -6.256925 9.333333
v -4.741934 -6.256925 9.233333
v -4.741934 -6.256925 9.200000
v -4.741934 -6.256925 9.233333
v -4.741934 -6.256925 9.333333
v -4.741934 -6.256925 9.500000
v -4.394237 -5.557024 9.655646
v -4.350918 -5.755590 9.488980
v -4.307599 -5.954155 9.388980
v -4.264280 -6.152720 9.355646
v -4.220961 -6.351285 9.388980
v -4.177642 -6.549851 9.488980
v -4.134323 -6.748416 9.655646
v -3.970495 -5.205698 9.784479
v -3.909205 -5.486637 9.617812
v -3.847915 -5.767576 9.517812
v -3.786626 -6.048515 9.484479
v -3.725336 -6.329454 9.517812
v -3.664046 -6.610393 9.617812
v -3.602757 -6.891332 9.784479
v -3.525599 -4.951335 9.862917
v -3.453390 -5.282327 9.696250
v -3.381180 -5.613318 9.596250
v -3.308971 -5.944310 9.562917
v -3.236762 -6.275301 9.596250
v -3.164553 -6.606293 9.696250
v -3.092344 -6.937284 9.862917
v -3.063813 -4.774394 9.873458
v -2.986314 -5.129631 9.706792
v -2.908816 -5.484868 9.606792
v -2.831317 -5.840105 9.573458
v -2.753818 -6.195342 9.606792
v -2.676320 -6.550579 9.706792
v -2.598821 -6.905816 9.873458
v -2.586158 -4.670189 9.806792
v -2.508660 -5.025426 9.640125
v -2.431161 -5.380663 9.540125
v -2.353663 -5.735900 9.506792
v -2.276164 -6.091137 9.540125
v -2.198666 -6.446374 9.640125
v -2.121167 -6.801611 9.806792
v -2.092636 -4.638720 9.662917
v -2.020427 -4.969712 9.496250
v -1.948218 -5.300703 9.396250
v -1.876008 -5.631695 9.362917
v -1.803799 -5.962686 9.396250
v -1.731590 -6.293678 9.496250
v -1.659381 -6.624669 9.662917
v -1.582223 -4.684672 9.451145
v -1.520933 -4.965611 9.284479
v -1.459644 -5.246550 9.184479
v -1.398354 -5.527490 9.151145
v -1.337064 -5.808429 9.184479
v -1.275775 -6.089368 9.284479
v -1.214485 -6.370307 9.451145
v -1.050657 -4.827588 9.188980
v -1.007338 -5.026154 9.022313
v -0.964019 -5.224719 8.922313
v -0.920700 -5.423284 8.888980
v -0.877381 -5.621850 8.922313
v -0.834062 -5.820415 9.022313
v -0.790743 -6.018980 9.188980
v -0.443045 -5.319079 8.900000
v -0.443045 -5.319079 8.733333
v -0.443045 -5.319079 8.633333
v -0.443045 -5.319079 8.600000
v -0.443045 -5.319079 8.633333
v -0.443045 -5.319079 8.733333
v -0.443045 -5.319079 8.900000
v -4.777811 -6.762773 9.500000
v -4.777811 -6.762773 9.333333
v -4.777811 -6.762773 9.233333
v -4.777811 -6.762773 9.200000
v -4.777811 -6.762773 9.233333
v -4.777811 -6.762773 9.333333
v -4.777811 -6.762773 9.500000
v -4.106914 -6.361958 9.655646
v -4.177824 -6.552422 9.488980
v -4.248735 -6.742886 9.388980
v -4.319645 -6.933350 9.355646
v -4.390555 -7.123814 9.388980
v -4.461465 -7.314277 9.488980
v -4.532375 -7.504741 9.655646
v -3.560498 -6.295496 9.784479
v -3.660825 -6.564973 9.617812
v -3.761152 -6.834450 9.517812
v -3.861479 -7.103926 9.484479
v -3.961806 -7.373403 9.517812
v -4.062133 -7.642880 9.617812
v -4.162460 -7.912356 9.784479
v -3.048709 -6.322042 9.862917
v -3.166910 -6.639529 9.696250
v -3.285112 -6.957016 9.596250
v -3.403313 -7.274503 9.562917
v -3.521514 -7.591990 9.596250
v -3.639716 -7.909477 9.696250
v -3.757917 -8.226964 9.862917
v -2.564568 -6.422849 9.873458
v -2.691428 -6.763593 9.706792
v -2.818287 -7.104336 9.606792
v -2.945147 -7.445079 9.573458
v -3.072007 -7.785823 9.606792
v -3.198866 -8.126566 9.706792
v -3.325726 -8.467309 9.873458
v -2.106402 -6.593426 9.806792
v -2.233262 -6.934169 9.640125
v -2.360121 -7.274912 9.540125
v -2.486981 -7.615656 9.506792
v -2.613841 -7.956399 9.540125
v -2.740701 -8.297142 9.640125
v -2.867560 -8.637886 9.806792
v -1.674211 -6.833771 9.662917
v -1.792413 -7.151258 9.496250
v -1.910614 -7.468745 9.396250
v -2.028815 -7.786232 9.362917
v -2.147017 -8.103719 9.396250
v -2.265218 -8.421206 9.496250
v -2.383419 -8.738693 9.662917
v -1.269668 -7.148379 9.451145
v -1.369995 -7.417855 9.284479
v -1.470322 -7.687332 9.184479
v -1.570649 -7.956809 9.151145
v -1.670976 -8.226285 9.184479
v -1.771303 -8.495762 9.284479
v -1.871630 -8.765239 9.451145
v -0.899753 -7.555994 9.188980
v -0.970663 -7.746458 9.022313
v -1.041573 -7.936921 8.922313
v -1.112483 -8.127385 8.888980
v -1.183394 -8.317849 8.922313
v -1.254304 -8.508313 9.022313
v -1.325214 -8.698777 9.188980
v -0.654317 -8.297962 8.900000
v -0.654317 -8.297962 8.733333
v -0.654317 -8.297962 8.633333
v -0.654317 -8.297962 8.600000
v -0.654317 -8.297962 8.633333
v -0.654317 -8.297962 8.733333
v -0.654317 -8.297962 8.900000
v -5.081474 -7.168923 9.500000
v -5.081474 -7.168923 9.333333
v -5.081474 -7.168923 9.233333
v -5.081474 -7.168923 9.200000
v -5.081474 -7.168923 9.233333
v -5.081474 -7.168923 9.333333
v -5.081474 -7.168923 9.500000
v -4.300383 -7.194450 9.655646
v -4.463009 -7.316342 9.488980
v -4.625635 -7.438233 9.388980
v -4.788261 -7.560125 9.355646
v -4.950887 -7.682016 9.388980
v -5.113513 -7.803907 9.488980
v -5.276139 -7.925799 9.655646
v -3.804776 -7.433954 9.784479
v -4.034867 -7.606411 9.617812
v -4.264957 -7.778869 9.517812
v -4.495048 -7.951326 9.484479
v -4.725138 -8.123783 9.517812
v -4.955229 -8.296241 9.617812
v -5.185319 -8.468698 9.784479
v -3.388584 -7.732980 9.862917
v -3.659667 -7.936162 9.696250
v -3.930751 -8.139345 9.596250
v -4.201835 -8.342527 9.562917
v -4.472918 -8.545710 9.596250
v -4.744002 -8.748892 9.696250
v -5.015086 -8.952075 9.862917
v -3.035799 -8.079531 9.873458
v -3.326740 -8.297597 9.706792
v -3.617681 -8.515663 9.606792
v -3.908622 -8.733728 9.573458
v -4.199562 -8.951794 9.606792
v -4.490503 -9.169860 9.706792
v -4.781444 -9.387926 9.873458
v -2.742586 -8.470732 9.806792
v -3.033527 -8.688798 9.640125
v -3.324468 -8.906864 9.540125
v -3.615408 -9.124930 9.506792
v -3.906349 -9.342996 9.540125
v -4.197290 -9.561062 9.640125
v -4.488231 -9.779128 9.806792
v -2.508944 -8.906583 9.662917
v -2.780028 -9.109766 9.496250
v -3.051112 -9.312948 9.396250
v -3.322195 -9.516131 9.362917
v -3.593279 -9.719314 9.396250
v -3.864363 -9.922496 9.496250
v -4.135446 -10.125679 9.662917
v -2.338711 -9.389960 9.451145
v -2.568801 -9.562418 9.284479
v -2.798892 -9.734875 9.184479
v -3.028982 -9.907332 9.151145
v -3.259073 -10.079790 9.184479
v -3.489163 -10.252247 9.284479
v -3.719254 -10.424704 9.451145
v -2.247891 -9.932859 9.188980
v -2.410517 -10.054751 9.022313
v -2.573143 -10.176642 8.922313
v -2.735769 -10.298534 8.888980
v -2.898395 -10.420425 8.922313
v -3.061021 -10.542316 9.022313
v -3.223647 -10.664208 9.188980
v -2.442556 -10.689735 8.900000
v -2.442556 -10.689735 8.733333
v -2.442556 -10.689735 8.633333
v -2.442556 -10.689735 8.600000
v -2.442556 -10.689735 8.633333
v -2.442556 -10.689735 8.733333
v -2.442556 -10.689735 8.900000
v -5.556513 -7.346426 9.500000
v -5.556513 -7.346426 9.333333
v -5.556513 -7.346426 9.233333
v -5.556513 -7.346426 9.200000
v -5.556513 -7.346426 9.233333
v -5.556513 -7.346426 9.333333
v -5.556513 -7.346426 9.500000
v -4.913218 -7.790190 9.655646
v -5.115927 -7.804810 9.488980
v -5.318637 -7.819429 9.388980
v -5.521346 -7.834048 9.355646
v -5.724055 -7.848668 9.388980
v -5.926764 -7.863287 9.488980
v -6.129473 -7.877906 9.655646
v -4.625773 -8.259619 9.784479
v -4.912575 -8.280303 9.617812
v -5.199377 -8.300987 9.517812
v -5.486179 -8.321671 9.484479
v -5.772981 -8.342355 9.517812
v -6.059782 -8.363039 9.617812
v -6.346584 -8.383723 9.784479
v -4.437315 -8.736186 9.862917
v -4.775214 -8.760555 9.696250
v -5.113113 -8.784924 9.596250
v -5.451011 -8.809293 9.562917
v -5.788910 -8.833662 9.596250
v -6.126809 -8.858031 9.696250
v -6.464708 -8.882401 9.862917
v -4.327893 -9.218453 9.873458
v -4.690543 -9.244607 9.706792
v -5.053194 -9.270761 9.606792
v -5.415844 -9.296916 9.573458
v -5.778495 -9.323070 9.606792
v -6.141145 -9.349224 9.706792
v -6.503796 -9.375378 9.873458
v -4.292726 -9.706075 9.806792
v -4.655376 -9.732230 9.640125
v -5.018027 -9.758384 9.540125
v -5.380677 -9.784538 9.506792
v -5.743328 -9.810692 9.540125
v -6.105978 -9.836846 9.640125
v -6.468629 -9.863001 9.806792
v -4.331813 -10.199053 9.662917
v -4.669712 -10.223422 9.496250
v -5.007611 -10.247791 9.396250
v -5.345510 -10.272160 9.362917
v -5.683409 -10.296530 9.396250
v -6.021308 -10.320899 9.496250
v -6.359207 -10.345268 9.662917
v -4.449937 -10.697731 9.451145
v -4.736739 -10.718415 9.284479
v -5.023541 -10.739099 9.184479
v -5.310343 -10.759783 9.151145
v -5.597145 -10.780467 9.184479
v -5.883947 -10.801151 9.284479
v -6.170749 -10.821835 9.451145
v -4.667048 -11.203547 9.188980
v -4.869757 -11.218167 9.022313
v -5.072467 -11.232786 8.922313
v -5.275176 -11.247405 8.888980
v -5.477885 -11.262025 8.922313
v -5.680594 -11.276644 9.022313
v -5.883303 -11.291263 9.188980
v -5.240009 -11.735028 8.900000
v -5.240009 -11.735028 8.733333
v -5.240009 -11.735028 8.633333
v -5.240009 -11.735028 8.600000
v -5.240009 -11.735028 8.633333
v -5.240009 -11.735028 8.733333
v -5.240009 -11.735028 8.900000
v 16.858591 15.268031 10.700000
v 16.858591 15.268031 10.533333
v 16.858591 15.268031 10.433333
v 16.858591 15.268031 10.400000
v 16.858591 15.268031 10.433333
v 16.858591 15.268031 10.533333
v 16.858591 15.268031 10.700000
v 16.987518 14.497231 10.855646
v 16.835964 14.632642 10.688980
v 16.684410 14.768053 10.588980
v 16.532856 14.903464 10.555646
v 16.381302 15.038875 10.588980
v 16.229749 15.174286 10.688980
v 16.078195 15.309697 10.855646
v 16.850397 13.964141 10.984479
v 16.635972 14.155726 10.817812
v 16.421547 14.347312 10.717812
v 16.207121 14.538897 10.684479
v 15.992696 14.730483 10.717812
v 15.778271 14.922068 10.817812
v 15.563846 15.113654 10.984479
v 16.639269 13.497174 11.062917
v 16.386641 13.722893 10.896250
v 16.134014 13.948612 10.796250
v 15.881386 14.174330 10.762917
v 15.628759 14.400049 10.796250
v 15.376132 14.625768 10.896250
v 15.123504 14.851486 11.062917
v 16.369050 13.083005 11.073458
v 16.097917 13.325258 10.906792
v 15.826784 13.567510 10.806792
v 15.555652 13.809763 10.773458
v 15.284519 14.052016 10.806792
v 15.013386 14.294269 10.906792
v 14.742253 14.536522 11.073458
v 16.043315 12.718438 11.006792
v 15.772182 12.960691 10.840125
v 15.501049 13.202943 10.740125
v 15.229917 13.445196 10.706792
v 14.958784 13.687449 10.740125
v 14.687651 13.929702 10.840125
v 14.416518 14.171955 11.006792
v 15.662064 12.403473 10.862917
v 15.409436 12.629192 10.696250
v 15.156809 12.854911 10.596250
v 14.904182 13.080629 10.562917
v 14.651554 13.306348 10.596250
v 14.398927 13.532067 10.696250
v 14.146299 13.757785 10.862917
v 15.221722 12.141306 10.651145
v 15.007297 12.332891 10.484479
v 14.792872 12.524477 10.384479
v 14.578447 12.716062 10.351145
v 14.364022 12.907648 10.384479
v 14.149596 13.099233 10.484479
v 13.935171 13.290819 10.651145
v 14.707373 11.945262 10.388980
v 14.555819 12.080673 10.222313
v 14.404266 12.216084 10.122313
v 14.252712 12.351495 10.088980
v 14.101158 12.486906 10.122313
v 13.949604 12.622317 10.222313
v 13.798050 12.757728 10.388980
v 13.926977 11.986928 10.100000
v 13.926977 11.986928 9.933333
v 13.926977 11.986928 9.833333
v 13.926977 11.986928 9.800000
v 13.926977 11.986928 9.833333
v 13.926977 11.986928 9.933333
v 13.926977 11.986928 10.100000
v 16.590941 15.698766 10.700000
v 16.590941 15.698766 10.533333
v 16.590941 15.698766 10.433333
v 16.590941 15.698766 10.400000
v 16.590941 15.698766 10.433333
v 16.590941 15.698766 10.533333
v 16.590941 15.698766 10.700000
v 16.282675 14.980625 10.855646
v 16.228388 15.176476 10.688980
v 16.174102 15.372327 10.588980
v 16.119815 15.568178 10.555646
v 16.065529 15.764030 10.588980
v 16.011242 15.959881 10.688980
v 15.956956 16.155732 10.855646
v 15.879110 14.606294 10.984479
v 15.802304 14.883393 10.817812
v 15.725497 15.160492 10.717812
v 15.648690 15.437591 10.684479
v 15.571883 15.714690 10.717812
v 15.495076 15.991789 10.817812
v 15.418269 16.268888 10.984479
v 15.449037 14.327601 11.062917
v 15.358546 14.654068 10.896250
v 15.268055 14.980536 10.796250
v 15.177564 15.307003 10.762917
v 15.087073 15.633470 10.796250
v 14.996582 15.959938 10.896250
v 14.906091 16.286405 11.062917
v 14.997797 14.125271 11.073458
v 14.900678 14.475652 10.906792
v 14.803558 14.826034 10.806792
v 14.706439 15.176415 10.773458
v 14.609319 15.526797 10.806792
v 14.512200 15.877178 10.906792
v 14.415080 16.227560 11.073458
v 14.526672 13.994683 11.006792
v 14.429552 14.345065 10.840125
v 14.332433 14.695446 10.740125
v 14.235313 15.045828 10.706792
v 14.138194 15.396209 10.740125
v 14.041074 15.746591 10.840125
v 13.943955 16.096972 11.006792
v 14.035661 13.935838 10.862917
v 13.945170 14.262305 10.696250
v 13.854679 14.588773 10.596250
v 13.764188 14.915240 10.562917
v 13.673697 15.241707 10.596250
v 13.583206 15.568175 10.696250
v 13.492715 15.894642 10.862917
v 13.523483 13.953355 10.651145
v 13.446676 14.230454 10.484479
v 13.369869 14.507553 10.384479
v 13.293062 14.784652 10.351145
v 13.216255 15.061751 10.384479
v 13.139448 15.338850 10.484479
v 13.062641 15.615949 10.651145
v 12.984796 14.066511 10.388980
v 12.930510 14.262362 10.222313
v 12.876223 14.458213 10.122313
v 12.821937 14.654065 10.088980
v 12.767650 14.849916 10.122313
v 12.713364 15.045767 10.222313
v 12.659077 15.241618 10.388980
v 12.350811 14.523477 10.100000
v 12.350811 14.523477 9.933333
v 12.350811 14.523477 9.833333
v 12.350811 14.523477 9.800000
v 12.350811 14.523477 9.833333
v 12.350811 14.523477 9.933333
v 12.350811 14.523477 10.100000
v 16.598651 16.205826 10.700000
v 16.598651 16.205826 10.533333
v 16.598651 16.205826 10.433333
v 16.598651 16.205826 10.400000
v 16.598651 16.205826 10.433333
v 16.598651 16.205826 10.533333
v 16.598651 16.205826 10.700000
v 15.951065 15.768348 10.855646
v 16.011281 15.962458 10.688980
v 16.071498 16.156568 10.588980
v 16.131714 16.350678 10.555646
v 16.191931 16.544788 10.588980
v 16.252147 16.738898 10.688980
v 16.312364 16.933008 10.855646
v 15.409186 15.671624 10.984479
v 15.494383 15.946260 10.817812
v 15.579580 16.220895 10.717812
v 15.664777 16.495531 10.684479
v 15.749974 16.770166 10.717812
v 15.835171 17.044802 10.817812
v 15.920368 17.319437 10.984479
v 14.896713 15.669688 11.062917
v 14.997089 15.993253 10.896250
v 15.097464 16.316818 10.796250
v 15.197840 16.640383 10.762917
v 15.298216 16.963948 10.796250
v 15.398592 17.287513 10.896250
v 15.498967 17.611078 11.062917
v 14.407718 15.743436 11.073458
v 14.515446 16.090702 10.906792
v 14.623175 16.437969 10.806792
v 14.730903 16.785235 10.773458
v 14.838632 17.132502 10.806792
v 14.946360 17.479768 10.906792
v 15.054088 17.827035 11.073458
v 13.940781 15.888288 11.006792
v 14.048510 16.235555 10.840125
v 14.156238 16.582821 10.740125
v 14.263966 16.930088 10.706792
v 14.371695 17.277354 10.740125
v 14.479423 17.624620 10.840125
v 14.587151 17.971887 11.006792
v 13.495902 16.104245 10.862917
v 13.596278 16.427810 10.696250
v 13.696654 16.751375 10.596250
v 13.797029 17.074940 10.562917
v 13.897405 17.398505 10.596250
v 13.997781 17.722070 10.696250
v 14.098156 18.045635 10.862917
v 13.074502 16.395886 10.651145
v 13.159698 16.670521 10.484479
v 13.244895 16.945157 10.384479
v 13.330092 17.219792 10.351145
v 13.415289 17.494428 10.384479
v 13.500486 17.769063 10.484479
v 13.585683 18.043699 10.651145
v 12.682506 16.782314 10.388980
v 12.742722 16.976424 10.222313
v 12.802939 17.170535 10.122313
v 12.863155 17.364645 10.088980
v 12.923372 17.558755 10.122313
v 12.983588 17.752865 10.222313
v 13.043805 17.946975 10.388980
v 12.396218 17.509497 10.100000
v 12.396218 17.509497 9.933333
v 12.396218 17.509497 9.833333
v 12.396218 17.509497 9.800000
v 12.396218 17.509497 9.833333
v 12.396218 17.509497 9.933333
v 12.396218 17.509497 10.100000
v 16.879275 16.628223 10.700000
v 16.879275 16.628223 10.533333
v 16.879275 16.628223 10.433333
v 16.879275 16.628223 10.400000
v 16.879275 16.628223 10.433333
v 16.879275 16.628223 10.533333
v 16.879275 16.628223 10.700000
v 16.097972 16.610305 10.855646
v 16.253574 16.741045 10.688980
v 16.409175 16.871786 10.588980
v 16.564776 17.002526 10.555646
v 16.720377 17.133266 10.588980
v 16.875978 17.264007 10.688980
v 17.031579 17.394747 10.855646
v 15.589822 16.821897 10.984479
v 15.809974 17.006874 10.817812
v 16.030125 17.191852 10.717812
v 16.250276 17.376829 10.684479
v 16.470428 17.561806 10.717812
v 16.690579 17.746783 10.817812
v 16.910731 17.931760 10.984479
v 15.157656 17.097333 11.062917
v 15.417030 17.315266 10.896250
v 15.676403 17.533199 10.796250
v 15.935777 17.751131 10.762917
v 16.195151 17.969064 10.796250
v 16.454525 18.186997 10.896250
v 16.713899 18.404930 11.062917
v 14.786158 17.423744 11.073458
v 15.064531 17.657641 10.906792
v 15.342905 17.891537 10.806792
v 15.621278 18.125434 10.773458
v 15.899651 18.359331 10.806792
v 16.178024 18.593228 10.906792
v 16.456398 18.827125 11.073458
v 14.471659 17.798047 11.006792
v 14.750032 18.031943 10.840125
v 15.028405 18.265840 10.740125
v 15.306779 18.499737 10.706792
v 15.585152 18.733634 10.740125
v 15.863525 18.967530 10.840125
v 16.141898 19.201427 11.006792
v 14.214158 18.220241 10.862917
v 14.473532 18.438174 10.696250
v 14.732905 18.656107 10.596250
v 14.992279 18.874040 10.562917
v 15.251653 19.091973 10.596250
v 15.511027 19.309905 10.696250
v 15.770401 19.527838 10.862917
v 14.017326 18.693411 10.651145
v 14.237477 18.878388 10.484479
v 14.457629 19.063365 10.384479
v 14.677780 19.248342 10.351145
v 14.897931 19.433319 10.384479
v 15.118083 19.618297 10.484479
v 15.338234 19.803274 10.651145
v 13.896477 19.230424 10.388980
v 14.052078 19.361165 10.222313
v 14.207679 19.491905 10.122313
v 14.363281 19.622645 10.088980
v 14.518882 19.753385 10.122313
v 14.674483 19.884126 10.222313
v 14.830084 20.014866 10.388980
v 14.048781 19.996948 10.100000
v 14.048781 19.996948 9.933333
v 14.048781 19.996948 9.833333
v 14.048781 19.996948 9.800000
v 14.048781 19.996948 9.833333
v 14.048781 19.996948 9.933333
v 14.048781 19.996948 10.100000
v 17.343716 16.831850 10.700000
v 17.343716 16.831850 10.533333
v 17.343716 16.831850 10.433333
v 17.343716 16.831850 10.400000
v 17.343716 16.831850 10.433333
v 17.343716 16.831850 10.533333
v 17.343716 16.831850 10.700000
v 16.676755 17.239180 10.855646
v 16.878339 17.265042 10.688980
v 17.079922 17.290903 10.588980
v 17.281506 17.316764 10.555646
v 17.483089 17.342626 10.588980
v 17.684673 17.368487 10.688980
v 17.886256 17.394349 10.855646
v 16.363668 17.691909 10.984479
v 16.648877 17.728499 10.817812
v 16.934086 17.765089 10.717812
v 17.219295 17.801679 10.684479
v 17.504505 17.838269 10.717812
v 17.789714 17.874859 10.817812
v 18.074923 17.911449 10.984479
v 16.149018 18.157267 11.062917
v 16.485040 18.200376 10.896250
v 16.821063 18.243485 10.796250
v 17.157085 18.286594 10.762917
v 17.493108 18.329703 10.796250
v 17.829130 18.372811 10.896250
v 18.165153 18.415920 11.062917
v 16.012965 18.632709 11.073458
v 16.373602 18.678975 10.906792
v 16.734238 18.725242 10.806792
v 17.094875 18.771508 10.773458
v 17.455512 18.817775 10.806792
v 17.816148 18.864041 10.906792
v 18.176785 18.910308 11.073458
v 15.950755 19.117623 11.006792
v 16.311391 19.163890 10.840125
v 16.672028 19.210157 10.740125
v 17.032665 19.256423 10.706792
v 17.393301 19.302690 10.740125
v 17.753938 19.348956 10.840125
v 18.114574 19.395223 11.006792
v 15.962387 19.612011 10.862917
v 16.298409 19.655120 10.696250
v 16.634432 19.698229 10.596250
v 16.970454 19.741338 10.562917
v 17.306477 19.784446 10.596250
v 17.642499 19.827555 10.696250
v 17.978522 19.870664 10.862917
v 16.052616 20.116483 10.651145
v 16.337825 20.153073 10.484479
v 16.623035 20.189662 10.384479
v 16.908244 20.226252 10.351145
v 17.193453 20.262842 10.384479
v 17.478662 20.299432 10.484479
v 17.763872 20.336022 10.651145
v 16.241283 20.633583 10.388980
v 16.442867 20.659444 10.222313
v 16.644450 20.685306 10.122313
v 16.846034 20.711167 10.088980
v 17.047617 20.737028 10.122313
v 17.249201 20.762890 10.222313
v 17.450784 20.788751 10.388980
v 16.783823 21.196082 10.100000
v 16.783823 21.196082 9.933333
v 16.783823 21.196082 9.833333
v 16.783823 21.196082 9.800000
v 16.783823 21.196082 9.833333
v 16.783823 21.196082 9.933333
v 16.783823 21.196082 10.100000
v 17.844518 16.752055 10.700000
v 17.844518 16.752055 10.533333
v 17.844518 16.752055 10.433333
v 17.844518 16.752055 10.400000
v 17.844518 16.752055 10.433333
v 17.844518 16.752055 10.533333
v 17.844518 16.752055 10.700000
v 17.503654 17.455310 10.855646
v 17.687219 17.368082 10.688980
v 17.870783 17.280853 10.588980
v 18.054348 17.193625 10.555646
v 18.237912 17.106397 10.588980
v 18.421477 17.019169 10.688980
v 18.605041 16.931940 10.855646
v 17.485032 18.005438 10.984479
v 17.744747 17.882024 10.817812
v 18.004462 17.758609 10.717812
v 18.264178 17.635195 10.684479
v 18.523893 17.511780 10.717812
v 18.783608 17.388366 10.817812
v 19.043324 17.264951 10.984479
v 17.556048 18.512971 11.062917
v 17.862035 18.367569 10.896250
v 18.168021 18.222166 10.796250
v 18.474008 18.076764 10.762917
v 18.779994 17.931362 10.796250
v 19.085981 17.785960 10.896250
v 19.391967 17.640558 11.062917
v 17.698636 18.986493 11.073458
v 18.027037 18.830440 10.906792
v 18.355437 18.674387 10.806792
v 18.683838 18.518334 10.773458
v 19.012238 18.362281 10.806792
v 19.340639 18.206228 10.906792
v 19.669039 18.050175 11.073458
v 17.908466 19.428063 11.006792
v 18.236867 19.272010 10.840125
v 18.565267 19.115957 10.740125
v 18.893668 18.959904 10.706792
v 19.222068 18.803851 10.740125
v 19.550469 18.647797 10.840125
v 19.878869 18.491744 11.006792
v 18.185538 19.837679 10.862917
v 18.491525 19.692277 10.696250
v 18.797511 19.546875 10.596250
v 19.103498 19.401473 10.562917
v 19.409484 19.256071 10.596250
v 19.715471 19.110669 10.696250
v 20.021457 18.965267 10.862917
v 18.534182 20.213286 10.651145
v 18.793897 20.089872 10.484479
v 19.053612 19.966457 10.384479
v 19.313328 19.843043 10.351145
v 19.573043 19.719628 10.384479
v 19.832758 19.596214 10.484479
v 20.092474 19.472799 10.651145
v 18.972464 20.546297 10.388980
v 19.156028 20.459069 10.222313
v 19.339593 20.371841 10.122313
v 19.523158 20.284612 10.088980
v 19.706722 20.197384 10.122313
v 19.890287 20.110156 10.222313
v 20.073851 20.022928 10.388980
v 19.732988 20.726182 10.100000
v 19.732988 20.726182 9.933333
v 19.732988 20.726182 9.833333
v 19.732988 20.726182 9.800000
v 19.732988 20.726182 9.833333
v 19.732988 20.726182 9.933333
v 19.732988 20.726182 10.100000
v 18.222679 16.414175 10.700000
v 18.222679 16.414175 10.533333
v 18.222679 16.414175 10.433333
v 18.222679 16.414175 10.400000
v 18.222679 16.414175 10.433333
v 18.222679 16.414175 10.533333
v 18.222679 16.414175 10.700000
v 18.316134 17.190075 10.855646
v 18.423399 17.017451 10.688980
v 18.530664 16.844827 10.588980
v 18.637929 16.672204 10.555646
v 18.745195 16.499580 10.588980
v 18.852460 16.326957 10.688980
v 18.959725 16.154333 10.855646
v 18.597890 17.662940 10.984479
v 18.749653 17.418704 10.817812
v 18.901417 17.174469 10.717812
v 19.053180 16.930233 10.684479
v 19.204944 16.685998 10.717812
v 19.356707 16.441762 10.817812
v 19.508471 16.197527 10.984479
v 18.932025 18.051509 11.062917
v 19.110827 17.763760 10.896250
v 19.289629 17.476011 10.796250
v 19.468431 17.188263 10.762917
v 19.647233 16.900514 10.796250
v 19.826035 16.612765 10.896250
v 20.004837 16.325016 11.062917
v 19.307984 18.372772 11.073458
v 19.499883 18.063945 10.906792
v 19.691782 17.755119 10.806792
v 19.883682 17.446292 10.773458
v 20.075581 17.137465 10.806792
v 20.267481 16.828638 10.906792
v 20.459380 16.519811 11.073458
v 19.723234 18.630802 11.006792
v 19.915134 18.321975 10.840125
v 20.107033 18.013148 10.740125
v 20.298933 17.704321 10.706792
v 20.490832 17.395494 10.740125
v 20.682731 17.086668 10.840125
v 20.874631 16.777841 11.006792
v 20.177778 18.825597 10.862917
v 20.356579 18.537848 10.696250
v 20.535381 18.250099 10.596250
v 20.714183 17.962350 10.562917
v 20.892985 17.674602 10.596250
v 21.071787 17.386853 10.696250
v 21.250589 17.099104 10.862917
v 20.674143 18.953086 10.651145
v 20.825907 18.708851 10.484479
v 20.977671 18.464615 10.384479
v 21.129434 18.220380 10.351145
v 21.281198 17.976144 10.384479
v 21.432961 17.731909 10.484479
v 21.584725 17.487673 10.651145
v 21.222889 18.996280 10.388980
v 21.330155 18.823656 10.222313
v 21.437420 18.651033 10.122313
v 21.544685 18.478409 10.088980
v 21.651950 18.305786 10.122313
v 21.759215 18.133162 10.222313
v 21.866480 17.960538 10.388980
v 21.959936 18.736438 10.100000
v 21.959936 18.736438 9.933333
v 21.959936 18.736438 9.833333
v 21.959936 18.736438 9.800000
v 21.959936 18.736438 9.833333
v 21.959936 18.736438 9.933333
v 21.959936 18.736438 10.100000
v 18.358136 15.925482 10.700000
v 18.358136 15.925482 10.533333
v 18.358136 15.925482 10.433333
v 18.358136 15.925482 10.400000
v 18.358136 15.925482 10.433333
v 18.358136 15.925482 10.533333
v 18.358136 15.925482 10.700000
v 18.856238 16.527685 10.855646
v 18.853148 16.324473 10.688980
v 18.850058 16.121260 10.588980
v 18.846968 15.918048 10.555646
v 18.843878 15.714836 10.588980
v 18.840788 15.511624 10.688980
v 18.837698 15.308412 10.855646
v 19.348917 16.773156 10.984479
v 19.344545 16.485642 10.817812
v 19.340172 16.198128 10.717812
v 19.335800 15.910615 10.684479
v 19.331428 15.623101 10.717812
v 19.327056 15.335588 10.817812
v 19.322684 15.048074 10.984479
v 19.840086 16.919393 11.062917
v 19.834935 16.580656 10.896250
v 19.829784 16.241919 10.796250
v 19.824633 15.903181 10.762917
v 19.819482 15.564444 10.796250
v 19.814331 15.225707 10.896250
v 19.809180 14.886969 11.062917
v 20.330050 16.986399 11.073458
v 20.324522 16.622849 10.906792
v 20.318993 16.259298 10.806792
v 20.313465 15.895748 10.773458
v 20.307937 15.532198 10.806792
v 20.302408 15.168647 10.906792
v 20.296880 14.805097 11.073458
v 20.818883 16.978965 11.006792
v 20.813354 16.615415 10.840125
v 20.807826 16.251865 10.740125
v 20.802298 15.888315 10.706792
v 20.796769 15.524764 10.740125
v 20.791241 15.161214 10.840125
v 20.785713 14.797664 11.006792
v 21.306583 16.897093 10.862917
v 21.301432 16.558356 10.696250
v 21.296281 16.219618 10.596250
v 21.291130 15.880881 10.562917
v 21.285979 15.542144 10.596250
v 21.280828 15.203406 10.696250
v 21.275677 14.864669 10.862917
v 21.793079 16.735988 10.651145
v 21.788706 16.448475 10.484479
v 21.784334 16.160961 10.384479
v 21.779962 15.873448 10.351145
v 21.775590 15.585934 10.384479
v 21.771218 15.298421 10.484479
v 21.766846 15.010907 10.651145
v 22.278065 16.475651 10.388980
v 22.274975 16.272438 10.222313
v 22.271885 16.069226 10.122313
v 22.268795 15.866014 10.088980
v 22.265704 15.662802 10.122313
v 22.262614 15.459590 10.222313
v 22.259524 15.256378 10.388980
v 22.757627 15.858581 10.100000
v 22.757627 15.858581 9.933333
v 22.757627 15.858581 9.833333
v 22.757627 15.858581 9.800000
v 22.757627 15.858581 9.833333
v 22.757627 15.858581 9.933333
v 22.757627 15.858581 10.100000
v 18.207882 15.441134 10.700000
v 18.207882 15.441134 10.533333
v 18.207882 15.441134 10.433333
v 18.207882 15.441134 10.400000
v 18.207882 15.441134 10.433333
v 18.207882 15.441134 10.533333
v 18.207882 15.441134 10.700000
v 18.952488 15.678444 10.855646
v 18.840024 15.509162 10.688980
v 18.727560 15.339880 10.588980
v 18.615095 15.170597 10.555646
v 18.502631 15.001315 10.588980
v 18.390166 14.832033 10.688980
v 18.277702 14.662751 10.855646
v 19.499667 15.618586 10.984479
v 19.340548 15.379077 10.817812
v 19.181428 15.139569 10.717812
v 19.022308 14.900061 10.684479
v 18.863189 14.660553 10.717812
v 18.704069 14.421045 10.817812
v 18.544950 14.181537 10.984479
v 19.991927 15.476063 11.062917
v 19.804459 15.193883 10.896250
v 19.616990 14.911704 10.796250
v 19.429521 14.629525 10.762917
v 19.242053 14.347346 10.796250
v 19.054584 14.065167 10.896250
v 18.867116 13.782988 11.062917
v 20.440337 15.267536 11.073458
v 20.239136 14.964687 10.906792
v 20.037936 14.661838 10.806792
v 19.836735 14.358989 10.773458
v 19.635534 14.056140 10.806792
v 19.434333 13.753291 10.906792
v 19.233132 13.450442 11.073458
v 20.847550 14.997000 11.006792
v 20.646350 14.694151 10.840125
v 20.445149 14.391302 10.740125
v 20.243948 14.088453 10.706792
v 20.042747 13.785604 10.740125
v 19.841546 13.482755 10.840125
v 19.640345 13.179905 11.006792
v 21.213567 14.664454 10.862917
v 21.026098 14.382275 10.696250
v 20.838629 14.100096 10.596250
v 20.651161 13.817917 10.562917
v 20.463692 13.535738 10.596250
v 20.276224 13.253558 10.696250
v 20.088755 12.971379 10.862917
v 21.535733 14.265905 10.651145
v 21.376613 14.026397 10.484479
v 21.217494 13.786889 10.384479
v 21.058374 13.547381 10.351145
v 20.899254 13.307872 10.384479
v 20.740135 13.068364 10.484479
v 20.581015 12.828856 10.651145
v 21.802980 13.784691 10.388980
v 21.690516 13.615409 10.222313
v 21.578052 13.446127 10.122313
v 21.465587 13.276844 10.088980
v 21.353123 13.107562 10.122313
v 21.240658 12.938280 10.222313
v 21.128194 12.768998 10.388980
v 21.872800 13.006308 10.100000
v 21.872800 13.006308 9.933333
v 21.872800 13.006308 9.833333
v 21.872800 13.006308 9.800000
v 21.872800 13.006308 9.833333
v 21.872800 13.006308 9.933333
v 21.872800 13.006308 10.100000
v 17.819622 15.114907 10.700000
v 17.819622 15.114907 10.533333
v 17.819622 15.114907 10.433333
v 17.819622 15.114907 10.400000
v 17.819622 15.114907 10.433333
v 17.819622 15.114907 10.533333
v 17.819622 15.114907 10.700000
v 18.574325 14.911981 10.855646
v 18.388193 14.830375 10.688980
v 18.202061 14.748768 10.588980
v 18.015929 14.667162 10.555646
v 17.829797 14.585555 10.588980
v 17.643665 14.503949 10.688980
v 17.457533 14.422342 10.855646
v 19.002279 14.565798 10.984479
v 18.738931 14.450337 10.817812
v 18.475583 14.334877 10.717812
v 18.212236 14.219416 10.684479
v 17.948888 14.103956 10.717812
v 17.685540 13.988495 10.817812
v 17.422192 13.873035 10.984479
v 19.339341 14.179764 11.062917
v 19.029074 14.043733 10.896250
v 18.718808 13.907702 10.796250
v 18.408542 13.771671 10.762917
v 18.098276 13.635640 10.796250
v 17.788010 13.499608 10.896250
v 17.477744 13.363577 11.062917
v 19.603829 13.761912 11.073458
v 19.270836 13.615916 10.906792
v 18.937842 13.469921 10.806792
v 18.604849 13.323925 10.773458
v 18.271855 13.177930 10.806792
v 17.938862 13.031934 10.906792
v 17.605868 12.885939 11.073458
v 19.800136 13.314166 11.006792
v 19.467143 13.168171 10.840125
v 19.134149 13.022175 10.740125
v 18.801155 12.876180 10.706792
v 18.468162 12.730184 10.740125
v 18.135168 12.584189 10.840125
v 17.802175 12.438193 11.006792
v 19.928260 12.836527 10.862917
v 19.617994 12.700496 10.696250
v 19.307728 12.564465 10.596250
v 18.997462 12.428434 10.562917
v 18.687196 12.292403 10.596250
v 18.376930 12.156372 10.696250
v 18.066664 12.020341 10.862917
v 19.983812 12.327070 10.651145
v 19.720464 12.211609 10.484479
v 19.457116 12.096149 10.384479
v 19.193769 11.980688 10.351145
v 18.930421 11.865228 10.384479
v 18.667073 11.749768 10.484479
v 18.403725 11.634307 10.651145
v 19.948471 11.777762 10.388980
v 19.762339 11.696156 10.222313
v 19.576207 11.614549 10.122313
v 19.390075 11.532943 10.088980
v 19.203943 11.451336 10.122313
v 19.017811 11.369730 10.222313
v 18.831679 11.288124 10.388980
v 19.586382 11.085197 10.100000
v 19.586382 11.085197 9.933333
v 19.586382 11.085197 9.833333
v 19.586382 11.085197 9.800000
v 19.586382 11.085197 9.833333
v 19.586382 11.085197 9.933333
v 19.586382 11.085197 10.100000
v 17.316626 15.050377 10.700000
v 17.316626 15.050377 10.533333
v 17.316626 15.050377 10.433333
v 17.316626 15.050377 10.400000
v 17.316626 15.050377 10.433333
v 17.316626 15.050377 10.533333
v 17.316626 15.050377 10.700000
v 17.841812 14.471642 10.855646
v 17.641108 14.503621 10.688980
v 17.440404 14.535599 10.588980
v 17.239700 14.567578 10.555646
v 17.038996 14.599557 10.588980
v 16.838292 14.631536 10.688980
v 16.637588 14.663515 10.855646
v 18.014669 13.949044 10.984479
v 17.730704 13.994289 10.817812
v 17.446739 14.039534 10.717812
v 17.162774 14.084779 10.684479
v 16.878810 14.130024 10.717812
v 16.594845 14.175269 10.817812
v 16.310880 14.220514 10.984479
v 18.089518 13.442063 11.062917
v 17.754961 13.495369 10.896250
v 17.420405 13.548675 10.796250
v 17.085849 13.601981 10.762917
v 16.751292 13.655286 10.796250
v 16.416736 13.708592 10.896250
v 16.082179 13.761898 11.062917
v 18.086112 12.947550 11.073458
v 17.727049 13.004760 10.906792
v 17.367986 13.061971 10.806792
v 17.008923 13.119182 10.773458
v 16.649860 13.176392 10.806792
v 16.290796 13.233603 10.906792
v 15.931733 13.290814 11.073458
v 18.009186 12.464751 11.006792
v 17.650123 12.521961 10.840125
v 17.291060 12.579172 10.740125
v 16.931997 12.636383 10.706792
v 16.572934 12.693593 10.740125
v 16.213871 12.750804 10.840125
v 15.854807 12.808015 11.006792
v 17.858740 11.993666 10.862917
v 17.524184 12.046972 10.696250
v 17.189627 12.100278 10.596250
v 16.855071 12.153584 10.562917
v 16.520514 12.206890 10.596250
v 16.185958 12.260196 10.696250
v 15.851402 12.313502 10.862917
v 17.630040 11.535050 10.651145
v 17.346075 11.580295 10.484479
v 17.062110 11.625540 10.384479
v 16.778145 11.670785 10.351145
v 16.494180 11.716030 10.384479
v 16.210215 11.761275 10.484479
v 15.926250 11.806520 10.651145
v 17.303331 11.092050 10.388980
v 17.102627 11.124029 10.222313
v 16.901923 11.156007 10.122313
v 16.701219 11.187986 10.088980
v 16.500515 11.219965 10.122313
v 16.299811 11.251944 10.222313
v 16.099107 11.283923 10.388980
v 16.624293 10.705187 10.100000
v 16.624293 10.705187 9.933333
v 16.624293 10.705187 9.833333
v 16.624293 10.705187 9.800000
v 16.624293 10.705187 9.833333
v 16.624293 10.705187 9.933333
v 16.624293 10.705187 10.100000
v 14.729126 -17.941016 11.900000
v 14.729126 -17.941016 11.733333
v 14.729126 -17.941016 11.633333
v 14.729126 -17.941016 11.600000
v 14.729126 -17.941016 11.633333
v 14.729126 -17.941016 11.733333
v 14.729126 -17.941016 11.900000
v 14.678933 -18.720911 12.055646
v 14.562240 -18.554515 11.888980
v 14.445548 -18.388118 11.788980
v 14.328856 -18.221722 11.755646
v 14.212164 -18.055326 11.788980
v 14.095471 -17.888930 11.888980
v 13.978779 -17.722534 12.055646
v 14.423890 -19.208702 12.184479
v 14.258788 -18.973278 12.017812
v 14.093687 -18.737853 11.917812
v 13.928586 -18.502429 11.884479
v 13.763484 -18.267004 11.917812
v 13.598383 -18.031580 12.017812
v 13.433282 -17.796155 12.184479
v 14.111864 -19.615239 12.262917
v 13.917347 -19.337871 12.096250
v 13.722831 -19.060503 11.996250
v 13.528315 -18.783135 11.962917
v 13.333799 -18.505767 11.996250
v 13.139283 -18.228399 12.096250
v 12.944767 -17.951031 12.262917
v 13.754339 -19.956898 12.273458
v 13.545574 -19.659213 12.106792
v 13.336810 -19.361527 12.006792
v 13.128045 -19.063842 11.973458
v 12.919281 -18.766156 12.006792
v 12.710516 -18.468470 12.106792
v 12.501751 -18.170785 12.273458
v 13.354069 -20.237605 12.206792
v 13.145304 -19.939919 12.040125
v 12.936540 -19.642234 11.940125
v 12.727775 -19.344548 11.906792
v 12.519010 -19.046862 11.940125
v 12.310246 -18.749177 12.040125
v 12.101481 -18.451491 12.206792
v 12.911053 -20.457358 12.062917
v 12.716537 -20.179990 11.896250
v 12.522021 -19.902622 11.796250
v 12.327505 -19.625254 11.762917
v 12.132989 -19.347886 11.796250
v 11.938473 -19.070518 11.896250
v 11.743957 -18.793150 12.062917
v 12.422539 -20.612234 11.851145
v 12.257437 -20.376810 11.684479
v 12.092336 -20.141385 11.584479
v 11.927234 -19.905961 11.551145
v 11.762133 -19.670536 11.584479
v 11.597032 -19.435112 11.684479
v 11.431930 -19.199687 11.851145
v 11.877041 -20.685855 11.588980
v 11.760349 -20.519459 11.422313
v 11.643656 -20.353063 11.322313
v 11.526964 -20.186667 11.288980
v 11.410272 -20.020271 11.322313
v 11.293580 -19.853875 11.422313
v 11.176887 -19.687479 11.588980
v 11.126694 -20.467374 11.300000
v 11.126694 -20.467374 11.133333
v 11.126694 -20.467374 11.033333
v 11.126694 -20.467374 11.000000
v 11.126694 -20.467374 11.033333
v 11.126694 -20.467374 11.133333
v 11.126694 -20.467374 11.300000
v 14.566721 -17.460606 11.900000
v 14.566721 -17.460606 11.733333
v 14.566721 -17.460606 11.633333
v 14.566721 -17.460606 11.600000
v 14.566721 -17.460606 11.633333
v 14.566721 -17.460606 11.733333
v 14.566721 -17.460606 11.900000
v 14.102853 -18.089558 12.055646
v 14.094646 -17.886488 11.888980
v 14.086439 -17.683418 11.788980
v 14.078231 -17.480349 11.755646
v 14.070024 -17.277279 11.788980
v 14.061817 -17.074209 11.888980
v 14.053610 -16.871139 12.055646
v 13.624577 -18.362028 12.184479
v 13.612965 -18.074716 12.017812
v 13.601353 -17.787404 11.917812
v 13.589741 -17.500091 11.884479
v 13.578129 -17.212779 11.917812
v 13.566517 -16.925467 12.017812
v 13.554905 -16.638155 12.184479
v 13.142294 -18.535335 12.262917
v 13.128613 -18.196835 12.096250
v 13.114932 -17.858334 11.996250
v 13.101251 -17.519834 11.962917
v 13.087570 -17.181334 11.996250
v 13.073890 -16.842834 12.096250
v 13.060209 -16.504334 12.262917
v 12.656810 -18.629464 12.273458
v 12.642127 -18.266169 12.106792
v 12.627444 -17.902873 12.006792
v 12.612761 -17.539577 11.973458
v 12.598078 -17.176281 12.006792
v 12.583395 -16.812986 12.106792
v 12.568712 -16.449690 12.273458
v 12.168320 -18.649207 12.206792
v 12.153637 -18.285911 12.040125
v 12.138954 -17.922616 11.940125
v 12.124271 -17.559320 11.906792
v 12.109588 -17.196024 11.940125
v 12.094905 -16.832728 12.040125
v 12.080222 -16.469433 12.206792
v 11.676823 -18.594563 12.062917
v 11.663143 -18.256063 11.896250
v 11.649462 -17.917563 11.796250
v 11.635781 -17.579063 11.762917
v 11.622100 -17.240562 11.796250
v 11.608419 -16.902062 11.896250
v 11.594738 -16.563562 12.062917
v 11.182127 -18.460742 11.851145
v 11.170515 -18.173430 11.684479
v 11.158903 -17.886118 11.584479
v 11.147291 -17.598805 11.551145
v 11.135679 -17.311493 11.584479
v 11.124067 -17.024181 11.684479
v 11.112455 -16.736869 11.851145
v 10.683423 -18.227758 11.588980
v 10.675215 -18.024688 11.422313
v 10.667008 -17.821618 11.322313
v 10.658801 -17.618548 11.288980
v 10.650593 -17.415478 11.322313
v 10.642386 -17.212409 11.422313
v 10.634179 -17.009339 11.588980
v 10.170311 -17.638291 11.300000
v 10.170311 -17.638291 11.133333
v 10.170311 -17.638291 11.033333
v 10.170311 -17.638291 11.000000
v 10.170311 -17.638291 11.033333
v 10.170311 -17.638291 11.133333
v 10.170311 -17.638291 11.300000
v 14.689827 -16.968656 11.900000
v 14.689827 -16.968656 11.733333
v 14.689827 -16.968656 11.633333
v 14.689827 -16.968656 11.600000
v 14.689827 -16.968656 11.633333
v 14.689827 -16.968656 11.733333
v 14.689827 -16.968656 11.900000
v 13.959559 -17.246979 12.055646
v 14.062443 -17.071708 11.888980
v 14.165326 -16.896438 11.788980
v 14.268210 -16.721167 11.755646
v 14.371093 -16.545897 11.788980
v 14.473976 -16.370627 11.888980
v 14.576860 -16.195356 12.055646
v 13.409899 -17.217620 12.184479
v 13.555464 -16.969639 12.017812
v 13.701028 -16.721659 11.917812
v 13.846592 -16.473678 11.884479
v 13.992156 -16.225698 11.917812
v 14.137720 -15.977718 12.017812
v 14.283284 -15.729737 12.184479
v 12.910480 -17.102672 12.262917
v 13.081978 -16.810511 12.096250
v 13.253476 -16.518350 11.996250
v 13.424974 -16.226189 11.962917
v 13.596472 -15.934029 11.996250
v 13.767970 -15.641868 12.096250
v 13.939468 -15.349707 12.262917
v 12.451175 -16.919387 12.273458
v 12.635235 -16.605825 12.106792
v 12.819296 -16.292263 12.006792
v 13.003356 -15.978700 11.973458
v 13.187417 -15.665138 12.006792
v 13.371477 -15.351576 12.106792
v 13.555537 -15.038014 12.273458
v 12.029557 -16.671898 12.206792
v 12.213618 -16.358336 12.040125
v 12.397678 -16.044774 11.940125
v 12.581738 -15.731212 11.906792
v 12.765799 -15.417649 11.940125
v 12.949859 -15.104087 12.040125
v 13.133920 -14.790525 12.206792
v 11.645627 -16.360205 12.062917
v 11.817125 -16.068044 11.896250
v 11.988623 -15.775883 11.796250
v 12.160121 -15.483723 11.762917
v 12.331619 -15.191562 11.796250
v 12.503117 -14.899401 11.896250
v 12.674615 -14.607240 12.062917
v 11.301811 -15.980175 11.851145
v 11.447375 -15.732194 11.684479
v 11.592939 -15.484214 11.584479
v 11.738503 -15.236234 11.551145
v 11.884067 -14.988253 11.584479
v 12.029631 -14.740273 11.684479
v 12.175195 -14.492292 11.851145
v 11.008235 -15.514556 11.588980
v 11.111118 -15.339285 11.422313
v 11.214002 -15.164015 11.322313
v 11.316885 -14.988745 11.288980
v 11.419769 -14.813474 11.322313
v 11.522652 -14.638204 11.422313
v 11.625535 -14.462933 11.588980
v 10.895267 -14.741256 11.300000
v 10.895267 -14.741256 11.133333
v 10.895267 -14.741256 11.033333
v 10.895267 -14.741256 11.000000
v 10.895267 -14.741256 11.033333
v 10.895267 -14.741256 11.133333
v 10.895267 -14.741256 11.300000
v 15.059358 -16.621358 11.900000
v 15.059358 -16.621358 11.733333
v 15.059358 -16.621358 11.633333
v 15.059358 -16.621358 11.600000
v 15.059358 -16.621358 11.633333
v 15.059358 -16.621358 11.733333
v 15.059358 -16.621358 11.900000
v 14.294545 -16.460685 12.055646
v 14.475855 -16.368861 11.888980
v 14.657164 -16.277037 11.788980
v 14.838474 -16.185214 11.755646
v 15.019783 -16.093390 11.788980
v 15.201092 -16.001566 11.888980
v 15.382402 -15.909742 12.055646
v 13.848015 -16.138818 12.184479
v 14.104540 -16.008902 12.017812
v 14.361064 -15.878985 11.917812
v 14.617589 -15.749069 11.884479
v 14.874113 -15.619152 11.917812
v 15.130638 -15.489236 12.017812
v 15.387163 -15.359319 12.184479
v 13.490022 -15.772112 12.262917
v 13.792249 -15.619049 12.096250
v 14.094477 -15.465987 11.996250
v 14.396704 -15.312924 11.962917
v 14.698931 -15.159861 11.996250
v 15.001159 -15.006799 12.096250
v 15.303386 -14.853736 12.262917
v 13.202721 -15.369603 12.273458
v 13.527087 -15.205328 12.106792
v 13.851453 -15.041054 12.006792
v 14.175819 -14.876779 11.973458
v 14.500185 -14.712505 12.006792
v 14.824551 -14.548230 12.106792
v 15.148917 -14.383955 12.273458
v 12.981837 -14.933458 12.206792
v 13.306203 -14.769184 12.040125
v 13.630569 -14.604909 11.940125
v 13.954934 -14.440634 11.906792
v 14.279300 -14.276360 11.940125
v 14.603666 -14.112085 12.040125
v 14.928032 -13.947811 12.206792
v 12.827368 -14.463677 12.062917
v 13.129595 -14.310615 11.896250
v 13.431822 -14.157552 11.796250
v 13.734050 -14.004490 11.762917
v 14.036277 -13.851427 11.796250
v 14.338504 -13.698365 11.896250
v 14.640732 -13.545302 12.062917
v 12.743591 -13.958094 11.851145
v 13.000116 -13.828178 11.684479
v 13.256640 -13.698261 11.584479
v 13.513165 -13.568345 11.551145
v 13.769689 -13.438428 11.584479
v 14.026214 -13.308512 11.684479
v 14.282739 -13.178596 11.851145
v 12.748352 -13.407672 11.588980
v 12.929661 -13.315848 11.422313
v 13.110971 -13.224024 11.322313
v 13.292280 -13.132200 11.288980
v 13.473589 -13.040376 11.322313
v 13.654899 -12.948552 11.422313
v 13.836208 -12.856729 11.588980
v 13.071395 -12.696055 11.300000
v 13.071395 -12.696055 11.133333
v 13.071395 -12.696055 11.033333
v 13.071395 -12.696055 11.000000
v 13.071395 -12.696055 11.033333
v 13.071395 -12.696055 11.133333
v 13.071395 -12.696055 11.300000
v 15.557991 -16.528976 11.900000
v 15.557991 -16.528976 11.733333
v 15.557991 -16.528976 11.633333
v 15.557991 -16.528976 11.600000
v 15.557991 -16.528976 11.633333
v 15.557991 -16.528976 11.733333
v 15.557991 -16.528976 11.900000
v 15.001456 -15.980320 12.055646
v 15.203627 -16.001096 11.888980
v 15.405798 -16.021872 11.788980
v 15.607969 -16.042648 11.755646
v 15.810140 -16.063425 11.788980
v 16.012311 -16.084201 11.888980
v 16.214482 -16.104977 12.055646
v 14.799825 -15.468136 12.184479
v 15.085866 -15.497531 12.017812
v 15.371906 -15.526926 11.917812
v 15.657946 -15.556321 11.884479
v 15.943987 -15.585716 11.917812
v 16.230027 -15.615111 12.017812
v 16.516068 -15.644506 12.184479
v 14.696919 -14.966097 12.262917
v 15.033921 -15.000729 12.096250
v 15.370922 -15.035361 11.996250
v 15.707924 -15.069993 11.962917
v 16.044926 -15.104625 11.996250
v 16.381927 -15.139257 12.096250
v 16.718929 -15.173889 12.262917
v 14.672839 -14.472159 12.273458
v 15.034527 -14.509328 12.106792
v 15.396214 -14.546497 12.006792
v 15.757902 -14.583665 11.973458
v 16.119589 -14.620834 12.006792
v 16.481277 -14.658003 12.106792
v 16.842964 -14.695172 12.273458
v 14.722817 -13.985831 12.206792
v 15.084504 -14.023000 12.040125
v 15.446192 -14.060169 11.940125
v 15.807879 -14.097338 11.906792
v 16.169567 -14.134507 11.940125
v 16.531254 -14.171676 12.040125
v 16.892942 -14.208844 12.206792
v 14.846852 -13.507114 12.062917
v 15.183853 -13.541746 11.896250
v 15.520855 -13.576378 11.796250
v 15.857857 -13.611010 11.762917
v 16.194858 -13.645642 11.796250
v 16.531860 -13.680274 11.896250
v 16.868862 -13.714906 12.062917
v 15.049713 -13.036498 11.851145
v 15.335753 -13.065893 11.684479
v 15.621794 -13.095288 11.584479
v 15.907834 -13.124683 11.551145
v 16.193875 -13.154077 11.584479
v 16.479915 -13.183472 11.684479
v 16.765955 -13.212867 11.851145
v 15.351299 -12.576026 11.588980
v 15.553470 -12.596803 11.422313
v 15.755641 -12.617579 11.322313
v 15.957812 -12.638355 11.288980
v 16.159983 -12.659131 11.322313
v 16.362154 -12.679907 11.422313
v 16.564324 -12.700683 11.588980
v 16.007789 -12.152027 11.300000
v 16.007789 -12.152027 11.133333
v 16.007789 -12.152027 11.033333
v 16.007789 -12.152027 11.000000
v 16.007789 -12.152027 11.033333
v 16.007789 -12.152027 11.133333
v 16.007789 -12.152027 11.300000
v 16.027414 -16.720841 11.900000
v 16.027414 -16.720841 11.733333
v 16.027414 -16.720841 11.633333
v 16.027414 -16.720841 11.600000
v 16.027414 -16.720841 11.633333
v 16.027414 -16.720841 11.733333
v 16.027414 -16.720841 11.900000
v 15.855852 -15.958396 12.055646
v 16.014697 -16.085176 11.888980
v 16.173542 -16.211956 11.788980
v 16.332386 -16.338736 11.755646
v 16.491231 -16.465515 11.788980
v 16.650075 -16.592295 11.888980
v 16.808920 -16.719075 12.055646
v 15.963137 -15.418509 12.184479
v 16.187878 -15.597883 12.017812
v 16.412618 -15.777257 11.917812
v 16.637358 -15.956631 11.884479
v 16.862099 -16.136004 11.917812
v 17.086839 -16.315378 12.017812
v 17.311580 -16.494752 12.184479
v 16.147990 -14.940532 12.262917
v 16.412770 -15.151863 12.096250
v 16.677550 -15.363195 11.996250
v 16.942331 -15.574526 11.962917
v 17.207111 -15.785857 11.996250
v 17.471892 -15.997188 12.096250
v 17.736672 -16.208519 12.262917
v 16.394775 -14.511986 12.273458
v 16.678951 -14.738798 12.106792
v 16.963127 -14.965609 12.006792
v 17.247303 -15.192421 11.973458
v 17.531479 -15.419232 12.006792
v 17.815655 -15.646044 12.106792
v 18.099831 -15.872855 12.273458
v 16.699748 -14.129881 12.206792
v 16.983924 -14.356693 12.040125
v 17.268100 -14.583504 11.940125
v 17.552276 -14.810316 11.906792
v 17.836451 -15.037127 11.940125
v 18.120627 -15.263939 12.040125
v 18.404803 -15.490750 12.206792
v 17.062907 -13.794217 12.062917
v 17.327687 -14.005548 11.896250
v 17.592468 -14.216880 11.796250
v 17.857248 -14.428211 11.762917
v 18.122028 -14.639542 11.796250
v 18.386809 -14.850873 11.896250
v 18.651589 -15.062204 12.062917
v 17.487999 -13.507985 11.851145
v 17.712740 -13.687358 11.684479
v 17.937480 -13.866732 11.584479
v 18.162220 -14.046106 11.551145
v 18.386961 -14.225480 11.584479
v 18.611701 -14.404853 11.684479
v 18.836441 -14.584227 11.851145
v 17.990659 -13.283661 11.588980
v 18.149503 -13.410441 11.422313
v 18.308348 -13.537221 11.322313
v 18.467193 -13.664001 11.288980
v 18.626037 -13.790781 11.322313
v 18.784882 -13.917561 11.422313
v 18.943726 -14.044340 11.588980
v 18.772165 -13.281896 11.300000
v 18.772165 -13.281896 11.133333
v 18.772165 -13.281896 11.033333
v 18.772165 -13.281896 11.000000
v 18.772165 -13.281896 11.033333
v 18.772165 -13.281896 11.133333
v 18.772165 -13.281896 11.300000
v 16.318587 -17.136036 11.900000
v 16.318587 -17.136036 11.733333
v 16.318587 -17.136036 11.633333
v 16.318587 -17.136036 11.600000
v 16.318587 -17.136036 11.633333
v 16.318587 -17.136036 11.733333
v 16.318587 -17.136036 11.900000
v 16.586469 -16.401874 12.055646
v 16.651555 -16.594406 11.888980
v 16.716642 -16.786938 11.788980
v 16.781728 -16.979470 11.755646
v 16.846814 -17.172001 11.788980
v 16.911900 -17.364533 11.888980
v 16.976986 -17.557065 12.055646
v 16.968608 -16.005695 12.184479
v 17.060695 -16.278098 12.017812
v 17.152781 -16.550500 11.917812
v 17.244868 -16.822903 11.884479
v 17.336955 -17.095305 11.917812
v 17.429042 -17.367708 12.017812
v 17.521129 -17.640111 12.184479
v 17.382529 -15.703534 12.262917
v 17.491023 -16.024468 12.096250
v 17.599516 -16.345402 11.996250
v 17.708009 -16.666336 11.962917
v 17.816502 -16.987270 11.996250
v 17.924995 -17.308205 12.096250
v 18.033488 -17.629139 12.262917
v 17.821828 -15.476440 12.273458
v 17.938269 -15.820883 12.106792
v 18.054709 -16.165327 12.006792
v 18.171150 -16.509770 11.973458
v 18.287590 -16.854213 12.006792
v 18.404030 -17.198656 12.106792
v 18.520471 -17.543099 12.273458
v 18.284969 -15.319874 12.206792
v 18.401409 -15.664317 12.040125
v 18.517850 -16.008760 11.940125
v 18.634290 -16.353203 11.906792
v 18.750731 -16.697646 11.940125
v 18.867171 -17.042089 12.040125
v 18.983611 -17.386532 12.206792
v 18.771951 -15.233834 12.062917
v 18.880444 -15.554768 11.896250
v 18.988938 -15.875702 11.796250
v 19.097431 -16.196636 11.762917
v 19.205924 -16.517570 11.796250
v 19.314417 -16.838505 11.896250
v 19.422910 -17.159439 12.062917
v 19.284311 -15.222862 11.851145
v 19.376398 -15.495264 11.684479
v 19.468485 -15.767667 11.584479
v 19.560571 -16.040070 11.551145
v 19.652658 -16.312472 11.584479
v 19.744745 -16.584875 11.684479
v 19.836832 -16.857277 11.851145
v 19.828453 -15.305908 11.588980
v 19.893540 -15.498439 11.422313
v 19.958626 -15.690971 11.322313
v 20.023712 -15.883503 11.288980
v 20.088798 -16.076035 11.322313
v 20.153884 -16.268567 11.422313
v 20.218971 -16.461099 11.588980
v 20.486853 -15.726936 11.300000
v 20.486853 -15.726936 11.133333
v 20.486853 -15.726936 11.033333
v 20.486853 -15.726936 11.000000
v 20.486853 -15.726936 11.033333
v 20.486853 -15.726936 11.133333
v 20.486853 -15.726936 11.300000
v 16.339066 -17.642741 11.900000
v 16.339066 -17.642741 11.733333
v 16.339066 -17.642741 11.633333
v 16.339066 -17.642741 11.600000
v 16.339066 -17.642741 11.633333
v 16.339066 -17.642741 11.733333
v 16.339066 -17.642741 11.900000
v 16.961341 -17.169953 12.055646
v 16.912004 -17.367109 11.888980
v 16.862668 -17.564265 11.788980
v 16.813331 -17.761422 11.755646
v 16.763994 -17.958578 11.788980
v 16.714658 -18.155734 11.888980
v 16.665321 -18.352891 12.055646
v 17.497007 -17.043265 12.184479
v 17.427203 -17.322211 12.017812
v 17.357400 -17.601156 11.917812
v 17.287596 -17.880102 11.884479
v 17.217792 -18.159048 11.917812
v 17.147989 -18.437993 12.017812
v 17.078185 -18.716939 12.184479
v 18.008581 -17.012854 12.262917
v 17.926341 -17.341497 12.096250
v 17.844101 -17.670140 11.996250
v 17.761861 -17.998783 11.962917
v 17.679621 -18.327425 11.996250
v 17.597381 -18.656068 12.096250
v 17.515141 -18.984711 12.262917
v 18.500918 -17.059314 12.273458
v 18.412654 -17.412030 12.106792
v 18.324390 -17.764747 12.006792
v 18.236126 -18.117463 11.973458
v 18.147862 -18.470179 12.006792
v 18.059598 -18.822896 12.106792
v 17.971334 -19.175612 12.273458
v 18.975183 -17.177994 12.206792
v 18.886919 -17.530711 12.040125
v 18.798655 -17.883427 11.940125
v 18.710391 -18.236144 11.906792
v 18.622127 -18.588860 11.940125
v 18.533863 -18.941576 12.040125
v 18.445599 -19.294293 12.206792
v 19.431376 -17.368895 12.062917
v 19.349136 -17.697538 11.896250
v 19.266896 -18.026181 11.796250
v 19.184656 -18.354824 11.762917
v 19.102416 -18.683467 11.796250
v 19.020176 -19.012110 11.896250
v 18.937936 -19.340753 12.062917
v 19.868332 -17.636668 11.851145
v 19.798528 -17.915613 11.684479
v 19.728725 -18.194559 11.584479
v 19.658921 -18.473504 11.551145
v 19.589117 -18.752450 11.584479
v 19.519314 -19.031396 11.684479
v 19.449510 -19.310341 11.851145
v 20.281196 -18.000716 11.588980
v 20.231859 -18.197872 11.422313
v 20.182523 -18.395029 11.322313
v 20.133186 -18.592185 11.288980
v 20.083849 -18.789341 11.322313
v 20.034513 -18.986498 11.422313
v 19.985176 -19.183654 11.588980
v 20.607451 -18.710865 11.300000
v 20.607451 -18.710865 11.133333
v 20.607451 -18.710865 11.033333
v 20.607451 -18.710865 11.000000
v 20.607451 -18.710865 11.033333
v 20.607451 -18.710865 11.133333
v 20.607451 -18.710865 11.300000
v 16.082349 -18.080080 11.900000
v 16.082349 -18.080080 11.733333
v 16.082349 -18.080080 11.633333
v 16.082349 -18.080080 11.600000
v 16.082349 -18.080080 11.633333
v 16.082349 -18.080080 11.733333
v 16.082349 -18.080080 11.900000
v 16.861448 -18.018772 12.055646
v 16.713353 -18.157957 11.888980
v 16.565258 -18.297142 11.788980
v 16.417162 -18.436328 11.755646
v 16.269067 -18.575513 11.788980
v 16.120972 -18.714698 11.888980
v 15.972876 -18.853883 12.055646
v 17.380571 -18.201799 12.184479
v 17.171040 -18.398724 12.017812
v 16.961508 -18.595650 11.917812
v 16.751976 -18.792575 11.884479
v 16.542444 -18.989500 11.917812
v 16.332912 -19.186426 12.017812
v 16.123380 -19.383351 12.184479
v 17.827376 -18.452793 12.262917
v 17.580514 -18.684803 12.096250
v 17.333652 -18.916813 11.996250
v 17.086789 -19.148822 11.962917
v 16.839927 -19.380832 11.996250
v 16.593065 -19.612842 12.096250
v 16.346203 -19.844852 12.262917
v 18.216439 -18.758055 12.273458
v 17.951494 -19.007060 12.106792
v 17.686548 -19.256065 12.006792
v 17.421603 -19.505070 11.973458
v 17.156658 -19.754075 12.006792
v 16.891712 -20.003079 12.106792
v 16.626767 -20.252084 12.273458
v 18.551253 -19.114303 12.206792
v 18.286307 -19.363308 12.040125
v 18.021362 -19.612312 11.940125
v 17.756417 -19.861317 11.906792
v 17.491471 -20.110322 11.940125
v 17.226526 -20.359327 12.040125
v 16.961581 -20.608331 12.206792
v 18.831817 -19.521535 12.062917
v 18.584955 -19.753545 11.896250
v 18.338093 -19.985555 11.796250
v 18.091230 -20.217565 11.762917
v 17.844368 -20.449574 11.796250
v 17.597506 -20.681584 11.896250
v 17.350643 -20.913594 12.062917
v 19.054639 -19.983036 11.851145
v 18.845108 -20.179961 11.684479
v 18.635576 -20.376887 11.584479
v 18.426044 -20.573812 11.551145
v 18.216512 -20.770737 11.584479
v 18.006980 -20.967662 11.684479
v 17.797448 -21.164588 11.851145
v 19.205143 -20.512504 11.588980
v 19.057048 -20.651689 11.422313
v 18.908953 -20.790874 11.322313
v 18.760857 -20.930059 11.288980
v 18.612762 -21.069244 11.322313
v 18.464667 -21.208430 11.422313
v 18.316571 -21.347615 11.588980
v 19.095671 -21.286307 11.300000
v 19.095671 -21.286307 11.133333
v 19.095671 -21.286307 11.033333
v 19.095671 -21.286307 11.000000
v 19.095671 -21.286307 11.033333
v 19.095671 -21.286307 11.133333
v 19.095671 -21.286307 11.300000
v 15.629941 -18.309201 11.900000
v 15.629941 -18.309201 11.733333
v 15.629941 -18.309201 11.633333
v 15.629941 -18.309201 11.600000
v 15.629941 -18.309201 11.633333
v 15.629941 -18.309201 11.733333
v 15.629941 -18.309201 11.900000
v 16.318507 -18.678839 12.055646
v 16.118672 -18.715862 11.888980
v 15.918837 -18.752886 11.788980
v 15.719002 -18.789910 11.755646
v 15.519167 -18.826933 11.788980
v 15.319332 -18.863957 11.888980
v 15.119498 -18.900980 12.055646
v 16.656269 -19.113470 12.184479
v 16.373534 -19.165853 12.017812
v 16.090799 -19.218235 11.917812
v 15.808063 -19.270618 11.884479
v 15.525328 -19.323000 11.917812
v 15.242593 -19.375383 12.017812
v 14.959858 -19.427766 12.184479
v 16.896448 -19.566181 12.262917
v 16.563340 -19.627896 12.096250
v 16.230232 -19.689611 11.996250
v 15.897125 -19.751326 11.962917
v 15.564017 -19.813041 11.996250
v 15.230909 -19.874756 12.096250
v 14.897801 -19.936472 12.262917
v 17.058711 -20.033327 12.273458
v 16.701203 -20.099563 12.106792
v 16.343694 -20.165799 12.006792
v 15.986186 -20.232034 11.973458
v 15.628678 -20.298270 12.006792
v 15.271169 -20.364506 12.106792
v 14.913661 -20.430742 12.273458
v 17.147772 -20.514035 12.206792
v 16.790264 -20.580271 12.040125
v 16.432755 -20.646507 11.940125
v 16.075247 -20.712743 11.906792
v 15.717739 -20.778979 11.940125
v 15.360230 -20.845214 12.040125
v 15.002722 -20.911450 12.206792
v 17.163632 -21.008305 12.062917
v 16.830524 -21.070021 11.896250
v 16.497416 -21.131736 11.796250
v 16.164308 -21.193451 11.762917
v 15.831201 -21.255166 11.796250
v 15.498093 -21.316881 11.896250
v 15.164985 -21.378596 12.062917
v 17.101575 -21.517011 11.851145
v 16.818840 -21.569394 11.684479
v 16.536105 -21.621777 11.584479
v 16.253370 -21.674159 11.551145
v 15.970634 -21.726542 11.584479
v 15.687899 -21.778924 11.684479
v 15.405164 -21.831307 11.851145
v 16.941935 -22.043797 11.588980
v 16.742101 -22.080820 11.422313
v 16.542266 -22.117844 11.322313
v 16.342431 -22.154868 11.288980
v 16.142596 -22.191891 11.322313
v 15.942761 -22.228915 11.422313
v 15.742926 -22.265938 11.588980
v 16.431492 -22.635576 11.300000
v 16.431492 -22.635576 11.133333
v 16.431492 -22.635576 11.033333
v 16.431492 -22.635576 11.000000
v 16.431492 -22.635576 11.033333
v 16.431492 -22.635576 11.133333
v 16.431492 -22.635576 11.300000
v 15.125479 -18.257360 11.900000
v 15.125479 -18.257360 11.733333
v 15.125479 -18.257360 11.633333
v 15.125479 -18.257360 11.600000
v 15.125479 -18.257360 11.633333
v 15.125479 -18.257360 11.733333
v 15.125479 -18.257360 11.900000
v 15.504896 -18.940586 12.055646
v 15.316768 -18.863693 11.888980
v 15.128640 -18.786801 11.788980
v 14.940512 -18.709908 11.755646
v 14.752383 -18.633015 11.788980
v 14.564255 -18.556123 11.888980
v 14.376127 -18.479230 12.055646
v 15.554061 -19.488829 12.184479
v 15.287889 -19.380038 12.017812
v 15.021716 -19.271247 11.917812
v 14.755544 -19.162456 11.884479
v 14.489372 -19.053664 11.917812
v 14.223200 -18.944873 12.017812
v 13.957028 -18.836082 12.184479
v 15.511358 -19.999524 12.262917
v 15.197764 -19.871350 12.096250
v 14.884171 -19.743177 11.996250
v 14.570577 -19.615003 11.962917
v 14.256983 -19.486830 11.996250
v 13.943389 -19.358656 12.096250
v 13.629795 -19.230483 12.262917
v 15.395304 -20.480238 12.273458
v 15.058739 -20.342676 12.106792
v 14.722174 -20.205113 12.006792
v 14.385609 -20.067551 11.973458
v 14.049044 -19.929988 12.006792
v 13.712479 -19.792426 12.106792
v 13.375914 -19.654864 12.273458
v 15.210337 -20.932786 12.206792
v 14.873772 -20.795223 12.040125
v 14.537207 -20.657661 11.940125
v 14.200642 -20.520099 11.906792
v 13.864077 -20.382536 11.940125
v 13.527512 -20.244974 12.040125
v 13.190947 -20.107411 12.206792
v 14.956456 -21.357167 12.062917
v 14.642862 -21.228993 11.896250
v 14.329268 -21.100820 11.796250
v 14.015674 -20.972646 11.762917
v 13.702081 -20.844473 11.796250
v 13.388487 -20.716299 11.896250
v 13.074893 -20.588126 12.062917
v 14.629224 -21.751567 11.851145
v 14.363051 -21.642776 11.684479
v 14.096879 -21.533985 11.584479
v 13.830707 -21.425194 11.551145
v 13.564535 -21.316403 11.584479
v 13.298363 -21.207612 11.684479
v 13.032190 -21.098820 11.851145
v 14.210124 -22.108420 11.588980
v 14.021996 -22.031527 11.422313
v 13.833868 -21.954634 11.322313
v 13.645740 -21.877742 11.288980
v 13.457611 -21.800849 11.322313
v 13.269483 -21.723956 11.422313
v 13.081355 -21.647064 11.588980
v 13.460772 -22.330289 11.300000
v 13.460772 -22.330289 11.133333
v 13.460772 -22.330289 11.033333
v 13.460772 -22.330289 11.000000
v 13.460772 -22.330289 11.033333
v 13.460772 -22.330289 11.133333
v 13.460772 -22.330289 11.300000
f 9 8 1
f 2 9 1
f 10 9 2
f 3 10 2
f 11 10 3
f 4 11 3
f 12 11 4
f 5 12 4
f 13 12 5
f 6 13 5
f 14 13 6
f 7 14 6
f 16 15 8
f 9 16 8
f 17 16 9
f 10 17 9
f 18 17 10
f 11 18 10
f 19 18 11
f 12 19 11
f 20 19 12
f 13 20 12
f 21 20 13
f 14 21 13
f 23 22 15
f 16 23 15
f 24 23 16
f 17 24 16
f 25 24 17
f 18 25 17
f 26 25 18
f 19 26 18
f 27 26 19
f 20 27 19
f 28 27 20
f 21 28 20
f 30 29 22
f 23 30 22
f 31 30 23
f 24 31 23
f 32 31 24
f 25 32 24
f 33 32 25
f 26 33 25
f 34 33 26
f 27 34 26
f 35 34 27
f 28 35 27
f 37 36 29
f 30 37 29
f 38 37 30
f 31 38 30
f 39 38 31
f 32 39 31
f 40 39 32
f 33 40 32
f 41 40 33
f 34 41 33
f 42 41 34
f 35 42 34
f 44 43 36
f 37 44 36
f 45 44 37
f 38 45 37
f 46 45 38
f 39 46 38
f 47 46 39
f 40 47 39
f 48 47 40
f 41 48 40
f 49 48 41
f 42 49 41
f 51 50 43
f 44 51 43
f 52 51 44
f 45 52 44
f 53 52 45
f 46 53 45
f 54 53 46
f 47 54 46
f 55 54 47
f 48 55 47
f 56 55 48
f 49 56 48
f 58 57 50
f 51 58 50
f 59 58 51
f 52 59 51
f 60 59 52
f 53 60 52
f 61 60 53
f 54 61 53
f 62 61 54
f 55 62 54
f 63 62 55
f 56 63 55
f 65 64 57
f 58 65 57
f 66 65 58
f 59 66 58
f 67 66 59
f 60 67 59
f 68 67 60
f 61 68 60
f 69 68 61
f 62 69 61
f 70 69 62
f 63 70 62
f 79 78 71
f 72 79 71
f 80 79 72
f 73 80 72
f 81 80 73
f 74 81 73
f 82 81 74
f 75 82 74
f 83 82 75
f 76 83 75
f 84 83 76
f 77 84 76
f 86 85 78
f 79 86 78
f 87 86 79
f 80 87 79
f 88 87 80
f 81 88 80
f 89 88 81
f 82 89 81
f 90 89 82
f 83 90 82
f 91 90 83
f 84 91 83
f 93 92 85
f 86 93 85
f 94 93 86
f 87 94 86
f 95 94 87
f 88 95 87
f 96 95 88
f 89 96 88
f 97 96 89
f 90 97 89
f 98 97 90
f 91 98 90
f 100 99 92
f 93 100 92
f 101 100 93
f 94 101 93
f 102 101 94
f 95 102 94
f 103 102 95
f 96 103 95
f 104 103 96
f 97 104 96
f 105 104 97
f 98 105 97
f 107 106 99
f 100 107 99
f 108 107 100
f 101 108 100
f 109 108 101
f 102 109 101
f 110 109 102
f 103 110 102
f 111 110 103
f 104 111 103
f 112 111 104
f 105 112 104
f 114 113 106
f 107 114 106
f 115 114 107
f 108 115 107
f 116 115 108
f 109 116 108
f 117 116 109
f 110 117 109
f 118 117 110
f 111 118 110
f 119 118 111
f 112 119 111
f 121 120 113
f 114 121 113
f 122 121 114
f 115 122 114
f 123 122 115
f 116 123 115
f 124 123 116
f 117 124 116
f 125 124 117
f 118 125 117
f 126 125 118
f 119 126 118
f 128 127 120
f 121 128 120
f 129 128 121
f 122 129 121
f 130 129 122
f 123 130 122
f 131 130 123
f 124 131 123
f 132 131 124
f 125 132 124
f 133 132 125
f 126 133 125
f 135 134 127
f 128 135 127
f 136 135 128
f 129 136 128
f 137 136 129
f 130 137 129
f 138 137 130
f 131 138 130
f 139 138 131
f 132 139 131
f 140 139 132
f 133 140 132
f 149 148 141
f 142 149 141
f 150 149 142
f 143 150 142
f 151 150 143
f 144 151 143
f 152 151 144
f 145 152 144
f 153 152 145
f 146 153 145
f 154 153 146
f 147 154 146
f 156 155 148
f 149 156 148
f 157 156 149
f 150 157 149
f 158 157 150
f 151 158 150
f 159 158 151
f 152 159 151
f 160 159 152
f 153 160 152
f 161 160 153
f 154 161 153
f 163 162 155
f 156 163 155
f 164 163 156
f 157 164 156
f 165 164 157
f 158 165 157
f 166 165 158
f 159 166 158
f 167 166 159
f 160 167 159
f 168 167 160
f 161 168 160
f 170 169 162
f 163 170 162
f 171 170 163
f 164 171 163
f 172 171 164
f 165 172 164
f 173 172 165
f 166 173 165
f 174 173 166
f 167 174 166
f 175 174 167
f 168 175 167
f 177 176 169
f 170 177 169
f 178 177 170
f 171 178 170
f 179 178 171
f 172 179 171
f 180 179 172
f 173 180 172
f 181 180 173
f 174 181 173
f 182 181 174
f 175 182 174
f 184 183 176
f 177 184 176
f 185 184 177
f 178 185 177
f 186 185 178
f 179 186 178
f 187 186 179
f 180 187 179
f 188 187 180
f 181 188 180
f 189 188 181
f 182 189 181
f 191 190 183
f 184 191 183
f 192 191 184
f 185 192 184
f 193 192 185
f 186 193 185
f 194 193 186
f 187 194 186
f 195 194 187
f 188 195 187
f 196 195 188
f 189 196 188
f 198 197 190
f 191 198 190
f 199 198 191
f 192 199 191
f 200 199 192
f 193 200 192
f 201 200 193
f 194 201 193
f 202 201 194
f 195 202 194
f 203 202 195
f 196 203 195
f 205 204 197
f 198 205 197
f 206 205 198
f 199 206 198
f 207 206 199
f 200 207 199
f 208 207 200
f 201 208 200
f 209 208 201
f 202 209 201
f 210 209 202
f 203 210 202
f 219 218 211
f 212 219 211
f 220 219 212
f 213 220 212
f 221 220 213
f 214 221 213
f 222 221 214
f 215 222 214
f 223 222 215
f 216 223 215
f 224 223 216
f 217 224 216
f 226 225 218
f 219 226 218
f 227 226 219
f 220 227 219
f 228 227 220
f 221 228 220
f 229 228 221
f 222 229 221
f 230 229 222
f 223 230 222
f 231 230 223
f 224 231 223
f 233 232 225
f 226 233 225
f 234 233 226
f 227 234 226
f 235 234 227
f 228 235 227
f 236 235 228
f 229 236 228
f 237 236 229
f 230 237 229
f 238 237 230
f 231 238 230
f 240 239 232
f 233 240 232
f 241 240 233
f 234 241 233
f 242 241 234
f 235 242 234
f 243 242 235
f 236 243 235
f 244 243 236
f 237 244 236
f 245 244 237
f 238 245 237
f 247 246 239
f 240 247 239
f 248 247 240
f 241 248 240
f 249 248 241
f 242 249 241
f 250 249 242
f 243 250 242
f 251 250 243
f 244 251 243
f 252 251 244
f 245 252 244
f 254 253 246
f 247 254 246
f 255 254 247
f 248 255 247
f 256 255 248
f 249 256 248
f 257 256 249
f 250 257 249
f 258 257 250
f 251 258 250
f 259 258 251
f 252 259 251
f 261 260 253
f 254 261 253
f 262 261 254
f 255 262 254
f 263 262 255
f 256 263 255
f 264 263 256
f 257 264 256
f 265 264 257
f 258 265 257
f 266 265 258
f 259 266 258
f 268 267 260
f 261 268 260
f 269 268 261
f 262 269 261
f 270 269 262
f 263 270 262
f 271 270 263
f 264 271 263
f 272 271 264
f 265 272 264
f 273 272 265
f 266 273 265
f 275 274 267
f 268 275 267
f 276 275 268
f 269 276 268
f 277 276 269
f 270 277 269
f 278 277 270
f 271 278 270
f 279 278 271
f 272 279 271
f 280 279 272
f 273 280 272
f 289 288 281
f 282 289 281
f 290 289 282
f 283 290 282
f 291 290 283
f 284 291 283
f 292 291 284
f 285 292 284
f 293 292 285
f 286 293 285
f 294 293 286
f 287 294 286
f 296 295 288
f 289 296 288
f 297 296 289
f 290 297 289
f 298 297 290
f 291 298 290
f 299 298 291
f 292 299 291
f 300 299 292
f 293 300 292
f 301 300 293
f 294 301 293
f 303 302 295
f 296 303 295
f 304 303 296
f 297 304 296
f 305 304 297
f 298 305 297
f 306 305 298
f 299 306 298
f 307 306 299
f 300 307 299
f 308 307 300
f 301 308 300
f 310 309 302
f 303 310 302
f 311 310 303
f 304 311 303
f 312 311 304
f 305 312 304
f 313 312 305
f 306 313 305
f 314 313 306
f 307 314 306
f 315 314 307
f 308 315 307
f 317 316 309
f 310 317 309
f 318 317 310
f 311 318 310
f 319 318 311
f 312 319 311
f 320 319 312
f 313 320 312
f 321 320 313
f 314 321 313
f 322 321 314
f 315 322 314
f 324 323 316
f 317 324 316
f 325 324 317
f 318 325 317
f 326 325 318
f 319 326 318
f 327 326 319
f 320 327 319
f 328 327 320
f 321 328 320
f 329 328 321
f 322 329 321
f 331 330 323
f 324 331 323
f 332 331 324
f 325 332 324
f 333 332 325
f 326 333 325
f 334 333 326
f 327 334 326
f 335 334 327
f 328 335 327
f 336 335 328
f 329 336 328
f 338 337 330
f 331 338 330
f 339 338 331
f 332 339 331
f 340 339 332
f 333 340 332
f 341 340 333
f 334 341 333
f 342 341 334
f 335 342 334
f 343 342 335
f 336 343 335
f 345 344 337
f 338 345 337
f 346 345 338
f 339 346 338
f 347 346 339
f 340 347 339
f 348 347 340
f 341 348 340
f 349 348 341
f 342 349 341
f 350 349 342
f 343 350 342
f 359 358 351
f 352 359 351
f 360 359 352
f 353 360 352
f 361 360 353
f 354 361 353
f 362 361 354
f 355 362 354
f 363 362 355
f 356 363 355
f 364 363 356
f 357 364 356
f 366 365 358
f 359 366 358
f 367 366 359
f 360 367 359
f 368 367 360
f 361 368 360
f 369 368 361
f 362 369 361
f 370 369 362
f 363 370 362
f 371 370 363
f 364 371 363
f 373 372 365
f 366 373 365
f 374 373 366
f 367 374 366
f 375 374 367
f 368 375 367
f 376 375 368
f 369 376 368
f 377 376 369
f 370 377 369
f 378 377 370
f 371 378 370
f 380 379 372
f 373 380 372
f 381 380 373
f 374 381 373
f 382 381 374
f 375 382 374
f 383 382 375
f 376 383 375
f 384 383 376
f 377 384 376
f 385 384 377
f 378 385 377
f 387 386 379
f 380 387 379
f 388 387 380
f 381 388 380
f 389 388 381
f 382 389 381
f 390 389 382
f 383 390 382
f 391 390 383
f 384 391 383
f 392 391 384
f 385 392 384
f 394 393 386
f 387 394 386
f 395 394 387
f 388 395 387
f 396 395 388
f 389 396 388
f 397 396 389
f 390 397 389
f 398 397 390
f 391 398 390
f 399 398 391
f 392 399 391
f 401 400 393
f 394 401 393
f 402 401 394
f 395 402 394
f 403 402 395
f 396 403 395
f 404 403 396
f 397 404 396
f 405 404 397
f 398 405 397
f 406 405 398
f 399 406 398
f 408 407 400
f 401 408 400
f 409 408 401
f 402 409 401
f 410 409 402
f 403 410 402
f 411 410 403
f 404 411 403
f 412 411 404
f 405 412 404
f 413 412 405
f 406 413 405
f 415 414 407
f 408 415 407
f 416 415 408
f 409 416 408
f 417 416 409
f 410 417 409
f 418 417 410
f 411 418 410
f 419 418 411
f 412 419 411
f 420 419 412
f 413 420 412
f 429 428 421
f 422 429 421
f 430 429 422
f 423 430 422
f 431 430 423
f 424 431 423
f 432 431 424
f 425 432 424
f 433 432 425
f 426 433 425
f 434 433 426
f 427 434 426
f 436 435 428
f 429 436 428
f 437 436 429
f 430 437 429
f 438 437 430
f 431 438 430
f 439 438 431
f 432 439 431
f 440 439 432
f 433 440 432
f 441 440 433
f 434 441 433
f 443 442 435
f 436 443 435
f 444 443 436
f 437 444 436
f 445 444 437
f 438 445 437
f 446 445 438
f 439 446 438
f 447 446 439
f 440 447 439
f 448 447 440
f 441 448 440
f 450 449 442
f 443 450 442
f 451 450 443
f 444 451 443
f 452 451 444
f 445 452 444
f 453 452 445
f 446 453 445
f 454 453 446
f 447 454 446
f 455 454 447
f 448 455 447
f 457 456 449
f 450 457 449
f 458 457 450
f 451 458 450
f 459 458 451
f 452 459 451
f 460 459 452
f 453 460 452
f 461 460 453
f 454 461 453
f 462 461 454
f 455 462 454
f 464 463 456
f 457 464 456
f 465 464 457
f 458 465 457
f 466 465 458
f 459 466 458
f 467 466 459
f 460 467 459
f 468 467 460
f 461 468 460
f 469 468 461
f 462 469 461
f 471 470 463
f 464 471 463
f 472 471 464
f 465 472 464
f 473 472 465
f 466 473 465
f 474 473 466
f 467 474 466
f 475 474 467
f 468 475 467
f 476 475 468
f 469 476 468
f 478 477 470
f 471 478 470
f 479 478 471
f 472 479 471
f 480 479 472
f 473 480 472
f 481 480 473
f 474 481 473
f 482 481 474
f 475 482 474
f 483 482 475
f 476 483 475
f 485 484 477
f 478 485 477
f 486 485 478
f 479 486 478
f 487 486 479
f 480 487 479
f 488 487 480
f 481 488 480
f 489 488 481
f 482 489 481
f 490 489 482
f 483 490 482
f 499 498 491
f 492 499 491
f 500 499 492
f 493 500 492
f 501 500 493
f 494 501 493
f 502 501 494
f 495 502 494
f 503 502 495
f 496 503 495
f 504 503 496
f 497 504 496
f 506 505 498
f 499 506 498
f 507 506 499
f 500 507 499
f 508 507 500
f 501 508 500
f 509 508 501
f 502 509 501
f 510 509 502
f 503 510 502
f 511 510 503
f 504 511 503
f 513 512 505
f 506 513 505
f 514 513 506
f 507 514 506
f 515 514 507
f 508 515 507
f 516 515 508
f 509 516 508
f 517 516 509
f 510 517 509
f 518 517 510
f 511 518 510
f 520 519 512
f 513 520 512
f 521 520 513
f 514 521 513
f 522 521 514
f 515 522 514
f 523 522 515
f 516 523 515
f 524 523 516
f 517 524 516
f 525 524 517
f 518 525 517
f 527 526 519
f 520 527 519
f 528 527 520
f 521 528 520
f 529 528 521
f 522 529 521
f 530 529 522
f 523 530 522
f 531 530 523
f 524 531 523
f 532 531 524
f 525 532 524
f 534 533 526
f 527 534 526
f 535 534 527
f 528 535 527
f 536 535 528
f 529 536 528
f 537 536 529
f 530 537 529
f 538 537 530
f 531 538 530
f 539 538 531
f 532 539 531
f 541 540 533
f 534 541 533
f 542 541 534
f 535 542 534
f 543 542 535
f 536 543 535
f 544 543 536
f 537 544 536
f 545 544 537
f 538 545 537
f 546 545 538
f 539 546 538
f 548 547 540
f 541 548 540
f 549 548 541
f 542 549 541
f 550 549 542
f 543 550 542
f 551 550 543
f 544 551 543
f 552 551 544
f 545 552 544
f 553 552 545
f 546 553 545
f 555 554 547
f 548 555 547
f 556 555 548
f 549 556 548
f 557 556 549
f 550 557 549
f 558 557 550
f 551 558 550
f 559 558 551
f 552 559 551
f 560 559 552
f 553 560 552
f 569 568 561
f 562 569 561
f 570 569 562
f 563 570 562
f 571 570 563
f 564 571 563
f 572 571 564
f 565 572 564
f 573 572 565
f 566 573 565
f 574 573 566
f 567 574 566
f 576 575 568
f 569 576 568
f 577 576 569
f 570 577 569
f 578 577 570
f 571 578 570
f 579 578 571
f 572 579 571
f 580 579 572
f 573 580 572
f 581 580 573
f 574 581 573
f 583 582 575
f 576 583 575
f 584 583 576
f 577 584 576
f 585 584 577
f 578 585 577
f 586 585 578
f 579 586 578
f 587 586 579
f 580 587 579
f 588 587 580
f 581 588 580
f 590 589 582
f 583 590 582
f 591 590 583
f 584 591 583
f 592 591 584
f 585 592 584
f 593 592 585
f 586 593 585
f 594 593 586
f 587 594 586
f 595 594 587
f 588 595 587
f 597 596 589
f 590 597 589
f 598 597 590
f 591 598 590
f 599 598 591
f 592 599 591
f 600 599 592
f 593 600 592
f 601 600 593
f 594 601 593
f 602 601 594
f 595 602 594
f 604 603 596
f 597 604 596
f 605 604 597
f 598 605 597
f 606 605 598
f 599 606 598
f 607 606 599
f 600 607 599
f 608 607 600
f 601 608 600
f 609 608 601
f 602 609 601
f 611 610 603
f 604 611 603
f 612 611 604
f 605 612 604
f 613 612 605
f 606 613 605
f 614 613 606
f 607 614 606
f 615 614 607
f 608 615 607
f 616 615 608
f 609 616 608
f 618 617 610
f 611 618 610
f 619 618 611
f 612 619 611
f 620 619 612
f 613 620 612
f 621 620 613
f 614 621 613
f 622 621 614
f 615 622 614
f 623 622 615
f 616 623 615
f 625 624 617
f 618 625 617
f 626 625 618
f 619 626 618
f 627 626 619
f 620 627 619
f 628 627 620
f 621 628 620
f 629 628 621
f 622 629 621
f 630 629 622
f 623 630 622
f 639 638 631
f 632 639 631
f 640 639 632
f 633 640 632
f 641 640 633
f 634 641 633
f 642 641 634
f 635 642 634
f 643 642 635
f 636 643 635
f 644 643 636
f 637 644 636
f 646 645 638
f 639 646 638
f 647 646 639
f 640 647 639
f 648 647 640
f 641 648 640
f 649 648 641
f 642 649 641
f 650 649 642
f 643 650 642
f 651 650 643
f 644 651 643
f 653 652 645
f 646 653 645
f 654 653 646
f 647 654 646
f 655 654 647
f 648 655 647
f 656 655 648
f 649 656 648
f 657 656 649
f 650 657 649
f 658 657 650
f 651 658 650
f 660 659 652
f 653 660 652
f 661 660 653
f 654 661 653
f 662 661 654
f 655 662 654
f 663 662 655
f 656 663 655
f 664 663 656
f 657 664 656
f 665 664 657
f 658 665 657
f 667 666 659
f 660 667 659
f 668 667 660
f 661 668 660
f 669 668 661
f 662 669 661
f 670 669 662
f 663 670 662
f 671 670 663
f 664 671 663
f 672 671 664
f 665 672 664
f 674 673 666
f 667 674 666
f 675 674 667
f 668 675 667
f 676 675 668
f 669 676 668
f 677 676 669
f 670 677 669
f 678 677 670
f 671 678 670
f 679 678 671
f 672 679 671
f 681 680 673
f 674 681 673
f 682 681 674
f 675 682 674
f 683 682 675
f 676 683 675
f 684 683 676
f 677 684 676
f 685 684 677
f 678 685 677
f 686 685 678
f 679 686 678
f 688 687 680
f 681 688 680
f 689 688 681
f 682 689 681
f 690 689 682
f 683 690 682
f 691 690 683
f 684 691 683
f 692 691 684
f 685 692 684
f 693 692 685
f 686 693 685
f 695 694 687
f 688 695 687
f 696 695 688
f 689 696 688
f 697 696 689
f 690 697 689
f 698 697 690
f 691 698 690
f 699 698 691
f 692 699 691
f 700 699 692
f 693 700 692
f 709 708 701
f 702 709 701
f 710 709 702
f 703 710 702
f 711 710 703
f 704 711 703
f 712 711 704
f 705 712 704
f 713 712 705
f 706 713 705
f 714 713 706
f 707 714 706
f 716 715 708
f 709 716 708
f 717 716 709
f 710 717 709
f 718 717 710
f 711 718 710
f 719 718 711
f 712 719 711
f 720 719 712
f 713 720 712
f 721 720 713
f 714 721 713
f 723 722 715
f 716 723 715
f 724 723 716
f 717 724 716
f 725 724 717
f 718 725 717
f 726 725 718
f 719 726 718
f 727 726 719
f 720 727 719
f 728 727 720
f 721 728 720
f 730 729 722
f 723 730 722
f 731 730 723
f 724 731 723
f 732 731 724
f 725 732 724
f 733 732 725
f 726 733 725
f 734 733 726
f 727 734 726
f 735 734 727
f 728 735 727
f 737 736 729
f 730 737 729
f 738 737 730
f 731 738 730
f 739 738 731
f 732 739 731
f 740 739 732
f 733 740 732
f 741 740 733
f 734 741 733
f 742 741 734
f 735 742 734
f 744 743 736
f 737 744 736
f 745 744 737
f 738 745 737
f 746 745 738
f 739 746 738
f 747 746 739
f 740 747 739
f 748 747 740
f 741 748 740
f 749 748 741
f 742 749 741
f 751 750 743
f 744 751 743
f 752 751 744
f 745 752 744
f 753 752 745
f 746 753 745
f 754 753 746
f 747 754 746
f 755 754 747
f 748 755 747
f 756 755 748
f 749 756 748
f 758 757 750
f 751 758 750
f 759 758 751
f 752 759 751
f 760 759 752
f 753 760 752
f 761 760 753
f 754 761 753
f 762 761 754
f 755 762 754
f 763 762 755
f 756 763 755
f 765 764 757
f 758 765 757
f 766 765 758
f 759 766 758
f 767 766 759
f 760 767 759
f 768 767 760
f 761 768 760
f 769 768 761
f 762 769 761
f 770 769 762
f 763 770 762
f 779 778 771
f 772 779 771
f 780 779 772
f 773 780 772
f 781 780 773
f 774 781 773
f 782 781 774
f 775 782 774
f 783 782 775
f 776 783 775
f 784 783 776
f 777 784 776
f 786 785 778
f 779 786 778
f 787 786 779
f 780 787 779
f 788 787 780
f 781 788 780
f 789 788 781
f 782 789 781
f 790 789 782
f 783 790 782
f 791 790 783
f 784 791 783
f 793 792 785
f 786 793 785
f 794 793 786
f 787 794 786
f 795 794 787
f 788 795 787
f 796 795 788
f 789 796 788
f 797 796 789
f 790 797 789
f 798 797 790
f 791 798 790
f 800 799 792
f 793 800 792
f 801 800 793
f 794 801 793
f 802 801 794
f 795 802 794
f 803 802 795
f 796 803 795
f 804 803 796
f 797 804 796
f 805 804 797
f 798 805 797
f 807 806 799
f 800 807 799
f 808 807 800
f 801 808 800
f 809 808 801
f 802 809 801
f 810 809 802
f 803 810 802
f 811 810 803
f 804 811 803
f 812 811 804
f 805 812 804
f 814 813 806
f 807 814 806
f 815 814 807
f 808 815 807
f 816 815 808
f 809 816 808
f 817 816 809
f 810 817 809
f 818 817 810
f 811 818 810
f 819 818 811
f 812 819 811
f 821 820 813
f 814 821 813
f 822 821 814
f 815 822 814
f 823 822 815
f 816 823 815
f 824 823 816
f 817 824 816
f 825 824 817
f 818 825 817
f 826 825 818
f 819 826 818
f 828 827 820
f 821 828 820
f 829 828 821
f 822 829 821
f 830 829 822
f 823 830 822
f 831 830 823
f 824 831 823
f 832 831 824
f 825 832 824
f 833 832 825
f 826 833 825
f 835 834 827
f 828 835 827
f 836 835 828
f 829 836 828
f 837 836 829
f 830 837 829
f 838 837 830
f 831 838 830
f 839 838 831
f 832 839 831
f 840 839 832
f 833 840 832
f 849 848 841
f 842 849 841
f 850 849 842
f 843 850 842
f 851 850 843
f 844 851 843
f 852 851 844
f 845 852 844
f 853 852 845
f 846 853 845
f 854 853 846
f 847 854 846
f 856 855 848
f 849 856 848
f 857 856 849
f 850 857 849
f 858 857 850
f 851 858 850
f 859 858 851
f 852 859 851
f 860 859 852
f 853 860 852
f 861 860 853
f 854 861 853
f 863 862 855
f 856 863 855
f 864 863 856
f 857 864 856
f 865 864 857
f 858 865 857
f 866 865 858
f 859 866 858
f 867 866 859
f 860 867 859
f 868 867 860
f 861 868 860
f 870 869 862
f 863 870 862
f 871 870 863
f 864 871 863
f 872 871 864
f 865 872 864
f 873 872 865
f 866 873 865
f 874 873 866
f 867 874 866
f 875 874 867
f 868 875 867
f 877 876 869
f 870 877 869
f 878 877 870
f 871 878 870
f 879 878 871
f 872 879 871
f 880 879 872
f 873 880 872
f 881 880 873
f 874 881 873
f 882 881 874
f 875 882 874
f 884 883 876
f 877 884 876
f 885 884 877
f 878 885 877
f 886 885 878
f 879 886 878
f 887 886 879
f 880 887 879
f 888 887 880
f 881 888 880
f 889 888 881
f 882 889 881
f 891 890 883
f 884 891 883
f 892 891 884
f 885 892 884
f 893 892 885
f 886 893 885
f 894 893 886
f 887 894 886
f 895 894 887
f 888 895 887
f 896 895 888
f 889 896 888
f 898 897 890
f 891 898 890
f 899 898 891
f 892 899 891
f 900 899 892
f 893 900 892
f 901 900 893
f 894 901 893
f 902 901 894
f 895 902 894
f 903 902 895
f 896 903 895
f 905 904 897
f 898 905 897
f 906 905 898
f 899 906 898
f 907 906 899
f 900 907 899
f 908 907 900
f 901 908 900
f 909 908 901
f 902 909 901
f 910 909 902
f 903 910 902
f 919 918 911
f 912 919 911
f 920 919 912
f 913 920 912
f 921 920 913
f 914 921 913
f 922 921 914
f 915 922 914
f 923 922 915
f 916 923 915
f 924 923 916
f 917 924 916
f 926 925 918
f 919 926 918
f 927 926 919
f 920 927 919
f 928 927 920
f 921 928 920
f 929 928 921
f 922 929 921
f 930 929 922
f 923 930 922
f 931 930 923
f 924 931 923
f 933 932 925
f 926 933 925
f 934 933 926
f 927 934 926
f 935 934 927
f 928 935 927
f 936 935 928
f 929 936 928
f 937 936 929
f 930 937 929
f 938 937 930
f 931 938 930
f 940 939 932
f 933 940 932
f 941 940 933
f 934 941 933
f 942 941 934
f 935 942 934
f 943 942 935
f 936 943 935
f 944 943 936
f 937 944 936
f 945 944 937
f 938 945 937
f 947 946 939
f 940 947 939
f 948 947 940
f 941 948 940
f 949 948 941
f 942 949 941
f 950 949 942
f 943 950 942
f 951 950 943
f 944 951 943
f 952 951 944
f 945 952 944
f 954 953 946
f 947 954 946
f 955 954 947
f 948 955 947
f 956 955 948
f 949 956 948
f 957 956 949
f 950 957 949
f 958 957 950
f 951 958 950
f 959 958 951
f 952 959 951
f 961 960 953
f 954 961 953
f 962 961 954
f 955 962 954
f 963 962 955
f 956 963 955
f 964 963 956
f 957 964 956
f 965 964 957
f 958 965 957
f 966 965 958
f 959 966 958
f 968 967 960
f 961 968 960
f 969 968 961
f 962 969 961
f 970 969 962
f 963 970 962
f 971 970 963
f 964 971 963
f 972 971 964
f 965 972 964
f 973 972 965
f 966 973 965
f 975 974 967
f 968 975 967
f 976 975 968
f 969 976 968
f 977 976 969
f 970 977 969
f 978 977 970
f 971 978 970
f 979 978 971
f 972 979 971
f 980 979 972
f 973 980 972
f 989 988 981
f 982 989 981
f 990 989 982
f 983 990 982
f 991 990 983
f 984 991 983
f 992 991 984
f 985 992 984
f 993 992 985
f 986 993 985
f 994 993 986
f 987 994 986
f 996 995 988
f 989 996 988
f 997 996 989
f 990 997 989
f 998 997 990
f 991 998 990
f 999 998 991
f 992 999 991
f 1000 999 992
f 993 1000 992
f 1001 1000 993
f 994 1001 993
f 1003 1002 995
f 996 1003 995
f 1004 1003 996
f 997 1004 996
f 1005 1004 997
f 998 1005 997
f 1006 1005 998
f 999 1006 998
f 1007 1006 999
f 1000 1007 999
f 1008 1007 1000
f 1001 1008 1000
f 1010 1009 1002
f 1003 1010 1002
f 1011 1010 1003
f 1004 1011 1003
f 1012 1011 1004
f 1005 1012 1004
f 1013 1012 1005
f 1006 1013 1005
f 1014 1013 1006
f 1007 1014 1006
f 1015 1014 1007
f 1008 1015 1007
f 1017 1016 1009
f 1010 1017 1009
f 1018 1017 1010
f 1011 1018 1010
f 1019 1018 1011
f 1012 1019 1011
f 1020 1019 1012
f 1013 1020 1012
f 1021 1020 1013
f 1014 1021 1013
f 1022 1021 1014
f 1015 1022 1014
f 1024 1023 1016
f 1017 1024 1016
f 1025 1024 1017
f 1018 1025 1017
f 1026 1025 1018
f 1019 1026 1018
f 1027 1026 1019
f 1020 1027 1019
f 1028 1027 1020
f 1021 1028 1020
f 1029 1028 1021
f 1022 1029 1021
f 1031 1030 1023
f 1024 1031 1023
f 1032 1031 1024
f 1025 1032 1024
f 1033 1032 1025
f 1026 1033 1025
f 1034 1033 1026
f 1027 1034 1026
f 1035 1034 1027
f 1028 1035 1027
f 1036 1035 1028
f 1029 1036 1028
f 1038 1037 1030
f 1031 1038 1030
f 1039 1038 1031
f 1032 1039 1031
f 1040 1039 1032
f 1033 1040 1032
f 1041 1040 1033
f 1034 1041 1033
f 1042 1041 1034
f 1035 1042 1034
f 1043 1042 1035
f 1036 1043 1035
f 1045 1044 1037
f 1038 1045 1037
f 1046 1045 1038
f 1039 1046 1038
f 1047 1046 1039
f 1040 1047 1039
f 1048 1047 1040
f 1041 1048 1040
f 1049 1048 1041
f 1042 1049 1041
f 1050 1049 1042
f 1043 1050 1042
f 1059 1058 1051
f 1052 1059 1051
f 1060 1059 1052
f 1053 1060 1052
f 1061 1060 1053
f 1054 1061 1053
f 1062 1061 1054
f 1055 1062 1054
f 1063 1062 1055
f 1056 1063 1055
f 1064 1063 1056
f 1057 1064 1056
f 1066 1065 1058
f 1059 1066 1058
f 1067 1066 1059
f 1060 1067 1059
f 1068 1067 1060
f 1061 1068 1060
f 1069 1068 1061
f 1062 1069 1061
f 1070 1069 1062
f 1063 1070 1062
f 1071 1070 1063
f 1064 1071 1063
f 1073 1072 1065
f 1066 1073 1065
f 1074 1073 1066
f 1067 1074 1066
f 1075 1074 1067
f 1068 1075 1067
f 1076 1075 1068
f 1069 1076 1068
f 1077 1076 1069
f 1070 1077 1069
f 1078 1077 1070
f 1071 1078 1070
f 1080 1079 1072
f 1073 1080 1072
f 1081 1080 1073
f 1074 1081 1073
f 1082 1081 1074
f 1075 1082 1074
f 1083 1082 1075
f 1076 1083 1075
f 1084 1083 1076
f 1077 1084 1076
f 1085 1084 1077
f 1078 1085 1077
f 1087 1086 1079
f 1080 1087 1079
f 1088 1087 1080
f 1081 1088 1080
f 1089 1088 1081
f 1082 1089 1081
f 1090 1089 1082
f 1083 1090 1082
f 1091 1090 1083
f 1084 1091 1083
f 1092 1091 1084
f 1085 1092 1084
f 1094 1093 1086
f 1087 1094 1086
f 1095 1094 1087
f 1088 1095 1087
f 1096 1095 1088
f 1089 1096 1088
f 1097 1096 1089
f 1090 1097 1089
f 1098 1097 1090
f 1091 1098 1090
f 1099 1098 1091
f 1092 1099 1091
f 1101 1100 1093
f 1094 1101 1093
f 1102 1101 1094
f 1095 1102 1094
f 1103 1102 1095
f 1096 1103 1095
f 1104 1103 1096
f 1097 1104 1096
f 1105 1104 1097
f 1098 1105 1097
f 1106 1105 1098
f 1099 1106 1098
f 1108 1107 1100
f 1101 1108 1100
f 1109 1108 1101
f 1102 1109 1101
f 1110 1109 1102
f 1103 1110 1102
f 1111 1110 1103
f 1104 1111 1103
f 1112 1111 1104
f 1105 1112 1104
f 1113 1112 1105
f 1106 1113 1105
f 1115 1114 1107
f 1108 1115 1107
f 1116 1115 1108
f 1109 1116 1108
f 1117 1116 1109
f 1110 1117 1109
f 1118 1117 1110
f 1111 1118 1110
f 1119 1118 1111
f 1112 1119 1111
f 1120 1119 1112
f 1113 1120 1112
f 1129 1128 1121
f 1122 1129 1121
f 1130 1129 1122
f 1123 1130 1122
f 1131 1130 1123
f 1124 1131 1123
f 1132 1131 1124
f 1125 1132 1124
f 1133 1132 1125
f 1126 1133 1125
f 1134 1133 1126
f 1127 1134 1126
f 1136 1135 1128
f 1129 1136 1128
f 1137 1136 1129
f 1130 1137 1129
f 1138 1137 1130
f 1131 1138 1130
f 1139 1138 1131
f 1132 1139 1131
f 1140 1139 1132
f 1133 1140 1132
f 1141 1140 1133
f 1134 1141 1133
f 1143 1142 1135
f 1136 1143 1135
f 1144 1143 1136
f 1137 1144 1136
f 1145 1144 1137
f 1138 1145 1137
f 1146 1145 1138
f 1139 1146 1138
f 1147 1146 1139
f 1140 1147 1139
f 1148 1147 1140
f 1141 1148 1140
f 1150 1149 1142
f 1143 1150 1142
f 1151 1150 1143
f 1144 1151 1143
f 1152 1151 1144
f 1145 1152 1144
f 1153 1152 1145
f 1146 1153 1145
f 1154 1153 1146
f 1147 1154 1146
f 1155 1154 1147
f 1148 1155 1147
f 1157 1156 1149
f 1150 1157 1149
f 1158 1157 1150
f 1151 1158 1150
f 1159 1158 1151
f 1152 1159 1151
f 1160 1159 1152
f 1153 1160 1152
f 1161 1160 1153
f 1154 1161 1153
f 1162 1161 1154
f 1155 1162 1154
f 1164 1163 1156
f 1157 1164 1156
f 1165 1164 1157
f 1158 1165 1157
f 1166 1165 1158
f 1159 1166 1158
f 1167 1166 1159
f 1160 1167 1159
f 1168 1167 1160
f 1161 1168 1160
f 1169 1168 1161
f 1162 1169 1161
f 1171 1170 1163
f 1164 1171 1163
f 1172 1171 1164
f 1165 1172 1164
f 1173 1172 1165
f 1166 1173 1165
f 1174 1173 1166
f 1167 1174 1166
f 1175 1174 1167
f 1168 1175 1167
f 1176 1175 1168
f 1169 1176 1168
f 1178 1177 1170
f 1171 1178 1170
f 1179 1178 1171
f 1172 1179 1171
f 1180 1179 1172
f 1173 1180 1172
f 1181 1180 1173
f 1174 1181 1173
f 1182 1181 1174
f 1175 1182 1174
f 1183 1182 1175
f 1176 1183 1175
f 1185 1184 1177
f 1178 1185 1177
f 1186 1185 1178
f 1179 1186 1178
f 1187 1186 1179
f 1180 1187 1179
f 1188 1187 1180
f 1181 1188 1180
f 1189 1188 1181
f 1182 1189 1181
f 1190 1189 1182
f 1183 1190 1182
f 1199 1198 1191
f 1192 1199 1191
f 1200 1199 1192
f 1193 1200 1192
f 1201 1200 1193
f 1194 1201 1193
f 1202 1201 1194
f 1195 1202 1194
f 1203 1202 1195
f 1196 1203 1195
f 1204 1203 1196
f 1197 1204 1196
f 1206 1205 1198
f 1199 1206 1198
f 1207 1206 1199
f 1200 1207 1199
f 1208 1207 1200
f 1201 1208 1200
f 1209 1208 1201
f 1202 1209 1201
f 1210 1209 1202
f 1203 1210 1202
f 1211 1210 1203
f 1204 1211 1203
f 1213 1212 1205
f 1206 1213 1205
f 1214 1213 1206
f 1207 1214 1206
f 1215 1214 1207
f 1208 1215 1207
f 1216 1215 1208
f 1209 1216 1208
f 1217 1216 1209
f 1210 1217 1209
f 1218 1217 1210
f 1211 1218 1210
f 1220 1219 1212
f 1213 1220 1212
f 1221 1220 1213
f 1214 1221 1213
f 1222 1221 1214
f 1215 1222 1214
f 1223 1222 1215
f 1216 1223 1215
f 1224 1223 1216
f 1217 1224 1216
f 1225 1224 1217
f 1218 1225 1217
f 1227 1226 1219
f 1220 1227 1219
f 1228 1227 1220
f 1221 1228 1220
f 1229 1228 1221
f 1222 1229 1221
f 1230 1229 1222
f 1223 1230 1222
f 1231 1230 1223
f 1224 1231 1223
f 1232 1231 1224
f 1225 1232 1224
f 1234 1233 1226
f 1227 1234 1226
f 1235 1234 1227
f 1228 1235 1227
f 1236 1235 1228
f 1229 1236 1228
f 1237 1236 1229
f 1230 1237 1229
f 1238 1237 1230
f 1231 1238 1230
f 1239 1238 1231
f 1232 1239 1231
f 1241 1240 1233
f 1234 1241 1233
f 1242 1241 1234
f 1235 1242 1234
f 1243 1242 1235
f 1236 1243 1235
f 1244 1243 1236
f 1237 1244 1236
f 1245 1244 1237
f 1238 1245 1237
f 1246 1245 1238
f 1239 1246 1238
f 1248 1247 1240
f 1241 1248 1240
f 1249 1248 1241
f 1242 1249 1241
f 1250 1249 1242
f 1243 1250 1242
f 1251 1250 1243
f 1244 1251 1243
f 1252 1251 1244
f 1245 1252 1244
f 1253 1252 1245
f 1246 1253 1245
f 1255 1254 1247
f 1248 1255 1247
f 1256 1255 1248
f 1249 1256 1248
f 1257 1256 1249
f 1250 1257 1249
f 1258 1257 1250
f 1251 1258 1250
f 1259 1258 1251
f 1252 1259 1251
f 1260 1259 1252
f 1253 1260 1252
f 1269 1268 1261
f 1262 1269 1261
f 1270 1269 1262
f 1263 1270 1262
f 1271 1270 1263
f 1264 1271 1263
f 1272 1271 1264
f 1265 1272 1264
f 1273 1272 1265
f 1266 1273 1265
f 1274 1273 1266
f 1267 1274 1266
f 1276 1275 1268
f 1269 1276 1268
f 1277 1276 1269
f 1270 1277 1269
f 1278 1277 1270
f 1271 1278 1270
f 1279 1278 1271
f 1272 1279 1271
f 1280 1279 1272
f 1273 1280 1272
f 1281 1280 1273
f 1274 1281 1273
f 1283 1282 1275
f 1276 1283 1275
f 1284 1283 1276
f 1277 1284 1276
f 1285 1284 1277
f 1278 1285 1277
f 1286 1285 1278
f 1279 1286 1278
f 1287 1286 1279
f 1280 1287 1279
f 1288 1287 1280
f 1281 1288 1280
f 1290 1289 1282
f 1283 1290 1282
f 1291 1290 1283
f 1284 1291 1283
f 1292 1291 1284
f 1285 1292 1284
f 1293 1292 1285
f 1286 1293 1285
f 1294 1293 1286
f 1287 1294 1286
f 1295 1294 1287
f 1288 1295 1287
f 1297 1296 1289
f 1290 1297 1289
f 1298 1297 1290
f 1291 1298 1290
f 1299 1298 1291
f 1292 1299 1291
f 1300 1299 1292
f 1293 1300 1292
f 1301 1300 1293
f 1294 1301 1293
f 1302 1301 1294
f 1295 1302 1294
f 1304 1303 1296
f 1297 1304 1296
f 1305 1304 1297
f 1298 1305 1297
f 1306 1305 1298
f 1299 1306 1298
f 1307 1306 1299
f 1300 1307 1299
f 1308 1307 1300
f 1301 1308 1300
f 1309 1308 1301
f 1302 1309 1301
f 1311 1310 1303
f 1304 1311 1303
f 1312 1311 1304
f 1305 1312 1304
f 1313 1312 1305
f 1306 1313 1305
f 1314 1313 1306
f 1307 1314 1306
f 1315 1314 1307
f 1308 1315 1307
f 1316 1315 1308
f 1309 1316 1308
f 1318 1317 1310
f 1311 1318 1310
f 1319 1318 1311
f 1312 1319 1311
f 1320 1319 1312
f 1313 1320 1312
f 1321 1320 1313
f 1314 1321 1313
f 1322 1321 1314
f 1315 1322 1314
f 1323 1322 1315
f 1316 1323 1315
f 1325 1324 1317
f 1318 1325 1317
f 1326 1325 1318
f 1319 1326 1318
f 1327 1326 1319
f 1320 1327 1319
f 1328 1327 1320
f 1321 1328 1320
f 1329 1328 1321
f 1322 1329 1321
f 1330 1329 1322
f 1323 1330 1322
f 1339 1338 1331
f 1332 1339 1331
f 1340 1339 1332
f 1333 1340 1332
f 1341 1340 1333
f 1334 1341 1333
f 1342 1341 1334
f 1335 1342 1334
f 1343 1342 1335
f 1336 1343 1335
f 1344 1343 1336
f 1337 1344 1336
f 1346 1345 1338
f 1339 1346 1338
f 1347 1346 1339
f 1340 1347 1339
f 1348 1347 1340
f 1341 1348 1340
f 1349 1348 1341
f 1342 1349 1341
f 1350 1349 1342
f 1343 1350 1342
f 1351 1350 1343
f 1344 1351 1343
f 1353 1352 1345
f 1346 1353 1345
f 1354 1353 1346
f 1347 1354 1346
f 1355 1354 1347
f 1348 1355 1347
f 1356 1355 1348
f 1349 1356 1348
f 1357 1356 1349
f 1350 1357 1349
f 1358 1357 1350
f 1351 1358 1350
f 1360 1359 1352
f 1353 1360 1352
f 1361 1360 1353
f 1354 1361 1353
f 1362 1361 1354
f 1355 1362 1354
f 1363 1362 1355
f 1356 1363 1355
f 1364 1363 1356
f 1357 1364 1356
f 1365 1364 1357
f 1358 1365 1357
f 1367 1366 1359
f 1360 1367 1359
f 1368 1367 1360
f 1361 1368 1360
f 1369 1368 1361
f 1362 1369 1361
f 1370 1369 1362
f 1363 1370 1362
f 1371 1370 1363
f 1364 1371 1363
f 1372 1371 1364
f 1365 1372 1364
f 1374 1373 1366
f 1367 1374 1366
f 1375 1374 1367
f 1368 1375 1367
f 1376 1375 1368
f 1369 1376 1368
f 1377 1376 1369
f 1370 1377 1369
f 1378 1377 1370
f 1371 1378 1370
f 1379 1378 1371
f 1372 1379 1371
f 1381 1380 1373
f 1374 1381 1373
f 1382 1381 1374
f 1375 1382 1374
f 1383 1382 1375
f 1376 1383 1375
f 1384 1383 1376
f 1377 1384 1376
f 1385 1384 1377
f 1378 1385 1377
f 1386 1385 1378
f 1379 1386 1378
f 1388 1387 1380
f 1381 1388 1380
f 1389 1388 1381
f 1382 1389 1381
f 1390 1389 1382
f 1383 1390 1382
f 1391 1390 1383
f 1384 1391 1383
f 1392 1391 1384
f 1385 1392 1384
f 1393 1392 1385
f 1386 1393 1385
f 1395 1394 1387
f 1388 1395 1387
f 1396 1395 1388
f 1389 1396 1388
f 1397 1396 1389
f 1390 1397 1389
f 1398 1397 1390
f 1391 1398 1390
f 1399 1398 1391
f 1392 1399 1391
f 1400 1399 1392
f 1393 1400 1392
f 1409 1408 1401
f 1402 1409 1401
f 1410 1409 1402
f 1403 1410 1402
f 1411 1410 1403
f 1404 1411 1403
f 1412 1411 1404
f 1405 1412 1404
f 1413 1412 1405
f 1406 1413 1405
f 1414 1413 1406
f 1407 1414 1406
f 1416 1415 1408
f 1409 1416 1408
f 1417 1416 1409
f 1410 1417 1409
f 1418 1417 1410
f 1411 1418 1410
f 1419 1418 1411
f 1412 1419 1411
f 1420 1419 1412
f 1413 1420 1412
f 1421 1420 1413
f 1414 1421 1413
f 1423 1422 1415
f 1416 1423 1415
f 1424 1423 1416
f 1417 1424 1416
f 1425 1424 1417
f 1418 1425 1417
f 1426 1425 1418
f 1419 1426 1418
f 1427 1426 1419
f 1420 1427 1419
f 1428 1427 1420
f 1421 1428 1420
f 1430 1429 1422
f 1423 1430 1422
f 1431 1430 1423
f 1424 1431 1423
f 1432 1431 1424
f 1425 1432 1424
f 1433 1432 1425
f 1426 1433 1425
f 1434 1433 1426
f 1427 1434 1426
f 1435 1434 1427
f 1428 1435 1427
f 1437 1436 1429
f 1430 1437 1429
f 1438 1437 1430
f 1431 1438 1430
f 1439 1438 1431
f 1432 1439 1431
f 1440 1439 1432
f 1433 1440 1432
f 1441 1440 1433
f 1434 1441 1433
f 1442 1441 1434
f 1435 1442 1434
f 1444 1443 1436
f 1437 1444 1436
f 1445 1444 1437
f 1438 1445 1437
f 1446 1445 1438
f 1439 1446 1438
f 1447 1446 1439
f 1440 1447 1439
f 1448 1447 1440
f 1441 1448 1440
f 1449 1448 1441
f 1442 1449 1441
f 1451 1450 1443
f 1444 1451 1443
f 1452 1451 1444
f 1445 1452 1444
f 1453 1452 1445
f 1446 1453 1445
f 1454 1453 1446
f 1447 1454 1446
f 1455 1454 1447
f 1448 1455 1447
f 1456 1455 1448
f 1449 1456 1448
f 1458 1457 1450
f 1451 1458 1450
f 1459 1458 1451
f 1452 1459 1451
f 1460 1459 1452
f 1453 1460 1452
f 1461 1460 1453
f 1454 1461 1453
f 1462 1461 1454
f 1455 1462 1454
f 1463 1462 1455
f 1456 1463 1455
f 1465 1464 1457
f 1458 1465 1457
f 1466 1465 1458
f 1459 1466 1458
f 1467 1466 1459
f 1460 1467 1459
f 1468 1467 1460
f 1461 1468 1460
f 1469 1468 1461
f 1462 1469 1461
f 1470 1469 1462
f 1463 1470 1462
f 1479 1478 1471
f 1472 1479 1471
f 1480 1479 1472
f 1473 1480 1472
f 1481 1480 1473
f 1474 1481 1473
f 1482 1481 1474
f 1475 1482 1474
f 1483 1482 1475
f 1476 1483 1475
f 1484 1483 1476
f 1477 1484 1476
f 1486 1485 1478
f 1479 1486 1478
f 1487 1486 1479
f 1480 1487 1479
f 1488 1487 1480
f 1481 1488 1480
f 1489 1488 1481
f 1482 1489 1481
f 1490 1489 1482
f 1483 1490 1482
f 1491 1490 1483
f 1484 1491 1483
f 1493 1492 1485
f 1486 1493 1485
f 1494 1493 1486
f 1487 1494 1486
f 1495 1494 1487
f 1488 1495 1487
f 1496 1495 1488
f 1489 1496 1488
f 1497 1496 1489
f 1490 1497 1489
f 1498 1497 1490
f 1491 1498 1490
f 1500 1499 1492
f 1493 1500 1492
f 1501 1500 1493
f 1494 1501 1493
f 1502 1501 1494
f 1495 1502 1494
f 1503 1502 1495
f 1496 1503 1495
f 1504 1503 1496
f 1497 1504 1496
f 1505 1504 1497
f 1498 1505 1497
f 1507 1506 1499
f 1500 1507 1499
f 1508 1507 1500
f 1501 1508 1500
f 1509 1508 1501
f 1502 1509 1501
f 1510 1509 1502
f 1503 1510 1502
f 1511 1510 1503
f 1504 1511 1503
f 1512 1511 1504
f 1505 1512 1504
f 1514 1513 1506
f 1507 1514 1506
f 1515 1514 1507
f 1508 1515 1507
f 1516 1515 1508
f 1509 1516 1508
f 1517 1516 1509
f 1510 1517 1509
f 1518 1517 1510
f 1511 1518 1510
f 1519 1518 1511
f 1512 1519 1511
f 1521 1520 1513
f 1514 1521 1513
f 1522 1521 1514
f 1515 1522 1514
f 1523 1522 1515
f 1516 1523 1515
f 1524 1523 1516
f 1517 1524 1516
f 1525 1524 1517
f 1518 1525 1517
f 1526 1525 1518
f 1519 1526 1518
f 1528 1527 1520
f 1521 1528 1520
f 1529 1528 1521
f 1522 1529 1521
f 1530 1529 1522
f 1523 1530 1522
f 1531 1530 1523
f 1524 1531 1523
f 1532 1531 1524
f 1525 1532 1524
f 1533 1532 1525
f 1526 1533 1525
f 1535 1534 1527
f 1528 1535 1527
f 1536 1535 1528
f 1529 1536 1528
f 1537 1536 1529
f 1530 1537 1529
f 1538 1537 1530
f 1531 1538 1530
f 1539 1538 1531
f 1532 1539 1531
f 1540 1539 1532
f 1533 1540 1532
f 1549 1548 1541
f 1542 1549 1541
f 1550 1549 1542
f 1543 1550 1542
f 1551 1550 1543
f 1544 1551 1543
f 1552 1551 1544
f 1545 1552 1544
f 1553 1552 1545
f 1546 1553 1545
f 1554 1553 1546
f 1547 1554 1546
f 1556 1555 1548
f 1549 1556 1548
f 1557 1556 1549
f 1550 1557 1549
f 1558 1557 1550
f 1551 1558 1550
f 1559 1558 1551
f 1552 1559 1551
f 1560 1559 1552
f 1553 1560 1552
f 1561 1560 1553
f 1554 1561 1553
f 1563 1562 1555
f 1556 1563 1555
f 1564 1563 1556
f 1557 1564 1556
f 1565 1564 1557
f 1558 1565 1557
f 1566 1565 1558
f 1559 1566 1558
f 1567 1566 1559
f 1560 1567 1559
f 1568 1567 1560
f 1561 1568 1560
f 1570 1569 1562
f 1563 1570 1562
f 1571 1570 1563
f 1564 1571 1563
f 1572 1571 1564
f 1565 1572 1564
f 1573 1572 1565
f 1566 1573 1565
f 1574 1573 1566
f 1567 1574 1566
f 1575 1574 1567
f 1568 1575 1567
f 1577 1576 1569
f 1570 1577 1569
f 1578 1577 1570
f 1571 1578 1570
f 1579 1578 1571
f 1572 1579 1571
f 1580 1579 1572
f 1573 1580 1572
f 1581 1580 1573
f 1574 1581 1573
f 1582 1581 1574
f 1575 1582 1574
f 1584 1583 1576
f 1577 1584 1576
f 1585 1584 1577
f 1578 1585 1577
f 1586 1585 1578
f 1579 1586 1578
f 1587 1586 1579
f 1580 1587 1579
f 1588 1587 1580
f 1581 1588 1580
f 1589 1588 1581
f 1582 1589 1581
f 1591 1590 1583
f 1584 1591 1583
f 1592 1591 1584
f 1585 1592 1584
f 1593 1592 1585
f 1586 1593 1585
f 1594 1593 1586
f 1587 1594 1586
f 1595 1594 1587
f 1588 1595 1587
f 1596 1595 1588
f 1589 1596 1588
f 1598 1597 1590
f 1591 1598 1590
f 1599 1598 1591
f 1592 1599 1591
f 1600 1599 1592
f 1593 1600 1592
f 1601 1600 1593
f 1594 1601 1593
f 1602 1601 1594
f 1595 1602 1594
f 1603 1602 1595
f 1596 1603 1595
f 1605 1604 1597
f 1598 1605 1597
f 1606 1605 1598
f 1599 1606 1598
f 1607 1606 1599
f 1600 1607 1599
f 1608 1607 1600
f 1601 1608 1600
f 1609 1608 1601
f 1602 1609 1601
f 1610 1609 1602
f 1603 1610 1602
f 1619 1618 1611
f 1612 1619 1611
f 1620 1619 1612
f 1613 1620 1612
f 1621 1620 1613
f 1614 1621 1613
f 1622 1621 1614
f 1615 1622 1614
f 1623 1622 1615
f 1616 1623 1615
f 1624 1623 1616
f 1617 1624 1616
f 1626 1625 1618
f 1619 1626 1618
f 1627 1626 1619
f 1620 1627 1619
f 1628 1627 1620
f 1621 1628 1620
f 1629 1628 1621
f 1622 1629 1621
f 1630 1629 1622
f 1623 1630 1622
f 1631 1630 1623
f 1624 1631 1623
f 1633 1632 1625
f 1626 1633 1625
f 1634 1633 1626
f 1627 1634 1626
f 1635 1634 1627
f 1628 1635 1627
f 1636 1635 1628
f 1629 1636 1628
f 1637 1636 1629
f 1630 1637 1629
f 1638 1637 1630
f 1631 1638 1630
f 1640 1639 1632
f 1633 1640 1632
f 1641 1640 1633
f 1634 1641 1633
f 1642 1641 1634
f 1635 1642 1634
f 1643 1642 1635
f 1636 1643 1635
f 1644 1643 1636
f 1637 1644 1636
f 1645 1644 1637
f 1638 1645 1637
f 1647 1646 1639
f 1640 1647 1639
f 1648 1647 1640
f 1641 1648 1640
f 1649 1648 1641
f 1642 1649 1641
f 1650 1649 1642
f 1643 1650 1642
f 1651 1650 1643
f 1644 1651 1643
f 1652 1651 1644
f 1645 1652 1644
f 1654 1653 1646
f 1647 1654 1646
f 1655 1654 1647
f 1648 1655 1647
f 1656 1655 1648
f 1649 1656 1648
f 1657 1656 1649
f 1650 1657 1649
f 1658 1657 1650
f 1651 1658 1650
f 1659 1658 1651
f 1652 1659 1651
f 1661 1660 1653
f 1654 1661 1653
f 1662 1661 1654
f 1655 1662 1654
f 1663 1662 1655
f 1656 1663 1655
f 1664 1663 1656
f 1657 1664 1656
f 1665 1664 1657
f 1658 1665 1657
f 1666 1665 1658
f 1659 1666 1658
f 1668 1667 1660
f 1661 1668 1660
f 1669 1668 1661
f 1662 1669 1661
f 1670 1669 1662
f 1663 1670 1662
f 1671 1670 1663
f 1664 1671 1663
f 1672 1671 1664
f 1665 1672 1664
f 1673 1672 1665
f 1666 1673 1665
f 1675 1674 1667
f 1668 1675 1667
f 1676 1675 1668
f 1669 1676 1668
f 1677 1676 1669
f 1670 1677 1669
f 1678 1677 1670
f 1671 1678 1670
f 1679 1678 1671
f 1672 1679 1671
f 1680 1679 1672
f 1673 1680 1672
f 1689 1688 1681
f 1682 1689 1681
f 1690 1689 1682
f 1683 1690 1682
f 1691 1690 1683
f 1684 1691 1683
f 1692 1691 1684
f 1685 1692 1684
f 1693 1692 1685
f 1686 1693 1685
f 1694 1693 1686
f 1687 1694 1686
f 1696 1695 1688
f 1689 1696 1688
f 1697 1696 1689
f 1690 1697 1689
f 1698 1697 1690
f 1691 1698 1690
f 1699 1698 1691
f 1692 1699 1691
f 1700 1699 1692
f 1693 1700 1692
f 1701 1700 1693
f 1694 1701 1693
f 1703 1702 1695
f 1696 1703 1695
f 1704 1703 1696
f 1697 1704 1696
f 1705 1704 1697
f 1698 1705 1697
f 1706 1705 1698
f 1699 1706 1698
f 1707 1706 1699
f 1700 1707 1699
f 1708 1707 1700
f 1701 1708 1700
f 1710 1709 1702
f 1703 1710 1702
f 1711 1710 1703
f 1704 1711 1703
f 1712 1711 1704
f 1705 1712 1704
f 1713 1712 1705
f 1706 1713 1705
f 1714 1713 1706
f 1707 1714 1706
f 1715 1714 1707
f 1708 1715 1707
f 1717 1716 1709
f 1710 1717 1709
f 1718 1717 1710
f 1711 1718 1710
f 1719 1718 1711
f 1712 1719 1711
f 1720 1719 1712
f 1713 1720 1712
f 1721 1720 1713
f 1714 1721 1713
f 1722 1721 1714
f 1715 1722 1714
f 1724 1723 1716
f 1717 1724 1716
f 1725 1724 1717
f 1718 1725 1717
f 1726 1725 1718
f 1719 1726 1718
f 1727 1726 1719
f 1720 1727 1719
f 1728 1727 1720
f 1721 1728 1720
f 1729 1728 1721
f 1722 1729 1721
f 1731 1730 1723
f 1724 1731 1723
f 1732 1731 1724
f 1725 1732 1724
f 1733 1732 1725
f 1726 1733 1725
f 1734 1733 1726
f 1727 1734 1726
f 1735 1734 1727
f 1728 1735 1727
f 1736 1735 1728
f 1729 1736 1728
f 1738 1737 1730
f 1731 1738 1730
f 1739 1738 1731
f 1732 1739 1731
f 1740 1739 1732
f 1733 1740 1732
f 1741 1740 1733
f 1734 1741 1733
f 1742 1741 1734
f 1735 1742 1734
f 1743 1742 1735
f 1736 1743 1735
f 1745 1744 1737
f 1738 1745 1737
f 1746 1745 1738
f 1739 1746 1738
f 1747 1746 1739
f 1740 1747 1739
f 1748 1747 1740
f 1741 1748 1740
f 1749 1748 1741
f 1742 1749 1741
f 1750 1749 1742
f 1743 1750 1742
f 1759 1758 1751
f 1752 1759 1751
f 1760 1759 1752
f 1753 1760 1752
f 1761 1760 1753
f 1754 1761 1753
f 1762 1761 1754
f 1755 1762 1754
f 1763 1762 1755
f 1756 1763 1755
f 1764 1763 1756
f 1757 1764 1756
f 1766 1765 1758
f 1759 1766 1758
f 1767 1766 1759
f 1760 1767 1759
f 1768 1767 1760
f 1761 1768 1760
f 1769 1768 1761
f 1762 1769 1761
f 1770 1769 1762
f 1763 1770 1762
f 1771 1770 1763
f 1764 1771 1763
f 1773 1772 1765
f 1766 1773 1765
f 1774 1773 1766
f 1767 1774 1766
f 1775 1774 1767
f 1768 1775 1767
f 1776 1775 1768
f 1769 1776 1768
f 1777 1776 1769
f 1770 1777 1769
f 1778 1777 1770
f 1771 1778 1770
f 1780 1779 1772
f 1773 1780 1772
f 1781 1780 1773
f 1774 1781 1773
f 1782 1781 1774
f 1775 1782 1774
f 1783 1782 1775
f 1776 1783 1775
f 1784 1783 1776
f 1777 1784 1776
f 1785 1784 1777
f 1778 1785 1777
f 1787 1786 1779
f 1780 1787 1779
f 1788 1787 1780
f 1781 1788 1780
f 1789 1788 1781
f 1782 1789 1781
f 1790 1789 1782
f 1783 1790 1782
f 1791 1790 1783
f 1784 1791 1783
f 1792 1791 1784
f 1785 1792 1784
f 1794 1793 1786
f 1787 1794 1786
f 1795 1794 1787
f 1788 1795 1787
f 1796 1795 1788
f 1789 1796 1788
f 1797 1796 1789
f 1790 1797 1789
f 1798 1797 1790
f 1791 1798 1790
f 1799 1798 1791
f 1792 1799 1791
f 1801 1800 1793
f 1794 1801 1793
f 1802 1801 1794
f 1795 1802 1794
f 1803 1802 1795
f 1796 1803 1795
f 1804 1803 1796
f 1797 1804 1796
f 1805 1804 1797
f 1798 1805 1797
f 1806 1805 1798
f 1799 1806 1798
f 1808 1807 1800
f 1801 1808 1800
f 1809 1808 1801
f 1802 1809 1801
f 1810 1809 1802
f 1803 1810 1802
f 1811 1810 1803
f 1804 1811 1803
f 1812 1811 1804
f 1805 1812 1804
f 1813 1812 1805
f 1806 1813 1805
f 1815 1814 1807
f 1808 1815 1807
f 1816 1815 1808
f 1809 1816 1808
f 1817 1816 1809
f 1810 1817 1809
f 1818 1817 1810
f 1811 1818 1810
f 1819 1818 1811
f 1812 1819 1811
f 1820 1819 1812
f 1813 1820 1812
f 1829 1828 1821
f 1822 1829 1821
f 1830 1829 1822
f 1823 1830 1822
f 1831 1830 1823
f 1824 1831 1823
f 1832 1831 1824
f 1825 1832 1824
f 1833 1832 1825
f 1826 1833 1825
f 1834 1833 1826
f 1827 1834 1826
f 1836 1835 1828
f 1829 1836 1828
f 1837 1836 1829
f 1830 1837 1829
f 1838 1837 1830
f 1831 1838 1830
f 1839 1838 1831
f 1832 1839 1831
f 1840 1839 1832
f 1833 1840 1832
f 1841 1840 1833
f 1834 1841 1833
f 1843 1842 1835
f 1836 1843 1835
f 1844 1843 1836
f 1837 1844 1836
f 1845 1844 1837
f 1838 1845 1837
f 1846 1845 1838
f 1839 1846 1838
f 1847 1846 1839
f 1840 1847 1839
f 1848 1847 1840
f 1841 1848 1840
f 1850 1849 1842
f 1843 1850 1842
f 1851 1850 1843
f 1844 1851 1843
f 1852 1851 1844
f 1845 1852 1844
f 1853 1852 1845
f 1846 1853 1845
f 1854 1853 1846
f 1847 1854 1846
f 1855 1854 1847
f 1848 1855 1847
f 1857 1856 1849
f 1850 1857 1849
f 1858 1857 1850
f 1851 1858 1850
f 1859 1858 1851
f 1852 1859 1851
f 1860 1859 1852
f 1853 1860 1852
f 1861 1860 1853
f 1854 1861 1853
f 1862 1861 1854
f 1855 1862 1854
f 1864 1863 1856
f 1857 1864 1856
f 1865 1864 1857
f 1858 1865 1857
f 1866 1865 1858
f 1859 1866 1858
f 1867 1866 1859
f 1860 1867 1859
f 1868 1867 1860
f 1861 1868 1860
f 1869 1868 1861
f 1862 1869 1861
f 1871 1870 1863
f 1864 1871 1863
f 1872 1871 1864
f 1865 1872 1864
f 1873 1872 1865
f 1866 1873 1865
f 1874 1873 1866
f 1867 1874 1866
f 1875 1874 1867
f 1868 1875 1867
f 1876 1875 1868
f 1869 1876 1868
f 1878 1877 1870
f 1871 1878 1870
f 1879 1878 1871
f 1872 1879 1871
f 1880 1879 1872
f 1873 1880 1872
f 1881 1880 1873
f 1874 1881 1873
f 1882 1881 1874
f 1875 1882 1874
f 1883 1882 1875
f 1876 1883 1875
f 1885 1884 1877
f 1878 1885 1877
f 1886 1885 1878
f 1879 1886 1878
f 1887 1886 1879
f 1880 1887 1879
f 1888 1887 1880
f 1881 1888 1880
f 1889 1888 1881
f 1882 1889 1881
f 1890 1889 1882
f 1883 1890 1882
f 1899 1898 1891
f 1892 1899 1891
f 1900 1899 1892
f 1893 1900 1892
f 1901 1900 1893
f 1894 1901 1893
f 1902 1901 1894
f 1895 1902 1894
f 1903 1902 1895
f 1896 1903 1895
f 1904 1903 1896
f 1897 1904 1896
f 1906 1905 1898
f 1899 1906 1898
f 1907 1906 1899
f 1900 1907 1899
f 1908 1907 1900
f 1901 1908 1900
f 1909 1908 1901
f 1902 1909 1901
f 1910 1909 1902
f 1903 1910 1902
f 1911 1910 1903
f 1904 1911 1903
f 1913 1912 1905
f 1906 1913 1905
f 1914 1913 1906
f 1907 1914 1906
f 1915 1914 1907
f 1908 1915 1907
f 1916 1915 1908
f 1909 1916 1908
f 1917 1916 1909
f 1910 1917 1909
f 1918 1917 1910
f 1911 1918 1910
f 1920 1919 1912
f 1913 1920 1912
f 1921 1920 1913
f 1914 1921 1913
f 1922 1921 1914
f 1915 1922 1914
f 1923 1922 1915
f 1916 1923 1915
f 1924 1923 1916
f 1917 1924 1916
f 1925 1924 1917
f 1918 1925 1917
f 1927 1926 1919
f 1920 1927 1919
f 1928 1927 1920
f 1921 1928 1920
f 1929 1928 1921
f 1922 1929 1921
f 1930 1929 1922
f 1923 1930 1922
f 1931 1930 1923
f 1924 1931 1923
f 1932 1931 1924
f 1925 1932 1924
f 1934 1933 1926
f 1927 1934 1926
f 1935 1934 1927
f 1928 1935 1927
f 1936 1935 1928
f 1929 1936 1928
f 1937 1936 1929
f 1930 1937 1929
f 1938 1937 1930
f 1931 1938 1930
f 1939 1938 1931
f 1932 1939 1931
f 1941 1940 1933
f 1934 1941 1933
f 1942 1941 1934
f 1935 1942 1934
f 1943 1942 1935
f 1936 1943 1935
f 1944 1943 1936
f 1937 1944 1936
f 1945 1944 1937
f 1938 1945 1937
f 1946 1945 1938
f 1939 1946 1938
f 1948 1947 1940
f 1941 1948 1940
f 1949 1948 1941
f 1942 1949 1941
f 1950 1949 1942
f 1943 1950 1942
f 1951 1950 1943
f 1944 1951 1943
f 1952 1951 1944
f 1945 1952 1944
f 1953 1952 1945
f 1946 1953 1945
f 1955 1954 1947
f 1948 1955 1947
f 1956 1955 1948
f 1949 1956 1948
f 1957 1956 1949
f 1950 1957 1949
f 1958 1957 1950
f 1951 1958 1950
f 1959 1958 1951
f 1952 1959 1951
f 1960 1959 1952
f 1953 1960 1952
f 1969 1968 1961
f 1962 1969 1961
f 1970 1969 1962
f 1963 1970 1962
f 1971 1970 1963
f 1964 1971 1963
f 1972 1971 1964
f 1965 1972 1964
f 1973 1972 1965
f 1966 1973 1965
f 1974 1973 1966
f 1967 1974 1966
f 1976 1975 1968
f 1969 1976 1968
f 1977 1976 1969
f 1970 1977 1969
f 1978 1977 1970
f 1971 1978 1970
f 1979 1978 1971
f 1972 1979 1971
f 1980 1979 1972
f 1973 1980 1972
f 1981 1980 1973
f 1974 1981 1973
f 1983 1982 1975
f 1976 1983 1975
f 1984 1983 1976
f 1977 1984 1976
f 1985 1984 1977
f 1978 1985 1977
f 1986 1985 1978
f 1979 1986 1978
f 1987 1986 1979
f 1980 1987 1979
f 1988 1987 1980
f 1981 1988 1980
f 1990 1989 1982
f 1983 1990 1982
f 1991 1990 1983
f 1984 1991 1983
f 1992 1991 1984
f 1985 1992 1984
f 1993 1992 1985
f 1986 1993 1985
f 1994 1993 1986
f 1987 1994 1986
f 1995 1994 1987
f 1988 1995 1987
f 1997 1996 1989
f 1990 1997 1989
f 1998 1997 1990
f 1991 1998 1990
f 1999 1998 1991
f 1992 1999 1991
f 2000 1999 1992
f 1993 2000 1992
f 2001 2000 1993
f 1994 2001 1993
f 2002 2001 1994
f 1995 2002 1994
f 2004 2003 1996
f 1997 2004 1996
f 2005 2004 1997
f 1998 2005 1997
f 2006 2005 1998
f 1999 2006 1998
f 2007 2006 1999
f 2000 2007 1999
f 2008 2007 2000
f 2001 2008 2000
f 2009 2008 2001
f 2002 2009 2001
f 2011 2010 2003
f 2004 2011 2003
f 2012 2011 2004
f 2005 2012 2004
f 2013 2012 2005
f 2006 2013 2005
f 2014 2013 2006
f 2007 2014 2006
f 2015 2014 2007
f 2008 2015 2007
f 2016 2015 2008
f 2009 2016 2008
f 2018 2017 2010
f 2011 2018 2010
f 2019 2018 2011
f 2012 2019 2011
f 2020 2019 2012
f 2013 2020 2012
f 2021 2020 2013
f 2014 2021 2013
f 2022 2021 2014
f 2015 2022 2014
f 2023 2022 2015
f 2016 2023 2015
f 2025 2024 2017
f 2018 2025 2017
f 2026 2025 2018
f 2019 2026 2018
f 2027 2026 2019
f 2020 2027 2019
f 2028 2027 2020
f 2021 2028 2020
f 2029 2028 2021
f 2022 2029 2021
f 2030 2029 2022
f 2023 2030 2022
f 2039 2038 2031
f 2032 2039 2031
f 2040 2039 2032
f 2033 2040 2032
f 2041 2040 2033
f 2034 2041 2033
f 2042 2041 2034
f 2035 2042 2034
f 2043 2042 2035
f 2036 2043 2035
f 2044 2043 2036
f 2037 2044 2036
f 2046 2045 2038
f 2039 2046 2038
f 2047 2046 2039
f 2040 2047 2039
f 2048 2047 2040
f 2041 2048 2040
f 2049 2048 2041
f 2042 2049 2041
f 2050 2049 2042
f 2043 2050 2042
f 2051 2050 2043
f 2044 2051 2043
f 2053 2052 2045
f 2046 2053 2045
f 2054 2053 2046
f 2047 2054 2046
f 2055 2054 2047
f 2048 2055 2047
f 2056 2055 2048
f 2049 2056 2048
f 2057 2056 2049
f 2050 2057 2049
f 2058 2057 2050
f 2051 2058 2050
f 2060 2059 2052
f 2053 2060 2052
f 2061 2060 2053
f 2054 2061 2053
f 2062 2061 2054
f 2055 2062 2054
f 2063 2062 2055
f 2056 2063 2055
f 2064 2063 2056
f 2057 2064 2056
f 2065 2064 2057
f 2058 2065 2057
f 2067 2066 2059
f 2060 2067 2059
f 2068 2067 2060
f 2061 2068 2060
f 2069 2068 2061
f 2062 2069 2061
f 2070 2069 2062
f 2063 2070 2062
f 2071 2070 2063
f 2064 2071 2063
f 2072 2071 2064
f 2065 2072 2064
f 2074 2073 2066
f 2067 2074 2066
f 2075 2074 2067
f 2068 2075 2067
f 2076 2075 2068
f 2069 2076 2068
f 2077 2076 2069
f 2070 2077 2069
f 2078 2077 2070
f 2071 2078 2070
f 2079 2078 2071
f 2072 2079 2071
f 2081 2080 2073
f 2074 2081 2073
f 2082 2081 2074
f 2075 2082 2074
f 2083 2082 2075
f 2076 2083 2075
f 2084 2083 2076
f 2077 2084 2076
f 2085 2084 2077
f 2078 2085 2077
f 2086 2085 2078
f 2079 2086 2078
f 2088 2087 2080
f 2081 2088 2080
f 2089 2088 2081
f 2082 2089 2081
f 2090 2089 2082
f 2083 2090 2082
f 2091 2090 2083
f 2084 2091 2083
f 2092 2091 2084
f 2085 2092 2084
f 2093 2092 2085
f 2086 2093 2085
f 2095 2094 2087
f 2088 2095 2087
f 2096 2095 2088
f 2089 2096 2088
f 2097 2096 2089
f 2090 2097 2089
f 2098 2097 2090
f 2091 2098 2090
f 2099 2098 2091
f 2092 2099 2091
f 2100 2099 2092
f 2093 2100 2092
f 2109 2108 2101
f 2102 2109 2101
f 2110 2109 2102
f 2103 2110 2102
f 2111 2110 2103
f 2104 2111 2103
f 2112 2111 2104
f 2105 2112 2104
f 2113 2112 2105
f 2106 2113 2105
f 2114 2113 2106
f 2107 2114 2106
f 2116 2115 2108
f 2109 2116 2108
f 2117 2116 2109
f 2110 2117 2109
f 2118 2117 2110
f 2111 2118 2110
f 2119 2118 2111
f 2112 2119 2111
f 2120 2119 2112
f 2113 2120 2112
f 2121 2120 2113
f 2114 2121 2113
f 2123 2122 2115
f 2116 2123 2115
f 2124 2123 2116
f 2117 2124 2116
f 2125 2124 2117
f 2118 2125 2117
f 2126 2125 2118
f 2119 2126 2118
f 2127 2126 2119
f 2120 2127 2119
f 2128 2127 2120
f 2121 2128 2120
f 2130 2129 2122
f 2123 2130 2122
f 2131 2130 2123
f 2124 2131 2123
f 2132 2131 2124
f 2125 2132 2124
f 2133 2132 2125
f 2126 2133 2125
f 2134 2133 2126
f 2127 2134 2126
f 2135 2134 2127
f 2128 2135 2127
f 2137 2136 2129
f 2130 2137 2129
f 2138 2137 2130
f 2131 2138 2130
f 2139 2138 2131
f 2132 2139 2131
f 2140 2139 2132
f 2133 2140 2132
f 2141 2140 2133
f 2134 2141 2133
f 2142 2141 2134
f 2135 2142 2134
f 2144 2143 2136
f 2137 2144 2136
f 2145 2144 2137
f 2138 2145 2137
f 2146 2145 2138
f 2139 2146 2138
f 2147 2146 2139
f 2140 2147 2139
f 2148 2147 2140
f 2141 2148 2140
f 2149 2148 2141
f 2142 2149 2141
f 2151 2150 2143
f 2144 2151 2143
f 2152 2151 2144
f 2145 2152 2144
f 2153 2152 2145
f 2146 2153 2145
f 2154 2153 2146
f 2147 2154 2146
f 2155 2154 2147
f 2148 2155 2147
f 2156 2155 2148
f 2149 2156 2148
f 2158 2157 2150
f 2151 2158 2150
f 2159 2158 2151
f 2152 2159 2151
f 2160 2159 2152
f 2153 2160 2152
f 2161 2160 2153
f 2154 2161 2153
f 2162 2161 2154
f 2155 2162 2154
f 2163 2162 2155
f 2156 2163 2155
f 2165 2164 2157
f 2158 2165 2157
f 2166 2165 2158
f 2159 2166 2158
f 2167 2166 2159
f 2160 2167 2159
f 2168 2167 2160
f 2161 2168 2160
f 2169 2168 2161
f 2162 2169 2161
f 2170 2169 2162
f 2163 2170 2162
f 2179 2178 2171
f 2172 2179 2171
f 2180 2179 2172
f 2173 2180 2172
f 2181 2180 2173
f 2174 2181 2173
f 2182 2181 2174
f 2175 2182 2174
f 2183 2182 2175
f 2176 2183 2175
f 2184 2183 2176
f 2177 2184 2176
f 2186 2185 2178
f 2179 2186 2178
f 2187 2186 2179
f 2180 2187 2179
f 2188 2187 2180
f 2181 2188 2180
f 2189 2188 2181
f 2182 2189 2181
f 2190 2189 2182
f 2183 2190 2182
f 2191 2190 2183
f 2184 2191 2183
f 2193 2192 2185
f 2186 2193 2185
f 2194 2193 2186
f 2187 2194 2186
f 2195 2194 2187
f 2188 2195 2187
f 2196 2195 2188
f 2189 2196 2188
f 2197 2196 2189
f 2190 2197 2189
f 2198 2197 2190
f 2191 2198 2190
f 2200 2199 2192
f 2193 2200 2192
f 2201 2200 2193
f 2194 2201 2193
f 2202 2201 2194
f 2195 2202 2194
f 2203 2202 2195
f 2196 2203 2195
f 2204 2203 2196
f 2197 2204 2196
f 2205 2204 2197
f 2198 2205 2197
f 2207 2206 2199
f 2200 2207 2199
f 2208 2207 2200
f 2201 2208 2200
f 2209 2208 2201
f 2202 2209 2201
f 2210 2209 2202
f 2203 2210 2202
f 2211 2210 2203
f 2204 2211 2203
f 2212 2211 2204
f 2205 2212 2204
f 2214 2213 2206
f 2207 2214 2206
f 2215 2214 2207
f 2208 2215 2207
f 2216 2215 2208
f 2209 2216 2208
f 2217 2216 2209
f 2210 2217 2209
f 2218 2217 2210
f 2211 2218 2210
f 2219 2218 2211
f 2212 2219 2211
f 2221 2220 2213
f 2214 2221 2213
f 2222 2221 2214
f 2215 2222 2214
f 2223 2222 2215
f 2216 2223 2215
f 2224 2223 2216
f 2217 2224 2216
f 2225 2224 2217
f 2218 2225 2217
f 2226 2225 2218
f 2219 2226 2218
f 2228 2227 2220
f 2221 2228 2220
f 2229 2228 2221
f 2222 2229 2221
f 2230 2229 2222
f 2223 2230 2222
f 2231 2230 2223
f 2224 2231 2223
f 2232 2231 2224
f 2225 2232 2224
f 2233 2232 2225
f 2226 2233 2225
f 2235 2234 2227
f 2228 2235 2227
f 2236 2235 2228
f 2229 2236 2228
f 2237 2236 2229
f 2230 2237 2229
f 2238 2237 2230
f 2231 2238 2230
f 2239 2238 2231
f 2232 2239 2231
f 2240 2239 2232
f 2233 2240 2232
f 2249 2248 2241
f 2242 2249 2241
f 2250 2249 2242
f 2243 2250 2242
f 2251 2250 2243
f 2244 2251 2243
f 2252 2251 2244
f 2245 2252 2244
f 2253 2252 2245
f 2246 2253 2245
f 2254 2253 2246
f 2247 2254 2246
f 2256 2255 2248
f 2249 2256 2248
f 2257 2256 2249
f 2250 2257 2249
f 2258 2257 2250
f 2251 2258 2250
f 2259 2258 2251
f 2252 2259 2251
f 2260 2259 2252
f 2253 2260 2252
f 2261 2260 2253
f 2254 2261 2253
f 2263 2262 2255
f 2256 2263 2255
f 2264 2263 2256
f 2257 2264 2256
f 2265 2264 2257
f 2258 2265 2257
f 2266 2265 2258
f 2259 2266 2258
f 2267 2266 2259
f 2260 2267 2259
f 2268 2267 2260
f 2261 2268 2260
f 2270 2269 2262
f 2263 2270 2262
f 2271 2270 2263
f 2264 2271 2263
f 2272 2271 2264
f 2265 2272 2264
f 2273 2272 2265
f 2266 2273 2265
f 2274 2273 2266
f 2267 2274 2266
f 2275 2274 2267
f 2268 2275 2267
f 2277 2276 2269
f 2270 2277 2269
f 2278 2277 2270
f 2271 2278 2270
f 2279 2278 2271
f 2272 2279 2271
f 2280 2279 2272
f 2273 2280 2272
f 2281 2280 2273
f 2274 2281 2273
f 2282 2281 2274
f 2275 2282 2274
f 2284 2283 2276
f 2277 2284 2276
f 2285 2284 2277
f 2278 2285 2277
f 2286 2285 2278
f 2279 2286 2278
f 2287 2286 2279
f 2280 2287 2279
f 2288 2287 2280
f 2281 2288 2280
f 2289 2288 2281
f 2282 2289 2281
f 2291 2290 2283
f 2284 2291 2283
f 2292 2291 2284
f 2285 2292 2284
f 2293 2292 2285
f 2286 2293 2285
f 2294 2293 2286
f 2287 2294 2286
f 2295 2294 2287
f 2288 2295 2287
f 2296 2295 2288
f 2289 2296 2288
f 2298 2297 2290
f 2291 2298 2290
f 2299 2298 2291
f 2292 2299 2291
f 2300 2299 2292
f 2293 2300 2292
f 2301 2300 2293
f 2294 2301 2293
f 2302 2301 2294
f 2295 2302 2294
f 2303 2302 2295
f 2296 2303 2295
f 2305 2304 2297
f 2298 2305 2297
f 2306 2305 2298
f 2299 2306 2298
f 2307 2306 2299
f 2300 2307 2299
f 2308 2307 2300
f 2301 2308 2300
f 2309 2308 2301
f 2302 2309 2301
f 2310 2309 2302
f 2303 2310 2302
f 2319 2318 2311
f 2312 2319 2311
f 2320 2319 2312
f 2313 2320 2312
f 2321 2320 2313
f 2314 2321 2313
f 2322 2321 2314
f 2315 2322 2314
f 2323 2322 2315
f 2316 2323 2315
f 2324 2323 2316
f 2317 2324 2316
f 2326 2325 2318
f 2319 2326 2318
f 2327 2326 2319
f 2320 2327 2319
f 2328 2327 2320
f 2321 2328 2320
f 2329 2328 2321
f 2322 2329 2321
f 2330 2329 2322
f 2323 2330 2322
f 2331 2330 2323
f 2324 2331 2323
f 2333 2332 2325
f 2326 2333 2325
f 2334 2333 2326
f 2327 2334 2326
f 2335 2334 2327
f 2328 2335 2327
f 2336 2335 2328
f 2329 2336 2328
f 2337 2336 2329
f 2330 2337 2329
f 2338 2337 2330
f 2331 2338 2330
f 2340 2339 2332
f 2333 2340 2332
f 2341 2340 2333
f 2334 2341 2333
f 2342 2341 2334
f 2335 2342 2334
f 2343 2342 2335
f 2336 2343 2335
f 2344 2343 2336
f 2337 2344 2336
f 2345 2344 2337
f 2338 2345 2337
f 2347 2346 2339
f 2340 2347 2339
f 2348 2347 2340
f 2341 2348 2340
f 2349 2348 2341
f 2342 2349 2341
f 2350 2349 2342
f 2343 2350 2342
f 2351 2350 2343
f 2344 2351 2343
f 2352 2351 2344
f 2345 2352 2344
f 2354 2353 2346
f 2347 2354 2346
f 2355 2354 2347
f 2348 2355 2347
f 2356 2355 2348
f 2349 2356 2348
f 2357 2356 2349
f 2350 2357 2349
f 2358 2357 2350
f 2351 2358 2350
f 2359 2358 2351
f 2352 2359 2351
f 2361 2360 2353
f 2354 2361 2353
f 2362 2361 2354
f 2355 2362 2354
f 2363 2362 2355
f 2356 2363 2355
f 2364 2363 2356
f 2357 2364 2356
f 2365 2364 2357
f 2358 2365 2357
f 2366 2365 2358
f 2359 2366 2358
f 2368 2367 2360
f 2361 2368 2360
f 2369 2368 2361
f 2362 2369 2361
f 2370 2369 2362
f 2363 2370 2362
f 2371 2370 2363
f 2364 2371 2363
f 2372 2371 2364
f 2365 2372 2364
f 2373 2372 2365
f 2366 2373 2365
f 2375 2374 2367
f 2368 2375 2367
f 2376 2375 2368
f 2369 2376 2368
f 2377 2376 2369
f 2370 2377 2369
f 2378 2377 2370
f 2371 2378 2370
f 2379 2378 2371
f 2372 2379 2371
f 2380 2379 2372
f 2373 2380 2372
f 2389 2388 2381
f 2382 2389 2381
f 2390 2389 2382
f 2383 2390 2382
f 2391 2390 2383
f 2384 2391 2383
f 2392 2391 2384
f 2385 2392 2384
f 2393 2392 2385
f 2386 2393 2385
f 2394 2393 2386
f 2387 2394 2386
f 2396 2395 2388
f 2389 2396 2388
f 2397 2396 2389
f 2390 2397 2389
f 2398 2397 2390
f 2391 2398 2390
f 2399 2398 2391
f 2392 2399 2391
f 2400 2399 2392
f 2393 2400 2392
f 2401 2400 2393
f 2394 2401 2393
f 2403 2402 2395
f 2396 2403 2395
f 2404 2403 2396
f 2397 2404 2396
f 2405 2404 2397
f 2398 2405 2397
f 2406 2405 2398
f 2399 2406 2398
f 2407 2406 2399
f 2400 2407 2399
f 2408 2407 2400
f 2401 2408 2400
f 2410 2409 2402
f 2403 2410 2402
f 2411 2410 2403
f 2404 2411 2403
f 2412 2411 2404
f 2405 2412 2404
f 2413 2412 2405
f 2406 2413 2405
f 2414 2413 2406
f 2407 2414 2406
f 2415 2414 2407
f 2408 2415 2407
f 2417 2416 2409
f 2410 2417 2409
f 2418 2417 2410
f 2411 2418 2410
f 2419 2418 2411
f 2412 2419 2411
f 2420 2419 2412
f 2413 2420 2412
f 2421 2420 2413
f 2414 2421 2413
f 2422 2421 2414
f 2415 2422 2414
f 2424 2423 2416
f 2417 2424 2416
f 2425 2424 2417
f 2418 2425 2417
f 2426 2425 2418
f 2419 2426 2418
f 2427 2426 2419
f 2420 2427 2419
f 2428 2427 2420
f 2421 2428 2420
f 2429 2428 2421
f 2422 2429 2421
f 2431 2430 2423
f 2424 2431 2423
f 2432 2431 2424
f 2425 2432 2424
f 2433 2432 2425
f 2426 2433 2425
f 2434 2433 2426
f 2427 2434 2426
f 2435 2434 2427
f 2428 2435 2427
f 2436 2435 2428
f 2429 2436 2428
f 2438 2437 2430
f 2431 2438 2430
f 2439 2438 2431
f 2432 2439 2431
f 2440 2439 2432
f 2433 2440 2432
f 2441 2440 2433
f 2434 2441 2433
f 2442 2441 2434
f 2435 2442 2434
f 2443 2442 2435
f 2436 2443 2435
f 2445 2444 2437
f 2438 2445 2437
f 2446 2445 2438
f 2439 2446 2438
f 2447 2446 2439
f 2440 2447 2439
f 2448 2447 2440
f 2441 2448 2440
f 2449 2448 2441
f 2442 2449 2441
f 2450 2449 2442
f 2443 2450 2442
f 2459 2458 2451
f 2452 2459 2451
f 2460 2459 2452
f 2453 2460 2452
f 2461 2460 2453
f 2454 2461 2453
f 2462 2461 2454
f 2455 2462 2454
f 2463 2462 2455
f 2456 2463 2455
f 2464 2463 2456
f 2457 2464 2456
f 2466 2465 2458
f 2459 2466 2458
f 2467 2466 2459
f 2460 2467 2459
f 2468 2467 2460
f 2461 2468 2460
f 2469 2468 2461
f 2462 2469 2461
f 2470 2469 2462
f 2463 2470 2462
f 2471 2470 2463
f 2464 2471 2463
f 2473 2472 2465
f 2466 2473 2465
f 2474 2473 2466
f 2467 2474 2466
f 2475 2474 2467
f 2468 2475 2467
f 2476 2475 2468
f 2469 2476 2468
f 2477 2476 2469
f 2470 2477 2469
f 2478 2477 2470
f 2471 2478 2470
f 2480 2479 2472
f 2473 2480 2472
f 2481 2480 2473
f 2474 2481 2473
f 2482 2481 2474
f 2475 2482 2474
f 2483 2482 2475
f 2476 2483 2475
f 2484 2483 2476
f 2477 2484 2476
f 2485 2484 2477
f 2478 2485 2477
f 2487 2486 2479
f 2480 2487 2479
f 2488 2487 2480
f 2481 2488 2480
f 2489 2488 2481
f 2482 2489 2481
f 2490 2489 2482
f 2483 2490 2482
f 2491 2490 2483
f 2484 2491 2483
f 2492 2491 2484
f 2485 2492 2484
f 2494 2493 2486
f 2487 2494 2486
f 2495 2494 2487
f 2488 2495 2487
f 2496 2495 2488
f 2489 2496 2488
f 2497 2496 2489
f 2490 2497 2489
f 2498 2497 2490
f 2491 2498 2490
f 2499 2498 2491
f 2492 2499 2491
f 2501 2500 2493
f 2494 2501 2493
f 2502 2501 2494
f 2495 2502 2494
f 2503 2502 2495
f 2496 2503 2495
f 2504 2503 2496
f 2497 2504 2496
f 2505 2504 2497
f 2498 2505 2497
f 2506 2505 2498
f 2499 2506 2498
f 2508 2507 2500
f 2501 2508 2500
f 2509 2508 2501
f 2502 2509 2501
f 2510 2509 2502
f 2503 2510 2502
f 2511 2510 2503
f 2504 2511 2503
f 2512 2511 2504
f 2505 2512 2504
f 2513 2512 2505
f 2506 2513 2505
f 2515 2514 2507
f 2508 2515 2507
f 2516 2515 2508
f 2509 2516 2508
f 2517 2516 2509
f 2510 2517 2509
f 2518 2517 2510
f 2511 2518 2510
f 2519 2518 2511
f 2512 2519 2511
f 2520 2519 2512
f 2513 2520 2512
f 2529 2528 2521
f 2522 2529 2521
f 2530 2529 2522
f 2523 2530 2522
f 2531 2530 2523
f 2524 2531 2523
f 2532 2531 2524
f 2525 2532 2524
f 2533 2532 2525
f 2526 2533 2525
f 2534 2533 2526
f 2527 2534 2526
f 2536 2535 2528
f 2529 2536 2528
f 2537 2536 2529
f 2530 2537 2529
f 2538 2537 2530
f 2531 2538 2530
f 2539 2538 2531
f 2532 2539 2531
f 2540 2539 2532
f 2533 2540 2532
f 2541 2540 2533
f 2534 2541 2533
f 2543 2542 2535
f 2536 2543 2535
f 2544 2543 2536
f 2537 2544 2536
f 2545 2544 2537
f 2538 2545 2537
f 2546 2545 2538
f 2539 2546 2538
f 2547 2546 2539
f 2540 2547 2539
f 2548 2547 2540
f 2541 2548 2540
f 2550 2549 2542
f 2543 2550 2542
f 2551 2550 2543
f 2544 2551 2543
f 2552 2551 2544
f 2545 2552 2544
f 2553 2552 2545
f 2546 2553 2545
f 2554 2553 2546
f 2547 2554 2546
f 2555 2554 2547
f 2548 2555 2547
f 2557 2556 2549
f 2550 2557 2549
f 2558 2557 2550
f 2551 2558 2550
f 2559 2558 2551
f 2552 2559 2551
f 2560 2559 2552
f 2553 2560 2552
f 2561 2560 2553
f 2554 2561 2553
f 2562 2561 2554
f 2555 2562 2554
f 2564 2563 2556
f 2557 2564 2556
f 2565 2564 2557
f 2558 2565 2557
f 2566 2565 2558
f 2559 2566 2558
f 2567 2566 2559
f 2560 2567 2559
f 2568 2567 2560
f 2561 2568 2560
f 2569 2568 2561
f 2562 2569 2561
f 2571 2570 2563
f 2564 2571 2563
f 2572 2571 2564
f 2565 2572 2564
f 2573 2572 2565
f 2566 2573 2565
f 2574 2573 2566
f 2567 2574 2566
f 2575 2574 2567
f 2568 2575 2567
f 2576 2575 2568
f 2569 2576 2568
f 2578 2577 2570
f 2571 2578 2570
f 2579 2578 2571
f 2572 2579 2571
f 2580 2579 2572
f 2573 2580 2572
f 2581 2580 2573
f 2574 2581 2573
f 2582 2581 2574
f 2575 2582 2574
f 2583 2582 2575
f 2576 2583 2575
f 2585 2584 2577
f 2578 2585 2577
f 2586 2585 2578
f 2579 2586 2578
f 2587 2586 2579
f 2580 2587 2579
f 2588 2587 2580
f 2581 2588 2580
f 2589 2588 2581
f 2582 2589 2581
f 2590 2589 2582
f 2583 2590 2582
f 2599 2598 2591
f 2592 2599 2591
f 2600 2599 2592
f 2593 2600 2592
f 2601 2600 2593
f 2594 2601 2593
f 2602 2601 2594
f 2595 2602 2594
f 2603 2602 2595
f 2596 2603 2595
f 2604 2603 2596
f 2597 2604 2596
f 2606 2605 2598
f 2599 2606 2598
f 2607 2606 2599
f 2600 2607 2599
f 2608 2607 2600
f 2601 2608 2600
f 2609 2608 2601
f 2602 2609 2601
f 2610 2609 2602
f 2603 2610 2602
f 2611 2610 2603
f 2604 2611 2603
f 2613 2612 2605
f 2606 2613 2605
f 2614 2613 2606
f 2607 2614 2606
f 2615 2614 2607
f 2608 2615 2607
f 2616 2615 2608
f 2609 2616 2608
f 2617 2616 2609
f 2610 2617 2609
f 2618 2617 2610
f 2611 2618 2610
f 2620 2619 2612
f 2613 2620 2612
f 2621 2620 2613
f 2614 2621 2613
f 2622 2621 2614
f 2615 2622 2614
f 2623 2622 2615
f 2616 2623 2615
f 2624 2623 2616
f 2617 2624 2616
f 2625 2624 2617
f 2618 2625 2617
f 2627 2626 2619
f 2620 2627 2619
f 2628 2627 2620
f 2621 2628 2620
f 2629 2628 2621
f 2622 2629 2621
f 2630 2629 2622
f 2623 2630 2622
f 2631 2630 2623
f 2624 2631 2623
f 2632 2631 2624
f 2625 2632 2624
f 2634 2633 2626
f 2627 2634 2626
f 2635 2634 2627
f 2628 2635 2627
f 2636 2635 2628
f 2629 2636 2628
f 2637 2636 2629
f 2630 2637 2629
f 2638 2637 2630
f 2631 2638 2630
f 2639 2638 2631
f 2632 2639 2631
f 2641 2640 2633
f 2634 2641 2633
f 2642 2641 2634
f 2635 2642 2634
f 2643 2642 2635
f 2636 2643 2635
f 2644 2643 2636
f 2637 2644 2636
f 2645 2644 2637
f 2638 2645 2637
f 2646 2645 2638
f 2639 2646 2638
f 2648 2647 2640
f 2641 2648 2640
f 2649 2648 2641
f 2642 2649 2641
f 2650 2649 2642
f 2643 2650 2642
f 2651 2650 2643
f 2644 2651 2643
f 2652 2651 2644
f 2645 2652 2644
f 2653 2652 2645
f 2646 2653 2645
f 2655 2654 2647
f 2648 2655 2647
f 2656 2655 2648
f 2649 2656 2648
f 2657 2656 2649
f 2650 2657 2649
f 2658 2657 2650
f 2651 2658 2650
f 2659 2658 2651
f 2652 2659 2651
f 2660 2659 2652
f 2653 2660 2652
f 2669 2668 2661
f 2662 2669 2661
f 2670 2669 2662
f 2663 2670 2662
f 2671 2670 2663
f 2664 2671 2663
f 2672 2671 2664
f 2665 2672 2664
f 2673 2672 2665
f 2666 2673 2665
f 2674 2673 2666
f 2667 2674 2666
f 2676 2675 2668
f 2669 2676 2668
f 2677 2676 2669
f 2670 2677 2669
f 2678 2677 2670
f 2671 2678 2670
f 2679 2678 2671
f 2672 2679 2671
f 2680 2679 2672
f 2673 2680 2672
f 2681 2680 2673
f 2674 2681 2673
f 2683 2682 2675
f 2676 2683 2675
f 2684 2683 2676
f 2677 2684 2676
f 2685 2684 2677
f 2678 2685 2677
f 2686 2685 2678
f 2679 2686 2678
f 2687 2686 2679
f 2680 2687 2679
f 2688 2687 2680
f 2681 2688 2680
f 2690 2689 2682
f 2683 2690 2682
f 2691 2690 2683
f 2684 2691 2683
f 2692 2691 2684
f 2685 2692 2684
f 2693 2692 2685
f 2686 2693 2685
f 2694 2693 2686
f 2687 2694 2686
f 2695 2694 2687
f 2688 2695 2687
f 2697 2696 2689
f 2690 2697 2689
f 2698 2697 2690
f 2691 2698 2690
f 2699 2698 2691
f 2692 2699 2691
f 2700 2699 2692
f 2693 2700 2692
f 2701 2700 2693
f 2694 2701 2693
f 2702 2701 2694
f 2695 2702 2694
f 2704 2703 2696
f 2697 2704 2696
f 2705 2704 2697
f 2698 2705 2697
f 2706 2705 2698
f 2699 2706 2698
f 2707 2706 2699
f 2700 2707 2699
f 2708 2707 2700
f 2701 2708 2700
f 2709 2708 2701
f 2702 2709 2701
f 2711 2710 2703
f 2704 2711 2703
f 2712 2711 2704
f 2705 2712 2704
f 2713 2712 2705
f 2706 2713 2705
f 2714 2713 2706
f 2707 2714 2706
f 2715 2714 2707
f 2708 2715 2707
f 2716 2715 2708
f 2709 2716 2708
f 2718 2717 2710
f 2711 2718 2710
f 2719 2718 2711
f 2712 2719 2711
f 2720 2719 2712
f 2713 2720 2712
f 2721 2720 2713
f 2714 2721 2713
f 2722 2721 2714
f 2715 2722 2714
f 2723 2722 2715
f 2716 2723 2715
f 2725 2724 2717
f 2718 2725 2717
f 2726 2725 2718
f 2719 2726 2718
f 2727 2726 2719
f 2720 2727 2719
f 2728 2727 2720
f 2721 2728 2720
f 2729 2728 2721
f 2722 2729 2721
f 2730 2729 2722
f 2723 2730 2722
f 2739 2738 2731
f 2732 2739 2731
f 2740 2739 2732
f 2733 2740 2732
f 2741 2740 2733
f 2734 2741 2733
f 2742 2741 2734
f 2735 2742 2734
f 2743 2742 2735
f 2736 2743 2735
f 2744 2743 2736
f 2737 2744 2736
f 2746 2745 2738
f 2739 2746 2738
f 2747 2746 2739
f 2740 2747 2739
f 2748 2747 2740
f 2741 2748 2740
f 2749 2748 2741
f 2742 2749 2741
f 2750 2749 2742
f 2743 2750 2742
f 2751 2750 2743
f 2744 2751 2743
f 2753 2752 2745
f 2746 2753 2745
f 2754 2753 2746
f 2747 2754 2746
f 2755 2754 2747
f 2748 2755 2747
f 2756 2755 2748
f 2749 2756 2748
f 2757 2756 2749
f 2750 2757 2749
f 2758 2757 2750
f 2751 2758 2750
f 2760 2759 2752
f 2753 2760 2752
f 2761 2760 2753
f 2754 2761 2753
f 2762 2761 2754
f 2755 2762 2754
f 2763 2762 2755
f 2756 2763 2755
f 2764 2763 2756
f 2757 2764 2756
f 2765 2764 2757
f 2758 2765 2757
f 2767 2766 2759
f 2760 2767 2759
f 2768 2767 2760
f 2761 2768 2760
f 2769 2768 2761
f 2762 2769 2761
f 2770 2769 2762
f 2763 2770 2762
f 2771 2770 2763
f 2764 2771 2763
f 2772 2771 2764
f 2765 2772 2764
f 2774 2773 2766
f 2767 2774 2766
f 2775 2774 2767
f 2768 2775 2767
f 2776 2775 2768
f 2769 2776 2768
f 2777 2776 2769
f 2770 2777 2769
f 2778 2777 2770
f 2771 2778 2770
f 2779 2778 2771
f 2772 2779 2771
f 2781 2780 2773
f 2774 2781 2773
f 2782 2781 2774
f 2775 2782 2774
f 2783 2782 2775
f 2776 2783 2775
f 2784 2783 2776
f 2777 2784 2776
f 2785 2784 2777
f 2778 2785 2777
f 2786 2785 2778
f 2779 2786 2778
f 2788 2787 2780
f 2781 2788 2780
f 2789 2788 2781
f 2782 2789 2781
f 2790 2789 2782
f 2783 2790 2782
f 2791 2790 2783
f 2784 2791 2783
f 2792 2791 2784
f 2785 2792 2784
f 2793 2792 2785
f 2786 2793 2785
f 2795 2794 2787
f 2788 2795 2787
f 2796 2795 2788
f 2789 2796 2788
f 2797 2796 2789
f 2790 2797 2789
f 2798 2797 2790
f 2791 2798 2790
f 2799 2798 2791
f 2792 2799 2791
f 2800 2799 2792
f 2793 2800 2792
f 2809 2808 2801
f 2802 2809 2801
f 2810 2809 2802
f 2803 2810 2802
f 2811 2810 2803
f 2804 2811 2803
f 2812 2811 2804
f 2805 2812 2804
f 2813 2812 2805
f 2806 2813 2805
f 2814 2813 2806
f 2807 2814 2806
f 2816 2815 2808
f 2809 2816 2808
f 2817 2816 2809
f 2810 2817 2809
f 2818 2817 2810
f 2811 2818 2810
f 2819 2818 2811
f 2812 2819 2811
f 2820 2819 2812
f 2813 2820 2812
f 2821 2820 2813
f 2814 2821 2813
f 2823 2822 2815
f 2816 2823 2815
f 2824 2823 2816
f 2817 2824 2816
f 2825 2824 2817
f 2818 2825 2817
f 2826 2825 2818
f 2819 2826 2818
f 2827 2826 2819
f 2820 2827 2819
f 2828 2827 2820
f 2821 2828 2820
f 2830 2829 2822
f 2823 2830 2822
f 2831 2830 2823
f 2824 2831 2823
f 2832 2831 2824
f 2825 2832 2824
f 2833 2832 2825
f 2826 2833 2825
f 2834 2833 2826
f 2827 2834 2826
f 2835 2834 2827
f 2828 2835 2827
f 2837 2836 2829
f 2830 2837 2829
f 2838 2837 2830
f 2831 2838 2830
f 2839 2838 2831
f 2832 2839 2831
f 2840 2839 2832
f 2833 2840 2832
f 2841 2840 2833
f 2834 2841 2833
f 2842 2841 2834
f 2835 2842 2834
f 2844 2843 2836
f 2837 2844 2836
f 2845 2844 2837
f 2838 2845 2837
f 2846 2845 2838
f 2839 2846 2838
f 2847 2846 2839
f 2840 2847 2839
f 2848 2847 2840
f 2841 2848 2840
f 2849 2848 2841
f 2842 2849 2841
f 2851 2850 2843
f 2844 2851 2843
f 2852 2851 2844
f 2845 2852 2844
f 2853 2852 2845
f 2846 2853 2845
f 2854 2853 2846
f 2847 2854 2846
f 2855 2854 2847
f 2848 2855 2847
f 2856 2855 2848
f 2849 2856 2848
f 2858 2857 2850
f 2851 2858 2850
f 2859 2858 2851
f 2852 2859 2851
f 2860 2859 2852
f 2853 2860 2852
f 2861 2860 2853
f 2854 2861 2853
f 2862 2861 2854
f 2855 2862 2854
f 2863 2862 2855
f 2856 2863 2855
f 2865 2864 2857
f 2858 2865 2857
f 2866 2865 2858
f 2859 2866 2858
f 2867 2866 2859
f 2860 2867 2859
f 2868 2867 2860
f 2861 2868 2860
f 2869 2868 2861
f 2862 2869 2861
f 2870 2869 2862
f 2863 2870 2862
f 2879 2878 2871
f 2872 2879 2871
f 2880 2879 2872
f 2873 2880 2872
f 2881 2880 2873
f 2874 2881 2873
f 2882 2881 2874
f 2875 2882 2874
f 2883 2882 2875
f 2876 2883 2875
f 2884 2883 2876
f 2877 2884 2876
f 2886 2885 2878
f 2879 2886 2878
f 2887 2886 2879
f 2880 2887 2879
f 2888 2887 2880
f 2881 2888 2880
f 2889 2888 2881
f 2882 2889 2881
f 2890 2889 2882
f 2883 2890 2882
f 2891 2890 2883
f 2884 2891 2883
f 2893 2892 2885
f 2886 2893 2885
f 2894 2893 2886
f 2887 2894 2886
f 2895 2894 2887
f 2888 2895 2887
f 2896 2895 2888
f 2889 2896 2888
f 2897 2896 2889
f 2890 2897 2889
f 2898 2897 2890
f 2891 2898 2890
f 2900 2899 2892
f 2893 2900 2892
f 2901 2900 2893
f 2894 2901 2893
f 2902 2901 2894
f 2895 2902 2894
f 2903 2902 2895
f 2896 2903 2895
f 2904 2903 2896
f 2897 2904 2896
f 2905 2904 2897
f 2898 2905 2897
f 2907 2906 2899
f 2900 2907 2899
f 2908 2907 2900
f 2901 2908 2900
f 2909 2908 2901
f 2902 2909 2901
f 2910 2909 2902
f 2903 2910 2902
f 2911 2910 2903
f 2904 2911 2903
f 2912 2911 2904
f 2905 2912 2904
f 2914 2913 2906
f 2907 2914 2906
f 2915 2914 2907
f 2908 2915 2907
f 2916 2915 2908
f 2909 2916 2908
f 2917 2916 2909
f 2910 2917 2909
f 2918 2917 2910
f 2911 2918 2910
f 2919 2918 2911
f 2912 2919 2911
f 2921 2920 2913
f 2914 2921 2913
f 2922 2921 2914
f 2915 2922 2914
f 2923 2922 2915
f 2916 2923 2915
f 2924 2923 2916
f 2917 2924 2916
f 2925 2924 2917
f 2918 2925 2917
f 2926 2925 2918
f 2919 2926 2918
f 2928 2927 2920
f 2921 2928 2920
f 2929 2928 2921
f 2922 2929 2921
f 2930 2929 2922
f 2923 2930 2922
f 2931 2930 2923
f 2924 2931 2923
f 2932 2931 2924
f 2925 2932 2924
f 2933 2932 2925
f 2926 2933 2925
f 2935 2934 2927
f 2928 2935 2927
f 2936 2935 2928
f 2929 2936 2928
f 2937 2936 2929
f 2930 2937 2929
f 2938 2937 2930
f 2931 2938 2930
f 2939 2938 2931
f 2932 2939 2931
f 2940 2939 2932
f 2933 2940 2932
f 2949 2948 2941
f 2942 2949 2941
f 2950 2949 2942
f 2943 2950 2942
f 2951 2950 2943
f 2944 2951 2943
f 2952 2951 2944
f 2945 2952 2944
f 2953 2952 2945
f 2946 2953 2945
f 2954 2953 2946
f 2947 2954 2946
f 2956 2955 2948
f 2949 2956 2948
f 2957 2956 2949
f 2950 2957 2949
f 2958 2957 2950
f 2951 2958 2950
f 2959 2958 2951
f 2952 2959 2951
f 2960 2959 2952
f 2953 2960 2952
f 2961 2960 2953
f 2954 2961 2953
f 2963 2962 2955
f 2956 2963 2955
f 2964 2963 2956
f 2957 2964 2956
f 2965 2964 2957
f 2958 2965 2957
f 2966 2965 2958
f 2959 2966 2958
f 2967 2966 2959
f 2960 2967 2959
f 2968 2967 2960
f 2961 2968 2960
f 2970 2969 2962
f 2963 2970 2962
f 2971 2970 2963
f 2964 2971 2963
f 2972 2971 2964
f 2965 2972 2964
f 2973 2972 2965
f 2966 2973 2965
f 2974 2973 2966
f 2967 2974 2966
f 2975 2974 2967
f 2968 2975 2967
f 2977 2976 2969
f 2970 2977 2969
f 2978 2977 2970
f 2971 2978 2970
f 2979 2978 2971
f 2972 2979 2971
f 2980 2979 2972
f 2973 2980 2972
f 2981 2980 2973
f 2974 2981 2973
f 2982 2981 2974
f 2975 2982 2974
f 2984 2983 2976
f 2977 2984 2976
f 2985 2984 2977
f 2978 2985 2977
f 2986 2985 2978
f 2979 2986 2978
f 2987 2986 2979
f 2980 2987 2979
f 2988 2987 2980
f 2981 2988 2980
f 2989 2988 2981
f 2982 2989 2981
f 2991 2990 2983
f 2984 2991 2983
f 2992 2991 2984
f 2985 2992 2984
f 2993 2992 2985
f 2986 2993 2985
f 2994 2993 2986
f 2987 2994 2986
f 2995 2994 2987
f 2988 2995 2987
f 2996 2995 2988
f 2989 2996 2988
f 2998 2997 2990
f 2991 2998 2990
f 2999 2998 2991
f 2992 2999 2991
f 3000 2999 2992
f 2993 3000 2992
f 3001 3000 2993
f 2994 3001 2993
f 3002 3001 2994
f 2995 3002 2994
f 3003 3002 2995
f 2996 3003 2995
f 3005 3004 2997
f 2998 3005 2997
f 3006 3005 2998
f 2999 3006 2998
f 3007 3006 2999
f 3000 3007 2999
f 3008 3007 3000
f 3001 3008 3000
f 3009 3008 3001
f 3002 3009 3001
f 3010 3009 3002
f 3003 3010 3002
f 3019 3018 3011
f 3012 3019 3011
f 3020 3019 3012
f 3013 3020 3012
f 3021 3020 3013
f 3014 3021 3013
f 3022 3021 3014
f 3015 3022 3014
f 3023 3022 3015
f 3016 3023 3015
f 3024 3023 3016
f 3017 3024 3016
f 3026 3025 3018
f 3019 3026 3018
f 3027 3026 3019
f 3020 3027 3019
f 3028 3027 3020
f 3021 3028 3020
f 3029 3028 3021
f 3022 3029 3021
f 3030 3029 3022
f 3023 3030 3022
f 3031 3030 3023
f 3024 3031 3023
f 3033 3032 3025
f 3026 3033 3025
f 3034 3033 3026
f 3027 3034 3026
f 3035 3034 3027
f 3028 3035 3027
f 3036 3035 3028
f 3029 3036 3028
f 3037 3036 3029
f 3030 3037 3029
f 3038 3037 3030
f 3031 3038 3030
f 3040 3039 3032
f 3033 3040 3032
f 3041 3040 3033
f 3034 3041 3033
f 3042 3041 3034
f 3035 3042 3034
f 3043 3042 3035
f 3036 3043 3035
f 3044 3043 3036
f 3037 3044 3036
f 3045 3044 3037
f 3038 3045 3037
f 3047 3046 3039
f 3040 3047 3039
f 3048 3047 3040
f 3041 3048 3040
f 3049 3048 3041
f 3042 3049 3041
f 3050 3049 3042
f 3043 3050 3042
f 3051 3050 3043
f 3044 3051 3043
f 3052 3051 3044
f 3045 3052 3044
f 3054 3053 3046
f 3047 3054 3046
f 3055 3054 3047
f 3048 3055 3047
f 3056 3055 3048
f 3049 3056 3048
f 3057 3056 3049
f 3050 3057 3049
f 3058 3057 3050
f 3051 3058 3050
f 3059 3058 3051
f 3052 3059 3051
f 3061 3060 3053
f 3054 3061 3053
f 3062 3061 3054
f 3055 3062 3054
f 3063 3062 3055
f 3056 3063 3055
f 3064 3063 3056
f 3057 3064 3056
f 3065 3064 3057
f 3058 3065 3057
f 3066 3065 3058
f 3059 3066 3058
f 3068 3067 3060
f 3061 3068 3060
f 3069 3068 3061
f 3062 3069 3061
f 3070 3069 3062
f 3063 3070 3062
f 3071 3070 3063
f 3064 3071 3063
f 3072 3071 3064
f 3065 3072 3064
f 3073 3072 3065
f 3066 3073 3065
f 3075 3074 3067
f 3068 3075 3067
f 3076 3075 3068
f 3069 3076 3068
f 3077 3076 3069
f 3070 3077 3069
f 3078 3077 3070
f 3071 3078 3070
f 3079 3078 3071
f 3072 3079 3071
f 3080 3079 3072
f 3073 3080 3072
f 3089 3088 3081
f 3082 3089 3081
f 3090 3089 3082
f 3083 3090 3082
f 3091 3090 3083
f 3084 3091 3083
f 3092 3091 3084
f 3085 3092 3084
f 3093 3092 3085
f 3086 3093 3085
f 3094 3093 3086
f 3087 3094 3086
f 3096 3095 3088
f 3089 3096 3088
f 3097 3096 3089
f 3090 3097 3089
f 3098 3097 3090
f 3091 3098 3090
f 3099 3098 3091
f 3092 3099 3091
f 3100 3099 3092
f 3093 3100 3092
f 3101 3100 3093
f 3094 3101 3093
f 3103 3102 3095
f 3096 3103 3095
f 3104 3103 3096
f 3097 3104 3096
f 3105 3104 3097
f 3098 3105 3097
f 3106 3105 3098
f 3099 3106 3098
f 3107 3106 3099
f 3100 3107 3099
f 3108 3107 3100
f 3101 3108 3100
f 3110 3109 3102
f 3103 3110 3102
f 3111 3110 3103
f 3104 3111 3103
f 3112 3111 3104
f 3105 3112 3104
f 3113 3112 3105
f 3106 3113 3105
f 3114 3113 3106
f 3107 3114 3106
f 3115 3114 3107
f 3108 3115 3107
f 3117 3116 3109
f 3110 3117 3109
f 3118 3117 3110
f 3111 3118 3110
f 3119 3118 3111
f 3112 3119 3111
f 3120 3119 3112
f 3113 3120 3112
f 3121 3120 3113
f 3114 3121 3113
f 3122 3121 3114
f 3115 3122 3114
f 3124 3123 3116
f 3117 3124 3116
f 3125 3124 3117
f 3118 3125 3117
f 3126 3125 3118
f 3119 3126 3118
f 3127 3126 3119
f 3120 3127 3119
f 3128 3127 3120
f 3121 3128 3120
f 3129 3128 3121
f 3122 3129 3121
f 3131 3130 3123
f 3124 3131 3123
f 3132 3131 3124
f 3125 3132 3124
f 3133 3132 3125
f 3126 3133 3125
f 3134 3133 3126
f 3127 3134 3126
f 3135 3134 3127
f 3128 3135 3127
f 3136 3135 3128
f 3129 3136 3128
f 3138 3137 3130
f 3131 3138 3130
f 3139 3138 3131
f 3132 3139 3131
f 3140 3139 3132
f 3133 3140 3132
f 3141 3140 3133
f 3134 3141 3133
f 3142 3141 3134
f 3135 3142 3134
f 3143 3142 3135
f 3136 3143 3135
f 3145 3144 3137
f 3138 3145 3137
f 3146 3145 3138
f 3139 3146 3138
f 3147 3146 3139
f 3140 3147 3139
f 3148 3147 3140
f 3141 3148 3140
f 3149 3148 3141
f 3142 3149 3141
f 3150 3149 3142
f 3143 3150 3142
f 3159 3158 3151
f 3152 3159 3151
f 3160 3159 3152
f 3153 3160 3152
f 3161 3160 3153
f 3154 3161 3153
f 3162 3161 3154
f 3155 3162 3154
f 3163 3162 3155
f 3156 3163 3155
f 3164 3163 3156
f 3157 3164 3156
f 3166 3165 3158
f 3159 3166 3158
f 3167 3166 3159
f 3160 3167 3159
f 3168 3167 3160
f 3161 3168 3160
f 3169 3168 3161
f 3162 3169 3161
f 3170 3169 3162
f 3163 3170 3162
f 3171 3170 3163
f 3164 3171 3163
f 3173 3172 3165
f 3166 3173 3165
f 3174 3173 3166
f 3167 3174 3166
f 3175 3174 3167
f 3168 3175 3167
f 3176 3175 3168
f 3169 3176 3168
f 3177 3176 3169
f 3170 3177 3169
f 3178 3177 3170
f 3171 3178 3170
f 3180 3179 3172
f 3173 3180 3172
f 3181 3180 3173
f 3174 3181 3173
f 3182 3181 3174
f 3175 3182 3174
f 3183 3182 3175
f 3176 3183 3175
f 3184 3183 3176
f 3177 3184 3176
f 3185 3184 3177
f 3178 3185 3177
f 3187 3186 3179
f 3180 3187 3179
f 3188 3187 3180
f 3181 3188 3180
f 3189 3188 3181
f 3182 3189 3181
f 3190 3189 3182
f 3183 3190 3182
f 3191 3190 3183
f 3184 3191 3183
f 3192 3191 3184
f 3185 3192 3184
f 3194 3193 3186
f 3187 3194 3186
f 3195 3194 3187
f 3188 3195 3187
f 3196 3195 3188
f 3189 3196 3188
f 3197 3196 3189
f 3190 3197 3189
f 3198 3197 3190
f 3191 3198 3190
f 3199 3198 3191
f 3192 3199 3191
f 3201 3200 3193
f 3194 3201 3193
f 3202 3201 3194
f 3195 3202 3194
f 3203 3202 3195
f 3196 3203 3195
f 3204 3203 3196
f 3197 3204 3196
f 3205 3204 3197
f 3198 3205 3197
f 3206 3205 3198
f 3199 3206 3198
f 3208 3207 3200
f 3201 3208 3200
f 3209 3208 3201
f 3202 3209 3201
f 3210 3209 3202
f 3203 3210 3202
f 3211 3210 3203
f 3204 3211 3203
f 3212 3211 3204
f 3205 3212 3204
f 3213 3212 3205
f 3206 3213 3205
f 3215 3214 3207
f 3208 3215 3207
f 3216 3215 3208
f 3209 3216 3208
f 3217 3216 3209
f 3210 3217 3209
f 3218 3217 3210
f 3211 3218 3210
f 3219 3218 3211
f 3212 3219 3211
f 3220 3219 3212
f 3213 3220 3212
f 3229 3228 3221
f 3222 3229 3221
f 3230 3229 3222
f 3223 3230 3222
f 3231 3230 3223
f 3224 3231 3223
f 3232 3231 3224
f 3225 3232 3224
f 3233 3232 3225
f 3226 3233 3225
f 3234 3233 3226
f 3227 3234 3226
f 3236 3235 3228
f 3229 3236 3228
f 3237 3236 3229
f 3230 3237 3229
f 3238 3237 3230
f 3231 3238 3230
f 3239 3238 3231
f 3232 3239 3231
f 3240 3239 3232
f 3233 3240 3232
f 3241 3240 3233
f 3234 3241 3233
f 3243 3242 3235
f 3236 3243 3235
f 3244 3243 3236
f 3237 3244 3236
f 3245 3244 3237
f 3238 3245 3237
f 3246 3245 3238
f 3239 3246 3238
f 3247 3246 3239
f 3240 3247 3239
f 3248 3247 3240
f 3241 3248 3240
f 3250 3249 3242
f 3243 3250 3242
f 3251 3250 3243
f 3244 3251 3243
f 3252 3251 3244
f 3245 3252 3244
f 3253 3252 3245
f 3246 3253 3245
f 3254 3253 3246
f 3247 3254 3246
f 3255 3254 3247
f 3248 3255 3247
f 3257 3256 3249
f 3250 3257 3249
f 3258 3257 3250
f 3251 3258 3250
f 3259 3258 3251
f 3252 3259 3251
f 3260 3259 3252
f 3253 3260 3252
f 3261 3260 3253
f 3254 3261 3253
f 3262 3261 3254
f 3255 3262 3254
f 3264 3263 3256
f 3257 3264 3256
f 3265 3264 3257
f 3258 3265 3257
f 3266 3265 3258
f 3259 3266 3258
f 3267 3266 3259
f 3260 3267 3259
f 3268 3267 3260
f 3261 3268 3260
f 3269 3268 3261
f 3262 3269 3261
f 3271 3270 3263
f 3264 3271 3263
f 3272 3271 3264
f 3265 3272 3264
f 3273 3272 3265
f 3266 3273 3265
f 3274 3273 3266
f 3267 3274 3266
f 3275 3274 3267
f 3268 3275 3267
f 3276 3275 3268
f 3269 3276 3268
f 3278 3277 3270
f 3271 3278 3270
f 3279 3278 3271
f 3272 3279 3271
f 3280 3279 3272
f 3273 3280 3272
f 3281 3280 3273
f 3274 3281 3273
f 3282 3281 3274
f 3275 3282 3274
f 3283 3282 3275
f 3276 3283 3275
f 3285 3284 3277
f 3278 3285 3277
f 3286 3285 3278
f 3279 3286 3278
f 3287 3286 3279
f 3280 3287 3279
f 3288 3287 3280
f 3281 3288 3280
f 3289 3288 3281
f 3282 3289 3281
f 3290 3289 3282
f 3283 3290 3282
f 3299 3298 3291
f 3292 3299 3291
f 3300 3299 3292
f 3293 3300 3292
f 3301 3300 3293
f 3294 3301 3293
f 3302 3301 3294
f 3295 3302 3294
f 3303 3302 3295
f 3296 3303 3295
f 3304 3303 3296
f 3297 3304 3296
f 3306 3305 3298
f 3299 3306 3298
f 3307 3306 3299
f 3300 3307 3299
f 3308 3307 3300
f 3301 3308 3300
f 3309 3308 3301
f 3302 3309 3301
f 3310 3309 3302
f 3303 3310 3302
f 3311 3310 3303
f 3304 3311 3303
f 3313 3312 3305
f 3306 3313 3305
f 3314 3313 3306
f 3307 3314 3306
f 3315 3314 3307
f 3308 3315 3307
f 3316 3315 3308
f 3309 3316 3308
f 3317 3316 3309
f 3310 3317 3309
f 3318 3317 3310
f 3311 3318 3310
f 3320 3319 3312
f 3313 3320 3312
f 3321 3320 3313
f 3314 3321 3313
f 3322 3321 3314
f 3315 3322 3314
f 3323 3322 3315
f 3316 3323 3315
f 3324 3323 3316
f 3317 3324 3316
f 3325 3324 3317
f 3318 3325 3317
f 3327 3326 3319
f 3320 3327 3319
f 3328 3327 3320
f 3321 3328 3320
f 3329 3328 3321
f 3322 3329 3321
f 3330 3329 3322
f 3323 3330 3322
f 3331 3330 3323
f 3324 3331 3323
f 3332 3331 3324
f 3325 3332 3324
f 3334 3333 3326
f 3327 3334 3326
f 3335 3334 3327
f 3328 3335 3327
f 3336 3335 3328
f 3329 3336 3328
f 3337 3336 3329
f 3330 3337 3329
f 3338 3337 3330
f 3331 3338 3330
f 3339 3338 3331
f 3332 3339 3331
f 3341 3340 3333
f 3334 3341 3333
f 3342 3341 3334
f 3335 3342 3334
f 3343 3342 3335
f 3336 3343 3335
f 3344 3343 3336
f 3337 3344 3336
f 3345 3344 3337
f 3338 3345 3337
f 3346 3345 3338
f 3339 3346 3338
f 3348 3347 3340
f 3341 3348 3340
f 3349 3348 3341
f 3342 3349 3341
f 3350 3349 3342
f 3343 3350 3342
f 3351 3350 3343
f 3344 3351 3343
f 3352 3351 3344
f 3345 3352 3344
f 3353 3352 3345
f 3346 3353 3345
f 3355 3354 3347
f 3348 3355 3347
f 3356 3355 3348
f 3349 3356 3348
f 3357 3356 3349
f 3350 3357 3349
f 3358 3357 3350
f 3351 3358 3350
f 3359 3358 3351
f 3352 3359 3351
f 3360 3359 3352
f 3353 3360 3352
f 3369 3368 3361
f 3362 3369 3361
f 3370 3369 3362
f 3363 3370 3362
f 3371 3370 3363
f 3364 3371 3363
f 3372 3371 3364
f 3365 3372 3364
f 3373 3372 3365
f 3366 3373 3365
f 3374 3373 3366
f 3367 3374 3366
f 3376 3375 3368
f 3369 3376 3368
f 3377 3376 3369
f 3370 3377 3369
f 3378 3377 3370
f 3371 3378 3370
f 3379 3378 3371
f 3372 3379 3371
f 3380 3379 3372
f 3373 3380 3372
f 3381 3380 3373
f 3374 3381 3373
f 3383 3382 3375
f 3376 3383 3375
f 3384 3383 3376
f 3377 3384 3376
f 3385 3384 3377
f 3378 3385 3377
f 3386 3385 3378
f 3379 3386 3378
f 3387 3386 3379
f 3380 3387 3379
f 3388 3387 3380
f 3381 3388 3380
f 3390 3389 3382
f 3383 3390 3382
f 3391 3390 3383
f 3384 3391 3383
f 3392 3391 3384
f 3385 3392 3384
f 3393 3392 3385
f 3386 3393 3385
f 3394 3393 3386
f 3387 3394 3386
f 3395 3394 3387
f 3388 3395 3387
f 3397 3396 3389
f 3390 3397 3389
f 3398 3397 3390
f 3391 3398 3390
f 3399 3398 3391
f 3392 3399 3391
f 3400 3399 3392
f 3393 3400 3392
f 3401 3400 3393
f 3394 3401 3393
f 3402 3401 3394
f 3395 3402 3394
f 3404 3403 3396
f 3397 3404 3396
f 3405 3404 3397
f 3398 3405 3397
f 3406 3405 3398
f 3399 3406 3398
f 3407 3406 3399
f 3400 3407 3399
f 3408 3407 3400
f 3401 3408 3400
f 3409 3408 3401
f 3402 3409 3401
f 3411 3410 3403
f 3404 3411 3403
f 3412 3411 3404
f 3405 3412 3404
f 3413 3412 3405
f 3406 3413 3405
f 3414 3413 3406
f 3407 3414 3406
f 3415 3414 3407
f 3408 3415 3407
f 3416 3415 3408
f 3409 3416 3408
f 3418 3417 3410
f 3411 3418 3410
f 3419 3418 3411
f 3412 3419 3411
f 3420 3419 3412
f 3413 3420 3412
f 3421 3420 3413
f 3414 3421 3413
f 3422 3421 3414
f 3415 3422 3414
f 3423 3422 3415
f 3416 3423 3415
f 3425 3424 3417
f 3418 3425 3417
f 3426 3425 3418
f 3419 3426 3418
f 3427 3426 3419
f 3420 3427 3419
f 3428 3427 3420
f 3421 3428 3420
f 3429 3428 3421
f 3422 3429 3421
f 3430 3429 3422
f 3423 3430 3422
f 3439 3438 3431
f 3432 3439 3431
f 3440 3439 3432
f 3433 3440 3432
f 3441 3440 3433
f 3434 3441 3433
f 3442 3441 3434
f 3435 3442 3434
f 3443 3442 3435
f 3436 3443 3435
f 3444 3443 3436
f 3437 3444 3436
f 3446 3445 3438
f 3439 3446 3438
f 3447 3446 3439
f 3440 3447 3439
f 3448 3447 3440
f 3441 3448 3440
f 3449 3448 3441
f 3442 3449 3441
f 3450 3449 3442
f 3443 3450 3442
f 3451 3450 3443
f 3444 3451 3443
f 3453 3452 3445
f 3446 3453 3445
f 3454 3453 3446
f 3447 3454 3446
f 3455 3454 3447
f 3448 3455 3447
f 3456 3455 3448
f 3449 3456 3448
f 3457 3456 3449
f 3450 3457 3449
f 3458 3457 3450
f 3451 3458 3450
f 3460 3459 3452
f 3453 3460 3452
f 3461 3460 3453
f 3454 3461 3453
f 3462 3461 3454
f 3455 3462 3454
f 3463 3462 3455
f 3456 3463 3455
f 3464 3463 3456
f 3457 3464 3456
f 3465 3464 3457
f 3458 3465 3457
f 3467 3466 3459
f 3460 3467 3459
f 3468 3467 3460
f 3461 3468 3460
f 3469 3468 3461
f 3462 3469 3461
f 3470 3469 3462
f 3463 3470 3462
f 3471 3470 3463
f 3464 3471 3463
f 3472 3471 3464
f 3465 3472 3464
f 3474 3473 3466
f 3467 3474 3466
f 3475 3474 3467
f 3468 3475 3467
f 3476 3475 3468
f 3469 3476 3468
f 3477 3476 3469
f 3470 3477 3469
f 3478 3477 3470
f 3471 3478 3470
f 3479 3478 3471
f 3472 3479 3471
f 3481 3480 3473
f 3474 3481 3473
f 3482 3481 3474
f 3475 3482 3474
f 3483 3482 3475
f 3476 3483 3475
f 3484 3483 3476
f 3477 3484 3476
f 3485 3484 3477
f 3478 3485 3477
f 3486 3485 3478
f 3479 3486 3478
f 3488 3487 3480
f 3481 3488 3480
f 3489 3488 3481
f 3482 3489 3481
f 3490 3489 3482
f 3483 3490 3482
f 3491 3490 3483
f 3484 3491 3483
f 3492 3491 3484
f 3485 3492 3484
f 3493 3492 3485
f 3486 3493 3485
f 3495 3494 3487
f 3488 3495 3487
f 3496 3495 3488
f 3489 3496 3488
f 3497 3496 3489
f 3490 3497 3489
f 3498 3497 3490
f 3491 3498 3490
f 3499 3498 3491
f 3492 3499 3491
f 3500 3499 3492
f 3493 3500 3492
f 3509 3508 3501
f 3502 3509 3501
f 3510 3509 3502
f 3503 3510 3502
f 3511 3510 3503
f 3504 3511 3503
f 3512 3511 3504
f 3505 3512 3504
f 3513 3512 3505
f 3506 3513 3505
f 3514 3513 3506
f 3507 3514 3506
f 3516 3515 3508
f 3509 3516 3508
f 3517 3516 3509
f 3510 3517 3509
f 3518 3517 3510
f 3511 3518 3510
f 3519 3518 3511
f 3512 3519 3511
f 3520 3519 3512
f 3513 3520 3512
f 3521 3520 3513
f 3514 3521 3513
f 3523 3522 3515
f 3516 3523 3515
f 3524 3523 3516
f 3517 3524 3516
f 3525 3524 3517
f 3518 3525 3517
f 3526 3525 3518
f 3519 3526 3518
f 3527 3526 3519
f 3520 3527 3519
f 3528 3527 3520
f 3521 3528 3520
f 3530 3529 3522
f 3523 3530 3522
f 3531 3530 3523
f 3524 3531 3523
f 3532 3531 3524
f 3525 3532 3524
f 3533 3532 3525
f 3526 3533 3525
f 3534 3533 3526
f 3527 3534 3526
f 3535 3534 3527
f 3528 3535 3527
f 3537 3536 3529
f 3530 3537 3529
f 3538 3537 3530
f 3531 3538 3530
f 3539 3538 3531
f 3532 3539 3531
f 3540 3539 3532
f 3533 3540 3532
f 3541 3540 3533
f 3534 3541 3533
f 3542 3541 3534
f 3535 3542 3534
f 3544 3543 3536
f 3537 3544 3536
f 3545 3544 3537
f 3538 3545 3537
f 3546 3545 3538
f 3539 3546 3538
f 3547 3546 3539
f 3540 3547 3539
f 3548 3547 3540
f 3541 3548 3540
f 3549 3548 3541
f 3542 3549 3541
f 3551 3550 3543
f 3544 3551 3543
f 3552 3551 3544
f 3545 3552 3544
f 3553 3552 3545
f 3546 3553 3545
f 3554 3553 3546
f 3547 3554 3546
f 3555 3554 3547
f 3548 3555 3547
f 3556 3555 3548
f 3549 3556 3548
f 3558 3557 3550
f 3551 3558 3550
f 3559 3558 3551
f 3552 3559 3551
f 3560 3559 3552
f 3553 3560 3552
f 3561 3560 3553
f 3554 3561 3553
f 3562 3561 3554
f 3555 3562 3554
f 3563 3562 3555
f 3556 3563 3555
f 3565 3564 3557
f 3558 3565 3557
f 3566 3565 3558
f 3559 3566 3558
f 3567 3566 3559
f 3560 3567 3559
f 3568 3567 3560
f 3561 3568 3560
f 3569 3568 3561
f 3562 3569 3561
f 3570 3569 3562
f 3563 3570 3562
f 3579 3578 3571
f 3572 3579 3571
f 3580 3579 3572
f 3573 3580 3572
f 3581 3580 3573
f 3574 3581 3573
f 3582 3581 3574
f 3575 3582 3574
f 3583 3582 3575
f 3576 3583 3575
f 3584 3583 3576
f 3577 3584 3576
f 3586 3585 3578
f 3579 3586 3578
f 3587 3586 3579
f 3580 3587 3579
f 3588 3587 3580
f 3581 3588 3580
f 3589 3588 3581
f 3582 3589 3581
f 3590 3589 3582
f 3583 3590 3582
f 3591 3590 3583
f 3584 3591 3583
f 3593 3592 3585
f 3586 3593 3585
f 3594 3593 3586
f 3587 3594 3586
f 3595 3594 3587
f 3588 3595 3587
f 3596 3595 3588
f 3589 3596 3588
f 3597 3596 3589
f 3590 3597 3589
f 3598 3597 3590
f 3591 3598 3590
f 3600 3599 3592
f 3593 3600 3592
f 3601 3600 3593
f 3594 3601 3593
f 3602 3601 3594
f 3595 3602 3594
f 3603 3602 3595
f 3596 3603 3595
f 3604 3603 3596
f 3597 3604 3596
f 3605 3604 3597
f 3598 3605 3597
f 3607 3606 3599
f 3600 3607 3599
f 3608 3607 3600
f 3601 3608 3600
f 3609 3608 3601
f 3602 3609 3601
f 3610 3609 3602
f 3603 3610 3602
f 3611 3610 3603
f 3604 3611 3603
f 3612 3611 3604
f 3605 3612 3604
f 3614 3613 3606
f 3607 3614 3606
f 3615 3614 3607
f 3608 3615 3607
f 3616 3615 3608
f 3609 3616 3608
f 3617 3616 3609
f 3610 3617 3609
f 3618 3617 3610
f 3611 3618 3610
f 3619 3618 3611
f 3612 3619 3611
f 3621 3620 3613
f 3614 3621 3613
f 3622 3621 3614
f 3615 3622 3614
f 3623 3622 3615
f 3616 3623 3615
f 3624 3623 3616
f 3617 3624 3616
f 3625 3624 3617
f 3618 3625 3617
f 3626 3625 3618
f 3619 3626 3618
f 3628 3627 3620
f 3621 3628 3620
f 3629 3628 3621
f 3622 3629 3621
f 3630 3629 3622
f 3623 3630 3622
f 3631 3630 3623
f 3624 3631 3623
f 3632 3631 3624
f 3625 3632 3624
f 3633 3632 3625
f 3626 3633 3625
f 3635 3634 3627
f 3628 3635 3627
f 3636 3635 3628
f 3629 3636 3628
f 3637 3636 3629
f 3630 3637 3629
f 3638 3637 3630
f 3631 3638 3630
f 3639 3638 3631
f 3632 3639 3631
f 3640 3639 3632
f 3633 3640 3632
f 3649 3648 3641
f 3642 3649 3641
f 3650 3649 3642
f 3643 3650 3642
f 3651 3650 3643
f 3644 3651 3643
f 3652 3651 3644
f 3645 3652 3644
f 3653 3652 3645
f 3646 3653 3645
f 3654 3653 3646
f 3647 3654 3646
f 3656 3655 3648
f 3649 3656 3648
f 3657 3656 3649
f 3650 3657 3649
f 3658 3657 3650
f 3651 3658 3650
f 3659 3658 3651
f 3652 3659 3651
f 3660 3659 3652
f 3653 3660 3652
f 3661 3660 3653
f 3654 3661 3653
f 3663 3662 3655
f 3656 3663 3655
f 3664 3663 3656
f 3657 3664 3656
f 3665 3664 3657
f 3658 3665 3657
f 3666 3665 3658
f 3659 3666 3658
f 3667 3666 3659
f 3660 3667 3659
f 3668 3667 3660
f 3661 3668 3660
f 3670 3669 3662
f 3663 3670 3662
f 3671 3670 3663
f 3664 3671 3663
f 3672 3671 3664
f 3665 3672 3664
f 3673 3672 3665
f 3666 3673 3665
f 3674 3673 3666
f 3667 3674 3666
f 3675 3674 3667
f 3668 3675 3667
f 3677 3676 3669
f 3670 3677 3669
f 3678 3677 3670
f 3671 3678 3670
f 3679 3678 3671
f 3672 3679 3671
f 3680 3679 3672
f 3673 3680 3672
f 3681 3680 3673
f 3674 3681 3673
f 3682 3681 3674
f 3675 3682 3674
f 3684 3683 3676
f 3677 3684 3676
f 3685 3684 3677
f 3678 3685 3677
f 3686 3685 3678
f 3679 3686 3678
f 3687 3686 3679
f 3680 3687 3679
f 3688 3687 3680
f 3681 3688 3680
f 3689 3688 3681
f 3682 3689 3681
f 3691 3690 3683
f 3684 3691 3683
f 3692 3691 3684
f 3685 3692 3684
f 3693 3692 3685
f 3686 3693 3685
f 3694 3693 3686
f 3687 3694 3686
f 3695 3694 3687
f 3688 3695 3687
f 3696 3695 3688
f 3689 3696 3688
f 3698 3697 3690
f 3691 3698 3690
f 3699 3698 3691
f 3692 3699 3691
f 3700 3699 3692
f 3693 3700 3692
f 3701 3700 3693
f 3694 3701 3693
f 3702 3701 3694
f 3695 3702 3694
f 3703 3702 3695
f 3696 3703 3695
f 3705 3704 3697
f 3698 3705 3697
f 3706 3705 3698
f 3699 3706 3698
f 3707 3706 3699
f 3700 3707 3699
f 3708 3707 3700
f 3701 3708 3700
f 3709 3708 3701
f 3702 3709 3701
f 3710 3709 3702
f 3703 3710 3702
f 3719 3718 3711
f 3712 3719 3711
f 3720 3719 3712
f 3713 3720 3712
f 3721 3720 3713
f 3714 3721 3713
f 3722 3721 3714
f 3715 3722 3714
f 3723 3722 3715
f 3716 3723 3715
f 3724 3723 3716
f 3717 3724 3716
f 3726 3725 3718
f 3719 3726 3718
f 3727 3726 3719
f 3720 3727 3719
f 3728 3727 3720
f 3721 3728 3720
f 3729 3728 3721
f 3722 3729 3721
f 3730 3729 3722
f 3723 3730 3722
f 3731 3730 3723
f 3724 3731 3723
f 3733 3732 3725
f 3726 3733 3725
f 3734 3733 3726
f 3727 3734 3726
f 3735 3734 3727
f 3728 3735 3727
f 3736 3735 3728
f 3729 3736 3728
f 3737 3736 3729
f 3730 3737 3729
f 3738 3737 3730
f 3731 3738 3730
f 3740 3739 3732
f 3733 3740 3732
f 3741 3740 3733
f 3734 3741 3733
f 3742 3741 3734
f 3735 3742 3734
f 3743 3742 3735
f 3736 3743 3735
f 3744 3743 3736
f 3737 3744 3736
f 3745 3744 3737
f 3738 3745 3737
f 3747 3746 3739
f 3740 3747 3739
f 3748 3747 3740
f 3741 3748 3740
f 3749 3748 3741
f 3742 3749 3741
f 3750 3749 3742
f 3743 3750 3742
f 3751 3750 3743
f 3744 3751 3743
f 3752 3751 3744
f 3745 3752 3744
f 3754 3753 3746
f 3747 3754 3746
f 3755 3754 3747
f 3748 3755 3747
f 3756 3755 3748
f 3749 3756 3748
f 3757 3756 3749
f 3750 3757 3749
f 3758 3757 3750
f 3751 3758 3750
f 3759 3758 3751
f 3752 3759 3751
f 3761 3760 3753
f 3754 3761 3753
f 3762 3761 3754
f 3755 3762 3754
f 3763 3762 3755
f 3756 3763 3755
f 3764 3763 3756
f 3757 3764 3756
f 3765 3764 3757
f 3758 3765 3757
f 3766 3765 3758
f 3759 3766 3758
f 3768 3767 3760
f 3761 3768 3760
f 3769 3768 3761
f 3762 3769 3761
f 3770 3769 3762
f 3763 3770 3762
f 3771 3770 3763
f 3764 3771 3763
f 3772 3771 3764
f 3765 3772 3764
f 3773 3772 3765
f 3766 3773 3765
f 3775 3774 3767
f 3768 3775 3767
f 3776 3775 3768
f 3769 3776 3768
f 3777 3776 3769
f 3770 3777 3769
f 3778 3777 3770
f 3771 3778 3770
f 3779 3778 3771
f 3772 3779 3771
f 3780 3779 3772
f 3773 3780 3772
f 3789 3788 3781
f 3782 3789 3781
f 3790 3789 3782
f 3783 3790 3782
f 3791 3790 3783
f 3784 3791 3783
f 3792 3791 3784
f 3785 3792 3784
f 3793 3792 3785
f 3786 3793 3785
f 3794 3793 3786
f 3787 3794 3786
f 3796 3795 3788
f 3789 3796 3788
f 3797 3796 3789
f 3790 3797 3789
f 3798 3797 3790
f 3791 3798 3790
f 3799 3798 3791
f 3792 3799 3791
f 3800 3799 3792
f 3793 3800 3792
f 3801 3800 3793
f 3794 3801 3793
f 3803 3802 3795
f 3796 3803 3795
f 3804 3803 3796
f 3797 3804 3796
f 3805 3804 3797
f 3798 3805 3797
f 3806 3805 3798
f 3799 3806 3798
f 3807 3806 3799
f 3800 3807 3799
f 3808 3807 3800
f 3801 3808 3800
f 3810 3809 3802
f 3803 3810 3802
f 3811 3810 3803
f 3804 3811 3803
f 3812 3811 3804
f 3805 3812 3804
f 3813 3812 3805
f 3806 3813 3805
f 3814 3813 3806
f 3807 3814 3806
f 3815 3814 3807
f 3808 3815 3807
f 3817 3816 3809
f 3810 3817 3809
f 3818 3817 3810
f 3811 3818 3810
f 3819 3818 3811
f 3812 3819 3811
f 3820 3819 3812
f 3813 3820 3812
f 3821 3820 3813
f 3814 3821 3813
f 3822 3821 3814
f 3815 3822 3814
f 3824 3823 3816
f 3817 3824 3816
f 3825 3824 3817
f 3818 3825 3817
f 3826 3825 3818
f 3819 3826 3818
f 3827 3826 3819
f 3820 3827 3819
f 3828 3827 3820
f 3821 3828 3820
f 3829 3828 3821
f 3822 3829 3821
f 3831 3830 3823
f 3824 3831 3823
f 3832 3831 3824
f 3825 3832 3824
f 3833 3832 3825
f 3826 3833 3825
f 3834 3833 3826
f 3827 3834 3826
f 3835 3834 3827
f 3828 3835 3827
f 3836 3835 3828
f 3829 3836 3828
f 3838 3837 3830
f 3831 3838 3830
f 3839 3838 3831
f 3832 3839 3831
f 3840 3839 3832
f 3833 3840 3832
f 3841 3840 3833
f 3834 3841 3833
f 3842 3841 3834
f 3835 3842 3834
f 3843 3842 3835
f 3836 3843 3835
f 3845 3844 3837
f 3838 3845 3837
f 3846 3845 3838
f 3839 3846 3838
f 3847 3846 3839
f 3840 3847 3839
f 3848 3847 3840
f 3841 3848 3840
f 3849 3848 3841
f 3842 3849 3841
f 3850 3849 3842
f 3843 3850 3842
f 3859 3858 3851
f 3852 3859 3851
f 3860 3859 3852
f 3853 3860 3852
f 3861 3860 3853
f 3854 3861 3853
f 3862 3861 3854
f 3855 3862 3854
f 3863 3862 3855
f 3856 3863 3855
f 3864 3863 3856
f 3857 3864 3856
f 3866 3865 3858
f 3859 3866 3858
f 3867 3866 3859
f 3860 3867 3859
f 3868 3867 3860
f 3861 3868 3860
f 3869 3868 3861
f 3862 3869 3861
f 3870 3869 3862
f 3863 3870 3862
f 3871 3870 3863
f 3864 3871 3863
f 3873 3872 3865
f 3866 3873 3865
f 3874 3873 3866
f 3867 3874 3866
f 3875 3874 3867
f 3868 3875 3867
f 3876 3875 3868
f 3869 3876 3868
f 3877 3876 3869
f 3870 3877 3869
f 3878 3877 3870
f 3871 3878 3870
f 3880 3879 3872
f 3873 3880 3872
f 3881 3880 3873
f 3874 3881 3873
f 3882 3881 3874
f 3875 3882 3874
f 3883 3882 3875
f 3876 3883 3875
f 3884 3883 3876
f 3877 3884 3876
f 3885 3884 3877
f 3878 3885 3877
f 3887 3886 3879
f 3880 3887 3879
f 3888 3887 3880
f 3881 3888 3880
f 3889 3888 3881
f 3882 3889 3881
f 3890 3889 3882
f 3883 3890 3882
f 3891 3890 3883
f 3884 3891 3883
f 3892 3891 3884
f 3885 3892 3884
f 3894 3893 3886
f 3887 3894 3886
f 3895 3894 3887
f 3888 3895 3887
f 3896 3895 3888
f 3889 3896 3888
f 3897 3896 3889
f 3890 3897 3889
f 3898 3897 3890
f 3891 3898 3890
f 3899 3898 3891
f 3892 3899 3891
f 3901 3900 3893
f 3894 3901 3893
f 3902 3901 3894
f 3895 3902 3894
f 3903 3902 3895
f 3896 3903 3895
f 3904 3903 3896
f 3897 3904 3896
f 3905 3904 3897
f 3898 3905 3897
f 3906 3905 3898
f 3899 3906 3898
f 3908 3907 3900
f 3901 3908 3900
f 3909 3908 3901
f 3902 3909 3901
f 3910 3909 3902
f 3903 3910 3902
f 3911 3910 3903
f 3904 3911 3903
f 3912 3911 3904
f 3905 3912 3904
f 3913 3912 3905
f 3906 3913 3905
f 3915 3914 3907
f 3908 3915 3907
f 3916 3915 3908
f 3909 3916 3908
f 3917 3916 3909
f 3910 3917 3909
f 3918 3917 3910
f 3911 3918 3910
f 3919 3918 3911
f 3912 3919 3911
f 3920 3919 3912
f 3913 3920 3912
f 3929 3928 3921
f 3922 3929 3921
f 3930 3929 3922
f 3923 3930 3922
f 3931 3930 3923
f 3924 3931 3923
f 3932 3931 3924
f 3925 3932 3924
f 3933 3932 3925
f 3926 3933 3925
f 3934 3933 3926
f 3927 3934 3926
f 3936 3935 3928
f 3929 3936 3928
f 3937 3936 3929
f 3930 3937 3929
f 3938 3937 3930
f 3931 3938 3930
f 3939 3938 3931
f 3932 3939 3931
f 3940 3939 3932
f 3933 3940 3932
f 3941 3940 3933
f 3934 3941 3933
f 3943 3942 3935
f 3936 3943 3935
f 3944 3943 3936
f 3937 3944 3936
f 3945 3944 3937
f 3938 3945 3937
f 3946 3945 3938
f 3939 3946 3938
f 3947 3946 3939
f 3940 3947 3939
f 3948 3947 3940
f 3941 3948 3940
f 3950 3949 3942
f 3943 3950 3942
f 3951 3950 3943
f 3944 3951 3943
f 3952 3951 3944
f 3945 3952 3944
f 3953 3952 3945
f 3946 3953 3945
f 3954 3953 3946
f 3947 3954 3946
f 3955 3954 3947
f 3948 3955 3947
f 3957 3956 3949
f 3950 3957 3949
f 3958 3957 3950
f 3951 3958 3950
f 3959 3958 3951
f 3952 3959 3951
f 3960 3959 3952
f 3953 3960 3952
f 3961 3960 3953
f 3954 3961 3953
f 3962 3961 3954
f 3955 3962 3954
f 3964 3963 3956
f 3957 3964 3956
f 3965 3964 3957
f 3958 3965 3957
f 3966 3965 3958
f 3959 3966 3958
f 3967 3966 3959
f 3960 3967 3959
f 3968 3967 3960
f 3961 3968 3960
f 3969 3968 3961
f 3962 3969 3961
f 3971 3970 3963
f 3964 3971 3963
f 3972 3971 3964
f 3965 3972 3964
f 3973 3972 3965
f 3966 3973 3965
f 3974 3973 3966
f 3967 3974 3966
f 3975 3974 3967
f 3968 3975 3967
f 3976 3975 3968
f 3969 3976 3968
f 3978 3977 3970
f 3971 3978 3970
f 3979 3978 3971
f 3972 3979 3971
f 3980 3979 3972
f 3973 3980 3972
f 3981 3980 3973
f 3974 3981 3973
f 3982 3981 3974
f 3975 3982 3974
f 3983 3982 3975
f 3976 3983 3975
f 3985 3984 3977
f 3978 3985 3977
f 3986 3985 3978
f 3979 3986 3978
f 3987 3986 3979
f 3980 3987 3979
f 3988 3987 3980
f 3981 3988 3980
f 3989 3988 3981
f 3982 3989 3981
f 3990 3989 3982
f 3983 3990 3982
f 3999 3998 3991
f 3992 3999 3991
f 4000 3999 3992
f 3993 4000 3992
f 4001 4000 3993
f 3994 4001 3993
f 4002 4001 3994
f 3995 4002 3994
f 4003 4002 3995
f 3996 4003 3995
f 4004 4003 3996
f 3997 4004 3996
f 4006 4005 3998
f 3999 4006 3998
f 4007 4006 3999
f 4000 4007 3999
f 4008 4007 4000
f 4001 4008 4000
f 4009 4008 4001
f 4002 4009 4001
f 4010 4009 4002
f 4003 4010 4002
f 4011 4010 4003
f 4004 4011 4003
f 4013 4012 4005
f 4006 4013 4005
f 4014 4013 4006
f 4007 4014 4006
f 4015 4014 4007
f 4008 4015 4007
f 4016 4015 4008
f 4009 4016 4008
f 4017 4016 4009
f 4010 4017 4009
f 4018 4017 4010
f 4011 4018 4010
f 4020 4019 4012
f 4013 4020 4012
f 4021 4020 4013
f 4014 4021 4013
f 4022 4021 4014
f 4015 4022 4014
f 4023 4022 4015
f 4016 4023 4015
f 4024 4023 4016
f 4017 4024 4016
f 4025 4024 4017
f 4018 4025 4017
f 4027 4026 4019
f 4020 4027 4019
f 4028 4027 4020
f 4021 4028 4020
f 4029 4028 4021
f 4022 4029 4021
f 4030 4029 4022
f 4023 4030 4022
f 4031 4030 4023
f 4024 4031 4023
f 4032 4031 4024
f 4025 4032 4024
f 4034 4033 4026
f 4027 4034 4026
f 4035 4034 4027
f 4028 4035 4027
f 4036 4035 4028
f 4029 4036 4028
f 4037 4036 4029
f 4030 4037 4029
f 4038 4037 4030
f 4031 4038 4030
f 4039 4038 4031
f 4032 4039 4031
f 4041 4040 4033
f 4034 4041 4033
f 4042 4041 4034
f 4035 4042 4034
f 4043 4042 4035
f 4036 4043 4035
f 4044 4043 4036
f 4037 4044 4036
f 4045 4044 4037
f 4038 4045 4037
f 4046 4045 4038
f 4039 4046 4038
f 4048 4047 4040
f 4041 4048 4040
f 4049 4048 4041
f 4042 4049 4041
f 4050 4049 4042
f 4043 4050 4042
f 4051 4050 4043
f 4044 4051 4043
f 4052 4051 4044
f 4045 4052 4044
f 4053 4052 4045
f 4046 4053 4045
f 4055 4054 4047
f 4048 4055 4047
f 4056 4055 4048
f 4049 4056 4048
f 4057 4056 4049
f 4050 4057 4049
f 4058 4057 4050
f 4051 4058 4050
f 4059 4058 4051
f 4052 4059 4051
f 4060 4059 4052
f 4053 4060 4052
f 4069 4068 4061
f 4062 4069 4061
f 4070 4069 4062
f 4063 4070 4062
f 4071 4070 4063
f 4064 4071 4063
f 4072 4071 4064
f 4065 4072 4064
f 4073 4072 4065
f 4066 4073 4065
f 4074 4073 4066
f 4067 4074 4066
f 4076 4075 4068
f 4069 4076 4068
f 4077 4076 4069
f 4070 4077 4069
f 4078 4077 4070
f 4071 4078 4070
f 4079 4078 4071
f 4072 4079 4071
f 4080 4079 4072
f 4073 4080 4072
f 4081 4080 4073
f 4074 4081 4073
f 4083 4082 4075
f 4076 4083 4075
f 4084 4083 4076
f 4077 4084 4076
f 4085 4084 4077
f 4078 4085 4077
f 4086 4085 4078
f 4079 4086 4078
f 4087 4086 4079
f 4080 4087 4079
f 4088 4087 4080
f 4081 4088 4080
f 4090 4089 4082
f 4083 4090 4082
f 4091 4090 4083
f 4084 4091 4083
f 4092 4091 4084
f 4085 4092 4084
f 4093 4092 4085
f 4086 4093 4085
f 4094 4093 4086
f 4087 4094 4086
f 4095 4094 4087
f 4088 4095 4087
f 4097 4096 4089
f 4090 4097 4089
f 4098 4097 4090
f 4091 4098 4090
f 4099 4098 4091
f 4092 4099 4091
f 4100 4099 4092
f 4093 4100 4092
f 4101 4100 4093
f 4094 4101 4093
f 4102 4101 4094
f 4095 4102 4094
f 4104 4103 4096
f 4097 4104 4096
f 4105 4104 4097
f 4098 4105 4097
f 4106 4105 4098
f 4099 4106 4098
f 4107 4106 4099
f 4100 4107 4099
f 4108 4107 4100
f 4101 4108 4100
f 4109 4108 4101
f 4102 4109 4101
f 4111 4110 4103
f 4104 4111 4103
f 4112 4111 4104
f 4105 4112 4104
f 4113 4112 4105
f 4106 4113 4105
f 4114 4113 4106
f 4107 4114 4106
f 4115 4114 4107
f 4108 4115 4107
f 4116 4115 4108
f 4109 4116 4108
f 4118 4117 4110
f 4111 4118 4110
f 4119 4118 4111
f 4112 4119 4111
f 4120 4119 4112
f 4113 4120 4112
f 4121 4120 4113
f 4114 4121 4113
f 4122 4121 4114
f 4115 4122 4114
f 4123 4122 4115
f 4116 4123 4115
f 4125 4124 4117
f 4118 4125 4117
f 4126 4125 4118
f 4119 4126 4118
f 4127 4126 4119
f 4120 4127 4119
f 4128 4127 4120
f 4121 4128 4120
f 4129 4128 4121
f 4122 4129 4121
f 4130 4129 4122
f 4123 4130 4122
f 4139 4138 4131
f 4132 4139 4131
f 4140 4139 4132
f 4133 4140 4132
f 4141 4140 4133
f 4134 4141 4133
f 4142 4141 4134
f 4135 4142 4134
f 4143 4142 4135
f 4136 4143 4135
f 4144 4143 4136
f 4137 4144 4136
f 4146 4145 4138
f 4139 4146 4138
f 4147 4146 4139
f 4140 4147 4139
f 4148 4147 4140
f 4141 4148 4140
f 4149 4148 4141
f 4142 4149 4141
f 4150 4149 4142
f 4143 4150 4142
f 4151 4150 4143
f 4144 4151 4143
f 4153 4152 4145
f 4146 4153 4145
f 4154 4153 4146
f 4147 4154 4146
f 4155 4154 4147
f 4148 4155 4147
f 4156 4155 4148
f 4149 4156 4148
f 4157 4156 4149
f 4150 4157 4149
f 4158 4157 4150
f 4151 4158 4150
f 4160 4159 4152
f 4153 4160 4152
f 4161 4160 4153
f 4154 4161 4153
f 4162 4161 4154
f 4155 4162 4154
f 4163 4162 4155
f 4156 4163 4155
f 4164 4163 4156
f 4157 4164 4156
f 4165 4164 4157
f 4158 4165 4157
f 4167 4166 4159
f 4160 4167 4159
f 4168 4167 4160
f 4161 4168 4160
f 4169 4168 4161
f 4162 4169 4161
f 4170 4169 4162
f 4163 4170 4162
f 4171 4170 4163
f 4164 4171 4163
f 4172 4171 4164
f 4165 4172 4164
f 4174 4173 4166
f 4167 4174 4166
f 4175 4174 4167
f 4168 4175 4167
f 4176 4175 4168
f 4169 4176 4168
f 4177 4176 4169
f 4170 4177 4169
f 4178 4177 4170
f 4171 4178 4170
f 4179 4178 4171
f 4172 4179 4171
f 4181 4180 4173
f 4174 4181 4173
f 4182 4181 4174
f 4175 4182 4174
f 4183 4182 4175
f 4176 4183 4175
f 4184 4183 4176
f 4177 4184 4176
f 4185 4184 4177
f 4178 4185 4177
f 4186 4185 4178
f 4179 4186 4178
f 4188 4187 4180
f 4181 4188 4180
f 4189 4188 4181
f 4182 4189 4181
f 4190 4189 4182
f 4183 4190 4182
f 4191 4190 4183
f 4184 4191 4183
f 4192 4191 4184
f 4185 4192 4184
f 4193 4192 4185
f 4186 4193 4185
f 4195 4194 4187
f 4188 4195 4187
f 4196 4195 4188
f 4189 4196 4188
f 4197 4196 4189
f 4190 4197 4189
f 4198 4197 4190
f 4191 4198 4190
f 4199 4198 4191
f 4192 4199 4191
f 4200 4199 4192
f 4193 4200 4192
f 4209 4208 4201
f 4202 4209 4201
f 4210 4209 4202
f 4203 4210 4202
f 4211 4210 4203
f 4204 4211 4203
f 4212 4211 4204
f 4205 4212 4204
f 4213 4212 4205
f 4206 4213 4205
f 4214 4213 4206
f 4207 4214 4206
f 4216 4215 4208
f 4209 4216 4208
f 4217 4216 4209
f 4210 4217 4209
f 4218 4217 4210
f 4211 4218 4210
f 4219 4218 4211
f 4212 4219 4211
f 4220 4219 4212
f 4213 4220 4212
f 4221 4220 4213
f 4214 4221 4213
f 4223 4222 4215
f 4216 4223 4215
f 4224 4223 4216
f 4217 4224 4216
f 4225 4224 4217
f 4218 4225 4217
f 4226 4225 4218
f 4219 4226 4218
f 4227 4226 4219
f 4220 4227 4219
f 4228 4227 4220
f 4221 4228 4220
f 4230 4229 4222
f 4223 4230 4222
f 4231 4230 4223
f 4224 4231 4223
f 4232 4231 4224
f 4225 4232 4224
f 4233 4232 4225
f 4226 4233 4225
f 4234 4233 4226
f 4227 4234 4226
f 4235 4234 4227
f 4228 4235 4227
f 4237 4236 4229
f 4230 4237 4229
f 4238 4237 4230
f 4231 4238 4230
f 4239 4238 4231
f 4232 4239 4231
f 4240 4239 4232
f 4233 4240 4232
f 4241 4240 4233
f 4234 4241 4233
f 4242 4241 4234
f 4235 4242 4234
f 4244 4243 4236
f 4237 4244 4236
f 4245 4244 4237
f 4238 4245 4237
f 4246 4245 4238
f 4239 4246 4238
f 4247 4246 4239
f 4240 4247 4239
f 4248 4247 4240
f 4241 4248 4240
f 4249 4248 4241
f 4242 4249 4241
f 4251 4250 4243
f 4244 4251 4243
f 4252 4251 4244
f 4245 4252 4244
f 4253 4252 4245
f 4246 4253 4245
f 4254 4253 4246
f 4247 4254 4246
f 4255 4254 4247
f 4248 4255 4247
f 4256 4255 4248
f 4249 4256 4248
f 4258 4257 4250
f 4251 4258 4250
f 4259 4258 4251
f 4252 4259 4251
f 4260 4259 4252
f 4253 4260 4252
f 4261 4260 4253
f 4254 4261 4253
f 4262 4261 4254
f 4255 4262 4254
f 4263 4262 4255
f 4256 4263 4255
f 4265 4264 4257
f 4258 4265 4257
f 4266 4265 4258
f 4259 4266 4258
f 4267 4266 4259
f 4260 4267 4259
f 4268 4267 4260
f 4261 4268 4260
f 4269 4268 4261
f 4262 4269 4261
f 4270 4269 4262
f 4263 4270 4262
f 4279 4278 4271
f 4272 4279 4271
f 4280 4279 4272
f 4273 4280 4272
f 4281 4280 4273
f 4274 4281 4273
f 4282 4281 4274
f 4275 4282 4274
f 4283 4282 4275
f 4276 4283 4275
f 4284 4283 4276
f 4277 4284 4276
f 4286 4285 4278
f 4279 4286 4278
f 4287 4286 4279
f 4280 4287 4279
f 4288 4287 4280
f 4281 4288 4280
f 4289 4288 4281
f 4282 4289 4281
f 4290 4289 4282
f 4283 4290 4282
f 4291 4290 4283
f 4284 4291 4283
f 4293 4292 4285
f 4286 4293 4285
f 4294 4293 4286
f 4287 4294 4286
f 4295 4294 4287
f 4288 4295 4287
f 4296 4295 4288
f 4289 4296 4288
f 4297 4296 4289
f 4290 4297 4289
f 4298 4297 4290
f 4291 4298 4290
f 4300 4299 4292
f 4293 4300 4292
f 4301 4300 4293
f 4294 4301 4293
f 4302 4301 4294
f 4295 4302 4294
f 4303 4302 4295
f 4296 4303 4295
f 4304 4303 4296
f 4297 4304 4296
f 4305 4304 4297
f 4298 4305 4297
f 4307 4306 4299
f 4300 4307 4299
f 4308 4307 4300
f 4301 4308 4300
f 4309 4308 4301
f 4302 4309 4301
f 4310 4309 4302
f 4303 4310 4302
f 4311 4310 4303
f 4304 4311 4303
f 4312 4311 4304
f 4305 4312 4304
f 4314 4313 4306
f 4307 4314 4306
f 4315 4314 4307
f 4308 4315 4307
f 4316 4315 4308
f 4309 4316 4308
f 4317 4316 4309
f 4310 4317 4309
f 4318 4317 4310
f 4311 4318 4310
f 4319 4318 4311
f 4312 4319 4311
f 4321 4320 4313
f 4314 4321 4313
f 4322 4321 4314
f 4315 4322 4314
f 4323 4322 4315
f 4316 4323 4315
f 4324 4323 4316
f 4317 4324 4316
f 4325 4324 4317
f 4318 4325 4317
f 4326 4325 4318
f 4319 4326 4318
f 4328 4327 4320
f 4321 4328 4320
f 4329 4328 4321
f 4322 4329 4321
f 4330 4329 4322
f 4323 4330 4322
f 4331 4330 4323
f 4324 4331 4323
f 4332 4331 4324
f 4325 4332 4324
f 4333 4332 4325
f 4326 4333 4325
f 4335 4334 4327
f 4328 4335 4327
f 4336 4335 4328
f 4329 4336 4328
f 4337 4336 4329
f 4330 4337 4329
f 4338 4337 4330
f 4331 4338 4330
f 4339 4338 4331
f 4332 4339 4331
f 4340 4339 4332
f 4333 4340 4332
f 4349 4348 4341
f 4342 4349 4341
f 4350 4349 4342
f 4343 4350 4342
f 4351 4350 4343
f 4344 4351 4343
f 4352 4351 4344
f 4345 4352 4344
f 4353 4352 4345
f 4346 4353 4345
f 4354 4353 4346
f 4347 4354 4346
f 4356 4355 4348
f 4349 4356 4348
f 4357 4356 4349
f 4350 4357 4349
f 4358 4357 4350
f 4351 4358 4350
f 4359 4358 4351
f 4352 4359 4351
f 4360 4359 4352
f 4353 4360 4352
f 4361 4360 4353
f 4354 4361 4353
f 4363 4362 4355
f 4356 4363 4355
f 4364 4363 4356
f 4357 4364 4356
f 4365 4364 4357
f 4358 4365 4357
f 4366 4365 4358
f 4359 4366 4358
f 4367 4366 4359
f 4360 4367 4359
f 4368 4367 4360
f 4361 4368 4360
f 4370 4369 4362
f 4363 4370 4362
f 4371 4370 4363
f 4364 4371 4363
f 4372 4371 4364
f 4365 4372 4364
f 4373 4372 4365
f 4366 4373 4365
f 4374 4373 4366
f 4367 4374 4366
f 4375 4374 4367
f 4368 4375 4367
f 4377 4376 4369
f 4370 4377 4369
f 4378 4377 4370
f 4371 4378 4370
f 4379 4378 4371
f 4372 4379 4371
f 4380 4379 4372
f 4373 4380 4372
f 4381 4380 4373
f 4374 4381 4373
f 4382 4381 4374
f 4375 4382 4374
f 4384 4383 4376
f 4377 4384 4376
f 4385 4384 4377
f 4378 4385 4377
f 4386 4385 4378
f 4379 4386 4378
f 4387 4386 4379
f 4380 4387 4379
f 4388 4387 4380
f 4381 4388 4380
f 4389 4388 4381
f 4382 4389 4381
f 4391 4390 4383
f 4384 4391 4383
f 4392 4391 4384
f 4385 4392 4384
f 4393 4392 4385
f 4386 4393 4385
f 4394 4393 4386
f 4387 4394 4386
f 4395 4394 4387
f 4388 4395 4387
f 4396 4395 4388
f 4389 4396 4388
f 4398 4397 4390
f 4391 4398 4390
f 4399 4398 4391
f 4392 4399 4391
f 4400 4399 4392
f 4393 4400 4392
f 4401 4400 4393
f 4394 4401 4393
f 4402 4401 4394
f 4395 4402 4394
f 4403 4402 4395
f 4396 4403 4395
f 4405 4404 4397
f 4398 4405 4397
f 4406 4405 4398
f 4399 4406 4398
f 4407 4406 4399
f 4400 4407 4399
f 4408 4407 4400
f 4401 4408 4400
f 4409 4408 4401
f 4402 4409 4401
f 4410 4409 4402
f 4403 4410 4402
f 4419 4418 4411
f 4412 4419 4411
f 4420 4419 4412
f 4413 4420 4412
f 4421 4420 4413
f 4414 4421 4413
f 4422 4421 4414
f 4415 4422 4414
f 4423 4422 4415
f 4416 4423 4415
f 4424 4423 4416
f 4417 4424 4416
f 4426 4425 4418
f 4419 4426 4418
f 4427 4426 4419
f 4420 4427 4419
f 4428 4427 4420
f 4421 4428 4420
f 4429 4428 4421
f 4422 4429 4421
f 4430 4429 4422
f 4423 4430 4422
f 4431 4430 4423
f 4424 4431 4423
f 4433 4432 4425
f 4426 4433 4425
f 4434 4433 4426
f 4427 4434 4426
f 4435 4434 4427
f 4428 4435 4427
f 4436 4435 4428
f 4429 4436 4428
f 4437 4436 4429
f 4430 4437 4429
f 4438 4437 4430
f 4431 4438 4430
f 4440 4439 4432
f 4433 4440 4432
f 4441 4440 4433
f 4434 4441 4433
f 4442 4441 4434
f 4435 4442 4434
f 4443 4442 4435
f 4436 4443 4435
f 4444 4443 4436
f 4437 4444 4436
f 4445 4444 4437
f 4438 4445 4437
f 4447 4446 4439
f 4440 4447 4439
f 4448 4447 4440
f 4441 4448 4440
f 4449 4448 4441
f 4442 4449 4441
f 4450 4449 4442
f 4443 4450 4442
f 4451 4450 4443
f 4444 4451 4443
f 4452 4451 4444
f 4445 4452 4444
f 4454 4453 4446
f 4447 4454 4446
f 4455 4454 4447
f 4448 4455 4447
f 4456 4455 4448
f 4449 4456 4448
f 4457 4456 4449
f 4450 4457 4449
f 4458 4457 4450
f 4451 4458 4450
f 4459 4458 4451
f 4452 4459 4451
f 4461 4460 4453
f 4454 4461 4453
f 4462 4461 4454
f 4455 4462 4454
f 4463 4462 4455
f 4456 4463 4455
f 4464 4463 4456
f 4457 4464 4456
f 4465 4464 4457
f 4458 4465 4457
f 4466 4465 4458
f 4459 4466 4458
f 4468 4467 4460
f 4461 4468 4460
f 4469 4468 4461
f 4462 4469 4461
f 4470 4469 4462
f 4463 4470 4462
f 4471 4470 4463
f 4464 4471 4463
f 4472 4471 4464
f 4465 4472 4464
f 4473 4472 4465
f 4466 4473 4465
f 4475 4474 4467
f 4468 4475 4467
f 4476 4475 4468
f 4469 4476 4468
f 4477 4476 4469
f 4470 4477 4469
f 4478 4477 4470
f 4471 4478 4470
f 4479 4478 4471
f 4472 4479 4471
f 4480 4479 4472
f 4473 4480 4472
f 4489 4488 4481
f 4482 4489 4481
f 4490 4489 4482
f 4483 4490 4482
f 4491 4490 4483
f 4484 4491 4483
f 4492 4491 4484
f 4485 4492 4484
f 4493 4492 4485
f 4486 4493 4485
f 4494 4493 4486
f 4487 4494 4486
f 4496 4495 4488
f 4489 4496 4488
f 4497 4496 4489
f 4490 4497 4489
f 4498 4497 4490
f 4491 4498 4490
f 4499 4498 4491
f 4492 4499 4491
f 4500 4499 4492
f 4493 4500 4492
f 4501 4500 4493
f 4494 4501 4493
f 4503 4502 4495
f 4496 4503 4495
f 4504 4503 4496
f 4497 4504 4496
f 4505 4504 4497
f 4498 4505 4497
f 4506 4505 4498
f 4499 4506 4498
f 4507 4506 4499
f 4500 4507 4499
f 4508 4507 4500
f 4501 4508 4500
f 4510 4509 4502
f 4503 4510 4502
f 4511 4510 4503
f 4504 4511 4503
f 4512 4511 4504
f 4505 4512 4504
f 4513 4512 4505
f 4506 4513 4505
f 4514 4513 4506
f 4507 4514 4506
f 4515 4514 4507
f 4508 4515 4507
f 4517 4516 4509
f 4510 4517 4509
f 4518 4517 4510
f 4511 4518 4510
f 4519 4518 4511
f 4512 4519 4511
f 4520 4519 4512
f 4513 4520 4512
f 4521 4520 4513
f 4514 4521 4513
f 4522 4521 4514
f 4515 4522 4514
f 4524 4523 4516
f 4517 4524 4516
f 4525 4524 4517
f 4518 4525 4517
f 4526 4525 4518
f 4519 4526 4518
f 4527 4526 4519
f 4520 4527 4519
f 4528 4527 4520
f 4521 4528 4520
f 4529 4528 4521
f 4522 4529 4521
f 4531 4530 4523
f 4524 4531 4523
f 4532 4531 4524
f 4525 4532 4524
f 4533 4532 4525
f 4526 4533 4525
f 4534 4533 4526
f 4527 4534 4526
f 4535 4534 4527
f 4528 4535 4527
f 4536 4535 4528
f 4529 4536 4528
f 4538 4537 4530
f 4531 4538 4530
f 4539 4538 4531
f 4532 4539 4531
f 4540 4539 4532
f 4533 4540 4532
f 4541 4540 4533
f 4534 4541 4533
f 4542 4541 4534
f 4535 4542 4534
f 4543 4542 4535
f 4536 4543 4535
f 4545 4544 4537
f 4538 4545 4537
f 4546 4545 4538
f 4539 4546 4538
f 4547 4546 4539
f 4540 4547 4539
f 4548 4547 4540
f 4541 4548 4540
f 4549 4548 4541
f 4542 4549 4541
f 4550 4549 4542
f 4543 4550 4542
f 4559 4558 4551
f 4552 4559 4551
f 4560 4559 4552
f 4553 4560 4552
f 4561 4560 4553
f 4554 4561 4553
f 4562 4561 4554
f 4555 4562 4554
f 4563 4562 4555
f 4556 4563 4555
f 4564 4563 4556
f 4557 4564 4556
f 4566 4565 4558
f 4559 4566 4558
f 4567 4566 4559
f 4560 4567 4559
f 4568 4567 4560
f 4561 4568 4560
f 4569 4568 4561
f 4562 4569 4561
f 4570 4569 4562
f 4563 4570 4562
f 4571 4570 4563
f 4564 4571 4563
f 4573 4572 4565
f 4566 4573 4565
f 4574 4573 4566
f 4567 4574 4566
f 4575 4574 4567
f 4568 4575 4567
f 4576 4575 4568
f 4569 4576 4568
f 4577 4576 4569
f 4570 4577 4569
f 4578 4577 4570
f 4571 4578 4570
f 4580 4579 4572
f 4573 4580 4572
f 4581 4580 4573
f 4574 4581 4573
f 4582 4581 4574
f 4575 4582 4574
f 4583 4582 4575
f 4576 4583 4575
f 4584 4583 4576
f 4577 4584 4576
f 4585 4584 4577
f 4578 4585 4577
f 4587 4586 4579
f 4580 4587 4579
f 4588 4587 4580
f 4581 4588 4580
f 4589 4588 4581
f 4582 4589 4581
f 4590 4589 4582
f 4583 4590 4582
f 4591 4590 4583
f 4584 4591 4583
f 4592 4591 4584
f 4585 4592 4584
f 4594 4593 4586
f 4587 4594 4586
f 4595 4594 4587
f 4588 4595 4587
f 4596 4595 4588
f 4589 4596 4588
f 4597 4596 4589
f 4590 4597 4589
f 4598 4597 4590
f 4591 4598 4590
f 4599 4598 4591
f 4592 4599 4591
f 4601 4600 4593
f 4594 4601 4593
f 4602 4601 4594
f 4595 4602 4594
f 4603 4602 4595
f 4596 4603 4595
f 4604 4603 4596
f 4597 4604 4596
f 4605 4604 4597
f 4598 4605 4597
f 4606 4605 4598
f 4599 4606 4598
f 4608 4607 4600
f 4601 4608 4600
f 4609 4608 4601
f 4602 4609 4601
f 4610 4609 4602
f 4603 4610 4602
f 4611 4610 4603
f 4604 4611 4603
f 4612 4611 4604
f 4605 4612 4604
f 4613 4612 4605
f 4606 4613 4605
f 4615 4614 4607
f 4608 4615 4607
f 4616 4615 4608
f 4609 4616 4608
f 4617 4616 4609
f 4610 4617 4609
f 4618 4617 4610
f 4611 4618 4610
f 4619 4618 4611
f 4612 4619 4611
f 4620 4619 4612
f 4613 4620 4612
f 4629 4628 4621
f 4622 4629 4621
f 4630 4629 4622
f 4623 4630 4622
f 4631 4630 4623
f 4624 4631 4623
f 4632 4631 4624
f 4625 4632 4624
f 4633 4632 4625
f 4626 4633 4625
f 4634 4633 4626
f 4627 4634 4626
f 4636 4635 4628
f 4629 4636 4628
f 4637 4636 4629
f 4630 4637 4629
f 4638 4637 4630
f 4631 4638 4630
f 4639 4638 4631
f 4632 4639 4631
f 4640 4639 4632
f 4633 4640 4632
f 4641 4640 4633
f 4634 4641 4633
f 4643 4642 4635
f 4636 4643 4635
f 4644 4643 4636
f 4637 4644 4636
f 4645 4644 4637
f 4638 4645 4637
f 4646 4645 4638
f 4639 4646 4638
f 4647 4646 4639
f 4640 4647 4639
f 4648 4647 4640
f 4641 4648 4640
f 4650 4649 4642
f 4643 4650 4642
f 4651 4650 4643
f 4644 4651 4643
f 4652 4651 4644
f 4645 4652 4644
f 4653 4652 4645
f 4646 4653 4645
f 4654 4653 4646
f 4647 4654 4646
f 4655 4654 4647
f 4648 4655 4647
f 4657 4656 4649
f 4650 4657 4649
f 4658 4657 4650
f 4651 4658 4650
f 4659 4658 4651
f 4652 4659 4651
f 4660 4659 4652
f 4653 4660 4652
f 4661 4660 4653
f 4654 4661 4653
f 4662 4661 4654
f 4655 4662 4654
f 4664 4663 4656
f 4657 4664 4656
f 4665 4664 4657
f 4658 4665 4657
f 4666 4665 4658
f 4659 4666 4658
f 4667 4666 4659
f 4660 4667 4659
f 4668 4667 4660
f 4661 4668 4660
f 4669 4668 4661
f 4662 4669 4661
f 4671 4670 4663
f 4664 4671 4663
f 4672 4671 4664
f 4665 4672 4664
f 4673 4672 4665
f 4666 4673 4665
f 4674 4673 4666
f 4667 4674 4666
f 4675 4674 4667
f 4668 4675 4667
f 4676 4675 4668
f 4669 4676 4668
f 4678 4677 4670
f 4671 4678 4670
f 4679 4678 4671
f 4672 4679 4671
f 4680 4679 4672
f 4673 4680 4672
f 4681 4680 4673
f 4674 4681 4673
f 4682 4681 4674
f 4675 4682 4674
f 4683 4682 4675
f 4676 4683 4675
f 4685 4684 4677
f 4678 4685 4677
f 4686 4685 4678
f 4679 4686 4678
f 4687 4686 4679
f 4680 4687 4679
f 4688 4687 4680
f 4681 4688 4680
f 4689 4688 4681
f 4682 4689 4681
f 4690 4689 4682
f 4683 4690 4682
f 4699 4698 4691
f 4692 4699 4691
f 4700 4699 4692
f 4693 4700 4692
f 4701 4700 4693
f 4694 4701 4693
f 4702 4701 4694
f 4695 4702 4694
f 4703 4702 4695
f 4696 4703 4695
f 4704 4703 4696
f 4697 4704 4696
f 4706 4705 4698
f 4699 4706 4698
f 4707 4706 4699
f 4700 4707 4699
f 4708 4707 4700
f 4701 4708 4700
f 4709 4708 4701
f 4702 4709 4701
f 4710 4709 4702
f 4703 4710 4702
f 4711 4710 4703
f 4704 4711 4703
f 4713 4712 4705
f 4706 4713 4705
f 4714 4713 4706
f 4707 4714 4706
f 4715 4714 4707
f 4708 4715 4707
f 4716 4715 4708
f 4709 4716 4708
f 4717 4716 4709
f 4710 4717 4709
f 4718 4717 4710
f 4711 4718 4710
f 4720 4719 4712
f 4713 4720 4712
f 4721 4720 4713
f 4714 4721 4713
f 4722 4721 4714
f 4715 4722 4714
f 4723 4722 4715
f 4716 4723 4715
f 4724 4723 4716
f 4717 4724 4716
f 4725 4724 4717
f 4718 4725 4717
f 4727 4726 4719
f 4720 4727 4719
f 4728 4727 4720
f 4721 4728 4720
f 4729 4728 4721
f 4722 4729 4721
f 4730 4729 4722
f 4723 4730 4722
f 4731 4730 4723
f 4724 4731 4723
f 4732 4731 4724
f 4725 4732 4724
f 4734 4733 4726
f 4727 4734 4726
f 4735 4734 4727
f 4728 4735 4727
f 4736 4735 4728
f 4729 4736 4728
f 4737 4736 4729
f 4730 4737 4729
f 4738 4737 4730
f 4731 4738 4730
f 4739 4738 4731
f 4732 4739 4731
f 4741 4740 4733
f 4734 4741 4733
f 4742 4741 4734
f 4735 4742 4734
f 4743 4742 4735
f 4736 4743 4735
f 4744 4743 4736
f 4737 4744 4736
f 4745 4744 4737
f 4738 4745 4737
f 4746 4745 4738
f 4739 4746 4738
f 4748 4747 4740
f 4741 4748 4740
f 4749 4748 4741
f 4742 4749 4741
f 4750 4749 4742
f 4743 4750 4742
f 4751 4750 4743
f 4744 4751 4743
f 4752 4751 4744
f 4745 4752 4744
f 4753 4752 4745
f 4746 4753 4745
f 4755 4754 4747
f 4748 4755 4747
f 4756 4755 4748
f 4749 4756 4748
f 4757 4756 4749
f 4750 4757 4749
f 4758 4757 4750
f 4751 4758 4750
f 4759 4758 4751
f 4752 4759 4751
f 4760 4759 4752
f 4753 4760 4752
f 4769 4768 4761
f 4762 4769 4761
f 4770 4769 4762
f 4763 4770 4762
f 4771 4770 4763
f 4764 4771 4763
f 4772 4771 4764
f 4765 4772 4764
f 4773 4772 4765
f 4766 4773 4765
f 4774 4773 4766
f 4767 4774 4766
f 4776 4775 4768
f 4769 4776 4768
f 4777 4776 4769
f 4770 4777 4769
f 4778 4777 4770
f 4771 4778 4770
f 4779 4778 4771
f 4772 4779 4771
f 4780 4779 4772
f 4773 4780 4772
f 4781 4780 4773
f 4774 4781 4773
f 4783 4782 4775
f 4776 4783 4775
f 4784 4783 4776
f 4777 4784 4776
f 4785 4784 4777
f 4778 4785 4777
f 4786 4785 4778
f 4779 4786 4778
f 4787 4786 4779
f 4780 4787 4779
f 4788 4787 4780
f 4781 4788 4780
f 4790 4789 4782
f 4783 4790 4782
f 4791 4790 4783
f 4784 4791 4783
f 4792 4791 4784
f 4785 4792 4784
f 4793 4792 4785
f 4786 4793 4785
f 4794 4793 4786
f 4787 4794 4786
f 4795 4794 4787
f 4788 4795 4787
f 4797 4796 4789
f 4790 4797 4789
f 4798 4797 4790
f 4791 4798 4790
f 4799 4798 4791
f 4792 4799 4791
f 4800 4799 4792
f 4793 4800 4792
f 4801 4800 4793
f 4794 4801 4793
f 4802 4801 4794
f 4795 4802 4794
f 4804 4803 4796
f 4797 4804 4796
f 4805 4804 4797
f 4798 4805 4797
f 4806 4805 4798
f 4799 4806 4798
f 4807 4806 4799
f 4800 4807 4799
f 4808 4807 4800
f 4801 4808 4800
f 4809 4808 4801
f 4802 4809 4801
f 4811 4810 4803
f 4804 4811 4803
f 4812 4811 4804
f 4805 4812 4804
f 4813 4812 4805
f 4806 4813 4805
f 4814 4813 4806
f 4807 4814 4806
f 4815 4814 4807
f 4808 4815 4807
f 4816 4815 4808
f 4809 4816 4808
f 4818 4817 4810
f 4811 4818 4810
f 4819 4818 4811
f 4812 4819 4811
f 4820 4819 4812
f 4813 4820 4812
f 4821 4820 4813
f 4814 4821 4813
f 4822 4821 4814
f 4815 4822 4814
f 4823 4822 4815
f 4816 4823 4815
f 4825 4824 4817
f 4818 4825 4817
f 4826 4825 4818
f 4819 4826 4818
f 4827 4826 4819
f 4820 4827 4819
f 4828 4827 4820
f 4821 4828 4820
f 4829 4828 4821
f 4822 4829 4821
f 4830 4829 4822
f 4823 4830 4822
f 4839 4838 4831
f 4832 4839 4831
f 4840 4839 4832
f 4833 4840 4832
f 4841 4840 4833
f 4834 4841 4833
f 4842 4841 4834
f 4835 4842 4834
f 4843 4842 4835
f 4836 4843 4835
f 4844 4843 4836
f 4837 4844 4836
f 4846 4845 4838
f 4839 4846 4838
f 4847 4846 4839
f 4840 4847 4839
f 4848 4847 4840
f 4841 4848 4840
f 4849 4848 4841
f 4842 4849 4841
f 4850 4849 4842
f 4843 4850 4842
f 4851 4850 4843
f 4844 4851 4843
f 4853 4852 4845
f 4846 4853 4845
f 4854 4853 4846
f 4847 4854 4846
f 4855 4854 4847
f 4848 4855 4847
f 4856 4855 4848
f 4849 4856 4848
f 4857 4856 4849
f 4850 4857 4849
f 4858 4857 4850
f 4851 4858 4850
f 4860 4859 4852
f 4853 4860 4852
f 4861 4860 4853
f 4854 4861 4853
f 4862 4861 4854
f 4855 4862 4854
f 4863 4862 4855
f 4856 4863 4855
f 4864 4863 4856
f 4857 4864 4856
f 4865 4864 4857
f 4858 4865 4857
f 4867 4866 4859
f 4860 4867 4859
f 4868 4867 4860
f 4861 4868 4860
f 4869 4868 4861
f 4862 4869 4861
f 4870 4869 4862
f 4863 4870 4862
f 4871 4870 4863
f 4864 4871 4863
f 4872 4871 4864
f 4865 4872 4864
f 4874 4873 4866
f 4867 4874 4866
f 4875 4874 4867
f 4868 4875 4867
f 4876 4875 4868
f 4869 4876 4868
f 4877 4876 4869
f 4870 4877 4869
f 4878 4877 4870
f 4871 4878 4870
f 4879 4878 4871
f 4872 4879 4871
f 4881 4880 4873
f 4874 4881 4873
f 4882 4881 4874
f 4875 4882 4874
f 4883 4882 4875
f 4876 4883 4875
f 4884 4883 4876
f 4877 4884 4876
f 4885 4884 4877
f 4878 4885 4877
f 4886 4885 4878
f 4879 4886 4878
f 4888 4887 4880
f 4881 4888 4880
f 4889 4888 4881
f 4882 4889 4881
f 4890 4889 4882
f 4883 4890 4882
f 4891 4890 4883
f 4884 4891 4883
f 4892 4891 4884
f 4885 4892 4884
f 4893 4892 4885
f 4886 4893 4885
f 4895 4894 4887
f 4888 4895 4887
f 4896 4895 4888
f 4889 4896 4888
f 4897 4896 4889
f 4890 4897 4889
f 4898 4897 4890
f 4891 4898 4890
f 4899 4898 4891
f 4892 4899 4891
f 4900 4899 4892
f 4893 4900 4892
f 4909 4908 4901
f 4902 4909 4901
f 4910 4909 4902
f 4903 4910 4902
f 4911 4910 4903
f 4904 4911 4903
f 4912 4911 4904
f 4905 4912 4904
f 4913 4912 4905
f 4906 4913 4905
f 4914 4913 4906
f 4907 4914 4906
f 4916 4915 4908
f 4909 4916 4908
f 4917 4916 4909
f 4910 4917 4909
f 4918 4917 4910
f 4911 4918 4910
f 4919 4918 4911
f 4912 4919 4911
f 4920 4919 4912
f 4913 4920 4912
f 4921 4920 4913
f 4914 4921 4913
f 4923 4922 4915
f 4916 4923 4915
f 4924 4923 4916
f 4917 4924 4916
f 4925 4924 4917
f 4918 4925 4917
f 4926 4925 4918
f 4919 4926 4918
f 4927 4926 4919
f 4920 4927 4919
f 4928 4927 4920
f 4921 4928 4920
f 4930 4929 4922
f 4923 4930 4922
f 4931 4930 4923
f 4924 4931 4923
f 4932 4931 4924
f 4925 4932 4924
f 4933 4932 4925
f 4926 4933 4925
f 4934 4933 4926
f 4927 4934 4926
f 4935 4934 4927
f 4928 4935 4927
f 4937 4936 4929
f 4930 4937 4929
f 4938 4937 4930
f 4931 4938 4930
f 4939 4938 4931
f 4932 4939 4931
f 4940 4939 4932
f 4933 4940 4932
f 4941 4940 4933
f 4934 4941 4933
f 4942 4941 4934
f 4935 4942 4934
f 4944 4943 4936
f 4937 4944 4936
f 4945 4944 4937
f 4938 4945 4937
f 4946 4945 4938
f 4939 4946 4938
f 4947 4946 4939
f 4940 4947 4939
f 4948 4947 4940
f 4941 4948 4940
f 4949 4948 4941
f 4942 4949 4941
f 4951 4950 4943
f 4944 4951 4943
f 4952 4951 4944
f 4945 4952 4944
f 4953 4952 4945
f 4946 4953 4945
f 4954 4953 4946
f 4947 4954 4946
f 4955 4954 4947
f 4948 4955 4947
f 4956 4955 4948
f 4949 4956 4948
f 4958 4957 4950
f 4951 4958 4950
f 4959 4958 4951
f 4952 4959 4951
f 4960 4959 4952
f 4953 4960 4952
f 4961 4960 4953
f 4954 4961 4953
f 4962 4961 4954
f 4955 4962 4954
f 4963 4962 4955
f 4956 4963 4955
f 4965 4964 4957
f 4958 4965 4957
f 4966 4965 4958
f 4959 4966 4958
f 4967 4966 4959
f 4960 4967 4959
f 4968 4967 4960
f 4961 4968 4960
f 4969 4968 4961
f 4962 4969 4961
f 4970 4969 4962
f 4963 4970 4962
f 4979 4978 4971
f 4972 4979 4971
f 4980 4979 4972
f 4973 4980 4972
f 4981 4980 4973
f 4974 4981 4973
f 4982 4981 4974
f 4975 4982 4974
f 4983 4982 4975
f 4976 4983 4975
f 4984 4983 4976
f 4977 4984 4976
f 4986 4985 4978
f 4979 4986 4978
f 4987 4986 4979
f 4980 4987 4979
f 4988 4987 4980
f 4981 4988 4980
f 4989 4988 4981
f 4982 4989 4981
f 4990 4989 4982
f 4983 4990 4982
f 4991 4990 4983
f 4984 4991 4983
f 4993 4992 4985
f 4986 4993 4985
f 4994 4993 4986
f 4987 4994 4986
f 4995 4994 4987
f 4988 4995 4987
f 4996 4995 4988
f 4989 4996 4988
f 4997 4996 4989
f 4990 4997 4989
f 4998 4997 4990
f 4991 4998 4990
f 5000 4999 4992
f 4993 5000 4992
f 5001 5000 4993
f 4994 5001 4993
f 5002 5001 4994
f 4995 5002 4994
f 5003 5002 4995
f 4996 5003 4995
f 5004 5003 4996
f 4997 5004 4996
f 5005 5004 4997
f 4998 5005 4997
f 5007 5006 4999
f 5000 5007 4999
f 5008 5007 5000
f 5001 5008 5000
f 5009 5008 5001
f 5002 5009 5001
f 5010 5009 5002
f 5003 5010 5002
f 5011 5010 5003
f 5004 5011 5003
f 5012 5011 5004
f 5005 5012 5004
f 5014 5013 5006
f 5007 5014 5006
f 5015 5014 5007
f 5008 5015 5007
f 5016 5015 5008
f 5009 5016 5008
f 5017 5016 5009
f 5010 5017 5009
f 5018 5017 5010
f 5011 5018 5010
f 5019 5018 5011
f 5012 5019 5011
f 5021 5020 5013
f 5014 5021 5013
f 5022 5021 5014
f 5015 5022 5014
f 5023 5022 5015
f 5016 5023 5015
f 5024 5023 5016
f 5017 5024 5016
f 5025 5024 5017
f 5018 5025 5017
f 5026 5025 5018
f 5019 5026 5018
f 5028 5027 5020
f 5021 5028 5020
f 5029 5028 5021
f 5022 5029 5021
f 5030 5029 5022
f 5023 5030 5022
f 5031 5030 5023
f 5024 5031 5023
f 5032 5031 5024
f 5025 5032 5024
f 5033 5032 5025
f 5026 5033 5025
f 5035 5034 5027
f 5028 5035 5027
f 5036 5035 5028
f 5029 5036 5028
f 5037 5036 5029
f 5030 5037 5029
f 5038 5037 5030
f 5031 5038 5030
f 5039 5038 5031
f 5032 5039 5031
f 5040 5039 5032
f 5033 5040 5032
f 5049 5048 5041
f 5042 5049 5041
f 5050 5049 5042
f 5043 5050 5042
f 5051 5050 5043
f 5044 5051 5043
f 5052 5051 5044
f 5045 5052 5044
f 5053 5052 5045
f 5046 5053 5045
f 5054 5053 5046
f 5047 5054 5046
f 5056 5055 5048
f 5049 5056 5048
f 5057 5056 5049
f 5050 5057 5049
f 5058 5057 5050
f 5051 5058 5050
f 5059 5058 5051
f 5052 5059 5051
f 5060 5059 5052
f 5053 5060 5052
f 5061 5060 5053
f 5054 5061 5053
f 5063 5062 5055
f 5056 5063 5055
f 5064 5063 5056
f 5057 5064 5056
f 5065 5064 5057
f 5058 5065 5057
f 5066 5065 5058
f 5059 5066 5058
f 5067 5066 5059
f 5060 5067 5059
f 5068 5067 5060
f 5061 5068 5060
f 5070 5069 5062
f 5063 5070 5062
f 5071 5070 5063
f 5064 5071 5063
f 5072 5071 5064
f 5065 5072 5064
f 5073 5072 5065
f 5066 5073 5065
f 5074 5073 5066
f 5067 5074 5066
f 5075 5074 5067
f 5068 5075 5067
f 5077 5076 5069
f 5070 5077 5069
f 5078 5077 5070
f 5071 5078 5070
f 5079 5078 5071
f 5072 5079 5071
f 5080 5079 5072
f 5073 5080 5072
f 5081 5080 5073
f 5074 5081 5073
f 5082 5081 5074
f 5075 5082 5074
f 5084 5083 5076
f 5077 5084 5076
f 5085 5084 5077
f 5078 5085 5077
f 5086 5085 5078
f 5079 5086 5078
f 5087 5086 5079
f 5080 5087 5079
f 5088 5087 5080
f 5081 5088 5080
f 5089 5088 5081
f 5082 5089 5081
f 5091 5090 5083
f 5084 5091 5083
f 5092 5091 5084
f 5085 5092 5084
f 5093 5092 5085
f 5086 5093 5085
f 5094 5093 5086
f 5087 5094 5086
f 5095 5094 5087
f 5088 5095 5087
f 5096 5095 5088
f 5089 5096 5088
f 5098 5097 5090
f 5091 5098 5090
f 5099 5098 5091
f 5092 5099 5091
f 5100 5099 5092
f 5093 5100 5092
f 5101 5100 5093
f 5094 5101 5093
f 5102 5101 5094
f 5095 5102 5094
f 5103 5102 5095
f 5096 5103 5095
f 5105 5104 5097
f 5098 5105 5097
f 5106 5105 5098
f 5099 5106 5098
f 5107 5106 5099
f 5100 5107 5099
f 5108 5107 5100
f 5101 5108 5100
f 5109 5108 5101
f 5102 5109 5101
f 5110 5109 5102
f 5103 5110 5102
f 5119 5118 5111
f 5112 5119 5111
f 5120 5119 5112
f 5113 5120 5112
f 5121 5120 5113
f 5114 5121 5113
f 5122 5121 5114
f 5115 5122 5114
f 5123 5122 5115
f 5116 5123 5115
f 5124 5123 5116
f 5117 5124 5116
f 5126 5125 5118
f 5119 5126 5118
f 5127 5126 5119
f 5120 5127 5119
f 5128 5127 5120
f 5121 5128 5120
f 5129 5128 5121
f 5122 5129 5121
f 5130 5129 5122
f 5123 5130 5122
f 5131 5130 5123
f 5124 5131 5123
f 5133 5132 5125
f 5126 5133 5125
f 5134 5133 5126
f 5127 5134 5126
f 5135 5134 5127
f 5128 5135 5127
f 5136 5135 5128
f 5129 5136 5128
f 5137 5136 5129
f 5130 5137 5129
f 5138 5137 5130
f 5131 5138 5130
f 5140 5139 5132
f 5133 5140 5132
f 5141 5140 5133
f 5134 5141 5133
f 5142 5141 5134
f 5135 5142 5134
f 5143 5142 5135
f 5136 5143 5135
f 5144 5143 5136
f 5137 5144 5136
f 5145 5144 5137
f 5138 5145 5137
f 5147 5146 5139
f 5140 5147 5139
f 5148 5147 5140
f 5141 5148 5140
f 5149 5148 5141
f 5142 5149 5141
f 5150 5149 5142
f 5143 5150 5142
f 5151 5150 5143
f 5144 5151 5143
f 5152 5151 5144
f 5145 5152 5144
f 5154 5153 5146
f 5147 5154 5146
f 5155 5154 5147
f 5148 5155 5147
f 5156 5155 5148
f 5149 5156 5148
f 5157 5156 5149
f 5150 5157 5149
f 5158 5157 5150
f 5151 5158 5150
f 5159 5158 5151
f 5152 5159 5151
f 5161 5160 5153
f 5154 5161 5153
f 5162 5161 5154
f 5155 5162 5154
f 5163 5162 5155
f 5156 5163 5155
f 5164 5163 5156
f 5157 5164 5156
f 5165 5164 5157
f 5158 5165 5157
f 5166 5165 5158
f 5159 5166 5158
f 5168 5167 5160
f 5161 5168 5160
f 5169 5168 5161
f 5162 5169 5161
f 5170 5169 5162
f 5163 5170 5162
f 5171 5170 5163
f 5164 5171 5163
f 5172 5171 5164
f 5165 5172 5164
f 5173 5172 5165
f 5166 5173 5165
f 5175 5174 5167
f 5168 5175 5167
f 5176 5175 5168
f 5169 5176 5168
f 5177 5176 5169
f 5170 5177 5169
f 5178 5177 5170
f 5171 5178 5170
f 5179 5178 5171
f 5172 5179 5171
f 5180 5179 5172
f 5173 5180 5172
f 5189 5188 5181
f 5182 5189 5181
f 5190 5189 5182
f 5183 5190 5182
f 5191 5190 5183
f 5184 5191 5183
f 5192 5191 5184
f 5185 5192 5184
f 5193 5192 5185
f 5186 5193 5185
f 5194 5193 5186
f 5187 5194 5186
f 5196 5195 5188
f 5189 5196 5188
f 5197 5196 5189
f 5190 5197 5189
f 5198 5197 5190
f 5191 5198 5190
f 5199 5198 5191
f 5192 5199 5191
f 5200 5199 5192
f 5193 5200 5192
f 5201 5200 5193
f 5194 5201 5193
f 5203 5202 5195
f 5196 5203 5195
f 5204 5203 5196
f 5197 5204 5196
f 5205 5204 5197
f 5198 5205 5197
f 5206 5205 5198
f 5199 5206 5198
f 5207 5206 5199
f 5200 5207 5199
f 5208 5207 5200
f 5201 5208 5200
f 5210 5209 5202
f 5203 5210 5202
f 5211 5210 5203
f 5204 5211 5203
f 5212 5211 5204
f 5205 5212 5204
f 5213 5212 5205
f 5206 5213 5205
f 5214 5213 5206
f 5207 5214 5206
f 5215 5214 5207
f 5208 5215 5207
f 5217 5216 5209
f 5210 5217 5209
f 5218 5217 5210
f 5211 5218 5210
f 5219 5218 5211
f 5212 5219 5211
f 5220 5219 5212
f 5213 5220 5212
f 5221 5220 5213
f 5214 5221 5213
f 5222 5221 5214
f 5215 5222 5214
f 5224 5223 5216
f 5217 5224 5216
f 5225 5224 5217
f 5218 5225 5217
f 5226 5225 5218
f 5219 5226 5218
f 5227 5226 5219
f 5220 5227 5219
f 5228 5227 5220
f 5221 5228 5220
f 5229 5228 5221
f 5222 5229 5221
f 5231 5230 5223
f 5224 5231 5223
f 5232 5231 5224
f 5225 5232 5224
f 5233 5232 5225
f 5226 5233 5225
f 5234 5233 5226
f 5227 5234 5226
f 5235 5234 5227
f 5228 5235 5227
f 5236 5235 5228
f 5229 5236 5228
f 5238 5237 5230
f 5231 5238 5230
f 5239 5238 5231
f 5232 5239 5231
f 5240 5239 5232
f 5233 5240 5232
f 5241 5240 5233
f 5234 5241 5233
f 5242 5241 5234
f 5235 5242 5234
f 5243 5242 5235
f 5236 5243 5235
f 5245 5244 5237
f 5238 5245 5237
f 5246 5245 5238
f 5239 5246 5238
f 5247 5246 5239
f 5240 5247 5239
f 5248 5247 5240
f 5241 5248 5240
f 5249 5248 5241
f 5242 5249 5241
f 5250 5249 5242
f 5243 5250 5242
f 5259 5258 5251
f 5252 5259 5251
f 5260 5259 5252
f 5253 5260 5252
f 5261 5260 5253
f 5254 5261 5253
f 5262 5261 5254
f 5255 5262 5254
f 5263 5262 5255
f 5256 5263 5255
f 5264 5263 5256
f 5257 5264 5256
f 5266 5265 5258
f 5259 5266 5258
f 5267 5266 5259
f 5260 5267 5259
f 5268 5267 5260
f 5261 5268 5260
f 5269 5268 5261
f 5262 5269 5261
f 5270 5269 5262
f 5263 5270 5262
f 5271 5270 5263
f 5264 5271 5263
f 5273 5272 5265
f 5266 5273 5265
f 5274 5273 5266
f 5267 5274 5266
f 5275 5274 5267
f 5268 5275 5267
f 5276 5275 5268
f 5269 5276 5268
f 5277 5276 5269
f 5270 5277 5269
f 5278 5277 5270
f 5271 5278 5270
f 5280 5279 5272
f 5273 5280 5272
f 5281 5280 5273
f 5274 5281 5273
f 5282 5281 5274
f 5275 5282 5274
f 5283 5282 5275
f 5276 5283 5275
f 5284 5283 5276
f 5277 5284 5276
f 5285 5284 5277
f 5278 5285 5277
f 5287 5286 5279
f 5280 5287 5279
f 5288 5287 5280
f 5281 5288 5280
f 5289 5288 5281
f 5282 5289 5281
f 5290 5289 5282
f 5283 5290 5282
f 5291 5290 5283
f 5284 5291 5283
f 5292 5291 5284
f 5285 5292 5284
f 5294 5293 5286
f 5287 5294 5286
f 5295 5294 5287
f 5288 5295 5287
f 5296 5295 5288
f 5289 5296 5288
f 5297 5296 5289
f 5290 5297 5289
f 5298 5297 5290
f 5291 5298 5290
f 5299 5298 5291
f 5292 5299 5291
f 5301 5300 5293
f 5294 5301 5293
f 5302 5301 5294
f 5295 5302 5294
f 5303 5302 5295
f 5296 5303 5295
f 5304 5303 5296
f 5297 5304 5296
f 5305 5304 5297
f 5298 5305 5297
f 5306 5305 5298
f 5299 5306 5298
f 5308 5307 5300
f 5301 5308 5300
f 5309 5308 5301
f 5302 5309 5301
f 5310 5309 5302
f 5303 5310 5302
f 5311 5310 5303
f 5304 5311 5303
f 5312 5311 5304
f 5305 5312 5304
f 5313 5312 5305
f 5306 5313 5305
f 5315 5314 5307
f 5308 5315 5307
f 5316 5315 5308
f 5309 5316 5308
f 5317 5316 5309
f 5310 5317 5309
f 5318 5317 5310
f 5311 5318 5310
f 5319 5318 5311
f 5312 5319 5311
f 5320 5319 5312
f 5313 5320 5312
f 5329 5328 5321
f 5322 5329 5321
f 5330 5329 5322
f 5323 5330 5322
f 5331 5330 5323
f 5324 5331 5323
f 5332 5331 5324
f 5325 5332 5324
f 5333 5332 5325
f 5326 5333 5325
f 5334 5333 5326
f 5327 5334 5326
f 5336 5335 5328
f 5329 5336 5328
f 5337 5336 5329
f 5330 5337 5329
f 5338 5337 5330
f 5331 5338 5330
f 5339 5338 5331
f 5332 5339 5331
f 5340 5339 5332
f 5333 5340 5332
f 5341 5340 5333
f 5334 5341 5333
f 5343 5342 5335
f 5336 5343 5335
f 5344 5343 5336
f 5337 5344 5336
f 5345 5344 5337
f 5338 5345 5337
f 5346 5345 5338
f 5339 5346 5338
f 5347 5346 5339
f 5340 5347 5339
f 5348 5347 5340
f 5341 5348 5340
f 5350 5349 5342
f 5343 5350 5342
f 5351 5350 5343
f 5344 5351 5343
f 5352 5351 5344
f 5345 5352 5344
f 5353 5352 5345
f 5346 5353 5345
f 5354 5353 5346
f 5347 5354 5346
f 5355 5354 5347
f 5348 5355 5347
f 5357 5356 5349
f 5350 5357 5349
f 5358 5357 5350
f 5351 5358 5350
f 5359 5358 5351
f 5352 5359 5351
f 5360 5359 5352
f 5353 5360 5352
f 5361 5360 5353
f 5354 5361 5353
f 5362 5361 5354
f 5355 5362 5354
f 5364 5363 5356
f 5357 5364 5356
f 5365 5364 5357
f 5358 5365 5357
f 5366 5365 5358
f 5359 5366 5358
f 5367 5366 5359
f 5360 5367 5359
f 5368 5367 5360
f 5361 5368 5360
f 5369 5368 5361
f 5362 5369 5361
f 5371 5370 5363
f 5364 5371 5363
f 5372 5371 5364
f 5365 5372 5364
f 5373 5372 5365
f 5366 5373 5365
f 5374 5373 5366
f 5367 5374 5366
f 5375 5374 5367
f 5368 5375 5367
f 5376 5375 5368
f 5369 5376 5368
f 5378 5377 5370
f 5371 5378 5370
f 5379 5378 5371
f 5372 5379 5371
f 5380 5379 5372
f 5373 5380 5372
f 5381 5380 5373
f 5374 5381 5373
f 5382 5381 5374
f 5375 5382 5374
f 5383 5382 5375
f 5376 5383 5375
f 5385 5384 5377
f 5378 5385 5377
f 5386 5385 5378
f 5379 5386 5378
f 5387 5386 5379
f 5380 5387 5379
f 5388 5387 5380
f 5381 5388 5380
f 5389 5388 5381
f 5382 5389 5381
f 5390 5389 5382
f 5383 5390 5382
f 5399 5398 5391
f 5392 5399 5391
f 5400 5399 5392
f 5393 5400 5392
f 5401 5400 5393
f 5394 5401 5393
f 5402 5401 5394
f 5395 5402 5394
f 5403 5402 5395
f 5396 5403 5395
f 5404 5403 5396
f 5397 5404 5396
f 5406 5405 5398
f 5399 5406 5398
f 5407 5406 5399
f 5400 5407 5399
f 5408 5407 5400
f 5401 5408 5400
f 5409 5408 5401
f 5402 5409 5401
f 5410 5409 5402
f 5403 5410 5402
f 5411 5410 5403
f 5404 5411 5403
f 5413 5412 5405
f 5406 5413 5405
f 5414 5413 5406
f 5407 5414 5406
f 5415 5414 5407
f 5408 5415 5407
f 5416 5415 5408
f 5409 5416 5408
f 5417 5416 5409
f 5410 5417 5409
f 5418 5417 5410
f 5411 5418 5410
f 5420 5419 5412
f 5413 5420 5412
f 5421 5420 5413
f 5414 5421 5413
f 5422 5421 5414
f 5415 5422 5414
f 5423 5422 5415
f 5416 5423 5415
f 5424 5423 5416
f 5417 5424 5416
f 5425 5424 5417
f 5418 5425 5417
f 5427 5426 5419
f 5420 5427 5419
f 5428 5427 5420
f 5421 5428 5420
f 5429 5428 5421
f 5422 5429 5421
f 5430 5429 5422
f 5423 5430 5422
f 5431 5430 5423
f 5424 5431 5423
f 5432 5431 5424
f 5425 5432 5424
f 5434 5433 5426
f 5427 5434 5426
f 5435 5434 5427
f 5428 5435 5427
f 5436 5435 5428
f 5429 5436 5428
f 5437 5436 5429
f 5430 5437 5429
f 5438 5437 5430
f 5431 5438 5430
f 5439 5438 5431
f 5432 5439 5431
f 5441 5440 5433
f 5434 5441 5433
f 5442 5441 5434
f 5435 5442 5434
f 5443 5442 5435
f 5436 5443 5435
f 5444 5443 5436
f 5437 5444 5436
f 5445 5444 5437
f 5438 5445 5437
f 5446 5445 5438
f 5439 5446 5438
f 5448 5447 5440
f 5441 5448 5440
f 5449 5448 5441
f 5442 5449 5441
f 5450 5449 5442
f 5443 5450 5442
f 5451 5450 5443
f 5444 5451 5443
f 5452 5451 5444
f 5445 5452 5444
f 5453 5452 5445
f 5446 5453 5445
f 5455 5454 5447
f 5448 5455 5447
f 5456 5455 5448
f 5449 5456 5448
f 5457 5456 5449
f 5450 5457 5449
f 5458 5457 5450
f 5451 5458 5450
f 5459 5458 5451
f 5452 5459 5451
f 5460 5459 5452
f 5453 5460 5452
f 5469 5468 5461
f 5462 5469 5461
f 5470 5469 5462
f 5463 5470 5462
f 5471 5470 5463
f 5464 5471 5463
f 5472 5471 5464
f 5465 5472 5464
f 5473 5472 5465
f 5466 5473 5465
f 5474 5473 5466
f 5467 5474 5466
f 5476 5475 5468
f 5469 5476 5468
f 5477 5476 5469
f 5470 5477 5469
f 5478 5477 5470
f 5471 5478 5470
f 5479 5478 5471
f 5472 5479 5471
f 5480 5479 5472
f 5473 5480 5472
f 5481 5480 5473
f 5474 5481 5473
f 5483 5482 5475
f 5476 5483 5475
f 5484 5483 5476
f 5477 5484 5476
f 5485 5484 5477
f 5478 5485 5477
f 5486 5485 5478
f 5479 5486 5478
f 5487 5486 5479
f 5480 5487 5479
f 5488 5487 5480
f 5481 5488 5480
f 5490 5489 5482
f 5483 5490 5482
f 5491 5490 5483
f 5484 5491 5483
f 5492 5491 5484
f 5485 5492 5484
f 5493 5492 5485
f 5486 5493 5485
f 5494 5493 5486
f 5487 5494 5486
f 5495 5494 5487
f 5488 5495 5487
f 5497 5496 5489
f 5490 5497 5489
f 5498 5497 5490
f 5491 5498 5490
f 5499 5498 5491
f 5492 5499 5491
f 5500 5499 5492
f 5493 5500 5492
f 5501 5500 5493
f 5494 5501 5493
f 5502 5501 5494
f 5495 5502 5494
f 5504 5503 5496
f 5497 5504 5496
f 5505 5504 5497
f 5498 5505 5497
f 5506 5505 5498
f 5499 5506 5498
f 5507 5506 5499
f 5500 5507 5499
f 5508 5507 5500
f 5501 5508 5500
f 5509 5508 5501
f 5502 5509 5501
f 5511 5510 5503
f 5504 5511 5503
f 5512 5511 5504
f 5505 5512 5504
f 5513 5512 5505
f 5506 5513 5505
f 5514 5513 5506
f 5507 5514 5506
f 5515 5514 5507
f 5508 5515 5507
f 5516 5515 5508
f 5509 5516 5508
f 5518 5517 5510
f 5511 5518 5510
f 5519 5518 5511
f 5512 5519 5511
f 5520 5519 5512
f 5513 5520 5512
f 5521 5520 5513
f 5514 5521 5513
f 5522 5521 5514
f 5515 5522 5514
f 5523 5522 5515
f 5516 5523 5515
f 5525 5524 5517
f 5518 5525 5517
f 5526 5525 5518
f 5519 5526 5518
f 5527 5526 5519
f 5520 5527 5519
f 5528 5527 5520
f 5521 5528 5520
f 5529 5528 5521
f 5522 5529 5521
f 5530 5529 5522
f 5523 5530 5522
f 5539 5538 5531
f 5532 5539 5531
f 5540 5539 5532
f 5533 5540 5532
f 5541 5540 5533
f 5534 5541 5533
f 5542 5541 5534
f 5535 5542 5534
f 5543 5542 5535
f 5536 5543 5535
f 5544 5543 5536
f 5537 5544 5536
f 5546 5545 5538
f 5539 5546 5538
f 5547 5546 5539
f 5540 5547 5539
f 5548 5547 5540
f 5541 5548 5540
f 5549 5548 5541
f 5542 5549 5541
f 5550 5549 5542
f 5543 5550 5542
f 5551 5550 5543
f 5544 5551 5543
f 5553 5552 5545
f 5546 5553 5545
f 5554 5553 5546
f 5547 5554 5546
f 5555 5554 5547
f 5548 5555 5547
f 5556 5555 5548
f 5549 5556 5548
f 5557 5556 5549
f 5550 5557 5549
f 5558 5557 5550
f 5551 5558 5550
f 5560 5559 5552
f 5553 5560 5552
f 5561 5560 5553
f 5554 5561 5553
f 5562 5561 5554
f 5555 5562 5554
f 5563 5562 5555
f 5556 5563 5555
f 5564 5563 5556
f 5557 5564 5556
f 5565 5564 5557
f 5558 5565 5557
f 5567 5566 5559
f 5560 5567 5559
f 5568 5567 5560
f 5561 5568 5560
f 5569 5568 5561
f 5562 5569 5561
f 5570 5569 5562
f 5563 5570 5562
f 5571 5570 5563
f 5564 5571 5563
f 5572 5571 5564
f 5565 5572 5564
f 5574 5573 5566
f 5567 5574 5566
f 5575 5574 5567
f 5568 5575 5567
f 5576 5575 5568
f 5569 5576 5568
f 5577 5576 5569
f 5570 5577 5569
f 5578 5577 5570
f 5571 5578 5570
f 5579 5578 5571
f 5572 5579 5571
f 5581 5580 5573
f 5574 5581 5573
f 5582 5581 5574
f 5575 5582 5574
f 5583 5582 5575
f 5576 5583 5575
f 5584 5583 5576
f 5577 5584 5576
f 5585 5584 5577
f 5578 5585 5577
f 5586 5585 5578
f 5579 5586 5578
f 5588 5587 5580
f 5581 5588 5580
f 5589 5588 5581
f 5582 5589 5581
f 5590 5589 5582
f 5583 5590 5582
f 5591 5590 5583
f 5584 5591 5583
f 5592 5591 5584
f 5585 5592 5584
f 5593 5592 5585
f 5586 5593 5585
f 5595 5594 5587
f 5588 5595 5587
f 5596 5595 5588
f 5589 5596 5588
f 5597 5596 5589
f 5590 5597 5589
f 5598 5597 5590
f 5591 5598 5590
f 5599 5598 5591
f 5592 5599 5591
f 5600 5599 5592
f 5593 5600 5592
f 5609 5608 5601
f 5602 5609 5601
f 5610 5609 5602
f 5603 5610 5602
f 5611 5610 5603
f 5604 5611 5603
f 5612 5611 5604
f 5605 5612 5604
f 5613 5612 5605
f 5606 5613 5605
f 5614 5613 5606
f 5607 5614 5606
f 5616 5615 5608
f 5609 5616 5608
f 5617 5616 5609
f 5610 5617 5609
f 5618 5617 5610
f 5611 5618 5610
f 5619 5618 5611
f 5612 5619 5611
f 5620 5619 5612
f 5613 5620 5612
f 5621 5620 5613
f 5614 5621 5613
f 5623 5622 5615
f 5616 5623 5615
f 5624 5623 5616
f 5617 5624 5616
f 5625 5624 5617
f 5618 5625 5617
f 5626 5625 5618
f 5619 5626 5618
f 5627 5626 5619
f 5620 5627 5619
f 5628 5627 5620
f 5621 5628 5620
f 5630 5629 5622
f 5623 5630 5622
f 5631 5630 5623
f 5624 5631 5623
f 5632 5631 5624
f 5625 5632 5624
f 5633 5632 5625
f 5626 5633 5625
f 5634 5633 5626
f 5627 5634 5626
f 5635 5634 5627
f 5628 5635 5627
f 5637 5636 5629
f 5630 5637 5629
f 5638 5637 5630
f 5631 5638 5630
f 5639 5638 5631
f 5632 5639 5631
f 5640 5639 5632
f 5633 5640 5632
f 5641 5640 5633
f 5634 5641 5633
f 5642 5641 5634
f 5635 5642 5634
f 5644 5643 5636
f 5637 5644 5636
f 5645 5644 5637
f 5638 5645 5637
f 5646 5645 5638
f 5639 5646 5638
f 5647 5646 5639
f 5640 5647 5639
f 5648 5647 5640
f 5641 5648 5640
f 5649 5648 5641
f 5642 5649 5641
f 5651 5650 5643
f 5644 5651 5643
f 5652 5651 5644
f 5645 5652 5644
f 5653 5652 5645
f 5646 5653 5645
f 5654 5653 5646
f 5647 5654 5646
f 5655 5654 5647
f 5648 5655 5647
f 5656 5655 5648
f 5649 5656 5648
f 5658 5657 5650
f 5651 5658 5650
f 5659 5658 5651
f 5652 5659 5651
f 5660 5659 5652
f 5653 5660 5652
f 5661 5660 5653
f 5654 5661 5653
f 5662 5661 5654
f 5655 5662 5654
f 5663 5662 5655
f 5656 5663 5655
f 5665 5664 5657
f 5658 5665 5657
f 5666 5665 5658
f 5659 5666 5658
f 5667 5666 5659
f 5660 5667 5659
f 5668 5667 5660
f 5661 5668 5660
f 5669 5668 5661
f 5662 5669 5661
f 5670 5669 5662
f 5663 5670 5662
f 5679 5678 5671
f 5672 5679 5671
f 5680 5679 5672
f 5673 5680 5672
f 5681 5680 5673
f 5674 5681 5673
f 5682 5681 5674
f 5675 5682 5674
f 5683 5682 5675
f 5676 5683 5675
f 5684 5683 5676
f 5677 5684 5676
f 5686 5685 5678
f 5679 5686 5678
f 5687 5686 5679
f 5680 5687 5679
f 5688 5687 5680
f 5681 5688 5680
f 5689 5688 5681
f 5682 5689 5681
f 5690 5689 5682
f 5683 5690 5682
f 5691 5690 5683
f 5684 5691 5683
f 5693 5692 5685
f 5686 5693 5685
f 5694 5693 5686
f 5687 5694 5686
f 5695 5694 5687
f 5688 5695 5687
f 5696 5695 5688
f 5689 5696 5688
f 5697 5696 5689
f 5690 5697 5689
f 5698 5697 5690
f 5691 5698 5690
f 5700 5699 5692
f 5693 5700 5692
f 5701 5700 5693
f 5694 5701 5693
f 5702 5701 5694
f 5695 5702 5694
f 5703 5702 5695
f 5696 5703 5695
f 5704 5703 5696
f 5697 5704 5696
f 5705 5704 5697
f 5698 5705 5697
f 5707 5706 5699
f 5700 5707 5699
f 5708 5707 5700
f 5701 5708 5700
f 5709 5708 5701
f 5702 5709 5701
f 5710 5709 5702
f 5703 5710 5702
f 5711 5710 5703
f 5704 5711 5703
f 5712 5711 5704
f 5705 5712 5704
f 5714 5713 5706
f 5707 5714 5706
f 5715 5714 5707
f 5708 5715 5707
f 5716 5715 5708
f 5709 5716 5708
f 5717 5716 5709
f 5710 5717 5709
f 5718 5717 5710
f 5711 5718 5710
f 5719 5718 5711
f 5712 5719 5711
f 5721 5720 5713
f 5714 5721 5713
f 5722 5721 5714
f 5715 5722 5714
f 5723 5722 5715
f 5716 5723 5715
f 5724 5723 5716
f 5717 5724 5716
f 5725 5724 5717
f 5718 5725 5717
f 5726 5725 5718
f 5719 5726 5718
f 5728 5727 5720
f 5721 5728 5720
f 5729 5728 5721
f 5722 5729 5721
f 5730 5729 5722
f 5723 5730 5722
f 5731 5730 5723
f 5724 5731 5723
f 5732 5731 5724
f 5725 5732 5724
f 5733 5732 5725
f 5726 5733 5725
f 5735 5734 5727
f 5728 5735 5727
f 5736 5735 5728
f 5729 5736 5728
f 5737 5736 5729
f 5730 5737 5729
f 5738 5737 5730
f 5731 5738 5730
f 5739 5738 5731
f 5732 5739 5731
f 5740 5739 5732
f 5733 5740 5732
f 5749 5748 5741
f 5742 5749 5741
f 5750 5749 5742
f 5743 5750 5742
f 5751 5750 5743
f 5744 5751 5743
f 5752 5751 5744
f 5745 5752 5744
f 5753 5752 5745
f 5746 5753 5745
f 5754 5753 5746
f 5747 5754 5746
f 5756 5755 5748
f 5749 5756 5748
f 5757 5756 5749
f 5750 5757 5749
f 5758 5757 5750
f 5751 5758 5750
f 5759 5758 5751
f 5752 5759 5751
f 5760 5759 5752
f 5753 5760 5752
f 5761 5760 5753
f 5754 5761 5753
f 5763 5762 5755
f 5756 5763 5755
f 5764 5763 5756
f 5757 5764 5756
f 5765 5764 5757
f 5758 5765 5757
f 5766 5765 5758
f 5759 5766 5758
f 5767 5766 5759
f 5760 5767 5759
f 5768 5767 5760
f 5761 5768 5760
f 5770 5769 5762
f 5763 5770 5762
f 5771 5770 5763
f 5764 5771 5763
f 5772 5771 5764
f 5765 5772 5764
f 5773 5772 5765
f 5766 5773 5765
f 5774 5773 5766
f 5767 5774 5766
f 5775 5774 5767
f 5768 5775 5767
f 5777 5776 5769
f 5770 5777 5769
f 5778 5777 5770
f 5771 5778 5770
f 5779 5778 5771
f 5772 5779 5771
f 5780 5779 5772
f 5773 5780 5772
f 5781 5780 5773
f 5774 5781 5773
f 5782 5781 5774
f 5775 5782 5774
f 5784 5783 5776
f 5777 5784 5776
f 5785 5784 5777
f 5778 5785 5777
f 5786 5785 5778
f 5779 5786 5778
f 5787 5786 5779
f 5780 5787 5779
f 5788 5787 5780
f 5781 5788 5780
f 5789 5788 5781
f 5782 5789 5781
f 5791 5790 5783
f 5784 5791 5783
f 5792 5791 5784
f 5785 5792 5784
f 5793 5792 5785
f 5786 5793 5785
f 5794 5793 5786
f 5787 5794 5786
f 5795 5794 5787
f 5788 5795 5787
f 5796 5795 5788
f 5789 5796 5788
f 5798 5797 5790
f 5791 5798 5790
f 5799 5798 5791
f 5792 5799 5791
f 5800 5799 5792
f 5793 5800 5792
f 5801 5800 5793
f 5794 5801 5793
f 5802 5801 5794
f 5795 5802 5794
f 5803 5802 5795
f 5796 5803 5795
f 5805 5804 5797
f 5798 5805 5797
f 5806 5805 5798
f 5799 5806 5798
f 5807 5806 5799
f 5800 5807 5799
f 5808 5807 5800
f 5801 5808 5800
f 5809 5808 5801
f 5802 5809 5801
f 5810 5809 5802
f 5803 5810 5802
f 5819 5818 5811
f 5812 5819 5811
f 5820 5819 5812
f 5813 5820 5812
f 5821 5820 5813
f 5814 5821 5813
f 5822 5821 5814
f 5815 5822 5814
f 5823 5822 5815
f 5816 5823 5815
f 5824 5823 5816
f 5817 5824 5816
f 5826 5825 5818
f 5819 5826 5818
f 5827 5826 5819
f 5820 5827 5819
f 5828 5827 5820
f 5821 5828 5820
f 5829 5828 5821
f 5822 5829 5821
f 5830 5829 5822
f 5823 5830 5822
f 5831 5830 5823
f 5824 5831 5823
f 5833 5832 5825
f 5826 5833 5825
f 5834 5833 5826
f 5827 5834 5826
f 5835 5834 5827
f 5828 5835 5827
f 5836 5835 5828
f 5829 5836 5828
f 5837 5836 5829
f 5830 5837 5829
f 5838 5837 5830
f 5831 5838 5830
f 5840 5839 5832
f 5833 5840 5832
f 5841 5840 5833
f 5834 5841 5833
f 5842 5841 5834
f 5835 5842 5834
f 5843 5842 5835
f 5836 5843 5835
f 5844 5843 5836
f 5837 5844 5836
f 5845 5844 5837
f 5838 5845 5837
f 5847 5846 5839
f 5840 5847 5839
f 5848 5847 5840
f 5841 5848 5840
f 5849 5848 5841
f 5842 5849 5841
f 5850 5849 5842
f 5843 5850 5842
f 5851 5850 5843
f 5844 5851 5843
f 5852 5851 5844
f 5845 5852 5844
f 5854 5853 5846
f 5847 5854 5846
f 5855 5854 5847
f 5848 5855 5847
f 5856 5855 5848
f 5849 5856 5848
f 5857 5856 5849
f 5850 5857 5849
f 5858 5857 5850
f 5851 5858 5850
f 5859 5858 5851
f 5852 5859 5851
f 5861 5860 5853
f 5854 5861 5853
f 5862 5861 5854
f 5855 5862 5854
f 5863 5862 5855
f 5856 5863 5855
f 5864 5863 5856
f 5857 5864 5856
f 5865 5864 5857
f 5858 5865 5857
f 5866 5865 5858
f 5859 5866 5858
f 5868 5867 5860
f 5861 5868 5860
f 5869 5868 5861
f 5862 5869 5861
f 5870 5869 5862
f 5863 5870 5862
f 5871 5870 5863
f 5864 5871 5863
f 5872 5871 5864
f 5865 5872 5864
f 5873 5872 5865
f 5866 5873 5865
f 5875 5874 5867
f 5868 5875 5867
f 5876 5875 5868
f 5869 5876 5868
f 5877 5876 5869
f 5870 5877 5869
f 5878 5877 5870
f 5871 5878 5870
f 5879 5878 5871
f 5872 5879 5871
f 5880 5879 5872
f 5873 5880 5872
f 5889 5888 5881
f 5882 5889 5881
f 5890 5889 5882
f 5883 5890 5882
f 5891 5890 5883
f 5884 5891 5883
f 5892 5891 5884
f 5885 5892 5884
f 5893 5892 5885
f 5886 5893 5885
f 5894 5893 5886
f 5887 5894 5886
f 5896 5895 5888
f 5889 5896 5888
f 5897 5896 5889
f 5890 5897 5889
f 5898 5897 5890
f 5891 5898 5890
f 5899 5898 5891
f 5892 5899 5891
f 5900 5899 5892
f 5893 5900 5892
f 5901 5900 5893
f 5894 5901 5893
f 5903 5902 5895
f 5896 5903 5895
f 5904 5903 5896
f 5897 5904 5896
f 5905 5904 5897
f 5898 5905 5897
f 5906 5905 5898
f 5899 5906 5898
f 5907 5906 5899
f 5900 5907 5899
f 5908 5907 5900
f 5901 5908 5900
f 5910 5909 5902
f 5903 5910 5902
f 5911 5910 5903
f 5904 5911 5903
f 5912 5911 5904
f 5905 5912 5904
f 5913 5912 5905
f 5906 5913 5905
f 5914 5913 5906
f 5907 5914 5906
f 5915 5914 5907
f 5908 5915 5907
f 5917 5916 5909
f 5910 5917 5909
f 5918 5917 5910
f 5911 5918 5910
f 5919 5918 5911
f 5912 5919 5911
f 5920 5919 5912
f 5913 5920 5912
f 5921 5920 5913
f 5914 5921 5913
f 5922 5921 5914
f 5915 5922 5914
f 5924 5923 5916
f 5917 5924 5916
f 5925 5924 5917
f 5918 5925 5917
f 5926 5925 5918
f 5919 5926 5918
f 5927 5926 5919
f 5920 5927 5919
f 5928 5927 5920
f 5921 5928 5920
f 5929 5928 5921
f 5922 5929 5921
f 5931 5930 5923
f 5924 5931 5923
f 5932 5931 5924
f 5925 5932 5924
f 5933 5932 5925
f 5926 5933 5925
f 5934 5933 5926
f 5927 5934 5926
f 5935 5934 5927
f 5928 5935 5927
f 5936 5935 5928
f 5929 5936 5928
f 5938 5937 5930
f 5931 5938 5930
f 5939 5938 5931
f 5932 5939 5931
f 5940 5939 5932
f 5933 5940 5932
f 5941 5940 5933
f 5934 5941 5933
f 5942 5941 5934
f 5935 5942 5934
f 5943 5942 5935
f 5936 5943 5935
f 5945 5944 5937
f 5938 5945 5937
f 5946 5945 5938
f 5939 5946 5938
f 5947 5946 5939
f 5940 5947 5939
f 5948 5947 5940
f 5941 5948 5940
f 5949 5948 5941
f 5942 5949 5941
f 5950 5949 5942
f 5943 5950 5942
f 5959 5958 5951
f 5952 5959 5951
f 5960 5959 5952
f 5953 5960 5952
f 5961 5960 5953
f 5954 5961 5953
f 5962 5961 5954
f 5955 5962 5954
f 5963 5962 5955
f 5956 5963 5955
f 5964 5963 5956
f 5957 5964 5956
f 5966 5965 5958
f 5959 5966 5958
f 5967 5966 5959
f 5960 5967 5959
f 5968 5967 5960
f 5961 5968 5960
f 5969 5968 5961
f 5962 5969 5961
f 5970 5969 5962
f 5963 5970 5962
f 5971 5970 5963
f 5964 5971 5963
f 5973 5972 5965
f 5966 5973 5965
f 5974 5973 5966
f 5967 5974 5966
f 5975 5974 5967
f 5968 5975 5967
f 5976 5975 5968
f 5969 5976 5968
f 5977 5976 5969
f 5970 5977 5969
f 5978 5977 5970
f 5971 5978 5970
f 5980 5979 5972
f 5973 5980 5972
f 5981 5980 5973
f 5974 5981 5973
f 5982 5981 5974
f 5975 5982 5974
f 5983 5982 5975
f 5976 5983 5975
f 5984 5983 5976
f 5977 5984 5976
f 5985 5984 5977
f 5978 5985 5977
f 5987 5986 5979
f 5980 5987 5979
f 5988 5987 5980
f 5981 5988 5980
f 5989 5988 5981
f 5982 5989 5981
f 5990 5989 5982
f 5983 5990 5982
f 5991 5990 5983
f 5984 5991 5983
f 5992 5991 5984
f 5985 5992 5984
f 5994 5993 5986
f 5987 5994 5986
f 5995 5994 5987
f 5988 5995 5987
f 5996 5995 5988
f 5989 5996 5988
f 5997 5996 5989
f 5990 5997 5989
f 5998 5997 5990
f 5991 5998 5990
f 5999 5998 5991
f 5992 5999 5991
f 6001 6000 5993
f 5994 6001 5993
f 6002 6001 5994
f 5995 6002 5994
f 6003 6002 5995
f 5996 6003 5995
f 6004 6003 5996
f 5997 6004 5996
f 6005 6004 5997
f 5998 6005 5997
f 6006 6005 5998
f 5999 6006 5998
f 6008 6007 6000
f 6001 6008 6000
f 6009 6008 6001
f 6002 6009 6001
f 6010 6009 6002
f 6003 6010 6002
f 6011 6010 6003
f 6004 6011 6003
f 6012 6011 6004
f 6005 6012 6004
f 6013 6012 6005
f 6006 6013 6005
f 6015 6014 6007
f 6008 6015 6007
f 6016 6015 6008
f 6009 6016 6008
f 6017 6016 6009
f 6010 6017 6009
f 6018 6017 6010
f 6011 6018 6010
f 6019 6018 6011
f 6012 6019 6011
f 6020 6019 6012
f 6013 6020 6012
f 6029 6028 6021
f 6022 6029 6021
f 6030 6029 6022
f 6023 6030 6022
f 6031 6030 6023
f 6024 6031 6023
f 6032 6031 6024
f 6025 6032 6024
f 6033 6032 6025
f 6026 6033 6025
f 6034 6033 6026
f 6027 6034 6026
f 6036 6035 6028
f 6029 6036 6028
f 6037 6036 6029
f 6030 6037 6029
f 6038 6037 6030
f 6031 6038 6030
f 6039 6038 6031
f 6032 6039 6031
f 6040 6039 6032
f 6033 6040 6032
f 6041 6040 6033
f 6034 6041 6033
f 6043 6042 6035
f 6036 6043 6035
f 6044 6043 6036
f 6037 6044 6036
f 6045 6044 6037
f 6038 6045 6037
f 6046 6045 6038
f 6039 6046 6038
f 6047 6046 6039
f 6040 6047 6039
f 6048 6047 6040
f 6041 6048 6040
f 6050 6049 6042
f 6043 6050 6042
f 6051 6050 6043
f 6044 6051 6043
f 6052 6051 6044
f 6045 6052 6044
f 6053 6052 6045
f 6046 6053 6045
f 6054 6053 6046
f 6047 6054 6046
f 6055 6054 6047
f 6048 6055 6047
f 6057 6056 6049
f 6050 6057 6049
f 6058 6057 6050
f 6051 6058 6050
f 6059 6058 6051
f 6052 6059 6051
f 6060 6059 6052
f 6053 6060 6052
f 6061 6060 6053
f 6054 6061 6053
f 6062 6061 6054
f 6055 6062 6054
f 6064 6063 6056
f 6057 6064 6056
f 6065 6064 6057
f 6058 6065 6057
f 6066 6065 6058
f 6059 6066 6058
f 6067 6066 6059
f 6060 6067 6059
f 6068 6067 6060
f 6061 6068 6060
f 6069 6068 6061
f 6062 6069 6061
f 6071 6070 6063
f 6064 6071 6063
f 6072 6071 6064
f 6065 6072 6064
f 6073 6072 6065
f 6066 6073 6065
f 6074 6073 6066
f 6067 6074 6066
f 6075 6074 6067
f 6068 6075 6067
f 6076 6075 6068
f 6069 6076 6068
f 6078 6077 6070
f 6071 6078 6070
f 6079 6078 6071
f 6072 6079 6071
f 6080 6079 6072
f 6073 6080 6072
f 6081 6080 6073
f 6074 6081 6073
f 6082 6081 6074
f 6075 6082 6074
f 6083 6082 6075
f 6076 6083 6075
f 6085 6084 6077
f 6078 6085 6077
f 6086 6085 6078
f 6079 6086 6078
f 6087 6086 6079
f 6080 6087 6079
f 6088 6087 6080
f 6081 6088 6080
f 6089 6088 6081
f 6082 6089 6081
f 6090 6089 6082
f 6083 6090 6082
f 6099 6098 6091
f 6092 6099 6091
f 6100 6099 6092
f 6093 6100 6092
f 6101 6100 6093
f 6094 6101 6093
f 6102 6101 6094
f 6095 6102 6094
f 6103 6102 6095
f 6096 6103 6095
f 6104 6103 6096
f 6097 6104 6096
f 6106 6105 6098
f 6099 6106 6098
f 6107 6106 6099
f 6100 6107 6099
f 6108 6107 6100
f 6101 6108 6100
f 6109 6108 6101
f 6102 6109 6101
f 6110 6109 6102
f 6103 6110 6102
f 6111 6110 6103
f 6104 6111 6103
f 6113 6112 6105
f 6106 6113 6105
f 6114 6113 6106
f 6107 6114 6106
f 6115 6114 6107
f 6108 6115 6107
f 6116 6115 6108
f 6109 6116 6108
f 6117 6116 6109
f 6110 6117 6109
f 6118 6117 6110
f 6111 6118 6110
f 6120 6119 6112
f 6113 6120 6112
f 6121 6120 6113
f 6114 6121 6113
f 6122 6121 6114
f 6115 6122 6114
f 6123 6122 6115
f 6116 6123 6115
f 6124 6123 6116
f 6117 6124 6116
f 6125 6124 6117
f 6118 6125 6117
f 6127 6126 6119
f 6120 6127 6119
f 6128 6127 6120
f 6121 6128 6120
f 6129 6128 6121
f 6122 6129 6121
f 6130 6129 6122
f 6123 6130 6122
f 6131 6130 6123
f 6124 6131 6123
f 6132 6131 6124
f 6125 6132 6124
f 6134 6133 6126
f 6127 6134 6126
f 6135 6134 6127
f 6128 6135 6127
f 6136 6135 6128
f 6129 6136 6128
f 6137 6136 6129
f 6130 6137 6129
f 6138 6137 6130
f 6131 6138 6130
f 6139 6138 6131
f 6132 6139 6131
f 6141 6140 6133
f 6134 6141 6133
f 6142 6141 6134
f 6135 6142 6134
f 6143 6142 6135
f 6136 6143 6135
f 6144 6143 6136
f 6137 6144 6136
f 6145 6144 6137
f 6138 6145 6137
f 6146 6145 6138
f 6139 6146 6138
f 6148 6147 6140
f 6141 6148 6140
f 6149 6148 6141
f 6142 6149 6141
f 6150 6149 6142
f 6143 6150 6142
f 6151 6150 6143
f 6144 6151 6143
f 6152 6151 6144
f 6145 6152 6144
f 6153 6152 6145
f 6146 6153 6145
f 6155 6154 6147
f 6148 6155 6147
f 6156 6155 6148
f 6149 6156 6148
f 6157 6156 6149
f 6150 6157 6149
f 6158 6157 6150
f 6151 6158 6150
f 6159 6158 6151
f 6152 6159 6151
f 6160 6159 6152
f 6153 6160 6152
f 6169 6168 6161
f 6162 6169 6161
f 6170 6169 6162
f 6163 6170 6162
f 6171 6170 6163
f 6164 6171 6163
f 6172 6171 6164
f 6165 6172 6164
f 6173 6172 6165
f 6166 6173 6165
f 6174 6173 6166
f 6167 6174 6166
f 6176 6175 6168
f 6169 6176 6168
f 6177 6176 6169
f 6170 6177 6169
f 6178 6177 6170
f 6171 6178 6170
f 6179 6178 6171
f 6172 6179 6171
f 6180 6179 6172
f 6173 6180 6172
f 6181 6180 6173
f 6174 6181 6173
f 6183 6182 6175
f 6176 6183 6175
f 6184 6183 6176
f 6177 6184 6176
f 6185 6184 6177
f 6178 6185 6177
f 6186 6185 6178
f 6179 6186 6178
f 6187 6186 6179
f 6180 6187 6179
f 6188 6187 6180
f 6181 6188 6180
f 6190 6189 6182
f 6183 6190 6182
f 6191 6190 6183
f 6184 6191 6183
f 6192 6191 6184
f 6185 6192 6184
f 6193 6192 6185
f 6186 6193 6185
f 6194 6193 6186
f 6187 6194 6186
f 6195 6194 6187
f 6188 6195 6187
f 6197 6196 6189
f 6190 6197 6189
f 6198 6197 6190
f 6191 6198 6190
f 6199 6198 6191
f 6192 6199 6191
f 6200 6199 6192
f 6193 6200 6192
f 6201 6200 6193
f 6194 6201 6193
f 6202 6201 6194
f 6195 6202 6194
f 6204 6203 6196
f 6197 6204 6196
f 6205 6204 6197
f 6198 6205 6197
f 6206 6205 6198
f 6199 6206 6198
f 6207 6206 6199
f 6200 6207 6199
f 6208 6207 6200
f 6201 6208 6200
f 6209 6208 6201
f 6202 6209 6201
f 6211 6210 6203
f 6204 6211 6203
f 6212 6211 6204
f 6205 6212 6204
f 6213 6212 6205
f 6206 6213 6205
f 6214 6213 6206
f 6207 6214 6206
f 6215 6214 6207
f 6208 6215 6207
f 6216 6215 6208
f 6209 6216 6208
f 6218 6217 6210
f 6211 6218 6210
f 6219 6218 6211
f 6212 6219 6211
f 6220 6219 6212
f 6213 6220 6212
f 6221 6220 6213
f 6214 6221 6213
f 6222 6221 6214
f 6215 6222 6214
f 6223 6222 6215
f 6216 6223 6215
f 6225 6224 6217
f 6218 6225 6217
f 6226 6225 6218
f 6219 6226 6218
f 6227 6226 6219
f 6220 6227 6219
f 6228 6227 6220
f 6221 6228 6220
f 6229 6228 6221
f 6222 6229 6221
f 6230 6229 6222
f 6223 6230 6222
f 6239 6238 6231
f 6232 6239 6231
f 6240 6239 6232
f 6233 6240 6232
f 6241 6240 6233
f 6234 6241 6233
f 6242 6241 6234
f 6235 6242 6234
f 6243 6242 6235
f 6236 6243 6235
f 6244 6243 6236
f 6237 6244 6236
f 6246 6245 6238
f 6239 6246 6238
f 6247 6246 6239
f 6240 6247 6239
f 6248 6247 6240
f 6241 6248 6240
f 6249 6248 6241
f 6242 6249 6241
f 6250 6249 6242
f 6243 6250 6242
f 6251 6250 6243
f 6244 6251 6243
f 6253 6252 6245
f 6246 6253 6245
f 6254 6253 6246
f 6247 6254 6246
f 6255 6254 6247
f 6248 6255 6247
f 6256 6255 6248
f 6249 6256 6248
f 6257 6256 6249
f 6250 6257 6249
f 6258 6257 6250
f 6251 6258 6250
f 6260 6259 6252
f 6253 6260 6252
f 6261 6260 6253
f 6254 6261 6253
f 6262 6261 6254
f 6255 6262 6254
f 6263 6262 6255
f 6256 6263 6255
f 6264 6263 6256
f 6257 6264 6256
f 6265 6264 6257
f 6258 6265 6257
f 6267 6266 6259
f 6260 6267 6259
f 6268 6267 6260
f 6261 6268 6260
f 6269 6268 6261
f 6262 6269 6261
f 6270 6269 6262
f 6263 6270 6262
f 6271 6270 6263
f 6264 6271 6263
f 6272 6271 6264
f 6265 6272 6264
f 6274 6273 6266
f 6267 6274 6266
f 6275 6274 6267
f 6268 6275 6267
f 6276 6275 6268
f 6269 6276 6268
f 6277 6276 6269
f 6270 6277 6269
f 6278 6277 6270
f 6271 6278 6270
f 6279 6278 6271
f 6272 6279 6271
f 6281 6280 6273
f 6274 6281 6273
f 6282 6281 6274
f 6275 6282 6274
f 6283 6282 6275
f 6276 6283 6275
f 6284 6283 6276
f 6277 6284 6276
f 6285 6284 6277
f 6278 6285 6277
f 6286 6285 6278
f 6279 6286 6278
f 6288 6287 6280
f 6281 6288 6280
f 6289 6288 6281
f 6282 6289 6281
f 6290 6289 6282
f 6283 6290 6282
f 6291 6290 6283
f 6284 6291 6283
f 6292 6291 6284
f 6285 6292 6284
f 6293 6292 6285
f 6286 6293 6285
f 6295 6294 6287
f 6288 6295 6287
f 6296 6295 6288
f 6289 6296 6288
f 6297 6296 6289
f 6290 6297 6289
f 6298 6297 6290
f 6291 6298 6290
f 6299 6298 6291
f 6292 6299 6291
f 6300 6299 6292
f 6293 6300 6292
f 6309 6308 6301
f 6302 6309 6301
f 6310 6309 6302
f 6303 6310 6302
f 6311 6310 6303
f 6304 6311 6303
f 6312 6311 6304
f 6305 6312 6304
f 6313 6312 6305
f 6306 6313 6305
f 6314 6313 6306
f 6307 6314 6306
f 6316 6315 6308
f 6309 6316 6308
f 6317 6316 6309
f 6310 6317 6309
f 6318 6317 6310
f 6311 6318 6310
f 6319 6318 6311
f 6312 6319 6311
f 6320 6319 6312
f 6313 6320 6312
f 6321 6320 6313
f 6314 6321 6313
f 6323 6322 6315
f 6316 6323 6315
f 6324 6323 6316
f 6317 6324 6316
f 6325 6324 6317
f 6318 6325 6317
f 6326 6325 6318
f 6319 6326 6318
f 6327 6326 6319
f 6320 6327 6319
f 6328 6327 6320
f 6321 6328 6320
f 6330 6329 6322
f 6323 6330 6322
f 6331 6330 6323
f 6324 6331 6323
f 6332 6331 6324
f 6325 6332 6324
f 6333 6332 6325
f 6326 6333 6325
f 6334 6333 6326
f 6327 6334 6326
f 6335 6334 6327
f 6328 6335 6327
f 6337 6336 6329
f 6330 6337 6329
f 6338 6337 6330
f 6331 6338 6330
f 6339 6338 6331
f 6332 6339 6331
f 6340 6339 6332
f 6333 6340 6332
f 6341 6340 6333
f 6334 6341 6333
f 6342 6341 6334
f 6335 6342 6334
f 6344 6343 6336
f 6337 6344 6336
f 6345 6344 6337
f 6338 6345 6337
f 6346 6345 6338
f 6339 6346 6338
f 6347 6346 6339
f 6340 6347 6339
f 6348 6347 6340
f 6341 6348 6340
f 6349 6348 6341
f 6342 6349 6341
f 6351 6350 6343
f 6344 6351 6343
f 6352 6351 6344
f 6345 6352 6344
f 6353 6352 6345
f 6346 6353 6345
f 6354 6353 6346
f 6347 6354 6346
f 6355 6354 6347
f 6348 6355 6347
f 6356 6355 6348
f 6349 6356 6348
f 6358 6357 6350
f 6351 6358 6350
f 6359 6358 6351
f 6352 6359 6351
f 6360 6359 6352
f 6353 6360 6352
f 6361 6360 6353
f 6354 6361 6353
f 6362 6361 6354
f 6355 6362 6354
f 6363 6362 6355
f 6356 6363 6355
f 6365 6364 6357
f 6358 6365 6357
f 6366 6365 6358
f 6359 6366 6358
f 6367 6366 6359
f 6360 6367 6359
f 6368 6367 6360
f 6361 6368 6360
f 6369 6368 6361
f 6362 6369 6361
f 6370 6369 6362
f 6363 6370 6362
f 6379 6378 6371
f 6372 6379 6371
f 6380 6379 6372
f 6373 6380 6372
f 6381 6380 6373
f 6374 6381 6373
f 6382 6381 6374
f 6375 6382 6374
f 6383 6382 6375
f 6376 6383 6375
f 6384 6383 6376
f 6377 6384 6376
f 6386 6385 6378
f 6379 6386 6378
f 6387 6386 6379
f 6380 6387 6379
f 6388 6387 6380
f 6381 6388 6380
f 6389 6388 6381
f 6382 6389 6381
f 6390 6389 6382
f 6383 6390 6382
f 6391 6390 6383
f 6384 6391 6383
f 6393 6392 6385
f 6386 6393 6385
f 6394 6393 6386
f 6387 6394 6386
f 6395 6394 6387
f 6388 6395 6387
f 6396 6395 6388
f 6389 6396 6388
f 6397 6396 6389
f 6390 6397 6389
f 6398 6397 6390
f 6391 6398 6390
f 6400 6399 6392
f 6393 6400 6392
f 6401 6400 6393
f 6394 6401 6393
f 6402 6401 6394
f 6395 6402 6394
f 6403 6402 6395
f 6396 6403 6395
f 6404 6403 6396
f 6397 6404 6396
f 6405 6404 6397
f 6398 6405 6397
f 6407 6406 6399
f 6400 6407 6399
f 6408 6407 6400
f 6401 6408 6400
f 6409 6408 6401
f 6402 6409 6401
f 6410 6409 6402
f 6403 6410 6402
f 6411 6410 6403
f 6404 6411 6403
f 6412 6411 6404
f 6405 6412 6404
f 6414 6413 6406
f 6407 6414 6406
f 6415 6414 6407
f 6408 6415 6407
f 6416 6415 6408
f 6409 6416 6408
f 6417 6416 6409
f 6410 6417 6409
f 6418 6417 6410
f 6411 6418 6410
f 6419 6418 6411
f 6412 6419 6411
f 6421 6420 6413
f 6414 6421 6413
f 6422 6421 6414
f 6415 6422 6414
f 6423 6422 6415
f 6416 6423 6415
f 6424 6423 6416
f 6417 6424 6416
f 6425 6424 6417
f 6418 6425 6417
f 6426 6425 6418
f 6419 6426 6418
f 6428 6427 6420
f 6421 6428 6420
f 6429 6428 6421
f 6422 6429 6421
f 6430 6429 6422
f 6423 6430 6422
f 6431 6430 6423
f 6424 6431 6423
f 6432 6431 6424
f 6425 6432 6424
f 6433 6432 6425
f 6426 6433 6425
f 6435 6434 6427
f 6428 6435 6427
f 6436 6435 6428
f 6429 6436 6428
f 6437 6436 6429
f 6430 6437 6429
f 6438 6437 6430
f 6431 6438 6430
f 6439 6438 6431
f 6432 6439 6431
f 6440 6439 6432
f 6433 6440 6432
f 6449 6448 6441
f 6442 6449 6441
f 6450 6449 6442
f 6443 6450 6442
f 6451 6450 6443
f 6444 6451 6443
f 6452 6451 6444
f 6445 6452 6444
f 6453 6452 6445
f 6446 6453 6445
f 6454 6453 6446
f 6447 6454 6446
f 6456 6455 6448
f 6449 6456 6448
f 6457 6456 6449
f 6450 6457 6449
f 6458 6457 6450
f 6451 6458 6450
f 6459 6458 6451
f 6452 6459 6451
f 6460 6459 6452
f 6453 6460 6452
f 6461 6460 6453
f 6454 6461 6453
f 6463 6462 6455
f 6456 6463 6455
f 6464 6463 6456
f 6457 6464 6456
f 6465 6464 6457
f 6458 6465 6457
f 6466 6465 6458
f 6459 6466 6458
f 6467 6466 6459
f 6460 6467 6459
f 6468 6467 6460
f 6461 6468 6460
f 6470 6469 6462
f 6463 6470 6462
f 6471 6470 6463
f 6464 6471 6463
f 6472 6471 6464
f 6465 6472 6464
f 6473 6472 6465
f 6466 6473 6465
f 6474 6473 6466
f 6467 6474 6466
f 6475 6474 6467
f 6468 6475 6467
f 6477 6476 6469
f 6470 6477 6469
f 6478 6477 6470
f 6471 6478 6470
f 6479 6478 6471
f 6472 6479 6471
f 6480 6479 6472
f 6473 6480 6472
f 6481 6480 6473
f 6474 6481 6473
f 6482 6481 6474
f 6475 6482 6474
f 6484 6483 6476
f 6477 6484 6476
f 6485 6484 6477
f 6478 6485 6477
f 6486 6485 6478
f 6479 6486 6478
f 6487 6486 6479
f 6480 6487 6479
f 6488 6487 6480
f 6481 6488 6480
f 6489 6488 6481
f 6482 6489 6481
f 6491 6490 6483
f 6484 6491 6483
f 6492 6491 6484
f 6485 6492 6484
f 6493 6492 6485
f 6486 6493 6485
f 6494 6493 6486
f 6487 6494 6486
f 6495 6494 6487
f 6488 6495 6487
f 6496 6495 6488
f 6489 6496 6488
f 6498 6497 6490
f 6491 6498 6490
f 6499 6498 6491
f 6492 6499 6491
f 6500 6499 6492
f 6493 6500 6492
f 6501 6500 6493
f 6494 6501 6493
f 6502 6501 6494
f 6495 6502 6494
f 6503 6502 6495
f 6496 6503 6495
f 6505 6504 6497
f 6498 6505 6497
f 6506 6505 6498
f 6499 6506 6498
f 6507 6506 6499
f 6500 6507 6499
f 6508 6507 6500
f 6501 6508 6500
f 6509 6508 6501
f 6502 6509 6501
f 6510 6509 6502
f 6503 6510 6502
f 6519 6518 6511
f 6512 6519 6511
f 6520 6519 6512
f 6513 6520 6512
f 6521 6520 6513
f 6514 6521 6513
f 6522 6521 6514
f 6515 6522 6514
f 6523 6522 6515
f 6516 6523 6515
f 6524 6523 6516
f 6517 6524 6516
f 6526 6525 6518
f 6519 6526 6518
f 6527 6526 6519
f 6520 6527 6519
f 6528 6527 6520
f 6521 6528 6520
f 6529 6528 6521
f 6522 6529 6521
f 6530 6529 6522
f 6523 6530 6522
f 6531 6530 6523
f 6524 6531 6523
f 6533 6532 6525
f 6526 6533 6525
f 6534 6533 6526
f 6527 6534 6526
f 6535 6534 6527
f 6528 6535 6527
f 6536 6535 6528
f 6529 6536 6528
f 6537 6536 6529
f 6530 6537 6529
f 6538 6537 6530
f 6531 6538 6530
f 6540 6539 6532
f 6533 6540 6532
f 6541 6540 6533
f 6534 6541 6533
f 6542 6541 6534
f 6535 6542 6534
f 6543 6542 6535
f 6536 6543 6535
f 6544 6543 6536
f 6537 6544 6536
f 6545 6544 6537
f 6538 6545 6537
f 6547 6546 6539
f 6540 6547 6539
f 6548 6547 6540
f 6541 6548 6540
f 6549 6548 6541
f 6542 6549 6541
f 6550 6549 6542
f 6543 6550 6542
f 6551 6550 6543
f 6544 6551 6543
f 6552 6551 6544
f 6545 6552 6544
f 6554 6553 6546
f 6547 6554 6546
f 6555 6554 6547
f 6548 6555 6547
f 6556 6555 6548
f 6549 6556 6548
f 6557 6556 6549
f 6550 6557 6549
f 6558 6557 6550
f 6551 6558 6550
f 6559 6558 6551
f 6552 6559 6551
f 6561 6560 6553
f 6554 6561 6553
f 6562 6561 6554
f 6555 6562 6554
f 6563 6562 6555
f 6556 6563 6555
f 6564 6563 6556
f 6557 6564 6556
f 6565 6564 6557
f 6558 6565 6557
f 6566 6565 6558
f 6559 6566 6558
f 6568 6567 6560
f 6561 6568 6560
f 6569 6568 6561
f 6562 6569 6561
f 6570 6569 6562
f 6563 6570 6562
f 6571 6570 6563
f 6564 6571 6563
f 6572 6571 6564
f 6565 6572 6564
f 6573 6572 6565
f 6566 6573 6565
f 6575 6574 6567
f 6568 6575 6567
f 6576 6575 6568
f 6569 6576 6568
f 6577 6576 6569
f 6570 6577 6569
f 6578 6577 6570
f 6571 6578 6570
f 6579 6578 6571
f 6572 6579 6571
f 6580 6579 6572
f 6573 6580 6572
f 6589 6588 6581
f 6582 6589 6581
f 6590 6589 6582
f 6583 6590 6582
f 6591 6590 6583
f 6584 6591 6583
f 6592 6591 6584
f 6585 6592 6584
f 6593 6592 6585
f 6586 6593 6585
f 6594 6593 6586
f 6587 6594 6586
f 6596 6595 6588
f 6589 6596 6588
f 6597 6596 6589
f 6590 6597 6589
f 6598 6597 6590
f 6591 6598 6590
f 6599 6598 6591
f 6592 6599 6591
f 6600 6599 6592
f 6593 6600 6592
f 6601 6600 6593
f 6594 6601 6593
f 6603 6602 6595
f 6596 6603 6595
f 6604 6603 6596
f 6597 6604 6596
f 6605 6604 6597
f 6598 6605 6597
f 6606 6605 6598
f 6599 6606 6598
f 6607 6606 6599
f 6600 6607 6599
f 6608 6607 6600
f 6601 6608 6600
f 6610 6609 6602
f 6603 6610 6602
f 6611 6610 6603
f 6604 6611 6603
f 6612 6611 6604
f 6605 6612 6604
f 6613 6612 6605
f 6606 6613 6605
f 6614 6613 6606
f 6607 6614 6606
f 6615 6614 6607
f 6608 6615 6607
f 6617 6616 6609
f 6610 6617 6609
f 6618 6617 6610
f 6611 6618 6610
f 6619 6618 6611
f 6612 6619 6611
f 6620 6619 6612
f 6613 6620 6612
f 6621 6620 6613
f 6614 6621 6613
f 6622 6621 6614
f 6615 6622 6614
f 6624 6623 6616
f 6617 6624 6616
f 6625 6624 6617
f 6618 6625 6617
f 6626 6625 6618
f 6619 6626 6618
f 6627 6626 6619
f 6620 6627 6619
f 6628 6627 6620
f 6621 6628 6620
f 6629 6628 6621
f 6622 6629 6621
f 6631 6630 6623
f 6624 6631 6623
f 6632 6631 6624
f 6625 6632 6624
f 6633 6632 6625
f 6626 6633 6625
f 6634 6633 6626
f 6627 6634 6626
f 6635 6634 6627
f 6628 6635 6627
f 6636 6635 6628
f 6629 6636 6628
f 6638 6637 6630
f 6631 6638 6630
f 6639 6638 6631
f 6632 6639 6631
f 6640 6639 6632
f 6633 6640 6632
f 6641 6640 6633
f 6634 6641 6633
f 6642 6641 6634
f 6635 6642 6634
f 6643 6642 6635
f 6636 6643 6635
f 6645 6644 6637
f 6638 6645 6637
f 6646 6645 6638
f 6639 6646 6638
f 6647 6646 6639
f 6640 6647 6639
f 6648 6647 6640
f 6641 6648 6640
f 6649 6648 6641
f 6642 6649 6641
f 6650 6649 6642
f 6643 6650 6642
f 6659 6658 6651
f 6652 6659 6651
f 6660 6659 6652
f 6653 6660 6652
f 6661 6660 6653
f 6654 6661 6653
f 6662 6661 6654
f 6655 6662 6654
f 6663 6662 6655
f 6656 6663 6655
f 6664 6663 6656
f 6657 6664 6656
f 6666 6665 6658
f 6659 6666 6658
f 6667 6666 6659
f 6660 6667 6659
f 6668 6667 6660
f 6661 6668 6660
f 6669 6668 6661
f 6662 6669 6661
f 6670 6669 6662
f 6663 6670 6662
f 6671 6670 6663
f 6664 6671 6663
f 6673 6672 6665
f 6666 6673 6665
f 6674 6673 6666
f 6667 6674 6666
f 6675 6674 6667
f 6668 6675 6667
f 6676 6675 6668
f 6669 6676 6668
f 6677 6676 6669
f 6670 6677 6669
f 6678 6677 6670
f 6671 6678 6670
f 6680 6679 6672
f 6673 6680 6672
f 6681 6680 6673
f 6674 6681 6673
f 6682 6681 6674
f 6675 6682 6674
f 6683 6682 6675
f 6676 6683 6675
f 6684 6683 6676
f 6677 6684 6676
f 6685 6684 6677
f 6678 6685 6677
f 6687 6686 6679
f 6680 6687 6679
f 6688 6687 6680
f 6681 6688 6680
f 6689 6688 6681
f 6682 6689 6681
f 6690 6689 6682
f 6683 6690 6682
f 6691 6690 6683
f 6684 6691 6683
f 6692 6691 6684
f 6685 6692 6684
f 6694 6693 6686
f 6687 6694 6686
f 6695 6694 6687
f 6688 6695 6687
f 6696 6695 6688
f 6689 6696 6688
f 6697 6696 6689
f 6690 6697 6689
f 6698 6697 6690
f 6691 6698 6690
f 6699 6698 6691
f 6692 6699 6691
f 6701 6700 6693
f 6694 6701 6693
f 6702 6701 6694
f 6695 6702 6694
f 6703 6702 6695
f 6696 6703 6695
f 6704 6703 6696
f 6697 6704 6696
f 6705 6704 6697
f 6698 6705 6697
f 6706 6705 6698
f 6699 6706 6698
f 6708 6707 6700
f 6701 6708 6700
f 6709 6708 6701
f 6702 6709 6701
f 6710 6709 6702
f 6703 6710 6702
f 6711 6710 6703
f 6704 6711 6703
f 6712 6711 6704
f 6705 6712 6704
f 6713 6712 6705
f 6706 6713 6705
f 6715 6714 6707
f 6708 6715 6707
f 6716 6715 6708
f 6709 6716 6708
f 6717 6716 6709
f 6710 6717 6709
f 6718 6717 6710
f 6711 6718 6710
f 6719 6718 6711
f 6712 6719 6711
f 6720 6719 6712
f 6713 6720 6712
f 6729 6728 6721
f 6722 6729 6721
f 6730 6729 6722
f 6723 6730 6722
f 6731 6730 6723
f 6724 6731 6723
f 6732 6731 6724
f 6725 6732 6724
f 6733 6732 6725
f 6726 6733 6725
f 6734 6733 6726
f 6727 6734 6726
f 6736 6735 6728
f 6729 6736 6728
f 6737 6736 6729
f 6730 6737 6729
f 6738 6737 6730
f 6731 6738 6730
f 6739 6738 6731
f 6732 6739 6731
f 6740 6739 6732
f 6733 6740 6732
f 6741 6740 6733
f 6734 6741 6733
f 6743 6742 6735
f 6736 6743 6735
f 6744 6743 6736
f 6737 6744 6736
f 6745 6744 6737
f 6738 6745 6737
f 6746 6745 6738
f 6739 6746 6738
f 6747 6746 6739
f 6740 6747 6739
f 6748 6747 6740
f 6741 6748 6740
f 6750 6749 6742
f 6743 6750 6742
f 6751 6750 6743
f 6744 6751 6743
f 6752 6751 6744
f 6745 6752 6744
f 6753 6752 6745
f 6746 6753 6745
f 6754 6753 6746
f 6747 6754 6746
f 6755 6754 6747
f 6748 6755 6747
f 6757 6756 6749
f 6750 6757 6749
f 6758 6757 6750
f 6751 6758 6750
f 6759 6758 6751
f 6752 6759 6751
f 6760 6759 6752
f 6753 6760 6752
f 6761 6760 6753
f 6754 6761 6753
f 6762 6761 6754
f 6755 6762 6754
f 6764 6763 6756
f 6757 6764 6756
f 6765 6764 6757
f 6758 6765 6757
f 6766 6765 6758
f 6759 6766 6758
f 6767 6766 6759
f 6760 6767 6759
f 6768 6767 6760
f 6761 6768 6760
f 6769 6768 6761
f 6762 6769 6761
f 6771 6770 6763
f 6764 6771 6763
f 6772 6771 6764
f 6765 6772 6764
f 6773 6772 6765
f 6766 6773 6765
f 6774 6773 6766
f 6767 6774 6766
f 6775 6774 6767
f 6768 6775 6767
f 6776 6775 6768
f 6769 6776 6768
f 6778 6777 6770
f 6771 6778 6770
f 6779 6778 6771
f 6772 6779 6771
f 6780 6779 6772
f 6773 6780 6772
f 6781 6780 6773
f 6774 6781 6773
f 6782 6781 6774
f 6775 6782 6774
f 6783 6782 6775
f 6776 6783 6775
f 6785 6784 6777
f 6778 6785 6777
f 6786 6785 6778
f 6779 6786 6778
f 6787 6786 6779
f 6780 6787 6779
f 6788 6787 6780
f 6781 6788 6780
f 6789 6788 6781
f 6782 6789 6781
f 6790 6789 6782
f 6783 6790 6782
f 6799 6798 6791
f 6792 6799 6791
f 6800 6799 6792
f 6793 6800 6792
f 6801 6800 6793
f 6794 6801 6793
f 6802 6801 6794
f 6795 6802 6794
f 6803 6802 6795
f 6796 6803 6795
f 6804 6803 6796
f 6797 6804 6796
f 6806 6805 6798
f 6799 6806 6798
f 6807 6806 6799
f 6800 6807 6799
f 6808 6807 6800
f 6801 6808 6800
f 6809 6808 6801
f 6802 6809 6801
f 6810 6809 6802
f 6803 6810 6802
f 6811 6810 6803
f 6804 6811 6803
f 6813 6812 6805
f 6806 6813 6805
f 6814 6813 6806
f 6807 6814 6806
f 6815 6814 6807
f 6808 6815 6807
f 6816 6815 6808
f 6809 6816 6808
f 6817 6816 6809
f 6810 6817 6809
f 6818 6817 6810
f 6811 6818 6810
f 6820 6819 6812
f 6813 6820 6812
f 6821 6820 6813
f 6814 6821 6813
f 6822 6821 6814
f 6815 6822 6814
f 6823 6822 6815
f 6816 6823 6815
f 6824 6823 6816
f 6817 6824 6816
f 6825 6824 6817
f 6818 6825 6817
f 6827 6826 6819
f 6820 6827 6819
f 6828 6827 6820
f 6821 6828 6820
f 6829 6828 6821
f 6822 6829 6821
f 6830 6829 6822
f 6823 6830 6822
f 6831 6830 6823
f 6824 6831 6823
f 6832 6831 6824
f 6825 6832 6824
f 6834 6833 6826
f 6827 6834 6826
f 6835 6834 6827
f 6828 6835 6827
f 6836 6835 6828
f 6829 6836 6828
f 6837 6836 6829
f 6830 6837 6829
f 6838 6837 6830
f 6831 6838 6830
f 6839 6838 6831
f 6832 6839 6831
f 6841 6840 6833
f 6834 6841 6833
f 6842 6841 6834
f 6835 6842 6834
f 6843 6842 6835
f 6836 6843 6835
f 6844 6843 6836
f 6837 6844 6836
f 6845 6844 6837
f 6838 6845 6837
f 6846 6845 6838
f 6839 6846 6838
f 6848 6847 6840
f 6841 6848 6840
f 6849 6848 6841
f 6842 6849 6841
f 6850 6849 6842
f 6843 6850 6842
f 6851 6850 6843
f 6844 6851 6843
f 6852 6851 6844
f 6845 6852 6844
f 6853 6852 6845
f 6846 6853 6845
f 6855 6854 6847
f 6848 6855 6847
f 6856 6855 6848
f 6849 6856 6848
f 6857 6856 6849
f 6850 6857 6849
f 6858 6857 6850
f 6851 6858 6850
f 6859 6858 6851
f 6852 6859 6851
f 6860 6859 6852
f 6853 6860 6852
f 6869 6868 6861
f 6862 6869 6861
f 6870 6869 6862
f 6863 6870 6862
f 6871 6870 6863
f 6864 6871 6863
f 6872 6871 6864
f 6865 6872 6864
f 6873 6872 6865
f 6866 6873 6865
f 6874 6873 6866
f 6867 6874 6866
f 6876 6875 6868
f 6869 6876 6868
f 6877 6876 6869
f 6870 6877 6869
f 6878 6877 6870
f 6871 6878 6870
f 6879 6878 6871
f 6872 6879 6871
f 6880 6879 6872
f 6873 6880 6872
f 6881 6880 6873
f 6874 6881 6873
f 6883 6882 6875
f 6876 6883 6875
f 6884 6883 6876
f 6877 6884 6876
f 6885 6884 6877
f 6878 6885 6877
f 6886 6885 6878
f 6879 6886 6878
f 6887 6886 6879
f 6880 6887 6879
f 6888 6887 6880
f 6881 6888 6880
f 6890 6889 6882
f 6883 6890 6882
f 6891 6890 6883
f 6884 6891 6883
f 6892 6891 6884
f 6885 6892 6884
f 6893 6892 6885
f 6886 6893 6885
f 6894 6893 6886
f 6887 6894 6886
f 6895 6894 6887
f 6888 6895 6887
f 6897 6896 6889
f 6890 6897 6889
f 6898 6897 6890
f 6891 6898 6890
f 6899 6898 6891
f 6892 6899 6891
f 6900 6899 6892
f 6893 6900 6892
f 6901 6900 6893
f 6894 6901 6893
f 6902 6901 6894
f 6895 6902 6894
f 6904 6903 6896
f 6897 6904 6896
f 6905 6904 6897
f 6898 6905 6897
f 6906 6905 6898
f 6899 6906 6898
f 6907 6906 6899
f 6900 6907 6899
f 6908 6907 6900
f 6901 6908 6900
f 6909 6908 6901
f 6902 6909 6901
f 6911 6910 6903
f 6904 6911 6903
f 6912 6911 6904
f 6905 6912 6904
f 6913 6912 6905
f 6906 6913 6905
f 6914 6913 6906
f 6907 6914 6906
f 6915 6914 6907
f 6908 6915 6907
f 6916 6915 6908
f 6909 6916 6908
f 6918 6917 6910
f 6911 6918 6910
f 6919 6918 6911
f 6912 6919 6911
f 6920 6919 6912
f 6913 6920 6912
f 6921 6920 6913
f 6914 6921 6913
f 6922 6921 6914
f 6915 6922 6914
f 6923 6922 6915
f 6916 6923 6915
f 6925 6924 6917
f 6918 6925 6917
f 6926 6925 6918
f 6919 6926 6918
f 6927 6926 6919
f 6920 6927 6919
f 6928 6927 6920
f 6921 6928 6920
f 6929 6928 6921
f 6922 6929 6921
f 6930 6929 6922
f 6923 6930 6922
