# OSM contributors ODbL; elevations USGS 3DEP
# Centimeters, Z up, OBJ Y = negative Unreal Y.
o Park_Concrete_4_14
v -3010.854675 11832.659516 -50.946761
v -3010.854675 11831.363156 -50.906250
v -3012.183681 11832.692161 -50.880293
v -3077.521342 11831.363156 -47.520834
v -3077.521342 11834.297102 -47.612519
v -3013.800309 11832.731872 -50.799440
v -2958.079448 11831.363156 -53.792395
v -3010.854675 11764.696489 -48.822916
v -3077.521342 11764.696489 -45.177083
v -2944.188009 11764.696489 -52.729167
v -2947.233911 11831.096748 -54.378226
v -2944.188009 11831.021929 -54.542752
v -2877.521342 11764.696489 -56.375000
v -2943.838189 11831.013337 -54.561649
v -2880.667513 11829.461625 -58.214564
v -2877.521342 11829.384343 -58.396495
v -2810.854675 11827.746757 -62.005281
v -2810.854675 11764.696489 -60.281250
v -2875.492698 11829.334512 -58.513805
v -2744.188009 11764.696489 -64.187500
v -2807.147207 11827.655687 -62.220025
v -2747.534718 11826.191379 -65.672905
v -2744.188009 11826.109171 -65.866753
v -2677.521342 11824.471584 -69.755146
v -2677.521342 11764.696489 -68.354167
v -2738.801716 11825.976863 -66.199779
v -2610.854675 11764.696489 -72.260417
v -2670.456224 11824.298038 -70.165050
v -2614.401923 11822.921132 -73.417210
v -2610.854675 11822.833998 -73.623015
v -2544.188009 11821.196412 -77.530597
v -2544.188009 11764.696489 -76.427083
v -2602.110733 11822.619214 -74.164477
v -2477.521342 11764.696489 -80.593750
v -2533.765242 11820.940389 -78.177020
v -2481.269127 11819.650885 -81.432841
v -2477.521342 11819.558826 -81.665280
v -2410.854675 11764.696489 -84.760416
v -2465.419751 11819.261565 -82.415824
v -2414.702730 11818.015762 -85.561306
v -2410.854675 11817.921239 -85.799962
v -2344.188009 11816.283653 -89.993549
v -2344.188009 11764.696489 -89.187500
v -2397.074259 11817.582740 -86.708457
v -2277.521342 11764.696489 -93.614584
v -2328.728768 11815.903916 -91.014207
v -2281.569934 11814.745516 -93.948058
v -2277.521342 11814.646067 -94.199930
v -2210.854675 11813.008481 -98.419104
v -2210.854675 11764.696489 -98.041667
v -2260.383277 11814.225091 -95.333071
v -2144.188009 11811.370894 -102.833393
v -2144.188009 11764.696489 -102.468750
v -2192.037786 11812.546266 -99.665052
v -2077.521342 11764.696489 -106.895833
v -2123.692295 11810.867442 -104.190504
v -2081.870741 11809.840146 -106.959691
v -2077.521342 11809.733308 -107.247683
v -2010.854675 11808.095722 -111.752862
v -2010.854675 11764.696489 -111.583333
v -2055.346803 11809.188617 -108.802576
v -1944.188009 11764.696489 -116.010417
v -1987.001312 11807.509793 -113.334585
v -1948.737946 11806.569899 -115.871841
v -1944.188009 11806.458136 -116.173548
v -1877.521342 11804.820549 -120.854651
v -1877.521342 11764.696489 -120.697917
v -1918.655821 11805.830968 -117.966330
v -1810.854675 11764.696489 -125.385417
v -1850.310330 11804.152144 -122.765314
v -1815.605151 11803.299653 -125.202193
v -1810.854675 11803.182963 -125.535755
v -1744.188009 11764.696489 -130.333333
v -1781.964838 11802.473319 -127.677150
v -1749.038753 11801.664529 -129.992266
v -1744.188009 11801.545377 -130.333333
v -1677.521342 11799.907791 -135.020833
v -1677.521342 11764.696489 -135.020833
v -1713.619347 11800.794494 -132.482692
v -1610.854675 11798.270204 -139.968750
v -1610.854675 11764.696489 -139.968750
v -1645.273856 11799.115670 -137.414202
v -1544.188009 11764.696489 -144.916667
v -1576.928365 11797.436845 -142.486719
v -1549.339560 11796.759160 -144.429204
v -1544.188009 11796.632618 -144.791917
v -1477.521342 11794.995032 -149.746230
v -1477.521342 11764.696489 -149.864584
v -1508.582873 11795.758021 -147.437901
v -1410.854675 11764.696489 -155.072917
v -1440.237382 11794.079196 -152.662616
v -1416.206765 11793.488913 -154.450750
v -1410.854675 11793.357445 -154.849003
v -1344.188009 11791.719859 -159.915273
v -1344.188009 11764.696489 -160.020833
v -1371.891891 11792.400372 -157.748250
v -1277.521342 11764.696489 -165.229167
v -1303.546400 11790.721547 -163.094299
v -1283.073970 11790.218667 -164.617666
v -1277.521342 11790.082273 -165.030840
v -1210.854675 11764.696489 -170.437500
v -1235.200909 11789.042723 -168.345246
v -1216.507572 11788.583543 -169.809250
v -1210.854675 11788.444687 -170.251968
v -1144.188009 11786.807100 -175.473095
v -1144.188009 11764.696489 -175.645833
v -1166.855417 11787.363898 -173.697853
v -1077.521342 11785.169514 -180.513778
v -1077.521342 11764.696489 -180.593750
v -1098.509926 11785.685073 -178.872031
v -1010.854675 11764.696489 -185.802083
v -1030.164435 11784.006249 -184.218080
v -1016.808379 11783.678173 -185.262803
v -1010.854675 11783.531928 -185.728507
v -944.188009 11781.894342 -191.136475
v -944.188009 11764.696489 -191.270834
v -961.818944 11782.327424 -189.755675
v -877.521342 11778.823427 -196.368800
v -877.521342 11764.696489 -196.479166
v -893.473452 11780.648600 -195.108282
v -883.675584 11780.407927 -195.875621
v -822.651930 11764.696489 -200.765839
v -3010.854675 11698.029823 -46.739583
v -3077.521342 11698.029823 -42.833334
v -2944.188009 11698.029823 -50.645834
v -2877.521342 11698.029823 -54.552083
v -2810.854675 11698.029823 -58.458334
v -2744.188009 11698.029823 -62.625000
v -2677.521342 11698.029823 -66.791667
v -2610.854675 11698.029823 -70.958333
v -2544.188009 11698.029823 -75.125000
v -2477.521342 11698.029823 -79.552083
v -2410.854675 11698.029823 -83.718750
v -2344.188009 11698.029823 -88.145834
v -2277.521342 11698.029823 -92.572917
v -2210.854675 11698.029823 -97.260417
v -2144.188009 11698.029823 -101.687500
v -2077.521342 11698.029823 -106.375000
v -2010.854675 11698.029823 -111.062500
v -1944.188009 11698.029823 -115.750000
v -1877.521342 11698.029823 -120.697917
v -1810.854675 11698.029823 -125.385417
v -1744.188009 11698.029823 -130.333334
v -1677.521342 11698.029823 -135.281250
v -1610.854675 11698.029823 -140.229167
v -1544.188009 11698.029823 -145.177083
v -1477.521342 11698.029823 -150.385416
v -1410.854675 11698.029823 -155.333334
v -1344.188009 11698.029823 -160.541666
v -1277.521342 11698.029823 -165.750000
v -1210.854675 11698.029823 -170.958333
v -1144.188009 11698.029823 -176.166667
v -1077.521342 11698.029823 -181.375000
v -1010.854675 11698.029823 -186.583334
v -944.188009 11698.029823 -191.791667
v -877.521342 11698.029823 -197.000000
v -810.854675 11698.029823 -202.208334
v -822.535828 11764.666597 -200.775143
v -810.854675 11758.593799 -201.735177
v -744.188009 11718.095012 -207.259907
v -744.188009 11698.029823 -207.416667
v -798.143916 11751.985730 -202.779831
v -764.911160 11734.708685 -205.511116
v -720.912106 11698.029823 -209.144175
v -722.291263 11700.540474 -209.022201
v -344.188009 11721.585359 -237.532986
v -344.188009 11698.029823 -237.625000
v -358.504897 11712.346710 -236.506493
v -380.691398 11698.029823 -234.915765
v -277.521342 11736.130265 -242.424086
v -277.521342 11698.029823 -242.572916
v -310.658057 11731.166537 -239.984111
v -282.959555 11736.217210 -242.020130
v -336.698749 11726.418157 -238.069951
v -210.854675 11735.064407 -247.376167
v -210.854675 11698.029823 -247.520833
v -248.490984 11735.666131 -244.580497
v -144.188009 11698.029823 -252.208333
v -180.741142 11734.582956 -249.495406
v -150.129809 11734.093547 -251.649677
v -144.188009 11733.998550 -252.067831
v -77.521342 11732.932693 -256.759494
v -77.521342 11698.029823 -256.895834
v -112.991301 11733.499781 -254.263297
v -10.854675 11731.866835 -261.451157
v -10.854675 11698.029823 -261.583333
v -45.241459 11732.416606 -259.031190
v 55.811991 11730.800978 -266.010417
v 55.811991 11698.029823 -266.010417
v 22.508383 11731.333431 -263.668756
v 122.478658 11698.029823 -270.697917
v 90.258224 11730.250256 -268.432417
v 115.529683 11729.846220 -270.209316
v 122.478658 11729.735120 -270.697916
v 189.145325 11698.029823 -275.125000
v 158.008066 11729.167081 -273.057292
v 181.944556 11728.784388 -274.646824
v 189.145325 11728.669263 -275.125000
v 255.811991 11727.603406 -279.291667
v 255.811991 11698.029823 -279.291667
v 225.757908 11728.083906 -277.413286
v 322.478658 11698.029823 -283.718750
v 293.507749 11727.000731 -281.794900
v 314.774302 11726.660725 -283.207133
v 322.478658 11726.537548 -283.718750
v 389.145325 11725.471691 -287.885417
v 389.145325 11698.029823 -287.885417
v 361.257591 11725.917556 -286.142434
v 455.811991 11698.029823 -292.052084
v 429.007433 11724.834381 -290.376798
v 447.604048 11724.537061 -291.539087
v 455.811991 11724.405834 -292.052083
v 522.478658 11723.339976 -296.057201
v 522.478658 11698.029823 -295.958334
v 496.757274 11723.751206 -294.451221
v 589.145325 11698.029823 -300.125000
v 564.507116 11722.668031 -298.681355
v 580.433794 11722.413398 -299.614559
v 589.145325 11722.274119 -300.125000
v 655.811991 11721.208262 -304.031250
v 655.811991 11698.029823 -304.031250
v 632.256958 11721.584856 -302.651073
v 722.478658 11720.142404 -307.937500
v 722.478658 11698.029823 -307.937500
v 700.006799 11720.501681 -306.620790
v 789.145325 11698.029823 -311.583333
v 767.756641 11719.418506 -310.413640
v 779.678413 11719.227903 -311.111436
v 789.145325 11719.076547 -311.665547
v 855.811991 11718.010690 -315.567634
v 855.811991 11698.029823 -315.489583
v 835.506483 11718.335331 -314.379126
v 922.478658 11716.944832 -319.209304
v 922.478658 11698.029823 -319.135417
v 903.256324 11717.252156 -318.159283
v 989.145325 11715.878975 -323.041667
v 989.145325 11698.029823 -323.041667
v 971.006166 11716.168981 -322.049681
v 1055.811991 11698.029823 -326.687500
v 1038.756008 11715.085806 -325.754751
v 1045.337905 11714.980576 -326.114698
v 1055.811991 11714.813118 -326.687500
v 1122.478658 11698.029823 -330.333333
v 1106.505849 11714.002631 -329.459820
v 1111.752778 11713.918744 -329.746762
v 1122.478658 11713.747260 -330.333333
v 1189.145325 11712.681403 -333.979166
v 1189.145325 11698.029823 -333.979167
v 1174.255691 11712.919456 -333.164890
v 1255.811991 11698.029823 -337.625000
v 1242.005533 11711.836281 -336.869959
v 1244.582524 11711.795081 -337.010889
v 1255.811991 11711.615545 -337.625000
v 1322.478658 11710.549688 -341.270833
v 1322.478658 11698.029823 -341.270833
v 1309.755374 11710.753106 -340.575029
v 1389.145325 11709.483831 -344.916667
v 1389.145325 11698.029823 -344.916667
v 1377.505216 11709.669931 -344.280098
v 1377.412271 11709.671417 -344.275015
v 1455.811991 11708.417973 -348.562500
v 1455.811991 11698.029823 -348.562500
v 1445.255058 11708.586756 -347.985167
v 1443.827144 11708.609585 -347.907079
v 1522.478658 11707.352116 -352.171918
v 1522.478658 11698.029823 -352.208334
v 1513.004899 11707.503581 -351.690237
v 1510.242017 11707.547754 -351.539142
v 1589.145325 11706.286259 -355.821915
v 1589.145325 11698.029823 -355.854167
v 1580.754741 11706.420406 -355.362530
v 1576.656890 11706.485922 -355.138174
v 1655.811991 11705.220401 -359.471912
v 1655.811991 11698.029823 -359.500000
v 1648.504583 11705.337231 -359.071831
v 1643.071763 11705.424090 -358.774385
v 1722.478658 11704.154544 -363.121909
v 1722.478658 11698.029823 -363.145834
v 1716.254425 11704.254056 -362.781132
v 1709.486636 11704.362259 -362.410596
v 1789.145325 11703.088687 -366.771905
v 1789.145325 11698.029823 -366.791667
v 1784.004266 11703.170881 -366.490433
v 1775.901509 11703.300427 -366.046807
v 1855.811991 11702.022829 -370.682319
v 1855.811991 11698.029823 -370.697916
v 1851.754108 11702.087706 -370.444299
v 1842.316382 11702.238595 -369.890717
v 1922.478658 11700.956972 -374.332316
v 1922.478658 11698.029823 -374.343750
v 1919.503950 11701.004531 -374.169451
v 1908.731255 11701.176763 -373.579646
v 1989.145325 11699.891115 -377.982313
v 1989.145325 11698.029823 -377.989583
v 1987.253791 11699.921356 -377.878752
v 1975.146128 11700.114932 -377.215857
v 2055.811991 11698.825257 -381.889619
v 2055.811991 11698.029823 -381.895833
v 2055.003633 11698.838181 -381.845310
v 2041.561001 11699.053100 -381.056817
v 2105.564401 11698.029823 -384.616668
v -3010.854675 11631.363156 -45.177083
v -3077.521342 11631.363156 -41.270834
v -2944.188009 11631.363156 -49.083333
v -2877.521342 11631.363156 -52.989584
v -2810.854675 11631.363156 -57.156250
v -2744.188009 11631.363156 -61.322917
v -2677.521342 11631.363156 -65.489583
v -2610.854675 11631.363156 -69.656250
v -2544.188009 11631.363156 -74.083333
v -2477.521342 11631.363156 -78.510417
v -2410.854675 11631.363156 -82.937500
v -2344.188009 11631.363156 -87.625000
v -2277.521342 11631.363156 -92.052083
v -2210.854675 11631.363156 -96.739583
v -2144.188009 11631.363156 -101.427083
v -2077.521342 11631.363156 -106.114584
v -2010.854675 11631.363156 -111.062500
v -1944.188009 11631.363156 -115.750000
v -1877.521342 11631.363156 -120.697916
v -1810.854675 11631.363156 -125.645833
v -1744.188009 11631.363156 -130.593750
v -1677.521342 11631.363156 -135.541667
v -1610.854675 11631.363156 -140.489583
v -1544.188009 11631.363156 -145.697917
v -1477.521342 11631.363156 -150.906250
v -1410.854675 11631.363156 -155.854166
v -1344.188009 11631.363156 -161.062500
v -1277.521342 11631.363156 -166.270834
v -1210.854675 11631.363156 -171.479166
v -1144.188009 11631.363156 -176.687500
v -1077.521342 11631.363156 -181.895833
v -1010.854675 11631.363156 -187.104166
v -944.188009 11631.363156 -192.312500
v -877.521342 11631.363156 -197.520834
v -810.854675 11631.363156 -202.729167
v -744.188009 11631.363156 -207.937500
v -695.641188 11649.483002 -211.588659
v -695.991220 11652.663234 -211.525411
v -693.646826 11631.363156 -211.886030
v -410.854675 11655.939312 -233.005915
v -410.854675 11631.363156 -233.197917
v -416.806026 11637.314507 -232.709720
v -413.667726 11651.871590 -232.828914
v -418.089053 11631.363156 -232.660990
v -344.188009 11631.363156 -238.145834
v -393.646909 11680.822056 -234.088658
v -382.597354 11696.799914 -234.783915
v -277.521342 11631.363156 -243.093750
v -210.854675 11631.363156 -247.781250
v -144.188009 11631.363156 -252.468750
v -77.521342 11631.363156 -257.156250
v -10.854675 11631.363156 -261.843750
v 55.811991 11631.363156 -266.270833
v 122.478658 11631.363156 -270.697916
v 189.145325 11631.363156 -275.125000
v 255.811991 11631.363156 -279.552083
v 322.478658 11631.363156 -283.718750
v 389.145325 11631.363156 -287.885417
v 455.811991 11631.363156 -292.052084
v 522.478658 11631.363156 -295.958333
v 589.145325 11631.363156 -300.125000
v 655.811991 11631.363156 -304.031250
v 722.478658 11631.363156 -307.937500
v 789.145325 11631.363156 -311.583334
v 855.811991 11631.363156 -315.489584
v 922.478658 11631.363156 -319.135417
v 989.145325 11631.363156 -323.041667
v 1055.811991 11631.363156 -326.687500
v 1122.478658 11631.363156 -330.333333
v 1189.145325 11631.363156 -333.979167
v 1255.811991 11631.363156 -337.625000
v 1322.478658 11631.363156 -341.270833
v 1389.145325 11631.363156 -344.916667
v 1455.811991 11631.363156 -348.822917
v 1522.478658 11631.363156 -352.468750
v 1589.145325 11631.363156 -356.114583
v 1655.811991 11631.363156 -359.760417
v 1722.478658 11631.363156 -363.666667
v 1789.145325 11631.363156 -367.312500
v 1855.811991 11631.363156 -370.958333
v 1922.478658 11631.363156 -374.864583
v 1989.145325 11631.363156 -378.510417
v 2055.811991 11631.363156 -382.416666
v 2122.478658 11631.363156 -386.062500
v 2107.975874 11697.991268 -384.748847
v 2122.478658 11697.759400 -385.543779
v 2189.145325 11631.363156 -389.968750
v 2122.753475 11697.755006 -385.559916
v 2174.390747 11696.929437 -388.591987
v 2189.145325 11696.693542 -389.458356
v 2255.811991 11695.627685 -393.112516
v 2255.811991 11631.363156 -393.614583
v 2190.503316 11696.671831 -389.532791
v 2322.478658 11694.561828 -397.027094
v 2322.478658 11631.363156 -397.520833
v 2258.253158 11695.588656 -393.255859
v 2389.145325 11631.363156 -401.166666
v 2326.003000 11694.505481 -397.220272
v 2373.635366 11693.743941 -399.831116
v 2389.145325 11693.495970 -400.681254
v 2455.811991 11692.430113 -404.357288
v 2455.811991 11631.363156 -405.072917
v 2393.752841 11693.422306 -400.951801
v 2522.478658 11631.363156 -408.718750
v 2461.502683 11692.339131 -404.669564
v 2506.465112 11691.620278 -407.309698
v 2522.478658 11691.364256 -408.249991
v 2589.145325 11690.298398 -411.904151
v 2589.145325 11631.363156 -412.364583
v 2529.252525 11691.255956 -408.621283
v 2655.811991 11631.363156 -416.010417
v 2597.002366 11690.172781 -412.334815
v 2639.294858 11689.496615 -414.652968
v 2655.811991 11689.232541 -415.558312
v 2722.478658 11688.102839 -419.212971
v 2722.478658 11631.363156 -419.656250
v 2664.752208 11689.089606 -416.048347
v 2705.709731 11688.434783 -418.293328
v 2706.251243 11688.425078 -418.323016
v 2789.145325 11631.363156 -423.302083
v 2732.606762 11687.901718 -419.768423
v 2771.519676 11687.128998 -421.902510
v 2789.145325 11686.778994 -422.869147
v 2855.811991 11631.363156 -426.947916
v 2800.624095 11686.551052 -423.498673
v 2836.788110 11685.832919 -425.482003
v 2855.811991 11685.455149 -426.525323
v 2922.478658 11684.131305 -430.127208
v 2922.478658 11631.363156 -430.333333
v 2868.641427 11685.200387 -427.178808
v 2989.145325 11631.363156 -433.979167
v 2936.658760 11683.849721 -430.903782
v 2967.324977 11683.240761 -432.465808
v 2989.145325 11682.807460 -433.577258
v 3055.811991 11681.483615 -437.168801
v 3055.811991 11631.363156 -437.364584
v 3004.676092 11682.499055 -434.368339
v 3122.478658 11680.159770 -440.559388
v 3122.478658 11631.363156 -440.750000
v 3072.693425 11681.148389 -438.027370
v 3189.145325 11631.363156 -444.135417
v 3140.710758 11679.797723 -441.486651
v 3163.130278 11679.352524 -442.626882
v 3189.145325 11678.835925 -443.949976
v 3255.811991 11677.512081 -447.080147
v 3255.811991 11631.363156 -447.260417
v 3208.728090 11678.447057 -444.869437
v 3322.478658 11631.363156 -450.645834
v 3276.745423 11677.096391 -448.144797
v 3293.667145 11676.760365 -449.005415
v 3322.478658 11676.188236 -450.470736
v 3389.145325 11631.363156 -453.770833
v 3344.762755 11675.745726 -451.517031
v 3358.935579 11675.464286 -452.182481
v 3389.145325 11674.864391 -453.600907
v 3455.811991 11631.363156 -456.895833
v 3412.780088 11674.395060 -454.710619
v 3424.204013 11674.168207 -455.247002
v 3455.811991 11673.540546 -456.731078
v 3522.478658 11672.216701 -459.760417
v 3522.478658 11631.363156 -459.760416
v 3480.797420 11673.044394 -457.806608
v 3589.145325 11670.892857 -462.885417
v 3589.145325 11631.363156 -462.885417
v 3548.814753 11671.693728 -460.994921
v 3655.811991 11631.363156 -465.750000
v 3616.832085 11670.343062 -464.075082
v 3620.009313 11670.279970 -464.211604
v 3655.811991 11669.569012 -465.750000
v 3722.478658 11668.245167 -468.498237
v 3722.478658 11631.363156 -468.354167
v 3684.849418 11668.992396 -466.884275
v 3789.145325 11666.853999 -471.218750
v 3789.145325 11631.363156 -471.218750
v 3752.870681 11667.637799 -469.801772
v 3750.546181 11667.687811 -469.702086
v 3750.790981 11667.682736 -469.712585
v 3855.811991 11665.413508 -473.955926
v 3855.811991 11631.363156 -473.822917
v 3821.009652 11666.165495 -472.463450
v 3816.975539 11666.252662 -472.305867
v 3922.478658 11663.973016 -476.554466
v 3922.478658 11631.363156 -476.427083
v 3889.148623 11664.693191 -475.255324
v 3883.160097 11664.822587 -475.021903
v 3989.145325 11662.532525 -478.892589
v 3989.145325 11631.363156 -478.770834
v 3957.287594 11663.220887 -477.775279
v 3949.344656 11663.392513 -477.496706
v 4055.811991 11661.092033 -481.346840
v 4055.811991 11631.363156 -481.114584
v 4025.426565 11661.748582 -480.165039
v 4015.529214 11661.962438 -479.817920
v 4122.478658 11659.651541 -483.679336
v 4122.478658 11631.363156 -483.458334
v 4093.565536 11660.276278 -482.667740
v 4081.713772 11660.532364 -482.253078
v 4189.145325 11658.211050 -485.906958
v 4189.145325 11631.363156 -485.802084
v 4161.704507 11658.803974 -485.051749
v 4147.898330 11659.102289 -484.568705
v 4255.811991 11656.770558 -488.083912
v 4255.811991 11631.363156 -487.885417
v 4229.843478 11657.331670 -487.175340
v 4214.082888 11657.672215 -486.684152
v 4322.478658 11655.330067 -489.895575
v 4322.478658 11631.363156 -489.708334
v 4297.982449 11655.859365 -489.229891
v 4280.267447 11656.242140 -488.748488
v 4389.145325 11653.889575 -491.967654
v 4389.145325 11631.363156 -491.791667
v 4366.121420 11654.387061 -491.252044
v 4346.452005 11654.812065 -490.640695
v 4455.811991 11652.449083 -493.601268
v 4455.811991 11631.363156 -493.354167
v 4434.260391 11652.914757 -493.017423
v 4412.636563 11653.381991 -492.514265
v 4522.478658 11651.008592 -495.330563
v 4522.478658 11631.363156 -495.177083
v 4502.399361 11651.442453 -494.863344
v 4478.821121 11651.951916 -494.224597
v 4589.145325 11649.568100 -496.881809
v 4589.145325 11631.363156 -496.739583
v 4570.538332 11649.970148 -496.448850
v 4545.005679 11650.521842 -495.854738
v 4655.811991 11648.127608 -498.238125
v 4655.811991 11631.363156 -498.041667
v 4638.677303 11648.497844 -497.840870
v 4611.190237 11649.091767 -497.308653
v 4722.478658 11646.687117 -499.783745
v 4722.478658 11631.363156 -499.604167
v 4706.816274 11647.025540 -499.420623
v 4677.374796 11647.661693 -498.738043
v 4789.145325 11645.246625 -501.014715
v 4789.145325 11631.363156 -500.906250
v 4774.955245 11645.553236 -500.795390
v 4743.559354 11646.231618 -500.190139
v 4855.811991 11643.806134 -502.093733
v 4855.811991 11631.363156 -501.947917
v 4843.094216 11644.080931 -501.848559
v 4809.743912 11644.801544 -501.333090
v 4922.478658 11642.365642 -503.118519
v 4922.478658 11631.363156 -502.989584
v 4911.233187 11642.608627 -502.945655
v 4875.928470 11643.371469 -502.402959
v 4989.145325 11640.925150 -504.143304
v 4989.145325 11631.363156 -504.031250
v 4979.372158 11641.136323 -503.993073
v 4942.113028 11641.941395 -503.420334
v 5055.811991 11639.484659 -504.907674
v 5055.811991 11631.363156 -504.812500
v 5047.511129 11639.664019 -504.812500
v 5008.297586 11640.511320 -504.362896
v 5122.478658 11638.044167 -505.672043
v 5122.478658 11631.363156 -505.593750
v 5115.650100 11638.191714 -505.593750
v 5074.482145 11639.081246 -505.121738
v 5189.145325 11636.603675 -506.436412
v 5189.145325 11631.363156 -506.375000
v 5183.789071 11636.719410 -506.375000
v 5140.666703 11637.651171 -505.880579
v 5255.811991 11635.163184 -506.940365
v 5255.811991 11631.363156 -506.895833
v 5251.928042 11635.247106 -506.911005
v 5206.851261 11636.221097 -506.570257
v 5322.478658 11633.722692 -507.444318
v 5322.478658 11631.363156 -507.416666
v 5320.067012 11633.774802 -507.426087
v 5273.035819 11634.791022 -507.070565
v -3010.854675 11564.696489 -41.791667
v -3077.521342 11564.696489 -37.625000
v -2944.188009 11564.696489 -46.218750
v -2877.521342 11564.696489 -50.385416
v -2810.854675 11564.696489 -54.552083
v -2744.188009 11564.696489 -58.718750
v -2677.521342 11564.696489 -62.885417
v -2610.854675 11564.696489 -67.312500
v -2544.188009 11564.696489 -72.260416
v -2477.521342 11564.696489 -76.947916
v -2410.854675 11564.696489 -81.635416
v -2344.188009 11564.696489 -86.322916
v -2277.521342 11564.696489 -91.010416
v -2210.854675 11564.696489 -95.697916
v -2144.188009 11564.696489 -100.645833
v -2077.521342 11564.696489 -105.593750
v -2010.854675 11564.696489 -110.281250
v -1944.188009 11564.696489 -115.229167
v -1877.521342 11564.696489 -120.177083
v -1810.854675 11564.696489 -125.125000
v -1744.188009 11564.696489 -130.333333
v -1677.521342 11564.696489 -135.281250
v -1610.854675 11564.696489 -140.489583
v -1544.188009 11564.696489 -145.697917
v -1477.521342 11564.696489 -150.645834
v -1410.854675 11564.696489 -155.854167
v -1344.188009 11564.696489 -161.062500
v -1277.521342 11564.696489 -166.270833
v -1210.854675 11564.696489 -171.479167
v -1144.188009 11564.696489 -176.687500
v -1077.521342 11564.696489 -181.895834
v -1010.854675 11564.696489 -187.364583
v -944.188009 11564.696489 -192.833334
v -877.521342 11564.696489 -198.041667
v -810.854675 11564.696489 -203.250000
v -744.188009 11564.696489 -208.458333
v -694.786686 11581.961833 -212.375900
v -690.014975 11598.365841 -212.556455
v -699.808948 11564.696489 -212.098803
v -410.854675 11564.696489 -233.718750
v -420.841792 11574.683606 -232.899495
v -425.179680 11598.473114 -232.391686
v -419.020695 11564.696489 -233.112679
v -344.188009 11564.696489 -238.406250
v -277.521342 11564.696489 -243.093750
v -210.854675 11564.696489 -247.781250
v -144.188009 11564.696489 -252.468750
v -77.521342 11564.696489 -257.156250
v -10.854675 11564.696489 -261.843750
v 55.811991 11564.696489 -266.270833
v 122.478658 11564.696489 -270.697916
v 189.145325 11564.696489 -275.125000
v 255.811991 11564.696489 -279.291666
v 322.478658 11564.696489 -283.718750
v 389.145325 11564.696489 -287.885417
v 455.811991 11564.696489 -291.791667
v 522.478658 11564.696489 -295.958333
v 589.145325 11564.696489 -299.864583
v 655.811991 11564.696489 -303.770833
v 722.478658 11564.696489 -307.677084
v 789.145325 11564.696489 -311.583333
v 855.811991 11564.696489 -315.229167
v 922.478658 11564.696489 -319.135416
v 989.145325 11564.696489 -322.781250
v 1055.811991 11564.696489 -326.687500
v 1122.478658 11564.696489 -330.333334
v 1189.145325 11564.696489 -333.979167
v 1255.811991 11564.696489 -337.885417
v 1322.478658 11564.696489 -341.531250
v 1389.145325 11564.696489 -345.177084
v 1455.811991 11564.696489 -348.822917
v 1522.478658 11564.696489 -352.729167
v 1589.145325 11564.696489 -356.375000
v 1655.811991 11564.696489 -360.020834
v 1722.478658 11564.696489 -363.927083
v 1789.145325 11564.696489 -367.572917
v 1855.811991 11564.696489 -371.479166
v 1922.478658 11564.696489 -375.385417
v 1989.145325 11564.696489 -379.031250
v 2055.811991 11564.696489 -382.937500
v 2122.478658 11564.696489 -386.843750
v 2189.145325 11564.696489 -390.489583
v 2255.811991 11564.696489 -394.395833
v 2322.478658 11564.696489 -398.041667
v 2389.145325 11564.696489 -401.947916
v 2455.811991 11564.696489 -405.593750
v 2522.478658 11564.696489 -409.239583
v 2589.145325 11564.696489 -413.145834
v 2655.811991 11564.696489 -416.791666
v 2722.478658 11564.696489 -420.437500
v 2789.145325 11564.696489 -423.822917
v 2855.811991 11564.696489 -427.468750
v 2922.478658 11564.696489 -431.114583
v 2989.145325 11564.696489 -434.500000
v 3055.811991 11564.696489 -437.885417
v 3122.478658 11564.696489 -441.270834
v 3189.145325 11564.696489 -444.395833
v 3255.811991 11564.696489 -447.781250
v 3322.478658 11564.696489 -450.906250
v 3389.145325 11564.696489 -454.031250
v 3455.811991 11564.696489 -457.156250
v 3522.478658 11564.696489 -460.020834
v 3589.145325 11564.696489 -462.885416
v 3655.811991 11564.696489 -465.750000
v 3722.478658 11564.696489 -468.354166
v 3789.145325 11564.696489 -471.218750
v 3855.811991 11564.696489 -473.822917
v 3922.478658 11564.696489 -476.166666
v 3989.145325 11564.696489 -478.770833
v 4055.811991 11564.696489 -481.114584
v 4122.478658 11564.696489 -483.197917
v 4189.145325 11564.696489 -485.281250
v 4255.811991 11564.696489 -487.364584
v 4322.478658 11564.696489 -489.447917
v 4389.145325 11564.696489 -491.270833
v 4455.811991 11564.696489 -492.833333
v 4522.478658 11564.696489 -494.656250
v 4589.145325 11564.696489 -496.218750
v 4655.811991 11564.696489 -497.520833
v 4722.478658 11564.696489 -498.822917
v 4789.145325 11564.696489 -500.125000
v 4855.811991 11564.696489 -501.166667
v 4922.478658 11564.696489 -502.208334
v 4989.145325 11564.696489 -503.250000
v 5055.811991 11564.696489 -504.031250
v 5122.478658 11564.696489 -504.812500
v 5189.145325 11564.696489 -505.593750
v 5255.811991 11564.696489 -506.114583
v 5322.478658 11564.696489 -506.635416
v -3010.854675 11552.575055 -40.418535
v -3020.676097 11552.816307 -39.832026
v -3066.773486 11553.948633 -37.079211
v -3077.521342 11554.212642 -36.396424
v -2944.188009 11550.937469 -44.713857
v -2954.109699 11551.181183 -44.081651
v -2998.427995 11552.269809 -41.257708
v -2877.521342 11549.299883 -48.821699
v -2887.543302 11549.546060 -48.220328
v -2930.082504 11550.590984 -45.667753
v -2810.854675 11547.662297 -52.955128
v -2820.976904 11547.910937 -52.345798
v -2861.737012 11548.912160 -49.892157
v -2744.188009 11546.024710 -57.041208
v -2754.410506 11546.275814 -56.424861
v -2793.391521 11547.233335 -54.074575
v -2677.521342 11544.387124 -61.140081
v -2687.844109 11544.640690 -60.516699
v -2725.046030 11545.554511 -58.270109
v -2610.854675 11542.749538 -65.512164
v -2621.277711 11543.005567 -64.841012
v -2656.700539 11543.875686 -62.560092
v -2544.188009 11541.111951 -70.417875
v -2554.711313 11541.370444 -69.657043
v -2588.355048 11542.196862 -67.224611
v -2477.521342 11539.474365 -75.174486
v -2488.144916 11539.735320 -74.445865
v -2520.009556 11540.518037 -72.260417
v -2410.854675 11537.836779 -79.746844
v -2421.578518 11538.100197 -79.011345
v -2451.664065 11538.839212 -76.947917
v -2344.188009 11536.199193 -84.430518
v -2355.012120 11536.465074 -83.687104
v -2383.318574 11537.160388 -81.742980
v -2277.521342 11534.561606 -89.126987
v -2288.445723 11534.829951 -88.375637
v -2314.973083 11535.481563 -86.551159
v -2210.854675 11532.924020 -94.208582
v -2221.879325 11533.194827 -93.446106
v -2246.627591 11533.802739 -91.734489
v -2144.188009 11531.286434 -99.471261
v -2155.312927 11531.559704 -98.655190
v -2178.282100 11532.123914 -96.970283
v -2077.521342 11529.648848 -104.361607
v -2088.746530 11529.924581 -103.538181
v -2109.936609 11530.445090 -101.983778
v -2010.854675 11528.011261 -108.848234
v -2022.180132 11528.289458 -108.062779
v -2041.591118 11528.766265 -106.716570
v -1944.188009 11526.373675 -113.582483
v -1955.613734 11526.654334 -112.746539
v -1973.245626 11527.087440 -111.456533
v -1877.521342 11524.736089 -118.460035
v -1889.047337 11525.019211 -117.616755
v -1904.900135 11525.408616 -116.456913
v -1810.854675 11523.098503 -123.337586
v -1822.480939 11523.384088 -122.486971
v -1836.554644 11523.729791 -121.457292
v -1744.188009 11521.460916 -128.475555
v -1755.914541 11521.748964 -127.571796
v -1768.209153 11522.050967 -126.624257
v -1677.521342 11519.823330 -133.528392
v -1689.348144 11520.113841 -132.661970
v -1699.863662 11520.372142 -131.891612
v -1610.854675 11518.185744 -138.672757
v -1622.781746 11518.478718 -137.752400
v -1631.518170 11518.693318 -137.078249
v -1544.188009 11516.548158 -143.629043
v -1556.215348 11516.843595 -142.702102
v -1563.172679 11517.014493 -142.165903
v -1477.521342 11514.910571 -148.506595
v -1489.648951 11515.208471 -147.619299
v -1494.827188 11515.335668 -147.240442
v -1410.854675 11513.272985 -153.845436
v -1423.082553 11513.573348 -152.901866
v -1426.481697 11513.656844 -152.639570
v -1344.188009 11511.635399 -159.404341
v -1356.516155 11511.938225 -158.450667
v -1358.136205 11511.978019 -158.325345
v -1277.521342 11509.997812 -164.775167
v -1289.790714 11510.299195 -163.824863
v -1289.949758 11510.303102 -163.811938
v -1210.854675 11508.360226 -169.718659
v -1221.445223 11508.620370 -168.899402
v -1144.188009 11506.722640 -174.649356
v -1153.099732 11506.941546 -173.960824
v -1156.816962 11507.032855 -173.687790
v -1077.521342 11505.085054 -179.800119
v -1084.754240 11505.262721 -179.241295
v -1090.250565 11505.397732 -178.816641
v -1010.854675 11503.447467 -185.689805
v -1016.408749 11503.583897 -185.237928
v -944.188009 11501.809881 -191.850730
v -948.063258 11501.905072 -191.534326
v -957.117770 11502.127485 -190.691548
v -877.521342 11498.029823 -197.781250
v -916.675607 11498.029823 -194.263484
v -922.942815 11501.288019 -193.751324
v -810.854675 11498.029823 -203.250000
v -744.188009 11500.686809 -208.958409
v -745.902943 11499.744757 -208.831790
v -749.024852 11498.029823 -208.563501
v -714.231219 11534.739700 -211.266782
v -705.272358 11545.914582 -211.870734
v -739.440569 11503.294684 -209.346018
v -410.854675 11537.720172 -233.613374
v -415.380628 11544.733921 -233.304861
v -344.188009 11498.029823 -238.145834
v -384.597628 11498.029823 -235.304532
v -385.762385 11498.835315 -235.225781
v -277.521342 11498.029823 -242.833333
v -210.854675 11498.029823 -247.520833
v -144.188009 11498.029823 -252.208334
v -77.521342 11498.029823 -256.895833
v -10.854675 11498.029823 -261.322917
v 55.811991 11498.029823 -265.489583
v 122.478658 11498.029823 -269.916666
v 189.145325 11498.029823 -274.604167
v 255.811991 11498.029823 -279.552083
v 322.478658 11498.029823 -283.979167
v 389.145325 11498.029823 -287.885417
v 455.811991 11498.029823 -292.052083
v 522.478658 11498.029823 -296.218750
v 589.145325 11498.029823 -299.864584
v 655.811991 11498.029823 -303.770834
v 722.478658 11498.029823 -307.677083
v 789.145325 11498.029823 -311.322917
v 855.811991 11498.029823 -314.968750
v 922.478658 11498.029823 -318.614584
v 989.145325 11498.029823 -322.260416
v 1055.811991 11498.029823 -326.166666
v 1122.478658 11498.029823 -329.812500
v 1189.145325 11498.029823 -333.458333
v 1255.811991 11498.029823 -337.104166
v 1322.478658 11498.029823 -340.750000
v 1389.145325 11498.029823 -344.656250
v 1455.811991 11498.029823 -348.302083
v 1522.478658 11498.029823 -351.947917
v 1589.145325 11498.029823 -355.593750
v 1655.811991 11498.029823 -359.500000
v 1722.478658 11498.029823 -363.145834
v 1789.145325 11498.029823 -367.052083
v 1855.811991 11498.029823 -370.958334
v 1922.478658 11498.029823 -375.125000
v 1989.145325 11498.029823 -379.031250
v 2055.811991 11498.029823 -382.937500
v 2122.478658 11498.029823 -386.843750
v 2189.145325 11498.029823 -390.750000
v 2255.811991 11498.029823 -394.656250
v 2322.478658 11498.029823 -398.562500
v 2389.145325 11498.029823 -402.208333
v 2455.811991 11498.029823 -406.114583
v 2522.478658 11498.029823 -409.760417
v 2589.145325 11498.029823 -413.406250
v 2655.811991 11498.029823 -417.052083
v 2722.478658 11498.029823 -420.697917
v 2789.145325 11498.029823 -424.343750
v 2855.811991 11498.029823 -427.989583
v 2922.478658 11498.029823 -431.375000
v 2989.145325 11498.029823 -434.760416
v 3055.811991 11498.029823 -438.145834
v 3122.478658 11498.029823 -441.531250
v 3189.145325 11498.029823 -444.916666
v 3255.811991 11498.029823 -448.041667
v 3322.478658 11498.029823 -451.166666
v 3389.145325 11498.029823 -454.291667
v 3455.811991 11498.029823 -457.416667
v 3522.478658 11498.029823 -460.281250
v 3589.145325 11498.029823 -463.145833
v 3655.811991 11498.029823 -466.010417
v 3722.478658 11498.029823 -468.614583
v 3789.145325 11498.029823 -471.218750
v 3855.811991 11498.029823 -473.822917
v 3922.478658 11498.029823 -476.166667
v 3989.145325 11498.029823 -478.510417
v 4055.811991 11498.029823 -480.854166
v 4122.478658 11498.029823 -482.937500
v 4189.145325 11498.029823 -485.281250
v 4255.811991 11498.029823 -487.104167
v 4322.478658 11498.029823 -489.187500
v 4389.145325 11498.029823 -490.750000
v 4455.811991 11498.029823 -492.572917
v 4522.478658 11498.029823 -494.135417
v 4589.145325 11498.029823 -495.697917
v 4655.811991 11498.029823 -497.000000
v 4722.478658 11498.029823 -498.302083
v 4789.145325 11498.029823 -499.604166
v 4855.811991 11498.029823 -500.645833
v 4922.478658 11498.029823 -501.687500
v 4989.145325 11498.029823 -502.729167
v 5055.811991 11498.029823 -503.510417
v 5122.478658 11498.029823 -504.291666
v 5189.145325 11498.029823 -504.812500
v 5255.811991 11498.029823 -505.593750
v 5322.478658 11498.029823 -505.854166
v -877.521342 11481.463022 -197.392966
v -894.066461 11486.275779 -196.019289
v -810.854675 11474.404056 -202.973135
v -841.615201 11471.018397 -200.410135
v -854.158637 11474.667118 -199.423940
v -789.571448 11476.746595 -205.162165
v -787.317809 11476.994642 -205.354868
v -344.188009 11470.084381 -238.036671
v -277.521342 11456.094481 -242.669523
v -287.435584 11456.252989 -241.973047
v -306.527017 11460.368831 -240.646758
v -340.834060 11467.764944 -238.263436
v -210.854675 11455.028624 -247.352860
v -221.020711 11455.191157 -246.638696
v -234.904651 11455.413132 -245.663348
v -144.188009 11453.962767 -252.208333
v -154.605838 11454.129325 -251.475830
v -167.154809 11454.329957 -250.593480
v -77.521342 11452.896909 -256.895834
v -88.190965 11453.067494 -256.145626
v -99.404968 11453.246782 -255.357141
v -10.854675 11451.831052 -261.322917
v -21.776092 11452.005662 -260.597666
v -31.655126 11452.163607 -259.941637
v 55.811991 11450.765195 -265.489583
v 44.638781 11450.943830 -264.791258
v 36.094716 11451.080432 -264.257254
v 122.478658 11449.699337 -270.105457
v 111.053654 11449.881999 -269.346052
v 103.844557 11449.997257 -268.866873
v 189.145325 11448.633480 -274.797121
v 177.468527 11448.820167 -273.975367
v 171.594399 11448.914082 -273.561975
v 255.811991 11447.567622 -280.537673
v 243.883400 11447.758335 -279.648623
v 239.344241 11447.830907 -279.310316
v 322.478658 11446.501765 -285.388137
v 310.298273 11446.696503 -284.573958
v 307.094082 11446.747732 -284.359779
v 389.145325 11445.435908 -289.323532
v 376.713146 11445.634672 -288.589649
v 374.843924 11445.664557 -288.479307
v 455.811991 11444.370050 -293.309735
v 443.128019 11444.572840 -292.512233
v 442.593766 11444.581382 -292.478642
v 522.478658 11443.304193 -297.287610
v 510.343607 11443.498207 -296.525380
v 509.542892 11443.511008 -296.478163
v 589.145325 11442.238336 -300.736326
v 578.093449 11442.415032 -300.129165
v 655.811991 11441.172478 -304.437131
v 645.843291 11441.331857 -303.851160
v 642.372638 11441.387345 -303.660490
v 722.478658 11440.106621 -308.129608
v 713.593132 11440.248682 -307.607862
v 708.787511 11440.325513 -307.344154
v 789.145325 11439.040764 -311.553343
v 781.342974 11439.165506 -311.126164
v 855.811991 11437.974906 -314.968750
v 849.092816 11438.082331 -314.601295
v 841.617257 11438.201850 -314.221210
v 922.478658 11436.909049 -318.375830
v 916.842657 11436.999156 -318.067964
v 989.145325 11435.843192 -322.260417
v 984.592499 11435.915981 -322.011434
v 974.447003 11436.078186 -321.417605
v 1055.811991 11434.777334 -325.919586
v 1052.342341 11434.832806 -325.716504
v 1122.478658 11433.711477 -329.561257
v 1120.092183 11433.749631 -329.430895
v 1189.145325 11432.645619 -333.202927
v 1187.842024 11432.666456 -333.131733
v 1173.691623 11432.892691 -332.358768
v 1255.811991 11431.579762 -336.844596
v 1255.591866 11431.583281 -336.832572
v 1322.478658 11431.363156 -340.489583
v 1269.360155 11431.363156 -337.584665
v 1389.145325 11431.363156 -344.135417
v 1455.811991 11431.363156 -347.260416
v 1522.478658 11431.363156 -350.645833
v 1589.145325 11431.363156 -354.291667
v 1655.811991 11431.363156 -357.937500
v 1722.478658 11431.363156 -361.583334
v 1789.145325 11431.363156 -365.229167
v 1855.811991 11431.363156 -369.135417
v 1922.478658 11431.363156 -373.302083
v 1989.145325 11431.363156 -377.729166
v 2055.811991 11431.363156 -382.416666
v 2122.478658 11431.363156 -386.583333
v 2189.145325 11431.363156 -390.489583
v 2255.811991 11431.363156 -394.656250
v 2322.478658 11431.363156 -398.562500
v 2389.145325 11431.363156 -402.468750
v 2455.811991 11431.363156 -406.375000
v 2522.478658 11431.363156 -410.020834
v 2589.145325 11431.363156 -413.666667
v 2655.811991 11431.363156 -417.312500
v 2722.478658 11431.363156 -420.958333
v 2789.145325 11431.363156 -424.604167
v 2855.811991 11431.363156 -428.250000
v 2922.478658 11431.363156 -431.635416
v 2989.145325 11431.363156 -435.020834
v 3055.811991 11431.363156 -438.406250
v 3122.478658 11431.363156 -441.791666
v 3189.145325 11431.363156 -445.177084
v 3255.811991 11431.363156 -448.302084
v 3322.478658 11431.363156 -451.427083
v 3389.145325 11431.363156 -454.291667
v 3455.811991 11431.363156 -457.416667
v 3522.478658 11431.363156 -460.281250
v 3589.145325 11431.363156 -463.145833
v 3655.811991 11431.363156 -466.010416
v 3722.478658 11431.363156 -468.614583
v 3789.145325 11431.363156 -471.479166
v 3855.811991 11431.363156 -474.083333
v 3922.478658 11431.363156 -476.427084
v 3989.145325 11431.363156 -478.770833
v 4055.811991 11431.363156 -480.854167
v 4122.478658 11431.363156 -483.197917
v 4189.145325 11431.363156 -485.281250
v 4255.811991 11431.363156 -487.364583
v 4322.478658 11431.363156 -488.927084
v 4389.145325 11431.363156 -490.750000
v 4455.811991 11431.363156 -492.312500
v 4522.478658 11431.363156 -493.875000
v 4589.145325 11431.363156 -495.437500
v 4655.811991 11431.363156 -496.739583
v 4722.478658 11431.363156 -498.041666
v 4789.145325 11431.363156 -499.343750
v 4855.811991 11431.363156 -500.385417
v 4922.478658 11431.363156 -501.427083
v 4989.145325 11431.363156 -502.208333
v 5055.811991 11431.363156 -502.989583
v 5122.478658 11431.363156 -503.510416
v 5189.145325 11431.363156 -504.291667
v 5255.811991 11431.363156 -504.812500
v 5322.478658 11431.363156 -505.072917
v 1322.478658 11430.513905 -340.506170
v 1306.521369 11430.769028 -339.628523
v 1389.145325 11429.448047 -344.150378
v 1372.936242 11429.707196 -343.261919
v 1323.341708 11430.500106 -340.543524
v 1455.811991 11428.382190 -347.272061
v 1439.351115 11428.645364 -346.499430
v 1391.091549 11429.416931 -344.234249
v 1522.478658 11427.316333 -350.645834
v 1505.765988 11427.583533 -349.797143
v 1458.841391 11428.333756 -347.414253
v 1589.145325 11426.250475 -354.271695
v 1572.180861 11426.521701 -353.345010
v 1526.591233 11427.250581 -350.854675
v 1655.811991 11425.184618 -357.889230
v 1638.595734 11425.459869 -356.949866
v 1594.341074 11426.167406 -354.535217
v 1722.478658 11424.118761 -361.470139
v 1705.010607 11424.398037 -360.519219
v 1662.090916 11425.084231 -358.182771
v 1789.145325 11423.052903 -365.034395
v 1771.425480 11423.336206 -364.071982
v 1729.840758 11424.001056 -361.813399
v 1855.811991 11421.987046 -368.879038
v 1837.840353 11422.274374 -367.833870
v 1797.590599 11422.917881 -365.493082
v 1922.478658 11420.921189 -373.016561
v 1904.255226 11421.212542 -371.885563
v 1865.340441 11421.834706 -369.470401
v 1989.145325 11419.855331 -377.549357
v 1970.670099 11420.150711 -376.327101
v 1933.090283 11420.751531 -373.840955
v 2055.811991 11418.789474 -382.367551
v 2037.084972 11419.088879 -381.051977
v 2000.840124 11419.668356 -378.505775
v 2122.478658 11417.723616 -386.583334
v 2103.499845 11418.027047 -385.397158
v 2068.589966 11418.585181 -383.215290
v 2189.145325 11416.657759 -390.489583
v 2169.914718 11416.965215 -389.362790
v 2136.339808 11417.502006 -387.395510
v 2255.811991 11415.591902 -394.656250
v 2236.329591 11415.903384 -393.438600
v 2204.089649 11416.418831 -391.423604
v 2322.478658 11414.526044 -398.694040
v 2302.744464 11414.841552 -397.535274
v 2271.839491 11415.335656 -395.720576
v 2389.145325 11413.460187 -402.608617
v 2369.159337 11413.779720 -401.435066
v 2339.589333 11414.252481 -399.698756
v 2455.811991 11412.394330 -406.523194
v 2435.574210 11412.717889 -405.334859
v 2407.339174 11413.169306 -403.676935
v 2522.478658 11411.328472 -410.177354
v 2501.989083 11411.656057 -409.054271
v 2475.089016 11412.086131 -407.579814
v 2589.145325 11410.262615 -413.666667
v 2568.403956 11410.594225 -412.532373
v 2542.838858 11411.002956 -411.134282
v 2655.811991 11409.196758 -417.312500
v 2634.818829 11409.532393 -416.164436
v 2610.588699 11409.919781 -414.839351
v 2722.478658 11408.047639 -420.958333
v 2700.962937 11408.474891 -419.781693
v 2678.338541 11408.836606 -418.544420
v 2789.145325 11406.723794 -424.604167
v 2765.960624 11407.184188 -423.336254
v 2746.266548 11407.575266 -422.259233
v 2855.811991 11405.399949 -428.148582
v 2831.229058 11405.888109 -426.806109
v 2814.283880 11406.224601 -425.880734
v 2922.478658 11404.076104 -431.742007
v 2896.497492 11404.592030 -430.420636
v 2882.301213 11404.873935 -429.698629
v 2989.145325 11402.752259 -435.132594
v 2961.765925 11403.295951 -433.740111
v 2950.318545 11403.523269 -433.157911
v 3055.811991 11401.428415 -438.523183
v 3027.034359 11401.999871 -437.059586
v 3018.335878 11402.172603 -436.617191
v 3122.478658 11400.104570 -441.913771
v 3092.302792 11400.703792 -440.379062
v 3086.353210 11400.821937 -440.076473
v 3189.145325 11398.780725 -445.177083
v 3157.571226 11399.407713 -443.573711
v 3154.370543 11399.471271 -443.411177
v 3255.811991 11397.456880 -448.302083
v 3222.839660 11398.111634 -446.756506
v 3222.387875 11398.120605 -446.735328
v 3322.478658 11396.133035 -451.427083
v 3290.405208 11396.769940 -449.923640
v 3389.145325 11394.809191 -454.434455
v 3358.422540 11395.419274 -453.111952
v 3455.811991 11393.485346 -457.416666
v 3426.439873 11394.068608 -456.039848
v 3522.478658 11392.161501 -460.128119
v 3494.457205 11392.717942 -458.926245
v 3483.913394 11392.927317 -458.514378
v 3589.145325 11390.837656 -462.987531
v 3562.474538 11391.367276 -461.843589
v 3655.811991 11389.513812 -466.010416
v 3630.491870 11390.016610 -464.922442
v 3614.450261 11390.335159 -464.171736
v 3722.478658 11388.189967 -468.783229
v 3698.509203 11388.665944 -467.845062
v 3789.145325 11386.788644 -471.653286
v 3766.565274 11387.276540 -470.681143
v 3744.864726 11387.745432 -469.746867
v 3855.811991 11385.348153 -474.083333
v 3834.704245 11385.804235 -473.258812
v 3922.478658 11383.907661 -476.427083
v 3902.843216 11384.331931 -475.736774
v 3877.111444 11384.887927 -474.832142
v 3989.145325 11382.467169 -478.579833
v 3970.982187 11382.859627 -477.942819
v 4055.811991 11381.026678 -480.854167
v 4039.121158 11381.387323 -480.332578
v 4009.480561 11382.027778 -479.293027
v 4122.478658 11379.586186 -482.995663
v 4107.260129 11379.915018 -482.461921
v 4189.145325 11378.145694 -485.281250
v 4175.399100 11378.442714 -484.851680
v 4255.811991 11376.705203 -487.364583
v 4243.538071 11376.970410 -486.981023
v 4208.034235 11377.737555 -485.871528
v 4322.478658 11375.264711 -489.146218
v 4311.677042 11375.498106 -488.892144
v 4389.145325 11373.824220 -490.974761
v 4379.816013 11374.025801 -490.718876
v 4340.403352 11374.877406 -489.637859
v 4455.811991 11372.383728 -492.312500
v 4447.954983 11372.553497 -492.128351
v 4406.587910 11373.447331 -491.316909
v 4522.478658 11370.943236 -493.875000
v 4516.093954 11371.081193 -493.725358
v 4589.145325 11369.502745 -495.195858
v 4584.232925 11369.608889 -495.081138
v 4538.957026 11370.587182 -494.196843
v 4655.811991 11368.062253 -496.492314
v 4652.371896 11368.136584 -496.425415
v 4605.141584 11369.157107 -495.506935
v 4722.478658 11366.621761 -497.788771
v 4720.510867 11366.664280 -497.750503
v 4789.145325 11365.181270 -498.826704
v 4788.649838 11365.191976 -498.817110
v 4737.510701 11366.296958 -498.022378
v 4855.811991 11364.696489 -499.604166
v 4811.581207 11364.696489 -499.085837
v 4803.695259 11364.866884 -498.994755
v 4922.478658 11364.696489 -500.645833
v 4989.145325 11364.696489 -501.427084
v 5055.811991 11364.696489 -502.208334
v 5122.478658 11364.696489 -502.989583
v 5189.145325 11364.696489 -503.510417
v 5255.811991 11364.696489 -504.031250
v 5322.478658 11364.696489 -504.291666
v 4855.811991 11363.740778 -499.592967
v 4922.478658 11362.300287 -500.599032
v 4869.879817 11363.436809 -499.799373
v 4856.788809 11363.719672 -499.600350
v 4989.145325 11360.859795 -501.367135
v 4936.064375 11362.006735 -500.763013
v 4924.927780 11362.247367 -500.636267
v 5055.811991 11359.419303 -502.146492
v 5002.248934 11360.576660 -501.532362
v 4993.066751 11360.775063 -501.427084
v 5122.478658 11357.978812 -502.910860
v 5068.433492 11359.146586 -502.291204
v 5061.205722 11359.302759 -502.208333
v 5189.145325 11356.538320 -503.414813
v 5134.618050 11357.716511 -503.002625
v 5129.344693 11357.830455 -502.962762
v 5255.811991 11355.097828 -503.881271
v 5200.802608 11356.286437 -503.470082
v 5197.483664 11356.358150 -503.445273
v 5322.478658 11353.657337 -504.119180
v 5266.987166 11354.856362 -503.921151
v 5265.622634 11354.885846 -503.916281
v -877.521342 9110.679156 -312.413995
v -877.521342 9098.029823 -312.364583
v -885.039125 9105.547606 -311.483593
v -893.567276 9098.029823 -310.860277
v -891.563207 9101.094344 -310.976334
v -810.854675 9139.337020 -312.599469
v -810.854675 9098.029823 -313.406250
v -845.014868 9132.190015 -313.005935
v -846.446475 9131.890494 -312.982396
v -744.188009 9133.872850 -312.947001
v -744.188009 9098.029823 -313.927083
v -788.364756 9142.206570 -312.719125
v -792.978874 9143.077000 -312.666077
v -677.521342 9108.074452 -316.399298
v -677.521342 9098.029823 -316.791667
v -694.337135 9114.845616 -315.609306
v -739.300360 9132.950819 -313.182228
v -652.576086 9098.029823 -317.863533
v -877.521342 9031.363156 -313.666667
v -913.582201 9067.424015 -309.581648
v -925.990544 9031.363156 -311.584006
v -921.460456 9055.376986 -310.090185
v -810.854675 9031.363156 -314.968750
v -744.188009 9031.363156 -316.791667
v -677.521342 9031.363156 -319.656250
v -610.854675 9031.363156 -322.260417
v -640.223674 9093.055915 -318.588594
v -610.854675 9081.229991 -320.312493
v -544.188009 9031.363156 -324.083333
v -582.729945 9069.905092 -321.523908
v -546.607670 9055.359847 -322.911229
v -544.188009 9054.614654 -322.993419
v -590.685331 9073.108463 -321.181246
v -477.521342 9034.083051 -324.216255
v -477.521342 9031.363156 -324.343750
v -481.451679 9035.293493 -324.144163
v -492.767785 9038.778560 -323.936597
v -468.689770 9031.363156 -324.343750
v -877.521342 8964.696489 -316.531250
v -928.878589 9016.053736 -312.117737
v -923.845071 8964.696489 -315.264586
v -931.586637 9001.698473 -312.884817
v -810.854675 8964.696489 -317.572917
v -744.188009 8964.696489 -319.656250
v -677.521342 8964.696489 -322.260417
v -610.854675 8964.696489 -323.822917
v -544.188009 8964.696489 -325.906250
v -477.521342 8964.696489 -327.468750
v -410.854675 8964.696489 -328.770833
v -433.301905 9020.464612 -325.067481
v -410.854675 9013.551448 -325.526559
v -344.188009 8993.019845 -327.039764
v -344.188009 8964.696489 -329.031250
v -385.116178 9005.624659 -326.153488
v -277.521342 8972.488242 -328.835119
v -277.521342 8964.696489 -329.291667
v -288.780678 8975.955825 -328.456013
v -314.370144 8983.836717 -327.801929
v -252.467311 8964.696489 -329.585269
v -254.904264 8965.522769 -329.508296
v -877.521342 8898.029823 -319.656250
v -904.653743 8925.162224 -317.642517
v -920.400130 8948.230871 -316.130609
v -881.829301 8898.029823 -319.555282
v -889.603980 8903.114139 -319.114875
v -810.854675 8898.029823 -321.218750
v -744.188009 8898.029823 -322.781250
v -677.521342 8898.029823 -324.604167
v -610.854675 8898.029823 -325.645833
v -544.188009 8898.029823 -327.208333
v -477.521342 8898.029823 -329.291667
v -410.854675 8898.029823 -331.635417
v -344.188009 8898.029823 -333.197917
v -277.521342 8898.029823 -333.458333
v -210.854675 8898.029823 -335.020833
v -247.442815 8962.992870 -329.770590
v -210.854675 8949.427794 -331.206140
v -144.188009 8924.711086 -334.342382
v -144.188009 8898.029823 -336.843750
v -186.589740 8940.431554 -332.537324
v -194.396125 8943.325776 -332.109063
v -77.521342 8899.994377 -337.716588
v -77.521342 8898.029823 -337.885417
v -80.643403 8901.151883 -337.543941
v -141.349435 8923.658683 -334.485397
v -88.302745 8903.991589 -337.158042
v -72.222484 8898.029823 -337.947513
v -877.521342 8895.212597 -319.733284
v -810.854675 8859.916018 -322.260924
v -843.886622 8873.216891 -321.123042
v -869.380051 8889.888531 -320.069675
v -744.188009 8833.071557 -325.318682
v -744.809936 8833.321986 -325.294323
v -747.048056 8834.223203 -325.206664
v -794.348279 8853.269438 -323.022970
v -677.521342 8831.363156 -326.687500
v -739.945295 8831.363156 -325.468282
v -610.854675 8831.363156 -326.687500
v -544.188009 8831.363156 -328.250000
v -477.521342 8831.363156 -330.593750
v -410.854675 8831.363156 -333.197917
v -344.188009 8831.363156 -335.802083
v -277.521342 8831.363156 -337.364583
v -210.854675 8831.363156 -339.447917
v -144.188009 8831.363156 -341.531250
v -77.521342 8831.363156 -342.052083
v -10.854675 8831.363156 -342.572917
v -35.256055 8884.324496 -339.183759
v -10.854675 8875.277669 -339.999801
v 55.811991 8850.560961 -342.339729
v 55.811991 8831.363156 -343.614583
v 25.302935 8861.872213 -341.350239
v 17.790635 8864.657402 -341.069665
v 98.142774 8831.363156 -344.276002
v 70.837325 8844.990309 -342.944426
v 95.256567 8833.129743 -344.113592
v -677.521342 8806.227095 -326.687500
v -610.854675 8782.168298 -326.110998
v -634.646572 8789.495585 -326.196864
v -636.207188 8790.049002 -326.203350
v -645.733249 8793.427082 -326.314983
v -544.188009 8764.696489 -327.208333
v -554.123242 8764.696489 -327.014286
v -575.180691 8771.181637 -326.679005
v -477.521342 8764.696489 -330.072917
v -410.854675 8764.696489 -333.979167
v -344.188009 8764.696489 -337.625000
v -277.521342 8764.696489 -340.489583
v -210.854675 8764.696489 -342.572917
v -144.188009 8764.696489 -344.395833
v -77.521342 8764.696489 -345.958333
v -10.854675 8764.696489 -347.260417
v 55.811991 8764.696489 -348.041667
v 122.478658 8764.696489 -348.302083
v 122.478658 8816.467669 -345.470847
v 189.145325 8764.696489 -349.343750
v 160.876920 8792.964894 -347.356128
v 187.849808 8776.455352 -348.598700
v 189.145325 8775.662393 -348.658381
v 141.553188 8804.792547 -346.407370
v 207.061152 8764.696489 -349.623685
v -544.188009 8761.636695 -327.268095
v -477.521342 8741.105092 -330.533686
v -515.714811 8752.867690 -328.662822
v -539.766507 8760.274988 -327.484677
v -410.854675 8720.573490 -334.323878
v -443.431007 8730.606154 -332.336728
v -456.248931 8734.553742 -331.658786
v -344.188009 8700.041887 -337.877557
v -347.095507 8700.937320 -337.715055
v -396.783050 8716.239794 -335.072309
v -277.521342 8698.029823 -341.531250
v -338.235343 8698.029823 -338.210953
v -341.083502 8699.085779 -338.051070
v -210.854675 8698.029823 -344.656250
v -144.188009 8698.029823 -346.479167
v -77.521342 8698.029823 -348.562500
v -10.854675 8698.029823 -350.125000
v 55.811991 8698.029823 -350.906250
v 122.478658 8698.029823 -351.166667
v 189.145325 8698.029823 -352.468750
v 255.811991 8698.029823 -353.770833
v 234.146429 8748.118156 -350.888761
v 255.811991 8734.857118 -351.900697
v 280.443050 8719.780961 -352.858713
v 315.979531 8698.029823 -354.240892
v -277.521342 8675.520069 -341.619179
v -210.854675 8650.803360 -344.471772
v -238.685238 8661.121559 -343.207519
v -241.748952 8662.257433 -343.068345
v -144.188009 8631.363156 -346.739583
v -158.419958 8631.363156 -346.239241
v -185.638548 8641.454465 -345.321757
v -77.521342 8631.363156 -349.083333
v -10.854675 8631.363156 -350.906250
v 55.811991 8631.363156 -352.208333
v 122.478658 8631.363156 -353.510417
v 189.145325 8631.363156 -355.593750
v 255.811991 8631.363156 -357.156250
v 322.478658 8631.363156 -356.635417
v 322.478658 8694.051842 -354.431518
v 389.145325 8640.356527 -356.354374
v 389.145325 8631.363156 -356.635417
v 335.251081 8685.257399 -354.740697
v 344.671428 8678.410389 -354.991464
v 326.739671 8691.443765 -354.523208
v 399.655960 8631.363156 -356.799645
v -144.188009 8626.086652 -346.760195
v -77.521342 8601.369944 -349.200494
v -79.545168 8602.120278 -349.126413
v -132.591858 8621.787372 -347.184666
v -135.802615 8622.977762 -347.067138
v -10.854675 8569.791998 -351.868299
v -23.990108 8577.831922 -351.383504
v -39.285787 8587.194088 -350.749445
v 55.811991 8564.696489 -353.770833
v -2.529758 8564.696489 -352.175551
v -4.621098 8565.976555 -352.098365
v 122.478658 8564.696489 -356.375000
v 189.145325 8564.696489 -358.458333
v 255.811991 8564.696489 -360.020833
v 322.478658 8564.696489 -359.760417
v 389.145325 8564.696489 -360.020833
v 455.811991 8564.696489 -361.583333
v 430.836135 8604.683999 -358.850067
v 455.811991 8583.313534 -360.492491
v 477.569902 8564.696489 -362.348260
v 55.811991 8528.986722 -354.747272
v 122.478658 8498.029823 -358.718750
v 106.388621 8498.029823 -357.964530
v 87.972144 8509.302164 -356.793029
v 189.145325 8498.029823 -360.281250
v 255.811991 8498.029823 -361.583333
v 322.478658 8498.029823 -363.145833
v 389.145325 8498.029823 -364.187500
v 455.811991 8498.029823 -365.229167
v 522.478658 8498.029823 -366.531250
v 517.000841 8530.957608 -365.052429
v 522.478658 8526.270542 -365.428097
v 555.483845 8498.029823 -366.789103
v 122.478658 8488.181447 -358.795690
v 189.145325 8442.976551 -360.496302
v 171.081948 8458.432387 -360.012567
v 147.866249 8472.642232 -359.412942
v 255.811991 8431.363156 -361.583333
v 202.718006 8431.363156 -360.753740
v 322.478658 8431.363156 -363.406250
v 389.145325 8431.363156 -364.447917
v 455.811991 8431.363156 -364.968750
v 522.478658 8431.363156 -365.229167
v 589.145325 8431.363156 -364.968750
v 560.083194 8494.094412 -366.702054
v 589.145325 8469.227549 -366.152012
v 623.520403 8431.363156 -364.834472
v 603.165548 8457.231217 -365.722360
v 255.811991 8385.933558 -362.648090
v 248.798335 8391.934758 -362.397848
v 205.715981 8428.797953 -360.860705
v 322.478658 8364.696489 -363.927083
v 280.631948 8364.696489 -363.436692
v 389.145325 8364.696489 -364.187500
v 455.811991 8364.696489 -364.187500
v 522.478658 8364.696489 -364.187500
v 589.145325 8364.696489 -363.406250
v 648.961574 8371.546906 -363.333149
v 636.944951 8414.302506 -364.382174
v 650.886910 8364.696489 -363.165072
v 322.478658 8328.890566 -364.626418
v 291.880688 8355.071563 -363.756500
v 389.145325 8298.029823 -364.968750
v 358.545891 8298.029823 -365.088279
v 334.963041 8318.208367 -364.786287
v 455.811991 8298.029823 -364.708333
v 522.478658 8298.029823 -364.187500
v 589.145325 8298.029823 -363.145833
v 645.373960 8308.467854 -362.966964
v 651.724944 8361.714731 -363.150151
v 645.255407 8307.473903 -362.963544
v 639.955251 8298.029823 -362.947357
v 389.145325 8271.847573 -365.275573
v 455.811991 8231.363156 -365.229167
v 444.503508 8231.363156 -365.317514
v 421.127748 8244.481977 -365.346401
v 522.478658 8231.363156 -364.187500
v 589.145325 8236.722588 -363.385315
v 586.145988 8234.362493 -363.441398
v 582.334266 8231.363156 -363.486067
v 621.690449 8265.484699 -363.272963
v 618.521268 8259.837697 -363.295021
v 455.811991 8225.016669 -365.253958
v 455.811991 8206.920271 -365.324647
v 455.811991 8164.696489 -365.489583
v 430.675290 8189.833191 -365.587774
v 404.096447 8164.696489 -366.297639
v 425.117368 8186.055103 -365.718891
v 522.478658 8164.696489 -364.447917
v 470.390744 8216.784404 -365.058322
v 472.747370 8217.272718 -365.019592
v 469.517147 8217.658001 -365.068559
v 468.763954 8217.747837 -365.079977
v 470.293378 8216.764229 -365.059922
v 575.592557 8226.058293 -363.606516
v 558.446288 8221.239270 -363.845097
v 577.441338 8217.618018 -363.650790
v 589.145325 8209.931848 -363.573682
v 589.145325 8164.696489 -363.927083
v 638.692242 8164.696489 -363.927083
v 623.100981 8187.632699 -363.747894
v 389.145325 8098.029823 -367.312500
v 363.612731 8123.562417 -367.312500
v 381.123265 8141.354251 -366.898800
v 389.145325 8149.505182 -366.709273
v 338.483824 8098.029823 -368.104086
v 455.811991 8098.029823 -366.270833
v 396.680454 8157.161360 -366.501816
v 522.478658 8098.029823 -365.489583
v 589.145325 8098.029823 -365.229167
v 655.811991 8098.029823 -364.968750
v 653.810106 8142.456689 -364.274580
v 655.811991 8132.795507 -364.425536
v 663.015758 8098.029823 -364.940610
v 322.478658 8081.767540 -368.671789
v 322.478658 8031.363156 -369.656250
v 297.477285 8056.364529 -369.265604
v 272.871200 8031.363156 -370.043808
v 293.135060 8051.952548 -369.402933
v 389.145325 8031.363156 -368.614583
v 330.545008 8089.963473 -368.385676
v 337.129163 8096.653400 -368.152136
v 455.811991 8031.363156 -367.312500
v 522.478658 8031.363156 -366.791667
v 589.145325 8031.363156 -367.052083
v 655.811991 8041.330995 -366.076149
v 654.663895 8035.308729 -366.198256
v 653.554988 8033.620159 -366.235568
v 652.072783 8031.363156 -366.314652
v 664.890432 8088.951382 -365.004213
v 664.893528 8088.967624 -365.004074
v 255.811991 8014.029897 -370.651040
v 255.811991 7964.696489 -372.000000
v 231.341840 7989.166641 -371.139721
v 207.258577 7964.696489 -371.241353
v 322.478658 7964.696489 -371.739583
v 264.409562 8022.765585 -370.378589
v 389.145325 7964.696489 -370.958333
v 455.811991 7964.696489 -370.177083
v 522.478658 7964.696489 -369.135417
v 589.145325 7964.696489 -368.614583
v 627.128625 7993.379856 -368.239061
v 624.678577 7989.649086 -368.307360
v 600.120497 7964.696489 -368.700327
v 189.145325 7946.292254 -371.533466
v 189.145325 7898.029823 -373.041667
v 165.206394 7921.968753 -372.013041
v 141.645953 7898.029823 -372.113945
v 255.811991 7898.029823 -373.822917
v 198.274117 7955.567697 -371.350586
v 205.146855 7962.550844 -371.267027
v 322.478658 7898.029823 -373.822917
v 389.145325 7898.029823 -374.604167
v 455.811991 7898.029823 -375.125000
v 522.478658 7898.029823 -374.343750
v 589.145325 7953.545005 -369.442233
v 580.684475 7944.948234 -370.146375
v 561.608915 7925.566232 -371.733910
v 536.690372 7900.247382 -374.003960
v 534.507874 7898.029823 -374.202783
v 594.676638 7959.165176 -369.262784
v 122.478658 7878.554612 -372.956784
v 122.478658 7831.363156 -375.906250
v 100.755860 7853.085954 -374.463720
v 101.954275 7854.811358 -374.360564
v 117.158650 7873.149140 -373.273845
v 85.667835 7831.363156 -375.331081
v 189.145325 7831.363156 -376.166667
v 132.138671 7888.369810 -372.381069
v 255.811991 7831.363156 -376.427083
v 322.478658 7831.363156 -376.427083
v 389.145325 7831.363156 -377.989583
v 455.811991 7831.363156 -380.333333
v 522.478658 7885.807362 -375.537350
v 495.473469 7858.368345 -378.533408
v 492.696270 7855.546530 -378.732166
v 468.895250 7831.363156 -380.435546
v 528.541192 7891.967288 -374.959476
v 55.811991 7788.378571 -377.383211
v 55.811991 7764.696489 -378.770833
v 46.105177 7774.403304 -378.012488
v 39.363105 7764.696489 -378.321059
v 122.478658 7764.696489 -379.291667
v 73.430518 7813.744629 -376.034564
v 69.508583 7808.098071 -376.334777
v 189.145325 7764.696489 -379.031250
v 255.811991 7764.696489 -379.031250
v 322.478658 7764.696489 -379.291667
v 389.145325 7764.696489 -380.593750
v 455.811991 7818.069719 -380.956463
v 448.702167 7810.845678 -381.045135
v 429.338024 7791.170457 -381.286641
v 404.708065 7766.144826 -381.205886
v 403.282627 7764.696489 -381.201212
v 462.405747 7824.769401 -380.874227
v 55.811991 7698.029823 -382.677083
v 18.779835 7735.061979 -379.494632
v 37.062892 7761.384785 -378.452208
v -6.941625 7698.029823 -381.451427
v 122.478658 7698.029823 -382.677083
v 189.145325 7698.029823 -381.895833
v 255.811991 7698.029823 -382.416667
v 322.478658 7698.029823 -383.197917
v 389.145325 7750.332077 -381.435415
v 363.202578 7723.972569 -382.473223
v 360.713962 7721.443974 -382.572777
v 337.670003 7698.029823 -383.494623
v 396.270301 7757.571513 -381.317380
v -10.854675 7631.363156 -385.802083
v -35.870848 7656.379329 -383.456817
v -27.828492 7667.958212 -382.907815
v -10.854675 7692.396056 -381.749117
v -53.246355 7631.363156 -384.477343
v 55.811991 7631.363156 -386.062500
v -8.545506 7695.720654 -381.537363
v 122.478658 7631.363156 -385.541667
v 189.145325 7631.363156 -385.281250
v 255.811991 7631.363156 -386.583333
v 322.478658 7681.481751 -384.426094
v 301.936042 7651.905772 -386.380452
v 299.478543 7648.367618 -386.543989
v 287.667737 7631.363156 -387.329952
v 330.134855 7690.373625 -384.095127
v 325.104934 7685.262900 -384.258310
v -77.521342 7596.413541 -385.357013
v -77.521342 7564.696489 -386.843750
v -90.521531 7577.696679 -385.624982
v -97.337666 7564.696489 -385.992267
v -92.719876 7574.531639 -385.691247
v -10.854675 7564.696489 -388.406250
v -63.196190 7617.038004 -384.725987
v -60.274184 7621.244926 -384.652967
v 55.811991 7564.696489 -388.145833
v 122.478658 7564.696489 -387.885417
v 189.145325 7564.696489 -388.406250
v 255.811991 7585.499237 -389.628984
v 247.285359 7573.223122 -390.277659
v 241.363007 7564.696489 -390.446003
v 274.610700 7612.564447 -388.639442
v 267.032851 7601.654332 -389.038331
v -77.521342 7498.029823 -389.187500
v -112.306598 7532.815078 -386.469902
v -122.098336 7498.029823 -387.968598
v -112.630625 7532.124952 -386.496087
v -10.854675 7498.029823 -389.708333
v 55.811991 7498.029823 -389.968750
v 122.478658 7498.029823 -390.489583
v 189.145325 7498.029823 -391.791667
v 219.960017 7533.881797 -391.656237
v 202.141467 7508.227759 -391.984529
v 195.058277 7498.029823 -392.115031
v -77.521342 7431.363156 -390.489583
v -126.899186 7480.740999 -388.174997
v -140.610679 7431.363156 -390.243141
v -127.871292 7477.240250 -388.321622
v -10.854675 7431.363156 -390.750000
v 55.811991 7431.363156 -391.531250
v 122.478658 7431.363156 -392.833333
v 189.145325 7489.516722 -392.290481
v 169.695776 7461.514472 -393.551364
v 165.309334 7455.199147 -393.835730
v 150.803830 7434.315025 -393.946654
v 149.984140 7431.363156 -394.015209
v 192.634676 7494.540472 -392.336878
v -144.188009 7418.480473 -390.531105
v -144.188009 7364.696489 -391.791667
v -155.877127 7376.385608 -391.061097
v -159.123022 7364.696489 -391.558307
v -158.352624 7367.470845 -391.440297
v -77.521342 7364.696489 -391.531250
v -141.388156 7428.563304 -390.283851
v -143.111958 7422.355548 -390.436079
v -10.854675 7364.696489 -391.531250
v 55.811991 7364.696489 -392.833333
v 122.478658 7364.696489 -395.697917
v 144.006248 7409.835566 -395.692466
v 141.920167 7402.323170 -395.827843
v 131.471797 7364.696489 -396.505894
vt -15.054273 -59.163298
vt -15.054273 -59.156816
vt -15.060918 -59.163461
vt -15.387607 -59.156816
vt -15.387607 -59.171486
vt -15.069002 -59.163659
vt -14.790397 -59.156816
vt -15.054273 -58.823482
vt -15.387607 -58.823482
vt -14.720940 -58.823482
vt -14.736170 -59.155484
vt -14.720940 -59.155110
vt -14.387607 -58.823482
vt -14.719191 -59.155067
vt -14.403338 -59.147308
vt -14.387607 -59.146922
vt -14.054273 -59.138734
vt -14.054273 -58.823482
vt -14.377463 -59.146673
vt -13.720940 -58.823482
vt -14.035736 -59.138278
vt -13.737674 -59.130957
vt -13.720940 -59.130546
vt -13.387607 -59.122358
vt -13.387607 -58.823482
vt -13.694009 -59.129884
vt -13.054273 -58.823482
vt -13.352281 -59.121490
vt -13.072010 -59.114606
vt -13.054273 -59.114170
vt -12.720940 -59.105982
vt -12.720940 -58.823482
vt -13.010554 -59.113096
vt -12.387607 -58.823482
vt -12.668826 -59.104702
vt -12.406346 -59.098254
vt -12.387607 -59.097794
vt -12.054273 -58.823482
vt -12.327099 -59.096308
vt -12.073514 -59.090079
vt -12.054273 -59.089606
vt -11.720940 -59.081418
vt -11.720940 -58.823482
vt -11.985371 -59.087914
vt -11.387607 -58.823482
vt -11.643644 -59.079520
vt -11.407850 -59.073728
vt -11.387607 -59.073230
vt -11.054273 -59.065042
vt -11.054273 -58.823482
vt -11.301916 -59.071125
vt -10.720940 -59.056854
vt -10.720940 -58.823482
vt -10.960189 -59.062731
vt -10.387607 -58.823482
vt -10.618461 -59.054337
vt -10.409354 -59.049201
vt -10.387607 -59.048667
vt -10.054273 -59.040479
vt -10.054273 -58.823482
vt -10.276734 -59.045943
vt -9.720940 -58.823482
vt -9.935007 -59.037549
vt -9.743690 -59.032849
vt -9.720940 -59.032291
vt -9.387607 -59.024103
vt -9.387607 -58.823482
vt -9.593279 -59.029155
vt -9.054273 -58.823482
vt -9.251552 -59.020761
vt -9.078026 -59.016498
vt -9.054273 -59.015915
vt -8.720940 -58.823482
vt -8.909824 -59.012367
vt -8.745194 -59.008323
vt -8.720940 -59.007727
vt -8.387607 -58.999539
vt -8.387607 -58.823482
vt -8.568097 -59.003972
vt -8.054273 -58.991351
vt -8.054273 -58.823482
vt -8.226369 -58.995578
vt -7.720940 -58.823482
vt -7.884642 -58.987184
vt -7.746698 -58.983796
vt -7.720940 -58.983163
vt -7.387607 -58.974975
vt -7.387607 -58.823482
vt -7.542914 -58.978790
vt -7.054273 -58.823482
vt -7.201187 -58.970396
vt -7.081034 -58.967445
vt -7.054273 -58.966787
vt -6.720940 -58.958599
vt -6.720940 -58.823482
vt -6.859459 -58.962002
vt -6.387607 -58.823482
vt -6.517732 -58.953608
vt -6.415370 -58.951093
vt -6.387607 -58.950411
vt -6.054273 -58.823482
vt -6.176005 -58.945214
vt -6.082538 -58.942918
vt -6.054273 -58.942223
vt -5.720940 -58.934036
vt -5.720940 -58.823482
vt -5.834277 -58.936819
vt -5.387607 -58.925848
vt -5.387607 -58.823482
vt -5.492550 -58.928425
vt -5.054273 -58.823482
vt -5.150822 -58.920031
vt -5.084042 -58.918391
vt -5.054273 -58.917660
vt -4.720940 -58.909472
vt -4.720940 -58.823482
vt -4.809095 -58.911637
vt -4.387607 -58.894117
vt -4.387607 -58.823482
vt -4.467367 -58.903243
vt -4.418378 -58.902040
vt -4.113260 -58.823482
vt -15.054273 -58.490149
vt -15.387607 -58.490149
vt -14.720940 -58.490149
vt -14.387607 -58.490149
vt -14.054273 -58.490149
vt -13.720940 -58.490149
vt -13.387607 -58.490149
vt -13.054273 -58.490149
vt -12.720940 -58.490149
vt -12.387607 -58.490149
vt -12.054273 -58.490149
vt -11.720940 -58.490149
vt -11.387607 -58.490149
vt -11.054273 -58.490149
vt -10.720940 -58.490149
vt -10.387607 -58.490149
vt -10.054273 -58.490149
vt -9.720940 -58.490149
vt -9.387607 -58.490149
vt -9.054273 -58.490149
vt -8.720940 -58.490149
vt -8.387607 -58.490149
vt -8.054273 -58.490149
vt -7.720940 -58.490149
vt -7.387607 -58.490149
vt -7.054273 -58.490149
vt -6.720940 -58.490149
vt -6.387607 -58.490149
vt -6.054273 -58.490149
vt -5.720940 -58.490149
vt -5.387607 -58.490149
vt -5.054273 -58.490149
vt -4.720940 -58.490149
vt -4.387607 -58.490149
vt -4.054273 -58.490149
vt -4.112679 -58.823333
vt -4.054273 -58.792969
vt -3.720940 -58.590475
vt -3.720940 -58.490149
vt -3.990720 -58.759929
vt -3.824556 -58.673543
vt -3.604561 -58.490149
vt -3.611456 -58.502702
vt -1.720940 -58.607927
vt -1.720940 -58.490149
vt -1.792524 -58.561734
vt -1.903457 -58.490149
vt -1.387607 -58.680651
vt -1.387607 -58.490149
vt -1.553290 -58.655833
vt -1.414798 -58.681086
vt -1.683494 -58.632091
vt -1.054273 -58.675322
vt -1.054273 -58.490149
vt -1.242455 -58.678331
vt -0.720940 -58.490149
vt -0.903706 -58.672915
vt -0.750649 -58.670468
vt -0.720940 -58.669993
vt -0.387607 -58.664663
vt -0.387607 -58.490149
vt -0.564957 -58.667499
vt -0.054273 -58.659334
vt -0.054273 -58.490149
vt -0.226207 -58.662083
vt 0.279060 -58.654005
vt 0.279060 -58.490149
vt 0.112542 -58.656667
vt 0.612393 -58.490149
vt 0.451291 -58.651251
vt 0.577648 -58.649231
vt 0.612393 -58.648676
vt 0.945727 -58.490149
vt 0.790040 -58.645835
vt 0.909723 -58.643922
vt 0.945727 -58.643346
vt 1.279060 -58.638017
vt 1.279060 -58.490149
vt 1.128790 -58.640420
vt 1.612393 -58.490149
vt 1.467539 -58.635004
vt 1.573872 -58.633304
vt 1.612393 -58.632688
vt 1.945727 -58.627358
vt 1.945727 -58.490149
vt 1.806288 -58.629588
vt 2.279060 -58.490149
vt 2.145037 -58.624172
vt 2.238020 -58.622685
vt 2.279060 -58.622029
vt 2.612393 -58.616700
vt 2.612393 -58.490149
vt 2.483786 -58.618756
vt 2.945727 -58.490149
vt 2.822536 -58.613340
vt 2.902169 -58.612067
vt 2.945727 -58.611371
vt 3.279060 -58.606041
vt 3.279060 -58.490149
vt 3.161285 -58.607924
vt 3.612393 -58.600712
vt 3.612393 -58.490149
vt 3.500034 -58.602508
vt 3.945727 -58.490149
vt 3.838783 -58.597093
vt 3.898392 -58.596140
vt 3.945727 -58.595383
vt 4.279060 -58.590053
vt 4.279060 -58.490149
vt 4.177532 -58.591677
vt 4.612393 -58.584724
vt 4.612393 -58.490149
vt 4.516282 -58.586261
vt 4.945727 -58.579395
vt 4.945727 -58.490149
vt 4.855031 -58.580845
vt 5.279060 -58.490149
vt 5.193780 -58.575429
vt 5.226690 -58.574903
vt 5.279060 -58.574066
vt 5.612393 -58.490149
vt 5.532529 -58.570013
vt 5.558764 -58.569594
vt 5.612393 -58.568736
vt 5.945727 -58.563407
vt 5.945727 -58.490149
vt 5.871278 -58.564597
vt 6.279060 -58.490149
vt 6.210028 -58.559181
vt 6.222913 -58.558975
vt 6.279060 -58.558078
vt 6.612393 -58.552748
vt 6.612393 -58.490149
vt 6.548777 -58.553766
vt 6.945727 -58.547419
vt 6.945727 -58.490149
vt 6.887526 -58.548350
vt 6.887061 -58.548357
vt 7.279060 -58.542090
vt 7.279060 -58.490149
vt 7.226275 -58.542934
vt 7.219136 -58.543048
vt 7.612393 -58.536761
vt 7.612393 -58.490149
vt 7.565024 -58.537518
vt 7.551210 -58.537739
vt 7.945727 -58.531431
vt 7.945727 -58.490149
vt 7.903774 -58.532102
vt 7.883284 -58.532430
vt 8.279060 -58.526102
vt 8.279060 -58.490149
vt 8.242523 -58.526686
vt 8.215359 -58.527120
vt 8.612393 -58.520773
vt 8.612393 -58.490149
vt 8.581272 -58.521270
vt 8.547433 -58.521811
vt 8.945727 -58.515443
vt 8.945727 -58.490149
vt 8.920021 -58.515854
vt 8.879508 -58.516502
vt 9.279060 -58.510114
vt 9.279060 -58.490149
vt 9.258771 -58.510439
vt 9.211582 -58.511193
vt 9.612393 -58.504785
vt 9.612393 -58.490149
vt 9.597520 -58.505023
vt 9.543656 -58.505884
vt 9.945727 -58.499456
vt 9.945727 -58.490149
vt 9.936269 -58.499607
vt 9.875731 -58.500575
vt 10.279060 -58.494126
vt 10.279060 -58.490149
vt 10.275018 -58.494191
vt 10.207805 -58.495266
vt 10.527822 -58.490149
vt -15.054273 -58.156816
vt -15.387607 -58.156816
vt -14.720940 -58.156816
vt -14.387607 -58.156816
vt -14.054273 -58.156816
vt -13.720940 -58.156816
vt -13.387607 -58.156816
vt -13.054273 -58.156816
vt -12.720940 -58.156816
vt -12.387607 -58.156816
vt -12.054273 -58.156816
vt -11.720940 -58.156816
vt -11.387607 -58.156816
vt -11.054273 -58.156816
vt -10.720940 -58.156816
vt -10.387607 -58.156816
vt -10.054273 -58.156816
vt -9.720940 -58.156816
vt -9.387607 -58.156816
vt -9.054273 -58.156816
vt -8.720940 -58.156816
vt -8.387607 -58.156816
vt -8.054273 -58.156816
vt -7.720940 -58.156816
vt -7.387607 -58.156816
vt -7.054273 -58.156816
vt -6.720940 -58.156816
vt -6.387607 -58.156816
vt -6.054273 -58.156816
vt -5.720940 -58.156816
vt -5.387607 -58.156816
vt -5.054273 -58.156816
vt -4.720940 -58.156816
vt -4.387607 -58.156816
vt -4.054273 -58.156816
vt -3.720940 -58.156816
vt -3.478206 -58.247415
vt -3.479956 -58.263316
vt -3.468234 -58.156816
vt -2.054273 -58.279697
vt -2.054273 -58.156816
vt -2.084030 -58.186573
vt -2.068339 -58.259358
vt -2.090445 -58.156816
vt -1.720940 -58.156816
vt -1.968235 -58.404110
vt -1.912987 -58.484000
vt -1.387607 -58.156816
vt -1.054273 -58.156816
vt -0.720940 -58.156816
vt -0.387607 -58.156816
vt -0.054273 -58.156816
vt 0.279060 -58.156816
vt 0.612393 -58.156816
vt 0.945727 -58.156816
vt 1.279060 -58.156816
vt 1.612393 -58.156816
vt 1.945727 -58.156816
vt 2.279060 -58.156816
vt 2.612393 -58.156816
vt 2.945727 -58.156816
vt 3.279060 -58.156816
vt 3.612393 -58.156816
vt 3.945727 -58.156816
vt 4.279060 -58.156816
vt 4.612393 -58.156816
vt 4.945727 -58.156816
vt 5.279060 -58.156816
vt 5.612393 -58.156816
vt 5.945727 -58.156816
vt 6.279060 -58.156816
vt 6.612393 -58.156816
vt 6.945727 -58.156816
vt 7.279060 -58.156816
vt 7.612393 -58.156816
vt 7.945727 -58.156816
vt 8.279060 -58.156816
vt 8.612393 -58.156816
vt 8.945727 -58.156816
vt 9.279060 -58.156816
vt 9.612393 -58.156816
vt 9.945727 -58.156816
vt 10.279060 -58.156816
vt 10.612393 -58.156816
vt 10.539879 -58.489956
vt 10.612393 -58.488797
vt 10.945727 -58.156816
vt 10.613767 -58.488775
vt 10.871954 -58.484647
vt 10.945727 -58.483468
vt 11.279060 -58.478138
vt 11.279060 -58.156816
vt 10.952517 -58.483359
vt 11.612393 -58.472809
vt 11.612393 -58.156816
vt 11.291266 -58.477943
vt 11.945727 -58.156816
vt 11.630015 -58.472527
vt 11.868177 -58.468720
vt 11.945727 -58.467480
vt 12.279060 -58.462151
vt 12.279060 -58.156816
vt 11.968764 -58.467112
vt 12.612393 -58.156816
vt 12.307513 -58.461696
vt 12.532326 -58.458101
vt 12.612393 -58.456821
vt 12.945727 -58.451492
vt 12.945727 -58.156816
vt 12.646263 -58.456280
vt 13.279060 -58.156816
vt 12.985012 -58.450864
vt 13.196474 -58.447483
vt 13.279060 -58.446163
vt 13.612393 -58.440514
vt 13.612393 -58.156816
vt 13.323761 -58.445448
vt 13.528549 -58.442174
vt 13.531256 -58.442125
vt 13.945727 -58.156816
vt 13.663034 -58.439509
vt 13.857598 -58.435645
vt 13.945727 -58.433895
vt 14.279060 -58.156816
vt 14.003120 -58.432755
vt 14.183941 -58.429165
vt 14.279060 -58.427276
vt 14.612393 -58.420657
vt 14.612393 -58.156816
vt 14.343207 -58.426002
vt 14.945727 -58.156816
vt 14.683294 -58.419249
vt 14.836625 -58.416204
vt 14.945727 -58.414037
vt 15.279060 -58.407418
vt 15.279060 -58.156816
vt 15.023380 -58.412495
vt 15.612393 -58.400799
vt 15.612393 -58.156816
vt 15.363467 -58.405742
vt 15.945727 -58.156816
vt 15.703554 -58.398989
vt 15.815651 -58.396763
vt 15.945727 -58.394180
vt 16.279060 -58.387560
vt 16.279060 -58.156816
vt 16.043640 -58.392235
vt 16.612393 -58.156816
vt 16.383727 -58.385482
vt 16.468336 -58.383802
vt 16.612393 -58.380941
vt 16.945727 -58.156816
vt 16.723814 -58.378729
vt 16.794678 -58.377321
vt 16.945727 -58.374322
vt 17.279060 -58.156816
vt 17.063900 -58.371975
vt 17.121020 -58.370841
vt 17.279060 -58.367703
vt 17.612393 -58.361084
vt 17.612393 -58.156816
vt 17.403987 -58.365222
vt 17.945727 -58.354464
vt 17.945727 -58.156816
vt 17.744074 -58.358469
vt 18.279060 -58.156816
vt 18.084160 -58.351715
vt 18.100047 -58.351400
vt 18.279060 -58.347845
vt 18.612393 -58.341226
vt 18.612393 -58.156816
vt 18.424247 -58.344962
vt 18.945727 -58.334270
vt 18.945727 -58.156816
vt 18.764353 -58.338189
vt 18.752731 -58.338439
vt 18.753955 -58.338414
vt 19.279060 -58.327068
vt 19.279060 -58.156816
vt 19.105048 -58.330827
vt 19.084878 -58.331263
vt 19.612393 -58.319865
vt 19.612393 -58.156816
vt 19.445743 -58.323466
vt 19.415800 -58.324113
vt 19.945727 -58.312663
vt 19.945727 -58.156816
vt 19.786438 -58.316104
vt 19.746723 -58.316963
vt 20.279060 -58.305460
vt 20.279060 -58.156816
vt 20.127133 -58.308743
vt 20.077646 -58.309812
vt 20.612393 -58.298258
vt 20.612393 -58.156816
vt 20.467828 -58.301381
vt 20.408569 -58.302662
vt 20.945727 -58.291055
vt 20.945727 -58.156816
vt 20.808523 -58.294020
vt 20.739492 -58.295511
vt 21.279060 -58.283853
vt 21.279060 -58.156816
vt 21.149217 -58.286658
vt 21.070414 -58.288361
vt 21.612393 -58.276650
vt 21.612393 -58.156816
vt 21.489912 -58.279297
vt 21.401337 -58.281211
vt 21.945727 -58.269448
vt 21.945727 -58.156816
vt 21.830607 -58.271935
vt 21.732260 -58.274060
vt 22.279060 -58.262245
vt 22.279060 -58.156816
vt 22.171302 -58.264574
vt 22.063183 -58.266910
vt 22.612393 -58.255043
vt 22.612393 -58.156816
vt 22.511997 -58.257212
vt 22.394106 -58.259760
vt 22.945727 -58.247841
vt 22.945727 -58.156816
vt 22.852692 -58.249851
vt 22.725028 -58.252609
vt 23.279060 -58.240638
vt 23.279060 -58.156816
vt 23.193387 -58.242489
vt 23.055951 -58.245459
vt 23.612393 -58.233436
vt 23.612393 -58.156816
vt 23.534081 -58.235128
vt 23.386874 -58.238308
vt 23.945727 -58.226233
vt 23.945727 -58.156816
vt 23.874776 -58.227766
vt 23.717797 -58.231158
vt 24.279060 -58.219031
vt 24.279060 -58.156816
vt 24.215471 -58.220405
vt 24.048720 -58.224008
vt 24.612393 -58.211828
vt 24.612393 -58.156816
vt 24.556166 -58.213043
vt 24.379642 -58.216857
vt 24.945727 -58.204626
vt 24.945727 -58.156816
vt 24.896861 -58.205682
vt 24.710565 -58.209707
vt 25.279060 -58.197423
vt 25.279060 -58.156816
vt 25.237556 -58.198320
vt 25.041488 -58.202557
vt 25.612393 -58.190221
vt 25.612393 -58.156816
vt 25.578250 -58.190959
vt 25.372411 -58.195406
vt 25.945727 -58.183018
vt 25.945727 -58.156816
vt 25.918945 -58.183597
vt 25.703334 -58.188256
vt 26.279060 -58.175816
vt 26.279060 -58.156816
vt 26.259640 -58.176236
vt 26.034256 -58.181105
vt 26.612393 -58.168613
vt 26.612393 -58.156816
vt 26.600335 -58.168874
vt 26.365179 -58.173955
vt -15.054273 -57.823482
vt -15.387607 -57.823482
vt -14.720940 -57.823482
vt -14.387607 -57.823482
vt -14.054273 -57.823482
vt -13.720940 -57.823482
vt -13.387607 -57.823482
vt -13.054273 -57.823482
vt -12.720940 -57.823482
vt -12.387607 -57.823482
vt -12.054273 -57.823482
vt -11.720940 -57.823482
vt -11.387607 -57.823482
vt -11.054273 -57.823482
vt -10.720940 -57.823482
vt -10.387607 -57.823482
vt -10.054273 -57.823482
vt -9.720940 -57.823482
vt -9.387607 -57.823482
vt -9.054273 -57.823482
vt -8.720940 -57.823482
vt -8.387607 -57.823482
vt -8.054273 -57.823482
vt -7.720940 -57.823482
vt -7.387607 -57.823482
vt -7.054273 -57.823482
vt -6.720940 -57.823482
vt -6.387607 -57.823482
vt -6.054273 -57.823482
vt -5.720940 -57.823482
vt -5.387607 -57.823482
vt -5.054273 -57.823482
vt -4.720940 -57.823482
vt -4.387607 -57.823482
vt -4.054273 -57.823482
vt -3.720940 -57.823482
vt -3.473933 -57.909809
vt -3.450075 -57.991829
vt -3.499045 -57.823482
vt -2.054273 -57.823482
vt -2.104209 -57.873418
vt -2.125898 -57.992366
vt -2.095103 -57.823482
vt -1.720940 -57.823482
vt -1.387607 -57.823482
vt -1.054273 -57.823482
vt -0.720940 -57.823482
vt -0.387607 -57.823482
vt -0.054273 -57.823482
vt 0.279060 -57.823482
vt 0.612393 -57.823482
vt 0.945727 -57.823482
vt 1.279060 -57.823482
vt 1.612393 -57.823482
vt 1.945727 -57.823482
vt 2.279060 -57.823482
vt 2.612393 -57.823482
vt 2.945727 -57.823482
vt 3.279060 -57.823482
vt 3.612393 -57.823482
vt 3.945727 -57.823482
vt 4.279060 -57.823482
vt 4.612393 -57.823482
vt 4.945727 -57.823482
vt 5.279060 -57.823482
vt 5.612393 -57.823482
vt 5.945727 -57.823482
vt 6.279060 -57.823482
vt 6.612393 -57.823482
vt 6.945727 -57.823482
vt 7.279060 -57.823482
vt 7.612393 -57.823482
vt 7.945727 -57.823482
vt 8.279060 -57.823482
vt 8.612393 -57.823482
vt 8.945727 -57.823482
vt 9.279060 -57.823482
vt 9.612393 -57.823482
vt 9.945727 -57.823482
vt 10.279060 -57.823482
vt 10.612393 -57.823482
vt 10.945727 -57.823482
vt 11.279060 -57.823482
vt 11.612393 -57.823482
vt 11.945727 -57.823482
vt 12.279060 -57.823482
vt 12.612393 -57.823482
vt 12.945727 -57.823482
vt 13.279060 -57.823482
vt 13.612393 -57.823482
vt 13.945727 -57.823482
vt 14.279060 -57.823482
vt 14.612393 -57.823482
vt 14.945727 -57.823482
vt 15.279060 -57.823482
vt 15.612393 -57.823482
vt 15.945727 -57.823482
vt 16.279060 -57.823482
vt 16.612393 -57.823482
vt 16.945727 -57.823482
vt 17.279060 -57.823482
vt 17.612393 -57.823482
vt 17.945727 -57.823482
vt 18.279060 -57.823482
vt 18.612393 -57.823482
vt 18.945727 -57.823482
vt 19.279060 -57.823482
vt 19.612393 -57.823482
vt 19.945727 -57.823482
vt 20.279060 -57.823482
vt 20.612393 -57.823482
vt 20.945727 -57.823482
vt 21.279060 -57.823482
vt 21.612393 -57.823482
vt 21.945727 -57.823482
vt 22.279060 -57.823482
vt 22.612393 -57.823482
vt 22.945727 -57.823482
vt 23.279060 -57.823482
vt 23.612393 -57.823482
vt 23.945727 -57.823482
vt 24.279060 -57.823482
vt 24.612393 -57.823482
vt 24.945727 -57.823482
vt 25.279060 -57.823482
vt 25.612393 -57.823482
vt 25.945727 -57.823482
vt 26.279060 -57.823482
vt 26.612393 -57.823482
vt -15.054273 -57.762875
vt -15.103380 -57.764082
vt -15.333867 -57.769743
vt -15.387607 -57.771063
vt -14.720940 -57.754687
vt -14.770548 -57.755906
vt -14.992140 -57.761349
vt -14.387607 -57.746499
vt -14.437717 -57.747730
vt -14.650413 -57.752955
vt -14.054273 -57.738311
vt -14.104885 -57.739555
vt -14.308685 -57.744561
vt -13.720940 -57.730124
vt -13.772053 -57.731379
vt -13.966958 -57.736167
vt -13.387607 -57.721936
vt -13.439221 -57.723203
vt -13.625230 -57.727773
vt -13.054273 -57.713748
vt -13.106389 -57.715028
vt -13.283503 -57.719378
vt -12.720940 -57.705560
vt -12.773557 -57.706852
vt -12.941775 -57.710984
vt -12.387607 -57.697372
vt -12.440725 -57.698677
vt -12.600048 -57.702590
vt -12.054273 -57.689184
vt -12.107893 -57.690501
vt -12.258320 -57.694196
vt -11.720940 -57.680996
vt -11.775061 -57.682325
vt -11.916593 -57.685802
vt -11.387607 -57.672808
vt -11.442229 -57.674150
vt -11.574865 -57.677408
vt -11.054273 -57.664620
vt -11.109397 -57.665974
vt -11.233138 -57.669014
vt -10.720940 -57.656432
vt -10.776565 -57.657799
vt -10.891411 -57.660620
vt -10.387607 -57.648244
vt -10.443733 -57.649623
vt -10.549683 -57.652225
vt -10.054273 -57.640056
vt -10.110901 -57.641447
vt -10.207956 -57.643831
vt -9.720940 -57.631868
vt -9.778069 -57.633272
vt -9.866228 -57.635437
vt -9.387607 -57.623680
vt -9.445237 -57.625096
vt -9.524501 -57.627043
vt -9.054273 -57.615493
vt -9.112405 -57.616920
vt -9.182773 -57.618649
vt -8.720940 -57.607305
vt -8.779573 -57.608745
vt -8.841046 -57.610255
vt -8.387607 -57.599117
vt -8.446741 -57.600569
vt -8.499318 -57.601861
vt -8.054273 -57.590929
vt -8.113909 -57.592394
vt -8.157591 -57.593467
vt -7.720940 -57.582741
vt -7.781077 -57.584218
vt -7.815863 -57.585072
vt -7.387607 -57.574553
vt -7.448245 -57.576042
vt -7.474136 -57.576678
vt -7.054273 -57.566365
vt -7.115413 -57.567867
vt -7.132408 -57.568284
vt -6.720940 -57.558177
vt -6.782581 -57.559691
vt -6.790681 -57.559890
vt -6.387607 -57.549989
vt -6.448954 -57.551496
vt -6.449749 -57.551516
vt -6.054273 -57.541801
vt -6.107226 -57.543102
vt -5.720940 -57.533613
vt -5.765499 -57.534708
vt -5.784085 -57.535164
vt -5.387607 -57.525425
vt -5.423771 -57.526314
vt -5.451253 -57.526989
vt -5.054273 -57.517237
vt -5.082044 -57.517919
vt -4.720940 -57.509049
vt -4.740316 -57.509525
vt -4.785589 -57.510637
vt -4.387607 -57.490149
vt -4.583378 -57.490149
vt -4.614714 -57.506440
vt -4.054273 -57.490149
vt -3.720940 -57.503434
vt -3.729515 -57.498724
vt -3.745124 -57.490149
vt -3.571156 -57.673698
vt -3.526362 -57.729573
vt -3.697203 -57.516473
vt -2.054273 -57.688601
vt -2.076903 -57.723670
vt -1.720940 -57.490149
vt -1.922988 -57.490149
vt -1.928812 -57.494177
vt -1.387607 -57.490149
vt -1.054273 -57.490149
vt -0.720940 -57.490149
vt -0.387607 -57.490149
vt -0.054273 -57.490149
vt 0.279060 -57.490149
vt 0.612393 -57.490149
vt 0.945727 -57.490149
vt 1.279060 -57.490149
vt 1.612393 -57.490149
vt 1.945727 -57.490149
vt 2.279060 -57.490149
vt 2.612393 -57.490149
vt 2.945727 -57.490149
vt 3.279060 -57.490149
vt 3.612393 -57.490149
vt 3.945727 -57.490149
vt 4.279060 -57.490149
vt 4.612393 -57.490149
vt 4.945727 -57.490149
vt 5.279060 -57.490149
vt 5.612393 -57.490149
vt 5.945727 -57.490149
vt 6.279060 -57.490149
vt 6.612393 -57.490149
vt 6.945727 -57.490149
vt 7.279060 -57.490149
vt 7.612393 -57.490149
vt 7.945727 -57.490149
vt 8.279060 -57.490149
vt 8.612393 -57.490149
vt 8.945727 -57.490149
vt 9.279060 -57.490149
vt 9.612393 -57.490149
vt 9.945727 -57.490149
vt 10.279060 -57.490149
vt 10.612393 -57.490149
vt 10.945727 -57.490149
vt 11.279060 -57.490149
vt 11.612393 -57.490149
vt 11.945727 -57.490149
vt 12.279060 -57.490149
vt 12.612393 -57.490149
vt 12.945727 -57.490149
vt 13.279060 -57.490149
vt 13.612393 -57.490149
vt 13.945727 -57.490149
vt 14.279060 -57.490149
vt 14.612393 -57.490149
vt 14.945727 -57.490149
vt 15.279060 -57.490149
vt 15.612393 -57.490149
vt 15.945727 -57.490149
vt 16.279060 -57.490149
vt 16.612393 -57.490149
vt 16.945727 -57.490149
vt 17.279060 -57.490149
vt 17.612393 -57.490149
vt 17.945727 -57.490149
vt 18.279060 -57.490149
vt 18.612393 -57.490149
vt 18.945727 -57.490149
vt 19.279060 -57.490149
vt 19.612393 -57.490149
vt 19.945727 -57.490149
vt 20.279060 -57.490149
vt 20.612393 -57.490149
vt 20.945727 -57.490149
vt 21.279060 -57.490149
vt 21.612393 -57.490149
vt 21.945727 -57.490149
vt 22.279060 -57.490149
vt 22.612393 -57.490149
vt 22.945727 -57.490149
vt 23.279060 -57.490149
vt 23.612393 -57.490149
vt 23.945727 -57.490149
vt 24.279060 -57.490149
vt 24.612393 -57.490149
vt 24.945727 -57.490149
vt 25.279060 -57.490149
vt 25.612393 -57.490149
vt 25.945727 -57.490149
vt 26.279060 -57.490149
vt 26.612393 -57.490149
vt -4.387607 -57.407315
vt -4.470332 -57.431379
vt -4.054273 -57.372020
vt -4.208076 -57.355092
vt -4.270793 -57.373336
vt -3.947857 -57.383733
vt -3.936589 -57.384973
vt -1.720940 -57.350422
vt -1.387607 -57.280472
vt -1.437178 -57.281265
vt -1.532635 -57.301844
vt -1.704170 -57.338825
vt -1.054273 -57.275143
vt -1.105104 -57.275956
vt -1.174523 -57.277066
vt -0.720940 -57.269814
vt -0.773029 -57.270647
vt -0.835774 -57.271650
vt -0.387607 -57.264485
vt -0.440955 -57.265337
vt -0.497025 -57.266234
vt -0.054273 -57.259155
vt -0.108880 -57.260028
vt -0.158276 -57.260818
vt 0.279060 -57.253826
vt 0.223194 -57.254719
vt 0.180474 -57.255402
vt 0.612393 -57.248497
vt 0.555268 -57.249410
vt 0.519223 -57.249986
vt 0.945727 -57.243167
vt 0.887343 -57.244101
vt 0.857972 -57.244570
vt 1.279060 -57.237838
vt 1.219417 -57.238792
vt 1.196721 -57.239155
vt 1.612393 -57.232509
vt 1.551491 -57.233483
vt 1.535470 -57.233739
vt 1.945727 -57.227180
vt 1.883566 -57.228173
vt 1.874220 -57.228323
vt 2.279060 -57.221850
vt 2.215640 -57.222864
vt 2.212969 -57.222907
vt 2.612393 -57.216521
vt 2.551718 -57.217491
vt 2.547714 -57.217555
vt 2.945727 -57.211192
vt 2.890467 -57.212075
vt 3.279060 -57.205862
vt 3.229216 -57.206659
vt 3.211863 -57.206937
vt 3.612393 -57.200533
vt 3.567966 -57.201243
vt 3.543938 -57.201628
vt 3.945727 -57.195204
vt 3.906715 -57.195828
vt 4.279060 -57.189875
vt 4.245464 -57.190412
vt 4.208086 -57.191009
vt 4.612393 -57.184545
vt 4.584213 -57.184996
vt 4.945727 -57.179216
vt 4.922962 -57.179580
vt 4.872235 -57.180391
vt 5.279060 -57.173887
vt 5.261712 -57.174164
vt 5.612393 -57.168557
vt 5.600461 -57.168748
vt 5.945727 -57.163228
vt 5.939210 -57.163332
vt 5.868458 -57.164463
vt 6.279060 -57.157899
vt 6.277959 -57.157916
vt 6.612393 -57.156816
vt 6.346801 -57.156816
vt 6.945727 -57.156816
vt 7.279060 -57.156816
vt 7.612393 -57.156816
vt 7.945727 -57.156816
vt 8.279060 -57.156816
vt 8.612393 -57.156816
vt 8.945727 -57.156816
vt 9.279060 -57.156816
vt 9.612393 -57.156816
vt 9.945727 -57.156816
vt 10.279060 -57.156816
vt 10.612393 -57.156816
vt 10.945727 -57.156816
vt 11.279060 -57.156816
vt 11.612393 -57.156816
vt 11.945727 -57.156816
vt 12.279060 -57.156816
vt 12.612393 -57.156816
vt 12.945727 -57.156816
vt 13.279060 -57.156816
vt 13.612393 -57.156816
vt 13.945727 -57.156816
vt 14.279060 -57.156816
vt 14.612393 -57.156816
vt 14.945727 -57.156816
vt 15.279060 -57.156816
vt 15.612393 -57.156816
vt 15.945727 -57.156816
vt 16.279060 -57.156816
vt 16.612393 -57.156816
vt 16.945727 -57.156816
vt 17.279060 -57.156816
vt 17.612393 -57.156816
vt 17.945727 -57.156816
vt 18.279060 -57.156816
vt 18.612393 -57.156816
vt 18.945727 -57.156816
vt 19.279060 -57.156816
vt 19.612393 -57.156816
vt 19.945727 -57.156816
vt 20.279060 -57.156816
vt 20.612393 -57.156816
vt 20.945727 -57.156816
vt 21.279060 -57.156816
vt 21.612393 -57.156816
vt 21.945727 -57.156816
vt 22.279060 -57.156816
vt 22.612393 -57.156816
vt 22.945727 -57.156816
vt 23.279060 -57.156816
vt 23.612393 -57.156816
vt 23.945727 -57.156816
vt 24.279060 -57.156816
vt 24.612393 -57.156816
vt 24.945727 -57.156816
vt 25.279060 -57.156816
vt 25.612393 -57.156816
vt 25.945727 -57.156816
vt 26.279060 -57.156816
vt 26.612393 -57.156816
vt 6.612393 -57.152570
vt 6.532607 -57.153845
vt 6.945727 -57.147240
vt 6.864681 -57.148536
vt 6.616709 -57.152501
vt 7.279060 -57.141911
vt 7.196756 -57.143227
vt 6.955458 -57.147085
vt 7.612393 -57.136582
vt 7.528830 -57.137918
vt 7.294207 -57.141669
vt 7.945727 -57.131252
vt 7.860904 -57.132609
vt 7.632956 -57.136253
vt 8.279060 -57.125923
vt 8.192979 -57.127299
vt 7.971705 -57.130837
vt 8.612393 -57.120594
vt 8.525053 -57.121990
vt 8.310455 -57.125421
vt 8.945727 -57.115265
vt 8.857127 -57.116681
vt 8.649204 -57.120005
vt 9.279060 -57.109935
vt 9.189202 -57.111372
vt 8.987953 -57.114589
vt 9.612393 -57.104606
vt 9.521276 -57.106063
vt 9.326702 -57.109174
vt 9.945727 -57.099277
vt 9.853350 -57.100754
vt 9.665451 -57.103758
vt 10.279060 -57.093947
vt 10.185425 -57.095444
vt 10.004201 -57.098342
vt 10.612393 -57.088618
vt 10.517499 -57.090135
vt 10.342950 -57.092926
vt 10.945727 -57.083289
vt 10.849574 -57.084826
vt 10.681699 -57.087510
vt 11.279060 -57.077960
vt 11.181648 -57.079517
vt 11.020448 -57.082094
vt 11.612393 -57.072630
vt 11.513722 -57.074208
vt 11.359197 -57.076678
vt 11.945727 -57.067301
vt 11.845797 -57.068899
vt 11.697947 -57.071262
vt 12.279060 -57.061972
vt 12.177871 -57.063589
vt 12.036696 -57.065847
vt 12.612393 -57.056642
vt 12.509945 -57.058280
vt 12.375445 -57.060431
vt 12.945727 -57.051313
vt 12.842020 -57.052971
vt 12.714194 -57.055015
vt 13.279060 -57.045984
vt 13.174094 -57.047662
vt 13.052943 -57.049599
vt 13.612393 -57.040238
vt 13.504815 -57.042374
vt 13.391693 -57.044183
vt 13.945727 -57.033619
vt 13.829803 -57.035921
vt 13.731333 -57.037876
vt 14.279060 -57.027000
vt 14.156145 -57.029441
vt 14.071419 -57.031123
vt 14.612393 -57.020381
vt 14.482487 -57.022960
vt 14.411506 -57.024370
vt 14.945727 -57.013761
vt 14.808830 -57.016480
vt 14.751593 -57.017616
vt 15.279060 -57.007142
vt 15.135172 -57.009999
vt 15.091679 -57.010863
vt 15.612393 -57.000523
vt 15.461514 -57.003519
vt 15.431766 -57.004110
vt 15.945727 -56.993904
vt 15.787856 -56.997039
vt 15.771853 -56.997356
vt 16.279060 -56.987284
vt 16.114198 -56.990558
vt 16.111939 -56.990603
vt 16.612393 -56.980665
vt 16.452026 -56.983850
vt 16.945727 -56.974046
vt 16.792113 -56.977096
vt 17.279060 -56.967427
vt 17.132199 -56.970343
vt 17.612393 -56.960808
vt 17.472286 -56.963590
vt 17.419567 -56.964637
vt 17.945727 -56.954188
vt 17.812373 -56.956836
vt 18.279060 -56.947569
vt 18.152459 -56.950083
vt 18.072251 -56.951676
vt 18.612393 -56.940950
vt 18.492546 -56.943330
vt 18.945727 -56.933943
vt 18.832826 -56.936383
vt 18.724324 -56.938727
vt 19.279060 -56.926741
vt 19.173521 -56.929021
vt 19.612393 -56.919538
vt 19.514216 -56.921660
vt 19.385557 -56.924440
vt 19.945727 -56.912336
vt 19.854911 -56.914298
vt 20.279060 -56.905133
vt 20.195606 -56.906937
vt 20.047403 -56.910139
vt 20.612393 -56.897931
vt 20.536301 -56.899575
vt 20.945727 -56.890728
vt 20.876995 -56.892214
vt 21.279060 -56.883526
vt 21.217690 -56.884852
vt 21.040171 -56.888688
vt 21.612393 -56.876324
vt 21.558385 -56.877491
vt 21.945727 -56.869121
vt 21.899080 -56.870129
vt 21.702017 -56.874387
vt 22.279060 -56.861919
vt 22.239775 -56.862767
vt 22.032940 -56.867237
vt 22.612393 -56.854716
vt 22.580470 -56.855406
vt 22.945727 -56.847514
vt 22.921165 -56.848044
vt 22.694785 -56.852936
vt 23.279060 -56.840311
vt 23.261859 -56.840683
vt 23.025708 -56.845786
vt 23.612393 -56.833109
vt 23.602554 -56.833321
vt 23.945727 -56.825906
vt 23.943249 -56.825960
vt 23.687554 -56.831485
vt 24.279060 -56.823482
vt 24.057906 -56.823482
vt 24.018476 -56.824334
vt 24.612393 -56.823482
vt 24.945727 -56.823482
vt 25.279060 -56.823482
vt 25.612393 -56.823482
vt 25.945727 -56.823482
vt 26.279060 -56.823482
vt 26.612393 -56.823482
vt 24.279060 -56.818704
vt 24.612393 -56.811501
vt 24.349399 -56.817184
vt 24.283944 -56.818598
vt 24.945727 -56.804299
vt 24.680322 -56.810034
vt 24.624639 -56.811237
vt 25.279060 -56.797097
vt 25.011245 -56.802883
vt 24.965334 -56.803875
vt 25.612393 -56.789894
vt 25.342167 -56.795733
vt 25.306029 -56.796514
vt 25.945727 -56.782692
vt 25.673090 -56.788583
vt 25.646723 -56.789152
vt 26.279060 -56.775489
vt 26.004013 -56.781432
vt 25.987418 -56.781791
vt 26.612393 -56.768287
vt 26.334936 -56.774282
vt 26.328113 -56.774429
vt -4.387607 -45.553396
vt -4.387607 -45.490149
vt -4.425196 -45.527738
vt -4.467836 -45.490149
vt -4.457816 -45.505472
vt -4.054273 -45.696685
vt -4.054273 -45.490149
vt -4.225074 -45.660950
vt -4.232232 -45.659452
vt -3.720940 -45.669364
vt -3.720940 -45.490149
vt -3.941824 -45.711033
vt -3.964894 -45.715385
vt -3.387607 -45.540372
vt -3.387607 -45.490149
vt -3.471686 -45.574228
vt -3.696502 -45.664754
vt -3.262880 -45.490149
vt -4.387607 -45.156816
vt -4.567911 -45.337120
vt -4.629953 -45.156816
vt -4.607302 -45.276885
vt -4.054273 -45.156816
vt -3.720940 -45.156816
vt -3.387607 -45.156816
vt -3.054273 -45.156816
vt -3.201118 -45.465280
vt -3.054273 -45.406150
vt -2.720940 -45.156816
vt -2.913650 -45.349525
vt -2.733038 -45.276799
vt -2.720940 -45.273073
vt -2.953427 -45.365542
vt -2.387607 -45.170415
vt -2.387607 -45.156816
vt -2.407258 -45.176467
vt -2.463839 -45.193893
vt -2.343449 -45.156816
vt -4.387607 -44.823482
vt -4.644393 -45.080269
vt -4.619225 -44.823482
vt -4.657933 -45.008492
vt -4.054273 -44.823482
vt -3.720940 -44.823482
vt -3.387607 -44.823482
vt -3.054273 -44.823482
vt -2.720940 -44.823482
vt -2.387607 -44.823482
vt -2.054273 -44.823482
vt -2.166510 -45.102323
vt -2.054273 -45.067757
vt -1.720940 -44.965099
vt -1.720940 -44.823482
vt -1.925581 -45.028123
vt -1.387607 -44.862441
vt -1.387607 -44.823482
vt -1.443903 -44.879779
vt -1.571851 -44.919184
vt -1.262337 -44.823482
vt -1.274521 -44.827614
vt -4.387607 -44.490149
vt -4.523269 -44.625811
vt -4.602001 -44.741154
vt -4.409147 -44.490149
vt -4.448020 -44.515571
vt -4.054273 -44.490149
vt -3.720940 -44.490149
vt -3.387607 -44.490149
vt -3.054273 -44.490149
vt -2.720940 -44.490149
vt -2.387607 -44.490149
vt -2.054273 -44.490149
vt -1.720940 -44.490149
vt -1.387607 -44.490149
vt -1.054273 -44.490149
vt -1.237214 -44.814964
vt -1.054273 -44.747139
vt -0.720940 -44.623555
vt -0.720940 -44.490149
vt -0.932949 -44.702158
vt -0.971981 -44.716629
vt -0.387607 -44.499972
vt -0.387607 -44.490149
vt -0.403217 -44.505759
vt -0.706747 -44.618293
vt -0.441514 -44.519958
vt -0.361112 -44.490149
vt -4.387607 -44.476063
vt -4.054273 -44.299580
vt -4.219433 -44.366084
vt -4.346900 -44.449443
vt -3.720940 -44.165358
vt -3.724050 -44.166610
vt -3.735240 -44.171116
vt -3.971741 -44.266347
vt -3.387607 -44.156816
vt -3.699726 -44.156816
vt -3.054273 -44.156816
vt -2.720940 -44.156816
vt -2.387607 -44.156816
vt -2.054273 -44.156816
vt -1.720940 -44.156816
vt -1.387607 -44.156816
vt -1.054273 -44.156816
vt -0.720940 -44.156816
vt -0.387607 -44.156816
vt -0.054273 -44.156816
vt -0.176280 -44.421622
vt -0.054273 -44.376388
vt 0.279060 -44.252805
vt 0.279060 -44.156816
vt 0.126515 -44.309361
vt 0.088953 -44.323287
vt 0.490714 -44.156816
vt 0.354187 -44.224952
vt 0.476283 -44.165649
vt -3.387607 -44.031135
vt -3.054273 -43.910841
vt -3.173233 -43.947478
vt -3.181036 -43.950245
vt -3.228666 -43.967135
vt -2.720940 -43.823482
vt -2.770616 -43.823482
vt -2.875903 -43.855908
vt -2.387607 -43.823482
vt -2.054273 -43.823482
vt -1.720940 -43.823482
vt -1.387607 -43.823482
vt -1.054273 -43.823482
vt -0.720940 -43.823482
vt -0.387607 -43.823482
vt -0.054273 -43.823482
vt 0.279060 -43.823482
vt 0.612393 -43.823482
vt 0.612393 -44.082338
vt 0.945727 -43.823482
vt 0.804385 -43.964824
vt 0.939249 -43.882277
vt 0.945727 -43.878312
vt 0.707766 -44.023963
vt 1.035306 -43.823482
vt -2.720940 -43.808183
vt -2.387607 -43.705525
vt -2.578574 -43.764338
vt -2.698833 -43.801375
vt -2.054273 -43.602867
vt -2.217155 -43.653031
vt -2.281245 -43.672769
vt -1.720940 -43.500209
vt -1.735478 -43.504687
vt -1.983915 -43.581199
vt -1.387607 -43.490149
vt -1.691177 -43.490149
vt -1.705418 -43.495429
vt -1.054273 -43.490149
vt -0.720940 -43.490149
vt -0.387607 -43.490149
vt -0.054273 -43.490149
vt 0.279060 -43.490149
vt 0.612393 -43.490149
vt 0.945727 -43.490149
vt 1.279060 -43.490149
vt 1.170732 -43.740591
vt 1.279060 -43.674286
vt 1.402215 -43.598905
vt 1.579898 -43.490149
vt -1.387607 -43.377600
vt -1.054273 -43.254017
vt -1.193426 -43.305608
vt -1.208745 -43.311287
vt -0.720940 -43.156816
vt -0.792100 -43.156816
vt -0.928193 -43.207272
vt -0.387607 -43.156816
vt -0.054273 -43.156816
vt 0.279060 -43.156816
vt 0.612393 -43.156816
vt 0.945727 -43.156816
vt 1.279060 -43.156816
vt 1.612393 -43.156816
vt 1.612393 -43.470259
vt 1.945727 -43.201783
vt 1.945727 -43.156816
vt 1.676255 -43.426287
vt 1.723357 -43.392052
vt 1.633698 -43.457219
vt 1.998280 -43.156816
vt -0.720940 -43.130433
vt -0.387607 -43.006850
vt -0.397726 -43.010601
vt -0.662959 -43.108937
vt -0.679013 -43.114889
vt -0.054273 -42.848960
vt -0.119951 -42.889160
vt -0.196429 -42.935970
vt 0.279060 -42.823482
vt -0.012649 -42.823482
vt -0.023105 -42.829883
vt 0.612393 -42.823482
vt 0.945727 -42.823482
vt 1.279060 -42.823482
vt 1.612393 -42.823482
vt 1.945727 -42.823482
vt 2.279060 -42.823482
vt 2.154181 -43.023420
vt 2.279060 -42.916568
vt 2.387850 -42.823482
vt 0.279060 -42.644934
vt 0.612393 -42.490149
vt 0.531943 -42.490149
vt 0.439861 -42.546511
vt 0.945727 -42.490149
vt 1.279060 -42.490149
vt 1.612393 -42.490149
vt 1.945727 -42.490149
vt 2.279060 -42.490149
vt 2.612393 -42.490149
vt 2.585004 -42.654788
vt 2.612393 -42.631353
vt 2.777419 -42.490149
vt 0.612393 -42.440907
vt 0.945727 -42.214883
vt 0.855410 -42.292162
vt 0.739331 -42.363211
vt 1.279060 -42.156816
vt 1.013590 -42.156816
vt 1.612393 -42.156816
vt 1.945727 -42.156816
vt 2.279060 -42.156816
vt 2.612393 -42.156816
vt 2.945727 -42.156816
vt 2.800416 -42.470472
vt 2.945727 -42.346138
vt 3.117602 -42.156816
vt 3.015828 -42.286156
vt 1.279060 -41.929668
vt 1.243992 -41.959674
vt 1.028580 -42.143990
vt 1.612393 -41.823482
vt 1.403160 -41.823482
vt 1.945727 -41.823482
vt 2.279060 -41.823482
vt 2.612393 -41.823482
vt 2.945727 -41.823482
vt 3.244808 -41.857735
vt 3.184725 -42.071513
vt 3.254435 -41.823482
vt 1.612393 -41.644453
vt 1.459403 -41.775358
vt 1.945727 -41.490149
vt 1.792729 -41.490149
vt 1.674815 -41.591042
vt 2.279060 -41.490149
vt 2.612393 -41.490149
vt 2.945727 -41.490149
vt 3.226870 -41.542339
vt 3.258625 -41.808574
vt 3.226277 -41.537370
vt 3.199776 -41.490149
vt 1.945727 -41.359238
vt 2.279060 -41.156816
vt 2.222518 -41.156816
vt 2.105639 -41.222410
vt 2.612393 -41.156816
vt 2.945727 -41.183613
vt 2.930730 -41.171812
vt 2.911671 -41.156816
vt 3.108452 -41.327423
vt 3.092606 -41.299188
vt 2.279060 -41.125083
vt 2.279060 -41.034601
vt 2.279060 -40.823482
vt 2.153376 -40.949166
vt 2.020482 -40.823482
vt 2.125587 -40.930276
vt 2.612393 -40.823482
vt 2.351954 -41.083922
vt 2.363737 -41.086364
vt 2.347586 -41.088290
vt 2.343820 -41.088739
vt 2.351467 -41.083821
vt 2.877963 -41.130291
vt 2.792231 -41.106196
vt 2.887207 -41.088090
vt 2.945727 -41.049659
vt 2.945727 -40.823482
vt 3.193461 -40.823482
vt 3.115505 -40.938163
vt 1.945727 -40.490149
vt 1.818064 -40.617812
vt 1.905616 -40.706771
vt 1.945727 -40.747526
vt 1.692419 -40.490149
vt 2.279060 -40.490149
vt 1.983402 -40.785807
vt 2.612393 -40.490149
vt 2.945727 -40.490149
vt 3.279060 -40.490149
vt 3.269051 -40.712283
vt 3.279060 -40.663978
vt 3.315079 -40.490149
vt 1.612393 -40.408838
vt 1.612393 -40.156816
vt 1.487386 -40.281823
vt 1.364356 -40.156816
vt 1.465675 -40.259763
vt 1.945727 -40.156816
vt 1.652725 -40.449817
vt 1.685646 -40.483267
vt 2.279060 -40.156816
vt 2.612393 -40.156816
vt 2.945727 -40.156816
vt 3.279060 -40.206655
vt 3.273319 -40.176544
vt 3.267775 -40.168101
vt 3.260364 -40.156816
vt 3.324452 -40.444757
vt 3.324468 -40.444838
vt 1.279060 -40.070149
vt 1.279060 -39.823482
vt 1.156709 -39.945833
vt 1.036293 -39.823482
vt 1.612393 -39.823482
vt 1.322048 -40.113828
vt 1.945727 -39.823482
vt 2.279060 -39.823482
vt 2.612393 -39.823482
vt 2.945727 -39.823482
vt 3.135643 -39.966899
vt 3.123393 -39.948245
vt 3.000602 -39.823482
vt 0.945727 -39.731461
vt 0.945727 -39.490149
vt 0.826032 -39.609844
vt 0.708230 -39.490149
vt 1.279060 -39.490149
vt 0.991371 -39.777838
vt 1.025734 -39.812754
vt 1.612393 -39.490149
vt 1.945727 -39.490149
vt 2.279060 -39.490149
vt 2.612393 -39.490149
vt 2.945727 -39.767725
vt 2.903422 -39.724741
vt 2.808045 -39.627831
vt 2.683452 -39.501237
vt 2.672539 -39.490149
vt 2.973383 -39.795826
vt 0.612393 -39.392773
vt 0.612393 -39.156816
vt 0.503779 -39.265430
vt 0.509771 -39.274057
vt 0.585793 -39.365746
vt 0.428339 -39.156816
vt 0.945727 -39.156816
vt 0.660693 -39.441849
vt 1.279060 -39.156816
vt 1.612393 -39.156816
vt 1.945727 -39.156816
vt 2.279060 -39.156816
vt 2.612393 -39.429037
vt 2.477367 -39.291842
vt 2.463481 -39.277733
vt 2.344476 -39.156816
vt 2.642706 -39.459836
vt 0.279060 -38.941893
vt 0.279060 -38.823482
vt 0.230526 -38.872017
vt 0.196816 -38.823482
vt 0.612393 -38.823482
vt 0.367153 -39.068723
vt 0.347543 -39.040490
vt 0.945727 -38.823482
vt 1.279060 -38.823482
vt 1.612393 -38.823482
vt 1.945727 -38.823482
vt 2.279060 -39.090349
vt 2.243511 -39.054228
vt 2.146690 -38.955852
vt 2.023540 -38.830724
vt 2.016413 -38.823482
vt 2.312029 -39.123847
vt 0.279060 -38.490149
vt 0.093899 -38.675310
vt 0.185314 -38.806924
vt -0.034708 -38.490149
vt 0.612393 -38.490149
vt 0.945727 -38.490149
vt 1.279060 -38.490149
vt 1.612393 -38.490149
vt 1.945727 -38.751660
vt 1.816013 -38.619863
vt 1.803570 -38.607220
vt 1.688350 -38.490149
vt 1.981352 -38.787858
vt -0.054273 -38.156816
vt -0.179354 -38.281897
vt -0.139142 -38.339791
vt -0.054273 -38.461980
vt -0.266232 -38.156816
vt 0.279060 -38.156816
vt -0.042728 -38.478603
vt 0.612393 -38.156816
vt 0.945727 -38.156816
vt 1.279060 -38.156816
vt 1.612393 -38.407409
vt 1.509680 -38.259529
vt 1.497393 -38.241838
vt 1.438339 -38.156816
vt 1.650674 -38.451868
vt 1.625525 -38.426314
vt -0.387607 -37.982068
vt -0.387607 -37.823482
vt -0.452608 -37.888483
vt -0.486688 -37.823482
vt -0.463599 -37.872658
vt -0.054273 -37.823482
vt -0.315981 -38.085190
vt -0.301371 -38.106225
vt 0.279060 -37.823482
vt 0.612393 -37.823482
vt 0.945727 -37.823482
vt 1.279060 -37.927496
vt 1.236427 -37.866116
vt 1.206815 -37.823482
vt 1.373054 -38.062822
vt 1.335164 -38.008272
vt -0.387607 -37.490149
vt -0.561533 -37.664075
vt -0.610492 -37.490149
vt -0.563153 -37.660625
vt -0.054273 -37.490149
vt 0.279060 -37.490149
vt 0.612393 -37.490149
vt 0.945727 -37.490149
vt 1.099800 -37.669409
vt 1.010707 -37.541139
vt 0.975291 -37.490149
vt -0.387607 -37.156816
vt -0.634496 -37.403705
vt -0.703053 -37.156816
vt -0.639356 -37.386201
vt -0.054273 -37.156816
vt 0.279060 -37.156816
vt 0.612393 -37.156816
vt 0.945727 -37.447584
vt 0.848479 -37.307572
vt 0.826547 -37.275996
vt 0.754019 -37.171575
vt 0.749921 -37.156816
vt 0.963173 -37.472702
vt -0.720940 -37.092402
vt -0.720940 -36.823482
vt -0.779386 -36.881928
vt -0.795615 -36.823482
vt -0.791763 -36.837354
vt -0.387607 -36.823482
vt -0.706941 -37.142817
vt -0.715560 -37.111778
vt -0.054273 -36.823482
vt 0.279060 -36.823482
vt 0.612393 -36.823482
vt 0.720031 -37.049178
vt 0.709601 -37.011616
vt 0.657359 -36.823482
f 3/3 2/2 1/1
f 5/5 4/4 2/2
f 6/6 5/5 2/2
f 3/3 6/6 2/2
f 1/1 2/2 7/7
f 4/4 8/8 2/2
f 4/4 9/9 8/8
f 7/7 2/2 10/10
f 11/11 7/7 10/10
f 12/12 11/11 10/10
f 2/2 8/8 10/10
f 15/15 14/14 13/13
f 16/16 15/15 13/13
f 12/12 10/10 13/13
f 14/14 12/12 13/13
f 19/19 18/18 17/17
f 16/16 13/13 18/18
f 19/19 16/16 18/18
f 22/22 21/21 20/20
f 23/23 22/22 20/20
f 17/17 18/18 20/20
f 21/21 17/17 20/20
f 26/26 25/25 24/24
f 23/23 20/20 25/25
f 26/26 23/23 25/25
f 29/29 28/28 27/27
f 30/30 29/29 27/27
f 24/24 25/25 27/27
f 28/28 24/24 27/27
f 33/33 32/32 31/31
f 30/30 27/27 32/32
f 33/33 30/30 32/32
f 36/36 35/35 34/34
f 37/37 36/36 34/34
f 31/31 32/32 34/34
f 35/35 31/31 34/34
f 40/40 39/39 38/38
f 41/41 40/40 38/38
f 37/37 34/34 38/38
f 39/39 37/37 38/38
f 44/44 43/43 42/42
f 41/41 38/38 43/43
f 44/44 41/41 43/43
f 47/47 46/46 45/45
f 48/48 47/47 45/45
f 42/42 43/43 45/45
f 46/46 42/42 45/45
f 51/51 50/50 49/49
f 48/48 45/45 50/50
f 51/51 48/48 50/50
f 54/54 53/53 52/52
f 49/49 50/50 53/53
f 54/54 49/49 53/53
f 57/57 56/56 55/55
f 58/58 57/57 55/55
f 52/52 53/53 55/55
f 56/56 52/52 55/55
f 61/61 60/60 59/59
f 58/58 55/55 60/60
f 61/61 58/58 60/60
f 64/64 63/63 62/62
f 65/65 64/64 62/62
f 59/59 60/60 62/62
f 63/63 59/59 62/62
f 68/68 67/67 66/66
f 65/65 62/62 67/67
f 68/68 65/65 67/67
f 71/71 70/70 69/69
f 72/72 71/71 69/69
f 66/66 67/67 69/69
f 70/70 66/66 69/69
f 75/75 74/74 73/73
f 76/76 75/75 73/73
f 72/72 69/69 73/73
f 74/74 72/72 73/73
f 79/79 78/78 77/77
f 76/76 73/73 78/78
f 79/79 76/76 78/78
f 82/82 81/81 80/80
f 77/77 78/78 81/81
f 82/82 77/77 81/81
f 85/85 84/84 83/83
f 86/86 85/85 83/83
f 80/80 81/81 83/83
f 84/84 80/80 83/83
f 89/89 88/88 87/87
f 86/86 83/83 88/88
f 89/89 86/86 88/88
f 92/92 91/91 90/90
f 93/93 92/92 90/90
f 87/87 88/88 90/90
f 91/91 87/87 90/90
f 96/96 95/95 94/94
f 93/93 90/90 95/95
f 96/96 93/93 95/95
f 99/99 98/98 97/97
f 100/100 99/99 97/97
f 94/94 95/95 97/97
f 98/98 94/94 97/97
f 103/103 102/102 101/101
f 104/104 103/103 101/101
f 100/100 97/97 101/101
f 102/102 100/100 101/101
f 107/107 106/106 105/105
f 104/104 101/101 106/106
f 107/107 104/104 106/106
f 110/110 109/109 108/108
f 105/105 106/106 109/109
f 110/110 105/105 109/109
f 113/113 112/112 111/111
f 114/114 113/113 111/111
f 108/108 109/109 111/111
f 112/112 108/108 111/111
f 117/117 116/116 115/115
f 114/114 111/111 116/116
f 117/117 114/114 116/116
f 120/120 119/119 118/118
f 121/121 120/120 118/118
f 115/115 116/116 119/119
f 120/120 115/115 119/119
f 118/118 119/119 122/122
f 9/9 123/123 8/8
f 9/9 124/124 123/123
f 8/8 125/125 10/10
f 8/8 123/123 125/125
f 10/10 126/126 13/13
f 10/10 125/125 126/126
f 13/13 127/127 18/18
f 13/13 126/126 127/127
f 18/18 128/128 20/20
f 18/18 127/127 128/128
f 20/20 129/129 25/25
f 20/20 128/128 129/129
f 25/25 130/130 27/27
f 25/25 129/129 130/130
f 27/27 131/131 32/32
f 27/27 130/130 131/131
f 32/32 132/132 34/34
f 32/32 131/131 132/132
f 34/34 133/133 38/38
f 34/34 132/132 133/133
f 38/38 134/134 43/43
f 38/38 133/133 134/134
f 43/43 135/135 45/45
f 43/43 134/134 135/135
f 45/45 136/136 50/50
f 45/45 135/135 136/136
f 50/50 137/137 53/53
f 50/50 136/136 137/137
f 53/53 138/138 55/55
f 53/53 137/137 138/138
f 55/55 139/139 60/60
f 55/55 138/138 139/139
f 60/60 140/140 62/62
f 60/60 139/139 140/140
f 62/62 141/141 67/67
f 62/62 140/140 141/141
f 67/67 142/142 69/69
f 67/67 141/141 142/142
f 69/69 143/143 73/73
f 69/69 142/142 143/143
f 73/73 144/144 78/78
f 73/73 143/143 144/144
f 78/78 145/145 81/81
f 78/78 144/144 145/145
f 81/81 146/146 83/83
f 81/81 145/145 146/146
f 83/83 147/147 88/88
f 83/83 146/146 147/147
f 88/88 148/148 90/90
f 88/88 147/147 148/148
f 90/90 149/149 95/95
f 90/90 148/148 149/149
f 95/95 150/150 97/97
f 95/95 149/149 150/150
f 97/97 151/151 101/101
f 97/97 150/150 151/151
f 101/101 152/152 106/106
f 101/101 151/151 152/152
f 106/106 153/153 109/109
f 106/106 152/152 153/153
f 109/109 154/154 111/111
f 109/109 153/153 154/154
f 111/111 155/155 116/116
f 111/111 154/154 155/155
f 116/116 156/156 119/119
f 116/116 155/155 156/156
f 122/122 119/119 157/157
f 158/158 122/122 157/157
f 159/159 158/158 157/157
f 119/119 156/156 157/157
f 162/162 161/161 160/160
f 163/163 162/162 160/160
f 159/159 157/157 161/161
f 162/162 159/159 161/161
f 160/160 161/161 164/164
f 165/165 160/160 164/164
f 168/168 167/167 166/166
f 169/169 167/167 168/168
f 172/172 171/171 170/170
f 173/173 172/172 170/170
f 166/166 167/167 171/171
f 174/174 166/166 171/171
f 172/172 174/174 171/171
f 177/177 176/176 175/175
f 170/170 171/171 176/176
f 177/177 170/170 176/176
f 180/180 179/179 178/178
f 181/181 180/180 178/178
f 175/175 176/176 178/178
f 179/179 175/175 178/178
f 184/184 183/183 182/182
f 181/181 178/178 183/183
f 184/184 181/181 183/183
f 187/187 186/186 185/185
f 182/182 183/183 186/186
f 187/187 182/182 186/186
f 190/190 189/189 188/188
f 185/185 186/186 189/189
f 190/190 185/185 189/189
f 193/193 192/192 191/191
f 194/194 193/193 191/191
f 188/188 189/189 191/191
f 192/192 188/188 191/191
f 197/197 196/196 195/195
f 198/198 197/197 195/195
f 194/194 191/191 195/195
f 196/196 194/194 195/195
f 201/201 200/200 199/199
f 198/198 195/195 200/200
f 201/201 198/198 200/200
f 204/204 203/203 202/202
f 205/205 204/204 202/202
f 199/199 200/200 202/202
f 203/203 199/199 202/202
f 208/208 207/207 206/206
f 205/205 202/202 207/207
f 208/208 205/205 207/207
f 211/211 210/210 209/209
f 212/212 211/211 209/209
f 206/206 207/207 209/209
f 210/210 206/206 209/209
f 215/215 214/214 213/213
f 212/212 209/209 214/214
f 215/215 212/212 214/214
f 218/218 217/217 216/216
f 219/219 218/218 216/216
f 213/213 214/214 216/216
f 217/217 213/213 216/216
f 222/222 221/221 220/220
f 219/219 216/216 221/221
f 222/222 219/219 221/221
f 225/225 224/224 223/223
f 220/220 221/221 224/224
f 225/225 220/220 224/224
f 228/228 227/227 226/226
f 229/229 228/228 226/226
f 223/223 224/224 226/226
f 227/227 223/223 226/226
f 232/232 231/231 230/230
f 229/229 226/226 231/231
f 232/232 229/229 231/231
f 235/235 234/234 233/233
f 230/230 231/231 234/234
f 235/235 230/230 234/234
f 238/238 237/237 236/236
f 233/233 234/234 237/237
f 238/238 233/233 237/237
f 241/241 240/240 239/239
f 242/242 241/241 239/239
f 236/236 237/237 239/239
f 240/240 236/236 239/239
f 245/245 244/244 243/243
f 246/246 245/245 243/243
f 242/242 239/239 243/243
f 244/244 242/242 243/243
f 249/249 248/248 247/247
f 246/246 243/243 248/248
f 249/249 246/246 248/248
f 252/252 251/251 250/250
f 253/253 252/252 250/250
f 247/247 248/248 250/250
f 251/251 247/247 250/250
f 256/256 255/255 254/254
f 253/253 250/250 255/255
f 256/256 253/253 255/255
f 259/259 258/258 257/257
f 254/254 255/255 258/258
f 260/260 254/254 258/258
f 259/259 260/260 258/258
f 263/263 262/262 261/261
f 257/257 258/258 262/262
f 264/264 257/257 262/262
f 263/263 264/264 262/262
f 267/267 266/266 265/265
f 261/261 262/262 266/266
f 268/268 261/261 266/266
f 267/267 268/268 266/266
f 271/271 270/270 269/269
f 265/265 266/266 270/270
f 272/272 265/265 270/270
f 271/271 272/272 270/270
f 275/275 274/274 273/273
f 269/269 270/270 274/274
f 276/276 269/269 274/274
f 275/275 276/276 274/274
f 279/279 278/278 277/277
f 273/273 274/274 278/278
f 280/280 273/273 278/278
f 279/279 280/280 278/278
f 283/283 282/282 281/281
f 277/277 278/278 282/282
f 284/284 277/277 282/282
f 283/283 284/284 282/282
f 287/287 286/286 285/285
f 281/281 282/282 286/286
f 288/288 281/281 286/286
f 287/287 288/288 286/286
f 291/291 290/290 289/289
f 285/285 286/286 290/290
f 292/292 285/285 290/290
f 291/291 292/292 290/290
f 295/295 294/294 293/293
f 289/289 290/290 294/294
f 296/296 289/289 294/294
f 295/295 296/296 294/294
f 299/299 298/298 297/297
f 293/293 294/294 298/298
f 300/300 293/293 298/298
f 299/299 300/300 298/298
f 297/297 298/298 301/301
f 124/124 302/302 123/123
f 124/124 303/303 302/302
f 123/123 304/304 125/125
f 123/123 302/302 304/304
f 125/125 305/305 126/126
f 125/125 304/304 305/305
f 126/126 306/306 127/127
f 126/126 305/305 306/306
f 127/127 307/307 128/128
f 127/127 306/306 307/307
f 128/128 308/308 129/129
f 128/128 307/307 308/308
f 129/129 309/309 130/130
f 129/129 308/308 309/309
f 130/130 310/310 131/131
f 130/130 309/309 310/310
f 131/131 311/311 132/132
f 131/131 310/310 311/311
f 132/132 312/312 133/133
f 132/132 311/311 312/312
f 133/133 313/313 134/134
f 133/133 312/312 313/313
f 134/134 314/314 135/135
f 134/134 313/313 314/314
f 135/135 315/315 136/136
f 135/135 314/314 315/315
f 136/136 316/316 137/137
f 136/136 315/315 316/316
f 137/137 317/317 138/138
f 137/137 316/316 317/317
f 138/138 318/318 139/139
f 138/138 317/317 318/318
f 139/139 319/319 140/140
f 139/139 318/318 319/319
f 140/140 320/320 141/141
f 140/140 319/319 320/320
f 141/141 321/321 142/142
f 141/141 320/320 321/321
f 142/142 322/322 143/143
f 142/142 321/321 322/322
f 143/143 323/323 144/144
f 143/143 322/322 323/323
f 144/144 324/324 145/145
f 144/144 323/323 324/324
f 145/145 325/325 146/146
f 145/145 324/324 325/325
f 146/146 326/326 147/147
f 146/146 325/325 326/326
f 147/147 327/327 148/148
f 147/147 326/326 327/327
f 148/148 328/328 149/149
f 148/148 327/327 328/328
f 149/149 329/329 150/150
f 149/149 328/328 329/329
f 150/150 330/330 151/151
f 150/150 329/329 330/330
f 151/151 331/331 152/152
f 151/151 330/330 331/331
f 152/152 332/332 153/153
f 152/152 331/331 332/332
f 153/153 333/333 154/154
f 153/153 332/332 333/333
f 154/154 334/334 155/155
f 154/154 333/333 334/334
f 155/155 335/335 156/156
f 155/155 334/334 335/335
f 156/156 336/336 157/157
f 156/156 335/335 336/336
f 157/157 337/337 161/161
f 157/157 336/336 337/337
f 164/164 161/161 338/338
f 339/339 164/164 338/338
f 338/338 161/161 337/337
f 340/340 338/338 337/337
f 343/343 342/342 341/341
f 344/344 343/343 341/341
f 345/345 342/342 343/343
f 347/347 346/346 167/167
f 348/348 347/347 167/167
f 169/169 348/348 167/167
f 341/341 342/342 346/346
f 347/347 341/341 346/346
f 167/167 349/349 171/171
f 167/167 346/346 349/349
f 171/171 350/350 176/176
f 171/171 349/349 350/350
f 176/176 351/351 178/178
f 176/176 350/350 351/351
f 178/178 352/352 183/183
f 178/178 351/351 352/352
f 183/183 353/353 186/186
f 183/183 352/352 353/353
f 186/186 354/354 189/189
f 186/186 353/353 354/354
f 189/189 355/355 191/191
f 189/189 354/354 355/355
f 191/191 356/356 195/195
f 191/191 355/355 356/356
f 195/195 357/357 200/200
f 195/195 356/356 357/357
f 200/200 358/358 202/202
f 200/200 357/357 358/358
f 202/202 359/359 207/207
f 202/202 358/358 359/359
f 207/207 360/360 209/209
f 207/207 359/359 360/360
f 209/209 361/361 214/214
f 209/209 360/360 361/361
f 214/214 362/362 216/216
f 214/214 361/361 362/362
f 216/216 363/363 221/221
f 216/216 362/362 363/363
f 221/221 364/364 224/224
f 221/221 363/363 364/364
f 224/224 365/365 226/226
f 224/224 364/364 365/365
f 226/226 366/366 231/231
f 226/226 365/365 366/366
f 231/231 367/367 234/234
f 231/231 366/366 367/367
f 234/234 368/368 237/237
f 234/234 367/367 368/368
f 237/237 369/369 239/239
f 237/237 368/368 369/369
f 239/239 370/370 243/243
f 239/239 369/369 370/370
f 243/243 371/371 248/248
f 243/243 370/370 371/371
f 248/248 372/372 250/250
f 248/248 371/371 372/372
f 250/250 373/373 255/255
f 250/250 372/372 373/373
f 255/255 374/374 258/258
f 255/255 373/373 374/374
f 258/258 375/375 262/262
f 258/258 374/374 375/375
f 262/262 376/376 266/266
f 262/262 375/375 376/376
f 266/266 377/377 270/270
f 266/266 376/376 377/377
f 270/270 378/378 274/274
f 270/270 377/377 378/378
f 274/274 379/379 278/278
f 274/274 378/378 379/379
f 278/278 380/380 282/282
f 278/278 379/379 380/380
f 282/282 381/381 286/286
f 282/282 380/380 381/381
f 286/286 382/382 290/290
f 286/286 381/381 382/382
f 290/290 383/383 294/294
f 290/290 382/382 383/383
f 294/294 384/384 298/298
f 294/294 383/383 384/384
f 301/301 298/298 385/385
f 386/386 301/301 385/385
f 387/387 386/386 385/385
f 298/298 384/384 385/385
f 390/390 389/389 388/388
f 391/391 390/390 388/388
f 387/387 385/385 388/388
f 389/389 387/387 388/388
f 394/394 393/393 392/392
f 391/391 388/388 393/393
f 394/394 391/391 393/393
f 397/397 396/396 395/395
f 392/392 393/393 396/396
f 397/397 392/392 396/396
f 400/400 399/399 398/398
f 401/401 400/400 398/398
f 395/395 396/396 398/398
f 399/399 395/395 398/398
f 404/404 403/403 402/402
f 401/401 398/398 403/403
f 404/404 401/401 403/403
f 407/407 406/406 405/405
f 408/408 407/407 405/405
f 402/402 403/403 405/405
f 406/406 402/402 405/405
f 411/411 410/410 409/409
f 408/408 405/405 410/410
f 411/411 408/408 410/410
f 414/414 413/413 412/412
f 415/415 414/414 412/412
f 409/409 410/410 412/412
f 413/413 409/409 412/412
f 418/418 417/417 416/416
f 419/419 418/418 416/416
f 420/420 419/419 416/416
f 415/415 412/412 417/417
f 418/418 415/415 417/417
f 423/423 422/422 421/421
f 424/424 423/423 421/421
f 416/416 417/417 421/421
f 422/422 416/416 421/421
f 427/427 426/426 425/425
f 428/428 427/427 425/425
f 424/424 421/421 425/425
f 426/426 424/424 425/425
f 431/431 430/430 429/429
f 428/428 425/425 430/430
f 431/431 428/428 430/430
f 434/434 433/433 432/432
f 435/435 434/434 432/432
f 429/429 430/430 432/432
f 433/433 429/429 432/432
f 438/438 437/437 436/436
f 435/435 432/432 437/437
f 438/438 435/435 437/437
f 441/441 440/440 439/439
f 436/436 437/437 440/440
f 441/441 436/436 440/440
f 444/444 443/443 442/442
f 445/445 444/444 442/442
f 439/439 440/440 442/442
f 443/443 439/439 442/442
f 448/448 447/447 446/446
f 445/445 442/442 447/447
f 448/448 445/445 447/447
f 451/451 450/450 449/449
f 452/452 451/451 449/449
f 446/446 447/447 449/449
f 450/450 446/446 449/449
f 455/455 454/454 453/453
f 456/456 455/455 453/453
f 452/452 449/449 453/453
f 454/454 452/452 453/453
f 459/459 458/458 457/457
f 460/460 459/459 457/457
f 456/456 453/453 457/457
f 458/458 456/456 457/457
f 463/463 462/462 461/461
f 460/460 457/457 462/462
f 463/463 460/460 462/462
f 466/466 465/465 464/464
f 461/461 462/462 465/465
f 466/466 461/461 465/465
f 469/469 468/468 467/467
f 470/470 469/469 467/467
f 464/464 465/465 467/467
f 468/468 464/464 467/467
f 473/473 472/472 471/471
f 470/470 467/467 472/472
f 473/473 470/470 472/472
f 476/476 475/475 474/474
f 471/471 472/472 475/475
f 477/477 471/471 475/475
f 478/478 477/477 475/475
f 476/476 478/478 475/475
f 481/481 480/480 479/479
f 474/474 475/475 480/480
f 482/482 474/474 480/480
f 481/481 482/482 480/480
f 485/485 484/484 483/483
f 479/479 480/480 484/484
f 486/486 479/479 484/484
f 485/485 486/486 484/484
f 489/489 488/488 487/487
f 483/483 484/484 488/488
f 490/490 483/483 488/488
f 489/489 490/490 488/488
f 493/493 492/492 491/491
f 487/487 488/488 492/492
f 494/494 487/487 492/492
f 493/493 494/494 492/492
f 497/497 496/496 495/495
f 491/491 492/492 496/496
f 498/498 491/491 496/496
f 497/497 498/498 496/496
f 501/501 500/500 499/499
f 495/495 496/496 500/500
f 502/502 495/495 500/500
f 501/501 502/502 500/500
f 505/505 504/504 503/503
f 499/499 500/500 504/504
f 506/506 499/499 504/504
f 505/505 506/506 504/504
f 509/509 508/508 507/507
f 503/503 504/504 508/508
f 510/510 503/503 508/508
f 509/509 510/510 508/508
f 513/513 512/512 511/511
f 507/507 508/508 512/512
f 514/514 507/507 512/512
f 513/513 514/514 512/512
f 517/517 516/516 515/515
f 511/511 512/512 516/516
f 518/518 511/511 516/516
f 517/517 518/518 516/516
f 521/521 520/520 519/519
f 515/515 516/516 520/520
f 522/522 515/515 520/520
f 521/521 522/522 520/520
f 525/525 524/524 523/523
f 519/519 520/520 524/524
f 526/526 519/519 524/524
f 525/525 526/526 524/524
f 529/529 528/528 527/527
f 523/523 524/524 528/528
f 530/530 523/523 528/528
f 529/529 530/530 528/528
f 533/533 532/532 531/531
f 527/527 528/528 532/532
f 534/534 527/527 532/532
f 533/533 534/534 532/532
f 537/537 536/536 535/535
f 531/531 532/532 536/536
f 538/538 531/531 536/536
f 537/537 538/538 536/536
f 541/541 540/540 539/539
f 535/535 536/536 540/540
f 542/542 535/535 540/540
f 541/541 542/542 540/540
f 545/545 544/544 543/543
f 539/539 540/540 544/544
f 546/546 539/539 544/544
f 545/545 546/546 544/544
f 549/549 548/548 547/547
f 543/543 544/544 548/548
f 550/550 543/543 548/548
f 549/549 550/550 548/548
f 553/553 552/552 551/551
f 547/547 548/548 552/552
f 554/554 547/547 552/552
f 553/553 554/554 552/552
f 557/557 556/556 555/555
f 551/551 552/552 556/556
f 558/558 551/551 556/556
f 557/557 558/558 556/556
f 561/561 560/560 559/559
f 555/555 556/556 560/560
f 562/562 555/555 560/560
f 561/561 562/562 560/560
f 565/565 564/564 563/563
f 559/559 560/560 564/564
f 566/566 559/559 564/564
f 565/565 566/566 564/564
f 569/569 568/568 567/567
f 563/563 564/564 568/568
f 570/570 563/563 568/568
f 569/569 570/570 568/568
f 303/303 571/571 302/302
f 303/303 572/572 571/571
f 302/302 573/573 304/304
f 302/302 571/571 573/573
f 304/304 574/574 305/305
f 304/304 573/573 574/574
f 305/305 575/575 306/306
f 305/305 574/574 575/575
f 306/306 576/576 307/307
f 306/306 575/575 576/576
f 307/307 577/577 308/308
f 307/307 576/576 577/577
f 308/308 578/578 309/309
f 308/308 577/577 578/578
f 309/309 579/579 310/310
f 309/309 578/578 579/579
f 310/310 580/580 311/311
f 310/310 579/579 580/580
f 311/311 581/581 312/312
f 311/311 580/580 581/581
f 312/312 582/582 313/313
f 312/312 581/581 582/582
f 313/313 583/583 314/314
f 313/313 582/582 583/583
f 314/314 584/584 315/315
f 314/314 583/583 584/584
f 315/315 585/585 316/316
f 315/315 584/584 585/585
f 316/316 586/586 317/317
f 316/316 585/585 586/586
f 317/317 587/587 318/318
f 317/317 586/586 587/587
f 318/318 588/588 319/319
f 318/318 587/587 588/588
f 319/319 589/589 320/320
f 319/319 588/588 589/589
f 320/320 590/590 321/321
f 320/320 589/589 590/590
f 321/321 591/591 322/322
f 321/321 590/590 591/591
f 322/322 592/592 323/323
f 322/322 591/591 592/592
f 323/323 593/593 324/324
f 323/323 592/592 593/593
f 324/324 594/594 325/325
f 324/324 593/593 594/594
f 325/325 595/595 326/326
f 325/325 594/594 595/595
f 326/326 596/596 327/327
f 326/326 595/595 596/596
f 327/327 597/597 328/328
f 327/327 596/596 597/597
f 328/328 598/598 329/329
f 328/328 597/597 598/598
f 329/329 599/599 330/330
f 329/329 598/598 599/599
f 330/330 600/600 331/331
f 330/330 599/599 600/600
f 331/331 601/601 332/332
f 331/331 600/600 601/601
f 332/332 602/602 333/333
f 332/332 601/601 602/602
f 333/333 603/603 334/334
f 333/333 602/602 603/603
f 334/334 604/604 335/335
f 334/334 603/603 604/604
f 335/335 605/605 336/336
f 335/335 604/604 605/605
f 336/336 606/606 337/337
f 336/336 605/605 606/606
f 340/340 337/337 607/607
f 608/608 340/340 607/607
f 607/607 337/337 606/606
f 609/609 607/607 606/606
f 611/611 610/610 342/342
f 612/612 611/611 342/342
f 345/345 612/612 342/342
f 613/613 610/610 611/611
f 342/342 614/614 346/346
f 342/342 610/610 614/614
f 346/346 615/615 349/349
f 346/346 614/614 615/615
f 349/349 616/616 350/350
f 349/349 615/615 616/616
f 350/350 617/617 351/351
f 350/350 616/616 617/617
f 351/351 618/618 352/352
f 351/351 617/617 618/618
f 352/352 619/619 353/353
f 352/352 618/618 619/619
f 353/353 620/620 354/354
f 353/353 619/619 620/620
f 354/354 621/621 355/355
f 354/354 620/620 621/621
f 355/355 622/622 356/356
f 355/355 621/621 622/622
f 356/356 623/623 357/357
f 356/356 622/622 623/623
f 357/357 624/624 358/358
f 357/357 623/623 624/624
f 358/358 625/625 359/359
f 358/358 624/624 625/625
f 359/359 626/626 360/360
f 359/359 625/625 626/626
f 360/360 627/627 361/361
f 360/360 626/626 627/627
f 361/361 628/628 362/362
f 361/361 627/627 628/628
f 362/362 629/629 363/363
f 362/362 628/628 629/629
f 363/363 630/630 364/364
f 363/363 629/629 630/630
f 364/364 631/631 365/365
f 364/364 630/630 631/631
f 365/365 632/632 366/366
f 365/365 631/631 632/632
f 366/366 633/633 367/367
f 366/366 632/632 633/633
f 367/367 634/634 368/368
f 367/367 633/633 634/634
f 368/368 635/635 369/369
f 368/368 634/634 635/635
f 369/369 636/636 370/370
f 369/369 635/635 636/636
f 370/370 637/637 371/371
f 370/370 636/636 637/637
f 371/371 638/638 372/372
f 371/371 637/637 638/638
f 372/372 639/639 373/373
f 372/372 638/638 639/639
f 373/373 640/640 374/374
f 373/373 639/639 640/640
f 374/374 641/641 375/375
f 374/374 640/640 641/641
f 375/375 642/642 376/376
f 375/375 641/641 642/642
f 376/376 643/643 377/377
f 376/376 642/642 643/643
f 377/377 644/644 378/378
f 377/377 643/643 644/644
f 378/378 645/645 379/379
f 378/378 644/644 645/645
f 379/379 646/646 380/380
f 379/379 645/645 646/646
f 380/380 647/647 381/381
f 380/380 646/646 647/647
f 381/381 648/648 382/382
f 381/381 647/647 648/648
f 382/382 649/649 383/383
f 382/382 648/648 649/649
f 383/383 650/650 384/384
f 383/383 649/649 650/650
f 384/384 651/651 385/385
f 384/384 650/650 651/651
f 385/385 652/652 388/388
f 385/385 651/651 652/652
f 388/388 653/653 393/393
f 388/388 652/652 653/653
f 393/393 654/654 396/396
f 393/393 653/653 654/654
f 396/396 655/655 398/398
f 396/396 654/654 655/655
f 398/398 656/656 403/403
f 398/398 655/655 656/656
f 403/403 657/657 405/405
f 403/403 656/656 657/657
f 405/405 658/658 410/410
f 405/405 657/657 658/658
f 410/410 659/659 412/412
f 410/410 658/658 659/659
f 412/412 660/660 417/417
f 412/412 659/659 660/660
f 417/417 661/661 421/421
f 417/417 660/660 661/661
f 421/421 662/662 425/425
f 421/421 661/661 662/662
f 425/425 663/663 430/430
f 425/425 662/662 663/663
f 430/430 664/664 432/432
f 430/430 663/663 664/664
f 432/432 665/665 437/437
f 432/432 664/664 665/665
f 437/437 666/666 440/440
f 437/437 665/665 666/666
f 440/440 667/667 442/442
f 440/440 666/666 667/667
f 442/442 668/668 447/447
f 442/442 667/667 668/668
f 447/447 669/669 449/449
f 447/447 668/668 669/669
f 449/449 670/670 453/453
f 449/449 669/669 670/670
f 453/453 671/671 457/457
f 453/453 670/670 671/671
f 457/457 672/672 462/462
f 457/457 671/671 672/672
f 462/462 673/673 465/465
f 462/462 672/672 673/673
f 465/465 674/674 467/467
f 465/465 673/673 674/674
f 467/467 675/675 472/472
f 467/467 674/674 675/675
f 472/472 676/676 475/475
f 472/472 675/675 676/676
f 475/475 677/677 480/480
f 475/475 676/676 677/677
f 480/480 678/678 484/484
f 480/480 677/677 678/678
f 484/484 679/679 488/488
f 484/484 678/678 679/679
f 488/488 680/680 492/492
f 488/488 679/679 680/680
f 492/492 681/681 496/496
f 492/492 680/680 681/681
f 496/496 682/682 500/500
f 496/496 681/681 682/682
f 500/500 683/683 504/504
f 500/500 682/682 683/683
f 504/504 684/684 508/508
f 504/504 683/683 684/684
f 508/508 685/685 512/512
f 508/508 684/684 685/685
f 512/512 686/686 516/516
f 512/512 685/685 686/686
f 516/516 687/687 520/520
f 516/516 686/686 687/687
f 520/520 688/688 524/524
f 520/520 687/687 688/688
f 524/524 689/689 528/528
f 524/524 688/688 689/689
f 528/528 690/690 532/532
f 528/528 689/689 690/690
f 532/532 691/691 536/536
f 532/532 690/690 691/691
f 536/536 692/692 540/540
f 536/536 691/691 692/692
f 540/540 693/693 544/544
f 540/540 692/692 693/693
f 544/544 694/694 548/548
f 544/544 693/693 694/694
f 548/548 695/695 552/552
f 548/548 694/694 695/695
f 552/552 696/696 556/556
f 552/552 695/695 696/696
f 556/556 697/697 560/560
f 556/556 696/696 697/697
f 560/560 698/698 564/564
f 560/560 697/697 698/698
f 564/564 699/699 568/568
f 564/564 698/698 699/699
f 700/700 571/571 572/572
f 701/701 700/700 572/572
f 702/702 701/701 572/572
f 702/702 572/572 703/703
f 704/704 573/573 571/571
f 705/705 704/704 571/571
f 706/706 705/705 571/571
f 706/706 571/571 700/700
f 707/707 574/574 573/573
f 708/708 707/707 573/573
f 709/709 708/708 573/573
f 709/709 573/573 704/704
f 710/710 575/575 574/574
f 711/711 710/710 574/574
f 712/712 711/711 574/574
f 712/712 574/574 707/707
f 713/713 576/576 575/575
f 714/714 713/713 575/575
f 715/715 714/714 575/575
f 715/715 575/575 710/710
f 716/716 577/577 576/576
f 717/717 716/716 576/576
f 718/718 717/717 576/576
f 718/718 576/576 713/713
f 719/719 578/578 577/577
f 720/720 719/719 577/577
f 721/721 720/720 577/577
f 721/721 577/577 716/716
f 722/722 579/579 578/578
f 723/723 722/722 578/578
f 724/724 723/723 578/578
f 724/724 578/578 719/719
f 725/725 580/580 579/579
f 726/726 725/725 579/579
f 727/727 726/726 579/579
f 727/727 579/579 722/722
f 728/728 581/581 580/580
f 729/729 728/728 580/580
f 730/730 729/729 580/580
f 730/730 580/580 725/725
f 731/731 582/582 581/581
f 732/732 731/731 581/581
f 733/733 732/732 581/581
f 733/733 581/581 728/728
f 734/734 583/583 582/582
f 735/735 734/734 582/582
f 736/736 735/735 582/582
f 736/736 582/582 731/731
f 737/737 584/584 583/583
f 738/738 737/737 583/583
f 739/739 738/738 583/583
f 739/739 583/583 734/734
f 740/740 585/585 584/584
f 741/741 740/740 584/584
f 742/742 741/741 584/584
f 742/742 584/584 737/737
f 743/743 586/586 585/585
f 744/744 743/743 585/585
f 745/745 744/744 585/585
f 745/745 585/585 740/740
f 746/746 587/587 586/586
f 747/747 746/746 586/586
f 748/748 747/747 586/586
f 748/748 586/586 743/743
f 749/749 588/588 587/587
f 750/750 749/749 587/587
f 751/751 750/750 587/587
f 751/751 587/587 746/746
f 752/752 589/589 588/588
f 753/753 752/752 588/588
f 754/754 753/753 588/588
f 754/754 588/588 749/749
f 755/755 590/590 589/589
f 756/756 755/755 589/589
f 757/757 756/756 589/589
f 757/757 589/589 752/752
f 758/758 591/591 590/590
f 759/759 758/758 590/590
f 760/760 759/759 590/590
f 760/760 590/590 755/755
f 761/761 592/592 591/591
f 762/762 761/761 591/591
f 763/763 762/762 591/591
f 763/763 591/591 758/758
f 764/764 593/593 592/592
f 765/765 764/764 592/592
f 766/766 765/765 592/592
f 766/766 592/592 761/761
f 767/767 594/594 593/593
f 768/768 767/767 593/593
f 769/769 768/768 593/593
f 769/769 593/593 764/764
f 770/770 595/595 594/594
f 771/771 770/770 594/594
f 772/772 771/771 594/594
f 772/772 594/594 767/767
f 773/773 596/596 595/595
f 774/774 773/773 595/595
f 775/775 774/774 595/595
f 775/775 595/595 770/770
f 776/776 597/597 596/596
f 777/777 776/776 596/596
f 778/778 777/777 596/596
f 778/778 596/596 773/773
f 779/779 598/598 597/597
f 780/780 779/779 597/597
f 781/781 780/780 597/597
f 776/776 781/781 597/597
f 782/782 599/599 598/598
f 783/783 782/782 598/598
f 783/783 598/598 779/779
f 784/784 600/600 599/599
f 785/785 784/784 599/599
f 786/786 785/785 599/599
f 782/782 786/786 599/599
f 787/787 601/601 600/600
f 788/788 787/787 600/600
f 789/789 788/788 600/600
f 784/784 789/789 600/600
f 790/790 602/602 601/601
f 791/791 790/790 601/601
f 791/791 601/601 787/787
f 792/792 603/603 602/602
f 793/793 792/792 602/602
f 794/794 793/793 602/602
f 790/790 794/794 602/602
f 603/603 795/795 604/604
f 796/796 795/795 603/603
f 797/797 796/796 603/603
f 792/792 797/797 603/603
f 604/604 798/798 605/605
f 604/604 795/795 798/798
f 799/799 606/606 605/605
f 800/800 799/799 605/605
f 800/800 605/605 798/798
f 801/801 800/800 798/798
f 609/609 606/606 802/802
f 803/803 609/609 802/802
f 802/802 606/606 799/799
f 804/804 802/802 799/799
f 805/805 610/610 613/613
f 806/806 805/805 613/613
f 610/610 807/807 614/614
f 808/808 807/807 610/610
f 809/809 808/808 610/610
f 805/805 809/809 610/610
f 614/614 810/810 615/615
f 614/614 807/807 810/810
f 615/615 811/811 616/616
f 615/615 810/810 811/811
f 616/616 812/812 617/617
f 616/616 811/811 812/812
f 617/617 813/813 618/618
f 617/617 812/812 813/813
f 618/618 814/814 619/619
f 618/618 813/813 814/814
f 619/619 815/815 620/620
f 619/619 814/814 815/815
f 620/620 816/816 621/621
f 620/620 815/815 816/816
f 621/621 817/817 622/622
f 621/621 816/816 817/817
f 622/622 818/818 623/623
f 622/622 817/817 818/818
f 623/623 819/819 624/624
f 623/623 818/818 819/819
f 624/624 820/820 625/625
f 624/624 819/819 820/820
f 625/625 821/821 626/626
f 625/625 820/820 821/821
f 626/626 822/822 627/627
f 626/626 821/821 822/822
f 627/627 823/823 628/628
f 627/627 822/822 823/823
f 628/628 824/824 629/629
f 628/628 823/823 824/824
f 629/629 825/825 630/630
f 629/629 824/824 825/825
f 630/630 826/826 631/631
f 630/630 825/825 826/826
f 631/631 827/827 632/632
f 631/631 826/826 827/827
f 632/632 828/828 633/633
f 632/632 827/827 828/828
f 633/633 829/829 634/634
f 633/633 828/828 829/829
f 634/634 830/830 635/635
f 634/634 829/829 830/830
f 635/635 831/831 636/636
f 635/635 830/830 831/831
f 636/636 832/832 637/637
f 636/636 831/831 832/832
f 637/637 833/833 638/638
f 637/637 832/832 833/833
f 638/638 834/834 639/639
f 638/638 833/833 834/834
f 639/639 835/835 640/640
f 639/639 834/834 835/835
f 640/640 836/836 641/641
f 640/640 835/835 836/836
f 641/641 837/837 642/642
f 641/641 836/836 837/837
f 642/642 838/838 643/643
f 642/642 837/837 838/838
f 643/643 839/839 644/644
f 643/643 838/838 839/839
f 644/644 840/840 645/645
f 644/644 839/839 840/840
f 645/645 841/841 646/646
f 645/645 840/840 841/841
f 646/646 842/842 647/647
f 646/646 841/841 842/842
f 647/647 843/843 648/648
f 647/647 842/842 843/843
f 648/648 844/844 649/649
f 648/648 843/843 844/844
f 649/649 845/845 650/650
f 649/649 844/844 845/845
f 650/650 846/846 651/651
f 650/650 845/845 846/846
f 651/651 847/847 652/652
f 651/651 846/846 847/847
f 652/652 848/848 653/653
f 652/652 847/847 848/848
f 653/653 849/849 654/654
f 653/653 848/848 849/849
f 654/654 850/850 655/655
f 654/654 849/849 850/850
f 655/655 851/851 656/656
f 655/655 850/850 851/851
f 656/656 852/852 657/657
f 656/656 851/851 852/852
f 657/657 853/853 658/658
f 657/657 852/852 853/853
f 658/658 854/854 659/659
f 658/658 853/853 854/854
f 659/659 855/855 660/660
f 659/659 854/854 855/855
f 660/660 856/856 661/661
f 660/660 855/855 856/856
f 661/661 857/857 662/662
f 661/661 856/856 857/857
f 662/662 858/858 663/663
f 662/662 857/857 858/858
f 663/663 859/859 664/664
f 663/663 858/858 859/859
f 664/664 860/860 665/665
f 664/664 859/859 860/860
f 665/665 861/861 666/666
f 665/665 860/860 861/861
f 666/666 862/862 667/667
f 666/666 861/861 862/862
f 667/667 863/863 668/668
f 667/667 862/862 863/863
f 668/668 864/864 669/669
f 668/668 863/863 864/864
f 669/669 865/865 670/670
f 669/669 864/864 865/865
f 670/670 866/866 671/671
f 670/670 865/865 866/866
f 671/671 867/867 672/672
f 671/671 866/866 867/867
f 672/672 868/868 673/673
f 672/672 867/867 868/868
f 673/673 869/869 674/674
f 673/673 868/868 869/869
f 674/674 870/870 675/675
f 674/674 869/869 870/870
f 675/675 871/871 676/676
f 675/675 870/870 871/871
f 676/676 872/872 677/677
f 676/676 871/871 872/872
f 677/677 873/873 678/678
f 677/677 872/872 873/873
f 678/678 874/874 679/679
f 678/678 873/873 874/874
f 679/679 875/875 680/680
f 679/679 874/874 875/875
f 680/680 876/876 681/681
f 680/680 875/875 876/876
f 681/681 877/877 682/682
f 681/681 876/876 877/877
f 682/682 878/878 683/683
f 682/682 877/877 878/878
f 683/683 879/879 684/684
f 683/683 878/878 879/879
f 684/684 880/880 685/685
f 684/684 879/879 880/880
f 685/685 881/881 686/686
f 685/685 880/880 881/881
f 686/686 882/882 687/687
f 686/686 881/881 882/882
f 687/687 883/883 688/688
f 687/687 882/882 883/883
f 688/688 884/884 689/689
f 688/688 883/883 884/884
f 689/689 885/885 690/690
f 689/689 884/884 885/885
f 690/690 886/886 691/691
f 690/690 885/885 886/886
f 691/691 887/887 692/692
f 691/691 886/886 887/887
f 692/692 888/888 693/693
f 692/692 887/887 888/888
f 693/693 889/889 694/694
f 693/693 888/888 889/889
f 694/694 890/890 695/695
f 694/694 889/889 890/890
f 695/695 891/891 696/696
f 695/695 890/890 891/891
f 696/696 892/892 697/697
f 696/696 891/891 892/892
f 697/697 893/893 698/698
f 697/697 892/892 893/893
f 698/698 894/894 699/699
f 698/698 893/893 894/894
f 895/895 795/795 796/796
f 896/896 895/895 796/796
f 897/897 798/798 795/795
f 898/898 897/897 795/795
f 899/899 898/898 795/795
f 899/899 795/795 895/895
f 801/801 798/798 900/900
f 901/901 801/801 900/900
f 900/900 798/798 897/897
f 902/902 807/807 808/808
f 903/903 810/810 807/807
f 904/904 903/903 807/807
f 905/905 904/904 807/807
f 905/905 807/807 902/902
f 906/906 905/905 902/902
f 907/907 811/811 810/810
f 908/908 907/907 810/810
f 909/909 908/908 810/810
f 909/909 810/810 903/903
f 910/910 812/812 811/811
f 911/911 910/910 811/811
f 912/912 911/911 811/811
f 912/912 811/811 907/907
f 913/913 813/813 812/812
f 914/914 913/913 812/812
f 915/915 914/914 812/812
f 915/915 812/812 910/910
f 916/916 814/814 813/813
f 917/917 916/916 813/813
f 918/918 917/917 813/813
f 918/918 813/813 913/913
f 919/919 815/815 814/814
f 920/920 919/919 814/814
f 921/921 920/920 814/814
f 921/921 814/814 916/916
f 922/922 816/816 815/815
f 923/923 922/922 815/815
f 924/924 923/923 815/815
f 924/924 815/815 919/919
f 925/925 817/817 816/816
f 926/926 925/925 816/816
f 927/927 926/926 816/816
f 927/927 816/816 922/922
f 928/928 818/818 817/817
f 929/929 928/928 817/817
f 930/930 929/929 817/817
f 930/930 817/817 925/925
f 931/931 819/819 818/818
f 932/932 931/931 818/818
f 933/933 932/932 818/818
f 933/933 818/818 928/928
f 934/934 820/820 819/819
f 935/935 934/934 819/819
f 936/936 935/935 819/819
f 936/936 819/819 931/931
f 937/937 821/821 820/820
f 938/938 937/937 820/820
f 939/939 938/938 820/820
f 939/939 820/820 934/934
f 940/940 822/822 821/821
f 941/941 940/940 821/821
f 942/942 941/941 821/821
f 937/937 942/942 821/821
f 943/943 823/823 822/822
f 944/944 943/943 822/822
f 944/944 822/822 940/940
f 945/945 824/824 823/823
f 946/946 945/945 823/823
f 947/947 946/946 823/823
f 943/943 947/947 823/823
f 948/948 825/825 824/824
f 949/949 948/948 824/824
f 950/950 949/949 824/824
f 945/945 950/950 824/824
f 951/951 826/826 825/825
f 952/952 951/951 825/825
f 952/952 825/825 948/948
f 953/953 827/827 826/826
f 954/954 953/953 826/826
f 955/955 954/954 826/826
f 951/951 955/955 826/826
f 956/956 828/828 827/827
f 957/957 956/956 827/827
f 957/957 827/827 953/953
f 958/958 829/829 828/828
f 959/959 958/958 828/828
f 960/960 959/959 828/828
f 956/956 960/960 828/828
f 961/961 830/830 829/829
f 962/962 961/961 829/829
f 962/962 829/829 958/958
f 963/963 831/831 830/830
f 964/964 963/963 830/830
f 964/964 830/830 961/961
f 965/965 832/832 831/831
f 966/966 965/965 831/831
f 967/967 966/966 831/831
f 963/963 967/967 831/831
f 968/968 833/833 832/832
f 969/969 968/968 832/832
f 969/969 832/832 965/965
f 833/833 970/970 834/834
f 971/971 970/970 833/833
f 968/968 971/971 833/833
f 834/834 972/972 835/835
f 834/834 970/970 972/972
f 835/835 973/973 836/836
f 835/835 972/972 973/973
f 836/836 974/974 837/837
f 836/836 973/973 974/974
f 837/837 975/975 838/838
f 837/837 974/974 975/975
f 838/838 976/976 839/839
f 838/838 975/975 976/976
f 839/839 977/977 840/840
f 839/839 976/976 977/977
f 840/840 978/978 841/841
f 840/840 977/977 978/978
f 841/841 979/979 842/842
f 841/841 978/978 979/979
f 842/842 980/980 843/843
f 842/842 979/979 980/980
f 843/843 981/981 844/844
f 843/843 980/980 981/981
f 844/844 982/982 845/845
f 844/844 981/981 982/982
f 845/845 983/983 846/846
f 845/845 982/982 983/983
f 846/846 984/984 847/847
f 846/846 983/983 984/984
f 847/847 985/985 848/848
f 847/847 984/984 985/985
f 848/848 986/986 849/849
f 848/848 985/985 986/986
f 849/849 987/987 850/850
f 849/849 986/986 987/987
f 850/850 988/988 851/851
f 850/850 987/987 988/988
f 851/851 989/989 852/852
f 851/851 988/988 989/989
f 852/852 990/990 853/853
f 852/852 989/989 990/990
f 853/853 991/991 854/854
f 853/853 990/990 991/991
f 854/854 992/992 855/855
f 854/854 991/991 992/992
f 855/855 993/993 856/856
f 855/855 992/992 993/993
f 856/856 994/994 857/857
f 856/856 993/993 994/994
f 857/857 995/995 858/858
f 857/857 994/994 995/995
f 858/858 996/996 859/859
f 858/858 995/995 996/996
f 859/859 997/997 860/860
f 859/859 996/996 997/997
f 860/860 998/998 861/861
f 860/860 997/997 998/998
f 861/861 999/999 862/862
f 861/861 998/998 999/999
f 862/862 1000/1000 863/863
f 862/862 999/999 1000/1000
f 863/863 1001/1001 864/864
f 863/863 1000/1000 1001/1001
f 864/864 1002/1002 865/865
f 864/864 1001/1001 1002/1002
f 865/865 1003/1003 866/866
f 865/865 1002/1002 1003/1003
f 866/866 1004/1004 867/867
f 866/866 1003/1003 1004/1004
f 867/867 1005/1005 868/868
f 867/867 1004/1004 1005/1005
f 868/868 1006/1006 869/869
f 868/868 1005/1005 1006/1006
f 869/869 1007/1007 870/870
f 869/869 1006/1006 1007/1007
f 870/870 1008/1008 871/871
f 870/870 1007/1007 1008/1008
f 871/871 1009/1009 872/872
f 871/871 1008/1008 1009/1009
f 872/872 1010/1010 873/873
f 872/872 1009/1009 1010/1010
f 873/873 1011/1011 874/874
f 873/873 1010/1010 1011/1011
f 874/874 1012/1012 875/875
f 874/874 1011/1011 1012/1012
f 875/875 1013/1013 876/876
f 875/875 1012/1012 1013/1013
f 876/876 1014/1014 877/877
f 876/876 1013/1013 1014/1014
f 877/877 1015/1015 878/878
f 877/877 1014/1014 1015/1015
f 878/878 1016/1016 879/879
f 878/878 1015/1015 1016/1016
f 879/879 1017/1017 880/880
f 879/879 1016/1016 1017/1017
f 880/880 1018/1018 881/881
f 880/880 1017/1017 1018/1018
f 881/881 1019/1019 882/882
f 881/881 1018/1018 1019/1019
f 882/882 1020/1020 883/883
f 882/882 1019/1019 1020/1020
f 883/883 1021/1021 884/884
f 883/883 1020/1020 1021/1021
f 884/884 1022/1022 885/885
f 884/884 1021/1021 1022/1022
f 885/885 1023/1023 886/886
f 885/885 1022/1022 1023/1023
f 886/886 1024/1024 887/887
f 886/886 1023/1023 1024/1024
f 887/887 1025/1025 888/888
f 887/887 1024/1024 1025/1025
f 888/888 1026/1026 889/889
f 888/888 1025/1025 1026/1026
f 889/889 1027/1027 890/890
f 889/889 1026/1026 1027/1027
f 890/890 1028/1028 891/891
f 890/890 1027/1027 1028/1028
f 891/891 1029/1029 892/892
f 891/891 1028/1028 1029/1029
f 892/892 1030/1030 893/893
f 892/892 1029/1029 1030/1030
f 893/893 1031/1031 894/894
f 893/893 1030/1030 1031/1031
f 1033/1033 1032/1032 970/970
f 971/971 1033/1033 970/970
f 1034/1034 972/972 970/970
f 1035/1035 1034/1034 970/970
f 1036/1036 1035/1035 970/970
f 1036/1036 970/970 1032/1032
f 1037/1037 973/973 972/972
f 1038/1038 1037/1037 972/972
f 1039/1039 1038/1038 972/972
f 1039/1039 972/972 1034/1034
f 1040/1040 974/974 973/973
f 1041/1041 1040/1040 973/973
f 1042/1042 1041/1041 973/973
f 1042/1042 973/973 1037/1037
f 1043/1043 975/975 974/974
f 1044/1044 1043/1043 974/974
f 1045/1045 1044/1044 974/974
f 1045/1045 974/974 1040/1040
f 1046/1046 976/976 975/975
f 1047/1047 1046/1046 975/975
f 1048/1048 1047/1047 975/975
f 1048/1048 975/975 1043/1043
f 1049/1049 977/977 976/976
f 1050/1050 1049/1049 976/976
f 1051/1051 1050/1050 976/976
f 1051/1051 976/976 1046/1046
f 1052/1052 978/978 977/977
f 1053/1053 1052/1052 977/977
f 1054/1054 1053/1053 977/977
f 1054/1054 977/977 1049/1049
f 1055/1055 979/979 978/978
f 1056/1056 1055/1055 978/978
f 1057/1057 1056/1056 978/978
f 1057/1057 978/978 1052/1052
f 1058/1058 980/980 979/979
f 1059/1059 1058/1058 979/979
f 1060/1060 1059/1059 979/979
f 1060/1060 979/979 1055/1055
f 1061/1061 981/981 980/980
f 1062/1062 1061/1061 980/980
f 1063/1063 1062/1062 980/980
f 1063/1063 980/980 1058/1058
f 1064/1064 982/982 981/981
f 1065/1065 1064/1064 981/981
f 1066/1066 1065/1065 981/981
f 1066/1066 981/981 1061/1061
f 1067/1067 983/983 982/982
f 1068/1068 1067/1067 982/982
f 1069/1069 1068/1068 982/982
f 1069/1069 982/982 1064/1064
f 1070/1070 984/984 983/983
f 1071/1071 1070/1070 983/983
f 1072/1072 1071/1071 983/983
f 1072/1072 983/983 1067/1067
f 1073/1073 985/985 984/984
f 1074/1074 1073/1073 984/984
f 1075/1075 1074/1074 984/984
f 1075/1075 984/984 1070/1070
f 1076/1076 986/986 985/985
f 1077/1077 1076/1076 985/985
f 1078/1078 1077/1077 985/985
f 1078/1078 985/985 1073/1073
f 1079/1079 987/987 986/986
f 1080/1080 1079/1079 986/986
f 1081/1081 1080/1080 986/986
f 1081/1081 986/986 1076/1076
f 1082/1082 988/988 987/987
f 1083/1083 1082/1082 987/987
f 1084/1084 1083/1083 987/987
f 1084/1084 987/987 1079/1079
f 1085/1085 989/989 988/988
f 1086/1086 1085/1085 988/988
f 1087/1087 1086/1086 988/988
f 1087/1087 988/988 1082/1082
f 1088/1088 990/990 989/989
f 1089/1089 1088/1088 989/989
f 1090/1090 1089/1089 989/989
f 1090/1090 989/989 1085/1085
f 1091/1091 991/991 990/990
f 1092/1092 1091/1091 990/990
f 1093/1093 1092/1092 990/990
f 1093/1093 990/990 1088/1088
f 1094/1094 992/992 991/991
f 1095/1095 1094/1094 991/991
f 1096/1096 1095/1095 991/991
f 1096/1096 991/991 1091/1091
f 1097/1097 993/993 992/992
f 1098/1098 1097/1097 992/992
f 1099/1099 1098/1098 992/992
f 1099/1099 992/992 1094/1094
f 1100/1100 994/994 993/993
f 1101/1101 1100/1100 993/993
f 1102/1102 1101/1101 993/993
f 1102/1102 993/993 1097/1097
f 1103/1103 995/995 994/994
f 1104/1104 1103/1103 994/994
f 1105/1105 1104/1104 994/994
f 1105/1105 994/994 1100/1100
f 1106/1106 996/996 995/995
f 1107/1107 1106/1106 995/995
f 1108/1108 1107/1107 995/995
f 1108/1108 995/995 1103/1103
f 1109/1109 997/997 996/996
f 1110/1110 1109/1109 996/996
f 1111/1111 1110/1110 996/996
f 1111/1111 996/996 1106/1106
f 1112/1112 998/998 997/997
f 1113/1113 1112/1112 997/997
f 1114/1114 1113/1113 997/997
f 1114/1114 997/997 1109/1109
f 1115/1115 999/999 998/998
f 1116/1116 1115/1115 998/998
f 1117/1117 1116/1116 998/998
f 1117/1117 998/998 1112/1112
f 1118/1118 1000/1000 999/999
f 1119/1119 1118/1118 999/999
f 1120/1120 1119/1119 999/999
f 1120/1120 999/999 1115/1115
f 1121/1121 1001/1001 1000/1000
f 1122/1122 1121/1121 1000/1000
f 1122/1122 1000/1000 1118/1118
f 1123/1123 1002/1002 1001/1001
f 1124/1124 1123/1123 1001/1001
f 1124/1124 1001/1001 1121/1121
f 1125/1125 1003/1003 1002/1002
f 1126/1126 1125/1125 1002/1002
f 1126/1126 1002/1002 1123/1123
f 1127/1127 1004/1004 1003/1003
f 1128/1128 1127/1127 1003/1003
f 1129/1129 1128/1128 1003/1003
f 1125/1125 1129/1129 1003/1003
f 1130/1130 1005/1005 1004/1004
f 1131/1131 1130/1130 1004/1004
f 1131/1131 1004/1004 1127/1127
f 1132/1132 1006/1006 1005/1005
f 1133/1133 1132/1132 1005/1005
f 1134/1134 1133/1133 1005/1005
f 1130/1130 1134/1134 1005/1005
f 1135/1135 1007/1007 1006/1006
f 1136/1136 1135/1135 1006/1006
f 1136/1136 1006/1006 1132/1132
f 1137/1137 1008/1008 1007/1007
f 1138/1138 1137/1137 1007/1007
f 1139/1139 1138/1138 1007/1007
f 1135/1135 1139/1139 1007/1007
f 1140/1140 1009/1009 1008/1008
f 1141/1141 1140/1140 1008/1008
f 1141/1141 1008/1008 1137/1137
f 1142/1142 1010/1010 1009/1009
f 1143/1143 1142/1142 1009/1009
f 1144/1144 1143/1143 1009/1009
f 1140/1140 1144/1144 1009/1009
f 1145/1145 1011/1011 1010/1010
f 1146/1146 1145/1145 1010/1010
f 1146/1146 1010/1010 1142/1142
f 1147/1147 1012/1012 1011/1011
f 1148/1148 1147/1147 1011/1011
f 1149/1149 1148/1148 1011/1011
f 1145/1145 1149/1149 1011/1011
f 1150/1150 1013/1013 1012/1012
f 1151/1151 1150/1150 1012/1012
f 1151/1151 1012/1012 1147/1147
f 1152/1152 1014/1014 1013/1013
f 1153/1153 1152/1152 1013/1013
f 1153/1153 1013/1013 1150/1150
f 1154/1154 1015/1015 1014/1014
f 1155/1155 1154/1154 1014/1014
f 1156/1156 1155/1155 1014/1014
f 1152/1152 1156/1156 1014/1014
f 1157/1157 1016/1016 1015/1015
f 1158/1158 1157/1157 1015/1015
f 1158/1158 1015/1015 1154/1154
f 1159/1159 1017/1017 1016/1016
f 1160/1160 1159/1159 1016/1016
f 1161/1161 1160/1160 1016/1016
f 1157/1157 1161/1161 1016/1016
f 1162/1162 1018/1018 1017/1017
f 1163/1163 1162/1162 1017/1017
f 1164/1164 1163/1163 1017/1017
f 1159/1159 1164/1164 1017/1017
f 1165/1165 1019/1019 1018/1018
f 1166/1166 1165/1165 1018/1018
f 1166/1166 1018/1018 1162/1162
f 1167/1167 1020/1020 1019/1019
f 1168/1168 1167/1167 1019/1019
f 1169/1169 1168/1168 1019/1019
f 1165/1165 1169/1169 1019/1019
f 1170/1170 1021/1021 1020/1020
f 1171/1171 1170/1170 1020/1020
f 1172/1172 1171/1171 1020/1020
f 1167/1167 1172/1172 1020/1020
f 1173/1173 1022/1022 1021/1021
f 1174/1174 1173/1173 1021/1021
f 1174/1174 1021/1021 1170/1170
f 1175/1175 1023/1023 1022/1022
f 1176/1176 1175/1175 1022/1022
f 1177/1177 1176/1176 1022/1022
f 1173/1173 1177/1177 1022/1022
f 1023/1023 1178/1178 1024/1024
f 1179/1179 1178/1178 1023/1023
f 1180/1180 1179/1179 1023/1023
f 1175/1175 1180/1180 1023/1023
f 1024/1024 1181/1181 1025/1025
f 1024/1024 1178/1178 1181/1181
f 1025/1025 1182/1182 1026/1026
f 1025/1025 1181/1181 1182/1182
f 1026/1026 1183/1183 1027/1027
f 1026/1026 1182/1182 1183/1183
f 1027/1027 1184/1184 1028/1028
f 1027/1027 1183/1183 1184/1184
f 1028/1028 1185/1185 1029/1029
f 1028/1028 1184/1184 1185/1185
f 1029/1029 1186/1186 1030/1030
f 1029/1029 1185/1185 1186/1186
f 1030/1030 1187/1187 1031/1031
f 1030/1030 1186/1186 1187/1187
f 1188/1188 1178/1178 1179/1179
f 1189/1189 1181/1181 1178/1178
f 1190/1190 1189/1189 1178/1178
f 1191/1191 1190/1190 1178/1178
f 1191/1191 1178/1178 1188/1188
f 1192/1192 1182/1182 1181/1181
f 1193/1193 1192/1192 1181/1181
f 1194/1194 1193/1193 1181/1181
f 1194/1194 1181/1181 1189/1189
f 1195/1195 1183/1183 1182/1182
f 1196/1196 1195/1195 1182/1182
f 1197/1197 1196/1196 1182/1182
f 1197/1197 1182/1182 1192/1192
f 1198/1198 1184/1184 1183/1183
f 1199/1199 1198/1198 1183/1183
f 1200/1200 1199/1199 1183/1183
f 1200/1200 1183/1183 1195/1195
f 1201/1201 1185/1185 1184/1184
f 1202/1202 1201/1201 1184/1184
f 1203/1203 1202/1202 1184/1184
f 1203/1203 1184/1184 1198/1198
f 1204/1204 1186/1186 1185/1185
f 1205/1205 1204/1204 1185/1185
f 1206/1206 1205/1205 1185/1185
f 1206/1206 1185/1185 1201/1201
f 1207/1207 1187/1187 1186/1186
f 1208/1208 1207/1207 1186/1186
f 1209/1209 1208/1208 1186/1186
f 1209/1209 1186/1186 1204/1204
f 1212/1212 1211/1211 1210/1210
f 1213/1213 1211/1211 1212/1212
f 1214/1214 1213/1213 1212/1212
f 1217/1217 1216/1216 1215/1215
f 1210/1210 1211/1211 1216/1216
f 1218/1218 1210/1210 1216/1216
f 1217/1217 1218/1218 1216/1216
f 1221/1221 1220/1220 1219/1219
f 1215/1215 1216/1216 1220/1220
f 1222/1222 1215/1215 1220/1220
f 1221/1221 1222/1222 1220/1220
f 1225/1225 1224/1224 1223/1223
f 1219/1219 1220/1220 1224/1224
f 1226/1226 1219/1219 1224/1224
f 1225/1225 1226/1226 1224/1224
f 1223/1223 1224/1224 1227/1227
f 1229/1229 1228/1228 1211/1211
f 1213/1213 1229/1229 1211/1211
f 1230/1230 1228/1228 1229/1229
f 1231/1231 1230/1230 1229/1229
f 1211/1211 1232/1232 1216/1216
f 1211/1211 1228/1228 1232/1232
f 1216/1216 1233/1233 1220/1220
f 1216/1216 1232/1232 1233/1233
f 1220/1220 1234/1234 1224/1224
f 1220/1220 1233/1233 1234/1234
f 1227/1227 1224/1224 1235/1235
f 1236/1236 1227/1227 1235/1235
f 1237/1237 1236/1236 1235/1235
f 1224/1224 1234/1234 1235/1235
f 1240/1240 1239/1239 1238/1238
f 1241/1241 1240/1240 1238/1238
f 1237/1237 1235/1235 1238/1238
f 1242/1242 1237/1237 1238/1238
f 1239/1239 1242/1242 1238/1238
f 1245/1245 1244/1244 1243/1243
f 1241/1241 1238/1238 1244/1244
f 1246/1246 1241/1241 1244/1244
f 1245/1245 1246/1246 1244/1244
f 1243/1243 1244/1244 1247/1247
f 1249/1249 1248/1248 1228/1228
f 1230/1230 1249/1249 1228/1228
f 1250/1250 1248/1248 1249/1249
f 1251/1251 1250/1250 1249/1249
f 1228/1228 1252/1252 1232/1232
f 1228/1228 1248/1248 1252/1252
f 1232/1232 1253/1253 1233/1233
f 1232/1232 1252/1252 1253/1253
f 1233/1233 1254/1254 1234/1234
f 1233/1233 1253/1253 1254/1254
f 1234/1234 1255/1255 1235/1235
f 1234/1234 1254/1254 1255/1255
f 1235/1235 1256/1256 1238/1238
f 1235/1235 1255/1255 1256/1256
f 1238/1238 1257/1257 1244/1244
f 1238/1238 1256/1256 1257/1257
f 1247/1247 1244/1244 1258/1258
f 1259/1259 1247/1247 1258/1258
f 1260/1260 1259/1259 1258/1258
f 1244/1244 1257/1257 1258/1258
f 1263/1263 1262/1262 1261/1261
f 1260/1260 1258/1258 1262/1262
f 1263/1263 1260/1260 1262/1262
f 1266/1266 1265/1265 1264/1264
f 1261/1261 1262/1262 1265/1265
f 1267/1267 1261/1261 1265/1265
f 1266/1266 1267/1267 1265/1265
f 1264/1264 1265/1265 1268/1268
f 1269/1269 1264/1264 1268/1268
f 1271/1271 1270/1270 1248/1248
f 1272/1272 1271/1271 1248/1248
f 1250/1250 1272/1272 1248/1248
f 1273/1273 1270/1270 1271/1271
f 1274/1274 1273/1273 1271/1271
f 1248/1248 1275/1275 1252/1252
f 1248/1248 1270/1270 1275/1275
f 1252/1252 1276/1276 1253/1253
f 1252/1252 1275/1275 1276/1276
f 1253/1253 1277/1277 1254/1254
f 1253/1253 1276/1276 1277/1277
f 1254/1254 1278/1278 1255/1255
f 1254/1254 1277/1277 1278/1278
f 1255/1255 1279/1279 1256/1256
f 1255/1255 1278/1278 1279/1279
f 1256/1256 1280/1280 1257/1257
f 1256/1256 1279/1279 1280/1280
f 1257/1257 1281/1281 1258/1258
f 1257/1257 1280/1280 1281/1281
f 1258/1258 1282/1282 1262/1262
f 1258/1258 1281/1281 1282/1282
f 1262/1262 1283/1283 1265/1265
f 1262/1262 1282/1282 1283/1283
f 1268/1268 1265/1265 1284/1284
f 1285/1285 1268/1268 1284/1284
f 1286/1286 1285/1285 1284/1284
f 1265/1265 1283/1283 1284/1284
f 1289/1289 1288/1288 1287/1287
f 1286/1286 1284/1284 1288/1288
f 1290/1290 1286/1286 1288/1288
f 1289/1289 1290/1290 1288/1288
f 1293/1293 1292/1292 1291/1291
f 1287/1287 1288/1288 1292/1292
f 1294/1294 1287/1287 1292/1292
f 1295/1295 1294/1294 1292/1292
f 1293/1293 1295/1295 1292/1292
f 1291/1291 1292/1292 1296/1296
f 1297/1297 1270/1270 1273/1273
f 1298/1298 1275/1275 1270/1270
f 1299/1299 1298/1298 1270/1270
f 1300/1300 1299/1299 1270/1270
f 1300/1300 1270/1270 1297/1297
f 1301/1301 1276/1276 1275/1275
f 1302/1302 1301/1301 1275/1275
f 1303/1303 1302/1302 1275/1275
f 1304/1304 1303/1303 1275/1275
f 1298/1298 1304/1304 1275/1275
f 1276/1276 1305/1305 1277/1277
f 1306/1306 1305/1305 1276/1276
f 1301/1301 1306/1306 1276/1276
f 1277/1277 1307/1307 1278/1278
f 1277/1277 1305/1305 1307/1307
f 1278/1278 1308/1308 1279/1279
f 1278/1278 1307/1307 1308/1308
f 1279/1279 1309/1309 1280/1280
f 1279/1279 1308/1308 1309/1309
f 1280/1280 1310/1310 1281/1281
f 1280/1280 1309/1309 1310/1310
f 1281/1281 1311/1311 1282/1282
f 1281/1281 1310/1310 1311/1311
f 1282/1282 1312/1312 1283/1283
f 1282/1282 1311/1311 1312/1312
f 1283/1283 1313/1313 1284/1284
f 1283/1283 1312/1312 1313/1313
f 1284/1284 1314/1314 1288/1288
f 1284/1284 1313/1313 1314/1314
f 1288/1288 1315/1315 1292/1292
f 1288/1288 1314/1314 1315/1315
f 1296/1296 1292/1292 1316/1316
f 1317/1317 1296/1296 1316/1316
f 1318/1318 1317/1317 1316/1316
f 1292/1292 1315/1315 1316/1316
f 1321/1321 1320/1320 1319/1319
f 1318/1318 1316/1316 1320/1320
f 1322/1322 1318/1318 1320/1320
f 1321/1321 1322/1322 1320/1320
f 1319/1319 1320/1320 1323/1323
f 1324/1324 1319/1319 1323/1323
f 1325/1325 1324/1324 1323/1323
f 1326/1326 1305/1305 1306/1306
f 1327/1327 1307/1307 1305/1305
f 1328/1328 1327/1327 1305/1305
f 1329/1329 1328/1328 1305/1305
f 1329/1329 1305/1305 1326/1326
f 1330/1330 1329/1329 1326/1326
f 1307/1307 1331/1331 1308/1308
f 1332/1332 1331/1331 1307/1307
f 1333/1333 1332/1332 1307/1307
f 1327/1327 1333/1333 1307/1307
f 1308/1308 1334/1334 1309/1309
f 1308/1308 1331/1331 1334/1334
f 1309/1309 1335/1335 1310/1310
f 1309/1309 1334/1334 1335/1335
f 1310/1310 1336/1336 1311/1311
f 1310/1310 1335/1335 1336/1336
f 1311/1311 1337/1337 1312/1312
f 1311/1311 1336/1336 1337/1337
f 1312/1312 1338/1338 1313/1313
f 1312/1312 1337/1337 1338/1338
f 1313/1313 1339/1339 1314/1314
f 1313/1313 1338/1338 1339/1339
f 1314/1314 1340/1340 1315/1315
f 1314/1314 1339/1339 1340/1340
f 1315/1315 1341/1341 1316/1316
f 1315/1315 1340/1340 1341/1341
f 1316/1316 1342/1342 1320/1320
f 1316/1316 1341/1341 1342/1342
f 1323/1323 1320/1320 1343/1343
f 1344/1344 1323/1323 1343/1343
f 1320/1320 1342/1342 1343/1343
f 1347/1347 1346/1346 1345/1345
f 1348/1348 1347/1347 1345/1345
f 1344/1344 1343/1343 1345/1345
f 1349/1349 1344/1344 1345/1345
f 1346/1346 1349/1349 1345/1345
f 1348/1348 1345/1345 1350/1350
f 1351/1351 1331/1331 1332/1332
f 1352/1352 1334/1334 1331/1331
f 1353/1353 1352/1352 1331/1331
f 1354/1354 1353/1353 1331/1331
f 1354/1354 1331/1331 1351/1351
f 1355/1355 1335/1335 1334/1334
f 1356/1356 1355/1355 1334/1334
f 1357/1357 1356/1356 1334/1334
f 1352/1352 1357/1357 1334/1334
f 1358/1358 1336/1336 1335/1335
f 1359/1359 1358/1358 1335/1335
f 1360/1360 1359/1359 1335/1335
f 1355/1355 1360/1360 1335/1335
f 1336/1336 1361/1361 1337/1337
f 1362/1362 1361/1361 1336/1336
f 1363/1363 1362/1362 1336/1336
f 1358/1358 1363/1363 1336/1336
f 1337/1337 1364/1364 1338/1338
f 1337/1337 1361/1361 1364/1364
f 1338/1338 1365/1365 1339/1339
f 1338/1338 1364/1364 1365/1365
f 1339/1339 1366/1366 1340/1340
f 1339/1339 1365/1365 1366/1366
f 1340/1340 1367/1367 1341/1341
f 1340/1340 1366/1366 1367/1367
f 1341/1341 1368/1368 1342/1342
f 1341/1341 1367/1367 1368/1368
f 1342/1342 1369/1369 1343/1343
f 1342/1342 1368/1368 1369/1369
f 1343/1343 1370/1370 1345/1345
f 1343/1343 1369/1369 1370/1370
f 1350/1350 1345/1345 1371/1371
f 1372/1372 1350/1350 1371/1371
f 1373/1373 1372/1372 1371/1371
f 1345/1345 1370/1370 1371/1371
f 1374/1374 1373/1373 1371/1371
f 1375/1375 1374/1374 1371/1371
f 1376/1376 1361/1361 1362/1362
f 1377/1377 1364/1364 1361/1361
f 1378/1378 1377/1377 1361/1361
f 1379/1379 1378/1378 1361/1361
f 1379/1379 1361/1361 1376/1376
f 1364/1364 1380/1380 1365/1365
f 1381/1381 1380/1380 1364/1364
f 1382/1382 1381/1381 1364/1364
f 1377/1377 1382/1382 1364/1364
f 1365/1365 1383/1383 1366/1366
f 1365/1365 1380/1380 1383/1383
f 1366/1366 1384/1384 1367/1367
f 1366/1366 1383/1383 1384/1384
f 1367/1367 1385/1385 1368/1368
f 1367/1367 1384/1384 1385/1385
f 1368/1368 1386/1386 1369/1369
f 1368/1368 1385/1385 1386/1386
f 1369/1369 1387/1387 1370/1370
f 1369/1369 1386/1386 1387/1387
f 1370/1370 1388/1388 1371/1371
f 1370/1370 1387/1387 1388/1388
f 1375/1375 1371/1371 1389/1389
f 1390/1390 1375/1375 1389/1389
f 1371/1371 1388/1388 1389/1389
f 1393/1393 1392/1392 1391/1391
f 1394/1394 1393/1393 1391/1391
f 1390/1390 1389/1389 1392/1392
f 1395/1395 1390/1390 1392/1392
f 1393/1393 1395/1395 1392/1392
f 1391/1391 1392/1392 1396/1396
f 1397/1397 1380/1380 1381/1381
f 1398/1398 1383/1383 1380/1380
f 1399/1399 1398/1398 1380/1380
f 1400/1400 1399/1399 1380/1380
f 1401/1401 1400/1400 1380/1380
f 1401/1401 1380/1380 1397/1397
f 1402/1402 1384/1384 1383/1383
f 1403/1403 1402/1402 1383/1383
f 1404/1404 1403/1403 1383/1383
f 1398/1398 1404/1404 1383/1383
f 1384/1384 1405/1405 1385/1385
f 1406/1406 1405/1405 1384/1384
f 1407/1407 1406/1406 1384/1384
f 1402/1402 1407/1407 1384/1384
f 1385/1385 1408/1408 1386/1386
f 1385/1385 1405/1405 1408/1408
f 1386/1386 1409/1409 1387/1387
f 1386/1386 1408/1408 1409/1409
f 1387/1387 1410/1410 1388/1388
f 1387/1387 1409/1409 1410/1410
f 1388/1388 1411/1411 1389/1389
f 1388/1388 1410/1410 1411/1411
f 1389/1389 1412/1412 1392/1392
f 1389/1389 1411/1411 1412/1412
f 1396/1396 1392/1392 1413/1413
f 1414/1414 1396/1396 1413/1413
f 1415/1415 1414/1414 1413/1413
f 1392/1392 1412/1412 1413/1413
f 1415/1415 1413/1413 1416/1416
f 1417/1417 1405/1405 1406/1406
f 1405/1405 1418/1418 1408/1408
f 1419/1419 1418/1418 1405/1405
f 1420/1420 1419/1419 1405/1405
f 1417/1417 1420/1420 1405/1405
f 1408/1408 1421/1421 1409/1409
f 1408/1408 1418/1418 1421/1421
f 1409/1409 1422/1422 1410/1410
f 1409/1409 1421/1421 1422/1422
f 1410/1410 1423/1423 1411/1411
f 1410/1410 1422/1422 1423/1423
f 1411/1411 1424/1424 1412/1412
f 1411/1411 1423/1423 1424/1424
f 1412/1412 1425/1425 1413/1413
f 1412/1412 1424/1424 1425/1425
f 1416/1416 1413/1413 1426/1426
f 1427/1427 1416/1416 1426/1426
f 1428/1428 1427/1427 1426/1426
f 1413/1413 1425/1425 1426/1426
f 1428/1428 1426/1426 1429/1429
f 1430/1430 1418/1418 1419/1419
f 1432/1432 1431/1431 1421/1421
f 1433/1433 1432/1432 1421/1421
f 1418/1418 1433/1433 1421/1421
f 1433/1433 1418/1418 1430/1430
f 1421/1421 1434/1434 1422/1422
f 1435/1435 1434/1434 1421/1421
f 1431/1431 1435/1435 1421/1421
f 1422/1422 1436/1436 1423/1423
f 1422/1422 1434/1434 1436/1436
f 1423/1423 1437/1437 1424/1424
f 1423/1423 1436/1436 1437/1437
f 1424/1424 1438/1438 1425/1425
f 1424/1424 1437/1437 1438/1438
f 1425/1425 1439/1439 1426/1426
f 1425/1425 1438/1438 1439/1439
f 1429/1429 1426/1426 1440/1440
f 1441/1441 1429/1429 1440/1440
f 1442/1442 1441/1441 1440/1440
f 1426/1426 1439/1439 1440/1440
f 1442/1442 1440/1440 1443/1443
f 1444/1444 1442/1442 1443/1443
f 1446/1446 1445/1445 1434/1434
f 1447/1447 1446/1446 1434/1434
f 1435/1435 1447/1447 1434/1434
f 1434/1434 1448/1448 1436/1436
f 1449/1449 1448/1448 1434/1434
f 1445/1445 1449/1449 1434/1434
f 1436/1436 1450/1450 1437/1437
f 1436/1436 1448/1448 1450/1450
f 1437/1437 1451/1451 1438/1438
f 1437/1437 1450/1450 1451/1451
f 1438/1438 1452/1452 1439/1439
f 1438/1438 1451/1451 1452/1452
f 1439/1439 1453/1453 1440/1440
f 1439/1439 1452/1452 1453/1453
f 1443/1443 1440/1440 1454/1454
f 1455/1455 1443/1443 1454/1454
f 1454/1454 1440/1440 1453/1453
f 1456/1456 1454/1454 1453/1453
f 1458/1458 1457/1457 1448/1448
f 1449/1449 1458/1458 1448/1448
f 1448/1448 1459/1459 1450/1450
f 1460/1460 1459/1459 1448/1448
f 1461/1461 1460/1460 1448/1448
f 1457/1457 1461/1461 1448/1448
f 1450/1450 1462/1462 1451/1451
f 1450/1450 1459/1459 1462/1462
f 1451/1451 1463/1463 1452/1452
f 1451/1451 1462/1462 1463/1463
f 1452/1452 1464/1464 1453/1453
f 1452/1452 1463/1463 1464/1464
f 1456/1456 1453/1453 1465/1465
f 1466/1466 1456/1456 1465/1465
f 1465/1465 1453/1453 1464/1464
f 1467/1467 1465/1465 1464/1464
f 1468/1468 1467/1467 1464/1464
f 1469/1469 1459/1459 1460/1460
f 1459/1459 1470/1470 1462/1462
f 1471/1471 1470/1470 1459/1459
f 1472/1472 1471/1471 1459/1459
f 1469/1469 1472/1472 1459/1459
f 1462/1462 1473/1473 1463/1463
f 1462/1462 1470/1470 1473/1473
f 1474/1474 1464/1464 1463/1463
f 1475/1475 1474/1474 1463/1463
f 1475/1475 1463/1463 1473/1473
f 1476/1476 1475/1475 1473/1473
f 1468/1468 1464/1464 1477/1477
f 1477/1477 1464/1464 1474/1474
f 1478/1478 1477/1477 1474/1474
f 1479/1479 1470/1470 1471/1471
f 1482/1482 1481/1481 1480/1480
f 1483/1483 1481/1481 1482/1482
f 1484/1484 1483/1483 1482/1482
f 1487/1487 1486/1486 1485/1485
f 1470/1470 1488/1488 1487/1487
f 1473/1473 1470/1470 1487/1487
f 1485/1485 1473/1473 1487/1487
f 1488/1488 1470/1470 1479/1479
f 1489/1489 1488/1488 1479/1479
f 1480/1480 1481/1481 1485/1485
f 1490/1490 1480/1480 1485/1485
f 1486/1486 1490/1490 1485/1485
f 1491/1491 1476/1476 1473/1473
f 1492/1492 1491/1491 1473/1473
f 1494/1494 1493/1493 1492/1492
f 1495/1495 1494/1494 1492/1492
f 1473/1473 1495/1495 1492/1492
f 1473/1473 1485/1485 1495/1495
f 1494/1494 1495/1495 1496/1496
f 1497/1497 1494/1494 1496/1496
f 1500/1500 1499/1499 1498/1498
f 1501/1501 1500/1500 1498/1498
f 1502/1502 1498/1498 1499/1499
f 1504/1504 1503/1503 1481/1481
f 1483/1483 1504/1504 1481/1481
f 1501/1501 1498/1498 1503/1503
f 1504/1504 1501/1501 1503/1503
f 1481/1481 1505/1505 1485/1485
f 1481/1481 1503/1503 1505/1505
f 1485/1485 1506/1506 1495/1495
f 1485/1485 1505/1505 1506/1506
f 1496/1496 1495/1495 1507/1507
f 1508/1508 1496/1496 1507/1507
f 1509/1509 1508/1508 1507/1507
f 1495/1495 1506/1506 1507/1507
f 1509/1509 1507/1507 1510/1510
f 1513/1513 1512/1512 1511/1511
f 1515/1515 1514/1514 1512/1512
f 1513/1513 1515/1515 1512/1512
f 1517/1517 1516/1516 1498/1498
f 1518/1518 1517/1517 1498/1498
f 1502/1502 1518/1518 1498/1498
f 1511/1511 1512/1512 1516/1516
f 1517/1517 1511/1511 1516/1516
f 1498/1498 1519/1519 1503/1503
f 1498/1498 1516/1516 1519/1519
f 1503/1503 1520/1520 1505/1505
f 1503/1503 1519/1519 1520/1520
f 1505/1505 1521/1521 1506/1506
f 1505/1505 1520/1520 1521/1521
f 1522/1522 1507/1507 1506/1506
f 1523/1523 1522/1522 1506/1506
f 1524/1524 1523/1523 1506/1506
f 1524/1524 1506/1506 1521/1521
f 1525/1525 1524/1524 1521/1521
f 1510/1510 1507/1507 1526/1526
f 1527/1527 1510/1510 1526/1526
f 1526/1526 1507/1507 1522/1522
f 1530/1530 1529/1529 1528/1528
f 1531/1531 1529/1529 1530/1530
f 1533/1533 1532/1532 1512/1512
f 1514/1514 1533/1533 1512/1512
f 1528/1528 1529/1529 1532/1532
f 1533/1533 1528/1528 1532/1532
f 1512/1512 1534/1534 1516/1516
f 1512/1512 1532/1532 1534/1534
f 1516/1516 1535/1535 1519/1519
f 1516/1516 1534/1534 1535/1535
f 1519/1519 1536/1536 1520/1520
f 1519/1519 1535/1535 1536/1536
f 1520/1520 1537/1537 1521/1521
f 1520/1520 1536/1536 1537/1537
f 1525/1525 1521/1521 1538/1538
f 1538/1538 1521/1521 1537/1537
f 1539/1539 1538/1538 1537/1537
f 1540/1540 1539/1539 1537/1537
f 1543/1543 1542/1542 1541/1541
f 1544/1544 1542/1542 1543/1543
f 1546/1546 1545/1545 1529/1529
f 1547/1547 1546/1546 1529/1529
f 1531/1531 1547/1547 1529/1529
f 1541/1541 1542/1542 1545/1545
f 1546/1546 1541/1541 1545/1545
f 1529/1529 1548/1548 1532/1532
f 1529/1529 1545/1545 1548/1548
f 1532/1532 1549/1549 1534/1534
f 1532/1532 1548/1548 1549/1549
f 1534/1534 1550/1550 1535/1535
f 1534/1534 1549/1549 1550/1550
f 1535/1535 1551/1551 1536/1536
f 1535/1535 1550/1550 1551/1551
f 1552/1552 1537/1537 1536/1536
f 1553/1553 1552/1552 1536/1536
f 1554/1554 1553/1553 1536/1536
f 1554/1554 1536/1536 1551/1551
f 1555/1555 1554/1554 1551/1551
f 1556/1556 1555/1555 1551/1551
f 1540/1540 1537/1537 1557/1557
f 1557/1557 1537/1537 1552/1552
f 1560/1560 1559/1559 1558/1558
f 1561/1561 1560/1560 1558/1558
f 1562/1562 1561/1561 1558/1558
f 1563/1563 1559/1559 1560/1560
f 1565/1565 1564/1564 1542/1542
f 1544/1544 1565/1565 1542/1542
f 1558/1558 1559/1559 1564/1564
f 1565/1565 1558/1558 1564/1564
f 1542/1542 1566/1566 1545/1545
f 1542/1542 1564/1564 1566/1566
f 1545/1545 1567/1567 1548/1548
f 1545/1545 1566/1566 1567/1567
f 1548/1548 1568/1568 1549/1549
f 1548/1548 1567/1567 1568/1568
f 1549/1549 1569/1569 1550/1550
f 1549/1549 1568/1568 1569/1569
f 1570/1570 1551/1551 1550/1550
f 1571/1571 1570/1570 1550/1550
f 1571/1571 1550/1550 1569/1569
f 1572/1572 1571/1571 1569/1569
f 1573/1573 1572/1572 1569/1569
f 1556/1556 1551/1551 1574/1574
f 1574/1574 1551/1551 1570/1570
f 1577/1577 1576/1576 1575/1575
f 1578/1578 1576/1576 1577/1577
f 1580/1580 1579/1579 1559/1559
f 1563/1563 1580/1580 1559/1559
f 1575/1575 1576/1576 1579/1579
f 1581/1581 1575/1575 1579/1579
f 1580/1580 1581/1581 1579/1579
f 1559/1559 1582/1582 1564/1564
f 1559/1559 1579/1579 1582/1582
f 1564/1564 1583/1583 1566/1566
f 1564/1564 1582/1582 1583/1583
f 1566/1566 1584/1584 1567/1567
f 1566/1566 1583/1583 1584/1584
f 1567/1567 1585/1585 1568/1568
f 1567/1567 1584/1584 1585/1585
f 1586/1586 1569/1569 1568/1568
f 1587/1587 1586/1586 1568/1568
f 1588/1588 1587/1587 1568/1568
f 1588/1588 1568/1568 1585/1585
f 1589/1589 1588/1588 1585/1585
f 1590/1590 1589/1589 1585/1585
f 1573/1573 1569/1569 1591/1591
f 1591/1591 1569/1569 1586/1586
f 1593/1593 1592/1592 1576/1576
f 1594/1594 1593/1593 1576/1576
f 1578/1578 1594/1594 1576/1576
f 1595/1595 1592/1592 1593/1593
f 1576/1576 1596/1596 1579/1579
f 1576/1576 1592/1592 1596/1596
f 1579/1579 1597/1597 1582/1582
f 1579/1579 1596/1596 1597/1597
f 1582/1582 1598/1598 1583/1583
f 1582/1582 1597/1597 1598/1598
f 1583/1583 1599/1599 1584/1584
f 1583/1583 1598/1598 1599/1599
f 1600/1600 1585/1585 1584/1584
f 1601/1601 1600/1600 1584/1584
f 1601/1601 1584/1584 1599/1599
f 1602/1602 1601/1601 1599/1599
f 1603/1603 1602/1602 1599/1599
f 1590/1590 1585/1585 1604/1604
f 1604/1604 1585/1585 1600/1600
f 1607/1607 1606/1606 1605/1605
f 1608/1608 1607/1607 1605/1605
f 1609/1609 1605/1605 1606/1606
f 1611/1611 1610/1610 1592/1592
f 1595/1595 1611/1611 1592/1592
f 1608/1608 1605/1605 1610/1610
f 1611/1611 1608/1608 1610/1610
f 1592/1592 1612/1612 1596/1596
f 1592/1592 1610/1610 1612/1612
f 1596/1596 1613/1613 1597/1597
f 1596/1596 1612/1612 1613/1613
f 1597/1597 1614/1614 1598/1598
f 1597/1597 1613/1613 1614/1614
f 1615/1615 1599/1599 1598/1598
f 1616/1616 1615/1615 1598/1598
f 1616/1616 1598/1598 1614/1614
f 1617/1617 1616/1616 1614/1614
f 1618/1618 1617/1617 1614/1614
f 1603/1603 1599/1599 1619/1619
f 1620/1620 1619/1619 1599/1599
f 1615/1615 1620/1620 1599/1599
f 1623/1623 1622/1622 1621/1621
f 1624/1624 1622/1622 1623/1623
f 1625/1625 1624/1624 1623/1623
f 1627/1627 1626/1626 1605/1605
f 1628/1628 1627/1627 1605/1605
f 1609/1609 1628/1628 1605/1605
f 1621/1621 1622/1622 1626/1626
f 1627/1627 1621/1621 1626/1626
f 1605/1605 1629/1629 1610/1610
f 1605/1605 1626/1626 1629/1629
f 1610/1610 1630/1630 1612/1612
f 1610/1610 1629/1629 1630/1630
f 1612/1612 1631/1631 1613/1613
f 1612/1612 1630/1630 1631/1631
f 1632/1632 1614/1614 1613/1613
f 1633/1633 1632/1632 1613/1613
f 1633/1633 1613/1613 1631/1631
f 1634/1634 1633/1633 1631/1631
f 1618/1618 1614/1614 1635/1635
f 1636/1636 1635/1635 1614/1614
f 1632/1632 1636/1636 1614/1614
f 1638/1638 1637/1637 1622/1622
f 1624/1624 1638/1638 1622/1622
f 1639/1639 1637/1637 1638/1638
f 1640/1640 1639/1639 1638/1638
f 1622/1622 1641/1641 1626/1626
f 1622/1622 1637/1637 1641/1641
f 1626/1626 1642/1642 1629/1629
f 1626/1626 1641/1641 1642/1642
f 1629/1629 1643/1643 1630/1630
f 1629/1629 1642/1642 1643/1643
f 1630/1630 1644/1644 1631/1631
f 1630/1630 1643/1643 1644/1644
f 1634/1634 1631/1631 1645/1645
f 1645/1645 1631/1631 1644/1644
f 1646/1646 1645/1645 1644/1644
f 1647/1647 1646/1646 1644/1644
f 1649/1649 1648/1648 1637/1637
f 1639/1639 1649/1649 1637/1637
f 1651/1651 1650/1650 1648/1648
f 1649/1649 1651/1651 1648/1648
f 1637/1637 1652/1652 1641/1641
f 1637/1637 1648/1648 1652/1652
f 1641/1641 1653/1653 1642/1642
f 1641/1641 1652/1652 1653/1653
f 1642/1642 1654/1654 1643/1643
f 1642/1642 1653/1653 1654/1654
f 1655/1655 1644/1644 1643/1643
f 1656/1656 1655/1655 1643/1643
f 1657/1657 1656/1656 1643/1643
f 1657/1657 1643/1643 1654/1654
f 1658/1658 1657/1657 1654/1654
f 1659/1659 1658/1658 1654/1654
f 1647/1647 1644/1644 1660/1660
f 1660/1660 1644/1644 1655/1655
f 1663/1663 1662/1662 1661/1661
f 1665/1665 1664/1664 1662/1662
f 1663/1663 1665/1665 1662/1662
f 1667/1667 1666/1666 1648/1648
f 1650/1650 1667/1667 1648/1648
f 1661/1661 1662/1662 1666/1666
f 1668/1668 1661/1661 1666/1666
f 1667/1667 1668/1668 1666/1666
f 1648/1648 1669/1669 1652/1652
f 1648/1648 1666/1666 1669/1669
f 1652/1652 1670/1670 1653/1653
f 1652/1652 1669/1669 1670/1670
f 1653/1653 1671/1671 1654/1654
f 1653/1653 1670/1670 1671/1671
f 1659/1659 1654/1654 1672/1672
f 1672/1672 1654/1654 1671/1671
f 1673/1673 1672/1672 1671/1671
f 1674/1674 1673/1673 1671/1671
